λ(nm)	Spec1	Spec2	Spec3	Spec4	Spec5	Spec6	Spec7	Spec8	Spec9	Spec10	Spec11	Spec12	Spec13	Spec14	Spec15	Spec16	Spec17	Spec18	Spec19	Spec20
187.98	68.0	71.0	66.0	70.0	73.0	66.0	72.0	75.0	76.0	67.0	75.0	68.0	67.0	105.0	70.0	69.0	94.0	63.0	76.0	76.0
188.07	71.0	77.0	68.0	72.0	73.0	70.0	74.0	76.0	68.0	68.0	80.0	68.0	75.0	102.0	70.0	72.0	96.0	62.0	73.0	74.0
188.161	69.0	80.0	69.0	68.0	73.0	72.0	70.0	74.0	67.0	74.0	71.0	65.0	73.0	103.0	73.0	74.0	97.0	65.0	77.0	70.0
188.252	67.0	76.0	68.0	74.0	75.0	72.0	68.0	70.0	74.0	70.0	76.0	74.0	74.0	108.0	72.0	73.0	104.0	68.0	75.0	72.0
188.343	66.0	76.0	78.0	69.0	71.0	70.0	70.0	74.0	73.0	70.0	77.0	71.0	74.0	103.0	70.0	68.0	100.0	69.0	74.0	74.0
188.434	71.0	69.0	72.0	74.0	73.0	72.0	74.0	72.0	73.0	69.0	73.0	70.0	73.0	103.0	71.0	70.0	94.0	70.0	72.0	70.0
188.525	241.0	248.0	243.0	241.0	243.0	239.0	235.0	233.0	229.0	234.0	247.0	236.0	238.0	271.0	245.0	235.0	267.0	241.0	237.0	238.0
188.615	78.0	80.0	76.0	76.0	83.0	78.0	76.0	87.0	80.0	74.0	91.0	80.0	81.0	116.0	82.0	80.0	110.0	82.0	80.0	87.0
188.706	75.0	74.0	69.0	73.0	74.0	62.0	71.0	79.0	77.0	76.0	72.0	73.0	73.0	105.0	77.0	76.0	101.0	66.0	75.0	74.0
188.797	76.0	79.0	78.0	71.0	79.0	74.0	76.0	79.0	68.0	71.0	73.0	71.0	73.0	105.0	79.0	79.0	102.0	67.0	76.0	77.0
188.888	71.0	75.0	68.0	70.0	72.0	72.0	60.0	80.0	74.0	68.0	78.0	65.0	72.0	103.0	76.0	65.0	97.0	74.0	74.0	70.0
188.979	64.0	72.0	69.0	70.0	75.0	69.0	72.0	69.0	76.0	72.0	74.0	76.0	66.0	111.0	68.0	71.0	101.0	67.0	71.0	75.0
189.07	68.0	75.0	73.0	72.0	68.0	76.0	71.0	78.0	76.0	78.0	75.0	70.0	73.0	100.0	70.0	71.0	96.0	72.0	72.0	75.0
189.161	68.0	70.0	70.0	74.0	73.0	74.0	70.0	77.0	74.0	69.0	74.0	72.0	68.0	106.0	73.0	66.0	94.0	71.0	74.0	79.0
189.252	71.0	77.0	71.0	70.0	72.0	71.0	78.0	81.0	74.0	71.0	75.0	74.0	78.0	107.0	79.0	78.0	100.0	73.0	77.0	72.0
189.343	70.0	80.0	70.0	70.0	70.0	71.0	68.0	79.0	74.0	65.0	78.0	68.0	71.0	105.0	73.0	76.0	104.0	70.0	70.0	75.0
189.434	70.0	80.0	71.0	72.0	76.0	71.0	64.0	80.0	77.0	66.0	76.0	73.0	71.0	105.0	70.0	76.0	100.0	70.0	78.0	74.0
189.525	75.0	75.0	72.0	71.0	81.0	74.0	68.0	76.0	76.0	76.0	76.0	69.0	72.0	102.0	66.0	73.0	92.0	70.0	72.0	75.0
189.616	72.0	74.0	71.0	73.0	78.0	70.0	68.0	76.0	71.0	74.0	72.0	68.0	70.0	107.0	75.0	73.0	99.0	67.0	69.0	70.0
189.708	72.0	77.0	69.0	70.0	75.0	67.0	73.0	72.0	70.0	72.0	79.0	66.0	66.0	108.0	76.0	74.0	96.0	70.0	75.0	73.0
189.799	66.0	74.0	70.0	67.0	74.0	67.0	72.0	71.0	71.0	68.0	71.0	70.0	65.0	103.0	70.0	71.0	95.0	63.0	72.0	70.0
189.89	71.0	72.0	70.0	72.0	70.0	72.0	71.0	76.0	76.0	75.0	66.0	71.0	69.0	104.0	67.0	73.0	101.0	72.0	77.0	73.0
189.981	67.0	72.0	69.0	72.0	71.0	74.0	67.0	79.0	68.0	68.0	75.0	64.0	72.0	102.0	69.0	78.0	103.0	69.0	70.0	78.0
190.072	77.0	83.0	79.0	74.0	81.0	75.0	82.0	81.0	76.0	77.0	91.0	73.0	77.0	113.0	86.0	80.0	108.0	76.0	79.0	83.0
190.163	65.0	76.0	74.0	66.0	78.0	69.0	72.0	75.0	74.0	71.0	75.0	72.0	75.0	108.0	69.0	74.0	102.0	72.0	77.0	68.0
190.255	66.0	74.0	68.0	74.0	72.0	71.0	77.0	72.0	80.0	76.0	76.0	68.0	77.0	99.0	74.0	67.0	95.0	64.0	75.0	69.0
190.346	73.0	78.0	72.0	74.0	73.0	73.0	66.0	81.0	68.0	69.0	81.0	65.0	66.0	102.0	73.0	74.0	97.0	73.0	73.0	70.0
190.437	68.0	78.0	75.0	70.0	74.0	70.0	65.0	78.0	71.0	70.0	77.0	64.0	68.0	104.0	74.0	72.0	102.0	71.0	73.0	75.0
190.528	72.0	78.0	73.0	72.0	75.0	79.0	73.0	81.0	77.0	69.0	79.0	75.0	76.0	108.0	69.0	80.0	95.0	73.0	78.0	78.0
190.62	77.0	73.0	78.0	78.0	75.0	76.0	71.0	82.0	76.0	79.0	72.0	70.0	72.0	110.0	77.0	69.0	100.0	74.0	80.0	78.0
190.711	70.0	74.0	75.0	71.0	76.0	67.0	76.0	74.0	70.0	71.0	80.0	65.0	76.0	98.0	71.0	71.0	102.0	70.0	73.0	76.0
190.802	70.0	78.0	72.0	62.0	74.0	73.0	71.0	75.0	71.0	66.0	78.0	70.0	79.0	104.0	75.0	70.0	101.0	70.0	78.0	73.0
190.894	74.0	77.0	80.0	72.0	74.0	74.0	74.0	74.0	73.0	71.0	79.0	68.0	74.0	112.0	77.0	78.0	98.0	74.0	82.0	76.0
190.985	74.0	69.0	73.0	72.0	76.0	74.0	74.0	73.0	75.0	75.0	72.0	69.0	65.0	104.0	68.0	70.0	96.0	69.0	75.0	70.0
191.076	73.0	76.0	75.0	69.0	78.0	74.0	69.0	76.0	72.0	74.0	77.0	66.0	67.0	101.0	78.0	74.0	96.0	70.0	77.0	72.0
191.168	72.0	75.0	70.0	70.0	77.0	73.0	76.0	77.0	74.0	68.0	77.0	72.0	66.0	102.0	73.0	77.0	97.0	75.0	78.0	73.0
191.259	78.0	82.0	86.0	85.0	80.0	72.0	81.0	83.0	84.0	81.0	85.0	82.0	79.0	110.0	82.0	82.0	106.0	86.0	85.0	83.0
191.35	74.0	71.0	75.0	73.0	80.0	72.0	66.0	79.0	77.0	72.0	72.0	69.0	73.0	107.0	71.0	74.0	100.0	64.0	81.0	71.0
191.442	68.0	74.0	66.0	75.0	74.0	72.0	73.0	77.0	74.0	72.0	80.0	72.0	75.0	104.0	79.0	74.0	101.0	63.0	74.0	75.0
191.533	71.0	78.0	73.0	68.0	78.0	79.0	79.0	76.0	78.0	72.0	80.0	69.0	73.0	104.0	74.0	74.0	106.0	72.0	77.0	74.0
191.625	75.0	73.0	73.0	67.0	78.0	68.0	69.0	76.0	79.0	72.0	78.0	72.0	80.0	103.0	77.0	78.0	100.0	78.0	78.0	73.0
191.716	76.0	79.0	80.0	78.0	72.0	80.0	76.0	80.0	73.0	74.0	72.0	70.0	77.0	106.0	72.0	76.0	101.0	68.0	80.0	79.0
191.808	79.0	80.0	65.0	70.0	72.0	76.0	73.0	74.0	73.0	72.0	74.0	66.0	69.0	104.0	73.0	69.0	97.0	69.0	77.0	71.0
191.899	67.0	74.0	74.0	66.0	75.0	71.0	70.0	74.0	72.0	70.0	79.0	71.0	69.0	108.0	73.0	70.0	97.0	70.0	77.0	72.0
191.991	69.0	75.0	78.0	64.0	71.0	68.0	72.0	78.0	73.0	72.0	82.0	71.0	78.0	103.0	71.0	72.0	94.0	77.0	71.0	72.0
192.082	72.0	76.0	75.0	65.0	70.0	74.0	70.0	71.0	74.0	71.0	71.0	68.0	75.0	105.0	69.0	73.0	99.0	71.0	75.0	72.0
192.174	71.0	77.0	77.0	75.0	74.0	74.0	76.0	73.0	74.0	78.0	76.0	69.0	74.0	110.0	77.0	73.0	104.0	75.0	79.0	77.0
192.266	74.0	78.0	73.0	73.0	75.0	68.0	77.0	78.0	72.0	71.0	77.0	72.0	74.0	105.0	72.0	76.0	98.0	72.0	76.0	75.0
192.357	81.0	80.0	80.0	79.0	80.0	76.0	72.0	81.0	82.0	77.0	87.0	76.0	79.0	113.0	83.0	79.0	103.0	81.0	87.0	79.0
192.449	69.0	74.0	76.0	68.0	68.0	73.0	72.0	81.0	71.0	75.0	76.0	69.0	73.0	106.0	77.0	71.0	101.0	65.0	71.0	76.0
192.541	74.0	75.0	67.0	69.0	70.0	71.0	68.0	88.0	68.0	73.0	81.0	71.0	69.0	100.0	70.0	68.0	103.0	76.0	70.0	72.0
192.632	73.0	72.0	68.0	67.0	75.0	73.0	67.0	78.0	70.0	72.0	69.0	71.0	68.0	109.0	75.0	74.0	101.0	73.0	73.0	72.0
192.724	66.0	72.0	74.0	72.0	72.0	73.0	73.0	75.0	73.0	71.0	76.0	76.0	71.0	102.0	69.0	68.0	98.0	72.0	71.0	78.0
192.816	73.0	74.0	77.0	68.0	75.0	71.0	71.0	77.0	74.0	71.0	70.0	77.0	74.0	108.0	76.0	71.0	98.0	69.0	81.0	76.0
192.907	74.0	78.0	76.0	74.0	73.0	69.0	78.0	83.0	71.0	73.0	75.0	73.0	74.0	102.0	71.0	76.0	108.0	72.0	82.0	77.0
192.999	67.0	77.0	72.0	66.0	78.0	73.0	70.0	78.0	68.0	70.0	75.0	72.0	72.0	112.0	73.0	79.0	104.0	71.0	73.0	70.0
193.091	75.0	78.0	75.0	70.0	82.0	68.0	74.0	82.0	68.0	73.0	73.0	71.0	74.0	108.0	71.0	72.0	102.0	70.0	84.0	74.0
193.183	70.0	71.0	72.0	69.0	72.0	75.0	68.0	79.0	72.0	75.0	71.0	72.0	74.0	99.0	72.0	68.0	99.0	64.0	71.0	72.0
193.274	68.0	76.0	74.0	73.0	75.0	78.0	69.0	76.0	70.0	71.0	78.0	65.0	75.0	104.0	74.0	73.0	98.0	71.0	73.0	65.0
193.366	68.0	79.0	69.0	74.0	76.0	71.0	69.0	77.0	71.0	70.0	80.0	69.0	72.0	110.0	71.0	76.0	98.0	74.0	76.0	73.0
193.458	70.0	77.0	75.0	66.0	74.0	67.0	74.0	69.0	69.0	68.0	79.0	69.0	72.0	107.0	72.0	74.0	101.0	72.0	79.0	71.0
193.55	72.0	72.0	74.0	72.0	65.0	75.0	77.0	78.0	78.0	74.0	64.0	71.0	75.0	106.0	73.0	78.0	96.0	70.0	75.0	76.0
193.642	67.0	77.0	74.0	73.0	72.0	72.0	70.0	78.0	73.0	75.0	76.0	68.0	75.0	112.0	72.0	68.0	101.0	68.0	77.0	74.0
193.734	75.0	75.0	79.0	68.0	84.0	75.0	73.0	79.0	71.0	74.0	79.0	72.0	73.0	106.0	81.0	74.0	101.0	74.0	68.0	74.0
193.825	72.0	77.0	77.0	73.0	76.0	71.0	70.0	75.0	75.0	70.0	75.0	76.0	67.0	105.0	74.0	75.0	100.0	68.0	70.0	70.0
193.917	76.0	78.0	72.0	73.0	73.0	69.0	67.0	72.0	70.0	69.0	72.0	64.0	75.0	107.0	75.0	70.0	97.0	63.0	78.0	76.0
194.009	73.0	76.0	77.0	77.0	74.0	71.0	77.0	85.0	77.0	71.0	75.0	62.0	75.0	107.0	78.0	65.0	103.0	74.0	74.0	75.0
194.101	69.0	78.0	69.0	70.0	77.0	74.0	66.0	77.0	73.0	70.0	76.0	70.0	62.0	108.0	72.0	73.0	100.0	74.0	73.0	69.0
194.193	67.0	80.0	72.0	70.0	72.0	72.0	73.0	72.0	72.0	70.0	77.0	70.0	74.0	105.0	71.0	72.0	101.0	71.0	73.0	68.0
194.285	73.0	75.0	70.0	72.0	71.0	69.0	75.0	78.0	74.0	72.0	72.0	73.0	76.0	110.0	68.0	77.0	93.0	70.0	75.0	77.0
194.377	78.0	77.0	79.0	78.0	77.0	71.0	68.0	77.0	74.0	71.0	78.0	70.0	73.0	108.0	74.0	73.0	102.0	75.0	72.0	69.0
194.469	69.0	78.0	71.0	69.0	80.0	77.0	70.0	80.0	71.0	71.0	83.0	72.0	69.0	108.0	77.0	74.0	98.0	70.0	68.0	72.0
194.561	74.0	79.0	69.0	70.0	77.0	70.0	75.0	76.0	75.0	68.0	77.0	67.0	68.0	108.0	74.0	75.0	95.0	69.0	77.0	76.0
194.653	74.0	70.0	76.0	72.0	80.0	72.0	78.0	78.0	70.0	70.0	74.0	72.0	73.0	103.0	81.0	72.0	101.0	65.0	75.0	70.0
194.745	73.0	76.0	74.0	70.0	74.0	69.0	72.0	78.0	72.0	74.0	81.0	60.0	74.0	103.0	74.0	75.0	101.0	72.0	76.0	72.0
194.837	73.0	79.0	70.0	66.0	76.0	75.0	67.0	77.0	73.0	69.0	74.0	63.0	65.0	99.0	73.0	73.0	105.0	71.0	76.0	73.0
194.929	72.0	80.0	74.0	70.0	72.0	70.0	67.0	72.0	72.0	71.0	77.0	69.0	71.0	104.0	73.0	69.0	93.0	71.0	76.0	71.0
195.022	67.0	74.0	72.0	71.0	74.0	72.0	70.0	78.0	76.0	70.0	74.0	70.0	72.0	110.0	71.0	70.0	98.0	71.0	76.0	77.0
195.114	72.0	78.0	74.0	73.0	77.0	74.0	74.0	74.0	69.0	77.0	75.0	66.0	70.0	106.0	71.0	74.0	98.0	75.0	77.0	76.0
195.206	67.0	80.0	76.0	69.0	73.0	72.0	66.0	74.0	72.0	65.0	77.0	71.0	72.0	100.0	76.0	74.0	98.0	71.0	72.0	71.0
195.298	71.0	74.0	72.0	64.0	82.0	70.0	70.0	76.0	71.0	67.0	82.0	69.0	71.0	104.0	72.0	74.0	99.0	69.0	77.0	77.0
195.39	76.0	73.0	72.0	82.0	79.0	73.0	73.0	80.0	78.0	72.0	80.0	76.0	72.0	109.0	78.0	77.0	104.0	70.0	79.0	76.0
195.482	74.0	73.0	73.0	74.0	78.0	76.0	76.0	77.0	66.0	74.0	76.0	67.0	70.0	103.0	72.0	76.0	103.0	67.0	77.0	77.0
195.575	74.0	76.0	74.0	70.0	76.0	68.0	66.0	80.0	74.0	69.0	80.0	68.0	64.0	101.0	71.0	75.0	102.0	78.0	75.0	69.0
195.667	73.0	79.0	78.0	72.0	75.0	73.0	72.0	79.0	79.0	75.0	78.0	73.0	66.0	108.0	74.0	71.0	98.0	72.0	80.0	70.0
195.759	70.0	75.0	72.0	71.0	71.0	74.0	70.0	79.0	71.0	68.0	76.0	66.0	70.0	103.0	70.0	71.0	98.0	72.0	81.0	78.0
195.851	79.0	79.0	83.0	76.0	80.0	78.0	77.0	82.0	76.0	76.0	72.0	71.0	82.0	108.0	81.0	76.0	105.0	75.0	78.0	74.0
195.944	75.0	75.0	72.0	67.0	76.0	72.0	71.0	74.0	72.0	73.0	75.0	67.0	66.0	103.0	74.0	70.0	102.0	71.0	65.0	73.0
196.036	75.0	72.0	76.0	66.0	77.0	72.0	79.0	76.0	76.0	70.0	75.0	67.0	71.0	107.0	81.0	74.0	98.0	75.0	75.0	75.0
196.128	74.0	75.0	71.0	73.0	74.0	67.0	71.0	74.0	72.0	70.0	79.0	66.0	66.0	106.0	74.0	76.0	97.0	70.0	74.0	72.0
196.221	73.0	76.0	74.0	72.0	77.0	67.0	84.0	82.0	77.0	73.0	75.0	71.0	64.0	98.0	67.0	66.0	97.0	72.0	76.0	80.0
196.313	75.0	75.0	73.0	77.0	83.0	81.0	73.0	83.0	77.0	83.0	85.0	73.0	75.0	108.0	75.0	84.0	103.0	75.0	77.0	81.0
196.405	69.0	72.0	69.0	66.0	77.0	72.0	69.0	78.0	68.0	76.0	77.0	74.0	69.0	105.0	75.0	72.0	93.0	74.0	76.0	76.0
196.498	71.0	69.0	70.0	69.0	71.0	69.0	69.0	73.0	75.0	75.0	76.0	65.0	76.0	105.0	71.0	72.0	97.0	70.0	74.0	76.0
196.59	92.0	95.0	92.0	92.0	94.0	95.0	88.0	96.0	91.0	93.0	93.0	84.0	92.0	124.0	92.0	87.0	119.0	90.0	100.0	96.0
196.682	76.0	78.0	72.0	72.0	75.0	76.0	68.0	76.0	71.0	69.0	78.0	68.0	68.0	104.0	76.0	69.0	99.0	73.0	77.0	82.0
196.775	71.0	79.0	65.0	63.0	75.0	73.0	69.0	74.0	76.0	63.0	79.0	66.0	69.0	108.0	74.0	74.0	96.0	73.0	73.0	71.0
196.867	73.0	79.0	76.0	69.0	79.0	67.0	70.0	77.0	76.0	71.0	78.0	72.0	76.0	110.0	70.0	75.0	93.0	64.0	72.0	76.0
196.96	70.0	78.0	70.0	72.0	74.0	74.0	74.0	76.0	63.0	70.0	78.0	71.0	71.0	105.0	74.0	77.0	97.0	68.0	77.0	80.0
197.052	71.0	80.0	71.0	74.0	73.0	69.0	71.0	75.0	75.0	70.0	75.0	67.0	77.0	102.0	76.0	74.0	99.0	78.0	77.0	69.0
197.145	75.0	82.0	75.0	74.0	76.0	76.0	74.0	78.0	75.0	72.0	79.0	73.0	77.0	105.0	82.0	74.0	99.0	77.0	82.0	71.0
197.237	71.0	74.0	72.0	70.0	68.0	71.0	71.0	78.0	71.0	71.0	76.0	70.0	77.0	109.0	69.0	73.0	98.0	74.0	68.0	71.0
197.33	78.0	74.0	80.0	76.0	75.0	72.0	72.0	79.0	76.0	73.0	77.0	75.0	73.0	110.0	75.0	76.0	105.0	75.0	75.0	80.0
197.422	73.0	79.0	77.0	70.0	79.0	74.0	68.0	78.0	73.0	68.0	73.0	74.0	71.0	104.0	72.0	70.0	100.0	70.0	73.0	67.0
197.515	70.0	75.0	71.0	67.0	77.0	72.0	72.0	74.0	67.0	72.0	78.0	74.0	68.0	106.0	79.0	76.0	98.0	78.0	76.0	74.0
197.608	68.0	74.0	71.0	67.0	80.0	67.0	63.0	76.0	77.0	75.0	78.0	71.0	73.0	102.0	80.0	69.0	95.0	70.0	80.0	69.0
197.7	69.0	75.0	76.0	78.0	73.0	70.0	70.0	74.0	69.0	76.0	79.0	68.0	78.0	102.0	78.0	73.0	106.0	60.0	72.0	74.0
197.793	74.0	75.0	73.0	72.0	79.0	71.0	71.0	84.0	72.0	76.0	80.0	69.0	71.0	107.0	81.0	83.0	103.0	72.0	78.0	76.0
197.886	72.0	82.0	74.0	74.0	75.0	80.0	70.0	83.0	73.0	76.0	87.0	72.0	74.0	114.0	77.0	79.0	95.0	76.0	73.0	73.0
197.978	72.0	76.0	73.0	74.0	70.0	77.0	71.0	75.0	78.0	72.0	79.0	70.0	80.0	108.0	69.0	77.0	102.0	71.0	88.0	71.0
198.071	76.0	80.0	76.0	77.0	79.0	73.0	74.0	80.0	81.0	76.0	77.0	74.0	80.0	109.0	76.0	74.0	104.0	78.0	81.0	79.0
198.164	74.0	77.0	69.0	73.0	74.0	67.0	77.0	79.0	70.0	77.0	78.0	66.0	73.0	111.0	78.0	70.0	99.0	72.0	71.0	78.0
198.256	77.0	85.0	76.0	72.0	83.0	80.0	74.0	80.0	75.0	78.0	85.0	79.0	80.0	112.0	81.0	80.0	104.0	81.0	76.0	83.0
198.349	76.0	81.0	78.0	72.0	78.0	74.0	73.0	82.0	86.0	75.0	81.0	76.0	77.0	113.0	80.0	81.0	108.0	71.0	80.0	83.0
198.442	75.0	80.0	75.0	71.0	78.0	68.0	72.0	84.0	76.0	73.0	76.0	69.0	74.0	107.0	74.0	70.0	104.0	69.0	82.0	78.0
198.534	69.0	73.0	77.0	74.0	80.0	70.0	69.0	80.0	74.0	71.0	75.0	62.0	65.0	105.0	76.0	71.0	107.0	65.0	78.0	75.0
198.627	74.0	79.0	74.0	73.0	80.0	77.0	77.0	81.0	77.0	72.0	79.0	71.0	71.0	106.0	72.0	78.0	93.0	79.0	80.0	74.0
198.72	71.0	87.0	77.0	67.0	77.0	74.0	75.0	76.0	74.0	70.0	77.0	74.0	74.0	107.0	70.0	71.0	97.0	74.0	78.0	75.0
198.813	73.0	70.0	75.0	70.0	73.0	72.0	73.0	77.0	76.0	81.0	73.0	68.0	69.0	106.0	78.0	65.0	97.0	70.0	70.0	72.0
198.906	75.0	72.0	75.0	68.0	79.0	71.0	68.0	78.0	74.0	74.0	72.0	71.0	72.0	105.0	75.0	66.0	102.0	69.0	75.0	76.0
198.999	75.0	79.0	78.0	72.0	79.0	72.0	74.0	80.0	74.0	70.0	75.0	67.0	73.0	110.0	78.0	79.0	99.0	76.0	76.0	80.0
199.091	74.0	76.0	73.0	76.0	74.0	69.0	65.0	76.0	71.0	67.0	76.0	71.0	69.0	104.0	73.0	80.0	101.0	73.0	76.0	76.0
199.184	77.0	83.0	77.0	78.0	73.0	69.0	74.0	73.0	70.0	73.0	78.0	72.0	74.0	101.0	73.0	74.0	101.0	66.0	80.0	71.0
199.277	73.0	73.0	73.0	72.0	80.0	74.0	69.0	77.0	78.0	71.0	79.0	67.0	69.0	97.0	79.0	71.0	104.0	75.0	76.0	69.0
199.37	76.0	80.0	72.0	73.0	85.0	76.0	72.0	82.0	80.0	73.0	81.0	74.0	72.0	109.0	77.0	78.0	102.0	80.0	73.0	73.0
199.463	70.0	83.0	69.0	71.0	69.0	65.0	71.0	72.0	72.0	75.0	76.0	71.0	70.0	106.0	70.0	78.0	101.0	71.0	74.0	79.0
199.556	73.0	80.0	72.0	74.0	76.0	74.0	70.0	74.0	77.0	75.0	75.0	70.0	72.0	107.0	77.0	69.0	109.0	75.0	75.0	79.0
199.649	74.0	79.0	67.0	71.0	78.0	69.0	68.0	84.0	73.0	81.0	76.0	73.0	72.0	101.0	75.0	71.0	102.0	76.0	77.0	71.0
199.742	71.0	76.0	73.0	64.0	72.0	75.0	70.0	82.0	72.0	70.0	75.0	68.0	73.0	104.0	75.0	72.0	97.0	72.0	78.0	72.0
199.835	73.0	70.0	76.0	73.0	76.0	70.0	74.0	80.0	74.0	68.0	76.0	70.0	74.0	111.0	74.0	71.0	101.0	73.0	73.0	70.0
199.928	77.0	80.0	74.0	78.0	75.0	66.0	70.0	70.0	79.0	70.0	82.0	75.0	75.0	105.0	76.0	70.0	99.0	65.0	82.0	69.0
200.021	69.0	76.0	74.0	74.0	69.0	70.0	72.0	77.0	74.0	74.0	77.0	66.0	67.0	104.0	71.0	76.0	94.0	69.0	71.0	79.0
200.114	73.0	80.0	73.0	74.0	80.0	79.0	68.0	80.0	80.0	72.0	81.0	75.0	64.0	107.0	71.0	77.0	96.0	73.0	83.0	78.0
200.207	66.0	80.0	70.0	71.0	74.0	76.0	75.0	76.0	71.0	70.0	82.0	71.0	76.0	109.0	75.0	78.0	102.0	75.0	76.0	74.0
200.3	71.0	75.0	70.0	72.0	75.0	71.0	72.0	79.0	69.0	71.0	76.0	68.0	73.0	111.0	75.0	73.0	104.0	72.0	75.0	71.0
200.393	74.0	74.0	72.0	72.0	76.0	71.0	73.0	81.0	69.0	73.0	71.0	70.0	72.0	103.0	72.0	70.0	102.0	68.0	76.0	75.0
200.486	70.0	78.0	75.0	72.0	78.0	76.0	73.0	80.0	69.0	70.0	76.0	68.0	74.0	103.0	75.0	75.0	100.0	72.0	70.0	76.0
200.58	73.0	76.0	80.0	72.0	75.0	80.0	74.0	80.0	78.0	72.0	80.0	71.0	80.0	108.0	75.0	73.0	105.0	73.0	79.0	74.0
200.673	74.0	74.0	76.0	71.0	75.0	65.0	73.0	74.0	77.0	72.0	76.0	77.0	76.0	100.0	71.0	68.0	101.0	66.0	75.0	73.0
200.766	68.0	77.0	71.0	68.0	76.0	70.0	69.0	76.0	75.0	71.0	79.0	69.0	72.0	94.0	72.0	70.0	96.0	69.0	74.0	74.0
200.859	71.0	78.0	73.0	76.0	77.0	74.0	69.0	76.0	77.0	74.0	81.0	70.0	69.0	106.0	73.0	75.0	102.0	77.0	72.0	72.0
200.952	63.0	76.0	73.0	71.0	72.0	71.0	74.0	78.0	70.0	73.0	78.0	64.0	70.0	101.0	75.0	73.0	92.0	71.0	75.0	74.0
201.045	66.0	77.0	71.0	74.0	71.0	71.0	68.0	75.0	74.0	74.0	76.0	67.0	70.0	104.0	72.0	69.0	99.0	71.0	77.0	82.0
201.139	75.0	77.0	74.0	70.0	76.0	77.0	75.0	75.0	73.0	71.0	81.0	71.0	70.0	105.0	78.0	72.0	107.0	73.0	75.0	70.0
201.232	76.0	81.0	76.0	71.0	78.0	74.0	73.0	80.0	68.0	68.0	77.0	77.0	70.0	105.0	78.0	73.0	101.0	76.0	73.0	73.0
201.325	71.0	77.0	71.0	69.0	75.0	76.0	72.0	75.0	73.0	64.0	75.0	71.0	71.0	111.0	77.0	68.0	100.0	75.0	78.0	72.0
201.418	72.0	76.0	70.0	72.0	75.0	74.0	73.0	74.0	80.0	78.0	74.0	73.0	78.0	106.0	79.0	74.0	104.0	67.0	72.0	74.0
201.512	77.0	77.0	73.0	71.0	72.0	75.0	80.0	78.0	71.0	79.0	81.0	68.0	76.0	105.0	80.0	71.0	105.0	73.0	76.0	77.0
201.605	68.0	80.0	65.0	70.0	84.0	76.0	66.0	80.0	70.0	72.0	77.0	63.0	68.0	103.0	76.0	74.0	96.0	70.0	74.0	74.0
201.698	72.0	86.0	76.0	77.0	74.0	75.0	72.0	80.0	79.0	77.0	82.0	73.0	72.0	108.0	74.0	83.0	101.0	77.0	84.0	76.0
201.792	69.0	76.0	72.0	71.0	76.0	71.0	73.0	70.0	77.0	70.0	72.0	76.0	74.0	108.0	67.0	74.0	98.0	68.0	78.0	75.0
201.885	99.0	103.0	98.0	98.0	98.0	101.0	99.0	97.0	101.0	99.0	97.0	92.0	99.0	130.0	95.0	98.0	129.0	99.0	100.0	99.0
201.978	76.0	81.0	77.0	71.0	73.0	75.0	74.0	82.0	69.0	76.0	81.0	74.0	73.0	103.0	72.0	79.0	98.0	73.0	75.0	82.0
202.072	74.0	84.0	72.0	68.0	81.0	74.0	75.0	74.0	74.0	75.0	81.0	72.0	67.0	107.0	80.0	76.0	101.0	78.0	73.0	80.0
202.165	72.0	79.0	75.0	70.0	74.0	71.0	73.0	80.0	75.0	74.0	78.0	74.0	73.0	107.0	72.0	73.0	99.0	71.0	80.0	73.0
202.259	100.0	97.0	97.0	91.0	98.0	84.0	96.0	104.0	94.0	96.0	100.0	92.0	101.0	124.0	97.0	94.0	126.0	90.0	94.0	95.0
202.352	72.0	82.0	75.0	75.0	81.0	72.0	71.0	79.0	76.0	75.0	81.0	66.0	72.0	106.0	76.0	78.0	106.0	77.0	74.0	76.0
202.446	66.0	76.0	75.0	72.0	76.0	70.0	73.0	79.0	75.0	69.0	75.0	71.0	72.0	101.0	75.0	75.0	102.0	71.0	70.0	70.0
202.539	69.0	77.0	71.0	73.0	73.0	75.0	72.0	72.0	74.0	77.0	70.0	72.0	74.0	104.0	73.0	74.0	95.0	74.0	74.0	74.0
202.633	72.0	73.0	78.0	71.0	77.0	68.0	75.0	76.0	75.0	74.0	74.0	68.0	76.0	100.0	75.0	70.0	100.0	69.0	77.0	78.0
202.726	72.0	77.0	74.0	70.0	76.0	74.0	73.0	81.0	72.0	72.0	70.0	72.0	71.0	103.0	78.0	70.0	101.0	74.0	69.0	69.0
202.82	69.0	81.0	74.0	65.0	75.0	73.0	70.0	77.0	72.0	70.0	78.0	74.0	72.0	103.0	73.0	72.0	102.0	74.0	74.0	74.0
202.913	72.0	78.0	72.0	70.0	76.0	73.0	67.0	82.0	75.0	82.0	79.0	72.0	68.0	106.0	80.0	75.0	100.0	68.0	81.0	74.0
203.007	74.0	78.0	80.0	76.0	77.0	75.0	70.0	80.0	77.0	76.0	83.0	72.0	74.0	111.0	76.0	71.0	103.0	74.0	81.0	76.0
203.1	75.0	74.0	72.0	69.0	74.0	79.0	72.0	72.0	73.0	66.0	76.0	66.0	68.0	105.0	78.0	71.0	98.0	70.0	74.0	79.0
203.194	73.0	75.0	73.0	74.0	75.0	72.0	69.0	76.0	73.0	74.0	80.0	68.0	68.0	100.0	71.0	77.0	100.0	74.0	80.0	72.0
203.288	77.0	74.0	79.0	72.0	75.0	72.0	74.0	77.0	69.0	76.0	76.0	66.0	74.0	103.0	70.0	72.0	104.0	74.0	75.0	75.0
203.381	72.0	74.0	65.0	71.0	75.0	70.0	76.0	78.0	73.0	72.0	76.0	74.0	73.0	109.0	75.0	72.0	100.0	74.0	77.0	76.0
203.475	72.0	81.0	78.0	73.0	84.0	78.0	78.0	80.0	75.0	72.0	79.0	78.0	73.0	105.0	77.0	72.0	100.0	78.0	74.0	78.0
203.569	70.0	78.0	72.0	71.0	70.0	72.0	76.0	78.0	70.0	69.0	77.0	69.0	74.0	105.0	74.0	76.0	100.0	72.0	80.0	74.0
203.662	69.0	79.0	76.0	78.0	80.0	71.0	76.0	76.0	74.0	79.0	75.0	74.0	76.0	112.0	76.0	73.0	104.0	69.0	83.0	76.0
203.756	77.0	83.0	74.0	74.0	78.0	67.0	71.0	78.0	74.0	73.0	74.0	66.0	71.0	97.0	79.0	73.0	96.0	75.0	71.0	76.0
203.85	86.0	81.0	77.0	83.0	85.0	80.0	78.0	91.0	79.0	73.0	77.0	73.0	70.0	107.0	79.0	80.0	107.0	75.0	80.0	76.0
203.943	77.0	79.0	74.0	76.0	80.0	79.0	69.0	81.0	77.0	76.0	84.0	72.0	69.0	109.0	81.0	77.0	102.0	79.0	81.0	70.0
204.037	71.0	79.0	79.0	67.0	79.0	75.0	65.0	76.0	73.0	70.0	79.0	74.0	72.0	112.0	79.0	77.0	96.0	72.0	72.0	74.0
204.131	79.0	79.0	73.0	77.0	76.0	72.0	77.0	78.0	77.0	77.0	82.0	77.0	75.0	108.0	70.0	74.0	104.0	72.0	81.0	78.0
204.225	96.0	97.0	93.0	89.0	94.0	87.0	92.0	102.0	89.0	98.0	93.0	94.0	92.0	127.0	94.0	89.0	118.0	93.0	96.0	94.0
204.318	80.0	87.0	88.0	85.0	88.0	79.0	81.0	87.0	82.0	78.0	87.0	84.0	77.0	113.0	82.0	86.0	113.0	78.0	80.0	84.0
204.412	69.0	76.0	79.0	67.0	80.0	75.0	72.0	81.0	76.0	70.0	82.0	68.0	77.0	106.0	81.0	72.0	102.0	71.0	74.0	78.0
204.506	70.0	79.0	79.0	76.0	73.0	72.0	73.0	78.0	80.0	74.0	80.0	73.0	75.0	101.0	74.0	71.0	101.0	70.0	78.0	80.0
204.6	76.0	80.0	78.0	70.0	76.0	68.0	73.0	76.0	76.0	74.0	79.0	67.0	70.0	108.0	77.0	74.0	102.0	71.0	75.0	74.0
204.694	69.0	76.0	75.0	68.0	74.0	73.0	71.0	83.0	70.0	71.0	82.0	72.0	74.0	107.0	77.0	72.0	101.0	70.0	73.0	69.0
204.788	74.0	77.0	74.0	77.0	75.0	69.0	69.0	72.0	72.0	76.0	80.0	72.0	76.0	108.0	76.0	77.0	95.0	71.0	75.0	77.0
204.882	78.0	78.0	74.0	77.0	76.0	81.0	80.0	74.0	82.0	71.0	73.0	74.0	77.0	109.0	72.0	71.0	102.0	69.0	81.0	74.0
204.975	97.0	101.0	100.0	94.0	100.0	97.0	98.0	97.0	98.0	100.0	97.0	99.0	99.0	132.0	91.0	98.0	119.0	93.0	97.0	96.0
205.069	70.0	81.0	73.0	67.0	84.0	73.0	72.0	79.0	68.0	66.0	81.0	67.0	72.0	105.0	79.0	75.0	101.0	73.0	75.0	74.0
205.163	70.0	84.0	75.0	80.0	84.0	78.0	75.0	78.0	76.0	68.0	84.0	75.0	73.0	108.0	78.0	76.0	100.0	70.0	77.0	78.0
205.257	68.0	77.0	76.0	79.0	77.0	71.0	77.0	78.0	75.0	72.0	77.0	73.0	74.0	104.0	72.0	72.0	103.0	65.0	75.0	73.0
205.351	67.0	79.0	70.0	74.0	76.0	70.0	71.0	76.0	76.0	71.0	78.0	72.0	69.0	103.0	77.0	75.0	105.0	73.0	75.0	70.0
205.445	74.0	76.0	75.0	73.0	82.0	74.0	78.0	83.0	73.0	73.0	82.0	73.0	71.0	106.0	79.0	80.0	100.0	74.0	76.0	70.0
205.539	66.0	79.0	73.0	75.0	77.0	73.0	70.0	83.0	78.0	76.0	80.0	70.0	77.0	109.0	73.0	77.0	98.0	75.0	75.0	72.0
205.633	94.0	97.0	92.0	87.0	94.0	88.0	86.0	98.0	95.0	92.0	93.0	80.0	91.0	122.0	83.0	91.0	114.0	87.0	101.0	92.0
205.727	72.0	75.0	78.0	73.0	79.0	66.0	72.0	81.0	74.0	76.0	78.0	70.0	73.0	101.0	79.0	72.0	108.0	71.0	78.0	78.0
205.821	71.0	79.0	79.0	68.0	73.0	68.0	72.0	81.0	68.0	71.0	75.0	74.0	74.0	106.0	66.0	77.0	101.0	79.0	83.0	72.0
205.915	80.0	73.0	76.0	68.0	77.0	73.0	75.0	78.0	77.0	69.0	79.0	73.0	71.0	105.0	76.0	71.0	103.0	74.0	76.0	75.0
206.01	73.0	81.0	76.0	75.0	81.0	67.0	72.0	77.0	71.0	73.0	73.0	78.0	76.0	104.0	78.0	73.0	104.0	69.0	78.0	74.0
206.104	78.0	80.0	70.0	69.0	78.0	68.0	78.0	80.0	73.0	76.0	80.0	68.0	72.0	102.0	82.0	74.0	101.0	77.0	75.0	78.0
206.198	72.0	82.0	78.0	81.0	84.0	75.0	72.0	82.0	73.0	76.0	74.0	78.0	69.0	109.0	80.0	74.0	100.0	69.0	74.0	71.0
206.292	72.0	88.0	72.0	77.0	77.0	82.0	71.0	75.0	73.0	74.0	80.0	78.0	75.0	109.0	73.0	73.0	105.0	72.0	82.0	76.0
206.386	74.0	78.0	81.0	72.0	80.0	74.0	71.0	73.0	73.0	76.0	78.0	74.0	76.0	105.0	71.0	71.0	105.0	71.0	76.0	75.0
206.48	99.0	95.0	96.0	101.0	99.0	99.0	92.0	102.0	93.0	93.0	104.0	92.0	96.0	125.0	96.0	98.0	124.0	99.0	103.0	101.0
206.574	79.0	78.0	79.0	74.0	81.0	76.0	78.0	80.0	77.0	76.0	85.0	73.0	74.0	110.0	83.0	77.0	108.0	77.0	74.0	79.0
206.669	81.0	96.0	94.0	88.0	91.0	89.0	83.0	90.0	89.0	81.0	95.0	83.0	91.0	126.0	94.0	97.0	122.0	88.0	91.0	92.0
206.763	93.0	93.0	90.0	90.0	89.0	95.0	85.0	93.0	97.0	92.0	91.0	88.0	92.0	119.0	93.0	89.0	114.0	86.0	95.0	93.0
206.857	77.0	81.0	77.0	74.0	80.0	71.0	68.0	74.0	78.0	77.0	81.0	68.0	65.0	101.0	78.0	76.0	96.0	74.0	80.0	76.0
206.951	75.0	83.0	74.0	78.0	78.0	73.0	70.0	80.0	78.0	78.0	81.0	74.0	74.0	101.0	81.0	74.0	95.0	77.0	79.0	73.0
207.046	72.0	85.0	75.0	76.0	79.0	73.0	70.0	73.0	71.0	68.0	81.0	76.0	67.0	103.0	73.0	79.0	93.0	73.0	80.0	74.0
207.14	79.0	84.0	80.0	76.0	80.0	72.0	72.0	76.0	76.0	84.0	74.0	75.0	78.0	108.0	72.0	70.0	104.0	75.0	77.0	80.0
207.234	80.0	74.0	69.0	66.0	82.0	69.0	75.0	78.0	78.0	81.0	74.0	73.0	67.0	101.0	75.0	70.0	100.0	71.0	76.0	71.0
207.329	77.0	75.0	71.0	69.0	78.0	69.0	72.0	79.0	71.0	68.0	78.0	71.0	72.0	111.0	70.0	72.0	103.0	68.0	74.0	70.0
207.423	73.0	82.0	86.0	79.0	79.0	77.0	78.0	82.0	74.0	69.0	77.0	71.0	78.0	107.0	80.0	82.0	99.0	70.0	72.0	77.0
207.517	77.0	83.0	78.0	74.0	76.0	70.0	66.0	75.0	78.0	80.0	75.0	69.0	75.0	107.0	75.0	78.0	103.0	70.0	82.0	76.0
207.612	80.0	72.0	73.0	75.0	78.0	68.0	73.0	75.0	77.0	70.0	70.0	71.0	72.0	102.0	78.0	75.0	103.0	68.0	77.0	74.0
207.706	80.0	76.0	70.0	73.0	78.0	73.0	77.0	84.0	78.0	66.0	80.0	75.0	73.0	106.0	72.0	75.0	100.0	74.0	77.0	74.0
207.8	68.0	75.0	76.0	72.0	71.0	72.0	66.0	77.0	70.0	68.0	80.0	74.0	72.0	106.0	77.0	73.0	95.0	75.0	74.0	72.0
207.895	69.0	82.0	75.0	77.0	74.0	74.0	70.0	76.0	71.0	66.0	75.0	68.0	74.0	108.0	71.0	72.0	98.0	72.0	79.0	81.0
207.989	75.0	80.0	75.0	78.0	77.0	71.0	74.0	76.0	73.0	72.0	71.0	72.0	75.0	106.0	68.0	74.0	106.0	77.0	76.0	80.0
208.084	74.0	75.0	72.0	62.0	78.0	69.0	77.0	78.0	71.0	74.0	75.0	73.0	69.0	106.0	73.0	80.0	95.0	74.0	69.0	78.0
208.178	75.0	81.0	76.0	77.0	81.0	77.0	74.0	86.0	81.0	76.0	81.0	77.0	71.0	102.0	78.0	79.0	102.0	78.0	79.0	79.0
208.273	72.0	78.0	78.0	73.0	75.0	75.0	71.0	76.0	79.0	76.0	80.0	71.0	74.0	110.0	72.0	68.0	101.0	72.0	82.0	74.0
208.367	75.0	80.0	77.0	70.0	82.0	72.0	72.0	79.0	71.0	76.0	83.0	67.0	68.0	103.0	76.0	73.0	101.0	70.0	80.0	75.0
208.462	75.0	76.0	78.0	74.0	78.0	72.0	74.0	82.0	80.0	70.0	76.0	74.0	73.0	106.0	76.0	74.0	100.0	76.0	79.0	75.0
208.556	77.0	86.0	78.0	73.0	76.0	78.0	72.0	81.0	79.0	74.0	83.0	71.0	75.0	110.0	78.0	79.0	100.0	82.0	79.0	78.0
208.651	72.0	84.0	83.0	72.0	78.0	71.0	65.0	74.0	76.0	72.0	70.0	72.0	76.0	99.0	69.0	72.0	102.0	73.0	75.0	76.0
208.745	81.0	78.0	79.0	82.0	79.0	74.0	73.0	77.0	77.0	74.0	77.0	76.0	83.0	109.0	79.0	79.0	107.0	73.0	82.0	79.0
208.84	78.0	82.0	82.0	76.0	86.0	82.0	77.0	82.0	84.0	71.0	85.0	80.0	82.0	107.0	78.0	85.0	108.0	78.0	79.0	74.0
208.934	74.0	79.0	72.0	71.0	78.0	80.0	73.0	80.0	74.0	73.0	83.0	68.0	72.0	113.0	77.0	75.0	100.0	70.0	74.0	69.0
209.029	72.0	83.0	75.0	79.0	84.0	76.0	78.0	80.0	74.0	75.0	78.0	74.0	82.0	114.0	79.0	79.0	103.0	74.0	76.0	78.0
209.124	71.0	82.0	78.0	77.0	81.0	74.0	73.0	78.0	77.0	75.0	74.0	75.0	75.0	104.0	73.0	76.0	100.0	66.0	84.0	74.0
209.218	68.0	78.0	76.0	73.0	83.0	75.0	75.0	77.0	76.0	69.0	80.0	74.0	71.0	103.0	77.0	74.0	99.0	72.0	75.0	71.0
209.313	70.0	78.0	71.0	72.0	74.0	73.0	72.0	80.0	76.0	75.0	76.0	70.0	76.0	108.0	78.0	74.0	95.0	73.0	79.0	78.0
209.408	65.0	79.0	77.0	69.0	77.0	72.0	68.0	74.0	71.0	72.0	80.0	73.0	75.0	103.0	66.0	76.0	99.0	76.0	76.0	79.0
209.502	72.0	74.0	73.0	72.0	80.0	76.0	76.0	76.0	80.0	76.0	69.0	75.0	69.0	106.0	73.0	71.0	102.0	73.0	77.0	74.0
209.597	74.0	77.0	78.0	73.0	82.0	72.0	74.0	80.0	76.0	73.0	80.0	74.0	74.0	104.0	69.0	74.0	99.0	76.0	78.0	83.0
209.692	76.0	81.0	78.0	71.0	78.0	72.0	67.0	78.0	65.0	73.0	77.0	73.0	79.0	104.0	74.0	75.0	99.0	75.0	72.0	80.0
209.786	70.0	82.0	74.0	70.0	75.0	74.0	68.0	79.0	70.0	72.0	81.0	74.0	75.0	106.0	79.0	73.0	105.0	74.0	77.0	74.0
209.881	72.0	77.0	72.0	74.0	70.0	75.0	70.0	74.0	75.0	76.0	78.0	70.0	73.0	105.0	71.0	76.0	104.0	72.0	75.0	78.0
209.976	74.0	80.0	76.0	71.0	76.0	69.0	75.0	77.0	74.0	72.0	84.0	71.0	70.0	104.0	76.0	78.0	102.0	75.0	77.0	74.0
210.071	74.0	76.0	77.0	77.0	76.0	74.0	74.0	82.0	69.0	73.0	79.0	76.0	76.0	103.0	76.0	78.0	99.0	72.0	77.0	69.0
210.166	69.0	79.0	77.0	74.0	76.0	74.0	70.0	83.0	78.0	71.0	78.0	68.0	75.0	102.0	74.0	76.0	101.0	74.0	76.0	78.0
210.26	68.0	84.0	74.0	72.0	82.0	75.0	78.0	80.0	78.0	71.0	78.0	75.0	74.0	104.0	70.0	72.0	110.0	74.0	73.0	79.0
210.355	74.0	72.0	71.0	72.0	83.0	69.0	76.0	81.0	70.0	73.0	74.0	72.0	72.0	101.0	73.0	75.0	97.0	73.0	77.0	74.0
210.45	71.0	77.0	75.0	65.0	81.0	73.0	75.0	80.0	75.0	72.0	80.0	69.0	64.0	105.0	73.0	75.0	96.0	74.0	75.0	72.0
210.545	77.0	84.0	81.0	84.0	80.0	86.0	83.0	79.0	80.0	79.0	81.0	80.0	79.0	113.0	79.0	88.0	109.0	86.0	82.0	79.0
210.64	79.0	80.0	82.0	80.0	82.0	78.0	76.0	79.0	77.0	77.0	79.0	69.0	76.0	105.0	80.0	75.0	98.0	76.0	82.0	80.0
210.735	79.0	79.0	73.0	68.0	81.0	65.0	73.0	73.0	74.0	74.0	77.0	75.0	72.0	109.0	73.0	75.0	102.0	74.0	79.0	77.0
210.83	73.0	85.0	69.0	75.0	74.0	75.0	80.0	81.0	74.0	80.0	82.0	79.0	79.0	108.0	76.0	83.0	100.0	70.0	79.0	71.0
210.925	72.0	79.0	72.0	76.0	74.0	73.0	69.0	76.0	71.0	69.0	74.0	68.0	76.0	106.0	74.0	75.0	99.0	75.0	76.0	72.0
211.02	73.0	76.0	77.0	71.0	77.0	75.0	72.0	70.0	79.0	68.0	76.0	68.0	70.0	108.0	72.0	72.0	104.0	67.0	75.0	78.0
211.114	74.0	76.0	73.0	74.0	72.0	74.0	78.0	78.0	76.0	81.0	74.0	70.0	76.0	103.0	71.0	77.0	97.0	71.0	75.0	73.0
211.209	72.0	81.0	82.0	76.0	81.0	72.0	73.0	85.0	76.0	69.0	80.0	72.0	78.0	106.0	81.0	78.0	106.0	74.0	80.0	75.0
211.304	71.0	81.0	75.0	78.0	76.0	73.0	65.0	79.0	72.0	74.0	85.0	74.0	76.0	101.0	76.0	74.0	109.0	73.0	75.0	73.0
211.399	75.0	73.0	78.0	77.0	76.0	79.0	69.0	78.0	79.0	76.0	81.0	63.0	71.0	106.0	72.0	74.0	104.0	71.0	75.0	74.0
211.494	72.0	76.0	71.0	75.0	81.0	68.0	77.0	76.0	69.0	76.0	78.0	68.0	72.0	103.0	72.0	77.0	101.0	82.0	77.0	74.0
211.59	77.0	81.0	74.0	72.0	78.0	70.0	75.0	79.0	75.0	75.0	82.0	73.0	80.0	112.0	76.0	84.0	98.0	79.0	84.0	73.0
211.685	80.0	89.0	86.0	83.0	86.0	80.0	78.0	89.0	83.0	78.0	88.0	82.0	82.0	114.0	81.0	85.0	105.0	86.0	91.0	86.0
211.78	81.0	92.0	92.0	88.0	91.0	88.0	84.0	85.0	92.0	87.0	81.0	85.0	87.0	119.0	87.0	82.0	114.0	90.0	93.0	84.0
211.875	73.0	78.0	76.0	75.0	75.0	76.0	73.0	78.0	70.0	79.0	77.0	75.0	68.0	109.0	78.0	74.0	102.0	76.0	82.0	76.0
211.97	74.0	76.0	75.0	69.0	82.0	76.0	70.0	78.0	71.0	73.0	81.0	72.0	73.0	111.0	76.0	72.0	104.0	77.0	77.0	77.0
212.065	85.0	92.0	88.0	77.0	85.0	79.0	83.0	86.0	84.0	82.0	92.0	78.0	82.0	116.0	82.0	84.0	110.0	84.0	80.0	84.0
212.16	75.0	80.0	75.0	74.0	77.0	75.0	73.0	80.0	67.0	80.0	83.0	70.0	70.0	98.0	76.0	76.0	102.0	65.0	79.0	79.0
212.255	70.0	82.0	79.0	77.0	82.0	68.0	67.0	77.0	76.0	78.0	78.0	75.0	74.0	99.0	77.0	77.0	104.0	71.0	80.0	80.0
212.35	80.0	78.0	74.0	73.0	73.0	75.0	77.0	76.0	68.0	77.0	84.0	76.0	76.0	105.0	78.0	78.0	98.0	74.0	76.0	71.0
212.446	77.0	82.0	84.0	78.0	78.0	77.0	69.0	75.0	83.0	75.0	84.0	73.0	75.0	108.0	74.0	77.0	100.0	77.0	76.0	71.0
212.541	75.0	82.0	80.0	81.0	82.0	76.0	72.0	76.0	77.0	80.0	76.0	74.0	76.0	111.0	83.0	79.0	104.0	77.0	81.0	79.0
212.636	86.0	90.0	87.0	84.0	91.0	82.0	78.0	82.0	86.0	84.0	85.0	83.0	78.0	112.0	82.0	80.0	112.0	86.0	91.0	83.0
212.731	76.0	76.0	76.0	73.0	77.0	77.0	70.0	84.0	74.0	70.0	74.0	77.0	74.0	106.0	76.0	71.0	106.0	75.0	77.0	78.0
212.827	72.0	82.0	78.0	72.0	78.0	71.0	70.0	75.0	75.0	75.0	82.0	77.0	70.0	108.0	76.0	80.0	97.0	77.0	75.0	75.0
212.922	76.0	84.0	77.0	74.0	74.0	72.0	69.0	77.0	76.0	76.0	85.0	67.0	73.0	101.0	75.0	71.0	103.0	68.0	81.0	79.0
213.017	76.0	81.0	73.0	75.0	80.0	66.0	73.0	76.0	79.0	73.0	80.0	71.0	70.0	105.0	76.0	70.0	101.0	73.0	76.0	74.0
213.112	79.0	79.0	69.0	77.0	82.0	69.0	77.0	77.0	78.0	74.0	79.0	73.0	81.0	101.0	74.0	78.0	102.0	70.0	78.0	73.0
213.208	74.0	85.0	73.0	76.0	80.0	72.0	67.0	85.0	75.0	72.0	80.0	75.0	78.0	106.0	79.0	80.0	98.0	73.0	77.0	70.0
213.303	70.0	84.0	83.0	75.0	84.0	75.0	73.0	78.0	77.0	77.0	76.0	78.0	80.0	108.0	79.0	80.0	100.0	76.0	78.0	74.0
213.398	77.0	83.0	79.0	73.0	80.0	82.0	71.0	79.0	77.0	76.0	76.0	72.0	76.0	104.0	71.0	71.0	104.0	69.0	82.0	68.0
213.494	70.0	83.0	78.0	68.0	79.0	80.0	77.0	80.0	71.0	74.0	77.0	74.0	76.0	109.0	75.0	78.0	107.0	80.0	78.0	73.0
213.589	75.0	81.0	80.0	75.0	84.0	78.0	80.0	87.0	78.0	75.0	80.0	75.0	77.0	108.0	79.0	78.0	108.0	80.0	73.0	81.0
213.684	74.0	75.0	77.0	77.0	75.0	79.0	69.0	74.0	80.0	84.0	80.0	75.0	70.0	105.0	75.0	73.0	100.0	70.0	81.0	73.0
213.78	78.0	76.0	81.0	80.0	82.0	80.0	74.0	77.0	78.0	75.0	81.0	72.0	71.0	105.0	76.0	77.0	107.0	72.0	79.0	85.0
213.875	71.0	83.0	77.0	75.0	77.0	76.0	71.0	84.0	76.0	70.0	77.0	74.0	76.0	107.0	74.0	77.0	99.0	77.0	74.0	69.0
213.971	76.0	84.0	75.0	73.0	77.0	73.0	66.0	80.0	77.0	77.0	80.0	71.0	71.0	108.0	71.0	81.0	98.0	75.0	73.0	77.0
214.066	67.0	80.0	80.0	80.0	76.0	71.0	68.0	76.0	80.0	72.0	76.0	70.0	74.0	106.0	76.0	75.0	104.0	73.0	76.0	68.0
214.162	74.0	75.0	79.0	76.0	78.0	72.0	71.0	73.0	78.0	71.0	74.0	76.0	72.0	102.0	73.0	72.0	103.0	77.0	77.0	76.0
214.257	80.0	80.0	76.0	75.0	79.0	76.0	75.0	77.0	74.0	71.0	81.0	73.0	74.0	102.0	73.0	69.0	103.0	77.0	75.0	74.0
214.353	74.0	84.0	75.0	75.0	77.0	72.0	75.0	82.0	72.0	70.0	80.0	73.0	75.0	107.0	80.0	72.0	102.0	74.0	77.0	78.0
214.448	74.0	87.0	75.0	70.0	82.0	73.0	71.0	75.0	72.0	77.0	76.0	70.0	77.0	101.0	78.0	77.0	104.0	69.0	73.0	75.0
214.544	72.0	83.0	80.0	80.0	82.0	76.0	78.0	81.0	83.0	77.0	77.0	74.0	73.0	106.0	75.0	79.0	104.0	71.0	82.0	78.0
214.639	81.0	85.0	73.0	72.0	78.0	72.0	76.0	79.0	74.0	78.0	73.0	76.0	74.0	108.0	74.0	74.0	94.0	69.0	79.0	74.0
214.735	78.0	88.0	83.0	73.0	80.0	79.0	73.0	75.0	71.0	70.0	77.0	74.0	78.0	110.0	72.0	77.0	101.0	76.0	78.0	78.0
214.83	72.0	85.0	81.0	78.0	81.0	80.0	74.0	78.0	77.0	77.0	81.0	71.0	77.0	104.0	78.0	74.0	102.0	73.0	78.0	76.0
214.926	74.0	88.0	80.0	77.0	86.0	78.0	77.0	81.0	84.0	79.0	80.0	78.0	70.0	107.0	76.0	70.0	104.0	73.0	79.0	74.0
215.022	75.0	78.0	76.0	78.0	82.0	77.0	76.0	81.0	79.0	75.0	84.0	76.0	74.0	110.0	80.0	73.0	108.0	71.0	81.0	76.0
215.117	76.0	81.0	80.0	77.0	82.0	81.0	75.0	79.0	75.0	79.0	90.0	79.0	82.0	112.0	81.0	81.0	106.0	80.0	77.0	76.0
215.213	81.0	91.0	83.0	84.0	89.0	83.0	78.0	85.0	83.0	81.0	91.0	74.0	85.0	110.0	81.0	79.0	108.0	76.0	84.0	83.0
215.308	75.0	85.0	89.0	80.0	90.0	80.0	73.0	85.0	78.0	83.0	83.0	72.0	76.0	106.0	86.0	80.0	104.0	74.0	80.0	79.0
215.404	78.0	82.0	82.0	77.0	79.0	79.0	77.0	79.0	78.0	76.0	85.0	73.0	80.0	109.0	79.0	79.0	96.0	75.0	82.0	74.0
215.5	78.0	82.0	76.0	82.0	74.0	80.0	78.0	83.0	82.0	74.0	77.0	77.0	76.0	113.0	83.0	78.0	102.0	79.0	77.0	72.0
215.596	74.0	88.0	83.0	79.0	88.0	80.0	77.0	80.0	81.0	80.0	86.0	76.0	81.0	109.0	77.0	78.0	104.0	75.0	74.0	78.0
215.691	76.0	81.0	82.0	77.0	84.0	77.0	76.0	72.0	76.0	73.0	77.0	73.0	71.0	102.0	72.0	73.0	97.0	69.0	79.0	76.0
215.787	70.0	78.0	77.0	74.0	86.0	78.0	78.0	77.0	76.0	76.0	76.0	79.0	73.0	104.0	73.0	73.0	99.0	77.0	79.0	77.0
215.883	73.0	76.0	76.0	74.0	80.0	72.0	78.0	80.0	74.0	70.0	79.0	75.0	76.0	105.0	77.0	79.0	105.0	81.0	75.0	76.0
215.979	67.0	79.0	78.0	72.0	80.0	77.0	76.0	78.0	78.0	76.0	82.0	72.0	78.0	104.0	75.0	74.0	94.0	75.0	73.0	81.0
216.074	93.0	97.0	96.0	93.0	97.0	93.0	95.0	95.0	94.0	95.0	95.0	87.0	95.0	119.0	95.0	90.0	117.0	89.0	96.0	96.0
216.17	77.0	78.0	75.0	76.0	80.0	78.0	76.0	80.0	75.0	74.0	78.0	79.0	73.0	110.0	83.0	82.0	104.0	77.0	78.0	80.0
216.266	83.0	86.0	81.0	86.0	80.0	79.0	78.0	82.0	78.0	81.0	85.0	75.0	85.0	116.0	84.0	87.0	104.0	82.0	77.0	77.0
216.362	73.0	87.0	76.0	79.0	84.0	84.0	74.0	82.0	76.0	79.0	81.0	75.0	78.0	107.0	78.0	73.0	108.0	80.0	83.0	78.0
216.458	74.0	86.0	79.0	76.0	83.0	77.0	77.0	74.0	76.0	78.0	78.0	73.0	74.0	108.0	70.0	74.0	107.0	74.0	80.0	77.0
216.553	71.0	73.0	77.0	85.0	78.0	78.0	75.0	78.0	76.0	77.0	81.0	72.0	73.0	110.0	68.0	70.0	104.0	76.0	79.0	77.0
216.649	76.0	76.0	81.0	72.0	80.0	78.0	73.0	79.0	73.0	72.0	75.0	79.0	78.0	109.0	73.0	77.0	102.0	78.0	80.0	75.0
216.745	75.0	80.0	83.0	80.0	77.0	73.0	77.0	82.0	78.0	73.0	80.0	77.0	74.0	109.0	81.0	74.0	99.0	74.0	76.0	76.0
216.841	76.0	79.0	79.0	76.0	79.0	77.0	68.0	77.0	84.0	76.0	81.0	68.0	78.0	107.0	77.0	76.0	101.0	73.0	78.0	76.0
216.937	74.0	80.0	72.0	78.0	82.0	77.0	74.0	72.0	77.0	77.0	79.0	76.0	73.0	108.0	76.0	76.0	106.0	70.0	73.0	72.0
217.033	80.0	80.0	71.0	78.0	74.0	73.0	72.0	77.0	72.0	75.0	78.0	74.0	72.0	105.0	75.0	71.0	100.0	70.0	76.0	71.0
217.129	72.0	78.0	82.0	80.0	78.0	72.0	70.0	81.0	74.0	78.0	82.0	76.0	76.0	101.0	74.0	74.0	106.0	73.0	75.0	73.0
217.225	73.0	86.0	82.0	76.0	88.0	78.0	73.0	83.0	74.0	79.0	81.0	77.0	78.0	116.0	80.0	74.0	109.0	75.0	88.0	82.0
217.321	78.0	81.0	77.0	77.0	82.0	78.0	68.0	74.0	84.0	76.0	79.0	77.0	76.0	110.0	69.0	71.0	101.0	81.0	81.0	80.0
217.417	78.0	81.0	81.0	72.0	82.0	79.0	70.0	81.0	71.0	74.0	78.0	86.0	76.0	105.0	78.0	75.0	100.0	78.0	81.0	81.0
217.513	76.0	88.0	75.0	74.0	79.0	76.0	74.0	78.0	71.0	75.0	79.0	77.0	75.0	107.0	81.0	82.0	104.0	75.0	70.0	77.0
217.609	74.0	82.0	80.0	77.0	83.0	86.0	75.0	81.0	80.0	82.0	83.0	72.0	71.0	107.0	80.0	74.0	103.0	71.0	84.0	81.0
217.705	76.0	81.0	78.0	77.0	74.0	75.0	72.0	78.0	75.0	81.0	74.0	73.0	72.0	105.0	74.0	73.0	107.0	71.0	76.0	73.0
217.801	68.0	80.0	68.0	78.0	73.0	75.0	77.0	80.0	74.0	76.0	81.0	72.0	77.0	110.0	69.0	75.0	100.0	76.0	77.0	73.0
217.897	71.0	79.0	82.0	80.0	83.0	78.0	72.0	78.0	75.0	77.0	83.0	76.0	74.0	109.0	76.0	82.0	101.0	75.0	77.0	76.0
217.993	73.0	77.0	82.0	73.0	84.0	80.0	73.0	80.0	73.0	79.0	83.0	73.0	71.0	111.0	78.0	78.0	100.0	72.0	81.0	74.0
218.089	101.0	103.0	104.0	101.0	101.0	104.0	90.0	98.0	102.0	99.0	104.0	98.0	95.0	119.0	98.0	95.0	123.0	103.0	97.0	88.0
218.185	83.0	81.0	84.0	83.0	84.0	85.0	79.0	85.0	79.0	79.0	89.0	82.0	81.0	112.0	78.0	83.0	101.0	76.0	80.0	77.0
218.282	77.0	78.0	79.0	78.0	82.0	80.0	71.0	82.0	80.0	82.0	83.0	75.0	77.0	106.0	76.0	84.0	98.0	75.0	74.0	71.0
218.378	82.0	82.0	81.0	79.0	86.0	76.0	79.0	72.0	79.0	72.0	82.0	65.0	74.0	106.0	78.0	77.0	102.0	73.0	83.0	74.0
218.474	74.0	81.0	82.0	77.0	88.0	72.0	74.0	82.0	75.0	74.0	75.0	70.0	69.0	103.0	77.0	80.0	100.0	77.0	78.0	77.0
218.57	81.0	87.0	82.0	80.0	80.0	79.0	73.0	81.0	80.0	81.0	84.0	79.0	74.0	113.0	77.0	78.0	101.0	82.0	84.0	78.0
218.666	84.0	83.0	81.0	82.0	79.0	72.0	68.0	82.0	79.0	82.0	86.0	75.0	78.0	111.0	75.0	78.0	98.0	73.0	81.0	71.0
218.762	77.0	89.0	83.0	88.0	88.0	85.0	81.0	84.0	85.0	86.0	88.0	82.0	84.0	113.0	85.0	84.0	106.0	80.0	86.0	83.0
218.859	80.0	88.0	86.0	82.0	86.0	82.0	76.0	79.0	81.0	86.0	90.0	77.0	77.0	108.0	84.0	81.0	110.0	79.0	81.0	84.0
218.955	74.0	79.0	80.0	74.0	84.0	80.0	74.0	81.0	76.0	72.0	81.0	74.0	77.0	106.0	78.0	73.0	104.0	80.0	73.0	78.0
219.051	70.0	74.0	74.0	76.0	80.0	78.0	78.0	83.0	78.0	69.0	79.0	76.0	76.0	111.0	78.0	76.0	104.0	69.0	74.0	75.0
219.147	77.0	81.0	81.0	82.0	82.0	79.0	74.0	76.0	79.0	76.0	80.0	69.0	74.0	108.0	76.0	76.0	97.0	72.0	78.0	78.0
219.244	79.0	85.0	79.0	77.0	77.0	77.0	69.0	77.0	82.0	74.0	79.0	73.0	75.0	102.0	75.0	80.0	105.0	75.0	79.0	79.0
219.34	76.0	85.0	78.0	74.0	81.0	76.0	86.0	81.0	76.0	76.0	90.0	83.0	79.0	114.0	80.0	78.0	101.0	76.0	81.0	77.0
219.436	81.0	89.0	82.0	78.0	82.0	73.0	76.0	84.0	77.0	76.0	90.0	78.0	84.0	107.0	79.0	83.0	104.0	74.0	77.0	79.0
219.533	76.0	83.0	87.0	82.0	86.0	85.0	77.0	80.0	79.0	79.0	88.0	78.0	75.0	108.0	77.0	78.0	108.0	75.0	84.0	78.0
219.629	68.0	88.0	85.0	80.0	78.0	77.0	70.0	72.0	75.0	80.0	74.0	75.0	72.0	105.0	76.0	72.0	101.0	76.0	81.0	75.0
219.725	83.0	79.0	76.0	73.0	81.0	75.0	80.0	81.0	73.0	72.0	83.0	74.0	70.0	107.0	75.0	74.0	102.0	74.0	78.0	78.0
219.822	77.0	82.0	83.0	74.0	82.0	80.0	75.0	84.0	76.0	77.0	84.0	76.0	87.0	111.0	80.0	84.0	104.0	76.0	78.0	81.0
219.918	71.0	85.0	81.0	76.0	83.0	77.0	74.0	73.0	77.0	77.0	85.0	70.0	76.0	103.0	74.0	77.0	95.0	76.0	78.0	73.0
220.015	83.0	95.0	90.0	85.0	90.0	92.0	78.0	86.0	86.0	84.0	88.0	78.0	75.0	110.0	81.0	77.0	106.0	84.0	91.0	82.0
220.111	75.0	79.0	77.0	81.0	78.0	73.0	70.0	77.0	77.0	75.0	79.0	80.0	82.0	112.0	80.0	80.0	100.0	77.0	80.0	74.0
220.208	74.0	78.0	76.0	82.0	79.0	73.0	70.0	78.0	78.0	80.0	85.0	75.0	76.0	113.0	77.0	75.0	104.0	78.0	78.0	77.0
220.304	76.0	80.0	77.0	76.0	79.0	76.0	71.0	79.0	76.0	76.0	78.0	76.0	78.0	108.0	84.0	79.0	103.0	77.0	83.0	78.0
220.4	75.0	89.0	81.0	86.0	82.0	81.0	73.0	79.0	79.0	78.0	75.0	75.0	77.0	108.0	75.0	73.0	102.0	78.0	74.0	78.0
220.497	78.0	77.0	80.0	80.0	83.0	79.0	75.0	83.0	78.0	78.0	74.0	76.0	78.0	105.0	78.0	76.0	100.0	75.0	77.0	73.0
220.593	74.0	85.0	70.0	64.0	82.0	79.0	72.0	83.0	77.0	75.0	83.0	82.0	78.0	112.0	79.0	81.0	102.0	71.0	74.0	77.0
220.69	75.0	87.0	78.0	76.0	85.0	75.0	73.0	80.0	72.0	80.0	83.0	72.0	78.0	105.0	78.0	78.0	109.0	67.0	80.0	78.0
220.786	85.0	94.0	87.0	91.0	94.0	89.0	86.0	91.0	91.0	88.0	97.0	85.0	85.0	119.0	85.0	82.0	117.0	83.0	88.0	93.0
220.883	76.0	80.0	78.0	80.0	79.0	74.0	75.0	78.0	78.0	78.0	80.0	75.0	80.0	108.0	76.0	81.0	100.0	78.0	77.0	80.0
220.98	76.0	85.0	80.0	80.0	80.0	75.0	70.0	81.0	80.0	76.0	78.0	74.0	78.0	104.0	71.0	82.0	100.0	76.0	77.0	75.0
221.076	76.0	83.0	77.0	80.0	81.0	79.0	72.0	85.0	82.0	75.0	82.0	75.0	75.0	104.0	77.0	81.0	99.0	73.0	73.0	74.0
221.173	76.0	83.0	83.0	76.0	84.0	85.0	80.0	82.0	80.0	83.0	79.0	83.0	83.0	108.0	74.0	82.0	104.0	78.0	82.0	81.0
221.269	79.0	80.0	78.0	77.0	78.0	76.0	73.0	78.0	80.0	76.0	76.0	74.0	72.0	101.0	78.0	77.0	100.0	73.0	87.0	80.0
221.366	80.0	78.0	82.0	74.0	83.0	73.0	76.0	82.0	75.0	77.0	82.0	75.0	79.0	111.0	82.0	76.0	101.0	79.0	76.0	75.0
221.463	74.0	86.0	80.0	83.0	86.0	76.0	74.0	85.0	78.0	77.0	82.0	74.0	73.0	101.0	78.0	79.0	105.0	76.0	79.0	76.0
221.559	72.0	87.0	84.0	80.0	79.0	78.0	78.0	78.0	74.0	76.0	76.0	66.0	74.0	107.0	77.0	76.0	104.0	77.0	75.0	82.0
221.656	79.0	85.0	85.0	79.0	81.0	81.0	80.0	80.0	83.0	79.0	84.0	81.0	72.0	110.0	79.0	81.0	103.0	78.0	81.0	84.0
221.753	74.0	89.0	72.0	76.0	78.0	77.0	76.0	83.0	76.0	81.0	83.0	74.0	76.0	110.0	72.0	78.0	97.0	75.0	79.0	71.0
221.849	79.0	89.0	75.0	77.0	86.0	87.0	76.0	84.0	80.0	82.0	91.0	78.0	80.0	108.0	80.0	78.0	107.0	74.0	80.0	79.0
221.946	75.0	88.0	86.0	83.0	86.0	85.0	78.0	80.0	81.0	74.0	88.0	74.0	80.0	108.0	74.0	74.0	102.0	70.0	80.0	78.0
222.043	76.0	85.0	87.0	82.0	88.0	79.0	74.0	78.0	80.0	79.0	77.0	82.0	79.0	114.0	82.0	79.0	101.0	81.0	78.0	77.0
222.14	77.0	85.0	88.0	81.0	91.0	85.0	73.0	88.0	77.0	80.0	82.0	83.0	75.0	109.0	89.0	81.0	104.0	78.0	81.0	76.0
222.236	81.0	83.0	88.0	79.0	88.0	84.0	78.0	86.0	77.0	76.0	80.0	75.0	75.0	112.0	80.0	79.0	100.0	74.0	76.0	80.0
222.333	78.0	83.0	86.0	78.0	86.0	89.0	75.0	82.0	74.0	81.0	88.0	76.0	71.0	109.0	75.0	80.0	107.0	79.0	81.0	80.0
222.43	80.0	95.0	96.0	92.0	92.0	95.0	79.0	85.0	84.0	93.0	95.0	81.0	76.0	123.0	90.0	83.0	101.0	77.0	85.0	80.0
222.527	83.0	92.0	85.0	86.0	90.0	87.0	79.0	80.0	81.0	88.0	91.0	82.0	79.0	117.0	77.0	83.0	99.0	77.0	91.0	77.0
222.624	79.0	88.0	87.0	89.0	79.0	82.0	73.0	80.0	82.0	85.0	88.0	84.0	81.0	114.0	78.0	78.0	103.0	80.0	86.0	76.0
222.72	78.0	86.0	87.0	82.0	87.0	78.0	76.0	78.0	79.0	76.0	78.0	75.0	78.0	112.0	72.0	80.0	99.0	74.0	78.0	81.0
222.817	76.0	79.0	79.0	81.0	82.0	79.0	78.0	79.0	73.0	83.0	79.0	78.0	82.0	111.0	74.0	73.0	97.0	75.0	77.0	81.0
222.914	81.0	81.0	82.0	74.0	86.0	78.0	74.0	80.0	72.0	74.0	82.0	74.0	74.0	108.0	79.0	78.0	103.0	74.0	80.0	79.0
223.011	76.0	85.0	79.0	81.0	81.0	78.0	73.0	80.0	69.0	73.0	83.0	76.0	76.0	105.0	78.0	82.0	103.0	71.0	79.0	81.0
223.108	86.0	100.0	96.0	91.0	100.0	100.0	84.0	94.0	86.0	87.0	96.0	87.0	87.0	117.0	93.0	87.0	114.0	87.0	92.0	91.0
223.205	79.0	89.0	89.0	83.0	89.0	92.0	75.0	83.0	81.0	82.0	91.0	79.0	76.0	116.0	77.0	85.0	108.0	81.0	83.0	82.0
223.302	82.0	83.0	79.0	78.0	75.0	76.0	78.0	81.0	77.0	78.0	86.0	77.0	80.0	113.0	81.0	72.0	104.0	77.0	83.0	75.0
223.399	80.0	77.0	78.0	74.0	85.0	81.0	71.0	81.0	77.0	82.0	84.0	69.0	71.0	108.0	79.0	76.0	104.0	73.0	73.0	73.0
223.496	81.0	88.0	85.0	82.0	84.0	84.0	72.0	81.0	82.0	77.0	83.0	73.0	77.0	105.0	75.0	80.0	108.0	79.0	82.0	78.0
223.593	76.0	85.0	77.0	80.0	85.0	80.0	73.0	78.0	78.0	82.0	82.0	75.0	76.0	106.0	75.0	75.0	101.0	82.0	78.0	82.0
223.69	100.0	106.0	107.0	108.0	104.0	104.0	108.0	108.0	106.0	109.0	112.0	108.0	98.0	134.0	108.0	103.0	130.0	102.0	106.0	102.0
223.787	80.0	82.0	80.0	74.0	82.0	77.0	78.0	81.0	74.0	73.0	85.0	75.0	78.0	113.0	86.0	85.0	100.0	79.0	75.0	79.0
223.884	79.0	81.0	79.0	81.0	87.0	83.0	74.0	85.0	83.0	80.0	78.0	72.0	74.0	105.0	81.0	80.0	105.0	72.0	74.0	80.0
223.981	79.0	85.0	83.0	78.0	85.0	81.0	73.0	82.0	76.0	79.0	77.0	74.0	73.0	109.0	76.0	83.0	102.0	77.0	78.0	74.0
224.078	75.0	90.0	85.0	79.0	86.0	86.0	75.0	81.0	85.0	84.0	84.0	79.0	82.0	107.0	88.0	83.0	101.0	78.0	80.0	77.0
224.175	79.0	80.0	82.0	75.0	85.0	85.0	66.0	83.0	74.0	74.0	87.0	73.0	84.0	110.0	81.0	82.0	98.0	82.0	76.0	83.0
224.272	74.0	85.0	80.0	79.0	88.0	84.0	78.0	84.0	77.0	78.0	84.0	77.0	77.0	111.0	75.0	76.0	109.0	74.0	80.0	78.0
224.369	75.0	88.0	83.0	84.0	89.0	88.0	75.0	80.0	83.0	82.0	85.0	75.0	77.0	110.0	73.0	76.0	102.0	77.0	86.0	81.0
224.466	81.0	84.0	87.0	85.0	90.0	82.0	82.0	85.0	78.0	76.0	89.0	79.0	76.0	108.0	75.0	80.0	104.0	80.0	83.0	78.0
224.563	82.0	82.0	79.0	83.0	83.0	83.0	75.0	84.0	68.0	74.0	82.0	71.0	76.0	107.0	81.0	79.0	100.0	80.0	74.0	80.0
224.66	77.0	86.0	82.0	85.0	86.0	83.0	76.0	83.0	80.0	84.0	82.0	72.0	80.0	108.0	78.0	79.0	106.0	72.0	71.0	80.0
224.757	81.0	90.0	84.0	89.0	89.0	90.0	79.0	81.0	86.0	80.0	80.0	77.0	73.0	116.0	82.0	78.0	110.0	86.0	77.0	80.0
224.855	77.0	85.0	81.0	80.0	78.0	82.0	77.0	86.0	79.0	72.0	85.0	80.0	83.0	112.0	86.0	84.0	97.0	84.0	79.0	78.0
224.952	78.0	80.0	75.0	84.0	78.0	78.0	77.0	81.0	80.0	76.0	82.0	74.0	77.0	109.0	74.0	79.0	101.0	74.0	77.0	79.0
225.049	78.0	81.0	77.0	82.0	80.0	81.0	72.0	86.0	75.0	79.0	84.0	78.0	74.0	106.0	83.0	80.0	101.0	78.0	81.0	73.0
225.146	77.0	86.0	79.0	82.0	81.0	83.0	80.0	73.0	82.0	82.0	76.0	79.0	78.0	107.0	77.0	80.0	108.0	76.0	83.0	75.0
225.243	80.0	81.0	85.0	83.0	83.0	83.0	80.0	85.0	76.0	77.0	80.0	79.0	78.0	108.0	76.0	75.0	98.0	74.0	87.0	80.0
225.341	79.0	84.0	89.0	82.0	85.0	82.0	75.0	83.0	81.0	78.0	81.0	79.0	76.0	112.0	79.0	83.0	103.0	77.0	78.0	73.0
225.438	86.0	98.0	101.0	97.0	100.0	98.0	79.0	87.0	86.0	88.0	94.0	77.0	77.0	119.0	89.0	92.0	101.0	78.0	88.0	83.0
225.535	84.0	98.0	95.0	104.0	102.0	99.0	78.0	88.0	91.0	86.0	95.0	84.0	78.0	120.0	88.0	86.0	105.0	78.0	86.0	83.0
225.633	82.0	88.0	92.0	85.0	87.0	89.0	77.0	89.0	85.0	77.0	88.0	81.0	77.0	118.0	85.0	83.0	97.0	90.0	85.0	78.0
225.73	85.0	92.0	86.0	82.0	84.0	83.0	80.0	85.0	86.0	78.0	83.0	80.0	77.0	111.0	89.0	90.0	104.0	84.0	84.0	75.0
225.827	79.0	95.0	80.0	82.0	87.0	86.0	71.0	85.0	79.0	80.0	87.0	76.0	76.0	111.0	80.0	82.0	104.0	78.0	82.0	80.0
225.924	72.0	84.0	82.0	81.0	81.0	79.0	80.0	78.0	78.0	77.0	79.0	74.0	81.0	113.0	74.0	76.0	105.0	79.0	80.0	81.0
226.022	86.0	92.0	92.0	98.0	97.0	93.0	95.0	90.0	90.0	96.0	96.0	88.0	91.0	119.0	87.0	84.0	110.0	90.0	89.0	85.0
226.119	79.0	85.0	88.0	81.0	91.0	89.0	82.0	84.0	81.0	78.0	90.0	80.0	84.0	111.0	81.0	76.0	101.0	81.0	79.0	77.0
226.217	80.0	99.0	97.0	93.0	94.0	95.0	79.0	87.0	78.0	87.0	93.0	84.0	82.0	117.0	92.0	88.0	104.0	80.0	81.0	84.0
226.314	81.0	104.0	99.0	102.0	101.0	103.0	77.0	90.0	92.0	91.0	98.0	91.0	79.0	122.0	89.0	92.0	101.0	84.0	87.0	84.0
226.411	84.0	90.0	87.0	91.0	92.0	92.0	83.0	89.0	81.0	83.0	88.0	84.0	83.0	115.0	79.0	82.0	104.0	78.0	85.0	81.0
226.509	72.0	83.0	80.0	82.0	82.0	76.0	72.0	83.0	78.0	78.0	83.0	76.0	80.0	112.0	81.0	79.0	100.0	85.0	75.0	80.0
226.606	81.0	89.0	86.0	86.0	88.0	90.0	78.0	92.0	78.0	82.0	87.0	82.0	84.0	118.0	88.0	79.0	102.0	79.0	77.0	83.0
226.704	80.0	93.0	90.0	87.0	93.0	96.0	77.0	86.0	85.0	90.0	87.0	84.0	85.0	119.0	79.0	84.0	106.0	82.0	89.0	87.0
226.801	76.0	88.0	84.0	80.0	84.0	84.0	77.0	86.0	80.0	80.0	90.0	79.0	77.0	115.0	80.0	75.0	96.0	79.0	80.0	75.0
226.899	85.0	86.0	87.0	83.0	85.0	92.0	80.0	84.0	78.0	80.0	84.0	81.0	76.0	114.0	83.0	81.0	105.0	86.0	78.0	80.0
226.996	78.0	88.0	81.0	88.0	78.0	86.0	71.0	82.0	79.0	77.0	83.0	77.0	79.0	109.0	83.0	83.0	104.0	76.0	75.0	79.0
227.094	86.0	96.0	86.0	90.0	89.0	83.0	78.0	90.0	85.0	84.0	92.0	80.0	76.0	108.0	82.0	83.0	109.0	77.0	82.0	79.0
227.191	80.0	86.0	81.0	82.0	81.0	82.0	84.0	80.0	78.0	78.0	86.0	80.0	80.0	106.0	80.0	78.0	105.0	75.0	76.0	74.0
227.289	84.0	91.0	80.0	80.0	85.0	84.0	80.0	80.0	76.0	74.0	84.0	78.0	81.0	110.0	85.0	76.0	96.0	80.0	78.0	82.0
227.386	89.0	94.0	82.0	90.0	89.0	89.0	72.0	88.0	80.0	80.0	86.0	78.0	80.0	113.0	81.0	76.0	103.0	85.0	81.0	77.0
227.484	78.0	89.0	86.0	88.0	85.0	86.0	72.0	83.0	78.0	85.0	88.0	73.0	79.0	116.0	79.0	78.0	101.0	74.0	89.0	78.0
227.581	79.0	90.0	79.0	81.0	83.0	85.0	84.0	81.0	77.0	79.0	88.0	76.0	73.0	114.0	72.0	78.0	101.0	71.0	82.0	79.0
227.679	92.0	96.0	96.0	101.0	97.0	96.0	94.0	104.0	95.0	88.0	103.0	93.0	89.0	125.0	95.0	92.0	116.0	92.0	101.0	99.0
227.777	78.0	88.0	85.0	85.0	80.0	85.0	85.0	91.0	79.0	78.0	93.0	77.0	83.0	116.0	84.0	82.0	104.0	77.0	78.0	83.0
227.874	78.0	93.0	88.0	83.0	88.0	84.0	78.0	84.0	76.0	77.0	84.0	78.0	72.0	111.0	84.0	81.0	107.0	74.0	79.0	79.0
227.972	76.0	89.0	83.0	85.0	85.0	80.0	77.0	83.0	77.0	84.0	85.0	82.0	83.0	114.0	85.0	77.0	101.0	77.0	82.0	77.0
228.069	81.0	82.0	81.0	80.0	82.0	78.0	73.0	82.0	77.0	77.0	86.0	77.0	78.0	113.0	75.0	80.0	98.0	78.0	75.0	79.0
228.167	82.0	86.0	81.0	86.0	81.0	81.0	70.0	84.0	79.0	79.0	86.0	80.0	80.0	113.0	86.0	85.0	105.0	82.0	86.0	83.0
228.265	76.0	93.0	84.0	83.0	82.0	84.0	76.0	80.0	80.0	80.0	75.0	75.0	75.0	107.0	77.0	81.0	102.0	78.0	86.0	82.0
228.363	84.0	86.0	82.0	85.0	88.0	86.0	77.0	82.0	76.0	83.0	86.0	82.0	86.0	112.0	80.0	78.0	103.0	81.0	82.0	83.0
228.46	88.0	81.0	85.0	85.0	82.0	82.0	79.0	83.0	77.0	76.0	83.0	79.0	86.0	115.0	79.0	79.0	103.0	82.0	76.0	82.0
228.558	88.0	88.0	86.0	84.0	89.0	84.0	80.0	81.0	79.0	81.0	80.0	75.0	88.0	111.0	88.0	79.0	99.0	82.0	80.0	81.0
228.656	85.0	92.0	79.0	86.0	89.0	87.0	80.0	80.0	80.0	77.0	82.0	74.0	76.0	110.0	81.0	75.0	103.0	76.0	78.0	79.0
228.753	108.0	112.0	102.0	103.0	104.0	103.0	94.0	111.0	105.0	107.0	110.0	106.0	109.0	134.0	105.0	102.0	127.0	104.0	104.0	99.0
228.851	92.0	95.0	86.0	86.0	88.0	96.0	77.0	92.0	90.0	91.0	96.0	82.0	89.0	117.0	88.0	82.0	96.0	87.0	85.0	80.0
228.949	104.0	94.0	88.0	87.0	109.0	101.0	81.0	96.0	89.0	90.0	106.0	86.0	104.0	126.0	108.0	83.0	100.0	90.0	87.0	78.0
229.047	101.0	97.0	83.0	86.0	113.0	108.0	78.0	90.0	93.0	102.0	116.0	86.0	111.0	126.0	111.0	85.0	110.0	98.0	94.0	84.0
229.145	94.0	95.0	92.0	88.0	99.0	101.0	79.0	84.0	88.0	97.0	97.0	80.0	98.0	121.0	94.0	78.0	106.0	87.0	85.0	82.0
229.242	88.0	96.0	86.0	81.0	88.0	87.0	81.0	85.0	82.0	86.0	97.0	82.0	87.0	120.0	85.0	82.0	97.0	84.0	89.0	84.0
229.34	88.0	89.0	91.0	80.0	93.0	89.0	71.0	93.0	80.0	82.0	93.0	79.0	87.0	110.0	87.0	87.0	110.0	81.0	80.0	80.0
229.438	86.0	90.0	82.0	86.0	84.0	88.0	79.0	83.0	82.0	80.0	89.0	78.0	76.0	113.0	80.0	80.0	104.0	71.0	76.0	78.0
229.536	82.0	89.0	85.0	84.0	84.0	83.0	78.0	83.0	83.0	82.0	80.0	79.0	78.0	113.0	84.0	82.0	99.0	76.0	77.0	78.0
229.634	81.0	94.0	89.0	89.0	84.0	83.0	87.0	93.0	88.0	87.0	93.0	88.0	89.0	115.0	89.0	91.0	103.0	90.0	90.0	79.0
229.732	84.0	88.0	84.0	91.0	82.0	79.0	83.0	85.0	86.0	84.0	91.0	78.0	79.0	118.0	85.0	86.0	101.0	85.0	82.0	85.0
229.83	77.0	83.0	87.0	85.0	86.0	79.0	74.0	80.0	81.0	80.0	85.0	80.0	86.0	110.0	84.0	79.0	103.0	76.0	79.0	84.0
229.928	90.0	90.0	92.0	89.0	93.0	92.0	83.0	84.0	95.0	89.0	90.0	83.0	87.0	124.0	88.0	84.0	110.0	83.0	89.0	88.0
230.026	80.0	86.0	83.0	77.0	85.0	90.0	76.0	85.0	84.0	79.0	85.0	81.0	79.0	117.0	85.0	77.0	103.0	79.0	82.0	72.0
230.124	84.0	82.0	84.0	74.0	87.0	89.0	81.0	87.0	75.0	72.0	86.0	76.0	80.0	115.0	79.0	81.0	98.0	79.0	82.0	78.0
230.222	84.0	88.0	79.0	84.0	81.0	79.0	74.0	83.0	77.0	77.0	86.0	77.0	75.0	108.0	75.0	85.0	102.0	74.0	79.0	78.0
230.32	85.0	88.0	83.0	81.0	85.0	81.0	75.0	78.0	84.0	80.0	81.0	77.0	80.0	110.0	78.0	81.0	102.0	71.0	84.0	82.0
230.418	79.0	84.0	82.0	81.0	84.0	83.0	76.0	80.0	78.0	84.0	85.0	86.0	80.0	120.0	77.0	80.0	94.0	74.0	81.0	75.0
230.516	85.0	91.0	85.0	85.0	83.0	85.0	82.0	89.0	82.0	84.0	84.0	80.0	82.0	119.0	84.0	80.0	102.0	78.0	85.0	78.0
230.614	81.0	93.0	77.0	84.0	82.0	88.0	77.0	77.0	82.0	77.0	81.0	81.0	77.0	116.0	79.0	81.0	105.0	82.0	84.0	80.0
230.712	82.0	88.0	86.0	88.0	89.0	88.0	80.0	81.0	83.0	77.0	80.0	81.0	81.0	116.0	79.0	82.0	108.0	82.0	82.0	76.0
230.81	83.0	84.0	83.0	82.0	87.0	81.0	84.0	81.0	84.0	75.0	80.0	80.0	82.0	112.0	80.0	79.0	104.0	76.0	81.0	77.0
230.908	82.0	84.0	86.0	79.0	90.0	86.0	72.0	85.0	77.0	77.0	90.0	79.0	84.0	110.0	79.0	83.0	97.0	81.0	78.0	76.0
231.006	79.0	89.0	90.0	87.0	88.0	84.0	82.0	85.0	84.0	78.0	92.0	78.0	76.0	114.0	81.0	79.0	104.0	77.0	83.0	85.0
231.104	82.0	89.0	87.0	87.0	85.0	87.0	82.0	87.0	82.0	78.0	84.0	80.0	79.0	110.0	84.0	79.0	109.0	79.0	87.0	76.0
231.202	80.0	80.0	85.0	82.0	86.0	84.0	78.0	79.0	79.0	80.0	80.0	71.0	80.0	113.0	79.0	83.0	96.0	77.0	90.0	76.0
231.3	75.0	83.0	79.0	81.0	81.0	80.0	81.0	86.0	82.0	78.0	81.0	72.0	82.0	110.0	85.0	79.0	97.0	78.0	82.0	74.0
231.398	81.0	89.0	83.0	86.0	87.0	92.0	78.0	85.0	79.0	82.0	80.0	80.0	75.0	108.0	83.0	76.0	105.0	78.0	81.0	80.0
231.497	78.0	84.0	81.0	81.0	90.0	88.0	77.0	82.0	79.0	81.0	82.0	80.0	78.0	108.0	77.0	80.0	105.0	84.0	79.0	81.0
231.595	82.0	87.0	81.0	87.0	85.0	83.0	79.0	84.0	86.0	76.0	84.0	84.0	77.0	112.0	77.0	76.0	96.0	81.0	85.0	81.0
231.693	84.0	83.0	84.0	82.0	89.0	82.0	83.0	81.0	84.0	74.0	88.0	84.0	81.0	109.0	78.0	82.0	104.0	76.0	85.0	81.0
231.791	93.0	98.0	88.0	93.0	97.0	92.0	93.0	92.0	86.0	84.0	95.0	86.0	87.0	120.0	93.0	95.0	111.0	89.0	82.0	89.0
231.889	78.0	98.0	86.0	91.0	87.0	85.0	79.0	86.0	87.0	85.0	97.0	86.0	80.0	113.0	86.0	88.0	108.0	78.0	83.0	85.0
231.988	78.0	80.0	88.0	87.0	90.0	83.0	77.0	84.0	85.0	76.0	85.0	81.0	75.0	116.0	81.0	80.0	99.0	79.0	88.0	81.0
232.086	83.0	89.0	79.0	80.0	88.0	87.0	76.0	89.0	83.0	79.0	86.0	79.0	82.0	107.0	87.0	80.0	101.0	73.0	84.0	80.0
232.184	81.0	90.0	92.0	84.0	85.0	89.0	79.0	88.0	86.0	83.0	93.0	80.0	82.0	112.0	89.0	83.0	100.0	86.0	81.0	81.0
232.282	78.0	91.0	89.0	87.0	91.0	87.0	81.0	83.0	81.0	81.0	80.0	78.0	81.0	115.0	79.0	80.0	101.0	75.0	80.0	86.0
232.381	83.0	89.0	88.0	91.0	87.0	93.0	80.0	78.0	85.0	80.0	85.0	83.0	80.0	120.0	80.0	77.0	100.0	77.0	80.0	78.0
232.479	87.0	88.0	88.0	89.0	92.0	88.0	81.0	85.0	84.0	86.0	89.0	83.0	84.0	118.0	89.0	78.0	103.0	82.0	84.0	84.0
232.577	83.0	96.0	92.0	91.0	92.0	94.0	82.0	82.0	81.0	88.0	94.0	84.0	82.0	114.0	91.0	85.0	102.0	86.0	84.0	85.0
232.676	94.0	101.0	94.0	95.0	101.0	95.0	79.0	88.0	87.0	86.0	94.0	86.0	77.0	122.0	88.0	83.0	102.0	81.0	84.0	86.0
232.774	85.0	100.0	95.0	95.0	103.0	95.0	78.0	86.0	85.0	83.0	91.0	83.0	90.0	116.0	83.0	88.0	102.0	85.0	85.0	85.0
232.872	84.0	86.0	95.0	96.0	96.0	90.0	86.0	86.0	84.0	83.0	95.0	84.0	86.0	119.0	86.0	85.0	105.0	85.0	85.0	78.0
232.971	93.0	97.0	92.0	93.0	94.0	93.0	84.0	93.0	85.0	86.0	97.0	92.0	89.0	120.0	90.0	92.0	113.0	82.0	92.0	85.0
233.069	77.0	90.0	91.0	80.0	94.0	91.0	81.0	87.0	80.0	80.0	82.0	80.0	84.0	113.0	84.0	87.0	104.0	82.0	84.0	82.0
233.168	79.0	89.0	91.0	91.0	92.0	96.0	81.0	82.0	85.0	88.0	88.0	87.0	87.0	124.0	88.0	75.0	103.0	80.0	86.0	84.0
233.266	85.0	90.0	92.0	94.0	101.0	97.0	83.0	85.0	87.0	82.0	91.0	86.0	85.0	118.0	84.0	86.0	103.0	85.0	88.0	82.0
233.364	82.0	90.0	91.0	88.0	93.0	94.0	80.0	88.0	81.0	78.0	94.0	77.0	84.0	111.0	87.0	83.0	103.0	84.0	78.0	85.0
233.463	84.0	98.0	96.0	100.0	96.0	100.0	72.0	81.0	90.0	85.0	93.0	84.0	73.0	117.0	86.0	83.0	102.0	83.0	82.0	83.0
233.561	87.0	94.0	101.0	99.0	100.0	101.0	78.0	93.0	92.0	92.0	90.0	83.0	82.0	126.0	92.0	88.0	95.0	86.0	92.0	91.0
233.66	98.0	101.0	93.0	94.0	98.0	101.0	80.0	84.0	88.0	88.0	91.0	90.0	91.0	127.0	93.0	93.0	102.0	95.0	95.0	89.0
233.758	95.0	102.0	93.0	93.0	103.0	97.0	86.0	89.0	94.0	92.0	96.0	88.0	93.0	123.0	96.0	91.0	107.0	97.0	97.0	96.0
233.857	86.0	93.0	90.0	93.0	102.0	98.0	76.0	89.0	87.0	93.0	92.0	85.0	88.0	119.0	85.0	81.0	103.0	85.0	87.0	90.0
233.955	87.0	97.0	103.0	95.0	98.0	101.0	80.0	85.0	89.0	89.0	95.0	84.0	84.0	124.0	84.0	87.0	102.0	88.0	89.0	81.0
234.054	84.0	96.0	104.0	88.0	104.0	104.0	81.0	84.0	88.0	90.0	102.0	88.0	83.0	133.0	91.0	90.0	99.0	84.0	91.0	88.0
234.153	94.0	97.0	96.0	93.0	107.0	102.0	82.0	88.0	88.0	92.0	105.0	88.0	89.0	122.0	94.0	90.0	100.0	94.0	96.0	97.0
234.251	94.0	100.0	98.0	91.0	98.0	96.0	77.0	87.0	80.0	86.0	94.0	79.0	82.0	116.0	91.0	86.0	100.0	86.0	84.0	86.0
234.35	89.0	94.0	92.0	92.0	91.0	94.0	76.0	79.0	87.0	87.0	87.0	76.0	85.0	120.0	85.0	84.0	101.0	82.0	89.0	81.0
234.448	87.0	91.0	93.0	89.0	91.0	92.0	82.0	90.0	92.0	81.0	91.0	87.0	86.0	124.0	89.0	87.0	98.0	82.0	86.0	83.0
234.547	81.0	88.0	84.0	81.0	86.0	86.0	80.0	86.0	82.0	87.0	83.0	80.0	88.0	110.0	83.0	83.0	98.0	80.0	85.0	82.0
234.645	80.0	91.0	87.0	92.0	91.0	88.0	76.0	88.0	87.0	85.0	90.0	80.0	85.0	115.0	85.0	78.0	103.0	84.0	83.0	83.0
234.744	87.0	98.0	92.0	89.0	98.0	92.0	80.0	81.0	88.0	86.0	85.0	88.0	84.0	119.0	79.0	84.0	103.0	83.0	74.0	89.0
234.843	85.0	92.0	94.0	90.0	96.0	86.0	86.0	84.0	78.0	88.0	92.0	87.0	82.0	117.0	89.0	89.0	111.0	85.0	84.0	85.0
234.941	82.0	88.0	91.0	86.0	85.0	89.0	76.0	90.0	82.0	86.0	89.0	81.0	85.0	108.0	84.0	82.0	102.0	84.0	78.0	80.0
235.04	83.0	91.0	88.0	90.0	91.0	90.0	79.0	87.0	82.0	83.0	91.0	75.0	80.0	114.0	80.0	79.0	104.0	81.0	82.0	80.0
235.139	88.0	93.0	90.0	91.0	89.0	89.0	84.0	84.0	82.0	83.0	82.0	81.0	84.0	119.0	83.0	86.0	107.0	84.0	86.0	89.0
235.238	82.0	87.0	90.0	89.0	89.0	86.0	83.0	91.0	80.0	82.0	85.0	80.0	85.0	117.0	85.0	84.0	100.0	86.0	84.0	82.0
235.336	90.0	95.0	81.0	85.0	96.0	88.0	82.0	85.0	88.0	86.0	91.0	78.0	85.0	118.0	87.0	86.0	108.0	88.0	96.0	88.0
235.435	81.0	94.0	85.0	90.0	93.0	87.0	79.0	88.0	84.0	86.0	89.0	81.0	81.0	117.0	86.0	83.0	104.0	83.0	83.0	87.0
235.534	79.0	92.0	91.0	85.0	92.0	87.0	77.0	79.0	77.0	84.0	85.0	78.0	82.0	120.0	84.0	79.0	103.0	80.0	85.0	86.0
235.632	89.0	85.0	92.0	85.0	89.0	92.0	82.0	79.0	83.0	83.0	93.0	80.0	76.0	112.0	77.0	85.0	95.0	74.0	89.0	83.0
235.731	83.0	82.0	89.0	86.0	88.0	88.0	77.0	87.0	80.0	82.0	92.0	76.0	79.0	110.0	85.0	81.0	98.0	81.0	87.0	81.0
235.83	85.0	93.0	94.0	85.0	94.0	95.0	86.0	90.0	86.0	77.0	86.0	78.0	80.0	110.0	84.0	85.0	101.0	82.0	86.0	92.0
235.929	82.0	91.0	90.0	89.0	97.0	92.0	79.0	85.0	88.0	87.0	89.0	86.0	82.0	116.0	80.0	86.0	108.0	75.0	87.0	86.0
236.028	86.0	92.0	86.0	88.0	93.0	85.0	81.0	82.0	82.0	86.0	88.0	87.0	83.0	119.0	89.0	87.0	101.0	81.0	89.0	80.0
236.127	102.0	100.0	92.0	90.0	93.0	96.0	92.0	94.0	94.0	89.0	93.0	95.0	92.0	123.0	94.0	89.0	113.0	96.0	95.0	85.0
236.225	82.0	94.0	88.0	87.0	86.0	87.0	72.0	88.0	77.0	86.0	88.0	82.0	86.0	110.0	86.0	80.0	107.0	84.0	86.0	89.0
236.324	88.0	94.0	94.0	85.0	92.0	90.0	74.0	83.0	80.0	86.0	79.0	75.0	79.0	116.0	79.0	80.0	101.0	80.0	85.0	84.0
236.423	85.0	90.0	82.0	89.0	92.0	88.0	79.0	79.0	84.0	84.0	87.0	81.0	81.0	117.0	83.0	82.0	107.0	85.0	89.0	81.0
236.522	88.0	92.0	83.0	86.0	94.0	97.0	80.0	87.0	82.0	84.0	96.0	82.0	81.0	114.0	86.0	86.0	100.0	81.0	78.0	84.0
236.621	87.0	98.0	91.0	89.0	91.0	90.0	81.0	87.0	86.0	84.0	89.0	80.0	83.0	113.0	92.0	88.0	100.0	78.0	81.0	85.0
236.72	86.0	92.0	90.0	88.0	97.0	99.0	83.0	85.0	88.0	84.0	91.0	78.0	83.0	111.0	87.0	84.0	112.0	80.0	86.0	82.0
236.819	94.0	103.0	103.0	100.0	108.0	105.0	90.0	98.0	96.0	100.0	100.0	94.0	90.0	118.0	89.0	95.0	104.0	92.0	99.0	94.0
236.918	90.0	99.0	94.0	98.0	94.0	86.0	84.0	93.0	89.0	91.0	93.0	88.0	81.0	110.0	90.0	88.0	95.0	90.0	85.0	82.0
237.017	82.0	93.0	86.0	91.0	92.0	89.0	75.0	89.0	81.0	90.0	93.0	81.0	75.0	111.0	83.0	88.0	103.0	82.0	85.0	85.0
237.116	90.0	96.0	96.0	92.0	89.0	100.0	80.0	86.0	85.0	85.0	91.0	86.0	80.0	121.0	83.0	83.0	105.0	88.0	87.0	86.0
237.215	87.0	92.0	97.0	89.0	95.0	97.0	77.0	84.0	86.0	84.0	92.0	85.0	85.0	123.0	88.0	85.0	100.0	85.0	88.0	84.0
237.314	94.0	93.0	91.0	94.0	98.0	98.0	83.0	87.0	88.0	88.0	90.0	89.0	86.0	113.0	89.0	87.0	104.0	85.0	89.0	86.0
237.413	93.0	101.0	90.0	92.0	91.0	98.0	81.0	89.0	86.0	87.0	92.0	82.0	83.0	123.0	84.0	89.0	102.0	91.0	92.0	92.0
237.512	110.0	120.0	102.0	101.0	117.0	117.0	87.0	92.0	102.0	102.0	103.0	96.0	90.0	140.0	106.0	103.0	109.0	110.0	112.0	111.0
237.611	102.0	111.0	96.0	108.0	115.0	118.0	88.0	96.0	106.0	107.0	98.0	99.0	93.0	136.0	108.0	95.0	100.0	111.0	120.0	111.0
237.71	89.0	105.0	90.0	97.0	94.0	99.0	86.0	86.0	89.0	83.0	88.0	88.0	84.0	122.0	93.0	87.0	96.0	95.0	96.0	93.0
237.809	86.0	93.0	91.0	97.0	92.0	98.0	81.0	84.0	84.0	85.0	91.0	81.0	75.0	113.0	92.0	87.0	104.0	83.0	89.0	85.0
237.908	88.0	97.0	94.0	100.0	97.0	102.0	78.0	85.0	85.0	82.0	90.0	87.0	83.0	117.0	80.0	86.0	102.0	81.0	90.0	86.0
238.007	83.0	94.0	102.0	104.0	94.0	95.0	82.0	82.0	80.0	82.0	90.0	75.0	81.0	117.0	90.0	79.0	107.0	84.0	89.0	81.0
238.106	82.0	96.0	95.0	107.0	98.0	95.0	85.0	82.0	83.0	83.0	89.0	83.0	82.0	119.0	93.0	83.0	101.0	85.0	87.0	93.0
238.205	94.0	100.0	99.0	107.0	103.0	104.0	84.0	90.0	87.0	87.0	97.0	81.0	83.0	116.0	93.0	87.0	105.0	87.0	97.0	93.0
238.304	87.0	104.0	98.0	120.0	103.0	106.0	81.0	83.0	86.0	89.0	97.0	86.0	81.0	118.0	99.0	84.0	103.0	88.0	88.0	86.0
238.404	88.0	98.0	101.0	125.0	106.0	103.0	86.0	92.0	86.0	90.0	103.0	85.0	92.0	125.0	92.0	87.0	104.0	93.0	90.0	88.0
238.503	86.0	92.0	100.0	111.0	103.0	98.0	85.0	83.0	81.0	88.0	94.0	80.0	85.0	119.0	95.0	89.0	100.0	86.0	80.0	80.0
238.602	81.0	92.0	89.0	102.0	96.0	93.0	84.0	84.0	87.0	84.0	91.0	78.0	82.0	110.0	88.0	86.0	103.0	84.0	81.0	78.0
238.701	86.0	97.0	97.0	99.0	98.0	98.0	76.0	92.0	83.0	84.0	90.0	79.0	79.0	117.0	89.0	90.0	106.0	85.0	88.0	79.0
238.8	90.0	95.0	96.0	100.0	95.0	99.0	79.0	86.0	87.0	88.0	93.0	85.0	83.0	117.0	84.0	86.0	103.0	86.0	92.0	92.0
238.9	103.0	118.0	103.0	107.0	116.0	113.0	89.0	92.0	100.0	110.0	104.0	99.0	103.0	125.0	107.0	104.0	106.0	110.0	119.0	114.0
238.999	92.0	110.0	94.0	101.0	103.0	106.0	85.0	95.0	86.0	92.0	103.0	87.0	89.0	120.0	98.0	100.0	104.0	105.0	99.0	106.0
239.098	91.0	100.0	96.0	98.0	101.0	99.0	81.0	88.0	88.0	87.0	89.0	82.0	82.0	122.0	84.0	85.0	103.0	87.0	90.0	88.0
239.197	93.0	100.0	97.0	102.0	105.0	106.0	88.0	89.0	90.0	89.0	96.0	91.0	87.0	125.0	93.0	89.0	102.0	89.0	94.0	91.0
239.297	95.0	104.0	92.0	93.0	101.0	100.0	82.0	84.0	89.0	96.0	94.0	89.0	88.0	120.0	94.0	89.0	105.0	95.0	90.0	89.0
239.396	94.0	99.0	100.0	96.0	89.0	94.0	84.0	93.0	83.0	91.0	95.0	84.0	85.0	114.0	96.0	90.0	104.0	90.0	93.0	88.0
239.495	81.0	94.0	94.0	88.0	88.0	90.0	82.0	88.0	82.0	84.0	80.0	86.0	88.0	118.0	88.0	82.0	98.0	81.0	83.0	88.0
239.595	81.0	92.0	90.0	89.0	89.0	95.0	76.0	83.0	87.0	85.0	89.0	78.0	89.0	114.0	79.0	83.0	101.0	77.0	83.0	85.0
239.694	87.0	96.0	87.0	96.0	92.0	90.0	79.0	84.0	86.0	88.0	85.0	88.0	84.0	116.0	86.0	82.0	104.0	81.0	89.0	87.0
239.793	94.0	103.0	94.0	91.0	104.0	104.0	84.0	87.0	91.0	93.0	98.0	89.0	94.0	120.0	95.0	91.0	104.0	100.0	94.0	96.0
239.893	94.0	108.0	95.0	93.0	99.0	104.0	87.0	86.0	96.0	95.0	96.0	87.0	87.0	120.0	96.0	91.0	105.0	98.0	93.0	99.0
239.992	92.0	104.0	89.0	93.0	98.0	99.0	79.0	87.0	92.0	90.0	89.0	90.0	81.0	122.0	91.0	88.0	100.0	84.0	103.0	96.0
240.091	86.0	91.0	91.0	82.0	98.0	97.0	82.0	79.0	87.0	81.0	92.0	81.0	85.0	113.0	81.0	75.0	100.0	87.0	91.0	90.0
240.191	83.0	94.0	93.0	91.0	89.0	85.0	82.0	90.0	84.0	85.0	96.0	83.0	90.0	117.0	83.0	93.0	109.0	82.0	96.0	78.0
240.29	91.0	101.0	93.0	91.0	95.0	97.0	78.0	89.0	89.0	86.0	92.0	87.0	84.0	120.0	91.0	95.0	107.0	84.0	93.0	84.0
240.39	89.0	104.0	93.0	97.0	105.0	107.0	82.0	86.0	89.0	98.0	91.0	89.0	89.0	125.0	87.0	81.0	104.0	91.0	98.0	92.0
240.489	91.0	107.0	101.0	106.0	104.0	100.0	89.0	88.0	98.0	103.0	105.0	99.0	90.0	123.0	96.0	92.0	100.0	98.0	102.0	90.0
240.589	86.0	98.0	105.0	92.0	106.0	100.0	86.0	90.0	89.0	85.0	104.0	84.0	86.0	114.0	95.0	88.0	106.0	92.0	92.0	88.0
240.688	87.0	108.0	109.0	103.0	104.0	111.0	84.0	92.0	94.0	92.0	111.0	88.0	81.0	130.0	89.0	92.0	106.0	90.0	89.0	85.0
240.788	91.0	109.0	115.0	105.0	112.0	105.0	86.0	87.0	92.0	95.0	115.0	91.0	85.0	120.0	93.0	93.0	106.0	84.0	88.0	89.0
240.887	87.0	96.0	101.0	97.0	90.0	98.0	82.0	89.0	85.0	89.0	97.0	85.0	81.0	128.0	89.0	87.0	96.0	84.0	90.0	86.0
240.987	86.0	99.0	93.0	87.0	91.0	91.0	85.0	92.0	85.0	82.0	91.0	83.0	81.0	120.0	89.0	85.0	99.0	86.0	86.0	82.0
241.086	85.0	98.0	95.0	90.0	94.0	91.0	78.0	90.0	84.0	90.0	90.0	90.0	80.0	117.0	83.0	83.0	102.0	81.0	84.0	87.0
241.186	97.0	98.0	96.0	93.0	104.0	104.0	80.0	88.0	87.0	92.0	97.0	90.0	90.0	124.0	86.0	88.0	106.0	83.0	95.0	87.0
241.285	82.0	89.0	83.0	87.0	98.0	95.0	85.0	83.0	82.0	90.0	86.0	82.0	84.0	114.0	81.0	82.0	105.0	81.0	86.0	82.0
241.385	85.0	94.0	91.0	89.0	90.0	93.0	77.0	84.0	83.0	82.0	88.0	88.0	88.0	112.0	87.0	87.0	109.0	81.0	85.0	81.0
241.484	88.0	94.0	88.0	89.0	92.0	92.0	82.0	90.0	88.0	84.0	91.0	82.0	78.0	115.0	78.0	85.0	108.0	78.0	78.0	83.0
241.584	82.0	97.0	88.0	88.0	90.0	91.0	81.0	84.0	85.0	80.0	92.0	82.0	81.0	112.0	86.0	84.0	100.0	76.0	78.0	79.0
241.684	87.0	91.0	95.0	83.0	94.0	94.0	71.0	85.0	82.0	86.0	90.0	87.0	85.0	117.0	91.0	88.0	96.0	80.0	87.0	81.0
241.783	90.0	98.0	85.0	84.0	92.0	90.0	78.0	87.0	86.0	87.0	91.0	82.0	78.0	109.0	80.0	85.0	102.0	88.0	88.0	82.0
241.883	78.0	88.0	80.0	82.0	87.0	85.0	80.0	86.0	84.0	83.0	85.0	76.0	88.0	106.0	81.0	83.0	105.0	79.0	82.0	77.0
241.982	82.0	97.0	90.0	88.0	92.0	92.0	80.0	86.0	79.0	81.0	81.0	82.0	86.0	112.0	74.0	82.0	106.0	83.0	84.0	84.0
242.082	88.0	92.0	92.0	93.0	90.0	91.0	79.0	81.0	82.0	82.0	87.0	81.0	82.0	110.0	81.0	83.0	108.0	78.0	80.0	78.0
242.182	85.0	89.0	82.0	88.0	94.0	88.0	83.0	89.0	82.0	80.0	89.0	81.0	89.0	111.0	83.0	86.0	105.0	84.0	81.0	81.0
242.281	97.0	105.0	99.0	97.0	102.0	103.0	91.0	103.0	89.0	91.0	97.0	93.0	84.0	121.0	99.0	102.0	111.0	93.0	94.0	96.0
242.381	82.0	95.0	85.0	88.0	93.0	93.0	84.0	88.0	88.0	80.0	88.0	82.0	84.0	116.0	85.0	87.0	102.0	79.0	78.0	80.0
242.481	82.0	93.0	88.0	83.0	93.0	84.0	80.0	81.0	85.0	85.0	88.0	83.0	83.0	121.0	80.0	84.0	96.0	83.0	81.0	86.0
242.581	83.0	88.0	89.0	91.0	91.0	89.0	79.0	82.0	90.0	80.0	92.0	75.0	84.0	115.0	92.0	84.0	105.0	81.0	84.0	84.0
242.68	86.0	93.0	90.0	82.0	94.0	85.0	82.0	90.0	86.0	84.0	87.0	85.0	86.0	115.0	86.0	82.0	109.0	84.0	92.0	79.0
242.78	88.0	97.0	93.0	92.0	91.0	98.0	75.0	84.0	86.0	87.0	93.0	84.0	87.0	113.0	85.0	87.0	101.0	81.0	84.0	80.0
242.88	91.0	103.0	102.0	101.0	104.0	101.0	89.0	98.0	101.0	101.0	100.0	91.0	97.0	125.0	90.0	90.0	109.0	95.0	101.0	96.0
242.98	94.0	93.0	94.0	89.0	95.0	98.0	86.0	91.0	89.0	87.0	90.0	87.0	89.0	120.0	82.0	87.0	102.0	91.0	84.0	85.0
243.08	84.0	90.0	89.0	83.0	92.0	89.0	78.0	88.0	80.0	74.0	90.0	82.0	84.0	117.0	79.0	79.0	100.0	83.0	85.0	83.0
243.179	85.0	94.0	86.0	83.0	96.0	92.0	76.0	85.0	87.0	84.0	89.0	81.0	80.0	113.0	82.0	82.0	106.0	78.0	79.0	84.0
243.279	92.0	98.0	85.0	97.0	93.0	96.0	82.0	89.0	92.0	84.0	89.0	82.0	87.0	117.0	84.0	87.0	100.0	87.0	88.0	88.0
243.379	95.0	104.0	94.0	90.0	95.0	97.0	83.0	89.0	86.0	89.0	99.0	83.0	85.0	121.0	90.0	88.0	100.0	87.0	84.0	85.0
243.479	91.0	96.0	87.0	90.0	93.0	89.0	83.0	90.0	81.0	80.0	89.0	84.0	84.0	115.0	85.0	91.0	97.0	86.0	82.0	85.0
243.579	88.0	97.0	91.0	92.0	96.0	91.0	91.0	96.0	91.0	89.0	97.0	85.0	89.0	115.0	88.0	92.0	113.0	88.0	92.0	93.0
243.679	87.0	88.0	92.0	90.0	92.0	88.0	78.0	84.0	88.0	80.0	93.0	78.0	78.0	113.0	78.0	81.0	102.0	86.0	85.0	83.0
243.779	92.0	90.0	89.0	91.0	95.0	83.0	85.0	81.0	89.0	92.0	87.0	83.0	86.0	116.0	88.0	81.0	99.0	83.0	88.0	82.0
243.878	87.0	95.0	94.0	87.0	93.0	96.0	85.0	84.0	81.0	83.0	91.0	77.0	85.0	107.0	82.0	85.0	105.0	84.0	82.0	86.0
243.978	94.0	90.0	84.0	90.0	93.0	91.0	83.0	88.0	87.0	88.0	93.0	75.0	78.0	112.0	81.0	90.0	102.0	80.0	85.0	81.0
244.078	93.0	87.0	93.0	100.0	96.0	93.0	77.0	84.0	89.0	85.0	96.0	82.0	85.0	115.0	86.0	86.0	100.0	86.0	90.0	85.0
244.178	88.0	95.0	90.0	96.0	96.0	97.0	80.0	91.0	84.0	87.0	91.0	85.0	84.0	115.0	80.0	88.0	103.0	83.0	87.0	80.0
244.278	88.0	88.0	87.0	90.0	92.0	92.0	83.0	93.0	85.0	81.0	87.0	79.0	81.0	109.0	85.0	88.0	101.0	84.0	79.0	76.0
244.378	87.0	108.0	98.0	97.0	99.0	102.0	79.0	94.0	95.0	91.0	98.0	81.0	94.0	122.0	93.0	89.0	105.0	88.0	87.0	85.0
244.478	90.0	103.0	98.0	99.0	96.0	101.0	79.0	83.0	82.0	91.0	96.0	81.0	79.0	117.0	79.0	83.0	99.0	84.0	83.0	82.0
244.578	98.0	100.0	97.0	98.0	105.0	103.0	91.0	93.0	89.0	92.0	97.0	91.0	89.0	125.0	90.0	93.0	112.0	81.0	93.0	97.0
244.678	87.0	97.0	90.0	85.0	99.0	92.0	83.0	90.0	80.0	74.0	94.0	85.0	85.0	113.0	86.0	92.0	102.0	78.0	85.0	81.0
244.778	87.0	97.0	90.0	94.0	91.0	94.0	76.0	85.0	83.0	82.0	86.0	78.0	78.0	114.0	82.0	85.0	110.0	78.0	81.0	86.0
244.878	86.0	94.0	87.0	87.0	88.0	85.0	81.0	90.0	89.0	81.0	89.0	79.0	79.0	116.0	82.0	84.0	98.0	76.0	84.0	78.0
244.978	84.0	93.0	86.0	87.0	90.0	93.0	82.0	78.0	84.0	83.0	91.0	77.0	78.0	117.0	81.0	90.0	101.0	86.0	86.0	76.0
245.078	93.0	97.0	92.0	89.0	88.0	84.0	83.0	93.0	80.0	80.0	86.0	82.0	78.0	114.0	91.0	86.0	105.0	82.0	89.0	83.0
245.179	114.0	130.0	122.0	124.0	121.0	126.0	114.0	120.0	116.0	119.0	119.0	117.0	119.0	155.0	117.0	116.0	134.0	119.0	112.0	119.0
245.279	88.0	97.0	101.0	95.0	92.0	98.0	85.0	93.0	94.0	99.0	94.0	96.0	96.0	120.0	91.0	88.0	113.0	88.0	95.0	94.0
245.379	86.0	91.0	93.0	93.0	94.0	86.0	80.0	84.0	86.0	86.0	95.0	80.0	89.0	114.0	85.0	84.0	99.0	80.0	88.0	82.0
245.479	84.0	88.0	81.0	83.0	87.0	93.0	85.0	86.0	76.0	84.0	86.0	73.0	88.0	108.0	84.0	82.0	106.0	86.0	84.0	83.0
245.579	89.0	99.0	88.0	90.0	94.0	89.0	80.0	91.0	89.0	92.0	87.0	80.0	83.0	114.0	87.0	91.0	105.0	86.0	83.0	89.0
245.679	85.0	96.0	98.0	94.0	97.0	101.0	80.0	88.0	89.0	98.0	87.0	86.0	86.0	123.0	85.0	89.0	101.0	83.0	92.0	87.0
245.779	84.0	98.0	93.0	96.0	93.0	92.0	81.0	85.0	91.0	82.0	94.0	86.0	87.0	121.0	86.0	87.0	101.0	85.0	87.0	84.0
245.879	85.0	98.0	83.0	88.0	84.0	92.0	88.0	86.0	78.0	87.0	88.0	83.0	78.0	113.0	91.0	87.0	104.0	85.0	84.0	81.0
245.98	87.0	99.0	87.0	96.0	88.0	89.0	86.0	86.0	85.0	86.0	86.0	84.0	82.0	122.0	90.0	88.0	107.0	86.0	84.0	81.0
246.08	89.0	97.0	90.0	86.0	94.0	99.0	74.0	90.0	86.0	87.0	91.0	79.0	79.0	115.0	81.0	78.0	104.0	84.0	79.0	90.0
246.18	91.0	92.0	99.0	97.0	90.0	95.0	85.0	84.0	90.0	91.0	91.0	82.0	87.0	118.0	89.0	83.0	107.0	85.0	82.0	84.0
246.28	84.0	93.0	95.0	90.0	93.0	87.0	80.0	88.0	81.0	79.0	89.0	82.0	82.0	108.0	83.0	88.0	101.0	82.0	85.0	88.0
246.381	91.0	91.0	85.0	86.0	89.0	93.0	76.0	88.0	80.0	84.0	88.0	78.0	81.0	117.0	83.0	92.0	102.0	84.0	84.0	85.0
246.481	89.0	95.0	90.0	85.0	93.0	85.0	88.0	91.0	92.0	90.0	93.0	83.0	86.0	119.0	87.0	83.0	107.0	82.0	82.0	87.0
246.581	89.0	93.0	96.0	92.0	87.0	100.0	83.0	96.0	90.0	87.0	94.0	86.0	92.0	120.0	84.0	90.0	99.0	88.0	85.0	89.0
246.681	91.0	101.0	86.0	95.0	91.0	97.0	81.0	97.0	88.0	89.0	95.0	89.0	86.0	115.0	86.0	90.0	104.0	91.0	88.0	84.0
246.782	89.0	98.0	89.0	90.0	100.0	95.0	85.0	94.0	87.0	88.0	90.0	87.0	80.0	109.0	88.0	91.0	104.0	93.0	90.0	86.0
246.882	91.0	101.0	95.0	98.0	98.0	100.0	80.0	85.0	84.0	87.0	95.0	87.0	85.0	114.0	84.0	87.0	103.0	90.0	91.0	83.0
246.982	92.0	97.0	87.0	93.0	94.0	96.0	80.0	90.0	91.0	92.0	100.0	82.0	90.0	116.0	85.0	88.0	102.0	86.0	88.0	83.0
247.083	119.0	117.0	114.0	108.0	120.0	129.0	101.0	107.0	112.0	122.0	124.0	110.0	116.0	147.0	117.0	120.0	123.0	111.0	117.0	105.0
247.183	160.0	148.0	116.0	120.0	153.0	148.0	113.0	139.0	138.0	159.0	174.0	128.0	135.0	173.0	154.0	151.0	120.0	146.0	156.0	128.0
247.283	186.0	169.0	126.0	129.0	179.0	174.0	114.0	148.0	170.0	188.0	193.0	153.0	146.0	190.0	180.0	166.0	107.0	167.0	179.0	144.0
247.384	124.0	128.0	104.0	104.0	128.0	124.0	91.0	118.0	114.0	135.0	134.0	114.0	114.0	147.0	128.0	114.0	101.0	117.0	127.0	107.0
247.484	102.0	110.0	92.0	94.0	111.0	111.0	84.0	97.0	95.0	106.0	106.0	94.0	96.0	123.0	102.0	96.0	98.0	99.0	101.0	92.0
247.585	93.0	104.0	93.0	98.0	100.0	101.0	88.0	104.0	95.0	100.0	94.0	83.0	90.0	119.0	96.0	93.0	103.0	93.0	94.0	90.0
247.685	95.0	115.0	106.0	98.0	111.0	104.0	90.0	99.0	98.0	102.0	99.0	86.0	97.0	124.0	93.0	100.0	102.0	94.0	109.0	103.0
247.785	101.0	100.0	98.0	94.0	100.0	98.0	83.0	87.0	94.0	95.0	95.0	80.0	89.0	123.0	93.0	93.0	106.0	90.0	92.0	95.0
247.886	91.0	95.0	88.0	94.0	90.0	91.0	80.0	90.0	87.0	88.0	90.0	81.0	92.0	117.0	93.0	91.0	107.0	81.0	87.0	85.0
247.986	82.0	92.0	94.0	92.0	89.0	92.0	81.0	94.0	90.0	80.0	90.0	77.0	86.0	112.0	88.0	88.0	104.0	81.0	88.0	80.0
248.087	85.0	98.0	91.0	93.0	91.0	92.0	86.0	95.0	91.0	83.0	89.0	77.0	78.0	115.0	86.0	90.0	101.0	84.0	90.0	90.0
248.187	95.0	109.0	96.0	98.0	99.0	98.0	87.0	91.0	95.0	95.0	97.0	90.0	87.0	127.0	92.0	90.0	98.0	87.0	93.0	95.0
248.288	100.0	102.0	93.0	98.0	98.0	99.0	87.0	92.0	90.0	100.0	98.0	84.0	92.0	124.0	95.0	95.0	101.0	96.0	98.0	88.0
248.388	93.0	113.0	96.0	101.0	92.0	94.0	84.0	98.0	94.0	96.0	92.0	87.0	90.0	118.0	91.0	89.0	108.0	91.0	97.0	101.0
248.489	96.0	105.0	94.0	99.0	99.0	101.0	82.0	93.0	94.0	93.0	98.0	94.0	90.0	127.0	88.0	90.0	100.0	94.0	97.0	94.0
248.589	92.0	102.0	93.0	97.0	101.0	105.0	78.0	90.0	95.0	88.0	101.0	92.0	88.0	125.0	94.0	88.0	104.0	94.0	96.0	101.0
248.69	89.0	105.0	94.0	95.0	101.0	96.0	85.0	87.0	92.0	90.0	92.0	94.0	88.0	126.0	91.0	90.0	107.0	104.0	100.0	100.0
248.791	91.0	96.0	93.0	90.0	96.0	91.0	91.0	94.0	77.0	87.0	93.0	82.0	85.0	117.0	89.0	81.0	109.0	87.0	88.0	88.0
248.891	86.0	97.0	90.0	97.0	91.0	90.0	82.0	87.0	79.0	92.0	90.0	84.0	84.0	114.0	82.0	87.0	101.0	90.0	85.0	83.0
248.992	89.0	99.0	87.0	88.0	96.0	92.0	79.0	89.0	87.0	88.0	88.0	84.0	90.0	113.0	87.0	82.0	102.0	85.0	86.0	80.0
249.092	91.0	105.0	92.0	96.0	94.0	100.0	80.0	94.0	88.0	89.0	95.0	82.0	90.0	115.0	87.0	87.0	107.0	88.0	86.0	79.0
249.193	90.0	98.0	88.0	91.0	91.0	88.0	81.0	90.0	82.0	86.0	89.0	80.0	89.0	116.0	87.0	88.0	103.0	84.0	90.0	84.0
249.294	84.0	99.0	95.0	92.0	96.0	100.0	81.0	87.0	86.0	89.0	88.0	84.0	87.0	117.0	84.0	88.0	101.0	84.0	83.0	89.0
249.394	95.0	97.0	98.0	93.0	88.0	97.0	82.0	85.0	87.0	90.0	90.0	86.0	86.0	118.0	89.0	86.0	103.0	82.0	89.0	88.0
249.495	100.0	97.0	94.0	92.0	93.0	98.0	88.0	90.0	93.0	94.0	89.0	96.0	87.0	119.0	90.0	89.0	104.0	89.0	92.0	90.0
249.595	89.0	103.0	92.0	90.0	96.0	92.0	85.0	87.0	85.0	88.0	88.0	86.0	80.0	115.0	92.0	90.0	103.0	92.0	87.0	80.0
249.696	90.0	89.0	91.0	97.0	88.0	98.0	81.0	90.0	85.0	88.0	83.0	84.0	83.0	114.0	87.0	90.0	103.0	80.0	87.0	87.0
249.797	88.0	91.0	86.0	94.0	89.0	91.0	80.0	91.0	85.0	85.0	89.0	83.0	79.0	116.0	82.0	92.0	103.0	79.0	78.0	82.0
249.898	90.0	93.0	85.0	82.0	85.0	94.0	83.0	87.0	87.0	86.0	87.0	84.0	85.0	115.0	81.0	90.0	101.0	80.0	82.0	77.0
249.998	89.0	88.0	84.0	93.0	84.0	96.0	83.0	90.0	86.0	83.0	89.0	82.0	83.0	114.0	83.0	88.0	107.0	84.0	83.0	80.0
250.099	87.0	99.0	88.0	90.0	96.0	90.0	84.0	91.0	84.0	87.0	99.0	85.0	83.0	114.0	81.0	89.0	110.0	83.0	85.0	79.0
250.2	95.0	97.0	87.0	93.0	91.0	95.0	88.0	86.0	85.0	92.0	93.0	86.0	80.0	116.0	82.0	79.0	104.0	86.0	83.0	82.0
250.301	91.0	97.0	93.0	93.0	93.0	91.0	82.0	78.0	87.0	90.0	92.0	84.0	88.0	117.0	83.0	87.0	108.0	80.0	83.0	80.0
250.401	86.0	100.0	92.0	89.0	95.0	103.0	88.0	89.0	81.0	84.0	102.0	81.0	82.0	112.0	92.0	88.0	106.0	82.0	80.0	79.0
250.502	99.0	101.0	97.0	93.0	103.0	105.0	90.0	97.0	94.0	93.0	100.0	84.0	85.0	120.0	97.0	96.0	103.0	88.0	83.0	89.0
250.603	90.0	107.0	98.0	99.0	108.0	102.0	82.0	91.0	90.0	93.0	102.0	87.0	94.0	123.0	94.0	90.0	98.0	84.0	90.0	87.0
250.704	96.0	102.0	98.0	97.0	108.0	97.0	83.0	91.0	90.0	92.0	102.0	88.0	86.0	119.0	98.0	90.0	99.0	82.0	91.0	83.0
250.805	99.0	98.0	104.0	99.0	100.0	103.0	85.0	89.0	92.0	91.0	100.0	91.0	94.0	125.0	98.0	96.0	104.0	86.0	84.0	86.0
250.905	102.0	121.0	124.0	117.0	127.0	120.0	79.0	97.0	95.0	106.0	119.0	99.0	92.0	142.0	109.0	101.0	108.0	98.0	95.0	94.0
251.006	101.0	114.0	126.0	122.0	132.0	122.0	85.0	98.0	98.0	104.0	121.0	95.0	91.0	147.0	97.0	94.0	111.0	93.0	96.0	93.0
251.107	111.0	126.0	129.0	127.0	134.0	134.0	102.0	103.0	117.0	118.0	122.0	112.0	106.0	144.0	119.0	110.0	122.0	102.0	116.0	104.0
251.208	88.0	106.0	104.0	108.0	109.0	110.0	91.0	95.0	91.0	98.0	98.0	88.0	90.0	125.0	89.0	91.0	107.0	88.0	87.0	93.0
251.309	94.0	102.0	100.0	100.0	101.0	93.0	87.0	92.0	87.0	91.0	89.0	83.0	84.0	122.0	94.0	95.0	105.0	81.0	84.0	89.0
251.41	104.0	108.0	106.0	109.0	111.0	109.0	87.0	96.0	98.0	97.0	107.0	92.0	91.0	130.0	99.0	94.0	98.0	93.0	100.0	88.0
251.511	94.0	105.0	102.0	109.0	108.0	105.0	83.0	91.0	89.0	94.0	97.0	93.0	91.0	120.0	93.0	91.0	101.0	91.0	88.0	89.0
251.612	99.0	110.0	99.0	113.0	102.0	118.0	88.0	93.0	90.0	95.0	102.0	86.0	88.0	126.0	96.0	101.0	101.0	91.0	93.0	97.0
251.713	96.0	109.0	102.0	109.0	106.0	111.0	82.0	99.0	94.0	100.0	100.0	94.0	92.0	125.0	92.0	101.0	105.0	90.0	95.0	96.0
251.814	104.0	126.0	123.0	129.0	132.0	124.0	89.0	96.0	104.0	106.0	117.0	102.0	95.0	140.0	107.0	100.0	110.0	106.0	103.0	105.0
251.915	129.0	165.0	158.0	172.0	169.0	168.0	92.0	113.0	126.0	144.0	149.0	126.0	108.0	177.0	142.0	133.0	105.0	120.0	121.0	125.0
252.015	117.0	140.0	145.0	147.0	156.0	155.0	94.0	104.0	106.0	128.0	132.0	107.0	105.0	158.0	122.0	123.0	104.0	105.0	112.0	105.0
252.116	108.0	128.0	138.0	136.0	142.0	137.0	90.0	106.0	109.0	117.0	129.0	106.0	100.0	152.0	114.0	107.0	105.0	110.0	101.0	101.0
252.217	100.0	122.0	125.0	117.0	126.0	130.0	91.0	106.0	104.0	108.0	124.0	105.0	94.0	150.0	108.0	103.0	112.0	95.0	113.0	103.0
252.319	105.0	123.0	123.0	115.0	122.0	128.0	90.0	100.0	98.0	109.0	120.0	101.0	96.0	142.0	105.0	103.0	109.0	99.0	96.0	106.0
252.42	98.0	122.0	116.0	120.0	128.0	122.0	86.0	100.0	102.0	106.0	112.0	100.0	97.0	136.0	109.0	108.0	111.0	100.0	101.0	100.0
252.521	104.0	129.0	128.0	139.0	138.0	133.0	91.0	97.0	99.0	119.0	118.0	100.0	102.0	150.0	102.0	119.0	116.0	93.0	103.0	102.0
252.622	95.0	122.0	114.0	121.0	120.0	116.0	79.0	106.0	99.0	109.0	112.0	92.0	95.0	139.0	98.0	107.0	110.0	96.0	96.0	102.0
252.723	97.0	115.0	113.0	115.0	122.0	120.0	85.0	91.0	97.0	108.0	114.0	97.0	89.0	135.0	106.0	104.0	100.0	98.0	100.0	101.0
252.824	112.0	129.0	130.0	127.0	136.0	133.0	82.0	97.0	98.0	113.0	114.0	97.0	93.0	140.0	118.0	112.0	106.0	109.0	101.0	108.0
252.925	114.0	138.0	132.0	132.0	143.0	134.0	85.0	104.0	100.0	114.0	119.0	101.0	93.0	148.0	110.0	110.0	105.0	102.0	109.0	107.0
253.026	100.0	117.0	120.0	113.0	117.0	119.0	90.0	90.0	99.0	95.0	114.0	93.0	90.0	129.0	97.0	104.0	100.0	92.0	96.0	102.0
253.127	99.0	110.0	107.0	107.0	115.0	111.0	85.0	94.0	95.0	102.0	104.0	93.0	87.0	130.0	96.0	90.0	104.0	92.0	100.0	92.0
253.228	104.0	112.0	106.0	116.0	105.0	117.0	86.0	91.0	97.0	96.0	108.0	100.0	97.0	129.0	104.0	91.0	111.0	101.0	104.0	97.0
253.329	101.0	112.0	114.0	117.0	123.0	124.0	86.0	94.0	100.0	108.0	111.0	100.0	91.0	138.0	99.0	100.0	105.0	105.0	98.0	105.0
253.431	98.0	118.0	113.0	111.0	120.0	114.0	84.0	98.0	101.0	105.0	114.0	97.0	96.0	137.0	106.0	102.0	106.0	101.0	95.0	96.0
253.532	101.0	117.0	112.0	108.0	112.0	108.0	87.0	93.0	95.0	102.0	115.0	94.0	96.0	133.0	104.0	95.0	105.0	97.0	101.0	101.0
253.633	93.0	97.0	98.0	100.0	103.0	110.0	81.0	93.0	94.0	94.0	99.0	88.0	83.0	121.0	91.0	93.0	103.0	94.0	90.0	93.0
253.734	101.0	116.0	109.0	118.0	116.0	117.0	99.0	106.0	102.0	106.0	111.0	93.0	104.0	136.0	102.0	104.0	116.0	110.0	102.0	97.0
253.835	91.0	101.0	98.0	100.0	96.0	99.0	87.0	89.0	85.0	90.0	98.0	86.0	87.0	127.0	92.0	91.0	104.0	86.0	93.0	90.0
253.937	86.0	99.0	97.0	92.0	95.0	94.0	85.0	94.0	89.0	86.0	89.0	85.0	87.0	119.0	93.0	86.0	104.0	81.0	87.0	89.0
254.038	91.0	98.0	95.0	90.0	94.0	91.0	80.0	92.0	92.0	89.0	94.0	87.0	88.0	113.0	91.0	86.0	106.0	92.0	86.0	84.0
254.139	95.0	94.0	92.0	92.0	98.0	100.0	82.0	92.0	87.0	90.0	88.0	79.0	81.0	114.0	84.0	93.0	101.0	81.0	90.0	83.0
254.24	86.0	96.0	87.0	97.0	95.0	88.0	87.0	96.0	86.0	87.0	93.0	83.0	84.0	116.0	84.0	89.0	108.0	82.0	82.0	86.0
254.342	96.0	103.0	102.0	100.0	102.0	104.0	83.0	96.0	95.0	98.0	96.0	90.0	90.0	127.0	98.0	90.0	107.0	94.0	98.0	94.0
254.443	90.0	91.0	85.0	88.0	97.0	103.0	78.0	85.0	85.0	84.0	98.0	84.0	83.0	115.0	93.0	90.0	104.0	84.0	91.0	86.0
254.544	92.0	92.0	92.0	93.0	91.0	99.0	85.0	95.0	84.0	79.0	91.0	82.0	80.0	110.0	89.0	89.0	100.0	90.0	84.0	79.0
254.646	99.0	104.0	97.0	101.0	96.0	96.0	82.0	91.0	86.0	84.0	93.0	82.0	82.0	124.0	87.0	85.0	109.0	88.0	84.0	86.0
254.747	87.0	97.0	90.0	95.0	96.0	91.0	76.0	87.0	83.0	84.0	91.0	78.0	82.0	114.0	82.0	86.0	97.0	76.0	84.0	88.0
254.848	88.0	98.0	102.0	106.0	99.0	94.0	83.0	87.0	88.0	94.0	95.0	93.0	87.0	116.0	86.0	94.0	97.0	85.0	89.0	82.0
254.95	94.0	103.0	100.0	102.0	103.0	109.0	84.0	93.0	88.0	91.0	97.0	92.0	84.0	119.0	97.0	94.0	107.0	82.0	87.0	84.0
255.051	85.0	93.0	95.0	102.0	106.0	97.0	77.0	95.0	88.0	89.0	93.0	85.0	80.0	120.0	86.0	93.0	103.0	85.0	87.0	88.0
255.152	88.0	95.0	98.0	100.0	102.0	91.0	77.0	90.0	84.0	93.0	98.0	82.0	87.0	115.0	86.0	86.0	106.0	81.0	80.0	84.0
255.254	86.0	92.0	103.0	97.0	95.0	98.0	80.0	83.0	88.0	90.0	94.0	79.0	86.0	119.0	88.0	83.0	106.0	83.0	87.0	82.0
255.355	85.0	96.0	92.0	90.0	93.0	97.0	80.0	88.0	82.0	83.0	91.0	80.0	77.0	113.0	82.0	82.0	111.0	82.0	81.0	86.0
255.457	88.0	98.0	98.0	93.0	102.0	101.0	82.0	91.0	83.0	88.0	93.0	79.0	80.0	118.0	83.0	82.0	106.0	82.0	86.0	81.0
255.558	88.0	104.0	109.0	101.0	104.0	107.0	78.0	93.0	93.0	98.0	103.0	93.0	86.0	125.0	94.0	88.0	99.0	94.0	87.0	95.0
255.659	92.0	112.0	116.0	112.0	126.0	120.0	87.0	95.0	97.0	100.0	116.0	92.0	88.0	136.0	103.0	100.0	104.0	105.0	95.0	92.0
255.761	93.0	107.0	114.0	112.0	118.0	116.0	83.0	92.0	92.0	100.0	111.0	94.0	85.0	137.0	107.0	97.0	101.0	92.0	91.0	88.0
255.862	95.0	107.0	122.0	122.0	122.0	120.0	86.0	92.0	93.0	102.0	113.0	95.0	89.0	142.0	101.0	98.0	108.0	95.0	98.0	90.0
255.964	96.0	105.0	123.0	110.0	112.0	116.0	78.0	90.0	93.0	101.0	112.0	97.0	84.0	141.0	98.0	94.0	100.0	89.0	89.0	89.0
256.065	88.0	88.0	105.0	101.0	109.0	106.0	78.0	86.0	85.0	91.0	104.0	87.0	90.0	124.0	92.0	87.0	104.0	82.0	90.0	85.0
256.167	89.0	96.0	100.0	103.0	105.0	98.0	82.0	86.0	85.0	90.0	97.0	81.0	87.0	120.0	87.0	89.0	107.0	80.0	78.0	83.0
256.268	81.0	100.0	102.0	100.0	97.0	97.0	85.0	87.0	92.0	90.0	101.0	79.0	77.0	118.0	87.0	86.0	104.0	74.0	82.0	78.0
256.37	89.0	101.0	100.0	103.0	104.0	107.0	87.0	93.0	90.0	90.0	100.0	85.0	88.0	125.0	93.0	92.0	107.0	85.0	90.0	90.0
256.471	88.0	107.0	107.0	102.0	108.0	104.0	78.0	94.0	88.0	94.0	100.0	93.0	93.0	124.0	91.0	92.0	103.0	87.0	95.0	86.0
256.573	91.0	101.0	95.0	109.0	99.0	101.0	84.0	95.0	93.0	94.0	97.0	90.0	90.0	121.0	92.0	93.0	107.0	84.0	87.0	85.0
256.675	92.0	105.0	94.0	100.0	104.0	96.0	80.0	87.0	84.0	90.0	92.0	85.0	86.0	119.0	84.0	86.0	104.0	80.0	86.0	84.0
256.776	90.0	96.0	99.0	96.0	105.0	91.0	83.0	90.0	88.0	93.0	100.0	93.0	84.0	128.0	88.0	90.0	105.0	88.0	88.0	89.0
256.878	92.0	96.0	100.0	103.0	99.0	94.0	77.0	85.0	88.0	93.0	101.0	89.0	88.0	120.0	92.0	89.0	105.0	85.0	90.0	88.0
256.979	88.0	93.0	96.0	94.0	88.0	93.0	82.0	85.0	79.0	85.0	94.0	82.0	84.0	118.0	87.0	85.0	103.0	77.0	81.0	86.0
257.081	83.0	97.0	97.0	97.0	94.0	94.0	78.0	84.0	82.0	82.0	92.0	82.0	80.0	113.0	88.0	88.0	110.0	81.0	78.0	82.0
257.183	115.0	123.0	116.0	116.0	117.0	112.0	102.0	105.0	105.0	110.0	116.0	109.0	108.0	148.0	108.0	112.0	120.0	108.0	113.0	104.0
257.284	88.0	92.0	90.0	95.0	98.0	95.0	80.0	89.0	81.0	87.0	95.0	84.0	88.0	117.0	84.0	87.0	105.0	86.0	84.0	82.0
257.386	84.0	98.0	90.0	101.0	93.0	93.0	78.0	87.0	80.0	82.0	90.0	85.0	79.0	112.0	90.0	79.0	106.0	80.0	80.0	80.0
257.488	87.0	101.0	96.0	95.0	99.0	91.0	85.0	88.0	89.0	85.0	97.0	84.0	84.0	116.0	80.0	87.0	108.0	80.0	86.0	82.0
257.589	84.0	98.0	94.0	93.0	92.0	85.0	85.0	88.0	82.0	83.0	90.0	74.0	79.0	118.0	81.0	84.0	102.0	80.0	80.0	87.0
257.691	87.0	97.0	95.0	92.0	94.0	94.0	87.0	81.0	81.0	93.0	93.0	87.0	87.0	124.0	91.0	81.0	110.0	92.0	86.0	84.0
257.793	87.0	92.0	89.0	96.0	98.0	91.0	73.0	87.0	81.0	88.0	90.0	79.0	81.0	114.0	91.0	83.0	101.0	88.0	86.0	85.0
257.894	94.0	102.0	94.0	96.0	100.0	99.0	86.0	91.0	82.0	90.0	90.0	85.0	79.0	115.0	94.0	91.0	106.0	95.0	94.0	93.0
257.996	91.0	104.0	96.0	109.0	98.0	101.0	83.0	90.0	86.0	87.0	96.0	88.0	86.0	124.0	94.0	98.0	98.0	94.0	98.0	98.0
258.098	91.0	98.0	89.0	91.0	96.0	90.0	79.0	89.0	83.0	89.0	94.0	81.0	86.0	114.0	84.0	85.0	102.0	81.0	94.0	88.0
258.2	81.0	98.0	91.0	93.0	92.0	91.0	83.0	84.0	90.0	84.0	89.0	85.0	84.0	115.0	89.0	86.0	110.0	80.0	85.0	78.0
258.301	80.0	94.0	87.0	91.0	90.0	94.0	80.0	84.0	82.0	87.0	83.0	82.0	86.0	111.0	86.0	85.0	104.0	79.0	81.0	82.0
258.403	89.0	97.0	92.0	97.0	99.0	93.0	84.0	95.0	88.0	87.0	93.0	85.0	90.0	116.0	82.0	88.0	108.0	86.0	90.0	86.0
258.505	87.0	96.0	96.0	93.0	96.0	88.0	77.0	89.0	86.0	86.0	91.0	85.0	87.0	118.0	89.0	82.0	106.0	84.0	88.0	84.0
258.607	88.0	91.0	93.0	97.0	99.0	99.0	77.0	82.0	82.0	87.0	98.0	86.0	85.0	114.0	92.0	85.0	97.0	85.0	85.0	86.0
258.709	90.0	102.0	90.0	101.0	92.0	101.0	77.0	85.0	84.0	88.0	89.0	85.0	88.0	120.0	94.0	92.0	105.0	88.0	85.0	86.0
258.81	86.0	101.0	89.0	96.0	92.0	93.0	76.0	89.0	88.0	85.0	98.0	87.0	77.0	115.0	87.0	84.0	104.0	79.0	85.0	87.0
258.912	91.0	101.0	93.0	101.0	94.0	100.0	81.0	88.0	84.0	83.0	93.0	84.0	81.0	119.0	85.0	87.0	100.0	83.0	82.0	88.0
259.014	88.0	97.0	94.0	105.0	97.0	103.0	78.0	88.0	91.0	89.0	101.0	81.0	84.0	119.0	92.0	92.0	104.0	91.0	89.0	87.0
259.116	90.0	106.0	98.0	106.0	93.0	106.0	81.0	89.0	97.0	97.0	97.0	95.0	86.0	117.0	95.0	93.0	105.0	103.0	96.0	98.0
259.218	106.0	132.0	105.0	115.0	122.0	120.0	88.0	89.0	113.0	117.0	111.0	105.0	101.0	137.0	112.0	102.0	103.0	123.0	120.0	127.0
259.32	130.0	144.0	119.0	130.0	136.0	146.0	89.0	108.0	129.0	138.0	120.0	115.0	112.0	151.0	137.0	116.0	106.0	152.0	138.0	150.0
259.422	105.0	124.0	103.0	104.0	119.0	124.0	89.0	96.0	111.0	113.0	106.0	94.0	104.0	132.0	114.0	101.0	106.0	112.0	119.0	125.0
259.524	92.0	111.0	95.0	101.0	102.0	105.0	87.0	93.0	89.0	84.0	93.0	85.0	89.0	123.0	100.0	98.0	100.0	96.0	94.0	94.0
259.626	106.0	117.0	105.0	123.0	112.0	109.0	102.0	107.0	99.0	99.0	107.0	96.0	101.0	140.0	104.0	108.0	113.0	94.0	100.0	101.0
259.727	87.0	99.0	87.0	96.0	94.0	92.0	78.0	92.0	89.0	85.0	92.0	85.0	89.0	120.0	88.0	84.0	102.0	79.0	86.0	84.0
259.829	101.0	109.0	100.0	108.0	106.0	108.0	80.0	100.0	97.0	97.0	102.0	92.0	95.0	122.0	95.0	95.0	110.0	92.0	95.0	90.0
259.931	99.0	106.0	96.0	102.0	105.0	110.0	81.0	99.0	95.0	85.0	94.0	89.0	87.0	122.0	92.0	92.0	102.0	97.0	96.0	98.0
260.033	97.0	106.0	92.0	94.0	104.0	106.0	79.0	99.0	88.0	95.0	89.0	90.0	91.0	120.0	90.0	97.0	106.0	98.0	99.0	99.0
260.135	89.0	104.0	96.0	102.0	104.0	96.0	77.0	95.0	93.0	99.0	97.0	89.0	89.0	120.0	92.0	93.0	105.0	101.0	96.0	100.0
260.237	88.0	98.0	90.0	97.0	98.0	96.0	72.0	83.0	88.0	86.0	89.0	86.0	84.0	117.0	83.0	82.0	107.0	84.0	89.0	90.0
260.339	98.0	106.0	92.0	98.0	90.0	102.0	80.0	91.0	87.0	84.0	90.0	81.0	84.0	114.0	91.0	93.0	103.0	91.0	90.0	89.0
260.441	94.0	117.0	97.0	109.0	101.0	110.0	81.0	93.0	96.0	90.0	96.0	93.0	89.0	137.0	96.0	99.0	112.0	93.0	99.0	97.0
260.543	112.0	135.0	113.0	120.0	117.0	121.0	94.0	109.0	109.0	112.0	119.0	110.0	107.0	142.0	114.0	108.0	110.0	113.0	120.0	124.0
260.646	96.0	113.0	108.0	111.0	109.0	109.0	87.0	100.0	97.0	105.0	103.0	94.0	96.0	127.0	101.0	101.0	98.0	104.0	109.0	106.0
260.748	87.0	103.0	84.0	98.0	94.0	101.0	83.0	88.0	89.0	94.0	95.0	89.0	86.0	114.0	99.0	92.0	104.0	95.0	98.0	92.0
260.85	92.0	110.0	98.0	106.0	107.0	104.0	92.0	93.0	95.0	95.0	101.0	84.0	92.0	125.0	93.0	94.0	107.0	97.0	92.0	94.0
260.952	90.0	89.0	95.0	91.0	96.0	92.0	77.0	86.0	82.0	86.0	92.0	86.0	87.0	117.0	81.0	87.0	105.0	92.0	89.0	88.0
261.054	87.0	86.0	93.0	88.0	96.0	89.0	78.0	86.0	87.0	91.0	84.0	82.0	84.0	116.0	83.0	81.0	108.0	84.0	89.0	85.0
261.156	89.0	94.0	82.0	91.0	89.0	92.0	81.0	88.0	81.0	83.0	88.0	79.0	77.0	112.0	92.0	88.0	100.0	84.0	82.0	91.0
261.258	83.0	91.0	94.0	95.0	90.0	96.0	77.0	82.0	83.0	87.0	90.0	85.0	85.0	112.0	88.0	85.0	101.0	78.0	87.0	86.0
261.36	85.0	93.0	91.0	97.0	96.0	93.0	81.0	85.0	87.0	86.0	92.0	90.0	89.0	117.0	87.0	83.0	99.0	82.0	86.0	81.0
261.462	86.0	95.0	90.0	91.0	86.0	86.0	82.0	91.0	85.0	84.0	86.0	82.0	93.0	118.0	86.0	84.0	94.0	79.0	86.0	82.0
261.565	89.0	96.0	91.0	92.0	92.0	93.0	83.0	89.0	86.0	90.0	89.0	86.0	82.0	115.0	94.0	88.0	109.0	85.0	84.0	89.0
261.667	85.0	92.0	89.0	90.0	87.0	93.0	80.0	93.0	81.0	83.0	88.0	78.0	84.0	113.0	80.0	83.0	98.0	84.0	81.0	79.0
261.769	84.0	96.0	90.0	97.0	89.0	91.0	75.0	89.0	80.0	90.0	91.0	82.0	80.0	113.0	78.0	92.0	100.0	83.0	85.0	88.0
261.871	85.0	92.0	88.0	90.0	93.0	90.0	74.0	86.0	85.0	87.0	93.0	81.0	81.0	115.0	85.0	87.0	106.0	91.0	89.0	84.0
261.973	89.0	95.0	88.0	88.0	95.0	91.0	84.0	84.0	81.0	86.0	94.0	77.0	76.0	114.0	89.0	92.0	108.0	89.0	88.0	93.0
262.076	86.0	98.0	91.0	100.0	102.0	98.0	84.0	90.0	87.0	88.0	89.0	86.0	84.0	115.0	91.0	91.0	102.0	91.0	88.0	90.0
262.178	95.0	104.0	90.0	96.0	99.0	96.0	85.0	90.0	89.0	92.0	88.0	86.0	88.0	119.0	90.0	96.0	109.0	94.0	95.0	96.0
262.28	97.0	101.0	92.0	101.0	96.0	101.0	85.0	86.0	93.0	93.0	91.0	89.0	86.0	117.0	84.0	94.0	104.0	89.0	92.0	87.0
262.382	100.0	107.0	99.0	98.0	105.0	102.0	79.0	93.0	90.0	100.0	94.0	93.0	89.0	125.0	99.0	97.0	107.0	97.0	97.0	98.0
262.485	98.0	116.0	99.0	106.0	109.0	116.0	87.0	101.0	100.0	112.0	100.0	91.0	99.0	130.0	104.0	95.0	105.0	105.0	109.0	105.0
262.587	95.0	117.0	103.0	107.0	110.0	102.0	81.0	104.0	97.0	103.0	106.0	95.0	98.0	136.0	99.0	96.0	107.0	103.0	106.0	112.0
262.689	109.0	114.0	101.0	108.0	110.0	108.0	88.0	100.0	98.0	104.0	108.0	95.0	97.0	130.0	101.0	96.0	109.0	97.0	104.0	101.0
262.792	90.0	99.0	92.0	104.0	98.0	107.0	85.0	96.0	92.0	88.0	95.0	82.0	86.0	123.0	90.0	95.0	108.0	87.0	91.0	93.0
262.894	89.0	100.0	93.0	99.0	99.0	93.0	85.0	91.0	85.0	89.0	93.0	87.0	84.0	119.0	88.0	97.0	108.0	83.0	82.0	87.0
262.996	84.0	102.0	92.0	97.0	101.0	96.0	90.0	92.0	86.0	93.0	97.0	88.0	87.0	124.0	88.0	92.0	104.0	82.0	93.0	93.0
263.099	86.0	93.0	95.0	95.0	96.0	91.0	79.0	87.0	81.0	91.0	92.0	78.0	89.0	117.0	91.0	89.0	101.0	84.0	82.0	77.0
263.201	90.0	101.0	91.0	105.0	93.0	97.0	86.0	90.0	85.0	92.0	92.0	84.0	85.0	118.0	88.0	93.0	107.0	87.0	91.0	83.0
263.303	88.0	105.0	94.0	99.0	100.0	97.0	85.0	88.0	88.0	91.0	95.0	85.0	91.0	118.0	88.0	87.0	104.0	87.0	86.0	82.0
263.406	95.0	114.0	110.0	109.0	112.0	103.0	77.0	102.0	94.0	107.0	111.0	93.0	93.0	133.0	92.0	99.0	106.0	92.0	94.0	89.0
263.508	98.0	117.0	105.0	104.0	112.0	108.0	81.0	96.0	94.0	100.0	108.0	91.0	94.0	128.0	83.0	90.0	106.0	86.0	91.0	90.0
263.61	100.0	108.0	106.0	94.0	104.0	106.0	81.0	92.0	95.0	91.0	104.0	85.0	95.0	126.0	97.0	89.0	103.0	93.0	90.0	86.0
263.713	102.0	116.0	117.0	111.0	116.0	110.0	78.0	109.0	97.0	100.0	113.0	88.0	98.0	138.0	102.0	97.0	107.0	99.0	92.0	85.0
263.815	110.0	131.0	112.0	115.0	122.0	123.0	86.0	118.0	112.0	112.0	122.0	100.0	103.0	144.0	105.0	102.0	106.0	93.0	100.0	97.0
263.918	113.0	117.0	117.0	115.0	125.0	125.0	81.0	109.0	112.0	109.0	114.0	96.0	102.0	136.0	104.0	104.0	105.0	97.0	105.0	95.0
264.02	110.0	124.0	120.0	126.0	121.0	125.0	84.0	114.0	108.0	107.0	114.0	100.0	98.0	144.0	103.0	113.0	106.0	106.0	99.0	95.0
264.123	104.0	114.0	109.0	110.0	117.0	114.0	82.0	110.0	94.0	101.0	111.0	96.0	93.0	138.0	99.0	95.0	108.0	93.0	97.0	91.0
264.225	93.0	110.0	105.0	115.0	116.0	108.0	87.0	109.0	98.0	101.0	103.0	92.0	98.0	133.0	93.0	98.0	101.0	87.0	98.0	93.0
264.328	96.0	109.0	102.0	105.0	107.0	96.0	82.0	101.0	97.0	94.0	105.0	95.0	90.0	123.0	93.0	98.0	106.0	88.0	88.0	88.0
264.43	96.0	95.0	100.0	98.0	98.0	99.0	81.0	88.0	90.0	87.0	98.0	90.0	85.0	116.0	93.0	87.0	106.0	90.0	86.0	79.0
264.533	84.0	93.0	95.0	102.0	94.0	100.0	88.0	93.0	81.0	87.0	92.0	86.0	82.0	121.0	83.0	87.0	110.0	85.0	81.0	85.0
264.635	83.0	97.0	91.0	95.0	94.0	87.0	74.0	86.0	80.0	79.0	92.0	79.0	83.0	118.0	85.0	91.0	96.0	77.0	84.0	80.0
264.738	79.0	85.0	86.0	85.0	90.0	94.0	77.0	86.0	85.0	88.0	90.0	88.0	90.0	115.0	88.0	85.0	102.0	76.0	82.0	70.0
264.84	84.0	92.0	89.0	85.0	84.0	85.0	78.0	91.0	85.0	80.0	84.0	74.0	80.0	119.0	79.0	82.0	104.0	76.0	80.0	76.0
264.943	79.0	92.0	82.0	88.0	85.0	83.0	78.0	89.0	78.0	81.0	91.0	86.0	80.0	110.0	85.0	82.0	103.0	73.0	78.0	82.0
265.046	72.0	90.0	77.0	89.0	92.0	88.0	80.0	86.0	85.0	81.0	92.0	72.0	80.0	121.0	76.0	85.0	110.0	78.0	82.0	80.0
265.148	87.0	92.0	88.0	96.0	85.0	79.0	76.0	92.0	87.0	85.0	85.0	84.0	78.0	110.0	79.0	82.0	101.0	79.0	81.0	86.0
265.251	109.0	110.0	116.0	108.0	105.0	110.0	92.0	100.0	99.0	102.0	106.0	100.0	108.0	127.0	104.0	103.0	125.0	101.0	96.0	100.0
265.353	86.0	88.0	93.0	87.0	92.0	93.0	75.0	86.0	81.0	82.0	85.0	76.0	76.0	116.0	81.0	86.0	103.0	79.0	83.0	89.0
265.456	84.0	88.0	85.0	90.0	89.0	84.0	74.0	87.0	81.0	84.0	84.0	80.0	84.0	110.0	84.0	81.0	101.0	77.0	78.0	80.0
265.559	84.0	93.0	87.0	89.0	90.0	91.0	74.0	85.0	84.0	83.0	88.0	84.0	85.0	114.0	88.0	87.0	96.0	80.0	79.0	82.0
265.661	87.0	95.0	89.0	86.0	89.0	85.0	82.0	84.0	78.0	79.0	86.0	84.0	84.0	116.0	80.0	87.0	109.0	80.0	84.0	72.0
265.764	94.0	93.0	88.0	97.0	96.0	92.0	88.0	90.0	90.0	88.0	93.0	88.0	82.0	120.0	83.0	85.0	107.0	80.0	85.0	81.0
265.867	84.0	90.0	88.0	90.0	93.0	88.0	83.0	91.0	84.0	85.0	91.0	90.0	82.0	116.0	80.0	84.0	109.0	82.0	85.0	79.0
265.969	82.0	94.0	90.0	90.0	93.0	86.0	78.0	87.0	79.0	82.0	88.0	81.0	82.0	113.0	82.0	80.0	105.0	79.0	81.0	82.0
266.072	84.0	90.0	88.0	84.0	90.0	82.0	75.0	77.0	86.0	85.0	87.0	79.0	82.0	111.0	84.0	87.0	104.0	82.0	86.0	82.0
266.175	94.0	106.0	98.0	103.0	104.0	105.0	90.0	94.0	97.0	95.0	101.0	97.0	94.0	130.0	99.0	98.0	121.0	91.0	93.0	93.0
266.277	86.0	95.0	90.0	88.0	92.0	90.0	76.0	84.0	85.0	86.0	93.0	79.0	82.0	110.0	84.0	86.0	102.0	81.0	82.0	85.0
266.38	90.0	92.0	90.0	89.0	91.0	85.0	79.0	88.0	80.0	85.0	92.0	81.0	78.0	111.0	81.0	84.0	97.0	83.0	81.0	82.0
266.483	81.0	96.0	87.0	89.0	86.0	85.0	77.0	87.0	82.0	86.0	86.0	84.0	83.0	108.0	82.0	88.0	96.0	77.0	82.0	76.0
266.586	86.0	88.0	87.0	83.0	83.0	80.0	78.0	86.0	83.0	80.0	82.0	81.0	76.0	111.0	80.0	86.0	104.0	82.0	80.0	80.0
266.688	84.0	88.0	78.0	86.0	90.0	86.0	81.0	85.0	80.0	82.0	87.0	76.0	80.0	115.0	81.0	82.0	106.0	78.0	82.0	80.0
266.791	74.0	93.0	88.0	84.0	87.0	79.0	77.0	82.0	84.0	80.0	89.0	84.0	75.0	110.0	78.0	81.0	98.0	79.0	75.0	75.0
266.894	83.0	92.0	93.0	89.0	87.0	86.0	79.0	87.0	79.0	80.0	91.0	87.0	85.0	112.0	85.0	80.0	102.0	81.0	87.0	86.0
266.997	105.0	114.0	107.0	106.0	106.0	107.0	98.0	99.0	106.0	97.0	111.0	100.0	98.0	131.0	101.0	101.0	125.0	102.0	101.0	102.0
267.1	85.0	95.0	86.0	90.0	87.0	97.0	81.0	85.0	79.0	82.0	90.0	78.0	82.0	113.0	86.0	91.0	107.0	74.0	81.0	82.0
267.202	91.0	96.0	92.0	94.0	90.0	94.0	81.0	90.0	82.0	83.0	94.0	84.0	84.0	114.0	88.0	88.0	108.0	83.0	84.0	86.0
267.305	88.0	100.0	90.0	95.0	91.0	92.0	83.0	85.0	90.0	83.0	91.0	81.0	81.0	116.0	90.0	87.0	106.0	82.0	85.0	81.0
267.408	86.0	92.0	92.0	88.0	89.0	86.0	82.0	91.0	77.0	85.0	90.0	86.0	82.0	113.0	87.0	88.0	100.0	78.0	85.0	79.0
267.511	80.0	95.0	85.0	90.0	92.0	91.0	82.0	90.0	86.0	87.0	89.0	81.0	84.0	111.0	82.0	85.0	103.0	81.0	82.0	84.0
267.614	81.0	91.0	86.0	89.0	90.0	79.0	76.0	89.0	83.0	86.0	88.0	75.0	80.0	112.0	79.0	87.0	100.0	75.0	87.0	80.0
267.717	80.0	90.0	90.0	87.0	93.0	86.0	79.0	85.0	85.0	86.0	91.0	82.0	78.0	107.0	80.0	81.0	98.0	78.0	82.0	80.0
267.82	106.0	112.0	102.0	109.0	108.0	113.0	107.0	104.0	109.0	104.0	111.0	100.0	107.0	140.0	112.0	98.0	124.0	107.0	102.0	100.0
267.923	79.0	93.0	81.0	88.0	87.0	83.0	82.0	80.0	76.0	78.0	89.0	78.0	80.0	114.0	84.0	83.0	104.0	78.0	80.0	82.0
268.025	105.0	110.0	104.0	109.0	112.0	108.0	102.0	109.0	108.0	106.0	113.0	100.0	110.0	139.0	103.0	109.0	128.0	100.0	105.0	103.0
268.128	85.0	93.0	83.0	89.0	90.0	85.0	81.0	86.0	87.0	79.0	89.0	85.0	85.0	116.0	85.0	80.0	101.0	76.0	83.0	82.0
268.231	80.0	85.0	88.0	88.0	91.0	86.0	76.0	84.0	77.0	80.0	78.0	81.0	82.0	115.0	85.0	84.0	102.0	81.0	79.0	74.0
268.334	84.0	96.0	87.0	98.0	87.0	93.0	79.0	87.0	84.0	90.0	92.0	89.0	86.0	116.0	85.0	83.0	104.0	77.0	81.0	83.0
268.437	75.0	93.0	91.0	89.0	92.0	82.0	78.0	89.0	78.0	83.0	92.0	83.0	89.0	118.0	74.0	84.0	104.0	78.0	86.0	79.0
268.54	77.0	83.0	93.0	93.0	92.0	87.0	76.0	86.0	79.0	82.0	90.0	74.0	87.0	110.0	79.0	85.0	104.0	76.0	82.0	81.0
268.643	83.0	89.0	83.0	85.0	85.0	88.0	73.0	79.0	86.0	79.0	83.0	80.0	86.0	115.0	81.0	75.0	105.0	79.0	77.0	74.0
268.746	82.0	86.0	85.0	84.0	89.0	89.0	81.0	82.0	78.0	84.0	91.0	76.0	76.0	115.0	79.0	82.0	102.0	77.0	82.0	76.0
268.849	82.0	90.0	90.0	85.0	91.0	85.0	74.0	86.0	79.0	85.0	91.0	83.0	80.0	117.0	79.0	86.0	100.0	81.0	80.0	82.0
268.952	86.0	91.0	87.0	87.0	93.0	93.0	79.0	87.0	90.0	85.0	93.0	82.0	80.0	118.0	93.0	82.0	103.0	83.0	85.0	84.0
269.055	85.0	93.0	90.0	85.0	93.0	82.0	79.0	84.0	85.0	91.0	80.0	83.0	78.0	116.0	93.0	85.0	102.0	82.0	86.0	77.0
269.158	101.0	107.0	107.0	109.0	108.0	108.0	94.0	99.0	98.0	106.0	108.0	101.0	93.0	132.0	102.0	103.0	123.0	100.0	98.0	94.0
269.262	79.0	92.0	94.0	96.0	96.0	94.0	78.0	87.0	79.0	86.0	93.0	83.0	79.0	114.0	83.0	89.0	106.0	80.0	82.0	85.0
269.365	83.0	94.0	95.0	92.0	94.0	90.0	85.0	92.0	87.0	90.0	97.0	78.0	86.0	113.0	81.0	91.0	104.0	73.0	81.0	85.0
269.468	78.0	89.0	96.0	87.0	97.0	88.0	77.0	81.0	80.0	83.0	89.0	77.0	84.0	116.0	85.0	82.0	100.0	82.0	88.0	82.0
269.571	84.0	86.0	89.0	94.0	98.0	93.0	82.0	80.0	82.0	80.0	91.0	75.0	74.0	115.0	80.0	80.0	102.0	75.0	80.0	79.0
269.674	90.0	101.0	95.0	95.0	101.0	104.0	82.0	83.0	87.0	89.0	96.0	86.0	80.0	120.0	87.0	88.0	101.0	85.0	83.0	85.0
269.777	86.0	92.0	93.0	95.0	98.0	88.0	74.0	86.0	85.0	90.0	91.0	89.0	83.0	116.0	87.0	84.0	95.0	80.0	87.0	84.0
269.88	89.0	93.0	93.0	91.0	93.0	94.0	76.0	90.0	80.0	85.0	91.0	80.0	79.0	118.0	85.0	76.0	104.0	82.0	86.0	78.0
269.983	80.0	89.0	79.0	87.0	89.0	90.0	75.0	82.0	82.0	82.0	91.0	76.0	80.0	113.0	80.0	78.0	109.0	74.0	88.0	81.0
270.086	81.0	92.0	87.0	86.0	90.0	84.0	80.0	80.0	80.0	78.0	87.0	84.0	78.0	110.0	81.0	83.0	97.0	81.0	83.0	78.0
270.19	80.0	90.0	84.0	88.0	88.0	84.0	75.0	85.0	81.0	77.0	88.0	84.0	82.0	106.0	81.0	86.0	102.0	76.0	80.0	83.0
270.293	84.0	86.0	86.0	89.0	90.0	86.0	82.0	83.0	87.0	88.0	89.0	78.0	89.0	118.0	83.0	88.0	103.0	82.0	81.0	84.0
270.396	94.0	96.0	98.0	90.0	96.0	91.0	85.0	90.0	78.0	88.0	100.0	81.0	84.0	123.0	84.0	86.0	109.0	86.0	88.0	79.0
270.499	82.0	89.0	82.0	91.0	87.0	84.0	81.0	89.0	78.0	82.0	83.0	67.0	77.0	107.0	77.0	84.0	100.0	75.0	80.0	80.0
270.602	88.0	90.0	84.0	89.0	90.0	86.0	83.0	85.0	85.0	83.0	86.0	78.0	80.0	115.0	82.0	85.0	102.0	81.0	88.0	81.0
270.706	79.0	93.0	88.0	80.0	82.0	88.0	80.0	86.0	77.0	82.0	80.0	79.0	77.0	116.0	84.0	76.0	99.0	81.0	82.0	72.0
270.809	84.0	92.0	86.0	81.0	87.0	89.0	82.0	83.0	80.0	88.0	86.0	76.0	80.0	110.0	90.0	85.0	105.0	81.0	84.0	78.0
270.912	79.0	90.0	82.0	88.0	91.0	81.0	80.0	84.0	84.0	85.0	83.0	78.0	79.0	112.0	81.0	88.0	104.0	77.0	82.0	84.0
271.015	81.0	95.0	87.0	95.0	91.0	89.0	76.0	84.0	80.0	86.0	87.0	83.0	81.0	113.0	84.0	84.0	98.0	84.0	85.0	78.0
271.119	83.0	95.0	88.0	93.0	96.0	93.0	79.0	87.0	90.0	87.0	87.0	86.0	88.0	111.0	88.0	80.0	104.0	87.0	79.0	81.0
271.222	88.0	92.0	95.0	89.0	96.0	93.0	83.0	80.0	82.0	82.0	93.0	81.0	77.0	126.0	87.0	84.0	101.0	85.0	82.0	86.0
271.325	89.0	100.0	97.0	91.0	96.0	91.0	83.0	82.0	81.0	83.0	89.0	82.0	85.0	124.0	87.0	89.0	100.0	82.0	87.0	86.0
271.429	86.0	95.0	87.0	96.0	94.0	84.0	79.0	84.0	92.0	86.0	90.0	88.0	86.0	114.0	89.0	91.0	94.0	84.0	86.0	83.0
271.532	87.0	95.0	87.0	91.0	89.0	87.0	81.0	91.0	90.0	84.0	91.0	82.0	78.0	116.0	83.0	87.0	104.0	89.0	88.0	79.0
271.635	80.0	83.0	78.0	90.0	85.0	84.0	85.0	84.0	78.0	85.0	83.0	74.0	84.0	111.0	85.0	83.0	102.0	85.0	85.0	79.0
271.739	81.0	90.0	81.0	85.0	93.0	84.0	81.0	86.0	81.0	81.0	87.0	81.0	84.0	108.0	83.0	80.0	104.0	80.0	82.0	79.0
271.842	84.0	96.0	90.0	91.0	91.0	81.0	78.0	89.0	80.0	86.0	90.0	79.0	79.0	113.0	80.0	85.0	103.0	79.0	81.0	79.0
271.945	92.0	92.0	91.0	84.0	91.0	85.0	77.0	86.0	86.0	87.0	95.0	81.0	89.0	113.0	82.0	88.0	104.0	82.0	81.0	80.0
272.049	92.0	88.0	86.0	88.0	88.0	89.0	76.0	80.0	78.0	81.0	90.0	77.0	79.0	116.0	86.0	78.0	103.0	82.0	84.0	86.0
272.152	86.0	90.0	83.0	91.0	95.0	92.0	80.0	86.0	82.0	83.0	86.0	83.0	83.0	116.0	84.0	86.0	103.0	80.0	89.0	88.0
272.255	90.0	96.0	87.0	90.0	89.0	87.0	75.0	92.0	82.0	79.0	93.0	84.0	82.0	121.0	90.0	82.0	95.0	81.0	85.0	82.0
272.359	79.0	88.0	90.0	91.0	97.0	88.0	79.0	92.0	83.0	85.0	88.0	87.0	89.0	118.0	88.0	86.0	106.0	87.0	85.0	86.0
272.462	88.0	94.0	89.0	88.0	84.0	91.0	72.0	90.0	86.0	88.0	86.0	83.0	83.0	118.0	81.0	90.0	102.0	80.0	87.0	77.0
272.566	81.0	96.0	85.0	98.0	93.0	94.0	80.0	89.0	79.0	85.0	104.0	80.0	85.0	121.0	79.0	89.0	104.0	84.0	81.0	83.0
272.669	84.0	97.0	89.0	101.0	106.0	92.0	79.0	92.0	87.0	87.0	95.0	87.0	87.0	121.0	85.0	94.0	105.0	84.0	92.0	89.0
272.773	91.0	101.0	91.0	95.0	104.0	92.0	79.0	99.0	92.0	91.0	97.0	87.0	92.0	123.0	84.0	91.0	102.0	90.0	89.0	83.0
272.876	92.0	100.0	92.0	91.0	103.0	94.0	82.0	86.0	89.0	86.0	100.0	79.0	86.0	128.0	91.0	88.0	103.0	94.0	83.0	81.0
272.98	91.0	104.0	91.0	95.0	100.0	100.0	80.0	85.0	84.0	87.0	93.0	85.0	90.0	125.0	92.0	89.0	101.0	86.0	85.0	86.0
273.083	93.0	98.0	90.0	95.0	97.0	95.0	80.0	83.0	88.0	92.0	94.0	88.0	87.0	121.0	89.0	89.0	103.0	88.0	96.0	88.0
273.187	92.0	105.0	88.0	101.0	100.0	97.0	81.0	93.0	87.0	90.0	93.0	95.0	90.0	119.0	91.0	89.0	105.0	93.0	95.0	94.0
273.29	104.0	111.0	95.0	104.0	111.0	105.0	82.0	96.0	100.0	105.0	101.0	91.0	95.0	132.0	108.0	101.0	105.0	112.0	110.0	106.0
273.394	94.0	107.0	87.0	94.0	103.0	99.0	81.0	93.0	92.0	94.0	97.0	92.0	85.0	130.0	94.0	95.0	108.0	102.0	103.0	104.0
273.497	99.0	120.0	101.0	108.0	110.0	104.0	81.0	98.0	100.0	103.0	97.0	95.0	90.0	129.0	98.0	103.0	106.0	103.0	98.0	106.0
273.601	92.0	112.0	106.0	104.0	102.0	107.0	81.0	100.0	90.0	100.0	104.0	88.0	101.0	130.0	102.0	98.0	104.0	97.0	103.0	105.0
273.704	93.0	101.0	100.0	96.0	105.0	113.0	78.0	90.0	98.0	99.0	100.0	95.0	90.0	136.0	100.0	95.0	101.0	104.0	98.0	100.0
273.808	96.0	112.0	91.0	97.0	109.0	104.0	76.0	92.0	87.0	91.0	99.0	89.0	82.0	124.0	90.0	92.0	104.0	97.0	97.0	98.0
273.911	94.0	110.0	98.0	103.0	108.0	99.0	82.0	97.0	95.0	106.0	103.0	92.0	91.0	129.0	93.0	99.0	99.0	97.0	99.0	95.0
274.015	94.0	118.0	100.0	108.0	124.0	114.0	85.0	92.0	103.0	109.0	104.0	94.0	90.0	132.0	112.0	103.0	97.0	111.0	113.0	106.0
274.119	101.0	116.0	103.0	116.0	110.0	107.0	81.0	94.0	99.0	115.0	107.0	94.0	87.0	133.0	110.0	102.0	106.0	113.0	101.0	104.0
274.222	107.0	121.0	102.0	109.0	123.0	120.0	82.0	94.0	103.0	115.0	104.0	96.0	97.0	134.0	108.0	107.0	109.0	123.0	118.0	119.0
274.326	96.0	120.0	104.0	110.0	120.0	107.0	82.0	97.0	99.0	111.0	110.0	101.0	92.0	130.0	108.0	102.0	108.0	112.0	114.0	114.0
274.43	100.0	115.0	103.0	120.0	126.0	110.0	82.0	94.0	98.0	116.0	108.0	103.0	96.0	129.0	111.0	108.0	109.0	109.0	109.0	115.0
274.533	91.0	117.0	108.0	119.0	131.0	117.0	84.0	90.0	98.0	109.0	121.0	100.0	89.0	141.0	112.0	109.0	105.0	109.0	116.0	101.0
274.637	94.0	119.0	122.0	125.0	134.0	118.0	80.0	89.0	100.0	114.0	113.0	99.0	89.0	145.0	114.0	115.0	109.0	104.0	100.0	106.0
274.741	97.0	116.0	115.0	120.0	136.0	119.0	84.0	90.0	93.0	105.0	112.0	94.0	95.0	142.0	105.0	111.0	106.0	96.0	98.0	101.0
274.844	96.0	123.0	111.0	113.0	133.0	116.0	81.0	99.0	106.0	113.0	113.0	102.0	90.0	143.0	104.0	104.0	102.0	107.0	106.0	108.0
274.948	95.0	115.0	108.0	106.0	125.0	108.0	80.0	90.0	101.0	111.0	103.0	93.0	88.0	132.0	113.0	98.0	105.0	112.0	111.0	110.0
275.052	94.0	108.0	99.0	97.0	115.0	103.0	85.0	103.0	92.0	101.0	102.0	94.0	88.0	128.0	96.0	97.0	107.0	98.0	101.0	100.0
275.155	99.0	116.0	101.0	98.0	120.0	101.0	82.0	95.0	100.0	104.0	106.0	98.0	91.0	126.0	101.0	102.0	110.0	98.0	104.0	100.0
275.259	92.0	100.0	98.0	102.0	115.0	91.0	82.0	95.0	93.0	100.0	100.0	93.0	86.0	125.0	95.0	96.0	102.0	88.0	95.0	93.0
275.363	89.0	102.0	99.0	95.0	103.0	98.0	77.0	88.0	91.0	91.0	98.0	86.0	84.0	115.0	90.0	93.0	98.0	84.0	90.0	87.0
275.467	86.0	100.0	93.0	95.0	108.0	97.0	82.0	90.0	87.0	94.0	96.0	84.0	80.0	127.0	95.0	92.0	103.0	83.0	88.0	85.0
275.57	93.0	102.0	88.0	96.0	108.0	90.0	74.0	88.0	88.0	89.0	91.0	85.0	79.0	127.0	85.0	91.0	105.0	76.0	89.0	85.0
275.674	82.0	96.0	92.0	92.0	100.0	98.0	78.0	88.0	88.0	91.0	102.0	81.0	88.0	118.0	87.0	85.0	98.0	83.0	87.0	83.0
275.778	85.0	100.0	95.0	97.0	104.0	94.0	77.0	85.0	84.0	89.0	93.0	87.0	82.0	122.0	89.0	96.0	102.0	81.0	84.0	86.0
275.882	87.0	98.0	93.0	100.0	101.0	91.0	78.0	87.0	82.0	90.0	96.0	79.0	82.0	123.0	87.0	84.0	103.0	84.0	84.0	85.0
275.986	87.0	94.0	91.0	93.0	96.0	92.0	78.0	83.0	80.0	91.0	93.0	85.0	85.0	119.0	87.0	88.0	105.0	83.0	82.0	80.0
276.089	88.0	103.0	94.0	94.0	98.0	87.0	75.0	92.0	85.0	95.0	95.0	88.0	87.0	116.0	89.0	96.0	108.0	90.0	84.0	89.0
276.193	88.0	96.0	90.0	86.0	99.0	87.0	80.0	83.0	86.0	83.0	93.0	84.0	80.0	116.0	87.0	92.0	100.0	80.0	85.0	82.0
276.297	80.0	80.0	82.0	86.0	93.0	88.0	80.0	75.0	83.0	85.0	94.0	77.0	72.0	115.0	82.0	80.0	105.0	82.0	80.0	87.0
276.401	83.0	93.0	88.0	89.0	90.0	84.0	78.0	78.0	75.0	86.0	87.0	80.0	78.0	111.0	85.0	95.0	105.0	72.0	85.0	85.0
276.505	83.0	96.0	88.0	91.0	88.0	86.0	80.0	84.0	82.0	91.0	88.0	81.0	79.0	115.0	82.0	82.0	96.0	79.0	86.0	84.0
276.609	82.0	92.0	82.0	86.0	88.0	83.0	80.0	84.0	82.0	79.0	88.0	79.0	83.0	115.0	84.0	83.0	101.0	75.0	78.0	75.0
276.713	82.0	84.0	90.0	83.0	85.0	83.0	78.0	79.0	78.0	80.0	89.0	81.0	84.0	113.0	84.0	78.0	104.0	80.0	75.0	78.0
276.816	78.0	84.0	80.0	87.0	83.0	88.0	78.0	81.0	80.0	84.0	89.0	80.0	84.0	111.0	79.0	81.0	106.0	75.0	77.0	78.0
276.92	77.0	93.0	90.0	83.0	89.0	83.0	78.0	83.0	78.0	81.0	89.0	76.0	76.0	108.0	84.0	77.0	106.0	78.0	78.0	75.0
277.024	78.0	85.0	85.0	81.0	90.0	87.0	81.0	84.0	81.0	82.0	87.0	82.0	78.0	114.0	85.0	82.0	97.0	86.0	82.0	75.0
277.128	82.0	78.0	83.0	84.0	80.0	85.0	76.0	82.0	77.0	74.0	84.0	77.0	74.0	110.0	74.0	81.0	104.0	74.0	75.0	80.0
277.232	80.0	89.0	85.0	85.0	90.0	84.0	78.0	83.0	79.0	87.0	87.0	76.0	70.0	113.0	81.0	82.0	103.0	77.0	80.0	83.0
277.336	84.0	100.0	88.0	92.0	93.0	89.0	80.0	90.0	87.0	84.0	92.0	86.0	85.0	113.0	83.0	87.0	103.0	82.0	80.0	87.0
277.44	82.0	89.0	90.0	88.0	93.0	84.0	78.0	81.0	86.0	83.0	87.0	81.0	82.0	121.0	83.0	80.0	108.0	76.0	86.0	81.0
277.544	73.0	87.0	86.0	84.0	90.0	83.0	81.0	80.0	73.0	80.0	87.0	80.0	79.0	116.0	85.0	76.0	99.0	73.0	80.0	75.0
277.648	79.0	90.0	77.0	86.0	91.0	88.0	83.0	83.0	81.0	79.0	91.0	78.0	74.0	116.0	81.0	86.0	108.0	83.0	83.0	81.0
277.752	85.0	90.0	88.0	90.0	97.0	79.0	72.0	81.0	79.0	80.0	89.0	78.0	82.0	112.0	79.0	88.0	99.0	81.0	86.0	80.0
277.856	84.0	98.0	84.0	82.0	91.0	92.0	78.0	86.0	81.0	89.0	99.0	78.0	80.0	118.0	87.0	88.0	105.0	85.0	88.0	78.0
277.96	88.0	91.0	86.0	87.0	95.0	91.0	79.0	83.0	85.0	87.0	94.0	84.0	78.0	120.0	85.0	77.0	104.0	81.0	80.0	83.0
278.064	81.0	86.0	92.0	91.0	97.0	88.0	82.0	83.0	79.0	87.0	93.0	78.0	74.0	118.0	82.0	84.0	112.0	80.0	80.0	84.0
278.168	87.0	100.0	92.0	97.0	105.0	91.0	84.0	90.0	85.0	90.0	95.0	83.0	85.0	123.0	91.0	92.0	100.0	82.0	91.0	89.0
278.272	89.0	96.0	91.0	99.0	103.0	87.0	83.0	86.0	86.0	85.0	91.0	82.0	90.0	123.0	93.0	89.0	103.0	85.0	89.0	83.0
278.376	81.0	89.0	90.0	89.0	88.0	83.0	77.0	85.0	85.0	87.0	92.0	75.0	81.0	117.0	89.0	87.0	107.0	76.0	87.0	82.0
278.48	86.0	94.0	89.0	99.0	88.0	88.0	74.0	80.0	81.0	87.0	89.0	82.0	82.0	120.0	83.0	91.0	108.0	80.0	83.0	79.0
278.584	82.0	87.0	88.0	93.0	91.0	85.0	74.0	82.0	74.0	84.0	91.0	79.0	80.0	115.0	84.0	86.0	105.0	78.0	82.0	83.0
278.689	85.0	91.0	90.0	87.0	90.0	82.0	76.0	82.0	81.0	82.0	92.0	75.0	79.0	110.0	86.0	78.0	103.0	84.0	83.0	77.0
278.793	82.0	92.0	90.0	88.0	92.0	86.0	73.0	82.0	80.0	89.0	88.0	77.0	74.0	122.0	91.0	81.0	101.0	83.0	81.0	79.0
278.897	84.0	93.0	90.0	96.0	103.0	92.0	84.0	83.0	84.0	85.0	95.0	78.0	78.0	124.0	94.0	86.0	104.0	84.0	85.0	81.0
279.001	84.0	98.0	90.0	101.0	103.0	92.0	78.0	90.0	84.0	92.0	98.0	83.0	83.0	117.0	90.0	88.0	96.0	84.0	86.0	82.0
279.105	85.0	93.0	97.0	98.0	103.0	91.0	77.0	84.0	93.0	95.0	90.0	79.0	82.0	123.0	90.0	91.0	100.0	90.0	87.0	85.0
279.209	109.0	116.0	113.0	115.0	117.0	110.0	96.0	108.0	116.0	109.0	116.0	101.0	105.0	139.0	109.0	101.0	124.0	106.0	102.0	102.0
279.313	92.0	92.0	89.0	99.0	98.0	96.0	80.0	86.0	88.0	93.0	93.0	81.0	83.0	126.0	85.0	86.0	106.0	81.0	85.0	88.0
279.418	83.0	97.0	93.0	106.0	112.0	90.0	77.0	88.0	89.0	95.0	101.0	86.0	84.0	125.0	94.0	95.0	108.0	86.0	90.0	91.0
279.522	88.0	103.0	109.0	100.0	110.0	101.0	72.0	94.0	89.0	92.0	104.0	92.0	87.0	134.0	91.0	102.0	103.0	90.0	91.0	88.0
279.626	93.0	115.0	111.0	114.0	120.0	108.0	82.0	96.0	99.0	94.0	108.0	91.0	83.0	137.0	96.0	94.0	100.0	92.0	93.0	91.0
279.73	97.0	112.0	100.0	113.0	118.0	107.0	81.0	95.0	89.0	96.0	103.0	85.0	83.0	136.0	92.0	101.0	108.0	88.0	87.0	92.0
279.834	102.0	127.0	120.0	124.0	136.0	114.0	85.0	101.0	97.0	109.0	120.0	100.0	93.0	144.0	107.0	107.0	97.0	90.0	94.0	94.0
279.939	98.0	122.0	116.0	124.0	134.0	118.0	75.0	99.0	104.0	112.0	117.0	98.0	97.0	148.0	106.0	116.0	100.0	95.0	98.0	98.0
280.043	100.0	105.0	109.0	121.0	123.0	111.0	80.0	102.0	99.0	106.0	109.0	94.0	89.0	143.0	103.0	103.0	105.0	99.0	94.0	88.0
280.147	90.0	112.0	108.0	116.0	118.0	105.0	82.0	90.0	94.0	100.0	112.0	93.0	87.0	137.0	98.0	97.0	105.0	92.0	93.0	88.0
280.251	85.0	104.0	106.0	110.0	122.0	105.0	79.0	91.0	91.0	109.0	102.0	94.0	83.0	132.0	93.0	104.0	108.0	93.0	89.0	90.0
280.356	92.0	110.0	122.0	122.0	132.0	107.0	76.0	90.0	97.0	106.0	118.0	90.0	87.0	135.0	104.0	108.0	110.0	92.0	98.0	93.0
280.46	95.0	119.0	121.0	128.0	134.0	117.0	85.0	97.0	101.0	114.0	118.0	100.0	83.0	142.0	106.0	106.0	106.0	87.0	99.0	97.0
280.564	90.0	113.0	113.0	117.0	132.0	115.0	85.0	90.0	96.0	99.0	118.0	89.0	81.0	141.0	102.0	100.0	104.0	84.0	91.0	95.0
280.669	84.0	104.0	103.0	107.0	124.0	100.0	82.0	91.0	90.0	104.0	104.0	86.0	81.0	136.0	92.0	92.0	105.0	88.0	82.0	86.0
280.773	89.0	106.0	105.0	106.0	115.0	99.0	76.0	95.0	93.0	101.0	105.0	85.0	85.0	133.0	94.0	100.0	100.0	83.0	90.0	89.0
280.877	92.0	103.0	100.0	107.0	109.0	95.0	83.0	96.0	87.0	92.0	95.0	94.0	83.0	126.0	98.0	89.0	100.0	85.0	87.0	84.0
280.982	87.0	104.0	101.0	100.0	104.0	97.0	81.0	96.0	88.0	95.0	98.0	86.0	84.0	129.0	94.0	91.0	111.0	90.0	88.0	86.0
281.086	80.0	104.0	107.0	114.0	124.0	106.0	81.0	90.0	94.0	102.0	107.0	87.0	82.0	131.0	90.0	95.0	110.0	87.0	95.0	96.0
281.19	97.0	124.0	117.0	133.0	142.0	112.0	82.0	94.0	101.0	117.0	121.0	100.0	88.0	141.0	106.0	108.0	108.0	96.0	90.0	94.0
281.295	95.0	113.0	120.0	127.0	131.0	112.0	77.0	93.0	91.0	108.0	117.0	96.0	88.0	140.0	106.0	110.0	100.0	94.0	94.0	95.0
281.399	90.0	115.0	117.0	125.0	140.0	121.0	81.0	94.0	97.0	106.0	113.0	92.0	91.0	140.0	111.0	104.0	111.0	90.0	92.0	98.0
281.503	92.0	108.0	112.0	121.0	128.0	101.0	76.0	90.0	91.0	110.0	111.0	83.0	86.0	137.0	100.0	108.0	102.0	86.0	90.0	97.0
281.608	89.0	105.0	105.0	105.0	117.0	105.0	78.0	86.0	90.0	95.0	105.0	88.0	89.0	127.0	96.0	99.0	107.0	81.0	87.0	86.0
281.712	93.0	110.0	100.0	111.0	107.0	92.0	84.0	92.0	90.0	98.0	92.0	84.0	85.0	126.0	93.0	100.0	106.0	88.0	87.0	88.0
281.817	100.0	114.0	105.0	114.0	113.0	107.0	91.0	97.0	99.0	102.0	105.0	97.0	92.0	135.0	107.0	97.0	125.0	99.0	95.0	90.0
281.921	83.0	101.0	90.0	105.0	106.0	99.0	85.0	80.0	82.0	91.0	104.0	82.0	80.0	120.0	92.0	89.0	102.0	82.0	88.0	84.0
282.026	91.0	116.0	104.0	106.0	116.0	96.0	83.0	90.0	87.0	95.0	107.0	95.0	86.0	122.0	101.0	96.0	107.0	87.0	88.0	89.0
282.13	100.0	127.0	126.0	134.0	139.0	119.0	86.0	94.0	104.0	113.0	120.0	93.0	90.0	146.0	112.0	113.0	110.0	95.0	96.0	105.0
282.235	119.0	142.0	153.0	164.0	174.0	143.0	87.0	106.0	121.0	136.0	143.0	108.0	96.0	171.0	135.0	140.0	109.0	105.0	104.0	110.0
282.339	107.0	147.0	151.0	163.0	180.0	141.0	82.0	103.0	111.0	136.0	149.0	107.0	101.0	169.0	134.0	137.0	110.0	112.0	110.0	111.0
282.444	104.0	124.0	124.0	143.0	155.0	128.0	80.0	96.0	106.0	126.0	125.0	102.0	92.0	159.0	118.0	122.0	102.0	97.0	108.0	102.0
282.548	106.0	136.0	133.0	145.0	162.0	130.0	83.0	96.0	103.0	123.0	121.0	103.0	92.0	157.0	116.0	123.0	103.0	101.0	108.0	101.0
282.653	103.0	133.0	126.0	139.0	145.0	125.0	91.0	102.0	106.0	120.0	127.0	106.0	92.0	159.0	115.0	110.0	114.0	108.0	108.0	103.0
282.757	87.0	114.0	103.0	119.0	128.0	116.0	81.0	93.0	93.0	110.0	114.0	90.0	84.0	138.0	105.0	102.0	107.0	96.0	93.0	98.0
282.862	85.0	102.0	97.0	109.0	115.0	98.0	85.0	87.0	91.0	103.0	97.0	84.0	86.0	129.0	96.0	95.0	106.0	89.0	90.0	86.0
282.966	91.0	111.0	103.0	108.0	117.0	92.0	75.0	88.0	87.0	103.0	107.0	89.0	78.0	127.0	102.0	100.0	103.0	91.0	86.0	88.0
283.071	86.0	105.0	103.0	98.0	113.0	95.0	78.0	87.0	88.0	92.0	105.0	82.0	79.0	127.0	98.0	89.0	106.0	85.0	85.0	82.0
283.175	91.0	96.0	103.0	101.0	109.0	89.0	82.0	80.0	82.0	95.0	105.0	86.0	88.0	128.0	92.0	90.0	107.0	83.0	88.0	82.0
283.28	87.0	102.0	98.0	104.0	107.0	97.0	86.0	91.0	88.0	105.0	102.0	86.0	84.0	121.0	90.0	90.0	97.0	84.0	94.0	85.0
283.385	88.0	107.0	102.0	106.0	117.0	99.0	82.0	93.0	94.0	105.0	104.0	82.0	85.0	126.0	96.0	93.0	106.0	89.0	89.0	89.0
283.489	93.0	114.0	108.0	118.0	124.0	107.0	76.0	89.0	98.0	113.0	120.0	94.0	88.0	141.0	104.0	101.0	106.0	88.0	99.0	91.0
283.594	90.0	133.0	112.0	126.0	135.0	119.0	82.0	103.0	96.0	110.0	126.0	94.0	97.0	149.0	110.0	111.0	108.0	95.0	103.0	100.0
283.698	96.0	122.0	106.0	119.0	122.0	104.0	86.0	98.0	92.0	107.0	118.0	98.0	97.0	130.0	106.0	109.0	116.0	89.0	97.0	90.0
283.803	93.0	109.0	105.0	107.0	115.0	102.0	81.0	94.0	91.0	100.0	107.0	92.0	85.0	132.0	99.0	103.0	104.0	87.0	88.0	96.0
283.908	96.0	103.0	99.0	103.0	109.0	99.0	79.0	91.0	87.0	95.0	96.0	84.0	81.0	125.0	92.0	92.0	110.0	88.0	83.0	88.0
284.012	98.0	104.0	102.0	104.0	108.0	105.0	85.0	93.0	87.0	97.0	103.0	86.0	91.0	131.0	95.0	94.0	112.0	82.0	88.0	92.0
284.117	88.0	106.0	95.0	100.0	107.0	97.0	80.0	82.0	88.0	98.0	98.0	87.0	90.0	125.0	93.0	91.0	102.0	87.0	89.0	93.0
284.222	78.0	105.0	92.0	102.0	107.0	95.0	74.0	82.0	86.0	96.0	86.0	89.0	80.0	122.0	87.0	90.0	101.0	85.0	89.0	84.0
284.326	81.0	93.0	96.0	96.0	103.0	86.0	78.0	86.0	90.0	85.0	93.0	80.0	82.0	122.0	87.0	88.0	102.0	87.0	86.0	85.0
284.431	84.0	105.0	89.0	101.0	112.0	105.0	80.0	96.0	89.0	96.0	106.0	94.0	84.0	132.0	93.0	96.0	103.0	84.0	88.0	88.0
284.536	76.0	98.0	91.0	101.0	110.0	90.0	82.0	90.0	87.0	89.0	103.0	87.0	88.0	124.0	93.0	94.0	107.0	92.0	93.0	89.0
284.64	95.0	103.0	99.0	105.0	111.0	99.0	75.0	91.0	87.0	95.0	105.0	90.0	89.0	125.0	101.0	102.0	105.0	87.0	97.0	90.0
284.745	86.0	102.0	98.0	99.0	105.0	95.0	75.0	86.0	95.0	92.0	95.0	84.0	84.0	130.0	100.0	94.0	98.0	89.0	88.0	83.0
284.85	91.0	98.0	96.0	100.0	106.0	94.0	86.0	87.0	82.0	93.0	101.0	84.0	90.0	135.0	100.0	92.0	104.0	79.0	86.0	92.0
284.955	83.0	107.0	102.0	107.0	112.0	98.0	83.0	91.0	92.0	97.0	105.0	89.0	85.0	127.0	95.0	97.0	100.0	84.0	95.0	88.0
285.059	85.0	106.0	100.0	108.0	114.0	96.0	78.0	85.0	92.0	100.0	98.0	88.0	79.0	130.0	92.0	101.0	100.0	90.0	94.0	93.0
285.164	86.0	103.0	104.0	116.0	114.0	99.0	79.0	91.0	96.0	102.0	100.0	87.0	83.0	132.0	95.0	99.0	106.0	92.0	93.0	89.0
285.269	91.0	107.0	101.0	112.0	119.0	99.0	80.0	88.0	81.0	103.0	105.0	82.0	82.0	138.0	94.0	92.0	104.0	86.0	92.0	92.0
285.374	86.0	104.0	108.0	112.0	118.0	106.0	81.0	91.0	91.0	98.0	110.0	88.0	88.0	132.0	95.0	99.0	106.0	90.0	86.0	86.0
285.479	96.0	112.0	101.0	117.0	126.0	103.0	81.0	93.0	99.0	102.0	109.0	92.0	83.0	133.0	96.0	107.0	110.0	93.0	93.0	91.0
285.583	98.0	125.0	112.0	123.0	132.0	116.0	88.0	95.0	97.0	107.0	114.0	97.0	84.0	141.0	114.0	115.0	109.0	99.0	98.0	98.0
285.688	94.0	112.0	104.0	111.0	124.0	108.0	86.0	86.0	91.0	99.0	100.0	85.0	91.0	135.0	109.0	100.0	108.0	85.0	90.0	88.0
285.793	98.0	114.0	107.0	113.0	128.0	109.0	80.0	89.0	89.0	107.0	108.0	89.0	93.0	132.0	99.0	105.0	105.0	86.0	97.0	91.0
285.898	95.0	108.0	107.0	109.0	116.0	99.0	77.0	92.0	88.0	109.0	105.0	87.0	83.0	132.0	97.0	98.0	96.0	84.0	93.0	88.0
286.003	81.0	101.0	95.0	94.0	101.0	92.0	80.0	90.0	83.0	95.0	90.0	83.0	81.0	127.0	94.0	89.0	99.0	84.0	87.0	78.0
286.108	83.0	97.0	89.0	91.0	102.0	92.0	78.0	88.0	88.0	90.0	92.0	83.0	77.0	119.0	82.0	87.0	108.0	83.0	82.0	77.0
286.213	80.0	95.0	94.0	98.0	109.0	96.0	78.0	87.0	89.0	86.0	100.0	88.0	86.0	120.0	89.0	97.0	106.0	82.0	87.0	88.0
286.317	86.0	106.0	103.0	116.0	109.0	98.0	81.0	96.0	89.0	98.0	99.0	85.0	84.0	130.0	98.0	100.0	102.0	85.0	93.0	88.0
286.422	88.0	106.0	102.0	103.0	119.0	104.0	80.0	88.0	96.0	98.0	104.0	94.0	87.0	135.0	105.0	97.0	98.0	84.0	84.0	87.0
286.527	83.0	98.0	96.0	105.0	109.0	101.0	79.0	84.0	75.0	88.0	100.0	84.0	79.0	136.0	97.0	89.0	104.0	80.0	80.0	93.0
286.632	88.0	96.0	102.0	111.0	113.0	93.0	81.0	90.0	88.0	100.0	104.0	81.0	84.0	126.0	97.0	97.0	105.0	87.0	92.0	87.0
286.737	77.0	100.0	89.0	95.0	107.0	89.0	82.0	86.0	83.0	91.0	90.0	84.0	78.0	125.0	87.0	90.0	104.0	80.0	91.0	79.0
286.842	101.0	112.0	103.0	115.0	117.0	108.0	93.0	101.0	104.0	106.0	112.0	98.0	98.0	136.0	103.0	109.0	118.0	96.0	101.0	97.0
286.947	108.0	121.0	114.0	125.0	120.0	113.0	90.0	103.0	109.0	116.0	118.0	100.0	98.0	142.0	110.0	108.0	109.0	101.0	105.0	94.0
287.052	95.0	128.0	111.0	126.0	139.0	121.0	89.0	100.0	103.0	117.0	113.0	98.0	94.0	142.0	111.0	115.0	112.0	102.0	98.0	102.0
287.157	94.0	127.0	117.0	129.0	148.0	113.0	82.0	102.0	97.0	114.0	121.0	98.0	93.0	146.0	108.0	114.0	108.0	92.0	98.0	92.0
287.262	88.0	121.0	111.0	119.0	123.0	103.0	80.0	97.0	90.0	108.0	113.0	91.0	81.0	136.0	102.0	108.0	107.0	89.0	97.0	89.0
287.367	85.0	104.0	104.0	103.0	121.0	100.0	84.0	94.0	89.0	95.0	104.0	82.0	81.0	128.0	93.0	91.0	108.0	86.0	85.0	90.0
287.472	87.0	99.0	99.0	104.0	106.0	95.0	84.0	85.0	92.0	93.0	106.0	84.0	89.0	122.0	90.0	96.0	105.0	90.0	92.0	81.0
287.577	101.0	118.0	116.0	111.0	122.0	103.0	96.0	102.0	111.0	112.0	119.0	103.0	108.0	144.0	110.0	107.0	119.0	106.0	106.0	104.0
287.682	92.0	103.0	102.0	107.0	116.0	102.0	78.0	96.0	94.0	99.0	99.0	84.0	86.0	129.0	98.0	96.0	107.0	88.0	94.0	97.0
287.787	93.0	128.0	114.0	126.0	135.0	116.0	85.0	100.0	99.0	111.0	118.0	96.0	94.0	148.0	103.0	111.0	111.0	94.0	95.0	98.0
287.892	92.0	125.0	106.0	126.0	129.0	115.0	85.0	106.0	98.0	111.0	111.0	93.0	95.0	134.0	103.0	105.0	105.0	87.0	100.0	93.0
287.997	90.0	115.0	109.0	116.0	132.0	104.0	85.0	100.0	99.0	103.0	114.0	94.0	92.0	130.0	103.0	104.0	108.0	86.0	94.0	95.0
288.102	88.0	108.0	102.0	108.0	113.0	97.0	72.0	89.0	92.0	98.0	99.0	84.0	83.0	130.0	100.0	99.0	112.0	86.0	92.0	86.0
288.207	88.0	98.0	97.0	100.0	117.0	96.0	81.0	84.0	88.0	94.0	101.0	83.0	88.0	133.0	91.0	91.0	100.0	88.0	87.0	85.0
288.312	92.0	104.0	107.0	112.0	113.0	110.0	77.0	85.0	89.0	104.0	104.0	81.0	85.0	136.0	95.0	94.0	105.0	84.0	90.0	91.0
288.417	91.0	104.0	106.0	110.0	119.0	107.0	86.0	89.0	95.0	106.0	110.0	88.0	91.0	135.0	98.0	100.0	104.0	84.0	95.0	98.0
288.523	86.0	105.0	101.0	114.0	112.0	103.0	81.0	94.0	89.0	96.0	95.0	91.0	81.0	129.0	98.0	102.0	97.0	86.0	88.0	87.0
288.628	90.0	101.0	97.0	102.0	105.0	101.0	82.0	90.0	88.0	96.0	91.0	80.0	84.0	124.0	92.0	92.0	102.0	85.0	86.0	82.0
288.733	86.0	96.0	92.0	96.0	102.0	92.0	80.0	87.0	83.0	84.0	94.0	81.0	82.0	121.0	84.0	90.0	104.0	82.0	90.0	84.0
288.838	79.0	92.0	89.0	92.0	94.0	89.0	84.0	83.0	84.0	88.0	90.0	74.0	83.0	120.0	84.0	91.0	97.0	82.0	77.0	86.0
288.943	85.0	89.0	89.0	89.0	90.0	85.0	74.0	77.0	80.0	82.0	89.0	82.0	79.0	116.0	84.0	79.0	99.0	76.0	80.0	77.0
289.048	77.0	85.0	78.0	79.0	91.0	82.0	76.0	78.0	76.0	79.0	93.0	77.0	78.0	113.0	84.0	76.0	108.0	77.0	76.0	76.0
289.153	87.0	86.0	85.0	84.0	89.0	81.0	76.0	76.0	77.0	87.0	88.0	72.0	79.0	112.0	80.0	84.0	102.0	80.0	81.0	75.0
289.259	84.0	86.0	81.0	88.0	93.0	79.0	77.0	81.0	80.0	83.0	82.0	78.0	79.0	115.0	79.0	84.0	98.0	72.0	81.0	75.0
289.364	88.0	98.0	90.0	87.0	98.0	87.0	80.0	86.0	80.0	85.0	86.0	83.0	82.0	115.0	80.0	88.0	96.0	79.0	79.0	79.0
289.469	82.0	87.0	88.0	81.0	86.0	83.0	76.0	82.0	81.0	83.0	88.0	80.0	72.0	112.0	84.0	78.0	97.0	76.0	77.0	76.0
289.574	84.0	90.0	84.0	84.0	88.0	89.0	79.0	83.0	89.0	83.0	93.0	79.0	80.0	110.0	83.0	81.0	110.0	77.0	79.0	83.0
289.679	74.0	88.0	83.0	87.0	90.0	85.0	84.0	81.0	80.0	84.0	89.0	81.0	76.0	114.0	87.0	78.0	98.0	77.0	86.0	83.0
289.785	73.0	86.0	89.0	89.0	90.0	78.0	80.0	84.0	81.0	82.0	86.0	78.0	75.0	113.0	81.0	81.0	101.0	75.0	79.0	81.0
289.89	78.0	87.0	86.0	90.0	90.0	86.0	74.0	88.0	82.0	78.0	87.0	78.0	73.0	118.0	81.0	85.0	99.0	84.0	79.0	82.0
289.995	76.0	94.0	93.0	95.0	98.0	97.0	78.0	79.0	81.0	84.0	97.0	80.0	86.0	114.0	90.0	91.0	112.0	82.0	87.0	81.0
290.1	92.0	102.0	99.0	105.0	103.0	97.0	83.0	94.0	82.0	91.0	98.0	88.0	89.0	125.0	86.0	101.0	102.0	82.0	93.0	87.0
290.206	89.0	102.0	109.0	102.0	110.0	97.0	80.0	97.0	90.0	100.0	102.0	92.0	77.0	128.0	98.0	96.0	108.0	86.0	92.0	91.0
290.311	85.0	100.0	99.0	101.0	109.0	98.0	74.0	86.0	88.0	91.0	103.0	86.0	84.0	130.0	96.0	93.0	106.0	84.0	87.0	78.0
290.416	87.0	99.0	94.0	104.0	105.0	102.0	78.0	91.0	89.0	96.0	100.0	85.0	83.0	127.0	93.0	99.0	100.0	82.0	88.0	82.0
290.522	90.0	104.0	102.0	109.0	112.0	105.0	79.0	96.0	91.0	100.0	101.0	90.0	87.0	136.0	86.0	103.0	103.0	92.0	89.0	86.0
290.627	106.0	106.0	105.0	106.0	107.0	99.0	83.0	99.0	93.0	100.0	107.0	94.0	88.0	135.0	93.0	101.0	108.0	89.0	93.0	91.0
290.732	85.0	100.0	99.0	99.0	105.0	102.0	76.0	98.0	89.0	88.0	98.0	88.0	89.0	128.0	91.0	96.0	103.0	88.0	89.0	85.0
290.838	86.0	106.0	104.0	102.0	107.0	97.0	78.0	88.0	83.0	92.0	102.0	83.0	87.0	125.0	86.0	84.0	111.0	82.0	85.0	82.0
290.943	87.0	103.0	92.0	106.0	107.0	95.0	80.0	89.0	89.0	94.0	102.0	86.0	89.0	121.0	93.0	93.0	108.0	82.0	87.0	86.0
291.048	77.0	94.0	93.0	97.0	101.0	89.0	82.0	88.0	88.0	91.0	93.0	80.0	78.0	118.0	87.0	91.0	107.0	83.0	82.0	85.0
291.154	90.0	102.0	96.0	99.0	105.0	94.0	81.0	89.0	82.0	95.0	98.0	92.0	87.0	122.0	97.0	90.0	106.0	83.0	81.0	86.0
291.259	87.0	98.0	91.0	98.0	94.0	89.0	80.0	85.0	84.0	84.0	98.0	79.0	82.0	114.0	87.0	85.0	102.0	79.0	85.0	80.0
291.364	92.0	96.0	91.0	93.0	102.0	90.0	82.0	87.0	89.0	87.0	97.0	87.0	84.0	121.0	93.0	90.0	104.0	88.0	81.0	83.0
291.47	84.0	99.0	85.0	98.0	93.0	80.0	78.0	85.0	86.0	87.0	93.0	75.0	73.0	115.0	82.0	79.0	103.0	82.0	82.0	81.0
291.575	92.0	108.0	103.0	101.0	100.0	96.0	80.0	91.0	88.0	98.0	103.0	85.0	84.0	132.0	98.0	93.0	107.0	94.0	93.0	93.0
291.681	82.0	89.0	94.0	89.0	95.0	92.0	79.0	83.0	77.0	86.0	96.0	78.0	89.0	121.0	92.0	82.0	106.0	79.0	79.0	81.0
291.786	84.0	101.0	94.0	100.0	101.0	90.0	79.0	81.0	87.0	87.0	98.0	75.0	79.0	121.0	85.0	87.0	101.0	79.0	87.0	80.0
291.891	83.0	93.0	93.0	92.0	101.0	90.0	79.0	85.0	82.0	84.0	98.0	81.0	78.0	121.0	88.0	86.0	99.0	84.0	85.0	83.0
291.997	84.0	96.0	93.0	97.0	100.0	95.0	77.0	87.0	86.0	92.0	94.0	87.0	81.0	124.0	89.0	88.0	107.0	86.0	81.0	86.0
292.102	84.0	100.0	93.0	106.0	101.0	95.0	77.0	88.0	89.0	88.0	103.0	88.0	82.0	123.0	89.0	94.0	101.0	85.0	93.0	76.0
292.208	89.0	114.0	100.0	111.0	117.0	113.0	83.0	99.0	97.0	101.0	109.0	82.0	91.0	129.0	93.0	99.0	107.0	93.0	96.0	83.0
292.313	90.0	110.0	98.0	114.0	115.0	98.0	84.0	97.0	93.0	100.0	109.0	85.0	90.0	132.0	98.0	104.0	107.0	82.0	91.0	93.0
292.419	93.0	116.0	111.0	113.0	121.0	100.0	80.0	93.0	95.0	97.0	112.0	92.0	84.0	136.0	104.0	104.0	105.0	92.0	92.0	91.0
292.524	84.0	108.0	104.0	109.0	122.0	101.0	78.0	88.0	87.0	96.0	105.0	82.0	83.0	132.0	97.0	99.0	104.0	87.0	84.0	87.0
292.63	93.0	105.0	104.0	105.0	117.0	99.0	83.0	89.0	93.0	100.0	106.0	81.0	84.0	130.0	94.0	97.0	105.0	88.0	86.0	87.0
292.735	91.0	114.0	102.0	112.0	116.0	95.0	83.0	98.0	94.0	99.0	100.0	82.0	91.0	133.0	94.0	102.0	104.0	89.0	95.0	99.0
292.841	82.0	98.0	96.0	95.0	111.0	94.0	83.0	92.0	87.0	93.0	94.0	83.0	78.0	124.0	90.0	91.0	106.0	79.0	81.0	88.0
292.946	96.0	109.0	112.0	108.0	112.0	108.0	81.0	93.0	94.0	97.0	106.0	96.0	89.0	133.0	101.0	94.0	110.0	90.0	96.0	91.0
293.052	94.0	101.0	102.0	109.0	115.0	107.0	79.0	93.0	102.0	96.0	106.0	87.0	88.0	131.0	86.0	98.0	105.0	90.0	91.0	87.0
293.158	90.0	119.0	112.0	117.0	121.0	104.0	83.0	106.0	105.0	105.0	110.0	92.0	92.0	139.0	102.0	106.0	102.0	90.0	98.0	92.0
293.263	103.0	121.0	121.0	129.0	127.0	112.0	81.0	96.0	100.0	109.0	113.0	95.0	92.0	145.0	109.0	110.0	104.0	96.0	102.0	96.0
293.369	94.0	114.0	118.0	110.0	132.0	109.0	83.0	94.0	93.0	106.0	107.0	94.0	88.0	141.0	104.0	108.0	110.0	90.0	94.0	94.0
293.474	182.0	196.0	190.0	198.0	207.0	194.0	168.0	180.0	184.0	191.0	196.0	172.0	182.0	220.0	182.0	186.0	189.0	174.0	174.0	178.0
293.58	125.0	146.0	136.0	141.0	151.0	135.0	90.0	121.0	118.0	125.0	142.0	115.0	114.0	167.0	120.0	132.0	109.0	118.0	114.0	111.0
293.685	104.0	126.0	124.0	129.0	141.0	124.0	86.0	107.0	108.0	125.0	127.0	106.0	103.0	147.0	104.0	115.0	103.0	97.0	103.0	101.0
293.791	107.0	134.0	116.0	124.0	136.0	122.0	90.0	108.0	102.0	122.0	128.0	103.0	96.0	152.0	102.0	113.0	106.0	99.0	101.0	100.0
293.897	100.0	131.0	124.0	137.0	141.0	127.0	84.0	113.0	102.0	118.0	127.0	101.0	101.0	153.0	109.0	111.0	108.0	94.0	98.0	99.0
294.002	95.0	123.0	118.0	119.0	138.0	111.0	84.0	97.0	98.0	114.0	121.0	95.0	94.0	148.0	107.0	109.0	112.0	92.0	95.0	98.0
294.108	118.0	135.0	134.0	136.0	149.0	127.0	89.0	116.0	118.0	125.0	133.0	112.0	99.0	163.0	116.0	125.0	113.0	109.0	120.0	110.0
294.214	107.0	124.0	118.0	120.0	137.0	123.0	89.0	111.0	110.0	112.0	126.0	96.0	103.0	146.0	110.0	103.0	110.0	95.0	103.0	101.0
294.319	104.0	114.0	109.0	112.0	124.0	109.0	85.0	109.0	96.0	109.0	119.0	91.0	97.0	142.0	100.0	102.0	104.0	88.0	97.0	98.0
294.425	94.0	107.0	96.0	105.0	120.0	106.0	83.0	102.0	99.0	104.0	110.0	87.0	92.0	134.0	91.0	98.0	105.0	88.0	97.0	84.0
294.531	91.0	106.0	97.0	99.0	107.0	100.0	74.0	102.0	94.0	99.0	101.0	92.0	85.0	131.0	91.0	91.0	98.0	95.0	95.0	84.0
294.636	84.0	96.0	87.0	95.0	98.0	89.0	80.0	91.0	84.0	91.0	96.0	88.0	80.0	126.0	93.0	90.0	101.0	88.0	87.0	76.0
294.742	87.0	99.0	92.0	97.0	99.0	94.0	78.0	83.0	88.0	88.0	103.0	86.0	86.0	116.0	94.0	88.0	105.0	86.0	84.0	88.0
294.848	116.0	139.0	125.0	141.0	140.0	129.0	99.0	121.0	119.0	124.0	132.0	112.0	116.0	158.0	122.0	124.0	120.0	112.0	116.0	115.0
294.954	101.0	136.0	116.0	120.0	133.0	117.0	92.0	111.0	107.0	110.0	127.0	96.0	97.0	153.0	108.0	116.0	116.0	95.0	107.0	98.0
295.059	134.0	153.0	145.0	144.0	158.0	147.0	102.0	133.0	130.0	135.0	150.0	126.0	122.0	176.0	127.0	136.0	122.0	122.0	120.0	121.0
295.165	98.0	119.0	113.0	119.0	131.0	117.0	89.0	106.0	98.0	108.0	122.0	97.0	99.0	141.0	98.0	96.0	113.0	94.0	100.0	99.0
295.271	98.0	117.0	118.0	125.0	133.0	117.0	82.0	101.0	105.0	112.0	126.0	93.0	92.0	151.0	112.0	106.0	108.0	95.0	100.0	100.0
295.377	100.0	114.0	111.0	126.0	134.0	107.0	83.0	104.0	96.0	118.0	123.0	94.0	98.0	148.0	107.0	111.0	103.0	99.0	105.0	96.0
295.482	97.0	112.0	107.0	108.0	126.0	108.0	84.0	104.0	93.0	101.0	110.0	93.0	92.0	138.0	107.0	102.0	110.0	97.0	94.0	85.0
295.588	88.0	102.0	97.0	100.0	106.0	100.0	78.0	91.0	93.0	95.0	103.0	89.0	85.0	130.0	88.0	93.0	101.0	89.0	85.0	79.0
295.694	89.0	101.0	102.0	105.0	115.0	98.0	78.0	92.0	93.0	101.0	107.0	84.0	93.0	122.0	92.0	99.0	106.0	91.0	85.0	89.0
295.8	88.0	95.0	94.0	93.0	108.0	89.0	81.0	92.0	81.0	86.0	102.0	85.0	85.0	122.0	87.0	92.0	98.0	82.0	85.0	77.0
295.906	92.0	104.0	99.0	97.0	105.0	96.0	71.0	91.0	86.0	94.0	106.0	80.0	89.0	128.0	88.0	92.0	100.0	82.0	81.0	87.0
296.011	96.0	97.0	94.0	93.0	102.0	94.0	81.0	96.0	92.0	98.0	106.0	86.0	95.0	134.0	87.0	86.0	104.0	84.0	84.0	83.0
296.117	96.0	109.0	99.0	102.0	108.0	97.0	85.0	107.0	100.0	99.0	106.0	83.0	97.0	131.0	92.0	94.0	104.0	90.0	97.0	87.0
296.223	88.0	102.0	87.0	90.0	94.0	92.0	83.0	92.0	90.0	81.0	91.0	81.0	84.0	119.0	87.0	96.0	98.0	84.0	88.0	80.0
296.329	90.0	103.0	94.0	93.0	96.0	99.0	76.0	97.0	90.0	83.0	97.0	82.0	88.0	117.0	84.0	86.0	109.0	82.0	88.0	84.0
296.435	90.0	98.0	85.0	100.0	91.0	92.0	83.0	95.0	83.0	90.0	100.0	83.0	89.0	123.0	87.0	87.0	102.0	86.0	83.0	89.0
296.541	84.0	96.0	86.0	94.0	101.0	93.0	75.0	92.0	84.0	83.0	101.0	86.0	90.0	122.0	88.0	92.0	103.0	84.0	90.0	91.0
296.647	88.0	97.0	93.0	97.0	101.0	91.0	86.0	94.0	87.0	88.0	90.0	88.0	85.0	121.0	91.0	88.0	105.0	84.0	84.0	84.0
296.752	86.0	97.0	88.0	92.0	91.0	88.0	72.0	90.0	90.0	76.0	92.0	77.0	80.0	122.0	88.0	85.0	103.0	78.0	82.0	85.0
296.858	84.0	87.0	90.0	88.0	98.0	88.0	82.0	87.0	88.0	85.0	94.0	81.0	87.0	114.0	87.0	79.0	112.0	85.0	84.0	83.0
296.964	82.0	91.0	92.0	83.0	87.0	81.0	76.0	87.0	86.0	85.0	91.0	80.0	85.0	114.0	82.0	78.0	105.0	81.0	85.0	85.0
297.07	81.0	92.0	87.0	93.0	92.0	86.0	77.0	90.0	88.0	81.0	91.0	72.0	85.0	112.0	83.0	88.0	103.0	76.0	80.0	84.0
297.176	98.0	106.0	101.0	110.0	105.0	100.0	93.0	98.0	89.0	87.0	101.0	87.0	89.0	131.0	98.0	100.0	109.0	95.0	94.0	90.0
297.282	85.0	94.0	92.0	95.0	95.0	89.0	72.0	87.0	87.0	89.0	98.0	84.0	84.0	117.0	92.0	92.0	101.0	78.0	81.0	84.0
297.388	78.0	91.0	83.0	94.0	97.0	83.0	77.0	87.0	84.0	82.0	92.0	83.0	79.0	116.0	82.0	80.0	98.0	78.0	82.0	76.0
297.494	83.0	88.0	88.0	93.0	92.0	87.0	80.0	88.0	81.0	88.0	92.0	75.0	78.0	114.0	89.0	87.0	106.0	77.0	85.0	89.0
297.6	86.0	96.0	89.0	92.0	95.0	80.0	81.0	92.0	87.0	81.0	95.0	79.0	79.0	120.0	91.0	84.0	105.0	79.0	90.0	82.0
297.706	93.0	93.0	96.0	93.0	97.0	87.0	82.0	91.0	87.0	89.0	97.0	87.0	85.0	115.0	86.0	81.0	102.0	79.0	83.0	83.0
297.812	92.0	98.0	96.0	94.0	102.0	94.0	82.0	82.0	79.0	97.0	100.0	81.0	84.0	122.0	91.0	88.0	106.0	82.0	89.0	82.0
297.918	91.0	101.0	96.0	97.0	102.0	95.0	77.0	93.0	91.0	92.0	104.0	80.0	81.0	127.0	88.0	86.0	98.0	85.0	88.0	88.0
298.024	87.0	99.0	93.0	89.0	96.0	88.0	76.0	88.0	88.0	85.0	97.0	84.0	85.0	120.0	93.0	88.0	100.0	86.0	85.0	85.0
298.13	88.0	95.0	85.0	92.0	94.0	92.0	75.0	88.0	83.0	87.0	105.0	84.0	82.0	116.0	88.0	88.0	104.0	82.0	82.0	81.0
298.236	84.0	94.0	89.0	89.0	93.0	90.0	80.0	92.0	86.0	85.0	94.0	81.0	84.0	113.0	84.0	85.0	103.0	83.0	84.0	81.0
298.342	81.0	92.0	87.0	89.0	91.0	81.0	76.0	82.0	85.0	81.0	92.0	74.0	79.0	118.0	85.0	84.0	99.0	83.0	84.0	82.0
298.448	81.0	96.0	87.0	89.0	91.0	87.0	78.0	89.0	80.0	84.0	91.0	85.0	80.0	118.0	85.0	88.0	108.0	83.0	89.0	82.0
298.554	81.0	84.0	91.0	84.0	90.0	83.0	66.0	76.0	79.0	83.0	88.0	81.0	76.0	116.0	82.0	82.0	104.0	76.0	74.0	80.0
298.66	90.0	87.0	87.0	94.0	94.0	87.0	82.0	93.0	84.0	90.0	91.0	78.0	83.0	112.0	88.0	84.0	101.0	70.0	82.0	83.0
298.766	82.0	92.0	89.0	90.0	87.0	85.0	79.0	90.0	81.0	80.0	82.0	78.0	82.0	113.0	85.0	86.0	102.0	82.0	86.0	84.0
298.872	82.0	94.0	88.0	87.0	89.0	81.0	78.0	90.0	79.0	79.0	89.0	81.0	85.0	112.0	90.0	78.0	107.0	81.0	81.0	84.0
298.979	84.0	89.0	84.0	88.0	84.0	81.0	76.0	82.0	82.0	78.0	89.0	74.0	80.0	114.0	85.0	82.0	108.0	79.0	76.0	77.0
299.085	80.0	91.0	85.0	91.0	86.0	96.0	81.0	88.0	84.0	82.0	91.0	82.0	85.0	108.0	73.0	83.0	104.0	83.0	82.0	81.0
299.191	84.0	91.0	90.0	92.0	92.0	88.0	76.0	86.0	88.0	85.0	90.0	81.0	89.0	114.0	84.0	88.0	103.0	86.0	83.0	83.0
299.297	86.0	88.0	87.0	87.0	90.0	86.0	75.0	89.0	82.0	80.0	87.0	75.0	81.0	115.0	84.0	88.0	108.0	80.0	84.0	78.0
299.403	84.0	93.0	96.0	85.0	88.0	90.0	77.0	90.0	82.0	80.0	91.0	78.0	79.0	117.0	83.0	84.0	104.0	82.0	84.0	83.0
299.509	87.0	86.0	87.0	90.0	88.0	90.0	77.0	92.0	88.0	84.0	93.0	76.0	81.0	117.0	81.0	80.0	101.0	82.0	86.0	83.0
299.615	87.0	97.0	90.0	92.0	91.0	85.0	82.0	93.0	91.0	92.0	89.0	78.0	85.0	117.0	87.0	80.0	101.0	88.0	92.0	92.0
299.722	84.0	95.0	89.0	87.0	91.0	84.0	81.0	92.0	85.0	91.0	88.0	82.0	81.0	118.0	85.0	86.0	102.0	85.0	86.0	81.0
299.828	81.0	88.0	82.0	81.0	84.0	86.0	79.0	84.0	88.0	78.0	94.0	84.0	82.0	114.0	84.0	87.0	104.0	86.0	82.0	78.0
299.934	87.0	95.0	84.0	88.0	88.0	87.0	72.0	86.0	83.0	84.0	85.0	81.0	86.0	113.0	77.0	88.0	106.0	83.0	83.0	83.0
300.04	78.0	88.0	81.0	81.0	86.0	85.0	76.0	84.0	80.0	77.0	83.0	76.0	83.0	105.0	78.0	84.0	105.0	82.0	81.0	74.0
300.146	84.0	94.0	81.0	78.0	89.0	81.0	78.0	91.0	80.0	80.0	88.0	76.0	76.0	111.0	81.0	85.0	102.0	87.0	77.0	83.0
300.253	84.0	89.0	90.0	77.0	87.0	85.0	79.0	89.0	78.0	81.0	83.0	79.0	78.0	114.0	83.0	81.0	104.0	75.0	80.0	83.0
300.359	75.0	87.0	85.0	87.0	88.0	91.0	74.0	83.0	79.0	82.0	89.0	82.0	85.0	109.0	81.0	77.0	101.0	79.0	84.0	88.0
300.465	81.0	90.0	90.0	87.0	90.0	94.0	84.0	90.0	92.0	86.0	94.0	86.0	83.0	115.0	86.0	86.0	109.0	88.0	89.0	84.0
300.571	108.0	110.0	105.0	114.0	111.0	107.0	102.0	110.0	107.0	102.0	101.0	101.0	105.0	142.0	103.0	112.0	125.0	102.0	105.0	98.0
300.678	83.0	88.0	82.0	88.0	86.0	88.0	80.0	84.0	80.0	84.0	90.0	74.0	84.0	112.0	86.0	85.0	104.0	81.0	84.0	78.0
300.784	83.0	94.0	81.0	86.0	82.0	87.0	78.0	84.0	83.0	83.0	89.0	75.0	72.0	108.0	73.0	88.0	103.0	79.0	85.0	78.0
300.89	78.0	91.0	81.0	90.0	92.0	89.0	74.0	91.0	81.0	82.0	92.0	81.0	79.0	108.0	81.0	86.0	101.0	73.0	86.0	82.0
300.996	85.0	96.0	96.0	92.0	102.0	92.0	80.0	85.0	90.0	87.0	94.0	77.0	74.0	119.0	91.0	86.0	102.0	80.0	83.0	76.0
301.103	97.0	117.0	110.0	115.0	128.0	103.0	78.0	94.0	102.0	104.0	108.0	97.0	91.0	133.0	106.0	105.0	104.0	93.0	92.0	92.0
301.209	95.0	112.0	101.0	111.0	116.0	102.0	72.0	90.0	88.0	100.0	104.0	93.0	93.0	132.0	100.0	98.0	108.0	90.0	94.0	90.0
301.315	97.0	114.0	94.0	107.0	108.0	104.0	77.0	95.0	97.0	102.0	106.0	92.0	87.0	130.0	97.0	102.0	102.0	91.0	94.0	93.0
301.422	102.0	121.0	103.0	101.0	123.0	108.0	89.0	100.0	101.0	103.0	104.0	97.0	93.0	137.0	104.0	104.0	104.0	99.0	102.0	102.0
301.528	96.0	113.0	96.0	108.0	107.0	100.0	84.0	98.0	92.0	98.0	101.0	90.0	91.0	127.0	95.0	97.0	107.0	90.0	97.0	100.0
301.634	95.0	106.0	96.0	101.0	99.0	101.0	79.0	95.0	92.0	101.0	96.0	89.0	88.0	120.0	93.0	102.0	103.0	91.0	93.0	97.0
301.741	84.0	101.0	94.0	103.0	102.0	95.0	79.0	95.0	89.0	93.0	102.0	86.0	84.0	123.0	87.0	94.0	105.0	84.0	85.0	91.0
301.847	92.0	105.0	97.0	101.0	106.0	96.0	81.0	99.0	92.0	89.0	98.0	84.0	81.0	123.0	94.0	96.0	107.0	89.0	91.0	92.0
301.953	88.0	101.0	90.0	92.0	104.0	97.0	81.0	95.0	91.0	87.0	103.0	89.0	89.0	127.0	103.0	96.0	111.0	82.0	91.0	91.0
302.06	95.0	99.0	88.0	100.0	96.0	89.0	72.0	84.0	86.0	85.0	93.0	82.0	81.0	118.0	89.0	79.0	104.0	84.0	85.0	92.0
302.166	108.0	117.0	114.0	116.0	114.0	112.0	97.0	108.0	111.0	116.0	116.0	98.0	104.0	138.0	110.0	103.0	123.0	103.0	108.0	103.0
302.273	87.0	108.0	101.0	104.0	110.0	93.0	82.0	95.0	89.0	96.0	100.0	89.0	91.0	123.0	97.0	96.0	103.0	88.0	94.0	90.0
302.379	112.0	125.0	118.0	127.0	137.0	115.0	96.0	107.0	108.0	116.0	121.0	106.0	102.0	147.0	114.0	111.0	118.0	105.0	103.0	95.0
302.485	93.0	105.0	100.0	113.0	112.0	102.0	85.0	94.0	84.0	104.0	111.0	90.0	91.0	127.0	96.0	98.0	111.0	88.0	101.0	90.0
302.592	85.0	107.0	95.0	108.0	108.0	100.0	78.0	90.0	86.0	101.0	99.0	91.0	89.0	127.0	87.0	97.0	103.0	88.0	89.0	86.0
302.698	85.0	104.0	98.0	100.0	102.0	94.0	81.0	98.0	88.0	97.0	99.0	79.0	84.0	125.0	93.0	97.0	104.0	93.0	90.0	89.0
302.805	87.0	98.0	92.0	90.0	99.0	86.0	78.0	86.0	80.0	83.0	96.0	76.0	77.0	118.0	86.0	92.0	103.0	81.0	80.0	78.0
302.911	80.0	91.0	90.0	90.0	95.0	86.0	74.0	89.0	74.0	83.0	92.0	82.0	84.0	112.0	87.0	87.0	102.0	76.0	79.0	74.0
303.018	78.0	91.0	76.0	87.0	91.0	89.0	72.0	86.0	84.0	87.0	88.0	77.0	85.0	110.0	84.0	77.0	99.0	78.0	79.0	76.0
303.124	86.0	99.0	87.0	90.0	86.0	88.0	79.0	89.0	92.0	93.0	88.0	81.0	83.0	119.0	89.0	94.0	97.0	90.0	83.0	91.0
303.231	81.0	96.0	89.0	95.0	96.0	93.0	80.0	91.0	92.0	84.0	94.0	86.0	86.0	119.0	92.0	92.0	108.0	84.0	90.0	85.0
303.337	92.0	107.0	94.0	97.0	101.0	95.0	83.0	92.0	88.0	90.0	97.0	91.0	88.0	121.0	96.0	95.0	112.0	88.0	89.0	88.0
303.444	77.0	93.0	86.0	91.0	92.0	92.0	81.0	92.0	82.0	79.0	94.0	75.0	85.0	109.0	81.0	80.0	107.0	80.0	85.0	84.0
303.55	98.0	110.0	110.0	107.0	105.0	104.0	96.0	103.0	101.0	105.0	109.0	94.0	94.0	128.0	106.0	99.0	114.0	87.0	101.0	98.0
303.657	86.0	95.0	93.0	88.0	98.0	96.0	83.0	91.0	91.0	91.0	95.0	82.0	83.0	125.0	91.0	89.0	99.0	78.0	82.0	85.0
303.763	96.0	98.0	98.0	99.0	104.0	87.0	79.0	89.0	87.0	90.0	97.0	88.0	84.0	119.0	85.0	88.0	110.0	83.0	85.0	85.0
303.87	92.0	100.0	105.0	111.0	110.0	100.0	79.0	94.0	93.0	94.0	104.0	90.0	88.0	127.0	97.0	97.0	105.0	89.0	93.0	90.0
303.976	87.0	110.0	101.0	102.0	109.0	100.0	77.0	93.0	92.0	98.0	107.0	89.0	92.0	128.0	93.0	105.0	99.0	86.0	94.0	84.0
304.083	95.0	114.0	109.0	116.0	119.0	107.0	87.0	96.0	93.0	99.0	110.0	95.0	88.0	133.0	98.0	101.0	114.0	89.0	99.0	91.0
304.189	92.0	108.0	99.0	110.0	113.0	105.0	82.0	88.0	92.0	90.0	111.0	91.0	89.0	126.0	99.0	103.0	108.0	88.0	96.0	90.0
304.296	95.0	117.0	108.0	116.0	118.0	112.0	82.0	96.0	94.0	101.0	114.0	92.0	98.0	128.0	98.0	102.0	105.0	97.0	96.0	96.0
304.402	89.0	111.0	104.0	108.0	118.0	103.0	79.0	97.0	97.0	101.0	108.0	90.0	87.0	132.0	100.0	104.0	106.0	93.0	98.0	90.0
304.509	90.0	105.0	100.0	101.0	109.0	95.0	83.0	89.0	86.0	92.0	102.0	78.0	83.0	126.0	90.0	97.0	104.0	87.0	88.0	87.0
304.616	87.0	99.0	99.0	104.0	110.0	96.0	76.0	88.0	82.0	91.0	94.0	88.0	84.0	125.0	99.0	92.0	107.0	85.0	88.0	88.0
304.722	82.0	98.0	88.0	96.0	101.0	95.0	74.0	88.0	86.0	93.0	92.0	79.0	83.0	116.0	83.0	90.0	105.0	83.0	90.0	81.0
304.829	87.0	102.0	96.0	98.0	98.0	93.0	77.0	91.0	89.0	90.0	93.0	79.0	85.0	119.0	86.0	89.0	96.0	86.0	84.0	83.0
304.936	87.0	102.0	98.0	102.0	115.0	98.0	76.0	93.0	86.0	93.0	98.0	84.0	85.0	125.0	92.0	96.0	110.0	86.0	85.0	82.0
305.042	105.0	126.0	116.0	122.0	132.0	116.0	80.0	101.0	107.0	107.0	126.0	99.0	94.0	143.0	112.0	114.0	107.0	93.0	101.0	96.0
305.149	118.0	145.0	132.0	153.0	155.0	136.0	85.0	111.0	120.0	132.0	135.0	113.0	106.0	154.0	116.0	136.0	111.0	101.0	113.0	110.0
305.255	101.0	147.0	133.0	150.0	159.0	133.0	89.0	103.0	108.0	130.0	140.0	108.0	99.0	160.0	120.0	129.0	118.0	106.0	110.0	105.0
305.362	96.0	139.0	127.0	148.0	157.0	131.0	96.0	104.0	109.0	120.0	133.0	106.0	93.0	154.0	122.0	117.0	117.0	99.0	103.0	108.0
305.469	105.0	142.0	127.0	145.0	159.0	133.0	90.0	101.0	100.0	119.0	135.0	105.0	103.0	162.0	119.0	118.0	109.0	99.0	105.0	108.0
305.576	103.0	136.0	122.0	138.0	151.0	126.0	80.0	102.0	99.0	117.0	134.0	102.0	97.0	155.0	114.0	115.0	103.0	102.0	104.0	101.0
305.682	99.0	129.0	117.0	130.0	134.0	122.0	90.0	104.0	101.0	115.0	123.0	90.0	98.0	142.0	112.0	110.0	110.0	94.0	102.0	103.0
305.789	102.0	127.0	123.0	128.0	146.0	125.0	81.0	100.0	101.0	115.0	120.0	94.0	89.0	150.0	111.0	100.0	108.0	100.0	98.0	96.0
305.896	116.0	146.0	139.0	150.0	165.0	141.0	83.0	106.0	110.0	129.0	136.0	108.0	104.0	164.0	127.0	127.0	109.0	103.0	113.0	107.0
306.002	160.0	233.0	197.0	238.0	249.0	215.0	100.0	142.0	161.0	192.0	204.0	157.0	139.0	227.0	176.0	192.0	110.0	139.0	146.0	150.0
306.109	146.0	210.0	197.0	221.0	241.0	203.0	98.0	134.0	155.0	185.0	192.0	152.0	127.0	214.0	169.0	186.0	108.0	133.0	145.0	154.0
306.216	138.0	196.0	173.0	204.0	212.0	183.0	102.0	133.0	150.0	164.0	182.0	142.0	122.0	204.0	161.0	162.0	120.0	134.0	135.0	144.0
306.323	132.0	170.0	157.0	177.0	178.0	160.0	93.0	114.0	124.0	150.0	153.0	124.0	108.0	176.0	136.0	144.0	106.0	113.0	118.0	119.0
306.429	118.0	168.0	158.0	182.0	193.0	163.0	92.0	117.0	125.0	151.0	157.0	117.0	108.0	181.0	140.0	147.0	108.0	111.0	121.0	122.0
306.536	148.0	209.0	191.0	224.0	225.0	204.0	94.0	131.0	149.0	189.0	180.0	145.0	127.0	213.0	162.0	174.0	109.0	127.0	144.0	141.0
306.643	223.0	312.0	284.0	335.0	345.0	304.0	128.0	202.0	226.0	272.0	281.0	220.0	186.0	300.0	257.0	268.0	130.0	193.0	208.0	209.0
306.75	209.0	300.0	269.0	319.0	324.0	285.0	130.0	183.0	207.0	262.0	272.0	208.0	175.0	296.0	242.0	258.0	134.0	180.0	197.0	202.0
306.856	212.0	338.0	298.0	371.0	381.0	333.0	117.0	191.0	229.0	290.0	298.0	223.0	178.0	318.0	257.0	271.0	117.0	185.0	214.0	219.0
306.963	216.0	337.0	297.0	351.0	366.0	340.0	122.0	183.0	225.0	292.0	295.0	208.0	172.0	312.0	267.0	274.0	116.0	183.0	203.0	215.0
307.07	202.0	292.0	256.0	320.0	336.0	287.0	142.0	187.0	206.0	255.0	265.0	203.0	160.0	292.0	245.0	248.0	134.0	189.0	200.0	200.0
307.177	226.0	327.0	298.0	357.0	361.0	321.0	124.0	187.0	232.0	294.0	291.0	220.0	182.0	329.0	272.0	285.0	119.0	178.0	207.0	214.0
307.284	230.0	338.0	314.0	369.0	393.0	350.0	121.0	198.0	245.0	312.0	321.0	241.0	181.0	340.0	278.0	290.0	127.0	201.0	221.0	213.0
307.391	167.0	254.0	234.0	290.0	307.0	260.0	120.0	159.0	184.0	238.0	246.0	181.0	147.0	264.0	210.0	226.0	126.0	160.0	173.0	171.0
307.497	154.0	226.0	204.0	238.0	252.0	219.0	112.0	149.0	170.0	198.0	203.0	154.0	138.0	233.0	191.0	191.0	112.0	150.0	148.0	149.0
307.604	144.0	195.0	195.0	216.0	221.0	190.0	100.0	130.0	142.0	182.0	191.0	137.0	125.0	210.0	177.0	181.0	112.0	138.0	142.0	137.0
307.711	134.0	170.0	154.0	179.0	188.0	167.0	86.0	124.0	138.0	164.0	160.0	127.0	108.0	188.0	146.0	155.0	107.0	118.0	129.0	121.0
307.818	116.0	145.0	141.0	159.0	159.0	141.0	87.0	113.0	113.0	140.0	142.0	108.0	101.0	168.0	128.0	129.0	105.0	109.0	108.0	111.0
307.925	107.0	137.0	137.0	141.0	155.0	135.0	86.0	108.0	107.0	130.0	134.0	110.0	95.0	160.0	113.0	119.0	100.0	108.0	103.0	105.0
308.032	125.0	153.0	146.0	167.0	192.0	160.0	97.0	120.0	124.0	151.0	159.0	124.0	109.0	186.0	140.0	141.0	110.0	108.0	113.0	110.0
308.139	212.0	287.0	281.0	326.0	333.0	310.0	109.0	173.0	220.0	283.0	270.0	210.0	163.0	320.0	247.0	246.0	114.0	169.0	193.0	199.0
308.246	211.0	338.0	318.0	362.0	373.0	354.0	126.0	188.0	248.0	311.0	313.0	232.0	180.0	346.0	272.0	278.0	130.0	197.0	221.0	216.0
308.353	236.0	350.0	340.0	392.0	398.0	359.0	150.0	212.0	256.0	318.0	325.0	252.0	197.0	359.0	283.0	308.0	132.0	213.0	225.0	237.0
308.46	197.0	286.0	280.0	309.0	325.0	286.0	108.0	178.0	211.0	263.0	267.0	201.0	159.0	301.0	238.0	250.0	116.0	176.0	189.0	194.0
308.566	153.0	230.0	218.0	250.0	259.0	234.0	106.0	150.0	168.0	216.0	220.0	165.0	135.0	253.0	190.0	212.0	117.0	149.0	161.0	155.0
308.673	146.0	186.0	181.0	200.0	206.0	190.0	94.0	132.0	155.0	163.0	179.0	142.0	109.0	206.0	156.0	168.0	110.0	126.0	137.0	139.0
308.78	107.0	140.0	129.0	140.0	156.0	146.0	89.0	106.0	114.0	132.0	130.0	109.0	96.0	158.0	135.0	124.0	113.0	100.0	110.0	109.0
308.887	114.0	122.0	121.0	122.0	136.0	113.0	88.0	100.0	106.0	111.0	117.0	98.0	93.0	155.0	110.0	112.0	108.0	96.0	95.0	101.0
308.994	100.0	119.0	115.0	123.0	136.0	113.0	80.0	97.0	98.0	107.0	114.0	97.0	102.0	142.0	106.0	101.0	112.0	96.0	99.0	97.0
309.101	106.0	136.0	121.0	143.0	157.0	134.0	86.0	106.0	107.0	121.0	129.0	105.0	96.0	154.0	113.0	121.0	107.0	100.0	105.0	103.0
309.208	105.0	127.0	117.0	133.0	135.0	125.0	87.0	102.0	107.0	116.0	123.0	102.0	93.0	145.0	114.0	111.0	103.0	98.0	98.0	103.0
309.315	94.0	121.0	113.0	117.0	131.0	114.0	84.0	99.0	101.0	111.0	112.0	96.0	93.0	138.0	99.0	114.0	112.0	100.0	103.0	92.0
309.422	107.0	133.0	113.0	123.0	128.0	116.0	81.0	108.0	100.0	112.0	118.0	101.0	96.0	143.0	108.0	106.0	104.0	102.0	98.0	96.0
309.529	98.0	124.0	110.0	125.0	128.0	118.0	80.0	93.0	102.0	104.0	111.0	96.0	94.0	137.0	99.0	105.0	105.0	87.0	98.0	94.0
309.636	97.0	127.0	122.0	127.0	143.0	117.0	86.0	102.0	100.0	108.0	114.0	95.0	93.0	146.0	105.0	110.0	109.0	100.0	98.0	97.0
309.743	122.0	184.0	158.0	183.0	191.0	172.0	111.0	129.0	128.0	149.0	174.0	128.0	118.0	184.0	141.0	154.0	128.0	123.0	126.0	130.0
309.851	128.0	184.0	167.0	192.0	210.0	176.0	102.0	123.0	124.0	164.0	172.0	129.0	121.0	191.0	155.0	159.0	111.0	118.0	132.0	134.0
309.958	160.0	225.0	204.0	241.0	259.0	213.0	97.0	143.0	152.0	203.0	200.0	152.0	133.0	222.0	187.0	191.0	111.0	142.0	152.0	152.0
310.065	140.0	206.0	187.0	226.0	238.0	196.0	100.0	138.0	146.0	182.0	186.0	138.0	127.0	210.0	170.0	177.0	108.0	136.0	140.0	146.0
310.172	132.0	183.0	168.0	191.0	200.0	173.0	87.0	131.0	136.0	160.0	171.0	126.0	113.0	196.0	150.0	159.0	110.0	115.0	127.0	132.0
310.279	117.0	160.0	141.0	159.0	166.0	145.0	90.0	114.0	119.0	135.0	147.0	118.0	105.0	171.0	131.0	135.0	111.0	108.0	116.0	116.0
310.386	115.0	141.0	137.0	154.0	156.0	136.0	88.0	108.0	117.0	127.0	138.0	112.0	103.0	161.0	120.0	132.0	102.0	108.0	108.0	99.0
310.493	93.0	126.0	115.0	134.0	136.0	124.0	90.0	104.0	104.0	111.0	119.0	98.0	91.0	141.0	102.0	114.0	104.0	93.0	99.0	96.0
310.6	107.0	122.0	119.0	130.0	137.0	123.0	76.0	109.0	109.0	112.0	119.0	99.0	103.0	145.0	105.0	113.0	107.0	96.0	95.0	108.0
310.707	100.0	116.0	113.0	116.0	122.0	109.0	84.0	102.0	95.0	105.0	108.0	94.0	96.0	137.0	100.0	104.0	101.0	93.0	96.0	94.0
310.814	98.0	120.0	108.0	113.0	118.0	113.0	78.0	96.0	97.0	104.0	117.0	91.0	96.0	130.0	104.0	97.0	107.0	95.0	93.0	89.0
310.922	94.0	120.0	105.0	111.0	114.0	105.0	85.0	106.0	101.0	96.0	110.0	87.0	91.0	132.0	102.0	96.0	100.0	98.0	93.0	91.0
311.029	95.0	116.0	108.0	108.0	114.0	101.0	78.0	100.0	93.0	100.0	106.0	87.0	95.0	131.0	97.0	102.0	103.0	92.0	90.0	81.0
311.136	98.0	130.0	118.0	129.0	126.0	122.0	92.0	109.0	108.0	108.0	122.0	105.0	105.0	144.0	108.0	120.0	111.0	96.0	101.0	100.0
311.243	111.0	138.0	127.0	145.0	143.0	135.0	88.0	116.0	111.0	121.0	142.0	105.0	106.0	154.0	114.0	122.0	109.0	103.0	112.0	106.0
311.35	119.0	160.0	132.0	162.0	164.0	148.0	90.0	129.0	118.0	135.0	143.0	120.0	112.0	167.0	123.0	134.0	106.0	108.0	118.0	120.0
311.457	108.0	145.0	124.0	141.0	142.0	136.0	83.0	116.0	111.0	117.0	126.0	110.0	112.0	154.0	111.0	123.0	106.0	99.0	106.0	111.0
311.565	120.0	139.0	130.0	136.0	150.0	136.0	86.0	114.0	107.0	121.0	130.0	112.0	108.0	152.0	121.0	125.0	104.0	96.0	103.0	104.0
311.672	110.0	133.0	115.0	129.0	125.0	124.0	81.0	103.0	105.0	106.0	121.0	108.0	102.0	144.0	108.0	108.0	104.0	100.0	102.0	104.0
311.779	103.0	124.0	107.0	120.0	118.0	119.0	85.0	113.0	102.0	110.0	120.0	95.0	101.0	140.0	100.0	106.0	100.0	93.0	99.0	97.0
311.886	105.0	114.0	109.0	113.0	118.0	111.0	85.0	104.0	95.0	101.0	112.0	97.0	101.0	136.0	100.0	103.0	106.0	88.0	95.0	89.0
311.993	90.0	104.0	94.0	95.0	108.0	94.0	82.0	96.0	87.0	92.0	98.0	87.0	92.0	124.0	91.0	93.0	111.0	83.0	86.0	79.0
312.101	94.0	110.0	96.0	107.0	105.0	106.0	85.0	106.0	101.0	91.0	110.0	90.0	92.0	126.0	92.0	96.0	101.0	89.0	95.0	85.0
312.208	96.0	113.0	103.0	112.0	109.0	106.0	86.0	102.0	98.0	97.0	106.0	93.0	92.0	125.0	94.0	102.0	108.0	95.0	92.0	87.0
312.315	101.0	114.0	117.0	115.0	129.0	114.0	82.0	101.0	97.0	105.0	115.0	103.0	99.0	132.0	96.0	105.0	102.0	93.0	93.0	93.0
312.422	102.0	124.0	117.0	120.0	128.0	120.0	85.0	107.0	108.0	111.0	120.0	98.0	99.0	140.0	110.0	119.0	104.0	88.0	91.0	97.0
312.53	99.0	115.0	118.0	117.0	132.0	124.0	84.0	104.0	102.0	111.0	116.0	99.0	103.0	139.0	103.0	113.0	105.0	96.0	100.0	100.0
312.637	98.0	125.0	106.0	108.0	119.0	112.0	76.0	95.0	98.0	104.0	116.0	89.0	92.0	135.0	102.0	89.0	105.0	87.0	96.0	93.0
312.744	94.0	115.0	101.0	110.0	119.0	107.0	82.0	100.0	98.0	94.0	102.0	87.0	98.0	131.0	98.0	97.0	105.0	86.0	91.0	87.0
312.852	93.0	108.0	101.0	103.0	104.0	98.0	79.0	93.0	96.0	85.0	98.0	87.0	90.0	122.0	96.0	92.0	111.0	82.0	97.0	79.0
312.959	93.0	105.0	92.0	97.0	106.0	100.0	82.0	94.0	92.0	96.0	98.0	91.0	89.0	124.0	91.0	93.0	107.0	83.0	88.0	86.0
313.066	91.0	104.0	92.0	96.0	100.0	98.0	79.0	94.0	91.0	90.0	94.0	90.0	82.0	115.0	82.0	90.0	102.0	88.0	89.0	78.0
313.173	75.0	98.0	88.0	88.0	90.0	84.0	79.0	89.0	85.0	86.0	94.0	78.0	89.0	114.0	86.0	84.0	105.0	81.0	80.0	82.0
313.281	85.0	92.0	94.0	84.0	98.0	84.0	77.0	92.0	83.0	87.0	90.0	78.0	92.0	118.0	85.0	86.0	104.0	81.0	77.0	84.0
313.388	98.0	104.0	92.0	96.0	97.0	100.0	83.0	84.0	90.0	86.0	95.0	88.0	92.0	123.0	87.0	86.0	107.0	89.0	81.0	86.0
313.495	94.0	98.0	94.0	98.0	104.0	105.0	80.0	96.0	89.0	94.0	106.0	83.0	97.0	122.0	89.0	91.0	102.0	92.0	89.0	85.0
313.603	99.0	108.0	98.0	98.0	111.0	97.0	80.0	106.0	96.0	93.0	99.0	87.0	98.0	127.0	91.0	95.0	100.0	92.0	92.0	85.0
313.71	102.0	116.0	101.0	110.0	109.0	109.0	83.0	104.0	102.0	96.0	104.0	90.0	102.0	126.0	96.0	98.0	107.0	92.0	94.0	81.0
313.818	102.0	112.0	102.0	113.0	110.0	107.0	74.0	104.0	95.0	93.0	114.0	95.0	101.0	130.0	96.0	104.0	103.0	87.0	95.0	86.0
313.925	102.0	118.0	103.0	110.0	106.0	101.0	82.0	100.0	96.0	100.0	107.0	93.0	94.0	126.0	91.0	95.0	108.0	89.0	92.0	91.0
314.032	87.0	112.0	100.0	107.0	110.0	103.0	82.0	101.0	97.0	97.0	109.0	84.0	90.0	129.0	97.0	102.0	105.0	81.0	94.0	91.0
314.14	105.0	126.0	112.0	120.0	126.0	111.0	86.0	116.0	102.0	92.0	115.0	93.0	102.0	139.0	101.0	102.0	107.0	89.0	95.0	93.0
314.247	105.0	126.0	106.0	113.0	124.0	113.0	80.0	101.0	99.0	107.0	115.0	94.0	98.0	138.0	99.0	107.0	106.0	86.0	95.0	92.0
314.355	114.0	123.0	116.0	120.0	123.0	115.0	88.0	113.0	105.0	105.0	126.0	97.0	104.0	140.0	101.0	106.0	115.0	102.0	103.0	105.0
314.462	85.0	106.0	99.0	101.0	100.0	99.0	80.0	96.0	91.0	95.0	95.0	84.0	88.0	127.0	83.0	92.0	114.0	84.0	84.0	83.0
314.569	109.0	127.0	118.0	119.0	125.0	117.0	90.0	110.0	101.0	105.0	106.0	100.0	97.0	145.0	106.0	113.0	110.0	92.0	95.0	89.0
314.677	106.0	129.0	114.0	126.0	131.0	125.0	83.0	104.0	102.0	113.0	127.0	100.0	100.0	145.0	113.0	110.0	107.0	96.0	96.0	97.0
314.784	100.0	125.0	116.0	128.0	134.0	120.0	81.0	103.0	105.0	109.0	119.0	89.0	97.0	132.0	103.0	116.0	107.0	99.0	100.0	100.0
314.892	100.0	140.0	113.0	129.0	134.0	125.0	91.0	99.0	105.0	110.0	121.0	103.0	104.0	144.0	107.0	111.0	109.0	91.0	99.0	98.0
314.999	112.0	143.0	125.0	142.0	146.0	134.0	86.0	114.0	115.0	116.0	128.0	107.0	105.0	156.0	116.0	122.0	111.0	101.0	102.0	106.0
315.107	103.0	129.0	116.0	127.0	124.0	125.0	84.0	104.0	98.0	114.0	118.0	104.0	106.0	152.0	108.0	113.0	106.0	89.0	98.0	96.0
315.214	98.0	123.0	115.0	123.0	124.0	114.0	81.0	97.0	96.0	102.0	108.0	94.0	95.0	136.0	99.0	106.0	108.0	97.0	96.0	94.0
315.322	97.0	117.0	112.0	119.0	126.0	111.0	80.0	97.0	102.0	102.0	106.0	92.0	93.0	130.0	102.0	96.0	106.0	91.0	96.0	90.0
315.429	109.0	141.0	128.0	128.0	144.0	125.0	88.0	108.0	104.0	118.0	127.0	101.0	101.0	145.0	113.0	117.0	105.0	98.0	106.0	104.0
315.537	160.0	225.0	198.0	241.0	231.0	221.0	102.0	150.0	155.0	189.0	201.0	154.0	145.0	215.0	177.0	182.0	115.0	138.0	150.0	156.0
315.644	190.0	281.0	249.0	287.0	293.0	262.0	114.0	166.0	181.0	230.0	239.0	179.0	156.0	256.0	213.0	228.0	118.0	168.0	178.0	180.0
315.752	168.0	251.0	221.0	270.0	276.0	250.0	108.0	158.0	168.0	209.0	208.0	164.0	148.0	241.0	201.0	212.0	107.0	156.0	162.0	171.0
315.859	159.0	231.0	202.0	245.0	252.0	219.0	102.0	150.0	168.0	198.0	201.0	160.0	137.0	234.0	187.0	187.0	115.0	144.0	151.0	155.0
315.967	146.0	196.0	172.0	206.0	229.0	188.0	99.0	136.0	141.0	167.0	174.0	150.0	127.0	198.0	156.0	161.0	113.0	118.0	128.0	136.0
316.074	144.0	186.0	168.0	186.0	201.0	185.0	85.0	126.0	133.0	162.0	167.0	135.0	129.0	187.0	151.0	152.0	107.0	117.0	125.0	128.0
316.182	145.0	210.0	187.0	208.0	228.0	203.0	100.0	145.0	149.0	175.0	177.0	150.0	133.0	216.0	166.0	172.0	109.0	133.0	140.0	145.0
316.29	153.0	232.0	212.0	232.0	251.0	230.0	116.0	149.0	159.0	198.0	214.0	163.0	135.0	232.0	181.0	191.0	107.0	144.0	151.0	160.0
316.397	146.0	210.0	182.0	214.0	221.0	212.0	97.0	141.0	141.0	181.0	188.0	146.0	126.0	210.0	166.0	172.0	115.0	139.0	137.0	141.0
316.505	122.0	169.0	155.0	174.0	184.0	166.0	90.0	117.0	127.0	152.0	161.0	119.0	109.0	173.0	136.0	150.0	105.0	119.0	124.0	126.0
316.612	114.0	150.0	143.0	157.0	166.0	144.0	80.0	106.0	120.0	133.0	143.0	113.0	103.0	160.0	118.0	132.0	101.0	114.0	115.0	112.0
316.72	111.0	133.0	129.0	137.0	143.0	136.0	85.0	112.0	111.0	124.0	131.0	105.0	105.0	154.0	125.0	118.0	100.0	99.0	109.0	106.0
316.828	93.0	112.0	110.0	110.0	124.0	111.0	81.0	100.0	94.0	102.0	112.0	98.0	95.0	130.0	104.0	110.0	112.0	87.0	90.0	91.0
316.935	113.0	125.0	117.0	129.0	128.0	122.0	107.0	115.0	109.0	114.0	124.0	106.0	111.0	151.0	114.0	116.0	136.0	109.0	109.0	109.0
317.043	87.0	104.0	102.0	102.0	107.0	102.0	76.0	98.0	95.0	97.0	94.0	82.0	85.0	125.0	88.0	93.0	106.0	91.0	89.0	86.0
317.151	83.0	100.0	93.0	94.0	100.0	94.0	81.0	90.0	86.0	88.0	88.0	82.0	86.0	117.0	83.0	84.0	104.0	78.0	85.0	75.0
317.258	83.0	93.0	89.0	97.0	93.0	94.0	83.0	93.0	89.0	93.0	99.0	86.0	87.0	125.0	90.0	89.0	104.0	82.0	84.0	78.0
317.366	91.0	106.0	95.0	97.0	107.0	98.0	85.0	96.0	88.0	93.0	102.0	88.0	85.0	119.0	94.0	92.0	104.0	89.0	92.0	83.0
317.474	95.0	107.0	100.0	102.0	109.0	100.0	76.0	97.0	91.0	92.0	99.0	90.0	90.0	127.0	83.0	96.0	102.0	87.0	89.0	87.0
317.581	85.0	107.0	98.0	104.0	109.0	101.0	81.0	92.0	92.0	93.0	99.0	91.0	88.0	120.0	95.0	93.0	102.0	88.0	84.0	87.0
317.689	91.0	103.0	95.0	100.0	109.0	98.0	83.0	104.0	88.0	93.0	101.0	86.0	88.0	120.0	91.0	90.0	106.0	86.0	84.0	87.0
317.797	97.0	101.0	102.0	113.0	113.0	107.0	79.0	99.0	96.0	103.0	109.0	91.0	90.0	133.0	97.0	104.0	110.0	93.0	96.0	86.0
317.904	97.0	117.0	102.0	107.0	109.0	102.0	77.0	100.0	90.0	99.0	112.0	80.0	100.0	129.0	94.0	92.0	104.0	96.0	97.0	92.0
318.012	120.0	147.0	126.0	132.0	137.0	131.0	88.0	126.0	118.0	124.0	134.0	105.0	123.0	160.0	110.0	115.0	105.0	113.0	110.0	103.0
318.12	118.0	142.0	121.0	127.0	132.0	132.0	92.0	124.0	117.0	127.0	136.0	110.0	120.0	167.0	104.0	118.0	105.0	104.0	116.0	96.0
318.227	124.0	142.0	124.0	127.0	135.0	141.0	87.0	132.0	117.0	123.0	136.0	115.0	114.0	160.0	117.0	118.0	113.0	110.0	114.0	106.0
318.335	129.0	152.0	137.0	150.0	163.0	145.0	86.0	117.0	124.0	134.0	144.0	112.0	112.0	165.0	120.0	119.0	108.0	113.0	106.0	112.0
318.443	168.0	241.0	220.0	239.0	250.0	242.0	101.0	161.0	180.0	208.0	215.0	166.0	150.0	249.0	192.0	199.0	117.0	149.0	162.0	156.0
318.551	192.0	265.0	228.0	258.0	289.0	259.0	116.0	180.0	188.0	219.0	237.0	183.0	167.0	277.0	211.0	223.0	119.0	162.0	178.0	173.0
318.658	174.0	226.0	210.0	231.0	257.0	234.0	109.0	159.0	182.0	206.0	216.0	165.0	155.0	258.0	180.0	206.0	113.0	148.0	167.0	160.0
318.766	169.0	222.0	198.0	227.0	231.0	228.0	100.0	163.0	171.0	185.0	210.0	160.0	148.0	236.0	179.0	182.0	103.0	148.0	163.0	152.0
318.874	144.0	192.0	179.0	202.0	214.0	193.0	99.0	145.0	137.0	166.0	185.0	143.0	128.0	213.0	155.0	166.0	112.0	132.0	141.0	129.0
318.982	136.0	179.0	157.0	179.0	186.0	177.0	91.0	133.0	137.0	154.0	164.0	133.0	128.0	186.0	134.0	150.0	116.0	117.0	126.0	116.0
319.09	125.0	150.0	132.0	155.0	161.0	152.0	88.0	123.0	125.0	140.0	152.0	119.0	117.0	168.0	128.0	134.0	110.0	110.0	119.0	110.0
319.197	118.0	140.0	129.0	142.0	151.0	140.0	80.0	116.0	114.0	130.0	127.0	108.0	111.0	161.0	118.0	125.0	109.0	105.0	114.0	103.0
319.305	123.0	147.0	136.0	138.0	147.0	145.0	85.0	128.0	121.0	137.0	141.0	109.0	124.0	168.0	122.0	126.0	101.0	115.0	120.0	103.0
319.413	151.0	180.0	155.0	160.0	173.0	175.0	97.0	157.0	147.0	151.0	170.0	135.0	147.0	195.0	132.0	146.0	111.0	123.0	140.0	122.0
319.521	151.0	181.0	149.0	160.0	184.0	175.0	94.0	152.0	139.0	152.0	172.0	123.0	143.0	202.0	136.0	147.0	106.0	121.0	132.0	122.0
319.629	164.0	225.0	205.0	226.0	252.0	224.0	104.0	156.0	164.0	193.0	214.0	154.0	158.0	238.0	172.0	182.0	106.0	155.0	159.0	151.0
319.736	168.0	246.0	223.0	238.0	254.0	236.0	104.0	165.0	180.0	202.0	220.0	164.0	153.0	240.0	187.0	199.0	108.0	155.0	161.0	155.0
319.844	150.0	191.0	178.0	194.0	214.0	196.0	101.0	157.0	153.0	176.0	184.0	140.0	143.0	206.0	155.0	165.0	111.0	131.0	150.0	133.0
319.952	129.0	174.0	160.0	172.0	181.0	177.0	97.0	139.0	130.0	152.0	164.0	131.0	134.0	185.0	137.0	148.0	109.0	119.0	127.0	123.0
320.06	124.0	155.0	151.0	156.0	161.0	155.0	92.0	128.0	112.0	130.0	147.0	118.0	117.0	171.0	119.0	128.0	110.0	110.0	119.0	110.0
320.168	100.0	140.0	123.0	134.0	143.0	134.0	88.0	107.0	114.0	114.0	132.0	108.0	113.0	152.0	109.0	116.0	110.0	103.0	107.0	102.0
320.276	93.0	120.0	110.0	112.0	121.0	111.0	85.0	112.0	98.0	101.0	113.0	100.0	100.0	134.0	97.0	106.0	108.0	91.0	88.0	88.0
320.384	95.0	112.0	105.0	108.0	108.0	113.0	82.0	107.0	93.0	102.0	105.0	103.0	97.0	136.0	96.0	95.0	106.0	90.0	85.0	89.0
320.492	94.0	113.0	106.0	111.0	114.0	109.0	81.0	98.0	96.0	108.0	113.0	98.0	97.0	135.0	98.0	97.0	110.0	93.0	94.0	94.0
320.599	94.0	115.0	100.0	107.0	113.0	103.0	84.0	100.0	92.0	99.0	102.0	83.0	95.0	123.0	96.0	95.0	95.0	90.0	92.0	87.0
320.707	101.0	113.0	105.0	107.0	121.0	110.0	78.0	104.0	103.0	95.0	106.0	91.0	96.0	134.0	97.0	110.0	105.0	94.0	99.0	91.0
320.815	114.0	128.0	113.0	121.0	131.0	123.0	90.0	121.0	109.0	108.0	130.0	106.0	116.0	140.0	112.0	112.0	113.0	102.0	102.0	102.0
320.923	121.0	148.0	133.0	143.0	151.0	152.0	82.0	125.0	112.0	125.0	144.0	121.0	114.0	157.0	119.0	126.0	111.0	107.0	115.0	110.0
321.031	133.0	186.0	168.0	190.0	201.0	187.0	97.0	134.0	132.0	162.0	175.0	131.0	126.0	191.0	148.0	156.0	111.0	124.0	127.0	129.0
321.139	153.0	238.0	198.0	238.0	259.0	240.0	110.0	150.0	165.0	193.0	214.0	168.0	158.0	231.0	181.0	203.0	124.0	145.0	159.0	154.0
321.247	186.0	264.0	233.0	269.0	286.0	264.0	114.0	172.0	180.0	217.0	242.0	182.0	163.0	255.0	205.0	221.0	115.0	160.0	167.0	175.0
321.355	148.0	222.0	196.0	222.0	244.0	219.0	109.0	150.0	154.0	182.0	194.0	153.0	143.0	222.0	175.0	181.0	107.0	145.0	151.0	145.0
321.463	145.0	205.0	192.0	204.0	221.0	200.0	108.0	144.0	152.0	174.0	185.0	143.0	143.0	202.0	166.0	159.0	109.0	137.0	141.0	128.0
321.571	152.0	224.0	197.0	219.0	243.0	214.0	100.0	156.0	159.0	188.0	198.0	147.0	146.0	225.0	167.0	187.0	116.0	141.0	148.0	141.0
321.679	213.0	301.0	260.0	317.0	313.0	297.0	110.0	188.0	209.0	247.0	263.0	202.0	180.0	288.0	234.0	249.0	111.0	180.0	192.0	198.0
321.787	250.0	353.0	322.0	360.0	372.0	355.0	124.0	225.0	242.0	289.0	305.0	229.0	205.0	339.0	269.0	281.0	127.0	208.0	231.0	234.0
321.895	183.0	276.0	249.0	280.0	306.0	271.0	108.0	179.0	191.0	229.0	238.0	187.0	165.0	272.0	201.0	233.0	115.0	163.0	181.0	179.0
322.003	159.0	238.0	203.0	239.0	262.0	215.0	107.0	167.0	169.0	193.0	207.0	161.0	149.0	235.0	183.0	194.0	118.0	139.0	152.0	151.0
322.111	168.0	229.0	212.0	242.0	267.0	229.0	108.0	155.0	171.0	201.0	216.0	156.0	145.0	234.0	185.0	195.0	113.0	145.0	150.0	152.0
322.219	224.0	325.0	292.0	341.0	356.0	330.0	114.0	192.0	210.0	279.0	286.0	219.0	181.0	304.0	253.0	277.0	108.0	183.0	198.0	204.0
322.327	238.0	367.0	339.0	397.0	403.0	381.0	127.0	210.0	247.0	315.0	324.0	245.0	198.0	345.0	288.0	316.0	118.0	210.0	229.0	230.0
322.435	213.0	324.0	289.0	340.0	362.0	329.0	113.0	184.0	209.0	283.0	272.0	221.0	179.0	301.0	243.0	263.0	123.0	174.0	194.0	197.0
322.543	196.0	310.0	276.0	333.0	341.0	309.0	124.0	178.0	208.0	263.0	274.0	201.0	172.0	282.0	232.0	256.0	123.0	177.0	195.0	189.0
322.651	213.0	336.0	302.0	366.0	400.0	334.0	122.0	190.0	221.0	292.0	307.0	226.0	178.0	317.0	261.0	286.0	130.0	193.0	207.0	209.0
322.759	309.0	459.0	447.0	517.0	531.0	508.0	154.0	255.0	331.0	420.0	444.0	313.0	244.0	461.0	372.0	397.0	131.0	282.0	289.0	312.0
322.867	383.0	599.0	576.0	650.0	656.0	652.0	183.0	311.0	424.0	538.0	557.0	411.0	298.0	593.0	490.0	503.0	144.0	343.0	359.0	377.0
322.976	439.0	651.0	649.0	711.0	699.0	713.0	197.0	342.0	465.0	596.0	610.0	449.0	315.0	659.0	533.0	557.0	136.0	374.0	408.0	423.0
323.084	467.0	709.0	696.0	770.0	756.0	778.0	192.0	358.0	524.0	646.0	656.0	495.0	349.0	700.0	566.0	603.0	128.0	393.0	425.0	439.0
323.192	424.0	646.0	626.0	718.0	703.0	718.0	175.0	332.0	465.0	586.0	593.0	436.0	306.0	645.0	526.0	549.0	128.0	362.0	402.0	414.0
323.3	471.0	723.0	709.0	801.0	787.0	787.0	189.0	380.0	507.0	648.0	661.0	496.0	347.0	709.0	590.0	622.0	129.0	398.0	436.0	457.0
323.408	435.0	635.0	611.0	709.0	688.0	702.0	192.0	350.0	456.0	581.0	584.0	439.0	331.0	623.0	520.0	540.0	141.0	364.0	398.0	420.0
323.516	328.0	530.0	499.0	598.0	594.0	560.0	178.0	285.0	364.0	471.0	498.0	360.0	269.0	509.0	414.0	452.0	136.0	294.0	328.0	335.0
323.624	352.0	524.0	509.0	559.0	568.0	559.0	157.0	284.0	368.0	462.0	472.0	351.0	260.0	504.0	416.0	440.0	123.0	295.0	328.0	337.0
323.732	276.0	422.0	401.0	451.0	464.0	447.0	141.0	244.0	303.0	380.0	365.0	282.0	227.0	411.0	339.0	354.0	120.0	238.0	268.0	266.0
323.84	195.0	307.0	293.0	316.0	332.0	309.0	114.0	182.0	213.0	273.0	276.0	203.0	171.0	296.0	237.0	258.0	113.0	178.0	187.0	185.0
323.949	160.0	236.0	221.0	244.0	263.0	239.0	105.0	152.0	163.0	208.0	216.0	166.0	145.0	236.0	185.0	201.0	122.0	146.0	154.0	154.0
324.057	143.0	200.0	190.0	206.0	220.0	206.0	95.0	133.0	157.0	173.0	186.0	142.0	126.0	210.0	158.0	171.0	110.0	132.0	138.0	141.0
324.165	181.0	243.0	225.0	256.0	271.0	255.0	106.0	151.0	191.0	214.0	216.0	165.0	145.0	243.0	191.0	191.0	113.0	153.0	157.0	157.0
324.273	218.0	313.0	306.0	344.0	360.0	328.0	119.0	177.0	232.0	277.0	287.0	228.0	172.0	316.0	249.0	280.0	120.0	189.0	211.0	206.0
324.381	188.0	263.0	264.0	291.0	309.0	276.0	116.0	157.0	193.0	252.0	247.0	187.0	152.0	274.0	220.0	226.0	122.0	164.0	184.0	176.0
324.49	190.0	269.0	263.0	289.0	319.0	290.0	110.0	165.0	199.0	244.0	243.0	183.0	158.0	269.0	208.0	226.0	112.0	159.0	174.0	177.0
324.598	241.0	371.0	355.0	396.0	407.0	388.0	117.0	206.0	255.0	325.0	322.0	249.0	194.0	351.0	284.0	298.0	109.0	207.0	224.0	231.0
324.706	290.0	441.0	414.0	462.0	480.0	461.0	139.0	241.0	296.0	375.0	372.0	284.0	221.0	416.0	354.0	350.0	117.0	238.0	272.0	273.0
324.814	269.0	408.0	384.0	430.0	443.0	414.0	132.0	224.0	272.0	347.0	357.0	263.0	213.0	377.0	310.0	334.0	118.0	233.0	246.0	258.0
324.922	214.0	312.0	297.0	352.0	358.0	327.0	117.0	180.0	220.0	268.0	278.0	213.0	179.0	297.0	252.0	262.0	112.0	187.0	195.0	207.0
325.031	190.0	268.0	251.0	278.0	301.0	272.0	113.0	173.0	198.0	237.0	235.0	181.0	158.0	264.0	214.0	218.0	116.0	165.0	185.0	169.0
325.139	152.0	212.0	190.0	219.0	228.0	218.0	109.0	141.0	147.0	182.0	194.0	150.0	136.0	214.0	165.0	181.0	119.0	137.0	148.0	141.0
325.247	139.0	187.0	172.0	191.0	211.0	186.0	94.0	130.0	139.0	163.0	171.0	139.0	124.0	190.0	145.0	162.0	109.0	120.0	130.0	123.0
325.355	133.0	174.0	164.0	171.0	181.0	170.0	91.0	122.0	130.0	155.0	160.0	121.0	113.0	184.0	135.0	142.0	103.0	119.0	126.0	121.0
325.464	150.0	222.0	218.0	238.0	250.0	226.0	108.0	141.0	156.0	208.0	210.0	165.0	134.0	230.0	183.0	194.0	115.0	136.0	140.0	150.0
325.572	233.0	343.0	354.0	378.0	401.0	374.0	126.0	185.0	243.0	314.0	308.0	254.0	188.0	350.0	291.0	307.0	121.0	207.0	223.0	225.0
325.68	197.0	281.0	301.0	320.0	327.0	314.0	115.0	169.0	203.0	265.0	273.0	207.0	166.0	303.0	241.0	253.0	122.0	176.0	189.0	187.0
325.789	177.0	239.0	234.0	263.0	268.0	255.0	111.0	146.0	178.0	223.0	229.0	178.0	136.0	252.0	194.0	208.0	112.0	150.0	171.0	158.0
325.897	132.0	194.0	191.0	213.0	219.0	208.0	102.0	129.0	143.0	173.0	184.0	140.0	124.0	203.0	158.0	163.0	121.0	124.0	136.0	126.0
326.005	130.0	186.0	184.0	199.0	206.0	192.0	103.0	131.0	145.0	170.0	176.0	136.0	127.0	191.0	152.0	165.0	117.0	131.0	137.0	130.0
326.114	131.0	162.0	162.0	171.0	176.0	166.0	95.0	126.0	133.0	150.0	152.0	122.0	115.0	185.0	138.0	149.0	112.0	120.0	123.0	113.0
326.222	108.0	131.0	126.0	126.0	138.0	127.0	81.0	102.0	108.0	117.0	126.0	101.0	103.0	146.0	105.0	116.0	109.0	103.0	100.0	98.0
326.33	96.0	113.0	108.0	116.0	127.0	111.0	90.0	104.0	92.0	109.0	118.0	93.0	96.0	139.0	94.0	101.0	103.0	100.0	90.0	85.0
326.439	104.0	130.0	123.0	124.0	145.0	127.0	89.0	104.0	108.0	109.0	121.0	96.0	107.0	147.0	108.0	115.0	106.0	92.0	96.0	98.0
326.547	141.0	194.0	195.0	215.0	227.0	196.0	97.0	136.0	147.0	169.0	173.0	140.0	129.0	205.0	162.0	163.0	115.0	132.0	128.0	136.0
326.655	135.0	189.0	176.0	203.0	223.0	194.0	92.0	123.0	142.0	168.0	173.0	135.0	125.0	194.0	156.0	167.0	108.0	129.0	134.0	132.0
326.764	134.0	161.0	160.0	178.0	183.0	173.0	104.0	125.0	136.0	146.0	160.0	126.0	124.0	173.0	134.0	148.0	117.0	113.0	126.0	115.0
326.872	133.0	167.0	147.0	176.0	182.0	165.0	103.0	130.0	133.0	141.0	150.0	124.0	115.0	175.0	133.0	142.0	114.0	114.0	113.0	109.0
326.98	122.0	162.0	145.0	169.0	169.0	160.0	97.0	115.0	126.0	144.0	148.0	120.0	111.0	169.0	132.0	140.0	108.0	110.0	115.0	112.0
327.089	120.0	162.0	151.0	174.0	181.0	165.0	97.0	121.0	119.0	145.0	155.0	120.0	113.0	172.0	123.0	144.0	112.0	116.0	121.0	116.0
327.197	173.0	246.0	224.0	259.0	268.0	252.0	108.0	158.0	171.0	216.0	213.0	167.0	153.0	230.0	193.0	200.0	124.0	147.0	164.0	160.0
327.306	154.0	252.0	222.0	263.0	281.0	245.0	107.0	152.0	178.0	210.0	211.0	175.0	150.0	246.0	196.0	209.0	120.0	143.0	158.0	161.0
327.414	149.0	213.0	200.0	226.0	244.0	212.0	108.0	141.0	149.0	180.0	197.0	148.0	139.0	218.0	168.0	180.0	118.0	144.0	138.0	143.0
327.522	142.0	202.0	188.0	217.0	228.0	212.0	100.0	131.0	141.0	176.0	184.0	143.0	129.0	203.0	164.0	173.0	106.0	138.0	139.0	140.0
327.631	152.0	221.0	202.0	238.0	244.0	223.0	102.0	136.0	148.0	187.0	188.0	152.0	137.0	218.0	173.0	174.0	110.0	137.0	142.0	140.0
327.739	139.0	195.0	181.0	208.0	213.0	191.0	103.0	130.0	134.0	161.0	167.0	133.0	124.0	194.0	157.0	158.0	111.0	124.0	131.0	126.0
327.848	120.0	157.0	150.0	163.0	170.0	150.0	96.0	123.0	119.0	141.0	148.0	119.0	112.0	173.0	132.0	129.0	115.0	108.0	118.0	108.0
327.956	118.0	152.0	142.0	150.0	159.0	150.0	93.0	111.0	112.0	131.0	138.0	111.0	106.0	160.0	120.0	126.0	109.0	107.0	108.0	102.0
328.065	147.0	190.0	189.0	197.0	209.0	202.0	97.0	133.0	140.0	175.0	179.0	142.0	128.0	202.0	146.0	155.0	107.0	128.0	133.0	135.0
328.173	173.0	249.0	256.0	283.0	289.0	268.0	122.0	157.0	181.0	231.0	238.0	178.0	152.0	260.0	206.0	221.0	116.0	160.0	166.0	176.0
328.281	177.0	253.0	246.0	268.0	274.0	252.0	109.0	153.0	172.0	214.0	225.0	171.0	145.0	239.0	197.0	212.0	110.0	146.0	162.0	160.0
328.39	144.0	203.0	195.0	227.0	232.0	206.0	98.0	135.0	145.0	188.0	186.0	150.0	130.0	216.0	172.0	171.0	109.0	140.0	144.0	141.0
328.498	138.0	179.0	181.0	193.0	203.0	188.0	93.0	130.0	145.0	172.0	175.0	137.0	126.0	195.0	149.0	162.0	106.0	124.0	128.0	132.0
328.607	134.0	181.0	163.0	182.0	183.0	180.0	102.0	136.0	143.0	153.0	166.0	129.0	131.0	192.0	139.0	143.0	105.0	122.0	124.0	123.0
328.715	124.0	157.0	143.0	148.0	152.0	160.0	96.0	125.0	112.0	138.0	142.0	118.0	111.0	164.0	123.0	126.0	114.0	110.0	111.0	114.0
328.824	119.0	135.0	124.0	133.0	125.0	138.0	85.0	117.0	112.0	111.0	131.0	109.0	103.0	139.0	108.0	116.0	101.0	101.0	102.0	102.0
328.932	100.0	117.0	114.0	116.0	121.0	117.0	85.0	110.0	99.0	102.0	113.0	89.0	100.0	127.0	92.0	102.0	108.0	92.0	101.0	88.0
329.041	96.0	111.0	103.0	99.0	111.0	111.0	89.0	98.0	96.0	100.0	100.0	94.0	98.0	133.0	96.0	95.0	114.0	89.0	100.0	88.0
329.15	95.0	107.0	104.0	100.0	112.0	103.0	86.0	101.0	95.0	90.0	107.0	94.0	102.0	130.0	96.0	95.0	105.0	87.0	89.0	82.0
329.258	89.0	102.0	100.0	108.0	109.0	102.0	88.0	92.0	93.0	90.0	96.0	91.0	98.0	122.0	89.0	95.0	98.0	84.0	85.0	84.0
329.367	98.0	115.0	111.0	110.0	111.0	112.0	84.0	106.0	104.0	100.0	102.0	87.0	101.0	126.0	97.0	97.0	99.0	89.0	90.0	88.0
329.475	104.0	119.0	101.0	107.0	114.0	114.0	83.0	108.0	99.0	95.0	104.0	92.0	100.0	126.0	92.0	93.0	109.0	89.0	87.0	84.0
329.584	98.0	109.0	96.0	104.0	112.0	112.0	97.0	106.0	103.0	97.0	108.0	89.0	96.0	125.0	97.0	94.0	106.0	92.0	93.0	88.0
329.692	110.0	114.0	106.0	114.0	111.0	133.0	98.0	118.0	102.0	114.0	106.0	93.0	95.0	129.0	103.0	97.0	102.0	96.0	107.0	91.0
329.801	93.0	108.0	105.0	112.0	110.0	116.0	88.0	104.0	99.0	97.0	111.0	90.0	99.0	129.0	89.0	90.0	101.0	94.0	98.0	90.0
329.909	92.0	113.0	105.0	110.0	117.0	113.0	92.0	105.0	96.0	102.0	102.0	93.0	97.0	121.0	92.0	93.0	104.0	83.0	99.0	90.0
330.018	98.0	116.0	102.0	109.0	113.0	112.0	97.0	115.0	100.0	93.0	101.0	94.0	104.0	132.0	103.0	96.0	114.0	92.0	93.0	92.0
330.127	112.0	123.0	112.0	119.0	118.0	123.0	92.0	113.0	102.0	101.0	110.0	105.0	108.0	138.0	103.0	111.0	105.0	95.0	96.0	99.0
330.235	110.0	129.0	122.0	128.0	129.0	132.0	96.0	123.0	114.0	111.0	128.0	106.0	115.0	150.0	104.0	114.0	109.0	104.0	108.0	101.0
330.344	130.0	160.0	149.0	157.0	158.0	156.0	96.0	150.0	133.0	130.0	150.0	124.0	135.0	171.0	127.0	127.0	107.0	112.0	116.0	111.0
330.453	117.0	149.0	131.0	134.0	143.0	145.0	88.0	135.0	127.0	114.0	129.0	120.0	131.0	159.0	113.0	121.0	111.0	113.0	108.0	109.0
330.561	123.0	149.0	129.0	135.0	142.0	144.0	95.0	133.0	117.0	123.0	137.0	119.0	120.0	165.0	111.0	118.0	109.0	103.0	114.0	110.0
330.67	123.0	142.0	128.0	129.0	139.0	138.0	84.0	122.0	114.0	114.0	134.0	110.0	117.0	159.0	106.0	119.0	110.0	96.0	106.0	100.0
330.778	129.0	149.0	136.0	138.0	146.0	151.0	92.0	134.0	117.0	120.0	146.0	118.0	132.0	170.0	115.0	126.0	108.0	107.0	119.0	104.0
330.887	157.0	184.0	161.0	172.0	178.0	173.0	107.0	160.0	142.0	148.0	167.0	134.0	159.0	184.0	136.0	146.0	119.0	131.0	136.0	130.0
330.996	149.0	169.0	157.0	173.0	175.0	182.0	96.0	146.0	138.0	137.0	158.0	134.0	140.0	174.0	137.0	144.0	104.0	120.0	125.0	123.0
331.104	131.0	163.0	148.0	159.0	165.0	159.0	96.0	127.0	119.0	132.0	150.0	127.0	132.0	171.0	126.0	143.0	104.0	113.0	119.0	114.0
331.213	132.0	164.0	150.0	171.0	172.0	163.0	102.0	135.0	124.0	135.0	143.0	124.0	124.0	168.0	126.0	138.0	112.0	114.0	123.0	112.0
331.322	140.0	170.0	154.0	177.0	176.0	172.0	95.0	142.0	129.0	142.0	149.0	135.0	132.0	180.0	134.0	140.0	114.0	114.0	118.0	110.0
331.431	132.0	174.0	150.0	165.0	178.0	160.0	97.0	139.0	124.0	132.0	152.0	125.0	123.0	177.0	132.0	141.0	110.0	111.0	114.0	111.0
331.539	153.0	209.0	188.0	213.0	236.0	209.0	104.0	153.0	145.0	174.0	190.0	146.0	141.0	206.0	159.0	174.0	118.0	135.0	141.0	139.0
331.648	207.0	308.0	283.0	328.0	334.0	324.0	125.0	205.0	222.0	251.0	269.0	203.0	187.0	293.0	248.0	255.0	119.0	173.0	194.0	202.0
331.757	281.0	400.0	368.0	437.0	415.0	421.0	138.0	241.0	270.0	331.0	333.0	272.0	232.0	373.0	314.0	329.0	125.0	228.0	251.0	248.0
331.865	220.0	304.0	300.0	319.0	328.0	316.0	118.0	198.0	213.0	251.0	271.0	215.0	180.0	299.0	244.0	248.0	110.0	181.0	189.0	195.0
331.974	162.0	234.0	223.0	254.0	264.0	244.0	128.0	161.0	167.0	206.0	216.0	169.0	156.0	237.0	185.0	201.0	118.0	149.0	159.0	152.0
332.083	195.0	284.0	261.0	288.0	301.0	290.0	107.0	191.0	197.0	240.0	244.0	183.0	176.0	261.0	219.0	230.0	107.0	160.0	185.0	177.0
332.192	178.0	239.0	228.0	250.0	261.0	249.0	112.0	160.0	170.0	197.0	212.0	161.0	151.0	226.0	181.0	189.0	115.0	140.0	154.0	151.0
332.3	226.0	304.0	291.0	321.0	319.0	321.0	126.0	193.0	211.0	251.0	260.0	208.0	166.0	289.0	238.0	252.0	120.0	173.0	187.0	198.0
332.409	218.0	313.0	289.0	330.0	337.0	330.0	116.0	185.0	216.0	260.0	274.0	210.0	176.0	285.0	233.0	257.0	116.0	182.0	201.0	195.0
332.518	181.0	290.0	255.0	304.0	320.0	293.0	128.0	172.0	185.0	233.0	254.0	185.0	172.0	263.0	206.0	234.0	127.0	167.0	175.0	175.0
332.627	192.0	304.0	270.0	321.0	318.0	308.0	132.0	177.0	190.0	240.0	253.0	196.0	174.0	276.0	223.0	239.0	119.0	166.0	182.0	178.0
332.735	171.0	255.0	232.0	272.0	292.0	271.0	128.0	160.0	171.0	210.0	230.0	168.0	160.0	238.0	192.0	209.0	123.0	152.0	155.0	155.0
332.844	212.0	292.0	268.0	321.0	321.0	314.0	119.0	177.0	194.0	243.0	246.0	203.0	168.0	278.0	224.0	237.0	106.0	170.0	178.0	188.0
332.953	213.0	314.0	283.0	332.0	338.0	332.0	121.0	198.0	213.0	258.0	276.0	206.0	180.0	284.0	235.0	258.0	114.0	180.0	185.0	191.0
333.062	198.0	272.0	248.0	284.0	304.0	279.0	119.0	181.0	186.0	235.0	242.0	189.0	173.0	255.0	209.0	213.0	123.0	162.0	174.0	169.0
333.171	172.0	225.0	209.0	239.0	248.0	240.0	115.0	151.0	160.0	196.0	204.0	157.0	144.0	220.0	172.0	185.0	117.0	134.0	147.0	150.0
333.279	144.0	208.0	194.0	213.0	223.0	210.0	106.0	144.0	147.0	170.0	181.0	140.0	134.0	201.0	153.0	168.0	118.0	132.0	139.0	132.0
333.388	183.0	258.0	233.0	274.0	291.0	274.0	126.0	172.0	176.0	217.0	227.0	174.0	174.0	240.0	194.0	215.0	126.0	161.0	178.0	162.0
333.497	258.0	390.0	365.0	413.0	426.0	428.0	145.0	229.0	265.0	324.0	343.0	259.0	216.0	367.0	293.0	306.0	126.0	221.0	246.0	244.0
333.606	341.0	504.0	502.0	547.0	549.0	558.0	176.0	301.0	365.0	435.0	456.0	327.0	285.0	504.0	405.0	425.0	135.0	285.0	323.0	325.0
333.715	287.0	409.0	410.0	453.0	458.0	453.0	152.0	247.0	294.0	365.0	376.0	289.0	242.0	416.0	328.0	349.0	123.0	243.0	260.0	258.0
333.824	262.0	373.0	375.0	410.0	410.0	411.0	140.0	231.0	264.0	338.0	339.0	260.0	223.0	373.0	294.0	308.0	121.0	228.0	244.0	238.0
333.933	272.0	368.0	364.0	395.0	399.0	400.0	141.0	244.0	287.0	324.0	332.0	263.0	228.0	377.0	303.0	304.0	136.0	225.0	246.0	247.0
334.041	224.0	332.0	313.0	361.0	375.0	350.0	137.0	204.0	229.0	288.0	294.0	234.0	201.0	320.0	260.0	268.0	129.0	189.0	205.0	209.0
334.15	235.0	354.0	342.0	387.0	406.0	392.0	136.0	209.0	236.0	324.0	317.0	241.0	198.0	352.0	269.0	293.0	118.0	203.0	219.0	219.0
334.259	446.0	630.0	667.0	717.0	693.0	766.0	208.0	348.0	496.0	593.0	623.0	469.0	325.0	648.0	543.0	557.0	132.0	373.0	411.0	433.0
334.368	608.0	841.0	924.0	978.0	889.0	1022.0	251.0	478.0	699.0	812.0	844.0	673.0	454.0	909.0	754.0	768.0	144.0	513.0	579.0	596.0
334.477	494.0	700.0	734.0	780.0	744.0	839.0	216.0	391.0	541.0	651.0	672.0	524.0	369.0	720.0	603.0	607.0	132.0	407.0	459.0	467.0
334.586	395.0	554.0	578.0	618.0	614.0	649.0	192.0	317.0	430.0	518.0	538.0	403.0	289.0	575.0	474.0	478.0	133.0	319.0	367.0	372.0
334.695	326.0	454.0	476.0	523.0	516.0	533.0	174.0	277.0	361.0	437.0	458.0	350.0	252.0	481.0	392.0	410.0	129.0	277.0	312.0	296.0
334.804	301.0	422.0	420.0	469.0	457.0	492.0	170.0	267.0	329.0	395.0	416.0	313.0	254.0	433.0	347.0	356.0	140.0	260.0	282.0	269.0
334.913	251.0	341.0	325.0	357.0	352.0	386.0	144.0	237.0	268.0	297.0	328.0	238.0	227.0	353.0	268.0	278.0	125.0	210.0	227.0	205.0
335.022	188.0	244.0	218.0	252.0	255.0	265.0	120.0	185.0	185.0	211.0	234.0	170.0	162.0	249.0	174.0	190.0	118.0	159.0	164.0	152.0
335.13	168.0	214.0	194.0	214.0	223.0	220.0	112.0	174.0	160.0	182.0	194.0	148.0	154.0	213.0	152.0	171.0	110.0	140.0	153.0	143.0
335.239	169.0	213.0	206.0	218.0	219.0	217.0	105.0	183.0	168.0	182.0	202.0	156.0	160.0	221.0	159.0	174.0	108.0	133.0	153.0	140.0
335.348	162.0	217.0	203.0	219.0	234.0	222.0	118.0	165.0	157.0	191.0	202.0	158.0	151.0	227.0	169.0	176.0	112.0	143.0	150.0	133.0
335.457	273.0	408.0	393.0	444.0	441.0	455.0	170.0	252.0	292.0	371.0	385.0	300.0	247.0	416.0	335.0	353.0	140.0	251.0	269.0	264.0
335.566	413.0	585.0	610.0	647.0	633.0	711.0	190.0	352.0	458.0	542.0	554.0	443.0	339.0	594.0	494.0	511.0	131.0	353.0	400.0	393.0
335.675	373.0	509.0	525.0	557.0	561.0	590.0	156.0	321.0	397.0	461.0	483.0	375.0	281.0	520.0	428.0	424.0	113.0	315.0	322.0	338.0
335.784	281.0	375.0	382.0	413.0	413.0	429.0	144.0	243.0	291.0	342.0	353.0	278.0	224.0	399.0	313.0	317.0	121.0	228.0	246.0	251.0
335.893	271.0	356.0	351.0	390.0	378.0	405.0	136.0	223.0	262.0	316.0	334.0	257.0	205.0	368.0	302.0	297.0	115.0	222.0	233.0	226.0
336.002	202.0	302.0	283.0	320.0	324.0	334.0	125.0	191.0	225.0	255.0	285.0	208.0	185.0	294.0	247.0	253.0	121.0	182.0	201.0	193.0
336.111	252.0	302.0	302.0	335.0	337.0	335.0	177.0	234.0	240.0	276.0	284.0	236.0	226.0	311.0	266.0	272.0	170.0	214.0	222.0	221.0
336.22	176.0	221.0	204.0	229.0	230.0	235.0	126.0	165.0	168.0	189.0	207.0	165.0	162.0	222.0	176.0	182.0	132.0	144.0	156.0	149.0
336.329	154.0	186.0	177.0	206.0	197.0	191.0	100.0	145.0	138.0	161.0	173.0	138.0	129.0	196.0	151.0	155.0	106.0	124.0	134.0	123.0
336.438	170.0	223.0	205.0	229.0	230.0	238.0	108.0	178.0	176.0	191.0	202.0	168.0	174.0	226.0	163.0	174.0	109.0	150.0	163.0	146.0
336.547	246.0	315.0	292.0	327.0	332.0	343.0	129.0	242.0	258.0	280.0	299.0	224.0	234.0	316.0	236.0	259.0	114.0	202.0	228.0	196.0
336.656	410.0	567.0	538.0	614.0	592.0	647.0	196.0	358.0	439.0	501.0	528.0	403.0	333.0	562.0	453.0	467.0	126.0	339.0	378.0	368.0
336.766	373.0	550.0	529.0	594.0	585.0	608.0	190.0	334.0	405.0	483.0	500.0	378.0	312.0	541.0	435.0	466.0	140.0	319.0	353.0	336.0
336.875	315.0	449.0	428.0	481.0	477.0	498.0	160.0	276.0	335.0	386.0	421.0	314.0	270.0	437.0	352.0	378.0	128.0	262.0	283.0	281.0
336.984	249.0	363.0	348.0	392.0	396.0	409.0	156.0	247.0	267.0	322.0	333.0	252.0	226.0	360.0	284.0	301.0	140.0	223.0	238.0	231.0
337.093	213.0	311.0	292.0	330.0	338.0	339.0	153.0	212.0	226.0	271.0	302.0	225.0	216.0	318.0	243.0	262.0	139.0	186.0	215.0	192.0
337.202	242.0	322.0	304.0	334.0	338.0	360.0	141.0	232.0	252.0	273.0	302.0	233.0	218.0	332.0	250.0	265.0	120.0	208.0	223.0	207.0
337.311	174.0	238.0	224.0	245.0	265.0	254.0	139.0	187.0	177.0	214.0	233.0	177.0	179.0	250.0	189.0	208.0	130.0	163.0	175.0	160.0
337.42	238.0	310.0	293.0	333.0	332.0	333.0	124.0	222.0	237.0	256.0	275.0	216.0	207.0	302.0	241.0	262.0	111.0	185.0	207.0	197.0
337.529	194.0	275.0	251.0	287.0	293.0	294.0	123.0	195.0	206.0	231.0	234.0	189.0	192.0	274.0	214.0	231.0	125.0	167.0	175.0	167.0
337.638	190.0	279.0	255.0	291.0	301.0	300.0	134.0	204.0	203.0	240.0	263.0	202.0	192.0	271.0	211.0	233.0	128.0	178.0	184.0	170.0
337.747	317.0	475.0	461.0	510.0	499.0	525.0	164.0	289.0	338.0	415.0	437.0	340.0	275.0	455.0	378.0	407.0	128.0	281.0	313.0	302.0
337.856	376.0	530.0	535.0	584.0	568.0	617.0	156.0	327.0	403.0	456.0	476.0	374.0	299.0	517.0	442.0	458.0	119.0	314.0	342.0	348.0
337.966	331.0	440.0	416.0	465.0	461.0	491.0	149.0	297.0	343.0	376.0	391.0	316.0	279.0	432.0	347.0	358.0	108.0	252.0	281.0	278.0
338.075	266.0	377.0	351.0	392.0	405.0	411.0	152.0	251.0	278.0	323.0	339.0	264.0	240.0	375.0	293.0	315.0	129.0	221.0	243.0	236.0
338.184	291.0	430.0	419.0	468.0	474.0	470.0	157.0	274.0	308.0	369.0	397.0	297.0	261.0	418.0	337.0	361.0	123.0	262.0	278.0	275.0
338.293	233.0	335.0	307.0	364.0	366.0	358.0	141.0	217.0	241.0	287.0	310.0	232.0	209.0	328.0	262.0	282.0	129.0	204.0	226.0	210.0
338.402	192.0	284.0	259.0	295.0	306.0	285.0	126.0	197.0	205.0	236.0	251.0	200.0	181.0	280.0	224.0	232.0	136.0	170.0	184.0	182.0
338.511	209.0	265.0	246.0	275.0	282.0	274.0	151.0	199.0	202.0	222.0	242.0	195.0	194.0	263.0	212.0	220.0	144.0	176.0	186.0	175.0
338.62	161.0	209.0	194.0	213.0	214.0	214.0	104.0	166.0	153.0	169.0	189.0	160.0	150.0	198.0	162.0	172.0	102.0	134.0	142.0	138.0
338.73	142.0	182.0	184.0	197.0	198.0	187.0	104.0	150.0	135.0	160.0	175.0	140.0	138.0	185.0	141.0	147.0	111.0	130.0	133.0	126.0
338.839	179.0	242.0	233.0	252.0	261.0	252.0	115.0	174.0	181.0	194.0	208.0	176.0	167.0	239.0	188.0	200.0	114.0	146.0	162.0	160.0
338.948	155.0	219.0	199.0	231.0	231.0	218.0	118.0	160.0	156.0	182.0	199.0	162.0	155.0	215.0	172.0	180.0	128.0	136.0	145.0	142.0
339.057	158.0	194.0	190.0	208.0	203.0	208.0	99.0	143.0	147.0	168.0	171.0	152.0	137.0	194.0	159.0	158.0	97.0	127.0	132.0	137.0
339.166	139.0	169.0	162.0	179.0	177.0	176.0	105.0	137.0	134.0	151.0	154.0	131.0	126.0	170.0	139.0	142.0	109.0	122.0	125.0	128.0
339.276	125.0	160.0	144.0	165.0	169.0	169.0	93.0	129.0	118.0	123.0	142.0	117.0	117.0	163.0	129.0	133.0	109.0	107.0	112.0	104.0
339.385	128.0	146.0	140.0	149.0	148.0	151.0	98.0	120.0	115.0	122.0	133.0	110.0	106.0	155.0	120.0	119.0	114.0	106.0	104.0	106.0
339.494	118.0	133.0	118.0	140.0	127.0	135.0	89.0	117.0	104.0	105.0	128.0	107.0	97.0	137.0	108.0	117.0	99.0	101.0	103.0	97.0
339.603	110.0	132.0	125.0	138.0	128.0	132.0	91.0	118.0	106.0	111.0	121.0	100.0	104.0	136.0	101.0	111.0	101.0	102.0	100.0	92.0
339.713	114.0	131.0	116.0	139.0	130.0	131.0	95.0	112.0	109.0	110.0	122.0	102.0	107.0	137.0	112.0	110.0	107.0	92.0	102.0	94.0
339.822	110.0	131.0	122.0	138.0	124.0	125.0	90.0	113.0	98.0	109.0	123.0	104.0	109.0	135.0	102.0	106.0	102.0	86.0	98.0	96.0
339.931	107.0	114.0	115.0	126.0	118.0	116.0	90.0	110.0	105.0	100.0	116.0	112.0	101.0	136.0	106.0	106.0	105.0	96.0	92.0	90.0
340.04	106.0	111.0	112.0	124.0	116.0	116.0	89.0	105.0	96.0	109.0	110.0	95.0	97.0	133.0	97.0	99.0	110.0	90.0	96.0	95.0
340.15	107.0	124.0	120.0	132.0	123.0	130.0	93.0	113.0	104.0	105.0	109.0	92.0	107.0	132.0	104.0	106.0	110.0	97.0	98.0	92.0
340.259	99.0	113.0	104.0	119.0	111.0	121.0	92.0	103.0	99.0	95.0	112.0	100.0	97.0	128.0	100.0	98.0	107.0	91.0	94.0	85.0
340.368	109.0	123.0	115.0	128.0	115.0	121.0	88.0	104.0	101.0	97.0	110.0	97.0	98.0	132.0	101.0	106.0	104.0	93.0	91.0	94.0
340.477	98.0	115.0	101.0	123.0	109.0	116.0	90.0	99.0	95.0	99.0	99.0	93.0	102.0	125.0	86.0	100.0	109.0	90.0	89.0	88.0
340.587	109.0	113.0	111.0	122.0	112.0	117.0	86.0	102.0	98.0	102.0	112.0	97.0	106.0	125.0	99.0	106.0	108.0	89.0	91.0	91.0
340.696	101.0	111.0	109.0	111.0	108.0	112.0	91.0	103.0	92.0	94.0	101.0	92.0	94.0	127.0	98.0	101.0	105.0	91.0	86.0	82.0
340.805	111.0	122.0	118.0	117.0	115.0	122.0	103.0	104.0	101.0	110.0	122.0	103.0	104.0	135.0	114.0	107.0	100.0	101.0	96.0	98.0
340.915	100.0	101.0	101.0	112.0	110.0	107.0	84.0	100.0	92.0	98.0	108.0	100.0	102.0	121.0	94.0	96.0	99.0	91.0	90.0	89.0
341.024	89.0	105.0	96.0	112.0	106.0	107.0	87.0	102.0	92.0	91.0	100.0	88.0	102.0	121.0	95.0	93.0	106.0	84.0	89.0	82.0
341.133	119.0	130.0	121.0	134.0	126.0	132.0	110.0	123.0	115.0	110.0	119.0	108.0	118.0	148.0	110.0	111.0	122.0	99.0	106.0	101.0
341.243	108.0	117.0	101.0	112.0	112.0	114.0	86.0	104.0	99.0	100.0	110.0	95.0	104.0	125.0	96.0	100.0	108.0	87.0	92.0	87.0
341.352	92.0	108.0	105.0	113.0	107.0	111.0	83.0	102.0	95.0	96.0	101.0	91.0	97.0	120.0	95.0	93.0	104.0	87.0	91.0	91.0
341.461	100.0	110.0	109.0	121.0	109.0	113.0	88.0	104.0	102.0	97.0	103.0	94.0	100.0	124.0	93.0	96.0	102.0	88.0	87.0	82.0
341.571	97.0	103.0	106.0	113.0	100.0	112.0	84.0	101.0	90.0	89.0	104.0	93.0	96.0	126.0	97.0	96.0	103.0	83.0	86.0	82.0
341.68	95.0	112.0	101.0	113.0	104.0	105.0	92.0	94.0	89.0	91.0	107.0	103.0	97.0	122.0	97.0	99.0	102.0	86.0	89.0	84.0
341.789	95.0	106.0	102.0	115.0	99.0	101.0	80.0	96.0	95.0	92.0	101.0	93.0	96.0	115.0	90.0	92.0	106.0	89.0	89.0	85.0
341.899	98.0	106.0	103.0	105.0	100.0	107.0	84.0	93.0	92.0	95.0	96.0	88.0	92.0	116.0	90.0	94.0	105.0	82.0	91.0	84.0
342.008	97.0	111.0	106.0	113.0	105.0	116.0	87.0	96.0	93.0	96.0	100.0	91.0	101.0	123.0	93.0	93.0	106.0	87.0	94.0	83.0
342.118	101.0	107.0	97.0	101.0	97.0	103.0	85.0	92.0	90.0	99.0	105.0	94.0	90.0	127.0	91.0	97.0	103.0	93.0	90.0	89.0
342.227	94.0	111.0	102.0	107.0	104.0	105.0	88.0	98.0	92.0	90.0	103.0	91.0	96.0	121.0	87.0	96.0	102.0	88.0	92.0	88.0
342.336	93.0	110.0	100.0	107.0	96.0	105.0	86.0	99.0	98.0	89.0	97.0	87.0	92.0	119.0	88.0	92.0	105.0	80.0	85.0	78.0
342.446	99.0	109.0	108.0	114.0	105.0	106.0	94.0	100.0	104.0	91.0	108.0	92.0	99.0	120.0	98.0	90.0	108.0	83.0	94.0	90.0
342.555	110.0	110.0	107.0	108.0	105.0	117.0	92.0	97.0	94.0	102.0	104.0	90.0	95.0	131.0	98.0	90.0	103.0	90.0	86.0	88.0
342.665	99.0	104.0	104.0	113.0	104.0	108.0	88.0	92.0	90.0	93.0	104.0	92.0	94.0	121.0	93.0	103.0	98.0	89.0	91.0	84.0
342.774	100.0	110.0	106.0	109.0	106.0	110.0	86.0	97.0	98.0	91.0	101.0	84.0	94.0	124.0	93.0	95.0	106.0	93.0	86.0	86.0
342.884	108.0	113.0	111.0	117.0	105.0	120.0	90.0	109.0	91.0	101.0	106.0	94.0	97.0	123.0	96.0	94.0	109.0	86.0	86.0	88.0
342.993	103.0	115.0	102.0	110.0	103.0	114.0	88.0	102.0	96.0	96.0	99.0	93.0	90.0	121.0	93.0	100.0	106.0	86.0	83.0	85.0
343.102	101.0	111.0	104.0	113.0	103.0	113.0	86.0	105.0	96.0	95.0	108.0	97.0	96.0	123.0	94.0	98.0	104.0	83.0	93.0	85.0
343.212	100.0	114.0	115.0	109.0	114.0	123.0	88.0	101.0	103.0	94.0	101.0	95.0	108.0	123.0	93.0	100.0	104.0	93.0	89.0	84.0
343.321	101.0	117.0	112.0	118.0	109.0	113.0	91.0	105.0	99.0	102.0	106.0	93.0	104.0	130.0	94.0	96.0	110.0	89.0	94.0	88.0
343.431	115.0	130.0	121.0	123.0	122.0	125.0	105.0	118.0	107.0	115.0	123.0	114.0	112.0	143.0	106.0	113.0	121.0	97.0	101.0	108.0
343.54	120.0	120.0	120.0	121.0	125.0	125.0	101.0	112.0	112.0	109.0	119.0	111.0	120.0	139.0	109.0	112.0	102.0	103.0	103.0	109.0
343.65	108.0	119.0	111.0	126.0	120.0	125.0	84.0	113.0	101.0	102.0	115.0	100.0	113.0	133.0	96.0	108.0	106.0	102.0	97.0	97.0
343.759	125.0	144.0	136.0	146.0	146.0	146.0	101.0	120.0	115.0	119.0	130.0	112.0	126.0	157.0	115.0	127.0	113.0	107.0	109.0	109.0
343.869	146.0	186.0	172.0	191.0	190.0	191.0	120.0	137.0	145.0	155.0	170.0	142.0	138.0	185.0	150.0	161.0	118.0	132.0	133.0	134.0
343.978	135.0	177.0	159.0	180.0	175.0	182.0	108.0	135.0	133.0	144.0	159.0	133.0	122.0	167.0	140.0	149.0	110.0	121.0	130.0	127.0
344.088	137.0	166.0	155.0	176.0	171.0	176.0	116.0	142.0	140.0	142.0	156.0	139.0	139.0	173.0	138.0	148.0	129.0	125.0	133.0	119.0
344.197	120.0	147.0	131.0	141.0	141.0	157.0	98.0	128.0	120.0	122.0	132.0	120.0	113.0	156.0	118.0	134.0	113.0	108.0	110.0	100.0
344.307	116.0	142.0	126.0	137.0	141.0	145.0	97.0	112.0	113.0	116.0	129.0	109.0	119.0	145.0	110.0	120.0	109.0	111.0	104.0	103.0
344.416	118.0	134.0	123.0	138.0	134.0	134.0	95.0	106.0	112.0	112.0	121.0	107.0	112.0	148.0	109.0	110.0	107.0	105.0	108.0	98.0
344.526	107.0	118.0	111.0	129.0	121.0	128.0	91.0	112.0	113.0	99.0	118.0	101.0	107.0	140.0	103.0	106.0	109.0	96.0	98.0	96.0
344.636	112.0	130.0	124.0	130.0	132.0	126.0	95.0	111.0	104.0	109.0	113.0	105.0	102.0	136.0	111.0	113.0	110.0	101.0	102.0	92.0
344.745	121.0	139.0	128.0	142.0	135.0	146.0	100.0	122.0	110.0	111.0	121.0	114.0	112.0	151.0	112.0	112.0	114.0	110.0	106.0	98.0
344.855	125.0	140.0	137.0	139.0	142.0	150.0	101.0	124.0	122.0	125.0	135.0	110.0	111.0	148.0	118.0	124.0	116.0	111.0	108.0	108.0
344.964	120.0	137.0	134.0	143.0	152.0	146.0	94.0	112.0	110.0	119.0	129.0	110.0	108.0	152.0	112.0	126.0	102.0	108.0	102.0	105.0
345.074	142.0	181.0	171.0	180.0	184.0	185.0	94.0	135.0	138.0	145.0	160.0	130.0	126.0	181.0	141.0	150.0	110.0	117.0	130.0	122.0
345.183	135.0	168.0	162.0	162.0	167.0	176.0	102.0	136.0	126.0	144.0	152.0	126.0	125.0	177.0	130.0	135.0	115.0	118.0	112.0	120.0
345.293	121.0	148.0	141.0	150.0	152.0	148.0	98.0	117.0	106.0	129.0	132.0	121.0	114.0	161.0	119.0	128.0	104.0	109.0	106.0	103.0
345.403	135.0	149.0	153.0	153.0	156.0	156.0	112.0	133.0	129.0	138.0	148.0	123.0	128.0	164.0	129.0	139.0	125.0	119.0	121.0	120.0
345.512	139.0	181.0	170.0	179.0	178.0	180.0	97.0	140.0	134.0	138.0	149.0	130.0	130.0	176.0	136.0	149.0	107.0	114.0	130.0	114.0
345.622	143.0	190.0	175.0	179.0	187.0	192.0	99.0	137.0	139.0	155.0	159.0	138.0	137.0	183.0	150.0	151.0	108.0	117.0	126.0	125.0
345.731	125.0	166.0	148.0	159.0	157.0	172.0	99.0	128.0	115.0	133.0	146.0	132.0	117.0	149.0	127.0	126.0	101.0	114.0	113.0	110.0
345.841	121.0	147.0	144.0	147.0	151.0	152.0	97.0	114.0	113.0	123.0	134.0	115.0	115.0	153.0	109.0	120.0	104.0	103.0	103.0	109.0
345.951	142.0	153.0	149.0	156.0	158.0	168.0	110.0	132.0	128.0	135.0	150.0	123.0	125.0	166.0	137.0	139.0	122.0	119.0	126.0	122.0
346.06	117.0	142.0	127.0	137.0	136.0	136.0	100.0	112.0	113.0	124.0	122.0	112.0	108.0	146.0	115.0	122.0	112.0	100.0	101.0	99.0
346.17	105.0	126.0	111.0	120.0	125.0	117.0	97.0	111.0	99.0	111.0	110.0	100.0	110.0	130.0	105.0	112.0	105.0	99.0	95.0	89.0
346.28	106.0	122.0	116.0	114.0	114.0	115.0	88.0	111.0	104.0	105.0	116.0	105.0	102.0	128.0	100.0	108.0	105.0	93.0	96.0	95.0
346.389	106.0	113.0	110.0	117.0	108.0	112.0	89.0	108.0	92.0	99.0	111.0	88.0	99.0	126.0	97.0	103.0	111.0	96.0	101.0	89.0
346.499	109.0	121.0	110.0	120.0	114.0	116.0	98.0	108.0	102.0	96.0	111.0	95.0	105.0	133.0	100.0	101.0	108.0	92.0	101.0	94.0
346.608	97.0	116.0	104.0	112.0	102.0	116.0	94.0	109.0	96.0	91.0	106.0	100.0	94.0	121.0	89.0	95.0	102.0	85.0	86.0	82.0
346.718	100.0	112.0	106.0	110.0	113.0	121.0	89.0	110.0	105.0	97.0	107.0	99.0	97.0	130.0	91.0	99.0	104.0	94.0	91.0	87.0
346.828	104.0	113.0	103.0	109.0	100.0	103.0	84.0	104.0	92.0	89.0	103.0	93.0	98.0	125.0	93.0	91.0	108.0	87.0	88.0	81.0
346.938	107.0	111.0	110.0	104.0	107.0	118.0	88.0	102.0	100.0	90.0	102.0	92.0	102.0	125.0	102.0	97.0	106.0	81.0	93.0	88.0
347.047	118.0	139.0	129.0	132.0	129.0	132.0	93.0	117.0	112.0	116.0	121.0	107.0	110.0	141.0	111.0	112.0	104.0	103.0	104.0	107.0
347.157	129.0	159.0	148.0	168.0	160.0	162.0	98.0	123.0	121.0	127.0	143.0	123.0	120.0	157.0	123.0	134.0	111.0	116.0	117.0	118.0
347.267	124.0	156.0	145.0	157.0	156.0	156.0	102.0	138.0	125.0	134.0	137.0	118.0	128.0	161.0	121.0	133.0	110.0	110.0	123.0	115.0
347.376	129.0	159.0	149.0	150.0	151.0	156.0	98.0	135.0	122.0	130.0	132.0	119.0	124.0	162.0	120.0	128.0	112.0	110.0	119.0	110.0
347.486	138.0	169.0	154.0	155.0	157.0	168.0	114.0	144.0	136.0	137.0	151.0	134.0	134.0	172.0	128.0	134.0	121.0	122.0	128.0	127.0
347.596	117.0	146.0	129.0	143.0	138.0	150.0	92.0	125.0	116.0	121.0	135.0	112.0	119.0	144.0	110.0	119.0	106.0	105.0	105.0	104.0
347.705	112.0	134.0	121.0	133.0	133.0	138.0	94.0	116.0	106.0	112.0	123.0	97.0	117.0	146.0	100.0	115.0	110.0	102.0	99.0	100.0
347.815	114.0	138.0	124.0	134.0	134.0	139.0	94.0	116.0	115.0	109.0	124.0	108.0	112.0	141.0	111.0	114.0	106.0	99.0	97.0	97.0
347.925	117.0	127.0	129.0	129.0	122.0	132.0	92.0	108.0	104.0	112.0	119.0	104.0	109.0	142.0	109.0	120.0	105.0	98.0	93.0	97.0
348.035	110.0	113.0	118.0	121.0	124.0	120.0	95.0	109.0	107.0	104.0	116.0	108.0	110.0	133.0	106.0	111.0	101.0	95.0	94.0	91.0
348.144	104.0	116.0	119.0	124.0	116.0	124.0	86.0	113.0	108.0	108.0	108.0	102.0	103.0	136.0	98.0	107.0	108.0	96.0	93.0	92.0
348.254	112.0	122.0	124.0	129.0	120.0	130.0	90.0	111.0	109.0	106.0	110.0	100.0	105.0	138.0	102.0	109.0	105.0	94.0	92.0	86.0
348.364	103.0	124.0	111.0	118.0	128.0	122.0	93.0	109.0	99.0	105.0	110.0	102.0	95.0	136.0	101.0	103.0	106.0	92.0	96.0	93.0
348.474	123.0	149.0	140.0	156.0	152.0	156.0	97.0	125.0	114.0	130.0	131.0	118.0	114.0	149.0	117.0	132.0	104.0	99.0	114.0	111.0
348.584	131.0	160.0	151.0	162.0	166.0	158.0	101.0	127.0	121.0	122.0	140.0	120.0	122.0	172.0	123.0	137.0	109.0	116.0	121.0	113.0
348.693	117.0	157.0	142.0	153.0	149.0	159.0	97.0	121.0	114.0	123.0	133.0	116.0	112.0	159.0	118.0	129.0	112.0	100.0	108.0	114.0
348.803	111.0	139.0	134.0	140.0	147.0	145.0	101.0	119.0	112.0	123.0	132.0	109.0	111.0	153.0	115.0	125.0	107.0	96.0	106.0	108.0
348.913	128.0	141.0	134.0	152.0	146.0	148.0	93.0	127.0	120.0	121.0	126.0	117.0	107.0	156.0	114.0	122.0	103.0	107.0	108.0	114.0
349.023	120.0	132.0	133.0	140.0	141.0	130.0	95.0	114.0	115.0	119.0	125.0	112.0	112.0	145.0	109.0	119.0	111.0	102.0	98.0	100.0
349.133	121.0	123.0	121.0	126.0	125.0	129.0	92.0	109.0	109.0	108.0	122.0	102.0	107.0	149.0	100.0	111.0	106.0	95.0	100.0	93.0
349.242	109.0	122.0	116.0	117.0	117.0	123.0	98.0	108.0	103.0	105.0	112.0	98.0	101.0	128.0	99.0	105.0	103.0	90.0	96.0	88.0
349.352	135.0	155.0	147.0	155.0	154.0	159.0	123.0	137.0	137.0	139.0	151.0	136.0	136.0	162.0	136.0	137.0	136.0	126.0	127.0	123.0
349.462	111.0	130.0	123.0	132.0	130.0	132.0	98.0	116.0	114.0	117.0	121.0	104.0	114.0	143.0	103.0	119.0	109.0	101.0	105.0	97.0
349.572	113.0	125.0	119.0	128.0	126.0	127.0	97.0	105.0	107.0	108.0	116.0	98.0	103.0	136.0	102.0	109.0	105.0	96.0	87.0	98.0
349.682	113.0	128.0	126.0	123.0	126.0	140.0	96.0	109.0	100.0	109.0	117.0	107.0	102.0	142.0	109.0	109.0	102.0	96.0	92.0	94.0
349.792	121.0	155.0	155.0	168.0	166.0	175.0	104.0	114.0	114.0	140.0	146.0	122.0	118.0	160.0	121.0	139.0	113.0	107.0	108.0	113.0
349.901	208.0	292.0	321.0	342.0	346.0	355.0	118.0	186.0	219.0	256.0	271.0	212.0	173.0	304.0	252.0	267.0	111.0	183.0	188.0	205.0
350.011	191.0	275.0	286.0	304.0	320.0	322.0	107.0	174.0	185.0	242.0	243.0	206.0	164.0	281.0	233.0	238.0	104.0	178.0	178.0	182.0
350.121	164.0	233.0	236.0	253.0	250.0	257.0	113.0	160.0	155.0	201.0	204.0	162.0	143.0	234.0	182.0	191.0	110.0	147.0	152.0	153.0
350.231	158.0	213.0	213.0	223.0	225.0	233.0	100.0	141.0	152.0	187.0	189.0	155.0	133.0	210.0	167.0	174.0	104.0	133.0	147.0	132.0
350.341	137.0	200.0	196.0	205.0	216.0	213.0	106.0	134.0	143.0	173.0	174.0	141.0	128.0	202.0	159.0	163.0	113.0	135.0	126.0	136.0
350.451	185.0	273.0	277.0	295.0	305.0	292.0	117.0	173.0	177.0	222.0	236.0	186.0	156.0	272.0	222.0	228.0	120.0	159.0	168.0	173.0
350.561	185.0	276.0	285.0	296.0	303.0	299.0	127.0	175.0	182.0	244.0	241.0	194.0	159.0	275.0	222.0	235.0	126.0	165.0	174.0	181.0
350.671	140.0	198.0	201.0	224.0	226.0	215.0	113.0	134.0	151.0	179.0	194.0	153.0	131.0	207.0	161.0	178.0	108.0	133.0	137.0	133.0
350.78	143.0	186.0	195.0	207.0	205.0	207.0	94.0	137.0	146.0	167.0	176.0	143.0	130.0	195.0	157.0	155.0	105.0	134.0	133.0	135.0
350.89	124.0	158.0	156.0	171.0	177.0	176.0	100.0	125.0	124.0	144.0	144.0	121.0	115.0	165.0	128.0	134.0	110.0	114.0	120.0	110.0
351.0	113.0	149.0	138.0	159.0	151.0	150.0	104.0	115.0	117.0	121.0	136.0	113.0	111.0	151.0	116.0	125.0	115.0	107.0	112.0	111.0
351.11	114.0	152.0	144.0	155.0	145.0	156.0	99.0	120.0	116.0	133.0	125.0	114.0	110.0	156.0	117.0	126.0	104.0	101.0	112.0	113.0
351.22	131.0	146.0	143.0	155.0	146.0	147.0	105.0	120.0	121.0	123.0	133.0	123.0	118.0	150.0	118.0	127.0	118.0	102.0	113.0	111.0
351.33	119.0	132.0	139.0	144.0	135.0	141.0	90.0	111.0	105.0	120.0	120.0	111.0	110.0	149.0	117.0	122.0	100.0	100.0	107.0	97.0
351.44	121.0	155.0	159.0	171.0	170.0	168.0	96.0	126.0	119.0	138.0	145.0	120.0	108.0	168.0	138.0	133.0	105.0	109.0	107.0	112.0
351.55	133.0	160.0	156.0	163.0	157.0	171.0	97.0	126.0	125.0	145.0	145.0	124.0	120.0	167.0	126.0	135.0	106.0	111.0	107.0	115.0
351.66	115.0	130.0	132.0	138.0	141.0	130.0	92.0	113.0	106.0	118.0	125.0	105.0	101.0	147.0	111.0	121.0	107.0	106.0	99.0	97.0
351.77	133.0	142.0	147.0	157.0	149.0	158.0	107.0	128.0	123.0	129.0	130.0	116.0	128.0	161.0	125.0	136.0	123.0	117.0	123.0	111.0
351.88	120.0	136.0	125.0	140.0	127.0	138.0	90.0	110.0	107.0	113.0	123.0	109.0	100.0	146.0	106.0	111.0	104.0	100.0	96.0	100.0
351.99	114.0	132.0	126.0	137.0	130.0	136.0	88.0	110.0	110.0	110.0	125.0	108.0	100.0	134.0	109.0	111.0	98.0	97.0	101.0	96.0
352.1	106.0	119.0	112.0	121.0	117.0	119.0	87.0	107.0	100.0	102.0	114.0	103.0	96.0	132.0	101.0	102.0	104.0	90.0	94.0	97.0
352.21	130.0	150.0	139.0	148.0	136.0	153.0	111.0	132.0	132.0	120.0	132.0	117.0	127.0	159.0	131.0	126.0	132.0	118.0	115.0	116.0
352.32	131.0	140.0	135.0	137.0	131.0	149.0	111.0	126.0	120.0	123.0	137.0	118.0	125.0	152.0	125.0	122.0	128.0	111.0	115.0	105.0
352.43	104.0	107.0	105.0	111.0	101.0	106.0	90.0	97.0	97.0	95.0	106.0	94.0	100.0	125.0	95.0	98.0	103.0	87.0	88.0	88.0
352.54	100.0	105.0	107.0	114.0	108.0	106.0	92.0	105.0	97.0	100.0	106.0	101.0	104.0	125.0	96.0	97.0	105.0	93.0	89.0	87.0
352.65	118.0	124.0	117.0	132.0	123.0	126.0	98.0	113.0	111.0	112.0	118.0	104.0	109.0	137.0	110.0	106.0	120.0	103.0	105.0	94.0
352.76	110.0	120.0	106.0	122.0	114.0	127.0	95.0	108.0	110.0	107.0	111.0	99.0	104.0	137.0	104.0	101.0	116.0	97.0	100.0	90.0
352.87	105.0	132.0	126.0	144.0	140.0	143.0	95.0	108.0	104.0	118.0	128.0	111.0	101.0	140.0	111.0	113.0	104.0	109.0	104.0	99.0
352.98	134.0	173.0	176.0	200.0	195.0	191.0	103.0	121.0	130.0	147.0	159.0	134.0	122.0	188.0	148.0	150.0	108.0	124.0	125.0	125.0
353.09	149.0	182.0	185.0	204.0	201.0	188.0	121.0	149.0	149.0	159.0	177.0	144.0	143.0	189.0	162.0	168.0	130.0	132.0	135.0	134.0
353.2	120.0	143.0	151.0	151.0	151.0	161.0	96.0	117.0	115.0	128.0	134.0	109.0	112.0	161.0	128.0	128.0	107.0	105.0	107.0	105.0
353.31	127.0	149.0	149.0	155.0	154.0	158.0	97.0	116.0	114.0	128.0	136.0	113.0	109.0	150.0	122.0	129.0	101.0	102.0	108.0	100.0
353.42	119.0	139.0	136.0	151.0	144.0	140.0	90.0	111.0	106.0	121.0	129.0	113.0	108.0	152.0	119.0	118.0	100.0	93.0	107.0	103.0
353.53	112.0	126.0	122.0	137.0	119.0	124.0	83.0	111.0	104.0	103.0	113.0	98.0	103.0	139.0	110.0	112.0	104.0	96.0	100.0	96.0
353.64	110.0	116.0	112.0	120.0	118.0	124.0	85.0	112.0	97.0	100.0	108.0	97.0	98.0	130.0	95.0	97.0	105.0	90.0	95.0	89.0
353.75	106.0	113.0	99.0	115.0	105.0	121.0	94.0	105.0	95.0	97.0	109.0	97.0	93.0	122.0	92.0	90.0	98.0	94.0	92.0	90.0
353.86	101.0	105.0	108.0	112.0	104.0	111.0	89.0	106.0	96.0	94.0	108.0	91.0	96.0	120.0	94.0	95.0	103.0	91.0	94.0	88.0
353.97	94.0	99.0	99.0	107.0	105.0	102.0	83.0	101.0	94.0	97.0	99.0	88.0	93.0	124.0	94.0	94.0	112.0	81.0	90.0	85.0
354.081	107.0	114.0	104.0	115.0	115.0	117.0	93.0	106.0	101.0	94.0	110.0	99.0	104.0	122.0	94.0	100.0	106.0	88.0	90.0	93.0
354.191	98.0	118.0	107.0	108.0	104.0	115.0	90.0	104.0	98.0	99.0	112.0	96.0	98.0	127.0	100.0	102.0	107.0	95.0	96.0	92.0
354.301	100.0	104.0	99.0	109.0	106.0	102.0	96.0	96.0	99.0	91.0	102.0	92.0	94.0	122.0	93.0	92.0	106.0	84.0	89.0	90.0
354.411	97.0	106.0	105.0	109.0	95.0	106.0	86.0	103.0	96.0	93.0	98.0	91.0	98.0	122.0	95.0	98.0	105.0	83.0	88.0	85.0
354.521	101.0	111.0	98.0	108.0	102.0	118.0	85.0	104.0	101.0	100.0	101.0	98.0	98.0	124.0	97.0	98.0	105.0	85.0	91.0	84.0
354.631	108.0	117.0	109.0	124.0	110.0	125.0	92.0	110.0	100.0	100.0	106.0	105.0	100.0	129.0	98.0	102.0	106.0	91.0	93.0	95.0
354.741	104.0	106.0	109.0	115.0	108.0	118.0	91.0	107.0	101.0	96.0	110.0	103.0	100.0	125.0	98.0	98.0	100.0	95.0	97.0	87.0
354.851	101.0	107.0	103.0	113.0	101.0	108.0	89.0	88.0	100.0	93.0	98.0	94.0	95.0	122.0	90.0	93.0	100.0	94.0	93.0	83.0
354.961	109.0	115.0	104.0	115.0	100.0	115.0	83.0	103.0	99.0	97.0	104.0	99.0	92.0	126.0	93.0	94.0	107.0	90.0	92.0	86.0
355.072	104.0	119.0	112.0	119.0	119.0	117.0	93.0	104.0	106.0	99.0	111.0	95.0	105.0	129.0	102.0	104.0	109.0	98.0	95.0	93.0
355.182	98.0	113.0	98.0	113.0	108.0	108.0	87.0	98.0	100.0	99.0	108.0	100.0	100.0	120.0	96.0	104.0	107.0	96.0	86.0	88.0
355.292	113.0	117.0	108.0	115.0	106.0	114.0	86.0	114.0	106.0	101.0	113.0	108.0	105.0	132.0	100.0	107.0	105.0	100.0	100.0	96.0
355.402	99.0	104.0	98.0	112.0	109.0	110.0	85.0	95.0	100.0	92.0	104.0	94.0	97.0	120.0	94.0	100.0	102.0	91.0	90.0	82.0
355.512	106.0	120.0	112.0	123.0	107.0	122.0	89.0	112.0	102.0	109.0	106.0	99.0	102.0	125.0	103.0	101.0	108.0	94.0	92.0	93.0
355.622	98.0	117.0	102.0	123.0	114.0	114.0	94.0	102.0	99.0	97.0	105.0	97.0	95.0	125.0	99.0	98.0	103.0	92.0	94.0	94.0
355.733	109.0	111.0	106.0	120.0	111.0	115.0	93.0	102.0	94.0	92.0	102.0	94.0	99.0	127.0	90.0	96.0	103.0	90.0	96.0	86.0
355.843	101.0	110.0	102.0	109.0	108.0	108.0	93.0	111.0	95.0	96.0	102.0	100.0	101.0	129.0	96.0	93.0	107.0	90.0	91.0	91.0
355.953	108.0	121.0	111.0	119.0	112.0	123.0	91.0	114.0	108.0	104.0	110.0	102.0	106.0	131.0	106.0	104.0	101.0	96.0	100.0	105.0
356.063	111.0	114.0	116.0	118.0	122.0	117.0	99.0	103.0	107.0	103.0	109.0	102.0	98.0	126.0	102.0	105.0	104.0	93.0	96.0	100.0
356.173	108.0	116.0	110.0	121.0	115.0	118.0	93.0	106.0	106.0	102.0	112.0	96.0	101.0	130.0	100.0	109.0	103.0	96.0	100.0	90.0
356.284	102.0	123.0	102.0	113.0	108.0	107.0	90.0	103.0	105.0	98.0	99.0	91.0	103.0	129.0	97.0	98.0	113.0	92.0	98.0	91.0
356.394	126.0	131.0	113.0	122.0	115.0	130.0	99.0	110.0	118.0	104.0	107.0	102.0	120.0	132.0	110.0	109.0	102.0	102.0	115.0	109.0
356.504	122.0	139.0	126.0	126.0	121.0	124.0	93.0	116.0	119.0	111.0	114.0	115.0	118.0	135.0	115.0	114.0	106.0	107.0	110.0	115.0
356.614	107.0	117.0	108.0	111.0	113.0	120.0	85.0	111.0	111.0	108.0	113.0	100.0	106.0	142.0	100.0	106.0	104.0	100.0	99.0	104.0
356.724	104.0	117.0	110.0	109.0	107.0	115.0	91.0	102.0	103.0	92.0	103.0	98.0	105.0	133.0	98.0	96.0	105.0	87.0	95.0	100.0
356.835	122.0	131.0	127.0	120.0	118.0	132.0	94.0	109.0	109.0	115.0	113.0	117.0	105.0	144.0	112.0	111.0	108.0	102.0	103.0	107.0
356.945	111.0	123.0	108.0	121.0	111.0	123.0	93.0	107.0	101.0	101.0	110.0	108.0	106.0	136.0	101.0	102.0	107.0	99.0	97.0	98.0
357.055	108.0	109.0	102.0	119.0	110.0	110.0	95.0	105.0	101.0	101.0	106.0	96.0	102.0	129.0	101.0	99.0	109.0	93.0	98.0	97.0
357.165	105.0	114.0	106.0	112.0	110.0	116.0	89.0	104.0	98.0	94.0	104.0	95.0	97.0	130.0	98.0	101.0	102.0	91.0	94.0	91.0
357.276	111.0	118.0	102.0	114.0	107.0	114.0	90.0	102.0	102.0	94.0	109.0	104.0	107.0	129.0	103.0	102.0	99.0	98.0	100.0	95.0
357.386	95.0	117.0	100.0	104.0	106.0	103.0	92.0	95.0	100.0	99.0	104.0	101.0	102.0	128.0	95.0	99.0	101.0	93.0	91.0	94.0
357.496	128.0	132.0	112.0	123.0	118.0	122.0	96.0	120.0	122.0	114.0	117.0	108.0	113.0	145.0	113.0	113.0	105.0	109.0	116.0	108.0
357.606	120.0	116.0	111.0	106.0	119.0	122.0	93.0	114.0	114.0	105.0	116.0	105.0	109.0	142.0	106.0	116.0	111.0	104.0	116.0	103.0
357.717	103.0	120.0	101.0	101.0	103.0	104.0	90.0	107.0	99.0	100.0	106.0	105.0	108.0	139.0	96.0	100.0	109.0	102.0	92.0	96.0
357.827	113.0	115.0	100.0	107.0	106.0	107.0	90.0	106.0	104.0	97.0	103.0	102.0	106.0	126.0	101.0	106.0	104.0	100.0	98.0	101.0
357.937	116.0	114.0	104.0	107.0	107.0	113.0	94.0	106.0	108.0	104.0	108.0	113.0	111.0	129.0	102.0	112.0	108.0	99.0	103.0	104.0
358.048	113.0	121.0	104.0	113.0	115.0	117.0	86.0	119.0	106.0	103.0	102.0	105.0	114.0	136.0	100.0	105.0	113.0	98.0	112.0	103.0
358.158	111.0	123.0	104.0	116.0	112.0	121.0	92.0	105.0	107.0	104.0	112.0	106.0	110.0	129.0	97.0	107.0	106.0	100.0	102.0	102.0
358.268	104.0	120.0	109.0	108.0	114.0	117.0	87.0	106.0	105.0	97.0	109.0	107.0	99.0	129.0	106.0	97.0	108.0	96.0	96.0	97.0
358.379	107.0	105.0	103.0	97.0	110.0	115.0	82.0	105.0	99.0	94.0	105.0	99.0	99.0	124.0	97.0	94.0	105.0	97.0	95.0	87.0
358.489	97.0	104.0	102.0	107.0	108.0	114.0	91.0	105.0	97.0	92.0	102.0	92.0	99.0	130.0	96.0	94.0	107.0	88.0	89.0	91.0
358.599	105.0	116.0	106.0	109.0	107.0	115.0	92.0	105.0	95.0	94.0	103.0	104.0	92.0	130.0	102.0	101.0	109.0	89.0	95.0	94.0
358.71	114.0	115.0	109.0	111.0	109.0	116.0	84.0	101.0	99.0	98.0	111.0	108.0	107.0	129.0	100.0	101.0	100.0	91.0	93.0	94.0
358.82	115.0	114.0	102.0	107.0	111.0	109.0	90.0	105.0	105.0	104.0	111.0	106.0	99.0	131.0	102.0	101.0	100.0	96.0	91.0	91.0
358.93	100.0	115.0	109.0	112.0	117.0	116.0	84.0	104.0	109.0	97.0	97.0	98.0	102.0	136.0	96.0	101.0	105.0	89.0	95.0	90.0
359.041	118.0	139.0	128.0	129.0	129.0	139.0	91.0	116.0	114.0	116.0	119.0	112.0	113.0	147.0	111.0	114.0	111.0	100.0	102.0	104.0
359.151	105.0	123.0	109.0	120.0	116.0	126.0	89.0	102.0	105.0	108.0	113.0	103.0	101.0	132.0	113.0	114.0	103.0	93.0	101.0	97.0
359.261	109.0	132.0	125.0	126.0	124.0	134.0	91.0	119.0	116.0	110.0	121.0	110.0	108.0	140.0	111.0	122.0	111.0	104.0	104.0	102.0
359.372	105.0	127.0	123.0	124.0	124.0	126.0	86.0	118.0	111.0	95.0	117.0	100.0	112.0	140.0	100.0	107.0	107.0	97.0	97.0	96.0
359.482	103.0	112.0	102.0	114.0	108.0	117.0	87.0	109.0	99.0	98.0	104.0	92.0	104.0	133.0	97.0	99.0	106.0	81.0	94.0	88.0
359.592	109.0	112.0	114.0	116.0	113.0	115.0	89.0	116.0	101.0	100.0	114.0	104.0	102.0	126.0	101.0	100.0	108.0	91.0	97.0	91.0
359.703	98.0	113.0	105.0	111.0	97.0	107.0	88.0	104.0	103.0	92.0	106.0	99.0	102.0	125.0	94.0	100.0	103.0	92.0	100.0	89.0
359.813	101.0	114.0	107.0	117.0	108.0	109.0	80.0	104.0	99.0	93.0	102.0	97.0	99.0	129.0	94.0	96.0	99.0	93.0	96.0	89.0
359.924	109.0	106.0	96.0	102.0	108.0	107.0	82.0	105.0	99.0	93.0	103.0	94.0	101.0	125.0	93.0	98.0	107.0	90.0	91.0	88.0
360.034	107.0	105.0	97.0	101.0	98.0	106.0	87.0	102.0	99.0	94.0	102.0	89.0	98.0	120.0	94.0	96.0	107.0	91.0	97.0	89.0
360.144	105.0	108.0	100.0	102.0	106.0	108.0	90.0	107.0	102.0	95.0	106.0	96.0	97.0	122.0	92.0	96.0	99.0	95.0	91.0	88.0
360.255	103.0	113.0	104.0	108.0	104.0	110.0	90.0	111.0	101.0	94.0	106.0	98.0	106.0	133.0	92.0	101.0	104.0	93.0	98.0	94.0
360.365	105.0	113.0	106.0	108.0	108.0	110.0	90.0	119.0	105.0	103.0	112.0	103.0	104.0	137.0	101.0	106.0	109.0	90.0	100.0	98.0
360.476	116.0	134.0	122.0	112.0	118.0	127.0	97.0	118.0	115.0	114.0	118.0	105.0	123.0	148.0	102.0	117.0	108.0	100.0	107.0	103.0
360.586	112.0	121.0	114.0	118.0	113.0	116.0	84.0	124.0	109.0	105.0	113.0	109.0	111.0	142.0	104.0	106.0	99.0	98.0	106.0	99.0
360.697	104.0	116.0	108.0	111.0	107.0	108.0	92.0	110.0	104.0	104.0	110.0	99.0	103.0	134.0	101.0	100.0	109.0	94.0	99.0	92.0
360.807	108.0	120.0	101.0	109.0	104.0	107.0	89.0	107.0	102.0	97.0	104.0	94.0	105.0	128.0	87.0	101.0	102.0	89.0	89.0	89.0
360.917	105.0	110.0	102.0	105.0	108.0	111.0	90.0	111.0	101.0	98.0	108.0	93.0	102.0	128.0	95.0	94.0	109.0	95.0	96.0	93.0
361.028	96.0	113.0	110.0	108.0	98.0	118.0	85.0	104.0	100.0	103.0	104.0	93.0	94.0	130.0	92.0	91.0	101.0	88.0	90.0	88.0
361.138	103.0	107.0	100.0	101.0	105.0	102.0	86.0	101.0	102.0	90.0	104.0	86.0	100.0	121.0	85.0	95.0	99.0	85.0	90.0	85.0
361.249	103.0	114.0	105.0	109.0	103.0	104.0	90.0	99.0	96.0	92.0	102.0	91.0	98.0	132.0	90.0	98.0	103.0	88.0	91.0	88.0
361.359	119.0	127.0	114.0	117.0	108.0	118.0	93.0	103.0	109.0	101.0	111.0	103.0	111.0	139.0	104.0	105.0	113.0	105.0	109.0	115.0
361.47	106.0	112.0	104.0	109.0	99.0	114.0	83.0	98.0	105.0	94.0	105.0	96.0	100.0	121.0	93.0	96.0	107.0	91.0	95.0	94.0
361.58	100.0	110.0	102.0	111.0	98.0	108.0	84.0	103.0	102.0	88.0	102.0	99.0	97.0	129.0	91.0	101.0	100.0	89.0	95.0	93.0
361.691	101.0	113.0	102.0	104.0	104.0	111.0	81.0	106.0	95.0	95.0	104.0	92.0	88.0	123.0	89.0	101.0	104.0	92.0	90.0	86.0
361.801	101.0	117.0	107.0	113.0	110.0	116.0	85.0	113.0	98.0	102.0	104.0	102.0	97.0	130.0	105.0	100.0	103.0	90.0	100.0	88.0
361.912	112.0	141.0	135.0	140.0	133.0	145.0	93.0	115.0	112.0	119.0	129.0	107.0	111.0	145.0	114.0	114.0	102.0	100.0	109.0	104.0
362.022	110.0	129.0	128.0	127.0	133.0	134.0	81.0	112.0	107.0	109.0	118.0	100.0	107.0	138.0	109.0	113.0	103.0	101.0	102.0	97.0
362.133	114.0	134.0	130.0	132.0	128.0	138.0	95.0	122.0	115.0	112.0	126.0	117.0	120.0	152.0	117.0	118.0	113.0	96.0	112.0	107.0
362.243	109.0	123.0	117.0	116.0	112.0	119.0	91.0	111.0	102.0	103.0	115.0	103.0	102.0	137.0	103.0	100.0	105.0	94.0	94.0	92.0
362.354	94.0	107.0	109.0	113.0	103.0	109.0	90.0	95.0	96.0	97.0	102.0	96.0	92.0	129.0	96.0	96.0	105.0	89.0	92.0	91.0
362.464	99.0	103.0	108.0	102.0	104.0	106.0	89.0	102.0	98.0	94.0	98.0	92.0	95.0	130.0	88.0	96.0	109.0	89.0	95.0	92.0
362.575	100.0	115.0	99.0	108.0	99.0	109.0	82.0	111.0	100.0	97.0	102.0	97.0	107.0	137.0	97.0	103.0	106.0	97.0	97.0	96.0
362.685	110.0	115.0	99.0	107.0	105.0	118.0	88.0	104.0	102.0	99.0	106.0	96.0	100.0	127.0	100.0	103.0	110.0	96.0	97.0	100.0
362.796	106.0	120.0	110.0	114.0	111.0	124.0	89.0	116.0	104.0	98.0	110.0	108.0	105.0	133.0	96.0	102.0	103.0	100.0	101.0	101.0
362.906	135.0	147.0	129.0	136.0	126.0	147.0	99.0	140.0	137.0	124.0	144.0	125.0	130.0	165.0	112.0	126.0	101.0	113.0	126.0	111.0
363.017	181.0	193.0	165.0	176.0	175.0	195.0	106.0	186.0	177.0	152.0	182.0	142.0	177.0	197.0	134.0	150.0	105.0	129.0	145.0	130.0
363.128	140.0	149.0	142.0	136.0	134.0	152.0	98.0	147.0	141.0	128.0	140.0	123.0	141.0	168.0	121.0	124.0	104.0	119.0	126.0	109.0
363.238	136.0	141.0	135.0	132.0	134.0	149.0	96.0	144.0	138.0	123.0	140.0	117.0	136.0	164.0	117.0	114.0	103.0	115.0	115.0	108.0
363.349	118.0	128.0	122.0	124.0	121.0	127.0	92.0	124.0	121.0	114.0	131.0	108.0	117.0	149.0	102.0	110.0	110.0	102.0	110.0	100.0
363.459	124.0	139.0	135.0	138.0	129.0	141.0	84.0	128.0	115.0	119.0	131.0	110.0	120.0	157.0	117.0	125.0	103.0	103.0	111.0	95.0
363.57	147.0	173.0	156.0	177.0	164.0	173.0	101.0	137.0	138.0	146.0	165.0	130.0	130.0	185.0	143.0	144.0	109.0	119.0	133.0	128.0
363.68	180.0	214.0	201.0	206.0	204.0	225.0	116.0	192.0	193.0	178.0	207.0	162.0	181.0	239.0	158.0	173.0	113.0	153.0	165.0	149.0
363.791	183.0	217.0	205.0	206.0	207.0	224.0	128.0	198.0	202.0	186.0	210.0	183.0	190.0	233.0	168.0	174.0	127.0	171.0	174.0	162.0
363.902	142.0	170.0	156.0	153.0	153.0	172.0	104.0	155.0	146.0	138.0	162.0	130.0	145.0	185.0	127.0	141.0	109.0	121.0	134.0	126.0
364.012	132.0	151.0	136.0	132.0	136.0	150.0	98.0	150.0	139.0	132.0	147.0	122.0	128.0	167.0	120.0	135.0	110.0	113.0	118.0	115.0
364.123	129.0	138.0	128.0	126.0	132.0	142.0	91.0	133.0	126.0	121.0	134.0	118.0	126.0	164.0	111.0	109.0	107.0	110.0	113.0	110.0
364.233	119.0	122.0	113.0	117.0	111.0	129.0	90.0	119.0	117.0	110.0	115.0	109.0	114.0	143.0	100.0	109.0	105.0	102.0	108.0	106.0
364.344	117.0	113.0	115.0	118.0	114.0	124.0	83.0	115.0	113.0	111.0	108.0	99.0	110.0	135.0	103.0	104.0	106.0	97.0	104.0	100.0
364.455	111.0	116.0	98.0	112.0	100.0	117.0	85.0	102.0	104.0	101.0	107.0	98.0	103.0	120.0	99.0	108.0	105.0	89.0	95.0	91.0
364.565	104.0	118.0	112.0	112.0	111.0	120.0	93.0	115.0	107.0	104.0	113.0	101.0	100.0	134.0	102.0	102.0	108.0	94.0	96.0	95.0
364.676	112.0	127.0	116.0	124.0	118.0	125.0	92.0	126.0	127.0	114.0	128.0	105.0	121.0	154.0	100.0	110.0	106.0	104.0	103.0	104.0
364.787	179.0	203.0	174.0	171.0	173.0	201.0	108.0	190.0	182.0	162.0	192.0	156.0	185.0	217.0	140.0	162.0	108.0	146.0	163.0	137.0
364.897	188.0	204.0	173.0	173.0	173.0	202.0	103.0	202.0	185.0	167.0	189.0	162.0	188.0	215.0	154.0	156.0	103.0	138.0	156.0	137.0
365.008	156.0	172.0	156.0	149.0	154.0	171.0	104.0	165.0	156.0	138.0	157.0	138.0	155.0	192.0	134.0	143.0	104.0	126.0	134.0	118.0
365.119	134.0	158.0	146.0	142.0	143.0	164.0	96.0	149.0	147.0	129.0	145.0	127.0	148.0	170.0	124.0	128.0	101.0	123.0	127.0	113.0
365.229	150.0	162.0	149.0	144.0	150.0	158.0	102.0	157.0	148.0	134.0	155.0	134.0	146.0	179.0	126.0	133.0	117.0	128.0	134.0	114.0
365.34	132.0	153.0	139.0	146.0	138.0	164.0	90.0	140.0	135.0	121.0	142.0	125.0	130.0	164.0	124.0	128.0	106.0	105.0	119.0	111.0
365.45	143.0	172.0	160.0	160.0	165.0	184.0	93.0	145.0	133.0	140.0	157.0	137.0	132.0	172.0	129.0	144.0	108.0	124.0	126.0	121.0
365.561	136.0	158.0	158.0	159.0	161.0	172.0	95.0	137.0	140.0	133.0	149.0	130.0	131.0	172.0	127.0	136.0	100.0	118.0	123.0	107.0
365.672	128.0	158.0	166.0	164.0	163.0	174.0	99.0	131.0	122.0	135.0	141.0	125.0	125.0	167.0	132.0	132.0	110.0	118.0	118.0	114.0
365.783	115.0	136.0	140.0	144.0	140.0	151.0	94.0	117.0	112.0	119.0	138.0	110.0	113.0	153.0	114.0	119.0	111.0	107.0	107.0	100.0
365.893	117.0	129.0	129.0	125.0	127.0	138.0	90.0	108.0	111.0	113.0	123.0	105.0	102.0	144.0	112.0	115.0	104.0	103.0	101.0	97.0
366.004	108.0	121.0	118.0	120.0	122.0	126.0	88.0	107.0	103.0	106.0	119.0	100.0	100.0	136.0	93.0	103.0	103.0	97.0	92.0	95.0
366.115	99.0	107.0	106.0	110.0	106.0	111.0	88.0	102.0	93.0	95.0	102.0	94.0	95.0	128.0	88.0	97.0	106.0	91.0	88.0	85.0
366.225	102.0	112.0	104.0	108.0	96.0	104.0	83.0	103.0	97.0	99.0	98.0	93.0	93.0	128.0	98.0	101.0	102.0	88.0	92.0	85.0
366.336	116.0	129.0	114.0	115.0	115.0	126.0	90.0	120.0	111.0	106.0	118.0	104.0	108.0	137.0	104.0	108.0	108.0	100.0	99.0	97.0
366.447	114.0	121.0	117.0	117.0	109.0	120.0	85.0	112.0	105.0	105.0	111.0	98.0	103.0	143.0	98.0	98.0	99.0	93.0	102.0	93.0
366.557	129.0	137.0	134.0	141.0	131.0	146.0	95.0	136.0	129.0	115.0	128.0	107.0	137.0	158.0	109.0	120.0	106.0	106.0	113.0	108.0
366.668	117.0	127.0	114.0	124.0	119.0	126.0	91.0	125.0	106.0	114.0	120.0	102.0	119.0	146.0	102.0	112.0	108.0	96.0	100.0	96.0
366.779	115.0	125.0	115.0	117.0	112.0	129.0	91.0	115.0	107.0	106.0	117.0	104.0	106.0	138.0	104.0	105.0	107.0	101.0	95.0	96.0
366.89	119.0	116.0	113.0	118.0	112.0	117.0	92.0	108.0	107.0	105.0	110.0	102.0	110.0	137.0	98.0	103.0	106.0	98.0	97.0	92.0
367.0	106.0	109.0	106.0	114.0	110.0	107.0	89.0	107.0	97.0	103.0	101.0	98.0	104.0	128.0	96.0	98.0	104.0	90.0	96.0	85.0
367.111	99.0	108.0	102.0	109.0	103.0	108.0	89.0	100.0	100.0	97.0	97.0	96.0	96.0	117.0	88.0	96.0	105.0	93.0	91.0	83.0
367.222	100.0	112.0	108.0	116.0	107.0	123.0	82.0	104.0	100.0	99.0	104.0	95.0	97.0	128.0	90.0	101.0	100.0	95.0	95.0	94.0
367.333	106.0	123.0	124.0	128.0	123.0	128.0	96.0	116.0	113.0	112.0	123.0	109.0	102.0	139.0	109.0	109.0	114.0	105.0	103.0	107.0
367.443	106.0	107.0	110.0	121.0	117.0	122.0	93.0	109.0	101.0	102.0	103.0	106.0	94.0	134.0	93.0	99.0	105.0	95.0	100.0	90.0
367.554	113.0	128.0	119.0	128.0	126.0	135.0	91.0	104.0	100.0	106.0	111.0	110.0	102.0	134.0	104.0	108.0	102.0	96.0	95.0	95.0
367.665	110.0	128.0	125.0	136.0	136.0	140.0	95.0	106.0	105.0	110.0	117.0	106.0	106.0	139.0	106.0	113.0	101.0	97.0	93.0	93.0
367.776	131.0	177.0	177.0	183.0	196.0	194.0	99.0	121.0	126.0	147.0	158.0	135.0	115.0	186.0	145.0	141.0	103.0	121.0	123.0	124.0
367.887	272.0	391.0	431.0	451.0	435.0	489.0	150.0	243.0	297.0	347.0	371.0	289.0	234.0	406.0	332.0	346.0	115.0	242.0	272.0	271.0
367.997	314.0	459.0	470.0	497.0	485.0	542.0	153.0	278.0	335.0	392.0	409.0	318.0	262.0	436.0	370.0	371.0	117.0	279.0	297.0	294.0
368.108	252.0	358.0	378.0	382.0	377.0	427.0	134.0	232.0	270.0	298.0	316.0	263.0	216.0	362.0	290.0	292.0	114.0	221.0	238.0	241.0
368.219	204.0	289.0	294.0	302.0	292.0	320.0	120.0	198.0	220.0	245.0	258.0	219.0	184.0	288.0	228.0	235.0	116.0	184.0	189.0	196.0
368.33	145.0	188.0	201.0	195.0	194.0	210.0	112.0	149.0	155.0	161.0	174.0	147.0	146.0	196.0	147.0	162.0	111.0	134.0	141.0	135.0
368.441	126.0	157.0	157.0	154.0	160.0	166.0	104.0	135.0	125.0	135.0	145.0	128.0	129.0	174.0	121.0	132.0	111.0	113.0	118.0	113.0
368.551	128.0	135.0	132.0	134.0	129.0	150.0	92.0	119.0	123.0	126.0	123.0	110.0	115.0	144.0	110.0	114.0	101.0	107.0	106.0	108.0
368.662	115.0	125.0	122.0	125.0	122.0	126.0	94.0	113.0	106.0	107.0	109.0	107.0	103.0	142.0	99.0	109.0	103.0	102.0	101.0	98.0
368.773	109.0	116.0	117.0	123.0	116.0	117.0	89.0	114.0	107.0	99.0	113.0	104.0	109.0	141.0	99.0	101.0	96.0	97.0	103.0	87.0
368.884	112.0	125.0	121.0	132.0	126.0	133.0	98.0	125.0	113.0	104.0	118.0	104.0	116.0	146.0	109.0	110.0	108.0	104.0	105.0	103.0
368.995	109.0	121.0	119.0	120.0	105.0	123.0	92.0	112.0	113.0	105.0	115.0	102.0	108.0	143.0	109.0	104.0	107.0	94.0	100.0	94.0
369.105	113.0	116.0	118.0	118.0	110.0	132.0	90.0	117.0	115.0	105.0	115.0	109.0	110.0	141.0	106.0	99.0	104.0	98.0	97.0	99.0
369.216	107.0	121.0	119.0	113.0	113.0	120.0	87.0	111.0	105.0	105.0	113.0	104.0	103.0	134.0	96.0	94.0	102.0	92.0	92.0	89.0
369.327	119.0	132.0	125.0	129.0	125.0	132.0	105.0	124.0	114.0	112.0	123.0	118.0	119.0	152.0	105.0	112.0	124.0	104.0	111.0	109.0
369.438	109.0	116.0	116.0	113.0	113.0	116.0	93.0	112.0	105.0	96.0	116.0	100.0	103.0	137.0	99.0	101.0	106.0	92.0	91.0	94.0
369.549	107.0	116.0	113.0	111.0	112.0	121.0	93.0	109.0	107.0	104.0	117.0	101.0	107.0	137.0	105.0	99.0	109.0	100.0	96.0	99.0
369.66	112.0	115.0	113.0	121.0	113.0	123.0	89.0	113.0	108.0	107.0	113.0	107.0	105.0	134.0	102.0	101.0	110.0	94.0	99.0	101.0
369.771	124.0	120.0	117.0	121.0	120.0	122.0	89.0	122.0	109.0	104.0	111.0	101.0	107.0	135.0	104.0	110.0	99.0	96.0	102.0	98.0
369.881	122.0	135.0	122.0	122.0	116.0	137.0	85.0	126.0	113.0	103.0	121.0	102.0	110.0	142.0	103.0	115.0	108.0	102.0	101.0	105.0
369.992	127.0	144.0	139.0	146.0	142.0	156.0	90.0	130.0	129.0	122.0	128.0	125.0	116.0	156.0	113.0	128.0	104.0	114.0	117.0	108.0
370.103	123.0	153.0	147.0	156.0	144.0	158.0	96.0	132.0	128.0	127.0	132.0	126.0	121.0	150.0	119.0	125.0	109.0	111.0	120.0	112.0
370.214	113.0	135.0	126.0	130.0	130.0	136.0	102.0	112.0	109.0	112.0	121.0	110.0	116.0	144.0	112.0	109.0	109.0	98.0	99.0	103.0
370.325	122.0	140.0	136.0	132.0	139.0	143.0	93.0	127.0	124.0	119.0	128.0	124.0	121.0	151.0	106.0	122.0	104.0	99.0	112.0	108.0
370.436	135.0	142.0	138.0	125.0	134.0	155.0	100.0	138.0	127.0	122.0	134.0	125.0	134.0	162.0	120.0	120.0	110.0	107.0	117.0	115.0
370.547	120.0	132.0	128.0	123.0	124.0	135.0	96.0	124.0	112.0	109.0	117.0	112.0	111.0	151.0	106.0	111.0	103.0	98.0	105.0	100.0
370.658	107.0	123.0	115.0	123.0	115.0	129.0	91.0	115.0	112.0	107.0	104.0	99.0	109.0	138.0	98.0	102.0	99.0	103.0	98.0	90.0
370.769	101.0	112.0	108.0	114.0	104.0	115.0	88.0	109.0	96.0	96.0	114.0	93.0	102.0	132.0	89.0	93.0	105.0	89.0	86.0	85.0
370.88	109.0	113.0	110.0	117.0	104.0	117.0	90.0	110.0	105.0	100.0	108.0	101.0	99.0	130.0	95.0	98.0	105.0	85.0	92.0	92.0
370.99	96.0	110.0	100.0	104.0	101.0	111.0	88.0	102.0	98.0	97.0	104.0	86.0	95.0	132.0	86.0	91.0	104.0	86.0	91.0	84.0
371.101	100.0	129.0	114.0	121.0	119.0	124.0	94.0	115.0	104.0	99.0	116.0	98.0	105.0	143.0	101.0	104.0	114.0	94.0	95.0	91.0
371.212	116.0	129.0	121.0	124.0	113.0	133.0	92.0	123.0	111.0	98.0	124.0	110.0	119.0	150.0	107.0	109.0	105.0	99.0	97.0	97.0
371.323	118.0	123.0	111.0	120.0	112.0	138.0	88.0	121.0	116.0	114.0	115.0	107.0	115.0	148.0	104.0	109.0	113.0	104.0	106.0	102.0
371.434	132.0	146.0	127.0	130.0	130.0	141.0	90.0	127.0	135.0	118.0	126.0	119.0	129.0	155.0	113.0	119.0	103.0	122.0	120.0	120.0
371.545	135.0	148.0	140.0	140.0	140.0	154.0	97.0	121.0	128.0	121.0	127.0	120.0	123.0	167.0	118.0	121.0	101.0	117.0	118.0	110.0
371.656	142.0	170.0	156.0	150.0	154.0	176.0	98.0	148.0	145.0	139.0	155.0	133.0	147.0	174.0	135.0	136.0	113.0	130.0	126.0	134.0
371.767	129.0	154.0	143.0	144.0	139.0	158.0	96.0	133.0	126.0	127.0	144.0	120.0	128.0	163.0	124.0	124.0	113.0	118.0	117.0	118.0
371.878	179.0	195.0	187.0	173.0	181.0	206.0	106.0	186.0	173.0	155.0	180.0	158.0	170.0	206.0	146.0	158.0	104.0	142.0	143.0	136.0
371.989	156.0	173.0	167.0	160.0	157.0	169.0	105.0	164.0	156.0	127.0	156.0	133.0	155.0	183.0	124.0	138.0	108.0	134.0	132.0	121.0
372.1	138.0	154.0	145.0	143.0	139.0	157.0	105.0	139.0	136.0	120.0	142.0	120.0	141.0	162.0	121.0	133.0	109.0	110.0	118.0	113.0
372.211	112.0	128.0	120.0	122.0	112.0	127.0	97.0	119.0	114.0	106.0	127.0	103.0	110.0	142.0	110.0	109.0	112.0	94.0	103.0	103.0
372.322	144.0	172.0	155.0	152.0	150.0	159.0	116.0	158.0	145.0	136.0	155.0	133.0	151.0	176.0	132.0	138.0	126.0	126.0	134.0	130.0
372.433	170.0	188.0	174.0	170.0	174.0	204.0	103.0	188.0	175.0	158.0	183.0	152.0	174.0	203.0	149.0	149.0	104.0	139.0	158.0	132.0
372.544	150.0	163.0	140.0	146.0	142.0	160.0	100.0	149.0	144.0	123.0	149.0	124.0	136.0	174.0	124.0	136.0	109.0	122.0	134.0	112.0
372.655	121.0	129.0	119.0	130.0	121.0	144.0	91.0	128.0	123.0	115.0	131.0	109.0	113.0	149.0	110.0	115.0	105.0	102.0	103.0	106.0
372.766	112.0	122.0	117.0	121.0	114.0	124.0	96.0	116.0	116.0	115.0	118.0	108.0	110.0	146.0	104.0	112.0	104.0	103.0	104.0	103.0
372.877	141.0	152.0	127.0	119.0	132.0	141.0	95.0	129.0	134.0	118.0	130.0	119.0	127.0	154.0	116.0	126.0	102.0	117.0	129.0	129.0
372.988	137.0	150.0	135.0	129.0	135.0	136.0	102.0	127.0	132.0	112.0	130.0	127.0	129.0	158.0	114.0	126.0	102.0	119.0	125.0	129.0
373.099	131.0	151.0	127.0	119.0	126.0	146.0	97.0	124.0	125.0	117.0	123.0	119.0	121.0	154.0	112.0	121.0	109.0	114.0	122.0	125.0
373.21	119.0	131.0	125.0	121.0	120.0	137.0	100.0	124.0	124.0	109.0	124.0	118.0	122.0	147.0	108.0	116.0	110.0	109.0	117.0	119.0
373.321	119.0	134.0	134.0	134.0	130.0	137.0	96.0	122.0	120.0	108.0	118.0	106.0	118.0	147.0	113.0	117.0	99.0	105.0	114.0	104.0
373.432	136.0	164.0	145.0	151.0	149.0	159.0	104.0	141.0	141.0	134.0	147.0	129.0	132.0	164.0	125.0	134.0	110.0	121.0	124.0	116.0
373.543	254.0	304.0	304.0	285.0	290.0	344.0	140.0	260.0	253.0	251.0	296.0	242.0	251.0	322.0	233.0	251.0	127.0	217.0	213.0	212.0
373.654	209.0	282.0	279.0	276.0	283.0	322.0	114.0	224.0	229.0	237.0	265.0	210.0	214.0	286.0	226.0	235.0	112.0	188.0	196.0	185.0
373.765	167.0	208.0	210.0	214.0	217.0	235.0	117.0	169.0	167.0	176.0	188.0	164.0	170.0	226.0	162.0	166.0	113.0	151.0	158.0	149.0
373.876	134.0	157.0	152.0	163.0	158.0	169.0	100.0	135.0	133.0	132.0	152.0	127.0	128.0	171.0	127.0	132.0	101.0	118.0	125.0	124.0
373.987	134.0	147.0	137.0	143.0	142.0	150.0	95.0	128.0	124.0	129.0	132.0	124.0	118.0	154.0	119.0	136.0	107.0	117.0	117.0	119.0
374.098	130.0	140.0	132.0	139.0	137.0	145.0	102.0	128.0	123.0	124.0	133.0	120.0	125.0	157.0	121.0	133.0	120.0	121.0	119.0	119.0
374.209	135.0	160.0	142.0	148.0	148.0	157.0	99.0	128.0	129.0	121.0	140.0	128.0	130.0	162.0	122.0	127.0	109.0	120.0	126.0	116.0
374.32	152.0	167.0	148.0	145.0	150.0	165.0	99.0	140.0	144.0	135.0	138.0	134.0	138.0	174.0	134.0	137.0	110.0	128.0	123.0	142.0
374.431	142.0	168.0	143.0	149.0	151.0	165.0	98.0	144.0	145.0	135.0	143.0	132.0	130.0	171.0	139.0	136.0	107.0	132.0	135.0	137.0
374.543	126.0	153.0	140.0	136.0	136.0	154.0	98.0	130.0	130.0	127.0	134.0	120.0	126.0	157.0	120.0	126.0	106.0	119.0	121.0	118.0
374.654	178.0	207.0	188.0	194.0	196.0	221.0	112.0	189.0	190.0	172.0	200.0	161.0	189.0	232.0	154.0	164.0	112.0	150.0	158.0	149.0
374.765	203.0	241.0	213.0	210.0	209.0	251.0	129.0	229.0	218.0	194.0	224.0	184.0	211.0	243.0	169.0	190.0	120.0	173.0	175.0	158.0
374.876	183.0	212.0	189.0	180.0	185.0	221.0	113.0	184.0	180.0	170.0	192.0	157.0	179.0	209.0	150.0	169.0	114.0	146.0	152.0	136.0
374.987	151.0	178.0	174.0	171.0	174.0	193.0	105.0	154.0	144.0	144.0	163.0	136.0	137.0	181.0	130.0	133.0	104.0	123.0	120.0	122.0
375.098	150.0	180.0	182.0	189.0	195.0	203.0	104.0	144.0	144.0	154.0	166.0	144.0	133.0	190.0	142.0	146.0	104.0	121.0	124.0	125.0
375.209	195.0	278.0	280.0	302.0	310.0	318.0	138.0	190.0	192.0	236.0	247.0	206.0	178.0	282.0	218.0	223.0	123.0	181.0	185.0	183.0
375.32	435.0	606.0	657.0	661.0	646.0	761.0	190.0	368.0	454.0	533.0	556.0	473.0	353.0	608.0	526.0	521.0	128.0	379.0	405.0	415.0
375.431	395.0	582.0	623.0	630.0	646.0	716.0	184.0	336.0	416.0	502.0	512.0	419.0	326.0	557.0	471.0	491.0	122.0	360.0	388.0	373.0
375.542	486.0	701.0	774.0	774.0	751.0	874.0	196.0	414.0	516.0	595.0	630.0	513.0	402.0	677.0	595.0	587.0	123.0	428.0	458.0	450.0
375.654	328.0	476.0	521.0	518.0	508.0	593.0	165.0	295.0	344.0	398.0	428.0	347.0	278.0	465.0	394.0	392.0	117.0	290.0	309.0	317.0
375.765	224.0	309.0	323.0	313.0	323.0	350.0	124.0	200.0	218.0	246.0	263.0	218.0	193.0	299.0	243.0	250.0	113.0	200.0	199.0	219.0
375.876	180.0	220.0	213.0	213.0	226.0	238.0	139.0	176.0	184.0	191.0	196.0	178.0	166.0	222.0	183.0	185.0	146.0	157.0	169.0	163.0
375.987	129.0	155.0	151.0	153.0	152.0	159.0	95.0	119.0	128.0	129.0	139.0	131.0	116.0	164.0	126.0	130.0	105.0	111.0	111.0	115.0
376.098	132.0	144.0	140.0	138.0	144.0	150.0	102.0	114.0	123.0	125.0	126.0	118.0	119.0	160.0	113.0	124.0	105.0	114.0	113.0	113.0
376.209	124.0	130.0	129.0	134.0	127.0	136.0	101.0	111.0	117.0	107.0	121.0	110.0	109.0	154.0	109.0	111.0	108.0	109.0	108.0	104.0
376.32	109.0	124.0	126.0	126.0	129.0	129.0	96.0	115.0	113.0	110.0	125.0	118.0	106.0	142.0	113.0	119.0	114.0	104.0	104.0	96.0
376.432	111.0	116.0	126.0	122.0	124.0	127.0	92.0	111.0	107.0	112.0	115.0	105.0	104.0	139.0	107.0	99.0	110.0	97.0	97.0	94.0
376.543	129.0	152.0	139.0	142.0	135.0	145.0	99.0	135.0	131.0	115.0	137.0	110.0	130.0	162.0	115.0	125.0	108.0	116.0	114.0	111.0
376.654	135.0	141.0	134.0	135.0	132.0	150.0	101.0	133.0	127.0	116.0	138.0	115.0	126.0	164.0	116.0	122.0	103.0	107.0	107.0	102.0
376.765	112.0	130.0	115.0	116.0	120.0	127.0	93.0	112.0	107.0	105.0	115.0	100.0	110.0	147.0	103.0	108.0	108.0	93.0	101.0	95.0
376.876	100.0	121.0	110.0	119.0	122.0	118.0	91.0	99.0	110.0	105.0	109.0	96.0	104.0	139.0	91.0	102.0	105.0	92.0	94.0	81.0
376.987	112.0	122.0	115.0	125.0	120.0	123.0	97.0	102.0	115.0	104.0	113.0	98.0	107.0	141.0	98.0	104.0	101.0	95.0	101.0	94.0
377.099	101.0	114.0	105.0	114.0	109.0	111.0	90.0	105.0	103.0	98.0	103.0	92.0	96.0	139.0	98.0	103.0	100.0	91.0	93.0	91.0
377.21	101.0	121.0	115.0	114.0	106.0	118.0	87.0	99.0	104.0	101.0	111.0	100.0	94.0	140.0	101.0	98.0	105.0	96.0	88.0	94.0
377.321	98.0	111.0	112.0	105.0	109.0	112.0	89.0	94.0	94.0	95.0	108.0	96.0	97.0	133.0	85.0	99.0	102.0	91.0	88.0	91.0
377.432	104.0	117.0	111.0	123.0	108.0	116.0	104.0	109.0	101.0	95.0	107.0	103.0	108.0	134.0	104.0	102.0	112.0	102.0	97.0	92.0
377.543	101.0	117.0	105.0	106.0	111.0	113.0	83.0	100.0	94.0	92.0	109.0	100.0	98.0	132.0	91.0	95.0	104.0	92.0	92.0	85.0
377.655	97.0	116.0	103.0	106.0	107.0	114.0	92.0	107.0	97.0	95.0	101.0	89.0	100.0	128.0	90.0	97.0	105.0	85.0	94.0	90.0
377.766	101.0	108.0	107.0	111.0	104.0	109.0	89.0	103.0	100.0	92.0	109.0	96.0	92.0	129.0	100.0	93.0	109.0	94.0	94.0	92.0
377.877	94.0	107.0	105.0	114.0	106.0	105.0	91.0	102.0	92.0	92.0	107.0	97.0	101.0	130.0	98.0	96.0	98.0	87.0	93.0	82.0
377.988	147.0	159.0	145.0	146.0	147.0	163.0	102.0	150.0	138.0	125.0	151.0	126.0	146.0	175.0	127.0	134.0	108.0	126.0	121.0	113.0
378.099	132.0	149.0	135.0	139.0	134.0	147.0	93.0	137.0	130.0	120.0	141.0	118.0	131.0	164.0	124.0	119.0	106.0	122.0	110.0	108.0
378.211	114.0	127.0	122.0	126.0	128.0	131.0	94.0	121.0	113.0	109.0	122.0	110.0	116.0	152.0	112.0	112.0	105.0	105.0	104.0	103.0
378.322	119.0	129.0	126.0	117.0	117.0	129.0	94.0	126.0	121.0	104.0	124.0	109.0	122.0	144.0	98.0	101.0	107.0	102.0	103.0	98.0
378.433	129.0	139.0	124.0	136.0	127.0	138.0	112.0	132.0	119.0	115.0	130.0	123.0	133.0	160.0	116.0	123.0	124.0	113.0	115.0	111.0
378.544	106.0	117.0	106.0	111.0	109.0	111.0	95.0	104.0	100.0	102.0	109.0	102.0	104.0	138.0	102.0	105.0	106.0	97.0	90.0	91.0
378.656	102.0	111.0	108.0	108.0	104.0	115.0	94.0	106.0	107.0	102.0	105.0	102.0	98.0	133.0	97.0	105.0	104.0	96.0	94.0	86.0
378.767	111.0	106.0	105.0	107.0	103.0	112.0	87.0	98.0	98.0	95.0	106.0	97.0	97.0	132.0	101.0	99.0	96.0	97.0	96.0	85.0
378.878	114.0	120.0	106.0	121.0	112.0	121.0	91.0	111.0	103.0	98.0	109.0	103.0	110.0	136.0	95.0	105.0	104.0	93.0	98.0	99.0
378.989	103.0	119.0	109.0	111.0	111.0	121.0	89.0	108.0	108.0	102.0	110.0	102.0	104.0	144.0	100.0	100.0	101.0	91.0	95.0	99.0
379.101	109.0	114.0	109.0	115.0	109.0	120.0	91.0	112.0	109.0	107.0	108.0	106.0	113.0	141.0	99.0	101.0	105.0	96.0	94.0	96.0
379.212	111.0	113.0	113.0	116.0	111.0	120.0	90.0	111.0	104.0	99.0	110.0	105.0	108.0	135.0	100.0	100.0	99.0	97.0	98.0	92.0
379.323	117.0	123.0	114.0	117.0	113.0	128.0	89.0	112.0	113.0	102.0	108.0	106.0	110.0	139.0	101.0	110.0	104.0	101.0	100.0	99.0
379.434	119.0	122.0	112.0	111.0	111.0	125.0	88.0	114.0	109.0	101.0	111.0	107.0	109.0	142.0	101.0	113.0	99.0	101.0	98.0	97.0
379.546	112.0	121.0	113.0	119.0	111.0	110.0	92.0	119.0	106.0	104.0	109.0	103.0	108.0	144.0	107.0	109.0	105.0	104.0	98.0	96.0
379.657	111.0	108.0	106.0	115.0	104.0	115.0	90.0	99.0	101.0	95.0	107.0	102.0	100.0	141.0	98.0	96.0	112.0	90.0	92.0	87.0
379.768	104.0	111.0	102.0	104.0	103.0	114.0	86.0	98.0	98.0	93.0	96.0	100.0	94.0	136.0	95.0	96.0	101.0	92.0	90.0	84.0
379.88	105.0	113.0	104.0	108.0	98.0	114.0	83.0	108.0	102.0	100.0	115.0	95.0	95.0	139.0	97.0	102.0	103.0	94.0	88.0	91.0
379.991	108.0	121.0	112.0	120.0	115.0	120.0	94.0	118.0	107.0	112.0	111.0	106.0	108.0	142.0	104.0	108.0	107.0	101.0	98.0	97.0
380.102	114.0	120.0	112.0	113.0	110.0	118.0	86.0	105.0	109.0	91.0	107.0	97.0	103.0	137.0	100.0	96.0	102.0	99.0	99.0	89.0
380.213	111.0	115.0	111.0	111.0	109.0	112.0	92.0	106.0	107.0	88.0	100.0	92.0	100.0	132.0	94.0	98.0	108.0	93.0	94.0	92.0
380.325	109.0	110.0	103.0	107.0	107.0	113.0	85.0	104.0	96.0	95.0	105.0	102.0	97.0	133.0	97.0	102.0	101.0	94.0	89.0	93.0
380.436	108.0	111.0	101.0	114.0	111.0	113.0	89.0	109.0	96.0	94.0	111.0	100.0	102.0	139.0	97.0	104.0	109.0	94.0	93.0	98.0
380.547	109.0	117.0	113.0	113.0	111.0	112.0	86.0	104.0	106.0	101.0	112.0	102.0	104.0	137.0	100.0	98.0	108.0	98.0	95.0	92.0
380.659	115.0	119.0	116.0	119.0	115.0	118.0	90.0	108.0	109.0	105.0	115.0	98.0	102.0	139.0	104.0	105.0	100.0	97.0	98.0	100.0
380.77	112.0	126.0	113.0	128.0	125.0	126.0	81.0	113.0	116.0	112.0	117.0	107.0	106.0	148.0	105.0	108.0	106.0	98.0	105.0	100.0
380.881	119.0	127.0	119.0	127.0	120.0	136.0	89.0	115.0	114.0	109.0	124.0	120.0	120.0	148.0	109.0	120.0	108.0	108.0	102.0	105.0
380.993	119.0	137.0	120.0	119.0	128.0	134.0	95.0	118.0	116.0	112.0	122.0	122.0	119.0	150.0	107.0	111.0	109.0	114.0	110.0	117.0
381.104	133.0	131.0	126.0	133.0	128.0	143.0	92.0	122.0	124.0	106.0	120.0	125.0	122.0	152.0	109.0	114.0	109.0	111.0	112.0	109.0
381.215	111.0	128.0	114.0	114.0	115.0	128.0	89.0	120.0	106.0	108.0	120.0	114.0	117.0	144.0	104.0	106.0	107.0	104.0	101.0	99.0
381.327	118.0	129.0	119.0	126.0	119.0	127.0	91.0	113.0	113.0	110.0	122.0	111.0	113.0	150.0	103.0	108.0	101.0	106.0	112.0	104.0
381.438	130.0	135.0	117.0	123.0	128.0	127.0	88.0	116.0	124.0	115.0	124.0	127.0	127.0	157.0	117.0	120.0	103.0	116.0	128.0	121.0
381.549	136.0	138.0	128.0	126.0	122.0	140.0	91.0	123.0	125.0	117.0	122.0	123.0	128.0	152.0	115.0	113.0	104.0	112.0	122.0	116.0
381.661	125.0	140.0	124.0	127.0	118.0	135.0	93.0	127.0	121.0	111.0	125.0	111.0	121.0	157.0	110.0	113.0	103.0	109.0	110.0	108.0
381.772	113.0	124.0	114.0	119.0	117.0	125.0	95.0	121.0	107.0	107.0	119.0	113.0	110.0	138.0	106.0	111.0	106.0	101.0	108.0	102.0
381.883	132.0	134.0	124.0	127.0	122.0	138.0	102.0	115.0	121.0	116.0	125.0	118.0	119.0	150.0	113.0	121.0	108.0	114.0	123.0	112.0
381.995	140.0	144.0	132.0	132.0	133.0	145.0	99.0	124.0	137.0	109.0	127.0	128.0	129.0	157.0	123.0	116.0	101.0	122.0	126.0	129.0
382.106	128.0	143.0	128.0	125.0	121.0	131.0	98.0	128.0	123.0	115.0	132.0	121.0	129.0	158.0	114.0	112.0	106.0	107.0	115.0	113.0
382.218	138.0	151.0	136.0	130.0	139.0	146.0	98.0	152.0	133.0	123.0	146.0	136.0	148.0	174.0	129.0	130.0	110.0	117.0	123.0	127.0
382.329	127.0	133.0	133.0	128.0	124.0	132.0	95.0	131.0	123.0	113.0	126.0	124.0	125.0	152.0	114.0	112.0	101.0	114.0	110.0	102.0
382.44	123.0	132.0	120.0	122.0	120.0	132.0	97.0	116.0	110.0	106.0	120.0	113.0	118.0	146.0	108.0	109.0	100.0	104.0	105.0	101.0
382.552	110.0	126.0	102.0	113.0	112.0	125.0	83.0	117.0	107.0	100.0	117.0	112.0	102.0	147.0	99.0	105.0	104.0	99.0	96.0	96.0
382.663	120.0	136.0	123.0	127.0	118.0	137.0	95.0	121.0	116.0	109.0	127.0	114.0	122.0	152.0	105.0	108.0	104.0	105.0	103.0	100.0
382.775	134.0	151.0	141.0	141.0	134.0	143.0	100.0	146.0	126.0	115.0	140.0	134.0	145.0	163.0	118.0	121.0	107.0	113.0	125.0	112.0
382.886	138.0	139.0	127.0	126.0	132.0	142.0	99.0	129.0	122.0	120.0	134.0	116.0	128.0	154.0	109.0	117.0	106.0	117.0	122.0	109.0
382.997	137.0	138.0	136.0	131.0	136.0	154.0	94.0	129.0	121.0	120.0	137.0	120.0	120.0	158.0	117.0	121.0	98.0	110.0	110.0	109.0
383.109	122.0	128.0	124.0	124.0	124.0	128.0	98.0	129.0	115.0	105.0	120.0	112.0	116.0	156.0	107.0	110.0	103.0	90.0	103.0	104.0
383.22	117.0	118.0	110.0	120.0	121.0	118.0	96.0	113.0	114.0	107.0	118.0	108.0	114.0	151.0	105.0	107.0	111.0	103.0	100.0	95.0
383.332	118.0	126.0	117.0	124.0	121.0	126.0	98.0	118.0	114.0	113.0	116.0	115.0	115.0	144.0	113.0	112.0	102.0	101.0	99.0	94.0
383.443	133.0	138.0	130.0	126.0	123.0	133.0	109.0	133.0	119.0	123.0	129.0	121.0	125.0	159.0	118.0	129.0	115.0	118.0	122.0	119.0
383.554	123.0	142.0	114.0	119.0	126.0	130.0	97.0	119.0	121.0	105.0	126.0	122.0	127.0	143.0	114.0	110.0	101.0	111.0	111.0	113.0
383.666	108.0	121.0	113.0	114.0	120.0	120.0	92.0	118.0	100.0	108.0	118.0	114.0	117.0	137.0	103.0	102.0	107.0	100.0	100.0	96.0
383.777	117.0	122.0	110.0	111.0	115.0	119.0	96.0	113.0	106.0	102.0	112.0	106.0	110.0	147.0	104.0	101.0	106.0	105.0	106.0	97.0
383.889	119.0	124.0	114.0	121.0	112.0	125.0	96.0	117.0	110.0	109.0	119.0	108.0	118.0	146.0	112.0	109.0	106.0	103.0	99.0	96.0
384.0	114.0	128.0	120.0	132.0	123.0	126.0	99.0	128.0	116.0	109.0	120.0	111.0	115.0	156.0	110.0	113.0	111.0	103.0	106.0	105.0
384.112	122.0	125.0	119.0	130.0	125.0	126.0	98.0	123.0	119.0	111.0	127.0	115.0	130.0	148.0	114.0	116.0	112.0	110.0	113.0	97.0
384.223	120.0	117.0	110.0	128.0	119.0	125.0	109.0	122.0	115.0	111.0	116.0	113.0	116.0	146.0	108.0	109.0	112.0	108.0	107.0	100.0
384.335	134.0	125.0	113.0	129.0	120.0	136.0	104.0	118.0	121.0	115.0	128.0	110.0	113.0	156.0	110.0	116.0	105.0	108.0	111.0	103.0
384.446	139.0	139.0	117.0	124.0	124.0	138.0	103.0	122.0	125.0	112.0	133.0	119.0	124.0	157.0	112.0	122.0	103.0	117.0	115.0	105.0
384.558	122.0	130.0	122.0	124.0	124.0	133.0	101.0	124.0	117.0	113.0	130.0	120.0	121.0	152.0	107.0	118.0	111.0	108.0	115.0	99.0
384.669	137.0	141.0	129.0	135.0	134.0	138.0	104.0	147.0	125.0	117.0	134.0	132.0	134.0	162.0	111.0	115.0	108.0	110.0	118.0	105.0
384.78	157.0	157.0	149.0	148.0	145.0	151.0	100.0	161.0	150.0	129.0	152.0	137.0	156.0	179.0	132.0	127.0	102.0	126.0	114.0	114.0
384.892	134.0	137.0	129.0	127.0	131.0	134.0	94.0	131.0	121.0	112.0	135.0	121.0	130.0	161.0	124.0	114.0	102.0	112.0	105.0	111.0
385.003	159.0	164.0	153.0	152.0	146.0	154.0	122.0	146.0	143.0	144.0	152.0	150.0	151.0	186.0	134.0	144.0	139.0	139.0	143.0	136.0
385.115	145.0	143.0	130.0	141.0	132.0	147.0	100.0	135.0	134.0	116.0	136.0	134.0	138.0	161.0	115.0	127.0	109.0	112.0	120.0	109.0
385.226	142.0	143.0	128.0	131.0	126.0	142.0	97.0	142.0	132.0	124.0	142.0	118.0	138.0	170.0	119.0	122.0	103.0	111.0	115.0	112.0
385.338	135.0	146.0	126.0	130.0	131.0	147.0	98.0	142.0	133.0	128.0	138.0	132.0	142.0	166.0	123.0	132.0	108.0	122.0	125.0	126.0
385.449	166.0	169.0	148.0	160.0	158.0	170.0	119.0	161.0	160.0	147.0	158.0	160.0	161.0	190.0	146.0	151.0	128.0	148.0	151.0	143.0
385.561	137.0	137.0	124.0	127.0	132.0	142.0	101.0	123.0	119.0	117.0	129.0	124.0	127.0	162.0	115.0	130.0	112.0	121.0	113.0	108.0
385.672	140.0	143.0	137.0	144.0	139.0	153.0	105.0	147.0	132.0	121.0	136.0	132.0	131.0	167.0	119.0	125.0	106.0	122.0	109.0	112.0
385.784	129.0	132.0	121.0	127.0	124.0	141.0	98.0	134.0	115.0	120.0	131.0	125.0	127.0	152.0	113.0	122.0	109.0	111.0	96.0	108.0
385.895	123.0	134.0	130.0	127.0	123.0	134.0	101.0	123.0	117.0	117.0	127.0	119.0	124.0	153.0	113.0	116.0	106.0	107.0	115.0	104.0
386.007	138.0	147.0	140.0	147.0	144.0	143.0	102.0	153.0	135.0	121.0	147.0	136.0	146.0	172.0	120.0	127.0	105.0	113.0	115.0	111.0
386.118	139.0	145.0	139.0	139.0	135.0	146.0	102.0	141.0	133.0	116.0	146.0	127.0	141.0	166.0	123.0	121.0	105.0	114.0	114.0	112.0
386.23	152.0	166.0	151.0	152.0	151.0	164.0	96.0	168.0	143.0	131.0	161.0	143.0	148.0	174.0	131.0	143.0	98.0	124.0	124.0	120.0
386.342	149.0	158.0	150.0	151.0	146.0	161.0	99.0	166.0	139.0	129.0	156.0	146.0	154.0	176.0	128.0	134.0	105.0	132.0	120.0	117.0
386.453	140.0	146.0	128.0	130.0	134.0	135.0	102.0	134.0	128.0	116.0	147.0	129.0	136.0	163.0	117.0	130.0	111.0	116.0	120.0	107.0
386.565	153.0	144.0	128.0	129.0	131.0	142.0	100.0	133.0	128.0	120.0	137.0	137.0	129.0	164.0	119.0	118.0	104.0	122.0	115.0	103.0
386.676	136.0	149.0	132.0	137.0	131.0	147.0	99.0	131.0	124.0	119.0	142.0	125.0	127.0	167.0	124.0	118.0	104.0	109.0	107.0	108.0
386.788	126.0	143.0	131.0	135.0	129.0	141.0	96.0	134.0	121.0	109.0	142.0	115.0	130.0	160.0	118.0	119.0	112.0	105.0	113.0	101.0
386.899	132.0	150.0	144.0	142.0	140.0	144.0	97.0	143.0	129.0	118.0	143.0	129.0	140.0	176.0	125.0	124.0	110.0	109.0	121.0	107.0
387.011	124.0	134.0	127.0	126.0	123.0	133.0	94.0	133.0	113.0	105.0	122.0	107.0	125.0	156.0	108.0	113.0	102.0	102.0	108.0	101.0
387.122	127.0	137.0	117.0	133.0	122.0	137.0	84.0	132.0	120.0	116.0	123.0	113.0	115.0	153.0	116.0	113.0	102.0	106.0	107.0	102.0
387.234	123.0	136.0	123.0	119.0	121.0	125.0	94.0	115.0	127.0	107.0	130.0	112.0	118.0	151.0	107.0	111.0	108.0	107.0	107.0	109.0
387.345	159.0	163.0	156.0	147.0	146.0	155.0	121.0	157.0	148.0	140.0	154.0	149.0	150.0	182.0	137.0	137.0	131.0	140.0	139.0	129.0
387.457	138.0	146.0	136.0	135.0	131.0	152.0	101.0	140.0	135.0	125.0	143.0	131.0	139.0	171.0	122.0	125.0	108.0	122.0	118.0	111.0
387.569	191.0	209.0	190.0	174.0	184.0	206.0	107.0	217.0	171.0	160.0	197.0	176.0	193.0	222.0	166.0	174.0	105.0	150.0	152.0	146.0
387.68	211.0	228.0	200.0	187.0	199.0	227.0	111.0	240.0	200.0	181.0	220.0	206.0	228.0	245.0	179.0	187.0	108.0	172.0	163.0	152.0
387.792	147.0	158.0	142.0	143.0	148.0	147.0	102.0	154.0	145.0	136.0	162.0	140.0	155.0	184.0	134.0	141.0	111.0	125.0	127.0	118.0
387.903	110.0	124.0	117.0	113.0	117.0	121.0	90.0	120.0	112.0	111.0	115.0	102.0	107.0	144.0	103.0	105.0	106.0	97.0	104.0	101.0
388.015	120.0	125.0	111.0	122.0	118.0	127.0	92.0	126.0	118.0	107.0	120.0	113.0	113.0	143.0	112.0	112.0	99.0	107.0	114.0	114.0
388.127	107.0	113.0	110.0	109.0	102.0	120.0	86.0	113.0	103.0	105.0	110.0	103.0	107.0	142.0	98.0	106.0	105.0	93.0	101.0	96.0
388.238	107.0	121.0	113.0	112.0	113.0	124.0	92.0	115.0	109.0	105.0	110.0	102.0	102.0	144.0	98.0	100.0	106.0	96.0	93.0	91.0
388.35	106.0	113.0	109.0	119.0	109.0	115.0	91.0	111.0	104.0	96.0	104.0	102.0	108.0	140.0	90.0	100.0	108.0	91.0	100.0	86.0
388.461	101.0	111.0	108.0	107.0	109.0	115.0	90.0	106.0	99.0	89.0	108.0	94.0	96.0	134.0	97.0	96.0	100.0	85.0	89.0	90.0
388.573	110.0	117.0	119.0	113.0	103.0	117.0	87.0	107.0	98.0	97.0	110.0	96.0	94.0	136.0	104.0	97.0	99.0	94.0	97.0	91.0
388.685	100.0	101.0	108.0	113.0	106.0	110.0	92.0	104.0	103.0	97.0	99.0	99.0	93.0	138.0	101.0	96.0	105.0	94.0	92.0	86.0
388.796	117.0	126.0	120.0	124.0	118.0	127.0	91.0	119.0	108.0	104.0	109.0	108.0	103.0	142.0	104.0	106.0	103.0	99.0	94.0	96.0
388.908	110.0	134.0	120.0	130.0	124.0	125.0	93.0	128.0	114.0	114.0	123.0	113.0	115.0	146.0	112.0	109.0	110.0	104.0	110.0	105.0
389.019	108.0	122.0	114.0	116.0	110.0	122.0	83.0	105.0	103.0	102.0	112.0	100.0	109.0	138.0	105.0	97.0	105.0	85.0	101.0	91.0
389.131	97.0	112.0	115.0	115.0	109.0	119.0	91.0	111.0	97.0	97.0	107.0	92.0	105.0	143.0	97.0	98.0	106.0	95.0	92.0	88.0
389.243	114.0	123.0	118.0	126.0	112.0	128.0	86.0	111.0	106.0	100.0	117.0	103.0	113.0	140.0	99.0	108.0	99.0	96.0	96.0	98.0
389.354	144.0	174.0	169.0	173.0	169.0	194.0	90.0	150.0	139.0	140.0	159.0	135.0	130.0	189.0	148.0	134.0	105.0	119.0	125.0	129.0
389.466	191.0	257.0	260.0	258.0	259.0	280.0	109.0	196.0	191.0	207.0	225.0	193.0	179.0	251.0	206.0	205.0	108.0	160.0	173.0	172.0
389.578	121.0	148.0	156.0	151.0	149.0	164.0	90.0	123.0	119.0	127.0	146.0	128.0	121.0	162.0	127.0	133.0	104.0	110.0	118.0	109.0
389.689	106.0	117.0	114.0	121.0	117.0	123.0	91.0	102.0	108.0	102.0	100.0	100.0	104.0	140.0	98.0	102.0	108.0	96.0	96.0	97.0
389.801	128.0	155.0	138.0	144.0	135.0	157.0	96.0	143.0	136.0	131.0	148.0	123.0	132.0	172.0	119.0	113.0	101.0	110.0	121.0	114.0
389.912	126.0	155.0	141.0	149.0	140.0	150.0	108.0	146.0	138.0	134.0	152.0	119.0	134.0	168.0	121.0	133.0	109.0	125.0	120.0	111.0
390.024	102.0	118.0	108.0	114.0	113.0	113.0	89.0	107.0	104.0	102.0	109.0	100.0	105.0	141.0	102.0	101.0	109.0	100.0	99.0	90.0
390.136	101.0	105.0	104.0	107.0	105.0	110.0	84.0	100.0	96.0	89.0	104.0	87.0	100.0	129.0	91.0	91.0	99.0	88.0	92.0	91.0
390.247	98.0	104.0	112.0	108.0	105.0	116.0	88.0	97.0	97.0	91.0	105.0	95.0	92.0	132.0	94.0	92.0	104.0	84.0	88.0	83.0
390.359	100.0	102.0	102.0	106.0	103.0	112.0	89.0	101.0	97.0	86.0	104.0	94.0	91.0	134.0	99.0	89.0	106.0	90.0	90.0	89.0
390.471	107.0	113.0	116.0	115.0	110.0	112.0	84.0	107.0	100.0	96.0	110.0	96.0	102.0	137.0	95.0	98.0	104.0	85.0	91.0	82.0
390.582	109.0	123.0	119.0	126.0	118.0	123.0	93.0	108.0	108.0	101.0	115.0	106.0	101.0	150.0	105.0	96.0	113.0	97.0	96.0	92.0
390.694	145.0	185.0	187.0	192.0	189.0	204.0	103.0	144.0	148.0	159.0	166.0	142.0	133.0	196.0	154.0	153.0	107.0	127.0	127.0	134.0
390.806	136.0	180.0	175.0	177.0	173.0	186.0	95.0	151.0	142.0	148.0	161.0	135.0	135.0	192.0	138.0	148.0	111.0	124.0	125.0	119.0
390.918	112.0	130.0	126.0	132.0	132.0	134.0	86.0	108.0	113.0	111.0	123.0	108.0	105.0	152.0	108.0	113.0	104.0	99.0	103.0	91.0
391.029	111.0	125.0	124.0	122.0	117.0	129.0	91.0	114.0	105.0	105.0	113.0	109.0	107.0	148.0	104.0	107.0	113.0	102.0	100.0	95.0
391.141	101.0	113.0	114.0	120.0	106.0	117.0	91.0	99.0	100.0	91.0	105.0	95.0	101.0	138.0	95.0	90.0	107.0	86.0	90.0	94.0
391.253	103.0	115.0	106.0	113.0	105.0	108.0	87.0	104.0	98.0	93.0	110.0	99.0	96.0	137.0	99.0	93.0	107.0	95.0	95.0	92.0
391.364	100.0	111.0	102.0	107.0	106.0	113.0	91.0	104.0	97.0	104.0	107.0	92.0	102.0	136.0	102.0	103.0	110.0	97.0	94.0	92.0
391.476	111.0	110.0	111.0	117.0	118.0	116.0	93.0	113.0	103.0	104.0	114.0	98.0	110.0	144.0	104.0	105.0	112.0	105.0	100.0	94.0
391.588	108.0	112.0	108.0	115.0	108.0	116.0	92.0	108.0	104.0	93.0	107.0	99.0	93.0	134.0	103.0	102.0	102.0	92.0	95.0	85.0
391.699	104.0	109.0	103.0	116.0	104.0	115.0	87.0	103.0	100.0	89.0	107.0	89.0	95.0	137.0	95.0	94.0	99.0	90.0	92.0	91.0
391.811	126.0	138.0	132.0	143.0	128.0	144.0	97.0	132.0	132.0	119.0	130.0	112.0	139.0	163.0	115.0	115.0	108.0	111.0	108.0	101.0
391.923	112.0	113.0	119.0	122.0	113.0	124.0	93.0	107.0	107.0	106.0	124.0	103.0	115.0	143.0	98.0	100.0	107.0	100.0	102.0	101.0
392.035	102.0	118.0	105.0	123.0	107.0	119.0	93.0	109.0	107.0	93.0	107.0	99.0	97.0	144.0	95.0	94.0	108.0	91.0	91.0	93.0
392.146	98.0	108.0	108.0	110.0	105.0	111.0	89.0	107.0	94.0	101.0	103.0	94.0	92.0	141.0	96.0	93.0	107.0	86.0	92.0	88.0
392.258	107.0	119.0	117.0	114.0	115.0	121.0	99.0	111.0	105.0	111.0	113.0	100.0	113.0	146.0	106.0	103.0	112.0	101.0	99.0	100.0
392.37	130.0	138.0	129.0	136.0	132.0	141.0	104.0	135.0	128.0	126.0	140.0	121.0	127.0	168.0	124.0	124.0	122.0	122.0	119.0	115.0
392.481	104.0	116.0	110.0	120.0	106.0	116.0	89.0	111.0	100.0	99.0	104.0	101.0	97.0	133.0	101.0	99.0	101.0	98.0	97.0	95.0
392.593	97.0	116.0	110.0	118.0	110.0	115.0	82.0	105.0	100.0	95.0	110.0	92.0	98.0	131.0	106.0	96.0	104.0	89.0	88.0	94.0
392.705	115.0	132.0	118.0	121.0	129.0	120.0	82.0	118.0	109.0	111.0	134.0	111.0	112.0	155.0	119.0	115.0	117.0	105.0	113.0	113.0
392.817	108.0	118.0	126.0	118.0	112.0	126.0	85.0	110.0	108.0	98.0	120.0	102.0	108.0	146.0	109.0	112.0	104.0	99.0	100.0	101.0
392.928	99.0	114.0	108.0	112.0	102.0	108.0	88.0	103.0	94.0	93.0	101.0	94.0	91.0	137.0	96.0	86.0	100.0	92.0	88.0	90.0
393.04	94.0	104.0	103.0	105.0	100.0	110.0	89.0	96.0	92.0	87.0	103.0	90.0	92.0	132.0	99.0	95.0	103.0	90.0	89.0	90.0
393.152	95.0	110.0	99.0	101.0	103.0	100.0	88.0	105.0	89.0	93.0	98.0	86.0	93.0	129.0	89.0	87.0	111.0	84.0	89.0	86.0
393.264	91.0	97.0	102.0	104.0	94.0	100.0	82.0	92.0	90.0	85.0	102.0	86.0	88.0	126.0	85.0	86.0	98.0	90.0	88.0	86.0
393.375	85.0	93.0	96.0	100.0	91.0	92.0	90.0	86.0	88.0	83.0	92.0	88.0	91.0	119.0	87.0	86.0	98.0	80.0	81.0	86.0
393.487	90.0	95.0	97.0	98.0	93.0	106.0	86.0	91.0	89.0	84.0	90.0	81.0	89.0	122.0	90.0	88.0	103.0	86.0	89.0	85.0
393.599	85.0	96.0	90.0	96.0	94.0	99.0	82.0	92.0	90.0	88.0	95.0	86.0	81.0	124.0	89.0	88.0	101.0	87.0	81.0	87.0
393.711	99.0	107.0	103.0	104.0	100.0	100.0	89.0	104.0	97.0	93.0	101.0	92.0	97.0	135.0	94.0	98.0	106.0	89.0	100.0	92.0
393.823	99.0	101.0	98.0	101.0	92.0	102.0	84.0	101.0	98.0	82.0	97.0	92.0	96.0	132.0	93.0	94.0	96.0	86.0	97.0	89.0
393.934	98.0	99.0	101.0	100.0	96.0	106.0	81.0	98.0	100.0	88.0	100.0	88.0	91.0	129.0	93.0	85.0	100.0	85.0	88.0	87.0
394.046	104.0	106.0	100.0	106.0	100.0	108.0	84.0	108.0	92.0	93.0	104.0	93.0	100.0	128.0	91.0	101.0	103.0	90.0	95.0	88.0
394.158	126.0	130.0	135.0	134.0	134.0	133.0	97.0	128.0	131.0	118.0	141.0	120.0	138.0	168.0	116.0	117.0	107.0	110.0	117.0	107.0
394.27	129.0	136.0	133.0	142.0	127.0	151.0	93.0	143.0	135.0	121.0	142.0	126.0	137.0	164.0	114.0	120.0	108.0	115.0	119.0	115.0
394.381	99.0	105.0	100.0	107.0	96.0	112.0	83.0	111.0	101.0	94.0	104.0	94.0	97.0	134.0	90.0	97.0	101.0	89.0	92.0	86.0
394.493	91.0	92.0	98.0	104.0	93.0	94.0	83.0	94.0	86.0	86.0	92.0	77.0	91.0	119.0	94.0	84.0	106.0	80.0	90.0	83.0
394.605	85.0	90.0	97.0	102.0	94.0	91.0	84.0	90.0	90.0	86.0	91.0	82.0	91.0	126.0	84.0	91.0	101.0	82.0	81.0	84.0
394.717	118.0	126.0	124.0	125.0	127.0	128.0	115.0	124.0	120.0	117.0	120.0	123.0	118.0	158.0	118.0	112.0	135.0	112.0	112.0	106.0
394.829	90.0	102.0	99.0	106.0	99.0	102.0	85.0	100.0	101.0	88.0	101.0	94.0	94.0	135.0	95.0	89.0	103.0	82.0	86.0	86.0
394.94	119.0	133.0	124.0	122.0	121.0	139.0	85.0	131.0	116.0	114.0	133.0	114.0	127.0	160.0	109.0	112.0	108.0	114.0	104.0	102.0
395.052	119.0	125.0	133.0	127.0	121.0	135.0	88.0	136.0	129.0	117.0	132.0	115.0	126.0	165.0	119.0	118.0	111.0	110.0	110.0	99.0
395.164	138.0	151.0	146.0	141.0	136.0	159.0	105.0	153.0	145.0	130.0	147.0	132.0	147.0	176.0	128.0	133.0	114.0	128.0	125.0	120.0
395.276	113.0	126.0	116.0	120.0	113.0	127.0	95.0	121.0	114.0	108.0	120.0	104.0	105.0	151.0	109.0	105.0	103.0	100.0	103.0	102.0
395.388	101.0	105.0	105.0	106.0	96.0	103.0	82.0	109.0	102.0	96.0	110.0	103.0	96.0	134.0	103.0	98.0	103.0	91.0	99.0	93.0
395.5	113.0	109.0	106.0	112.0	107.0	110.0	85.0	102.0	109.0	94.0	111.0	102.0	102.0	141.0	106.0	99.0	109.0	92.0	105.0	93.0
395.611	117.0	114.0	110.0	115.0	108.0	116.0	82.0	110.0	113.0	100.0	113.0	98.0	110.0	148.0	105.0	109.0	105.0	101.0	107.0	98.0
395.723	112.0	124.0	112.0	112.0	111.0	117.0	84.0	121.0	116.0	97.0	115.0	103.0	103.0	144.0	106.0	97.0	103.0	97.0	98.0	97.0
395.835	103.0	107.0	101.0	100.0	100.0	106.0	79.0	104.0	100.0	94.0	109.0	90.0	96.0	137.0	95.0	96.0	106.0	94.0	89.0	85.0
395.947	92.0	95.0	95.0	102.0	96.0	94.0	87.0	97.0	87.0	88.0	94.0	86.0	90.0	130.0	94.0	93.0	106.0	92.0	88.0	83.0
396.059	82.0	90.0	91.0	93.0	86.0	89.0	80.0	90.0	90.0	82.0	93.0	83.0	80.0	123.0	93.0	78.0	102.0	84.0	84.0	84.0
396.171	106.0	106.0	102.0	103.0	105.0	104.0	91.0	105.0	98.0	90.0	105.0	92.0	97.0	136.0	101.0	97.0	109.0	93.0	93.0	97.0
396.282	86.0	96.0	92.0	90.0	93.0	97.0	80.0	94.0	92.0	86.0	99.0	86.0	85.0	126.0	91.0	85.0	107.0	83.0	86.0	86.0
396.394	91.0	100.0	96.0	96.0	90.0	102.0	88.0	89.0	90.0	94.0	95.0	93.0	88.0	132.0	95.0	89.0	107.0	89.0	84.0	88.0
396.506	93.0	96.0	91.0	94.0	89.0	100.0	84.0	101.0	88.0	79.0	92.0	93.0	86.0	125.0	85.0	91.0	103.0	82.0	85.0	86.0
396.618	90.0	94.0	90.0	92.0	88.0	93.0	84.0	90.0	87.0	88.0	83.0	87.0	84.0	122.0	83.0	79.0	107.0	78.0	80.0	78.0
396.73	91.0	91.0	93.0	96.0	90.0	95.0	79.0	98.0	87.0	79.0	95.0	89.0	87.0	126.0	89.0	85.0	103.0	76.0	79.0	84.0
396.842	81.0	92.0	91.0	92.0	87.0	90.0	79.0	88.0	81.0	81.0	88.0	82.0	82.0	127.0	80.0	85.0	101.0	81.0	86.0	83.0
396.954	88.0	92.0	92.0	102.0	93.0	90.0	84.0	85.0	91.0	84.0	88.0	81.0	85.0	120.0	85.0	82.0	107.0	86.0	89.0	80.0
397.065	95.0	96.0	96.0	102.0	93.0	99.0	87.0	89.0	93.0	90.0	94.0	87.0	90.0	122.0	96.0	89.0	103.0	82.0	89.0	89.0
397.177	87.0	95.0	88.0	96.0	88.0	97.0	76.0	93.0	86.0	85.0	103.0	80.0	88.0	125.0	90.0	89.0	106.0	79.0	86.0	84.0
397.289	84.0	97.0	92.0	100.0	89.0	86.0	70.0	86.0	86.0	84.0	91.0	81.0	92.0	126.0	76.0	84.0	100.0	80.0	85.0	85.0
397.401	103.0	103.0	101.0	105.0	98.0	105.0	83.0	98.0	95.0	89.0	102.0	93.0	93.0	130.0	87.0	89.0	106.0	88.0	96.0	91.0
397.513	117.0	130.0	122.0	125.0	121.0	125.0	91.0	130.0	130.0	110.0	126.0	113.0	123.0	157.0	118.0	110.0	105.0	101.0	106.0	101.0
397.625	110.0	116.0	116.0	111.0	116.0	117.0	89.0	121.0	107.0	98.0	120.0	98.0	114.0	145.0	107.0	98.0	98.0	97.0	99.0	98.0
397.737	93.0	105.0	99.0	94.0	102.0	94.0	79.0	97.0	97.0	84.0	93.0	83.0	91.0	123.0	89.0	87.0	100.0	87.0	87.0	78.0
397.849	93.0	97.0	94.0	105.0	95.0	95.0	81.0	96.0	93.0	90.0	93.0	85.0	88.0	120.0	82.0	90.0	101.0	84.0	92.0	81.0
397.961	88.0	97.0	93.0	95.0	92.0	94.0	84.0	99.0	92.0	88.0	90.0	89.0	89.0	118.0	91.0	86.0	104.0	82.0	90.0	86.0
398.072	84.0	101.0	93.0	102.0	91.0	98.0	79.0	96.0	91.0	84.0	94.0	80.0	89.0	123.0	91.0	91.0	97.0	81.0	88.0	81.0
398.184	93.0	100.0	96.0	99.0	102.0	99.0	82.0	95.0	97.0	91.0	104.0	90.0	95.0	132.0	93.0	92.0	103.0	90.0	86.0	86.0
398.296	125.0	131.0	128.0	120.0	122.0	137.0	92.0	136.0	128.0	117.0	133.0	115.0	128.0	160.0	107.0	117.0	108.0	111.0	109.0	110.0
398.408	107.0	117.0	113.0	114.0	107.0	118.0	88.0	117.0	100.0	97.0	115.0	100.0	107.0	145.0	103.0	98.0	102.0	97.0	102.0	93.0
398.52	94.0	96.0	96.0	99.0	89.0	94.0	79.0	97.0	91.0	86.0	90.0	92.0	92.0	128.0	93.0	82.0	103.0	79.0	86.0	84.0
398.632	94.0	100.0	90.0	97.0	98.0	94.0	88.0	95.0	89.0	93.0	98.0	86.0	89.0	126.0	87.0	87.0	107.0	89.0	82.0	83.0
398.744	90.0	94.0	93.0	106.0	93.0	93.0	83.0	95.0	96.0	92.0	96.0	84.0	94.0	126.0	87.0	93.0	104.0	85.0	90.0	81.0
398.856	114.0	132.0	118.0	125.0	118.0	130.0	116.0	118.0	119.0	112.0	118.0	110.0	118.0	146.0	112.0	108.0	123.0	106.0	114.0	109.0
398.968	94.0	107.0	100.0	113.0	98.0	114.0	88.0	101.0	94.0	96.0	100.0	87.0	96.0	129.0	92.0	93.0	92.0	88.0	91.0	87.0
399.08	111.0	128.0	118.0	124.0	116.0	120.0	90.0	114.0	113.0	108.0	124.0	107.0	106.0	145.0	103.0	107.0	116.0	92.0	102.0	104.0
399.192	120.0	135.0	126.0	126.0	126.0	136.0	97.0	131.0	127.0	120.0	134.0	116.0	127.0	165.0	106.0	117.0	114.0	107.0	114.0	107.0
399.304	111.0	116.0	118.0	121.0	115.0	126.0	91.0	123.0	113.0	100.0	118.0	100.0	114.0	149.0	105.0	112.0	102.0	103.0	104.0	95.0
399.415	91.0	108.0	102.0	102.0	103.0	108.0	96.0	105.0	95.0	97.0	100.0	86.0	91.0	134.0	94.0	94.0	110.0	88.0	92.0	90.0
399.527	86.0	96.0	92.0	96.0	92.0	89.0	87.0	95.0	81.0	91.0	89.0	84.0	86.0	123.0	82.0	82.0	105.0	81.0	84.0	72.0
399.639	81.0	91.0	92.0	98.0	96.0	94.0	81.0	91.0	92.0	81.0	93.0	84.0	93.0	123.0	90.0	91.0	101.0	80.0	83.0	82.0
399.751	90.0	97.0	98.0	99.0	90.0	98.0	84.0	92.0	93.0	86.0	88.0	88.0	88.0	122.0	94.0	85.0	103.0	87.0	90.0	85.0
399.863	92.0	95.0	85.0	95.0	90.0	96.0	84.0	96.0	83.0	87.0	96.0	76.0	86.0	128.0	79.0	79.0	103.0	77.0	91.0	79.0
399.975	85.0	83.0	82.0	88.0	86.0	84.0	76.0	89.0	87.0	80.0	86.0	78.0	84.0	125.0	83.0	81.0	100.0	84.0	81.0	86.0
400.087	90.0	98.0	91.0	94.0	94.0	91.0	86.0	95.0	85.0	92.0	102.0	83.0	86.0	129.0	84.0	90.0	104.0	84.0	88.0	83.0
400.199	95.0	95.0	99.0	102.0	97.0	96.0	81.0	97.0	96.0	84.0	100.0	94.0	97.0	133.0	89.0	90.0	100.0	86.0	91.0	87.0
400.311	101.0	110.0	101.0	104.0	102.0	107.0	88.0	106.0	97.0	94.0	111.0	96.0	98.0	139.0	103.0	95.0	103.0	92.0	93.0	93.0
400.423	88.0	98.0	94.0	96.0	90.0	98.0	83.0	98.0	82.0	84.0	97.0	87.0	86.0	127.0	90.0	81.0	104.0	81.0	81.0	81.0
400.535	89.0	89.0	95.0	92.0	91.0	85.0	78.0	84.0	81.0	83.0	89.0	84.0	92.0	126.0	83.0	83.0	102.0	81.0	80.0	73.0
