λ(nm)	Spec1	Spec2	Spec3	Spec4	Spec5	Spec6	Spec7	Spec8	Spec9	Spec10	Spec11	Spec12	Spec13	Spec14	Spec15	Spec16	Spec17	Spec18	Spec19	Spec20
187.98	74.0	78.0	90.0	78.0	78.0	81.0	73.0	75.0	113.0	80.0	79.0	111.0	78.0	75.0	82.0	78.0	79.0	72.0	79.0	108.0
188.07	74.0	72.0	84.0	82.0	74.0	77.0	77.0	76.0	113.0	76.0	76.0	108.0	78.0	73.0	77.0	83.0	81.0	74.0	79.0	111.0
188.161	74.0	74.0	84.0	77.0	74.0	74.0	68.0	84.0	117.0	78.0	77.0	106.0	75.0	78.0	75.0	73.0	79.0	74.0	74.0	106.0
188.252	73.0	80.0	85.0	76.0	77.0	84.0	64.0	79.0	119.0	81.0	79.0	112.0	76.0	82.0	78.0	74.0	81.0	76.0	79.0	109.0
188.343	73.0	80.0	89.0	78.0	81.0	79.0	71.0	76.0	116.0	78.0	75.0	104.0	81.0	84.0	78.0	76.0	80.0	79.0	79.0	106.0
188.434	77.0	77.0	85.0	82.0	79.0	72.0	75.0	77.0	119.0	75.0	79.0	108.0	77.0	75.0	78.0	85.0	74.0	73.0	76.0	112.0
188.525	237.0	240.0	237.0	241.0	241.0	236.0	235.0	241.0	269.0	230.0	234.0	266.0	237.0	241.0	235.0	245.0	241.0	231.0	235.0	269.0
188.615	82.0	90.0	99.0	88.0	82.0	90.0	86.0	90.0	121.0	80.0	86.0	116.0	85.0	90.0	86.0	85.0	89.0	84.0	84.0	121.0
188.706	73.0	81.0	90.0	79.0	81.0	80.0	73.0	80.0	120.0	79.0	81.0	102.0	75.0	84.0	77.0	83.0	74.0	77.0	78.0	109.0
188.797	76.0	82.0	92.0	79.0	83.0	80.0	81.0	76.0	121.0	84.0	81.0	107.0	81.0	83.0	88.0	80.0	86.0	78.0	79.0	108.0
188.888	73.0	77.0	82.0	78.0	74.0	83.0	81.0	74.0	118.0	76.0	74.0	107.0	81.0	75.0	82.0	82.0	85.0	77.0	76.0	112.0
188.979	74.0	80.0	87.0	73.0	74.0	85.0	78.0	76.0	114.0	79.0	80.0	114.0	79.0	79.0	80.0	81.0	83.0	79.0	70.0	105.0
189.07	79.0	76.0	83.0	85.0	75.0	86.0	75.0	77.0	117.0	81.0	82.0	104.0	74.0	79.0	79.0	82.0	80.0	75.0	79.0	108.0
189.161	77.0	79.0	90.0	81.0	78.0	85.0	76.0	78.0	119.0	84.0	78.0	107.0	77.0	85.0	76.0	86.0	74.0	77.0	80.0	105.0
189.252	82.0	79.0	85.0	80.0	75.0	87.0	82.0	81.0	118.0	84.0	81.0	108.0	81.0	82.0	78.0	86.0	84.0	74.0	82.0	110.0
189.343	71.0	81.0	84.0	79.0	74.0	85.0	76.0	77.0	116.0	76.0	79.0	107.0	75.0	79.0	79.0	73.0	84.0	80.0	76.0	109.0
189.434	74.0	82.0	87.0	77.0	78.0	88.0	78.0	70.0	118.0	77.0	80.0	104.0	79.0	84.0	76.0	80.0	79.0	79.0	74.0	108.0
189.525	71.0	80.0	81.0	77.0	76.0	82.0	78.0	83.0	123.0	81.0	76.0	111.0	79.0	80.0	77.0	80.0	76.0	77.0	77.0	116.0
189.616	81.0	78.0	86.0	79.0	76.0	80.0	77.0	80.0	112.0	80.0	81.0	108.0	76.0	80.0	79.0	81.0	76.0	81.0	75.0	111.0
189.708	76.0	81.0	85.0	80.0	70.0	86.0	73.0	78.0	109.0	74.0	80.0	108.0	78.0	78.0	81.0	81.0	87.0	76.0	73.0	104.0
189.799	79.0	77.0	83.0	80.0	82.0	84.0	75.0	77.0	111.0	76.0	80.0	111.0	74.0	78.0	80.0	79.0	86.0	76.0	79.0	109.0
189.89	80.0	79.0	84.0	80.0	69.0	84.0	78.0	75.0	119.0	77.0	78.0	108.0	83.0	81.0	75.0	87.0	76.0	73.0	80.0	106.0
189.981	77.0	77.0	80.0	75.0	75.0	84.0	80.0	81.0	116.0	85.0	77.0	108.0	81.0	78.0	81.0	82.0	84.0	69.0	80.0	105.0
190.072	85.0	89.0	94.0	84.0	86.0	88.0	82.0	81.0	124.0	86.0	88.0	118.0	77.0	83.0	87.0	83.0	94.0	83.0	79.0	118.0
190.163	75.0	84.0	85.0	81.0	79.0	81.0	77.0	81.0	116.0	75.0	78.0	112.0	70.0	81.0	82.0	82.0	81.0	79.0	76.0	106.0
190.255	71.0	81.0	82.0	79.0	72.0	80.0	74.0	79.0	116.0	79.0	76.0	106.0	80.0	83.0	75.0	81.0	81.0	76.0	78.0	108.0
190.346	80.0	79.0	88.0	81.0	75.0	72.0	81.0	76.0	117.0	73.0	72.0	111.0	83.0	75.0	82.0	83.0	86.0	75.0	78.0	109.0
190.437	77.0	79.0	80.0	81.0	76.0	79.0	74.0	80.0	117.0	77.0	76.0	112.0	82.0	82.0	82.0	82.0	88.0	74.0	71.0	105.0
190.528	80.0	82.0	89.0	82.0	82.0	89.0	73.0	80.0	122.0	85.0	81.0	110.0	79.0	87.0	81.0	79.0	85.0	82.0	81.0	109.0
190.62	82.0	83.0	85.0	80.0	79.0	88.0	77.0	81.0	120.0	85.0	80.0	114.0	72.0	85.0	84.0	82.0	84.0	80.0	79.0	112.0
190.711	80.0	75.0	78.0	76.0	81.0	84.0	74.0	75.0	116.0	84.0	79.0	113.0	82.0	82.0	78.0	85.0	87.0	75.0	75.0	113.0
190.802	76.0	82.0	83.0	77.0	79.0	88.0	74.0	75.0	114.0	80.0	78.0	111.0	76.0	78.0	83.0	78.0	81.0	77.0	78.0	106.0
190.894	72.0	82.0	88.0	86.0	79.0	89.0	78.0	82.0	113.0	81.0	82.0	110.0	75.0	84.0	82.0	80.0	86.0	81.0	83.0	108.0
190.985	80.0	83.0	83.0	82.0	77.0	85.0	76.0	73.0	114.0	84.0	75.0	105.0	77.0	78.0	80.0	74.0	83.0	74.0	75.0	110.0
191.076	72.0	81.0	85.0	81.0	78.0	77.0	80.0	82.0	118.0	87.0	80.0	114.0	77.0	77.0	75.0	80.0	85.0	77.0	78.0	110.0
191.168	79.0	79.0	86.0	75.0	77.0	85.0	83.0	84.0	113.0	84.0	80.0	112.0	74.0	80.0	80.0	81.0	81.0	75.0	74.0	107.0
191.259	84.0	91.0	98.0	81.0	91.0	95.0	82.0	85.0	128.0	91.0	86.0	117.0	85.0	92.0	92.0	91.0	97.0	85.0	85.0	118.0
191.35	81.0	77.0	86.0	84.0	80.0	83.0	76.0	80.0	115.0	77.0	85.0	104.0	79.0	82.0	78.0	82.0	77.0	75.0	85.0	113.0
191.442	77.0	79.0	84.0	80.0	77.0	80.0	80.0	78.0	116.0	84.0	78.0	105.0	77.0	86.0	74.0	82.0	82.0	72.0	83.0	109.0
191.533	82.0	83.0	84.0	79.0	80.0	92.0	78.0	83.0	120.0	79.0	79.0	111.0	82.0	84.0	78.0	81.0	89.0	80.0	82.0	113.0
191.625	77.0	83.0	88.0	80.0	84.0	87.0	74.0	76.0	123.0	80.0	85.0	114.0	83.0	82.0	84.0	82.0	84.0	84.0	80.0	105.0
191.716	75.0	84.0	89.0	80.0	79.0	85.0	78.0	79.0	119.0	80.0	81.0	110.0	79.0	82.0	85.0	83.0	84.0	81.0	81.0	112.0
191.808	80.0	79.0	84.0	80.0	73.0	79.0	71.0	78.0	116.0	75.0	76.0	110.0	81.0	73.0	82.0	79.0	82.0	75.0	72.0	111.0
191.899	82.0	80.0	88.0	80.0	79.0	86.0	75.0	76.0	113.0	80.0	79.0	107.0	78.0	85.0	82.0	76.0	76.0	74.0	79.0	107.0
191.991	76.0	80.0	85.0	80.0	78.0	90.0	78.0	78.0	117.0	72.0	79.0	105.0	76.0	86.0	78.0	79.0	84.0	81.0	79.0	106.0
192.082	75.0	78.0	85.0	80.0	77.0	86.0	79.0	81.0	116.0	82.0	74.0	105.0	76.0	84.0	82.0	78.0	83.0	75.0	81.0	108.0
192.174	79.0	78.0	83.0	85.0	78.0	84.0	82.0	86.0	120.0	87.0	81.0	113.0	81.0	76.0	82.0	81.0	84.0	73.0	83.0	114.0
192.266	82.0	78.0	90.0	76.0	80.0	84.0	75.0	84.0	118.0	75.0	84.0	107.0	70.0	77.0	76.0	85.0	84.0	76.0	84.0	106.0
192.357	78.0	89.0	92.0	86.0	83.0	89.0	84.0	85.0	117.0	88.0	83.0	116.0	77.0	90.0	89.0	84.0	79.0	81.0	85.0	106.0
192.449	83.0	81.0	82.0	80.0	79.0	83.0	73.0	76.0	116.0	81.0	73.0	107.0	83.0	85.0	77.0	81.0	78.0	80.0	82.0	109.0
192.541	82.0	80.0	86.0	78.0	77.0	83.0	75.0	75.0	121.0	82.0	79.0	106.0	77.0	80.0	76.0	83.0	78.0	78.0	81.0	113.0
192.632	79.0	79.0	87.0	83.0	76.0	83.0	77.0	80.0	115.0	79.0	78.0	108.0	71.0	82.0	72.0	80.0	81.0	80.0	75.0	102.0
192.724	78.0	79.0	85.0	81.0	75.0	85.0	73.0	73.0	118.0	78.0	83.0	108.0	80.0	82.0	79.0	81.0	81.0	77.0	76.0	103.0
192.816	83.0	78.0	85.0	82.0	77.0	83.0	75.0	79.0	116.0	85.0	78.0	104.0	81.0	84.0	78.0	87.0	77.0	74.0	80.0	109.0
192.907	77.0	77.0	86.0	80.0	80.0	87.0	81.0	82.0	124.0	86.0	81.0	108.0	82.0	81.0	82.0	81.0	81.0	75.0	78.0	114.0
192.999	80.0	73.0	84.0	75.0	75.0	80.0	77.0	79.0	119.0	74.0	74.0	108.0	76.0	83.0	76.0	82.0	80.0	77.0	76.0	115.0
193.091	72.0	78.0	87.0	77.0	81.0	84.0	80.0	75.0	122.0	77.0	73.0	105.0	76.0	84.0	80.0	73.0	83.0	80.0	83.0	113.0
193.183	74.0	79.0	82.0	85.0	78.0	84.0	74.0	84.0	116.0	76.0	79.0	104.0	79.0	85.0	80.0	80.0	85.0	77.0	81.0	104.0
193.274	76.0	80.0	88.0	80.0	75.0	77.0	78.0	83.0	122.0	82.0	74.0	110.0	84.0	74.0	86.0	83.0	79.0	75.0	81.0	106.0
193.366	77.0	74.0	82.0	81.0	70.0	85.0	76.0	81.0	112.0	80.0	80.0	109.0	80.0	80.0	80.0	78.0	83.0	76.0	80.0	106.0
193.458	76.0	78.0	89.0	81.0	78.0	91.0	73.0	75.0	117.0	81.0	80.0	106.0	78.0	80.0	80.0	80.0	85.0	79.0	78.0	102.0
193.55	77.0	78.0	87.0	79.0	81.0	86.0	72.0	74.0	120.0	80.0	82.0	109.0	72.0	75.0	74.0	80.0	83.0	80.0	76.0	109.0
193.642	79.0	78.0	80.0	78.0	77.0	82.0	81.0	83.0	118.0	81.0	83.0	107.0	77.0	79.0	76.0	80.0	85.0	64.0	77.0	108.0
193.734	78.0	80.0	93.0	77.0	81.0	82.0	79.0	80.0	125.0	76.0	85.0	114.0	82.0	84.0	79.0	88.0	87.0	82.0	81.0	113.0
193.825	74.0	79.0	89.0	79.0	76.0	86.0	76.0	73.0	116.0	79.0	79.0	113.0	81.0	80.0	81.0	75.0	80.0	76.0	76.0	108.0
193.917	66.0	77.0	83.0	82.0	83.0	87.0	75.0	83.0	118.0	80.0	78.0	111.0	78.0	82.0	75.0	79.0	79.0	77.0	82.0	112.0
194.009	80.0	79.0	88.0	83.0	77.0	81.0	82.0	78.0	121.0	84.0	76.0	109.0	82.0	79.0	86.0	84.0	79.0	80.0	78.0	115.0
194.101	79.0	76.0	87.0	83.0	73.0	79.0	85.0	82.0	112.0	81.0	77.0	107.0	72.0	81.0	85.0	76.0	84.0	74.0	75.0	108.0
194.193	78.0	80.0	89.0	77.0	80.0	86.0	74.0	78.0	117.0	81.0	80.0	109.0	72.0	90.0	82.0	78.0	83.0	78.0	74.0	105.0
194.285	76.0	82.0	84.0	80.0	78.0	83.0	71.0	78.0	120.0	82.0	77.0	106.0	77.0	85.0	83.0	83.0	79.0	82.0	77.0	106.0
194.377	76.0	78.0	80.0	79.0	71.0	85.0	78.0	83.0	118.0	85.0	81.0	107.0	76.0	81.0	82.0	80.0	79.0	80.0	80.0	101.0
194.469	82.0	77.0	82.0	80.0	77.0	83.0	81.0	84.0	119.0	79.0	74.0	110.0	76.0	80.0	80.0	86.0	78.0	78.0	77.0	106.0
194.561	74.0	74.0	94.0	77.0	74.0	84.0	83.0	79.0	118.0	75.0	75.0	108.0	76.0	81.0	83.0	84.0	82.0	74.0	82.0	112.0
194.653	71.0	80.0	82.0	81.0	81.0	87.0	77.0	75.0	117.0	80.0	76.0	111.0	79.0	88.0	84.0	81.0	84.0	76.0	80.0	114.0
194.745	73.0	73.0	88.0	82.0	82.0	79.0	79.0	74.0	126.0	82.0	74.0	113.0	84.0	76.0	78.0	83.0	88.0	80.0	81.0	110.0
194.837	79.0	73.0	84.0	78.0	74.0	82.0	82.0	82.0	118.0	86.0	76.0	108.0	78.0	78.0	85.0	83.0	84.0	76.0	74.0	112.0
194.929	74.0	84.0	86.0	78.0	80.0	82.0	81.0	76.0	120.0	86.0	73.0	109.0	81.0	82.0	79.0	86.0	87.0	74.0	77.0	108.0
195.022	70.0	82.0	86.0	80.0	78.0	87.0	75.0	74.0	118.0	82.0	80.0	102.0	76.0	80.0	82.0	85.0	78.0	80.0	78.0	112.0
195.114	75.0	83.0	80.0	82.0	76.0	80.0	71.0	76.0	121.0	80.0	79.0	107.0	75.0	83.0	80.0	81.0	77.0	71.0	84.0	108.0
195.206	75.0	80.0	83.0	79.0	80.0	80.0	72.0	82.0	116.0	78.0	85.0	111.0	82.0	79.0	80.0	80.0	85.0	67.0	72.0	105.0
195.298	76.0	76.0	87.0	83.0	80.0	85.0	79.0	78.0	115.0	76.0	82.0	106.0	75.0	84.0	81.0	81.0	78.0	77.0	79.0	108.0
195.39	72.0	79.0	88.0	83.0	84.0	88.0	81.0	83.0	122.0	86.0	79.0	112.0	82.0	87.0	82.0	82.0	87.0	79.0	80.0	116.0
195.482	80.0	80.0	91.0	84.0	78.0	85.0	77.0	76.0	119.0	82.0	78.0	110.0	82.0	81.0	78.0	84.0	83.0	76.0	80.0	112.0
195.575	79.0	76.0	84.0	78.0	79.0	76.0	85.0	83.0	120.0	79.0	79.0	104.0	77.0	78.0	78.0	84.0	83.0	78.0	75.0	108.0
195.667	85.0	79.0	85.0	85.0	79.0	86.0	72.0	84.0	114.0	83.0	86.0	105.0	81.0	83.0	84.0	86.0	83.0	81.0	79.0	107.0
195.759	76.0	77.0	79.0	82.0	84.0	82.0	72.0	73.0	114.0	82.0	74.0	103.0	80.0	77.0	82.0	83.0	81.0	86.0	82.0	109.0
195.851	84.0	84.0	85.0	85.0	81.0	91.0	78.0	86.0	121.0	89.0	84.0	113.0	83.0	88.0	81.0	88.0	89.0	84.0	82.0	121.0
195.944	73.0	79.0	78.0	73.0	75.0	81.0	78.0	82.0	122.0	81.0	80.0	112.0	78.0	77.0	76.0	87.0	85.0	78.0	76.0	110.0
196.036	76.0	80.0	81.0	79.0	83.0	82.0	74.0	76.0	118.0	77.0	80.0	110.0	84.0	82.0	83.0	86.0	83.0	82.0	75.0	108.0
196.128	75.0	76.0	84.0	83.0	83.0	81.0	76.0	82.0	115.0	85.0	82.0	110.0	73.0	80.0	81.0	80.0	78.0	75.0	78.0	113.0
196.221	78.0	83.0	80.0	80.0	85.0	81.0	79.0	78.0	120.0	80.0	70.0	105.0	85.0	82.0	78.0	81.0	82.0	74.0	81.0	108.0
196.313	77.0	83.0	85.0	81.0	79.0	84.0	83.0	87.0	114.0	80.0	82.0	107.0	86.0	81.0	84.0	80.0	84.0	79.0	82.0	113.0
196.405	72.0	75.0	89.0	78.0	76.0	80.0	81.0	81.0	112.0	80.0	84.0	107.0	75.0	83.0	78.0	84.0	83.0	74.0	79.0	107.0
196.498	81.0	77.0	87.0	81.0	78.0	77.0	76.0	73.0	119.0	83.0	77.0	105.0	76.0	82.0	85.0	80.0	79.0	79.0	81.0	110.0
196.59	95.0	89.0	109.0	96.0	96.0	100.0	96.0	100.0	138.0	97.0	95.0	122.0	96.0	100.0	103.0	105.0	101.0	98.0	98.0	126.0
196.682	77.0	82.0	85.0	71.0	79.0	85.0	80.0	83.0	117.0	79.0	84.0	105.0	76.0	84.0	83.0	82.0	82.0	79.0	88.0	111.0
196.775	79.0	81.0	88.0	81.0	80.0	85.0	81.0	81.0	118.0	77.0	82.0	107.0	80.0	81.0	81.0	82.0	87.0	83.0	81.0	108.0
196.867	78.0	82.0	81.0	76.0	84.0	80.0	79.0	80.0	120.0	84.0	75.0	109.0	80.0	86.0	89.0	78.0	86.0	82.0	76.0	111.0
196.96	77.0	75.0	84.0	82.0	81.0	87.0	77.0	78.0	120.0	79.0	76.0	104.0	82.0	79.0	83.0	80.0	73.0	79.0	84.0	109.0
197.052	75.0	79.0	92.0	85.0	78.0	77.0	79.0	81.0	115.0	82.0	80.0	104.0	73.0	78.0	84.0	87.0	82.0	78.0	77.0	113.0
197.145	76.0	77.0	89.0	80.0	81.0	83.0	86.0	84.0	114.0	80.0	87.0	118.0	81.0	87.0	84.0	83.0	83.0	75.0	76.0	110.0
197.237	81.0	80.0	86.0	71.0	79.0	82.0	72.0	72.0	118.0	80.0	84.0	110.0	83.0	84.0	84.0	81.0	81.0	77.0	79.0	107.0
197.33	73.0	78.0	79.0	84.0	88.0	85.0	78.0	83.0	123.0	83.0	83.0	109.0	79.0	82.0	77.0	80.0	86.0	78.0	82.0	113.0
197.422	77.0	80.0	78.0	78.0	79.0	79.0	80.0	83.0	121.0	78.0	77.0	105.0	76.0	79.0	73.0	82.0	82.0	70.0	80.0	109.0
197.515	80.0	78.0	82.0	78.0	78.0	89.0	77.0	77.0	123.0	76.0	80.0	107.0	75.0	81.0	83.0	82.0	85.0	75.0	80.0	104.0
197.608	76.0	77.0	83.0	76.0	83.0	83.0	84.0	78.0	116.0	82.0	75.0	108.0	81.0	78.0	83.0	77.0	83.0	76.0	80.0	106.0
197.7	78.0	79.0	84.0	80.0	77.0	83.0	78.0	76.0	120.0	81.0	80.0	109.0	82.0	78.0	82.0	78.0	85.0	76.0	84.0	109.0
197.793	75.0	84.0	90.0	86.0	82.0	79.0	82.0	81.0	122.0	85.0	85.0	113.0	83.0	80.0	88.0	87.0	80.0	82.0	82.0	114.0
197.886	85.0	84.0	86.0	76.0	80.0	83.0	82.0	81.0	121.0	86.0	83.0	117.0	80.0	82.0	88.0	81.0	84.0	81.0	79.0	110.0
197.978	79.0	84.0	92.0	81.0	77.0	88.0	76.0	83.0	118.0	84.0	86.0	108.0	77.0	82.0	84.0	80.0	83.0	76.0	83.0	111.0
198.071	75.0	74.0	91.0	80.0	85.0	84.0	74.0	83.0	122.0	88.0	80.0	112.0	87.0	82.0	82.0	80.0	79.0	80.0	82.0	110.0
198.164	76.0	81.0	83.0	77.0	79.0	81.0	74.0	82.0	119.0	82.0	80.0	109.0	82.0	80.0	77.0	83.0	84.0	74.0	78.0	110.0
198.256	86.0	86.0	92.0	81.0	88.0	93.0	79.0	85.0	121.0	82.0	79.0	120.0	82.0	86.0	84.0	86.0	91.0	76.0	79.0	114.0
198.349	73.0	78.0	94.0	84.0	87.0	81.0	82.0	80.0	120.0	84.0	81.0	117.0	81.0	82.0	82.0	74.0	86.0	80.0	89.0	114.0
198.442	73.0	76.0	86.0	86.0	78.0	78.0	76.0	81.0	125.0	80.0	77.0	111.0	79.0	84.0	84.0	81.0	82.0	80.0	75.0	107.0
198.534	76.0	81.0	87.0	77.0	80.0	82.0	72.0	78.0	113.0	81.0	82.0	112.0	80.0	80.0	86.0	78.0	83.0	75.0	74.0	112.0
198.627	79.0	85.0	92.0	78.0	75.0	81.0	87.0	81.0	116.0	83.0	85.0	112.0	79.0	75.0	86.0	86.0	88.0	76.0	86.0	110.0
198.72	81.0	85.0	88.0	84.0	77.0	85.0	77.0	78.0	125.0	87.0	85.0	109.0	79.0	84.0	88.0	83.0	82.0	82.0	76.0	113.0
198.813	77.0	75.0	86.0	79.0	79.0	87.0	75.0	79.0	117.0	81.0	79.0	107.0	79.0	83.0	82.0	79.0	81.0	79.0	78.0	108.0
198.906	78.0	79.0	78.0	79.0	75.0	83.0	75.0	76.0	118.0	83.0	82.0	105.0	81.0	80.0	80.0	84.0	81.0	72.0	78.0	101.0
198.999	83.0	82.0	87.0	82.0	83.0	89.0	81.0	84.0	114.0	78.0	84.0	115.0	72.0	81.0	87.0	82.0	88.0	82.0	80.0	110.0
199.091	74.0	78.0	83.0	75.0	79.0	83.0	73.0	87.0	117.0	79.0	76.0	110.0	73.0	82.0	88.0	77.0	82.0	75.0	79.0	107.0
199.184	78.0	78.0	83.0	79.0	78.0	83.0	80.0	86.0	117.0	82.0	74.0	108.0	83.0	84.0	86.0	80.0	87.0	77.0	81.0	114.0
199.277	79.0	80.0	87.0	79.0	81.0	77.0	76.0	83.0	112.0	80.0	79.0	106.0	78.0	74.0	78.0	79.0	80.0	78.0	84.0	110.0
199.37	71.0	84.0	89.0	84.0	72.0	90.0	82.0	81.0	125.0	80.0	79.0	116.0	82.0	80.0	83.0	87.0	88.0	77.0	80.0	112.0
199.463	77.0	82.0	85.0	77.0	72.0	87.0	81.0	74.0	118.0	86.0	77.0	104.0	79.0	88.0	82.0	80.0	86.0	74.0	76.0	104.0
199.556	78.0	78.0	85.0	81.0	76.0	80.0	81.0	82.0	118.0	86.0	79.0	101.0	75.0	89.0	85.0	77.0	82.0	78.0	80.0	106.0
199.649	77.0	72.0	80.0	81.0	81.0	81.0	73.0	83.0	119.0	88.0	79.0	105.0	76.0	83.0	84.0	82.0	79.0	68.0	80.0	110.0
199.742	75.0	78.0	81.0	80.0	74.0	82.0	79.0	75.0	112.0	82.0	80.0	110.0	70.0	81.0	81.0	77.0	83.0	74.0	73.0	113.0
199.835	75.0	79.0	81.0	74.0	77.0	80.0	79.0	75.0	116.0	76.0	83.0	106.0	75.0	82.0	80.0	79.0	93.0	75.0	80.0	113.0
199.928	80.0	84.0	85.0	80.0	85.0	86.0	80.0	75.0	119.0	81.0	82.0	114.0	80.0	80.0	81.0	81.0	84.0	81.0	84.0	109.0
200.021	79.0	77.0	81.0	81.0	76.0	74.0	79.0	81.0	115.0	82.0	75.0	108.0	76.0	81.0	82.0	82.0	82.0	75.0	80.0	110.0
200.114	82.0	75.0	92.0	77.0	76.0	83.0	79.0	82.0	119.0	81.0	89.0	111.0	84.0	82.0	86.0	87.0	84.0	80.0	84.0	110.0
200.207	80.0	80.0	82.0	84.0	78.0	88.0	82.0	74.0	129.0	85.0	85.0	115.0	78.0	81.0	83.0	78.0	86.0	81.0	69.0	108.0
200.3	76.0	80.0	80.0	82.0	82.0	83.0	74.0	81.0	123.0	76.0	78.0	101.0	81.0	86.0	86.0	80.0	81.0	82.0	80.0	105.0
200.393	80.0	82.0	80.0	79.0	78.0	86.0	79.0	77.0	120.0	85.0	83.0	105.0	85.0	86.0	79.0	81.0	84.0	79.0	84.0	112.0
200.486	78.0	84.0	86.0	78.0	77.0	84.0	75.0	80.0	116.0	85.0	81.0	112.0	77.0	86.0	77.0	79.0	81.0	75.0	81.0	111.0
200.58	74.0	86.0	91.0	78.0	76.0	86.0	76.0	84.0	114.0	80.0	85.0	114.0	79.0	87.0	89.0	78.0	88.0	76.0	84.0	111.0
200.673	67.0	85.0	82.0	80.0	77.0	82.0	78.0	77.0	118.0	85.0	70.0	106.0	73.0	83.0	79.0	81.0	76.0	76.0	77.0	108.0
200.766	73.0	79.0	82.0	78.0	79.0	79.0	80.0	77.0	118.0	84.0	79.0	107.0	77.0	83.0	77.0	78.0	78.0	79.0	81.0	107.0
200.859	82.0	79.0	84.0	78.0	76.0	87.0	80.0	83.0	112.0	82.0	80.0	106.0	75.0	77.0	79.0	85.0	85.0	80.0	73.0	105.0
200.952	79.0	82.0	80.0	85.0	75.0	82.0	79.0	77.0	116.0	77.0	78.0	112.0	79.0	80.0	81.0	87.0	87.0	82.0	78.0	108.0
201.045	76.0	78.0	84.0	80.0	77.0	84.0	83.0	78.0	117.0	85.0	77.0	109.0	87.0	86.0	82.0	82.0	82.0	83.0	80.0	105.0
201.139	78.0	76.0	87.0	76.0	80.0	81.0	68.0	83.0	117.0	83.0	78.0	109.0	82.0	85.0	80.0	83.0	82.0	73.0	81.0	111.0
201.232	78.0	86.0	83.0	79.0	76.0	82.0	76.0	77.0	118.0	82.0	84.0	112.0	76.0	80.0	76.0	85.0	85.0	77.0	79.0	116.0
201.325	74.0	78.0	84.0	77.0	81.0	87.0	77.0	79.0	115.0	72.0	80.0	110.0	74.0	81.0	77.0	81.0	80.0	79.0	78.0	106.0
201.418	74.0	79.0	85.0	81.0	78.0	84.0	80.0	79.0	118.0	84.0	81.0	112.0	82.0	84.0	78.0	77.0	83.0	79.0	78.0	117.0
201.512	78.0	80.0	89.0	82.0	84.0	86.0	78.0	84.0	118.0	81.0	80.0	113.0	81.0	85.0	84.0	82.0	84.0	76.0	80.0	109.0
201.605	80.0	76.0	83.0	77.0	76.0	77.0	73.0	86.0	119.0	78.0	85.0	112.0	78.0	79.0	79.0	87.0	83.0	74.0	77.0	109.0
201.698	86.0	84.0	83.0	83.0	81.0	87.0	77.0	90.0	124.0	81.0	83.0	107.0	84.0	89.0	84.0	85.0	87.0	80.0	82.0	111.0
201.792	78.0	78.0	87.0	78.0	75.0	90.0	80.0	78.0	122.0	80.0	81.0	106.0	76.0	80.0	84.0	85.0	82.0	73.0	76.0	110.0
201.885	99.0	103.0	107.0	98.0	104.0	108.0	96.0	106.0	147.0	108.0	104.0	132.0	103.0	106.0	105.0	102.0	104.0	99.0	107.0	128.0
201.978	80.0	83.0	81.0	74.0	81.0	85.0	81.0	84.0	123.0	82.0	86.0	113.0	82.0	83.0	82.0	87.0	83.0	82.0	74.0	113.0
202.072	85.0	88.0	83.0	79.0	83.0	87.0	75.0	79.0	119.0	78.0	80.0	112.0	80.0	82.0	80.0	84.0	86.0	82.0	86.0	113.0
202.165	80.0	81.0	81.0	81.0	81.0	86.0	78.0	76.0	115.0	83.0	79.0	106.0	77.0	75.0	80.0	81.0	84.0	85.0	80.0	109.0
202.259	97.0	109.0	103.0	106.0	97.0	99.0	100.0	102.0	141.0	105.0	95.0	127.0	101.0	102.0	105.0	99.0	104.0	98.0	101.0	129.0
202.352	79.0	85.0	90.0	87.0	75.0	78.0	83.0	80.0	118.0	79.0	80.0	111.0	82.0	83.0	83.0	86.0	78.0	79.0	79.0	110.0
202.446	74.0	80.0	85.0	82.0	72.0	85.0	78.0	78.0	119.0	82.0	78.0	111.0	80.0	82.0	82.0	83.0	82.0	75.0	83.0	111.0
202.539	80.0	76.0	85.0	77.0	82.0	82.0	78.0	81.0	116.0	81.0	85.0	108.0	81.0	87.0	82.0	79.0	85.0	80.0	80.0	108.0
202.633	79.0	77.0	82.0	85.0	82.0	80.0	74.0	80.0	121.0	79.0	81.0	110.0	78.0	81.0	81.0	75.0	80.0	77.0	77.0	108.0
202.726	78.0	80.0	80.0	77.0	85.0	84.0	75.0	80.0	117.0	81.0	80.0	108.0	81.0	80.0	80.0	79.0	80.0	71.0	80.0	113.0
202.82	78.0	74.0	86.0	72.0	77.0	84.0	77.0	82.0	118.0	74.0	78.0	107.0	74.0	81.0	77.0	80.0	85.0	74.0	74.0	108.0
202.913	74.0	77.0	85.0	79.0	79.0	83.0	75.0	77.0	122.0	82.0	81.0	112.0	78.0	81.0	87.0	76.0	85.0	76.0	85.0	112.0
203.007	78.0	80.0	88.0	81.0	79.0	85.0	80.0	82.0	122.0	85.0	79.0	111.0	84.0	88.0	84.0	82.0	86.0	78.0	82.0	116.0
203.1	81.0	82.0	82.0	82.0	75.0	84.0	79.0	79.0	113.0	77.0	74.0	105.0	80.0	80.0	80.0	85.0	86.0	75.0	74.0	109.0
203.194	81.0	83.0	86.0	79.0	80.0	79.0	78.0	84.0	116.0	81.0	80.0	108.0	78.0	83.0	79.0	87.0	84.0	70.0	81.0	109.0
203.288	80.0	81.0	89.0	80.0	79.0	89.0	80.0	82.0	120.0	81.0	80.0	109.0	82.0	83.0	75.0	84.0	84.0	79.0	80.0	110.0
203.381	82.0	80.0	85.0	81.0	80.0	89.0	78.0	76.0	118.0	85.0	74.0	108.0	85.0	82.0	81.0	87.0	75.0	81.0	79.0	117.0
203.475	79.0	85.0	84.0	85.0	84.0	86.0	76.0	87.0	121.0	82.0	79.0	117.0	84.0	84.0	79.0	86.0	89.0	78.0	84.0	112.0
203.569	81.0	84.0	90.0	80.0	76.0	82.0	74.0	81.0	114.0	76.0	78.0	115.0	76.0	79.0	78.0	79.0	82.0	73.0	79.0	108.0
203.662	74.0	77.0	91.0	90.0	82.0	92.0	86.0	83.0	123.0	86.0	82.0	111.0	84.0	85.0	85.0	78.0	85.0	81.0	83.0	112.0
203.756	73.0	83.0	84.0	85.0	75.0	79.0	78.0	75.0	122.0	78.0	81.0	107.0	83.0	84.0	76.0	83.0	78.0	81.0	78.0	106.0
203.85	86.0	85.0	88.0	84.0	85.0	84.0	86.0	89.0	119.0	94.0	85.0	114.0	79.0	86.0	86.0	83.0	89.0	83.0	84.0	115.0
203.943	79.0	85.0	89.0	83.0	78.0	81.0	82.0	86.0	113.0	81.0	88.0	113.0	81.0	80.0	89.0	85.0	79.0	82.0	83.0	112.0
204.037	74.0	77.0	84.0	79.0	79.0	89.0	76.0	80.0	122.0	79.0	79.0	112.0	79.0	83.0	82.0	80.0	87.0	83.0	82.0	108.0
204.131	75.0	77.0	92.0	86.0	78.0	95.0	78.0	78.0	121.0	88.0	83.0	111.0	84.0	86.0	84.0	85.0	82.0	79.0	89.0	115.0
204.225	94.0	96.0	98.0	101.0	101.0	102.0	94.0	96.0	142.0	102.0	98.0	129.0	99.0	101.0	97.0	104.0	98.0	90.0	103.0	135.0
204.318	84.0	87.0	91.0	91.0	88.0	93.0	86.0	86.0	129.0	90.0	88.0	118.0	85.0	87.0	90.0	94.0	95.0	88.0	86.0	120.0
204.412	77.0	78.0	88.0	83.0	82.0	89.0	76.0	79.0	117.0	81.0	88.0	108.0	75.0	75.0	84.0	78.0	84.0	77.0	83.0	113.0
204.506	78.0	76.0	89.0	79.0	82.0	87.0	78.0	75.0	122.0	81.0	78.0	112.0	85.0	84.0	83.0	84.0	88.0	80.0	80.0	112.0
204.6	83.0	81.0	93.0	79.0	84.0	80.0	80.0	79.0	121.0	80.0	85.0	117.0	78.0	81.0	82.0	81.0	83.0	81.0	79.0	111.0
204.694	79.0	85.0	85.0	86.0	83.0	84.0	76.0	84.0	119.0	76.0	85.0	108.0	81.0	87.0	80.0	81.0	84.0	80.0	80.0	109.0
204.788	75.0	81.0	84.0	85.0	79.0	90.0	80.0	79.0	119.0	81.0	77.0	104.0	82.0	84.0	84.0	76.0	79.0	76.0	82.0	108.0
204.882	76.0	79.0	80.0	77.0	84.0	82.0	76.0	84.0	119.0	77.0	80.0	111.0	79.0	83.0	84.0	84.0	84.0	78.0	82.0	113.0
204.975	100.0	105.0	100.0	104.0	108.0	100.0	92.0	105.0	143.0	100.0	99.0	129.0	101.0	100.0	101.0	100.0	104.0	96.0	106.0	135.0
205.069	77.0	78.0	85.0	72.0	77.0	80.0	77.0	84.0	115.0	81.0	79.0	111.0	81.0	84.0	82.0	79.0	87.0	74.0	78.0	110.0
205.163	80.0	80.0	87.0	87.0	86.0	86.0	86.0	80.0	119.0	84.0	85.0	111.0	75.0	83.0	84.0	79.0	89.0	75.0	82.0	110.0
205.257	71.0	80.0	90.0	85.0	81.0	82.0	83.0	78.0	119.0	84.0	80.0	115.0	80.0	80.0	84.0	79.0	82.0	81.0	85.0	108.0
205.351	77.0	78.0	85.0	81.0	80.0	84.0	81.0	77.0	120.0	85.0	81.0	114.0	76.0	80.0	85.0	81.0	84.0	77.0	78.0	117.0
205.445	79.0	82.0	86.0	83.0	79.0	83.0	86.0	83.0	124.0	83.0	83.0	107.0	82.0	81.0	83.0	84.0	87.0	84.0	80.0	113.0
205.539	79.0	85.0	87.0	82.0	82.0	85.0	80.0	81.0	125.0	78.0	82.0	108.0	78.0	85.0	82.0	83.0	89.0	81.0	80.0	110.0
205.633	90.0	94.0	104.0	99.0	99.0	103.0	91.0	90.0	140.0	103.0	99.0	123.0	95.0	99.0	101.0	101.0	104.0	101.0	100.0	128.0
205.727	82.0	80.0	86.0	81.0	82.0	88.0	76.0	85.0	126.0	84.0	82.0	110.0	83.0	86.0	85.0	84.0	83.0	74.0	79.0	119.0
205.821	82.0	80.0	89.0	76.0	80.0	84.0	76.0	78.0	120.0	84.0	78.0	115.0	81.0	82.0	76.0	80.0	87.0	77.0	81.0	118.0
205.915	76.0	78.0	88.0	84.0	82.0	85.0	75.0	83.0	121.0	83.0	83.0	114.0	83.0	80.0	80.0	88.0	85.0	82.0	77.0	112.0
206.01	72.0	82.0	87.0	76.0	75.0	81.0	76.0	78.0	122.0	84.0	80.0	114.0	76.0	85.0	91.0	83.0	82.0	78.0	83.0	110.0
206.104	83.0	80.0	90.0	79.0	83.0	83.0	78.0	86.0	112.0	76.0	75.0	108.0	85.0	89.0	81.0	79.0	79.0	78.0	80.0	111.0
206.198	81.0	83.0	86.0	80.0	79.0	80.0	82.0	85.0	116.0	86.0	92.0	112.0	82.0	85.0	83.0	87.0	85.0	86.0	81.0	112.0
206.292	83.0	80.0	90.0	82.0	83.0	83.0	78.0	80.0	120.0	84.0	83.0	115.0	80.0	83.0	80.0	82.0	84.0	80.0	84.0	112.0
206.386	77.0	78.0	82.0	82.0	80.0	90.0	82.0	79.0	122.0	85.0	79.0	109.0	78.0	81.0	82.0	85.0	84.0	86.0	75.0	110.0
206.48	100.0	99.0	112.0	109.0	103.0	102.0	99.0	100.0	145.0	110.0	107.0	130.0	91.0	107.0	105.0	103.0	104.0	99.0	103.0	132.0
206.574	85.0	86.0	88.0	87.0	82.0	93.0	83.0	80.0	126.0	90.0	86.0	114.0	84.0	91.0	87.0	91.0	84.0	77.0	88.0	116.0
206.669	96.0	98.0	99.0	96.0	93.0	108.0	96.0	96.0	137.0	90.0	98.0	124.0	98.0	98.0	90.0	97.0	100.0	95.0	95.0	126.0
206.763	86.0	94.0	108.0	101.0	89.0	108.0	97.0	87.0	133.0	103.0	91.0	125.0	100.0	100.0	98.0	95.0	93.0	92.0	97.0	121.0
206.857	78.0	78.0	90.0	83.0	83.0	82.0	85.0	80.0	117.0	85.0	78.0	111.0	81.0	87.0	84.0	80.0	86.0	75.0	84.0	110.0
206.951	79.0	83.0	89.0	87.0	80.0	77.0	80.0	86.0	128.0	84.0	87.0	112.0	83.0	82.0	82.0	83.0	82.0	79.0	81.0	114.0
207.046	73.0	83.0	81.0	85.0	79.0	84.0	82.0	78.0	128.0	83.0	82.0	112.0	79.0	77.0	84.0	86.0	80.0	76.0	72.0	102.0
207.14	75.0	81.0	88.0	80.0	82.0	86.0	80.0	84.0	126.0	86.0	84.0	110.0	84.0	80.0	83.0	91.0	87.0	83.0	87.0	115.0
207.234	80.0	79.0	82.0	82.0	81.0	87.0	73.0	79.0	117.0	81.0	82.0	106.0	82.0	78.0	78.0	80.0	82.0	81.0	77.0	115.0
207.329	77.0	78.0	83.0	83.0	81.0	86.0	79.0	82.0	119.0	85.0	87.0	110.0	74.0	80.0	77.0	78.0	88.0	72.0	74.0	109.0
207.423	82.0	85.0	90.0	83.0	78.0	86.0	81.0	82.0	125.0	82.0	85.0	111.0	75.0	88.0	84.0	85.0	87.0	78.0	74.0	111.0
207.517	77.0	81.0	86.0	86.0	83.0	89.0	80.0	84.0	118.0	80.0	77.0	109.0	76.0	84.0	82.0	78.0	87.0	82.0	76.0	111.0
207.612	76.0	73.0	84.0	88.0	81.0	83.0	82.0	81.0	114.0	88.0	76.0	115.0	80.0	79.0	82.0	76.0	85.0	81.0	80.0	111.0
207.706	81.0	74.0	84.0	85.0	77.0	86.0	78.0	78.0	114.0	85.0	81.0	109.0	76.0	81.0	76.0	85.0	86.0	77.0	83.0	110.0
207.8	82.0	78.0	87.0	80.0	81.0	86.0	77.0	82.0	120.0	85.0	83.0	115.0	86.0	85.0	82.0	82.0	80.0	83.0	78.0	110.0
207.895	74.0	82.0	90.0	84.0	86.0	82.0	74.0	75.0	122.0	84.0	79.0	107.0	75.0	82.0	81.0	79.0	90.0	78.0	83.0	111.0
207.989	78.0	70.0	89.0	78.0	77.0	88.0	72.0	83.0	118.0	82.0	84.0	108.0	82.0	82.0	87.0	82.0	79.0	76.0	84.0	114.0
208.084	78.0	77.0	82.0	79.0	83.0	86.0	71.0	75.0	117.0	83.0	74.0	111.0	80.0	83.0	78.0	83.0	87.0	71.0	80.0	108.0
208.178	83.0	83.0	84.0	79.0	86.0	91.0	83.0	81.0	119.0	82.0	81.0	115.0	73.0	77.0	80.0	85.0	86.0	80.0	86.0	116.0
208.273	78.0	80.0	87.0	76.0	80.0	87.0	76.0	81.0	117.0	84.0	79.0	108.0	74.0	83.0	84.0	81.0	82.0	81.0	85.0	113.0
208.367	72.0	81.0	82.0	82.0	78.0	84.0	79.0	78.0	117.0	80.0	77.0	112.0	81.0	82.0	83.0	78.0	87.0	74.0	80.0	108.0
208.462	79.0	81.0	85.0	82.0	75.0	86.0	80.0	87.0	118.0	88.0	82.0	112.0	83.0	86.0	87.0	85.0	88.0	84.0	78.0	107.0
208.556	85.0	81.0	88.0	83.0	80.0	85.0	80.0	87.0	117.0	83.0	87.0	110.0	80.0	82.0	85.0	86.0	90.0	77.0	75.0	109.0
208.651	79.0	85.0	84.0	79.0	80.0	87.0	81.0	77.0	121.0	91.0	84.0	107.0	76.0	84.0	84.0	80.0	84.0	82.0	78.0	107.0
208.745	78.0	77.0	81.0	85.0	78.0	87.0	75.0	90.0	120.0	82.0	85.0	113.0	84.0	84.0	87.0	87.0	83.0	82.0	88.0	114.0
208.84	81.0	85.0	87.0	83.0	83.0	94.0	85.0	89.0	123.0	85.0	81.0	115.0	86.0	84.0	92.0	85.0	89.0	80.0	88.0	117.0
208.934	77.0	80.0	83.0	80.0	85.0	84.0	73.0	86.0	117.0	82.0	82.0	113.0	75.0	82.0	74.0	83.0	87.0	75.0	86.0	111.0
209.029	77.0	83.0	92.0	85.0	86.0	85.0	80.0	80.0	123.0	82.0	81.0	116.0	84.0	84.0	81.0	76.0	89.0	85.0	84.0	108.0
209.124	76.0	80.0	82.0	84.0	90.0	85.0	78.0	79.0	120.0	85.0	76.0	106.0	79.0	79.0	88.0	76.0	84.0	74.0	80.0	118.0
209.218	75.0	79.0	86.0	82.0	78.0	85.0	71.0	81.0	118.0	83.0	76.0	102.0	82.0	82.0	79.0	82.0	84.0	80.0	78.0	110.0
209.313	80.0	77.0	88.0	80.0	78.0	79.0	75.0	78.0	123.0	82.0	80.0	108.0	84.0	77.0	84.0	84.0	82.0	72.0	73.0	109.0
209.408	78.0	85.0	86.0	81.0	76.0	82.0	78.0	76.0	116.0	79.0	82.0	108.0	78.0	85.0	85.0	87.0	85.0	84.0	76.0	111.0
209.502	79.0	79.0	86.0	81.0	76.0	89.0	78.0	80.0	123.0	84.0	84.0	112.0	79.0	84.0	82.0	87.0	79.0	78.0	80.0	110.0
209.597	81.0	78.0	85.0	86.0	84.0	87.0	81.0	84.0	120.0	87.0	83.0	112.0	84.0	82.0	85.0	89.0	82.0	73.0	85.0	117.0
209.692	80.0	82.0	82.0	75.0	83.0	87.0	75.0	82.0	121.0	78.0	79.0	111.0	81.0	83.0	75.0	85.0	85.0	84.0	80.0	114.0
209.786	77.0	79.0	87.0	80.0	82.0	89.0	77.0	79.0	118.0	78.0	85.0	110.0	77.0	83.0	77.0	83.0	80.0	82.0	81.0	110.0
209.881	77.0	80.0	88.0	84.0	82.0	84.0	77.0	84.0	121.0	84.0	74.0	108.0	78.0	80.0	81.0	82.0	77.0	80.0	77.0	106.0
209.976	76.0	82.0	87.0	82.0	80.0	84.0	74.0	80.0	115.0	85.0	79.0	111.0	82.0	80.0	88.0	83.0	81.0	76.0	85.0	111.0
210.071	84.0	83.0	84.0	83.0	83.0	77.0	83.0	83.0	124.0	85.0	82.0	111.0	82.0	73.0	81.0	87.0	81.0	81.0	76.0	105.0
210.166	78.0	80.0	87.0	81.0	86.0	87.0	81.0	76.0	117.0	82.0	86.0	106.0	80.0	78.0	84.0	84.0	83.0	71.0	80.0	106.0
210.26	74.0	80.0	86.0	81.0	81.0	87.0	82.0	81.0	119.0	81.0	78.0	108.0	82.0	83.0	84.0	83.0	87.0	81.0	85.0	115.0
210.355	77.0	83.0	81.0	77.0	79.0	86.0	76.0	83.0	120.0	87.0	83.0	108.0	82.0	89.0	80.0	84.0	84.0	75.0	79.0	111.0
210.45	78.0	76.0	85.0	79.0	79.0	86.0	76.0	81.0	122.0	81.0	83.0	113.0	77.0	88.0	80.0	87.0	84.0	80.0	84.0	110.0
210.545	81.0	88.0	97.0	85.0	92.0	89.0	78.0	86.0	128.0	87.0	90.0	116.0	82.0	89.0	84.0	84.0	85.0	85.0	86.0	114.0
210.64	81.0	87.0	93.0	82.0	85.0	88.0	81.0	81.0	126.0	85.0	83.0	112.0	82.0	78.0	84.0	87.0	84.0	86.0	83.0	113.0
210.735	75.0	75.0	81.0	79.0	83.0	83.0	82.0	80.0	114.0	82.0	81.0	108.0	79.0	86.0	81.0	79.0	81.0	82.0	76.0	110.0
210.83	76.0	81.0	89.0	82.0	81.0	86.0	80.0	88.0	125.0	88.0	86.0	114.0	83.0	81.0	82.0	89.0	83.0	83.0	82.0	115.0
210.925	76.0	81.0	81.0	79.0	77.0	85.0	75.0	78.0	121.0	81.0	81.0	114.0	79.0	80.0	82.0	78.0	81.0	80.0	79.0	110.0
211.02	79.0	81.0	82.0	87.0	86.0	87.0	78.0	78.0	120.0	80.0	81.0	110.0	81.0	82.0	80.0	80.0	81.0	79.0	79.0	115.0
211.114	79.0	78.0	84.0	82.0	79.0	85.0	81.0	79.0	121.0	82.0	81.0	108.0	78.0	86.0	76.0	81.0	76.0	75.0	79.0	108.0
211.209	76.0	85.0	83.0	82.0	78.0	84.0	80.0	84.0	119.0	88.0	91.0	115.0	84.0	80.0	90.0	87.0	86.0	78.0	80.0	114.0
211.304	74.0	86.0	88.0	76.0	77.0	82.0	78.0	81.0	120.0	78.0	80.0	110.0	76.0	84.0	78.0	84.0	90.0	82.0	80.0	117.0
211.399	71.0	74.0	86.0	80.0	80.0	81.0	78.0	80.0	119.0	80.0	81.0	111.0	77.0	83.0	81.0	79.0	88.0	85.0	78.0	117.0
211.494	77.0	75.0	78.0	85.0	84.0	87.0	78.0	80.0	119.0	81.0	79.0	113.0	81.0	83.0	77.0	80.0	89.0	81.0	78.0	113.0
211.59	85.0	82.0	90.0	84.0	81.0	82.0	80.0	86.0	128.0	85.0	83.0	111.0	78.0	88.0	88.0	90.0	86.0	79.0	87.0	115.0
211.685	88.0	90.0	91.0	92.0	88.0	94.0	85.0	86.0	131.0	88.0	87.0	122.0	92.0	84.0	95.0	93.0	96.0	83.0	88.0	122.0
211.78	90.0	87.0	102.0	92.0	93.0	100.0	89.0	90.0	128.0	94.0	87.0	122.0	89.0	93.0	99.0	89.0	93.0	92.0	98.0	126.0
211.875	79.0	79.0	86.0	85.0	83.0	87.0	74.0	84.0	118.0	88.0	81.0	112.0	84.0	86.0	86.0	83.0	85.0	81.0	78.0	119.0
211.97	80.0	78.0	89.0	84.0	84.0	90.0	71.0	84.0	118.0	80.0	85.0	108.0	77.0	86.0	82.0	82.0	87.0	80.0	82.0	110.0
212.065	88.0	93.0	95.0	87.0	93.0	96.0	90.0	80.0	128.0	87.0	87.0	121.0	84.0	89.0	87.0	95.0	92.0	82.0	89.0	117.0
212.16	80.0	77.0	91.0	82.0	82.0	84.0	76.0	79.0	120.0	85.0	79.0	116.0	80.0	82.0	83.0	78.0	84.0	83.0	81.0	110.0
212.255	81.0	77.0	87.0	82.0	84.0	85.0	79.0	86.0	115.0	84.0	82.0	112.0	84.0	81.0	83.0	80.0	78.0	85.0	82.0	114.0
212.35	81.0	81.0	86.0	87.0	81.0	83.0	76.0	85.0	112.0	81.0	85.0	110.0	81.0	83.0	80.0	86.0	77.0	78.0	80.0	108.0
212.446	85.0	80.0	83.0	86.0	80.0	84.0	76.0	87.0	123.0	86.0	87.0	117.0	75.0	76.0	82.0	78.0	84.0	75.0	79.0	107.0
212.541	83.0	82.0	88.0	82.0	84.0	85.0	81.0	79.0	123.0	83.0	86.0	118.0	86.0	82.0	87.0	81.0	85.0	82.0	85.0	119.0
212.636	86.0	84.0	95.0	89.0	95.0	97.0	82.0	90.0	137.0	96.0	87.0	113.0	91.0	92.0	91.0	87.0	93.0	93.0	92.0	119.0
212.731	79.0	83.0	82.0	79.0	84.0	85.0	75.0	82.0	121.0	81.0	83.0	107.0	77.0	87.0	82.0	79.0	79.0	76.0	82.0	107.0
212.827	79.0	80.0	85.0	77.0	83.0	81.0	72.0	82.0	118.0	83.0	86.0	113.0	73.0	81.0	77.0	87.0	81.0	75.0	82.0	113.0
212.922	66.0	87.0	80.0	84.0	82.0	86.0	84.0	86.0	120.0	81.0	81.0	109.0	79.0	82.0	78.0	80.0	80.0	84.0	88.0	111.0
213.017	72.0	77.0	89.0	80.0	81.0	89.0	82.0	82.0	118.0	82.0	77.0	108.0	79.0	84.0	79.0	86.0	84.0	79.0	80.0	110.0
213.112	77.0	78.0	90.0	80.0	86.0	82.0	80.0	81.0	120.0	86.0	79.0	110.0	85.0	84.0	87.0	85.0	81.0	81.0	80.0	112.0
213.208	76.0	79.0	86.0	80.0	85.0	86.0	76.0	86.0	125.0	82.0	86.0	109.0	82.0	81.0	85.0	90.0	86.0	79.0	76.0	107.0
213.303	80.0	84.0	96.0	86.0	91.0	93.0	80.0	78.0	126.0	93.0	86.0	110.0	80.0	84.0	85.0	87.0	84.0	77.0	82.0	115.0
213.398	73.0	75.0	92.0	86.0	86.0	88.0	78.0	85.0	126.0	84.0	82.0	105.0	79.0	83.0	83.0	79.0	81.0	85.0	78.0	109.0
213.494	75.0	80.0	83.0	84.0	80.0	84.0	72.0	83.0	120.0	83.0	83.0	107.0	82.0	88.0	85.0	78.0	82.0	86.0	81.0	111.0
213.589	75.0	82.0	87.0	83.0	82.0	84.0	78.0	84.0	127.0	83.0	86.0	109.0	83.0	81.0	86.0	88.0	89.0	83.0	83.0	113.0
213.684	79.0	81.0	90.0	76.0	82.0	86.0	86.0	79.0	122.0	88.0	83.0	108.0	86.0	79.0	78.0	83.0	83.0	78.0	79.0	113.0
213.78	76.0	83.0	88.0	81.0	84.0	88.0	82.0	85.0	119.0	87.0	86.0	114.0	84.0	84.0	81.0	83.0	81.0	81.0	85.0	118.0
213.875	77.0	80.0	87.0	86.0	78.0	83.0	75.0	79.0	119.0	84.0	81.0	116.0	83.0	80.0	80.0	83.0	76.0	80.0	81.0	111.0
213.971	79.0	83.0	90.0	79.0	74.0	83.0	77.0	80.0	122.0	83.0	81.0	110.0	83.0	82.0	81.0	83.0	89.0	81.0	81.0	109.0
214.066	76.0	78.0	89.0	81.0	79.0	86.0	72.0	77.0	122.0	84.0	81.0	104.0	78.0	83.0	78.0	86.0	90.0	75.0	83.0	110.0
214.162	80.0	74.0	82.0	79.0	81.0	91.0	78.0	75.0	117.0	84.0	78.0	108.0	84.0	82.0	80.0	77.0	83.0	77.0	78.0	111.0
214.257	75.0	77.0	88.0	83.0	81.0	87.0	76.0	86.0	120.0	87.0	83.0	111.0	80.0	87.0	85.0	83.0	77.0	73.0	81.0	116.0
214.353	81.0	87.0	83.0	78.0	80.0	81.0	72.0	86.0	121.0	81.0	83.0	117.0	77.0	82.0	77.0	75.0	87.0	82.0	83.0	113.0
214.448	78.0	76.0	91.0	83.0	81.0	86.0	76.0	80.0	120.0	77.0	82.0	115.0	77.0	83.0	81.0	79.0	83.0	81.0	84.0	114.0
214.544	78.0	80.0	90.0	79.0	90.0	89.0	82.0	86.0	120.0	86.0	83.0	110.0	79.0	85.0	84.0	81.0	86.0	84.0	84.0	114.0
214.639	80.0	82.0	89.0	84.0	84.0	81.0	77.0	77.0	120.0	84.0	85.0	111.0	78.0	86.0	88.0	83.0	82.0	79.0	84.0	112.0
214.735	79.0	85.0	86.0	83.0	75.0	84.0	83.0	82.0	123.0	86.0	80.0	111.0	78.0	92.0	84.0	87.0	88.0	81.0	85.0	112.0
214.83	83.0	84.0	90.0	84.0	92.0	93.0	81.0	80.0	125.0	85.0	84.0	107.0	81.0	89.0	80.0	87.0	85.0	81.0	85.0	113.0
214.926	81.0	81.0	89.0	85.0	83.0	92.0	77.0	76.0	124.0	88.0	86.0	112.0	80.0	89.0	87.0	85.0	81.0	91.0	82.0	112.0
215.022	79.0	81.0	89.0	81.0	87.0	90.0	80.0	89.0	124.0	83.0	86.0	115.0	84.0	96.0	80.0	82.0	92.0	81.0	86.0	116.0
215.117	82.0	87.0	86.0	81.0	86.0	94.0	84.0	90.0	124.0	84.0	85.0	117.0	81.0	88.0	87.0	91.0	83.0	76.0	84.0	115.0
215.213	85.0	87.0	92.0	91.0	93.0	93.0	81.0	89.0	135.0	86.0	87.0	117.0	86.0	92.0	89.0	89.0	83.0	87.0	89.0	117.0
215.308	76.0	88.0	92.0	81.0	97.0	95.0	80.0	90.0	129.0	91.0	81.0	115.0	85.0	90.0	92.0	77.0	86.0	90.0	92.0	122.0
215.404	81.0	85.0	89.0	86.0	92.0	91.0	81.0	86.0	122.0	88.0	84.0	112.0	88.0	90.0	93.0	90.0	85.0	83.0	86.0	117.0
215.5	80.0	82.0	92.0	82.0	81.0	89.0	76.0	82.0	122.0	87.0	81.0	116.0	80.0	86.0	85.0	86.0	92.0	85.0	86.0	117.0
215.596	80.0	85.0	86.0	82.0	88.0	95.0	80.0	84.0	125.0	84.0	86.0	118.0	83.0	84.0	94.0	86.0	85.0	85.0	79.0	118.0
215.691	73.0	78.0	84.0	81.0	89.0	95.0	83.0	80.0	123.0	89.0	87.0	114.0	83.0	85.0	85.0	84.0	80.0	82.0	80.0	113.0
215.787	81.0	83.0	88.0	90.0	88.0	89.0	82.0	84.0	128.0	87.0	82.0	109.0	85.0	88.0	86.0	81.0	77.0	82.0	87.0	118.0
215.883	79.0	82.0	86.0	86.0	81.0	84.0	81.0	86.0	119.0	81.0	85.0	113.0	85.0	84.0	85.0	79.0	87.0	79.0	84.0	114.0
215.979	78.0	77.0	85.0	84.0	85.0	91.0	80.0	86.0	120.0	77.0	79.0	105.0	83.0	83.0	82.0	88.0	83.0	79.0	78.0	111.0
216.074	86.0	97.0	103.0	98.0	105.0	103.0	102.0	97.0	138.0	104.0	100.0	132.0	101.0	97.0	101.0	104.0	100.0	97.0	100.0	132.0
216.17	81.0	74.0	87.0	85.0	90.0	90.0	81.0	86.0	122.0	86.0	87.0	115.0	78.0	83.0	82.0	80.0	86.0	84.0	82.0	118.0
216.266	82.0	88.0	96.0	88.0	84.0	88.0	83.0	90.0	125.0	85.0	91.0	121.0	84.0	92.0	91.0	92.0	92.0	88.0	93.0	119.0
216.362	87.0	85.0	92.0	86.0	83.0	91.0	85.0	83.0	129.0	86.0	88.0	118.0	82.0	83.0	86.0	88.0	88.0	78.0	80.0	109.0
216.458	76.0	79.0	84.0	83.0	86.0	86.0	74.0	82.0	118.0	81.0	86.0	110.0	81.0	82.0	80.0	82.0	86.0	84.0	78.0	116.0
216.553	79.0	80.0	88.0	81.0	81.0	92.0	78.0	84.0	122.0	84.0	85.0	110.0	85.0	86.0	80.0	84.0	86.0	84.0	83.0	112.0
216.649	84.0	75.0	78.0	87.0	80.0	90.0	78.0	84.0	116.0	79.0	82.0	114.0	80.0	90.0	87.0	89.0	82.0	76.0	84.0	116.0
216.745	82.0	80.0	85.0	88.0	86.0	84.0	75.0	86.0	121.0	80.0	85.0	109.0	75.0	79.0	80.0	84.0	90.0	77.0	81.0	109.0
216.841	79.0	80.0	90.0	86.0	82.0	92.0	81.0	87.0	128.0	91.0	86.0	115.0	77.0	85.0	79.0	82.0	83.0	78.0	83.0	118.0
216.937	78.0	80.0	83.0	85.0	84.0	90.0	79.0	81.0	117.0	86.0	86.0	108.0	83.0	81.0	83.0	78.0	78.0	76.0	84.0	113.0
217.033	80.0	78.0	90.0	80.0	78.0	80.0	82.0	82.0	117.0	81.0	79.0	113.0	81.0	82.0	82.0	85.0	86.0	79.0	86.0	113.0
217.129	86.0	85.0	89.0	83.0	83.0	85.0	77.0	79.0	122.0	85.0	80.0	104.0	82.0	76.0	86.0	84.0	81.0	82.0	82.0	114.0
217.225	81.0	83.0	93.0	85.0	87.0	87.0	81.0	83.0	126.0	84.0	81.0	113.0	80.0	92.0	86.0	89.0	84.0	75.0	84.0	118.0
217.321	77.0	77.0	91.0	89.0	82.0	87.0	85.0	81.0	124.0	86.0	78.0	111.0	84.0	82.0	84.0	90.0	82.0	82.0	85.0	114.0
217.417	74.0	86.0	84.0	89.0	80.0	88.0	80.0	87.0	122.0	87.0	87.0	113.0	84.0	82.0	84.0	86.0	78.0	79.0	84.0	116.0
217.513	85.0	82.0	81.0	84.0	85.0	89.0	78.0	89.0	121.0	77.0	85.0	114.0	81.0	92.0	81.0	82.0	87.0	78.0	84.0	105.0
217.609	76.0	85.0	87.0	81.0	91.0	87.0	83.0	84.0	131.0	82.0	80.0	110.0	78.0	88.0	80.0	84.0	89.0	74.0	81.0	114.0
217.705	79.0	81.0	87.0	85.0	83.0	88.0	83.0	79.0	117.0	84.0	80.0	108.0	81.0	84.0	80.0	85.0	85.0	81.0	79.0	114.0
217.801	78.0	84.0	94.0	81.0	77.0	84.0	82.0	87.0	121.0	85.0	82.0	109.0	81.0	85.0	85.0	81.0	86.0	81.0	87.0	113.0
217.897	74.0	85.0	88.0	87.0	83.0	89.0	79.0	86.0	121.0	86.0	87.0	113.0	79.0	82.0	81.0	87.0	84.0	76.0	80.0	115.0
217.993	80.0	83.0	86.0	83.0	78.0	87.0	79.0	82.0	120.0	86.0	85.0	105.0	84.0	87.0	86.0	88.0	86.0	79.0	81.0	116.0
218.089	100.0	96.0	106.0	101.0	111.0	109.0	100.0	99.0	144.0	105.0	103.0	136.0	105.0	110.0	109.0	113.0	101.0	103.0	114.0	138.0
218.185	82.0	85.0	87.0	89.0	87.0	91.0	75.0	90.0	122.0	89.0	89.0	118.0	92.0	92.0	92.0	88.0	87.0	85.0	88.0	119.0
218.282	80.0	85.0	79.0	84.0	88.0	92.0	81.0	83.0	120.0	81.0	88.0	115.0	82.0	90.0	87.0	83.0	86.0	78.0	86.0	119.0
218.378	75.0	80.0	89.0	84.0	83.0	91.0	82.0	87.0	122.0	87.0	84.0	115.0	79.0	86.0	83.0	92.0	86.0	80.0	82.0	119.0
218.474	77.0	82.0	88.0	87.0	89.0	97.0	76.0	83.0	120.0	86.0	78.0	117.0	87.0	90.0	82.0	88.0	79.0	82.0	83.0	119.0
218.57	83.0	85.0	87.0	85.0	84.0	85.0	84.0	89.0	126.0	83.0	84.0	112.0	87.0	92.0	85.0	88.0	91.0	84.0	86.0	114.0
218.666	82.0	82.0	84.0	86.0	83.0	91.0	77.0	81.0	124.0	84.0	84.0	110.0	85.0	79.0	85.0	87.0	86.0	83.0	78.0	112.0
218.762	86.0	86.0	90.0	89.0	86.0	98.0	84.0	84.0	130.0	89.0	87.0	116.0	90.0	84.0	88.0	91.0	93.0	86.0	84.0	122.0
218.859	74.0	85.0	94.0	88.0	89.0	88.0	87.0	85.0	131.0	87.0	87.0	117.0	85.0	90.0	88.0	84.0	88.0	93.0	90.0	118.0
218.955	81.0	79.0	85.0	84.0	88.0	92.0	75.0	87.0	121.0	89.0	86.0	113.0	83.0	84.0	86.0	88.0	83.0	79.0	85.0	113.0
219.051	74.0	77.0	86.0	80.0	84.0	87.0	70.0	81.0	118.0	81.0	82.0	120.0	80.0	83.0	83.0	86.0	83.0	77.0	76.0	113.0
219.147	79.0	81.0	87.0	80.0	82.0	88.0	79.0	80.0	126.0	81.0	86.0	107.0	83.0	85.0	84.0	86.0	82.0	82.0	76.0	111.0
219.244	77.0	85.0	88.0	84.0	82.0	84.0	84.0	81.0	119.0	82.0	82.0	116.0	85.0	83.0	84.0	78.0	82.0	82.0	82.0	114.0
219.34	79.0	79.0	88.0	87.0	80.0	84.0	84.0	86.0	121.0	92.0	90.0	119.0	89.0	88.0	90.0	88.0	90.0	85.0	86.0	113.0
219.436	83.0	78.0	85.0	85.0	85.0	87.0	84.0	84.0	123.0	90.0	87.0	112.0	77.0	87.0	88.0	90.0	86.0	77.0	80.0	109.0
219.533	84.0	90.0	92.0	90.0	86.0	93.0	78.0	81.0	127.0	84.0	86.0	111.0	88.0	85.0	82.0	85.0	88.0	82.0	81.0	114.0
219.629	82.0	78.0	90.0	84.0	84.0	86.0	72.0	82.0	118.0	83.0	83.0	116.0	83.0	85.0	80.0	86.0	85.0	74.0	84.0	112.0
219.725	80.0	86.0	94.0	84.0	82.0	91.0	73.0	82.0	130.0	90.0	78.0	118.0	86.0	85.0	79.0	81.0	82.0	80.0	81.0	112.0
219.822	84.0	84.0	84.0	86.0	89.0	92.0	83.0	88.0	127.0	85.0	83.0	115.0	88.0	88.0	88.0	88.0	87.0	77.0	84.0	112.0
219.918	79.0	81.0	88.0	79.0	85.0	90.0	83.0	88.0	119.0	86.0	84.0	113.0	84.0	84.0	83.0	88.0	85.0	78.0	80.0	114.0
220.015	84.0	90.0	93.0	87.0	86.0	95.0	88.0	92.0	127.0	96.0	81.0	116.0	87.0	84.0	82.0	87.0	89.0	83.0	92.0	129.0
220.111	78.0	77.0	84.0	79.0	87.0	85.0	80.0	80.0	114.0	84.0	83.0	116.0	83.0	86.0	83.0	79.0	82.0	78.0	81.0	119.0
220.208	75.0	78.0	86.0	85.0	80.0	83.0	85.0	81.0	122.0	86.0	81.0	110.0	81.0	81.0	84.0	84.0	85.0	74.0	87.0	113.0
220.304	80.0	82.0	92.0	82.0	80.0	87.0	79.0	79.0	124.0	91.0	90.0	114.0	84.0	87.0	81.0	82.0	90.0	83.0	77.0	113.0
220.4	77.0	75.0	88.0	83.0	84.0	88.0	85.0	82.0	120.0	89.0	82.0	113.0	86.0	80.0	84.0	84.0	86.0	76.0	83.0	113.0
220.497	79.0	82.0	86.0	84.0	82.0	89.0	77.0	88.0	123.0	85.0	84.0	115.0	84.0	87.0	83.0	85.0	82.0	80.0	81.0	112.0
220.593	84.0	83.0	83.0	89.0	85.0	88.0	72.0	82.0	125.0	77.0	85.0	113.0	86.0	83.0	84.0	87.0	90.0	80.0	83.0	115.0
220.69	77.0	82.0	84.0	78.0	86.0	86.0	76.0	87.0	123.0	84.0	85.0	110.0	79.0	81.0	86.0	83.0	86.0	83.0	78.0	116.0
220.786	87.0	88.0	102.0	87.0	96.0	98.0	88.0	96.0	131.0	103.0	87.0	124.0	90.0	98.0	94.0	96.0	100.0	93.0	94.0	119.0
220.883	70.0	80.0	86.0	87.0	82.0	83.0	81.0	84.0	119.0	87.0	79.0	112.0	81.0	84.0	87.0	85.0	90.0	77.0	83.0	118.0
220.98	79.0	81.0	84.0	84.0	81.0	84.0	78.0	83.0	116.0	85.0	79.0	117.0	87.0	86.0	84.0	77.0	89.0	80.0	81.0	112.0
221.076	80.0	86.0	86.0	84.0	81.0	85.0	80.0	82.0	119.0	83.0	82.0	113.0	84.0	81.0	82.0	84.0	85.0	81.0	77.0	112.0
221.173	84.0	84.0	93.0	77.0	92.0	88.0	86.0	82.0	125.0	83.0	84.0	109.0	88.0	82.0	87.0	84.0	84.0	82.0	85.0	117.0
221.269	81.0	78.0	94.0	81.0	84.0	85.0	81.0	85.0	121.0	86.0	84.0	112.0	80.0	82.0	80.0	81.0	80.0	81.0	86.0	117.0
221.366	78.0	74.0	87.0	85.0	83.0	87.0	76.0	85.0	118.0	80.0	79.0	115.0	79.0	84.0	84.0	85.0	85.0	78.0	83.0	110.0
221.463	77.0	83.0	84.0	84.0	93.0	91.0	78.0	84.0	120.0	76.0	84.0	109.0	77.0	85.0	82.0	87.0	84.0	85.0	85.0	116.0
221.559	77.0	81.0	90.0	81.0	81.0	89.0	83.0	85.0	119.0	82.0	80.0	112.0	77.0	84.0	82.0	82.0	92.0	80.0	80.0	113.0
221.656	78.0	85.0	90.0	90.0	85.0	94.0	83.0	83.0	124.0	90.0	88.0	119.0	85.0	83.0	87.0	83.0	88.0	85.0	83.0	114.0
221.753	74.0	81.0	87.0	82.0	76.0	81.0	76.0	82.0	122.0	87.0	83.0	117.0	82.0	83.0	90.0	82.0	83.0	83.0	80.0	110.0
221.849	84.0	86.0	88.0	86.0	85.0	91.0	81.0	88.0	133.0	87.0	86.0	114.0	87.0	83.0	84.0	86.0	84.0	81.0	79.0	119.0
221.946	76.0	84.0	92.0	83.0	88.0	89.0	79.0	85.0	121.0	90.0	83.0	119.0	84.0	88.0	86.0	86.0	88.0	80.0	84.0	124.0
222.043	80.0	87.0	94.0	88.0	87.0	92.0	82.0	84.0	126.0	86.0	84.0	116.0	80.0	91.0	86.0	82.0	83.0	84.0	92.0	122.0
222.14	83.0	86.0	87.0	90.0	94.0	98.0	82.0	94.0	132.0	93.0	86.0	116.0	88.0	100.0	91.0	90.0	84.0	80.0	89.0	124.0
222.236	87.0	87.0	87.0	83.0	90.0	89.0	78.0	86.0	131.0	88.0	86.0	114.0	84.0	90.0	92.0	88.0	85.0	78.0	88.0	120.0
222.333	84.0	86.0	82.0	77.0	91.0	93.0	84.0	82.0	128.0	89.0	84.0	111.0	82.0	87.0	84.0	90.0	86.0	91.0	87.0	121.0
222.43	79.0	92.0	91.0	78.0	108.0	99.0	82.0	94.0	128.0	98.0	88.0	118.0	92.0	101.0	95.0	88.0	84.0	89.0	97.0	132.0
222.527	83.0	86.0	93.0	86.0	98.0	96.0	87.0	91.0	132.0	94.0	93.0	123.0	88.0	95.0	94.0	88.0	90.0	81.0	88.0	118.0
222.624	82.0	81.0	92.0	84.0	88.0	94.0	82.0	89.0	128.0	89.0	94.0	117.0	92.0	89.0	89.0	90.0	82.0	87.0	83.0	116.0
222.72	80.0	79.0	90.0	84.0	88.0	88.0	80.0	84.0	126.0	88.0	84.0	112.0	81.0	86.0	80.0	86.0	85.0	83.0	82.0	119.0
222.817	78.0	78.0	80.0	81.0	88.0	89.0	81.0	84.0	122.0	87.0	85.0	110.0	87.0	83.0	90.0	88.0	78.0	84.0	82.0	115.0
222.914	83.0	82.0	87.0	81.0	84.0	90.0	76.0	85.0	119.0	86.0	85.0	112.0	82.0	82.0	85.0	83.0	84.0	81.0	85.0	115.0
223.011	76.0	82.0	86.0	84.0	84.0	84.0	73.0	86.0	126.0	81.0	83.0	108.0	84.0	85.0	83.0	83.0	85.0	78.0	79.0	112.0
223.108	92.0	93.0	96.0	90.0	97.0	102.0	88.0	95.0	132.0	96.0	88.0	120.0	87.0	96.0	95.0	98.0	96.0	98.0	93.0	127.0
223.205	82.0	82.0	90.0	89.0	97.0	94.0	81.0	90.0	124.0	86.0	86.0	114.0	86.0	85.0	87.0	91.0	86.0	84.0	94.0	122.0
223.302	74.0	84.0	88.0	78.0	75.0	90.0	75.0	86.0	123.0	87.0	82.0	115.0	85.0	82.0	90.0	81.0	87.0	81.0	85.0	114.0
223.399	78.0	82.0	85.0	78.0	80.0	83.0	83.0	80.0	118.0	84.0	83.0	110.0	81.0	85.0	80.0	91.0	83.0	84.0	80.0	110.0
223.496	81.0	82.0	87.0	85.0	87.0	87.0	79.0	85.0	126.0	84.0	83.0	116.0	79.0	90.0	86.0	85.0	90.0	81.0	80.0	120.0
223.593	77.0	78.0	87.0	87.0	91.0	87.0	80.0	83.0	125.0	85.0	84.0	113.0	86.0	85.0	84.0	86.0	84.0	85.0	84.0	113.0
223.69	104.0	109.0	116.0	114.0	110.0	113.0	95.0	114.0	145.0	113.0	107.0	138.0	112.0	104.0	108.0	116.0	113.0	104.0	113.0	142.0
223.787	77.0	80.0	88.0	80.0	80.0	87.0	82.0	88.0	123.0	85.0	88.0	119.0	79.0	86.0	92.0	83.0	88.0	79.0	84.0	112.0
223.884	82.0	82.0	83.0	77.0	84.0	91.0	85.0	81.0	122.0	82.0	76.0	117.0	78.0	79.0	88.0	85.0	89.0	82.0	83.0	117.0
223.981	78.0	76.0	88.0	81.0	84.0	96.0	81.0	81.0	119.0	84.0	80.0	114.0	88.0	87.0	77.0	82.0	88.0	77.0	80.0	119.0
224.078	88.0	87.0	90.0	91.0	84.0	89.0	91.0	89.0	126.0	90.0	89.0	119.0	91.0	93.0	83.0	89.0	88.0	83.0	91.0	121.0
224.175	79.0	80.0	86.0	84.0	79.0	86.0	79.0	81.0	122.0	88.0	87.0	113.0	92.0	84.0	85.0	84.0	88.0	80.0	86.0	116.0
224.272	78.0	78.0	84.0	83.0	88.0	95.0	84.0	81.0	124.0	85.0	84.0	112.0	86.0	81.0	88.0	86.0	86.0	81.0	76.0	122.0
224.369	85.0	76.0	91.0	83.0	92.0	94.0	84.0	87.0	126.0	89.0	84.0	113.0	84.0	92.0	87.0	87.0	85.0	83.0	89.0	120.0
224.466	82.0	84.0	86.0	84.0	87.0	93.0	77.0	87.0	127.0	92.0	89.0	115.0	88.0	89.0	91.0	85.0	86.0	79.0	85.0	125.0
224.563	79.0	83.0	91.0	79.0	86.0	87.0	76.0	82.0	122.0	85.0	82.0	116.0	84.0	87.0	85.0	82.0	89.0	78.0	84.0	114.0
224.66	81.0	80.0	83.0	83.0	91.0	95.0	84.0	85.0	129.0	84.0	82.0	112.0	84.0	89.0	88.0	86.0	85.0	88.0	81.0	119.0
224.757	76.0	91.0	91.0	85.0	93.0	100.0	87.0	92.0	124.0	88.0	82.0	118.0	83.0	97.0	84.0	83.0	90.0	86.0	88.0	121.0
224.855	84.0	81.0	88.0	88.0	87.0	89.0	79.0	88.0	124.0	92.0	84.0	113.0	86.0	85.0	86.0	80.0	87.0	80.0	84.0	107.0
224.952	79.0	85.0	84.0	81.0	82.0	86.0	81.0	87.0	123.0	88.0	83.0	118.0	80.0	85.0	84.0	84.0	80.0	78.0	83.0	112.0
225.049	77.0	80.0	87.0	82.0	83.0	87.0	78.0	82.0	125.0	82.0	86.0	112.0	80.0	78.0	87.0	84.0	84.0	81.0	83.0	119.0
225.146	82.0	79.0	91.0	83.0	87.0	90.0	78.0	86.0	124.0	90.0	81.0	113.0	82.0	90.0	88.0	85.0	80.0	76.0	81.0	118.0
225.243	82.0	80.0	83.0	87.0	87.0	86.0	77.0	82.0	119.0	89.0	86.0	120.0	87.0	86.0	87.0	80.0	81.0	80.0	85.0	113.0
225.341	83.0	80.0	88.0	85.0	88.0	93.0	77.0	89.0	126.0	83.0	85.0	115.0	89.0	86.0	87.0	82.0	83.0	77.0	87.0	121.0
225.438	87.0	85.0	85.0	85.0	106.0	100.0	81.0	101.0	137.0	97.0	96.0	128.0	86.0	105.0	102.0	92.0	88.0	88.0	98.0	132.0
225.535	92.0	90.0	91.0	80.0	111.0	101.0	89.0	98.0	136.0	100.0	85.0	127.0	89.0	117.0	99.0	92.0	83.0	94.0	100.0	135.0
225.633	78.0	89.0	91.0	86.0	85.0	95.0	89.0	88.0	125.0	91.0	82.0	124.0	83.0	98.0	86.0	84.0	89.0	89.0	95.0	121.0
225.73	83.0	86.0	88.0	87.0	83.0	86.0	84.0	84.0	124.0	92.0	86.0	117.0	86.0	90.0	89.0	86.0	87.0	84.0	87.0	117.0
225.827	81.0	80.0	91.0	88.0	90.0	89.0	83.0	79.0	125.0	87.0	84.0	109.0	83.0	88.0	83.0	86.0	89.0	81.0	81.0	119.0
225.924	77.0	80.0	86.0	82.0	89.0	87.0	86.0	82.0	120.0	83.0	84.0	113.0	82.0	84.0	85.0	87.0	88.0	80.0	82.0	118.0
226.022	88.0	88.0	96.0	98.0	97.0	105.0	87.0	91.0	134.0	102.0	91.0	125.0	89.0	100.0	96.0	94.0	92.0	92.0	93.0	123.0
226.119	82.0	81.0	85.0	86.0	88.0	89.0	74.0	88.0	121.0	85.0	86.0	116.0	87.0	87.0	89.0	87.0	88.0	80.0	87.0	116.0
226.217	85.0	88.0	88.0	81.0	103.0	104.0	86.0	97.0	141.0	94.0	94.0	126.0	89.0	102.0	96.0	94.0	89.0	98.0	96.0	132.0
226.314	88.0	92.0	92.0	85.0	115.0	106.0	91.0	103.0	141.0	101.0	88.0	120.0	100.0	118.0	98.0	99.0	87.0	102.0	105.0	130.0
226.411	80.0	85.0	95.0	86.0	95.0	93.0	89.0	91.0	129.0	89.0	83.0	114.0	86.0	91.0	89.0	88.0	88.0	89.0	91.0	125.0
226.509	80.0	79.0	91.0	84.0	81.0	83.0	83.0	85.0	120.0	87.0	81.0	116.0	89.0	84.0	80.0	77.0	81.0	80.0	79.0	114.0
226.606	84.0	80.0	96.0	88.0	85.0	94.0	79.0	87.0	128.0	81.0	85.0	114.0	84.0	85.0	91.0	86.0	97.0	80.0	85.0	120.0
226.704	84.0	84.0	93.0	88.0	100.0	89.0	86.0	92.0	123.0	85.0	88.0	118.0	89.0	91.0	86.0	88.0	95.0	83.0	87.0	123.0
226.801	73.0	81.0	88.0	86.0	86.0	89.0	79.0	90.0	130.0	88.0	80.0	111.0	82.0	87.0	82.0	84.0	82.0	85.0	82.0	117.0
226.899	77.0	84.0	91.0	80.0	84.0	97.0	78.0	87.0	127.0	91.0	84.0	118.0	89.0	87.0	85.0	94.0	86.0	82.0	86.0	115.0
226.996	78.0	77.0	82.0	81.0	87.0	90.0	78.0	83.0	133.0	87.0	82.0	113.0	87.0	90.0	89.0	87.0	82.0	74.0	87.0	119.0
227.094	85.0	84.0	83.0	85.0	90.0	93.0	85.0	89.0	127.0	88.0	83.0	109.0	88.0	90.0	87.0	89.0	94.0	83.0	91.0	123.0
227.191	74.0	82.0	91.0	86.0	85.0	91.0	85.0	83.0	116.0	87.0	83.0	116.0	94.0	83.0	79.0	76.0	84.0	82.0	83.0	122.0
227.289	82.0	81.0	84.0	85.0	79.0	86.0	80.0	84.0	119.0	82.0	89.0	119.0	84.0	84.0	88.0	85.0	89.0	79.0	83.0	112.0
227.386	78.0	81.0	92.0	85.0	84.0	91.0	76.0	84.0	121.0	86.0	90.0	115.0	82.0	92.0	88.0	89.0	90.0	83.0	85.0	118.0
227.484	80.0	83.0	85.0	89.0	89.0	90.0	84.0	82.0	124.0	98.0	84.0	120.0	85.0	81.0	86.0	90.0	84.0	79.0	84.0	122.0
227.581	79.0	79.0	88.0	86.0	84.0	91.0	84.0	89.0	124.0	88.0	82.0	120.0	82.0	94.0	85.0	85.0	79.0	79.0	88.0	116.0
227.679	97.0	93.0	108.0	96.0	98.0	102.0	99.0	103.0	137.0	104.0	102.0	132.0	99.0	104.0	93.0	103.0	94.0	91.0	100.0	129.0
227.777	81.0	86.0	87.0	90.0	86.0	89.0	90.0	88.0	129.0	83.0	90.0	109.0	83.0	89.0	88.0	92.0	90.0	83.0	86.0	120.0
227.874	84.0	78.0	81.0	80.0	84.0	89.0	80.0	86.0	123.0	86.0	79.0	111.0	79.0	84.0	83.0	89.0	87.0	72.0	86.0	115.0
227.972	71.0	82.0	88.0	82.0	87.0	90.0	76.0	85.0	117.0	88.0	84.0	116.0	78.0	85.0	79.0	80.0	83.0	82.0	84.0	115.0
228.069	75.0	81.0	86.0	88.0	81.0	85.0	74.0	88.0	125.0	88.0	84.0	114.0	88.0	89.0	80.0	82.0	85.0	77.0	82.0	112.0
228.167	79.0	84.0	89.0	83.0	86.0	86.0	81.0	80.0	126.0	82.0	82.0	113.0	89.0	96.0	93.0	84.0	91.0	82.0	84.0	114.0
228.265	80.0	80.0	84.0	86.0	84.0	89.0	80.0	81.0	118.0	85.0	88.0	109.0	83.0	80.0	84.0	84.0	88.0	79.0	85.0	119.0
228.363	85.0	82.0	93.0	92.0	86.0	92.0	84.0	85.0	123.0	89.0	87.0	112.0	88.0	86.0	85.0	87.0	88.0	86.0	79.0	115.0
228.46	77.0	81.0	93.0	84.0	81.0	90.0	76.0	88.0	122.0	82.0	81.0	114.0	84.0	88.0	87.0	84.0	82.0	80.0	86.0	119.0
228.558	73.0	80.0	89.0	81.0	79.0	91.0	78.0	81.0	127.0	87.0	86.0	115.0	81.0	92.0	81.0	83.0	87.0	78.0	84.0	117.0
228.656	85.0	78.0	76.0	77.0	85.0	91.0	79.0	84.0	123.0	85.0	79.0	111.0	80.0	85.0	83.0	87.0	86.0	78.0	83.0	109.0
228.753	98.0	100.0	106.0	98.0	105.0	106.0	101.0	107.0	137.0	103.0	100.0	138.0	100.0	101.0	103.0	99.0	108.0	100.0	106.0	139.0
228.851	80.0	81.0	94.0	82.0	85.0	82.0	83.0	88.0	128.0	90.0	85.0	109.0	86.0	87.0	84.0	88.0	85.0	83.0	84.0	118.0
228.949	82.0	82.0	86.0	80.0	78.0	84.0	81.0	88.0	124.0	85.0	84.0	113.0	85.0	87.0	85.0	87.0	87.0	79.0	81.0	115.0
229.047	80.0	84.0	91.0	88.0	89.0	91.0	76.0	85.0	126.0	84.0	79.0	110.0	85.0	86.0	90.0	91.0	95.0	80.0	82.0	120.0
229.145	80.0	81.0	86.0	89.0	80.0	88.0	79.0	86.0	124.0	87.0	81.0	110.0	85.0	80.0	84.0	86.0	81.0	84.0	84.0	123.0
229.242	81.0	80.0	89.0	80.0	87.0	87.0	78.0	84.0	124.0	88.0	82.0	112.0	87.0	91.0	79.0	82.0	83.0	81.0	83.0	115.0
229.34	82.0	84.0	84.0	86.0	86.0	88.0	76.0	87.0	128.0	81.0	92.0	122.0	79.0	91.0	85.0	83.0	84.0	76.0	86.0	122.0
229.438	80.0	79.0	84.0	78.0	86.0	94.0	77.0	85.0	122.0	82.0	84.0	115.0	83.0	83.0	82.0	85.0	87.0	77.0	85.0	116.0
229.536	79.0	80.0	83.0	84.0	92.0	92.0	80.0	85.0	123.0	91.0	83.0	111.0	77.0	84.0	74.0	84.0	86.0	84.0	83.0	117.0
229.634	79.0	85.0	85.0	86.0	95.0	88.0	86.0	90.0	124.0	97.0	91.0	119.0	87.0	91.0	84.0	85.0	92.0	83.0	88.0	121.0
229.732	84.0	86.0	90.0	89.0	83.0	86.0	87.0	89.0	128.0	88.0	92.0	115.0	86.0	87.0	92.0	86.0	90.0	82.0	85.0	117.0
229.83	83.0	79.0	84.0	83.0	84.0	88.0	81.0	81.0	124.0	85.0	81.0	112.0	83.0	86.0	82.0	81.0	84.0	79.0	86.0	120.0
229.928	82.0	86.0	91.0	90.0	94.0	93.0	80.0	91.0	129.0	93.0	88.0	114.0	92.0	100.0	84.0	87.0	92.0	90.0	95.0	126.0
230.026	81.0	77.0	89.0	86.0	84.0	86.0	77.0	89.0	119.0	89.0	84.0	115.0	82.0	92.0	83.0	82.0	77.0	79.0	88.0	112.0
230.124	78.0	82.0	91.0	85.0	84.0	89.0	80.0	87.0	122.0	86.0	81.0	118.0	83.0	87.0	86.0	88.0	89.0	80.0	87.0	117.0
230.222	79.0	82.0	80.0	84.0	82.0	83.0	81.0	83.0	121.0	82.0	77.0	110.0	81.0	87.0	90.0	84.0	87.0	81.0	78.0	112.0
230.32	79.0	82.0	87.0	84.0	92.0	85.0	80.0	84.0	121.0	86.0	78.0	115.0	82.0	82.0	81.0	85.0	79.0	86.0	82.0	115.0
230.418	79.0	80.0	85.0	88.0	90.0	88.0	80.0	85.0	122.0	85.0	80.0	123.0	86.0	89.0	79.0	88.0	90.0	82.0	90.0	117.0
230.516	88.0	85.0	91.0	89.0	87.0	86.0	83.0	87.0	128.0	92.0	88.0	115.0	84.0	92.0	93.0	83.0	96.0	80.0	80.0	120.0
230.614	82.0	79.0	90.0	88.0	86.0	81.0	83.0	82.0	127.0	87.0	83.0	108.0	86.0	86.0	85.0	87.0	91.0	78.0	84.0	120.0
230.712	84.0	78.0	88.0	85.0	92.0	84.0	86.0	88.0	129.0	86.0	88.0	113.0	86.0	91.0	90.0	87.0	89.0	87.0	87.0	118.0
230.81	83.0	83.0	88.0	85.0	85.0	89.0	86.0	88.0	121.0	85.0	85.0	117.0	86.0	86.0	85.0	88.0	88.0	83.0	79.0	116.0
230.908	80.0	87.0	85.0	87.0	79.0	82.0	74.0	88.0	124.0	83.0	82.0	117.0	84.0	91.0	82.0	85.0	85.0	75.0	79.0	120.0
231.006	82.0	82.0	89.0	89.0	86.0	92.0	79.0	88.0	129.0	87.0	79.0	115.0	85.0	94.0	89.0	91.0	87.0	81.0	87.0	123.0
231.104	83.0	84.0	87.0	88.0	85.0	92.0	80.0	88.0	118.0	88.0	80.0	114.0	75.0	92.0	90.0	93.0	87.0	87.0	83.0	125.0
231.202	78.0	84.0	86.0	84.0	87.0	89.0	80.0	84.0	124.0	84.0	83.0	113.0	81.0	86.0	82.0	80.0	81.0	86.0	88.0	118.0
231.3	78.0	81.0	84.0	83.0	85.0	87.0	84.0	83.0	125.0	89.0	88.0	115.0	83.0	93.0	84.0	88.0	82.0	81.0	86.0	113.0
231.398	83.0	81.0	89.0	88.0	81.0	82.0	83.0	78.0	127.0	85.0	78.0	113.0	86.0	84.0	87.0	87.0	88.0	83.0	79.0	121.0
231.497	78.0	79.0	88.0	88.0	84.0	87.0	81.0	83.0	122.0	81.0	80.0	112.0	84.0	79.0	88.0	92.0	95.0	83.0	90.0	114.0
231.595	78.0	82.0	88.0	85.0	83.0	90.0	83.0	89.0	122.0	89.0	82.0	117.0	86.0	88.0	86.0	87.0	88.0	80.0	84.0	114.0
231.693	77.0	84.0	88.0	86.0	82.0	82.0	76.0	90.0	122.0	85.0	82.0	111.0	85.0	86.0	87.0	89.0	86.0	78.0	82.0	114.0
231.791	89.0	92.0	94.0	94.0	93.0	98.0	92.0	96.0	129.0	92.0	93.0	118.0	92.0	92.0	92.0	93.0	97.0	89.0	84.0	126.0
231.889	83.0	83.0	89.0	87.0	87.0	97.0	83.0	86.0	125.0	82.0	86.0	116.0	81.0	89.0	83.0	87.0	93.0	87.0	81.0	119.0
231.988	75.0	79.0	94.0	87.0	88.0	91.0	76.0	88.0	125.0	85.0	86.0	110.0	86.0	92.0	78.0	82.0	82.0	82.0	81.0	116.0
232.086	79.0	77.0	89.0	87.0	78.0	85.0	82.0	88.0	128.0	90.0	90.0	115.0	83.0	84.0	84.0	87.0	85.0	79.0	87.0	117.0
232.184	76.0	81.0	89.0	83.0	86.0	88.0	79.0	81.0	124.0	85.0	83.0	111.0	82.0	83.0	89.0	87.0	91.0	84.0	84.0	117.0
232.282	79.0	80.0	87.0	85.0	88.0	95.0	83.0	85.0	129.0	87.0	81.0	113.0	83.0	84.0	84.0	85.0	89.0	77.0	89.0	118.0
232.381	80.0	80.0	88.0	84.0	86.0	88.0	80.0	84.0	124.0	85.0	86.0	110.0	80.0	85.0	86.0	85.0	87.0	80.0	86.0	120.0
232.479	82.0	88.0	90.0	78.0	90.0	93.0	78.0	91.0	122.0	93.0	89.0	119.0	88.0	85.0	87.0	88.0	84.0	81.0	87.0	116.0
232.577	82.0	88.0	85.0	85.0	88.0	93.0	79.0	90.0	127.0	88.0	82.0	116.0	87.0	91.0	84.0	88.0	88.0	77.0	90.0	124.0
232.676	81.0	87.0	89.0	86.0	91.0	94.0	79.0	94.0	123.0	90.0	85.0	122.0	85.0	96.0	94.0	87.0	85.0	82.0	89.0	118.0
232.774	80.0	86.0	90.0	89.0	94.0	92.0	85.0	93.0	129.0	91.0	86.0	116.0	87.0	94.0	90.0	87.0	89.0	86.0	91.0	116.0
232.872	81.0	85.0	90.0	91.0	93.0	86.0	85.0	90.0	131.0	94.0	93.0	116.0	86.0	95.0	85.0	93.0	91.0	82.0	98.0	124.0
232.971	90.0	88.0	95.0	93.0	91.0	93.0	89.0	92.0	133.0	94.0	90.0	114.0	91.0	98.0	100.0	94.0	89.0	85.0	92.0	125.0
233.069	84.0	80.0	83.0	85.0	87.0	95.0	82.0	85.0	133.0	86.0	85.0	110.0	84.0	85.0	86.0	87.0	88.0	78.0	88.0	118.0
233.168	78.0	79.0	90.0	86.0	92.0	94.0	81.0	83.0	130.0	86.0	83.0	115.0	88.0	90.0	89.0	87.0	89.0	83.0	87.0	123.0
233.266	75.0	84.0	90.0	81.0	88.0	92.0	74.0	90.0	127.0	91.0	84.0	118.0	82.0	94.0	88.0	91.0	88.0	93.0	87.0	127.0
233.364	76.0	83.0	84.0	90.0	86.0	91.0	82.0	90.0	127.0	85.0	86.0	118.0	82.0	95.0	87.0	87.0	89.0	75.0	88.0	121.0
233.463	82.0	82.0	90.0	86.0	89.0	95.0	86.0	91.0	124.0	87.0	81.0	114.0	80.0	96.0	95.0	90.0	85.0	84.0	88.0	125.0
233.561	82.0	79.0	86.0	78.0	95.0	98.0	84.0	92.0	126.0	94.0	87.0	124.0	89.0	100.0	91.0	90.0	82.0	87.0	100.0	128.0
233.66	83.0	86.0	93.0	89.0	92.0	105.0	84.0	98.0	129.0	95.0	85.0	122.0	87.0	96.0	91.0	89.0	83.0	92.0	94.0	123.0
233.758	89.0	92.0	92.0	90.0	92.0	99.0	81.0	98.0	136.0	98.0	87.0	120.0	90.0	94.0	89.0	96.0	92.0	91.0	88.0	122.0
233.857	79.0	87.0	87.0	83.0	89.0	90.0	82.0	84.0	128.0	90.0	88.0	113.0	77.0	88.0	92.0	94.0	88.0	86.0	88.0	125.0
233.955	77.0	85.0	86.0	84.0	98.0	90.0	82.0	87.0	125.0	91.0	85.0	118.0	86.0	92.0	86.0	90.0	83.0	86.0	95.0	122.0
234.054	90.0	94.0	90.0	86.0	100.0	96.0	83.0	95.0	133.0	90.0	87.0	122.0	88.0	95.0	93.0	88.0	83.0	90.0	97.0	127.0
234.153	87.0	86.0	91.0	89.0	97.0	95.0	82.0	96.0	127.0	96.0	88.0	115.0	89.0	99.0	99.0	92.0	89.0	79.0	98.0	128.0
234.251	85.0	85.0	83.0	86.0	85.0	90.0	82.0	91.0	128.0	88.0	84.0	119.0	77.0	93.0	96.0	92.0	86.0	83.0	96.0	123.0
234.35	83.0	87.0	87.0	85.0	94.0	91.0	79.0	88.0	124.0	87.0	80.0	116.0	84.0	94.0	89.0	86.0	87.0	85.0	91.0	129.0
234.448	81.0	82.0	92.0	88.0	87.0	94.0	85.0	89.0	126.0	91.0	86.0	120.0	94.0	89.0	88.0	86.0	90.0	91.0	92.0	122.0
234.547	78.0	82.0	88.0	86.0	85.0	85.0	81.0	91.0	128.0	85.0	79.0	113.0	84.0	87.0	90.0	90.0	87.0	81.0	78.0	120.0
234.645	84.0	80.0	88.0	91.0	84.0	92.0	86.0	89.0	125.0	90.0	83.0	115.0	84.0	96.0	84.0	92.0	87.0	86.0	90.0	124.0
234.744	78.0	84.0	89.0	85.0	93.0	96.0	83.0	90.0	128.0	94.0	87.0	118.0	89.0	92.0	86.0	92.0	89.0	88.0	92.0	124.0
234.843	88.0	82.0	95.0	89.0	88.0	91.0	81.0	89.0	131.0	91.0	88.0	119.0	91.0	92.0	88.0	89.0	85.0	87.0	95.0	131.0
234.941	77.0	83.0	86.0	86.0	91.0	91.0	74.0	89.0	128.0	86.0	87.0	116.0	88.0	94.0	85.0	88.0	89.0	78.0	90.0	118.0
235.04	84.0	82.0	86.0	85.0	88.0	88.0	82.0	83.0	116.0	89.0	79.0	111.0	77.0	86.0	85.0	86.0	93.0	80.0	85.0	123.0
235.139	80.0	82.0	90.0	84.0	89.0	93.0	80.0	85.0	122.0	90.0	80.0	120.0	88.0	89.0	83.0	82.0	88.0	86.0	86.0	126.0
235.238	80.0	79.0	82.0	85.0	89.0	92.0	82.0	85.0	122.0	89.0	88.0	122.0	88.0	88.0	80.0	89.0	91.0	84.0	86.0	118.0
235.336	88.0	88.0	87.0	86.0	87.0	96.0	78.0	92.0	124.0	88.0	87.0	111.0	86.0	82.0	89.0	93.0	90.0	85.0	91.0	122.0
235.435	81.0	87.0	89.0	90.0	89.0	92.0	84.0	82.0	129.0	84.0	91.0	112.0	80.0	80.0	91.0	91.0	86.0	83.0	88.0	127.0
235.534	80.0	77.0	84.0	88.0	85.0	93.0	81.0	87.0	129.0	82.0	80.0	113.0	82.0	81.0	82.0	87.0	84.0	79.0	86.0	113.0
235.632	80.0	83.0	83.0	85.0	89.0	87.0	79.0	86.0	121.0	89.0	85.0	118.0	88.0	87.0	86.0	86.0	84.0	82.0	86.0	118.0
235.731	80.0	87.0	89.0	84.0	85.0	88.0	80.0	86.0	124.0	82.0	90.0	112.0	89.0	82.0	90.0	88.0	84.0	85.0	85.0	114.0
235.83	81.0	82.0	82.0	89.0	90.0	96.0	80.0	87.0	127.0	83.0	86.0	111.0	83.0	88.0	92.0	90.0	88.0	77.0	82.0	121.0
235.929	84.0	80.0	89.0	81.0	88.0	92.0	86.0	85.0	118.0	90.0	79.0	113.0	83.0	88.0	91.0	88.0	89.0	83.0	88.0	125.0
236.028	81.0	86.0	95.0	85.0	86.0	92.0	85.0	91.0	128.0	90.0	87.0	117.0	81.0	87.0	87.0	84.0	85.0	85.0	88.0	118.0
236.127	96.0	93.0	100.0	100.0	95.0	103.0	95.0	94.0	133.0	100.0	92.0	119.0	97.0	100.0	91.0	103.0	101.0	97.0	90.0	125.0
236.225	81.0	82.0	85.0	91.0	85.0	83.0	81.0	80.0	121.0	86.0	83.0	112.0	83.0	88.0	84.0	90.0	88.0	76.0	80.0	120.0
236.324	83.0	82.0	86.0	88.0	91.0	90.0	79.0	85.0	122.0	87.0	84.0	113.0	85.0	90.0	86.0	83.0	86.0	82.0	88.0	118.0
236.423	79.0	82.0	82.0	93.0	90.0	91.0	81.0	94.0	122.0	93.0	85.0	116.0	86.0	83.0	83.0	89.0	87.0	81.0	90.0	117.0
236.522	81.0	82.0	87.0	82.0	86.0	87.0	84.0	87.0	120.0	82.0	86.0	114.0	86.0	96.0	82.0	87.0	88.0	84.0	89.0	121.0
236.621	82.0	82.0	89.0	92.0	91.0	87.0	83.0	87.0	126.0	86.0	85.0	117.0	88.0	93.0	84.0	91.0	90.0	75.0	81.0	126.0
236.72	77.0	86.0	84.0	80.0	91.0	89.0	81.0	86.0	121.0	80.0	82.0	116.0	85.0	90.0	89.0	85.0	85.0	84.0	90.0	125.0
236.819	83.0	91.0	93.0	85.0	92.0	108.0	86.0	102.0	133.0	87.0	89.0	120.0	93.0	94.0	91.0	94.0	92.0	90.0	94.0	123.0
236.918	81.0	84.0	90.0	85.0	89.0	84.0	84.0	94.0	127.0	86.0	87.0	117.0	87.0	96.0	90.0	89.0	87.0	88.0	87.0	124.0
237.017	83.0	84.0	90.0	85.0	82.0	86.0	84.0	81.0	124.0	84.0	82.0	112.0	85.0	95.0	84.0	86.0	88.0	87.0	82.0	122.0
237.116	84.0	81.0	89.0	93.0	88.0	90.0	81.0	87.0	128.0	89.0	88.0	120.0	82.0	92.0	87.0	89.0	95.0	80.0	82.0	127.0
237.215	81.0	83.0	92.0	87.0	83.0	96.0	83.0	97.0	125.0	93.0	86.0	112.0	83.0	90.0	94.0	95.0	82.0	79.0	91.0	119.0
237.314	85.0	83.0	88.0	88.0	92.0	88.0	77.0	97.0	125.0	94.0	84.0	119.0	84.0	92.0	89.0	90.0	83.0	86.0	87.0	119.0
237.413	78.0	84.0	79.0	86.0	89.0	90.0	73.0	92.0	131.0	87.0	84.0	114.0	86.0	90.0	83.0	88.0	89.0	82.0	88.0	115.0
237.512	87.0	91.0	91.0	88.0	103.0	110.0	84.0	101.0	133.0	98.0	89.0	118.0	89.0	91.0	94.0	96.0	91.0	95.0	102.0	129.0
237.611	86.0	87.0	94.0	84.0	95.0	112.0	84.0	103.0	139.0	100.0	84.0	126.0	86.0	90.0	87.0	95.0	86.0	93.0	98.0	129.0
237.71	83.0	84.0	97.0	89.0	94.0	98.0	81.0	97.0	137.0	96.0	88.0	124.0	88.0	93.0	86.0	91.0	90.0	81.0	92.0	122.0
237.809	81.0	80.0	89.0	87.0	84.0	93.0	73.0	87.0	127.0	89.0	87.0	110.0	82.0	94.0	81.0	86.0	90.0	83.0	83.0	124.0
237.908	77.0	81.0	88.0	80.0	85.0	95.0	81.0	94.0	129.0	88.0	80.0	118.0	85.0	92.0	85.0	90.0	92.0	80.0	89.0	123.0
238.007	79.0	82.0	90.0	80.0	86.0	93.0	81.0	93.0	134.0	92.0	76.0	116.0	84.0	84.0	87.0	85.0	82.0	82.0	89.0	120.0
238.106	78.0	84.0	85.0	79.0	89.0	93.0	84.0	91.0	129.0	90.0	82.0	118.0	86.0	88.0	84.0	89.0	90.0	86.0	87.0	123.0
238.205	84.0	82.0	88.0	92.0	98.0	91.0	76.0	97.0	140.0	93.0	84.0	117.0	88.0	96.0	87.0	91.0	94.0	87.0	89.0	124.0
238.304	79.0	86.0	86.0	84.0	101.0	91.0	85.0	108.0	135.0	92.0	82.0	114.0	83.0	92.0	84.0	95.0	90.0	86.0	93.0	124.0
238.404	85.0	88.0	89.0	83.0	94.0	100.0	90.0	102.0	136.0	97.0	87.0	118.0	88.0	98.0	87.0	91.0	89.0	89.0	95.0	125.0
238.503	78.0	80.0	89.0	88.0	88.0	87.0	80.0	98.0	136.0	91.0	91.0	119.0	87.0	93.0	84.0	88.0	85.0	84.0	90.0	118.0
238.602	82.0	84.0	87.0	92.0	83.0	90.0	82.0	92.0	130.0	85.0	84.0	110.0	86.0	89.0	88.0	85.0	84.0	87.0	78.0	122.0
238.701	82.0	72.0	78.0	86.0	88.0	88.0	79.0	88.0	133.0	90.0	86.0	112.0	80.0	91.0	86.0	90.0	82.0	83.0	91.0	119.0
238.8	80.0	82.0	87.0	89.0	92.0	95.0	78.0	89.0	131.0	87.0	79.0	114.0	80.0	82.0	90.0	85.0	87.0	85.0	90.0	122.0
238.9	88.0	93.0	95.0	96.0	103.0	102.0	85.0	100.0	139.0	99.0	94.0	118.0	91.0	86.0	91.0	93.0	82.0	96.0	98.0	129.0
238.999	90.0	90.0	89.0	92.0	92.0	101.0	78.0	97.0	132.0	92.0	89.0	119.0	89.0	92.0	90.0	99.0	86.0	90.0	91.0	122.0
239.098	83.0	82.0	91.0	88.0	88.0	91.0	83.0	92.0	121.0	86.0	80.0	121.0	83.0	96.0	88.0	85.0	85.0	82.0	89.0	117.0
239.197	86.0	89.0	95.0	91.0	90.0	93.0	85.0	95.0	127.0	96.0	87.0	120.0	89.0	93.0	92.0	88.0	90.0	89.0	93.0	129.0
239.297	76.0	87.0	98.0	92.0	93.0	100.0	79.0	100.0	127.0	91.0	89.0	120.0	85.0	87.0	78.0	91.0	90.0	85.0	89.0	124.0
239.396	87.0	87.0	88.0	87.0	93.0	92.0	82.0	86.0	131.0	91.0	90.0	115.0	88.0	90.0	81.0	90.0	93.0	87.0	86.0	124.0
239.495	78.0	83.0	87.0	88.0	85.0	88.0	76.0	86.0	122.0	83.0	83.0	111.0	85.0	90.0	83.0	86.0	82.0	81.0	86.0	124.0
239.595	82.0	78.0	84.0	89.0	85.0	94.0	82.0	89.0	130.0	83.0	84.0	112.0	82.0	89.0	87.0	87.0	85.0	84.0	94.0	126.0
239.694	80.0	84.0	89.0	89.0	82.0	89.0	85.0	88.0	132.0	86.0	84.0	111.0	83.0	86.0	84.0	85.0	86.0	88.0	85.0	115.0
239.793	85.0	83.0	87.0	90.0	88.0	97.0	83.0	97.0	133.0	93.0	87.0	120.0	88.0	89.0	90.0	93.0	88.0	82.0	93.0	122.0
239.893	87.0	85.0	85.0	87.0	92.0	95.0	83.0	93.0	124.0	84.0	80.0	119.0	81.0	88.0	92.0	93.0	91.0	85.0	91.0	128.0
239.992	83.0	86.0	90.0	85.0	85.0	96.0	84.0	89.0	131.0	91.0	83.0	112.0	82.0	87.0	86.0	87.0	90.0	82.0	85.0	128.0
240.091	77.0	82.0	87.0	87.0	86.0	94.0	83.0	92.0	125.0	88.0	88.0	119.0	88.0	88.0	85.0	83.0	88.0	85.0	82.0	119.0
240.191	80.0	85.0	95.0	88.0	84.0	89.0	80.0	85.0	125.0	87.0	93.0	113.0	86.0	91.0	85.0	90.0	87.0	82.0	87.0	122.0
240.29	84.0	83.0	94.0	89.0	85.0	91.0	78.0	89.0	130.0	87.0	89.0	118.0	90.0	88.0	90.0	92.0	92.0	89.0	86.0	122.0
240.39	83.0	82.0	92.0	80.0	88.0	102.0	81.0	94.0	128.0	87.0	84.0	119.0	80.0	84.0	88.0	89.0	84.0	87.0	98.0	123.0
240.489	84.0	89.0	96.0	83.0	93.0	95.0	89.0	92.0	138.0	96.0	88.0	118.0	93.0	90.0	92.0	94.0	91.0	87.0	96.0	126.0
240.589	81.0	83.0	89.0	84.0	86.0	91.0	82.0	88.0	130.0	88.0	84.0	122.0	88.0	97.0	90.0	90.0	85.0	86.0	87.0	123.0
240.688	78.0	86.0	84.0	91.0	87.0	93.0	76.0	93.0	126.0	95.0	84.0	114.0	81.0	94.0	91.0	90.0	92.0	77.0	84.0	126.0
240.788	80.0	88.0	90.0	85.0	91.0	98.0	89.0	94.0	132.0	93.0	85.0	120.0	83.0	103.0	85.0	94.0	90.0	90.0	92.0	126.0
240.887	74.0	82.0	92.0	89.0	87.0	94.0	78.0	92.0	126.0	88.0	88.0	114.0	86.0	92.0	86.0	83.0	84.0	86.0	86.0	120.0
240.987	77.0	83.0	90.0	91.0	86.0	87.0	82.0	87.0	124.0	85.0	86.0	114.0	91.0	86.0	84.0	84.0	80.0	82.0	87.0	121.0
241.086	80.0	82.0	90.0	88.0	86.0	86.0	82.0	86.0	125.0	88.0	82.0	112.0	87.0	96.0	80.0	89.0	85.0	80.0	89.0	121.0
241.186	86.0	75.0	91.0	93.0	96.0	94.0	85.0	101.0	128.0	92.0	83.0	125.0	93.0	89.0	92.0	93.0	94.0	93.0	89.0	126.0
241.285	75.0	79.0	88.0	82.0	88.0	88.0	85.0	86.0	118.0	85.0	78.0	115.0	79.0	82.0	90.0	87.0	89.0	79.0	79.0	116.0
241.385	81.0	81.0	86.0	91.0	85.0	90.0	78.0	82.0	126.0	84.0	91.0	116.0	83.0	89.0	77.0	88.0	81.0	82.0	81.0	121.0
241.484	80.0	79.0	84.0	91.0	87.0	82.0	82.0	85.0	123.0	89.0	86.0	115.0	80.0	88.0	84.0	91.0	85.0	75.0	90.0	125.0
241.584	84.0	84.0	84.0	85.0	88.0	86.0	77.0	84.0	120.0	89.0	81.0	114.0	87.0	90.0	90.0	91.0	87.0	79.0	85.0	123.0
241.684	73.0	80.0	91.0	87.0	89.0	93.0	83.0	88.0	129.0	87.0	79.0	110.0	85.0	91.0	89.0	89.0	85.0	84.0	88.0	118.0
241.783	77.0	79.0	88.0	87.0	86.0	88.0	81.0	81.0	129.0	87.0	84.0	114.0	87.0	92.0	82.0	89.0	84.0	83.0	89.0	119.0
241.883	89.0	84.0	81.0	85.0	83.0	83.0	78.0	79.0	121.0	86.0	77.0	106.0	90.0	86.0	87.0	85.0	90.0	82.0	82.0	120.0
241.982	79.0	76.0	93.0	91.0	82.0	87.0	77.0	82.0	126.0	91.0	78.0	113.0	85.0	90.0	86.0	89.0	94.0	78.0	85.0	119.0
242.082	77.0	85.0	84.0	89.0	85.0	87.0	79.0	84.0	127.0	89.0	86.0	120.0	77.0	84.0	80.0	87.0	85.0	77.0	87.0	121.0
242.182	79.0	81.0	87.0	87.0	82.0	88.0	76.0	84.0	123.0	84.0	81.0	112.0	82.0	91.0	89.0	82.0	84.0	84.0	91.0	122.0
242.281	91.0	87.0	91.0	95.0	95.0	96.0	92.0	92.0	132.0	97.0	90.0	120.0	94.0	105.0	95.0	98.0	100.0	89.0	94.0	129.0
242.381	84.0	81.0	88.0	81.0	78.0	84.0	89.0	81.0	114.0	91.0	77.0	115.0	85.0	85.0	86.0	88.0	92.0	81.0	88.0	117.0
242.481	79.0	80.0	86.0	87.0	80.0	85.0	80.0	87.0	125.0	89.0	84.0	117.0	78.0	80.0	88.0	84.0	87.0	85.0	89.0	119.0
242.581	74.0	83.0	90.0	91.0	86.0	88.0	84.0	88.0	125.0	88.0	81.0	117.0	88.0	81.0	79.0	87.0	86.0	81.0	88.0	114.0
242.68	79.0	80.0	81.0	87.0	86.0	88.0	82.0	84.0	121.0	83.0	84.0	116.0	85.0	89.0	84.0	91.0	84.0	77.0	84.0	117.0
242.78	84.0	79.0	85.0	91.0	85.0	89.0	84.0	90.0	126.0	92.0	84.0	111.0	82.0	90.0	82.0	94.0	91.0	78.0	89.0	115.0
242.88	87.0	89.0	96.0	96.0	96.0	102.0	96.0	101.0	132.0	100.0	97.0	125.0	97.0	89.0	101.0	100.0	94.0	89.0	97.0	133.0
242.98	85.0	86.0	93.0	89.0	89.0	88.0	87.0	91.0	124.0	90.0	84.0	119.0	78.0	88.0	88.0	94.0	89.0	85.0	80.0	122.0
243.08	76.0	82.0	83.0	90.0	81.0	87.0	78.0	84.0	122.0	83.0	82.0	107.0	83.0	87.0	78.0	84.0	89.0	73.0	86.0	119.0
243.179	75.0	78.0	87.0	84.0	88.0	86.0	82.0	87.0	122.0	87.0	80.0	114.0	85.0	90.0	90.0	87.0	91.0	80.0	91.0	125.0
243.279	82.0	80.0	95.0	83.0	87.0	89.0	80.0	85.0	123.0	89.0	85.0	118.0	81.0	87.0	88.0	86.0	88.0	88.0	90.0	124.0
243.379	84.0	82.0	88.0	93.0	93.0	96.0	81.0	93.0	131.0	92.0	89.0	119.0	83.0	91.0	81.0	90.0	87.0	83.0	97.0	125.0
243.479	78.0	78.0	86.0	95.0	90.0	90.0	77.0	84.0	125.0	87.0	86.0	110.0	84.0	98.0	87.0	92.0	88.0	82.0	83.0	125.0
243.579	90.0	82.0	88.0	97.0	84.0	86.0	86.0	94.0	132.0	87.0	85.0	115.0	88.0	100.0	93.0	98.0	99.0	84.0	90.0	127.0
243.679	82.0	80.0	88.0	86.0	82.0	88.0	80.0	88.0	123.0	88.0	82.0	111.0	88.0	81.0	89.0	84.0	85.0	80.0	91.0	116.0
243.779	78.0	80.0	85.0	86.0	82.0	83.0	85.0	85.0	119.0	86.0	81.0	116.0	87.0	88.0	84.0	84.0	82.0	86.0	85.0	116.0
243.878	81.0	85.0	86.0	90.0	85.0	86.0	78.0	88.0	126.0	86.0	81.0	116.0	81.0	86.0	86.0	88.0	90.0	79.0	91.0	121.0
243.978	75.0	85.0	78.0	84.0	86.0	88.0	76.0	89.0	117.0	83.0	83.0	110.0	78.0	94.0	86.0	87.0	88.0	79.0	88.0	119.0
244.078	84.0	82.0	87.0	93.0	83.0	90.0	85.0	87.0	120.0	93.0	81.0	110.0	82.0	84.0	89.0	88.0	93.0	79.0	92.0	118.0
244.178	79.0	86.0	92.0	84.0	80.0	89.0	78.0	84.0	125.0	92.0	84.0	117.0	88.0	89.0	74.0	83.0	85.0	83.0	86.0	118.0
244.278	78.0	88.0	82.0	94.0	82.0	85.0	84.0	78.0	129.0	87.0	83.0	116.0	87.0	92.0	81.0	90.0	88.0	84.0	92.0	123.0
244.378	92.0	82.0	89.0	94.0	85.0	92.0	85.0	96.0	133.0	92.0	90.0	119.0	90.0	104.0	94.0	94.0	90.0	90.0	93.0	131.0
244.478	78.0	70.0	84.0	87.0	87.0	89.0	83.0	85.0	124.0	93.0	89.0	112.0	84.0	93.0	91.0	91.0	90.0	78.0	93.0	125.0
244.578	88.0	87.0	97.0	94.0	94.0	95.0	90.0	93.0	127.0	95.0	93.0	122.0	90.0	92.0	89.0	95.0	91.0	93.0	98.0	125.0
244.678	81.0	85.0	84.0	88.0	85.0	87.0	75.0	86.0	124.0	89.0	88.0	111.0	80.0	83.0	81.0	88.0	88.0	79.0	91.0	122.0
244.778	80.0	87.0	85.0	93.0	91.0	90.0	78.0	89.0	115.0	88.0	86.0	107.0	80.0	85.0	80.0	90.0	86.0	76.0	80.0	115.0
244.878	81.0	76.0	90.0	86.0	84.0	87.0	79.0	83.0	121.0	84.0	82.0	123.0	78.0	89.0	84.0	84.0	86.0	80.0	83.0	121.0
244.978	82.0	80.0	88.0	87.0	79.0	86.0	86.0	83.0	119.0	87.0	86.0	114.0	83.0	89.0	82.0	83.0	87.0	84.0	85.0	112.0
245.078	81.0	80.0	87.0	88.0	85.0	84.0	82.0	87.0	121.0	89.0	81.0	116.0	77.0	89.0	83.0	85.0	86.0	84.0	81.0	121.0
245.179	111.0	113.0	117.0	120.0	113.0	118.0	112.0	118.0	153.0	118.0	118.0	147.0	112.0	120.0	116.0	122.0	122.0	116.0	111.0	156.0
245.279	86.0	83.0	93.0	101.0	90.0	96.0	89.0	94.0	132.0	95.0	93.0	121.0	91.0	93.0	93.0	97.0	96.0	90.0	92.0	130.0
245.379	82.0	78.0	92.0	92.0	84.0	89.0	83.0	84.0	121.0	86.0	82.0	114.0	82.0	89.0	84.0	87.0	87.0	82.0	89.0	120.0
245.479	75.0	81.0	90.0	82.0	85.0	90.0	78.0	88.0	122.0	80.0	80.0	109.0	78.0	93.0	82.0	84.0	83.0	81.0	90.0	118.0
245.579	78.0	78.0	88.0	88.0	86.0	90.0	73.0	83.0	124.0	91.0	80.0	115.0	81.0	99.0	81.0	84.0	88.0	84.0	92.0	118.0
245.679	85.0	75.0	90.0	90.0	88.0	88.0	83.0	89.0	124.0	91.0	84.0	113.0	80.0	90.0	81.0	89.0	86.0	83.0	90.0	122.0
245.779	75.0	82.0	88.0	94.0	80.0	93.0	77.0	88.0	123.0	84.0	91.0	112.0	80.0	95.0	84.0	84.0	89.0	83.0	86.0	121.0
245.879	79.0	81.0	82.0	93.0	86.0	90.0	84.0	80.0	121.0	88.0	84.0	112.0	80.0	85.0	80.0	83.0	89.0	77.0	82.0	121.0
245.98	82.0	80.0	90.0	95.0	89.0	88.0	75.0	83.0	120.0	86.0	82.0	112.0	84.0	87.0	86.0	87.0	88.0	83.0	86.0	122.0
246.08	85.0	76.0	89.0	89.0	81.0	90.0	81.0	84.0	123.0	88.0	82.0	111.0	81.0	81.0	85.0	86.0	94.0	82.0	85.0	123.0
246.18	79.0	80.0	88.0	93.0	88.0	100.0	87.0	84.0	126.0	91.0	88.0	113.0	82.0	87.0	83.0	92.0	88.0	87.0	92.0	120.0
246.28	74.0	80.0	92.0	91.0	85.0	94.0	82.0	88.0	120.0	84.0	82.0	112.0	80.0	83.0	83.0	91.0	80.0	84.0	90.0	121.0
246.381	80.0	81.0	85.0	83.0	87.0	85.0	78.0	78.0	119.0	81.0	76.0	116.0	85.0	89.0	83.0	86.0	90.0	81.0	86.0	119.0
246.481	82.0	79.0	86.0	86.0	81.0	92.0	81.0	90.0	123.0	90.0	78.0	113.0	81.0	87.0	89.0	90.0	95.0	84.0	83.0	121.0
246.581	82.0	82.0	93.0	92.0	89.0	89.0	85.0	88.0	127.0	86.0	84.0	109.0	90.0	86.0	83.0	84.0	91.0	88.0	91.0	114.0
246.681	74.0	82.0	90.0	90.0	89.0	84.0	82.0	84.0	125.0	79.0	90.0	113.0	85.0	85.0	82.0	87.0	89.0	86.0	91.0	116.0
246.782	86.0	85.0	88.0	90.0	83.0	88.0	82.0	86.0	125.0	84.0	79.0	114.0	84.0	90.0	86.0	92.0	92.0	86.0	84.0	124.0
246.882	81.0	79.0	86.0	89.0	77.0	88.0	78.0	83.0	120.0	93.0	84.0	118.0	86.0	89.0	88.0	90.0	91.0	80.0	94.0	121.0
246.982	77.0	82.0	88.0	88.0	84.0	85.0	79.0	89.0	119.0	86.0	85.0	115.0	82.0	81.0	83.0	87.0	85.0	84.0	91.0	121.0
247.083	90.0	96.0	103.0	102.0	106.0	100.0	88.0	101.0	140.0	97.0	93.0	128.0	94.0	103.0	98.0	100.0	98.0	97.0	100.0	134.0
247.183	81.0	86.0	88.0	87.0	90.0	90.0	82.0	93.0	124.0	90.0	81.0	116.0	84.0	92.0	93.0	91.0	93.0	86.0	96.0	127.0
247.283	81.0	84.0	87.0	89.0	91.0	90.0	84.0	96.0	127.0	94.0	79.0	116.0	82.0	93.0	93.0	100.0	97.0	84.0	100.0	133.0
247.384	81.0	85.0	94.0	88.0	86.0	91.0	79.0	94.0	126.0	83.0	83.0	115.0	79.0	91.0	92.0	84.0	80.0	85.0	92.0	119.0
247.484	81.0	84.0	88.0	86.0	89.0	90.0	79.0	86.0	128.0	83.0	89.0	114.0	86.0	89.0	82.0	88.0	84.0	84.0	90.0	123.0
247.585	83.0	79.0	88.0	93.0	87.0	87.0	81.0	88.0	124.0	88.0	83.0	113.0	87.0	86.0	84.0	90.0	87.0	80.0	89.0	119.0
247.685	86.0	81.0	88.0	90.0	86.0	92.0	85.0	98.0	126.0	92.0	85.0	113.0	88.0	95.0	90.0	92.0	93.0	89.0	88.0	124.0
247.785	83.0	76.0	91.0	90.0	81.0	91.0	79.0	85.0	119.0	89.0	85.0	117.0	84.0	83.0	83.0	83.0	91.0	82.0	91.0	118.0
247.886	73.0	85.0	86.0	93.0	82.0	88.0	78.0	91.0	127.0	80.0	83.0	118.0	84.0	82.0	88.0	86.0	84.0	85.0	86.0	112.0
247.986	80.0	79.0	86.0	88.0	84.0	86.0	80.0	86.0	121.0	79.0	85.0	115.0	83.0	86.0	81.0	86.0	88.0	77.0	84.0	122.0
248.087	74.0	78.0	86.0	83.0	89.0	86.0	78.0	84.0	120.0	87.0	83.0	112.0	78.0	88.0	84.0	92.0	89.0	79.0	87.0	122.0
248.187	79.0	89.0	86.0	86.0	84.0	87.0	82.0	88.0	123.0	92.0	81.0	113.0	79.0	86.0	87.0	92.0	87.0	82.0	93.0	121.0
248.288	81.0	86.0	93.0	95.0	89.0	92.0	88.0	91.0	128.0	91.0	90.0	121.0	82.0	88.0	83.0	85.0	88.0	88.0	90.0	119.0
248.388	79.0	81.0	89.0	92.0	88.0	80.0	82.0	86.0	126.0	86.0	83.0	109.0	84.0	87.0	87.0	86.0	87.0	87.0	85.0	120.0
248.489	85.0	84.0	90.0	88.0	84.0	84.0	84.0	86.0	128.0	85.0	86.0	115.0	88.0	95.0	91.0	88.0	83.0	85.0	95.0	126.0
248.589	83.0	84.0	89.0	87.0	86.0	90.0	83.0	86.0	124.0	94.0	83.0	119.0	88.0	86.0	86.0	91.0	86.0	85.0	90.0	123.0
248.69	80.0	87.0	91.0	90.0	89.0	91.0	88.0	92.0	124.0	89.0	86.0	118.0	84.0	89.0	93.0	94.0	93.0	86.0	85.0	128.0
248.791	79.0	83.0	84.0	90.0	88.0	89.0	82.0	83.0	118.0	89.0	84.0	120.0	91.0	92.0	92.0	88.0	91.0	77.0	88.0	120.0
248.891	79.0	81.0	84.0	88.0	80.0	85.0	80.0	85.0	117.0	88.0	86.0	119.0	80.0	87.0	86.0	91.0	89.0	78.0	89.0	124.0
248.992	85.0	84.0	92.0	92.0	82.0	86.0	82.0	83.0	122.0	93.0	90.0	117.0	89.0	93.0	88.0	90.0	86.0	86.0	88.0	117.0
249.092	81.0	85.0	90.0	91.0	88.0	93.0	91.0	86.0	132.0	86.0	85.0	113.0	91.0	87.0	81.0	85.0	85.0	83.0	90.0	121.0
249.193	76.0	78.0	83.0	87.0	85.0	93.0	81.0	87.0	118.0	79.0	87.0	116.0	79.0	83.0	86.0	85.0	84.0	80.0	84.0	120.0
249.294	84.0	83.0	87.0	90.0	86.0	85.0	81.0	91.0	130.0	87.0	83.0	119.0	88.0	88.0	84.0	83.0	86.0	78.0	90.0	116.0
249.394	81.0	79.0	86.0	88.0	81.0	87.0	75.0	92.0	124.0	90.0	81.0	119.0	84.0	88.0	87.0	89.0	86.0	82.0	88.0	121.0
249.495	86.0	88.0	95.0	90.0	89.0	94.0	86.0	94.0	126.0	90.0	87.0	116.0	85.0	91.0	89.0	98.0	87.0	85.0	94.0	120.0
249.595	82.0	85.0	86.0	89.0	88.0	85.0	86.0	86.0	117.0	83.0	82.0	113.0	91.0	93.0	82.0	88.0	84.0	84.0	89.0	127.0
249.696	78.0	79.0	87.0	84.0	86.0	90.0	81.0	84.0	121.0	92.0	80.0	109.0	83.0	88.0	87.0	92.0	89.0	75.0	93.0	122.0
249.797	78.0	84.0	87.0	84.0	84.0	85.0	82.0	86.0	121.0	86.0	80.0	116.0	80.0	89.0	86.0	93.0	93.0	81.0	90.0	117.0
249.898	78.0	77.0	88.0	90.0	74.0	81.0	78.0	75.0	123.0	85.0	83.0	112.0	86.0	91.0	82.0	83.0	82.0	83.0	90.0	116.0
249.998	78.0	88.0	90.0	89.0	87.0	85.0	81.0	86.0	126.0	87.0	82.0	111.0	85.0	94.0	86.0	85.0	85.0	82.0	86.0	122.0
250.099	85.0	83.0	88.0	95.0	81.0	88.0	84.0	93.0	123.0	88.0	84.0	115.0	80.0	85.0	88.0	96.0	90.0	85.0	91.0	121.0
250.2	78.0	73.0	90.0	87.0	79.0	88.0	79.0	86.0	127.0	87.0	84.0	114.0	84.0	87.0	87.0	89.0	84.0	80.0	86.0	115.0
250.301	82.0	79.0	88.0	87.0	84.0	90.0	81.0	87.0	124.0	86.0	86.0	114.0	85.0	79.0	86.0	82.0	84.0	80.0	81.0	120.0
250.401	74.0	83.0	85.0	90.0	87.0	86.0	76.0	89.0	121.0	86.0	82.0	111.0	89.0	82.0	76.0	84.0	81.0	83.0	85.0	122.0
250.502	77.0	76.0	85.0	91.0	85.0	84.0	80.0	81.0	122.0	87.0	77.0	112.0	87.0	92.0	80.0	86.0	90.0	78.0	85.0	121.0
250.603	80.0	81.0	84.0	83.0	87.0	91.0	80.0	84.0	125.0	90.0	87.0	113.0	82.0	85.0	85.0	88.0	91.0	86.0	93.0	121.0
250.704	81.0	79.0	95.0	90.0	91.0	87.0	79.0	85.0	129.0	90.0	84.0	109.0	85.0	90.0	85.0	90.0	87.0	82.0	83.0	116.0
250.805	77.0	85.0	90.0	90.0	85.0	92.0	84.0	91.0	127.0	94.0	87.0	117.0	86.0	90.0	78.0	88.0	90.0	85.0	85.0	128.0
250.905	83.0	83.0	93.0	86.0	97.0	88.0	82.0	100.0	129.0	97.0	87.0	118.0	84.0	104.0	87.0	93.0	86.0	85.0	96.0	133.0
251.006	89.0	87.0	91.0	84.0	96.0	95.0	80.0	101.0	134.0	99.0	91.0	128.0	88.0	107.0	94.0	95.0	89.0	84.0	102.0	136.0
251.107	99.0	98.0	108.0	105.0	112.0	110.0	97.0	106.0	142.0	106.0	106.0	136.0	104.0	116.0	117.0	112.0	100.0	110.0	116.0	149.0
251.208	80.0	88.0	88.0	89.0	91.0	94.0	86.0	93.0	128.0	91.0	81.0	123.0	84.0	103.0	94.0	86.0	84.0	85.0	93.0	126.0
251.309	82.0	80.0	91.0	91.0	87.0	92.0	75.0	91.0	123.0	88.0	82.0	115.0	84.0	99.0	91.0	92.0	91.0	83.0	87.0	129.0
251.41	81.0	81.0	87.0	88.0	87.0	93.0	82.0	92.0	137.0	94.0	84.0	117.0	80.0	97.0	94.0	105.0	93.0	87.0	90.0	126.0
251.511	80.0	83.0	89.0	94.0	87.0	91.0	80.0	89.0	131.0	88.0	82.0	123.0	83.0	90.0	91.0	96.0	88.0	86.0	89.0	121.0
251.612	76.0	82.0	88.0	94.0	93.0	91.0	80.0	91.0	128.0	93.0	82.0	115.0	85.0	90.0	84.0	90.0	91.0	88.0	90.0	122.0
251.713	87.0	88.0	91.0	90.0	93.0	96.0	93.0	97.0	131.0	96.0	84.0	115.0	91.0	107.0	89.0	94.0	87.0	87.0	96.0	132.0
251.814	89.0	85.0	96.0	95.0	108.0	99.0	89.0	110.0	145.0	102.0	88.0	126.0	100.0	137.0	111.0	98.0	93.0	97.0	119.0	155.0
251.915	107.0	105.0	112.0	93.0	138.0	136.0	110.0	136.0	176.0	134.0	102.0	151.0	131.0	192.0	141.0	122.0	95.0	120.0	160.0	192.0
252.015	93.0	97.0	104.0	93.0	124.0	121.0	96.0	115.0	153.0	113.0	96.0	140.0	112.0	161.0	118.0	118.0	85.0	109.0	128.0	170.0
252.116	86.0	87.0	98.0	90.0	99.0	105.0	93.0	105.0	139.0	105.0	85.0	130.0	94.0	135.0	102.0	99.0	89.0	92.0	114.0	153.0
252.217	80.0	86.0	95.0	88.0	97.0	101.0	86.0	99.0	141.0	102.0	88.0	124.0	94.0	112.0	98.0	101.0	90.0	89.0	110.0	144.0
252.319	84.0	85.0	93.0	89.0	99.0	103.0	86.0	96.0	136.0	98.0	82.0	127.0	94.0	122.0	104.0	94.0	93.0	91.0	114.0	139.0
252.42	80.0	86.0	103.0	90.0	109.0	106.0	90.0	96.0	142.0	105.0	91.0	129.0	105.0	134.0	105.0	99.0	95.0	98.0	111.0	157.0
252.521	87.0	95.0	110.0	91.0	108.0	107.0	94.0	111.0	145.0	107.0	102.0	134.0	104.0	153.0	119.0	108.0	85.0	104.0	126.0	168.0
252.622	91.0	90.0	99.0	89.0	98.0	100.0	89.0	107.0	145.0	103.0	93.0	129.0	93.0	128.0	101.0	106.0	97.0	100.0	117.0	147.0
252.723	90.0	83.0	99.0	95.0	106.0	99.0	87.0	104.0	143.0	103.0	94.0	123.0	103.0	121.0	105.0	97.0	92.0	95.0	115.0	142.0
252.824	92.0	93.0	98.0	93.0	118.0	110.0	96.0	108.0	151.0	111.0	93.0	135.0	111.0	148.0	118.0	105.0	86.0	104.0	129.0	162.0
252.925	91.0	98.0	102.0	89.0	116.0	110.0	90.0	115.0	142.0	110.0	85.0	131.0	105.0	152.0	115.0	104.0	91.0	104.0	136.0	163.0
253.026	87.0	89.0	88.0	86.0	98.0	99.0	82.0	98.0	134.0	99.0	86.0	124.0	92.0	120.0	105.0	96.0	86.0	90.0	108.0	149.0
253.127	84.0	87.0	95.0	93.0	94.0	97.0	84.0	94.0	129.0	94.0	86.0	117.0	90.0	109.0	96.0	88.0	86.0	88.0	105.0	128.0
253.228	85.0	85.0	91.0	87.0	97.0	97.0	85.0	93.0	136.0	94.0	92.0	120.0	96.0	97.0	89.0	88.0	89.0	87.0	95.0	129.0
253.329	82.0	90.0	93.0	88.0	96.0	92.0	87.0	97.0	131.0	94.0	89.0	120.0	86.0	100.0	95.0	92.0	90.0	89.0	96.0	134.0
253.431	83.0	84.0	91.0	92.0	90.0	90.0	81.0	96.0	130.0	89.0	86.0	113.0	84.0	97.0	91.0	96.0	85.0	87.0	97.0	128.0
253.532	84.0	81.0	94.0	97.0	95.0	95.0	86.0	94.0	129.0	98.0	93.0	122.0	92.0	97.0	94.0	92.0	93.0	80.0	94.0	129.0
253.633	82.0	84.0	94.0	92.0	89.0	88.0	88.0	90.0	132.0	80.0	93.0	117.0	81.0	87.0	90.0	89.0	89.0	86.0	91.0	126.0
253.734	94.0	98.0	104.0	109.0	99.0	102.0	94.0	100.0	146.0	102.0	98.0	134.0	95.0	103.0	100.0	97.0	110.0	94.0	105.0	135.0
253.835	85.0	84.0	93.0	92.0	90.0	86.0	81.0	86.0	124.0	90.0	89.0	115.0	83.0	94.0	85.0	87.0	82.0	84.0	89.0	124.0
253.937	75.0	84.0	95.0	88.0	89.0	92.0	84.0	90.0	129.0	91.0	82.0	115.0	78.0	84.0	87.0	98.0	93.0	87.0	90.0	118.0
254.038	81.0	80.0	88.0	89.0	84.0	91.0	83.0	81.0	123.0	86.0	85.0	119.0	84.0	86.0	89.0	86.0	87.0	81.0	92.0	119.0
254.139	81.0	82.0	85.0	97.0	83.0	86.0	76.0	84.0	127.0	89.0	85.0	115.0	85.0	88.0	80.0	82.0	85.0	87.0	89.0	124.0
254.24	87.0	81.0	92.0	87.0	86.0	82.0	77.0	89.0	124.0	86.0	81.0	110.0	87.0	92.0	81.0	87.0	90.0	82.0	90.0	117.0
254.342	87.0	88.0	95.0	97.0	92.0	91.0	83.0	89.0	125.0	95.0	88.0	118.0	89.0	92.0	85.0	95.0	90.0	83.0	98.0	122.0
254.443	82.0	85.0	90.0	87.0	88.0	91.0	79.0	89.0	123.0	84.0	89.0	116.0	82.0	82.0	82.0	88.0	84.0	84.0	90.0	122.0
254.544	79.0	82.0	87.0	91.0	82.0	84.0	81.0	81.0	119.0	81.0	76.0	116.0	83.0	84.0	86.0	87.0	85.0	82.0	84.0	116.0
254.646	81.0	79.0	87.0	88.0	86.0	87.0	76.0	84.0	126.0	88.0	83.0	116.0	76.0	89.0	85.0	90.0	85.0	82.0	89.0	125.0
254.747	77.0	76.0	85.0	81.0	80.0	89.0	78.0	93.0	123.0	89.0	79.0	116.0	82.0	92.0	80.0	93.0	91.0	80.0	86.0	120.0
254.848	82.0	85.0	94.0	90.0	87.0	84.0	89.0	86.0	123.0	89.0	83.0	117.0	89.0	102.0	86.0	88.0	88.0	88.0	89.0	125.0
254.95	78.0	88.0	94.0	95.0	96.0	92.0	82.0	93.0	134.0	92.0	82.0	119.0	95.0	113.0	95.0	96.0	87.0	86.0	101.0	138.0
255.051	79.0	82.0	87.0	92.0	94.0	87.0	85.0	96.0	126.0	89.0	82.0	116.0	90.0	105.0	95.0	94.0	86.0	87.0	95.0	134.0
255.152	83.0	78.0	89.0	93.0	88.0	83.0	83.0	86.0	129.0	93.0	87.0	118.0	88.0	96.0	86.0	87.0	88.0	86.0	92.0	124.0
255.254	77.0	85.0	89.0	89.0	83.0	93.0	79.0	87.0	131.0	91.0	90.0	117.0	81.0	92.0	85.0	91.0	92.0	87.0	91.0	125.0
255.355	78.0	88.0	87.0	94.0	81.0	92.0	78.0	86.0	119.0	85.0	80.0	110.0	85.0	90.0	83.0	90.0	87.0	77.0	84.0	121.0
255.457	79.0	84.0	82.0	93.0	85.0	81.0	76.0	86.0	130.0	86.0	81.0	116.0	78.0	87.0	83.0	86.0	87.0	76.0	91.0	126.0
255.558	88.0	80.0	86.0	84.0	85.0	89.0	78.0	88.0	134.0	86.0	85.0	115.0	78.0	89.0	87.0	89.0	89.0	79.0	93.0	123.0
255.659	84.0	82.0	101.0	87.0	92.0	92.0	82.0	92.0	134.0	93.0	84.0	122.0	85.0	96.0	94.0	88.0	91.0	88.0	95.0	122.0
255.761	81.0	88.0	87.0	85.0	90.0	95.0	82.0	89.0	133.0	95.0	85.0	119.0	86.0	102.0	83.0	85.0	93.0	81.0	91.0	128.0
255.862	81.0	87.0	91.0	89.0	91.0	88.0	84.0	95.0	136.0	89.0	88.0	121.0	85.0	104.0	96.0	95.0	95.0	92.0	96.0	130.0
255.964	84.0	79.0	91.0	94.0	84.0	86.0	79.0	90.0	134.0	94.0	85.0	118.0	84.0	97.0	92.0	92.0	90.0	87.0	94.0	117.0
256.065	77.0	85.0	89.0	89.0	88.0	90.0	78.0	86.0	122.0	86.0	85.0	115.0	83.0	94.0	87.0	89.0	89.0	77.0	98.0	121.0
256.167	78.0	87.0	86.0	93.0	87.0	91.0	77.0	87.0	119.0	83.0	81.0	115.0	81.0	94.0	85.0	89.0	84.0	83.0	92.0	126.0
256.268	77.0	80.0	78.0	88.0	79.0	93.0	79.0	87.0	127.0	93.0	74.0	117.0	86.0	92.0	86.0	88.0	90.0	80.0	92.0	125.0
256.37	80.0	87.0	88.0	85.0	90.0	97.0	85.0	92.0	130.0	96.0	84.0	116.0	90.0	105.0	99.0	96.0	90.0	79.0	96.0	132.0
256.471	82.0	84.0	95.0	94.0	98.0	93.0	85.0	93.0	133.0	94.0	85.0	124.0	94.0	114.0	98.0	93.0	91.0	90.0	104.0	135.0
256.573	82.0	87.0	93.0	94.0	99.0	96.0	84.0	92.0	132.0	97.0	83.0	122.0	89.0	114.0	91.0	91.0	87.0	90.0	96.0	138.0
256.675	78.0	88.0	91.0	92.0	88.0	91.0	78.0	85.0	128.0	88.0	81.0	113.0	87.0	107.0	91.0	88.0	87.0	84.0	95.0	129.0
256.776	86.0	79.0	93.0	90.0	88.0	90.0	86.0	92.0	127.0	95.0	87.0	118.0	87.0	100.0	94.0	94.0	86.0	83.0	99.0	128.0
256.878	86.0	86.0	94.0	95.0	90.0	93.0	88.0	90.0	126.0	91.0	89.0	120.0	88.0	93.0	94.0	91.0	91.0	85.0	95.0	123.0
256.979	82.0	80.0	90.0	85.0	87.0	86.0	78.0	87.0	122.0	83.0	80.0	115.0	87.0	90.0	89.0	88.0	86.0	87.0	89.0	121.0
257.081	78.0	79.0	83.0	91.0	85.0	87.0	77.0	83.0	125.0	89.0	80.0	111.0	88.0	92.0	82.0	87.0	91.0	77.0	85.0	120.0
257.183	109.0	102.0	106.0	115.0	102.0	112.0	103.0	106.0	149.0	114.0	107.0	134.0	102.0	120.0	109.0	114.0	115.0	104.0	110.0	141.0
257.284	81.0	86.0	93.0	86.0	79.0	90.0	85.0	89.0	125.0	87.0	89.0	116.0	84.0	87.0	85.0	87.0	91.0	81.0	94.0	121.0
257.386	78.0	83.0	87.0	92.0	86.0	89.0	79.0	79.0	124.0	83.0	84.0	114.0	81.0	91.0	86.0	85.0	85.0	83.0	88.0	123.0
257.488	81.0	83.0	88.0	92.0	93.0	91.0	82.0	84.0	126.0	85.0	87.0	112.0	91.0	97.0	82.0	87.0	88.0	78.0	89.0	122.0
257.589	75.0	77.0	83.0	90.0	83.0	86.0	79.0	80.0	123.0	84.0	84.0	113.0	87.0	93.0	86.0	88.0	90.0	83.0	86.0	119.0
257.691	82.0	82.0	88.0	88.0	89.0	86.0	89.0	91.0	126.0	85.0	84.0	120.0	86.0	88.0	87.0	94.0	92.0	81.0	94.0	126.0
257.793	83.0	82.0	88.0	89.0	86.0	91.0	86.0	93.0	125.0	83.0	85.0	115.0	89.0	84.0	82.0	90.0	82.0	82.0	88.0	118.0
257.894	78.0	82.0	88.0	89.0	91.0	93.0	79.0	88.0	120.0	87.0	80.0	118.0	82.0	86.0	82.0	94.0	79.0	78.0	89.0	123.0
257.996	86.0	83.0	90.0	89.0	93.0	96.0	80.0	93.0	132.0	93.0	78.0	120.0	87.0	94.0	90.0	92.0	89.0	85.0	83.0	123.0
258.098	82.0	87.0	86.0	88.0	88.0	84.0	74.0	87.0	132.0	89.0	78.0	117.0	80.0	82.0	86.0	90.0	78.0	85.0	86.0	115.0
258.2	81.0	82.0	86.0	86.0	88.0	86.0	78.0	86.0	121.0	85.0	84.0	115.0	81.0	89.0	78.0	87.0	86.0	80.0	87.0	121.0
258.301	74.0	81.0	88.0	87.0	84.0	83.0	76.0	82.0	120.0	83.0	79.0	110.0	83.0	84.0	84.0	85.0	87.0	86.0	79.0	120.0
258.403	82.0	87.0	92.0	92.0	85.0	89.0	77.0	95.0	122.0	86.0	87.0	116.0	85.0	95.0	87.0	88.0	89.0	89.0	88.0	124.0
258.505	76.0	83.0	84.0	86.0	83.0	93.0	84.0	88.0	124.0	88.0	86.0	114.0	82.0	86.0	83.0	89.0	86.0	84.0	88.0	119.0
258.607	76.0	80.0	94.0	93.0	85.0	89.0	78.0	86.0	120.0	88.0	82.0	121.0	85.0	89.0	86.0	87.0	80.0	86.0	92.0	123.0
258.709	78.0	83.0	87.0	88.0	84.0	91.0	82.0	83.0	119.0	91.0	78.0	112.0	86.0	98.0	89.0	87.0	82.0	86.0	86.0	124.0
258.81	81.0	79.0	86.0	83.0	86.0	89.0	73.0	88.0	125.0	88.0	87.0	111.0	80.0	89.0	84.0	90.0	87.0	73.0	87.0	125.0
258.912	82.0	83.0	87.0	86.0	87.0	87.0	82.0	88.0	122.0	93.0	81.0	110.0	80.0	95.0	90.0	87.0	85.0	80.0	94.0	119.0
259.014	79.0	85.0	87.0	96.0	89.0	92.0	89.0	89.0	123.0	88.0	81.0	115.0	92.0	94.0	87.0	91.0	92.0	86.0	94.0	123.0
259.116	76.0	82.0	97.0	91.0	92.0	95.0	85.0	91.0	125.0	92.0	82.0	112.0	86.0	95.0	81.0	88.0	91.0	88.0	88.0	130.0
259.218	89.0	85.0	93.0	90.0	94.0	101.0	85.0	99.0	136.0	104.0	86.0	114.0	88.0	102.0	92.0	98.0	88.0	94.0	104.0	136.0
259.32	101.0	91.0	102.0	92.0	102.0	114.0	91.0	120.0	143.0	112.0	86.0	132.0	92.0	101.0	103.0	102.0	87.0	102.0	120.0	146.0
259.422	89.0	88.0	97.0	93.0	100.0	111.0	93.0	100.0	136.0	95.0	90.0	128.0	85.0	98.0	94.0	91.0	84.0	88.0	107.0	132.0
259.524	85.0	84.0	88.0	90.0	90.0	91.0	84.0	92.0	126.0	94.0	80.0	115.0	85.0	92.0	89.0	92.0	86.0	86.0	91.0	125.0
259.626	91.0	97.0	102.0	104.0	103.0	104.0	92.0	101.0	144.0	107.0	98.0	126.0	93.0	104.0	102.0	98.0	105.0	95.0	105.0	138.0
259.727	80.0	83.0	90.0	84.0	83.0	92.0	80.0	86.0	130.0	88.0	84.0	112.0	84.0	92.0	88.0	83.0	92.0	84.0	91.0	121.0
259.829	88.0	90.0	100.0	96.0	93.0	90.0	85.0	97.0	132.0	94.0	94.0	126.0	92.0	98.0	95.0	95.0	96.0	92.0	99.0	128.0
259.931	72.0	84.0	91.0	94.0	91.0	91.0	83.0	90.0	120.0	90.0	86.0	111.0	90.0	98.0	79.0	86.0	88.0	82.0	91.0	128.0
260.033	82.0	82.0	90.0	89.0	89.0	94.0	78.0	95.0	126.0	94.0	76.0	116.0	88.0	92.0	89.0	87.0	89.0	86.0	93.0	129.0
260.135	83.0	79.0	86.0	94.0	86.0	94.0	81.0	92.0	131.0	95.0	83.0	118.0	87.0	92.0	93.0	90.0	85.0	89.0	96.0	120.0
260.237	78.0	83.0	89.0	89.0	83.0	93.0	78.0	91.0	126.0	89.0	86.0	116.0	80.0	89.0	85.0	84.0	87.0	83.0	91.0	121.0
260.339	78.0	78.0	88.0	93.0	89.0	83.0	83.0	93.0	132.0	91.0	77.0	114.0	81.0	90.0	91.0	89.0	84.0	84.0	90.0	124.0
260.441	80.0	87.0	81.0	80.0	90.0	90.0	82.0	89.0	134.0	95.0	82.0	112.0	88.0	100.0	84.0	88.0	89.0	84.0	91.0	126.0
260.543	94.0	89.0	97.0	92.0	103.0	99.0	82.0	103.0	136.0	99.0	94.0	124.0	99.0	110.0	105.0	93.0	90.0	94.0	107.0	136.0
260.646	85.0	78.0	91.0	85.0	95.0	91.0	80.0	90.0	126.0	96.0	85.0	122.0	90.0	97.0	93.0	95.0	94.0	89.0	95.0	132.0
260.748	80.0	83.0	88.0	87.0	87.0	88.0	83.0	90.0	123.0	92.0	87.0	115.0	82.0	85.0	79.0	87.0	91.0	85.0	81.0	128.0
260.85	89.0	90.0	94.0	95.0	87.0	88.0	88.0	98.0	133.0	97.0	90.0	120.0	91.0	96.0	92.0	91.0	94.0	86.0	97.0	125.0
260.952	81.0	84.0	92.0	87.0	86.0	89.0	79.0	82.0	130.0	88.0	79.0	114.0	77.0	92.0	86.0	96.0	86.0	83.0	94.0	120.0
261.054	79.0	82.0	91.0	89.0	85.0	87.0	80.0	86.0	123.0	82.0	83.0	108.0	82.0	82.0	80.0	91.0	81.0	84.0	88.0	122.0
261.156	78.0	77.0	93.0	85.0	90.0	88.0	79.0	88.0	125.0	79.0	83.0	115.0	88.0	84.0	88.0	87.0	87.0	84.0	84.0	116.0
261.258	73.0	85.0	89.0	89.0	83.0	83.0	77.0	86.0	121.0	87.0	84.0	118.0	78.0	89.0	88.0	86.0	86.0	79.0	88.0	124.0
261.36	80.0	80.0	82.0	88.0	86.0	88.0	79.0	89.0	125.0	83.0	82.0	110.0	82.0	87.0	87.0	91.0	84.0	77.0	88.0	110.0
261.462	85.0	76.0	90.0	87.0	87.0	80.0	79.0	82.0	120.0	90.0	84.0	118.0	84.0	81.0	85.0	75.0	83.0	78.0	87.0	116.0
261.565	80.0	79.0	91.0	90.0	83.0	94.0	82.0	81.0	125.0	88.0	84.0	116.0	90.0	90.0	83.0	82.0	87.0	84.0	90.0	128.0
261.667	72.0	78.0	89.0	89.0	81.0	84.0	80.0	84.0	122.0	83.0	78.0	110.0	80.0	86.0	83.0	91.0	89.0	77.0	86.0	113.0
261.769	80.0	80.0	83.0	93.0	76.0	88.0	76.0	83.0	126.0	90.0	79.0	112.0	89.0	89.0	86.0	87.0	92.0	80.0	85.0	118.0
261.871	81.0	85.0	82.0	91.0	82.0	94.0	86.0	85.0	125.0	86.0	79.0	112.0	76.0	84.0	85.0	88.0	91.0	77.0	84.0	118.0
261.973	76.0	79.0	90.0	82.0	82.0	89.0	82.0	88.0	119.0	90.0	77.0	118.0	84.0	85.0	89.0	86.0	86.0	87.0	87.0	123.0
262.076	77.0	78.0	89.0	88.0	86.0	91.0	90.0	95.0	132.0	89.0	78.0	114.0	85.0	87.0	89.0	91.0	91.0	84.0	94.0	121.0
262.178	80.0	86.0	92.0	85.0	88.0	93.0	79.0	95.0	125.0	99.0	86.0	118.0	81.0	95.0	86.0	95.0	92.0	84.0	91.0	123.0
262.28	83.0	78.0	91.0	92.0	90.0	90.0	79.0	89.0	125.0	86.0	86.0	118.0	88.0	92.0	93.0	94.0	87.0	84.0	87.0	126.0
262.382	82.0	93.0	88.0	92.0	92.0	94.0	81.0	86.0	127.0	95.0	84.0	118.0	87.0	96.0	87.0	88.0	91.0	87.0	99.0	127.0
262.485	80.0	83.0	100.0	89.0	91.0	96.0	91.0	93.0	125.0	96.0	84.0	118.0	93.0	99.0	90.0	94.0	87.0	86.0	99.0	133.0
262.587	82.0	83.0	96.0	86.0	90.0	94.0	88.0	102.0	132.0	95.0	80.0	121.0	86.0	90.0	94.0	96.0	84.0	86.0	107.0	126.0
262.689	89.0	87.0	96.0	95.0	97.0	100.0	85.0	102.0	131.0	97.0	94.0	126.0	90.0	99.0	96.0	100.0	86.0	87.0	102.0	132.0
262.792	80.0	87.0	95.0	94.0	91.0	96.0	88.0	90.0	127.0	90.0	89.0	121.0	95.0	94.0	96.0	98.0	85.0	91.0	102.0	128.0
262.894	85.0	87.0	90.0	96.0	90.0	92.0	81.0	88.0	128.0	94.0	80.0	114.0	88.0	100.0	92.0	93.0	86.0	84.0	98.0	134.0
262.996	83.0	86.0	92.0	85.0	90.0	88.0	87.0	95.0	136.0	89.0	85.0	128.0	84.0	101.0	90.0	93.0	91.0	86.0	95.0	125.0
263.099	78.0	80.0	88.0	83.0	86.0	85.0	75.0	83.0	130.0	82.0	86.0	114.0	81.0	97.0	89.0	88.0	90.0	78.0	91.0	121.0
263.201	83.0	85.0	99.0	92.0	93.0	88.0	81.0	81.0	132.0	92.0	88.0	117.0	97.0	102.0	88.0	82.0	98.0	88.0	92.0	129.0
263.303	79.0	84.0	90.0	89.0	87.0	90.0	82.0	90.0	119.0	91.0	91.0	115.0	87.0	100.0	87.0	82.0	88.0	76.0	92.0	130.0
263.406	86.0	80.0	94.0	89.0	90.0	84.0	88.0	92.0	135.0	93.0	89.0	124.0	90.0	105.0	94.0	94.0	86.0	85.0	107.0	139.0
263.508	88.0	86.0	90.0	90.0	88.0	95.0	87.0	91.0	137.0	95.0	91.0	128.0	95.0	110.0	93.0	96.0	91.0	90.0	105.0	137.0
263.61	83.0	87.0	95.0	86.0	91.0	96.0	86.0	94.0	129.0	94.0	82.0	120.0	96.0	112.0	94.0	99.0	85.0	90.0	104.0	134.0
263.713	75.0	82.0	91.0	90.0	91.0	93.0	83.0	92.0	130.0	102.0	78.0	121.0	91.0	128.0	97.0	98.0	88.0	94.0	115.0	150.0
263.815	90.0	89.0	100.0	95.0	103.0	99.0	88.0	99.0	149.0	106.0	95.0	130.0	98.0	131.0	97.0	102.0	97.0	93.0	113.0	150.0
263.918	89.0	83.0	91.0	87.0	100.0	100.0	86.0	101.0	139.0	105.0	91.0	122.0	99.0	132.0	108.0	101.0	88.0	96.0	121.0	154.0
264.02	88.0	91.0	95.0	92.0	105.0	97.0	88.0	94.0	142.0	99.0	89.0	128.0	109.0	128.0	102.0	105.0	87.0	95.0	119.0	163.0
264.123	80.0	82.0	94.0	92.0	100.0	95.0	83.0	93.0	128.0	98.0	89.0	117.0	98.0	117.0	96.0	93.0	91.0	93.0	108.0	142.0
264.225	85.0	84.0	93.0	92.0	95.0	91.0	90.0	95.0	138.0	99.0	89.0	120.0	99.0	113.0	98.0	98.0	98.0	95.0	111.0	133.0
264.328	93.0	84.0	97.0	91.0	95.0	94.0	88.0	96.0	129.0	91.0	90.0	124.0	95.0	105.0	98.0	88.0	91.0	89.0	108.0	137.0
264.43	82.0	88.0	92.0	90.0	93.0	89.0	85.0	89.0	121.0	90.0	84.0	113.0	92.0	96.0	89.0	92.0	88.0	86.0	90.0	131.0
264.533	81.0	85.0	92.0	93.0	92.0	92.0	87.0	86.0	128.0	87.0	82.0	118.0	88.0	97.0	90.0	89.0	89.0	88.0	89.0	134.0
264.635	77.0	78.0	85.0	90.0	86.0	87.0	78.0	86.0	120.0	82.0	84.0	111.0	73.0	87.0	84.0	88.0	85.0	81.0	84.0	121.0
264.738	76.0	82.0	84.0	82.0	82.0	81.0	78.0	86.0	126.0	85.0	86.0	111.0	84.0	90.0	80.0	87.0	86.0	78.0	91.0	115.0
264.84	79.0	83.0	90.0	86.0	80.0	86.0	86.0	82.0	126.0	87.0	84.0	116.0	83.0	92.0	86.0	86.0	91.0	84.0	85.0	119.0
264.943	73.0	81.0	87.0	92.0	83.0	88.0	81.0	85.0	120.0	82.0	82.0	111.0	83.0	90.0	81.0	82.0	83.0	84.0	82.0	124.0
265.046	77.0	77.0	84.0	89.0	84.0	83.0	79.0	82.0	123.0	87.0	80.0	112.0	89.0	95.0	86.0	87.0	83.0	84.0	88.0	116.0
265.148	83.0	77.0	87.0	86.0	79.0	79.0	81.0	86.0	119.0	88.0	82.0	108.0	81.0	93.0	85.0	84.0	90.0	78.0	90.0	122.0
265.251	98.0	100.0	104.0	108.0	105.0	110.0	103.0	100.0	137.0	101.0	102.0	134.0	103.0	103.0	106.0	106.0	101.0	100.0	105.0	135.0
265.353	78.0	82.0	86.0	88.0	85.0	89.0	82.0	85.0	125.0	78.0	80.0	119.0	85.0	97.0	89.0	88.0	88.0	84.0	84.0	113.0
265.456	79.0	79.0	82.0	90.0	87.0	88.0	79.0	84.0	121.0	88.0	78.0	112.0	73.0	95.0	84.0	83.0	82.0	77.0	82.0	116.0
265.559	81.0	77.0	92.0	85.0	81.0	82.0	74.0	91.0	125.0	87.0	76.0	109.0	81.0	88.0	84.0	88.0	86.0	80.0	89.0	112.0
265.661	72.0	81.0	91.0	85.0	81.0	90.0	75.0	82.0	127.0	82.0	85.0	113.0	84.0	90.0	86.0	84.0	83.0	88.0	87.0	118.0
265.764	84.0	89.0	91.0	96.0	82.0	92.0	85.0	88.0	126.0	88.0	89.0	118.0	89.0	91.0	85.0	90.0	89.0	86.0	88.0	132.0
265.867	77.0	84.0	87.0	86.0	84.0	88.0	85.0	82.0	127.0	84.0	86.0	117.0	83.0	92.0	85.0	91.0	92.0	87.0	83.0	121.0
265.969	79.0	72.0	82.0	83.0	76.0	84.0	79.0	81.0	123.0	82.0	83.0	111.0	80.0	87.0	86.0	91.0	89.0	80.0	87.0	122.0
266.072	78.0	77.0	83.0	90.0	87.0	85.0	75.0	81.0	122.0	83.0	78.0	114.0	78.0	85.0	83.0	88.0	82.0	77.0	88.0	117.0
266.175	96.0	93.0	105.0	105.0	99.0	99.0	92.0	103.0	132.0	100.0	92.0	125.0	94.0	101.0	100.0	99.0	98.0	94.0	94.0	130.0
266.277	77.0	82.0	84.0	89.0	85.0	89.0	77.0	89.0	122.0	90.0	80.0	112.0	83.0	89.0	84.0	85.0	84.0	81.0	85.0	120.0
266.38	76.0	80.0	78.0	87.0	87.0	87.0	71.0	84.0	121.0	78.0	83.0	116.0	80.0	88.0	81.0	84.0	88.0	79.0	91.0	116.0
266.483	72.0	79.0	93.0	93.0	81.0	81.0	80.0	86.0	121.0	84.0	85.0	120.0	85.0	89.0	86.0	83.0	85.0	78.0	92.0	119.0
266.586	80.0	79.0	84.0	91.0	83.0	82.0	82.0	77.0	118.0	85.0	84.0	110.0	78.0	89.0	84.0	87.0	86.0	82.0	75.0	120.0
266.688	78.0	79.0	85.0	87.0	72.0	85.0	84.0	78.0	118.0	89.0	77.0	105.0	80.0	86.0	79.0	84.0	90.0	78.0	85.0	118.0
266.791	81.0	84.0	84.0	87.0	81.0	88.0	84.0	81.0	128.0	86.0	77.0	106.0	83.0	85.0	82.0	87.0	90.0	77.0	82.0	115.0
266.894	83.0	84.0	91.0	83.0	84.0	88.0	80.0	86.0	121.0	88.0	83.0	108.0	84.0	86.0	89.0	92.0	86.0	87.0	83.0	116.0
266.997	102.0	105.0	110.0	113.0	102.0	103.0	99.0	104.0	136.0	106.0	98.0	132.0	102.0	110.0	104.0	106.0	106.0	100.0	110.0	134.0
267.1	83.0	85.0	91.0	89.0	86.0	90.0	82.0	83.0	126.0	86.0	83.0	116.0	81.0	87.0	84.0	88.0	84.0	78.0	93.0	119.0
267.202	88.0	82.0	88.0	92.0	86.0	91.0	80.0	88.0	132.0	89.0	89.0	118.0	83.0	96.0	88.0	89.0	89.0	83.0	98.0	122.0
267.305	89.0	78.0	90.0	87.0	86.0	91.0	78.0	85.0	128.0	90.0	86.0	120.0	86.0	90.0	84.0	90.0	84.0	89.0	91.0	126.0
267.408	81.0	86.0	90.0	90.0	85.0	89.0	84.0	89.0	125.0	92.0	84.0	115.0	90.0	98.0	89.0	88.0	85.0	88.0	89.0	122.0
267.511	72.0	83.0	86.0	92.0	88.0	82.0	80.0	87.0	127.0	92.0	82.0	109.0	82.0	97.0	84.0	80.0	83.0	84.0	91.0	126.0
267.614	81.0	74.0	92.0	93.0	88.0	85.0	75.0	84.0	130.0	89.0	87.0	111.0	77.0	91.0	86.0	87.0	83.0	86.0	91.0	117.0
267.717	82.0	81.0	88.0	86.0	86.0	90.0	75.0	82.0	121.0	77.0	84.0	119.0	82.0	83.0	82.0	84.0	86.0	82.0	84.0	117.0
267.82	102.0	105.0	108.0	104.0	107.0	108.0	98.0	110.0	140.0	104.0	103.0	135.0	110.0	109.0	107.0	109.0	103.0	100.0	103.0	137.0
267.923	74.0	79.0	86.0	89.0	84.0	90.0	77.0	81.0	122.0	84.0	77.0	115.0	82.0	92.0	85.0	83.0	87.0	80.0	86.0	117.0
268.025	100.0	102.0	107.0	108.0	107.0	106.0	100.0	102.0	151.0	108.0	107.0	134.0	104.0	107.0	107.0	103.0	110.0	101.0	106.0	134.0
268.128	84.0	86.0	83.0	84.0	80.0	89.0	82.0	86.0	125.0	89.0	83.0	116.0	86.0	88.0	82.0	86.0	91.0	84.0	92.0	115.0
268.231	83.0	78.0	94.0	88.0	82.0	84.0	76.0	81.0	110.0	88.0	81.0	112.0	82.0	87.0	84.0	83.0	86.0	79.0	88.0	115.0
268.334	85.0	82.0	88.0	91.0	82.0	88.0	78.0	79.0	120.0	87.0	82.0	113.0	87.0	97.0	87.0	85.0	87.0	82.0	86.0	127.0
268.437	76.0	78.0	88.0	86.0	82.0	85.0	72.0	95.0	116.0	89.0	88.0	117.0	80.0	92.0	85.0	91.0	85.0	81.0	88.0	121.0
268.54	79.0	74.0	85.0	84.0	80.0	89.0	77.0	86.0	122.0	81.0	83.0	117.0	82.0	85.0	85.0	81.0	82.0	83.0	81.0	122.0
268.643	82.0	77.0	85.0	82.0	79.0	84.0	81.0	82.0	112.0	85.0	82.0	115.0	82.0	86.0	85.0	87.0	81.0	78.0	85.0	115.0
268.746	76.0	78.0	88.0	96.0	80.0	87.0	78.0	85.0	124.0	88.0	84.0	112.0	80.0	91.0	85.0	88.0	82.0	83.0	89.0	117.0
268.849	82.0	80.0	79.0	80.0	81.0	84.0	78.0	84.0	131.0	80.0	84.0	112.0	75.0	90.0	78.0	82.0	88.0	76.0	87.0	120.0
268.952	82.0	77.0	86.0	88.0	84.0	87.0	80.0	91.0	127.0	90.0	83.0	112.0	84.0	92.0	88.0	90.0	85.0	85.0	93.0	116.0
269.055	79.0	88.0	93.0	89.0	84.0	87.0	80.0	89.0	127.0	83.0	82.0	118.0	88.0	97.0	81.0	85.0	83.0	82.0	84.0	126.0
269.158	106.0	96.0	106.0	110.0	101.0	103.0	99.0	105.0	144.0	103.0	100.0	130.0	101.0	110.0	101.0	97.0	105.0	99.0	107.0	140.0
269.262	81.0	78.0	92.0	83.0	83.0	86.0	86.0	89.0	135.0	90.0	84.0	112.0	93.0	106.0	92.0	86.0	93.0	81.0	99.0	128.0
269.365	83.0	78.0	87.0	86.0	90.0	89.0	86.0	92.0	127.0	87.0	80.0	118.0	90.0	101.0	91.0	90.0	83.0	88.0	91.0	119.0
269.468	81.0	78.0	91.0	86.0	88.0	88.0	83.0	90.0	114.0	83.0	82.0	113.0	80.0	97.0	93.0	90.0	86.0	84.0	91.0	124.0
269.571	81.0	80.0	89.0	86.0	91.0	87.0	87.0	92.0	125.0	85.0	78.0	115.0	84.0	101.0	89.0	87.0	85.0	88.0	92.0	123.0
269.674	75.0	81.0	83.0	86.0	92.0	93.0	77.0	83.0	130.0	92.0	87.0	121.0	85.0	100.0	88.0	92.0	89.0	85.0	90.0	126.0
269.777	82.0	77.0	81.0	86.0	85.0	89.0	77.0	83.0	129.0	88.0	82.0	118.0	84.0	98.0	89.0	87.0	87.0	76.0	93.0	125.0
269.88	84.0	85.0	88.0	87.0	90.0	89.0	84.0	79.0	123.0	82.0	79.0	118.0	88.0	91.0	82.0	91.0	86.0	82.0	88.0	122.0
269.983	79.0	80.0	89.0	85.0	80.0	83.0	78.0	80.0	122.0	79.0	78.0	111.0	84.0	93.0	76.0	84.0	88.0	76.0	84.0	121.0
270.086	78.0	79.0	86.0	84.0	78.0	84.0	80.0	81.0	118.0	89.0	80.0	112.0	82.0	91.0	78.0	86.0	86.0	82.0	88.0	120.0
270.19	83.0	72.0	89.0	80.0	82.0	82.0	81.0	81.0	127.0	83.0	84.0	114.0	79.0	84.0	84.0	92.0	85.0	80.0	83.0	117.0
270.293	86.0	86.0	90.0	92.0	86.0	91.0	80.0	83.0	123.0	86.0	85.0	112.0	77.0	86.0	82.0	93.0	85.0	84.0	92.0	120.0
270.396	84.0	85.0	95.0	96.0	92.0	98.0	88.0	89.0	130.0	93.0	86.0	125.0	92.0	94.0	96.0	89.0	88.0	89.0	93.0	125.0
270.499	78.0	84.0	86.0	82.0	81.0	86.0	81.0	90.0	124.0	81.0	81.0	113.0	76.0	91.0	85.0	86.0	84.0	82.0	86.0	114.0
270.602	79.0	80.0	87.0	87.0	83.0	81.0	78.0	85.0	119.0	89.0	81.0	111.0	84.0	88.0	83.0	91.0	91.0	81.0	86.0	111.0
270.706	81.0	81.0	91.0	87.0	79.0	86.0	79.0	82.0	122.0	80.0	81.0	115.0	83.0	81.0	81.0	84.0	88.0	81.0	81.0	117.0
270.809	82.0	85.0	87.0	86.0	83.0	87.0	79.0	78.0	120.0	88.0	79.0	112.0	86.0	92.0	85.0	90.0	86.0	87.0	79.0	117.0
270.912	78.0	81.0	86.0	85.0	75.0	86.0	86.0	85.0	125.0	85.0	78.0	113.0	83.0	93.0	81.0	84.0	83.0	79.0	89.0	113.0
271.015	75.0	75.0	84.0	84.0	90.0	86.0	81.0	89.0	122.0	87.0	81.0	120.0	87.0	95.0	86.0	88.0	86.0	82.0	89.0	118.0
271.119	87.0	78.0	90.0	89.0	91.0	87.0	85.0	88.0	123.0	82.0	81.0	114.0	84.0	96.0	92.0	87.0	86.0	83.0	95.0	120.0
271.222	78.0	86.0	85.0	86.0	89.0	85.0	83.0	90.0	120.0	87.0	82.0	112.0	85.0	92.0	90.0	84.0	86.0	83.0	100.0	122.0
271.325	78.0	81.0	92.0	92.0	85.0	88.0	79.0	91.0	121.0	89.0	83.0	117.0	81.0	92.0	90.0	85.0	88.0	79.0	88.0	129.0
271.429	78.0	85.0	83.0	81.0	86.0	87.0	75.0	87.0	121.0	91.0	89.0	107.0	83.0	91.0	86.0	87.0	86.0	75.0	98.0	117.0
271.532	89.0	84.0	83.0	83.0	88.0	90.0	79.0	82.0	128.0	90.0	87.0	116.0	85.0	86.0	86.0	94.0	86.0	82.0	94.0	116.0
271.635	85.0	82.0	88.0	82.0	85.0	87.0	83.0	79.0	124.0	84.0	84.0	111.0	80.0	87.0	84.0	86.0	86.0	82.0	83.0	118.0
271.739	82.0	79.0	85.0	85.0	79.0	86.0	81.0	87.0	128.0	84.0	81.0	112.0	84.0	86.0	83.0	82.0	85.0	82.0	86.0	114.0
271.842	79.0	75.0	90.0	82.0	82.0	80.0	78.0	87.0	124.0	84.0	82.0	114.0	78.0	88.0	85.0	85.0	81.0	80.0	90.0	119.0
271.945	79.0	75.0	86.0	90.0	81.0	90.0	86.0	88.0	119.0	85.0	85.0	112.0	86.0	85.0	87.0	85.0	86.0	90.0	86.0	123.0
272.049	78.0	81.0	83.0	88.0	80.0	92.0	81.0	88.0	119.0	85.0	84.0	107.0	81.0	91.0	88.0	91.0	80.0	84.0	88.0	122.0
272.152	81.0	82.0	84.0	87.0	87.0	86.0	81.0	84.0	133.0	88.0	78.0	114.0	76.0	98.0	83.0	85.0	77.0	82.0	92.0	120.0
272.255	80.0	78.0	87.0	82.0	85.0	87.0	85.0	88.0	129.0	87.0	79.0	114.0	88.0	89.0	88.0	90.0	81.0	80.0	95.0	117.0
272.359	79.0	79.0	89.0	83.0	86.0	89.0	78.0	85.0	122.0	89.0	85.0	116.0	92.0	91.0	92.0	96.0	87.0	80.0	91.0	120.0
272.462	83.0	78.0	87.0	91.0	86.0	93.0	82.0	83.0	129.0	92.0	80.0	122.0	88.0	96.0	89.0	85.0	81.0	82.0	87.0	125.0
272.566	79.0	82.0	91.0	87.0	82.0	90.0	89.0	89.0	131.0	89.0	81.0	110.0	93.0	98.0	84.0	80.0	86.0	88.0	100.0	129.0
272.669	79.0	77.0	82.0	85.0	86.0	83.0	84.0	83.0	126.0	88.0	80.0	119.0	88.0	100.0	89.0	85.0	85.0	89.0	102.0	126.0
272.773	75.0	81.0	89.0	86.0	91.0	93.0	82.0	92.0	124.0	86.0	87.0	120.0	84.0	96.0	89.0	85.0	80.0	83.0	94.0	128.0
272.876	81.0	79.0	94.0	86.0	90.0	96.0	85.0	92.0	123.0	85.0	84.0	117.0	90.0	97.0	91.0	90.0	86.0	81.0	95.0	128.0
272.98	78.0	83.0	88.0	87.0	86.0	89.0	84.0	86.0	125.0	89.0	80.0	110.0	78.0	99.0	89.0	85.0	83.0	82.0	95.0	127.0
273.083	79.0	83.0	83.0	82.0	85.0	90.0	81.0	89.0	122.0	92.0	78.0	110.0	79.0	88.0	82.0	86.0	86.0	80.0	91.0	116.0
273.187	83.0	88.0	91.0	88.0	82.0	89.0	78.0	93.0	128.0	87.0	89.0	116.0	83.0	96.0	91.0	91.0	91.0	88.0	90.0	120.0
273.29	91.0	90.0	98.0	91.0	96.0	101.0	87.0	95.0	132.0	101.0	86.0	125.0	91.0	104.0	93.0	104.0	87.0	93.0	97.0	132.0
273.394	83.0	86.0	92.0	90.0	86.0	94.0	84.0	96.0	128.0	95.0	79.0	116.0	84.0	98.0	87.0	89.0	81.0	84.0	95.0	123.0
273.497	79.0	84.0	89.0	86.0	94.0	91.0	87.0	94.0	129.0	96.0	84.0	122.0	90.0	106.0	94.0	90.0	84.0	88.0	106.0	140.0
273.601	76.0	88.0	94.0	81.0	97.0	97.0	80.0	94.0	133.0	98.0	89.0	127.0	90.0	104.0	100.0	95.0	82.0	90.0	106.0	140.0
273.704	83.0	84.0	91.0	86.0	95.0	94.0	79.0	97.0	124.0	97.0	77.0	118.0	88.0	104.0	91.0	89.0	82.0	94.0	96.0	134.0
273.808	83.0	85.0	99.0	90.0	92.0	93.0	88.0	93.0	131.0	92.0	83.0	120.0	79.0	108.0	92.0	88.0	88.0	88.0	97.0	132.0
273.911	82.0	83.0	88.0	84.0	92.0	94.0	82.0	93.0	130.0	91.0	83.0	122.0	90.0	111.0	88.0	95.0	86.0	85.0	102.0	130.0
274.015	87.0	84.0	90.0	80.0	97.0	95.0	83.0	101.0	136.0	99.0	87.0	123.0	95.0	120.0	100.0	94.0	87.0	90.0	115.0	146.0
274.119	89.0	87.0	94.0	87.0	97.0	105.0	86.0	103.0	135.0	106.0	84.0	122.0	96.0	112.0	106.0	99.0	88.0	99.0	107.0	145.0
274.222	90.0	88.0	93.0	90.0	98.0	104.0	92.0	107.0	133.0	103.0	89.0	119.0	94.0	118.0	92.0	97.0	84.0	98.0	109.0	144.0
274.326	86.0	80.0	97.0	83.0	97.0	91.0	84.0	95.0	134.0	100.0	89.0	122.0	93.0	108.0	96.0	97.0	84.0	87.0	102.0	137.0
274.43	82.0	86.0	97.0	88.0	98.0	101.0	94.0	100.0	136.0	99.0	89.0	127.0	97.0	122.0	101.0	101.0	89.0	98.0	117.0	132.0
274.533	93.0	92.0	101.0	85.0	112.0	110.0	89.0	109.0	140.0	107.0	85.0	129.0	98.0	142.0	111.0	105.0	84.0	104.0	120.0	151.0
274.637	94.0	87.0	98.0	87.0	107.0	109.0	90.0	110.0	148.0	113.0	91.0	138.0	108.0	157.0	106.0	100.0	84.0	105.0	129.0	158.0
274.741	91.0	88.0	96.0	86.0	97.0	97.0	91.0	109.0	142.0	100.0	88.0	141.0	94.0	140.0	106.0	99.0	87.0	100.0	119.0	147.0
274.844	87.0	83.0	90.0	80.0	103.0	98.0	81.0	103.0	135.0	104.0	89.0	130.0	97.0	125.0	103.0	91.0	85.0	94.0	110.0	137.0
274.948	82.0	82.0	104.0	86.0	98.0	97.0	87.0	95.0	135.0	101.0	86.0	118.0	92.0	112.0	95.0	96.0	87.0	101.0	102.0	137.0
275.052	81.0	80.0	95.0	89.0	93.0	92.0	85.0	91.0	129.0	92.0	90.0	117.0	87.0	103.0	89.0	91.0	84.0	87.0	98.0	130.0
275.155	88.0	81.0	95.0	92.0	92.0	92.0	89.0	96.0	133.0	103.0	86.0	122.0	93.0	110.0	92.0	96.0	83.0	95.0	113.0	137.0
275.259	79.0	76.0	88.0	86.0	94.0	94.0	84.0	90.0	127.0	101.0	80.0	120.0	89.0	111.0	88.0	92.0	84.0	87.0	106.0	133.0
275.363	83.0	75.0	89.0	80.0	87.0	90.0	84.0	94.0	127.0	84.0	85.0	116.0	95.0	105.0	93.0	93.0	88.0	91.0	99.0	126.0
275.467	85.0	87.0	91.0	88.0	87.0	90.0	88.0	85.0	127.0	90.0	85.0	122.0	85.0	108.0	95.0	92.0	86.0	88.0	102.0	140.0
275.57	77.0	79.0	90.0	80.0	92.0	93.0	79.0	92.0	128.0	96.0	84.0	126.0	83.0	104.0	90.0	88.0	86.0	87.0	97.0	134.0
275.674	83.0	78.0	86.0	79.0	86.0	86.0	80.0	89.0	121.0	89.0	87.0	124.0	86.0	102.0	87.0	88.0	85.0	79.0	98.0	123.0
275.778	81.0	81.0	95.0	87.0	84.0	92.0	79.0	90.0	127.0	91.0	85.0	119.0	96.0	110.0	99.0	99.0	84.0	85.0	99.0	132.0
275.882	82.0	86.0	93.0	84.0	94.0	90.0	85.0	87.0	134.0	87.0	81.0	118.0	89.0	111.0	92.0	85.0	87.0	94.0	98.0	136.0
275.986	78.0	81.0	88.0	82.0	88.0	89.0	78.0	89.0	127.0	91.0	84.0	118.0	82.0	105.0	86.0	83.0	86.0	88.0	94.0	123.0
276.089	76.0	78.0	95.0	84.0	91.0	88.0	84.0	89.0	132.0	93.0	85.0	121.0	89.0	101.0	93.0	90.0	87.0	84.0	97.0	126.0
276.193	82.0	86.0	86.0	83.0	86.0	87.0	78.0	89.0	128.0	84.0	85.0	118.0	85.0	93.0	86.0	89.0	80.0	83.0	92.0	124.0
276.297	76.0	81.0	85.0	79.0	86.0	89.0	82.0	84.0	125.0	87.0	77.0	111.0	87.0	91.0	86.0	84.0	76.0	82.0	87.0	122.0
276.401	80.0	78.0	85.0	92.0	87.0	87.0	82.0	84.0	126.0	91.0	83.0	116.0	83.0	97.0	86.0	86.0	87.0	87.0	92.0	120.0
276.505	85.0	80.0	83.0	82.0	85.0	89.0	80.0	84.0	121.0	93.0	82.0	110.0	81.0	95.0	90.0	87.0	88.0	82.0	94.0	116.0
276.609	77.0	79.0	88.0	87.0	84.0	88.0	78.0	81.0	117.0	88.0	86.0	118.0	77.0	85.0	80.0	86.0	85.0	81.0	87.0	117.0
276.713	79.0	79.0	76.0	86.0	84.0	86.0	79.0	79.0	121.0	84.0	79.0	112.0	80.0	91.0	86.0	90.0	83.0	83.0	79.0	113.0
276.816	80.0	80.0	86.0	90.0	77.0	83.0	74.0	82.0	121.0	89.0	81.0	111.0	79.0	92.0	80.0	77.0	79.0	80.0	81.0	117.0
276.92	78.0	76.0	85.0	83.0	85.0	82.0	81.0	85.0	128.0	91.0	83.0	110.0	90.0	97.0	84.0	82.0	87.0	82.0	88.0	119.0
277.024	76.0	81.0	84.0	86.0	80.0	84.0	79.0	80.0	121.0	85.0	88.0	112.0	82.0	85.0	88.0	88.0	83.0	83.0	84.0	120.0
277.128	76.0	81.0	86.0	86.0	84.0	83.0	80.0	83.0	118.0	85.0	78.0	110.0	82.0	88.0	87.0	79.0	83.0	82.0	89.0	117.0
277.232	73.0	82.0	89.0	84.0	81.0	86.0	77.0	89.0	126.0	90.0	86.0	118.0	79.0	100.0	86.0	87.0	85.0	88.0	84.0	123.0
277.336	82.0	80.0	80.0	79.0	94.0	85.0	76.0	89.0	129.0	90.0	88.0	123.0	81.0	100.0	89.0	84.0	88.0	85.0	95.0	122.0
277.44	77.0	80.0	87.0	85.0	88.0	88.0	80.0	87.0	128.0	92.0	83.0	114.0	96.0	105.0	89.0	83.0	80.0	85.0	94.0	119.0
277.544	77.0	79.0	90.0	87.0	91.0	87.0	82.0	84.0	119.0	87.0	83.0	112.0	86.0	100.0	91.0	88.0	86.0	86.0	84.0	123.0
277.648	76.0	85.0	89.0	85.0	78.0	87.0	83.0	85.0	125.0	89.0	80.0	112.0	82.0	96.0	79.0	82.0	83.0	84.0	90.0	120.0
277.752	76.0	73.0	91.0	84.0	84.0	89.0	86.0	90.0	123.0	85.0	77.0	118.0	81.0	99.0	81.0	87.0	87.0	81.0	89.0	118.0
277.856	76.0	79.0	90.0	88.0	89.0	85.0	80.0	88.0	126.0	85.0	83.0	124.0	84.0	94.0	87.0	89.0	81.0	81.0	85.0	117.0
277.96	84.0	81.0	88.0	84.0	87.0	96.0	86.0	95.0	123.0	90.0	80.0	123.0	92.0	99.0	91.0	93.0	86.0	86.0	96.0	129.0
278.064	81.0	83.0	88.0	84.0	83.0	88.0	83.0	86.0	123.0	90.0	86.0	114.0	84.0	107.0	94.0	85.0	84.0	88.0	95.0	131.0
278.168	82.0	82.0	91.0	82.0	90.0	89.0	82.0	91.0	133.0	93.0	87.0	124.0	88.0	107.0	92.0	99.0	83.0	83.0	99.0	127.0
278.272	84.0	84.0	87.0	82.0	90.0	90.0	79.0	85.0	128.0	93.0	85.0	120.0	92.0	101.0	90.0	89.0	89.0	88.0	92.0	123.0
278.376	81.0	79.0	89.0	84.0	87.0	87.0	88.0	86.0	127.0	90.0	83.0	115.0	90.0	101.0	90.0	94.0	85.0	85.0	87.0	123.0
278.48	79.0	81.0	91.0	87.0	85.0	86.0	81.0	89.0	127.0	82.0	82.0	111.0	87.0	106.0	81.0	84.0	82.0	81.0	96.0	121.0
278.584	78.0	81.0	91.0	83.0	82.0	83.0	85.0	89.0	123.0	88.0	80.0	113.0	82.0	97.0	88.0	83.0	83.0	81.0	89.0	121.0
278.689	75.0	79.0	80.0	85.0	91.0	83.0	84.0	83.0	126.0	83.0	88.0	116.0	86.0	90.0	86.0	83.0	83.0	82.0	93.0	118.0
278.793	83.0	82.0	86.0	84.0	84.0	93.0	83.0	88.0	126.0	85.0	78.0	115.0	85.0	100.0	92.0	93.0	81.0	85.0	94.0	122.0
278.897	81.0	80.0	92.0	86.0	93.0	89.0	84.0	90.0	130.0	98.0	79.0	118.0	91.0	108.0	94.0	97.0	86.0	98.0	109.0	135.0
279.001	78.0	78.0	87.0	83.0	94.0	92.0	82.0	97.0	137.0	98.0	84.0	115.0	91.0	110.0	93.0	98.0	84.0	100.0	106.0	132.0
279.105	80.0	81.0	91.0	81.0	90.0	90.0	77.0	90.0	132.0	97.0	85.0	120.0	87.0	106.0	95.0	92.0	83.0	93.0	109.0	130.0
279.209	101.0	102.0	108.0	105.0	112.0	108.0	105.0	108.0	145.0	111.0	99.0	134.0	101.0	121.0	117.0	111.0	102.0	111.0	119.0	150.0
279.313	84.0	86.0	94.0	82.0	86.0	90.0	84.0	93.0	134.0	91.0	84.0	116.0	87.0	105.0	90.0	89.0	83.0	90.0	98.0	131.0
279.418	84.0	84.0	99.0	84.0	86.0	86.0	83.0	101.0	132.0	98.0	82.0	126.0	92.0	117.0	99.0	94.0	85.0	90.0	108.0	144.0
279.522	85.0	85.0	94.0	81.0	100.0	95.0	84.0	93.0	128.0	97.0	83.0	126.0	97.0	115.0	97.0	96.0	90.0	92.0	110.0	138.0
279.626	88.0	87.0	97.0	82.0	99.0	96.0	86.0	98.0	134.0	99.0	82.0	126.0	100.0	122.0	103.0	98.0	85.0	101.0	113.0	145.0
279.73	87.0	83.0	99.0	87.0	91.0	104.0	86.0	96.0	138.0	101.0	84.0	130.0	101.0	132.0	105.0	103.0	84.0	104.0	119.0	149.0
279.834	95.0	86.0	102.0	87.0	114.0	100.0	89.0	107.0	142.0	116.0	88.0	136.0	104.0	161.0	120.0	103.0	83.0	111.0	132.0	164.0
279.939	89.0	90.0	103.0	78.0	113.0	107.0	87.0	110.0	140.0	106.0	86.0	137.0	110.0	158.0	116.0	100.0	83.0	101.0	136.0	169.0
280.043	85.0	85.0	95.0	82.0	107.0	96.0	86.0	99.0	134.0	106.0	87.0	127.0	96.0	144.0	107.0	104.0	82.0	101.0	119.0	152.0
280.147	89.0	84.0	95.0	91.0	101.0	97.0	92.0	97.0	130.0	100.0	84.0	128.0	95.0	134.0	99.0	91.0	81.0	104.0	116.0	148.0
280.251	84.0	86.0	96.0	84.0	97.0	97.0	86.0	97.0	133.0	99.0	86.0	127.0	91.0	132.0	100.0	96.0	85.0	95.0	117.0	141.0
280.356	92.0	91.0	100.0	87.0	101.0	106.0	89.0	106.0	142.0	108.0	88.0	140.0	104.0	154.0	119.0	106.0	86.0	102.0	130.0	160.0
280.46	88.0	88.0	104.0	86.0	110.0	104.0	97.0	106.0	146.0	101.0	90.0	137.0	104.0	158.0	118.0	100.0	86.0	103.0	131.0	164.0
280.564	89.0	84.0	93.0	83.0	106.0	101.0	90.0	100.0	145.0	102.0	84.0	133.0	109.0	139.0	113.0	97.0	80.0	104.0	123.0	153.0
280.669	84.0	89.0	91.0	84.0	102.0	97.0	87.0	102.0	137.0	102.0	87.0	124.0	88.0	128.0	101.0	94.0	85.0	95.0	112.0	142.0
280.773	82.0	81.0	89.0	80.0	98.0	95.0	84.0	98.0	133.0	99.0	84.0	120.0	90.0	112.0	96.0	90.0	85.0	80.0	105.0	134.0
280.877	85.0	84.0	89.0	89.0	92.0	91.0	88.0	93.0	127.0	94.0	84.0	128.0	98.0	112.0	96.0	97.0	84.0	84.0	97.0	129.0
280.982	87.0	87.0	94.0	86.0	92.0	93.0	88.0	90.0	135.0	95.0	88.0	119.0	100.0	116.0	92.0	93.0	87.0	93.0	97.0	136.0
281.086	83.0	86.0	97.0	86.0	93.0	94.0	92.0	98.0	136.0	98.0	86.0	124.0	92.0	136.0	106.0	96.0	83.0	96.0	116.0	149.0
281.19	86.0	85.0	100.0	82.0	115.0	105.0	99.0	108.0	143.0	110.0	85.0	147.0	106.0	170.0	119.0	98.0	89.0	111.0	140.0	163.0
281.295	87.0	92.0	102.0	88.0	108.0	107.0	88.0	103.0	144.0	102.0	89.0	141.0	103.0	151.0	115.0	106.0	82.0	101.0	123.0	158.0
281.399	85.0	88.0	94.0	87.0	107.0	101.0	89.0	106.0	140.0	97.0	82.0	140.0	100.0	155.0	112.0	100.0	86.0	104.0	130.0	155.0
281.503	86.0	87.0	97.0	85.0	104.0	99.0	90.0	97.0	145.0	103.0	88.0	132.0	100.0	142.0	110.0	103.0	88.0	98.0	116.0	140.0
281.608	79.0	86.0	89.0	80.0	97.0	95.0	76.0	92.0	132.0	98.0	88.0	123.0	90.0	119.0	98.0	90.0	90.0	88.0	108.0	134.0
281.712	83.0	92.0	92.0	87.0	89.0	87.0	86.0	86.0	130.0	98.0	88.0	126.0	96.0	111.0	97.0	95.0	87.0	88.0	100.0	137.0
281.817	95.0	92.0	99.0	98.0	104.0	103.0	94.0	106.0	137.0	97.0	89.0	130.0	102.0	118.0	101.0	101.0	92.0	99.0	107.0	140.0
281.921	80.0	86.0	88.0	84.0	81.0	82.0	82.0	89.0	126.0	88.0	80.0	119.0	87.0	107.0	88.0	90.0	85.0	92.0	92.0	128.0
282.026	85.0	86.0	93.0	87.0	93.0	92.0	93.0	99.0	137.0	98.0	85.0	127.0	96.0	124.0	107.0	96.0	87.0	97.0	112.0	141.0
282.13	87.0	89.0	106.0	87.0	116.0	117.0	93.0	112.0	143.0	109.0	90.0	147.0	113.0	176.0	133.0	107.0	88.0	105.0	149.0	178.0
282.235	97.0	95.0	115.0	83.0	139.0	121.0	103.0	136.0	162.0	130.0	89.0	163.0	138.0	222.0	157.0	127.0	86.0	132.0	188.0	210.0
282.339	101.0	96.0	118.0	88.0	130.0	120.0	106.0	134.0	164.0	138.0	98.0	160.0	128.0	218.0	152.0	114.0	91.0	128.0	166.0	195.0
282.444	93.0	86.0	101.0	86.0	114.0	100.0	91.0	124.0	147.0	116.0	85.0	152.0	110.0	172.0	127.0	111.0	86.0	105.0	143.0	172.0
282.548	89.0	94.0	105.0	81.0	123.0	108.0	93.0	110.0	146.0	109.0	87.0	144.0	116.0	183.0	129.0	111.0	85.0	111.0	144.0	182.0
282.653	94.0	97.0	104.0	92.0	119.0	116.0	93.0	110.0	154.0	108.0	94.0	142.0	113.0	157.0	118.0	110.0	89.0	110.0	132.0	166.0
282.757	88.0	85.0	103.0	89.0	97.0	100.0	87.0	109.0	140.0	100.0	85.0	129.0	99.0	147.0	111.0	98.0	84.0	98.0	122.0	150.0
282.862	83.0	84.0	93.0	82.0	98.0	94.0	81.0	91.0	134.0	96.0	87.0	121.0	96.0	122.0	99.0	98.0	87.0	87.0	109.0	144.0
282.966	75.0	83.0	91.0	80.0	95.0	99.0	85.0	103.0	130.0	100.0	85.0	128.0	91.0	124.0	107.0	92.0	87.0	93.0	111.0	144.0
283.071	80.0	81.0	98.0	84.0	97.0	95.0	85.0	92.0	131.0	96.0	80.0	122.0	96.0	117.0	98.0	92.0	81.0	96.0	101.0	137.0
283.175	84.0	84.0	90.0	87.0	94.0	92.0	86.0	87.0	126.0	90.0	83.0	121.0	81.0	114.0	89.0	91.0	78.0	90.0	98.0	125.0
283.28	83.0	82.0	88.0	83.0	87.0	93.0	81.0	89.0	128.0	92.0	87.0	121.0	88.0	112.0	93.0	89.0	84.0	88.0	103.0	130.0
283.385	88.0	83.0	86.0	84.0	101.0	90.0	86.0	100.0	129.0	98.0	87.0	130.0	95.0	123.0	102.0	94.0	85.0	89.0	108.0	139.0
283.489	89.0	89.0	97.0	84.0	102.0	100.0	97.0	108.0	138.0	107.0	83.0	128.0	101.0	138.0	109.0	97.0	84.0	104.0	113.0	154.0
283.594	95.0	87.0	102.0	94.0	113.0	101.0	93.0	110.0	150.0	113.0	88.0	136.0	106.0	155.0	119.0	102.0	88.0	103.0	129.0	169.0
283.698	97.0	89.0	100.0	92.0	104.0	103.0	94.0	108.0	148.0	111.0	90.0	139.0	102.0	134.0	108.0	102.0	93.0	103.0	126.0	155.0
283.803	86.0	87.0	101.0	89.0	104.0	103.0	84.0	96.0	133.0	96.0	89.0	129.0	94.0	120.0	97.0	101.0	88.0	100.0	109.0	144.0
283.908	85.0	88.0	98.0	85.0	98.0	95.0	82.0	98.0	131.0	94.0	86.0	125.0	102.0	117.0	100.0	98.0	82.0	92.0	100.0	138.0
284.012	88.0	89.0	94.0	94.0	101.0	100.0	85.0	94.0	134.0	98.0	90.0	123.0	100.0	120.0	104.0	99.0	88.0	96.0	108.0	138.0
284.117	83.0	80.0	96.0	86.0	93.0	94.0	88.0	98.0	133.0	98.0	87.0	122.0	91.0	115.0	94.0	91.0	88.0	92.0	97.0	136.0
284.222	77.0	80.0	90.0	84.0	89.0	96.0	82.0	88.0	128.0	85.0	84.0	122.0	90.0	113.0	91.0	93.0	80.0	82.0	101.0	133.0
284.326	79.0	83.0	92.0	79.0	85.0	90.0	83.0	89.0	127.0	87.0	84.0	114.0	89.0	105.0	94.0	85.0	82.0	84.0	93.0	128.0
284.431	85.0	88.0	98.0	89.0	97.0	95.0	95.0	96.0	139.0	100.0	87.0	118.0	96.0	121.0	100.0	89.0	82.0	96.0	106.0	138.0
284.536	86.0	79.0	93.0	87.0	86.0	95.0	87.0	96.0	129.0	96.0	84.0	123.0	92.0	110.0	94.0	88.0	95.0	96.0	104.0	136.0
284.64	80.0	89.0	90.0	79.0	91.0	95.0	83.0	88.0	133.0	99.0	91.0	121.0	103.0	120.0	106.0	95.0	90.0	90.0	105.0	141.0
284.745	83.0	87.0	89.0	81.0	100.0	98.0	79.0	88.0	130.0	95.0	82.0	121.0	92.0	121.0	100.0	95.0	81.0	93.0	108.0	136.0
284.85	86.0	84.0	99.0	82.0	90.0	98.0	87.0	96.0	129.0	96.0	81.0	120.0	95.0	125.0	95.0	99.0	82.0	94.0	109.0	136.0
284.955	82.0	86.0	86.0	85.0	95.0	98.0	84.0	100.0	136.0	96.0	86.0	124.0	98.0	128.0	104.0	99.0	85.0	98.0	108.0	144.0
285.059	83.0	81.0	89.0	78.0	97.0	100.0	82.0	92.0	131.0	98.0	88.0	125.0	95.0	136.0	108.0	97.0	89.0	88.0	118.0	148.0
285.164	77.0	85.0	90.0	83.0	102.0	95.0	88.0	93.0	138.0	100.0	84.0	131.0	100.0	135.0	102.0	95.0	84.0	93.0	112.0	152.0
285.269	82.0	87.0	96.0	84.0	99.0	95.0	88.0	95.0	137.0	95.0	82.0	128.0	96.0	135.0	99.0	92.0	83.0	96.0	115.0	135.0
285.374	86.0	80.0	102.0	87.0	94.0	94.0	86.0	103.0	136.0	98.0	83.0	137.0	97.0	125.0	103.0	94.0	89.0	94.0	112.0	139.0
285.479	84.0	87.0	97.0	82.0	94.0	97.0	88.0	101.0	137.0	101.0	91.0	134.0	99.0	135.0	106.0	100.0	88.0	95.0	112.0	140.0
285.583	90.0	92.0	100.0	84.0	106.0	113.0	95.0	110.0	140.0	106.0	83.0	137.0	109.0	150.0	116.0	104.0	87.0	100.0	139.0	165.0
285.688	88.0	85.0	95.0	86.0	98.0	104.0	88.0	106.0	142.0	101.0	82.0	130.0	100.0	140.0	111.0	101.0	84.0	100.0	121.0	158.0
285.793	83.0	82.0	97.0	86.0	105.0	97.0	86.0	101.0	142.0	103.0	86.0	130.0	94.0	139.0	108.0	99.0	85.0	99.0	113.0	151.0
285.898	84.0	81.0	95.0	79.0	101.0	96.0	83.0	98.0	131.0	101.0	89.0	124.0	96.0	132.0	102.0	96.0	84.0	88.0	113.0	145.0
286.003	83.0	77.0	89.0	81.0	95.0	90.0	86.0	95.0	136.0	94.0	84.0	117.0	87.0	112.0	90.0	93.0	87.0	89.0	97.0	131.0
286.108	80.0	87.0	88.0	80.0	81.0	91.0	83.0	89.0	132.0	90.0	77.0	112.0	86.0	107.0	85.0	81.0	88.0	90.0	96.0	131.0
286.213	82.0	78.0	95.0	82.0	90.0	93.0	83.0	97.0	132.0	92.0	80.0	128.0	89.0	115.0	91.0	89.0	87.0	92.0	105.0	122.0
286.317	81.0	82.0	95.0	82.0	97.0	97.0	92.0	98.0	136.0	103.0	89.0	127.0	98.0	131.0	102.0	99.0	88.0	98.0	114.0	138.0
286.422	80.0	89.0	98.0	87.0	102.0	101.0	85.0	95.0	132.0	94.0	82.0	128.0	102.0	130.0	110.0	96.0	84.0	96.0	118.0	143.0
286.527	83.0	85.0	88.0	83.0	96.0	98.0	81.0	95.0	132.0	93.0	81.0	123.0	92.0	119.0	104.0	96.0	84.0	95.0	110.0	136.0
286.632	86.0	82.0	96.0	82.0	96.0	97.0	76.0	96.0	136.0	96.0	87.0	122.0	86.0	118.0	98.0	93.0	83.0	97.0	108.0	133.0
286.737	78.0	81.0	85.0	79.0	85.0	88.0	77.0	88.0	125.0	95.0	82.0	124.0	88.0	108.0	94.0	100.0	82.0	85.0	101.0	129.0
286.842	103.0	93.0	105.0	96.0	105.0	107.0	98.0	99.0	142.0	110.0	97.0	136.0	106.0	125.0	110.0	108.0	98.0	96.0	114.0	148.0
286.947	97.0	99.0	103.0	100.0	108.0	110.0	99.0	109.0	141.0	107.0	91.0	140.0	106.0	142.0	111.0	105.0	95.0	104.0	125.0	152.0
287.052	97.0	98.0	106.0	94.0	114.0	102.0	94.0	118.0	152.0	114.0	91.0	139.0	111.0	147.0	113.0	107.0	90.0	108.0	135.0	158.0
287.157	88.0	91.0	105.0	88.0	111.0	106.0	97.0	109.0	142.0	116.0	96.0	143.0	112.0	165.0	120.0	113.0	84.0	105.0	140.0	172.0
287.262	89.0	90.0	98.0	89.0	102.0	99.0	89.0	105.0	142.0	97.0	88.0	128.0	105.0	138.0	108.0	99.0	85.0	99.0	120.0	158.0
287.367	83.0	83.0	95.0	85.0	102.0	103.0	90.0	95.0	137.0	102.0	79.0	127.0	95.0	124.0	105.0	93.0	86.0	94.0	113.0	143.0
287.472	84.0	85.0	102.0	87.0	94.0	92.0	86.0	99.0	136.0	97.0	84.0	118.0	92.0	119.0	100.0	96.0	86.0	97.0	110.0	132.0
287.577	102.0	101.0	107.0	101.0	111.0	109.0	99.0	105.0	144.0	114.0	102.0	143.0	106.0	121.0	104.0	110.0	105.0	114.0	125.0	148.0
287.682	82.0	86.0	93.0	78.0	98.0	99.0	82.0	93.0	136.0	101.0	87.0	133.0	100.0	128.0	104.0	103.0	83.0	98.0	112.0	149.0
287.787	88.0	89.0	94.0	89.0	116.0	105.0	90.0	108.0	145.0	110.0	91.0	132.0	105.0	153.0	118.0	106.0	87.0	105.0	132.0	162.0
287.892	95.0	88.0	101.0	83.0	103.0	106.0	86.0	108.0	148.0	107.0	87.0	133.0	109.0	149.0	109.0	100.0	90.0	108.0	130.0	167.0
287.997	91.0	85.0	101.0	88.0	100.0	97.0	97.0	108.0	140.0	102.0	87.0	134.0	101.0	138.0	111.0	102.0	83.0	102.0	121.0	152.0
288.102	81.0	83.0	96.0	79.0	99.0	101.0	84.0	95.0	133.0	96.0	88.0	127.0	97.0	120.0	109.0	96.0	81.0	98.0	114.0	143.0
288.207	79.0	79.0	93.0	78.0	96.0	96.0	80.0	100.0	132.0	98.0	84.0	122.0	97.0	122.0	102.0	92.0	82.0	92.0	120.0	146.0
288.312	89.0	85.0	96.0	90.0	98.0	97.0	84.0	100.0	134.0	104.0	79.0	130.0	98.0	132.0	113.0	100.0	84.0	92.0	117.0	146.0
288.417	87.0	91.0	99.0	84.0	99.0	94.0	86.0	94.0	130.0	105.0	85.0	130.0	96.0	139.0	109.0	99.0	87.0	91.0	117.0	145.0
288.523	83.0	82.0	92.0	79.0	92.0	93.0	87.0	93.0	134.0	96.0	91.0	126.0	97.0	128.0	104.0	95.0	88.0	87.0	110.0	148.0
288.628	75.0	85.0	91.0	81.0	97.0	91.0	79.0	90.0	130.0	95.0	83.0	117.0	95.0	115.0	104.0	93.0	87.0	92.0	100.0	140.0
288.733	80.0	84.0	94.0	85.0	93.0	96.0	87.0	92.0	133.0	95.0	86.0	125.0	90.0	111.0	93.0	86.0	87.0	92.0	94.0	134.0
288.838	84.0	78.0	85.0	79.0	82.0	90.0	83.0	82.0	122.0	90.0	85.0	115.0	90.0	98.0	91.0	91.0	82.0	85.0	98.0	124.0
288.943	76.0	77.0	87.0	84.0	86.0	84.0	78.0	88.0	121.0	80.0	82.0	109.0	84.0	92.0	91.0	92.0	79.0	78.0	90.0	120.0
289.048	78.0	75.0	85.0	85.0	82.0	85.0	82.0	89.0	120.0	82.0	78.0	112.0	79.0	90.0	85.0	88.0	83.0	84.0	81.0	123.0
289.153	77.0	80.0	83.0	80.0	85.0	86.0	77.0	84.0	127.0	84.0	73.0	112.0	79.0	94.0	79.0	82.0	76.0	88.0	90.0	116.0
289.259	75.0	77.0	84.0	83.0	85.0	88.0	82.0	83.0	123.0	82.0	78.0	110.0	81.0	94.0	87.0	88.0	81.0	82.0	92.0	116.0
289.364	79.0	82.0	88.0	85.0	85.0	84.0	80.0	78.0	124.0	91.0	89.0	111.0	84.0	96.0	88.0	87.0	85.0	80.0	96.0	122.0
289.469	82.0	79.0	84.0	76.0	86.0	89.0	79.0	84.0	118.0	86.0	76.0	110.0	85.0	90.0	84.0	85.0	83.0	79.0	87.0	111.0
289.574	76.0	78.0	94.0	85.0	83.0	84.0	90.0	85.0	126.0	91.0	85.0	113.0	81.0	95.0	84.0	86.0	87.0	84.0	89.0	118.0
289.679	78.0	80.0	90.0	81.0	79.0	87.0	84.0	85.0	125.0	90.0	82.0	117.0	83.0	95.0	84.0	88.0	84.0	78.0	87.0	120.0
289.785	79.0	81.0	83.0	87.0	81.0	85.0	87.0	86.0	119.0	87.0	80.0	113.0	83.0	99.0	88.0	87.0	85.0	84.0	88.0	122.0
289.89	73.0	82.0	85.0	82.0	84.0	88.0	79.0	85.0	118.0	83.0	75.0	117.0	80.0	93.0	90.0	88.0	83.0	81.0	87.0	121.0
289.995	82.0	87.0	93.0	78.0	85.0	92.0	83.0	92.0	132.0	97.0	85.0	119.0	94.0	107.0	88.0	91.0	80.0	85.0	99.0	128.0
290.1	76.0	84.0	92.0	86.0	94.0	97.0	87.0	96.0	136.0	92.0	86.0	132.0	88.0	118.0	103.0	93.0	82.0	95.0	107.0	134.0
290.206	92.0	91.0	90.0	84.0	98.0	95.0	79.0	101.0	133.0	96.0	88.0	132.0	97.0	120.0	98.0	96.0	88.0	89.0	114.0	136.0
290.311	80.0	87.0	91.0	81.0	85.0	87.0	82.0	94.0	140.0	95.0	80.0	123.0	94.0	108.0	99.0	88.0	83.0	85.0	104.0	137.0
290.416	78.0	85.0	93.0	79.0	94.0	96.0	86.0	96.0	132.0	97.0	81.0	119.0	93.0	112.0	91.0	83.0	90.0	93.0	105.0	130.0
290.522	82.0	83.0	97.0	84.0	94.0	89.0	87.0	94.0	129.0	95.0	84.0	129.0	94.0	120.0	93.0	89.0	83.0	91.0	107.0	142.0
290.627	83.0	89.0	100.0	84.0	94.0	95.0	88.0	101.0	133.0	97.0	94.0	129.0	95.0	111.0	99.0	94.0	91.0	94.0	110.0	138.0
290.732	81.0	83.0	90.0	84.0	96.0	93.0	83.0	91.0	135.0	97.0	78.0	120.0	94.0	106.0	100.0	97.0	83.0	90.0	100.0	136.0
290.838	87.0	83.0	89.0	84.0	97.0	93.0	87.0	97.0	137.0	90.0	84.0	118.0	92.0	117.0	95.0	86.0	81.0	88.0	99.0	133.0
290.943	87.0	83.0	89.0	86.0	90.0	92.0	88.0	95.0	136.0	94.0	84.0	115.0	88.0	112.0	93.0	94.0	85.0	87.0	104.0	132.0
291.048	80.0	82.0	87.0	80.0	86.0	90.0	82.0	86.0	131.0	97.0	85.0	118.0	94.0	107.0	89.0	91.0	84.0	84.0	102.0	133.0
291.154	82.0	88.0	90.0	84.0	92.0	88.0	88.0	89.0	130.0	92.0	85.0	123.0	90.0	101.0	96.0	99.0	85.0	84.0	100.0	128.0
291.259	81.0	85.0	89.0	81.0	90.0	86.0	83.0	91.0	129.0	97.0	82.0	116.0	88.0	106.0	89.0	85.0	88.0	88.0	93.0	129.0
291.364	86.0	80.0	92.0	86.0	88.0	91.0	81.0	91.0	128.0	100.0	85.0	124.0	88.0	113.0	93.0	87.0	83.0	89.0	94.0	126.0
291.47	76.0	82.0	87.0	85.0	86.0	84.0	79.0	88.0	124.0	94.0	86.0	116.0	87.0	102.0	87.0	86.0	84.0	83.0	96.0	123.0
291.575	83.0	93.0	103.0	88.0	94.0	101.0	87.0	95.0	134.0	94.0	90.0	129.0	99.0	100.0	103.0	104.0	96.0	91.0	102.0	129.0
291.681	80.0	87.0	89.0	82.0	90.0	87.0	84.0	85.0	127.0	85.0	79.0	110.0	89.0	107.0	90.0	90.0	81.0	85.0	95.0	125.0
291.786	84.0	75.0	92.0	88.0	91.0	88.0	81.0	90.0	133.0	94.0	79.0	119.0	87.0	110.0	86.0	94.0	80.0	89.0	95.0	127.0
291.891	77.0	79.0	84.0	84.0	88.0	89.0	83.0	88.0	126.0	90.0	81.0	116.0	82.0	104.0	94.0	89.0	84.0	82.0	97.0	126.0
291.997	82.0	81.0	90.0	78.0	91.0	94.0	80.0	84.0	131.0	92.0	85.0	118.0	91.0	113.0	94.0	87.0	83.0	79.0	100.0	133.0
292.102	88.0	82.0	94.0	85.0	85.0	90.0	83.0	93.0	124.0	96.0	80.0	117.0	88.0	113.0	94.0	88.0	84.0	92.0	97.0	134.0
292.208	86.0	75.0	94.0	83.0	94.0	95.0	94.0	102.0	137.0	103.0	86.0	127.0	96.0	128.0	98.0	90.0	81.0	94.0	114.0	148.0
292.313	86.0	83.0	93.0	84.0	94.0	93.0	85.0	96.0	136.0	102.0	81.0	130.0	98.0	124.0	103.0	93.0	86.0	95.0	110.0	142.0
292.419	83.0	89.0	99.0	87.0	108.0	95.0	90.0	100.0	134.0	98.0	82.0	137.0	98.0	132.0	112.0	97.0	90.0	99.0	114.0	147.0
292.524	89.0	84.0	90.0	84.0	100.0	93.0	93.0	96.0	144.0	103.0	83.0	132.0	95.0	127.0	106.0	94.0	84.0	87.0	115.0	145.0
292.63	83.0	83.0	96.0	84.0	97.0	95.0	89.0	99.0	133.0	99.0	83.0	127.0	94.0	128.0	102.0	94.0	84.0	92.0	104.0	142.0
292.735	87.0	88.0	89.0	85.0	99.0	91.0	86.0	99.0	136.0	97.0	88.0	121.0	89.0	119.0	100.0	94.0	86.0	86.0	109.0	141.0
292.841	84.0	83.0	89.0	81.0	95.0	92.0	85.0	90.0	127.0	93.0	82.0	121.0	87.0	113.0	95.0	90.0	85.0	82.0	98.0	133.0
292.946	88.0	89.0	92.0	82.0	103.0	92.0	91.0	102.0	136.0	94.0	88.0	124.0	99.0	126.0	106.0	96.0	86.0	96.0	110.0	144.0
293.052	87.0	85.0	94.0	85.0	87.0	95.0	85.0	96.0	133.0	97.0	84.0	126.0	96.0	127.0	96.0	92.0	84.0	91.0	112.0	142.0
293.158	87.0	89.0	94.0	86.0	107.0	89.0	94.0	101.0	126.0	103.0	87.0	131.0	95.0	141.0	109.0	94.0	87.0	99.0	117.0	153.0
293.263	88.0	91.0	103.0	85.0	110.0	104.0	95.0	107.0	138.0	108.0	88.0	142.0	109.0	148.0	116.0	102.0	89.0	99.0	130.0	156.0
293.369	91.0	94.0	96.0	89.0	107.0	104.0	92.0	104.0	141.0	101.0	85.0	132.0	102.0	137.0	112.0	97.0	88.0	100.0	119.0	147.0
293.474	121.0	119.0	130.0	116.0	130.0	130.0	119.0	133.0	169.0	134.0	111.0	162.0	134.0	177.0	138.0	133.0	115.0	128.0	152.0	180.0
293.58	97.0	94.0	106.0	88.0	124.0	110.0	99.0	118.0	157.0	117.0	89.0	151.0	112.0	165.0	129.0	105.0	92.0	108.0	148.0	182.0
293.685	90.0	89.0	98.0	83.0	114.0	106.0	89.0	113.0	149.0	112.0	88.0	142.0	106.0	164.0	115.0	105.0	86.0	104.0	136.0	172.0
293.791	90.0	88.0	101.0	81.0	110.0	98.0	95.0	109.0	146.0	110.0	85.0	137.0	104.0	154.0	120.0	99.0	88.0	105.0	127.0	165.0
293.897	92.0	85.0	100.0	87.0	109.0	113.0	95.0	111.0	146.0	120.0	90.0	144.0	111.0	166.0	125.0	106.0	85.0	109.0	140.0	169.0
294.002	86.0	82.0	95.0	75.0	102.0	98.0	83.0	107.0	148.0	114.0	94.0	132.0	98.0	159.0	119.0	106.0	89.0	109.0	135.0	171.0
294.108	95.0	96.0	109.0	98.0	111.0	104.0	96.0	116.0	149.0	116.0	98.0	146.0	112.0	148.0	125.0	116.0	98.0	109.0	140.0	174.0
294.214	87.0	91.0	100.0	87.0	99.0	106.0	92.0	111.0	144.0	97.0	83.0	130.0	100.0	134.0	107.0	97.0	91.0	95.0	110.0	155.0
294.319	89.0	86.0	94.0	89.0	93.0	93.0	87.0	99.0	139.0	102.0	81.0	124.0	97.0	119.0	95.0	95.0	84.0	97.0	109.0	147.0
294.425	82.0	82.0	86.0	84.0	90.0	92.0	83.0	94.0	130.0	95.0	88.0	118.0	87.0	110.0	91.0	90.0	80.0	90.0	103.0	136.0
294.531	83.0	80.0	83.0	86.0	90.0	91.0	81.0	87.0	131.0	92.0	86.0	118.0	92.0	110.0	92.0	98.0	91.0	84.0	102.0	135.0
294.636	80.0	80.0	93.0	85.0	89.0	88.0	80.0	85.0	127.0	94.0	78.0	118.0	87.0	101.0	91.0	92.0	84.0	89.0	92.0	132.0
294.742	77.0	83.0	97.0	89.0	89.0	91.0	85.0	88.0	127.0	96.0	83.0	117.0	90.0	111.0	93.0	89.0	84.0	89.0	93.0	134.0
294.848	114.0	104.0	120.0	105.0	118.0	123.0	107.0	120.0	160.0	133.0	103.0	154.0	122.0	162.0	127.0	118.0	107.0	116.0	145.0	177.0
294.954	80.0	89.0	100.0	83.0	103.0	98.0	95.0	97.0	143.0	103.0	86.0	132.0	104.0	129.0	111.0	105.0	86.0	95.0	122.0	166.0
295.059	103.0	103.0	120.0	103.0	127.0	124.0	115.0	126.0	167.0	127.0	108.0	145.0	124.0	161.0	137.0	121.0	108.0	119.0	154.0	186.0
295.165	86.0	84.0	103.0	85.0	105.0	102.0	88.0	103.0	145.0	108.0	90.0	128.0	109.0	134.0	110.0	96.0	90.0	97.0	124.0	152.0
295.271	89.0	84.0	96.0	83.0	102.0	104.0	94.0	104.0	147.0	108.0	93.0	128.0	100.0	136.0	106.0	104.0	92.0	94.0	127.0	162.0
295.377	84.0	83.0	95.0	80.0	103.0	100.0	83.0	105.0	143.0	104.0	92.0	125.0	97.0	147.0	115.0	101.0	87.0	99.0	124.0	160.0
295.482	84.0	86.0	96.0	85.0	96.0	104.0	89.0	98.0	141.0	99.0	89.0	130.0	100.0	129.0	107.0	96.0	85.0	98.0	115.0	148.0
295.588	81.0	83.0	89.0	84.0	91.0	96.0	87.0	101.0	132.0	90.0	80.0	122.0	96.0	117.0	100.0	87.0	81.0	88.0	106.0	136.0
295.694	88.0	84.0	93.0	82.0	95.0	90.0	84.0	95.0	135.0	88.0	81.0	125.0	90.0	119.0	93.0	95.0	85.0	91.0	103.0	136.0
295.8	75.0	85.0	81.0	85.0	84.0	89.0	83.0	88.0	124.0	82.0	84.0	121.0	80.0	102.0	91.0	90.0	86.0	88.0	94.0	127.0
295.906	77.0	84.0	86.0	80.0	90.0	86.0	78.0	88.0	127.0	92.0	86.0	115.0	89.0	102.0	91.0	90.0	85.0	87.0	97.0	128.0
296.011	85.0	78.0	95.0	87.0	89.0	94.0	77.0	91.0	130.0	92.0	85.0	113.0	89.0	102.0	88.0	91.0	83.0	80.0	95.0	125.0
296.117	86.0	81.0	93.0	86.0	90.0	93.0	90.0	86.0	134.0	95.0	92.0	119.0	90.0	107.0	96.0	89.0	85.0	89.0	99.0	132.0
296.223	78.0	83.0	84.0	79.0	80.0	89.0	82.0	85.0	125.0	87.0	80.0	116.0	78.0	93.0	89.0	89.0	87.0	82.0	89.0	120.0
296.329	82.0	83.0	85.0	84.0	84.0	90.0	82.0	81.0	129.0	92.0	82.0	110.0	82.0	96.0	91.0	83.0	87.0	78.0	85.0	127.0
296.435	80.0	83.0	88.0	86.0	86.0	90.0	81.0	90.0	129.0	92.0	81.0	114.0	88.0	102.0	90.0	86.0	84.0	87.0	88.0	127.0
296.541	87.0	82.0	92.0	89.0	82.0	97.0	84.0	89.0	126.0	96.0	82.0	119.0	86.0	105.0	86.0	84.0	85.0	87.0	93.0	125.0
296.647	79.0	89.0	89.0	86.0	87.0	83.0	87.0	87.0	122.0	92.0	88.0	119.0	88.0	98.0	90.0	91.0	80.0	83.0	93.0	126.0
296.752	75.0	80.0	83.0	84.0	82.0	90.0	85.0	86.0	125.0	80.0	82.0	112.0	86.0	92.0	90.0	89.0	86.0	87.0	88.0	127.0
296.858	80.0	80.0	91.0	86.0	89.0	89.0	84.0	87.0	127.0	90.0	80.0	119.0	87.0	97.0	90.0	88.0	79.0	82.0	83.0	119.0
296.964	79.0	77.0	91.0	86.0	87.0	88.0	84.0	84.0	129.0	89.0	77.0	112.0	79.0	100.0	80.0	87.0	80.0	80.0	88.0	117.0
297.07	82.0	77.0	86.0	85.0	79.0	89.0	78.0	80.0	122.0	85.0	87.0	117.0	86.0	98.0	85.0	85.0	89.0	71.0	92.0	132.0
297.176	85.0	93.0	99.0	95.0	100.0	102.0	92.0	95.0	136.0	100.0	97.0	124.0	105.0	108.0	101.0	96.0	95.0	97.0	100.0	142.0
297.282	82.0	84.0	94.0	84.0	89.0	93.0	84.0	94.0	127.0	91.0	81.0	114.0	97.0	105.0	93.0	88.0	85.0	87.0	91.0	123.0
297.388	80.0	79.0	87.0	85.0	86.0	89.0	84.0	94.0	128.0	87.0	77.0	117.0	90.0	102.0	86.0	88.0	88.0	87.0	100.0	127.0
297.494	78.0	80.0	93.0	84.0	81.0	89.0	79.0	86.0	117.0	89.0	83.0	119.0	84.0	99.0	83.0	94.0	82.0	79.0	89.0	121.0
297.6	79.0	88.0	86.0	84.0	86.0	88.0	80.0	85.0	127.0	84.0	80.0	117.0	84.0	90.0	86.0	88.0	85.0	82.0	92.0	126.0
297.706	79.0	84.0	90.0	81.0	87.0	89.0	78.0	88.0	128.0	92.0	79.0	114.0	89.0	98.0	81.0	86.0	83.0	83.0	88.0	122.0
297.812	75.0	82.0	84.0	82.0	85.0	93.0	77.0	87.0	129.0	92.0	86.0	113.0	85.0	95.0	86.0	89.0	80.0	92.0	88.0	122.0
297.918	79.0	75.0	85.0	81.0	96.0	86.0	80.0	89.0	129.0	90.0	84.0	120.0	78.0	97.0	86.0	86.0	83.0	81.0	96.0	124.0
298.024	81.0	79.0	84.0	78.0	84.0	83.0	77.0	81.0	126.0	84.0	80.0	113.0	81.0	93.0	87.0	86.0	88.0	81.0	84.0	119.0
298.13	82.0	83.0	90.0	85.0	80.0	94.0	83.0	88.0	126.0	89.0	85.0	107.0	77.0	90.0	82.0	86.0	86.0	83.0	90.0	122.0
298.236	83.0	82.0	89.0	82.0	85.0	89.0	87.0	80.0	122.0	87.0	81.0	119.0	81.0	96.0	83.0	81.0	84.0	82.0	89.0	119.0
298.342	79.0	78.0	90.0	80.0	83.0	84.0	80.0	88.0	119.0	82.0	79.0	113.0	84.0	97.0	87.0	83.0	86.0	84.0	88.0	120.0
298.448	76.0	82.0	88.0	81.0	83.0	82.0	81.0	90.0	119.0	88.0	73.0	110.0	83.0	97.0	82.0	93.0	83.0	84.0	91.0	127.0
298.554	76.0	84.0	87.0	88.0	83.0	90.0	80.0	89.0	126.0	85.0	73.0	114.0	77.0	92.0	86.0	89.0	81.0	85.0	87.0	117.0
298.66	81.0	84.0	90.0	85.0	80.0	80.0	84.0	87.0	125.0	84.0	81.0	116.0	83.0	96.0	87.0	86.0	75.0	85.0	83.0	125.0
298.766	79.0	76.0	85.0	82.0	80.0	84.0	85.0	86.0	125.0	87.0	80.0	120.0	80.0	93.0	81.0	87.0	83.0	85.0	86.0	121.0
298.872	80.0	79.0	88.0	81.0	76.0	85.0	79.0	83.0	122.0	82.0	77.0	109.0	80.0	94.0	81.0	87.0	88.0	82.0	92.0	122.0
298.979	75.0	82.0	91.0	81.0	80.0	83.0	77.0	90.0	119.0	88.0	77.0	111.0	82.0	90.0	80.0	81.0	88.0	83.0	91.0	120.0
299.085	81.0	82.0	89.0	86.0	82.0	87.0	77.0	91.0	125.0	87.0	76.0	116.0	81.0	90.0	84.0	83.0	84.0	83.0	85.0	120.0
299.191	87.0	77.0	89.0	85.0	84.0	80.0	84.0	92.0	122.0	88.0	83.0	118.0	86.0	94.0	87.0	87.0	83.0	79.0	92.0	118.0
299.297	82.0	77.0	85.0	79.0	80.0	80.0	80.0	87.0	125.0	79.0	72.0	111.0	79.0	91.0	89.0	86.0	85.0	78.0	88.0	120.0
299.403	78.0	84.0	86.0	82.0	85.0	83.0	74.0	85.0	126.0	86.0	81.0	111.0	86.0	90.0	84.0	83.0	84.0	83.0	89.0	118.0
299.509	83.0	84.0	82.0	86.0	92.0	92.0	79.0	89.0	128.0	89.0	85.0	112.0	90.0	93.0	82.0	80.0	80.0	82.0	88.0	118.0
299.615	90.0	83.0	93.0	89.0	85.0	88.0	80.0	84.0	128.0	93.0	88.0	118.0	84.0	90.0	88.0	90.0	82.0	81.0	91.0	126.0
299.722	74.0	75.0	86.0	80.0	79.0	88.0	75.0	80.0	124.0	85.0	83.0	105.0	83.0	93.0	81.0	86.0	78.0	82.0	92.0	126.0
299.828	75.0	80.0	92.0	86.0	89.0	88.0	84.0	88.0	119.0	85.0	81.0	113.0	85.0	91.0	84.0	81.0	85.0	79.0	83.0	118.0
299.934	77.0	86.0	92.0	88.0	85.0	92.0	79.0	89.0	126.0	91.0	81.0	115.0	84.0	90.0	80.0	85.0	89.0	82.0	91.0	117.0
300.04	79.0	79.0	84.0	85.0	85.0	84.0	81.0	86.0	118.0	85.0	84.0	112.0	85.0	90.0	81.0	80.0	88.0	82.0	89.0	118.0
300.146	78.0	78.0	87.0	80.0	82.0	78.0	82.0	88.0	124.0	89.0	79.0	112.0	86.0	82.0	83.0	86.0	85.0	78.0	90.0	120.0
300.253	76.0	85.0	90.0	81.0	76.0	83.0	84.0	87.0	119.0	86.0	78.0	115.0	82.0	84.0	90.0	86.0	79.0	79.0	89.0	112.0
300.359	79.0	79.0	89.0	88.0	82.0	90.0	79.0	84.0	122.0	90.0	80.0	109.0	79.0	85.0	82.0	88.0	79.0	83.0	86.0	117.0
300.465	86.0	81.0	91.0	82.0	90.0	84.0	84.0	93.0	127.0	90.0	85.0	124.0	82.0	96.0	88.0	91.0	85.0	84.0	94.0	119.0
300.571	103.0	100.0	109.0	108.0	104.0	105.0	98.0	101.0	145.0	104.0	102.0	130.0	103.0	111.0	103.0	106.0	108.0	97.0	111.0	142.0
300.678	82.0	82.0	85.0	89.0	87.0	84.0	80.0	93.0	126.0	82.0	86.0	115.0	90.0	87.0	91.0	88.0	84.0	83.0	81.0	115.0
300.784	77.0	81.0	89.0	83.0	87.0	93.0	80.0	85.0	124.0	88.0	85.0	110.0	84.0	84.0	86.0	83.0	83.0	80.0	83.0	120.0
300.89	81.0	75.0	87.0	83.0	82.0	81.0	81.0	89.0	123.0	86.0	77.0	116.0	77.0	89.0	78.0	92.0	80.0	82.0	88.0	118.0
300.996	76.0	78.0	88.0	76.0	85.0	85.0	84.0	87.0	126.0	89.0	84.0	116.0	83.0	101.0	91.0	93.0	86.0	85.0	85.0	126.0
301.103	87.0	91.0	96.0	93.0	103.0	101.0	87.0	104.0	140.0	104.0	74.0	126.0	106.0	142.0	120.0	101.0	84.0	102.0	127.0	153.0
301.209	83.0	87.0	92.0	80.0	102.0	97.0	91.0	104.0	138.0	105.0	85.0	129.0	99.0	136.0	110.0	97.0	85.0	93.0	112.0	144.0
301.315	90.0	88.0	98.0	86.0	95.0	94.0	82.0	99.0	136.0	98.0	86.0	126.0	89.0	126.0	99.0	102.0	83.0	98.0	116.0	146.0
301.422	88.0	88.0	93.0	85.0	98.0	94.0	83.0	98.0	141.0	105.0	90.0	120.0	90.0	121.0	95.0	102.0	84.0	92.0	108.0	139.0
301.528	79.0	89.0	96.0	84.0	97.0	97.0	78.0	95.0	131.0	99.0	79.0	122.0	95.0	114.0	95.0	92.0	82.0	88.0	100.0	136.0
301.634	85.0	85.0	98.0	82.0	100.0	99.0	80.0	100.0	134.0	92.0	82.0	122.0	90.0	112.0	96.0	88.0	83.0	92.0	97.0	130.0
301.741	80.0	76.0	96.0	86.0	98.0	94.0	83.0	95.0	131.0	92.0	80.0	114.0	88.0	107.0	94.0	89.0	84.0	84.0	99.0	133.0
301.847	89.0	80.0	92.0	85.0	93.0	91.0	83.0	92.0	129.0	91.0	82.0	123.0	87.0	112.0	95.0	87.0	84.0	84.0	107.0	138.0
301.953	77.0	87.0	92.0	87.0	94.0	96.0	91.0	96.0	136.0	87.0	83.0	125.0	92.0	112.0	95.0	92.0	80.0	92.0	101.0	127.0
302.06	78.0	80.0	87.0	89.0	91.0	90.0	83.0	91.0	132.0	89.0	84.0	118.0	88.0	94.0	93.0	90.0	80.0	86.0	97.0	125.0
302.166	100.0	105.0	106.0	102.0	110.0	113.0	101.0	110.0	147.0	108.0	108.0	146.0	106.0	123.0	115.0	114.0	98.0	108.0	116.0	146.0
302.273	87.0	88.0	87.0	85.0	98.0	98.0	92.0	92.0	134.0	99.0	89.0	121.0	89.0	117.0	93.0	100.0	90.0	86.0	103.0	134.0
302.379	95.0	97.0	108.0	90.0	112.0	110.0	92.0	113.0	151.0	113.0	99.0	144.0	109.0	152.0	127.0	117.0	95.0	113.0	137.0	172.0
302.485	83.0	95.0	99.0	86.0	102.0	101.0	86.0	98.0	140.0	100.0	86.0	134.0	95.0	127.0	108.0	98.0	91.0	96.0	114.0	146.0
302.592	85.0	83.0	94.0	89.0	94.0	92.0	84.0	95.0	136.0	95.0	87.0	122.0	90.0	120.0	97.0	91.0	82.0	98.0	108.0	137.0
302.698	90.0	88.0	89.0	87.0	91.0	96.0	86.0	96.0	129.0	101.0	84.0	124.0	93.0	119.0	94.0	94.0	90.0	92.0	104.0	138.0
302.805	78.0	87.0	91.0	84.0	86.0	94.0	87.0	85.0	128.0	85.0	76.0	115.0	92.0	99.0	91.0	92.0	85.0	82.0	94.0	125.0
302.911	74.0	83.0	90.0	79.0	85.0	91.0	78.0	87.0	127.0	88.0	81.0	122.0	87.0	94.0	86.0	87.0	81.0	81.0	90.0	120.0
303.018	78.0	77.0	85.0	86.0	86.0	84.0	79.0	88.0	118.0	88.0	81.0	114.0	82.0	93.0	88.0	89.0	79.0	84.0	86.0	117.0
303.124	78.0	81.0	80.0	86.0	88.0	88.0	87.0	84.0	126.0	87.0	81.0	119.0	86.0	96.0	92.0	81.0	83.0	79.0	90.0	124.0
303.231	82.0	84.0	94.0	84.0	92.0	89.0	80.0	94.0	125.0	94.0	86.0	115.0	93.0	98.0	101.0	95.0	87.0	81.0	88.0	128.0
303.337	81.0	89.0	91.0	88.0	90.0	94.0	86.0	94.0	131.0	99.0	83.0	123.0	89.0	97.0	93.0	92.0	91.0	92.0	93.0	134.0
303.444	80.0	80.0	85.0	84.0	87.0	90.0	80.0	85.0	122.0	87.0	82.0	112.0	87.0	92.0	86.0	87.0	84.0	88.0	92.0	121.0
303.55	96.0	97.0	102.0	94.0	98.0	103.0	91.0	107.0	143.0	100.0	96.0	130.0	98.0	121.0	103.0	101.0	94.0	96.0	109.0	144.0
303.657	82.0	85.0	93.0	86.0	87.0	86.0	83.0	89.0	126.0	85.0	82.0	122.0	84.0	98.0	87.0	92.0	87.0	83.0	87.0	123.0
303.763	81.0	89.0	96.0	83.0	97.0	88.0	82.0	92.0	135.0	99.0	81.0	116.0	91.0	117.0	93.0	93.0	90.0	91.0	100.0	132.0
303.87	89.0	84.0	93.0	90.0	95.0	103.0	86.0	98.0	134.0	104.0	85.0	129.0	93.0	124.0	104.0	100.0	89.0	99.0	106.0	138.0
303.976	89.0	89.0	90.0	88.0	96.0	100.0	96.0	96.0	136.0	104.0	90.0	127.0	86.0	132.0	104.0	93.0	86.0	94.0	112.0	150.0
304.083	82.0	94.0	99.0	82.0	106.0	104.0	93.0	98.0	145.0	106.0	91.0	128.0	102.0	139.0	105.0	101.0	86.0	97.0	120.0	156.0
304.189	81.0	85.0	95.0	79.0	91.0	100.0	83.0	97.0	138.0	97.0	86.0	120.0	96.0	126.0	106.0	97.0	88.0	94.0	110.0	152.0
304.296	89.0	84.0	99.0	96.0	101.0	101.0	88.0	104.0	136.0	98.0	86.0	132.0	99.0	136.0	108.0	92.0	90.0	97.0	126.0	150.0
304.402	93.0	80.0	95.0	93.0	91.0	91.0	85.0	96.0	136.0	108.0	92.0	130.0	99.0	126.0	104.0	97.0	82.0	100.0	116.0	142.0
304.509	83.0	85.0	88.0	86.0	91.0	87.0	87.0	96.0	133.0	93.0	82.0	126.0	91.0	118.0	102.0	96.0	85.0	97.0	101.0	137.0
304.616	81.0	87.0	95.0	87.0	95.0	93.0	81.0	89.0	140.0	97.0	89.0	127.0	95.0	103.0	96.0	96.0	83.0	92.0	98.0	123.0
304.722	78.0	85.0	91.0	82.0	90.0	96.0	82.0	96.0	127.0	88.0	79.0	123.0	85.0	106.0	91.0	88.0	83.0	92.0	92.0	125.0
304.829	89.0	81.0	89.0	85.0	84.0	89.0	87.0	94.0	131.0	89.0	86.0	122.0	86.0	103.0	96.0	88.0	81.0	82.0	102.0	132.0
304.936	83.0	82.0	90.0	82.0	93.0	93.0	87.0	83.0	136.0	92.0	83.0	111.0	91.0	113.0	100.0	87.0	88.0	86.0	104.0	138.0
305.042	91.0	90.0	107.0	89.0	107.0	103.0	83.0	114.0	137.0	113.0	87.0	142.0	109.0	155.0	116.0	103.0	88.0	114.0	129.0	169.0
305.149	104.0	98.0	107.0	87.0	134.0	120.0	102.0	133.0	153.0	131.0	98.0	147.0	125.0	202.0	145.0	120.0	93.0	130.0	163.0	201.0
305.255	95.0	90.0	107.0	91.0	123.0	121.0	103.0	120.0	160.0	127.0	104.0	148.0	117.0	194.0	137.0	118.0	94.0	116.0	168.0	212.0
305.362	89.0	90.0	111.0	88.0	125.0	119.0	97.0	119.0	155.0	116.0	94.0	150.0	117.0	194.0	135.0	118.0	91.0	112.0	162.0	193.0
305.469	92.0	98.0	106.0	88.0	126.0	113.0	98.0	120.0	158.0	117.0	94.0	146.0	117.0	185.0	137.0	115.0	89.0	115.0	150.0	182.0
305.576	90.0	92.0	101.0	88.0	122.0	115.0	92.0	121.0	149.0	116.0	90.0	146.0	115.0	165.0	123.0	110.0	85.0	123.0	145.0	177.0
305.682	87.0	95.0	102.0	92.0	105.0	108.0	93.0	102.0	142.0	111.0	94.0	138.0	104.0	160.0	123.0	109.0	88.0	107.0	133.0	171.0
305.789	86.0	86.0	98.0	83.0	115.0	105.0	96.0	110.0	149.0	112.0	90.0	136.0	107.0	162.0	124.0	106.0	80.0	104.0	137.0	170.0
305.896	94.0	96.0	110.0	89.0	128.0	116.0	95.0	124.0	155.0	127.0	94.0	148.0	122.0	190.0	139.0	111.0	90.0	121.0	152.0	190.0
306.002	130.0	117.0	148.0	91.0	199.0	175.0	133.0	187.0	215.0	193.0	103.0	207.0	177.0	311.0	210.0	164.0	92.0	185.0	255.0	286.0
306.109	120.0	114.0	140.0	94.0	185.0	158.0	127.0	172.0	199.0	177.0	112.0	198.0	168.0	287.0	197.0	158.0	92.0	176.0	242.0	270.0
306.216	117.0	118.0	137.0	95.0	166.0	145.0	132.0	156.0	186.0	161.0	112.0	183.0	165.0	239.0	178.0	142.0	98.0	156.0	204.0	240.0
306.323	107.0	108.0	123.0	86.0	149.0	135.0	107.0	144.0	175.0	146.0	95.0	164.0	132.0	207.0	152.0	123.0	89.0	140.0	184.0	211.0
306.429	104.0	99.0	124.0	85.0	152.0	127.0	106.0	140.0	171.0	144.0	102.0	165.0	133.0	216.0	150.0	128.0	82.0	134.0	183.0	212.0
306.536	114.0	110.0	137.0	88.0	181.0	151.0	119.0	170.0	189.0	177.0	105.0	190.0	157.0	284.0	181.0	144.0	85.0	162.0	232.0	262.0
306.643	170.0	165.0	193.0	116.0	282.0	221.0	187.0	266.0	271.0	277.0	132.0	270.0	249.0	429.0	290.0	217.0	108.0	253.0	362.0	382.0
306.75	163.0	165.0	187.0	106.0	257.0	212.0	171.0	243.0	269.0	254.0	135.0	254.0	231.0	409.0	272.0	212.0	117.0	238.0	332.0	366.0
306.856	163.0	161.0	202.0	94.0	293.0	224.0	172.0	278.0	296.0	275.0	130.0	289.0	261.0	456.0	299.0	223.0	99.0	262.0	385.0	405.0
306.963	159.0	156.0	196.0	94.0	285.0	225.0	178.0	279.0	284.0	275.0	131.0	283.0	244.0	447.0	292.0	226.0	101.0	258.0	384.0	406.0
307.07	151.0	154.0	177.0	111.0	244.0	205.0	182.0	252.0	255.0	233.0	139.0	259.0	216.0	387.0	259.0	211.0	114.0	221.0	322.0	356.0
307.177	163.0	157.0	191.0	101.0	284.0	223.0	181.0	274.0	287.0	264.0	132.0	285.0	246.0	438.0	296.0	217.0	97.0	262.0	362.0	392.0
307.284	168.0	165.0	204.0	97.0	298.0	236.0	192.0	301.0	301.0	275.0	136.0	307.0	266.0	443.0	304.0	238.0	98.0	262.0	384.0	412.0
307.391	130.0	141.0	162.0	99.0	210.0	186.0	157.0	227.0	243.0	218.0	132.0	230.0	191.0	345.0	234.0	196.0	104.0	203.0	285.0	326.0
307.497	126.0	120.0	143.0	84.0	196.0	161.0	133.0	184.0	211.0	189.0	115.0	207.0	170.0	288.0	203.0	166.0	95.0	173.0	245.0	277.0
307.604	120.0	117.0	136.0	85.0	176.0	150.0	122.0	178.0	196.0	172.0	109.0	190.0	156.0	257.0	181.0	157.0	97.0	165.0	217.0	240.0
307.711	105.0	110.0	129.0	90.0	150.0	130.0	111.0	149.0	183.0	143.0	101.0	176.0	143.0	212.0	155.0	130.0	90.0	143.0	186.0	216.0
307.818	96.0	95.0	112.0	87.0	126.0	119.0	102.0	139.0	159.0	127.0	91.0	150.0	121.0	178.0	132.0	116.0	84.0	122.0	150.0	187.0
307.925	90.0	88.0	107.0	84.0	119.0	108.0	91.0	112.0	146.0	115.0	88.0	146.0	105.0	165.0	121.0	105.0	88.0	114.0	133.0	176.0
308.032	96.0	99.0	118.0	96.0	138.0	120.0	105.0	130.0	163.0	130.0	94.0	149.0	129.0	194.0	137.0	124.0	93.0	130.0	158.0	200.0
308.139	141.0	152.0	186.0	94.0	241.0	193.0	172.0	264.0	267.0	235.0	130.0	260.0	217.0	358.0	260.0	204.0	98.0	226.0	313.0	328.0
308.246	148.0	174.0	202.0	102.0	278.0	233.0	193.0	296.0	302.0	269.0	144.0	292.0	247.0	447.0	301.0	238.0	108.0	263.0	370.0	393.0
308.353	186.0	180.0	220.0	117.0	302.0	241.0	203.0	307.0	302.0	283.0	162.0	310.0	265.0	476.0	333.0	253.0	124.0	279.0	391.0	415.0
308.46	152.0	152.0	175.0	90.0	253.0	205.0	163.0	256.0	254.0	236.0	123.0	260.0	225.0	386.0	273.0	214.0	101.0	236.0	319.0	349.0
308.566	127.0	120.0	151.0	91.0	207.0	172.0	133.0	201.0	228.0	197.0	109.0	225.0	170.0	300.0	212.0	170.0	97.0	191.0	256.0	290.0
308.673	113.0	108.0	137.0	89.0	167.0	144.0	123.0	169.0	192.0	163.0	103.0	187.0	149.0	245.0	168.0	139.0	90.0	155.0	216.0	236.0
308.78	97.0	92.0	119.0	91.0	125.0	105.0	104.0	124.0	156.0	120.0	98.0	150.0	112.0	160.0	127.0	116.0	94.0	117.0	147.0	182.0
308.887	95.0	93.0	107.0	90.0	112.0	107.0	95.0	107.0	146.0	103.0	89.0	132.0	106.0	138.0	110.0	106.0	85.0	114.0	128.0	156.0
308.994	90.0	91.0	102.0	92.0	113.0	108.0	90.0	103.0	142.0	113.0	84.0	132.0	103.0	146.0	111.0	102.0	89.0	103.0	125.0	157.0
309.101	86.0	98.0	111.0	88.0	121.0	114.0	91.0	120.0	153.0	123.0	95.0	150.0	114.0	167.0	126.0	117.0	88.0	112.0	146.0	189.0
309.208	93.0	92.0	103.0	82.0	113.0	105.0	93.0	109.0	151.0	112.0	90.0	140.0	105.0	158.0	119.0	102.0	88.0	105.0	135.0	169.0
309.315	87.0	90.0	95.0	83.0	104.0	97.0	91.0	102.0	141.0	110.0	78.0	130.0	106.0	144.0	114.0	106.0	84.0	105.0	122.0	162.0
309.422	92.0	83.0	99.0	81.0	106.0	102.0	88.0	108.0	142.0	102.0	88.0	132.0	109.0	145.0	114.0	99.0	86.0	104.0	122.0	165.0
309.529	89.0	86.0	102.0	86.0	109.0	105.0	81.0	108.0	138.0	98.0	88.0	136.0	100.0	136.0	106.0	98.0	87.0	105.0	124.0	159.0
309.636	88.0	85.0	99.0	88.0	112.0	97.0	88.0	105.0	141.0	108.0	91.0	126.0	100.0	141.0	113.0	101.0	88.0	109.0	125.0	169.0
309.743	123.0	114.0	127.0	102.0	145.0	140.0	124.0	146.0	180.0	149.0	109.0	168.0	146.0	225.0	161.0	141.0	109.0	146.0	193.0	227.0
309.851	108.0	100.0	123.0	93.0	161.0	141.0	109.0	149.0	190.0	165.0	101.0	175.0	143.0	252.0	173.0	142.0	98.0	146.0	209.0	247.0
309.958	126.0	119.0	152.0	92.0	194.0	171.0	137.0	181.0	215.0	190.0	114.0	205.0	173.0	326.0	210.0	153.0	88.0	181.0	255.0	286.0
310.065	109.0	118.0	142.0	93.0	170.0	148.0	124.0	168.0	199.0	171.0	106.0	190.0	160.0	296.0	191.0	146.0	90.0	168.0	236.0	280.0
310.172	112.0	99.0	122.0	83.0	157.0	137.0	114.0	144.0	170.0	148.0	93.0	175.0	148.0	241.0	167.0	141.0	88.0	145.0	210.0	239.0
310.279	102.0	105.0	117.0	85.0	133.0	123.0	99.0	127.0	165.0	136.0	96.0	160.0	126.0	208.0	147.0	121.0	87.0	133.0	166.0	210.0
310.386	97.0	97.0	110.0	87.0	135.0	122.0	98.0	131.0	161.0	129.0	96.0	155.0	118.0	190.0	133.0	110.0	90.0	122.0	162.0	194.0
310.493	86.0	85.0	101.0	85.0	110.0	105.0	94.0	110.0	144.0	112.0	90.0	136.0	102.0	153.0	116.0	108.0	89.0	102.0	141.0	174.0
310.6	96.0	95.0	97.0	87.0	112.0	99.0	92.0	109.0	140.0	109.0	82.0	135.0	109.0	158.0	118.0	100.0	89.0	105.0	137.0	168.0
310.707	90.0	90.0	102.0	88.0	105.0	103.0	90.0	103.0	134.0	97.0	88.0	121.0	102.0	131.0	113.0	96.0	89.0	102.0	122.0	150.0
310.814	88.0	86.0	99.0	87.0	103.0	97.0	85.0	110.0	136.0	97.0	88.0	131.0	97.0	130.0	103.0	97.0	86.0	98.0	114.0	147.0
310.922	86.0	86.0	91.0	92.0	96.0	103.0	83.0	101.0	137.0	102.0	89.0	128.0	96.0	120.0	100.0	91.0	86.0	93.0	112.0	148.0
311.029	85.0	84.0	91.0	86.0	97.0	99.0	89.0	98.0	135.0	98.0	92.0	126.0	96.0	123.0	100.0	96.0	84.0	92.0	110.0	150.0
311.136	95.0	89.0	101.0	92.0	115.0	113.0	93.0	110.0	147.0	118.0	92.0	138.0	110.0	148.0	119.0	108.0	86.0	108.0	127.0	176.0
311.243	96.0	96.0	108.0	90.0	128.0	113.0	90.0	117.0	154.0	110.0	95.0	138.0	113.0	169.0	130.0	105.0	88.0	112.0	143.0	175.0
311.35	98.0	93.0	109.0	82.0	135.0	116.0	102.0	127.0	155.0	133.0	98.0	144.0	128.0	191.0	131.0	121.0	85.0	120.0	167.0	198.0
311.457	88.0	90.0	102.0	87.0	118.0	112.0	92.0	111.0	156.0	115.0	89.0	136.0	110.0	178.0	130.0	104.0	92.0	114.0	158.0	187.0
311.565	96.0	97.0	104.0	88.0	128.0	113.0	102.0	118.0	145.0	113.0	92.0	142.0	122.0	174.0	128.0	107.0	90.0	116.0	139.0	178.0
311.672	90.0	94.0	102.0	88.0	110.0	100.0	91.0	111.0	142.0	104.0	96.0	134.0	103.0	144.0	111.0	108.0	88.0	104.0	129.0	158.0
311.779	86.0	89.0	103.0	87.0	107.0	97.0	85.0	104.0	136.0	104.0	90.0	129.0	100.0	136.0	107.0	97.0	81.0	98.0	121.0	157.0
311.886	87.0	82.0	102.0	89.0	98.0	102.0	86.0	92.0	141.0	105.0	93.0	122.0	93.0	119.0	106.0	96.0	92.0	95.0	111.0	147.0
311.993	81.0	89.0	90.0	87.0	91.0	86.0	84.0	91.0	127.0	91.0	87.0	116.0	94.0	104.0	91.0	94.0	84.0	87.0	94.0	132.0
312.101	81.0	87.0	95.0	88.0	89.0	88.0	81.0	94.0	137.0	96.0	88.0	127.0	93.0	111.0	96.0	88.0	88.0	95.0	114.0	142.0
312.208	88.0	84.0	96.0	88.0	97.0	98.0	89.0	100.0	127.0	101.0	86.0	127.0	97.0	125.0	105.0	97.0	90.0	99.0	117.0	143.0
312.315	90.0	80.0	100.0	83.0	100.0	97.0	91.0	103.0	138.0	101.0	82.0	128.0	102.0	139.0	109.0	97.0	85.0	103.0	121.0	155.0
312.422	94.0	93.0	104.0	87.0	110.0	105.0	93.0	109.0	146.0	110.0	88.0	132.0	110.0	159.0	119.0	103.0	85.0	104.0	139.0	160.0
312.53	84.0	90.0	102.0	89.0	117.0	107.0	94.0	105.0	143.0	111.0	91.0	132.0	108.0	156.0	111.0	99.0	88.0	107.0	130.0	169.0
312.637	84.0	85.0	95.0	84.0	105.0	100.0	85.0	102.0	142.0	100.0	79.0	124.0	93.0	129.0	104.0	93.0	89.0	105.0	118.0	160.0
312.744	86.0	79.0	92.0	83.0	102.0	93.0	87.0	97.0	132.0	100.0	81.0	119.0	98.0	126.0	107.0	94.0	89.0	92.0	112.0	152.0
312.852	85.0	79.0	88.0	79.0	90.0	93.0	84.0	88.0	127.0	88.0	83.0	123.0	92.0	115.0	96.0	92.0	88.0	87.0	99.0	138.0
312.959	86.0	83.0	95.0	91.0	98.0	92.0	86.0	94.0	135.0	94.0	84.0	124.0	85.0	106.0	100.0	90.0	88.0	90.0	100.0	133.0
313.066	81.0	78.0	92.0	88.0	89.0	86.0	84.0	92.0	129.0	92.0	83.0	123.0	90.0	98.0	88.0	85.0	84.0	87.0	92.0	125.0
313.173	78.0	77.0	88.0	79.0	79.0	89.0	81.0	87.0	126.0	84.0	78.0	113.0	89.0	97.0	86.0	91.0	86.0	81.0	92.0	125.0
313.281	76.0	82.0	87.0	88.0	88.0	84.0	79.0	85.0	123.0	82.0	86.0	113.0	84.0	95.0	89.0	91.0	84.0	79.0	92.0	121.0
313.388	85.0	79.0	92.0	82.0	95.0	98.0	80.0	87.0	125.0	90.0	85.0	118.0	90.0	97.0	90.0	94.0	86.0	88.0	94.0	124.0
313.495	78.0	83.0	90.0	88.0	98.0	89.0	81.0	103.0	135.0	102.0	82.0	115.0	85.0	104.0	93.0	90.0	83.0	86.0	95.0	133.0
313.603	87.0	81.0	88.0	83.0	94.0	88.0	83.0	87.0	126.0	97.0	82.0	116.0	89.0	108.0	92.0	88.0	87.0	84.0	103.0	134.0
313.71	86.0	84.0	93.0	83.0	100.0	92.0	88.0	93.0	138.0	94.0	82.0	123.0	101.0	116.0	100.0	92.0	84.0	95.0	110.0	141.0
313.818	86.0	86.0	93.0	93.0	107.0	97.0	91.0	97.0	138.0	98.0	85.0	123.0	98.0	126.0	99.0	91.0	92.0	102.0	116.0	152.0
313.925	86.0	92.0	95.0	89.0	102.0	98.0	85.0	95.0	135.0	102.0	85.0	125.0	94.0	122.0	98.0	91.0	89.0	93.0	116.0	147.0
314.032	81.0	76.0	89.0	85.0	90.0	91.0	90.0	95.0	135.0	90.0	84.0	116.0	104.0	117.0	99.0	94.0	85.0	88.0	116.0	139.0
314.14	93.0	90.0	101.0	83.0	109.0	96.0	97.0	101.0	141.0	108.0	80.0	128.0	102.0	144.0	104.0	109.0	90.0	104.0	126.0	156.0
314.247	89.0	87.0	97.0	84.0	108.0	103.0	87.0	104.0	147.0	111.0	86.0	125.0	105.0	140.0	106.0	99.0	89.0	103.0	119.0	157.0
314.355	89.0	100.0	105.0	103.0	105.0	106.0	100.0	109.0	141.0	115.0	96.0	141.0	112.0	132.0	115.0	110.0	95.0	106.0	127.0	163.0
314.462	79.0	81.0	90.0	85.0	96.0	93.0	86.0	99.0	132.0	99.0	88.0	121.0	89.0	111.0	101.0	97.0	88.0	86.0	105.0	145.0
314.569	89.0	91.0	96.0	80.0	108.0	101.0	89.0	105.0	140.0	106.0	86.0	122.0	107.0	151.0	109.0	101.0	87.0	105.0	129.0	162.0
314.677	90.0	93.0	97.0	89.0	116.0	102.0	93.0	109.0	148.0	116.0	89.0	134.0	111.0	163.0	121.0	105.0	87.0	116.0	146.0	176.0
314.784	93.0	94.0	108.0	85.0	115.0	107.0	87.0	109.0	144.0	112.0	96.0	134.0	106.0	164.0	112.0	101.0	87.0	110.0	137.0	179.0
314.892	86.0	90.0	103.0	82.0	109.0	109.0	95.0	113.0	147.0	112.0	93.0	135.0	114.0	163.0	115.0	109.0	93.0	108.0	143.0	178.0
314.999	102.0	98.0	114.0	96.0	136.0	116.0	107.0	124.0	157.0	122.0	93.0	143.0	129.0	183.0	135.0	116.0	88.0	119.0	162.0	190.0
315.107	90.0	91.0	109.0	84.0	113.0	109.0	89.0	110.0	141.0	113.0	92.0	134.0	109.0	153.0	117.0	102.0	88.0	110.0	144.0	170.0
315.214	83.0	93.0	100.0	88.0	106.0	97.0	85.0	109.0	144.0	110.0	88.0	132.0	100.0	145.0	115.0	104.0	83.0	99.0	128.0	159.0
315.322	93.0	88.0	101.0	82.0	102.0	109.0	89.0	102.0	138.0	106.0	83.0	129.0	98.0	140.0	108.0	101.0	85.0	100.0	129.0	164.0
315.429	93.0	99.0	109.0	86.0	121.0	116.0	101.0	108.0	158.0	123.0	93.0	133.0	116.0	174.0	130.0	109.0	91.0	110.0	137.0	182.0
315.537	132.0	127.0	146.0	89.0	206.0	177.0	131.0	185.0	210.0	192.0	113.0	198.0	189.0	309.0	217.0	166.0	91.0	186.0	270.0	296.0
315.644	148.0	142.0	170.0	99.0	248.0	208.0	147.0	222.0	241.0	235.0	128.0	240.0	215.0	381.0	256.0	190.0	100.0	209.0	328.0	353.0
315.752	137.0	125.0	162.0	98.0	214.0	173.0	144.0	208.0	227.0	210.0	110.0	219.0	187.0	352.0	228.0	169.0	93.0	203.0	298.0	334.0
315.859	130.0	122.0	158.0	100.0	198.0	159.0	137.0	184.0	215.0	189.0	111.0	201.0	176.0	322.0	216.0	160.0	97.0	186.0	264.0	298.0
315.967	119.0	110.0	134.0	89.0	175.0	150.0	120.0	165.0	192.0	174.0	101.0	182.0	157.0	262.0	182.0	140.0	95.0	161.0	220.0	257.0
316.074	113.0	115.0	132.0	95.0	171.0	146.0	118.0	157.0	177.0	168.0	102.0	174.0	148.0	240.0	170.0	138.0	92.0	153.0	208.0	232.0
316.182	118.0	120.0	136.0	90.0	177.0	154.0	126.0	179.0	196.0	176.0	101.0	185.0	157.0	272.0	191.0	148.0	94.0	161.0	235.0	254.0
316.29	127.0	127.0	153.0	90.0	193.0	176.0	132.0	191.0	217.0	200.0	113.0	208.0	179.0	305.0	208.0	164.0	101.0	189.0	259.0	288.0
316.397	122.0	119.0	140.0	92.0	183.0	153.0	123.0	171.0	194.0	178.0	109.0	196.0	169.0	265.0	188.0	156.0	95.0	168.0	228.0	256.0
316.505	105.0	103.0	121.0	89.0	149.0	129.0	111.0	149.0	176.0	151.0	101.0	172.0	141.0	215.0	152.0	125.0	89.0	137.0	174.0	215.0
316.612	95.0	93.0	110.0	90.0	130.0	113.0	99.0	129.0	150.0	132.0	89.0	144.0	124.0	182.0	133.0	121.0	89.0	130.0	155.0	193.0
316.72	98.0	92.0	108.0	90.0	124.0	112.0	97.0	117.0	153.0	117.0	84.0	144.0	111.0	170.0	120.0	109.0	86.0	113.0	147.0	175.0
316.828	84.0	88.0	96.0	90.0	108.0	95.0	92.0	103.0	136.0	98.0	89.0	126.0	95.0	129.0	106.0	100.0	88.0	101.0	115.0	148.0
316.935	100.0	109.0	115.0	116.0	118.0	112.0	105.0	114.0	145.0	114.0	106.0	144.0	116.0	127.0	114.0	112.0	109.0	113.0	122.0	160.0
317.043	79.0	83.0	94.0	90.0	90.0	88.0	82.0	97.0	128.0	98.0	83.0	120.0	86.0	111.0	98.0	94.0	87.0	88.0	103.0	134.0
317.151	79.0	80.0	85.0	82.0	89.0	88.0	81.0	87.0	128.0	88.0	84.0	116.0	90.0	99.0	90.0	88.0	89.0	79.0	96.0	128.0
317.258	85.0	84.0	88.0	83.0	86.0	93.0	88.0	95.0	132.0	92.0	86.0	118.0	88.0	102.0	94.0	96.0	92.0	89.0	94.0	132.0
317.366	88.0	94.0	93.0	94.0	90.0	97.0	83.0	94.0	127.0	94.0	96.0	122.0	89.0	108.0	103.0	95.0	92.0	94.0	105.0	140.0
317.474	86.0	83.0	94.0	84.0	89.0	98.0	82.0	101.0	129.0	95.0	83.0	116.0	91.0	112.0	94.0	95.0	89.0	93.0	112.0	143.0
317.581	87.0	79.0	96.0	89.0	92.0	86.0	92.0	101.0	135.0	96.0	82.0	118.0	88.0	116.0	96.0	96.0	86.0	93.0	108.0	149.0
317.689	86.0	85.0	88.0	84.0	89.0	98.0	86.0	92.0	136.0	96.0	87.0	120.0	96.0	115.0	92.0	94.0	89.0	91.0	106.0	140.0
317.797	89.0	89.0	98.0	87.0	97.0	101.0	87.0	97.0	139.0	94.0	88.0	128.0	93.0	113.0	98.0	93.0	93.0	98.0	107.0	142.0
317.904	80.0	89.0	94.0	87.0	98.0	95.0	84.0	91.0	133.0	93.0	87.0	122.0	86.0	121.0	95.0	98.0	86.0	88.0	115.0	140.0
318.012	93.0	90.0	104.0	88.0	106.0	98.0	92.0	104.0	149.0	109.0	89.0	123.0	110.0	136.0	101.0	105.0	92.0	102.0	127.0	160.0
318.12	93.0	90.0	98.0	88.0	107.0	97.0	91.0	105.0	143.0	101.0	90.0	122.0	104.0	140.0	104.0	102.0	89.0	104.0	126.0	169.0
318.227	93.0	96.0	105.0	96.0	110.0	104.0	93.0	112.0	153.0	110.0	96.0	134.0	107.0	137.0	115.0	105.0	96.0	108.0	126.0	173.0
318.335	98.0	97.0	103.0	86.0	117.0	115.0	97.0	118.0	149.0	120.0	92.0	143.0	117.0	159.0	115.0	107.0	92.0	106.0	145.0	182.0
318.443	126.0	115.0	150.0	90.0	209.0	160.0	136.0	196.0	224.0	183.0	115.0	205.0	183.0	297.0	204.0	166.0	95.0	180.0	251.0	283.0
318.551	131.0	133.0	163.0	98.0	224.0	176.0	140.0	210.0	242.0	201.0	122.0	218.0	193.0	334.0	215.0	181.0	100.0	184.0	274.0	319.0
318.658	121.0	122.0	149.0	92.0	192.0	161.0	128.0	189.0	215.0	185.0	118.0	193.0	175.0	288.0	192.0	166.0	98.0	168.0	241.0	294.0
318.766	112.0	121.0	139.0	89.0	185.0	153.0	128.0	168.0	200.0	180.0	107.0	194.0	159.0	271.0	194.0	149.0	93.0	159.0	232.0	273.0
318.874	105.0	108.0	128.0	79.0	167.0	145.0	117.0	160.0	187.0	158.0	109.0	178.0	153.0	256.0	168.0	137.0	94.0	145.0	219.0	247.0
318.982	106.0	96.0	120.0	90.0	142.0	123.0	111.0	139.0	181.0	141.0	97.0	160.0	133.0	212.0	150.0	125.0	99.0	130.0	177.0	220.0
319.09	102.0	96.0	112.0	84.0	135.0	120.0	102.0	125.0	167.0	122.0	105.0	156.0	121.0	182.0	133.0	111.0	92.0	117.0	154.0	202.0
319.197	94.0	89.0	112.0	94.0	120.0	120.0	90.0	114.0	155.0	121.0	91.0	142.0	110.0	159.0	116.0	104.0	88.0	112.0	145.0	183.0
319.305	94.0	87.0	102.0	92.0	112.0	101.0	93.0	119.0	140.0	111.0	87.0	141.0	117.0	163.0	112.0	106.0	92.0	102.0	138.0	179.0
319.413	96.0	96.0	115.0	100.0	138.0	103.0	103.0	132.0	167.0	132.0	94.0	140.0	124.0	176.0	128.0	122.0	103.0	116.0	160.0	200.0
319.521	102.0	99.0	113.0	91.0	133.0	117.0	98.0	130.0	172.0	136.0	94.0	149.0	128.0	179.0	135.0	122.0	95.0	125.0	158.0	207.0
319.629	118.0	114.0	152.0	100.0	191.0	155.0	132.0	178.0	203.0	178.0	113.0	182.0	168.0	271.0	188.0	160.0	99.0	157.0	234.0	279.0
319.736	124.0	123.0	148.0	91.0	198.0	158.0	130.0	193.0	208.0	188.0	113.0	194.0	177.0	305.0	196.0	157.0	95.0	175.0	252.0	294.0
319.844	112.0	112.0	128.0	85.0	162.0	135.0	115.0	152.0	187.0	156.0	107.0	174.0	150.0	241.0	169.0	140.0	100.0	152.0	198.0	243.0
319.952	103.0	108.0	118.0	99.0	148.0	132.0	106.0	141.0	176.0	139.0	106.0	167.0	135.0	204.0	147.0	133.0	94.0	132.0	176.0	221.0
320.06	96.0	96.0	116.0	91.0	134.0	128.0	98.0	121.0	162.0	127.0	97.0	153.0	119.0	180.0	138.0	114.0	85.0	115.0	164.0	198.0
320.168	88.0	92.0	104.0	95.0	114.0	114.0	91.0	106.0	148.0	111.0	91.0	140.0	110.0	145.0	109.0	105.0	93.0	107.0	131.0	177.0
320.276	85.0	81.0	98.0	86.0	103.0	95.0	91.0	99.0	144.0	98.0	90.0	123.0	103.0	128.0	104.0	97.0	85.0	100.0	118.0	149.0
320.384	86.0	81.0	94.0	88.0	100.0	93.0	89.0	96.0	137.0	96.0	88.0	115.0	97.0	122.0	96.0	92.0	89.0	100.0	104.0	148.0
320.492	80.0	86.0	95.0	93.0	106.0	104.0	91.0	97.0	136.0	106.0	90.0	120.0	94.0	114.0	106.0	96.0	86.0	96.0	107.0	146.0
320.599	84.0	90.0	87.0	88.0	98.0	90.0	86.0	90.0	128.0	99.0	90.0	121.0	93.0	114.0	93.0	98.0	85.0	84.0	106.0	134.0
320.707	83.0	92.0	92.0	91.0	97.0	97.0	86.0	94.0	130.0	102.0	81.0	121.0	103.0	121.0	101.0	100.0	94.0	92.0	106.0	146.0
320.815	93.0	88.0	101.0	92.0	107.0	109.0	92.0	106.0	141.0	105.0	92.0	132.0	108.0	146.0	113.0	104.0	98.0	104.0	123.0	164.0
320.923	98.0	93.0	111.0	94.0	122.0	113.0	90.0	117.0	153.0	119.0	94.0	137.0	115.0	172.0	120.0	107.0	87.0	113.0	154.0	182.0
321.031	112.0	109.0	123.0	92.0	151.0	133.0	106.0	145.0	172.0	145.0	101.0	162.0	143.0	233.0	150.0	132.0	91.0	143.0	199.0	234.0
321.139	129.0	123.0	149.0	98.0	192.0	172.0	135.0	188.0	215.0	190.0	117.0	193.0	181.0	333.0	212.0	165.0	100.0	173.0	267.0	297.0
321.247	138.0	136.0	167.0	92.0	235.0	186.0	145.0	208.0	237.0	218.0	124.0	217.0	206.0	368.0	248.0	181.0	92.0	204.0	309.0	341.0
321.355	114.0	125.0	142.0	99.0	182.0	163.0	122.0	165.0	204.0	173.0	102.0	186.0	164.0	301.0	194.0	157.0	92.0	161.0	246.0	280.0
321.463	114.0	110.0	126.0	92.0	175.0	140.0	115.0	151.0	191.0	156.0	100.0	165.0	149.0	266.0	180.0	145.0	94.0	151.0	226.0	253.0
321.571	118.0	111.0	133.0	95.0	183.0	154.0	123.0	163.0	197.0	166.0	110.0	185.0	161.0	285.0	183.0	151.0	94.0	161.0	232.0	272.0
321.679	157.0	154.0	173.0	90.0	262.0	186.0	149.0	228.0	248.0	231.0	127.0	234.0	224.0	398.0	249.0	179.0	96.0	225.0	327.0	360.0
321.787	186.0	169.0	209.0	119.0	309.0	235.0	180.0	270.0	278.0	282.0	147.0	285.0	275.0	485.0	310.0	215.0	112.0	271.0	391.0	420.0
321.895	137.0	143.0	167.0	95.0	236.0	182.0	140.0	208.0	228.0	216.0	119.0	222.0	202.0	376.0	240.0	173.0	99.0	203.0	312.0	343.0
322.003	118.0	117.0	141.0	92.0	190.0	160.0	120.0	174.0	201.0	170.0	111.0	187.0	165.0	305.0	193.0	160.0	102.0	164.0	245.0	296.0
322.111	122.0	122.0	149.0	93.0	193.0	162.0	129.0	185.0	203.0	176.0	116.0	193.0	171.0	308.0	201.0	152.0	94.0	174.0	246.0	294.0
322.219	157.0	152.0	183.0	89.0	283.0	217.0	160.0	250.0	262.0	261.0	132.0	256.0	244.0	445.0	291.0	199.0	101.0	250.0	367.0	400.0
322.327	177.0	175.0	215.0	111.0	329.0	268.0	184.0	298.0	305.0	310.0	156.0	298.0	292.0	551.0	340.0	239.0	99.0	285.0	455.0	480.0
322.435	152.0	145.0	181.0	94.0	277.0	229.0	167.0	251.0	264.0	256.0	133.0	261.0	229.0	469.0	297.0	207.0	102.0	248.0	378.0	411.0
322.543	149.0	146.0	172.0	91.0	259.0	212.0	161.0	247.0	258.0	248.0	130.0	250.0	226.0	449.0	274.0	196.0	102.0	226.0	335.0	391.0
322.651	154.0	158.0	188.0	100.0	281.0	229.0	161.0	265.0	278.0	261.0	139.0	265.0	247.0	499.0	301.0	219.0	108.0	246.0	384.0	444.0
322.759	209.0	211.0	255.0	109.0	399.0	321.0	229.0	396.0	381.0	363.0	175.0	380.0	331.0	648.0	409.0	298.0	111.0	353.0	521.0	558.0
322.867	255.0	261.0	336.0	114.0	522.0	385.0	307.0	535.0	475.0	470.0	217.0	480.0	431.0	794.0	527.0	407.0	124.0	452.0	656.0	685.0
322.976	279.0	279.0	358.0	119.0	576.0	433.0	330.0	573.0	530.0	516.0	229.0	528.0	476.0	889.0	583.0	429.0	131.0	512.0	715.0	740.0
323.084	306.0	316.0	389.0	125.0	634.0	466.0	358.0	652.0	564.0	583.0	246.0	579.0	510.0	950.0	633.0	482.0	123.0	542.0	779.0	789.0
323.192	278.0	274.0	348.0	114.0	575.0	405.0	328.0	562.0	514.0	516.0	215.0	509.0	473.0	860.0	576.0	421.0	113.0	488.0	720.0	740.0
323.3	318.0	309.0	392.0	117.0	667.0	462.0	373.0	641.0	584.0	588.0	241.0	566.0	530.0	989.0	661.0	476.0	117.0	568.0	841.0	823.0
323.408	308.0	284.0	358.0	125.0	591.0	421.0	340.0	564.0	526.0	535.0	231.0	518.0	470.0	881.0	577.0	426.0	125.0	517.0	728.0	738.0
323.516	225.0	236.0	294.0	111.0	466.0	352.0	259.0	463.0	438.0	423.0	204.0	427.0	384.0	729.0	477.0	349.0	124.0	405.0	598.0	641.0
323.624	234.0	239.0	286.0	107.0	466.0	348.0	271.0	453.0	423.0	422.0	182.0	422.0	378.0	721.0	464.0	344.0	115.0	417.0	593.0	629.0
323.732	202.0	190.0	238.0	94.0	377.0	277.0	223.0	358.0	350.0	336.0	167.0	355.0	307.0	567.0	364.0	280.0	102.0	335.0	470.0	511.0
323.84	151.0	152.0	179.0	99.0	265.0	202.0	168.0	256.0	275.0	235.0	135.0	256.0	224.0	383.0	265.0	208.0	97.0	231.0	324.0	367.0
323.949	125.0	125.0	153.0	94.0	196.0	164.0	136.0	194.0	218.0	183.0	118.0	212.0	170.0	290.0	199.0	169.0	109.0	170.0	238.0	292.0
324.057	110.0	120.0	127.0	96.0	161.0	148.0	129.0	164.0	197.0	168.0	110.0	184.0	147.0	249.0	172.0	146.0	97.0	148.0	210.0	247.0
324.165	122.0	124.0	148.0	95.0	202.0	164.0	131.0	194.0	215.0	181.0	117.0	204.0	177.0	303.0	201.0	169.0	89.0	185.0	248.0	286.0
324.273	165.0	161.0	185.0	98.0	284.0	228.0	175.0	262.0	280.0	255.0	137.0	278.0	245.0	442.0	290.0	231.0	102.0	252.0	350.0	377.0
324.381	141.0	140.0	160.0	104.0	235.0	188.0	149.0	225.0	250.0	209.0	121.0	244.0	201.0	370.0	246.0	193.0	102.0	210.0	288.0	340.0
324.49	133.0	142.0	161.0	97.0	237.0	196.0	144.0	218.0	240.0	216.0	113.0	237.0	187.0	369.0	238.0	183.0	93.0	206.0	300.0	341.0
324.598	178.0	169.0	210.0	95.0	321.0	237.0	180.0	294.0	300.0	291.0	129.0	304.0	270.0	511.0	326.0	237.0	99.0	284.0	420.0	458.0
324.706	210.0	200.0	249.0	111.0	408.0	295.0	234.0	360.0	364.0	356.0	159.0	343.0	338.0	621.0	414.0	288.0	104.0	351.0	510.0	533.0
324.814	201.0	194.0	238.0	104.0	383.0	288.0	205.0	340.0	339.0	338.0	154.0	331.0	308.0	580.0	375.0	258.0	109.0	308.0	486.0	510.0
324.922	156.0	161.0	188.0	99.0	285.0	220.0	172.0	249.0	272.0	270.0	138.0	264.0	232.0	451.0	292.0	212.0	95.0	244.0	365.0	400.0
325.031	147.0	152.0	176.0	97.0	249.0	193.0	150.0	223.0	251.0	217.0	128.0	235.0	208.0	370.0	242.0	187.0	100.0	209.0	310.0	345.0
325.139	113.0	126.0	141.0	95.0	178.0	162.0	128.0	173.0	206.0	170.0	120.0	185.0	165.0	274.0	196.0	159.0	103.0	164.0	230.0	271.0
325.247	107.0	112.0	121.0	95.0	166.0	139.0	114.0	151.0	179.0	152.0	108.0	177.0	146.0	232.0	166.0	137.0	95.0	148.0	186.0	237.0
325.355	96.0	104.0	115.0	93.0	147.0	128.0	99.0	141.0	166.0	144.0	91.0	166.0	129.0	214.0	147.0	121.0	89.0	139.0	177.0	220.0
325.464	118.0	117.0	150.0	98.0	178.0	154.0	127.0	179.0	203.0	167.0	107.0	202.0	160.0	286.0	194.0	159.0	100.0	171.0	226.0	269.0
325.572	175.0	168.0	209.0	101.0	315.0	240.0	185.0	303.0	319.0	281.0	148.0	308.0	269.0	466.0	317.0	249.0	103.0	289.0	382.0	410.0
325.68	149.0	150.0	175.0	95.0	254.0	209.0	159.0	248.0	274.0	227.0	132.0	270.0	209.0	401.0	269.0	207.0	99.0	232.0	314.0	360.0
325.789	130.0	128.0	150.0	98.0	208.0	168.0	139.0	209.0	228.0	189.0	116.0	226.0	181.0	318.0	222.0	174.0	87.0	189.0	257.0	296.0
325.897	113.0	114.0	131.0	93.0	164.0	147.0	126.0	161.0	189.0	151.0	109.0	181.0	141.0	240.0	171.0	146.0	97.0	148.0	211.0	245.0
326.005	113.0	108.0	126.0	94.0	167.0	139.0	123.0	161.0	189.0	148.0	108.0	174.0	145.0	226.0	164.0	136.0	101.0	148.0	205.0	232.0
326.114	110.0	102.0	116.0	100.0	148.0	126.0	112.0	136.0	176.0	135.0	99.0	163.0	136.0	199.0	146.0	132.0	96.0	134.0	162.0	214.0
326.222	91.0	92.0	102.0	93.0	111.0	105.0	89.0	109.0	141.0	108.0	92.0	140.0	107.0	142.0	111.0	103.0	90.0	106.0	124.0	169.0
326.33	88.0	83.0	95.0	94.0	103.0	95.0	86.0	97.0	127.0	95.0	82.0	128.0	97.0	127.0	99.0	94.0	91.0	96.0	118.0	154.0
326.439	92.0	89.0	103.0	94.0	111.0	101.0	93.0	110.0	135.0	104.0	89.0	135.0	108.0	150.0	118.0	99.0	87.0	102.0	130.0	169.0
326.547	113.0	116.0	130.0	91.0	175.0	160.0	122.0	162.0	190.0	168.0	106.0	180.0	153.0	274.0	190.0	149.0	90.0	158.0	227.0	260.0
326.655	108.0	119.0	123.0	94.0	172.0	147.0	114.0	155.0	192.0	162.0	104.0	174.0	147.0	272.0	179.0	149.0	90.0	152.0	220.0	260.0
326.764	101.0	105.0	122.0	99.0	149.0	136.0	109.0	134.0	167.0	144.0	112.0	155.0	133.0	218.0	157.0	130.0	96.0	124.0	190.0	214.0
326.872	101.0	103.0	115.0	92.0	152.0	130.0	108.0	136.0	167.0	142.0	101.0	154.0	134.0	216.0	153.0	125.0	88.0	135.0	182.0	221.0
326.98	104.0	98.0	109.0	98.0	142.0	128.0	101.0	125.0	166.0	135.0	102.0	153.0	128.0	208.0	146.0	126.0	97.0	128.0	181.0	214.0
327.089	100.0	102.0	114.0	94.0	137.0	133.0	101.0	124.0	171.0	133.0	101.0	159.0	118.0	215.0	157.0	129.0	93.0	125.0	177.0	223.0
327.197	132.0	139.0	153.0	105.0	219.0	176.0	135.0	188.0	218.0	196.0	119.0	204.0	184.0	345.0	227.0	164.0	105.0	190.0	271.0	318.0
327.306	128.0	126.0	156.0	92.0	220.0	179.0	138.0	198.0	225.0	205.0	118.0	203.0	185.0	366.0	235.0	174.0	104.0	199.0	300.0	335.0
327.414	123.0	125.0	143.0	87.0	193.0	160.0	120.0	170.0	206.0	173.0	112.0	193.0	172.0	318.0	208.0	153.0	96.0	170.0	248.0	293.0
327.522	119.0	123.0	130.0	98.0	180.0	154.0	119.0	166.0	197.0	165.0	105.0	186.0	154.0	286.0	192.0	143.0	100.0	161.0	234.0	276.0
327.631	117.0	125.0	148.0	96.0	190.0	160.0	127.0	174.0	202.0	175.0	116.0	191.0	165.0	306.0	210.0	152.0	90.0	169.0	257.0	298.0
327.739	111.0	114.0	128.0	90.0	167.0	153.0	120.0	155.0	192.0	163.0	101.0	175.0	156.0	280.0	184.0	147.0	97.0	150.0	225.0	265.0
327.848	99.0	103.0	110.0	89.0	138.0	132.0	115.0	125.0	172.0	132.0	100.0	160.0	128.0	207.0	147.0	126.0	95.0	128.0	166.0	208.0
327.956	95.0	94.0	104.0	94.0	129.0	122.0	99.0	124.0	155.0	123.0	91.0	148.0	118.0	182.0	130.0	114.0	90.0	119.0	154.0	193.0
328.065	111.0	108.0	129.0	101.0	166.0	139.0	115.0	162.0	178.0	153.0	101.0	181.0	147.0	242.0	165.0	129.0	93.0	154.0	205.0	245.0
328.173	142.0	137.0	169.0	99.0	228.0	191.0	148.0	223.0	234.0	207.0	118.0	241.0	211.0	374.0	236.0	182.0	99.0	204.0	300.0	334.0
328.281	133.0	129.0	156.0	95.0	221.0	189.0	141.0	204.0	227.0	195.0	115.0	221.0	200.0	358.0	240.0	172.0	95.0	200.0	279.0	318.0
328.39	119.0	116.0	139.0	99.0	183.0	153.0	124.0	171.0	201.0	172.0	106.0	189.0	162.0	271.0	192.0	150.0	102.0	160.0	232.0	265.0
328.498	105.0	110.0	127.0	98.0	159.0	144.0	113.0	157.0	181.0	154.0	99.0	170.0	148.0	239.0	169.0	140.0	91.0	147.0	208.0	238.0
328.607	104.0	104.0	123.0	89.0	156.0	132.0	104.0	139.0	172.0	146.0	95.0	159.0	137.0	217.0	151.0	120.0	92.0	134.0	182.0	219.0
328.715	97.0	93.0	105.0	85.0	127.0	117.0	99.0	113.0	163.0	119.0	94.0	149.0	115.0	175.0	130.0	110.0	90.0	111.0	152.0	184.0
328.824	89.0	87.0	98.0	91.0	120.0	103.0	90.0	102.0	149.0	106.0	89.0	134.0	112.0	132.0	108.0	102.0	92.0	107.0	130.0	163.0
328.932	82.0	82.0	99.0	88.0	103.0	94.0	83.0	96.0	128.0	91.0	87.0	123.0	97.0	119.0	97.0	100.0	90.0	90.0	116.0	144.0
329.041	86.0	84.0	96.0	88.0	91.0	90.0	91.0	98.0	132.0	89.0	87.0	124.0	94.0	107.0	90.0	94.0	92.0	85.0	106.0	141.0
329.15	83.0	83.0	91.0	98.0	92.0	87.0	87.0	92.0	130.0	91.0	89.0	118.0	92.0	112.0	91.0	92.0	90.0	85.0	94.0	129.0
329.258	81.0	78.0	91.0	88.0	95.0	89.0	81.0	88.0	131.0	93.0	86.0	113.0	91.0	101.0	90.0	88.0	92.0	84.0	94.0	128.0
329.367	77.0	85.0	92.0	93.0	99.0	97.0	84.0	95.0	127.0	87.0	86.0	114.0	90.0	108.0	94.0	98.0	85.0	83.0	103.0	140.0
329.475	78.0	84.0	94.0	86.0	98.0	89.0	86.0	89.0	126.0	91.0	86.0	113.0	92.0	111.0	91.0	93.0	88.0	90.0	107.0	136.0
329.584	82.0	84.0	91.0	92.0	91.0	91.0	90.0	88.0	129.0	98.0	85.0	122.0	91.0	106.0	94.0	96.0	87.0	92.0	102.0	129.0
329.692	81.0	90.0	90.0	96.0	103.0	92.0	86.0	94.0	137.0	95.0	92.0	124.0	94.0	114.0	101.0	97.0	88.0	94.0	109.0	137.0
329.801	85.0	90.0	87.0	95.0	96.0	96.0	80.0	92.0	127.0	91.0	83.0	122.0	93.0	110.0	94.0	89.0	84.0	83.0	96.0	136.0
329.909	80.0	83.0	96.0	93.0	94.0	90.0	85.0	97.0	128.0	82.0	87.0	120.0	96.0	104.0	86.0	89.0	87.0	92.0	104.0	141.0
330.018	87.0	80.0	95.0	94.0	99.0	94.0	89.0	93.0	132.0	104.0	86.0	119.0	97.0	111.0	95.0	96.0	93.0	95.0	99.0	137.0
330.127	89.0	86.0	97.0	95.0	102.0	97.0	88.0	96.0	136.0	98.0	86.0	120.0	97.0	118.0	96.0	97.0	90.0	94.0	110.0	143.0
330.235	89.0	92.0	101.0	97.0	115.0	106.0	88.0	106.0	145.0	106.0	91.0	125.0	99.0	138.0	115.0	106.0	92.0	96.0	127.0	165.0
330.344	99.0	94.0	108.0	96.0	128.0	108.0	97.0	113.0	152.0	123.0	100.0	134.0	121.0	170.0	125.0	105.0	90.0	106.0	150.0	187.0
330.453	94.0	93.0	106.0	93.0	114.0	110.0	91.0	109.0	146.0	112.0	92.0	137.0	110.0	161.0	110.0	104.0	92.0	106.0	141.0	172.0
330.561	96.0	89.0	100.0	104.0	118.0	104.0	93.0	107.0	147.0	113.0	95.0	133.0	111.0	161.0	118.0	106.0	97.0	105.0	134.0	173.0
330.67	93.0	94.0	100.0	91.0	114.0	103.0	83.0	108.0	143.0	105.0	91.0	124.0	103.0	143.0	110.0	101.0	90.0	104.0	129.0	172.0
330.778	94.0	96.0	104.0	97.0	117.0	102.0	90.0	110.0	143.0	107.0	92.0	132.0	110.0	145.0	110.0	104.0	94.0	99.0	139.0	180.0
330.887	110.0	108.0	120.0	104.0	138.0	121.0	108.0	127.0	173.0	136.0	106.0	153.0	136.0	191.0	138.0	126.0	103.0	120.0	167.0	200.0
330.996	104.0	102.0	118.0	92.0	145.0	119.0	106.0	125.0	169.0	134.0	99.0	142.0	131.0	200.0	135.0	112.0	92.0	129.0	171.0	207.0
331.104	100.0	101.0	110.0	94.0	139.0	119.0	98.0	114.0	156.0	124.0	96.0	145.0	120.0	182.0	131.0	117.0	92.0	115.0	157.0	199.0
331.213	93.0	99.0	118.0	94.0	140.0	124.0	107.0	126.0	164.0	129.0	99.0	143.0	124.0	200.0	135.0	118.0	94.0	118.0	165.0	212.0
331.322	108.0	101.0	118.0	92.0	146.0	127.0	110.0	134.0	164.0	138.0	100.0	150.0	134.0	208.0	141.0	121.0	95.0	125.0	178.0	227.0
331.431	103.0	101.0	111.0	101.0	141.0	121.0	99.0	118.0	165.0	127.0	94.0	142.0	133.0	195.0	133.0	114.0	96.0	121.0	160.0	191.0
331.539	121.0	115.0	132.0	96.0	174.0	150.0	110.0	151.0	185.0	159.0	109.0	173.0	153.0	269.0	170.0	147.0	98.0	154.0	214.0	249.0
331.648	153.0	156.0	183.0	98.0	275.0	216.0	158.0	241.0	269.0	254.0	134.0	242.0	228.0	422.0	276.0	197.0	104.0	227.0	360.0	393.0
331.757	197.0	187.0	237.0	110.0	361.0	276.0	204.0	327.0	338.0	323.0	164.0	309.0	302.0	553.0	350.0	260.0	109.0	311.0	466.0	495.0
331.865	157.0	152.0	183.0	103.0	261.0	194.0	163.0	237.0	267.0	242.0	127.0	245.0	242.0	414.0	267.0	193.0	98.0	230.0	336.0	372.0
331.974	120.0	134.0	149.0	102.0	194.0	174.0	134.0	190.0	212.0	189.0	119.0	199.0	172.0	306.0	207.0	167.0	106.0	171.0	264.0	306.0
332.083	137.0	141.0	167.0	99.0	234.0	190.0	145.0	213.0	235.0	213.0	117.0	212.0	196.0	373.0	233.0	184.0	98.0	202.0	311.0	350.0
332.192	117.0	118.0	149.0	98.0	207.0	156.0	123.0	182.0	209.0	183.0	114.0	189.0	166.0	305.0	191.0	154.0	102.0	175.0	249.0	301.0
332.3	153.0	151.0	173.0	110.0	268.0	202.0	166.0	236.0	255.0	243.0	134.0	229.0	234.0	400.0	257.0	198.0	101.0	222.0	325.0	372.0
332.409	159.0	150.0	181.0	106.0	279.0	209.0	162.0	241.0	259.0	247.0	124.0	242.0	240.0	420.0	269.0	204.0	101.0	234.0	343.0	391.0
332.518	137.0	139.0	164.0	107.0	231.0	194.0	140.0	209.0	230.0	219.0	117.0	222.0	199.0	374.0	248.0	183.0	107.0	208.0	305.0	346.0
332.627	145.0	137.0	169.0	106.0	241.0	207.0	154.0	218.0	248.0	220.0	133.0	236.0	218.0	406.0	252.0	196.0	104.0	222.0	326.0	377.0
332.735	129.0	127.0	150.0	104.0	207.0	180.0	131.0	189.0	220.0	200.0	125.0	202.0	188.0	347.0	212.0	182.0	107.0	185.0	269.0	315.0
332.844	150.0	142.0	167.0	101.0	256.0	200.0	146.0	224.0	245.0	233.0	122.0	237.0	223.0	397.0	258.0	198.0	96.0	226.0	329.0	368.0
332.953	153.0	152.0	188.0	104.0	263.0	214.0	155.0	240.0	260.0	241.0	140.0	245.0	235.0	433.0	271.0	194.0	101.0	221.0	358.0	400.0
333.062	142.0	126.0	166.0	108.0	229.0	188.0	145.0	204.0	226.0	213.0	121.0	209.0	206.0	358.0	233.0	176.0	104.0	199.0	301.0	336.0
333.171	127.0	122.0	132.0	100.0	184.0	160.0	117.0	168.0	206.0	168.0	122.0	183.0	164.0	283.0	191.0	151.0	105.0	163.0	229.0	288.0
333.279	115.0	115.0	127.0	103.0	170.0	146.0	111.0	152.0	187.0	157.0	106.0	167.0	150.0	244.0	173.0	147.0	97.0	133.0	207.0	257.0
333.388	125.0	139.0	158.0	109.0	215.0	178.0	139.0	190.0	216.0	197.0	120.0	205.0	178.0	345.0	208.0	165.0	107.0	171.0	276.0	324.0
333.497	175.0	174.0	208.0	115.0	318.0	246.0	194.0	288.0	305.0	290.0	160.0	291.0	271.0	509.0	320.0	235.0	110.0	276.0	414.0	473.0
333.606	226.0	226.0	283.0	120.0	448.0	343.0	252.0	424.0	405.0	405.0	201.0	399.0	363.0	669.0	440.0	340.0	134.0	365.0	560.0	605.0
333.715	191.0	199.0	229.0	116.0	357.0	278.0	202.0	336.0	339.0	319.0	168.0	333.0	303.0	548.0	366.0	264.0	119.0	304.0	465.0	506.0
333.824	171.0	180.0	209.0	111.0	318.0	245.0	192.0	308.0	312.0	294.0	153.0	297.0	266.0	509.0	326.0	238.0	110.0	274.0	415.0	451.0
333.933	193.0	183.0	221.0	124.0	325.0	243.0	203.0	293.0	310.0	282.0	158.0	288.0	268.0	480.0	314.0	243.0	128.0	283.0	401.0	449.0
334.041	158.0	156.0	187.0	109.0	267.0	223.0	168.0	252.0	267.0	249.0	157.0	261.0	231.0	432.0	282.0	220.0	116.0	242.0	351.0	409.0
334.15	156.0	161.0	177.0	108.0	283.0	214.0	167.0	264.0	284.0	253.0	135.0	269.0	231.0	475.0	285.0	214.0	104.0	250.0	364.0	425.0
334.259	289.0	291.0	356.0	132.0	584.0	430.0	347.0	583.0	514.0	502.0	242.0	508.0	459.0	789.0	567.0	437.0	132.0	489.0	662.0	681.0
334.368	408.0	409.0	509.0	146.0	844.0	613.0	478.0	876.0	740.0	718.0	346.0	730.0	662.0	1059.0	798.0	636.0	148.0	711.0	936.0	935.0
334.477	313.0	340.0	396.0	137.0	653.0	475.0	378.0	691.0	594.0	572.0	278.0	576.0	522.0	883.0	627.0	494.0	140.0	553.0	741.0	771.0
334.586	250.0	261.0	311.0	124.0	526.0	377.0	302.0	516.0	467.0	445.0	223.0	460.0	405.0	716.0	488.0	380.0	125.0	422.0	590.0	639.0
334.695	219.0	219.0	265.0	121.0	416.0	312.0	260.0	418.0	410.0	366.0	189.0	382.0	340.0	578.0	407.0	334.0	116.0	348.0	484.0	533.0
334.804	196.0	198.0	241.0	114.0	370.0	284.0	234.0	377.0	359.0	328.0	194.0	340.0	293.0	502.0	356.0	300.0	123.0	296.0	423.0	471.0
334.913	151.0	154.0	182.0	110.0	267.0	199.0	173.0	264.0	283.0	243.0	150.0	260.0	239.0	390.0	264.0	222.0	115.0	224.0	319.0	368.0
335.022	112.0	115.0	130.0	108.0	177.0	150.0	122.0	175.0	206.0	166.0	126.0	188.0	163.0	267.0	176.0	160.0	103.0	162.0	217.0	279.0
335.13	105.0	111.0	121.0	97.0	150.0	126.0	109.0	141.0	174.0	148.0	106.0	164.0	144.0	219.0	145.0	131.0	99.0	136.0	186.0	239.0
335.239	105.0	98.0	125.0	104.0	152.0	125.0	108.0	142.0	177.0	142.0	105.0	159.0	148.0	224.0	146.0	132.0	100.0	133.0	192.0	236.0
335.348	108.0	114.0	125.0	103.0	153.0	137.0	117.0	142.0	186.0	139.0	111.0	167.0	138.0	250.0	160.0	136.0	106.0	143.0	192.0	251.0
335.457	172.0	188.0	216.0	125.0	323.0	264.0	206.0	322.0	332.0	293.0	179.0	313.0	268.0	488.0	322.0	277.0	133.0	268.0	388.0	457.0
335.566	273.0	282.0	335.0	129.0	544.0	397.0	318.0	559.0	498.0	486.0	238.0	482.0	428.0	735.0	520.0	418.0	130.0	444.0	625.0	692.0
335.675	236.0	245.0	280.0	121.0	446.0	337.0	267.0	451.0	419.0	409.0	204.0	395.0	375.0	644.0	435.0	345.0	116.0	381.0	533.0	586.0
335.784	173.0	181.0	217.0	110.0	328.0	251.0	204.0	314.0	322.0	296.0	163.0	302.0	269.0	472.0	313.0	261.0	119.0	271.0	385.0	453.0
335.893	176.0	176.0	202.0	112.0	304.0	232.0	186.0	295.0	294.0	279.0	152.0	286.0	263.0	438.0	295.0	243.0	115.0	263.0	375.0	417.0
336.002	140.0	151.0	181.0	114.0	252.0	202.0	158.0	247.0	258.0	224.0	133.0	246.0	216.0	375.0	251.0	209.0	108.0	217.0	303.0	346.0
336.111	187.0	182.0	208.0	158.0	254.0	216.0	206.0	256.0	280.0	249.0	180.0	264.0	238.0	359.0	251.0	228.0	157.0	229.0	301.0	354.0
336.22	128.0	128.0	144.0	126.0	168.0	156.0	137.0	174.0	199.0	168.0	128.0	188.0	163.0	246.0	174.0	153.0	125.0	163.0	208.0	255.0
336.329	106.0	104.0	115.0	105.0	148.0	119.0	106.0	135.0	162.0	145.0	102.0	158.0	132.0	210.0	151.0	128.0	100.0	124.0	171.0	224.0
336.438	107.0	113.0	121.0	110.0	160.0	125.0	109.0	150.0	184.0	151.0	109.0	160.0	140.0	232.0	160.0	137.0	106.0	138.0	202.0	251.0
336.547	130.0	128.0	159.0	110.0	226.0	168.0	138.0	207.0	240.0	208.0	131.0	199.0	191.0	345.0	206.0	181.0	111.0	179.0	286.0	350.0
336.656	240.0	245.0	297.0	122.0	491.0	364.0	285.0	481.0	457.0	439.0	219.0	412.0	400.0	683.0	454.0	361.0	129.0	407.0	591.0	621.0
336.766	237.0	245.0	292.0	119.0	475.0	363.0	264.0	468.0	449.0	417.0	214.0	409.0	401.0	694.0	455.0	362.0	145.0	388.0	582.0	646.0
336.875	190.0	205.0	236.0	119.0	378.0	280.0	217.0	360.0	359.0	337.0	181.0	330.0	317.0	557.0	376.0	285.0	121.0	316.0	461.0	535.0
336.984	162.0	178.0	205.0	125.0	297.0	227.0	186.0	296.0	302.0	268.0	158.0	271.0	259.0	430.0	287.0	240.0	128.0	240.0	373.0	430.0
337.093	137.0	150.0	172.0	114.0	229.0	200.0	160.0	242.0	260.0	221.0	152.0	232.0	207.0	354.0	243.0	209.0	120.0	199.0	298.0	364.0
337.202	152.0	154.0	185.0	120.0	256.0	202.0	169.0	245.0	265.0	235.0	147.0	241.0	220.0	379.0	249.0	212.0	114.0	209.0	307.0	360.0
337.311	118.0	119.0	143.0	106.0	184.0	152.0	128.0	169.0	207.0	170.0	128.0	179.0	165.0	266.0	187.0	163.0	114.0	151.0	227.0	286.0
337.42	145.0	146.0	170.0	111.0	266.0	200.0	161.0	235.0	262.0	225.0	139.0	220.0	216.0	384.0	250.0	189.0	103.0	205.0	315.0	372.0
337.529	130.0	139.0	165.0	108.0	224.0	187.0	138.0	200.0	237.0	199.0	127.0	204.0	200.0	346.0	214.0	184.0	117.0	184.0	282.0	330.0
337.638	125.0	139.0	154.0	112.0	208.0	177.0	144.0	191.0	239.0	195.0	129.0	204.0	197.0	336.0	211.0	179.0	115.0	172.0	256.0	324.0
337.747	217.0	214.0	255.0	118.0	413.0	305.0	229.0	374.0	381.0	363.0	199.0	361.0	339.0	594.0	399.0	298.0	127.0	340.0	501.0	564.0
337.856	255.0	252.0	302.0	122.0	495.0	341.0	276.0	466.0	446.0	425.0	200.0	415.0	398.0	710.0	461.0	344.0	109.0	428.0	589.0	643.0
337.966	203.0	194.0	233.0	111.0	378.0	263.0	218.0	356.0	341.0	332.0	174.0	324.0	307.0	539.0	352.0	267.0	112.0	300.0	446.0	508.0
338.075	164.0	172.0	204.0	108.0	302.0	237.0	187.0	291.0	318.0	270.0	166.0	274.0	262.0	464.0	297.0	242.0	112.0	260.0	372.0	446.0
338.184	197.0	210.0	243.0	118.0	373.0	293.0	210.0	345.0	368.0	340.0	185.0	325.0	314.0	577.0	373.0	280.0	120.0	310.0	476.0	534.0
338.293	157.0	166.0	193.0	112.0	290.0	231.0	169.0	269.0	294.0	260.0	151.0	250.0	247.0	446.0	289.0	220.0	116.0	239.0	366.0	428.0
338.402	137.0	144.0	174.0	112.0	231.0	187.0	154.0	223.0	236.0	213.0	143.0	218.0	202.0	362.0	234.0	188.0	110.0	204.0	295.0	343.0
338.511	147.0	157.0	174.0	125.0	211.0	185.0	154.0	191.0	233.0	206.0	146.0	217.0	204.0	310.0	214.0	180.0	137.0	191.0	255.0	306.0
338.62	119.0	118.0	128.0	108.0	170.0	136.0	119.0	154.0	189.0	155.0	105.0	167.0	153.0	245.0	168.0	141.0	100.0	145.0	198.0	240.0
338.73	110.0	106.0	125.0	99.0	146.0	126.0	101.0	135.0	180.0	142.0	92.0	159.0	139.0	208.0	140.0	122.0	99.0	132.0	181.0	227.0
338.839	136.0	132.0	156.0	103.0	212.0	166.0	136.0	191.0	218.0	186.0	119.0	196.0	176.0	306.0	205.0	164.0	103.0	172.0	262.0	307.0
338.948	123.0	130.0	143.0	104.0	194.0	169.0	129.0	174.0	210.0	172.0	130.0	188.0	167.0	280.0	187.0	165.0	109.0	164.0	234.0	278.0
339.057	118.0	117.0	131.0	104.0	179.0	139.0	115.0	157.0	192.0	163.0	106.0	165.0	158.0	251.0	164.0	135.0	99.0	156.0	207.0	239.0
339.166	108.0	109.0	117.0	111.0	144.0	122.0	109.0	137.0	172.0	131.0	102.0	146.0	128.0	191.0	138.0	126.0	90.0	128.0	164.0	220.0
339.276	94.0	101.0	113.0	98.0	135.0	122.0	99.0	121.0	163.0	123.0	96.0	145.0	121.0	172.0	136.0	122.0	91.0	113.0	162.0	198.0
339.385	101.0	96.0	103.0	97.0	122.0	109.0	98.0	111.0	153.0	111.0	95.0	134.0	111.0	154.0	119.0	116.0	99.0	107.0	143.0	174.0
339.494	87.0	87.0	94.0	96.0	111.0	101.0	86.0	105.0	143.0	107.0	89.0	128.0	101.0	135.0	108.0	101.0	91.0	99.0	120.0	156.0
339.603	84.0	87.0	95.0	101.0	111.0	95.0	88.0	103.0	140.0	106.0	86.0	127.0	98.0	131.0	103.0	105.0	92.0	102.0	128.0	160.0
339.713	91.0	81.0	100.0	95.0	108.0	96.0	93.0	99.0	140.0	101.0	85.0	127.0	101.0	136.0	105.0	103.0	93.0	97.0	123.0	165.0
339.822	89.0	83.0	101.0	96.0	105.0	91.0	89.0	100.0	136.0	104.0	89.0	122.0	104.0	139.0	107.0	105.0	95.0	93.0	125.0	155.0
339.931	84.0	87.0	94.0	96.0	102.0	98.0	88.0	99.0	137.0	101.0	85.0	118.0	95.0	129.0	106.0	103.0	88.0	95.0	116.0	150.0
340.04	83.0	85.0	92.0	99.0	97.0	99.0	83.0	99.0	133.0	98.0	83.0	117.0	92.0	112.0	98.0	100.0	89.0	88.0	106.0	148.0
340.15	87.0	88.0	94.0	102.0	104.0	99.0	94.0	99.0	138.0	102.0	94.0	120.0	96.0	125.0	100.0	106.0	100.0	95.0	118.0	153.0
340.259	79.0	84.0	92.0	89.0	91.0	93.0	88.0	95.0	132.0	94.0	88.0	121.0	92.0	119.0	97.0	95.0	99.0	90.0	106.0	138.0
340.368	86.0	87.0	86.0	96.0	94.0	92.0	90.0	90.0	129.0	97.0	85.0	122.0	101.0	124.0	95.0	98.0	91.0	93.0	108.0	145.0
340.477	87.0	90.0	91.0	95.0	96.0	91.0	82.0	89.0	128.0	90.0	80.0	117.0	90.0	109.0	94.0	94.0	87.0	88.0	109.0	147.0
340.587	84.0	86.0	94.0	98.0	92.0	93.0	91.0	99.0	131.0	98.0	84.0	121.0	89.0	112.0	100.0	93.0	98.0	93.0	110.0	144.0
340.696	86.0	81.0	87.0	94.0	85.0	92.0	87.0	91.0	135.0	94.0	86.0	120.0	84.0	110.0	94.0	90.0	91.0	92.0	103.0	137.0
340.805	92.0	92.0	100.0	108.0	101.0	105.0	92.0	99.0	140.0	100.0	95.0	134.0	102.0	120.0	103.0	110.0	101.0	98.0	102.0	149.0
340.915	79.0	83.0	91.0	98.0	92.0	91.0	80.0	93.0	129.0	89.0	84.0	121.0	88.0	101.0	92.0	91.0	90.0	86.0	103.0	132.0
341.024	78.0	77.0	82.0	88.0	84.0	90.0	86.0	90.0	121.0	85.0	83.0	110.0	90.0	102.0	88.0	93.0	87.0	86.0	96.0	128.0
341.133	96.0	99.0	112.0	109.0	104.0	106.0	95.0	101.0	137.0	110.0	100.0	125.0	108.0	124.0	106.0	106.0	111.0	106.0	118.0	150.0
341.243	87.0	86.0	92.0	102.0	91.0	97.0	82.0	90.0	132.0	92.0	93.0	125.0	94.0	111.0	100.0	96.0	94.0	88.0	98.0	136.0
341.352	83.0	82.0	88.0	101.0	90.0	92.0	83.0	93.0	121.0	92.0	79.0	117.0	88.0	100.0	90.0	90.0	95.0	86.0	96.0	132.0
341.461	83.0	85.0	91.0	102.0	89.0	88.0	82.0	92.0	130.0	90.0	84.0	123.0	90.0	104.0	88.0	98.0	95.0	86.0	101.0	137.0
341.571	83.0	83.0	90.0	99.0	85.0	84.0	89.0	87.0	125.0	82.0	84.0	116.0	91.0	97.0	92.0	91.0	90.0	74.0	95.0	127.0
341.68	84.0	87.0	101.0	98.0	92.0	93.0	82.0	87.0	130.0	94.0	81.0	112.0	92.0	97.0	94.0	98.0	95.0	90.0	98.0	129.0
341.789	82.0	87.0	94.0	98.0	87.0	92.0	85.0	92.0	125.0	87.0	83.0	117.0	85.0	93.0	88.0	87.0	89.0	79.0	95.0	129.0
341.899	81.0	82.0	88.0	92.0	86.0	86.0	81.0	86.0	124.0	87.0	82.0	109.0	84.0	92.0	83.0	93.0	89.0	84.0	95.0	129.0
342.008	83.0	86.0	88.0	88.0	89.0	92.0	90.0	86.0	125.0	86.0	89.0	112.0	86.0	105.0	89.0	91.0	96.0	87.0	98.0	132.0
342.118	82.0	83.0	87.0	98.0	85.0	90.0	83.0	85.0	129.0	86.0	85.0	119.0	92.0	93.0	89.0	91.0	92.0	83.0	89.0	126.0
342.227	79.0	85.0	81.0	93.0	83.0	88.0	77.0	92.0	119.0	86.0	79.0	118.0	84.0	88.0	85.0	86.0	89.0	83.0	91.0	130.0
342.336	82.0	78.0	89.0	94.0	88.0	81.0	79.0	91.0	125.0	89.0	82.0	112.0	84.0	89.0	85.0	94.0	90.0	77.0	99.0	130.0
342.446	82.0	80.0	87.0	102.0	87.0	93.0	86.0	87.0	129.0	90.0	85.0	112.0	87.0	101.0	91.0	94.0	95.0	82.0	102.0	130.0
342.555	83.0	90.0	90.0	98.0	91.0	90.0	88.0	88.0	132.0	95.0	84.0	115.0	92.0	106.0	94.0	99.0	93.0	92.0	97.0	134.0
342.665	80.0	85.0	90.0	100.0	90.0	91.0	83.0	86.0	126.0	93.0	85.0	117.0	88.0	97.0	91.0	96.0	90.0	85.0	90.0	134.0
342.774	78.0	81.0	90.0	93.0	84.0	91.0	80.0	89.0	132.0	89.0	84.0	115.0	86.0	98.0	88.0	95.0	89.0	78.0	91.0	129.0
342.884	80.0	87.0	90.0	101.0	90.0	94.0	81.0	89.0	130.0	94.0	83.0	117.0	94.0	103.0	86.0	96.0	98.0	84.0	96.0	136.0
342.993	80.0	83.0	91.0	92.0	83.0	90.0	80.0	84.0	126.0	85.0	85.0	112.0	88.0	99.0	88.0	96.0	94.0	93.0	92.0	131.0
343.102	79.0	80.0	84.0	103.0	91.0	89.0	80.0	94.0	123.0	89.0	80.0	117.0	90.0	105.0	86.0	94.0	93.0	91.0	93.0	135.0
343.212	82.0	80.0	90.0	99.0	86.0	84.0	82.0	87.0	129.0	88.0	82.0	110.0	89.0	102.0	89.0	89.0	99.0	79.0	98.0	128.0
343.321	80.0	78.0	95.0	97.0	90.0	87.0	81.0	82.0	123.0	86.0	87.0	114.0	88.0	97.0	89.0	93.0	99.0	83.0	96.0	138.0
343.431	93.0	96.0	102.0	113.0	94.0	105.0	100.0	103.0	141.0	95.0	94.0	126.0	99.0	108.0	100.0	103.0	102.0	95.0	106.0	137.0
343.54	86.0	86.0	91.0	107.0	93.0	99.0	85.0	94.0	132.0	97.0	85.0	124.0	92.0	99.0	93.0	103.0	97.0	86.0	107.0	138.0
343.65	83.0	82.0	94.0	106.0	96.0	100.0	83.0	96.0	124.0	97.0	82.0	124.0	84.0	106.0	90.0	97.0	92.0	81.0	100.0	145.0
343.759	91.0	95.0	107.0	98.0	115.0	109.0	90.0	106.0	146.0	116.0	90.0	128.0	103.0	154.0	121.0	105.0	101.0	102.0	137.0	175.0
343.869	112.0	122.0	121.0	104.0	157.0	145.0	113.0	142.0	181.0	149.0	112.0	163.0	150.0	234.0	165.0	143.0	109.0	135.0	192.0	238.0
343.978	102.0	101.0	105.0	108.0	145.0	136.0	110.0	131.0	168.0	136.0	100.0	151.0	124.0	205.0	148.0	131.0	98.0	123.0	182.0	220.0
344.088	115.0	109.0	126.0	122.0	138.0	130.0	107.0	136.0	175.0	138.0	112.0	157.0	132.0	186.0	138.0	131.0	111.0	125.0	168.0	203.0
344.197	97.0	96.0	107.0	102.0	114.0	111.0	97.0	120.0	154.0	109.0	97.0	133.0	110.0	153.0	121.0	113.0	102.0	112.0	140.0	174.0
344.307	96.0	96.0	98.0	101.0	109.0	110.0	98.0	110.0	145.0	108.0	96.0	131.0	109.0	148.0	116.0	114.0	92.0	100.0	132.0	164.0
344.416	94.0	96.0	100.0	98.0	106.0	99.0	91.0	111.0	141.0	104.0	91.0	126.0	103.0	135.0	107.0	109.0	91.0	99.0	121.0	154.0
344.526	83.0	87.0	95.0	98.0	101.0	98.0	89.0	101.0	141.0	98.0	83.0	124.0	92.0	119.0	97.0	103.0	98.0	93.0	112.0	148.0
344.636	81.0	85.0	97.0	103.0	108.0	99.0	92.0	107.0	147.0	105.0	87.0	122.0	104.0	146.0	113.0	105.0	99.0	100.0	123.0	160.0
344.745	93.0	94.0	105.0	107.0	116.0	110.0	97.0	110.0	151.0	115.0	97.0	132.0	113.0	146.0	120.0	113.0	99.0	104.0	135.0	171.0
344.855	102.0	107.0	100.0	116.0	120.0	115.0	108.0	113.0	148.0	115.0	101.0	139.0	110.0	146.0	120.0	116.0	105.0	109.0	131.0	169.0
344.964	90.0	96.0	100.0	102.0	118.0	108.0	93.0	109.0	143.0	113.0	88.0	139.0	111.0	161.0	111.0	111.0	99.0	109.0	133.0	176.0
345.074	105.0	109.0	122.0	102.0	153.0	130.0	111.0	139.0	176.0	139.0	105.0	160.0	139.0	234.0	169.0	121.0	96.0	136.0	201.0	231.0
345.183	107.0	105.0	113.0	101.0	137.0	130.0	106.0	130.0	165.0	135.0	98.0	155.0	134.0	210.0	146.0	124.0	98.0	130.0	171.0	204.0
345.293	95.0	98.0	108.0	101.0	127.0	116.0	99.0	119.0	154.0	122.0	99.0	136.0	117.0	171.0	127.0	120.0	98.0	109.0	151.0	190.0
345.403	107.0	111.0	120.0	118.0	134.0	125.0	111.0	125.0	164.0	123.0	104.0	151.0	132.0	171.0	127.0	129.0	112.0	122.0	152.0	199.0
345.512	96.0	104.0	111.0	106.0	152.0	133.0	109.0	132.0	172.0	140.0	103.0	147.0	130.0	221.0	155.0	128.0	90.0	128.0	183.0	219.0
345.622	111.0	112.0	132.0	92.0	169.0	144.0	107.0	143.0	181.0	148.0	108.0	157.0	152.0	258.0	167.0	131.0	96.0	135.0	201.0	237.0
345.731	104.0	108.0	111.0	102.0	137.0	118.0	109.0	121.0	160.0	124.0	96.0	140.0	118.0	199.0	138.0	118.0	93.0	120.0	166.0	202.0
345.841	93.0	98.0	105.0	101.0	119.0	106.0	96.0	116.0	151.0	114.0	87.0	132.0	113.0	169.0	120.0	118.0	92.0	106.0	150.0	184.0
345.951	107.0	108.0	125.0	110.0	139.0	123.0	108.0	122.0	171.0	125.0	110.0	150.0	132.0	174.0	126.0	120.0	109.0	128.0	156.0	192.0
346.06	99.0	95.0	106.0	101.0	115.0	106.0	93.0	117.0	157.0	105.0	95.0	130.0	114.0	153.0	120.0	110.0	97.0	107.0	142.0	172.0
346.17	89.0	94.0	92.0	101.0	105.0	101.0	83.0	96.0	132.0	98.0	90.0	119.0	101.0	128.0	105.0	101.0	97.0	101.0	111.0	151.0
346.28	81.0	91.0	89.0	97.0	102.0	96.0	86.0	93.0	137.0	101.0	91.0	121.0	96.0	110.0	103.0	100.0	95.0	86.0	109.0	146.0
346.389	89.0	82.0	100.0	104.0	98.0	87.0	85.0	93.0	129.0	96.0	92.0	121.0	91.0	109.0	99.0	97.0	93.0	91.0	110.0	140.0
346.499	87.0	91.0	98.0	96.0	98.0	96.0	95.0	95.0	134.0	94.0	93.0	121.0	91.0	112.0	103.0	96.0	100.0	96.0	104.0	140.0
346.608	85.0	82.0	87.0	102.0	93.0	87.0	88.0	91.0	124.0	91.0	83.0	120.0	92.0	104.0	89.0	95.0	97.0	87.0	98.0	132.0
346.718	85.0	86.0	89.0	108.0	91.0	90.0	85.0	101.0	126.0	93.0	82.0	122.0	93.0	109.0	89.0	94.0	90.0	91.0	98.0	137.0
346.828	80.0	72.0	88.0	96.0	87.0	82.0	79.0	92.0	128.0	84.0	83.0	118.0	96.0	105.0	85.0	96.0	98.0	85.0	99.0	132.0
346.938	82.0	84.0	90.0	98.0	80.0	87.0	84.0	91.0	134.0	89.0	90.0	117.0	83.0	105.0	95.0	90.0	94.0	90.0	103.0	131.0
347.047	90.0	100.0	99.0	104.0	115.0	107.0	92.0	102.0	145.0	105.0	89.0	125.0	108.0	141.0	112.0	106.0	94.0	107.0	126.0	159.0
347.157	95.0	105.0	113.0	108.0	146.0	124.0	98.0	128.0	152.0	127.0	97.0	149.0	129.0	188.0	145.0	122.0	92.0	119.0	169.0	199.0
347.267	96.0	95.0	112.0	104.0	129.0	119.0	102.0	114.0	161.0	124.0	93.0	136.0	121.0	183.0	133.0	115.0	95.0	113.0	153.0	193.0
347.376	97.0	101.0	115.0	104.0	126.0	111.0	98.0	115.0	157.0	113.0	93.0	136.0	120.0	172.0	125.0	115.0	97.0	111.0	146.0	191.0
347.486	110.0	114.0	117.0	114.0	134.0	121.0	112.0	124.0	159.0	129.0	109.0	150.0	129.0	177.0	135.0	126.0	116.0	119.0	149.0	179.0
347.596	91.0	99.0	101.0	103.0	114.0	113.0	96.0	112.0	149.0	113.0	90.0	128.0	111.0	150.0	113.0	107.0	95.0	99.0	126.0	171.0
347.705	90.0	82.0	98.0	98.0	108.0	97.0	90.0	103.0	138.0	100.0	91.0	130.0	104.0	129.0	109.0	105.0	97.0	100.0	118.0	159.0
347.815	96.0	89.0	102.0	111.0	110.0	101.0	97.0	104.0	144.0	104.0	92.0	130.0	104.0	144.0	116.0	101.0	93.0	97.0	133.0	163.0
347.925	88.0	94.0	102.0	100.0	102.0	103.0	90.0	99.0	143.0	97.0	95.0	130.0	108.0	134.0	110.0	97.0	97.0	98.0	121.0	161.0
348.035	83.0	93.0	98.0	100.0	104.0	97.0	90.0	94.0	139.0	99.0	82.0	122.0	95.0	125.0	100.0	101.0	88.0	91.0	114.0	159.0
348.144	81.0	86.0	89.0	102.0	98.0	101.0	82.0	95.0	139.0	99.0	83.0	119.0	92.0	123.0	96.0	103.0	92.0	91.0	109.0	149.0
348.254	85.0	89.0	98.0	98.0	98.0	99.0	92.0	105.0	137.0	100.0	86.0	121.0	99.0	127.0	103.0	105.0	93.0	98.0	119.0	149.0
348.364	88.0	85.0	89.0	96.0	97.0	97.0	85.0	89.0	136.0	98.0	90.0	121.0	97.0	131.0	107.0	99.0	92.0	94.0	113.0	151.0
348.474	96.0	100.0	102.0	102.0	129.0	120.0	99.0	116.0	153.0	118.0	93.0	133.0	116.0	174.0	128.0	114.0	91.0	115.0	148.0	182.0
348.584	102.0	104.0	119.0	103.0	144.0	125.0	103.0	122.0	167.0	121.0	105.0	144.0	123.0	201.0	140.0	125.0	103.0	126.0	161.0	201.0
348.693	99.0	102.0	105.0	100.0	124.0	118.0	101.0	116.0	156.0	115.0	100.0	136.0	115.0	180.0	130.0	117.0	95.0	113.0	153.0	194.0
348.803	101.0	99.0	99.0	99.0	116.0	113.0	98.0	112.0	153.0	119.0	98.0	137.0	114.0	170.0	129.0	111.0	103.0	107.0	139.0	181.0
348.913	92.0	98.0	106.0	111.0	124.0	112.0	95.0	108.0	150.0	114.0	91.0	142.0	113.0	159.0	125.0	116.0	95.0	108.0	148.0	186.0
349.023	87.0	88.0	96.0	100.0	116.0	105.0	99.0	108.0	144.0	110.0	90.0	127.0	101.0	142.0	115.0	105.0	98.0	99.0	129.0	165.0
349.133	86.0	85.0	91.0	96.0	107.0	98.0	95.0	100.0	138.0	100.0	91.0	124.0	96.0	134.0	105.0	96.0	92.0	93.0	117.0	155.0
349.242	84.0	88.0	91.0	92.0	95.0	96.0	81.0	89.0	125.0	92.0	86.0	121.0	95.0	112.0	98.0	101.0	91.0	94.0	106.0	145.0
349.352	114.0	119.0	119.0	134.0	124.0	122.0	113.0	126.0	160.0	126.0	108.0	152.0	120.0	138.0	132.0	126.0	117.0	126.0	134.0	173.0
349.462	88.0	91.0	98.0	106.0	103.0	98.0	94.0	101.0	140.0	104.0	92.0	126.0	102.0	124.0	103.0	109.0	100.0	98.0	119.0	158.0
349.572	87.0	83.0	94.0	92.0	94.0	92.0	89.0	98.0	133.0	97.0	88.0	120.0	97.0	119.0	98.0	97.0	94.0	93.0	113.0	153.0
349.682	82.0	90.0	97.0	102.0	104.0	94.0	87.0	102.0	128.0	100.0	86.0	120.0	95.0	130.0	100.0	100.0	93.0	94.0	113.0	147.0
349.792	95.0	98.0	105.0	95.0	123.0	113.0	98.0	116.0	153.0	114.0	99.0	144.0	119.0	178.0	131.0	122.0	94.0	112.0	146.0	191.0
349.901	158.0	161.0	181.0	110.0	288.0	228.0	164.0	251.0	279.0	251.0	142.0	254.0	231.0	441.0	289.0	207.0	98.0	239.0	359.0	398.0
350.011	157.0	154.0	176.0	104.0	256.0	201.0	156.0	227.0	255.0	231.0	130.0	233.0	218.0	408.0	261.0	185.0	100.0	221.0	328.0	368.0
350.121	129.0	138.0	141.0	101.0	205.0	171.0	132.0	182.0	214.0	183.0	110.0	196.0	178.0	320.0	204.0	162.0	104.0	174.0	255.0	302.0
350.231	118.0	125.0	126.0	96.0	175.0	152.0	122.0	167.0	195.0	160.0	107.0	184.0	159.0	269.0	175.0	147.0	90.0	150.0	213.0	264.0
350.341	113.0	114.0	125.0	107.0	166.0	139.0	110.0	157.0	190.0	148.0	105.0	168.0	158.0	244.0	160.0	145.0	99.0	147.0	204.0	253.0
350.451	147.0	142.0	157.0	110.0	242.0	192.0	142.0	205.0	248.0	203.0	136.0	226.0	206.0	385.0	250.0	177.0	104.0	206.0	302.0	353.0
350.561	148.0	153.0	168.0	114.0	258.0	213.0	154.0	217.0	249.0	222.0	146.0	230.0	216.0	411.0	265.0	197.0	110.0	210.0	322.0	363.0
350.671	119.0	116.0	131.0	94.0	179.0	157.0	119.0	164.0	199.0	158.0	116.0	179.0	155.0	281.0	192.0	154.0	96.0	152.0	227.0	275.0
350.78	106.0	114.0	128.0	104.0	164.0	151.0	112.0	154.0	187.0	150.0	108.0	175.0	148.0	245.0	166.0	146.0	102.0	143.0	205.0	252.0
350.89	100.0	106.0	119.0	105.0	134.0	123.0	106.0	132.0	168.0	121.0	96.0	149.0	129.0	195.0	142.0	124.0	99.0	123.0	167.0	211.0
351.0	94.0	101.0	111.0	96.0	124.0	116.0	103.0	116.0	159.0	116.0	101.0	144.0	113.0	165.0	127.0	110.0	101.0	111.0	154.0	183.0
351.11	95.0	96.0	107.0	99.0	124.0	118.0	100.0	111.0	155.0	114.0	88.0	140.0	113.0	162.0	117.0	104.0	102.0	114.0	135.0	185.0
351.22	101.0	100.0	109.0	118.0	116.0	114.0	103.0	114.0	154.0	111.0	101.0	140.0	115.0	138.0	114.0	116.0	108.0	115.0	128.0	174.0
351.33	93.0	85.0	94.0	105.0	100.0	109.0	90.0	104.0	144.0	100.0	88.0	130.0	104.0	140.0	107.0	98.0	96.0	98.0	131.0	167.0
351.44	103.0	103.0	117.0	97.0	138.0	132.0	104.0	127.0	168.0	129.0	103.0	146.0	132.0	212.0	149.0	123.0	101.0	129.0	174.0	211.0
351.55	104.0	101.0	110.0	107.0	140.0	121.0	108.0	123.0	160.0	129.0	97.0	146.0	127.0	198.0	133.0	123.0	98.0	126.0	165.0	203.0
351.66	86.0	93.0	105.0	103.0	118.0	111.0	92.0	115.0	149.0	108.0	88.0	136.0	104.0	154.0	116.0	108.0	90.0	102.0	132.0	172.0
351.77	102.0	105.0	116.0	110.0	124.0	125.0	109.0	122.0	164.0	121.0	109.0	138.0	119.0	158.0	129.0	121.0	112.0	117.0	149.0	184.0
351.88	91.0	86.0	103.0	97.0	109.0	105.0	98.0	108.0	142.0	106.0	90.0	125.0	103.0	138.0	110.0	103.0	94.0	104.0	127.0	169.0
351.99	93.0	87.0	90.0	97.0	109.0	107.0	90.0	102.0	136.0	99.0	84.0	133.0	104.0	136.0	108.0	108.0	95.0	96.0	123.0	155.0
352.1	87.0	92.0	88.0	98.0	95.0	91.0	84.0	102.0	135.0	92.0	82.0	119.0	92.0	119.0	95.0	106.0	90.0	95.0	101.0	138.0
352.21	101.0	107.0	110.0	124.0	116.0	111.0	103.0	116.0	156.0	111.0	107.0	142.0	121.0	130.0	119.0	121.0	117.0	114.0	127.0	167.0
352.32	104.0	99.0	108.0	124.0	108.0	114.0	103.0	112.0	150.0	111.0	107.0	133.0	114.0	121.0	112.0	117.0	113.0	102.0	117.0	153.0
352.43	84.0	85.0	89.0	97.0	89.0	96.0	79.0	93.0	130.0	97.0	90.0	117.0	93.0	97.0	88.0	95.0	98.0	86.0	97.0	130.0
352.54	84.0	90.0	89.0	100.0	93.0	88.0	82.0	92.0	135.0	91.0	89.0	118.0	85.0	98.0	90.0	103.0	92.0	86.0	93.0	130.0
352.65	98.0	89.0	101.0	111.0	98.0	103.0	92.0	100.0	141.0	96.0	98.0	125.0	102.0	111.0	100.0	108.0	98.0	97.0	106.0	147.0
352.76	92.0	89.0	98.0	96.0	97.0	98.0	91.0	102.0	140.0	95.0	85.0	126.0	95.0	114.0	98.0	103.0	98.0	94.0	111.0	143.0
352.87	96.0	93.0	100.0	90.0	111.0	119.0	95.0	104.0	141.0	99.0	90.0	132.0	109.0	152.0	120.0	110.0	88.0	101.0	132.0	170.0
352.98	107.0	115.0	129.0	95.0	157.0	141.0	116.0	142.0	185.0	152.0	99.0	165.0	151.0	246.0	169.0	142.0	103.0	142.0	201.0	249.0
353.09	129.0	124.0	135.0	121.0	160.0	151.0	124.0	151.0	188.0	148.0	127.0	174.0	151.0	233.0	173.0	151.0	117.0	152.0	203.0	237.0
353.2	97.0	95.0	108.0	99.0	130.0	121.0	96.0	120.0	165.0	123.0	100.0	142.0	115.0	182.0	134.0	111.0	103.0	115.0	146.0	193.0
353.31	89.0	103.0	103.0	103.0	117.0	112.0	94.0	113.0	155.0	117.0	90.0	145.0	111.0	172.0	124.0	110.0	91.0	109.0	149.0	182.0
353.42	88.0	91.0	102.0	98.0	118.0	105.0	93.0	106.0	145.0	112.0	94.0	126.0	110.0	150.0	116.0	113.0	94.0	109.0	133.0	171.0
353.53	80.0	90.0	92.0	94.0	104.0	96.0	90.0	97.0	140.0	99.0	89.0	122.0	96.0	120.0	102.0	100.0	88.0	95.0	118.0	159.0
353.64	88.0	83.0	92.0	93.0	97.0	95.0	85.0	98.0	136.0	93.0	85.0	121.0	88.0	108.0	97.0	100.0	98.0	86.0	103.0	142.0
353.75	88.0	77.0	87.0	100.0	88.0	87.0	78.0	91.0	124.0	85.0	87.0	117.0	85.0	98.0	91.0	92.0	94.0	89.0	94.0	133.0
353.86	80.0	83.0	80.0	102.0	89.0	88.0	85.0	85.0	123.0	88.0	77.0	119.0	84.0	99.0	88.0	97.0	91.0	85.0	98.0	134.0
353.97	83.0	83.0	86.0	100.0	94.0	85.0	79.0	98.0	130.0	90.0	82.0	119.0	87.0	93.0	88.0	92.0	89.0	82.0	91.0	131.0
354.081	83.0	81.0	94.0	96.0	88.0	95.0	86.0	94.0	128.0	90.0	88.0	110.0	86.0	98.0	92.0	86.0	100.0	83.0	99.0	126.0
354.191	80.0	82.0	90.0	98.0	96.0	95.0	85.0	90.0	125.0	93.0	91.0	116.0	90.0	108.0	93.0	96.0	98.0	86.0	97.0	128.0
354.301	76.0	81.0	91.0	94.0	94.0	93.0	83.0	90.0	127.0	88.0	83.0	118.0	84.0	96.0	85.0	91.0	92.0	78.0	87.0	124.0
354.411	76.0	81.0	85.0	97.0	90.0	88.0	80.0	84.0	125.0	88.0	81.0	112.0	84.0	95.0	81.0	94.0	87.0	84.0	90.0	128.0
354.521	76.0	86.0	88.0	100.0	92.0	88.0	81.0	90.0	126.0	89.0	87.0	106.0	83.0	92.0	83.0	89.0	94.0	82.0	94.0	128.0
354.631	85.0	87.0	93.0	100.0	93.0	95.0	84.0	83.0	127.0	90.0	90.0	119.0	90.0	100.0	86.0	100.0	103.0	85.0	107.0	134.0
354.741	86.0	83.0	88.0	103.0	93.0	92.0	85.0	88.0	131.0	93.0	78.0	112.0	84.0	97.0	91.0	94.0	92.0	93.0	94.0	130.0
354.851	77.0	78.0	92.0	98.0	92.0	85.0	80.0	87.0	120.0	88.0	78.0	109.0	81.0	93.0	86.0	99.0	91.0	84.0	93.0	135.0
354.961	82.0	81.0	86.0	101.0	91.0	88.0	81.0	92.0	129.0	90.0	83.0	114.0	84.0	90.0	89.0	92.0	88.0	85.0	98.0	130.0
355.072	88.0	92.0	95.0	103.0	90.0	97.0	92.0	94.0	136.0	96.0	81.0	126.0	92.0	105.0	93.0	97.0	96.0	91.0	97.0	135.0
355.182	81.0	92.0	95.0	96.0	95.0	90.0	93.0	88.0	133.0	88.0	82.0	117.0	87.0	98.0	89.0	96.0	91.0	85.0	98.0	133.0
355.292	89.0	90.0	99.0	109.0	99.0	97.0	90.0	96.0	131.0	97.0	87.0	119.0	91.0	100.0	91.0	104.0	100.0	88.0	98.0	137.0
355.402	77.0	77.0	90.0	97.0	83.0	87.0	81.0	90.0	121.0	91.0	82.0	113.0	80.0	97.0	90.0	95.0	96.0	85.0	102.0	132.0
355.512	82.0	85.0	96.0	96.0	97.0	96.0	83.0	94.0	130.0	94.0	91.0	116.0	96.0	110.0	90.0	100.0	98.0	88.0	105.0	139.0
355.622	87.0	90.0	90.0	103.0	94.0	95.0	85.0	95.0	133.0	92.0	82.0	119.0	97.0	108.0	91.0	101.0	94.0	93.0	100.0	139.0
355.733	78.0	81.0	86.0	99.0	95.0	86.0	85.0	93.0	132.0	84.0	86.0	114.0	89.0	102.0	88.0	103.0	93.0	88.0	101.0	132.0
355.843	82.0	84.0	88.0	96.0	90.0	89.0	85.0	93.0	132.0	87.0	92.0	118.0	88.0	99.0	95.0	88.0	91.0	85.0	97.0	129.0
355.953	85.0	89.0	93.0	98.0	95.0	95.0	86.0	94.0	132.0	94.0	90.0	114.0	91.0	109.0	98.0	100.0	96.0	91.0	106.0	139.0
356.063	82.0	94.0	96.0	95.0	101.0	96.0	83.0	89.0	137.0	91.0	86.0	120.0	94.0	117.0	96.0	98.0	91.0	86.0	114.0	143.0
356.173	76.0	86.0	93.0	98.0	97.0	97.0	84.0	97.0	141.0	91.0	89.0	123.0	89.0	103.0	93.0	97.0	89.0	89.0	103.0	143.0
356.284	88.0	84.0	91.0	97.0	88.0	93.0	82.0	92.0	130.0	92.0	81.0	111.0	89.0	105.0	96.0	98.0	94.0	85.0	104.0	134.0
356.394	83.0	82.0	92.0	92.0	93.0	92.0	87.0	92.0	132.0	94.0	85.0	118.0	90.0	105.0	96.0	96.0	92.0	90.0	103.0	136.0
356.504	89.0	89.0	96.0	100.0	105.0	99.0	82.0	96.0	133.0	101.0	85.0	124.0	101.0	110.0	97.0	100.0	99.0	93.0	104.0	140.0
356.614	82.0	84.0	93.0	100.0	89.0	92.0	82.0	89.0	127.0	90.0	80.0	116.0	94.0	98.0	89.0	96.0	95.0	84.0	102.0	134.0
356.724	88.0	81.0	92.0	94.0	86.0	90.0	77.0	93.0	135.0	92.0	90.0	113.0	90.0	111.0	97.0	92.0	92.0	92.0	101.0	144.0
356.835	92.0	95.0	103.0	102.0	107.0	102.0	98.0	110.0	139.0	104.0	95.0	120.0	100.0	127.0	108.0	108.0	101.0	103.0	119.0	148.0
356.945	89.0	90.0	99.0	101.0	100.0	99.0	92.0	91.0	138.0	103.0	88.0	116.0	96.0	115.0	97.0	99.0	91.0	90.0	109.0	145.0
357.055	86.0	86.0	88.0	96.0	103.0	99.0	89.0	92.0	132.0	93.0	86.0	121.0	90.0	108.0	97.0	97.0	90.0	81.0	104.0	135.0
357.165	86.0	85.0	91.0	98.0	92.0	91.0	81.0	91.0	133.0	89.0	85.0	111.0	92.0	109.0	92.0	93.0	87.0	90.0	103.0	138.0
357.276	84.0	81.0	93.0	96.0	94.0	94.0	82.0	89.0	125.0	97.0	79.0	111.0	89.0	102.0	95.0	98.0	92.0	86.0	106.0	133.0
357.386	80.0	82.0	90.0	92.0	95.0	94.0	77.0	90.0	129.0	89.0	80.0	117.0	86.0	96.0	82.0	93.0	91.0	86.0	95.0	130.0
357.496	84.0	86.0	93.0	101.0	95.0	90.0	87.0	100.0	129.0	95.0	81.0	116.0	90.0	97.0	88.0	98.0	92.0	85.0	90.0	137.0
357.606	88.0	86.0	93.0	99.0	96.0	99.0	85.0	97.0	132.0	92.0	85.0	118.0	85.0	98.0	90.0	99.0	95.0	93.0	100.0	133.0
357.717	83.0	84.0	93.0	98.0	91.0	94.0	82.0	94.0	128.0	90.0	86.0	112.0	88.0	94.0	86.0	88.0	92.0	83.0	91.0	127.0
357.827	82.0	84.0	89.0	99.0	93.0	95.0	83.0	96.0	125.0	94.0	81.0	115.0	86.0	95.0	88.0	95.0	93.0	85.0	98.0	128.0
357.937	85.0	86.0	90.0	97.0	98.0	86.0	84.0	93.0	133.0	94.0	82.0	116.0	89.0	96.0	85.0	100.0	92.0	83.0	88.0	130.0
358.048	85.0	84.0	96.0	104.0	97.0	96.0	85.0	96.0	135.0	95.0	86.0	112.0	87.0	98.0	92.0	96.0	97.0	83.0	99.0	134.0
358.158	83.0	84.0	99.0	97.0	93.0	100.0	83.0	95.0	131.0	102.0	90.0	123.0	95.0	106.0	105.0	98.0	87.0	90.0	108.0	143.0
358.268	84.0	85.0	92.0	96.0	96.0	93.0	82.0	91.0	129.0	85.0	78.0	114.0	88.0	105.0	92.0	92.0	90.0	91.0	99.0	131.0
358.379	84.0	87.0	92.0	91.0	100.0	89.0	81.0	84.0	128.0	90.0	85.0	117.0	91.0	106.0	89.0	95.0	92.0	86.0	96.0	135.0
358.489	77.0	76.0	92.0	100.0	91.0	86.0	87.0	90.0	134.0	88.0	83.0	117.0	92.0	97.0	93.0	94.0	90.0	85.0	102.0	128.0
358.599	83.0	85.0	96.0	101.0	95.0	94.0	81.0	96.0	133.0	92.0	90.0	117.0	91.0	106.0	93.0	88.0	91.0	90.0	104.0	132.0
358.71	83.0	86.0	91.0	100.0	88.0	91.0	83.0	91.0	132.0	93.0	80.0	121.0	93.0	102.0	87.0	93.0	91.0	85.0	103.0	134.0
358.82	80.0	82.0	90.0	100.0	97.0	91.0	85.0	96.0	131.0	94.0	86.0	118.0	91.0	106.0	92.0	100.0	96.0	84.0	98.0	137.0
358.93	79.0	83.0	93.0	102.0	93.0	92.0	84.0	95.0	135.0	96.0	87.0	118.0	93.0	110.0	95.0	99.0	88.0	87.0	103.0	144.0
359.041	97.0	95.0	105.0	94.0	116.0	102.0	87.0	99.0	138.0	111.0	94.0	123.0	110.0	140.0	112.0	105.0	95.0	107.0	130.0	166.0
359.151	89.0	87.0	93.0	94.0	104.0	101.0	93.0	99.0	132.0	106.0	90.0	124.0	98.0	137.0	104.0	103.0	91.0	100.0	115.0	160.0
359.261	91.0	92.0	99.0	102.0	111.0	105.0	95.0	104.0	140.0	106.0	83.0	126.0	108.0	133.0	107.0	106.0	94.0	96.0	118.0	154.0
359.372	86.0	83.0	94.0	104.0	93.0	91.0	87.0	102.0	135.0	90.0	81.0	121.0	95.0	118.0	96.0	99.0	98.0	94.0	115.0	149.0
359.482	80.0	84.0	93.0	95.0	93.0	96.0	83.0	94.0	131.0	93.0	85.0	123.0	91.0	113.0	96.0	94.0	96.0	86.0	101.0	138.0
359.592	85.0	88.0	95.0	102.0	97.0	100.0	80.0	98.0	131.0	93.0	84.0	123.0	92.0	106.0	99.0	100.0	98.0	93.0	103.0	140.0
359.703	82.0	87.0	88.0	98.0	89.0	92.0	85.0	90.0	123.0	95.0	84.0	120.0	90.0	99.0	91.0	99.0	87.0	82.0	101.0	133.0
359.813	85.0	80.0	85.0	97.0	90.0	89.0	81.0	87.0	128.0	85.0	79.0	107.0	94.0	89.0	94.0	93.0	93.0	84.0	101.0	131.0
359.924	80.0	84.0	94.0	90.0	88.0	86.0	88.0	91.0	119.0	85.0	85.0	113.0	88.0	96.0	91.0	90.0	98.0	88.0	101.0	127.0
360.034	88.0	84.0	86.0	95.0	92.0	93.0	81.0	83.0	125.0	87.0	83.0	111.0	82.0	96.0	90.0	94.0	93.0	83.0	90.0	126.0
360.144	85.0	84.0	84.0	89.0	93.0	91.0	83.0	90.0	126.0	93.0	80.0	118.0	83.0	96.0	88.0	93.0	92.0	87.0	93.0	134.0
360.255	89.0	83.0	88.0	100.0	87.0	87.0	83.0	93.0	128.0	84.0	87.0	118.0	93.0	97.0	94.0	96.0	96.0	83.0	104.0	129.0
360.365	79.0	79.0	90.0	93.0	89.0	88.0	81.0	88.0	131.0	89.0	90.0	117.0	88.0	98.0	92.0	98.0	91.0	87.0	99.0	127.0
360.476	89.0	88.0	96.0	100.0	96.0	98.0	90.0	90.0	132.0	95.0	90.0	118.0	101.0	113.0	87.0	97.0	91.0	93.0	113.0	135.0
360.586	89.0	80.0	93.0	95.0	103.0	97.0	78.0	94.0	139.0	96.0	82.0	120.0	93.0	105.0	94.0	95.0	93.0	88.0	105.0	142.0
360.697	82.0	81.0	95.0	95.0	99.0	93.0	80.0	89.0	133.0	89.0	85.0	109.0	88.0	104.0	87.0	100.0	87.0	81.0	101.0	140.0
360.807	85.0	79.0	89.0	92.0	97.0	86.0	80.0	92.0	126.0	89.0	85.0	114.0	88.0	95.0	87.0	91.0	93.0	85.0	95.0	129.0
360.917	94.0	88.0	93.0	89.0	98.0	90.0	85.0	88.0	132.0	98.0	89.0	118.0	88.0	101.0	96.0	95.0	95.0	84.0	97.0	133.0
361.028	86.0	85.0	90.0	98.0	96.0	92.0	82.0	84.0	130.0	90.0	81.0	112.0	85.0	101.0	87.0	94.0	91.0	84.0	90.0	129.0
361.138	81.0	73.0	88.0	93.0	88.0	88.0	82.0	87.0	126.0	83.0	82.0	115.0	82.0	97.0	93.0	89.0	86.0	84.0	101.0	130.0
361.249	78.0	83.0	89.0	91.0	82.0	85.0	82.0	91.0	125.0	86.0	88.0	113.0	88.0	94.0	84.0	83.0	95.0	84.0	98.0	126.0
361.359	94.0	88.0	93.0	99.0	96.0	101.0	93.0	105.0	142.0	95.0	95.0	121.0	101.0	102.0	95.0	103.0	102.0	96.0	102.0	135.0
361.47	83.0	83.0	92.0	94.0	97.0	86.0	86.0	87.0	125.0	88.0	83.0	118.0	86.0	91.0	87.0	91.0	92.0	86.0	100.0	137.0
361.58	80.0	85.0	91.0	98.0	91.0	89.0	87.0	93.0	129.0	89.0	81.0	115.0	92.0	93.0	88.0	100.0	87.0	84.0	98.0	134.0
361.691	83.0	81.0	91.0	96.0	90.0	84.0	87.0	96.0	123.0	87.0	89.0	115.0	82.0	96.0	88.0	95.0	93.0	82.0	95.0	128.0
361.801	90.0	91.0	90.0	88.0	93.0	92.0	82.0	90.0	126.0	89.0	88.0	117.0	98.0	111.0	95.0	98.0	96.0	92.0	103.0	136.0
361.912	104.0	103.0	102.0	96.0	125.0	117.0	95.0	111.0	154.0	115.0	88.0	140.0	115.0	162.0	110.0	103.0	92.0	107.0	142.0	171.0
362.022	89.0	93.0	101.0	97.0	115.0	107.0	88.0	112.0	147.0	110.0	85.0	124.0	107.0	151.0	111.0	106.0	91.0	104.0	136.0	172.0
362.133	104.0	97.0	114.0	110.0	114.0	117.0	98.0	117.0	147.0	113.0	98.0	139.0	107.0	143.0	117.0	109.0	102.0	107.0	129.0	170.0
362.243	86.0	92.0	96.0	94.0	105.0	102.0	90.0	102.0	138.0	103.0	95.0	121.0	97.0	127.0	103.0	101.0	98.0	92.0	113.0	148.0
362.354	88.0	86.0	95.0	95.0	96.0	91.0	84.0	90.0	130.0	97.0	86.0	123.0	87.0	109.0	97.0	96.0	92.0	98.0	111.0	136.0
362.464	84.0	87.0	92.0	96.0	95.0	97.0	88.0	86.0	128.0	89.0	88.0	113.0	82.0	101.0	91.0	99.0	89.0	88.0	100.0	135.0
362.575	79.0	80.0	94.0	96.0	91.0	92.0	83.0	86.0	128.0	94.0	84.0	114.0	90.0	103.0	92.0	92.0	90.0	84.0	98.0	131.0
362.685	88.0	85.0	93.0	99.0	96.0	98.0	85.0	94.0	129.0	91.0	89.0	115.0	90.0	97.0	88.0	96.0	90.0	89.0	102.0	129.0
362.796	82.0	88.0	88.0	95.0	96.0	86.0	86.0	95.0	134.0	94.0	79.0	120.0	92.0	104.0	86.0	95.0	94.0	88.0	101.0	132.0
362.906	95.0	84.0	97.0	103.0	112.0	100.0	87.0	104.0	145.0	101.0	88.0	125.0	105.0	115.0	102.0	106.0	97.0	100.0	115.0	156.0
363.017	108.0	97.0	115.0	108.0	134.0	113.0	103.0	127.0	160.0	127.0	107.0	135.0	123.0	152.0	118.0	117.0	105.0	110.0	152.0	191.0
363.128	95.0	92.0	106.0	93.0	116.0	108.0	90.0	109.0	146.0	108.0	95.0	130.0	115.0	126.0	108.0	102.0	106.0	95.0	134.0	156.0
363.238	91.0	88.0	108.0	99.0	113.0	106.0	91.0	102.0	149.0	111.0	90.0	122.0	112.0	121.0	101.0	104.0	98.0	100.0	120.0	155.0
363.349	91.0	89.0	102.0	97.0	107.0	101.0	90.0	101.0	142.0	97.0	90.0	123.0	95.0	113.0	98.0	99.0	93.0	90.0	112.0	150.0
363.459	88.0	87.0	97.0	102.0	117.0	95.0	88.0	110.0	144.0	106.0	95.0	123.0	106.0	138.0	108.0	102.0	101.0	98.0	126.0	168.0
363.57	108.0	106.0	115.0	102.0	154.0	133.0	110.0	126.0	170.0	137.0	111.0	153.0	138.0	203.0	148.0	123.0	105.0	126.0	173.0	216.0
363.68	116.0	115.0	120.0	104.0	170.0	143.0	113.0	147.0	193.0	161.0	105.0	151.0	150.0	217.0	152.0	140.0	107.0	139.0	190.0	243.0
363.791	130.0	125.0	137.0	125.0	183.0	143.0	137.0	156.0	196.0	164.0	119.0	166.0	156.0	213.0	154.0	152.0	126.0	146.0	194.0	242.0
363.902	105.0	93.0	113.0	108.0	130.0	108.0	96.0	125.0	163.0	120.0	110.0	130.0	118.0	160.0	117.0	115.0	102.0	109.0	152.0	184.0
364.012	89.0	89.0	111.0	98.0	118.0	102.0	91.0	106.0	152.0	116.0	98.0	129.0	113.0	141.0	115.0	105.0	99.0	101.0	133.0	172.0
364.123	89.0	90.0	104.0	100.0	110.0	97.0	84.0	101.0	150.0	104.0	91.0	125.0	106.0	123.0	104.0	99.0	94.0	90.0	117.0	165.0
364.233	85.0	82.0	93.0	97.0	98.0	96.0	86.0	96.0	136.0	95.0	88.0	116.0	91.0	109.0	90.0	104.0	84.0	88.0	110.0	147.0
364.344	83.0	81.0	91.0	103.0	98.0	93.0	86.0	103.0	130.0	93.0	88.0	118.0	95.0	101.0	101.0	98.0	89.0	85.0	105.0	142.0
364.455	85.0	82.0	90.0	98.0	90.0	91.0	84.0	97.0	129.0	88.0	88.0	119.0	92.0	100.0	90.0	93.0	94.0	87.0	102.0	136.0
364.565	88.0	82.0	97.0	97.0	93.0	94.0	87.0	86.0	137.0	101.0	85.0	124.0	92.0	102.0	92.0	96.0	92.0	92.0	100.0	137.0
364.676	88.0	87.0	94.0	94.0	98.0	94.0	91.0	95.0	135.0	93.0	85.0	122.0	98.0	114.0	96.0	103.0	92.0	97.0	110.0	146.0
364.787	107.0	100.0	124.0	106.0	146.0	111.0	99.0	132.0	178.0	134.0	111.0	136.0	137.0	161.0	121.0	133.0	109.0	123.0	159.0	203.0
364.897	102.0	101.0	116.0	103.0	139.0	107.0	97.0	130.0	173.0	139.0	109.0	139.0	136.0	165.0	124.0	125.0	107.0	114.0	158.0	200.0
365.008	100.0	98.0	103.0	103.0	126.0	108.0	91.0	118.0	155.0	117.0	98.0	132.0	117.0	147.0	112.0	114.0	101.0	103.0	133.0	182.0
365.119	95.0	95.0	103.0	106.0	119.0	102.0	92.0	108.0	147.0	111.0	95.0	124.0	108.0	140.0	104.0	107.0	94.0	100.0	130.0	173.0
365.229	101.0	102.0	112.0	111.0	126.0	109.0	104.0	121.0	153.0	119.0	103.0	134.0	116.0	139.0	112.0	121.0	103.0	106.0	126.0	178.0
365.34	96.0	97.0	113.0	99.0	125.0	106.0	100.0	108.0	149.0	115.0	104.0	138.0	124.0	159.0	117.0	114.0	101.0	105.0	142.0	182.0
365.45	108.0	105.0	121.0	98.0	147.0	130.0	97.0	124.0	171.0	134.0	99.0	146.0	139.0	199.0	134.0	124.0	98.0	136.0	166.0	205.0
365.561	105.0	104.0	103.0	94.0	147.0	125.0	96.0	120.0	165.0	124.0	97.0	140.0	123.0	192.0	135.0	121.0	94.0	122.0	154.0	204.0
365.672	104.0	109.0	115.0	101.0	147.0	132.0	105.0	129.0	169.0	128.0	108.0	143.0	132.0	208.0	157.0	121.0	98.0	124.0	175.0	203.0
365.783	95.0	100.0	110.0	95.0	119.0	109.0	89.0	111.0	153.0	119.0	97.0	138.0	112.0	177.0	128.0	109.0	94.0	110.0	150.0	183.0
365.893	85.0	97.0	106.0	97.0	113.0	107.0	88.0	102.0	146.0	108.0	90.0	133.0	104.0	148.0	110.0	104.0	90.0	100.0	129.0	161.0
366.004	82.0	87.0	91.0	102.0	100.0	100.0	91.0	104.0	140.0	99.0	86.0	123.0	92.0	121.0	103.0	104.0	92.0	96.0	115.0	155.0
366.115	80.0	80.0	91.0	92.0	92.0	86.0	79.0	92.0	132.0	90.0	87.0	111.0	91.0	105.0	90.0	95.0	91.0	84.0	100.0	138.0
366.225	73.0	83.0	95.0	97.0	97.0	87.0	80.0	90.0	124.0	87.0	87.0	116.0	84.0	100.0	94.0	95.0	93.0	90.0	100.0	131.0
366.336	84.0	86.0	95.0	92.0	98.0	97.0	93.0	92.0	135.0	100.0	90.0	122.0	97.0	115.0	96.0	98.0	93.0	91.0	103.0	144.0
366.447	83.0	86.0	93.0	99.0	99.0	89.0	89.0	90.0	131.0	92.0	84.0	111.0	94.0	104.0	86.0	95.0	90.0	88.0	101.0	147.0
366.557	91.0	86.0	99.0	106.0	104.0	97.0	91.0	95.0	144.0	105.0	93.0	125.0	108.0	115.0	99.0	108.0	97.0	95.0	117.0	151.0
366.668	85.0	88.0	96.0	103.0	98.0	92.0	82.0	97.0	140.0	104.0	89.0	126.0	96.0	110.0	93.0	96.0	95.0	92.0	108.0	138.0
366.779	84.0	89.0	97.0	98.0	103.0	93.0	80.0	94.0	133.0	97.0	88.0	122.0	98.0	113.0	94.0	103.0	99.0	94.0	103.0	143.0
366.89	84.0	86.0	96.0	96.0	99.0	96.0	84.0	92.0	137.0	94.0	81.0	116.0	86.0	104.0	94.0	100.0	91.0	87.0	103.0	143.0
367.0	84.0	80.0	86.0	100.0	100.0	96.0	82.0	91.0	133.0	85.0	82.0	115.0	87.0	91.0	88.0	104.0	93.0	81.0	101.0	129.0
367.111	78.0	81.0	93.0	104.0	91.0	95.0	86.0	96.0	128.0	84.0	85.0	111.0	88.0	100.0	89.0	91.0	99.0	85.0	99.0	136.0
367.222	80.0	87.0	88.0	102.0	90.0	88.0	86.0	92.0	128.0	92.0	84.0	120.0	90.0	108.0	97.0	90.0	101.0	92.0	104.0	138.0
367.333	96.0	97.0	97.0	107.0	107.0	102.0	96.0	102.0	150.0	100.0	94.0	125.0	101.0	122.0	102.0	108.0	106.0	101.0	112.0	148.0
367.443	89.0	84.0	91.0	103.0	100.0	92.0	85.0	100.0	134.0	93.0	83.0	118.0	88.0	116.0	92.0	101.0	92.0	91.0	106.0	146.0
367.554	88.0	83.0	97.0	100.0	96.0	90.0	83.0	105.0	135.0	94.0	85.0	121.0	101.0	123.0	99.0	100.0	90.0	97.0	110.0	152.0
367.665	90.0	87.0	99.0	100.0	104.0	100.0	90.0	103.0	138.0	97.0	90.0	125.0	96.0	134.0	105.0	105.0	92.0	98.0	108.0	151.0
367.776	98.0	103.0	104.0	95.0	140.0	125.0	106.0	129.0	176.0	123.0	100.0	144.0	126.0	202.0	133.0	126.0	94.0	117.0	158.0	224.0
367.887	205.0	214.0	237.0	112.0	413.0	302.0	228.0	356.0	380.0	336.0	208.0	320.0	314.0	528.0	367.0	283.0	112.0	316.0	446.0	494.0
367.997	231.0	251.0	272.0	118.0	470.0	348.0	266.0	412.0	420.0	385.0	224.0	367.0	360.0	626.0	420.0	320.0	112.0	358.0	512.0	569.0
368.108	191.0	197.0	217.0	117.0	353.0	260.0	210.0	312.0	336.0	296.0	174.0	297.0	287.0	465.0	312.0	241.0	113.0	276.0	381.0	442.0
368.219	158.0	166.0	179.0	106.0	277.0	213.0	163.0	246.0	273.0	228.0	147.0	234.0	225.0	367.0	246.0	201.0	103.0	214.0	295.0	353.0
368.33	109.0	119.0	126.0	103.0	158.0	146.0	114.0	158.0	185.0	141.0	116.0	166.0	144.0	223.0	158.0	146.0	94.0	141.0	181.0	237.0
368.441	94.0	99.0	108.0	105.0	122.0	114.0	94.0	122.0	157.0	120.0	106.0	140.0	113.0	158.0	124.0	117.0	102.0	106.0	141.0	183.0
368.551	90.0	88.0	104.0	100.0	112.0	104.0	91.0	102.0	140.0	111.0	93.0	129.0	106.0	142.0	110.0	106.0	101.0	95.0	120.0	157.0
368.662	89.0	87.0	100.0	96.0	99.0	99.0	91.0	96.0	142.0	96.0	86.0	123.0	94.0	117.0	102.0	100.0	91.0	102.0	114.0	153.0
368.773	83.0	90.0	95.0	99.0	97.0	97.0	93.0	91.0	130.0	89.0	87.0	114.0	96.0	107.0	99.0	100.0	89.0	90.0	111.0	148.0
368.884	89.0	92.0	98.0	102.0	106.0	99.0	88.0	102.0	140.0	98.0	90.0	124.0	101.0	109.0	103.0	104.0	96.0	93.0	116.0	149.0
368.995	80.0	86.0	94.0	99.0	101.0	101.0	83.0	97.0	132.0	100.0	93.0	124.0	97.0	112.0	101.0	101.0	101.0	90.0	105.0	143.0
369.105	85.0	86.0	94.0	100.0	103.0	95.0	86.0	100.0	136.0	89.0	87.0	120.0	98.0	108.0	92.0	95.0	96.0	92.0	103.0	139.0
369.216	83.0	85.0	88.0	98.0	99.0	93.0	84.0	92.0	132.0	87.0	82.0	116.0	87.0	108.0	92.0	98.0	93.0	88.0	99.0	147.0
369.327	96.0	91.0	104.0	115.0	107.0	103.0	95.0	108.0	143.0	110.0	99.0	128.0	103.0	125.0	102.0	107.0	106.0	101.0	116.0	146.0
369.438	86.0	88.0	100.0	104.0	104.0	96.0	81.0	88.0	128.0	97.0	90.0	117.0	94.0	109.0	92.0	88.0	100.0	90.0	107.0	138.0
369.549	91.0	94.0	98.0	101.0	103.0	99.0	92.0	93.0	128.0	103.0	89.0	118.0	91.0	109.0	97.0	96.0	104.0	99.0	101.0	141.0
369.66	87.0	85.0	93.0	100.0	101.0	94.0	86.0	95.0	136.0	97.0	88.0	116.0	91.0	104.0	93.0	101.0	95.0	92.0	104.0	141.0
369.771	85.0	81.0	97.0	101.0	100.0	91.0	86.0	94.0	127.0	100.0	83.0	115.0	87.0	113.0	93.0	92.0	94.0	85.0	112.0	146.0
369.881	79.0	87.0	94.0	94.0	100.0	89.0	91.0	95.0	136.0	101.0	90.0	125.0	95.0	117.0	100.0	96.0	98.0	95.0	112.0	148.0
369.992	93.0	97.0	101.0	93.0	120.0	106.0	89.0	106.0	152.0	113.0	94.0	129.0	112.0	157.0	115.0	113.0	95.0	106.0	139.0	174.0
370.103	100.0	100.0	105.0	109.0	130.0	116.0	100.0	116.0	154.0	113.0	102.0	144.0	124.0	169.0	120.0	115.0	99.0	111.0	153.0	195.0
370.214	94.0	85.0	101.0	103.0	110.0	103.0	89.0	101.0	146.0	110.0	97.0	126.0	103.0	146.0	112.0	116.0	92.0	102.0	133.0	164.0
370.325	89.0	96.0	98.0	101.0	112.0	101.0	79.0	110.0	143.0	105.0	89.0	126.0	107.0	140.0	110.0	107.0	93.0	97.0	126.0	160.0
370.436	96.0	93.0	100.0	102.0	112.0	99.0	87.0	104.0	143.0	106.0	94.0	122.0	106.0	137.0	106.0	108.0	103.0	102.0	121.0	164.0
370.547	92.0	87.0	98.0	102.0	102.0	104.0	89.0	102.0	136.0	97.0	94.0	119.0	99.0	111.0	102.0	104.0	92.0	91.0	111.0	148.0
370.658	86.0	82.0	94.0	105.0	95.0	98.0	89.0	95.0	129.0	90.0	88.0	116.0	97.0	104.0	98.0	102.0	92.0	86.0	108.0	146.0
370.769	81.0	85.0	96.0	94.0	90.0	89.0	84.0	93.0	129.0	94.0	89.0	118.0	89.0	105.0	93.0	94.0	95.0	90.0	101.0	134.0
370.88	80.0	83.0	99.0	99.0	98.0	97.0	89.0	88.0	128.0	92.0	89.0	118.0	95.0	102.0	94.0	91.0	100.0	89.0	103.0	139.0
370.99	80.0	83.0	88.0	102.0	92.0	93.0	88.0	86.0	123.0	92.0	78.0	113.0	88.0	92.0	85.0	90.0	93.0	83.0	99.0	134.0
371.101	81.0	79.0	86.0	97.0	94.0	91.0	83.0	91.0	134.0	94.0	92.0	115.0	93.0	106.0	94.0	97.0	96.0	81.0	106.0	139.0
371.212	84.0	90.0	101.0	102.0	103.0	95.0	78.0	94.0	136.0	98.0	92.0	118.0	94.0	111.0	98.0	96.0	102.0	85.0	106.0	143.0
371.323	81.0	91.0	97.0	98.0	102.0	94.0	85.0	98.0	129.0	98.0	90.0	117.0	96.0	109.0	94.0	92.0	97.0	89.0	102.0	143.0
371.434	82.0	89.0	103.0	102.0	102.0	95.0	89.0	102.0	135.0	98.0	91.0	118.0	93.0	108.0	103.0	106.0	96.0	100.0	111.0	148.0
371.545	90.0	98.0	104.0	105.0	121.0	106.0	94.0	110.0	146.0	110.0	93.0	125.0	106.0	146.0	113.0	115.0	95.0	103.0	134.0	176.0
371.656	93.0	100.0	114.0	104.0	129.0	120.0	97.0	122.0	153.0	120.0	99.0	140.0	118.0	169.0	123.0	124.0	105.0	109.0	146.0	189.0
371.767	95.0	95.0	109.0	102.0	120.0	108.0	93.0	102.0	148.0	112.0	95.0	133.0	107.0	151.0	118.0	108.0	105.0	106.0	135.0	170.0
371.878	108.0	102.0	118.0	102.0	149.0	116.0	104.0	128.0	167.0	130.0	103.0	133.0	127.0	181.0	127.0	119.0	94.0	115.0	157.0	201.0
371.989	93.0	97.0	113.0	108.0	129.0	109.0	96.0	116.0	152.0	113.0	101.0	133.0	121.0	158.0	115.0	117.0	92.0	104.0	145.0	182.0
372.1	96.0	92.0	103.0	106.0	115.0	99.0	86.0	101.0	141.0	110.0	100.0	126.0	110.0	135.0	108.0	103.0	93.0	97.0	127.0	161.0
372.211	85.0	89.0	92.0	99.0	102.0	100.0	88.0	90.0	131.0	101.0	94.0	118.0	96.0	110.0	100.0	100.0	92.0	91.0	108.0	143.0
372.322	103.0	106.0	114.0	121.0	128.0	114.0	108.0	122.0	158.0	121.0	109.0	133.0	121.0	133.0	117.0	122.0	112.0	112.0	140.0	171.0
372.433	104.0	100.0	116.0	120.0	138.0	113.0	98.0	131.0	170.0	136.0	106.0	134.0	129.0	153.0	114.0	128.0	103.0	102.0	153.0	191.0
372.544	92.0	97.0	104.0	106.0	115.0	102.0	90.0	111.0	149.0	115.0	98.0	129.0	118.0	135.0	105.0	115.0	101.0	98.0	127.0	165.0
372.655	88.0	88.0	96.0	100.0	103.0	102.0	90.0	95.0	140.0	103.0	91.0	121.0	101.0	119.0	92.0	108.0	95.0	92.0	109.0	150.0
372.766	91.0	82.0	92.0	103.0	98.0	92.0	87.0	94.0	129.0	94.0	89.0	119.0	94.0	106.0	96.0	98.0	94.0	89.0	100.0	148.0
372.877	94.0	85.0	100.0	106.0	96.0	103.0	88.0	102.0	137.0	101.0	85.0	123.0	92.0	99.0	92.0	104.0	98.0	95.0	116.0	140.0
372.988	90.0	85.0	100.0	101.0	105.0	94.0	85.0	104.0	136.0	106.0	88.0	119.0	98.0	112.0	97.0	103.0	99.0	94.0	120.0	149.0
373.099	90.0	90.0	95.0	96.0	102.0	99.0	78.0	100.0	130.0	101.0	83.0	117.0	99.0	109.0	97.0	97.0	97.0	91.0	109.0	148.0
373.21	94.0	97.0	103.0	106.0	104.0	103.0	90.0	99.0	132.0	101.0	91.0	118.0	93.0	110.0	97.0	104.0	102.0	96.0	110.0	151.0
373.321	90.0	86.0	96.0	103.0	106.0	102.0	86.0	99.0	130.0	96.0	84.0	121.0	94.0	114.0	94.0	102.0	88.0	87.0	116.0	152.0
373.432	94.0	93.0	104.0	101.0	126.0	105.0	93.0	110.0	147.0	108.0	97.0	133.0	109.0	144.0	107.0	112.0	100.0	106.0	132.0	179.0
373.543	166.0	173.0	179.0	139.0	280.0	213.0	164.0	222.0	259.0	229.0	156.0	212.0	228.0	362.0	248.0	195.0	132.0	215.0	308.0	346.0
373.654	149.0	151.0	166.0	119.0	255.0	193.0	140.0	207.0	247.0	212.0	134.0	205.0	215.0	369.0	229.0	183.0	114.0	199.0	305.0	344.0
373.765	125.0	126.0	127.0	110.0	179.0	154.0	120.0	158.0	199.0	166.0	112.0	161.0	157.0	268.0	173.0	146.0	104.0	146.0	214.0	256.0
373.876	97.0	95.0	111.0	99.0	130.0	111.0	98.0	122.0	154.0	122.0	100.0	140.0	117.0	168.0	122.0	108.0	98.0	111.0	148.0	187.0
373.987	84.0	88.0	99.0	104.0	112.0	97.0	87.0	107.0	138.0	103.0	89.0	127.0	107.0	137.0	108.0	104.0	97.0	99.0	122.0	165.0
374.098	97.0	95.0	106.0	109.0	118.0	111.0	98.0	104.0	140.0	99.0	94.0	132.0	104.0	128.0	117.0	105.0	105.0	111.0	120.0	158.0
374.209	94.0	95.0	112.0	103.0	123.0	113.0	97.0	107.0	142.0	112.0	97.0	128.0	108.0	148.0	118.0	115.0	94.0	107.0	136.0	169.0
374.32	90.0	98.0	107.0	102.0	121.0	108.0	94.0	114.0	145.0	112.0	93.0	130.0	114.0	143.0	113.0	115.0	99.0	100.0	136.0	170.0
374.431	90.0	95.0	102.0	105.0	121.0	105.0	93.0	113.0	139.0	109.0	97.0	126.0	106.0	136.0	112.0	108.0	102.0	96.0	140.0	166.0
374.543	86.0	98.0	102.0	107.0	108.0	98.0	94.0	104.0	134.0	104.0	93.0	125.0	105.0	122.0	103.0	109.0	100.0	98.0	117.0	164.0
374.654	102.0	100.0	119.0	113.0	151.0	122.0	110.0	133.0	165.0	136.0	105.0	140.0	138.0	166.0	115.0	126.0	115.0	112.0	161.0	198.0
374.765	112.0	113.0	128.0	116.0	161.0	128.0	113.0	144.0	179.0	152.0	119.0	143.0	149.0	202.0	141.0	144.0	119.0	122.0	174.0	224.0
374.876	103.0	108.0	119.0	112.0	153.0	116.0	104.0	137.0	163.0	128.0	109.0	142.0	141.0	181.0	132.0	125.0	105.0	122.0	166.0	217.0
374.987	94.0	104.0	108.0	106.0	141.0	110.0	103.0	119.0	157.0	116.0	100.0	136.0	120.0	167.0	115.0	122.0	104.0	108.0	151.0	199.0
375.098	104.0	109.0	115.0	106.0	144.0	128.0	108.0	130.0	165.0	134.0	104.0	144.0	131.0	208.0	144.0	127.0	100.0	121.0	168.0	219.0
375.209	142.0	149.0	161.0	109.0	234.0	208.0	146.0	200.0	239.0	198.0	141.0	208.0	198.0	365.0	243.0	181.0	117.0	180.0	282.0	347.0
375.32	321.0	337.0	364.0	142.0	649.0	475.0	346.0	570.0	554.0	530.0	300.0	481.0	488.0	845.0	578.0	410.0	141.0	509.0	703.0	762.0
375.431	304.0	307.0	329.0	140.0	593.0	438.0	311.0	518.0	522.0	476.0	271.0	451.0	472.0	825.0	548.0	394.0	135.0	471.0	659.0	750.0
375.542	384.0	391.0	414.0	146.0	800.0	564.0	392.0	661.0	642.0	615.0	329.0	562.0	594.0	1022.0	686.0	483.0	131.0	591.0	836.0	904.0
375.654	253.0	269.0	288.0	127.0	507.0	367.0	267.0	438.0	440.0	407.0	234.0	386.0	394.0	721.0	453.0	328.0	118.0	395.0	556.0	633.0
375.765	160.0	177.0	182.0	112.0	289.0	221.0	164.0	255.0	276.0	245.0	146.0	240.0	234.0	409.0	254.0	202.0	107.0	238.0	317.0	385.0
375.876	135.0	142.0	149.0	135.0	191.0	169.0	143.0	178.0	201.0	173.0	142.0	190.0	166.0	240.0	179.0	158.0	136.0	169.0	208.0	258.0
375.987	95.0	94.0	105.0	109.0	128.0	114.0	103.0	121.0	147.0	117.0	95.0	134.0	110.0	161.0	113.0	114.0	96.0	114.0	141.0	182.0
376.098	101.0	99.0	99.0	105.0	115.0	102.0	100.0	110.0	138.0	106.0	94.0	126.0	106.0	132.0	108.0	118.0	91.0	98.0	125.0	161.0
376.209	85.0	92.0	99.0	98.0	103.0	102.0	101.0	108.0	130.0	98.0	92.0	124.0	102.0	120.0	102.0	103.0	100.0	95.0	113.0	156.0
376.32	85.0	95.0	102.0	102.0	106.0	103.0	90.0	102.0	132.0	100.0	88.0	126.0	105.0	122.0	100.0	110.0	95.0	102.0	106.0	152.0
376.432	85.0	84.0	90.0	104.0	94.0	101.0	95.0	96.0	129.0	91.0	88.0	122.0	97.0	116.0	93.0	94.0	95.0	93.0	100.0	147.0
376.543	93.0	90.0	98.0	108.0	105.0	106.0	96.0	104.0	134.0	106.0	97.0	125.0	110.0	123.0	108.0	113.0	97.0	94.0	121.0	160.0
376.654	86.0	86.0	103.0	105.0	106.0	104.0	93.0	105.0	135.0	109.0	99.0	128.0	109.0	125.0	110.0	108.0	96.0	102.0	119.0	155.0
376.765	86.0	96.0	95.0	96.0	97.0	99.0	89.0	94.0	123.0	98.0	93.0	124.0	99.0	110.0	101.0	97.0	93.0	94.0	109.0	150.0
376.876	85.0	87.0	90.0	94.0	95.0	97.0	83.0	92.0	121.0	92.0	88.0	116.0	91.0	111.0	99.0	97.0	92.0	91.0	98.0	145.0
376.987	86.0	84.0	98.0	104.0	101.0	100.0	95.0	97.0	124.0	103.0	96.0	121.0	96.0	119.0	102.0	102.0	93.0	89.0	115.0	149.0
377.099	82.0	90.0	94.0	103.0	99.0	94.0	86.0	92.0	116.0	100.0	88.0	120.0	93.0	114.0	102.0	95.0	98.0	90.0	100.0	146.0
377.21	78.0	84.0	90.0	104.0	94.0	97.0	89.0	94.0	117.0	96.0	88.0	122.0	91.0	104.0	99.0	91.0	93.0	89.0	114.0	144.0
377.321	80.0	82.0	88.0	103.0	93.0	89.0	82.0	89.0	112.0	87.0	83.0	115.0	91.0	101.0	88.0	94.0	89.0	88.0	92.0	133.0
377.432	91.0	94.0	99.0	108.0	97.0	96.0	95.0	100.0	118.0	97.0	92.0	124.0	101.0	104.0	95.0	106.0	104.0	98.0	104.0	137.0
377.543	83.0	83.0	95.0	104.0	87.0	90.0	77.0	92.0	114.0	89.0	84.0	116.0	95.0	102.0	89.0	99.0	96.0	82.0	96.0	132.0
377.655	82.0	87.0	90.0	94.0	87.0	91.0	80.0	88.0	113.0	91.0	88.0	116.0	92.0	98.0	90.0	96.0	93.0	89.0	98.0	136.0
377.766	79.0	82.0	91.0	99.0	90.0	94.0	83.0	94.0	115.0	89.0	86.0	108.0	87.0	92.0	90.0	95.0	94.0	84.0	98.0	136.0
377.877	80.0	83.0	88.0	97.0	93.0	93.0	87.0	83.0	112.0	87.0	83.0	114.0	85.0	94.0	84.0	89.0	94.0	84.0	91.0	127.0
377.988	96.0	97.0	108.0	97.0	122.0	109.0	94.0	112.0	129.0	110.0	102.0	123.0	114.0	139.0	113.0	107.0	99.0	96.0	119.0	171.0
378.099	88.0	93.0	108.0	97.0	118.0	102.0	94.0	104.0	134.0	105.0	95.0	126.0	109.0	125.0	110.0	105.0	99.0	95.0	121.0	161.0
378.211	86.0	86.0	93.0	105.0	105.0	95.0	88.0	97.0	121.0	94.0	84.0	121.0	94.0	112.0	95.0	96.0	97.0	89.0	109.0	145.0
378.322	95.0	89.0	95.0	103.0	96.0	96.0	89.0	94.0	118.0	92.0	88.0	119.0	95.0	115.0	94.0	98.0	101.0	92.0	108.0	137.0
378.433	105.0	102.0	107.0	121.0	112.0	108.0	101.0	115.0	134.0	112.0	104.0	131.0	114.0	120.0	111.0	116.0	114.0	97.0	121.0	153.0
378.544	88.0	86.0	97.0	102.0	92.0	94.0	90.0	90.0	122.0	97.0	86.0	115.0	89.0	101.0	95.0	93.0	97.0	84.0	95.0	138.0
378.656	84.0	83.0	88.0	103.0	92.0	90.0	80.0	98.0	110.0	87.0	86.0	115.0	91.0	95.0	91.0	100.0	101.0	84.0	94.0	140.0
378.767	79.0	86.0	91.0	100.0	92.0	88.0	84.0	88.0	108.0	86.0	86.0	110.0	84.0	91.0	95.0	95.0	92.0	80.0	98.0	136.0
378.878	87.0	83.0	98.0	102.0	93.0	91.0	86.0	94.0	117.0	92.0	87.0	113.0	96.0	102.0	88.0	96.0	95.0	90.0	98.0	136.0
378.989	79.0	86.0	93.0	94.0	95.0	90.0	80.0	93.0	115.0	89.0	87.0	117.0	92.0	105.0	93.0	97.0	91.0	88.0	98.0	132.0
379.101	80.0	85.0	94.0	95.0	98.0	90.0	80.0	91.0	116.0	88.0	78.0	120.0	92.0	104.0	92.0	97.0	95.0	86.0	103.0	132.0
379.212	84.0	89.0	91.0	100.0	95.0	91.0	85.0	90.0	112.0	91.0	84.0	117.0	91.0	101.0	87.0	93.0	98.0	81.0	101.0	136.0
379.323	89.0	80.0	101.0	106.0	95.0	96.0	89.0	97.0	118.0	91.0	87.0	120.0	94.0	107.0	92.0	103.0	91.0	88.0	106.0	138.0
379.434	85.0	88.0	98.0	105.0	97.0	95.0	80.0	96.0	116.0	98.0	90.0	123.0	90.0	100.0	91.0	95.0	93.0	90.0	101.0	136.0
379.546	80.0	84.0	93.0	101.0	95.0	93.0	91.0	91.0	116.0	88.0	83.0	112.0	88.0	105.0	92.0	104.0	95.0	94.0	102.0	141.0
379.657	85.0	80.0	90.0	102.0	95.0	93.0	83.0	90.0	107.0	90.0	81.0	111.0	86.0	96.0	87.0	98.0	90.0	89.0	98.0	134.0
379.768	87.0	78.0	89.0	99.0	88.0	87.0	77.0	89.0	108.0	92.0	79.0	109.0	90.0	92.0	88.0	95.0	93.0	84.0	100.0	134.0
379.88	78.0	81.0	93.0	96.0	86.0	88.0	78.0	93.0	110.0	91.0	85.0	114.0	90.0	98.0	93.0	91.0	92.0	89.0	101.0	133.0
379.991	83.0	86.0	92.0	101.0	90.0	93.0	86.0	90.0	124.0	91.0	82.0	118.0	97.0	104.0	86.0	96.0	98.0	84.0	106.0	144.0
380.102	82.0	86.0	86.0	101.0	96.0	89.0	84.0	87.0	114.0	92.0	83.0	110.0	90.0	99.0	88.0	99.0	91.0	85.0	98.0	137.0
380.213	80.0	74.0	90.0	98.0	92.0	92.0	86.0	93.0	110.0	91.0	86.0	120.0	89.0	96.0	90.0	96.0	93.0	77.0	97.0	138.0
380.325	78.0	79.0	94.0	99.0	89.0	88.0	74.0	88.0	113.0	94.0	80.0	111.0	85.0	101.0	88.0	89.0	98.0	86.0	95.0	135.0
380.436	86.0	85.0	93.0	100.0	92.0	92.0	84.0	81.0	115.0	89.0	84.0	120.0	86.0	101.0	89.0	95.0	97.0	89.0	100.0	137.0
380.547	85.0	84.0	88.0	98.0	93.0	93.0	86.0	97.0	112.0	88.0	85.0	110.0	92.0	96.0	91.0	92.0	86.0	86.0	100.0	132.0
380.659	91.0	88.0	89.0	97.0	87.0	91.0	88.0	95.0	110.0	102.0	86.0	111.0	95.0	100.0	93.0	95.0	90.0	84.0	103.0	134.0
380.77	87.0	87.0	94.0	96.0	110.0	100.0	92.0	102.0	120.0	103.0	90.0	125.0	101.0	129.0	103.0	98.0	100.0	98.0	116.0	153.0
380.881	85.0	92.0	105.0	100.0	109.0	104.0	92.0	97.0	121.0	102.0	91.0	120.0	98.0	136.0	108.0	102.0	98.0	98.0	128.0	155.0
380.993	90.0	90.0	93.0	105.0	103.0	99.0	89.0	97.0	114.0	92.0	86.0	119.0	90.0	112.0	98.0	102.0	94.0	89.0	102.0	148.0
381.104	86.0	85.0	99.0	109.0	97.0	99.0	89.0	102.0	118.0	100.0	95.0	122.0	105.0	107.0	95.0	101.0	97.0	94.0	113.0	150.0
381.215	84.0	82.0	94.0	107.0	97.0	91.0	82.0	96.0	112.0	92.0	94.0	116.0	96.0	111.0	94.0	94.0	96.0	91.0	100.0	136.0
381.327	80.0	84.0	99.0	106.0	100.0	101.0	85.0	100.0	112.0	97.0	88.0	124.0	92.0	104.0	94.0	99.0	101.0	89.0	100.0	136.0
381.438	82.0	88.0	93.0	101.0	102.0	103.0	89.0	99.0	118.0	98.0	86.0	115.0	92.0	95.0	91.0	94.0	89.0	94.0	99.0	136.0
381.549	89.0	88.0	99.0	105.0	100.0	98.0	91.0	98.0	117.0	97.0	87.0	117.0	101.0	110.0	100.0	102.0	97.0	89.0	108.0	144.0
381.661	87.0	91.0	97.0	102.0	100.0	95.0	91.0	104.0	113.0	99.0	92.0	116.0	98.0	115.0	94.0	100.0	102.0	95.0	111.0	150.0
381.772	84.0	84.0	93.0	103.0	91.0	92.0	85.0	85.0	116.0	88.0	87.0	115.0	91.0	104.0	93.0	100.0	96.0	90.0	102.0	137.0
381.883	88.0	91.0	94.0	109.0	102.0	98.0	88.0	99.0	120.0	98.0	91.0	121.0	93.0	95.0	94.0	106.0	101.0	95.0	100.0	136.0
381.995	89.0	83.0	99.0	104.0	96.0	102.0	88.0	100.0	119.0	99.0	89.0	119.0	86.0	107.0	96.0	109.0	97.0	93.0	108.0	144.0
382.106	85.0	87.0	94.0	98.0	98.0	99.0	83.0	100.0	119.0	99.0	88.0	118.0	95.0	108.0	97.0	100.0	97.0	88.0	110.0	145.0
382.218	89.0	89.0	98.0	104.0	111.0	100.0	82.0	96.0	132.0	107.0	91.0	119.0	96.0	134.0	110.0	102.0	97.0	97.0	113.0	156.0
382.329	86.0	82.0	92.0	103.0	104.0	98.0	88.0	102.0	119.0	96.0	86.0	115.0	100.0	113.0	96.0	103.0	95.0	94.0	107.0	148.0
382.44	86.0	78.0	91.0	101.0	99.0	98.0	91.0	93.0	114.0	94.0	87.0	117.0	95.0	106.0	92.0	102.0	97.0	88.0	107.0	144.0
382.552	82.0	80.0	91.0	99.0	97.0	93.0	91.0	93.0	115.0	94.0	87.0	115.0	93.0	104.0	96.0	99.0	96.0	86.0	105.0	139.0
382.663	84.0	85.0	95.0	107.0	101.0	95.0	91.0	89.0	114.0	96.0	89.0	119.0	92.0	105.0	91.0	101.0	95.0	91.0	109.0	142.0
382.775	90.0	90.0	95.0	101.0	114.0	104.0	90.0	103.0	121.0	104.0	85.0	124.0	100.0	126.0	97.0	103.0	100.0	93.0	113.0	151.0
382.886	92.0	89.0	95.0	96.0	100.0	102.0	84.0	97.0	119.0	104.0	89.0	119.0	103.0	113.0	95.0	99.0	97.0	90.0	109.0	148.0
382.997	96.0	88.0	99.0	100.0	109.0	96.0	86.0	107.0	120.0	109.0	90.0	120.0	107.0	132.0	102.0	103.0	98.0	93.0	121.0	158.0
383.109	86.0	89.0	101.0	98.0	108.0	92.0	83.0	95.0	118.0	101.0	94.0	125.0	97.0	121.0	96.0	98.0	96.0	87.0	107.0	148.0
383.22	78.0	92.0	95.0	101.0	104.0	96.0	93.0	92.0	118.0	93.0	86.0	119.0	92.0	105.0	102.0	101.0	101.0	94.0	106.0	142.0
383.332	86.0	88.0	87.0	107.0	101.0	95.0	87.0	97.0	114.0	95.0	83.0	116.0	96.0	106.0	94.0	99.0	98.0	89.0	103.0	144.0
383.443	95.0	93.0	107.0	108.0	106.0	103.0	96.0	114.0	126.0	103.0	100.0	122.0	100.0	117.0	101.0	111.0	106.0	99.0	113.0	148.0
383.554	80.0	84.0	88.0	96.0	94.0	95.0	82.0	91.0	109.0	94.0	89.0	123.0	90.0	101.0	94.0	98.0	99.0	92.0	113.0	139.0
383.666	80.0	86.0	87.0	104.0	98.0	88.0	85.0	85.0	109.0	93.0	85.0	118.0	93.0	103.0	85.0	98.0	101.0	84.0	98.0	133.0
383.777	83.0	84.0	84.0	106.0	94.0	94.0	86.0	84.0	117.0	91.0	84.0	112.0	90.0	101.0	90.0	93.0	97.0	86.0	93.0	134.0
383.889	86.0	74.0	86.0	101.0	91.0	93.0	91.0	96.0	113.0	94.0	88.0	110.0	96.0	103.0	94.0	97.0	91.0	85.0	106.0	143.0
384.0	88.0	86.0	93.0	94.0	98.0	88.0	83.0	90.0	113.0	95.0	89.0	123.0	97.0	109.0	97.0	98.0	92.0	90.0	109.0	148.0
384.112	91.0	86.0	91.0	101.0	97.0	99.0	86.0	94.0	116.0	96.0	86.0	115.0	90.0	102.0	97.0	104.0	100.0	90.0	105.0	149.0
384.223	88.0	82.0	88.0	102.0	96.0	94.0	91.0	89.0	110.0	92.0	81.0	117.0	95.0	102.0	89.0	109.0	95.0	88.0	97.0	146.0
384.335	89.0	91.0	95.0	103.0	94.0	93.0	84.0	97.0	114.0	94.0	86.0	119.0	97.0	100.0	95.0	100.0	99.0	83.0	100.0	139.0
384.446	82.0	88.0	96.0	105.0	94.0	97.0	88.0	94.0	117.0	92.0	90.0	120.0	92.0	98.0	91.0	103.0	106.0	90.0	104.0	142.0
384.558	86.0	89.0	99.0	102.0	99.0	95.0	88.0	90.0	115.0	95.0	86.0	123.0	95.0	113.0	98.0	103.0	104.0	89.0	100.0	143.0
384.669	88.0	88.0	95.0	106.0	112.0	98.0	90.0	96.0	124.0	97.0	89.0	123.0	99.0	124.0	100.0	99.0	98.0	91.0	106.0	138.0
384.78	96.0	79.0	92.0	98.0	117.0	100.0	84.0	109.0	120.0	110.0	98.0	122.0	112.0	142.0	107.0	107.0	103.0	96.0	118.0	160.0
384.892	86.0	85.0	88.0	100.0	105.0	88.0	84.0	97.0	121.0	96.0	90.0	115.0	100.0	119.0	97.0	99.0	97.0	89.0	112.0	151.0
385.003	114.0	109.0	122.0	123.0	124.0	124.0	109.0	122.0	141.0	118.0	116.0	141.0	117.0	134.0	122.0	126.0	125.0	114.0	131.0	170.0
385.115	95.0	89.0	101.0	104.0	107.0	101.0	91.0	97.0	119.0	103.0	96.0	115.0	106.0	116.0	100.0	108.0	97.0	91.0	112.0	148.0
385.226	86.0	94.0	101.0	102.0	106.0	97.0	92.0	104.0	117.0	102.0	93.0	116.0	106.0	129.0	103.0	106.0	92.0	93.0	120.0	154.0
385.338	84.0	88.0	97.0	98.0	109.0	101.0	89.0	98.0	119.0	100.0	87.0	126.0	98.0	115.0	100.0	102.0	99.0	92.0	112.0	140.0
385.449	107.0	106.0	121.0	126.0	129.0	119.0	104.0	117.0	134.0	117.0	103.0	137.0	122.0	134.0	115.0	124.0	116.0	108.0	130.0	166.0
385.561	90.0	93.0	86.0	101.0	107.0	89.0	93.0	97.0	113.0	100.0	88.0	116.0	100.0	113.0	102.0	106.0	96.0	94.0	105.0	140.0
385.672	93.0	89.0	97.0	107.0	107.0	96.0	97.0	104.0	123.0	104.0	93.0	121.0	106.0	125.0	110.0	110.0	99.0	96.0	118.0	150.0
385.784	81.0	85.0	99.0	99.0	103.0	91.0	91.0	98.0	122.0	101.0	92.0	117.0	95.0	113.0	105.0	96.0	98.0	93.0	107.0	150.0
385.895	89.0	88.0	101.0	102.0	105.0	97.0	92.0	92.0	119.0	96.0	91.0	122.0	98.0	117.0	100.0	96.0	96.0	92.0	102.0	147.0
386.007	94.0	94.0	99.0	101.0	112.0	102.0	92.0	97.0	124.0	105.0	96.0	112.0	103.0	135.0	100.0	109.0	97.0	92.0	117.0	151.0
386.118	90.0	92.0	102.0	96.0	110.0	103.0	88.0	100.0	112.0	100.0	95.0	115.0	104.0	127.0	100.0	106.0	97.0	89.0	122.0	151.0
386.23	96.0	90.0	104.0	104.0	116.0	103.0	91.0	104.0	126.0	113.0	90.0	123.0	106.0	141.0	113.0	110.0	104.0	96.0	122.0	160.0
386.342	94.0	95.0	108.0	97.0	116.0	105.0	92.0	100.0	119.0	103.0	92.0	124.0	107.0	135.0	106.0	107.0	102.0	96.0	115.0	167.0
386.453	87.0	93.0	96.0	99.0	103.0	97.0	90.0	95.0	113.0	89.0	86.0	122.0	98.0	109.0	96.0	102.0	91.0	91.0	104.0	146.0
386.565	88.0	83.0	91.0	108.0	99.0	94.0	83.0	100.0	111.0	97.0	89.0	112.0	106.0	117.0	95.0	105.0	98.0	87.0	111.0	146.0
386.676	93.0	90.0	103.0	103.0	102.0	97.0	83.0	106.0	117.0	99.0	87.0	130.0	102.0	127.0	106.0	100.0	104.0	89.0	108.0	154.0
386.788	90.0	84.0	99.0	99.0	106.0	95.0	88.0	97.0	124.0	100.0	90.0	122.0	92.0	125.0	102.0	98.0	100.0	87.0	110.0	152.0
386.899	89.0	93.0	103.0	103.0	113.0	97.0	89.0	100.0	121.0	103.0	95.0	115.0	98.0	129.0	105.0	113.0	101.0	96.0	118.0	157.0
387.011	88.0	84.0	94.0	103.0	100.0	100.0	89.0	93.0	113.0	96.0	92.0	114.0	100.0	113.0	99.0	106.0	88.0	91.0	109.0	147.0
387.122	81.0	79.0	95.0	100.0	107.0	97.0	83.0	100.0	108.0	101.0	90.0	121.0	97.0	113.0	95.0	98.0	94.0	87.0	106.0	149.0
387.234	81.0	89.0	94.0	98.0	95.0	95.0	85.0	92.0	111.0	93.0	82.0	121.0	100.0	110.0	94.0	95.0	97.0	88.0	107.0	147.0
387.345	113.0	112.0	120.0	124.0	126.0	119.0	112.0	122.0	137.0	120.0	109.0	142.0	123.0	138.0	114.0	121.0	117.0	114.0	131.0	166.0
387.457	90.0	89.0	97.0	102.0	112.0	97.0	87.0	103.0	118.0	103.0	88.0	115.0	102.0	124.0	101.0	103.0	97.0	91.0	115.0	150.0
387.569	105.0	100.0	124.0	108.0	152.0	112.0	97.0	118.0	138.0	136.0	109.0	129.0	125.0	184.0	136.0	113.0	99.0	107.0	157.0	185.0
387.68	111.0	110.0	127.0	110.0	163.0	120.0	99.0	129.0	151.0	142.0	110.0	140.0	140.0	200.0	143.0	125.0	104.0	120.0	158.0	205.0
387.792	89.0	100.0	101.0	109.0	122.0	110.0	96.0	106.0	121.0	115.0	102.0	125.0	102.0	136.0	109.0	115.0	106.0	102.0	128.0	162.0
387.903	88.0	87.0	93.0	103.0	100.0	100.0	91.0	94.0	117.0	98.0	87.0	113.0	93.0	108.0	93.0	96.0	87.0	83.0	97.0	141.0
388.015	87.0	84.0	99.0	99.0	96.0	94.0	87.0	102.0	116.0	94.0	91.0	124.0	97.0	105.0	98.0	102.0	93.0	89.0	115.0	152.0
388.127	87.0	81.0	90.0	101.0	95.0	92.0	87.0	91.0	118.0	87.0	89.0	113.0	88.0	101.0	89.0	104.0	94.0	94.0	101.0	142.0
388.238	86.0	81.0	94.0	106.0	99.0	92.0	90.0	93.0	113.0	87.0	81.0	117.0	86.0	99.0	88.0	97.0	90.0	87.0	98.0	135.0
388.35	86.0	88.0	84.0	101.0	97.0	96.0	81.0	98.0	109.0	92.0	83.0	111.0	95.0	102.0	89.0	98.0	93.0	86.0	93.0	133.0
388.461	85.0	85.0	93.0	102.0	93.0	93.0	85.0	89.0	109.0	99.0	85.0	110.0	97.0	99.0	93.0	90.0	89.0	86.0	101.0	135.0
388.573	84.0	83.0	87.0	104.0	96.0	88.0	84.0	91.0	111.0	93.0	83.0	118.0	86.0	103.0	94.0	100.0	89.0	80.0	106.0	138.0
388.685	86.0	84.0	84.0	101.0	97.0	96.0	85.0	91.0	112.0	89.0	83.0	110.0	87.0	100.0	87.0	102.0	99.0	91.0	101.0	134.0
388.796	94.0	87.0	95.0	104.0	99.0	102.0	91.0	97.0	111.0	91.0	89.0	116.0	97.0	114.0	92.0	97.0	98.0	89.0	101.0	147.0
388.908	90.0	92.0	98.0	102.0	112.0	100.0	94.0	108.0	122.0	101.0	92.0	122.0	103.0	123.0	98.0	102.0	97.0	94.0	112.0	154.0
389.019	88.0	79.0	97.0	95.0	99.0	93.0	81.0	94.0	110.0	89.0	84.0	115.0	88.0	109.0	95.0	97.0	92.0	88.0	103.0	141.0
389.131	87.0	83.0	89.0	98.0	104.0	89.0	91.0	96.0	112.0	92.0	82.0	117.0	95.0	108.0	92.0	100.0	92.0	89.0	93.0	142.0
389.243	87.0	89.0	92.0	98.0	108.0	97.0	87.0	103.0	115.0	101.0	88.0	121.0	92.0	116.0	96.0	101.0	89.0	96.0	107.0	148.0
389.354	112.0	112.0	120.0	103.0	169.0	145.0	104.0	141.0	149.0	142.0	106.0	151.0	140.0	207.0	153.0	127.0	90.0	131.0	179.0	216.0
389.466	157.0	161.0	169.0	120.0	263.0	200.0	140.0	210.0	219.0	216.0	143.0	200.0	206.0	360.0	240.0	172.0	102.0	204.0	280.0	329.0
389.578	97.0	106.0	112.0	102.0	137.0	121.0	99.0	126.0	143.0	121.0	98.0	138.0	121.0	184.0	129.0	120.0	95.0	123.0	158.0	189.0
389.689	90.0	87.0	93.0	100.0	99.0	100.0	80.0	92.0	123.0	97.0	90.0	122.0	99.0	114.0	104.0	102.0	85.0	90.0	100.0	153.0
389.801	94.0	95.0	111.0	94.0	120.0	109.0	93.0	116.0	136.0	110.0	106.0	129.0	110.0	139.0	104.0	113.0	98.0	98.0	128.0	169.0
389.912	101.0	100.0	108.0	97.0	125.0	109.0	95.0	116.0	138.0	116.0	103.0	134.0	114.0	142.0	116.0	112.0	102.0	106.0	125.0	176.0
390.024	88.0	92.0	89.0	103.0	98.0	102.0	87.0	96.0	114.0	97.0	83.0	119.0	92.0	106.0	93.0	99.0	99.0	93.0	100.0	138.0
390.136	81.0	82.0	88.0	92.0	90.0	93.0	78.0	95.0	114.0	90.0	86.0	114.0	89.0	102.0	88.0	100.0	89.0	82.0	94.0	137.0
390.247	84.0	82.0	96.0	99.0	87.0	94.0	84.0	95.0	105.0	93.0	86.0	115.0	90.0	101.0	94.0	94.0	96.0	81.0	99.0	136.0
390.359	80.0	88.0	94.0	98.0	93.0	87.0	87.0	90.0	111.0	89.0	86.0	119.0	88.0	103.0	89.0	88.0	91.0	82.0	101.0	134.0
390.471	88.0	89.0	98.0	101.0	101.0	92.0	83.0	100.0	112.0	94.0	88.0	114.0	89.0	104.0	96.0	98.0	91.0	89.0	103.0	139.0
390.582	91.0	85.0	97.0	101.0	110.0	105.0	84.0	96.0	119.0	102.0	92.0	118.0	99.0	124.0	109.0	104.0	93.0	94.0	114.0	149.0
390.694	114.0	130.0	134.0	103.0	187.0	162.0	124.0	168.0	172.0	166.0	118.0	169.0	155.0	252.0	181.0	148.0	95.0	151.0	214.0	241.0
390.806	106.0	112.0	127.0	96.0	161.0	143.0	108.0	133.0	160.0	142.0	114.0	152.0	140.0	219.0	152.0	133.0	101.0	138.0	176.0	222.0
390.918	90.0	95.0	99.0	94.0	120.0	103.0	96.0	102.0	123.0	97.0	92.0	122.0	102.0	136.0	105.0	99.0	96.0	99.0	116.0	157.0
391.029	91.0	93.0	90.0	105.0	103.0	99.0	95.0	106.0	115.0	104.0	89.0	125.0	97.0	116.0	101.0	102.0	103.0	91.0	104.0	145.0
391.141	77.0	84.0	88.0	102.0	89.0	98.0	85.0	93.0	109.0	93.0	89.0	120.0	94.0	105.0	97.0	96.0	96.0	86.0	104.0	140.0
391.253	84.0	88.0	89.0	100.0	96.0	90.0	86.0	92.0	111.0	100.0	85.0	119.0	96.0	100.0	97.0	103.0	97.0	87.0	98.0	137.0
391.364	82.0	82.0	93.0	100.0	99.0	98.0	93.0	89.0	111.0	90.0	84.0	118.0	93.0	102.0	91.0	98.0	97.0	88.0	100.0	138.0
391.476	93.0	87.0	95.0	99.0	104.0	100.0	90.0	100.0	112.0	96.0	93.0	119.0	91.0	104.0	93.0	99.0	97.0	91.0	107.0	141.0
391.588	85.0	88.0	92.0	91.0	96.0	94.0	86.0	97.0	106.0	84.0	87.0	117.0	90.0	94.0	93.0	92.0	92.0	81.0	99.0	136.0
391.699	79.0	84.0	93.0	101.0	93.0	90.0	84.0	92.0	109.0	96.0	89.0	115.0	91.0	103.0	92.0	93.0	92.0	89.0	94.0	129.0
391.811	90.0	94.0	104.0	105.0	115.0	111.0	95.0	108.0	128.0	101.0	92.0	120.0	103.0	117.0	102.0	104.0	101.0	97.0	115.0	155.0
391.923	90.0	85.0	94.0	100.0	100.0	93.0	94.0	95.0	116.0	96.0	91.0	121.0	98.0	110.0	94.0	107.0	103.0	91.0	104.0	138.0
392.035	87.0	84.0	87.0	101.0	94.0	100.0	89.0	92.0	109.0	99.0	87.0	115.0	94.0	104.0	88.0	100.0	101.0	85.0	98.0	136.0
392.146	81.0	90.0	93.0	96.0	92.0	92.0	83.0	94.0	107.0	91.0	92.0	120.0	86.0	99.0	96.0	97.0	89.0	88.0	93.0	137.0
392.258	98.0	93.0	103.0	101.0	94.0	99.0	92.0	104.0	120.0	104.0	94.0	131.0	99.0	109.0	96.0	102.0	99.0	98.0	105.0	147.0
392.37	103.0	104.0	107.0	109.0	119.0	108.0	104.0	112.0	133.0	115.0	102.0	129.0	113.0	123.0	113.0	113.0	103.0	105.0	120.0	164.0
392.481	83.0	90.0	89.0	97.0	96.0	92.0	91.0	94.0	117.0	98.0	91.0	116.0	94.0	109.0	97.0	103.0	87.0	85.0	105.0	147.0
392.593	92.0	94.0	100.0	93.0	106.0	101.0	85.0	108.0	116.0	110.0	97.0	119.0	92.0	112.0	106.0	113.0	92.0	103.0	113.0	151.0
392.705	117.0	122.0	128.0	92.0	145.0	127.0	95.0	135.0	152.0	142.0	107.0	140.0	119.0	143.0	142.0	165.0	104.0	147.0	184.0	210.0
392.817	115.0	108.0	116.0	98.0	135.0	114.0	86.0	127.0	135.0	125.0	92.0	131.0	105.0	129.0	122.0	140.0	94.0	129.0	153.0	173.0
392.928	82.0	87.0	90.0	100.0	104.0	99.0	83.0	100.0	115.0	98.0	90.0	122.0	91.0	105.0	103.0	108.0	92.0	95.0	107.0	142.0
393.04	85.0	88.0	96.0	99.0	88.0	92.0	82.0	96.0	109.0	96.0	91.0	118.0	92.0	99.0	95.0	97.0	95.0	91.0	101.0	139.0
393.152	86.0	89.0	94.0	97.0	90.0	91.0	83.0	92.0	112.0	91.0	90.0	114.0	87.0	99.0	93.0	98.0	95.0	92.0	99.0	131.0
393.264	80.0	86.0	89.0	95.0	91.0	89.0	93.0	88.0	112.0	87.0	85.0	104.0	86.0	99.0	87.0	92.0	86.0	84.0	92.0	122.0
393.375	83.0	81.0	87.0	92.0	86.0	89.0	84.0	90.0	102.0	88.0	80.0	110.0	84.0	88.0	87.0	90.0	85.0	81.0	90.0	126.0
393.487	84.0	85.0	88.0	94.0	92.0	95.0	82.0	91.0	106.0	92.0	86.0	114.0	85.0	92.0	90.0	93.0	87.0	83.0	98.0	124.0
393.599	83.0	91.0	91.0	90.0	83.0	87.0	79.0	88.0	109.0	87.0	78.0	114.0	84.0	92.0	80.0	88.0	91.0	85.0	86.0	125.0
393.711	97.0	90.0	98.0	102.0	98.0	99.0	89.0	100.0	110.0	96.0	80.0	117.0	92.0	97.0	87.0	94.0	93.0	89.0	96.0	127.0
393.823	83.0	80.0	94.0	97.0	102.0	92.0	88.0	96.0	111.0	95.0	86.0	113.0	82.0	94.0	92.0	97.0	92.0	87.0	95.0	131.0
393.934	80.0	84.0	90.0	94.0	89.0	90.0	85.0	90.0	103.0	88.0	87.0	118.0	88.0	94.0	87.0	89.0	91.0	88.0	91.0	124.0
394.046	85.0	87.0	99.0	93.0	96.0	85.0	88.0	94.0	109.0	95.0	83.0	114.0	88.0	104.0	96.0	90.0	89.0	90.0	95.0	134.0
394.158	96.0	95.0	100.0	103.0	118.0	100.0	96.0	109.0	132.0	105.0	97.0	125.0	107.0	117.0	104.0	111.0	104.0	101.0	112.0	156.0
394.27	100.0	93.0	106.0	102.0	118.0	109.0	97.0	113.0	133.0	113.0	103.0	128.0	114.0	121.0	107.0	111.0	98.0	94.0	128.0	157.0
394.381	83.0	85.0	95.0	93.0	92.0	88.0	87.0	101.0	112.0	91.0	87.0	118.0	92.0	99.0	91.0	93.0	84.0	87.0	98.0	132.0
394.493	77.0	84.0	88.0	93.0	87.0	87.0	83.0	86.0	106.0	82.0	86.0	111.0	84.0	85.0	84.0	89.0	89.0	80.0	90.0	127.0
394.605	89.0	81.0	86.0	90.0	88.0	91.0	78.0	88.0	106.0	85.0	75.0	115.0	86.0	90.0	85.0	93.0	90.0	81.0	91.0	120.0
394.717	111.0	106.0	111.0	128.0	114.0	121.0	109.0	115.0	132.0	123.0	115.0	144.0	118.0	123.0	112.0	122.0	118.0	110.0	114.0	158.0
394.829	82.0	83.0	88.0	93.0	85.0	87.0	77.0	91.0	111.0	95.0	84.0	116.0	90.0	88.0	94.0	97.0	95.0	88.0	93.0	132.0
394.94	94.0	95.0	104.0	101.0	104.0	100.0	87.0	109.0	117.0	108.0	93.0	128.0	102.0	117.0	101.0	103.0	100.0	96.0	113.0	152.0
395.052	95.0	92.0	104.0	99.0	112.0	94.0	92.0	110.0	123.0	109.0	95.0	119.0	107.0	117.0	98.0	104.0	92.0	99.0	114.0	153.0
395.164	104.0	99.0	110.0	104.0	122.0	113.0	99.0	114.0	135.0	122.0	107.0	132.0	115.0	133.0	109.0	113.0	106.0	99.0	125.0	158.0
395.276	85.0	91.0	96.0	98.0	102.0	101.0	95.0	107.0	117.0	102.0	95.0	122.0	107.0	117.0	98.0	106.0	92.0	91.0	110.0	148.0
395.388	84.0	87.0	98.0	93.0	96.0	93.0	88.0	93.0	110.0	93.0	87.0	114.0	92.0	107.0	93.0	98.0	90.0	92.0	100.0	137.0
395.5	90.0	91.0	101.0	99.0	103.0	105.0	90.0	102.0	120.0	103.0	88.0	121.0	97.0	99.0	91.0	102.0	95.0	99.0	99.0	139.0
395.611	87.0	87.0	96.0	100.0	108.0	98.0	90.0	109.0	113.0	103.0	92.0	121.0	98.0	106.0	94.0	103.0	93.0	93.0	113.0	136.0
395.723	91.0	87.0	98.0	98.0	103.0	99.0	93.0	109.0	119.0	101.0	88.0	120.0	102.0	105.0	102.0	102.0	94.0	91.0	108.0	139.0
395.835	88.0	87.0	95.0	92.0	98.0	90.0	84.0	88.0	104.0	92.0	92.0	117.0	89.0	103.0	91.0	93.0	94.0	87.0	99.0	130.0
395.947	83.0	85.0	91.0	91.0	89.0	86.0	86.0	86.0	108.0	91.0	87.0	118.0	87.0	90.0	89.0	95.0	96.0	86.0	94.0	129.0
396.059	83.0	83.0	94.0	92.0	84.0	92.0	80.0	88.0	106.0	84.0	80.0	112.0	92.0	90.0	92.0	96.0	89.0	86.0	101.0	128.0
396.171	105.0	107.0	108.0	98.0	116.0	106.0	92.0	114.0	129.0	116.0	97.0	126.0	100.0	112.0	120.0	120.0	97.0	111.0	135.0	154.0
396.282	90.0	89.0	95.0	85.0	101.0	102.0	80.0	92.0	111.0	100.0	91.0	126.0	88.0	96.0	99.0	105.0	92.0	94.0	117.0	144.0
396.394	95.0	89.0	88.0	96.0	95.0	90.0	86.0	89.0	106.0	92.0	92.0	120.0	95.0	97.0	91.0	101.0	92.0	95.0	98.0	132.0
396.506	82.0	85.0	89.0	92.0	91.0	93.0	85.0	94.0	102.0	93.0	80.0	114.0	86.0	90.0	90.0	97.0	91.0	84.0	90.0	121.0
396.618	79.0	77.0	86.0	91.0	83.0	86.0	78.0	92.0	103.0	91.0	86.0	112.0	80.0	91.0	87.0	97.0	86.0	84.0	89.0	122.0
396.73	82.0	82.0	89.0	95.0	83.0	91.0	76.0	88.0	103.0	89.0	84.0	118.0	86.0	95.0	88.0	91.0	97.0	84.0	96.0	128.0
396.842	82.0	80.0	88.0	89.0	81.0	84.0	80.0	88.0	99.0	86.0	76.0	117.0	86.0	92.0	82.0	88.0	93.0	87.0	88.0	124.0
396.954	85.0	85.0	87.0	92.0	90.0	88.0	89.0	85.0	105.0	87.0	83.0	112.0	82.0	89.0	90.0	92.0	91.0	84.0	91.0	116.0
397.065	79.0	88.0	90.0	89.0	91.0	98.0	88.0	92.0	109.0	94.0	92.0	117.0	96.0	94.0	92.0	97.0	86.0	84.0	93.0	134.0
397.177	83.0	86.0	87.0	90.0	89.0	90.0	85.0	85.0	107.0	83.0	83.0	113.0	87.0	93.0	89.0	87.0	95.0	82.0	94.0	126.0
397.289	83.0	84.0	89.0	92.0	86.0	86.0	79.0	81.0	99.0	82.0	84.0	110.0	88.0	92.0	77.0	94.0	89.0	80.0	93.0	120.0
397.401	85.0	84.0	86.0	94.0	94.0	86.0	83.0	88.0	106.0	92.0	87.0	115.0	89.0	96.0	88.0	93.0	92.0	88.0	91.0	123.0
397.513	95.0	87.0	97.0	98.0	106.0	100.0	97.0	106.0	122.0	104.0	99.0	124.0	105.0	114.0	105.0	105.0	97.0	101.0	111.0	155.0
397.625	95.0	94.0	99.0	91.0	99.0	95.0	85.0	101.0	113.0	100.0	95.0	118.0	91.0	115.0	100.0	93.0	92.0	98.0	103.0	144.0
397.737	83.0	85.0	87.0	93.0	88.0	85.0	79.0	92.0	102.0	87.0	84.0	112.0	86.0	98.0	86.0	89.0	93.0	84.0	97.0	132.0
397.849	84.0	80.0	92.0	97.0	85.0	81.0	86.0	91.0	102.0	93.0	76.0	105.0	89.0	96.0	87.0	92.0	91.0	86.0	94.0	126.0
397.961	83.0	80.0	90.0	91.0	89.0	94.0	85.0	89.0	106.0	96.0	81.0	118.0	91.0	90.0	86.0	89.0	84.0	78.0	96.0	124.0
398.072	82.0	84.0	88.0	85.0	86.0	87.0	82.0	91.0	102.0	87.0	82.0	118.0	82.0	91.0	87.0	93.0	93.0	86.0	93.0	129.0
398.184	89.0	83.0	90.0	94.0	93.0	88.0	86.0	91.0	111.0	89.0	89.0	120.0	96.0	96.0	80.0	89.0	92.0	87.0	92.0	126.0
398.296	95.0	98.0	101.0	103.0	117.0	100.0	94.0	105.0	124.0	111.0	92.0	125.0	102.0	118.0	102.0	107.0	91.0	96.0	115.0	143.0
398.408	89.0	88.0	93.0	95.0	105.0	94.0	90.0	102.0	112.0	98.0	87.0	117.0	102.0	109.0	94.0	94.0	94.0	86.0	100.0	141.0
398.52	84.0	84.0	86.0	90.0	85.0	88.0	80.0	88.0	106.0	92.0	83.0	115.0	83.0	93.0	81.0	86.0	90.0	86.0	91.0	132.0
398.632	84.0	87.0	90.0	95.0	85.0	88.0	86.0	87.0	106.0	90.0	79.0	115.0	84.0	92.0	93.0	88.0	96.0	87.0	87.0	124.0
398.744	80.0	79.0	90.0	97.0	90.0	87.0	89.0	85.0	102.0	88.0	79.0	110.0	87.0	86.0	84.0	91.0	98.0	85.0	91.0	120.0
398.856	104.0	108.0	113.0	120.0	110.0	112.0	101.0	109.0	126.0	108.0	107.0	137.0	105.0	113.0	110.0	108.0	114.0	104.0	119.0	147.0
398.968	80.0	86.0	93.0	90.0	79.0	91.0	78.0	91.0	106.0	87.0	87.0	116.0	93.0	100.0	90.0	92.0	91.0	83.0	98.0	126.0
399.08	92.0	91.0	102.0	96.0	103.0	102.0	98.0	96.0	125.0	102.0	99.0	129.0	105.0	110.0	98.0	111.0	108.0	98.0	107.0	136.0
399.192	98.0	92.0	97.0	100.0	102.0	103.0	97.0	105.0	126.0	106.0	96.0	127.0	111.0	118.0	101.0	109.0	103.0	92.0	108.0	152.0
399.304	89.0	83.0	91.0	94.0	99.0	99.0	92.0	98.0	116.0	101.0	91.0	120.0	101.0	107.0	100.0	105.0	94.0	92.0	103.0	139.0
399.415	90.0	91.0	92.0	95.0	94.0	96.0	87.0	95.0	106.0	97.0	97.0	117.0	91.0	105.0	103.0	96.0	96.0	91.0	102.0	136.0
399.527	80.0	86.0	89.0	90.0	80.0	86.0	83.0	84.0	98.0	83.0	85.0	108.0	81.0	93.0	86.0	85.0	89.0	79.0	88.0	114.0
399.639	86.0	80.0	87.0	88.0	87.0	84.0	85.0	86.0	106.0	85.0	86.0	116.0	94.0	88.0	85.0	91.0	91.0	84.0	91.0	123.0
399.751	84.0	80.0	89.0	91.0	88.0	88.0	88.0	94.0	102.0	86.0	88.0	113.0	89.0	97.0	89.0	96.0	81.0	83.0	88.0	123.0
399.863	75.0	78.0	90.0	88.0	91.0	86.0	84.0	82.0	102.0	85.0	81.0	113.0	80.0	88.0	82.0	89.0	87.0	81.0	84.0	121.0
399.975	83.0	80.0	87.0	87.0	87.0	90.0	78.0	83.0	96.0	82.0	85.0	114.0	85.0	96.0	78.0	88.0	88.0	80.0	80.0	114.0
400.087	83.0	82.0	89.0	93.0	91.0	94.0	88.0	93.0	110.0	88.0	83.0	111.0	94.0	94.0	90.0	87.0	87.0	79.0	88.0	114.0
400.199	84.0	76.0	85.0	92.0	95.0	91.0	81.0	95.0	103.0	87.0	82.0	113.0	92.0	98.0	89.0	93.0	86.0	83.0	92.0	125.0
400.311	90.0	87.0	98.0	95.0	97.0	93.0	86.0	93.0	114.0	98.0	91.0	119.0	90.0	102.0	97.0	99.0	88.0	91.0	101.0	131.0
400.423	77.0	78.0	95.0	85.0	85.0	90.0	78.0	84.0	103.0	85.0	88.0	116.0	90.0	86.0	89.0	92.0	87.0	82.0	91.0	120.0
400.535	79.0	77.0	91.0	84.0	85.0	80.0	87.0	85.0	105.0	85.0	86.0	112.0	85.0	85.0	88.0	88.0	95.0	83.0	89.0	119.0
