λ(nm)	Spec1	Spec2	Spec3	Spec4	Spec5	Spec6	Spec7	Spec8	Spec9	Spec10	Spec11	Spec12	Spec13	Spec14	Spec15	Spec16	Spec17	Spec18	Spec19	Spec20
187.98	75.0	103.0	70.0	66.0	102.0	67.0	68.0	102.0	76.0	72.0	99.0	70.0	72.0	71.0	71.0	106.0	73.0	72.0	94.0	71.0
188.07	74.0	108.0	71.0	62.0	99.0	66.0	72.0	105.0	71.0	70.0	103.0	72.0	77.0	66.0	70.0	106.0	73.0	70.0	96.0	70.0
188.161	63.0	98.0	71.0	74.0	96.0	74.0	75.0	103.0	72.0	73.0	100.0	77.0	72.0	73.0	71.0	100.0	70.0	72.0	95.0	68.0
188.252	71.0	106.0	66.0	68.0	97.0	66.0	76.0	105.0	81.0	72.0	101.0	80.0	68.0	73.0	76.0	101.0	70.0	75.0	95.0	75.0
188.343	70.0	104.0	71.0	70.0	106.0	64.0	72.0	111.0	72.0	75.0	109.0	77.0	70.0	70.0	73.0	99.0	70.0	73.0	95.0	69.0
188.434	70.0	105.0	73.0	70.0	103.0	72.0	75.0	98.0	72.0	74.0	106.0	71.0	76.0	70.0	73.0	102.0	73.0	72.0	97.0	72.0
188.525	237.0	267.0	238.0	237.0	262.0	241.0	237.0	276.0	239.0	241.0	257.0	239.0	244.0	241.0	227.0	263.0	240.0	240.0	264.0	239.0
188.615	81.0	111.0	80.0	82.0	108.0	76.0	84.0	113.0	86.0	78.0	110.0	86.0	82.0	77.0	83.0	113.0	81.0	86.0	100.0	80.0
188.706	71.0	104.0	72.0	66.0	106.0	69.0	76.0	102.0	74.0	76.0	103.0	76.0	74.0	72.0	71.0	104.0	74.0	77.0	96.0	74.0
188.797	73.0	111.0	72.0	71.0	99.0	69.0	77.0	109.0	75.0	76.0	98.0	74.0	77.0	71.0	75.0	112.0	76.0	80.0	98.0	68.0
188.888	67.0	105.0	75.0	69.0	101.0	73.0	70.0	103.0	74.0	81.0	107.0	69.0	70.0	75.0	75.0	106.0	76.0	75.0	98.0	71.0
188.979	71.0	99.0	69.0	70.0	98.0	70.0	71.0	105.0	74.0	74.0	107.0	74.0	71.0	72.0	74.0	102.0	70.0	76.0	92.0	72.0
189.07	76.0	103.0	70.0	69.0	107.0	73.0	70.0	106.0	71.0	73.0	101.0	72.0	70.0	68.0	64.0	99.0	68.0	73.0	96.0	69.0
189.161	73.0	106.0	75.0	69.0	105.0	74.0	69.0	101.0	73.0	72.0	103.0	74.0	78.0	68.0	69.0	100.0	73.0	71.0	95.0	67.0
189.252	75.0	100.0	71.0	76.0	102.0	77.0	74.0	108.0	75.0	77.0	105.0	75.0	77.0	77.0	78.0	105.0	74.0	80.0	99.0	76.0
189.343	73.0	109.0	77.0	67.0	103.0	70.0	74.0	104.0	76.0	74.0	105.0	70.0	71.0	74.0	72.0	105.0	71.0	76.0	88.0	71.0
189.434	72.0	107.0	74.0	63.0	100.0	71.0	66.0	107.0	76.0	71.0	101.0	68.0	75.0	67.0	73.0	101.0	71.0	76.0	96.0	74.0
189.525	68.0	99.0	70.0	68.0	102.0	72.0	70.0	108.0	72.0	69.0	97.0	72.0	76.0	69.0	70.0	99.0	75.0	75.0	93.0	76.0
189.616	71.0	103.0	77.0	75.0	102.0	70.0	72.0	105.0	68.0	74.0	104.0	65.0	77.0	75.0	72.0	100.0	72.0	80.0	95.0	73.0
189.708	70.0	98.0	68.0	70.0	97.0	74.0	66.0	102.0	73.0	73.0	105.0	73.0	71.0	67.0	70.0	102.0	72.0	76.0	98.0	76.0
189.799	69.0	105.0	75.0	71.0	104.0	67.0	72.0	104.0	71.0	74.0	105.0	75.0	72.0	71.0	68.0	101.0	72.0	74.0	96.0	72.0
189.89	64.0	104.0	72.0	73.0	102.0	70.0	72.0	108.0	72.0	75.0	100.0	70.0	71.0	65.0	67.0	103.0	76.0	74.0	95.0	65.0
189.981	70.0	106.0	72.0	72.0	104.0	76.0	77.0	108.0	71.0	72.0	103.0	75.0	74.0	74.0	76.0	99.0	72.0	74.0	91.0	77.0
190.072	76.0	118.0	78.0	80.0	104.0	75.0	75.0	114.0	75.0	89.0	112.0	78.0	80.0	81.0	78.0	112.0	79.0	80.0	99.0	76.0
190.163	72.0	109.0	73.0	71.0	98.0	70.0	68.0	107.0	74.0	77.0	105.0	73.0	66.0	71.0	73.0	101.0	72.0	77.0	101.0	72.0
190.255	64.0	112.0	72.0	69.0	105.0	71.0	72.0	106.0	72.0	74.0	104.0	72.0	70.0	67.0	68.0	101.0	64.0	66.0	92.0	70.0
190.346	78.0	107.0	77.0	64.0	105.0	73.0	68.0	104.0	71.0	79.0	107.0	70.0	71.0	68.0	75.0	98.0	72.0	69.0	97.0	76.0
190.437	70.0	106.0	68.0	69.0	90.0	71.0	74.0	104.0	75.0	80.0	100.0	70.0	76.0	68.0	75.0	103.0	66.0	79.0	97.0	69.0
190.528	72.0	110.0	74.0	76.0	102.0	71.0	72.0	104.0	81.0	75.0	106.0	71.0	75.0	72.0	75.0	108.0	72.0	80.0	105.0	73.0
190.62	75.0	111.0	77.0	74.0	105.0	74.0	72.0	106.0	75.0	76.0	109.0	73.0	75.0	68.0	72.0	101.0	71.0	74.0	98.0	75.0
190.711	70.0	108.0	79.0	74.0	100.0	72.0	74.0	109.0	69.0	76.0	101.0	77.0	78.0	73.0	76.0	101.0	76.0	71.0	98.0	70.0
190.802	69.0	107.0	75.0	72.0	106.0	70.0	73.0	102.0	75.0	74.0	107.0	82.0	71.0	75.0	73.0	103.0	70.0	76.0	96.0	72.0
190.894	76.0	104.0	82.0	71.0	106.0	72.0	74.0	108.0	78.0	75.0	101.0	75.0	77.0	70.0	76.0	106.0	77.0	78.0	104.0	74.0
190.985	71.0	107.0	73.0	68.0	106.0	69.0	71.0	108.0	76.0	74.0	100.0	75.0	72.0	68.0	76.0	103.0	69.0	72.0	98.0	75.0
191.076	74.0	100.0	81.0	67.0	100.0	72.0	75.0	113.0	73.0	81.0	109.0	68.0	81.0	70.0	79.0	105.0	73.0	77.0	94.0	72.0
191.168	71.0	97.0	72.0	72.0	100.0	74.0	71.0	106.0	75.0	75.0	109.0	77.0	73.0	69.0	75.0	106.0	75.0	73.0	97.0	67.0
191.259	85.0	118.0	77.0	87.0	113.0	81.0	82.0	115.0	84.0	84.0	119.0	82.0	80.0	83.0	80.0	112.0	80.0	84.0	106.0	76.0
191.35	70.0	105.0	76.0	72.0	104.0	73.0	68.0	107.0	70.0	70.0	100.0	75.0	74.0	71.0	70.0	101.0	72.0	72.0	92.0	71.0
191.442	72.0	113.0	72.0	69.0	107.0	71.0	75.0	108.0	72.0	71.0	99.0	70.0	75.0	70.0	75.0	100.0	77.0	74.0	88.0	68.0
191.533	78.0	101.0	80.0	72.0	102.0	73.0	78.0	109.0	72.0	78.0	106.0	76.0	74.0	74.0	72.0	105.0	79.0	75.0	97.0	78.0
191.625	74.0	110.0	79.0	70.0	104.0	68.0	73.0	104.0	75.0	78.0	102.0	81.0	82.0	73.0	75.0	110.0	79.0	82.0	102.0	79.0
191.716	69.0	110.0	76.0	69.0	106.0	76.0	77.0	112.0	77.0	72.0	104.0	73.0	76.0	73.0	75.0	103.0	74.0	76.0	97.0	78.0
191.808	72.0	100.0	74.0	74.0	101.0	68.0	70.0	105.0	67.0	76.0	108.0	71.0	74.0	71.0	70.0	100.0	73.0	73.0	96.0	74.0
191.899	78.0	102.0	75.0	70.0	98.0	69.0	72.0	107.0	74.0	75.0	104.0	71.0	71.0	71.0	72.0	109.0	69.0	81.0	92.0	71.0
191.991	70.0	107.0	69.0	74.0	102.0	71.0	71.0	104.0	76.0	77.0	104.0	74.0	68.0	74.0	69.0	106.0	66.0	72.0	94.0	71.0
192.082	69.0	102.0	71.0	71.0	100.0	76.0	71.0	105.0	71.0	72.0	105.0	74.0	73.0	70.0	71.0	98.0	70.0	76.0	90.0	69.0
192.174	68.0	101.0	76.0	76.0	104.0	76.0	75.0	115.0	72.0	79.0	108.0	78.0	74.0	74.0	79.0	101.0	68.0	79.0	97.0	73.0
192.266	72.0	105.0	79.0	69.0	103.0	72.0	74.0	106.0	76.0	74.0	112.0	74.0	74.0	65.0	76.0	107.0	73.0	73.0	95.0	75.0
192.357	84.0	110.0	77.0	78.0	106.0	70.0	77.0	110.0	83.0	75.0	109.0	80.0	81.0	80.0	79.0	113.0	75.0	85.0	100.0	81.0
192.449	73.0	105.0	79.0	72.0	103.0	72.0	66.0	107.0	79.0	75.0	102.0	72.0	75.0	70.0	75.0	105.0	76.0	74.0	97.0	73.0
192.541	71.0	104.0	74.0	80.0	108.0	69.0	73.0	113.0	68.0	75.0	107.0	76.0	70.0	71.0	72.0	106.0	73.0	75.0	98.0	69.0
192.632	76.0	104.0	68.0	75.0	95.0	79.0	70.0	105.0	69.0	72.0	104.0	74.0	71.0	73.0	72.0	106.0	80.0	78.0	95.0	75.0
192.724	74.0	102.0	71.0	79.0	103.0	76.0	69.0	109.0	77.0	71.0	107.0	74.0	76.0	71.0	70.0	114.0	69.0	72.0	95.0	75.0
192.816	74.0	106.0	71.0	69.0	102.0	71.0	70.0	102.0	75.0	75.0	110.0	77.0	71.0	72.0	71.0	100.0	70.0	74.0	89.0	63.0
192.907	70.0	108.0	78.0	71.0	108.0	75.0	77.0	111.0	81.0	79.0	105.0	76.0	77.0	76.0	73.0	108.0	80.0	73.0	100.0	76.0
192.999	75.0	107.0	72.0	78.0	104.0	76.0	72.0	103.0	76.0	72.0	104.0	77.0	75.0	70.0	82.0	105.0	74.0	85.0	103.0	74.0
193.091	69.0	111.0	72.0	71.0	103.0	70.0	80.0	101.0	73.0	69.0	101.0	75.0	74.0	76.0	72.0	103.0	78.0	83.0	102.0	74.0
193.183	69.0	107.0	67.0	68.0	100.0	69.0	67.0	108.0	74.0	70.0	102.0	73.0	76.0	69.0	77.0	107.0	74.0	66.0	97.0	73.0
193.274	73.0	105.0	76.0	69.0	107.0	67.0	78.0	109.0	69.0	72.0	105.0	74.0	77.0	67.0	72.0	108.0	69.0	75.0	94.0	71.0
193.366	74.0	112.0	73.0	71.0	97.0	74.0	73.0	102.0	74.0	80.0	107.0	70.0	72.0	66.0	78.0	104.0	76.0	78.0	101.0	74.0
193.458	70.0	111.0	74.0	71.0	101.0	65.0	74.0	106.0	72.0	75.0	104.0	77.0	72.0	72.0	78.0	106.0	70.0	76.0	98.0	76.0
193.55	70.0	103.0	75.0	70.0	104.0	77.0	69.0	106.0	78.0	79.0	104.0	73.0	81.0	70.0	72.0	101.0	74.0	83.0	92.0	68.0
193.642	74.0	104.0	78.0	76.0	105.0	74.0	77.0	112.0	76.0	79.0	105.0	75.0	84.0	72.0	78.0	109.0	79.0	74.0	97.0	73.0
193.734	71.0	114.0	76.0	73.0	101.0	76.0	76.0	109.0	80.0	79.0	105.0	72.0	79.0	68.0	78.0	107.0	75.0	77.0	96.0	74.0
193.825	72.0	110.0	72.0	72.0	102.0	71.0	75.0	104.0	72.0	78.0	97.0	77.0	73.0	70.0	78.0	100.0	72.0	79.0	102.0	76.0
193.917	69.0	101.0	73.0	71.0	101.0	66.0	73.0	109.0	74.0	64.0	102.0	76.0	78.0	66.0	72.0	98.0	72.0	75.0	98.0	73.0
194.009	75.0	105.0	79.0	77.0	105.0	71.0	76.0	108.0	78.0	78.0	105.0	70.0	75.0	69.0	72.0	108.0	75.0	79.0	96.0	72.0
194.101	81.0	104.0	72.0	74.0	100.0	71.0	72.0	111.0	72.0	79.0	106.0	72.0	75.0	73.0	74.0	114.0	74.0	78.0	101.0	70.0
194.193	73.0	112.0	74.0	76.0	100.0	71.0	74.0	106.0	72.0	74.0	103.0	76.0	72.0	70.0	76.0	104.0	70.0	78.0	99.0	74.0
194.285	67.0	113.0	77.0	72.0	105.0	64.0	73.0	105.0	70.0	80.0	108.0	73.0	72.0	72.0	70.0	98.0	71.0	75.0	93.0	67.0
194.377	71.0	106.0	74.0	72.0	106.0	73.0	74.0	106.0	70.0	72.0	102.0	73.0	74.0	68.0	69.0	100.0	79.0	70.0	93.0	70.0
194.469	70.0	102.0	72.0	74.0	105.0	66.0	72.0	110.0	76.0	75.0	100.0	73.0	75.0	73.0	76.0	103.0	78.0	78.0	97.0	75.0
194.561	69.0	108.0	74.0	71.0	101.0	72.0	77.0	107.0	77.0	75.0	102.0	74.0	72.0	74.0	73.0	111.0	75.0	79.0	95.0	72.0
194.653	64.0	102.0	73.0	69.0	104.0	69.0	71.0	105.0	71.0	70.0	100.0	75.0	73.0	70.0	68.0	99.0	74.0	80.0	104.0	68.0
194.745	68.0	105.0	76.0	76.0	102.0	70.0	72.0	108.0	72.0	71.0	106.0	73.0	74.0	67.0	78.0	104.0	72.0	72.0	97.0	72.0
194.837	73.0	108.0	72.0	76.0	100.0	72.0	73.0	103.0	76.0	76.0	105.0	70.0	71.0	74.0	70.0	111.0	75.0	81.0	98.0	70.0
194.929	76.0	112.0	69.0	76.0	100.0	67.0	72.0	105.0	79.0	74.0	101.0	74.0	73.0	68.0	71.0	103.0	76.0	78.0	90.0	75.0
195.022	78.0	107.0	71.0	71.0	104.0	70.0	74.0	105.0	82.0	78.0	104.0	69.0	70.0	73.0	76.0	106.0	74.0	78.0	95.0	71.0
195.114	69.0	97.0	81.0	71.0	101.0	71.0	78.0	105.0	78.0	73.0	103.0	70.0	73.0	75.0	75.0	107.0	76.0	75.0	99.0	79.0
195.206	73.0	102.0	74.0	71.0	102.0	76.0	73.0	105.0	74.0	74.0	104.0	76.0	70.0	67.0	75.0	111.0	77.0	76.0	94.0	76.0
195.298	74.0	102.0	71.0	78.0	106.0	74.0	74.0	101.0	80.0	76.0	104.0	72.0	72.0	69.0	71.0	106.0	76.0	75.0	94.0	74.0
195.39	70.0	111.0	76.0	76.0	105.0	73.0	73.0	108.0	80.0	74.0	105.0	81.0	74.0	74.0	73.0	108.0	72.0	79.0	98.0	76.0
195.482	69.0	100.0	79.0	72.0	100.0	74.0	75.0	109.0	69.0	70.0	110.0	70.0	75.0	68.0	68.0	109.0	76.0	80.0	97.0	71.0
195.575	71.0	107.0	74.0	75.0	104.0	68.0	72.0	112.0	77.0	80.0	102.0	68.0	77.0	67.0	76.0	106.0	74.0	82.0	97.0	71.0
195.667	76.0	106.0	70.0	70.0	101.0	75.0	79.0	106.0	79.0	82.0	105.0	79.0	73.0	73.0	80.0	113.0	81.0	79.0	95.0	75.0
195.759	71.0	101.0	75.0	71.0	105.0	71.0	74.0	106.0	69.0	72.0	106.0	75.0	72.0	72.0	73.0	104.0	73.0	75.0	97.0	74.0
195.851	73.0	102.0	80.0	76.0	105.0	81.0	79.0	111.0	79.0	78.0	107.0	79.0	79.0	76.0	75.0	108.0	75.0	79.0	98.0	74.0
195.944	73.0	100.0	79.0	72.0	100.0	76.0	70.0	102.0	77.0	75.0	109.0	78.0	74.0	75.0	75.0	106.0	74.0	80.0	97.0	71.0
196.036	76.0	108.0	71.0	70.0	101.0	71.0	74.0	97.0	74.0	72.0	105.0	74.0	72.0	75.0	68.0	109.0	75.0	73.0	99.0	75.0
196.128	73.0	106.0	70.0	63.0	103.0	66.0	71.0	102.0	77.0	70.0	98.0	70.0	74.0	73.0	72.0	106.0	72.0	75.0	100.0	74.0
196.221	69.0	97.0	75.0	69.0	104.0	65.0	73.0	108.0	76.0	68.0	101.0	72.0	71.0	65.0	77.0	108.0	72.0	69.0	103.0	71.0
196.313	77.0	110.0	75.0	81.0	105.0	73.0	80.0	111.0	82.0	80.0	113.0	75.0	80.0	67.0	75.0	111.0	76.0	81.0	104.0	78.0
196.405	73.0	103.0	68.0	73.0	96.0	68.0	74.0	107.0	65.0	76.0	101.0	72.0	78.0	64.0	76.0	104.0	78.0	75.0	97.0	75.0
196.498	77.0	109.0	72.0	75.0	105.0	76.0	69.0	108.0	74.0	76.0	104.0	74.0	71.0	72.0	68.0	100.0	73.0	72.0	98.0	73.0
196.59	84.0	128.0	93.0	92.0	120.0	84.0	93.0	129.0	95.0	89.0	118.0	89.0	93.0	90.0	88.0	125.0	88.0	96.0	119.0	86.0
196.682	74.0	105.0	72.0	74.0	103.0	74.0	78.0	113.0	78.0	78.0	101.0	76.0	75.0	75.0	78.0	106.0	81.0	75.0	95.0	76.0
196.775	70.0	109.0	71.0	72.0	104.0	69.0	78.0	107.0	78.0	79.0	101.0	74.0	78.0	71.0	76.0	107.0	74.0	80.0	99.0	79.0
196.867	72.0	107.0	76.0	66.0	106.0	68.0	73.0	103.0	75.0	73.0	97.0	76.0	75.0	72.0	76.0	102.0	75.0	71.0	103.0	72.0
196.96	69.0	101.0	77.0	70.0	102.0	69.0	73.0	111.0	77.0	73.0	97.0	79.0	72.0	68.0	76.0	104.0	76.0	77.0	104.0	73.0
197.052	73.0	103.0	76.0	75.0	107.0	67.0	76.0	109.0	66.0	79.0	109.0	73.0	75.0	66.0	74.0	107.0	72.0	76.0	96.0	71.0
197.145	72.0	118.0	70.0	76.0	101.0	74.0	86.0	104.0	75.0	78.0	111.0	73.0	77.0	75.0	77.0	106.0	78.0	74.0	94.0	72.0
197.237	71.0	106.0	75.0	73.0	108.0	70.0	77.0	102.0	74.0	73.0	105.0	78.0	70.0	69.0	71.0	106.0	68.0	80.0	100.0	70.0
197.33	73.0	110.0	75.0	70.0	104.0	73.0	78.0	106.0	76.0	79.0	107.0	74.0	76.0	72.0	78.0	107.0	75.0	82.0	102.0	70.0
197.422	73.0	106.0	75.0	75.0	107.0	73.0	76.0	113.0	76.0	75.0	104.0	68.0	75.0	75.0	79.0	110.0	72.0	72.0	97.0	73.0
197.515	70.0	106.0	70.0	69.0	101.0	77.0	76.0	104.0	74.0	72.0	104.0	70.0	78.0	64.0	77.0	106.0	72.0	76.0	101.0	74.0
197.608	71.0	108.0	76.0	70.0	106.0	67.0	78.0	105.0	71.0	71.0	101.0	71.0	75.0	69.0	76.0	109.0	67.0	79.0	105.0	71.0
197.7	72.0	105.0	70.0	70.0	106.0	67.0	69.0	105.0	77.0	72.0	100.0	75.0	68.0	66.0	77.0	110.0	70.0	77.0	102.0	73.0
197.793	74.0	106.0	76.0	75.0	105.0	72.0	71.0	111.0	74.0	78.0	107.0	69.0	75.0	72.0	79.0	109.0	78.0	77.0	97.0	77.0
197.886	74.0	107.0	75.0	75.0	101.0	73.0	80.0	110.0	78.0	77.0	107.0	75.0	79.0	70.0	79.0	104.0	79.0	82.0	93.0	72.0
197.978	74.0	110.0	78.0	75.0	107.0	70.0	81.0	108.0	82.0	78.0	102.0	80.0	75.0	74.0	70.0	107.0	73.0	79.0	98.0	71.0
198.071	74.0	108.0	77.0	71.0	106.0	75.0	79.0	108.0	76.0	82.0	106.0	75.0	74.0	75.0	73.0	110.0	75.0	78.0	104.0	75.0
198.164	78.0	106.0	77.0	75.0	101.0	66.0	71.0	109.0	76.0	76.0	100.0	79.0	75.0	68.0	73.0	113.0	79.0	76.0	100.0	72.0
198.256	76.0	116.0	76.0	78.0	105.0	78.0	84.0	107.0	79.0	83.0	106.0	74.0	76.0	74.0	86.0	113.0	86.0	82.0	107.0	82.0
198.349	72.0	110.0	78.0	76.0	108.0	73.0	77.0	112.0	84.0	75.0	106.0	74.0	77.0	78.0	85.0	116.0	77.0	80.0	104.0	81.0
198.442	68.0	99.0	79.0	71.0	105.0	65.0	70.0	101.0	79.0	69.0	104.0	75.0	72.0	69.0	76.0	104.0	72.0	80.0	102.0	72.0
198.534	74.0	101.0	72.0	72.0	103.0	74.0	77.0	108.0	71.0	81.0	109.0	77.0	73.0	72.0	70.0	109.0	76.0	74.0	94.0	70.0
198.627	77.0	115.0	77.0	79.0	100.0	73.0	76.0	108.0	76.0	79.0	105.0	79.0	81.0	70.0	77.0	109.0	78.0	77.0	100.0	78.0
198.72	74.0	109.0	75.0	77.0	107.0	74.0	74.0	106.0	76.0	78.0	104.0	78.0	74.0	71.0	81.0	115.0	78.0	81.0	106.0	77.0
198.813	66.0	101.0	72.0	70.0	107.0	71.0	79.0	109.0	76.0	75.0	106.0	75.0	72.0	73.0	69.0	107.0	69.0	80.0	100.0	65.0
198.906	74.0	104.0	79.0	75.0	104.0	69.0	72.0	104.0	83.0	79.0	108.0	71.0	74.0	72.0	73.0	100.0	77.0	79.0	101.0	75.0
198.999	76.0	108.0	72.0	73.0	102.0	74.0	79.0	105.0	77.0	75.0	106.0	77.0	79.0	70.0	77.0	111.0	80.0	76.0	108.0	76.0
199.091	71.0	102.0	70.0	64.0	106.0	70.0	75.0	101.0	74.0	73.0	100.0	70.0	75.0	68.0	68.0	105.0	77.0	74.0	102.0	73.0
199.184	68.0	101.0	78.0	72.0	106.0	71.0	69.0	102.0	70.0	70.0	103.0	78.0	66.0	68.0	68.0	110.0	72.0	72.0	98.0	72.0
199.277	72.0	96.0	76.0	70.0	108.0	76.0	73.0	101.0	75.0	76.0	106.0	70.0	73.0	68.0	75.0	107.0	74.0	80.0	99.0	74.0
199.37	74.0	111.0	80.0	77.0	104.0	75.0	74.0	107.0	75.0	82.0	106.0	78.0	75.0	74.0	77.0	111.0	79.0	81.0	99.0	77.0
199.463	71.0	107.0	74.0	68.0	100.0	69.0	73.0	108.0	73.0	81.0	103.0	79.0	74.0	78.0	78.0	105.0	74.0	75.0	95.0	72.0
199.556	69.0	109.0	73.0	73.0	102.0	75.0	72.0	108.0	74.0	74.0	105.0	73.0	69.0	74.0	74.0	110.0	76.0	75.0	97.0	66.0
199.649	70.0	106.0	75.0	70.0	105.0	74.0	82.0	107.0	73.0	78.0	104.0	75.0	74.0	69.0	79.0	107.0	72.0	77.0	95.0	80.0
199.742	74.0	103.0	71.0	75.0	102.0	74.0	77.0	109.0	73.0	79.0	108.0	71.0	80.0	73.0	79.0	112.0	78.0	74.0	97.0	78.0
199.835	74.0	111.0	70.0	69.0	108.0	68.0	75.0	105.0	77.0	78.0	98.0	72.0	76.0	72.0	79.0	107.0	76.0	77.0	99.0	71.0
199.928	72.0	104.0	74.0	70.0	112.0	67.0	69.0	102.0	79.0	78.0	99.0	80.0	76.0	68.0	79.0	111.0	76.0	81.0	96.0	74.0
200.021	67.0	108.0	76.0	70.0	104.0	69.0	66.0	111.0	76.0	74.0	106.0	76.0	78.0	71.0	74.0	107.0	74.0	76.0	101.0	79.0
200.114	76.0	114.0	75.0	77.0	104.0	76.0	79.0	111.0	81.0	76.0	111.0	71.0	74.0	74.0	76.0	107.0	80.0	80.0	104.0	78.0
200.207	69.0	114.0	77.0	77.0	106.0	72.0	74.0	104.0	82.0	81.0	107.0	82.0	74.0	70.0	74.0	109.0	77.0	83.0	105.0	86.0
200.3	75.0	104.0	73.0	75.0	102.0	67.0	76.0	110.0	82.0	74.0	104.0	75.0	70.0	74.0	69.0	106.0	75.0	79.0	97.0	76.0
200.393	72.0	106.0	77.0	72.0	103.0	70.0	76.0	104.0	71.0	78.0	102.0	74.0	79.0	63.0	74.0	110.0	75.0	74.0	101.0	72.0
200.486	71.0	108.0	73.0	70.0	100.0	73.0	72.0	112.0	73.0	83.0	103.0	81.0	77.0	73.0	77.0	110.0	75.0	78.0	103.0	77.0
200.58	74.0	115.0	77.0	68.0	107.0	76.0	76.0	104.0	76.0	75.0	104.0	76.0	78.0	77.0	79.0	108.0	76.0	80.0	105.0	73.0
200.673	68.0	102.0	71.0	69.0	102.0	71.0	72.0	110.0	72.0	76.0	99.0	75.0	72.0	70.0	72.0	112.0	70.0	78.0	96.0	76.0
200.766	66.0	103.0	80.0	75.0	108.0	73.0	66.0	107.0	74.0	75.0	106.0	76.0	72.0	70.0	70.0	108.0	73.0	78.0	100.0	75.0
200.859	72.0	110.0	77.0	76.0	99.0	73.0	77.0	104.0	70.0	76.0	104.0	67.0	78.0	69.0	79.0	104.0	73.0	79.0	100.0	71.0
200.952	70.0	109.0	70.0	68.0	93.0	72.0	80.0	106.0	73.0	78.0	102.0	74.0	74.0	71.0	74.0	109.0	78.0	78.0	107.0	76.0
201.045	70.0	105.0	77.0	74.0	102.0	70.0	70.0	106.0	72.0	72.0	107.0	73.0	70.0	73.0	79.0	113.0	66.0	79.0	97.0	73.0
201.139	76.0	110.0	72.0	77.0	103.0	78.0	69.0	114.0	78.0	71.0	104.0	80.0	71.0	76.0	69.0	110.0	77.0	70.0	93.0	73.0
201.232	72.0	104.0	77.0	69.0	101.0	71.0	70.0	106.0	82.0	75.0	103.0	76.0	77.0	68.0	77.0	107.0	78.0	82.0	104.0	80.0
201.325	73.0	111.0	75.0	66.0	101.0	78.0	74.0	102.0	76.0	74.0	102.0	69.0	72.0	66.0	74.0	107.0	82.0	78.0	99.0	76.0
201.418	69.0	104.0	75.0	73.0	104.0	72.0	73.0	106.0	79.0	71.0	110.0	71.0	76.0	72.0	76.0	113.0	78.0	79.0	98.0	74.0
201.512	70.0	106.0	81.0	75.0	109.0	72.0	69.0	109.0	75.0	76.0	104.0	81.0	78.0	69.0	74.0	110.0	70.0	74.0	102.0	76.0
201.605	70.0	113.0	73.0	71.0	104.0	73.0	76.0	109.0	73.0	74.0	106.0	72.0	73.0	73.0	76.0	101.0	71.0	76.0	99.0	73.0
201.698	77.0	108.0	68.0	78.0	97.0	76.0	74.0	104.0	75.0	74.0	107.0	80.0	78.0	73.0	81.0	104.0	81.0	78.0	106.0	74.0
201.792	71.0	107.0	74.0	73.0	104.0	70.0	72.0	109.0	78.0	69.0	105.0	73.0	78.0	73.0	77.0	114.0	70.0	77.0	102.0	69.0
201.885	96.0	132.0	100.0	95.0	127.0	95.0	100.0	138.0	96.0	94.0	135.0	93.0	99.0	96.0	91.0	133.0	100.0	100.0	124.0	93.0
201.978	78.0	105.0	74.0	76.0	107.0	73.0	70.0	108.0	77.0	73.0	107.0	74.0	76.0	71.0	80.0	108.0	80.0	74.0	100.0	78.0
202.072	72.0	106.0	75.0	65.0	106.0	75.0	77.0	106.0	75.0	80.0	103.0	74.0	75.0	71.0	80.0	109.0	79.0	81.0	98.0	77.0
202.165	71.0	103.0	75.0	70.0	103.0	69.0	74.0	107.0	76.0	74.0	104.0	80.0	77.0	71.0	71.0	105.0	76.0	78.0	98.0	74.0
202.259	88.0	125.0	98.0	95.0	121.0	102.0	84.0	130.0	96.0	98.0	127.0	92.0	95.0	86.0	96.0	129.0	93.0	95.0	121.0	94.0
202.352	71.0	109.0	74.0	78.0	108.0	73.0	71.0	113.0	71.0	78.0	103.0	76.0	83.0	73.0	71.0	107.0	76.0	80.0	100.0	82.0
202.446	71.0	110.0	75.0	70.0	101.0	70.0	72.0	105.0	80.0	72.0	105.0	73.0	76.0	73.0	74.0	117.0	77.0	76.0	100.0	67.0
202.539	68.0	102.0	75.0	76.0	103.0	72.0	76.0	109.0	76.0	76.0	102.0	76.0	72.0	69.0	76.0	108.0	70.0	77.0	95.0	74.0
202.633	68.0	107.0	72.0	72.0	106.0	73.0	73.0	102.0	74.0	76.0	99.0	77.0	68.0	68.0	72.0	109.0	77.0	81.0	98.0	69.0
202.726	76.0	107.0	75.0	73.0	105.0	74.0	75.0	105.0	77.0	75.0	108.0	71.0	79.0	67.0	68.0	104.0	80.0	79.0	104.0	72.0
202.82	73.0	109.0	78.0	66.0	103.0	74.0	80.0	105.0	76.0	72.0	99.0	78.0	76.0	72.0	78.0	107.0	77.0	72.0	93.0	72.0
202.913	71.0	101.0	77.0	68.0	105.0	68.0	75.0	110.0	76.0	74.0	97.0	80.0	77.0	68.0	72.0	107.0	80.0	76.0	93.0	72.0
203.007	68.0	105.0	77.0	73.0	108.0	74.0	74.0	115.0	81.0	76.0	108.0	76.0	76.0	71.0	78.0	107.0	79.0	76.0	99.0	74.0
203.1	73.0	107.0	75.0	74.0	105.0	76.0	77.0	105.0	74.0	81.0	104.0	67.0	80.0	70.0	74.0	105.0	78.0	67.0	105.0	74.0
203.194	78.0	106.0	72.0	75.0	104.0	77.0	80.0	109.0	74.0	73.0	108.0	75.0	76.0	71.0	73.0	111.0	75.0	80.0	101.0	77.0
203.288	71.0	114.0	74.0	77.0	102.0	69.0	80.0	109.0	79.0	71.0	106.0	76.0	75.0	71.0	76.0	109.0	74.0	75.0	95.0	65.0
203.381	65.0	108.0	75.0	71.0	104.0	70.0	74.0	104.0	80.0	75.0	108.0	77.0	79.0	72.0	73.0	107.0	70.0	77.0	99.0	73.0
203.475	72.0	112.0	80.0	78.0	112.0	72.0	74.0	111.0	77.0	77.0	107.0	75.0	72.0	76.0	78.0	114.0	77.0	80.0	103.0	79.0
203.569	76.0	106.0	73.0	72.0	103.0	71.0	72.0	107.0	77.0	75.0	101.0	74.0	77.0	68.0	72.0	107.0	78.0	76.0	100.0	75.0
203.662	73.0	111.0	76.0	76.0	112.0	68.0	73.0	108.0	75.0	77.0	103.0	75.0	78.0	74.0	72.0	115.0	77.0	78.0	101.0	74.0
203.756	69.0	99.0	76.0	74.0	100.0	69.0	67.0	108.0	78.0	69.0	102.0	72.0	76.0	69.0	76.0	107.0	77.0	76.0	102.0	68.0
203.85	79.0	110.0	79.0	79.0	110.0	77.0	80.0	115.0	80.0	79.0	104.0	75.0	77.0	77.0	81.0	112.0	75.0	74.0	107.0	80.0
203.943	76.0	103.0	78.0	80.0	102.0	78.0	75.0	112.0	75.0	81.0	110.0	73.0	76.0	72.0	81.0	111.0	78.0	75.0	96.0	78.0
204.037	70.0	108.0	73.0	74.0	103.0	71.0	73.0	102.0	76.0	76.0	106.0	81.0	73.0	75.0	78.0	112.0	74.0	75.0	100.0	70.0
204.131	78.0	110.0	80.0	72.0	108.0	74.0	78.0	110.0	77.0	76.0	109.0	80.0	72.0	75.0	76.0	116.0	70.0	76.0	100.0	73.0
204.225	88.0	127.0	93.0	92.0	122.0	87.0	92.0	127.0	90.0	100.0	126.0	90.0	94.0	92.0	88.0	132.0	94.0	92.0	125.0	92.0
204.318	86.0	117.0	88.0	80.0	112.0	82.0	79.0	109.0	82.0	81.0	109.0	81.0	81.0	87.0	82.0	117.0	87.0	90.0	109.0	82.0
204.412	76.0	107.0	73.0	67.0	106.0	71.0	76.0	104.0	78.0	77.0	105.0	74.0	77.0	73.0	76.0	113.0	72.0	79.0	101.0	71.0
204.506	67.0	108.0	73.0	75.0	107.0	71.0	68.0	107.0	76.0	66.0	109.0	72.0	71.0	76.0	72.0	108.0	75.0	78.0	103.0	71.0
204.6	74.0	110.0	75.0	70.0	102.0	71.0	73.0	108.0	77.0	69.0	102.0	77.0	72.0	72.0	75.0	100.0	77.0	72.0	103.0	74.0
204.694	77.0	103.0	68.0	73.0	98.0	74.0	80.0	106.0	74.0	74.0	109.0	78.0	72.0	74.0	71.0	108.0	77.0	76.0	94.0	78.0
204.788	77.0	110.0	74.0	71.0	101.0	70.0	77.0	111.0	75.0	82.0	100.0	70.0	74.0	78.0	74.0	114.0	77.0	77.0	100.0	71.0
204.882	75.0	105.0	77.0	72.0	101.0	72.0	76.0	107.0	75.0	77.0	104.0	76.0	70.0	71.0	75.0	110.0	70.0	75.0	97.0	73.0
204.975	95.0	125.0	93.0	94.0	123.0	96.0	94.0	130.0	97.0	101.0	128.0	96.0	98.0	94.0	95.0	134.0	100.0	100.0	120.0	90.0
205.069	72.0	113.0	72.0	75.0	102.0	77.0	78.0	110.0	75.0	81.0	107.0	71.0	75.0	70.0	71.0	111.0	74.0	77.0	98.0	76.0
205.163	71.0	107.0	80.0	71.0	105.0	79.0	78.0	110.0	79.0	79.0	106.0	80.0	79.0	81.0	85.0	113.0	80.0	84.0	103.0	80.0
205.257	73.0	104.0	74.0	74.0	99.0	70.0	78.0	105.0	76.0	76.0	107.0	71.0	73.0	73.0	77.0	109.0	71.0	79.0	102.0	71.0
205.351	75.0	105.0	82.0	70.0	100.0	75.0	71.0	108.0	76.0	74.0	102.0	77.0	78.0	71.0	74.0	108.0	72.0	74.0	101.0	74.0
205.445	74.0	113.0	71.0	70.0	105.0	76.0	75.0	109.0	81.0	78.0	107.0	73.0	75.0	71.0	79.0	108.0	81.0	79.0	104.0	82.0
205.539	72.0	116.0	71.0	74.0	96.0	68.0	74.0	105.0	77.0	73.0	103.0	78.0	79.0	74.0	76.0	115.0	76.0	81.0	98.0	74.0
205.633	94.0	127.0	92.0	93.0	125.0	89.0	94.0	122.0	95.0	87.0	122.0	96.0	87.0	95.0	94.0	124.0	90.0	94.0	122.0	89.0
205.727	71.0	108.0	75.0	75.0	104.0	75.0	73.0	107.0	79.0	81.0	102.0	78.0	77.0	73.0	71.0	112.0	75.0	78.0	102.0	71.0
205.821	72.0	106.0	75.0	72.0	101.0	69.0	72.0	104.0	75.0	74.0	103.0	74.0	71.0	77.0	72.0	107.0	74.0	80.0	97.0	80.0
205.915	71.0	105.0	72.0	67.0	107.0	76.0	73.0	102.0	80.0	79.0	103.0	75.0	70.0	76.0	72.0	107.0	81.0	75.0	95.0	73.0
206.01	65.0	103.0	78.0	75.0	107.0	71.0	68.0	104.0	73.0	73.0	108.0	76.0	73.0	71.0	70.0	109.0	77.0	78.0	101.0	72.0
206.104	73.0	107.0	76.0	72.0	104.0	75.0	71.0	106.0	75.0	68.0	105.0	74.0	76.0	68.0	76.0	104.0	78.0	75.0	105.0	74.0
206.198	79.0	121.0	79.0	73.0	104.0	73.0	77.0	112.0	72.0	77.0	106.0	73.0	76.0	76.0	78.0	110.0	84.0	81.0	97.0	78.0
206.292	77.0	111.0	77.0	74.0	101.0	73.0	82.0	106.0	83.0	78.0	109.0	76.0	77.0	79.0	78.0	114.0	84.0	81.0	101.0	73.0
206.386	74.0	108.0	72.0	71.0	105.0	67.0	77.0	110.0	78.0	78.0	107.0	82.0	75.0	69.0	78.0	110.0	80.0	80.0	109.0	68.0
206.48	97.0	130.0	99.0	95.0	132.0	99.0	101.0	134.0	98.0	99.0	130.0	95.0	95.0	95.0	92.0	124.0	100.0	99.0	122.0	94.0
206.574	81.0	108.0	82.0	81.0	110.0	75.0	76.0	107.0	85.0	81.0	107.0	75.0	78.0	78.0	78.0	110.0	80.0	75.0	105.0	77.0
206.669	90.0	124.0	93.0	81.0	121.0	95.0	91.0	119.0	90.0	97.0	110.0	89.0	90.0	85.0	93.0	126.0	92.0	94.0	117.0	94.0
206.763	90.0	116.0	93.0	86.0	126.0	84.0	90.0	119.0	88.0	89.0	119.0	95.0	92.0	89.0	90.0	128.0	89.0	96.0	113.0	95.0
206.857	74.0	106.0	76.0	81.0	112.0	72.0	76.0	109.0	76.0	78.0	109.0	72.0	79.0	72.0	77.0	109.0	77.0	74.0	100.0	77.0
206.951	70.0	107.0	78.0	70.0	99.0	75.0	74.0	111.0	77.0	81.0	108.0	72.0	80.0	67.0	78.0	104.0	77.0	78.0	106.0	80.0
207.046	77.0	111.0	76.0	69.0	102.0	76.0	67.0	109.0	73.0	81.0	101.0	71.0	79.0	72.0	72.0	114.0	76.0	76.0	101.0	78.0
207.14	76.0	112.0	75.0	72.0	103.0	79.0	73.0	110.0	78.0	81.0	107.0	74.0	82.0	74.0	76.0	110.0	75.0	83.0	105.0	75.0
207.234	76.0	112.0	74.0	78.0	106.0	69.0	74.0	109.0	73.0	74.0	103.0	74.0	77.0	74.0	75.0	106.0	72.0	80.0	98.0	75.0
207.329	76.0	105.0	74.0	76.0	110.0	68.0	69.0	107.0	77.0	76.0	101.0	72.0	73.0	71.0	68.0	104.0	78.0	79.0	98.0	73.0
207.423	78.0	108.0	75.0	74.0	107.0	70.0	76.0	109.0	78.0	76.0	104.0	78.0	75.0	77.0	80.0	110.0	78.0	79.0	106.0	80.0
207.517	73.0	103.0	78.0	70.0	108.0	65.0	78.0	108.0	76.0	74.0	105.0	71.0	72.0	77.0	77.0	112.0	79.0	82.0	100.0	80.0
207.612	75.0	110.0	76.0	73.0	104.0	64.0	68.0	107.0	78.0	70.0	108.0	72.0	74.0	72.0	76.0	110.0	78.0	75.0	105.0	68.0
207.706	71.0	111.0	76.0	72.0	102.0	70.0	76.0	104.0	78.0	71.0	100.0	72.0	74.0	70.0	75.0	105.0	74.0	78.0	100.0	75.0
207.8	70.0	106.0	68.0	70.0	105.0	72.0	76.0	107.0	76.0	80.0	106.0	76.0	80.0	73.0	72.0	107.0	76.0	84.0	105.0	73.0
207.895	72.0	109.0	76.0	70.0	103.0	72.0	72.0	104.0	77.0	78.0	104.0	77.0	73.0	72.0	75.0	109.0	76.0	83.0	105.0	70.0
207.989	71.0	107.0	78.0	71.0	106.0	71.0	72.0	103.0	74.0	71.0	104.0	71.0	68.0	72.0	75.0	106.0	73.0	80.0	104.0	74.0
208.084	70.0	111.0	76.0	76.0	102.0	73.0	73.0	106.0	77.0	75.0	104.0	72.0	77.0	71.0	68.0	113.0	78.0	78.0	97.0	75.0
208.178	71.0	110.0	77.0	79.0	103.0	74.0	76.0	108.0	74.0	79.0	104.0	75.0	78.0	73.0	81.0	113.0	82.0	81.0	102.0	76.0
208.273	74.0	108.0	76.0	72.0	106.0	70.0	75.0	109.0	73.0	77.0	98.0	74.0	77.0	68.0	79.0	113.0	68.0	82.0	102.0	75.0
208.367	70.0	110.0	75.0	74.0	107.0	69.0	74.0	106.0	72.0	68.0	109.0	75.0	79.0	66.0	77.0	105.0	76.0	75.0	104.0	71.0
208.462	76.0	112.0	76.0	81.0	107.0	77.0	73.0	111.0	80.0	75.0	108.0	76.0	86.0	75.0	75.0	106.0	75.0	81.0	108.0	74.0
208.556	79.0	110.0	78.0	74.0	100.0	76.0	84.0	106.0	80.0	77.0	105.0	80.0	79.0	80.0	77.0	116.0	78.0	84.0	104.0	84.0
208.651	76.0	102.0	70.0	76.0	104.0	74.0	75.0	104.0	75.0	72.0	101.0	72.0	70.0	73.0	77.0	110.0	76.0	77.0	103.0	74.0
208.745	78.0	109.0	80.0	80.0	108.0	71.0	74.0	109.0	80.0	83.0	111.0	82.0	75.0	70.0	74.0	118.0	78.0	77.0	100.0	71.0
208.84	82.0	115.0	81.0	81.0	111.0	77.0	74.0	105.0	82.0	82.0	106.0	82.0	77.0	74.0	74.0	117.0	81.0	80.0	105.0	81.0
208.934	69.0	111.0	72.0	72.0	106.0	75.0	75.0	104.0	74.0	79.0	104.0	77.0	81.0	76.0	78.0	106.0	79.0	80.0	106.0	77.0
209.029	74.0	99.0	72.0	73.0	108.0	69.0	78.0	107.0	80.0	82.0	108.0	80.0	82.0	73.0	79.0	113.0	83.0	86.0	100.0	78.0
209.124	69.0	106.0	76.0	77.0	105.0	70.0	72.0	112.0	81.0	75.0	107.0	75.0	74.0	75.0	79.0	111.0	76.0	77.0	100.0	82.0
209.218	69.0	104.0	79.0	72.0	103.0	70.0	73.0	104.0	75.0	73.0	106.0	68.0	76.0	68.0	74.0	107.0	79.0	74.0	98.0	81.0
209.313	78.0	105.0	75.0	74.0	101.0	73.0	74.0	101.0	74.0	78.0	104.0	71.0	74.0	73.0	77.0	109.0	79.0	79.0	99.0	77.0
209.408	73.0	105.0	76.0	76.0	99.0	68.0	79.0	102.0	77.0	79.0	103.0	75.0	78.0	69.0	77.0	110.0	78.0	79.0	103.0	74.0
209.502	73.0	110.0	75.0	73.0	103.0	74.0	78.0	110.0	82.0	72.0	106.0	83.0	71.0	69.0	75.0	107.0	70.0	77.0	97.0	77.0
209.597	80.0	117.0	77.0	82.0	109.0	77.0	75.0	116.0	81.0	80.0	105.0	78.0	77.0	73.0	73.0	111.0	76.0	77.0	105.0	81.0
209.692	72.0	106.0	80.0	74.0	104.0	73.0	75.0	105.0	79.0	73.0	105.0	78.0	78.0	73.0	78.0	112.0	81.0	81.0	97.0	77.0
209.786	74.0	104.0	66.0	74.0	97.0	70.0	76.0	105.0	76.0	77.0	106.0	83.0	79.0	72.0	77.0	110.0	72.0	80.0	99.0	74.0
209.881	71.0	108.0	72.0	74.0	103.0	70.0	72.0	109.0	77.0	73.0	106.0	84.0	71.0	69.0	75.0	113.0	73.0	83.0	104.0	76.0
209.976	74.0	106.0	79.0	76.0	105.0	75.0	70.0	111.0	73.0	73.0	100.0	77.0	72.0	70.0	79.0	108.0	76.0	71.0	104.0	74.0
210.071	77.0	107.0	69.0	70.0	103.0	74.0	77.0	108.0	75.0	77.0	103.0	75.0	75.0	74.0	77.0	111.0	74.0	79.0	102.0	69.0
210.166	74.0	106.0	72.0	74.0	104.0	69.0	75.0	107.0	76.0	74.0	103.0	77.0	77.0	73.0	72.0	112.0	78.0	80.0	104.0	76.0
210.26	78.0	110.0	75.0	74.0	108.0	69.0	73.0	102.0	76.0	74.0	105.0	74.0	76.0	71.0	74.0	108.0	73.0	77.0	97.0	68.0
210.355	69.0	111.0	74.0	72.0	102.0	77.0	76.0	108.0	77.0	81.0	101.0	74.0	73.0	67.0	76.0	105.0	76.0	75.0	104.0	74.0
210.45	72.0	109.0	71.0	75.0	104.0	75.0	71.0	102.0	76.0	77.0	102.0	74.0	79.0	74.0	72.0	112.0	81.0	76.0	98.0	75.0
210.545	72.0	106.0	81.0	79.0	107.0	78.0	78.0	114.0	84.0	81.0	115.0	80.0	82.0	76.0	80.0	116.0	85.0	80.0	104.0	78.0
210.64	71.0	112.0	78.0	80.0	108.0	75.0	79.0	107.0	76.0	73.0	105.0	78.0	79.0	72.0	79.0	116.0	82.0	82.0	109.0	83.0
210.735	70.0	115.0	77.0	74.0	106.0	74.0	70.0	106.0	81.0	72.0	104.0	73.0	77.0	65.0	75.0	100.0	79.0	71.0	98.0	75.0
210.83	78.0	114.0	74.0	81.0	101.0	80.0	75.0	115.0	71.0	83.0	105.0	74.0	75.0	77.0	79.0	107.0	83.0	77.0	106.0	80.0
210.925	70.0	112.0	71.0	78.0	105.0	72.0	80.0	104.0	76.0	76.0	103.0	79.0	78.0	72.0	78.0	107.0	73.0	81.0	104.0	79.0
211.02	73.0	111.0	72.0	74.0	100.0	73.0	73.0	107.0	82.0	74.0	104.0	80.0	74.0	72.0	73.0	112.0	74.0	79.0	97.0	69.0
211.114	76.0	106.0	77.0	78.0	103.0	68.0	77.0	106.0	76.0	78.0	99.0	73.0	71.0	67.0	76.0	106.0	72.0	72.0	98.0	72.0
211.209	74.0	109.0	80.0	75.0	108.0	75.0	78.0	109.0	83.0	77.0	99.0	78.0	82.0	75.0	76.0	112.0	80.0	79.0	103.0	74.0
211.304	78.0	101.0	80.0	68.0	105.0	72.0	74.0	100.0	72.0	76.0	104.0	74.0	78.0	73.0	73.0	107.0	78.0	80.0	106.0	74.0
211.399	73.0	106.0	76.0	73.0	107.0	70.0	81.0	110.0	75.0	69.0	107.0	76.0	76.0	73.0	78.0	116.0	77.0	80.0	104.0	75.0
211.494	67.0	109.0	78.0	75.0	98.0	70.0	71.0	105.0	83.0	73.0	102.0	75.0	74.0	68.0	72.0	107.0	73.0	76.0	101.0	74.0
211.59	76.0	107.0	73.0	79.0	103.0	83.0	72.0	113.0	76.0	71.0	107.0	75.0	74.0	77.0	81.0	111.0	78.0	81.0	104.0	77.0
211.685	83.0	115.0	86.0	80.0	110.0	83.0	84.0	115.0	88.0	83.0	111.0	84.0	83.0	83.0	82.0	121.0	92.0	87.0	106.0	81.0
211.78	91.0	122.0	90.0	85.0	117.0	83.0	90.0	120.0	86.0	89.0	116.0	84.0	83.0	84.0	85.0	128.0	83.0	91.0	102.0	84.0
211.875	79.0	112.0	76.0	76.0	107.0	71.0	76.0	108.0	79.0	75.0	101.0	77.0	83.0	72.0	76.0	108.0	77.0	77.0	104.0	75.0
211.97	76.0	107.0	69.0	78.0	107.0	72.0	79.0	101.0	78.0	75.0	98.0	74.0	79.0	70.0	74.0	114.0	76.0	79.0	102.0	80.0
212.065	86.0	117.0	86.0	82.0	115.0	81.0	83.0	116.0	81.0	87.0	114.0	83.0	88.0	79.0	85.0	117.0	84.0	89.0	113.0	82.0
212.16	73.0	109.0	76.0	72.0	108.0	68.0	78.0	109.0	84.0	78.0	106.0	76.0	79.0	74.0	80.0	112.0	79.0	82.0	102.0	77.0
212.255	70.0	105.0	76.0	74.0	106.0	72.0	70.0	108.0	80.0	73.0	105.0	79.0	76.0	74.0	76.0	107.0	77.0	74.0	100.0	72.0
212.35	70.0	111.0	78.0	74.0	105.0	79.0	70.0	110.0	69.0	75.0	107.0	72.0	78.0	78.0	74.0	113.0	73.0	76.0	101.0	77.0
212.446	76.0	107.0	73.0	74.0	99.0	75.0	77.0	109.0	74.0	80.0	100.0	75.0	77.0	71.0	73.0	116.0	79.0	80.0	104.0	73.0
212.541	75.0	112.0	78.0	73.0	106.0	78.0	73.0	109.0	83.0	78.0	109.0	84.0	77.0	71.0	78.0	114.0	82.0	82.0	98.0	78.0
212.636	79.0	120.0	87.0	75.0	115.0	80.0	83.0	118.0	83.0	87.0	110.0	84.0	87.0	84.0	81.0	119.0	88.0	86.0	112.0	83.0
212.731	66.0	109.0	78.0	75.0	104.0	72.0	77.0	107.0	81.0	75.0	100.0	84.0	79.0	72.0	71.0	108.0	78.0	80.0	108.0	75.0
212.827	76.0	104.0	79.0	71.0	102.0	73.0	76.0	102.0	76.0	82.0	103.0	80.0	77.0	77.0	76.0	108.0	77.0	80.0	100.0	74.0
212.922	72.0	102.0	72.0	74.0	102.0	71.0	75.0	104.0	77.0	70.0	111.0	78.0	78.0	67.0	77.0	108.0	79.0	83.0	104.0	71.0
213.017	69.0	103.0	73.0	79.0	104.0	79.0	73.0	107.0	82.0	68.0	107.0	83.0	73.0	69.0	76.0	110.0	75.0	80.0	107.0	70.0
213.112	74.0	108.0	78.0	74.0	104.0	76.0	66.0	108.0	74.0	74.0	109.0	74.0	77.0	75.0	77.0	108.0	82.0	74.0	104.0	74.0
213.208	71.0	107.0	71.0	73.0	104.0	75.0	76.0	107.0	74.0	77.0	101.0	71.0	77.0	68.0	79.0	114.0	81.0	84.0	104.0	77.0
213.303	74.0	112.0	79.0	76.0	112.0	74.0	81.0	117.0	81.0	83.0	103.0	79.0	79.0	76.0	82.0	111.0	81.0	85.0	101.0	74.0
213.398	75.0	107.0	78.0	72.0	105.0	74.0	75.0	105.0	79.0	70.0	105.0	84.0	77.0	75.0	78.0	111.0	75.0	81.0	102.0	71.0
213.494	75.0	112.0	74.0	77.0	106.0	69.0	75.0	105.0	83.0	75.0	105.0	80.0	80.0	77.0	73.0	112.0	78.0	75.0	109.0	69.0
213.589	79.0	105.0	83.0	78.0	109.0	76.0	80.0	106.0	79.0	78.0	104.0	82.0	84.0	76.0	74.0	108.0	79.0	74.0	101.0	78.0
213.684	78.0	106.0	79.0	79.0	108.0	73.0	78.0	104.0	75.0	78.0	95.0	77.0	78.0	68.0	80.0	116.0	78.0	80.0	102.0	76.0
213.78	76.0	103.0	83.0	79.0	108.0	71.0	74.0	113.0	77.0	75.0	108.0	77.0	85.0	73.0	81.0	107.0	74.0	82.0	104.0	76.0
213.875	75.0	110.0	84.0	79.0	104.0	75.0	72.0	108.0	79.0	78.0	105.0	74.0	75.0	73.0	75.0	111.0	82.0	71.0	105.0	74.0
213.971	74.0	108.0	78.0	68.0	101.0	78.0	79.0	108.0	69.0	72.0	106.0	68.0	75.0	77.0	69.0	110.0	77.0	80.0	99.0	76.0
214.066	74.0	109.0	76.0	69.0	109.0	72.0	78.0	107.0	77.0	78.0	104.0	74.0	77.0	71.0	78.0	115.0	76.0	78.0	95.0	76.0
214.162	74.0	107.0	74.0	77.0	104.0	73.0	77.0	108.0	78.0	75.0	107.0	81.0	69.0	74.0	74.0	107.0	71.0	77.0	98.0	72.0
214.257	79.0	106.0	84.0	75.0	103.0	76.0	73.0	109.0	73.0	75.0	101.0	81.0	78.0	70.0	75.0	110.0	70.0	81.0	106.0	77.0
214.353	75.0	105.0	81.0	69.0	105.0	78.0	77.0	110.0	74.0	74.0	105.0	76.0	73.0	72.0	74.0	111.0	78.0	85.0	105.0	77.0
214.448	77.0	106.0	74.0	72.0	106.0	70.0	72.0	107.0	79.0	81.0	108.0	79.0	78.0	73.0	74.0	115.0	77.0	82.0	101.0	77.0
214.544	76.0	108.0	74.0	84.0	107.0	73.0	80.0	107.0	80.0	70.0	104.0	81.0	78.0	76.0	82.0	110.0	82.0	81.0	106.0	78.0
214.639	69.0	112.0	75.0	75.0	104.0	82.0	74.0	110.0	80.0	74.0	102.0	81.0	80.0	70.0	83.0	108.0	77.0	76.0	104.0	77.0
214.735	71.0	108.0	74.0	73.0	97.0	74.0	77.0	102.0	75.0	72.0	104.0	75.0	78.0	75.0	80.0	111.0	80.0	84.0	103.0	75.0
214.83	78.0	115.0	79.0	76.0	104.0	77.0	77.0	113.0	81.0	79.0	106.0	79.0	88.0	74.0	79.0	111.0	84.0	87.0	101.0	76.0
214.926	79.0	111.0	83.0	70.0	105.0	80.0	80.0	107.0	80.0	78.0	107.0	77.0	76.0	67.0	87.0	114.0	78.0	77.0	104.0	76.0
215.022	75.0	113.0	87.0	74.0	108.0	77.0	77.0	113.0	81.0	76.0	103.0	77.0	83.0	71.0	80.0	117.0	83.0	81.0	105.0	76.0
215.117	81.0	114.0	88.0	82.0	110.0	76.0	74.0	114.0	82.0	73.0	108.0	86.0	90.0	81.0	76.0	119.0	88.0	84.0	100.0	74.0
215.213	81.0	111.0	83.0	80.0	108.0	80.0	84.0	119.0	87.0	81.0	114.0	80.0	84.0	82.0	91.0	122.0	93.0	86.0	106.0	83.0
215.308	72.0	109.0	82.0	83.0	110.0	76.0	88.0	117.0	88.0	83.0	107.0	87.0	84.0	71.0	86.0	116.0	93.0	86.0	109.0	84.0
215.404	67.0	116.0	79.0	78.0	107.0	83.0	80.0	122.0	79.0	76.0	105.0	82.0	78.0	75.0	75.0	111.0	84.0	83.0	104.0	82.0
215.5	74.0	112.0	81.0	74.0	105.0	75.0	77.0	114.0	78.0	84.0	106.0	74.0	77.0	76.0	78.0	115.0	83.0	81.0	99.0	75.0
215.596	80.0	115.0	71.0	80.0	106.0	79.0	78.0	114.0	85.0	89.0	105.0	85.0	82.0	74.0	81.0	122.0	87.0	85.0	100.0	85.0
215.691	76.0	110.0	80.0	74.0	111.0	76.0	77.0	111.0	84.0	82.0	102.0	78.0	78.0	74.0	76.0	112.0	74.0	79.0	105.0	76.0
215.787	79.0	108.0	75.0	73.0	105.0	74.0	83.0	111.0	84.0	74.0	101.0	77.0	81.0	74.0	76.0	110.0	76.0	80.0	102.0	71.0
215.883	74.0	109.0	79.0	72.0	109.0	77.0	68.0	114.0	75.0	79.0	99.0	66.0	75.0	69.0	77.0	109.0	76.0	75.0	101.0	72.0
215.979	77.0	105.0	84.0	75.0	108.0	70.0	75.0	106.0	81.0	78.0	105.0	80.0	78.0	77.0	79.0	109.0	83.0	78.0	103.0	77.0
216.074	94.0	129.0	95.0	86.0	122.0	91.0	100.0	122.0	100.0	94.0	124.0	96.0	97.0	94.0	102.0	125.0	93.0	93.0	118.0	95.0
216.17	75.0	110.0	77.0	76.0	108.0	76.0	75.0	113.0	82.0	73.0	112.0	83.0	78.0	72.0	80.0	109.0	81.0	73.0	105.0	75.0
216.266	78.0	113.0	87.0	84.0	110.0	80.0	82.0	117.0	80.0	75.0	107.0	81.0	88.0	73.0	85.0	121.0	80.0	85.0	111.0	81.0
216.362	76.0	106.0	80.0	79.0	107.0	76.0	77.0	110.0	80.0	80.0	104.0	78.0	79.0	76.0	76.0	115.0	82.0	80.0	104.0	80.0
216.458	74.0	111.0	78.0	74.0	104.0	71.0	78.0	113.0	78.0	79.0	109.0	75.0	77.0	72.0	74.0	106.0	77.0	80.0	104.0	75.0
216.553	73.0	115.0	81.0	73.0	103.0	75.0	80.0	117.0	74.0	79.0	101.0	84.0	73.0	73.0	73.0	107.0	77.0	75.0	104.0	70.0
216.649	82.0	111.0	76.0	77.0	107.0	76.0	71.0	110.0	77.0	77.0	105.0	78.0	82.0	77.0	78.0	114.0	82.0	79.0	100.0	78.0
216.745	73.0	104.0	79.0	72.0	104.0	75.0	74.0	108.0	79.0	74.0	104.0	76.0	84.0	78.0	78.0	117.0	78.0	80.0	102.0	80.0
216.841	76.0	113.0	78.0	72.0	108.0	69.0	80.0	112.0	86.0	74.0	107.0	79.0	84.0	80.0	75.0	113.0	83.0	85.0	106.0	82.0
216.937	65.0	110.0	72.0	81.0	112.0	82.0	78.0	109.0	80.0	71.0	103.0	75.0	75.0	75.0	79.0	112.0	78.0	77.0	103.0	75.0
217.033	75.0	112.0	81.0	79.0	104.0	74.0	76.0	113.0	78.0	78.0	104.0	72.0	81.0	79.0	78.0	110.0	72.0	80.0	99.0	78.0
217.129	74.0	109.0	73.0	74.0	104.0	73.0	80.0	110.0	79.0	75.0	103.0	76.0	79.0	75.0	77.0	114.0	80.0	82.0	107.0	78.0
217.225	75.0	107.0	73.0	82.0	110.0	75.0	79.0	112.0	87.0	77.0	104.0	78.0	76.0	82.0	82.0	117.0	85.0	78.0	107.0	78.0
217.321	76.0	110.0	79.0	77.0	108.0	76.0	78.0	106.0	77.0	78.0	102.0	76.0	78.0	75.0	79.0	109.0	80.0	83.0	100.0	80.0
217.417	79.0	105.0	79.0	78.0	110.0	81.0	75.0	106.0	78.0	78.0	99.0	79.0	73.0	79.0	75.0	115.0	80.0	76.0	102.0	74.0
217.513	78.0	107.0	82.0	76.0	107.0	74.0	83.0	107.0	77.0	78.0	105.0	76.0	75.0	79.0	72.0	113.0	83.0	79.0	100.0	77.0
217.609	76.0	109.0	81.0	75.0	106.0	79.0	75.0	115.0	86.0	76.0	111.0	81.0	83.0	78.0	84.0	113.0	77.0	87.0	105.0	78.0
217.705	70.0	112.0	76.0	75.0	107.0	74.0	74.0	107.0	81.0	74.0	101.0	76.0	70.0	72.0	81.0	108.0	72.0	77.0	103.0	77.0
217.801	75.0	110.0	78.0	76.0	105.0	79.0	76.0	112.0	76.0	78.0	112.0	74.0	75.0	72.0	77.0	104.0	79.0	79.0	99.0	80.0
217.897	82.0	106.0	80.0	80.0	103.0	76.0	76.0	107.0	73.0	77.0	106.0	81.0	84.0	78.0	79.0	116.0	80.0	80.0	100.0	79.0
217.993	74.0	109.0	81.0	69.0	106.0	73.0	77.0	111.0	81.0	82.0	107.0	79.0	81.0	78.0	83.0	115.0	83.0	89.0	103.0	80.0
218.089	96.0	131.0	104.0	96.0	136.0	97.0	106.0	131.0	111.0	105.0	125.0	101.0	97.0	91.0	94.0	129.0	93.0	101.0	128.0	98.0
218.185	84.0	109.0	83.0	81.0	109.0	84.0	84.0	113.0	84.0	83.0	111.0	77.0	84.0	74.0	85.0	120.0	86.0	87.0	104.0	78.0
218.282	77.0	104.0	82.0	73.0	106.0	78.0	84.0	113.0	86.0	72.0	101.0	80.0	83.0	75.0	76.0	115.0	81.0	83.0	102.0	81.0
218.378	77.0	108.0	74.0	81.0	106.0	76.0	80.0	117.0	88.0	77.0	108.0	77.0	78.0	77.0	80.0	115.0	87.0	83.0	101.0	82.0
218.474	70.0	116.0	74.0	78.0	108.0	74.0	72.0	113.0	87.0	73.0	105.0	77.0	78.0	69.0	80.0	116.0	83.0	79.0	105.0	78.0
218.57	77.0	115.0	77.0	76.0	107.0	80.0	70.0	124.0	75.0	77.0	108.0	82.0	83.0	74.0	77.0	113.0	83.0	75.0	99.0	79.0
218.666	72.0	113.0	73.0	74.0	108.0	74.0	74.0	110.0	79.0	73.0	107.0	75.0	82.0	80.0	80.0	115.0	81.0	79.0	105.0	82.0
218.762	77.0	115.0	81.0	83.0	117.0	83.0	87.0	116.0	88.0	84.0	113.0	76.0	88.0	80.0	83.0	118.0	85.0	85.0	111.0	88.0
218.859	73.0	117.0	86.0	79.0	119.0	82.0	83.0	121.0	80.0	81.0	113.0	81.0	82.0	80.0	84.0	114.0	82.0	84.0	106.0	78.0
218.955	72.0	115.0	81.0	78.0	105.0	75.0	80.0	116.0	81.0	81.0	99.0	79.0	79.0	79.0	74.0	111.0	75.0	82.0	103.0	72.0
219.051	73.0	107.0	77.0	75.0	104.0	71.0	79.0	109.0	82.0	69.0	104.0	81.0	77.0	74.0	73.0	111.0	80.0	78.0	100.0	77.0
219.147	79.0	112.0	80.0	77.0	110.0	67.0	75.0	111.0	76.0	76.0	109.0	79.0	82.0	76.0	78.0	114.0	82.0	83.0	104.0	81.0
219.244	72.0	110.0	79.0	79.0	111.0	74.0	82.0	112.0	81.0	75.0	102.0	81.0	79.0	74.0	79.0	112.0	78.0	80.0	104.0	75.0
219.34	76.0	113.0	82.0	81.0	104.0	80.0	78.0	116.0	80.0	79.0	106.0	82.0	81.0	78.0	78.0	113.0	80.0	82.0	100.0	81.0
219.436	76.0	110.0	77.0	81.0	109.0	79.0	79.0	112.0	78.0	75.0	105.0	78.0	80.0	77.0	86.0	116.0	79.0	82.0	107.0	79.0
219.533	83.0	119.0	79.0	76.0	107.0	85.0	78.0	114.0	81.0	81.0	109.0	82.0	80.0	82.0	84.0	120.0	79.0	87.0	104.0	78.0
219.629	80.0	109.0	78.0	78.0	112.0	74.0	77.0	106.0	80.0	73.0	104.0	77.0	76.0	69.0	74.0	117.0	76.0	79.0	102.0	74.0
219.725	74.0	112.0	77.0	73.0	104.0	79.0	75.0	111.0	78.0	85.0	101.0	76.0	78.0	70.0	78.0	109.0	78.0	81.0	100.0	77.0
219.822	73.0	113.0	82.0	73.0	107.0	77.0	78.0	116.0	83.0	85.0	111.0	74.0	85.0	74.0	76.0	114.0	85.0	82.0	108.0	86.0
219.918	78.0	110.0	77.0	80.0	107.0	74.0	74.0	111.0	79.0	78.0	108.0	77.0	75.0	79.0	80.0	109.0	78.0	82.0	103.0	75.0
220.015	77.0	120.0	80.0	82.0	113.0	80.0	85.0	120.0	86.0	86.0	109.0	84.0	80.0	79.0	84.0	121.0	87.0	83.0	112.0	81.0
220.111	69.0	112.0	78.0	74.0	109.0	76.0	71.0	118.0	82.0	74.0	104.0	78.0	78.0	74.0	77.0	107.0	82.0	81.0	100.0	77.0
220.208	78.0	110.0	80.0	79.0	101.0	75.0	75.0	114.0	80.0	75.0	99.0	69.0	85.0	73.0	76.0	113.0	76.0	79.0	105.0	80.0
220.304	82.0	112.0	73.0	78.0	109.0	76.0	77.0	113.0	82.0	77.0	111.0	77.0	80.0	76.0	77.0	119.0	81.0	78.0	109.0	77.0
220.4	70.0	115.0	79.0	79.0	111.0	71.0	73.0	114.0	88.0	78.0	107.0	80.0	74.0	72.0	81.0	112.0	82.0	78.0	107.0	75.0
220.497	69.0	109.0	79.0	82.0	109.0	78.0	80.0	114.0	79.0	80.0	104.0	80.0	80.0	68.0	78.0	111.0	78.0	80.0	102.0	77.0
220.593	77.0	108.0	81.0	75.0	109.0	75.0	75.0	113.0	76.0	77.0	102.0	77.0	72.0	74.0	74.0	114.0	80.0	78.0	106.0	73.0
220.69	72.0	105.0	77.0	80.0	106.0	74.0	71.0	107.0	78.0	77.0	110.0	78.0	80.0	77.0	82.0	113.0	83.0	74.0	107.0	81.0
220.786	86.0	124.0	87.0	88.0	117.0	80.0	94.0	123.0	90.0	90.0	116.0	90.0	91.0	81.0	88.0	122.0	89.0	96.0	117.0	95.0
220.883	78.0	107.0	75.0	80.0	105.0	81.0	79.0	117.0	80.0	84.0	104.0	80.0	76.0	81.0	81.0	110.0	78.0	78.0	101.0	72.0
220.98	79.0	112.0	78.0	79.0	101.0	82.0	75.0	109.0	77.0	78.0	101.0	76.0	82.0	80.0	77.0	108.0	81.0	81.0	100.0	75.0
221.076	77.0	114.0	75.0	84.0	107.0	79.0	74.0	111.0	85.0	80.0	106.0	77.0	81.0	74.0	81.0	113.0	77.0	78.0	105.0	77.0
221.173	78.0	112.0	78.0	82.0	108.0	78.0	82.0	112.0	84.0	77.0	102.0	77.0	79.0	78.0	78.0	115.0	79.0	82.0	107.0	82.0
221.269	68.0	112.0	77.0	80.0	110.0	74.0	75.0	110.0	74.0	74.0	100.0	75.0	80.0	74.0	76.0	110.0	68.0	73.0	101.0	76.0
221.366	77.0	106.0	81.0	75.0	105.0	74.0	71.0	111.0	78.0	81.0	103.0	75.0	76.0	74.0	74.0	113.0	87.0	82.0	100.0	82.0
221.463	79.0	109.0	73.0	78.0	108.0	80.0	84.0	106.0	78.0	78.0	101.0	83.0	82.0	79.0	81.0	115.0	81.0	81.0	100.0	79.0
221.559	72.0	110.0	82.0	77.0	106.0	70.0	79.0	115.0	86.0	84.0	106.0	80.0	82.0	75.0	83.0	116.0	82.0	81.0	105.0	80.0
221.656	70.0	111.0	82.0	74.0	111.0	78.0	74.0	121.0	84.0	80.0	111.0	85.0	82.0	76.0	82.0	112.0	82.0	79.0	104.0	83.0
221.753	82.0	112.0	79.0	83.0	101.0	74.0	73.0	114.0	76.0	82.0	106.0	80.0	85.0	80.0	80.0	114.0	82.0	76.0	104.0	75.0
221.849	86.0	115.0	80.0	83.0	103.0	83.0	85.0	121.0	82.0	82.0	106.0	78.0	86.0	81.0	81.0	119.0	82.0	82.0	106.0	82.0
221.946	74.0	111.0	74.0	81.0	106.0	76.0	78.0	116.0	83.0	82.0	106.0	80.0	86.0	75.0	84.0	112.0	85.0	78.0	103.0	84.0
222.043	80.0	113.0	81.0	78.0	112.0	78.0	78.0	117.0	90.0	79.0	102.0	80.0	82.0	77.0	81.0	122.0	85.0	81.0	101.0	76.0
222.14	77.0	113.0	85.0	74.0	114.0	82.0	87.0	115.0	85.0	80.0	104.0	79.0	91.0	74.0	82.0	129.0	89.0	87.0	103.0	82.0
222.236	76.0	115.0	82.0	76.0	107.0	76.0	83.0	118.0	84.0	78.0	109.0	82.0	82.0	77.0	86.0	122.0	95.0	86.0	106.0	80.0
222.333	74.0	119.0	86.0	79.0	108.0	73.0	86.0	119.0	91.0	80.0	105.0	84.0	84.0	73.0	83.0	124.0	88.0	91.0	103.0	88.0
222.43	76.0	118.0	90.0	90.0	114.0	89.0	92.0	128.0	98.0	88.0	99.0	86.0	95.0	83.0	92.0	132.0	102.0	89.0	107.0	88.0
222.527	84.0	115.0	86.0	82.0	109.0	84.0	87.0	121.0	92.0	87.0	113.0	84.0	83.0	80.0	90.0	126.0	93.0	89.0	102.0	87.0
222.624	76.0	111.0	88.0	77.0	104.0	84.0	85.0	121.0	82.0	84.0	107.0	82.0	90.0	80.0	84.0	122.0	91.0	89.0	109.0	80.0
222.72	74.0	114.0	78.0	79.0	114.0	80.0	78.0	118.0	84.0	76.0	108.0	85.0	85.0	74.0	83.0	119.0	87.0	84.0	104.0	80.0
222.817	81.0	111.0	82.0	80.0	110.0	74.0	77.0	108.0	87.0	77.0	103.0	81.0	78.0	72.0	79.0	114.0	79.0	86.0	103.0	77.0
222.914	73.0	108.0	78.0	78.0	103.0	76.0	78.0	107.0	86.0	80.0	98.0	76.0	81.0	76.0	76.0	109.0	81.0	80.0	103.0	74.0
223.011	77.0	113.0	76.0	78.0	111.0	76.0	78.0	107.0	81.0	78.0	106.0	80.0	75.0	78.0	78.0	116.0	82.0	83.0	106.0	82.0
223.108	83.0	121.0	94.0	93.0	124.0	84.0	90.0	125.0	91.0	87.0	119.0	93.0	91.0	88.0	94.0	128.0	94.0	100.0	121.0	95.0
223.205	73.0	117.0	80.0	82.0	111.0	86.0	87.0	118.0	86.0	79.0	107.0	79.0	85.0	80.0	84.0	122.0	84.0	83.0	109.0	83.0
223.302	74.0	108.0	81.0	77.0	107.0	76.0	74.0	106.0	76.0	76.0	100.0	78.0	80.0	80.0	85.0	114.0	78.0	84.0	97.0	77.0
223.399	73.0	113.0	80.0	75.0	105.0	73.0	78.0	112.0	77.0	77.0	104.0	76.0	75.0	74.0	74.0	117.0	81.0	82.0	102.0	77.0
223.496	77.0	111.0	79.0	76.0	100.0	74.0	81.0	121.0	88.0	82.0	101.0	79.0	81.0	78.0	84.0	120.0	84.0	85.0	112.0	75.0
223.593	76.0	106.0	83.0	80.0	107.0	76.0	79.0	112.0	82.0	78.0	101.0	79.0	76.0	81.0	82.0	116.0	79.0	81.0	108.0	70.0
223.69	102.0	132.0	109.0	98.0	136.0	105.0	106.0	145.0	110.0	107.0	130.0	106.0	102.0	101.0	107.0	142.0	107.0	103.0	135.0	101.0
223.787	76.0	112.0	84.0	83.0	105.0	71.0	80.0	108.0	82.0	78.0	102.0	78.0	77.0	78.0	83.0	113.0	89.0	82.0	104.0	80.0
223.884	78.0	111.0	78.0	80.0	110.0	65.0	78.0	117.0	81.0	78.0	107.0	81.0	82.0	71.0	81.0	121.0	83.0	84.0	100.0	81.0
223.981	69.0	105.0	79.0	74.0	104.0	77.0	79.0	113.0	84.0	74.0	106.0	78.0	82.0	73.0	83.0	111.0	82.0	78.0	105.0	76.0
224.078	79.0	116.0	84.0	78.0	115.0	79.0	75.0	119.0	89.0	79.0	105.0	89.0	83.0	81.0	84.0	118.0	90.0	78.0	105.0	83.0
224.175	77.0	112.0	85.0	80.0	105.0	78.0	78.0	115.0	82.0	75.0	106.0	74.0	81.0	76.0	86.0	112.0	86.0	82.0	104.0	81.0
224.272	78.0	113.0	74.0	76.0	108.0	82.0	78.0	112.0	84.0	81.0	107.0	87.0	83.0	79.0	87.0	120.0	79.0	80.0	104.0	80.0
224.369	77.0	118.0	74.0	83.0	107.0	83.0	81.0	121.0	92.0	80.0	108.0	84.0	82.0	80.0	84.0	125.0	90.0	89.0	110.0	79.0
224.466	82.0	111.0	82.0	83.0	113.0	78.0	84.0	110.0	88.0	80.0	96.0	82.0	83.0	77.0	82.0	117.0	86.0	83.0	100.0	74.0
224.563	79.0	111.0	84.0	77.0	108.0	77.0	79.0	117.0	88.0	79.0	101.0	78.0	85.0	79.0	82.0	115.0	84.0	83.0	105.0	79.0
224.66	78.0	115.0	81.0	86.0	106.0	77.0	83.0	115.0	81.0	84.0	104.0	79.0	84.0	73.0	87.0	118.0	91.0	80.0	105.0	84.0
224.757	72.0	116.0	85.0	82.0	112.0	76.0	87.0	122.0	91.0	81.0	105.0	88.0	86.0	82.0	85.0	118.0	92.0	87.0	105.0	87.0
224.855	73.0	120.0	80.0	80.0	111.0	80.0	81.0	118.0	82.0	82.0	103.0	84.0	79.0	81.0	84.0	113.0	86.0	80.0	102.0	77.0
224.952	81.0	108.0	79.0	85.0	100.0	78.0	80.0	107.0	78.0	82.0	103.0	77.0	79.0	75.0	86.0	116.0	79.0	84.0	104.0	77.0
225.049	70.0	108.0	76.0	83.0	105.0	74.0	84.0	116.0	77.0	81.0	106.0	83.0	79.0	72.0	83.0	120.0	85.0	82.0	103.0	74.0
225.146	77.0	115.0	82.0	85.0	112.0	77.0	73.0	111.0	82.0	75.0	103.0	80.0	77.0	76.0	82.0	119.0	83.0	82.0	106.0	76.0
225.243	72.0	113.0	84.0	81.0	111.0	82.0	76.0	116.0	92.0	79.0	102.0	78.0	84.0	83.0	79.0	121.0	82.0	84.0	104.0	74.0
225.341	72.0	108.0	87.0	74.0	109.0	78.0	79.0	112.0	90.0	82.0	103.0	74.0	85.0	82.0	84.0	114.0	92.0	84.0	104.0	84.0
225.438	83.0	130.0	94.0	81.0	118.0	95.0	100.0	131.0	103.0	92.0	109.0	87.0	100.0	80.0	102.0	131.0	114.0	96.0	106.0	95.0
225.535	80.0	129.0	100.0	92.0	120.0	94.0	104.0	136.0	109.0	90.0	104.0	93.0	99.0	85.0	98.0	134.0	112.0	97.0	104.0	92.0
225.633	78.0	118.0	81.0	83.0	111.0	84.0	85.0	124.0	89.0	82.0	102.0	84.0	89.0	80.0	87.0	118.0	91.0	86.0	104.0	88.0
225.73	81.0	111.0	86.0	85.0	110.0	84.0	84.0	117.0	84.0	83.0	101.0	82.0	89.0	84.0	84.0	125.0	94.0	89.0	99.0	85.0
225.827	72.0	117.0	81.0	78.0	104.0	80.0	82.0	117.0	80.0	78.0	102.0	81.0	82.0	81.0	87.0	121.0	84.0	86.0	105.0	82.0
225.924	75.0	108.0	79.0	78.0	103.0	78.0	83.0	114.0	88.0	81.0	104.0	81.0	75.0	76.0	82.0	118.0	82.0	79.0	104.0	78.0
226.022	87.0	122.0	96.0	90.0	120.0	92.0	95.0	120.0	94.0	89.0	108.0	94.0	91.0	80.0	83.0	129.0	86.0	99.0	115.0	86.0
226.119	76.0	114.0	88.0	72.0	110.0	88.0	84.0	116.0	87.0	78.0	107.0	81.0	82.0	79.0	84.0	123.0	87.0	88.0	102.0	83.0
226.217	81.0	122.0	95.0	83.0	115.0	97.0	99.0	131.0	104.0	88.0	108.0	93.0	92.0	86.0	102.0	133.0	101.0	94.0	107.0	91.0
226.314	81.0	130.0	94.0	88.0	120.0	95.0	105.0	135.0	110.0	84.0	106.0	90.0	96.0	87.0	104.0	138.0	107.0	100.0	111.0	97.0
226.411	76.0	116.0	88.0	89.0	110.0	85.0	83.0	127.0	89.0	80.0	106.0	80.0	92.0	89.0	87.0	121.0	91.0	84.0	104.0	86.0
226.509	76.0	113.0	86.0	79.0	106.0	70.0	74.0	112.0	82.0	81.0	104.0	84.0	75.0	80.0	80.0	116.0	86.0	77.0	103.0	81.0
226.606	82.0	117.0	84.0	86.0	110.0	83.0	85.0	121.0	85.0	88.0	108.0	86.0	87.0	81.0	92.0	124.0	87.0	84.0	103.0	83.0
226.704	80.0	121.0	86.0	86.0	113.0	84.0	84.0	120.0	88.0	82.0	108.0	85.0	87.0	87.0	92.0	124.0	87.0	89.0	102.0	87.0
226.801	78.0	115.0	81.0	85.0	109.0	83.0	77.0	120.0	88.0	81.0	101.0	85.0	78.0	78.0	85.0	118.0	82.0	83.0	102.0	79.0
226.899	82.0	113.0	87.0	82.0	114.0	79.0	75.0	115.0	82.0	81.0	106.0	78.0	87.0	84.0	78.0	119.0	80.0	81.0	107.0	83.0
226.996	82.0	112.0	84.0	82.0	107.0	80.0	80.0	110.0	85.0	82.0	103.0	82.0	89.0	80.0	84.0	113.0	81.0	80.0	104.0	80.0
227.094	78.0	122.0	83.0	87.0	112.0	77.0	87.0	117.0	86.0	89.0	108.0	87.0	88.0	76.0	83.0	123.0	86.0	86.0	103.0	84.0
227.191	74.0	112.0	87.0	78.0	114.0	81.0	76.0	115.0	82.0	79.0	110.0	80.0	78.0	78.0	86.0	114.0	79.0	82.0	106.0	78.0
227.289	77.0	116.0	81.0	76.0	107.0	82.0	74.0	112.0	86.0	78.0	107.0	80.0	81.0	76.0	82.0	113.0	83.0	85.0	98.0	83.0
227.386	79.0	117.0	84.0	83.0	110.0	80.0	79.0	122.0	85.0	83.0	103.0	82.0	87.0	81.0	88.0	125.0	84.0	90.0	101.0	91.0
227.484	78.0	113.0	78.0	81.0	108.0	80.0	84.0	115.0	83.0	85.0	103.0	79.0	82.0	76.0	83.0	116.0	80.0	87.0	102.0	81.0
227.581	78.0	114.0	86.0	86.0	117.0	77.0	81.0	115.0	85.0	81.0	108.0	84.0	81.0	80.0	80.0	121.0	82.0	85.0	103.0	74.0
227.679	94.0	123.0	100.0	101.0	125.0	93.0	95.0	123.0	96.0	98.0	118.0	89.0	100.0	98.0	95.0	128.0	100.0	95.0	116.0	96.0
227.777	79.0	117.0	86.0	74.0	109.0	83.0	88.0	114.0	86.0	83.0	113.0	79.0	80.0	87.0	79.0	118.0	81.0	82.0	113.0	84.0
227.874	78.0	113.0	87.0	77.0	108.0	75.0	83.0	114.0	89.0	76.0	109.0	84.0	86.0	75.0	82.0	121.0	86.0	90.0	101.0	82.0
227.972	77.0	115.0	84.0	80.0	110.0	74.0	80.0	120.0	86.0	85.0	109.0	82.0	84.0	78.0	83.0	114.0	80.0	87.0	101.0	76.0
228.069	78.0	112.0	81.0	78.0	100.0	80.0	78.0	111.0	79.0	83.0	101.0	82.0	85.0	80.0	82.0	112.0	82.0	83.0	100.0	76.0
228.167	79.0	120.0	81.0	76.0	105.0	78.0	84.0	112.0	82.0	78.0	119.0	80.0	89.0	80.0	89.0	122.0	85.0	85.0	106.0	84.0
228.265	81.0	113.0	78.0	78.0	110.0	85.0	78.0	114.0	88.0	81.0	109.0	77.0	87.0	78.0	80.0	117.0	83.0	85.0	101.0	85.0
228.363	80.0	118.0	82.0	82.0	112.0	79.0	81.0	118.0	88.0	83.0	108.0	85.0	79.0	75.0	82.0	120.0	85.0	88.0	103.0	80.0
228.46	78.0	103.0	82.0	79.0	113.0	76.0	77.0	112.0	81.0	83.0	101.0	83.0	82.0	79.0	84.0	117.0	87.0	89.0	98.0	76.0
228.558	78.0	115.0	83.0	78.0	114.0	81.0	79.0	113.0	83.0	78.0	104.0	80.0	86.0	81.0	86.0	121.0	84.0	87.0	99.0	82.0
228.656	77.0	122.0	77.0	88.0	114.0	74.0	83.0	117.0	83.0	83.0	106.0	83.0	90.0	75.0	82.0	117.0	85.0	88.0	100.0	81.0
228.753	95.0	138.0	102.0	103.0	133.0	99.0	101.0	140.0	106.0	109.0	123.0	111.0	116.0	100.0	97.0	135.0	103.0	106.0	127.0	108.0
228.851	90.0	120.0	84.0	92.0	114.0	82.0	83.0	124.0	88.0	84.0	103.0	86.0	107.0	89.0	86.0	124.0	95.0	90.0	102.0	94.0
228.949	102.0	118.0	83.0	90.0	116.0	86.0	88.0	124.0	92.0	89.0	104.0	82.0	122.0	86.0	90.0	131.0	102.0	94.0	99.0	97.0
229.047	113.0	126.0	88.0	106.0	121.0	82.0	89.0	124.0	102.0	91.0	110.0	93.0	138.0	93.0	93.0	128.0	108.0	105.0	105.0	104.0
229.145	98.0	116.0	86.0	96.0	114.0	82.0	84.0	121.0	97.0	89.0	105.0	87.0	109.0	84.0	89.0	123.0	98.0	95.0	103.0	91.0
229.242	84.0	111.0	84.0	86.0	104.0	79.0	81.0	113.0	83.0	83.0	95.0	82.0	90.0	81.0	80.0	120.0	86.0	88.0	103.0	86.0
229.34	86.0	120.0	86.0	78.0	108.0	76.0	85.0	114.0	83.0	85.0	107.0	87.0	88.0	85.0	84.0	117.0	88.0	88.0	102.0	88.0
229.438	82.0	111.0	80.0	80.0	110.0	78.0	83.0	116.0	87.0	84.0	102.0	83.0	88.0	75.0	86.0	121.0	86.0	84.0	100.0	82.0
229.536	78.0	109.0	85.0	82.0	113.0	78.0	82.0	118.0	87.0	80.0	103.0	80.0	87.0	78.0	77.0	113.0	80.0	84.0	102.0	83.0
229.634	84.0	118.0	87.0	83.0	117.0	84.0	86.0	124.0	90.0	86.0	103.0	87.0	90.0	87.0	87.0	117.0	91.0	90.0	100.0	88.0
229.732	82.0	120.0	91.0	89.0	113.0	80.0	75.0	116.0	91.0	82.0	108.0	81.0	93.0	83.0	88.0	119.0	89.0	93.0	101.0	85.0
229.83	85.0	107.0	76.0	87.0	110.0	80.0	88.0	112.0	82.0	81.0	108.0	82.0	87.0	78.0	85.0	118.0	86.0	82.0	101.0	79.0
229.928	86.0	121.0	90.0	92.0	118.0	82.0	88.0	124.0	94.0	90.0	111.0	92.0	93.0	87.0	89.0	123.0	92.0	92.0	103.0	89.0
230.026	79.0	116.0	88.0	83.0	112.0	80.0	80.0	114.0	86.0	79.0	101.0	87.0	80.0	81.0	82.0	118.0	88.0	88.0	97.0	77.0
230.124	81.0	113.0	82.0	80.0	114.0	83.0	82.0	111.0	80.0	82.0	103.0	80.0	81.0	78.0	84.0	121.0	84.0	82.0	97.0	80.0
230.222	78.0	115.0	81.0	78.0	109.0	77.0	78.0	112.0	84.0	80.0	107.0	82.0	87.0	74.0	81.0	117.0	86.0	81.0	97.0	85.0
230.32	72.0	111.0	81.0	78.0	108.0	76.0	85.0	114.0	85.0	83.0	103.0	82.0	83.0	76.0	85.0	117.0	81.0	85.0	100.0	81.0
230.418	79.0	109.0	82.0	79.0	104.0	81.0	83.0	115.0	86.0	80.0	100.0	79.0	80.0	80.0	79.0	113.0	85.0	80.0	94.0	76.0
230.516	81.0	115.0	78.0	79.0	109.0	81.0	83.0	114.0	85.0	78.0	104.0	85.0	86.0	82.0	82.0	121.0	85.0	80.0	100.0	88.0
230.614	81.0	114.0	82.0	80.0	107.0	78.0	84.0	110.0	82.0	81.0	106.0	79.0	88.0	78.0	86.0	119.0	84.0	83.0	104.0	79.0
230.712	77.0	116.0	79.0	84.0	115.0	77.0	97.0	115.0	87.0	81.0	110.0	86.0	79.0	83.0	79.0	117.0	85.0	89.0	96.0	78.0
230.81	78.0	111.0	85.0	84.0	112.0	75.0	80.0	118.0	88.0	76.0	95.0	82.0	83.0	77.0	78.0	116.0	81.0	84.0	103.0	81.0
230.908	82.0	110.0	83.0	78.0	108.0	80.0	84.0	108.0	83.0	73.0	107.0	85.0	81.0	75.0	85.0	120.0	82.0	81.0	106.0	81.0
231.006	83.0	114.0	79.0	84.0	111.0	82.0	83.0	116.0	91.0	84.0	105.0	82.0	82.0	79.0	88.0	121.0	91.0	87.0	100.0	86.0
231.104	73.0	116.0	83.0	80.0	106.0	75.0	83.0	118.0	86.0	86.0	106.0	86.0	81.0	80.0	96.0	113.0	86.0	91.0	97.0	84.0
231.202	73.0	114.0	76.0	78.0	110.0	77.0	79.0	115.0	86.0	84.0	106.0	81.0	82.0	80.0	81.0	115.0	86.0	82.0	97.0	83.0
231.3	75.0	114.0	82.0	78.0	108.0	76.0	75.0	117.0	86.0	80.0	107.0	81.0	84.0	81.0	84.0	120.0	85.0	87.0	101.0	84.0
231.398	82.0	110.0	78.0	84.0	115.0	78.0	80.0	120.0	88.0	80.0	101.0	73.0	84.0	79.0	91.0	119.0	82.0	83.0	94.0	80.0
231.497	81.0	109.0	79.0	77.0	109.0	75.0	84.0	120.0	91.0	85.0	104.0	75.0	79.0	77.0	85.0	117.0	82.0	90.0	98.0	81.0
231.595	83.0	105.0	82.0	78.0	106.0	78.0	86.0	118.0	88.0	88.0	108.0	83.0	78.0	80.0	79.0	120.0	84.0	85.0	95.0	79.0
231.693	84.0	115.0	84.0	78.0	109.0	75.0	77.0	116.0	87.0	80.0	102.0	86.0	85.0	81.0	82.0	116.0	81.0	85.0	100.0	81.0
231.791	89.0	128.0	95.0	84.0	116.0	88.0	92.0	123.0	94.0	85.0	114.0	90.0	91.0	86.0	94.0	133.0	90.0	91.0	111.0	91.0
231.889	77.0	116.0	85.0	81.0	115.0	81.0	89.0	120.0	85.0	78.0	111.0	83.0	89.0	80.0	85.0	124.0	88.0	85.0	98.0	84.0
231.988	77.0	115.0	78.0	81.0	113.0	85.0	82.0	121.0	90.0	81.0	100.0	88.0	87.0	84.0	84.0	119.0	82.0	83.0	91.0	83.0
232.086	76.0	116.0	86.0	83.0	104.0	78.0	81.0	115.0	84.0	74.0	105.0	83.0	84.0	77.0	89.0	117.0	88.0	85.0	96.0	78.0
232.184	82.0	122.0	87.0	76.0	107.0	82.0	76.0	124.0	88.0	81.0	109.0	84.0	90.0	79.0	86.0	121.0	84.0	83.0	98.0	77.0
232.282	80.0	120.0	83.0	83.0	114.0	77.0	85.0	122.0	81.0	84.0	109.0	85.0	94.0	81.0	88.0	126.0	90.0	89.0	98.0	82.0
232.381	80.0	107.0	85.0	78.0	111.0	77.0	89.0	122.0	93.0	82.0	99.0	88.0	82.0	77.0	87.0	128.0	90.0	93.0	96.0	86.0
232.479	83.0	112.0	75.0	81.0	111.0	86.0	86.0	120.0	97.0	87.0	102.0	89.0	88.0	77.0	84.0	129.0	97.0	86.0	98.0	88.0
232.577	83.0	120.0	96.0	86.0	121.0	84.0	86.0	128.0	94.0	84.0	102.0	82.0	91.0	75.0	90.0	135.0	109.0	93.0	100.0	95.0
232.676	85.0	119.0	96.0	82.0	119.0	89.0	95.0	139.0	105.0	94.0	109.0	84.0	96.0	87.0	93.0	129.0	103.0	88.0	99.0	89.0
232.774	79.0	122.0	94.0	89.0	116.0	84.0	90.0	128.0	94.0	87.0	105.0	91.0	97.0	86.0	88.0	130.0	100.0	97.0	94.0	90.0
232.872	80.0	120.0	89.0	81.0	110.0	88.0	86.0	127.0	103.0	80.0	102.0	90.0	92.0	85.0	91.0	126.0	99.0	92.0	104.0	94.0
232.971	89.0	121.0	94.0	90.0	121.0	89.0	87.0	131.0	102.0	87.0	115.0	88.0	89.0	90.0	102.0	139.0	104.0	95.0	104.0	94.0
233.069	80.0	116.0	79.0	85.0	113.0	81.0	91.0	120.0	97.0	80.0	109.0	84.0	89.0	83.0	85.0	128.0	97.0	84.0	99.0	87.0
233.168	85.0	111.0	86.0	90.0	114.0	87.0	94.0	128.0	98.0	91.0	101.0	92.0	90.0	82.0	90.0	132.0	100.0	96.0	98.0	88.0
233.266	87.0	119.0	87.0	84.0	115.0	89.0	86.0	122.0	102.0	88.0	101.0	80.0	89.0	82.0	92.0	133.0	110.0	88.0	99.0	89.0
233.364	83.0	116.0	84.0	82.0	115.0	88.0	94.0	126.0	96.0	79.0	105.0	86.0	87.0	84.0	93.0	136.0	104.0	92.0	94.0	93.0
233.463	78.0	118.0	78.0	87.0	114.0	83.0	90.0	128.0	92.0	82.0	104.0	86.0	95.0	82.0	95.0	132.0	101.0	91.0	99.0	91.0
233.561	82.0	120.0	89.0	90.0	119.0	92.0	94.0	141.0	100.0	85.0	107.0	91.0	92.0	80.0	95.0	138.0	106.0	90.0	95.0	90.0
233.66	86.0	122.0	97.0	89.0	115.0	90.0	94.0	138.0	104.0	85.0	110.0	88.0	97.0	86.0	100.0	136.0	108.0	88.0	90.0	89.0
233.758	88.0	123.0	93.0	86.0	126.0	90.0	99.0	140.0	96.0	95.0	113.0	91.0	100.0	99.0	100.0	139.0	110.0	87.0	106.0	98.0
233.857	83.0	113.0	83.0	86.0	123.0	88.0	89.0	129.0	96.0	85.0	107.0	86.0	94.0	88.0	94.0	124.0	104.0	88.0	100.0	85.0
233.955	81.0	114.0	89.0	90.0	119.0	89.0	103.0	134.0	114.0	83.0	105.0	88.0	100.0	84.0	103.0	141.0	124.0	94.0	102.0	98.0
234.054	81.0	119.0	96.0	87.0	117.0	101.0	104.0	140.0	116.0	89.0	99.0	92.0	98.0	83.0	108.0	148.0	129.0	102.0	100.0	98.0
234.153	81.0	122.0	94.0	83.0	119.0	91.0	102.0	144.0	110.0	95.0	108.0	98.0	103.0	85.0	106.0	139.0	120.0	97.0	106.0	94.0
234.251	81.0	123.0	92.0	83.0	117.0	90.0	95.0	132.0	99.0	82.0	105.0	85.0	94.0	75.0	93.0	136.0	108.0	87.0	95.0	95.0
234.35	75.0	120.0	82.0	80.0	116.0	81.0	95.0	126.0	99.0	84.0	103.0	84.0	88.0	79.0	93.0	123.0	102.0	93.0	93.0	88.0
234.448	82.0	120.0	93.0	89.0	112.0	87.0	95.0	128.0	96.0	78.0	110.0	85.0	94.0	90.0	93.0	126.0	98.0	86.0	90.0	89.0
234.547	80.0	109.0	88.0	84.0	107.0	84.0	78.0	118.0	86.0	78.0	105.0	81.0	89.0	80.0	89.0	121.0	88.0	85.0	93.0	84.0
234.645	81.0	118.0	83.0	81.0	122.0	87.0	92.0	118.0	87.0	83.0	107.0	81.0	89.0	82.0	85.0	124.0	91.0	89.0	107.0	85.0
234.744	85.0	119.0	87.0	87.0	117.0	81.0	100.0	120.0	101.0	84.0	105.0	92.0	88.0	86.0	89.0	127.0	91.0	92.0	101.0	83.0
234.843	87.0	116.0	85.0	88.0	115.0	84.0	89.0	132.0	88.0	91.0	102.0	85.0	86.0	84.0	88.0	123.0	91.0	87.0	96.0	87.0
234.941	84.0	119.0	78.0	78.0	114.0	81.0	83.0	122.0	89.0	88.0	102.0	86.0	86.0	72.0	89.0	127.0	88.0	90.0	103.0	84.0
235.04	79.0	115.0	81.0	75.0	108.0	79.0	88.0	120.0	86.0	81.0	108.0	88.0	89.0	80.0	95.0	130.0	89.0	85.0	103.0	86.0
235.139	85.0	113.0	87.0	86.0	118.0	80.0	87.0	132.0	93.0	88.0	104.0	88.0	93.0	81.0	93.0	123.0	94.0	89.0	101.0	88.0
235.238	81.0	114.0	76.0	81.0	108.0	77.0	84.0	124.0	92.0	87.0	107.0	83.0	89.0	79.0	83.0	118.0	95.0	86.0	92.0	78.0
235.336	86.0	117.0	91.0	88.0	115.0	83.0	78.0	128.0	90.0	88.0	106.0	83.0	90.0	84.0	86.0	130.0	99.0	87.0	102.0	77.0
235.435	78.0	115.0	85.0	79.0	115.0	85.0	83.0	120.0	92.0	84.0	107.0	82.0	83.0	82.0	87.0	128.0	92.0	90.0	101.0	77.0
235.534	84.0	108.0	75.0	84.0	116.0	77.0	83.0	118.0	84.0	82.0	108.0	83.0	84.0	81.0	86.0	128.0	85.0	91.0	97.0	85.0
235.632	76.0	110.0	86.0	82.0	114.0	78.0	81.0	118.0	84.0	82.0	100.0	86.0	77.0	77.0	81.0	122.0	90.0	84.0	97.0	84.0
235.731	82.0	115.0	83.0	78.0	106.0	78.0	79.0	118.0	93.0	83.0	105.0	84.0	80.0	83.0	87.0	126.0	85.0	79.0	95.0	80.0
235.83	84.0	118.0	82.0	83.0	115.0	84.0	83.0	123.0	96.0	87.0	106.0	89.0	86.0	82.0	96.0	129.0	99.0	86.0	101.0	85.0
235.929	78.0	115.0	82.0	84.0	117.0	83.0	88.0	121.0	96.0	84.0	111.0	86.0	90.0	84.0	83.0	127.0	96.0	86.0	100.0	79.0
236.028	86.0	114.0	79.0	83.0	112.0	82.0	85.0	117.0	91.0	80.0	110.0	88.0	88.0	85.0	89.0	114.0	92.0	86.0	94.0	86.0
236.127	91.0	127.0	97.0	95.0	114.0	90.0	92.0	132.0	100.0	91.0	112.0	97.0	94.0	86.0	101.0	129.0	98.0	92.0	109.0	95.0
236.225	76.0	114.0	82.0	84.0	114.0	83.0	82.0	124.0	92.0	84.0	108.0	79.0	84.0	76.0	83.0	120.0	87.0	87.0	100.0	82.0
236.324	78.0	114.0	80.0	84.0	116.0	76.0	87.0	123.0	93.0	88.0	104.0	83.0	91.0	82.0	90.0	117.0	93.0	84.0	99.0	85.0
236.423	77.0	114.0	82.0	83.0	111.0	86.0	86.0	123.0	93.0	85.0	105.0	84.0	80.0	77.0	80.0	114.0	92.0	84.0	97.0	80.0
236.522	85.0	120.0	86.0	80.0	111.0	85.0	84.0	122.0	91.0	83.0	107.0	86.0	86.0	82.0	93.0	126.0	96.0	86.0	99.0	83.0
236.621	77.0	115.0	89.0	84.0	114.0	86.0	91.0	132.0	92.0	84.0	106.0	86.0	93.0	79.0	93.0	128.0	99.0	92.0	100.0	86.0
236.72	81.0	113.0	84.0	80.0	121.0	76.0	88.0	128.0	90.0	84.0	112.0	81.0	86.0	78.0	92.0	126.0	97.0	86.0	97.0	88.0
236.819	91.0	117.0	94.0	93.0	122.0	97.0	101.0	144.0	112.0	92.0	111.0	99.0	94.0	90.0	102.0	146.0	121.0	100.0	98.0	102.0
236.918	86.0	118.0	86.0	89.0	109.0	94.0	97.0	134.0	99.0	84.0	105.0	90.0	96.0	85.0	92.0	133.0	108.0	90.0	103.0	87.0
237.017	81.0	119.0	87.0	80.0	116.0	86.0	89.0	126.0	93.0	80.0	102.0	89.0	92.0	82.0	89.0	127.0	95.0	84.0	91.0	86.0
237.116	81.0	124.0	79.0	89.0	116.0	91.0	96.0	129.0	95.0	90.0	104.0	81.0	90.0	89.0	97.0	129.0	92.0	89.0	102.0	89.0
237.215	86.0	115.0	86.0	85.0	121.0	86.0	96.0	134.0	95.0	82.0	105.0	81.0	86.0	82.0	96.0	123.0	99.0	91.0	103.0	79.0
237.314	83.0	115.0	89.0	80.0	118.0	86.0	92.0	121.0	93.0	83.0	107.0	87.0	86.0	86.0	87.0	122.0	97.0	83.0	97.0	84.0
237.413	85.0	119.0	93.0	79.0	118.0	82.0	93.0	127.0	98.0	86.0	99.0	89.0	97.0	85.0	95.0	129.0	98.0	89.0	100.0	83.0
237.512	95.0	126.0	103.0	85.0	132.0	98.0	103.0	164.0	121.0	105.0	104.0	95.0	104.0	85.0	102.0	143.0	127.0	99.0	100.0	95.0
237.611	91.0	127.0	105.0	92.0	132.0	94.0	102.0	162.0	115.0	102.0	103.0	96.0	105.0	92.0	107.0	137.0	123.0	97.0	96.0	87.0
237.71	87.0	124.0	91.0	83.0	119.0	93.0	99.0	133.0	101.0	87.0	105.0	90.0	95.0	92.0	91.0	139.0	103.0	91.0	98.0	89.0
237.809	76.0	115.0	86.0	83.0	116.0	84.0	90.0	130.0	92.0	88.0	108.0	84.0	89.0	86.0	88.0	134.0	98.0	86.0	98.0	86.0
237.908	83.0	121.0	82.0	88.0	112.0	86.0	93.0	127.0	97.0	83.0	103.0	81.0	92.0	88.0	87.0	131.0	93.0	88.0	98.0	89.0
238.007	80.0	113.0	85.0	92.0	111.0	91.0	93.0	127.0	96.0	81.0	103.0	83.0	88.0	81.0	87.0	140.0	101.0	84.0	100.0	85.0
238.106	79.0	116.0	89.0	89.0	116.0	93.0	87.0	128.0	97.0	87.0	103.0	92.0	95.0	82.0	96.0	135.0	93.0	87.0	97.0	78.0
238.205	82.0	118.0	90.0	89.0	117.0	93.0	93.0	142.0	102.0	94.0	108.0	96.0	100.0	79.0	103.0	139.0	112.0	95.0	107.0	91.0
238.304	76.0	127.0	86.0	90.0	116.0	95.0	93.0	141.0	102.0	81.0	104.0	95.0	96.0	84.0	107.0	140.0	114.0	91.0	93.0	93.0
238.404	85.0	118.0	89.0	89.0	117.0	96.0	99.0	136.0	106.0	90.0	108.0	89.0	102.0	88.0	102.0	140.0	102.0	96.0	93.0	95.0
238.503	82.0	115.0	90.0	88.0	111.0	89.0	84.0	125.0	96.0	81.0	103.0	92.0	94.0	84.0	97.0	126.0	101.0	92.0	92.0	91.0
238.602	79.0	116.0	84.0	84.0	109.0	87.0	79.0	122.0	85.0	81.0	103.0	93.0	89.0	83.0	94.0	133.0	98.0	90.0	100.0	84.0
238.701	80.0	120.0	78.0	90.0	116.0	82.0	87.0	124.0	96.0	86.0	107.0	82.0	92.0	78.0	99.0	127.0	92.0	88.0	96.0	87.0
238.8	84.0	110.0	85.0	84.0	116.0	87.0	91.0	134.0	94.0	91.0	103.0	88.0	83.0	80.0	88.0	132.0	100.0	94.0	101.0	83.0
238.9	89.0	119.0	103.0	88.0	135.0	95.0	104.0	159.0	111.0	105.0	98.0	95.0	95.0	87.0	103.0	142.0	117.0	100.0	101.0	89.0
238.999	89.0	117.0	93.0	83.0	122.0	93.0	95.0	146.0	110.0	92.0	102.0	87.0	97.0	82.0	96.0	138.0	110.0	90.0	97.0	88.0
239.098	79.0	122.0	87.0	87.0	119.0	92.0	92.0	127.0	99.0	91.0	107.0	93.0	93.0	84.0	94.0	130.0	105.0	90.0	100.0	91.0
239.197	83.0	118.0	89.0	90.0	122.0	87.0	92.0	128.0	99.0	89.0	112.0	83.0	95.0	86.0	95.0	136.0	98.0	92.0	100.0	86.0
239.297	86.0	121.0	93.0	90.0	115.0	94.0	98.0	136.0	98.0	92.0	102.0	86.0	90.0	91.0	101.0	135.0	100.0	84.0	102.0	85.0
239.396	84.0	121.0	88.0	89.0	117.0	86.0	82.0	128.0	94.0	89.0	106.0	88.0	97.0	78.0	92.0	134.0	96.0	92.0	99.0	89.0
239.495	86.0	116.0	79.0	81.0	117.0	79.0	88.0	122.0	87.0	88.0	99.0	78.0	85.0	78.0	83.0	127.0	91.0	86.0	96.0	84.0
239.595	84.0	111.0	82.0	83.0	118.0	79.0	90.0	124.0	92.0	85.0	95.0	87.0	82.0	76.0	90.0	129.0	93.0	84.0	94.0	91.0
239.694	84.0	114.0	84.0	84.0	110.0	86.0	84.0	125.0	97.0	85.0	97.0	93.0	81.0	85.0	83.0	122.0	92.0	90.0	95.0	82.0
239.793	86.0	122.0	91.0	75.0	122.0	92.0	88.0	140.0	97.0	88.0	105.0	92.0	89.0	85.0	91.0	134.0	100.0	91.0	99.0	84.0
239.893	85.0	118.0	94.0	86.0	123.0	91.0	90.0	146.0	101.0	91.0	102.0	85.0	95.0	83.0	97.0	133.0	106.0	90.0	94.0	90.0
239.992	83.0	121.0	91.0	81.0	117.0	82.0	94.0	142.0	95.0	94.0	101.0	85.0	89.0	83.0	93.0	128.0	104.0	94.0	101.0	89.0
240.091	84.0	118.0	86.0	87.0	103.0	82.0	88.0	128.0	94.0	89.0	105.0	80.0	86.0	82.0	87.0	117.0	98.0	89.0	102.0	83.0
240.191	78.0	120.0	83.0	90.0	115.0	81.0	87.0	132.0	88.0	87.0	108.0	90.0	94.0	86.0	93.0	125.0	91.0	90.0	105.0	92.0
240.29	83.0	122.0	84.0	85.0	110.0	87.0	89.0	124.0	89.0	90.0	110.0	91.0	89.0	87.0	90.0	124.0	101.0	94.0	106.0	86.0
240.39	84.0	116.0	95.0	88.0	113.0	86.0	93.0	136.0	101.0	99.0	104.0	84.0	93.0	81.0	94.0	137.0	101.0	97.0	98.0	89.0
240.489	85.0	120.0	91.0	85.0	120.0	89.0	100.0	142.0	102.0	94.0	103.0	96.0	98.0	87.0	91.0	140.0	120.0	100.0	105.0	89.0
240.589	76.0	124.0	83.0	86.0	114.0	87.0	97.0	134.0	103.0	88.0	105.0	89.0	98.0	81.0	96.0	136.0	118.0	91.0	100.0	83.0
240.688	87.0	126.0	89.0	90.0	118.0	102.0	109.0	146.0	121.0	90.0	105.0	93.0	107.0	82.0	115.0	154.0	145.0	110.0	95.0	98.0
240.788	89.0	124.0	93.0	101.0	121.0	100.0	112.0	147.0	128.0	92.0	102.0	98.0	110.0	84.0	126.0	165.0	149.0	102.0	100.0	104.0
240.887	83.0	121.0	94.0	91.0	117.0	92.0	102.0	128.0	110.0	92.0	110.0	92.0	97.0	87.0	105.0	129.0	121.0	96.0	102.0	91.0
240.987	88.0	116.0	88.0	83.0	116.0	89.0	86.0	123.0	94.0	84.0	101.0	87.0	93.0	82.0	99.0	137.0	102.0	91.0	101.0	95.0
241.086	84.0	116.0	86.0	85.0	111.0	87.0	86.0	121.0	91.0	84.0	106.0	87.0	88.0	87.0	92.0	137.0	104.0	91.0	103.0	91.0
241.186	89.0	121.0	96.0	88.0	118.0	88.0	98.0	130.0	99.0	92.0	101.0	90.0	94.0	86.0	100.0	132.0	105.0	99.0	113.0	92.0
241.285	87.0	111.0	79.0	84.0	107.0	75.0	83.0	123.0	84.0	79.0	99.0	82.0	87.0	79.0	85.0	126.0	89.0	89.0	103.0	82.0
241.385	81.0	116.0	90.0	78.0	112.0	85.0	85.0	118.0	90.0	85.0	102.0	91.0	82.0	81.0	89.0	121.0	83.0	91.0	97.0	81.0
241.484	77.0	118.0	84.0	84.0	110.0	82.0	81.0	122.0	85.0	83.0	105.0	91.0	86.0	76.0	90.0	120.0	87.0	89.0	94.0	86.0
241.584	83.0	119.0	83.0	77.0	110.0	85.0	86.0	120.0	83.0	88.0	107.0	85.0	86.0	80.0	88.0	120.0	87.0	90.0	96.0	84.0
241.684	85.0	115.0	83.0	80.0	107.0	86.0	88.0	127.0	93.0	81.0	103.0	88.0	84.0	79.0	91.0	120.0	90.0	90.0	100.0	85.0
241.783	79.0	113.0	90.0	83.0	110.0	80.0	83.0	131.0	91.0	84.0	112.0	88.0	86.0	77.0	91.0	129.0	91.0	90.0	104.0	85.0
241.883	80.0	116.0	81.0	81.0	114.0	80.0	86.0	119.0	88.0	82.0	104.0	81.0	87.0	79.0	84.0	125.0	88.0	90.0	106.0	78.0
241.982	83.0	115.0	76.0	79.0	112.0	81.0	81.0	121.0	88.0	82.0	104.0	84.0	85.0	83.0	84.0	120.0	90.0	88.0	94.0	87.0
242.082	86.0	112.0	87.0	81.0	108.0	74.0	86.0	121.0	87.0	81.0	106.0	82.0	83.0	78.0	85.0	121.0	91.0	90.0	97.0	80.0
242.182	84.0	115.0	83.0	80.0	113.0	83.0	79.0	123.0	84.0	80.0	105.0	85.0	80.0	79.0	83.0	119.0	81.0	92.0	93.0	78.0
242.281	92.0	128.0	93.0	82.0	114.0	87.0	94.0	133.0	97.0	96.0	112.0	93.0	98.0	96.0	94.0	131.0	101.0	95.0	96.0	93.0
242.381	81.0	110.0	86.0	83.0	114.0	82.0	81.0	122.0	87.0	83.0	106.0	85.0	87.0	78.0	86.0	120.0	86.0	88.0	94.0	86.0
242.481	81.0	112.0	88.0	81.0	107.0	72.0	79.0	119.0	84.0	88.0	106.0	81.0	86.0	77.0	81.0	112.0	83.0	86.0	105.0	85.0
242.581	81.0	117.0	90.0	83.0	113.0	78.0	87.0	124.0	85.0	83.0	105.0	85.0	88.0	82.0	92.0	119.0	89.0	84.0	100.0	81.0
242.68	76.0	122.0	81.0	86.0	111.0	88.0	80.0	123.0	84.0	80.0	112.0	85.0	84.0	80.0	84.0	123.0	88.0	85.0	100.0	82.0
242.78	82.0	117.0	88.0	85.0	112.0	83.0	87.0	133.0	91.0	83.0	104.0	80.0	90.0	78.0	90.0	125.0	95.0	89.0	98.0	83.0
242.88	95.0	123.0	105.0	92.0	123.0	91.0	97.0	137.0	107.0	97.0	114.0	91.0	97.0	87.0	95.0	132.0	100.0	94.0	107.0	92.0
242.98	83.0	117.0	92.0	83.0	110.0	82.0	88.0	120.0	90.0	88.0	109.0	85.0	89.0	82.0	83.0	124.0	89.0	91.0	98.0	88.0
243.08	75.0	115.0	83.0	77.0	110.0	89.0	82.0	122.0	89.0	78.0	107.0	79.0	85.0	73.0	81.0	110.0	84.0	81.0	95.0	76.0
243.179	79.0	116.0	83.0	78.0	114.0	83.0	88.0	124.0	88.0	84.0	104.0	84.0	91.0	76.0	84.0	124.0	91.0	83.0	100.0	79.0
243.279	86.0	116.0	91.0	79.0	108.0	82.0	90.0	132.0	89.0	82.0	107.0	85.0	90.0	83.0	85.0	127.0	100.0	94.0	94.0	83.0
243.379	85.0	129.0	91.0	87.0	114.0	85.0	92.0	136.0	98.0	82.0	108.0	94.0	90.0	85.0	95.0	131.0	99.0	87.0	94.0	92.0
243.479	86.0	121.0	83.0	82.0	122.0	85.0	85.0	127.0	90.0	89.0	104.0	82.0	91.0	83.0	90.0	128.0	91.0	91.0	95.0	85.0
243.579	88.0	116.0	92.0	85.0	120.0	86.0	94.0	133.0	98.0	89.0	112.0	86.0	96.0	84.0	101.0	128.0	93.0	95.0	111.0	88.0
243.679	80.0	108.0	88.0	81.0	108.0	84.0	94.0	130.0	90.0	87.0	101.0	83.0	84.0	78.0	82.0	119.0	95.0	84.0	90.0	78.0
243.779	81.0	115.0	88.0	80.0	112.0	80.0	86.0	123.0	95.0	86.0	109.0	82.0	79.0	83.0	87.0	122.0	93.0	86.0	99.0	77.0
243.878	79.0	117.0	85.0	82.0	116.0	84.0	87.0	124.0	89.0	89.0	104.0	76.0	82.0	83.0	89.0	126.0	93.0	86.0	93.0	82.0
243.978	76.0	117.0	92.0	79.0	113.0	88.0	84.0	125.0	96.0	86.0	107.0	84.0	83.0	81.0	86.0	124.0	93.0	92.0	94.0	85.0
244.078	78.0	111.0	87.0	83.0	106.0	80.0	89.0	128.0	92.0	88.0	102.0	87.0	84.0	82.0	84.0	124.0	98.0	87.0	100.0	84.0
244.178	79.0	114.0	84.0	80.0	104.0	77.0	90.0	123.0	94.0	85.0	102.0	86.0	84.0	86.0	89.0	119.0	91.0	87.0	96.0	80.0
244.278	86.0	116.0	87.0	79.0	110.0	83.0	85.0	122.0	88.0	78.0	104.0	85.0	87.0	81.0	91.0	128.0	94.0	87.0	92.0	81.0
244.378	84.0	127.0	97.0	85.0	122.0	91.0	94.0	142.0	101.0	87.0	106.0	91.0	94.0	86.0	105.0	138.0	113.0	96.0	100.0	94.0
244.478	87.0	119.0	89.0	84.0	115.0	89.0	97.0	132.0	95.0	87.0	100.0	85.0	89.0	84.0	96.0	127.0	100.0	89.0	102.0	90.0
244.578	95.0	120.0	94.0	93.0	120.0	88.0	98.0	137.0	93.0	96.0	108.0	89.0	97.0	87.0	93.0	133.0	94.0	92.0	105.0	88.0
244.678	78.0	114.0	78.0	78.0	112.0	79.0	84.0	127.0	85.0	83.0	112.0	86.0	89.0	80.0	85.0	124.0	87.0	90.0	93.0	80.0
244.778	81.0	114.0	81.0	79.0	111.0	83.0	81.0	119.0	85.0	82.0	100.0	83.0	89.0	77.0	90.0	119.0	89.0	92.0	101.0	84.0
244.878	81.0	118.0	81.0	83.0	107.0	76.0	84.0	117.0	85.0	83.0	106.0	86.0	85.0	78.0	84.0	120.0	92.0	86.0	98.0	84.0
244.978	84.0	114.0	83.0	79.0	107.0	78.0	82.0	117.0	84.0	85.0	106.0	86.0	83.0	78.0	87.0	112.0	86.0	88.0	100.0	81.0
245.078	81.0	118.0	78.0	82.0	104.0	86.0	82.0	120.0	88.0	85.0	106.0	84.0	85.0	87.0	88.0	123.0	88.0	87.0	106.0	83.0
245.179	125.0	151.0	114.0	107.0	146.0	109.0	118.0	160.0	118.0	124.0	140.0	117.0	120.0	112.0	113.0	156.0	123.0	125.0	136.0	114.0
245.279	90.0	122.0	98.0	88.0	120.0	88.0	92.0	135.0	102.0	97.0	109.0	89.0	96.0	88.0	100.0	130.0	97.0	100.0	106.0	92.0
245.379	81.0	119.0	88.0	83.0	106.0	79.0	91.0	124.0	87.0	80.0	103.0	87.0	86.0	75.0	81.0	126.0	91.0	92.0	97.0	78.0
245.479	81.0	115.0	87.0	80.0	107.0	76.0	84.0	119.0	86.0	83.0	105.0	80.0	81.0	80.0	86.0	125.0	84.0	87.0	95.0	78.0
245.579	74.0	116.0	84.0	76.0	118.0	86.0	93.0	125.0	87.0	85.0	108.0	80.0	91.0	84.0	85.0	131.0	92.0	90.0	93.0	83.0
245.679	82.0	120.0	84.0	82.0	114.0	82.0	84.0	130.0	97.0	91.0	106.0	93.0	93.0	82.0	97.0	132.0	102.0	86.0	96.0	80.0
245.779	82.0	114.0	84.0	81.0	104.0	88.0	85.0	123.0	87.0	85.0	107.0	88.0	83.0	78.0	88.0	118.0	94.0	87.0	101.0	79.0
245.879	82.0	113.0	90.0	84.0	105.0	81.0	84.0	123.0	92.0	80.0	104.0	86.0	89.0	73.0	94.0	121.0	93.0	83.0	102.0	83.0
245.98	81.0	112.0	82.0	81.0	118.0	84.0	78.0	123.0	86.0	81.0	102.0	81.0	85.0	81.0	87.0	123.0	96.0	91.0	99.0	82.0
246.08	81.0	111.0	86.0	86.0	118.0	83.0	82.0	124.0	90.0	85.0	102.0	83.0	89.0	82.0	90.0	129.0	95.0	90.0	101.0	88.0
246.18	86.0	114.0	88.0	83.0	114.0	90.0	88.0	119.0	93.0	85.0	108.0	91.0	91.0	85.0	83.0	126.0	88.0	89.0	102.0	84.0
246.28	86.0	117.0	85.0	78.0	110.0	82.0	87.0	118.0	91.0	83.0	104.0	85.0	84.0	80.0	89.0	125.0	90.0	82.0	100.0	81.0
246.381	80.0	114.0	81.0	78.0	115.0	79.0	83.0	119.0	90.0	80.0	106.0	86.0	84.0	79.0	95.0	121.0	86.0	79.0	90.0	84.0
246.481	87.0	118.0	88.0	84.0	117.0	82.0	82.0	124.0	91.0	87.0	100.0	81.0	89.0	81.0	92.0	129.0	96.0	90.0	103.0	90.0
246.581	94.0	112.0	89.0	87.0	114.0	83.0	85.0	127.0	86.0	85.0	101.0	86.0	96.0	86.0	86.0	122.0	95.0	85.0	98.0	87.0
246.681	88.0	119.0	86.0	87.0	109.0	84.0	91.0	128.0	90.0	85.0	105.0	84.0	87.0	80.0	89.0	123.0	95.0	89.0	97.0	85.0
246.782	85.0	116.0	82.0	86.0	117.0	87.0	85.0	124.0	88.0	85.0	106.0	82.0	91.0	82.0	90.0	123.0	96.0	94.0	100.0	89.0
246.882	88.0	111.0	90.0	81.0	113.0	85.0	88.0	126.0	99.0	83.0	98.0	88.0	90.0	83.0	92.0	125.0	94.0	93.0	100.0	84.0
246.982	90.0	121.0	89.0	84.0	116.0	83.0	88.0	122.0	91.0	90.0	101.0	86.0	88.0	82.0	85.0	128.0	92.0	94.0	101.0	86.0
247.083	110.0	142.0	109.0	104.0	134.0	102.0	105.0	137.0	114.0	104.0	119.0	105.0	111.0	106.0	106.0	152.0	112.0	113.0	112.0	107.0
247.183	129.0	174.0	132.0	127.0	152.0	111.0	123.0	157.0	130.0	137.0	116.0	126.0	155.0	120.0	125.0	169.0	141.0	140.0	118.0	149.0
247.283	154.0	195.0	148.0	152.0	157.0	120.0	123.0	165.0	152.0	145.0	111.0	124.0	184.0	133.0	133.0	184.0	152.0	161.0	109.0	163.0
247.384	108.0	150.0	105.0	116.0	123.0	92.0	100.0	133.0	112.0	114.0	107.0	98.0	123.0	103.0	107.0	149.0	122.0	119.0	105.0	117.0
247.484	98.0	126.0	91.0	94.0	113.0	88.0	95.0	128.0	99.0	92.0	103.0	92.0	106.0	91.0	90.0	129.0	105.0	97.0	101.0	94.0
247.585	87.0	118.0	85.0	89.0	118.0	87.0	85.0	127.0	90.0	89.0	101.0	88.0	98.0	85.0	91.0	134.0	101.0	99.0	105.0	82.0
247.685	92.0	125.0	93.0	87.0	121.0	82.0	96.0	138.0	98.0	98.0	107.0	88.0	100.0	89.0	100.0	135.0	103.0	92.0	104.0	90.0
247.785	89.0	121.0	89.0	90.0	120.0	82.0	97.0	132.0	97.0	92.0	104.0	86.0	93.0	79.0	91.0	126.0	99.0	94.0	97.0	80.0
247.886	86.0	118.0	86.0	86.0	114.0	78.0	87.0	115.0	88.0	82.0	106.0	85.0	83.0	82.0	88.0	125.0	87.0	91.0	102.0	79.0
247.986	77.0	111.0	87.0	84.0	114.0	81.0	91.0	123.0	91.0	81.0	109.0	88.0	85.0	76.0	86.0	123.0	90.0	87.0	103.0	81.0
248.087	80.0	119.0	83.0	85.0	111.0	80.0	83.0	125.0	93.0	83.0	101.0	82.0	88.0	85.0	87.0	127.0	95.0	88.0	101.0	88.0
248.187	82.0	112.0	86.0	88.0	112.0	81.0	92.0	132.0	95.0	90.0	113.0	91.0	92.0	84.0	86.0	128.0	98.0	99.0	97.0	88.0
248.288	86.0	128.0	89.0	88.0	112.0	90.0	91.0	136.0	94.0	93.0	106.0	87.0	96.0	85.0	97.0	129.0	98.0	93.0	102.0	86.0
248.388	88.0	118.0	84.0	88.0	118.0	84.0	92.0	137.0	90.0	84.0	115.0	87.0	93.0	79.0	89.0	125.0	103.0	88.0	100.0	89.0
248.489	88.0	119.0	91.0	88.0	121.0	86.0	91.0	141.0	93.0	89.0	104.0	83.0	99.0	82.0	90.0	137.0	109.0	99.0	99.0	86.0
248.589	91.0	118.0	92.0	85.0	117.0	88.0	90.0	132.0	97.0	94.0	99.0	88.0	85.0	88.0	89.0	129.0	108.0	96.0	100.0	92.0
248.69	81.0	117.0	94.0	83.0	125.0	95.0	95.0	140.0	100.0	89.0	112.0	92.0	95.0	89.0	92.0	133.0	104.0	90.0	98.0	84.0
248.791	82.0	123.0	87.0	82.0	120.0	84.0	94.0	122.0	97.0	81.0	112.0	82.0	85.0	81.0	95.0	128.0	102.0	88.0	105.0	86.0
248.891	78.0	116.0	87.0	85.0	116.0	92.0	85.0	125.0	91.0	85.0	100.0	85.0	90.0	82.0	92.0	124.0	100.0	86.0	100.0	86.0
248.992	86.0	117.0	87.0	84.0	108.0	83.0	87.0	128.0	89.0	86.0	110.0	92.0	86.0	88.0	96.0	119.0	89.0	90.0	106.0	85.0
249.092	85.0	118.0	86.0	85.0	113.0	87.0	85.0	127.0	94.0	93.0	108.0	89.0	92.0	80.0	97.0	127.0	94.0	87.0	100.0	89.0
249.193	77.0	112.0	80.0	84.0	111.0	84.0	88.0	123.0	87.0	80.0	110.0	83.0	88.0	80.0	88.0	127.0	93.0	86.0	100.0	79.0
249.294	85.0	111.0	82.0	84.0	120.0	81.0	88.0	130.0	89.0	84.0	102.0	82.0	88.0	76.0	96.0	127.0	99.0	87.0	99.0	88.0
249.394	83.0	119.0	86.0	84.0	116.0	82.0	88.0	137.0	93.0	84.0	100.0	81.0	89.0	79.0	89.0	127.0	99.0	89.0	91.0	89.0
249.495	92.0	126.0	88.0	91.0	116.0	83.0	88.0	130.0	92.0	89.0	108.0	84.0	93.0	91.0	87.0	127.0	98.0	91.0	100.0	85.0
249.595	79.0	120.0	82.0	81.0	120.0	79.0	90.0	122.0	95.0	81.0	105.0	88.0	87.0	85.0	91.0	125.0	91.0	90.0	94.0	81.0
249.696	79.0	114.0	87.0	80.0	114.0	80.0	89.0	126.0	93.0	81.0	110.0	89.0	87.0	76.0	91.0	130.0	96.0	84.0	100.0	86.0
249.797	82.0	111.0	86.0	88.0	106.0	80.0	92.0	126.0	91.0	89.0	105.0	88.0	84.0	77.0	88.0	125.0	92.0	84.0	103.0	80.0
249.898	81.0	111.0	85.0	80.0	108.0	77.0	90.0	121.0	83.0	85.0	111.0	88.0	86.0	82.0	84.0	117.0	94.0	87.0	102.0	80.0
249.998	85.0	112.0	83.0	85.0	111.0	84.0	81.0	127.0	92.0	84.0	104.0	86.0	92.0	79.0	88.0	129.0	94.0	90.0	97.0	89.0
250.099	84.0	119.0	85.0	79.0	114.0	86.0	86.0	125.0	93.0	86.0	106.0	83.0	86.0	84.0	89.0	124.0	95.0	97.0	103.0	85.0
250.2	87.0	113.0	87.0	88.0	112.0	76.0	85.0	120.0	83.0	83.0	109.0	88.0	91.0	83.0	89.0	121.0	90.0	98.0	98.0	82.0
250.301	89.0	124.0	82.0	86.0	106.0	82.0	83.0	121.0	87.0	81.0	105.0	78.0	98.0	86.0	88.0	124.0	88.0	87.0	100.0	82.0
250.401	81.0	112.0	87.0	84.0	119.0	80.0	88.0	126.0	93.0	87.0	106.0	88.0	94.0	81.0	89.0	131.0	94.0	98.0	107.0	80.0
250.502	88.0	120.0	92.0	96.0	116.0	83.0	83.0	131.0	98.0	89.0	105.0	88.0	108.0	81.0	97.0	134.0	107.0	98.0	102.0	88.0
250.603	90.0	118.0	83.0	91.0	113.0	88.0	89.0	133.0	98.0	85.0	100.0	85.0	114.0	84.0	91.0	137.0	110.0	94.0	102.0	95.0
250.704	89.0	122.0	90.0	90.0	108.0	87.0	92.0	128.0	103.0	86.0	108.0	91.0	100.0	83.0	96.0	132.0	120.0	94.0	103.0	90.0
250.805	88.0	121.0	82.0	94.0	117.0	98.0	100.0	140.0	119.0	93.0	105.0	87.0	101.0	87.0	106.0	148.0	139.0	103.0	105.0	97.0
250.905	89.0	130.0	94.0	105.0	133.0	126.0	125.0	161.0	158.0	97.0	106.0	98.0	128.0	93.0	140.0	184.0	198.0	116.0	103.0	116.0
251.006	91.0	129.0	99.0	98.0	135.0	114.0	131.0	167.0	146.0	107.0	109.0	100.0	129.0	96.0	141.0	185.0	201.0	121.0	98.0	127.0
251.107	108.0	146.0	116.0	115.0	136.0	120.0	132.0	166.0	147.0	109.0	117.0	117.0	135.0	103.0	140.0	186.0	171.0	126.0	117.0	127.0
251.208	91.0	120.0	93.0	94.0	122.0	102.0	106.0	142.0	118.0	93.0	114.0	96.0	101.0	90.0	109.0	152.0	129.0	98.0	101.0	94.0
251.309	85.0	118.0	91.0	84.0	114.0	89.0	99.0	130.0	98.0	91.0	106.0	89.0	95.0	80.0	101.0	142.0	111.0	99.0	102.0	92.0
251.41	91.0	125.0	95.0	94.0	122.0	98.0	102.0	140.0	108.0	90.0	105.0	94.0	102.0	84.0	105.0	151.0	116.0	97.0	105.0	94.0
251.511	82.0	122.0	91.0	92.0	115.0	93.0	96.0	136.0	103.0	93.0	100.0	86.0	95.0	86.0	94.0	137.0	118.0	100.0	97.0	93.0
251.612	87.0	116.0	95.0	93.0	121.0	93.0	105.0	143.0	104.0	94.0	111.0	91.0	93.0	83.0	102.0	139.0	112.0	94.0	104.0	93.0
251.713	90.0	123.0	96.0	93.0	122.0	93.0	102.0	138.0	112.0	92.0	108.0	95.0	109.0	85.0	103.0	147.0	128.0	104.0	97.0	92.0
251.814	91.0	150.0	110.0	105.0	132.0	108.0	130.0	173.0	133.0	106.0	106.0	106.0	124.0	99.0	122.0	169.0	152.0	116.0	98.0	114.0
251.915	112.0	184.0	154.0	121.0	164.0	148.0	184.0	232.0	181.0	125.0	109.0	141.0	160.0	111.0	179.0	219.0	228.0	137.0	106.0	150.0
252.015	102.0	160.0	129.0	114.0	144.0	138.0	166.0	197.0	176.0	114.0	110.0	122.0	141.0	102.0	158.0	205.0	209.0	134.0	103.0	128.0
252.116	94.0	138.0	112.0	107.0	146.0	126.0	149.0	187.0	171.0	106.0	111.0	110.0	140.0	95.0	159.0	202.0	215.0	125.0	99.0	126.0
252.217	96.0	137.0	108.0	107.0	135.0	119.0	132.0	178.0	145.0	108.0	116.0	110.0	128.0	92.0	142.0	185.0	184.0	120.0	111.0	116.0
252.319	90.0	137.0	113.0	103.0	126.0	106.0	128.0	169.0	132.0	106.0	112.0	112.0	122.0	97.0	132.0	166.0	163.0	118.0	105.0	108.0
252.42	85.0	148.0	111.0	108.0	137.0	103.0	132.0	178.0	140.0	106.0	123.0	110.0	113.0	97.0	120.0	168.0	150.0	113.0	109.0	111.0
252.521	93.0	154.0	118.0	107.0	142.0	119.0	144.0	186.0	145.0	102.0	110.0	112.0	126.0	96.0	129.0	175.0	166.0	124.0	106.0	115.0
252.622	95.0	140.0	109.0	107.0	129.0	104.0	117.0	160.0	118.0	102.0	107.0	101.0	115.0	95.0	113.0	157.0	148.0	109.0	104.0	105.0
252.723	91.0	138.0	105.0	91.0	137.0	109.0	120.0	163.0	121.0	105.0	108.0	104.0	111.0	92.0	112.0	160.0	142.0	104.0	101.0	108.0
252.824	97.0	157.0	121.0	97.0	138.0	117.0	140.0	181.0	135.0	107.0	110.0	112.0	117.0	92.0	128.0	170.0	157.0	120.0	102.0	111.0
252.925	97.0	156.0	116.0	106.0	144.0	120.0	143.0	185.0	143.0	102.0	106.0	112.0	124.0	96.0	139.0	180.0	170.0	118.0	100.0	119.0
253.026	89.0	133.0	104.0	95.0	128.0	105.0	120.0	164.0	123.0	99.0	104.0	98.0	109.0	83.0	117.0	160.0	139.0	108.0	102.0	102.0
253.127	90.0	127.0	93.0	90.0	120.0	94.0	104.0	149.0	110.0	99.0	107.0	95.0	101.0	86.0	102.0	145.0	138.0	105.0	100.0	95.0
253.228	85.0	129.0	100.0	88.0	127.0	101.0	111.0	152.0	120.0	100.0	104.0	96.0	112.0	91.0	117.0	151.0	145.0	98.0	105.0	96.0
253.329	95.0	124.0	90.0	101.0	133.0	110.0	127.0	163.0	140.0	92.0	108.0	96.0	115.0	90.0	135.0	168.0	176.0	109.0	107.0	109.0
253.431	89.0	126.0	96.0	98.0	134.0	107.0	112.0	158.0	136.0	97.0	102.0	98.0	120.0	90.0	127.0	174.0	160.0	110.0	100.0	112.0
253.532	88.0	130.0	97.0	94.0	127.0	100.0	105.0	155.0	118.0	99.0	109.0	101.0	105.0	87.0	119.0	153.0	145.0	102.0	100.0	105.0
253.633	91.0	127.0	87.0	92.0	115.0	92.0	96.0	130.0	110.0	98.0	106.0	95.0	88.0	83.0	98.0	138.0	116.0	94.0	108.0	90.0
253.734	92.0	132.0	99.0	97.0	132.0	104.0	102.0	147.0	114.0	102.0	123.0	105.0	101.0	100.0	113.0	147.0	111.0	113.0	120.0	103.0
253.835	84.0	112.0	84.0	82.0	117.0	92.0	93.0	130.0	95.0	90.0	112.0	89.0	96.0	85.0	92.0	129.0	101.0	100.0	108.0	96.0
253.937	86.0	123.0	85.0	82.0	111.0	80.0	89.0	126.0	89.0	85.0	107.0	86.0	91.0	82.0	99.0	132.0	100.0	95.0	107.0	91.0
254.038	86.0	116.0	90.0	84.0	115.0	85.0	90.0	127.0	97.0	88.0	107.0	91.0	86.0	82.0	86.0	128.0	99.0	90.0	101.0	85.0
254.139	78.0	112.0	87.0	77.0	120.0	91.0	89.0	130.0	97.0	80.0	101.0	83.0	89.0	81.0	98.0	123.0	100.0	85.0	103.0	84.0
254.24	79.0	116.0	83.0	80.0	111.0	82.0	84.0	132.0	90.0	85.0	108.0	82.0	89.0	80.0	88.0	134.0	95.0	89.0	96.0	87.0
254.342	88.0	125.0	96.0	88.0	125.0	88.0	94.0	135.0	98.0	87.0	103.0	87.0	96.0	89.0	97.0	136.0	112.0	96.0	108.0	95.0
254.443	86.0	119.0	89.0	86.0	112.0	84.0	88.0	128.0	93.0	86.0	107.0	89.0	85.0	82.0	87.0	128.0	95.0	94.0	99.0	80.0
254.544	80.0	114.0	86.0	82.0	111.0	85.0	88.0	129.0	97.0	86.0	104.0	88.0	86.0	80.0	86.0	126.0	96.0	83.0	92.0	79.0
254.646	79.0	118.0	91.0	83.0	115.0	86.0	90.0	126.0	90.0	84.0	103.0	85.0	101.0	84.0	91.0	132.0	104.0	89.0	107.0	86.0
254.747	86.0	116.0	86.0	85.0	107.0	78.0	86.0	126.0	94.0	81.0	103.0	85.0	85.0	79.0	88.0	123.0	103.0	88.0	100.0	84.0
254.848	91.0	123.0	96.0	92.0	112.0	88.0	89.0	128.0	99.0	90.0	108.0	90.0	94.0	86.0	93.0	127.0	100.0	89.0	105.0	88.0
254.95	79.0	122.0	92.0	89.0	118.0	98.0	99.0	139.0	109.0	86.0	108.0	94.0	99.0	86.0	102.0	144.0	116.0	90.0	104.0	98.0
255.051	88.0	122.0	90.0	88.0	120.0	96.0	96.0	135.0	104.0	81.0	106.0	88.0	103.0	86.0	101.0	139.0	109.0	91.0	95.0	92.0
255.152	79.0	118.0	88.0	87.0	113.0	90.0	90.0	130.0	99.0	81.0	104.0	89.0	92.0	86.0	101.0	127.0	106.0	96.0	105.0	90.0
255.254	82.0	117.0	86.0	83.0	113.0	84.0	93.0	125.0	101.0	87.0	110.0	92.0	90.0	82.0	95.0	136.0	104.0	96.0	104.0	86.0
255.355	81.0	116.0	82.0	78.0	113.0	81.0	84.0	125.0	99.0	82.0	102.0	89.0	86.0	79.0	87.0	125.0	101.0	96.0	100.0	86.0
255.457	80.0	114.0	86.0	78.0	113.0	92.0	91.0	132.0	100.0	84.0	103.0	82.0	95.0	82.0	99.0	138.0	116.0	85.0	97.0	91.0
255.558	87.0	117.0	89.0	93.0	118.0	94.0	105.0	143.0	120.0	91.0	102.0	90.0	107.0	78.0	116.0	156.0	153.0	98.0	104.0	97.0
255.659	84.0	127.0	93.0	95.0	121.0	105.0	120.0	156.0	142.0	102.0	111.0	93.0	126.0	90.0	120.0	170.0	180.0	113.0	108.0	109.0
255.761	88.0	120.0	85.0	100.0	129.0	112.0	121.0	162.0	141.0	92.0	114.0	90.0	120.0	88.0	127.0	171.0	178.0	119.0	102.0	114.0
255.862	93.0	128.0	84.0	97.0	132.0	110.0	126.0	168.0	158.0	94.0	108.0	103.0	122.0	92.0	138.0	181.0	187.0	116.0	100.0	117.0
255.964	88.0	127.0	91.0	93.0	123.0	109.0	114.0	160.0	135.0	91.0	106.0	93.0	118.0	84.0	129.0	167.0	182.0	107.0	102.0	112.0
256.065	91.0	119.0	91.0	88.0	120.0	94.0	109.0	145.0	117.0	95.0	104.0	89.0	107.0	79.0	107.0	154.0	145.0	100.0	105.0	93.0
256.167	82.0	117.0	88.0	89.0	114.0	93.0	106.0	135.0	110.0	88.0	103.0	84.0	97.0	85.0	97.0	146.0	130.0	101.0	103.0	95.0
256.268	82.0	118.0	84.0	86.0	114.0	86.0	95.0	134.0	111.0	89.0	106.0	89.0	100.0	85.0	103.0	142.0	114.0	97.0	100.0	94.0
256.37	84.0	119.0	96.0	94.0	116.0	84.0	96.0	138.0	112.0	91.0	108.0	88.0	98.0	82.0	102.0	144.0	115.0	94.0	105.0	99.0
256.471	85.0	127.0	98.0	95.0	122.0	95.0	103.0	144.0	115.0	93.0	109.0	95.0	98.0	85.0	104.0	139.0	128.0	105.0	97.0	100.0
256.573	87.0	124.0	92.0	86.0	122.0	96.0	110.0	137.0	104.0	83.0	113.0	86.0	92.0	86.0	106.0	141.0	114.0	98.0	105.0	94.0
256.675	81.0	123.0	88.0	85.0	115.0	93.0	99.0	137.0	100.0	83.0	104.0	86.0	96.0	84.0	98.0	140.0	107.0	93.0	101.0	86.0
256.776	88.0	122.0	90.0	82.0	114.0	92.0	92.0	136.0	101.0	90.0	110.0	93.0	96.0	83.0	100.0	144.0	109.0	98.0	101.0	85.0
256.878	86.0	119.0	88.0	85.0	116.0	95.0	92.0	134.0	100.0	91.0	107.0	88.0	93.0	81.0	93.0	135.0	106.0	100.0	100.0	90.0
256.979	80.0	115.0	89.0	81.0	106.0	85.0	93.0	128.0	96.0	86.0	104.0	83.0	83.0	79.0	89.0	130.0	108.0	88.0	98.0	82.0
257.081	76.0	117.0	81.0	80.0	110.0	90.0	90.0	126.0	98.0	85.0	105.0	82.0	85.0	85.0	92.0	131.0	106.0	88.0	98.0	90.0
257.183	106.0	144.0	102.0	103.0	134.0	107.0	113.0	146.0	116.0	107.0	127.0	109.0	110.0	104.0	115.0	153.0	125.0	113.0	119.0	106.0
257.284	83.0	119.0	85.0	80.0	112.0	81.0	94.0	123.0	100.0	87.0	104.0	87.0	91.0	79.0	94.0	130.0	106.0	96.0	106.0	92.0
257.386	80.0	119.0	88.0	85.0	113.0	86.0	91.0	127.0	102.0	87.0	105.0	85.0	91.0	88.0	94.0	126.0	108.0	87.0	94.0	85.0
257.488	78.0	113.0	80.0	84.0	120.0	89.0	86.0	125.0	98.0	85.0	106.0	85.0	90.0	85.0	101.0	136.0	112.0	88.0	95.0	88.0
257.589	77.0	116.0	83.0	88.0	111.0	82.0	88.0	128.0	90.0	84.0	100.0	86.0	85.0	78.0	91.0	130.0	92.0	92.0	106.0	82.0
257.691	82.0	121.0	83.0	84.0	115.0	87.0	94.0	127.0	89.0	87.0	105.0	87.0	94.0	84.0	96.0	130.0	101.0	93.0	106.0	88.0
257.793	80.0	117.0	80.0	84.0	111.0	86.0	91.0	126.0	92.0	83.0	104.0	88.0	88.0	82.0	87.0	124.0	100.0	86.0	98.0	74.0
257.894	77.0	120.0	82.0	76.0	120.0	88.0	88.0	138.0	98.0	82.0	100.0	91.0	90.0	85.0	93.0	129.0	100.0	97.0	107.0	84.0
257.996	87.0	120.0	89.0	79.0	122.0	94.0	89.0	134.0	94.0	94.0	105.0	87.0	91.0	80.0	93.0	138.0	101.0	91.0	102.0	88.0
258.098	77.0	119.0	86.0	83.0	112.0	79.0	88.0	124.0	90.0	84.0	106.0	84.0	86.0	77.0	89.0	126.0	93.0	82.0	100.0	85.0
258.2	84.0	117.0	80.0	86.0	116.0	83.0	87.0	124.0	94.0	83.0	114.0	86.0	84.0	82.0	87.0	123.0	94.0	90.0	94.0	84.0
258.301	72.0	106.0	76.0	80.0	109.0	83.0	87.0	123.0	93.0	79.0	105.0	77.0	86.0	79.0	84.0	124.0	97.0	83.0	105.0	84.0
258.403	90.0	121.0	82.0	81.0	112.0	81.0	83.0	127.0	94.0	88.0	104.0	84.0	95.0	82.0	95.0	132.0	103.0	90.0	108.0	86.0
258.505	83.0	115.0	85.0	79.0	114.0	76.0	86.0	129.0	97.0	88.0	102.0	83.0	88.0	76.0	89.0	125.0	100.0	86.0	109.0	88.0
258.607	84.0	113.0	84.0	83.0	115.0	88.0	97.0	124.0	97.0	83.0	105.0	88.0	86.0	75.0	87.0	136.0	108.0	91.0	100.0	85.0
258.709	79.0	120.0	91.0	83.0	110.0	95.0	92.0	126.0	97.0	89.0	107.0	90.0	96.0	80.0	94.0	136.0	104.0	88.0	99.0	85.0
258.81	80.0	123.0	85.0	83.0	112.0	89.0	88.0	132.0	95.0	87.0	102.0	84.0	99.0	77.0	94.0	130.0	102.0	94.0	98.0	89.0
258.912	81.0	121.0	86.0	84.0	116.0	78.0	85.0	123.0	96.0	89.0	106.0	89.0	93.0	76.0	97.0	130.0	94.0	89.0	102.0	85.0
259.014	92.0	123.0	93.0	91.0	120.0	92.0	90.0	132.0	96.0	89.0	108.0	88.0	93.0	86.0	85.0	136.0	103.0	90.0	100.0	88.0
259.116	82.0	119.0	91.0	85.0	123.0	96.0	100.0	145.0	103.0	92.0	102.0	85.0	96.0	89.0	98.0	141.0	115.0	90.0	99.0	88.0
259.218	88.0	132.0	105.0	93.0	145.0	99.0	112.0	172.0	119.0	102.0	100.0	100.0	104.0	87.0	104.0	155.0	140.0	99.0	102.0	92.0
259.32	106.0	142.0	126.0	99.0	156.0	109.0	133.0	183.0	138.0	122.0	106.0	110.0	120.0	101.0	121.0	165.0	163.0	108.0	100.0	106.0
259.422	86.0	132.0	97.0	88.0	140.0	101.0	107.0	158.0	112.0	109.0	111.0	96.0	100.0	93.0	108.0	148.0	129.0	104.0	104.0	95.0
259.524	82.0	121.0	92.0	85.0	121.0	92.0	99.0	138.0	108.0	90.0	106.0	88.0	93.0	82.0	93.0	139.0	112.0	92.0	105.0	87.0
259.626	92.0	137.0	105.0	98.0	130.0	102.0	103.0	141.0	109.0	100.0	115.0	100.0	105.0	97.0	108.0	147.0	108.0	111.0	116.0	101.0
259.727	81.0	123.0	87.0	86.0	111.0	81.0	85.0	123.0	97.0	82.0	110.0	84.0	91.0	83.0	93.0	130.0	93.0	89.0	103.0	86.0
259.829	94.0	125.0	97.0	96.0	118.0	87.0	101.0	133.0	100.0	97.0	107.0	99.0	105.0	89.0	104.0	137.0	114.0	102.0	106.0	101.0
259.931	86.0	124.0	88.0	90.0	118.0	95.0	97.0	143.0	99.0	85.0	106.0	92.0	99.0	87.0	98.0	135.0	111.0	94.0	103.0	99.0
260.033	80.0	122.0	88.0	84.0	116.0	91.0	92.0	140.0	97.0	93.0	103.0	90.0	99.0	78.0	98.0	141.0	111.0	96.0	101.0	92.0
260.135	83.0	123.0	88.0	86.0	120.0	88.0	91.0	143.0	102.0	93.0	105.0	90.0	97.0	82.0	96.0	143.0	107.0	97.0	104.0	93.0
260.237	81.0	121.0	88.0	88.0	111.0	86.0	86.0	128.0	92.0	89.0	105.0	86.0	90.0	79.0	92.0	130.0	98.0	99.0	99.0	83.0
260.339	82.0	114.0	93.0	92.0	117.0	84.0	93.0	124.0	95.0	81.0	106.0	87.0	91.0	82.0	95.0	135.0	106.0	92.0	104.0	84.0
260.441	84.0	122.0	98.0	90.0	126.0	88.0	97.0	146.0	103.0	100.0	110.0	97.0	104.0	83.0	102.0	143.0	115.0	99.0	110.0	92.0
260.543	101.0	137.0	114.0	95.0	136.0	104.0	109.0	165.0	118.0	113.0	105.0	108.0	118.0	90.0	120.0	158.0	139.0	108.0	108.0	108.0
260.646	90.0	125.0	97.0	86.0	117.0	94.0	101.0	141.0	103.0	92.0	112.0	91.0	104.0	88.0	103.0	144.0	125.0	100.0	100.0	95.0
260.748	86.0	114.0	87.0	86.0	116.0	87.0	90.0	132.0	96.0	90.0	105.0	83.0	94.0	81.0	90.0	127.0	102.0	86.0	102.0	80.0
260.85	87.0	118.0	84.0	91.0	124.0	92.0	100.0	135.0	99.0	87.0	108.0	98.0	101.0	92.0	98.0	143.0	104.0	97.0	113.0	97.0
260.952	84.0	111.0	91.0	80.0	113.0	84.0	87.0	129.0	90.0	80.0	104.0	84.0	95.0	76.0	88.0	132.0	100.0	94.0	103.0	86.0
261.054	84.0	110.0	81.0	78.0	114.0	77.0	84.0	123.0	82.0	88.0	107.0	80.0	80.0	83.0	78.0	123.0	95.0	88.0	103.0	81.0
261.156	75.0	114.0	84.0	81.0	117.0	83.0	86.0	118.0	85.0	84.0	107.0	82.0	83.0	80.0	85.0	130.0	91.0	90.0	107.0	84.0
261.258	77.0	115.0	87.0	74.0	111.0	81.0	89.0	123.0	92.0	84.0	110.0	84.0	91.0	77.0	92.0	124.0	94.0	90.0	97.0	86.0
261.36	81.0	119.0	86.0	80.0	113.0	83.0	89.0	122.0	94.0	82.0	104.0	85.0	96.0	75.0	93.0	131.0	93.0	88.0	100.0	88.0
261.462	77.0	115.0	90.0	83.0	109.0	75.0	86.0	124.0	88.0	88.0	107.0	86.0	87.0	76.0	90.0	127.0	92.0	88.0	97.0	85.0
261.565	84.0	111.0	83.0	83.0	114.0	82.0	84.0	126.0	97.0	84.0	106.0	86.0	89.0	89.0	87.0	126.0	104.0	81.0	100.0	86.0
261.667	81.0	115.0	80.0	77.0	115.0	83.0	82.0	123.0	91.0	80.0	100.0	81.0	84.0	78.0	85.0	123.0	94.0	84.0	101.0	82.0
261.769	78.0	110.0	86.0	78.0	111.0	85.0	84.0	120.0	88.0	82.0	106.0	87.0	91.0	83.0	90.0	125.0	92.0	90.0	103.0	83.0
261.871	87.0	109.0	87.0	82.0	116.0	78.0	84.0	128.0	90.0	87.0	107.0	84.0	89.0	72.0	87.0	130.0	97.0	87.0	105.0	79.0
261.973	79.0	116.0	86.0	84.0	116.0	80.0	96.0	125.0	92.0	86.0	109.0	84.0	81.0	75.0	90.0	128.0	93.0	92.0	101.0	77.0
262.076	79.0	113.0	82.0	91.0	125.0	90.0	89.0	129.0	96.0	84.0	107.0	79.0	87.0	86.0	92.0	130.0	103.0	95.0	105.0	91.0
262.178	82.0	118.0	83.0	80.0	119.0	88.0	91.0	137.0	93.0	87.0	108.0	87.0	92.0	81.0	94.0	129.0	106.0	97.0	106.0	86.0
262.28	84.0	115.0	89.0	86.0	111.0	82.0	91.0	137.0	98.0	90.0	109.0	91.0	94.0	78.0	91.0	128.0	101.0	92.0	103.0	83.0
262.382	87.0	116.0	97.0	81.0	126.0	90.0	102.0	138.0	99.0	89.0	102.0	91.0	93.0	84.0	97.0	138.0	117.0	90.0	107.0	88.0
262.485	91.0	128.0	97.0	86.0	130.0	96.0	105.0	149.0	110.0	100.0	103.0	97.0	101.0	96.0	108.0	148.0	125.0	96.0	106.0	92.0
262.587	90.0	133.0	97.0	93.0	127.0	93.0	99.0	153.0	104.0	99.0	104.0	98.0	109.0	88.0	111.0	147.0	125.0	97.0	100.0	92.0
262.689	91.0	128.0	103.0	92.0	129.0	93.0	104.0	144.0	108.0	96.0	109.0	99.0	104.0	91.0	109.0	145.0	118.0	94.0	111.0	94.0
262.792	82.0	124.0	93.0	90.0	120.0	89.0	98.0	128.0	100.0	90.0	109.0	95.0	94.0	84.0	97.0	132.0	102.0	98.0	102.0	87.0
262.894	80.0	119.0	92.0	85.0	116.0	87.0	94.0	128.0	96.0	91.0	110.0	90.0	89.0	86.0	94.0	140.0	103.0	100.0	101.0	86.0
262.996	89.0	125.0	88.0	86.0	118.0	88.0	95.0	137.0	96.0	87.0	119.0	91.0	95.0	84.0	94.0	132.0	101.0	101.0	105.0	89.0
263.099	85.0	117.0	86.0	84.0	108.0	84.0	93.0	133.0	95.0	87.0	104.0	86.0	93.0	82.0	92.0	130.0	101.0	90.0	107.0	89.0
263.201	79.0	120.0	90.0	78.0	120.0	82.0	99.0	136.0	101.0	83.0	108.0	90.0	92.0	78.0	98.0	128.0	107.0	97.0	109.0	94.0
263.303	80.0	121.0	86.0	83.0	116.0	90.0	97.0	135.0	98.0	80.0	102.0	87.0	98.0	80.0	97.0	140.0	107.0	93.0	101.0	95.0
263.406	89.0	137.0	101.0	90.0	124.0	108.0	103.0	144.0	106.0	93.0	108.0	99.0	111.0	88.0	110.0	150.0	125.0	100.0	100.0	97.0
263.508	86.0	133.0	104.0	92.0	122.0	90.0	99.0	142.0	104.0	102.0	104.0	101.0	107.0	93.0	111.0	150.0	119.0	106.0	98.0	100.0
263.61	81.0	129.0	100.0	91.0	125.0	94.0	108.0	138.0	97.0	95.0	108.0	98.0	104.0	87.0	102.0	145.0	118.0	101.0	108.0	98.0
263.713	87.0	141.0	108.0	94.0	126.0	99.0	117.0	152.0	108.0	96.0	106.0	104.0	109.0	92.0	120.0	150.0	129.0	107.0	103.0	109.0
263.815	97.0	148.0	117.0	99.0	133.0	107.0	116.0	155.0	115.0	107.0	115.0	108.0	116.0	103.0	124.0	163.0	139.0	116.0	113.0	115.0
263.918	99.0	151.0	114.0	100.0	131.0	103.0	119.0	169.0	120.0	103.0	108.0	107.0	114.0	98.0	131.0	170.0	144.0	112.0	99.0	113.0
264.02	99.0	146.0	120.0	104.0	131.0	109.0	129.0	169.0	126.0	100.0	107.0	117.0	117.0	102.0	129.0	165.0	151.0	115.0	101.0	114.0
264.123	86.0	134.0	106.0	94.0	130.0	103.0	119.0	154.0	120.0	103.0	103.0	101.0	112.0	96.0	112.0	150.0	129.0	101.0	105.0	110.0
264.225	88.0	138.0	102.0	97.0	128.0	97.0	114.0	148.0	115.0	93.0	109.0	102.0	107.0	95.0	105.0	147.0	123.0	102.0	115.0	104.0
264.328	88.0	127.0	97.0	93.0	122.0	99.0	107.0	142.0	111.0	93.0	107.0	94.0	110.0	90.0	107.0	142.0	117.0	104.0	103.0	99.0
264.43	91.0	125.0	92.0	86.0	119.0	92.0	96.0	132.0	98.0	89.0	108.0	91.0	101.0	85.0	94.0	142.0	118.0	90.0	103.0	90.0
264.533	82.0	117.0	83.0	86.0	108.0	86.0	99.0	129.0	101.0	85.0	106.0	89.0	93.0	85.0	90.0	130.0	104.0	86.0	101.0	87.0
264.635	74.0	119.0	83.0	81.0	113.0	85.0	91.0	124.0	90.0	84.0	104.0	89.0	85.0	78.0	93.0	125.0	103.0	88.0	105.0	87.0
264.738	78.0	117.0	80.0	81.0	111.0	76.0	90.0	126.0	92.0	84.0	100.0	84.0	90.0	77.0	92.0	124.0	93.0	96.0	100.0	87.0
264.84	76.0	112.0	80.0	82.0	113.0	83.0	87.0	121.0	85.0	82.0	102.0	82.0	87.0	80.0	89.0	120.0	95.0	84.0	105.0	85.0
264.943	78.0	112.0	81.0	80.0	108.0	81.0	86.0	116.0	85.0	74.0	104.0	78.0	84.0	75.0	90.0	122.0	89.0	82.0	101.0	81.0
265.046	79.0	112.0	75.0	81.0	107.0	80.0	79.0	117.0	82.0	78.0	104.0	84.0	88.0	79.0	86.0	124.0	88.0	84.0	101.0	84.0
265.148	76.0	109.0	85.0	78.0	110.0	87.0	76.0	113.0	83.0	82.0	102.0	85.0	84.0	75.0	86.0	125.0	94.0	83.0	101.0	88.0
265.251	100.0	139.0	105.0	100.0	128.0	100.0	106.0	135.0	110.0	102.0	127.0	104.0	109.0	100.0	102.0	138.0	113.0	106.0	122.0	104.0
265.353	80.0	111.0	85.0	78.0	108.0	79.0	90.0	118.0	87.0	86.0	104.0	85.0	83.0	78.0	86.0	121.0	82.0	85.0	101.0	82.0
265.456	74.0	114.0	87.0	77.0	102.0	79.0	84.0	118.0	83.0	77.0	105.0	81.0	88.0	79.0	87.0	128.0	84.0	86.0	107.0	85.0
265.559	82.0	114.0	84.0	81.0	105.0	74.0	82.0	114.0	88.0	80.0	106.0	78.0	90.0	70.0	86.0	121.0	93.0	90.0	98.0	85.0
265.661	77.0	113.0	86.0	78.0	108.0	75.0	91.0	121.0	85.0	85.0	105.0	86.0	91.0	77.0	88.0	126.0	90.0	87.0	109.0	82.0
265.764	78.0	112.0	87.0	84.0	114.0	90.0	88.0	130.0	91.0	84.0	113.0	83.0	88.0	88.0	93.0	125.0	96.0	87.0	105.0	88.0
265.867	77.0	119.0	80.0	76.0	110.0	85.0	88.0	124.0	78.0	85.0	104.0	81.0	85.0	80.0	86.0	124.0	95.0	86.0	109.0	85.0
265.969	81.0	113.0	75.0	85.0	110.0	78.0	79.0	124.0	81.0	80.0	106.0	89.0	86.0	72.0	87.0	120.0	93.0	83.0	98.0	84.0
266.072	82.0	114.0	87.0	83.0	110.0	79.0	85.0	120.0	80.0	83.0	104.0	84.0	84.0	77.0	78.0	124.0	93.0	85.0	100.0	82.0
266.175	90.0	129.0	96.0	96.0	127.0	91.0	97.0	132.0	98.0	96.0	115.0	94.0	101.0	88.0	102.0	138.0	98.0	102.0	111.0	100.0
266.277	75.0	115.0	84.0	80.0	110.0	84.0	88.0	119.0	89.0	78.0	101.0	82.0	87.0	81.0	90.0	130.0	95.0	89.0	102.0	78.0
266.38	82.0	119.0	83.0	79.0	108.0	72.0	87.0	123.0	84.0	84.0	104.0	86.0	88.0	75.0	88.0	128.0	96.0	89.0	99.0	91.0
266.483	82.0	116.0	82.0	82.0	112.0	84.0	76.0	121.0	82.0	83.0	102.0	84.0	90.0	75.0	78.0	123.0	88.0	86.0	98.0	88.0
266.586	79.0	105.0	79.0	77.0	108.0	78.0	84.0	114.0	84.0	78.0	103.0	76.0	80.0	72.0	82.0	124.0	90.0	85.0	103.0	81.0
266.688	82.0	114.0	79.0	81.0	110.0	81.0	82.0	117.0	90.0	77.0	103.0	82.0	83.0	77.0	82.0	122.0	84.0	83.0	99.0	79.0
266.791	76.0	111.0	83.0	75.0	109.0	73.0	73.0	117.0	80.0	81.0	103.0	81.0	84.0	79.0	82.0	120.0	87.0	83.0	102.0	80.0
266.894	87.0	113.0	88.0	82.0	110.0	76.0	83.0	112.0	87.0	85.0	107.0	84.0	90.0	76.0	87.0	125.0	91.0	83.0	104.0	90.0
266.997	98.0	130.0	104.0	102.0	131.0	99.0	104.0	137.0	104.0	102.0	126.0	104.0	107.0	99.0	102.0	141.0	102.0	104.0	119.0	99.0
267.1	77.0	116.0	82.0	80.0	112.0	81.0	85.0	125.0	88.0	80.0	108.0	83.0	89.0	85.0	90.0	123.0	95.0	88.0	107.0	83.0
267.202	81.0	118.0	90.0	85.0	110.0	82.0	82.0	132.0	92.0	86.0	114.0	89.0	98.0	84.0	94.0	128.0	96.0	91.0	101.0	90.0
267.305	80.0	117.0	89.0	86.0	110.0	82.0	92.0	118.0	89.0	87.0	111.0	89.0	89.0	78.0	95.0	131.0	93.0	90.0	102.0	87.0
267.408	84.0	114.0	87.0	84.0	115.0	86.0	88.0	122.0	88.0	85.0	105.0	86.0	89.0	85.0	87.0	128.0	96.0	83.0	110.0	87.0
267.511	80.0	122.0	82.0	77.0	115.0	83.0	88.0	121.0	92.0	80.0	99.0	84.0	87.0	79.0	86.0	130.0	94.0	88.0	104.0	86.0
267.614	83.0	116.0	83.0	85.0	116.0	82.0	90.0	126.0	88.0	83.0	97.0	88.0	88.0	72.0	87.0	128.0	99.0	92.0	103.0	88.0
267.717	78.0	116.0	82.0	75.0	111.0	78.0	90.0	119.0	89.0	84.0	104.0	86.0	84.0	72.0	86.0	120.0	89.0	84.0	102.0	83.0
267.82	104.0	131.0	103.0	98.0	134.0	105.0	112.0	137.0	102.0	99.0	129.0	107.0	102.0	104.0	102.0	147.0	110.0	114.0	129.0	98.0
267.923	79.0	114.0	83.0	81.0	111.0	83.0	87.0	117.0	82.0	73.0	104.0	85.0	84.0	77.0	84.0	123.0	93.0	87.0	106.0	83.0
268.025	108.0	137.0	93.0	98.0	128.0	106.0	115.0	136.0	109.0	102.0	136.0	106.0	109.0	94.0	113.0	143.0	117.0	113.0	123.0	106.0
268.128	86.0	114.0	85.0	82.0	109.0	75.0	81.0	119.0	88.0	82.0	112.0	88.0	88.0	76.0	88.0	120.0	95.0	91.0	104.0	82.0
268.231	80.0	115.0	86.0	81.0	108.0	77.0	86.0	116.0	83.0	80.0	103.0	76.0	86.0	82.0	88.0	114.0	90.0	81.0	108.0	81.0
268.334	82.0	120.0	85.0	92.0	113.0	82.0	85.0	121.0	87.0	82.0	107.0	83.0	90.0	86.0	91.0	124.0	96.0	90.0	106.0	86.0
268.437	80.0	119.0	78.0	82.0	114.0	82.0	85.0	122.0	91.0	89.0	104.0	82.0	85.0	78.0	87.0	124.0	96.0	92.0	106.0	90.0
268.54	80.0	115.0	80.0	81.0	115.0	75.0	82.0	126.0	88.0	79.0	108.0	84.0	86.0	77.0	84.0	124.0	98.0	89.0	109.0	79.0
268.643	81.0	108.0	84.0	83.0	110.0	77.0	86.0	116.0	84.0	81.0	106.0	84.0	76.0	77.0	76.0	123.0	93.0	92.0	105.0	82.0
268.746	74.0	110.0	80.0	80.0	113.0	82.0	85.0	120.0	90.0	84.0	106.0	82.0	84.0	81.0	88.0	120.0	89.0	82.0	97.0	78.0
268.849	78.0	113.0	78.0	76.0	107.0	82.0	85.0	122.0	90.0	81.0	104.0	81.0	89.0	74.0	90.0	118.0	91.0	85.0	98.0	82.0
268.952	79.0	119.0	80.0	86.0	111.0	80.0	88.0	121.0	89.0	84.0	101.0	84.0	87.0	76.0	86.0	125.0	93.0	86.0	107.0	81.0
269.055	86.0	114.0	86.0	84.0	114.0	80.0	88.0	122.0	91.0	78.0	110.0	87.0	92.0	80.0	84.0	124.0	94.0	88.0	106.0	84.0
269.158	99.0	132.0	108.0	96.0	134.0	104.0	106.0	149.0	104.0	99.0	120.0	96.0	103.0	98.0	109.0	141.0	116.0	102.0	121.0	104.0
269.262	82.0	121.0	92.0	82.0	114.0	89.0	94.0	134.0	102.0	81.0	103.0	76.0	91.0	79.0	98.0	130.0	106.0	94.0	103.0	84.0
269.365	78.0	117.0	87.0	83.0	115.0	81.0	98.0	132.0	97.0	85.0	102.0	85.0	98.0	80.0	91.0	132.0	104.0	91.0	101.0	87.0
269.468	78.0	111.0	86.0	82.0	112.0	84.0	90.0	125.0	91.0	82.0	106.0	82.0	91.0	77.0	81.0	126.0	103.0	89.0	101.0	89.0
269.571	76.0	118.0	84.0	79.0	115.0	93.0	96.0	126.0	93.0	85.0	103.0	80.0	91.0	79.0	86.0	141.0	98.0	88.0	113.0	83.0
269.674	78.0	123.0	86.0	83.0	112.0	94.0	92.0	132.0	106.0	84.0	106.0	89.0	97.0	77.0	95.0	133.0	109.0	96.0	100.0	95.0
269.777	78.0	114.0	82.0	78.0	114.0	87.0	90.0	134.0	94.0	90.0	105.0	87.0	87.0	75.0	92.0	127.0	99.0	89.0	105.0	82.0
269.88	81.0	112.0	90.0	82.0	112.0	79.0	87.0	121.0	88.0	84.0	101.0	88.0	86.0	75.0	89.0	122.0	93.0	83.0	101.0	88.0
269.983	76.0	109.0	78.0	78.0	115.0	79.0	83.0	116.0	88.0	77.0	106.0	81.0	86.0	78.0	83.0	116.0	95.0	80.0	104.0	85.0
270.086	78.0	111.0	84.0	74.0	111.0	82.0	82.0	124.0	88.0	76.0	98.0	79.0	88.0	76.0	86.0	127.0	95.0	86.0	100.0	79.0
270.19	81.0	112.0	82.0	76.0	109.0	78.0	80.0	125.0	91.0	81.0	100.0	86.0	82.0	76.0	84.0	117.0	88.0	86.0	104.0	85.0
270.293	81.0	112.0	78.0	86.0	117.0	75.0	84.0	109.0	86.0	77.0	111.0	88.0	91.0	79.0	77.0	114.0	88.0	86.0	109.0	77.0
270.396	82.0	117.0	88.0	86.0	119.0	85.0	92.0	128.0	96.0	87.0	112.0	86.0	87.0	82.0	88.0	126.0	90.0	91.0	112.0	89.0
270.499	79.0	106.0	84.0	75.0	112.0	78.0	80.0	123.0	84.0	78.0	102.0	80.0	84.0	74.0	82.0	115.0	85.0	86.0	99.0	74.0
270.602	84.0	112.0	84.0	79.0	107.0	80.0	87.0	120.0	85.0	78.0	108.0	79.0	86.0	65.0	87.0	121.0	92.0	88.0	100.0	80.0
270.706	81.0	108.0	81.0	78.0	113.0	74.0	82.0	125.0	86.0	83.0	106.0	83.0	95.0	77.0	88.0	122.0	91.0	83.0	102.0	83.0
270.809	77.0	116.0	80.0	80.0	111.0	82.0	83.0	118.0	83.0	80.0	100.0	78.0	85.0	77.0	80.0	123.0	96.0	82.0	103.0	80.0
270.912	78.0	112.0	80.0	71.0	111.0	81.0	83.0	130.0	84.0	81.0	100.0	78.0	87.0	72.0	88.0	126.0	91.0	86.0	104.0	81.0
271.015	84.0	115.0	81.0	80.0	116.0	82.0	91.0	128.0	87.0	84.0	101.0	88.0	92.0	76.0	90.0	127.0	93.0	88.0	106.0	83.0
271.119	84.0	114.0	91.0	79.0	114.0	86.0	91.0	131.0	92.0	81.0	106.0	83.0	87.0	80.0	86.0	133.0	96.0	92.0	108.0	78.0
271.222	79.0	124.0	89.0	85.0	111.0	86.0	90.0	130.0	89.0	86.0	104.0	84.0	87.0	78.0	82.0	123.0	95.0	92.0	102.0	84.0
271.325	80.0	120.0	87.0	78.0	113.0	88.0	89.0	133.0	90.0	87.0	106.0	86.0	94.0	79.0	93.0	130.0	101.0	93.0	99.0	81.0
271.429	82.0	118.0	88.0	79.0	106.0	80.0	83.0	118.0	93.0	89.0	107.0	82.0	90.0	74.0	85.0	123.0	95.0	90.0	100.0	83.0
271.532	80.0	117.0	82.0	83.0	104.0	78.0	94.0	123.0	89.0	82.0	108.0	83.0	92.0	74.0	94.0	120.0	90.0	84.0	104.0	85.0
271.635	78.0	108.0	78.0	79.0	112.0	80.0	81.0	122.0	86.0	79.0	106.0	87.0	86.0	79.0	83.0	121.0	89.0	78.0	102.0	78.0
271.739	76.0	113.0	76.0	78.0	108.0	82.0	79.0	117.0	91.0	82.0	99.0	83.0	88.0	78.0	89.0	122.0	87.0	86.0	101.0	83.0
271.842	80.0	114.0	81.0	82.0	110.0	75.0	89.0	124.0	80.0	82.0	100.0	84.0	87.0	80.0	92.0	124.0	99.0	89.0	102.0	81.0
271.945	77.0	115.0	83.0	78.0	112.0	83.0	90.0	127.0	93.0	90.0	110.0	88.0	91.0	75.0	87.0	121.0	97.0	88.0	104.0	86.0
272.049	79.0	116.0	86.0	86.0	115.0	78.0	89.0	125.0	85.0	86.0	109.0	82.0	85.0	77.0	87.0	128.0	94.0	89.0	100.0	80.0
272.152	74.0	112.0	81.0	78.0	117.0	85.0	81.0	126.0	91.0	85.0	101.0	88.0	89.0	83.0	88.0	122.0	94.0	90.0	96.0	80.0
272.255	80.0	118.0	81.0	79.0	109.0	84.0	92.0	124.0	92.0	80.0	100.0	90.0	88.0	74.0	90.0	119.0	102.0	91.0	99.0	88.0
272.359	79.0	115.0	83.0	82.0	109.0	85.0	92.0	126.0	88.0	80.0	110.0	93.0	85.0	80.0	90.0	132.0	103.0	90.0	113.0	87.0
272.462	82.0	114.0	91.0	81.0	113.0	82.0	97.0	138.0	95.0	79.0	109.0	77.0	89.0	83.0	85.0	121.0	102.0	87.0	104.0	87.0
272.566	78.0	120.0	87.0	83.0	115.0	90.0	92.0	129.0	92.0	80.0	104.0	84.0	94.0	81.0	93.0	126.0	101.0	95.0	101.0	90.0
272.669	84.0	120.0	90.0	88.0	118.0	84.0	95.0	134.0	95.0	87.0	105.0	92.0	101.0	83.0	102.0	129.0	108.0	93.0	107.0	90.0
272.773	90.0	123.0	93.0	85.0	120.0	85.0	98.0	129.0	103.0	88.0	104.0	90.0	98.0	82.0	98.0	146.0	110.0	98.0	103.0	94.0
272.876	86.0	121.0	88.0	86.0	117.0	86.0	101.0	126.0	90.0	88.0	102.0	88.0	98.0	86.0	94.0	139.0	106.0	92.0	102.0	86.0
272.98	77.0	122.0	96.0	81.0	122.0	91.0	96.0	132.0	95.0	89.0	109.0	89.0	95.0	84.0	96.0	140.0	108.0	92.0	104.0	92.0
273.083	81.0	119.0	83.0	80.0	109.0	85.0	86.0	129.0	97.0	92.0	104.0	84.0	96.0	78.0	91.0	137.0	99.0	94.0	106.0	86.0
273.187	91.0	120.0	91.0	86.0	122.0	84.0	103.0	128.0	97.0	89.0	106.0	94.0	97.0	84.0	93.0	140.0	112.0	92.0	108.0	94.0
273.29	86.0	124.0	106.0	93.0	138.0	104.0	113.0	149.0	110.0	100.0	109.0	100.0	104.0	90.0	109.0	144.0	134.0	97.0	102.0	90.0
273.394	76.0	125.0	92.0	89.0	130.0	93.0	102.0	143.0	103.0	92.0	103.0	87.0	94.0	91.0	97.0	144.0	115.0	97.0	98.0	88.0
273.497	84.0	133.0	100.0	89.0	130.0	98.0	109.0	152.0	110.0	96.0	105.0	97.0	105.0	94.0	107.0	149.0	134.0	102.0	104.0	100.0
273.601	85.0	127.0	102.0	90.0	128.0	93.0	110.0	154.0	109.0	99.0	107.0	97.0	107.0	86.0	104.0	157.0	130.0	95.0	112.0	102.0
273.704	85.0	127.0	96.0	89.0	125.0	99.0	112.0	146.0	111.0	98.0	112.0	94.0	98.0	86.0	101.0	144.0	129.0	95.0	104.0	97.0
273.808	80.0	130.0	93.0	84.0	125.0	96.0	100.0	146.0	104.0	89.0	102.0	94.0	99.0	83.0	109.0	145.0	118.0	95.0	104.0	93.0
273.911	85.0	126.0	96.0	83.0	120.0	103.0	106.0	153.0	109.0	93.0	110.0	90.0	100.0	85.0	108.0	144.0	130.0	95.0	98.0	95.0
274.015	84.0	128.0	98.0	91.0	132.0	104.0	122.0	170.0	120.0	102.0	103.0	100.0	108.0	87.0	103.0	157.0	138.0	101.0	106.0	104.0
274.119	83.0	128.0	98.0	98.0	137.0	100.0	132.0	165.0	122.0	106.0	105.0	96.0	110.0	85.0	113.0	155.0	139.0	97.0	102.0	98.0
274.222	81.0	134.0	97.0	95.0	147.0	104.0	129.0	174.0	126.0	106.0	108.0	97.0	102.0	91.0	114.0	161.0	156.0	110.0	107.0	104.0
274.326	89.0	133.0	96.0	91.0	140.0	109.0	115.0	164.0	119.0	102.0	108.0	96.0	112.0	89.0	107.0	159.0	144.0	113.0	109.0	100.0
274.43	90.0	136.0	102.0	87.0	136.0	106.0	127.0	164.0	130.0	105.0	112.0	100.0	109.0	89.0	108.0	161.0	151.0	113.0	107.0	100.0
274.533	91.0	144.0	110.0	94.0	148.0	108.0	139.0	185.0	134.0	102.0	104.0	109.0	112.0	90.0	121.0	171.0	164.0	114.0	104.0	110.0
274.637	94.0	149.0	118.0	97.0	145.0	112.0	140.0	189.0	141.0	106.0	102.0	97.0	118.0	90.0	130.0	182.0	167.0	113.0	104.0	112.0
274.741	93.0	140.0	114.0	92.0	133.0	108.0	138.0	191.0	133.0	91.0	103.0	103.0	122.0	89.0	125.0	180.0	162.0	109.0	110.0	118.0
274.844	91.0	135.0	106.0	92.0	126.0	102.0	132.0	181.0	139.0	105.0	104.0	97.0	114.0	83.0	121.0	170.0	162.0	106.0	105.0	105.0
274.948	85.0	121.0	104.0	91.0	139.0	97.0	127.0	169.0	124.0	104.0	107.0	96.0	117.0	91.0	107.0	155.0	145.0	99.0	102.0	98.0
275.052	78.0	123.0	101.0	89.0	134.0	94.0	110.0	152.0	112.0	88.0	108.0	91.0	98.0	86.0	103.0	144.0	136.0	100.0	101.0	96.0
275.155	85.0	130.0	101.0	94.0	138.0	103.0	113.0	157.0	116.0	96.0	103.0	96.0	108.0	92.0	111.0	155.0	129.0	104.0	104.0	102.0
275.259	84.0	134.0	96.0	82.0	123.0	96.0	109.0	152.0	111.0	97.0	104.0	90.0	104.0	83.0	109.0	141.0	127.0	95.0	101.0	101.0
275.363	86.0	122.0	95.0	88.0	116.0	86.0	104.0	142.0	108.0	89.0	107.0	89.0	104.0	77.0	93.0	137.0	104.0	89.0	98.0	89.0
275.467	81.0	122.0	97.0	85.0	122.0	92.0	103.0	140.0	97.0	83.0	101.0	92.0	94.0	81.0	99.0	135.0	118.0	95.0	97.0	87.0
275.57	78.0	131.0	91.0	82.0	116.0	92.0	101.0	137.0	105.0	88.0	102.0	85.0	95.0	77.0	94.0	141.0	109.0	92.0	103.0	90.0
275.674	85.0	111.0	90.0	75.0	114.0	83.0	99.0	129.0	99.0	85.0	104.0	86.0	96.0	70.0	94.0	135.0	111.0	98.0	105.0	86.0
275.778	85.0	117.0	88.0	85.0	114.0	85.0	106.0	143.0	104.0	91.0	107.0	91.0	100.0	83.0	95.0	140.0	112.0	87.0	100.0	89.0
275.882	82.0	126.0	94.0	88.0	123.0	90.0	99.0	140.0	100.0	89.0	106.0	86.0	93.0	79.0	97.0	137.0	112.0	89.0	108.0	93.0
275.986	76.0	113.0	78.0	78.0	122.0	86.0	93.0	128.0	94.0	77.0	109.0	84.0	97.0	80.0	91.0	136.0	112.0	89.0	105.0	93.0
276.089	79.0	119.0	93.0	88.0	119.0	82.0	97.0	142.0	108.0	85.0	109.0	90.0	93.0	83.0	96.0	141.0	110.0	102.0	108.0	89.0
276.193	78.0	112.0	94.0	83.0	113.0	85.0	90.0	129.0	97.0	88.0	104.0	86.0	91.0	78.0	86.0	125.0	94.0	90.0	107.0	86.0
276.297	76.0	119.0	83.0	84.0	114.0	80.0	83.0	121.0	88.0	83.0	101.0	83.0	88.0	79.0	85.0	123.0	91.0	90.0	98.0	82.0
276.401	77.0	114.0	86.0	73.0	109.0	85.0	90.0	125.0	94.0	82.0	98.0	83.0	91.0	80.0	94.0	124.0	97.0	84.0	101.0	79.0
276.505	85.0	115.0	78.0	75.0	110.0	85.0	91.0	128.0	89.0	82.0	109.0	84.0	90.0	77.0	93.0	130.0	98.0	92.0	108.0	86.0
276.609	82.0	112.0	85.0	80.0	112.0	78.0	86.0	115.0	88.0	81.0	101.0	87.0	77.0	67.0	89.0	122.0	92.0	86.0	102.0	84.0
276.713	76.0	116.0	81.0	85.0	111.0	82.0	84.0	120.0	91.0	85.0	104.0	79.0	82.0	80.0	84.0	113.0	92.0	86.0	109.0	85.0
276.816	80.0	113.0	81.0	80.0	109.0	83.0	80.0	122.0	82.0	72.0	99.0	78.0	82.0	81.0	89.0	121.0	99.0	90.0	101.0	78.0
276.92	74.0	108.0	80.0	77.0	109.0	80.0	81.0	121.0	87.0	84.0	101.0	81.0	82.0	75.0	80.0	125.0	92.0	86.0	104.0	80.0
277.024	81.0	115.0	85.0	81.0	114.0	76.0	90.0	125.0	90.0	79.0	104.0	86.0	85.0	76.0	82.0	125.0	88.0	85.0	108.0	78.0
277.128	75.0	112.0	82.0	79.0	113.0	81.0	81.0	117.0	84.0	82.0	104.0	86.0	79.0	75.0	82.0	121.0	85.0	86.0	96.0	77.0
277.232	81.0	115.0	78.0	81.0	110.0	86.0	90.0	126.0	83.0	84.0	99.0	86.0	89.0	79.0	90.0	122.0	93.0	83.0	100.0	86.0
277.336	87.0	121.0	86.0	81.0	116.0	84.0	89.0	128.0	97.0	86.0	107.0	84.0	87.0	78.0	93.0	127.0	98.0	91.0	110.0	86.0
277.44	80.0	111.0	84.0	82.0	117.0	81.0	89.0	133.0	95.0	84.0	106.0	81.0	98.0	77.0	90.0	136.0	104.0	94.0	97.0	84.0
277.544	74.0	112.0	81.0	80.0	114.0	78.0	91.0	125.0	90.0	88.0	106.0	79.0	89.0	72.0	87.0	118.0	98.0	86.0	106.0	85.0
277.648	76.0	125.0	83.0	83.0	115.0	86.0	87.0	133.0	90.0	78.0	97.0	82.0	91.0	81.0	90.0	125.0	97.0	89.0	98.0	86.0
277.752	76.0	114.0	82.0	82.0	113.0	82.0	93.0	125.0	86.0	85.0	103.0	82.0	89.0	79.0	90.0	133.0	104.0	87.0	102.0	87.0
277.856	85.0	119.0	80.0	84.0	107.0	83.0	96.0	133.0	97.0	80.0	107.0	85.0	88.0	76.0	90.0	135.0	100.0	90.0	100.0	86.0
277.96	82.0	120.0	91.0	84.0	111.0	81.0	95.0	125.0	92.0	86.0	107.0	89.0	86.0	78.0	88.0	138.0	103.0	96.0	105.0	87.0
278.064	78.0	115.0	90.0	86.0	109.0	85.0	96.0	132.0	98.0	78.0	102.0	86.0	90.0	82.0	92.0	129.0	104.0	91.0	99.0	86.0
278.168	83.0	122.0	90.0	84.0	113.0	87.0	108.0	143.0	106.0	82.0	104.0	90.0	92.0	81.0	102.0	142.0	109.0	91.0	105.0	98.0
278.272	86.0	118.0	89.0	84.0	122.0	85.0	102.0	133.0	102.0	89.0	108.0	84.0	96.0	72.0	93.0	136.0	106.0	93.0	107.0	86.0
278.376	80.0	117.0	86.0	82.0	117.0	80.0	93.0	126.0	93.0	87.0	106.0	88.0	95.0	79.0	86.0	129.0	103.0	87.0	104.0	85.0
278.48	76.0	112.0	84.0	88.0	109.0	87.0	86.0	128.0	92.0	79.0	100.0	91.0	95.0	78.0	97.0	128.0	103.0	87.0	102.0	85.0
278.584	77.0	119.0	75.0	85.0	115.0	86.0	89.0	126.0	94.0	81.0	102.0	81.0	89.0	79.0	90.0	130.0	104.0	88.0	105.0	89.0
278.689	74.0	113.0	86.0	87.0	108.0	83.0	90.0	120.0	89.0	81.0	106.0	86.0	87.0	74.0	86.0	127.0	100.0	91.0	113.0	80.0
278.793	79.0	125.0	88.0	81.0	116.0	88.0	93.0	131.0	94.0	89.0	106.0	83.0	88.0	83.0	84.0	132.0	94.0	92.0	100.0	87.0
278.897	85.0	122.0	89.0	83.0	117.0	87.0	100.0	130.0	100.0	88.0	102.0	86.0	92.0	81.0	91.0	134.0	108.0	95.0	100.0	96.0
279.001	91.0	125.0	92.0	85.0	112.0	95.0	100.0	136.0	103.0	84.0	106.0	89.0	100.0	87.0	90.0	142.0	120.0	94.0	105.0	99.0
279.105	80.0	114.0	94.0	90.0	122.0	90.0	96.0	134.0	101.0	82.0	103.0	91.0	100.0	73.0	100.0	142.0	113.0	95.0	107.0	95.0
279.209	103.0	140.0	113.0	109.0	144.0	112.0	122.0	154.0	123.0	113.0	129.0	110.0	107.0	104.0	114.0	158.0	133.0	109.0	126.0	114.0
279.313	85.0	124.0	91.0	84.0	120.0	86.0	102.0	130.0	100.0	83.0	100.0	85.0	92.0	86.0	101.0	139.0	106.0	89.0	102.0	88.0
279.418	82.0	128.0	91.0	87.0	123.0	89.0	103.0	142.0	111.0	92.0	105.0	94.0	108.0	87.0	103.0	146.0	121.0	95.0	107.0	98.0
279.522	88.0	133.0	93.0	88.0	121.0	96.0	114.0	153.0	120.0	86.0	102.0	101.0	108.0	83.0	108.0	158.0	133.0	103.0	102.0	103.0
279.626	92.0	137.0	107.0	95.0	128.0	103.0	121.0	159.0	127.0	98.0	108.0	100.0	113.0	90.0	119.0	156.0	133.0	106.0	101.0	105.0
279.73	82.0	138.0	101.0	96.0	128.0	98.0	127.0	156.0	119.0	98.0	106.0	101.0	103.0	86.0	115.0	151.0	136.0	108.0	101.0	102.0
279.834	86.0	145.0	120.0	93.0	137.0	118.0	146.0	193.0	134.0	95.0	100.0	105.0	126.0	93.0	133.0	177.0	166.0	115.0	104.0	119.0
279.939	90.0	146.0	115.0	99.0	147.0	112.0	145.0	193.0	147.0	98.0	105.0	116.0	130.0	87.0	136.0	180.0	170.0	119.0	102.0	120.0
280.043	87.0	146.0	105.0	100.0	139.0	104.0	134.0	174.0	138.0	98.0	109.0	100.0	117.0	90.0	118.0	171.0	159.0	110.0	102.0	112.0
280.147	88.0	134.0	104.0	95.0	131.0	108.0	130.0	164.0	130.0	87.0	103.0	98.0	121.0	86.0	124.0	160.0	150.0	104.0	103.0	108.0
280.251	84.0	132.0	91.0	100.0	132.0	97.0	125.0	158.0	129.0	95.0	108.0	93.0	117.0	91.0	114.0	163.0	142.0	109.0	107.0	108.0
280.356	89.0	142.0	111.0	94.0	144.0	109.0	146.0	181.0	135.0	96.0	109.0	112.0	120.0	89.0	124.0	178.0	159.0	117.0	109.0	113.0
280.46	86.0	150.0	113.0	100.0	139.0	108.0	152.0	190.0	151.0	97.0	106.0	113.0	124.0	93.0	126.0	184.0	163.0	120.0	104.0	120.0
280.564	85.0	144.0	110.0	101.0	140.0	103.0	135.0	176.0	141.0	92.0	105.0	104.0	122.0	90.0	121.0	176.0	162.0	116.0	102.0	114.0
280.669	87.0	125.0	95.0	90.0	127.0	100.0	120.0	159.0	119.0	92.0	109.0	98.0	114.0	89.0	111.0	163.0	141.0	108.0	105.0	103.0
280.773	90.0	125.0	94.0	87.0	126.0	98.0	110.0	155.0	118.0	88.0	105.0	96.0	114.0	86.0	113.0	157.0	138.0	104.0	104.0	104.0
280.877	83.0	122.0	94.0	87.0	122.0	86.0	113.0	148.0	113.0	93.0	107.0	94.0	99.0	80.0	103.0	150.0	122.0	97.0	108.0	97.0
280.982	84.0	130.0	100.0	87.0	123.0	89.0	112.0	143.0	108.0	87.0	108.0	89.0	107.0	85.0	104.0	150.0	128.0	100.0	105.0	94.0
281.086	86.0	137.0	96.0	90.0	132.0	98.0	114.0	158.0	120.0	91.0	106.0	99.0	114.0	89.0	113.0	156.0	138.0	111.0	105.0	106.0
281.19	85.0	147.0	113.0	98.0	145.0	121.0	150.0	190.0	146.0	108.0	105.0	108.0	128.0	86.0	136.0	189.0	181.0	116.0	109.0	117.0
281.295	88.0	142.0	110.0	104.0	132.0	113.0	148.0	185.0	141.0	94.0	105.0	112.0	124.0	98.0	128.0	176.0	171.0	115.0	105.0	113.0
281.399	79.0	141.0	108.0	104.0	138.0	116.0	147.0	176.0	140.0	95.0	108.0	103.0	117.0	93.0	124.0	177.0	167.0	115.0	101.0	116.0
281.503	82.0	136.0	109.0	99.0	127.0	114.0	138.0	172.0	135.0	92.0	106.0	105.0	115.0	93.0	123.0	169.0	155.0	105.0	106.0	112.0
281.608	83.0	125.0	95.0	93.0	121.0	101.0	115.0	143.0	118.0	91.0	106.0	100.0	109.0	79.0	109.0	157.0	138.0	97.0	99.0	103.0
281.712	86.0	120.0	98.0	90.0	118.0	88.0	104.0	148.0	114.0	90.0	109.0	100.0	102.0	87.0	107.0	152.0	128.0	104.0	104.0	98.0
281.817	96.0	137.0	100.0	97.0	127.0	103.0	116.0	154.0	113.0	100.0	118.0	102.0	111.0	97.0	115.0	150.0	127.0	106.0	117.0	105.0
281.921	77.0	122.0	92.0	88.0	119.0	96.0	95.0	140.0	106.0	81.0	100.0	90.0	100.0	89.0	105.0	144.0	121.0	98.0	101.0	98.0
282.026	86.0	133.0	100.0	97.0	129.0	91.0	113.0	157.0	122.0	92.0	101.0	103.0	110.0	85.0	120.0	155.0	137.0	108.0	108.0	105.0
282.13	85.0	143.0	120.0	97.0	148.0	121.0	162.0	199.0	151.0	111.0	109.0	111.0	136.0	92.0	133.0	191.0	176.0	128.0	103.0	121.0
282.235	98.0	175.0	150.0	115.0	175.0	144.0	200.0	244.0	192.0	117.0	107.0	129.0	157.0	111.0	173.0	230.0	232.0	146.0	104.0	149.0
282.339	95.0	170.0	142.0	118.0	170.0	144.0	201.0	248.0	196.0	112.0	109.0	134.0	158.0	108.0	174.0	241.0	240.0	136.0	107.0	162.0
282.444	89.0	153.0	126.0	107.0	151.0	131.0	170.0	212.0	169.0	103.0	106.0	119.0	136.0	94.0	149.0	211.0	211.0	128.0	106.0	137.0
282.548	92.0	158.0	129.0	110.0	160.0	130.0	172.0	215.0	175.0	102.0	110.0	122.0	142.0	96.0	156.0	214.0	208.0	127.0	102.0	143.0
282.653	100.0	159.0	121.0	110.0	154.0	121.0	158.0	190.0	154.0	100.0	109.0	116.0	140.0	102.0	139.0	187.0	183.0	121.0	108.0	132.0
282.757	85.0	140.0	108.0	90.0	138.0	105.0	130.0	169.0	135.0	92.0	104.0	92.0	125.0	87.0	124.0	168.0	161.0	108.0	101.0	111.0
282.862	81.0	127.0	100.0	84.0	122.0	98.0	117.0	158.0	122.0	87.0	102.0	101.0	108.0	85.0	113.0	156.0	134.0	103.0	111.0	101.0
282.966	85.0	129.0	100.0	89.0	130.0	96.0	114.0	151.0	119.0	90.0	108.0	92.0	106.0	87.0	113.0	154.0	142.0	102.0	105.0	94.0
283.071	85.0	130.0	97.0	91.0	124.0	91.0	111.0	141.0	116.0	86.0	105.0	90.0	103.0	82.0	105.0	149.0	132.0	99.0	105.0	97.0
283.175	90.0	128.0	93.0	94.0	125.0	98.0	103.0	139.0	110.0	88.0	105.0	88.0	107.0	81.0	107.0	151.0	126.0	100.0	106.0	105.0
283.28	85.0	122.0	89.0	96.0	123.0	92.0	104.0	146.0	111.0	88.0	102.0	85.0	107.0	83.0	106.0	144.0	119.0	98.0	100.0	100.0
283.385	87.0	126.0	96.0	89.0	126.0	98.0	116.0	151.0	113.0	87.0	103.0	92.0	118.0	74.0	113.0	162.0	139.0	97.0	100.0	95.0
283.489	88.0	147.0	113.0	101.0	133.0	106.0	126.0	172.0	131.0	97.0	107.0	96.0	116.0	82.0	112.0	165.0	147.0	109.0	102.0	111.0
283.594	92.0	153.0	119.0	102.0	138.0	118.0	136.0	187.0	144.0	97.0	100.0	108.0	126.0	89.0	130.0	176.0	165.0	117.0	104.0	117.0
283.698	88.0	134.0	104.0	97.0	137.0	105.0	131.0	166.0	123.0	96.0	111.0	103.0	119.0	93.0	123.0	165.0	147.0	109.0	113.0	113.0
283.803	86.0	131.0	101.0	96.0	129.0	98.0	117.0	156.0	115.0	92.0	109.0	100.0	114.0	86.0	101.0	156.0	135.0	107.0	106.0	104.0
283.908	84.0	125.0	101.0	87.0	127.0	87.0	116.0	143.0	117.0	93.0	106.0	94.0	96.0	84.0	102.0	147.0	119.0	99.0	104.0	91.0
284.012	91.0	135.0	101.0	91.0	124.0	94.0	113.0	146.0	107.0	92.0	111.0	95.0	102.0	89.0	106.0	152.0	123.0	102.0	110.0	98.0
284.117	81.0	124.0	94.0	85.0	120.0	95.0	105.0	144.0	110.0	87.0	104.0	93.0	99.0	82.0	103.0	144.0	123.0	96.0	110.0	104.0
284.222	85.0	113.0	93.0	83.0	118.0	85.0	100.0	139.0	100.0	86.0	103.0	90.0	100.0	80.0	98.0	144.0	115.0	91.0	101.0	96.0
284.326	78.0	120.0	92.0	82.0	113.0	82.0	95.0	138.0	101.0	87.0	105.0	94.0	91.0	80.0	101.0	134.0	111.0	97.0	100.0	88.0
284.431	80.0	131.0	98.0	89.0	124.0	95.0	118.0	149.0	115.0	89.0	102.0	96.0	106.0	88.0	104.0	157.0	128.0	98.0	106.0	94.0
284.536	83.0	125.0	95.0	87.0	123.0	88.0	111.0	151.0	109.0	89.0	108.0	93.0	103.0	86.0	102.0	148.0	121.0	99.0	109.0	100.0
284.64	85.0	128.0	101.0	93.0	128.0	90.0	114.0	143.0	110.0	92.0	111.0	87.0	113.0	84.0	103.0	142.0	119.0	98.0	102.0	101.0
284.745	85.0	128.0	99.0	86.0	123.0	96.0	114.0	149.0	113.0	88.0	100.0	92.0	100.0	83.0	100.0	152.0	123.0	100.0	99.0	94.0
284.85	83.0	129.0	96.0	87.0	128.0	94.0	117.0	142.0	109.0	90.0	107.0	93.0	103.0	86.0	99.0	153.0	129.0	100.0	104.0	92.0
284.955	87.0	134.0	96.0	85.0	126.0	101.0	114.0	160.0	113.0	89.0	105.0	99.0	111.0	87.0	114.0	154.0	135.0	103.0	102.0	104.0
285.059	85.0	128.0	102.0	92.0	130.0	97.0	127.0	156.0	122.0	90.0	106.0	96.0	109.0	81.0	103.0	160.0	139.0	98.0	110.0	104.0
285.164	90.0	134.0	103.0	95.0	126.0	93.0	131.0	161.0	124.0	98.0	104.0	102.0	108.0	82.0	110.0	159.0	136.0	107.0	104.0	105.0
285.269	86.0	137.0	96.0	92.0	136.0	92.0	117.0	162.0	128.0	87.0	101.0	88.0	109.0	82.0	109.0	153.0	135.0	105.0	106.0	108.0
285.374	83.0	137.0	100.0	92.0	129.0	95.0	114.0	157.0	123.0	89.0	99.0	92.0	111.0	87.0	110.0	153.0	138.0	98.0	107.0	100.0
285.479	89.0	135.0	110.0	90.0	132.0	97.0	128.0	168.0	126.0	93.0	107.0	103.0	116.0	85.0	124.0	160.0	144.0	105.0	103.0	101.0
285.583	96.0	145.0	116.0	106.0	138.0	114.0	146.0	190.0	141.0	97.0	104.0	111.0	118.0	93.0	127.0	177.0	165.0	109.0	103.0	115.0
285.688	78.0	143.0	101.0	97.0	138.0	105.0	138.0	165.0	136.0	97.0	106.0	99.0	120.0	90.0	121.0	168.0	156.0	112.0	107.0	115.0
285.793	87.0	131.0	105.0	92.0	130.0	103.0	127.0	173.0	132.0	90.0	104.0	103.0	117.0	90.0	119.0	168.0	155.0	105.0	105.0	111.0
285.898	87.0	131.0	99.0	90.0	124.0	100.0	121.0	164.0	120.0	88.0	103.0	97.0	107.0	86.0	116.0	157.0	145.0	100.0	105.0	102.0
286.003	83.0	129.0	91.0	87.0	124.0	96.0	102.0	148.0	108.0	85.0	111.0	92.0	98.0	78.0	107.0	149.0	120.0	93.0	105.0	94.0
286.108	84.0	127.0	87.0	90.0	119.0	84.0	96.0	137.0	104.0	77.0	106.0	82.0	96.0	82.0	95.0	136.0	111.0	89.0	105.0	93.0
286.213	82.0	124.0	91.0	90.0	124.0	96.0	110.0	146.0	113.0	82.0	106.0	89.0	102.0	83.0	102.0	142.0	117.0	98.0	106.0	95.0
286.317	85.0	126.0	96.0	95.0	133.0	100.0	123.0	159.0	118.0	93.0	111.0	98.0	106.0	89.0	111.0	159.0	139.0	102.0	106.0	107.0
286.422	88.0	133.0	101.0	89.0	124.0	97.0	127.0	165.0	119.0	92.0	104.0	100.0	107.0	83.0	107.0	160.0	143.0	104.0	108.0	100.0
286.527	79.0	116.0	96.0	88.0	126.0	86.0	115.0	146.0	111.0	88.0	105.0	88.0	108.0	80.0	96.0	153.0	137.0	96.0	101.0	106.0
286.632	81.0	128.0	96.0	94.0	123.0	97.0	116.0	144.0	111.0	89.0	108.0	96.0	104.0	83.0	106.0	155.0	141.0	100.0	108.0	101.0
286.737	75.0	120.0	88.0	86.0	117.0	90.0	99.0	143.0	107.0	90.0	102.0	90.0	98.0	84.0	97.0	144.0	122.0	95.0	106.0	96.0
286.842	92.0	142.0	113.0	107.0	127.0	103.0	119.0	164.0	121.0	102.0	121.0	106.0	111.0	95.0	110.0	152.0	132.0	109.0	118.0	110.0
286.947	91.0	147.0	116.0	106.0	137.0	113.0	128.0	174.0	128.0	102.0	117.0	107.0	121.0	96.0	126.0	165.0	145.0	113.0	125.0	116.0
287.052	92.0	153.0	121.0	100.0	149.0	110.0	149.0	194.0	143.0	96.0	115.0	115.0	124.0	95.0	127.0	181.0	160.0	112.0	113.0	119.0
287.157	88.0	150.0	125.0	105.0	143.0	117.0	151.0	197.0	142.0	101.0	106.0	111.0	126.0	92.0	136.0	191.0	176.0	117.0	98.0	122.0
287.262	80.0	142.0	108.0	96.0	134.0	105.0	134.0	173.0	133.0	101.0	112.0	103.0	121.0	91.0	119.0	176.0	148.0	119.0	111.0	104.0
287.367	83.0	133.0	102.0	93.0	129.0	98.0	122.0	158.0	117.0	97.0	101.0	91.0	106.0	85.0	109.0	160.0	137.0	100.0	107.0	102.0
287.472	85.0	129.0	94.0	92.0	121.0	98.0	113.0	144.0	114.0	89.0	110.0	89.0	108.0	87.0	112.0	150.0	128.0	102.0	110.0	100.0
287.577	100.0	142.0	106.0	106.0	131.0	113.0	119.0	163.0	125.0	109.0	121.0	100.0	119.0	101.0	119.0	158.0	136.0	112.0	130.0	115.0
287.682	83.0	129.0	102.0	94.0	127.0	95.0	114.0	156.0	117.0	98.0	112.0	99.0	105.0	86.0	114.0	157.0	137.0	111.0	109.0	97.0
287.787	86.0	150.0	114.0	105.0	143.0	104.0	138.0	184.0	133.0	102.0	115.0	104.0	122.0	93.0	128.0	172.0	157.0	113.0	109.0	114.0
287.892	84.0	147.0	108.0	99.0	138.0	110.0	133.0	179.0	145.0	100.0	102.0	102.0	120.0	90.0	124.0	172.0	153.0	110.0	108.0	116.0
287.997	87.0	138.0	105.0	98.0	129.0	104.0	135.0	164.0	128.0	99.0	110.0	102.0	122.0	85.0	120.0	171.0	151.0	110.0	109.0	110.0
288.102	82.0	135.0	97.0	98.0	125.0	95.0	122.0	154.0	117.0	92.0	108.0	102.0	104.0	83.0	105.0	155.0	130.0	107.0	103.0	98.0
288.207	82.0	130.0	98.0	90.0	122.0	93.0	115.0	151.0	113.0	86.0	110.0	96.0	101.0	89.0	101.0	158.0	125.0	108.0	109.0	92.0
288.312	82.0	134.0	108.0	99.0	131.0	100.0	119.0	151.0	126.0	92.0	100.0	91.0	109.0	83.0	108.0	156.0	139.0	104.0	103.0	112.0
288.417	81.0	128.0	100.0	89.0	127.0	100.0	117.0	164.0	125.0	94.0	106.0	96.0	118.0	86.0	117.0	165.0	146.0	110.0	106.0	108.0
288.523	84.0	125.0	96.0	95.0	128.0	90.0	125.0	161.0	124.0	96.0	108.0	98.0	106.0	85.0	110.0	154.0	142.0	110.0	104.0	100.0
288.628	78.0	129.0	94.0	91.0	123.0	85.0	111.0	146.0	112.0	86.0	102.0	92.0	100.0	82.0	104.0	146.0	128.0	96.0	96.0	103.0
288.733	86.0	120.0	90.0	90.0	119.0	93.0	106.0	138.0	105.0	84.0	103.0	92.0	102.0	84.0	101.0	142.0	119.0	92.0	108.0	96.0
288.838	80.0	120.0	85.0	81.0	116.0	93.0	91.0	132.0	96.0	82.0	102.0	90.0	90.0	79.0	95.0	137.0	109.0	89.0	102.0	86.0
288.943	80.0	108.0	83.0	83.0	117.0	86.0	87.0	124.0	93.0	81.0	102.0	87.0	86.0	77.0	90.0	127.0	105.0	89.0	106.0	87.0
289.048	75.0	115.0	81.0	83.0	112.0	79.0	86.0	121.0	94.0	83.0	108.0	81.0	83.0	79.0	83.0	130.0	95.0	88.0	105.0	80.0
289.153	73.0	114.0	83.0	80.0	106.0	78.0	90.0	114.0	88.0	86.0	102.0	84.0	88.0	77.0	94.0	125.0	96.0	85.0	101.0	84.0
289.259	78.0	111.0	82.0	80.0	107.0	83.0	93.0	119.0	84.0	82.0	102.0	83.0	84.0	72.0	91.0	126.0	93.0	86.0	101.0	85.0
289.364	78.0	115.0	88.0	82.0	109.0	85.0	89.0	126.0	100.0	82.0	109.0	89.0	91.0	78.0	89.0	129.0	93.0	87.0	103.0	88.0
289.469	81.0	119.0	80.0	80.0	109.0	76.0	85.0	118.0	92.0	82.0	110.0	81.0	84.0	72.0	85.0	127.0	91.0	80.0	108.0	78.0
289.574	81.0	122.0	78.0	81.0	114.0	74.0	86.0	130.0	93.0	80.0	100.0	79.0	86.0	82.0	94.0	122.0	92.0	85.0	111.0	85.0
289.679	74.0	116.0	79.0	80.0	108.0	83.0	85.0	126.0	94.0	86.0	99.0	84.0	87.0	79.0	83.0	131.0	98.0	86.0	104.0	88.0
289.785	75.0	119.0	88.0	83.0	108.0	75.0	85.0	126.0	91.0	88.0	103.0	81.0	85.0	77.0	89.0	124.0	98.0	90.0	105.0	81.0
289.89	80.0	121.0	87.0	78.0	112.0	81.0	84.0	128.0	95.0	81.0	103.0	86.0	90.0	80.0	87.0	125.0	102.0	89.0	105.0	83.0
289.995	74.0	123.0	97.0	88.0	117.0	94.0	99.0	135.0	101.0	84.0	104.0	86.0	94.0	81.0	98.0	139.0	111.0	94.0	106.0	98.0
290.1	85.0	126.0	89.0	85.0	123.0	86.0	111.0	145.0	112.0	82.0	111.0	89.0	105.0	86.0	105.0	153.0	128.0	96.0	106.0	98.0
290.206	85.0	134.0	102.0	95.0	124.0	103.0	118.0	153.0	112.0	92.0	107.0	97.0	106.0	80.0	114.0	151.0	141.0	104.0	101.0	106.0
290.311	76.0	123.0	98.0	92.0	127.0	91.0	120.0	150.0	115.0	88.0	106.0	92.0	101.0	84.0	101.0	146.0	128.0	96.0	103.0	96.0
290.416	83.0	123.0	91.0	91.0	121.0	97.0	115.0	144.0	114.0	83.0	98.0	100.0	107.0	85.0	106.0	142.0	130.0	100.0	104.0	99.0
290.522	83.0	135.0	102.0	94.0	122.0	98.0	111.0	144.0	106.0	92.0	103.0	96.0	102.0	85.0	108.0	153.0	136.0	99.0	104.0	99.0
290.627	90.0	137.0	101.0	100.0	125.0	98.0	127.0	143.0	114.0	99.0	116.0	101.0	107.0	93.0	113.0	156.0	129.0	105.0	108.0	107.0
290.732	85.0	130.0	95.0	91.0	118.0	92.0	113.0	143.0	107.0	91.0	105.0	99.0	106.0	89.0	104.0	147.0	114.0	100.0	109.0	91.0
290.838	81.0	128.0	95.0	94.0	119.0	94.0	109.0	141.0	103.0	88.0	105.0	95.0	99.0	86.0	94.0	141.0	122.0	92.0	99.0	91.0
290.943	84.0	120.0	95.0	87.0	115.0	98.0	109.0	144.0	102.0	88.0	105.0	92.0	104.0	84.0	110.0	148.0	125.0	93.0	106.0	99.0
291.048	78.0	121.0	90.0	84.0	120.0	86.0	102.0	147.0	101.0	93.0	107.0	92.0	98.0	83.0	94.0	142.0	110.0	101.0	110.0	92.0
291.154	85.0	126.0	94.0	93.0	128.0	89.0	105.0	140.0	111.0	85.0	111.0	87.0	97.0	76.0	102.0	143.0	110.0	96.0	101.0	96.0
291.259	81.0	124.0	79.0	84.0	123.0	89.0	100.0	134.0	99.0	74.0	101.0	88.0	93.0	77.0	96.0	137.0	112.0	85.0	99.0	88.0
291.364	81.0	128.0	86.0	87.0	119.0	88.0	100.0	139.0	101.0	85.0	107.0	93.0	100.0	82.0	99.0	137.0	114.0	94.0	106.0	92.0
291.47	78.0	116.0	90.0	83.0	110.0	83.0	101.0	130.0	98.0	88.0	99.0	88.0	98.0	75.0	90.0	139.0	113.0	86.0	103.0	92.0
291.575	87.0	132.0	103.0	100.0	126.0	92.0	107.0	148.0	106.0	93.0	112.0	93.0	106.0	86.0	97.0	145.0	112.0	100.0	117.0	101.0
291.681	76.0	117.0	90.0	86.0	116.0	87.0	99.0	134.0	95.0	85.0	101.0	86.0	90.0	79.0	95.0	139.0	109.0	96.0	103.0	89.0
291.786	78.0	120.0	89.0	84.0	116.0	91.0	105.0	144.0	103.0	84.0	104.0	89.0	100.0	83.0	99.0	138.0	114.0	96.0	107.0	94.0
291.891	78.0	125.0	92.0	82.0	113.0	92.0	108.0	144.0	106.0	88.0	107.0	92.0	101.0	80.0	98.0	142.0	115.0	94.0	97.0	87.0
291.997	80.0	126.0	88.0	76.0	116.0	88.0	106.0	139.0	109.0	89.0	105.0	86.0	105.0	74.0	95.0	140.0	115.0	95.0	110.0	90.0
292.102	80.0	123.0	89.0	92.0	117.0	85.0	109.0	141.0	106.0	83.0	95.0	83.0	104.0	77.0	100.0	139.0	114.0	99.0	101.0	95.0
292.208	89.0	138.0	104.0	99.0	129.0	101.0	118.0	157.0	118.0	93.0	100.0	90.0	116.0	86.0	115.0	160.0	142.0	110.0	106.0	105.0
292.313	88.0	138.0	99.0	95.0	123.0	97.0	118.0	156.0	123.0	96.0	112.0	100.0	118.0	87.0	116.0	162.0	136.0	107.0	106.0	114.0
292.419	90.0	141.0	115.0	95.0	129.0	102.0	129.0	162.0	121.0	92.0	106.0	103.0	113.0	87.0	125.0	167.0	141.0	110.0	108.0	105.0
292.524	78.0	135.0	106.0	94.0	131.0	101.0	118.0	154.0	121.0	95.0	102.0	96.0	110.0	86.0	114.0	165.0	137.0	104.0	107.0	102.0
292.63	83.0	126.0	102.0	92.0	130.0	101.0	116.0	149.0	116.0	91.0	105.0	102.0	110.0	86.0	122.0	153.0	149.0	103.0	105.0	105.0
292.735	87.0	133.0	97.0	90.0	125.0	98.0	119.0	154.0	118.0	88.0	104.0	96.0	104.0	94.0	110.0	161.0	129.0	113.0	111.0	105.0
292.841	81.0	129.0	94.0	87.0	122.0	87.0	107.0	146.0	105.0	93.0	107.0	90.0	96.0	81.0	99.0	139.0	117.0	111.0	110.0	94.0
292.946	94.0	138.0	106.0	90.0	133.0	98.0	118.0	163.0	128.0	95.0	107.0	94.0	109.0	88.0	117.0	151.0	139.0	106.0	113.0	108.0
293.052	87.0	136.0	104.0	94.0	122.0	101.0	119.0	156.0	117.0	90.0	104.0	89.0	111.0	91.0	115.0	156.0	136.0	109.0	106.0	106.0
293.158	90.0	145.0	112.0	94.0	133.0	108.0	127.0	166.0	125.0	95.0	104.0	101.0	120.0	94.0	126.0	171.0	151.0	108.0	108.0	109.0
293.263	91.0	144.0	121.0	99.0	135.0	112.0	139.0	176.0	141.0	101.0	103.0	104.0	115.0	91.0	123.0	177.0	158.0	116.0	112.0	113.0
293.369	77.0	145.0	108.0	98.0	132.0	99.0	132.0	166.0	128.0	94.0	103.0	109.0	117.0	89.0	119.0	168.0	152.0	112.0	108.0	109.0
293.474	169.0	221.0	193.0	175.0	210.0	190.0	225.0	257.0	207.0	181.0	185.0	185.0	205.0	183.0	206.0	255.0	236.0	191.0	182.0	195.0
293.58	109.0	173.0	132.0	117.0	148.0	125.0	167.0	209.0	159.0	120.0	108.0	132.0	156.0	104.0	165.0	203.0	200.0	135.0	106.0	141.0
293.685	92.0	152.0	124.0	111.0	145.0	117.0	152.0	198.0	148.0	104.0	106.0	124.0	149.0	89.0	145.0	197.0	189.0	126.0	106.0	123.0
293.791	93.0	158.0	121.0	103.0	148.0	109.0	151.0	189.0	151.0	103.0	105.0	112.0	136.0	100.0	136.0	182.0	178.0	119.0	106.0	124.0
293.897	89.0	155.0	122.0	108.0	146.0	120.0	154.0	195.0	157.0	103.0	105.0	117.0	134.0	102.0	141.0	198.0	189.0	130.0	108.0	129.0
294.002	88.0	147.0	113.0	104.0	137.0	113.0	148.0	187.0	140.0	102.0	110.0	111.0	127.0	96.0	134.0	187.0	179.0	114.0	112.0	118.0
294.108	106.0	161.0	131.0	118.0	156.0	127.0	147.0	196.0	155.0	113.0	114.0	121.0	144.0	113.0	153.0	193.0	183.0	126.0	119.0	130.0
294.214	91.0	152.0	110.0	113.0	138.0	105.0	130.0	176.0	138.0	109.0	110.0	115.0	125.0	103.0	128.0	177.0	153.0	130.0	114.0	112.0
294.319	88.0	143.0	111.0	100.0	131.0	100.0	126.0	154.0	121.0	104.0	105.0	105.0	117.0	94.0	126.0	164.0	146.0	118.0	106.0	108.0
294.425	93.0	135.0	100.0	87.0	127.0	98.0	110.0	160.0	110.0	93.0	107.0	97.0	106.0	88.0	118.0	154.0	133.0	106.0	107.0	109.0
294.531	88.0	138.0	96.0	89.0	123.0	95.0	105.0	142.0	105.0	91.0	102.0	94.0	104.0	90.0	110.0	144.0	128.0	100.0	101.0	103.0
294.636	83.0	125.0	84.0	86.0	117.0	90.0	105.0	134.0	103.0	87.0	102.0	90.0	98.0	81.0	97.0	130.0	109.0	100.0	112.0	93.0
294.742	87.0	130.0	93.0	89.0	120.0	93.0	110.0	150.0	111.0	87.0	104.0	84.0	99.0	84.0	104.0	145.0	126.0	100.0	101.0	88.0
294.848	113.0	167.0	132.0	115.0	154.0	133.0	155.0	183.0	148.0	119.0	127.0	127.0	140.0	117.0	141.0	187.0	170.0	136.0	129.0	124.0
294.954	92.0	152.0	118.0	109.0	137.0	107.0	142.0	177.0	130.0	115.0	114.0	113.0	130.0	103.0	131.0	180.0	157.0	125.0	117.0	113.0
295.059	111.0	180.0	143.0	130.0	164.0	135.0	165.0	209.0	158.0	127.0	133.0	143.0	151.0	119.0	162.0	213.0	187.0	146.0	130.0	143.0
295.165	91.0	138.0	113.0	106.0	141.0	105.0	145.0	176.0	128.0	102.0	115.0	119.0	121.0	98.0	128.0	169.0	154.0	125.0	113.0	112.0
295.271	94.0	147.0	115.0	97.0	138.0	115.0	137.0	182.0	129.0	107.0	113.0	111.0	120.0	97.0	129.0	180.0	159.0	129.0	110.0	117.0
295.377	95.0	148.0	112.0	100.0	136.0	112.0	145.0	188.0	135.0	100.0	110.0	114.0	127.0	93.0	137.0	181.0	162.0	118.0	107.0	120.0
295.482	86.0	136.0	108.0	102.0	135.0	98.0	128.0	161.0	125.0	92.0	108.0	107.0	120.0	86.0	124.0	162.0	138.0	115.0	108.0	108.0
295.588	85.0	131.0	97.0	93.0	125.0	96.0	112.0	151.0	118.0	84.0	103.0	94.0	107.0	84.0	110.0	152.0	135.0	101.0	105.0	101.0
295.694	87.0	128.0	100.0	89.0	121.0	95.0	116.0	150.0	115.0	94.0	107.0	96.0	109.0	88.0	116.0	153.0	133.0	100.0	108.0	102.0
295.8	81.0	125.0	97.0	82.0	115.0	96.0	104.0	132.0	108.0	89.0	108.0	95.0	101.0	83.0	104.0	142.0	120.0	101.0	101.0	94.0
295.906	84.0	134.0	91.0	88.0	119.0	92.0	101.0	134.0	100.0	90.0	110.0	92.0	100.0	84.0	105.0	145.0	118.0	98.0	104.0	91.0
296.011	79.0	125.0	95.0	89.0	116.0	89.0	95.0	132.0	91.0	84.0	106.0	90.0	102.0	80.0	105.0	145.0	110.0	95.0	105.0	92.0
296.117	94.0	134.0	102.0	85.0	123.0	98.0	102.0	137.0	99.0	94.0	110.0	99.0	106.0	89.0	115.0	152.0	118.0	98.0	108.0	96.0
296.223	86.0	124.0	90.0	81.0	111.0	94.0	91.0	134.0	95.0	90.0	106.0	85.0	98.0	86.0	96.0	140.0	103.0	95.0	109.0	95.0
296.329	79.0	125.0	89.0	86.0	116.0	85.0	100.0	135.0	93.0	86.0	107.0	94.0	100.0	76.0	99.0	142.0	99.0	98.0	107.0	90.0
296.435	85.0	123.0	86.0	86.0	115.0	81.0	93.0	128.0	96.0	88.0	103.0	84.0	96.0	80.0	98.0	137.0	108.0	94.0	101.0	89.0
296.541	83.0	121.0	88.0	82.0	119.0	84.0	94.0	133.0	97.0	91.0	105.0	89.0	98.0	80.0	98.0	144.0	120.0	93.0	99.0	91.0
296.647	83.0	125.0	92.0	87.0	119.0	91.0	98.0	131.0	100.0	89.0	104.0	87.0	94.0	87.0	99.0	137.0	105.0	96.0	109.0	83.0
296.752	80.0	124.0	94.0	87.0	110.0	90.0	94.0	132.0	90.0	88.0	103.0	86.0	91.0	81.0	89.0	134.0	100.0	97.0	102.0	86.0
296.858	76.0	119.0	89.0	84.0	115.0	86.0	92.0	133.0	91.0	86.0	116.0	87.0	88.0	86.0	89.0	132.0	100.0	85.0	109.0	91.0
296.964	77.0	111.0	85.0	75.0	103.0	86.0	86.0	127.0	82.0	84.0	104.0	89.0	87.0	80.0	91.0	132.0	100.0	84.0	106.0	73.0
297.07	80.0	121.0	83.0	83.0	109.0	85.0	87.0	123.0	87.0	80.0	102.0	81.0	88.0	75.0	84.0	129.0	94.0	91.0	102.0	80.0
297.176	88.0	130.0	100.0	99.0	125.0	96.0	109.0	145.0	115.0	91.0	115.0	96.0	106.0	92.0	104.0	140.0	117.0	101.0	119.0	95.0
297.282	83.0	121.0	89.0	87.0	118.0	85.0	101.0	130.0	103.0	82.0	100.0	89.0	94.0	78.0	99.0	136.0	111.0	84.0	101.0	91.0
297.388	85.0	115.0	78.0	74.0	115.0	83.0	97.0	130.0	97.0	85.0	100.0	81.0	95.0	76.0	99.0	138.0	108.0	96.0	103.0	92.0
297.494	79.0	117.0	87.0	76.0	116.0	88.0	91.0	132.0	93.0	82.0	108.0	84.0	96.0	82.0	97.0	136.0	103.0	87.0	103.0	85.0
297.6	80.0	114.0	82.0	79.0	113.0	86.0	96.0	135.0	101.0	84.0	109.0	90.0	99.0	78.0	93.0	136.0	104.0	96.0	108.0	89.0
297.706	79.0	119.0	90.0	80.0	120.0	89.0	99.0	132.0	105.0	87.0	107.0	93.0	98.0	83.0	100.0	138.0	122.0	88.0	104.0	89.0
297.812	79.0	120.0	81.0	85.0	114.0	88.0	105.0	143.0	103.0	84.0	104.0	87.0	108.0	79.0	106.0	154.0	136.0	98.0	102.0	98.0
297.918	82.0	123.0	84.0	86.0	114.0	99.0	107.0	144.0	108.0	89.0	106.0	88.0	109.0	85.0	118.0	153.0	139.0	95.0	106.0	96.0
298.024	84.0	115.0	83.0	89.0	114.0	86.0	103.0	133.0	106.0	88.0	106.0	87.0	97.0	83.0	105.0	141.0	125.0	92.0	105.0	93.0
298.13	84.0	119.0	88.0	86.0	118.0	83.0	96.0	132.0	104.0	85.0	103.0	85.0	96.0	84.0	98.0	133.0	119.0	92.0	100.0	94.0
298.236	80.0	115.0	78.0	79.0	113.0	80.0	93.0	128.0	97.0	81.0	104.0	84.0	91.0	78.0	93.0	132.0	112.0	88.0	106.0	85.0
298.342	77.0	118.0	82.0	86.0	109.0	82.0	88.0	124.0	91.0	86.0	102.0	83.0	87.0	84.0	90.0	133.0	98.0	90.0	102.0	87.0
298.448	79.0	118.0	95.0	83.0	109.0	87.0	100.0	130.0	95.0	85.0	106.0	88.0	96.0	77.0	95.0	138.0	108.0	91.0	103.0	85.0
298.554	77.0	115.0	84.0	87.0	121.0	81.0	90.0	127.0	93.0	84.0	102.0	83.0	92.0	80.0	83.0	133.0	102.0	89.0	104.0	79.0
298.66	75.0	114.0	87.0	76.0	109.0	84.0	93.0	120.0	95.0	81.0	100.0	84.0	90.0	83.0	87.0	127.0	103.0	86.0	100.0	81.0
298.766	78.0	113.0	88.0	77.0	109.0	80.0	85.0	124.0	90.0	78.0	104.0	78.0	88.0	81.0	93.0	122.0	106.0	88.0	101.0	84.0
298.872	77.0	119.0	86.0	80.0	112.0	82.0	89.0	127.0	88.0	82.0	102.0	85.0	88.0	74.0	88.0	132.0	105.0	89.0	99.0	81.0
298.979	74.0	119.0	77.0	83.0	118.0	78.0	87.0	119.0	88.0	78.0	100.0	87.0	86.0	70.0	86.0	122.0	95.0	85.0	96.0	83.0
299.085	82.0	117.0	81.0	82.0	113.0	84.0	84.0	123.0	90.0	83.0	105.0	79.0	92.0	73.0	88.0	128.0	101.0	82.0	102.0	79.0
299.191	81.0	115.0	84.0	86.0	112.0	85.0	88.0	124.0	91.0	86.0	108.0	80.0	92.0	81.0	88.0	129.0	97.0	94.0	112.0	92.0
299.297	75.0	122.0	86.0	76.0	106.0	77.0	89.0	126.0	89.0	82.0	101.0	85.0	88.0	74.0	92.0	125.0	88.0	92.0	107.0	82.0
299.403	80.0	116.0	85.0	79.0	111.0	78.0	86.0	121.0	90.0	84.0	109.0	82.0	83.0	76.0	92.0	124.0	96.0	89.0	100.0	74.0
299.509	79.0	116.0	90.0	83.0	110.0	84.0	88.0	120.0	84.0	86.0	106.0	87.0	94.0	77.0	86.0	125.0	99.0	96.0	96.0	87.0
299.615	86.0	117.0	84.0	78.0	111.0	82.0	91.0	125.0	89.0	92.0	110.0	82.0	93.0	80.0	93.0	127.0	99.0	100.0	101.0	83.0
299.722	84.0	118.0	88.0	77.0	114.0	84.0	86.0	123.0	94.0	81.0	106.0	83.0	94.0	73.0	87.0	129.0	89.0	88.0	104.0	83.0
299.828	81.0	118.0	90.0	76.0	110.0	73.0	86.0	118.0	88.0	79.0	104.0	87.0	85.0	72.0	84.0	119.0	88.0	90.0	96.0	80.0
299.934	77.0	117.0	84.0	78.0	115.0	85.0	85.0	124.0	88.0	86.0	103.0	79.0	98.0	80.0	93.0	121.0	92.0	87.0	99.0	87.0
300.04	86.0	116.0	82.0	77.0	111.0	82.0	80.0	114.0	82.0	85.0	104.0	82.0	88.0	77.0	84.0	120.0	85.0	88.0	100.0	81.0
300.146	78.0	119.0	84.0	83.0	109.0	80.0	90.0	125.0	85.0	84.0	104.0	85.0	83.0	78.0	84.0	125.0	85.0	82.0	103.0	79.0
300.253	75.0	115.0	80.0	85.0	115.0	79.0	88.0	121.0	87.0	78.0	106.0	79.0	92.0	80.0	79.0	125.0	88.0	84.0	106.0	82.0
300.359	77.0	118.0	83.0	82.0	111.0	85.0	83.0	118.0	86.0	78.0	102.0	82.0	90.0	77.0	85.0	127.0	83.0	93.0	99.0	86.0
300.465	86.0	120.0	84.0	79.0	110.0	84.0	92.0	119.0	93.0	85.0	106.0	90.0	101.0	82.0	92.0	126.0	97.0	91.0	112.0	86.0
300.571	109.0	135.0	104.0	106.0	127.0	101.0	111.0	146.0	105.0	105.0	123.0	106.0	111.0	102.0	110.0	144.0	112.0	112.0	120.0	103.0
300.678	78.0	118.0	84.0	79.0	113.0	79.0	86.0	117.0	81.0	84.0	109.0	87.0	88.0	77.0	89.0	122.0	94.0	85.0	104.0	81.0
300.784	81.0	116.0	81.0	80.0	108.0	83.0	82.0	118.0	89.0	78.0	101.0	79.0	87.0	74.0	85.0	119.0	90.0	90.0	105.0	80.0
300.89	74.0	114.0	83.0	82.0	114.0	83.0	84.0	119.0	86.0	86.0	105.0	80.0	90.0	81.0	87.0	128.0	98.0	86.0	110.0	83.0
300.996	81.0	125.0	92.0	79.0	114.0	80.0	93.0	134.0	96.0	85.0	108.0	82.0	95.0	81.0	86.0	134.0	106.0	95.0	105.0	87.0
301.103	92.0	143.0	115.0	96.0	128.0	102.0	132.0	168.0	131.0	95.0	103.0	106.0	114.0	89.0	116.0	169.0	144.0	113.0	106.0	101.0
301.209	87.0	139.0	109.0	91.0	128.0	97.0	117.0	157.0	122.0	94.0	104.0	99.0	111.0	88.0	110.0	159.0	141.0	111.0	103.0	100.0
301.315	89.0	137.0	103.0	83.0	125.0	99.0	119.0	162.0	112.0	91.0	102.0	99.0	110.0	83.0	111.0	160.0	138.0	107.0	101.0	103.0
301.422	93.0	138.0	108.0	94.0	129.0	98.0	110.0	156.0	117.0	102.0	110.0	107.0	108.0	88.0	114.0	156.0	138.0	111.0	111.0	100.0
301.528	85.0	125.0	91.0	90.0	124.0	98.0	108.0	147.0	108.0	96.0	107.0	104.0	105.0	86.0	104.0	149.0	123.0	99.0	106.0	93.0
301.634	86.0	133.0	89.0	96.0	125.0	93.0	105.0	144.0	102.0	95.0	104.0	93.0	96.0	84.0	98.0	143.0	122.0	91.0	102.0	91.0
301.741	81.0	125.0	88.0	87.0	116.0	89.0	100.0	144.0	98.0	96.0	100.0	90.0	100.0	85.0	102.0	141.0	120.0	100.0	104.0	100.0
301.847	82.0	128.0	92.0	95.0	123.0	90.0	106.0	143.0	104.0	95.0	107.0	94.0	104.0	80.0	97.0	147.0	122.0	100.0	102.0	91.0
301.953	85.0	132.0	95.0	91.0	115.0	95.0	105.0	147.0	103.0	88.0	110.0	99.0	100.0	82.0	100.0	148.0	120.0	100.0	106.0	89.0
302.06	75.0	117.0	94.0	83.0	116.0	83.0	98.0	133.0	96.0	90.0	101.0	93.0	95.0	72.0	90.0	134.0	114.0	92.0	102.0	90.0
302.166	104.0	140.0	112.0	105.0	134.0	105.0	115.0	149.0	122.0	104.0	129.0	113.0	120.0	106.0	112.0	160.0	135.0	115.0	123.0	104.0
302.273	85.0	129.0	90.0	87.0	131.0	95.0	110.0	153.0	110.0	100.0	108.0	102.0	110.0	87.0	104.0	148.0	130.0	105.0	112.0	104.0
302.379	94.0	156.0	120.0	104.0	140.0	112.0	141.0	180.0	145.0	111.0	115.0	121.0	126.0	95.0	130.0	176.0	164.0	116.0	111.0	118.0
302.485	88.0	130.0	101.0	94.0	127.0	97.0	120.0	157.0	120.0	94.0	110.0	100.0	105.0	88.0	107.0	148.0	132.0	104.0	106.0	99.0
302.592	84.0	133.0	100.0	79.0	123.0	94.0	109.0	148.0	117.0	89.0	113.0	96.0	99.0	83.0	111.0	142.0	127.0	94.0	106.0	98.0
302.698	87.0	132.0	102.0	84.0	116.0	93.0	110.0	146.0	106.0	90.0	109.0	93.0	107.0	87.0	109.0	144.0	116.0	99.0	104.0	98.0
302.805	83.0	123.0	94.0	84.0	122.0	85.0	105.0	129.0	94.0	87.0	104.0	91.0	96.0	85.0	93.0	133.0	108.0	92.0	106.0	86.0
302.911	78.0	115.0	84.0	82.0	111.0	87.0	88.0	128.0	95.0	86.0	109.0	90.0	92.0	79.0	88.0	131.0	96.0	90.0	102.0	84.0
303.018	79.0	110.0	85.0	79.0	106.0	76.0	90.0	121.0	85.0	85.0	106.0	82.0	88.0	78.0	90.0	126.0	93.0	85.0	101.0	82.0
303.124	78.0	125.0	93.0	79.0	114.0	86.0	90.0	124.0	94.0	85.0	108.0	87.0	95.0	82.0	90.0	132.0	103.0	91.0	104.0	83.0
303.231	83.0	124.0	92.0	90.0	118.0	90.0	100.0	126.0	102.0	89.0	106.0	87.0	95.0	84.0	98.0	135.0	104.0	94.0	104.0	89.0
303.337	90.0	125.0	95.0	91.0	118.0	85.0	97.0	135.0	101.0	82.0	108.0	88.0	102.0	86.0	92.0	138.0	112.0	93.0	109.0	93.0
303.444	76.0	122.0	82.0	80.0	108.0	81.0	84.0	125.0	94.0	80.0	105.0	82.0	90.0	80.0	90.0	131.0	102.0	89.0	104.0	86.0
303.55	101.0	140.0	102.0	98.0	133.0	106.0	118.0	142.0	111.0	98.0	119.0	105.0	102.0	92.0	109.0	147.0	121.0	105.0	118.0	100.0
303.657	87.0	124.0	92.0	89.0	115.0	90.0	101.0	132.0	103.0	91.0	106.0	89.0	91.0	82.0	93.0	136.0	104.0	91.0	104.0	92.0
303.763	81.0	121.0	98.0	87.0	120.0	88.0	103.0	144.0	106.0	93.0	105.0	92.0	99.0	86.0	98.0	145.0	115.0	101.0	109.0	92.0
303.87	81.0	134.0	101.0	94.0	125.0	96.0	111.0	144.0	115.0	97.0	106.0	98.0	107.0	87.0	101.0	150.0	123.0	105.0	106.0	105.0
303.976	83.0	132.0	99.0	94.0	118.0	94.0	108.0	148.0	113.0	90.0	110.0	101.0	106.0	91.0	105.0	154.0	128.0	108.0	107.0	96.0
304.083	87.0	143.0	107.0	99.0	136.0	102.0	128.0	171.0	127.0	107.0	111.0	100.0	111.0	89.0	112.0	168.0	137.0	116.0	106.0	98.0
304.189	82.0	135.0	105.0	89.0	124.0	97.0	116.0	167.0	119.0	92.0	103.0	97.0	108.0	90.0	103.0	156.0	140.0	105.0	106.0	101.0
304.296	90.0	142.0	107.0	96.0	130.0	101.0	117.0	164.0	127.0	98.0	110.0	95.0	117.0	91.0	128.0	167.0	146.0	108.0	103.0	112.0
304.402	90.0	132.0	102.0	95.0	128.0	102.0	120.0	154.0	113.0	97.0	115.0	101.0	110.0	90.0	114.0	158.0	132.0	112.0	114.0	106.0
304.509	78.0	128.0	95.0	91.0	125.0	90.0	117.0	150.0	110.0	95.0	108.0	100.0	101.0	78.0	106.0	144.0	116.0	101.0	99.0	98.0
304.616	82.0	122.0	96.0	88.0	127.0	90.0	103.0	142.0	112.0	90.0	107.0	96.0	100.0	91.0	98.0	141.0	115.0	100.0	104.0	92.0
304.722	84.0	120.0	87.0	85.0	108.0	88.0	101.0	133.0	93.0	85.0	107.0	88.0	89.0	84.0	94.0	140.0	117.0	95.0	104.0	89.0
304.829	76.0	130.0	90.0	84.0	126.0	92.0	109.0	136.0	97.0	85.0	104.0	88.0	102.0	80.0	100.0	139.0	113.0	92.0	109.0	90.0
304.936	78.0	132.0	99.0	86.0	124.0	93.0	115.0	142.0	110.0	88.0	104.0	91.0	107.0	80.0	108.0	148.0	124.0	102.0	104.0	96.0
305.042	92.0	149.0	116.0	102.0	132.0	108.0	143.0	180.0	138.0	102.0	107.0	111.0	124.0	98.0	129.0	183.0	164.0	113.0	100.0	117.0
305.149	99.0	175.0	151.0	111.0	158.0	134.0	178.0	228.0	173.0	110.0	105.0	130.0	146.0	102.0	158.0	211.0	209.0	135.0	112.0	141.0
305.255	97.0	166.0	136.0	118.0	159.0	125.0	169.0	218.0	165.0	126.0	113.0	126.0	149.0	99.0	156.0	209.0	196.0	148.0	120.0	137.0
305.362	87.0	166.0	138.0	112.0	163.0	127.0	168.0	218.0	163.0	121.0	107.0	124.0	147.0	100.0	149.0	203.0	191.0	134.0	118.0	127.0
305.469	92.0	161.0	139.0	108.0	158.0	127.0	168.0	214.0	165.0	119.0	110.0	121.0	142.0	96.0	154.0	216.0	202.0	136.0	112.0	123.0
305.576	88.0	156.0	126.0	108.0	142.0	120.0	155.0	199.0	156.0	103.0	105.0	114.0	135.0	91.0	138.0	195.0	186.0	131.0	106.0	129.0
305.682	89.0	152.0	123.0	105.0	144.0	116.0	142.0	182.0	137.0	107.0	109.0	113.0	133.0	96.0	126.0	194.0	167.0	125.0	117.0	115.0
305.789	92.0	163.0	119.0	106.0	140.0	117.0	154.0	185.0	148.0	106.0	111.0	121.0	124.0	95.0	136.0	190.0	166.0	118.0	105.0	119.0
305.896	93.0	169.0	138.0	118.0	161.0	129.0	181.0	228.0	177.0	117.0	104.0	126.0	157.0	97.0	161.0	210.0	206.0	137.0	102.0	144.0
306.002	121.0	247.0	213.0	161.0	215.0	184.0	277.0	340.0	273.0	154.0	111.0	193.0	233.0	130.0	246.0	302.0	320.0	202.0	113.0	212.0
306.109	122.0	233.0	202.0	161.0	205.0	184.0	267.0	324.0	254.0	153.0	111.0	182.0	221.0	125.0	238.0	294.0	318.0	188.0	113.0	196.0
306.216	121.0	210.0	178.0	144.0	192.0	166.0	228.0	283.0	217.0	146.0	113.0	167.0	192.0	125.0	203.0	264.0	262.0	173.0	123.0	177.0
306.323	104.0	189.0	156.0	130.0	174.0	149.0	201.0	249.0	194.0	125.0	110.0	144.0	164.0	106.0	179.0	242.0	242.0	151.0	114.0	155.0
306.429	100.0	185.0	156.0	128.0	169.0	151.0	202.0	251.0	203.0	120.0	107.0	146.0	178.0	104.0	172.0	242.0	241.0	161.0	106.0	151.0
306.536	114.0	236.0	206.0	139.0	202.0	181.0	263.0	313.0	246.0	149.0	107.0	179.0	218.0	126.0	224.0	283.0	312.0	193.0	107.0	194.0
306.643	170.0	332.0	300.0	218.0	291.0	278.0	408.0	465.0	374.0	217.0	131.0	262.0	321.0	178.0	349.0	427.0	468.0	277.0	134.0	287.0
306.75	162.0	316.0	285.0	211.0	275.0	260.0	384.0	452.0	365.0	205.0	130.0	249.0	314.0	167.0	324.0	406.0	438.0	272.0	133.0	274.0
306.856	158.0	346.0	310.0	231.0	296.0	287.0	445.0	512.0	424.0	213.0	112.0	269.0	351.0	182.0	378.0	448.0	503.0	305.0	121.0	314.0
306.963	157.0	353.0	303.0	229.0	298.0	276.0	435.0	506.0	418.0	221.0	118.0	278.0	351.0	178.0	379.0	453.0	507.0	301.0	126.0	317.0
307.07	149.0	304.0	275.0	211.0	277.0	256.0	369.0	445.0	373.0	208.0	134.0	259.0	310.0	175.0	319.0	405.0	437.0	283.0	141.0	274.0
307.177	162.0	336.0	313.0	227.0	302.0	287.0	436.0	509.0	428.0	216.0	115.0	279.0	340.0	184.0	381.0	456.0	506.0	307.0	115.0	318.0
307.284	170.0	354.0	317.0	244.0	317.0	301.0	449.0	526.0	439.0	226.0	118.0	290.0	362.0	194.0	390.0	476.0	521.0	326.0	124.0	330.0
307.391	127.0	276.0	241.0	192.0	251.0	218.0	334.0	403.0	330.0	193.0	122.0	220.0	267.0	156.0	279.0	368.0	389.0	259.0	132.0	254.0
307.497	119.0	242.0	197.0	162.0	219.0	192.0	288.0	342.0	278.0	156.0	116.0	191.0	233.0	140.0	253.0	319.0	337.0	208.0	113.0	215.0
307.604	113.0	216.0	184.0	158.0	201.0	170.0	250.0	315.0	251.0	146.0	106.0	175.0	210.0	126.0	225.0	275.0	289.0	199.0	108.0	196.0
307.711	104.0	199.0	160.0	135.0	180.0	146.0	210.0	258.0	207.0	128.0	108.0	149.0	176.0	115.0	187.0	235.0	246.0	155.0	108.0	161.0
307.818	100.0	167.0	128.0	112.0	160.0	136.0	175.0	219.0	170.0	113.0	104.0	119.0	154.0	100.0	166.0	212.0	213.0	135.0	108.0	141.0
307.925	90.0	164.0	122.0	105.0	152.0	125.0	164.0	207.0	166.0	106.0	113.0	121.0	144.0	101.0	153.0	207.0	199.0	134.0	105.0	133.0
308.032	106.0	180.0	141.0	127.0	171.0	147.0	203.0	241.0	208.0	120.0	114.0	151.0	168.0	111.0	178.0	238.0	237.0	153.0	109.0	150.0
308.139	154.0	308.0	257.0	221.0	276.0	267.0	392.0	452.0	385.0	196.0	112.0	250.0	309.0	175.0	339.0	401.0	439.0	283.0	112.0	294.0
308.246	167.0	344.0	306.0	241.0	310.0	293.0	458.0	532.0	436.0	222.0	127.0	267.0	352.0	195.0	380.0	458.0	512.0	334.0	127.0	336.0
308.353	186.0	368.0	320.0	251.0	339.0	314.0	476.0	540.0	456.0	236.0	138.0	303.0	374.0	196.0	406.0	481.0	541.0	344.0	148.0	341.0
308.46	148.0	302.0	265.0	207.0	279.0	257.0	383.0	460.0	381.0	190.0	112.0	249.0	301.0	165.0	334.0	406.0	460.0	269.0	114.0	284.0
308.566	126.0	253.0	208.0	167.0	233.0	201.0	304.0	377.0	299.0	162.0	107.0	200.0	241.0	141.0	263.0	325.0	349.0	217.0	106.0	233.0
308.673	115.0	208.0	169.0	138.0	187.0	170.0	234.0	298.0	232.0	136.0	109.0	157.0	198.0	126.0	212.0	265.0	282.0	174.0	106.0	184.0
308.78	95.0	171.0	127.0	114.0	160.0	124.0	159.0	208.0	164.0	122.0	109.0	125.0	145.0	99.0	156.0	200.0	199.0	133.0	111.0	133.0
308.887	92.0	152.0	119.0	97.0	137.0	110.0	134.0	176.0	138.0	103.0	111.0	112.0	120.0	99.0	132.0	169.0	155.0	117.0	105.0	114.0
308.994	87.0	145.0	117.0	108.0	142.0	112.0	131.0	173.0	134.0	96.0	102.0	109.0	123.0	92.0	128.0	176.0	163.0	114.0	108.0	121.0
309.101	90.0	163.0	136.0	107.0	151.0	118.0	157.0	202.0	156.0	117.0	110.0	116.0	145.0	99.0	142.0	199.0	179.0	129.0	113.0	130.0
309.208	95.0	149.0	118.0	102.0	146.0	109.0	146.0	176.0	143.0	102.0	104.0	111.0	132.0	92.0	132.0	179.0	179.0	118.0	104.0	120.0
309.315	95.0	154.0	113.0	100.0	134.0	111.0	133.0	169.0	139.0	100.0	102.0	100.0	121.0	92.0	122.0	168.0	153.0	113.0	102.0	112.0
309.422	93.0	155.0	115.0	98.0	139.0	109.0	129.0	171.0	128.0	99.0	102.0	116.0	128.0	92.0	132.0	178.0	162.0	118.0	94.0	111.0
309.529	93.0	145.0	109.0	95.0	135.0	105.0	121.0	169.0	125.0	102.0	109.0	103.0	123.0	85.0	128.0	164.0	152.0	111.0	111.0	113.0
309.636	91.0	155.0	113.0	100.0	140.0	112.0	139.0	176.0	140.0	103.0	109.0	113.0	126.0	92.0	132.0	174.0	168.0	123.0	114.0	113.0
309.743	112.0	196.0	167.0	141.0	187.0	153.0	212.0	260.0	212.0	144.0	121.0	151.0	173.0	125.0	189.0	250.0	248.0	174.0	129.0	166.0
309.851	108.0	213.0	180.0	138.0	192.0	161.0	229.0	290.0	223.0	147.0	115.0	165.0	191.0	109.0	201.0	264.0	278.0	179.0	123.0	166.0
309.958	125.0	249.0	216.0	163.0	224.0	205.0	287.0	349.0	283.0	158.0	112.0	195.0	236.0	125.0	250.0	325.0	345.0	207.0	111.0	217.0
310.065	118.0	231.0	205.0	145.0	209.0	185.0	267.0	325.0	255.0	150.0	113.0	171.0	221.0	126.0	227.0	298.0	315.0	196.0	118.0	197.0
310.172	111.0	209.0	172.0	137.0	192.0	170.0	228.0	271.0	220.0	134.0	106.0	153.0	184.0	116.0	204.0	267.0	267.0	169.0	105.0	165.0
310.279	106.0	177.0	144.0	118.0	171.0	138.0	186.0	238.0	181.0	122.0	104.0	144.0	157.0	109.0	168.0	230.0	220.0	143.0	108.0	146.0
310.386	98.0	171.0	138.0	117.0	165.0	127.0	173.0	211.0	166.0	117.0	114.0	131.0	158.0	97.0	155.0	207.0	198.0	137.0	113.0	142.0
310.493	92.0	152.0	121.0	106.0	148.0	111.0	136.0	181.0	141.0	105.0	110.0	109.0	130.0	97.0	133.0	184.0	167.0	121.0	116.0	120.0
310.6	96.0	153.0	123.0	101.0	140.0	115.0	147.0	184.0	138.0	105.0	102.0	125.0	137.0	97.0	136.0	185.0	158.0	121.0	114.0	120.0
310.707	91.0	138.0	110.0	99.0	137.0	100.0	130.0	161.0	124.0	103.0	106.0	114.0	111.0	88.0	120.0	166.0	142.0	109.0	107.0	106.0
310.814	83.0	145.0	108.0	96.0	130.0	109.0	121.0	154.0	116.0	97.0	109.0	106.0	114.0	95.0	113.0	162.0	135.0	110.0	106.0	102.0
310.922	89.0	141.0	109.0	91.0	122.0	101.0	116.0	148.0	114.0	93.0	112.0	100.0	111.0	88.0	112.0	157.0	133.0	103.0	107.0	105.0
311.029	89.0	139.0	102.0	89.0	137.0	98.0	113.0	159.0	116.0	94.0	108.0	102.0	111.0	86.0	115.0	156.0	134.0	107.0	98.0	101.0
311.136	96.0	157.0	136.0	108.0	142.0	111.0	143.0	183.0	147.0	110.0	105.0	110.0	131.0	97.0	133.0	184.0	160.0	119.0	110.0	121.0
311.243	102.0	164.0	132.0	114.0	152.0	121.0	147.0	200.0	146.0	110.0	108.0	122.0	146.0	96.0	150.0	194.0	176.0	129.0	113.0	130.0
311.35	105.0	179.0	148.0	119.0	160.0	138.0	177.0	222.0	172.0	116.0	116.0	132.0	152.0	101.0	171.0	209.0	209.0	147.0	104.0	141.0
311.457	90.0	175.0	133.0	113.0	151.0	122.0	157.0	205.0	156.0	113.0	109.0	123.0	146.0	100.0	151.0	196.0	191.0	143.0	108.0	126.0
311.565	100.0	163.0	138.0	105.0	155.0	124.0	160.0	200.0	155.0	111.0	104.0	128.0	142.0	98.0	148.0	197.0	184.0	133.0	101.0	121.0
311.672	88.0	159.0	120.0	104.0	137.0	112.0	133.0	175.0	128.0	105.0	116.0	108.0	132.0	99.0	124.0	178.0	157.0	120.0	109.0	113.0
311.779	89.0	154.0	114.0	95.0	134.0	111.0	124.0	159.0	117.0	104.0	111.0	111.0	123.0	90.0	124.0	177.0	144.0	117.0	108.0	110.0
311.886	89.0	149.0	115.0	98.0	130.0	105.0	112.0	146.0	117.0	93.0	104.0	107.0	117.0	86.0	124.0	164.0	134.0	108.0	101.0	106.0
311.993	82.0	129.0	100.0	94.0	121.0	83.0	99.0	135.0	98.0	90.0	102.0	96.0	94.0	90.0	103.0	148.0	116.0	107.0	103.0	92.0
312.101	89.0	140.0	101.0	96.0	126.0	93.0	99.0	150.0	112.0	90.0	108.0	102.0	110.0	86.0	113.0	150.0	122.0	106.0	104.0	100.0
312.208	89.0	144.0	109.0	98.0	130.0	100.0	122.0	158.0	109.0	93.0	117.0	95.0	107.0	86.0	113.0	153.0	134.0	108.0	116.0	103.0
312.315	90.0	149.0	118.0	95.0	128.0	103.0	124.0	165.0	123.0	98.0	108.0	106.0	119.0	92.0	129.0	166.0	152.0	118.0	106.0	112.0
312.422	94.0	155.0	133.0	98.0	141.0	114.0	139.0	177.0	134.0	107.0	103.0	117.0	121.0	93.0	134.0	176.0	165.0	119.0	102.0	116.0
312.53	95.0	155.0	121.0	102.0	136.0	116.0	141.0	181.0	137.0	100.0	116.0	108.0	123.0	94.0	126.0	173.0	152.0	124.0	113.0	116.0
312.637	86.0	141.0	108.0	93.0	125.0	103.0	120.0	156.0	112.0	99.0	109.0	108.0	116.0	90.0	119.0	156.0	136.0	115.0	106.0	105.0
312.744	92.0	138.0	110.0	89.0	130.0	103.0	120.0	151.0	113.0	93.0	104.0	102.0	116.0	89.0	114.0	157.0	127.0	107.0	103.0	108.0
312.852	84.0	130.0	100.0	90.0	128.0	86.0	98.0	146.0	107.0	86.0	102.0	94.0	101.0	81.0	100.0	148.0	120.0	102.0	106.0	95.0
312.959	86.0	132.0	96.0	89.0	126.0	87.0	102.0	141.0	109.0	86.0	104.0	91.0	105.0	89.0	99.0	147.0	117.0	98.0	106.0	95.0
313.066	79.0	128.0	89.0	87.0	114.0	89.0	94.0	141.0	103.0	87.0	104.0	90.0	97.0	85.0	101.0	136.0	112.0	99.0	106.0	85.0
313.173	80.0	119.0	84.0	81.0	114.0	82.0	96.0	129.0	92.0	85.0	103.0	88.0	93.0	84.0	94.0	130.0	99.0	99.0	101.0	89.0
313.281	85.0	122.0	91.0	88.0	115.0	78.0	90.0	125.0	93.0	83.0	102.0	90.0	90.0	78.0	94.0	132.0	95.0	93.0	105.0	81.0
313.388	86.0	122.0	92.0	92.0	116.0	92.0	96.0	132.0	97.0	88.0	104.0	92.0	97.0	84.0	96.0	134.0	101.0	96.0	106.0	89.0
313.495	89.0	132.0	99.0	93.0	116.0	93.0	104.0	137.0	100.0	95.0	111.0	94.0	108.0	84.0	103.0	143.0	112.0	100.0	113.0	97.0
313.603	82.0	135.0	104.0	86.0	125.0	91.0	107.0	136.0	98.0	96.0	102.0	97.0	100.0	89.0	108.0	148.0	119.0	99.0	106.0	96.0
313.71	86.0	140.0	108.0	91.0	124.0	97.0	111.0	148.0	111.0	93.0	101.0	100.0	112.0	86.0	111.0	157.0	127.0	113.0	103.0	93.0
313.818	88.0	152.0	105.0	92.0	126.0	98.0	114.0	152.0	115.0	93.0	110.0	108.0	116.0	86.0	119.0	153.0	127.0	108.0	108.0	106.0
313.925	90.0	144.0	113.0	92.0	131.0	98.0	114.0	150.0	116.0	90.0	106.0	94.0	118.0	87.0	113.0	142.0	126.0	104.0	105.0	96.0
314.032	88.0	138.0	110.0	89.0	127.0	95.0	111.0	148.0	98.0	90.0	103.0	96.0	110.0	90.0	112.0	151.0	130.0	108.0	107.0	102.0
314.14	94.0	154.0	116.0	93.0	136.0	109.0	126.0	164.0	131.0	104.0	111.0	113.0	123.0	93.0	119.0	157.0	141.0	111.0	102.0	100.0
314.247	83.0	146.0	113.0	101.0	138.0	107.0	127.0	165.0	121.0	97.0	105.0	110.0	116.0	87.0	118.0	168.0	144.0	116.0	106.0	109.0
314.355	93.0	152.0	116.0	110.0	132.0	108.0	124.0	161.0	122.0	105.0	121.0	114.0	122.0	97.0	118.0	164.0	145.0	123.0	119.0	113.0
314.462	86.0	137.0	95.0	84.0	122.0	92.0	107.0	138.0	100.0	94.0	108.0	93.0	103.0	90.0	97.0	152.0	115.0	105.0	110.0	99.0
314.569	91.0	154.0	120.0	96.0	129.0	102.0	124.0	168.0	119.0	106.0	99.0	109.0	119.0	97.0	120.0	166.0	141.0	112.0	96.0	107.0
314.677	94.0	160.0	126.0	98.0	145.0	110.0	139.0	179.0	136.0	106.0	104.0	123.0	124.0	90.0	126.0	168.0	159.0	114.0	104.0	109.0
314.784	89.0	164.0	121.0	103.0	144.0	111.0	137.0	180.0	135.0	107.0	113.0	109.0	125.0	90.0	132.0	178.0	156.0	117.0	111.0	111.0
314.892	99.0	144.0	115.0	104.0	144.0	112.0	141.0	180.0	135.0	112.0	106.0	113.0	133.0	93.0	128.0	178.0	160.0	124.0	115.0	116.0
314.999	102.0	167.0	134.0	108.0	151.0	119.0	160.0	198.0	150.0	114.0	110.0	129.0	138.0	98.0	143.0	189.0	180.0	129.0	116.0	125.0
315.107	92.0	153.0	128.0	102.0	139.0	110.0	146.0	179.0	137.0	113.0	103.0	111.0	124.0	92.0	129.0	175.0	155.0	120.0	111.0	116.0
315.214	90.0	146.0	116.0	94.0	132.0	109.0	126.0	172.0	124.0	99.0	110.0	113.0	116.0	90.0	112.0	162.0	144.0	109.0	104.0	114.0
315.322	85.0	145.0	111.0	87.0	134.0	101.0	122.0	158.0	130.0	100.0	108.0	107.0	118.0	95.0	121.0	164.0	139.0	113.0	105.0	107.0
315.429	96.0	163.0	139.0	108.0	148.0	122.0	153.0	194.0	148.0	109.0	104.0	123.0	141.0	95.0	136.0	184.0	171.0	128.0	107.0	122.0
315.537	129.0	257.0	223.0	162.0	214.0	187.0	277.0	346.0	252.0	158.0	109.0	201.0	229.0	132.0	240.0	302.0	302.0	200.0	114.0	202.0
315.644	145.0	292.0	273.0	182.0	257.0	233.0	348.0	408.0	316.0	189.0	112.0	221.0	281.0	151.0	295.0	367.0	395.0	236.0	118.0	244.0
315.752	135.0	275.0	241.0	165.0	237.0	217.0	319.0	371.0	300.0	167.0	105.0	206.0	255.0	146.0	271.0	347.0	366.0	221.0	114.0	224.0
315.859	130.0	249.0	226.0	165.0	217.0	200.0	285.0	336.0	268.0	163.0	110.0	196.0	237.0	145.0	243.0	316.0	341.0	206.0	111.0	206.0
315.967	111.0	217.0	187.0	140.0	197.0	168.0	239.0	286.0	239.0	140.0	109.0	174.0	201.0	123.0	221.0	271.0	271.0	166.0	113.0	184.0
316.074	108.0	209.0	170.0	137.0	180.0	165.0	225.0	265.0	224.0	136.0	110.0	157.0	184.0	120.0	193.0	256.0	262.0	165.0	106.0	174.0
316.182	121.0	228.0	191.0	145.0	196.0	179.0	250.0	293.0	228.0	141.0	113.0	176.0	209.0	126.0	223.0	275.0	293.0	185.0	115.0	189.0
316.29	125.0	251.0	222.0	158.0	227.0	206.0	279.0	347.0	270.0	164.0	110.0	191.0	241.0	141.0	249.0	310.0	329.0	212.0	111.0	206.0
316.397	116.0	230.0	196.0	146.0	201.0	180.0	241.0	305.0	248.0	150.0	108.0	179.0	213.0	128.0	225.0	282.0	300.0	188.0	110.0	193.0
316.505	107.0	195.0	153.0	125.0	165.0	148.0	197.0	242.0	196.0	127.0	109.0	149.0	171.0	109.0	184.0	234.0	229.0	151.0	111.0	156.0
316.612	96.0	176.0	134.0	116.0	154.0	141.0	172.0	212.0	174.0	117.0	108.0	138.0	161.0	100.0	156.0	203.0	196.0	143.0	107.0	136.0
316.72	100.0	158.0	130.0	114.0	144.0	124.0	154.0	194.0	147.0	106.0	105.0	126.0	145.0	101.0	154.0	191.0	179.0	142.0	101.0	127.0
316.828	87.0	130.0	107.0	100.0	132.0	103.0	121.0	158.0	118.0	92.0	103.0	107.0	111.0	85.0	121.0	163.0	136.0	113.0	112.0	105.0
316.935	99.0	149.0	121.0	119.0	149.0	122.0	138.0	162.0	129.0	113.0	128.0	119.0	119.0	111.0	124.0	162.0	138.0	123.0	128.0	122.0
317.043	84.0	132.0	103.0	84.0	119.0	101.0	105.0	140.0	106.0	86.0	110.0	96.0	109.0	80.0	97.0	141.0	119.0	96.0	114.0	101.0
317.151	80.0	118.0	89.0	89.0	119.0	85.0	101.0	126.0	95.0	87.0	98.0	78.0	95.0	81.0	96.0	132.0	109.0	95.0	104.0	89.0
317.258	85.0	125.0	95.0	87.0	120.0	88.0	98.0	135.0	105.0	90.0	102.0	92.0	99.0	83.0	94.0	142.0	110.0	94.0	101.0	94.0
317.366	82.0	132.0	89.0	89.0	119.0	89.0	107.0	144.0	106.0	89.0	112.0	89.0	103.0	84.0	103.0	136.0	118.0	96.0	112.0	98.0
317.474	88.0	130.0	100.0	83.0	122.0	92.0	107.0	138.0	108.0	85.0	108.0	91.0	102.0	88.0	96.0	144.0	120.0	105.0	114.0	96.0
317.581	90.0	130.0	99.0	86.0	120.0	96.0	105.0	148.0	107.0	92.0	99.0	99.0	113.0	86.0	105.0	144.0	123.0	104.0	100.0	100.0
317.689	88.0	130.0	95.0	86.0	132.0	97.0	100.0	148.0	109.0	94.0	109.0	101.0	105.0	88.0	112.0	148.0	118.0	104.0	105.0	94.0
317.797	87.0	137.0	106.0	92.0	128.0	94.0	118.0	156.0	117.0	98.0	104.0	103.0	110.0	86.0	104.0	159.0	126.0	107.0	109.0	105.0
317.904	84.0	138.0	106.0	90.0	119.0	95.0	110.0	156.0	110.0	93.0	105.0	99.0	110.0	86.0	106.0	157.0	135.0	105.0	103.0	104.0
318.012	103.0	162.0	120.0	100.0	138.0	116.0	134.0	173.0	126.0	116.0	105.0	131.0	138.0	112.0	144.0	177.0	159.0	133.0	112.0	127.0
318.12	103.0	162.0	130.0	105.0	137.0	116.0	132.0	168.0	126.0	117.0	106.0	130.0	139.0	112.0	142.0	180.0	164.0	130.0	106.0	122.0
318.227	106.0	163.0	127.0	107.0	144.0	120.0	139.0	180.0	134.0	114.0	111.0	127.0	147.0	106.0	146.0	185.0	171.0	127.0	115.0	130.0
318.335	100.0	173.0	139.0	115.0	150.0	123.0	162.0	205.0	162.0	112.0	108.0	130.0	151.0	106.0	157.0	206.0	200.0	142.0	115.0	138.0
318.443	132.0	262.0	228.0	173.0	219.0	206.0	301.0	346.0	279.0	172.0	108.0	203.0	243.0	144.0	261.0	319.0	343.0	218.0	108.0	221.0
318.551	153.0	286.0	251.0	189.0	244.0	232.0	322.0	383.0	310.0	188.0	114.0	232.0	270.0	165.0	297.0	348.0	373.0	249.0	119.0	244.0
318.658	139.0	270.0	215.0	170.0	220.0	199.0	277.0	350.0	264.0	180.0	112.0	206.0	252.0	146.0	256.0	320.0	329.0	222.0	115.0	225.0
318.766	131.0	258.0	212.0	155.0	212.0	187.0	276.0	319.0	268.0	162.0	104.0	195.0	234.0	141.0	247.0	304.0	322.0	193.0	112.0	210.0
318.874	119.0	225.0	189.0	142.0	192.0	168.0	243.0	284.0	221.0	148.0	103.0	172.0	204.0	131.0	220.0	270.0	282.0	188.0	116.0	194.0
318.982	105.0	192.0	159.0	137.0	180.0	148.0	208.0	257.0	198.0	133.0	111.0	161.0	172.0	117.0	184.0	248.0	234.0	175.0	114.0	168.0
319.09	101.0	176.0	142.0	121.0	165.0	133.0	178.0	218.0	175.0	117.0	110.0	145.0	152.0	112.0	162.0	208.0	216.0	137.0	110.0	150.0
319.197	96.0	176.0	127.0	114.0	152.0	128.0	149.0	196.0	152.0	107.0	108.0	130.0	142.0	107.0	157.0	199.0	189.0	133.0	109.0	134.0
319.305	104.0	180.0	134.0	113.0	148.0	126.0	155.0	196.0	150.0	117.0	101.0	133.0	149.0	109.0	150.0	198.0	189.0	147.0	103.0	135.0
319.413	123.0	199.0	167.0	130.0	167.0	143.0	181.0	223.0	169.0	143.0	113.0	165.0	177.0	125.0	188.0	225.0	221.0	160.0	110.0	155.0
319.521	113.0	202.0	170.0	136.0	176.0	141.0	195.0	241.0	182.0	142.0	110.0	162.0	177.0	122.0	192.0	244.0	223.0	162.0	111.0	156.0
319.629	123.0	254.0	216.0	166.0	209.0	194.0	265.0	330.0	255.0	175.0	115.0	195.0	235.0	144.0	247.0	307.0	311.0	215.0	124.0	221.0
319.736	138.0	268.0	231.0	163.0	224.0	207.0	286.0	334.0	279.0	167.0	108.0	207.0	244.0	144.0	266.0	321.0	343.0	216.0	107.0	218.0
319.844	123.0	225.0	194.0	153.0	199.0	172.0	234.0	278.0	221.0	149.0	114.0	173.0	207.0	133.0	222.0	272.0	286.0	195.0	112.0	179.0
319.952	108.0	194.0	159.0	136.0	172.0	147.0	192.0	246.0	193.0	135.0	117.0	156.0	178.0	119.0	192.0	235.0	237.0	159.0	113.0	163.0
320.06	107.0	177.0	146.0	121.0	161.0	132.0	175.0	220.0	170.0	123.0	114.0	136.0	164.0	113.0	178.0	220.0	196.0	146.0	115.0	150.0
320.168	100.0	156.0	125.0	110.0	144.0	113.0	151.0	187.0	142.0	116.0	111.0	115.0	130.0	102.0	138.0	179.0	175.0	133.0	119.0	127.0
320.276	87.0	140.0	109.0	99.0	134.0	106.0	124.0	151.0	122.0	99.0	107.0	107.0	120.0	96.0	132.0	159.0	146.0	117.0	110.0	102.0
320.384	89.0	141.0	109.0	89.0	132.0	95.0	121.0	152.0	110.0	94.0	105.0	109.0	107.0	87.0	112.0	160.0	133.0	105.0	109.0	102.0
320.492	90.0	139.0	103.0	97.0	124.0	92.0	121.0	146.0	119.0	100.0	112.0	101.0	111.0	98.0	112.0	156.0	126.0	109.0	113.0	106.0
320.599	88.0	132.0	98.0	87.0	127.0	95.0	108.0	140.0	111.0	98.0	106.0	100.0	112.0	86.0	106.0	157.0	121.0	104.0	110.0	97.0
320.707	93.0	140.0	106.0	94.0	136.0	105.0	121.0	156.0	113.0	102.0	107.0	108.0	115.0	92.0	123.0	169.0	139.0	110.0	108.0	109.0
320.815	105.0	157.0	123.0	105.0	142.0	112.0	128.0	177.0	129.0	115.0	120.0	120.0	129.0	97.0	130.0	172.0	153.0	121.0	116.0	119.0
320.923	104.0	166.0	136.0	107.0	153.0	130.0	159.0	208.0	160.0	111.0	111.0	132.0	150.0	106.0	160.0	191.0	191.0	129.0	112.0	135.0
321.031	110.0	206.0	178.0	135.0	181.0	162.0	217.0	267.0	204.0	138.0	108.0	158.0	188.0	118.0	198.0	247.0	243.0	173.0	113.0	169.0
321.139	134.0	250.0	228.0	168.0	219.0	208.0	292.0	346.0	275.0	171.0	119.0	200.0	235.0	143.0	262.0	320.0	332.0	215.0	120.0	208.0
321.247	152.0	287.0	263.0	182.0	239.0	235.0	342.0	397.0	308.0	177.0	109.0	226.0	272.0	149.0	292.0	367.0	397.0	239.0	117.0	236.0
321.355	117.0	249.0	217.0	165.0	216.0	199.0	270.0	322.0	261.0	163.0	117.0	190.0	223.0	137.0	244.0	308.0	321.0	205.0	115.0	195.0
321.463	120.0	230.0	194.0	150.0	188.0	177.0	250.0	293.0	241.0	147.0	106.0	174.0	204.0	127.0	228.0	279.0	299.0	184.0	110.0	189.0
321.571	120.0	242.0	205.0	145.0	202.0	192.0	267.0	308.0	257.0	156.0	109.0	196.0	225.0	137.0	238.0	302.0	326.0	207.0	113.0	202.0
321.679	149.0	325.0	287.0	195.0	276.0	256.0	355.0	427.0	364.0	199.0	115.0	266.0	303.0	168.0	336.0	395.0	442.0	256.0	117.0	271.0
321.787	186.0	382.0	337.0	231.0	317.0	310.0	436.0	505.0	417.0	234.0	126.0	301.0	344.0	197.0	390.0	464.0	521.0	302.0	131.0	316.0
321.895	144.0	298.0	265.0	178.0	246.0	234.0	342.0	407.0	325.0	186.0	112.0	229.0	279.0	153.0	312.0	380.0	418.0	249.0	117.0	247.0
322.003	126.0	247.0	212.0	171.0	225.0	203.0	278.0	344.0	262.0	167.0	118.0	199.0	242.0	140.0	254.0	331.0	347.0	222.0	120.0	215.0
322.111	125.0	261.0	224.0	174.0	224.0	200.0	281.0	351.0	280.0	160.0	108.0	208.0	245.0	142.0	268.0	323.0	357.0	220.0	111.0	199.0
322.219	161.0	350.0	318.0	219.0	293.0	293.0	416.0	465.0	388.0	209.0	112.0	277.0	320.0	179.0	357.0	436.0	496.0	282.0	117.0	295.0
322.327	169.0	398.0	357.0	245.0	335.0	333.0	504.0	576.0	458.0	239.0	119.0	312.0	382.0	195.0	418.0	494.0	583.0	335.0	123.0	340.0
322.435	150.0	344.0	310.0	216.0	301.0	295.0	426.0	498.0	400.0	212.0	114.0	269.0	333.0	187.0	375.0	446.0	499.0	285.0	120.0	296.0
322.543	150.0	331.0	295.0	213.0	286.0	262.0	398.0	473.0	374.0	210.0	120.0	259.0	324.0	172.0	354.0	428.0	485.0	278.0	123.0	283.0
322.651	156.0	356.0	320.0	240.0	319.0	293.0	464.0	540.0	429.0	226.0	126.0	286.0	365.0	185.0	392.0	490.0	559.0	308.0	131.0	316.0
322.759	211.0	483.0	431.0	336.0	423.0	440.0	638.0	733.0	616.0	293.0	120.0	391.0	500.0	255.0	550.0	639.0	754.0	437.0	133.0	460.0
322.867	283.0	611.0	535.0	431.0	533.0	524.0	803.0	918.0	793.0	377.0	128.0	504.0	624.0	325.0	714.0	780.0	922.0	569.0	146.0	577.0
322.976	297.0	666.0	595.0	465.0	593.0	586.0	929.0	1019.0	868.0	410.0	134.0	547.0	704.0	344.0	805.0	871.0	1041.0	615.0	148.0	650.0
323.084	316.0	719.0	645.0	493.0	626.0	638.0	976.0	1091.0	929.0	430.0	126.0	590.0	741.0	366.0	845.0	908.0	1080.0	665.0	141.0	714.0
323.192	290.0	662.0	585.0	446.0	570.0	588.0	919.0	1007.0	873.0	382.0	122.0	552.0	691.0	344.0	791.0	861.0	1032.0	605.0	138.0	644.0
323.3	327.0	733.0	653.0	478.0	619.0	640.0	1006.0	1107.0	948.0	425.0	115.0	614.0	761.0	373.0	867.0	944.0	1108.0	656.0	129.0	728.0
323.408	304.0	666.0	599.0	449.0	582.0	582.0	887.0	974.0	848.0	398.0	142.0	548.0	679.0	343.0	769.0	850.0	1012.0	597.0	141.0	634.0
323.516	233.0	532.0	475.0	379.0	472.0	460.0	726.0	841.0	699.0	339.0	135.0	451.0	561.0	280.0	611.0	717.0	832.0	510.0	148.0	527.0
323.624	233.0	552.0	477.0	355.0	454.0	460.0	714.0	796.0	673.0	323.0	119.0	431.0	542.0	266.0	609.0	691.0	815.0	480.0	128.0	508.0
323.732	210.0	436.0	393.0	290.0	385.0	373.0	555.0	635.0	537.0	260.0	115.0	358.0	439.0	235.0	483.0	551.0	645.0	384.0	121.0	408.0
323.84	167.0	322.0	280.0	219.0	282.0	262.0	394.0	458.0	374.0	190.0	112.0	259.0	317.0	181.0	344.0	399.0	450.0	276.0	124.0	282.0
323.949	126.0	259.0	210.0	172.0	224.0	202.0	294.0	346.0	275.0	162.0	127.0	199.0	233.0	139.0	256.0	314.0	322.0	215.0	127.0	219.0
324.057	109.0	213.0	183.0	149.0	189.0	177.0	248.0	296.0	247.0	148.0	110.0	170.0	201.0	128.0	210.0	281.0	286.0	186.0	114.0	189.0
324.165	137.0	257.0	220.0	168.0	233.0	217.0	305.0	366.0	298.0	155.0	103.0	192.0	247.0	145.0	268.0	322.0	364.0	212.0	106.0	234.0
324.273	157.0	335.0	299.0	223.0	296.0	282.0	435.0	491.0	414.0	212.0	112.0	270.0	323.0	182.0	359.0	426.0	491.0	297.0	121.0	307.0
324.381	130.0	286.0	244.0	188.0	251.0	240.0	353.0	419.0	343.0	185.0	120.0	234.0	276.0	150.0	304.0	379.0	419.0	245.0	122.0	265.0
324.49	138.0	286.0	237.0	192.0	259.0	239.0	346.0	404.0	354.0	172.0	109.0	217.0	282.0	149.0	300.0	364.0	420.0	237.0	115.0	251.0
324.598	187.0	396.0	355.0	246.0	321.0	330.0	476.0	540.0	474.0	229.0	111.0	316.0	380.0	193.0	418.0	491.0	572.0	315.0	111.0	348.0
324.706	216.0	458.0	418.0	284.0	386.0	398.0	596.0	672.0	568.0	272.0	111.0	372.0	455.0	233.0	499.0	577.0	683.0	387.0	116.0	410.0
324.814	196.0	427.0	390.0	276.0	356.0	356.0	529.0	613.0	509.0	248.0	118.0	334.0	422.0	213.0	449.0	535.0	624.0	351.0	128.0	380.0
324.922	151.0	344.0	296.0	214.0	288.0	278.0	409.0	466.0	390.0	208.0	112.0	262.0	319.0	170.0	354.0	438.0	477.0	280.0	118.0	293.0
325.031	151.0	293.0	250.0	184.0	246.0	233.0	346.0	389.0	321.0	179.0	115.0	226.0	273.0	151.0	297.0	373.0	405.0	243.0	108.0	246.0
325.139	119.0	232.0	191.0	151.0	205.0	186.0	263.0	327.0	251.0	154.0	113.0	174.0	227.0	132.0	228.0	287.0	306.0	194.0	121.0	188.0
325.247	114.0	202.0	171.0	134.0	184.0	155.0	228.0	272.0	215.0	136.0	104.0	162.0	185.0	117.0	202.0	252.0	263.0	167.0	107.0	171.0
325.355	111.0	195.0	151.0	130.0	176.0	149.0	200.0	246.0	207.0	117.0	107.0	148.0	182.0	109.0	187.0	246.0	250.0	143.0	104.0	158.0
325.464	127.0	241.0	202.0	171.0	221.0	193.0	288.0	328.0	272.0	156.0	113.0	187.0	228.0	144.0	256.0	309.0	345.0	207.0	116.0	213.0
325.572	179.0	367.0	327.0	253.0	337.0	323.0	488.0	544.0	456.0	222.0	116.0	294.0	377.0	205.0	405.0	485.0	545.0	331.0	124.0	354.0
325.68	150.0	310.0	260.0	212.0	281.0	268.0	410.0	464.0	388.0	186.0	116.0	259.0	313.0	171.0	345.0	418.0	478.0	271.0	122.0	287.0
325.789	130.0	263.0	221.0	189.0	234.0	218.0	329.0	368.0	317.0	163.0	114.0	208.0	254.0	154.0	280.0	345.0	383.0	233.0	118.0	251.0
325.897	109.0	211.0	173.0	148.0	194.0	176.0	243.0	288.0	242.0	143.0	106.0	158.0	196.0	126.0	220.0	286.0	296.0	196.0	122.0	183.0
326.005	116.0	205.0	168.0	146.0	188.0	173.0	228.0	276.0	223.0	138.0	116.0	164.0	196.0	124.0	218.0	261.0	268.0	180.0	123.0	180.0
326.114	109.0	186.0	156.0	127.0	177.0	151.0	195.0	232.0	197.0	122.0	110.0	148.0	167.0	109.0	188.0	235.0	227.0	152.0	117.0	156.0
326.222	92.0	148.0	114.0	103.0	136.0	110.0	142.0	181.0	146.0	100.0	110.0	119.0	128.0	99.0	131.0	183.0	164.0	123.0	108.0	124.0
326.33	87.0	138.0	102.0	101.0	131.0	100.0	122.0	157.0	127.0	99.0	110.0	107.0	120.0	88.0	111.0	169.0	145.0	110.0	108.0	109.0
326.439	90.0	151.0	113.0	105.0	142.0	115.0	142.0	182.0	146.0	102.0	108.0	113.0	130.0	103.0	132.0	184.0	160.0	123.0	110.0	118.0
326.547	115.0	221.0	191.0	140.0	196.0	175.0	247.0	309.0	237.0	149.0	110.0	172.0	205.0	122.0	216.0	278.0	286.0	186.0	119.0	176.0
326.655	111.0	226.0	185.0	147.0	194.0	168.0	240.0	301.0	229.0	143.0	113.0	163.0	184.0	124.0	205.0	273.0	279.0	178.0	114.0	177.0
326.764	100.0	186.0	160.0	129.0	175.0	146.0	208.0	247.0	183.0	137.0	116.0	143.0	167.0	110.0	177.0	235.0	235.0	158.0	118.0	148.0
326.872	108.0	189.0	159.0	120.0	173.0	151.0	195.0	243.0	182.0	123.0	104.0	149.0	168.0	110.0	177.0	240.0	232.0	159.0	110.0	156.0
326.98	100.0	185.0	144.0	121.0	172.0	137.0	191.0	230.0	178.0	126.0	116.0	143.0	164.0	106.0	174.0	225.0	222.0	152.0	114.0	148.0
327.089	98.0	187.0	144.0	126.0	173.0	144.0	191.0	249.0	190.0	131.0	120.0	142.0	168.0	111.0	169.0	238.0	224.0	156.0	114.0	151.0
327.197	137.0	270.0	228.0	162.0	224.0	219.0	313.0	361.0	293.0	167.0	120.0	200.0	245.0	147.0	265.0	334.0	350.0	217.0	120.0	213.0
327.306	134.0	267.0	237.0	171.0	236.0	222.0	316.0	381.0	302.0	177.0	122.0	202.0	254.0	140.0	271.0	340.0	390.0	221.0	123.0	221.0
327.414	118.0	235.0	211.0	152.0	220.0	189.0	273.0	332.0	259.0	158.0	111.0	184.0	216.0	128.0	226.0	300.0	326.0	196.0	118.0	194.0
327.522	114.0	236.0	191.0	150.0	201.0	181.0	265.0	315.0	252.0	142.0	112.0	175.0	209.0	128.0	219.0	288.0	303.0	183.0	119.0	189.0
327.631	119.0	239.0	210.0	160.0	216.0	200.0	275.0	326.0	265.0	156.0	114.0	187.0	217.0	126.0	231.0	303.0	323.0	202.0	113.0	199.0
327.739	109.0	213.0	188.0	139.0	189.0	171.0	238.0	290.0	228.0	140.0	102.0	167.0	201.0	119.0	212.0	265.0	286.0	187.0	112.0	170.0
327.848	108.0	183.0	150.0	120.0	167.0	148.0	192.0	236.0	173.0	125.0	107.0	130.0	163.0	109.0	173.0	225.0	212.0	160.0	125.0	141.0
327.956	95.0	171.0	134.0	122.0	158.0	124.0	164.0	215.0	170.0	110.0	113.0	136.0	141.0	99.0	158.0	208.0	197.0	142.0	110.0	141.0
328.065	115.0	210.0	169.0	138.0	196.0	165.0	234.0	286.0	241.0	124.0	105.0	169.0	191.0	123.0	213.0	272.0	281.0	169.0	104.0	186.0
328.173	137.0	291.0	249.0	192.0	252.0	240.0	357.0	414.0	336.0	174.0	114.0	224.0	266.0	156.0	299.0	358.0	416.0	251.0	121.0	248.0
328.281	135.0	271.0	229.0	180.0	239.0	226.0	343.0	396.0	312.0	174.0	106.0	216.0	265.0	143.0	280.0	345.0	390.0	224.0	117.0	235.0
328.39	117.0	232.0	189.0	154.0	200.0	188.0	257.0	315.0	245.0	154.0	112.0	180.0	211.0	126.0	222.0	289.0	298.0	199.0	120.0	192.0
328.498	112.0	205.0	174.0	140.0	190.0	174.0	222.0	277.0	225.0	138.0	113.0	161.0	193.0	127.0	210.0	258.0	275.0	168.0	111.0	178.0
328.607	110.0	199.0	161.0	133.0	190.0	160.0	207.0	244.0	199.0	137.0	104.0	147.0	184.0	120.0	197.0	243.0	237.0	165.0	109.0	163.0
328.715	109.0	176.0	143.0	121.0	154.0	134.0	157.0	202.0	163.0	115.0	115.0	132.0	150.0	109.0	158.0	206.0	193.0	140.0	110.0	138.0
328.824	95.0	155.0	119.0	103.0	142.0	113.0	124.0	174.0	134.0	107.0	107.0	122.0	126.0	95.0	135.0	181.0	159.0	122.0	105.0	123.0
328.932	83.0	144.0	107.0	97.0	121.0	99.0	112.0	149.0	116.0	96.0	108.0	102.0	109.0	95.0	119.0	162.0	134.0	111.0	109.0	112.0
329.041	91.0	137.0	94.0	94.0	129.0	98.0	110.0	144.0	108.0	101.0	98.0	93.0	107.0	90.0	102.0	141.0	119.0	108.0	116.0	99.0
329.15	90.0	132.0	106.0	90.0	126.0	98.0	103.0	140.0	105.0	98.0	109.0	97.0	116.0	89.0	111.0	138.0	108.0	104.0	108.0	96.0
329.258	87.0	135.0	93.0	89.0	119.0	89.0	99.0	139.0	100.0	92.0	106.0	98.0	99.0	87.0	102.0	145.0	109.0	107.0	100.0	96.0
329.367	88.0	136.0	101.0	97.0	120.0	91.0	104.0	146.0	103.0	95.0	107.0	98.0	110.0	95.0	107.0	148.0	118.0	101.0	107.0	98.0
329.475	85.0	129.0	100.0	89.0	127.0	87.0	103.0	143.0	110.0	90.0	103.0	102.0	107.0	84.0	110.0	152.0	117.0	106.0	106.0	98.0
329.584	86.0	134.0	101.0	95.0	126.0	95.0	107.0	140.0	101.0	98.0	109.0	102.0	107.0	95.0	104.0	141.0	115.0	104.0	106.0	98.0
329.692	90.0	137.0	106.0	92.0	129.0	103.0	99.0	155.0	113.0	100.0	103.0	104.0	109.0	92.0	114.0	158.0	125.0	107.0	102.0	103.0
329.801	87.0	129.0	92.0	95.0	128.0	98.0	102.0	138.0	104.0	86.0	103.0	100.0	97.0	87.0	109.0	140.0	115.0	97.0	102.0	96.0
329.909	92.0	128.0	95.0	88.0	129.0	99.0	107.0	135.0	102.0	97.0	103.0	100.0	101.0	87.0	106.0	136.0	116.0	102.0	108.0	95.0
330.018	89.0	128.0	104.0	92.0	134.0	102.0	114.0	147.0	109.0	96.0	110.0	104.0	105.0	95.0	116.0	148.0	117.0	107.0	108.0	99.0
330.127	90.0	148.0	113.0	96.0	133.0	105.0	112.0	153.0	113.0	98.0	102.0	116.0	115.0	100.0	114.0	161.0	136.0	109.0	108.0	105.0
330.235	100.0	163.0	133.0	107.0	142.0	112.0	136.0	184.0	125.0	115.0	108.0	124.0	127.0	99.0	133.0	178.0	148.0	123.0	106.0	117.0
330.344	114.0	190.0	152.0	126.0	156.0	133.0	160.0	208.0	146.0	126.0	108.0	147.0	162.0	114.0	167.0	205.0	189.0	142.0	106.0	140.0
330.453	101.0	174.0	140.0	113.0	153.0	125.0	143.0	187.0	133.0	116.0	110.0	130.0	148.0	112.0	152.0	194.0	166.0	136.0	110.0	123.0
330.561	108.0	169.0	141.0	116.0	150.0	119.0	144.0	191.0	138.0	119.0	112.0	135.0	145.0	100.0	155.0	188.0	163.0	134.0	114.0	128.0
330.67	102.0	169.0	125.0	104.0	141.0	113.0	127.0	182.0	131.0	107.0	113.0	129.0	142.0	100.0	146.0	187.0	163.0	120.0	112.0	122.0
330.778	110.0	177.0	134.0	118.0	145.0	124.0	146.0	187.0	142.0	117.0	101.0	133.0	142.0	108.0	161.0	185.0	173.0	132.0	110.0	125.0
330.887	120.0	205.0	165.0	135.0	177.0	153.0	188.0	224.0	172.0	142.0	123.0	162.0	174.0	136.0	195.0	227.0	212.0	168.0	121.0	154.0
330.996	116.0	208.0	175.0	132.0	162.0	150.0	184.0	228.0	174.0	134.0	108.0	154.0	168.0	127.0	183.0	229.0	208.0	160.0	108.0	145.0
331.104	102.0	186.0	150.0	123.0	164.0	133.0	164.0	217.0	157.0	132.0	113.0	140.0	153.0	112.0	167.0	208.0	187.0	148.0	114.0	138.0
331.213	102.0	184.0	152.0	127.0	161.0	141.0	174.0	220.0	162.0	131.0	109.0	142.0	158.0	113.0	165.0	220.0	211.0	150.0	114.0	143.0
331.322	111.0	199.0	166.0	124.0	176.0	148.0	190.0	229.0	179.0	134.0	108.0	158.0	174.0	120.0	189.0	222.0	219.0	160.0	116.0	147.0
331.431	104.0	192.0	160.0	125.0	169.0	133.0	186.0	220.0	175.0	129.0	113.0	144.0	166.0	110.0	172.0	219.0	215.0	143.0	110.0	144.0
331.539	117.0	229.0	195.0	150.0	192.0	174.0	240.0	297.0	241.0	149.0	117.0	182.0	209.0	123.0	227.0	272.0	293.0	186.0	118.0	180.0
331.648	154.0	334.0	295.0	204.0	280.0	268.0	391.0	459.0	367.0	213.0	113.0	268.0	317.0	171.0	343.0	406.0	460.0	280.0	120.0	284.0
331.757	198.0	423.0	378.0	263.0	348.0	350.0	504.0	578.0	467.0	259.0	118.0	339.0	406.0	218.0	447.0	514.0	584.0	349.0	121.0	368.0
331.865	167.0	339.0	296.0	205.0	276.0	266.0	382.0	433.0	369.0	193.0	111.0	266.0	328.0	171.0	352.0	413.0	458.0	270.0	109.0	288.0
331.974	125.0	263.0	225.0	180.0	228.0	206.0	289.0	353.0	273.0	177.0	124.0	204.0	243.0	144.0	260.0	328.0	342.0	233.0	123.0	212.0
332.083	154.0	310.0	262.0	189.0	253.0	251.0	334.0	394.0	336.0	180.0	107.0	237.0	275.0	160.0	312.0	360.0	405.0	235.0	110.0	244.0
332.192	142.0	249.0	219.0	166.0	220.0	207.0	282.0	332.0	258.0	157.0	106.0	201.0	236.0	141.0	263.0	320.0	335.0	214.0	111.0	209.0
332.3	168.0	328.0	288.0	201.0	270.0	265.0	372.0	425.0	342.0	210.0	115.0	263.0	299.0	171.0	335.0	379.0	440.0	270.0	113.0	263.0
332.409	162.0	343.0	293.0	209.0	271.0	264.0	379.0	449.0	361.0	202.0	116.0	269.0	309.0	169.0	343.0	405.0	467.0	265.0	111.0	288.0
332.518	146.0	299.0	257.0	191.0	260.0	240.0	346.0	409.0	330.0	194.0	119.0	234.0	278.0	158.0	304.0	370.0	412.0	252.0	126.0	252.0
332.627	150.0	311.0	267.0	189.0	268.0	251.0	371.0	428.0	354.0	205.0	115.0	246.0	292.0	169.0	316.0	398.0	440.0	263.0	124.0	265.0
332.735	135.0	272.0	237.0	183.0	249.0	216.0	316.0	363.0	298.0	175.0	123.0	208.0	260.0	145.0	267.0	350.0	384.0	237.0	130.0	224.0
332.844	156.0	318.0	278.0	197.0	261.0	256.0	363.0	432.0	349.0	185.0	113.0	252.0	287.0	166.0	314.0	381.0	432.0	250.0	116.0	255.0
332.953	163.0	334.0	291.0	200.0	272.0	272.0	386.0	447.0	368.0	204.0	119.0	268.0	300.0	173.0	337.0	410.0	459.0	278.0	112.0	277.0
333.062	153.0	284.0	253.0	185.0	242.0	238.0	333.0	382.0	311.0	182.0	111.0	233.0	275.0	163.0	286.0	356.0	393.0	242.0	112.0	236.0
333.171	127.0	249.0	206.0	165.0	218.0	190.0	264.0	324.0	260.0	159.0	109.0	186.0	240.0	138.0	243.0	311.0	318.0	209.0	114.0	203.0
333.279	122.0	214.0	178.0	152.0	196.0	173.0	232.0	278.0	233.0	150.0	119.0	168.0	201.0	127.0	206.0	272.0	284.0	184.0	118.0	179.0
333.388	131.0	277.0	229.0	184.0	231.0	218.0	322.0	366.0	302.0	182.0	129.0	214.0	258.0	150.0	275.0	341.0	373.0	237.0	120.0	231.0
333.497	184.0	411.0	365.0	268.0	331.0	338.0	496.0	577.0	473.0	244.0	122.0	328.0	406.0	227.0	436.0	503.0	591.0	349.0	128.0	353.0
333.606	244.0	520.0	465.0	351.0	449.0	431.0	691.0	790.0	639.0	342.0	133.0	432.0	531.0	288.0	583.0	662.0	762.0	483.0	140.0	488.0
333.715	208.0	445.0	397.0	298.0	359.0	364.0	529.0	633.0	531.0	281.0	123.0	364.0	435.0	236.0	471.0	561.0	640.0	386.0	136.0	405.0
333.824	185.0	407.0	355.0	264.0	328.0	334.0	493.0	573.0	477.0	248.0	121.0	327.0	386.0	214.0	449.0	501.0	587.0	357.0	120.0	349.0
333.933	208.0	409.0	345.0	268.0	336.0	344.0	481.0	541.0	475.0	247.0	128.0	327.0	387.0	226.0	431.0	485.0	563.0	342.0	134.0	352.0
334.041	168.0	355.0	311.0	240.0	302.0	301.0	426.0	486.0	417.0	229.0	121.0	276.0	345.0	194.0	391.0	447.0	514.0	311.0	131.0	312.0
334.15	174.0	373.0	315.0	250.0	316.0	327.0	462.0	528.0	464.0	229.0	119.0	312.0	375.0	206.0	420.0	492.0	579.0	318.0	120.0	335.0
334.259	311.0	638.0	568.0	476.0	562.0	595.0	860.0	965.0	836.0	396.0	123.0	544.0	660.0	362.0	781.0	801.0	951.0	604.0	142.0	646.0
334.368	442.0	860.0	777.0	656.0	773.0	794.0	1173.0	1310.0	1118.0	532.0	137.0	748.0	905.0	507.0	1062.0	1048.0	1229.0	835.0	146.0	893.0
334.477	349.0	700.0	627.0	517.0	631.0	651.0	965.0	1066.0	924.0	429.0	121.0	614.0	744.0	411.0	847.0	885.0	1057.0	673.0	136.0	720.0
334.586	280.0	577.0	494.0	421.0	500.0	501.0	765.0	850.0	748.0	346.0	125.0	492.0	586.0	334.0	667.0	730.0	844.0	535.0	130.0	558.0
334.695	239.0	487.0	420.0	354.0	423.0	416.0	610.0	704.0	597.0	306.0	125.0	409.0	486.0	280.0	557.0	622.0	693.0	450.0	139.0	463.0
334.804	228.0	440.0	377.0	313.0	386.0	380.0	535.0	627.0	518.0	292.0	122.0	378.0	443.0	256.0	502.0	555.0	620.0	425.0	138.0	413.0
334.913	191.0	364.0	303.0	246.0	304.0	282.0	394.0	469.0	393.0	241.0	117.0	298.0	344.0	207.0	397.0	439.0	477.0	320.0	121.0	324.0
335.022	139.0	260.0	212.0	174.0	223.0	202.0	279.0	326.0	273.0	177.0	119.0	216.0	252.0	149.0	278.0	321.0	330.0	220.0	119.0	220.0
335.13	122.0	225.0	186.0	150.0	196.0	172.0	223.0	270.0	225.0	143.0	112.0	184.0	220.0	135.0	235.0	277.0	285.0	184.0	108.0	191.0
335.239	135.0	227.0	190.0	151.0	199.0	176.0	226.0	270.0	239.0	149.0	110.0	189.0	207.0	158.0	232.0	280.0	301.0	191.0	112.0	192.0
335.348	125.0	230.0	198.0	167.0	198.0	182.0	247.0	293.0	241.0	152.0	117.0	186.0	222.0	144.0	243.0	297.0	317.0	204.0	120.0	200.0
335.457	201.0	422.0	366.0	305.0	362.0	360.0	525.0	600.0	511.0	280.0	138.0	357.0	433.0	242.0	476.0	538.0	602.0	398.0	149.0	395.0
335.566	301.0	621.0	549.0	448.0	507.0	547.0	795.0	907.0	738.0	385.0	132.0	534.0	629.0	342.0	717.0	753.0	871.0	581.0	138.0	599.0
335.675	273.0	538.0	471.0	368.0	451.0	458.0	681.0	756.0	660.0	324.0	109.0	453.0	549.0	301.0	624.0	658.0	775.0	485.0	115.0	512.0
335.784	192.0	401.0	346.0	278.0	342.0	348.0	491.0	563.0	478.0	260.0	116.0	332.0	396.0	233.0	454.0	510.0	567.0	354.0	123.0	371.0
335.893	195.0	376.0	327.0	261.0	319.0	319.0	458.0	524.0	444.0	240.0	120.0	316.0	374.0	213.0	431.0	470.0	533.0	328.0	123.0	338.0
336.002	158.0	322.0	260.0	221.0	270.0	265.0	365.0	452.0	361.0	213.0	116.0	262.0	314.0	180.0	339.0	398.0	435.0	277.0	121.0	290.0
336.111	212.0	324.0	286.0	245.0	296.0	281.0	351.0	415.0	354.0	228.0	167.0	273.0	326.0	223.0	346.0	391.0	428.0	283.0	175.0	288.0
336.22	140.0	231.0	193.0	169.0	205.0	195.0	245.0	292.0	244.0	164.0	135.0	188.0	228.0	161.0	241.0	294.0	298.0	209.0	133.0	200.0
336.329	115.0	200.0	163.0	130.0	176.0	165.0	206.0	261.0	212.0	135.0	109.0	158.0	188.0	123.0	212.0	259.0	269.0	166.0	108.0	166.0
336.438	133.0	244.0	196.0	155.0	190.0	187.0	232.0	292.0	247.0	156.0	114.0	199.0	217.0	147.0	244.0	292.0	306.0	197.0	108.0	201.0
336.547	181.0	356.0	296.0	218.0	262.0	268.0	362.0	431.0	347.0	222.0	115.0	286.0	321.0	202.0	362.0	431.0	440.0	296.0	118.0	292.0
336.656	295.0	591.0	530.0	399.0	478.0	494.0	704.0	806.0	684.0	376.0	118.0	498.0	595.0	336.0	653.0	708.0	813.0	552.0	132.0	555.0
336.766	262.0	573.0	499.0	389.0	466.0	466.0	720.0	822.0	674.0	356.0	129.0	480.0	581.0	317.0	654.0	707.0	808.0	521.0	145.0	517.0
336.875	227.0	480.0	406.0	314.0	384.0	381.0	574.0	658.0	539.0	292.0	127.0	394.0	465.0	249.0	521.0	579.0	665.0	416.0	132.0	411.0
336.984	190.0	376.0	326.0	266.0	324.0	312.0	452.0	528.0	439.0	245.0	133.0	306.0	377.0	222.0	419.0	465.0	525.0	345.0	142.0	342.0
337.093	161.0	315.0	283.0	235.0	274.0	262.0	379.0	440.0	362.0	230.0	138.0	267.0	313.0	193.0	348.0	405.0	438.0	308.0	142.0	286.0
337.202	186.0	340.0	301.0	235.0	270.0	269.0	375.0	440.0	361.0	239.0	117.0	285.0	326.0	201.0	371.0	411.0	447.0	298.0	132.0	299.0
337.311	143.0	269.0	220.0	188.0	222.0	204.0	279.0	328.0	263.0	184.0	126.0	216.0	253.0	155.0	269.0	324.0	327.0	235.0	137.0	213.0
337.42	174.0	337.0	299.0	225.0	266.0	272.0	365.0	434.0	353.0	216.0	116.0	271.0	305.0	189.0	354.0	404.0	435.0	284.0	114.0	278.0
337.529	148.0	297.0	267.0	205.0	237.0	239.0	329.0	385.0	311.0	205.0	117.0	241.0	274.0	171.0	308.0	360.0	381.0	256.0	126.0	252.0
337.638	153.0	297.0	268.0	212.0	248.0	230.0	328.0	389.0	315.0	207.0	124.0	245.0	289.0	174.0	320.0	379.0	410.0	271.0	134.0	258.0
337.747	230.0	492.0	435.0	345.0	416.0	413.0	618.0	707.0	589.0	316.0	126.0	410.0	489.0	263.0	547.0	621.0	707.0	447.0	135.0	453.0
337.856	273.0	563.0	517.0	369.0	457.0	483.0	702.0	788.0	677.0	330.0	112.0	463.0	543.0	303.0	621.0	692.0	812.0	486.0	122.0	500.0
337.966	238.0	474.0	422.0	307.0	366.0	378.0	545.0	618.0	524.0	282.0	116.0	389.0	445.0	255.0	512.0	562.0	644.0	401.0	115.0	402.0
338.075	198.0	400.0	351.0	272.0	322.0	319.0	457.0	541.0	442.0	258.0	120.0	335.0	394.0	227.0	443.0	483.0	556.0	354.0	133.0	348.0
338.184	213.0	468.0	412.0	308.0	361.0	374.0	542.0	644.0	510.0	291.0	123.0	378.0	444.0	245.0	493.0	555.0	637.0	395.0	133.0	403.0
338.293	172.0	361.0	320.0	242.0	294.0	297.0	413.0	488.0	394.0	238.0	120.0	297.0	353.0	199.0	376.0	447.0	490.0	313.0	128.0	317.0
338.402	152.0	299.0	262.0	200.0	250.0	240.0	337.0	400.0	316.0	204.0	118.0	245.0	289.0	170.0	309.0	368.0	386.0	256.0	127.0	245.0
338.511	163.0	276.0	249.0	203.0	250.0	228.0	295.0	348.0	281.0	199.0	153.0	229.0	264.0	176.0	281.0	328.0	344.0	237.0	145.0	244.0
338.62	134.0	230.0	194.0	149.0	191.0	175.0	214.0	281.0	205.0	150.0	108.0	181.0	203.0	127.0	225.0	267.0	288.0	187.0	114.0	184.0
338.73	114.0	203.0	160.0	132.0	177.0	156.0	203.0	256.0	200.0	134.0	108.0	160.0	182.0	120.0	192.0	248.0	239.0	167.0	116.0	168.0
338.839	144.0	269.0	238.0	177.0	226.0	215.0	286.0	334.0	272.0	174.0	111.0	220.0	243.0	148.0	256.0	318.0	327.0	212.0	111.0	215.0
338.948	119.0	240.0	212.0	166.0	212.0	191.0	256.0	313.0	244.0	168.0	117.0	187.0	219.0	140.0	234.0	301.0	299.0	204.0	127.0	195.0
339.057	122.0	226.0	182.0	139.0	191.0	173.0	214.0	266.0	217.0	144.0	107.0	168.0	191.0	130.0	214.0	254.0	268.0	168.0	105.0	182.0
339.166	120.0	190.0	146.0	130.0	169.0	144.0	180.0	229.0	183.0	131.0	112.0	157.0	161.0	114.0	182.0	216.0	219.0	148.0	111.0	149.0
339.276	108.0	177.0	147.0	115.0	160.0	137.0	170.0	207.0	158.0	120.0	104.0	139.0	158.0	114.0	156.0	207.0	198.0	142.0	110.0	140.0
339.385	104.0	164.0	127.0	109.0	144.0	123.0	153.0	188.0	144.0	116.0	109.0	122.0	137.0	109.0	146.0	193.0	166.0	135.0	114.0	129.0
339.494	99.0	155.0	121.0	103.0	128.0	107.0	126.0	164.0	132.0	98.0	109.0	112.0	126.0	96.0	134.0	170.0	152.0	117.0	106.0	110.0
339.603	96.0	151.0	113.0	102.0	133.0	117.0	124.0	169.0	135.0	100.0	106.0	115.0	113.0	100.0	130.0	168.0	149.0	110.0	104.0	111.0
339.713	95.0	145.0	115.0	93.0	138.0	114.0	129.0	162.0	134.0	102.0	104.0	98.0	127.0	99.0	134.0	167.0	146.0	112.0	106.0	112.0
339.822	96.0	145.0	114.0	95.0	128.0	114.0	124.0	167.0	119.0	97.0	107.0	108.0	124.0	96.0	132.0	168.0	142.0	111.0	99.0	111.0
339.931	94.0	143.0	111.0	104.0	130.0	111.0	116.0	154.0	114.0	103.0	108.0	107.0	112.0	93.0	119.0	163.0	134.0	116.0	99.0	105.0
340.04	89.0	135.0	107.0	92.0	117.0	97.0	110.0	148.0	111.0	95.0	110.0	100.0	107.0	93.0	109.0	150.0	118.0	106.0	101.0	104.0
340.15	102.0	143.0	105.0	96.0	132.0	104.0	115.0	157.0	113.0	94.0	102.0	104.0	114.0	91.0	124.0	158.0	133.0	110.0	110.0	105.0
340.259	93.0	135.0	100.0	94.0	129.0	100.0	113.0	140.0	107.0	100.0	104.0	96.0	111.0	92.0	111.0	145.0	120.0	105.0	106.0	95.0
340.368	97.0	138.0	103.0	99.0	125.0	95.0	117.0	147.0	110.0	97.0	111.0	99.0	113.0	85.0	112.0	152.0	139.0	101.0	100.0	95.0
340.477	93.0	128.0	100.0	94.0	122.0	91.0	102.0	145.0	110.0	90.0	108.0	101.0	105.0	84.0	108.0	146.0	118.0	99.0	108.0	101.0
340.587	93.0	133.0	100.0	92.0	134.0	102.0	110.0	149.0	114.0	96.0	98.0	100.0	115.0	92.0	121.0	149.0	120.0	105.0	108.0	102.0
340.696	89.0	129.0	103.0	92.0	121.0	95.0	100.0	138.0	105.0	93.0	108.0	93.0	101.0	90.0	112.0	140.0	119.0	107.0	109.0	90.0
340.805	95.0	136.0	103.0	103.0	128.0	107.0	110.0	153.0	117.0	108.0	114.0	110.0	110.0	98.0	123.0	156.0	126.0	115.0	111.0	105.0
340.915	83.0	130.0	102.0	97.0	115.0	93.0	109.0	142.0	109.0	93.0	107.0	102.0	100.0	90.0	109.0	143.0	119.0	98.0	99.0	100.0
341.024	86.0	125.0	93.0	80.0	116.0	94.0	100.0	135.0	97.0	92.0	108.0	101.0	103.0	87.0	102.0	146.0	102.0	99.0	109.0	95.0
341.133	102.0	150.0	113.0	105.0	140.0	117.0	119.0	157.0	123.0	110.0	123.0	111.0	122.0	103.0	125.0	158.0	135.0	114.0	122.0	112.0
341.243	92.0	130.0	100.0	91.0	126.0	90.0	105.0	137.0	103.0	92.0	107.0	100.0	108.0	93.0	107.0	148.0	119.0	100.0	106.0	98.0
341.352	86.0	121.0	85.0	91.0	118.0	86.0	100.0	134.0	102.0	87.0	103.0	96.0	101.0	86.0	103.0	143.0	118.0	91.0	106.0	90.0
341.461	90.0	126.0	89.0	85.0	118.0	93.0	101.0	142.0	105.0	88.0	104.0	97.0	102.0	87.0	107.0	142.0	116.0	98.0	106.0	94.0
341.571	86.0	124.0	91.0	87.0	117.0	94.0	98.0	137.0	105.0	95.0	99.0	91.0	97.0	86.0	105.0	137.0	107.0	94.0	113.0	88.0
341.68	81.0	132.0	91.0	92.0	122.0	96.0	100.0	139.0	94.0	94.0	107.0	100.0	98.0	84.0	108.0	141.0	108.0	99.0	109.0	93.0
341.789	91.0	125.0	85.0	85.0	118.0	92.0	95.0	131.0	102.0	86.0	106.0	91.0	91.0	80.0	99.0	139.0	100.0	93.0	103.0	94.0
341.899	90.0	118.0	87.0	85.0	116.0	85.0	98.0	127.0	97.0	91.0	97.0	86.0	95.0	90.0	95.0	132.0	94.0	91.0	105.0	89.0
342.008	92.0	124.0	92.0	88.0	121.0	86.0	100.0	128.0	102.0	87.0	107.0	96.0	102.0	91.0	96.0	139.0	106.0	102.0	105.0	94.0
342.118	84.0	122.0	89.0	81.0	118.0	93.0	93.0	128.0	95.0	88.0	104.0	85.0	96.0	84.0	100.0	136.0	106.0	98.0	103.0	88.0
342.227	80.0	121.0	84.0	87.0	119.0	84.0	92.0	134.0	94.0	92.0	105.0	97.0	100.0	80.0	101.0	132.0	103.0	90.0	103.0	94.0
342.336	83.0	113.0	91.0	86.0	120.0	85.0	93.0	129.0	94.0	84.0	102.0	93.0	98.0	81.0	96.0	133.0	103.0	93.0	108.0	82.0
342.446	92.0	130.0	96.0	87.0	118.0	100.0	98.0	137.0	105.0	91.0	108.0	98.0	102.0	90.0	100.0	137.0	110.0	101.0	111.0	89.0
342.555	87.0	130.0	98.0	86.0	121.0	92.0	97.0	142.0	106.0	96.0	113.0	105.0	104.0	88.0	103.0	139.0	111.0	103.0	104.0	95.0
342.665	83.0	128.0	84.0	90.0	115.0	89.0	103.0	129.0	98.0	88.0	103.0	99.0	100.0	86.0	101.0	137.0	115.0	93.0	104.0	96.0
342.774	90.0	118.0	90.0	95.0	113.0	87.0	101.0	133.0	101.0	92.0	101.0	85.0	96.0	81.0	100.0	141.0	104.0	92.0	103.0	94.0
342.884	97.0	127.0	102.0	92.0	122.0	96.0	106.0	141.0	107.0	89.0	104.0	97.0	106.0	94.0	110.0	144.0	116.0	106.0	101.0	101.0
342.993	87.0	124.0	96.0	91.0	128.0	92.0	91.0	130.0	99.0	93.0	108.0	96.0	108.0	86.0	103.0	137.0	111.0	98.0	107.0	95.0
343.102	91.0	125.0	94.0	93.0	124.0	89.0	100.0	140.0	106.0	95.0	104.0	98.0	103.0	88.0	100.0	142.0	110.0	97.0	102.0	98.0
343.212	92.0	122.0	95.0	91.0	116.0	98.0	98.0	138.0	105.0	93.0	108.0	96.0	102.0	83.0	101.0	141.0	111.0	97.0	102.0	97.0
343.321	92.0	128.0	94.0	94.0	125.0	103.0	101.0	143.0	100.0	95.0	104.0	96.0	104.0	90.0	109.0	145.0	111.0	100.0	105.0	94.0
343.431	105.0	140.0	103.0	104.0	133.0	103.0	111.0	152.0	112.0	112.0	121.0	110.0	116.0	100.0	120.0	156.0	121.0	116.0	120.0	102.0
343.54	96.0	136.0	104.0	101.0	125.0	100.0	116.0	152.0	114.0	105.0	112.0	113.0	115.0	94.0	113.0	153.0	126.0	108.0	110.0	109.0
343.65	94.0	136.0	105.0	99.0	126.0	94.0	107.0	152.0	115.0	98.0	105.0	103.0	109.0	93.0	105.0	154.0	121.0	104.0	109.0	101.0
343.759	102.0	156.0	126.0	112.0	149.0	121.0	142.0	187.0	146.0	123.0	113.0	132.0	135.0	109.0	138.0	188.0	171.0	131.0	120.0	118.0
343.869	114.0	205.0	178.0	143.0	184.0	154.0	203.0	251.0	182.0	149.0	123.0	162.0	177.0	115.0	191.0	246.0	231.0	173.0	123.0	158.0
343.978	118.0	192.0	164.0	126.0	160.0	145.0	182.0	231.0	180.0	131.0	109.0	152.0	164.0	113.0	169.0	229.0	208.0	154.0	111.0	152.0
344.088	128.0	182.0	147.0	131.0	174.0	144.0	168.0	210.0	169.0	136.0	123.0	147.0	165.0	129.0	164.0	213.0	192.0	151.0	130.0	149.0
344.197	102.0	168.0	129.0	108.0	149.0	123.0	147.0	186.0	152.0	120.0	117.0	118.0	133.0	109.0	141.0	182.0	159.0	134.0	115.0	129.0
344.307	108.0	158.0	118.0	112.0	144.0	116.0	132.0	178.0	135.0	118.0	114.0	119.0	131.0	105.0	137.0	178.0	154.0	124.0	106.0	117.0
344.416	99.0	149.0	116.0	106.0	137.0	107.0	127.0	168.0	127.0	112.0	111.0	112.0	119.0	101.0	133.0	164.0	149.0	118.0	100.0	114.0
344.526	97.0	143.0	103.0	96.0	131.0	103.0	123.0	156.0	121.0	101.0	106.0	107.0	109.0	100.0	117.0	164.0	132.0	110.0	107.0	108.0
344.636	95.0	161.0	114.0	101.0	142.0	113.0	135.0	174.0	124.0	107.0	105.0	119.0	126.0	98.0	126.0	164.0	152.0	117.0	106.0	110.0
344.745	101.0	154.0	121.0	105.0	147.0	115.0	137.0	176.0	132.0	104.0	119.0	119.0	127.0	106.0	134.0	176.0	155.0	122.0	119.0	118.0
344.855	109.0	162.0	129.0	113.0	141.0	114.0	132.0	177.0	143.0	122.0	120.0	127.0	136.0	106.0	143.0	186.0	163.0	122.0	119.0	133.0
344.964	99.0	154.0	124.0	110.0	146.0	125.0	146.0	195.0	146.0	106.0	104.0	120.0	132.0	98.0	148.0	187.0	175.0	125.0	111.0	121.0
345.074	117.0	201.0	169.0	128.0	175.0	159.0	206.0	248.0	190.0	132.0	104.0	154.0	166.0	113.0	194.0	234.0	240.0	160.0	110.0	157.0
345.183	113.0	184.0	157.0	127.0	168.0	149.0	179.0	223.0	173.0	129.0	113.0	141.0	155.0	113.0	173.0	221.0	211.0	142.0	111.0	142.0
345.293	106.0	166.0	126.0	115.0	157.0	120.0	155.0	198.0	158.0	124.0	111.0	128.0	143.0	115.0	158.0	187.0	181.0	126.0	110.0	131.0
345.403	119.0	180.0	140.0	122.0	160.0	132.0	156.0	197.0	159.0	132.0	123.0	142.0	144.0	124.0	154.0	202.0	179.0	144.0	123.0	143.0
345.512	113.0	194.0	160.0	122.0	171.0	152.0	188.0	239.0	186.0	130.0	105.0	155.0	166.0	114.0	171.0	226.0	216.0	149.0	108.0	148.0
345.622	108.0	207.0	178.0	136.0	175.0	162.0	203.0	252.0	195.0	129.0	114.0	155.0	182.0	122.0	191.0	235.0	240.0	165.0	114.0	161.0
345.731	104.0	184.0	146.0	117.0	158.0	137.0	163.0	210.0	162.0	116.0	109.0	137.0	145.0	106.0	164.0	203.0	195.0	138.0	106.0	137.0
345.841	104.0	160.0	122.0	107.0	149.0	129.0	146.0	195.0	151.0	108.0	110.0	128.0	134.0	107.0	140.0	186.0	178.0	126.0	109.0	123.0
345.951	110.0	176.0	149.0	125.0	164.0	142.0	163.0	206.0	157.0	124.0	127.0	139.0	151.0	118.0	161.0	199.0	188.0	144.0	128.0	140.0
346.06	96.0	155.0	120.0	110.0	147.0	122.0	143.0	182.0	139.0	108.0	104.0	114.0	125.0	97.0	133.0	174.0	159.0	126.0	108.0	113.0
346.17	100.0	141.0	110.0	96.0	129.0	99.0	116.0	158.0	119.0	103.0	114.0	103.0	113.0	96.0	124.0	154.0	137.0	113.0	111.0	109.0
346.28	93.0	134.0	99.0	94.0	119.0	102.0	111.0	154.0	116.0	94.0	107.0	103.0	111.0	93.0	109.0	150.0	121.0	96.0	107.0	103.0
346.389	97.0	138.0	99.0	90.0	119.0	98.0	111.0	138.0	108.0	92.0	106.0	101.0	106.0	89.0	103.0	139.0	112.0	110.0	113.0	100.0
346.499	98.0	131.0	101.0	92.0	128.0	105.0	109.0	143.0	110.0	103.0	113.0	107.0	103.0	96.0	110.0	148.0	116.0	107.0	111.0	110.0
346.608	94.0	133.0	96.0	91.0	118.0	89.0	98.0	139.0	93.0	93.0	105.0	99.0	98.0	81.0	104.0	148.0	108.0	100.0	106.0	96.0
346.718	97.0	123.0	97.0	92.0	123.0	86.0	105.0	142.0	104.0	94.0	108.0	104.0	100.0	87.0	105.0	140.0	110.0	100.0	109.0	95.0
346.828	99.0	125.0	94.0	87.0	123.0	90.0	104.0	136.0	106.0	80.0	107.0	94.0	107.0	91.0	105.0	136.0	112.0	101.0	106.0	98.0
346.938	92.0	126.0	93.0	88.0	119.0	91.0	105.0	140.0	103.0	99.0	110.0	92.0	100.0	90.0	95.0	140.0	103.0	95.0	108.0	94.0
347.047	105.0	153.0	120.0	109.0	138.0	109.0	135.0	176.0	124.0	108.0	105.0	115.0	125.0	104.0	121.0	176.0	148.0	121.0	104.0	113.0
347.157	113.0	182.0	149.0	120.0	157.0	136.0	167.0	214.0	151.0	121.0	103.0	143.0	149.0	108.0	147.0	202.0	189.0	137.0	111.0	140.0
347.267	105.0	176.0	137.0	118.0	158.0	130.0	152.0	205.0	152.0	122.0	106.0	130.0	144.0	112.0	147.0	197.0	177.0	138.0	114.0	129.0
347.376	106.0	170.0	138.0	109.0	147.0	124.0	156.0	191.0	144.0	117.0	108.0	131.0	137.0	108.0	149.0	189.0	171.0	138.0	111.0	132.0
347.486	120.0	188.0	153.0	124.0	163.0	134.0	153.0	201.0	145.0	122.0	123.0	146.0	151.0	117.0	162.0	197.0	190.0	142.0	125.0	145.0
347.596	100.0	159.0	131.0	110.0	145.0	118.0	139.0	183.0	138.0	105.0	107.0	125.0	134.0	98.0	139.0	185.0	156.0	122.0	107.0	123.0
347.705	98.0	146.0	116.0	105.0	144.0	112.0	124.0	167.0	128.0	104.0	112.0	110.0	124.0	100.0	124.0	173.0	141.0	120.0	116.0	107.0
347.815	106.0	154.0	122.0	102.0	141.0	113.0	132.0	176.0	122.0	104.0	113.0	113.0	127.0	100.0	132.0	167.0	142.0	121.0	110.0	112.0
347.925	92.0	144.0	114.0	100.0	137.0	110.0	126.0	169.0	125.0	108.0	114.0	112.0	119.0	99.0	129.0	167.0	139.0	119.0	102.0	105.0
348.035	94.0	144.0	112.0	97.0	129.0	104.0	122.0	159.0	119.0	96.0	108.0	109.0	114.0	97.0	122.0	166.0	137.0	105.0	104.0	106.0
348.144	97.0	137.0	104.0	90.0	127.0	105.0	122.0	160.0	119.0	87.0	104.0	110.0	114.0	94.0	117.0	154.0	127.0	106.0	111.0	111.0
348.254	100.0	138.0	108.0	89.0	133.0	105.0	125.0	160.0	121.0	98.0	105.0	105.0	117.0	89.0	117.0	153.0	145.0	112.0	108.0	105.0
348.364	92.0	135.0	110.0	97.0	128.0	101.0	119.0	158.0	115.0	98.0	110.0	109.0	112.0	91.0	120.0	159.0	139.0	112.0	111.0	106.0
348.474	109.0	161.0	140.0	114.0	150.0	130.0	153.0	195.0	152.0	114.0	106.0	132.0	137.0	104.0	154.0	197.0	182.0	129.0	109.0	129.0
348.584	112.0	173.0	145.0	121.0	153.0	142.0	166.0	208.0	172.0	125.0	118.0	142.0	154.0	113.0	159.0	200.0	199.0	139.0	114.0	144.0
348.693	106.0	171.0	141.0	109.0	156.0	132.0	158.0	203.0	147.0	109.0	108.0	121.0	145.0	105.0	149.0	184.0	188.0	144.0	112.0	133.0
348.803	99.0	164.0	125.0	110.0	144.0	122.0	151.0	195.0	149.0	120.0	114.0	126.0	132.0	103.0	137.0	178.0	167.0	130.0	106.0	123.0
348.913	105.0	163.0	129.0	107.0	149.0	124.0	147.0	191.0	146.0	106.0	107.0	126.0	136.0	105.0	142.0	186.0	171.0	126.0	104.0	124.0
349.023	97.0	150.0	121.0	113.0	142.0	116.0	134.0	180.0	132.0	110.0	101.0	118.0	122.0	102.0	127.0	174.0	155.0	121.0	116.0	116.0
349.133	97.0	148.0	111.0	101.0	138.0	107.0	117.0	165.0	127.0	102.0	102.0	107.0	122.0	94.0	121.0	166.0	148.0	115.0	109.0	115.0
349.242	96.0	140.0	106.0	87.0	128.0	99.0	113.0	148.0	116.0	96.0	106.0	107.0	113.0	91.0	121.0	154.0	129.0	108.0	108.0	100.0
349.352	122.0	158.0	130.0	122.0	151.0	126.0	133.0	178.0	142.0	125.0	127.0	132.0	137.0	112.0	142.0	186.0	154.0	132.0	129.0	133.0
349.462	108.0	148.0	109.0	100.0	134.0	107.0	121.0	161.0	124.0	104.0	107.0	114.0	125.0	95.0	125.0	167.0	138.0	118.0	115.0	117.0
349.572	96.0	135.0	113.0	96.0	127.0	109.0	121.0	162.0	121.0	104.0	110.0	102.0	118.0	94.0	123.0	161.0	141.0	111.0	106.0	104.0
349.682	97.0	148.0	108.0	103.0	132.0	108.0	128.0	162.0	131.0	99.0	108.0	104.0	121.0	95.0	123.0	166.0	154.0	118.0	103.0	111.0
349.792	109.0	173.0	130.0	121.0	157.0	134.0	174.0	213.0	179.0	116.0	111.0	128.0	158.0	109.0	172.0	219.0	212.0	147.0	110.0	145.0
349.901	164.0	341.0	292.0	213.0	286.0	286.0	408.0	460.0	393.0	193.0	108.0	268.0	308.0	182.0	344.0	400.0	467.0	278.0	116.0	287.0
350.011	158.0	314.0	270.0	196.0	263.0	267.0	363.0	415.0	368.0	180.0	110.0	243.0	283.0	166.0	319.0	378.0	433.0	260.0	114.0	264.0
350.121	133.0	254.0	225.0	166.0	222.0	218.0	284.0	347.0	297.0	162.0	106.0	200.0	240.0	151.0	262.0	328.0	358.0	212.0	114.0	212.0
350.231	130.0	231.0	193.0	155.0	195.0	196.0	245.0	299.0	252.0	145.0	104.0	180.0	210.0	128.0	224.0	284.0	310.0	180.0	107.0	192.0
350.341	114.0	210.0	178.0	148.0	198.0	182.0	240.0	292.0	243.0	138.0	103.0	170.0	196.0	130.0	211.0	274.0	291.0	182.0	113.0	180.0
350.451	140.0	297.0	255.0	191.0	256.0	256.0	352.0	415.0	333.0	177.0	113.0	235.0	273.0	162.0	301.0	373.0	421.0	247.0	124.0	255.0
350.561	141.0	306.0	265.0	197.0	261.0	257.0	362.0	420.0	348.0	186.0	122.0	240.0	286.0	169.0	310.0	374.0	449.0	256.0	127.0	259.0
350.671	115.0	232.0	184.0	161.0	192.0	193.0	260.0	315.0	250.0	153.0	120.0	172.0	213.0	137.0	225.0	287.0	302.0	202.0	122.0	180.0
350.78	119.0	214.0	172.0	139.0	178.0	169.0	226.0	277.0	225.0	136.0	108.0	164.0	186.0	124.0	202.0	260.0	275.0	172.0	111.0	178.0
350.89	108.0	178.0	144.0	118.0	165.0	145.0	183.0	213.0	178.0	124.0	110.0	135.0	155.0	107.0	171.0	216.0	218.0	146.0	115.0	146.0
351.0	101.0	167.0	127.0	114.0	160.0	132.0	160.0	193.0	161.0	116.0	116.0	124.0	149.0	104.0	147.0	199.0	188.0	134.0	115.0	136.0
351.11	101.0	166.0	130.0	111.0	145.0	128.0	147.0	188.0	153.0	112.0	109.0	123.0	138.0	104.0	153.0	188.0	180.0	132.0	102.0	129.0
351.22	113.0	149.0	129.0	124.0	146.0	124.0	140.0	175.0	142.0	112.0	116.0	128.0	132.0	106.0	140.0	183.0	166.0	123.0	118.0	130.0
351.33	106.0	153.0	116.0	98.0	145.0	111.0	138.0	182.0	134.0	97.0	108.0	121.0	130.0	98.0	134.0	177.0	160.0	118.0	111.0	126.0
351.44	108.0	185.0	154.0	116.0	161.0	144.0	184.0	224.0	176.0	118.0	113.0	135.0	157.0	108.0	168.0	214.0	214.0	147.0	108.0	145.0
351.55	113.0	174.0	143.0	123.0	164.0	146.0	180.0	212.0	166.0	121.0	107.0	125.0	153.0	106.0	167.0	214.0	216.0	133.0	100.0	140.0
351.66	100.0	153.0	120.0	106.0	146.0	119.0	140.0	186.0	147.0	107.0	104.0	117.0	119.0	100.0	130.0	177.0	166.0	128.0	106.0	117.0
351.77	112.0	174.0	137.0	114.0	151.0	134.0	148.0	194.0	156.0	124.0	123.0	129.0	139.0	113.0	145.0	182.0	171.0	132.0	124.0	137.0
351.88	98.0	147.0	118.0	103.0	135.0	116.0	133.0	166.0	136.0	102.0	110.0	112.0	119.0	99.0	135.0	173.0	150.0	123.0	106.0	112.0
351.99	107.0	149.0	120.0	108.0	139.0	110.0	123.0	161.0	123.0	99.0	100.0	106.0	120.0	89.0	127.0	173.0	149.0	110.0	103.0	113.0
352.1	100.0	130.0	86.0	94.0	126.0	95.0	112.0	147.0	116.0	90.0	106.0	109.0	108.0	84.0	122.0	154.0	130.0	100.0	105.0	105.0
352.21	118.0	150.0	120.0	121.0	158.0	122.0	138.0	168.0	136.0	116.0	128.0	129.0	135.0	116.0	145.0	178.0	144.0	132.0	134.0	133.0
352.32	117.0	152.0	123.0	109.0	146.0	125.0	128.0	161.0	124.0	110.0	121.0	114.0	123.0	112.0	130.0	166.0	140.0	121.0	122.0	123.0
352.43	81.0	118.0	92.0	89.0	114.0	94.0	101.0	134.0	106.0	97.0	107.0	97.0	100.0	91.0	100.0	143.0	112.0	103.0	95.0	92.0
352.54	89.0	123.0	94.0	95.0	117.0	92.0	96.0	134.0	101.0	90.0	102.0	100.0	103.0	85.0	106.0	145.0	116.0	99.0	105.0	99.0
352.65	105.0	143.0	103.0	99.0	135.0	107.0	113.0	147.0	121.0	113.0	114.0	107.0	117.0	98.0	112.0	156.0	125.0	119.0	122.0	106.0
352.76	90.0	136.0	105.0	96.0	133.0	109.0	113.0	153.0	124.0	105.0	114.0	105.0	115.0	96.0	120.0	155.0	128.0	114.0	113.0	107.0
352.87	98.0	142.0	115.0	109.0	142.0	115.0	133.0	178.0	137.0	113.0	108.0	121.0	124.0	100.0	135.0	176.0	167.0	120.0	105.0	113.0
352.98	115.0	199.0	162.0	137.0	174.0	158.0	205.0	257.0	206.0	132.0	112.0	160.0	172.0	109.0	189.0	236.0	252.0	157.0	113.0	156.0
353.09	134.0	210.0	173.0	142.0	188.0	168.0	210.0	255.0	213.0	147.0	135.0	164.0	177.0	132.0	189.0	247.0	234.0	171.0	135.0	173.0
353.2	104.0	166.0	132.0	121.0	151.0	133.0	165.0	207.0	165.0	118.0	109.0	128.0	145.0	104.0	151.0	193.0	192.0	136.0	113.0	130.0
353.31	107.0	161.0	124.0	111.0	145.0	127.0	159.0	196.0	159.0	104.0	110.0	129.0	138.0	99.0	149.0	192.0	186.0	124.0	98.0	127.0
353.42	99.0	159.0	120.0	106.0	132.0	126.0	138.0	180.0	143.0	106.0	106.0	124.0	135.0	98.0	138.0	183.0	173.0	117.0	104.0	122.0
353.53	92.0	142.0	109.0	97.0	130.0	111.0	122.0	152.0	121.0	98.0	104.0	108.0	116.0	91.0	119.0	164.0	137.0	108.0	106.0	114.0
353.64	90.0	131.0	97.0	94.0	129.0	99.0	106.0	150.0	110.0	90.0	108.0	98.0	107.0	91.0	117.0	148.0	120.0	108.0	104.0	102.0
353.75	89.0	126.0	96.0	88.0	118.0	92.0	96.0	141.0	104.0	95.0	103.0	95.0	103.0	91.0	107.0	136.0	121.0	104.0	100.0	92.0
353.86	92.0	122.0	89.0	89.0	118.0	86.0	99.0	140.0	99.0	88.0	107.0	96.0	101.0	88.0	107.0	135.0	114.0	94.0	105.0	96.0
353.97	86.0	125.0	88.0	91.0	116.0	84.0	92.0	137.0	95.0	88.0	107.0	88.0	91.0	84.0	100.0	137.0	102.0	93.0	115.0	98.0
354.081	94.0	136.0	102.0	93.0	117.0	98.0	101.0	136.0	105.0	97.0	105.0	93.0	103.0	89.0	102.0	138.0	109.0	106.0	103.0	99.0
354.191	93.0	133.0	103.0	93.0	126.0	97.0	101.0	141.0	103.0	93.0	113.0	97.0	105.0	93.0	111.0	147.0	107.0	103.0	106.0	98.0
354.301	85.0	127.0	88.0	83.0	117.0	89.0	86.0	129.0	98.0	92.0	110.0	96.0	97.0	83.0	102.0	143.0	105.0	95.0	110.0	93.0
354.411	89.0	129.0	89.0	83.0	117.0	89.0	98.0	131.0	97.0	91.0	102.0	93.0	96.0	84.0	94.0	138.0	100.0	93.0	107.0	95.0
354.521	98.0	129.0	92.0	88.0	119.0	92.0	96.0	136.0	95.0	89.0	109.0	94.0	98.0	93.0	110.0	139.0	99.0	102.0	104.0	92.0
354.631	96.0	134.0	99.0	98.0	125.0	95.0	98.0	134.0	102.0	97.0	110.0	102.0	108.0	95.0	108.0	147.0	115.0	102.0	108.0	101.0
354.741	96.0	122.0	93.0	93.0	119.0	92.0	93.0	138.0	98.0	85.0	104.0	96.0	105.0	87.0	107.0	146.0	110.0	101.0	106.0	95.0
354.851	90.0	123.0	87.0	87.0	116.0	86.0	95.0	130.0	103.0	88.0	106.0	92.0	92.0	79.0	95.0	136.0	102.0	101.0	105.0	91.0
354.961	98.0	121.0	94.0	86.0	118.0	94.0	102.0	136.0	101.0	88.0	105.0	95.0	103.0	84.0	101.0	135.0	108.0	103.0	105.0	94.0
355.072	93.0	132.0	99.0	92.0	124.0	98.0	101.0	137.0	101.0	100.0	113.0	93.0	110.0	93.0	107.0	140.0	106.0	102.0	112.0	94.0
355.182	88.0	131.0	90.0	90.0	116.0	93.0	100.0	138.0	99.0	94.0	107.0	99.0	106.0	84.0	113.0	141.0	108.0	96.0	106.0	94.0
355.292	99.0	132.0	98.0	101.0	126.0	97.0	102.0	145.0	102.0	99.0	114.0	100.0	102.0	98.0	104.0	147.0	118.0	104.0	110.0	99.0
355.402	93.0	124.0	94.0	86.0	123.0	90.0	98.0	136.0	99.0	92.0	109.0	99.0	101.0	87.0	98.0	133.0	106.0	100.0	109.0	94.0
355.512	92.0	128.0	99.0	97.0	128.0	98.0	102.0	141.0	105.0	103.0	107.0	99.0	110.0	95.0	110.0	143.0	120.0	104.0	110.0	101.0
355.622	91.0	127.0	91.0	100.0	121.0	91.0	101.0	139.0	106.0	91.0	112.0	102.0	102.0	87.0	106.0	150.0	117.0	101.0	109.0	97.0
355.733	92.0	124.0	96.0	95.0	117.0	84.0	96.0	142.0	108.0	88.0	105.0	98.0	103.0	86.0	103.0	152.0	110.0	102.0	103.0	96.0
355.843	89.0	128.0	95.0	86.0	121.0	99.0	98.0	136.0	100.0	100.0	112.0	93.0	103.0	84.0	97.0	141.0	112.0	106.0	117.0	100.0
355.953	96.0	142.0	105.0	92.0	127.0	97.0	109.0	144.0	109.0	101.0	103.0	103.0	108.0	92.0	109.0	146.0	125.0	108.0	104.0	98.0
356.063	96.0	132.0	105.0	92.0	120.0	93.0	106.0	148.0	113.0	97.0	102.0	104.0	110.0	92.0	112.0	151.0	123.0	104.0	98.0	104.0
356.173	98.0	135.0	99.0	104.0	122.0	98.0	105.0	145.0	112.0	97.0	99.0	102.0	103.0	94.0	106.0	151.0	120.0	107.0	108.0	102.0
356.284	97.0	135.0	95.0	89.0	127.0	92.0	101.0	138.0	95.0	95.0	109.0	99.0	100.0	92.0	101.0	143.0	109.0	101.0	114.0	88.0
356.394	103.0	138.0	97.0	96.0	129.0	101.0	112.0	150.0	106.0	110.0	111.0	106.0	111.0	95.0	116.0	152.0	121.0	109.0	104.0	102.0
356.504	101.0	139.0	105.0	102.0	127.0	96.0	115.0	160.0	108.0	104.0	106.0	106.0	111.0	93.0	113.0	157.0	131.0	111.0	104.0	107.0
356.614	95.0	131.0	98.0	93.0	120.0	90.0	101.0	150.0	101.0	94.0	106.0	100.0	109.0	88.0	109.0	151.0	114.0	102.0	98.0	93.0
356.724	97.0	129.0	98.0	93.0	121.0	98.0	105.0	148.0	103.0	101.0	114.0	105.0	100.0	92.0	106.0	144.0	115.0	101.0	108.0	105.0
356.835	103.0	149.0	121.0	93.0	141.0	109.0	122.0	163.0	113.0	106.0	111.0	109.0	120.0	92.0	128.0	155.0	130.0	113.0	109.0	110.0
356.945	98.0	137.0	104.0	92.0	125.0	106.0	112.0	148.0	107.0	99.0	111.0	104.0	108.0	91.0	118.0	155.0	120.0	109.0	101.0	106.0
357.055	100.0	134.0	97.0	93.0	120.0	93.0	106.0	142.0	108.0	94.0	100.0	102.0	103.0	94.0	106.0	147.0	109.0	103.0	103.0	94.0
357.165	101.0	126.0	98.0	88.0	123.0	97.0	100.0	140.0	102.0	88.0	109.0	97.0	98.0	92.0	112.0	145.0	111.0	106.0	104.0	96.0
357.276	96.0	136.0	97.0	92.0	120.0	94.0	100.0	144.0	102.0	90.0	106.0	101.0	107.0	88.0	104.0	144.0	110.0	102.0	101.0	93.0
357.386	88.0	126.0	95.0	94.0	114.0	84.0	95.0	136.0	95.0	82.0	107.0	94.0	103.0	86.0	102.0	133.0	110.0	95.0	110.0	92.0
357.496	104.0	132.0	98.0	98.0	128.0	86.0	108.0	154.0	110.0	100.0	102.0	110.0	103.0	96.0	114.0	147.0	121.0	107.0	105.0	105.0
357.606	100.0	137.0	101.0	95.0	129.0	92.0	109.0	146.0	103.0	99.0	110.0	103.0	108.0	92.0	110.0	149.0	115.0	111.0	108.0	101.0
357.717	88.0	130.0	99.0	91.0	117.0	92.0	95.0	136.0	102.0	97.0	111.0	93.0	101.0	86.0	101.0	132.0	107.0	103.0	107.0	88.0
357.827	97.0	127.0	97.0	94.0	119.0	91.0	101.0	133.0	96.0	99.0	111.0	95.0	98.0	85.0	104.0	136.0	110.0	107.0	97.0	90.0
357.937	97.0	134.0	98.0	96.0	114.0	94.0	101.0	145.0	105.0	98.0	108.0	98.0	98.0	91.0	100.0	143.0	112.0	106.0	110.0	95.0
358.048	100.0	134.0	97.0	95.0	126.0	94.0	106.0	149.0	106.0	105.0	106.0	102.0	110.0	94.0	106.0	146.0	119.0	105.0	107.0	100.0
358.158	102.0	137.0	104.0	96.0	126.0	101.0	109.0	146.0	113.0	101.0	105.0	106.0	114.0	98.0	109.0	146.0	117.0	105.0	106.0	99.0
358.268	97.0	125.0	102.0	97.0	121.0	93.0	98.0	139.0	102.0	99.0	103.0	97.0	102.0	90.0	109.0	142.0	112.0	98.0	107.0	99.0
358.379	97.0	125.0	97.0	89.0	117.0	86.0	95.0	143.0	96.0	90.0	109.0	99.0	99.0	79.0	102.0	135.0	110.0	101.0	105.0	99.0
358.489	88.0	127.0	87.0	85.0	119.0	86.0	97.0	135.0	104.0	93.0	104.0	97.0	100.0	84.0	106.0	136.0	106.0	99.0	103.0	96.0
358.599	91.0	126.0	98.0	98.0	125.0	101.0	102.0	144.0	99.0	99.0	105.0	101.0	99.0	91.0	102.0	137.0	103.0	106.0	111.0	91.0
358.71	90.0	131.0	93.0	92.0	122.0	90.0	94.0	146.0	102.0	92.0	106.0	97.0	102.0	89.0	106.0	139.0	107.0	99.0	102.0	98.0
358.82	93.0	127.0	93.0	95.0	116.0	88.0	108.0	138.0	101.0	87.0	109.0	104.0	105.0	91.0	109.0	143.0	105.0	99.0	108.0	99.0
358.93	91.0	138.0	100.0	90.0	118.0	94.0	111.0	152.0	104.0	94.0	106.0	101.0	109.0	91.0	105.0	148.0	111.0	102.0	105.0	100.0
359.041	98.0	149.0	120.0	103.0	137.0	112.0	124.0	162.0	137.0	99.0	110.0	112.0	124.0	100.0	125.0	170.0	139.0	123.0	105.0	112.0
359.151	96.0	138.0	107.0	97.0	129.0	106.0	118.0	153.0	112.0	101.0	102.0	109.0	120.0	94.0	123.0	158.0	133.0	107.0	106.0	101.0
359.261	107.0	147.0	111.0	100.0	139.0	109.0	130.0	158.0	123.0	101.0	102.0	114.0	130.0	93.0	127.0	171.0	140.0	112.0	109.0	114.0
359.372	106.0	147.0	110.0	105.0	135.0	107.0	112.0	154.0	120.0	102.0	105.0	105.0	110.0	94.0	123.0	156.0	126.0	108.0	101.0	114.0
359.482	91.0	138.0	107.0	97.0	123.0	102.0	109.0	148.0	108.0	94.0	111.0	100.0	106.0	91.0	110.0	145.0	116.0	108.0	102.0	98.0
359.592	95.0	136.0	101.0	96.0	123.0	95.0	98.0	148.0	108.0	98.0	105.0	99.0	106.0	100.0	112.0	143.0	117.0	103.0	113.0	99.0
359.703	96.0	126.0	96.0	90.0	118.0	98.0	99.0	137.0	100.0	95.0	103.0	104.0	104.0	86.0	102.0	139.0	104.0	105.0	106.0	98.0
359.813	95.0	125.0	93.0	92.0	123.0	97.0	101.0	142.0	102.0	92.0	102.0	92.0	106.0	87.0	99.0	144.0	102.0	104.0	105.0	97.0
359.924	96.0	121.0	98.0	89.0	119.0	91.0	94.0	138.0	93.0	90.0	108.0	97.0	100.0	92.0	98.0	136.0	107.0	103.0	109.0	99.0
360.034	92.0	119.0	97.0	89.0	120.0	90.0	93.0	131.0	93.0	89.0	104.0	94.0	95.0	87.0	110.0	141.0	104.0	98.0	105.0	92.0
360.144	93.0	124.0	91.0	91.0	121.0	88.0	97.0	139.0	94.0	86.0	99.0	97.0	101.0	87.0	95.0	140.0	108.0	98.0	104.0	92.0
360.255	93.0	132.0	93.0	96.0	120.0	88.0	101.0	145.0	100.0	90.0	112.0	97.0	101.0	91.0	96.0	137.0	108.0	96.0	111.0	96.0
360.365	99.0	134.0	97.0	98.0	120.0	91.0	105.0	147.0	103.0	96.0	112.0	100.0	104.0	95.0	111.0	141.0	112.0	106.0	107.0	100.0
360.476	99.0	146.0	123.0	100.0	124.0	99.0	110.0	153.0	107.0	112.0	112.0	110.0	119.0	101.0	128.0	156.0	130.0	117.0	102.0	108.0
360.586	96.0	139.0	112.0	101.0	128.0	95.0	107.0	148.0	104.0	107.0	109.0	110.0	112.0	100.0	120.0	154.0	121.0	106.0	104.0	105.0
360.697	91.0	139.0	101.0	92.0	125.0	96.0	102.0	144.0	104.0	98.0	104.0	104.0	96.0	89.0	110.0	152.0	110.0	105.0	105.0	106.0
360.807	91.0	131.0	106.0	89.0	125.0	92.0	106.0	141.0	97.0	97.0	109.0	99.0	103.0	88.0	106.0	139.0	111.0	103.0	105.0	93.0
360.917	91.0	135.0	98.0	94.0	130.0	89.0	102.0	136.0	96.0	100.0	114.0	101.0	103.0	88.0	112.0	146.0	109.0	102.0	111.0	101.0
361.028	92.0	124.0	92.0	92.0	119.0	87.0	90.0	134.0	98.0	86.0	104.0	97.0	102.0	88.0	98.0	140.0	106.0	94.0	102.0	91.0
361.138	87.0	121.0	88.0	90.0	120.0	82.0	96.0	138.0	92.0	89.0	105.0	89.0	100.0	81.0	98.0	135.0	102.0	99.0	104.0	91.0
361.249	94.0	118.0	96.0	88.0	122.0	92.0	99.0	137.0	88.0	89.0	101.0	93.0	100.0	88.0	98.0	137.0	102.0	100.0	103.0	94.0
361.359	95.0	135.0	99.0	97.0	129.0	93.0	104.0	140.0	105.0	104.0	117.0	105.0	109.0	98.0	106.0	144.0	123.0	109.0	115.0	102.0
361.47	95.0	120.0	96.0	94.0	112.0	95.0	94.0	136.0	94.0	89.0	105.0	96.0	104.0	85.0	99.0	141.0	106.0	98.0	107.0	94.0
361.58	96.0	128.0	88.0	83.0	118.0	92.0	101.0	141.0	97.0	88.0	111.0	101.0	90.0	87.0	106.0	143.0	115.0	101.0	109.0	96.0
361.691	92.0	124.0	90.0	82.0	119.0	89.0	105.0	136.0	105.0	91.0	109.0	94.0	103.0	87.0	94.0	139.0	104.0	98.0	105.0	88.0
361.801	91.0	130.0	104.0	87.0	125.0	99.0	110.0	147.0	111.0	92.0	107.0	97.0	108.0	95.0	114.0	149.0	122.0	103.0	102.0	97.0
361.912	105.0	154.0	124.0	112.0	146.0	125.0	136.0	173.0	132.0	105.0	107.0	119.0	130.0	94.0	137.0	174.0	159.0	123.0	105.0	117.0
362.022	100.0	146.0	112.0	108.0	135.0	112.0	132.0	170.0	137.0	103.0	104.0	118.0	124.0	97.0	126.0	175.0	156.0	119.0	100.0	118.0
362.133	111.0	152.0	123.0	112.0	144.0	120.0	135.0	174.0	136.0	113.0	116.0	122.0	128.0	112.0	130.0	168.0	151.0	120.0	122.0	117.0
362.243	103.0	145.0	105.0	95.0	128.0	102.0	115.0	153.0	111.0	104.0	106.0	100.0	112.0	99.0	117.0	150.0	123.0	108.0	101.0	103.0
362.354	87.0	128.0	96.0	89.0	123.0	99.0	104.0	149.0	99.0	95.0	110.0	96.0	103.0	89.0	108.0	145.0	111.0	107.0	99.0	94.0
362.464	93.0	128.0	93.0	92.0	119.0	92.0	98.0	142.0	99.0	95.0	106.0	97.0	97.0	82.0	99.0	140.0	109.0	102.0	110.0	96.0
362.575	99.0	127.0	90.0	90.0	119.0	95.0	95.0	143.0	99.0	98.0	116.0	100.0	92.0	89.0	106.0	136.0	103.0	101.0	108.0	92.0
362.685	102.0	130.0	101.0	93.0	123.0	98.0	99.0	141.0	97.0	104.0	111.0	100.0	106.0	93.0	104.0	139.0	106.0	102.0	109.0	98.0
362.796	98.0	135.0	101.0	94.0	128.0	103.0	102.0	150.0	100.0	95.0	98.0	97.0	113.0	86.0	112.0	152.0	119.0	103.0	101.0	98.0
362.906	110.0	169.0	138.0	114.0	150.0	117.0	129.0	177.0	124.0	119.0	112.0	135.0	136.0	111.0	142.0	185.0	149.0	137.0	108.0	127.0
363.017	142.0	217.0	179.0	143.0	172.0	144.0	163.0	212.0	165.0	160.0	107.0	180.0	176.0	150.0	200.0	217.0	191.0	178.0	110.0	166.0
363.128	124.0	180.0	145.0	118.0	144.0	124.0	148.0	181.0	134.0	124.0	109.0	142.0	144.0	118.0	152.0	179.0	160.0	142.0	101.0	134.0
363.238	120.0	176.0	139.0	121.0	137.0	111.0	127.0	171.0	124.0	123.0	107.0	135.0	140.0	112.0	145.0	185.0	153.0	132.0	109.0	125.0
363.349	99.0	156.0	120.0	109.0	133.0	106.0	119.0	159.0	114.0	117.0	105.0	125.0	121.0	103.0	123.0	166.0	134.0	123.0	107.0	112.0
363.459	111.0	160.0	128.0	103.0	142.0	117.0	137.0	174.0	135.0	119.0	117.0	128.0	122.0	105.0	139.0	173.0	150.0	129.0	102.0	126.0
363.57	113.0	197.0	176.0	130.0	166.0	151.0	184.0	217.0	181.0	141.0	114.0	159.0	163.0	125.0	182.0	208.0	214.0	159.0	112.0	151.0
363.68	150.0	236.0	209.0	166.0	190.0	168.0	205.0	264.0	204.0	173.0	114.0	206.0	208.0	155.0	231.0	263.0	254.0	199.0	115.0	185.0
363.791	164.0	245.0	210.0	176.0	201.0	170.0	210.0	268.0	204.0	176.0	128.0	218.0	207.0	173.0	225.0	257.0	237.0	198.0	123.0	197.0
363.902	124.0	196.0	160.0	132.0	162.0	142.0	168.0	215.0	156.0	139.0	110.0	153.0	161.0	130.0	167.0	203.0	190.0	156.0	116.0	142.0
364.012	119.0	177.0	149.0	119.0	150.0	128.0	146.0	190.0	135.0	133.0	109.0	140.0	149.0	117.0	151.0	184.0	159.0	144.0	111.0	135.0
364.123	105.0	162.0	141.0	113.0	144.0	113.0	127.0	172.0	119.0	120.0	101.0	127.0	137.0	108.0	143.0	179.0	145.0	125.0	101.0	125.0
364.233	104.0	142.0	116.0	100.0	124.0	102.0	111.0	153.0	108.0	112.0	98.0	105.0	108.0	96.0	121.0	160.0	132.0	113.0	102.0	108.0
364.344	103.0	140.0	108.0	99.0	124.0	103.0	111.0	152.0	106.0	96.0	107.0	105.0	104.0	95.0	115.0	145.0	122.0	105.0	106.0	104.0
364.455	94.0	137.0	99.0	86.0	128.0	90.0	100.0	140.0	110.0	95.0	104.0	99.0	107.0	85.0	107.0	142.0	109.0	105.0	104.0	99.0
364.565	96.0	132.0	105.0	102.0	127.0	96.0	104.0	140.0	102.0	88.0	109.0	103.0	107.0	88.0	110.0	138.0	115.0	102.0	105.0	100.0
364.676	105.0	155.0	116.0	106.0	135.0	96.0	116.0	154.0	111.0	114.0	113.0	117.0	122.0	104.0	124.0	161.0	125.0	114.0	111.0	112.0
364.787	146.0	231.0	196.0	152.0	173.0	150.0	182.0	229.0	167.0	160.0	116.0	192.0	185.0	158.0	209.0	227.0	198.0	188.0	111.0	180.0
364.897	157.0	227.0	191.0	145.0	179.0	156.0	169.0	221.0	167.0	167.0	109.0	187.0	188.0	157.0	208.0	224.0	199.0	184.0	102.0	168.0
365.008	122.0	197.0	152.0	121.0	150.0	127.0	149.0	191.0	143.0	138.0	107.0	156.0	160.0	129.0	171.0	200.0	176.0	155.0	102.0	141.0
365.119	122.0	186.0	149.0	127.0	150.0	127.0	139.0	181.0	135.0	129.0	104.0	142.0	147.0	122.0	154.0	195.0	155.0	142.0	106.0	136.0
365.229	125.0	187.0	157.0	132.0	151.0	126.0	148.0	193.0	140.0	133.0	118.0	151.0	145.0	126.0	160.0	189.0	157.0	153.0	118.0	144.0
365.34	119.0	171.0	143.0	115.0	153.0	131.0	152.0	195.0	144.0	121.0	112.0	142.0	140.0	116.0	156.0	184.0	165.0	139.0	109.0	140.0
365.45	121.0	187.0	170.0	131.0	166.0	148.0	171.0	210.0	163.0	139.0	102.0	152.0	164.0	126.0	182.0	208.0	203.0	150.0	98.0	141.0
365.561	115.0	183.0	165.0	119.0	163.0	146.0	161.0	208.0	162.0	120.0	105.0	152.0	154.0	118.0	166.0	207.0	204.0	144.0	107.0	151.0
365.672	112.0	189.0	155.0	127.0	163.0	145.0	175.0	221.0	167.0	124.0	110.0	146.0	152.0	106.0	174.0	211.0	202.0	147.0	107.0	148.0
365.783	106.0	164.0	135.0	107.0	146.0	122.0	150.0	186.0	151.0	112.0	116.0	122.0	138.0	102.0	144.0	183.0	168.0	133.0	105.0	123.0
365.893	97.0	154.0	117.0	103.0	141.0	116.0	128.0	169.0	130.0	99.0	108.0	113.0	124.0	100.0	126.0	165.0	147.0	116.0	101.0	109.0
366.004	93.0	139.0	105.0	96.0	127.0	107.0	113.0	156.0	112.0	100.0	106.0	106.0	110.0	93.0	116.0	163.0	133.0	106.0	106.0	105.0
366.115	86.0	130.0	96.0	90.0	121.0	89.0	103.0	132.0	106.0	95.0	105.0	94.0	98.0	89.0	100.0	138.0	114.0	102.0	106.0	103.0
366.225	94.0	130.0	96.0	91.0	127.0	95.0	101.0	136.0	103.0	93.0	105.0	94.0	105.0	90.0	108.0	137.0	110.0	99.0	105.0	96.0
366.336	94.0	138.0	113.0	101.0	127.0	104.0	107.0	147.0	104.0	98.0	106.0	109.0	114.0	101.0	120.0	153.0	126.0	112.0	107.0	106.0
366.447	93.0	134.0	100.0	93.0	124.0	97.0	98.0	141.0	103.0	91.0	107.0	100.0	109.0	96.0	119.0	149.0	117.0	100.0	100.0	106.0
366.557	111.0	160.0	126.0	112.0	136.0	107.0	122.0	164.0	119.0	112.0	114.0	124.0	125.0	109.0	138.0	168.0	139.0	127.0	105.0	113.0
366.668	102.0	154.0	120.0	101.0	134.0	105.0	115.0	153.0	118.0	104.0	113.0	111.0	117.0	104.0	124.0	153.0	125.0	122.0	116.0	113.0
366.779	103.0	144.0	109.0	96.0	130.0	99.0	110.0	144.0	102.0	103.0	103.0	103.0	109.0	91.0	125.0	145.0	123.0	118.0	107.0	102.0
366.89	95.0	137.0	107.0	95.0	125.0	102.0	104.0	141.0	105.0	100.0	99.0	100.0	106.0	95.0	114.0	150.0	116.0	107.0	104.0	98.0
367.0	94.0	134.0	93.0	93.0	122.0	91.0	101.0	139.0	105.0	93.0	108.0	100.0	102.0	91.0	100.0	143.0	114.0	98.0	106.0	98.0
367.111	97.0	123.0	91.0	89.0	123.0	91.0	99.0	141.0	103.0	85.0	105.0	90.0	96.0	84.0	102.0	138.0	105.0	100.0	107.0	92.0
367.222	88.0	129.0	100.0	86.0	124.0	94.0	98.0	134.0	102.0	95.0	109.0	99.0	108.0	90.0	106.0	147.0	114.0	99.0	102.0	97.0
367.333	104.0	140.0	109.0	102.0	141.0	105.0	115.0	148.0	116.0	100.0	118.0	112.0	113.0	101.0	123.0	156.0	129.0	111.0	116.0	106.0
367.443	92.0	132.0	95.0	101.0	130.0	97.0	109.0	152.0	110.0	100.0	110.0	102.0	104.0	87.0	115.0	144.0	128.0	108.0	105.0	104.0
367.554	94.0	141.0	114.0	101.0	129.0	110.0	118.0	166.0	125.0	106.0	104.0	112.0	113.0	98.0	121.0	163.0	133.0	104.0	102.0	112.0
367.665	97.0	148.0	114.0	96.0	134.0	113.0	123.0	166.0	137.0	108.0	102.0	118.0	126.0	96.0	127.0	172.0	154.0	119.0	101.0	111.0
367.776	113.0	195.0	152.0	132.0	168.0	161.0	186.0	235.0	202.0	133.0	102.0	152.0	179.0	126.0	188.0	230.0	251.0	160.0	106.0	157.0
367.887	220.0	435.0	404.0	309.0	358.0	376.0	544.0	595.0	513.0	255.0	127.0	370.0	420.0	242.0	475.0	510.0	607.0	372.0	120.0	402.0
367.997	243.0	502.0	442.0	331.0	402.0	430.0	588.0	651.0	571.0	296.0	117.0	406.0	469.0	277.0	545.0	572.0	669.0	428.0	121.0	447.0
368.108	204.0	381.0	348.0	260.0	320.0	337.0	453.0	511.0	438.0	239.0	117.0	321.0	357.0	228.0	415.0	462.0	520.0	333.0	114.0	348.0
368.219	170.0	299.0	276.0	220.0	259.0	261.0	335.0	396.0	333.0	198.0	110.0	255.0	276.0	180.0	320.0	363.0	400.0	250.0	121.0	257.0
368.33	122.0	211.0	176.0	145.0	188.0	163.0	205.0	261.0	202.0	150.0	107.0	175.0	182.0	127.0	206.0	244.0	253.0	179.0	113.0	173.0
368.441	109.0	174.0	142.0	126.0	158.0	128.0	156.0	202.0	153.0	124.0	112.0	142.0	148.0	111.0	155.0	206.0	183.0	152.0	114.0	139.0
368.551	106.0	155.0	125.0	108.0	140.0	115.0	133.0	172.0	127.0	110.0	102.0	120.0	134.0	104.0	144.0	172.0	148.0	129.0	100.0	117.0
368.662	90.0	146.0	115.0	99.0	132.0	105.0	114.0	161.0	114.0	108.0	107.0	113.0	121.0	97.0	125.0	155.0	140.0	110.0	106.0	106.0
368.773	101.0	136.0	111.0	97.0	126.0	100.0	106.0	150.0	113.0	98.0	107.0	110.0	108.0	88.0	117.0	163.0	128.0	112.0	105.0	101.0
368.884	106.0	141.0	115.0	107.0	132.0	112.0	113.0	153.0	118.0	105.0	107.0	112.0	114.0	100.0	124.0	167.0	120.0	120.0	110.0	112.0
368.995	101.0	142.0	111.0	96.0	137.0	98.0	103.0	147.0	112.0	102.0	104.0	101.0	106.0	96.0	122.0	156.0	121.0	116.0	104.0	111.0
369.105	98.0	136.0	115.0	99.0	126.0	102.0	107.0	150.0	105.0	100.0	109.0	114.0	114.0	93.0	119.0	153.0	128.0	109.0	106.0	106.0
369.216	95.0	136.0	106.0	92.0	127.0	90.0	107.0	139.0	106.0	89.0	112.0	103.0	109.0	91.0	108.0	151.0	116.0	108.0	104.0	104.0
369.327	109.0	150.0	114.0	106.0	138.0	113.0	115.0	155.0	126.0	113.0	121.0	118.0	121.0	104.0	125.0	164.0	126.0	119.0	121.0	121.0
369.438	102.0	140.0	105.0	95.0	128.0	105.0	105.0	146.0	110.0	95.0	113.0	104.0	112.0	93.0	107.0	149.0	112.0	111.0	107.0	100.0
369.549	95.0	127.0	103.0	95.0	128.0	98.0	102.0	152.0	104.0	104.0	118.0	101.0	106.0	96.0	116.0	146.0	112.0	109.0	114.0	94.0
369.66	93.0	136.0	112.0	99.0	127.0	102.0	111.0	149.0	108.0	104.0	109.0	110.0	104.0	98.0	118.0	146.0	120.0	113.0	107.0	105.0
369.771	104.0	141.0	116.0	104.0	133.0	100.0	115.0	148.0	110.0	106.0	106.0	111.0	108.0	103.0	113.0	158.0	123.0	119.0	107.0	102.0
369.881	105.0	155.0	128.0	100.0	132.0	104.0	123.0	166.0	114.0	117.0	105.0	106.0	120.0	100.0	134.0	161.0	126.0	114.0	103.0	107.0
369.992	108.0	165.0	138.0	111.0	150.0	128.0	140.0	188.0	139.0	118.0	107.0	126.0	137.0	104.0	147.0	178.0	174.0	128.0	101.0	127.0
370.103	113.0	165.0	135.0	118.0	156.0	119.0	154.0	194.0	146.0	116.0	109.0	137.0	145.0	108.0	155.0	193.0	172.0	140.0	107.0	127.0
370.214	95.0	163.0	126.0	99.0	142.0	109.0	139.0	180.0	123.0	105.0	111.0	114.0	125.0	94.0	128.0	180.0	142.0	126.0	113.0	114.0
370.325	106.0	155.0	136.0	102.0	143.0	120.0	129.0	180.0	128.0	114.0	109.0	116.0	129.0	108.0	137.0	171.0	147.0	129.0	102.0	118.0
370.436	105.0	169.0	135.0	109.0	140.0	122.0	129.0	182.0	127.0	117.0	100.0	125.0	141.0	109.0	145.0	178.0	146.0	132.0	108.0	124.0
370.547	102.0	150.0	115.0	97.0	136.0	103.0	117.0	157.0	114.0	113.0	111.0	115.0	116.0	97.0	120.0	157.0	123.0	119.0	110.0	117.0
370.658	104.0	134.0	107.0	102.0	125.0	100.0	104.0	143.0	109.0	100.0	112.0	109.0	107.0	94.0	108.0	148.0	117.0	109.0	107.0	105.0
370.769	95.0	130.0	96.0	90.0	123.0	86.0	100.0	141.0	106.0	93.0	113.0	97.0	101.0	88.0	107.0	142.0	112.0	95.0	103.0	98.0
370.88	97.0	122.0	100.0	90.0	122.0	89.0	98.0	131.0	106.0	94.0	112.0	102.0	101.0	96.0	109.0	139.0	109.0	103.0	105.0	102.0
370.99	89.0	126.0	97.0	89.0	121.0	89.0	96.0	128.0	88.0	90.0	109.0	96.0	97.0	87.0	103.0	141.0	110.0	97.0	101.0	96.0
371.101	100.0	143.0	109.0	99.0	126.0	101.0	107.0	148.0	104.0	106.0	109.0	107.0	110.0	91.0	114.0	156.0	119.0	114.0	113.0	103.0
371.212	100.0	148.0	113.0	100.0	129.0	105.0	111.0	152.0	104.0	110.0	106.0	110.0	119.0	103.0	120.0	165.0	125.0	123.0	112.0	114.0
371.323	99.0	141.0	106.0	102.0	130.0	100.0	108.0	155.0	107.0	103.0	104.0	101.0	114.0	101.0	119.0	157.0	126.0	116.0	108.0	99.0
371.434	116.0	153.0	117.0	110.0	127.0	115.0	124.0	170.0	117.0	109.0	99.0	121.0	119.0	107.0	124.0	163.0	140.0	121.0	102.0	109.0
371.545	111.0	165.0	139.0	109.0	144.0	114.0	144.0	181.0	136.0	120.0	105.0	129.0	127.0	110.0	141.0	177.0	158.0	132.0	106.0	120.0
371.656	122.0	183.0	155.0	128.0	158.0	137.0	157.0	201.0	151.0	132.0	109.0	148.0	158.0	124.0	166.0	199.0	173.0	149.0	115.0	141.0
371.767	110.0	168.0	143.0	116.0	151.0	124.0	142.0	182.0	140.0	122.0	106.0	132.0	139.0	118.0	149.0	182.0	159.0	128.0	111.0	127.0
371.878	144.0	211.0	185.0	150.0	173.0	156.0	174.0	225.0	156.0	151.0	111.0	171.0	172.0	138.0	204.0	238.0	216.0	174.0	103.0	154.0
371.989	134.0	196.0	160.0	129.0	161.0	142.0	156.0	195.0	138.0	135.0	106.0	158.0	156.0	125.0	182.0	202.0	176.0	158.0	104.0	138.0
372.1	117.0	172.0	140.0	117.0	145.0	125.0	132.0	176.0	123.0	127.0	107.0	139.0	134.0	105.0	156.0	182.0	152.0	138.0	108.0	127.0
372.211	102.0	145.0	111.0	104.0	126.0	108.0	104.0	152.0	112.0	108.0	105.0	109.0	120.0	100.0	114.0	151.0	115.0	115.0	108.0	105.0
372.322	133.0	182.0	152.0	128.0	155.0	129.0	146.0	187.0	143.0	138.0	116.0	144.0	152.0	129.0	160.0	190.0	154.0	143.0	127.0	136.0
372.433	151.0	211.0	184.0	142.0	168.0	146.0	166.0	221.0	155.0	158.0	108.0	179.0	161.0	145.0	187.0	223.0	185.0	173.0	115.0	162.0
372.544	126.0	182.0	147.0	124.0	152.0	120.0	142.0	180.0	126.0	134.0	109.0	144.0	143.0	129.0	158.0	187.0	156.0	140.0	110.0	130.0
372.655	109.0	150.0	114.0	100.0	135.0	100.0	117.0	160.0	119.0	108.0	106.0	117.0	122.0	106.0	131.0	162.0	129.0	122.0	107.0	109.0
372.766	101.0	144.0	114.0	101.0	121.0	103.0	111.0	143.0	107.0	108.0	112.0	109.0	110.0	101.0	121.0	157.0	121.0	110.0	105.0	103.0
372.877	114.0	153.0	110.0	103.0	138.0	102.0	120.0	168.0	117.0	127.0	109.0	118.0	123.0	102.0	124.0	167.0	139.0	125.0	106.0	116.0
372.988	117.0	153.0	119.0	111.0	136.0	105.0	120.0	184.0	124.0	119.0	112.0	117.0	123.0	101.0	124.0	163.0	144.0	124.0	110.0	117.0
373.099	104.0	152.0	114.0	102.0	134.0	103.0	115.0	178.0	120.0	115.0	105.0	110.0	121.0	101.0	121.0	163.0	134.0	115.0	109.0	106.0
373.21	104.0	150.0	109.0	107.0	135.0	102.0	111.0	168.0	115.0	114.0	110.0	114.0	116.0	101.0	126.0	157.0	131.0	122.0	110.0	114.0
373.321	105.0	142.0	114.0	102.0	132.0	108.0	125.0	169.0	127.0	109.0	110.0	117.0	124.0	104.0	129.0	165.0	141.0	112.0	108.0	114.0
373.432	123.0	178.0	149.0	119.0	159.0	129.0	150.0	193.0	140.0	129.0	112.0	143.0	149.0	119.0	163.0	198.0	170.0	152.0	104.0	140.0
373.543	210.0	342.0	314.0	224.0	266.0	265.0	334.0	388.0	308.0	236.0	127.0	293.0	299.0	215.0	331.0	354.0	385.0	284.0	131.0	274.0
373.654	184.0	317.0	286.0	196.0	245.0	242.0	324.0	364.0	305.0	200.0	113.0	268.0	278.0	191.0	324.0	356.0	382.0	256.0	110.0	255.0
373.765	144.0	238.0	208.0	166.0	206.0	182.0	232.0	277.0	220.0	159.0	112.0	197.0	214.0	142.0	224.0	280.0	286.0	193.0	112.0	187.0
373.876	112.0	182.0	148.0	122.0	161.0	131.0	157.0	205.0	162.0	128.0	110.0	139.0	156.0	120.0	161.0	209.0	186.0	148.0	104.0	142.0
373.987	110.0	153.0	126.0	112.0	141.0	111.0	134.0	185.0	133.0	122.0	107.0	126.0	133.0	108.0	135.0	182.0	154.0	124.0	100.0	118.0
374.098	115.0	152.0	127.0	108.0	138.0	120.0	132.0	173.0	134.0	119.0	112.0	118.0	127.0	109.0	139.0	168.0	152.0	126.0	110.0	116.0
374.209	114.0	169.0	137.0	116.0	150.0	128.0	140.0	192.0	143.0	121.0	108.0	134.0	132.0	109.0	149.0	183.0	169.0	140.0	109.0	130.0
374.32	120.0	170.0	137.0	117.0	156.0	118.0	156.0	207.0	146.0	133.0	108.0	133.0	136.0	113.0	150.0	199.0	175.0	140.0	108.0	129.0
374.431	119.0	168.0	136.0	123.0	157.0	125.0	146.0	200.0	143.0	128.0	107.0	132.0	141.0	109.0	157.0	189.0	164.0	138.0	107.0	120.0
374.543	111.0	160.0	124.0	118.0	143.0	109.0	131.0	175.0	129.0	116.0	116.0	122.0	133.0	107.0	137.0	172.0	153.0	124.0	109.0	121.0
374.654	154.0	227.0	186.0	155.0	178.0	147.0	195.0	237.0	169.0	157.0	112.0	188.0	185.0	148.0	207.0	233.0	219.0	189.0	118.0	183.0
374.765	172.0	258.0	226.0	178.0	201.0	169.0	213.0	267.0	194.0	194.0	119.0	230.0	232.0	173.0	249.0	279.0	244.0	230.0	115.0	207.0
374.876	145.0	225.0	193.0	155.0	181.0	158.0	190.0	232.0	178.0	174.0	114.0	184.0	197.0	153.0	215.0	239.0	223.0	184.0	108.0	179.0
374.987	120.0	193.0	157.0	127.0	160.0	140.0	165.0	208.0	169.0	139.0	99.0	153.0	169.0	130.0	179.0	205.0	197.0	155.0	100.0	153.0
375.098	128.0	203.0	163.0	137.0	175.0	165.0	187.0	225.0	200.0	134.0	106.0	160.0	178.0	132.0	181.0	233.0	240.0	159.0	102.0	157.0
375.209	162.0	315.0	254.0	208.0	258.0	255.0	341.0	394.0	328.0	202.0	124.0	239.0	281.0	173.0	300.0	357.0	427.0	260.0	132.0	253.0
375.32	344.0	667.0	597.0	447.0	532.0	599.0	802.0	881.0	778.0	388.0	127.0	573.0	641.0	366.0	722.0	738.0	912.0	559.0	137.0	605.0
375.431	308.0	630.0	588.0	418.0	506.0	575.0	766.0	866.0	746.0	372.0	122.0	537.0	619.0	342.0	692.0	734.0	913.0	541.0	136.0	570.0
375.542	383.0	784.0	706.0	504.0	611.0	702.0	930.0	1057.0	901.0	429.0	116.0	654.0	740.0	426.0	849.0	856.0	1087.0	647.0	125.0	679.0
375.654	261.0	530.0	474.0	347.0	428.0	474.0	637.0	703.0	604.0	310.0	119.0	427.0	497.0	300.0	565.0	594.0	734.0	433.0	127.0	447.0
375.765	182.0	328.0	286.0	215.0	262.0	279.0	364.0	417.0	369.0	205.0	101.0	266.0	305.0	189.0	340.0	374.0	441.0	261.0	112.0	276.0
375.876	148.0	232.0	199.0	176.0	203.0	193.0	233.0	281.0	234.0	174.0	139.0	187.0	212.0	159.0	223.0	267.0	268.0	204.0	138.0	195.0
375.987	113.0	168.0	134.0	118.0	154.0	131.0	156.0	192.0	152.0	116.0	110.0	134.0	138.0	115.0	157.0	195.0	180.0	139.0	106.0	133.0
376.098	109.0	150.0	119.0	115.0	145.0	115.0	139.0	177.0	133.0	115.0	112.0	126.0	127.0	99.0	134.0	174.0	154.0	129.0	110.0	117.0
376.209	103.0	143.0	106.0	104.0	130.0	114.0	122.0	162.0	117.0	104.0	114.0	111.0	125.0	98.0	123.0	169.0	138.0	123.0	110.0	110.0
376.32	97.0	137.0	108.0	105.0	127.0	107.0	114.0	156.0	117.0	105.0	110.0	111.0	119.0	100.0	115.0	157.0	121.0	110.0	118.0	117.0
376.432	95.0	137.0	105.0	99.0	127.0	104.0	116.0	141.0	116.0	95.0	107.0	111.0	109.0	100.0	121.0	154.0	128.0	106.0	111.0	110.0
376.543	108.0	168.0	133.0	120.0	142.0	110.0	138.0	176.0	129.0	120.0	115.0	124.0	138.0	106.0	144.0	183.0	144.0	132.0	112.0	121.0
376.654	113.0	159.0	130.0	113.0	141.0	116.0	125.0	167.0	125.0	117.0	110.0	126.0	129.0	111.0	138.0	182.0	144.0	131.0	106.0	128.0
376.765	92.0	134.0	102.0	103.0	122.0	104.0	114.0	146.0	109.0	104.0	106.0	108.0	121.0	97.0	124.0	159.0	115.0	114.0	104.0	107.0
376.876	94.0	136.0	91.0	95.0	121.0	97.0	104.0	140.0	99.0	94.0	107.0	104.0	102.0	91.0	109.0	151.0	116.0	104.0	106.0	96.0
376.987	102.0	142.0	109.0	101.0	129.0	99.0	116.0	153.0	112.0	98.0	108.0	108.0	113.0	89.0	114.0	157.0	128.0	113.0	103.0	106.0
377.099	93.0	132.0	98.0	89.0	128.0	92.0	105.0	138.0	108.0	94.0	101.0	101.0	112.0	96.0	102.0	143.0	113.0	107.0	114.0	100.0
377.21	94.0	127.0	103.0	93.0	124.0	104.0	105.0	142.0	107.0	96.0	111.0	94.0	105.0	98.0	112.0	143.0	114.0	103.0	107.0	101.0
377.321	89.0	120.0	92.0	89.0	123.0	90.0	101.0	126.0	99.0	88.0	109.0	99.0	102.0	82.0	99.0	136.0	107.0	94.0	112.0	95.0
377.432	99.0	135.0	108.0	104.0	132.0	95.0	105.0	142.0	109.0	102.0	115.0	105.0	106.0	94.0	112.0	143.0	111.0	110.0	118.0	112.0
377.543	91.0	127.0	99.0	98.0	120.0	95.0	92.0	144.0	101.0	91.0	110.0	99.0	101.0	91.0	106.0	142.0	103.0	104.0	105.0	99.0
377.655	90.0	121.0	96.0	87.0	116.0	92.0	102.0	134.0	95.0	92.0	107.0	93.0	102.0	86.0	105.0	138.0	104.0	100.0	99.0	94.0
377.766	94.0	129.0	95.0	89.0	122.0	95.0	94.0	133.0	93.0	89.0	100.0	97.0	106.0	86.0	102.0	132.0	105.0	95.0	105.0	94.0
377.877	90.0	123.0	95.0	91.0	124.0	93.0	101.0	136.0	97.0	97.0	114.0	98.0	93.0	90.0	99.0	145.0	103.0	100.0	108.0	94.0
377.988	127.0	174.0	149.0	124.0	149.0	127.0	137.0	189.0	129.0	135.0	112.0	145.0	148.0	119.0	157.0	185.0	149.0	149.0	109.0	132.0
378.099	116.0	164.0	138.0	112.0	148.0	117.0	126.0	171.0	130.0	123.0	108.0	131.0	137.0	113.0	154.0	176.0	143.0	131.0	109.0	123.0
378.211	107.0	144.0	117.0	105.0	134.0	107.0	111.0	149.0	112.0	104.0	113.0	117.0	118.0	104.0	121.0	160.0	124.0	114.0	105.0	108.0
378.322	103.0	147.0	120.0	102.0	131.0	98.0	117.0	151.0	117.0	109.0	100.0	120.0	113.0	99.0	125.0	161.0	124.0	113.0	106.0	116.0
378.433	117.0	156.0	122.0	112.0	144.0	113.0	123.0	162.0	123.0	115.0	123.0	127.0	127.0	107.0	135.0	170.0	130.0	122.0	116.0	118.0
378.544	93.0	128.0	97.0	93.0	122.0	98.0	99.0	138.0	107.0	98.0	106.0	94.0	101.0	92.0	99.0	136.0	108.0	104.0	106.0	96.0
378.656	90.0	129.0	93.0	100.0	121.0	94.0	98.0	144.0	94.0	96.0	107.0	94.0	105.0	85.0	105.0	141.0	108.0	95.0	108.0	97.0
378.767	97.0	123.0	95.0	93.0	118.0	88.0	92.0	137.0	104.0	95.0	110.0	93.0	94.0	87.0	103.0	138.0	103.0	99.0	103.0	94.0
378.878	100.0	138.0	106.0	93.0	132.0	94.0	109.0	139.0	106.0	103.0	107.0	99.0	108.0	92.0	107.0	150.0	103.0	106.0	104.0	98.0
378.989	95.0	130.0	104.0	94.0	125.0	96.0	102.0	139.0	110.0	99.0	108.0	96.0	112.0	93.0	110.0	151.0	108.0	108.0	107.0	100.0
379.101	99.0	127.0	108.0	92.0	122.0	97.0	100.0	142.0	101.0	99.0	104.0	105.0	108.0	97.0	111.0	146.0	108.0	102.0	105.0	104.0
379.212	95.0	131.0	101.0	95.0	123.0	92.0	98.0	143.0	93.0	92.0	111.0	101.0	110.0	89.0	112.0	149.0	111.0	111.0	107.0	101.0
379.323	103.0	140.0	108.0	95.0	133.0	101.0	109.0	153.0	104.0	100.0	108.0	104.0	105.0	96.0	109.0	143.0	110.0	112.0	102.0	104.0
379.434	102.0	133.0	106.0	96.0	127.0	96.0	110.0	147.0	104.0	104.0	103.0	98.0	111.0	95.0	116.0	144.0	120.0	108.0	104.0	97.0
379.546	99.0	138.0	109.0	92.0	130.0	96.0	109.0	146.0	99.0	102.0	110.0	104.0	106.0	96.0	114.0	147.0	112.0	110.0	115.0	104.0
379.657	94.0	127.0	94.0	91.0	122.0	91.0	95.0	136.0	102.0	94.0	104.0	100.0	97.0	88.0	102.0	134.0	104.0	100.0	110.0	97.0
379.768	98.0	128.0	91.0	90.0	124.0	89.0	97.0	132.0	97.0	92.0	105.0	101.0	98.0	80.0	99.0	142.0	97.0	96.0	105.0	88.0
379.88	97.0	120.0	98.0	88.0	122.0	95.0	90.0	132.0	102.0	97.0	104.0	96.0	101.0	88.0	109.0	143.0	101.0	96.0	100.0	100.0
379.991	96.0	136.0	117.0	94.0	125.0	98.0	106.0	136.0	106.0	93.0	111.0	102.0	115.0	103.0	110.0	145.0	112.0	108.0	104.0	97.0
380.102	90.0	138.0	97.0	97.0	123.0	96.0	101.0	140.0	97.0	97.0	108.0	99.0	113.0	94.0	112.0	150.0	106.0	99.0	110.0	101.0
380.213	98.0	132.0	92.0	94.0	128.0	93.0	104.0	140.0	98.0	92.0	112.0	105.0	105.0	92.0	112.0	147.0	112.0	107.0	102.0	93.0
380.325	92.0	123.0	100.0	90.0	123.0	91.0	100.0	135.0	100.0	95.0	101.0	96.0	98.0	89.0	105.0	140.0	99.0	101.0	103.0	88.0
380.436	91.0	128.0	104.0	95.0	125.0	97.0	102.0	127.0	101.0	92.0	107.0	94.0	105.0	90.0	105.0	134.0	106.0	98.0	106.0	98.0
380.547	93.0	134.0	102.0	96.0	119.0	94.0	100.0	135.0	103.0	97.0	109.0	104.0	103.0	92.0	104.0	149.0	115.0	105.0	102.0	96.0
380.659	100.0	135.0	103.0	98.0	126.0	97.0	110.0	138.0	108.0	106.0	113.0	102.0	101.0	92.0	111.0	149.0	119.0	116.0	101.0	104.0
380.77	105.0	144.0	115.0	96.0	130.0	102.0	114.0	156.0	112.0	105.0	107.0	111.0	125.0	98.0	122.0	159.0	124.0	114.0	104.0	108.0
380.881	102.0	148.0	123.0	100.0	137.0	112.0	119.0	163.0	122.0	109.0	103.0	115.0	123.0	106.0	127.0	170.0	135.0	125.0	104.0	115.0
380.993	104.0	146.0	106.0	100.0	131.0	105.0	109.0	158.0	110.0	102.0	112.0	106.0	121.0	96.0	113.0	156.0	139.0	109.0	108.0	105.0
381.104	107.0	146.0	111.0	109.0	140.0	102.0	121.0	161.0	112.0	105.0	110.0	118.0	121.0	104.0	125.0	164.0	136.0	114.0	106.0	112.0
381.215	100.0	143.0	110.0	105.0	129.0	95.0	108.0	151.0	104.0	108.0	105.0	110.0	111.0	101.0	120.0	155.0	118.0	118.0	102.0	106.0
381.327	96.0	144.0	110.0	101.0	125.0	98.0	106.0	149.0	108.0	104.0	104.0	105.0	118.0	94.0	120.0	151.0	119.0	107.0	103.0	105.0
381.438	107.0	149.0	116.0	108.0	133.0	106.0	113.0	166.0	111.0	115.0	106.0	111.0	113.0	100.0	122.0	163.0	133.0	115.0	106.0	109.0
381.549	108.0	153.0	124.0	105.0	131.0	101.0	114.0	164.0	116.0	113.0	106.0	117.0	112.0	100.0	120.0	168.0	131.0	118.0	98.0	107.0
381.661	113.0	149.0	118.0	104.0	132.0	111.0	118.0	155.0	108.0	110.0	102.0	118.0	122.0	106.0	122.0	170.0	130.0	120.0	102.0	116.0
381.772	102.0	138.0	107.0	93.0	130.0	96.0	103.0	147.0	106.0	103.0	105.0	99.0	115.0	97.0	117.0	146.0	117.0	117.0	109.0	109.0
381.883	115.0	144.0	108.0	102.0	132.0	107.0	122.0	157.0	105.0	106.0	111.0	110.0	113.0	98.0	116.0	163.0	126.0	114.0	115.0	112.0
381.995	116.0	145.0	111.0	110.0	136.0	102.0	115.0	170.0	113.0	119.0	101.0	112.0	119.0	105.0	122.0	165.0	135.0	112.0	105.0	113.0
382.106	111.0	154.0	118.0	104.0	138.0	101.0	111.0	160.0	111.0	115.0	113.0	113.0	123.0	98.0	128.0	160.0	133.0	116.0	104.0	109.0
382.218	113.0	173.0	141.0	115.0	146.0	120.0	135.0	181.0	122.0	129.0	105.0	127.0	142.0	118.0	155.0	176.0	157.0	131.0	110.0	124.0
382.329	104.0	158.0	124.0	108.0	130.0	108.0	110.0	161.0	120.0	108.0	104.0	117.0	119.0	101.0	133.0	169.0	126.0	119.0	106.0	116.0
382.44	109.0	140.0	112.0	100.0	137.0	100.0	112.0	149.0	114.0	102.0	105.0	113.0	112.0	101.0	117.0	161.0	125.0	111.0	104.0	109.0
382.552	94.0	136.0	105.0	102.0	125.0	101.0	99.0	147.0	106.0	99.0	103.0	107.0	104.0	96.0	114.0	146.0	113.0	107.0	106.0	102.0
382.663	111.0	142.0	121.0	101.0	136.0	109.0	110.0	156.0	119.0	108.0	103.0	112.0	119.0	108.0	128.0	162.0	124.0	121.0	105.0	109.0
382.775	112.0	172.0	144.0	116.0	146.0	117.0	128.0	171.0	120.0	112.0	110.0	122.0	141.0	105.0	147.0	184.0	144.0	136.0	107.0	122.0
382.886	110.0	157.0	122.0	105.0	148.0	106.0	124.0	168.0	110.0	110.0	104.0	122.0	125.0	110.0	136.0	170.0	135.0	120.0	107.0	111.0
382.997	110.0	155.0	132.0	105.0	146.0	120.0	124.0	167.0	125.0	108.0	102.0	124.0	127.0	109.0	141.0	174.0	147.0	133.0	96.0	118.0
383.109	100.0	147.0	128.0	102.0	142.0	104.0	113.0	156.0	117.0	106.0	107.0	113.0	125.0	108.0	130.0	164.0	133.0	126.0	103.0	106.0
383.22	95.0	138.0	118.0	100.0	136.0	101.0	101.0	149.0	105.0	108.0	115.0	103.0	108.0	97.0	124.0	149.0	117.0	107.0	117.0	107.0
383.332	104.0	136.0	103.0	103.0	135.0	104.0	106.0	148.0	110.0	102.0	109.0	111.0	105.0	99.0	118.0	154.0	119.0	114.0	104.0	106.0
383.443	113.0	152.0	115.0	114.0	136.0	107.0	115.0	158.0	119.0	117.0	124.0	121.0	130.0	109.0	125.0	164.0	129.0	124.0	119.0	123.0
383.554	110.0	139.0	109.0	95.0	129.0	97.0	109.0	152.0	106.0	110.0	106.0	105.0	116.0	101.0	117.0	155.0	122.0	117.0	107.0	111.0
383.666	102.0	134.0	106.0	99.0	126.0	99.0	104.0	146.0	103.0	98.0	104.0	111.0	110.0	92.0	111.0	148.0	113.0	109.0	109.0	103.0
383.777	96.0	133.0	102.0	96.0	129.0	95.0	106.0	145.0	102.0	103.0	103.0	98.0	107.0	92.0	105.0	148.0	113.0	105.0	108.0	106.0
383.889	102.0	138.0	108.0	104.0	136.0	91.0	101.0	147.0	111.0	100.0	108.0	104.0	108.0	101.0	117.0	158.0	117.0	114.0	108.0	108.0
384.0	102.0	140.0	125.0	105.0	132.0	101.0	109.0	150.0	109.0	105.0	112.0	112.0	116.0	101.0	123.0	157.0	124.0	124.0	112.0	107.0
384.112	111.0	147.0	114.0	108.0	140.0	107.0	105.0	152.0	114.0	105.0	113.0	115.0	123.0	103.0	121.0	161.0	128.0	121.0	108.0	110.0
384.223	101.0	148.0	103.0	104.0	137.0	98.0	110.0	146.0	103.0	98.0	108.0	107.0	112.0	98.0	115.0	153.0	124.0	117.0	108.0	111.0
384.335	112.0	145.0	103.0	106.0	138.0	108.0	111.0	155.0	106.0	105.0	115.0	108.0	116.0	107.0	124.0	156.0	118.0	117.0	110.0	112.0
384.446	113.0	143.0	111.0	105.0	132.0	105.0	104.0	158.0	109.0	111.0	105.0	117.0	122.0	109.0	121.0	160.0	123.0	122.0	102.0	111.0
384.558	112.0	144.0	116.0	106.0	141.0	100.0	111.0	145.0	111.0	106.0	113.0	111.0	120.0	100.0	121.0	159.0	126.0	122.0	116.0	111.0
384.669	110.0	163.0	124.0	113.0	145.0	113.0	117.0	166.0	120.0	115.0	118.0	124.0	131.0	110.0	132.0	177.0	141.0	122.0	110.0	125.0
384.78	133.0	176.0	152.0	127.0	155.0	125.0	132.0	186.0	130.0	126.0	111.0	137.0	139.0	122.0	160.0	193.0	156.0	142.0	104.0	137.0
384.892	114.0	155.0	129.0	108.0	146.0	112.0	118.0	154.0	116.0	119.0	111.0	114.0	126.0	110.0	131.0	174.0	129.0	130.0	105.0	117.0
385.003	132.0	170.0	147.0	133.0	164.0	138.0	137.0	184.0	149.0	143.0	128.0	138.0	152.0	121.0	152.0	191.0	150.0	145.0	138.0	137.0
385.115	125.0	165.0	138.0	116.0	144.0	118.0	124.0	170.0	126.0	116.0	107.0	127.0	126.0	109.0	134.0	179.0	142.0	128.0	105.0	118.0
385.226	116.0	167.0	142.0	120.0	148.0	117.0	118.0	173.0	116.0	126.0	112.0	133.0	133.0	116.0	146.0	185.0	144.0	136.0	108.0	133.0
385.338	121.0	163.0	123.0	117.0	146.0	111.0	124.0	167.0	121.0	127.0	112.0	123.0	124.0	106.0	139.0	171.0	138.0	129.0	108.0	119.0
385.449	141.0	173.0	153.0	127.0	166.0	134.0	148.0	184.0	145.0	140.0	137.0	144.0	156.0	131.0	156.0	189.0	169.0	143.0	126.0	136.0
385.561	115.0	153.0	129.0	113.0	147.0	108.0	114.0	158.0	115.0	114.0	113.0	122.0	126.0	109.0	135.0	166.0	137.0	130.0	114.0	114.0
385.672	120.0	165.0	134.0	121.0	145.0	117.0	125.0	169.0	129.0	124.0	107.0	128.0	138.0	113.0	140.0	181.0	150.0	134.0	107.0	125.0
385.784	111.0	157.0	123.0	109.0	143.0	111.0	114.0	152.0	123.0	114.0	106.0	118.0	131.0	111.0	138.0	167.0	136.0	130.0	108.0	118.0
385.895	100.0	149.0	125.0	111.0	140.0	106.0	116.0	158.0	113.0	109.0	110.0	121.0	124.0	101.0	134.0	165.0	132.0	124.0	109.0	119.0
386.007	118.0	166.0	142.0	126.0	155.0	111.0	135.0	177.0	124.0	122.0	105.0	135.0	137.0	112.0	156.0	188.0	150.0	141.0	106.0	127.0
386.118	117.0	169.0	141.0	116.0	149.0	119.0	128.0	173.0	120.0	125.0	111.0	132.0	138.0	112.0	149.0	184.0	151.0	148.0	108.0	129.0
386.23	125.0	186.0	164.0	129.0	154.0	127.0	139.0	183.0	136.0	127.0	109.0	142.0	154.0	126.0	175.0	203.0	163.0	147.0	108.0	149.0
386.342	125.0	179.0	156.0	120.0	153.0	123.0	135.0	181.0	140.0	126.0	104.0	148.0	153.0	125.0	164.0	192.0	164.0	147.0	104.0	133.0
386.453	111.0	161.0	130.0	115.0	142.0	106.0	122.0	153.0	113.0	112.0	107.0	121.0	122.0	108.0	134.0	166.0	132.0	126.0	112.0	123.0
386.565	115.0	154.0	125.0	113.0	141.0	106.0	123.0	156.0	118.0	113.0	108.0	123.0	134.0	110.0	129.0	171.0	138.0	120.0	100.0	117.0
386.676	121.0	160.0	132.0	114.0	139.0	114.0	121.0	168.0	127.0	120.0	109.0	124.0	133.0	108.0	143.0	169.0	141.0	126.0	108.0	116.0
386.788	97.0	157.0	130.0	112.0	143.0	115.0	118.0	163.0	119.0	115.0	105.0	116.0	132.0	108.0	142.0	172.0	140.0	134.0	111.0	115.0
386.899	112.0	169.0	141.0	122.0	154.0	119.0	133.0	175.0	121.0	120.0	111.0	135.0	140.0	116.0	155.0	191.0	151.0	142.0	105.0	126.0
387.011	109.0	156.0	123.0	106.0	141.0	107.0	111.0	153.0	115.0	114.0	104.0	126.0	126.0	112.0	134.0	177.0	131.0	117.0	107.0	119.0
387.122	107.0	154.0	123.0	109.0	138.0	102.0	122.0	158.0	117.0	115.0	103.0	123.0	125.0	105.0	133.0	174.0	128.0	117.0	100.0	112.0
387.234	106.0	143.0	116.0	103.0	133.0	102.0	108.0	151.0	113.0	109.0	107.0	116.0	123.0	102.0	124.0	158.0	121.0	117.0	107.0	111.0
387.345	140.0	184.0	148.0	139.0	172.0	138.0	143.0	182.0	139.0	144.0	140.0	145.0	156.0	130.0	154.0	194.0	151.0	146.0	133.0	138.0
387.457	116.0	172.0	147.0	111.0	145.0	115.0	130.0	165.0	123.0	127.0	106.0	133.0	141.0	118.0	146.0	179.0	141.0	138.0	112.0	129.0
387.569	155.0	226.0	226.0	156.0	186.0	164.0	173.0	229.0	166.0	173.0	103.0	183.0	193.0	164.0	219.0	245.0	222.0	194.0	108.0	168.0
387.68	168.0	251.0	243.0	167.0	202.0	186.0	185.0	258.0	172.0	178.0	113.0	196.0	211.0	168.0	242.0	260.0	245.0	211.0	116.0	181.0
387.792	123.0	177.0	161.0	124.0	168.0	130.0	141.0	183.0	133.0	127.0	114.0	147.0	148.0	125.0	166.0	203.0	168.0	150.0	113.0	137.0
387.903	102.0	144.0	113.0	99.0	131.0	97.0	107.0	152.0	105.0	101.0	111.0	111.0	121.0	101.0	120.0	158.0	120.0	118.0	111.0	108.0
388.015	106.0	148.0	114.0	105.0	141.0	98.0	116.0	160.0	111.0	104.0	106.0	121.0	118.0	103.0	125.0	161.0	123.0	110.0	106.0	109.0
388.127	90.0	134.0	107.0	92.0	135.0	95.0	99.0	145.0	108.0	102.0	102.0	107.0	113.0	98.0	119.0	143.0	123.0	112.0	102.0	100.0
388.238	97.0	140.0	107.0	90.0	129.0	97.0	107.0	138.0	99.0	100.0	110.0	108.0	109.0	94.0	113.0	152.0	119.0	102.0	110.0	102.0
388.35	100.0	133.0	100.0	97.0	132.0	95.0	104.0	139.0	104.0	90.0	112.0	100.0	110.0	93.0	105.0	146.0	118.0	101.0	106.0	100.0
388.461	91.0	126.0	94.0	90.0	119.0	90.0	98.0	140.0	102.0	95.0	99.0	96.0	107.0	93.0	113.0	148.0	110.0	94.0	97.0	98.0
388.573	93.0	125.0	104.0	89.0	129.0	96.0	103.0	138.0	108.0	94.0	102.0	100.0	110.0	95.0	114.0	141.0	103.0	102.0	99.0	94.0
388.685	87.0	130.0	102.0	95.0	126.0	93.0	98.0	134.0	98.0	92.0	112.0	99.0	99.0	92.0	102.0	145.0	105.0	101.0	110.0	103.0
388.796	96.0	140.0	115.0	109.0	132.0	104.0	115.0	143.0	108.0	101.0	109.0	110.0	104.0	92.0	113.0	158.0	123.0	108.0	113.0	112.0
388.908	108.0	154.0	126.0	112.0	141.0	112.0	116.0	163.0	121.0	109.0	112.0	121.0	126.0	103.0	134.0	168.0	133.0	125.0	112.0	121.0
389.019	96.0	133.0	110.0	98.0	125.0	106.0	105.0	145.0	109.0	101.0	105.0	108.0	115.0	94.0	121.0	150.0	122.0	113.0	110.0	104.0
389.131	90.0	126.0	105.0	95.0	126.0	102.0	107.0	148.0	100.0	95.0	103.0	102.0	109.0	93.0	113.0	148.0	117.0	105.0	110.0	100.0
389.243	92.0	146.0	109.0	101.0	134.0	107.0	119.0	155.0	118.0	99.0	112.0	108.0	118.0	94.0	117.0	164.0	127.0	110.0	102.0	107.0
389.354	121.0	199.0	168.0	131.0	172.0	153.0	181.0	234.0	181.0	133.0	101.0	158.0	164.0	130.0	187.0	221.0	217.0	156.0	102.0	156.0
389.466	161.0	294.0	262.0	179.0	245.0	245.0	282.0	346.0	276.0	187.0	111.0	236.0	257.0	172.0	287.0	303.0	339.0	218.0	108.0	231.0
389.578	113.0	180.0	144.0	120.0	159.0	142.0	157.0	200.0	158.0	118.0	107.0	137.0	145.0	108.0	157.0	201.0	188.0	136.0	109.0	133.0
389.689	90.0	139.0	106.0	97.0	130.0	100.0	114.0	150.0	111.0	94.0	111.0	109.0	113.0	92.0	117.0	158.0	128.0	110.0	106.0	109.0
389.801	112.0	171.0	141.0	121.0	148.0	116.0	133.0	181.0	135.0	127.0	116.0	140.0	147.0	116.0	148.0	190.0	153.0	139.0	114.0	139.0
389.912	122.0	172.0	144.0	120.0	158.0	123.0	137.0	179.0	137.0	128.0	120.0	143.0	152.0	121.0	152.0	187.0	147.0	147.0	114.0	134.0
390.024	96.0	136.0	116.0	99.0	129.0	97.0	104.0	145.0	106.0	98.0	107.0	105.0	107.0	97.0	114.0	146.0	118.0	105.0	107.0	102.0
390.136	88.0	128.0	100.0	90.0	125.0	91.0	98.0	141.0	104.0	88.0	107.0	102.0	100.0	92.0	105.0	142.0	103.0	89.0	100.0	98.0
390.247	92.0	125.0	91.0	94.0	125.0	98.0	105.0	135.0	100.0	93.0	103.0	96.0	106.0	93.0	106.0	148.0	102.0	98.0	101.0	96.0
390.359	89.0	121.0	97.0	87.0	125.0	90.0	98.0	140.0	101.0	96.0	104.0	99.0	103.0	91.0	103.0	133.0	105.0	103.0	103.0	90.0
390.471	88.0	135.0	105.0	99.0	123.0	103.0	106.0	142.0	108.0	102.0	104.0	97.0	104.0	95.0	108.0	149.0	115.0	101.0	105.0	105.0
390.582	93.0	145.0	117.0	98.0	137.0	114.0	118.0	159.0	121.0	103.0	109.0	113.0	115.0	94.0	119.0	162.0	129.0	113.0	109.0	108.0
390.694	132.0	213.0	190.0	141.0	186.0	176.0	205.0	258.0	197.0	144.0	106.0	181.0	184.0	137.0	206.0	230.0	233.0	160.0	106.0	171.0
390.806	124.0	196.0	179.0	137.0	174.0	151.0	183.0	238.0	182.0	131.0	107.0	160.0	175.0	130.0	193.0	221.0	216.0	167.0	110.0	153.0
390.918	102.0	152.0	116.0	98.0	138.0	108.0	122.0	152.0	121.0	108.0	107.0	116.0	126.0	97.0	132.0	166.0	145.0	121.0	107.0	108.0
391.029	103.0	146.0	110.0	100.0	131.0	107.0	115.0	152.0	113.0	98.0	109.0	108.0	112.0	94.0	119.0	157.0	129.0	110.0	112.0	110.0
391.141	101.0	131.0	100.0	105.0	127.0	97.0	106.0	140.0	101.0	93.0	108.0	105.0	107.0	92.0	106.0	154.0	114.0	102.0	102.0	105.0
391.253	92.0	130.0	96.0	91.0	132.0	93.0	102.0	141.0	106.0	95.0	107.0	101.0	108.0	95.0	111.0	142.0	100.0	105.0	104.0	100.0
391.364	91.0	125.0	103.0	90.0	131.0	92.0	101.0	146.0	104.0	93.0	109.0	96.0	106.0	94.0	103.0	147.0	106.0	103.0	107.0	99.0
391.476	100.0	136.0	109.0	98.0	131.0	101.0	104.0	151.0	106.0	101.0	112.0	108.0	111.0	96.0	112.0	150.0	123.0	110.0	107.0	107.0
391.588	96.0	127.0	97.0	99.0	126.0	91.0	110.0	144.0	103.0	97.0	106.0	99.0	108.0	92.0	112.0	149.0	103.0	102.0	106.0	98.0
391.699	96.0	127.0	98.0	88.0	126.0	94.0	96.0	141.0	103.0	97.0	105.0	102.0	104.0	94.0	104.0	145.0	104.0	101.0	98.0	101.0
391.811	107.0	162.0	127.0	106.0	144.0	112.0	122.0	170.0	119.0	118.0	111.0	121.0	133.0	118.0	129.0	172.0	130.0	134.0	106.0	118.0
391.923	102.0	144.0	117.0	97.0	129.0	106.0	109.0	149.0	106.0	99.0	107.0	107.0	115.0	94.0	119.0	154.0	121.0	110.0	109.0	105.0
392.035	94.0	134.0	96.0	98.0	126.0	97.0	106.0	145.0	110.0	93.0	104.0	111.0	108.0	98.0	113.0	150.0	108.0	102.0	106.0	105.0
392.146	97.0	127.0	95.0	96.0	127.0	99.0	96.0	140.0	98.0	99.0	102.0	97.0	108.0	93.0	109.0	142.0	108.0	104.0	110.0	93.0
392.258	102.0	135.0	111.0	106.0	135.0	102.0	107.0	148.0	113.0	107.0	119.0	108.0	111.0	104.0	121.0	152.0	106.0	118.0	115.0	107.0
392.37	119.0	163.0	135.0	121.0	151.0	119.0	125.0	178.0	127.0	122.0	123.0	130.0	126.0	115.0	141.0	173.0	141.0	143.0	116.0	130.0
392.481	95.0	132.0	105.0	96.0	133.0	98.0	101.0	154.0	107.0	102.0	109.0	104.0	98.0	93.0	112.0	152.0	113.0	105.0	101.0	108.0
392.593	104.0	126.0	101.0	101.0	128.0	103.0	113.0	180.0	120.0	97.0	111.0	107.0	118.0	94.0	117.0	151.0	114.0	103.0	106.0	104.0
392.705	162.0	170.0	133.0	141.0	159.0	140.0	149.0	290.0	146.0	134.0	114.0	162.0	164.0	127.0	127.0	179.0	152.0	127.0	107.0	117.0
392.817	144.0	160.0	125.0	125.0	149.0	132.0	136.0	248.0	128.0	106.0	107.0	136.0	147.0	116.0	125.0	169.0	135.0	116.0	104.0	105.0
392.928	105.0	129.0	97.0	99.0	126.0	101.0	104.0	170.0	102.0	94.0	111.0	110.0	111.0	92.0	104.0	147.0	112.0	100.0	100.0	97.0
393.04	105.0	126.0	88.0	92.0	125.0	89.0	92.0	152.0	95.0	94.0	109.0	99.0	107.0	93.0	100.0	137.0	105.0	99.0	107.0	97.0
393.152	91.0	124.0	96.0	93.0	123.0	94.0	93.0	134.0	95.0	88.0	105.0	95.0	98.0	86.0	104.0	136.0	98.0	98.0	106.0	99.0
393.264	86.0	121.0	86.0	87.0	118.0	90.0	93.0	130.0	93.0	88.0	106.0	92.0	94.0	84.0	95.0	131.0	99.0	97.0	108.0	94.0
393.375	91.0	114.0	87.0	84.0	119.0	81.0	86.0	126.0	98.0	85.0	109.0	86.0	88.0	81.0	91.0	129.0	92.0	89.0	103.0	90.0
393.487	93.0	116.0	88.0	87.0	116.0	86.0	90.0	131.0	95.0	89.0	101.0	91.0	94.0	85.0	90.0	136.0	91.0	97.0	103.0	89.0
393.599	88.0	113.0	84.0	82.0	120.0	85.0	85.0	131.0	95.0	88.0	106.0	88.0	94.0	84.0	92.0	124.0	94.0	92.0	106.0	88.0
393.711	91.0	126.0	101.0	90.0	117.0	96.0	96.0	143.0	98.0	93.0	109.0	96.0	98.0	92.0	105.0	134.0	102.0	95.0	114.0	93.0
393.823	91.0	128.0	94.0	89.0	117.0	89.0	99.0	149.0	98.0	89.0	103.0	92.0	100.0	86.0	98.0	133.0	94.0	94.0	103.0	95.0
393.934	89.0	118.0	83.0	88.0	117.0	82.0	94.0	136.0	101.0	91.0	107.0	90.0	95.0	87.0	98.0	135.0	103.0	93.0	105.0	92.0
394.046	92.0	134.0	100.0	94.0	124.0	91.0	98.0	134.0	94.0	96.0	102.0	97.0	103.0	96.0	111.0	144.0	109.0	111.0	103.0	95.0
394.158	116.0	169.0	134.0	119.0	149.0	118.0	131.0	171.0	121.0	117.0	112.0	128.0	124.0	112.0	140.0	170.0	139.0	135.0	113.0	134.0
394.27	120.0	172.0	135.0	116.0	144.0	118.0	126.0	173.0	122.0	126.0	112.0	133.0	135.0	121.0	143.0	177.0	139.0	132.0	104.0	128.0
394.381	97.0	127.0	99.0	92.0	119.0	92.0	96.0	137.0	99.0	89.0	105.0	97.0	99.0	96.0	105.0	134.0	103.0	103.0	107.0	104.0
394.493	88.0	113.0	90.0	78.0	118.0	84.0	88.0	123.0	88.0	88.0	104.0	85.0	90.0	82.0	98.0	129.0	94.0	90.0	104.0	88.0
394.605	83.0	113.0	88.0	86.0	114.0	87.0	89.0	122.0	86.0	85.0	108.0	91.0	99.0	81.0	90.0	127.0	98.0	89.0	102.0	89.0
394.717	118.0	150.0	115.0	111.0	149.0	115.0	118.0	151.0	108.0	113.0	132.0	114.0	123.0	114.0	120.0	158.0	129.0	117.0	126.0	119.0
394.829	88.0	120.0	93.0	85.0	124.0	91.0	92.0	130.0	94.0	97.0	105.0	97.0	102.0	90.0	97.0	138.0	94.0	92.0	106.0	92.0
394.94	111.0	154.0	122.0	109.0	139.0	116.0	114.0	165.0	120.0	120.0	106.0	119.0	126.0	112.0	138.0	173.0	129.0	122.0	106.0	123.0
395.052	105.0	162.0	135.0	107.0	138.0	113.0	124.0	157.0	116.0	109.0	105.0	124.0	121.0	116.0	134.0	172.0	130.0	124.0	104.0	120.0
395.164	120.0	181.0	143.0	128.0	151.0	125.0	142.0	182.0	129.0	129.0	114.0	149.0	140.0	120.0	152.0	180.0	149.0	151.0	109.0	139.0
395.276	109.0	147.0	118.0	104.0	141.0	107.0	123.0	154.0	115.0	117.0	113.0	123.0	117.0	102.0	120.0	156.0	122.0	113.0	108.0	114.0
395.388	97.0	132.0	99.0	92.0	128.0	91.0	96.0	140.0	105.0	98.0	101.0	104.0	105.0	96.0	114.0	147.0	103.0	100.0	105.0	99.0
395.5	96.0	136.0	108.0	88.0	123.0	99.0	99.0	151.0	102.0	101.0	106.0	103.0	105.0	90.0	112.0	148.0	109.0	98.0	108.0	98.0
395.611	104.0	148.0	107.0	102.0	129.0	105.0	106.0	153.0	107.0	111.0	115.0	111.0	107.0	94.0	117.0	151.0	119.0	110.0	101.0	112.0
395.723	100.0	143.0	109.0	98.0	133.0	99.0	109.0	153.0	109.0	106.0	108.0	109.0	120.0	100.0	120.0	150.0	118.0	111.0	104.0	105.0
395.835	91.0	132.0	105.0	93.0	128.0	89.0	94.0	137.0	98.0	96.0	102.0	104.0	108.0	101.0	107.0	140.0	102.0	108.0	98.0	98.0
395.947	88.0	119.0	91.0	88.0	122.0	90.0	94.0	127.0	95.0	94.0	109.0	91.0	96.0	85.0	91.0	126.0	99.0	97.0	107.0	86.0
396.059	85.0	122.0	89.0	87.0	117.0	85.0	91.0	144.0	96.0	86.0	105.0	90.0	100.0	81.0	89.0	128.0	99.0	88.0	105.0	90.0
396.171	120.0	139.0	103.0	111.0	136.0	120.0	123.0	215.0	108.0	107.0	119.0	121.0	124.0	97.0	106.0	151.0	108.0	103.0	108.0	101.0
396.282	98.0	127.0	91.0	96.0	126.0	93.0	91.0	172.0	99.0	95.0	109.0	95.0	102.0	89.0	92.0	128.0	96.0	92.0	104.0	91.0
396.394	91.0	120.0	87.0	83.0	122.0	89.0	90.0	134.0	96.0	89.0	114.0	95.0	94.0	83.0	98.0	136.0	105.0	92.0	111.0	91.0
396.506	90.0	122.0	89.0	90.0	122.0	91.0	90.0	128.0	94.0	83.0	105.0	91.0	92.0	83.0	85.0	129.0	99.0	86.0	106.0	89.0
396.618	86.0	111.0	79.0	84.0	119.0	84.0	85.0	125.0	88.0	80.0	105.0	91.0	86.0	79.0	90.0	123.0	84.0	90.0	96.0	85.0
396.73	87.0	115.0	83.0	89.0	125.0	81.0	91.0	133.0	92.0	86.0	103.0	89.0	92.0	83.0	94.0	124.0	99.0	94.0	104.0	84.0
396.842	82.0	118.0	84.0	88.0	114.0	82.0	85.0	118.0	82.0	79.0	106.0	80.0	87.0	76.0	86.0	117.0	89.0	89.0	101.0	85.0
396.954	76.0	120.0	88.0	83.0	122.0	88.0	87.0	122.0	92.0	88.0	113.0	85.0	87.0	81.0	90.0	121.0	90.0	91.0	107.0	82.0
397.065	85.0	120.0	89.0	89.0	125.0	85.0	99.0	131.0	91.0	91.0	105.0	95.0	94.0	87.0	89.0	125.0	89.0	96.0	102.0	91.0
397.177	81.0	118.0	82.0	88.0	118.0	85.0	88.0	122.0	92.0	90.0	110.0	88.0	93.0	90.0	88.0	124.0	91.0	90.0	109.0	89.0
397.289	86.0	117.0	86.0	83.0	116.0	89.0	84.0	119.0	86.0	87.0	106.0	84.0	89.0	82.0	94.0	120.0	91.0	92.0	109.0	80.0
397.401	86.0	126.0	94.0	86.0	125.0	93.0	91.0	132.0	96.0	86.0	113.0	98.0	98.0	90.0	96.0	132.0	104.0	93.0	111.0	96.0
397.513	109.0	157.0	120.0	113.0	136.0	112.0	121.0	160.0	113.0	112.0	106.0	125.0	122.0	112.0	131.0	155.0	121.0	128.0	102.0	119.0
397.625	105.0	139.0	111.0	107.0	134.0	101.0	107.0	149.0	113.0	107.0	98.0	116.0	114.0	104.0	116.0	148.0	122.0	118.0	99.0	111.0
397.737	84.0	120.0	94.0	90.0	122.0	90.0	90.0	134.0	89.0	88.0	103.0	91.0	94.0	87.0	106.0	133.0	96.0	100.0	105.0	92.0
397.849	81.0	122.0	92.0	82.0	120.0	83.0	89.0	125.0	86.0	86.0	101.0	92.0	85.0	84.0	91.0	126.0	91.0	95.0	104.0	88.0
397.961	85.0	115.0	93.0	87.0	118.0	85.0	93.0	127.0	90.0	86.0	109.0	95.0	91.0	84.0	97.0	127.0	93.0	98.0	107.0	89.0
398.072	89.0	113.0	93.0	83.0	117.0	90.0	96.0	125.0	91.0	88.0	103.0	92.0	90.0	85.0	95.0	122.0	90.0	89.0	101.0	88.0
398.184	88.0	127.0	92.0	86.0	118.0	91.0	91.0	130.0	95.0	89.0	108.0	99.0	98.0	87.0	99.0	132.0	94.0	96.0	104.0	92.0
398.296	114.0	154.0	125.0	112.0	136.0	104.0	116.0	155.0	117.0	112.0	109.0	121.0	117.0	109.0	128.0	158.0	133.0	121.0	111.0	115.0
398.408	98.0	138.0	105.0	96.0	132.0	98.0	103.0	142.0	102.0	107.0	115.0	108.0	109.0	101.0	113.0	141.0	116.0	114.0	103.0	104.0
398.52	87.0	123.0	92.0	89.0	119.0	83.0	88.0	123.0	85.0	86.0	109.0	92.0	94.0	88.0	91.0	126.0	95.0	95.0	103.0	88.0
398.632	87.0	127.0	94.0	90.0	123.0	87.0	89.0	128.0	99.0	91.0	104.0	88.0	96.0	82.0	98.0	123.0	97.0	95.0	104.0	83.0
398.744	84.0	122.0	92.0	85.0	121.0	88.0	90.0	128.0	90.0	90.0	106.0	86.0	93.0	89.0	94.0	121.0	103.0	89.0	101.0	89.0
398.856	111.0	146.0	109.0	106.0	142.0	115.0	112.0	151.0	118.0	111.0	129.0	117.0	122.0	114.0	117.0	150.0	113.0	119.0	121.0	119.0
398.968	95.0	124.0	95.0	91.0	124.0	90.0	95.0	133.0	102.0	93.0	107.0	101.0	96.0	91.0	107.0	131.0	94.0	101.0	106.0	95.0
399.08	110.0	142.0	111.0	106.0	136.0	105.0	102.0	148.0	112.0	108.0	115.0	112.0	115.0	104.0	115.0	141.0	113.0	112.0	115.0	107.0
399.192	109.0	155.0	133.0	109.0	142.0	112.0	123.0	165.0	111.0	108.0	111.0	120.0	126.0	108.0	130.0	164.0	136.0	122.0	110.0	119.0
399.304	103.0	146.0	115.0	95.0	135.0	107.0	106.0	151.0	108.0	103.0	111.0	114.0	108.0	104.0	124.0	148.0	115.0	112.0	102.0	114.0
399.415	93.0	129.0	91.0	97.0	129.0	92.0	96.0	136.0	104.0	95.0	116.0	96.0	100.0	100.0	103.0	133.0	98.0	101.0	118.0	96.0
399.527	83.0	119.0	93.0	86.0	115.0	86.0	92.0	125.0	93.0	83.0	99.0	83.0	93.0	78.0	93.0	117.0	88.0	88.0	112.0	85.0
399.639	75.0	122.0	92.0	83.0	124.0	82.0	92.0	123.0	91.0	82.0	109.0	89.0	86.0	82.0	91.0	125.0	87.0	98.0	101.0	92.0
399.751	86.0	124.0	97.0	79.0	124.0	89.0	92.0	125.0	88.0	87.0	113.0	95.0	94.0	87.0	96.0	123.0	90.0	93.0	108.0	96.0
399.863	77.0	121.0	90.0	78.0	121.0	85.0	87.0	119.0	85.0	85.0	106.0	90.0	88.0	79.0	88.0	119.0	85.0	85.0	100.0	84.0
399.975	85.0	117.0	84.0	78.0	110.0	82.0	81.0	119.0	88.0	83.0	107.0	82.0	87.0	82.0	84.0	118.0	94.0	87.0	105.0	78.0
400.087	85.0	122.0	88.0	80.0	121.0	87.0	85.0	117.0	87.0	84.0	111.0	94.0	90.0	82.0	90.0	121.0	88.0	85.0	102.0	88.0
400.199	90.0	122.0	91.0	86.0	120.0	88.0	93.0	128.0	90.0	86.0	106.0	92.0	93.0	86.0	101.0	125.0	92.0	93.0	101.0	95.0
400.311	100.0	130.0	105.0	97.0	128.0	93.0	98.0	139.0	104.0	99.0	108.0	110.0	99.0	93.0	112.0	132.0	104.0	107.0	101.0	99.0
400.423	81.0	121.0	85.0	83.0	122.0	84.0	83.0	126.0	90.0	90.0	100.0	93.0	91.0	80.0	98.0	114.0	95.0	92.0	106.0	84.0
400.535	77.0	114.0	86.0	82.0	120.0	88.0	88.0	119.0	86.0	82.0	100.0	81.0	84.0	79.0	91.0	116.0	92.0	91.0	104.0	80.0
