λ(nm)	Spec1	Spec2	Spec3	Spec4	Spec5	Spec6	Spec7	Spec8	Spec9	Spec10	Spec11	Spec12	Spec13	Spec14	Spec15	Spec16	Spec17	Spec18	Spec19	Spec20
187.98	78.0	113.0	70.0	71.0	108.0	75.0	68.0	104.0	66.0	74.0	67.0	77.0	107.0	66.0	77.0	78.0	75.0	107.0	72.0	73.0
188.07	82.0	109.0	71.0	76.0	106.0	71.0	75.0	106.0	67.0	78.0	71.0	79.0	105.0	64.0	74.0	69.0	74.0	102.0	72.0	74.0
188.161	78.0	104.0	62.0	71.0	101.0	81.0	77.0	106.0	70.0	71.0	71.0	72.0	107.0	70.0	75.0	73.0	79.0	103.0	70.0	73.0
188.252	80.0	104.0	65.0	74.0	106.0	68.0	72.0	112.0	70.0	78.0	72.0	76.0	104.0	71.0	73.0	68.0	76.0	104.0	68.0	76.0
188.343	78.0	108.0	71.0	74.0	98.0	74.0	77.0	103.0	75.0	74.0	72.0	75.0	107.0	67.0	70.0	67.0	76.0	95.0	70.0	70.0
188.434	75.0	104.0	69.0	71.0	102.0	75.0	79.0	104.0	72.0	72.0	66.0	74.0	107.0	70.0	75.0	72.0	76.0	100.0	68.0	74.0
188.525	250.0	263.0	243.0	242.0	270.0	243.0	249.0	279.0	237.0	245.0	240.0	246.0	261.0	234.0	244.0	247.0	244.0	265.0	236.0	240.0
188.615	88.0	111.0	79.0	82.0	114.0	86.0	85.0	111.0	85.0	88.0	82.0	86.0	114.0	79.0	84.0	83.0	89.0	109.0	82.0	82.0
188.706	83.0	104.0	70.0	73.0	102.0	76.0	68.0	101.0	70.0	69.0	69.0	79.0	110.0	67.0	75.0	74.0	75.0	97.0	73.0	71.0
188.797	84.0	106.0	75.0	76.0	100.0	74.0	77.0	106.0	76.0	75.0	72.0	78.0	107.0	66.0	77.0	80.0	77.0	109.0	68.0	77.0
188.888	76.0	98.0	82.0	73.0	104.0	72.0	80.0	105.0	72.0	70.0	67.0	74.0	109.0	71.0	75.0	76.0	72.0	100.0	71.0	77.0
188.979	79.0	103.0	64.0	79.0	103.0	68.0	76.0	100.0	63.0	75.0	70.0	76.0	111.0	69.0	74.0	71.0	73.0	99.0	72.0	72.0
189.07	77.0	107.0	68.0	76.0	100.0	73.0	74.0	107.0	70.0	72.0	71.0	77.0	105.0	68.0	74.0	68.0	80.0	102.0	74.0	73.0
189.161	79.0	109.0	71.0	73.0	102.0	79.0	76.0	99.0	75.0	73.0	63.0	77.0	100.0	76.0	69.0	75.0	78.0	101.0	71.0	70.0
189.252	83.0	104.0	73.0	80.0	107.0	75.0	77.0	108.0	78.0	72.0	72.0	73.0	108.0	72.0	75.0	71.0	80.0	104.0	73.0	77.0
189.343	76.0	113.0	65.0	73.0	102.0	76.0	79.0	107.0	66.0	78.0	71.0	76.0	105.0	65.0	78.0	75.0	80.0	101.0	72.0	78.0
189.434	80.0	103.0	73.0	70.0	93.0	74.0	72.0	108.0	70.0	67.0	69.0	73.0	105.0	66.0	74.0	67.0	71.0	98.0	72.0	72.0
189.525	84.0	106.0	66.0	72.0	103.0	77.0	73.0	103.0	69.0	73.0	73.0	70.0	103.0	68.0	72.0	69.0	76.0	104.0	68.0	77.0
189.616	79.0	103.0	68.0	75.0	103.0	71.0	78.0	106.0	74.0	73.0	72.0	71.0	98.0	70.0	74.0	75.0	79.0	97.0	73.0	73.0
189.708	76.0	111.0	71.0	77.0	104.0	66.0	75.0	104.0	65.0	77.0	68.0	74.0	105.0	72.0	78.0	72.0	71.0	104.0	74.0	73.0
189.799	80.0	107.0	65.0	73.0	99.0	74.0	70.0	106.0	70.0	71.0	74.0	76.0	107.0	71.0	72.0	74.0	76.0	105.0	77.0	74.0
189.89	76.0	105.0	71.0	74.0	97.0	70.0	73.0	103.0	75.0	74.0	68.0	73.0	104.0	76.0	72.0	72.0	72.0	97.0	72.0	72.0
189.981	79.0	104.0	70.0	69.0	102.0	72.0	73.0	101.0	70.0	76.0	72.0	68.0	109.0	74.0	79.0	72.0	75.0	100.0	65.0	74.0
190.072	78.0	108.0	78.0	75.0	105.0	80.0	85.0	104.0	75.0	81.0	83.0	80.0	114.0	82.0	81.0	78.0	78.0	108.0	77.0	83.0
190.163	76.0	107.0	72.0	68.0	102.0	72.0	71.0	108.0	70.0	79.0	74.0	77.0	112.0	72.0	77.0	76.0	79.0	107.0	70.0	73.0
190.255	81.0	103.0	72.0	72.0	105.0	71.0	72.0	102.0	76.0	69.0	75.0	73.0	99.0	70.0	73.0	75.0	76.0	102.0	70.0	78.0
190.346	85.0	104.0	74.0	76.0	104.0	77.0	76.0	104.0	74.0	77.0	77.0	71.0	103.0	71.0	72.0	70.0	75.0	102.0	72.0	74.0
190.437	81.0	100.0	74.0	71.0	105.0	70.0	76.0	103.0	65.0	80.0	76.0	77.0	113.0	71.0	79.0	70.0	69.0	100.0	71.0	73.0
190.528	83.0	110.0	70.0	74.0	97.0	73.0	76.0	105.0	72.0	78.0	77.0	82.0	112.0	74.0	74.0	75.0	80.0	104.0	76.0	75.0
190.62	80.0	106.0	78.0	69.0	95.0	78.0	76.0	111.0	76.0	72.0	68.0	82.0	107.0	74.0	80.0	70.0	79.0	101.0	69.0	76.0
190.711	81.0	103.0	74.0	76.0	104.0	80.0	78.0	105.0	73.0	72.0	75.0	70.0	105.0	66.0	79.0	72.0	74.0	105.0	74.0	74.0
190.802	82.0	103.0	65.0	69.0	104.0	79.0	78.0	104.0	78.0	80.0	73.0	75.0	104.0	72.0	74.0	77.0	75.0	105.0	69.0	68.0
190.894	80.0	110.0	79.0	73.0	104.0	77.0	71.0	102.0	73.0	78.0	71.0	75.0	112.0	72.0	70.0	78.0	78.0	105.0	71.0	74.0
190.985	79.0	112.0	66.0	70.0	102.0	70.0	79.0	101.0	72.0	74.0	67.0	77.0	103.0	70.0	77.0	70.0	80.0	103.0	74.0	74.0
191.076	80.0	102.0	75.0	72.0	103.0	73.0	77.0	102.0	75.0	79.0	70.0	68.0	106.0	75.0	78.0	80.0	76.0	100.0	77.0	73.0
191.168	84.0	108.0	71.0	78.0	101.0	70.0	78.0	104.0	70.0	75.0	69.0	71.0	110.0	68.0	73.0	70.0	73.0	104.0	70.0	76.0
191.259	92.0	110.0	79.0	83.0	108.0	77.0	84.0	115.0	81.0	89.0	83.0	83.0	113.0	73.0	85.0	82.0	85.0	112.0	83.0	80.0
191.35	79.0	104.0	74.0	68.0	102.0	72.0	77.0	100.0	74.0	72.0	69.0	75.0	105.0	72.0	74.0	75.0	70.0	102.0	76.0	75.0
191.442	77.0	104.0	73.0	75.0	101.0	81.0	76.0	105.0	75.0	74.0	73.0	74.0	105.0	75.0	75.0	78.0	73.0	105.0	72.0	76.0
191.533	84.0	107.0	73.0	68.0	104.0	69.0	79.0	102.0	69.0	79.0	75.0	79.0	104.0	80.0	78.0	77.0	77.0	108.0	78.0	77.0
191.625	84.0	110.0	75.0	76.0	102.0	78.0	73.0	100.0	79.0	75.0	82.0	77.0	112.0	73.0	70.0	75.0	69.0	100.0	69.0	76.0
191.716	81.0	101.0	74.0	72.0	104.0	80.0	77.0	104.0	76.0	80.0	70.0	80.0	110.0	71.0	70.0	79.0	77.0	106.0	74.0	79.0
191.808	85.0	102.0	73.0	72.0	103.0	76.0	81.0	105.0	72.0	79.0	70.0	76.0	100.0	72.0	77.0	68.0	78.0	105.0	72.0	73.0
191.899	84.0	103.0	69.0	71.0	101.0	72.0	75.0	103.0	76.0	79.0	69.0	84.0	105.0	78.0	74.0	76.0	70.0	95.0	72.0	80.0
191.991	76.0	107.0	70.0	74.0	102.0	73.0	77.0	107.0	64.0	71.0	72.0	81.0	111.0	71.0	71.0	68.0	76.0	100.0	73.0	80.0
192.082	75.0	106.0	72.0	66.0	100.0	73.0	78.0	98.0	70.0	75.0	71.0	76.0	105.0	75.0	68.0	73.0	77.0	94.0	70.0	73.0
192.174	82.0	108.0	72.0	77.0	104.0	75.0	80.0	101.0	78.0	80.0	73.0	76.0	106.0	68.0	79.0	78.0	81.0	102.0	74.0	75.0
192.266	73.0	111.0	78.0	74.0	100.0	76.0	77.0	102.0	76.0	79.0	75.0	76.0	110.0	74.0	69.0	78.0	74.0	107.0	68.0	80.0
192.357	86.0	114.0	74.0	80.0	108.0	80.0	75.0	111.0	80.0	83.0	79.0	86.0	117.0	80.0	80.0	80.0	79.0	109.0	77.0	83.0
192.449	78.0	105.0	70.0	71.0	99.0	76.0	79.0	100.0	73.0	72.0	70.0	80.0	106.0	65.0	74.0	70.0	74.0	101.0	75.0	74.0
192.541	76.0	101.0	83.0	75.0	100.0	77.0	85.0	103.0	74.0	78.0	70.0	78.0	106.0	75.0	82.0	76.0	78.0	99.0	72.0	71.0
192.632	84.0	108.0	69.0	77.0	105.0	72.0	80.0	93.0	68.0	71.0	68.0	76.0	107.0	68.0	74.0	71.0	74.0	104.0	68.0	76.0
192.724	81.0	109.0	71.0	75.0	102.0	71.0	72.0	108.0	72.0	73.0	72.0	75.0	108.0	68.0	71.0	72.0	74.0	101.0	74.0	71.0
192.816	82.0	105.0	65.0	71.0	102.0	72.0	72.0	104.0	71.0	75.0	74.0	74.0	105.0	68.0	66.0	70.0	80.0	99.0	72.0	71.0
192.907	82.0	100.0	76.0	72.0	101.0	76.0	76.0	106.0	73.0	77.0	74.0	74.0	107.0	72.0	78.0	76.0	80.0	107.0	70.0	74.0
192.999	78.0	103.0	70.0	75.0	98.0	75.0	78.0	104.0	72.0	78.0	69.0	77.0	108.0	70.0	77.0	73.0	78.0	111.0	71.0	78.0
193.091	74.0	106.0	73.0	70.0	107.0	70.0	78.0	100.0	73.0	77.0	73.0	77.0	108.0	71.0	71.0	73.0	79.0	96.0	76.0	76.0
193.183	82.0	102.0	72.0	66.0	106.0	76.0	65.0	103.0	70.0	74.0	70.0	73.0	104.0	72.0	77.0	72.0	76.0	98.0	70.0	76.0
193.274	84.0	103.0	73.0	70.0	108.0	78.0	74.0	100.0	75.0	75.0	72.0	74.0	103.0	73.0	75.0	74.0	79.0	101.0	75.0	79.0
193.366	81.0	108.0	75.0	73.0	99.0	74.0	72.0	101.0	76.0	80.0	74.0	76.0	106.0	68.0	73.0	69.0	74.0	100.0	75.0	77.0
193.458	79.0	105.0	64.0	74.0	107.0	70.0	79.0	96.0	74.0	75.0	72.0	74.0	111.0	76.0	82.0	70.0	71.0	105.0	71.0	72.0
193.55	85.0	107.0	74.0	76.0	97.0	70.0	81.0	100.0	73.0	75.0	70.0	73.0	102.0	75.0	74.0	76.0	74.0	99.0	72.0	68.0
193.642	81.0	105.0	77.0	73.0	98.0	71.0	76.0	101.0	76.0	81.0	68.0	69.0	105.0	73.0	74.0	75.0	78.0	103.0	71.0	80.0
193.734	79.0	113.0	72.0	77.0	107.0	72.0	81.0	104.0	78.0	80.0	76.0	72.0	104.0	73.0	83.0	79.0	75.0	106.0	72.0	76.0
193.825	80.0	103.0	72.0	75.0	102.0	74.0	77.0	99.0	70.0	75.0	76.0	80.0	107.0	79.0	76.0	72.0	76.0	100.0	73.0	76.0
193.917	77.0	104.0	71.0	72.0	100.0	76.0	69.0	99.0	73.0	72.0	66.0	72.0	109.0	69.0	71.0	71.0	77.0	102.0	76.0	70.0
194.009	83.0	107.0	75.0	76.0	105.0	73.0	78.0	105.0	75.0	79.0	72.0	74.0	109.0	75.0	73.0	70.0	80.0	106.0	75.0	72.0
194.101	79.0	109.0	70.0	77.0	105.0	73.0	74.0	103.0	69.0	80.0	69.0	78.0	105.0	73.0	74.0	74.0	75.0	106.0	71.0	73.0
194.193	80.0	109.0	61.0	70.0	107.0	70.0	80.0	94.0	71.0	78.0	73.0	75.0	115.0	75.0	79.0	72.0	71.0	104.0	76.0	76.0
194.285	77.0	107.0	71.0	77.0	99.0	71.0	79.0	96.0	78.0	71.0	73.0	75.0	105.0	70.0	71.0	71.0	76.0	100.0	73.0	74.0
194.377	84.0	111.0	69.0	72.0	96.0	76.0	72.0	104.0	79.0	75.0	70.0	73.0	109.0	68.0	79.0	73.0	74.0	99.0	70.0	81.0
194.469	76.0	107.0	74.0	81.0	104.0	75.0	84.0	101.0	73.0	78.0	75.0	73.0	115.0	67.0	78.0	77.0	78.0	104.0	69.0	78.0
194.561	81.0	100.0	77.0	70.0	102.0	76.0	75.0	101.0	73.0	77.0	78.0	79.0	109.0	76.0	80.0	77.0	73.0	101.0	72.0	73.0
194.653	77.0	104.0	73.0	66.0	98.0	72.0	66.0	102.0	73.0	75.0	74.0	75.0	106.0	64.0	74.0	66.0	80.0	97.0	70.0	66.0
194.745	84.0	107.0	74.0	73.0	103.0	78.0	78.0	105.0	79.0	77.0	76.0	70.0	103.0	66.0	74.0	74.0	73.0	101.0	77.0	74.0
194.837	80.0	106.0	68.0	74.0	106.0	74.0	76.0	99.0	72.0	74.0	77.0	68.0	103.0	77.0	77.0	74.0	69.0	107.0	65.0	84.0
194.929	81.0	104.0	65.0	70.0	101.0	72.0	79.0	96.0	68.0	76.0	64.0	76.0	106.0	77.0	73.0	70.0	71.0	105.0	74.0	77.0
195.022	83.0	108.0	73.0	72.0	98.0	78.0	79.0	98.0	74.0	77.0	80.0	76.0	106.0	73.0	78.0	68.0	74.0	98.0	75.0	70.0
195.114	83.0	107.0	73.0	72.0	103.0	79.0	79.0	98.0	75.0	79.0	65.0	71.0	103.0	71.0	74.0	72.0	80.0	96.0	74.0	79.0
195.206	81.0	108.0	75.0	75.0	101.0	73.0	80.0	101.0	71.0	72.0	69.0	71.0	109.0	70.0	75.0	70.0	75.0	106.0	75.0	73.0
195.298	83.0	108.0	70.0	72.0	102.0	77.0	80.0	96.0	72.0	74.0	72.0	77.0	107.0	76.0	78.0	71.0	79.0	107.0	75.0	79.0
195.39	86.0	114.0	75.0	73.0	106.0	75.0	78.0	102.0	76.0	74.0	77.0	75.0	109.0	76.0	81.0	76.0	81.0	104.0	79.0	83.0
195.482	80.0	106.0	68.0	76.0	103.0	75.0	78.0	101.0	77.0	75.0	77.0	73.0	104.0	68.0	79.0	73.0	85.0	103.0	79.0	76.0
195.575	83.0	104.0	66.0	78.0	96.0	78.0	72.0	100.0	75.0	74.0	75.0	73.0	102.0	76.0	76.0	74.0	75.0	104.0	69.0	75.0
195.667	85.0	111.0	77.0	81.0	106.0	68.0	75.0	106.0	70.0	80.0	76.0	74.0	114.0	77.0	76.0	78.0	73.0	106.0	74.0	78.0
195.759	85.0	114.0	69.0	75.0	98.0	75.0	76.0	95.0	74.0	76.0	68.0	74.0	104.0	73.0	76.0	68.0	77.0	101.0	75.0	73.0
195.851	88.0	113.0	74.0	81.0	105.0	80.0	86.0	103.0	75.0	78.0	71.0	78.0	113.0	82.0	82.0	84.0	88.0	108.0	76.0	75.0
195.944	76.0	108.0	77.0	76.0	105.0	74.0	81.0	98.0	71.0	75.0	72.0	68.0	108.0	72.0	78.0	77.0	79.0	109.0	72.0	75.0
196.036	77.0	105.0	70.0	70.0	97.0	69.0	80.0	104.0	73.0	72.0	70.0	78.0	109.0	75.0	76.0	74.0	74.0	103.0	74.0	78.0
196.128	74.0	112.0	70.0	66.0	105.0	68.0	74.0	103.0	71.0	73.0	71.0	74.0	104.0	68.0	70.0	68.0	72.0	102.0	68.0	71.0
196.221	82.0	103.0	69.0	74.0	100.0	78.0	76.0	103.0	69.0	76.0	70.0	78.0	107.0	68.0	78.0	76.0	75.0	105.0	73.0	74.0
196.313	81.0	107.0	84.0	73.0	106.0	77.0	82.0	104.0	77.0	80.0	71.0	80.0	112.0	74.0	80.0	83.0	82.0	109.0	75.0	84.0
196.405	74.0	110.0	69.0	74.0	102.0	71.0	78.0	102.0	71.0	75.0	71.0	74.0	107.0	72.0	75.0	73.0	76.0	103.0	75.0	74.0
196.498	88.0	105.0	72.0	74.0	99.0	75.0	79.0	102.0	74.0	78.0	73.0	78.0	105.0	66.0	69.0	70.0	72.0	104.0	76.0	72.0
196.59	98.0	124.0	88.0	88.0	123.0	90.0	99.0	110.0	89.0	100.0	92.0	93.0	126.0	93.0	95.0	95.0	98.0	117.0	96.0	93.0
196.682	82.0	105.0	75.0	75.0	106.0	75.0	84.0	100.0	70.0	75.0	71.0	75.0	117.0	77.0	77.0	77.0	79.0	108.0	66.0	77.0
196.775	76.0	106.0	76.0	72.0	106.0	74.0	75.0	98.0	71.0	76.0	75.0	80.0	109.0	77.0	76.0	74.0	75.0	100.0	70.0	79.0
196.867	78.0	106.0	72.0	73.0	103.0	74.0	71.0	97.0	69.0	72.0	71.0	81.0	109.0	77.0	77.0	73.0	75.0	98.0	72.0	80.0
196.96	84.0	107.0	71.0	79.0	100.0	76.0	75.0	97.0	76.0	74.0	73.0	75.0	101.0	71.0	70.0	77.0	76.0	105.0	74.0	79.0
197.052	84.0	104.0	71.0	71.0	100.0	79.0	79.0	97.0	75.0	75.0	74.0	78.0	105.0	72.0	77.0	72.0	77.0	104.0	75.0	74.0
197.145	82.0	106.0	75.0	79.0	110.0	72.0	81.0	104.0	74.0	80.0	64.0	80.0	112.0	79.0	81.0	74.0	75.0	108.0	78.0	79.0
197.237	85.0	104.0	72.0	75.0	94.0	72.0	76.0	99.0	70.0	76.0	66.0	76.0	106.0	76.0	71.0	68.0	76.0	104.0	71.0	68.0
197.33	88.0	109.0	74.0	75.0	108.0	78.0	79.0	99.0	73.0	75.0	76.0	80.0	112.0	74.0	71.0	74.0	82.0	105.0	79.0	76.0
197.422	84.0	108.0	74.0	77.0	102.0	77.0	76.0	98.0	72.0	79.0	72.0	75.0	110.0	74.0	73.0	72.0	74.0	104.0	67.0	85.0
197.515	83.0	107.0	72.0	74.0	103.0	73.0	81.0	102.0	73.0	77.0	73.0	79.0	105.0	72.0	76.0	74.0	66.0	104.0	77.0	76.0
197.608	73.0	106.0	69.0	72.0	101.0	73.0	73.0	98.0	66.0	77.0	74.0	79.0	104.0	74.0	79.0	68.0	76.0	101.0	76.0	73.0
197.7	76.0	106.0	68.0	73.0	107.0	75.0	72.0	98.0	72.0	72.0	73.0	74.0	105.0	71.0	77.0	75.0	75.0	105.0	72.0	74.0
197.793	88.0	113.0	78.0	75.0	107.0	76.0	81.0	102.0	73.0	75.0	77.0	77.0	105.0	72.0	83.0	77.0	82.0	108.0	79.0	80.0
197.886	81.0	112.0	72.0	78.0	111.0	75.0	73.0	100.0	73.0	86.0	73.0	80.0	111.0	73.0	79.0	70.0	75.0	106.0	79.0	83.0
197.978	80.0	107.0	72.0	76.0	107.0	73.0	78.0	101.0	74.0	81.0	72.0	84.0	111.0	75.0	75.0	68.0	79.0	103.0	81.0	71.0
198.071	89.0	110.0	73.0	81.0	102.0	81.0	79.0	100.0	75.0	77.0	77.0	77.0	104.0	77.0	76.0	76.0	84.0	98.0	77.0	77.0
198.164	84.0	105.0	74.0	78.0	103.0	75.0	71.0	102.0	75.0	80.0	69.0	66.0	105.0	74.0	77.0	78.0	79.0	100.0	70.0	76.0
198.256	86.0	118.0	80.0	80.0	110.0	80.0	83.0	107.0	77.0	85.0	74.0	82.0	111.0	78.0	80.0	82.0	78.0	106.0	77.0	83.0
198.349	82.0	118.0	73.0	74.0	104.0	73.0	75.0	101.0	73.0	85.0	76.0	82.0	113.0	74.0	81.0	76.0	74.0	105.0	76.0	78.0
198.442	77.0	108.0	76.0	72.0	101.0	72.0	73.0	95.0	73.0	79.0	70.0	80.0	103.0	70.0	78.0	78.0	74.0	100.0	76.0	79.0
198.534	80.0	106.0	73.0	74.0	104.0	76.0	80.0	97.0	71.0	69.0	66.0	74.0	107.0	77.0	75.0	75.0	79.0	102.0	74.0	78.0
198.627	83.0	106.0	74.0	75.0	110.0	76.0	79.0	98.0	75.0	82.0	79.0	79.0	109.0	79.0	79.0	79.0	73.0	104.0	77.0	87.0
198.72	83.0	108.0	74.0	73.0	106.0	71.0	76.0	96.0	71.0	78.0	70.0	78.0	104.0	75.0	75.0	71.0	77.0	105.0	70.0	77.0
198.813	80.0	109.0	67.0	76.0	101.0	71.0	80.0	94.0	70.0	75.0	74.0	75.0	107.0	69.0	78.0	76.0	75.0	97.0	76.0	75.0
198.906	83.0	106.0	68.0	72.0	102.0	75.0	79.0	99.0	70.0	72.0	72.0	77.0	105.0	69.0	75.0	73.0	78.0	99.0	68.0	71.0
198.999	87.0	112.0	71.0	72.0	109.0	76.0	75.0	103.0	76.0	79.0	74.0	75.0	102.0	63.0	83.0	73.0	80.0	107.0	68.0	77.0
199.091	77.0	106.0	66.0	72.0	104.0	74.0	76.0	95.0	74.0	77.0	75.0	78.0	107.0	73.0	74.0	71.0	75.0	104.0	74.0	77.0
199.184	74.0	108.0	75.0	73.0	101.0	78.0	71.0	99.0	72.0	70.0	73.0	76.0	106.0	67.0	71.0	78.0	79.0	97.0	72.0	70.0
199.277	81.0	106.0	69.0	78.0	102.0	72.0	72.0	98.0	76.0	70.0	72.0	79.0	101.0	68.0	72.0	76.0	76.0	102.0	70.0	70.0
199.37	89.0	110.0	76.0	78.0	106.0	79.0	80.0	104.0	75.0	80.0	81.0	76.0	104.0	77.0	78.0	83.0	77.0	109.0	78.0	77.0
199.463	81.0	107.0	64.0	71.0	106.0	71.0	80.0	100.0	74.0	77.0	74.0	78.0	104.0	81.0	79.0	70.0	75.0	104.0	75.0	71.0
199.556	79.0	105.0	66.0	74.0	94.0	76.0	74.0	92.0	75.0	73.0	74.0	77.0	110.0	73.0	76.0	75.0	75.0	100.0	75.0	77.0
199.649	79.0	106.0	68.0	75.0	98.0	74.0	75.0	95.0	74.0	78.0	71.0	74.0	108.0	70.0	78.0	73.0	75.0	108.0	70.0	70.0
199.742	79.0	107.0	70.0	73.0	108.0	74.0	78.0	100.0	72.0	79.0	67.0	80.0	105.0	75.0	79.0	74.0	74.0	106.0	73.0	77.0
199.835	83.0	109.0	72.0	74.0	98.0	72.0	75.0	99.0	73.0	78.0	70.0	77.0	109.0	67.0	73.0	67.0	74.0	105.0	75.0	74.0
199.928	76.0	105.0	76.0	69.0	106.0	70.0	77.0	99.0	69.0	72.0	72.0	72.0	108.0	68.0	79.0	70.0	74.0	104.0	75.0	76.0
200.021	77.0	105.0	72.0	72.0	106.0	74.0	81.0	96.0	81.0	72.0	73.0	78.0	107.0	73.0	74.0	73.0	77.0	100.0	73.0	76.0
200.114	84.0	111.0	74.0	82.0	104.0	76.0	79.0	100.0	72.0	83.0	77.0	80.0	113.0	79.0	79.0	77.0	79.0	109.0	80.0	84.0
200.207	79.0	110.0	71.0	74.0	107.0	73.0	83.0	101.0	74.0	76.0	76.0	82.0	107.0	76.0	78.0	78.0	72.0	105.0	77.0	84.0
200.3	80.0	105.0	70.0	79.0	104.0	74.0	75.0	95.0	67.0	72.0	78.0	78.0	109.0	71.0	74.0	74.0	74.0	104.0	74.0	71.0
200.393	81.0	98.0	71.0	72.0	98.0	75.0	80.0	99.0	75.0	81.0	72.0	73.0	105.0	68.0	77.0	71.0	79.0	105.0	75.0	76.0
200.486	81.0	106.0	66.0	80.0	104.0	76.0	77.0	97.0	72.0	75.0	71.0	76.0	103.0	69.0	77.0	71.0	82.0	107.0	66.0	81.0
200.58	83.0	110.0	73.0	74.0	104.0	79.0	78.0	99.0	78.0	84.0	73.0	83.0	108.0	74.0	80.0	80.0	75.0	105.0	75.0	79.0
200.673	77.0	105.0	70.0	70.0	106.0	71.0	76.0	94.0	72.0	77.0	74.0	72.0	114.0	80.0	76.0	77.0	71.0	106.0	71.0	77.0
200.766	76.0	104.0	71.0	69.0	99.0	77.0	73.0	99.0	76.0	78.0	76.0	80.0	106.0	70.0	76.0	79.0	76.0	108.0	73.0	74.0
200.859	76.0	104.0	72.0	75.0	105.0	73.0	77.0	102.0	74.0	77.0	75.0	82.0	108.0	69.0	72.0	75.0	76.0	106.0	75.0	74.0
200.952	81.0	112.0	68.0	80.0	100.0	70.0	77.0	105.0	73.0	77.0	70.0	77.0	106.0	71.0	73.0	74.0	75.0	102.0	71.0	72.0
201.045	81.0	104.0	78.0	76.0	96.0	75.0	75.0	98.0	72.0	82.0	71.0	75.0	108.0	68.0	69.0	77.0	76.0	108.0	74.0	73.0
201.139	81.0	107.0	71.0	76.0	96.0	79.0	74.0	102.0	80.0	73.0	69.0	74.0	106.0	66.0	75.0	76.0	82.0	97.0	75.0	74.0
201.232	77.0	108.0	66.0	71.0	104.0	84.0	81.0	101.0	79.0	77.0	72.0	77.0	110.0	69.0	73.0	76.0	75.0	108.0	71.0	78.0
201.325	76.0	106.0	72.0	73.0	102.0	76.0	79.0	102.0	75.0	74.0	71.0	72.0	111.0	75.0	77.0	72.0	69.0	107.0	71.0	78.0
201.418	84.0	108.0	72.0	76.0	102.0	73.0	78.0	100.0	79.0	77.0	79.0	78.0	108.0	70.0	77.0	75.0	72.0	107.0	77.0	74.0
201.512	80.0	104.0	72.0	80.0	109.0	72.0	77.0	97.0	79.0	78.0	78.0	73.0	101.0	66.0	75.0	78.0	74.0	104.0	77.0	80.0
201.605	78.0	108.0	70.0	76.0	103.0	72.0	79.0	97.0	72.0	76.0	68.0	74.0	103.0	71.0	83.0	79.0	73.0	105.0	71.0	79.0
201.698	80.0	113.0	73.0	81.0	108.0	77.0	84.0	100.0	72.0	80.0	77.0	77.0	112.0	75.0	79.0	78.0	73.0	106.0	76.0	77.0
201.792	81.0	107.0	75.0	79.0	105.0	66.0	76.0	93.0	75.0	76.0	72.0	77.0	106.0	70.0	76.0	72.0	72.0	103.0	75.0	79.0
201.885	105.0	126.0	100.0	102.0	123.0	97.0	101.0	119.0	103.0	97.0	102.0	97.0	136.0	97.0	101.0	94.0	98.0	117.0	95.0	92.0
201.978	77.0	116.0	73.0	78.0	104.0	77.0	79.0	106.0	79.0	78.0	71.0	80.0	109.0	72.0	85.0	72.0	77.0	104.0	79.0	79.0
202.072	81.0	112.0	74.0	79.0	106.0	77.0	83.0	96.0	70.0	79.0	75.0	80.0	110.0	78.0	74.0	77.0	81.0	102.0	75.0	80.0
202.165	80.0	109.0	74.0	76.0	101.0	74.0	75.0	100.0	72.0	79.0	70.0	79.0	103.0	76.0	75.0	68.0	75.0	99.0	73.0	79.0
202.259	97.0	124.0	98.0	95.0	120.0	100.0	94.0	119.0	93.0	96.0	93.0	98.0	132.0	90.0	97.0	94.0	98.0	128.0	99.0	96.0
202.352	74.0	106.0	73.0	77.0	107.0	77.0	76.0	99.0	77.0	78.0	76.0	75.0	111.0	72.0	80.0	72.0	76.0	96.0	70.0	73.0
202.446	82.0	110.0	71.0	77.0	106.0	69.0	84.0	103.0	71.0	70.0	75.0	76.0	109.0	71.0	80.0	71.0	75.0	102.0	71.0	73.0
202.539	80.0	106.0	71.0	78.0	108.0	76.0	71.0	93.0	70.0	77.0	71.0	80.0	106.0	69.0	73.0	68.0	78.0	107.0	73.0	77.0
202.633	81.0	109.0	75.0	76.0	98.0	76.0	71.0	100.0	72.0	77.0	71.0	71.0	106.0	75.0	68.0	76.0	77.0	103.0	73.0	71.0
202.726	78.0	107.0	76.0	75.0	102.0	75.0	73.0	98.0	76.0	76.0	72.0	80.0	104.0	74.0	74.0	74.0	73.0	100.0	67.0	72.0
202.82	81.0	100.0	69.0	74.0	106.0	78.0	81.0	97.0	72.0	74.0	73.0	75.0	107.0	66.0	74.0	77.0	76.0	104.0	72.0	79.0
202.913	76.0	105.0	74.0	74.0	97.0	75.0	81.0	99.0	71.0	76.0	77.0	72.0	109.0	69.0	74.0	75.0	78.0	100.0	71.0	75.0
203.007	75.0	111.0	79.0	76.0	104.0	82.0	78.0	101.0	74.0	71.0	77.0	83.0	103.0	73.0	76.0	75.0	82.0	103.0	73.0	83.0
203.1	71.0	103.0	70.0	67.0	104.0	82.0	74.0	103.0	74.0	72.0	70.0	72.0	105.0	71.0	75.0	71.0	81.0	106.0	72.0	80.0
203.194	80.0	106.0	68.0	82.0	107.0	69.0	78.0	97.0	75.0	82.0	74.0	74.0	110.0	70.0	79.0	70.0	73.0	106.0	78.0	78.0
203.288	77.0	109.0	72.0	74.0	100.0	72.0	81.0	100.0	70.0	80.0	70.0	77.0	113.0	74.0	76.0	72.0	76.0	104.0	70.0	74.0
203.381	76.0	110.0	71.0	75.0	104.0	73.0	77.0	93.0	72.0	76.0	70.0	76.0	106.0	73.0	72.0	77.0	79.0	101.0	71.0	68.0
203.475	80.0	112.0	74.0	81.0	102.0	76.0	81.0	99.0	80.0	78.0	76.0	78.0	108.0	76.0	80.0	78.0	80.0	104.0	74.0	72.0
203.569	74.0	106.0	71.0	74.0	99.0	79.0	80.0	99.0	69.0	77.0	66.0	69.0	108.0	69.0	79.0	75.0	78.0	109.0	73.0	76.0
203.662	78.0	107.0	73.0	75.0	106.0	78.0	75.0	104.0	75.0	78.0	74.0	78.0	114.0	76.0	77.0	73.0	81.0	111.0	79.0	80.0
203.756	77.0	102.0	69.0	69.0	100.0	74.0	67.0	95.0	74.0	74.0	77.0	80.0	103.0	70.0	77.0	75.0	77.0	103.0	82.0	82.0
203.85	85.0	108.0	83.0	79.0	107.0	79.0	81.0	104.0	76.0	79.0	74.0	82.0	110.0	78.0	83.0	82.0	81.0	106.0	82.0	80.0
203.943	75.0	104.0	75.0	76.0	103.0	82.0	82.0	105.0	75.0	77.0	73.0	80.0	114.0	77.0	77.0	81.0	76.0	108.0	77.0	78.0
204.037	79.0	109.0	76.0	78.0	107.0	71.0	78.0	99.0	70.0	77.0	78.0	78.0	112.0	78.0	75.0	74.0	75.0	103.0	76.0	74.0
204.131	81.0	114.0	76.0	75.0	107.0	74.0	81.0	100.0	79.0	78.0	79.0	77.0	105.0	74.0	75.0	73.0	81.0	101.0	80.0	75.0
204.225	97.0	128.0	89.0	97.0	117.0	94.0	97.0	125.0	90.0	90.0	95.0	93.0	124.0	90.0	95.0	98.0	99.0	119.0	90.0	94.0
204.318	84.0	112.0	78.0	83.0	111.0	83.0	90.0	115.0	85.0	85.0	73.0	83.0	112.0	86.0	85.0	80.0	87.0	110.0	75.0	89.0
204.412	78.0	109.0	72.0	72.0	102.0	77.0	82.0	104.0	73.0	76.0	76.0	76.0	109.0	75.0	78.0	74.0	73.0	101.0	71.0	78.0
204.506	75.0	108.0	76.0	68.0	102.0	71.0	74.0	98.0	72.0	80.0	71.0	80.0	105.0	70.0	80.0	74.0	73.0	111.0	72.0	73.0
204.6	84.0	106.0	69.0	71.0	102.0	78.0	73.0	101.0	71.0	76.0	75.0	78.0	100.0	71.0	79.0	74.0	79.0	103.0	71.0	78.0
204.694	74.0	102.0	68.0	75.0	105.0	74.0	78.0	100.0	69.0	76.0	76.0	80.0	105.0	78.0	78.0	81.0	76.0	100.0	77.0	73.0
204.788	75.0	105.0	70.0	71.0	101.0	75.0	76.0	93.0	69.0	80.0	67.0	78.0	111.0	80.0	75.0	72.0	70.0	100.0	73.0	80.0
204.882	78.0	105.0	78.0	71.0	100.0	74.0	76.0	97.0	79.0	78.0	73.0	77.0	110.0	75.0	70.0	85.0	78.0	98.0	74.0	72.0
204.975	101.0	130.0	95.0	94.0	125.0	103.0	106.0	121.0	101.0	102.0	90.0	94.0	131.0	89.0	90.0	98.0	99.0	123.0	94.0	97.0
205.069	78.0	112.0	74.0	75.0	101.0	77.0	74.0	101.0	70.0	78.0	70.0	75.0	107.0	71.0	73.0	79.0	81.0	105.0	72.0	77.0
205.163	74.0	110.0	76.0	82.0	104.0	79.0	80.0	102.0	73.0	85.0	74.0	82.0	110.0	75.0	79.0	81.0	82.0	111.0	75.0	76.0
205.257	84.0	110.0	78.0	72.0	105.0	73.0	70.0	95.0	75.0	80.0	74.0	80.0	112.0	75.0	77.0	71.0	74.0	103.0	77.0	76.0
205.351	74.0	104.0	73.0	72.0	111.0	77.0	78.0	101.0	74.0	76.0	70.0	76.0	110.0	74.0	79.0	79.0	77.0	104.0	76.0	78.0
205.445	75.0	108.0	75.0	77.0	104.0	79.0	82.0	105.0	74.0	78.0	79.0	78.0	109.0	72.0	82.0	79.0	78.0	102.0	74.0	76.0
205.539	74.0	110.0	70.0	71.0	102.0	77.0	76.0	98.0	72.0	79.0	70.0	75.0	105.0	70.0	76.0	73.0	71.0	105.0	75.0	72.0
205.633	153.0	184.0	145.0	155.0	185.0	152.0	154.0	177.0	154.0	154.0	153.0	152.0	179.0	154.0	147.0	153.0	154.0	180.0	150.0	152.0
205.727	88.0	118.0	76.0	78.0	106.0	84.0	82.0	106.0	81.0	77.0	79.0	79.0	112.0	80.0	79.0	81.0	82.0	107.0	78.0	80.0
205.821	82.0	106.0	70.0	71.0	105.0	72.0	78.0	93.0	74.0	71.0	71.0	74.0	105.0	76.0	82.0	76.0	75.0	102.0	73.0	76.0
205.915	80.0	106.0	73.0	69.0	104.0	71.0	78.0	98.0	74.0	75.0	72.0	80.0	109.0	73.0	78.0	72.0	76.0	105.0	76.0	80.0
206.01	77.0	111.0	76.0	76.0	105.0	79.0	72.0	96.0	75.0	77.0	76.0	84.0	107.0	66.0	69.0	74.0	78.0	102.0	77.0	78.0
206.104	80.0	104.0	75.0	72.0	104.0	75.0	75.0	99.0	73.0	76.0	78.0	79.0	109.0	68.0	68.0	78.0	80.0	105.0	71.0	74.0
206.198	79.0	111.0	77.0	77.0	100.0	75.0	86.0	106.0	80.0	79.0	77.0	81.0	114.0	77.0	79.0	81.0	82.0	106.0	69.0	76.0
206.292	77.0	112.0	76.0	78.0	104.0	72.0	83.0	102.0	79.0	80.0	75.0	82.0	109.0	78.0	81.0	77.0	77.0	110.0	75.0	76.0
206.386	73.0	106.0	72.0	72.0	107.0	71.0	73.0	96.0	79.0	80.0	77.0	82.0	106.0	75.0	73.0	72.0	76.0	105.0	72.0	75.0
206.48	98.0	127.0	88.0	95.0	124.0	94.0	101.0	122.0	99.0	98.0	97.0	97.0	138.0	91.0	93.0	100.0	101.0	123.0	95.0	98.0
206.574	82.0	109.0	76.0	80.0	108.0	81.0	85.0	101.0	79.0	77.0	77.0	82.0	112.0	79.0	85.0	79.0	81.0	107.0	79.0	79.0
206.669	94.0	124.0	80.0	88.0	121.0	94.0	94.0	119.0	93.0	97.0	91.0	94.0	122.0	94.0	93.0	88.0	94.0	121.0	92.0	93.0
206.763	92.0	129.0	84.0	87.0	119.0	92.0	95.0	112.0	87.0	101.0	90.0	92.0	125.0	94.0	93.0	90.0	96.0	120.0	92.0	91.0
206.857	80.0	103.0	81.0	74.0	105.0	74.0	79.0	102.0	77.0	74.0	72.0	79.0	106.0	73.0	80.0	84.0	76.0	105.0	73.0	74.0
206.951	76.0	106.0	72.0	80.0	106.0	78.0	81.0	111.0	80.0	80.0	79.0	82.0	105.0	78.0	81.0	78.0	80.0	108.0	74.0	79.0
207.046	74.0	108.0	63.0	77.0	105.0	78.0	80.0	101.0	77.0	74.0	67.0	78.0	106.0	78.0	77.0	74.0	72.0	107.0	76.0	78.0
207.14	74.0	105.0	74.0	76.0	104.0	67.0	80.0	96.0	80.0	81.0	74.0	85.0	116.0	77.0	78.0	77.0	86.0	104.0	76.0	79.0
207.234	83.0	105.0	74.0	72.0	96.0	75.0	74.0	101.0	75.0	77.0	72.0	74.0	104.0	74.0	74.0	77.0	79.0	102.0	71.0	71.0
207.329	70.0	106.0	75.0	74.0	98.0	82.0	71.0	104.0	76.0	75.0	72.0	77.0	108.0	75.0	81.0	74.0	77.0	101.0	69.0	69.0
207.423	76.0	114.0	76.0	78.0	107.0	77.0	73.0	102.0	75.0	80.0	71.0	82.0	109.0	74.0	77.0	78.0	81.0	106.0	77.0	82.0
207.517	77.0	103.0	72.0	73.0	104.0	74.0	76.0	104.0	70.0	77.0	70.0	78.0	112.0	74.0	75.0	75.0	79.0	109.0	75.0	77.0
207.612	81.0	100.0	72.0	71.0	104.0	81.0	81.0	105.0	72.0	71.0	70.0	80.0	108.0	68.0	80.0	70.0	75.0	104.0	75.0	74.0
207.706	73.0	108.0	70.0	77.0	101.0	76.0	75.0	100.0	78.0	74.0	70.0	78.0	106.0	68.0	79.0	73.0	80.0	102.0	66.0	82.0
207.8	74.0	105.0	66.0	77.0	103.0	75.0	77.0	100.0	71.0	78.0	75.0	78.0	109.0	68.0	74.0	74.0	74.0	102.0	73.0	79.0
207.895	73.0	107.0	65.0	78.0	106.0	71.0	75.0	103.0	72.0	79.0	75.0	77.0	109.0	65.0	69.0	74.0	77.0	105.0	74.0	77.0
207.989	79.0	110.0	76.0	69.0	112.0	74.0	80.0	104.0	83.0	81.0	74.0	76.0	107.0	67.0	75.0	75.0	77.0	105.0	73.0	72.0
208.084	79.0	104.0	75.0	71.0	100.0	81.0	79.0	100.0	71.0	79.0	68.0	72.0	108.0	74.0	79.0	74.0	77.0	100.0	72.0	71.0
208.178	78.0	107.0	77.0	76.0	105.0	81.0	81.0	102.0	81.0	76.0	73.0	81.0	114.0	76.0	81.0	77.0	78.0	113.0	75.0	82.0
208.273	78.0	108.0	71.0	77.0	102.0	76.0	72.0	101.0	73.0	74.0	76.0	75.0	104.0	75.0	74.0	80.0	75.0	100.0	68.0	79.0
208.367	82.0	103.0	76.0	73.0	103.0	72.0	75.0	98.0	76.0	73.0	81.0	76.0	100.0	78.0	73.0	79.0	81.0	103.0	72.0	75.0
208.462	82.0	109.0	77.0	75.0	109.0	74.0	78.0	105.0	84.0	76.0	74.0	84.0	108.0	75.0	82.0	79.0	85.0	112.0	74.0	80.0
208.556	81.0	115.0	71.0	81.0	105.0	82.0	82.0	100.0	78.0	85.0	75.0	80.0	110.0	79.0	79.0	76.0	78.0	110.0	76.0	78.0
208.651	71.0	102.0	71.0	74.0	102.0	76.0	83.0	95.0	76.0	81.0	74.0	78.0	105.0	73.0	77.0	71.0	73.0	105.0	73.0	78.0
208.745	79.0	110.0	78.0	80.0	107.0	73.0	83.0	108.0	77.0	83.0	76.0	80.0	109.0	77.0	73.0	85.0	84.0	99.0	73.0	76.0
208.84	80.0	109.0	80.0	82.0	98.0	79.0	86.0	108.0	81.0	81.0	72.0	80.0	112.0	78.0	82.0	85.0	78.0	110.0	78.0	84.0
208.934	81.0	113.0	75.0	75.0	103.0	75.0	80.0	101.0	73.0	79.0	74.0	82.0	107.0	76.0	77.0	80.0	80.0	108.0	73.0	80.0
209.029	86.0	106.0	76.0	76.0	102.0	74.0	82.0	104.0	76.0	82.0	79.0	82.0	107.0	83.0	80.0	77.0	81.0	108.0	77.0	80.0
209.124	80.0	109.0	79.0	74.0	99.0	84.0	75.0	99.0	72.0	75.0	76.0	81.0	109.0	73.0	81.0	75.0	76.0	102.0	78.0	76.0
209.218	77.0	104.0	72.0	72.0	104.0	82.0	73.0	98.0	73.0	78.0	68.0	83.0	111.0	71.0	74.0	72.0	76.0	104.0	69.0	78.0
209.313	76.0	109.0	70.0	78.0	99.0	76.0	76.0	98.0	73.0	77.0	73.0	78.0	106.0	75.0	78.0	74.0	77.0	99.0	72.0	77.0
209.408	80.0	115.0	72.0	73.0	101.0	75.0	81.0	100.0	73.0	77.0	75.0	79.0	103.0	76.0	78.0	78.0	77.0	112.0	79.0	76.0
209.502	72.0	108.0	72.0	73.0	102.0	71.0	80.0	102.0	81.0	77.0	73.0	73.0	108.0	80.0	74.0	80.0	77.0	104.0	72.0	76.0
209.597	81.0	112.0	76.0	77.0	96.0	80.0	81.0	109.0	84.0	80.0	68.0	79.0	110.0	76.0	77.0	82.0	77.0	105.0	72.0	74.0
209.692	78.0	105.0	75.0	75.0	100.0	80.0	72.0	99.0	75.0	76.0	72.0	80.0	106.0	74.0	81.0	76.0	77.0	103.0	76.0	76.0
209.786	79.0	108.0	77.0	74.0	101.0	78.0	80.0	95.0	75.0	78.0	69.0	77.0	108.0	79.0	83.0	71.0	75.0	109.0	74.0	77.0
209.881	76.0	105.0	73.0	74.0	106.0	82.0	77.0	102.0	78.0	79.0	75.0	74.0	103.0	76.0	79.0	69.0	76.0	107.0	71.0	74.0
209.976	78.0	101.0	69.0	77.0	108.0	75.0	79.0	99.0	76.0	73.0	74.0	80.0	103.0	72.0	78.0	78.0	78.0	104.0	75.0	77.0
210.071	83.0	110.0	68.0	76.0	103.0	81.0	77.0	101.0	78.0	80.0	75.0	79.0	113.0	75.0	77.0	77.0	77.0	105.0	75.0	76.0
210.166	79.0	104.0	68.0	72.0	101.0	77.0	77.0	97.0	66.0	83.0	71.0	79.0	109.0	79.0	84.0	75.0	76.0	106.0	76.0	81.0
210.26	77.0	112.0	79.0	74.0	104.0	74.0	75.0	100.0	69.0	79.0	76.0	74.0	107.0	72.0	72.0	78.0	77.0	107.0	77.0	76.0
210.355	79.0	104.0	73.0	78.0	102.0	74.0	78.0	100.0	77.0	78.0	70.0	71.0	108.0	71.0	73.0	74.0	77.0	101.0	70.0	73.0
210.45	84.0	108.0	71.0	77.0	103.0	76.0	79.0	99.0	79.0	78.0	67.0	73.0	107.0	72.0	73.0	76.0	73.0	103.0	73.0	72.0
210.545	84.0	109.0	76.0	85.0	110.0	76.0	86.0	107.0	84.0	87.0	78.0	82.0	113.0	81.0	79.0	83.0	86.0	112.0	79.0	81.0
210.64	84.0	109.0	73.0	75.0	103.0	78.0	78.0	105.0	77.0	84.0	78.0	78.0	104.0	79.0	80.0	83.0	80.0	105.0	79.0	76.0
210.735	77.0	101.0	74.0	78.0	103.0	72.0	81.0	102.0	74.0	81.0	76.0	77.0	106.0	73.0	76.0	78.0	80.0	98.0	70.0	75.0
210.83	86.0	108.0	70.0	82.0	103.0	80.0	81.0	96.0	79.0	76.0	84.0	80.0	110.0	75.0	80.0	84.0	76.0	110.0	74.0	78.0
210.925	76.0	110.0	74.0	74.0	103.0	77.0	85.0	98.0	72.0	78.0	76.0	80.0	107.0	75.0	74.0	72.0	77.0	106.0	75.0	77.0
211.02	77.0	110.0	77.0	70.0	107.0	70.0	81.0	100.0	73.0	80.0	77.0	74.0	104.0	71.0	70.0	74.0	75.0	106.0	71.0	72.0
211.114	72.0	106.0	74.0	76.0	100.0	75.0	74.0	98.0	73.0	76.0	74.0	76.0	104.0	78.0	75.0	79.0	75.0	94.0	63.0	72.0
211.209	79.0	114.0	79.0	75.0	99.0	76.0	81.0	103.0	76.0	86.0	70.0	78.0	110.0	80.0	76.0	76.0	78.0	110.0	73.0	76.0
211.304	75.0	110.0	73.0	75.0	103.0	77.0	79.0	103.0	74.0	82.0	65.0	78.0	111.0	76.0	72.0	73.0	77.0	103.0	77.0	76.0
211.399	75.0	103.0	70.0	75.0	105.0	78.0	81.0	96.0	75.0	76.0	80.0	76.0	104.0	73.0	76.0	76.0	76.0	106.0	72.0	78.0
211.494	80.0	102.0	78.0	74.0	103.0	78.0	77.0	101.0	76.0	72.0	78.0	79.0	106.0	70.0	82.0	75.0	77.0	108.0	72.0	76.0
211.59	80.0	109.0	77.0	74.0	105.0	83.0	81.0	104.0	83.0	75.0	77.0	83.0	108.0	81.0	82.0	79.0	75.0	108.0	73.0	79.0
211.685	93.0	111.0	80.0	83.0	114.0	89.0	88.0	108.0	86.0	88.0	86.0	87.0	118.0	86.0	89.0	81.0	85.0	121.0	82.0	84.0
211.78	90.0	118.0	85.0	86.0	116.0	91.0	90.0	111.0	84.0	90.0	86.0	85.0	118.0	87.0	82.0	86.0	89.0	115.0	90.0	86.0
211.875	76.0	108.0	75.0	77.0	106.0	72.0	78.0	97.0	81.0	79.0	78.0	78.0	108.0	77.0	76.0	75.0	82.0	101.0	72.0	74.0
211.97	85.0	104.0	70.0	77.0	100.0	74.0	79.0	103.0	80.0	83.0	70.0	78.0	104.0	81.0	81.0	79.0	81.0	101.0	75.0	74.0
212.065	88.0	117.0	86.0	84.0	116.0	90.0	90.0	115.0	88.0	88.0	82.0	85.0	116.0	84.0	89.0	86.0	89.0	113.0	83.0	89.0
212.16	74.0	111.0	76.0	79.0	98.0	78.0	74.0	105.0	80.0	82.0	71.0	81.0	103.0	70.0	77.0	82.0	82.0	102.0	76.0	81.0
212.255	73.0	105.0	81.0	73.0	110.0	76.0	74.0	103.0	78.0	72.0	79.0	82.0	104.0	67.0	80.0	83.0	80.0	102.0	71.0	76.0
212.35	83.0	102.0	76.0	77.0	109.0	75.0	76.0	94.0	75.0	76.0	69.0	79.0	107.0	74.0	75.0	80.0	77.0	108.0	74.0	78.0
212.446	83.0	106.0	73.0	72.0	102.0	76.0	80.0	104.0	71.0	75.0	80.0	79.0	105.0	82.0	76.0	75.0	76.0	109.0	75.0	76.0
212.541	80.0	104.0	78.0	82.0	113.0	79.0	83.0	105.0	78.0	88.0	77.0	83.0	110.0	71.0	76.0	76.0	80.0	110.0	77.0	76.0
212.636	85.0	115.0	84.0	86.0	114.0	89.0	86.0	109.0	85.0	83.0	88.0	82.0	115.0	83.0	74.0	89.0	86.0	116.0	83.0	83.0
212.731	79.0	111.0	75.0	74.0	105.0	74.0	82.0	101.0	73.0	74.0	76.0	73.0	104.0	72.0	80.0	78.0	81.0	103.0	72.0	76.0
212.827	81.0	103.0	73.0	78.0	102.0	76.0	78.0	99.0	75.0	76.0	74.0	81.0	108.0	70.0	76.0	77.0	83.0	105.0	73.0	77.0
212.922	75.0	110.0	74.0	77.0	111.0	78.0	72.0	99.0	73.0	83.0	72.0	78.0	103.0	73.0	77.0	84.0	76.0	105.0	75.0	77.0
213.017	78.0	106.0	80.0	75.0	103.0	80.0	76.0	104.0	75.0	80.0	74.0	77.0	107.0	73.0	76.0	77.0	78.0	100.0	77.0	77.0
213.112	77.0	105.0	72.0	73.0	101.0	76.0	79.0	94.0	78.0	72.0	72.0	76.0	112.0	75.0	83.0	86.0	77.0	101.0	72.0	77.0
213.208	78.0	104.0	64.0	78.0	104.0	80.0	82.0	95.0	80.0	85.0	78.0	77.0	113.0	79.0	79.0	74.0	77.0	108.0	75.0	77.0
213.303	78.0	112.0	76.0	78.0	103.0	78.0	80.0	110.0	74.0	83.0	79.0	81.0	102.0	80.0	79.0	74.0	78.0	108.0	78.0	82.0
213.398	73.0	110.0	69.0	74.0	100.0	75.0	74.0	102.0	73.0	77.0	73.0	74.0	108.0	75.0	76.0	73.0	77.0	105.0	71.0	80.0
213.494	77.0	106.0	71.0	78.0	97.0	79.0	82.0	105.0	77.0	77.0	74.0	78.0	108.0	73.0	82.0	74.0	75.0	101.0	70.0	71.0
213.589	81.0	109.0	75.0	81.0	105.0	84.0	84.0	102.0	78.0	84.0	76.0	83.0	110.0	73.0	78.0	79.0	81.0	106.0	76.0	73.0
213.684	78.0	106.0	74.0	77.0	111.0	77.0	77.0	100.0	79.0	77.0	79.0	80.0	103.0	78.0	78.0	78.0	78.0	104.0	77.0	80.0
213.78	79.0	107.0	78.0	70.0	109.0	77.0	79.0	103.0	78.0	83.0	81.0	85.0	109.0	73.0	82.0	78.0	78.0	102.0	79.0	82.0
213.875	78.0	106.0	77.0	73.0	102.0	77.0	81.0	103.0	80.0	73.0	73.0	82.0	101.0	74.0	78.0	76.0	78.0	104.0	74.0	75.0
213.971	79.0	110.0	72.0	76.0	100.0	78.0	84.0	96.0	73.0	78.0	77.0	76.0	111.0	75.0	78.0	75.0	79.0	106.0	77.0	76.0
214.066	82.0	113.0	76.0	77.0	107.0	74.0	81.0	105.0	75.0	79.0	71.0	77.0	108.0	73.0	75.0	72.0	76.0	106.0	75.0	81.0
214.162	80.0	113.0	76.0	79.0	103.0	74.0	76.0	103.0	77.0	79.0	76.0	79.0	104.0	78.0	68.0	76.0	79.0	102.0	71.0	77.0
214.257	76.0	104.0	73.0	79.0	96.0	74.0	86.0	105.0	79.0	72.0	75.0	80.0	108.0	72.0	74.0	78.0	78.0	105.0	75.0	77.0
214.353	84.0	103.0	74.0	77.0	102.0	74.0	81.0	103.0	80.0	78.0	81.0	81.0	107.0	76.0	83.0	70.0	78.0	108.0	73.0	74.0
214.448	76.0	104.0	75.0	75.0	98.0	79.0	73.0	101.0	78.0	87.0	76.0	81.0	110.0	75.0	72.0	76.0	76.0	108.0	76.0	79.0
214.544	78.0	112.0	73.0	70.0	107.0	80.0	76.0	107.0	79.0	78.0	78.0	80.0	107.0	76.0	82.0	84.0	81.0	102.0	74.0	74.0
214.639	77.0	102.0	76.0	79.0	100.0	80.0	73.0	102.0	84.0	76.0	80.0	79.0	98.0	69.0	81.0	80.0	76.0	104.0	72.0	80.0
214.735	80.0	101.0	75.0	72.0	104.0	79.0	79.0	104.0	74.0	76.0	78.0	78.0	105.0	80.0	80.0	79.0	71.0	106.0	70.0	77.0
214.83	82.0	110.0	74.0	81.0	104.0	82.0	81.0	97.0	79.0	82.0	79.0	82.0	106.0	80.0	78.0	80.0	82.0	111.0	74.0	82.0
214.926	78.0	104.0	71.0	79.0	106.0	80.0	78.0	100.0	84.0	83.0	83.0	78.0	106.0	78.0	78.0	80.0	83.0	105.0	78.0	80.0
215.022	78.0	103.0	82.0	77.0	104.0	76.0	81.0	108.0	87.0	78.0	78.0	79.0	104.0	79.0	82.0	80.0	75.0	103.0	70.0	73.0
215.117	80.0	110.0	78.0	82.0	102.0	82.0	84.0	104.0	85.0	83.0	76.0	82.0	109.0	79.0	84.0	83.0	80.0	108.0	83.0	73.0
215.213	85.0	110.0	79.0	78.0	105.0	87.0	84.0	100.0	87.0	83.0	80.0	91.0	109.0	80.0	92.0	86.0	82.0	110.0	87.0	81.0
215.308	75.0	104.0	78.0	83.0	107.0	84.0	82.0	101.0	86.0	81.0	82.0	84.0	105.0	79.0	86.0	86.0	83.0	110.0	80.0	84.0
215.404	83.0	105.0	80.0	73.0	105.0	81.0	78.0	102.0	89.0	83.0	87.0	81.0	102.0	79.0	83.0	84.0	81.0	110.0	76.0	76.0
215.5	81.0	108.0	75.0	76.0	107.0	81.0	90.0	102.0	85.0	74.0	78.0	78.0	103.0	78.0	79.0	79.0	78.0	109.0	72.0	78.0
215.596	82.0	111.0	80.0	88.0	106.0	84.0	80.0	110.0	77.0	83.0	83.0	79.0	106.0	82.0	77.0	77.0	81.0	115.0	82.0	83.0
215.691	72.0	106.0	79.0	77.0	108.0	79.0	83.0	106.0	79.0	80.0	77.0	75.0	107.0	82.0	80.0	78.0	82.0	102.0	76.0	78.0
215.787	77.0	104.0	81.0	80.0	105.0	71.0	78.0	102.0	75.0	82.0	78.0	73.0	105.0	76.0	78.0	78.0	76.0	101.0	71.0	80.0
215.883	77.0	108.0	74.0	73.0	104.0	79.0	85.0	100.0	81.0	76.0	73.0	76.0	104.0	75.0	84.0	82.0	83.0	103.0	74.0	79.0
215.979	78.0	104.0	72.0	82.0	103.0	83.0	82.0	104.0	76.0	80.0	77.0	79.0	106.0	81.0	82.0	77.0	82.0	105.0	77.0	77.0
216.074	95.0	120.0	91.0	97.0	123.0	95.0	90.0	122.0	101.0	101.0	97.0	99.0	116.0	96.0	96.0	92.0	98.0	128.0	96.0	92.0
216.17	74.0	104.0	79.0	77.0	106.0	80.0	78.0	103.0	79.0	81.0	76.0	81.0	101.0	76.0	83.0	81.0	82.0	111.0	80.0	79.0
216.266	86.0	112.0	78.0	80.0	104.0	88.0	95.0	100.0	85.0	82.0	78.0	86.0	117.0	80.0	79.0	83.0	79.0	109.0	78.0	85.0
216.362	86.0	111.0	76.0	81.0	105.0	85.0	83.0	103.0	85.0	78.0	85.0	81.0	112.0	84.0	79.0	73.0	76.0	109.0	80.0	78.0
216.458	75.0	108.0	78.0	82.0	105.0	79.0	79.0	108.0	80.0	76.0	80.0	73.0	110.0	80.0	72.0	72.0	82.0	96.0	76.0	81.0
216.553	75.0	105.0	77.0	80.0	103.0	78.0	82.0	105.0	79.0	82.0	81.0	84.0	109.0	76.0	76.0	78.0	78.0	101.0	73.0	80.0
216.649	81.0	107.0	77.0	78.0	98.0	84.0	83.0	104.0	74.0	81.0	72.0	78.0	102.0	76.0	74.0	80.0	73.0	108.0	77.0	76.0
216.745	78.0	110.0	75.0	75.0	99.0	82.0	81.0	105.0	78.0	81.0	68.0	82.0	110.0	79.0	77.0	75.0	72.0	107.0	78.0	83.0
216.841	79.0	110.0	71.0	80.0	106.0	77.0	80.0	105.0	82.0	86.0	78.0	79.0	108.0	83.0	79.0	79.0	80.0	100.0	82.0	80.0
216.937	74.0	103.0	78.0	72.0	108.0	72.0	79.0	107.0	79.0	77.0	77.0	77.0	105.0	72.0	81.0	73.0	82.0	102.0	73.0	78.0
217.033	80.0	107.0	66.0	78.0	104.0	77.0	82.0	100.0	81.0	74.0	80.0	83.0	108.0	74.0	78.0	80.0	74.0	109.0	72.0	72.0
217.129	77.0	108.0	73.0	82.0	104.0	70.0	82.0	102.0	73.0	76.0	75.0	85.0	109.0	81.0	79.0	71.0	78.0	105.0	76.0	75.0
217.225	83.0	110.0	78.0	81.0	101.0	84.0	88.0	105.0	81.0	88.0	77.0	82.0	107.0	84.0	79.0	81.0	86.0	110.0	77.0	77.0
217.321	74.0	104.0	74.0	81.0	101.0	74.0	82.0	103.0	79.0	84.0	74.0	79.0	107.0	75.0	73.0	80.0	81.0	105.0	68.0	78.0
217.417	78.0	105.0	80.0	79.0	97.0	70.0	81.0	104.0	80.0	80.0	82.0	81.0	103.0	75.0	79.0	81.0	75.0	104.0	70.0	76.0
217.513	74.0	106.0	73.0	74.0	100.0	75.0	79.0	109.0	81.0	74.0	72.0	82.0	108.0	75.0	79.0	76.0	78.0	109.0	76.0	77.0
217.609	81.0	108.0	78.0	87.0	109.0	76.0	82.0	113.0	81.0	90.0	77.0	81.0	109.0	82.0	77.0	78.0	86.0	113.0	77.0	85.0
217.705	84.0	107.0	80.0	76.0	109.0	81.0	77.0	102.0	82.0	79.0	79.0	81.0	104.0	76.0	79.0	72.0	78.0	108.0	72.0	83.0
217.801	80.0	105.0	74.0	79.0	107.0	75.0	82.0	103.0	77.0	83.0	80.0	80.0	106.0	81.0	74.0	76.0	77.0	103.0	71.0	82.0
217.897	82.0	103.0	74.0	77.0	104.0	76.0	86.0	107.0	72.0	76.0	79.0	84.0	108.0	88.0	84.0	76.0	78.0	103.0	78.0	74.0
217.993	76.0	104.0	73.0	82.0	100.0	80.0	84.0	108.0	69.0	83.0	79.0	81.0	111.0	83.0	79.0	78.0	80.0	102.0	78.0	79.0
218.089	99.0	126.0	97.0	104.0	126.0	97.0	101.0	118.0	111.0	100.0	105.0	102.0	121.0	95.0	99.0	102.0	103.0	128.0	99.0	100.0
218.185	85.0	107.0	76.0	80.0	104.0	84.0	82.0	112.0	86.0	83.0	82.0	86.0	110.0	78.0	81.0	85.0	81.0	114.0	83.0	86.0
218.282	78.0	112.0	72.0	78.0	105.0	78.0	83.0	98.0	80.0	79.0	75.0	81.0	109.0	81.0	86.0	79.0	77.0	112.0	77.0	82.0
218.378	81.0	108.0	71.0	81.0	110.0	84.0	80.0	107.0	84.0	78.0	77.0	80.0	113.0	84.0	82.0	83.0	79.0	110.0	74.0	81.0
218.474	78.0	109.0	75.0	79.0	100.0	79.0	76.0	103.0	83.0	84.0	81.0	81.0	106.0	73.0	77.0	84.0	80.0	105.0	77.0	82.0
218.57	83.0	110.0	77.0	83.0	105.0	80.0	84.0	98.0	87.0	75.0	77.0	88.0	110.0	79.0	85.0	86.0	78.0	109.0	74.0	77.0
218.666	78.0	105.0	75.0	81.0	107.0	78.0	82.0	101.0	83.0	80.0	74.0	83.0	103.0	76.0	81.0	81.0	75.0	107.0	75.0	77.0
218.762	82.0	112.0	85.0	90.0	109.0	88.0	88.0	102.0	77.0	89.0	83.0	87.0	118.0	82.0	83.0	82.0	90.0	117.0	86.0	84.0
218.859	87.0	106.0	85.0	83.0	110.0	86.0	88.0	110.0	85.0	88.0	82.0	81.0	107.0	83.0	77.0	86.0	84.0	113.0	82.0	84.0
218.955	79.0	108.0	81.0	76.0	97.0	80.0	87.0	106.0	87.0	82.0	80.0	83.0	99.0	73.0	81.0	78.0	75.0	106.0	68.0	79.0
219.051	78.0	106.0	72.0	76.0	102.0	81.0	83.0	95.0	76.0	79.0	68.0	82.0	108.0	78.0	81.0	78.0	81.0	108.0	76.0	74.0
219.147	78.0	103.0	76.0	78.0	107.0	73.0	83.0	100.0	72.0	82.0	75.0	80.0	103.0	77.0	79.0	77.0	81.0	106.0	81.0	79.0
219.244	79.0	104.0	76.0	78.0	101.0	78.0	75.0	99.0	81.0	82.0	84.0	82.0	101.0	70.0	85.0	81.0	79.0	100.0	80.0	76.0
219.34	78.0	108.0	73.0	79.0	106.0	77.0	82.0	102.0	79.0	85.0	79.0	81.0	110.0	75.0	80.0	84.0	75.0	108.0	80.0	80.0
219.436	83.0	115.0	76.0	82.0	103.0	79.0	82.0	99.0	79.0	76.0	74.0	79.0	107.0	82.0	75.0	78.0	78.0	105.0	79.0	79.0
219.533	82.0	110.0	75.0	86.0	106.0	87.0	84.0	102.0	73.0	84.0	77.0	87.0	109.0	82.0	82.0	72.0	86.0	112.0	77.0	74.0
219.629	75.0	106.0	76.0	78.0	104.0	78.0	78.0	106.0	80.0	83.0	73.0	79.0	110.0	78.0	75.0	75.0	78.0	108.0	74.0	83.0
219.725	79.0	106.0	80.0	76.0	97.0	69.0	78.0	106.0	84.0	78.0	79.0	82.0	106.0	74.0	77.0	83.0	76.0	101.0	71.0	82.0
219.822	85.0	118.0	78.0	78.0	100.0	80.0	84.0	105.0	86.0	84.0	76.0	87.0	112.0	78.0	90.0	82.0	87.0	115.0	75.0	75.0
219.918	77.0	108.0	73.0	76.0	104.0	80.0	84.0	98.0	83.0	80.0	75.0	81.0	104.0	82.0	74.0	85.0	77.0	107.0	71.0	78.0
220.015	82.0	115.0	85.0	80.0	111.0	81.0	85.0	108.0	84.0	88.0	85.0	89.0	112.0	92.0	87.0	85.0	82.0	115.0	85.0	86.0
220.111	80.0	102.0	80.0	74.0	103.0	81.0	82.0	99.0	81.0	79.0	81.0	78.0	108.0	75.0	79.0	80.0	77.0	107.0	72.0	75.0
220.208	78.0	102.0	78.0	79.0	103.0	78.0	81.0	104.0	78.0	76.0	72.0	83.0	109.0	78.0	80.0	77.0	76.0	109.0	72.0	78.0
220.304	78.0	112.0	75.0	82.0	101.0	84.0	86.0	105.0	76.0	83.0	75.0	86.0	108.0	80.0	83.0	78.0	77.0	111.0	76.0	73.0
220.4	80.0	104.0	80.0	75.0	100.0	82.0	78.0	106.0	82.0	86.0	76.0	76.0	102.0	84.0	76.0	83.0	78.0	101.0	82.0	77.0
220.497	79.0	111.0	79.0	74.0	102.0	77.0	82.0	104.0	84.0	81.0	77.0	82.0	105.0	77.0	78.0	81.0	84.0	105.0	75.0	75.0
220.593	83.0	106.0	78.0	86.0	98.0	75.0	86.0	102.0	83.0	75.0	73.0	81.0	96.0	78.0	80.0	81.0	83.0	108.0	77.0	76.0
220.69	80.0	107.0	77.0	80.0	103.0	83.0	79.0	98.0	77.0	83.0	76.0	84.0	112.0	84.0	88.0	83.0	78.0	109.0	82.0	73.0
220.786	92.0	122.0	89.0	88.0	121.0	94.0	87.0	114.0	92.0	88.0	88.0	98.0	116.0	92.0	89.0	92.0	89.0	111.0	86.0	91.0
220.883	80.0	108.0	73.0	80.0	103.0	78.0	78.0	100.0	82.0	82.0	77.0	82.0	103.0	75.0	79.0	80.0	74.0	102.0	71.0	81.0
220.98	73.0	102.0	70.0	84.0	103.0	80.0	81.0	107.0	86.0	79.0	83.0	80.0	107.0	75.0	78.0	77.0	79.0	107.0	75.0	80.0
221.076	82.0	106.0	76.0	83.0	101.0	80.0	81.0	103.0	77.0	75.0	78.0	78.0	108.0	80.0	82.0	77.0	80.0	110.0	83.0	78.0
221.173	81.0	111.0	74.0	78.0	104.0	80.0	83.0	106.0	81.0	80.0	76.0	82.0	105.0	82.0	80.0	80.0	84.0	99.0	80.0	82.0
221.269	79.0	109.0	78.0	77.0	106.0	74.0	82.0	105.0	83.0	80.0	82.0	81.0	104.0	80.0	78.0	77.0	82.0	108.0	73.0	80.0
221.366	78.0	108.0	73.0	82.0	95.0	75.0	79.0	104.0	77.0	78.0	75.0	80.0	111.0	80.0	86.0	80.0	79.0	113.0	74.0	73.0
221.463	84.0	108.0	76.0	83.0	102.0	79.0	82.0	101.0	79.0	78.0	71.0	77.0	108.0	81.0	80.0	84.0	83.0	112.0	79.0	79.0
221.559	79.0	110.0	74.0	77.0	106.0	88.0	80.0	102.0	78.0	76.0	77.0	85.0	111.0	78.0	84.0	79.0	83.0	106.0	79.0	80.0
221.656	83.0	104.0	85.0	81.0	105.0	78.0	80.0	106.0	81.0	84.0	79.0	84.0	111.0	78.0	80.0	82.0	83.0	109.0	78.0	83.0
221.753	80.0	108.0	75.0	79.0	105.0	84.0	84.0	104.0	81.0	78.0	82.0	82.0	110.0	76.0	72.0	80.0	74.0	107.0	79.0	79.0
221.849	83.0	113.0	74.0	82.0	104.0	82.0	85.0	104.0	81.0	80.0	82.0	90.0	109.0	84.0	86.0	75.0	86.0	112.0	76.0	79.0
221.946	77.0	108.0	87.0	82.0	107.0	85.0	83.0	103.0	82.0	84.0	77.0	80.0	105.0	82.0	81.0	84.0	86.0	106.0	81.0	86.0
222.043	77.0	107.0	83.0	79.0	106.0	82.0	81.0	103.0	88.0	85.0	77.0	81.0	106.0	83.0	85.0	80.0	77.0	115.0	77.0	79.0
222.14	81.0	106.0	79.0	81.0	102.0	88.0	86.0	99.0	91.0	82.0	83.0	87.0	110.0	85.0	85.0	86.0	80.0	117.0	85.0	79.0
222.236	83.0	107.0	74.0	84.0	102.0	82.0	86.0	104.0	86.0	84.0	80.0	89.0	109.0	80.0	86.0	82.0	83.0	119.0	77.0	70.0
222.333	82.0	108.0	81.0	82.0	106.0	79.0	81.0	109.0	87.0	85.0	80.0	83.0	112.0	86.0	84.0	83.0	80.0	111.0	77.0	83.0
222.43	83.0	109.0	85.0	87.0	101.0	88.0	82.0	101.0	96.0	89.0	97.0	90.0	105.0	89.0	92.0	91.0	88.0	122.0	84.0	89.0
222.527	80.0	106.0	80.0	84.0	103.0	84.0	88.0	104.0	95.0	84.0	87.0	89.0	107.0	91.0	88.0	89.0	85.0	119.0	78.0	89.0
222.624	79.0	109.0	85.0	86.0	107.0	82.0	88.0	101.0	88.0	82.0	80.0	95.0	108.0	89.0	83.0	86.0	83.0	115.0	80.0	83.0
222.72	77.0	109.0	73.0	85.0	105.0	83.0	81.0	105.0	84.0	79.0	76.0	84.0	103.0	77.0	79.0	83.0	80.0	108.0	78.0	80.0
222.817	74.0	107.0	77.0	79.0	105.0	76.0	81.0	103.0	80.0	79.0	80.0	75.0	112.0	77.0	78.0	82.0	78.0	108.0	73.0	78.0
222.914	82.0	104.0	74.0	71.0	104.0	75.0	80.0	106.0	86.0	78.0	79.0	83.0	109.0	78.0	85.0	80.0	82.0	108.0	72.0	82.0
223.011	80.0	108.0	74.0	74.0	99.0	82.0	85.0	100.0	79.0	80.0	74.0	87.0	108.0	77.0	82.0	77.0	79.0	112.0	68.0	74.0
223.108	88.0	115.0	95.0	87.0	116.0	98.0	93.0	114.0	92.0	100.0	89.0	93.0	113.0	98.0	88.0	92.0	95.0	122.0	86.0	96.0
223.205	80.0	104.0	81.0	81.0	111.0	85.0	80.0	105.0	83.0	86.0	84.0	83.0	108.0	83.0	86.0	85.0	79.0	110.0	80.0	86.0
223.302	76.0	108.0	77.0	79.0	106.0	76.0	81.0	100.0	81.0	83.0	84.0	82.0	104.0	76.0	86.0	81.0	83.0	109.0	77.0	81.0
223.399	75.0	110.0	71.0	82.0	96.0	80.0	79.0	105.0	79.0	78.0	77.0	86.0	111.0	78.0	79.0	77.0	77.0	106.0	74.0	77.0
223.496	84.0	107.0	81.0	86.0	106.0	78.0	76.0	107.0	82.0	85.0	82.0	81.0	111.0	84.0	84.0	88.0	81.0	105.0	84.0	78.0
223.593	77.0	106.0	73.0	82.0	98.0	82.0	80.0	103.0	83.0	88.0	76.0	82.0	102.0	81.0	77.0	84.0	79.0	108.0	76.0	83.0
223.69	110.0	140.0	104.0	105.0	124.0	102.0	105.0	134.0	107.0	110.0	107.0	108.0	136.0	104.0	112.0	103.0	106.0	140.0	103.0	105.0
223.787	84.0	105.0	82.0	78.0	102.0	76.0	84.0	104.0	81.0	83.0	81.0	89.0	112.0	80.0	82.0	80.0	84.0	113.0	82.0	73.0
223.884	80.0	110.0	76.0	85.0	103.0	84.0	87.0	104.0	86.0	79.0	78.0	78.0	107.0	83.0	84.0	83.0	79.0	108.0	80.0	82.0
223.981	76.0	107.0	76.0	79.0	102.0	86.0	75.0	97.0	77.0	80.0	77.0	79.0	106.0	77.0	88.0	84.0	82.0	106.0	79.0	79.0
224.078	86.0	108.0	83.0	82.0	106.0	90.0	85.0	100.0	89.0	89.0	84.0	90.0	115.0	76.0	85.0	84.0	81.0	111.0	83.0	81.0
224.175	76.0	104.0	76.0	81.0	98.0	81.0	87.0	105.0	86.0	80.0	78.0	83.0	109.0	80.0	82.0	73.0	80.0	108.0	78.0	78.0
224.272	81.0	109.0	81.0	77.0	101.0	83.0	84.0	100.0	78.0	86.0	71.0	84.0	103.0	84.0	82.0	80.0	83.0	110.0	74.0	81.0
224.369	76.0	109.0	83.0	82.0	106.0	87.0	81.0	101.0	77.0	88.0	84.0	79.0	111.0	84.0	88.0	84.0	87.0	108.0	76.0	87.0
224.466	80.0	109.0	79.0	80.0	108.0	83.0	78.0	106.0	93.0	85.0	83.0	80.0	106.0	81.0	81.0	87.0	79.0	112.0	73.0	83.0
224.563	80.0	108.0	75.0	85.0	101.0	79.0	82.0	103.0	87.0	84.0	80.0	83.0	114.0	83.0	81.0	84.0	81.0	108.0	81.0	81.0
224.66	84.0	109.0	78.0	89.0	102.0	85.0	86.0	100.0	81.0	85.0	78.0	90.0	114.0	81.0	85.0	87.0	79.0	111.0	87.0	81.0
224.757	87.0	105.0	87.0	86.0	110.0	88.0	80.0	103.0	90.0	85.0	87.0	88.0	106.0	86.0	86.0	86.0	84.0	114.0	80.0	82.0
224.855	84.0	98.0	78.0	83.0	102.0	83.0	74.0	103.0	90.0	84.0	83.0	85.0	102.0	82.0	84.0	84.0	78.0	112.0	80.0	79.0
224.952	78.0	111.0	76.0	88.0	106.0	80.0	84.0	109.0	80.0	78.0	75.0	83.0	103.0	84.0	85.0	80.0	81.0	107.0	75.0	86.0
225.049	79.0	113.0	78.0	75.0	100.0	81.0	81.0	109.0	79.0	80.0	79.0	82.0	106.0	79.0	87.0	80.0	84.0	111.0	77.0	76.0
225.146	83.0	111.0	77.0	79.0	99.0	83.0	79.0	106.0	80.0	91.0	78.0	78.0	105.0	79.0	77.0	78.0	84.0	104.0	82.0	78.0
225.243	80.0	111.0	81.0	79.0	106.0	79.0	89.0	107.0	85.0	83.0	76.0	76.0	108.0	87.0	85.0	80.0	78.0	106.0	79.0	81.0
225.341	83.0	111.0	77.0	80.0	104.0	88.0	83.0	101.0	92.0	86.0	81.0	86.0	111.0	85.0	83.0	86.0	77.0	115.0	79.0	81.0
225.438	87.0	107.0	85.0	82.0	107.0	98.0	93.0	108.0	100.0	90.0	97.0	99.0	109.0	98.0	100.0	94.0	86.0	124.0	91.0	91.0
225.535	84.0	110.0	86.0	86.0	101.0	93.0	94.0	103.0	103.0	97.0	100.0	96.0	102.0	104.0	102.0	95.0	95.0	121.0	90.0	99.0
225.633	77.0	112.0	79.0	82.0	106.0	84.0	82.0	102.0	91.0	92.0	90.0	91.0	111.0	82.0	92.0	88.0	85.0	116.0	84.0	82.0
225.73	79.0	110.0	84.0	83.0	107.0	81.0	91.0	103.0	89.0	81.0	88.0	94.0	117.0	80.0	84.0	88.0	81.0	108.0	76.0	82.0
225.827	82.0	114.0	80.0	79.0	106.0	82.0	81.0	104.0	87.0	75.0	81.0	94.0	104.0	81.0	85.0	79.0	84.0	108.0	78.0	86.0
225.924	80.0	105.0	83.0	79.0	103.0	82.0	89.0	104.0	81.0	82.0	81.0	78.0	105.0	81.0	81.0	79.0	86.0	105.0	80.0	81.0
226.022	89.0	116.0	90.0	90.0	112.0	87.0	92.0	115.0	100.0	92.0	88.0	90.0	121.0	88.0	83.0	97.0	96.0	124.0	82.0	90.0
226.119	83.0	112.0	82.0	84.0	96.0	79.0	86.0	105.0	84.0	81.0	76.0	87.0	104.0	83.0	80.0	89.0	85.0	114.0	77.0	80.0
226.217	85.0	110.0	90.0	90.0	101.0	95.0	92.0	106.0	100.0	89.0	85.0	93.0	108.0	91.0	97.0	95.0	86.0	127.0	89.0	86.0
226.314	87.0	112.0	90.0	90.0	107.0	105.0	91.0	102.0	105.0	96.0	98.0	103.0	104.0	96.0	101.0	99.0	92.0	127.0	89.0	100.0
226.411	85.0	108.0	88.0	84.0	108.0	88.0	83.0	100.0	95.0	85.0	88.0	85.0	106.0	84.0	83.0	89.0	85.0	114.0	84.0	79.0
226.509	78.0	104.0	73.0	79.0	105.0	84.0	86.0	100.0	89.0	80.0	81.0	88.0	105.0	74.0	82.0	82.0	72.0	106.0	77.0	81.0
226.606	86.0	113.0	83.0	84.0	107.0	89.0	91.0	101.0	86.0	85.0	81.0	89.0	111.0	86.0	89.0	85.0	86.0	111.0	89.0	87.0
226.704	87.0	114.0	78.0	93.0	109.0	89.0	88.0	108.0	92.0	91.0	85.0	93.0	113.0	83.0	94.0	93.0	87.0	113.0	89.0	87.0
226.801	82.0	107.0	82.0	80.0	106.0	77.0	84.0	103.0	88.0	84.0	80.0	82.0	104.0	85.0	72.0	86.0	80.0	106.0	77.0	81.0
226.899	87.0	109.0	81.0	81.0	100.0	81.0	86.0	97.0	87.0	91.0	79.0	84.0	111.0	86.0	88.0	87.0	85.0	113.0	80.0	80.0
226.996	84.0	108.0	86.0	77.0	99.0	79.0	79.0	103.0	87.0	90.0	77.0	86.0	106.0	83.0	88.0	82.0	87.0	110.0	79.0	74.0
227.094	86.0	115.0	81.0	83.0	110.0	80.0	92.0	105.0	90.0	86.0	85.0	90.0	106.0	90.0	87.0	92.0	83.0	117.0	82.0	84.0
227.191	75.0	108.0	80.0	75.0	106.0	75.0	82.0	104.0	85.0	83.0	83.0	86.0	103.0	77.0	84.0	76.0	80.0	109.0	74.0	82.0
227.289	86.0	98.0	77.0	85.0	98.0	86.0	78.0	96.0	87.0	86.0	81.0	80.0	105.0	80.0	83.0	89.0	81.0	110.0	81.0	82.0
227.386	81.0	109.0	81.0	83.0	101.0	81.0	84.0	109.0	92.0	79.0	79.0	86.0	110.0	85.0	84.0	81.0	80.0	114.0	82.0	84.0
227.484	81.0	107.0	84.0	81.0	107.0	81.0	86.0	107.0	82.0	83.0	84.0	81.0	109.0	84.0	81.0	76.0	85.0	112.0	82.0	83.0
227.581	80.0	106.0	82.0	79.0	106.0	82.0	80.0	102.0	86.0	85.0	81.0	80.0	108.0	85.0	77.0	81.0	86.0	104.0	76.0	79.0
227.679	90.0	127.0	91.0	103.0	116.0	96.0	101.0	118.0	105.0	97.0	99.0	103.0	125.0	96.0	97.0	98.0	96.0	123.0	90.0	94.0
227.777	81.0	112.0	82.0	85.0	109.0	84.0	88.0	111.0	90.0	81.0	85.0	89.0	110.0	82.0	85.0	85.0	81.0	110.0	87.0	79.0
227.874	84.0	112.0	80.0	81.0	104.0	76.0	80.0	105.0	89.0	87.0	81.0	87.0	108.0	82.0	80.0	79.0	85.0	112.0	77.0	81.0
227.972	78.0	109.0	79.0	81.0	108.0	82.0	87.0	97.0	87.0	86.0	79.0	86.0	105.0	80.0	84.0	89.0	84.0	112.0	76.0	74.0
228.069	86.0	109.0	84.0	81.0	105.0	76.0	83.0	102.0	86.0	84.0	80.0	87.0	105.0	79.0	84.0	86.0	78.0	113.0	77.0	80.0
228.167	83.0	109.0	73.0	81.0	107.0	89.0	89.0	103.0	84.0	80.0	81.0	90.0	110.0	81.0	86.0	84.0	82.0	116.0	76.0	81.0
228.265	85.0	108.0	78.0	83.0	104.0	82.0	84.0	103.0	80.0	84.0	77.0	83.0	108.0	79.0	86.0	81.0	81.0	108.0	74.0	75.0
228.363	84.0	110.0	81.0	78.0	109.0	83.0	89.0	107.0	83.0	88.0	81.0	85.0	107.0	82.0	77.0	83.0	86.0	108.0	76.0	81.0
228.46	77.0	105.0	83.0	83.0	105.0	80.0	82.0	106.0	86.0	84.0	83.0	81.0	109.0	81.0	79.0	88.0	90.0	105.0	81.0	78.0
228.558	77.0	105.0	74.0	85.0	102.0	78.0	88.0	110.0	90.0	81.0	79.0	85.0	111.0	82.0	84.0	79.0	84.0	111.0	83.0	76.0
228.656	76.0	105.0	83.0	79.0	101.0	85.0	82.0	102.0	87.0	89.0	80.0	88.0	108.0	89.0	83.0	88.0	85.0	107.0	80.0	81.0
228.753	103.0	124.0	95.0	93.0	123.0	110.0	105.0	123.0	109.0	108.0	103.0	109.0	126.0	102.0	108.0	108.0	108.0	135.0	103.0	108.0
228.851	84.0	106.0	86.0	90.0	103.0	84.0	86.0	99.0	97.0	89.0	85.0	92.0	109.0	82.0	86.0	89.0	82.0	115.0	78.0	89.0
228.949	89.0	107.0	80.0	87.0	101.0	88.0	96.0	100.0	102.0	89.0	92.0	99.0	109.0	88.0	83.0	93.0	86.0	122.0	76.0	78.0
229.047	93.0	111.0	87.0	91.0	109.0	95.0	95.0	106.0	96.0	91.0	88.0	102.0	105.0	100.0	89.0	95.0	92.0	119.0	82.0	81.0
229.145	87.0	106.0	82.0	85.0	104.0	90.0	94.0	103.0	90.0	91.0	81.0	91.0	112.0	82.0	84.0	96.0	88.0	108.0	80.0	88.0
229.242	80.0	107.0	77.0	81.0	106.0	86.0	91.0	100.0	89.0	85.0	84.0	85.0	105.0	88.0	79.0	92.0	87.0	112.0	74.0	77.0
229.34	80.0	112.0	79.0	81.0	101.0	87.0	83.0	105.0	94.0	92.0	80.0	90.0	105.0	83.0	81.0	87.0	87.0	114.0	84.0	78.0
229.438	89.0	109.0	81.0	85.0	110.0	85.0	88.0	108.0	83.0	84.0	81.0	92.0	105.0	85.0	85.0	83.0	86.0	105.0	79.0	82.0
229.536	88.0	108.0	80.0	84.0	105.0	85.0	80.0	97.0	88.0	81.0	83.0	84.0	106.0	84.0	84.0	87.0	84.0	116.0	77.0	85.0
229.634	88.0	109.0	85.0	86.0	109.0	90.0	90.0	109.0	89.0	92.0	87.0	87.0	111.0	84.0	90.0	88.0	89.0	114.0	83.0	90.0
229.732	84.0	109.0	79.0	85.0	108.0	87.0	90.0	109.0	92.0	84.0	85.0	86.0	111.0	86.0	89.0	92.0	89.0	117.0	81.0	85.0
229.83	79.0	113.0	76.0	80.0	102.0	83.0	90.0	107.0	88.0	85.0	80.0	84.0	102.0	89.0	88.0	81.0	84.0	109.0	78.0	81.0
229.928	89.0	115.0	89.0	94.0	114.0	93.0	94.0	109.0	95.0	98.0	93.0	97.0	108.0	94.0	96.0	92.0	89.0	115.0	87.0	95.0
230.026	76.0	105.0	80.0	84.0	106.0	72.0	87.0	100.0	88.0	83.0	83.0	87.0	103.0	80.0	79.0	85.0	86.0	107.0	82.0	81.0
230.124	82.0	109.0	80.0	85.0	96.0	79.0	82.0	92.0	92.0	86.0	84.0	79.0	106.0	82.0	86.0	88.0	84.0	108.0	77.0	74.0
230.222	86.0	107.0	79.0	81.0	108.0	86.0	87.0	106.0	84.0	80.0	74.0	85.0	108.0	84.0	85.0	83.0	77.0	112.0	82.0	80.0
230.32	84.0	108.0	78.0	82.0	111.0	85.0	81.0	100.0	89.0	89.0	79.0	84.0	103.0	83.0	85.0	77.0	83.0	105.0	78.0	88.0
230.418	80.0	101.0	83.0	77.0	108.0	86.0	84.0	98.0	83.0	88.0	81.0	86.0	107.0	83.0	78.0	87.0	84.0	108.0	80.0	84.0
230.516	86.0	110.0	80.0	85.0	108.0	90.0	90.0	102.0	92.0	89.0	78.0	88.0	113.0	80.0	84.0	83.0	83.0	111.0	80.0	82.0
230.614	87.0	112.0	76.0	87.0	106.0	89.0	86.0	106.0	88.0	85.0	77.0	84.0	108.0	85.0	79.0	83.0	79.0	109.0	86.0	82.0
230.712	86.0	112.0	88.0	83.0	104.0	87.0	88.0	111.0	88.0	90.0	86.0	90.0	106.0	80.0	89.0	77.0	87.0	112.0	81.0	81.0
230.81	78.0	108.0	84.0	81.0	104.0	83.0	86.0	105.0	82.0	88.0	79.0	85.0	104.0	76.0	82.0	80.0	81.0	106.0	75.0	79.0
230.908	78.0	104.0	80.0	86.0	109.0	85.0	86.0	105.0	83.0	82.0	81.0	85.0	110.0	78.0	77.0	76.0	84.0	108.0	79.0	74.0
231.006	89.0	109.0	86.0	88.0	104.0	89.0	90.0	112.0	86.0	88.0	81.0	89.0	109.0	84.0	86.0	82.0	82.0	113.0	81.0	77.0
231.104	84.0	112.0	84.0	84.0	106.0	85.0	92.0	100.0	88.0	83.0	81.0	92.0	106.0	84.0	92.0	82.0	84.0	116.0	82.0	78.0
231.202	83.0	107.0	79.0	78.0	101.0	87.0	82.0	102.0	82.0	81.0	88.0	92.0	110.0	80.0	84.0	81.0	90.0	115.0	74.0	80.0
231.3	86.0	104.0	78.0	77.0	98.0	83.0	90.0	103.0	93.0	81.0	86.0	84.0	107.0	81.0	85.0	80.0	79.0	112.0	76.0	80.0
231.398	89.0	105.0	78.0	86.0	103.0	82.0	90.0	96.0	91.0	84.0	81.0	84.0	113.0	78.0	81.0	78.0	76.0	111.0	79.0	79.0
231.497	84.0	110.0	83.0	88.0	109.0	82.0	86.0	108.0	82.0	83.0	79.0	86.0	110.0	84.0	86.0	83.0	87.0	110.0	78.0	78.0
231.595	82.0	106.0	82.0	81.0	102.0	79.0	83.0	103.0	79.0	92.0	82.0	81.0	107.0	80.0	79.0	82.0	86.0	107.0	73.0	81.0
231.693	76.0	109.0	81.0	82.0	105.0	82.0	84.0	104.0	85.0	85.0	78.0	82.0	113.0	86.0	83.0	79.0	83.0	111.0	73.0	74.0
231.791	92.0	116.0	94.0	87.0	111.0	94.0	96.0	110.0	100.0	95.0	89.0	97.0	118.0	94.0	96.0	87.0	84.0	117.0	83.0	87.0
231.889	80.0	114.0	88.0	87.0	108.0	88.0	95.0	110.0	84.0	88.0	81.0	92.0	106.0	79.0	88.0	88.0	88.0	112.0	86.0	79.0
231.988	83.0	105.0	82.0	78.0	107.0	85.0	80.0	105.0	88.0	87.0	84.0	87.0	106.0	78.0	78.0	78.0	85.0	101.0	80.0	83.0
232.086	83.0	108.0	84.0	81.0	108.0	89.0	83.0	104.0	87.0	89.0	86.0	89.0	110.0	81.0	84.0	82.0	74.0	111.0	72.0	76.0
232.184	88.0	109.0	83.0	88.0	102.0	86.0	87.0	106.0	94.0	81.0	88.0	89.0	109.0	89.0	88.0	77.0	75.0	109.0	82.0	80.0
232.282	83.0	107.0	79.0	88.0	107.0	84.0	88.0	103.0	89.0	88.0	82.0	87.0	114.0	82.0	84.0	81.0	79.0	110.0	86.0	82.0
232.381	89.0	109.0	86.0	84.0	106.0	88.0	90.0	105.0	87.0	85.0	81.0	89.0	109.0	78.0	84.0	83.0	84.0	111.0	81.0	85.0
232.479	76.0	104.0	81.0	87.0	98.0	90.0	90.0	106.0	94.0	87.0	86.0	92.0	110.0	85.0	92.0	90.0	85.0	116.0	77.0	83.0
232.577	90.0	107.0	86.0	88.0	99.0	95.0	88.0	106.0	93.0	94.0	93.0	97.0	110.0	92.0	93.0	86.0	90.0	117.0	81.0	85.0
232.676	85.0	112.0	88.0	100.0	100.0	94.0	90.0	103.0	96.0	92.0	93.0	95.0	109.0	89.0	91.0	94.0	83.0	112.0	83.0	88.0
232.774	85.0	105.0	81.0	91.0	104.0	88.0	89.0	100.0	93.0	89.0	88.0	89.0	109.0	85.0	93.0	90.0	88.0	114.0	80.0	84.0
232.872	84.0	104.0	83.0	84.0	104.0	91.0	91.0	108.0	98.0	93.0	94.0	97.0	109.0	90.0	90.0	97.0	85.0	115.0	82.0	81.0
232.971	90.0	113.0	89.0	92.0	110.0	94.0	91.0	113.0	101.0	92.0	93.0	90.0	117.0	95.0	94.0	96.0	86.0	115.0	80.0	91.0
233.069	85.0	108.0	85.0	86.0	102.0	92.0	89.0	101.0	90.0	85.0	86.0	96.0	109.0	85.0	91.0	81.0	84.0	110.0	81.0	82.0
233.168	83.0	113.0	85.0	83.0	112.0	96.0	87.0	107.0	85.0	86.0	89.0	89.0	112.0	81.0	91.0	84.0	85.0	108.0	82.0	84.0
233.266	82.0	111.0	81.0	83.0	105.0	93.0	90.0	105.0	101.0	94.0	96.0	97.0	107.0	88.0	89.0	90.0	78.0	118.0	83.0	77.0
233.364	84.0	113.0	86.0	91.0	94.0	86.0	86.0	110.0	97.0	90.0	89.0	93.0	105.0	89.0	96.0	87.0	80.0	119.0	79.0	82.0
233.463	88.0	112.0	89.0	87.0	103.0	93.0	92.0	99.0	95.0	85.0	87.0	95.0	112.0	94.0	96.0	92.0	86.0	119.0	86.0	91.0
233.561	88.0	105.0	90.0	87.0	99.0	90.0	89.0	100.0	97.0	93.0	98.0	97.0	100.0	90.0	94.0	93.0	83.0	113.0	82.0	90.0
233.66	93.0	106.0	84.0	94.0	104.0	100.0	94.0	102.0	98.0	94.0	95.0	101.0	113.0	91.0	88.0	87.0	90.0	121.0	82.0	91.0
233.758	88.0	114.0	84.0	100.0	105.0	103.0	97.0	110.0	93.0	94.0	95.0	98.0	105.0	91.0	94.0	88.0	89.0	121.0	93.0	89.0
233.857	90.0	111.0	84.0	85.0	105.0	96.0	89.0	102.0	93.0	89.0	90.0	90.0	108.0	86.0	88.0	81.0	87.0	114.0	77.0	85.0
233.955	88.0	106.0	88.0	91.0	101.0	91.0	90.0	105.0	97.0	96.0	99.0	97.0	106.0	95.0	98.0	88.0	88.0	120.0	87.0	83.0
234.054	87.0	107.0	91.0	94.0	106.0	95.0	95.0	101.0	110.0	101.0	106.0	90.0	108.0	98.0	96.0	98.0	84.0	122.0	81.0	81.0
234.153	91.0	111.0	84.0	95.0	100.0	100.0	91.0	111.0	100.0	102.0	101.0	98.0	108.0	89.0	96.0	92.0	84.0	128.0	92.0	86.0
234.251	89.0	111.0	84.0	89.0	101.0	95.0	89.0	106.0	101.0	90.0	86.0	88.0	110.0	89.0	94.0	90.0	84.0	112.0	85.0	83.0
234.35	86.0	111.0	84.0	88.0	109.0	88.0	83.0	101.0	88.0	93.0	89.0	87.0	103.0	86.0	92.0	84.0	83.0	120.0	84.0	84.0
234.448	85.0	112.0	80.0	84.0	105.0	92.0	93.0	108.0	87.0	91.0	91.0	93.0	107.0	87.0	94.0	84.0	84.0	117.0	83.0	88.0
234.547	76.0	110.0	78.0	86.0	106.0	87.0	84.0	109.0	87.0	87.0	86.0	84.0	108.0	82.0	92.0	83.0	78.0	109.0	84.0	81.0
234.645	87.0	106.0	86.0	86.0	104.0	90.0	89.0	109.0	92.0	87.0	88.0	85.0	103.0	86.0	83.0	84.0	84.0	115.0	85.0	86.0
234.744	92.0	110.0	91.0	87.0	107.0	93.0	91.0	110.0	92.0	84.0	83.0	96.0	112.0	88.0	83.0	85.0	88.0	112.0	87.0	84.0
234.843	85.0	113.0	80.0	89.0	112.0	89.0	88.0	107.0	90.0	93.0	91.0	89.0	112.0	86.0	87.0	86.0	88.0	113.0	85.0	87.0
234.941	82.0	107.0	85.0	88.0	99.0	84.0	86.0	100.0	86.0	87.0	84.0	84.0	113.0	86.0	84.0	85.0	82.0	109.0	84.0	78.0
235.04	84.0	107.0	80.0	83.0	103.0	83.0	88.0	108.0	84.0	82.0	81.0	89.0	109.0	82.0	84.0	78.0	78.0	112.0	78.0	80.0
235.139	86.0	110.0	83.0	88.0	108.0	93.0	94.0	109.0	90.0	89.0	86.0	89.0	109.0	77.0	86.0	85.0	84.0	115.0	84.0	85.0
235.238	80.0	106.0	78.0	84.0	103.0	85.0	82.0	104.0	90.0	87.0	76.0	91.0	108.0	82.0	86.0	85.0	80.0	109.0	78.0	81.0
235.336	86.0	109.0	77.0	87.0	107.0	96.0	83.0	111.0	92.0	90.0	83.0	92.0	108.0	88.0	92.0	93.0	88.0	115.0	83.0	88.0
235.435	86.0	114.0	72.0	96.0	101.0	88.0	87.0	104.0	92.0	89.0	87.0	82.0	105.0	82.0	87.0	79.0	80.0	117.0	77.0	82.0
235.534	83.0	109.0	81.0	87.0	105.0	85.0	84.0	106.0	86.0	89.0	80.0	91.0	107.0	84.0	86.0	84.0	78.0	111.0	82.0	79.0
235.632	82.0	107.0	87.0	80.0	112.0	83.0	92.0	102.0	88.0	88.0	82.0	82.0	109.0	86.0	82.0	81.0	80.0	108.0	77.0	83.0
235.731	82.0	104.0	82.0	89.0	103.0	84.0	82.0	107.0	92.0	85.0	85.0	83.0	109.0	86.0	84.0	85.0	83.0	114.0	81.0	78.0
235.83	86.0	109.0	85.0	87.0	99.0	92.0	85.0	103.0	90.0	94.0	85.0	98.0	112.0	84.0	90.0	80.0	84.0	118.0	80.0	80.0
235.929	81.0	110.0	84.0	91.0	106.0	94.0	87.0	102.0	88.0	92.0	78.0	92.0	108.0	84.0	86.0	82.0	83.0	104.0	81.0	81.0
236.028	83.0	109.0	87.0	85.0	110.0	85.0	85.0	109.0	85.0	87.0	79.0	96.0	105.0	86.0	88.0	84.0	82.0	113.0	81.0	80.0
236.127	97.0	120.0	95.0	95.0	110.0	98.0	99.0	117.0	103.0	101.0	96.0	106.0	116.0	95.0	96.0	93.0	90.0	119.0	85.0	94.0
236.225	88.0	104.0	78.0	84.0	102.0	82.0	88.0	110.0	90.0	82.0	83.0	88.0	111.0	80.0	90.0	80.0	76.0	116.0	78.0	81.0
236.324	85.0	108.0	84.0	82.0	97.0	91.0	89.0	102.0	84.0	88.0	86.0	88.0	108.0	81.0	85.0	89.0	80.0	111.0	77.0	82.0
236.423	80.0	106.0	87.0	80.0	105.0	89.0	86.0	97.0	87.0	89.0	88.0	84.0	105.0	82.0	83.0	85.0	82.0	101.0	79.0	86.0
236.522	82.0	108.0	82.0	87.0	106.0	84.0	84.0	102.0	96.0	85.0	85.0	89.0	105.0	87.0	91.0	87.0	84.0	116.0	83.0	83.0
236.621	85.0	112.0	82.0	86.0	104.0	92.0	86.0	109.0	99.0	93.0	88.0	92.0	106.0	92.0	94.0	87.0	88.0	119.0	90.0	88.0
236.72	84.0	112.0	83.0	90.0	106.0	100.0	84.0	104.0	89.0	87.0	86.0	84.0	105.0	84.0	86.0	85.0	84.0	118.0	78.0	84.0
236.819	89.0	107.0	87.0	91.0	112.0	103.0	90.0	110.0	99.0	101.0	102.0	100.0	106.0	100.0	104.0	97.0	94.0	123.0	86.0	93.0
236.918	81.0	105.0	86.0	89.0	104.0	90.0	89.0	105.0	93.0	92.0	93.0	91.0	107.0	87.0	89.0	83.0	84.0	122.0	84.0	83.0
237.017	85.0	105.0	79.0	92.0	102.0	92.0	94.0	104.0	94.0	90.0	82.0	91.0	106.0	82.0	90.0	80.0	80.0	114.0	83.0	86.0
237.116	88.0	110.0	84.0	87.0	111.0	91.0	91.0	105.0	89.0	92.0	86.0	94.0	106.0	89.0	89.0	87.0	84.0	117.0	82.0	82.0
237.215	79.0	108.0	82.0	90.0	107.0	95.0	89.0	104.0	91.0	92.0	89.0	91.0	109.0	89.0	90.0	89.0	90.0	112.0	79.0	81.0
237.314	81.0	110.0	81.0	80.0	108.0	93.0	88.0	106.0	99.0	90.0	85.0	92.0	108.0	89.0	88.0	91.0	87.0	110.0	83.0	82.0
237.413	86.0	111.0	87.0	88.0	97.0	91.0	88.0	98.0	105.0	98.0	93.0	91.0	111.0	87.0	88.0	86.0	87.0	120.0	92.0	87.0
237.512	92.0	112.0	90.0	106.0	112.0	115.0	90.0	109.0	99.0	97.0	89.0	101.0	113.0	92.0	97.0	88.0	89.0	134.0	94.0	92.0
237.611	90.0	111.0	91.0	102.0	109.0	118.0	92.0	107.0	98.0	108.0	94.0	98.0	109.0	88.0	97.0	94.0	95.0	123.0	94.0	92.0
237.71	79.0	104.0	82.0	93.0	103.0	97.0	87.0	104.0	94.0	100.0	87.0	95.0	110.0	88.0	93.0	90.0	88.0	122.0	86.0	83.0
237.809	89.0	109.0	83.0	91.0	109.0	90.0	90.0	105.0	93.0	90.0	90.0	95.0	115.0	83.0	92.0	86.0	84.0	118.0	82.0	88.0
237.908	85.0	110.0	82.0	91.0	106.0	90.0	86.0	101.0	90.0	85.0	85.0	93.0	106.0	87.0	91.0	85.0	86.0	120.0	81.0	87.0
238.007	88.0	111.0	85.0	83.0	110.0	99.0	90.0	104.0	87.0	90.0	84.0	89.0	105.0	91.0	88.0	88.0	83.0	112.0	78.0	90.0
238.106	76.0	107.0	81.0	88.0	99.0	86.0	90.0	109.0	92.0	97.0	85.0	90.0	106.0	88.0	88.0	84.0	83.0	116.0	76.0	76.0
238.205	86.0	108.0	85.0	94.0	100.0	95.0	93.0	107.0	96.0	98.0	92.0	94.0	109.0	89.0	95.0	89.0	92.0	129.0	81.0	90.0
238.304	84.0	102.0	85.0	92.0	102.0	98.0	91.0	98.0	93.0	97.0	91.0	96.0	106.0	91.0	94.0	91.0	80.0	127.0	80.0	87.0
238.404	88.0	112.0	91.0	88.0	106.0	98.0	88.0	109.0	102.0	96.0	91.0	96.0	111.0	87.0	94.0	88.0	89.0	122.0	83.0	90.0
238.503	84.0	101.0	88.0	83.0	104.0	95.0	87.0	110.0	95.0	91.0	83.0	91.0	110.0	91.0	90.0	82.0	90.0	119.0	80.0	85.0
238.602	86.0	107.0	86.0	83.0	105.0	93.0	89.0	104.0	93.0	91.0	84.0	91.0	115.0	85.0	88.0	81.0	81.0	118.0	84.0	80.0
238.701	83.0	107.0	75.0	89.0	104.0	86.0	87.0	106.0	94.0	86.0	86.0	96.0	104.0	85.0	89.0	79.0	81.0	119.0	81.0	84.0
238.8	82.0	108.0	82.0	89.0	105.0	94.0	88.0	110.0	94.0	87.0	90.0	97.0	106.0	85.0	93.0	85.0	93.0	113.0	81.0	89.0
238.9	90.0	109.0	83.0	107.0	104.0	112.0	93.0	107.0	97.0	103.0	92.0	98.0	110.0	92.0	98.0	97.0	91.0	123.0	86.0	88.0
238.999	90.0	112.0	87.0	98.0	98.0	102.0	87.0	106.0	94.0	98.0	84.0	96.0	108.0	94.0	89.0	92.0	84.0	122.0	87.0	84.0
239.098	95.0	107.0	87.0	90.0	101.0	93.0	89.0	97.0	92.0	91.0	88.0	93.0	106.0	87.0	90.0	83.0	86.0	110.0	88.0	84.0
239.197	86.0	112.0	90.0	91.0	106.0	96.0	93.0	110.0	100.0	97.0	89.0	99.0	105.0	91.0	93.0	85.0	92.0	120.0	87.0	98.0
239.297	92.0	107.0	91.0	94.0	108.0	102.0	87.0	110.0	94.0	90.0	85.0	96.0	107.0	93.0	90.0	91.0	88.0	122.0	83.0	86.0
239.396	91.0	106.0	84.0	92.0	107.0	91.0	89.0	110.0	98.0	94.0	87.0	95.0	107.0	91.0	92.0	89.0	88.0	117.0	88.0	88.0
239.495	92.0	106.0	85.0	88.0	106.0	89.0	90.0	103.0	90.0	88.0	84.0	95.0	108.0	91.0	91.0	85.0	81.0	120.0	84.0	83.0
239.595	83.0	109.0	81.0	83.0	103.0	90.0	88.0	107.0	92.0	85.0	85.0	90.0	105.0	86.0	84.0	85.0	85.0	110.0	84.0	85.0
239.694	84.0	105.0	85.0	89.0	108.0	88.0	88.0	104.0	89.0	94.0	87.0	82.0	102.0	89.0	85.0	88.0	82.0	117.0	75.0	87.0
239.793	85.0	106.0	86.0	99.0	101.0	97.0	92.0	106.0	98.0	100.0	93.0	91.0	104.0	86.0	92.0	89.0	86.0	120.0	84.0	88.0
239.893	88.0	106.0	89.0	100.0	102.0	97.0	89.0	103.0	97.0	88.0	84.0	93.0	104.0	84.0	92.0	85.0	85.0	124.0	90.0	85.0
239.992	89.0	108.0	84.0	95.0	104.0	105.0	88.0	103.0	100.0	95.0	86.0	96.0	105.0	80.0	85.0	86.0	84.0	119.0	83.0	86.0
240.091	83.0	108.0	83.0	88.0	105.0	89.0	82.0	102.0	92.0	87.0	87.0	93.0	106.0	81.0	87.0	87.0	82.0	110.0	80.0	89.0
240.191	86.0	106.0	76.0	92.0	108.0	89.0	87.0	109.0	94.0	87.0	85.0	95.0	110.0	89.0	88.0	87.0	84.0	111.0	83.0	84.0
240.29	87.0	113.0	80.0	92.0	104.0	91.0	90.0	105.0	95.0	85.0	90.0	94.0	111.0	80.0	90.0	86.0	84.0	109.0	82.0	87.0
240.39	85.0	106.0	85.0	88.0	108.0	96.0	89.0	105.0	93.0	92.0	89.0	97.0	106.0	85.0	89.0	90.0	85.0	113.0	79.0	88.0
240.489	84.0	109.0	85.0	97.0	110.0	94.0	91.0	103.0	95.0	101.0	100.0	101.0	108.0	92.0	93.0	88.0	89.0	117.0	84.0	88.0
240.589	88.0	107.0	86.0	88.0	104.0	96.0	82.0	105.0	99.0	102.0	92.0	95.0	111.0	95.0	100.0	90.0	88.0	111.0	88.0	82.0
240.688	87.0	108.0	90.0	93.0	107.0	96.0	90.0	109.0	108.0	96.0	104.0	108.0	104.0	97.0	106.0	96.0	91.0	135.0	86.0	88.0
240.788	90.0	114.0	92.0	90.0	107.0	108.0	91.0	105.0	108.0	104.0	109.0	102.0	106.0	99.0	112.0	94.0	86.0	129.0	87.0	89.0
240.887	89.0	105.0	86.0	84.0	109.0	95.0	85.0	108.0	100.0	95.0	99.0	93.0	106.0	93.0	96.0	98.0	87.0	116.0	78.0	87.0
240.987	86.0	101.0	86.0	84.0	105.0	90.0	89.0	105.0	94.0	87.0	101.0	98.0	108.0	92.0	92.0	88.0	76.0	114.0	82.0	86.0
241.086	89.0	110.0	90.0	84.0	102.0	94.0	95.0	107.0	96.0	90.0	87.0	94.0	110.0	92.0	88.0	84.0	83.0	114.0	77.0	83.0
241.186	97.0	114.0	90.0	91.0	102.0	98.0	95.0	109.0	98.0	95.0	93.0	100.0	110.0	89.0	94.0	91.0	93.0	118.0	86.0	91.0
241.285	78.0	109.0	78.0	83.0	102.0	87.0	92.0	109.0	93.0	97.0	82.0	97.0	111.0	83.0	88.0	88.0	87.0	108.0	73.0	88.0
241.385	83.0	106.0	86.0	86.0	98.0	85.0	91.0	104.0	94.0	84.0	87.0	90.0	102.0	84.0	88.0	86.0	82.0	120.0	72.0	78.0
241.484	88.0	113.0	84.0	86.0	100.0	85.0	94.0	103.0	92.0	85.0	85.0	91.0	109.0	94.0	87.0	87.0	81.0	113.0	86.0	82.0
241.584	82.0	113.0	85.0	89.0	103.0	84.0	86.0	102.0	90.0	83.0	82.0	93.0	106.0	85.0	86.0	87.0	86.0	111.0	83.0	84.0
241.684	81.0	111.0	93.0	86.0	107.0	87.0	85.0	108.0	88.0	90.0	87.0	94.0	107.0	89.0	83.0	88.0	82.0	111.0	83.0	85.0
241.783	85.0	107.0	85.0	90.0	106.0	90.0	88.0	108.0	92.0	92.0	91.0	91.0	107.0	81.0	86.0	85.0	78.0	110.0	79.0	86.0
241.883	80.0	111.0	77.0	86.0	103.0	85.0	87.0	108.0	92.0	86.0	77.0	83.0	112.0	79.0	86.0	86.0	81.0	109.0	81.0	83.0
241.982	86.0	114.0	84.0	89.0	102.0	91.0	91.0	109.0	87.0	87.0	83.0	89.0	106.0	83.0	87.0	83.0	78.0	108.0	80.0	81.0
242.082	78.0	105.0	84.0	85.0	104.0	91.0	86.0	104.0	88.0	83.0	84.0	93.0	108.0	89.0	85.0	83.0	86.0	107.0	74.0	87.0
242.182	77.0	112.0	86.0	91.0	107.0	85.0	87.0	109.0	90.0	92.0	88.0	93.0	109.0	83.0	87.0	83.0	90.0	105.0	83.0	84.0
242.281	95.0	117.0	93.0	97.0	109.0	101.0	100.0	115.0	98.0	103.0	93.0	96.0	117.0	92.0	94.0	94.0	93.0	117.0	93.0	90.0
242.381	84.0	105.0	82.0	88.0	106.0	93.0	91.0	105.0	88.0	92.0	78.0	90.0	108.0	79.0	83.0	82.0	82.0	114.0	80.0	81.0
242.481	82.0	107.0	87.0	85.0	109.0	87.0	87.0	107.0	88.0	88.0	88.0	85.0	108.0	82.0	83.0	86.0	82.0	112.0	83.0	83.0
242.581	80.0	112.0	87.0	77.0	109.0	90.0	95.0	108.0	96.0	82.0	93.0	87.0	109.0	84.0	86.0	82.0	86.0	116.0	81.0	82.0
242.68	85.0	108.0	78.0	82.0	102.0	92.0	90.0	106.0	90.0	90.0	79.0	90.0	110.0	89.0	88.0	85.0	80.0	112.0	84.0	81.0
242.78	85.0	104.0	80.0	89.0	104.0	89.0	90.0	105.0	88.0	90.0	85.0	89.0	109.0	90.0	92.0	83.0	84.0	108.0	86.0	88.0
242.88	98.0	120.0	93.0	102.0	118.0	100.0	100.0	119.0	99.0	102.0	94.0	101.0	115.0	97.0	102.0	91.0	90.0	120.0	86.0	94.0
242.98	83.0	107.0	87.0	90.0	109.0	87.0	89.0	113.0	98.0	91.0	85.0	92.0	113.0	89.0	89.0	91.0	85.0	113.0	84.0	77.0
243.08	84.0	114.0	81.0	84.0	105.0	85.0	84.0	105.0	90.0	86.0	83.0	85.0	108.0	88.0	87.0	84.0	81.0	111.0	79.0	75.0
243.179	91.0	112.0	80.0	91.0	102.0	88.0	94.0	104.0	86.0	94.0	81.0	91.0	105.0	86.0	87.0	79.0	88.0	108.0	82.0	76.0
243.279	87.0	110.0	86.0	89.0	106.0	94.0	86.0	107.0	91.0	92.0	85.0	88.0	105.0	84.0	90.0	87.0	85.0	113.0	85.0	85.0
243.379	86.0	106.0	90.0	87.0	105.0	99.0	89.0	109.0	102.0	95.0	92.0	93.0	108.0	94.0	92.0	84.0	80.0	121.0	81.0	84.0
243.479	85.0	107.0	86.0	89.0	104.0	96.0	87.0	110.0	99.0	94.0	93.0	95.0	110.0	96.0	90.0	87.0	78.0	117.0	82.0	86.0
243.579	93.0	112.0	90.0	94.0	107.0	95.0	92.0	108.0	97.0	95.0	90.0	95.0	112.0	91.0	94.0	85.0	84.0	111.0	88.0	89.0
243.679	77.0	110.0	84.0	90.0	103.0	90.0	87.0	102.0	93.0	89.0	83.0	90.0	107.0	87.0	90.0	81.0	84.0	111.0	74.0	80.0
243.779	81.0	109.0	90.0	85.0	104.0	89.0	91.0	110.0	87.0	87.0	84.0	91.0	112.0	86.0	85.0	88.0	85.0	109.0	78.0	80.0
243.878	83.0	104.0	85.0	88.0	99.0	92.0	85.0	100.0	93.0	84.0	88.0	86.0	103.0	90.0	90.0	89.0	86.0	113.0	84.0	80.0
243.978	78.0	107.0	84.0	87.0	103.0	89.0	88.0	101.0	90.0	93.0	84.0	90.0	110.0	85.0	84.0	84.0	83.0	113.0	77.0	85.0
244.078	83.0	111.0	84.0	90.0	108.0	85.0	88.0	107.0	88.0	91.0	84.0	88.0	104.0	85.0	87.0	87.0	85.0	109.0	79.0	82.0
244.178	85.0	108.0	78.0	85.0	109.0	87.0	84.0	111.0	91.0	96.0	89.0	85.0	108.0	91.0	84.0	84.0	81.0	111.0	77.0	82.0
244.278	84.0	110.0	78.0	82.0	106.0	89.0	90.0	106.0	100.0	92.0	89.0	88.0	113.0	85.0	89.0	88.0	81.0	117.0	80.0	81.0
244.378	95.0	108.0	88.0	95.0	110.0	100.0	94.0	112.0	97.0	97.0	103.0	95.0	112.0	96.0	100.0	92.0	86.0	126.0	90.0	94.0
244.478	84.0	108.0	87.0	88.0	102.0	93.0	91.0	108.0	96.0	91.0	90.0	93.0	108.0	90.0	88.0	85.0	85.0	117.0	88.0	87.0
244.578	84.0	113.0	93.0	85.0	112.0	92.0	96.0	113.0	105.0	98.0	87.0	96.0	115.0	99.0	96.0	94.0	91.0	119.0	84.0	88.0
244.678	89.0	107.0	82.0	84.0	104.0	86.0	89.0	104.0	91.0	91.0	86.0	85.0	115.0	88.0	93.0	87.0	78.0	111.0	82.0	80.0
244.778	89.0	105.0	82.0	84.0	99.0	85.0	86.0	104.0	90.0	89.0	79.0	87.0	103.0	87.0	91.0	91.0	83.0	110.0	79.0	83.0
244.878	80.0	104.0	81.0	87.0	102.0	88.0	90.0	102.0	91.0	94.0	79.0	89.0	106.0	83.0	82.0	82.0	82.0	107.0	80.0	85.0
244.978	85.0	109.0	83.0	86.0	105.0	82.0	86.0	112.0	86.0	91.0	86.0	88.0	108.0	92.0	82.0	84.0	84.0	107.0	80.0	86.0
245.078	81.0	107.0	85.0	84.0	102.0	87.0	82.0	112.0	90.0	95.0	86.0	85.0	114.0	86.0	88.0	89.0	83.0	112.0	80.0	83.0
245.179	121.0	143.0	112.0	120.0	134.0	124.0	121.0	140.0	122.0	123.0	120.0	121.0	142.0	114.0	120.0	114.0	119.0	138.0	117.0	120.0
245.279	84.0	119.0	92.0	92.0	113.0	101.0	100.0	115.0	93.0	89.0	95.0	94.0	118.0	90.0	94.0	91.0	87.0	114.0	88.0	92.0
245.379	76.0	110.0	88.0	86.0	106.0	89.0	93.0	104.0	90.0	90.0	83.0	94.0	109.0	87.0	83.0	88.0	83.0	113.0	82.0	84.0
245.479	88.0	106.0	82.0	79.0	95.0	84.0	87.0	110.0	85.0	91.0	85.0	81.0	107.0	80.0	85.0	83.0	84.0	110.0	81.0	80.0
245.579	90.0	112.0	84.0	93.0	104.0	89.0	91.0	109.0	86.0	88.0	90.0	90.0	112.0	90.0	91.0	88.0	84.0	112.0	80.0	83.0
245.679	86.0	104.0	84.0	88.0	105.0	94.0	88.0	104.0	95.0	87.0	88.0	91.0	101.0	85.0	88.0	83.0	83.0	110.0	83.0	88.0
245.779	82.0	105.0	84.0	85.0	106.0	86.0	81.0	104.0	88.0	91.0	79.0	93.0	105.0	81.0	94.0	82.0	81.0	114.0	75.0	85.0
245.879	74.0	100.0	87.0	86.0	95.0	89.0	85.0	104.0	91.0	92.0	89.0	84.0	115.0	86.0	91.0	84.0	78.0	114.0	82.0	79.0
245.98	82.0	107.0	80.0	87.0	100.0	89.0	90.0	98.0	87.0	94.0	86.0	86.0	108.0	80.0	88.0	85.0	79.0	111.0	82.0	81.0
246.08	78.0	110.0	75.0	91.0	104.0	98.0	87.0	104.0	90.0	84.0	85.0	89.0	102.0	87.0	90.0	80.0	81.0	106.0	75.0	86.0
246.18	85.0	112.0	82.0	88.0	105.0	89.0	95.0	102.0	90.0	89.0	82.0	90.0	112.0	85.0	86.0	84.0	88.0	114.0	77.0	84.0
246.28	80.0	105.0	84.0	80.0	105.0	83.0	89.0	109.0	89.0	91.0	82.0	86.0	107.0	87.0	83.0	86.0	81.0	118.0	83.0	81.0
246.381	82.0	104.0	82.0	82.0	102.0	85.0	98.0	104.0	92.0	89.0	83.0	80.0	107.0	83.0	91.0	84.0	80.0	108.0	83.0	84.0
246.481	94.0	107.0	82.0	86.0	104.0	95.0	92.0	104.0	103.0	94.0	85.0	88.0	109.0	86.0	91.0	86.0	82.0	114.0	80.0	85.0
246.581	86.0	109.0	86.0	90.0	107.0	92.0	79.0	105.0	94.0	88.0	90.0	97.0	102.0	84.0	85.0	85.0	80.0	112.0	80.0	82.0
246.681	84.0	103.0	84.0	80.0	103.0	91.0	83.0	107.0	91.0	87.0	91.0	93.0	110.0	88.0	91.0	83.0	85.0	116.0	81.0	81.0
246.782	86.0	106.0	80.0	92.0	100.0	90.0	91.0	111.0	91.0	93.0	89.0	94.0	107.0	88.0	87.0	88.0	86.0	115.0	79.0	86.0
246.882	87.0	108.0	82.0	89.0	99.0	87.0	90.0	106.0	93.0	91.0	91.0	89.0	108.0	83.0	93.0	82.0	84.0	114.0	84.0	79.0
246.982	84.0	107.0	92.0	86.0	106.0	95.0	90.0	101.0	95.0	82.0	86.0	92.0	108.0	89.0	88.0	87.0	92.0	116.0	77.0	85.0
247.083	104.0	125.0	108.0	105.0	124.0	107.0	109.0	124.0	116.0	118.0	105.0	108.0	120.0	112.0	112.0	110.0	98.0	136.0	100.0	102.0
247.183	115.0	117.0	109.0	124.0	106.0	121.0	129.0	115.0	140.0	134.0	124.0	119.0	114.0	130.0	130.0	136.0	123.0	151.0	108.0	120.0
247.283	118.0	113.0	121.0	132.0	103.0	138.0	140.0	110.0	161.0	140.0	143.0	145.0	106.0	146.0	148.0	162.0	129.0	157.0	121.0	148.0
247.384	93.0	108.0	96.0	103.0	109.0	116.0	106.0	100.0	123.0	115.0	103.0	110.0	115.0	108.0	110.0	117.0	104.0	127.0	89.0	102.0
247.484	87.0	108.0	89.0	85.0	105.0	93.0	92.0	106.0	98.0	102.0	96.0	92.0	109.0	95.0	92.0	99.0	93.0	120.0	85.0	86.0
247.585	86.0	111.0	89.0	90.0	102.0	93.0	97.0	109.0	95.0	99.0	94.0	100.0	112.0	92.0	90.0	92.0	84.0	120.0	80.0	87.0
247.685	86.0	105.0	85.0	99.0	107.0	103.0	96.0	108.0	105.0	95.0	95.0	96.0	108.0	92.0	97.0	97.0	90.0	119.0	86.0	90.0
247.785	80.0	111.0	83.0	93.0	106.0	96.0	95.0	106.0	95.0	90.0	88.0	99.0	112.0	86.0	93.0	89.0	85.0	116.0	77.0	88.0
247.886	85.0	112.0	88.0	87.0	104.0	93.0	92.0	111.0	91.0	98.0	84.0	87.0	109.0	90.0	91.0	87.0	82.0	109.0	75.0	80.0
247.986	90.0	109.0	82.0	84.0	102.0	87.0	90.0	107.0	94.0	91.0	81.0	93.0	106.0	83.0	88.0	81.0	80.0	113.0	83.0	74.0
248.087	87.0	107.0	92.0	88.0	102.0	90.0	91.0	109.0	95.0	91.0	84.0	94.0	109.0	78.0	91.0	88.0	86.0	116.0	82.0	82.0
248.187	92.0	113.0	90.0	89.0	107.0	97.0	95.0	107.0	97.0	92.0	89.0	92.0	113.0	88.0	88.0	92.0	89.0	120.0	84.0	87.0
248.288	86.0	107.0	84.0	86.0	109.0	95.0	86.0	111.0	96.0	95.0	95.0	97.0	112.0	89.0	94.0	88.0	94.0	119.0	87.0	84.0
248.388	90.0	112.0	85.0	90.0	102.0	98.0	92.0	110.0	99.0	91.0	89.0	90.0	110.0	86.0	94.0	85.0	87.0	113.0	87.0	82.0
248.489	89.0	110.0	83.0	93.0	102.0	98.0	90.0	113.0	100.0	94.0	86.0	97.0	103.0	91.0	94.0	84.0	86.0	115.0	88.0	88.0
248.589	84.0	113.0	86.0	95.0	104.0	100.0	90.0	105.0	87.0	85.0	88.0	93.0	108.0	88.0	87.0	85.0	84.0	115.0	84.0	92.0
248.69	86.0	107.0	89.0	94.0	106.0	104.0	92.0	105.0	94.0	96.0	92.0	92.0	118.0	88.0	84.0	89.0	88.0	125.0	91.0	87.0
248.791	88.0	109.0	82.0	87.0	106.0	88.0	88.0	111.0	90.0	95.0	86.0	91.0	113.0	95.0	88.0	90.0	81.0	119.0	83.0	81.0
248.891	89.0	107.0	86.0	86.0	103.0	88.0	87.0	102.0	90.0	90.0	88.0	94.0	105.0	82.0	86.0	86.0	80.0	116.0	85.0	79.0
248.992	85.0	112.0	85.0	88.0	106.0	91.0	88.0	110.0	92.0	89.0	84.0	93.0	110.0	82.0	86.0	83.0	89.0	112.0	79.0	87.0
249.092	86.0	112.0	92.0	93.0	106.0	90.0	89.0	106.0	98.0	94.0	91.0	93.0	111.0	91.0	89.0	91.0	91.0	119.0	79.0	81.0
249.193	88.0	101.0	78.0	89.0	104.0	87.0	87.0	108.0	93.0	87.0	85.0	86.0	113.0	88.0	93.0	89.0	83.0	112.0	82.0	83.0
249.294	82.0	103.0	82.0	89.0	100.0	91.0	90.0	108.0	99.0	91.0	84.0	96.0	109.0	88.0	89.0	85.0	81.0	113.0	86.0	81.0
249.394	82.0	109.0	91.0	97.0	108.0	96.0	88.0	103.0	93.0	90.0	84.0	88.0	103.0	86.0	86.0	84.0	84.0	113.0	76.0	86.0
249.495	85.0	113.0	92.0	94.0	107.0	100.0	89.0	110.0	98.0	94.0	94.0	94.0	107.0	93.0	95.0	88.0	88.0	117.0	80.0	85.0
249.595	87.0	116.0	82.0	85.0	109.0	88.0	86.0	106.0	92.0	100.0	90.0	92.0	111.0	93.0	90.0	87.0	88.0	117.0	84.0	80.0
249.696	88.0	106.0	81.0	86.0	100.0	90.0	89.0	105.0	101.0	93.0	89.0	90.0	105.0	82.0	86.0	81.0	87.0	116.0	84.0	80.0
249.797	84.0	108.0	76.0	91.0	104.0	90.0	80.0	107.0	94.0	89.0	79.0	86.0	111.0	81.0	86.0	84.0	81.0	110.0	79.0	86.0
249.898	84.0	108.0	81.0	87.0	109.0	90.0	82.0	106.0	91.0	89.0	87.0	91.0	110.0	82.0	84.0	79.0	83.0	112.0	80.0	82.0
249.998	86.0	107.0	87.0	79.0	103.0	88.0	86.0	109.0	92.0	89.0	92.0	94.0	110.0	88.0	90.0	82.0	82.0	112.0	80.0	82.0
250.099	84.0	111.0	85.0	88.0	104.0	90.0	91.0	107.0	94.0	90.0	83.0	94.0	111.0	89.0	88.0	84.0	81.0	106.0	85.0	83.0
250.2	85.0	109.0	81.0	86.0	100.0	93.0	90.0	105.0	87.0	88.0	86.0	96.0	111.0	82.0	84.0	77.0	80.0	114.0	77.0	76.0
250.301	86.0	109.0	80.0	85.0	107.0	90.0	90.0	112.0	94.0	88.0	86.0	91.0	113.0	88.0	88.0	84.0	79.0	105.0	73.0	80.0
250.401	85.0	105.0	85.0	83.0	109.0	89.0	83.0	105.0	95.0	94.0	89.0	87.0	111.0	90.0	91.0	85.0	78.0	119.0	82.0	80.0
250.502	88.0	105.0	84.0	89.0	103.0	97.0	84.0	101.0	95.0	96.0	93.0	93.0	104.0	89.0	89.0	91.0	89.0	111.0	85.0	81.0
250.603	83.0	107.0	81.0	91.0	107.0	95.0	93.0	105.0	100.0	95.0	88.0	97.0	105.0	90.0	91.0	87.0	84.0	116.0	82.0	78.0
250.704	91.0	110.0	85.0	87.0	101.0	99.0	86.0	107.0	97.0	94.0	92.0	93.0	112.0	88.0	99.0	82.0	81.0	117.0	78.0	88.0
250.805	87.0	104.0	85.0	81.0	105.0	96.0	94.0	107.0	109.0	100.0	98.0	95.0	112.0	100.0	102.0	90.0	83.0	123.0	84.0	87.0
250.905	97.0	115.0	89.0	97.0	105.0	110.0	95.0	105.0	121.0	108.0	128.0	114.0	109.0	115.0	125.0	112.0	85.0	139.0	93.0	91.0
251.006	93.0	109.0	85.0	98.0	105.0	119.0	91.0	108.0	115.0	106.0	129.0	122.0	113.0	114.0	128.0	109.0	94.0	133.0	96.0	101.0
251.107	103.0	127.0	110.0	114.0	117.0	130.0	114.0	124.0	125.0	118.0	136.0	129.0	127.0	123.0	137.0	114.0	111.0	151.0	106.0	108.0
251.208	89.0	111.0	83.0	86.0	97.0	101.0	95.0	112.0	106.0	101.0	105.0	98.0	108.0	103.0	111.0	104.0	80.0	129.0	94.0	91.0
251.309	86.0	112.0	87.0	87.0	101.0	92.0	90.0	107.0	104.0	92.0	101.0	95.0	111.0	91.0	99.0	87.0	87.0	119.0	78.0	82.0
251.41	94.0	110.0	87.0	93.0	98.0	100.0	91.0	107.0	110.0	92.0	98.0	101.0	104.0	97.0	101.0	93.0	96.0	123.0	86.0	97.0
251.511	92.0	108.0	87.0	90.0	106.0	102.0	88.0	110.0	110.0	88.0	95.0	96.0	107.0	96.0	98.0	87.0	87.0	126.0	85.0	90.0
251.612	85.0	100.0	90.0	90.0	113.0	105.0	89.0	104.0	102.0	96.0	93.0	97.0	111.0	92.0	101.0	93.0	83.0	124.0	87.0	87.0
251.713	94.0	108.0	89.0	90.0	109.0	113.0	96.0	110.0	110.0	100.0	102.0	108.0	112.0	95.0	102.0	94.0	82.0	122.0	82.0	92.0
251.814	102.0	112.0	89.0	104.0	102.0	119.0	103.0	108.0	120.0	112.0	122.0	118.0	111.0	116.0	125.0	109.0	94.0	141.0	96.0	112.0
251.915	115.0	115.0	118.0	129.0	98.0	154.0	117.0	111.0	173.0	137.0	171.0	146.0	109.0	147.0	163.0	150.0	118.0	183.0	129.0	146.0
252.015	104.0	110.0	104.0	117.0	110.0	139.0	105.0	108.0	145.0	128.0	156.0	134.0	108.0	137.0	153.0	137.0	101.0	166.0	122.0	114.0
252.116	103.0	106.0	98.0	110.0	109.0	133.0	104.0	104.0	134.0	119.0	142.0	118.0	110.0	125.0	144.0	123.0	94.0	151.0	104.0	102.0
252.217	97.0	114.0	95.0	105.0	101.0	124.0	99.0	106.0	125.0	111.0	130.0	112.0	109.0	109.0	124.0	111.0	98.0	146.0	96.0	103.0
252.319	93.0	108.0	87.0	106.0	104.0	117.0	97.0	106.0	120.0	114.0	123.0	109.0	109.0	111.0	126.0	107.0	97.0	137.0	100.0	106.0
252.42	90.0	116.0	91.0	105.0	112.0	119.0	101.0	116.0	127.0	112.0	120.0	109.0	116.0	119.0	127.0	113.0	101.0	143.0	103.0	112.0
252.521	104.0	115.0	99.0	99.0	112.0	125.0	109.0	113.0	135.0	115.0	134.0	119.0	117.0	128.0	138.0	121.0	101.0	161.0	114.0	122.0
252.622	96.0	114.0	94.0	103.0	109.0	116.0	101.0	107.0	121.0	105.0	116.0	109.0	114.0	111.0	118.0	114.0	92.0	141.0	104.0	107.0
252.723	93.0	114.0	99.0	104.0	112.0	116.0	103.0	110.0	114.0	103.0	108.0	108.0	112.0	103.0	118.0	104.0	94.0	142.0	97.0	101.0
252.824	100.0	115.0	98.0	112.0	104.0	124.0	101.0	106.0	131.0	119.0	126.0	118.0	109.0	121.0	126.0	120.0	98.0	141.0	103.0	109.0
252.925	102.0	107.0	97.0	107.0	105.0	131.0	102.0	103.0	139.0	115.0	129.0	116.0	111.0	126.0	138.0	126.0	98.0	156.0	110.0	109.0
253.026	86.0	107.0	91.0	94.0	103.0	109.0	100.0	104.0	110.0	109.0	112.0	108.0	104.0	102.0	110.0	103.0	90.0	131.0	98.0	95.0
253.127	86.0	109.0	84.0	95.0	103.0	108.0	92.0	106.0	103.0	101.0	103.0	103.0	108.0	98.0	99.0	101.0	86.0	125.0	92.0	94.0
253.228	90.0	110.0	88.0	102.0	108.0	107.0	86.0	109.0	101.0	104.0	105.0	102.0	111.0	97.0	108.0	98.0	90.0	128.0	89.0	86.0
253.329	89.0	105.0	91.0	88.0	109.0	108.0	94.0	109.0	109.0	107.0	123.0	105.0	107.0	102.0	122.0	107.0	90.0	135.0	95.0	87.0
253.431	95.0	110.0	89.0	96.0	103.0	112.0	94.0	105.0	114.0	98.0	120.0	103.0	109.0	107.0	115.0	97.0	91.0	134.0	92.0	90.0
253.532	93.0	112.0	91.0	101.0	106.0	108.0	96.0	109.0	117.0	100.0	102.0	102.0	116.0	105.0	106.0	102.0	92.0	125.0	89.0	97.0
253.633	90.0	111.0	85.0	93.0	103.0	104.0	89.0	115.0	106.0	96.0	91.0	101.0	110.0	92.0	96.0	92.0	90.0	123.0	92.0	93.0
253.734	102.0	124.0	99.0	105.0	123.0	112.0	106.0	122.0	119.0	114.0	101.0	109.0	125.0	108.0	108.0	105.0	101.0	134.0	101.0	99.0
253.835	82.0	107.0	87.0	84.0	107.0	91.0	92.0	108.0	94.0	89.0	93.0	93.0	110.0	89.0	90.0	90.0	88.0	114.0	80.0	89.0
253.937	83.0	108.0	86.0	88.0	108.0	95.0	91.0	113.0	89.0	91.0	88.0	96.0	112.0	90.0	84.0	82.0	82.0	116.0	80.0	89.0
254.038	83.0	103.0	87.0	90.0	98.0	89.0	84.0	110.0	94.0	91.0	92.0	86.0	105.0	87.0	89.0	88.0	85.0	113.0	83.0	83.0
254.139	84.0	99.0	85.0	87.0	100.0	93.0	92.0	107.0	97.0	92.0	90.0	92.0	110.0	88.0	87.0	86.0	81.0	112.0	80.0	78.0
254.24	81.0	101.0	80.0	83.0	107.0	94.0	90.0	109.0	88.0	90.0	81.0	94.0	107.0	83.0	89.0	84.0	80.0	112.0	79.0	82.0
254.342	87.0	112.0	83.0	96.0	108.0	99.0	85.0	114.0	93.0	97.0	92.0	99.0	113.0	92.0	94.0	86.0	90.0	119.0	87.0	90.0
254.443	81.0	104.0	85.0	85.0	110.0	92.0	91.0	113.0	90.0	91.0	93.0	95.0	99.0	88.0	89.0	89.0	86.0	113.0	81.0	86.0
254.544	84.0	108.0	83.0	83.0	108.0	92.0	90.0	106.0	97.0	94.0	88.0	94.0	106.0	88.0	91.0	83.0	92.0	110.0	86.0	75.0
254.646	91.0	111.0	88.0	85.0	99.0	92.0	93.0	107.0	92.0	92.0	95.0	85.0	112.0	88.0	92.0	86.0	82.0	116.0	88.0	82.0
254.747	84.0	112.0	81.0	86.0	101.0	90.0	80.0	110.0	89.0	87.0	93.0	97.0	106.0	87.0	81.0	84.0	88.0	114.0	81.0	82.0
254.848	85.0	115.0	86.0	89.0	109.0	97.0	88.0	111.0	95.0	93.0	92.0	96.0	113.0	94.0	96.0	89.0	87.0	117.0	81.0	89.0
254.95	92.0	108.0	92.0	87.0	101.0	102.0	95.0	105.0	108.0	102.0	100.0	97.0	105.0	99.0	100.0	97.0	86.0	126.0	90.0	93.0
255.051	89.0	107.0	88.0	88.0	100.0	98.0	92.0	106.0	106.0	98.0	105.0	97.0	105.0	96.0	99.0	96.0	84.0	119.0	89.0	93.0
255.152	85.0	114.0	88.0	87.0	108.0	94.0	91.0	106.0	95.0	87.0	93.0	93.0	111.0	85.0	95.0	88.0	87.0	115.0	74.0	84.0
255.254	80.0	106.0	91.0	86.0	104.0	94.0	93.0	111.0	92.0	92.0	97.0	98.0	106.0	87.0	92.0	87.0	82.0	122.0	81.0	84.0
255.355	78.0	109.0	87.0	75.0	112.0	90.0	87.0	106.0	88.0	87.0	88.0	85.0	106.0	89.0	92.0	84.0	84.0	115.0	84.0	76.0
255.457	84.0	105.0	92.0	92.0	103.0	89.0	83.0	99.0	98.0	94.0	93.0	89.0	106.0	90.0	100.0	81.0	82.0	112.0	80.0	83.0
255.558	87.0	108.0	88.0	92.0	99.0	99.0	93.0	106.0	100.0	91.0	111.0	103.0	108.0	91.0	106.0	93.0	85.0	121.0	88.0	80.0
255.659	84.0	111.0	90.0	99.0	108.0	112.0	93.0	109.0	106.0	102.0	115.0	104.0	114.0	102.0	124.0	100.0	86.0	138.0	88.0	85.0
255.761	83.0	103.0	88.0	93.0	106.0	113.0	89.0	109.0	110.0	105.0	115.0	108.0	114.0	107.0	118.0	98.0	85.0	129.0	89.0	92.0
255.862	95.0	102.0	88.0	91.0	105.0	117.0	94.0	111.0	118.0	108.0	126.0	110.0	114.0	107.0	124.0	105.0	86.0	136.0	90.0	91.0
255.964	88.0	109.0	87.0	97.0	109.0	103.0	92.0	105.0	102.0	102.0	118.0	105.0	110.0	98.0	111.0	97.0	90.0	135.0	78.0	85.0
256.065	85.0	108.0	87.0	85.0	106.0	94.0	90.0	106.0	104.0	93.0	107.0	100.0	107.0	93.0	99.0	90.0	89.0	130.0	87.0	84.0
256.167	86.0	106.0	86.0	82.0	105.0	94.0	85.0	103.0	99.0	101.0	91.0	98.0	111.0	99.0	104.0	96.0	77.0	119.0	82.0	82.0
256.268	85.0	109.0	83.0	86.0	103.0	89.0	88.0	102.0	94.0	97.0	99.0	96.0	108.0	97.0	98.0	85.0	80.0	118.0	80.0	83.0
256.37	87.0	119.0	84.0	85.0	104.0	92.0	93.0	109.0	94.0	95.0	95.0	98.0	106.0	91.0	104.0	94.0	84.0	120.0	86.0	90.0
256.471	93.0	106.0	86.0	91.0	105.0	110.0	88.0	108.0	112.0	100.0	98.0	99.0	110.0	101.0	100.0	97.0	85.0	132.0	92.0	96.0
256.573	89.0	109.0	82.0	88.0	107.0	103.0	89.0	110.0	106.0	94.0	96.0	92.0	113.0	98.0	97.0	94.0	87.0	128.0	91.0	92.0
256.675	89.0	107.0	82.0	85.0	100.0	99.0	88.0	109.0	95.0	99.0	95.0	89.0	110.0	97.0	95.0	97.0	79.0	121.0	85.0	91.0
256.776	88.0	114.0	91.0	88.0	104.0	97.0	88.0	106.0	93.0	92.0	94.0	91.0	106.0	93.0	95.0	93.0	88.0	116.0	82.0	90.0
256.878	81.0	113.0	89.0	88.0	110.0	93.0	94.0	114.0	94.0	93.0	88.0	97.0	106.0	98.0	90.0	84.0	86.0	115.0	82.0	83.0
256.979	85.0	109.0	89.0	86.0	104.0	89.0	87.0	108.0	87.0	89.0	91.0	84.0	102.0	83.0	89.0	87.0	83.0	116.0	87.0	80.0
257.081	77.0	112.0	79.0	87.0	111.0	86.0	92.0	102.0	94.0	86.0	87.0	90.0	104.0	89.0	89.0	87.0	88.0	113.0	85.0	74.0
257.183	108.0	135.0	113.0	112.0	124.0	108.0	111.0	129.0	113.0	112.0	116.0	118.0	128.0	106.0	112.0	114.0	108.0	136.0	103.0	106.0
257.284	87.0	112.0	87.0	89.0	109.0	93.0	86.0	105.0	98.0	87.0	94.0	93.0	109.0	86.0	91.0	84.0	83.0	118.0	82.0	82.0
257.386	86.0	104.0	87.0	86.0	102.0	92.0	91.0	109.0	97.0	90.0	89.0	94.0	108.0	89.0	94.0	86.0	83.0	115.0	79.0	77.0
257.488	86.0	109.0	79.0	81.0	109.0	93.0	94.0	109.0	101.0	98.0	93.0	95.0	107.0	91.0	91.0	91.0	83.0	114.0	90.0	86.0
257.589	78.0	114.0	83.0	83.0	104.0	87.0	89.0	106.0	90.0	91.0	86.0	86.0	105.0	86.0	92.0	81.0	80.0	104.0	81.0	82.0
257.691	81.0	107.0	90.0	92.0	106.0	92.0	85.0	113.0	93.0	93.0	83.0	93.0	114.0	85.0	83.0	82.0	87.0	117.0	79.0	82.0
257.793	91.0	103.0	83.0	85.0	108.0	94.0	90.0	111.0	90.0	90.0	87.0	94.0	107.0	81.0	87.0	83.0	85.0	114.0	85.0	83.0
257.894	91.0	109.0	87.0	85.0	107.0	90.0	92.0	103.0	90.0	95.0	87.0	88.0	112.0	86.0	91.0	90.0	77.0	115.0	84.0	73.0
257.996	87.0	110.0	85.0	95.0	100.0	94.0	90.0	107.0	95.0	91.0	89.0	98.0	106.0	83.0	94.0	90.0	80.0	119.0	88.0	86.0
258.098	81.0	112.0	87.0	94.0	100.0	90.0	89.0	109.0	90.0	85.0	84.0	90.0	107.0	83.0	80.0	78.0	84.0	111.0	81.0	86.0
258.2	88.0	105.0	83.0	83.0	107.0	91.0	79.0	107.0	93.0	91.0	85.0	90.0	109.0	89.0	89.0	86.0	87.0	111.0	78.0	78.0
258.301	84.0	107.0	80.0	77.0	101.0	87.0	88.0	105.0	93.0	87.0	84.0	85.0	107.0	85.0	86.0	86.0	80.0	107.0	80.0	74.0
258.403	87.0	112.0	85.0	90.0	109.0	92.0	92.0	117.0	93.0	94.0	84.0	88.0	109.0	88.0	96.0	85.0	85.0	118.0	88.0	82.0
258.505	85.0	104.0	91.0	86.0	106.0	91.0	90.0	109.0	92.0	84.0	90.0	84.0	109.0	86.0	85.0	78.0	82.0	119.0	73.0	84.0
258.607	84.0	108.0	83.0	83.0	98.0	95.0	84.0	111.0	92.0	88.0	90.0	93.0	106.0	82.0	87.0	88.0	88.0	115.0	79.0	82.0
258.709	84.0	104.0	86.0	88.0	103.0	91.0	84.0	104.0	92.0	96.0	85.0	91.0	107.0	91.0	98.0	85.0	81.0	114.0	86.0	82.0
258.81	85.0	109.0	85.0	85.0	102.0	86.0	83.0	102.0	96.0	92.0	92.0	89.0	102.0	86.0	90.0	87.0	81.0	113.0	83.0	87.0
258.912	86.0	106.0	86.0	91.0	97.0	88.0	92.0	106.0	94.0	89.0	85.0	89.0	106.0	81.0	91.0	84.0	87.0	118.0	80.0	84.0
259.014	85.0	106.0	91.0	95.0	104.0	95.0	83.0	112.0	97.0	97.0	91.0	96.0	110.0	92.0	95.0	88.0	86.0	119.0	89.0	88.0
259.116	94.0	106.0	87.0	92.0	112.0	101.0	93.0	106.0	94.0	94.0	101.0	93.0	104.0	95.0	91.0	96.0	87.0	115.0	89.0	85.0
259.218	88.0	112.0	93.0	112.0	104.0	119.0	92.0	105.0	102.0	102.0	106.0	102.0	106.0	91.0	100.0	95.0	89.0	135.0	98.0	96.0
259.32	91.0	108.0	95.0	129.0	103.0	140.0	97.0	103.0	112.0	114.0	128.0	112.0	107.0	109.0	112.0	104.0	106.0	147.0	113.0	111.0
259.422	91.0	112.0	92.0	110.0	111.0	121.0	96.0	104.0	109.0	100.0	109.0	105.0	114.0	97.0	103.0	95.0	92.0	132.0	98.0	99.0
259.524	87.0	110.0	85.0	98.0	108.0	106.0	91.0	107.0	102.0	95.0	100.0	89.0	111.0	91.0	97.0	93.0	88.0	118.0	87.0	85.0
259.626	98.0	123.0	94.0	98.0	117.0	103.0	101.0	119.0	108.0	106.0	105.0	100.0	115.0	104.0	98.0	96.0	98.0	129.0	92.0	94.0
259.727	86.0	110.0	83.0	88.0	102.0	90.0	89.0	111.0	90.0	87.0	88.0	95.0	107.0	88.0	86.0	88.0	86.0	114.0	81.0	84.0
259.829	96.0	114.0	94.0	96.0	111.0	99.0	96.0	106.0	110.0	102.0	95.0	105.0	113.0	100.0	96.0	100.0	97.0	126.0	96.0	96.0
259.931	86.0	101.0	81.0	89.0	105.0	99.0	87.0	106.0	107.0	97.0	98.0	100.0	111.0	89.0	99.0	93.0	82.0	113.0	93.0	97.0
260.033	83.0	104.0	83.0	91.0	100.0	97.0	96.0	109.0	90.0	99.0	93.0	92.0	112.0	90.0	96.0	89.0	85.0	123.0	92.0	86.0
260.135	88.0	112.0	80.0	94.0	107.0	100.0	90.0	107.0	92.0	87.0	91.0	89.0	106.0	93.0	92.0	89.0	93.0	123.0	87.0	84.0
260.237	88.0	110.0	84.0	86.0	100.0	95.0	95.0	102.0	95.0	90.0	85.0	92.0	108.0	88.0	89.0	89.0	87.0	114.0	84.0	79.0
260.339	90.0	105.0	81.0	85.0	106.0	93.0	87.0	107.0	105.0	94.0	96.0	90.0	111.0	89.0	99.0	93.0	82.0	118.0	83.0	80.0
260.441	87.0	109.0	93.0	92.0	102.0	104.0	91.0	104.0	105.0	107.0	101.0	102.0	107.0	90.0	104.0	101.0	89.0	126.0	89.0	102.0
260.543	103.0	116.0	99.0	112.0	100.0	120.0	100.0	104.0	120.0	113.0	120.0	105.0	111.0	106.0	106.0	106.0	103.0	131.0	106.0	111.0
260.646	93.0	107.0	94.0	103.0	105.0	120.0	92.0	107.0	107.0	98.0	90.0	97.0	114.0	97.0	99.0	97.0	95.0	129.0	94.0	94.0
260.748	88.0	107.0	81.0	88.0	109.0	97.0	86.0	114.0	92.0	94.0	90.0	88.0	112.0	89.0	89.0	94.0	92.0	114.0	85.0	86.0
260.85	92.0	115.0	84.0	89.0	112.0	102.0	97.0	111.0	100.0	98.0	100.0	97.0	114.0	88.0	96.0	99.0	91.0	120.0	91.0	92.0
260.952	80.0	109.0	81.0	88.0	100.0	92.0	86.0	108.0	86.0	86.0	88.0	94.0	106.0	84.0	84.0	90.0	82.0	108.0	74.0	82.0
261.054	79.0	108.0	85.0	90.0	104.0	91.0	85.0	105.0	85.0	90.0	79.0	90.0	108.0	82.0	85.0	86.0	85.0	111.0	77.0	78.0
261.156	78.0	104.0	83.0	88.0	107.0	92.0	84.0	107.0	85.0	89.0	84.0	84.0	109.0	80.0	89.0	87.0	81.0	111.0	82.0	78.0
261.258	87.0	103.0	88.0	87.0	111.0	87.0	81.0	101.0	92.0	90.0	91.0	88.0	107.0	88.0	88.0	84.0	82.0	107.0	85.0	76.0
261.36	84.0	107.0	87.0	90.0	100.0	86.0	87.0	108.0	94.0	90.0	85.0	90.0	109.0	81.0	93.0	86.0	83.0	117.0	81.0	82.0
261.462	82.0	108.0	79.0	90.0	105.0	93.0	83.0	110.0	95.0	88.0	82.0	89.0	115.0	84.0	85.0	87.0	76.0	114.0	79.0	84.0
261.565	85.0	104.0	89.0	88.0	113.0	97.0	87.0	113.0	93.0	92.0	85.0	97.0	112.0	88.0	88.0	92.0	79.0	114.0	85.0	89.0
261.667	85.0	109.0	77.0	82.0	102.0	84.0	87.0	110.0	90.0	89.0	82.0	87.0	109.0	83.0	88.0	89.0	79.0	110.0	83.0	81.0
261.769	82.0	109.0	78.0	90.0	98.0	87.0	85.0	108.0	82.0	88.0	86.0	91.0	102.0	84.0	90.0	81.0	82.0	120.0	76.0	85.0
261.871	76.0	108.0	79.0	85.0	100.0	85.0	84.0	109.0	89.0	88.0	86.0	86.0	100.0	90.0	86.0	82.0	85.0	110.0	80.0	79.0
261.973	84.0	102.0	79.0	87.0	105.0	90.0	80.0	108.0	91.0	92.0	83.0	87.0	108.0	86.0	88.0	90.0	79.0	112.0	84.0	77.0
262.076	82.0	114.0	81.0	91.0	111.0	95.0	92.0	108.0	95.0	90.0	88.0	94.0	109.0	85.0	93.0	95.0	87.0	117.0	84.0	82.0
262.178	90.0	112.0	86.0	91.0	108.0	89.0	87.0	105.0	96.0	95.0	89.0	93.0	109.0	81.0	89.0	90.0	81.0	113.0	85.0	90.0
262.28	87.0	112.0	88.0	92.0	108.0	90.0	86.0	109.0	93.0	93.0	88.0	88.0	110.0	86.0	90.0	90.0	90.0	122.0	87.0	82.0
262.382	85.0	102.0	87.0	96.0	105.0	105.0	86.0	103.0	96.0	92.0	94.0	97.0	106.0	90.0	90.0	94.0	82.0	125.0	91.0	84.0
262.485	89.0	104.0	86.0	105.0	104.0	108.0	92.0	105.0	104.0	100.0	100.0	96.0	110.0	96.0	108.0	99.0	85.0	122.0	93.0	101.0
262.587	93.0	111.0	86.0	102.0	103.0	104.0	98.0	108.0	104.0	105.0	104.0	101.0	108.0	95.0	102.0	96.0	91.0	129.0	90.0	102.0
262.689	94.0	113.0	100.0	105.0	110.0	107.0	98.0	113.0	108.0	103.0	105.0	106.0	113.0	100.0	106.0	94.0	97.0	134.0	96.0	103.0
262.792	92.0	111.0	85.0	89.0	109.0	94.0	97.0	113.0	102.0	100.0	94.0	102.0	111.0	94.0	94.0	97.0	88.0	122.0	90.0	94.0
262.894	90.0	107.0	85.0	88.0	105.0	95.0	93.0	110.0	94.0	99.0	95.0	87.0	114.0	93.0	102.0	95.0	89.0	119.0	92.0	84.0
262.996	86.0	113.0	88.0	89.0	109.0	92.0	87.0	107.0	95.0	90.0	98.0	95.0	110.0	90.0	98.0	89.0	91.0	113.0	89.0	91.0
263.099	82.0	111.0	85.0	87.0	102.0	88.0	88.0	110.0	98.0	92.0	88.0	93.0	108.0	88.0	92.0	90.0	82.0	112.0	88.0	83.0
263.201	87.0	109.0	90.0	86.0	109.0	97.0	85.0	109.0	96.0	97.0	93.0	90.0	112.0	92.0	92.0	88.0	89.0	114.0	88.0	87.0
263.303	88.0	107.0	85.0	82.0	105.0	96.0	88.0	106.0	102.0	98.0	98.0	88.0	105.0	96.0	104.0	91.0	81.0	121.0	88.0	87.0
263.406	93.0	109.0	93.0	96.0	105.0	105.0	93.0	105.0	120.0	103.0	111.0	103.0	102.0	108.0	112.0	106.0	91.0	132.0	102.0	108.0
263.508	91.0	111.0	102.0	92.0	105.0	102.0	96.0	108.0	111.0	95.0	106.0	99.0	113.0	106.0	105.0	101.0	93.0	127.0	95.0	103.0
263.61	89.0	107.0	89.0	91.0	104.0	102.0	98.0	110.0	114.0	96.0	112.0	100.0	108.0	101.0	111.0	104.0	91.0	128.0	100.0	102.0
263.713	97.0	103.0	97.0	103.0	107.0	110.0	94.0	104.0	136.0	106.0	114.0	113.0	108.0	116.0	122.0	113.0	99.0	141.0	106.0	112.0
263.815	107.0	109.0	98.0	109.0	109.0	113.0	106.0	114.0	135.0	119.0	130.0	114.0	115.0	121.0	117.0	113.0	102.0	141.0	112.0	116.0
263.918	107.0	111.0	99.0	109.0	106.0	117.0	101.0	110.0	140.0	118.0	117.0	117.0	111.0	116.0	126.0	116.0	101.0	149.0	102.0	121.0
264.02	101.0	109.0	103.0	100.0	106.0	121.0	95.0	107.0	144.0	116.0	128.0	115.0	114.0	117.0	127.0	120.0	104.0	148.0	112.0	126.0
264.123	95.0	106.0	89.0	91.0	110.0	110.0	92.0	107.0	130.0	109.0	114.0	105.0	108.0	112.0	114.0	108.0	94.0	132.0	101.0	106.0
264.225	95.0	115.0	95.0	95.0	108.0	109.0	99.0	111.0	117.0	107.0	118.0	99.0	114.0	107.0	104.0	111.0	97.0	134.0	93.0	108.0
264.328	88.0	114.0	92.0	94.0	113.0	100.0	92.0	109.0	109.0	103.0	106.0	95.0	103.0	104.0	98.0	97.0	95.0	131.0	88.0	102.0
264.43	90.0	114.0	85.0	92.0	106.0	94.0	94.0	112.0	105.0	93.0	95.0	91.0	111.0	89.0	95.0	96.0	88.0	122.0	90.0	91.0
264.533	91.0	110.0	82.0	86.0	105.0	97.0	89.0	112.0	106.0	93.0	90.0	89.0	116.0	92.0	94.0	96.0	92.0	121.0	90.0	80.0
264.635	81.0	104.0	86.0	86.0	102.0	84.0	86.0	101.0	94.0	95.0	92.0	83.0	102.0	85.0	92.0	90.0	85.0	114.0	80.0	75.0
264.738	81.0	109.0	84.0	86.0	105.0	80.0	88.0	99.0	93.0	88.0	80.0	89.0	107.0	83.0	86.0	83.0	77.0	112.0	81.0	81.0
264.84	82.0	109.0	86.0	81.0	107.0	84.0	79.0	107.0	88.0	88.0	87.0	87.0	106.0	84.0	86.0	83.0	80.0	112.0	78.0	85.0
264.943	81.0	101.0	75.0	80.0	108.0	85.0	82.0	105.0	94.0	86.0	90.0	91.0	106.0	84.0	92.0	87.0	78.0	109.0	84.0	85.0
265.046	83.0	112.0	73.0	78.0	103.0	77.0	87.0	103.0	90.0	89.0	89.0	85.0	112.0	86.0	91.0	82.0	83.0	110.0	80.0	80.0
265.148	79.0	107.0	83.0	81.0	106.0	89.0	86.0	106.0	87.0	86.0	85.0	85.0	103.0	85.0	80.0	86.0	87.0	111.0	80.0	83.0
265.251	109.0	123.0	105.0	106.0	124.0	103.0	101.0	124.0	105.0	102.0	110.0	107.0	119.0	102.0	107.0	106.0	103.0	126.0	103.0	101.0
265.353	87.0	107.0	88.0	81.0	105.0	86.0	86.0	112.0	92.0	89.0	82.0	84.0	110.0	86.0	87.0	85.0	78.0	101.0	86.0	78.0
265.456	87.0	105.0	84.0	84.0	108.0	83.0	85.0	106.0	89.0	90.0	83.0	81.0	105.0	89.0	86.0	80.0	79.0	107.0	81.0	80.0
265.559	86.0	104.0	77.0	82.0	97.0	85.0	84.0	104.0	91.0	86.0	84.0	86.0	104.0	82.0	85.0	76.0	79.0	105.0	78.0	86.0
265.661	79.0	105.0	89.0	83.0	106.0	84.0	82.0	103.0	92.0	86.0	84.0	87.0	106.0	87.0	87.0	84.0	81.0	114.0	80.0	85.0
265.764	90.0	107.0	88.0	81.0	106.0	92.0	86.0	114.0	94.0	88.0	90.0	86.0	112.0	83.0	87.0	93.0	83.0	113.0	85.0	90.0
265.867	82.0	110.0	86.0	80.0	105.0	90.0	84.0	109.0	96.0	88.0	88.0	91.0	108.0	85.0	92.0	89.0	78.0	111.0	85.0	81.0
265.969	79.0	104.0	79.0	83.0	109.0	91.0	82.0	105.0	88.0	89.0	85.0	89.0	105.0	81.0	80.0	82.0	79.0	109.0	76.0	74.0
266.072	85.0	110.0	88.0	88.0	102.0	87.0	83.0	111.0	89.0	82.0	83.0	89.0	105.0	80.0	84.0	82.0	85.0	110.0	79.0	81.0
266.175	102.0	122.0	99.0	94.0	127.0	95.0	97.0	120.0	104.0	102.0	98.0	101.0	123.0	98.0	102.0	92.0	96.0	123.0	93.0	91.0
266.277	88.0	109.0	80.0	89.0	111.0	91.0	81.0	105.0	94.0	86.0	86.0	88.0	106.0	86.0	87.0	81.0	86.0	111.0	80.0	81.0
266.38	85.0	107.0	84.0	80.0	100.0	92.0	84.0	105.0	88.0	91.0	88.0	91.0	106.0	82.0	83.0	87.0	82.0	113.0	83.0	90.0
266.483	83.0	110.0	81.0	83.0	100.0	85.0	88.0	108.0	95.0	91.0	81.0	91.0	101.0	86.0	80.0	86.0	84.0	115.0	80.0	85.0
266.586	81.0	99.0	81.0	86.0	102.0	85.0	79.0	109.0	80.0	83.0	77.0	86.0	108.0	83.0	84.0	83.0	81.0	110.0	83.0	82.0
266.688	82.0	109.0	79.0	87.0	104.0	82.0	82.0	104.0	89.0	82.0	84.0	84.0	108.0	86.0	89.0	87.0	74.0	110.0	81.0	80.0
266.791	82.0	104.0	79.0	86.0	105.0	81.0	86.0	103.0	88.0	88.0	76.0	85.0	98.0	84.0	84.0	83.0	77.0	106.0	72.0	79.0
266.894	87.0	112.0	88.0	82.0	104.0	82.0	89.0	114.0	94.0	91.0	84.0	86.0	106.0	84.0	88.0	84.0	85.0	116.0	80.0	84.0
266.997	104.0	130.0	107.0	106.0	127.0	104.0	107.0	127.0	112.0	108.0	105.0	107.0	125.0	103.0	103.0	106.0	102.0	132.0	90.0	101.0
267.1	82.0	107.0	84.0	85.0	106.0	91.0	86.0	106.0	94.0	90.0	93.0	84.0	112.0	84.0	87.0	86.0	88.0	120.0	82.0	87.0
267.202	90.0	109.0	86.0	85.0	107.0	85.0	88.0	106.0	93.0	89.0	87.0	87.0	108.0	86.0	91.0	84.0	86.0	120.0	83.0	89.0
267.305	84.0	112.0	86.0	91.0	104.0	89.0	87.0	114.0	96.0	88.0	88.0	88.0	105.0	86.0	92.0	89.0	90.0	118.0	88.0	89.0
267.408	86.0	115.0	88.0	86.0	102.0	90.0	86.0	109.0	95.0	93.0	89.0	96.0	106.0	93.0	91.0	86.0	87.0	114.0	89.0	85.0
267.511	86.0	102.0	82.0	78.0	104.0	89.0	85.0	109.0	95.0	92.0	88.0	93.0	106.0	90.0	91.0	90.0	79.0	111.0	88.0	83.0
267.614	81.0	106.0	82.0	84.0	104.0	84.0	88.0	105.0	86.0	82.0	83.0	85.0	103.0	82.0	86.0	85.0	76.0	115.0	83.0	80.0
267.717	81.0	110.0	81.0	85.0	102.0	84.0	81.0	107.0	88.0	86.0	79.0	87.0	102.0	82.0	83.0	76.0	85.0	109.0	76.0	86.0
267.82	107.0	127.0	110.0	111.0	120.0	107.0	106.0	128.0	113.0	107.0	104.0	106.0	126.0	107.0	105.0	104.0	107.0	135.0	105.0	104.0
267.923	81.0	110.0	84.0	83.0	96.0	80.0	82.0	107.0	88.0	82.0	85.0	90.0	112.0	85.0	81.0	83.0	82.0	105.0	84.0	80.0
268.025	105.0	128.0	105.0	106.0	128.0	105.0	106.0	131.0	107.0	116.0	103.0	114.0	122.0	97.0	110.0	102.0	104.0	130.0	102.0	105.0
268.128	81.0	108.0	89.0	83.0	102.0	82.0	89.0	108.0	91.0	88.0	83.0	92.0	111.0	79.0	81.0	82.0	82.0	110.0	79.0	87.0
268.231	81.0	102.0	78.0	77.0	101.0	84.0	85.0	103.0	86.0	88.0	79.0	83.0	108.0	88.0	88.0	85.0	80.0	108.0	79.0	82.0
268.334	85.0	107.0	83.0	87.0	107.0	88.0	87.0	110.0	97.0	88.0	85.0	93.0	106.0	85.0	88.0	83.0	85.0	115.0	87.0	93.0
268.437	81.0	110.0	76.0	87.0	105.0	84.0	87.0	109.0	86.0	90.0	83.0	87.0	109.0	86.0	84.0	89.0	80.0	112.0	81.0	84.0
268.54	80.0	110.0	76.0	83.0	98.0	83.0	83.0	114.0	84.0	88.0	85.0	91.0	105.0	79.0	82.0	78.0	84.0	111.0	80.0	83.0
268.643	83.0	106.0	78.0	88.0	102.0	84.0	82.0	107.0	90.0	80.0	83.0	86.0	104.0	80.0	80.0	78.0	86.0	108.0	83.0	81.0
268.746	83.0	106.0	83.0	83.0	102.0	87.0	81.0	105.0	88.0	93.0	81.0	86.0	103.0	82.0	88.0	88.0	80.0	117.0	84.0	80.0
268.849	89.0	103.0	86.0	79.0	105.0	85.0	89.0	102.0	93.0	87.0	82.0	81.0	104.0	78.0	84.0	86.0	84.0	114.0	78.0	81.0
268.952	87.0	106.0	86.0	83.0	103.0	77.0	86.0	108.0	88.0	89.0	87.0	87.0	105.0	80.0	86.0	88.0	83.0	116.0	83.0	81.0
269.055	82.0	104.0	86.0	85.0	97.0	88.0	87.0	110.0	90.0	91.0	80.0	93.0	108.0	85.0	91.0	85.0	86.0	113.0	86.0	82.0
269.158	98.0	119.0	100.0	102.0	118.0	109.0	98.0	121.0	103.0	103.0	111.0	106.0	125.0	106.0	109.0	108.0	99.0	129.0	97.0	101.0
269.262	85.0	105.0	84.0	82.0	109.0	90.0	90.0	104.0	93.0	92.0	98.0	92.0	110.0	90.0	96.0	94.0	82.0	121.0	85.0	85.0
269.365	82.0	107.0	81.0	86.0	102.0	94.0	86.0	107.0	94.0	87.0	94.0	91.0	107.0	92.0	93.0	84.0	86.0	115.0	82.0	86.0
269.468	85.0	108.0	82.0	85.0	102.0	82.0	83.0	113.0	91.0	88.0	88.0	96.0	107.0	90.0	90.0	91.0	85.0	116.0	88.0	86.0
269.571	87.0	106.0	85.0	84.0	105.0	85.0	85.0	103.0	94.0	89.0	92.0	86.0	107.0	88.0	89.0	91.0	80.0	114.0	87.0	85.0
269.674	89.0	113.0	88.0	86.0	109.0	95.0	92.0	101.0	93.0	93.0	96.0	94.0	103.0	89.0	99.0	90.0	82.0	116.0	87.0	88.0
269.777	82.0	101.0	84.0	86.0	93.0	88.0	86.0	100.0	88.0	89.0	84.0	95.0	106.0	77.0	88.0	91.0	79.0	117.0	81.0	91.0
269.88	78.0	106.0	78.0	88.0	104.0	88.0	87.0	105.0	90.0	83.0	86.0	88.0	110.0	87.0	88.0	89.0	83.0	117.0	82.0	88.0
269.983	78.0	105.0	77.0	80.0	101.0	86.0	81.0	111.0	81.0	86.0	82.0	84.0	110.0	83.0	90.0	82.0	75.0	102.0	80.0	85.0
270.086	82.0	100.0	76.0	80.0	99.0	85.0	78.0	110.0	92.0	91.0	86.0	87.0	100.0	82.0	86.0	85.0	74.0	113.0	78.0	82.0
270.19	76.0	107.0	79.0	85.0	106.0	90.0	85.0	105.0	85.0	89.0	84.0	86.0	105.0	83.0	84.0	81.0	79.0	113.0	78.0	82.0
270.293	84.0	109.0	86.0	85.0	104.0	85.0	90.0	103.0	89.0	84.0	87.0	84.0	114.0	84.0	87.0	78.0	82.0	112.0	84.0	86.0
270.396	89.0	118.0	86.0	91.0	105.0	88.0	89.0	115.0	92.0	90.0	85.0	92.0	115.0	89.0	91.0	94.0	86.0	120.0	94.0	83.0
270.499	80.0	107.0	77.0	79.0	103.0	82.0	88.0	104.0	92.0	86.0	83.0	84.0	101.0	82.0	80.0	84.0	82.0	102.0	83.0	74.0
270.602	79.0	108.0	81.0	82.0	106.0	82.0	85.0	105.0	84.0	88.0	87.0	88.0	108.0	75.0	78.0	78.0	83.0	111.0	80.0	85.0
270.706	79.0	107.0	82.0	81.0	101.0	83.0	80.0	106.0	83.0	87.0	80.0	86.0	109.0	78.0	82.0	84.0	76.0	109.0	81.0	77.0
270.809	84.0	101.0	75.0	79.0	106.0	88.0	81.0	108.0	88.0	82.0	84.0	81.0	106.0	82.0	86.0	84.0	74.0	109.0	76.0	80.0
270.912	83.0	105.0	80.0	79.0	105.0	83.0	85.0	108.0	87.0	84.0	84.0	87.0	109.0	86.0	90.0	90.0	79.0	109.0	80.0	85.0
271.015	78.0	112.0	84.0	80.0	102.0	88.0	87.0	105.0	89.0	92.0	85.0	84.0	109.0	86.0	90.0	83.0	82.0	111.0	78.0	87.0
271.119	84.0	107.0	87.0	85.0	105.0	87.0	87.0	107.0	91.0	94.0	87.0	93.0	114.0	84.0	87.0	87.0	84.0	116.0	80.0	84.0
271.222	82.0	102.0	82.0	89.0	105.0	87.0	86.0	109.0	101.0	93.0	84.0	87.0	110.0	85.0	85.0	84.0	78.0	117.0	84.0	82.0
271.325	85.0	108.0	86.0	81.0	105.0	95.0	87.0	108.0	92.0	89.0	90.0	86.0	103.0	88.0	96.0	86.0	83.0	113.0	90.0	83.0
271.429	80.0	110.0	81.0	84.0	105.0	87.0	85.0	102.0	93.0	93.0	92.0	89.0	104.0	84.0	92.0	89.0	82.0	114.0	80.0	84.0
271.532	82.0	110.0	89.0	89.0	101.0	84.0	86.0	108.0	93.0	94.0	85.0	90.0	105.0	82.0	91.0	87.0	89.0	115.0	86.0	87.0
271.635	80.0	104.0	77.0	79.0	103.0	84.0	80.0	104.0	85.0	85.0	79.0	87.0	108.0	84.0	86.0	82.0	80.0	104.0	76.0	82.0
271.739	80.0	104.0	76.0	79.0	107.0	88.0	81.0	107.0	88.0	83.0	85.0	88.0	107.0	80.0	83.0	89.0	76.0	108.0	82.0	83.0
271.842	77.0	105.0	80.0	86.0	101.0	89.0	84.0	110.0	93.0	85.0	88.0	80.0	107.0	87.0	87.0	80.0	81.0	112.0	84.0	88.0
271.945	82.0	104.0	79.0	85.0	104.0	85.0	84.0	106.0	79.0	91.0	94.0	86.0	105.0	86.0	87.0	77.0	82.0	113.0	85.0	91.0
272.049	83.0	105.0	80.0	84.0	102.0	86.0	81.0	108.0	96.0	87.0	88.0	81.0	105.0	82.0	90.0	83.0	80.0	114.0	88.0	83.0
272.152	82.0	104.0	79.0	82.0	106.0	90.0	84.0	106.0	91.0	85.0	92.0	87.0	109.0	84.0	90.0	84.0	81.0	114.0	83.0	82.0
272.255	81.0	111.0	85.0	85.0	103.0	84.0	82.0	101.0	95.0	91.0	91.0	87.0	102.0	79.0	86.0	81.0	85.0	112.0	82.0	80.0
272.359	84.0	112.0	85.0	85.0	103.0	85.0	90.0	112.0	89.0	91.0	85.0	85.0	108.0	79.0	92.0	90.0	84.0	118.0	82.0	87.0
272.462	82.0	103.0	84.0	87.0	101.0	86.0	86.0	111.0	96.0	84.0	84.0	94.0	107.0	91.0	94.0	89.0	79.0	116.0	85.0	79.0
272.566	92.0	108.0	84.0	83.0	107.0	87.0	85.0	107.0	95.0	93.0	93.0	90.0	108.0	91.0	97.0	93.0	80.0	117.0	89.0	94.0
272.669	79.0	108.0	87.0	87.0	106.0	92.0	91.0	106.0	103.0	93.0	100.0	93.0	105.0	93.0	92.0	94.0	89.0	121.0	94.0	104.0
272.773	83.0	110.0	84.0	94.0	105.0	95.0	91.0	105.0	96.0	95.0	100.0	99.0	111.0	91.0	92.0	86.0	95.0	119.0	88.0	99.0
272.876	86.0	110.0	87.0	87.0	102.0	92.0	86.0	105.0	104.0	89.0	96.0	93.0	108.0	92.0	97.0	88.0	90.0	119.0	87.0	95.0
272.98	94.0	106.0	89.0	89.0	104.0	95.0	92.0	101.0	105.0	94.0	95.0	91.0	107.0	95.0	98.0	97.0	93.0	119.0	96.0	94.0
273.083	89.0	103.0	80.0	85.0	106.0	92.0	87.0	98.0	96.0	90.0	89.0	91.0	103.0	85.0	100.0	92.0	88.0	112.0	85.0	90.0
273.187	86.0	111.0	85.0	88.0	97.0	95.0	89.0	104.0	92.0	93.0	90.0	97.0	104.0	85.0	88.0	94.0	90.0	116.0	90.0	85.0
273.29	91.0	105.0	89.0	101.0	106.0	116.0	91.0	108.0	97.0	103.0	106.0	99.0	108.0	97.0	101.0	90.0	90.0	124.0	100.0	97.0
273.394	88.0	103.0	78.0	96.0	109.0	102.0	86.0	111.0	94.0	93.0	101.0	99.0	111.0	91.0	96.0	97.0	79.0	126.0	88.0	91.0
273.497	89.0	108.0	80.0	99.0	108.0	104.0	91.0	104.0	106.0	96.0	100.0	94.0	108.0	95.0	102.0	104.0	86.0	130.0	96.0	100.0
273.601	87.0	107.0	89.0	104.0	103.0	102.0	90.0	109.0	103.0	101.0	97.0	103.0	108.0	97.0	101.0	95.0	101.0	124.0	96.0	103.0
273.704	91.0	108.0	89.0	97.0	105.0	104.0	87.0	104.0	107.0	94.0	105.0	96.0	105.0	95.0	103.0	101.0	88.0	131.0	97.0	94.0
273.808	85.0	110.0	81.0	95.0	110.0	101.0	85.0	101.0	97.0	91.0	102.0	92.0	109.0	94.0	105.0	98.0	81.0	132.0	94.0	93.0
273.911	88.0	109.0	90.0	98.0	106.0	102.0	86.0	106.0	93.0	97.0	101.0	95.0	108.0	93.0	106.0	97.0	84.0	132.0	93.0	92.0
274.015	87.0	111.0	85.0	101.0	104.0	112.0	90.0	105.0	102.0	107.0	108.0	104.0	111.0	98.0	103.0	104.0	91.0	141.0	97.0	98.0
274.119	89.0	102.0	83.0	104.0	105.0	118.0	91.0	112.0	108.0	104.0	117.0	104.0	106.0	100.0	112.0	105.0	92.0	136.0	103.0	104.0
274.222	89.0	100.0	84.0	106.0	109.0	115.0	89.0	106.0	100.0	103.0	120.0	103.0	114.0	97.0	118.0	107.0	87.0	142.0	111.0	99.0
274.326	87.0	108.0	85.0	103.0	112.0	109.0	97.0	103.0	100.0	106.0	114.0	106.0	108.0	96.0	115.0	110.0	89.0	134.0	106.0	96.0
274.43	83.0	108.0	86.0	102.0	110.0	108.0	91.0	113.0	105.0	111.0	118.0	108.0	113.0	100.0	111.0	100.0	93.0	139.0	97.0	99.0
274.533	96.0	115.0	88.0	107.0	105.0	121.0	94.0	108.0	114.0	110.0	126.0	112.0	108.0	106.0	126.0	115.0	97.0	147.0	99.0	106.0
274.637	97.0	112.0	91.0	103.0	105.0	120.0	95.0	114.0	122.0	108.0	132.0	113.0	110.0	116.0	135.0	120.0	91.0	146.0	110.0	103.0
274.741	100.0	105.0	92.0	103.0	108.0	117.0	92.0	111.0	114.0	107.0	131.0	112.0	109.0	110.0	129.0	116.0	95.0	150.0	105.0	103.0
274.844	86.0	104.0	90.0	105.0	102.0	113.0	90.0	98.0	109.0	100.0	125.0	106.0	105.0	98.0	122.0	113.0	92.0	145.0	106.0	101.0
274.948	86.0	108.0	84.0	104.0	104.0	106.0	89.0	105.0	101.0	100.0	111.0	101.0	106.0	95.0	110.0	100.0	92.0	131.0	101.0	95.0
275.052	89.0	103.0	86.0	92.0	104.0	110.0	84.0	104.0	99.0	93.0	106.0	100.0	112.0	96.0	106.0	102.0	84.0	128.0	95.0	96.0
275.155	95.0	108.0	87.0	99.0	108.0	114.0	88.0	107.0	108.0	98.0	116.0	102.0	114.0	98.0	120.0	110.0	94.0	131.0	102.0	95.0
275.259	86.0	110.0	79.0	97.0	109.0	100.0	89.0	105.0	102.0	107.0	107.0	101.0	113.0	91.0	107.0	97.0	92.0	138.0	95.0	95.0
275.363	83.0	104.0	85.0	86.0	102.0	90.0	89.0	106.0	101.0	98.0	99.0	93.0	108.0	94.0	101.0	97.0	89.0	122.0	87.0	90.0
275.467	88.0	104.0	80.0	92.0	105.0	95.0	87.0	107.0	103.0	83.0	102.0	94.0	109.0	96.0	103.0	98.0	95.0	125.0	89.0	93.0
275.57	84.0	108.0	80.0	86.0	102.0	93.0	88.0	107.0	96.0	88.0	98.0	98.0	104.0	92.0	98.0	90.0	82.0	121.0	90.0	87.0
275.674	78.0	107.0	75.0	86.0	100.0	90.0	88.0	101.0	97.0	92.0	97.0	92.0	104.0	86.0	98.0	93.0	82.0	117.0	84.0	86.0
275.778	86.0	105.0	87.0	89.0	104.0	91.0	84.0	105.0	94.0	96.0	99.0	97.0	108.0	95.0	106.0	101.0	88.0	129.0	92.0	87.0
275.882	85.0	107.0	89.0	85.0	107.0	96.0	86.0	105.0	94.0	95.0	92.0	96.0	110.0	98.0	98.0	93.0	83.0	120.0	87.0	84.0
275.986	87.0	107.0	77.0	80.0	101.0	94.0	83.0	108.0	87.0	93.0	96.0	89.0	109.0	93.0	95.0	93.0	81.0	121.0	91.0	88.0
276.089	81.0	109.0	86.0	89.0	107.0	87.0	85.0	105.0	92.0	96.0	96.0	97.0	114.0	93.0	95.0	88.0	84.0	122.0	83.0	90.0
276.193	80.0	107.0	85.0	84.0	103.0	88.0	84.0	106.0	89.0	89.0	89.0	91.0	102.0	84.0	81.0	81.0	87.0	119.0	83.0	75.0
276.297	80.0	103.0	82.0	87.0	102.0	88.0	83.0	108.0	86.0	83.0	87.0	80.0	108.0	81.0	86.0	82.0	79.0	111.0	85.0	80.0
276.401	83.0	103.0	80.0	87.0	98.0	91.0	76.0	103.0	90.0	86.0	88.0	89.0	102.0	79.0	90.0	84.0	86.0	111.0	80.0	77.0
276.505	82.0	108.0	78.0	83.0	99.0	89.0	85.0	107.0	92.0	89.0	90.0	93.0	104.0	81.0	87.0	90.0	83.0	117.0	81.0	82.0
276.609	87.0	107.0	83.0	82.0	94.0	81.0	79.0	100.0	89.0	79.0	78.0	86.0	102.0	82.0	85.0	85.0	80.0	116.0	79.0	85.0
276.713	78.0	105.0	81.0	82.0	105.0	85.0	84.0	110.0	86.0	81.0	84.0	86.0	111.0	78.0	87.0	87.0	78.0	114.0	77.0	82.0
276.816	81.0	108.0	80.0	79.0	105.0	85.0	84.0	112.0	90.0	82.0	82.0	92.0	104.0	77.0	86.0	88.0	77.0	110.0	79.0	81.0
276.92	81.0	111.0	81.0	76.0	98.0	88.0	80.0	106.0	88.0	86.0	87.0	89.0	110.0	82.0	82.0	85.0	80.0	109.0	76.0	82.0
277.024	76.0	105.0	84.0	80.0	106.0	83.0	83.0	110.0	87.0	92.0	83.0	83.0	107.0	80.0	85.0	82.0	81.0	108.0	77.0	84.0
277.128	84.0	107.0	78.0	86.0	105.0	77.0	88.0	106.0	84.0	83.0	80.0	77.0	106.0	75.0	87.0	81.0	80.0	110.0	79.0	78.0
277.232	85.0	108.0	81.0	75.0	102.0	83.0	82.0	104.0	93.0	86.0	87.0	83.0	114.0	87.0	98.0	88.0	79.0	111.0	79.0	77.0
277.336	89.0	111.0	82.0	83.0	102.0	89.0	84.0	105.0	93.0	90.0	91.0	92.0	109.0	85.0	89.0	85.0	85.0	119.0	86.0	88.0
277.44	79.0	105.0	80.0	83.0	103.0	79.0	89.0	106.0	92.0	89.0	97.0	90.0	104.0	85.0	90.0	90.0	84.0	118.0	86.0	87.0
277.544	79.0	110.0	84.0	83.0	108.0	83.0	77.0	106.0	88.0	84.0	84.0	85.0	111.0	87.0	86.0	83.0	83.0	110.0	77.0	82.0
277.648	83.0	105.0	82.0	78.0	105.0	89.0	87.0	110.0	94.0	84.0	86.0	86.0	109.0	86.0	93.0	86.0	81.0	119.0	80.0	83.0
277.752	83.0	108.0	82.0	83.0	100.0	86.0	83.0	105.0	88.0	86.0	90.0	89.0	112.0	83.0	93.0	83.0	81.0	119.0	85.0	82.0
277.856	84.0	108.0	76.0	84.0	105.0	88.0	87.0	102.0	91.0	89.0	96.0	87.0	111.0	89.0	92.0	83.0	81.0	118.0	76.0	84.0
277.96	92.0	108.0	86.0	84.0	109.0	92.0	90.0	104.0	93.0	90.0	91.0	88.0	111.0	89.0	91.0	92.0	80.0	121.0	86.0	86.0
278.064	83.0	107.0	82.0	85.0	106.0	90.0	87.0	108.0	95.0	83.0	93.0	89.0	108.0	89.0	96.0	89.0	86.0	117.0	89.0	85.0
278.168	86.0	110.0	77.0	86.0	107.0	93.0	84.0	113.0	96.0	92.0	96.0	97.0	104.0	89.0	99.0	92.0	91.0	119.0	86.0	92.0
278.272	83.0	107.0	84.0	89.0	106.0	93.0	85.0	106.0	94.0	101.0	91.0	93.0	114.0	89.0	93.0	91.0	83.0	122.0	84.0	90.0
278.376	82.0	112.0	81.0	85.0	104.0	90.0	90.0	106.0	90.0	89.0	86.0	84.0	109.0	85.0	96.0	91.0	82.0	118.0	88.0	88.0
278.48	87.0	105.0	80.0	80.0	102.0	86.0	80.0	105.0	92.0	94.0	95.0	87.0	103.0	88.0	92.0	93.0	85.0	120.0	82.0	83.0
278.584	81.0	109.0	74.0	83.0	103.0	86.0	83.0	104.0	92.0	85.0	98.0	89.0	109.0	82.0	96.0	88.0	82.0	119.0	83.0	84.0
278.689	82.0	110.0	86.0	84.0	103.0	89.0	81.0	108.0	84.0	89.0	83.0	86.0	106.0	80.0	87.0	79.0	83.0	113.0	77.0	87.0
278.793	84.0	98.0	78.0	89.0	102.0	97.0	86.0	98.0	95.0	86.0	89.0	92.0	114.0	86.0	84.0	91.0	81.0	120.0	80.0	84.0
278.897	94.0	102.0	83.0	90.0	106.0	86.0	88.0	105.0	93.0	87.0	90.0	88.0	104.0	87.0	92.0	97.0	84.0	124.0	86.0	86.0
279.001	97.0	106.0	86.0	92.0	103.0	92.0	89.0	110.0	95.0	95.0	101.0	93.0	105.0	94.0	101.0	101.0	85.0	125.0	88.0	88.0
279.105	90.0	105.0	86.0	89.0	100.0	92.0	89.0	105.0	99.0	88.0	98.0	89.0	107.0	92.0	105.0	99.0	91.0	126.0	85.0	92.0
279.209	109.0	126.0	104.0	103.0	127.0	113.0	109.0	130.0	119.0	112.0	114.0	112.0	127.0	109.0	124.0	116.0	107.0	145.0	104.0	111.0
279.313	90.0	100.0	88.0	84.0	108.0	92.0	84.0	111.0	100.0	90.0	93.0	92.0	112.0	87.0	94.0	92.0	81.0	115.0	87.0	89.0
279.418	92.0	109.0	85.0	90.0	104.0	90.0	87.0	109.0	103.0	96.0	106.0	99.0	112.0	96.0	106.0	102.0	85.0	128.0	94.0	94.0
279.522	96.0	112.0	86.0	94.0	109.0	102.0	88.0	107.0	100.0	101.0	111.0	103.0	114.0	96.0	116.0	102.0	90.0	139.0	91.0	98.0
279.626	98.0	109.0	88.0	97.0	103.0	105.0	95.0	107.0	116.0	102.0	113.0	102.0	109.0	108.0	114.0	111.0	97.0	144.0	100.0	104.0
279.73	92.0	106.0	91.0	96.0	108.0	104.0	90.0	104.0	111.0	100.0	108.0	101.0	111.0	108.0	117.0	117.0	97.0	137.0	106.0	101.0
279.834	103.0	110.0	95.0	104.0	101.0	119.0	98.0	109.0	124.0	114.0	141.0	109.0	102.0	114.0	127.0	122.0	103.0	161.0	112.0	112.0
279.939	106.0	105.0	98.0	104.0	100.0	114.0	96.0	102.0	126.0	118.0	135.0	114.0	108.0	119.0	142.0	126.0	100.0	164.0	110.0	124.0
280.043	92.0	107.0	90.0	93.0	104.0	110.0	99.0	104.0	122.0	113.0	121.0	107.0	110.0	106.0	121.0	121.0	90.0	150.0	104.0	103.0
280.147	90.0	108.0	88.0	92.0	103.0	107.0	87.0	109.0	112.0	108.0	122.0	100.0	112.0	110.0	123.0	115.0	93.0	144.0	106.0	102.0
280.251	93.0	106.0	86.0	94.0	110.0	105.0	86.0	108.0	114.0	106.0	119.0	107.0	108.0	104.0	121.0	109.0	93.0	142.0	99.0	104.0
280.356	95.0	111.0	88.0	97.0	102.0	117.0	97.0	107.0	115.0	116.0	122.0	111.0	109.0	103.0	132.0	113.0	93.0	151.0	107.0	107.0
280.46	89.0	107.0	90.0	106.0	99.0	116.0	103.0	110.0	124.0	114.0	139.0	116.0	114.0	109.0	140.0	120.0	100.0	160.0	109.0	108.0
280.564	95.0	108.0	86.0	91.0	109.0	117.0	92.0	106.0	119.0	103.0	126.0	102.0	109.0	106.0	129.0	123.0	96.0	155.0	105.0	106.0
280.669	92.0	111.0	87.0	90.0	108.0	100.0	81.0	107.0	105.0	98.0	110.0	104.0	103.0	99.0	118.0	113.0	91.0	140.0	99.0	98.0
280.773	84.0	107.0	86.0	90.0	103.0	100.0	86.0	106.0	105.0	104.0	116.0	101.0	105.0	95.0	118.0	104.0	86.0	137.0	93.0	101.0
280.877	92.0	113.0	83.0	85.0	105.0	98.0	82.0	102.0	101.0	97.0	102.0	99.0	103.0	96.0	112.0	107.0	88.0	134.0	96.0	97.0
280.982	87.0	105.0	84.0	83.0	104.0	99.0	90.0	108.0	98.0	94.0	107.0	106.0	113.0	90.0	107.0	101.0	86.0	124.0	92.0	94.0
281.086	91.0	100.0	87.0	91.0	107.0	107.0	92.0	109.0	108.0	97.0	119.0	103.0	108.0	102.0	114.0	106.0	88.0	143.0	98.0	102.0
281.19	96.0	108.0	101.0	107.0	99.0	124.0	98.0	106.0	126.0	116.0	139.0	121.0	114.0	118.0	135.0	122.0	102.0	166.0	109.0	116.0
281.295	92.0	110.0	90.0	102.0	104.0	117.0	89.0	104.0	116.0	112.0	129.0	119.0	110.0	115.0	140.0	121.0	96.0	161.0	106.0	113.0
281.399	92.0	107.0	95.0	101.0	106.0	112.0	95.0	102.0	117.0	109.0	132.0	104.0	107.0	112.0	133.0	121.0	95.0	144.0	108.0	101.0
281.503	92.0	109.0	97.0	92.0	111.0	114.0	97.0	103.0	113.0	108.0	128.0	109.0	109.0	104.0	124.0	119.0	92.0	147.0	102.0	97.0
281.608	87.0	104.0	81.0	87.0	99.0	93.0	87.0	109.0	105.0	100.0	110.0	102.0	103.0	92.0	112.0	108.0	90.0	140.0	96.0	91.0
281.712	93.0	108.0	90.0	94.0	107.0	97.0	91.0	108.0	102.0	94.0	100.0	100.0	112.0	95.0	109.0	104.0	92.0	132.0	93.0	99.0
281.817	96.0	111.0	94.0	95.0	117.0	112.0	107.0	118.0	114.0	97.0	110.0	103.0	122.0	103.0	115.0	112.0	96.0	136.0	96.0	98.0
281.921	81.0	100.0	74.0	82.0	102.0	93.0	88.0	105.0	98.0	85.0	101.0	92.0	102.0	96.0	103.0	100.0	83.0	127.0	91.0	88.0
282.026	89.0	109.0	87.0	95.0	110.0	104.0	92.0	110.0	112.0	107.0	109.0	102.0	112.0	96.0	116.0	105.0	89.0	137.0	99.0	99.0
282.13	98.0	112.0	96.0	100.0	103.0	126.0	97.0	105.0	133.0	124.0	137.0	121.0	115.0	120.0	134.0	126.0	106.0	160.0	121.0	122.0
282.235	112.0	113.0	105.0	118.0	109.0	157.0	112.0	109.0	153.0	132.0	188.0	141.0	114.0	148.0	173.0	162.0	106.0	201.0	141.0	137.0
282.339	115.0	108.0	111.0	114.0	105.0	157.0	102.0	112.0	158.0	132.0	188.0	136.0	109.0	146.0	188.0	167.0	103.0	203.0	138.0	133.0
282.444	99.0	108.0	100.0	108.0	104.0	125.0	97.0	106.0	136.0	122.0	153.0	129.0	112.0	119.0	151.0	142.0	98.0	178.0	119.0	127.0
282.548	98.0	108.0	93.0	105.0	102.0	132.0	102.0	102.0	140.0	116.0	149.0	130.0	112.0	123.0	160.0	140.0	107.0	178.0	122.0	126.0
282.653	97.0	112.0	97.0	97.0	109.0	126.0	102.0	119.0	130.0	121.0	137.0	123.0	123.0	127.0	147.0	136.0	101.0	165.0	121.0	118.0
282.757	93.0	101.0	87.0	88.0	103.0	116.0	90.0	108.0	120.0	101.0	124.0	111.0	108.0	107.0	130.0	122.0	91.0	152.0	107.0	103.0
282.862	91.0	106.0	88.0	90.0	103.0	100.0	90.0	109.0	104.0	101.0	113.0	96.0	112.0	96.0	115.0	113.0	91.0	138.0	100.0	95.0
282.966	92.0	108.0	84.0	91.0	107.0	102.0	88.0	105.0	103.0	102.0	108.0	96.0	107.0	101.0	105.0	107.0	88.0	136.0	89.0	99.0
283.071	84.0	110.0	78.0	90.0	100.0	98.0	89.0	105.0	100.0	102.0	103.0	97.0	106.0	92.0	110.0	106.0	90.0	126.0	89.0	95.0
283.175	85.0	104.0	84.0	88.0	98.0	98.0	86.0	110.0	102.0	95.0	103.0	89.0	109.0	92.0	107.0	97.0	87.0	129.0	91.0	89.0
283.28	88.0	105.0	87.0	89.0	101.0	94.0	90.0	111.0	96.0	96.0	102.0	100.0	102.0	94.0	103.0	100.0	84.0	128.0	96.0	88.0
283.385	85.0	105.0	85.0	85.0	95.0	100.0	83.0	102.0	106.0	101.0	110.0	96.0	102.0	90.0	116.0	100.0	89.0	139.0	93.0	94.0
283.489	87.0	105.0	92.0	98.0	106.0	111.0	98.0	104.0	116.0	110.0	119.0	110.0	111.0	113.0	118.0	124.0	95.0	148.0	104.0	105.0
283.594	95.0	106.0	91.0	104.0	116.0	117.0	99.0	104.0	130.0	115.0	138.0	115.0	112.0	125.0	142.0	128.0	95.0	155.0	116.0	123.0
283.698	99.0	115.0	90.0	98.0	108.0	113.0	96.0	114.0	117.0	111.0	121.0	117.0	112.0	110.0	121.0	111.0	99.0	143.0	103.0	113.0
283.803	89.0	112.0	84.0	101.0	110.0	104.0	90.0	108.0	109.0	101.0	117.0	107.0	109.0	101.0	110.0	98.0	100.0	149.0	97.0	106.0
283.908	84.0	109.0	83.0	90.0	105.0	96.0	90.0	108.0	102.0	99.0	109.0	96.0	109.0	95.0	107.0	99.0	87.0	133.0	96.0	97.0
284.012	91.0	114.0	88.0	96.0	112.0	103.0	92.0	117.0	112.0	97.0	107.0	99.0	117.0	100.0	113.0	105.0	92.0	132.0	95.0	103.0
284.117	88.0	109.0	83.0	86.0	104.0	98.0	93.0	112.0	104.0	97.0	103.0	91.0	107.0	94.0	109.0	99.0	88.0	128.0	90.0	99.0
284.222	85.0	106.0	83.0	89.0	100.0	89.0	85.0	98.0	95.0	88.0	104.0	88.0	109.0	84.0	104.0	101.0	84.0	125.0	93.0	101.0
284.326	87.0	107.0	74.0	86.0	100.0	92.0	83.0	109.0	97.0	87.0	89.0	94.0	109.0	86.0	100.0	102.0	89.0	113.0	84.0	89.0
284.431	90.0	104.0	87.0	93.0	112.0	100.0	85.0	110.0	109.0	99.0	104.0	102.0	109.0	102.0	107.0	108.0	91.0	137.0	94.0	99.0
284.536	91.0	109.0	84.0	92.0	111.0	96.0	85.0	113.0	101.0	98.0	102.0	95.0	114.0	94.0	108.0	98.0	84.0	125.0	90.0	99.0
284.64	87.0	107.0	81.0	99.0	108.0	101.0	86.0	106.0	106.0	92.0	102.0	105.0	114.0	97.0	104.0	100.0	97.0	125.0	86.0	91.0
284.745	83.0	106.0	86.0	91.0	104.0	97.0	85.0	107.0	94.0	94.0	105.0	93.0	106.0	98.0	102.0	102.0	96.0	131.0	92.0	100.0
284.85	83.0	105.0	83.0	93.0	104.0	96.0	81.0	110.0	103.0	95.0	107.0	95.0	110.0	102.0	110.0	102.0	96.0	134.0	93.0	92.0
284.955	93.0	108.0	86.0	91.0	107.0	103.0	87.0	112.0	109.0	96.0	104.0	103.0	101.0	105.0	110.0	104.0	89.0	139.0	96.0	99.0
285.059	92.0	106.0	91.0	92.0	100.0	96.0	87.0	108.0	106.0	102.0	106.0	105.0	109.0	90.0	109.0	110.0	89.0	134.0	100.0	105.0
285.164	86.0	102.0	89.0	96.0	101.0	107.0	83.0	105.0	104.0	98.0	110.0	108.0	105.0	107.0	111.0	109.0	94.0	140.0	97.0	98.0
285.269	84.0	101.0	85.0	92.0	100.0	107.0	93.0	104.0	98.0	101.0	116.0	101.0	107.0	104.0	121.0	111.0	86.0	131.0	100.0	98.0
285.374	94.0	112.0	85.0	94.0	105.0	107.0	90.0	109.0	106.0	101.0	118.0	100.0	104.0	97.0	115.0	106.0	85.0	138.0	107.0	98.0
285.479	90.0	108.0	94.0	96.0	102.0	108.0	92.0	108.0	115.0	104.0	119.0	108.0	108.0	101.0	115.0	112.0	96.0	141.0	99.0	105.0
285.583	97.0	107.0	92.0	102.0	96.0	115.0	91.0	105.0	122.0	111.0	127.0	114.0	112.0	112.0	136.0	125.0	99.0	153.0	108.0	114.0
285.688	88.0	110.0	88.0	97.0	109.0	106.0	93.0	109.0	122.0	101.0	128.0	106.0	110.0	109.0	130.0	122.0	95.0	151.0	103.0	99.0
285.793	88.0	108.0	94.0	96.0	105.0	110.0	88.0	107.0	116.0	95.0	123.0	108.0	111.0	112.0	129.0	112.0	91.0	147.0	104.0	99.0
285.898	84.0	107.0	87.0	93.0	104.0	102.0	92.0	99.0	106.0	99.0	120.0	101.0	112.0	100.0	117.0	107.0	91.0	140.0	102.0	101.0
286.003	91.0	108.0	86.0	88.0	99.0	94.0	90.0	100.0	102.0	102.0	100.0	91.0	110.0	89.0	103.0	96.0	85.0	132.0	85.0	94.0
286.108	82.0	105.0	82.0	84.0	107.0	92.0	83.0	109.0	94.0	95.0	93.0	93.0	106.0	95.0	104.0	98.0	85.0	123.0	90.0	86.0
286.213	85.0	110.0	80.0	80.0	101.0	96.0	79.0	106.0	96.0	94.0	103.0	96.0	112.0	93.0	111.0	103.0	84.0	131.0	87.0	94.0
286.317	93.0	111.0	89.0	99.0	105.0	104.0	94.0	113.0	111.0	102.0	116.0	105.0	108.0	96.0	115.0	103.0	93.0	138.0	93.0	104.0
286.422	87.0	110.0	87.0	97.0	96.0	107.0	87.0	103.0	103.0	99.0	112.0	100.0	108.0	101.0	114.0	113.0	96.0	143.0	97.0	100.0
286.527	84.0	110.0	86.0	92.0	106.0	102.0	86.0	104.0	97.0	98.0	111.0	91.0	115.0	100.0	108.0	99.0	85.0	133.0	93.0	95.0
286.632	90.0	108.0	84.0	92.0	103.0	105.0	88.0	111.0	103.0	95.0	109.0	97.0	109.0	93.0	109.0	111.0	87.0	137.0	100.0	92.0
286.737	86.0	110.0	83.0	81.0	97.0	81.0	80.0	105.0	99.0	95.0	104.0	93.0	108.0	84.0	100.0	96.0	81.0	129.0	87.0	96.0
286.842	93.0	120.0	98.0	106.0	122.0	98.0	104.0	115.0	118.0	110.0	117.0	108.0	131.0	103.0	122.0	112.0	96.0	135.0	100.0	106.0
286.947	97.0	114.0	102.0	98.0	119.0	114.0	102.0	113.0	115.0	115.0	129.0	111.0	117.0	113.0	124.0	126.0	103.0	152.0	112.0	111.0
287.052	98.0	116.0	92.0	103.0	111.0	123.0	103.0	113.0	122.0	119.0	139.0	109.0	122.0	114.0	141.0	127.0	99.0	165.0	112.0	111.0
287.157	98.0	112.0	91.0	106.0	104.0	122.0	98.0	107.0	129.0	117.0	139.0	125.0	116.0	121.0	139.0	124.0	101.0	172.0	113.0	123.0
287.262	93.0	108.0	87.0	98.0	108.0	112.0	95.0	103.0	114.0	112.0	120.0	111.0	114.0	107.0	125.0	123.0	99.0	146.0	106.0	109.0
287.367	85.0	107.0	84.0	93.0	103.0	99.0	85.0	111.0	110.0	104.0	117.0	109.0	108.0	100.0	114.0	113.0	92.0	136.0	101.0	98.0
287.472	85.0	113.0	87.0	91.0	113.0	100.0	88.0	114.0	106.0	92.0	107.0	96.0	114.0	100.0	111.0	103.0	96.0	139.0	101.0	95.0
287.577	107.0	127.0	97.0	107.0	122.0	113.0	108.0	127.0	114.0	113.0	123.0	115.0	121.0	108.0	128.0	122.0	109.0	144.0	110.0	111.0
287.682	86.0	112.0	89.0	93.0	104.0	102.0	94.0	105.0	110.0	108.0	111.0	107.0	117.0	99.0	118.0	103.0	94.0	141.0	100.0	101.0
287.787	93.0	108.0	93.0	104.0	109.0	110.0	102.0	113.0	122.0	115.0	123.0	118.0	111.0	112.0	140.0	125.0	110.0	152.0	112.0	122.0
287.892	99.0	105.0	83.0	99.0	107.0	111.0	100.0	108.0	125.0	107.0	133.0	117.0	112.0	117.0	136.0	117.0	100.0	156.0	112.0	111.0
287.997	96.0	107.0	89.0	101.0	104.0	108.0	93.0	113.0	118.0	104.0	126.0	116.0	114.0	112.0	122.0	116.0	92.0	148.0	108.0	101.0
288.102	88.0	109.0	83.0	90.0	107.0	98.0	92.0	108.0	99.0	98.0	105.0	102.0	113.0	99.0	117.0	102.0	95.0	136.0	100.0	102.0
288.207	82.0	104.0	85.0	86.0	105.0	99.0	85.0	105.0	104.0	97.0	105.0	100.0	108.0	103.0	112.0	102.0	93.0	137.0	98.0	92.0
288.312	86.0	111.0	83.0	95.0	104.0	109.0	86.0	106.0	116.0	102.0	117.0	100.0	107.0	106.0	120.0	111.0	94.0	146.0	100.0	99.0
288.417	93.0	109.0	86.0	92.0	101.0	103.0	83.0	110.0	111.0	100.0	120.0	108.0	107.0	101.0	118.0	108.0	87.0	143.0	98.0	103.0
288.523	88.0	110.0	89.0	91.0	100.0	99.0	93.0	105.0	107.0	101.0	110.0	109.0	112.0	102.0	116.0	109.0	92.0	140.0	94.0	100.0
288.628	86.0	103.0	83.0	89.0	108.0	94.0	84.0	108.0	95.0	96.0	105.0	97.0	107.0	101.0	111.0	103.0	88.0	129.0	95.0	93.0
288.733	85.0	104.0	81.0	82.0	110.0	93.0	89.0	117.0	93.0	91.0	102.0	96.0	109.0	92.0	101.0	95.0	85.0	126.0	92.0	90.0
288.838	81.0	102.0	81.0	78.0	103.0	92.0	81.0	110.0	90.0	90.0	93.0	93.0	104.0	84.0	98.0	91.0	79.0	127.0	86.0	91.0
288.943	87.0	102.0	77.0	86.0	104.0	85.0	86.0	106.0	86.0	85.0	90.0	89.0	113.0	82.0	87.0	85.0	84.0	115.0	77.0	82.0
289.048	79.0	105.0	82.0	87.0	100.0	80.0	87.0	99.0	86.0	80.0	82.0	82.0	109.0	85.0	89.0	89.0	84.0	113.0	80.0	78.0
289.153	75.0	102.0	76.0	80.0	106.0	84.0	87.0	96.0	88.0	87.0	85.0	86.0	104.0	80.0	84.0	84.0	82.0	113.0	79.0	83.0
289.259	82.0	105.0	75.0	82.0	101.0	84.0	81.0	109.0	83.0	82.0	88.0	85.0	105.0	82.0	88.0	88.0	79.0	114.0	80.0	80.0
289.364	79.0	116.0	77.0	85.0	98.0	84.0	91.0	103.0	92.0	84.0	88.0	90.0	106.0	83.0	97.0	92.0	84.0	115.0	81.0	85.0
289.469	81.0	104.0	81.0	82.0	108.0	82.0	84.0	104.0	90.0	87.0	85.0	88.0	109.0	81.0	78.0	86.0	79.0	107.0	74.0	83.0
289.574	93.0	102.0	74.0	86.0	108.0	87.0	88.0	108.0	92.0	88.0	95.0	91.0	106.0	85.0	91.0	84.0	86.0	118.0	90.0	82.0
289.679	85.0	103.0	78.0	83.0	101.0	81.0	77.0	104.0	81.0	91.0	91.0	91.0	105.0	84.0	90.0	86.0	80.0	114.0	85.0	81.0
289.785	83.0	109.0	79.0	83.0	98.0	84.0	86.0	104.0	94.0	85.0	89.0	84.0	104.0	85.0	86.0	94.0	77.0	112.0	81.0	80.0
289.89	80.0	105.0	81.0	79.0	101.0	88.0	79.0	108.0	87.0	89.0	93.0	87.0	106.0	84.0	89.0	88.0	82.0	112.0	86.0	86.0
289.995	90.0	108.0	83.0	83.0	107.0	99.0	85.0	104.0	96.0	90.0	100.0	92.0	109.0	99.0	104.0	94.0	88.0	126.0	90.0	91.0
290.1	89.0	111.0	85.0	93.0	110.0	100.0	87.0	108.0	102.0	94.0	103.0	97.0	107.0	94.0	105.0	107.0	90.0	127.0	94.0	96.0
290.206	93.0	110.0	83.0	89.0	107.0	102.0	97.0	110.0	103.0	103.0	110.0	95.0	112.0	93.0	109.0	109.0	91.0	136.0	95.0	103.0
290.311	82.0	106.0	85.0	86.0	104.0	97.0	88.0	107.0	100.0	95.0	99.0	99.0	111.0	97.0	106.0	108.0	84.0	133.0	91.0	100.0
290.416	88.0	105.0	85.0	86.0	108.0	94.0	87.0	103.0	102.0	105.0	109.0	101.0	105.0	97.0	105.0	100.0	87.0	130.0	95.0	100.0
290.522	94.0	104.0	86.0	96.0	105.0	101.0	89.0	107.0	113.0	95.0	112.0	99.0	102.0	100.0	114.0	112.0	94.0	144.0	99.0	108.0
290.627	94.0	112.0	91.0	104.0	119.0	102.0	93.0	117.0	113.0	106.0	108.0	104.0	112.0	103.0	114.0	111.0	96.0	134.0	92.0	109.0
290.732	86.0	106.0	89.0	92.0	104.0	102.0	92.0	105.0	101.0	95.0	109.0	98.0	115.0	94.0	108.0	107.0	92.0	130.0	89.0	100.0
290.838	83.0	105.0	85.0	86.0	102.0	101.0	91.0	105.0	99.0	92.0	102.0	99.0	112.0	100.0	104.0	99.0	88.0	125.0	95.0	90.0
290.943	88.0	111.0	86.0	92.0	109.0	96.0	83.0	103.0	108.0	96.0	110.0	98.0	110.0	91.0	112.0	101.0	89.0	130.0	95.0	97.0
291.048	83.0	109.0	85.0	87.0	102.0	87.0	93.0	106.0	95.0	99.0	99.0	98.0	105.0	88.0	99.0	99.0	87.0	122.0	93.0	90.0
291.154	85.0	112.0	83.0	91.0	105.0	89.0	96.0	107.0	96.0	91.0	94.0	94.0	108.0	93.0	105.0	99.0	89.0	123.0	87.0	90.0
291.259	87.0	102.0	77.0	81.0	107.0	94.0	85.0	110.0	95.0	87.0	93.0	93.0	104.0	93.0	99.0	91.0	86.0	126.0	83.0	88.0
291.364	85.0	105.0	81.0	91.0	105.0	96.0	86.0	109.0	97.0	94.0	107.0	94.0	105.0	95.0	101.0	101.0	80.0	125.0	91.0	91.0
291.47	83.0	103.0	73.0	88.0	96.0	89.0	83.0	110.0	94.0	88.0	97.0	90.0	109.0	86.0	95.0	100.0	85.0	119.0	78.0	86.0
291.575	92.0	114.0	90.0	100.0	106.0	100.0	94.0	116.0	102.0	102.0	98.0	95.0	120.0	104.0	111.0	101.0	98.0	128.0	92.0	95.0
291.681	83.0	106.0	81.0	86.0	106.0	86.0	85.0	104.0	91.0	87.0	92.0	88.0	106.0	86.0	95.0	95.0	81.0	121.0	85.0	87.0
291.786	83.0	102.0	80.0	85.0	102.0	92.0	92.0	108.0	97.0	83.0	98.0	92.0	104.0	93.0	109.0	98.0	83.0	128.0	90.0	86.0
291.891	82.0	109.0	83.0	88.0	102.0	93.0	85.0	113.0	93.0	91.0	93.0	89.0	107.0	87.0	100.0	100.0	85.0	129.0	89.0	90.0
291.997	79.0	110.0	85.0	88.0	104.0	89.0	89.0	104.0	91.0	94.0	101.0	94.0	105.0	92.0	100.0	92.0	83.0	126.0	84.0	92.0
292.102	83.0	105.0	82.0	87.0	107.0	97.0	85.0	106.0	105.0	91.0	105.0	96.0	109.0	90.0	108.0	98.0	89.0	125.0	90.0	98.0
292.208	92.0	103.0	84.0	94.0	100.0	107.0	93.0	111.0	116.0	104.0	116.0	104.0	107.0	108.0	117.0	120.0	88.0	141.0	101.0	105.0
292.313	90.0	114.0	88.0	103.0	105.0	108.0	86.0	112.0	117.0	105.0	118.0	102.0	113.0	105.0	114.0	120.0	89.0	139.0	93.0	104.0
292.419	98.0	114.0	95.0	99.0	105.0	114.0	93.0	107.0	117.0	108.0	124.0	103.0	109.0	104.0	120.0	120.0	89.0	153.0	103.0	112.0
292.524	90.0	108.0	83.0	88.0	107.0	100.0	84.0	105.0	111.0	101.0	116.0	104.0	119.0	104.0	121.0	107.0	94.0	141.0	101.0	103.0
292.63	91.0	109.0	88.0	89.0	104.0	107.0	93.0	112.0	114.0	98.0	122.0	101.0	108.0	104.0	118.0	107.0	92.0	143.0	103.0	102.0
292.735	95.0	115.0	93.0	90.0	105.0	102.0	89.0	108.0	109.0	106.0	113.0	106.0	109.0	103.0	116.0	113.0	95.0	139.0	99.0	103.0
292.841	85.0	104.0	83.0	88.0	98.0	90.0	81.0	101.0	102.0	94.0	107.0	93.0	116.0	90.0	103.0	102.0	91.0	127.0	91.0	98.0
292.946	92.0	109.0	91.0	95.0	107.0	110.0	90.0	110.0	111.0	107.0	117.0	103.0	115.0	106.0	118.0	111.0	94.0	138.0	97.0	106.0
293.052	90.0	103.0	85.0	97.0	105.0	106.0	90.0	111.0	111.0	99.0	112.0	106.0	106.0	109.0	120.0	112.0	90.0	138.0	104.0	101.0
293.158	98.0	102.0	92.0	95.0	101.0	112.0	87.0	105.0	117.0	108.0	130.0	108.0	105.0	109.0	124.0	122.0	94.0	144.0	104.0	114.0
293.263	97.0	109.0	99.0	98.0	108.0	118.0	95.0	109.0	128.0	116.0	134.0	109.0	114.0	111.0	132.0	129.0	102.0	161.0	102.0	118.0
293.369	91.0	105.0	85.0	95.0	104.0	107.0	90.0	110.0	114.0	111.0	134.0	107.0	110.0	115.0	133.0	130.0	92.0	152.0	106.0	109.0
293.474	173.0	184.0	168.0	182.0	181.0	198.0	174.0	189.0	206.0	190.0	215.0	182.0	184.0	151.0	162.0	157.0	124.0	183.0	134.0	145.0
293.58	118.0	109.0	106.0	113.0	110.0	147.0	101.0	115.0	164.0	135.0	164.0	139.0	110.0	132.0	157.0	155.0	106.0	178.0	129.0	141.0
293.685	106.0	107.0	93.0	108.0	99.0	127.0	97.0	104.0	140.0	122.0	154.0	122.0	105.0	128.0	150.0	144.0	105.0	168.0	121.0	129.0
293.791	99.0	104.0	94.0	99.0	103.0	123.0	98.0	107.0	135.0	125.0	140.0	118.0	112.0	126.0	152.0	138.0	104.0	161.0	121.0	122.0
293.897	107.0	108.0	93.0	100.0	107.0	130.0	103.0	119.0	145.0	122.0	145.0	124.0	112.0	132.0	154.0	141.0	106.0	169.0	122.0	125.0
294.002	96.0	103.0	87.0	104.0	110.0	119.0	92.0	110.0	129.0	120.0	138.0	125.0	110.0	118.0	135.0	138.0	94.0	161.0	103.0	121.0
294.108	106.0	113.0	101.0	112.0	116.0	132.0	111.0	118.0	145.0	133.0	158.0	121.0	118.0	132.0	148.0	148.0	116.0	173.0	125.0	132.0
294.214	89.0	114.0	96.0	104.0	111.0	124.0	105.0	116.0	130.0	122.0	133.0	114.0	118.0	118.0	130.0	129.0	107.0	161.0	111.0	126.0
294.319	89.0	105.0	94.0	96.0	107.0	118.0	92.0	107.0	125.0	105.0	130.0	105.0	114.0	109.0	126.0	129.0	104.0	145.0	108.0	113.0
294.425	102.0	110.0	85.0	97.0	113.0	107.0	88.0	114.0	117.0	93.0	116.0	103.0	100.0	103.0	111.0	113.0	93.0	129.0	105.0	101.0
294.531	96.0	110.0	88.0	92.0	102.0	97.0	87.0	106.0	107.0	98.0	105.0	94.0	105.0	94.0	108.0	109.0	90.0	133.0	100.0	101.0
294.636	83.0	109.0	85.0	90.0	108.0	90.0	82.0	111.0	100.0	92.0	93.0	102.0	107.0	96.0	97.0	98.0	90.0	120.0	90.0	90.0
294.742	90.0	101.0	79.0	83.0	106.0	98.0	83.0	110.0	101.0	96.0	101.0	98.0	108.0	94.0	105.0	106.0	84.0	121.0	96.0	93.0
294.848	115.0	135.0	104.0	126.0	121.0	133.0	113.0	137.0	143.0	126.0	144.0	129.0	133.0	135.0	146.0	142.0	121.0	171.0	128.0	135.0
294.954	104.0	115.0	99.0	109.0	115.0	121.0	100.0	110.0	138.0	120.0	133.0	118.0	116.0	119.0	129.0	128.0	106.0	153.0	107.0	127.0
295.059	132.0	124.0	124.0	134.0	129.0	151.0	125.0	122.0	172.0	146.0	162.0	146.0	129.0	148.0	158.0	159.0	133.0	187.0	141.0	150.0
295.165	100.0	108.0	98.0	103.0	106.0	118.0	98.0	112.0	132.0	121.0	133.0	116.0	124.0	121.0	136.0	129.0	113.0	154.0	113.0	109.0
295.271	97.0	111.0	97.0	105.0	110.0	120.0	100.0	111.0	130.0	115.0	133.0	120.0	108.0	116.0	133.0	130.0	107.0	151.0	113.0	117.0
295.377	100.0	112.0	94.0	99.0	100.0	112.0	98.0	110.0	137.0	116.0	135.0	124.0	110.0	112.0	137.0	133.0	109.0	160.0	115.0	124.0
295.482	94.0	112.0	91.0	99.0	109.0	107.0	91.0	112.0	121.0	106.0	116.0	113.0	113.0	104.0	124.0	118.0	96.0	146.0	102.0	106.0
295.588	91.0	104.0	82.0	87.0	104.0	108.0	93.0	106.0	105.0	96.0	108.0	109.0	107.0	99.0	110.0	117.0	87.0	134.0	96.0	96.0
295.694	93.0	111.0	80.0	89.0	106.0	106.0	85.0	112.0	103.0	94.0	116.0	101.0	107.0	92.0	116.0	116.0	84.0	140.0	99.0	96.0
295.8	86.0	110.0	82.0	91.0	101.0	91.0	85.0	99.0	103.0	96.0	105.0	93.0	108.0	92.0	100.0	108.0	89.0	127.0	86.0	97.0
295.906	89.0	104.0	86.0	96.0	104.0	98.0	91.0	110.0	107.0	96.0	103.0	101.0	106.0	100.0	102.0	106.0	87.0	121.0	97.0	108.0
296.011	90.0	106.0	89.0	92.0	102.0	92.0	94.0	108.0	101.0	94.0	105.0	89.0	109.0	94.0	99.0	110.0	91.0	120.0	99.0	97.0
296.117	98.0	110.0	89.0	101.0	105.0	102.0	88.0	108.0	110.0	95.0	108.0	95.0	107.0	100.0	106.0	109.0	95.0	132.0	96.0	99.0
296.223	85.0	105.0	80.0	87.0	104.0	93.0	85.0	111.0	105.0	88.0	97.0	91.0	104.0	86.0	87.0	92.0	92.0	116.0	87.0	95.0
296.329	87.0	110.0	80.0	87.0	104.0	95.0	87.0	100.0	96.0	87.0	90.0	90.0	108.0	94.0	99.0	99.0	92.0	124.0	85.0	90.0
296.435	82.0	107.0	86.0	88.0	108.0	100.0	94.0	107.0	104.0	96.0	90.0	92.0	109.0	97.0	96.0	99.0	86.0	116.0	88.0	95.0
296.541	89.0	112.0	81.0	86.0	110.0	97.0	86.0	111.0	92.0	91.0	101.0	93.0	110.0	93.0	90.0	96.0	87.0	122.0	87.0	91.0
296.647	84.0	110.0	77.0	87.0	107.0	92.0	91.0	110.0	95.0	94.0	87.0	90.0	111.0	86.0	92.0	95.0	87.0	117.0	86.0	93.0
296.752	86.0	107.0	84.0	85.0	107.0	88.0	78.0	104.0	87.0	92.0	90.0	94.0	114.0	86.0	96.0	94.0	88.0	124.0	79.0	86.0
296.858	84.0	112.0	82.0	91.0	106.0	95.0	88.0	110.0	86.0	91.0	88.0	90.0	114.0	90.0	94.0	95.0	90.0	119.0	88.0	92.0
296.964	77.0	105.0	83.0	86.0	100.0	87.0	80.0	104.0	91.0	85.0	88.0	82.0	109.0	81.0	88.0	91.0	82.0	116.0	83.0	85.0
297.07	84.0	101.0	80.0	86.0	105.0	86.0	84.0	106.0	85.0	79.0	83.0	88.0	110.0	85.0	89.0	88.0	86.0	116.0	79.0	83.0
297.176	94.0	115.0	98.0	100.0	116.0	101.0	93.0	114.0	95.0	103.0	98.0	102.0	118.0	94.0	104.0	109.0	90.0	133.0	94.0	97.0
297.282	85.0	105.0	85.0	88.0	102.0	93.0	81.0	108.0	96.0	91.0	98.0	91.0	107.0	95.0	94.0	101.0	87.0	122.0	95.0	87.0
297.388	86.0	108.0	80.0	83.0	103.0	88.0	80.0	110.0	87.0	93.0	93.0	88.0	107.0	86.0	92.0	94.0	81.0	121.0	87.0	87.0
297.494	87.0	108.0	85.0	79.0	100.0	86.0	79.0	107.0	87.0	89.0	90.0	88.0	107.0	82.0	92.0	95.0	76.0	117.0	81.0	90.0
297.6	88.0	100.0	85.0	78.0	105.0	86.0	83.0	106.0	91.0	85.0	98.0	93.0	109.0	82.0	101.0	91.0	81.0	121.0	82.0	86.0
297.706	80.0	107.0	86.0	90.0	106.0	94.0	92.0	101.0	95.0	91.0	97.0	92.0	111.0	89.0	100.0	104.0	90.0	123.0	92.0	90.0
297.812	81.0	107.0	80.0	89.0	105.0	91.0	81.0	110.0	93.0	81.0	102.0	88.0	108.0	88.0	96.0	98.0	85.0	121.0	89.0	88.0
297.918	88.0	115.0	79.0	88.0	104.0	96.0	90.0	106.0	97.0	89.0	102.0	100.0	112.0	82.0	108.0	95.0	88.0	124.0	89.0	89.0
298.024	84.0	109.0	79.0	83.0	93.0	83.0	86.0	106.0	97.0	92.0	93.0	93.0	107.0	81.0	94.0	105.0	84.0	122.0	82.0	87.0
298.13	84.0	108.0	85.0	80.0	102.0	88.0	85.0	109.0	86.0	89.0	90.0	93.0	110.0	87.0	92.0	97.0	82.0	111.0	82.0	90.0
298.236	80.0	108.0	78.0	82.0	104.0	90.0	75.0	107.0	85.0	87.0	92.0	88.0	106.0	85.0	92.0	97.0	76.0	111.0	77.0	84.0
298.342	86.0	105.0	71.0	84.0	100.0	88.0	82.0	105.0	86.0	84.0	92.0	82.0	105.0	82.0	86.0	90.0	78.0	114.0	78.0	94.0
298.448	90.0	107.0	81.0	85.0	97.0	89.0	82.0	103.0	96.0	82.0	96.0	89.0	107.0	85.0	94.0	98.0	83.0	120.0	74.0	93.0
298.554	77.0	108.0	77.0	82.0	107.0	86.0	82.0	102.0	95.0	90.0	85.0	84.0	104.0	90.0	90.0	87.0	79.0	120.0	82.0	88.0
298.66	81.0	107.0	77.0	82.0	107.0	90.0	89.0	105.0	86.0	89.0	92.0	86.0	105.0	90.0	88.0	90.0	81.0	115.0	84.0	89.0
298.766	80.0	109.0	78.0	90.0	100.0	90.0	83.0	110.0	89.0	81.0	95.0	89.0	101.0	88.0	86.0	90.0	84.0	114.0	80.0	82.0
298.872	82.0	105.0	75.0	90.0	98.0	85.0	86.0	101.0	92.0	88.0	81.0	90.0	108.0	81.0	84.0	89.0	83.0	114.0	76.0	84.0
298.979	76.0	98.0	82.0	91.0	106.0	86.0	82.0	106.0	89.0	87.0	81.0	87.0	106.0	80.0	91.0	89.0	80.0	112.0	81.0	84.0
299.085	80.0	105.0	77.0	87.0	101.0	89.0	86.0	107.0	92.0	83.0	93.0	86.0	107.0	86.0	88.0	91.0	78.0	107.0	80.0	85.0
299.191	83.0	109.0	80.0	87.0	106.0	88.0	81.0	107.0	93.0	83.0	89.0	85.0	109.0	85.0	89.0	96.0	80.0	113.0	85.0	87.0
299.297	85.0	106.0	82.0	84.0	107.0	90.0	83.0	105.0	88.0	88.0	86.0	83.0	109.0	86.0	90.0	88.0	84.0	114.0	79.0	80.0
299.403	82.0	103.0	82.0	85.0	105.0	91.0	81.0	102.0	96.0	97.0	84.0	89.0	112.0	83.0	99.0	92.0	87.0	108.0	87.0	87.0
299.509	81.0	115.0	83.0	85.0	107.0	88.0	86.0	108.0	84.0	85.0	90.0	86.0	106.0	90.0	92.0	98.0	88.0	115.0	82.0	84.0
299.615	86.0	112.0	82.0	84.0	103.0	93.0	86.0	107.0	93.0	89.0	94.0	95.0	112.0	88.0	90.0	94.0	89.0	119.0	84.0	86.0
299.722	86.0	106.0	79.0	85.0	105.0	88.0	89.0	108.0	93.0	88.0	84.0	95.0	110.0	83.0	92.0	96.0	84.0	114.0	81.0	88.0
299.828	81.0	102.0	82.0	81.0	105.0	82.0	85.0	106.0	90.0	85.0	77.0	87.0	109.0	85.0	92.0	93.0	86.0	114.0	82.0	86.0
299.934	87.0	106.0	83.0	81.0	105.0	85.0	81.0	107.0	92.0	92.0	91.0	85.0	115.0	85.0	93.0	97.0	87.0	114.0	88.0	88.0
300.04	84.0	106.0	76.0	81.0	101.0	83.0	78.0	105.0	81.0	87.0	82.0	83.0	111.0	84.0	88.0	91.0	81.0	113.0	81.0	81.0
300.146	87.0	109.0	78.0	81.0	103.0	84.0	80.0	104.0	95.0	85.0	82.0	91.0	105.0	82.0	82.0	89.0	82.0	117.0	78.0	87.0
300.253	76.0	107.0	80.0	84.0	98.0	85.0	90.0	100.0	99.0	91.0	86.0	86.0	106.0	85.0	84.0	90.0	84.0	114.0	82.0	87.0
300.359	83.0	106.0	82.0	80.0	102.0	84.0	85.0	108.0	82.0	84.0	87.0	86.0	106.0	83.0	87.0	90.0	86.0	115.0	87.0	77.0
300.465	88.0	110.0	86.0	86.0	113.0	90.0	90.0	114.0	91.0	86.0	86.0	88.0	108.0	83.0	84.0	94.0	82.0	113.0	86.0	82.0
300.571	108.0	131.0	108.0	106.0	121.0	107.0	107.0	128.0	111.0	104.0	107.0	111.0	126.0	99.0	109.0	112.0	111.0	138.0	108.0	106.0
300.678	82.0	107.0	82.0	81.0	100.0	79.0	91.0	104.0	97.0	96.0	85.0	90.0	110.0	83.0	87.0	92.0	83.0	116.0	83.0	85.0
300.784	88.0	106.0	78.0	81.0	108.0	79.0	77.0	113.0	92.0	83.0	86.0	85.0	104.0	88.0	90.0	88.0	78.0	108.0	82.0	80.0
300.89	86.0	110.0	76.0	83.0	106.0	86.0	80.0	107.0	90.0	86.0	88.0	84.0	104.0	80.0	87.0	88.0	84.0	110.0	81.0	86.0
300.996	85.0	106.0	79.0	86.0	101.0	93.0	86.0	107.0	92.0	92.0	93.0	96.0	112.0	87.0	91.0	100.0	84.0	121.0	84.0	91.0
301.103	97.0	102.0	96.0	99.0	110.0	117.0	96.0	105.0	118.0	116.0	118.0	115.0	110.0	110.0	125.0	120.0	103.0	146.0	108.0	111.0
301.209	91.0	106.0	94.0	93.0	104.0	110.0	90.0	108.0	111.0	106.0	108.0	104.0	114.0	108.0	116.0	115.0	95.0	136.0	106.0	104.0
301.315	92.0	109.0	91.0	95.0	99.0	109.0	93.0	107.0	111.0	96.0	112.0	97.0	107.0	108.0	117.0	114.0	92.0	137.0	97.0	102.0
301.422	98.0	115.0	94.0	97.0	103.0	110.0	99.0	111.0	113.0	104.0	113.0	110.0	110.0	98.0	116.0	118.0	96.0	138.0	98.0	109.0
301.528	90.0	112.0	86.0	95.0	97.0	102.0	92.0	102.0	107.0	96.0	106.0	105.0	110.0	91.0	104.0	101.0	90.0	124.0	95.0	96.0
301.634	86.0	105.0	86.0	88.0	100.0	106.0	94.0	107.0	104.0	100.0	98.0	102.0	106.0	100.0	112.0	106.0	87.0	121.0	93.0	94.0
301.741	85.0	103.0	79.0	90.0	109.0	96.0	84.0	110.0	107.0	92.0	95.0	98.0	109.0	94.0	102.0	100.0	82.0	122.0	94.0	100.0
301.847	87.0	104.0	81.0	96.0	107.0	100.0	86.0	109.0	103.0	93.0	104.0	95.0	107.0	91.0	102.0	99.0	87.0	131.0	95.0	94.0
301.953	90.0	107.0	88.0	91.0	104.0	102.0	88.0	109.0	105.0	101.0	104.0	96.0	115.0	93.0	103.0	112.0	94.0	131.0	92.0	92.0
302.06	83.0	107.0	83.0	91.0	109.0	92.0	89.0	102.0	90.0	97.0	98.0	94.0	106.0	95.0	103.0	97.0	85.0	126.0	88.0	86.0
302.166	109.0	127.0	101.0	110.0	126.0	115.0	106.0	134.0	120.0	108.0	116.0	106.0	129.0	120.0	117.0	118.0	104.0	138.0	103.0	108.0
302.273	92.0	114.0	87.0	95.0	102.0	103.0	93.0	120.0	112.0	98.0	110.0	98.0	108.0	93.0	107.0	108.0	93.0	131.0	87.0	107.0
302.379	98.0	117.0	102.0	108.0	113.0	117.0	111.0	113.0	137.0	116.0	126.0	125.0	115.0	116.0	135.0	142.0	104.0	160.0	117.0	115.0
302.485	87.0	112.0	86.0	95.0	108.0	103.0	97.0	110.0	107.0	106.0	112.0	105.0	108.0	104.0	115.0	118.0	100.0	134.0	102.0	104.0
302.592	87.0	105.0	80.0	92.0	105.0	108.0	86.0	111.0	102.0	93.0	104.0	96.0	108.0	93.0	111.0	114.0	92.0	127.0	96.0	98.0
302.698	95.0	112.0	84.0	91.0	104.0	102.0	88.0	104.0	107.0	100.0	106.0	102.0	115.0	98.0	107.0	109.0	88.0	128.0	87.0	97.0
302.805	87.0	106.0	83.0	83.0	103.0	92.0	79.0	105.0	92.0	94.0	92.0	96.0	108.0	88.0	91.0	99.0	83.0	123.0	81.0	94.0
302.911	82.0	102.0	81.0	79.0	101.0	93.0	84.0	108.0	93.0	91.0	94.0	88.0	102.0	87.0	90.0	97.0	84.0	115.0	81.0	87.0
303.018	79.0	106.0	80.0	78.0	105.0	85.0	87.0	108.0	85.0	86.0	90.0	85.0	105.0	87.0	93.0	91.0	85.0	107.0	79.0	79.0
303.124	81.0	105.0	76.0	80.0	104.0	93.0	82.0	109.0	95.0	86.0	90.0	82.0	110.0	86.0	91.0	94.0	80.0	114.0	81.0	86.0
303.231	91.0	107.0	84.0	89.0	106.0	93.0	91.0	107.0	96.0	91.0	95.0	94.0	107.0	91.0	94.0	100.0	92.0	123.0	91.0	93.0
303.337	92.0	108.0	86.0	89.0	112.0	97.0	91.0	114.0	97.0	93.0	94.0	96.0	116.0	97.0	100.0	106.0	91.0	120.0	90.0	91.0
303.444	84.0	109.0	79.0	81.0	99.0	91.0	85.0	108.0	86.0	91.0	93.0	81.0	106.0	87.0	94.0	100.0	82.0	117.0	84.0	81.0
303.55	103.0	117.0	96.0	100.0	113.0	105.0	102.0	126.0	108.0	105.0	112.0	110.0	122.0	106.0	111.0	114.0	101.0	125.0	95.0	101.0
303.657	92.0	107.0	86.0	86.0	107.0	88.0	84.0	110.0	102.0	90.0	97.0	89.0	107.0	88.0	97.0	93.0	84.0	122.0	84.0	91.0
303.763	83.0	109.0	86.0	87.0	106.0	95.0	91.0	104.0	106.0	99.0	105.0	98.0	112.0	98.0	104.0	103.0	93.0	128.0	92.0	89.0
303.87	89.0	106.0	86.0	94.0	107.0	107.0	92.0	116.0	104.0	101.0	107.0	104.0	108.0	105.0	111.0	113.0	98.0	133.0	104.0	100.0
303.976	84.0	104.0	85.0	87.0	109.0	102.0	93.0	112.0	111.0	104.0	112.0	102.0	110.0	96.0	110.0	115.0	94.0	131.0	99.0	102.0
304.083	90.0	114.0	88.0	95.0	110.0	106.0	98.0	112.0	114.0	108.0	117.0	114.0	116.0	106.0	111.0	121.0	105.0	144.0	104.0	109.0
304.189	92.0	109.0	90.0	96.0	106.0	95.0	92.0	106.0	108.0	101.0	107.0	108.0	110.0	108.0	122.0	113.0	99.0	144.0	101.0	103.0
304.296	96.0	109.0	90.0	98.0	113.0	109.0	92.0	115.0	118.0	108.0	116.0	111.0	109.0	106.0	124.0	119.0	94.0	144.0	101.0	107.0
304.402	92.0	109.0	88.0	96.0	109.0	106.0	87.0	112.0	108.0	109.0	110.0	107.0	113.0	103.0	114.0	113.0	94.0	138.0	98.0	104.0
304.509	89.0	108.0	81.0	97.0	105.0	101.0	86.0	107.0	107.0	100.0	107.0	102.0	111.0	96.0	112.0	105.0	93.0	133.0	91.0	100.0
304.616	90.0	113.0	89.0	94.0	112.0	98.0	90.0	113.0	104.0	100.0	98.0	99.0	112.0	94.0	105.0	106.0	91.0	126.0	91.0	95.0
304.722	82.0	106.0	75.0	85.0	104.0	91.0	87.0	108.0	96.0	86.0	92.0	88.0	111.0	87.0	103.0	100.0	86.0	125.0	91.0	88.0
304.829	84.0	109.0	80.0	89.0	109.0	95.0	84.0	108.0	93.0	88.0	103.0	95.0	104.0	87.0	101.0	105.0	84.0	128.0	86.0	95.0
304.936	93.0	107.0	88.0	87.0	102.0	99.0	91.0	105.0	104.0	98.0	108.0	102.0	110.0	88.0	106.0	104.0	89.0	132.0	84.0	98.0
305.042	102.0	105.0	98.0	101.0	101.0	116.0	99.0	106.0	134.0	118.0	135.0	111.0	123.0	114.0	133.0	134.0	99.0	156.0	113.0	114.0
305.149	110.0	110.0	101.0	116.0	104.0	142.0	109.0	112.0	155.0	127.0	152.0	136.0	117.0	149.0	162.0	151.0	117.0	179.0	130.0	146.0
305.255	97.0	115.0	94.0	108.0	118.0	132.0	110.0	112.0	153.0	140.0	152.0	145.0	123.0	138.0	156.0	155.0	117.0	187.0	128.0	132.0
305.362	100.0	110.0	96.0	114.0	112.0	130.0	107.0	113.0	148.0	135.0	152.0	147.0	121.0	140.0	160.0	148.0	115.0	179.0	132.0	130.0
305.469	103.0	108.0	98.0	110.0	106.0	142.0	104.0	103.0	146.0	126.0	155.0	136.0	113.0	135.0	159.0	152.0	110.0	181.0	126.0	134.0
305.576	98.0	103.0	88.0	113.0	103.0	127.0	100.0	112.0	138.0	124.0	145.0	118.0	105.0	128.0	152.0	143.0	109.0	170.0	118.0	124.0
305.682	98.0	113.0	91.0	104.0	110.0	117.0	99.0	112.0	125.0	120.0	124.0	117.0	113.0	116.0	141.0	132.0	106.0	160.0	112.0	115.0
305.789	98.0	111.0	98.0	108.0	101.0	125.0	98.0	109.0	130.0	118.0	141.0	121.0	104.0	118.0	144.0	142.0	98.0	162.0	116.0	116.0
305.896	112.0	109.0	103.0	122.0	110.0	137.0	105.0	111.0	158.0	141.0	159.0	147.0	114.0	143.0	161.0	158.0	116.0	189.0	129.0	130.0
306.002	151.0	110.0	132.0	165.0	107.0	209.0	150.0	109.0	253.0	205.0	243.0	204.0	113.0	224.0	248.0	225.0	166.0	268.0	203.0	205.0
306.109	144.0	119.0	135.0	152.0	112.0	211.0	140.0	116.0	230.0	199.0	242.0	193.0	113.0	204.0	236.0	217.0	144.0	261.0	191.0	197.0
306.216	134.0	126.0	124.0	150.0	118.0	186.0	137.0	122.0	196.0	177.0	209.0	179.0	121.0	181.0	210.0	205.0	143.0	232.0	164.0	180.0
306.323	119.0	111.0	113.0	127.0	104.0	159.0	119.0	108.0	180.0	158.0	176.0	156.0	120.0	165.0	190.0	177.0	118.0	201.0	149.0	157.0
306.429	117.0	105.0	111.0	127.0	104.0	157.0	117.0	107.0	182.0	154.0	177.0	148.0	108.0	157.0	192.0	169.0	127.0	205.0	156.0	144.0
306.536	141.0	115.0	130.0	147.0	105.0	193.0	129.0	112.0	224.0	186.0	232.0	184.0	109.0	204.0	241.0	223.0	139.0	249.0	191.0	189.0
306.643	209.0	135.0	187.0	219.0	130.0	310.0	193.0	131.0	356.0	284.0	348.0	287.0	140.0	316.0	346.0	335.0	206.0	377.0	281.0	289.0
306.75	204.0	129.0	174.0	213.0	132.0	288.0	193.0	134.0	350.0	269.0	338.0	267.0	140.0	292.0	348.0	319.0	209.0	371.0	262.0	271.0
306.856	205.0	122.0	181.0	226.0	115.0	322.0	202.0	119.0	390.0	309.0	373.0	302.0	125.0	330.0	393.0	354.0	219.0	405.0	297.0	300.0
306.963	206.0	121.0	176.0	214.0	119.0	321.0	198.0	121.0	389.0	298.0	368.0	297.0	122.0	334.0	392.0	355.0	215.0	410.0	280.0	302.0
307.07	201.0	129.0	164.0	201.0	130.0	280.0	190.0	134.0	328.0	274.0	332.0	274.0	138.0	295.0	338.0	316.0	209.0	355.0	258.0	267.0
307.177	215.0	112.0	183.0	219.0	112.0	321.0	204.0	112.0	390.0	303.0	372.0	289.0	118.0	333.0	381.0	352.0	219.0	402.0	292.0	301.0
307.284	219.0	125.0	193.0	233.0	113.0	340.0	214.0	120.0	407.0	336.0	389.0	306.0	125.0	352.0	400.0	373.0	226.0	416.0	302.0	309.0
307.391	169.0	127.0	155.0	179.0	122.0	251.0	179.0	122.0	310.0	256.0	289.0	234.0	134.0	261.0	309.0	278.0	185.0	317.0	222.0	244.0
307.497	158.0	110.0	134.0	151.0	107.0	220.0	146.0	113.0	250.0	207.0	242.0	210.0	114.0	223.0	257.0	244.0	160.0	274.0	205.0	206.0
307.604	146.0	109.0	124.0	149.0	105.0	199.0	137.0	111.0	224.0	188.0	210.0	183.0	118.0	201.0	236.0	214.0	141.0	249.0	184.0	189.0
307.711	125.0	112.0	117.0	121.0	109.0	170.0	126.0	107.0	189.0	165.0	177.0	153.0	118.0	164.0	194.0	183.0	127.0	206.0	157.0	161.0
307.818	111.0	108.0	96.0	105.0	106.0	144.0	103.0	113.0	156.0	135.0	165.0	138.0	106.0	136.0	181.0	161.0	103.0	180.0	135.0	134.0
307.925	106.0	106.0	96.0	109.0	98.0	133.0	94.0	107.0	146.0	124.0	150.0	127.0	115.0	128.0	164.0	153.0	102.0	179.0	121.0	128.0
308.032	121.0	115.0	108.0	118.0	106.0	159.0	116.0	112.0	176.0	148.0	180.0	151.0	116.0	157.0	192.0	190.0	112.0	205.0	144.0	152.0
308.139	198.0	112.0	172.0	194.0	112.0	296.0	186.0	115.0	357.0	288.0	321.0	258.0	118.0	309.0	346.0	315.0	195.0	360.0	251.0	260.0
308.246	221.0	128.0	191.0	222.0	117.0	338.0	218.0	129.0	411.0	325.0	377.0	299.0	128.0	339.0	401.0	361.0	221.0	422.0	286.0	297.0
308.353	238.0	142.0	215.0	236.0	137.0	353.0	227.0	142.0	409.0	334.0	399.0	326.0	148.0	350.0	414.0	375.0	246.0	439.0	311.0	320.0
308.46	197.0	113.0	175.0	203.0	107.0	283.0	182.0	114.0	338.0	283.0	339.0	267.0	118.0	289.0	333.0	317.0	200.0	363.0	260.0	260.0
308.566	160.0	110.0	144.0	156.0	105.0	233.0	162.0	112.0	269.0	220.0	261.0	216.0	116.0	237.0	274.0	257.0	158.0	294.0	206.0	221.0
308.673	137.0	104.0	116.0	137.0	109.0	188.0	132.0	114.0	205.0	175.0	203.0	165.0	109.0	186.0	223.0	205.0	131.0	233.0	168.0	173.0
308.78	102.0	118.0	106.0	112.0	106.0	144.0	109.0	106.0	149.0	137.0	147.0	137.0	116.0	130.0	153.0	150.0	105.0	181.0	122.0	130.0
308.887	101.0	98.0	98.0	99.0	104.0	132.0	97.0	107.0	126.0	113.0	133.0	119.0	109.0	120.0	135.0	134.0	102.0	156.0	115.0	115.0
308.994	94.0	109.0	91.0	98.0	106.0	116.0	98.0	109.0	131.0	109.0	130.0	116.0	106.0	120.0	134.0	132.0	103.0	153.0	114.0	107.0
309.101	102.0	111.0	100.0	104.0	111.0	136.0	107.0	114.0	139.0	118.0	142.0	127.0	107.0	132.0	152.0	152.0	113.0	168.0	123.0	127.0
309.208	102.0	106.0	97.0	109.0	107.0	121.0	97.0	109.0	128.0	118.0	137.0	123.0	105.0	122.0	143.0	137.0	106.0	165.0	113.0	118.0
309.315	90.0	113.0	90.0	93.0	105.0	123.0	100.0	106.0	131.0	113.0	121.0	111.0	110.0	109.0	136.0	130.0	100.0	159.0	107.0	118.0
309.422	102.0	105.0	99.0	103.0	107.0	113.0	99.0	102.0	137.0	120.0	130.0	114.0	105.0	118.0	134.0	134.0	101.0	152.0	113.0	126.0
309.529	100.0	113.0	88.0	95.0	110.0	112.0	94.0	103.0	127.0	110.0	121.0	115.0	111.0	113.0	128.0	127.0	102.0	146.0	108.0	116.0
309.636	105.0	106.0	97.0	103.0	109.0	120.0	99.0	106.0	137.0	112.0	133.0	122.0	114.0	124.0	132.0	128.0	101.0	153.0	106.0	116.0
309.743	123.0	124.0	125.0	132.0	122.0	167.0	128.0	125.0	188.0	167.0	195.0	166.0	132.0	170.0	195.0	191.0	137.0	224.0	149.0	171.0
309.851	121.0	110.0	114.0	134.0	114.0	184.0	127.0	110.0	209.0	173.0	203.0	186.0	122.0	178.0	213.0	201.0	138.0	237.0	165.0	183.0
309.958	141.0	110.0	132.0	165.0	105.0	220.0	140.0	114.0	250.0	205.0	263.0	202.0	114.0	231.0	265.0	237.0	151.0	285.0	204.0	206.0
310.065	137.0	114.0	127.0	151.0	110.0	205.0	133.0	114.0	227.0	179.0	246.0	188.0	115.0	209.0	239.0	225.0	151.0	261.0	190.0	199.0
310.172	127.0	111.0	119.0	129.0	109.0	174.0	120.0	110.0	201.0	163.0	210.0	167.0	115.0	166.0	208.0	203.0	133.0	228.0	168.0	175.0
310.279	107.0	107.0	110.0	126.0	98.0	145.0	110.0	108.0	169.0	144.0	170.0	149.0	115.0	150.0	169.0	174.0	118.0	194.0	151.0	154.0
310.386	110.0	111.0	103.0	118.0	113.0	146.0	110.0	111.0	161.0	136.0	160.0	140.0	114.0	150.0	165.0	158.0	121.0	181.0	138.0	144.0
310.493	93.0	109.0	92.0	105.0	113.0	122.0	96.0	111.0	132.0	117.0	128.0	125.0	111.0	123.0	134.0	133.0	100.0	166.0	116.0	128.0
310.6	101.0	104.0	97.0	106.0	109.0	120.0	95.0	114.0	133.0	118.0	137.0	118.0	108.0	122.0	130.0	136.0	105.0	161.0	125.0	123.0
310.707	94.0	109.0	93.0	97.0	104.0	108.0	101.0	112.0	125.0	110.0	121.0	110.0	111.0	112.0	117.0	126.0	93.0	143.0	105.0	114.0
310.814	96.0	108.0	98.0	100.0	112.0	111.0	93.0	114.0	117.0	98.0	113.0	106.0	112.0	107.0	118.0	117.0	93.0	140.0	105.0	103.0
310.922	91.0	113.0	93.0	93.0	111.0	105.0	96.0	111.0	115.0	100.0	111.0	99.0	107.0	103.0	117.0	113.0	92.0	130.0	99.0	107.0
311.029	98.0	107.0	88.0	96.0	105.0	99.0	96.0	112.0	123.0	103.0	108.0	109.0	107.0	106.0	111.0	122.0	100.0	138.0	108.0	108.0
311.136	103.0	107.0	100.0	107.0	106.0	123.0	98.0	109.0	135.0	119.0	136.0	124.0	116.0	123.0	137.0	136.0	113.0	155.0	117.0	125.0
311.243	104.0	110.0	102.0	109.0	111.0	135.0	110.0	110.0	155.0	128.0	146.0	131.0	110.0	137.0	154.0	150.0	112.0	164.0	135.0	142.0
311.35	115.0	108.0	108.0	113.0	105.0	155.0	104.0	107.0	170.0	138.0	165.0	152.0	110.0	148.0	161.0	162.0	114.0	183.0	148.0	156.0
311.457	108.0	109.0	107.0	116.0	108.0	133.0	104.0	112.0	148.0	125.0	149.0	126.0	115.0	138.0	149.0	146.0	113.0	174.0	122.0	138.0
311.565	114.0	109.0	104.0	108.0	102.0	125.0	105.0	107.0	152.0	124.0	155.0	125.0	109.0	133.0	151.0	150.0	108.0	172.0	130.0	141.0
311.672	102.0	115.0	104.0	104.0	107.0	123.0	110.0	110.0	134.0	120.0	135.0	115.0	111.0	132.0	136.0	132.0	108.0	156.0	119.0	128.0
311.779	101.0	108.0	96.0	106.0	104.0	118.0	101.0	108.0	133.0	117.0	136.0	110.0	103.0	121.0	126.0	124.0	105.0	145.0	111.0	119.0
311.886	99.0	113.0	91.0	94.0	106.0	108.0	95.0	108.0	120.0	103.0	117.0	106.0	115.0	110.0	113.0	120.0	96.0	142.0	109.0	113.0
311.993	86.0	108.0	89.0	91.0	102.0	94.0	86.0	103.0	104.0	95.0	109.0	100.0	113.0	98.0	100.0	104.0	94.0	124.0	93.0	99.0
312.101	85.0	108.0	89.0	97.0	102.0	107.0	96.0	106.0	116.0	98.0	110.0	105.0	111.0	104.0	108.0	109.0	92.0	125.0	98.0	103.0
312.208	94.0	112.0	96.0	97.0	110.0	103.0	99.0	112.0	114.0	102.0	113.0	104.0	113.0	106.0	108.0	116.0	97.0	136.0	100.0	112.0
312.315	95.0	110.0	92.0	97.0	107.0	117.0	90.0	105.0	125.0	113.0	127.0	103.0	107.0	119.0	118.0	120.0	101.0	145.0	106.0	117.0
312.422	101.0	112.0	103.0	104.0	107.0	117.0	102.0	111.0	139.0	115.0	132.0	116.0	113.0	127.0	126.0	134.0	105.0	156.0	111.0	122.0
312.53	104.0	105.0	96.0	111.0	110.0	116.0	102.0	114.0	137.0	116.0	133.0	120.0	114.0	117.0	130.0	127.0	108.0	153.0	111.0	121.0
312.637	94.0	108.0	93.0	99.0	108.0	113.0	95.0	111.0	125.0	105.0	120.0	114.0	110.0	110.0	118.0	121.0	102.0	134.0	112.0	111.0
312.744	99.0	108.0	82.0	99.0	101.0	106.0	92.0	108.0	117.0	93.0	109.0	106.0	107.0	100.0	117.0	118.0	93.0	139.0	105.0	105.0
312.852	89.0	105.0	84.0	89.0	101.0	99.0	87.0	104.0	105.0	102.0	107.0	96.0	108.0	96.0	105.0	110.0	89.0	129.0	92.0	100.0
312.959	92.0	105.0	87.0	92.0	107.0	94.0	92.0	106.0	101.0	101.0	104.0	91.0	113.0	96.0	104.0	103.0	98.0	125.0	89.0	95.0
313.066	88.0	107.0	79.0	82.0	104.0	97.0	87.0	107.0	109.0	97.0	100.0	90.0	107.0	90.0	97.0	103.0	87.0	125.0	87.0	92.0
313.173	86.0	108.0	81.0	86.0	112.0	90.0	82.0	111.0	94.0	92.0	93.0	91.0	112.0	83.0	88.0	97.0	84.0	124.0	84.0	94.0
313.281	80.0	107.0	84.0	91.0	103.0	87.0	84.0	107.0	91.0	90.0	86.0	90.0	109.0	92.0	92.0	102.0	85.0	119.0	83.0	94.0
313.388	88.0	108.0	89.0	89.0	102.0	90.0	94.0	112.0	104.0	99.0	101.0	96.0	109.0	90.0	101.0	100.0	88.0	116.0	93.0	92.0
313.495	93.0	109.0	93.0	94.0	105.0	97.0	93.0	113.0	108.0	98.0	110.0	96.0	105.0	103.0	102.0	100.0	93.0	125.0	94.0	97.0
313.603	91.0	109.0	89.0	93.0	108.0	101.0	96.0	107.0	113.0	94.0	111.0	97.0	108.0	99.0	101.0	114.0	94.0	128.0	100.0	107.0
313.71	99.0	106.0	104.0	97.0	101.0	113.0	89.0	107.0	116.0	106.0	119.0	107.0	113.0	106.0	109.0	116.0	95.0	136.0	110.0	111.0
313.818	95.0	106.0	96.0	99.0	108.0	109.0	91.0	107.0	117.0	109.0	112.0	106.0	108.0	105.0	116.0	124.0	98.0	134.0	104.0	117.0
313.925	92.0	109.0	92.0	90.0	110.0	106.0	98.0	109.0	118.0	105.0	111.0	110.0	104.0	106.0	109.0	112.0	94.0	137.0	107.0	115.0
314.032	92.0	110.0	84.0	95.0	101.0	101.0	86.0	109.0	110.0	102.0	114.0	106.0	110.0	102.0	114.0	115.0	87.0	139.0	107.0	111.0
314.14	97.0	107.0	95.0	102.0	108.0	112.0	93.0	108.0	126.0	112.0	125.0	112.0	110.0	115.0	117.0	130.0	99.0	148.0	106.0	120.0
314.247	95.0	106.0	96.0	105.0	109.0	111.0	96.0	104.0	120.0	112.0	126.0	115.0	105.0	113.0	120.0	123.0	100.0	143.0	109.0	118.0
314.355	98.0	122.0	101.0	106.0	120.0	114.0	111.0	125.0	125.0	114.0	125.0	120.0	121.0	119.0	123.0	122.0	108.0	146.0	115.0	117.0
314.462	91.0	106.0	89.0	88.0	111.0	102.0	88.0	108.0	99.0	92.0	99.0	97.0	115.0	101.0	103.0	114.0	91.0	126.0	92.0	98.0
314.569	95.0	101.0	91.0	109.0	104.0	120.0	90.0	109.0	121.0	115.0	123.0	112.0	109.0	112.0	119.0	130.0	106.0	141.0	105.0	118.0
314.677	100.0	99.0	95.0	107.0	101.0	116.0	94.0	106.0	139.0	117.0	138.0	118.0	107.0	122.0	132.0	129.0	106.0	152.0	118.0	131.0
314.784	101.0	108.0	98.0	104.0	102.0	117.0	111.0	111.0	135.0	115.0	129.0	122.0	113.0	121.0	129.0	127.0	109.0	154.0	112.0	117.0
314.892	92.0	112.0	99.0	104.0	110.0	117.0	104.0	113.0	133.0	120.0	132.0	128.0	116.0	122.0	136.0	127.0	101.0	155.0	113.0	122.0
314.999	102.0	115.0	105.0	122.0	107.0	135.0	106.0	117.0	152.0	131.0	150.0	135.0	114.0	140.0	147.0	147.0	113.0	179.0	129.0	135.0
315.107	96.0	104.0	91.0	112.0	104.0	119.0	100.0	105.0	131.0	122.0	130.0	115.0	110.0	129.0	135.0	126.0	106.0	159.0	117.0	123.0
315.214	88.0	109.0	97.0	104.0	105.0	114.0	103.0	110.0	125.0	113.0	119.0	113.0	103.0	117.0	128.0	119.0	101.0	150.0	111.0	114.0
315.322	88.0	105.0	95.0	101.0	109.0	113.0	90.0	108.0	124.0	104.0	121.0	116.0	107.0	113.0	126.0	122.0	103.0	143.0	103.0	112.0
315.429	105.0	115.0	97.0	108.0	101.0	129.0	113.0	108.0	142.0	115.0	144.0	127.0	113.0	124.0	145.0	143.0	115.0	165.0	120.0	129.0
315.537	150.0	108.0	135.0	173.0	113.0	221.0	144.0	106.0	249.0	209.0	250.0	208.0	114.0	225.0	243.0	234.0	161.0	268.0	205.0	225.0
315.644	171.0	111.0	152.0	202.0	113.0	264.0	169.0	112.0	303.0	247.0	289.0	243.0	121.0	278.0	299.0	280.0	191.0	330.0	227.0	260.0
315.752	163.0	116.0	140.0	183.0	111.0	243.0	147.0	110.0	278.0	224.0	270.0	221.0	116.0	249.0	279.0	267.0	178.0	312.0	222.0	230.0
315.859	158.0	115.0	142.0	171.0	109.0	228.0	144.0	113.0	255.0	205.0	258.0	214.0	121.0	229.0	263.0	242.0	159.0	281.0	200.0	219.0
315.967	130.0	109.0	128.0	146.0	106.0	186.0	124.0	110.0	215.0	181.0	218.0	176.0	116.0	194.0	213.0	205.0	147.0	238.0	174.0	187.0
316.074	135.0	111.0	125.0	132.0	104.0	174.0	116.0	113.0	209.0	169.0	204.0	168.0	105.0	178.0	207.0	199.0	133.0	219.0	172.0	170.0
316.182	148.0	112.0	125.0	142.0	111.0	198.0	142.0	114.0	218.0	178.0	226.0	175.0	111.0	204.0	230.0	212.0	152.0	237.0	181.0	186.0
316.29	153.0	106.0	138.0	165.0	104.0	223.0	147.0	114.0	261.0	206.0	244.0	204.0	112.0	228.0	254.0	236.0	166.0	285.0	202.0	216.0
316.397	145.0	107.0	127.0	146.0	110.0	197.0	141.0	109.0	234.0	179.0	225.0	187.0	109.0	205.0	225.0	221.0	151.0	256.0	186.0	192.0
316.505	118.0	106.0	114.0	124.0	107.0	159.0	126.0	106.0	189.0	156.0	180.0	159.0	105.0	166.0	193.0	178.0	121.0	214.0	153.0	158.0
316.612	114.0	111.0	99.0	115.0	110.0	151.0	110.0	106.0	161.0	137.0	154.0	140.0	106.0	139.0	167.0	161.0	108.0	183.0	134.0	136.0
316.72	106.0	109.0	102.0	114.0	105.0	138.0	100.0	105.0	154.0	127.0	146.0	131.0	108.0	134.0	147.0	148.0	107.0	172.0	115.0	129.0
316.828	100.0	110.0	90.0	97.0	107.0	109.0	91.0	100.0	120.0	105.0	116.0	111.0	109.0	109.0	119.0	124.0	92.0	140.0	107.0	113.0
316.935	109.0	136.0	112.0	117.0	123.0	121.0	120.0	122.0	128.0	117.0	133.0	120.0	125.0	119.0	134.0	123.0	115.0	153.0	114.0	123.0
317.043	85.0	104.0	81.0	90.0	110.0	100.0	92.0	107.0	102.0	96.0	104.0	98.0	101.0	93.0	107.0	107.0	93.0	123.0	92.0	91.0
317.151	86.0	110.0	82.0	84.0	103.0	95.0	86.0	110.0	97.0	93.0	100.0	93.0	108.0	84.0	100.0	105.0	91.0	132.0	85.0	91.0
317.258	93.0	102.0	90.0	88.0	105.0	91.0	84.0	104.0	100.0	92.0	99.0	99.0	107.0	92.0	100.0	102.0	87.0	124.0	84.0	89.0
317.366	91.0	108.0	85.0	89.0	102.0	90.0	91.0	106.0	103.0	98.0	99.0	99.0	107.0	92.0	104.0	105.0	94.0	132.0	93.0	95.0
317.474	93.0	110.0	87.0	87.0	106.0	97.0	89.0	108.0	104.0	95.0	97.0	97.0	110.0	97.0	104.0	103.0	89.0	128.0	94.0	93.0
317.581	91.0	109.0	85.0	88.0	99.0	106.0	93.0	109.0	106.0	97.0	109.0	102.0	106.0	97.0	107.0	109.0	86.0	134.0	91.0	98.0
317.689	89.0	105.0	88.0	91.0	107.0	97.0	97.0	105.0	109.0	100.0	103.0	103.0	110.0	97.0	104.0	101.0	96.0	126.0	100.0	99.0
317.797	93.0	111.0	94.0	97.0	110.0	104.0	98.0	107.0	128.0	101.0	115.0	110.0	109.0	104.0	114.0	110.0	100.0	136.0	101.0	101.0
317.904	89.0	103.0	94.0	95.0	105.0	107.0	92.0	110.0	113.0	104.0	110.0	105.0	109.0	106.0	119.0	115.0	94.0	138.0	100.0	106.0
318.012	120.0	109.0	106.0	108.0	102.0	139.0	118.0	111.0	171.0	119.0	151.0	126.0	110.0	139.0	135.0	154.0	118.0	156.0	118.0	134.0
318.12	117.0	108.0	105.0	111.0	108.0	134.0	107.0	110.0	169.0	126.0	147.0	129.0	110.0	133.0	131.0	149.0	116.0	159.0	126.0	138.0
318.227	122.0	107.0	108.0	114.0	107.0	135.0	112.0	110.0	167.0	128.0	145.0	132.0	110.0	136.0	145.0	149.0	121.0	158.0	128.0	137.0
318.335	117.0	106.0	108.0	108.0	108.0	149.0	110.0	111.0	171.0	138.0	166.0	134.0	107.0	154.0	166.0	166.0	122.0	178.0	134.0	146.0
318.443	168.0	110.0	148.0	163.0	110.0	229.0	152.0	108.0	279.0	222.0	270.0	223.0	114.0	250.0	269.0	252.0	172.0	284.0	206.0	220.0
318.551	179.0	118.0	154.0	183.0	112.0	259.0	169.0	115.0	319.0	251.0	287.0	236.0	124.0	280.0	287.0	278.0	192.0	315.0	227.0	249.0
318.658	158.0	117.0	145.0	166.0	110.0	229.0	157.0	115.0	285.0	227.0	252.0	220.0	119.0	242.0	262.0	253.0	180.0	282.0	224.0	235.0
318.766	160.0	112.0	139.0	155.0	104.0	219.0	144.0	112.0	264.0	207.0	248.0	198.0	110.0	228.0	251.0	232.0	165.0	273.0	211.0	208.0
318.874	146.0	109.0	122.0	144.0	110.0	191.0	136.0	109.0	227.0	178.0	217.0	173.0	116.0	200.0	220.0	210.0	147.0	238.0	172.0	191.0
318.982	124.0	112.0	111.0	136.0	109.0	170.0	121.0	113.0	204.0	168.0	191.0	160.0	116.0	166.0	186.0	185.0	137.0	210.0	156.0	169.0
319.09	115.0	107.0	111.0	116.0	108.0	152.0	112.0	108.0	177.0	147.0	163.0	144.0	112.0	150.0	165.0	165.0	122.0	185.0	141.0	144.0
319.197	109.0	112.0	104.0	110.0	111.0	130.0	111.0	105.0	154.0	132.0	155.0	134.0	115.0	135.0	151.0	152.0	112.0	174.0	123.0	133.0
319.305	122.0	109.0	112.0	112.0	106.0	142.0	110.0	106.0	169.0	133.0	156.0	139.0	110.0	146.0	155.0	164.0	114.0	169.0	127.0	141.0
319.413	137.0	111.0	115.0	135.0	104.0	174.0	132.0	109.0	215.0	159.0	183.0	153.0	120.0	173.0	180.0	193.0	148.0	197.0	159.0	176.0
319.521	139.0	107.0	114.0	125.0	104.0	171.0	125.0	107.0	223.0	151.0	181.0	157.0	107.0	179.0	183.0	193.0	144.0	201.0	160.0	177.0
319.629	149.0	120.0	145.0	165.0	109.0	218.0	156.0	113.0	276.0	207.0	251.0	203.0	113.0	239.0	251.0	240.0	170.0	268.0	199.0	217.0
319.736	170.0	114.0	148.0	172.0	104.0	237.0	150.0	115.0	278.0	208.0	264.0	209.0	114.0	247.0	261.0	251.0	175.0	274.0	221.0	228.0
319.844	144.0	109.0	127.0	151.0	114.0	197.0	134.0	113.0	236.0	181.0	219.0	185.0	113.0	200.0	218.0	212.0	156.0	231.0	178.0	202.0
319.952	128.0	114.0	118.0	134.0	110.0	165.0	121.0	112.0	198.0	166.0	188.0	161.0	115.0	166.0	193.0	184.0	137.0	204.0	163.0	178.0
320.06	113.0	111.0	106.0	120.0	113.0	149.0	123.0	110.0	167.0	150.0	169.0	146.0	119.0	156.0	169.0	162.0	129.0	181.0	142.0	151.0
320.168	95.0	116.0	96.0	110.0	110.0	123.0	110.0	114.0	140.0	121.0	140.0	130.0	113.0	126.0	145.0	150.0	113.0	157.0	116.0	127.0
320.276	99.0	103.0	92.0	97.0	107.0	113.0	91.0	109.0	126.0	108.0	123.0	110.0	109.0	116.0	116.0	118.0	101.0	144.0	103.0	114.0
320.384	87.0	110.0	97.0	102.0	107.0	104.0	96.0	105.0	120.0	103.0	113.0	107.0	109.0	112.0	111.0	115.0	100.0	134.0	103.0	109.0
320.492	95.0	112.0	98.0	95.0	112.0	107.0	106.0	112.0	115.0	110.0	119.0	107.0	111.0	105.0	115.0	118.0	100.0	139.0	104.0	114.0
320.599	88.0	108.0	85.0	89.0	106.0	105.0	93.0	104.0	111.0	100.0	110.0	107.0	110.0	100.0	108.0	117.0	96.0	135.0	99.0	95.0
320.707	92.0	96.0	95.0	96.0	100.0	111.0	92.0	104.0	124.0	108.0	115.0	110.0	109.0	114.0	122.0	118.0	97.0	143.0	101.0	110.0
320.815	107.0	110.0	102.0	106.0	113.0	123.0	109.0	120.0	138.0	126.0	126.0	122.0	113.0	120.0	136.0	137.0	118.0	149.0	123.0	120.0
320.923	113.0	111.0	104.0	118.0	107.0	134.0	110.0	109.0	157.0	132.0	152.0	137.0	106.0	136.0	157.0	155.0	121.0	168.0	128.0	140.0
321.031	127.0	113.0	119.0	143.0	109.0	176.0	127.0	109.0	206.0	165.0	203.0	172.0	112.0	181.0	198.0	195.0	131.0	221.0	164.0	181.0
321.139	148.0	126.0	140.0	178.0	118.0	222.0	155.0	122.0	261.0	209.0	258.0	214.0	123.0	235.0	266.0	244.0	174.0	281.0	208.0	229.0
321.247	171.0	117.0	156.0	188.0	114.0	262.0	162.0	110.0	294.0	235.0	302.0	243.0	118.0	270.0	290.0	275.0	185.0	313.0	225.0	261.0
321.355	140.0	116.0	136.0	153.0	119.0	209.0	141.0	117.0	252.0	197.0	240.0	196.0	123.0	226.0	257.0	231.0	166.0	268.0	206.0	208.0
321.463	126.0	117.0	123.0	147.0	109.0	188.0	138.0	113.0	226.0	182.0	219.0	176.0	114.0	198.0	232.0	211.0	154.0	249.0	178.0	188.0
321.571	143.0	111.0	129.0	160.0	106.0	212.0	138.0	109.0	243.0	192.0	240.0	200.0	117.0	214.0	248.0	234.0	160.0	254.0	202.0	210.0
321.679	192.0	110.0	176.0	216.0	109.0	284.0	185.0	113.0	350.0	258.0	327.0	263.0	114.0	310.0	325.0	311.0	201.0	352.0	260.0	295.0
321.787	226.0	129.0	200.0	244.0	129.0	337.0	212.0	129.0	392.0	303.0	397.0	308.0	126.0	363.0	386.0	365.0	236.0	408.0	303.0	338.0
321.895	165.0	118.0	155.0	183.0	109.0	267.0	163.0	117.0	304.0	238.0	307.0	245.0	121.0	279.0	315.0	295.0	189.0	321.0	241.0	266.0
322.003	147.0	117.0	142.0	172.0	114.0	227.0	144.0	118.0	264.0	200.0	268.0	200.0	126.0	234.0	262.0	244.0	169.0	273.0	200.0	226.0
322.111	157.0	114.0	142.0	169.0	111.0	228.0	143.0	109.0	263.0	206.0	262.0	216.0	123.0	238.0	272.0	256.0	166.0	284.0	213.0	232.0
322.219	193.0	120.0	180.0	221.0	113.0	310.0	185.0	110.0	368.0	288.0	371.0	286.0	116.0	327.0	372.0	332.0	219.0	391.0	287.0	315.0
322.327	220.0	118.0	196.0	252.0	122.0	367.0	218.0	116.0	440.0	331.0	430.0	336.0	128.0	378.0	422.0	377.0	250.0	454.0	329.0	363.0
322.435	191.0	113.0	176.0	220.0	113.0	319.0	183.0	111.0	364.0	283.0	371.0	286.0	123.0	333.0	373.0	340.0	211.0	401.0	293.0	303.0
322.543	180.0	119.0	168.0	212.0	118.0	297.0	174.0	117.0	336.0	265.0	357.0	276.0	128.0	308.0	364.0	331.0	206.0	363.0	276.0	297.0
322.651	195.0	125.0	176.0	222.0	123.0	328.0	196.0	115.0	393.0	302.0	385.0	315.0	134.0	350.0	410.0	366.0	229.0	412.0	309.0	321.0
322.759	298.0	130.0	247.0	307.0	126.0	480.0	285.0	125.0	564.0	441.0	540.0	427.0	138.0	499.0	550.0	500.0	307.0	568.0	418.0	429.0
322.867	401.0	139.0	322.0	385.0	134.0	598.0	353.0	130.0	747.0	584.0	650.0	543.0	149.0	647.0	689.0	617.0	382.0	716.0	513.0	533.0
322.976	432.0	136.0	342.0	414.0	125.0	667.0	381.0	127.0	836.0	636.0	707.0	589.0	144.0	717.0	768.0	696.0	412.0	786.0	555.0	579.0
323.084	470.0	131.0	367.0	462.0	122.0	731.0	414.0	130.0	912.0	697.0	765.0	628.0	133.0	763.0	797.0	721.0	437.0	853.0	600.0	624.0
323.192	425.0	128.0	331.0	419.0	123.0	678.0	376.0	117.0	819.0	613.0	721.0	582.0	132.0	706.0	756.0	678.0	401.0	789.0	555.0	591.0
323.3	473.0	125.0	366.0	459.0	124.0	726.0	424.0	122.0	902.0	693.0	786.0	644.0	136.0	786.0	812.0	735.0	440.0	864.0	619.0	649.0
323.408	432.0	129.0	347.0	424.0	138.0	658.0	361.0	139.0	789.0	601.0	728.0	576.0	141.0	674.0	737.0	683.0	411.0	787.0	566.0	575.0
323.516	330.0	133.0	284.0	339.0	132.0	521.0	314.0	128.0	665.0	497.0	575.0	482.0	144.0	573.0	624.0	566.0	351.0	637.0	472.0	476.0
323.624	335.0	121.0	268.0	335.0	121.0	529.0	299.0	120.0	654.0	496.0	580.0	461.0	128.0	562.0	617.0	551.0	330.0	632.0	460.0	472.0
323.732	268.0	116.0	224.0	280.0	115.0	414.0	246.0	115.0	515.0	391.0	464.0	367.0	131.0	433.0	489.0	449.0	262.0	502.0	365.0	386.0
323.84	188.0	116.0	170.0	201.0	113.0	308.0	178.0	113.0	356.0	272.0	332.0	282.0	120.0	300.0	349.0	320.0	198.0	357.0	268.0	281.0
323.949	149.0	115.0	146.0	156.0	111.0	229.0	161.0	118.0	262.0	223.0	241.0	220.0	125.0	237.0	264.0	245.0	169.0	287.0	200.0	221.0
324.057	128.0	115.0	122.0	139.0	108.0	187.0	135.0	116.0	232.0	189.0	217.0	177.0	118.0	196.0	229.0	213.0	147.0	243.0	173.0	186.0
324.165	154.0	111.0	140.0	161.0	104.0	231.0	152.0	112.0	270.0	217.0	267.0	216.0	117.0	239.0	283.0	261.0	160.0	298.0	210.0	221.0
324.273	206.0	110.0	177.0	210.0	111.0	313.0	192.0	116.0	359.0	289.0	361.0	299.0	123.0	325.0	374.0	339.0	216.0	393.0	276.0	291.0
324.381	161.0	108.0	162.0	193.0	113.0	265.0	167.0	117.0	320.0	242.0	303.0	253.0	124.0	268.0	301.0	299.0	180.0	330.0	241.0	244.0
324.49	171.0	118.0	146.0	175.0	110.0	259.0	159.0	107.0	311.0	243.0	309.0	250.0	118.0	276.0	325.0	292.0	174.0	328.0	245.0	246.0
324.598	224.0	115.0	188.0	244.0	105.0	355.0	204.0	107.0	418.0	314.0	410.0	329.0	117.0	382.0	426.0	389.0	232.0	440.0	325.0	339.0
324.706	268.0	105.0	234.0	290.0	111.0	438.0	241.0	118.0	516.0	397.0	488.0	393.0	115.0	446.0	491.0	453.0	273.0	548.0	381.0	406.0
324.814	247.0	120.0	228.0	268.0	118.0	408.0	229.0	118.0	467.0	357.0	455.0	377.0	117.0	424.0	456.0	429.0	263.0	487.0	365.0	393.0
324.922	191.0	110.0	171.0	221.0	112.0	313.0	194.0	113.0	372.0	284.0	355.0	285.0	116.0	329.0	363.0	338.0	213.0	378.0	281.0	286.0
325.031	172.0	115.0	162.0	194.0	115.0	258.0	170.0	117.0	300.0	238.0	292.0	245.0	120.0	278.0	307.0	272.0	183.0	318.0	241.0	250.0
325.139	143.0	106.0	131.0	155.0	109.0	205.0	145.0	119.0	240.0	200.0	230.0	189.0	126.0	206.0	236.0	221.0	154.0	254.0	183.0	200.0
325.247	126.0	110.0	123.0	138.0	105.0	175.0	123.0	105.0	206.0	165.0	202.0	165.0	110.0	179.0	200.0	193.0	131.0	218.0	164.0	172.0
325.355	120.0	114.0	121.0	129.0	105.0	163.0	114.0	104.0	191.0	147.0	186.0	165.0	115.0	165.0	195.0	187.0	125.0	205.0	155.0	152.0
325.464	142.0	114.0	140.0	155.0	106.0	212.0	149.0	117.0	250.0	209.0	249.0	217.0	119.0	226.0	266.0	245.0	151.0	272.0	194.0	208.0
325.572	230.0	122.0	200.0	235.0	122.0	358.0	215.0	118.0	414.0	330.0	409.0	326.0	126.0	377.0	415.0	377.0	230.0	434.0	308.0	312.0
325.68	186.0	120.0	168.0	198.0	121.0	291.0	186.0	117.0	352.0	276.0	336.0	283.0	127.0	312.0	346.0	310.0	189.0	363.0	260.0	268.0
325.789	157.0	116.0	154.0	177.0	114.0	239.0	163.0	115.0	283.0	229.0	271.0	227.0	119.0	251.0	291.0	259.0	164.0	302.0	211.0	217.0
325.897	120.0	112.0	130.0	144.0	116.0	192.0	136.0	117.0	219.0	182.0	215.0	184.0	116.0	200.0	224.0	205.0	145.0	244.0	172.0	171.0
326.005	132.0	115.0	130.0	140.0	108.0	185.0	141.0	118.0	212.0	170.0	207.0	186.0	126.0	190.0	208.0	195.0	145.0	237.0	165.0	164.0
326.114	126.0	106.0	121.0	125.0	110.0	165.0	123.0	110.0	183.0	150.0	178.0	153.0	114.0	158.0	187.0	176.0	128.0	210.0	142.0	148.0
326.222	102.0	107.0	100.0	105.0	108.0	120.0	102.0	102.0	143.0	122.0	129.0	121.0	119.0	127.0	145.0	137.0	113.0	151.0	121.0	125.0
326.33	91.0	111.0	90.0	91.0	111.0	115.0	96.0	105.0	126.0	115.0	122.0	116.0	108.0	115.0	121.0	120.0	99.0	142.0	101.0	104.0
326.439	91.0	106.0	95.0	92.0	108.0	122.0	100.0	110.0	144.0	120.0	139.0	123.0	112.0	119.0	140.0	132.0	108.0	163.0	106.0	121.0
326.547	132.0	111.0	133.0	153.0	112.0	194.0	131.0	114.0	223.0	182.0	223.0	197.0	126.0	193.0	236.0	201.0	152.0	247.0	173.0	189.0
326.655	116.0	115.0	129.0	144.0	108.0	183.0	132.0	110.0	212.0	180.0	214.0	177.0	116.0	191.0	222.0	205.0	144.0	228.0	173.0	183.0
326.764	109.0	122.0	118.0	124.0	115.0	164.0	121.0	118.0	178.0	155.0	181.0	164.0	126.0	173.0	193.0	171.0	135.0	202.0	147.0	157.0
326.872	117.0	108.0	114.0	124.0	99.0	168.0	116.0	109.0	182.0	145.0	176.0	156.0	110.0	166.0	180.0	171.0	128.0	200.0	147.0	162.0
326.98	110.0	109.0	113.0	125.0	110.0	155.0	116.0	112.0	178.0	147.0	170.0	156.0	116.0	154.0	181.0	171.0	120.0	198.0	138.0	158.0
327.089	103.0	111.0	118.0	120.0	118.0	155.0	125.0	116.0	177.0	160.0	176.0	161.0	123.0	156.0	188.0	171.0	124.0	190.0	154.0	157.0
327.197	155.0	116.0	142.0	169.0	121.0	238.0	158.0	117.0	264.0	218.0	265.0	230.0	126.0	245.0	274.0	247.0	165.0	288.0	209.0	233.0
327.306	157.0	117.0	148.0	174.0	112.0	243.0	155.0	116.0	277.0	210.0	278.0	233.0	132.0	248.0	289.0	252.0	166.0	307.0	208.0	240.0
327.414	127.0	115.0	127.0	154.0	112.0	206.0	136.0	111.0	230.0	196.0	238.0	201.0	119.0	218.0	235.0	230.0	149.0	266.0	189.0	207.0
327.522	134.0	114.0	127.0	145.0	108.0	202.0	140.0	116.0	228.0	177.0	230.0	187.0	118.0	206.0	229.0	222.0	151.0	251.0	182.0	192.0
327.631	136.0	112.0	130.0	159.0	108.0	213.0	141.0	109.0	248.0	197.0	246.0	205.0	117.0	225.0	245.0	223.0	163.0	264.0	193.0	204.0
327.739	124.0	112.0	123.0	146.0	111.0	182.0	138.0	114.0	205.0	164.0	215.0	189.0	114.0	197.0	216.0	193.0	144.0	230.0	165.0	180.0
327.848	116.0	112.0	108.0	123.0	110.0	151.0	116.0	111.0	165.0	150.0	173.0	154.0	124.0	157.0	175.0	169.0	126.0	192.0	142.0	151.0
327.956	103.0	109.0	105.0	113.0	108.0	134.0	105.0	107.0	160.0	141.0	156.0	138.0	111.0	138.0	168.0	154.0	115.0	177.0	125.0	132.0
328.065	128.0	110.0	117.0	136.0	106.0	192.0	129.0	106.0	217.0	169.0	210.0	174.0	113.0	196.0	221.0	200.0	129.0	237.0	167.0	180.0
328.173	166.0	117.0	154.0	179.0	110.0	265.0	160.0	118.0	301.0	236.0	303.0	250.0	126.0	275.0	302.0	278.0	174.0	334.0	234.0	242.0
328.281	155.0	112.0	160.0	176.0	114.0	233.0	154.0	112.0	290.0	221.0	290.0	235.0	111.0	264.0	291.0	266.0	163.0	316.0	228.0	233.0
328.39	132.0	112.0	139.0	153.0	112.0	200.0	144.0	110.0	228.0	197.0	229.0	196.0	121.0	196.0	231.0	216.0	146.0	249.0	182.0	185.0
328.498	122.0	112.0	126.0	137.0	109.0	185.0	126.0	112.0	209.0	176.0	209.0	169.0	121.0	183.0	219.0	201.0	138.0	234.0	166.0	169.0
328.607	124.0	111.0	121.0	137.0	106.0	171.0	119.0	112.0	200.0	158.0	194.0	163.0	112.0	181.0	196.0	183.0	142.0	215.0	156.0	176.0
328.715	110.0	108.0	108.0	119.0	108.0	140.0	116.0	103.0	168.0	137.0	158.0	139.0	110.0	145.0	158.0	153.0	116.0	173.0	135.0	141.0
328.824	106.0	109.0	105.0	107.0	111.0	131.0	106.0	102.0	151.0	126.0	137.0	125.0	110.0	128.0	132.0	138.0	105.0	157.0	116.0	126.0
328.932	98.0	111.0	95.0	97.0	108.0	103.0	93.0	104.0	125.0	112.0	113.0	115.0	111.0	107.0	115.0	120.0	98.0	139.0	100.0	106.0
329.041	96.0	118.0	86.0	96.0	109.0	102.0	96.0	118.0	114.0	108.0	108.0	109.0	113.0	105.0	111.0	112.0	103.0	130.0	96.0	106.0
329.15	97.0	109.0	98.0	91.0	103.0	107.0	90.0	110.0	115.0	106.0	111.0	100.0	113.0	105.0	104.0	106.0	95.0	130.0	96.0	106.0
329.258	91.0	107.0	96.0	93.0	102.0	99.0	90.0	108.0	108.0	106.0	106.0	103.0	105.0	99.0	99.0	108.0	94.0	126.0	92.0	104.0
329.367	92.0	109.0	93.0	90.0	102.0	104.0	96.0	110.0	124.0	106.0	114.0	99.0	108.0	108.0	109.0	106.0	101.0	128.0	100.0	100.0
329.475	89.0	103.0	90.0	91.0	106.0	103.0	97.0	107.0	115.0	103.0	109.0	109.0	103.0	114.0	110.0	106.0	91.0	122.0	93.0	107.0
329.584	92.0	101.0	94.0	95.0	104.0	101.0	94.0	106.0	108.0	99.0	107.0	119.0	111.0	105.0	109.0	106.0	95.0	128.0	100.0	98.0
329.692	96.0	102.0	100.0	112.0	102.0	99.0	104.0	105.0	122.0	105.0	116.0	126.0	104.0	119.0	119.0	120.0	99.0	133.0	107.0	106.0
329.801	97.0	109.0	86.0	94.0	106.0	96.0	89.0	106.0	120.0	107.0	105.0	121.0	112.0	113.0	107.0	117.0	99.0	127.0	98.0	96.0
329.909	93.0	103.0	94.0	89.0	106.0	106.0	97.0	104.0	118.0	101.0	112.0	116.0	111.0	106.0	109.0	105.0	96.0	129.0	95.0	102.0
330.018	98.0	110.0	96.0	101.0	109.0	105.0	94.0	109.0	119.0	112.0	105.0	117.0	112.0	109.0	114.0	106.0	96.0	137.0	99.0	107.0
330.127	89.0	104.0	103.0	102.0	103.0	111.0	97.0	104.0	127.0	116.0	123.0	121.0	106.0	116.0	120.0	121.0	97.0	140.0	108.0	112.0
330.235	102.0	112.0	105.0	111.0	110.0	122.0	108.0	109.0	154.0	134.0	135.0	125.0	111.0	137.0	132.0	136.0	122.0	154.0	115.0	130.0
330.344	108.0	109.0	115.0	132.0	113.0	146.0	120.0	112.0	182.0	153.0	173.0	146.0	111.0	164.0	157.0	168.0	130.0	181.0	145.0	170.0
330.453	115.0	104.0	108.0	121.0	110.0	137.0	109.0	113.0	177.0	130.0	151.0	130.0	110.0	145.0	151.0	140.0	124.0	167.0	130.0	158.0
330.561	114.0	110.0	113.0	116.0	112.0	140.0	108.0	111.0	164.0	129.0	154.0	135.0	116.0	139.0	142.0	136.0	124.0	161.0	130.0	153.0
330.67	115.0	108.0	112.0	112.0	106.0	127.0	102.0	104.0	165.0	125.0	147.0	128.0	108.0	135.0	145.0	140.0	120.0	156.0	124.0	140.0
330.778	116.0	105.0	108.0	114.0	113.0	137.0	114.0	109.0	177.0	137.0	154.0	143.0	111.0	146.0	156.0	153.0	124.0	165.0	136.0	157.0
330.887	137.0	122.0	136.0	144.0	122.0	168.0	135.0	124.0	200.0	169.0	182.0	158.0	128.0	179.0	183.0	180.0	152.0	198.0	155.0	189.0
330.996	130.0	116.0	128.0	139.0	110.0	172.0	118.0	110.0	208.0	161.0	184.0	160.0	109.0	171.0	171.0	181.0	140.0	189.0	156.0	177.0
331.104	113.0	107.0	113.0	124.0	110.0	154.0	126.0	115.0	187.0	148.0	166.0	142.0	117.0	160.0	158.0	161.0	126.0	180.0	142.0	158.0
331.213	116.0	114.0	115.0	134.0	117.0	152.0	118.0	113.0	184.0	153.0	168.0	148.0	121.0	172.0	172.0	165.0	138.0	175.0	146.0	176.0
331.322	126.0	108.0	120.0	132.0	101.0	161.0	126.0	112.0	189.0	145.0	184.0	154.0	113.0	176.0	185.0	178.0	134.0	205.0	154.0	177.0
331.431	117.0	104.0	120.0	134.0	108.0	150.0	118.0	113.0	183.0	150.0	170.0	150.0	115.0	162.0	177.0	165.0	118.0	185.0	145.0	156.0
331.539	137.0	114.0	138.0	150.0	118.0	197.0	138.0	112.0	241.0	188.0	220.0	194.0	117.0	218.0	229.0	218.0	153.0	245.0	184.0	193.0
331.648	198.0	121.0	172.0	227.0	119.0	299.0	193.0	117.0	367.0	279.0	343.0	292.0	122.0	315.0	338.0	308.0	218.0	366.0	277.0	304.0
331.757	253.0	115.0	216.0	270.0	114.0	400.0	235.0	120.0	475.0	353.0	440.0	352.0	125.0	429.0	439.0	405.0	272.0	470.0	353.0	377.0
331.865	191.0	110.0	183.0	218.0	110.0	304.0	184.0	109.0	360.0	268.0	340.0	275.0	113.0	314.0	343.0	322.0	199.0	357.0	262.0	297.0
331.974	145.0	116.0	152.0	170.0	122.0	229.0	159.0	119.0	284.0	223.0	255.0	228.0	130.0	248.0	277.0	248.0	185.0	275.0	208.0	231.0
332.083	170.0	108.0	165.0	198.0	109.0	274.0	168.0	107.0	319.0	238.0	306.0	252.0	118.0	290.0	309.0	281.0	190.0	314.0	236.0	258.0
332.192	151.0	112.0	145.0	172.0	110.0	230.0	146.0	109.0	264.0	205.0	251.0	215.0	117.0	247.0	259.0	241.0	158.0	282.0	206.0	219.0
332.3	192.0	111.0	176.0	214.0	110.0	300.0	189.0	118.0	358.0	273.0	324.0	277.0	122.0	307.0	322.0	307.0	206.0	349.0	260.0	288.0
332.409	193.0	117.0	175.0	210.0	116.0	298.0	191.0	109.0	362.0	276.0	337.0	274.0	120.0	316.0	342.0	317.0	216.0	369.0	273.0	287.0
332.518	169.0	128.0	164.0	198.0	121.0	272.0	180.0	118.0	319.0	244.0	298.0	254.0	130.0	282.0	312.0	296.0	190.0	323.0	234.0	260.0
332.627	172.0	113.0	168.0	207.0	121.0	286.0	187.0	122.0	334.0	271.0	311.0	272.0	137.0	293.0	334.0	289.0	198.0	343.0	250.0	271.0
332.735	155.0	119.0	151.0	179.0	116.0	248.0	170.0	117.0	293.0	231.0	270.0	234.0	127.0	260.0	281.0	253.0	173.0	295.0	215.0	231.0
332.844	181.0	114.0	166.0	206.0	111.0	279.0	170.0	110.0	339.0	252.0	307.0	265.0	120.0	305.0	320.0	299.0	201.0	339.0	252.0	267.0
332.953	188.0	116.0	172.0	212.0	120.0	300.0	189.0	114.0	355.0	266.0	329.0	270.0	129.0	320.0	346.0	305.0	212.0	370.0	275.0	283.0
333.062	172.0	117.0	158.0	184.0	116.0	266.0	170.0	115.0	306.0	229.0	294.0	247.0	115.0	284.0	307.0	272.0	186.0	312.0	237.0	247.0
333.171	148.0	111.0	141.0	164.0	111.0	214.0	150.0	118.0	260.0	200.0	237.0	211.0	118.0	222.0	241.0	228.0	161.0	267.0	190.0	208.0
333.279	126.0	112.0	136.0	149.0	117.0	191.0	142.0	118.0	229.0	189.0	201.0	191.0	122.0	203.0	220.0	195.0	142.0	229.0	168.0	183.0
333.388	154.0	119.0	147.0	177.0	124.0	242.0	168.0	117.0	294.0	230.0	274.0	236.0	132.0	261.0	296.0	258.0	188.0	293.0	214.0	245.0
333.497	243.0	124.0	206.0	260.0	118.0	387.0	230.0	124.0	464.0	356.0	419.0	350.0	135.0	415.0	441.0	398.0	247.0	456.0	323.0	368.0
333.606	334.0	135.0	281.0	332.0	134.0	523.0	317.0	134.0	660.0	499.0	539.0	476.0	138.0	577.0	559.0	512.0	340.0	600.0	441.0	468.0
333.715	269.0	116.0	231.0	289.0	123.0	422.0	251.0	125.0	531.0	400.0	452.0	385.0	136.0	466.0	473.0	436.0	289.0	499.0	361.0	386.0
333.824	244.0	121.0	213.0	255.0	115.0	388.0	234.0	123.0	478.0	346.0	413.0	341.0	128.0	414.0	421.0	390.0	260.0	438.0	328.0	353.0
333.933	257.0	130.0	217.0	250.0	128.0	378.0	235.0	129.0	446.0	326.0	401.0	335.0	138.0	383.0	416.0	393.0	250.0	441.0	328.0	338.0
334.041	208.0	120.0	188.0	228.0	120.0	335.0	211.0	125.0	405.0	307.0	362.0	306.0	137.0	351.0	384.0	357.0	228.0	388.0	286.0	308.0
334.15	215.0	125.0	191.0	232.0	118.0	353.0	208.0	116.0	441.0	316.0	393.0	331.0	129.0	372.0	428.0	396.0	224.0	421.0	316.0	324.0
334.259	446.0	137.0	358.0	420.0	136.0	672.0	419.0	130.0	840.0	649.0	663.0	583.0	149.0	715.0	718.0	636.0	428.0	748.0	530.0	561.0
334.368	671.0	137.0	505.0	588.0	134.0	930.0	593.0	138.0	1180.0	893.0	871.0	805.0	151.0	980.0	932.0	867.0	600.0	1008.0	704.0	737.0
334.477	514.0	127.0	397.0	467.0	123.0	742.0	456.0	127.0	929.0	692.0	733.0	641.0	138.0	795.0	787.0	717.0	467.0	827.0	575.0	597.0
334.586	404.0	126.0	326.0	383.0	125.0	575.0	350.0	121.0	731.0	563.0	595.0	512.0	138.0	616.0	644.0	576.0	371.0	671.0	473.0	487.0
334.695	322.0	131.0	275.0	309.0	133.0	490.0	310.0	139.0	619.0	466.0	487.0	427.0	137.0	525.0	533.0	482.0	340.0	558.0	394.0	409.0
334.804	294.0	138.0	256.0	287.0	131.0	447.0	291.0	132.0	561.0	434.0	438.0	396.0	146.0	465.0	466.0	429.0	308.0	483.0	349.0	367.0
334.913	242.0	122.0	204.0	225.0	112.0	348.0	227.0	124.0	450.0	325.0	354.0	307.0	129.0	360.0	366.0	341.0	243.0	377.0	281.0	306.0
335.022	174.0	117.0	157.0	170.0	113.0	235.0	162.0	117.0	305.0	224.0	254.0	224.0	119.0	251.0	257.0	257.0	173.0	269.0	211.0	229.0
335.13	150.0	115.0	138.0	156.0	111.0	192.0	145.0	106.0	257.0	189.0	220.0	185.0	116.0	207.0	233.0	218.0	158.0	232.0	184.0	189.0
335.239	159.0	115.0	140.0	148.0	113.0	202.0	138.0	109.0	269.0	195.0	228.0	187.0	117.0	219.0	231.0	222.0	165.0	230.0	188.0	201.0
335.348	154.0	120.0	141.0	150.0	116.0	209.0	144.0	117.0	267.0	194.0	236.0	201.0	124.0	225.0	248.0	235.0	159.0	252.0	190.0	204.0
335.457	263.0	139.0	244.0	278.0	133.0	413.0	269.0	138.0	537.0	409.0	435.0	377.0	147.0	461.0	456.0	428.0	280.0	470.0	344.0	372.0
335.566	434.0	129.0	351.0	412.0	126.0	631.0	395.0	128.0	811.0	604.0	624.0	538.0	144.0	691.0	658.0	618.0	418.0	706.0	491.0	547.0
335.675	376.0	115.0	298.0	344.0	113.0	536.0	317.0	110.0	686.0	501.0	555.0	463.0	127.0	559.0	579.0	551.0	351.0	612.0	451.0	460.0
335.784	263.0	119.0	222.0	250.0	108.0	385.0	243.0	120.0	497.0	364.0	409.0	354.0	132.0	423.0	438.0	403.0	274.0	445.0	326.0	348.0
335.893	249.0	114.0	215.0	248.0	110.0	367.0	223.0	113.0	444.0	333.0	380.0	323.0	120.0	381.0	400.0	379.0	237.0	400.0	294.0	317.0
336.002	197.0	123.0	184.0	201.0	116.0	295.0	201.0	119.0	380.0	290.0	308.0	267.0	134.0	312.0	332.0	297.0	212.0	356.0	254.0	267.0
336.111	232.0	172.0	220.0	238.0	173.0	297.0	225.0	165.0	359.0	289.0	324.0	296.0	176.0	315.0	332.0	310.0	235.0	357.0	263.0	278.0
336.22	155.0	138.0	156.0	160.0	127.0	203.0	146.0	134.0	239.0	194.0	230.0	197.0	137.0	208.0	235.0	219.0	152.0	249.0	186.0	192.0
336.329	130.0	109.0	134.0	137.0	113.0	181.0	123.0	108.0	225.0	169.0	204.0	174.0	110.0	182.0	199.0	185.0	127.0	212.0	159.0	172.0
336.438	166.0	109.0	148.0	157.0	110.0	219.0	155.0	107.0	288.0	203.0	245.0	195.0	115.0	223.0	242.0	225.0	164.0	243.0	192.0	210.0
336.547	224.0	118.0	197.0	214.0	113.0	308.0	209.0	121.0	428.0	286.0	342.0	281.0	123.0	342.0	351.0	334.0	236.0	354.0	273.0	312.0
336.656	422.0	125.0	328.0	380.0	114.0	588.0	369.0	131.0	748.0	553.0	594.0	516.0	135.0	625.0	602.0	574.0	409.0	652.0	485.0	532.0
336.766	377.0	132.0	305.0	357.0	126.0	570.0	346.0	144.0	735.0	516.0	572.0	508.0	149.0	628.0	617.0	556.0	385.0	642.0	473.0	520.0
336.875	305.0	129.0	243.0	298.0	121.0	464.0	286.0	121.0	591.0	433.0	471.0	397.0	132.0	490.0	513.0	471.0	312.0	515.0	379.0	421.0
336.984	243.0	132.0	215.0	248.0	129.0	361.0	242.0	126.0	470.0	342.0	378.0	335.0	139.0	384.0	410.0	377.0	256.0	412.0	316.0	337.0
337.093	202.0	133.0	199.0	211.0	127.0	305.0	211.0	137.0	401.0	291.0	318.0	288.0	147.0	339.0	351.0	312.0	241.0	351.0	262.0	298.0
337.202	238.0	127.0	207.0	226.0	116.0	327.0	218.0	128.0	423.0	296.0	336.0	289.0	131.0	344.0	345.0	328.0	237.0	358.0	272.0	308.0
337.311	161.0	127.0	158.0	175.0	125.0	237.0	180.0	137.0	320.0	237.0	256.0	219.0	140.0	259.0	273.0	244.0	197.0	282.0	220.0	243.0
337.42	207.0	119.0	184.0	220.0	114.0	310.0	194.0	115.0	396.0	272.0	348.0	278.0	120.0	335.0	330.0	319.0	222.0	347.0	273.0	314.0
337.529	181.0	119.0	164.0	197.0	122.0	268.0	185.0	122.0	346.0	244.0	303.0	257.0	129.0	291.0	314.0	286.0	196.0	320.0	231.0	271.0
337.638	177.0	120.0	175.0	197.0	125.0	260.0	184.0	132.0	340.0	250.0	302.0	253.0	140.0	288.0	311.0	296.0	207.0	325.0	245.0	274.0
337.747	313.0	126.0	261.0	325.0	125.0	475.0	289.0	125.0	607.0	452.0	507.0	429.0	143.0	529.0	533.0	476.0	334.0	539.0	408.0	440.0
337.856	361.0	117.0	294.0	357.0	115.0	541.0	324.0	113.0	693.0	497.0	575.0	478.0	124.0	590.0	592.0	553.0	359.0	631.0	479.0	503.0
337.966	303.0	113.0	259.0	298.0	110.0	441.0	269.0	113.0	571.0	402.0	489.0	381.0	114.0	481.0	493.0	445.0	303.0	512.0	383.0	419.0
338.075	246.0	127.0	217.0	246.0	121.0	380.0	230.0	127.0	509.0	350.0	401.0	340.0	128.0	407.0	423.0	389.0	263.0	437.0	324.0	369.0
338.184	280.0	132.0	250.0	297.0	121.0	438.0	268.0	128.0	551.0	400.0	476.0	378.0	140.0	474.0	488.0	440.0	304.0	503.0	378.0	424.0
338.293	210.0	129.0	198.0	229.0	128.0	331.0	220.0	125.0	435.0	308.0	361.0	309.0	136.0	374.0	380.0	344.0	243.0	394.0	289.0	334.0
338.402	177.0	120.0	176.0	199.0	122.0	275.0	193.0	128.0	340.0	255.0	296.0	252.0	130.0	301.0	314.0	287.0	203.0	318.0	234.0	272.0
338.511	191.0	145.0	177.0	202.0	137.0	242.0	189.0	151.0	311.0	233.0	278.0	239.0	152.0	265.0	272.0	257.0	191.0	290.0	223.0	248.0
338.62	153.0	112.0	140.0	154.0	112.0	191.0	142.0	110.0	242.0	182.0	218.0	181.0	115.0	208.0	214.0	206.0	152.0	229.0	175.0	202.0
338.73	131.0	115.0	122.0	140.0	106.0	169.0	133.0	111.0	211.0	166.0	189.0	169.0	118.0	187.0	190.0	181.0	138.0	214.0	154.0	178.0
338.839	162.0	113.0	150.0	177.0	110.0	237.0	165.0	117.0	276.0	217.0	253.0	212.0	115.0	254.0	264.0	241.0	171.0	280.0	209.0	234.0
338.948	141.0	120.0	145.0	159.0	126.0	211.0	144.0	123.0	254.0	202.0	229.0	204.0	133.0	233.0	242.0	210.0	167.0	264.0	181.0	216.0
339.057	140.0	107.0	129.0	151.0	108.0	192.0	136.0	110.0	221.0	175.0	207.0	181.0	114.0	196.0	201.0	197.0	140.0	225.0	173.0	188.0
339.166	126.0	118.0	124.0	137.0	111.0	161.0	122.0	108.0	191.0	151.0	175.0	152.0	120.0	166.0	175.0	168.0	136.0	191.0	146.0	148.0
339.276	106.0	110.0	118.0	127.0	108.0	146.0	121.0	112.0	176.0	142.0	163.0	143.0	114.0	160.0	163.0	151.0	126.0	184.0	130.0	137.0
339.385	106.0	99.0	113.0	116.0	106.0	138.0	118.0	109.0	158.0	136.0	141.0	136.0	117.0	142.0	141.0	140.0	118.0	170.0	119.0	126.0
339.494	106.0	104.0	109.0	109.0	101.0	124.0	104.0	104.0	138.0	122.0	132.0	130.0	109.0	118.0	123.0	126.0	106.0	144.0	109.0	120.0
339.603	109.0	112.0	105.0	114.0	109.0	117.0	105.0	108.0	135.0	120.0	132.0	122.0	110.0	121.0	120.0	121.0	102.0	148.0	106.0	109.0
339.713	96.0	108.0	98.0	103.0	101.0	116.0	103.0	115.0	139.0	117.0	127.0	121.0	109.0	122.0	125.0	120.0	100.0	151.0	105.0	116.0
339.822	98.0	112.0	100.0	96.0	103.0	116.0	101.0	107.0	133.0	114.0	125.0	118.0	104.0	109.0	118.0	114.0	98.0	140.0	100.0	113.0
339.931	99.0	107.0	100.0	101.0	101.0	116.0	101.0	100.0	135.0	113.0	122.0	115.0	107.0	115.0	112.0	115.0	89.0	139.0	99.0	108.0
340.04	95.0	109.0	95.0	106.0	104.0	106.0	98.0	108.0	125.0	115.0	114.0	104.0	114.0	105.0	106.0	112.0	96.0	129.0	96.0	103.0
340.15	96.0	108.0	94.0	100.0	103.0	117.0	106.0	113.0	129.0	115.0	120.0	116.0	111.0	122.0	123.0	110.0	103.0	134.0	100.0	104.0
340.259	88.0	111.0	97.0	99.0	98.0	109.0	92.0	106.0	118.0	103.0	106.0	103.0	117.0	96.0	108.0	100.0	94.0	132.0	87.0	94.0
340.368	99.0	101.0	95.0	98.0	99.0	110.0	99.0	108.0	118.0	105.0	114.0	106.0	111.0	102.0	111.0	104.0	96.0	134.0	98.0	103.0
340.477	93.0	106.0	93.0	104.0	109.0	104.0	102.0	106.0	109.0	114.0	103.0	111.0	112.0	104.0	113.0	102.0	93.0	129.0	98.0	100.0
340.587	97.0	107.0	97.0	102.0	102.0	106.0	101.0	105.0	128.0	110.0	109.0	110.0	105.0	107.0	112.0	103.0	93.0	133.0	89.0	101.0
340.696	89.0	98.0	97.0	85.0	108.0	105.0	93.0	112.0	112.0	107.0	109.0	106.0	109.0	95.0	104.0	96.0	95.0	126.0	85.0	94.0
340.805	98.0	112.0	105.0	105.0	113.0	118.0	105.0	120.0	130.0	116.0	112.0	117.0	117.0	111.0	105.0	108.0	99.0	139.0	109.0	106.0
340.915	98.0	105.0	97.0	94.0	111.0	103.0	100.0	107.0	118.0	104.0	106.0	104.0	114.0	100.0	98.0	104.0	92.0	123.0	83.0	92.0
341.024	84.0	114.0	84.0	88.0	104.0	96.0	95.0	107.0	108.0	100.0	98.0	103.0	107.0	97.0	102.0	95.0	89.0	124.0	95.0	90.0
341.133	107.0	123.0	113.0	106.0	120.0	117.0	110.0	125.0	137.0	125.0	123.0	118.0	129.0	119.0	120.0	117.0	107.0	148.0	108.0	112.0
341.243	94.0	106.0	104.0	91.0	107.0	107.0	98.0	113.0	113.0	104.0	103.0	105.0	117.0	100.0	101.0	103.0	91.0	127.0	94.0	92.0
341.352	86.0	111.0	93.0	96.0	107.0	96.0	100.0	100.0	105.0	105.0	94.0	98.0	113.0	92.0	103.0	97.0	98.0	124.0	92.0	84.0
341.461	87.0	111.0	91.0	94.0	106.0	104.0	98.0	108.0	108.0	103.0	103.0	106.0	107.0	96.0	101.0	100.0	97.0	124.0	82.0	94.0
341.571	86.0	106.0	89.0	90.0	106.0	104.0	87.0	113.0	112.0	106.0	103.0	103.0	109.0	93.0	96.0	92.0	91.0	123.0	90.0	84.0
341.68	96.0	111.0	94.0	96.0	108.0	104.0	99.0	110.0	110.0	108.0	100.0	106.0	113.0	99.0	98.0	94.0	84.0	122.0	88.0	92.0
341.789	86.0	108.0	87.0	90.0	106.0	92.0	92.0	107.0	106.0	103.0	94.0	89.0	112.0	93.0	95.0	92.0	86.0	120.0	85.0	84.0
341.899	81.0	107.0	94.0	88.0	102.0	91.0	96.0	113.0	109.0	98.0	95.0	108.0	107.0	93.0	96.0	95.0	89.0	112.0	83.0	82.0
342.008	86.0	110.0	100.0	95.0	106.0	101.0	92.0	108.0	116.0	103.0	97.0	106.0	112.0	96.0	97.0	95.0	97.0	116.0	90.0	93.0
342.118	86.0	103.0	100.0	86.0	105.0	100.0	93.0	110.0	113.0	94.0	103.0	106.0	106.0	91.0	96.0	92.0	88.0	120.0	88.0	87.0
342.227	89.0	99.0	98.0	92.0	106.0	94.0	91.0	102.0	112.0	103.0	97.0	95.0	106.0	92.0	99.0	88.0	85.0	111.0	87.0	90.0
342.336	84.0	106.0	86.0	88.0	105.0	92.0	93.0	108.0	108.0	103.0	99.0	96.0	104.0	93.0	93.0	94.0	88.0	115.0	82.0	86.0
342.446	91.0	108.0	99.0	88.0	111.0	106.0	94.0	114.0	110.0	108.0	104.0	106.0	111.0	97.0	102.0	92.0	93.0	127.0	86.0	89.0
342.555	93.0	109.0	101.0	94.0	105.0	107.0	99.0	115.0	120.0	104.0	107.0	107.0	113.0	100.0	97.0	97.0	86.0	129.0	92.0	94.0
342.665	93.0	105.0	90.0	93.0	98.0	110.0	96.0	104.0	117.0	101.0	106.0	102.0	119.0	96.0	102.0	98.0	90.0	122.0	89.0	89.0
342.774	87.0	107.0	96.0	91.0	105.0	102.0	101.0	109.0	111.0	102.0	96.0	100.0	116.0	93.0	99.0	91.0	90.0	118.0	84.0	86.0
342.884	93.0	107.0	94.0	99.0	105.0	99.0	100.0	112.0	121.0	114.0	104.0	113.0	106.0	105.0	108.0	106.0	85.0	119.0	91.0	94.0
342.993	92.0	104.0	104.0	92.0	97.0	102.0	92.0	110.0	108.0	106.0	101.0	109.0	109.0	99.0	104.0	100.0	91.0	122.0	90.0	91.0
343.102	93.0	108.0	96.0	92.0	106.0	99.0	93.0	104.0	116.0	111.0	113.0	101.0	114.0	97.0	103.0	102.0	90.0	119.0	91.0	93.0
343.212	87.0	108.0	95.0	98.0	103.0	100.0	104.0	101.0	123.0	114.0	102.0	110.0	110.0	98.0	102.0	101.0	92.0	120.0	88.0	94.0
343.321	89.0	105.0	101.0	97.0	109.0	105.0	102.0	111.0	118.0	117.0	103.0	102.0	107.0	92.0	103.0	99.0	94.0	125.0	83.0	92.0
343.431	100.0	112.0	113.0	116.0	121.0	119.0	110.0	120.0	124.0	130.0	121.0	124.0	123.0	118.0	110.0	110.0	102.0	137.0	98.0	108.0
343.54	99.0	111.0	106.0	110.0	108.0	119.0	107.0	111.0	136.0	113.0	107.0	117.0	120.0	110.0	111.0	108.0	99.0	131.0	100.0	100.0
343.65	95.0	111.0	101.0	100.0	108.0	118.0	105.0	113.0	119.0	112.0	114.0	111.0	111.0	106.0	110.0	106.0	105.0	135.0	98.0	101.0
343.759	101.0	111.0	108.0	118.0	110.0	140.0	113.0	113.0	153.0	139.0	144.0	135.0	113.0	143.0	139.0	127.0	117.0	160.0	110.0	127.0
343.869	128.0	115.0	132.0	143.0	111.0	180.0	137.0	123.0	201.0	170.0	196.0	182.0	131.0	177.0	196.0	171.0	142.0	213.0	153.0	175.0
343.978	121.0	111.0	130.0	139.0	107.0	160.0	126.0	110.0	189.0	152.0	171.0	155.0	114.0	169.0	181.0	158.0	134.0	189.0	142.0	158.0
344.088	125.0	133.0	133.0	134.0	131.0	158.0	138.0	124.0	195.0	165.0	165.0	164.0	127.0	168.0	172.0	158.0	138.0	180.0	141.0	155.0
344.197	111.0	113.0	120.0	117.0	113.0	136.0	112.0	117.0	165.0	134.0	140.0	134.0	120.0	141.0	146.0	140.0	117.0	164.0	115.0	127.0
344.307	108.0	109.0	111.0	113.0	108.0	135.0	109.0	109.0	156.0	134.0	141.0	137.0	111.0	129.0	136.0	138.0	115.0	153.0	111.0	125.0
344.416	110.0	106.0	106.0	109.0	106.0	121.0	110.0	106.0	149.0	132.0	132.0	125.0	116.0	127.0	128.0	127.0	107.0	151.0	104.0	112.0
344.526	100.0	100.0	106.0	103.0	107.0	114.0	106.0	114.0	141.0	123.0	122.0	119.0	111.0	114.0	121.0	121.0	97.0	139.0	103.0	104.0
344.636	98.0	108.0	100.0	106.0	107.0	122.0	108.0	110.0	146.0	124.0	126.0	126.0	110.0	126.0	129.0	126.0	106.0	157.0	112.0	113.0
344.745	108.0	112.0	110.0	110.0	114.0	127.0	114.0	119.0	150.0	123.0	143.0	122.0	119.0	135.0	139.0	127.0	115.0	160.0	120.0	124.0
344.855	110.0	118.0	119.0	122.0	115.0	134.0	116.0	122.0	148.0	130.0	144.0	138.0	123.0	130.0	132.0	135.0	113.0	160.0	126.0	129.0
344.964	107.0	105.0	106.0	119.0	105.0	123.0	112.0	109.0	152.0	134.0	146.0	133.0	116.0	137.0	153.0	127.0	110.0	161.0	119.0	126.0
345.074	124.0	113.0	126.0	138.0	106.0	162.0	118.0	108.0	205.0	161.0	195.0	165.0	110.0	173.0	188.0	172.0	124.0	211.0	151.0	167.0
345.183	115.0	115.0	120.0	130.0	104.0	162.0	114.0	112.0	184.0	154.0	176.0	157.0	115.0	165.0	171.0	158.0	126.0	188.0	143.0	152.0
345.293	112.0	111.0	113.0	119.0	107.0	143.0	112.0	113.0	161.0	133.0	157.0	139.0	120.0	140.0	145.0	142.0	116.0	167.0	125.0	144.0
345.403	125.0	129.0	122.0	130.0	129.0	150.0	129.0	130.0	169.0	144.0	159.0	146.0	126.0	154.0	161.0	150.0	127.0	174.0	137.0	144.0
345.512	118.0	109.0	121.0	139.0	109.0	162.0	126.0	113.0	198.0	149.0	191.0	158.0	118.0	179.0	172.0	166.0	134.0	193.0	149.0	165.0
345.622	122.0	101.0	128.0	151.0	102.0	173.0	131.0	113.0	208.0	166.0	192.0	178.0	114.0	189.0	183.0	177.0	144.0	217.0	159.0	174.0
345.731	115.0	111.0	113.0	123.0	102.0	151.0	120.0	110.0	189.0	141.0	164.0	142.0	111.0	150.0	157.0	147.0	114.0	187.0	131.0	144.0
345.841	104.0	110.0	114.0	119.0	105.0	133.0	112.0	107.0	152.0	133.0	148.0	127.0	111.0	142.0	143.0	138.0	107.0	158.0	125.0	130.0
345.951	122.0	124.0	128.0	128.0	127.0	146.0	131.0	131.0	167.0	145.0	155.0	152.0	128.0	157.0	153.0	147.0	124.0	178.0	130.0	145.0
346.06	109.0	103.0	107.0	108.0	106.0	131.0	113.0	109.0	147.0	126.0	142.0	130.0	114.0	132.0	129.0	125.0	109.0	161.0	108.0	124.0
346.17	95.0	112.0	102.0	104.0	104.0	117.0	101.0	111.0	129.0	115.0	120.0	115.0	119.0	118.0	112.0	109.0	106.0	143.0	105.0	112.0
346.28	95.0	107.0	105.0	103.0	104.0	108.0	108.0	111.0	122.0	107.0	113.0	106.0	110.0	106.0	113.0	107.0	96.0	133.0	99.0	102.0
346.389	92.0	113.0	101.0	98.0	113.0	107.0	102.0	109.0	119.0	112.0	110.0	109.0	113.0	103.0	107.0	100.0	97.0	130.0	93.0	104.0
346.499	93.0	110.0	97.0	103.0	113.0	108.0	100.0	121.0	123.0	110.0	115.0	112.0	120.0	109.0	109.0	105.0	103.0	129.0	96.0	102.0
346.608	93.0	103.0	94.0	94.0	94.0	105.0	94.0	109.0	116.0	104.0	105.0	102.0	109.0	97.0	98.0	101.0	94.0	129.0	92.0	94.0
346.718	95.0	106.0	103.0	102.0	103.0	100.0	103.0	104.0	122.0	105.0	112.0	105.0	113.0	102.0	101.0	101.0	91.0	118.0	92.0	91.0
346.828	91.0	103.0	94.0	94.0	104.0	98.0	96.0	104.0	117.0	104.0	103.0	103.0	109.0	103.0	103.0	98.0	93.0	120.0	87.0	93.0
346.938	89.0	102.0	98.0	89.0	105.0	108.0	95.0	114.0	118.0	106.0	105.0	106.0	111.0	102.0	100.0	97.0	90.0	125.0	85.0	94.0
347.047	101.0	110.0	109.0	114.0	112.0	134.0	103.0	109.0	142.0	120.0	127.0	121.0	117.0	126.0	128.0	115.0	103.0	150.0	108.0	122.0
347.157	117.0	107.0	116.0	128.0	111.0	155.0	127.0	113.0	178.0	150.0	165.0	145.0	111.0	150.0	151.0	142.0	116.0	174.0	129.0	140.0
347.267	111.0	108.0	111.0	126.0	110.0	144.0	115.0	109.0	171.0	143.0	157.0	139.0	112.0	152.0	150.0	136.0	118.0	174.0	120.0	142.0
347.376	109.0	104.0	120.0	121.0	108.0	147.0	119.0	109.0	170.0	136.0	149.0	146.0	115.0	144.0	145.0	138.0	112.0	165.0	126.0	139.0
347.486	127.0	118.0	139.0	139.0	122.0	156.0	126.0	126.0	182.0	141.0	166.0	140.0	125.0	155.0	159.0	144.0	135.0	168.0	140.0	158.0
347.596	106.0	105.0	113.0	118.0	105.0	135.0	116.0	110.0	153.0	128.0	141.0	132.0	116.0	130.0	131.0	132.0	110.0	152.0	116.0	130.0
347.705	106.0	113.0	104.0	110.0	115.0	115.0	107.0	111.0	145.0	124.0	125.0	127.0	112.0	128.0	131.0	117.0	106.0	139.0	110.0	116.0
347.815	102.0	110.0	109.0	109.0	112.0	133.0	110.0	108.0	153.0	132.0	134.0	126.0	114.0	125.0	137.0	119.0	106.0	151.0	105.0	114.0
347.925	100.0	106.0	110.0	105.0	111.0	122.0	110.0	109.0	146.0	119.0	135.0	119.0	118.0	118.0	121.0	120.0	101.0	141.0	111.0	117.0
348.035	96.0	112.0	103.0	105.0	105.0	117.0	109.0	109.0	147.0	116.0	124.0	121.0	107.0	112.0	119.0	109.0	94.0	136.0	108.0	111.0
348.144	96.0	110.0	104.0	105.0	106.0	115.0	105.0	109.0	134.0	115.0	114.0	115.0	115.0	115.0	114.0	112.0	94.0	139.0	100.0	109.0
348.254	93.0	101.0	106.0	103.0	109.0	121.0	107.0	108.0	127.0	118.0	125.0	118.0	110.0	122.0	123.0	111.0	99.0	142.0	95.0	103.0
348.364	95.0	105.0	104.0	101.0	108.0	115.0	101.0	106.0	134.0	118.0	121.0	111.0	112.0	115.0	121.0	107.0	103.0	140.0	93.0	108.0
348.474	106.0	107.0	120.0	126.0	101.0	146.0	115.0	110.0	160.0	135.0	155.0	138.0	113.0	143.0	153.0	136.0	111.0	164.0	127.0	137.0
348.584	110.0	110.0	120.0	130.0	116.0	147.0	128.0	111.0	171.0	150.0	156.0	148.0	115.0	159.0	159.0	151.0	118.0	174.0	128.0	149.0
348.693	107.0	112.0	112.0	115.0	111.0	139.0	115.0	111.0	165.0	138.0	150.0	137.0	114.0	144.0	147.0	140.0	110.0	171.0	122.0	132.0
348.803	110.0	106.0	108.0	116.0	115.0	136.0	109.0	112.0	154.0	133.0	139.0	143.0	121.0	136.0	137.0	134.0	112.0	160.0	116.0	135.0
348.913	108.0	107.0	111.0	121.0	108.0	140.0	107.0	111.0	159.0	129.0	145.0	129.0	118.0	135.0	134.0	121.0	106.0	154.0	118.0	126.0
349.023	98.0	107.0	105.0	113.0	108.0	133.0	111.0	112.0	154.0	124.0	136.0	120.0	113.0	134.0	135.0	123.0	107.0	149.0	104.0	120.0
349.133	101.0	107.0	100.0	104.0	108.0	116.0	110.0	105.0	131.0	119.0	134.0	113.0	116.0	116.0	125.0	118.0	103.0	136.0	106.0	113.0
349.242	98.0	103.0	99.0	104.0	104.0	114.0	100.0	112.0	126.0	114.0	111.0	119.0	108.0	106.0	115.0	113.0	100.0	134.0	97.0	110.0
349.352	128.0	133.0	128.0	124.0	129.0	142.0	130.0	139.0	154.0	139.0	148.0	142.0	137.0	140.0	143.0	141.0	135.0	163.0	132.0	137.0
349.462	102.0	116.0	111.0	106.0	115.0	119.0	111.0	113.0	142.0	129.0	122.0	123.0	117.0	119.0	126.0	119.0	103.0	148.0	102.0	110.0
349.572	100.0	107.0	103.0	106.0	112.0	108.0	101.0	107.0	142.0	119.0	121.0	120.0	103.0	115.0	122.0	112.0	97.0	141.0	99.0	107.0
349.682	96.0	109.0	105.0	102.0	110.0	118.0	101.0	106.0	146.0	120.0	126.0	124.0	114.0	117.0	124.0	120.0	98.0	137.0	100.0	110.0
349.792	108.0	110.0	115.0	119.0	109.0	154.0	123.0	116.0	178.0	148.0	169.0	149.0	116.0	153.0	164.0	148.0	116.0	198.0	124.0	138.0
349.901	194.0	114.0	179.0	221.0	112.0	313.0	184.0	113.0	363.0	274.0	358.0	274.0	118.0	327.0	354.0	322.0	204.0	379.0	271.0	286.0
350.011	183.0	106.0	170.0	196.0	111.0	281.0	174.0	112.0	334.0	245.0	316.0	257.0	116.0	302.0	324.0	285.0	182.0	347.0	245.0	259.0
350.121	146.0	107.0	153.0	173.0	110.0	232.0	152.0	117.0	269.0	201.0	260.0	221.0	118.0	245.0	273.0	236.0	170.0	283.0	198.0	215.0
350.231	141.0	110.0	130.0	161.0	109.0	212.0	136.0	115.0	235.0	176.0	227.0	199.0	110.0	208.0	234.0	217.0	143.0	248.0	183.0	195.0
350.341	131.0	110.0	129.0	143.0	110.0	188.0	136.0	106.0	229.0	178.0	217.0	192.0	114.0	201.0	219.0	198.0	134.0	235.0	166.0	178.0
350.451	166.0	112.0	167.0	191.0	115.0	266.0	181.0	111.0	322.0	242.0	294.0	263.0	124.0	292.0	317.0	281.0	181.0	332.0	236.0	260.0
350.561	154.0	112.0	166.0	199.0	121.0	288.0	174.0	124.0	328.0	246.0	310.0	258.0	134.0	312.0	325.0	285.0	197.0	336.0	231.0	264.0
350.671	129.0	114.0	128.0	156.0	116.0	197.0	137.0	122.0	229.0	185.0	228.0	196.0	124.0	211.0	238.0	209.0	147.0	251.0	183.0	193.0
350.78	125.0	110.0	130.0	142.0	111.0	191.0	138.0	108.0	220.0	177.0	205.0	177.0	120.0	196.0	210.0	182.0	134.0	223.0	164.0	162.0
350.89	108.0	106.0	118.0	125.0	105.0	159.0	126.0	113.0	186.0	152.0	170.0	155.0	117.0	157.0	176.0	164.0	114.0	194.0	135.0	138.0
351.0	108.0	104.0	107.0	117.0	104.0	142.0	120.0	116.0	163.0	137.0	147.0	145.0	118.0	146.0	162.0	142.0	112.0	171.0	118.0	130.0
351.11	110.0	109.0	113.0	116.0	105.0	142.0	116.0	109.0	157.0	133.0	149.0	133.0	119.0	139.0	145.0	136.0	109.0	169.0	121.0	124.0
351.22	113.0	119.0	116.0	119.0	125.0	138.0	116.0	118.0	153.0	133.0	138.0	131.0	119.0	133.0	142.0	131.0	111.0	155.0	119.0	121.0
351.33	104.0	107.0	103.0	112.0	104.0	127.0	101.0	102.0	147.0	124.0	132.0	129.0	108.0	130.0	135.0	128.0	101.0	156.0	104.0	112.0
351.44	113.0	111.0	124.0	122.0	107.0	152.0	128.0	112.0	175.0	139.0	172.0	150.0	113.0	151.0	169.0	157.0	122.0	189.0	134.0	144.0
351.55	113.0	114.0	117.0	126.0	105.0	160.0	118.0	112.0	173.0	146.0	164.0	145.0	111.0	159.0	154.0	153.0	117.0	180.0	129.0	141.0
351.66	100.0	112.0	108.0	110.0	104.0	128.0	108.0	116.0	145.0	123.0	134.0	126.0	113.0	125.0	139.0	121.0	92.0	152.0	112.0	116.0
351.77	109.0	121.0	127.0	124.0	120.0	147.0	125.0	124.0	161.0	139.0	150.0	144.0	127.0	145.0	147.0	138.0	113.0	171.0	122.0	126.0
351.88	101.0	103.0	105.0	105.0	100.0	123.0	107.0	111.0	141.0	118.0	130.0	122.0	115.0	122.0	128.0	128.0	104.0	152.0	106.0	111.0
351.99	104.0	108.0	109.0	105.0	103.0	123.0	102.0	106.0	138.0	120.0	128.0	124.0	107.0	119.0	122.0	117.0	99.0	138.0	108.0	109.0
352.1	91.0	111.0	101.0	101.0	108.0	106.0	98.0	107.0	120.0	105.0	116.0	118.0	101.0	110.0	112.0	102.0	96.0	126.0	92.0	94.0
352.21	113.0	132.0	120.0	127.0	130.0	131.0	130.0	123.0	150.0	132.0	125.0	130.0	128.0	137.0	133.0	130.0	112.0	151.0	118.0	121.0
352.32	108.0	127.0	119.0	118.0	126.0	125.0	121.0	129.0	148.0	134.0	133.0	127.0	135.0	129.0	126.0	125.0	113.0	156.0	108.0	110.0
352.43	90.0	108.0	101.0	90.0	103.0	104.0	95.0	114.0	117.0	105.0	106.0	97.0	114.0	99.0	103.0	97.0	90.0	120.0	89.0	93.0
352.54	91.0	114.0	94.0	101.0	110.0	97.0	94.0	111.0	114.0	108.0	102.0	101.0	114.0	102.0	103.0	91.0	91.0	121.0	90.0	86.0
352.65	98.0	123.0	106.0	107.0	113.0	114.0	111.0	118.0	132.0	117.0	115.0	119.0	121.0	112.0	114.0	107.0	101.0	147.0	98.0	99.0
352.76	95.0	113.0	106.0	99.0	109.0	120.0	105.0	114.0	133.0	113.0	118.0	117.0	117.0	110.0	115.0	116.0	98.0	134.0	93.0	98.0
352.87	102.0	107.0	112.0	104.0	99.0	132.0	111.0	116.0	140.0	125.0	134.0	135.0	113.0	128.0	130.0	129.0	104.0	157.0	108.0	114.0
352.98	123.0	110.0	132.0	134.0	112.0	181.0	124.0	110.0	199.0	158.0	197.0	167.0	119.0	181.0	195.0	176.0	126.0	216.0	152.0	167.0
353.09	135.0	138.0	142.0	149.0	129.0	176.0	145.0	127.0	207.0	171.0	189.0	179.0	132.0	193.0	198.0	182.0	142.0	213.0	159.0	173.0
353.2	102.0	109.0	107.0	113.0	108.0	144.0	117.0	111.0	163.0	134.0	149.0	146.0	116.0	151.0	150.0	150.0	114.0	173.0	123.0	138.0
353.31	108.0	108.0	112.0	114.0	101.0	141.0	112.0	107.0	154.0	135.0	148.0	142.0	109.0	136.0	144.0	137.0	105.0	172.0	119.0	127.0
353.42	107.0	102.0	110.0	115.0	104.0	132.0	110.0	110.0	147.0	118.0	138.0	124.0	109.0	132.0	138.0	127.0	105.0	158.0	114.0	110.0
353.53	92.0	104.0	100.0	100.0	108.0	112.0	106.0	110.0	128.0	116.0	117.0	115.0	110.0	112.0	124.0	112.0	92.0	142.0	96.0	96.0
353.64	91.0	105.0	94.0	99.0	102.0	102.0	96.0	110.0	123.0	107.0	103.0	105.0	116.0	112.0	106.0	101.0	97.0	130.0	94.0	97.0
353.75	88.0	107.0	94.0	96.0	98.0	101.0	106.0	106.0	115.0	111.0	94.0	99.0	108.0	91.0	99.0	99.0	90.0	124.0	91.0	95.0
353.86	89.0	110.0	101.0	93.0	102.0	96.0	93.0	105.0	108.0	103.0	98.0	102.0	107.0	94.0	95.0	99.0	92.0	115.0	83.0	91.0
353.97	87.0	115.0	92.0	88.0	110.0	99.0	94.0	112.0	103.0	100.0	92.0	97.0	114.0	95.0	92.0	94.0	88.0	119.0	89.0	90.0
354.081	90.0	110.0	102.0	93.0	104.0	100.0	103.0	111.0	124.0	110.0	104.0	100.0	109.0	96.0	106.0	100.0	99.0	126.0	88.0	92.0
354.191	95.0	115.0	98.0	95.0	109.0	106.0	103.0	116.0	119.0	109.0	102.0	105.0	115.0	105.0	101.0	99.0	104.0	122.0	94.0	95.0
354.301	88.0	106.0	95.0	89.0	108.0	100.0	94.0	110.0	112.0	109.0	98.0	98.0	117.0	98.0	97.0	95.0	90.0	122.0	86.0	94.0
354.411	91.0	104.0	94.0	94.0	108.0	100.0	99.0	109.0	113.0	102.0	100.0	95.0	111.0	96.0	93.0	94.0	90.0	118.0	82.0	89.0
354.521	92.0	109.0	106.0	92.0	109.0	100.0	101.0	113.0	115.0	109.0	104.0	109.0	106.0	99.0	106.0	92.0	93.0	121.0	90.0	91.0
354.631	98.0	108.0	100.0	99.0	104.0	106.0	105.0	116.0	119.0	110.0	108.0	108.0	117.0	101.0	101.0	100.0	97.0	128.0	96.0	100.0
354.741	99.0	110.0	99.0	98.0	110.0	103.0	102.0	108.0	116.0	103.0	102.0	106.0	111.0	91.0	101.0	100.0	93.0	121.0	90.0	89.0
354.851	88.0	111.0	91.0	93.0	107.0	99.0	92.0	105.0	110.0	101.0	97.0	104.0	106.0	93.0	101.0	93.0	90.0	117.0	81.0	83.0
354.961	89.0	102.0	97.0	95.0	104.0	99.0	92.0	104.0	115.0	102.0	99.0	109.0	112.0	101.0	103.0	94.0	88.0	127.0	90.0	99.0
355.072	94.0	119.0	104.0	97.0	114.0	100.0	102.0	113.0	118.0	115.0	100.0	112.0	126.0	108.0	103.0	97.0	100.0	123.0	97.0	102.0
355.182	98.0	110.0	103.0	98.0	109.0	105.0	96.0	113.0	116.0	104.0	100.0	104.0	112.0	99.0	100.0	91.0	92.0	123.0	89.0	100.0
355.292	98.0	106.0	103.0	113.0	111.0	106.0	104.0	113.0	118.0	112.0	111.0	112.0	118.0	105.0	108.0	106.0	98.0	128.0	99.0	96.0
355.402	91.0	111.0	97.0	103.0	105.0	102.0	102.0	105.0	115.0	99.0	102.0	104.0	109.0	96.0	102.0	93.0	96.0	125.0	84.0	89.0
355.512	96.0	118.0	105.0	103.0	106.0	105.0	106.0	113.0	118.0	108.0	107.0	106.0	116.0	102.0	104.0	94.0	95.0	123.0	91.0	99.0
355.622	99.0	110.0	102.0	98.0	110.0	104.0	103.0	115.0	112.0	109.0	105.0	107.0	119.0	100.0	105.0	97.0	98.0	124.0	92.0	93.0
355.733	88.0	107.0	99.0	93.0	100.0	105.0	95.0	107.0	116.0	104.0	104.0	105.0	108.0	92.0	98.0	100.0	84.0	122.0	89.0	86.0
355.843	92.0	117.0	93.0	94.0	112.0	97.0	95.0	109.0	116.0	102.0	104.0	103.0	125.0	98.0	99.0	99.0	91.0	132.0	87.0	96.0
355.953	90.0	108.0	102.0	102.0	107.0	108.0	101.0	114.0	120.0	108.0	105.0	116.0	112.0	113.0	109.0	102.0	99.0	139.0	94.0	100.0
356.063	94.0	109.0	100.0	104.0	104.0	118.0	104.0	104.0	123.0	108.0	112.0	104.0	116.0	100.0	105.0	101.0	96.0	132.0	96.0	105.0
356.173	92.0	109.0	104.0	104.0	105.0	110.0	103.0	114.0	119.0	109.0	107.0	110.0	115.0	107.0	106.0	101.0	95.0	130.0	90.0	100.0
356.284	83.0	105.0	98.0	97.0	105.0	108.0	100.0	111.0	115.0	111.0	100.0	109.0	121.0	110.0	104.0	95.0	95.0	128.0	90.0	90.0
356.394	94.0	106.0	101.0	114.0	97.0	119.0	99.0	111.0	126.0	112.0	106.0	107.0	114.0	104.0	109.0	102.0	102.0	125.0	98.0	97.0
356.504	101.0	111.0	103.0	110.0	100.0	119.0	101.0	110.0	122.0	116.0	109.0	110.0	109.0	109.0	117.0	111.0	101.0	121.0	104.0	103.0
356.614	94.0	110.0	99.0	112.0	104.0	111.0	104.0	110.0	118.0	102.0	107.0	113.0	108.0	102.0	103.0	101.0	97.0	122.0	90.0	98.0
356.724	93.0	109.0	94.0	99.0	108.0	102.0	95.0	109.0	121.0	107.0	103.0	109.0	111.0	108.0	105.0	99.0	97.0	128.0	85.0	98.0
356.835	109.0	111.0	110.0	112.0	110.0	119.0	107.0	115.0	136.0	121.0	117.0	120.0	110.0	127.0	122.0	111.0	109.0	137.0	109.0	114.0
356.945	99.0	113.0	104.0	102.0	108.0	117.0	100.0	114.0	129.0	108.0	110.0	112.0	110.0	112.0	109.0	108.0	99.0	133.0	104.0	111.0
357.055	93.0	108.0	104.0	100.0	111.0	108.0	97.0	114.0	127.0	110.0	109.0	105.0	116.0	109.0	110.0	101.0	91.0	125.0	98.0	96.0
357.165	89.0	109.0	107.0	97.0	109.0	106.0	101.0	115.0	126.0	107.0	101.0	109.0	108.0	105.0	110.0	104.0	87.0	127.0	90.0	98.0
357.276	93.0	107.0	103.0	103.0	102.0	110.0	97.0	115.0	117.0	106.0	103.0	107.0	103.0	102.0	110.0	101.0	96.0	121.0	84.0	94.0
357.386	94.0	113.0	90.0	93.0	101.0	100.0	91.0	109.0	106.0	101.0	95.0	101.0	115.0	96.0	104.0	95.0	90.0	120.0	82.0	91.0
357.496	99.0	106.0	100.0	107.0	101.0	115.0	98.0	106.0	119.0	104.0	116.0	112.0	106.0	107.0	113.0	97.0	95.0	126.0	97.0	101.0
357.606	98.0	106.0	99.0	107.0	110.0	115.0	103.0	108.0	120.0	108.0	100.0	106.0	114.0	105.0	116.0	99.0	92.0	124.0	97.0	96.0
357.717	88.0	110.0	93.0	94.0	107.0	103.0	100.0	106.0	104.0	99.0	98.0	99.0	113.0	97.0	102.0	99.0	95.0	123.0	87.0	94.0
357.827	91.0	111.0	97.0	97.0	104.0	109.0	98.0	109.0	108.0	105.0	103.0	103.0	111.0	103.0	94.0	91.0	93.0	121.0	92.0	92.0
357.937	98.0	110.0	101.0	101.0	102.0	108.0	101.0	110.0	112.0	102.0	98.0	98.0	112.0	98.0	100.0	94.0	90.0	123.0	95.0	92.0
358.048	94.0	106.0	99.0	114.0	107.0	114.0	103.0	111.0	122.0	114.0	104.0	109.0	114.0	103.0	110.0	105.0	94.0	123.0	97.0	98.0
358.158	94.0	113.0	98.0	103.0	105.0	110.0	105.0	111.0	123.0	110.0	106.0	109.0	109.0	108.0	102.0	104.0	96.0	131.0	97.0	104.0
358.268	99.0	112.0	96.0	101.0	102.0	104.0	103.0	113.0	115.0	103.0	103.0	109.0	110.0	100.0	100.0	95.0	96.0	128.0	89.0	100.0
358.379	99.0	108.0	100.0	100.0	98.0	106.0	99.0	110.0	113.0	92.0	106.0	102.0	108.0	95.0	100.0	97.0	92.0	126.0	87.0	95.0
358.489	89.0	111.0	93.0	100.0	100.0	97.0	97.0	104.0	112.0	99.0	92.0	98.0	109.0	99.0	106.0	99.0	90.0	120.0	87.0	91.0
358.599	88.0	116.0	101.0	96.0	110.0	101.0	105.0	111.0	120.0	109.0	106.0	110.0	114.0	108.0	103.0	105.0	95.0	130.0	85.0	97.0
358.71	97.0	108.0	100.0	90.0	102.0	111.0	102.0	105.0	119.0	103.0	107.0	101.0	111.0	102.0	100.0	95.0	93.0	126.0	93.0	92.0
358.82	90.0	109.0	97.0	100.0	96.0	110.0	90.0	108.0	114.0	102.0	107.0	103.0	102.0	100.0	104.0	93.0	88.0	122.0	86.0	95.0
358.93	92.0	105.0	97.0	98.0	101.0	113.0	102.0	104.0	116.0	109.0	107.0	103.0	114.0	106.0	107.0	106.0	87.0	130.0	96.0	100.0
359.041	103.0	110.0	107.0	113.0	107.0	128.0	107.0	108.0	150.0	125.0	128.0	123.0	108.0	129.0	128.0	122.0	104.0	150.0	102.0	124.0
359.151	95.0	113.0	103.0	101.0	97.0	112.0	107.0	112.0	133.0	114.0	120.0	117.0	117.0	122.0	118.0	108.0	97.0	143.0	96.0	117.0
359.261	105.0	108.0	110.0	106.0	104.0	125.0	109.0	108.0	138.0	118.0	131.0	120.0	110.0	118.0	127.0	122.0	107.0	141.0	105.0	119.0
359.372	94.0	107.0	99.0	104.0	107.0	119.0	102.0	108.0	135.0	115.0	114.0	109.0	105.0	114.0	116.0	116.0	102.0	134.0	102.0	108.0
359.482	100.0	106.0	95.0	99.0	105.0	108.0	103.0	112.0	120.0	107.0	112.0	105.0	116.0	106.0	111.0	105.0	101.0	133.0	91.0	105.0
359.592	97.0	112.0	100.0	98.0	99.0	107.0	102.0	117.0	120.0	112.0	117.0	113.0	110.0	104.0	102.0	103.0	99.0	125.0	93.0	104.0
359.703	95.0	105.0	98.0	98.0	104.0	105.0	91.0	115.0	115.0	109.0	107.0	99.0	108.0	98.0	99.0	97.0	92.0	122.0	88.0	93.0
359.813	94.0	101.0	96.0	99.0	102.0	99.0	102.0	105.0	118.0	104.0	102.0	103.0	111.0	106.0	100.0	95.0	85.0	123.0	93.0	93.0
359.924	88.0	105.0	99.0	94.0	111.0	100.0	97.0	111.0	111.0	100.0	106.0	98.0	108.0	97.0	99.0	95.0	98.0	124.0	92.0	96.0
360.034	93.0	110.0	90.0	91.0	97.0	98.0	95.0	109.0	105.0	98.0	101.0	98.0	109.0	97.0	97.0	91.0	86.0	122.0	85.0	94.0
360.144	94.0	104.0	95.0	103.0	102.0	105.0	98.0	113.0	113.0	103.0	102.0	96.0	102.0	94.0	101.0	91.0	89.0	122.0	82.0	93.0
360.255	98.0	108.0	98.0	97.0	110.0	103.0	97.0	108.0	114.0	104.0	96.0	103.0	117.0	97.0	101.0	102.0	90.0	121.0	87.0	94.0
360.365	92.0	113.0	96.0	107.0	108.0	107.0	99.0	109.0	123.0	112.0	101.0	108.0	112.0	106.0	109.0	102.0	93.0	129.0	89.0	98.0
360.476	103.0	110.0	112.0	102.0	98.0	123.0	109.0	108.0	137.0	117.0	126.0	123.0	113.0	122.0	116.0	117.0	111.0	137.0	107.0	118.0
360.586	104.0	110.0	104.0	102.0	102.0	120.0	102.0	110.0	137.0	117.0	122.0	108.0	107.0	117.0	109.0	108.0	105.0	128.0	97.0	109.0
360.697	90.0	102.0	98.0	106.0	106.0	108.0	102.0	111.0	130.0	110.0	110.0	103.0	110.0	103.0	108.0	102.0	92.0	126.0	97.0	103.0
360.807	89.0	110.0	91.0	103.0	106.0	109.0	104.0	110.0	118.0	103.0	102.0	107.0	109.0	105.0	102.0	106.0	97.0	124.0	90.0	101.0
360.917	94.0	113.0	93.0	96.0	108.0	100.0	98.0	115.0	118.0	104.0	97.0	106.0	115.0	108.0	102.0	101.0	97.0	127.0	92.0	104.0
361.028	91.0	104.0	93.0	96.0	110.0	101.0	95.0	109.0	111.0	93.0	106.0	98.0	107.0	102.0	95.0	101.0	91.0	121.0	91.0	98.0
361.138	93.0	106.0	95.0	94.0	99.0	104.0	97.0	110.0	114.0	101.0	102.0	104.0	110.0	92.0	95.0	98.0	93.0	124.0	91.0	96.0
361.249	91.0	109.0	93.0	102.0	110.0	95.0	95.0	101.0	114.0	101.0	89.0	95.0	112.0	103.0	97.0	94.0	94.0	120.0	91.0	94.0
361.359	100.0	117.0	105.0	106.0	110.0	119.0	104.0	116.0	122.0	109.0	102.0	107.0	116.0	102.0	104.0	107.0	104.0	136.0	100.0	104.0
361.47	97.0	109.0	98.0	91.0	103.0	103.0	92.0	104.0	112.0	103.0	99.0	98.0	104.0	100.0	101.0	96.0	95.0	121.0	91.0	92.0
361.58	92.0	103.0	99.0	101.0	105.0	97.0	97.0	109.0	112.0	101.0	103.0	101.0	112.0	93.0	101.0	91.0	89.0	111.0	87.0	90.0
361.691	90.0	110.0	96.0	90.0	104.0	94.0	94.0	106.0	117.0	99.0	97.0	101.0	112.0	91.0	102.0	96.0	86.0	120.0	85.0	92.0
361.801	98.0	111.0	100.0	99.0	101.0	108.0	97.0	105.0	117.0	109.0	109.0	112.0	108.0	105.0	111.0	101.0	96.0	131.0	92.0	104.0
361.912	112.0	110.0	102.0	107.0	102.0	130.0	107.0	106.0	147.0	124.0	136.0	129.0	109.0	122.0	131.0	127.0	107.0	157.0	122.0	128.0
362.022	100.0	108.0	101.0	110.0	106.0	124.0	107.0	103.0	139.0	120.0	132.0	115.0	104.0	130.0	130.0	122.0	98.0	150.0	111.0	120.0
362.133	109.0	121.0	108.0	109.0	121.0	124.0	118.0	125.0	148.0	127.0	129.0	118.0	123.0	128.0	133.0	126.0	114.0	157.0	114.0	124.0
362.243	102.0	109.0	99.0	95.0	111.0	108.0	99.0	106.0	130.0	116.0	117.0	111.0	112.0	111.0	114.0	113.0	98.0	136.0	96.0	102.0
362.354	96.0	113.0	95.0	95.0	106.0	101.0	97.0	110.0	112.0	103.0	104.0	108.0	114.0	97.0	97.0	94.0	93.0	124.0	100.0	93.0
362.464	88.0	114.0	94.0	94.0	112.0	98.0	96.0	118.0	112.0	100.0	102.0	103.0	113.0	102.0	102.0	95.0	94.0	121.0	88.0	89.0
362.575	88.0	109.0	96.0	105.0	108.0	104.0	101.0	119.0	119.0	103.0	100.0	106.0	114.0	108.0	103.0	100.0	91.0	122.0	94.0	93.0
362.685	96.0	110.0	97.0	101.0	108.0	106.0	102.0	110.0	120.0	111.0	102.0	105.0	111.0	105.0	101.0	97.0	101.0	126.0	94.0	101.0
362.796	98.0	103.0	99.0	98.0	103.0	105.0	96.0	114.0	127.0	105.0	111.0	111.0	106.0	103.0	110.0	107.0	100.0	123.0	100.0	103.0
362.906	127.0	108.0	118.0	125.0	111.0	134.0	122.0	113.0	185.0	136.0	142.0	130.0	107.0	144.0	135.0	137.0	129.0	157.0	123.0	142.0
363.017	166.0	109.0	146.0	150.0	107.0	178.0	150.0	102.0	271.0	179.0	186.0	164.0	109.0	200.0	182.0	182.0	173.0	198.0	158.0	192.0
363.128	136.0	114.0	123.0	122.0	108.0	142.0	132.0	109.0	209.0	150.0	152.0	138.0	113.0	164.0	148.0	145.0	142.0	161.0	134.0	140.0
363.238	126.0	110.0	121.0	123.0	104.0	135.0	119.0	114.0	194.0	143.0	139.0	132.0	112.0	148.0	134.0	139.0	132.0	159.0	130.0	147.0
363.349	113.0	105.0	106.0	107.0	107.0	128.0	107.0	113.0	170.0	117.0	127.0	120.0	112.0	122.0	127.0	126.0	117.0	143.0	108.0	126.0
363.459	102.0	112.0	110.0	120.0	103.0	139.0	115.0	110.0	168.0	129.0	143.0	126.0	110.0	145.0	137.0	131.0	111.0	151.0	120.0	123.0
363.57	129.0	117.0	125.0	141.0	106.0	165.0	140.0	116.0	210.0	155.0	183.0	165.0	119.0	186.0	179.0	166.0	138.0	185.0	152.0	178.0
363.68	181.0	119.0	156.0	169.0	111.0	220.0	177.0	114.0	309.0	206.0	222.0	187.0	119.0	234.0	209.0	207.0	191.0	223.0	188.0	220.0
363.791	189.0	134.0	171.0	177.0	124.0	216.0	179.0	140.0	295.0	205.0	229.0	196.0	132.0	238.0	215.0	210.0	189.0	233.0	196.0	230.0
363.902	135.0	116.0	134.0	134.0	114.0	170.0	132.0	113.0	225.0	160.0	169.0	154.0	116.0	181.0	170.0	155.0	140.0	188.0	143.0	176.0
364.012	127.0	114.0	121.0	125.0	113.0	138.0	129.0	108.0	202.0	154.0	150.0	137.0	116.0	169.0	148.0	143.0	133.0	170.0	133.0	160.0
364.123	120.0	115.0	115.0	113.0	100.0	136.0	116.0	111.0	182.0	137.0	139.0	127.0	109.0	140.0	137.0	132.0	121.0	151.0	119.0	148.0
364.233	100.0	106.0	102.0	111.0	107.0	120.0	99.0	109.0	140.0	116.0	116.0	108.0	105.0	123.0	110.0	109.0	111.0	132.0	105.0	116.0
364.344	95.0	111.0	102.0	106.0	106.0	118.0	104.0	110.0	132.0	108.0	108.0	116.0	111.0	112.0	114.0	103.0	97.0	128.0	100.0	107.0
364.455	95.0	114.0	94.0	96.0	104.0	106.0	101.0	106.0	129.0	105.0	105.0	110.0	108.0	107.0	105.0	102.0	92.0	129.0	92.0	96.0
364.565	94.0	101.0	104.0	102.0	107.0	106.0	111.0	115.0	135.0	106.0	112.0	110.0	116.0	105.0	101.0	105.0	102.0	125.0	94.0	105.0
364.676	116.0	112.0	113.0	105.0	108.0	122.0	115.0	113.0	164.0	121.0	127.0	116.0	117.0	123.0	124.0	126.0	120.0	141.0	111.0	125.0
364.787	174.0	112.0	150.0	161.0	107.0	194.0	165.0	110.0	288.0	197.0	195.0	165.0	115.0	215.0	186.0	196.0	191.0	198.0	172.0	210.0
364.897	172.0	108.0	155.0	156.0	105.0	189.0	153.0	109.0	283.0	178.0	196.0	172.0	116.0	226.0	184.0	198.0	176.0	204.0	174.0	204.0
365.008	144.0	114.0	136.0	132.0	103.0	158.0	137.0	116.0	230.0	161.0	168.0	151.0	112.0	168.0	152.0	163.0	153.0	174.0	152.0	171.0
365.119	138.0	110.0	124.0	127.0	100.0	149.0	125.0	114.0	210.0	146.0	160.0	133.0	108.0	161.0	144.0	150.0	142.0	171.0	132.0	151.0
365.229	137.0	115.0	133.0	132.0	116.0	151.0	128.0	117.0	207.0	152.0	165.0	144.0	122.0	163.0	158.0	153.0	144.0	172.0	143.0	157.0
365.34	116.0	109.0	125.0	116.0	113.0	140.0	121.0	115.0	181.0	137.0	154.0	147.0	121.0	155.0	145.0	141.0	128.0	174.0	132.0	145.0
365.45	130.0	112.0	130.0	138.0	107.0	157.0	127.0	106.0	211.0	151.0	188.0	156.0	110.0	181.0	168.0	168.0	137.0	189.0	146.0	169.0
365.561	130.0	107.0	127.0	130.0	106.0	160.0	125.0	109.0	204.0	148.0	165.0	148.0	109.0	162.0	161.0	160.0	130.0	185.0	143.0	157.0
365.672	120.0	106.0	122.0	130.0	107.0	156.0	118.0	116.0	190.0	141.0	178.0	151.0	117.0	176.0	163.0	155.0	127.0	191.0	139.0	160.0
365.783	102.0	106.0	111.0	116.0	104.0	134.0	107.0	106.0	163.0	134.0	141.0	132.0	119.0	143.0	150.0	138.0	119.0	167.0	115.0	129.0
365.893	93.0	108.0	100.0	108.0	105.0	121.0	108.0	109.0	149.0	120.0	126.0	120.0	108.0	125.0	123.0	125.0	99.0	148.0	109.0	111.0
366.004	102.0	105.0	100.0	103.0	104.0	119.0	102.0	107.0	134.0	104.0	110.0	110.0	111.0	110.0	116.0	113.0	93.0	141.0	100.0	103.0
366.115	90.0	105.0	101.0	97.0	101.0	106.0	96.0	108.0	124.0	102.0	107.0	106.0	104.0	100.0	100.0	103.0	90.0	134.0	91.0	89.0
366.225	93.0	111.0	99.0	96.0	109.0	97.0	101.0	116.0	124.0	104.0	107.0	104.0	106.0	102.0	103.0	94.0	97.0	126.0	89.0	90.0
366.336	113.0	116.0	109.0	108.0	98.0	119.0	109.0	106.0	140.0	116.0	119.0	113.0	113.0	118.0	116.0	110.0	109.0	143.0	99.0	113.0
366.447	102.0	107.0	108.0	99.0	103.0	107.0	105.0	115.0	126.0	115.0	113.0	106.0	109.0	107.0	108.0	102.0	102.0	132.0	97.0	108.0
366.557	116.0	113.0	121.0	118.0	112.0	136.0	120.0	119.0	164.0	121.0	142.0	126.0	111.0	133.0	133.0	124.0	120.0	152.0	113.0	135.0
366.668	107.0	108.0	105.0	106.0	112.0	119.0	114.0	111.0	152.0	119.0	121.0	113.0	118.0	122.0	120.0	118.0	115.0	147.0	100.0	126.0
366.779	103.0	114.0	112.0	104.0	101.0	113.0	110.0	110.0	138.0	114.0	114.0	115.0	111.0	114.0	113.0	111.0	104.0	138.0	98.0	108.0
366.89	105.0	111.0	105.0	101.0	105.0	109.0	104.0	115.0	126.0	110.0	108.0	116.0	114.0	108.0	105.0	101.0	103.0	134.0	101.0	106.0
367.0	93.0	107.0	105.0	94.0	110.0	108.0	95.0	109.0	119.0	103.0	100.0	103.0	113.0	105.0	111.0	107.0	99.0	130.0	91.0	89.0
367.111	84.0	115.0	88.0	96.0	102.0	104.0	94.0	104.0	118.0	98.0	98.0	101.0	111.0	100.0	101.0	94.0	84.0	125.0	82.0	85.0
367.222	94.0	109.0	105.0	91.0	98.0	108.0	100.0	109.0	124.0	100.0	106.0	103.0	106.0	103.0	102.0	102.0	95.0	125.0	90.0	96.0
367.333	107.0	116.0	105.0	112.0	107.0	117.0	107.0	120.0	136.0	118.0	122.0	114.0	122.0	114.0	114.0	112.0	109.0	136.0	100.0	107.0
367.443	98.0	108.0	95.0	96.0	109.0	110.0	101.0	108.0	121.0	110.0	110.0	114.0	110.0	104.0	113.0	109.0	94.0	143.0	100.0	107.0
367.554	97.0	107.0	98.0	102.0	109.0	117.0	101.0	105.0	142.0	112.0	125.0	110.0	110.0	117.0	119.0	113.0	95.0	147.0	95.0	109.0
367.665	95.0	108.0	111.0	106.0	103.0	117.0	107.0	108.0	151.0	115.0	121.0	126.0	111.0	123.0	131.0	121.0	100.0	153.0	100.0	107.0
367.776	112.0	113.0	117.0	127.0	108.0	168.0	116.0	114.0	218.0	147.0	184.0	168.0	116.0	183.0	193.0	170.0	127.0	212.0	143.0	156.0
367.887	267.0	121.0	241.0	295.0	120.0	430.0	272.0	121.0	537.0	381.0	433.0	384.0	124.0	487.0	451.0	400.0	283.0	504.0	356.0	369.0
367.997	301.0	125.0	268.0	318.0	115.0	482.0	291.0	121.0	617.0	414.0	477.0	426.0	127.0	529.0	491.0	468.0	321.0	543.0	397.0	434.0
368.108	239.0	120.0	215.0	261.0	117.0	366.0	230.0	124.0	471.0	314.0	376.0	329.0	122.0	400.0	390.0	358.0	250.0	415.0	315.0	353.0
368.219	192.0	116.0	187.0	200.0	106.0	291.0	193.0	114.0	366.0	250.0	291.0	271.0	116.0	323.0	311.0	280.0	199.0	335.0	237.0	260.0
368.33	135.0	113.0	131.0	151.0	109.0	185.0	138.0	113.0	233.0	172.0	196.0	181.0	120.0	203.0	207.0	185.0	147.0	220.0	168.0	171.0
368.441	112.0	109.0	122.0	126.0	111.0	146.0	121.0	114.0	189.0	147.0	158.0	144.0	119.0	158.0	156.0	148.0	128.0	178.0	130.0	141.0
368.551	114.0	110.0	115.0	116.0	103.0	128.0	113.0	101.0	163.0	121.0	133.0	126.0	114.0	140.0	133.0	123.0	112.0	149.0	113.0	121.0
368.662	102.0	107.0	106.0	97.0	106.0	117.0	110.0	114.0	146.0	116.0	119.0	120.0	116.0	119.0	115.0	114.0	104.0	141.0	106.0	113.0
368.773	95.0	110.0	106.0	99.0	101.0	113.0	100.0	108.0	131.0	116.0	114.0	110.0	107.0	114.0	107.0	111.0	99.0	136.0	99.0	104.0
368.884	110.0	111.0	114.0	104.0	107.0	117.0	118.0	110.0	144.0	125.0	127.0	120.0	116.0	126.0	124.0	115.0	109.0	132.0	107.0	116.0
368.995	102.0	109.0	107.0	98.0	109.0	115.0	104.0	110.0	136.0	117.0	113.0	118.0	113.0	120.0	106.0	117.0	97.0	136.0	100.0	112.0
369.105	106.0	103.0	106.0	100.0	101.0	115.0	107.0	113.0	143.0	112.0	117.0	117.0	107.0	115.0	111.0	113.0	101.0	138.0	96.0	107.0
369.216	98.0	104.0	98.0	103.0	101.0	111.0	106.0	110.0	124.0	109.0	107.0	106.0	108.0	112.0	110.0	106.0	98.0	133.0	96.0	105.0
369.327	118.0	122.0	112.0	118.0	115.0	120.0	115.0	123.0	139.0	123.0	127.0	126.0	129.0	117.0	125.0	115.0	112.0	147.0	102.0	116.0
369.438	101.0	109.0	101.0	95.0	105.0	105.0	107.0	110.0	123.0	108.0	110.0	111.0	112.0	107.0	106.0	104.0	102.0	137.0	95.0	102.0
369.549	101.0	119.0	105.0	101.0	112.0	103.0	107.0	115.0	133.0	114.0	118.0	119.0	120.0	109.0	107.0	106.0	109.0	134.0	98.0	108.0
369.66	105.0	107.0	105.0	105.0	108.0	112.0	100.0	116.0	130.0	112.0	119.0	112.0	107.0	112.0	112.0	106.0	100.0	136.0	103.0	111.0
369.771	100.0	107.0	113.0	115.0	101.0	116.0	103.0	109.0	144.0	121.0	115.0	109.0	111.0	115.0	111.0	108.0	105.0	138.0	101.0	113.0
369.881	103.0	108.0	111.0	111.0	108.0	117.0	109.0	105.0	149.0	122.0	126.0	119.0	112.0	121.0	121.0	122.0	113.0	146.0	109.0	124.0
369.992	112.0	108.0	116.0	123.0	100.0	130.0	117.0	104.0	174.0	130.0	147.0	140.0	102.0	139.0	137.0	139.0	120.0	167.0	126.0	135.0
370.103	117.0	120.0	114.0	125.0	107.0	144.0	116.0	112.0	158.0	132.0	159.0	148.0	118.0	141.0	154.0	147.0	117.0	172.0	125.0	141.0
370.214	105.0	110.0	107.0	114.0	106.0	126.0	109.0	111.0	144.0	121.0	130.0	129.0	117.0	132.0	133.0	120.0	108.0	153.0	111.0	128.0
370.325	111.0	109.0	111.0	119.0	101.0	129.0	110.0	104.0	158.0	120.0	141.0	122.0	114.0	132.0	135.0	124.0	110.0	155.0	104.0	137.0
370.436	115.0	114.0	127.0	122.0	108.0	137.0	116.0	112.0	173.0	135.0	142.0	130.0	112.0	144.0	132.0	127.0	130.0	158.0	112.0	134.0
370.547	110.0	107.0	111.0	109.0	103.0	114.0	111.0	107.0	144.0	118.0	130.0	121.0	111.0	116.0	117.0	106.0	106.0	142.0	102.0	112.0
370.658	97.0	106.0	107.0	100.0	100.0	118.0	104.0	111.0	144.0	113.0	120.0	110.0	109.0	107.0	107.0	105.0	96.0	130.0	98.0	110.0
370.769	87.0	107.0	102.0	97.0	101.0	104.0	100.0	110.0	123.0	104.0	112.0	110.0	114.0	99.0	103.0	108.0	97.0	125.0	92.0	102.0
370.88	94.0	112.0	99.0	98.0	104.0	107.0	103.0	111.0	126.0	114.0	102.0	112.0	114.0	107.0	105.0	102.0	102.0	136.0	91.0	98.0
370.99	96.0	111.0	100.0	99.0	100.0	98.0	102.0	114.0	120.0	104.0	94.0	107.0	110.0	100.0	99.0	99.0	93.0	125.0	87.0	91.0
371.101	103.0	111.0	104.0	102.0	105.0	114.0	110.0	114.0	136.0	113.0	116.0	115.0	115.0	122.0	115.0	117.0	111.0	132.0	98.0	109.0
371.212	109.0	111.0	112.0	111.0	107.0	118.0	112.0	106.0	154.0	127.0	123.0	121.0	113.0	118.0	121.0	111.0	121.0	146.0	103.0	114.0
371.323	106.0	113.0	108.0	106.0	108.0	117.0	110.0	108.0	146.0	120.0	122.0	122.0	112.0	123.0	114.0	115.0	110.0	145.0	107.0	119.0
371.434	112.0	105.0	113.0	117.0	104.0	133.0	108.0	105.0	150.0	118.0	125.0	119.0	109.0	121.0	124.0	114.0	116.0	137.0	106.0	115.0
371.545	111.0	104.0	116.0	125.0	107.0	140.0	110.0	108.0	162.0	129.0	142.0	128.0	113.0	141.0	135.0	121.0	107.0	163.0	113.0	129.0
371.656	125.0	113.0	133.0	140.0	112.0	160.0	127.0	108.0	196.0	144.0	162.0	148.0	112.0	161.0	152.0	145.0	133.0	177.0	136.0	153.0
371.767	124.0	114.0	123.0	128.0	103.0	140.0	132.0	110.0	178.0	138.0	145.0	137.0	115.0	151.0	140.0	137.0	129.0	165.0	121.0	149.0
371.878	158.0	108.0	153.0	160.0	98.0	177.0	146.0	110.0	245.0	170.0	203.0	172.0	109.0	198.0	184.0	183.0	173.0	204.0	171.0	205.0
371.989	138.0	110.0	130.0	137.0	103.0	155.0	135.0	114.0	221.0	157.0	178.0	148.0	119.0	174.0	164.0	158.0	149.0	181.0	141.0	183.0
372.1	119.0	111.0	122.0	128.0	102.0	135.0	122.0	114.0	183.0	141.0	153.0	135.0	116.0	157.0	144.0	138.0	132.0	164.0	122.0	150.0
372.211	101.0	114.0	104.0	112.0	109.0	117.0	108.0	104.0	145.0	121.0	118.0	117.0	116.0	115.0	115.0	112.0	103.0	140.0	104.0	116.0
372.322	142.0	118.0	140.0	138.0	120.0	156.0	137.0	116.0	197.0	159.0	154.0	152.0	129.0	156.0	143.0	144.0	144.0	168.0	133.0	143.0
372.433	169.0	112.0	153.0	156.0	110.0	182.0	156.0	112.0	269.0	178.0	189.0	179.0	107.0	204.0	169.0	177.0	175.0	192.0	165.0	188.0
372.544	128.0	117.0	133.0	131.0	110.0	145.0	133.0	113.0	206.0	146.0	150.0	147.0	124.0	164.0	148.0	141.0	132.0	167.0	139.0	149.0
372.655	116.0	113.0	114.0	118.0	105.0	129.0	120.0	105.0	164.0	126.0	126.0	131.0	118.0	137.0	123.0	121.0	112.0	149.0	109.0	114.0
372.766	104.0	106.0	112.0	108.0	102.0	113.0	111.0	112.0	146.0	120.0	114.0	116.0	110.0	113.0	118.0	114.0	105.0	138.0	99.0	118.0
372.877	107.0	107.0	109.0	127.0	112.0	133.0	110.0	113.0	139.0	122.0	123.0	124.0	107.0	114.0	128.0	112.0	110.0	142.0	105.0	122.0
372.988	102.0	113.0	111.0	125.0	111.0	135.0	111.0	111.0	150.0	126.0	120.0	122.0	113.0	124.0	129.0	113.0	110.0	148.0	104.0	113.0
373.099	98.0	109.0	110.0	126.0	113.0	129.0	110.0	111.0	136.0	123.0	121.0	125.0	116.0	119.0	117.0	114.0	108.0	144.0	103.0	115.0
373.21	102.0	113.0	106.0	115.0	110.0	124.0	113.0	110.0	142.0	120.0	119.0	118.0	108.0	116.0	116.0	120.0	112.0	138.0	102.0	114.0
373.321	107.0	106.0	110.0	115.0	108.0	125.0	113.0	114.0	155.0	117.0	126.0	114.0	109.0	118.0	126.0	118.0	111.0	147.0	104.0	114.0
373.432	124.0	112.0	126.0	127.0	111.0	142.0	130.0	114.0	194.0	148.0	157.0	151.0	122.0	162.0	154.0	149.0	138.0	183.0	130.0	149.0
373.543	235.0	126.0	215.0	243.0	134.0	311.0	231.0	132.0	418.0	283.0	319.0	283.0	141.0	358.0	309.0	305.0	253.0	329.0	272.0	324.0
373.654	210.0	116.0	190.0	216.0	111.0	293.0	191.0	115.0	383.0	250.0	315.0	258.0	117.0	331.0	299.0	285.0	216.0	322.0	248.0	291.0
373.765	148.0	110.0	152.0	162.0	110.0	216.0	149.0	111.0	270.0	195.0	220.0	205.0	117.0	225.0	225.0	209.0	166.0	233.0	180.0	208.0
373.876	117.0	109.0	124.0	132.0	109.0	158.0	118.0	115.0	192.0	141.0	160.0	154.0	121.0	161.0	156.0	150.0	127.0	177.0	127.0	144.0
373.987	105.0	111.0	114.0	124.0	101.0	140.0	112.0	107.0	171.0	132.0	137.0	135.0	114.0	139.0	130.0	124.0	118.0	156.0	110.0	123.0
374.098	112.0	116.0	114.0	117.0	112.0	133.0	116.0	117.0	159.0	135.0	133.0	125.0	117.0	132.0	124.0	124.0	116.0	150.0	115.0	126.0
374.209	119.0	105.0	118.0	132.0	109.0	147.0	118.0	112.0	167.0	129.0	146.0	136.0	114.0	142.0	138.0	127.0	118.0	160.0	117.0	138.0
374.32	118.0	111.0	124.0	145.0	103.0	156.0	120.0	114.0	178.0	137.0	143.0	140.0	115.0	141.0	148.0	134.0	116.0	167.0	124.0	146.0
374.431	113.0	111.0	124.0	133.0	104.0	155.0	119.0	100.0	172.0	131.0	141.0	144.0	113.0	142.0	145.0	138.0	118.0	168.0	119.0	136.0
374.543	114.0	113.0	121.0	121.0	108.0	137.0	120.0	104.0	170.0	129.0	129.0	130.0	109.0	137.0	139.0	132.0	117.0	156.0	114.0	125.0
374.654	168.0	112.0	153.0	161.0	109.0	196.0	166.0	107.0	287.0	192.0	202.0	189.0	114.0	219.0	198.0	196.0	179.0	203.0	172.0	204.0
374.765	197.0	124.0	185.0	191.0	117.0	233.0	193.0	120.0	339.0	236.0	246.0	214.0	122.0	261.0	228.0	228.0	212.0	237.0	198.0	253.0
374.876	162.0	116.0	161.0	160.0	114.0	192.0	163.0	112.0	295.0	190.0	204.0	193.0	119.0	222.0	204.0	198.0	179.0	215.0	172.0	208.0
374.987	135.0	110.0	140.0	128.0	105.0	157.0	137.0	108.0	239.0	156.0	177.0	157.0	117.0	180.0	172.0	170.0	142.0	181.0	141.0	155.0
375.098	129.0	108.0	132.0	136.0	110.0	177.0	127.0	111.0	228.0	160.0	198.0	169.0	114.0	197.0	195.0	175.0	134.0	210.0	157.0	162.0
375.209	162.0	118.0	173.0	207.0	125.0	299.0	171.0	121.0	355.0	238.0	308.0	273.0	134.0	307.0	325.0	278.0	190.0	330.0	241.0	266.0
375.32	421.0	132.0	364.0	448.0	132.0	651.0	374.0	132.0	816.0	544.0	642.0	576.0	142.0	720.0	677.0	600.0	424.0	722.0	542.0	608.0
375.431	385.0	121.0	331.0	417.0	116.0	637.0	345.0	124.0	786.0	511.0	625.0	545.0	137.0	700.0	661.0	592.0	399.0	692.0	521.0	581.0
375.542	486.0	119.0	408.0	516.0	110.0	765.0	431.0	113.0	953.0	621.0	757.0	641.0	122.0	858.0	782.0	712.0	478.0	845.0	630.0	683.0
375.654	314.0	124.0	278.0	350.0	116.0	505.0	286.0	123.0	629.0	420.0	513.0	445.0	123.0	580.0	532.0	491.0	316.0	576.0	421.0	463.0
375.765	201.0	109.0	183.0	228.0	114.0	311.0	186.0	111.0	391.0	260.0	319.0	283.0	116.0	341.0	326.0	302.0	201.0	348.0	258.0	280.0
375.876	167.0	145.0	160.0	175.0	140.0	212.0	166.0	141.0	251.0	200.0	214.0	213.0	144.0	223.0	226.0	208.0	169.0	241.0	178.0	201.0
375.987	118.0	102.0	118.0	116.0	107.0	141.0	122.0	112.0	175.0	142.0	146.0	140.0	112.0	148.0	152.0	143.0	112.0	177.0	117.0	133.0
376.098	112.0	102.0	117.0	118.0	109.0	139.0	112.0	112.0	153.0	130.0	134.0	124.0	117.0	139.0	143.0	123.0	106.0	160.0	112.0	116.0
376.209	102.0	110.0	110.0	111.0	106.0	128.0	109.0	113.0	141.0	121.0	111.0	118.0	122.0	121.0	127.0	113.0	95.0	150.0	102.0	110.0
376.32	100.0	120.0	107.0	102.0	111.0	117.0	113.0	113.0	133.0	121.0	122.0	113.0	119.0	119.0	125.0	113.0	100.0	141.0	103.0	110.0
376.432	98.0	107.0	106.0	104.0	103.0	113.0	110.0	111.0	140.0	114.0	113.0	116.0	108.0	118.0	115.0	110.0	102.0	134.0	101.0	102.0
376.543	121.0	108.0	114.0	128.0	111.0	134.0	122.0	111.0	172.0	129.0	140.0	142.0	115.0	144.0	137.0	131.0	121.0	157.0	119.0	139.0
376.654	119.0	107.0	118.0	127.0	107.0	137.0	126.0	117.0	179.0	130.0	138.0	125.0	116.0	138.0	132.0	129.0	125.0	160.0	115.0	140.0
376.765	105.0	106.0	108.0	102.0	111.0	112.0	107.0	116.0	141.0	124.0	113.0	117.0	115.0	122.0	116.0	111.0	106.0	138.0	103.0	117.0
376.876	94.0	107.0	101.0	96.0	109.0	100.0	107.0	106.0	126.0	111.0	106.0	107.0	112.0	107.0	107.0	100.0	104.0	128.0	97.0	102.0
376.987	105.0	100.0	101.0	106.0	108.0	113.0	105.0	107.0	128.0	108.0	119.0	108.0	109.0	117.0	116.0	109.0	96.0	144.0	97.0	98.0
377.099	83.0	103.0	98.0	102.0	103.0	106.0	103.0	106.0	116.0	105.0	108.0	112.0	117.0	102.0	117.0	100.0	96.0	135.0	96.0	91.0
377.21	101.0	107.0	105.0	104.0	110.0	108.0	106.0	110.0	119.0	112.0	112.0	105.0	113.0	106.0	108.0	98.0	102.0	134.0	91.0	98.0
377.321	95.0	110.0	101.0	103.0	99.0	96.0	102.0	106.0	118.0	108.0	98.0	102.0	107.0	104.0	103.0	97.0	90.0	125.0	89.0	95.0
377.432	103.0	120.0	106.0	105.0	112.0	112.0	109.0	120.0	115.0	116.0	114.0	112.0	120.0	106.0	106.0	107.0	99.0	138.0	93.0	105.0
377.543	96.0	102.0	94.0	96.0	108.0	104.0	99.0	110.0	110.0	105.0	95.0	105.0	115.0	94.0	105.0	95.0	90.0	123.0	86.0	93.0
377.655	93.0	114.0	91.0	95.0	107.0	100.0	99.0	104.0	117.0	107.0	100.0	110.0	112.0	98.0	94.0	93.0	91.0	118.0	91.0	92.0
377.766	98.0	106.0	100.0	92.0	109.0	102.0	97.0	106.0	122.0	107.0	103.0	97.0	110.0	99.0	96.0	95.0	92.0	126.0	86.0	97.0
377.877	89.0	103.0	100.0	90.0	98.0	103.0	103.0	114.0	122.0	108.0	107.0	94.0	110.0	99.0	99.0	98.0	86.0	126.0	82.0	91.0
377.988	126.0	113.0	136.0	131.0	115.0	141.0	130.0	117.0	196.0	149.0	155.0	147.0	116.0	160.0	152.0	136.0	147.0	166.0	129.0	158.0
378.099	119.0	116.0	124.0	127.0	111.0	130.0	122.0	108.0	181.0	138.0	144.0	130.0	108.0	144.0	133.0	129.0	131.0	164.0	118.0	146.0
378.211	105.0	106.0	115.0	103.0	92.0	121.0	104.0	108.0	146.0	119.0	128.0	115.0	111.0	127.0	116.0	113.0	114.0	142.0	112.0	121.0
378.322	111.0	108.0	106.0	108.0	103.0	119.0	111.0	105.0	142.0	118.0	128.0	118.0	110.0	117.0	117.0	115.0	115.0	144.0	109.0	123.0
378.433	112.0	128.0	127.0	128.0	123.0	123.0	125.0	124.0	142.0	128.0	124.0	122.0	130.0	128.0	127.0	120.0	125.0	144.0	109.0	123.0
378.544	97.0	116.0	102.0	101.0	104.0	98.0	103.0	114.0	121.0	113.0	99.0	112.0	115.0	103.0	106.0	93.0	98.0	130.0	90.0	97.0
378.656	94.0	108.0	103.0	98.0	106.0	101.0	101.0	104.0	119.0	110.0	106.0	102.0	110.0	104.0	98.0	90.0	98.0	131.0	92.0	95.0
378.767	96.0	108.0	102.0	98.0	98.0	102.0	103.0	111.0	124.0	105.0	102.0	97.0	104.0	103.0	100.0	89.0	94.0	129.0	88.0	91.0
378.878	95.0	112.0	102.0	106.0	109.0	109.0	108.0	112.0	129.0	108.0	107.0	108.0	113.0	110.0	107.0	101.0	99.0	132.0	91.0	107.0
378.989	98.0	109.0	106.0	104.0	108.0	101.0	110.0	110.0	126.0	115.0	105.0	109.0	113.0	107.0	107.0	102.0	105.0	132.0	96.0	109.0
379.101	97.0	99.0	115.0	103.0	100.0	109.0	101.0	105.0	128.0	109.0	105.0	115.0	103.0	108.0	107.0	102.0	99.0	133.0	98.0	100.0
379.212	97.0	111.0	105.0	95.0	104.0	104.0	96.0	107.0	119.0	111.0	106.0	109.0	112.0	107.0	107.0	95.0	99.0	132.0	88.0	103.0
379.323	104.0	108.0	105.0	103.0	109.0	111.0	104.0	107.0	132.0	111.0	113.0	109.0	110.0	109.0	109.0	107.0	97.0	128.0	91.0	105.0
379.434	99.0	113.0	106.0	107.0	109.0	108.0	105.0	109.0	129.0	120.0	109.0	118.0	113.0	108.0	113.0	104.0	99.0	131.0	91.0	100.0
379.546	101.0	109.0	100.0	104.0	102.0	103.0	103.0	112.0	132.0	113.0	111.0	111.0	109.0	109.0	102.0	100.0	100.0	133.0	98.0	102.0
379.657	93.0	105.0	95.0	92.0	103.0	99.0	99.0	104.0	119.0	109.0	103.0	106.0	112.0	104.0	98.0	96.0	94.0	127.0	91.0	88.0
379.768	86.0	105.0	90.0	96.0	106.0	107.0	106.0	112.0	117.0	102.0	100.0	103.0	107.0	99.0	102.0	88.0	88.0	122.0	86.0	84.0
379.88	90.0	107.0	98.0	98.0	111.0	96.0	104.0	117.0	110.0	101.0	102.0	105.0	110.0	100.0	96.0	94.0	99.0	125.0	85.0	98.0
379.991	102.0	108.0	105.0	103.0	105.0	100.0	109.0	117.0	127.0	116.0	108.0	111.0	100.0	109.0	104.0	103.0	100.0	141.0	95.0	104.0
380.102	98.0	106.0	102.0	96.0	100.0	103.0	107.0	105.0	127.0	102.0	105.0	103.0	105.0	100.0	103.0	97.0	93.0	135.0	88.0	97.0
380.213	91.0	111.0	104.0	98.0	108.0	100.0	107.0	103.0	122.0	97.0	105.0	108.0	108.0	99.0	102.0	98.0	96.0	130.0	92.0	95.0
380.325	96.0	110.0	99.0	97.0	104.0	96.0	106.0	109.0	118.0	106.0	99.0	102.0	114.0	92.0	105.0	100.0	96.0	124.0	88.0	94.0
380.436	97.0	115.0	103.0	99.0	104.0	98.0	99.0	108.0	120.0	108.0	102.0	110.0	113.0	110.0	104.0	101.0	98.0	126.0	88.0	96.0
380.547	96.0	102.0	108.0	97.0	108.0	108.0	105.0	104.0	118.0	109.0	109.0	104.0	106.0	109.0	104.0	97.0	99.0	135.0	91.0	102.0
380.659	96.0	104.0	106.0	106.0	105.0	106.0	108.0	112.0	127.0	108.0	112.0	112.0	110.0	108.0	114.0	104.0	93.0	129.0	91.0	104.0
380.77	95.0	104.0	104.0	108.0	104.0	121.0	111.0	104.0	139.0	117.0	111.0	115.0	109.0	121.0	120.0	120.0	101.0	143.0	105.0	117.0
380.881	102.0	108.0	106.0	119.0	100.0	124.0	114.0	105.0	144.0	121.0	123.0	117.0	109.0	132.0	118.0	116.0	110.0	151.0	107.0	123.0
380.993	100.0	104.0	105.0	109.0	99.0	122.0	107.0	112.0	136.0	109.0	115.0	116.0	109.0	110.0	114.0	112.0	103.0	136.0	98.0	109.0
381.104	109.0	112.0	111.0	113.0	102.0	117.0	111.0	114.0	141.0	114.0	123.0	122.0	112.0	113.0	113.0	122.0	106.0	147.0	103.0	112.0
381.215	97.0	107.0	103.0	107.0	106.0	110.0	112.0	115.0	137.0	112.0	122.0	115.0	114.0	116.0	114.0	110.0	109.0	143.0	99.0	117.0
381.327	101.0	104.0	109.0	106.0	104.0	112.0	106.0	109.0	138.0	118.0	113.0	119.0	108.0	113.0	107.0	106.0	103.0	140.0	97.0	110.0
381.438	106.0	105.0	112.0	121.0	102.0	133.0	116.0	111.0	135.0	112.0	112.0	116.0	112.0	116.0	113.0	102.0	111.0	139.0	101.0	106.0
381.549	107.0	104.0	112.0	119.0	110.0	127.0	114.0	107.0	137.0	119.0	117.0	113.0	106.0	112.0	120.0	110.0	108.0	138.0	108.0	117.0
381.661	103.0	113.0	114.0	118.0	107.0	117.0	112.0	107.0	141.0	120.0	126.0	117.0	110.0	127.0	111.0	116.0	109.0	148.0	106.0	122.0
381.772	105.0	110.0	105.0	109.0	103.0	115.0	101.0	112.0	138.0	112.0	114.0	115.0	105.0	116.0	116.0	105.0	102.0	138.0	104.0	104.0
381.883	106.0	109.0	110.0	119.0	102.0	121.0	111.0	110.0	136.0	118.0	110.0	125.0	113.0	118.0	111.0	111.0	109.0	142.0	104.0	105.0
381.995	107.0	106.0	106.0	127.0	105.0	132.0	108.0	113.0	134.0	122.0	115.0	114.0	108.0	113.0	122.0	114.0	110.0	143.0	99.0	111.0
382.106	102.0	109.0	113.0	115.0	107.0	129.0	114.0	110.0	139.0	116.0	126.0	122.0	114.0	118.0	124.0	110.0	111.0	138.0	99.0	121.0
382.218	112.0	116.0	125.0	136.0	106.0	133.0	121.0	111.0	166.0	133.0	147.0	133.0	112.0	141.0	135.0	127.0	127.0	162.0	115.0	149.0
382.329	111.0	99.0	114.0	114.0	110.0	123.0	114.0	102.0	158.0	123.0	137.0	116.0	116.0	123.0	114.0	116.0	113.0	148.0	111.0	128.0
382.44	108.0	101.0	108.0	112.0	100.0	117.0	106.0	110.0	140.0	120.0	129.0	117.0	108.0	112.0	116.0	117.0	101.0	139.0	98.0	108.0
382.552	100.0	108.0	101.0	104.0	107.0	108.0	111.0	115.0	126.0	115.0	114.0	116.0	116.0	108.0	117.0	103.0	101.0	136.0	96.0	107.0
382.663	105.0	111.0	117.0	112.0	106.0	112.0	113.0	106.0	143.0	116.0	124.0	121.0	111.0	121.0	117.0	111.0	114.0	145.0	104.0	117.0
382.775	116.0	109.0	120.0	125.0	111.0	132.0	126.0	112.0	166.0	130.0	142.0	127.0	112.0	133.0	134.0	131.0	128.0	152.0	113.0	148.0
382.886	104.0	112.0	108.0	118.0	101.0	126.0	119.0	116.0	152.0	125.0	128.0	125.0	108.0	130.0	124.0	121.0	111.0	141.0	111.0	127.0
382.997	110.0	106.0	112.0	118.0	101.0	128.0	117.0	102.0	166.0	117.0	146.0	124.0	107.0	136.0	125.0	124.0	113.0	149.0	110.0	135.0
383.109	100.0	112.0	112.0	111.0	109.0	115.0	106.0	111.0	149.0	125.0	129.0	114.0	112.0	123.0	120.0	112.0	114.0	145.0	109.0	126.0
383.22	100.0	115.0	108.0	107.0	112.0	105.0	110.0	125.0	133.0	127.0	111.0	111.0	116.0	113.0	110.0	107.0	108.0	138.0	103.0	102.0
383.332	106.0	106.0	109.0	97.0	109.0	108.0	112.0	113.0	133.0	113.0	115.0	110.0	115.0	115.0	110.0	103.0	97.0	138.0	93.0	100.0
383.443	110.0	120.0	114.0	124.0	120.0	124.0	125.0	121.0	136.0	124.0	123.0	125.0	127.0	124.0	123.0	121.0	116.0	148.0	111.0	118.0
383.554	101.0	104.0	113.0	116.0	107.0	120.0	116.0	105.0	141.0	118.0	111.0	118.0	110.0	124.0	116.0	113.0	117.0	144.0	102.0	113.0
383.666	97.0	106.0	105.0	106.0	105.0	105.0	108.0	116.0	132.0	112.0	112.0	112.0	112.0	111.0	117.0	100.0	111.0	139.0	95.0	101.0
383.777	98.0	108.0	106.0	105.0	104.0	106.0	119.0	113.0	128.0	115.0	109.0	112.0	113.0	106.0	107.0	103.0	106.0	138.0	87.0	106.0
383.889	101.0	111.0	111.0	112.0	109.0	112.0	115.0	106.0	134.0	111.0	116.0	113.0	108.0	112.0	112.0	109.0	109.0	144.0	97.0	111.0
384.0	103.0	110.0	110.0	117.0	110.0	114.0	116.0	114.0	138.0	123.0	119.0	119.0	116.0	117.0	118.0	111.0	108.0	147.0	94.0	116.0
384.112	103.0	109.0	109.0	112.0	113.0	113.0	114.0	114.0	148.0	123.0	119.0	115.0	112.0	120.0	112.0	115.0	117.0	149.0	102.0	115.0
384.223	98.0	106.0	109.0	109.0	112.0	114.0	113.0	110.0	143.0	118.0	117.0	115.0	110.0	112.0	111.0	110.0	106.0	138.0	103.0	104.0
384.335	106.0	111.0	110.0	108.0	108.0	117.0	114.0	111.0	143.0	127.0	115.0	122.0	116.0	114.0	118.0	108.0	101.0	138.0	101.0	105.0
384.446	107.0	112.0	111.0	114.0	104.0	118.0	119.0	105.0	142.0	118.0	121.0	115.0	113.0	123.0	117.0	115.0	107.0	140.0	106.0	115.0
384.558	109.0	113.0	114.0	109.0	110.0	118.0	113.0	120.0	139.0	119.0	114.0	118.0	114.0	120.0	118.0	115.0	114.0	144.0	103.0	113.0
384.669	118.0	106.0	115.0	123.0	107.0	115.0	121.0	110.0	164.0	125.0	136.0	120.0	115.0	132.0	124.0	122.0	120.0	152.0	109.0	133.0
384.78	118.0	107.0	126.0	131.0	108.0	133.0	129.0	111.0	179.0	134.0	159.0	134.0	111.0	146.0	138.0	137.0	134.0	162.0	131.0	161.0
384.892	113.0	106.0	120.0	117.0	105.0	121.0	123.0	115.0	150.0	124.0	127.0	126.0	115.0	121.0	125.0	121.0	117.0	152.0	111.0	128.0
385.003	128.0	140.0	141.0	142.0	135.0	138.0	143.0	142.0	180.0	147.0	153.0	144.0	137.0	141.0	145.0	138.0	141.0	164.0	134.0	150.0
385.115	116.0	106.0	120.0	120.0	104.0	129.0	127.0	109.0	165.0	135.0	136.0	125.0	119.0	140.0	122.0	125.0	128.0	151.0	115.0	128.0
385.226	111.0	110.0	117.0	121.0	99.0	127.0	121.0	110.0	164.0	130.0	136.0	134.0	113.0	139.0	131.0	127.0	124.0	154.0	119.0	142.0
385.338	109.0	114.0	117.0	131.0	107.0	132.0	122.0	116.0	158.0	130.0	132.0	125.0	110.0	130.0	125.0	127.0	119.0	150.0	112.0	136.0
385.449	137.0	132.0	140.0	150.0	125.0	148.0	148.0	130.0	181.0	152.0	160.0	142.0	123.0	155.0	151.0	140.0	141.0	176.0	131.0	146.0
385.561	108.0	119.0	113.0	118.0	108.0	123.0	121.0	112.0	156.0	132.0	127.0	126.0	118.0	132.0	120.0	116.0	119.0	149.0	105.0	129.0
385.672	125.0	115.0	119.0	125.0	114.0	130.0	120.0	115.0	160.0	125.0	150.0	136.0	116.0	139.0	136.0	129.0	121.0	152.0	111.0	134.0
385.784	108.0	108.0	119.0	121.0	108.0	123.0	115.0	114.0	159.0	123.0	131.0	124.0	113.0	127.0	124.0	122.0	115.0	145.0	110.0	122.0
385.895	104.0	114.0	115.0	116.0	113.0	113.0	119.0	110.0	143.0	128.0	130.0	122.0	117.0	121.0	127.0	114.0	110.0	144.0	113.0	127.0
386.007	119.0	104.0	120.0	120.0	107.0	128.0	130.0	116.0	177.0	135.0	156.0	134.0	110.0	149.0	134.0	128.0	133.0	157.0	127.0	147.0
386.118	112.0	105.0	123.0	121.0	109.0	126.0	122.0	116.0	173.0	137.0	156.0	137.0	114.0	144.0	131.0	124.0	132.0	155.0	120.0	161.0
386.23	118.0	106.0	129.0	137.0	109.0	134.0	136.0	105.0	187.0	141.0	162.0	143.0	112.0	165.0	138.0	139.0	142.0	173.0	132.0	173.0
386.342	124.0	112.0	127.0	142.0	107.0	134.0	135.0	107.0	186.0	133.0	162.0	142.0	115.0	154.0	137.0	140.0	142.0	161.0	129.0	157.0
386.453	107.0	111.0	115.0	122.0	100.0	116.0	119.0	113.0	162.0	131.0	130.0	120.0	118.0	139.0	129.0	124.0	121.0	152.0	113.0	129.0
386.565	110.0	103.0	116.0	115.0	99.0	124.0	112.0	104.0	153.0	121.0	134.0	117.0	112.0	123.0	125.0	122.0	112.0	146.0	109.0	130.0
386.676	118.0	104.0	114.0	117.0	106.0	136.0	115.0	114.0	169.0	137.0	142.0	129.0	112.0	134.0	126.0	118.0	121.0	157.0	118.0	138.0
386.788	109.0	106.0	111.0	113.0	105.0	119.0	117.0	118.0	165.0	126.0	134.0	122.0	110.0	132.0	118.0	123.0	115.0	148.0	117.0	139.0
386.899	119.0	109.0	123.0	122.0	108.0	127.0	128.0	110.0	176.0	140.0	147.0	130.0	117.0	141.0	126.0	128.0	130.0	159.0	125.0	141.0
387.011	105.0	108.0	106.0	114.0	103.0	116.0	113.0	110.0	155.0	121.0	128.0	119.0	110.0	126.0	123.0	120.0	114.0	154.0	112.0	136.0
387.122	104.0	108.0	112.0	117.0	105.0	120.0	113.0	105.0	150.0	118.0	133.0	126.0	110.0	131.0	122.0	121.0	114.0	148.0	104.0	122.0
387.234	102.0	109.0	110.0	114.0	114.0	117.0	108.0	107.0	145.0	120.0	123.0	118.0	109.0	124.0	116.0	116.0	113.0	138.0	104.0	119.0
387.345	139.0	137.0	141.0	139.0	131.0	136.0	138.0	134.0	181.0	152.0	162.0	146.0	134.0	153.0	145.0	145.0	139.0	172.0	141.0	150.0
387.457	121.0	117.0	122.0	130.0	105.0	128.0	127.0	108.0	175.0	141.0	151.0	129.0	108.0	143.0	138.0	136.0	132.0	161.0	126.0	148.0
387.569	157.0	112.0	149.0	169.0	111.0	177.0	159.0	119.0	248.0	173.0	215.0	169.0	111.0	212.0	173.0	178.0	180.0	205.0	172.0	228.0
387.68	168.0	112.0	175.0	193.0	112.0	186.0	173.0	113.0	263.0	179.0	234.0	176.0	118.0	223.0	179.0	192.0	205.0	214.0	181.0	254.0
387.792	122.0	115.0	125.0	138.0	113.0	142.0	131.0	112.0	195.0	144.0	160.0	135.0	117.0	156.0	146.0	144.0	146.0	168.0	131.0	165.0
387.903	98.0	112.0	105.0	108.0	110.0	118.0	107.0	111.0	147.0	119.0	120.0	109.0	107.0	115.0	118.0	112.0	113.0	146.0	98.0	111.0
388.015	99.0	110.0	105.0	110.0	107.0	120.0	109.0	112.0	140.0	119.0	119.0	120.0	110.0	118.0	118.0	112.0	106.0	145.0	101.0	116.0
388.127	96.0	109.0	104.0	103.0	105.0	108.0	108.0	104.0	133.0	106.0	116.0	110.0	115.0	113.0	107.0	110.0	100.0	134.0	97.0	108.0
388.238	96.0	103.0	102.0	104.0	99.0	110.0	106.0	107.0	132.0	108.0	106.0	107.0	102.0	105.0	109.0	103.0	95.0	126.0	96.0	109.0
388.35	100.0	108.0	104.0	99.0	94.0	110.0	102.0	115.0	124.0	110.0	112.0	114.0	112.0	104.0	109.0	101.0	100.0	138.0	98.0	108.0
388.461	98.0	107.0	96.0	101.0	107.0	103.0	98.0	108.0	122.0	105.0	107.0	110.0	109.0	103.0	105.0	102.0	97.0	132.0	93.0	101.0
388.573	100.0	106.0	97.0	102.0	102.0	101.0	103.0	106.0	122.0	112.0	111.0	113.0	109.0	106.0	97.0	107.0	100.0	136.0	96.0	102.0
388.685	94.0	107.0	104.0	96.0	105.0	97.0	106.0	105.0	124.0	112.0	98.0	105.0	108.0	101.0	98.0	101.0	95.0	134.0	91.0	95.0
388.796	101.0	103.0	111.0	95.0	106.0	113.0	107.0	116.0	136.0	112.0	113.0	117.0	107.0	115.0	118.0	112.0	106.0	142.0	102.0	114.0
388.908	114.0	116.0	110.0	105.0	110.0	120.0	114.0	113.0	138.0	124.0	125.0	126.0	121.0	120.0	124.0	117.0	114.0	155.0	115.0	127.0
389.019	94.0	107.0	98.0	98.0	106.0	107.0	108.0	109.0	131.0	114.0	117.0	108.0	112.0	111.0	110.0	103.0	104.0	141.0	95.0	109.0
389.131	92.0	108.0	99.0	103.0	97.0	106.0	103.0	110.0	118.0	109.0	112.0	109.0	105.0	109.0	106.0	102.0	100.0	136.0	99.0	98.0
389.243	101.0	107.0	102.0	105.0	98.0	112.0	106.0	105.0	143.0	115.0	124.0	122.0	109.0	115.0	119.0	115.0	102.0	150.0	112.0	113.0
389.354	130.0	98.0	128.0	141.0	104.0	163.0	134.0	104.0	205.0	150.0	172.0	159.0	109.0	174.0	185.0	170.0	137.0	209.0	146.0	180.0
389.466	179.0	106.0	175.0	206.0	106.0	252.0	170.0	113.0	301.0	205.0	268.0	234.0	116.0	284.0	270.0	252.0	197.0	291.0	229.0	263.0
389.578	115.0	104.0	118.0	125.0	102.0	140.0	120.0	108.0	184.0	135.0	162.0	142.0	110.0	159.0	150.0	151.0	116.0	184.0	132.0	146.0
389.689	91.0	102.0	96.0	95.0	103.0	108.0	104.0	110.0	138.0	113.0	114.0	119.0	114.0	116.0	114.0	107.0	101.0	150.0	98.0	102.0
389.801	128.0	112.0	126.0	121.0	106.0	136.0	136.0	117.0	189.0	145.0	153.0	143.0	119.0	148.0	144.0	141.0	127.0	166.0	129.0	156.0
389.912	123.0	116.0	133.0	129.0	115.0	143.0	129.0	118.0	191.0	139.0	150.0	143.0	123.0	160.0	145.0	141.0	131.0	168.0	135.0	149.0
390.024	96.0	105.0	100.0	98.0	98.0	104.0	111.0	108.0	139.0	111.0	112.0	111.0	115.0	113.0	109.0	104.0	111.0	136.0	93.0	110.0
390.136	93.0	105.0	97.0	96.0	102.0	100.0	93.0	105.0	122.0	106.0	102.0	104.0	108.0	100.0	101.0	106.0	86.0	132.0	90.0	94.0
390.247	94.0	106.0	90.0	93.0	104.0	97.0	97.0	109.0	117.0	98.0	106.0	101.0	109.0	102.0	97.0	97.0	90.0	136.0	85.0	96.0
390.359	91.0	102.0	94.0	88.0	109.0	100.0	102.0	109.0	109.0	96.0	96.0	108.0	114.0	98.0	100.0	94.0	95.0	136.0	87.0	98.0
390.471	100.0	106.0	106.0	95.0	102.0	97.0	106.0	109.0	122.0	111.0	107.0	101.0	109.0	104.0	104.0	101.0	96.0	136.0	93.0	100.0
390.582	94.0	97.0	102.0	100.0	103.0	114.0	116.0	117.0	139.0	113.0	117.0	114.0	115.0	112.0	117.0	110.0	106.0	149.0	105.0	111.0
390.694	139.0	108.0	136.0	151.0	105.0	184.0	142.0	115.0	220.0	165.0	200.0	182.0	115.0	202.0	190.0	173.0	148.0	217.0	166.0	192.0
390.806	128.0	111.0	137.0	137.0	112.0	175.0	133.0	118.0	219.0	151.0	178.0	169.0	112.0	180.0	179.0	172.0	147.0	208.0	153.0	183.0
390.918	105.0	106.0	107.0	104.0	102.0	130.0	112.0	109.0	148.0	116.0	129.0	123.0	107.0	135.0	126.0	122.0	112.0	150.0	111.0	115.0
391.029	109.0	110.0	107.0	103.0	103.0	114.0	104.0	113.0	133.0	117.0	124.0	115.0	120.0	118.0	113.0	115.0	105.0	144.0	102.0	102.0
391.141	98.0	108.0	101.0	96.0	105.0	101.0	100.0	107.0	119.0	106.0	102.0	100.0	113.0	106.0	105.0	100.0	92.0	134.0	85.0	97.0
391.253	96.0	111.0	99.0	100.0	105.0	110.0	98.0	113.0	116.0	101.0	108.0	108.0	109.0	103.0	101.0	102.0	93.0	137.0	91.0	97.0
391.364	94.0	109.0	103.0	106.0	108.0	95.0	107.0	112.0	114.0	110.0	103.0	108.0	112.0	109.0	103.0	101.0	95.0	138.0	88.0	98.0
391.476	94.0	103.0	103.0	101.0	110.0	109.0	108.0	108.0	129.0	122.0	113.0	116.0	115.0	113.0	102.0	105.0	108.0	149.0	94.0	102.0
391.588	100.0	105.0	99.0	101.0	108.0	107.0	104.0	110.0	129.0	114.0	104.0	111.0	108.0	106.0	109.0	102.0	93.0	136.0	93.0	98.0
391.699	93.0	107.0	94.0	91.0	110.0	107.0	102.0	109.0	119.0	107.0	102.0	105.0	106.0	108.0	104.0	103.0	92.0	137.0	89.0	97.0
391.811	122.0	117.0	125.0	126.0	106.0	131.0	127.0	114.0	173.0	131.0	141.0	130.0	113.0	136.0	125.0	125.0	126.0	157.0	119.0	132.0
391.923	105.0	114.0	106.0	106.0	101.0	112.0	113.0	115.0	140.0	124.0	115.0	113.0	110.0	118.0	114.0	108.0	109.0	144.0	104.0	108.0
392.035	95.0	113.0	93.0	102.0	105.0	107.0	99.0	113.0	134.0	112.0	106.0	109.0	112.0	106.0	110.0	103.0	99.0	136.0	93.0	109.0
392.146	90.0	110.0	98.0	99.0	110.0	102.0	101.0	112.0	111.0	103.0	100.0	101.0	112.0	102.0	110.0	96.0	96.0	133.0	93.0	99.0
392.258	105.0	114.0	108.0	110.0	114.0	109.0	117.0	120.0	126.0	121.0	109.0	108.0	115.0	114.0	106.0	106.0	106.0	143.0	102.0	111.0
392.37	123.0	119.0	118.0	125.0	117.0	134.0	130.0	117.0	170.0	138.0	132.0	134.0	129.0	143.0	133.0	136.0	122.0	166.0	123.0	126.0
392.481	101.0	103.0	98.0	100.0	110.0	108.0	104.0	106.0	125.0	108.0	107.0	112.0	112.0	108.0	108.0	102.0	99.0	138.0	97.0	106.0
392.593	102.0	110.0	97.0	94.0	112.0	110.0	106.0	113.0	121.0	105.0	108.0	109.0	117.0	107.0	107.0	106.0	93.0	145.0	97.0	110.0
392.705	172.0	125.0	104.0	112.0	107.0	119.0	126.0	114.0	143.0	124.0	115.0	122.0	116.0	136.0	130.0	120.0	110.0	167.0	111.0	127.0
392.817	155.0	111.0	102.0	109.0	98.0	109.0	116.0	103.0	138.0	115.0	116.0	125.0	107.0	119.0	118.0	115.0	106.0	157.0	104.0	117.0
392.928	105.0	110.0	92.0	98.0	98.0	102.0	103.0	112.0	113.0	103.0	104.0	106.0	104.0	97.0	98.0	96.0	90.0	134.0	94.0	98.0
393.04	101.0	115.0	90.0	90.0	111.0	95.0	101.0	113.0	109.0	96.0	102.0	99.0	111.0	93.0	98.0	95.0	91.0	134.0	82.0	93.0
393.152	95.0	113.0	92.0	99.0	109.0	95.0	97.0	111.0	102.0	95.0	91.0	89.0	112.0	99.0	96.0	93.0	91.0	128.0	83.0	89.0
393.264	87.0	103.0	87.0	89.0	101.0	86.0	98.0	101.0	99.0	98.0	99.0	94.0	107.0	89.0	94.0	95.0	84.0	122.0	85.0	81.0
393.375	89.0	105.0	84.0	79.0	104.0	90.0	94.0	107.0	95.0	96.0	88.0	99.0	110.0	90.0	86.0	78.0	87.0	134.0	80.0	83.0
393.487	86.0	112.0	97.0	84.0	107.0	95.0	98.0	107.0	106.0	97.0	88.0	96.0	106.0	93.0	88.0	88.0	81.0	129.0	83.0	85.0
393.599	89.0	111.0	90.0	83.0	104.0	91.0	97.0	104.0	104.0	90.0	91.0	97.0	109.0	85.0	91.0	91.0	88.0	123.0	83.0	87.0
393.711	95.0	114.0	98.0	97.0	103.0	96.0	98.0	109.0	108.0	97.0	95.0	101.0	110.0	93.0	97.0	93.0	93.0	124.0	88.0	94.0
393.823	91.0	106.0	90.0	89.0	101.0	100.0	98.0	106.0	105.0	101.0	92.0	99.0	103.0	88.0	96.0	95.0	88.0	128.0	86.0	95.0
393.934	92.0	108.0	89.0	97.0	106.0	95.0	99.0	114.0	106.0	98.0	91.0	93.0	107.0	93.0	93.0	89.0	87.0	132.0	81.0	86.0
394.046	95.0	111.0	100.0	97.0	105.0	98.0	111.0	109.0	127.0	106.0	100.0	103.0	111.0	100.0	96.0	101.0	104.0	140.0	94.0	105.0
394.158	120.0	116.0	120.0	124.0	109.0	128.0	129.0	120.0	176.0	142.0	140.0	130.0	115.0	145.0	127.0	130.0	136.0	162.0	122.0	143.0
394.27	123.0	112.0	119.0	118.0	108.0	137.0	130.0	115.0	174.0	140.0	138.0	133.0	112.0	147.0	129.0	133.0	135.0	164.0	119.0	144.0
394.381	94.0	111.0	97.0	97.0	102.0	103.0	100.0	110.0	119.0	97.0	104.0	103.0	112.0	99.0	98.0	99.0	97.0	135.0	92.0	96.0
394.493	81.0	108.0	90.0	85.0	104.0	86.0	96.0	110.0	104.0	96.0	87.0	88.0	106.0	86.0	95.0	84.0	87.0	122.0	81.0	85.0
394.605	85.0	108.0	87.0	90.0	104.0	91.0	90.0	112.0	97.0	95.0	88.0	95.0	106.0	88.0	89.0	88.0	91.0	125.0	82.0	84.0
394.717	122.0	138.0	121.0	114.0	129.0	121.0	124.0	140.0	129.0	129.0	117.0	130.0	139.0	119.0	120.0	124.0	109.0	157.0	111.0	116.0
394.829	91.0	107.0	94.0	89.0	108.0	100.0	101.0	103.0	115.0	98.0	96.0	107.0	107.0	89.0	98.0	96.0	88.0	136.0	81.0	89.0
394.94	124.0	112.0	115.0	113.0	110.0	124.0	138.0	113.0	164.0	121.0	128.0	114.0	113.0	138.0	121.0	124.0	128.0	160.0	117.0	134.0
395.052	119.0	104.0	119.0	115.0	103.0	128.0	124.0	107.0	171.0	123.0	130.0	126.0	113.0	141.0	127.0	128.0	121.0	161.0	119.0	135.0
395.164	133.0	113.0	127.0	122.0	111.0	154.0	140.0	116.0	197.0	157.0	153.0	147.0	120.0	165.0	153.0	140.0	151.0	172.0	130.0	156.0
395.276	112.0	109.0	110.0	104.0	107.0	122.0	116.0	112.0	147.0	121.0	122.0	119.0	112.0	134.0	116.0	118.0	114.0	150.0	108.0	126.0
395.388	93.0	108.0	100.0	100.0	103.0	107.0	104.0	111.0	119.0	103.0	107.0	101.0	104.0	104.0	105.0	106.0	101.0	132.0	96.0	102.0
395.5	98.0	113.0	98.0	96.0	106.0	114.0	111.0	108.0	115.0	105.0	101.0	102.0	111.0	104.0	107.0	107.0	101.0	134.0	94.0	112.0
395.611	106.0	112.0	97.0	98.0	97.0	113.0	104.0	109.0	138.0	109.0	113.0	112.0	107.0	110.0	112.0	113.0	110.0	152.0	107.0	121.0
395.723	106.0	115.0	100.0	106.0	106.0	117.0	114.0	113.0	134.0	116.0	111.0	112.0	117.0	110.0	112.0	111.0	112.0	149.0	99.0	113.0
395.835	97.0	102.0	100.0	97.0	104.0	105.0	101.0	108.0	121.0	105.0	98.0	97.0	110.0	97.0	102.0	99.0	97.0	133.0	95.0	104.0
395.947	97.0	108.0	93.0	88.0	102.0	93.0	97.0	108.0	97.0	93.0	94.0	98.0	110.0	92.0	92.0	90.0	92.0	123.0	87.0	87.0
396.059	93.0	110.0	84.0	84.0	101.0	87.0	98.0	109.0	103.0	95.0	88.0	90.0	105.0	90.0	88.0	89.0	91.0	124.0	85.0	84.0
396.171	128.0	110.0	94.0	95.0	107.0	108.0	112.0	112.0	115.0	109.0	96.0	109.0	111.0	107.0	100.0	103.0	95.0	141.0	93.0	114.0
396.282	106.0	113.0	90.0	89.0	106.0	93.0	103.0	114.0	98.0	90.0	87.0	93.0	105.0	94.0	96.0	92.0	92.0	133.0	84.0	95.0
396.394	96.0	110.0	90.0	92.0	107.0	94.0	105.0	110.0	102.0	93.0	87.0	98.0	108.0	94.0	89.0	89.0	89.0	134.0	83.0	85.0
396.506	92.0	109.0	92.0	88.0	101.0	93.0	93.0	109.0	102.0	90.0	94.0	94.0	112.0	86.0	90.0	85.0	89.0	126.0	88.0	90.0
396.618	89.0	106.0	83.0	86.0	103.0	89.0	91.0	108.0	98.0	92.0	91.0	92.0	107.0	83.0	89.0	81.0	84.0	125.0	76.0	80.0
396.73	87.0	110.0	90.0	93.0	107.0	98.0	100.0	112.0	107.0	91.0	93.0	95.0	106.0	94.0	93.0	90.0	84.0	127.0	85.0	93.0
396.842	84.0	104.0	90.0	86.0	103.0	86.0	96.0	106.0	100.0	89.0	84.0	92.0	112.0	88.0	84.0	84.0	85.0	124.0	85.0	76.0
396.954	88.0	105.0	92.0	88.0	104.0	87.0	93.0	106.0	94.0	92.0	85.0	92.0	107.0	90.0	82.0	86.0	84.0	123.0	82.0	82.0
397.065	87.0	112.0	93.0	84.0	110.0	93.0	102.0	112.0	107.0	97.0	90.0	100.0	109.0	92.0	92.0	91.0	91.0	122.0	87.0	88.0
397.177	83.0	110.0	88.0	86.0	110.0	94.0	95.0	119.0	96.0	97.0	91.0	95.0	112.0	93.0	93.0	90.0	86.0	125.0	84.0	90.0
397.289	80.0	106.0	83.0	89.0	103.0	92.0	95.0	106.0	108.0	96.0	82.0	91.0	103.0	94.0	86.0	87.0	83.0	117.0	77.0	92.0
397.401	97.0	111.0	95.0	92.0	100.0	94.0	105.0	109.0	110.0	99.0	93.0	92.0	113.0	103.0	95.0	102.0	98.0	132.0	89.0	101.0
397.513	119.0	107.0	110.0	111.0	106.0	126.0	112.0	115.0	157.0	129.0	127.0	118.0	117.0	127.0	124.0	123.0	125.0	157.0	111.0	129.0
397.625	113.0	108.0	106.0	104.0	100.0	117.0	118.0	113.0	144.0	111.0	118.0	113.0	107.0	122.0	120.0	114.0	111.0	148.0	111.0	126.0
397.737	88.0	108.0	92.0	91.0	102.0	94.0	106.0	104.0	104.0	94.0	86.0	95.0	103.0	96.0	94.0	95.0	88.0	127.0	91.0	94.0
397.849	82.0	106.0	89.0	87.0	101.0	88.0	94.0	106.0	102.0	99.0	97.0	93.0	106.0	90.0	92.0	96.0	92.0	123.0	84.0	88.0
397.961	87.0	108.0	89.0	84.0	101.0	92.0	93.0	109.0	103.0	96.0	88.0	97.0	107.0	92.0	92.0	89.0	82.0	125.0	81.0	99.0
398.072	80.0	113.0	88.0	87.0	106.0	93.0	97.0	107.0	103.0	90.0	91.0	95.0	109.0	92.0	93.0	94.0	86.0	126.0	88.0	91.0
398.184	87.0	111.0	96.0	97.0	104.0	101.0	100.0	109.0	113.0	98.0	96.0	103.0	106.0	98.0	98.0	102.0	95.0	126.0	89.0	99.0
398.296	119.0	109.0	109.0	111.0	104.0	126.0	126.0	110.0	156.0	120.0	130.0	122.0	107.0	138.0	118.0	121.0	127.0	152.0	122.0	126.0
398.408	109.0	104.0	97.0	104.0	104.0	109.0	109.0	104.0	137.0	114.0	108.0	109.0	115.0	114.0	117.0	112.0	113.0	142.0	101.0	113.0
398.52	87.0	104.0	96.0	87.0	107.0	95.0	97.0	111.0	99.0	99.0	94.0	95.0	111.0	91.0	95.0	90.0	91.0	129.0	86.0	90.0
398.632	85.0	110.0	90.0	88.0	112.0	94.0	99.0	112.0	94.0	94.0	90.0	91.0	108.0	93.0	91.0	88.0	89.0	123.0	81.0	83.0
398.744	89.0	104.0	95.0	94.0	107.0	89.0	97.0	103.0	99.0	96.0	92.0	95.0	113.0	90.0	92.0	90.0	92.0	131.0	90.0	79.0
398.856	119.0	123.0	119.0	114.0	122.0	118.0	119.0	127.0	133.0	118.0	121.0	114.0	134.0	118.0	123.0	114.0	103.0	150.0	104.0	114.0
398.968	88.0	106.0	95.0	92.0	104.0	96.0	98.0	105.0	116.0	106.0	99.0	102.0	106.0	98.0	104.0	96.0	93.0	136.0	87.0	97.0
399.08	108.0	117.0	106.0	110.0	110.0	109.0	114.0	117.0	133.0	121.0	111.0	115.0	117.0	116.0	111.0	113.0	106.0	144.0	108.0	108.0
399.192	125.0	114.0	123.0	120.0	107.0	130.0	126.0	115.0	166.0	135.0	132.0	128.0	112.0	142.0	123.0	121.0	129.0	158.0	116.0	124.0
399.304	116.0	110.0	100.0	104.0	101.0	114.0	116.0	105.0	146.0	126.0	117.0	110.0	112.0	119.0	114.0	111.0	117.0	154.0	105.0	116.0
399.415	96.0	113.0	96.0	99.0	116.0	98.0	102.0	122.0	118.0	106.0	98.0	101.0	122.0	104.0	95.0	96.0	96.0	138.0	92.0	96.0
399.527	83.0	112.0	84.0	85.0	109.0	91.0	92.0	110.0	92.0	91.0	82.0	85.0	110.0	93.0	87.0	86.0	82.0	117.0	80.0	90.0
399.639	81.0	106.0	87.0	92.0	107.0	87.0	100.0	103.0	98.0	93.0	90.0	91.0	107.0	93.0	89.0	90.0	91.0	123.0	92.0	85.0
399.751	91.0	96.0	95.0	90.0	105.0	89.0	99.0	111.0	108.0	98.0	98.0	83.0	104.0	97.0	91.0	89.0	87.0	119.0	86.0	88.0
399.863	80.0	112.0	84.0	85.0	99.0	88.0	93.0	107.0	99.0	91.0	91.0	93.0	112.0	91.0	92.0	84.0	87.0	123.0	83.0	85.0
399.975	86.0	100.0	89.0	78.0	103.0	87.0	90.0	108.0	94.0	91.0	84.0	88.0	108.0	83.0	88.0	79.0	84.0	113.0	82.0	84.0
400.087	89.0	105.0	89.0	82.0	101.0	85.0	87.0	113.0	100.0	94.0	87.0	95.0	102.0	86.0	89.0	83.0	93.0	125.0	90.0	88.0
400.199	89.0	103.0	96.0	90.0	101.0	93.0	98.0	107.0	106.0	100.0	101.0	97.0	112.0	93.0	93.0	93.0	96.0	128.0	94.0	96.0
400.311	99.0	109.0	99.0	96.0	110.0	107.0	102.0	116.0	124.0	104.0	101.0	100.0	114.0	106.0	106.0	99.0	100.0	139.0	96.0	110.0
400.423	90.0	107.0	91.0	91.0	108.0	92.0	93.0	110.0	104.0	83.0	85.0	94.0	108.0	93.0	87.0	86.0	91.0	122.0	82.0	88.0
400.535	86.0	103.0	92.0	85.0	107.0	85.0	95.0	105.0	91.0	89.0	90.0	85.0	111.0	90.0	83.0	92.0	86.0	119.0	82.0	79.0
