λ(nm)	Spec1	Spec2	Spec3	Spec4	Spec5	Spec6	Spec7	Spec8	Spec9	Spec10	Spec11	Spec12	Spec13	Spec14	Spec15	Spec16	Spec17	Spec18	Spec19	Spec20
187.98	63.0	68.0	110.0	72.0	65.0	100.0	71.0	73.0	105.0	73.0	69.0	73.0	70.0	78.0	71.0	74.0	99.0	66.0	64.0	67.0
188.07	66.0	68.0	95.0	70.0	68.0	94.0	65.0	65.0	101.0	70.0	71.0	69.0	68.0	78.0	71.0	77.0	95.0	68.0	70.0	72.0
188.161	71.0	71.0	97.0	71.0	73.0	103.0	70.0	68.0	103.0	71.0	71.0	71.0	68.0	72.0	68.0	68.0	98.0	74.0	72.0	68.0
188.252	68.0	72.0	105.0	67.0	70.0	104.0	66.0	65.0	105.0	76.0	68.0	65.0	79.0	72.0	70.0	73.0	98.0	70.0	76.0	72.0
188.343	67.0	76.0	103.0	74.0	74.0	104.0	74.0	69.0	102.0	69.0	61.0	70.0	68.0	78.0	73.0	69.0	102.0	71.0	78.0	69.0
188.434	69.0	70.0	103.0	78.0	70.0	100.0	67.0	70.0	103.0	69.0	67.0	70.0	68.0	70.0	73.0	72.0	101.0	73.0	72.0	62.0
188.525	241.0	237.0	269.0	239.0	231.0	265.0	236.0	243.0	264.0	243.0	239.0	232.0	232.0	242.0	230.0	246.0	267.0	237.0	246.0	242.0
188.615	74.0	81.0	112.0	79.0	79.0	111.0	79.0	80.0	111.0	82.0	81.0	72.0	82.0	83.0	78.0	80.0	107.0	80.0	87.0	78.0
188.706	69.0	72.0	106.0	74.0	65.0	97.0	64.0	76.0	113.0	68.0	71.0	69.0	74.0	77.0	72.0	76.0	105.0	70.0	72.0	73.0
188.797	70.0	66.0	108.0	75.0	72.0	100.0	70.0	67.0	103.0	69.0	71.0	71.0	73.0	78.0	82.0	78.0	101.0	71.0	73.0	69.0
188.888	64.0	68.0	99.0	74.0	68.0	106.0	68.0	73.0	105.0	70.0	75.0	67.0	72.0	74.0	69.0	76.0	100.0	70.0	78.0	66.0
188.979	69.0	73.0	97.0	70.0	71.0	100.0	72.0	76.0	102.0	71.0	72.0	76.0	70.0	71.0	75.0	75.0	99.0	69.0	71.0	72.0
189.07	68.0	71.0	101.0	73.0	69.0	105.0	70.0	71.0	104.0	72.0	69.0	70.0	69.0	76.0	74.0	69.0	101.0	66.0	72.0	71.0
189.161	70.0	71.0	103.0	77.0	69.0	99.0	73.0	71.0	100.0	72.0	77.0	70.0	64.0	72.0	74.0	71.0	96.0	74.0	74.0	72.0
189.252	70.0	77.0	101.0	74.0	76.0	106.0	74.0	74.0	102.0	77.0	74.0	70.0	76.0	75.0	72.0	83.0	102.0	73.0	72.0	71.0
189.343	71.0	69.0	102.0	72.0	73.0	102.0	66.0	68.0	105.0	77.0	73.0	69.0	76.0	78.0	68.0	76.0	102.0	75.0	75.0	70.0
189.434	69.0	70.0	107.0	70.0	65.0	101.0	71.0	75.0	103.0	75.0	70.0	71.0	73.0	78.0	73.0	73.0	103.0	71.0	65.0	66.0
189.525	67.0	66.0	106.0	68.0	69.0	97.0	69.0	72.0	95.0	68.0	71.0	71.0	70.0	76.0	74.0	76.0	98.0	72.0	71.0	71.0
189.616	68.0	73.0	103.0	70.0	69.0	107.0	65.0	70.0	94.0	71.0	72.0	66.0	67.0	68.0	68.0	75.0	100.0	71.0	79.0	68.0
189.708	71.0	72.0	99.0	68.0	69.0	101.0	71.0	77.0	107.0	71.0	69.0	71.0	74.0	76.0	73.0	75.0	100.0	70.0	74.0	68.0
189.799	73.0	72.0	102.0	76.0	69.0	100.0	75.0	72.0	100.0	71.0	67.0	69.0	74.0	72.0	72.0	68.0	104.0	66.0	72.0	65.0
189.89	68.0	72.0	102.0	79.0	69.0	99.0	70.0	71.0	102.0	75.0	70.0	68.0	63.0	77.0	70.0	79.0	105.0	77.0	76.0	70.0
189.981	68.0	72.0	102.0	73.0	77.0	102.0	73.0	78.0	101.0	73.0	74.0	65.0	70.0	73.0	62.0	78.0	93.0	72.0	72.0	66.0
190.072	75.0	79.0	106.0	78.0	81.0	104.0	79.0	81.0	109.0	83.0	77.0	77.0	81.0	76.0	72.0	80.0	107.0	84.0	82.0	76.0
190.163	67.0	73.0	99.0	73.0	72.0	101.0	78.0	66.0	106.0	68.0	75.0	69.0	74.0	75.0	76.0	76.0	102.0	76.0	72.0	69.0
190.255	70.0	63.0	104.0	72.0	72.0	96.0	71.0	72.0	98.0	71.0	73.0	65.0	66.0	70.0	66.0	76.0	102.0	71.0	68.0	68.0
190.346	68.0	71.0	104.0	76.0	68.0	106.0	66.0	69.0	94.0	72.0	72.0	69.0	72.0	76.0	72.0	77.0	101.0	74.0	76.0	70.0
190.437	69.0	77.0	99.0	65.0	66.0	103.0	72.0	77.0	104.0	70.0	72.0	70.0	74.0	73.0	69.0	72.0	100.0	68.0	70.0	66.0
190.528	70.0	81.0	101.0	76.0	73.0	103.0	72.0	76.0	111.0	82.0	66.0	74.0	70.0	78.0	73.0	74.0	108.0	64.0	76.0	71.0
190.62	76.0	76.0	109.0	75.0	71.0	97.0	75.0	74.0	108.0	83.0	73.0	68.0	64.0	82.0	75.0	75.0	96.0	76.0	76.0	75.0
190.711	67.0	71.0	92.0	73.0	67.0	105.0	71.0	70.0	107.0	73.0	77.0	74.0	76.0	79.0	66.0	79.0	98.0	69.0	71.0	75.0
190.802	65.0	73.0	102.0	69.0	74.0	103.0	69.0	71.0	100.0	76.0	72.0	65.0	72.0	71.0	72.0	74.0	98.0	71.0	77.0	72.0
190.894	72.0	75.0	106.0	76.0	77.0	102.0	73.0	69.0	105.0	74.0	79.0	70.0	66.0	76.0	79.0	79.0	98.0	74.0	71.0	72.0
190.985	72.0	71.0	104.0	75.0	71.0	98.0	68.0	74.0	99.0	76.0	73.0	70.0	75.0	77.0	75.0	74.0	98.0	74.0	75.0	69.0
191.076	74.0	74.0	96.0	76.0	72.0	103.0	68.0	77.0	104.0	71.0	71.0	69.0	66.0	77.0	74.0	78.0	95.0	70.0	76.0	75.0
191.168	69.0	71.0	98.0	72.0	80.0	105.0	69.0	74.0	104.0	71.0	74.0	71.0	69.0	76.0	74.0	75.0	97.0	72.0	76.0	67.0
191.259	80.0	78.0	109.0	81.0	81.0	109.0	77.0	80.0	114.0	82.0	83.0	74.0	79.0	89.0	88.0	78.0	114.0	78.0	81.0	82.0
191.35	63.0	73.0	106.0	71.0	69.0	103.0	73.0	66.0	107.0	73.0	72.0	67.0	70.0	79.0	79.0	75.0	98.0	72.0	74.0	67.0
191.442	68.0	67.0	99.0	70.0	78.0	100.0	73.0	75.0	104.0	73.0	72.0	73.0	69.0	71.0	72.0	74.0	98.0	70.0	75.0	71.0
191.533	66.0	78.0	103.0	72.0	78.0	104.0	70.0	75.0	99.0	74.0	75.0	71.0	72.0	76.0	72.0	77.0	100.0	73.0	77.0	77.0
191.625	66.0	76.0	106.0	77.0	72.0	105.0	75.0	75.0	111.0	69.0	73.0	69.0	71.0	79.0	74.0	83.0	104.0	69.0	75.0	67.0
191.716	73.0	71.0	103.0	73.0	65.0	98.0	71.0	70.0	103.0	70.0	71.0	71.0	68.0	82.0	79.0	75.0	103.0	76.0	72.0	73.0
191.808	69.0	72.0	102.0	75.0	59.0	103.0	63.0	70.0	105.0	74.0	74.0	69.0	67.0	78.0	75.0	74.0	101.0	73.0	74.0	67.0
191.899	67.0	74.0	105.0	72.0	64.0	101.0	70.0	74.0	102.0	73.0	77.0	68.0	74.0	81.0	73.0	77.0	97.0	68.0	75.0	70.0
191.991	67.0	75.0	108.0	70.0	70.0	103.0	67.0	68.0	102.0	72.0	68.0	68.0	76.0	74.0	71.0	73.0	100.0	67.0	76.0	70.0
192.082	65.0	70.0	110.0	72.0	76.0	99.0	63.0	72.0	102.0	70.0	72.0	73.0	71.0	69.0	71.0	71.0	97.0	76.0	75.0	68.0
192.174	75.0	71.0	103.0	74.0	73.0	102.0	72.0	74.0	110.0	77.0	75.0	70.0	74.0	78.0	74.0	77.0	101.0	76.0	76.0	73.0
192.266	68.0	78.0	105.0	72.0	71.0	98.0	68.0	76.0	106.0	72.0	71.0	69.0	75.0	64.0	68.0	75.0	98.0	72.0	69.0	69.0
192.357	77.0	79.0	109.0	81.0	80.0	111.0	73.0	80.0	110.0	82.0	72.0	76.0	75.0	79.0	78.0	78.0	107.0	75.0	75.0	72.0
192.449	68.0	69.0	106.0	76.0	66.0	104.0	69.0	71.0	95.0	73.0	69.0	73.0	72.0	78.0	70.0	76.0	103.0	70.0	73.0	69.0
192.541	72.0	71.0	99.0	73.0	70.0	98.0	67.0	77.0	97.0	73.0	72.0	72.0	70.0	76.0	68.0	78.0	99.0	73.0	72.0	74.0
192.632	67.0	73.0	101.0	67.0	72.0	101.0	69.0	77.0	104.0	71.0	73.0	70.0	74.0	76.0	77.0	73.0	98.0	68.0	75.0	64.0
192.724	65.0	70.0	105.0	74.0	67.0	105.0	75.0	72.0	108.0	70.0	73.0	73.0	71.0	77.0	70.0	72.0	106.0	66.0	76.0	70.0
192.816	71.0	70.0	104.0	69.0	68.0	95.0	71.0	70.0	100.0	77.0	73.0	64.0	67.0	73.0	77.0	75.0	99.0	72.0	78.0	71.0
192.907	74.0	74.0	104.0	76.0	73.0	105.0	69.0	72.0	106.0	76.0	79.0	71.0	66.0	78.0	71.0	82.0	105.0	77.0	72.0	74.0
192.999	65.0	75.0	104.0	69.0	72.0	98.0	65.0	73.0	103.0	72.0	77.0	69.0	73.0	69.0	62.0	77.0	102.0	79.0	75.0	72.0
193.091	62.0	71.0	107.0	72.0	69.0	104.0	71.0	71.0	108.0	74.0	70.0	63.0	72.0	75.0	73.0	76.0	100.0	73.0	78.0	65.0
193.183	70.0	64.0	100.0	75.0	63.0	98.0	73.0	71.0	100.0	75.0	76.0	67.0	72.0	75.0	77.0	76.0	99.0	72.0	62.0	63.0
193.274	71.0	73.0	98.0	78.0	71.0	96.0	66.0	75.0	104.0	71.0	70.0	72.0	73.0	74.0	72.0	82.0	94.0	73.0	72.0	71.0
193.366	70.0	72.0	100.0	74.0	70.0	102.0	72.0	74.0	102.0	77.0	74.0	66.0	70.0	77.0	74.0	74.0	98.0	75.0	73.0	71.0
193.458	70.0	73.0	101.0	65.0	69.0	103.0	70.0	74.0	106.0	79.0	74.0	71.0	70.0	78.0	74.0	70.0	101.0	71.0	78.0	71.0
193.55	75.0	72.0	102.0	71.0	70.0	100.0	73.0	71.0	107.0	70.0	72.0	68.0	67.0	80.0	76.0	70.0	105.0	73.0	76.0	68.0
193.642	68.0	68.0	104.0	75.0	69.0	97.0	68.0	75.0	104.0	70.0	73.0	69.0	65.0	74.0	73.0	83.0	103.0	77.0	75.0	71.0
193.734	69.0	76.0	107.0	73.0	70.0	103.0	72.0	76.0	108.0	76.0	78.0	76.0	71.0	75.0	64.0	80.0	103.0	77.0	80.0	76.0
193.825	66.0	72.0	101.0	67.0	71.0	97.0	73.0	74.0	104.0	70.0	76.0	62.0	66.0	74.0	74.0	79.0	102.0	70.0	75.0	61.0
193.917	68.0	65.0	100.0	68.0	68.0	100.0	70.0	76.0	102.0	76.0	78.0	67.0	70.0	71.0	78.0	74.0	101.0	71.0	71.0	68.0
194.009	77.0	75.0	104.0	75.0	70.0	98.0	67.0	80.0	99.0	71.0	69.0	72.0	73.0	78.0	73.0	81.0	99.0	76.0	74.0	72.0
194.101	68.0	76.0	104.0	72.0	69.0	102.0	68.0	73.0	103.0	73.0	70.0	75.0	69.0	76.0	73.0	74.0	103.0	68.0	79.0	72.0
194.193	71.0	75.0	108.0	63.0	73.0	101.0	76.0	68.0	98.0	73.0	69.0	73.0	71.0	79.0	70.0	66.0	104.0	73.0	74.0	68.0
194.285	64.0	76.0	102.0	76.0	74.0	96.0	75.0	69.0	100.0	76.0	70.0	68.0	72.0	78.0	72.0	71.0	101.0	68.0	75.0	77.0
194.377	69.0	67.0	103.0	77.0	74.0	98.0	71.0	66.0	104.0	66.0	74.0	71.0	61.0	78.0	69.0	77.0	98.0	73.0	78.0	68.0
194.469	72.0	77.0	104.0	70.0	76.0	97.0	66.0	74.0	101.0	72.0	74.0	74.0	71.0	66.0	70.0	76.0	102.0	71.0	72.0	67.0
194.561	68.0	72.0	107.0	70.0	73.0	103.0	69.0	73.0	109.0	70.0	70.0	68.0	68.0	75.0	72.0	72.0	99.0	70.0	78.0	68.0
194.653	72.0	74.0	103.0	71.0	66.0	99.0	76.0	70.0	101.0	68.0	70.0	66.0	66.0	79.0	71.0	67.0	97.0	72.0	65.0	70.0
194.745	66.0	71.0	100.0	71.0	64.0	102.0	65.0	71.0	102.0	72.0	70.0	68.0	68.0	76.0	73.0	74.0	96.0	75.0	75.0	69.0
194.837	69.0	70.0	98.0	70.0	75.0	99.0	71.0	75.0	108.0	72.0	74.0	70.0	67.0	78.0	65.0	81.0	100.0	70.0	75.0	70.0
194.929	70.0	69.0	103.0	70.0	75.0	106.0	71.0	74.0	104.0	78.0	68.0	72.0	67.0	75.0	72.0	71.0	104.0	67.0	74.0	66.0
195.022	73.0	74.0	102.0	74.0	69.0	104.0	70.0	69.0	105.0	78.0	72.0	66.0	76.0	78.0	74.0	80.0	99.0	74.0	68.0	70.0
195.114	73.0	70.0	101.0	80.0	69.0	98.0	72.0	71.0	98.0	74.0	76.0	74.0	72.0	75.0	74.0	74.0	104.0	74.0	70.0	70.0
195.206	72.0	78.0	101.0	70.0	72.0	97.0	65.0	71.0	101.0	74.0	69.0	72.0	70.0	74.0	69.0	77.0	96.0	72.0	71.0	68.0
195.298	72.0	74.0	101.0	68.0	75.0	101.0	77.0	70.0	105.0	80.0	66.0	63.0	71.0	76.0	72.0	75.0	103.0	71.0	77.0	65.0
195.39	76.0	76.0	111.0	80.0	68.0	109.0	72.0	77.0	104.0	81.0	70.0	70.0	77.0	81.0	73.0	79.0	102.0	80.0	74.0	73.0
195.482	73.0	71.0	107.0	74.0	69.0	98.0	74.0	73.0	106.0	72.0	69.0	71.0	72.0	74.0	74.0	75.0	98.0	73.0	78.0	77.0
195.575	68.0	75.0	108.0	76.0	73.0	100.0	66.0	70.0	102.0	65.0	76.0	66.0	73.0	78.0	72.0	75.0	100.0	74.0	74.0	68.0
195.667	73.0	72.0	107.0	72.0	75.0	105.0	75.0	75.0	103.0	71.0	71.0	75.0	73.0	78.0	76.0	78.0	109.0	67.0	76.0	71.0
195.759	67.0	73.0	107.0	74.0	71.0	96.0	70.0	70.0	100.0	80.0	72.0	73.0	68.0	74.0	72.0	75.0	106.0	64.0	67.0	72.0
195.851	74.0	75.0	108.0	75.0	70.0	104.0	70.0	75.0	110.0	76.0	77.0	78.0	73.0	75.0	75.0	82.0	110.0	77.0	80.0	74.0
195.944	75.0	72.0	99.0	73.0	76.0	101.0	70.0	82.0	112.0	73.0	74.0	75.0	68.0	69.0	63.0	70.0	104.0	72.0	73.0	71.0
196.036	67.0	71.0	105.0	76.0	68.0	102.0	70.0	73.0	105.0	74.0	76.0	71.0	75.0	74.0	72.0	68.0	103.0	70.0	81.0	68.0
196.128	66.0	68.0	105.0	69.0	70.0	101.0	66.0	72.0	105.0	75.0	72.0	71.0	72.0	78.0	73.0	72.0	99.0	69.0	74.0	66.0
196.221	68.0	68.0	104.0	76.0	71.0	101.0	64.0	73.0	100.0	74.0	73.0	65.0	65.0	79.0	70.0	70.0	97.0	77.0	69.0	72.0
196.313	72.0	76.0	109.0	74.0	76.0	105.0	73.0	83.0	109.0	80.0	74.0	78.0	72.0	78.0	76.0	74.0	104.0	78.0	75.0	74.0
196.405	74.0	75.0	104.0	66.0	71.0	108.0	67.0	76.0	110.0	77.0	76.0	67.0	74.0	77.0	75.0	74.0	98.0	64.0	70.0	69.0
196.498	70.0	76.0	107.0	71.0	74.0	103.0	69.0	68.0	103.0	75.0	74.0	75.0	68.0	77.0	74.0	67.0	106.0	74.0	74.0	69.0
196.59	83.0	91.0	122.0	94.0	89.0	115.0	92.0	90.0	120.0	92.0	90.0	88.0	85.0	97.0	89.0	89.0	120.0	96.0	95.0	92.0
196.682	74.0	80.0	103.0	70.0	73.0	100.0	74.0	74.0	104.0	76.0	76.0	73.0	72.0	75.0	76.0	79.0	107.0	78.0	69.0	69.0
196.775	69.0	76.0	102.0	70.0	75.0	103.0	70.0	74.0	102.0	75.0	70.0	66.0	72.0	73.0	70.0	74.0	101.0	72.0	75.0	67.0
196.867	68.0	70.0	105.0	79.0	72.0	100.0	71.0	72.0	101.0	75.0	73.0	65.0	69.0	74.0	73.0	79.0	98.0	73.0	76.0	70.0
196.96	66.0	72.0	102.0	73.0	68.0	94.0	71.0	70.0	104.0	72.0	69.0	69.0	69.0	71.0	69.0	76.0	92.0	69.0	71.0	72.0
197.052	72.0	76.0	105.0	75.0	69.0	98.0	65.0	74.0	105.0	70.0	73.0	73.0	72.0	73.0	71.0	75.0	98.0	71.0	79.0	71.0
197.145	74.0	75.0	104.0	72.0	80.0	105.0	75.0	78.0	105.0	79.0	73.0	79.0	73.0	77.0	73.0	73.0	101.0	74.0	82.0	71.0
197.237	68.0	69.0	105.0	67.0	71.0	101.0	69.0	70.0	106.0	74.0	65.0	69.0	74.0	70.0	72.0	69.0	104.0	73.0	76.0	72.0
197.33	72.0	74.0	111.0	79.0	70.0	107.0	74.0	76.0	106.0	74.0	76.0	72.0	73.0	81.0	77.0	78.0	97.0	76.0	75.0	74.0
197.422	69.0	76.0	103.0	72.0	69.0	103.0	73.0	74.0	104.0	68.0	76.0	65.0	69.0	74.0	77.0	74.0	101.0	74.0	73.0	72.0
197.515	73.0	72.0	99.0	77.0	72.0	102.0	70.0	74.0	106.0	72.0	76.0	72.0	68.0	73.0	73.0	73.0	106.0	71.0	76.0	76.0
197.608	65.0	70.0	106.0	76.0	70.0	100.0	73.0	72.0	102.0	74.0	71.0	64.0	70.0	80.0	74.0	76.0	100.0	78.0	72.0	64.0
197.7	72.0	70.0	110.0	77.0	64.0	99.0	68.0	74.0	101.0	72.0	73.0	74.0	68.0	78.0	65.0	71.0	99.0	72.0	70.0	69.0
197.793	76.0	72.0	110.0	75.0	71.0	104.0	70.0	73.0	102.0	70.0	71.0	71.0	75.0	69.0	75.0	77.0	100.0	77.0	78.0	76.0
197.886	76.0	74.0	110.0	75.0	72.0	105.0	74.0	74.0	102.0	73.0	78.0	73.0	72.0	75.0	74.0	71.0	104.0	77.0	79.0	72.0
197.978	70.0	70.0	108.0	70.0	78.0	103.0	72.0	77.0	110.0	80.0	74.0	70.0	71.0	78.0	75.0	73.0	107.0	71.0	76.0	74.0
198.071	70.0	76.0	105.0	70.0	75.0	104.0	75.0	69.0	109.0	76.0	75.0	70.0	69.0	81.0	70.0	77.0	102.0	73.0	80.0	72.0
198.164	71.0	75.0	98.0	74.0	75.0	101.0	68.0	72.0	102.0	74.0	75.0	67.0	64.0	79.0	70.0	75.0	105.0	70.0	72.0	68.0
198.256	76.0	77.0	104.0	83.0	73.0	103.0	79.0	78.0	108.0	81.0	79.0	73.0	73.0	78.0	72.0	82.0	109.0	81.0	77.0	73.0
198.349	73.0	79.0	106.0	70.0	76.0	107.0	73.0	80.0	110.0	76.0	77.0	66.0	77.0	77.0	81.0	80.0	99.0	77.0	85.0	72.0
198.442	68.0	71.0	109.0	80.0	71.0	96.0	71.0	77.0	100.0	70.0	77.0	66.0	73.0	71.0	74.0	74.0	100.0	79.0	71.0	69.0
198.534	71.0	65.0	108.0	72.0	74.0	101.0	65.0	72.0	104.0	74.0	71.0	69.0	72.0	71.0	69.0	76.0	100.0	77.0	72.0	70.0
198.627	72.0	79.0	111.0	74.0	78.0	106.0	70.0	73.0	107.0	76.0	76.0	73.0	84.0	75.0	77.0	77.0	100.0	73.0	78.0	61.0
198.72	74.0	78.0	107.0	72.0	76.0	103.0	76.0	74.0	100.0	78.0	69.0	72.0	71.0	75.0	78.0	76.0	101.0	75.0	78.0	73.0
198.813	68.0	76.0	106.0	76.0	70.0	99.0	68.0	68.0	103.0	74.0	76.0	74.0	72.0	74.0	74.0	72.0	98.0	72.0	66.0	65.0
198.906	70.0	77.0	100.0	71.0	73.0	103.0	70.0	73.0	101.0	73.0	74.0	73.0	65.0	74.0	71.0	77.0	102.0	72.0	74.0	71.0
198.999	70.0	77.0	102.0	74.0	72.0	104.0	76.0	75.0	108.0	71.0	77.0	73.0	73.0	77.0	76.0	74.0	103.0	71.0	76.0	74.0
199.091	67.0	79.0	108.0	75.0	72.0	104.0	73.0	77.0	98.0	70.0	70.0	70.0	72.0	80.0	76.0	73.0	101.0	72.0	69.0	67.0
199.184	78.0	68.0	102.0	69.0	67.0	102.0	67.0	71.0	104.0	75.0	67.0	68.0	67.0	80.0	77.0	82.0	101.0	67.0	71.0	70.0
199.277	73.0	74.0	102.0	66.0	68.0	105.0	65.0	71.0	107.0	70.0	75.0	74.0	72.0	82.0	74.0	77.0	96.0	73.0	74.0	71.0
199.37	76.0	79.0	102.0	74.0	75.0	106.0	69.0	77.0	108.0	73.0	76.0	73.0	80.0	77.0	80.0	73.0	105.0	78.0	80.0	68.0
199.463	71.0	70.0	105.0	76.0	74.0	105.0	71.0	74.0	102.0	75.0	69.0	73.0	68.0	72.0	73.0	75.0	98.0	69.0	73.0	71.0
199.556	68.0	75.0	106.0	77.0	71.0	102.0	68.0	73.0	107.0	77.0	74.0	68.0	78.0	78.0	68.0	70.0	100.0	69.0	68.0	70.0
199.649	68.0	72.0	96.0	73.0	71.0	103.0	68.0	77.0	110.0	73.0	71.0	67.0	70.0	72.0	74.0	75.0	106.0	71.0	75.0	71.0
199.742	72.0	69.0	98.0	73.0	73.0	99.0	65.0	80.0	104.0	76.0	67.0	68.0	71.0	76.0	67.0	78.0	100.0	74.0	72.0	70.0
199.835	68.0	68.0	102.0	75.0	76.0	102.0	72.0	75.0	108.0	74.0	78.0	67.0	72.0	77.0	71.0	75.0	106.0	77.0	76.0	65.0
199.928	62.0	73.0	107.0	70.0	70.0	104.0	68.0	74.0	99.0	73.0	71.0	67.0	71.0	80.0	78.0	73.0	105.0	76.0	73.0	71.0
200.021	66.0	70.0	100.0	73.0	67.0	97.0	68.0	65.0	106.0	68.0	69.0	69.0	68.0	74.0	74.0	75.0	94.0	73.0	75.0	67.0
200.114	74.0	74.0	106.0	69.0	72.0	105.0	66.0	78.0	106.0	77.0	79.0	76.0	75.0	79.0	77.0	77.0	102.0	79.0	80.0	73.0
200.207	72.0	78.0	109.0	71.0	73.0	106.0	71.0	80.0	106.0	75.0	72.0	74.0	68.0	83.0	78.0	82.0	111.0	74.0	73.0	70.0
200.3	68.0	68.0	106.0	75.0	74.0	103.0	77.0	70.0	106.0	73.0	74.0	73.0	74.0	78.0	76.0	71.0	104.0	71.0	78.0	66.0
200.393	69.0	70.0	104.0	70.0	75.0	101.0	67.0	71.0	103.0	68.0	76.0	64.0	67.0	72.0	76.0	77.0	96.0	70.0	69.0	65.0
200.486	74.0	69.0	96.0	73.0	72.0	100.0	68.0	77.0	101.0	73.0	74.0	66.0	66.0	70.0	74.0	74.0	104.0	74.0	76.0	70.0
200.58	76.0	74.0	105.0	75.0	71.0	103.0	73.0	81.0	103.0	80.0	77.0	70.0	72.0	79.0	72.0	79.0	100.0	71.0	78.0	70.0
200.673	65.0	75.0	104.0	78.0	71.0	100.0	67.0	70.0	106.0	78.0	77.0	67.0	72.0	73.0	74.0	73.0	102.0	72.0	67.0	65.0
200.766	71.0	69.0	107.0	75.0	68.0	97.0	72.0	73.0	103.0	78.0	72.0	70.0	71.0	79.0	76.0	74.0	100.0	75.0	76.0	74.0
200.859	75.0	77.0	101.0	71.0	68.0	99.0	75.0	70.0	104.0	78.0	76.0	70.0	77.0	74.0	70.0	73.0	95.0	75.0	71.0	72.0
200.952	71.0	80.0	101.0	68.0	74.0	96.0	69.0	74.0	100.0	75.0	69.0	62.0	70.0	73.0	72.0	79.0	101.0	72.0	71.0	69.0
201.045	65.0	72.0	104.0	76.0	69.0	101.0	72.0	73.0	100.0	77.0	72.0	72.0	72.0	78.0	75.0	73.0	102.0	74.0	73.0	72.0
201.139	70.0	69.0	108.0	77.0	66.0	102.0	70.0	74.0	102.0	77.0	76.0	70.0	69.0	80.0	74.0	79.0	101.0	80.0	80.0	71.0
201.232	65.0	75.0	104.0	73.0	63.0	102.0	71.0	75.0	106.0	75.0	75.0	71.0	70.0	76.0	66.0	73.0	101.0	73.0	76.0	66.0
201.325	62.0	75.0	104.0	73.0	76.0	100.0	73.0	64.0	103.0	73.0	74.0	64.0	75.0	80.0	72.0	78.0	99.0	75.0	74.0	70.0
201.418	68.0	68.0	103.0	69.0	72.0	102.0	70.0	73.0	99.0	71.0	69.0	66.0	68.0	77.0	72.0	74.0	99.0	75.0	75.0	67.0
201.512	70.0	70.0	103.0	77.0	70.0	106.0	69.0	76.0	107.0	78.0	74.0	74.0	74.0	72.0	73.0	73.0	99.0	70.0	76.0	77.0
201.605	75.0	71.0	104.0	75.0	69.0	98.0	72.0	75.0	102.0	70.0	74.0	75.0	71.0	73.0	73.0	77.0	98.0	73.0	72.0	77.0
201.698	75.0	78.0	112.0	76.0	74.0	104.0	74.0	76.0	108.0	78.0	72.0	66.0	70.0	76.0	75.0	78.0	112.0	70.0	81.0	74.0
201.792	77.0	76.0	105.0	78.0	67.0	98.0	72.0	70.0	109.0	74.0	71.0	73.0	71.0	79.0	74.0	67.0	102.0	77.0	72.0	68.0
201.885	90.0	96.0	137.0	100.0	98.0	128.0	86.0	96.0	132.0	96.0	99.0	93.0	93.0	101.0	97.0	97.0	126.0	96.0	95.0	93.0
201.978	72.0	77.0	99.0	76.0	78.0	102.0	69.0	80.0	109.0	77.0	73.0	74.0	71.0	73.0	71.0	76.0	103.0	77.0	74.0	71.0
202.072	73.0	80.0	106.0	76.0	69.0	96.0	69.0	78.0	109.0	75.0	72.0	69.0	71.0	76.0	76.0	76.0	103.0	72.0	81.0	72.0
202.165	66.0	72.0	105.0	76.0	68.0	109.0	68.0	69.0	102.0	74.0	70.0	70.0	75.0	73.0	73.0	81.0	103.0	75.0	76.0	65.0
202.259	91.0	91.0	124.0	98.0	88.0	118.0	87.0	94.0	123.0	95.0	96.0	98.0	91.0	99.0	96.0	98.0	115.0	95.0	93.0	97.0
202.352	72.0	74.0	104.0	72.0	70.0	94.0	66.0	75.0	109.0	74.0	71.0	72.0	72.0	72.0	74.0	76.0	96.0	77.0	71.0	76.0
202.446	70.0	73.0	106.0	76.0	77.0	105.0	63.0	75.0	105.0	73.0	70.0	74.0	70.0	79.0	72.0	78.0	101.0	68.0	70.0	68.0
202.539	71.0	74.0	101.0	78.0	75.0	100.0	70.0	70.0	102.0	76.0	71.0	72.0	73.0	74.0	73.0	68.0	97.0	66.0	76.0	68.0
202.633	68.0	71.0	102.0	74.0	78.0	101.0	70.0	70.0	101.0	70.0	74.0	70.0	74.0	74.0	78.0	76.0	101.0	73.0	74.0	70.0
202.726	73.0	73.0	99.0	78.0	74.0	103.0	70.0	75.0	103.0	66.0	74.0	66.0	69.0	74.0	73.0	69.0	101.0	80.0	76.0	69.0
202.82	69.0	76.0	102.0	76.0	68.0	100.0	71.0	72.0	103.0	70.0	72.0	72.0	69.0	70.0	68.0	74.0	97.0	70.0	70.0	72.0
202.913	69.0	74.0	105.0	74.0	72.0	106.0	70.0	79.0	102.0	71.0	76.0	66.0	70.0	73.0	71.0	73.0	104.0	72.0	72.0	67.0
203.007	74.0	74.0	109.0	74.0	64.0	100.0	73.0	76.0	100.0	84.0	75.0	71.0	72.0	79.0	85.0	78.0	104.0	68.0	73.0	72.0
203.1	73.0	81.0	104.0	72.0	67.0	104.0	65.0	75.0	94.0	72.0	77.0	69.0	68.0	79.0	74.0	78.0	95.0	79.0	71.0	70.0
203.194	72.0	79.0	103.0	75.0	72.0	105.0	64.0	77.0	99.0	74.0	72.0	67.0	74.0	77.0	75.0	77.0	98.0	72.0	72.0	74.0
203.288	68.0	74.0	101.0	73.0	70.0	104.0	72.0	72.0	102.0	70.0	64.0	70.0	73.0	80.0	75.0	70.0	104.0	68.0	79.0	73.0
203.381	70.0	76.0	107.0	75.0	69.0	106.0	78.0	78.0	102.0	73.0	72.0	65.0	72.0	83.0	75.0	76.0	103.0	75.0	72.0	65.0
203.475	76.0	76.0	107.0	76.0	71.0	103.0	71.0	80.0	105.0	86.0	81.0	73.0	72.0	79.0	75.0	81.0	102.0	82.0	79.0	74.0
203.569	67.0	74.0	104.0	77.0	72.0	100.0	68.0	77.0	105.0	72.0	70.0	67.0	68.0	78.0	72.0	77.0	102.0	70.0	73.0	67.0
203.662	75.0	72.0	109.0	82.0	79.0	105.0	73.0	76.0	103.0	79.0	73.0	70.0	76.0	78.0	77.0	80.0	107.0	76.0	71.0	73.0
203.756	73.0	72.0	105.0	74.0	70.0	99.0	73.0	74.0	101.0	74.0	73.0	73.0	73.0	79.0	72.0	78.0	103.0	71.0	69.0	69.0
203.85	75.0	79.0	106.0	74.0	76.0	102.0	76.0	81.0	108.0	81.0	77.0	72.0	75.0	78.0	77.0	82.0	102.0	78.0	79.0	83.0
203.943	76.0	73.0	105.0	74.0	74.0	107.0	69.0	80.0	103.0	71.0	74.0	73.0	76.0	85.0	76.0	80.0	95.0	77.0	76.0	74.0
204.037	70.0	76.0	105.0	79.0	65.0	102.0	73.0	76.0	102.0	72.0	70.0	73.0	71.0	77.0	73.0	76.0	102.0	69.0	80.0	77.0
204.131	70.0	75.0	110.0	76.0	78.0	104.0	71.0	76.0	104.0	76.0	76.0	76.0	75.0	76.0	72.0	79.0	104.0	76.0	73.0	74.0
204.225	90.0	94.0	125.0	96.0	83.0	119.0	86.0	93.0	122.0	95.0	92.0	88.0	89.0	98.0	98.0	94.0	123.0	92.0	98.0	86.0
204.318	79.0	82.0	112.0	85.0	80.0	110.0	75.0	84.0	114.0	80.0	82.0	77.0	77.0	83.0	77.0	86.0	112.0	83.0	80.0	80.0
204.412	74.0	75.0	108.0	77.0	71.0	101.0	69.0	78.0	107.0	74.0	74.0	64.0	75.0	74.0	80.0	77.0	100.0	74.0	76.0	65.0
204.506	68.0	66.0	107.0	71.0	70.0	104.0	76.0	76.0	106.0	75.0	78.0	72.0	76.0	77.0	72.0	77.0	105.0	76.0	72.0	71.0
204.6	74.0	80.0	99.0	77.0	70.0	98.0	68.0	73.0	104.0	74.0	72.0	73.0	69.0	78.0	71.0	75.0	96.0	75.0	69.0	71.0
204.694	71.0	75.0	106.0	69.0	72.0	98.0	60.0	70.0	102.0	73.0	74.0	70.0	69.0	77.0	77.0	74.0	100.0	72.0	71.0	71.0
204.788	70.0	77.0	107.0	75.0	70.0	102.0	68.0	78.0	103.0	75.0	70.0	72.0	68.0	78.0	77.0	77.0	108.0	72.0	77.0	66.0
204.882	72.0	72.0	107.0	76.0	73.0	103.0	70.0	71.0	104.0	77.0	70.0	69.0	68.0	78.0	79.0	78.0	104.0	72.0	74.0	71.0
204.975	90.0	102.0	127.0	95.0	97.0	123.0	94.0	101.0	130.0	96.0	99.0	90.0	91.0	101.0	96.0	95.0	124.0	96.0	91.0	89.0
205.069	70.0	78.0	102.0	76.0	74.0	98.0	66.0	74.0	97.0	73.0	78.0	73.0	68.0	76.0	70.0	77.0	103.0	80.0	80.0	70.0
205.163	77.0	77.0	106.0	72.0	77.0	105.0	69.0	75.0	100.0	78.0	73.0	67.0	76.0	80.0	77.0	74.0	105.0	80.0	78.0	76.0
205.257	65.0	68.0	104.0	76.0	66.0	104.0	70.0	72.0	102.0	75.0	69.0	73.0	67.0	80.0	74.0	77.0	98.0	70.0	73.0	66.0
205.351	70.0	75.0	103.0	75.0	68.0	102.0	68.0	72.0	104.0	71.0	77.0	66.0	72.0	80.0	74.0	79.0	99.0	68.0	73.0	71.0
205.445	73.0	74.0	110.0	71.0	73.0	100.0	66.0	81.0	102.0	75.0	76.0	72.0	73.0	75.0	76.0	83.0	103.0	74.0	76.0	73.0
205.539	68.0	73.0	105.0	76.0	77.0	103.0	68.0	78.0	106.0	76.0	72.0	73.0	74.0	77.0	72.0	75.0	101.0	71.0	73.0	70.0
205.633	143.0	150.0	177.0	158.0	148.0	182.0	157.0	142.0	182.0	147.0	146.0	148.0	148.0	153.0	150.0	148.0	178.0	150.0	151.0	147.0
205.727	75.0	79.0	108.0	78.0	78.0	107.0	71.0	78.0	111.0	81.0	79.0	75.0	70.0	77.0	81.0	83.0	112.0	82.0	83.0	77.0
205.821	76.0	74.0	99.0	74.0	68.0	102.0	66.0	77.0	97.0	71.0	72.0	65.0	71.0	70.0	75.0	80.0	102.0	76.0	73.0	69.0
205.915	70.0	70.0	106.0	72.0	74.0	104.0	72.0	71.0	105.0	76.0	76.0	70.0	68.0	70.0	73.0	75.0	105.0	73.0	77.0	68.0
206.01	69.0	68.0	99.0	71.0	66.0	104.0	71.0	71.0	103.0	85.0	72.0	66.0	67.0	74.0	73.0	80.0	106.0	64.0	73.0	65.0
206.104	66.0	80.0	103.0	76.0	70.0	97.0	69.0	69.0	103.0	71.0	72.0	70.0	71.0	82.0	74.0	79.0	103.0	74.0	68.0	66.0
206.198	78.0	75.0	108.0	80.0	70.0	103.0	68.0	81.0	105.0	70.0	76.0	75.0	74.0	73.0	80.0	76.0	103.0	79.0	78.0	75.0
206.292	75.0	76.0	108.0	78.0	79.0	104.0	76.0	76.0	101.0	76.0	78.0	74.0	74.0	79.0	75.0	83.0	109.0	72.0	76.0	73.0
206.386	73.0	78.0	107.0	79.0	70.0	102.0	70.0	75.0	102.0	75.0	70.0	68.0	74.0	81.0	75.0	68.0	107.0	69.0	74.0	76.0
206.48	100.0	99.0	127.0	97.0	94.0	122.0	97.0	95.0	125.0	103.0	94.0	95.0	96.0	98.0	98.0	102.0	119.0	98.0	96.0	94.0
206.574	74.0	75.0	103.0	82.0	79.0	106.0	71.0	73.0	112.0	76.0	78.0	76.0	74.0	82.0	75.0	81.0	104.0	76.0	76.0	74.0
206.669	91.0	96.0	120.0	95.0	85.0	121.0	90.0	90.0	119.0	85.0	94.0	87.0	87.0	90.0	86.0	90.0	117.0	87.0	93.0	85.0
206.763	85.0	88.0	122.0	94.0	84.0	121.0	84.0	89.0	116.0	90.0	89.0	79.0	88.0	99.0	90.0	91.0	121.0	91.0	89.0	86.0
206.857	67.0	73.0	104.0	73.0	73.0	106.0	72.0	76.0	103.0	76.0	78.0	67.0	76.0	79.0	75.0	75.0	100.0	71.0	73.0	70.0
206.951	72.0	74.0	105.0	75.0	73.0	101.0	70.0	80.0	109.0	75.0	82.0	72.0	70.0	84.0	76.0	75.0	105.0	74.0	76.0	71.0
207.046	67.0	81.0	102.0	72.0	75.0	102.0	65.0	66.0	108.0	72.0	75.0	65.0	76.0	81.0	74.0	76.0	101.0	76.0	78.0	74.0
207.14	73.0	77.0	105.0	74.0	78.0	105.0	75.0	76.0	109.0	76.0	76.0	74.0	74.0	80.0	75.0	72.0	104.0	72.0	78.0	71.0
207.234	76.0	76.0	107.0	73.0	69.0	102.0	71.0	68.0	104.0	77.0	75.0	69.0	66.0	78.0	73.0	77.0	104.0	72.0	74.0	70.0
207.329	69.0	72.0	106.0	78.0	70.0	98.0	68.0	73.0	103.0	68.0	76.0	69.0	69.0	73.0	70.0	75.0	104.0	69.0	74.0	72.0
207.423	69.0	73.0	109.0	79.0	72.0	105.0	70.0	73.0	110.0	77.0	74.0	72.0	71.0	78.0	70.0	77.0	107.0	77.0	79.0	74.0
207.517	69.0	72.0	104.0	71.0	67.0	106.0	66.0	76.0	97.0	71.0	74.0	65.0	73.0	81.0	71.0	76.0	105.0	78.0	76.0	66.0
207.612	74.0	71.0	102.0	72.0	68.0	101.0	72.0	72.0	104.0	71.0	76.0	63.0	67.0	79.0	72.0	71.0	104.0	72.0	72.0	72.0
207.706	72.0	75.0	101.0	73.0	70.0	97.0	69.0	75.0	110.0	69.0	74.0	71.0	69.0	81.0	77.0	76.0	102.0	75.0	75.0	71.0
207.8	72.0	74.0	107.0	76.0	73.0	104.0	65.0	71.0	108.0	75.0	69.0	74.0	71.0	76.0	69.0	72.0	107.0	76.0	74.0	73.0
207.895	71.0	75.0	105.0	74.0	70.0	104.0	69.0	74.0	106.0	74.0	70.0	75.0	72.0	76.0	73.0	76.0	103.0	70.0	75.0	70.0
207.989	70.0	72.0	108.0	80.0	71.0	104.0	68.0	70.0	103.0	77.0	70.0	72.0	72.0	70.0	72.0	70.0	102.0	77.0	78.0	71.0
208.084	73.0	76.0	107.0	77.0	78.0	99.0	68.0	78.0	107.0	76.0	78.0	75.0	71.0	72.0	68.0	70.0	100.0	72.0	71.0	72.0
208.178	75.0	79.0	102.0	73.0	77.0	104.0	66.0	81.0	106.0	81.0	76.0	77.0	73.0	74.0	78.0	78.0	105.0	80.0	73.0	73.0
208.273	66.0	75.0	106.0	75.0	64.0	103.0	64.0	74.0	102.0	75.0	72.0	67.0	68.0	74.0	72.0	75.0	105.0	73.0	76.0	65.0
208.367	68.0	72.0	108.0	71.0	68.0	104.0	72.0	74.0	101.0	76.0	73.0	66.0	76.0	76.0	76.0	72.0	100.0	67.0	73.0	66.0
208.462	76.0	73.0	107.0	68.0	72.0	101.0	76.0	76.0	111.0	76.0	78.0	78.0	77.0	74.0	74.0	78.0	98.0	77.0	80.0	72.0
208.556	71.0	78.0	111.0	79.0	74.0	106.0	67.0	81.0	110.0	79.0	80.0	73.0	76.0	79.0	70.0	79.0	104.0	71.0	73.0	75.0
208.651	68.0	73.0	101.0	75.0	75.0	96.0	64.0	76.0	101.0	72.0	73.0	76.0	72.0	75.0	73.0	76.0	101.0	69.0	72.0	71.0
208.745	66.0	71.0	105.0	75.0	68.0	105.0	73.0	75.0	104.0	78.0	76.0	72.0	80.0	78.0	71.0	78.0	104.0	77.0	73.0	76.0
208.84	77.0	75.0	110.0	77.0	75.0	107.0	79.0	86.0	106.0	77.0	80.0	74.0	76.0	82.0	79.0	85.0	108.0	78.0	73.0	74.0
208.934	71.0	74.0	105.0	76.0	69.0	99.0	74.0	77.0	106.0	83.0	71.0	71.0	75.0	72.0	66.0	76.0	106.0	76.0	70.0	71.0
209.029	66.0	73.0	105.0	79.0	76.0	109.0	73.0	77.0	100.0	72.0	73.0	72.0	77.0	80.0	78.0	75.0	107.0	75.0	82.0	69.0
209.124	72.0	76.0	104.0	76.0	70.0	102.0	73.0	74.0	95.0	75.0	68.0	66.0	73.0	76.0	75.0	70.0	109.0	77.0	71.0	68.0
209.218	70.0	72.0	105.0	73.0	73.0	103.0	73.0	76.0	98.0	73.0	78.0	73.0	73.0	76.0	72.0	76.0	96.0	74.0	75.0	70.0
209.313	72.0	74.0	104.0	77.0	74.0	102.0	68.0	77.0	107.0	70.0	73.0	72.0	68.0	77.0	73.0	76.0	104.0	80.0	76.0	76.0
209.408	71.0	76.0	102.0	71.0	73.0	106.0	66.0	72.0	103.0	72.0	67.0	66.0	70.0	74.0	68.0	73.0	101.0	74.0	75.0	69.0
209.502	74.0	78.0	101.0	76.0	67.0	100.0	76.0	68.0	105.0	74.0	70.0	70.0	75.0	74.0	77.0	70.0	105.0	74.0	78.0	67.0
209.597	72.0	69.0	110.0	79.0	70.0	98.0	76.0	76.0	107.0	76.0	72.0	74.0	68.0	80.0	73.0	79.0	104.0	77.0	76.0	75.0
209.692	70.0	76.0	100.0	74.0	71.0	103.0	68.0	78.0	104.0	73.0	74.0	74.0	72.0	79.0	75.0	81.0	102.0	73.0	72.0	71.0
209.786	68.0	76.0	99.0	75.0	71.0	105.0	71.0	73.0	95.0	76.0	68.0	66.0	66.0	78.0	71.0	76.0	100.0	73.0	74.0	65.0
209.881	68.0	73.0	107.0	77.0	65.0	108.0	77.0	75.0	100.0	80.0	74.0	72.0	73.0	75.0	76.0	75.0	102.0	69.0	72.0	68.0
209.976	72.0	73.0	101.0	73.0	69.0	94.0	71.0	72.0	101.0	68.0	77.0	73.0	73.0	77.0	74.0	78.0	100.0	71.0	69.0	76.0
210.071	76.0	67.0	108.0	74.0	74.0	95.0	70.0	76.0	102.0	72.0	78.0	78.0	73.0	66.0	74.0	78.0	97.0	72.0	72.0	74.0
210.166	71.0	73.0	109.0	76.0	72.0	104.0	70.0	77.0	105.0	72.0	71.0	68.0	74.0	72.0	68.0	80.0	102.0	78.0	80.0	68.0
210.26	69.0	78.0	107.0	76.0	71.0	101.0	72.0	68.0	102.0	75.0	73.0	71.0	70.0	77.0	76.0	72.0	101.0	72.0	68.0	62.0
210.355	69.0	81.0	110.0	70.0	73.0	97.0	81.0	74.0	99.0	71.0	78.0	72.0	70.0	84.0	72.0	73.0	102.0	78.0	79.0	71.0
210.45	75.0	75.0	104.0	78.0	75.0	103.0	69.0	77.0	106.0	75.0	73.0	74.0	67.0	72.0	70.0	76.0	101.0	75.0	79.0	70.0
210.545	79.0	80.0	114.0	78.0	79.0	109.0	72.0	80.0	104.0	78.0	79.0	68.0	80.0	80.0	73.0	86.0	105.0	76.0	78.0	69.0
210.64	70.0	73.0	116.0	81.0	69.0	104.0	76.0	73.0	106.0	77.0	74.0	74.0	79.0	86.0	80.0	78.0	107.0	68.0	77.0	73.0
210.735	68.0	72.0	104.0	72.0	67.0	100.0	71.0	76.0	107.0	70.0	73.0	68.0	73.0	81.0	72.0	76.0	99.0	70.0	77.0	73.0
210.83	77.0	75.0	108.0	74.0	81.0	102.0	67.0	74.0	109.0	71.0	80.0	77.0	77.0	80.0	74.0	80.0	101.0	84.0	81.0	75.0
210.925	73.0	76.0	102.0	77.0	76.0	105.0	67.0	80.0	106.0	76.0	69.0	70.0	77.0	80.0	74.0	72.0	99.0	73.0	73.0	73.0
211.02	75.0	72.0	104.0	83.0	72.0	108.0	68.0	77.0	107.0	74.0	75.0	72.0	78.0	78.0	74.0	72.0	101.0	75.0	76.0	68.0
211.114	69.0	78.0	103.0	74.0	69.0	102.0	70.0	74.0	106.0	69.0	72.0	70.0	72.0	80.0	78.0	68.0	102.0	73.0	73.0	66.0
211.209	72.0	80.0	108.0	77.0	73.0	100.0	66.0	76.0	107.0	77.0	74.0	76.0	65.0	74.0	77.0	76.0	97.0	81.0	76.0	75.0
211.304	67.0	77.0	102.0	78.0	76.0	103.0	69.0	76.0	101.0	74.0	73.0	72.0	68.0	76.0	78.0	76.0	100.0	73.0	78.0	72.0
211.399	68.0	71.0	104.0	71.0	73.0	97.0	68.0	73.0	105.0	74.0	75.0	66.0	73.0	79.0	78.0	80.0	103.0	70.0	72.0	67.0
211.494	72.0	72.0	102.0	74.0	71.0	102.0	78.0	69.0	101.0	77.0	69.0	74.0	72.0	75.0	74.0	80.0	102.0	73.0	70.0	70.0
211.59	77.0	78.0	104.0	76.0	78.0	104.0	71.0	75.0	106.0	80.0	75.0	73.0	74.0	82.0	80.0	82.0	105.0	76.0	80.0	79.0
211.685	82.0	83.0	115.0	85.0	81.0	114.0	73.0	86.0	111.0	88.0	83.0	87.0	77.0	91.0	85.0	84.0	116.0	88.0	91.0	81.0
211.78	81.0	86.0	115.0	93.0	85.0	113.0	77.0	78.0	111.0	91.0	85.0	87.0	86.0	90.0	84.0	79.0	113.0	84.0	86.0	83.0
211.875	68.0	77.0	106.0	79.0	71.0	97.0	70.0	75.0	105.0	80.0	74.0	74.0	69.0	78.0	76.0	73.0	98.0	75.0	77.0	73.0
211.97	70.0	75.0	106.0	74.0	71.0	104.0	72.0	75.0	109.0	78.0	74.0	74.0	68.0	79.0	72.0	75.0	106.0	76.0	69.0	70.0
212.065	78.0	88.0	111.0	88.0	86.0	113.0	75.0	83.0	105.0	82.0	82.0	77.0	78.0	84.0	76.0	89.0	113.0	82.0	89.0	80.0
212.16	69.0	75.0	100.0	73.0	73.0	107.0	69.0	73.0	102.0	82.0	74.0	71.0	71.0	83.0	71.0	79.0	106.0	75.0	78.0	73.0
212.255	69.0	68.0	103.0	78.0	76.0	106.0	70.0	70.0	108.0	78.0	73.0	69.0	72.0	82.0	79.0	77.0	103.0	73.0	73.0	71.0
212.35	66.0	77.0	101.0	72.0	74.0	101.0	65.0	74.0	103.0	71.0	77.0	74.0	70.0	76.0	77.0	79.0	103.0	78.0	77.0	74.0
212.446	74.0	74.0	101.0	78.0	78.0	106.0	65.0	72.0	98.0	76.0	73.0	68.0	72.0	80.0	75.0	74.0	104.0	70.0	75.0	71.0
212.541	76.0	77.0	108.0	82.0	73.0	105.0	71.0	73.0	106.0	81.0	74.0	76.0	71.0	83.0	73.0	80.0	108.0	72.0	83.0	73.0
212.636	86.0	82.0	113.0	87.0	84.0	110.0	87.0	82.0	106.0	80.0	80.0	79.0	81.0	86.0	88.0	82.0	110.0	87.0	86.0	78.0
212.731	71.0	76.0	107.0	77.0	72.0	104.0	74.0	74.0	110.0	74.0	70.0	72.0	65.0	80.0	72.0	79.0	106.0	75.0	78.0	70.0
212.827	69.0	69.0	99.0	78.0	74.0	100.0	65.0	76.0	100.0	76.0	78.0	69.0	76.0	75.0	65.0	76.0	104.0	76.0	76.0	69.0
212.922	66.0	73.0	106.0	74.0	68.0	102.0	67.0	75.0	98.0	75.0	72.0	68.0	75.0	76.0	75.0	74.0	103.0	70.0	73.0	63.0
213.017	66.0	69.0	107.0	72.0	69.0	101.0	69.0	75.0	100.0	79.0	74.0	74.0	72.0	76.0	77.0	75.0	102.0	72.0	70.0	73.0
213.112	70.0	76.0	98.0	72.0	74.0	101.0	71.0	76.0	103.0	72.0	74.0	77.0	70.0	80.0	81.0	81.0	100.0	73.0	73.0	73.0
213.208	67.0	79.0	103.0	76.0	81.0	104.0	72.0	74.0	101.0	78.0	75.0	72.0	72.0	78.0	76.0	77.0	104.0	76.0	77.0	71.0
213.303	76.0	75.0	111.0	80.0	74.0	107.0	71.0	73.0	105.0	78.0	72.0	72.0	74.0	79.0	77.0	80.0	107.0	74.0	75.0	76.0
213.398	67.0	70.0	104.0	79.0	70.0	105.0	69.0	73.0	101.0	72.0	72.0	70.0	72.0	82.0	74.0	77.0	99.0	74.0	76.0	68.0
213.494	71.0	78.0	107.0	73.0	75.0	109.0	74.0	72.0	102.0	80.0	76.0	72.0	66.0	75.0	75.0	76.0	104.0	74.0	77.0	72.0
213.589	71.0	79.0	99.0	77.0	79.0	104.0	72.0	79.0	98.0	73.0	77.0	70.0	76.0	75.0	77.0	73.0	100.0	77.0	76.0	76.0
213.684	67.0	77.0	104.0	70.0	70.0	104.0	66.0	77.0	97.0	70.0	69.0	65.0	75.0	77.0	78.0	79.0	100.0	72.0	81.0	66.0
213.78	65.0	73.0	111.0	79.0	73.0	107.0	71.0	78.0	108.0	74.0	78.0	75.0	79.0	83.0	77.0	80.0	104.0	75.0	69.0	69.0
213.875	69.0	75.0	103.0	72.0	79.0	99.0	74.0	74.0	110.0	69.0	76.0	78.0	73.0	76.0	74.0	78.0	101.0	72.0	77.0	73.0
213.971	74.0	73.0	105.0	75.0	70.0	99.0	67.0	79.0	107.0	72.0	75.0	68.0	76.0	75.0	78.0	74.0	98.0	72.0	77.0	73.0
214.066	66.0	74.0	106.0	78.0	75.0	106.0	73.0	71.0	102.0	77.0	66.0	76.0	72.0	75.0	75.0	73.0	107.0	74.0	76.0	73.0
214.162	69.0	73.0	104.0	76.0	68.0	99.0	70.0	74.0	98.0	73.0	72.0	69.0	73.0	76.0	77.0	71.0	103.0	67.0	75.0	73.0
214.257	76.0	80.0	107.0	76.0	71.0	97.0	70.0	76.0	105.0	72.0	79.0	74.0	74.0	75.0	70.0	76.0	100.0	77.0	74.0	76.0
214.353	73.0	75.0	102.0	78.0	77.0	104.0	69.0	78.0	103.0	77.0	76.0	73.0	67.0	75.0	74.0	73.0	103.0	71.0	72.0	71.0
214.448	65.0	79.0	100.0	77.0	73.0	106.0	69.0	77.0	100.0	75.0	79.0	68.0	72.0	81.0	71.0	81.0	105.0	71.0	78.0	67.0
214.544	74.0	77.0	104.0	80.0	68.0	107.0	70.0	80.0	106.0	83.0	72.0	74.0	74.0	80.0	79.0	71.0	104.0	74.0	81.0	66.0
214.639	72.0	74.0	109.0	78.0	76.0	101.0	75.0	76.0	102.0	71.0	74.0	73.0	69.0	79.0	74.0	75.0	98.0	74.0	75.0	68.0
214.735	69.0	76.0	106.0	80.0	75.0	98.0	68.0	76.0	102.0	73.0	79.0	71.0	69.0	76.0	68.0	73.0	105.0	79.0	76.0	71.0
214.83	72.0	75.0	107.0	78.0	79.0	108.0	64.0	72.0	102.0	79.0	76.0	71.0	75.0	73.0	75.0	82.0	107.0	72.0	81.0	73.0
214.926	71.0	78.0	107.0	73.0	71.0	99.0	70.0	70.0	99.0	77.0	76.0	74.0	75.0	79.0	78.0	70.0	100.0	77.0	79.0	70.0
215.022	70.0	75.0	108.0	81.0	68.0	106.0	68.0	75.0	102.0	73.0	80.0	70.0	74.0	76.0	78.0	73.0	109.0	77.0	74.0	70.0
215.117	73.0	76.0	115.0	81.0	76.0	107.0	68.0	82.0	103.0	77.0	75.0	72.0	74.0	84.0	73.0	80.0	108.0	79.0	78.0	74.0
215.213	74.0	78.0	103.0	80.0	75.0	108.0	70.0	74.0	103.0	72.0	76.0	68.0	80.0	81.0	79.0	80.0	112.0	70.0	80.0	77.0
215.308	69.0	70.0	108.0	78.0	66.0	106.0	68.0	76.0	105.0	80.0	82.0	69.0	77.0	79.0	81.0	83.0	112.0	75.0	70.0	75.0
215.404	72.0	70.0	105.0	80.0	70.0	98.0	75.0	69.0	107.0	76.0	75.0	73.0	78.0	76.0	76.0	78.0	105.0	76.0	74.0	76.0
215.5	77.0	78.0	107.0	72.0	74.0	99.0	74.0	74.0	101.0	77.0	78.0	74.0	76.0	80.0	78.0	80.0	101.0	73.0	72.0	75.0
215.596	71.0	76.0	111.0	84.0	78.0	107.0	76.0	79.0	107.0	82.0	75.0	75.0	77.0	79.0	74.0	79.0	106.0	76.0	82.0	80.0
215.691	68.0	72.0	106.0	81.0	78.0	105.0	74.0	72.0	105.0	78.0	74.0	72.0	72.0	76.0	72.0	75.0	100.0	73.0	78.0	72.0
215.787	69.0	79.0	108.0	76.0	77.0	104.0	69.0	75.0	108.0	81.0	77.0	73.0	70.0	73.0	79.0	73.0	104.0	76.0	76.0	76.0
215.883	67.0	71.0	104.0	73.0	79.0	104.0	66.0	75.0	110.0	75.0	76.0	72.0	61.0	79.0	73.0	76.0	98.0	76.0	74.0	71.0
215.979	79.0	73.0	101.0	75.0	71.0	104.0	70.0	71.0	100.0	73.0	73.0	75.0	71.0	81.0	75.0	78.0	106.0	72.0	76.0	72.0
216.074	87.0	86.0	121.0	95.0	91.0	120.0	90.0	92.0	117.0	96.0	87.0	87.0	90.0	97.0	87.0	88.0	120.0	94.0	92.0	86.0
216.17	69.0	73.0	111.0	78.0	78.0	103.0	78.0	73.0	109.0	72.0	76.0	70.0	75.0	80.0	74.0	73.0	100.0	75.0	70.0	70.0
216.266	79.0	78.0	112.0	79.0	80.0	114.0	72.0	79.0	110.0	74.0	85.0	78.0	80.0	83.0	78.0	81.0	106.0	77.0	77.0	84.0
216.362	73.0	79.0	108.0	78.0	76.0	107.0	72.0	80.0	108.0	77.0	69.0	78.0	77.0	80.0	75.0	84.0	106.0	73.0	76.0	77.0
216.458	71.0	76.0	102.0	81.0	73.0	106.0	69.0	75.0	102.0	77.0	73.0	68.0	79.0	77.0	70.0	76.0	106.0	72.0	78.0	68.0
216.553	70.0	77.0	111.0	78.0	70.0	104.0	75.0	70.0	105.0	68.0	76.0	77.0	72.0	85.0	76.0	74.0	99.0	73.0	81.0	72.0
216.649	72.0	76.0	105.0	80.0	74.0	101.0	69.0	80.0	100.0	71.0	75.0	73.0	64.0	77.0	79.0	74.0	98.0	79.0	72.0	72.0
216.745	69.0	77.0	100.0	76.0	76.0	104.0	71.0	79.0	107.0	74.0	75.0	69.0	69.0	87.0	72.0	78.0	105.0	73.0	73.0	72.0
216.841	72.0	73.0	105.0	72.0	72.0	105.0	69.0	81.0	99.0	79.0	73.0	64.0	75.0	79.0	74.0	79.0	105.0	71.0	77.0	66.0
216.937	68.0	67.0	107.0	80.0	70.0	100.0	70.0	77.0	104.0	71.0	68.0	72.0	70.0	84.0	79.0	76.0	102.0	75.0	73.0	67.0
217.033	68.0	72.0	103.0	72.0	75.0	103.0	76.0	77.0	100.0	66.0	72.0	76.0	73.0	75.0	70.0	74.0	101.0	76.0	71.0	69.0
217.129	72.0	75.0	103.0	75.0	70.0	102.0	69.0	75.0	102.0	73.0	73.0	68.0	69.0	77.0	79.0	75.0	104.0	74.0	75.0	71.0
217.225	72.0	80.0	111.0	82.0	74.0	111.0	74.0	69.0	100.0	78.0	77.0	77.0	68.0	82.0	76.0	71.0	110.0	77.0	83.0	79.0
217.321	72.0	77.0	105.0	76.0	75.0	106.0	72.0	72.0	101.0	74.0	74.0	70.0	75.0	75.0	71.0	76.0	101.0	82.0	74.0	69.0
217.417	72.0	71.0	106.0	77.0	77.0	102.0	71.0	71.0	102.0	77.0	77.0	71.0	67.0	75.0	70.0	81.0	103.0	74.0	75.0	71.0
217.513	68.0	72.0	99.0	77.0	73.0	99.0	74.0	77.0	100.0	74.0	76.0	69.0	72.0	75.0	68.0	77.0	108.0	78.0	75.0	77.0
217.609	71.0	77.0	108.0	76.0	76.0	108.0	72.0	74.0	102.0	78.0	79.0	70.0	82.0	82.0	76.0	84.0	108.0	77.0	80.0	73.0
217.705	72.0	71.0	106.0	73.0	72.0	105.0	72.0	73.0	103.0	74.0	74.0	71.0	73.0	81.0	77.0	76.0	102.0	66.0	74.0	69.0
217.801	70.0	75.0	104.0	78.0	75.0	102.0	74.0	75.0	103.0	73.0	74.0	74.0	73.0	72.0	76.0	70.0	99.0	79.0	72.0	70.0
217.897	69.0	77.0	107.0	70.0	72.0	106.0	74.0	74.0	105.0	76.0	79.0	71.0	72.0	82.0	77.0	70.0	106.0	67.0	76.0	74.0
217.993	74.0	74.0	105.0	77.0	76.0	101.0	70.0	74.0	107.0	72.0	73.0	72.0	76.0	80.0	77.0	76.0	104.0	74.0	76.0	71.0
218.089	91.0	99.0	126.0	100.0	93.0	120.0	94.0	93.0	127.0	91.0	95.0	92.0	92.0	102.0	94.0	86.0	126.0	96.0	101.0	89.0
218.185	73.0	81.0	106.0	82.0	77.0	106.0	77.0	76.0	106.0	74.0	75.0	78.0	79.0	80.0	83.0	81.0	106.0	78.0	85.0	79.0
218.282	75.0	72.0	100.0	78.0	76.0	98.0	70.0	80.0	103.0	80.0	78.0	72.0	74.0	79.0	70.0	81.0	109.0	72.0	76.0	67.0
218.378	70.0	76.0	110.0	75.0	71.0	106.0	74.0	75.0	99.0	79.0	77.0	67.0	74.0	84.0	73.0	80.0	105.0	73.0	79.0	68.0
218.474	67.0	79.0	107.0	76.0	75.0	106.0	71.0	76.0	109.0	72.0	73.0	70.0	71.0	78.0	74.0	78.0	104.0	71.0	84.0	71.0
218.57	71.0	80.0	109.0	76.0	74.0	105.0	80.0	83.0	102.0	76.0	81.0	81.0	78.0	82.0	80.0	81.0	106.0	78.0	76.0	76.0
218.666	73.0	78.0	111.0	70.0	73.0	107.0	68.0	77.0	99.0	76.0	73.0	70.0	68.0	76.0	69.0	74.0	101.0	70.0	83.0	69.0
218.762	80.0	78.0	112.0	84.0	77.0	109.0	83.0	86.0	110.0	84.0	75.0	78.0	80.0	87.0	78.0	84.0	110.0	75.0	85.0	77.0
218.859	77.0	84.0	109.0	84.0	78.0	111.0	80.0	77.0	105.0	75.0	82.0	75.0	80.0	86.0	81.0	75.0	107.0	81.0	85.0	76.0
218.955	76.0	75.0	107.0	72.0	70.0	104.0	73.0	71.0	101.0	77.0	77.0	73.0	73.0	74.0	80.0	72.0	111.0	81.0	79.0	68.0
219.051	74.0	70.0	107.0	77.0	76.0	105.0	70.0	73.0	107.0	78.0	79.0	76.0	70.0	78.0	70.0	74.0	102.0	75.0	78.0	72.0
219.147	72.0	75.0	101.0	70.0	72.0	106.0	73.0	74.0	101.0	75.0	72.0	68.0	72.0	78.0	69.0	77.0	106.0	70.0	82.0	72.0
219.244	69.0	73.0	102.0	74.0	74.0	104.0	73.0	74.0	100.0	78.0	78.0	68.0	71.0	85.0	77.0	76.0	101.0	77.0	83.0	68.0
219.34	81.0	73.0	106.0	80.0	81.0	100.0	77.0	75.0	109.0	76.0	76.0	77.0	74.0	84.0	78.0	78.0	102.0	78.0	75.0	75.0
219.436	71.0	78.0	109.0	74.0	82.0	105.0	67.0	76.0	103.0	76.0	76.0	76.0	74.0	77.0	74.0	74.0	102.0	74.0	73.0	79.0
219.533	74.0	81.0	109.0	74.0	74.0	106.0	72.0	74.0	107.0	80.0	73.0	78.0	74.0	78.0	72.0	79.0	100.0	73.0	81.0	73.0
219.629	68.0	77.0	107.0	81.0	68.0	105.0	72.0	70.0	102.0	76.0	78.0	69.0	72.0	75.0	79.0	78.0	108.0	70.0	78.0	71.0
219.725	71.0	83.0	103.0	76.0	73.0	105.0	73.0	74.0	105.0	71.0	81.0	73.0	72.0	80.0	78.0	78.0	104.0	75.0	75.0	71.0
219.822	78.0	79.0	110.0	76.0	83.0	106.0	79.0	83.0	106.0	80.0	81.0	82.0	76.0	76.0	78.0	82.0	110.0	74.0	78.0	77.0
219.918	71.0	79.0	100.0	77.0	73.0	109.0	74.0	70.0	102.0	77.0	72.0	71.0	75.0	80.0	70.0	75.0	105.0	72.0	79.0	77.0
220.015	79.0	81.0	110.0	82.0	79.0	112.0	79.0	79.0	109.0	84.0	80.0	73.0	78.0	88.0	82.0	82.0	111.0	83.0	84.0	75.0
220.111	74.0	70.0	107.0	78.0	83.0	105.0	73.0	82.0	103.0	70.0	74.0	75.0	75.0	76.0	78.0	76.0	99.0	79.0	70.0	75.0
220.208	74.0	74.0	104.0	74.0	73.0	105.0	67.0	74.0	105.0	74.0	66.0	78.0	73.0	72.0	72.0	74.0	101.0	74.0	76.0	76.0
220.304	79.0	78.0	109.0	78.0	70.0	101.0	75.0	84.0	99.0	80.0	71.0	74.0	67.0	80.0	78.0	74.0	113.0	67.0	77.0	76.0
220.4	70.0	77.0	104.0	78.0	71.0	103.0	77.0	70.0	102.0	77.0	71.0	70.0	73.0	80.0	75.0	72.0	104.0	79.0	76.0	74.0
220.497	73.0	72.0	100.0	78.0	74.0	105.0	73.0	72.0	103.0	76.0	76.0	77.0	71.0	75.0	78.0	73.0	105.0	75.0	75.0	77.0
220.593	77.0	78.0	107.0	78.0	73.0	103.0	68.0	80.0	104.0	74.0	77.0	73.0	66.0	77.0	72.0	80.0	107.0	76.0	71.0	73.0
220.69	78.0	75.0	100.0	76.0	69.0	106.0	72.0	78.0	103.0	75.0	77.0	70.0	77.0	80.0	71.0	75.0	106.0	79.0	79.0	78.0
220.786	82.0	93.0	116.0	86.0	80.0	114.0	78.0	83.0	111.0	88.0	88.0	79.0	84.0	92.0	88.0	92.0	119.0	89.0	94.0	81.0
220.883	71.0	72.0	110.0	81.0	75.0	103.0	73.0	76.0	107.0	78.0	74.0	71.0	65.0	80.0	72.0	78.0	105.0	79.0	69.0	73.0
220.98	72.0	74.0	106.0	75.0	74.0	107.0	72.0	77.0	100.0	68.0	74.0	73.0	73.0	83.0	77.0	75.0	101.0	72.0	72.0	72.0
221.076	69.0	71.0	105.0	81.0	75.0	101.0	75.0	77.0	106.0	71.0	75.0	72.0	71.0	80.0	76.0	76.0	102.0	74.0	76.0	71.0
221.173	74.0	79.0	114.0	85.0	76.0	109.0	74.0	78.0	105.0	80.0	80.0	69.0	76.0	80.0	79.0	80.0	111.0	78.0	81.0	72.0
221.269	75.0	79.0	110.0	76.0	74.0	105.0	69.0	68.0	94.0	78.0	75.0	69.0	70.0	78.0	75.0	76.0	99.0	77.0	72.0	75.0
221.366	66.0	73.0	100.0	75.0	77.0	102.0	74.0	75.0	100.0	77.0	75.0	73.0	67.0	80.0	75.0	80.0	100.0	79.0	74.0	72.0
221.463	75.0	75.0	106.0	76.0	75.0	105.0	68.0	75.0	98.0	76.0	67.0	76.0	74.0	79.0	68.0	73.0	106.0	77.0	77.0	73.0
221.559	73.0	76.0	110.0	79.0	71.0	109.0	64.0	72.0	101.0	79.0	68.0	67.0	73.0	78.0	75.0	71.0	105.0	75.0	74.0	70.0
221.656	68.0	70.0	111.0	77.0	79.0	106.0	72.0	77.0	105.0	74.0	76.0	76.0	73.0	82.0	77.0	71.0	102.0	80.0	76.0	72.0
221.753	75.0	81.0	110.0	77.0	79.0	101.0	71.0	73.0	107.0	70.0	76.0	72.0	74.0	81.0	77.0	79.0	103.0	74.0	77.0	75.0
221.849	75.0	83.0	110.0	73.0	78.0	103.0	71.0	78.0	106.0	80.0	75.0	75.0	77.0	80.0	76.0	84.0	104.0	69.0	83.0	74.0
221.946	66.0	75.0	108.0	79.0	76.0	98.0	74.0	75.0	101.0	81.0	76.0	75.0	75.0	74.0	78.0	78.0	102.0	72.0	80.0	70.0
222.043	75.0	73.0	110.0	78.0	71.0	99.0	77.0	66.0	104.0	76.0	77.0	70.0	77.0	80.0	77.0	81.0	108.0	78.0	80.0	73.0
222.14	70.0	76.0	110.0	80.0	69.0	105.0	68.0	79.0	106.0	78.0	74.0	75.0	69.0	79.0	74.0	80.0	108.0	74.0	78.0	73.0
222.236	78.0	76.0	108.0	76.0	83.0	103.0	69.0	74.0	102.0	76.0	75.0	74.0	73.0	75.0	75.0	80.0	106.0	76.0	78.0	77.0
222.333	74.0	77.0	105.0	81.0	68.0	110.0	73.0	70.0	100.0	80.0	75.0	73.0	74.0	86.0	71.0	75.0	107.0	76.0	77.0	75.0
222.43	67.0	79.0	113.0	88.0	66.0	103.0	78.0	75.0	101.0	80.0	78.0	68.0	76.0	86.0	78.0	82.0	113.0	80.0	73.0	76.0
222.527	71.0	72.0	104.0	78.0	76.0	104.0	76.0	80.0	103.0	71.0	74.0	75.0	76.0	83.0	76.0	80.0	106.0	82.0	79.0	78.0
222.624	78.0	76.0	108.0	77.0	71.0	104.0	70.0	77.0	106.0	82.0	76.0	75.0	80.0	81.0	78.0	80.0	110.0	76.0	74.0	74.0
222.72	78.0	79.0	104.0	74.0	75.0	106.0	72.0	73.0	104.0	79.0	76.0	69.0	71.0	77.0	78.0	79.0	104.0	73.0	83.0	73.0
222.817	68.0	79.0	108.0	80.0	76.0	110.0	75.0	70.0	104.0	76.0	77.0	72.0	71.0	78.0	80.0	72.0	108.0	80.0	80.0	74.0
222.914	73.0	78.0	106.0	77.0	72.0	103.0	69.0	76.0	105.0	78.0	71.0	67.0	62.0	71.0	72.0	72.0	105.0	76.0	80.0	70.0
223.011	70.0	76.0	102.0	73.0	78.0	104.0	70.0	72.0	105.0	73.0	75.0	74.0	70.0	76.0	69.0	80.0	101.0	77.0	73.0	71.0
223.108	86.0	90.0	119.0	93.0	84.0	117.0	82.0	86.0	114.0	94.0	89.0	86.0	89.0	98.0	85.0	83.0	117.0	88.0	90.0	86.0
223.205	71.0	76.0	107.0	83.0	80.0	108.0	74.0	80.0	107.0	89.0	78.0	73.0	74.0	85.0	80.0	77.0	106.0	77.0	85.0	71.0
223.302	71.0	68.0	105.0	78.0	74.0	108.0	69.0	77.0	100.0	74.0	77.0	72.0	76.0	78.0	75.0	79.0	100.0	78.0	71.0	73.0
223.399	68.0	72.0	103.0	74.0	71.0	105.0	71.0	81.0	100.0	76.0	71.0	71.0	74.0	77.0	69.0	77.0	102.0	74.0	77.0	69.0
223.496	73.0	80.0	109.0	76.0	71.0	107.0	75.0	74.0	100.0	80.0	74.0	73.0	76.0	81.0	77.0	78.0	109.0	71.0	78.0	77.0
223.593	72.0	73.0	103.0	72.0	69.0	104.0	72.0	74.0	108.0	76.0	71.0	71.0	72.0	84.0	75.0	76.0	102.0	74.0	73.0	72.0
223.69	103.0	105.0	139.0	104.0	92.0	130.0	101.0	108.0	132.0	103.0	107.0	100.0	95.0	104.0	96.0	101.0	128.0	105.0	103.0	100.0
223.787	75.0	81.0	102.0	78.0	79.0	107.0	70.0	80.0	106.0	77.0	80.0	76.0	76.0	77.0	72.0	82.0	102.0	77.0	79.0	71.0
223.884	66.0	72.0	104.0	79.0	74.0	112.0	74.0	76.0	101.0	75.0	76.0	72.0	81.0	82.0	83.0	84.0	107.0	80.0	72.0	70.0
223.981	65.0	73.0	109.0	78.0	71.0	107.0	72.0	76.0	105.0	83.0	75.0	73.0	70.0	79.0	82.0	77.0	109.0	76.0	78.0	66.0
224.078	78.0	79.0	114.0	84.0	78.0	108.0	75.0	75.0	110.0	81.0	83.0	76.0	78.0	87.0	80.0	86.0	110.0	80.0	76.0	76.0
224.175	72.0	70.0	106.0	74.0	78.0	105.0	70.0	72.0	101.0	78.0	79.0	72.0	73.0	81.0	73.0	78.0	110.0	74.0	77.0	71.0
224.272	71.0	74.0	107.0	75.0	72.0	107.0	66.0	78.0	107.0	78.0	71.0	72.0	75.0	80.0	75.0	80.0	108.0	71.0	79.0	71.0
224.369	75.0	82.0	109.0	79.0	73.0	104.0	69.0	68.0	105.0	77.0	79.0	72.0	71.0	81.0	77.0	82.0	110.0	74.0	78.0	73.0
224.466	70.0	72.0	111.0	79.0	73.0	108.0	73.0	74.0	105.0	75.0	77.0	74.0	73.0	79.0	73.0	78.0	110.0	80.0	75.0	71.0
224.563	73.0	74.0	102.0	78.0	73.0	105.0	72.0	75.0	103.0	78.0	76.0	76.0	70.0	80.0	74.0	82.0	98.0	80.0	75.0	70.0
224.66	75.0	75.0	103.0	78.0	73.0	105.0	70.0	79.0	101.0	75.0	77.0	74.0	75.0	82.0	75.0	78.0	104.0	74.0	76.0	72.0
224.757	71.0	80.0	106.0	79.0	72.0	106.0	74.0	77.0	107.0	83.0	78.0	69.0	81.0	80.0	83.0	81.0	111.0	80.0	86.0	71.0
224.855	70.0	75.0	113.0	85.0	68.0	105.0	78.0	75.0	103.0	72.0	76.0	76.0	78.0	77.0	80.0	83.0	104.0	76.0	78.0	69.0
224.952	69.0	74.0	108.0	75.0	71.0	101.0	69.0	75.0	99.0	77.0	75.0	70.0	71.0	77.0	76.0	77.0	100.0	76.0	73.0	72.0
225.049	75.0	79.0	109.0	76.0	68.0	106.0	69.0	74.0	102.0	80.0	77.0	75.0	79.0	81.0	76.0	76.0	104.0	74.0	75.0	72.0
225.146	73.0	79.0	106.0	73.0	74.0	110.0	70.0	77.0	106.0	73.0	76.0	70.0	71.0	75.0	74.0	72.0	101.0	77.0	80.0	73.0
225.243	73.0	74.0	106.0	82.0	72.0	113.0	76.0	78.0	104.0	82.0	74.0	72.0	74.0	78.0	76.0	81.0	105.0	78.0	81.0	70.0
225.341	73.0	76.0	106.0	71.0	77.0	107.0	73.0	79.0	104.0	76.0	74.0	75.0	76.0	78.0	74.0	82.0	105.0	79.0	76.0	72.0
225.438	71.0	78.0	109.0	89.0	74.0	107.0	74.0	78.0	97.0	78.0	84.0	73.0	80.0	89.0	73.0	83.0	114.0	78.0	76.0	71.0
225.535	77.0	80.0	107.0	84.0	71.0	108.0	80.0	74.0	99.0	75.0	82.0	73.0	75.0	88.0	85.0	79.0	112.0	80.0	81.0	69.0
225.633	78.0	80.0	118.0	81.0	78.0	112.0	81.0	76.0	106.0	75.0	80.0	78.0	80.0	89.0	89.0	78.0	108.0	83.0	81.0	74.0
225.73	70.0	75.0	114.0	81.0	77.0	104.0	76.0	80.0	103.0	77.0	81.0	82.0	74.0	81.0	78.0	83.0	102.0	82.0	76.0	77.0
225.827	75.0	71.0	112.0	78.0	73.0	105.0	71.0	75.0	104.0	76.0	78.0	72.0	71.0	79.0	72.0	75.0	100.0	80.0	81.0	74.0
225.924	73.0	80.0	96.0	81.0	72.0	110.0	70.0	71.0	100.0	75.0	72.0	72.0	69.0	77.0	73.0	73.0	109.0	74.0	77.0	73.0
226.022	84.0	83.0	118.0	92.0	81.0	113.0	84.0	85.0	116.0	88.0	86.0	83.0	78.0	93.0	84.0	89.0	113.0	84.0	83.0	87.0
226.119	72.0	79.0	106.0	81.0	72.0	104.0	76.0	80.0	109.0	75.0	82.0	76.0	70.0	79.0	81.0	83.0	104.0	75.0	78.0	78.0
226.217	77.0	80.0	114.0	84.0	74.0	112.0	77.0	75.0	102.0	73.0	79.0	73.0	76.0	87.0	82.0	80.0	118.0	81.0	76.0	83.0
226.314	77.0	78.0	110.0	83.0	68.0	107.0	73.0	83.0	104.0	78.0	79.0	69.0	83.0	84.0	83.0	83.0	121.0	83.0	80.0	80.0
226.411	71.0	80.0	111.0	81.0	77.0	108.0	77.0	85.0	105.0	78.0	79.0	74.0	79.0	82.0	82.0	84.0	105.0	78.0	80.0	68.0
226.509	67.0	77.0	106.0	75.0	74.0	104.0	64.0	71.0	96.0	76.0	74.0	76.0	67.0	80.0	71.0	78.0	104.0	68.0	65.0	78.0
226.606	78.0	78.0	111.0	78.0	77.0	109.0	70.0	82.0	101.0	81.0	78.0	77.0	78.0	86.0	87.0	80.0	110.0	75.0	78.0	81.0
226.704	81.0	87.0	112.0	86.0	73.0	111.0	75.0	77.0	106.0	85.0	82.0	78.0	79.0	86.0	86.0	77.0	108.0	76.0	84.0	73.0
226.801	75.0	84.0	106.0	82.0	73.0	105.0	75.0	75.0	106.0	76.0	74.0	72.0	70.0	82.0	82.0	79.0	104.0	76.0	76.0	72.0
226.899	68.0	79.0	111.0	81.0	78.0	104.0	74.0	75.0	106.0	82.0	83.0	77.0	72.0	74.0	74.0	79.0	105.0	80.0	77.0	73.0
226.996	79.0	73.0	106.0	79.0	76.0	104.0	69.0	75.0	101.0	74.0	75.0	78.0	72.0	80.0	68.0	82.0	105.0	76.0	83.0	72.0
227.094	72.0	76.0	106.0	79.0	68.0	114.0	73.0	76.0	103.0	80.0	80.0	69.0	81.0	84.0	81.0	79.0	110.0	76.0	82.0	73.0
227.191	69.0	75.0	108.0	78.0	75.0	101.0	70.0	77.0	105.0	74.0	74.0	67.0	70.0	78.0	75.0	78.0	112.0	74.0	74.0	69.0
227.289	77.0	74.0	113.0	72.0	76.0	105.0	72.0	76.0	100.0	73.0	77.0	69.0	72.0	78.0	76.0	78.0	104.0	76.0	72.0	74.0
227.386	77.0	75.0	111.0	80.0	72.0	110.0	69.0	79.0	100.0	83.0	75.0	80.0	77.0	84.0	81.0	78.0	106.0	77.0	77.0	79.0
227.484	74.0	79.0	105.0	82.0	75.0	108.0	71.0	73.0	106.0	77.0	71.0	74.0	72.0	81.0	76.0	71.0	110.0	73.0	78.0	75.0
227.581	74.0	78.0	107.0	73.0	75.0	104.0	76.0	76.0	107.0	80.0	75.0	69.0	72.0	79.0	81.0	78.0	108.0	74.0	75.0	75.0
227.679	90.0	89.0	123.0	92.0	89.0	127.0	91.0	94.0	124.0	89.0	91.0	89.0	85.0	95.0	94.0	96.0	123.0	90.0	87.0	99.0
227.777	75.0	79.0	107.0	86.0	77.0	111.0	69.0	79.0	106.0	81.0	77.0	81.0	73.0	83.0	79.0	80.0	109.0	78.0	76.0	77.0
227.874	72.0	75.0	102.0	76.0	72.0	107.0	70.0	77.0	104.0	73.0	79.0	71.0	80.0	80.0	79.0	77.0	108.0	75.0	81.0	76.0
227.972	70.0	74.0	102.0	80.0	74.0	103.0	74.0	78.0	101.0	75.0	66.0	72.0	75.0	84.0	82.0	76.0	106.0	75.0	76.0	74.0
228.069	71.0	76.0	106.0	81.0	69.0	102.0	70.0	76.0	103.0	70.0	77.0	70.0	73.0	81.0	77.0	73.0	104.0	73.0	77.0	78.0
228.167	76.0	75.0	115.0	78.0	80.0	110.0	68.0	82.0	104.0	80.0	76.0	75.0	76.0	83.0	74.0	84.0	104.0	75.0	76.0	81.0
228.265	77.0	73.0	108.0	72.0	76.0	105.0	65.0	79.0	103.0	79.0	69.0	75.0	77.0	79.0	73.0	75.0	113.0	74.0	82.0	72.0
228.363	79.0	79.0	110.0	84.0	76.0	108.0	79.0	68.0	110.0	77.0	76.0	76.0	84.0	80.0	80.0	71.0	107.0	78.0	76.0	74.0
228.46	76.0	80.0	105.0	76.0	72.0	108.0	73.0	76.0	105.0	76.0	77.0	69.0	69.0	74.0	72.0	72.0	107.0	71.0	77.0	73.0
228.558	78.0	81.0	108.0	79.0	78.0	107.0	66.0	77.0	98.0	80.0	73.0	74.0	75.0	76.0	79.0	77.0	104.0	80.0	75.0	81.0
228.656	70.0	76.0	106.0	75.0	68.0	104.0	71.0	74.0	97.0	80.0	72.0	68.0	80.0	85.0	79.0	81.0	107.0	79.0	77.0	77.0
228.753	91.0	94.0	122.0	100.0	93.0	133.0	92.0	93.0	127.0	99.0	94.0	90.0	94.0	102.0	95.0	103.0	117.0	100.0	95.0	92.0
228.851	73.0	77.0	112.0	80.0	75.0	107.0	75.0	80.0	102.0	78.0	76.0	77.0	78.0	83.0	80.0	79.0	105.0	81.0	76.0	80.0
228.949	85.0	80.0	112.0	81.0	78.0	106.0	73.0	83.0	107.0	82.0	80.0	80.0	85.0	79.0	78.0	81.0	107.0	84.0	77.0	82.0
229.047	83.0	86.0	116.0	86.0	76.0	108.0	78.0	84.0	96.0	90.0	79.0	89.0	87.0	82.0	80.0	72.0	112.0	77.0	86.0	84.0
229.145	77.0	82.0	113.0	89.0	75.0	101.0	74.0	78.0	104.0	80.0	76.0	78.0	81.0	81.0	80.0	74.0	112.0	81.0	85.0	82.0
229.242	74.0	76.0	111.0	83.0	72.0	101.0	72.0	71.0	103.0	78.0	82.0	80.0	69.0	77.0	76.0	76.0	108.0	77.0	78.0	76.0
229.34	78.0	77.0	113.0	76.0	81.0	107.0	74.0	79.0	97.0	76.0	77.0	78.0	66.0	79.0	73.0	79.0	107.0	73.0	72.0	76.0
229.438	77.0	72.0	106.0	76.0	75.0	107.0	64.0	74.0	102.0	74.0	77.0	71.0	77.0	80.0	74.0	78.0	112.0	75.0	76.0	76.0
229.536	69.0	78.0	97.0	72.0	77.0	104.0	73.0	74.0	104.0	79.0	71.0	70.0	78.0	75.0	77.0	81.0	110.0	80.0	80.0	79.0
229.634	77.0	82.0	113.0	84.0	74.0	108.0	72.0	86.0	110.0	76.0	77.0	75.0	78.0	94.0	82.0	87.0	107.0	73.0	79.0	75.0
229.732	83.0	78.0	113.0	76.0	76.0	109.0	75.0	89.0	109.0	78.0	81.0	72.0	77.0	84.0	76.0	84.0	106.0	81.0	82.0	78.0
229.83	78.0	77.0	112.0	76.0	73.0	109.0	68.0	72.0	98.0	81.0	72.0	70.0	73.0	80.0	76.0	76.0	106.0	69.0	80.0	73.0
229.928	83.0	81.0	113.0	88.0	76.0	114.0	80.0	80.0	111.0	82.0	79.0	80.0	80.0	89.0	80.0	85.0	112.0	76.0	85.0	88.0
230.026	74.0	78.0	113.0	80.0	77.0	108.0	77.0	74.0	101.0	76.0	77.0	75.0	68.0	83.0	76.0	79.0	106.0	80.0	74.0	77.0
230.124	70.0	77.0	116.0	79.0	77.0	104.0	75.0	79.0	101.0	70.0	75.0	73.0	66.0	79.0	71.0	79.0	100.0	74.0	81.0	78.0
230.222	69.0	73.0	101.0	74.0	68.0	104.0	70.0	79.0	99.0	75.0	74.0	78.0	73.0	79.0	67.0	82.0	104.0	80.0	81.0	77.0
230.32	73.0	77.0	102.0	74.0	73.0	107.0	75.0	74.0	103.0	79.0	79.0	68.0	72.0	81.0	78.0	73.0	104.0	75.0	80.0	73.0
230.418	66.0	73.0	102.0	82.0	81.0	102.0	72.0	82.0	99.0	81.0	78.0	68.0	68.0	78.0	80.0	76.0	105.0	75.0	77.0	71.0
230.516	78.0	76.0	115.0	75.0	76.0	109.0	73.0	74.0	105.0	72.0	84.0	74.0	76.0	88.0	74.0	78.0	102.0	80.0	78.0	80.0
230.614	74.0	79.0	110.0	76.0	71.0	104.0	68.0	78.0	104.0	83.0	76.0	72.0	70.0	76.0	70.0	70.0	110.0	75.0	76.0	77.0
230.712	76.0	85.0	108.0	79.0	75.0	110.0	76.0	74.0	106.0	72.0	76.0	80.0	81.0	83.0	81.0	81.0	104.0	77.0	77.0	76.0
230.81	73.0	76.0	103.0	77.0	78.0	107.0	73.0	73.0	104.0	74.0	76.0	67.0	75.0	82.0	76.0	83.0	104.0	73.0	78.0	74.0
230.908	74.0	76.0	109.0	78.0	76.0	103.0	77.0	81.0	99.0	72.0	74.0	72.0	70.0	78.0	74.0	77.0	100.0	75.0	77.0	71.0
231.006	76.0	78.0	107.0	74.0	79.0	105.0	73.0	79.0	104.0	78.0	78.0	82.0	77.0	82.0	75.0	80.0	108.0	76.0	81.0	79.0
231.104	70.0	78.0	104.0	77.0	74.0	110.0	74.0	76.0	103.0	77.0	73.0	73.0	80.0	87.0	77.0	79.0	103.0	72.0	82.0	76.0
231.202	77.0	68.0	110.0	73.0	72.0	105.0	72.0	71.0	104.0	76.0	75.0	74.0	72.0	75.0	78.0	78.0	109.0	76.0	75.0	71.0
231.3	73.0	69.0	113.0	76.0	69.0	101.0	73.0	81.0	103.0	77.0	80.0	78.0	71.0	83.0	75.0	77.0	105.0	77.0	74.0	75.0
231.398	75.0	72.0	105.0	74.0	75.0	107.0	66.0	75.0	96.0	77.0	79.0	76.0	76.0	82.0	79.0	73.0	103.0	70.0	76.0	70.0
231.497	71.0	80.0	106.0	74.0	78.0	100.0	70.0	73.0	102.0	78.0	71.0	69.0	71.0	79.0	73.0	79.0	106.0	75.0	79.0	74.0
231.595	69.0	74.0	107.0	78.0	74.0	111.0	74.0	71.0	103.0	76.0	71.0	77.0	75.0	83.0	80.0	80.0	107.0	73.0	78.0	79.0
231.693	72.0	76.0	110.0	78.0	75.0	110.0	71.0	76.0	108.0	77.0	80.0	68.0	76.0	81.0	76.0	81.0	104.0	79.0	78.0	74.0
231.791	82.0	83.0	113.0	88.0	83.0	109.0	79.0	86.0	112.0	87.0	92.0	81.0	89.0	88.0	82.0	86.0	110.0	86.0	79.0	82.0
231.889	76.0	76.0	112.0	83.0	75.0	111.0	79.0	78.0	107.0	74.0	77.0	73.0	75.0	86.0	76.0	79.0	105.0	82.0	74.0	77.0
231.988	70.0	78.0	113.0	78.0	75.0	104.0	72.0	79.0	99.0	76.0	75.0	70.0	76.0	87.0	79.0	75.0	110.0	79.0	81.0	70.0
232.086	76.0	70.0	106.0	79.0	70.0	100.0	71.0	80.0	108.0	76.0	80.0	74.0	76.0	78.0	74.0	79.0	103.0	85.0	73.0	67.0
232.184	76.0	77.0	111.0	70.0	74.0	104.0	73.0	79.0	104.0	76.0	70.0	72.0	82.0	79.0	75.0	78.0	104.0	79.0	77.0	78.0
232.282	74.0	78.0	106.0	85.0	73.0	111.0	73.0	72.0	108.0	75.0	73.0	73.0	78.0	83.0	83.0	75.0	104.0	78.0	81.0	78.0
232.381	75.0	84.0	105.0	78.0	71.0	105.0	78.0	69.0	101.0	76.0	76.0	77.0	75.0	84.0	77.0	79.0	110.0	75.0	80.0	71.0
232.479	73.0	78.0	112.0	77.0	74.0	104.0	78.0	79.0	107.0	74.0	77.0	74.0	71.0	86.0	73.0	80.0	108.0	78.0	80.0	76.0
232.577	79.0	79.0	108.0	82.0	79.0	108.0	75.0	80.0	101.0	76.0	75.0	77.0	76.0	80.0	72.0	79.0	106.0	74.0	80.0	81.0
232.676	83.0	81.0	108.0	80.0	74.0	112.0	71.0	82.0	104.0	83.0	82.0	77.0	78.0	85.0	78.0	78.0	109.0	78.0	88.0	79.0
232.774	70.0	82.0	110.0	83.0	75.0	104.0	77.0	78.0	109.0	83.0	81.0	68.0	77.0	85.0	85.0	81.0	112.0	80.0	85.0	73.0
232.872	76.0	80.0	114.0	86.0	75.0	109.0	84.0	78.0	106.0	71.0	79.0	75.0	79.0	88.0	83.0	83.0	112.0	80.0	82.0	75.0
232.971	78.0	83.0	112.0	82.0	82.0	113.0	78.0	81.0	111.0	81.0	83.0	82.0	80.0	87.0	84.0	91.0	110.0	82.0	79.0	81.0
233.069	78.0	75.0	109.0	78.0	74.0	106.0	76.0	71.0	106.0	82.0	71.0	75.0	76.0	87.0	82.0	78.0	109.0	75.0	79.0	73.0
233.168	73.0	79.0	105.0	81.0	79.0	105.0	73.0	72.0	100.0	75.0	71.0	71.0	81.0	78.0	81.0	84.0	108.0	74.0	86.0	76.0
233.266	76.0	74.0	108.0	84.0	74.0	99.0	72.0	79.0	100.0	79.0	78.0	79.0	68.0	83.0	76.0	83.0	108.0	82.0	79.0	76.0
233.364	74.0	77.0	109.0	80.0	77.0	103.0	73.0	78.0	99.0	69.0	72.0	75.0	71.0	82.0	72.0	81.0	113.0	73.0	76.0	74.0
233.463	79.0	75.0	108.0	80.0	73.0	106.0	70.0	77.0	95.0	76.0	74.0	72.0	75.0	83.0	85.0	76.0	109.0	79.0	75.0	79.0
233.561	69.0	73.0	112.0	82.0	70.0	99.0	76.0	70.0	101.0	73.0	79.0	76.0	74.0	84.0	84.0	84.0	112.0	76.0	77.0	72.0
233.66	76.0	73.0	111.0	88.0	84.0	104.0	78.0	78.0	105.0	74.0	77.0	78.0	76.0	86.0	79.0	83.0	109.0	83.0	78.0	74.0
233.758	81.0	74.0	114.0	83.0	82.0	109.0	80.0	80.0	105.0	77.0	84.0	79.0	80.0	89.0	78.0	82.0	100.0	85.0	75.0	80.0
233.857	78.0	81.0	108.0	77.0	81.0	102.0	72.0	72.0	106.0	76.0	75.0	74.0	75.0	81.0	79.0	73.0	106.0	79.0	77.0	78.0
233.955	70.0	77.0	110.0	87.0	76.0	109.0	74.0	77.0	102.0	70.0	71.0	74.0	77.0	85.0	84.0	78.0	115.0	68.0	78.0	69.0
234.054	78.0	73.0	108.0	91.0	74.0	110.0	80.0	81.0	110.0	75.0	74.0	76.0	80.0	81.0	83.0	78.0	110.0	82.0	77.0	71.0
234.153	77.0	84.0	108.0	83.0	80.0	106.0	75.0	80.0	104.0	78.0	76.0	85.0	75.0	88.0	78.0	83.0	114.0	83.0	82.0	76.0
234.251	79.0	78.0	108.0	87.0	70.0	102.0	75.0	76.0	106.0	75.0	85.0	77.0	75.0	85.0	77.0	77.0	107.0	83.0	79.0	81.0
234.35	69.0	75.0	106.0	81.0	73.0	103.0	70.0	81.0	107.0	78.0	73.0	72.0	78.0	83.0	76.0	85.0	108.0	77.0	75.0	67.0
234.448	74.0	74.0	110.0	84.0	81.0	107.0	81.0	79.0	112.0	79.0	79.0	76.0	80.0	90.0	78.0	89.0	113.0	86.0	72.0	77.0
234.547	73.0	74.0	103.0	76.0	74.0	105.0	74.0	82.0	106.0	71.0	79.0	77.0	76.0	80.0	73.0	80.0	102.0	80.0	76.0	69.0
234.645	76.0	81.0	113.0	78.0	79.0	109.0	72.0	80.0	110.0	83.0	82.0	77.0	78.0	82.0	80.0	78.0	105.0	78.0	82.0	83.0
234.744	75.0	75.0	111.0	78.0	72.0	111.0	76.0	76.0	106.0	78.0	77.0	73.0	77.0	81.0	74.0	80.0	107.0	76.0	77.0	80.0
234.843	73.0	84.0	106.0	85.0	82.0	111.0	71.0	79.0	106.0	77.0	79.0	79.0	78.0	80.0	80.0	88.0	110.0	78.0	82.0	79.0
234.941	74.0	75.0	111.0	75.0	71.0	106.0	75.0	77.0	98.0	78.0	74.0	74.0	74.0	77.0	75.0	76.0	101.0	81.0	74.0	83.0
235.04	75.0	75.0	100.0	80.0	71.0	102.0	76.0	79.0	103.0	78.0	77.0	79.0	71.0	78.0	76.0	82.0	108.0	77.0	79.0	74.0
235.139	73.0	75.0	113.0	82.0	78.0	107.0	78.0	75.0	101.0	78.0	82.0	70.0	75.0	78.0	86.0	83.0	110.0	73.0	80.0	74.0
235.238	73.0	71.0	113.0	81.0	77.0	100.0	73.0	74.0	106.0	74.0	73.0	69.0	80.0	82.0	72.0	80.0	110.0	78.0	82.0	69.0
235.336	77.0	74.0	110.0	86.0	75.0	109.0	78.0	82.0	104.0	74.0	77.0	83.0	81.0	77.0	82.0	82.0	104.0	82.0	81.0	77.0
235.435	76.0	78.0	108.0	81.0	76.0	109.0	72.0	79.0	108.0	81.0	75.0	74.0	76.0	78.0	77.0	68.0	107.0	71.0	74.0	72.0
235.534	67.0	80.0	107.0	77.0	73.0	105.0	75.0	75.0	105.0	73.0	74.0	76.0	72.0	79.0	71.0	78.0	104.0	74.0	73.0	76.0
235.632	72.0	76.0	110.0	81.0	74.0	98.0	72.0	82.0	105.0	71.0	76.0	74.0	77.0	84.0	82.0	78.0	105.0	76.0	80.0	70.0
235.731	72.0	74.0	108.0	80.0	66.0	101.0	78.0	78.0	104.0	76.0	74.0	75.0	74.0	80.0	75.0	80.0	103.0	80.0	74.0	79.0
235.83	75.0	76.0	106.0	77.0	70.0	99.0	76.0	80.0	104.0	78.0	76.0	80.0	75.0	79.0	75.0	77.0	113.0	82.0	76.0	77.0
235.929	73.0	81.0	111.0	80.0	76.0	108.0	74.0	74.0	105.0	76.0	79.0	68.0	79.0	77.0	77.0	79.0	102.0	82.0	78.0	79.0
236.028	76.0	79.0	112.0	82.0	79.0	107.0	82.0	82.0	105.0	77.0	76.0	74.0	80.0	78.0	80.0	84.0	112.0	81.0	78.0	78.0
236.127	84.0	78.0	117.0	87.0	92.0	116.0	86.0	96.0	118.0	82.0	93.0	88.0	92.0	89.0	89.0	91.0	114.0	93.0	93.0	91.0
236.225	73.0	76.0	111.0	74.0	76.0	107.0	71.0	76.0	102.0	74.0	79.0	73.0	74.0	80.0	79.0	74.0	106.0	78.0	75.0	77.0
236.324	74.0	78.0	107.0	77.0	72.0	106.0	71.0	86.0	103.0	73.0	73.0	74.0	77.0	80.0	80.0	72.0	109.0	77.0	78.0	76.0
236.423	74.0	79.0	104.0	81.0	80.0	110.0	74.0	83.0	109.0	77.0	76.0	70.0	80.0	80.0	81.0	79.0	108.0	75.0	77.0	72.0
236.522	76.0	79.0	114.0	82.0	76.0	104.0	72.0	79.0	103.0	78.0	74.0	74.0	70.0	80.0	79.0	81.0	113.0	78.0	79.0	74.0
236.621	82.0	82.0	107.0	86.0	79.0	108.0	75.0	84.0	103.0	81.0	79.0	79.0	77.0	82.0	82.0	81.0	111.0	75.0	83.0	84.0
236.72	79.0	78.0	108.0	80.0	72.0	109.0	72.0	77.0	106.0	80.0	77.0	72.0	82.0	85.0	80.0	82.0	108.0	78.0	75.0	76.0
236.819	81.0	83.0	112.0	89.0	79.0	108.0	86.0	85.0	111.0	75.0	82.0	79.0	75.0	90.0	83.0	87.0	118.0	84.0	76.0	77.0
236.918	75.0	70.0	107.0	80.0	78.0	102.0	76.0	77.0	104.0	75.0	78.0	79.0	78.0	81.0	72.0	78.0	109.0	80.0	78.0	72.0
237.017	77.0	72.0	106.0	77.0	78.0	106.0	73.0	81.0	102.0	78.0	73.0	76.0	75.0	79.0	76.0	75.0	101.0	77.0	82.0	73.0
237.116	73.0	80.0	111.0	78.0	74.0	110.0	69.0	80.0	106.0	80.0	77.0	72.0	75.0	75.0	77.0	76.0	109.0	75.0	81.0	78.0
237.215	77.0	78.0	108.0	81.0	78.0	107.0	74.0	81.0	111.0	78.0	78.0	71.0	73.0	86.0	79.0	87.0	108.0	74.0	82.0	72.0
237.314	70.0	80.0	109.0	82.0	75.0	112.0	81.0	80.0	105.0	72.0	77.0	73.0	74.0	82.0	74.0	78.0	104.0	77.0	80.0	74.0
237.413	80.0	76.0	108.0	84.0	74.0	105.0	75.0	86.0	100.0	77.0	75.0	79.0	78.0	81.0	81.0	79.0	109.0	77.0	79.0	76.0
237.512	85.0	84.0	110.0	89.0	80.0	108.0	84.0	81.0	104.0	90.0	89.0	84.0	85.0	91.0	88.0	82.0	110.0	87.0	79.0	89.0
237.611	79.0	81.0	112.0	91.0	75.0	112.0	80.0	79.0	98.0	76.0	81.0	77.0	87.0	87.0	80.0	82.0	109.0	82.0	78.0	77.0
237.71	78.0	75.0	113.0	87.0	83.0	101.0	76.0	83.0	100.0	76.0	82.0	76.0	76.0	83.0	85.0	84.0	110.0	81.0	77.0	74.0
237.809	71.0	78.0	106.0	86.0	78.0	104.0	68.0	75.0	100.0	82.0	79.0	75.0	79.0	86.0	80.0	78.0	113.0	80.0	76.0	73.0
237.908	67.0	77.0	107.0	79.0	80.0	104.0	70.0	71.0	108.0	79.0	76.0	75.0	76.0	83.0	78.0	83.0	112.0	77.0	77.0	73.0
238.007	71.0	76.0	105.0	79.0	72.0	105.0	76.0	76.0	108.0	75.0	72.0	76.0	74.0	85.0	80.0	86.0	108.0	74.0	74.0	75.0
238.106	73.0	73.0	111.0	88.0	72.0	103.0	74.0	77.0	103.0	76.0	75.0	71.0	71.0	83.0	86.0	86.0	110.0	79.0	86.0	72.0
238.205	76.0	79.0	110.0	89.0	78.0	109.0	69.0	83.0	99.0	75.0	74.0	80.0	81.0	78.0	82.0	91.0	114.0	75.0	82.0	81.0
238.304	76.0	74.0	102.0	82.0	70.0	109.0	71.0	76.0	104.0	74.0	76.0	81.0	83.0	81.0	90.0	89.0	111.0	80.0	80.0	84.0
238.404	70.0	77.0	108.0	86.0	74.0	108.0	76.0	84.0	108.0	80.0	82.0	73.0	83.0	86.0	93.0	93.0	122.0	78.0	87.0	77.0
238.503	72.0	71.0	108.0	76.0	73.0	98.0	80.0	82.0	97.0	74.0	77.0	74.0	81.0	74.0	83.0	94.0	110.0	75.0	84.0	73.0
238.602	76.0	69.0	109.0	79.0	76.0	102.0	68.0	77.0	109.0	80.0	72.0	72.0	75.0	82.0	78.0	83.0	107.0	79.0	76.0	72.0
238.701	74.0	74.0	104.0	78.0	75.0	105.0	71.0	74.0	104.0	76.0	72.0	70.0	77.0	87.0	79.0	72.0	109.0	75.0	79.0	73.0
238.8	79.0	80.0	107.0	81.0	74.0	107.0	82.0	76.0	107.0	74.0	78.0	76.0	77.0	82.0	79.0	87.0	109.0	77.0	78.0	72.0
238.9	83.0	88.0	113.0	97.0	74.0	113.0	78.0	86.0	105.0	75.0	86.0	82.0	82.0	89.0	86.0	89.0	111.0	85.0	79.0	85.0
238.999	78.0	90.0	103.0	92.0	74.0	107.0	82.0	80.0	99.0	79.0	82.0	74.0	77.0	81.0	80.0	85.0	110.0	81.0	73.0	77.0
239.098	77.0	77.0	106.0	78.0	73.0	101.0	80.0	80.0	100.0	83.0	75.0	71.0	82.0	83.0	82.0	80.0	108.0	72.0	76.0	77.0
239.197	72.0	81.0	114.0	80.0	83.0	112.0	80.0	87.0	109.0	87.0	81.0	76.0	82.0	88.0	83.0	80.0	113.0	83.0	82.0	82.0
239.297	77.0	83.0	111.0	86.0	80.0	109.0	78.0	83.0	107.0	80.0	79.0	75.0	77.0	87.0	82.0	84.0	109.0	84.0	83.0	78.0
239.396	73.0	75.0	110.0	86.0	76.0	104.0	80.0	85.0	107.0	77.0	77.0	83.0	81.0	83.0	78.0	84.0	105.0	83.0	85.0	76.0
239.495	76.0	77.0	100.0	74.0	74.0	107.0	73.0	76.0	104.0	78.0	72.0	81.0	75.0	76.0	78.0	72.0	109.0	75.0	72.0	80.0
239.595	76.0	82.0	105.0	75.0	76.0	110.0	72.0	74.0	105.0	76.0	69.0	76.0	78.0	79.0	81.0	76.0	111.0	72.0	74.0	72.0
239.694	71.0	80.0	108.0	81.0	80.0	105.0	70.0	81.0	104.0	78.0	74.0	66.0	71.0	78.0	76.0	81.0	105.0	73.0	71.0	74.0
239.793	78.0	76.0	109.0	79.0	75.0	108.0	72.0	78.0	102.0	75.0	79.0	73.0	77.0	78.0	76.0	84.0	105.0	84.0	83.0	82.0
239.893	78.0	74.0	109.0	86.0	72.0	106.0	77.0	83.0	102.0	78.0	75.0	77.0	83.0	83.0	81.0	79.0	109.0	79.0	76.0	78.0
239.992	74.0	83.0	106.0	79.0	73.0	109.0	78.0	82.0	101.0	77.0	79.0	76.0	80.0	88.0	74.0	77.0	105.0	76.0	75.0	73.0
240.091	75.0	70.0	110.0	84.0	76.0	102.0	73.0	82.0	105.0	70.0	77.0	75.0	76.0	83.0	79.0	78.0	102.0	79.0	75.0	69.0
240.191	75.0	76.0	110.0	82.0	76.0	100.0	72.0	82.0	107.0	78.0	78.0	73.0	74.0	84.0	78.0	86.0	105.0	83.0	79.0	74.0
240.29	70.0	78.0	111.0	77.0	80.0	111.0	72.0	81.0	106.0	82.0	78.0	75.0	84.0	85.0	82.0	75.0	110.0	79.0	76.0	80.0
240.39	79.0	77.0	102.0	78.0	77.0	107.0	74.0	74.0	103.0	82.0	76.0	68.0	82.0	79.0	75.0	80.0	107.0	75.0	74.0	79.0
240.489	83.0	72.0	105.0	92.0	82.0	108.0	76.0	81.0	104.0	77.0	80.0	78.0	77.0	90.0	81.0	84.0	112.0	86.0	85.0	83.0
240.589	75.0	75.0	109.0	83.0	80.0	98.0	74.0	79.0	100.0	76.0	75.0	75.0	76.0	80.0	72.0	81.0	103.0	74.0	77.0	75.0
240.688	74.0	79.0	97.0	87.0	82.0	111.0	72.0	78.0	110.0	73.0	76.0	79.0	76.0	79.0	72.0	81.0	110.0	78.0	77.0	75.0
240.788	78.0	79.0	110.0	85.0	78.0	104.0	70.0	79.0	106.0	79.0	75.0	76.0	78.0	80.0	83.0	80.0	108.0	80.0	82.0	70.0
240.887	74.0	77.0	106.0	89.0	79.0	101.0	74.0	79.0	107.0	68.0	70.0	72.0	78.0	81.0	76.0	87.0	112.0	82.0	76.0	68.0
240.987	68.0	74.0	110.0	80.0	72.0	103.0	68.0	78.0	100.0	76.0	75.0	73.0	77.0	80.0	74.0	81.0	106.0	82.0	75.0	72.0
241.086	75.0	76.0	107.0	86.0	78.0	101.0	72.0	76.0	109.0	79.0	76.0	70.0	77.0	83.0	75.0	75.0	108.0	75.0	74.0	73.0
241.186	78.0	88.0	111.0	87.0	82.0	116.0	78.0	82.0	103.0	84.0	78.0	81.0	79.0	89.0	83.0	84.0	116.0	81.0	86.0	80.0
241.285	78.0	73.0	111.0	77.0	75.0	107.0	76.0	78.0	105.0	74.0	75.0	72.0	72.0	84.0	80.0	80.0	109.0	75.0	78.0	74.0
241.385	80.0	74.0	106.0	77.0	76.0	106.0	74.0	80.0	103.0	72.0	79.0	75.0	76.0	80.0	75.0	75.0	110.0	77.0	79.0	73.0
241.484	82.0	74.0	108.0	79.0	77.0	108.0	70.0	73.0	105.0	77.0	81.0	72.0	76.0	80.0	75.0	82.0	112.0	83.0	81.0	78.0
241.584	78.0	71.0	102.0	77.0	67.0	111.0	77.0	80.0	105.0	79.0	72.0	72.0	77.0	83.0	81.0	76.0	107.0	74.0	75.0	72.0
241.684	72.0	76.0	116.0	82.0	77.0	109.0	74.0	84.0	108.0	74.0	72.0	67.0	78.0	83.0	78.0	81.0	113.0	78.0	78.0	72.0
241.783	76.0	71.0	116.0	81.0	75.0	103.0	72.0	79.0	102.0	72.0	75.0	78.0	77.0	85.0	78.0	71.0	101.0	76.0	74.0	74.0
241.883	78.0	73.0	106.0	82.0	79.0	104.0	70.0	73.0	107.0	75.0	79.0	74.0	73.0	81.0	75.0	78.0	97.0	73.0	74.0	73.0
241.982	74.0	79.0	109.0	76.0	77.0	104.0	73.0	75.0	102.0	73.0	70.0	78.0	75.0	78.0	73.0	76.0	101.0	72.0	74.0	76.0
242.082	71.0	78.0	104.0	78.0	75.0	106.0	72.0	81.0	103.0	76.0	78.0	76.0	77.0	81.0	81.0	79.0	109.0	79.0	79.0	75.0
242.182	69.0	78.0	101.0	77.0	80.0	106.0	73.0	83.0	104.0	72.0	75.0	74.0	70.0	86.0	75.0	79.0	106.0	78.0	78.0	73.0
242.281	86.0	85.0	113.0	89.0	87.0	114.0	83.0	89.0	113.0	85.0	84.0	83.0	84.0	87.0	87.0	90.0	113.0	91.0	86.0	85.0
242.381	83.0	76.0	105.0	74.0	69.0	105.0	73.0	88.0	107.0	79.0	71.0	74.0	77.0	83.0	77.0	78.0	103.0	81.0	78.0	74.0
242.481	68.0	74.0	111.0	78.0	68.0	103.0	62.0	86.0	102.0	78.0	77.0	70.0	76.0	82.0	82.0	81.0	105.0	78.0	77.0	70.0
242.581	73.0	72.0	109.0	77.0	79.0	104.0	74.0	76.0	99.0	72.0	78.0	73.0	74.0	85.0	78.0	78.0	100.0	73.0	76.0	70.0
242.68	77.0	74.0	112.0	81.0	78.0	111.0	62.0	80.0	102.0	76.0	72.0	78.0	69.0	78.0	79.0	75.0	102.0	81.0	77.0	81.0
242.78	74.0	73.0	109.0	75.0	71.0	105.0	76.0	83.0	102.0	73.0	67.0	74.0	76.0	81.0	79.0	79.0	109.0	69.0	75.0	74.0
242.88	85.0	85.0	125.0	88.0	83.0	119.0	81.0	94.0	118.0	81.0	87.0	84.0	89.0	95.0	87.0	90.0	117.0	90.0	89.0	88.0
242.98	78.0	74.0	112.0	87.0	73.0	111.0	78.0	88.0	107.0	78.0	78.0	72.0	78.0	89.0	83.0	79.0	107.0	76.0	80.0	72.0
243.08	76.0	76.0	110.0	74.0	77.0	108.0	76.0	77.0	102.0	75.0	74.0	71.0	72.0	80.0	72.0	74.0	103.0	72.0	79.0	69.0
243.179	72.0	83.0	105.0	76.0	73.0	108.0	70.0	79.0	105.0	76.0	74.0	72.0	77.0	80.0	73.0	80.0	100.0	74.0	78.0	72.0
243.279	70.0	72.0	110.0	78.0	76.0	99.0	74.0	79.0	101.0	75.0	72.0	74.0	78.0	87.0	77.0	77.0	109.0	78.0	80.0	76.0
243.379	68.0	72.0	110.0	84.0	72.0	102.0	76.0	78.0	105.0	78.0	76.0	69.0	78.0	83.0	82.0	77.0	105.0	76.0	81.0	71.0
243.479	68.0	72.0	109.0	80.0	78.0	105.0	68.0	78.0	103.0	70.0	77.0	76.0	73.0	81.0	75.0	77.0	101.0	75.0	78.0	71.0
243.579	87.0	80.0	108.0	87.0	77.0	112.0	74.0	81.0	115.0	88.0	73.0	77.0	84.0	87.0	84.0	82.0	117.0	78.0	85.0	80.0
243.679	76.0	77.0	107.0	74.0	74.0	106.0	74.0	81.0	102.0	78.0	78.0	71.0	75.0	80.0	83.0	83.0	107.0	73.0	77.0	67.0
243.779	72.0	77.0	107.0	76.0	73.0	103.0	75.0	78.0	108.0	80.0	77.0	75.0	72.0	77.0	81.0	82.0	108.0	76.0	85.0	69.0
243.878	74.0	76.0	103.0	80.0	73.0	104.0	73.0	84.0	99.0	73.0	73.0	75.0	75.0	77.0	73.0	74.0	100.0	78.0	83.0	73.0
243.978	77.0	76.0	107.0	81.0	72.0	111.0	77.0	77.0	100.0	80.0	76.0	71.0	78.0	73.0	75.0	80.0	101.0	75.0	78.0	69.0
244.078	77.0	79.0	106.0	81.0	77.0	107.0	68.0	81.0	106.0	72.0	77.0	70.0	71.0	84.0	81.0	78.0	104.0	79.0	78.0	82.0
244.178	72.0	75.0	105.0	75.0	74.0	102.0	73.0	85.0	107.0	68.0	76.0	74.0	72.0	81.0	78.0	78.0	103.0	73.0	76.0	71.0
244.278	70.0	73.0	105.0	83.0	76.0	101.0	66.0	82.0	106.0	74.0	77.0	71.0	72.0	81.0	78.0	76.0	100.0	76.0	78.0	70.0
244.378	74.0	81.0	113.0	83.0	74.0	108.0	69.0	80.0	106.0	78.0	77.0	76.0	79.0	88.0	83.0	83.0	111.0	75.0	81.0	78.0
244.478	76.0	80.0	108.0	79.0	80.0	108.0	75.0	77.0	104.0	74.0	66.0	69.0	74.0	86.0	78.0	76.0	112.0	80.0	75.0	73.0
244.578	81.0	81.0	113.0	88.0	84.0	107.0	85.0	87.0	111.0	80.0	90.0	77.0	78.0	94.0	86.0	86.0	117.0	84.0	86.0	74.0
244.678	75.0	75.0	111.0	81.0	76.0	103.0	74.0	84.0	101.0	77.0	73.0	73.0	74.0	80.0	76.0	78.0	103.0	74.0	79.0	67.0
244.778	70.0	76.0	101.0	74.0	77.0	110.0	72.0	82.0	108.0	76.0	78.0	72.0	79.0	75.0	78.0	66.0	102.0	80.0	82.0	69.0
244.878	71.0	73.0	108.0	74.0	68.0	101.0	73.0	82.0	110.0	73.0	76.0	74.0	81.0	76.0	78.0	80.0	100.0	74.0	80.0	70.0
244.978	70.0	65.0	106.0	75.0	70.0	98.0	71.0	80.0	104.0	71.0	73.0	65.0	78.0	81.0	84.0	85.0	103.0	77.0	76.0	72.0
245.078	72.0	73.0	106.0	79.0	78.0	105.0	73.0	82.0	102.0	73.0	80.0	75.0	75.0	83.0	75.0	78.0	100.0	76.0	80.0	72.0
245.179	111.0	106.0	141.0	114.0	116.0	142.0	107.0	113.0	137.0	105.0	100.0	110.0	118.0	110.0	115.0	113.0	141.0	110.0	116.0	106.0
245.279	82.0	85.0	112.0	83.0	82.0	115.0	81.0	87.0	115.0	85.0	78.0	82.0	86.0	84.0	85.0	89.0	111.0	85.0	87.0	83.0
245.379	77.0	72.0	107.0	81.0	74.0	109.0	75.0	81.0	104.0	75.0	80.0	71.0	66.0	83.0	75.0	82.0	107.0	75.0	75.0	71.0
245.479	72.0	77.0	102.0	77.0	75.0	106.0	76.0	84.0	98.0	72.0	76.0	72.0	74.0	79.0	76.0	76.0	103.0	76.0	78.0	71.0
245.579	77.0	75.0	103.0	78.0	77.0	106.0	70.0	80.0	100.0	77.0	78.0	75.0	80.0	77.0	78.0	80.0	106.0	81.0	79.0	78.0
245.679	81.0	72.0	110.0	77.0	81.0	107.0	68.0	80.0	104.0	82.0	77.0	75.0	81.0	84.0	78.0	75.0	107.0	72.0	73.0	77.0
245.779	69.0	71.0	112.0	81.0	72.0	101.0	80.0	79.0	105.0	75.0	73.0	71.0	80.0	77.0	80.0	81.0	107.0	78.0	75.0	68.0
245.879	74.0	68.0	108.0	79.0	77.0	102.0	81.0	82.0	104.0	72.0	82.0	75.0	76.0	77.0	79.0	76.0	103.0	77.0	78.0	70.0
245.98	70.0	79.0	111.0	79.0	75.0	107.0	69.0	78.0	105.0	75.0	75.0	73.0	72.0	77.0	80.0	83.0	107.0	71.0	77.0	74.0
246.08	77.0	76.0	102.0	76.0	73.0	108.0	71.0	75.0	106.0	71.0	69.0	74.0	77.0	79.0	79.0	81.0	108.0	72.0	79.0	74.0
246.18	75.0	80.0	107.0	81.0	73.0	104.0	74.0	86.0	110.0	78.0	81.0	77.0	75.0	84.0	83.0	81.0	111.0	75.0	81.0	77.0
246.28	74.0	75.0	107.0	80.0	76.0	104.0	65.0	80.0	100.0	71.0	74.0	72.0	72.0	90.0	76.0	80.0	107.0	76.0	82.0	73.0
246.381	77.0	78.0	104.0	85.0	71.0	104.0	70.0	79.0	97.0	77.0	76.0	75.0	74.0	80.0	76.0	82.0	106.0	74.0	80.0	73.0
246.481	81.0	81.0	117.0	84.0	72.0	112.0	78.0	84.0	108.0	78.0	76.0	78.0	79.0	87.0	85.0	72.0	111.0	82.0	79.0	77.0
246.581	78.0	78.0	108.0	75.0	72.0	105.0	74.0	85.0	104.0	75.0	79.0	70.0	75.0	90.0	80.0	83.0	109.0	76.0	80.0	78.0
246.681	78.0	76.0	113.0	79.0	78.0	99.0	68.0	92.0	104.0	71.0	81.0	80.0	73.0	83.0	74.0	78.0	104.0	76.0	85.0	73.0
246.782	76.0	74.0	114.0	77.0	81.0	106.0	71.0	85.0	102.0	81.0	75.0	76.0	77.0	83.0	76.0	84.0	102.0	72.0	80.0	78.0
246.882	78.0	81.0	113.0	82.0	76.0	113.0	76.0	79.0	105.0	77.0	74.0	77.0	79.0	81.0	81.0	77.0	109.0	80.0	73.0	80.0
246.982	82.0	77.0	108.0	82.0	69.0	112.0	76.0	82.0	109.0	74.0	74.0	80.0	80.0	86.0	72.0	78.0	109.0	80.0	78.0	80.0
247.083	100.0	102.0	140.0	104.0	85.0	120.0	98.0	102.0	119.0	96.0	101.0	102.0	107.0	104.0	90.0	92.0	120.0	104.0	94.0	97.0
247.183	114.0	120.0	161.0	127.0	89.0	137.0	117.0	97.0	106.0	112.0	113.0	120.0	132.0	113.0	94.0	91.0	120.0	112.0	101.0	118.0
247.283	118.0	123.0	177.0	142.0	86.0	140.0	135.0	98.0	106.0	131.0	120.0	145.0	149.0	119.0	99.0	96.0	123.0	128.0	96.0	140.0
247.384	80.0	93.0	141.0	104.0	78.0	119.0	101.0	87.0	107.0	91.0	97.0	101.0	105.0	96.0	84.0	86.0	106.0	98.0	91.0	105.0
247.484	76.0	80.0	113.0	92.0	78.0	108.0	85.0	78.0	106.0	85.0	82.0	81.0	82.0	87.0	84.0	79.0	108.0	84.0	81.0	81.0
247.585	81.0	83.0	111.0	82.0	76.0	103.0	77.0	82.0	103.0	81.0	75.0	82.0	81.0	82.0	76.0	82.0	114.0	81.0	78.0	82.0
247.685	85.0	86.0	120.0	76.0	74.0	113.0	84.0	81.0	108.0	86.0	85.0	81.0	83.0	90.0	83.0	81.0	108.0	77.0	81.0	87.0
247.785	78.0	78.0	108.0	77.0	76.0	106.0	81.0	80.0	104.0	76.0	84.0	73.0	80.0	82.0	78.0	80.0	107.0	79.0	78.0	83.0
247.886	81.0	74.0	110.0	81.0	78.0	100.0	70.0	83.0	102.0	80.0	74.0	73.0	74.0	86.0	80.0	83.0	99.0	79.0	84.0	71.0
247.986	72.0	77.0	103.0	80.0	74.0	107.0	71.0	83.0	106.0	72.0	81.0	76.0	73.0	77.0	75.0	79.0	105.0	73.0	75.0	76.0
248.087	78.0	81.0	106.0	81.0	72.0	109.0	71.0	78.0	109.0	75.0	78.0	70.0	74.0	81.0	74.0	79.0	111.0	74.0	74.0	71.0
248.187	78.0	80.0	108.0	84.0	71.0	110.0	80.0	84.0	101.0	81.0	76.0	76.0	75.0	80.0	82.0	80.0	107.0	78.0	84.0	80.0
248.288	69.0	74.0	109.0	82.0	82.0	101.0	81.0	80.0	107.0	78.0	82.0	80.0	81.0	86.0	81.0	78.0	97.0	87.0	86.0	81.0
248.388	84.0	81.0	103.0	78.0	77.0	107.0	73.0	86.0	104.0	79.0	77.0	80.0	77.0	91.0	84.0	75.0	105.0	79.0	82.0	84.0
248.489	80.0	82.0	109.0	77.0	75.0	109.0	69.0	74.0	102.0	82.0	69.0	76.0	84.0	88.0	78.0	76.0	105.0	78.0	75.0	82.0
248.589	78.0	78.0	104.0	80.0	79.0	107.0	78.0	87.0	107.0	78.0	75.0	77.0	80.0	81.0	81.0	81.0	105.0	78.0	74.0	85.0
248.69	83.0	83.0	112.0	87.0	75.0	102.0	72.0	85.0	102.0	76.0	84.0	77.0	73.0	87.0	77.0	81.0	111.0	81.0	85.0	79.0
248.791	78.0	76.0	105.0	88.0	81.0	105.0	76.0	78.0	109.0	73.0	80.0	80.0	73.0	86.0	82.0	84.0	108.0	81.0	81.0	76.0
248.891	76.0	74.0	103.0	79.0	76.0	107.0	76.0	81.0	106.0	80.0	72.0	78.0	77.0	74.0	77.0	75.0	108.0	76.0	79.0	72.0
248.992	76.0	79.0	111.0	83.0	73.0	105.0	78.0	77.0	105.0	77.0	78.0	79.0	75.0	85.0	82.0	84.0	109.0	81.0	85.0	76.0
249.092	76.0	74.0	114.0	79.0	78.0	107.0	82.0	82.0	102.0	76.0	81.0	70.0	77.0	83.0	83.0	81.0	110.0	82.0	83.0	76.0
249.193	74.0	75.0	110.0	80.0	79.0	106.0	72.0	80.0	106.0	72.0	76.0	73.0	72.0	82.0	75.0	76.0	105.0	74.0	80.0	69.0
249.294	81.0	75.0	105.0	75.0	70.0	108.0	70.0	81.0	99.0	74.0	73.0	74.0	79.0	83.0	70.0	75.0	114.0	70.0	74.0	78.0
249.394	75.0	81.0	108.0	80.0	73.0	109.0	76.0	78.0	104.0	76.0	75.0	73.0	76.0	88.0	80.0	77.0	105.0	78.0	76.0	69.0
249.495	75.0	81.0	112.0	81.0	76.0	109.0	78.0	86.0	108.0	76.0	78.0	78.0	73.0	86.0	81.0	84.0	108.0	83.0	82.0	80.0
249.595	80.0	75.0	106.0	81.0	76.0	108.0	73.0	80.0	102.0	73.0	76.0	80.0	67.0	84.0	74.0	78.0	101.0	80.0	79.0	75.0
249.696	76.0	76.0	100.0	74.0	71.0	102.0	70.0	85.0	109.0	80.0	72.0	76.0	74.0	77.0	73.0	79.0	103.0	72.0	74.0	75.0
249.797	79.0	79.0	100.0	74.0	72.0	113.0	67.0	81.0	105.0	72.0	76.0	75.0	74.0	80.0	81.0	74.0	105.0	83.0	77.0	74.0
249.898	66.0	68.0	110.0	76.0	73.0	109.0	68.0	79.0	101.0	68.0	71.0	68.0	80.0	85.0	82.0	77.0	102.0	81.0	72.0	73.0
249.998	73.0	72.0	105.0	78.0	79.0	106.0	73.0	76.0	105.0	77.0	81.0	72.0	76.0	82.0	78.0	81.0	102.0	77.0	78.0	69.0
250.099	81.0	84.0	111.0	85.0	73.0	112.0	71.0	78.0	102.0	77.0	76.0	83.0	73.0	76.0	76.0	77.0	107.0	73.0	83.0	77.0
250.2	78.0	74.0	109.0	84.0	77.0	107.0	74.0	78.0	107.0	77.0	71.0	75.0	75.0	82.0	78.0	76.0	106.0	73.0	71.0	72.0
250.301	74.0	75.0	109.0	73.0	79.0	100.0	76.0	79.0	104.0	73.0	77.0	72.0	75.0	81.0	76.0	79.0	103.0	78.0	79.0	72.0
250.401	76.0	75.0	104.0	79.0	74.0	106.0	72.0	75.0	108.0	69.0	77.0	78.0	70.0	81.0	79.0	76.0	104.0	76.0	86.0	73.0
250.502	75.0	82.0	107.0	83.0	83.0	110.0	71.0	75.0	106.0	79.0	76.0	70.0	76.0	76.0	74.0	73.0	108.0	80.0	84.0	78.0
250.603	78.0	79.0	113.0	81.0	73.0	111.0	74.0	84.0	106.0	74.0	77.0	78.0	79.0	79.0	81.0	76.0	110.0	78.0	77.0	83.0
250.704	73.0	77.0	111.0	80.0	76.0	99.0	72.0	82.0	106.0	76.0	79.0	74.0	80.0	83.0	77.0	78.0	108.0	75.0	79.0	74.0
250.805	72.0	76.0	106.0	90.0	78.0	98.0	78.0	83.0	102.0	69.0	81.0	79.0	79.0	77.0	77.0	76.0	106.0	82.0	78.0	77.0
250.905	78.0	83.0	112.0	97.0	77.0	104.0	77.0	81.0	102.0	77.0	79.0	77.0	84.0	80.0	82.0	74.0	117.0	83.0	80.0	81.0
251.006	78.0	80.0	110.0	98.0	72.0	104.0	76.0	79.0	104.0	78.0	75.0	80.0	82.0	85.0	87.0	85.0	114.0	80.0	74.0	79.0
251.107	90.0	94.0	127.0	105.0	93.0	128.0	94.0	106.0	116.0	98.0	96.0	90.0	96.0	103.0	105.0	96.0	129.0	102.0	98.0	92.0
251.208	74.0	82.0	107.0	87.0	76.0	103.0	78.0	81.0	102.0	75.0	79.0	77.0	77.0	92.0	77.0	76.0	108.0	79.0	78.0	81.0
251.309	77.0	77.0	106.0	82.0	79.0	108.0	73.0	82.0	103.0	76.0	80.0	79.0	76.0	88.0	82.0	81.0	114.0	77.0	79.0	78.0
251.41	83.0	79.0	117.0	89.0	75.0	111.0	75.0	90.0	102.0	84.0	79.0	72.0	80.0	88.0	92.0	80.0	109.0	86.0	75.0	79.0
251.511	77.0	68.0	110.0	85.0	72.0	111.0	80.0	85.0	99.0	71.0	80.0	77.0	75.0	87.0	85.0	82.0	111.0	79.0	79.0	74.0
251.612	79.0	74.0	109.0	87.0	78.0	107.0	74.0	84.0	104.0	76.0	84.0	71.0	75.0	82.0	83.0	78.0	106.0	78.0	81.0	79.0
251.713	77.0	82.0	113.0	91.0	79.0	109.0	73.0	82.0	107.0	80.0	78.0	77.0	79.0	89.0	86.0	82.0	109.0	83.0	80.0	79.0
251.814	81.0	84.0	115.0	92.0	79.0	112.0	75.0	82.0	104.0	75.0	77.0	81.0	88.0	94.0	90.0	96.0	128.0	83.0	77.0	82.0
251.915	90.0	92.0	133.0	125.0	81.0	116.0	89.0	86.0	105.0	87.0	97.0	92.0	98.0	115.0	116.0	109.0	149.0	100.0	81.0	92.0
252.015	84.0	88.0	115.0	114.0	76.0	113.0	86.0	86.0	99.0	87.0	89.0	87.0	87.0	109.0	98.0	92.0	144.0	95.0	85.0	82.0
252.116	79.0	83.0	109.0	103.0	76.0	113.0	85.0	87.0	102.0	83.0	82.0	83.0	82.0	86.0	88.0	89.0	129.0	86.0	89.0	79.0
252.217	83.0	87.0	113.0	95.0	75.0	108.0	80.0	84.0	110.0	75.0	78.0	84.0	84.0	94.0	82.0	85.0	120.0	87.0	81.0	85.0
252.319	77.0	92.0	115.0	93.0	76.0	105.0	74.0	80.0	101.0	78.0	78.0	78.0	82.0	95.0	86.0	82.0	124.0	86.0	76.0	83.0
252.42	81.0	79.0	116.0	98.0	77.0	104.0	81.0	79.0	104.0	81.0	81.0	76.0	81.0	95.0	90.0	90.0	123.0	88.0	84.0	76.0
252.521	84.0	91.0	116.0	111.0	83.0	115.0	82.0	83.0	111.0	82.0	92.0	86.0	85.0	103.0	96.0	94.0	135.0	85.0	83.0	78.0
252.622	78.0	87.0	116.0	89.0	78.0	116.0	85.0	86.0	114.0	78.0	84.0	76.0	81.0	94.0	93.0	89.0	121.0	85.0	80.0	80.0
252.723	85.0	84.0	111.0	93.0	76.0	109.0	82.0	84.0	108.0	83.0	82.0	81.0	86.0	92.0	88.0	88.0	123.0	90.0	77.0	81.0
252.824	82.0	90.0	120.0	105.0	78.0	109.0	81.0	85.0	101.0	80.0	86.0	77.0	87.0	96.0	99.0	89.0	132.0	89.0	83.0	85.0
252.925	82.0	86.0	110.0	105.0	79.0	112.0	81.0	82.0	102.0	86.0	83.0	83.0	82.0	99.0	93.0	92.0	128.0	93.0	83.0	86.0
253.026	79.0	77.0	104.0	88.0	81.0	107.0	74.0	77.0	104.0	76.0	76.0	84.0	76.0	89.0	89.0	86.0	122.0	84.0	81.0	78.0
253.127	79.0	73.0	109.0	87.0	72.0	102.0	75.0	81.0	103.0	79.0	80.0	77.0	77.0	84.0	79.0	78.0	118.0	77.0	78.0	80.0
253.228	78.0	73.0	110.0	95.0	74.0	101.0	72.0	80.0	101.0	74.0	83.0	74.0	81.0	87.0	81.0	76.0	116.0	86.0	78.0	76.0
253.329	82.0	82.0	112.0	96.0	83.0	109.0	76.0	83.0	107.0	82.0	78.0	82.0	81.0	89.0	82.0	85.0	115.0	81.0	80.0	75.0
253.431	78.0	85.0	107.0	93.0	78.0	105.0	74.0	76.0	103.0	77.0	72.0	76.0	79.0	83.0	83.0	80.0	118.0	80.0	76.0	79.0
253.532	78.0	85.0	113.0	89.0	83.0	110.0	80.0	84.0	108.0	73.0	83.0	78.0	81.0	92.0	86.0	89.0	112.0	84.0	78.0	81.0
253.633	76.0	77.0	111.0	84.0	74.0	117.0	74.0	76.0	107.0	74.0	79.0	79.0	75.0	89.0	81.0	84.0	109.0	79.0	79.0	73.0
253.734	93.0	90.0	125.0	96.0	93.0	126.0	85.0	102.0	114.0	94.0	92.0	89.0	86.0	88.0	89.0	93.0	115.0	96.0	99.0	88.0
253.835	78.0	82.0	111.0	88.0	76.0	110.0	79.0	86.0	104.0	75.0	76.0	81.0	80.0	82.0	78.0	82.0	110.0	78.0	84.0	77.0
253.937	74.0	80.0	108.0	81.0	67.0	108.0	76.0	84.0	107.0	79.0	77.0	72.0	81.0	77.0	82.0	82.0	101.0	83.0	84.0	76.0
254.038	74.0	73.0	108.0	87.0	72.0	101.0	78.0	79.0	107.0	73.0	70.0	72.0	71.0	83.0	82.0	75.0	105.0	77.0	80.0	77.0
254.139	76.0	78.0	105.0	82.0	77.0	103.0	68.0	83.0	103.0	80.0	74.0	76.0	79.0	79.0	81.0	80.0	99.0	74.0	78.0	72.0
254.24	75.0	76.0	110.0	80.0	74.0	108.0	74.0	80.0	105.0	84.0	72.0	78.0	72.0	81.0	78.0	73.0	108.0	76.0	79.0	69.0
254.342	78.0	79.0	106.0	83.0	81.0	107.0	78.0	81.0	109.0	81.0	81.0	87.0	81.0	83.0	84.0	85.0	110.0	87.0	76.0	77.0
254.443	75.0	73.0	107.0	78.0	84.0	103.0	73.0	84.0	107.0	75.0	80.0	77.0	73.0	82.0	76.0	79.0	111.0	80.0	77.0	77.0
254.544	76.0	76.0	106.0	78.0	76.0	107.0	68.0	74.0	107.0	80.0	80.0	73.0	75.0	77.0	78.0	80.0	111.0	82.0	80.0	75.0
254.646	75.0	77.0	110.0	86.0	79.0	110.0	72.0	80.0	110.0	81.0	77.0	76.0	79.0	85.0	76.0	80.0	108.0	84.0	85.0	73.0
254.747	72.0	81.0	111.0	80.0	71.0	107.0	73.0	84.0	106.0	76.0	74.0	69.0	78.0	80.0	79.0	80.0	102.0	74.0	76.0	73.0
254.848	68.0	76.0	104.0	82.0	78.0	101.0	75.0	83.0	104.0	76.0	72.0	69.0	74.0	89.0	82.0	79.0	114.0	85.0	82.0	78.0
254.95	72.0	75.0	110.0	85.0	79.0	101.0	76.0	84.0	104.0	77.0	80.0	74.0	78.0	86.0	81.0	82.0	108.0	82.0	82.0	76.0
255.051	76.0	78.0	111.0	86.0	76.0	100.0	75.0	75.0	104.0	81.0	71.0	78.0	81.0	88.0	87.0	75.0	112.0	76.0	80.0	75.0
255.152	77.0	78.0	112.0	77.0	82.0	106.0	75.0	78.0	109.0	74.0	79.0	72.0	74.0	83.0	81.0	79.0	106.0	74.0	76.0	78.0
255.254	76.0	81.0	111.0	77.0	80.0	107.0	71.0	87.0	103.0	77.0	80.0	70.0	73.0	86.0	78.0	84.0	109.0	78.0	78.0	76.0
255.355	69.0	70.0	99.0	76.0	72.0	104.0	71.0	82.0	100.0	79.0	70.0	71.0	70.0	78.0	77.0	78.0	107.0	75.0	78.0	74.0
255.457	74.0	78.0	107.0	84.0	76.0	105.0	70.0	78.0	104.0	76.0	76.0	69.0	70.0	75.0	78.0	77.0	110.0	69.0	78.0	76.0
255.558	74.0	81.0	110.0	86.0	74.0	104.0	82.0	84.0	105.0	74.0	76.0	82.0	76.0	85.0	78.0	78.0	110.0	79.0	78.0	75.0
255.659	71.0	79.0	113.0	98.0	78.0	106.0	76.0	79.0	104.0	81.0	74.0	74.0	74.0	83.0	78.0	81.0	117.0	81.0	83.0	72.0
255.761	73.0	74.0	106.0	98.0	84.0	104.0	72.0	77.0	104.0	75.0	78.0	70.0	81.0	80.0	84.0	78.0	103.0	82.0	72.0	72.0
255.862	77.0	82.0	109.0	99.0	83.0	110.0	73.0	76.0	111.0	78.0	74.0	80.0	82.0	83.0	90.0	75.0	119.0	79.0	79.0	76.0
255.964	79.0	77.0	111.0	91.0	77.0	106.0	67.0	80.0	106.0	74.0	73.0	76.0	81.0	82.0	81.0	80.0	112.0	83.0	78.0	78.0
256.065	73.0	78.0	110.0	88.0	77.0	103.0	77.0	75.0	98.0	74.0	78.0	75.0	77.0	85.0	82.0	77.0	112.0	79.0	78.0	76.0
256.167	70.0	74.0	109.0	83.0	79.0	106.0	75.0	77.0	103.0	76.0	76.0	72.0	74.0	78.0	80.0	85.0	112.0	77.0	78.0	74.0
256.268	77.0	78.0	100.0	84.0	74.0	108.0	72.0	77.0	102.0	76.0	67.0	76.0	76.0	77.0	78.0	81.0	106.0	74.0	77.0	68.0
256.37	76.0	83.0	108.0	84.0	72.0	104.0	72.0	79.0	112.0	71.0	74.0	72.0	81.0	82.0	78.0	80.0	107.0	78.0	82.0	78.0
256.471	74.0	79.0	113.0	89.0	74.0	111.0	71.0	79.0	103.0	72.0	75.0	74.0	78.0	86.0	87.0	80.0	111.0	80.0	75.0	77.0
256.573	81.0	76.0	111.0	85.0	80.0	103.0	77.0	84.0	106.0	71.0	75.0	78.0	74.0	92.0	83.0	82.0	108.0	83.0	81.0	72.0
256.675	79.0	77.0	105.0	86.0	76.0	104.0	69.0	74.0	104.0	79.0	73.0	78.0	73.0	89.0	82.0	80.0	110.0	74.0	82.0	73.0
256.776	79.0	73.0	108.0	83.0	80.0	108.0	78.0	74.0	109.0	79.0	80.0	78.0	87.0	75.0	88.0	82.0	110.0	78.0	75.0	80.0
256.878	72.0	77.0	110.0	83.0	82.0	109.0	77.0	86.0	105.0	78.0	75.0	77.0	81.0	83.0	84.0	83.0	112.0	89.0	85.0	82.0
256.979	76.0	79.0	108.0	85.0	69.0	102.0	71.0	77.0	104.0	78.0	79.0	76.0	73.0	83.0	80.0	81.0	105.0	78.0	76.0	80.0
257.081	76.0	78.0	105.0	86.0	71.0	103.0	76.0	75.0	105.0	75.0	79.0	72.0	74.0	79.0	76.0	79.0	103.0	79.0	79.0	79.0
257.183	94.0	99.0	125.0	104.0	98.0	132.0	98.0	100.0	132.0	101.0	103.0	102.0	103.0	102.0	102.0	101.0	129.0	103.0	101.0	102.0
257.284	75.0	76.0	106.0	81.0	74.0	104.0	73.0	85.0	109.0	72.0	80.0	75.0	81.0	80.0	77.0	77.0	111.0	83.0	84.0	75.0
257.386	73.0	69.0	108.0	83.0	79.0	102.0	76.0	85.0	102.0	73.0	82.0	68.0	80.0	80.0	84.0	82.0	105.0	72.0	79.0	70.0
257.488	74.0	74.0	105.0	82.0	72.0	106.0	70.0	72.0	111.0	75.0	67.0	78.0	73.0	78.0	82.0	71.0	107.0	74.0	79.0	74.0
257.589	76.0	75.0	108.0	74.0	71.0	103.0	71.0	74.0	102.0	74.0	73.0	74.0	77.0	79.0	69.0	73.0	103.0	76.0	74.0	76.0
257.691	81.0	78.0	111.0	78.0	75.0	114.0	75.0	85.0	105.0	77.0	80.0	80.0	79.0	84.0	81.0	84.0	107.0	83.0	81.0	81.0
257.793	75.0	80.0	105.0	82.0	71.0	107.0	75.0	85.0	97.0	78.0	77.0	74.0	79.0	79.0	75.0	78.0	102.0	79.0	80.0	76.0
257.894	80.0	75.0	107.0	81.0	75.0	100.0	73.0	79.0	108.0	79.0	76.0	78.0	75.0	84.0	79.0	83.0	109.0	75.0	80.0	78.0
257.996	78.0	78.0	106.0	85.0	77.0	103.0	73.0	80.0	104.0	82.0	80.0	73.0	82.0	87.0	76.0	82.0	109.0	83.0	80.0	74.0
258.098	73.0	77.0	112.0	79.0	73.0	105.0	75.0	82.0	108.0	72.0	75.0	71.0	73.0	77.0	86.0	82.0	104.0	77.0	76.0	77.0
258.2	71.0	67.0	103.0	76.0	71.0	103.0	74.0	79.0	101.0	75.0	76.0	70.0	76.0	86.0	79.0	77.0	102.0	78.0	78.0	66.0
258.301	75.0	68.0	106.0	76.0	78.0	101.0	68.0	70.0	109.0	71.0	70.0	70.0	70.0	79.0	78.0	76.0	105.0	74.0	78.0	68.0
258.403	82.0	75.0	114.0	81.0	83.0	102.0	76.0	85.0	110.0	84.0	79.0	79.0	79.0	85.0	87.0	83.0	108.0	83.0	81.0	79.0
258.505	72.0	77.0	106.0	80.0	73.0	106.0	79.0	82.0	103.0	73.0	76.0	73.0	73.0	77.0	84.0	79.0	106.0	75.0	75.0	75.0
258.607	72.0	79.0	106.0	77.0	72.0	102.0	72.0	82.0	97.0	72.0	77.0	78.0	78.0	79.0	83.0	81.0	107.0	77.0	79.0	71.0
258.709	75.0	76.0	107.0	90.0	71.0	106.0	69.0	79.0	101.0	73.0	72.0	72.0	70.0	85.0	74.0	79.0	107.0	77.0	79.0	74.0
258.81	78.0	80.0	106.0	81.0	74.0	101.0	70.0	79.0	112.0	79.0	74.0	77.0	72.0	81.0	76.0	80.0	109.0	73.0	80.0	72.0
258.912	74.0	74.0	109.0	85.0	70.0	106.0	77.0	78.0	105.0	73.0	73.0	80.0	76.0	81.0	78.0	82.0	109.0	74.0	77.0	72.0
259.014	77.0	72.0	108.0	86.0	75.0	112.0	78.0	87.0	103.0	80.0	76.0	69.0	86.0	84.0	80.0	82.0	108.0	80.0	72.0	80.0
259.116	77.0	78.0	107.0	88.0	74.0	109.0	78.0	78.0	106.0	78.0	78.0	79.0	78.0	82.0	78.0	78.0	106.0	75.0	84.0	78.0
259.218	88.0	83.0	113.0	95.0	75.0	114.0	80.0	75.0	104.0	78.0	76.0	85.0	77.0	90.0	84.0	80.0	110.0	83.0	76.0	88.0
259.32	95.0	94.0	123.0	104.0	79.0	119.0	89.0	82.0	107.0	85.0	90.0	96.0	93.0	95.0	88.0	89.0	119.0	93.0	79.0	100.0
259.422	79.0	83.0	120.0	95.0	80.0	113.0	80.0	83.0	102.0	80.0	85.0	82.0	90.0	94.0	85.0	87.0	112.0	87.0	76.0	83.0
259.524	78.0	79.0	112.0	91.0	78.0	108.0	72.0	79.0	107.0	75.0	77.0	78.0	76.0	81.0	74.0	76.0	110.0	77.0	74.0	79.0
259.626	88.0	89.0	120.0	97.0	90.0	116.0	80.0	95.0	124.0	93.0	89.0	93.0	90.0	87.0	89.0	91.0	119.0	90.0	91.0	88.0
259.727	76.0	76.0	111.0	74.0	70.0	107.0	74.0	74.0	105.0	75.0	73.0	79.0	75.0	84.0	79.0	82.0	104.0	81.0	83.0	76.0
259.829	86.0	77.0	126.0	90.0	83.0	116.0	79.0	80.0	110.0	82.0	88.0	79.0	82.0	98.0	85.0	81.0	112.0	86.0	84.0	80.0
259.931	80.0	82.0	122.0	86.0	81.0	108.0	78.0	79.0	105.0	74.0	78.0	68.0	78.0	92.0	76.0	76.0	100.0	83.0	76.0	72.0
260.033	80.0	82.0	113.0	79.0	82.0	111.0	72.0	73.0	109.0	75.0	78.0	80.0	76.0	91.0	80.0	74.0	100.0	70.0	80.0	73.0
260.135	77.0	80.0	112.0	81.0	71.0	111.0	75.0	78.0	107.0	77.0	81.0	78.0	75.0	88.0	83.0	84.0	108.0	77.0	73.0	83.0
260.237	74.0	80.0	109.0	75.0	76.0	105.0	71.0	80.0	101.0	82.0	78.0	74.0	74.0	84.0	81.0	80.0	108.0	76.0	77.0	74.0
260.339	82.0	86.0	107.0	84.0	72.0	105.0	70.0	82.0	101.0	75.0	74.0	73.0	71.0	90.0	75.0	86.0	105.0	73.0	81.0	74.0
260.441	82.0	77.0	114.0	81.0	76.0	111.0	72.0	87.0	111.0	77.0	82.0	78.0	79.0	86.0	80.0	79.0	113.0	76.0	78.0	81.0
260.543	90.0	92.0	123.0	102.0	74.0	114.0	79.0	88.0	113.0	82.0	84.0	87.0	87.0	100.0	92.0	82.0	111.0	80.0	81.0	96.0
260.646	81.0	81.0	116.0	91.0	78.0	111.0	78.0	82.0	103.0	75.0	83.0	78.0	78.0	89.0	86.0	86.0	111.0	82.0	77.0	83.0
260.748	72.0	74.0	112.0	85.0	72.0	102.0	77.0	77.0	103.0	75.0	77.0	73.0	76.0	84.0	84.0	79.0	107.0	72.0	76.0	70.0
260.85	85.0	83.0	119.0	88.0	79.0	113.0	74.0	83.0	111.0	84.0	84.0	78.0	80.0	88.0	84.0	86.0	109.0	84.0	85.0	80.0
260.952	76.0	78.0	108.0	78.0	77.0	108.0	71.0	79.0	103.0	76.0	75.0	81.0	75.0	80.0	82.0	77.0	113.0	74.0	80.0	78.0
261.054	70.0	76.0	110.0	80.0	75.0	102.0	69.0	76.0	97.0	75.0	78.0	73.0	75.0	78.0	76.0	81.0	108.0	75.0	76.0	71.0
261.156	77.0	72.0	105.0	79.0	71.0	105.0	78.0	77.0	102.0	77.0	80.0	71.0	66.0	86.0	80.0	81.0	102.0	72.0	80.0	73.0
261.258	76.0	78.0	100.0	79.0	76.0	106.0	69.0	79.0	105.0	78.0	79.0	74.0	67.0	80.0	78.0	78.0	108.0	77.0	77.0	72.0
261.36	77.0	77.0	111.0	82.0	70.0	107.0	73.0	78.0	105.0	78.0	72.0	74.0	79.0	84.0	74.0	76.0	112.0	73.0	73.0	76.0
261.462	76.0	70.0	111.0	79.0	68.0	104.0	76.0	79.0	105.0	68.0	76.0	75.0	77.0	80.0	75.0	83.0	106.0	75.0	80.0	81.0
261.565	73.0	74.0	112.0	81.0	82.0	106.0	75.0	81.0	112.0	77.0	80.0	72.0	84.0	83.0	84.0	79.0	108.0	76.0	83.0	75.0
261.667	74.0	76.0	107.0	77.0	72.0	104.0	71.0	73.0	106.0	79.0	70.0	74.0	74.0	78.0	73.0	76.0	104.0	72.0	77.0	74.0
261.769	76.0	77.0	106.0	77.0	78.0	101.0	64.0	77.0	104.0	78.0	75.0	76.0	72.0	83.0	76.0	80.0	106.0	82.0	80.0	72.0
261.871	73.0	74.0	107.0	82.0	72.0	108.0	72.0	85.0	101.0	76.0	76.0	75.0	77.0	83.0	80.0	80.0	97.0	79.0	76.0	73.0
261.973	72.0	77.0	114.0	77.0	76.0	100.0	78.0	80.0	105.0	74.0	73.0	75.0	71.0	80.0	77.0	80.0	105.0	74.0	80.0	76.0
262.076	76.0	78.0	104.0	85.0	80.0	106.0	77.0	74.0	109.0	72.0	74.0	78.0	76.0	78.0	82.0	80.0	102.0	76.0	82.0	76.0
262.178	83.0	77.0	111.0	76.0	73.0	111.0	75.0	82.0	105.0	77.0	75.0	78.0	79.0	83.0	83.0	78.0	106.0	85.0	82.0	80.0
262.28	78.0	72.0	112.0	78.0	76.0	106.0	72.0	84.0	109.0	72.0	79.0	77.0	79.0	83.0	76.0	87.0	107.0	81.0	80.0	76.0
262.382	75.0	71.0	113.0	86.0	73.0	110.0	79.0	82.0	102.0	72.0	81.0	78.0	81.0	85.0	73.0	78.0	102.0	82.0	82.0	78.0
262.485	78.0	82.0	119.0	93.0	78.0	113.0	74.0	82.0	102.0	83.0	81.0	85.0	86.0	90.0	80.0	74.0	110.0	73.0	80.0	82.0
262.587	77.0	88.0	114.0	84.0	80.0	114.0	73.0	80.0	109.0	74.0	80.0	79.0	80.0	91.0	80.0	88.0	113.0	80.0	83.0	87.0
262.689	83.0	87.0	118.0	92.0	84.0	117.0	79.0	87.0	103.0	84.0	85.0	82.0	86.0	97.0	91.0	90.0	111.0	82.0	75.0	89.0
262.792	79.0	82.0	114.0	88.0	81.0	109.0	78.0	86.0	105.0	79.0	80.0	74.0	81.0	91.0	87.0	88.0	110.0	77.0	81.0	76.0
262.894	70.0	81.0	110.0	87.0	78.0	112.0	74.0	85.0	106.0	80.0	80.0	76.0	73.0	80.0	83.0	85.0	102.0	73.0	76.0	78.0
262.996	77.0	77.0	112.0	82.0	82.0	107.0	79.0	77.0	106.0	78.0	79.0	74.0	83.0	88.0	80.0	86.0	109.0	80.0	82.0	79.0
263.099	71.0	78.0	109.0	76.0	75.0	103.0	72.0	82.0	102.0	72.0	74.0	75.0	74.0	83.0	84.0	85.0	112.0	77.0	72.0	69.0
263.201	75.0	71.0	110.0	90.0	76.0	104.0	76.0	84.0	102.0	76.0	77.0	79.0	76.0	82.0	88.0	84.0	112.0	79.0	83.0	76.0
263.303	75.0	69.0	113.0	86.0	72.0	108.0	63.0	80.0	96.0	79.0	74.0	71.0	79.0	83.0	82.0	78.0	112.0	73.0	76.0	72.0
263.406	80.0	85.0	125.0	92.0	75.0	111.0	73.0	82.0	109.0	77.0	78.0	73.0	82.0	93.0	89.0	83.0	114.0	75.0	77.0	86.0
263.508	79.0	85.0	119.0	86.0	74.0	108.0	74.0	80.0	99.0	80.0	80.0	72.0	84.0	96.0	84.0	90.0	115.0	87.0	75.0	79.0
263.61	83.0	87.0	122.0	91.0	70.0	112.0	75.0	84.0	102.0	77.0	82.0	74.0	80.0	94.0	84.0	88.0	118.0	84.0	76.0	75.0
263.713	81.0	81.0	122.0	91.0	77.0	115.0	78.0	81.0	100.0	78.0	83.0	80.0	74.0	100.0	88.0	89.0	118.0	85.0	80.0	85.0
263.815	88.0	85.0	128.0	98.0	89.0	118.0	86.0	86.0	112.0	86.0	85.0	84.0	87.0	106.0	88.0	88.0	125.0	90.0	85.0	96.0
263.918	89.0	85.0	129.0	105.0	76.0	123.0	75.0	83.0	103.0	74.0	86.0	78.0	88.0	101.0	101.0	91.0	121.0	84.0	77.0	89.0
264.02	83.0	87.0	131.0	105.0	80.0	118.0	82.0	84.0	101.0	81.0	88.0	75.0	88.0	108.0	97.0	104.0	119.0	87.0	82.0	80.0
264.123	78.0	80.0	116.0	92.0	81.0	107.0	67.0	79.0	107.0	78.0	80.0	76.0	83.0	95.0	85.0	86.0	117.0	78.0	78.0	78.0
264.225	80.0	92.0	116.0	95.0	78.0	107.0	77.0	82.0	110.0	83.0	81.0	82.0	82.0	95.0	94.0	86.0	113.0	85.0	84.0	87.0
264.328	80.0	84.0	121.0	81.0	81.0	109.0	82.0	83.0	103.0	78.0	85.0	85.0	80.0	88.0	85.0	88.0	111.0	84.0	75.0	77.0
264.43	76.0	76.0	114.0	89.0	77.0	107.0	81.0	83.0	103.0	76.0	78.0	75.0	76.0	86.0	93.0	84.0	114.0	81.0	78.0	78.0
264.533	79.0	84.0	111.0	92.0	77.0	104.0	76.0	80.0	107.0	79.0	84.0	81.0	80.0	81.0	81.0	84.0	112.0	82.0	85.0	82.0
264.635	73.0	74.0	105.0	86.0	75.0	101.0	73.0	76.0	110.0	78.0	72.0	74.0	77.0	75.0	72.0	82.0	106.0	78.0	83.0	73.0
264.738	75.0	73.0	107.0	78.0	73.0	103.0	73.0	78.0	106.0	71.0	75.0	74.0	78.0	84.0	77.0	78.0	109.0	71.0	82.0	77.0
264.84	69.0	72.0	110.0	78.0	74.0	104.0	75.0	76.0	100.0	72.0	70.0	66.0	73.0	85.0	77.0	78.0	106.0	70.0	79.0	73.0
264.943	71.0	72.0	106.0	83.0	76.0	100.0	72.0	79.0	107.0	72.0	69.0	69.0	72.0	84.0	76.0	75.0	99.0	72.0	70.0	68.0
265.046	78.0	74.0	106.0	76.0	78.0	104.0	65.0	70.0	100.0	72.0	71.0	70.0	70.0	79.0	75.0	73.0	103.0	73.0	76.0	66.0
265.148	70.0	76.0	106.0	76.0	66.0	114.0	72.0	83.0	107.0	76.0	80.0	76.0	75.0	80.0	79.0	79.0	105.0	74.0	78.0	77.0
265.251	87.0	96.0	123.0	97.0	95.0	129.0	93.0	103.0	120.0	93.0	93.0	96.0	98.0	98.0	97.0	102.0	123.0	97.0	85.0	90.0
265.353	76.0	73.0	104.0	77.0	72.0	105.0	70.0	83.0	109.0	77.0	73.0	76.0	71.0	83.0	82.0	75.0	105.0	76.0	78.0	76.0
265.456	72.0	81.0	108.0	80.0	74.0	102.0	71.0	77.0	104.0	77.0	74.0	74.0	73.0	74.0	73.0	80.0	108.0	74.0	74.0	73.0
265.559	73.0	82.0	112.0	77.0	67.0	106.0	76.0	83.0	110.0	70.0	74.0	70.0	74.0	77.0	72.0	78.0	108.0	74.0	79.0	77.0
265.661	75.0	79.0	104.0	81.0	74.0	106.0	74.0	80.0	108.0	71.0	73.0	76.0	70.0	80.0	76.0	84.0	104.0	75.0	84.0	73.0
265.764	81.0	75.0	111.0	79.0	82.0	104.0	74.0	83.0	108.0	78.0	84.0	76.0	82.0	82.0	83.0	84.0	107.0	75.0	81.0	77.0
265.867	81.0	78.0	108.0	83.0	77.0	105.0	73.0	77.0	109.0	75.0	74.0	69.0	72.0	84.0	76.0	82.0	108.0	86.0	79.0	78.0
265.969	80.0	79.0	105.0	72.0	75.0	108.0	66.0	75.0	102.0	78.0	76.0	75.0	74.0	82.0	76.0	79.0	97.0	77.0	75.0	78.0
266.072	74.0	78.0	111.0	76.0	74.0	111.0	74.0	77.0	99.0	76.0	76.0	75.0	72.0	85.0	81.0	79.0	108.0	74.0	73.0	77.0
266.175	88.0	84.0	124.0	94.0	92.0	121.0	87.0	94.0	113.0	89.0	92.0	92.0	85.0	97.0	93.0	96.0	122.0	90.0	92.0	85.0
266.277	75.0	77.0	109.0	82.0	76.0	109.0	72.0	79.0	107.0	83.0	81.0	72.0	78.0	77.0	80.0	73.0	108.0	78.0	83.0	76.0
266.38	74.0	74.0	113.0	79.0	74.0	106.0	68.0	76.0	105.0	74.0	76.0	77.0	69.0	79.0	78.0	73.0	109.0	77.0	74.0	78.0
266.483	77.0	78.0	111.0	83.0	70.0	108.0	74.0	74.0	104.0	71.0	78.0	70.0	71.0	81.0	73.0	76.0	104.0	73.0	76.0	76.0
266.586	68.0	74.0	105.0	78.0	71.0	102.0	76.0	82.0	101.0	76.0	75.0	63.0	69.0	74.0	78.0	76.0	92.0	77.0	76.0	65.0
266.688	77.0	80.0	107.0	81.0	74.0	98.0	69.0	74.0	105.0	76.0	75.0	70.0	76.0	86.0	77.0	74.0	101.0	75.0	74.0	71.0
266.791	78.0	76.0	105.0	70.0	74.0	101.0	66.0	73.0	108.0	74.0	71.0	80.0	73.0	76.0	77.0	74.0	98.0	73.0	73.0	71.0
266.894	78.0	74.0	108.0	80.0	73.0	104.0	78.0	83.0	96.0	75.0	81.0	76.0	77.0	83.0	80.0	79.0	102.0	79.0	76.0	78.0
266.997	91.0	100.0	132.0	103.0	99.0	133.0	89.0	102.0	126.0	98.0	100.0	92.0	96.0	109.0	96.0	104.0	124.0	98.0	98.0	93.0
267.1	71.0	79.0	102.0	86.0	74.0	104.0	74.0	78.0	105.0	80.0	77.0	78.0	77.0	78.0	76.0	80.0	103.0	73.0	75.0	76.0
267.202	79.0	78.0	112.0	85.0	80.0	111.0	74.0	81.0	104.0	76.0	73.0	82.0	77.0	86.0	79.0	77.0	107.0	80.0	85.0	82.0
267.305	80.0	72.0	115.0	84.0	73.0	105.0	74.0	81.0	104.0	73.0	77.0	75.0	79.0	81.0	78.0	79.0	114.0	77.0	76.0	79.0
267.408	80.0	77.0	111.0	78.0	81.0	112.0	76.0	84.0	97.0	73.0	74.0	72.0	75.0	82.0	80.0	83.0	109.0	76.0	78.0	77.0
267.511	74.0	74.0	110.0	85.0	79.0	105.0	70.0	75.0	106.0	77.0	72.0	72.0	72.0	84.0	82.0	78.0	102.0	74.0	80.0	70.0
267.614	74.0	75.0	103.0	81.0	71.0	110.0	75.0	79.0	104.0	73.0	72.0	69.0	74.0	81.0	75.0	81.0	103.0	73.0	84.0	76.0
267.717	74.0	74.0	107.0	68.0	71.0	108.0	70.0	76.0	100.0	71.0	75.0	74.0	76.0	75.0	80.0	76.0	106.0	76.0	71.0	74.0
267.82	89.0	99.0	132.0	96.0	94.0	127.0	88.0	102.0	121.0	95.0	97.0	100.0	97.0	104.0	96.0	102.0	123.0	94.0	106.0	96.0
267.923	72.0	70.0	108.0	79.0	76.0	110.0	73.0	77.0	112.0	76.0	77.0	72.0	75.0	72.0	77.0	82.0	102.0	74.0	77.0	76.0
268.025	97.0	101.0	132.0	103.0	99.0	125.0	99.0	97.0	125.0	98.0	98.0	99.0	92.0	99.0	98.0	98.0	124.0	97.0	100.0	94.0
268.128	72.0	77.0	116.0	79.0	71.0	108.0	75.0	80.0	105.0	74.0	75.0	75.0	76.0	79.0	74.0	74.0	102.0	79.0	82.0	78.0
268.231	74.0	75.0	112.0	73.0	75.0	97.0	69.0	76.0	101.0	74.0	76.0	69.0	74.0	79.0	79.0	78.0	100.0	71.0	80.0	68.0
268.334	77.0	77.0	114.0	82.0	79.0	107.0	74.0	76.0	103.0	78.0	73.0	79.0	77.0	85.0	82.0	80.0	108.0	77.0	84.0	76.0
268.437	76.0	77.0	108.0	83.0	78.0	109.0	75.0	76.0	100.0	78.0	76.0	73.0	75.0	81.0	84.0	79.0	109.0	77.0	81.0	76.0
268.54	74.0	78.0	110.0	78.0	71.0	102.0	74.0	73.0	100.0	71.0	78.0	78.0	80.0	79.0	79.0	71.0	102.0	76.0	76.0	72.0
268.643	74.0	71.0	106.0	81.0	70.0	97.0	76.0	78.0	99.0	72.0	74.0	71.0	69.0	79.0	79.0	75.0	111.0	73.0	75.0	71.0
268.746	72.0	73.0	104.0	79.0	76.0	100.0	73.0	83.0	104.0	76.0	76.0	68.0	72.0	71.0	70.0	76.0	106.0	79.0	84.0	69.0
268.849	79.0	78.0	102.0	78.0	74.0	104.0	68.0	72.0	105.0	73.0	73.0	75.0	77.0	80.0	77.0	72.0	104.0	78.0	77.0	72.0
268.952	74.0	80.0	109.0	83.0	70.0	101.0	77.0	74.0	107.0	78.0	78.0	75.0	82.0	86.0	79.0	79.0	107.0	76.0	78.0	77.0
269.055	68.0	76.0	113.0	82.0	76.0	100.0	75.0	82.0	105.0	78.0	79.0	75.0	74.0	84.0	79.0	78.0	114.0	70.0	81.0	68.0
269.158	85.0	90.0	121.0	100.0	96.0	113.0	89.0	93.0	124.0	86.0	92.0	84.0	92.0	99.0	94.0	96.0	126.0	89.0	95.0	89.0
269.262	78.0	74.0	106.0	81.0	77.0	106.0	72.0	71.0	109.0	74.0	71.0	74.0	77.0	84.0	76.0	79.0	106.0	82.0	78.0	75.0
269.365	78.0	74.0	102.0	83.0	74.0	104.0	76.0	75.0	103.0	71.0	79.0	69.0	77.0	78.0	83.0	79.0	109.0	82.0	78.0	73.0
269.468	70.0	71.0	105.0	82.0	69.0	108.0	71.0	77.0	98.0	74.0	76.0	74.0	72.0	80.0	84.0	81.0	113.0	77.0	75.0	69.0
269.571	75.0	66.0	102.0	87.0	75.0	105.0	77.0	77.0	106.0	76.0	76.0	75.0	71.0	77.0	79.0	80.0	107.0	74.0	76.0	69.0
269.674	78.0	77.0	104.0	84.0	76.0	108.0	68.0	79.0	105.0	78.0	87.0	82.0	82.0	79.0	85.0	75.0	111.0	75.0	80.0	73.0
269.777	78.0	72.0	107.0	85.0	71.0	104.0	74.0	75.0	99.0	67.0	78.0	78.0	79.0	81.0	81.0	82.0	103.0	83.0	77.0	76.0
269.88	73.0	78.0	108.0	78.0	73.0	111.0	75.0	83.0	107.0	72.0	80.0	71.0	76.0	81.0	84.0	79.0	103.0	75.0	79.0	76.0
269.983	65.0	73.0	104.0	76.0	75.0	104.0	66.0	77.0	103.0	78.0	74.0	67.0	71.0	85.0	74.0	77.0	98.0	73.0	75.0	69.0
270.086	69.0	73.0	111.0	79.0	69.0	97.0	74.0	74.0	104.0	77.0	68.0	69.0	79.0	77.0	74.0	76.0	103.0	79.0	80.0	78.0
270.19	74.0	75.0	108.0	75.0	71.0	98.0	72.0	81.0	104.0	73.0	68.0	73.0	73.0	74.0	80.0	79.0	104.0	74.0	71.0	67.0
270.293	76.0	76.0	112.0	82.0	79.0	101.0	73.0	84.0	100.0	79.0	76.0	79.0	75.0	82.0	75.0	83.0	108.0	77.0	81.0	76.0
270.396	80.0	78.0	110.0	88.0	85.0	110.0	74.0	82.0	105.0	88.0	81.0	74.0	79.0	90.0	80.0	79.0	115.0	80.0	82.0	79.0
270.499	69.0	73.0	102.0	80.0	77.0	108.0	74.0	78.0	103.0	77.0	73.0	68.0	82.0	77.0	71.0	78.0	104.0	78.0	76.0	70.0
270.602	80.0	77.0	106.0	75.0	71.0	107.0	73.0	76.0	110.0	72.0	77.0	74.0	76.0	80.0	78.0	80.0	107.0	78.0	77.0	72.0
270.706	74.0	78.0	104.0	79.0	75.0	105.0	70.0	81.0	103.0	71.0	77.0	72.0	79.0	82.0	77.0	74.0	109.0	65.0	71.0	73.0
270.809	71.0	72.0	109.0	82.0	75.0	103.0	74.0	77.0	102.0	74.0	73.0	71.0	74.0	81.0	79.0	78.0	104.0	76.0	79.0	69.0
270.912	72.0	70.0	102.0	74.0	73.0	97.0	68.0	75.0	102.0	77.0	74.0	72.0	73.0	76.0	75.0	76.0	99.0	72.0	83.0	73.0
271.015	73.0	77.0	108.0	73.0	72.0	105.0	75.0	72.0	100.0	76.0	76.0	74.0	81.0	84.0	76.0	74.0	106.0	80.0	73.0	75.0
271.119	72.0	74.0	109.0	82.0	79.0	109.0	78.0	82.0	105.0	78.0	83.0	75.0	77.0	86.0	76.0	87.0	112.0	75.0	76.0	77.0
271.222	76.0	74.0	107.0	82.0	70.0	102.0	72.0	81.0	106.0	77.0	76.0	75.0	73.0	82.0	79.0	80.0	108.0	75.0	80.0	79.0
271.325	73.0	82.0	107.0	86.0	71.0	109.0	77.0	78.0	105.0	78.0	77.0	75.0	76.0	81.0	75.0	73.0	108.0	79.0	80.0	78.0
271.429	75.0	77.0	104.0	78.0	69.0	106.0	76.0	76.0	102.0	67.0	77.0	74.0	71.0	81.0	77.0	82.0	107.0	78.0	75.0	79.0
271.532	75.0	80.0	109.0	82.0	68.0	106.0	77.0	80.0	97.0	77.0	74.0	80.0	77.0	82.0	79.0	74.0	109.0	77.0	83.0	80.0
271.635	68.0	76.0	107.0	80.0	73.0	106.0	68.0	78.0	103.0	73.0	76.0	72.0	74.0	81.0	77.0	78.0	106.0	70.0	76.0	72.0
271.739	73.0	70.0	104.0	85.0	74.0	101.0	68.0	70.0	108.0	76.0	72.0	71.0	71.0	82.0	84.0	79.0	101.0	76.0	79.0	73.0
271.842	77.0	75.0	108.0	77.0	77.0	105.0	72.0	71.0	100.0	78.0	74.0	75.0	76.0	85.0	79.0	79.0	105.0	76.0	74.0	78.0
271.945	75.0	78.0	106.0	82.0	73.0	109.0	80.0	79.0	97.0	77.0	76.0	72.0	77.0	78.0	82.0	81.0	108.0	83.0	75.0	72.0
272.049	74.0	78.0	105.0	83.0	75.0	108.0	72.0	75.0	108.0	74.0	74.0	71.0	64.0	86.0	79.0	77.0	104.0	76.0	75.0	70.0
272.152	73.0	77.0	108.0	83.0	76.0	108.0	72.0	79.0	102.0	72.0	73.0	72.0	71.0	79.0	74.0	76.0	103.0	79.0	77.0	75.0
272.255	77.0	74.0	107.0	85.0	76.0	109.0	70.0	72.0	109.0	76.0	71.0	75.0	79.0	84.0	78.0	82.0	103.0	75.0	78.0	72.0
272.359	74.0	79.0	114.0	75.0	70.0	113.0	75.0	74.0	100.0	69.0	83.0	77.0	80.0	85.0	79.0	82.0	110.0	79.0	77.0	79.0
272.462	70.0	74.0	108.0	81.0	71.0	108.0	74.0	73.0	101.0	74.0	82.0	72.0	76.0	87.0	79.0	82.0	105.0	68.0	76.0	65.0
272.566	81.0	72.0	108.0	83.0	77.0	102.0	76.0	72.0	103.0	74.0	70.0	76.0	70.0	89.0	76.0	79.0	105.0	77.0	77.0	72.0
272.669	76.0	79.0	116.0	81.0	75.0	109.0	67.0	74.0	105.0	78.0	78.0	77.0	73.0	88.0	79.0	78.0	102.0	82.0	83.0	81.0
272.773	80.0	86.0	114.0	85.0	72.0	107.0	79.0	81.0	100.0	77.0	77.0	67.0	72.0	88.0	78.0	84.0	112.0	74.0	76.0	79.0
272.876	78.0	79.0	116.0	85.0	71.0	110.0	79.0	80.0	98.0	70.0	78.0	75.0	70.0	89.0	81.0	86.0	116.0	74.0	78.0	76.0
272.98	76.0	81.0	109.0	83.0	78.0	109.0	76.0	80.0	97.0	76.0	81.0	76.0	80.0	77.0	74.0	77.0	110.0	75.0	81.0	78.0
273.083	75.0	79.0	108.0	77.0	72.0	109.0	76.0	76.0	106.0	74.0	76.0	73.0	80.0	86.0	82.0	75.0	108.0	79.0	73.0	76.0
273.187	82.0	80.0	114.0	88.0	72.0	106.0	80.0	80.0	104.0	74.0	78.0	81.0	84.0	82.0	84.0	78.0	112.0	84.0	77.0	80.0
273.29	81.0	85.0	121.0	92.0	82.0	114.0	80.0	83.0	107.0	84.0	84.0	81.0	83.0	92.0	87.0	80.0	118.0	79.0	88.0	79.0
273.394	76.0	76.0	112.0	90.0	80.0	108.0	79.0	73.0	105.0	77.0	77.0	76.0	79.0	90.0	76.0	80.0	106.0	72.0	82.0	77.0
273.497	83.0	84.0	115.0	89.0	76.0	113.0	71.0	80.0	109.0	80.0	82.0	81.0	81.0	89.0	83.0	80.0	108.0	89.0	84.0	78.0
273.601	84.0	85.0	114.0	92.0	76.0	114.0	72.0	75.0	100.0	76.0	82.0	79.0	83.0	95.0	88.0	83.0	113.0	80.0	76.0	85.0
273.704	81.0	82.0	109.0	94.0	76.0	101.0	80.0	79.0	97.0	74.0	81.0	80.0	82.0	85.0	85.0	82.0	111.0	84.0	80.0	79.0
273.808	75.0	84.0	110.0	90.0	70.0	101.0	81.0	76.0	104.0	80.0	76.0	77.0	77.0	86.0	80.0	81.0	105.0	84.0	78.0	78.0
273.911	80.0	81.0	111.0	89.0	71.0	109.0	78.0	72.0	101.0	76.0	78.0	81.0	75.0	87.0	84.0	81.0	109.0	92.0	86.0	76.0
274.015	82.0	79.0	110.0	100.0	74.0	110.0	80.0	77.0	103.0	76.0	76.0	82.0	80.0	92.0	91.0	82.0	112.0	79.0	79.0	81.0
274.119	69.0	85.0	112.0	102.0	76.0	108.0	76.0	73.0	103.0	76.0	81.0	78.0	76.0	87.0	89.0	84.0	117.0	80.0	78.0	82.0
274.222	80.0	83.0	113.0	96.0	72.0	100.0	86.0	72.0	104.0	83.0	78.0	79.0	85.0	91.0	90.0	79.0	114.0	88.0	85.0	82.0
274.326	81.0	82.0	115.0	90.0	77.0	104.0	74.0	74.0	106.0	78.0	74.0	82.0	76.0	88.0	87.0	78.0	110.0	85.0	79.0	81.0
274.43	78.0	82.0	117.0	98.0	78.0	107.0	80.0	77.0	101.0	81.0	85.0	85.0	90.0	94.0	88.0	80.0	116.0	85.0	83.0	82.0
274.533	83.0	81.0	115.0	104.0	77.0	102.0	79.0	79.0	100.0	83.0	85.0	84.0	79.0	97.0	91.0	81.0	128.0	87.0	79.0	80.0
274.637	75.0	86.0	119.0	111.0	76.0	103.0	89.0	77.0	109.0	80.0	83.0	84.0	85.0	91.0	90.0	90.0	125.0	92.0	85.0	79.0
274.741	78.0	77.0	117.0	105.0	74.0	101.0	86.0	75.0	109.0	78.0	84.0	82.0	88.0	84.0	92.0	88.0	115.0	87.0	84.0	87.0
274.844	78.0	78.0	105.0	98.0	76.0	104.0	85.0	76.0	106.0	74.0	84.0	78.0	84.0	86.0	92.0	84.0	113.0	81.0	86.0	83.0
274.948	77.0	81.0	114.0	101.0	80.0	107.0	79.0	72.0	105.0	79.0	86.0	79.0	86.0	88.0	85.0	86.0	112.0	84.0	87.0	82.0
275.052	76.0	77.0	112.0	92.0	76.0	106.0	79.0	71.0	102.0	80.0	83.0	77.0	78.0	80.0	88.0	84.0	111.0	77.0	73.0	79.0
275.155	80.0	81.0	117.0	93.0	80.0	108.0	72.0	82.0	102.0	80.0	78.0	82.0	84.0	95.0	92.0	80.0	113.0	82.0	80.0	80.0
275.259	80.0	79.0	117.0	84.0	75.0	111.0	73.0	80.0	103.0	69.0	80.0	79.0	71.0	85.0	85.0	77.0	113.0	80.0	76.0	82.0
275.363	78.0	84.0	113.0	88.0	74.0	103.0	78.0	79.0	100.0	71.0	78.0	77.0	74.0	85.0	83.0	77.0	110.0	80.0	77.0	77.0
275.467	75.0	73.0	104.0	81.0	69.0	105.0	71.0	78.0	100.0	75.0	87.0	76.0	71.0	91.0	78.0	84.0	109.0	80.0	80.0	74.0
275.57	77.0	74.0	105.0	86.0	75.0	101.0	76.0	76.0	105.0	72.0	75.0	77.0	75.0	78.0	76.0	82.0	112.0	77.0	83.0	77.0
275.674	73.0	75.0	105.0	85.0	74.0	100.0	74.0	70.0	93.0	66.0	76.0	69.0	77.0	84.0	81.0	78.0	106.0	79.0	80.0	76.0
275.778	72.0	81.0	110.0	85.0	71.0	110.0	72.0	75.0	100.0	75.0	77.0	72.0	74.0	87.0	84.0	78.0	105.0	86.0	75.0	74.0
275.882	70.0	86.0	110.0	83.0	72.0	101.0	69.0	75.0	100.0	76.0	76.0	71.0	80.0	87.0	80.0	81.0	109.0	73.0	77.0	71.0
275.986	73.0	69.0	107.0	81.0	76.0	105.0	64.0	78.0	100.0	75.0	77.0	71.0	73.0	82.0	83.0	77.0	107.0	76.0	79.0	66.0
276.089	79.0	71.0	111.0	88.0	74.0	104.0	73.0	79.0	107.0	73.0	79.0	75.0	84.0	83.0	77.0	73.0	109.0	80.0	76.0	72.0
276.193	74.0	70.0	106.0	81.0	66.0	103.0	79.0	75.0	102.0	78.0	76.0	75.0	76.0	81.0	75.0	81.0	105.0	72.0	74.0	68.0
276.297	75.0	78.0	108.0	84.0	72.0	100.0	68.0	73.0	106.0	72.0	78.0	72.0	66.0	82.0	72.0	84.0	108.0	77.0	86.0	72.0
276.401	69.0	78.0	103.0	82.0	74.0	104.0	69.0	78.0	103.0	74.0	75.0	74.0	77.0	73.0	75.0	74.0	107.0	77.0	78.0	73.0
276.505	77.0	74.0	112.0	83.0	70.0	104.0	77.0	78.0	99.0	76.0	74.0	73.0	80.0	79.0	82.0	84.0	100.0	72.0	81.0	76.0
276.609	72.0	72.0	110.0	75.0	72.0	101.0	73.0	81.0	101.0	72.0	77.0	76.0	72.0	81.0	76.0	83.0	109.0	73.0	82.0	76.0
276.713	70.0	70.0	106.0	83.0	75.0	100.0	70.0	71.0	105.0	72.0	75.0	72.0	74.0	83.0	78.0	76.0	108.0	74.0	77.0	66.0
276.816	72.0	69.0	107.0	81.0	72.0	102.0	62.0	74.0	106.0	80.0	73.0	69.0	70.0	82.0	81.0	73.0	102.0	75.0	77.0	73.0
276.92	71.0	66.0	104.0	79.0	69.0	105.0	71.0	75.0	101.0	73.0	73.0	73.0	70.0	82.0	74.0	77.0	100.0	78.0	79.0	72.0
277.024	75.0	74.0	110.0	76.0	75.0	104.0	69.0	74.0	101.0	73.0	76.0	72.0	72.0	78.0	76.0	77.0	104.0	80.0	75.0	71.0
277.128	72.0	69.0	105.0	78.0	79.0	105.0	72.0	77.0	107.0	76.0	73.0	71.0	73.0	75.0	74.0	79.0	100.0	77.0	80.0	74.0
277.232	74.0	72.0	104.0	84.0	77.0	101.0	74.0	78.0	107.0	78.0	73.0	68.0	74.0	84.0	74.0	77.0	109.0	73.0	75.0	77.0
277.336	84.0	74.0	107.0	80.0	74.0	109.0	77.0	77.0	111.0	70.0	79.0	75.0	78.0	82.0	80.0	80.0	104.0	78.0	80.0	81.0
277.44	73.0	76.0	108.0	80.0	73.0	107.0	77.0	79.0	99.0	75.0	79.0	74.0	75.0	81.0	81.0	81.0	108.0	79.0	78.0	77.0
277.544	73.0	77.0	107.0	82.0	73.0	107.0	79.0	81.0	105.0	76.0	80.0	71.0	77.0	82.0	76.0	82.0	108.0	75.0	80.0	67.0
277.648	76.0	72.0	104.0	80.0	72.0	103.0	71.0	70.0	105.0	82.0	66.0	81.0	72.0	83.0	79.0	75.0	101.0	75.0	80.0	73.0
277.752	77.0	65.0	111.0	75.0	72.0	104.0	65.0	75.0	99.0	71.0	74.0	73.0	73.0	82.0	76.0	77.0	102.0	78.0	78.0	84.0
277.856	74.0	77.0	110.0	86.0	76.0	102.0	73.0	79.0	94.0	74.0	78.0	79.0	74.0	79.0	76.0	82.0	107.0	72.0	82.0	72.0
277.96	73.0	75.0	115.0	86.0	73.0	105.0	82.0	78.0	107.0	78.0	81.0	81.0	76.0	84.0	79.0	81.0	108.0	81.0	84.0	76.0
278.064	73.0	72.0	107.0	85.0	76.0	99.0	73.0	71.0	105.0	77.0	78.0	75.0	69.0	81.0	79.0	79.0	107.0	82.0	74.0	79.0
278.168	76.0	77.0	116.0	86.0	70.0	102.0	74.0	84.0	102.0	74.0	77.0	80.0	78.0	81.0	86.0	84.0	109.0	77.0	79.0	75.0
278.272	74.0	79.0	111.0	87.0	84.0	107.0	76.0	77.0	102.0	75.0	78.0	77.0	75.0	88.0	84.0	85.0	117.0	80.0	79.0	79.0
278.376	70.0	76.0	105.0	86.0	77.0	101.0	78.0	76.0	104.0	69.0	78.0	75.0	74.0	83.0	86.0	80.0	107.0	70.0	76.0	73.0
278.48	77.0	78.0	111.0	86.0	71.0	100.0	76.0	73.0	106.0	77.0	78.0	72.0	76.0	81.0	80.0	81.0	101.0	71.0	80.0	73.0
278.584	77.0	71.0	102.0	87.0	67.0	101.0	72.0	70.0	101.0	77.0	71.0	69.0	76.0	82.0	78.0	75.0	101.0	78.0	79.0	74.0
278.689	87.0	78.0	110.0	81.0	72.0	107.0	73.0	72.0	100.0	73.0	73.0	71.0	78.0	82.0	80.0	77.0	103.0	82.0	73.0	75.0
278.793	73.0	72.0	116.0	84.0	71.0	105.0	76.0	77.0	106.0	77.0	77.0	77.0	75.0	78.0	76.0	83.0	106.0	76.0	78.0	72.0
278.897	75.0	74.0	105.0	85.0	72.0	110.0	74.0	77.0	107.0	76.0	77.0	78.0	79.0	79.0	79.0	79.0	106.0	77.0	78.0	77.0
279.001	75.0	78.0	110.0	90.0	73.0	107.0	75.0	75.0	98.0	77.0	83.0	78.0	79.0	82.0	85.0	85.0	107.0	82.0	85.0	78.0
279.105	74.0	77.0	107.0	94.0	65.0	100.0	78.0	79.0	106.0	69.0	80.0	76.0	80.0	83.0	76.0	77.0	113.0	77.0	76.0	76.0
279.209	86.0	95.0	131.0	104.0	94.0	126.0	97.0	98.0	130.0	94.0	100.0	99.0	99.0	106.0	105.0	103.0	130.0	99.0	102.0	95.0
279.313	74.0	80.0	107.0	86.0	79.0	103.0	73.0	75.0	108.0	76.0	80.0	75.0	78.0	82.0	80.0	84.0	106.0	76.0	84.0	76.0
279.418	80.0	74.0	110.0	89.0	77.0	103.0	80.0	79.0	109.0	76.0	78.0	80.0	80.0	86.0	85.0	77.0	108.0	85.0	79.0	79.0
279.522	80.0	77.0	114.0	92.0	71.0	107.0	76.0	82.0	100.0	71.0	81.0	84.0	77.0	87.0	85.0	86.0	111.0	89.0	78.0	79.0
279.626	82.0	88.0	117.0	101.0	69.0	112.0	77.0	80.0	104.0	79.0	80.0	80.0	77.0	94.0	89.0	87.0	112.0	85.0	74.0	83.0
279.73	79.0	81.0	117.0	95.0	77.0	111.0	75.0	73.0	102.0	77.0	83.0	76.0	73.0	89.0	89.0	90.0	117.0	88.0	82.0	79.0
279.834	79.0	88.0	120.0	110.0	79.0	110.0	73.0	78.0	101.0	81.0	84.0	87.0	88.0	101.0	99.0	89.0	130.0	86.0	81.0	80.0
279.939	80.0	86.0	124.0	115.0	73.0	112.0	78.0	76.0	106.0	74.0	83.0	83.0	88.0	94.0	98.0	88.0	126.0	93.0	76.0	73.0
280.043	78.0	81.0	113.0	102.0	77.0	111.0	76.0	82.0	106.0	80.0	82.0	78.0	82.0	90.0	94.0	90.0	129.0	90.0	85.0	79.0
280.147	76.0	79.0	117.0	101.0	77.0	99.0	75.0	72.0	102.0	84.0	82.0	73.0	81.0	91.0	91.0	87.0	121.0	79.0	81.0	74.0
280.251	79.0	85.0	115.0	96.0	80.0	107.0	71.0	83.0	103.0	84.0	76.0	79.0	86.0	94.0	91.0	80.0	120.0	87.0	85.0	74.0
280.356	74.0	88.0	112.0	104.0	74.0	105.0	79.0	78.0	102.0	76.0	82.0	80.0	85.0	95.0	100.0	90.0	126.0	88.0	79.0	83.0
280.46	79.0	75.0	115.0	113.0	79.0	100.0	80.0	81.0	104.0	75.0	83.0	78.0	80.0	91.0	98.0	88.0	127.0	88.0	76.0	78.0
280.564	72.0	84.0	113.0	105.0	71.0	103.0	72.0	74.0	106.0	79.0	79.0	80.0	77.0	94.0	95.0	88.0	120.0	95.0	77.0	80.0
280.669	76.0	77.0	109.0	93.0	74.0	98.0	70.0	75.0	100.0	82.0	76.0	74.0	80.0	86.0	89.0	87.0	115.0	81.0	81.0	77.0
280.773	79.0	79.0	111.0	93.0	75.0	107.0	79.0	79.0	102.0	74.0	79.0	73.0	80.0	88.0	88.0	85.0	116.0	88.0	78.0	73.0
280.877	80.0	81.0	110.0	90.0	75.0	103.0	74.0	76.0	107.0	78.0	81.0	81.0	79.0	84.0	90.0	80.0	118.0	89.0	76.0	80.0
280.982	74.0	78.0	109.0	89.0	84.0	106.0	77.0	72.0	111.0	83.0	83.0	72.0	84.0	86.0	85.0	83.0	116.0	75.0	82.0	69.0
281.086	76.0	75.0	112.0	91.0	72.0	102.0	77.0	77.0	104.0	79.0	71.0	72.0	79.0	91.0	90.0	76.0	117.0	80.0	79.0	74.0
281.19	74.0	81.0	119.0	109.0	75.0	109.0	80.0	75.0	99.0	76.0	78.0	84.0	77.0	95.0	97.0	86.0	129.0	91.0	79.0	83.0
281.295	78.0	84.0	113.0	105.0	72.0	104.0	80.0	78.0	104.0	73.0	77.0	74.0	76.0	96.0	97.0	89.0	119.0	95.0	77.0	74.0
281.399	78.0	76.0	108.0	110.0	72.0	104.0	75.0	80.0	107.0	74.0	84.0	79.0	79.0	91.0	96.0	84.0	120.0	89.0	78.0	75.0
281.503	75.0	77.0	108.0	102.0	80.0	100.0	72.0	76.0	100.0	80.0	80.0	82.0	83.0	88.0	92.0	85.0	119.0	85.0	84.0	79.0
281.608	73.0	78.0	107.0	94.0	76.0	99.0	78.0	74.0	103.0	72.0	78.0	80.0	79.0	91.0	85.0	86.0	113.0	81.0	82.0	72.0
281.712	75.0	78.0	114.0	93.0	78.0	105.0	80.0	83.0	107.0	74.0	85.0	81.0	83.0	90.0	90.0	88.0	111.0	86.0	85.0	80.0
281.817	80.0	92.0	119.0	100.0	88.0	122.0	85.0	83.0	120.0	89.0	84.0	83.0	87.0	95.0	96.0	95.0	118.0	82.0	90.0	90.0
281.921	79.0	74.0	112.0	92.0	71.0	102.0	65.0	74.0	102.0	79.0	74.0	76.0	80.0	80.0	84.0	75.0	107.0	80.0	79.0	74.0
282.026	77.0	77.0	114.0	103.0	70.0	106.0	79.0	80.0	100.0	75.0	76.0	80.0	80.0	93.0	90.0	83.0	118.0	83.0	81.0	76.0
282.13	86.0	88.0	114.0	115.0	81.0	107.0	86.0	79.0	105.0	77.0	86.0	79.0	82.0	100.0	99.0	97.0	130.0	92.0	81.0	78.0
282.235	85.0	89.0	120.0	146.0	75.0	116.0	95.0	80.0	108.0	78.0	97.0	92.0	90.0	114.0	112.0	102.0	149.0	102.0	89.0	85.0
282.339	78.0	85.0	115.0	142.0	86.0	107.0	89.0	82.0	107.0	76.0	92.0	94.0	95.0	107.0	122.0	95.0	153.0	104.0	92.0	86.0
282.444	77.0	81.0	116.0	122.0	76.0	105.0	83.0	76.0	106.0	76.0	82.0	85.0	83.0	98.0	106.0	86.0	140.0	95.0	84.0	81.0
282.548	81.0	79.0	120.0	124.0	77.0	105.0	86.0	78.0	105.0	80.0	81.0	82.0	84.0	108.0	104.0	90.0	140.0	98.0	83.0	80.0
282.653	81.0	84.0	125.0	117.0	83.0	115.0	91.0	78.0	112.0	83.0	93.0	83.0	98.0	106.0	101.0	93.0	132.0	90.0	93.0	84.0
282.757	79.0	76.0	120.0	101.0	76.0	106.0	74.0	73.0	101.0	81.0	82.0	82.0	84.0	97.0	86.0	90.0	123.0	88.0	82.0	74.0
282.862	75.0	77.0	114.0	91.0	74.0	102.0	76.0	73.0	100.0	80.0	79.0	83.0	80.0	90.0	95.0	83.0	110.0	84.0	83.0	84.0
282.966	76.0	81.0	109.0	90.0	65.0	107.0	79.0	74.0	104.0	66.0	80.0	79.0	78.0	90.0	86.0	83.0	118.0	83.0	76.0	69.0
283.071	75.0	84.0	108.0	92.0	76.0	102.0	72.0	78.0	109.0	69.0	83.0	76.0	72.0	90.0	85.0	83.0	110.0	84.0	76.0	73.0
283.175	71.0	81.0	111.0	90.0	73.0	99.0	72.0	73.0	104.0	75.0	75.0	80.0	82.0	77.0	84.0	82.0	115.0	78.0	74.0	76.0
283.28	74.0	78.0	110.0	97.0	75.0	103.0	70.0	71.0	99.0	74.0	73.0	78.0	79.0	83.0	80.0	77.0	111.0	85.0	78.0	70.0
283.385	76.0	77.0	110.0	98.0	72.0	108.0	73.0	78.0	107.0	72.0	78.0	79.0	74.0	93.0	88.0	82.0	111.0	80.0	77.0	74.0
283.489	79.0	78.0	107.0	103.0	71.0	106.0	83.0	69.0	110.0	83.0	82.0	82.0	76.0	96.0	88.0	89.0	125.0	89.0	78.0	73.0
283.594	80.0	88.0	122.0	110.0	77.0	105.0	80.0	73.0	108.0	84.0	87.0	78.0	82.0	103.0	92.0	90.0	128.0	84.0	77.0	82.0
283.698	79.0	77.0	118.0	97.0	80.0	112.0	76.0	84.0	110.0	85.0	82.0	82.0	87.0	97.0	94.0	90.0	126.0	90.0	84.0	87.0
283.803	79.0	78.0	114.0	98.0	76.0	112.0	78.0	81.0	105.0	82.0	77.0	78.0	79.0	93.0	94.0	90.0	119.0	87.0	83.0	78.0
283.908	82.0	75.0	107.0	94.0	74.0	109.0	81.0	80.0	109.0	74.0	77.0	78.0	77.0	87.0	81.0	82.0	114.0	88.0	79.0	76.0
284.012	76.0	82.0	113.0	92.0	83.0	110.0	82.0	80.0	109.0	78.0	87.0	85.0	86.0	85.0	82.0	90.0	115.0	87.0	85.0	84.0
284.117	83.0	79.0	108.0	89.0	74.0	102.0	68.0	79.0	109.0	76.0	79.0	82.0	86.0	86.0	88.0	83.0	112.0	81.0	82.0	78.0
284.222	71.0	73.0	110.0	90.0	72.0	105.0	75.0	79.0	112.0	78.0	80.0	75.0	78.0	82.0	87.0	80.0	108.0	79.0	76.0	80.0
284.326	64.0	75.0	108.0	92.0	80.0	104.0	77.0	75.0	100.0	70.0	80.0	72.0	81.0	82.0	85.0	84.0	105.0	81.0	80.0	69.0
284.431	81.0	81.0	110.0	99.0	80.0	107.0	77.0	80.0	104.0	82.0	82.0	80.0	75.0	90.0	95.0	87.0	107.0	80.0	78.0	70.0
284.536	88.0	71.0	113.0	85.0	78.0	107.0	71.0	83.0	105.0	76.0	81.0	80.0	82.0	89.0	86.0	79.0	109.0	85.0	78.0	62.0
284.64	82.0	78.0	110.0	89.0	77.0	103.0	78.0	83.0	110.0	77.0	76.0	82.0	82.0	92.0	91.0	83.0	117.0	87.0	80.0	83.0
284.745	81.0	80.0	113.0	90.0	77.0	105.0	75.0	74.0	110.0	77.0	80.0	80.0	71.0	90.0	89.0	78.0	115.0	80.0	79.0	80.0
284.85	84.0	79.0	114.0	91.0	78.0	110.0	77.0	74.0	107.0	78.0	80.0	84.0	80.0	87.0	83.0	83.0	112.0	85.0	80.0	80.0
284.955	77.0	76.0	106.0	95.0	70.0	106.0	76.0	77.0	105.0	74.0	78.0	76.0	82.0	88.0	93.0	82.0	111.0	79.0	81.0	76.0
285.059	73.0	67.0	113.0	97.0	76.0	100.0	84.0	74.0	98.0	73.0	82.0	76.0	79.0	90.0	91.0	82.0	114.0	86.0	84.0	73.0
285.164	75.0	81.0	106.0	96.0	78.0	100.0	75.0	78.0	104.0	76.0	78.0	84.0	78.0	89.0	93.0	91.0	118.0	81.0	78.0	73.0
285.269	71.0	78.0	110.0	98.0	73.0	102.0	72.0	66.0	101.0	77.0	80.0	77.0	82.0	86.0	87.0	80.0	122.0	86.0	82.0	73.0
285.374	84.0	76.0	114.0	92.0	76.0	103.0	80.0	75.0	102.0	77.0	80.0	81.0	86.0	85.0	88.0	82.0	118.0	81.0	83.0	77.0
285.479	71.0	83.0	110.0	100.0	76.0	107.0	79.0	81.0	110.0	75.0	87.0	83.0	79.0	97.0	92.0	86.0	115.0	86.0	83.0	72.0
285.583	75.0	82.0	117.0	112.0	73.0	105.0	80.0	71.0	102.0	82.0	86.0	81.0	79.0	98.0	100.0	91.0	131.0	96.0	83.0	78.0
285.688	76.0	84.0	110.0	97.0	74.0	104.0	82.0	74.0	106.0	81.0	83.0	80.0	80.0	88.0	93.0	84.0	125.0	84.0	79.0	77.0
285.793	77.0	79.0	104.0	102.0	73.0	104.0	76.0	71.0	100.0	77.0	82.0	76.0	86.0	87.0	87.0	85.0	118.0	83.0	80.0	78.0
285.898	74.0	76.0	113.0	99.0	71.0	108.0	76.0	72.0	102.0	69.0	81.0	80.0	80.0	90.0	89.0	83.0	117.0	82.0	76.0	77.0
286.003	67.0	77.0	105.0	89.0	73.0	101.0	71.0	78.0	103.0	72.0	79.0	72.0	81.0	92.0	88.0	84.0	111.0	81.0	77.0	75.0
286.108	72.0	72.0	105.0	89.0	72.0	100.0	75.0	75.0	100.0	73.0	83.0	71.0	72.0	83.0	82.0	83.0	113.0	79.0	74.0	66.0
286.213	75.0	77.0	110.0	89.0	70.0	100.0	72.0	74.0	102.0	75.0	76.0	75.0	78.0	89.0	84.0	76.0	111.0	79.0	78.0	73.0
286.317	74.0	86.0	114.0	91.0	70.0	106.0	79.0	78.0	106.0	79.0	82.0	79.0	87.0	91.0	85.0	82.0	123.0	83.0	85.0	79.0
286.422	77.0	81.0	111.0	97.0	75.0	107.0	82.0	80.0	112.0	77.0	82.0	79.0	73.0	93.0	90.0	88.0	119.0	85.0	83.0	72.0
286.527	70.0	81.0	113.0	95.0	75.0	107.0	74.0	81.0	109.0	74.0	77.0	72.0	77.0	85.0	85.0	75.0	117.0	81.0	75.0	78.0
286.632	76.0	78.0	110.0	88.0	76.0	107.0	78.0	71.0	109.0	74.0	77.0	80.0	85.0	84.0	86.0	82.0	111.0	86.0	81.0	70.0
286.737	70.0	80.0	110.0	87.0	75.0	104.0	78.0	77.0	105.0	69.0	75.0	76.0	77.0	85.0	82.0	77.0	109.0	80.0	76.0	73.0
286.842	87.0	88.0	125.0	98.0	85.0	120.0	92.0	91.0	124.0	88.0	90.0	91.0	89.0	104.0	98.0	101.0	126.0	103.0	93.0	87.0
286.947	85.0	89.0	119.0	108.0	84.0	121.0	90.0	84.0	115.0	92.0	99.0	89.0	94.0	103.0	102.0	99.0	129.0	92.0	88.0	86.0
287.052	90.0	84.0	118.0	108.0	85.0	111.0	82.0	75.0	105.0	85.0	84.0	84.0	86.0	101.0	102.0	90.0	130.0	92.0	87.0	81.0
287.157	77.0	78.0	115.0	103.0	79.0	107.0	78.0	75.0	101.0	75.0	83.0	81.0	85.0	100.0	102.0	92.0	123.0	92.0	86.0	79.0
287.262	81.0	80.0	110.0	101.0	78.0	109.0	79.0	72.0	106.0	70.0	81.0	82.0	78.0	100.0	92.0	92.0	121.0	85.0	84.0	79.0
287.367	79.0	77.0	112.0	103.0	76.0	108.0	72.0	76.0	97.0	75.0	75.0	80.0	76.0	88.0	94.0	86.0	117.0	84.0	76.0	74.0
287.472	77.0	81.0	106.0	89.0	77.0	107.0	79.0	79.0	106.0	80.0	82.0	75.0	84.0	87.0	90.0	90.0	117.0	80.0	86.0	82.0
287.577	95.0	90.0	130.0	104.0	93.0	124.0	94.0	93.0	133.0	93.0	95.0	96.0	100.0	104.0	107.0	102.0	128.0	102.0	105.0	91.0
287.682	78.0	86.0	120.0	93.0	79.0	107.0	81.0	79.0	105.0	82.0	82.0	83.0	82.0	94.0	88.0	87.0	117.0	87.0	76.0	76.0
287.787	79.0	76.0	122.0	100.0	80.0	106.0	80.0	73.0	108.0	75.0	91.0	76.0	82.0	98.0	98.0	92.0	123.0	89.0	77.0	76.0
287.892	79.0	76.0	112.0	105.0	77.0	104.0	76.0	72.0	103.0	77.0	82.0	76.0	85.0	96.0	97.0	90.0	124.0	86.0	83.0	75.0
287.997	82.0	86.0	118.0	101.0	79.0	108.0	74.0	80.0	109.0	80.0	83.0	83.0	90.0	93.0	95.0	91.0	125.0	79.0	82.0	82.0
288.102	78.0	78.0	106.0	92.0	74.0	109.0	77.0	79.0	109.0	74.0	79.0	78.0	76.0	92.0	89.0	85.0	116.0	82.0	75.0	75.0
288.207	77.0	76.0	111.0	89.0	76.0	100.0	77.0	68.0	103.0	78.0	76.0	78.0	77.0	88.0	87.0	84.0	115.0	82.0	82.0	77.0
288.312	78.0	74.0	113.0	99.0	75.0	104.0	76.0	75.0	97.0	76.0	72.0	77.0	76.0	88.0	89.0	88.0	120.0	79.0	76.0	73.0
288.417	81.0	80.0	110.0	102.0	70.0	109.0	79.0	77.0	104.0	75.0	74.0	81.0	81.0	88.0	97.0	78.0	118.0	84.0	79.0	78.0
288.523	74.0	76.0	110.0	93.0	74.0	105.0	76.0	72.0	109.0	77.0	71.0	82.0	78.0	88.0	90.0	80.0	114.0	85.0	81.0	77.0
288.628	72.0	78.0	110.0	93.0	74.0	103.0	76.0	77.0	103.0	74.0	77.0	74.0	77.0	84.0	91.0	85.0	114.0	85.0	78.0	75.0
288.733	77.0	75.0	114.0	88.0	72.0	104.0	72.0	72.0	104.0	79.0	76.0	74.0	85.0	87.0	86.0	77.0	107.0	82.0	86.0	74.0
288.838	75.0	76.0	105.0	81.0	75.0	109.0	69.0	76.0	105.0	72.0	74.0	72.0	77.0	78.0	83.0	79.0	104.0	76.0	80.0	72.0
288.943	71.0	73.0	104.0	75.0	76.0	105.0	74.0	75.0	101.0	71.0	79.0	69.0	73.0	76.0	80.0	79.0	102.0	80.0	81.0	74.0
289.048	74.0	82.0	104.0	80.0	71.0	104.0	69.0	74.0	107.0	74.0	72.0	69.0	65.0	81.0	84.0	76.0	101.0	79.0	69.0	66.0
289.153	68.0	78.0	100.0	83.0	73.0	101.0	72.0	76.0	101.0	80.0	80.0	78.0	78.0	80.0	77.0	79.0	108.0	76.0	75.0	71.0
289.259	74.0	77.0	104.0	84.0	66.0	104.0	74.0	70.0	103.0	71.0	76.0	71.0	76.0	75.0	78.0	80.0	102.0	79.0	84.0	70.0
289.364	75.0	81.0	112.0	81.0	72.0	104.0	72.0	77.0	106.0	69.0	73.0	78.0	74.0	82.0	84.0	78.0	111.0	76.0	78.0	74.0
289.469	67.0	71.0	107.0	75.0	75.0	108.0	76.0	72.0	101.0	77.0	76.0	70.0	72.0	75.0	77.0	82.0	107.0	74.0	77.0	68.0
289.574	76.0	73.0	107.0	80.0	72.0	106.0	72.0	75.0	106.0	77.0	80.0	77.0	78.0	83.0	82.0	80.0	108.0	74.0	75.0	68.0
289.679	76.0	70.0	110.0	82.0	74.0	102.0	66.0	72.0	106.0	72.0	73.0	71.0	70.0	82.0	86.0	76.0	105.0	74.0	74.0	68.0
289.785	75.0	73.0	105.0	76.0	73.0	101.0	73.0	75.0	107.0	72.0	77.0	73.0	71.0	80.0	82.0	79.0	103.0	73.0	80.0	73.0
289.89	74.0	78.0	106.0	86.0	74.0	109.0	75.0	71.0	106.0	72.0	78.0	72.0	70.0	82.0	78.0	75.0	110.0	83.0	73.0	73.0
289.995	75.0	79.0	106.0	91.0	78.0	108.0	76.0	72.0	112.0	73.0	78.0	76.0	78.0	82.0	83.0	84.0	109.0	80.0	79.0	76.0
290.1	72.0	78.0	104.0	94.0	78.0	107.0	76.0	81.0	103.0	73.0	80.0	79.0	80.0	88.0	92.0	86.0	117.0	80.0	84.0	78.0
290.206	80.0	81.0	114.0	94.0	80.0	110.0	79.0	83.0	114.0	79.0	85.0	74.0	85.0	90.0	91.0	82.0	126.0	89.0	84.0	78.0
290.311	70.0	80.0	118.0	92.0	65.0	99.0	77.0	75.0	104.0	77.0	74.0	76.0	75.0	86.0	88.0	82.0	113.0	85.0	81.0	79.0
290.416	82.0	75.0	112.0	92.0	72.0	103.0	74.0	70.0	101.0	79.0	79.0	70.0	77.0	87.0	82.0	80.0	111.0	79.0	80.0	71.0
290.522	84.0	78.0	120.0	90.0	74.0	107.0	71.0	74.0	102.0	77.0	75.0	72.0	80.0	88.0	84.0	83.0	112.0	78.0	79.0	81.0
290.627	85.0	84.0	122.0	87.0	81.0	108.0	81.0	84.0	112.0	86.0	80.0	77.0	88.0	91.0	86.0	88.0	121.0	90.0	83.0	85.0
290.732	80.0	80.0	113.0	91.0	75.0	104.0	76.0	79.0	107.0	78.0	80.0	74.0	73.0	94.0	88.0	79.0	114.0	79.0	78.0	77.0
290.838	77.0	78.0	118.0	91.0	75.0	103.0	75.0	74.0	105.0	82.0	80.0	77.0	75.0	92.0	81.0	85.0	114.0	84.0	76.0	74.0
290.943	75.0	77.0	111.0	95.0	76.0	104.0	71.0	76.0	104.0	74.0	84.0	79.0	81.0	89.0	82.0	82.0	116.0	79.0	82.0	77.0
291.048	75.0	77.0	110.0	87.0	74.0	104.0	78.0	75.0	108.0	73.0	78.0	74.0	72.0	87.0	84.0	81.0	109.0	83.0	81.0	69.0
291.154	71.0	80.0	111.0	92.0	73.0	101.0	73.0	79.0	112.0	80.0	81.0	79.0	80.0	92.0	84.0	88.0	113.0	78.0	79.0	74.0
291.259	64.0	76.0	106.0	89.0	76.0	98.0	76.0	74.0	106.0	72.0	77.0	70.0	76.0	81.0	82.0	85.0	114.0	80.0	76.0	71.0
291.364	78.0	68.0	113.0	91.0	74.0	109.0	77.0	76.0	103.0	78.0	72.0	71.0	79.0	86.0	88.0	83.0	111.0	78.0	74.0	77.0
291.47	72.0	73.0	104.0	78.0	73.0	104.0	75.0	76.0	105.0	74.0	72.0	75.0	80.0	78.0	84.0	82.0	110.0	81.0	81.0	74.0
291.575	79.0	89.0	121.0	90.0	80.0	117.0	80.0	85.0	117.0	81.0	84.0	81.0	83.0	90.0	95.0	90.0	120.0	90.0	93.0	84.0
291.681	74.0	75.0	112.0	91.0	70.0	110.0	75.0	70.0	102.0	73.0	81.0	72.0	72.0	81.0	80.0	78.0	105.0	77.0	75.0	69.0
291.786	76.0	76.0	105.0	91.0	72.0	109.0	79.0	76.0	105.0	69.0	75.0	74.0	82.0	78.0	80.0	81.0	111.0	80.0	83.0	70.0
291.891	75.0	74.0	109.0	87.0	69.0	100.0	75.0	72.0	102.0	75.0	80.0	74.0	74.0	78.0	85.0	82.0	112.0	75.0	81.0	73.0
291.997	70.0	76.0	108.0	84.0	76.0	106.0	76.0	78.0	101.0	80.0	77.0	75.0	76.0	85.0	83.0	86.0	106.0	80.0	82.0	79.0
292.102	78.0	77.0	114.0	92.0	72.0	114.0	72.0	72.0	98.0	71.0	80.0	71.0	81.0	86.0	82.0	86.0	108.0	83.0	74.0	67.0
292.208	80.0	80.0	121.0	103.0	71.0	105.0	74.0	76.0	95.0	78.0	81.0	80.0	76.0	95.0	92.0	84.0	116.0	81.0	82.0	81.0
292.313	79.0	82.0	117.0	93.0	76.0	106.0	73.0	81.0	104.0	73.0	80.0	79.0	81.0	90.0	91.0	88.0	120.0	84.0	76.0	87.0
292.419	76.0	81.0	125.0	103.0	73.0	107.0	78.0	79.0	109.0	81.0	85.0	84.0	79.0	96.0	94.0	83.0	121.0	89.0	80.0	79.0
292.524	71.0	76.0	115.0	104.0	76.0	107.0	76.0	74.0	100.0	77.0	79.0	75.0	79.0	91.0	95.0	82.0	118.0	84.0	78.0	74.0
292.63	77.0	80.0	115.0	91.0	74.0	110.0	77.0	70.0	99.0	76.0	78.0	74.0	84.0	86.0	90.0	84.0	122.0	82.0	84.0	80.0
292.735	83.0	82.0	120.0	99.0	71.0	118.0	78.0	77.0	104.0	76.0	82.0	78.0	85.0	93.0	92.0	85.0	114.0	87.0	88.0	75.0
292.841	73.0	77.0	116.0	88.0	79.0	104.0	72.0	78.0	103.0	78.0	76.0	71.0	78.0	94.0	84.0	83.0	114.0	84.0	81.0	77.0
292.946	87.0	88.0	120.0	99.0	82.0	106.0	80.0	76.0	106.0	80.0	88.0	83.0	78.0	95.0	92.0	87.0	122.0	86.0	83.0	80.0
293.052	84.0	75.0	117.0	95.0	79.0	104.0	76.0	74.0	104.0	73.0	80.0	70.0	80.0	90.0	88.0	81.0	107.0	76.0	77.0	79.0
293.158	81.0	77.0	118.0	100.0	72.0	106.0	78.0	75.0	103.0	77.0	81.0	79.0	84.0	99.0	97.0	85.0	117.0	85.0	82.0	79.0
293.263	86.0	88.0	120.0	113.0	81.0	110.0	84.0	79.0	108.0	85.0	85.0	83.0	80.0	93.0	98.0	88.0	131.0	99.0	84.0	79.0
293.369	76.0	77.0	123.0	99.0	76.0	108.0	79.0	78.0	101.0	82.0	79.0	78.0	76.0	102.0	95.0	84.0	125.0	89.0	79.0	77.0
293.474	162.0	158.0	198.0	183.0	159.0	185.0	160.0	157.0	180.0	156.0	166.0	156.0	167.0	174.0	170.0	170.0	203.0	166.0	165.0	161.0
293.58	96.0	93.0	138.0	123.0	76.0	125.0	85.0	84.0	109.0	89.0	97.0	88.0	99.0	111.0	114.0	100.0	137.0	98.0	94.0	94.0
293.685	81.0	81.0	126.0	114.0	70.0	113.0	77.0	80.0	103.0	83.0	89.0	82.0	86.0	102.0	102.0	89.0	128.0	89.0	81.0	88.0
293.791	80.0	88.0	127.0	113.0	76.0	112.0	82.0	79.0	102.0	78.0	83.0	88.0	84.0	98.0	106.0	87.0	133.0	93.0	86.0	81.0
293.897	85.0	81.0	123.0	113.0	75.0	110.0	81.0	77.0	106.0	78.0	80.0	82.0	84.0	107.0	101.0	89.0	126.0	89.0	85.0	84.0
294.002	80.0	81.0	116.0	105.0	77.0	103.0	82.0	77.0	107.0	78.0	76.0	79.0	82.0	97.0	93.0	93.0	127.0	87.0	84.0	77.0
294.108	97.0	93.0	133.0	115.0	86.0	120.0	92.0	92.0	122.0	94.0	91.0	93.0	95.0	112.0	116.0	104.0	134.0	102.0	91.0	97.0
294.214	91.0	92.0	127.0	108.0	83.0	116.0	82.0	84.0	108.0	82.0	90.0	84.0	83.0	100.0	103.0	94.0	129.0	90.0	79.0	87.0
294.319	88.0	83.0	123.0	101.0	80.0	109.0	76.0	84.0	106.0	77.0	86.0	78.0	85.0	93.0	90.0	86.0	120.0	84.0	73.0	83.0
294.425	81.0	78.0	113.0	94.0	75.0	106.0	75.0	85.0	101.0	73.0	87.0	80.0	80.0	88.0	93.0	87.0	118.0	78.0	82.0	78.0
294.531	74.0	82.0	115.0	85.0	73.0	112.0	81.0	82.0	104.0	73.0	76.0	76.0	78.0	88.0	91.0	84.0	111.0	79.0	79.0	81.0
294.636	73.0	85.0	116.0	83.0	76.0	109.0	78.0	66.0	106.0	79.0	73.0	76.0	72.0	93.0	84.0	75.0	114.0	79.0	77.0	72.0
294.742	77.0	70.0	114.0	89.0	77.0	103.0	72.0	77.0	102.0	74.0	77.0	72.0	75.0	88.0	89.0	81.0	117.0	74.0	77.0	76.0
294.848	104.0	97.0	134.0	122.0	95.0	129.0	94.0	96.0	130.0	99.0	99.0	101.0	101.0	117.0	112.0	112.0	148.0	102.0	102.0	102.0
294.954	81.0	87.0	122.0	100.0	82.0	114.0	80.0	77.0	108.0	82.0	83.0	80.0	84.0	101.0	101.0	99.0	124.0	94.0	80.0	89.0
295.059	107.0	116.0	155.0	125.0	97.0	140.0	98.0	98.0	122.0	99.0	111.0	96.0	107.0	123.0	122.0	122.0	149.0	109.0	98.0	114.0
295.165	84.0	85.0	120.0	99.0	83.0	116.0	79.0	80.0	110.0	77.0	81.0	76.0	82.0	103.0	96.0	88.0	123.0	86.0	76.0	85.0
295.271	87.0	88.0	114.0	103.0	80.0	113.0	79.0	76.0	105.0	75.0	80.0	80.0	84.0	96.0	103.0	90.0	121.0	88.0	84.0	84.0
295.377	81.0	91.0	130.0	106.0	76.0	105.0	77.0	77.0	104.0	76.0	76.0	75.0	78.0	100.0	100.0	93.0	126.0	89.0	80.0	74.0
295.482	80.0	84.0	121.0	103.0	80.0	112.0	76.0	77.0	107.0	79.0	85.0	77.0	86.0	93.0	100.0	88.0	126.0	87.0	82.0	78.0
295.588	74.0	76.0	115.0	96.0	81.0	102.0	70.0	70.0	104.0	73.0	82.0	73.0	78.0	88.0	86.0	75.0	113.0	77.0	77.0	71.0
295.694	78.0	77.0	117.0	97.0	74.0	107.0	73.0	83.0	107.0	74.0	78.0	75.0	79.0	94.0	84.0	88.0	113.0	82.0	83.0	80.0
295.8	78.0	78.0	116.0	82.0	75.0	105.0	75.0	74.0	105.0	79.0	75.0	76.0	76.0	80.0	85.0	82.0	111.0	83.0	80.0	79.0
295.906	80.0	82.0	120.0	85.0	75.0	115.0	77.0	75.0	109.0	75.0	80.0	73.0	73.0	88.0	89.0	81.0	114.0	81.0	73.0	75.0
296.011	82.0	79.0	120.0	84.0	75.0	107.0	72.0	72.0	104.0	78.0	83.0	72.0	80.0	88.0	78.0	77.0	108.0	77.0	73.0	81.0
296.117	88.0	86.0	119.0	88.0	76.0	110.0	80.0	81.0	102.0	79.0	78.0	76.0	86.0	88.0	88.0	90.0	115.0	81.0	82.0	90.0
296.223	75.0	87.0	114.0	85.0	71.0	104.0	79.0	76.0	109.0	77.0	71.0	73.0	78.0	92.0	85.0	87.0	111.0	81.0	81.0	74.0
296.329	81.0	84.0	122.0	80.0	75.0	111.0	75.0	80.0	98.0	77.0	80.0	72.0	74.0	82.0	87.0	84.0	113.0	76.0	73.0	81.0
296.435	75.0	79.0	112.0	87.0	72.0	113.0	73.0	71.0	100.0	72.0	78.0	76.0	76.0	84.0	84.0	76.0	109.0	75.0	82.0	69.0
296.541	84.0	79.0	109.0	86.0	76.0	104.0	73.0	80.0	105.0	74.0	75.0	69.0	74.0	87.0	81.0	81.0	107.0	73.0	77.0	79.0
296.647	84.0	81.0	108.0	80.0	74.0	107.0	74.0	84.0	107.0	76.0	76.0	69.0	72.0	79.0	80.0	86.0	107.0	74.0	83.0	79.0
296.752	78.0	76.0	105.0	76.0	77.0	105.0	74.0	83.0	103.0	76.0	76.0	76.0	73.0	79.0	82.0	78.0	109.0	77.0	76.0	71.0
296.858	78.0	78.0	115.0	83.0	81.0	107.0	73.0	74.0	104.0	78.0	77.0	77.0	79.0	86.0	84.0	81.0	107.0	77.0	79.0	76.0
296.964	76.0	82.0	111.0	77.0	75.0	106.0	76.0	75.0	100.0	73.0	77.0	71.0	75.0	77.0	72.0	80.0	104.0	78.0	72.0	74.0
297.07	75.0	77.0	101.0	72.0	74.0	107.0	75.0	72.0	105.0	75.0	71.0	76.0	74.0	83.0	76.0	83.0	112.0	80.0	81.0	76.0
297.176	85.0	90.0	125.0	96.0	84.0	117.0	87.0	90.0	114.0	84.0	89.0	82.0	86.0	98.0	95.0	89.0	124.0	84.0	89.0	87.0
297.282	73.0	79.0	112.0	80.0	76.0	105.0	72.0	71.0	101.0	76.0	85.0	73.0	78.0	80.0	79.0	78.0	111.0	73.0	80.0	68.0
297.388	71.0	73.0	108.0	89.0	72.0	100.0	73.0	75.0	101.0	75.0	74.0	72.0	74.0	81.0	79.0	84.0	108.0	77.0	81.0	70.0
297.494	74.0	74.0	108.0	79.0	69.0	102.0	80.0	79.0	111.0	75.0	75.0	72.0	77.0	79.0	84.0	85.0	110.0	71.0	82.0	72.0
297.6	74.0	72.0	110.0	86.0	78.0	102.0	74.0	78.0	100.0	75.0	78.0	74.0	72.0	82.0	81.0	86.0	107.0	76.0	76.0	78.0
297.706	74.0	74.0	111.0	86.0	72.0	110.0	74.0	77.0	106.0	74.0	76.0	75.0	72.0	88.0	81.0	83.0	106.0	76.0	73.0	79.0
297.812	76.0	76.0	113.0	91.0	72.0	104.0	76.0	76.0	109.0	71.0	77.0	73.0	78.0	79.0	77.0	79.0	108.0	87.0	77.0	76.0
297.918	82.0	81.0	109.0	90.0	75.0	111.0	75.0	80.0	100.0	73.0	76.0	76.0	76.0	83.0	82.0	80.0	113.0	79.0	81.0	77.0
298.024	70.0	83.0	111.0	84.0	69.0	111.0	74.0	78.0	105.0	82.0	68.0	73.0	79.0	79.0	82.0	82.0	109.0	77.0	74.0	76.0
298.13	75.0	82.0	115.0	86.0	77.0	110.0	73.0	75.0	108.0	75.0	79.0	74.0	75.0	80.0	80.0	82.0	110.0	81.0	79.0	78.0
298.236	77.0	75.0	110.0	79.0	77.0	100.0	72.0	72.0	105.0	77.0	73.0	74.0	71.0	82.0	78.0	80.0	105.0	69.0	85.0	69.0
298.342	72.0	77.0	111.0	84.0	75.0	105.0	70.0	74.0	105.0	74.0	74.0	71.0	72.0	82.0	72.0	79.0	111.0	69.0	81.0	78.0
298.448	75.0	75.0	106.0	78.0	69.0	106.0	78.0	74.0	107.0	79.0	84.0	76.0	73.0	78.0	76.0	87.0	112.0	77.0	80.0	77.0
298.554	72.0	82.0	113.0	83.0	72.0	104.0	69.0	74.0	104.0	80.0	73.0	70.0	77.0	82.0	82.0	77.0	105.0	73.0	72.0	75.0
298.66	78.0	70.0	109.0	82.0	76.0	105.0	75.0	74.0	105.0	71.0	79.0	73.0	76.0	80.0	73.0	77.0	110.0	81.0	78.0	75.0
298.766	76.0	77.0	107.0	79.0	74.0	100.0	73.0	75.0	104.0	73.0	74.0	70.0	76.0	79.0	76.0	84.0	105.0	77.0	82.0	78.0
298.872	68.0	81.0	107.0	80.0	70.0	108.0	74.0	78.0	107.0	74.0	77.0	73.0	80.0	86.0	77.0	78.0	106.0	75.0	79.0	78.0
298.979	71.0	75.0	112.0	84.0	71.0	105.0	75.0	72.0	99.0	79.0	74.0	77.0	70.0	80.0	71.0	78.0	107.0	77.0	82.0	78.0
299.085	78.0	78.0	115.0	79.0	69.0	104.0	67.0	73.0	102.0	71.0	72.0	65.0	77.0	82.0	79.0	73.0	102.0	74.0	81.0	74.0
299.191	78.0	74.0	108.0	83.0	77.0	102.0	74.0	75.0	109.0	77.0	71.0	74.0	78.0	79.0	79.0	84.0	103.0	69.0	78.0	75.0
299.297	73.0	76.0	106.0	72.0	72.0	103.0	73.0	78.0	111.0	76.0	74.0	72.0	75.0	80.0	84.0	84.0	105.0	70.0	76.0	76.0
299.403	77.0	78.0	108.0	81.0	74.0	109.0	74.0	78.0	102.0	74.0	76.0	69.0	73.0	90.0	77.0	82.0	106.0	77.0	75.0	76.0
299.509	75.0	78.0	112.0	81.0	72.0	108.0	73.0	79.0	105.0	71.0	77.0	68.0	81.0	83.0	82.0	78.0	106.0	77.0	74.0	78.0
299.615	79.0	80.0	112.0	88.0	76.0	112.0	77.0	78.0	106.0	72.0	80.0	77.0	82.0	75.0	80.0	79.0	109.0	81.0	83.0	82.0
299.722	73.0	85.0	112.0	82.0	71.0	104.0	73.0	77.0	106.0	79.0	77.0	75.0	73.0	84.0	79.0	77.0	105.0	70.0	81.0	79.0
299.828	76.0	76.0	108.0	75.0	68.0	106.0	76.0	74.0	105.0	75.0	78.0	72.0	74.0	78.0	80.0	75.0	110.0	72.0	76.0	76.0
299.934	78.0	75.0	113.0	82.0	77.0	112.0	73.0	79.0	111.0	78.0	76.0	76.0	78.0	82.0	83.0	76.0	102.0	74.0	81.0	74.0
300.04	72.0	81.0	108.0	78.0	75.0	104.0	69.0	75.0	101.0	75.0	72.0	70.0	74.0	74.0	80.0	78.0	99.0	68.0	79.0	73.0
300.146	74.0	73.0	103.0	76.0	73.0	108.0	70.0	78.0	110.0	67.0	73.0	77.0	68.0	83.0	82.0	81.0	111.0	78.0	85.0	68.0
300.253	75.0	77.0	111.0	82.0	71.0	103.0	77.0	78.0	107.0	72.0	80.0	75.0	65.0	84.0	82.0	75.0	105.0	75.0	72.0	79.0
300.359	76.0	80.0	108.0	86.0	78.0	101.0	70.0	74.0	112.0	73.0	75.0	76.0	70.0	77.0	72.0	80.0	103.0	72.0	80.0	75.0
300.465	79.0	80.0	106.0	80.0	77.0	108.0	79.0	76.0	110.0	77.0	79.0	78.0	79.0	82.0	81.0	88.0	110.0	81.0	90.0	80.0
300.571	93.0	98.0	131.0	104.0	94.0	132.0	92.0	99.0	124.0	96.0	98.0	92.0	95.0	102.0	105.0	104.0	130.0	101.0	102.0	100.0
300.678	74.0	82.0	106.0	79.0	73.0	103.0	73.0	76.0	103.0	79.0	79.0	73.0	80.0	79.0	77.0	77.0	109.0	72.0	84.0	75.0
300.784	78.0	75.0	114.0	76.0	76.0	106.0	68.0	74.0	101.0	73.0	72.0	67.0	74.0	83.0	73.0	80.0	106.0	78.0	81.0	69.0
300.89	76.0	73.0	105.0	85.0	74.0	98.0	73.0	81.0	103.0	75.0	72.0	71.0	73.0	78.0	78.0	80.0	103.0	69.0	75.0	75.0
300.996	82.0	76.0	106.0	82.0	77.0	102.0	74.0	77.0	103.0	78.0	76.0	77.0	78.0	82.0	86.0	86.0	112.0	77.0	83.0	76.0
301.103	77.0	84.0	119.0	102.0	80.0	113.0	80.0	77.0	104.0	84.0	90.0	79.0	82.0	98.0	102.0	89.0	125.0	88.0	78.0	79.0
301.209	73.0	79.0	112.0	100.0	81.0	105.0	80.0	78.0	100.0	76.0	78.0	83.0	82.0	92.0	88.0	86.0	120.0	89.0	80.0	79.0
301.315	81.0	76.0	112.0	93.0	73.0	105.0	78.0	74.0	100.0	83.0	82.0	81.0	79.0	89.0	91.0	81.0	116.0	82.0	85.0	81.0
301.422	84.0	81.0	116.0	97.0	79.0	109.0	78.0	88.0	109.0	76.0	83.0	83.0	85.0	97.0	93.0	91.0	114.0	89.0	89.0	93.0
301.528	82.0	87.0	116.0	86.0	64.0	111.0	74.0	74.0	106.0	78.0	83.0	81.0	81.0	92.0	87.0	82.0	108.0	80.0	79.0	79.0
301.634	81.0	81.0	116.0	92.0	76.0	108.0	74.0	75.0	100.0	74.0	74.0	74.0	81.0	89.0	83.0	74.0	112.0	78.0	81.0	76.0
301.741	82.0	77.0	112.0	91.0	76.0	99.0	76.0	76.0	102.0	77.0	75.0	72.0	80.0	83.0	80.0	84.0	106.0	82.0	77.0	75.0
301.847	81.0	80.0	111.0	88.0	79.0	104.0	83.0	74.0	104.0	77.0	80.0	76.0	82.0	92.0	86.0	79.0	113.0	82.0	83.0	77.0
301.953	82.0	82.0	117.0	91.0	76.0	107.0	78.0	78.0	104.0	74.0	84.0	73.0	75.0	89.0	84.0	85.0	118.0	82.0	82.0	78.0
302.06	77.0	77.0	116.0	92.0	75.0	108.0	75.0	75.0	101.0	73.0	73.0	70.0	74.0	90.0	77.0	81.0	113.0	82.0	78.0	72.0
302.166	102.0	99.0	137.0	109.0	98.0	131.0	94.0	100.0	126.0	95.0	99.0	98.0	98.0	102.0	99.0	101.0	132.0	99.0	102.0	90.0
302.273	78.0	82.0	113.0	93.0	80.0	106.0	78.0	79.0	106.0	82.0	81.0	75.0	83.0	96.0	90.0	82.0	118.0	82.0	82.0	77.0
302.379	81.0	96.0	125.0	109.0	83.0	117.0	93.0	81.0	110.0	87.0	89.0	91.0	96.0	103.0	106.0	98.0	134.0	97.0	86.0	93.0
302.485	81.0	82.0	114.0	92.0	82.0	100.0	85.0	76.0	105.0	79.0	76.0	81.0	83.0	88.0	84.0	86.0	117.0	84.0	89.0	75.0
302.592	74.0	73.0	112.0	91.0	76.0	97.0	74.0	76.0	106.0	73.0	77.0	69.0	79.0	88.0	89.0	84.0	110.0	79.0	83.0	76.0
302.698	82.0	78.0	114.0	86.0	75.0	108.0	76.0	80.0	106.0	68.0	85.0	70.0	75.0	91.0	87.0	88.0	116.0	82.0	87.0	83.0
302.805	78.0	81.0	110.0	84.0	74.0	108.0	71.0	79.0	101.0	70.0	77.0	71.0	73.0	82.0	84.0	83.0	111.0	75.0	79.0	74.0
302.911	75.0	84.0	106.0	88.0	76.0	106.0	81.0	74.0	106.0	74.0	77.0	74.0	72.0	82.0	72.0	81.0	108.0	77.0	77.0	71.0
303.018	75.0	75.0	107.0	79.0	80.0	107.0	74.0	83.0	107.0	71.0	78.0	76.0	74.0	77.0	82.0	82.0	105.0	78.0	78.0	73.0
303.124	77.0	72.0	107.0	84.0	70.0	109.0	76.0	77.0	105.0	75.0	76.0	68.0	79.0	82.0	83.0	80.0	113.0	70.0	81.0	75.0
303.231	77.0	80.0	117.0	83.0	84.0	110.0	81.0	84.0	106.0	83.0	80.0	78.0	81.0	83.0	82.0	87.0	108.0	83.0	80.0	80.0
303.337	85.0	78.0	120.0	89.0	85.0	109.0	79.0	80.0	107.0	76.0	81.0	81.0	80.0	92.0	85.0	86.0	116.0	80.0	85.0	84.0
303.444	76.0	74.0	108.0	83.0	71.0	102.0	75.0	77.0	107.0	76.0	75.0	68.0	79.0	78.0	80.0	74.0	104.0	78.0	78.0	71.0
303.55	88.0	92.0	121.0	95.0	85.0	116.0	88.0	94.0	127.0	90.0	88.0	84.0	94.0	92.0	100.0	97.0	120.0	87.0	93.0	89.0
303.657	77.0	78.0	111.0	79.0	73.0	104.0	74.0	80.0	103.0	73.0	80.0	74.0	73.0	85.0	83.0	80.0	110.0	77.0	79.0	71.0
303.763	79.0	79.0	111.0	93.0	71.0	107.0	79.0	80.0	110.0	81.0	83.0	72.0	85.0	94.0	85.0	82.0	120.0	85.0	78.0	80.0
303.87	78.0	83.0	120.0	95.0	75.0	111.0	83.0	83.0	110.0	78.0	85.0	75.0	78.0	92.0	88.0	87.0	117.0	85.0	87.0	85.0
303.976	73.0	84.0	109.0	96.0	73.0	101.0	77.0	76.0	107.0	82.0	78.0	81.0	81.0	96.0	90.0	82.0	116.0	83.0	79.0	75.0
304.083	77.0	85.0	117.0	101.0	77.0	102.0	80.0	83.0	110.0	78.0	84.0	80.0	85.0	96.0	93.0	89.0	123.0	89.0	84.0	83.0
304.189	76.0	86.0	117.0	86.0	79.0	104.0	77.0	72.0	106.0	77.0	77.0	74.0	79.0	89.0	88.0	79.0	117.0	86.0	84.0	79.0
304.296	85.0	78.0	118.0	107.0	81.0	100.0	73.0	83.0	109.0	80.0	83.0	80.0	88.0	95.0	99.0	85.0	117.0	85.0	85.0	80.0
304.402	77.0	79.0	118.0	88.0	83.0	104.0	79.0	86.0	108.0	79.0	86.0	82.0	85.0	96.0	90.0	90.0	119.0	85.0	88.0	82.0
304.509	81.0	80.0	112.0	84.0	78.0	108.0	80.0	80.0	99.0	75.0	82.0	79.0	75.0	83.0	86.0	81.0	111.0	83.0	82.0	83.0
304.616	79.0	79.0	113.0	92.0	81.0	109.0	77.0	76.0	104.0	78.0	83.0	80.0	80.0	85.0	79.0	79.0	107.0	83.0	76.0	78.0
304.722	84.0	78.0	114.0	86.0	72.0	112.0	76.0	80.0	107.0	70.0	79.0	73.0	75.0	80.0	82.0	81.0	107.0	76.0	81.0	75.0
304.829	80.0	77.0	114.0	88.0	69.0	104.0	74.0	73.0	108.0	73.0	72.0	78.0	80.0	83.0	85.0	79.0	107.0	78.0	77.0	73.0
304.936	78.0	76.0	109.0	90.0	71.0	105.0	72.0	72.0	102.0	74.0	78.0	74.0	78.0	87.0	89.0	78.0	114.0	82.0	82.0	78.0
305.042	80.0	84.0	122.0	107.0	78.0	111.0	83.0	71.0	101.0	80.0	85.0	88.0	84.0	106.0	97.0	86.0	130.0	99.0	89.0	85.0
305.149	86.0	87.0	125.0	119.0	87.0	107.0	85.0	81.0	108.0	77.0	90.0	82.0	97.0	114.0	110.0	92.0	140.0	97.0	89.0	87.0
305.255	87.0	85.0	118.0	125.0	86.0	106.0	85.0	79.0	106.0	80.0	90.0	85.0	90.0	113.0	105.0	96.0	134.0	97.0	90.0	87.0
305.362	83.0	87.0	121.0	110.0	84.0	108.0	84.0	78.0	106.0	74.0	88.0	79.0	79.0	103.0	105.0	102.0	138.0	94.0	87.0	86.0
305.469	86.0	80.0	122.0	108.0	78.0	114.0	84.0	75.0	103.0	81.0	90.0	85.0	90.0	107.0	100.0	98.0	136.0	95.0	89.0	83.0
305.576	77.0	88.0	121.0	111.0	75.0	113.0	80.0	77.0	103.0	82.0	85.0	74.0	90.0	101.0	101.0	89.0	133.0	88.0	85.0	86.0
305.682	83.0	88.0	116.0	103.0	81.0	106.0	81.0	79.0	109.0	78.0	82.0	85.0	84.0	101.0	98.0	91.0	129.0	96.0	88.0	83.0
305.789	82.0	85.0	117.0	116.0	74.0	104.0	85.0	78.0	107.0	79.0	81.0	82.0	86.0	104.0	97.0	95.0	127.0	92.0	84.0	82.0
305.896	82.0	89.0	120.0	123.0	77.0	112.0	84.0	78.0	102.0	79.0	86.0	89.0	83.0	103.0	106.0	98.0	142.0	103.0	79.0	83.0
306.002	113.0	115.0	149.0	185.0	84.0	119.0	106.0	82.0	103.0	93.0	113.0	104.0	118.0	162.0	159.0	131.0	186.0	130.0	95.0	99.0
306.109	106.0	108.0	149.0	169.0	83.0	118.0	103.0	81.0	107.0	92.0	112.0	103.0	106.0	147.0	151.0	125.0	182.0	127.0	91.0	97.0
306.216	105.0	111.0	148.0	158.0	90.0	122.0	103.0	92.0	118.0	99.0	114.0	106.0	114.0	141.0	146.0	130.0	173.0	120.0	95.0	106.0
306.323	87.0	102.0	134.0	138.0	83.0	117.0	93.0	84.0	106.0	90.0	101.0	94.0	97.0	128.0	125.0	106.0	159.0	111.0	90.0	93.0
306.429	90.0	98.0	126.0	138.0	75.0	114.0	93.0	77.0	105.0	81.0	97.0	96.0	97.0	127.0	121.0	108.0	150.0	109.0	88.0	86.0
306.536	100.0	108.0	135.0	173.0	83.0	118.0	98.0	88.0	105.0	87.0	107.0	97.0	113.0	144.0	140.0	119.0	177.0	123.0	95.0	100.0
306.643	140.0	161.0	191.0	266.0	106.0	160.0	147.0	112.0	125.0	125.0	155.0	148.0	157.0	233.0	222.0	185.0	255.0	166.0	123.0	143.0
306.75	134.0	148.0	183.0	240.0	107.0	151.0	145.0	102.0	115.0	117.0	147.0	143.0	153.0	216.0	206.0	167.0	246.0	169.0	117.0	136.0
306.856	136.0	139.0	180.0	280.0	94.0	134.0	137.0	89.0	108.0	99.0	139.0	143.0	152.0	222.0	221.0	172.0	259.0	182.0	106.0	117.0
306.963	139.0	132.0	176.0	275.0	99.0	140.0	138.0	95.0	106.0	108.0	142.0	138.0	149.0	226.0	224.0	174.0	253.0	176.0	116.0	129.0
307.07	135.0	144.0	178.0	233.0	118.0	145.0	135.0	111.0	127.0	114.0	140.0	141.0	149.0	204.0	210.0	172.0	243.0	164.0	127.0	130.0
307.177	131.0	142.0	181.0	271.0	89.0	142.0	141.0	97.0	106.0	117.0	142.0	147.0	156.0	224.0	226.0	185.0	261.0	184.0	118.0	130.0
307.284	145.0	144.0	181.0	297.0	98.0	140.0	149.0	100.0	108.0	114.0	150.0	146.0	164.0	229.0	229.0	187.0	284.0	201.0	118.0	142.0
307.391	112.0	116.0	161.0	208.0	100.0	131.0	120.0	99.0	112.0	97.0	117.0	122.0	136.0	174.0	178.0	154.0	223.0	153.0	113.0	116.0
307.497	114.0	109.0	147.0	190.0	82.0	124.0	111.0	91.0	108.0	90.0	111.0	115.0	115.0	157.0	155.0	126.0	198.0	136.0	102.0	112.0
307.604	114.0	112.0	147.0	180.0	85.0	128.0	109.0	92.0	108.0	95.0	114.0	103.0	114.0	147.0	140.0	123.0	178.0	129.0	94.0	123.0
307.711	108.0	110.0	141.0	147.0	82.0	133.0	94.0	92.0	106.0	94.0	98.0	105.0	106.0	126.0	134.0	101.0	154.0	122.0	93.0	106.0
307.818	99.0	85.0	130.0	133.0	76.0	115.0	92.0	94.0	103.0	85.0	92.0	88.0	100.0	105.0	109.0	94.0	134.0	107.0	91.0	97.0
307.925	86.0	84.0	120.0	119.0	75.0	111.0	82.0	86.0	104.0	87.0	92.0	90.0	89.0	104.0	104.0	95.0	134.0	94.0	82.0	96.0
308.032	93.0	88.0	127.0	143.0	80.0	117.0	95.0	91.0	106.0	87.0	101.0	96.0	99.0	121.0	125.0	103.0	152.0	105.0	91.0	93.0
308.139	127.0	141.0	173.0	257.0	91.0	139.0	136.0	86.0	106.0	106.0	136.0	142.0	144.0	200.0	214.0	169.0	235.0	183.0	109.0	124.0
308.246	134.0	148.0	185.0	279.0	99.0	142.0	143.0	94.0	110.0	107.0	146.0	144.0	165.0	224.0	228.0	187.0	269.0	198.0	120.0	129.0
308.353	149.0	162.0	204.0	315.0	111.0	164.0	159.0	115.0	130.0	130.0	164.0	166.0	180.0	248.0	248.0	201.0	290.0	215.0	140.0	148.0
308.46	117.0	129.0	169.0	251.0	90.0	134.0	139.0	89.0	103.0	114.0	139.0	139.0	151.0	201.0	202.0	157.0	244.0	179.0	109.0	129.0
308.566	111.0	113.0	151.0	202.0	85.0	132.0	112.0	93.0	103.0	96.0	116.0	119.0	127.0	158.0	162.0	129.0	195.0	150.0	100.0	116.0
308.673	122.0	114.0	154.0	169.0	87.0	128.0	108.0	103.0	109.0	97.0	118.0	100.0	115.0	139.0	140.0	117.0	158.0	123.0	94.0	123.0
308.78	101.0	105.0	136.0	127.0	87.0	118.0	92.0	97.0	110.0	94.0	103.0	85.0	99.0	104.0	111.0	98.0	137.0	97.0	91.0	110.0
308.887	96.0	96.0	130.0	105.0	80.0	120.0	81.0	88.0	106.0	88.0	99.0	85.0	88.0	104.0	95.0	87.0	127.0	97.0	88.0	101.0
308.994	91.0	87.0	121.0	107.0	81.0	120.0	87.0	85.0	105.0	90.0	99.0	84.0	88.0	96.0	92.0	94.0	125.0	92.0	80.0	100.0
309.101	94.0	91.0	125.0	115.0	88.0	113.0	85.0	83.0	102.0	82.0	88.0	87.0	94.0	110.0	98.0	95.0	138.0	95.0	88.0	95.0
309.208	81.0	88.0	118.0	109.0	77.0	117.0	84.0	79.0	100.0	81.0	90.0	85.0	91.0	101.0	96.0	88.0	129.0	92.0	84.0	83.0
309.315	74.0	78.0	117.0	100.0	79.0	110.0	75.0	78.0	101.0	84.0	86.0	80.0	81.0	100.0	94.0	90.0	122.0	88.0	84.0	87.0
309.422	78.0	85.0	126.0	106.0	77.0	111.0	83.0	78.0	104.0	80.0	83.0	85.0	87.0	107.0	95.0	85.0	132.0	91.0	87.0	83.0
309.529	81.0	84.0	118.0	102.0	77.0	104.0	83.0	80.0	111.0	82.0	81.0	80.0	82.0	100.0	98.0	84.0	120.0	86.0	84.0	76.0
309.636	81.0	83.0	118.0	107.0	76.0	105.0	72.0	75.0	111.0	84.0	85.0	76.0	84.0	101.0	94.0	94.0	128.0	87.0	89.0	80.0
309.743	97.0	105.0	141.0	145.0	93.0	121.0	95.0	95.0	118.0	96.0	110.0	105.0	106.0	132.0	129.0	120.0	162.0	116.0	105.0	102.0
309.851	97.0	102.0	132.0	154.0	90.0	116.0	99.0	82.0	109.0	88.0	103.0	93.0	103.0	131.0	132.0	117.0	168.0	113.0	89.0	91.0
309.958	106.0	112.0	150.0	189.0	92.0	126.0	107.0	79.0	109.0	89.0	111.0	109.0	110.0	152.0	156.0	129.0	198.0	136.0	91.0	101.0
310.065	98.0	107.0	142.0	172.0	81.0	118.0	97.0	85.0	107.0	84.0	104.0	95.0	112.0	148.0	142.0	120.0	176.0	125.0	95.0	99.0
310.172	96.0	93.0	138.0	151.0	85.0	117.0	93.0	78.0	106.0	88.0	100.0	94.0	100.0	139.0	130.0	117.0	160.0	105.0	92.0	90.0
310.279	78.0	96.0	130.0	132.0	75.0	110.0	84.0	79.0	102.0	79.0	90.0	92.0	88.0	119.0	114.0	100.0	146.0	102.0	84.0	89.0
310.386	86.0	92.0	132.0	125.0	79.0	111.0	90.0	76.0	113.0	79.0	92.0	89.0	89.0	113.0	114.0	98.0	143.0	99.0	87.0	85.0
310.493	82.0	88.0	121.0	106.0	77.0	111.0	73.0	79.0	102.0	79.0	85.0	72.0	84.0	104.0	92.0	97.0	127.0	83.0	83.0	83.0
310.6	86.0	86.0	126.0	105.0	77.0	113.0	80.0	82.0	102.0	78.0	89.0	78.0	80.0	105.0	105.0	97.0	134.0	89.0	83.0	81.0
310.707	82.0	83.0	122.0	96.0	80.0	113.0	84.0	83.0	102.0	86.0	81.0	79.0	83.0	95.0	92.0	85.0	128.0	87.0	82.0	85.0
310.814	86.0	89.0	118.0	102.0	79.0	112.0	78.0	81.0	102.0	78.0	83.0	77.0	86.0	97.0	90.0	86.0	122.0	82.0	81.0	82.0
310.922	81.0	85.0	117.0	91.0	79.0	103.0	76.0	86.0	109.0	79.0	80.0	78.0	79.0	98.0	88.0	87.0	113.0	88.0	87.0	78.0
311.029	72.0	79.0	117.0	94.0	77.0	103.0	77.0	81.0	105.0	79.0	83.0	74.0	79.0	96.0	89.0	88.0	118.0	86.0	78.0	78.0
311.136	83.0	90.0	132.0	107.0	82.0	119.0	82.0	81.0	110.0	85.0	81.0	80.0	87.0	105.0	95.0	95.0	132.0	93.0	89.0	87.0
311.243	89.0	99.0	134.0	119.0	79.0	121.0	82.0	78.0	106.0	82.0	88.0	82.0	92.0	113.0	104.0	90.0	130.0	98.0	89.0	87.0
311.35	86.0	93.0	138.0	124.0	83.0	116.0	81.0	84.0	110.0	81.0	94.0	81.0	98.0	123.0	114.0	103.0	145.0	94.0	83.0	92.0
311.457	89.0	93.0	134.0	114.0	82.0	117.0	77.0	86.0	105.0	77.0	91.0	81.0	81.0	103.0	107.0	98.0	133.0	85.0	86.0	92.0
311.565	82.0	99.0	133.0	109.0	81.0	117.0	78.0	78.0	100.0	83.0	89.0	89.0	86.0	113.0	107.0	96.0	136.0	90.0	82.0	86.0
311.672	82.0	92.0	134.0	112.0	87.0	115.0	81.0	84.0	110.0	76.0	88.0	85.0	88.0	103.0	102.0	92.0	127.0	93.0	82.0	89.0
311.779	82.0	87.0	129.0	96.0	78.0	115.0	74.0	83.0	107.0	79.0	85.0	81.0	82.0	104.0	92.0	88.0	122.0	83.0	80.0	88.0
311.886	90.0	82.0	121.0	98.0	76.0	116.0	73.0	84.0	106.0	86.0	86.0	82.0	76.0	98.0	92.0	85.0	118.0	82.0	90.0	81.0
311.993	72.0	86.0	118.0	89.0	74.0	110.0	75.0	74.0	100.0	73.0	76.0	73.0	78.0	88.0	86.0	73.0	113.0	75.0	82.0	77.0
312.101	73.0	87.0	117.0	94.0	73.0	109.0	75.0	74.0	106.0	79.0	76.0	77.0	75.0	94.0	90.0	81.0	121.0	82.0	80.0	76.0
312.208	84.0	82.0	128.0	98.0	85.0	109.0	76.0	81.0	109.0	75.0	84.0	80.0	85.0	95.0	94.0	84.0	113.0	76.0	82.0	80.0
312.315	86.0	81.0	124.0	97.0	79.0	113.0	74.0	83.0	105.0	82.0	83.0	82.0	73.0	97.0	97.0	85.0	123.0	81.0	82.0	82.0
312.422	81.0	95.0	126.0	100.0	77.0	113.0	77.0	86.0	109.0	85.0	84.0	79.0	83.0	108.0	95.0	94.0	125.0	91.0	83.0	84.0
312.53	88.0	84.0	122.0	100.0	79.0	115.0	78.0	82.0	108.0	80.0	84.0	79.0	84.0	104.0	99.0	91.0	130.0	88.0	75.0	80.0
312.637	81.0	81.0	120.0	92.0	77.0	108.0	74.0	76.0	106.0	77.0	85.0	79.0	81.0	97.0	88.0	88.0	121.0	86.0	76.0	77.0
312.744	80.0	79.0	116.0	94.0	72.0	109.0	77.0	84.0	104.0	84.0	86.0	81.0	79.0	86.0	90.0	84.0	116.0	82.0	82.0	82.0
312.852	73.0	79.0	116.0	84.0	75.0	102.0	79.0	80.0	98.0	73.0	82.0	80.0	81.0	89.0	86.0	86.0	115.0	79.0	78.0	81.0
312.959	79.0	78.0	117.0	85.0	76.0	104.0	78.0	81.0	105.0	76.0	81.0	79.0	80.0	82.0	86.0	75.0	114.0	84.0	79.0	78.0
313.066	79.0	70.0	118.0	84.0	83.0	103.0	80.0	77.0	108.0	75.0	78.0	69.0	79.0	87.0	80.0	79.0	114.0	75.0	82.0	74.0
313.173	80.0	77.0	113.0	72.0	76.0	104.0	69.0	79.0	105.0	75.0	82.0	73.0	74.0	77.0	83.0	81.0	107.0	73.0	82.0	73.0
313.281	76.0	76.0	107.0	76.0	70.0	110.0	71.0	79.0	106.0	74.0	80.0	80.0	70.0	89.0	79.0	77.0	107.0	80.0	81.0	80.0
313.388	80.0	82.0	119.0	85.0	79.0	111.0	82.0	85.0	108.0	85.0	82.0	76.0	78.0	91.0	88.0	83.0	116.0	82.0	81.0	81.0
313.495	78.0	87.0	120.0	93.0	81.0	112.0	71.0	85.0	106.0	76.0	83.0	85.0	82.0	97.0	83.0	82.0	120.0	85.0	82.0	80.0
313.603	83.0	84.0	121.0	85.0	77.0	117.0	74.0	84.0	105.0	79.0	81.0	82.0	81.0	93.0	84.0	84.0	114.0	73.0	80.0	80.0
313.71	83.0	85.0	122.0	90.0	78.0	121.0	75.0	76.0	97.0	80.0	81.0	80.0	79.0	98.0	93.0	84.0	117.0	84.0	80.0	83.0
313.818	81.0	86.0	128.0	95.0	76.0	116.0	78.0	70.0	105.0	77.0	77.0	77.0	79.0	100.0	96.0	79.0	116.0	83.0	83.0	82.0
313.925	86.0	81.0	123.0	91.0	75.0	106.0	75.0	81.0	102.0	76.0	86.0	76.0	82.0	96.0	86.0	88.0	116.0	84.0	80.0	80.0
314.032	74.0	83.0	116.0	90.0	77.0	106.0	75.0	78.0	104.0	76.0	83.0	71.0	78.0	93.0	88.0	85.0	117.0	76.0	77.0	83.0
314.14	83.0	83.0	122.0	99.0	80.0	116.0	80.0	74.0	101.0	75.0	85.0	80.0	78.0	104.0	96.0	93.0	119.0	82.0	85.0	87.0
314.247	87.0	94.0	122.0	100.0	77.0	111.0	85.0	81.0	102.0	83.0	80.0	79.0	83.0	105.0	98.0	90.0	118.0	87.0	78.0	80.0
314.355	97.0	101.0	132.0	108.0	95.0	122.0	95.0	88.0	113.0	84.0	93.0	91.0	96.0	100.0	103.0	101.0	124.0	97.0	96.0	93.0
314.462	79.0	86.0	113.0	88.0	76.0	104.0	76.0	82.0	103.0	75.0	80.0	73.0	80.0	86.0	82.0	88.0	112.0	80.0	83.0	76.0
314.569	78.0	89.0	119.0	105.0	74.0	117.0	78.0	76.0	103.0	81.0	86.0	76.0	84.0	103.0	94.0	91.0	127.0	88.0	80.0	88.0
314.677	82.0	96.0	124.0	107.0	75.0	108.0	76.0	79.0	109.0	75.0	81.0	86.0	86.0	109.0	100.0	93.0	129.0	88.0	82.0	83.0
314.784	82.0	92.0	123.0	103.0	76.0	104.0	84.0	80.0	106.0	84.0	86.0	79.0	80.0	109.0	98.0	86.0	130.0	90.0	83.0	78.0
314.892	86.0	81.0	124.0	98.0	78.0	112.0	78.0	76.0	103.0	82.0	93.0	83.0	88.0	104.0	92.0	95.0	137.0	88.0	81.0	86.0
314.999	90.0	96.0	133.0	115.0	82.0	119.0	85.0	81.0	107.0	83.0	88.0	87.0	84.0	109.0	108.0	101.0	135.0	93.0	88.0	90.0
315.107	85.0	87.0	118.0	103.0	81.0	114.0	84.0	78.0	104.0	82.0	92.0	84.0	87.0	106.0	98.0	94.0	127.0	89.0	80.0	84.0
315.214	85.0	84.0	120.0	101.0	77.0	116.0	80.0	79.0	108.0	75.0	79.0	80.0	88.0	98.0	92.0	92.0	120.0	82.0	79.0	81.0
315.322	82.0	80.0	118.0	101.0	73.0	109.0	76.0	72.0	104.0	82.0	84.0	77.0	83.0	99.0	90.0	88.0	122.0	83.0	81.0	82.0
315.429	79.0	94.0	124.0	112.0	77.0	112.0	73.0	81.0	105.0	85.0	87.0	79.0	78.0	108.0	99.0	94.0	134.0	90.0	82.0	83.0
315.537	118.0	119.0	154.0	177.0	83.0	130.0	100.0	80.0	105.0	95.0	107.0	109.0	111.0	175.0	155.0	127.0	193.0	122.0	93.0	102.0
315.644	126.0	136.0	166.0	212.0	88.0	132.0	111.0	90.0	109.0	98.0	128.0	122.0	128.0	194.0	182.0	152.0	228.0	146.0	96.0	118.0
315.752	113.0	122.0	160.0	200.0	85.0	122.0	107.0	88.0	105.0	101.0	118.0	113.0	121.0	175.0	174.0	148.0	207.0	133.0	101.0	109.0
315.859	109.0	118.0	156.0	181.0	88.0	127.0	107.0	83.0	106.0	104.0	117.0	112.0	113.0	166.0	162.0	135.0	195.0	126.0	97.0	115.0
315.967	91.0	106.0	146.0	154.0	81.0	120.0	100.0	90.0	100.0	89.0	104.0	105.0	105.0	147.0	136.0	118.0	178.0	123.0	86.0	99.0
316.074	100.0	96.0	139.0	157.0	81.0	113.0	102.0	87.0	110.0	86.0	100.0	97.0	101.0	135.0	132.0	114.0	167.0	122.0	95.0	94.0
316.182	104.0	109.0	139.0	166.0	85.0	125.0	99.0	83.0	106.0	87.0	112.0	108.0	110.0	149.0	142.0	126.0	182.0	120.0	99.0	103.0
316.29	111.0	122.0	153.0	188.0	75.0	121.0	108.0	85.0	106.0	96.0	118.0	108.0	120.0	170.0	157.0	141.0	195.0	131.0	99.0	109.0
316.397	96.0	109.0	146.0	172.0	85.0	126.0	101.0	79.0	105.0	94.0	108.0	107.0	113.0	154.0	144.0	123.0	176.0	121.0	95.0	104.0
316.505	91.0	100.0	133.0	140.0	75.0	112.0	95.0	74.0	108.0	87.0	98.0	94.0	100.0	124.0	127.0	110.0	156.0	110.0	85.0	83.0
316.612	88.0	85.0	123.0	128.0	78.0	108.0	84.0	89.0	108.0	82.0	99.0	85.0	93.0	116.0	115.0	100.0	139.0	106.0	80.0	88.0
316.72	88.0	85.0	123.0	113.0	80.0	115.0	78.0	78.0	106.0	81.0	82.0	88.0	92.0	108.0	104.0	98.0	138.0	90.0	83.0	84.0
316.828	75.0	84.0	114.0	94.0	78.0	109.0	73.0	75.0	103.0	76.0	81.0	80.0	81.0	93.0	90.0	88.0	123.0	83.0	87.0	83.0
316.935	97.0	100.0	143.0	114.0	101.0	130.0	103.0	93.0	133.0	90.0	102.0	98.0	104.0	113.0	105.0	105.0	137.0	98.0	98.0	96.0
317.043	76.0	81.0	114.0	91.0	78.0	106.0	75.0	82.0	108.0	78.0	78.0	76.0	77.0	81.0	83.0	79.0	116.0	80.0	76.0	74.0
317.151	78.0	76.0	108.0	82.0	72.0	105.0	69.0	77.0	103.0	72.0	74.0	71.0	73.0	81.0	85.0	78.0	107.0	70.0	80.0	69.0
317.258	77.0	72.0	116.0	82.0	72.0	103.0	73.0	76.0	107.0	74.0	73.0	75.0	78.0	88.0	84.0	75.0	111.0	70.0	78.0	77.0
317.366	76.0	84.0	115.0	88.0	80.0	100.0	79.0	76.0	109.0	76.0	76.0	77.0	80.0	86.0	85.0	78.0	115.0	86.0	80.0	76.0
317.474	75.0	76.0	114.0	94.0	78.0	104.0	74.0	78.0	107.0	72.0	81.0	79.0	78.0	92.0	81.0	85.0	110.0	82.0	79.0	77.0
317.581	80.0	79.0	113.0	83.0	80.0	103.0	73.0	81.0	106.0	74.0	75.0	81.0	77.0	91.0	81.0	82.0	115.0	74.0	77.0	76.0
317.689	77.0	78.0	112.0	89.0	77.0	103.0	72.0	78.0	107.0	77.0	78.0	79.0	75.0	88.0	89.0	76.0	116.0	75.0	85.0	78.0
317.797	81.0	84.0	118.0	100.0	72.0	107.0	85.0	79.0	106.0	76.0	78.0	87.0	83.0	90.0	88.0	92.0	117.0	79.0	86.0	80.0
317.904	76.0	80.0	123.0	96.0	76.0	106.0	75.0	79.0	104.0	73.0	78.0	77.0	80.0	89.0	84.0	87.0	111.0	82.0	77.0	84.0
318.012	96.0	95.0	142.0	104.0	84.0	137.0	83.0	93.0	104.0	91.0	95.0	90.0	92.0	114.0	104.0	97.0	127.0	89.0	85.0	98.0
318.12	96.0	93.0	143.0	111.0	82.0	121.0	83.0	86.0	100.0	84.0	81.0	86.0	88.0	117.0	104.0	96.0	126.0	81.0	84.0	96.0
318.227	93.0	100.0	149.0	117.0	91.0	124.0	90.0	83.0	107.0	86.0	88.0	93.0	88.0	106.0	109.0	103.0	131.0	88.0	86.0	98.0
318.335	90.0	91.0	139.0	117.0	81.0	119.0	75.0	84.0	106.0	78.0	88.0	86.0	93.0	111.0	112.0	103.0	136.0	94.0	82.0	85.0
318.443	105.0	117.0	162.0	193.0	83.0	133.0	102.0	89.0	108.0	99.0	114.0	104.0	114.0	176.0	163.0	143.0	201.0	129.0	97.0	120.0
318.551	126.0	134.0	184.0	206.0	91.0	149.0	116.0	94.0	109.0	95.0	120.0	112.0	129.0	185.0	174.0	151.0	217.0	139.0	100.0	125.0
318.658	112.0	122.0	179.0	190.0	95.0	134.0	103.0	94.0	112.0	98.0	115.0	108.0	116.0	166.0	156.0	138.0	196.0	132.0	96.0	110.0
318.766	108.0	122.0	173.0	179.0	88.0	130.0	105.0	89.0	105.0	89.0	119.0	100.0	117.0	152.0	150.0	126.0	184.0	129.0	93.0	112.0
318.874	105.0	105.0	151.0	156.0	84.0	115.0	97.0	88.0	108.0	94.0	101.0	101.0	111.0	148.0	134.0	122.0	168.0	114.0	94.0	96.0
318.982	94.0	99.0	140.0	145.0	86.0	121.0	88.0	89.0	111.0	84.0	96.0	92.0	98.0	134.0	128.0	103.0	157.0	112.0	90.0	93.0
319.09	88.0	97.0	138.0	130.0	84.0	121.0	90.0	82.0	108.0	85.0	87.0	91.0	93.0	116.0	124.0	104.0	147.0	101.0	83.0	86.0
319.197	90.0	87.0	131.0	116.0	81.0	111.0	88.0	82.0	100.0	89.0	88.0	86.0	91.0	112.0	104.0	97.0	131.0	100.0	84.0	83.0
319.305	97.0	98.0	145.0	114.0	84.0	121.0	84.0	89.0	104.0	77.0	96.0	77.0	90.0	111.0	100.0	102.0	131.0	91.0	82.0	92.0
319.413	106.0	113.0	170.0	130.0	82.0	146.0	87.0	97.0	102.0	93.0	115.0	97.0	99.0	141.0	122.0	119.0	150.0	95.0	93.0	112.0
319.521	106.0	111.0	160.0	132.0	80.0	131.0	89.0	92.0	101.0	94.0	100.0	90.0	103.0	139.0	127.0	107.0	152.0	98.0	83.0	106.0
319.629	107.0	115.0	170.0	181.0	85.0	138.0	102.0	84.0	101.0	92.0	113.0	104.0	113.0	170.0	149.0	135.0	189.0	129.0	92.0	108.0
319.736	120.0	121.0	166.0	183.0	90.0	140.0	112.0	93.0	105.0	106.0	115.0	107.0	119.0	170.0	153.0	134.0	196.0	129.0	93.0	111.0
319.844	106.0	112.0	157.0	162.0	90.0	134.0	96.0	93.0	106.0	89.0	106.0	102.0	106.0	157.0	137.0	130.0	167.0	107.0	92.0	102.0
319.952	105.0	107.0	147.0	140.0	85.0	122.0	94.0	90.0	112.0	89.0	96.0	100.0	99.0	128.0	117.0	110.0	153.0	103.0	95.0	91.0
320.06	93.0	91.0	135.0	126.0	86.0	116.0	88.0	83.0	102.0	81.0	91.0	83.0	96.0	120.0	113.0	108.0	148.0	100.0	86.0	92.0
320.168	88.0	85.0	132.0	106.0	83.0	116.0	79.0	79.0	107.0	84.0	87.0	85.0	89.0	109.0	105.0	101.0	130.0	89.0	84.0	80.0
320.276	82.0	84.0	121.0	94.0	79.0	110.0	73.0	76.0	105.0	77.0	81.0	83.0	82.0	94.0	97.0	90.0	118.0	79.0	86.0	85.0
320.384	82.0	89.0	121.0	92.0	81.0	110.0	74.0	79.0	106.0	78.0	82.0	72.0	81.0	92.0	89.0	87.0	117.0	82.0	83.0	81.0
320.492	85.0	86.0	126.0	96.0	82.0	110.0	81.0	86.0	110.0	77.0	94.0	89.0	90.0	97.0	96.0	88.0	122.0	83.0	80.0	81.0
320.599	80.0	80.0	112.0	89.0	72.0	102.0	75.0	82.0	107.0	76.0	79.0	80.0	80.0	82.0	86.0	84.0	112.0	83.0	82.0	82.0
320.707	83.0	86.0	121.0	98.0	78.0	111.0	80.0	83.0	100.0	84.0	80.0	75.0	82.0	97.0	84.0	86.0	118.0	83.0	81.0	81.0
320.815	90.0	98.0	126.0	109.0	86.0	119.0	82.0	80.0	108.0	82.0	85.0	82.0	85.0	111.0	96.0	84.0	129.0	90.0	84.0	85.0
320.923	91.0	97.0	136.0	116.0	78.0	115.0	83.0	84.0	102.0	86.0	94.0	82.0	95.0	120.0	103.0	98.0	133.0	90.0	85.0	91.0
321.031	99.0	99.0	145.0	152.0	82.0	121.0	86.0	82.0	102.0	87.0	104.0	86.0	109.0	140.0	125.0	122.0	162.0	108.0	92.0	106.0
321.139	106.0	122.0	159.0	187.0	91.0	132.0	110.0	93.0	107.0	96.0	122.0	115.0	116.0	165.0	163.0	141.0	200.0	120.0	96.0	111.0
321.247	119.0	127.0	173.0	208.0	95.0	135.0	105.0	88.0	111.0	97.0	118.0	116.0	120.0	192.0	174.0	147.0	226.0	140.0	103.0	116.0
321.355	106.0	105.0	160.0	175.0	85.0	128.0	96.0	88.0	108.0	89.0	109.0	102.0	112.0	158.0	149.0	127.0	185.0	123.0	98.0	100.0
321.463	101.0	111.0	149.0	167.0	88.0	128.0	98.0	86.0	111.0	88.0	104.0	102.0	105.0	143.0	137.0	122.0	167.0	114.0	83.0	98.0
321.571	107.0	112.0	153.0	175.0	85.0	126.0	96.0	85.0	103.0	96.0	112.0	102.0	112.0	156.0	147.0	128.0	183.0	113.0	93.0	106.0
321.679	125.0	143.0	182.0	235.0	88.0	145.0	117.0	96.0	106.0	111.0	129.0	123.0	135.0	210.0	202.0	160.0	245.0	150.0	97.0	123.0
321.787	158.0	170.0	222.0	281.0	101.0	164.0	144.0	106.0	123.0	129.0	163.0	146.0	170.0	253.0	228.0	190.0	285.0	187.0	118.0	158.0
321.895	121.0	127.0	167.0	208.0	88.0	133.0	116.0	97.0	108.0	102.0	124.0	111.0	130.0	201.0	176.0	147.0	224.0	147.0	102.0	116.0
322.003	107.0	119.0	162.0	174.0	90.0	133.0	98.0	92.0	108.0	94.0	113.0	103.0	106.0	168.0	144.0	129.0	198.0	119.0	92.0	111.0
322.111	109.0	118.0	164.0	184.0	90.0	129.0	105.0	93.0	105.0	88.0	115.0	108.0	112.0	173.0	149.0	135.0	190.0	126.0	91.0	109.0
322.219	140.0	154.0	185.0	262.0	87.0	143.0	125.0	89.0	107.0	106.0	142.0	130.0	144.0	225.0	206.0	170.0	254.0	172.0	105.0	133.0
322.327	139.0	164.0	197.0	300.0	89.0	154.0	134.0	92.0	107.0	113.0	147.0	137.0	159.0	263.0	234.0	199.0	292.0	185.0	108.0	144.0
322.435	126.0	143.0	181.0	250.0	89.0	139.0	119.0	87.0	103.0	106.0	138.0	126.0	140.0	231.0	200.0	171.0	255.0	156.0	107.0	130.0
322.543	122.0	137.0	165.0	236.0	93.0	134.0	114.0	89.0	103.0	108.0	128.0	121.0	134.0	204.0	195.0	157.0	248.0	158.0	110.0	117.0
322.651	118.0	147.0	180.0	267.0	100.0	129.0	122.0	93.0	106.0	108.0	140.0	132.0	149.0	227.0	213.0	172.0	268.0	177.0	115.0	122.0
322.759	169.0	176.0	230.0	387.0	107.0	161.0	177.0	106.0	113.0	134.0	194.0	191.0	203.0	309.0	312.0	247.0	376.0	255.0	133.0	167.0
322.867	205.0	224.0	279.0	503.0	117.0	189.0	227.0	117.0	110.0	162.0	227.0	241.0	268.0	396.0	408.0	306.0	483.0	319.0	162.0	207.0
322.976	217.0	242.0	296.0	550.0	113.0	191.0	243.0	119.0	107.0	163.0	251.0	253.0	287.0	443.0	437.0	329.0	510.0	360.0	162.0	216.0
323.084	236.0	260.0	310.0	581.0	101.0	194.0	264.0	120.0	110.0	169.0	252.0	277.0	316.0	481.0	483.0	347.0	555.0	373.0	167.0	232.0
323.192	219.0	240.0	279.0	550.0	100.0	186.0	244.0	113.0	105.0	164.0	245.0	251.0	280.0	424.0	444.0	325.0	516.0	347.0	157.0	220.0
323.3	244.0	268.0	312.0	618.0	101.0	202.0	264.0	116.0	104.0	186.0	272.0	283.0	312.0	483.0	472.0	356.0	569.0	378.0	172.0	230.0
323.408	230.0	251.0	298.0	557.0	117.0	208.0	250.0	129.0	122.0	183.0	255.0	266.0	293.0	445.0	430.0	329.0	511.0	359.0	180.0	241.0
323.516	176.0	210.0	255.0	431.0	114.0	172.0	187.0	109.0	109.0	142.0	213.0	204.0	230.0	354.0	351.0	283.0	423.0	277.0	153.0	174.0
323.624	177.0	196.0	252.0	426.0	102.0	168.0	193.0	108.0	110.0	138.0	208.0	200.0	227.0	357.0	345.0	269.0	411.0	270.0	136.0	182.0
323.732	160.0	163.0	217.0	344.0	95.0	157.0	156.0	100.0	106.0	126.0	179.0	170.0	190.0	289.0	279.0	223.0	323.0	216.0	120.0	159.0
323.84	129.0	128.0	171.0	242.0	87.0	141.0	127.0	91.0	107.0	111.0	135.0	129.0	141.0	199.0	192.0	166.0	245.0	160.0	110.0	124.0
323.949	107.0	119.0	154.0	183.0	91.0	128.0	111.0	92.0	105.0	94.0	120.0	121.0	121.0	163.0	162.0	139.0	194.0	138.0	101.0	106.0
324.057	95.0	103.0	140.0	157.0	78.0	116.0	100.0	84.0	108.0	87.0	105.0	96.0	113.0	133.0	138.0	127.0	178.0	116.0	94.0	89.0
324.165	106.0	126.0	164.0	194.0	79.0	130.0	108.0	85.0	106.0	100.0	116.0	112.0	125.0	163.0	159.0	133.0	207.0	130.0	96.0	107.0
324.273	123.0	147.0	176.0	266.0	99.0	134.0	125.0	96.0	103.0	114.0	142.0	141.0	151.0	223.0	217.0	172.0	272.0	184.0	110.0	125.0
324.381	105.0	130.0	166.0	225.0	93.0	126.0	117.0	88.0	107.0	101.0	123.0	127.0	128.0	183.0	176.0	145.0	230.0	157.0	100.0	107.0
324.49	107.0	129.0	163.0	218.0	82.0	126.0	116.0	89.0	106.0	93.0	129.0	117.0	128.0	187.0	183.0	146.0	221.0	149.0	99.0	111.0
324.598	146.0	163.0	201.0	302.0	86.0	148.0	142.0	92.0	103.0	116.0	156.0	144.0	163.0	259.0	245.0	193.0	293.0	186.0	108.0	146.0
324.706	169.0	177.0	210.0	350.0	95.0	160.0	164.0	98.0	105.0	134.0	180.0	170.0	184.0	301.0	284.0	233.0	351.0	217.0	122.0	172.0
324.814	155.0	173.0	208.0	325.0	97.0	157.0	159.0	96.0	105.0	119.0	174.0	164.0	171.0	274.0	264.0	212.0	322.0	196.0	118.0	153.0
324.922	134.0	145.0	181.0	259.0	87.0	139.0	124.0	89.0	104.0	104.0	151.0	133.0	143.0	215.0	207.0	175.0	261.0	159.0	96.0	133.0
325.031	121.0	133.0	168.0	218.0	91.0	131.0	123.0	93.0	110.0	97.0	132.0	127.0	136.0	188.0	178.0	154.0	221.0	152.0	106.0	126.0
325.139	100.0	106.0	145.0	159.0	84.0	125.0	93.0	88.0	106.0	93.0	105.0	102.0	116.0	153.0	146.0	132.0	185.0	121.0	96.0	100.0
325.247	92.0	101.0	134.0	148.0	79.0	118.0	96.0	79.0	106.0	87.0	104.0	92.0	102.0	133.0	137.0	113.0	173.0	110.0	92.0	89.0
325.355	90.0	99.0	133.0	144.0	75.0	107.0	93.0	87.0	102.0	91.0	99.0	97.0	96.0	125.0	123.0	109.0	162.0	106.0	86.0	91.0
325.464	98.0	105.0	143.0	186.0	92.0	121.0	103.0	88.0	105.0	91.0	113.0	107.0	119.0	162.0	152.0	143.0	201.0	133.0	100.0	104.0
325.572	133.0	153.0	186.0	290.0	92.0	133.0	144.0	102.0	109.0	116.0	155.0	152.0	166.0	241.0	248.0	194.0	302.0	202.0	120.0	141.0
325.68	118.0	126.0	162.0	247.0	93.0	125.0	121.0	85.0	102.0	105.0	130.0	137.0	147.0	201.0	202.0	178.0	253.0	176.0	110.0	115.0
325.789	102.0	109.0	164.0	204.0	85.0	120.0	114.0	82.0	104.0	90.0	119.0	121.0	120.0	172.0	168.0	139.0	212.0	146.0	103.0	104.0
325.897	84.0	99.0	138.0	163.0	91.0	113.0	99.0	82.0	105.0	89.0	105.0	101.0	110.0	140.0	126.0	120.0	176.0	121.0	94.0	93.0
326.005	97.0	102.0	132.0	156.0	93.0	119.0	98.0	90.0	112.0	100.0	100.0	100.0	109.0	135.0	130.0	121.0	178.0	122.0	100.0	98.0
326.114	90.0	96.0	134.0	141.0	83.0	116.0	100.0	80.0	109.0	84.0	92.0	97.0	101.0	126.0	128.0	106.0	164.0	112.0	90.0	84.0
326.222	79.0	89.0	114.0	110.0	87.0	101.0	82.0	82.0	107.0	81.0	90.0	81.0	88.0	97.0	98.0	92.0	130.0	87.0	79.0	78.0
326.33	78.0	75.0	115.0	93.0	85.0	104.0	71.0	80.0	105.0	78.0	88.0	75.0	82.0	94.0	88.0	85.0	119.0	81.0	90.0	79.0
326.439	82.0	87.0	115.0	102.0	76.0	114.0	74.0	83.0	105.0	79.0	86.0	81.0	81.0	102.0	98.0	90.0	123.0	82.0	85.0	83.0
326.547	97.0	108.0	143.0	162.0	92.0	116.0	91.0	87.0	109.0	90.0	105.0	95.0	104.0	148.0	138.0	114.0	177.0	114.0	94.0	98.0
326.655	89.0	100.0	132.0	154.0	91.0	116.0	94.0	82.0	107.0	80.0	102.0	100.0	108.0	137.0	134.0	116.0	174.0	112.0	93.0	87.0
326.764	89.0	107.0	144.0	132.0	95.0	120.0	93.0	88.0	109.0	88.0	103.0	95.0	97.0	127.0	119.0	113.0	155.0	105.0	96.0	92.0
326.872	86.0	102.0	132.0	125.0	82.0	116.0	89.0	89.0	99.0	86.0	97.0	85.0	91.0	127.0	116.0	111.0	155.0	98.0	85.0	96.0
326.98	92.0	102.0	132.0	125.0	79.0	116.0	91.0	81.0	102.0	88.0	85.0	87.0	88.0	120.0	116.0	104.0	148.0	96.0	85.0	81.0
327.089	77.0	92.0	134.0	127.0	92.0	106.0	92.0	78.0	100.0	78.0	90.0	91.0	94.0	122.0	114.0	106.0	151.0	101.0	86.0	83.0
327.197	112.0	128.0	159.0	189.0	92.0	133.0	114.0	95.0	118.0	98.0	122.0	112.0	123.0	176.0	159.0	149.0	202.0	135.0	99.0	108.0
327.306	110.0	121.0	158.0	195.0	93.0	126.0	105.0	87.0	111.0	97.0	117.0	114.0	124.0	179.0	169.0	146.0	210.0	136.0	103.0	107.0
327.414	98.0	107.0	141.0	167.0	88.0	121.0	99.0	85.0	100.0	92.0	107.0	103.0	104.0	159.0	142.0	124.0	187.0	128.0	101.0	101.0
327.522	91.0	106.0	137.0	159.0	82.0	123.0	96.0	81.0	109.0	84.0	103.0	97.0	105.0	152.0	141.0	128.0	180.0	120.0	92.0	93.0
327.631	101.0	107.0	151.0	171.0	82.0	117.0	97.0	91.0	103.0	84.0	110.0	97.0	116.0	154.0	145.0	131.0	193.0	129.0	90.0	100.0
327.739	92.0	93.0	133.0	151.0	90.0	122.0	93.0	84.0	101.0	84.0	96.0	93.0	103.0	135.0	131.0	115.0	174.0	114.0	86.0	101.0
327.848	80.0	96.0	130.0	129.0	90.0	115.0	91.0	77.0	103.0	84.0	91.0	89.0	92.0	121.0	120.0	107.0	152.0	108.0	98.0	78.0
327.956	78.0	88.0	120.0	119.0	79.0	109.0	78.0	78.0	108.0	77.0	94.0	84.0	92.0	115.0	110.0	92.0	145.0	97.0	86.0	77.0
328.065	91.0	100.0	142.0	162.0	77.0	116.0	97.0	86.0	105.0	87.0	104.0	97.0	105.0	142.0	136.0	115.0	174.0	119.0	90.0	101.0
328.173	111.0	122.0	164.0	217.0	87.0	128.0	112.0	90.0	109.0	92.0	126.0	118.0	128.0	186.0	176.0	149.0	237.0	148.0	103.0	114.0
328.281	104.0	122.0	152.0	202.0	92.0	123.0	113.0	89.0	108.0	91.0	119.0	114.0	120.0	179.0	166.0	150.0	224.0	140.0	97.0	103.0
328.39	94.0	109.0	147.0	171.0	89.0	122.0	105.0	91.0	112.0	87.0	104.0	103.0	119.0	149.0	148.0	121.0	195.0	127.0	102.0	102.0
328.498	96.0	105.0	139.0	157.0	82.0	116.0	97.0	92.0	100.0	83.0	103.0	98.0	102.0	136.0	123.0	110.0	163.0	110.0	90.0	99.0
328.607	94.0	101.0	140.0	147.0	87.0	117.0	91.0	87.0	102.0	90.0	97.0	96.0	98.0	137.0	118.0	113.0	162.0	102.0	82.0	97.0
328.715	93.0	93.0	133.0	120.0	88.0	123.0	83.0	83.0	104.0	84.0	89.0	85.0	92.0	119.0	108.0	98.0	143.0	94.0	87.0	94.0
328.824	89.0	93.0	132.0	105.0	80.0	114.0	78.0	88.0	109.0	85.0	91.0	82.0	87.0	103.0	96.0	91.0	122.0	89.0	80.0	85.0
328.932	78.0	90.0	127.0	98.0	78.0	110.0	78.0	87.0	108.0	78.0	82.0	74.0	84.0	93.0	90.0	87.0	117.0	82.0	80.0	81.0
329.041	79.0	76.0	122.0	94.0	86.0	111.0	74.0	86.0	113.0	80.0	82.0	76.0	85.0	90.0	86.0	86.0	120.0	82.0	87.0	80.0
329.15	78.0	82.0	120.0	89.0	86.0	113.0	76.0	86.0	107.0	79.0	79.0	76.0	76.0	98.0	85.0	86.0	114.0	81.0	82.0	84.0
329.258	79.0	88.0	121.0	85.0	69.0	108.0	77.0	81.0	106.0	76.0	75.0	75.0	77.0	91.0	84.0	80.0	114.0	83.0	87.0	73.0
329.367	79.0	75.0	127.0	91.0	76.0	113.0	81.0	85.0	103.0	79.0	82.0	79.0	84.0	89.0	87.0	84.0	112.0	82.0	76.0	79.0
329.475	78.0	78.0	120.0	88.0	82.0	114.0	72.0	86.0	98.0	83.0	83.0	77.0	80.0	90.0	88.0	86.0	114.0	80.0	82.0	78.0
329.584	78.0	86.0	119.0	87.0	81.0	123.0	83.0	84.0	105.0	92.0	85.0	82.0	94.0	96.0	88.0	82.0	117.0	82.0	88.0	78.0
329.692	78.0	88.0	127.0	92.0	80.0	138.0	84.0	89.0	105.0	110.0	93.0	93.0	112.0	101.0	98.0	84.0	128.0	94.0	91.0	89.0
329.801	79.0	85.0	119.0	87.0	86.0	119.0	82.0	86.0	105.0	94.0	95.0	85.0	93.0	93.0	87.0	83.0	117.0	91.0	89.0	81.0
329.909	81.0	76.0	119.0	86.0	81.0	121.0	75.0	90.0	106.0	95.0	88.0	78.0	94.0	99.0	89.0	86.0	111.0	83.0	85.0	80.0
330.018	86.0	85.0	123.0	90.0	87.0	131.0	79.0	84.0	111.0	96.0	91.0	84.0	88.0	99.0	91.0	86.0	120.0	83.0	87.0	77.0
330.127	86.0	90.0	121.0	99.0	76.0	123.0	84.0	86.0	107.0	89.0	88.0	80.0	91.0	103.0	100.0	84.0	125.0	83.0	83.0	87.0
330.235	86.0	89.0	130.0	100.0	80.0	118.0	82.0	89.0	111.0	85.0	96.0	88.0	92.0	105.0	98.0	99.0	132.0	91.0	81.0	89.0
330.344	106.0	110.0	155.0	118.0	85.0	130.0	86.0	91.0	107.0	85.0	101.0	87.0	96.0	128.0	105.0	105.0	141.0	93.0	82.0	107.0
330.453	99.0	98.0	143.0	111.0	86.0	129.0	88.0	93.0	109.0	86.0	89.0	87.0	96.0	115.0	102.0	97.0	134.0	88.0	82.0	96.0
330.561	95.0	100.0	149.0	107.0	94.0	128.0	87.0	86.0	108.0	93.0	98.0	84.0	87.0	116.0	104.0	98.0	131.0	89.0	84.0	89.0
330.67	85.0	99.0	137.0	108.0	86.0	123.0	78.0	86.0	105.0	84.0	92.0	84.0	85.0	109.0	102.0	96.0	123.0	86.0	83.0	92.0
330.778	100.0	97.0	154.0	113.0	87.0	128.0	82.0	90.0	107.0	84.0	88.0	81.0	87.0	117.0	103.0	101.0	128.0	86.0	85.0	99.0
330.887	110.0	126.0	164.0	136.0	99.0	146.0	97.0	101.0	117.0	105.0	109.0	97.0	104.0	140.0	133.0	119.0	152.0	103.0	98.0	110.0
330.996	102.0	109.0	161.0	128.0	84.0	136.0	92.0	100.0	109.0	87.0	99.0	89.0	101.0	136.0	124.0	111.0	146.0	92.0	87.0	101.0
331.104	99.0	102.0	147.0	123.0	88.0	124.0	86.0	89.0	112.0	81.0	99.0	87.0	89.0	123.0	117.0	106.0	143.0	93.0	85.0	93.0
331.213	97.0	99.0	141.0	122.0	89.0	126.0	84.0	93.0	105.0	86.0	97.0	86.0	99.0	117.0	108.0	108.0	149.0	95.0	82.0	91.0
331.322	106.0	103.0	145.0	132.0	84.0	127.0	90.0	93.0	108.0	92.0	102.0	90.0	98.0	140.0	110.0	105.0	156.0	97.0	94.0	98.0
331.431	90.0	103.0	142.0	129.0	80.0	120.0	88.0	79.0	110.0	83.0	88.0	87.0	91.0	124.0	112.0	102.0	145.0	89.0	91.0	83.0
331.539	99.0	113.0	159.0	159.0	86.0	120.0	97.0	86.0	110.0	88.0	106.0	96.0	110.0	155.0	136.0	125.0	182.0	112.0	89.0	101.0
331.648	131.0	146.0	194.0	246.0	93.0	146.0	117.0	104.0	106.0	103.0	141.0	130.0	141.0	223.0	204.0	174.0	260.0	161.0	102.0	128.0
331.757	159.0	182.0	227.0	298.0	97.0	153.0	149.0	109.0	107.0	124.0	172.0	158.0	174.0	282.0	251.0	214.0	328.0	196.0	120.0	163.0
331.865	132.0	140.0	182.0	235.0	92.0	143.0	120.0	99.0	106.0	110.0	136.0	132.0	136.0	217.0	191.0	172.0	250.0	156.0	101.0	127.0
331.974	102.0	119.0	163.0	175.0	93.0	130.0	100.0	95.0	110.0	85.0	115.0	109.0	122.0	171.0	157.0	144.0	212.0	132.0	100.0	108.0
332.083	123.0	134.0	168.0	213.0	86.0	133.0	119.0	101.0	105.0	100.0	124.0	117.0	128.0	184.0	175.0	153.0	225.0	136.0	100.0	128.0
332.192	110.0	110.0	153.0	180.0	91.0	127.0	100.0	90.0	109.0	96.0	118.0	107.0	119.0	169.0	152.0	137.0	192.0	130.0	96.0	108.0
332.3	132.0	141.0	182.0	233.0	101.0	139.0	124.0	101.0	107.0	108.0	143.0	128.0	137.0	220.0	194.0	164.0	236.0	153.0	108.0	129.0
332.409	130.0	140.0	183.0	245.0	89.0	136.0	124.0	96.0	104.0	104.0	140.0	131.0	145.0	226.0	202.0	168.0	246.0	158.0	101.0	128.0
332.518	114.0	125.0	168.0	212.0	100.0	134.0	111.0	102.0	109.0	91.0	128.0	121.0	134.0	189.0	172.0	157.0	229.0	142.0	106.0	114.0
332.627	118.0	123.0	173.0	215.0	93.0	135.0	113.0	95.0	107.0	100.0	126.0	113.0	138.0	200.0	184.0	160.0	233.0	147.0	107.0	118.0
332.735	108.0	119.0	150.0	186.0	96.0	125.0	105.0	93.0	105.0	102.0	116.0	111.0	119.0	172.0	158.0	132.0	204.0	132.0	98.0	104.0
332.844	128.0	133.0	174.0	224.0	88.0	132.0	121.0	102.0	109.0	101.0	132.0	118.0	130.0	203.0	185.0	153.0	242.0	153.0	106.0	124.0
332.953	120.0	144.0	178.0	232.0	95.0	134.0	113.0	101.0	103.0	101.0	136.0	123.0	140.0	212.0	195.0	172.0	258.0	156.0	102.0	122.0
333.062	119.0	132.0	166.0	207.0	92.0	130.0	113.0	100.0	103.0	100.0	121.0	118.0	128.0	184.0	166.0	159.0	230.0	141.0	97.0	117.0
333.171	98.0	113.0	151.0	168.0	95.0	121.0	105.0	93.0	106.0	95.0	111.0	96.0	116.0	156.0	146.0	126.0	194.0	118.0	99.0	108.0
333.279	87.0	106.0	141.0	146.0	88.0	113.0	96.0	94.0	109.0	89.0	98.0	101.0	104.0	136.0	134.0	119.0	170.0	118.0	97.0	96.0
333.388	111.0	125.0	168.0	193.0	95.0	133.0	108.0	102.0	108.0	96.0	126.0	114.0	127.0	174.0	164.0	143.0	215.0	135.0	100.0	117.0
333.497	137.0	166.0	208.0	292.0	104.0	155.0	134.0	113.0	111.0	117.0	158.0	149.0	169.0	260.0	249.0	202.0	293.0	184.0	120.0	151.0
333.606	177.0	214.0	257.0	399.0	119.0	185.0	180.0	122.0	108.0	142.0	203.0	192.0	219.0	347.0	320.0	255.0	399.0	243.0	137.0	181.0
333.715	150.0	185.0	226.0	326.0	106.0	164.0	151.0	109.0	110.0	121.0	165.0	159.0	186.0	286.0	271.0	213.0	337.0	213.0	124.0	154.0
333.824	150.0	165.0	208.0	291.0	94.0	155.0	146.0	112.0	110.0	114.0	155.0	149.0	167.0	249.0	241.0	196.0	298.0	193.0	109.0	146.0
333.933	159.0	166.0	214.0	284.0	115.0	173.0	160.0	126.0	118.0	130.0	170.0	162.0	181.0	258.0	246.0	207.0	296.0	203.0	131.0	173.0
334.041	128.0	148.0	189.0	247.0	106.0	147.0	128.0	101.0	111.0	107.0	140.0	130.0	150.0	220.0	217.0	175.0	267.0	172.0	117.0	133.0
334.15	126.0	144.0	191.0	266.0	94.0	138.0	132.0	100.0	113.0	109.0	143.0	148.0	155.0	229.0	218.0	180.0	278.0	171.0	113.0	126.0
334.259	224.0	267.0	305.0	536.0	119.0	205.0	246.0	131.0	117.0	179.0	256.0	279.0	316.0	447.0	449.0	337.0	533.0	360.0	177.0	228.0
334.368	296.0	364.0	411.0	727.0	138.0	248.0	357.0	150.0	115.0	229.0	332.0	375.0	448.0	614.0	652.0	478.0	727.0	497.0	216.0	322.0
334.477	247.0	282.0	338.0	581.0	115.0	217.0	280.0	143.0	102.0	195.0	259.0	295.0	350.0	481.0	511.0	389.0	595.0	391.0	188.0	249.0
334.586	195.0	224.0	270.0	462.0	112.0	182.0	221.0	122.0	104.0	157.0	218.0	236.0	278.0	382.0	401.0	303.0	458.0	312.0	153.0	211.0
334.695	166.0	199.0	248.0	389.0	111.0	171.0	189.0	119.0	110.0	146.0	179.0	198.0	227.0	318.0	332.0	253.0	380.0	262.0	146.0	176.0
334.804	173.0	189.0	242.0	340.0	113.0	177.0	172.0	125.0	114.0	137.0	176.0	181.0	210.0	299.0	286.0	246.0	347.0	234.0	136.0	168.0
334.913	151.0	162.0	211.0	257.0	102.0	166.0	138.0	113.0	110.0	118.0	148.0	134.0	166.0	235.0	221.0	178.0	267.0	171.0	117.0	149.0
335.022	105.0	125.0	181.0	173.0	95.0	140.0	109.0	99.0	106.0	92.0	111.0	109.0	119.0	162.0	156.0	128.0	192.0	123.0	98.0	119.0
335.13	102.0	115.0	168.0	150.0	88.0	129.0	98.0	100.0	104.0	93.0	103.0	97.0	114.0	146.0	137.0	118.0	174.0	109.0	97.0	106.0
335.239	111.0	109.0	177.0	156.0	91.0	147.0	102.0	104.0	105.0	100.0	109.0	93.0	115.0	148.0	139.0	121.0	165.0	107.0	97.0	116.0
335.348	106.0	119.0	165.0	162.0	95.0	138.0	95.0	98.0	115.0	94.0	108.0	104.0	113.0	144.0	142.0	120.0	168.0	112.0	98.0	112.0
335.457	151.0	183.0	232.0	308.0	120.0	174.0	165.0	123.0	113.0	130.0	170.0	171.0	199.0	279.0	276.0	221.0	323.0	224.0	138.0	159.0
335.566	217.0	253.0	302.0	481.0	112.0	208.0	241.0	145.0	113.0	167.0	232.0	255.0	285.0	416.0	417.0	328.0	484.0	312.0	154.0	224.0
335.675	193.0	219.0	272.0	418.0	105.0	188.0	212.0	125.0	101.0	149.0	215.0	218.0	247.0	353.0	362.0	265.0	427.0	274.0	145.0	209.0
335.784	149.0	167.0	216.0	291.0	108.0	152.0	157.0	113.0	103.0	121.0	157.0	162.0	188.0	257.0	252.0	198.0	309.0	206.0	127.0	152.0
335.893	138.0	159.0	205.0	280.0	98.0	149.0	152.0	115.0	109.0	117.0	149.0	157.0	178.0	238.0	246.0	193.0	289.0	187.0	122.0	146.0
336.002	123.0	144.0	184.0	240.0	94.0	137.0	131.0	104.0	112.0	104.0	139.0	139.0	146.0	205.0	200.0	167.0	253.0	165.0	113.0	126.0
336.111	171.0	176.0	221.0	257.0	148.0	190.0	172.0	166.0	169.0	162.0	185.0	179.0	183.0	233.0	219.0	202.0	270.0	194.0	163.0	174.0
336.22	125.0	125.0	170.0	168.0	111.0	152.0	106.0	118.0	130.0	115.0	122.0	119.0	117.0	158.0	160.0	142.0	187.0	129.0	115.0	124.0
336.329	100.0	102.0	144.0	141.0	85.0	126.0	90.0	93.0	104.0	84.0	99.0	95.0	102.0	130.0	128.0	109.0	155.0	105.0	88.0	92.0
336.438	114.0	128.0	172.0	161.0	88.0	151.0	104.0	108.0	108.0	93.0	111.0	100.0	116.0	168.0	144.0	132.0	174.0	116.0	89.0	113.0
336.547	153.0	162.0	235.0	219.0	99.0	180.0	114.0	125.0	106.0	117.0	141.0	123.0	142.0	223.0	198.0	172.0	229.0	138.0	98.0	149.0
336.656	221.0	258.0	308.0	444.0	121.0	220.0	205.0	139.0	108.0	170.0	224.0	228.0	265.0	405.0	374.0	310.0	440.0	286.0	142.0	218.0
336.766	200.0	236.0	286.0	433.0	125.0	200.0	192.0	133.0	115.0	155.0	209.0	199.0	244.0	386.0	360.0	283.0	427.0	260.0	145.0	204.0
336.875	167.0	199.0	263.0	338.0	108.0	175.0	164.0	123.0	113.0	141.0	183.0	183.0	200.0	308.0	290.0	239.0	344.0	222.0	127.0	174.0
336.984	153.0	174.0	219.0	265.0	114.0	165.0	146.0	113.0	117.0	127.0	159.0	148.0	165.0	249.0	235.0	209.0	285.0	182.0	124.0	147.0
337.093	136.0	151.0	213.0	224.0	116.0	161.0	121.0	111.0	118.0	113.0	136.0	128.0	149.0	216.0	200.0	183.0	237.0	153.0	109.0	136.0
337.202	157.0	163.0	228.0	238.0	109.0	177.0	130.0	124.0	116.0	126.0	145.0	140.0	155.0	235.0	211.0	187.0	252.0	158.0	109.0	157.0
337.311	112.0	135.0	196.0	170.0	105.0	149.0	107.0	104.0	116.0	97.0	118.0	105.0	128.0	173.0	163.0	152.0	187.0	127.0	104.0	121.0
337.42	142.0	156.0	208.0	230.0	98.0	162.0	124.0	114.0	110.0	117.0	138.0	122.0	143.0	226.0	201.0	181.0	242.0	144.0	101.0	145.0
337.529	124.0	140.0	193.0	198.0	106.0	155.0	110.0	109.0	107.0	103.0	133.0	117.0	126.0	204.0	172.0	164.0	224.0	128.0	101.0	129.0
337.638	131.0	143.0	195.0	202.0	105.0	152.0	110.0	107.0	119.0	113.0	122.0	115.0	136.0	199.0	173.0	163.0	224.0	141.0	115.0	125.0
337.747	179.0	207.0	256.0	371.0	115.0	177.0	179.0	120.0	112.0	144.0	193.0	185.0	223.0	333.0	302.0	254.0	386.0	231.0	137.0	184.0
337.856	214.0	226.0	289.0	418.0	106.0	199.0	207.0	122.0	104.0	160.0	220.0	208.0	241.0	389.0	357.0	282.0	440.0	273.0	144.0	208.0
337.966	182.0	200.0	270.0	340.0	104.0	189.0	167.0	124.0	107.0	141.0	183.0	165.0	188.0	303.0	291.0	229.0	326.0	204.0	115.0	187.0
338.075	159.0	173.0	244.0	274.0	116.0	170.0	133.0	119.0	113.0	130.0	170.0	150.0	171.0	254.0	239.0	203.0	296.0	169.0	116.0	155.0
338.184	180.0	193.0	251.0	333.0	112.0	182.0	155.0	126.0	110.0	124.0	173.0	170.0	192.0	305.0	281.0	237.0	343.0	205.0	129.0	173.0
338.293	139.0	159.0	214.0	255.0	108.0	159.0	124.0	108.0	112.0	111.0	153.0	137.0	163.0	234.0	213.0	184.0	282.0	168.0	112.0	147.0
338.402	123.0	138.0	189.0	203.0	100.0	151.0	116.0	108.0	116.0	109.0	139.0	125.0	137.0	200.0	176.0	165.0	232.0	139.0	103.0	132.0
338.511	141.0	150.0	194.0	193.0	122.0	172.0	133.0	127.0	141.0	130.0	141.0	138.0	145.0	205.0	181.0	164.0	222.0	155.0	127.0	139.0
338.62	105.0	114.0	164.0	158.0	85.0	132.0	96.0	101.0	103.0	95.0	108.0	97.0	112.0	153.0	141.0	130.0	176.0	103.0	86.0	110.0
338.73	98.0	107.0	152.0	143.0	88.0	125.0	86.0	91.0	107.0	84.0	98.0	95.0	98.0	134.0	121.0	117.0	164.0	104.0	90.0	103.0
338.839	115.0	130.0	175.0	188.0	94.0	141.0	98.0	102.0	104.0	97.0	121.0	109.0	111.0	181.0	159.0	144.0	202.0	124.0	93.0	116.0
338.948	114.0	122.0	159.0	164.0	103.0	133.0	97.0	103.0	110.0	101.0	115.0	106.0	110.0	156.0	154.0	138.0	190.0	116.0	100.0	115.0
339.057	104.0	111.0	150.0	147.0	86.0	127.0	94.0	93.0	106.0	90.0	102.0	96.0	109.0	147.0	143.0	124.0	172.0	104.0	89.0	108.0
339.166	99.0	106.0	145.0	132.0	83.0	125.0	90.0	96.0	109.0	87.0	94.0	94.0	106.0	128.0	115.0	111.0	154.0	98.0	89.0	100.0
339.276	87.0	98.0	131.0	123.0	90.0	118.0	80.0	86.0	104.0	88.0	91.0	87.0	100.0	117.0	108.0	105.0	147.0	99.0	80.0	92.0
339.385	90.0	90.0	123.0	110.0	86.0	121.0	83.0	90.0	113.0	90.0	82.0	88.0	99.0	114.0	102.0	97.0	140.0	90.0	90.0	84.0
339.494	76.0	87.0	125.0	105.0	83.0	111.0	76.0	90.0	105.0	84.0	81.0	75.0	83.0	104.0	99.0	86.0	125.0	87.0	88.0	86.0
339.603	80.0	90.0	128.0	103.0	84.0	113.0	81.0	89.0	104.0	82.0	86.0	78.0	84.0	104.0	93.0	94.0	129.0	83.0	78.0	87.0
339.713	85.0	84.0	121.0	101.0	85.0	108.0	73.0	91.0	104.0	77.0	88.0	78.0	79.0	96.0	96.0	90.0	122.0	85.0	80.0	83.0
339.822	80.0	81.0	122.0	96.0	85.0	116.0	75.0	88.0	101.0	79.0	83.0	82.0	79.0	100.0	93.0	91.0	117.0	76.0	80.0	79.0
339.931	84.0	80.0	125.0	95.0	83.0	115.0	79.0	90.0	107.0	80.0	85.0	83.0	84.0	99.0	92.0	83.0	120.0	80.0	83.0	77.0
340.04	79.0	78.0	119.0	91.0	79.0	112.0	77.0	84.0	104.0	79.0	80.0	80.0	79.0	94.0	90.0	85.0	122.0	90.0	77.0	83.0
340.15	80.0	83.0	125.0	92.0	86.0	110.0	79.0	87.0	107.0	80.0	82.0	78.0	81.0	94.0	85.0	94.0	121.0	90.0	88.0	82.0
340.259	79.0	80.0	113.0	90.0	83.0	109.0	77.0	86.0	106.0	82.0	80.0	75.0	82.0	92.0	86.0	81.0	116.0	78.0	84.0	69.0
340.368	75.0	80.0	114.0	87.0	77.0	108.0	72.0	90.0	109.0	78.0	79.0	78.0	78.0	92.0	87.0	87.0	112.0	76.0	81.0	81.0
340.477	74.0	82.0	119.0	84.0	76.0	107.0	76.0	89.0	106.0	76.0	77.0	76.0	82.0	86.0	88.0	88.0	112.0	81.0	82.0	79.0
340.587	83.0	86.0	121.0	92.0	87.0	101.0	84.0	93.0	112.0	84.0	79.0	74.0	79.0	91.0	90.0	87.0	118.0	80.0	85.0	84.0
340.696	75.0	80.0	112.0	83.0	79.0	105.0	65.0	85.0	105.0	75.0	75.0	72.0	77.0	95.0	85.0	81.0	112.0	81.0	79.0	79.0
340.805	89.0	83.0	121.0	92.0	92.0	122.0	89.0	99.0	112.0	85.0	89.0	89.0	87.0	102.0	99.0	89.0	125.0	90.0	98.0	95.0
340.915	83.0	81.0	112.0	91.0	83.0	109.0	73.0	90.0	101.0	76.0	81.0	77.0	88.0	89.0	83.0	88.0	118.0	78.0	84.0	77.0
341.024	73.0	79.0	110.0	83.0	80.0	112.0	73.0	88.0	105.0	76.0	81.0	73.0	81.0	86.0	80.0	83.0	112.0	77.0	76.0	80.0
341.133	93.0	98.0	127.0	108.0	95.0	126.0	92.0	110.0	126.0	89.0	101.0	90.0	98.0	99.0	98.0	94.0	133.0	93.0	96.0	93.0
341.243	76.0	80.0	115.0	91.0	82.0	109.0	78.0	89.0	114.0	76.0	79.0	80.0	81.0	97.0	92.0	90.0	117.0	86.0	85.0	84.0
341.352	74.0	78.0	112.0	85.0	79.0	105.0	78.0	83.0	106.0	73.0	77.0	79.0	82.0	87.0	87.0	85.0	110.0	72.0	84.0	82.0
341.461	77.0	84.0	114.0	88.0	83.0	107.0	78.0	90.0	106.0	73.0	81.0	79.0	81.0	92.0	86.0	83.0	112.0	79.0	76.0	83.0
341.571	77.0	75.0	116.0	86.0	78.0	107.0	71.0	86.0	109.0	80.0	80.0	74.0	75.0	91.0	83.0	83.0	104.0	78.0	82.0	74.0
341.68	76.0	80.0	116.0	82.0	86.0	106.0	72.0	91.0	111.0	73.0	76.0	81.0	81.0	92.0	86.0	82.0	114.0	75.0	78.0	76.0
341.789	76.0	77.0	115.0	84.0	76.0	110.0	75.0	89.0	98.0	75.0	77.0	77.0	79.0	86.0	84.0	83.0	114.0	79.0	81.0	77.0
341.899	74.0	82.0	115.0	90.0	79.0	105.0	76.0	88.0	105.0	77.0	82.0	70.0	78.0	84.0	81.0	79.0	105.0	77.0	82.0	77.0
342.008	80.0	80.0	113.0	85.0	78.0	105.0	78.0	85.0	112.0	80.0	81.0	73.0	82.0	92.0	83.0	84.0	111.0	82.0	80.0	75.0
342.118	76.0	80.0	111.0	81.0	79.0	113.0	77.0	83.0	106.0	79.0	77.0	75.0	77.0	90.0	84.0	77.0	108.0	78.0	80.0	73.0
342.227	70.0	80.0	117.0	83.0	82.0	100.0	71.0	87.0	108.0	82.0	76.0	74.0	77.0	88.0	84.0	81.0	109.0	76.0	79.0	78.0
342.336	77.0	75.0	111.0	83.0	78.0	103.0	78.0	85.0	105.0	76.0	76.0	71.0	85.0	82.0	84.0	79.0	109.0	81.0	77.0	80.0
342.446	83.0	78.0	119.0	87.0	90.0	112.0	80.0	91.0	108.0	78.0	81.0	75.0	76.0	89.0	82.0	85.0	102.0	81.0	85.0	80.0
342.555	77.0	81.0	118.0	86.0	83.0	112.0	78.0	92.0	112.0	74.0	84.0	74.0	80.0	91.0	85.0	81.0	110.0	72.0	87.0	77.0
342.665	78.0	77.0	112.0	82.0	74.0	106.0	74.0	94.0	98.0	73.0	75.0	75.0	81.0	92.0	78.0	82.0	109.0	75.0	80.0	78.0
342.774	75.0	82.0	117.0	84.0	85.0	107.0	71.0	90.0	104.0	81.0	82.0	78.0	76.0	88.0	80.0	83.0	113.0	81.0	72.0	78.0
342.884	75.0	84.0	113.0	85.0	86.0	106.0	72.0	93.0	106.0	75.0	76.0	78.0	77.0	82.0	88.0	81.0	116.0	82.0	85.0	74.0
342.993	72.0	80.0	111.0	79.0	82.0	107.0	71.0	87.0	108.0	70.0	70.0	74.0	78.0	90.0	84.0	79.0	109.0	77.0	81.0	67.0
343.102	71.0	80.0	114.0	84.0	75.0	105.0	76.0	95.0	109.0	77.0	78.0	74.0	78.0	89.0	85.0	83.0	114.0	75.0	81.0	74.0
343.212	77.0	78.0	112.0	84.0	80.0	107.0	76.0	97.0	108.0	76.0	76.0	75.0	82.0	81.0	81.0	85.0	108.0	81.0	83.0	75.0
343.321	77.0	73.0	114.0	86.0	84.0	107.0	69.0	91.0	106.0	82.0	77.0	78.0	75.0	89.0	78.0	85.0	106.0	77.0	83.0	72.0
343.431	87.0	91.0	123.0	93.0	91.0	126.0	85.0	102.0	117.0	89.0	91.0	89.0	92.0	100.0	93.0	98.0	117.0	83.0	101.0	94.0
343.54	87.0	85.0	122.0	88.0	85.0	117.0	78.0	100.0	105.0	80.0	83.0	79.0	83.0	98.0	87.0	92.0	109.0	83.0	84.0	89.0
343.65	80.0	84.0	115.0	92.0	82.0	113.0	79.0	97.0	108.0	78.0	77.0	81.0	86.0	87.0	84.0	89.0	110.0	83.0	81.0	85.0
343.759	91.0	94.0	126.0	106.0	84.0	119.0	86.0	101.0	107.0	85.0	89.0	81.0	86.0	109.0	95.0	101.0	126.0	90.0	85.0	96.0
343.869	104.0	111.0	147.0	140.0	94.0	127.0	88.0	94.0	107.0	91.0	101.0	102.0	101.0	139.0	119.0	125.0	166.0	104.0	95.0	106.0
343.978	97.0	104.0	137.0	123.0	85.0	123.0	87.0	97.0	107.0	85.0	97.0	90.0	98.0	131.0	118.0	111.0	145.0	94.0	92.0	92.0
344.088	106.0	116.0	148.0	122.0	112.0	135.0	108.0	110.0	121.0	101.0	108.0	106.0	109.0	134.0	121.0	114.0	158.0	110.0	108.0	105.0
344.197	91.0	97.0	133.0	107.0	89.0	128.0	90.0	87.0	115.0	85.0	82.0	84.0	89.0	110.0	102.0	105.0	131.0	91.0	88.0	89.0
344.307	90.0	92.0	128.0	99.0	87.0	116.0	80.0	92.0	110.0	82.0	84.0	78.0	83.0	104.0	99.0	100.0	125.0	83.0	86.0	83.0
344.416	84.0	96.0	127.0	96.0	83.0	112.0	79.0	89.0	105.0	77.0	85.0	79.0	89.0	109.0	95.0	92.0	129.0	77.0	89.0	79.0
344.526	87.0	85.0	125.0	100.0	81.0	114.0	79.0	94.0	103.0	80.0	83.0	83.0	84.0	96.0	90.0	93.0	118.0	88.0	90.0	87.0
344.636	84.0	85.0	124.0	105.0	84.0	113.0	82.0	89.0	102.0	80.0	77.0	86.0	84.0	103.0	93.0	89.0	120.0	89.0	83.0	81.0
344.745	89.0	96.0	125.0	105.0	87.0	114.0	89.0	95.0	111.0	92.0	90.0	85.0	94.0	106.0	99.0	94.0	129.0	90.0	86.0	90.0
344.855	94.0	102.0	132.0	115.0	97.0	122.0	94.0	102.0	122.0	92.0	92.0	90.0	97.0	114.0	109.0	102.0	138.0	95.0	95.0	95.0
344.964	79.0	93.0	128.0	110.0	81.0	109.0	77.0	90.0	103.0	77.0	85.0	88.0	88.0	108.0	104.0	97.0	138.0	82.0	88.0	90.0
345.074	93.0	98.0	139.0	127.0	84.0	122.0	88.0	96.0	108.0	84.0	98.0	87.0	92.0	136.0	122.0	107.0	161.0	102.0	92.0	97.0
345.183	95.0	102.0	130.0	124.0	86.0	123.0	82.0	92.0	110.0	92.0	96.0	90.0	93.0	128.0	113.0	107.0	151.0	101.0	92.0	94.0
345.293	84.0	97.0	127.0	115.0	83.0	119.0	81.0	91.0	108.0	81.0	95.0	93.0	91.0	115.0	102.0	103.0	149.0	93.0	83.0	81.0
345.403	105.0	108.0	152.0	123.0	102.0	133.0	103.0	110.0	121.0	94.0	111.0	102.0	106.0	127.0	118.0	112.0	151.0	107.0	109.0	107.0
345.512	97.0	109.0	142.0	132.0	84.0	122.0	87.0	96.0	104.0	85.0	98.0	85.0	94.0	134.0	116.0	116.0	157.0	102.0	87.0	101.0
345.622	98.0	107.0	141.0	139.0	88.0	120.0	90.0	90.0	107.0	88.0	101.0	93.0	100.0	142.0	119.0	116.0	159.0	104.0	88.0	98.0
345.731	92.0	93.0	133.0	116.0	84.0	114.0	87.0	89.0	110.0	81.0	89.0	82.0	97.0	116.0	111.0	98.0	142.0	94.0	86.0	91.0
345.841	86.0	93.0	126.0	107.0	85.0	109.0	79.0	87.0	106.0	81.0	88.0	82.0	90.0	113.0	100.0	98.0	136.0	88.0	87.0	79.0
345.951	106.0	105.0	140.0	122.0	98.0	134.0	105.0	107.0	121.0	98.0	108.0	101.0	108.0	117.0	117.0	118.0	152.0	109.0	99.0	102.0
346.06	85.0	83.0	125.0	108.0	86.0	118.0	75.0	85.0	109.0	80.0	89.0	79.0	87.0	102.0	98.0	94.0	126.0	89.0	83.0	86.0
346.17	85.0	85.0	126.0	94.0	83.0	107.0	75.0	89.0	104.0	77.0	79.0	81.0	83.0	95.0	96.0	86.0	122.0	82.0	88.0	84.0
346.28	82.0	83.0	118.0	96.0	83.0	108.0	76.0	88.0	105.0	76.0	76.0	85.0	79.0	96.0	90.0	90.0	118.0	81.0	83.0	85.0
346.389	83.0	81.0	118.0	86.0	85.0	114.0	77.0	90.0	111.0	78.0	84.0	77.0	83.0	95.0	79.0	90.0	113.0	76.0	82.0	83.0
346.499	83.0	83.0	117.0	91.0	83.0	118.0	79.0	86.0	115.0	88.0	85.0	80.0	86.0	98.0	85.0	87.0	115.0	85.0	88.0	75.0
346.608	76.0	79.0	117.0	89.0	80.0	112.0	80.0	86.0	104.0	76.0	81.0	72.0	78.0	90.0	87.0	87.0	111.0	76.0	77.0	73.0
346.718	82.0	86.0	117.0	88.0	80.0	107.0	79.0	91.0	104.0	80.0	82.0	79.0	78.0	85.0	88.0	86.0	115.0	81.0	86.0	79.0
346.828	80.0	78.0	116.0	85.0	80.0	109.0	83.0	85.0	99.0	76.0	79.0	75.0	74.0	88.0	82.0	86.0	108.0	74.0	86.0	77.0
346.938	80.0	76.0	115.0	89.0	84.0	105.0	71.0	93.0	104.0	74.0	79.0	71.0	71.0	89.0	87.0	82.0	112.0	78.0	76.0	76.0
347.047	86.0	92.0	126.0	96.0	85.0	109.0	75.0	94.0	105.0	79.0	89.0	83.0	84.0	101.0	93.0	90.0	126.0	81.0	77.0	84.0
347.157	86.0	104.0	135.0	118.0	82.0	116.0	82.0	97.0	101.0	86.0	92.0	86.0	97.0	125.0	111.0	104.0	143.0	94.0	85.0	95.0
347.267	98.0	94.0	128.0	116.0	87.0	121.0	86.0	95.0	105.0	85.0	92.0	87.0	90.0	114.0	108.0	104.0	133.0	96.0	86.0	97.0
347.376	95.0	99.0	133.0	112.0	92.0	120.0	86.0	94.0	108.0	87.0	97.0	81.0	97.0	106.0	100.0	96.0	133.0	90.0	85.0	90.0
347.486	108.0	115.0	153.0	123.0	98.0	129.0	92.0	106.0	121.0	98.0	102.0	95.0	101.0	135.0	112.0	112.0	157.0	105.0	95.0	100.0
347.596	87.0	98.0	130.0	104.0	81.0	119.0	86.0	96.0	100.0	82.0	87.0	85.0	92.0	115.0	98.0	102.0	127.0	91.0	80.0	94.0
347.705	81.0	91.0	130.0	100.0	88.0	114.0	82.0	93.0	107.0	85.0	94.0	76.0	90.0	104.0	96.0	96.0	130.0	91.0	88.0	89.0
347.815	85.0	84.0	126.0	100.0	90.0	117.0	76.0	91.0	103.0	80.0	93.0	82.0	90.0	109.0	96.0	91.0	124.0	86.0	82.0	85.0
347.925	83.0	90.0	124.0	94.0	85.0	113.0	76.0	97.0	106.0	85.0	87.0	81.0	84.0	104.0	103.0	95.0	123.0	87.0	83.0	80.0
348.035	84.0	83.0	119.0	95.0	80.0	110.0	83.0	94.0	99.0	78.0	76.0	80.0	80.0	99.0	93.0	90.0	125.0	89.0	83.0	86.0
348.144	76.0	84.0	117.0	95.0	84.0	113.0	72.0	94.0	107.0	85.0	84.0	73.0	86.0	102.0	88.0	90.0	122.0	87.0	83.0	80.0
348.254	88.0	81.0	118.0	94.0	86.0	113.0	74.0	93.0	110.0	84.0	88.0	79.0	84.0	90.0	85.0	87.0	121.0	89.0	75.0	82.0
348.364	80.0	84.0	120.0	92.0	78.0	114.0	76.0	85.0	107.0	79.0	81.0	79.0	87.0	92.0	90.0	90.0	117.0	84.0	83.0	77.0
348.474	88.0	98.0	133.0	113.0	82.0	115.0	80.0	90.0	105.0	85.0	82.0	90.0	87.0	116.0	102.0	94.0	136.0	94.0	88.0	96.0
348.584	95.0	100.0	137.0	115.0	88.0	114.0	92.0	99.0	110.0	92.0	88.0	88.0	103.0	122.0	112.0	100.0	153.0	93.0	90.0	96.0
348.693	83.0	91.0	124.0	113.0	82.0	115.0	80.0	92.0	105.0	82.0	94.0	81.0	85.0	113.0	102.0	95.0	129.0	90.0	83.0	90.0
348.803	87.0	94.0	132.0	108.0	83.0	120.0	79.0	98.0	108.0	79.0	87.0	88.0	90.0	103.0	107.0	100.0	135.0	84.0	88.0	92.0
348.913	94.0	88.0	128.0	113.0	84.0	119.0	85.0	97.0	97.0	80.0	86.0	84.0	91.0	110.0	106.0	96.0	136.0	89.0	92.0	86.0
349.023	87.0	88.0	129.0	106.0	85.0	117.0	82.0	88.0	108.0	76.0	88.0	89.0	88.0	99.0	95.0	97.0	127.0	91.0	96.0	89.0
349.133	83.0	90.0	120.0	96.0	83.0	117.0	78.0	90.0	109.0	78.0	81.0	76.0	83.0	95.0	89.0	85.0	118.0	84.0	83.0	78.0
349.242	79.0	81.0	118.0	91.0	82.0	111.0	77.0	87.0	110.0	82.0	83.0	82.0	83.0	96.0	86.0	89.0	113.0	84.0	81.0	81.0
349.352	109.0	120.0	157.0	123.0	116.0	139.0	107.0	119.0	137.0	108.0	114.0	106.0	109.0	129.0	122.0	118.0	150.0	107.0	114.0	114.0
349.462	86.0	90.0	124.0	103.0	94.0	119.0	82.0	100.0	116.0	87.0	90.0	83.0	89.0	110.0	104.0	98.0	126.0	87.0	91.0	90.0
349.572	82.0	78.0	128.0	95.0	80.0	112.0	77.0	90.0	109.0	86.0	88.0	77.0	81.0	93.0	91.0	91.0	120.0	88.0	84.0	81.0
349.682	76.0	81.0	121.0	97.0	77.0	113.0	79.0	93.0	106.0	79.0	78.0	74.0	79.0	89.0	98.0	87.0	123.0	84.0	83.0	81.0
349.792	79.0	96.0	131.0	111.0	80.0	117.0	82.0	84.0	106.0	79.0	90.0	92.0	91.0	118.0	108.0	100.0	149.0	99.0	94.0	86.0
349.901	118.0	148.0	180.0	240.0	93.0	129.0	129.0	102.0	101.0	103.0	134.0	132.0	147.0	219.0	202.0	175.0	280.0	168.0	113.0	125.0
350.011	114.0	135.0	159.0	224.0	87.0	124.0	119.0	93.0	103.0	99.0	126.0	120.0	132.0	195.0	184.0	147.0	249.0	154.0	98.0	122.0
350.121	106.0	114.0	155.0	178.0	87.0	123.0	103.0	86.0	107.0	94.0	117.0	103.0	110.0	163.0	147.0	132.0	210.0	135.0	95.0	105.0
350.231	100.0	102.0	151.0	167.0	83.0	122.0	97.0	97.0	106.0	92.0	100.0	105.0	110.0	148.0	132.0	122.0	188.0	117.0	89.0	98.0
350.341	91.0	107.0	138.0	152.0	86.0	119.0	95.0	94.0	109.0	90.0	99.0	102.0	105.0	139.0	132.0	122.0	176.0	113.0	91.0	94.0
350.451	112.0	126.0	167.0	207.0	93.0	135.0	111.0	93.0	108.0	94.0	123.0	120.0	127.0	193.0	173.0	158.0	243.0	142.0	102.0	111.0
350.561	116.0	130.0	164.0	213.0	95.0	133.0	109.0	102.0	109.0	100.0	123.0	122.0	129.0	198.0	168.0	160.0	252.0	144.0	101.0	116.0
350.671	93.0	103.0	147.0	151.0	97.0	117.0	98.0	87.0	104.0	87.0	101.0	92.0	108.0	146.0	138.0	128.0	187.0	116.0	97.0	94.0
350.78	97.0	100.0	141.0	144.0	82.0	117.0	92.0	97.0	109.0	90.0	96.0	103.0	107.0	139.0	125.0	116.0	181.0	116.0	98.0	97.0
350.89	85.0	90.0	128.0	123.0	80.0	113.0	84.0	90.0	104.0	85.0	92.0	93.0	95.0	118.0	105.0	106.0	158.0	107.0	86.0	87.0
351.0	85.0	88.0	125.0	113.0	86.0	107.0	82.0	85.0	111.0	80.0	88.0	82.0	90.0	107.0	95.0	96.0	140.0	91.0	83.0	85.0
351.11	88.0	94.0	128.0	113.0	87.0	114.0	87.0	86.0	108.0	78.0	87.0	82.0	95.0	111.0	107.0	99.0	133.0	95.0	91.0	93.0
351.22	93.0	99.0	129.0	113.0	96.0	122.0	96.0	105.0	122.0	95.0	96.0	91.0	97.0	112.0	107.0	105.0	141.0	100.0	100.0	98.0
351.33	86.0	86.0	115.0	102.0	83.0	113.0	86.0	88.0	107.0	79.0	82.0	81.0	87.0	104.0	91.0	85.0	123.0	89.0	88.0	84.0
351.44	94.0	95.0	128.0	129.0	86.0	112.0	83.0	89.0	102.0	84.0	93.0	86.0	92.0	126.0	109.0	102.0	153.0	102.0	84.0	89.0
351.55	92.0	94.0	133.0	113.0	85.0	119.0	85.0	95.0	110.0	84.0	95.0	87.0	95.0	122.0	106.0	102.0	149.0	98.0	89.0	90.0
351.66	77.0	89.0	117.0	104.0	77.0	108.0	79.0	86.0	99.0	78.0	83.0	80.0	88.0	106.0	98.0	87.0	137.0	93.0	86.0	88.0
351.77	100.0	98.0	143.0	119.0	105.0	130.0	101.0	110.0	121.0	93.0	105.0	100.0	96.0	111.0	115.0	108.0	144.0	111.0	105.0	99.0
351.88	84.0	89.0	120.0	98.0	85.0	116.0	81.0	96.0	103.0	83.0	83.0	80.0	82.0	99.0	95.0	88.0	124.0	85.0	81.0	80.0
351.99	82.0	83.0	112.0	103.0	87.0	112.0	80.0	95.0	102.0	79.0	81.0	79.0	85.0	98.0	92.0	82.0	122.0	89.0	83.0	84.0
352.1	79.0	86.0	114.0	86.0	77.0	108.0	81.0	90.0	102.0	76.0	78.0	75.0	84.0	93.0	88.0	90.0	113.0	78.0	86.0	81.0
352.21	104.0	116.0	138.0	115.0	104.0	129.0	104.0	120.0	131.0	103.0	105.0	102.0	109.0	118.0	114.0	110.0	133.0	104.0	107.0	104.0
352.32	106.0	99.0	137.0	109.0	105.0	134.0	92.0	110.0	123.0	98.0	100.0	91.0	102.0	108.0	106.0	102.0	126.0	101.0	100.0	98.0
352.43	76.0	80.0	114.0	81.0	85.0	112.0	73.0	91.0	108.0	76.0	80.0	74.0	82.0	89.0	85.0	86.0	110.0	74.0	86.0	77.0
352.54	79.0	85.0	117.0	85.0	82.0	112.0	81.0	92.0	104.0	78.0	77.0	81.0	80.0	89.0	77.0	87.0	114.0	79.0	81.0	87.0
352.65	91.0	91.0	125.0	97.0	90.0	120.0	89.0	100.0	126.0	92.0	92.0	93.0	94.0	96.0	96.0	100.0	130.0	91.0	101.0	94.0
352.76	83.0	86.0	121.0	92.0	89.0	112.0	81.0	89.0	114.0	86.0	88.0	80.0	90.0	94.0	86.0	90.0	117.0	89.0	82.0	85.0
352.87	83.0	83.0	122.0	104.0	85.0	115.0	80.0	87.0	110.0	83.0	82.0	81.0	86.0	98.0	97.0	91.0	134.0	88.0	80.0	86.0
352.98	91.0	98.0	137.0	139.0	93.0	117.0	92.0	91.0	111.0	87.0	91.0	91.0	98.0	137.0	119.0	119.0	173.0	109.0	84.0	94.0
353.09	115.0	116.0	158.0	148.0	101.0	141.0	103.0	109.0	127.0	113.0	115.0	113.0	119.0	139.0	132.0	128.0	180.0	124.0	109.0	118.0
353.2	86.0	86.0	130.0	110.0	81.0	110.0	84.0	95.0	106.0	86.0	91.0	80.0	99.0	109.0	101.0	95.0	137.0	97.0	88.0	81.0
353.31	85.0	89.0	125.0	107.0	85.0	113.0	80.0	87.0	104.0	85.0	93.0	74.0	89.0	108.0	103.0	100.0	140.0	88.0	85.0	88.0
353.42	82.0	93.0	121.0	101.0	77.0	109.0	77.0	91.0	105.0	80.0	91.0	85.0	86.0	102.0	101.0	93.0	135.0	86.0	83.0	89.0
353.53	77.0	84.0	115.0	94.0	73.0	109.0	71.0	87.0	105.0	81.0	85.0	81.0	82.0	91.0	85.0	91.0	117.0	85.0	83.0	89.0
353.64	81.0	82.0	116.0	82.0	80.0	109.0	71.0	84.0	113.0	80.0	79.0	75.0	82.0	92.0	78.0	83.0	114.0	81.0	82.0	80.0
353.75	78.0	81.0	116.0	87.0	79.0	114.0	74.0	85.0	108.0	74.0	72.0	73.0	77.0	86.0	82.0	82.0	104.0	80.0	77.0	74.0
353.86	79.0	73.0	114.0	80.0	85.0	100.0	76.0	92.0	109.0	76.0	75.0	78.0	79.0	85.0	80.0	81.0	114.0	78.0	86.0	74.0
353.97	79.0	76.0	118.0	89.0	80.0	108.0	80.0	83.0	109.0	81.0	77.0	77.0	79.0	88.0	83.0	82.0	115.0	79.0	80.0	83.0
354.081	83.0	80.0	112.0	86.0	84.0	113.0	76.0	89.0	105.0	83.0	80.0	78.0	79.0	93.0	91.0	83.0	101.0	78.0	76.0	83.0
354.191	82.0	76.0	126.0	87.0	85.0	117.0	80.0	93.0	108.0	76.0	82.0	74.0	83.0	86.0	95.0	87.0	109.0	80.0	81.0	80.0
354.301	77.0	81.0	120.0	84.0	80.0	111.0	78.0	82.0	104.0	74.0	76.0	78.0	84.0	88.0	75.0	82.0	109.0	74.0	82.0	78.0
354.411	80.0	83.0	121.0	81.0	78.0	109.0	71.0	90.0	105.0	77.0	77.0	77.0	78.0	83.0	85.0	83.0	112.0	73.0	78.0	80.0
354.521	79.0	82.0	114.0	85.0	77.0	116.0	78.0	88.0	107.0	77.0	75.0	71.0	81.0	85.0	80.0	84.0	111.0	76.0	79.0	77.0
354.631	84.0	90.0	121.0	87.0	84.0	120.0	74.0	94.0	112.0	80.0	82.0	82.0	82.0	93.0	85.0	80.0	114.0	83.0	84.0	83.0
354.741	79.0	88.0	123.0	85.0	83.0	108.0	76.0	91.0	102.0	78.0	75.0	79.0	82.0	89.0	84.0	84.0	115.0	82.0	85.0	83.0
354.851	80.0	79.0	119.0	83.0	77.0	112.0	75.0	92.0	110.0	81.0	80.0	80.0	82.0	86.0	88.0	83.0	108.0	80.0	84.0	81.0
354.961	83.0	79.0	113.0	90.0	79.0	110.0	73.0	87.0	106.0	80.0	82.0	76.0	80.0	82.0	78.0	85.0	107.0	83.0	82.0	82.0
355.072	88.0	89.0	121.0	92.0	86.0	126.0	81.0	96.0	113.0	81.0	90.0	84.0	84.0	92.0	85.0	88.0	114.0	83.0	88.0	86.0
355.182	82.0	85.0	124.0	83.0	81.0	111.0	77.0	97.0	106.0	82.0	83.0	76.0	80.0	91.0	85.0	86.0	112.0	83.0	87.0	79.0
355.292	87.0	90.0	129.0	91.0	90.0	119.0	86.0	104.0	111.0	89.0	80.0	81.0	88.0	92.0	89.0	94.0	117.0	85.0	85.0	89.0
355.402	78.0	83.0	111.0	82.0	79.0	109.0	71.0	89.0	113.0	81.0	81.0	74.0	82.0	83.0	84.0	86.0	110.0	73.0	80.0	75.0
355.512	85.0	88.0	123.0	84.0	81.0	116.0	79.0	92.0	116.0	85.0	82.0	79.0	83.0	93.0	88.0	82.0	113.0	86.0	82.0	83.0
355.622	75.0	83.0	126.0	88.0	85.0	107.0	83.0	90.0	111.0	76.0	80.0	81.0	84.0	93.0	86.0	89.0	119.0	85.0	87.0	83.0
355.733	82.0	80.0	114.0	84.0	79.0	105.0	80.0	92.0	105.0	80.0	75.0	78.0	82.0	89.0	86.0	82.0	115.0	74.0	80.0	80.0
355.843	81.0	77.0	117.0	84.0	78.0	116.0	80.0	92.0	111.0	81.0	83.0	76.0	81.0	91.0	88.0	77.0	111.0	79.0	84.0	85.0
355.953	89.0	83.0	118.0	87.0	82.0	116.0	69.0	88.0	110.0	80.0	86.0	73.0	81.0	98.0	85.0	79.0	114.0	78.0	85.0	83.0
356.063	87.0	88.0	118.0	87.0	82.0	107.0	75.0	91.0	103.0	72.0	77.0	84.0	86.0	93.0	85.0	86.0	112.0	84.0	80.0	85.0
356.173	84.0	85.0	120.0	91.0	77.0	116.0	76.0	98.0	108.0	79.0	86.0	78.0	82.0	92.0	85.0	83.0	115.0	84.0	82.0	90.0
356.284	78.0	81.0	116.0	89.0	88.0	113.0	79.0	89.0	110.0	81.0	88.0	83.0	84.0	88.0	80.0	79.0	112.0	83.0	89.0	79.0
356.394	90.0	92.0	121.0	101.0	85.0	114.0	81.0	94.0	110.0	84.0	85.0	82.0	85.0	91.0	84.0	86.0	116.0	86.0	83.0	95.0
356.504	90.0	87.0	121.0	99.0	82.0	116.0	78.0	96.0	106.0	84.0	87.0	88.0	86.0	97.0	87.0	94.0	115.0	86.0	85.0	97.0
356.614	83.0	87.0	113.0	88.0	78.0	108.0	82.0	92.0	105.0	85.0	84.0	81.0	84.0	87.0	84.0	82.0	114.0	80.0	81.0	88.0
356.724	81.0	91.0	121.0	91.0	79.0	110.0	72.0	87.0	105.0	78.0	82.0	77.0	77.0	90.0	81.0	78.0	114.0	84.0	85.0	83.0
356.835	89.0	92.0	129.0	95.0	87.0	121.0	77.0	90.0	110.0	86.0	89.0	76.0	92.0	102.0	92.0	88.0	124.0	81.0	85.0	94.0
356.945	85.0	83.0	120.0	86.0	83.0	112.0	76.0	85.0	106.0	80.0	80.0	79.0	84.0	104.0	92.0	94.0	114.0	79.0	84.0	87.0
357.055	84.0	85.0	122.0	89.0	82.0	113.0	80.0	91.0	105.0	83.0	82.0	82.0	85.0	92.0	85.0	88.0	115.0	86.0	83.0	85.0
357.165	80.0	85.0	117.0	87.0	77.0	109.0	74.0	92.0	111.0	80.0	72.0	76.0	85.0	89.0	87.0	80.0	107.0	75.0	80.0	83.0
357.276	89.0	86.0	129.0	94.0	84.0	112.0	70.0	95.0	107.0	84.0	88.0	83.0	87.0	92.0	82.0	79.0	105.0	80.0	79.0	89.0
357.386	80.0	87.0	121.0	88.0	78.0	112.0	73.0	86.0	106.0	79.0	80.0	79.0	77.0	90.0	87.0	73.0	106.0	80.0	77.0	86.0
357.496	97.0	94.0	125.0	100.0	83.0	120.0	76.0	105.0	104.0	88.0	85.0	83.0	88.0	90.0	88.0	84.0	114.0	78.0	84.0	103.0
357.606	98.0	94.0	123.0	89.0	87.0	117.0	81.0	96.0	106.0	86.0	89.0	87.0	91.0	91.0	87.0	88.0	110.0	79.0	91.0	102.0
357.717	82.0	90.0	121.0	85.0	82.0	122.0	71.0	91.0	110.0	85.0	91.0	79.0	84.0	89.0	81.0	86.0	106.0	79.0	85.0	85.0
357.827	88.0	91.0	123.0	83.0	87.0	117.0	71.0	93.0	110.0	81.0	85.0	81.0	82.0	88.0	84.0	84.0	109.0	81.0	81.0	92.0
357.937	93.0	93.0	122.0	88.0	82.0	120.0	86.0	99.0	104.0	83.0	87.0	85.0	86.0	90.0	80.0	84.0	113.0	82.0	84.0	92.0
358.048	94.0	87.0	115.0	93.0	80.0	117.0	82.0	99.0	103.0	88.0	85.0	85.0	86.0	97.0	91.0	90.0	116.0	88.0	89.0	91.0
358.158	93.0	86.0	116.0	95.0	81.0	121.0	80.0	89.0	106.0	86.0	81.0	81.0	92.0	94.0	81.0	82.0	120.0	82.0	84.0	88.0
358.268	88.0	88.0	124.0	91.0	82.0	114.0	73.0	88.0	105.0	80.0	81.0	72.0	84.0	89.0	85.0	78.0	114.0	81.0	75.0	86.0
358.379	82.0	85.0	114.0	86.0	77.0	113.0	73.0	93.0	114.0	77.0	73.0	80.0	77.0	88.0	80.0	80.0	113.0	79.0	83.0	88.0
358.489	81.0	78.0	117.0	85.0	76.0	111.0	81.0	95.0	104.0	83.0	79.0	80.0	83.0	90.0	79.0	80.0	116.0	82.0	77.0	78.0
358.599	83.0	86.0	126.0	85.0	85.0	115.0	82.0	90.0	111.0	79.0	85.0	75.0	80.0	95.0	85.0	80.0	108.0	84.0	86.0	85.0
358.71	88.0	86.0	118.0	87.0	86.0	111.0	74.0	101.0	107.0	81.0	82.0	76.0	80.0	91.0	84.0	87.0	109.0	80.0	84.0	86.0
358.82	93.0	94.0	113.0	86.0	79.0	116.0	76.0	101.0	103.0	83.0	86.0	84.0	88.0	96.0	86.0	85.0	116.0	80.0	84.0	97.0
358.93	84.0	90.0	115.0	90.0	79.0	113.0	80.0	100.0	106.0	81.0	80.0	76.0	85.0	95.0	85.0	88.0	118.0	85.0	84.0	91.0
359.041	91.0	90.0	125.0	108.0	83.0	113.0	86.0	90.0	106.0	81.0	88.0	82.0	87.0	107.0	95.0	93.0	131.0	89.0	82.0	86.0
359.151	86.0	87.0	121.0	93.0	83.0	113.0	74.0	89.0	111.0	81.0	82.0	77.0	84.0	101.0	82.0	89.0	122.0	84.0	86.0	88.0
359.261	92.0	89.0	134.0	98.0	90.0	120.0	81.0	99.0	106.0	87.0	80.0	85.0	86.0	113.0	94.0	91.0	127.0	91.0	91.0	89.0
359.372	80.0	91.0	125.0	93.0	83.0	115.0	82.0	90.0	105.0	79.0	86.0	79.0	84.0	101.0	91.0	89.0	119.0	80.0	88.0	92.0
359.482	81.0	81.0	125.0	88.0	83.0	109.0	80.0	88.0	104.0	77.0	87.0	71.0	78.0	93.0	88.0	87.0	116.0	82.0	83.0	82.0
359.592	81.0	83.0	126.0	92.0	87.0	117.0	74.0	99.0	105.0	83.0	84.0	80.0	81.0	97.0	87.0	82.0	114.0	77.0	85.0	77.0
359.703	77.0	84.0	124.0	82.0	83.0	111.0	75.0	96.0	101.0	76.0	80.0	81.0	80.0	97.0	85.0	85.0	112.0	79.0	80.0	85.0
359.813	81.0	82.0	114.0	81.0	77.0	112.0	77.0	90.0	110.0	79.0	78.0	81.0	84.0	87.0	84.0	88.0	111.0	87.0	84.0	78.0
359.924	84.0	79.0	114.0	88.0	80.0	115.0	77.0	87.0	109.0	83.0	79.0	82.0	84.0	83.0	79.0	83.0	103.0	82.0	81.0	83.0
360.034	80.0	84.0	117.0	85.0	81.0	114.0	75.0	89.0	108.0	84.0	78.0	77.0	79.0	88.0	83.0	79.0	108.0	80.0	80.0	86.0
360.144	81.0	85.0	121.0	90.0	85.0	112.0	73.0	89.0	108.0	76.0	80.0	74.0	76.0	86.0	86.0	86.0	114.0	80.0	84.0	83.0
360.255	83.0	84.0	117.0	89.0	84.0	107.0	73.0	92.0	108.0	85.0	87.0	79.0	87.0	83.0	83.0	86.0	116.0	84.0	83.0	90.0
360.365	84.0	89.0	122.0	90.0	80.0	118.0	74.0	94.0	103.0	81.0	89.0	80.0	79.0	89.0	87.0	86.0	105.0	77.0	84.0	88.0
360.476	90.0	98.0	135.0	100.0	88.0	120.0	74.0	96.0	104.0	81.0	88.0	79.0	83.0	102.0	94.0	91.0	117.0	82.0	80.0	97.0
360.586	89.0	92.0	137.0	91.0	79.0	115.0	77.0	96.0	98.0	82.0	80.0	77.0	81.0	96.0	89.0	91.0	110.0	79.0	84.0	94.0
360.697	80.0	87.0	124.0	89.0	82.0	110.0	76.0	90.0	104.0	77.0	81.0	77.0	79.0	94.0	90.0	86.0	113.0	86.0	84.0	86.0
360.807	78.0	83.0	115.0	89.0	83.0	111.0	74.0	84.0	108.0	79.0	77.0	81.0	76.0	81.0	90.0	81.0	113.0	83.0	85.0	78.0
360.917	80.0	90.0	122.0	94.0	84.0	117.0	77.0	81.0	108.0	79.0	81.0	78.0	74.0	94.0	88.0	82.0	120.0	80.0	80.0	81.0
361.028	79.0	82.0	118.0	84.0	80.0	106.0	74.0	91.0	106.0	80.0	83.0	73.0	77.0	86.0	84.0	82.0	112.0	80.0	80.0	81.0
361.138	81.0	81.0	116.0	84.0	80.0	108.0	71.0	88.0	109.0	72.0	76.0	74.0	84.0	87.0	88.0	83.0	108.0	74.0	82.0	80.0
361.249	87.0	81.0	113.0	90.0	82.0	108.0	78.0	89.0	100.0	75.0	77.0	73.0	75.0	88.0	74.0	77.0	107.0	75.0	81.0	81.0
361.359	92.0	85.0	118.0	93.0	91.0	117.0	82.0	100.0	115.0	84.0	91.0	89.0	82.0	96.0	91.0	89.0	109.0	82.0	92.0	97.0
361.47	78.0	83.0	119.0	84.0	77.0	112.0	74.0	95.0	106.0	74.0	82.0	78.0	77.0	88.0	80.0	84.0	110.0	79.0	81.0	81.0
361.58	83.0	84.0	120.0	86.0	76.0	111.0	79.0	88.0	105.0	82.0	78.0	77.0	84.0	90.0	85.0	87.0	116.0	78.0	86.0	87.0
361.691	83.0	78.0	114.0	85.0	80.0	106.0	75.0	81.0	109.0	80.0	78.0	76.0	79.0	83.0	79.0	86.0	113.0	75.0	81.0	79.0
361.801	81.0	82.0	117.0	90.0	78.0	104.0	75.0	83.0	104.0	78.0	82.0	74.0	80.0	93.0	82.0	81.0	117.0	76.0	81.0	79.0
361.912	82.0	95.0	132.0	105.0	83.0	112.0	76.0	89.0	104.0	80.0	84.0	85.0	91.0	115.0	97.0	95.0	132.0	90.0	87.0	86.0
362.022	82.0	94.0	126.0	98.0	81.0	108.0	79.0	92.0	104.0	78.0	83.0	81.0	85.0	106.0	94.0	96.0	124.0	85.0	87.0	86.0
362.133	96.0	100.0	133.0	109.0	89.0	125.0	92.0	102.0	117.0	89.0	96.0	96.0	98.0	112.0	104.0	104.0	134.0	98.0	96.0	98.0
362.243	86.0	78.0	120.0	91.0	81.0	111.0	83.0	94.0	112.0	80.0	85.0	80.0	83.0	95.0	92.0	88.0	113.0	87.0	85.0	87.0
362.354	80.0	77.0	116.0	81.0	82.0	107.0	63.0	87.0	104.0	80.0	79.0	76.0	82.0	90.0	89.0	89.0	114.0	81.0	82.0	73.0
362.464	83.0	82.0	115.0	87.0	78.0	111.0	75.0	90.0	109.0	78.0	80.0	75.0	81.0	84.0	85.0	85.0	118.0	79.0	88.0	83.0
362.575	84.0	83.0	118.0	85.0	82.0	106.0	80.0	91.0	113.0	84.0	85.0	71.0	80.0	91.0	82.0	85.0	111.0	81.0	81.0	86.0
362.685	80.0	84.0	123.0	90.0	85.0	109.0	79.0	89.0	105.0	80.0	79.0	83.0	81.0	91.0	81.0	79.0	111.0	75.0	83.0	88.0
362.796	80.0	80.0	125.0	88.0	86.0	113.0	75.0	91.0	102.0	76.0	80.0	78.0	82.0	94.0	86.0	83.0	109.0	81.0	77.0	88.0
362.906	105.0	107.0	160.0	108.0	85.0	129.0	81.0	99.0	104.0	85.0	93.0	88.0	101.0	119.0	105.0	108.0	127.0	82.0	82.0	106.0
363.017	128.0	127.0	188.0	126.0	93.0	157.0	95.0	114.0	108.0	98.0	107.0	93.0	112.0	149.0	128.0	117.0	145.0	93.0	86.0	136.0
363.128	113.0	105.0	160.0	110.0	87.0	146.0	87.0	103.0	100.0	93.0	92.0	85.0	86.0	122.0	106.0	98.0	127.0	80.0	84.0	106.0
363.238	101.0	104.0	160.0	103.0	88.0	129.0	77.0	97.0	97.0	89.0	92.0	82.0	91.0	112.0	107.0	96.0	120.0	80.0	79.0	99.0
363.349	94.0	93.0	143.0	97.0	79.0	127.0	82.0	86.0	105.0	79.0	85.0	85.0	84.0	106.0	98.0	99.0	120.0	84.0	83.0	93.0
363.459	94.0	93.0	140.0	109.0	82.0	124.0	76.0	95.0	104.0	83.0	88.0	85.0	84.0	108.0	96.0	98.0	128.0	88.0	78.0	93.0
363.57	97.0	113.0	155.0	133.0	87.0	127.0	88.0	96.0	107.0	92.0	100.0	87.0	103.0	134.0	112.0	112.0	153.0	98.0	85.0	99.0
363.68	132.0	144.0	208.0	150.0	99.0	160.0	91.0	109.0	107.0	105.0	116.0	104.0	114.0	171.0	137.0	127.0	169.0	104.0	87.0	126.0
363.791	151.0	160.0	210.0	160.0	119.0	176.0	115.0	138.0	130.0	126.0	126.0	120.0	130.0	176.0	156.0	154.0	178.0	122.0	104.0	146.0
363.902	115.0	113.0	167.0	115.0	90.0	139.0	88.0	108.0	106.0	93.0	97.0	89.0	96.0	124.0	112.0	114.0	149.0	99.0	83.0	105.0
364.012	103.0	102.0	153.0	118.0	91.0	142.0	88.0	100.0	106.0	86.0	94.0	81.0	87.0	122.0	106.0	99.0	132.0	84.0	86.0	103.0
364.123	101.0	105.0	154.0	111.0	89.0	134.0	83.0	98.0	104.0	80.0	92.0	86.0	88.0	111.0	102.0	96.0	130.0	83.0	85.0	96.0
364.233	84.0	92.0	129.0	97.0	77.0	118.0	73.0	93.0	98.0	74.0	81.0	84.0	88.0	97.0	94.0	89.0	116.0	80.0	83.0	94.0
364.344	92.0	92.0	121.0	97.0	76.0	112.0	79.0	94.0	105.0	84.0	78.0	80.0	87.0	105.0	90.0	88.0	113.0	79.0	83.0	91.0
364.455	88.0	82.0	112.0	94.0	79.0	111.0	73.0	90.0	104.0	79.0	82.0	76.0	78.0	91.0	84.0	81.0	107.0	80.0	76.0	78.0
364.565	83.0	93.0	121.0	87.0	79.0	116.0	74.0	93.0	105.0	77.0	83.0	76.0	79.0	93.0	89.0	80.0	114.0	83.0	82.0	88.0
364.676	89.0	100.0	149.0	92.0	80.0	124.0	80.0	93.0	108.0	82.0	85.0	84.0	88.0	109.0	98.0	100.0	123.0	83.0	85.0	94.0
364.787	138.0	143.0	206.0	140.0	100.0	174.0	89.0	114.0	105.0	104.0	110.0	100.0	109.0	152.0	140.0	128.0	155.0	95.0	86.0	132.0
364.897	144.0	137.0	208.0	147.0	98.0	168.0	89.0	121.0	106.0	103.0	113.0	92.0	102.0	156.0	132.0	122.0	140.0	89.0	86.0	136.0
365.008	116.0	117.0	182.0	123.0	90.0	148.0	89.0	107.0	102.0	87.0	94.0	83.0	96.0	135.0	118.0	116.0	131.0	88.0	86.0	111.0
365.119	110.0	108.0	162.0	114.0	86.0	140.0	83.0	104.0	99.0	84.0	87.0	85.0	95.0	129.0	106.0	104.0	129.0	82.0	86.0	109.0
365.229	121.0	126.0	175.0	121.0	93.0	145.0	96.0	113.0	118.0	104.0	94.0	95.0	109.0	133.0	116.0	111.0	143.0	96.0	94.0	115.0
365.34	101.0	103.0	143.0	117.0	92.0	129.0	83.0	104.0	104.0	91.0	99.0	78.0	92.0	124.0	113.0	100.0	137.0	88.0	81.0	96.0
365.45	100.0	109.0	151.0	127.0	84.0	136.0	84.0	98.0	109.0	91.0	102.0	84.0	96.0	134.0	112.0	103.0	156.0	95.0	86.0	99.0
365.561	94.0	104.0	144.0	133.0	90.0	127.0	86.0	96.0	104.0	87.0	90.0	90.0	94.0	135.0	119.0	102.0	151.0	93.0	84.0	106.0
365.672	91.0	100.0	143.0	120.0	86.0	113.0	91.0	95.0	107.0	92.0	97.0	92.0	93.0	123.0	118.0	108.0	159.0	90.0	90.0	94.0
365.783	93.0	87.0	129.0	111.0	86.0	114.0	83.0	88.0	107.0	84.0	81.0	78.0	88.0	108.0	102.0	95.0	137.0	81.0	90.0	89.0
365.893	81.0	85.0	122.0	100.0	82.0	114.0	73.0	89.0	107.0	79.0	84.0	80.0	83.0	99.0	95.0	90.0	129.0	78.0	82.0	83.0
366.004	78.0	87.0	118.0	85.0	82.0	110.0	76.0	90.0	105.0	75.0	83.0	81.0	86.0	94.0	98.0	87.0	122.0	79.0	84.0	82.0
366.115	74.0	83.0	115.0	83.0	73.0	102.0	71.0	82.0	98.0	79.0	74.0	79.0	78.0	84.0	87.0	86.0	117.0	80.0	87.0	73.0
366.225	78.0	84.0	120.0	88.0	79.0	109.0	74.0	89.0	104.0	78.0	74.0	70.0	81.0	79.0	84.0	89.0	117.0	84.0	76.0	72.0
366.336	89.0	93.0	127.0	92.0	78.0	114.0	83.0	91.0	110.0	82.0	85.0	76.0	80.0	97.0	87.0	88.0	124.0	80.0	83.0	86.0
366.447	79.0	84.0	128.0	89.0	79.0	113.0	78.0	92.0	104.0	85.0	78.0	75.0	83.0	99.0	86.0	84.0	118.0	85.0	85.0	84.0
366.557	105.0	101.0	148.0	105.0	84.0	135.0	85.0	113.0	111.0	96.0	90.0	84.0	89.0	111.0	103.0	100.0	125.0	91.0	90.0	100.0
366.668	89.0	98.0	141.0	97.0	87.0	121.0	80.0	91.0	114.0	86.0	88.0	72.0	83.0	101.0	93.0	94.0	115.0	84.0	84.0	92.0
366.779	86.0	84.0	134.0	100.0	86.0	115.0	78.0	93.0	109.0	83.0	88.0	75.0	81.0	94.0	89.0	89.0	112.0	84.0	88.0	83.0
366.89	84.0	92.0	128.0	88.0	89.0	110.0	72.0	89.0	102.0	77.0	84.0	82.0	87.0	93.0	93.0	87.0	115.0	79.0	83.0	84.0
367.0	81.0	86.0	117.0	85.0	75.0	110.0	75.0	90.0	106.0	81.0	79.0	80.0	84.0	93.0	90.0	85.0	115.0	82.0	88.0	87.0
367.111	79.0	83.0	111.0	85.0	74.0	104.0	79.0	92.0	110.0	70.0	80.0	71.0	74.0	88.0	82.0	86.0	109.0	78.0	81.0	77.0
367.222	77.0	79.0	111.0	86.0	82.0	110.0	78.0	90.0	106.0	78.0	81.0	76.0	75.0	88.0	85.0	86.0	105.0	83.0	80.0	78.0
367.333	90.0	94.0	129.0	96.0	96.0	120.0	86.0	99.0	116.0	87.0	88.0	85.0	90.0	101.0	97.0	100.0	121.0	86.0	94.0	91.0
367.443	77.0	81.0	117.0	92.0	77.0	106.0	75.0	88.0	108.0	77.0	74.0	72.0	81.0	97.0	89.0	84.0	119.0	83.0	82.0	85.0
367.554	80.0	83.0	116.0	94.0	83.0	112.0	82.0	92.0	102.0	77.0	76.0	77.0	85.0	92.0	90.0	92.0	119.0	89.0	88.0	85.0
367.665	80.0	78.0	118.0	95.0	83.0	106.0	81.0	88.0	110.0	79.0	81.0	80.0	81.0	99.0	90.0	91.0	124.0	85.0	78.0	89.0
367.776	86.0	93.0	130.0	128.0	84.0	113.0	89.0	87.0	104.0	84.0	96.0	91.0	95.0	121.0	111.0	106.0	163.0	105.0	90.0	89.0
367.887	160.0	186.0	243.0	327.0	101.0	157.0	153.0	114.0	107.0	136.0	186.0	176.0	204.0	306.0	274.0	247.0	383.0	212.0	125.0	166.0
367.997	179.0	215.0	257.0	368.0	100.0	176.0	165.0	121.0	111.0	150.0	203.0	192.0	219.0	330.0	303.0	260.0	419.0	230.0	126.0	176.0
368.108	155.0	170.0	213.0	286.0	97.0	151.0	145.0	111.0	106.0	131.0	168.0	151.0	173.0	255.0	233.0	204.0	316.0	187.0	114.0	154.0
368.219	131.0	142.0	197.0	212.0	96.0	140.0	115.0	105.0	105.0	107.0	137.0	128.0	140.0	209.0	187.0	172.0	261.0	150.0	102.0	133.0
368.33	101.0	112.0	152.0	144.0	91.0	120.0	91.0	98.0	104.0	91.0	101.0	97.0	112.0	142.0	126.0	134.0	176.0	108.0	97.0	107.0
368.441	98.0	109.0	144.0	117.0	87.0	128.0	88.0	101.0	113.0	93.0	94.0	82.0	98.0	124.0	120.0	110.0	152.0	93.0	88.0	96.0
368.551	91.0	87.0	134.0	102.0	86.0	115.0	80.0	101.0	107.0	84.0	86.0	84.0	87.0	108.0	104.0	92.0	126.0	83.0	87.0	87.0
368.662	85.0	88.0	122.0	92.0	86.0	111.0	72.0	87.0	107.0	76.0	87.0	75.0	82.0	102.0	94.0	92.0	113.0	83.0	86.0	91.0
368.773	85.0	88.0	123.0	93.0	80.0	109.0	76.0	91.0	99.0	83.0	79.0	77.0	86.0	94.0	92.0	89.0	116.0	84.0	77.0	79.0
368.884	94.0	92.0	131.0	106.0	82.0	119.0	82.0	98.0	113.0	88.0	87.0	87.0	86.0	99.0	96.0	93.0	126.0	87.0	87.0	86.0
368.995	87.0	86.0	123.0	96.0	86.0	113.0	81.0	95.0	102.0	85.0	85.0	88.0	84.0	95.0	86.0	89.0	120.0	83.0	86.0	82.0
369.105	80.0	93.0	126.0	93.0	80.0	113.0	80.0	88.0	106.0	78.0	83.0	80.0	82.0	94.0	84.0	93.0	117.0	85.0	87.0	81.0
369.216	86.0	88.0	125.0	88.0	82.0	110.0	77.0	91.0	104.0	78.0	72.0	81.0	84.0	98.0	93.0	86.0	114.0	86.0	85.0	90.0
369.327	100.0	99.0	140.0	103.0	98.0	132.0	86.0	109.0	125.0	87.0	95.0	90.0	95.0	110.0	101.0	104.0	132.0	102.0	97.0	98.0
369.438	87.0	79.0	121.0	97.0	91.0	113.0	74.0	91.0	112.0	84.0	92.0	75.0	80.0	93.0	94.0	91.0	110.0	80.0	83.0	84.0
369.549	85.0	87.0	124.0	90.0	89.0	119.0	80.0	99.0	113.0	81.0	87.0	81.0	84.0	97.0	88.0	94.0	121.0	82.0	87.0	82.0
369.66	86.0	88.0	126.0	88.0	88.0	117.0	77.0	96.0	114.0	81.0	88.0	72.0	85.0	95.0	96.0	87.0	121.0	83.0	82.0	89.0
369.771	86.0	89.0	139.0	92.0	83.0	118.0	73.0	89.0	110.0	79.0	84.0	79.0	83.0	107.0	95.0	90.0	115.0	82.0	82.0	89.0
369.881	91.0	91.0	134.0	102.0	87.0	117.0	77.0	96.0	102.0	90.0	81.0	74.0	81.0	98.0	95.0	91.0	127.0	79.0	83.0	86.0
369.992	90.0	98.0	140.0	110.0	88.0	120.0	82.0	88.0	108.0	87.0	88.0	80.0	90.0	108.0	100.0	96.0	138.0	93.0	87.0	98.0
370.103	90.0	100.0	136.0	112.0	88.0	118.0	87.0	93.0	109.0	92.0	85.0	86.0	96.0	116.0	104.0	104.0	142.0	93.0	92.0	101.0
370.214	84.0	90.0	129.0	99.0	89.0	116.0	76.0	92.0	105.0	84.0	86.0	82.0	88.0	102.0	99.0	86.0	133.0	88.0	80.0	89.0
370.325	96.0	98.0	136.0	107.0	85.0	121.0	84.0	101.0	103.0	84.0	91.0	83.0	85.0	104.0	94.0	87.0	126.0	93.0	87.0	92.0
370.436	100.0	92.0	146.0	106.0	87.0	131.0	87.0	100.0	110.0	83.0	94.0	81.0	91.0	111.0	103.0	99.0	120.0	82.0	94.0	92.0
370.547	94.0	86.0	133.0	88.0	83.0	129.0	77.0	100.0	106.0	82.0	87.0	80.0	87.0	106.0	94.0	84.0	123.0	87.0	82.0	99.0
370.658	85.0	87.0	125.0	91.0	76.0	113.0	77.0	93.0	101.0	84.0	85.0	79.0	81.0	96.0	85.0	84.0	116.0	84.0	84.0	84.0
370.769	76.0	76.0	114.0	82.0	81.0	110.0	76.0	90.0	104.0	81.0	75.0	76.0	75.0	89.0	92.0	85.0	112.0	80.0	76.0	78.0
370.88	76.0	80.0	118.0	90.0	90.0	110.0	74.0	87.0	104.0	82.0	85.0	75.0	77.0	88.0	86.0	82.0	117.0	79.0	88.0	84.0
370.99	77.0	79.0	119.0	83.0	84.0	111.0	74.0	86.0	103.0	78.0	80.0	70.0	77.0	87.0	83.0	85.0	109.0	78.0	85.0	75.0
371.101	88.0	93.0	126.0	94.0	83.0	116.0	73.0	97.0	107.0	82.0	85.0	82.0	85.0	102.0	92.0	87.0	116.0	76.0	80.0	85.0
371.212	94.0	92.0	138.0	95.0	84.0	123.0	82.0	104.0	115.0	91.0	86.0	76.0	78.0	104.0	98.0	95.0	118.0	80.0	89.0	91.0
371.323	86.0	88.0	133.0	95.0	82.0	116.0	78.0	96.0	109.0	79.0	85.0	80.0	82.0	95.0	90.0	94.0	118.0	76.0	84.0	99.0
371.434	98.0	98.0	132.0	96.0	87.0	125.0	82.0	103.0	103.0	83.0	88.0	85.0	93.0	101.0	92.0	94.0	114.0	88.0	86.0	103.0
371.545	98.0	105.0	132.0	111.0	88.0	120.0	86.0	100.0	105.0	87.0	87.0	87.0	91.0	113.0	100.0	95.0	134.0	89.0	85.0	98.0
371.656	110.0	122.0	149.0	122.0	88.0	146.0	84.0	106.0	107.0	92.0	103.0	88.0	94.0	121.0	112.0	101.0	145.0	92.0	87.0	106.0
371.767	100.0	104.0	148.0	117.0	86.0	131.0	81.0	93.0	103.0	83.0	96.0	84.0	95.0	112.0	98.0	98.0	138.0	84.0	88.0	109.0
371.878	133.0	133.0	190.0	142.0	90.0	160.0	90.0	116.0	109.0	101.0	107.0	91.0	106.0	155.0	126.0	117.0	146.0	88.0	90.0	131.0
371.989	118.0	114.0	169.0	129.0	84.0	142.0	84.0	111.0	103.0	95.0	95.0	92.0	100.0	137.0	116.0	110.0	142.0	90.0	89.0	115.0
372.1	100.0	104.0	156.0	113.0	92.0	134.0	82.0	112.0	108.0	87.0	95.0	85.0	89.0	122.0	108.0	105.0	127.0	90.0	83.0	100.0
372.211	88.0	81.0	129.0	90.0	86.0	122.0	79.0	93.0	109.0	78.0	83.0	80.0	82.0	97.0	84.0	88.0	117.0	81.0	91.0	87.0
372.322	123.0	114.0	162.0	117.0	98.0	146.0	89.0	120.0	116.0	94.0	105.0	99.0	114.0	138.0	119.0	115.0	146.0	93.0	105.0	118.0
372.433	129.0	132.0	189.0	133.0	96.0	160.0	96.0	126.0	102.0	102.0	106.0	101.0	114.0	151.0	127.0	122.0	145.0	89.0	85.0	128.0
372.544	112.0	110.0	157.0	114.0	91.0	146.0	88.0	106.0	112.0	98.0	100.0	95.0	95.0	122.0	119.0	109.0	129.0	90.0	86.0	104.0
372.655	91.0	92.0	138.0	97.0	87.0	127.0	82.0	92.0	103.0	86.0	85.0	78.0	87.0	102.0	92.0	90.0	122.0	80.0	86.0	93.0
372.766	86.0	90.0	128.0	89.0	81.0	118.0	75.0	88.0	99.0	85.0	85.0	80.0	85.0	100.0	84.0	92.0	114.0	83.0	81.0	85.0
372.877	102.0	97.0	129.0	104.0	89.0	113.0	80.0	106.0	105.0	90.0	88.0	84.0	97.0	99.0	93.0	88.0	119.0	80.0	87.0	105.0
372.988	105.0	100.0	131.0	99.0	87.0	122.0	84.0	107.0	111.0	90.0	93.0	90.0	92.0	104.0	97.0	91.0	116.0	88.0	87.0	102.0
373.099	99.0	92.0	137.0	97.0	87.0	121.0	81.0	101.0	110.0	86.0	95.0	82.0	85.0	102.0	97.0	88.0	109.0	79.0	90.0	97.0
373.21	93.0	94.0	126.0	95.0	90.0	119.0	74.0	98.0	107.0	84.0	84.0	89.0	86.0	106.0	88.0	94.0	113.0	79.0	88.0	96.0
373.321	92.0	96.0	132.0	95.0	81.0	119.0	76.0	100.0	103.0	81.0	82.0	77.0	88.0	100.0	90.0	92.0	118.0	84.0	91.0	100.0
373.432	101.0	108.0	146.0	119.0	88.0	138.0	88.0	101.0	110.0	92.0	91.0	87.0	98.0	122.0	110.0	106.0	136.0	88.0	83.0	93.0
373.543	188.0	196.0	257.0	230.0	125.0	201.0	137.0	152.0	123.0	136.0	157.0	143.0	159.0	249.0	200.0	186.0	254.0	151.0	117.0	175.0
373.654	153.0	159.0	226.0	208.0	100.0	174.0	112.0	113.0	107.0	109.0	141.0	125.0	136.0	216.0	175.0	164.0	233.0	124.0	98.0	147.0
373.765	117.0	124.0	174.0	154.0	90.0	131.0	98.0	106.0	112.0	95.0	110.0	105.0	120.0	163.0	142.0	132.0	183.0	111.0	92.0	120.0
373.876	103.0	97.0	141.0	119.0	90.0	121.0	82.0	93.0	107.0	88.0	90.0	83.0	98.0	124.0	103.0	105.0	137.0	97.0	87.0	104.0
373.987	98.0	100.0	130.0	106.0	87.0	122.0	80.0	101.0	107.0	86.0	90.0	84.0	88.0	111.0	93.0	97.0	119.0	84.0	90.0	97.0
374.098	99.0	98.0	145.0	107.0	90.0	124.0	80.0	105.0	109.0	89.0	92.0	94.0	98.0	106.0	100.0	92.0	124.0	89.0	97.0	95.0
374.209	105.0	99.0	141.0	106.0	84.0	124.0	82.0	102.0	101.0	86.0	87.0	90.0	94.0	114.0	98.0	91.0	132.0	80.0	90.0	99.0
374.32	107.0	101.0	142.0	115.0	87.0	128.0	82.0	109.0	108.0	91.0	98.0	90.0	96.0	121.0	101.0	99.0	130.0	89.0	84.0	110.0
374.431	106.0	98.0	139.0	110.0	90.0	135.0	84.0	113.0	106.0	88.0	94.0	84.0	94.0	110.0	99.0	96.0	135.0	90.0	84.0	111.0
374.543	94.0	90.0	142.0	104.0	89.0	126.0	85.0	98.0	106.0	87.0	91.0	84.0	93.0	105.0	90.0	100.0	124.0	90.0	88.0	105.0
374.654	128.0	131.0	200.0	144.0	101.0	164.0	91.0	124.0	105.0	106.0	99.0	93.0	110.0	164.0	130.0	136.0	154.0	98.0	94.0	129.0
374.765	157.0	158.0	238.0	166.0	104.0	185.0	105.0	131.0	109.0	114.0	121.0	101.0	131.0	178.0	159.0	139.0	172.0	102.0	94.0	152.0
374.876	130.0	137.0	200.0	151.0	98.0	162.0	92.0	122.0	115.0	96.0	114.0	97.0	109.0	149.0	138.0	126.0	155.0	95.0	97.0	130.0
374.987	102.0	111.0	154.0	128.0	92.0	132.0	86.0	107.0	106.0	84.0	98.0	90.0	96.0	126.0	113.0	102.0	146.0	96.0	93.0	103.0
375.098	100.0	103.0	152.0	130.0	87.0	118.0	92.0	104.0	108.0	94.0	98.0	93.0	102.0	130.0	113.0	114.0	162.0	104.0	89.0	97.0
375.209	126.0	141.0	176.0	200.0	103.0	144.0	118.0	108.0	116.0	108.0	139.0	120.0	138.0	196.0	169.0	164.0	241.0	140.0	107.0	127.0
375.32	252.0	303.0	331.0	505.0	121.0	215.0	232.0	153.0	120.0	191.0	274.0	252.0	298.0	461.0	414.0	350.0	569.0	314.0	152.0	253.0
375.431	224.0	265.0	312.0	451.0	114.0	194.0	203.0	135.0	104.0	174.0	243.0	232.0	270.0	425.0	371.0	336.0	537.0	284.0	144.0	228.0
375.542	278.0	328.0	378.0	561.0	112.0	221.0	257.0	144.0	104.0	209.0	296.0	278.0	321.0	522.0	472.0	402.0	669.0	343.0	156.0	267.0
375.654	200.0	215.0	270.0	378.0	106.0	177.0	173.0	124.0	104.0	153.0	209.0	192.0	221.0	349.0	305.0	269.0	452.0	230.0	120.0	187.0
375.765	141.0	146.0	189.0	233.0	95.0	144.0	125.0	116.0	108.0	121.0	152.0	134.0	143.0	213.0	194.0	176.0	260.0	152.0	104.0	138.0
375.876	129.0	129.0	169.0	165.0	114.0	158.0	123.0	131.0	146.0	121.0	131.0	133.0	136.0	157.0	147.0	151.0	194.0	135.0	129.0	132.0
375.987	94.0	94.0	127.0	106.0	83.0	121.0	84.0	101.0	105.0	91.0	86.0	88.0	97.0	113.0	105.0	97.0	136.0	94.0	92.0	94.0
376.098	90.0	90.0	130.0	105.0	85.0	114.0	83.0	100.0	106.0	91.0	92.0	83.0	91.0	107.0	100.0	94.0	134.0	89.0	93.0	99.0
376.209	88.0	92.0	121.0	99.0	79.0	121.0	79.0	98.0	108.0	85.0	92.0	80.0	84.0	95.0	97.0	89.0	121.0	89.0	79.0	88.0
376.32	85.0	91.0	118.0	102.0	95.0	119.0	80.0	92.0	114.0	86.0	86.0	89.0	89.0	96.0	86.0	85.0	126.0	84.0	88.0	86.0
376.432	77.0	88.0	122.0	93.0	81.0	113.0	75.0	89.0	99.0	79.0	80.0	83.0	84.0	104.0	93.0	89.0	121.0	84.0	86.0	85.0
376.543	100.0	103.0	146.0	112.0	90.0	124.0	80.0	105.0	108.0	87.0	86.0	88.0	92.0	120.0	105.0	101.0	133.0	89.0	90.0	102.0
376.654	104.0	101.0	154.0	107.0	89.0	134.0	82.0	96.0	106.0	90.0	93.0	77.0	92.0	116.0	102.0	100.0	130.0	82.0	81.0	100.0
376.765	91.0	84.0	123.0	92.0	87.0	120.0	82.0	94.0	105.0	79.0	87.0	84.0	82.0	99.0	90.0	84.0	115.0	80.0	82.0	84.0
376.876	78.0	80.0	117.0	87.0	83.0	114.0	74.0	88.0	102.0	81.0	81.0	80.0	86.0	94.0	84.0	82.0	110.0	82.0	81.0	81.0
376.987	82.0	92.0	117.0	90.0	84.0	108.0	75.0	90.0	106.0	76.0	84.0	82.0	86.0	103.0	83.0	92.0	122.0	83.0	90.0	86.0
377.099	83.0	81.0	117.0	88.0	83.0	107.0	71.0	89.0	105.0	77.0	84.0	76.0	82.0	94.0	86.0	85.0	115.0	79.0	85.0	78.0
377.21	84.0	88.0	117.0	90.0	85.0	112.0	79.0	89.0	104.0	79.0	85.0	79.0	84.0	86.0	84.0	83.0	117.0	91.0	86.0	76.0
377.321	79.0	80.0	120.0	87.0	81.0	111.0	70.0	84.0	106.0	80.0	76.0	75.0	79.0	86.0	86.0	86.0	113.0	79.0	83.0	81.0
377.432	87.0	89.0	129.0	94.0	90.0	127.0	81.0	102.0	114.0	88.0	86.0	85.0	86.0	105.0	90.0	90.0	123.0	90.0	95.0	88.0
377.543	80.0	86.0	115.0	87.0	79.0	109.0	78.0	93.0	109.0	82.0	78.0	73.0	81.0	92.0	82.0	91.0	111.0	84.0	80.0	86.0
377.655	75.0	81.0	115.0	88.0	81.0	112.0	71.0	91.0	100.0	75.0	83.0	77.0	75.0	85.0	81.0	79.0	102.0	78.0	81.0	82.0
377.766	76.0	77.0	114.0	88.0	82.0	116.0	64.0	94.0	102.0	75.0	78.0	80.0	82.0	82.0	79.0	85.0	109.0	77.0	79.0	83.0
377.877	82.0	80.0	122.0	85.0	86.0	114.0	76.0	88.0	109.0	82.0	79.0	80.0	80.0	88.0	84.0	85.0	109.0	82.0	81.0	81.0
377.988	116.0	117.0	171.0	118.0	86.0	143.0	91.0	109.0	112.0	95.0	99.0	88.0	91.0	122.0	114.0	108.0	135.0	93.0	86.0	108.0
378.099	103.0	106.0	152.0	114.0	89.0	136.0	83.0	104.0	106.0	93.0	93.0	82.0	90.0	110.0	105.0	98.0	120.0	80.0	83.0	100.0
378.211	97.0	93.0	138.0	94.0	86.0	123.0	79.0	97.0	105.0	83.0	80.0	80.0	85.0	100.0	87.0	91.0	115.0	83.0	87.0	92.0
378.322	91.0	99.0	140.0	94.0	85.0	118.0	81.0	94.0	102.0	82.0	84.0	83.0	90.0	102.0	97.0	92.0	116.0	87.0	95.0	91.0
378.433	104.0	106.0	141.0	110.0	100.0	135.0	95.0	109.0	126.0	99.0	98.0	99.0	100.0	116.0	112.0	101.0	128.0	97.0	105.0	104.0
378.544	84.0	91.0	121.0	89.0	80.0	118.0	76.0	91.0	110.0	86.0	81.0	76.0	78.0	90.0	87.0	87.0	106.0	85.0	82.0	73.0
378.656	84.0	87.0	125.0	84.0	85.0	118.0	68.0	96.0	108.0	76.0	81.0	83.0	85.0	87.0	85.0	88.0	111.0	82.0	90.0	78.0
378.767	75.0	83.0	120.0	80.0	84.0	111.0	72.0	89.0	106.0	82.0	78.0	82.0	81.0	99.0	85.0	86.0	110.0	86.0	82.0	81.0
378.878	88.0	90.0	121.0	93.0	81.0	121.0	78.0	96.0	102.0	85.0	88.0	78.0	82.0	94.0	91.0	85.0	113.0	85.0	90.0	86.0
378.989	90.0	88.0	122.0	85.0	80.0	115.0	76.0	86.0	106.0	86.0	88.0	75.0	82.0	94.0	84.0	77.0	112.0	83.0	83.0	83.0
379.101	83.0	83.0	123.0	93.0	86.0	113.0	72.0	90.0	103.0	84.0	82.0	82.0	80.0	92.0	87.0	94.0	112.0	83.0	83.0	90.0
379.212	82.0	89.0	122.0	89.0	84.0	116.0	74.0	96.0	108.0	74.0	82.0	81.0	83.0	94.0	82.0	91.0	110.0	80.0	89.0	88.0
379.323	94.0	89.0	118.0	93.0	87.0	124.0	78.0	98.0	108.0	80.0	86.0	86.0	84.0	94.0	89.0	81.0	116.0	86.0	85.0	83.0
379.434	84.0	94.0	118.0	97.0	91.0	120.0	77.0	97.0	107.0	84.0	88.0	79.0	83.0	94.0	85.0	85.0	113.0	85.0	90.0	92.0
379.546	88.0	88.0	122.0	96.0	89.0	118.0	81.0	98.0	104.0	78.0	81.0	82.0	85.0	101.0	91.0	87.0	113.0	81.0	91.0	88.0
379.657	76.0	80.0	122.0	81.0	82.0	118.0	66.0	92.0	107.0	78.0	78.0	77.0	82.0	93.0	88.0	88.0	110.0	83.0	85.0	82.0
379.768	73.0	86.0	112.0	86.0	81.0	104.0	80.0	93.0	110.0	84.0	78.0	81.0	75.0	83.0	87.0	84.0	116.0	82.0	84.0	81.0
379.88	83.0	84.0	123.0	91.0	80.0	117.0	71.0	96.0	109.0	84.0	83.0	74.0	83.0	86.0	81.0	81.0	103.0	82.0	82.0	79.0
379.991	89.0	85.0	124.0	92.0	86.0	124.0	82.0	97.0	108.0	82.0	84.0	85.0	88.0	94.0	88.0	85.0	111.0	79.0	83.0	92.0
380.102	87.0	85.0	126.0	89.0	78.0	111.0	76.0	95.0	102.0	80.0	76.0	82.0	85.0	93.0	84.0	89.0	111.0	80.0	91.0	89.0
380.213	87.0	83.0	117.0	84.0	79.0	108.0	76.0	89.0	102.0	79.0	80.0	76.0	77.0	91.0	87.0	82.0	114.0	81.0	86.0	83.0
380.325	83.0	84.0	116.0	90.0	78.0	112.0	79.0	94.0	106.0	82.0	81.0	74.0	74.0	88.0	83.0	80.0	110.0	79.0	80.0	82.0
380.436	91.0	82.0	113.0	92.0	85.0	117.0	78.0	91.0	107.0	82.0	80.0	86.0	86.0	92.0	89.0	84.0	107.0	84.0	84.0	84.0
380.547	86.0	84.0	122.0	85.0	79.0	113.0	74.0	94.0	103.0	78.0	81.0	86.0	90.0	88.0	87.0	82.0	110.0	83.0	89.0	88.0
380.659	86.0	91.0	131.0	90.0	74.0	118.0	79.0	94.0	109.0	78.0	84.0	81.0	91.0	104.0	92.0	86.0	122.0	85.0	86.0	93.0
380.77	86.0	87.0	125.0	96.0	85.0	121.0	81.0	97.0	103.0	85.0	89.0	83.0	84.0	98.0	90.0	86.0	118.0	86.0	83.0	88.0
380.881	95.0	94.0	124.0	102.0	88.0	125.0	79.0	98.0	104.0	86.0	90.0	84.0	89.0	103.0	94.0	85.0	122.0	87.0	89.0	95.0
380.993	98.0	91.0	132.0	96.0	89.0	118.0	82.0	104.0	108.0	88.0	82.0	88.0	85.0	101.0	87.0	84.0	115.0	78.0	93.0	101.0
381.104	100.0	100.0	128.0	97.0	88.0	123.0	81.0	104.0	106.0	88.0	85.0	88.0	88.0	105.0	94.0	95.0	120.0	89.0	82.0	103.0
381.215	87.0	90.0	135.0	96.0	82.0	124.0	77.0	96.0	108.0	86.0	83.0	80.0	80.0	97.0	95.0	89.0	115.0	78.0	86.0	89.0
381.327	92.0	90.0	133.0	96.0	82.0	125.0	69.0	102.0	103.0	80.0	81.0	85.0	84.0	98.0	82.0	92.0	114.0	76.0	82.0	92.0
381.438	101.0	98.0	131.0	99.0	86.0	126.0	74.0	110.0	109.0	90.0	86.0	94.0	96.0	100.0	85.0	90.0	112.0	88.0	83.0	108.0
381.549	97.0	102.0	136.0	100.0	86.0	131.0	79.0	105.0	105.0	86.0	87.0	83.0	96.0	103.0	95.0	94.0	115.0	85.0	88.0	103.0
381.661	95.0	104.0	135.0	102.0	80.0	131.0	78.0	108.0	107.0	86.0	86.0	84.0	91.0	97.0	95.0	87.0	121.0	89.0	87.0	100.0
381.772	96.0	94.0	122.0	95.0	90.0	120.0	79.0	97.0	105.0	88.0	83.0	84.0	88.0	102.0	84.0	85.0	112.0	88.0	83.0	91.0
381.883	99.0	100.0	133.0	103.0	86.0	120.0	81.0	105.0	101.0	84.0	93.0	90.0	94.0	103.0	100.0	91.0	116.0	89.0	93.0	103.0
381.995	108.0	100.0	132.0	104.0	84.0	119.0	82.0	109.0	101.0	87.0	89.0	94.0	90.0	102.0	93.0	90.0	111.0	85.0	90.0	110.0
382.106	103.0	103.0	135.0	98.0	84.0	125.0	82.0	110.0	100.0	82.0	93.0	82.0	88.0	101.0	90.0	85.0	118.0	82.0	91.0	103.0
382.218	105.0	110.0	151.0	115.0	91.0	136.0	77.0	105.0	106.0	87.0	95.0	88.0	95.0	117.0	98.0	83.0	118.0	84.0	89.0	111.0
382.329	98.0	102.0	141.0	102.0	90.0	131.0	73.0	105.0	105.0	85.0	83.0	87.0	94.0	108.0	88.0	94.0	116.0	86.0	88.0	102.0
382.44	97.0	98.0	130.0	91.0	86.0	126.0	82.0	102.0	102.0	85.0	84.0	82.0	88.0	102.0	91.0	90.0	117.0	81.0	84.0	97.0
382.552	92.0	89.0	120.0	90.0	85.0	118.0	82.0	96.0	103.0	85.0	79.0	84.0	90.0	97.0	84.0	93.0	112.0	84.0	78.0	93.0
382.663	94.0	94.0	135.0	106.0	84.0	126.0	78.0	98.0	104.0	85.0	85.0	85.0	89.0	95.0	86.0	87.0	118.0	83.0	92.0	93.0
382.775	100.0	110.0	150.0	105.0	90.0	134.0	82.0	104.0	107.0	91.0	88.0	91.0	94.0	114.0	94.0	98.0	117.0	82.0	88.0	115.0
382.886	96.0	101.0	144.0	98.0	90.0	125.0	82.0	102.0	108.0	81.0	80.0	88.0	91.0	105.0	97.0	92.0	120.0	78.0	88.0	106.0
382.997	110.0	103.0	139.0	110.0	90.0	135.0	80.0	110.0	109.0	91.0	81.0	80.0	89.0	113.0	95.0	92.0	125.0	88.0	86.0	106.0
383.109	92.0	95.0	140.0	100.0	81.0	130.0	79.0	102.0	98.0	79.0	91.0	84.0	89.0	103.0	94.0	92.0	125.0	84.0	82.0	93.0
383.22	82.0	88.0	130.0	96.0	87.0	122.0	76.0	100.0	113.0	82.0	85.0	87.0	92.0	98.0	90.0	97.0	115.0	80.0	80.0	89.0
383.332	95.0	98.0	131.0	94.0	82.0	126.0	81.0	95.0	113.0	87.0	88.0	84.0	88.0	95.0	89.0	91.0	116.0	89.0	91.0	100.0
383.443	107.0	107.0	141.0	103.0	90.0	134.0	98.0	104.0	121.0	98.0	97.0	88.0	99.0	102.0	100.0	92.0	123.0	92.0	91.0	107.0
383.554	95.0	94.0	128.0	99.0	88.0	126.0	83.0	103.0	103.0	84.0	92.0	86.0	92.0	98.0	82.0	86.0	113.0	84.0	81.0	101.0
383.666	80.0	93.0	129.0	92.0	87.0	119.0	74.0	93.0	104.0	82.0	77.0	85.0	85.0	97.0	88.0	93.0	108.0	82.0	87.0	93.0
383.777	80.0	94.0	120.0	88.0	83.0	119.0	79.0	97.0	104.0	80.0	79.0	86.0	87.0	100.0	87.0	87.0	114.0	85.0	88.0	91.0
383.889	87.0	96.0	123.0	94.0	86.0	124.0	78.0	102.0	108.0	85.0	81.0	78.0	85.0	98.0	83.0	90.0	113.0	84.0	85.0	87.0
384.0	97.0	95.0	133.0	96.0	91.0	126.0	80.0	101.0	105.0	90.0	93.0	80.0	90.0	102.0	92.0	86.0	113.0	77.0	91.0	93.0
384.112	96.0	96.0	135.0	94.0	89.0	127.0	76.0	107.0	104.0	87.0	91.0	87.0	95.0	106.0	89.0	95.0	114.0	83.0	87.0	96.0
384.223	94.0	98.0	135.0	93.0	80.0	117.0	77.0	104.0	110.0	90.0	88.0	84.0	92.0	105.0	87.0	91.0	115.0	81.0	88.0	93.0
384.335	98.0	99.0	139.0	100.0	87.0	125.0	81.0	109.0	111.0	92.0	85.0	89.0	93.0	97.0	94.0	91.0	114.0	80.0	88.0	104.0
384.446	104.0	102.0	130.0	104.0	90.0	133.0	86.0	110.0	104.0	92.0	92.0	88.0	99.0	95.0	89.0	87.0	116.0	84.0	89.0	103.0
384.558	95.0	103.0	136.0	102.0	93.0	128.0	86.0	107.0	113.0	89.0	91.0	88.0	95.0	106.0	89.0	98.0	115.0	83.0	90.0	103.0
384.669	99.0	109.0	148.0	106.0	89.0	132.0	80.0	99.0	109.0	86.0	86.0	88.0	96.0	107.0	96.0	96.0	121.0	83.0	87.0	98.0
384.78	115.0	116.0	167.0	118.0	92.0	150.0	88.0	116.0	103.0	96.0	93.0	94.0	100.0	124.0	99.0	101.0	125.0	83.0	84.0	116.0
384.892	102.0	100.0	146.0	106.0	89.0	136.0	81.0	107.0	105.0	84.0	87.0	90.0	91.0	104.0	94.0	94.0	114.0	85.0	85.0	105.0
385.003	127.0	127.0	165.0	124.0	117.0	154.0	103.0	123.0	132.0	107.0	111.0	110.0	117.0	123.0	118.0	114.0	137.0	114.0	114.0	128.0
385.115	109.0	110.0	153.0	106.0	89.0	133.0	83.0	112.0	108.0	96.0	94.0	92.0	94.0	106.0	100.0	93.0	120.0	84.0	88.0	110.0
385.226	102.0	108.0	150.0	107.0	79.0	136.0	81.0	109.0	109.0	86.0	89.0	86.0	95.0	115.0	103.0	95.0	122.0	79.0	85.0	112.0
385.338	106.0	103.0	141.0	106.0	92.0	143.0	84.0	114.0	102.0	87.0	98.0	88.0	100.0	109.0	96.0	85.0	113.0	88.0	88.0	113.0
385.449	132.0	133.0	168.0	127.0	114.0	166.0	103.0	140.0	129.0	112.0	116.0	116.0	117.0	128.0	118.0	112.0	140.0	111.0	110.0	131.0
385.561	105.0	107.0	147.0	104.0	96.0	138.0	86.0	112.0	117.0	90.0	89.0	94.0	89.0	107.0	96.0	105.0	122.0	86.0	92.0	105.0
385.672	106.0	109.0	152.0	104.0	95.0	142.0	83.0	110.0	109.0	90.0	92.0	93.0	90.0	112.0	102.0	101.0	117.0	88.0	95.0	106.0
385.784	105.0	106.0	137.0	104.0	93.0	133.0	81.0	105.0	107.0	93.0	89.0	84.0	92.0	107.0	93.0	97.0	118.0	84.0	87.0	99.0
385.895	97.0	100.0	141.0	103.0	92.0	126.0	79.0	100.0	104.0	84.0	91.0	84.0	88.0	106.0	100.0	91.0	114.0	74.0	84.0	98.0
386.007	106.0	108.0	162.0	115.0	92.0	136.0	78.0	105.0	111.0	92.0	92.0	86.0	98.0	121.0	104.0	104.0	128.0	82.0	86.0	103.0
386.118	112.0	112.0	153.0	110.0	86.0	137.0	85.0	106.0	109.0	93.0	97.0	87.0	91.0	116.0	100.0	96.0	121.0	90.0	86.0	111.0
386.23	122.0	126.0	167.0	118.0	82.0	158.0	84.0	113.0	101.0	89.0	92.0	89.0	103.0	124.0	107.0	94.0	130.0	86.0	82.0	112.0
386.342	117.0	114.0	165.0	118.0	89.0	153.0	86.0	114.0	107.0	87.0	103.0	92.0	105.0	122.0	107.0	97.0	121.0	83.0	84.0	108.0
386.453	112.0	109.0	151.0	108.0	92.0	138.0	82.0	111.0	107.0	92.0	80.0	89.0	100.0	114.0	91.0	93.0	119.0	84.0	93.0	111.0
386.565	111.0	100.0	153.0	107.0	88.0	140.0	89.0	116.0	104.0	91.0	84.0	88.0	92.0	109.0	92.0	87.0	115.0	91.0	84.0	109.0
386.676	107.0	108.0	148.0	113.0	91.0	140.0	83.0	108.0	103.0	93.0	90.0	82.0	91.0	109.0	98.0	89.0	125.0	87.0	90.0	102.0
386.788	94.0	97.0	144.0	108.0	86.0	129.0	80.0	94.0	101.0	86.0	88.0	80.0	96.0	110.0	98.0	96.0	115.0	79.0	84.0	97.0
386.899	97.0	113.0	153.0	104.0	95.0	136.0	81.0	111.0	112.0	92.0	93.0	88.0	96.0	116.0	105.0	94.0	124.0	85.0	92.0	110.0
387.011	96.0	96.0	148.0	94.0	84.0	126.0	80.0	99.0	103.0	91.0	82.0	84.0	87.0	104.0	94.0	97.0	122.0	89.0	87.0	98.0
387.122	96.0	94.0	136.0	103.0	85.0	126.0	77.0	99.0	101.0	91.0	84.0	85.0	90.0	94.0	96.0	91.0	119.0	85.0	83.0	96.0
387.234	91.0	97.0	140.0	100.0	86.0	125.0	78.0	97.0	111.0	84.0	85.0	91.0	93.0	97.0	88.0	94.0	116.0	81.0	85.0	96.0
387.345	126.0	125.0	170.0	123.0	112.0	153.0	110.0	131.0	132.0	117.0	109.0	113.0	123.0	138.0	121.0	120.0	150.0	113.0	112.0	126.0
387.457	117.0	111.0	157.0	112.0	85.0	142.0	84.0	116.0	107.0	95.0	92.0	94.0	98.0	128.0	105.0	101.0	123.0	86.0	92.0	109.0
387.569	157.0	160.0	214.0	150.0	101.0	187.0	95.0	132.0	101.0	111.0	119.0	102.0	116.0	161.0	132.0	121.0	152.0	93.0	93.0	153.0
387.68	176.0	179.0	227.0	165.0	100.0	200.0	101.0	149.0	104.0	112.0	125.0	113.0	138.0	173.0	133.0	127.0	149.0	93.0	94.0	172.0
387.792	122.0	117.0	169.0	120.0	100.0	143.0	80.0	109.0	114.0	96.0	98.0	92.0	106.0	124.0	101.0	103.0	126.0	90.0	95.0	113.0
387.903	87.0	91.0	131.0	92.0	79.0	119.0	79.0	97.0	106.0	78.0	79.0	79.0	84.0	101.0	87.0	84.0	113.0	80.0	85.0	76.0
388.015	97.0	95.0	124.0	100.0	80.0	126.0	82.0	104.0	101.0	86.0	84.0	87.0	82.0	96.0	91.0	90.0	119.0	78.0	84.0	96.0
388.127	86.0	85.0	116.0	89.0	89.0	117.0	77.0	87.0	101.0	82.0	85.0	79.0	81.0	95.0	80.0	83.0	106.0	81.0	77.0	92.0
388.238	82.0	80.0	124.0	86.0	85.0	110.0	72.0	93.0	102.0	79.0	79.0	76.0	80.0	97.0	83.0	85.0	108.0	79.0	88.0	82.0
388.35	82.0	91.0	129.0	93.0	82.0	111.0	70.0	92.0	109.0	81.0	77.0	82.0	81.0	92.0	91.0	86.0	112.0	79.0	91.0	88.0
388.461	79.0	83.0	117.0	85.0	76.0	113.0	77.0	86.0	102.0	81.0	82.0	74.0	73.0	89.0	87.0	86.0	116.0	81.0	86.0	78.0
388.573	84.0	86.0	119.0	90.0	86.0	114.0	78.0	95.0	100.0	78.0	81.0	73.0	82.0	89.0	83.0	82.0	114.0	81.0	84.0	87.0
388.685	82.0	85.0	121.0	87.0	88.0	109.0	73.0	92.0	108.0	77.0	79.0	77.0	93.0	88.0	80.0	86.0	115.0	80.0	91.0	85.0
388.796	88.0	93.0	128.0	95.0	78.0	115.0	76.0	90.0	112.0	78.0	86.0	80.0	84.0	97.0	93.0	93.0	119.0	83.0	86.0	90.0
388.908	100.0	96.0	136.0	100.0	85.0	123.0	84.0	100.0	112.0	89.0	92.0	83.0	89.0	100.0	95.0	90.0	120.0	83.0	92.0	99.0
389.019	84.0	87.0	119.0	93.0	82.0	122.0	78.0	86.0	109.0	78.0	81.0	75.0	81.0	89.0	87.0	83.0	115.0	84.0	79.0	80.0
389.131	76.0	81.0	126.0	95.0	84.0	105.0	75.0	84.0	107.0	80.0	75.0	81.0	85.0	92.0	85.0	90.0	117.0	79.0	80.0	83.0
389.243	80.0	89.0	132.0	94.0	84.0	111.0	85.0	94.0	107.0	83.0	81.0	81.0	86.0	94.0	92.0	92.0	126.0	85.0	87.0	88.0
389.354	105.0	105.0	150.0	128.0	86.0	125.0	95.0	97.0	101.0	87.0	94.0	93.0	94.0	133.0	116.0	114.0	168.0	102.0	95.0	103.0
389.466	138.0	153.0	192.0	199.0	96.0	155.0	112.0	107.0	106.0	111.0	138.0	119.0	140.0	201.0	169.0	150.0	231.0	123.0	104.0	134.0
389.578	92.0	98.0	133.0	115.0	78.0	117.0	79.0	94.0	101.0	86.0	92.0	86.0	97.0	121.0	103.0	105.0	148.0	89.0	90.0	90.0
389.689	85.0	81.0	124.0	86.0	84.0	115.0	82.0	91.0	108.0	74.0	82.0	84.0	83.0	97.0	93.0	88.0	118.0	83.0	86.0	82.0
389.801	100.0	108.0	159.0	114.0	85.0	134.0	90.0	104.0	112.0	90.0	90.0	85.0	90.0	120.0	109.0	107.0	127.0	90.0	84.0	108.0
389.912	106.0	108.0	154.0	119.0	94.0	136.0	82.0	103.0	108.0	93.0	96.0	91.0	98.0	120.0	107.0	105.0	136.0	87.0	89.0	100.0
390.024	80.0	87.0	125.0	92.0	88.0	108.0	73.0	92.0	111.0	87.0	78.0	79.0	84.0	97.0	89.0	86.0	120.0	86.0	85.0	88.0
390.136	80.0	82.0	116.0	81.0	80.0	109.0	72.0	87.0	108.0	75.0	76.0	77.0	81.0	87.0	84.0	82.0	113.0	82.0	84.0	76.0
390.247	86.0	76.0	115.0	85.0	82.0	111.0	68.0	86.0	102.0	77.0	71.0	76.0	75.0	82.0	85.0	79.0	121.0	85.0	86.0	80.0
390.359	75.0	80.0	116.0	87.0	80.0	107.0	72.0	82.0	105.0	70.0	79.0	70.0	75.0	89.0	86.0	80.0	105.0	76.0	85.0	74.0
390.471	79.0	80.0	118.0	86.0	86.0	118.0	71.0	90.0	109.0	79.0	84.0	79.0	85.0	94.0	87.0	85.0	111.0	78.0	84.0	87.0
390.582	76.0	92.0	119.0	91.0	81.0	111.0	74.0	91.0	111.0	81.0	82.0	79.0	83.0	102.0	92.0	93.0	126.0	90.0	92.0	86.0
390.694	104.0	124.0	150.0	140.0	83.0	122.0	93.0	94.0	106.0	96.0	101.0	101.0	105.0	154.0	129.0	118.0	182.0	108.0	94.0	110.0
390.806	110.0	116.0	160.0	142.0	87.0	132.0	95.0	94.0	106.0	100.0	102.0	90.0	99.0	127.0	121.0	110.0	162.0	92.0	85.0	103.0
390.918	82.0	87.0	127.0	97.0	84.0	117.0	76.0	93.0	103.0	80.0	80.0	83.0	86.0	103.0	94.0	91.0	125.0	85.0	84.0	83.0
391.029	85.0	87.0	125.0	98.0	84.0	117.0	84.0	94.0	113.0	84.0	83.0	89.0	89.0	97.0	92.0	89.0	118.0	94.0	89.0	90.0
391.141	77.0	85.0	114.0	86.0	81.0	113.0	78.0	85.0	109.0	83.0	85.0	72.0	83.0	96.0	87.0	86.0	114.0	83.0	82.0	76.0
391.253	80.0	80.0	115.0	89.0	82.0	111.0	82.0	94.0	103.0	88.0	82.0	77.0	76.0	93.0	89.0	86.0	112.0	79.0	88.0	73.0
391.364	79.0	76.0	120.0	87.0	79.0	108.0	76.0	94.0	105.0	82.0	82.0	76.0	79.0	87.0	87.0	83.0	113.0	76.0	83.0	81.0
391.476	91.0	85.0	128.0	90.0	88.0	120.0	74.0	96.0	114.0	81.0	84.0	80.0	84.0	93.0	88.0	94.0	111.0	82.0	83.0	82.0
391.588	89.0	88.0	124.0	88.0	75.0	111.0	77.0	94.0	103.0	77.0	81.0	75.0	80.0	92.0	90.0	89.0	118.0	85.0	84.0	83.0
391.699	83.0	80.0	114.0	84.0	79.0	114.0	80.0	86.0	102.0	80.0	76.0	74.0	79.0	89.0	84.0	84.0	109.0	82.0	85.0	79.0
391.811	101.0	109.0	144.0	112.0	86.0	135.0	77.0	97.0	105.0	90.0	89.0	84.0	92.0	111.0	104.0	102.0	123.0	87.0	85.0	101.0
391.923	87.0	87.0	131.0	94.0	84.0	120.0	77.0	96.0	110.0	79.0	78.0	76.0	81.0	100.0	94.0	95.0	118.0	78.0	83.0	87.0
392.035	82.0	88.0	125.0	90.0	73.0	118.0	76.0	91.0	105.0	78.0	83.0	77.0	78.0	90.0	92.0	90.0	115.0	83.0	87.0	87.0
392.146	89.0	79.0	115.0	82.0	83.0	112.0	82.0	88.0	103.0	77.0	77.0	76.0	81.0	91.0	91.0	85.0	108.0	81.0	86.0	83.0
392.258	86.0	95.0	126.0	103.0	89.0	124.0	86.0	98.0	108.0	92.0	89.0	88.0	93.0	107.0	98.0	95.0	114.0	86.0	95.0	84.0
392.37	105.0	101.0	158.0	113.0	93.0	143.0	91.0	115.0	121.0	100.0	102.0	95.0	105.0	116.0	114.0	106.0	129.0	89.0	96.0	108.0
392.481	87.0	84.0	128.0	88.0	78.0	116.0	78.0	91.0	108.0	79.0	85.0	85.0	84.0	96.0	85.0	89.0	114.0	81.0	80.0	88.0
392.593	88.0	86.0	120.0	91.0	79.0	117.0	77.0	87.0	107.0	76.0	79.0	80.0	85.0	93.0	88.0	87.0	118.0	78.0	86.0	78.0
392.705	81.0	101.0	129.0	104.0	86.0	123.0	81.0	93.0	111.0	85.0	88.0	82.0	112.0	103.0	90.0	91.0	123.0	88.0	81.0	92.0
392.817	82.0	94.0	121.0	101.0	77.0	116.0	77.0	95.0	106.0	85.0	81.0	86.0	103.0	98.0	93.0	95.0	116.0	77.0	84.0	92.0
392.928	81.0	81.0	118.0	85.0	76.0	108.0	76.0	81.0	108.0	87.0	76.0	78.0	87.0	85.0	84.0	85.0	114.0	81.0	85.0	83.0
393.04	85.0	80.0	116.0	84.0	88.0	115.0	72.0	88.0	107.0	79.0	78.0	76.0	80.0	87.0	87.0	87.0	111.0	80.0	85.0	78.0
393.152	82.0	84.0	114.0	88.0	79.0	111.0	77.0	85.0	98.0	73.0	74.0	72.0	79.0	92.0	79.0	85.0	109.0	81.0	82.0	78.0
393.264	71.0	72.0	109.0	79.0	78.0	106.0	67.0	86.0	106.0	80.0	78.0	77.0	80.0	89.0	80.0	78.0	103.0	74.0	81.0	81.0
393.375	70.0	66.0	111.0	78.0	71.0	108.0	71.0	88.0	100.0	81.0	72.0	76.0	82.0	87.0	76.0	76.0	106.0	85.0	85.0	80.0
393.487	75.0	84.0	114.0	82.0	78.0	110.0	72.0	85.0	102.0	75.0	71.0	72.0	77.0	79.0	75.0	82.0	110.0	77.0	87.0	75.0
393.599	78.0	79.0	108.0	84.0	84.0	107.0	74.0	81.0	105.0	72.0	80.0	75.0	80.0	82.0	78.0	83.0	107.0	76.0	85.0	77.0
393.711	97.0	94.0	131.0	97.0	91.0	125.0	90.0	106.0	108.0	82.0	91.0	89.0	95.0	97.0	82.0	84.0	112.0	83.0	86.0	108.0
393.823	95.0	92.0	124.0	101.0	84.0	122.0	75.0	108.0	104.0	81.0	89.0	82.0	89.0	100.0	86.0	78.0	110.0	80.0	82.0	107.0
393.934	84.0	78.0	114.0	82.0	79.0	113.0	73.0	93.0	97.0	85.0	83.0	74.0	80.0	87.0	82.0	77.0	111.0	75.0	91.0	87.0
394.046	83.0	91.0	120.0	96.0	75.0	112.0	81.0	88.0	105.0	78.0	81.0	74.0	82.0	92.0	90.0	84.0	113.0	76.0	84.0	85.0
394.158	107.0	102.0	161.0	109.0	87.0	139.0	84.0	99.0	109.0	89.0	93.0	80.0	97.0	117.0	106.0	99.0	128.0	81.0	85.0	107.0
394.27	112.0	108.0	163.0	108.0	85.0	140.0	78.0	108.0	107.0	92.0	94.0	86.0	93.0	123.0	107.0	102.0	126.0	92.0	89.0	104.0
394.381	83.0	82.0	123.0	83.0	69.0	113.0	76.0	89.0	108.0	80.0	79.0	76.0	85.0	85.0	88.0	82.0	115.0	78.0	84.0	88.0
394.493	81.0	79.0	109.0	77.0	74.0	109.0	72.0	76.0	107.0	65.0	75.0	73.0	81.0	77.0	80.0	84.0	111.0	75.0	83.0	74.0
394.605	72.0	81.0	121.0	80.0	84.0	101.0	70.0	82.0	107.0	75.0	73.0	74.0	81.0	91.0	79.0	80.0	105.0	74.0	77.0	71.0
394.717	110.0	109.0	141.0	112.0	105.0	134.0	107.0	117.0	137.0	103.0	109.0	106.0	109.0	118.0	116.0	110.0	136.0	102.0	117.0	102.0
394.829	85.0	80.0	113.0	88.0	80.0	112.0	80.0	84.0	97.0	81.0	83.0	77.0	75.0	86.0	85.0	84.0	109.0	82.0	83.0	82.0
394.94	99.0	105.0	141.0	110.0	88.0	126.0	83.0	101.0	104.0	86.0	96.0	81.0	92.0	107.0	108.0	96.0	127.0	82.0	90.0	103.0
395.052	108.0	102.0	154.0	106.0	89.0	133.0	76.0	90.0	106.0	85.0	84.0	84.0	94.0	112.0	97.0	97.0	119.0	75.0	84.0	105.0
395.164	112.0	116.0	165.0	115.0	93.0	148.0	91.0	109.0	113.0	99.0	103.0	91.0	101.0	132.0	116.0	117.0	138.0	90.0	89.0	114.0
395.276	98.0	102.0	137.0	105.0	76.0	130.0	80.0	94.0	108.0	89.0	84.0	76.0	90.0	111.0	100.0	95.0	125.0	87.0	85.0	99.0
395.388	92.0	92.0	132.0	98.0	86.0	121.0	82.0	92.0	111.0	83.0	86.0	80.0	85.0	93.0	90.0	85.0	114.0	84.0	88.0	91.0
395.5	119.0	117.0	144.0	108.0	89.0	134.0	93.0	121.0	113.0	96.0	98.0	96.0	107.0	109.0	90.0	90.0	118.0	92.0	87.0	137.0
395.611	110.0	110.0	151.0	108.0	86.0	136.0	81.0	109.0	109.0	93.0	92.0	86.0	101.0	106.0	96.0	94.0	114.0	89.0	85.0	122.0
395.723	101.0	98.0	143.0	100.0	87.0	128.0	79.0	93.0	105.0	85.0	90.0	80.0	87.0	99.0	100.0	88.0	116.0	83.0	89.0	98.0
395.835	90.0	88.0	127.0	92.0	80.0	116.0	77.0	86.0	103.0	79.0	84.0	77.0	79.0	95.0	87.0	85.0	110.0	76.0	80.0	86.0
395.947	79.0	83.0	112.0	85.0	84.0	116.0	71.0	89.0	105.0	72.0	84.0	77.0	82.0	81.0	85.0	93.0	107.0	75.0	77.0	86.0
396.059	79.0	75.0	116.0	78.0	69.0	110.0	69.0	84.0	108.0	78.0	75.0	72.0	74.0	89.0	78.0	82.0	106.0	82.0	82.0	78.0
396.171	88.0	90.0	119.0	90.0	74.0	122.0	84.0	95.0	116.0	85.0	86.0	82.0	94.0	91.0	89.0	86.0	116.0	90.0	91.0	90.0
396.282	78.0	79.0	116.0	82.0	75.0	110.0	71.0	76.0	105.0	81.0	77.0	76.0	84.0	83.0	78.0	81.0	104.0	79.0	81.0	75.0
396.394	77.0	80.0	116.0	83.0	84.0	104.0	78.0	92.0	111.0	75.0	80.0	82.0	83.0	89.0	78.0	82.0	111.0	82.0	80.0	83.0
396.506	76.0	82.0	112.0	81.0	77.0	109.0	73.0	88.0	107.0	79.0	78.0	73.0	82.0	86.0	77.0	87.0	106.0	83.0	84.0	82.0
396.618	75.0	78.0	109.0	79.0	74.0	101.0	75.0	86.0	97.0	74.0	74.0	81.0	74.0	81.0	78.0	89.0	108.0	76.0	76.0	79.0
396.73	81.0	78.0	112.0	76.0	79.0	106.0	72.0	82.0	105.0	74.0	80.0	77.0	77.0	88.0	76.0	83.0	106.0	72.0	86.0	87.0
396.842	70.0	80.0	117.0	79.0	79.0	110.0	71.0	83.0	103.0	72.0	81.0	75.0	82.0	81.0	80.0	84.0	101.0	68.0	84.0	75.0
396.954	81.0	73.0	113.0	78.0	78.0	110.0	71.0	84.0	111.0	81.0	81.0	77.0	76.0	89.0	82.0	81.0	108.0	78.0	78.0	76.0
397.065	82.0	77.0	115.0	86.0	74.0	115.0	75.0	86.0	106.0	83.0	81.0	81.0	81.0	81.0	86.0	82.0	106.0	81.0	86.0	84.0
397.177	79.0	80.0	103.0	85.0	82.0	108.0	77.0	81.0	111.0	79.0	81.0	76.0	85.0	86.0	81.0	85.0	111.0	78.0	81.0	80.0
397.289	71.0	72.0	114.0	80.0	83.0	107.0	74.0	78.0	101.0	73.0	75.0	70.0	75.0	84.0	70.0	72.0	108.0	79.0	76.0	70.0
397.401	80.0	84.0	121.0	88.0	80.0	117.0	77.0	82.0	112.0	78.0	73.0	77.0	82.0	97.0	84.0	92.0	108.0	83.0	77.0	81.0
397.513	97.0	100.0	146.0	106.0	79.0	130.0	85.0	94.0	105.0	86.0	88.0	83.0	80.0	111.0	106.0	94.0	127.0	89.0	86.0	96.0
397.625	96.0	92.0	138.0	103.0	82.0	122.0	76.0	96.0	104.0	79.0	86.0	81.0	87.0	102.0	95.0	95.0	125.0	83.0	86.0	93.0
397.737	84.0	82.0	116.0	85.0	82.0	108.0	70.0	81.0	100.0	76.0	74.0	71.0	82.0	88.0	88.0	82.0	106.0	78.0	79.0	72.0
397.849	76.0	76.0	115.0	81.0	76.0	114.0	70.0	84.0	104.0	74.0	76.0	72.0	72.0	90.0	82.0	84.0	105.0	76.0	83.0	77.0
397.961	78.0	79.0	115.0	77.0	77.0	108.0	71.0	88.0	102.0	78.0	78.0	70.0	74.0	88.0	84.0	81.0	112.0	78.0	80.0	78.0
398.072	78.0	81.0	116.0	85.0	74.0	104.0	74.0	77.0	100.0	81.0	75.0	69.0	79.0	88.0	80.0	83.0	109.0	75.0	84.0	82.0
398.184	79.0	81.0	115.0	86.0	73.0	111.0	74.0	86.0	108.0	75.0	82.0	74.0	81.0	90.0	78.0	90.0	111.0	81.0	91.0	73.0
398.296	98.0	98.0	148.0	100.0	82.0	130.0	81.0	95.0	111.0	88.0	85.0	84.0	92.0	115.0	98.0	104.0	120.0	82.0	81.0	99.0
398.408	94.0	88.0	131.0	92.0	85.0	117.0	82.0	89.0	106.0	82.0	85.0	77.0	78.0	102.0	92.0	89.0	121.0	85.0	88.0	88.0
398.52	80.0	81.0	111.0	82.0	72.0	111.0	74.0	80.0	107.0	80.0	77.0	78.0	69.0	83.0	80.0	83.0	108.0	77.0	81.0	85.0
398.632	74.0	77.0	112.0	87.0	80.0	111.0	74.0	91.0	109.0	70.0	75.0	75.0	82.0	86.0	85.0	80.0	104.0	77.0	87.0	74.0
398.744	77.0	81.0	118.0	74.0	84.0	114.0	66.0	83.0	108.0	73.0	73.0	69.0	77.0	86.0	87.0	78.0	108.0	76.0	82.0	76.0
398.856	101.0	103.0	136.0	106.0	100.0	128.0	94.0	108.0	122.0	102.0	94.0	93.0	104.0	107.0	100.0	106.0	131.0	103.0	107.0	105.0
398.968	80.0	80.0	111.0	86.0	77.0	108.0	76.0	88.0	104.0	83.0	80.0	77.0	77.0	89.0	84.0	82.0	109.0	76.0	89.0	81.0
399.08	92.0	95.0	132.0	103.0	89.0	120.0	84.0	96.0	114.0	100.0	98.0	92.0	99.0	106.0	92.0	98.0	120.0	95.0	100.0	89.0
399.192	98.0	101.0	155.0	103.0	90.0	130.0	84.0	97.0	106.0	88.0	82.0	84.0	93.0	114.0	102.0	96.0	122.0	89.0	83.0	94.0
399.304	89.0	95.0	143.0	97.0	82.0	129.0	72.0	92.0	103.0	83.0	79.0	80.0	83.0	102.0	94.0	94.0	119.0	82.0	78.0	90.0
399.415	83.0	86.0	127.0	87.0	90.0	116.0	79.0	87.0	113.0	83.0	83.0	78.0	79.0	88.0	86.0	87.0	114.0	82.0	88.0	83.0
399.527	75.0	74.0	115.0	80.0	82.0	106.0	74.0	82.0	107.0	73.0	77.0	71.0	73.0	80.0	76.0	78.0	106.0	72.0	86.0	79.0
399.639	76.0	75.0	113.0	79.0	82.0	105.0	76.0	85.0	106.0	72.0	81.0	78.0	85.0	82.0	79.0	79.0	105.0	77.0	81.0	76.0
399.751	78.0	77.0	117.0	80.0	81.0	108.0	72.0	85.0	110.0	74.0	75.0	77.0	80.0	91.0	82.0	79.0	104.0	79.0	86.0	79.0
399.863	78.0	78.0	108.0	81.0	69.0	111.0	72.0	81.0	111.0	76.0	72.0	77.0	72.0	80.0	84.0	78.0	108.0	73.0	80.0	81.0
399.975	74.0	79.0	105.0	79.0	71.0	101.0	76.0	70.0	98.0	75.0	72.0	67.0	76.0	82.0	80.0	75.0	107.0	72.0	80.0	70.0
400.087	75.0	80.0	112.0	84.0	78.0	109.0	70.0	80.0	105.0	76.0	72.0	79.0	77.0	88.0	79.0	85.0	106.0	77.0	87.0	78.0
400.199	84.0	79.0	118.0	84.0	78.0	114.0	71.0	80.0	104.0	73.0	74.0	77.0	77.0	88.0	79.0	85.0	107.0	80.0	73.0	81.0
400.311	91.0	95.0	125.0	89.0	83.0	119.0	81.0	93.0	110.0	82.0	80.0	72.0	78.0	96.0	91.0	85.0	114.0	85.0	90.0	91.0
400.423	78.0	80.0	118.0	79.0	80.0	109.0	77.0	79.0	103.0	73.0	81.0	74.0	78.0	82.0	81.0	82.0	104.0	76.0	82.0	73.0
400.535	75.0	71.0	112.0	75.0	77.0	109.0	74.0	80.0	104.0	76.0	76.0	74.0	76.0	83.0	80.0	77.0	106.0	73.0	77.0	78.0
