λ(nm)	Spec1	Spec2	Spec3	Spec4	Spec5	Spec6	Spec7	Spec8	Spec9	Spec10	Spec11	Spec12	Spec13	Spec14	Spec15	Spec16	Spec17	Spec18	Spec19	Spec20
187.98	76.0	112.0	72.0	79.0	109.0	75.0	82.0	108.0	76.0	84.0	109.0	81.0	82.0	77.0	72.0	110.0	77.0	78.0	110.0	78.0
188.07	73.0	102.0	76.0	80.0	112.0	71.0	76.0	106.0	70.0	75.0	105.0	78.0	78.0	73.0	80.0	113.0	73.0	79.0	110.0	81.0
188.161	77.0	105.0	81.0	78.0	108.0	68.0	80.0	112.0	75.0	80.0	106.0	77.0	84.0	77.0	73.0	110.0	73.0	72.0	108.0	78.0
188.252	74.0	104.0	82.0	79.0	114.0	76.0	81.0	109.0	75.0	77.0	107.0	73.0	85.0	78.0	75.0	111.0	78.0	73.0	105.0	81.0
188.343	72.0	109.0	75.0	76.0	104.0	79.0	76.0	105.0	72.0	77.0	106.0	80.0	87.0	77.0	74.0	110.0	75.0	79.0	113.0	82.0
188.434	73.0	106.0	75.0	79.0	110.0	73.0	78.0	98.0	75.0	72.0	107.0	79.0	84.0	80.0	78.0	115.0	75.0	77.0	112.0	80.0
188.525	244.0	265.0	243.0	239.0	270.0	234.0	243.0	261.0	232.0	233.0	273.0	238.0	239.0	235.0	231.0	266.0	231.0	236.0	261.0	241.0
188.615	79.0	117.0	91.0	84.0	118.0	84.0	91.0	120.0	86.0	89.0	114.0	88.0	87.0	86.0	92.0	120.0	87.0	83.0	117.0	84.0
188.706	80.0	110.0	82.0	80.0	108.0	75.0	78.0	110.0	81.0	77.0	106.0	80.0	80.0	75.0	80.0	120.0	75.0	79.0	114.0	75.0
188.797	78.0	107.0	75.0	89.0	109.0	79.0	83.0	109.0	73.0	81.0	111.0	83.0	85.0	77.0	83.0	117.0	78.0	86.0	113.0	83.0
188.888	80.0	102.0	76.0	82.0	117.0	76.0	80.0	108.0	68.0	81.0	111.0	77.0	89.0	75.0	77.0	112.0	72.0	78.0	112.0	82.0
188.979	78.0	109.0	79.0	82.0	111.0	75.0	80.0	113.0	80.0	78.0	104.0	78.0	79.0	76.0	78.0	119.0	74.0	73.0	108.0	73.0
189.07	76.0	102.0	79.0	81.0	107.0	80.0	76.0	113.0	78.0	82.0	104.0	76.0	84.0	72.0	79.0	112.0	78.0	82.0	111.0	73.0
189.161	78.0	111.0	78.0	79.0	112.0	78.0	81.0	107.0	77.0	72.0	110.0	76.0	80.0	75.0	78.0	119.0	74.0	79.0	110.0	80.0
189.252	76.0	109.0	80.0	78.0	118.0	82.0	83.0	112.0	78.0	75.0	111.0	76.0	91.0	85.0	78.0	117.0	79.0	76.0	115.0	84.0
189.343	72.0	106.0	87.0	79.0	108.0	78.0	81.0	105.0	80.0	78.0	104.0	74.0	81.0	76.0	78.0	115.0	76.0	78.0	109.0	75.0
189.434	72.0	110.0	83.0	82.0	112.0	68.0	81.0	113.0	78.0	73.0	110.0	81.0	82.0	75.0	73.0	114.0	77.0	79.0	113.0	76.0
189.525	80.0	108.0	76.0	84.0	109.0	72.0	77.0	110.0	75.0	71.0	109.0	76.0	80.0	80.0	74.0	114.0	78.0	84.0	112.0	82.0
189.616	73.0	107.0	77.0	82.0	106.0	76.0	76.0	101.0	76.0	76.0	110.0	71.0	82.0	77.0	81.0	117.0	71.0	77.0	106.0	81.0
189.708	71.0	106.0	75.0	79.0	112.0	74.0	82.0	109.0	76.0	79.0	97.0	76.0	83.0	77.0	80.0	120.0	78.0	77.0	111.0	77.0
189.799	76.0	108.0	77.0	83.0	107.0	76.0	74.0	112.0	77.0	79.0	111.0	78.0	86.0	80.0	82.0	110.0	76.0	80.0	111.0	76.0
189.89	75.0	105.0	74.0	74.0	110.0	76.0	74.0	104.0	74.0	78.0	108.0	77.0	83.0	77.0	79.0	116.0	78.0	80.0	108.0	86.0
189.981	77.0	104.0	74.0	75.0	109.0	78.0	81.0	105.0	77.0	80.0	112.0	76.0	86.0	76.0	76.0	120.0	78.0	82.0	113.0	82.0
190.072	83.0	113.0	84.0	86.0	116.0	87.0	91.0	114.0	84.0	85.0	114.0	83.0	84.0	90.0	78.0	121.0	84.0	84.0	119.0	85.0
190.163	80.0	109.0	78.0	85.0	110.0	78.0	81.0	111.0	73.0	81.0	109.0	76.0	79.0	80.0	72.0	116.0	77.0	77.0	113.0	70.0
190.255	77.0	101.0	78.0	76.0	106.0	79.0	74.0	114.0	73.0	75.0	101.0	78.0	85.0	71.0	72.0	114.0	74.0	75.0	115.0	80.0
190.346	78.0	106.0	79.0	82.0	108.0	70.0	86.0	110.0	76.0	80.0	111.0	79.0	80.0	83.0	77.0	117.0	77.0	80.0	113.0	83.0
190.437	78.0	104.0	79.0	80.0	107.0	74.0	81.0	112.0	81.0	78.0	103.0	71.0	86.0	79.0	79.0	117.0	76.0	81.0	109.0	76.0
190.528	75.0	110.0	81.0	87.0	115.0	78.0	81.0	119.0	80.0	79.0	115.0	85.0	82.0	77.0	81.0	116.0	81.0	79.0	110.0	84.0
190.62	77.0	111.0	80.0	81.0	113.0	80.0	84.0	109.0	78.0	76.0	110.0	81.0	88.0	83.0	78.0	119.0	79.0	81.0	116.0	80.0
190.711	84.0	110.0	78.0	82.0	108.0	79.0	80.0	107.0	75.0	77.0	108.0	77.0	88.0	79.0	82.0	121.0	74.0	81.0	115.0	86.0
190.802	77.0	105.0	84.0	80.0	101.0	74.0	80.0	109.0	77.0	75.0	108.0	76.0	79.0	76.0	81.0	112.0	77.0	83.0	108.0	82.0
190.894	75.0	110.0	79.0	87.0	107.0	73.0	86.0	109.0	86.0	82.0	107.0	81.0	78.0	84.0	75.0	112.0	77.0	80.0	114.0	81.0
190.985	76.0	108.0	78.0	81.0	106.0	78.0	79.0	112.0	71.0	74.0	104.0	78.0	80.0	78.0	81.0	114.0	73.0	74.0	110.0	79.0
191.076	87.0	110.0	80.0	85.0	111.0	82.0	82.0	114.0	71.0	77.0	112.0	76.0	90.0	79.0	84.0	114.0	77.0	77.0	110.0	80.0
191.168	82.0	106.0	78.0	79.0	111.0	78.0	83.0	108.0	78.0	73.0	107.0	76.0	84.0	78.0	79.0	114.0	80.0	79.0	110.0	78.0
191.259	88.0	115.0	95.0	89.0	121.0	89.0	88.0	120.0	86.0	89.0	114.0	95.0	97.0	90.0	86.0	119.0	85.0	81.0	118.0	91.0
191.35	81.0	105.0	74.0	80.0	106.0	81.0	76.0	105.0	78.0	79.0	105.0	84.0	83.0	79.0	80.0	113.0	79.0	82.0	113.0	79.0
191.442	76.0	107.0	77.0	82.0	110.0	77.0	83.0	112.0	80.0	79.0	108.0	85.0	82.0	78.0	79.0	115.0	75.0	82.0	111.0	78.0
191.533	78.0	105.0	85.0	86.0	113.0	81.0	82.0	112.0	80.0	83.0	107.0	86.0	88.0	85.0	87.0	116.0	82.0	76.0	112.0	84.0
191.625	80.0	105.0	82.0	85.0	114.0	79.0	83.0	117.0	84.0	80.0	111.0	82.0	82.0	80.0	77.0	116.0	80.0	83.0	106.0	79.0
191.716	84.0	101.0	78.0	83.0	109.0	80.0	84.0	107.0	79.0	80.0	111.0	85.0	82.0	79.0	80.0	110.0	76.0	84.0	113.0	75.0
191.808	82.0	104.0	71.0	83.0	111.0	82.0	80.0	111.0	75.0	77.0	110.0	82.0	85.0	71.0	75.0	114.0	72.0	77.0	106.0	79.0
191.899	74.0	107.0	76.0	83.0	109.0	78.0	83.0	114.0	76.0	77.0	105.0	73.0	84.0	82.0	76.0	112.0	77.0	74.0	111.0	75.0
191.991	75.0	108.0	74.0	82.0	107.0	79.0	78.0	112.0	78.0	84.0	108.0	76.0	80.0	80.0	76.0	106.0	75.0	80.0	109.0	76.0
192.082	75.0	104.0	76.0	81.0	108.0	77.0	76.0	108.0	74.0	78.0	105.0	78.0	84.0	79.0	78.0	113.0	78.0	75.0	108.0	74.0
192.174	75.0	110.0	84.0	77.0	119.0	78.0	82.0	111.0	74.0	74.0	111.0	80.0	89.0	81.0	80.0	118.0	82.0	84.0	112.0	85.0
192.266	72.0	107.0	77.0	81.0	112.0	75.0	83.0	112.0	77.0	85.0	107.0	79.0	88.0	75.0	78.0	118.0	76.0	82.0	111.0	83.0
192.357	73.0	112.0	83.0	85.0	110.0	81.0	85.0	114.0	85.0	89.0	115.0	88.0	84.0	90.0	82.0	121.0	87.0	94.0	114.0	85.0
192.449	74.0	105.0	81.0	76.0	108.0	76.0	79.0	108.0	81.0	85.0	106.0	78.0	83.0	85.0	78.0	112.0	75.0	78.0	116.0	76.0
192.541	77.0	109.0	75.0	78.0	115.0	80.0	79.0	113.0	72.0	78.0	110.0	84.0	83.0	81.0	76.0	116.0	78.0	80.0	116.0	79.0
192.632	80.0	109.0	85.0	82.0	108.0	74.0	84.0	116.0	80.0	78.0	112.0	78.0	85.0	80.0	82.0	120.0	76.0	75.0	114.0	81.0
192.724	79.0	107.0	81.0	83.0	104.0	85.0	80.0	115.0	72.0	79.0	108.0	76.0	83.0	77.0	81.0	110.0	78.0	83.0	107.0	82.0
192.816	79.0	105.0	82.0	81.0	111.0	76.0	79.0	109.0	77.0	81.0	109.0	80.0	89.0	78.0	73.0	114.0	83.0	82.0	111.0	83.0
192.907	81.0	105.0	79.0	81.0	112.0	83.0	86.0	107.0	74.0	76.0	110.0	82.0	86.0	81.0	82.0	119.0	74.0	79.0	115.0	83.0
192.999	76.0	112.0	78.0	80.0	109.0	77.0	79.0	109.0	73.0	72.0	112.0	78.0	83.0	76.0	86.0	113.0	78.0	82.0	115.0	77.0
193.091	74.0	107.0	82.0	83.0	109.0	75.0	81.0	112.0	74.0	82.0	105.0	80.0	77.0	80.0	75.0	109.0	82.0	75.0	110.0	75.0
193.183	74.0	107.0	76.0	79.0	106.0	77.0	81.0	111.0	76.0	77.0	107.0	77.0	88.0	77.0	80.0	111.0	77.0	77.0	110.0	72.0
193.274	77.0	109.0	73.0	81.0	113.0	79.0	83.0	113.0	74.0	71.0	104.0	76.0	78.0	75.0	77.0	118.0	76.0	81.0	112.0	77.0
193.366	76.0	103.0	76.0	82.0	112.0	71.0	85.0	107.0	79.0	77.0	109.0	78.0	77.0	83.0	81.0	114.0	70.0	73.0	109.0	80.0
193.458	75.0	114.0	78.0	84.0	109.0	75.0	80.0	111.0	80.0	79.0	101.0	80.0	79.0	81.0	77.0	115.0	79.0	78.0	113.0	77.0
193.55	81.0	110.0	79.0	81.0	116.0	76.0	82.0	109.0	77.0	76.0	113.0	78.0	84.0	80.0	78.0	115.0	82.0	82.0	108.0	82.0
193.642	81.0	106.0	77.0	83.0	111.0	75.0	82.0	107.0	79.0	71.0	116.0	72.0	83.0	82.0	76.0	115.0	81.0	79.0	115.0	85.0
193.734	81.0	110.0	80.0	86.0	114.0	77.0	84.0	119.0	79.0	75.0	118.0	81.0	82.0	79.0	81.0	118.0	81.0	81.0	110.0	86.0
193.825	74.0	108.0	81.0	80.0	105.0	82.0	83.0	112.0	78.0	80.0	109.0	74.0	86.0	74.0	74.0	111.0	75.0	81.0	113.0	77.0
193.917	77.0	109.0	77.0	82.0	109.0	74.0	87.0	114.0	70.0	86.0	102.0	79.0	82.0	78.0	74.0	115.0	82.0	78.0	110.0	74.0
194.009	86.0	109.0	73.0	89.0	117.0	81.0	80.0	115.0	74.0	80.0	113.0	82.0	91.0	79.0	82.0	116.0	81.0	80.0	114.0	89.0
194.101	76.0	110.0	83.0	81.0	117.0	80.0	77.0	114.0	76.0	81.0	104.0	77.0	82.0	79.0	82.0	118.0	73.0	76.0	113.0	80.0
194.193	73.0	110.0	79.0	83.0	104.0	83.0	80.0	114.0	79.0	82.0	103.0	76.0	84.0	76.0	79.0	120.0	78.0	82.0	115.0	79.0
194.285	79.0	104.0	79.0	85.0	107.0	76.0	77.0	110.0	77.0	79.0	104.0	76.0	84.0	78.0	74.0	108.0	75.0	75.0	112.0	79.0
194.377	76.0	108.0	74.0	80.0	118.0	80.0	85.0	108.0	75.0	76.0	116.0	79.0	86.0	77.0	78.0	112.0	77.0	82.0	109.0	78.0
194.469	78.0	105.0	76.0	78.0	115.0	71.0	80.0	106.0	83.0	79.0	103.0	78.0	82.0	80.0	79.0	123.0	81.0	73.0	114.0	80.0
194.561	77.0	109.0	81.0	84.0	111.0	77.0	76.0	112.0	77.0	83.0	109.0	76.0	82.0	90.0	80.0	114.0	77.0	78.0	107.0	82.0
194.653	78.0	109.0	78.0	82.0	107.0	74.0	82.0	110.0	75.0	75.0	107.0	80.0	81.0	83.0	79.0	113.0	80.0	84.0	109.0	78.0
194.745	82.0	103.0	78.0	82.0	114.0	78.0	82.0	115.0	74.0	77.0	107.0	85.0	84.0	76.0	78.0	113.0	73.0	80.0	114.0	77.0
194.837	77.0	104.0	81.0	77.0	112.0	73.0	84.0	113.0	79.0	77.0	109.0	78.0	84.0	80.0	81.0	112.0	78.0	77.0	108.0	82.0
194.929	72.0	103.0	84.0	85.0	112.0	73.0	79.0	121.0	76.0	79.0	106.0	72.0	81.0	88.0	80.0	114.0	78.0	81.0	106.0	79.0
195.022	79.0	105.0	84.0	86.0	111.0	80.0	83.0	112.0	72.0	82.0	105.0	76.0	84.0	82.0	78.0	108.0	81.0	77.0	113.0	81.0
195.114	80.0	109.0	76.0	77.0	110.0	84.0	77.0	106.0	76.0	73.0	110.0	80.0	85.0	81.0	72.0	116.0	77.0	81.0	109.0	79.0
195.206	83.0	105.0	71.0	78.0	108.0	75.0	80.0	110.0	80.0	79.0	111.0	80.0	84.0	84.0	77.0	117.0	73.0	81.0	110.0	83.0
195.298	74.0	100.0	83.0	78.0	106.0	82.0	79.0	109.0	83.0	84.0	109.0	75.0	84.0	80.0	74.0	113.0	75.0	78.0	103.0	81.0
195.39	72.0	111.0	85.0	82.0	112.0	79.0	83.0	114.0	78.0	86.0	115.0	79.0	86.0	84.0	75.0	117.0	86.0	86.0	115.0	80.0
195.482	77.0	102.0	78.0	84.0	118.0	80.0	79.0	109.0	81.0	79.0	110.0	74.0	82.0	77.0	80.0	115.0	76.0	81.0	110.0	82.0
195.575	77.0	107.0	81.0	80.0	117.0	74.0	77.0	109.0	76.0	80.0	111.0	80.0	85.0	78.0	79.0	117.0	77.0	77.0	106.0	86.0
195.667	81.0	111.0	83.0	81.0	109.0	76.0	88.0	118.0	78.0	81.0	111.0	80.0	88.0	83.0	82.0	113.0	86.0	82.0	108.0	84.0
195.759	79.0	108.0	82.0	80.0	102.0	81.0	80.0	117.0	70.0	84.0	110.0	77.0	84.0	80.0	79.0	109.0	81.0	85.0	108.0	80.0
195.851	84.0	111.0	86.0	86.0	114.0	85.0	92.0	116.0	83.0	79.0	114.0	80.0	84.0	82.0	83.0	116.0	75.0	82.0	110.0	86.0
195.944	74.0	107.0	74.0	85.0	110.0	77.0	82.0	112.0	78.0	71.0	111.0	78.0	86.0	83.0	76.0	113.0	78.0	83.0	110.0	79.0
196.036	78.0	107.0	77.0	77.0	102.0	81.0	82.0	116.0	71.0	81.0	103.0	77.0	82.0	82.0	82.0	115.0	79.0	78.0	106.0	82.0
196.128	76.0	111.0	72.0	82.0	113.0	69.0	84.0	108.0	70.0	78.0	105.0	82.0	80.0	83.0	75.0	118.0	78.0	79.0	113.0	78.0
196.221	78.0	100.0	79.0	83.0	112.0	81.0	79.0	108.0	77.0	81.0	106.0	79.0	86.0	76.0	79.0	119.0	73.0	82.0	113.0	82.0
196.313	83.0	113.0	74.0	79.0	116.0	78.0	84.0	114.0	84.0	81.0	112.0	83.0	87.0	82.0	80.0	123.0	82.0	84.0	120.0	81.0
196.405	72.0	110.0	71.0	81.0	114.0	74.0	87.0	108.0	81.0	79.0	107.0	75.0	79.0	80.0	71.0	118.0	76.0	77.0	115.0	73.0
196.498	69.0	109.0	82.0	83.0	111.0	76.0	76.0	108.0	76.0	83.0	103.0	74.0	83.0	82.0	80.0	108.0	79.0	83.0	109.0	81.0
196.59	91.0	128.0	87.0	95.0	134.0	98.0	99.0	125.0	98.0	98.0	126.0	92.0	102.0	103.0	98.0	132.0	100.0	99.0	125.0	98.0
196.682	76.0	111.0	80.0	76.0	117.0	82.0	91.0	107.0	78.0	79.0	107.0	80.0	88.0	82.0	77.0	119.0	76.0	82.0	109.0	78.0
196.775	82.0	105.0	80.0	84.0	111.0	81.0	81.0	114.0	77.0	79.0	107.0	76.0	75.0	76.0	79.0	114.0	73.0	79.0	110.0	84.0
196.867	71.0	113.0	83.0	78.0	105.0	81.0	79.0	114.0	71.0	81.0	113.0	75.0	82.0	80.0	80.0	114.0	81.0	79.0	109.0	74.0
196.96	75.0	107.0	83.0	79.0	112.0	78.0	82.0	109.0	74.0	73.0	109.0	83.0	86.0	81.0	83.0	117.0	73.0	76.0	113.0	81.0
197.052	81.0	110.0	68.0	84.0	111.0	78.0	87.0	111.0	77.0	83.0	110.0	80.0	80.0	75.0	77.0	120.0	74.0	76.0	115.0	81.0
197.145	85.0	110.0	84.0	86.0	111.0	84.0	86.0	107.0	83.0	85.0	109.0	78.0	89.0	81.0	83.0	116.0	81.0	78.0	111.0	82.0
197.237	78.0	107.0	85.0	81.0	105.0	74.0	82.0	115.0	79.0	81.0	104.0	77.0	86.0	85.0	74.0	112.0	78.0	79.0	114.0	75.0
197.33	78.0	107.0	77.0	79.0	114.0	78.0	85.0	113.0	81.0	77.0	108.0	81.0	87.0	80.0	83.0	118.0	82.0	78.0	116.0	84.0
197.422	80.0	104.0	76.0	82.0	110.0	80.0	81.0	111.0	76.0	80.0	112.0	89.0	87.0	77.0	76.0	115.0	81.0	74.0	113.0	82.0
197.515	76.0	108.0	78.0	81.0	104.0	82.0	81.0	114.0	76.0	80.0	114.0	81.0	78.0	72.0	77.0	117.0	84.0	82.0	107.0	85.0
197.608	77.0	108.0	75.0	82.0	108.0	72.0	78.0	113.0	76.0	76.0	107.0	77.0	78.0	82.0	76.0	112.0	76.0	81.0	104.0	78.0
197.7	76.0	108.0	77.0	85.0	104.0	75.0	85.0	103.0	68.0	81.0	108.0	79.0	84.0	79.0	77.0	114.0	79.0	80.0	113.0	89.0
197.793	85.0	113.0	82.0	91.0	116.0	76.0	80.0	112.0	77.0	83.0	110.0	84.0	89.0	79.0	84.0	121.0	77.0	75.0	113.0	81.0
197.886	80.0	116.0	84.0	85.0	116.0	78.0	85.0	114.0	82.0	90.0	112.0	83.0	87.0	82.0	85.0	119.0	80.0	81.0	118.0	86.0
197.978	85.0	115.0	80.0	89.0	118.0	79.0	88.0	112.0	80.0	80.0	110.0	78.0	83.0	84.0	76.0	116.0	75.0	78.0	116.0	82.0
198.071	85.0	115.0	84.0	81.0	111.0	83.0	81.0	111.0	80.0	86.0	107.0	82.0	87.0	81.0	80.0	115.0	82.0	84.0	114.0	85.0
198.164	78.0	107.0	72.0	81.0	112.0	79.0	79.0	111.0	73.0	79.0	104.0	82.0	84.0	77.0	80.0	114.0	78.0	84.0	110.0	79.0
198.256	79.0	113.0	78.0	82.0	113.0	82.0	84.0	117.0	82.0	78.0	110.0	84.0	92.0	85.0	88.0	120.0	86.0	78.0	114.0	82.0
198.349	80.0	112.0	79.0	83.0	111.0	77.0	89.0	116.0	83.0	85.0	113.0	85.0	86.0	80.0	80.0	116.0	91.0	82.0	117.0	78.0
198.442	72.0	105.0	81.0	77.0	106.0	77.0	83.0	108.0	76.0	77.0	112.0	78.0	80.0	76.0	77.0	114.0	80.0	78.0	112.0	77.0
198.534	75.0	107.0	79.0	83.0	111.0	77.0	81.0	112.0	73.0	82.0	112.0	80.0	80.0	77.0	77.0	111.0	80.0	80.0	116.0	80.0
198.627	85.0	108.0	81.0	85.0	110.0	88.0	80.0	114.0	81.0	85.0	106.0	82.0	86.0	77.0	78.0	117.0	78.0	81.0	116.0	83.0
198.72	82.0	109.0	79.0	84.0	113.0	84.0	82.0	118.0	80.0	82.0	104.0	73.0	93.0	86.0	80.0	113.0	86.0	79.0	112.0	79.0
198.813	76.0	112.0	82.0	82.0	113.0	82.0	78.0	106.0	82.0	83.0	110.0	81.0	83.0	78.0	80.0	113.0	76.0	82.0	107.0	83.0
198.906	75.0	109.0	72.0	79.0	109.0	78.0	84.0	115.0	78.0	78.0	109.0	82.0	81.0	82.0	86.0	116.0	80.0	73.0	109.0	84.0
198.999	85.0	110.0	74.0	81.0	117.0	76.0	84.0	116.0	86.0	83.0	111.0	80.0	88.0	84.0	82.0	120.0	79.0	79.0	117.0	88.0
199.091	84.0	109.0	83.0	81.0	104.0	76.0	81.0	114.0	70.0	82.0	105.0	78.0	82.0	84.0	73.0	110.0	82.0	82.0	106.0	80.0
199.184	77.0	108.0	82.0	76.0	112.0	81.0	77.0	110.0	78.0	83.0	103.0	77.0	83.0	78.0	77.0	114.0	79.0	83.0	111.0	82.0
199.277	78.0	106.0	78.0	76.0	114.0	75.0	81.0	106.0	76.0	82.0	108.0	76.0	83.0	82.0	75.0	119.0	69.0	76.0	113.0	78.0
199.37	83.0	111.0	82.0	85.0	114.0	78.0	86.0	112.0	83.0	82.0	104.0	86.0	86.0	81.0	80.0	119.0	80.0	78.0	111.0	81.0
199.463	82.0	109.0	69.0	88.0	108.0	74.0	84.0	114.0	76.0	82.0	112.0	73.0	84.0	83.0	74.0	115.0	83.0	76.0	107.0	83.0
199.556	80.0	107.0	83.0	81.0	113.0	81.0	79.0	110.0	75.0	81.0	113.0	71.0	81.0	77.0	80.0	109.0	77.0	84.0	111.0	78.0
199.649	76.0	109.0	77.0	75.0	115.0	77.0	81.0	112.0	78.0	78.0	108.0	79.0	90.0	76.0	82.0	114.0	82.0	81.0	109.0	74.0
199.742	78.0	109.0	78.0	83.0	112.0	81.0	84.0	112.0	77.0	74.0	113.0	82.0	87.0	79.0	84.0	113.0	81.0	78.0	113.0	78.0
199.835	75.0	113.0	80.0	85.0	105.0	80.0	81.0	111.0	74.0	82.0	110.0	77.0	76.0	80.0	77.0	115.0	78.0	78.0	107.0	82.0
199.928	80.0	107.0	80.0	81.0	110.0	80.0	86.0	115.0	73.0	77.0	107.0	79.0	86.0	79.0	76.0	113.0	79.0	82.0	113.0	77.0
200.021	76.0	106.0	74.0	76.0	111.0	79.0	80.0	108.0	79.0	80.0	111.0	81.0	86.0	77.0	77.0	120.0	79.0	81.0	111.0	75.0
200.114	84.0	111.0	79.0	83.0	118.0	80.0	83.0	118.0	81.0	82.0	105.0	85.0	85.0	81.0	79.0	119.0	75.0	80.0	113.0	80.0
200.207	84.0	117.0	86.0	86.0	115.0	75.0	87.0	111.0	78.0	83.0	98.0	83.0	93.0	81.0	79.0	118.0	85.0	84.0	108.0	80.0
200.3	77.0	114.0	80.0	77.0	114.0	80.0	81.0	107.0	78.0	81.0	105.0	85.0	84.0	81.0	80.0	112.0	83.0	85.0	110.0	84.0
200.393	78.0	107.0	77.0	75.0	112.0	78.0	84.0	106.0	73.0	80.0	111.0	86.0	84.0	79.0	83.0	116.0	75.0	80.0	112.0	79.0
200.486	79.0	103.0	81.0	84.0	106.0	77.0	84.0	110.0	80.0	78.0	112.0	74.0	83.0	79.0	76.0	117.0	83.0	81.0	115.0	77.0
200.58	81.0	110.0	78.0	86.0	108.0	78.0	84.0	120.0	80.0	82.0	111.0	79.0	86.0	82.0	81.0	118.0	76.0	79.0	111.0	83.0
200.673	78.0	110.0	76.0	84.0	110.0	80.0	77.0	113.0	73.0	79.0	106.0	79.0	80.0	80.0	74.0	114.0	81.0	77.0	112.0	78.0
200.766	79.0	104.0	79.0	82.0	118.0	77.0	77.0	117.0	72.0	83.0	109.0	76.0	82.0	77.0	77.0	115.0	80.0	81.0	117.0	78.0
200.859	74.0	113.0	82.0	75.0	116.0	76.0	84.0	112.0	78.0	79.0	107.0	81.0	85.0	74.0	76.0	117.0	81.0	83.0	110.0	78.0
200.952	78.0	105.0	80.0	83.0	104.0	72.0	84.0	109.0	83.0	77.0	106.0	77.0	76.0	78.0	81.0	114.0	85.0	78.0	107.0	86.0
201.045	74.0	111.0	84.0	80.0	111.0	78.0	84.0	106.0	79.0	79.0	110.0	74.0	80.0	79.0	83.0	106.0	83.0	80.0	109.0	78.0
201.139	76.0	110.0	77.0	85.0	108.0	76.0	81.0	113.0	71.0	80.0	108.0	81.0	80.0	79.0	85.0	110.0	78.0	83.0	115.0	80.0
201.232	74.0	113.0	84.0	80.0	112.0	76.0	82.0	112.0	79.0	76.0	107.0	84.0	82.0	75.0	79.0	115.0	77.0	77.0	113.0	85.0
201.325	80.0	105.0	79.0	83.0	104.0	85.0	84.0	113.0	78.0	85.0	107.0	82.0	80.0	80.0	80.0	107.0	81.0	82.0	112.0	80.0
201.418	77.0	110.0	84.0	83.0	109.0	76.0	85.0	108.0	75.0	79.0	109.0	81.0	82.0	85.0	78.0	111.0	83.0	79.0	110.0	74.0
201.512	81.0	105.0	81.0	83.0	113.0	81.0	82.0	118.0	81.0	80.0	111.0	80.0	85.0	80.0	75.0	116.0	77.0	80.0	114.0	81.0
201.605	82.0	105.0	73.0	79.0	110.0	78.0	82.0	108.0	84.0	82.0	101.0	80.0	85.0	75.0	77.0	114.0	75.0	78.0	111.0	83.0
201.698	86.0	110.0	82.0	91.0	114.0	79.0	87.0	116.0	83.0	77.0	113.0	79.0	86.0	85.0	86.0	120.0	86.0	83.0	112.0	80.0
201.792	81.0	107.0	84.0	82.0	113.0	78.0	82.0	115.0	77.0	79.0	111.0	73.0	83.0	85.0	79.0	118.0	81.0	79.0	106.0	78.0
201.885	100.0	125.0	96.0	105.0	132.0	100.0	103.0	133.0	101.0	107.0	136.0	103.0	107.0	104.0	100.0	134.0	96.0	105.0	126.0	107.0
201.978	80.0	109.0	74.0	80.0	113.0	76.0	86.0	109.0	75.0	80.0	110.0	81.0	89.0	82.0	79.0	116.0	79.0	79.0	110.0	79.0
202.072	82.0	105.0	87.0	86.0	109.0	84.0	88.0	115.0	77.0	84.0	108.0	84.0	87.0	78.0	83.0	120.0	79.0	82.0	111.0	84.0
202.165	71.0	104.0	82.0	78.0	109.0	77.0	83.0	116.0	71.0	84.0	108.0	73.0	81.0	77.0	80.0	117.0	84.0	81.0	103.0	77.0
202.259	99.0	129.0	99.0	100.0	126.0	99.0	100.0	135.0	102.0	100.0	134.0	104.0	114.0	95.0	98.0	133.0	95.0	98.0	132.0	102.0
202.352	78.0	109.0	80.0	83.0	110.0	77.0	80.0	113.0	76.0	79.0	104.0	79.0	84.0	76.0	82.0	118.0	74.0	84.0	111.0	83.0
202.446	76.0	104.0	83.0	82.0	112.0	76.0	84.0	113.0	81.0	76.0	102.0	87.0	85.0	84.0	77.0	119.0	79.0	77.0	106.0	84.0
202.539	84.0	110.0	80.0	85.0	114.0	76.0	81.0	110.0	74.0	81.0	107.0	75.0	84.0	87.0	79.0	115.0	73.0	85.0	114.0	80.0
202.633	76.0	107.0	73.0	84.0	110.0	75.0	77.0	110.0	82.0	84.0	107.0	79.0	85.0	74.0	81.0	112.0	77.0	84.0	115.0	76.0
202.726	77.0	105.0	78.0	84.0	109.0	82.0	82.0	111.0	79.0	80.0	107.0	84.0	82.0	77.0	83.0	119.0	78.0	78.0	109.0	81.0
202.82	76.0	113.0	82.0	82.0	111.0	74.0	78.0	110.0	73.0	74.0	108.0	71.0	81.0	74.0	78.0	113.0	76.0	82.0	109.0	81.0
202.913	78.0	116.0	75.0	84.0	111.0	81.0	83.0	115.0	72.0	79.0	112.0	75.0	83.0	78.0	81.0	111.0	80.0	80.0	108.0	77.0
203.007	79.0	109.0	81.0	85.0	109.0	81.0	82.0	116.0	75.0	84.0	110.0	85.0	84.0	82.0	83.0	113.0	84.0	80.0	115.0	80.0
203.1	77.0	103.0	85.0	87.0	113.0	79.0	82.0	109.0	82.0	78.0	108.0	83.0	88.0	79.0	79.0	117.0	75.0	82.0	110.0	77.0
203.194	74.0	106.0	78.0	81.0	108.0	83.0	83.0	118.0	82.0	78.0	109.0	78.0	81.0	80.0	84.0	116.0	79.0	84.0	109.0	78.0
203.288	77.0	108.0	81.0	79.0	110.0	71.0	83.0	109.0	79.0	80.0	108.0	75.0	84.0	81.0	78.0	116.0	85.0	85.0	111.0	79.0
203.381	76.0	108.0	70.0	76.0	116.0	80.0	80.0	107.0	81.0	80.0	104.0	82.0	83.0	80.0	84.0	118.0	82.0	84.0	112.0	79.0
203.475	77.0	105.0	82.0	79.0	110.0	79.0	84.0	110.0	81.0	82.0	110.0	83.0	90.0	81.0	78.0	121.0	82.0	81.0	109.0	86.0
203.569	77.0	106.0	81.0	82.0	109.0	74.0	83.0	112.0	74.0	81.0	102.0	80.0	90.0	82.0	80.0	117.0	77.0	77.0	117.0	82.0
203.662	80.0	112.0	85.0	85.0	112.0	77.0	90.0	113.0	81.0	88.0	112.0	76.0	85.0	83.0	77.0	117.0	81.0	84.0	108.0	84.0
203.756	73.0	108.0	79.0	80.0	107.0	77.0	80.0	111.0	80.0	78.0	104.0	80.0	83.0	84.0	74.0	115.0	74.0	81.0	110.0	78.0
203.85	84.0	116.0	88.0	89.0	117.0	80.0	84.0	114.0	82.0	82.0	114.0	81.0	90.0	81.0	86.0	119.0	81.0	77.0	121.0	87.0
203.943	81.0	113.0	86.0	84.0	112.0	80.0	81.0	113.0	77.0	84.0	108.0	86.0	93.0	82.0	84.0	118.0	83.0	83.0	115.0	86.0
204.037	78.0	109.0	84.0	82.0	112.0	80.0	79.0	112.0	79.0	82.0	106.0	78.0	82.0	79.0	79.0	125.0	78.0	83.0	109.0	89.0
204.131	83.0	111.0	78.0	84.0	117.0	80.0	81.0	118.0	79.0	86.0	116.0	82.0	83.0	83.0	78.0	120.0	83.0	91.0	114.0	78.0
204.225	99.0	120.0	89.0	102.0	129.0	101.0	103.0	127.0	103.0	95.0	128.0	98.0	107.0	95.0	100.0	128.0	101.0	92.0	129.0	100.0
204.318	83.0	118.0	85.0	94.0	126.0	84.0	96.0	120.0	88.0	88.0	115.0	93.0	94.0	86.0	89.0	129.0	86.0	88.0	120.0	94.0
204.412	75.0	114.0	81.0	86.0	113.0	77.0	86.0	114.0	81.0	82.0	110.0	78.0	84.0	81.0	79.0	111.0	80.0	80.0	106.0	81.0
204.506	78.0	104.0	78.0	78.0	114.0	80.0	79.0	110.0	78.0	80.0	115.0	75.0	87.0	86.0	75.0	118.0	80.0	87.0	112.0	81.0
204.6	74.0	104.0	80.0	78.0	117.0	79.0	78.0	115.0	81.0	82.0	107.0	84.0	87.0	78.0	72.0	114.0	75.0	79.0	114.0	82.0
204.694	76.0	104.0	80.0	83.0	114.0	76.0	82.0	113.0	82.0	81.0	105.0	80.0	89.0	80.0	81.0	112.0	80.0	77.0	110.0	78.0
204.788	78.0	112.0	80.0	86.0	116.0	76.0	78.0	115.0	85.0	81.0	101.0	85.0	86.0	84.0	81.0	116.0	80.0	83.0	117.0	86.0
204.882	77.0	106.0	77.0	80.0	117.0	79.0	84.0	115.0	83.0	83.0	108.0	74.0	82.0	82.0	86.0	111.0	78.0	82.0	109.0	79.0
204.975	105.0	125.0	95.0	107.0	131.0	97.0	98.0	130.0	102.0	101.0	127.0	104.0	109.0	102.0	99.0	130.0	102.0	100.0	134.0	104.0
205.069	84.0	110.0	81.0	84.0	114.0	82.0	84.0	111.0	79.0	81.0	107.0	76.0	86.0	83.0	83.0	120.0	79.0	77.0	116.0	84.0
205.163	85.0	115.0	82.0	87.0	113.0	89.0	87.0	120.0	84.0	89.0	110.0	78.0	86.0	83.0	84.0	125.0	83.0	82.0	106.0	84.0
205.257	80.0	113.0	78.0	84.0	119.0	78.0	82.0	111.0	79.0	79.0	110.0	79.0	85.0	78.0	78.0	114.0	81.0	84.0	113.0	79.0
205.351	82.0	97.0	82.0	86.0	117.0	83.0	84.0	109.0	83.0	79.0	113.0	84.0	91.0	83.0	77.0	113.0	76.0	80.0	115.0	86.0
205.445	82.0	114.0	83.0	87.0	117.0	83.0	82.0	112.0	75.0	86.0	104.0	81.0	85.0	80.0	88.0	117.0	78.0	81.0	118.0	88.0
205.539	81.0	109.0	80.0	82.0	109.0	79.0	86.0	109.0	76.0	87.0	108.0	77.0	86.0	83.0	82.0	121.0	81.0	80.0	113.0	77.0
205.633	97.0	123.0	95.0	97.0	135.0	91.0	98.0	128.0	95.0	101.0	126.0	94.0	103.0	102.0	106.0	136.0	102.0	107.0	128.0	99.0
205.727	80.0	105.0	75.0	83.0	114.0	83.0	80.0	107.0	84.0	78.0	107.0	77.0	86.0	80.0	78.0	116.0	76.0	85.0	116.0	84.0
205.821	78.0	109.0	78.0	83.0	117.0	84.0	85.0	110.0	85.0	73.0	99.0	77.0	88.0	82.0	83.0	112.0	81.0	82.0	110.0	77.0
205.915	80.0	111.0	87.0	84.0	109.0	78.0	85.0	113.0	79.0	77.0	111.0	83.0	85.0	82.0	80.0	113.0	78.0	87.0	109.0	84.0
206.01	73.0	113.0	78.0	83.0	110.0	83.0	85.0	111.0	77.0	86.0	116.0	77.0	79.0	80.0	79.0	116.0	83.0	81.0	114.0	77.0
206.104	79.0	110.0	78.0	83.0	112.0	80.0	84.0	113.0	80.0	84.0	115.0	77.0	82.0	75.0	77.0	117.0	76.0	81.0	114.0	88.0
206.198	85.0	111.0	81.0	84.0	111.0	81.0	84.0	112.0	84.0	84.0	110.0	85.0	86.0	81.0	86.0	120.0	80.0	85.0	110.0	88.0
206.292	84.0	114.0	84.0	86.0	110.0	82.0	89.0	118.0	82.0	82.0	109.0	77.0	85.0	77.0	81.0	124.0	88.0	86.0	113.0	86.0
206.386	84.0	108.0	85.0	81.0	112.0	74.0	86.0	112.0	80.0	90.0	109.0	77.0	83.0	81.0	81.0	118.0	85.0	87.0	110.0	82.0
206.48	100.0	133.0	105.0	102.0	137.0	103.0	102.0	130.0	101.0	99.0	129.0	104.0	106.0	104.0	99.0	130.0	105.0	99.0	134.0	102.0
206.574	88.0	117.0	84.0	90.0	112.0	82.0	83.0	117.0	81.0	83.0	119.0	88.0	83.0	86.0	89.0	117.0	81.0	84.0	107.0	85.0
206.669	92.0	121.0	99.0	96.0	120.0	95.0	100.0	132.0	92.0	101.0	126.0	98.0	102.0	99.0	99.0	130.0	97.0	100.0	124.0	98.0
206.763	92.0	128.0	95.0	100.0	124.0	91.0	97.0	130.0	91.0	97.0	119.0	92.0	99.0	98.0	93.0	133.0	89.0	103.0	124.0	90.0
206.857	78.0	109.0	79.0	86.0	117.0	81.0	86.0	115.0	82.0	82.0	107.0	77.0	84.0	79.0	77.0	115.0	78.0	80.0	113.0	87.0
206.951	78.0	111.0	81.0	80.0	116.0	84.0	82.0	117.0	82.0	80.0	112.0	82.0	90.0	81.0	74.0	121.0	79.0	83.0	116.0	83.0
207.046	79.0	109.0	81.0	85.0	113.0	85.0	79.0	112.0	79.0	85.0	108.0	83.0	83.0	73.0	79.0	119.0	82.0	84.0	112.0	85.0
207.14	80.0	111.0	84.0	82.0	110.0	79.0	81.0	109.0	83.0	83.0	110.0	76.0	92.0	85.0	86.0	118.0	77.0	81.0	116.0	84.0
207.234	80.0	107.0	77.0	81.0	112.0	76.0	76.0	109.0	82.0	82.0	105.0	81.0	88.0	82.0	79.0	112.0	81.0	88.0	110.0	79.0
207.329	79.0	106.0	74.0	89.0	112.0	76.0	86.0	112.0	76.0	83.0	107.0	76.0	82.0	77.0	79.0	112.0	74.0	78.0	112.0	80.0
207.423	83.0	110.0	84.0	89.0	114.0	82.0	91.0	120.0	80.0	83.0	108.0	81.0	85.0	84.0	79.0	120.0	84.0	87.0	116.0	91.0
207.517	81.0	108.0	76.0	82.0	109.0	86.0	86.0	114.0	75.0	83.0	106.0	82.0	82.0	84.0	80.0	118.0	78.0	81.0	111.0	79.0
207.612	79.0	107.0	83.0	84.0	112.0	79.0	82.0	114.0	74.0	73.0	109.0	77.0	82.0	77.0	73.0	123.0	74.0	83.0	110.0	77.0
207.706	83.0	105.0	81.0	78.0	112.0	79.0	85.0	112.0	85.0	82.0	104.0	83.0	85.0	74.0	83.0	117.0	77.0	77.0	115.0	84.0
207.8	76.0	112.0	84.0	82.0	108.0	79.0	82.0	111.0	82.0	81.0	106.0	80.0	86.0	82.0	83.0	116.0	80.0	80.0	110.0	85.0
207.895	77.0	105.0	84.0	78.0	110.0	76.0	87.0	111.0	75.0	81.0	110.0	78.0	82.0	79.0	77.0	114.0	83.0	82.0	113.0	79.0
207.989	81.0	105.0	75.0	76.0	114.0	78.0	77.0	110.0	78.0	82.0	111.0	76.0	83.0	87.0	78.0	110.0	81.0	79.0	113.0	81.0
208.084	79.0	105.0	78.0	76.0	109.0	81.0	81.0	109.0	81.0	78.0	106.0	81.0	84.0	79.0	78.0	113.0	75.0	76.0	111.0	79.0
208.178	82.0	109.0	89.0	89.0	109.0	82.0	89.0	114.0	85.0	86.0	112.0	80.0	90.0	78.0	84.0	123.0	81.0	82.0	114.0	82.0
208.273	81.0	110.0	83.0	81.0	109.0	79.0	84.0	120.0	76.0	82.0	108.0	80.0	81.0	81.0	78.0	115.0	82.0	83.0	108.0	80.0
208.367	74.0	110.0	78.0	84.0	111.0	85.0	87.0	111.0	74.0	83.0	109.0	77.0	77.0	83.0	81.0	115.0	79.0	78.0	106.0	77.0
208.462	83.0	112.0	80.0	90.0	116.0	84.0	87.0	112.0	81.0	82.0	108.0	85.0	87.0	84.0	82.0	114.0	78.0	82.0	113.0	87.0
208.556	87.0	114.0	84.0	88.0	119.0	83.0	83.0	109.0	82.0	85.0	112.0	83.0	82.0	79.0	86.0	120.0	82.0	78.0	113.0	85.0
208.651	80.0	112.0	78.0	84.0	117.0	70.0	85.0	112.0	82.0	87.0	110.0	80.0	84.0	81.0	82.0	118.0	83.0	81.0	109.0	80.0
208.745	80.0	112.0	80.0	86.0	117.0	75.0	85.0	111.0	79.0	90.0	113.0	74.0	93.0	85.0	79.0	121.0	80.0	84.0	108.0	82.0
208.84	80.0	113.0	81.0	88.0	112.0	86.0	82.0	120.0	83.0	82.0	113.0	83.0	90.0	85.0	84.0	118.0	87.0	86.0	113.0	88.0
208.934	75.0	108.0	79.0	83.0	110.0	83.0	82.0	117.0	76.0	79.0	113.0	78.0	84.0	84.0	89.0	117.0	74.0	78.0	109.0	84.0
209.029	83.0	111.0	80.0	84.0	114.0	76.0	87.0	115.0	74.0	90.0	118.0	84.0	86.0	85.0	94.0	119.0	84.0	80.0	110.0	87.0
209.124	74.0	111.0	77.0	86.0	109.0	80.0	82.0	116.0	83.0	83.0	106.0	82.0	79.0	79.0	75.0	116.0	84.0	81.0	110.0	72.0
209.218	81.0	103.0	85.0	87.0	116.0	81.0	78.0	118.0	81.0	81.0	110.0	82.0	84.0	81.0	77.0	113.0	78.0	79.0	104.0	75.0
209.313	80.0	107.0	83.0	84.0	110.0	74.0	83.0	114.0	80.0	77.0	106.0	79.0	86.0	80.0	84.0	118.0	83.0	84.0	113.0	81.0
209.408	79.0	107.0	85.0	89.0	114.0	79.0	86.0	117.0	79.0	81.0	109.0	84.0	86.0	77.0	84.0	114.0	89.0	79.0	114.0	86.0
209.502	82.0	111.0	78.0	76.0	110.0	75.0	82.0	109.0	82.0	90.0	104.0	81.0	83.0	82.0	77.0	117.0	86.0	82.0	108.0	84.0
209.597	77.0	108.0	78.0	88.0	111.0	76.0	81.0	113.0	82.0	81.0	115.0	78.0	87.0	88.0	77.0	113.0	78.0	85.0	108.0	85.0
209.692	84.0	107.0	78.0	81.0	113.0	84.0	81.0	119.0	82.0	83.0	105.0	79.0	90.0	74.0	81.0	110.0	82.0	83.0	112.0	82.0
209.786	79.0	112.0	83.0	83.0	109.0	78.0	84.0	119.0	77.0	84.0	112.0	80.0	85.0	83.0	80.0	115.0	79.0	78.0	104.0	86.0
209.881	78.0	113.0	82.0	83.0	113.0	83.0	82.0	112.0	77.0	84.0	117.0	82.0	81.0	83.0	79.0	117.0	78.0	87.0	108.0	79.0
209.976	76.0	111.0	81.0	79.0	116.0	79.0	84.0	119.0	83.0	81.0	109.0	87.0	84.0	82.0	75.0	117.0	77.0	81.0	108.0	80.0
210.071	83.0	114.0	75.0	90.0	115.0	80.0	78.0	114.0	80.0	85.0	108.0	82.0	83.0	80.0	80.0	116.0	81.0	76.0	116.0	85.0
210.166	77.0	114.0	84.0	84.0	114.0	72.0	83.0	115.0	86.0	89.0	103.0	74.0	79.0	80.0	84.0	114.0	83.0	86.0	116.0	81.0
210.26	76.0	109.0	83.0	80.0	111.0	69.0	78.0	113.0	79.0	82.0	108.0	79.0	84.0	81.0	81.0	116.0	83.0	81.0	110.0	76.0
210.355	78.0	115.0	77.0	83.0	114.0	79.0	79.0	107.0	81.0	79.0	107.0	80.0	82.0	84.0	83.0	110.0	78.0	77.0	107.0	81.0
210.45	83.0	113.0	77.0	89.0	115.0	82.0	77.0	116.0	80.0	83.0	108.0	80.0	83.0	80.0	82.0	111.0	84.0	82.0	110.0	78.0
210.545	82.0	111.0	86.0	88.0	120.0	84.0	93.0	121.0	85.0	88.0	113.0	86.0	93.0	84.0	84.0	120.0	90.0	91.0	117.0	82.0
210.64	83.0	115.0	82.0	84.0	114.0	82.0	84.0	117.0	79.0	88.0	113.0	80.0	86.0	78.0	78.0	122.0	89.0	84.0	113.0	82.0
210.735	80.0	106.0	79.0	81.0	116.0	84.0	77.0	110.0	80.0	81.0	110.0	76.0	83.0	78.0	78.0	113.0	76.0	83.0	110.0	80.0
210.83	86.0	110.0	87.0	90.0	112.0	81.0	89.0	115.0	75.0	84.0	111.0	84.0	90.0	85.0	83.0	116.0	80.0	78.0	118.0	81.0
210.925	77.0	112.0	85.0	87.0	109.0	76.0	83.0	116.0	84.0	80.0	113.0	79.0	86.0	79.0	84.0	115.0	78.0	82.0	114.0	78.0
211.02	77.0	110.0	80.0	80.0	109.0	81.0	84.0	111.0	83.0	86.0	110.0	81.0	81.0	81.0	84.0	115.0	78.0	81.0	113.0	76.0
211.114	76.0	108.0	76.0	79.0	113.0	75.0	79.0	110.0	83.0	80.0	108.0	74.0	86.0	85.0	81.0	116.0	78.0	85.0	109.0	81.0
211.209	83.0	110.0	82.0	88.0	116.0	86.0	88.0	119.0	83.0	80.0	106.0	81.0	88.0	87.0	78.0	116.0	81.0	89.0	115.0	84.0
211.304	77.0	110.0	84.0	88.0	102.0	79.0	86.0	114.0	80.0	86.0	114.0	88.0	85.0	81.0	86.0	119.0	80.0	86.0	103.0	83.0
211.399	76.0	106.0	87.0	84.0	107.0	80.0	84.0	118.0	72.0	85.0	103.0	83.0	83.0	80.0	84.0	123.0	77.0	82.0	107.0	81.0
211.494	78.0	111.0	84.0	88.0	115.0	77.0	84.0	115.0	77.0	85.0	106.0	80.0	82.0	82.0	75.0	116.0	77.0	82.0	115.0	80.0
211.59	78.0	111.0	82.0	89.0	113.0	78.0	81.0	117.0	81.0	85.0	103.0	81.0	93.0	86.0	81.0	123.0	81.0	85.0	114.0	81.0
211.685	87.0	122.0	88.0	97.0	119.0	93.0	92.0	124.0	86.0	91.0	116.0	91.0	95.0	89.0	94.0	123.0	90.0	87.0	122.0	93.0
211.78	91.0	119.0	97.0	95.0	120.0	92.0	95.0	130.0	90.0	97.0	120.0	88.0	95.0	89.0	94.0	128.0	93.0	88.0	121.0	93.0
211.875	81.0	110.0	79.0	80.0	113.0	76.0	84.0	107.0	82.0	87.0	113.0	78.0	84.0	82.0	81.0	112.0	80.0	82.0	110.0	78.0
211.97	82.0	109.0	86.0	80.0	113.0	85.0	80.0	115.0	83.0	76.0	107.0	82.0	83.0	83.0	81.0	111.0	78.0	81.0	113.0	85.0
212.065	89.0	116.0	90.0	100.0	125.0	92.0	97.0	124.0	87.0	85.0	119.0	93.0	97.0	92.0	88.0	126.0	89.0	93.0	126.0	91.0
212.16	78.0	107.0	80.0	83.0	114.0	83.0	82.0	112.0	78.0	89.0	110.0	77.0	84.0	74.0	75.0	116.0	80.0	82.0	109.0	84.0
212.255	78.0	108.0	77.0	86.0	109.0	76.0	79.0	115.0	84.0	84.0	111.0	81.0	81.0	83.0	78.0	117.0	79.0	85.0	114.0	83.0
212.35	76.0	103.0	81.0	85.0	111.0	78.0	79.0	113.0	80.0	83.0	109.0	80.0	89.0	87.0	79.0	125.0	81.0	74.0	109.0	85.0
212.446	85.0	110.0	80.0	83.0	110.0	76.0	83.0	113.0	76.0	89.0	111.0	86.0	89.0	78.0	82.0	118.0	77.0	75.0	114.0	84.0
212.541	82.0	112.0	87.0	83.0	116.0	86.0	89.0	119.0	80.0	92.0	114.0	79.0	84.0	83.0	88.0	117.0	85.0	90.0	114.0	87.0
212.636	91.0	125.0	85.0	89.0	126.0	80.0	90.0	120.0	84.0	98.0	119.0	83.0	91.0	90.0	91.0	133.0	91.0	92.0	122.0	88.0
212.731	80.0	108.0	76.0	84.0	113.0	81.0	83.0	110.0	83.0	85.0	110.0	78.0	88.0	83.0	82.0	115.0	82.0	85.0	108.0	82.0
212.827	83.0	112.0	84.0	83.0	109.0	76.0	79.0	117.0	78.0	88.0	110.0	78.0	86.0	77.0	81.0	115.0	79.0	79.0	111.0	87.0
212.922	76.0	116.0	87.0	82.0	108.0	85.0	87.0	116.0	73.0	86.0	111.0	79.0	83.0	86.0	83.0	117.0	84.0	77.0	106.0	85.0
213.017	76.0	109.0	83.0	88.0	109.0	77.0	79.0	115.0	80.0	80.0	112.0	78.0	83.0	80.0	84.0	114.0	76.0	84.0	107.0	87.0
213.112	83.0	105.0	83.0	86.0	119.0	85.0	84.0	120.0	85.0	87.0	108.0	78.0	84.0	82.0	82.0	113.0	79.0	81.0	114.0	83.0
213.208	78.0	111.0	82.0	85.0	114.0	83.0	81.0	117.0	82.0	88.0	106.0	83.0	90.0	84.0	83.0	118.0	82.0	80.0	111.0	80.0
213.303	83.0	108.0	85.0	86.0	117.0	80.0	87.0	123.0	84.0	94.0	112.0	84.0	90.0	86.0	86.0	121.0	84.0	87.0	115.0	83.0
213.398	78.0	110.0	74.0	82.0	115.0	78.0	83.0	112.0	83.0	78.0	109.0	79.0	85.0	85.0	82.0	115.0	75.0	90.0	111.0	80.0
213.494	78.0	109.0	71.0	86.0	115.0	78.0	81.0	113.0	81.0	75.0	110.0	83.0	88.0	81.0	80.0	114.0	78.0	81.0	111.0	85.0
213.589	79.0	114.0	82.0	79.0	112.0	83.0	82.0	118.0	88.0	88.0	112.0	84.0	87.0	83.0	82.0	114.0	80.0	80.0	114.0	88.0
213.684	79.0	111.0	85.0	85.0	113.0	83.0	82.0	117.0	76.0	79.0	107.0	74.0	84.0	83.0	82.0	120.0	77.0	88.0	113.0	82.0
213.78	82.0	114.0	89.0	86.0	116.0	79.0	81.0	115.0	79.0	83.0	107.0	82.0	85.0	82.0	77.0	117.0	79.0	89.0	109.0	83.0
213.875	82.0	104.0	86.0	80.0	116.0	80.0	86.0	115.0	79.0	82.0	104.0	81.0	90.0	85.0	76.0	117.0	70.0	77.0	114.0	84.0
213.971	89.0	115.0	87.0	84.0	116.0	78.0	79.0	117.0	79.0	81.0	109.0	83.0	82.0	78.0	79.0	114.0	78.0	82.0	112.0	81.0
214.066	74.0	115.0	80.0	81.0	119.0	83.0	82.0	114.0	84.0	84.0	108.0	79.0	83.0	82.0	79.0	113.0	81.0	81.0	114.0	80.0
214.162	81.0	114.0	79.0	82.0	113.0	81.0	84.0	110.0	78.0	84.0	110.0	77.0	82.0	77.0	88.0	116.0	74.0	77.0	107.0	78.0
214.257	79.0	113.0	75.0	77.0	115.0	81.0	80.0	111.0	82.0	84.0	108.0	79.0	87.0	76.0	85.0	115.0	83.0	85.0	111.0	90.0
214.353	82.0	108.0	81.0	80.0	111.0	79.0	82.0	114.0	79.0	79.0	112.0	83.0	85.0	82.0	80.0	111.0	80.0	79.0	110.0	90.0
214.448	80.0	108.0	90.0	82.0	112.0	79.0	78.0	116.0	76.0	90.0	110.0	82.0	91.0	77.0	78.0	126.0	80.0	80.0	108.0	82.0
214.544	72.0	114.0	81.0	89.0	113.0	82.0	84.0	115.0	82.0	82.0	113.0	82.0	80.0	84.0	82.0	122.0	80.0	85.0	114.0	78.0
214.639	83.0	110.0	83.0	90.0	112.0	84.0	81.0	115.0	86.0	79.0	108.0	78.0	85.0	84.0	78.0	119.0	78.0	82.0	112.0	86.0
214.735	82.0	110.0	82.0	84.0	116.0	82.0	82.0	116.0	81.0	86.0	116.0	81.0	91.0	84.0	81.0	124.0	82.0	82.0	116.0	86.0
214.83	82.0	108.0	84.0	85.0	116.0	80.0	80.0	120.0	85.0	88.0	113.0	82.0	88.0	80.0	85.0	123.0	89.0	85.0	118.0	88.0
214.926	79.0	112.0	74.0	85.0	115.0	84.0	83.0	114.0	79.0	92.0	105.0	75.0	85.0	88.0	83.0	120.0	86.0	89.0	114.0	81.0
215.022	81.0	107.0	81.0	89.0	116.0	81.0	79.0	117.0	81.0	93.0	102.0	88.0	92.0	85.0	82.0	120.0	82.0	87.0	111.0	86.0
215.117	82.0	119.0	90.0	93.0	123.0	81.0	86.0	116.0	89.0	89.0	112.0	89.0	91.0	90.0	87.0	116.0	89.0	82.0	114.0	89.0
215.213	84.0	112.0	91.0	88.0	114.0	89.0	96.0	125.0	88.0	92.0	116.0	90.0	90.0	91.0	92.0	123.0	94.0	89.0	116.0	89.0
215.308	80.0	121.0	82.0	92.0	115.0	86.0	90.0	121.0	87.0	95.0	113.0	87.0	95.0	86.0	92.0	126.0	89.0	90.0	106.0	78.0
215.404	86.0	112.0	77.0	86.0	117.0	86.0	85.0	123.0	79.0	95.0	111.0	93.0	88.0	89.0	86.0	122.0	85.0	94.0	111.0	85.0
215.5	80.0	107.0	84.0	88.0	115.0	84.0	88.0	112.0	87.0	85.0	108.0	87.0	88.0	86.0	83.0	115.0	75.0	79.0	114.0	86.0
215.596	89.0	115.0	77.0	89.0	123.0	88.0	89.0	116.0	84.0	98.0	116.0	86.0	91.0	83.0	87.0	121.0	88.0	86.0	116.0	88.0
215.691	82.0	114.0	82.0	83.0	111.0	84.0	85.0	118.0	79.0	85.0	109.0	79.0	88.0	85.0	89.0	122.0	85.0	86.0	105.0	82.0
215.787	88.0	114.0	79.0	90.0	115.0	75.0	84.0	118.0	81.0	84.0	113.0	82.0	86.0	85.0	85.0	118.0	77.0	89.0	111.0	86.0
215.883	85.0	107.0	77.0	85.0	108.0	84.0	79.0	113.0	85.0	86.0	114.0	88.0	96.0	81.0	84.0	115.0	83.0	89.0	109.0	85.0
215.979	84.0	113.0	78.0	89.0	115.0	83.0	82.0	117.0	84.0	91.0	107.0	76.0	91.0	80.0	83.0	116.0	82.0	84.0	112.0	81.0
216.074	90.0	126.0	96.0	101.0	133.0	93.0	100.0	134.0	89.0	105.0	127.0	94.0	100.0	105.0	97.0	134.0	99.0	99.0	122.0	98.0
216.17	78.0	114.0	81.0	81.0	117.0	81.0	85.0	113.0	83.0	88.0	108.0	86.0	86.0	88.0	82.0	126.0	78.0	85.0	112.0	79.0
216.266	87.0	113.0	88.0	90.0	121.0	87.0	86.0	117.0	82.0	96.0	107.0	88.0	95.0	92.0	85.0	124.0	82.0	84.0	116.0	82.0
216.362	88.0	115.0	89.0	88.0	116.0	87.0	84.0	119.0	79.0	90.0	106.0	82.0	90.0	81.0	88.0	119.0	88.0	80.0	118.0	78.0
216.458	81.0	117.0	85.0	80.0	117.0	81.0	90.0	112.0	80.0	89.0	112.0	81.0	84.0	80.0	80.0	115.0	84.0	87.0	109.0	85.0
216.553	75.0	114.0	76.0	86.0	117.0	83.0	84.0	110.0	85.0	93.0	107.0	79.0	90.0	83.0	88.0	116.0	80.0	85.0	112.0	84.0
216.649	76.0	112.0	75.0	88.0	122.0	79.0	83.0	114.0	84.0	83.0	109.0	81.0	89.0	81.0	83.0	117.0	75.0	81.0	111.0	83.0
216.745	79.0	115.0	83.0	89.0	111.0	81.0	81.0	118.0	82.0	85.0	110.0	84.0	81.0	78.0	83.0	114.0	77.0	84.0	112.0	78.0
216.841	79.0	116.0	84.0	83.0	109.0	76.0	80.0	120.0	79.0	87.0	117.0	84.0	80.0	81.0	84.0	117.0	86.0	86.0	109.0	75.0
216.937	79.0	116.0	86.0	83.0	122.0	81.0	90.0	117.0	82.0	84.0	113.0	83.0	84.0	79.0	84.0	120.0	80.0	82.0	110.0	81.0
217.033	79.0	105.0	84.0	88.0	114.0	78.0	87.0	117.0	83.0	85.0	108.0	81.0	87.0	84.0	80.0	119.0	79.0	82.0	114.0	78.0
217.129	81.0	107.0	86.0	100.0	115.0	82.0	82.0	114.0	83.0	83.0	108.0	81.0	88.0	82.0	82.0	113.0	79.0	84.0	114.0	85.0
217.225	83.0	113.0	80.0	90.0	116.0	86.0	87.0	120.0	86.0	91.0	116.0	84.0	86.0	84.0	82.0	123.0	88.0	89.0	115.0	85.0
217.321	84.0	111.0	80.0	82.0	118.0	80.0	86.0	109.0	84.0	89.0	107.0	79.0	85.0	78.0	82.0	114.0	75.0	84.0	112.0	78.0
217.417	81.0	110.0	80.0	86.0	114.0	75.0	78.0	116.0	80.0	82.0	109.0	79.0	87.0	84.0	85.0	121.0	81.0	84.0	109.0	82.0
217.513	85.0	105.0	82.0	84.0	114.0	76.0	81.0	122.0	78.0	83.0	104.0	84.0	92.0	82.0	82.0	117.0	79.0	78.0	115.0	88.0
217.609	82.0	118.0	82.0	82.0	119.0	83.0	93.0	111.0	81.0	90.0	107.0	82.0	88.0	83.0	85.0	119.0	86.0	91.0	119.0	86.0
217.705	80.0	116.0	83.0	84.0	119.0	80.0	86.0	113.0	77.0	87.0	112.0	83.0	76.0	81.0	78.0	128.0	86.0	89.0	108.0	80.0
217.801	81.0	111.0	83.0	90.0	118.0	80.0	82.0	123.0	81.0	83.0	110.0	84.0	88.0	83.0	80.0	117.0	79.0	82.0	111.0	84.0
217.897	81.0	110.0	82.0	85.0	113.0	79.0	89.0	113.0	83.0	90.0	111.0	81.0	91.0	85.0	87.0	117.0	86.0	85.0	118.0	84.0
217.993	83.0	121.0	82.0	79.0	118.0	84.0	88.0	125.0	83.0	92.0	109.0	83.0	88.0	80.0	84.0	119.0	80.0	84.0	111.0	84.0
218.089	102.0	133.0	104.0	107.0	138.0	101.0	112.0	141.0	105.0	113.0	132.0	101.0	113.0	110.0	109.0	138.0	106.0	109.0	132.0	104.0
218.185	85.0	117.0	79.0	96.0	120.0	91.0	93.0	122.0	83.0	87.0	118.0	88.0	94.0	92.0	89.0	122.0	88.0	91.0	115.0	91.0
218.282	87.0	113.0	83.0	90.0	117.0	88.0	82.0	119.0	87.0	92.0	107.0	84.0	93.0	88.0	88.0	129.0	87.0	85.0	112.0	92.0
218.378	82.0	118.0	90.0	80.0	116.0	84.0	85.0	120.0	84.0	97.0	111.0	83.0	88.0	84.0	87.0	119.0	85.0	93.0	109.0	83.0
218.474	85.0	117.0	81.0	88.0	122.0	88.0	88.0	110.0	81.0	90.0	113.0	76.0	84.0	88.0	80.0	115.0	84.0	90.0	110.0	82.0
218.57	85.0	111.0	87.0	90.0	120.0	79.0	86.0	120.0	88.0	87.0	110.0	85.0	90.0	91.0	81.0	120.0	82.0	88.0	105.0	87.0
218.666	86.0	111.0	87.0	92.0	114.0	76.0	85.0	116.0	87.0	84.0	108.0	84.0	94.0	80.0	83.0	120.0	84.0	81.0	113.0	88.0
218.762	90.0	123.0	89.0	87.0	126.0	94.0	92.0	122.0	92.0	95.0	120.0	87.0	92.0	86.0	90.0	127.0	96.0	89.0	120.0	91.0
218.859	87.0	119.0	90.0	93.0	126.0	84.0	90.0	125.0	89.0	95.0	116.0	84.0	93.0	86.0	90.0	123.0	92.0	86.0	115.0	89.0
218.955	81.0	112.0	82.0	91.0	110.0	84.0	80.0	123.0	85.0	77.0	107.0	85.0	92.0	87.0	86.0	121.0	86.0	87.0	115.0	83.0
219.051	82.0	114.0	81.0	89.0	102.0	87.0	82.0	115.0	89.0	84.0	104.0	85.0	87.0	79.0	78.0	112.0	82.0	85.0	108.0	87.0
219.147	82.0	118.0	88.0	85.0	112.0	85.0	78.0	118.0	77.0	84.0	104.0	82.0	84.0	93.0	79.0	114.0	82.0	85.0	113.0	86.0
219.244	74.0	116.0	82.0	85.0	114.0	84.0	90.0	115.0	75.0	92.0	106.0	83.0	85.0	77.0	90.0	118.0	82.0	88.0	108.0	86.0
219.34	86.0	116.0	85.0	85.0	123.0	86.0	86.0	119.0	82.0	93.0	108.0	86.0	92.0	85.0	90.0	120.0	83.0	85.0	112.0	86.0
219.436	88.0	107.0	84.0	87.0	127.0	90.0	86.0	123.0	89.0	87.0	103.0	86.0	89.0	85.0	84.0	117.0	82.0	87.0	116.0	85.0
219.533	83.0	114.0	84.0	93.0	116.0	89.0	84.0	126.0	86.0	94.0	106.0	81.0	95.0	85.0	89.0	119.0	88.0	87.0	119.0	84.0
219.629	81.0	112.0	82.0	85.0	116.0	82.0	86.0	115.0	84.0	86.0	110.0	81.0	81.0	82.0	80.0	121.0	84.0	80.0	109.0	86.0
219.725	82.0	113.0	81.0	94.0	117.0	82.0	87.0	115.0	79.0	89.0	110.0	76.0	88.0	83.0	76.0	120.0	82.0	83.0	110.0	85.0
219.822	83.0	117.0	88.0	94.0	113.0	86.0	84.0	121.0	84.0	80.0	117.0	90.0	90.0	91.0	86.0	122.0	86.0	86.0	114.0	87.0
219.918	85.0	112.0	90.0	91.0	111.0	81.0	84.0	114.0	80.0	86.0	109.0	85.0	89.0	80.0	82.0	117.0	77.0	85.0	109.0	83.0
220.015	89.0	118.0	92.0	95.0	121.0	88.0	94.0	124.0	85.0	90.0	112.0	83.0	90.0	84.0	80.0	118.0	90.0	89.0	118.0	83.0
220.111	79.0	114.0	79.0	89.0	116.0	76.0	84.0	116.0	82.0	88.0	113.0	79.0	87.0	85.0	77.0	119.0	85.0	86.0	114.0	83.0
220.208	84.0	106.0	78.0	91.0	114.0	81.0	86.0	116.0	79.0	88.0	104.0	81.0	93.0	80.0	81.0	114.0	90.0	78.0	110.0	85.0
220.304	83.0	114.0	82.0	85.0	115.0	82.0	88.0	118.0	83.0	86.0	113.0	81.0	92.0	84.0	89.0	118.0	86.0	82.0	119.0	84.0
220.4	81.0	114.0	87.0	81.0	122.0	81.0	87.0	118.0	80.0	90.0	110.0	85.0	89.0	78.0	82.0	121.0	84.0	90.0	109.0	85.0
220.497	80.0	115.0	80.0	88.0	118.0	78.0	92.0	116.0	85.0	88.0	109.0	83.0	90.0	88.0	82.0	121.0	81.0	87.0	112.0	80.0
220.593	82.0	110.0	83.0	91.0	120.0	81.0	78.0	117.0	81.0	83.0	110.0	80.0	88.0	83.0	81.0	117.0	82.0	82.0	113.0	82.0
220.69	80.0	113.0	86.0	90.0	114.0	84.0	81.0	120.0	86.0	95.0	107.0	82.0	95.0	81.0	85.0	114.0	85.0	79.0	110.0	81.0
220.786	95.0	125.0	98.0	91.0	125.0	94.0	97.0	129.0	91.0	101.0	121.0	95.0	104.0	94.0	95.0	128.0	95.0	98.0	119.0	93.0
220.883	80.0	113.0	81.0	87.0	123.0	85.0	85.0	116.0	91.0	79.0	108.0	88.0	88.0	78.0	82.0	123.0	82.0	86.0	106.0	83.0
220.98	80.0	110.0	85.0	85.0	108.0	82.0	83.0	117.0	86.0	87.0	109.0	87.0	85.0	82.0	75.0	120.0	82.0	82.0	110.0	83.0
221.076	81.0	110.0	80.0	82.0	115.0	77.0	86.0	108.0	77.0	83.0	107.0	86.0	84.0	89.0	82.0	121.0	84.0	83.0	111.0	87.0
221.173	80.0	117.0	86.0	86.0	120.0	87.0	91.0	125.0	80.0	92.0	117.0	86.0	89.0	78.0	89.0	114.0	88.0	91.0	111.0	85.0
221.269	82.0	111.0	81.0	86.0	110.0	80.0	85.0	123.0	83.0	90.0	108.0	86.0	84.0	81.0	85.0	117.0	79.0	86.0	108.0	81.0
221.366	84.0	113.0	79.0	84.0	117.0	86.0	80.0	122.0	79.0	86.0	105.0	82.0	91.0	85.0	85.0	119.0	83.0	82.0	110.0	87.0
221.463	82.0	110.0	83.0	90.0	110.0	84.0	88.0	123.0	86.0	90.0	114.0	84.0	91.0	87.0	80.0	115.0	81.0	86.0	112.0	86.0
221.559	83.0	117.0	84.0	91.0	115.0	87.0	92.0	117.0	87.0	88.0	110.0	82.0	88.0	87.0	84.0	124.0	83.0	82.0	110.0	80.0
221.656	79.0	117.0	81.0	88.0	118.0	81.0	89.0	120.0	83.0	91.0	114.0	86.0	93.0	88.0	84.0	126.0	84.0	92.0	115.0	89.0
221.753	89.0	111.0	79.0	86.0	118.0	79.0	87.0	117.0	81.0	90.0	106.0	82.0	89.0	83.0	81.0	117.0	75.0	85.0	114.0	88.0
221.849	84.0	111.0	84.0	90.0	120.0	87.0	96.0	122.0	87.0	86.0	114.0	83.0	96.0	81.0	87.0	120.0	84.0	86.0	115.0	90.0
221.946	80.0	115.0	86.0	88.0	118.0	88.0	92.0	122.0	85.0	93.0	112.0	92.0	92.0	79.0	90.0	122.0	90.0	88.0	106.0	89.0
222.043	86.0	113.0	84.0	91.0	123.0	84.0	89.0	120.0	92.0	99.0	109.0	86.0	98.0	92.0	89.0	121.0	88.0	92.0	114.0	93.0
222.14	85.0	111.0	81.0	93.0	128.0	89.0	87.0	122.0	90.0	96.0	114.0	90.0	97.0	96.0	93.0	130.0	89.0	93.0	114.0	90.0
222.236	83.0	110.0	91.0	92.0	120.0	90.0	84.0	123.0	92.0	88.0	108.0	86.0	98.0	95.0	90.0	123.0	90.0	90.0	107.0	90.0
222.333	76.0	116.0	84.0	87.0	116.0	90.0	89.0	124.0	86.0	89.0	113.0	89.0	94.0	91.0	90.0	119.0	84.0	94.0	109.0	84.0
222.43	93.0	115.0	84.0	91.0	133.0	92.0	100.0	134.0	97.0	102.0	113.0	96.0	98.0	95.0	104.0	129.0	95.0	99.0	108.0	93.0
222.527	90.0	118.0	82.0	90.0	131.0	95.0	100.0	132.0	91.0	97.0	108.0	93.0	101.0	96.0	92.0	128.0	90.0	89.0	115.0	96.0
222.624	93.0	109.0	91.0	89.0	123.0	90.0	92.0	122.0	92.0	95.0	117.0	91.0	90.0	89.0	90.0	125.0	90.0	87.0	116.0	93.0
222.72	82.0	113.0	84.0	86.0	118.0	86.0	84.0	119.0	87.0	89.0	112.0	84.0	88.0	81.0	83.0	118.0	87.0	86.0	107.0	91.0
222.817	84.0	114.0	84.0	85.0	117.0	76.0	90.0	117.0	84.0	91.0	106.0	79.0	92.0	91.0	86.0	117.0	81.0	91.0	110.0	86.0
222.914	77.0	118.0	78.0	86.0	117.0	77.0	82.0	117.0	83.0	89.0	107.0	84.0	87.0	85.0	84.0	121.0	85.0	83.0	116.0	81.0
223.011	80.0	107.0	82.0	86.0	107.0	87.0	77.0	116.0	80.0	86.0	111.0	80.0	87.0	87.0	83.0	116.0	83.0	87.0	113.0	89.0
223.108	91.0	129.0	96.0	104.0	128.0	97.0	98.0	130.0	97.0	102.0	123.0	95.0	105.0	102.0	96.0	128.0	94.0	94.0	128.0	91.0
223.205	87.0	115.0	85.0	91.0	119.0	86.0	91.0	120.0	86.0	97.0	118.0	92.0	90.0	92.0	88.0	117.0	91.0	87.0	104.0	84.0
223.302	82.0	115.0	82.0	86.0	114.0	86.0	90.0	123.0	89.0	88.0	105.0	82.0	92.0	89.0	86.0	125.0	81.0	82.0	110.0	87.0
223.399	80.0	111.0	84.0	89.0	114.0	85.0	87.0	117.0	87.0	88.0	106.0	84.0	90.0	90.0	81.0	119.0	79.0	77.0	108.0	88.0
223.496	87.0	115.0	87.0	81.0	112.0	88.0	87.0	123.0	85.0	90.0	108.0	85.0	87.0	88.0	81.0	115.0	80.0	89.0	111.0	90.0
223.593	85.0	116.0	84.0	86.0	117.0	80.0	88.0	122.0	83.0	91.0	112.0	87.0	91.0	82.0	86.0	117.0	83.0	85.0	110.0	90.0
223.69	112.0	145.0	107.0	116.0	150.0	105.0	110.0	144.0	113.0	113.0	135.0	109.0	112.0	108.0	110.0	146.0	107.0	113.0	135.0	110.0
223.787	84.0	108.0	78.0	90.0	117.0	80.0	83.0	127.0	92.0	91.0	117.0	91.0	95.0	95.0	91.0	123.0	89.0	85.0	107.0	89.0
223.884	78.0	113.0	84.0	88.0	124.0	91.0	87.0	117.0	84.0	97.0	108.0	87.0	89.0	89.0	88.0	118.0	85.0	88.0	116.0	83.0
223.981	78.0	112.0	80.0	91.0	121.0	83.0	82.0	119.0	82.0	89.0	110.0	83.0	83.0	84.0	83.0	117.0	82.0	85.0	104.0	78.0
224.078	92.0	114.0	91.0	96.0	128.0	89.0	86.0	128.0	87.0	100.0	105.0	88.0	93.0	88.0	85.0	123.0	89.0	91.0	120.0	86.0
224.175	87.0	113.0	81.0	92.0	117.0	81.0	83.0	121.0	87.0	90.0	109.0	85.0	94.0	88.0	83.0	117.0	80.0	84.0	111.0	88.0
224.272	91.0	110.0	80.0	85.0	119.0	87.0	86.0	125.0	93.0	95.0	115.0	86.0	90.0	83.0	86.0	124.0	88.0	90.0	116.0	86.0
224.369	85.0	117.0	91.0	86.0	118.0	85.0	93.0	130.0	89.0	100.0	110.0	92.0	96.0	88.0	92.0	126.0	89.0	94.0	118.0	88.0
224.466	87.0	115.0	87.0	95.0	115.0	86.0	92.0	121.0	92.0	89.0	111.0	85.0	94.0	88.0	87.0	126.0	90.0	84.0	112.0	92.0
224.563	93.0	113.0	84.0	87.0	117.0	85.0	84.0	121.0	87.0	86.0	115.0	88.0	92.0	95.0	84.0	121.0	88.0	87.0	115.0	89.0
224.66	89.0	118.0	92.0	87.0	116.0	88.0	91.0	130.0	83.0	97.0	111.0	88.0	100.0	91.0	89.0	118.0	85.0	91.0	112.0	93.0
224.757	83.0	117.0	87.0	89.0	124.0	90.0	96.0	130.0	84.0	97.0	110.0	95.0	92.0	90.0	87.0	122.0	92.0	96.0	111.0	92.0
224.855	86.0	119.0	82.0	89.0	115.0	87.0	89.0	123.0	85.0	92.0	106.0	89.0	93.0	88.0	88.0	120.0	86.0	87.0	104.0	84.0
224.952	85.0	107.0	87.0	87.0	118.0	85.0	84.0	114.0	90.0	93.0	109.0	90.0	89.0	91.0	80.0	120.0	88.0	83.0	111.0	80.0
225.049	86.0	112.0	81.0	86.0	121.0	92.0	90.0	120.0	89.0	91.0	114.0	85.0	93.0	84.0	86.0	112.0	89.0	84.0	112.0	83.0
225.146	79.0	112.0	86.0	88.0	120.0	84.0	86.0	122.0	85.0	92.0	116.0	81.0	88.0	90.0	87.0	125.0	89.0	90.0	112.0	83.0
225.243	82.0	119.0	86.0	88.0	120.0	80.0	84.0	124.0	93.0	90.0	109.0	85.0	95.0	87.0	86.0	119.0	85.0	92.0	110.0	89.0
225.341	80.0	112.0	84.0	94.0	117.0	95.0	85.0	129.0	93.0	90.0	113.0	88.0	95.0	88.0	90.0	127.0	91.0	86.0	110.0	86.0
225.438	90.0	119.0	87.0	105.0	127.0	108.0	98.0	145.0	104.0	113.0	112.0	102.0	112.0	107.0	101.0	134.0	103.0	106.0	113.0	101.0
225.535	91.0	120.0	96.0	102.0	132.0	109.0	104.0	145.0	105.0	124.0	113.0	104.0	111.0	108.0	105.0	132.0	104.0	112.0	111.0	99.0
225.633	91.0	116.0	87.0	93.0	128.0	97.0	94.0	130.0	91.0	100.0	115.0	94.0	96.0	95.0	91.0	128.0	95.0	93.0	110.0	98.0
225.73	89.0	116.0	83.0	96.0	123.0	95.0	89.0	130.0	95.0	97.0	105.0	92.0	95.0	87.0	88.0	124.0	93.0	89.0	120.0	87.0
225.827	84.0	113.0	87.0	89.0	120.0	87.0	92.0	121.0	87.0	102.0	112.0	85.0	92.0	89.0	86.0	121.0	87.0	86.0	119.0	89.0
225.924	85.0	118.0	84.0	87.0	120.0	85.0	89.0	122.0	82.0	94.0	112.0	85.0	86.0	84.0	89.0	117.0	83.0	87.0	115.0	92.0
226.022	96.0	124.0	95.0	100.0	132.0	93.0	101.0	124.0	98.0	107.0	123.0	95.0	102.0	100.0	96.0	129.0	94.0	102.0	116.0	98.0
226.119	87.0	116.0	87.0	94.0	117.0	88.0	90.0	123.0	96.0	98.0	112.0	84.0	102.0	93.0	100.0	126.0	89.0	87.0	109.0	88.0
226.217	94.0	115.0	86.0	98.0	135.0	104.0	96.0	142.0	100.0	110.0	110.0	98.0	113.0	97.0	106.0	132.0	101.0	103.0	110.0	98.0
226.314	88.0	122.0	96.0	105.0	136.0	116.0	108.0	146.0	104.0	116.0	111.0	104.0	110.0	104.0	109.0	132.0	104.0	109.0	113.0	103.0
226.411	91.0	121.0	89.0	93.0	129.0	93.0	99.0	127.0	89.0	96.0	112.0	93.0	92.0	92.0	96.0	127.0	93.0	97.0	114.0	87.0
226.509	89.0	106.0	81.0	88.0	115.0	84.0	85.0	117.0	80.0	92.0	107.0	86.0	95.0	90.0	76.0	119.0	81.0	84.0	110.0	90.0
226.606	88.0	117.0	84.0	101.0	121.0	88.0	99.0	128.0	91.0	97.0	112.0	88.0	95.0	91.0	87.0	119.0	87.0	91.0	117.0	87.0
226.704	81.0	116.0	90.0	92.0	129.0	94.0	99.0	126.0	91.0	94.0	121.0	90.0	94.0	86.0	97.0	129.0	88.0	86.0	113.0	92.0
226.801	85.0	112.0	82.0	91.0	121.0	84.0	86.0	118.0	90.0	98.0	114.0	87.0	90.0	87.0	86.0	120.0	85.0	83.0	110.0	86.0
226.899	90.0	113.0	83.0	93.0	120.0	90.0	91.0	125.0	88.0	90.0	113.0	85.0	94.0	92.0	89.0	124.0	88.0	90.0	111.0	88.0
226.996	89.0	112.0	84.0	93.0	116.0	89.0	83.0	119.0	84.0	93.0	111.0	87.0	94.0	83.0	88.0	121.0	87.0	92.0	115.0	89.0
227.094	80.0	116.0	97.0	92.0	123.0	89.0	95.0	123.0	96.0	92.0	115.0	88.0	99.0	88.0	88.0	126.0	94.0	91.0	118.0	86.0
227.191	86.0	114.0	82.0	83.0	125.0	82.0	91.0	126.0	83.0	96.0	111.0	84.0	88.0	86.0	89.0	126.0	84.0	89.0	104.0	83.0
227.289	85.0	112.0	87.0	91.0	114.0	87.0	89.0	120.0	85.0	94.0	104.0	86.0	87.0	86.0	85.0	124.0	86.0	86.0	112.0	91.0
227.386	90.0	110.0	88.0	89.0	123.0	87.0	86.0	128.0	88.0	95.0	110.0	87.0	93.0	90.0	82.0	122.0	89.0	87.0	114.0	91.0
227.484	86.0	119.0	86.0	81.0	118.0	89.0	94.0	125.0	89.0	101.0	112.0	96.0	96.0	85.0	84.0	121.0	83.0	93.0	107.0	86.0
227.581	87.0	119.0	90.0	89.0	116.0	80.0	88.0	119.0	89.0	100.0	111.0	83.0	88.0	79.0	93.0	119.0	86.0	86.0	114.0	91.0
227.679	103.0	134.0	101.0	108.0	130.0	98.0	100.0	134.0	99.0	106.0	126.0	102.0	112.0	98.0	102.0	137.0	101.0	101.0	125.0	101.0
227.777	87.0	123.0	87.0	94.0	119.0	90.0	90.0	127.0	88.0	95.0	110.0	94.0	93.0	89.0	80.0	123.0	91.0	91.0	118.0	86.0
227.874	84.0	116.0	85.0	91.0	116.0	90.0	90.0	125.0	90.0	95.0	104.0	85.0	95.0	87.0	86.0	114.0	82.0	87.0	112.0	88.0
227.972	83.0	115.0	83.0	90.0	120.0	92.0	90.0	123.0	86.0	97.0	114.0	87.0	92.0	87.0	88.0	122.0	88.0	85.0	106.0	91.0
228.069	82.0	114.0	84.0	90.0	118.0	90.0	86.0	122.0	93.0	90.0	108.0	89.0	91.0	86.0	86.0	119.0	85.0	86.0	106.0	85.0
228.167	87.0	114.0	89.0	90.0	119.0	88.0	89.0	127.0	88.0	90.0	117.0	86.0	93.0	85.0	87.0	126.0	83.0	84.0	107.0	88.0
228.265	86.0	114.0	86.0	90.0	118.0	89.0	89.0	121.0	86.0	98.0	110.0	86.0	89.0	91.0	88.0	121.0	83.0	89.0	105.0	90.0
228.363	86.0	115.0	86.0	94.0	119.0	87.0	92.0	127.0	87.0	98.0	114.0	83.0	93.0	84.0	92.0	126.0	83.0	89.0	110.0	86.0
228.46	85.0	114.0	83.0	91.0	120.0	83.0	85.0	127.0	86.0	92.0	112.0	82.0	89.0	79.0	80.0	118.0	87.0	88.0	112.0	90.0
228.558	88.0	115.0	86.0	89.0	125.0	85.0	87.0	132.0	88.0	88.0	112.0	89.0	89.0	84.0	87.0	125.0	87.0	86.0	115.0	88.0
228.656	87.0	113.0	89.0	94.0	122.0	82.0	91.0	136.0	96.0	98.0	114.0	81.0	98.0	87.0	90.0	123.0	84.0	85.0	108.0	82.0
228.753	108.0	135.0	107.0	110.0	146.0	106.0	106.0	153.0	105.0	122.0	131.0	106.0	107.0	110.0	102.0	141.0	108.0	108.0	128.0	100.0
228.851	95.0	116.0	90.0	99.0	127.0	89.0	95.0	145.0	91.0	106.0	114.0	87.0	98.0	94.0	87.0	129.0	88.0	90.0	109.0	89.0
228.949	90.0	116.0	92.0	98.0	133.0	86.0	94.0	165.0	99.0	123.0	115.0	86.0	99.0	89.0	90.0	128.0	87.0	86.0	115.0	89.0
229.047	84.0	116.0	92.0	95.0	139.0	93.0	95.0	179.0	93.0	143.0	112.0	92.0	97.0	91.0	94.0	122.0	92.0	87.0	114.0	87.0
229.145	87.0	115.0	89.0	93.0	127.0	88.0	91.0	161.0	90.0	120.0	108.0	94.0	99.0	86.0	88.0	120.0	94.0	83.0	113.0	89.0
229.242	80.0	112.0	82.0	91.0	124.0	88.0	88.0	142.0	90.0	109.0	112.0	87.0	93.0	87.0	90.0	120.0	88.0	86.0	116.0	86.0
229.34	85.0	112.0	84.0	97.0	125.0	85.0	89.0	137.0	90.0	91.0	107.0	92.0	95.0	89.0	91.0	123.0	90.0	93.0	110.0	91.0
229.438	85.0	113.0	84.0	98.0	117.0	89.0	88.0	136.0	94.0	97.0	110.0	90.0	100.0	89.0	88.0	120.0	87.0	90.0	117.0	86.0
229.536	83.0	116.0	92.0	84.0	121.0	88.0	88.0	125.0	87.0	99.0	106.0	88.0	91.0	87.0	86.0	118.0	86.0	88.0	104.0	78.0
229.634	89.0	118.0	89.0	98.0	127.0	96.0	98.0	126.0	96.0	96.0	109.0	94.0	94.0	90.0	91.0	129.0	94.0	94.0	109.0	95.0
229.732	88.0	119.0	84.0	97.0	120.0	95.0	96.0	127.0	87.0	96.0	104.0	92.0	94.0	94.0	89.0	124.0	84.0	92.0	117.0	88.0
229.83	90.0	112.0	88.0	96.0	117.0	87.0	89.0	128.0	89.0	90.0	109.0	87.0	94.0	86.0	77.0	120.0	83.0	88.0	115.0	88.0
229.928	87.0	120.0	86.0	90.0	126.0	99.0	90.0	138.0	98.0	101.0	115.0	91.0	99.0	91.0	92.0	123.0	95.0	95.0	116.0	95.0
230.026	84.0	117.0	83.0	88.0	119.0	88.0	95.0	126.0	91.0	95.0	114.0	84.0	100.0	90.0	89.0	123.0	84.0	87.0	111.0	93.0
230.124	85.0	115.0	84.0	90.0	116.0	82.0	92.0	123.0	88.0	93.0	110.0	87.0	93.0	90.0	80.0	123.0	84.0	84.0	108.0	93.0
230.222	80.0	114.0	88.0	91.0	118.0	88.0	85.0	125.0	86.0	93.0	116.0	84.0	103.0	84.0	83.0	112.0	84.0	91.0	110.0	88.0
230.32	87.0	113.0	90.0	92.0	119.0	85.0	94.0	124.0	81.0	95.0	110.0	91.0	88.0	90.0	81.0	118.0	86.0	85.0	111.0	79.0
230.418	84.0	124.0	84.0	92.0	123.0	90.0	95.0	116.0	87.0	93.0	100.0	89.0	85.0	87.0	89.0	119.0	83.0	94.0	109.0	88.0
230.516	91.0	119.0	85.0	94.0	120.0	92.0	91.0	128.0	90.0	94.0	111.0	89.0	88.0	86.0	82.0	129.0	88.0	88.0	115.0	88.0
230.614	87.0	116.0	84.0	91.0	121.0	86.0	92.0	127.0	88.0	91.0	115.0	89.0	100.0	94.0	79.0	126.0	81.0	88.0	106.0	88.0
230.712	93.0	120.0	87.0	88.0	124.0	95.0	98.0	127.0	86.0	98.0	116.0	85.0	96.0	91.0	92.0	123.0	83.0	91.0	116.0	89.0
230.81	81.0	118.0	86.0	93.0	121.0	85.0	92.0	118.0	91.0	96.0	106.0	82.0	93.0	85.0	87.0	118.0	82.0	85.0	109.0	88.0
230.908	82.0	116.0	88.0	90.0	119.0	85.0	86.0	122.0	90.0	91.0	110.0	90.0	97.0	91.0	90.0	123.0	83.0	85.0	111.0	93.0
231.006	93.0	116.0	91.0	99.0	124.0	93.0	90.0	129.0	97.0	93.0	114.0	93.0	94.0	93.0	84.0	117.0	82.0	91.0	116.0	94.0
231.104	82.0	116.0	91.0	92.0	127.0	90.0	93.0	130.0	94.0	98.0	114.0	88.0	90.0	90.0	85.0	120.0	84.0	86.0	117.0	85.0
231.202	90.0	118.0	83.0	87.0	123.0	87.0	95.0	124.0	84.0	99.0	106.0	88.0	86.0	92.0	87.0	122.0	87.0	85.0	112.0	86.0
231.3	95.0	117.0	80.0	91.0	122.0	85.0	95.0	129.0	96.0	96.0	112.0	87.0	91.0	85.0	86.0	121.0	86.0	89.0	109.0	88.0
231.398	89.0	117.0	89.0	90.0	119.0	90.0	93.0	130.0	89.0	96.0	107.0	92.0	92.0	88.0	88.0	122.0	80.0	88.0	112.0	88.0
231.497	89.0	113.0	89.0	86.0	121.0	92.0	89.0	133.0	90.0	92.0	114.0	90.0	96.0	86.0	92.0	120.0	88.0	88.0	114.0	92.0
231.595	88.0	119.0	87.0	87.0	118.0	84.0	87.0	122.0	90.0	92.0	112.0	84.0	91.0	83.0	89.0	126.0	89.0	85.0	111.0	92.0
231.693	90.0	118.0	83.0	90.0	119.0	89.0	90.0	125.0	87.0	99.0	111.0	85.0	92.0	82.0	82.0	123.0	85.0	91.0	108.0	90.0
231.791	99.0	125.0	94.0	103.0	128.0	96.0	90.0	138.0	95.0	97.0	119.0	95.0	101.0	100.0	94.0	135.0	93.0	96.0	119.0	97.0
231.889	91.0	122.0	91.0	99.0	128.0	93.0	93.0	132.0	88.0	104.0	112.0	92.0	93.0	87.0	91.0	125.0	87.0	89.0	118.0	88.0
231.988	90.0	120.0	92.0	93.0	124.0	94.0	94.0	124.0	85.0	94.0	103.0	86.0	87.0	88.0	90.0	123.0	82.0	93.0	106.0	83.0
232.086	95.0	123.0	85.0	92.0	123.0	94.0	92.0	124.0	89.0	98.0	110.0	88.0	94.0	94.0	83.0	125.0	80.0	89.0	113.0	87.0
232.184	94.0	111.0	80.0	96.0	125.0	88.0	93.0	131.0	96.0	93.0	108.0	96.0	96.0	102.0	89.0	126.0	86.0	88.0	116.0	92.0
232.282	90.0	110.0	89.0	93.0	121.0	90.0	96.0	133.0	95.0	96.0	112.0	94.0	101.0	95.0	87.0	121.0	86.0	95.0	118.0	91.0
232.381	93.0	120.0	88.0	92.0	121.0	90.0	93.0	126.0	97.0	106.0	110.0	95.0	96.0	94.0	91.0	124.0	97.0	90.0	109.0	85.0
232.479	99.0	122.0	87.0	97.0	122.0	89.0	96.0	126.0	93.0	104.0	116.0	96.0	101.0	98.0	96.0	129.0	93.0	93.0	114.0	94.0
232.577	108.0	120.0	92.0	101.0	121.0	89.0	98.0	136.0	100.0	104.0	114.0	99.0	108.0	112.0	91.0	136.0	94.0	98.0	108.0	92.0
232.676	108.0	123.0	96.0	96.0	135.0	95.0	98.0	139.0	94.0	112.0	107.0	96.0	102.0	114.0	98.0	130.0	90.0	103.0	117.0	93.0
232.774	97.0	125.0	95.0	93.0	136.0	91.0	99.0	134.0	99.0	109.0	113.0	98.0	95.0	96.0	97.0	133.0	100.0	95.0	108.0	97.0
232.872	101.0	119.0	92.0	96.0	129.0	96.0	100.0	136.0	98.0	110.0	108.0	92.0	102.0	99.0	99.0	134.0	94.0	96.0	110.0	92.0
232.971	102.0	123.0	100.0	105.0	130.0	102.0	102.0	136.0	101.0	109.0	121.0	100.0	111.0	103.0	94.0	135.0	96.0	96.0	118.0	100.0
233.069	96.0	121.0	88.0	97.0	123.0	93.0	93.0	131.0	97.0	102.0	114.0	95.0	101.0	99.0	92.0	125.0	91.0	92.0	106.0	98.0
233.168	104.0	125.0	96.0	91.0	127.0	93.0	100.0	127.0	103.0	112.0	115.0	95.0	107.0	100.0	97.0	135.0	95.0	98.0	112.0	95.0
233.266	100.0	127.0	88.0	101.0	123.0	93.0	107.0	133.0	102.0	107.0	109.0	98.0	104.0	105.0	93.0	132.0	95.0	95.0	112.0	97.0
233.364	92.0	119.0	91.0	100.0	126.0	96.0	97.0	132.0	102.0	107.0	118.0	99.0	99.0	101.0	95.0	129.0	89.0	93.0	113.0	102.0
233.463	92.0	126.0	96.0	97.0	132.0	98.0	99.0	134.0	102.0	106.0	108.0	97.0	104.0	100.0	98.0	124.0	97.0	94.0	115.0	96.0
233.561	97.0	123.0	94.0	100.0	136.0	98.0	98.0	141.0	101.0	111.0	110.0	99.0	108.0	110.0	101.0	136.0	99.0	99.0	106.0	97.0
233.66	126.0	130.0	92.0	100.0	130.0	97.0	105.0	142.0	104.0	113.0	112.0	100.0	112.0	132.0	102.0	142.0	98.0	112.0	114.0	101.0
233.758	130.0	133.0	89.0	106.0	130.0	96.0	102.0	141.0	104.0	112.0	115.0	95.0	116.0	125.0	93.0	141.0	93.0	112.0	119.0	102.0
233.857	114.0	117.0	97.0	97.0	128.0	94.0	99.0	137.0	105.0	108.0	109.0	94.0	104.0	106.0	94.0	129.0	90.0	96.0	116.0	99.0
233.955	104.0	120.0	89.0	95.0	136.0	107.0	99.0	144.0	110.0	122.0	109.0	102.0	104.0	101.0	106.0	130.0	102.0	99.0	113.0	97.0
234.054	106.0	124.0	94.0	103.0	142.0	105.0	103.0	142.0	118.0	126.0	114.0	102.0	118.0	114.0	105.0	134.0	109.0	105.0	114.0	103.0
234.153	125.0	130.0	94.0	104.0	130.0	97.0	101.0	148.0	108.0	109.0	110.0	102.0	114.0	123.0	105.0	144.0	97.0	102.0	116.0	105.0
234.251	109.0	129.0	93.0	98.0	131.0	105.0	102.0	140.0	100.0	111.0	116.0	97.0	107.0	115.0	95.0	133.0	93.0	104.0	112.0	97.0
234.35	97.0	121.0	95.0	98.0	130.0	93.0	91.0	130.0	89.0	102.0	110.0	91.0	95.0	101.0	95.0	123.0	93.0	100.0	116.0	90.0
234.448	98.0	124.0	99.0	97.0	127.0	97.0	98.0	135.0	91.0	102.0	108.0	94.0	100.0	103.0	98.0	128.0	90.0	94.0	113.0	97.0
234.547	93.0	120.0	89.0	97.0	123.0	99.0	98.0	128.0	94.0	100.0	111.0	96.0	93.0	88.0	89.0	120.0	89.0	92.0	117.0	89.0
234.645	96.0	114.0	93.0	97.0	120.0	88.0	98.0	132.0	91.0	102.0	116.0	92.0	94.0	96.0	87.0	122.0	89.0	93.0	116.0	96.0
234.744	94.0	120.0	95.0	94.0	126.0	101.0	95.0	135.0	95.0	103.0	112.0	92.0	103.0	100.0	95.0	129.0	92.0	93.0	113.0	94.0
234.843	98.0	120.0	95.0	98.0	128.0	88.0	99.0	132.0	100.0	105.0	121.0	94.0	98.0	99.0	97.0	124.0	88.0	102.0	113.0	102.0
234.941	94.0	118.0	90.0	100.0	118.0	89.0	94.0	127.0	96.0	101.0	114.0	93.0	95.0	100.0	90.0	131.0	91.0	96.0	113.0	92.0
235.04	90.0	123.0	95.0	93.0	121.0	95.0	92.0	128.0	89.0	95.0	107.0	89.0	93.0	102.0	89.0	123.0	88.0	88.0	113.0	89.0
235.139	95.0	121.0	93.0	97.0	125.0	96.0	95.0	129.0	85.0	105.0	109.0	95.0	96.0	98.0	91.0	125.0	88.0	93.0	116.0	87.0
235.238	93.0	121.0	89.0	95.0	122.0	90.0	94.0	129.0	91.0	101.0	109.0	96.0	93.0	99.0	93.0	128.0	89.0	97.0	107.0	90.0
235.336	110.0	130.0	90.0	96.0	129.0	90.0	103.0	132.0	99.0	106.0	112.0	93.0	101.0	112.0	96.0	137.0	86.0	98.0	117.0	94.0
235.435	103.0	124.0	90.0	102.0	123.0	94.0	96.0	130.0	93.0	97.0	110.0	90.0	98.0	104.0	90.0	129.0	88.0	96.0	112.0	89.0
235.534	88.0	116.0	90.0	89.0	123.0	89.0	93.0	127.0	84.0	99.0	113.0	91.0	92.0	96.0	90.0	130.0	88.0	90.0	111.0	84.0
235.632	92.0	124.0	86.0	97.0	128.0	91.0	91.0	122.0	89.0	92.0	114.0	87.0	95.0	96.0	93.0	120.0	92.0	89.0	112.0	88.0
235.731	94.0	121.0	87.0	96.0	117.0	93.0	96.0	126.0	91.0	89.0	109.0	89.0	94.0	93.0	90.0	121.0	85.0	91.0	113.0	96.0
235.83	104.0	124.0	88.0	97.0	122.0	93.0	91.0	141.0	91.0	102.0	114.0	94.0	98.0	107.0	91.0	125.0	79.0	95.0	113.0	90.0
235.929	101.0	122.0	94.0	91.0	127.0	91.0	95.0	126.0	89.0	94.0	109.0	96.0	91.0	98.0	90.0	124.0	86.0	91.0	115.0	92.0
236.028	97.0	118.0	90.0	97.0	127.0	91.0	95.0	128.0	90.0	101.0	110.0	96.0	97.0	85.0	89.0	125.0	92.0	89.0	115.0	86.0
236.127	105.0	131.0	99.0	106.0	138.0	96.0	106.0	141.0	103.0	111.0	118.0	100.0	109.0	104.0	105.0	140.0	96.0	106.0	121.0	97.0
236.225	103.0	119.0	89.0	94.0	123.0	88.0	92.0	130.0	89.0	96.0	108.0	94.0	102.0	94.0	80.0	127.0	86.0	85.0	113.0	85.0
236.324	96.0	113.0	91.0	96.0	130.0	93.0	98.0	135.0	94.0	105.0	107.0	87.0	93.0	99.0	87.0	128.0	84.0	90.0	114.0	89.0
236.423	95.0	119.0	90.0	91.0	124.0	94.0	96.0	125.0	95.0	105.0	111.0	89.0	93.0	98.0	92.0	134.0	90.0	95.0	108.0	89.0
236.522	101.0	119.0	86.0	100.0	125.0	88.0	98.0	134.0	92.0	102.0	115.0	90.0	100.0	91.0	94.0	126.0	88.0	96.0	108.0	96.0
236.621	94.0	120.0	93.0	94.0	127.0	89.0	95.0	138.0	102.0	103.0	116.0	94.0	111.0	108.0	93.0	121.0	88.0	98.0	116.0	93.0
236.72	98.0	122.0	90.0	98.0	125.0	90.0	100.0	136.0	85.0	110.0	117.0	91.0	98.0	110.0	95.0	131.0	92.0	97.0	116.0	87.0
236.819	115.0	134.0	98.0	107.0	140.0	104.0	109.0	149.0	114.0	130.0	118.0	110.0	113.0	118.0	114.0	137.0	105.0	99.0	116.0	98.0
236.918	107.0	129.0	88.0	98.0	133.0	99.0	104.0	132.0	101.0	113.0	116.0	97.0	105.0	104.0	101.0	130.0	92.0	98.0	111.0	95.0
237.017	95.0	116.0	88.0	89.0	125.0	93.0	98.0	133.0	96.0	102.0	108.0	98.0	96.0	101.0	85.0	122.0	88.0	87.0	112.0	90.0
237.116	98.0	121.0	95.0	96.0	122.0	94.0	97.0	135.0	95.0	106.0	115.0	95.0	98.0	108.0	90.0	127.0	91.0	89.0	112.0	93.0
237.215	103.0	125.0	86.0	95.0	133.0	90.0	100.0	129.0	98.0	107.0	116.0	92.0	99.0	96.0	94.0	126.0	91.0	95.0	113.0	93.0
237.314	112.0	125.0	88.0	99.0	124.0	92.0	98.0	133.0	101.0	109.0	113.0	98.0	103.0	105.0	92.0	128.0	88.0	97.0	114.0	92.0
237.413	120.0	126.0	91.0	101.0	127.0	101.0	101.0	141.0	104.0	107.0	106.0	98.0	108.0	122.0	95.0	130.0	90.0	101.0	108.0	101.0
237.512	164.0	142.0	106.0	107.0	136.0	101.0	112.0	162.0	101.0	118.0	113.0	109.0	120.0	154.0	104.0	152.0	93.0	123.0	118.0	105.0
237.611	173.0	152.0	98.0	109.0	136.0	99.0	114.0	154.0	103.0	125.0	115.0	102.0	117.0	163.0	103.0	154.0	99.0	123.0	114.0	101.0
237.71	125.0	132.0	96.0	96.0	128.0	97.0	107.0	145.0	108.0	111.0	112.0	99.0	109.0	122.0	98.0	138.0	95.0	107.0	113.0	101.0
237.809	108.0	122.0	87.0	99.0	122.0	95.0	100.0	137.0	97.0	107.0	112.0	100.0	105.0	107.0	91.0	125.0	87.0	90.0	118.0	106.0
237.908	102.0	124.0	86.0	96.0	129.0	94.0	107.0	140.0	104.0	113.0	117.0	106.0	96.0	103.0	90.0	125.0	93.0	93.0	111.0	102.0
238.007	102.0	139.0	88.0	93.0	128.0	89.0	107.0	141.0	109.0	114.0	111.0	108.0	100.0	103.0	99.0	132.0	85.0	101.0	110.0	100.0
238.106	103.0	133.0	94.0	98.0	134.0	89.0	114.0	138.0	111.0	113.0	113.0	106.0	100.0	92.0	101.0	128.0	96.0	104.0	109.0	97.0
238.205	122.0	136.0	95.0	102.0	134.0	100.0	116.0	156.0	112.0	126.0	116.0	117.0	109.0	122.0	98.0	133.0	91.0	103.0	113.0	102.0
238.304	110.0	142.0	93.0	104.0	133.0	112.0	119.0	155.0	112.0	124.0	112.0	124.0	108.0	121.0	102.0	130.0	97.0	106.0	108.0	110.0
238.404	109.0	139.0	102.0	106.0	132.0	102.0	118.0	152.0	111.0	125.0	114.0	117.0	106.0	111.0	104.0	138.0	95.0	103.0	113.0	105.0
238.503	98.0	135.0	92.0	96.0	133.0	101.0	112.0	148.0	114.0	114.0	111.0	113.0	98.0	103.0	97.0	123.0	90.0	93.0	111.0	102.0
238.602	94.0	127.0	94.0	100.0	131.0	94.0	102.0	145.0	111.0	112.0	110.0	107.0	101.0	96.0	98.0	124.0	89.0	87.0	112.0	104.0
238.701	101.0	124.0	92.0	95.0	131.0	96.0	106.0	139.0	111.0	108.0	107.0	106.0	96.0	100.0	91.0	126.0	91.0	90.0	107.0	97.0
238.8	105.0	133.0	95.0	93.0	132.0	95.0	107.0	144.0	99.0	106.0	110.0	101.0	102.0	107.0	101.0	131.0	96.0	95.0	114.0	94.0
238.9	168.0	145.0	102.0	102.0	139.0	100.0	116.0	163.0	105.0	125.0	111.0	111.0	122.0	160.0	108.0	156.0	101.0	127.0	116.0	104.0
238.999	140.0	139.0	91.0	102.0	131.0	93.0	104.0	156.0	107.0	114.0	114.0	104.0	111.0	136.0	106.0	142.0	94.0	113.0	113.0	103.0
239.098	109.0	128.0	88.0	103.0	123.0	98.0	97.0	132.0	93.0	110.0	117.0	99.0	101.0	114.0	97.0	126.0	83.0	99.0	113.0	88.0
239.197	112.0	135.0	97.0	105.0	136.0	99.0	101.0	142.0	107.0	109.0	113.0	104.0	107.0	118.0	104.0	135.0	92.0	97.0	117.0	100.0
239.297	132.0	128.0	94.0	97.0	131.0	93.0	102.0	139.0	101.0	105.0	113.0	104.0	104.0	117.0	95.0	144.0	94.0	108.0	111.0	98.0
239.396	115.0	131.0	94.0	97.0	129.0	94.0	102.0	136.0	103.0	103.0	110.0	99.0	102.0	110.0	97.0	135.0	93.0	97.0	112.0	97.0
239.495	99.0	118.0	87.0	102.0	124.0	90.0	104.0	132.0	93.0	105.0	110.0	94.0	97.0	97.0	88.0	122.0	88.0	91.0	117.0	92.0
239.595	102.0	124.0	94.0	91.0	128.0	92.0	97.0	132.0	98.0	102.0	114.0	93.0	94.0	98.0	89.0	124.0	89.0	94.0	113.0	91.0
239.694	104.0	124.0	93.0	100.0	127.0	91.0	100.0	129.0	100.0	104.0	114.0	91.0	102.0	99.0	95.0	127.0	85.0	97.0	114.0	93.0
239.793	140.0	129.0	92.0	102.0	123.0	92.0	100.0	142.0	95.0	107.0	118.0	93.0	110.0	131.0	99.0	144.0	88.0	106.0	109.0	92.0
239.893	133.0	134.0	98.0	105.0	123.0	99.0	98.0	141.0	97.0	106.0	109.0	104.0	111.0	129.0	100.0	143.0	87.0	109.0	116.0	99.0
239.992	131.0	129.0	96.0	98.0	126.0	91.0	98.0	138.0	93.0	102.0	113.0	100.0	108.0	119.0	97.0	137.0	93.0	105.0	115.0	95.0
240.091	101.0	132.0	87.0	89.0	124.0	87.0	97.0	136.0	91.0	102.0	115.0	90.0	98.0	100.0	91.0	137.0	89.0	94.0	106.0	84.0
240.191	97.0	126.0	94.0	98.0	127.0	95.0	101.0	137.0	99.0	106.0	110.0	91.0	100.0	99.0	88.0	132.0	96.0	89.0	119.0	100.0
240.29	100.0	125.0	95.0	98.0	131.0	96.0	102.0	139.0	100.0	110.0	112.0	96.0	106.0	105.0	97.0	132.0	89.0	98.0	114.0	98.0
240.39	120.0	132.0	91.0	97.0	128.0	95.0	102.0	146.0	97.0	108.0	115.0	94.0	108.0	121.0	99.0	138.0	87.0	104.0	115.0	94.0
240.489	126.0	136.0	95.0	103.0	137.0	92.0	111.0	142.0	107.0	119.0	116.0	96.0	112.0	122.0	105.0	143.0	97.0	110.0	116.0	98.0
240.589	113.0	130.0	90.0	100.0	133.0	94.0	105.0	134.0	107.0	113.0	116.0	100.0	107.0	106.0	103.0	134.0	92.0	100.0	119.0	101.0
240.688	125.0	124.0	95.0	109.0	142.0	105.0	104.0	156.0	113.0	135.0	119.0	106.0	116.0	116.0	108.0	133.0	103.0	102.0	117.0	104.0
240.788	117.0	127.0	102.0	106.0	156.0	109.0	106.0	155.0	127.0	139.0	116.0	110.0	118.0	120.0	112.0	134.0	105.0	105.0	111.0	105.0
240.887	107.0	126.0	94.0	105.0	139.0	102.0	102.0	145.0	112.0	126.0	109.0	100.0	94.0	115.0	100.0	137.0	104.0	99.0	111.0	98.0
240.987	102.0	124.0	93.0	103.0	130.0	94.0	98.0	139.0	105.0	106.0	106.0	98.0	105.0	96.0	96.0	133.0	89.0	95.0	108.0	90.0
241.086	97.0	115.0	95.0	106.0	130.0	97.0	99.0	136.0	106.0	102.0	106.0	96.0	107.0	100.0	92.0	130.0	90.0	83.0	108.0	86.0
241.186	100.0	130.0	96.0	106.0	134.0	102.0	98.0	139.0	108.0	107.0	117.0	92.0	104.0	104.0	96.0	128.0	92.0	99.0	114.0	94.0
241.285	95.0	120.0	86.0	91.0	129.0	89.0	94.0	127.0	96.0	96.0	112.0	91.0	95.0	95.0	98.0	125.0	89.0	95.0	115.0	88.0
241.385	96.0	122.0	88.0	96.0	130.0	91.0	93.0	131.0	88.0	102.0	106.0	87.0	100.0	94.0	91.0	127.0	87.0	94.0	112.0	87.0
241.484	94.0	124.0	85.0	101.0	124.0	90.0	97.0	130.0	97.0	95.0	114.0	89.0	100.0	89.0	92.0	121.0	86.0	97.0	116.0	91.0
241.584	96.0	124.0	93.0	95.0	125.0	90.0	91.0	127.0	91.0	101.0	113.0	94.0	91.0	94.0	83.0	128.0	82.0	86.0	110.0	81.0
241.684	108.0	122.0	91.0	97.0	130.0	93.0	96.0	138.0	92.0	102.0	107.0	90.0	97.0	97.0	90.0	127.0	88.0	90.0	113.0	87.0
241.783	106.0	119.0	96.0	92.0	129.0	90.0	95.0	126.0	100.0	97.0	111.0	93.0	103.0	99.0	94.0	129.0	84.0	100.0	110.0	89.0
241.883	91.0	119.0	90.0	99.0	119.0	86.0	90.0	125.0	86.0	97.0	110.0	90.0	104.0	90.0	94.0	122.0	86.0	86.0	112.0	87.0
241.982	96.0	127.0	87.0	90.0	119.0	90.0	93.0	130.0	92.0	100.0	109.0	87.0	99.0	97.0	88.0	125.0	87.0	89.0	116.0	83.0
242.082	94.0	121.0	91.0	92.0	128.0	92.0	97.0	125.0	89.0	95.0	112.0	95.0	92.0	96.0	85.0	127.0	83.0	95.0	112.0	85.0
242.182	100.0	123.0	93.0	102.0	126.0	89.0	90.0	130.0	90.0	98.0	108.0	88.0	94.0	98.0	92.0	130.0	83.0	93.0	117.0	87.0
242.281	110.0	126.0	90.0	112.0	134.0	99.0	100.0	136.0	103.0	107.0	126.0	97.0	108.0	109.0	96.0	138.0	93.0	104.0	117.0	101.0
242.381	106.0	124.0	86.0	97.0	125.0	87.0	91.0	134.0	86.0	92.0	116.0	89.0	98.0	99.0	88.0	124.0	92.0	89.0	117.0	84.0
242.481	102.0	121.0	92.0	93.0	118.0	91.0	97.0	126.0	89.0	95.0	110.0	94.0	93.0	103.0	86.0	120.0	89.0	87.0	106.0	86.0
242.581	100.0	117.0	88.0	98.0	125.0	92.0	97.0	133.0	92.0	98.0	110.0	90.0	98.0	98.0	86.0	123.0	86.0	93.0	107.0	89.0
242.68	97.0	120.0	90.0	96.0	120.0	95.0	98.0	129.0	92.0	103.0	109.0	88.0	98.0	104.0	90.0	121.0	81.0	89.0	113.0	90.0
242.78	104.0	130.0	90.0	99.0	124.0	92.0	96.0	134.0	90.0	106.0	116.0	96.0	100.0	106.0	85.0	125.0	90.0	96.0	110.0	89.0
242.88	117.0	137.0	98.0	97.0	143.0	102.0	102.0	141.0	106.0	114.0	122.0	105.0	102.0	110.0	105.0	136.0	101.0	106.0	117.0	97.0
242.98	106.0	122.0	93.0	100.0	135.0	96.0	97.0	127.0	94.0	105.0	113.0	92.0	100.0	98.0	97.0	133.0	88.0	94.0	115.0	92.0
243.08	93.0	121.0	88.0	95.0	121.0	89.0	91.0	128.0	92.0	98.0	108.0	90.0	97.0	91.0	95.0	122.0	85.0	88.0	110.0	84.0
243.179	94.0	122.0	94.0	102.0	116.0	92.0	96.0	132.0	82.0	95.0	116.0	90.0	96.0	98.0	93.0	117.0	80.0	87.0	116.0	90.0
243.279	100.0	122.0	95.0	93.0	126.0	99.0	96.0	137.0	94.0	108.0	113.0	92.0	98.0	108.0	90.0	129.0	88.0	99.0	108.0	88.0
243.379	107.0	123.0	93.0	103.0	135.0	102.0	103.0	134.0	101.0	109.0	111.0	92.0	105.0	107.0	105.0	137.0	91.0	101.0	108.0	95.0
243.479	95.0	125.0	89.0	99.0	128.0	98.0	102.0	132.0	96.0	101.0	107.0	93.0	101.0	100.0	92.0	134.0	95.0	95.0	109.0	92.0
243.579	100.0	128.0	96.0	109.0	137.0	95.0	101.0	137.0	101.0	106.0	114.0	98.0	104.0	100.0	90.0	129.0	95.0	93.0	117.0	95.0
243.679	99.0	125.0	92.0	93.0	123.0	88.0	96.0	130.0	94.0	95.0	107.0	92.0	96.0	92.0	90.0	119.0	79.0	94.0	113.0	86.0
243.779	103.0	124.0	94.0	92.0	121.0	90.0	96.0	132.0	92.0	100.0	106.0	88.0	90.0	107.0	93.0	129.0	86.0	90.0	113.0	91.0
243.878	107.0	122.0	85.0	96.0	122.0	88.0	95.0	134.0	92.0	101.0	114.0	83.0	98.0	102.0	96.0	127.0	82.0	96.0	117.0	88.0
243.978	102.0	128.0	88.0	98.0	125.0	91.0	88.0	137.0	90.0	96.0	111.0	97.0	103.0	103.0	88.0	129.0	85.0	101.0	112.0	89.0
244.078	107.0	130.0	89.0	96.0	128.0	92.0	97.0	136.0	95.0	95.0	111.0	93.0	95.0	101.0	88.0	131.0	89.0	89.0	108.0	90.0
244.178	104.0	119.0	94.0	102.0	126.0	93.0	100.0	134.0	98.0	100.0	104.0	92.0	96.0	99.0	93.0	124.0	85.0	96.0	106.0	85.0
244.278	92.0	120.0	90.0	101.0	130.0	91.0	101.0	137.0	97.0	103.0	113.0	93.0	96.0	98.0	93.0	124.0	91.0	102.0	109.0	88.0
244.378	102.0	132.0	99.0	108.0	137.0	103.0	102.0	143.0	108.0	114.0	112.0	102.0	114.0	112.0	102.0	138.0	101.0	99.0	116.0	102.0
244.478	98.0	128.0	95.0	95.0	128.0	105.0	103.0	135.0	101.0	100.0	109.0	99.0	106.0	101.0	97.0	132.0	96.0	96.0	109.0	91.0
244.578	104.0	130.0	98.0	97.0	130.0	101.0	101.0	137.0	98.0	107.0	117.0	99.0	101.0	98.0	100.0	135.0	99.0	102.0	117.0	96.0
244.678	101.0	129.0	92.0	96.0	129.0	85.0	97.0	137.0	92.0	99.0	105.0	88.0	96.0	90.0	96.0	121.0	89.0	92.0	113.0	88.0
244.778	104.0	122.0	89.0	94.0	121.0	101.0	92.0	134.0	92.0	98.0	108.0	91.0	91.0	96.0	92.0	123.0	89.0	87.0	111.0	89.0
244.878	92.0	124.0	91.0	100.0	120.0	95.0	96.0	127.0	90.0	97.0	112.0	93.0	89.0	95.0	85.0	122.0	86.0	90.0	112.0	88.0
244.978	86.0	118.0	90.0	92.0	128.0	88.0	99.0	134.0	96.0	98.0	104.0	92.0	88.0	92.0	89.0	127.0	87.0	86.0	110.0	84.0
245.078	95.0	127.0	90.0	103.0	129.0	93.0	98.0	128.0	95.0	94.0	114.0	91.0	95.0	91.0	90.0	126.0	83.0	89.0	111.0	92.0
245.179	140.0	159.0	123.0	124.0	165.0	121.0	123.0	171.0	128.0	134.0	141.0	122.0	130.0	132.0	126.0	167.0	118.0	125.0	138.0	121.0
245.279	107.0	139.0	100.0	99.0	129.0	100.0	107.0	142.0	94.0	107.0	117.0	94.0	104.0	109.0	94.0	134.0	101.0	104.0	122.0	99.0
245.379	104.0	130.0	90.0	96.0	127.0	93.0	95.0	125.0	94.0	103.0	113.0	93.0	99.0	97.0	93.0	129.0	88.0	98.0	111.0	91.0
245.479	101.0	130.0	81.0	95.0	124.0	87.0	94.0	125.0	92.0	100.0	111.0	90.0	92.0	94.0	95.0	127.0	87.0	91.0	114.0	85.0
245.579	102.0	128.0	89.0	92.0	123.0	89.0	94.0	137.0	89.0	100.0	108.0	90.0	103.0	104.0	88.0	126.0	92.0	90.0	114.0	92.0
245.679	106.0	123.0	95.0	102.0	124.0	94.0	96.0	139.0	97.0	107.0	111.0	98.0	100.0	108.0	95.0	124.0	91.0	95.0	114.0	98.0
245.779	105.0	122.0	90.0	100.0	122.0	84.0	104.0	134.0	97.0	102.0	116.0	100.0	94.0	100.0	94.0	130.0	81.0	90.0	108.0	85.0
245.879	107.0	124.0	92.0	95.0	125.0	84.0	95.0	136.0	95.0	98.0	107.0	88.0	93.0	102.0	92.0	135.0	88.0	94.0	114.0	87.0
245.98	105.0	116.0	88.0	96.0	124.0	94.0	97.0	136.0	94.0	97.0	114.0	85.0	103.0	103.0	90.0	127.0	83.0	91.0	111.0	96.0
246.08	105.0	130.0	90.0	102.0	130.0	99.0	101.0	130.0	94.0	101.0	113.0	87.0	102.0	104.0	87.0	129.0	85.0	92.0	108.0	91.0
246.18	96.0	125.0	97.0	94.0	130.0	95.0	98.0	128.0	94.0	102.0	113.0	90.0	100.0	101.0	93.0	133.0	86.0	92.0	121.0	88.0
246.28	99.0	124.0	89.0	95.0	123.0	87.0	95.0	125.0	95.0	97.0	108.0	88.0	95.0	104.0	94.0	123.0	87.0	99.0	109.0	85.0
246.381	96.0	123.0	88.0	99.0	121.0	92.0	97.0	130.0	84.0	97.0	109.0	90.0	98.0	92.0	88.0	130.0	88.0	94.0	111.0	85.0
246.481	107.0	131.0	93.0	101.0	130.0	95.0	101.0	142.0	92.0	99.0	112.0	96.0	97.0	99.0	94.0	122.0	88.0	95.0	119.0	96.0
246.581	102.0	125.0	90.0	98.0	126.0	98.0	100.0	140.0	97.0	102.0	108.0	92.0	101.0	109.0	98.0	129.0	89.0	90.0	107.0	87.0
246.681	103.0	125.0	91.0	98.0	131.0	94.0	101.0	135.0	99.0	105.0	110.0	94.0	100.0	105.0	94.0	127.0	91.0	92.0	112.0	94.0
246.782	98.0	129.0	92.0	100.0	129.0	98.0	99.0	138.0	95.0	105.0	114.0	92.0	102.0	101.0	93.0	129.0	82.0	93.0	118.0	92.0
246.882	96.0	130.0	92.0	102.0	124.0	99.0	98.0	136.0	100.0	104.0	118.0	98.0	94.0	94.0	87.0	132.0	89.0	92.0	118.0	96.0
246.982	99.0	130.0	92.0	104.0	129.0	92.0	95.0	140.0	102.0	102.0	111.0	94.0	103.0	93.0	93.0	122.0	88.0	97.0	115.0	92.0
247.083	115.0	139.0	106.0	113.0	148.0	103.0	111.0	163.0	117.0	123.0	121.0	109.0	114.0	110.0	115.0	149.0	105.0	110.0	122.0	104.0
247.183	107.0	143.0	107.0	118.0	143.0	107.0	108.0	188.0	110.0	139.0	122.0	98.0	130.0	118.0	124.0	153.0	102.0	113.0	114.0	110.0
247.283	125.0	150.0	124.0	135.0	164.0	127.0	102.0	215.0	120.0	162.0	118.0	114.0	145.0	136.0	142.0	161.0	114.0	125.0	116.0	107.0
247.384	115.0	123.0	98.0	103.0	144.0	108.0	104.0	166.0	110.0	121.0	113.0	101.0	109.0	118.0	119.0	141.0	101.0	95.0	113.0	94.0
247.484	101.0	127.0	98.0	100.0	139.0	95.0	95.0	145.0	103.0	117.0	110.0	96.0	98.0	106.0	95.0	132.0	97.0	98.0	109.0	86.0
247.585	109.0	128.0	90.0	103.0	136.0	98.0	101.0	146.0	97.0	108.0	110.0	95.0	109.0	109.0	98.0	137.0	90.0	101.0	113.0	95.0
247.685	113.0	135.0	102.0	100.0	127.0	98.0	105.0	151.0	98.0	107.0	115.0	96.0	104.0	115.0	99.0	133.0	89.0	102.0	120.0	94.0
247.785	105.0	133.0	92.0	97.0	127.0	98.0	101.0	137.0	96.0	103.0	105.0	90.0	102.0	112.0	90.0	132.0	84.0	95.0	110.0	92.0
247.886	102.0	125.0	91.0	96.0	131.0	94.0	97.0	130.0	90.0	108.0	116.0	91.0	100.0	96.0	89.0	126.0	85.0	93.0	112.0	87.0
247.986	97.0	132.0	88.0	98.0	122.0	94.0	100.0	134.0	95.0	103.0	109.0	93.0	98.0	102.0	98.0	124.0	88.0	89.0	108.0	90.0
248.087	96.0	123.0	98.0	100.0	124.0	92.0	92.0	134.0	95.0	95.0	113.0	99.0	101.0	96.0	91.0	123.0	91.0	93.0	113.0	87.0
248.187	105.0	128.0	98.0	99.0	130.0	104.0	95.0	142.0	96.0	106.0	109.0	100.0	103.0	103.0	98.0	128.0	94.0	92.0	113.0	91.0
248.288	114.0	135.0	101.0	98.0	127.0	96.0	109.0	143.0	100.0	113.0	111.0	102.0	99.0	115.0	101.0	138.0	87.0	103.0	115.0	91.0
248.388	118.0	136.0	92.0	98.0	127.0	92.0	107.0	139.0	98.0	108.0	111.0	94.0	98.0	114.0	102.0	133.0	88.0	100.0	116.0	97.0
248.489	120.0	131.0	98.0	103.0	130.0	99.0	108.0	141.0	95.0	111.0	114.0	101.0	107.0	123.0	101.0	130.0	86.0	95.0	114.0	94.0
248.589	126.0	129.0	90.0	99.0	124.0	102.0	109.0	149.0	102.0	109.0	112.0	96.0	106.0	123.0	93.0	135.0	92.0	105.0	113.0	94.0
248.69	129.0	135.0	93.0	96.0	129.0	92.0	108.0	141.0	100.0	111.0	113.0	99.0	114.0	130.0	106.0	139.0	98.0	112.0	109.0	92.0
248.791	106.0	136.0	97.0	100.0	123.0	94.0	104.0	136.0	95.0	101.0	125.0	93.0	99.0	107.0	100.0	136.0	91.0	98.0	115.0	92.0
248.891	101.0	127.0	97.0	108.0	125.0	97.0	89.0	133.0	96.0	99.0	116.0	95.0	94.0	105.0	92.0	127.0	86.0	93.0	110.0	89.0
248.992	99.0	127.0	94.0	98.0	124.0	102.0	92.0	134.0	94.0	106.0	115.0	90.0	96.0	105.0	97.0	126.0	90.0	92.0	117.0	91.0
249.092	106.0	134.0	89.0	99.0	126.0	99.0	100.0	149.0	97.0	110.0	105.0	97.0	100.0	109.0	89.0	131.0	93.0	98.0	113.0	89.0
249.193	100.0	130.0	95.0	96.0	125.0	95.0	101.0	137.0	92.0	102.0	116.0	96.0	96.0	106.0	95.0	130.0	88.0	94.0	113.0	85.0
249.294	111.0	129.0	99.0	94.0	127.0	104.0	97.0	136.0	97.0	111.0	112.0	90.0	96.0	110.0	101.0	124.0	88.0	97.0	112.0	92.0
249.394	102.0	129.0	96.0	97.0	122.0	97.0	98.0	141.0	98.0	108.0	106.0	98.0	101.0	100.0	91.0	125.0	86.0	95.0	118.0	88.0
249.495	101.0	129.0	90.0	99.0	134.0	93.0	102.0	140.0	108.0	111.0	118.0	96.0	102.0	107.0	93.0	136.0	87.0	95.0	113.0	92.0
249.595	104.0	123.0	90.0	100.0	130.0	96.0	105.0	138.0	102.0	104.0	106.0	90.0	99.0	105.0	94.0	125.0	84.0	95.0	109.0	90.0
249.696	96.0	122.0	89.0	99.0	124.0	95.0	94.0	134.0	96.0	105.0	116.0	92.0	103.0	101.0	91.0	123.0	87.0	90.0	111.0	84.0
249.797	98.0	123.0	91.0	96.0	123.0	96.0	91.0	126.0	94.0	104.0	115.0	93.0	99.0	100.0	95.0	124.0	88.0	90.0	113.0	89.0
249.898	97.0	124.0	89.0	94.0	131.0	90.0	102.0	130.0	95.0	103.0	112.0	94.0	92.0	94.0	93.0	123.0	85.0	91.0	108.0	88.0
249.998	106.0	129.0	90.0	93.0	125.0	92.0	95.0	132.0	95.0	105.0	112.0	98.0	94.0	93.0	93.0	123.0	89.0	93.0	106.0	83.0
250.099	97.0	129.0	95.0	103.0	134.0	92.0	99.0	138.0	100.0	105.0	113.0	100.0	97.0	98.0	97.0	129.0	94.0	92.0	114.0	93.0
250.2	95.0	125.0	90.0	100.0	130.0	97.0	101.0	142.0	93.0	104.0	113.0	89.0	96.0	96.0	89.0	125.0	88.0	86.0	117.0	98.0
250.301	93.0	125.0	88.0	88.0	128.0	93.0	92.0	141.0	98.0	101.0	112.0	93.0	94.0	95.0	91.0	122.0	88.0	91.0	114.0	84.0
250.401	93.0	128.0	92.0	94.0	132.0	86.0	101.0	140.0	98.0	112.0	113.0	94.0	96.0	102.0	96.0	127.0	88.0	88.0	113.0	86.0
250.502	98.0	119.0	90.0	101.0	128.0	98.0	98.0	162.0	102.0	113.0	110.0	99.0	103.0	106.0	95.0	127.0	91.0	92.0	109.0	89.0
250.603	109.0	134.0	93.0	101.0	130.0	102.0	98.0	155.0	102.0	124.0	112.0	104.0	101.0	103.0	93.0	122.0	89.0	95.0	114.0	94.0
250.704	102.0	135.0	97.0	97.0	138.0	99.0	98.0	160.0	111.0	120.0	109.0	94.0	100.0	106.0	96.0	133.0	92.0	95.0	112.0	86.0
250.805	110.0	129.0	95.0	107.0	143.0	106.0	109.0	152.0	119.0	137.0	111.0	105.0	106.0	107.0	105.0	130.0	102.0	98.0	111.0	100.0
250.905	122.0	129.0	103.0	116.0	159.0	127.0	134.0	180.0	160.0	181.0	116.0	128.0	125.0	135.0	136.0	147.0	132.0	118.0	111.0	125.0
251.006	124.0	145.0	108.0	113.0	166.0	132.0	133.0	190.0	158.0	175.0	126.0	133.0	132.0	135.0	134.0	151.0	125.0	121.0	123.0	126.0
251.107	129.0	150.0	116.0	124.0	166.0	138.0	133.0	181.0	151.0	164.0	127.0	137.0	137.0	137.0	143.0	161.0	135.0	134.0	131.0	127.0
251.208	104.0	136.0	98.0	107.0	140.0	108.0	114.0	154.0	122.0	130.0	115.0	104.0	118.0	113.0	113.0	142.0	105.0	108.0	116.0	107.0
251.309	95.0	133.0	95.0	105.0	131.0	101.0	109.0	143.0	110.0	118.0	117.0	97.0	105.0	104.0	100.0	135.0	99.0	97.0	113.0	95.0
251.41	109.0	136.0	99.0	107.0	142.0	106.0	107.0	156.0	115.0	126.0	113.0	112.0	111.0	119.0	107.0	138.0	105.0	102.0	114.0	102.0
251.511	113.0	134.0	98.0	103.0	137.0	101.0	104.0	150.0	111.0	120.0	102.0	107.0	107.0	115.0	102.0	133.0	97.0	103.0	111.0	109.0
251.612	117.0	139.0	99.0	102.0	134.0	105.0	112.0	153.0	118.0	126.0	113.0	106.0	116.0	125.0	100.0	136.0	94.0	102.0	106.0	101.0
251.713	110.0	140.0	97.0	104.0	134.0	109.0	108.0	156.0	118.0	117.0	116.0	113.0	117.0	121.0	120.0	134.0	102.0	101.0	114.0	106.0
251.814	125.0	146.0	103.0	113.0	150.0	134.0	125.0	176.0	135.0	141.0	114.0	128.0	136.0	138.0	128.0	160.0	122.0	129.0	122.0	123.0
251.915	162.0	155.0	119.0	146.0	191.0	183.0	161.0	221.0	180.0	198.0	117.0	165.0	175.0	200.0	175.0	199.0	172.0	171.0	113.0	161.0
252.015	153.0	155.0	111.0	137.0	186.0	160.0	155.0	209.0	168.0	182.0	115.0	155.0	153.0	177.0	167.0	181.0	163.0	156.0	119.0	141.0
252.116	141.0	142.0	107.0	124.0	175.0	149.0	146.0	202.0	177.0	185.0	121.0	139.0	144.0	156.0	148.0	163.0	144.0	138.0	119.0	129.0
252.217	128.0	148.0	104.0	119.0	166.0	132.0	132.0	186.0	150.0	170.0	124.0	134.0	136.0	149.0	138.0	156.0	124.0	124.0	120.0	124.0
252.319	127.0	146.0	103.0	111.0	151.0	129.0	127.0	175.0	138.0	154.0	110.0	123.0	120.0	144.0	130.0	154.0	128.0	121.0	118.0	116.0
252.42	117.0	148.0	103.0	115.0	145.0	131.0	132.0	176.0	130.0	149.0	122.0	126.0	131.0	133.0	137.0	156.0	126.0	128.0	115.0	116.0
252.521	124.0	148.0	113.0	125.0	158.0	144.0	136.0	187.0	143.0	158.0	120.0	129.0	143.0	144.0	146.0	163.0	130.0	133.0	117.0	122.0
252.622	119.0	137.0	105.0	120.0	151.0	133.0	131.0	166.0	124.0	135.0	116.0	119.0	128.0	132.0	126.0	158.0	118.0	111.0	118.0	114.0
252.723	132.0	138.0	100.0	108.0	143.0	128.0	113.0	163.0	120.0	132.0	120.0	116.0	119.0	141.0	117.0	154.0	115.0	118.0	116.0	115.0
252.824	133.0	146.0	100.0	122.0	151.0	136.0	129.0	176.0	139.0	147.0	116.0	123.0	142.0	149.0	140.0	161.0	136.0	129.0	113.0	127.0
252.925	142.0	142.0	111.0	126.0	160.0	143.0	127.0	179.0	142.0	142.0	118.0	118.0	143.0	153.0	145.0	166.0	143.0	137.0	107.0	128.0
253.026	121.0	135.0	98.0	109.0	145.0	123.0	118.0	162.0	110.0	124.0	116.0	113.0	122.0	129.0	127.0	150.0	113.0	112.0	115.0	109.0
253.127	126.0	140.0	100.0	105.0	143.0	115.0	115.0	157.0	115.0	123.0	109.0	108.0	110.0	137.0	113.0	141.0	110.0	112.0	115.0	105.0
253.228	146.0	139.0	101.0	110.0	146.0	112.0	126.0	158.0	126.0	137.0	107.0	111.0	105.0	156.0	119.0	150.0	112.0	117.0	114.0	106.0
253.329	143.0	139.0	103.0	110.0	158.0	123.0	129.0	168.0	145.0	158.0	116.0	125.0	119.0	152.0	123.0	152.0	118.0	123.0	114.0	110.0
253.431	135.0	141.0	105.0	112.0	153.0	119.0	123.0	171.0	142.0	151.0	112.0	115.0	120.0	143.0	116.0	138.0	112.0	110.0	119.0	117.0
253.532	121.0	140.0	103.0	98.0	145.0	109.0	115.0	160.0	122.0	134.0	122.0	111.0	122.0	129.0	110.0	140.0	110.0	110.0	115.0	109.0
253.633	114.0	132.0	89.0	103.0	134.0	106.0	107.0	140.0	112.0	122.0	113.0	102.0	102.0	118.0	107.0	141.0	96.0	102.0	115.0	101.0
253.734	123.0	144.0	110.0	115.0	147.0	110.0	117.0	158.0	119.0	125.0	134.0	114.0	113.0	123.0	115.0	153.0	108.0	117.0	130.0	108.0
253.835	99.0	133.0	93.0	104.0	124.0	103.0	102.0	144.0	100.0	111.0	116.0	97.0	109.0	102.0	98.0	122.0	95.0	103.0	110.0	96.0
253.937	102.0	138.0	90.0	97.0	125.0	98.0	103.0	134.0	97.0	110.0	115.0	100.0	98.0	101.0	94.0	129.0	89.0	96.0	119.0	96.0
254.038	105.0	130.0	95.0	102.0	125.0	94.0	103.0	140.0	101.0	102.0	109.0	96.0	96.0	106.0	94.0	132.0	85.0	97.0	108.0	89.0
254.139	106.0	137.0	90.0	101.0	135.0	96.0	106.0	137.0	102.0	108.0	112.0	93.0	101.0	113.0	93.0	134.0	89.0	93.0	109.0	93.0
254.24	113.0	138.0	94.0	101.0	127.0	92.0	99.0	134.0	101.0	101.0	114.0	94.0	99.0	109.0	95.0	133.0	87.0	90.0	112.0	84.0
254.342	120.0	135.0	99.0	97.0	129.0	99.0	98.0	144.0	108.0	109.0	110.0	99.0	110.0	120.0	93.0	140.0	93.0	105.0	118.0	99.0
254.443	113.0	132.0	91.0	90.0	123.0	98.0	102.0	134.0	97.0	102.0	114.0	91.0	99.0	113.0	91.0	127.0	91.0	99.0	112.0	95.0
254.544	104.0	124.0	93.0	103.0	124.0	92.0	105.0	147.0	101.0	106.0	108.0	93.0	92.0	104.0	92.0	128.0	89.0	95.0	108.0	88.0
254.646	95.0	127.0	92.0	105.0	119.0	97.0	101.0	144.0	99.0	105.0	116.0	99.0	102.0	100.0	99.0	121.0	88.0	94.0	117.0	93.0
254.747	94.0	124.0	99.0	93.0	123.0	97.0	100.0	137.0	105.0	103.0	109.0	100.0	100.0	99.0	94.0	119.0	88.0	93.0	117.0	91.0
254.848	98.0	127.0	97.0	102.0	129.0	99.0	107.0	137.0	105.0	114.0	111.0	101.0	100.0	107.0	101.0	128.0	92.0	101.0	112.0	97.0
254.95	100.0	134.0	97.0	105.0	140.0	113.0	106.0	149.0	108.0	119.0	113.0	108.0	108.0	106.0	107.0	140.0	109.0	108.0	107.0	97.0
255.051	93.0	134.0	91.0	107.0	136.0	106.0	109.0	144.0	111.0	115.0	113.0	101.0	105.0	106.0	103.0	135.0	95.0	100.0	112.0	106.0
255.152	92.0	128.0	90.0	96.0	132.0	105.0	105.0	141.0	108.0	111.0	112.0	108.0	98.0	98.0	99.0	121.0	103.0	94.0	117.0	98.0
255.254	99.0	133.0	86.0	97.0	135.0	100.0	107.0	141.0	107.0	110.0	112.0	100.0	101.0	106.0	100.0	126.0	94.0	96.0	110.0	94.0
255.355	93.0	128.0	95.0	100.0	129.0	97.0	103.0	134.0	106.0	107.0	114.0	95.0	98.0	103.0	100.0	126.0	89.0	92.0	111.0	95.0
255.457	97.0	129.0	97.0	100.0	132.0	96.0	108.0	146.0	112.0	108.0	119.0	93.0	101.0	105.0	99.0	125.0	94.0	95.0	112.0	92.0
255.558	126.0	135.0	103.0	105.0	142.0	111.0	112.0	159.0	125.0	128.0	114.0	107.0	110.0	123.0	109.0	140.0	104.0	110.0	113.0	106.0
255.659	128.0	145.0	96.0	112.0	160.0	117.0	129.0	174.0	142.0	163.0	120.0	125.0	115.0	135.0	125.0	147.0	114.0	122.0	116.0	107.0
255.761	122.0	135.0	92.0	104.0	154.0	118.0	128.0	168.0	146.0	167.0	121.0	126.0	111.0	134.0	124.0	146.0	116.0	117.0	113.0	104.0
255.862	125.0	141.0	104.0	114.0	159.0	128.0	142.0	178.0	161.0	168.0	120.0	136.0	120.0	135.0	134.0	148.0	119.0	118.0	112.0	120.0
255.964	118.0	137.0	98.0	103.0	160.0	123.0	125.0	172.0	154.0	152.0	119.0	122.0	108.0	128.0	124.0	142.0	116.0	118.0	112.0	114.0
256.065	112.0	132.0	96.0	101.0	142.0	108.0	114.0	149.0	131.0	134.0	117.0	113.0	105.0	116.0	107.0	139.0	106.0	107.0	117.0	104.0
256.167	105.0	133.0	94.0	98.0	140.0	102.0	108.0	144.0	124.0	123.0	119.0	100.0	104.0	106.0	107.0	137.0	100.0	100.0	112.0	98.0
256.268	98.0	129.0	96.0	94.0	136.0	104.0	109.0	144.0	107.0	114.0	114.0	98.0	99.0	104.0	107.0	129.0	99.0	95.0	117.0	90.0
256.37	100.0	133.0	98.0	97.0	132.0	110.0	104.0	148.0	110.0	122.0	117.0	102.0	111.0	106.0	104.0	136.0	102.0	99.0	117.0	103.0
256.471	99.0	130.0	93.0	104.0	138.0	114.0	117.0	153.0	119.0	123.0	109.0	109.0	107.0	113.0	114.0	139.0	110.0	108.0	109.0	101.0
256.573	100.0	127.0	95.0	104.0	135.0	108.0	108.0	146.0	112.0	113.0	121.0	103.0	104.0	112.0	110.0	144.0	97.0	104.0	111.0	96.0
256.675	96.0	130.0	95.0	105.0	136.0	102.0	108.0	146.0	109.0	114.0	106.0	99.0	108.0	105.0	104.0	136.0	95.0	95.0	115.0	93.0
256.776	108.0	135.0	99.0	95.0	134.0	105.0	113.0	144.0	107.0	115.0	114.0	99.0	104.0	101.0	97.0	132.0	93.0	101.0	115.0	94.0
256.878	107.0	135.0	93.0	95.0	137.0	101.0	110.0	141.0	106.0	113.0	118.0	104.0	103.0	109.0	105.0	129.0	99.0	102.0	110.0	93.0
256.979	96.0	124.0	92.0	99.0	133.0	99.0	102.0	138.0	108.0	101.0	109.0	97.0	96.0	104.0	94.0	132.0	94.0	89.0	117.0	94.0
257.081	100.0	129.0	93.0	97.0	122.0	92.0	106.0	136.0	98.0	108.0	113.0	96.0	99.0	106.0	99.0	121.0	95.0	94.0	115.0	91.0
257.183	118.0	161.0	119.0	113.0	151.0	121.0	117.0	164.0	122.0	130.0	136.0	122.0	121.0	133.0	114.0	149.0	108.0	115.0	134.0	116.0
257.284	98.0	135.0	88.0	97.0	127.0	100.0	98.0	135.0	108.0	105.0	109.0	105.0	100.0	96.0	93.0	130.0	95.0	89.0	113.0	92.0
257.386	100.0	130.0	84.0	94.0	136.0	96.0	102.0	138.0	106.0	111.0	108.0	99.0	92.0	100.0	98.0	132.0	95.0	93.0	104.0	91.0
257.488	91.0	131.0	91.0	98.0	133.0	101.0	101.0	144.0	112.0	112.0	113.0	94.0	102.0	94.0	104.0	130.0	91.0	100.0	115.0	92.0
257.589	92.0	127.0	89.0	96.0	127.0	97.0	97.0	140.0	103.0	98.0	115.0	100.0	99.0	96.0	92.0	127.0	87.0	96.0	113.0	88.0
257.691	104.0	132.0	90.0	97.0	127.0	98.0	106.0	145.0	95.0	107.0	114.0	99.0	101.0	105.0	87.0	126.0	92.0	95.0	121.0	88.0
257.793	107.0	124.0	91.0	97.0	127.0	101.0	103.0	132.0	104.0	107.0	109.0	98.0	97.0	102.0	90.0	130.0	87.0	99.0	109.0	91.0
257.894	108.0	137.0	94.0	99.0	129.0	89.0	103.0	136.0	97.0	102.0	112.0	91.0	99.0	120.0	100.0	129.0	89.0	103.0	115.0	94.0
257.996	120.0	142.0	102.0	100.0	129.0	95.0	102.0	145.0	102.0	109.0	113.0	97.0	108.0	121.0	104.0	140.0	91.0	104.0	116.0	100.0
258.098	110.0	130.0	87.0	89.0	127.0	95.0	99.0	137.0	95.0	102.0	116.0	102.0	101.0	105.0	94.0	128.0	88.0	100.0	113.0	94.0
258.2	103.0	130.0	89.0	97.0	123.0	96.0	99.0	134.0	107.0	102.0	108.0	95.0	92.0	99.0	90.0	115.0	86.0	96.0	110.0	88.0
258.301	96.0	130.0	92.0	94.0	119.0	91.0	94.0	133.0	102.0	101.0	111.0	88.0	92.0	102.0	90.0	123.0	82.0	80.0	111.0	92.0
258.403	100.0	130.0	101.0	97.0	124.0	96.0	103.0	140.0	107.0	108.0	122.0	97.0	101.0	95.0	101.0	125.0	88.0	92.0	114.0	92.0
258.505	103.0	132.0	93.0	89.0	129.0	97.0	100.0	140.0	102.0	108.0	112.0	100.0	97.0	95.0	94.0	126.0	93.0	93.0	111.0	96.0
258.607	111.0	126.0	90.0	97.0	129.0	95.0	102.0	140.0	107.0	115.0	110.0	101.0	102.0	115.0	95.0	129.0	92.0	99.0	109.0	93.0
258.709	105.0	137.0	96.0	97.0	129.0	92.0	106.0	143.0	107.0	112.0	112.0	102.0	103.0	109.0	104.0	123.0	97.0	97.0	117.0	93.0
258.81	96.0	134.0	95.0	98.0	123.0	97.0	99.0	143.0	103.0	109.0	112.0	100.0	100.0	100.0	95.0	126.0	94.0	92.0	119.0	90.0
258.912	101.0	133.0	85.0	94.0	128.0	100.0	104.0	137.0	109.0	109.0	111.0	102.0	97.0	95.0	99.0	134.0	87.0	94.0	110.0	91.0
259.014	102.0	136.0	91.0	101.0	134.0	100.0	107.0	144.0	111.0	106.0	108.0	102.0	98.0	107.0	99.0	136.0	100.0	100.0	109.0	95.0
259.116	124.0	141.0	95.0	105.0	128.0	99.0	105.0	147.0	103.0	114.0	113.0	106.0	104.0	137.0	105.0	139.0	98.0	106.0	114.0	93.0
259.218	183.0	155.0	105.0	111.0	139.0	104.0	124.0	166.0	108.0	130.0	118.0	114.0	123.0	178.0	116.0	162.0	98.0	129.0	118.0	114.0
259.32	221.0	170.0	118.0	116.0	136.0	118.0	137.0	180.0	123.0	140.0	111.0	129.0	146.0	229.0	129.0	182.0	115.0	169.0	113.0	126.0
259.422	157.0	148.0	97.0	106.0	135.0	109.0	116.0	159.0	110.0	117.0	119.0	106.0	122.0	160.0	116.0	160.0	101.0	128.0	122.0	107.0
259.524	116.0	140.0	94.0	105.0	135.0	104.0	106.0	141.0	103.0	105.0	112.0	103.0	105.0	121.0	102.0	136.0	96.0	99.0	119.0	95.0
259.626	110.0	151.0	103.0	110.0	139.0	106.0	117.0	155.0	108.0	114.0	131.0	112.0	113.0	112.0	105.0	134.0	100.0	107.0	133.0	102.0
259.727	99.0	134.0	88.0	97.0	124.0	96.0	95.0	135.0	107.0	102.0	113.0	100.0	100.0	98.0	96.0	127.0	89.0	97.0	116.0	93.0
259.829	110.0	133.0	102.0	109.0	138.0	107.0	110.0	148.0	115.0	117.0	119.0	109.0	105.0	107.0	103.0	145.0	97.0	102.0	113.0	97.0
259.931	112.0	136.0	97.0	99.0	126.0	108.0	112.0	140.0	111.0	115.0	110.0	104.0	103.0	116.0	102.0	138.0	105.0	99.0	106.0	95.0
260.033	116.0	135.0	96.0	99.0	131.0	96.0	104.0	137.0	104.0	107.0	114.0	99.0	110.0	125.0	104.0	146.0	94.0	102.0	111.0	106.0
260.135	116.0	140.0	96.0	103.0	128.0	103.0	106.0	141.0	111.0	114.0	109.0	92.0	115.0	129.0	98.0	135.0	94.0	111.0	109.0	99.0
260.237	105.0	136.0	83.0	94.0	129.0	98.0	101.0	135.0	109.0	110.0	109.0	106.0	103.0	111.0	97.0	136.0	88.0	99.0	108.0	93.0
260.339	109.0	132.0	91.0	102.0	134.0	98.0	106.0	135.0	106.0	111.0	115.0	94.0	98.0	114.0	99.0	128.0	95.0	98.0	111.0	94.0
260.441	109.0	138.0	100.0	102.0	125.0	100.0	108.0	143.0	104.0	107.0	117.0	98.0	109.0	124.0	110.0	138.0	100.0	105.0	116.0	102.0
260.543	154.0	150.0	112.0	112.0	137.0	118.0	120.0	167.0	122.0	128.0	112.0	113.0	123.0	148.0	120.0	156.0	112.0	122.0	113.0	110.0
260.646	136.0	140.0	105.0	105.0	137.0	103.0	107.0	156.0	113.0	119.0	107.0	109.0	114.0	137.0	105.0	149.0	97.0	114.0	117.0	99.0
260.748	110.0	138.0	95.0	101.0	129.0	93.0	102.0	142.0	105.0	112.0	117.0	99.0	101.0	127.0	102.0	144.0	96.0	104.0	110.0	95.0
260.85	111.0	141.0	102.0	109.0	135.0	102.0	107.0	144.0	108.0	118.0	121.0	102.0	108.0	117.0	102.0	140.0	92.0	104.0	117.0	102.0
260.952	97.0	134.0	98.0	96.0	125.0	91.0	94.0	138.0	107.0	106.0	114.0	99.0	104.0	104.0	98.0	126.0	88.0	98.0	111.0	95.0
261.054	98.0	134.0	84.0	96.0	126.0	95.0	101.0	129.0	99.0	105.0	104.0	96.0	97.0	102.0	88.0	125.0	90.0	97.0	109.0	92.0
261.156	105.0	128.0	86.0	94.0	129.0	90.0	100.0	137.0	99.0	103.0	112.0	91.0	94.0	104.0	92.0	134.0	89.0	98.0	110.0	93.0
261.258	96.0	127.0	82.0	102.0	121.0	92.0	95.0	133.0	102.0	96.0	115.0	89.0	96.0	108.0	96.0	126.0	82.0	87.0	110.0	94.0
261.36	95.0	134.0	90.0	95.0	123.0	98.0	93.0	136.0	100.0	100.0	112.0	98.0	93.0	100.0	97.0	126.0	89.0	90.0	109.0	88.0
261.462	93.0	129.0	89.0	96.0	120.0	96.0	98.0	126.0	97.0	101.0	110.0	98.0	93.0	99.0	92.0	132.0	92.0	93.0	111.0	86.0
261.565	99.0	122.0	90.0	95.0	132.0	99.0	100.0	133.0	103.0	98.0	113.0	92.0	99.0	100.0	90.0	130.0	90.0	98.0	114.0	87.0
261.667	98.0	126.0	92.0	96.0	126.0	92.0	95.0	128.0	104.0	93.0	113.0	97.0	94.0	104.0	98.0	126.0	90.0	89.0	110.0	89.0
261.769	104.0	127.0	91.0	94.0	126.0	93.0	96.0	136.0	99.0	93.0	109.0	95.0	96.0	99.0	91.0	126.0	86.0	94.0	113.0	89.0
261.871	111.0	126.0	84.0	93.0	120.0	97.0	102.0	132.0	100.0	102.0	104.0	92.0	91.0	109.0	87.0	130.0	88.0	100.0	115.0	91.0
261.973	105.0	134.0	89.0	97.0	133.0	100.0	99.0	130.0	94.0	106.0	110.0	92.0	97.0	111.0	96.0	139.0	91.0	101.0	115.0	86.0
262.076	110.0	134.0	96.0	102.0	128.0	95.0	104.0	136.0	102.0	107.0	113.0	95.0	101.0	116.0	97.0	135.0	94.0	101.0	117.0	91.0
262.178	115.0	142.0	96.0	99.0	125.0	92.0	101.0	142.0	96.0	108.0	112.0	100.0	104.0	115.0	106.0	138.0	96.0	100.0	115.0	93.0
262.28	117.0	135.0	91.0	97.0	134.0	95.0	96.0	135.0	105.0	106.0	105.0	97.0	104.0	112.0	95.0	129.0	94.0	101.0	118.0	94.0
262.382	125.0	143.0	96.0	96.0	130.0	103.0	110.0	143.0	104.0	106.0	108.0	103.0	103.0	140.0	104.0	144.0	99.0	108.0	108.0	97.0
262.485	143.0	146.0	98.0	109.0	133.0	104.0	111.0	152.0	102.0	115.0	111.0	102.0	110.0	156.0	113.0	149.0	99.0	112.0	112.0	106.0
262.587	136.0	140.0	100.0	102.0	132.0	98.0	104.0	154.0	103.0	116.0	115.0	104.0	118.0	142.0	111.0	146.0	103.0	118.0	117.0	109.0
262.689	128.0	140.0	98.0	109.0	135.0	113.0	113.0	155.0	111.0	121.0	118.0	105.0	117.0	130.0	110.0	138.0	104.0	105.0	120.0	102.0
262.792	101.0	128.0	100.0	101.0	133.0	108.0	103.0	140.0	110.0	103.0	116.0	93.0	105.0	106.0	102.0	133.0	103.0	101.0	118.0	99.0
262.894	98.0	126.0	100.0	102.0	131.0	107.0	104.0	136.0	113.0	101.0	112.0	101.0	107.0	107.0	103.0	133.0	100.0	98.0	115.0	96.0
262.996	96.0	133.0	97.0	103.0	131.0	98.0	101.0	144.0	104.0	105.0	116.0	102.0	98.0	100.0	103.0	125.0	98.0	102.0	113.0	94.0
263.099	95.0	128.0	89.0	97.0	129.0	99.0	99.0	140.0	99.0	104.0	107.0	95.0	97.0	95.0	96.0	128.0	92.0	98.0	111.0	94.0
263.201	98.0	126.0	89.0	105.0	132.0	105.0	109.0	144.0	107.0	110.0	113.0	99.0	100.0	100.0	97.0	132.0	96.0	102.0	111.0	91.0
263.303	93.0	126.0	91.0	97.0	136.0	102.0	106.0	142.0	107.0	108.0	113.0	99.0	99.0	106.0	111.0	137.0	100.0	96.0	109.0	96.0
263.406	93.0	128.0	98.0	103.0	134.0	118.0	110.0	152.0	117.0	116.0	116.0	111.0	113.0	119.0	112.0	138.0	104.0	105.0	117.0	104.0
263.508	97.0	132.0	96.0	104.0	137.0	115.0	115.0	151.0	119.0	120.0	112.0	103.0	112.0	114.0	111.0	137.0	104.0	113.0	116.0	108.0
263.61	90.0	122.0	91.0	108.0	138.0	114.0	115.0	142.0	119.0	125.0	113.0	106.0	111.0	108.0	113.0	140.0	108.0	112.0	114.0	101.0
263.713	99.0	126.0	107.0	110.0	144.0	123.0	113.0	159.0	123.0	123.0	109.0	105.0	114.0	120.0	126.0	145.0	118.0	114.0	106.0	108.0
263.815	103.0	139.0	108.0	117.0	143.0	128.0	119.0	161.0	122.0	123.0	123.0	112.0	123.0	126.0	135.0	147.0	123.0	114.0	119.0	115.0
263.918	108.0	134.0	97.0	124.0	150.0	133.0	122.0	162.0	136.0	142.0	114.0	117.0	130.0	127.0	140.0	151.0	124.0	122.0	115.0	114.0
264.02	103.0	138.0	99.0	123.0	153.0	134.0	125.0	166.0	136.0	138.0	107.0	123.0	136.0	130.0	141.0	157.0	141.0	122.0	112.0	116.0
264.123	99.0	134.0	99.0	107.0	150.0	127.0	120.0	155.0	123.0	124.0	110.0	107.0	117.0	124.0	126.0	149.0	117.0	115.0	112.0	104.0
264.225	91.0	134.0	97.0	104.0	146.0	119.0	110.0	154.0	115.0	117.0	118.0	103.0	118.0	120.0	121.0	148.0	110.0	106.0	123.0	108.0
264.328	101.0	136.0	90.0	107.0	131.0	117.0	112.0	146.0	116.0	112.0	114.0	107.0	112.0	108.0	106.0	134.0	109.0	108.0	116.0	103.0
264.43	100.0	130.0	89.0	100.0	134.0	113.0	110.0	134.0	110.0	114.0	114.0	102.0	106.0	101.0	104.0	130.0	108.0	107.0	112.0	92.0
264.533	92.0	133.0	89.0	103.0	124.0	103.0	106.0	133.0	108.0	105.0	115.0	97.0	101.0	98.0	99.0	129.0	96.0	101.0	113.0	92.0
264.635	90.0	130.0	92.0	96.0	125.0	100.0	97.0	132.0	98.0	97.0	113.0	90.0	95.0	95.0	86.0	123.0	93.0	92.0	109.0	87.0
264.738	94.0	130.0	88.0	93.0	128.0	98.0	106.0	126.0	94.0	99.0	109.0	96.0	95.0	95.0	96.0	127.0	89.0	95.0	113.0	93.0
264.84	92.0	123.0	92.0	95.0	128.0	99.0	102.0	128.0	95.0	94.0	109.0	94.0	92.0	86.0	97.0	126.0	93.0	94.0	109.0	87.0
264.943	85.0	121.0	84.0	95.0	126.0	91.0	92.0	125.0	95.0	96.0	107.0	93.0	88.0	90.0	93.0	128.0	90.0	85.0	107.0	87.0
265.046	86.0	123.0	88.0	98.0	124.0	90.0	93.0	123.0	93.0	93.0	113.0	87.0	89.0	89.0	95.0	117.0	79.0	88.0	113.0	93.0
265.148	91.0	128.0	90.0	91.0	124.0	95.0	100.0	133.0	103.0	96.0	109.0	86.0	101.0	93.0	92.0	125.0	81.0	93.0	113.0	88.0
265.251	108.0	144.0	102.0	114.0	149.0	111.0	117.0	147.0	119.0	119.0	129.0	111.0	114.0	117.0	106.0	143.0	111.0	107.0	130.0	102.0
265.353	88.0	127.0	90.0	100.0	123.0	94.0	98.0	127.0	104.0	100.0	114.0	90.0	94.0	92.0	93.0	129.0	86.0	88.0	110.0	92.0
265.456	89.0	132.0	91.0	93.0	124.0	85.0	98.0	128.0	90.0	99.0	109.0	94.0	88.0	92.0	87.0	122.0	91.0	90.0	116.0	88.0
265.559	92.0	127.0	89.0	92.0	127.0	90.0	95.0	129.0	95.0	103.0	108.0	91.0	88.0	86.0	92.0	122.0	86.0	88.0	113.0	93.0
265.661	87.0	124.0	95.0	92.0	126.0	93.0	95.0	129.0	99.0	107.0	103.0	100.0	99.0	87.0	95.0	123.0	87.0	90.0	113.0	83.0
265.764	102.0	134.0	95.0	99.0	126.0	96.0	108.0	134.0	101.0	106.0	112.0	97.0	98.0	99.0	98.0	128.0	88.0	100.0	116.0	91.0
265.867	94.0	128.0	88.0	92.0	121.0	94.0	96.0	128.0	98.0	102.0	113.0	89.0	94.0	104.0	95.0	125.0	86.0	91.0	118.0	88.0
265.969	94.0	126.0	94.0	86.0	124.0	82.0	90.0	133.0	93.0	99.0	110.0	86.0	96.0	97.0	93.0	120.0	78.0	88.0	110.0	93.0
266.072	101.0	120.0	90.0	89.0	130.0	89.0	95.0	128.0	90.0	99.0	111.0	85.0	95.0	99.0	88.0	125.0	86.0	98.0	111.0	91.0
266.175	101.0	136.0	102.0	109.0	141.0	106.0	108.0	134.0	108.0	114.0	120.0	96.0	103.0	98.0	103.0	141.0	101.0	99.0	125.0	101.0
266.277	91.0	128.0	85.0	92.0	118.0	87.0	98.0	128.0	91.0	96.0	111.0	82.0	91.0	98.0	104.0	127.0	90.0	91.0	114.0	89.0
266.38	88.0	129.0	83.0	93.0	126.0	93.0	90.0	129.0	92.0	105.0	105.0	90.0	92.0	93.0	92.0	121.0	89.0	97.0	116.0	84.0
266.483	94.0	119.0	84.0	93.0	121.0	91.0	96.0	132.0	87.0	95.0	105.0	86.0	96.0	89.0	92.0	124.0	82.0	91.0	116.0	86.0
266.586	88.0	124.0	87.0	93.0	121.0	83.0	98.0	125.0	89.0	97.0	110.0	87.0	85.0	87.0	89.0	124.0	82.0	85.0	110.0	83.0
266.688	86.0	122.0	83.0	89.0	128.0	90.0	93.0	131.0	98.0	101.0	112.0	90.0	92.0	91.0	89.0	124.0	85.0	85.0	116.0	88.0
266.791	85.0	128.0	86.0	84.0	117.0	81.0	88.0	121.0	95.0	91.0	112.0	84.0	95.0	92.0	88.0	120.0	80.0	84.0	120.0	85.0
266.894	86.0	126.0	85.0	94.0	126.0	97.0	97.0	126.0	101.0	101.0	111.0	92.0	92.0	92.0	89.0	119.0	88.0	97.0	115.0	85.0
266.997	107.0	140.0	104.0	110.0	144.0	110.0	111.0	147.0	114.0	123.0	124.0	110.0	108.0	113.0	112.0	139.0	106.0	103.0	132.0	107.0
267.1	87.0	130.0	93.0	100.0	124.0	90.0	96.0	130.0	90.0	102.0	113.0	89.0	92.0	97.0	90.0	126.0	85.0	90.0	113.0	89.0
267.202	101.0	134.0	92.0	97.0	125.0	96.0	93.0	133.0	94.0	103.0	116.0	93.0	95.0	97.0	100.0	124.0	92.0	94.0	112.0	91.0
267.305	93.0	131.0	92.0	100.0	127.0	93.0	97.0	134.0	101.0	103.0	111.0	100.0	96.0	92.0	94.0	125.0	91.0	101.0	120.0	95.0
267.408	87.0	121.0	89.0	95.0	127.0	94.0	98.0	133.0	96.0	103.0	118.0	93.0	98.0	95.0	97.0	129.0	97.0	98.0	111.0	85.0
267.511	94.0	126.0	90.0	99.0	120.0	98.0	104.0	132.0	98.0	101.0	111.0	97.0	92.0	97.0	93.0	128.0	90.0	87.0	109.0	85.0
267.614	87.0	127.0	90.0	97.0	130.0	92.0	95.0	138.0	102.0	99.0	109.0	90.0	99.0	95.0	99.0	126.0	84.0	90.0	108.0	92.0
267.717	89.0	122.0	87.0	94.0	117.0	89.0	91.0	129.0	94.0	98.0	111.0	90.0	93.0	87.0	86.0	124.0	88.0	90.0	110.0	91.0
267.82	111.0	146.0	111.0	117.0	144.0	114.0	118.0	148.0	118.0	122.0	128.0	116.0	116.0	114.0	106.0	154.0	110.0	115.0	129.0	114.0
267.923	89.0	128.0	90.0	92.0	119.0	88.0	92.0	128.0	89.0	88.0	105.0	85.0	88.0	93.0	89.0	122.0	86.0	92.0	118.0	85.0
268.025	112.0	148.0	109.0	123.0	139.0	107.0	114.0	146.0	111.0	116.0	136.0	112.0	115.0	111.0	107.0	145.0	106.0	112.0	133.0	109.0
268.128	90.0	128.0	86.0	87.0	128.0	97.0	96.0	125.0	95.0	98.0	110.0	93.0	97.0	90.0	89.0	125.0	85.0	89.0	118.0	87.0
268.231	85.0	128.0	85.0	84.0	120.0	94.0	90.0	130.0	96.0	95.0	106.0	90.0	94.0	83.0	90.0	122.0	85.0	85.0	107.0	90.0
268.334	92.0	129.0	97.0	96.0	128.0	94.0	96.0	132.0	99.0	99.0	115.0	97.0	95.0	94.0	95.0	122.0	92.0	90.0	114.0	91.0
268.437	86.0	127.0	92.0	99.0	123.0	91.0	94.0	128.0	95.0	96.0	117.0	90.0	93.0	97.0	94.0	124.0	86.0	88.0	111.0	88.0
268.54	92.0	122.0	84.0	86.0	128.0	93.0	95.0	132.0	96.0	93.0	109.0	88.0	94.0	96.0	95.0	118.0	89.0	89.0	115.0	89.0
268.643	96.0	124.0	86.0	88.0	123.0	90.0	94.0	128.0	95.0	92.0	110.0	91.0	93.0	95.0	85.0	124.0	88.0	91.0	113.0	83.0
268.746	92.0	126.0	90.0	97.0	120.0	87.0	96.0	128.0	94.0	98.0	113.0	87.0	96.0	98.0	93.0	125.0	86.0	91.0	110.0	83.0
268.849	87.0	124.0	92.0	91.0	124.0	93.0	89.0	132.0	93.0	97.0	109.0	94.0	91.0	93.0	93.0	117.0	89.0	88.0	113.0	84.0
268.952	92.0	131.0	84.0	95.0	128.0	93.0	95.0	130.0	95.0	100.0	106.0	90.0	88.0	86.0	97.0	122.0	86.0	93.0	114.0	91.0
269.055	88.0	126.0	93.0	95.0	122.0	100.0	100.0	133.0	97.0	98.0	112.0	87.0	95.0	91.0	94.0	127.0	89.0	92.0	112.0	92.0
269.158	106.0	141.0	103.0	110.0	140.0	116.0	119.0	148.0	114.0	119.0	127.0	108.0	122.0	110.0	119.0	142.0	114.0	110.0	133.0	103.0
269.262	95.0	132.0	88.0	101.0	130.0	103.0	101.0	143.0	109.0	106.0	114.0	100.0	101.0	98.0	102.0	128.0	105.0	96.0	117.0	96.0
269.365	90.0	125.0	84.0	92.0	128.0	108.0	101.0	144.0	105.0	106.0	113.0	96.0	97.0	95.0	103.0	127.0	98.0	95.0	114.0	93.0
269.468	93.0	123.0	91.0	94.0	132.0	106.0	98.0	127.0	102.0	105.0	112.0	95.0	98.0	97.0	96.0	129.0	96.0	94.0	113.0	95.0
269.571	85.0	129.0	88.0	100.0	129.0	108.0	97.0	136.0	97.0	108.0	108.0	96.0	92.0	104.0	98.0	127.0	94.0	88.0	112.0	93.0
269.674	96.0	131.0	92.0	105.0	129.0	102.0	106.0	141.0	103.0	106.0	117.0	96.0	96.0	112.0	107.0	129.0	98.0	94.0	114.0	96.0
269.777	97.0	126.0	89.0	101.0	126.0	101.0	99.0	138.0	96.0	104.0	105.0	92.0	95.0	103.0	97.0	128.0	93.0	88.0	113.0	97.0
269.88	94.0	130.0	88.0	100.0	124.0	100.0	97.0	129.0	98.0	107.0	109.0	94.0	92.0	98.0	91.0	127.0	88.0	94.0	112.0	91.0
269.983	90.0	126.0	84.0	89.0	121.0	93.0	89.0	127.0	94.0	96.0	107.0	91.0	95.0	99.0	92.0	125.0	89.0	89.0	103.0	80.0
270.086	90.0	128.0	88.0	90.0	117.0	90.0	96.0	128.0	97.0	97.0	112.0	92.0	96.0	99.0	91.0	127.0	86.0	84.0	106.0	91.0
270.19	87.0	122.0	83.0	85.0	121.0	85.0	94.0	125.0	95.0	99.0	111.0	86.0	93.0	92.0	93.0	122.0	82.0	85.0	115.0	88.0
270.293	94.0	121.0	86.0	95.0	123.0	91.0	95.0	127.0	95.0	100.0	113.0	92.0	92.0	93.0	88.0	126.0	81.0	92.0	111.0	92.0
270.396	91.0	127.0	97.0	106.0	128.0	97.0	102.0	134.0	100.0	105.0	116.0	93.0	99.0	93.0	97.0	126.0	95.0	95.0	122.0	94.0
270.499	90.0	129.0	94.0	92.0	120.0	85.0	91.0	124.0	87.0	92.0	111.0	85.0	93.0	90.0	95.0	120.0	83.0	90.0	108.0	86.0
270.602	93.0	128.0	83.0	89.0	122.0	89.0	90.0	132.0	92.0	105.0	110.0	86.0	91.0	98.0	88.0	123.0	88.0	90.0	111.0	86.0
270.706	97.0	122.0	84.0	90.0	122.0	93.0	95.0	130.0	93.0	100.0	109.0	90.0	86.0	95.0	88.0	129.0	85.0	91.0	115.0	82.0
270.809	102.0	129.0	89.0	87.0	120.0	98.0	93.0	127.0	90.0	97.0	114.0	90.0	87.0	99.0	95.0	125.0	83.0	86.0	108.0	85.0
270.912	94.0	131.0	88.0	90.0	119.0	90.0	94.0	128.0	97.0	95.0	109.0	96.0	96.0	99.0	91.0	125.0	87.0	88.0	113.0	88.0
271.015	94.0	128.0	90.0	88.0	123.0	96.0	99.0	136.0	100.0	97.0	108.0	92.0	102.0	102.0	98.0	126.0	93.0	97.0	116.0	91.0
271.119	105.0	130.0	83.0	93.0	132.0	102.0	102.0	135.0	102.0	102.0	108.0	95.0	103.0	103.0	97.0	132.0	90.0	98.0	113.0	94.0
271.222	90.0	126.0	87.0	103.0	129.0	98.0	98.0	126.0	97.0	104.0	108.0	99.0	98.0	102.0	90.0	125.0	95.0	96.0	113.0	89.0
271.325	91.0	133.0	89.0	101.0	119.0	94.0	97.0	133.0	92.0	105.0	113.0	89.0	100.0	107.0	97.0	136.0	94.0	97.0	113.0	96.0
271.429	90.0	121.0	84.0	85.0	123.0	88.0	98.0	130.0	92.0	102.0	114.0	91.0	96.0	97.0	93.0	126.0	90.0	95.0	118.0	95.0
271.532	91.0	123.0	88.0	88.0	128.0	89.0	96.0	135.0	101.0	98.0	118.0	95.0	101.0	93.0	95.0	125.0	93.0	94.0	116.0	97.0
271.635	86.0	123.0	87.0	87.0	117.0	86.0	93.0	128.0	91.0	93.0	107.0	90.0	82.0	90.0	93.0	122.0	87.0	89.0	106.0	87.0
271.739	87.0	127.0	87.0	92.0	125.0	92.0	95.0	131.0	95.0	89.0	114.0	89.0	85.0	97.0	93.0	125.0	90.0	90.0	105.0	92.0
271.842	92.0	127.0	90.0	92.0	123.0	94.0	98.0	120.0	96.0	99.0	109.0	89.0	89.0	98.0	99.0	119.0	83.0	98.0	111.0	95.0
271.945	89.0	120.0	84.0	92.0	123.0	91.0	96.0	128.0	95.0	94.0	104.0	90.0	99.0	94.0	101.0	126.0	91.0	92.0	113.0	83.0
272.049	96.0	127.0	85.0	93.0	123.0	94.0	91.0	132.0	95.0	96.0	110.0	90.0	92.0	99.0	100.0	123.0	90.0	97.0	112.0	95.0
272.152	89.0	129.0	85.0	96.0	124.0	88.0	90.0	127.0	95.0	93.0	106.0	88.0	93.0	99.0	92.0	124.0	96.0	90.0	116.0	90.0
272.255	98.0	126.0	88.0	92.0	122.0	90.0	101.0	134.0	87.0	102.0	104.0	97.0	102.0	96.0	90.0	127.0	85.0	91.0	112.0	93.0
272.359	92.0	133.0	92.0	96.0	129.0	90.0	97.0	127.0	103.0	101.0	108.0	92.0	101.0	91.0	96.0	129.0	93.0	89.0	116.0	86.0
272.462	90.0	127.0	84.0	92.0	124.0	100.0	101.0	137.0	96.0	102.0	111.0	95.0	93.0	93.0	96.0	135.0	90.0	95.0	112.0	89.0
272.566	92.0	126.0	86.0	99.0	125.0	99.0	97.0	131.0	100.0	97.0	110.0	98.0	95.0	101.0	101.0	133.0	94.0	93.0	109.0	90.0
272.669	90.0	126.0	88.0	96.0	126.0	106.0	104.0	139.0	102.0	106.0	116.0	96.0	100.0	98.0	109.0	138.0	94.0	100.0	114.0	98.0
272.773	103.0	124.0	86.0	90.0	119.0	101.0	103.0	134.0	110.0	102.0	116.0	95.0	100.0	103.0	103.0	130.0	99.0	100.0	110.0	93.0
272.876	101.0	122.0	88.0	99.0	135.0	107.0	106.0	138.0	106.0	108.0	111.0	95.0	103.0	104.0	102.0	136.0	103.0	97.0	113.0	91.0
272.98	94.0	126.0	93.0	99.0	123.0	104.0	100.0	141.0	108.0	102.0	109.0	92.0	101.0	104.0	100.0	131.0	100.0	92.0	116.0	94.0
273.083	97.0	129.0	86.0	96.0	126.0	94.0	100.0	136.0	97.0	100.0	110.0	88.0	96.0	104.0	100.0	128.0	90.0	95.0	110.0	90.0
273.187	115.0	132.0	88.0	99.0	124.0	99.0	100.0	141.0	99.0	108.0	109.0	100.0	103.0	104.0	98.0	128.0	95.0	102.0	114.0	97.0
273.29	140.0	142.0	100.0	103.0	133.0	107.0	109.0	147.0	110.0	109.0	110.0	102.0	111.0	154.0	117.0	158.0	104.0	120.0	119.0	100.0
273.394	122.0	138.0	93.0	101.0	128.0	108.0	112.0	145.0	98.0	106.0	115.0	98.0	106.0	135.0	109.0	144.0	99.0	107.0	103.0	97.0
273.497	120.0	139.0	97.0	102.0	140.0	110.0	107.0	153.0	108.0	113.0	112.0	102.0	114.0	141.0	121.0	145.0	102.0	116.0	117.0	103.0
273.601	113.0	137.0	94.0	97.0	138.0	113.0	115.0	154.0	110.0	114.0	116.0	102.0	107.0	129.0	113.0	148.0	105.0	121.0	110.0	106.0
273.704	122.0	134.0	91.0	106.0	137.0	113.0	116.0	146.0	110.0	118.0	109.0	108.0	113.0	134.0	111.0	148.0	107.0	118.0	110.0	100.0
273.808	111.0	135.0	93.0	105.0	128.0	108.0	116.0	140.0	103.0	108.0	114.0	99.0	109.0	127.0	112.0	142.0	106.0	111.0	119.0	98.0
273.911	125.0	136.0	91.0	105.0	131.0	110.0	114.0	153.0	107.0	112.0	112.0	99.0	114.0	140.0	113.0	139.0	101.0	119.0	111.0	99.0
274.015	146.0	144.0	94.0	108.0	133.0	114.0	111.0	166.0	111.0	122.0	108.0	113.0	123.0	154.0	124.0	161.0	114.0	124.0	117.0	104.0
274.119	144.0	145.0	94.0	112.0	131.0	122.0	111.0	162.0	120.0	128.0	114.0	117.0	114.0	170.0	123.0	169.0	121.0	127.0	123.0	100.0
274.222	159.0	148.0	96.0	106.0	139.0	118.0	125.0	166.0	119.0	127.0	115.0	119.0	117.0	189.0	132.0	173.0	123.0	136.0	115.0	108.0
274.326	155.0	149.0	98.0	104.0	137.0	117.0	120.0	158.0	109.0	125.0	119.0	110.0	123.0	174.0	136.0	174.0	117.0	129.0	117.0	114.0
274.43	141.0	140.0	95.0	108.0	137.0	117.0	124.0	171.0	121.0	126.0	118.0	122.0	128.0	159.0	132.0	161.0	120.0	126.0	123.0	108.0
274.533	143.0	138.0	91.0	110.0	149.0	130.0	133.0	168.0	127.0	135.0	111.0	123.0	128.0	165.0	141.0	170.0	138.0	135.0	117.0	113.0
274.637	134.0	148.0	103.0	118.0	154.0	150.0	130.0	172.0	130.0	139.0	116.0	122.0	142.0	162.0	145.0	168.0	145.0	133.0	114.0	117.0
274.741	126.0	141.0	103.0	119.0	146.0	136.0	128.0	180.0	130.0	136.0	113.0	123.0	132.0	162.0	140.0	166.0	139.0	126.0	116.0	112.0
274.844	142.0	135.0	98.0	116.0	147.0	139.0	123.0	172.0	124.0	136.0	109.0	118.0	132.0	163.0	130.0	163.0	127.0	124.0	115.0	109.0
274.948	153.0	141.0	98.0	108.0	136.0	123.0	119.0	172.0	115.0	125.0	113.0	109.0	116.0	163.0	119.0	160.0	114.0	125.0	115.0	107.0
275.052	123.0	143.0	97.0	103.0	126.0	118.0	106.0	157.0	116.0	115.0	114.0	105.0	108.0	141.0	117.0	153.0	106.0	113.0	114.0	99.0
275.155	125.0	143.0	96.0	111.0	137.0	117.0	118.0	155.0	113.0	117.0	115.0	97.0	116.0	141.0	123.0	149.0	107.0	108.0	119.0	110.0
275.259	110.0	129.0	93.0	97.0	131.0	114.0	110.0	148.0	111.0	115.0	115.0	104.0	106.0	123.0	115.0	144.0	109.0	105.0	112.0	104.0
275.363	98.0	122.0	87.0	95.0	127.0	116.0	101.0	145.0	108.0	114.0	110.0	99.0	104.0	109.0	105.0	142.0	108.0	105.0	113.0	104.0
275.467	88.0	135.0	89.0	99.0	132.0	119.0	109.0	144.0	113.0	115.0	108.0	95.0	105.0	112.0	109.0	137.0	104.0	105.0	107.0	103.0
275.57	94.0	129.0	97.0	98.0	126.0	109.0	102.0	141.0	104.0	106.0	112.0	96.0	98.0	106.0	112.0	138.0	98.0	97.0	109.0	102.0
275.674	93.0	123.0	88.0	98.0	127.0	110.0	102.0	142.0	104.0	112.0	111.0	97.0	102.0	111.0	100.0	130.0	91.0	98.0	113.0	93.0
275.778	94.0	128.0	94.0	94.0	126.0	108.0	98.0	142.0	112.0	113.0	100.0	101.0	100.0	109.0	108.0	136.0	105.0	97.0	114.0	103.0
275.882	98.0	127.0	88.0	97.0	126.0	117.0	100.0	143.0	104.0	109.0	112.0	97.0	97.0	108.0	107.0	137.0	104.0	102.0	112.0	94.0
275.986	89.0	125.0	83.0	96.0	124.0	105.0	98.0	137.0	106.0	100.0	110.0	96.0	103.0	101.0	99.0	138.0	98.0	95.0	110.0	98.0
276.089	107.0	129.0	92.0	97.0	130.0	101.0	100.0	146.0	107.0	105.0	113.0	96.0	108.0	112.0	109.0	136.0	96.0	100.0	114.0	100.0
276.193	100.0	127.0	87.0	90.0	130.0	93.0	94.0	133.0	103.0	103.0	109.0	98.0	100.0	104.0	92.0	134.0	90.0	98.0	111.0	97.0
276.297	94.0	122.0	85.0	93.0	128.0	94.0	95.0	129.0	95.0	97.0	112.0	91.0	95.0	101.0	89.0	134.0	88.0	88.0	112.0	86.0
276.401	98.0	126.0	88.0	95.0	119.0	96.0	99.0	131.0	92.0	96.0	108.0	88.0	88.0	103.0	97.0	124.0	88.0	90.0	110.0	86.0
276.505	96.0	127.0	89.0	97.0	122.0	98.0	91.0	139.0	104.0	94.0	110.0	91.0	100.0	100.0	94.0	127.0	93.0	88.0	114.0	100.0
276.609	89.0	118.0	88.0	94.0	126.0	88.0	94.0	130.0	103.0	101.0	105.0	90.0	91.0	90.0	93.0	119.0	81.0	90.0	111.0	88.0
276.713	88.0	121.0	86.0	92.0	120.0	96.0	91.0	127.0	98.0	96.0	110.0	90.0	94.0	97.0	96.0	127.0	93.0	87.0	113.0	84.0
276.816	87.0	118.0	84.0	95.0	121.0	91.0	97.0	126.0	90.0	96.0	108.0	94.0	95.0	92.0	92.0	122.0	97.0	86.0	114.0	90.0
276.92	88.0	115.0	93.0	88.0	121.0	92.0	98.0	134.0	102.0	99.0	107.0	87.0	92.0	96.0	93.0	124.0	83.0	84.0	112.0	94.0
277.024	84.0	118.0	82.0	91.0	127.0	92.0	96.0	134.0	101.0	101.0	112.0	92.0	96.0	98.0	87.0	120.0	85.0	86.0	118.0	88.0
277.128	79.0	124.0	83.0	88.0	118.0	98.0	96.0	124.0	96.0	93.0	109.0	89.0	94.0	94.0	85.0	116.0	85.0	89.0	119.0	86.0
277.232	91.0	128.0	91.0	90.0	116.0	94.0	95.0	126.0	93.0	99.0	112.0	88.0	98.0	99.0	97.0	129.0	91.0	90.0	116.0	92.0
277.336	93.0	130.0	90.0	88.0	121.0	95.0	98.0	133.0	96.0	98.0	108.0	92.0	91.0	103.0	95.0	131.0	93.0	90.0	113.0	94.0
277.44	101.0	127.0	85.0	94.0	124.0	98.0	99.0	129.0	95.0	104.0	105.0	98.0	98.0	100.0	97.0	124.0	96.0	92.0	111.0	88.0
277.544	90.0	126.0	87.0	88.0	129.0	94.0	93.0	133.0	96.0	105.0	112.0	95.0	93.0	98.0	93.0	132.0	93.0	92.0	114.0	89.0
277.648	92.0	133.0	86.0	90.0	121.0	102.0	100.0	135.0	97.0	101.0	111.0	88.0	96.0	98.0	101.0	128.0	92.0	92.0	107.0	90.0
277.752	93.0	128.0	87.0	93.0	120.0	103.0	92.0	132.0	98.0	100.0	112.0	95.0	94.0	95.0	96.0	131.0	95.0	90.0	111.0	90.0
277.856	92.0	122.0	84.0	94.0	127.0	95.0	91.0	135.0	96.0	100.0	113.0	93.0	92.0	102.0	100.0	134.0	86.0	94.0	117.0	93.0
277.96	96.0	124.0	83.0	98.0	124.0	95.0	98.0	129.0	99.0	102.0	114.0	95.0	96.0	106.0	99.0	135.0	102.0	100.0	117.0	96.0
278.064	88.0	126.0	91.0	99.0	120.0	107.0	101.0	133.0	100.0	101.0	108.0	95.0	99.0	103.0	101.0	132.0	97.0	87.0	114.0	94.0
278.168	100.0	130.0	90.0	98.0	133.0	101.0	105.0	142.0	102.0	105.0	114.0	100.0	105.0	108.0	104.0	142.0	103.0	103.0	116.0	93.0
278.272	92.0	127.0	88.0	98.0	126.0	100.0	95.0	140.0	108.0	113.0	115.0	96.0	104.0	100.0	105.0	135.0	96.0	99.0	115.0	94.0
278.376	89.0	119.0	90.0	98.0	125.0	105.0	90.0	130.0	104.0	113.0	113.0	101.0	95.0	101.0	98.0	128.0	94.0	97.0	119.0	92.0
278.48	86.0	127.0	91.0	104.0	129.0	98.0	97.0	130.0	101.0	107.0	114.0	103.0	96.0	102.0	105.0	135.0	102.0	95.0	109.0	93.0
278.584	90.0	120.0	88.0	92.0	128.0	103.0	98.0	133.0	104.0	100.0	114.0	102.0	100.0	102.0	105.0	125.0	93.0	92.0	113.0	95.0
278.689	91.0	122.0	84.0	92.0	124.0	103.0	95.0	130.0	93.0	99.0	116.0	97.0	101.0	89.0	98.0	128.0	93.0	89.0	116.0	91.0
278.793	91.0	128.0	82.0	97.0	124.0	101.0	98.0	136.0	102.0	103.0	110.0	101.0	104.0	100.0	97.0	133.0	96.0	91.0	108.0	92.0
278.897	89.0	136.0	89.0	102.0	137.0	109.0	104.0	131.0	100.0	112.0	116.0	97.0	106.0	107.0	105.0	151.0	98.0	93.0	113.0	104.0
279.001	102.0	146.0	90.0	102.0	132.0	104.0	108.0	150.0	107.0	103.0	114.0	94.0	102.0	106.0	111.0	143.0	106.0	106.0	113.0	104.0
279.105	102.0	136.0	88.0	108.0	133.0	113.0	106.0	146.0	115.0	110.0	109.0	98.0	102.0	114.0	108.0	149.0	105.0	100.0	109.0	105.0
279.209	111.0	149.0	105.0	121.0	148.0	138.0	121.0	161.0	128.0	131.0	122.0	121.0	123.0	127.0	134.0	164.0	132.0	120.0	133.0	113.0
279.313	93.0	125.0	86.0	96.0	124.0	108.0	108.0	140.0	103.0	104.0	110.0	101.0	102.0	102.0	109.0	143.0	100.0	101.0	104.0	98.0
279.418	102.0	131.0	95.0	105.0	136.0	112.0	118.0	150.0	115.0	112.0	111.0	107.0	107.0	111.0	113.0	145.0	113.0	104.0	108.0	101.0
279.522	101.0	132.0	89.0	104.0	136.0	127.0	117.0	150.0	121.0	121.0	113.0	103.0	118.0	112.0	122.0	145.0	117.0	105.0	115.0	101.0
279.626	111.0	136.0	82.0	111.0	136.0	126.0	117.0	149.0	127.0	132.0	111.0	112.0	114.0	120.0	124.0	157.0	121.0	113.0	113.0	112.0
279.73	100.0	137.0	90.0	111.0	138.0	129.0	117.0	155.0	121.0	128.0	113.0	114.0	115.0	120.0	126.0	153.0	118.0	113.0	117.0	109.0
279.834	106.0	142.0	98.0	122.0	145.0	147.0	127.0	175.0	136.0	142.0	110.0	120.0	128.0	137.0	150.0	174.0	144.0	132.0	111.0	125.0
279.939	103.0	140.0	100.0	121.0	156.0	151.0	130.0	170.0	144.0	139.0	110.0	123.0	136.0	152.0	156.0	168.0	156.0	129.0	112.0	129.0
280.043	103.0	137.0	91.0	112.0	149.0	146.0	120.0	164.0	135.0	134.0	112.0	124.0	125.0	135.0	140.0	155.0	142.0	127.0	112.0	114.0
280.147	99.0	127.0	90.0	113.0	149.0	149.0	121.0	165.0	129.0	128.0	112.0	114.0	112.0	127.0	133.0	164.0	130.0	118.0	111.0	108.0
280.251	100.0	132.0	93.0	113.0	146.0	128.0	122.0	163.0	128.0	125.0	117.0	119.0	123.0	128.0	129.0	149.0	125.0	107.0	115.0	103.0
280.356	109.0	132.0	96.0	113.0	150.0	153.0	130.0	175.0	135.0	133.0	113.0	130.0	134.0	136.0	147.0	161.0	132.0	123.0	121.0	115.0
280.46	109.0	139.0	96.0	119.0	152.0	153.0	130.0	170.0	149.0	144.0	112.0	127.0	134.0	141.0	145.0	164.0	146.0	136.0	117.0	126.0
280.564	96.0	134.0	95.0	114.0	154.0	151.0	120.0	161.0	139.0	139.0	116.0	126.0	130.0	141.0	138.0	160.0	141.0	125.0	115.0	123.0
280.669	97.0	133.0	96.0	107.0	141.0	134.0	119.0	152.0	126.0	121.0	114.0	98.0	110.0	117.0	132.0	157.0	129.0	115.0	118.0	104.0
280.773	100.0	132.0	89.0	107.0	140.0	122.0	114.0	160.0	132.0	117.0	120.0	114.0	114.0	122.0	120.0	141.0	124.0	105.0	116.0	103.0
280.877	104.0	128.0	90.0	101.0	133.0	124.0	102.0	147.0	124.0	120.0	108.0	104.0	112.0	108.0	119.0	145.0	120.0	97.0	117.0	107.0
280.982	100.0	130.0	91.0	101.0	134.0	120.0	108.0	147.0	117.0	121.0	115.0	102.0	109.0	108.0	113.0	144.0	112.0	104.0	114.0	99.0
281.086	96.0	132.0	94.0	107.0	136.0	133.0	118.0	154.0	116.0	123.0	109.0	117.0	118.0	122.0	132.0	155.0	116.0	114.0	112.0	106.0
281.19	108.0	139.0	98.0	118.0	153.0	159.0	129.0	177.0	146.0	148.0	117.0	126.0	140.0	145.0	152.0	167.0	146.0	129.0	111.0	121.0
281.295	111.0	133.0	93.0	117.0	149.0	153.0	128.0	171.0	142.0	147.0	114.0	128.0	134.0	141.0	144.0	166.0	143.0	126.0	109.0	117.0
281.399	104.0	142.0	96.0	122.0	155.0	159.0	120.0	173.0	139.0	146.0	114.0	124.0	139.0	146.0	143.0	162.0	143.0	129.0	112.0	125.0
281.503	101.0	135.0	96.0	112.0	146.0	146.0	120.0	165.0	129.0	130.0	118.0	117.0	125.0	141.0	138.0	156.0	130.0	113.0	114.0	116.0
281.608	97.0	130.0	92.0	97.0	141.0	128.0	114.0	153.0	125.0	123.0	116.0	106.0	112.0	114.0	119.0	146.0	120.0	109.0	118.0	110.0
281.712	103.0	135.0	93.0	106.0	140.0	123.0	109.0	148.0	118.0	120.0	112.0	103.0	113.0	112.0	119.0	139.0	114.0	108.0	112.0	106.0
281.817	107.0	140.0	97.0	111.0	143.0	130.0	114.0	156.0	121.0	126.0	120.0	106.0	116.0	118.0	120.0	143.0	119.0	119.0	128.0	109.0
281.921	95.0	126.0	89.0	108.0	132.0	115.0	105.0	144.0	109.0	115.0	110.0	101.0	106.0	111.0	109.0	138.0	107.0	98.0	108.0	98.0
282.026	102.0	128.0	93.0	107.0	141.0	138.0	119.0	157.0	124.0	123.0	122.0	114.0	121.0	120.0	124.0	151.0	113.0	110.0	117.0	108.0
282.13	112.0	136.0	91.0	118.0	155.0	157.0	135.0	178.0	142.0	148.0	112.0	132.0	149.0	146.0	150.0	174.0	153.0	134.0	118.0	127.0
282.235	128.0	150.0	104.0	143.0	179.0	205.0	161.0	210.0	170.0	178.0	110.0	168.0	178.0	188.0	199.0	211.0	191.0	167.0	118.0	156.0
282.339	135.0	148.0	111.0	150.0	186.0	225.0	164.0	217.0	179.0	183.0	112.0	157.0	176.0	196.0	194.0	199.0	205.0	159.0	114.0	151.0
282.444	114.0	136.0	97.0	132.0	164.0	185.0	152.0	197.0	160.0	164.0	121.0	138.0	152.0	166.0	173.0	187.0	172.0	144.0	111.0	130.0
282.548	122.0	139.0	97.0	127.0	165.0	182.0	143.0	201.0	169.0	167.0	109.0	143.0	146.0	164.0	171.0	175.0	169.0	142.0	108.0	138.0
282.653	123.0	147.0	100.0	131.0	162.0	169.0	135.0	186.0	154.0	162.0	117.0	135.0	140.0	155.0	165.0	172.0	157.0	141.0	123.0	129.0
282.757	107.0	132.0	99.0	117.0	146.0	156.0	121.0	169.0	143.0	138.0	107.0	124.0	126.0	132.0	140.0	156.0	137.0	119.0	110.0	115.0
282.862	96.0	131.0	90.0	105.0	138.0	128.0	111.0	154.0	125.0	123.0	115.0	113.0	118.0	123.0	125.0	146.0	123.0	108.0	116.0	109.0
282.966	100.0	126.0	85.0	100.0	135.0	124.0	109.0	160.0	117.0	125.0	116.0	112.0	112.0	122.0	126.0	149.0	120.0	114.0	115.0	107.0
283.071	94.0	132.0	88.0	102.0	133.0	121.0	114.0	151.0	120.0	116.0	108.0	106.0	110.0	113.0	113.0	142.0	110.0	105.0	113.0	101.0
283.175	94.0	129.0	91.0	102.0	135.0	121.0	109.0	161.0	117.0	123.0	111.0	103.0	105.0	112.0	112.0	137.0	109.0	105.0	112.0	107.0
283.28	103.0	131.0	90.0	101.0	137.0	115.0	105.0	152.0	109.0	117.0	115.0	99.0	108.0	115.0	114.0	142.0	106.0	106.0	107.0	100.0
283.385	105.0	124.0	90.0	99.0	141.0	118.0	111.0	158.0	117.0	118.0	111.0	106.0	113.0	118.0	117.0	143.0	116.0	113.0	108.0	105.0
283.489	109.0	135.0	90.0	111.0	138.0	139.0	117.0	167.0	124.0	139.0	114.0	119.0	121.0	123.0	139.0	157.0	130.0	119.0	115.0	116.0
283.594	109.0	133.0	100.0	114.0	149.0	154.0	123.0	173.0	141.0	137.0	116.0	122.0	132.0	137.0	151.0	168.0	146.0	128.0	112.0	123.0
283.698	105.0	136.0	98.0	111.0	142.0	137.0	114.0	163.0	127.0	126.0	121.0	120.0	125.0	125.0	134.0	159.0	124.0	112.0	118.0	116.0
283.803	106.0	130.0	88.0	105.0	142.0	128.0	114.0	153.0	128.0	116.0	114.0	110.0	119.0	117.0	125.0	150.0	112.0	117.0	113.0	104.0
283.908	96.0	128.0	85.0	92.0	137.0	121.0	109.0	150.0	115.0	114.0	113.0	109.0	111.0	110.0	123.0	140.0	113.0	107.0	114.0	103.0
284.012	97.0	126.0	87.0	100.0	140.0	120.0	113.0	149.0	116.0	121.0	114.0	106.0	112.0	119.0	123.0	146.0	117.0	117.0	116.0	107.0
284.117	101.0	133.0	90.0	103.0	133.0	117.0	105.0	144.0	111.0	104.0	113.0	96.0	108.0	116.0	120.0	140.0	109.0	103.0	114.0	99.0
284.222	92.0	128.0	88.0	102.0	136.0	112.0	109.0	141.0	115.0	104.0	105.0	95.0	110.0	113.0	119.0	133.0	111.0	101.0	113.0	98.0
284.326	94.0	121.0	86.0	97.0	134.0	107.0	100.0	137.0	106.0	102.0	110.0	104.0	103.0	102.0	105.0	131.0	103.0	97.0	112.0	96.0
284.431	101.0	128.0	95.0	103.0	138.0	125.0	104.0	145.0	122.0	117.0	110.0	106.0	108.0	116.0	119.0	146.0	121.0	108.0	110.0	101.0
284.536	89.0	135.0	93.0	100.0	132.0	122.0	106.0	138.0	115.0	117.0	116.0	107.0	110.0	110.0	108.0	146.0	113.0	101.0	117.0	98.0
284.64	96.0	124.0	96.0	99.0	133.0	126.0	112.0	144.0	115.0	108.0	118.0	103.0	117.0	114.0	118.0	139.0	111.0	104.0	113.0	99.0
284.745	93.0	121.0	89.0	101.0	132.0	121.0	106.0	144.0	115.0	109.0	111.0	99.0	108.0	115.0	116.0	145.0	115.0	104.0	109.0	107.0
284.85	89.0	132.0	91.0	106.0	128.0	123.0	110.0	147.0	109.0	110.0	112.0	104.0	110.0	112.0	114.0	144.0	117.0	106.0	110.0	104.0
284.955	98.0	136.0	97.0	102.0	133.0	121.0	114.0	148.0	117.0	120.0	111.0	105.0	115.0	117.0	123.0	150.0	118.0	108.0	106.0	110.0
285.059	99.0	124.0	92.0	102.0	138.0	123.0	113.0	148.0	120.0	120.0	117.0	114.0	117.0	122.0	124.0	152.0	120.0	112.0	110.0	110.0
285.164	100.0	126.0	94.0	110.0	139.0	133.0	114.0	153.0	122.0	127.0	113.0	115.0	119.0	122.0	128.0	151.0	118.0	112.0	117.0	106.0
285.269	102.0	134.0	92.0	111.0	136.0	136.0	106.0	165.0	123.0	128.0	109.0	114.0	112.0	122.0	130.0	144.0	124.0	116.0	110.0	110.0
285.374	103.0	128.0	93.0	106.0	135.0	131.0	108.0	151.0	122.0	124.0	117.0	110.0	118.0	128.0	127.0	152.0	128.0	109.0	114.0	105.0
285.479	104.0	134.0	95.0	105.0	145.0	136.0	118.0	155.0	129.0	126.0	112.0	116.0	125.0	124.0	132.0	150.0	122.0	119.0	116.0	111.0
285.583	109.0	134.0	85.0	119.0	158.0	150.0	127.0	177.0	143.0	142.0	116.0	120.0	135.0	141.0	149.0	167.0	146.0	129.0	111.0	125.0
285.688	100.0	132.0	92.0	111.0	143.0	141.0	121.0	160.0	134.0	131.0	114.0	112.0	133.0	134.0	144.0	156.0	143.0	120.0	119.0	120.0
285.793	110.0	136.0	95.0	117.0	139.0	146.0	126.0	158.0	133.0	132.0	114.0	117.0	134.0	133.0	139.0	157.0	133.0	118.0	109.0	122.0
285.898	99.0	131.0	91.0	110.0	142.0	125.0	118.0	160.0	125.0	122.0	112.0	111.0	123.0	123.0	129.0	143.0	121.0	111.0	117.0	113.0
286.003	92.0	126.0	86.0	95.0	131.0	115.0	103.0	146.0	112.0	109.0	113.0	100.0	104.0	113.0	110.0	134.0	108.0	98.0	123.0	104.0
286.108	89.0	121.0	90.0	101.0	123.0	104.0	100.0	136.0	110.0	108.0	109.0	97.0	101.0	102.0	113.0	133.0	103.0	102.0	113.0	90.0
286.213	100.0	126.0	82.0	101.0	132.0	124.0	107.0	150.0	112.0	112.0	112.0	102.0	106.0	113.0	118.0	143.0	112.0	103.0	111.0	102.0
286.317	104.0	132.0	94.0	101.0	141.0	127.0	114.0	157.0	125.0	124.0	111.0	109.0	114.0	125.0	123.0	148.0	117.0	106.0	113.0	110.0
286.422	99.0	127.0	89.0	112.0	140.0	135.0	116.0	155.0	125.0	123.0	112.0	114.0	116.0	123.0	128.0	150.0	119.0	111.0	111.0	108.0
286.527	89.0	125.0	89.0	105.0	136.0	128.0	114.0	152.0	111.0	118.0	113.0	111.0	115.0	112.0	114.0	146.0	115.0	109.0	111.0	99.0
286.632	100.0	132.0	89.0	110.0	135.0	128.0	112.0	155.0	116.0	114.0	114.0	102.0	116.0	128.0	126.0	141.0	122.0	108.0	115.0	105.0
286.737	88.0	127.0	86.0	97.0	134.0	111.0	111.0	137.0	114.0	105.0	110.0	103.0	105.0	106.0	112.0	137.0	100.0	105.0	116.0	97.0
286.842	108.0	141.0	102.0	116.0	149.0	130.0	117.0	157.0	129.0	123.0	119.0	117.0	124.0	136.0	133.0	152.0	121.0	116.0	133.0	118.0
286.947	110.0	143.0	103.0	120.0	149.0	143.0	124.0	165.0	134.0	131.0	122.0	123.0	123.0	135.0	140.0	159.0	134.0	129.0	127.0	115.0
287.052	107.0	137.0	103.0	124.0	152.0	153.0	131.0	173.0	142.0	142.0	122.0	128.0	136.0	139.0	152.0	170.0	146.0	132.0	116.0	125.0
287.157	108.0	142.0	97.0	116.0	151.0	156.0	137.0	179.0	137.0	148.0	119.0	123.0	149.0	143.0	160.0	167.0	143.0	135.0	117.0	129.0
287.262	97.0	129.0	92.0	107.0	152.0	140.0	117.0	158.0	130.0	129.0	116.0	122.0	124.0	132.0	139.0	159.0	126.0	120.0	115.0	118.0
287.367	96.0	126.0	87.0	105.0	142.0	132.0	120.0	151.0	125.0	125.0	112.0	118.0	122.0	125.0	126.0	156.0	126.0	112.0	120.0	109.0
287.472	98.0	129.0	95.0	104.0	129.0	121.0	115.0	150.0	119.0	126.0	119.0	103.0	109.0	116.0	126.0	144.0	119.0	111.0	116.0	107.0
287.577	112.0	141.0	104.0	118.0	152.0	130.0	124.0	166.0	134.0	132.0	134.0	118.0	128.0	124.0	131.0	157.0	132.0	112.0	138.0	122.0
287.682	95.0	128.0	98.0	108.0	147.0	120.0	116.0	158.0	119.0	118.0	118.0	109.0	116.0	116.0	122.0	148.0	119.0	109.0	116.0	108.0
287.787	106.0	137.0	99.0	112.0	152.0	146.0	127.0	171.0	132.0	138.0	120.0	128.0	133.0	133.0	144.0	160.0	143.0	135.0	125.0	118.0
287.892	105.0	140.0	96.0	115.0	147.0	153.0	125.0	175.0	140.0	142.0	119.0	124.0	136.0	140.0	151.0	160.0	147.0	120.0	114.0	116.0
287.997	110.0	138.0	100.0	113.0	148.0	143.0	124.0	162.0	135.0	133.0	112.0	117.0	130.0	130.0	137.0	157.0	129.0	113.0	111.0	112.0
288.102	92.0	128.0	88.0	103.0	136.0	117.0	110.0	153.0	123.0	117.0	114.0	109.0	116.0	120.0	122.0	146.0	110.0	114.0	115.0	110.0
288.207	88.0	125.0	84.0	105.0	135.0	127.0	114.0	143.0	118.0	119.0	109.0	114.0	115.0	119.0	115.0	142.0	115.0	117.0	115.0	104.0
288.312	101.0	134.0	94.0	107.0	135.0	140.0	116.0	156.0	120.0	124.0	106.0	112.0	119.0	120.0	129.0	152.0	124.0	111.0	112.0	104.0
288.417	103.0	138.0	92.0	104.0	147.0	128.0	123.0	156.0	118.0	121.0	114.0	115.0	117.0	124.0	132.0	153.0	129.0	118.0	115.0	111.0
288.523	100.0	125.0	89.0	107.0	140.0	128.0	116.0	149.0	120.0	118.0	110.0	112.0	116.0	117.0	132.0	144.0	120.0	110.0	120.0	104.0
288.628	96.0	126.0	82.0	100.0	129.0	123.0	115.0	146.0	111.0	116.0	109.0	110.0	106.0	108.0	119.0	139.0	112.0	107.0	111.0	101.0
288.733	95.0	122.0	95.0	108.0	128.0	121.0	103.0	142.0	115.0	116.0	112.0	102.0	111.0	105.0	115.0	143.0	107.0	101.0	112.0	104.0
288.838	88.0	124.0	90.0	94.0	128.0	107.0	106.0	135.0	108.0	104.0	111.0	98.0	96.0	97.0	110.0	125.0	98.0	92.0	106.0	93.0
288.943	85.0	115.0	82.0	87.0	132.0	100.0	101.0	131.0	97.0	95.0	112.0	100.0	93.0	93.0	101.0	129.0	90.0	91.0	112.0	96.0
289.048	80.0	119.0	84.0	93.0	124.0	95.0	90.0	126.0	100.0	100.0	110.0	94.0	93.0	90.0	94.0	123.0	84.0	92.0	113.0	90.0
289.153	81.0	122.0	82.0	92.0	121.0	102.0	96.0	130.0	90.0	98.0	109.0	95.0	93.0	94.0	98.0	126.0	93.0	86.0	114.0	96.0
289.259	89.0	124.0	84.0	90.0	117.0	86.0	97.0	125.0	99.0	98.0	110.0	88.0	90.0	91.0	92.0	123.0	94.0	90.0	109.0	91.0
289.364	92.0	126.0	85.0	93.0	125.0	89.0	98.0	134.0	102.0	100.0	112.0	91.0	97.0	94.0	96.0	119.0	87.0	86.0	112.0	92.0
289.469	84.0	124.0	82.0	90.0	120.0	96.0	92.0	124.0	95.0	97.0	108.0	94.0	93.0	87.0	93.0	120.0	90.0	87.0	109.0	87.0
289.574	92.0	127.0	90.0	98.0	115.0	92.0	94.0	132.0	101.0	95.0	114.0	97.0	96.0	94.0	100.0	127.0	98.0	100.0	112.0	91.0
289.679	93.0	124.0	89.0	100.0	128.0	91.0	94.0	130.0	104.0	101.0	108.0	91.0	87.0	94.0	93.0	129.0	100.0	92.0	111.0	89.0
289.785	90.0	116.0	84.0	87.0	122.0	96.0	94.0	133.0	101.0	98.0	113.0	88.0	94.0	93.0	95.0	131.0	91.0	83.0	113.0	92.0
289.89	86.0	124.0	84.0	92.0	121.0	99.0	100.0	136.0	102.0	102.0	106.0	95.0	95.0	100.0	97.0	125.0	89.0	96.0	108.0	91.0
289.995	98.0	126.0	92.0	96.0	125.0	111.0	104.0	144.0	104.0	109.0	121.0	108.0	103.0	103.0	103.0	134.0	107.0	98.0	119.0	98.0
290.1	92.0	132.0	89.0	104.0	127.0	118.0	111.0	145.0	109.0	113.0	117.0	98.0	111.0	115.0	111.0	141.0	111.0	107.0	117.0	102.0
290.206	99.0	132.0	94.0	104.0	136.0	122.0	114.0	155.0	125.0	122.0	115.0	115.0	116.0	112.0	123.0	148.0	118.0	105.0	110.0	110.0
290.311	98.0	122.0	86.0	96.0	138.0	124.0	104.0	152.0	116.0	112.0	104.0	108.0	115.0	114.0	117.0	137.0	113.0	105.0	112.0	107.0
290.416	97.0	128.0	87.0	104.0	144.0	126.0	109.0	148.0	118.0	112.0	114.0	102.0	113.0	112.0	118.0	141.0	117.0	105.0	113.0	104.0
290.522	101.0	128.0	85.0	109.0	137.0	118.0	113.0	152.0	121.0	119.0	109.0	104.0	108.0	121.0	119.0	140.0	120.0	108.0	107.0	100.0
290.627	101.0	132.0	92.0	107.0	141.0	118.0	116.0	148.0	119.0	114.0	123.0	106.0	111.0	117.0	125.0	145.0	118.0	112.0	116.0	106.0
290.732	93.0	128.0	84.0	96.0	133.0	115.0	111.0	146.0	118.0	117.0	110.0	100.0	109.0	114.0	118.0	141.0	110.0	109.0	118.0	99.0
290.838	94.0	126.0	83.0	109.0	128.0	112.0	103.0	142.0	108.0	111.0	118.0	110.0	111.0	112.0	113.0	140.0	110.0	106.0	115.0	95.0
290.943	101.0	125.0	90.0	100.0	129.0	118.0	106.0	144.0	111.0	120.0	111.0	99.0	106.0	109.0	121.0	144.0	119.0	106.0	116.0	105.0
291.048	87.0	133.0	85.0	101.0	131.0	104.0	110.0	147.0	104.0	110.0	114.0	100.0	105.0	102.0	114.0	143.0	103.0	98.0	118.0	89.0
291.154	93.0	133.0	87.0	99.0	130.0	111.0	102.0	147.0	110.0	109.0	107.0	104.0	108.0	112.0	113.0	139.0	109.0	101.0	117.0	101.0
291.259	93.0	129.0	83.0	95.0	134.0	110.0	104.0	143.0	112.0	108.0	109.0	95.0	98.0	101.0	108.0	134.0	103.0	100.0	109.0	91.0
291.364	96.0	130.0	94.0	107.0	134.0	118.0	107.0	141.0	113.0	113.0	113.0	109.0	104.0	105.0	109.0	136.0	106.0	101.0	112.0	95.0
291.47	92.0	124.0	90.0	98.0	125.0	98.0	104.0	146.0	102.0	107.0	110.0	96.0	94.0	96.0	97.0	136.0	102.0	87.0	112.0	93.0
291.575	99.0	129.0	86.0	106.0	129.0	118.0	112.0	144.0	124.0	109.0	122.0	108.0	114.0	111.0	110.0	143.0	104.0	104.0	123.0	105.0
291.681	86.0	126.0	84.0	94.0	124.0	100.0	101.0	143.0	104.0	102.0	112.0	99.0	105.0	100.0	107.0	135.0	103.0	100.0	111.0	98.0
291.786	97.0	126.0	92.0	100.0	124.0	116.0	96.0	141.0	114.0	108.0	112.0	97.0	107.0	105.0	113.0	134.0	113.0	102.0	112.0	98.0
291.891	90.0	123.0	86.0	96.0	122.0	107.0	102.0	137.0	111.0	105.0	112.0	96.0	101.0	101.0	110.0	132.0	101.0	97.0	111.0	96.0
291.997	96.0	128.0	88.0	98.0	125.0	109.0	104.0	141.0	112.0	104.0	119.0	101.0	112.0	101.0	110.0	132.0	102.0	99.0	111.0	104.0
292.102	104.0	129.0	90.0	101.0	140.0	113.0	104.0	139.0	119.0	114.0	115.0	104.0	109.0	101.0	116.0	137.0	115.0	95.0	113.0	96.0
292.208	99.0	130.0	94.0	109.0	140.0	126.0	115.0	154.0	130.0	125.0	113.0	113.0	115.0	115.0	126.0	147.0	122.0	116.0	115.0	107.0
292.313	103.0	133.0	93.0	109.0	141.0	127.0	116.0	160.0	130.0	122.0	108.0	108.0	117.0	124.0	131.0	144.0	127.0	109.0	116.0	110.0
292.419	97.0	129.0	88.0	105.0	146.0	139.0	110.0	157.0	136.0	123.0	113.0	113.0	122.0	124.0	133.0	149.0	121.0	122.0	107.0	115.0
292.524	100.0	136.0	85.0	104.0	140.0	124.0	112.0	155.0	124.0	124.0	113.0	116.0	111.0	118.0	117.0	150.0	124.0	117.0	117.0	111.0
292.63	102.0	130.0	86.0	109.0	132.0	134.0	114.0	159.0	129.0	126.0	111.0	112.0	117.0	127.0	127.0	147.0	125.0	112.0	104.0	107.0
292.735	98.0	134.0	97.0	105.0	138.0	118.0	117.0	152.0	124.0	121.0	120.0	104.0	116.0	115.0	127.0	149.0	125.0	106.0	121.0	106.0
292.841	85.0	123.0	89.0	97.0	137.0	113.0	102.0	148.0	125.0	112.0	112.0	101.0	111.0	115.0	106.0	146.0	114.0	101.0	113.0	99.0
292.946	107.0	138.0	99.0	109.0	141.0	133.0	113.0	154.0	130.0	127.0	120.0	115.0	122.0	124.0	124.0	146.0	132.0	108.0	120.0	108.0
293.052	100.0	135.0	91.0	105.0	136.0	129.0	109.0	152.0	123.0	121.0	113.0	103.0	113.0	120.0	124.0	145.0	116.0	109.0	117.0	111.0
293.158	108.0	135.0	95.0	107.0	147.0	144.0	115.0	154.0	141.0	131.0	108.0	107.0	121.0	128.0	136.0	153.0	135.0	107.0	111.0	121.0
293.263	105.0	136.0	93.0	117.0	150.0	153.0	119.0	167.0	143.0	137.0	114.0	122.0	129.0	136.0	144.0	160.0	144.0	123.0	117.0	123.0
293.369	102.0	131.0	92.0	117.0	152.0	147.0	119.0	164.0	143.0	134.0	121.0	117.0	124.0	132.0	132.0	150.0	140.0	121.0	114.0	117.0
293.474	134.0	160.0	118.0	149.0	172.0	170.0	164.0	191.0	165.0	165.0	144.0	149.0	167.0	163.0	178.0	186.0	172.0	152.0	148.0	148.0
293.58	116.0	141.0	108.0	138.0	161.0	179.0	140.0	191.0	159.0	159.0	116.0	133.0	154.0	162.0	177.0	184.0	159.0	144.0	113.0	133.0
293.685	112.0	129.0	100.0	127.0	157.0	162.0	135.0	180.0	160.0	143.0	114.0	129.0	138.0	148.0	168.0	168.0	154.0	133.0	112.0	120.0
293.791	116.0	137.0	98.0	123.0	156.0	171.0	133.0	183.0	157.0	150.0	108.0	132.0	140.0	153.0	165.0	161.0	149.0	133.0	115.0	121.0
293.897	117.0	141.0	106.0	132.0	158.0	164.0	135.0	184.0	147.0	148.0	111.0	132.0	139.0	150.0	166.0	178.0	161.0	138.0	118.0	126.0
294.002	109.0	138.0	98.0	120.0	155.0	162.0	134.0	178.0	138.0	142.0	120.0	124.0	137.0	150.0	156.0	166.0	149.0	124.0	114.0	118.0
294.108	122.0	147.0	104.0	125.0	163.0	172.0	146.0	188.0	162.0	152.0	126.0	129.0	148.0	154.0	161.0	168.0	157.0	135.0	125.0	129.0
294.214	101.0	136.0	93.0	113.0	154.0	135.0	129.0	165.0	147.0	142.0	121.0	119.0	137.0	140.0	140.0	162.0	141.0	124.0	127.0	126.0
294.319	102.0	137.0	93.0	118.0	141.0	140.0	125.0	164.0	129.0	133.0	115.0	111.0	123.0	132.0	134.0	146.0	130.0	116.0	113.0	112.0
294.425	93.0	131.0	94.0	104.0	137.0	123.0	115.0	150.0	120.0	115.0	115.0	102.0	108.0	120.0	124.0	143.0	116.0	104.0	114.0	102.0
294.531	100.0	128.0	94.0	102.0	132.0	120.0	114.0	158.0	120.0	114.0	103.0	104.0	110.0	116.0	120.0	136.0	112.0	99.0	111.0	99.0
294.636	94.0	130.0	89.0	98.0	130.0	113.0	105.0	150.0	122.0	105.0	117.0	104.0	106.0	103.0	112.0	130.0	105.0	100.0	116.0	99.0
294.742	96.0	128.0	82.0	103.0	136.0	113.0	110.0	143.0	113.0	117.0	116.0	102.0	108.0	105.0	120.0	136.0	116.0	102.0	113.0	94.0
294.848	123.0	156.0	111.0	132.0	167.0	152.0	139.0	175.0	150.0	155.0	138.0	132.0	138.0	153.0	157.0	182.0	153.0	134.0	134.0	139.0
294.954	98.0	137.0	96.0	119.0	147.0	138.0	132.0	169.0	139.0	136.0	119.0	120.0	128.0	134.0	146.0	166.0	135.0	128.0	116.0	119.0
295.059	124.0	160.0	119.0	142.0	170.0	183.0	144.0	189.0	173.0	163.0	130.0	143.0	156.0	167.0	172.0	183.0	166.0	148.0	138.0	142.0
295.165	103.0	132.0	94.0	117.0	142.0	145.0	128.0	160.0	132.0	140.0	126.0	124.0	132.0	134.0	148.0	159.0	140.0	121.0	119.0	113.0
295.271	101.0	135.0	94.0	118.0	149.0	144.0	123.0	169.0	132.0	145.0	119.0	120.0	132.0	130.0	153.0	166.0	142.0	124.0	119.0	123.0
295.377	105.0	134.0	98.0	113.0	152.0	149.0	123.0	170.0	146.0	137.0	109.0	126.0	139.0	143.0	150.0	165.0	139.0	124.0	112.0	124.0
295.482	108.0	136.0	92.0	110.0	143.0	138.0	122.0	160.0	134.0	133.0	111.0	123.0	125.0	129.0	144.0	151.0	133.0	109.0	119.0	112.0
295.588	95.0	133.0	89.0	107.0	141.0	128.0	106.0	157.0	126.0	117.0	106.0	110.0	110.0	120.0	126.0	143.0	118.0	107.0	112.0	107.0
295.694	95.0	130.0	91.0	107.0	138.0	128.0	113.0	152.0	125.0	124.0	119.0	113.0	111.0	124.0	124.0	137.0	122.0	100.0	106.0	101.0
295.8	95.0	121.0	86.0	101.0	124.0	118.0	108.0	148.0	120.0	112.0	108.0	99.0	108.0	106.0	106.0	131.0	105.0	96.0	110.0	97.0
295.906	92.0	120.0	81.0	96.0	129.0	111.0	106.0	144.0	114.0	104.0	111.0	93.0	107.0	112.0	111.0	133.0	101.0	108.0	114.0	101.0
296.011	95.0	129.0	87.0	96.0	119.0	106.0	104.0	144.0	110.0	116.0	117.0	103.0	106.0	104.0	112.0	132.0	106.0	102.0	116.0	95.0
296.117	95.0	128.0	94.0	100.0	134.0	109.0	107.0	145.0	110.0	111.0	117.0	99.0	113.0	112.0	116.0	132.0	104.0	107.0	113.0	104.0
296.223	92.0	122.0	86.0	93.0	130.0	94.0	97.0	132.0	104.0	107.0	114.0	100.0	109.0	93.0	103.0	132.0	92.0	98.0	112.0	100.0
296.329	87.0	130.0	88.0	94.0	126.0	102.0	104.0	138.0	117.0	107.0	112.0	99.0	100.0	99.0	106.0	134.0	102.0	97.0	113.0	94.0
296.435	92.0	124.0	84.0	95.0	127.0	105.0	98.0	138.0	115.0	108.0	110.0	94.0	100.0	105.0	104.0	131.0	100.0	92.0	110.0	97.0
296.541	96.0	133.0	88.0	101.0	128.0	100.0	101.0	140.0	108.0	111.0	117.0	100.0	102.0	94.0	111.0	134.0	98.0	93.0	110.0	98.0
296.647	97.0	135.0	89.0	99.0	124.0	104.0	105.0	140.0	106.0	108.0	112.0	103.0	101.0	100.0	104.0	136.0	98.0	96.0	111.0	95.0
296.752	92.0	124.0	84.0	94.0	121.0	99.0	104.0	137.0	104.0	99.0	113.0	101.0	102.0	103.0	94.0	127.0	93.0	94.0	115.0	99.0
296.858	89.0	130.0	82.0	92.0	127.0	104.0	94.0	128.0	98.0	108.0	114.0	101.0	96.0	98.0	99.0	126.0	91.0	104.0	112.0	97.0
296.964	96.0	123.0	84.0	93.0	117.0	95.0	99.0	132.0	97.0	89.0	116.0	95.0	96.0	96.0	94.0	123.0	90.0	91.0	111.0	90.0
297.07	80.0	120.0	87.0	97.0	122.0	93.0	96.0	134.0	99.0	90.0	109.0	89.0	95.0	92.0	100.0	128.0	86.0	92.0	110.0	91.0
297.176	98.0	139.0	97.0	109.0	138.0	114.0	111.0	148.0	119.0	110.0	126.0	103.0	113.0	105.0	108.0	140.0	106.0	102.0	118.0	104.0
297.282	94.0	121.0	88.0	101.0	124.0	109.0	102.0	137.0	108.0	106.0	106.0	103.0	105.0	96.0	108.0	134.0	103.0	98.0	112.0	95.0
297.388	95.0	124.0	85.0	101.0	127.0	102.0	100.0	130.0	110.0	105.0	113.0	94.0	96.0	94.0	107.0	128.0	102.0	92.0	111.0	89.0
297.494	84.0	117.0	90.0	96.0	123.0	95.0	97.0	138.0	112.0	105.0	111.0	97.0	98.0	94.0	98.0	133.0	92.0	90.0	114.0	90.0
297.6	89.0	124.0	84.0	89.0	128.0	100.0	97.0	132.0	112.0	105.0	113.0	100.0	99.0	100.0	107.0	128.0	95.0	89.0	112.0	98.0
297.706	96.0	127.0	85.0	99.0	130.0	103.0	103.0	142.0	120.0	112.0	110.0	102.0	101.0	104.0	104.0	128.0	103.0	94.0	116.0	100.0
297.812	98.0	128.0	92.0	100.0	132.0	108.0	105.0	144.0	125.0	120.0	112.0	98.0	103.0	105.0	112.0	129.0	104.0	99.0	111.0	103.0
297.918	105.0	130.0	89.0	93.0	134.0	107.0	113.0	163.0	127.0	128.0	112.0	105.0	99.0	114.0	122.0	138.0	110.0	100.0	110.0	108.0
298.024	95.0	124.0	84.0	94.0	120.0	98.0	100.0	141.0	119.0	120.0	109.0	101.0	100.0	98.0	108.0	128.0	100.0	98.0	110.0	102.0
298.13	95.0	127.0	89.0	95.0	127.0	106.0	100.0	139.0	109.0	110.0	117.0	101.0	103.0	104.0	103.0	127.0	94.0	99.0	114.0	95.0
298.236	92.0	130.0	87.0	91.0	128.0	98.0	97.0	133.0	101.0	109.0	110.0	100.0	93.0	91.0	101.0	125.0	101.0	96.0	109.0	91.0
298.342	92.0	128.0	82.0	91.0	130.0	98.0	100.0	135.0	101.0	102.0	105.0	92.0	94.0	94.0	104.0	128.0	97.0	94.0	108.0	92.0
298.448	85.0	117.0	93.0	93.0	132.0	97.0	100.0	138.0	102.0	99.0	111.0	86.0	104.0	100.0	97.0	131.0	96.0	91.0	109.0	94.0
298.554	86.0	116.0	80.0	95.0	125.0	96.0	98.0	127.0	102.0	101.0	116.0	89.0	94.0	99.0	96.0	125.0	89.0	89.0	111.0	90.0
298.66	90.0	133.0	82.0	92.0	122.0	95.0	95.0	131.0	94.0	104.0	106.0	98.0	93.0	97.0	99.0	124.0	96.0	89.0	108.0	96.0
298.766	88.0	126.0	90.0	92.0	119.0	91.0	91.0	127.0	95.0	99.0	113.0	87.0	93.0	93.0	99.0	127.0	96.0	92.0	110.0	84.0
298.872	86.0	126.0	84.0	98.0	124.0	92.0	98.0	125.0	101.0	96.0	104.0	92.0	93.0	96.0	97.0	127.0	96.0	92.0	108.0	89.0
298.979	89.0	120.0	86.0	95.0	123.0	92.0	97.0	131.0	100.0	96.0	102.0	90.0	94.0	94.0	95.0	125.0	87.0	91.0	109.0	89.0
299.085	91.0	124.0	82.0	94.0	120.0	99.0	87.0	126.0	102.0	104.0	111.0	87.0	92.0	88.0	96.0	124.0	94.0	95.0	113.0	98.0
299.191	91.0	123.0	89.0	91.0	117.0	97.0	94.0	132.0	100.0	99.0	113.0	90.0	96.0	90.0	91.0	118.0	96.0	89.0	108.0	92.0
299.297	84.0	120.0	88.0	87.0	123.0	89.0	96.0	133.0	94.0	93.0	112.0	89.0	94.0	91.0	88.0	123.0	87.0	87.0	110.0	93.0
299.403	91.0	121.0	75.0	90.0	126.0	93.0	96.0	128.0	101.0	94.0	110.0	95.0	95.0	97.0	92.0	130.0	91.0	93.0	110.0	87.0
299.509	87.0	120.0	87.0	97.0	121.0	94.0	93.0	129.0	94.0	101.0	109.0	91.0	89.0	98.0	91.0	126.0	97.0	99.0	112.0	88.0
299.615	92.0	126.0	87.0	96.0	125.0	100.0	96.0	135.0	98.0	98.0	113.0	91.0	98.0	99.0	96.0	127.0	97.0	92.0	112.0	93.0
299.722	87.0	125.0	90.0	88.0	118.0	95.0	101.0	125.0	98.0	88.0	106.0	87.0	93.0	94.0	95.0	133.0	87.0	89.0	115.0	97.0
299.828	94.0	126.0	82.0	94.0	121.0	92.0	94.0	127.0	94.0	93.0	110.0	92.0	87.0	93.0	95.0	123.0	92.0	91.0	106.0	91.0
299.934	93.0	127.0	87.0	94.0	127.0	98.0	93.0	127.0	94.0	103.0	117.0	93.0	92.0	96.0	102.0	122.0	90.0	94.0	114.0	97.0
300.04	87.0	124.0	84.0	93.0	128.0	90.0	91.0	122.0	94.0	93.0	112.0	84.0	88.0	90.0	95.0	121.0	93.0	88.0	105.0	86.0
300.146	89.0	122.0	86.0	89.0	124.0	90.0	94.0	128.0	98.0	95.0	108.0	88.0	93.0	94.0	94.0	125.0	85.0	83.0	109.0	90.0
300.253	86.0	124.0	83.0	92.0	122.0	96.0	90.0	129.0	92.0	94.0	111.0	88.0	96.0	99.0	86.0	122.0	89.0	88.0	110.0	89.0
300.359	89.0	130.0	82.0	95.0	110.0	93.0	88.0	125.0	90.0	94.0	109.0	94.0	93.0	94.0	89.0	127.0	91.0	96.0	118.0	96.0
300.465	89.0	129.0	88.0	99.0	120.0	99.0	102.0	129.0	101.0	101.0	118.0	88.0	100.0	97.0	98.0	136.0	99.0	96.0	120.0	98.0
300.571	111.0	151.0	109.0	117.0	148.0	112.0	115.0	148.0	119.0	116.0	128.0	112.0	118.0	111.0	119.0	147.0	112.0	103.0	132.0	110.0
300.678	94.0	120.0	84.0	91.0	124.0	90.0	90.0	132.0	96.0	100.0	105.0	88.0	96.0	99.0	91.0	122.0	86.0	93.0	115.0	86.0
300.784	84.0	121.0	80.0	91.0	124.0	92.0	89.0	128.0	96.0	97.0	107.0	83.0	91.0	93.0	90.0	122.0	92.0	88.0	113.0	84.0
300.89	88.0	126.0	82.0	95.0	122.0	90.0	89.0	133.0	96.0	96.0	107.0	94.0	87.0	87.0	94.0	127.0	88.0	80.0	105.0	90.0
300.996	95.0	121.0	83.0	89.0	131.0	99.0	102.0	134.0	101.0	102.0	118.0	96.0	100.0	95.0	106.0	132.0	100.0	94.0	110.0	92.0
301.103	98.0	133.0	93.0	106.0	143.0	132.0	116.0	158.0	121.0	131.0	113.0	113.0	124.0	126.0	136.0	155.0	127.0	120.0	119.0	113.0
301.209	107.0	139.0	89.0	107.0	132.0	128.0	112.0	153.0	116.0	126.0	113.0	109.0	117.0	120.0	129.0	152.0	120.0	124.0	119.0	103.0
301.315	102.0	133.0	99.0	112.0	135.0	130.0	109.0	155.0	117.0	123.0	110.0	112.0	120.0	121.0	130.0	143.0	119.0	117.0	114.0	110.0
301.422	105.0	136.0	108.0	106.0	136.0	125.0	108.0	159.0	126.0	120.0	108.0	111.0	114.0	122.0	132.0	154.0	117.0	119.0	116.0	113.0
301.528	105.0	134.0	93.0	107.0	130.0	117.0	113.0	147.0	118.0	109.0	107.0	110.0	106.0	111.0	115.0	136.0	109.0	102.0	118.0	101.0
301.634	99.0	130.0	84.0	100.0	133.0	118.0	105.0	153.0	116.0	112.0	114.0	109.0	107.0	119.0	112.0	140.0	105.0	102.0	110.0	103.0
301.741	102.0	130.0	92.0	105.0	129.0	117.0	104.0	146.0	107.0	112.0	109.0	99.0	108.0	109.0	112.0	143.0	109.0	99.0	101.0	97.0
301.847	96.0	138.0	92.0	100.0	132.0	111.0	116.0	143.0	113.0	107.0	110.0	98.0	103.0	113.0	122.0	137.0	112.0	98.0	107.0	105.0
301.953	96.0	130.0	93.0	99.0	133.0	114.0	104.0	149.0	117.0	113.0	117.0	103.0	106.0	115.0	116.0	140.0	108.0	99.0	111.0	101.0
302.06	92.0	130.0	89.0	94.0	128.0	109.0	104.0	138.0	104.0	103.0	111.0	97.0	107.0	106.0	114.0	132.0	103.0	101.0	115.0	98.0
302.166	108.0	153.0	104.0	120.0	156.0	124.0	124.0	163.0	127.0	125.0	130.0	112.0	122.0	124.0	132.0	149.0	123.0	120.0	136.0	115.0
302.273	100.0	133.0	95.0	99.0	136.0	114.0	110.0	150.0	110.0	114.0	111.0	102.0	115.0	115.0	115.0	143.0	115.0	112.0	118.0	102.0
302.379	112.0	146.0	105.0	122.0	157.0	145.0	137.0	175.0	139.0	139.0	122.0	126.0	134.0	137.0	145.0	164.0	138.0	131.0	123.0	125.0
302.485	97.0	132.0	96.0	105.0	143.0	123.0	117.0	149.0	115.0	123.0	120.0	111.0	120.0	119.0	125.0	152.0	118.0	111.0	121.0	105.0
302.592	91.0	129.0	87.0	105.0	133.0	124.0	103.0	150.0	116.0	117.0	113.0	103.0	103.0	111.0	113.0	141.0	109.0	108.0	108.0	102.0
302.698	95.0	132.0	92.0	102.0	133.0	118.0	111.0	150.0	119.0	108.0	113.0	103.0	106.0	103.0	115.0	138.0	115.0	100.0	117.0	108.0
302.805	88.0	125.0	87.0	94.0	129.0	109.0	101.0	132.0	106.0	104.0	114.0	94.0	98.0	103.0	106.0	133.0	101.0	92.0	121.0	100.0
302.911	93.0	123.0	90.0	97.0	120.0	99.0	96.0	133.0	100.0	97.0	109.0	99.0	101.0	94.0	98.0	124.0	93.0	94.0	113.0	95.0
303.018	90.0	120.0	82.0	94.0	116.0	90.0	91.0	131.0	88.0	100.0	109.0	94.0	91.0	94.0	95.0	120.0	93.0	91.0	113.0	84.0
303.124	96.0	129.0	82.0	97.0	129.0	97.0	94.0	136.0	104.0	102.0	106.0	92.0	100.0	100.0	92.0	129.0	96.0	93.0	110.0	93.0
303.231	95.0	132.0	88.0	102.0	132.0	102.0	101.0	137.0	113.0	103.0	105.0	96.0	99.0	103.0	108.0	131.0	101.0	101.0	108.0	101.0
303.337	97.0	132.0	91.0	101.0	139.0	110.0	103.0	137.0	105.0	111.0	112.0	97.0	104.0	103.0	107.0	133.0	108.0	100.0	117.0	96.0
303.444	87.0	128.0	87.0	93.0	127.0	102.0	94.0	132.0	98.0	100.0	112.0	91.0	98.0	98.0	104.0	130.0	97.0	97.0	110.0	90.0
303.55	106.0	139.0	102.0	114.0	142.0	112.0	107.0	152.0	120.0	117.0	127.0	108.0	112.0	114.0	117.0	148.0	112.0	104.0	124.0	106.0
303.657	88.0	125.0	90.0	90.0	124.0	107.0	104.0	134.0	108.0	101.0	110.0	97.0	99.0	100.0	104.0	132.0	97.0	97.0	110.0	95.0
303.763	92.0	126.0	89.0	101.0	126.0	116.0	101.0	138.0	112.0	109.0	115.0	98.0	106.0	108.0	112.0	137.0	104.0	107.0	112.0	97.0
303.87	98.0	137.0	91.0	108.0	140.0	118.0	107.0	146.0	117.0	117.0	117.0	107.0	113.0	112.0	120.0	145.0	116.0	108.0	118.0	105.0
303.976	99.0	128.0	92.0	105.0	132.0	125.0	104.0	154.0	119.0	114.0	115.0	109.0	114.0	113.0	128.0	147.0	122.0	108.0	113.0	103.0
304.083	101.0	134.0	96.0	113.0	143.0	121.0	122.0	153.0	123.0	129.0	117.0	117.0	127.0	123.0	129.0	153.0	125.0	112.0	119.0	108.0
304.189	98.0	127.0	97.0	108.0	137.0	119.0	112.0	154.0	114.0	118.0	118.0	112.0	124.0	116.0	120.0	147.0	121.0	112.0	119.0	107.0
304.296	101.0	134.0	90.0	110.0	146.0	137.0	117.0	159.0	127.0	132.0	118.0	118.0	125.0	120.0	134.0	155.0	125.0	113.0	115.0	111.0
304.402	99.0	133.0	92.0	111.0	140.0	123.0	115.0	147.0	120.0	115.0	116.0	114.0	115.0	119.0	134.0	154.0	117.0	110.0	114.0	112.0
304.509	93.0	127.0	92.0	102.0	134.0	119.0	109.0	147.0	116.0	115.0	121.0	105.0	106.0	113.0	118.0	138.0	108.0	97.0	117.0	104.0
304.616	95.0	127.0	91.0	97.0	132.0	113.0	108.0	144.0	113.0	113.0	113.0	103.0	106.0	109.0	111.0	139.0	112.0	102.0	120.0	97.0
304.722	89.0	131.0	85.0	94.0	127.0	108.0	102.0	146.0	108.0	107.0	115.0	103.0	109.0	98.0	110.0	137.0	105.0	95.0	115.0	98.0
304.829	94.0	127.0	91.0	105.0	133.0	110.0	101.0	147.0	106.0	106.0	109.0	109.0	105.0	102.0	111.0	139.0	112.0	96.0	110.0	100.0
304.936	94.0	131.0	89.0	102.0	136.0	113.0	110.0	152.0	109.0	108.0	105.0	104.0	108.0	108.0	120.0	138.0	109.0	101.0	111.0	102.0
305.042	107.0	136.0	96.0	113.0	153.0	146.0	121.0	173.0	138.0	139.0	118.0	118.0	133.0	140.0	136.0	165.0	143.0	130.0	118.0	119.0
305.149	124.0	141.0	104.0	139.0	172.0	190.0	140.0	194.0	167.0	161.0	118.0	140.0	159.0	167.0	181.0	184.0	171.0	151.0	117.0	142.0
305.255	115.0	145.0	104.0	133.0	165.0	175.0	150.0	193.0	158.0	168.0	131.0	145.0	154.0	145.0	190.0	189.0	165.0	156.0	122.0	135.0
305.362	108.0	140.0	102.0	126.0	161.0	167.0	141.0	190.0	153.0	162.0	128.0	143.0	156.0	155.0	183.0	195.0	166.0	148.0	125.0	138.0
305.469	111.0	143.0	102.0	125.0	163.0	173.0	141.0	192.0	158.0	163.0	115.0	142.0	152.0	165.0	177.0	186.0	166.0	144.0	113.0	136.0
305.576	116.0	141.0	98.0	132.0	158.0	172.0	137.0	185.0	159.0	146.0	112.0	137.0	141.0	156.0	174.0	175.0	166.0	144.0	111.0	134.0
305.682	113.0	138.0	100.0	121.0	152.0	159.0	136.0	177.0	146.0	143.0	119.0	126.0	131.0	146.0	150.0	167.0	145.0	130.0	117.0	123.0
305.789	108.0	141.0	97.0	124.0	157.0	162.0	128.0	178.0	148.0	141.0	112.0	123.0	144.0	146.0	151.0	168.0	148.0	132.0	113.0	121.0
305.896	122.0	142.0	108.0	137.0	169.0	189.0	149.0	202.0	170.0	173.0	113.0	145.0	167.0	164.0	181.0	184.0	175.0	155.0	119.0	146.0
306.002	162.0	178.0	136.0	193.0	225.0	294.0	212.0	287.0	245.0	262.0	122.0	222.0	251.0	236.0	283.0	269.0	269.0	241.0	123.0	206.0
306.109	160.0	170.0	132.0	191.0	218.0	281.0	205.0	270.0	243.0	245.0	120.0	204.0	229.0	238.0	272.0	265.0	257.0	216.0	115.0	207.0
306.216	145.0	169.0	135.0	171.0	199.0	237.0	186.0	252.0	214.0	217.0	131.0	191.0	200.0	206.0	231.0	237.0	217.0	189.0	124.0	187.0
306.323	127.0	154.0	114.0	150.0	183.0	220.0	167.0	224.0	197.0	200.0	115.0	170.0	185.0	185.0	209.0	216.0	197.0	178.0	120.0	168.0
306.429	136.0	155.0	108.0	148.0	176.0	216.0	157.0	218.0	201.0	194.0	121.0	168.0	187.0	187.0	210.0	216.0	195.0	171.0	120.0	159.0
306.536	154.0	167.0	126.0	180.0	209.0	277.0	191.0	266.0	233.0	241.0	118.0	204.0	223.0	234.0	261.0	252.0	251.0	209.0	123.0	186.0
306.643	226.0	220.0	188.0	268.0	297.0	418.0	286.0	368.0	351.0	348.0	139.0	300.0	338.0	350.0	392.0	372.0	381.0	321.0	147.0	296.0
306.75	211.0	211.0	180.0	256.0	287.0	389.0	289.0	372.0	336.0	345.0	145.0	287.0	323.0	335.0	380.0	348.0	364.0	317.0	144.0	275.0
306.856	237.0	216.0	187.0	292.0	311.0	464.0	312.0	420.0	388.0	402.0	132.0	329.0	375.0	383.0	425.0	407.0	407.0	363.0	131.0	309.0
306.963	245.0	222.0	180.0	292.0	304.0	460.0	303.0	430.0	390.0	405.0	133.0	332.0	367.0	371.0	438.0	399.0	410.0	348.0	130.0	299.0
307.07	213.0	215.0	174.0	259.0	289.0	401.0	286.0	378.0	345.0	349.0	147.0	294.0	316.0	335.0	375.0	360.0	363.0	308.0	147.0	273.0
307.177	239.0	217.0	181.0	282.0	311.0	465.0	312.0	426.0	392.0	404.0	130.0	324.0	360.0	383.0	424.0	397.0	399.0	349.0	132.0	298.0
307.284	253.0	238.0	191.0	310.0	319.0	480.0	330.0	447.0	394.0	437.0	136.0	342.0	384.0	395.0	433.0	436.0	421.0	379.0	133.0	318.0
307.391	190.0	194.0	157.0	242.0	260.0	354.0	271.0	352.0	297.0	335.0	147.0	271.0	304.0	304.0	342.0	339.0	315.0	300.0	148.0	247.0
307.497	174.0	175.0	134.0	196.0	228.0	310.0	221.0	303.0	270.0	271.0	124.0	221.0	243.0	264.0	287.0	289.0	278.0	237.0	123.0	209.0
307.604	160.0	172.0	131.0	188.0	216.0	278.0	199.0	267.0	231.0	243.0	120.0	200.0	225.0	236.0	254.0	267.0	244.0	216.0	122.0	193.0
307.711	142.0	160.0	114.0	162.0	192.0	228.0	173.0	239.0	208.0	214.0	122.0	177.0	203.0	207.0	221.0	226.0	210.0	184.0	129.0	164.0
307.818	133.0	153.0	103.0	145.0	173.0	193.0	149.0	209.0	175.0	180.0	117.0	152.0	160.0	176.0	185.0	196.0	187.0	154.0	111.0	134.0
307.925	119.0	142.0	99.0	141.0	171.0	182.0	145.0	199.0	162.0	159.0	116.0	137.0	150.0	162.0	165.0	182.0	171.0	139.0	117.0	135.0
308.032	132.0	140.0	108.0	154.0	185.0	225.0	173.0	228.0	201.0	190.0	113.0	159.0	174.0	188.0	208.0	211.0	201.0	159.0	122.0	154.0
308.139	221.0	208.0	165.0	282.0	296.0	415.0	279.0	392.0	348.0	370.0	128.0	309.0	326.0	348.0	379.0	372.0	355.0	318.0	123.0	271.0
308.246	243.0	232.0	188.0	316.0	345.0	468.0	329.0	452.0	404.0	439.0	141.0	363.0	381.0	396.0	438.0	435.0	410.0	372.0	149.0	314.0
308.353	276.0	241.0	197.0	332.0	353.0	497.0	350.0	452.0	414.0	450.0	152.0	370.0	391.0	411.0	449.0	452.0	439.0	384.0	147.0	327.0
308.46	226.0	206.0	166.0	275.0	296.0	409.0	282.0	382.0	357.0	360.0	121.0	297.0	322.0	337.0	373.0	364.0	373.0	307.0	124.0	267.0
308.566	195.0	183.0	145.0	217.0	247.0	325.0	242.0	319.0	284.0	290.0	131.0	250.0	267.0	276.0	316.0	302.0	297.0	253.0	133.0	222.0
308.673	170.0	170.0	128.0	186.0	208.0	258.0	187.0	261.0	224.0	233.0	116.0	194.0	222.0	233.0	247.0	253.0	244.0	212.0	117.0	185.0
308.78	124.0	152.0	110.0	133.0	162.0	169.0	150.0	197.0	164.0	161.0	119.0	147.0	157.0	163.0	185.0	197.0	168.0	151.0	124.0	140.0
308.887	111.0	136.0	100.0	118.0	150.0	158.0	130.0	176.0	149.0	140.0	116.0	122.0	132.0	143.0	143.0	170.0	148.0	139.0	121.0	123.0
308.994	113.0	135.0	93.0	115.0	149.0	152.0	125.0	167.0	144.0	130.0	113.0	120.0	129.0	139.0	148.0	165.0	130.0	127.0	119.0	114.0
309.101	113.0	151.0	104.0	129.0	156.0	167.0	134.0	184.0	147.0	158.0	125.0	131.0	146.0	155.0	168.0	178.0	158.0	142.0	121.0	131.0
309.208	112.0	143.0	106.0	116.0	157.0	156.0	125.0	177.0	140.0	145.0	116.0	128.0	146.0	146.0	156.0	173.0	146.0	130.0	111.0	130.0
309.315	105.0	138.0	94.0	115.0	153.0	141.0	124.0	165.0	141.0	141.0	110.0	114.0	132.0	130.0	149.0	165.0	136.0	125.0	111.0	121.0
309.422	106.0	136.0	100.0	119.0	155.0	144.0	124.0	171.0	136.0	134.0	106.0	120.0	136.0	136.0	149.0	153.0	137.0	127.0	113.0	120.0
309.529	108.0	136.0	102.0	117.0	148.0	147.0	120.0	172.0	136.0	130.0	114.0	109.0	128.0	127.0	142.0	153.0	133.0	120.0	117.0	108.0
309.636	100.0	136.0	96.0	120.0	149.0	149.0	123.0	174.0	144.0	141.0	120.0	120.0	133.0	137.0	149.0	166.0	146.0	126.0	115.0	126.0
309.743	136.0	159.0	114.0	153.0	191.0	220.0	176.0	225.0	196.0	196.0	134.0	174.0	185.0	197.0	219.0	229.0	208.0	191.0	131.0	168.0
309.851	138.0	160.0	113.0	154.0	198.0	243.0	182.0	244.0	216.0	212.0	127.0	188.0	206.0	215.0	245.0	236.0	228.0	200.0	130.0	176.0
309.958	176.0	169.0	136.0	192.0	224.0	305.0	214.0	288.0	257.0	257.0	119.0	229.0	246.0	257.0	293.0	277.0	290.0	243.0	120.0	217.0
310.065	156.0	166.0	128.0	189.0	218.0	280.0	203.0	272.0	247.0	235.0	118.0	211.0	236.0	241.0	270.0	264.0	263.0	216.0	127.0	190.0
310.172	141.0	161.0	124.0	165.0	192.0	234.0	169.0	240.0	210.0	208.0	112.0	173.0	196.0	206.0	234.0	231.0	223.0	191.0	116.0	177.0
310.279	121.0	148.0	109.0	138.0	185.0	204.0	154.0	205.0	180.0	185.0	117.0	156.0	175.0	172.0	203.0	195.0	187.0	170.0	117.0	154.0
310.386	119.0	145.0	108.0	132.0	165.0	180.0	145.0	204.0	165.0	169.0	116.0	145.0	162.0	159.0	183.0	185.0	174.0	158.0	119.0	140.0
310.493	104.0	136.0	98.0	117.0	151.0	155.0	121.0	168.0	138.0	145.0	117.0	119.0	140.0	128.0	153.0	173.0	148.0	127.0	123.0	121.0
310.6	101.0	138.0	98.0	122.0	157.0	147.0	129.0	173.0	142.0	141.0	108.0	124.0	136.0	132.0	151.0	162.0	140.0	130.0	117.0	123.0
310.707	101.0	126.0	97.0	109.0	135.0	123.0	115.0	152.0	129.0	134.0	112.0	115.0	125.0	123.0	126.0	147.0	130.0	111.0	114.0	112.0
310.814	100.0	134.0	102.0	110.0	135.0	132.0	112.0	157.0	126.0	124.0	115.0	109.0	120.0	121.0	134.0	144.0	125.0	117.0	115.0	118.0
310.922	96.0	132.0	97.0	110.0	140.0	118.0	115.0	150.0	115.0	116.0	115.0	112.0	113.0	112.0	129.0	144.0	120.0	110.0	112.0	104.0
311.029	97.0	127.0	94.0	110.0	139.0	130.0	109.0	158.0	118.0	117.0	108.0	104.0	114.0	113.0	132.0	147.0	118.0	113.0	116.0	100.0
311.136	105.0	138.0	98.0	120.0	153.0	150.0	130.0	178.0	138.0	138.0	109.0	132.0	140.0	133.0	144.0	158.0	139.0	139.0	123.0	123.0
311.243	116.0	141.0	104.0	124.0	159.0	165.0	135.0	179.0	154.0	156.0	121.0	135.0	149.0	149.0	161.0	171.0	156.0	140.0	118.0	127.0
311.35	123.0	147.0	107.0	141.0	162.0	176.0	142.0	197.0	162.0	163.0	117.0	146.0	166.0	165.0	185.0	179.0	177.0	157.0	112.0	141.0
311.457	106.0	136.0	106.0	128.0	161.0	167.0	136.0	182.0	149.0	152.0	119.0	138.0	152.0	149.0	170.0	177.0	156.0	143.0	115.0	134.0
311.565	118.0	138.0	110.0	124.0	161.0	165.0	132.0	181.0	164.0	146.0	119.0	136.0	146.0	142.0	168.0	178.0	155.0	142.0	118.0	129.0
311.672	105.0	136.0	103.0	117.0	143.0	145.0	127.0	166.0	136.0	131.0	115.0	117.0	137.0	124.0	147.0	155.0	140.0	134.0	119.0	119.0
311.779	99.0	129.0	98.0	119.0	141.0	137.0	114.0	160.0	136.0	128.0	111.0	110.0	126.0	115.0	141.0	153.0	132.0	116.0	114.0	112.0
311.886	105.0	132.0	92.0	110.0	141.0	118.0	106.0	158.0	129.0	115.0	111.0	107.0	120.0	115.0	134.0	148.0	122.0	111.0	109.0	104.0
311.993	87.0	126.0	83.0	100.0	133.0	104.0	107.0	141.0	107.0	110.0	109.0	97.0	111.0	108.0	119.0	135.0	107.0	107.0	111.0	105.0
312.101	96.0	128.0	88.0	106.0	127.0	120.0	102.0	144.0	119.0	114.0	116.0	103.0	111.0	115.0	121.0	130.0	119.0	107.0	116.0	102.0
312.208	94.0	129.0	98.0	113.0	137.0	120.0	114.0	153.0	124.0	117.0	117.0	106.0	117.0	122.0	127.0	143.0	120.0	116.0	117.0	108.0
312.315	98.0	130.0	94.0	111.0	148.0	136.0	115.0	160.0	134.0	123.0	107.0	112.0	124.0	128.0	138.0	150.0	129.0	116.0	110.0	114.0
312.422	103.0	129.0	96.0	118.0	151.0	144.0	123.0	160.0	132.0	132.0	114.0	118.0	132.0	128.0	145.0	160.0	137.0	128.0	118.0	122.0
312.53	112.0	139.0	91.0	115.0	148.0	138.0	125.0	166.0	137.0	135.0	122.0	118.0	131.0	130.0	141.0	161.0	136.0	127.0	117.0	115.0
312.637	102.0	130.0	94.0	111.0	128.0	125.0	114.0	164.0	121.0	124.0	113.0	118.0	123.0	119.0	133.0	152.0	126.0	119.0	117.0	110.0
312.744	98.0	127.0	89.0	104.0	137.0	129.0	114.0	159.0	117.0	124.0	113.0	104.0	112.0	111.0	132.0	149.0	121.0	112.0	114.0	108.0
312.852	91.0	135.0	91.0	94.0	136.0	116.0	105.0	145.0	109.0	112.0	109.0	98.0	106.0	106.0	118.0	136.0	115.0	103.0	117.0	100.0
312.959	98.0	136.0	91.0	100.0	129.0	108.0	111.0	149.0	111.0	110.0	111.0	105.0	107.0	104.0	116.0	130.0	105.0	103.0	113.0	94.0
313.066	96.0	136.0	92.0	103.0	124.0	104.0	98.0	134.0	104.0	106.0	116.0	94.0	102.0	104.0	109.0	130.0	105.0	102.0	111.0	96.0
313.173	84.0	121.0	92.0	100.0	126.0	95.0	90.0	127.0	102.0	99.0	112.0	94.0	98.0	95.0	105.0	127.0	94.0	86.0	112.0	93.0
313.281	84.0	119.0	85.0	98.0	130.0	99.0	102.0	128.0	101.0	105.0	105.0	91.0	95.0	98.0	99.0	127.0	88.0	86.0	114.0	94.0
313.388	95.0	130.0	95.0	102.0	131.0	99.0	104.0	132.0	105.0	103.0	117.0	100.0	105.0	100.0	104.0	131.0	99.0	98.0	114.0	104.0
313.495	98.0	137.0	96.0	103.0	132.0	107.0	103.0	134.0	112.0	107.0	114.0	103.0	101.0	106.0	109.0	134.0	110.0	104.0	116.0	103.0
313.603	100.0	128.0	95.0	107.0	140.0	108.0	102.0	147.0	112.0	109.0	107.0	98.0	105.0	106.0	116.0	137.0	104.0	104.0	114.0	96.0
313.71	97.0	129.0	91.0	102.0	138.0	121.0	114.0	154.0	124.0	122.0	107.0	104.0	107.0	111.0	124.0	144.0	115.0	105.0	110.0	111.0
313.818	96.0	128.0	92.0	107.0	141.0	120.0	117.0	144.0	121.0	119.0	113.0	103.0	117.0	107.0	127.0	141.0	116.0	113.0	118.0	107.0
313.925	92.0	134.0	92.0	109.0	140.0	119.0	111.0	151.0	119.0	119.0	112.0	106.0	118.0	111.0	123.0	143.0	113.0	111.0	111.0	105.0
314.032	96.0	131.0	93.0	111.0	135.0	118.0	102.0	145.0	114.0	112.0	104.0	103.0	104.0	108.0	115.0	143.0	111.0	103.0	109.0	108.0
314.14	98.0	131.0	98.0	111.0	148.0	133.0	122.0	158.0	128.0	123.0	111.0	112.0	120.0	120.0	132.0	156.0	129.0	117.0	112.0	117.0
314.247	102.0	133.0	92.0	115.0	143.0	136.0	115.0	153.0	122.0	127.0	111.0	115.0	122.0	121.0	132.0	149.0	123.0	120.0	116.0	119.0
314.355	109.0	151.0	106.0	116.0	144.0	133.0	117.0	155.0	124.0	136.0	126.0	121.0	126.0	124.0	133.0	156.0	120.0	119.0	122.0	116.0
314.462	96.0	136.0	92.0	106.0	137.0	115.0	100.0	144.0	111.0	110.0	113.0	102.0	108.0	111.0	121.0	142.0	106.0	102.0	115.0	101.0
314.569	105.0	135.0	90.0	115.0	151.0	141.0	117.0	156.0	125.0	127.0	109.0	115.0	132.0	125.0	138.0	154.0	129.0	118.0	112.0	114.0
314.677	103.0	140.0	96.0	114.0	146.0	147.0	117.0	169.0	133.0	138.0	111.0	116.0	139.0	134.0	147.0	160.0	140.0	127.0	117.0	116.0
314.784	107.0	137.0	98.0	119.0	147.0	138.0	113.0	168.0	134.0	136.0	118.0	121.0	136.0	127.0	149.0	161.0	140.0	133.0	119.0	118.0
314.892	107.0	126.0	103.0	118.0	148.0	141.0	126.0	166.0	135.0	141.0	120.0	123.0	138.0	131.0	152.0	166.0	144.0	131.0	117.0	114.0
314.999	109.0	143.0	104.0	121.0	167.0	156.0	137.0	179.0	147.0	149.0	120.0	127.0	145.0	137.0	174.0	176.0	150.0	139.0	119.0	133.0
315.107	114.0	132.0	102.0	115.0	155.0	150.0	123.0	156.0	140.0	129.0	115.0	120.0	132.0	133.0	150.0	161.0	140.0	126.0	119.0	121.0
315.214	98.0	136.0	95.0	117.0	140.0	136.0	122.0	166.0	129.0	129.0	116.0	115.0	123.0	129.0	139.0	156.0	130.0	124.0	122.0	114.0
315.322	99.0	136.0	100.0	115.0	144.0	132.0	115.0	156.0	129.0	126.0	119.0	116.0	120.0	121.0	141.0	150.0	122.0	117.0	118.0	113.0
315.429	103.0	141.0	101.0	127.0	161.0	158.0	136.0	174.0	141.0	143.0	113.0	126.0	143.0	141.0	163.0	172.0	146.0	135.0	119.0	134.0
315.537	157.0	173.0	133.0	192.0	209.0	265.0	194.0	269.0	224.0	233.0	116.0	201.0	238.0	241.0	276.0	266.0	256.0	244.0	124.0	207.0
315.644	192.0	193.0	162.0	231.0	261.0	342.0	235.0	319.0	290.0	303.0	128.0	254.0	297.0	295.0	341.0	326.0	319.0	295.0	125.0	252.0
315.752	188.0	181.0	148.0	215.0	247.0	315.0	222.0	299.0	268.0	282.0	118.0	242.0	267.0	276.0	317.0	301.0	302.0	266.0	117.0	229.0
315.859	166.0	171.0	146.0	200.0	228.0	291.0	210.0	291.0	252.0	249.0	122.0	216.0	253.0	254.0	286.0	281.0	276.0	234.0	122.0	215.0
315.967	150.0	164.0	125.0	170.0	199.0	246.0	187.0	245.0	215.0	213.0	115.0	191.0	218.0	229.0	242.0	244.0	240.0	202.0	120.0	187.0
316.074	146.0	159.0	128.0	168.0	189.0	244.0	173.0	238.0	212.0	210.0	115.0	179.0	205.0	199.0	228.0	220.0	226.0	188.0	122.0	178.0
316.182	150.0	171.0	139.0	192.0	206.0	257.0	200.0	267.0	222.0	230.0	121.0	197.0	223.0	218.0	250.0	246.0	234.0	209.0	123.0	185.0
316.29	168.0	182.0	141.0	204.0	235.0	299.0	220.0	290.0	251.0	268.0	111.0	223.0	253.0	253.0	293.0	280.0	272.0	236.0	123.0	209.0
316.397	154.0	169.0	136.0	184.0	210.0	263.0	197.0	272.0	239.0	236.0	119.0	200.0	226.0	225.0	258.0	246.0	253.0	212.0	124.0	190.0
316.505	135.0	149.0	116.0	156.0	182.0	218.0	166.0	222.0	193.0	195.0	118.0	176.0	186.0	186.0	205.0	216.0	193.0	176.0	116.0	157.0
316.612	127.0	153.0	113.0	141.0	175.0	184.0	144.0	202.0	170.0	173.0	113.0	153.0	166.0	169.0	186.0	190.0	162.0	154.0	117.0	144.0
316.72	113.0	141.0	108.0	135.0	168.0	169.0	135.0	194.0	158.0	156.0	106.0	135.0	148.0	154.0	172.0	171.0	154.0	137.0	114.0	136.0
316.828	101.0	136.0	93.0	113.0	143.0	134.0	123.0	164.0	131.0	129.0	114.0	107.0	124.0	122.0	132.0	154.0	122.0	116.0	109.0	109.0
316.935	115.0	149.0	109.0	128.0	160.0	138.0	127.0	173.0	136.0	141.0	129.0	127.0	134.0	136.0	138.0	158.0	128.0	133.0	138.0	123.0
317.043	93.0	134.0	94.0	104.0	140.0	119.0	108.0	145.0	116.0	112.0	114.0	108.0	106.0	111.0	110.0	135.0	110.0	105.0	103.0	103.0
317.151	89.0	125.0	88.0	107.0	133.0	100.0	105.0	136.0	105.0	103.0	112.0	106.0	101.0	105.0	104.0	136.0	99.0	95.0	116.0	100.0
317.258	99.0	126.0	92.0	101.0	136.0	106.0	104.0	147.0	106.0	115.0	111.0	95.0	102.0	104.0	106.0	137.0	100.0	98.0	116.0	97.0
317.366	93.0	130.0	91.0	107.0	135.0	105.0	109.0	141.0	114.0	110.0	112.0	97.0	111.0	109.0	115.0	132.0	104.0	98.0	116.0	98.0
317.474	97.0	136.0	95.0	103.0	136.0	109.0	104.0	147.0	110.0	113.0	113.0	99.0	110.0	111.0	112.0	142.0	112.0	108.0	113.0	100.0
317.581	100.0	128.0	90.0	105.0	136.0	124.0	109.0	152.0	120.0	109.0	109.0	100.0	105.0	109.0	115.0	140.0	114.0	107.0	113.0	103.0
317.689	93.0	131.0	86.0	101.0	140.0	121.0	106.0	144.0	109.0	117.0	109.0	107.0	108.0	109.0	121.0	143.0	114.0	99.0	118.0	102.0
317.797	102.0	136.0	92.0	110.0	144.0	123.0	114.0	147.0	124.0	131.0	112.0	114.0	111.0	123.0	120.0	142.0	123.0	108.0	123.0	103.0
317.904	98.0	133.0	91.0	112.0	132.0	120.0	122.0	151.0	121.0	116.0	116.0	106.0	113.0	117.0	124.0	143.0	120.0	113.0	114.0	102.0
318.012	116.0	140.0	107.0	131.0	160.0	157.0	129.0	176.0	152.0	139.0	116.0	118.0	137.0	143.0	156.0	163.0	138.0	130.0	116.0	123.0
318.12	110.0	136.0	104.0	136.0	159.0	142.0	127.0	175.0	154.0	148.0	108.0	121.0	140.0	135.0	148.0	164.0	132.0	126.0	111.0	120.0
318.227	120.0	149.0	115.0	135.0	162.0	162.0	141.0	184.0	158.0	147.0	115.0	128.0	136.0	142.0	144.0	156.0	146.0	129.0	116.0	124.0
318.335	122.0	143.0	113.0	144.0	169.0	178.0	146.0	203.0	162.0	167.0	112.0	140.0	154.0	167.0	182.0	178.0	166.0	144.0	119.0	134.0
318.443	172.0	183.0	144.0	214.0	239.0	311.0	221.0	296.0	271.0	272.0	128.0	222.0	257.0	267.0	291.0	286.0	290.0	239.0	116.0	223.0
318.551	189.0	190.0	149.0	234.0	264.0	332.0	247.0	322.0	291.0	308.0	131.0	243.0	281.0	289.0	332.0	321.0	306.0	267.0	125.0	238.0
318.658	175.0	176.0	141.0	215.0	239.0	307.0	224.0	293.0	265.0	278.0	121.0	216.0	259.0	264.0	294.0	272.0	267.0	244.0	132.0	214.0
318.766	162.0	173.0	141.0	203.0	229.0	285.0	203.0	277.0	245.0	268.0	119.0	207.0	241.0	253.0	277.0	256.0	263.0	222.0	114.0	200.0
318.874	148.0	161.0	126.0	185.0	211.0	248.0	193.0	252.0	214.0	229.0	122.0	194.0	211.0	216.0	247.0	243.0	230.0	196.0	120.0	185.0
318.982	133.0	157.0	120.0	159.0	197.0	214.0	173.0	232.0	197.0	204.0	124.0	168.0	191.0	202.0	216.0	216.0	200.0	178.0	129.0	164.0
319.09	128.0	147.0	112.0	147.0	174.0	191.0	149.0	210.0	177.0	172.0	117.0	156.0	165.0	172.0	190.0	184.0	173.0	153.0	123.0	138.0
319.197	121.0	153.0	104.0	138.0	167.0	170.0	136.0	195.0	167.0	154.0	121.0	138.0	155.0	157.0	169.0	174.0	163.0	144.0	117.0	142.0
319.305	112.0	150.0	107.0	143.0	165.0	176.0	142.0	193.0	164.0	162.0	120.0	136.0	148.0	161.0	165.0	171.0	160.0	140.0	113.0	136.0
319.413	123.0	149.0	126.0	163.0	189.0	196.0	157.0	218.0	196.0	183.0	120.0	151.0	174.0	177.0	202.0	186.0	185.0	158.0	116.0	153.0
319.521	125.0	148.0	117.0	156.0	184.0	207.0	169.0	216.0	204.0	187.0	117.0	163.0	184.0	187.0	206.0	203.0	193.0	164.0	120.0	158.0
319.629	159.0	174.0	138.0	198.0	235.0	285.0	215.0	279.0	250.0	258.0	123.0	216.0	249.0	247.0	282.0	265.0	259.0	236.0	123.0	209.0
319.736	171.0	179.0	148.0	207.0	243.0	303.0	216.0	290.0	264.0	274.0	122.0	223.0	252.0	264.0	298.0	275.0	281.0	248.0	123.0	213.0
319.844	145.0	167.0	127.0	174.0	206.0	239.0	189.0	259.0	225.0	223.0	121.0	181.0	210.0	213.0	246.0	231.0	220.0	198.0	118.0	184.0
319.952	133.0	151.0	114.0	158.0	191.0	204.0	174.0	221.0	197.0	193.0	130.0	162.0	179.0	194.0	219.0	214.0	191.0	176.0	121.0	158.0
320.06	120.0	154.0	110.0	140.0	172.0	186.0	152.0	209.0	172.0	171.0	123.0	157.0	163.0	170.0	191.0	201.0	178.0	161.0	129.0	148.0
320.168	111.0	142.0	106.0	124.0	160.0	158.0	131.0	173.0	149.0	148.0	120.0	128.0	136.0	132.0	165.0	175.0	152.0	136.0	123.0	126.0
320.276	94.0	129.0	96.0	111.0	145.0	133.0	120.0	160.0	134.0	130.0	121.0	114.0	121.0	122.0	139.0	150.0	131.0	116.0	115.0	113.0
320.384	94.0	132.0	89.0	113.0	142.0	121.0	118.0	148.0	125.0	119.0	115.0	106.0	115.0	113.0	125.0	148.0	112.0	110.0	114.0	110.0
320.492	106.0	135.0	96.0	115.0	139.0	123.0	116.0	158.0	118.0	129.0	123.0	113.0	118.0	115.0	126.0	147.0	120.0	115.0	119.0	107.0
320.599	98.0	132.0	93.0	109.0	140.0	118.0	108.0	146.0	118.0	122.0	116.0	109.0	111.0	119.0	116.0	144.0	112.0	108.0	117.0	100.0
320.707	101.0	133.0	94.0	110.0	141.0	129.0	117.0	152.0	134.0	126.0	115.0	106.0	119.0	121.0	130.0	147.0	129.0	114.0	113.0	112.0
320.815	106.0	142.0	101.0	123.0	155.0	137.0	122.0	166.0	130.0	137.0	125.0	122.0	132.0	133.0	142.0	166.0	139.0	136.0	124.0	119.0
320.923	116.0	147.0	111.0	136.0	156.0	168.0	136.0	193.0	155.0	152.0	115.0	143.0	146.0	150.0	171.0	171.0	156.0	145.0	114.0	129.0
321.031	137.0	162.0	119.0	172.0	190.0	222.0	168.0	225.0	193.0	197.0	118.0	170.0	192.0	200.0	218.0	214.0	204.0	187.0	120.0	171.0
321.139	156.0	176.0	138.0	206.0	226.0	286.0	216.0	286.0	254.0	264.0	136.0	226.0	251.0	251.0	296.0	276.0	277.0	240.0	134.0	219.0
321.247	186.0	184.0	143.0	215.0	253.0	334.0	246.0	318.0	287.0	298.0	128.0	247.0	287.0	292.0	345.0	312.0	322.0	269.0	128.0	241.0
321.355	161.0	169.0	129.0	194.0	222.0	279.0	209.0	274.0	242.0	249.0	127.0	206.0	238.0	239.0	284.0	261.0	274.0	237.0	132.0	204.0
321.463	146.0	164.0	126.0	172.0	211.0	253.0	192.0	261.0	220.0	226.0	124.0	185.0	214.0	220.0	257.0	244.0	242.0	201.0	123.0	193.0
321.571	146.0	172.0	130.0	188.0	221.0	280.0	202.0	277.0	251.0	242.0	115.0	208.0	231.0	237.0	285.0	251.0	261.0	216.0	124.0	203.0
321.679	208.0	207.0	169.0	240.0	271.0	388.0	252.0	351.0	318.0	335.0	120.0	266.0	316.0	314.0	366.0	343.0	356.0	315.0	123.0	273.0
321.787	247.0	224.0	194.0	284.0	315.0	445.0	299.0	412.0	372.0	375.0	143.0	315.0	380.0	394.0	423.0	393.0	422.0	365.0	138.0	314.0
321.895	184.0	190.0	145.0	224.0	258.0	360.0	246.0	333.0	308.0	298.0	129.0	267.0	294.0	306.0	346.0	321.0	325.0	289.0	127.0	250.0
322.003	150.0	169.0	135.0	194.0	227.0	291.0	218.0	297.0	260.0	255.0	131.0	218.0	245.0	250.0	297.0	272.0	286.0	240.0	132.0	211.0
322.111	158.0	171.0	134.0	191.0	228.0	304.0	217.0	288.0	264.0	258.0	121.0	223.0	258.0	257.0	303.0	278.0	282.0	244.0	125.0	216.0
322.219	216.0	205.0	173.0	266.0	290.0	424.0	273.0	384.0	360.0	371.0	126.0	306.0	350.0	358.0	412.0	365.0	389.0	333.0	125.0	302.0
322.327	247.0	230.0	194.0	311.0	342.0	494.0	334.0	449.0	403.0	431.0	137.0	351.0	419.0	421.0	485.0	438.0	466.0	398.0	137.0	358.0
322.435	220.0	205.0	171.0	269.0	306.0	435.0	298.0	404.0	374.0	370.0	127.0	309.0	358.0	367.0	420.0	382.0	408.0	336.0	130.0	300.0
322.543	202.0	196.0	168.0	255.0	296.0	420.0	278.0	386.0	346.0	361.0	134.0	294.0	334.0	339.0	401.0	360.0	377.0	321.0	129.0	288.0
322.651	226.0	218.0	175.0	282.0	321.0	462.0	320.0	426.0	392.0	407.0	146.0	337.0	387.0	392.0	466.0	407.0	430.0	369.0	142.0	319.0
322.759	331.0	283.0	242.0	421.0	437.0	642.0	444.0	611.0	556.0	599.0	150.0	487.0	521.0	546.0	610.0	560.0	586.0	515.0	138.0	450.0
322.867	435.0	353.0	310.0	557.0	569.0	820.0	551.0	765.0	693.0	803.0	163.0	622.0	662.0	694.0	762.0	733.0	720.0	677.0	160.0	576.0
322.976	485.0	361.0	322.0	615.0	620.0	931.0	616.0	840.0	779.0	865.0	158.0	702.0	770.0	777.0	864.0	795.0	802.0	728.0	160.0	632.0
323.084	516.0	395.0	358.0	674.0	663.0	969.0	668.0	917.0	833.0	945.0	157.0	739.0	818.0	838.0	927.0	877.0	870.0	799.0	155.0	670.0
323.192	470.0	367.0	328.0	615.0	601.0	927.0	621.0	838.0	760.0	871.0	153.0	670.0	743.0	768.0	841.0	789.0	825.0	727.0	146.0	617.0
323.3	528.0	397.0	372.0	672.0	658.0	1012.0	666.0	900.0	844.0	932.0	146.0	744.0	832.0	838.0	916.0	898.0	884.0	814.0	144.0	682.0
323.408	472.0	375.0	344.0	597.0	606.0	916.0	589.0	814.0	764.0	816.0	150.0	655.0	740.0	752.0	830.0	770.0	790.0	706.0	157.0	612.0
323.516	375.0	314.0	268.0	486.0	501.0	746.0	506.0	684.0	626.0	707.0	172.0	549.0	633.0	614.0	694.0	667.0	657.0	590.0	164.0	503.0
323.624	376.0	304.0	274.0	476.0	485.0	737.0	481.0	666.0	618.0	662.0	145.0	536.0	597.0	608.0	689.0	628.0	644.0	567.0	134.0	503.0
323.732	304.0	261.0	231.0	394.0	404.0	592.0	390.0	534.0	497.0	539.0	136.0	433.0	480.0	484.0	538.0	509.0	513.0	453.0	138.0	399.0
323.84	215.0	200.0	174.0	271.0	300.0	409.0	286.0	391.0	350.0	375.0	130.0	303.0	330.0	350.0	397.0	373.0	364.0	328.0	135.0	281.0
323.949	163.0	177.0	147.0	216.0	242.0	300.0	232.0	312.0	274.0	287.0	138.0	238.0	257.0	255.0	301.0	282.0	265.0	246.0	136.0	219.0
324.057	154.0	175.0	130.0	186.0	206.0	266.0	194.0	275.0	235.0	242.0	130.0	200.0	222.0	223.0	256.0	248.0	240.0	215.0	125.0	198.0
324.165	185.0	194.0	144.0	215.0	246.0	331.0	233.0	321.0	285.0	291.0	119.0	233.0	262.0	276.0	307.0	294.0	297.0	248.0	122.0	218.0
324.273	248.0	214.0	176.0	288.0	315.0	436.0	316.0	404.0	369.0	394.0	130.0	332.0	363.0	368.0	412.0	400.0	391.0	341.0	133.0	306.0
324.381	207.0	200.0	152.0	247.0	282.0	384.0	266.0	360.0	313.0	336.0	129.0	274.0	302.0	321.0	361.0	335.0	346.0	292.0	128.0	257.0
324.49	204.0	189.0	156.0	233.0	278.0	369.0	260.0	346.0	321.0	337.0	126.0	270.0	295.0	318.0	352.0	323.0	334.0	276.0	119.0	256.0
324.598	262.0	224.0	202.0	309.0	341.0	501.0	318.0	452.0	413.0	428.0	120.0	343.0	405.0	424.0	465.0	434.0	457.0	387.0	118.0	343.0
324.706	301.0	256.0	236.0	375.0	399.0	597.0	384.0	533.0	490.0	529.0	126.0	426.0	496.0	501.0	554.0	515.0	548.0	460.0	132.0	410.0
324.814	276.0	245.0	216.0	343.0	366.0	554.0	354.0	497.0	442.0	481.0	128.0	385.0	454.0	456.0	532.0	473.0	501.0	426.0	137.0	373.0
324.922	222.0	208.0	178.0	268.0	295.0	423.0	288.0	389.0	363.0	391.0	124.0	298.0	348.0	353.0	411.0	376.0	397.0	338.0	124.0	294.0
325.031	207.0	196.0	168.0	241.0	272.0	351.0	243.0	335.0	302.0	318.0	126.0	249.0	289.0	305.0	339.0	321.0	336.0	285.0	129.0	245.0
325.139	155.0	173.0	131.0	184.0	229.0	276.0	210.0	274.0	241.0	243.0	129.0	213.0	237.0	236.0	274.0	260.0	244.0	231.0	127.0	202.0
325.247	148.0	166.0	123.0	168.0	205.0	238.0	182.0	247.0	216.0	214.0	120.0	179.0	197.0	206.0	229.0	222.0	212.0	193.0	118.0	168.0
325.355	144.0	148.0	117.0	164.0	192.0	228.0	176.0	233.0	202.0	204.0	117.0	169.0	189.0	192.0	205.0	206.0	206.0	172.0	108.0	161.0
325.464	176.0	168.0	142.0	208.0	245.0	298.0	220.0	294.0	272.0	279.0	133.0	226.0	247.0	261.0	280.0	269.0	277.0	236.0	119.0	217.0
325.572	268.0	238.0	188.0	326.0	363.0	494.0	344.0	471.0	417.0	458.0	142.0	376.0	408.0	417.0	459.0	456.0	438.0	392.0	141.0	351.0
325.68	226.0	215.0	168.0	276.0	316.0	426.0	296.0	401.0	365.0	383.0	132.0	319.0	340.0	360.0	390.0	389.0	374.0	319.0	132.0	283.0
325.789	184.0	193.0	151.0	231.0	260.0	351.0	248.0	331.0	298.0	317.0	134.0	259.0	280.0	287.0	322.0	313.0	303.0	267.0	125.0	245.0
325.897	153.0	172.0	121.0	184.0	216.0	257.0	200.0	272.0	242.0	248.0	128.0	209.0	226.0	231.0	246.0	244.0	236.0	203.0	127.0	191.0
326.005	152.0	168.0	130.0	183.0	214.0	238.0	192.0	256.0	215.0	236.0	125.0	200.0	203.0	220.0	230.0	239.0	230.0	203.0	133.0	186.0
326.114	136.0	160.0	120.0	158.0	187.0	217.0	165.0	229.0	203.0	193.0	120.0	168.0	183.0	187.0	201.0	212.0	192.0	175.0	121.0	156.0
326.222	115.0	144.0	105.0	135.0	161.0	152.0	137.0	181.0	140.0	151.0	121.0	137.0	142.0	146.0	146.0	169.0	139.0	131.0	114.0	121.0
326.33	105.0	143.0	100.0	113.0	148.0	140.0	120.0	168.0	134.0	135.0	111.0	117.0	123.0	121.0	132.0	149.0	125.0	116.0	107.0	114.0
326.439	105.0	138.0	104.0	119.0	153.0	156.0	133.0	176.0	147.0	151.0	114.0	127.0	134.0	141.0	144.0	163.0	148.0	122.0	120.0	118.0
326.547	145.0	158.0	121.0	177.0	209.0	248.0	187.0	254.0	217.0	221.0	123.0	197.0	214.0	222.0	249.0	248.0	241.0	212.0	127.0	198.0
326.655	145.0	158.0	132.0	164.0	205.0	241.0	188.0	248.0	212.0	223.0	124.0	188.0	218.0	212.0	241.0	245.0	219.0	209.0	125.0	178.0
326.764	128.0	158.0	124.0	154.0	189.0	205.0	172.0	215.0	177.0	199.0	125.0	167.0	189.0	184.0	202.0	210.0	196.0	176.0	132.0	171.0
326.872	140.0	151.0	115.0	158.0	196.0	214.0	165.0	222.0	187.0	190.0	113.0	167.0	182.0	189.0	204.0	206.0	195.0	169.0	116.0	163.0
326.98	121.0	150.0	114.0	144.0	184.0	195.0	151.0	209.0	173.0	178.0	118.0	149.0	176.0	173.0	204.0	205.0	183.0	163.0	120.0	145.0
327.089	125.0	156.0	109.0	148.0	181.0	195.0	165.0	220.0	177.0	186.0	132.0	159.0	181.0	181.0	197.0	211.0	183.0	170.0	127.0	150.0
327.197	180.0	188.0	149.0	217.0	240.0	302.0	223.0	295.0	262.0	275.0	133.0	231.0	265.0	267.0	296.0	284.0	282.0	251.0	129.0	226.0
327.306	176.0	180.0	149.0	210.0	254.0	317.0	231.0	302.0	266.0	285.0	137.0	233.0	271.0	281.0	313.0	293.0	297.0	270.0	137.0	235.0
327.414	161.0	173.0	128.0	188.0	234.0	276.0	204.0	275.0	236.0	251.0	123.0	220.0	248.0	234.0	282.0	275.0	260.0	227.0	128.0	195.0
327.522	150.0	166.0	126.0	178.0	209.0	265.0	201.0	262.0	228.0	244.0	127.0	200.0	229.0	222.0	264.0	242.0	243.0	213.0	129.0	190.0
327.631	163.0	175.0	129.0	192.0	227.0	282.0	209.0	278.0	238.0	254.0	120.0	220.0	243.0	248.0	287.0	267.0	261.0	237.0	124.0	213.0
327.739	149.0	169.0	127.0	170.0	204.0	244.0	184.0	257.0	213.0	223.0	122.0	191.0	216.0	223.0	248.0	245.0	224.0	213.0	124.0	187.0
327.848	123.0	156.0	114.0	146.0	186.0	196.0	162.0	216.0	172.0	186.0	120.0	162.0	175.0	172.0	191.0	206.0	187.0	168.0	129.0	155.0
327.956	125.0	145.0	108.0	142.0	169.0	183.0	149.0	206.0	166.0	172.0	117.0	150.0	166.0	158.0	177.0	184.0	166.0	150.0	120.0	139.0
328.065	162.0	164.0	128.0	178.0	213.0	255.0	189.0	254.0	229.0	221.0	117.0	190.0	206.0	225.0	232.0	228.0	237.0	189.0	119.0	181.0
328.173	202.0	189.0	148.0	230.0	265.0	363.0	257.0	339.0	294.0	319.0	128.0	268.0	298.0	316.0	340.0	331.0	322.0	295.0	125.0	257.0
328.281	186.0	180.0	145.0	224.0	261.0	347.0	246.0	333.0	280.0	300.0	120.0	253.0	290.0	294.0	316.0	301.0	311.0	267.0	126.0	241.0
328.39	163.0	170.0	127.0	180.0	231.0	274.0	214.0	280.0	245.0	257.0	130.0	206.0	239.0	241.0	266.0	265.0	246.0	210.0	128.0	192.0
328.498	148.0	170.0	126.0	176.0	211.0	245.0	180.0	249.0	211.0	222.0	121.0	193.0	205.0	221.0	232.0	229.0	214.0	197.0	118.0	177.0
328.607	145.0	163.0	116.0	163.0	205.0	216.0	171.0	231.0	195.0	196.0	118.0	178.0	191.0	191.0	214.0	220.0	201.0	176.0	123.0	163.0
328.715	122.0	151.0	115.0	143.0	173.0	175.0	150.0	202.0	170.0	167.0	110.0	137.0	165.0	167.0	175.0	181.0	166.0	153.0	122.0	141.0
328.824	110.0	144.0	99.0	128.0	160.0	151.0	131.0	180.0	150.0	141.0	117.0	127.0	139.0	143.0	152.0	158.0	139.0	124.0	116.0	116.0
328.932	102.0	136.0	98.0	117.0	144.0	125.0	122.0	153.0	122.0	128.0	116.0	112.0	118.0	113.0	123.0	149.0	115.0	117.0	113.0	107.0
329.041	101.0	134.0	100.0	108.0	142.0	119.0	108.0	150.0	123.0	121.0	116.0	110.0	117.0	110.0	114.0	138.0	105.0	106.0	120.0	102.0
329.15	94.0	127.0	91.0	105.0	142.0	112.0	107.0	154.0	119.0	121.0	113.0	113.0	106.0	106.0	111.0	139.0	104.0	103.0	117.0	105.0
329.258	93.0	128.0	94.0	105.0	131.0	106.0	104.0	145.0	113.0	118.0	106.0	104.0	109.0	97.0	107.0	128.0	105.0	102.0	118.0	94.0
329.367	103.0	136.0	100.0	114.0	136.0	117.0	116.0	146.0	113.0	118.0	110.0	108.0	110.0	112.0	115.0	136.0	111.0	105.0	116.0	102.0
329.475	96.0	134.0	94.0	105.0	143.0	114.0	107.0	150.0	113.0	115.0	108.0	106.0	114.0	115.0	121.0	138.0	99.0	108.0	112.0	100.0
329.584	98.0	133.0	86.0	109.0	138.0	119.0	111.0	148.0	115.0	110.0	113.0	102.0	111.0	111.0	116.0	137.0	103.0	102.0	110.0	105.0
329.692	106.0	141.0	96.0	113.0	141.0	121.0	109.0	154.0	127.0	123.0	111.0	104.0	112.0	116.0	120.0	142.0	112.0	108.0	116.0	105.0
329.801	99.0	143.0	99.0	112.0	136.0	111.0	105.0	141.0	115.0	116.0	104.0	104.0	106.0	109.0	113.0	126.0	114.0	102.0	110.0	100.0
329.909	102.0	139.0	95.0	104.0	143.0	113.0	103.0	146.0	115.0	117.0	108.0	108.0	111.0	115.0	114.0	129.0	104.0	105.0	111.0	104.0
330.018	97.0	133.0	89.0	107.0	145.0	118.0	118.0	151.0	120.0	117.0	110.0	108.0	110.0	117.0	109.0	137.0	112.0	100.0	119.0	105.0
330.127	101.0	129.0	98.0	111.0	146.0	121.0	123.0	154.0	130.0	124.0	110.0	110.0	116.0	115.0	129.0	142.0	117.0	117.0	112.0	109.0
330.235	104.0	140.0	100.0	117.0	156.0	133.0	127.0	163.0	139.0	136.0	122.0	123.0	128.0	127.0	150.0	163.0	129.0	125.0	117.0	125.0
330.344	118.0	153.0	114.0	133.0	177.0	165.0	138.0	191.0	165.0	154.0	117.0	132.0	159.0	161.0	180.0	172.0	160.0	153.0	124.0	133.0
330.453	106.0	144.0	109.0	129.0	162.0	149.0	134.0	177.0	154.0	145.0	115.0	124.0	152.0	149.0	154.0	165.0	148.0	132.0	115.0	131.0
330.561	109.0	140.0	107.0	124.0	161.0	153.0	136.0	182.0	158.0	151.0	120.0	123.0	144.0	144.0	156.0	167.0	149.0	133.0	121.0	130.0
330.67	109.0	144.0	100.0	125.0	157.0	142.0	130.0	175.0	151.0	150.0	117.0	126.0	137.0	137.0	153.0	166.0	134.0	127.0	114.0	123.0
330.778	116.0	150.0	117.0	135.0	164.0	161.0	133.0	183.0	157.0	150.0	113.0	132.0	143.0	142.0	163.0	166.0	154.0	137.0	112.0	127.0
330.887	128.0	157.0	118.0	153.0	186.0	196.0	159.0	216.0	184.0	178.0	128.0	151.0	176.0	173.0	198.0	197.0	182.0	167.0	134.0	157.0
330.996	134.0	152.0	116.0	151.0	183.0	203.0	162.0	215.0	183.0	181.0	114.0	150.0	176.0	164.0	205.0	192.0	182.0	163.0	116.0	154.0
331.104	117.0	159.0	110.0	144.0	175.0	171.0	152.0	197.0	169.0	176.0	120.0	148.0	164.0	156.0	184.0	179.0	166.0	158.0	115.0	144.0
331.213	113.0	151.0	116.0	144.0	182.0	173.0	147.0	204.0	171.0	174.0	120.0	147.0	168.0	157.0	176.0	186.0	168.0	169.0	120.0	142.0
331.322	128.0	158.0	125.0	156.0	180.0	202.0	160.0	219.0	187.0	184.0	116.0	159.0	176.0	169.0	204.0	197.0	182.0	166.0	121.0	154.0
331.431	123.0	154.0	115.0	151.0	176.0	195.0	152.0	216.0	179.0	186.0	119.0	155.0	165.0	175.0	197.0	187.0	178.0	160.0	117.0	139.0
331.539	154.0	170.0	133.0	178.0	215.0	245.0	189.0	256.0	230.0	234.0	124.0	204.0	217.0	209.0	261.0	242.0	242.0	215.0	120.0	186.0
331.648	214.0	212.0	179.0	264.0	289.0	379.0	263.0	378.0	332.0	348.0	129.0	289.0	341.0	329.0	383.0	351.0	354.0	328.0	124.0	289.0
331.757	281.0	240.0	219.0	338.0	361.0	512.0	337.0	475.0	431.0	462.0	138.0	378.0	450.0	436.0	493.0	459.0	463.0	431.0	136.0	365.0
331.865	221.0	200.0	181.0	265.0	293.0	406.0	286.0	382.0	347.0	342.0	123.0	296.0	339.0	329.0	375.0	348.0	376.0	307.0	124.0	282.0
331.974	160.0	184.0	149.0	206.0	243.0	298.0	234.0	309.0	269.0	286.0	136.0	232.0	273.0	258.0	306.0	280.0	277.0	253.0	134.0	224.0
332.083	204.0	188.0	162.0	246.0	278.0	353.0	244.0	343.0	302.0	299.0	123.0	257.0	300.0	303.0	326.0	307.0	323.0	283.0	123.0	257.0
332.192	166.0	178.0	141.0	208.0	240.0	291.0	209.0	304.0	262.0	270.0	120.0	225.0	257.0	256.0	287.0	270.0	274.0	237.0	122.0	217.0
332.3	218.0	203.0	169.0	255.0	284.0	372.0	260.0	361.0	316.0	334.0	128.0	267.0	325.0	312.0	364.0	337.0	347.0	305.0	124.0	270.0
332.409	219.0	210.0	182.0	260.0	293.0	404.0	281.0	376.0	343.0	354.0	125.0	284.0	339.0	338.0	384.0	347.0	361.0	323.0	122.0	278.0
332.518	184.0	202.0	165.0	229.0	267.0	356.0	254.0	356.0	304.0	316.0	132.0	268.0	309.0	296.0	359.0	323.0	327.0	295.0	131.0	257.0
332.627	200.0	205.0	168.0	253.0	283.0	385.0	265.0	371.0	332.0	349.0	139.0	286.0	321.0	319.0	380.0	343.0	353.0	312.0	139.0	265.0
332.735	169.0	192.0	147.0	221.0	252.0	322.0	245.0	329.0	284.0	302.0	137.0	248.0	274.0	269.0	321.0	310.0	291.0	260.0	134.0	236.0
332.844	212.0	208.0	179.0	245.0	279.0	380.0	260.0	356.0	326.0	340.0	123.0	272.0	315.0	323.0	362.0	327.0	341.0	288.0	120.0	266.0
332.953	216.0	212.0	182.0	260.0	290.0	386.0	277.0	375.0	332.0	371.0	132.0	290.0	341.0	329.0	393.0	356.0	358.0	316.0	130.0	280.0
333.062	198.0	194.0	169.0	245.0	273.0	343.0	248.0	344.0	301.0	311.0	124.0	253.0	288.0	302.0	331.0	304.0	319.0	268.0	128.0	253.0
333.171	165.0	180.0	141.0	209.0	233.0	284.0	222.0	296.0	260.0	264.0	130.0	213.0	249.0	242.0	271.0	254.0	251.0	225.0	126.0	207.0
333.279	141.0	179.0	133.0	185.0	214.0	244.0	198.0	263.0	228.0	243.0	129.0	195.0	225.0	221.0	246.0	232.0	222.0	204.0	130.0	186.0
333.388	179.0	192.0	158.0	220.0	256.0	315.0	243.0	330.0	280.0	302.0	140.0	246.0	281.0	265.0	316.0	295.0	284.0	268.0	138.0	234.0
333.497	262.0	243.0	208.0	338.0	363.0	497.0	349.0	481.0	424.0	465.0	140.0	367.0	423.0	422.0	480.0	438.0	451.0	403.0	141.0	356.0
333.606	357.0	303.0	272.0	478.0	494.0	676.0	475.0	641.0	559.0	648.0	160.0	502.0	581.0	573.0	644.0	614.0	581.0	563.0	156.0	477.0
333.715	297.0	265.0	232.0	377.0	410.0	572.0	407.0	541.0	494.0	526.0	149.0	414.0	484.0	468.0	547.0	505.0	490.0	447.0	138.0	391.0
333.824	277.0	249.0	222.0	344.0	366.0	519.0	361.0	483.0	440.0	488.0	140.0	384.0	435.0	437.0	501.0	447.0	452.0	407.0	140.0	349.0
333.933	280.0	255.0	220.0	344.0	363.0	502.0	355.0	475.0	447.0	456.0	141.0	380.0	415.0	426.0	463.0	417.0	454.0	389.0	142.0	349.0
334.041	233.0	230.0	186.0	304.0	340.0	447.0	328.0	435.0	393.0	425.0	143.0	329.0	376.0	374.0	434.0	392.0	388.0	352.0	145.0	308.0
334.15	257.0	229.0	193.0	314.0	352.0	500.0	350.0	476.0	453.0	460.0	137.0	363.0	395.0	411.0	470.0	412.0	440.0	370.0	132.0	329.0
334.259	504.0	385.0	336.0	623.0	633.0	848.0	600.0	825.0	742.0	885.0	165.0	685.0	714.0	716.0	773.0	799.0	726.0	705.0	155.0	606.0
334.368	710.0	528.0	460.0	916.0	855.0	1150.0	826.0	1115.0	992.0	1261.0	171.0	940.0	993.0	958.0	1023.0	1122.0	986.0	1001.0	164.0	852.0
334.477	568.0	434.0	375.0	714.0	702.0	961.0	694.0	944.0	840.0	995.0	157.0	779.0	812.0	792.0	857.0	899.0	826.0	805.0	150.0	678.0
334.586	448.0	365.0	311.0	564.0	563.0	763.0	567.0	755.0	687.0	798.0	152.0	621.0	656.0	655.0	708.0	718.0	649.0	617.0	142.0	552.0
334.695	363.0	314.0	266.0	466.0	466.0	637.0	473.0	626.0	569.0	656.0	160.0	521.0	532.0	526.0	604.0	589.0	540.0	537.0	151.0	457.0
334.804	317.0	290.0	246.0	417.0	442.0	564.0	417.0	559.0	503.0	589.0	159.0	455.0	470.0	475.0	528.0	540.0	481.0	471.0	161.0	404.0
334.913	251.0	232.0	209.0	331.0	346.0	441.0	332.0	454.0	404.0	443.0	140.0	336.0	356.0	372.0	419.0	389.0	386.0	349.0	139.0	303.0
335.022	168.0	186.0	158.0	233.0	255.0	307.0	241.0	328.0	301.0	294.0	136.0	239.0	256.0	257.0	284.0	260.0	272.0	234.0	125.0	211.0
335.13	160.0	175.0	149.0	196.0	224.0	260.0	204.0	272.0	256.0	246.0	120.0	192.0	216.0	230.0	244.0	220.0	229.0	191.0	117.0	185.0
335.239	153.0	175.0	145.0	187.0	222.0	254.0	201.0	276.0	253.0	238.0	120.0	194.0	209.0	220.0	250.0	225.0	228.0	197.0	120.0	184.0
335.348	155.0	174.0	143.0	201.0	226.0	269.0	215.0	299.0	262.0	263.0	127.0	203.0	225.0	238.0	269.0	234.0	238.0	216.0	126.0	186.0
335.457	277.0	264.0	223.0	376.0	401.0	517.0	400.0	531.0	478.0	532.0	166.0	422.0	453.0	447.0	509.0	482.0	460.0	430.0	153.0	370.0
335.566	463.0	367.0	322.0	594.0	585.0	798.0	566.0	775.0	694.0	816.0	163.0	640.0	696.0	678.0	738.0	748.0	688.0	675.0	147.0	572.0
335.675	388.0	322.0	284.0	503.0	513.0	715.0	484.0	665.0	629.0	696.0	132.0	536.0	572.0	592.0	647.0	624.0	618.0	560.0	126.0	490.0
335.784	282.0	261.0	222.0	376.0	392.0	529.0	372.0	520.0	467.0	514.0	136.0	398.0	439.0	436.0	479.0	456.0	453.0	412.0	134.0	356.0
335.893	276.0	252.0	220.0	339.0	371.0	475.0	342.0	475.0	430.0	464.0	133.0	374.0	402.0	399.0	441.0	422.0	423.0	374.0	131.0	322.0
336.002	229.0	224.0	173.0	291.0	309.0	391.0	306.0	397.0	358.0	392.0	138.0	315.0	326.0	332.0	376.0	356.0	338.0	320.0	137.0	282.0
336.111	251.0	262.0	215.0	297.0	319.0	386.0	297.0	400.0	371.0	368.0	184.0	322.0	325.0	331.0	359.0	341.0	348.0	313.0	187.0	298.0
336.22	182.0	208.0	157.0	209.0	241.0	278.0	220.0	303.0	263.0	258.0	144.0	227.0	225.0	241.0	257.0	241.0	245.0	222.0	141.0	199.0
336.329	149.0	175.0	126.0	177.0	215.0	236.0	187.0	262.0	234.0	220.0	118.0	198.0	188.0	203.0	222.0	210.0	204.0	178.0	118.0	167.0
336.438	163.0	183.0	146.0	199.0	229.0	271.0	222.0	291.0	269.0	257.0	118.0	211.0	220.0	236.0	259.0	237.0	241.0	200.0	119.0	190.0
336.547	206.0	216.0	191.0	275.0	306.0	395.0	295.0	389.0	386.0	372.0	124.0	292.0	316.0	338.0	386.0	330.0	351.0	302.0	130.0	272.0
336.656	413.0	345.0	310.0	521.0	525.0	712.0	522.0	697.0	633.0	721.0	153.0	561.0	617.0	624.0	663.0	654.0	637.0	610.0	150.0	520.0
336.766	373.0	328.0	295.0	521.0	528.0	735.0	520.0	685.0	641.0	739.0	164.0	567.0	626.0	603.0	697.0	666.0	629.0	597.0	160.0	502.0
336.875	310.0	282.0	253.0	420.0	425.0	592.0	423.0	577.0	531.0	586.0	150.0	445.0	508.0	494.0	561.0	524.0	517.0	474.0	147.0	409.0
336.984	251.0	252.0	210.0	337.0	361.0	470.0	364.0	481.0	422.0	475.0	159.0	381.0	402.0	399.0	465.0	426.0	415.0	400.0	142.0	344.0
337.093	211.0	220.0	183.0	287.0	314.0	387.0	308.0	412.0	353.0	404.0	162.0	326.0	342.0	334.0	378.0	371.0	331.0	327.0	154.0	290.0
337.202	227.0	235.0	196.0	308.0	328.0	396.0	314.0	410.0	372.0	396.0	134.0	319.0	342.0	332.0	387.0	366.0	356.0	325.0	137.0	298.0
337.311	161.0	186.0	148.0	225.0	248.0	292.0	242.0	316.0	283.0	303.0	151.0	237.0	258.0	240.0	299.0	287.0	261.0	250.0	146.0	224.0
337.42	214.0	211.0	184.0	273.0	293.0	374.0	268.0	379.0	353.0	366.0	124.0	286.0	336.0	326.0	379.0	345.0	341.0	308.0	125.0	277.0
337.529	181.0	201.0	169.0	246.0	280.0	337.0	259.0	345.0	305.0	325.0	140.0	264.0	292.0	294.0	340.0	303.0	319.0	285.0	141.0	247.0
337.638	184.0	198.0	167.0	245.0	270.0	346.0	267.0	356.0	324.0	325.0	149.0	270.0	294.0	296.0	342.0	303.0	315.0	277.0	152.0	253.0
337.747	328.0	285.0	238.0	426.0	443.0	597.0	433.0	586.0	533.0	598.0	156.0	471.0	531.0	522.0	590.0	549.0	539.0	511.0	146.0	440.0
337.856	404.0	320.0	289.0	505.0	505.0	720.0	494.0	669.0	620.0	686.0	130.0	542.0	612.0	610.0	667.0	626.0	636.0	576.0	122.0	505.0
337.966	313.0	279.0	251.0	408.0	417.0	574.0	399.0	534.0	507.0	546.0	127.0	428.0	478.0	482.0	541.0	494.0	517.0	449.0	117.0	407.0
338.075	244.0	239.0	199.0	335.0	369.0	485.0	355.0	482.0	437.0	463.0	142.0	371.0	417.0	412.0	471.0	437.0	430.0	388.0	144.0	344.0
338.184	298.0	261.0	239.0	378.0	405.0	538.0	392.0	533.0	487.0	540.0	153.0	420.0	498.0	471.0	533.0	496.0	509.0	457.0	148.0	401.0
338.293	236.0	233.0	195.0	299.0	335.0	437.0	317.0	421.0	392.0	417.0	142.0	330.0	382.0	365.0	422.0	389.0	389.0	358.0	147.0	318.0
338.402	200.0	209.0	169.0	248.0	278.0	343.0	271.0	359.0	314.0	333.0	138.0	271.0	305.0	293.0	339.0	313.0	314.0	285.0	144.0	254.0
338.511	195.0	220.0	175.0	235.0	278.0	315.0	255.0	332.0	290.0	300.0	154.0	250.0	272.0	267.0	306.0	284.0	280.0	255.0	154.0	239.0
338.62	156.0	174.0	142.0	188.0	216.0	247.0	198.0	261.0	241.0	239.0	122.0	194.0	217.0	217.0	249.0	214.0	227.0	205.0	120.0	181.0
338.73	140.0	171.0	126.0	168.0	202.0	211.0	180.0	241.0	206.0	213.0	124.0	177.0	195.0	190.0	216.0	205.0	194.0	178.0	118.0	160.0
338.839	181.0	191.0	151.0	212.0	236.0	294.0	227.0	292.0	266.0	277.0	127.0	229.0	264.0	249.0	292.0	264.0	275.0	249.0	122.0	222.0
338.948	151.0	173.0	138.0	191.0	235.0	253.0	198.0	277.0	236.0	254.0	133.0	213.0	240.0	235.0	263.0	265.0	246.0	233.0	139.0	207.0
339.057	157.0	176.0	140.0	180.0	201.0	239.0	192.0	259.0	227.0	230.0	108.0	179.0	207.0	208.0	231.0	221.0	213.0	189.0	116.0	186.0
339.166	138.0	164.0	136.0	155.0	189.0	194.0	162.0	222.0	195.0	189.0	120.0	158.0	172.0	174.0	187.0	198.0	174.0	166.0	118.0	145.0
339.276	123.0	157.0	116.0	144.0	184.0	181.0	156.0	204.0	177.0	185.0	120.0	155.0	164.0	161.0	179.0	184.0	155.0	159.0	115.0	144.0
339.385	117.0	153.0	111.0	137.0	166.0	161.0	146.0	185.0	152.0	158.0	117.0	137.0	145.0	140.0	158.0	174.0	146.0	139.0	125.0	132.0
339.494	112.0	154.0	99.0	126.0	160.0	143.0	137.0	179.0	151.0	146.0	114.0	129.0	137.0	133.0	139.0	151.0	134.0	127.0	117.0	114.0
339.603	113.0	142.0	107.0	123.0	163.0	132.0	130.0	183.0	138.0	150.0	115.0	127.0	134.0	132.0	133.0	153.0	127.0	125.0	112.0	118.0
339.713	111.0	140.0	104.0	125.0	154.0	140.0	126.0	174.0	147.0	141.0	112.0	126.0	121.0	122.0	132.0	145.0	130.0	118.0	102.0	122.0
339.822	111.0	140.0	103.0	126.0	157.0	137.0	130.0	172.0	143.0	142.0	114.0	124.0	127.0	127.0	129.0	142.0	126.0	117.0	104.0	115.0
339.931	111.0	147.0	105.0	120.0	154.0	129.0	129.0	171.0	141.0	136.0	108.0	119.0	124.0	121.0	129.0	145.0	121.0	114.0	111.0	110.0
340.04	102.0	143.0	97.0	111.0	142.0	122.0	124.0	158.0	127.0	131.0	121.0	112.0	121.0	109.0	116.0	140.0	104.0	110.0	116.0	104.0
340.15	108.0	142.0	100.0	128.0	156.0	132.0	124.0	164.0	132.0	135.0	116.0	113.0	123.0	118.0	128.0	150.0	121.0	119.0	108.0	104.0
340.259	97.0	142.0	94.0	116.0	144.0	118.0	112.0	155.0	122.0	115.0	114.0	112.0	114.0	111.0	117.0	137.0	111.0	113.0	113.0	107.0
340.368	105.0	141.0	103.0	117.0	144.0	127.0	112.0	171.0	120.0	127.0	114.0	110.0	119.0	111.0	121.0	143.0	109.0	106.0	113.0	108.0
340.477	103.0	141.0	95.0	112.0	146.0	112.0	120.0	154.0	122.0	128.0	110.0	111.0	111.0	110.0	112.0	137.0	106.0	103.0	109.0	101.0
340.587	113.0	143.0	104.0	120.0	150.0	120.0	116.0	162.0	129.0	126.0	117.0	120.0	111.0	108.0	120.0	142.0	109.0	108.0	109.0	98.0
340.696	97.0	137.0	97.0	114.0	145.0	119.0	117.0	155.0	122.0	123.0	110.0	110.0	104.0	106.0	110.0	127.0	101.0	98.0	116.0	100.0
340.805	113.0	148.0	104.0	117.0	154.0	140.0	125.0	170.0	135.0	133.0	122.0	115.0	118.0	119.0	124.0	142.0	109.0	101.0	124.0	111.0
340.915	108.0	142.0	95.0	104.0	138.0	113.0	117.0	160.0	126.0	125.0	109.0	115.0	116.0	107.0	112.0	134.0	101.0	102.0	115.0	96.0
341.024	98.0	138.0	90.0	105.0	135.0	111.0	106.0	153.0	120.0	119.0	107.0	108.0	106.0	99.0	102.0	132.0	100.0	100.0	110.0	99.0
341.133	112.0	159.0	114.0	133.0	156.0	134.0	134.0	176.0	140.0	138.0	133.0	137.0	125.0	127.0	124.0	150.0	114.0	121.0	130.0	118.0
341.243	107.0	151.0	102.0	113.0	145.0	121.0	122.0	161.0	131.0	129.0	117.0	111.0	115.0	110.0	117.0	136.0	104.0	106.0	111.0	99.0
341.352	95.0	140.0	95.0	110.0	137.0	117.0	115.0	153.0	129.0	125.0	114.0	111.0	112.0	104.0	108.0	132.0	98.0	100.0	110.0	97.0
341.461	90.0	141.0	102.0	116.0	139.0	120.0	117.0	158.0	127.0	122.0	105.0	114.0	110.0	106.0	109.0	140.0	104.0	107.0	110.0	102.0
341.571	98.0	146.0	99.0	105.0	142.0	110.0	106.0	150.0	120.0	119.0	112.0	112.0	99.0	102.0	107.0	121.0	94.0	103.0	110.0	102.0
341.68	98.0	132.0	94.0	112.0	139.0	110.0	112.0	158.0	120.0	121.0	113.0	108.0	102.0	103.0	108.0	125.0	95.0	98.0	110.0	102.0
341.789	109.0	139.0	92.0	108.0	133.0	109.0	114.0	147.0	111.0	114.0	112.0	104.0	105.0	95.0	104.0	127.0	94.0	94.0	115.0	92.0
341.899	97.0	136.0	95.0	104.0	138.0	100.0	107.0	146.0	116.0	114.0	111.0	106.0	108.0	96.0	104.0	132.0	91.0	97.0	115.0	90.0
342.008	98.0	138.0	102.0	113.0	136.0	113.0	108.0	149.0	110.0	120.0	111.0	106.0	107.0	104.0	97.0	125.0	94.0	99.0	118.0	97.0
342.118	96.0	134.0	97.0	102.0	140.0	108.0	108.0	150.0	104.0	114.0	118.0	104.0	104.0	103.0	96.0	132.0	98.0	96.0	109.0	100.0
342.227	99.0	142.0	94.0	107.0	139.0	105.0	110.0	152.0	113.0	115.0	108.0	101.0	97.0	107.0	102.0	129.0	94.0	98.0	112.0	90.0
342.336	98.0	139.0	96.0	103.0	141.0	104.0	111.0	150.0	107.0	111.0	114.0	103.0	104.0	104.0	105.0	132.0	88.0	102.0	103.0	96.0
342.446	103.0	140.0	97.0	115.0	142.0	117.0	111.0	152.0	119.0	123.0	110.0	109.0	98.0	113.0	104.0	134.0	92.0	105.0	117.0	94.0
342.555	101.0	138.0	94.0	116.0	143.0	119.0	112.0	159.0	116.0	123.0	113.0	107.0	104.0	103.0	111.0	134.0	103.0	98.0	118.0	97.0
342.665	109.0	137.0	94.0	114.0	135.0	112.0	111.0	154.0	117.0	120.0	112.0	105.0	104.0	104.0	107.0	134.0	97.0	103.0	115.0	96.0
342.774	94.0	147.0	97.0	110.0	141.0	110.0	110.0	154.0	110.0	116.0	110.0	108.0	106.0	105.0	104.0	131.0	94.0	101.0	113.0	92.0
342.884	103.0	140.0	93.0	122.0	148.0	116.0	121.0	158.0	125.0	123.0	111.0	114.0	104.0	108.0	104.0	136.0	106.0	105.0	110.0	96.0
342.993	105.0	144.0	101.0	113.0	142.0	114.0	110.0	155.0	120.0	118.0	109.0	100.0	110.0	111.0	99.0	130.0	98.0	100.0	115.0	101.0
343.102	105.0	140.0	99.0	112.0	145.0	115.0	114.0	157.0	122.0	123.0	117.0	110.0	111.0	109.0	112.0	133.0	97.0	100.0	112.0	91.0
343.212	102.0	143.0	101.0	112.0	149.0	113.0	115.0	163.0	116.0	130.0	113.0	111.0	110.0	106.0	108.0	132.0	98.0	102.0	109.0	102.0
343.321	103.0	144.0	104.0	113.0	152.0	115.0	116.0	156.0	115.0	125.0	113.0	111.0	108.0	109.0	105.0	130.0	99.0	103.0	113.0	98.0
343.431	113.0	155.0	114.0	120.0	155.0	124.0	126.0	168.0	125.0	138.0	127.0	122.0	114.0	124.0	125.0	143.0	109.0	109.0	126.0	114.0
343.54	122.0	156.0	111.0	125.0	148.0	125.0	123.0	169.0	133.0	137.0	119.0	121.0	112.0	122.0	120.0	141.0	110.0	113.0	119.0	107.0
343.65	107.0	140.0	104.0	114.0	151.0	121.0	127.0	157.0	120.0	132.0	111.0	113.0	115.0	111.0	118.0	145.0	99.0	109.0	114.0	104.0
343.759	125.0	155.0	111.0	136.0	167.0	146.0	145.0	183.0	143.0	153.0	117.0	142.0	152.0	142.0	136.0	164.0	138.0	137.0	119.0	129.0
343.869	141.0	173.0	130.0	170.0	201.0	199.0	181.0	241.0	185.0	206.0	127.0	174.0	196.0	182.0	207.0	212.0	188.0	190.0	133.0	169.0
343.978	141.0	166.0	124.0	156.0	184.0	192.0	165.0	223.0	187.0	186.0	119.0	159.0	181.0	182.0	197.0	196.0	182.0	173.0	117.0	148.0
344.088	140.0	181.0	130.0	158.0	189.0	175.0	168.0	220.0	177.0	189.0	138.0	163.0	167.0	166.0	186.0	200.0	168.0	166.0	137.0	157.0
344.197	120.0	154.0	112.0	144.0	174.0	144.0	149.0	194.0	159.0	166.0	128.0	139.0	146.0	144.0	154.0	165.0	143.0	141.0	127.0	130.0
344.307	118.0	144.0	108.0	140.0	171.0	147.0	144.0	182.0	156.0	161.0	114.0	130.0	138.0	137.0	145.0	159.0	137.0	133.0	114.0	128.0
344.416	125.0	149.0	103.0	133.0	160.0	142.0	140.0	178.0	143.0	141.0	111.0	127.0	133.0	134.0	142.0	154.0	136.0	126.0	117.0	125.0
344.526	119.0	152.0	108.0	122.0	158.0	138.0	126.0	168.0	140.0	144.0	118.0	120.0	121.0	124.0	138.0	150.0	117.0	111.0	114.0	116.0
344.636	111.0	146.0	112.0	134.0	159.0	143.0	138.0	176.0	143.0	148.0	113.0	131.0	136.0	128.0	144.0	152.0	133.0	118.0	118.0	127.0
344.745	119.0	159.0	115.0	138.0	166.0	155.0	145.0	185.0	140.0	146.0	119.0	136.0	141.0	142.0	151.0	163.0	139.0	128.0	119.0	132.0
344.855	126.0	156.0	113.0	136.0	175.0	155.0	137.0	194.0	162.0	152.0	129.0	136.0	148.0	142.0	150.0	161.0	144.0	134.0	136.0	128.0
344.964	121.0	149.0	106.0	130.0	168.0	155.0	142.0	187.0	148.0	156.0	118.0	138.0	154.0	152.0	165.0	164.0	138.0	136.0	114.0	128.0
345.074	140.0	163.0	126.0	163.0	196.0	204.0	162.0	233.0	182.0	196.0	115.0	167.0	196.0	192.0	216.0	211.0	210.0	179.0	112.0	170.0
345.183	132.0	158.0	117.0	153.0	186.0	190.0	151.0	216.0	181.0	182.0	113.0	154.0	178.0	175.0	181.0	193.0	178.0	162.0	122.0	153.0
345.293	127.0	154.0	109.0	138.0	168.0	169.0	140.0	199.0	158.0	172.0	118.0	140.0	152.0	160.0	168.0	175.0	156.0	139.0	122.0	138.0
345.403	142.0	163.0	125.0	146.0	182.0	176.0	157.0	200.0	168.0	169.0	139.0	153.0	154.0	154.0	169.0	185.0	151.0	152.0	134.0	141.0
345.512	140.0	162.0	123.0	154.0	192.0	197.0	160.0	212.0	172.0	185.0	113.0	161.0	183.0	176.0	198.0	197.0	176.0	178.0	118.0	151.0
345.622	147.0	170.0	120.0	161.0	192.0	208.0	171.0	235.0	192.0	195.0	120.0	176.0	193.0	194.0	218.0	208.0	198.0	188.0	118.0	166.0
345.731	133.0	152.0	115.0	144.0	178.0	178.0	152.0	203.0	169.0	173.0	119.0	145.0	163.0	161.0	173.0	184.0	166.0	147.0	117.0	146.0
345.841	120.0	144.0	111.0	136.0	168.0	157.0	136.0	182.0	162.0	154.0	118.0	135.0	151.0	145.0	159.0	166.0	149.0	144.0	112.0	129.0
345.951	140.0	170.0	123.0	150.0	177.0	168.0	151.0	209.0	162.0	173.0	136.0	152.0	162.0	151.0	166.0	175.0	159.0	156.0	133.0	140.0
346.06	115.0	144.0	108.0	129.0	167.0	152.0	129.0	183.0	144.0	148.0	111.0	127.0	141.0	134.0	150.0	163.0	135.0	139.0	117.0	125.0
346.17	105.0	140.0	102.0	120.0	152.0	129.0	117.0	164.0	126.0	135.0	116.0	115.0	132.0	120.0	131.0	147.0	116.0	111.0	124.0	112.0
346.28	105.0	144.0	105.0	116.0	148.0	129.0	123.0	165.0	129.0	128.0	114.0	110.0	119.0	110.0	123.0	138.0	113.0	110.0	115.0	108.0
346.389	100.0	141.0	99.0	116.0	149.0	121.0	115.0	151.0	115.0	124.0	115.0	109.0	117.0	110.0	108.0	138.0	107.0	105.0	117.0	101.0
346.499	105.0	145.0	102.0	119.0	147.0	125.0	113.0	158.0	117.0	124.0	108.0	114.0	117.0	109.0	114.0	141.0	112.0	113.0	116.0	109.0
346.608	106.0	144.0	103.0	114.0	144.0	119.0	105.0	158.0	114.0	117.0	113.0	104.0	107.0	108.0	104.0	134.0	107.0	99.0	115.0	97.0
346.718	98.0	141.0	99.0	119.0	142.0	123.0	111.0	151.0	117.0	125.0	112.0	103.0	113.0	112.0	116.0	131.0	99.0	104.0	111.0	98.0
346.828	103.0	137.0	96.0	114.0	144.0	105.0	116.0	148.0	111.0	122.0	112.0	105.0	107.0	101.0	108.0	128.0	99.0	97.0	107.0	101.0
346.938	97.0	136.0	98.0	113.0	140.0	110.0	108.0	151.0	111.0	128.0	112.0	103.0	104.0	107.0	111.0	132.0	100.0	102.0	107.0	98.0
347.047	111.0	151.0	108.0	128.0	159.0	144.0	129.0	174.0	137.0	146.0	109.0	121.0	132.0	127.0	138.0	151.0	132.0	122.0	114.0	119.0
347.157	130.0	156.0	111.0	148.0	173.0	169.0	147.0	193.0	160.0	167.0	124.0	140.0	165.0	150.0	168.0	186.0	155.0	153.0	118.0	142.0
347.267	122.0	157.0	118.0	136.0	174.0	164.0	146.0	189.0	153.0	167.0	121.0	138.0	156.0	149.0	167.0	180.0	150.0	148.0	115.0	144.0
347.376	125.0	154.0	119.0	142.0	174.0	162.0	142.0	191.0	146.0	163.0	113.0	134.0	148.0	147.0	155.0	172.0	147.0	142.0	113.0	134.0
347.486	130.0	170.0	130.0	153.0	188.0	166.0	147.0	200.0	171.0	163.0	130.0	138.0	157.0	155.0	167.0	177.0	161.0	145.0	134.0	138.0
347.596	122.0	150.0	116.0	131.0	172.0	150.0	132.0	183.0	145.0	156.0	115.0	127.0	146.0	141.0	143.0	158.0	141.0	134.0	114.0	122.0
347.705	109.0	146.0	102.0	122.0	156.0	142.0	131.0	173.0	132.0	140.0	120.0	122.0	136.0	116.0	141.0	151.0	128.0	122.0	115.0	115.0
347.815	113.0	150.0	112.0	130.0	160.0	141.0	122.0	176.0	140.0	149.0	116.0	120.0	136.0	127.0	145.0	153.0	133.0	128.0	112.0	124.0
347.925	111.0	146.0	104.0	129.0	160.0	136.0	130.0	172.0	132.0	138.0	115.0	124.0	134.0	132.0	131.0	157.0	127.0	121.0	116.0	118.0
348.035	114.0	136.0	96.0	121.0	154.0	140.0	123.0	171.0	136.0	138.0	111.0	119.0	124.0	124.0	126.0	142.0	120.0	116.0	112.0	110.0
348.144	107.0	144.0	102.0	116.0	152.0	136.0	126.0	164.0	128.0	132.0	113.0	118.0	123.0	116.0	125.0	145.0	112.0	112.0	114.0	105.0
348.254	113.0	146.0	103.0	119.0	158.0	135.0	127.0	162.0	127.0	144.0	112.0	126.0	124.0	123.0	127.0	146.0	115.0	112.0	112.0	109.0
348.364	111.0	140.0	103.0	120.0	153.0	129.0	124.0	163.0	122.0	132.0	112.0	118.0	125.0	125.0	120.0	152.0	120.0	107.0	114.0	108.0
348.474	125.0	148.0	118.0	137.0	173.0	160.0	142.0	198.0	146.0	161.0	112.0	126.0	146.0	149.0	170.0	174.0	151.0	139.0	115.0	135.0
348.584	128.0	157.0	118.0	142.0	174.0	170.0	153.0	204.0	163.0	173.0	124.0	147.0	162.0	153.0	180.0	188.0	162.0	155.0	117.0	144.0
348.693	118.0	153.0	113.0	132.0	166.0	165.0	146.0	199.0	151.0	164.0	122.0	142.0	156.0	147.0	174.0	177.0	152.0	147.0	112.0	139.0
348.803	117.0	150.0	113.0	128.0	169.0	158.0	142.0	190.0	141.0	154.0	120.0	140.0	150.0	142.0	162.0	166.0	144.0	143.0	122.0	131.0
348.913	129.0	152.0	116.0	141.0	168.0	166.0	142.0	189.0	151.0	152.0	116.0	135.0	148.0	148.0	159.0	169.0	138.0	135.0	115.0	127.0
349.023	113.0	146.0	106.0	130.0	161.0	147.0	134.0	170.0	142.0	155.0	117.0	125.0	141.0	140.0	140.0	164.0	122.0	127.0	116.0	126.0
349.133	111.0	149.0	104.0	120.0	152.0	140.0	124.0	175.0	130.0	141.0	112.0	119.0	128.0	125.0	132.0	154.0	118.0	116.0	119.0	106.0
349.242	103.0	145.0	94.0	120.0	155.0	130.0	125.0	166.0	126.0	127.0	115.0	119.0	122.0	123.0	118.0	141.0	107.0	113.0	111.0	109.0
349.352	137.0	175.0	123.0	152.0	185.0	161.0	155.0	193.0	164.0	164.0	147.0	142.0	150.0	146.0	154.0	171.0	136.0	143.0	144.0	130.0
349.462	114.0	149.0	108.0	129.0	158.0	135.0	130.0	178.0	134.0	146.0	116.0	117.0	127.0	130.0	135.0	152.0	124.0	118.0	118.0	117.0
349.572	105.0	145.0	106.0	127.0	159.0	141.0	123.0	178.0	136.0	137.0	113.0	120.0	120.0	124.0	123.0	149.0	119.0	115.0	108.0	115.0
349.682	107.0	139.0	100.0	127.0	156.0	150.0	121.0	183.0	141.0	146.0	113.0	124.0	121.0	121.0	137.0	147.0	127.0	115.0	114.0	114.0
349.792	120.0	154.0	111.0	155.0	185.0	191.0	162.0	226.0	176.0	188.0	121.0	161.0	174.0	166.0	184.0	182.0	169.0	148.0	124.0	149.0
349.901	236.0	214.0	173.0	257.0	319.0	408.0	295.0	383.0	343.0	377.0	130.0	311.0	370.0	351.0	396.0	369.0	352.0	336.0	122.0	295.0
350.011	217.0	206.0	172.0	245.0	299.0	368.0	266.0	371.0	315.0	349.0	122.0	284.0	330.0	335.0	360.0	335.0	350.0	298.0	116.0	275.0
350.121	176.0	184.0	145.0	210.0	250.0	294.0	230.0	311.0	268.0	281.0	122.0	237.0	267.0	265.0	284.0	281.0	283.0	252.0	128.0	216.0
350.231	169.0	175.0	138.0	194.0	233.0	270.0	209.0	284.0	244.0	248.0	117.0	212.0	232.0	242.0	260.0	254.0	246.0	213.0	114.0	186.0
350.341	155.0	172.0	132.0	178.0	221.0	253.0	205.0	265.0	233.0	247.0	122.0	193.0	218.0	221.0	250.0	234.0	227.0	209.0	116.0	186.0
350.451	195.0	196.0	158.0	241.0	283.0	352.0	260.0	362.0	308.0	322.0	128.0	270.0	314.0	314.0	360.0	322.0	331.0	294.0	128.0	265.0
350.561	203.0	208.0	164.0	240.0	300.0	358.0	271.0	373.0	314.0	344.0	135.0	288.0	322.0	334.0	363.0	338.0	343.0	314.0	137.0	269.0
350.671	158.0	172.0	128.0	192.0	232.0	265.0	205.0	287.0	225.0	254.0	131.0	212.0	241.0	234.0	264.0	257.0	255.0	218.0	136.0	199.0
350.78	156.0	171.0	124.0	185.0	205.0	239.0	197.0	259.0	220.0	229.0	128.0	190.0	217.0	222.0	233.0	227.0	215.0	197.0	118.0	185.0
350.89	137.0	166.0	122.0	153.0	185.0	201.0	167.0	233.0	184.0	193.0	124.0	170.0	174.0	169.0	191.0	190.0	175.0	164.0	118.0	148.0
351.0	121.0	157.0	116.0	142.0	181.0	172.0	152.0	206.0	165.0	176.0	122.0	149.0	152.0	157.0	164.0	182.0	158.0	152.0	121.0	137.0
351.11	125.0	152.0	113.0	143.0	181.0	174.0	145.0	208.0	170.0	168.0	115.0	140.0	152.0	163.0	156.0	171.0	151.0	142.0	115.0	130.0
351.22	130.0	159.0	124.0	142.0	175.0	160.0	145.0	197.0	154.0	162.0	129.0	136.0	139.0	142.0	152.0	165.0	138.0	124.0	123.0	128.0
351.33	117.0	154.0	114.0	132.0	168.0	147.0	137.0	187.0	155.0	155.0	112.0	134.0	137.0	136.0	148.0	158.0	137.0	117.0	111.0	128.0
351.44	136.0	155.0	120.0	150.0	193.0	184.0	153.0	218.0	179.0	191.0	119.0	163.0	173.0	167.0	191.0	185.0	171.0	167.0	115.0	152.0
351.55	133.0	160.0	114.0	154.0	187.0	187.0	151.0	212.0	181.0	177.0	117.0	156.0	165.0	167.0	176.0	186.0	174.0	157.0	116.0	143.0
351.66	119.0	151.0	103.0	133.0	161.0	151.0	142.0	187.0	150.0	152.0	120.0	133.0	145.0	139.0	143.0	168.0	138.0	126.0	117.0	129.0
351.77	128.0	168.0	127.0	140.0	179.0	164.0	153.0	194.0	163.0	166.0	122.0	150.0	158.0	153.0	161.0	178.0	141.0	145.0	130.0	132.0
351.88	115.0	154.0	112.0	129.0	164.0	142.0	137.0	182.0	139.0	143.0	111.0	124.0	133.0	135.0	139.0	160.0	129.0	129.0	106.0	122.0
351.99	113.0	145.0	114.0	132.0	157.0	142.0	132.0	184.0	143.0	144.0	105.0	136.0	130.0	139.0	135.0	153.0	129.0	118.0	110.0	113.0
352.1	115.0	140.0	104.0	122.0	157.0	124.0	124.0	166.0	132.0	134.0	109.0	110.0	118.0	123.0	121.0	141.0	117.0	110.0	108.0	111.0
352.21	128.0	172.0	128.0	142.0	168.0	147.0	155.0	188.0	157.0	157.0	132.0	138.0	142.0	142.0	142.0	162.0	124.0	130.0	129.0	129.0
352.32	126.0	172.0	122.0	139.0	168.0	147.0	140.0	181.0	153.0	151.0	134.0	138.0	131.0	130.0	126.0	156.0	124.0	133.0	126.0	125.0
352.43	101.0	138.0	90.0	111.0	150.0	117.0	120.0	159.0	117.0	127.0	116.0	114.0	108.0	106.0	107.0	133.0	99.0	98.0	110.0	98.0
352.54	104.0	137.0	98.0	116.0	136.0	123.0	119.0	156.0	122.0	125.0	117.0	108.0	111.0	100.0	107.0	135.0	100.0	94.0	117.0	99.0
352.65	114.0	155.0	111.0	124.0	156.0	127.0	135.0	171.0	136.0	137.0	131.0	120.0	121.0	116.0	122.0	143.0	108.0	117.0	126.0	112.0
352.76	112.0	147.0	106.0	116.0	155.0	128.0	126.0	169.0	129.0	142.0	120.0	122.0	123.0	115.0	126.0	145.0	112.0	111.0	119.0	112.0
352.87	111.0	147.0	107.0	124.0	160.0	148.0	139.0	181.0	145.0	155.0	123.0	141.0	141.0	137.0	148.0	168.0	141.0	130.0	122.0	128.0
352.98	148.0	170.0	123.0	162.0	204.0	214.0	175.0	245.0	196.0	207.0	120.0	178.0	206.0	190.0	215.0	208.0	200.0	183.0	120.0	166.0
353.09	156.0	181.0	144.0	175.0	213.0	211.0	191.0	250.0	202.0	215.0	142.0	192.0	203.0	200.0	222.0	215.0	211.0	186.0	140.0	184.0
353.2	127.0	155.0	117.0	136.0	175.0	172.0	148.0	204.0	173.0	173.0	117.0	152.0	157.0	155.0	172.0	175.0	161.0	149.0	123.0	143.0
353.31	128.0	150.0	110.0	141.0	174.0	172.0	140.0	210.0	167.0	175.0	112.0	140.0	149.0	158.0	159.0	171.0	153.0	139.0	117.0	129.0
353.42	124.0	158.0	112.0	134.0	164.0	157.0	139.0	195.0	164.0	157.0	111.0	141.0	140.0	145.0	145.0	153.0	143.0	125.0	115.0	128.0
353.53	107.0	149.0	104.0	123.0	150.0	135.0	134.0	169.0	140.0	138.0	120.0	117.0	127.0	119.0	130.0	149.0	119.0	115.0	111.0	108.0
353.64	108.0	138.0	104.0	109.0	144.0	125.0	122.0	162.0	122.0	129.0	108.0	118.0	115.0	113.0	118.0	141.0	106.0	107.0	114.0	103.0
353.75	102.0	142.0	91.0	114.0	140.0	113.0	121.0	155.0	115.0	122.0	110.0	114.0	109.0	106.0	110.0	132.0	102.0	105.0	111.0	97.0
353.86	100.0	143.0	94.0	112.0	141.0	111.0	111.0	148.0	119.0	115.0	115.0	105.0	110.0	106.0	104.0	133.0	98.0	98.0	117.0	98.0
353.97	102.0	134.0	96.0	103.0	137.0	104.0	114.0	151.0	107.0	121.0	116.0	108.0	106.0	101.0	101.0	132.0	96.0	98.0	114.0	92.0
354.081	101.0	138.0	103.0	107.0	140.0	113.0	114.0	158.0	120.0	121.0	113.0	109.0	110.0	108.0	114.0	139.0	100.0	108.0	104.0	95.0
354.191	100.0	134.0	104.0	111.0	146.0	116.0	110.0	153.0	113.0	119.0	118.0	112.0	107.0	107.0	115.0	134.0	103.0	102.0	119.0	103.0
354.301	95.0	135.0	89.0	106.0	137.0	100.0	107.0	150.0	111.0	119.0	114.0	99.0	105.0	103.0	101.0	123.0	104.0	96.0	115.0	97.0
354.411	96.0	138.0	94.0	96.0	136.0	108.0	112.0	148.0	107.0	111.0	116.0	110.0	105.0	106.0	106.0	129.0	92.0	101.0	114.0	95.0
354.521	100.0	134.0	93.0	112.0	139.0	108.0	110.0	151.0	110.0	125.0	105.0	105.0	107.0	102.0	101.0	131.0	93.0	97.0	110.0	101.0
354.631	106.0	141.0	106.0	115.0	144.0	114.0	118.0	158.0	120.0	118.0	115.0	113.0	105.0	105.0	109.0	138.0	102.0	105.0	116.0	101.0
354.741	106.0	143.0	95.0	112.0	146.0	117.0	114.0	158.0	120.0	125.0	109.0	110.0	113.0	109.0	108.0	129.0	101.0	110.0	108.0	100.0
354.851	104.0	139.0	92.0	106.0	135.0	107.0	111.0	147.0	114.0	114.0	111.0	108.0	104.0	103.0	104.0	125.0	97.0	96.0	109.0	100.0
354.961	102.0	143.0	102.0	112.0	144.0	110.0	106.0	149.0	115.0	119.0	108.0	109.0	107.0	109.0	102.0	131.0	95.0	101.0	109.0	101.0
355.072	105.0	140.0	106.0	116.0	150.0	112.0	119.0	152.0	120.0	120.0	121.0	112.0	107.0	105.0	108.0	139.0	100.0	102.0	121.0	103.0
355.182	108.0	140.0	101.0	110.0	137.0	108.0	112.0	153.0	113.0	115.0	117.0	107.0	106.0	107.0	105.0	132.0	97.0	97.0	116.0	98.0
355.292	113.0	147.0	103.0	113.0	141.0	123.0	117.0	155.0	126.0	132.0	118.0	105.0	120.0	109.0	110.0	137.0	96.0	102.0	117.0	103.0
355.402	96.0	136.0	101.0	114.0	136.0	107.0	105.0	146.0	116.0	123.0	109.0	107.0	104.0	101.0	106.0	129.0	95.0	98.0	116.0	100.0
355.512	113.0	146.0	104.0	117.0	141.0	115.0	118.0	158.0	123.0	125.0	111.0	112.0	107.0	107.0	105.0	129.0	102.0	104.0	113.0	107.0
355.622	104.0	145.0	104.0	112.0	139.0	113.0	116.0	154.0	125.0	125.0	116.0	113.0	111.0	110.0	112.0	142.0	96.0	110.0	120.0	97.0
355.733	107.0	141.0	100.0	106.0	146.0	112.0	116.0	159.0	125.0	124.0	111.0	107.0	111.0	105.0	106.0	131.0	98.0	105.0	107.0	95.0
355.843	94.0	143.0	101.0	102.0	141.0	103.0	115.0	148.0	108.0	121.0	121.0	113.0	109.0	105.0	106.0	134.0	98.0	102.0	114.0	100.0
355.953	111.0	144.0	100.0	116.0	143.0	126.0	115.0	164.0	118.0	129.0	106.0	113.0	114.0	113.0	119.0	139.0	106.0	110.0	112.0	109.0
356.063	116.0	146.0	97.0	119.0	144.0	122.0	122.0	161.0	122.0	127.0	114.0	116.0	108.0	117.0	110.0	136.0	109.0	108.0	115.0	105.0
356.173	105.0	148.0	100.0	115.0	134.0	120.0	119.0	160.0	125.0	128.0	113.0	113.0	122.0	115.0	110.0	139.0	103.0	104.0	115.0	112.0
356.284	103.0	140.0	97.0	107.0	140.0	114.0	112.0	146.0	118.0	118.0	112.0	108.0	113.0	106.0	114.0	141.0	99.0	101.0	122.0	102.0
356.394	115.0	145.0	109.0	119.0	146.0	129.0	120.0	166.0	114.0	124.0	101.0	109.0	118.0	116.0	115.0	146.0	107.0	114.0	113.0	105.0
356.504	122.0	157.0	107.0	122.0	143.0	130.0	123.0	170.0	126.0	128.0	115.0	106.0	120.0	126.0	115.0	153.0	116.0	114.0	114.0	106.0
356.614	112.0	141.0	100.0	106.0	149.0	117.0	116.0	160.0	117.0	121.0	112.0	104.0	112.0	115.0	114.0	139.0	99.0	104.0	111.0	102.0
356.724	108.0	142.0	102.0	114.0	142.0	112.0	113.0	150.0	115.0	122.0	118.0	109.0	117.0	114.0	113.0	139.0	110.0	109.0	108.0	107.0
356.835	117.0	145.0	110.0	124.0	160.0	127.0	120.0	169.0	130.0	135.0	116.0	119.0	124.0	122.0	130.0	150.0	118.0	120.0	114.0	117.0
356.945	111.0	136.0	101.0	124.0	152.0	125.0	117.0	160.0	124.0	121.0	116.0	105.0	120.0	119.0	122.0	139.0	104.0	114.0	120.0	106.0
357.055	102.0	143.0	102.0	109.0	144.0	114.0	118.0	153.0	110.0	124.0	119.0	107.0	112.0	113.0	110.0	137.0	104.0	106.0	119.0	101.0
357.165	111.0	141.0	97.0	108.0	138.0	114.0	116.0	153.0	113.0	119.0	115.0	107.0	108.0	107.0	110.0	134.0	100.0	108.0	114.0	104.0
357.276	103.0	135.0	100.0	117.0	144.0	114.0	116.0	156.0	108.0	111.0	105.0	100.0	107.0	102.0	113.0	132.0	99.0	103.0	111.0	97.0
357.386	97.0	140.0	99.0	104.0	135.0	107.0	106.0	147.0	106.0	108.0	111.0	104.0	108.0	100.0	106.0	136.0	97.0	96.0	111.0	92.0
357.496	120.0	146.0	107.0	112.0	144.0	120.0	119.0	165.0	119.0	130.0	110.0	103.0	118.0	120.0	120.0	145.0	100.0	108.0	108.0	101.0
357.606	106.0	148.0	109.0	111.0	141.0	115.0	112.0	165.0	109.0	127.0	110.0	111.0	117.0	117.0	118.0	145.0	104.0	104.0	118.0	107.0
357.717	99.0	141.0	99.0	107.0	144.0	104.0	106.0	153.0	100.0	120.0	111.0	102.0	104.0	110.0	105.0	135.0	95.0	106.0	112.0	93.0
357.827	108.0	141.0	95.0	108.0	142.0	111.0	113.0	155.0	110.0	121.0	110.0	102.0	104.0	113.0	105.0	132.0	98.0	104.0	113.0	98.0
357.937	107.0	146.0	102.0	111.0	141.0	116.0	114.0	155.0	104.0	117.0	114.0	108.0	110.0	117.0	110.0	135.0	99.0	100.0	118.0	101.0
358.048	114.0	148.0	104.0	108.0	143.0	119.0	111.0	162.0	112.0	126.0	117.0	108.0	115.0	118.0	116.0	146.0	97.0	110.0	116.0	102.0
358.158	109.0	141.0	100.0	114.0	146.0	120.0	114.0	157.0	116.0	124.0	108.0	102.0	116.0	110.0	118.0	142.0	105.0	114.0	115.0	106.0
358.268	106.0	142.0	96.0	110.0	141.0	107.0	110.0	152.0	113.0	121.0	114.0	108.0	113.0	110.0	108.0	143.0	105.0	102.0	114.0	101.0
358.379	107.0	139.0	96.0	119.0	139.0	108.0	115.0	161.0	115.0	122.0	118.0	97.0	108.0	115.0	111.0	136.0	96.0	96.0	112.0	96.0
358.489	99.0	141.0	96.0	110.0	134.0	106.0	112.0	151.0	111.0	112.0	113.0	100.0	107.0	109.0	102.0	131.0	93.0	97.0	107.0	96.0
358.599	108.0	132.0	100.0	108.0	144.0	109.0	112.0	153.0	116.0	116.0	113.0	108.0	105.0	110.0	108.0	132.0	102.0	107.0	118.0	96.0
358.71	106.0	139.0	96.0	115.0	137.0	118.0	111.0	149.0	118.0	120.0	105.0	109.0	105.0	109.0	106.0	133.0	97.0	96.0	110.0	97.0
358.82	112.0	146.0	92.0	112.0	141.0	116.0	110.0	156.0	111.0	122.0	109.0	104.0	115.0	107.0	109.0	123.0	98.0	90.0	115.0	103.0
358.93	104.0	145.0	99.0	112.0	146.0	113.0	115.0	156.0	124.0	126.0	108.0	110.0	118.0	116.0	119.0	140.0	98.0	106.0	114.0	107.0
359.041	113.0	151.0	114.0	124.0	153.0	141.0	128.0	172.0	139.0	142.0	109.0	120.0	143.0	132.0	138.0	154.0	122.0	134.0	118.0	116.0
359.151	109.0	144.0	111.0	119.0	152.0	128.0	125.0	165.0	120.0	130.0	113.0	118.0	127.0	119.0	119.0	148.0	123.0	116.0	115.0	114.0
359.261	116.0	148.0	110.0	120.0	159.0	130.0	129.0	169.0	130.0	141.0	116.0	119.0	128.0	124.0	132.0	148.0	117.0	122.0	116.0	118.0
359.372	107.0	139.0	103.0	121.0	149.0	130.0	122.0	164.0	130.0	135.0	116.0	116.0	120.0	125.0	130.0	136.0	117.0	112.0	106.0	110.0
359.482	99.0	135.0	101.0	114.0	144.0	113.0	114.0	159.0	116.0	120.0	113.0	115.0	111.0	115.0	118.0	135.0	106.0	113.0	111.0	106.0
359.592	109.0	148.0	96.0	122.0	147.0	122.0	116.0	161.0	125.0	122.0	112.0	111.0	106.0	114.0	118.0	137.0	105.0	102.0	117.0	103.0
359.703	104.0	140.0	93.0	105.0	138.0	103.0	109.0	153.0	115.0	122.0	114.0	105.0	106.0	101.0	110.0	134.0	102.0	101.0	118.0	99.0
359.813	104.0	136.0	102.0	108.0	145.0	107.0	114.0	152.0	110.0	121.0	114.0	103.0	104.0	110.0	106.0	130.0	102.0	103.0	105.0	100.0
359.924	100.0	136.0	97.0	109.0	146.0	112.0	108.0	146.0	101.0	114.0	110.0	95.0	105.0	98.0	108.0	128.0	89.0	96.0	113.0	96.0
360.034	103.0	134.0	102.0	109.0	145.0	105.0	111.0	146.0	109.0	107.0	109.0	100.0	106.0	100.0	104.0	131.0	97.0	100.0	109.0	98.0
360.144	102.0	142.0	100.0	110.0	143.0	112.0	114.0	153.0	113.0	108.0	112.0	102.0	106.0	108.0	101.0	135.0	92.0	101.0	113.0	99.0
360.255	95.0	144.0	100.0	112.0	140.0	105.0	110.0	154.0	109.0	116.0	116.0	103.0	102.0	111.0	111.0	137.0	94.0	101.0	114.0	99.0
360.365	102.0	134.0	100.0	111.0	137.0	108.0	102.0	159.0	118.0	119.0	110.0	105.0	117.0	113.0	112.0	138.0	98.0	100.0	112.0	106.0
360.476	118.0	140.0	99.0	123.0	151.0	114.0	114.0	167.0	128.0	133.0	115.0	108.0	120.0	122.0	126.0	150.0	113.0	117.0	123.0	116.0
360.586	106.0	147.0	102.0	120.0	145.0	124.0	126.0	164.0	121.0	129.0	113.0	110.0	108.0	112.0	114.0	141.0	109.0	105.0	120.0	107.0
360.697	107.0	143.0	102.0	114.0	136.0	116.0	115.0	155.0	115.0	119.0	112.0	102.0	115.0	112.0	117.0	140.0	102.0	105.0	118.0	101.0
360.807	102.0	136.0	102.0	109.0	140.0	104.0	112.0	149.0	112.0	121.0	113.0	103.0	112.0	104.0	110.0	133.0	95.0	105.0	116.0	106.0
360.917	95.0	142.0	104.0	111.0	144.0	109.0	118.0	150.0	109.0	115.0	112.0	107.0	110.0	100.0	107.0	139.0	107.0	104.0	115.0	100.0
361.028	105.0	145.0	97.0	112.0	138.0	113.0	112.0	160.0	113.0	123.0	109.0	106.0	108.0	105.0	105.0	134.0	100.0	101.0	117.0	98.0
361.138	100.0	136.0	94.0	108.0	137.0	111.0	109.0	147.0	115.0	113.0	116.0	98.0	110.0	105.0	104.0	133.0	98.0	98.0	107.0	98.0
361.249	102.0	140.0	97.0	108.0	136.0	105.0	110.0	149.0	107.0	116.0	109.0	103.0	106.0	106.0	106.0	136.0	89.0	96.0	113.0	90.0
361.359	118.0	144.0	102.0	115.0	143.0	117.0	123.0	168.0	120.0	122.0	121.0	113.0	107.0	110.0	116.0	140.0	106.0	113.0	116.0	106.0
361.47	109.0	146.0	96.0	112.0	138.0	118.0	118.0	154.0	118.0	125.0	109.0	103.0	108.0	110.0	105.0	128.0	100.0	103.0	117.0	100.0
361.58	100.0	135.0	97.0	108.0	135.0	111.0	111.0	151.0	113.0	126.0	112.0	100.0	107.0	108.0	105.0	137.0	101.0	103.0	112.0	96.0
361.691	98.0	137.0	92.0	110.0	134.0	106.0	107.0	150.0	115.0	120.0	106.0	104.0	110.0	99.0	110.0	133.0	96.0	105.0	114.0	103.0
361.801	108.0	141.0	100.0	119.0	146.0	114.0	116.0	160.0	113.0	125.0	112.0	108.0	114.0	111.0	114.0	136.0	106.0	110.0	113.0	99.0
361.912	114.0	148.0	105.0	123.0	164.0	141.0	135.0	178.0	135.0	152.0	115.0	131.0	142.0	140.0	139.0	161.0	136.0	130.0	116.0	123.0
362.022	113.0	149.0	106.0	131.0	163.0	141.0	123.0	180.0	140.0	144.0	110.0	120.0	132.0	127.0	140.0	154.0	128.0	131.0	116.0	118.0
362.133	121.0	156.0	111.0	128.0	157.0	134.0	130.0	188.0	140.0	147.0	123.0	126.0	142.0	137.0	138.0	164.0	135.0	132.0	120.0	121.0
362.243	110.0	143.0	99.0	124.0	151.0	119.0	116.0	161.0	122.0	132.0	116.0	116.0	125.0	117.0	124.0	141.0	121.0	112.0	118.0	108.0
362.354	99.0	136.0	91.0	108.0	135.0	116.0	117.0	162.0	109.0	118.0	107.0	110.0	109.0	107.0	115.0	133.0	107.0	104.0	119.0	107.0
362.464	100.0	144.0	95.0	102.0	136.0	110.0	112.0	152.0	108.0	117.0	121.0	107.0	112.0	107.0	111.0	132.0	107.0	101.0	116.0	95.0
362.575	102.0	141.0	103.0	109.0	134.0	108.0	106.0	149.0	114.0	122.0	112.0	102.0	108.0	111.0	111.0	138.0	98.0	102.0	112.0	105.0
362.685	104.0	141.0	101.0	109.0	146.0	112.0	119.0	151.0	109.0	117.0	111.0	101.0	117.0	111.0	109.0	140.0	100.0	103.0	113.0	102.0
362.796	108.0	140.0	107.0	116.0	148.0	121.0	118.0	157.0	125.0	122.0	109.0	107.0	114.0	109.0	111.0	133.0	103.0	109.0	112.0	96.0
362.906	113.0	148.0	113.0	137.0	164.0	146.0	141.0	180.0	140.0	155.0	118.0	113.0	138.0	135.0	147.0	165.0	132.0	122.0	112.0	124.0
363.017	145.0	165.0	138.0	181.0	200.0	192.0	163.0	224.0	188.0	201.0	113.0	147.0	185.0	171.0	198.0	192.0	168.0	166.0	112.0	152.0
363.128	121.0	150.0	120.0	162.0	170.0	156.0	140.0	186.0	159.0	163.0	113.0	129.0	145.0	144.0	157.0	162.0	141.0	136.0	112.0	128.0
363.238	116.0	149.0	109.0	147.0	164.0	147.0	134.0	182.0	145.0	148.0	114.0	119.0	134.0	141.0	146.0	151.0	134.0	132.0	112.0	121.0
363.349	110.0	145.0	108.0	126.0	158.0	134.0	127.0	161.0	125.0	139.0	118.0	114.0	133.0	128.0	135.0	150.0	119.0	116.0	113.0	108.0
363.459	117.0	148.0	111.0	136.0	158.0	148.0	127.0	181.0	144.0	150.0	112.0	124.0	134.0	139.0	149.0	158.0	131.0	130.0	117.0	127.0
363.57	134.0	158.0	126.0	162.0	194.0	184.0	157.0	214.0	168.0	192.0	119.0	153.0	182.0	174.0	200.0	192.0	176.0	169.0	121.0	153.0
363.68	155.0	178.0	144.0	197.0	219.0	230.0	198.0	259.0	212.0	237.0	117.0	177.0	220.0	200.0	234.0	223.0	218.0	205.0	117.0	178.0
363.791	160.0	184.0	165.0	206.0	226.0	234.0	198.0	258.0	231.0	228.0	136.0	175.0	228.0	211.0	240.0	234.0	215.0	198.0	136.0	185.0
363.902	131.0	163.0	125.0	158.0	175.0	180.0	154.0	205.0	177.0	177.0	123.0	148.0	167.0	172.0	185.0	183.0	161.0	155.0	115.0	148.0
364.012	118.0	149.0	113.0	145.0	171.0	159.0	140.0	192.0	154.0	158.0	125.0	134.0	158.0	142.0	156.0	168.0	140.0	143.0	123.0	129.0
364.123	114.0	144.0	107.0	136.0	161.0	147.0	137.0	177.0	145.0	145.0	117.0	118.0	140.0	134.0	145.0	156.0	127.0	126.0	117.0	117.0
364.233	115.0	138.0	100.0	119.0	148.0	130.0	123.0	167.0	127.0	128.0	110.0	110.0	121.0	121.0	129.0	144.0	107.0	111.0	114.0	112.0
364.344	110.0	145.0	104.0	120.0	143.0	123.0	123.0	161.0	122.0	129.0	118.0	111.0	116.0	119.0	121.0	147.0	105.0	114.0	112.0	106.0
364.455	110.0	140.0	101.0	115.0	139.0	115.0	119.0	155.0	117.0	118.0	109.0	103.0	116.0	111.0	104.0	134.0	97.0	104.0	109.0	103.0
364.565	108.0	144.0	101.0	118.0	148.0	113.0	115.0	153.0	116.0	119.0	117.0	105.0	115.0	107.0	116.0	135.0	107.0	103.0	108.0	101.0
364.676	105.0	144.0	102.0	132.0	153.0	141.0	121.0	168.0	128.0	137.0	121.0	109.0	119.0	121.0	126.0	146.0	123.0	116.0	117.0	113.0
364.787	129.0	170.0	150.0	188.0	200.0	206.0	180.0	237.0	199.0	210.0	120.0	151.0	190.0	182.0	199.0	198.0	174.0	169.0	118.0	163.0
364.897	140.0	161.0	141.0	191.0	207.0	208.0	166.0	233.0	201.0	213.0	114.0	151.0	190.0	178.0	203.0	196.0	179.0	173.0	115.0	160.0
365.008	136.0	158.0	125.0	169.0	180.0	176.0	155.0	198.0	180.0	176.0	113.0	140.0	157.0	153.0	175.0	174.0	154.0	154.0	114.0	135.0
365.119	122.0	153.0	121.0	149.0	168.0	161.0	145.0	200.0	159.0	158.0	114.0	128.0	156.0	142.0	159.0	155.0	144.0	132.0	116.0	126.0
365.229	135.0	160.0	125.0	147.0	180.0	164.0	150.0	191.0	170.0	171.0	125.0	140.0	157.0	148.0	163.0	169.0	153.0	137.0	124.0	142.0
365.34	124.0	156.0	119.0	145.0	170.0	162.0	137.0	191.0	153.0	155.0	117.0	134.0	155.0	151.0	157.0	168.0	143.0	142.0	118.0	139.0
365.45	136.0	157.0	121.0	156.0	193.0	184.0	150.0	218.0	171.0	177.0	108.0	149.0	174.0	172.0	186.0	183.0	175.0	160.0	115.0	150.0
365.561	137.0	156.0	121.0	155.0	185.0	172.0	149.0	212.0	169.0	175.0	112.0	140.0	171.0	168.0	180.0	182.0	169.0	161.0	121.0	149.0
365.672	125.0	156.0	119.0	149.0	183.0	175.0	153.0	211.0	173.0	184.0	118.0	152.0	179.0	167.0	185.0	195.0	174.0	168.0	107.0	155.0
365.783	114.0	149.0	115.0	140.0	170.0	154.0	141.0	190.0	150.0	154.0	124.0	135.0	150.0	146.0	159.0	167.0	145.0	143.0	116.0	134.0
365.893	114.0	147.0	105.0	125.0	156.0	136.0	124.0	171.0	139.0	145.0	113.0	130.0	125.0	129.0	143.0	159.0	130.0	125.0	120.0	120.0
366.004	110.0	146.0	101.0	112.0	154.0	136.0	129.0	165.0	123.0	132.0	114.0	112.0	122.0	116.0	127.0	148.0	120.0	113.0	115.0	111.0
366.115	106.0	140.0	99.0	105.0	139.0	114.0	115.0	156.0	110.0	121.0	106.0	105.0	112.0	106.0	112.0	139.0	100.0	100.0	108.0	97.0
366.225	99.0	141.0	101.0	110.0	141.0	108.0	118.0	156.0	106.0	125.0	108.0	105.0	111.0	103.0	108.0	136.0	98.0	100.0	110.0	100.0
366.336	103.0	141.0	107.0	123.0	148.0	118.0	120.0	157.0	118.0	127.0	113.0	114.0	123.0	115.0	116.0	147.0	110.0	112.0	109.0	104.0
366.447	101.0	144.0	101.0	119.0	147.0	113.0	115.0	156.0	121.0	123.0	108.0	108.0	114.0	106.0	113.0	141.0	109.0	109.0	110.0	108.0
366.557	115.0	154.0	110.0	135.0	167.0	139.0	133.0	181.0	140.0	139.0	120.0	118.0	141.0	123.0	137.0	159.0	121.0	124.0	113.0	122.0
366.668	109.0	144.0	105.0	126.0	155.0	121.0	126.0	171.0	123.0	128.0	118.0	112.0	126.0	119.0	127.0	150.0	108.0	119.0	116.0	116.0
366.779	109.0	138.0	109.0	123.0	153.0	129.0	112.0	163.0	128.0	138.0	115.0	116.0	116.0	115.0	119.0	142.0	114.0	115.0	113.0	105.0
366.89	110.0	148.0	101.0	117.0	152.0	117.0	116.0	159.0	124.0	129.0	112.0	113.0	112.0	111.0	113.0	140.0	112.0	105.0	115.0	103.0
367.0	97.0	143.0	101.0	111.0	146.0	114.0	118.0	150.0	118.0	126.0	110.0	105.0	114.0	106.0	114.0	123.0	100.0	109.0	121.0	106.0
367.111	100.0	140.0	95.0	112.0	141.0	110.0	113.0	153.0	114.0	120.0	110.0	103.0	107.0	108.0	109.0	131.0	96.0	104.0	114.0	104.0
367.222	104.0	135.0	99.0	120.0	146.0	114.0	113.0	153.0	119.0	125.0	105.0	110.0	114.0	111.0	113.0	131.0	108.0	104.0	111.0	100.0
367.333	112.0	153.0	115.0	122.0	150.0	127.0	130.0	175.0	129.0	127.0	126.0	125.0	122.0	124.0	115.0	147.0	118.0	117.0	124.0	114.0
367.443	103.0	144.0	99.0	112.0	147.0	120.0	120.0	164.0	130.0	121.0	115.0	111.0	117.0	113.0	118.0	144.0	108.0	112.0	113.0	112.0
367.554	117.0	144.0	109.0	125.0	161.0	135.0	127.0	175.0	131.0	144.0	114.0	122.0	125.0	128.0	128.0	152.0	123.0	113.0	110.0	110.0
367.665	112.0	141.0	108.0	124.0	166.0	151.0	124.0	179.0	140.0	150.0	112.0	128.0	136.0	134.0	135.0	147.0	132.0	125.0	111.0	112.0
367.776	138.0	167.0	122.0	162.0	202.0	217.0	178.0	250.0	202.0	202.0	119.0	167.0	188.0	197.0	199.0	203.0	187.0	168.0	118.0	159.0
367.887	311.0	261.0	240.0	378.0	408.0	504.0	385.0	528.0	453.0	541.0	145.0	417.0	491.0	455.0	505.0	503.0	465.0	447.0	143.0	404.0
367.997	352.0	278.0	269.0	438.0	471.0	582.0	433.0	594.0	502.0	616.0	134.0	479.0	552.0	523.0	562.0	567.0	535.0	518.0	133.0	463.0
368.108	277.0	244.0	215.0	332.0	388.0	454.0	343.0	460.0	398.0	457.0	124.0	371.0	418.0	422.0	440.0	420.0	414.0	393.0	129.0	348.0
368.219	233.0	211.0	186.0	272.0	307.0	361.0	271.0	383.0	309.0	360.0	128.0	281.0	331.0	309.0	344.0	338.0	317.0	304.0	123.0	267.0
368.33	152.0	171.0	145.0	183.0	218.0	227.0	191.0	248.0	210.0	236.0	122.0	183.0	212.0	210.0	213.0	218.0	206.0	201.0	121.0	178.0
368.441	122.0	156.0	117.0	141.0	184.0	166.0	153.0	209.0	169.0	171.0	118.0	145.0	168.0	152.0	174.0	175.0	151.0	149.0	121.0	142.0
368.551	123.0	144.0	112.0	135.0	170.0	149.0	136.0	184.0	141.0	157.0	112.0	125.0	136.0	138.0	140.0	154.0	133.0	124.0	112.0	125.0
368.662	112.0	140.0	105.0	127.0	152.0	143.0	122.0	168.0	123.0	142.0	113.0	116.0	124.0	118.0	133.0	144.0	115.0	114.0	113.0	109.0
368.773	107.0	146.0	100.0	113.0	145.0	129.0	116.0	163.0	126.0	136.0	112.0	120.0	118.0	115.0	117.0	132.0	114.0	107.0	117.0	101.0
368.884	106.0	152.0	114.0	122.0	152.0	132.0	125.0	168.0	133.0	132.0	122.0	118.0	126.0	122.0	126.0	146.0	118.0	118.0	116.0	112.0
368.995	112.0	139.0	103.0	121.0	151.0	129.0	119.0	164.0	126.0	126.0	109.0	119.0	119.0	122.0	119.0	133.0	107.0	109.0	108.0	107.0
369.105	113.0	144.0	102.0	120.0	151.0	128.0	118.0	166.0	125.0	129.0	120.0	111.0	118.0	115.0	112.0	136.0	116.0	111.0	115.0	104.0
369.216	105.0	145.0	98.0	114.0	142.0	125.0	118.0	162.0	125.0	128.0	108.0	105.0	119.0	107.0	112.0	131.0	107.0	110.0	111.0	101.0
369.327	114.0	156.0	117.0	123.0	159.0	127.0	129.0	176.0	138.0	140.0	128.0	121.0	128.0	122.0	129.0	147.0	114.0	121.0	120.0	113.0
369.438	108.0	136.0	101.0	118.0	155.0	115.0	113.0	163.0	118.0	125.0	112.0	114.0	113.0	111.0	111.0	131.0	113.0	110.0	117.0	107.0
369.549	109.0	138.0	101.0	120.0	151.0	114.0	113.0	161.0	113.0	120.0	123.0	104.0	113.0	111.0	117.0	127.0	101.0	102.0	119.0	105.0
369.66	104.0	144.0	106.0	113.0	142.0	122.0	114.0	165.0	114.0	134.0	120.0	116.0	118.0	112.0	117.0	131.0	107.0	110.0	114.0	106.0
369.771	104.0	147.0	111.0	119.0	152.0	130.0	122.0	169.0	125.0	130.0	115.0	115.0	123.0	111.0	120.0	134.0	113.0	108.0	116.0	107.0
369.881	113.0	144.0	104.0	130.0	158.0	125.0	123.0	161.0	129.0	139.0	113.0	114.0	127.0	127.0	130.0	139.0	116.0	117.0	114.0	114.0
369.992	124.0	157.0	109.0	138.0	166.0	149.0	138.0	185.0	142.0	151.0	109.0	129.0	150.0	141.0	155.0	157.0	137.0	140.0	113.0	124.0
370.103	128.0	154.0	113.0	143.0	180.0	157.0	138.0	201.0	150.0	158.0	122.0	135.0	155.0	149.0	159.0	161.0	149.0	146.0	124.0	140.0
370.214	109.0	149.0	106.0	128.0	160.0	136.0	133.0	179.0	133.0	146.0	115.0	123.0	134.0	127.0	138.0	154.0	130.0	128.0	117.0	117.0
370.325	119.0	145.0	110.0	129.0	165.0	141.0	130.0	180.0	138.0	147.0	111.0	129.0	138.0	139.0	140.0	145.0	126.0	126.0	115.0	124.0
370.436	132.0	152.0	114.0	130.0	167.0	144.0	126.0	181.0	148.0	148.0	110.0	126.0	137.0	133.0	145.0	151.0	134.0	128.0	120.0	131.0
370.547	113.0	146.0	104.0	126.0	148.0	130.0	120.0	169.0	128.0	132.0	118.0	115.0	120.0	120.0	127.0	138.0	115.0	111.0	117.0	118.0
370.658	108.0	146.0	103.0	117.0	148.0	119.0	119.0	159.0	123.0	130.0	114.0	106.0	117.0	109.0	115.0	128.0	106.0	109.0	118.0	106.0
370.769	104.0	138.0	101.0	116.0	146.0	115.0	113.0	155.0	117.0	120.0	109.0	108.0	109.0	110.0	111.0	126.0	95.0	102.0	109.0	105.0
370.88	108.0	143.0	103.0	112.0	152.0	120.0	111.0	158.0	117.0	122.0	112.0	113.0	107.0	112.0	107.0	129.0	100.0	105.0	111.0	93.0
370.99	106.0	140.0	93.0	110.0	142.0	104.0	107.0	149.0	106.0	115.0	120.0	106.0	107.0	98.0	100.0	123.0	98.0	97.0	111.0	99.0
371.101	94.0	139.0	106.0	118.0	148.0	124.0	116.0	160.0	126.0	132.0	113.0	107.0	122.0	109.0	119.0	132.0	107.0	112.0	113.0	101.0
371.212	107.0	146.0	106.0	125.0	156.0	125.0	129.0	162.0	129.0	144.0	119.0	112.0	119.0	120.0	123.0	137.0	117.0	117.0	115.0	101.0
371.323	103.0	146.0	104.0	122.0	156.0	116.0	117.0	169.0	127.0	134.0	109.0	117.0	121.0	123.0	123.0	141.0	111.0	116.0	117.0	109.0
371.434	125.0	154.0	109.0	133.0	149.0	134.0	128.0	187.0	133.0	142.0	111.0	121.0	131.0	136.0	128.0	150.0	123.0	121.0	120.0	116.0
371.545	131.0	158.0	114.0	125.0	164.0	152.0	138.0	184.0	144.0	157.0	113.0	129.0	145.0	142.0	150.0	157.0	136.0	140.0	115.0	126.0
371.656	132.0	168.0	125.0	150.0	183.0	165.0	153.0	202.0	166.0	173.0	111.0	137.0	167.0	159.0	171.0	172.0	148.0	149.0	114.0	140.0
371.767	118.0	150.0	114.0	139.0	175.0	154.0	140.0	191.0	141.0	157.0	114.0	131.0	149.0	142.0	156.0	152.0	141.0	139.0	116.0	124.0
371.878	148.0	169.0	132.0	169.0	200.0	197.0	153.0	231.0	191.0	199.0	109.0	152.0	189.0	174.0	191.0	182.0	183.0	173.0	116.0	159.0
371.989	126.0	160.0	124.0	157.0	185.0	173.0	152.0	208.0	171.0	177.0	113.0	144.0	161.0	159.0	176.0	165.0	159.0	157.0	115.0	148.0
372.1	122.0	158.0	120.0	145.0	169.0	151.0	145.0	184.0	152.0	160.0	115.0	127.0	156.0	139.0	142.0	147.0	135.0	134.0	106.0	129.0
372.211	108.0	140.0	109.0	127.0	150.0	122.0	120.0	168.0	123.0	140.0	115.0	118.0	118.0	121.0	124.0	131.0	111.0	121.0	115.0	107.0
372.322	130.0	169.0	126.0	150.0	177.0	165.0	148.0	199.0	157.0	169.0	128.0	139.0	151.0	146.0	152.0	165.0	142.0	138.0	127.0	135.0
372.433	142.0	175.0	146.0	176.0	191.0	197.0	173.0	238.0	194.0	199.0	112.0	150.0	186.0	172.0	190.0	184.0	164.0	159.0	115.0	161.0
372.544	128.0	164.0	129.0	150.0	180.0	156.0	149.0	191.0	157.0	172.0	114.0	123.0	150.0	147.0	154.0	155.0	137.0	139.0	118.0	134.0
372.655	114.0	149.0	118.0	137.0	162.0	141.0	131.0	172.0	131.0	152.0	121.0	115.0	133.0	125.0	133.0	138.0	122.0	117.0	110.0	113.0
372.766	114.0	148.0	106.0	127.0	147.0	121.0	128.0	165.0	122.0	129.0	116.0	107.0	124.0	122.0	123.0	132.0	112.0	107.0	115.0	107.0
372.877	129.0	160.0	114.0	133.0	147.0	132.0	124.0	176.0	125.0	134.0	116.0	115.0	129.0	126.0	131.0	144.0	119.0	119.0	110.0	118.0
372.988	130.0	155.0	118.0	139.0	159.0	121.0	129.0	180.0	129.0	142.0	117.0	120.0	130.0	136.0	129.0	146.0	112.0	127.0	114.0	125.0
373.099	132.0	155.0	109.0	132.0	162.0	126.0	125.0	175.0	123.0	136.0	124.0	118.0	119.0	128.0	133.0	149.0	110.0	120.0	113.0	119.0
373.21	127.0	156.0	112.0	118.0	162.0	130.0	126.0	181.0	127.0	140.0	120.0	116.0	121.0	127.0	128.0	147.0	115.0	118.0	122.0	119.0
373.321	116.0	152.0	110.0	129.0	151.0	135.0	132.0	177.0	134.0	146.0	121.0	122.0	127.0	124.0	128.0	142.0	120.0	121.0	116.0	118.0
373.432	128.0	160.0	126.0	153.0	172.0	154.0	147.0	189.0	160.0	173.0	117.0	136.0	161.0	153.0	169.0	161.0	148.0	134.0	114.0	140.0
373.543	230.0	221.0	217.0	280.0	306.0	339.0	263.0	346.0	304.0	346.0	135.0	263.0	324.0	304.0	346.0	302.0	307.0	296.0	146.0	282.0
373.654	215.0	208.0	184.0	250.0	298.0	325.0	257.0	351.0	289.0	325.0	118.0	248.0	309.0	303.0	339.0	291.0	311.0	290.0	121.0	265.0
373.765	162.0	179.0	155.0	203.0	234.0	247.0	204.0	273.0	229.0	233.0	118.0	190.0	228.0	227.0	250.0	226.0	229.0	212.0	120.0	197.0
373.876	133.0	166.0	128.0	148.0	186.0	181.0	158.0	208.0	170.0	181.0	117.0	148.0	166.0	161.0	176.0	170.0	164.0	154.0	114.0	146.0
373.987	136.0	155.0	119.0	141.0	167.0	150.0	139.0	205.0	148.0	150.0	115.0	129.0	140.0	138.0	147.0	151.0	126.0	136.0	114.0	128.0
374.098	130.0	157.0	119.0	141.0	162.0	152.0	139.0	194.0	141.0	155.0	114.0	123.0	133.0	138.0	142.0	152.0	124.0	123.0	122.0	130.0
374.209	136.0	162.0	123.0	139.0	174.0	154.0	144.0	200.0	151.0	159.0	115.0	136.0	153.0	149.0	155.0	156.0	144.0	136.0	115.0	138.0
374.32	148.0	165.0	120.0	142.0	180.0	162.0	150.0	201.0	157.0	168.0	120.0	135.0	170.0	150.0	156.0	161.0	145.0	143.0	119.0	133.0
374.431	144.0	164.0	120.0	144.0	175.0	159.0	154.0	196.0	154.0	167.0	109.0	139.0	148.0	160.0	156.0	154.0	142.0	139.0	112.0	126.0
374.543	127.0	154.0	117.0	136.0	164.0	149.0	146.0	187.0	144.0	152.0	119.0	128.0	144.0	148.0	141.0	148.0	142.0	135.0	120.0	123.0
374.654	152.0	173.0	152.0	189.0	217.0	216.0	183.0	242.0	205.0	217.0	117.0	162.0	198.0	185.0	204.0	192.0	184.0	176.0	118.0	164.0
374.765	156.0	192.0	163.0	214.0	244.0	243.0	212.0	275.0	239.0	259.0	127.0	187.0	234.0	222.0	239.0	224.0	206.0	209.0	124.0	190.0
374.876	150.0	167.0	150.0	187.0	220.0	216.0	182.0	248.0	214.0	228.0	123.0	166.0	204.0	193.0	218.0	200.0	197.0	178.0	120.0	167.0
374.987	143.0	162.0	129.0	167.0	191.0	193.0	159.0	221.0	180.0	198.0	113.0	157.0	169.0	172.0	182.0	169.0	164.0	148.0	117.0	147.0
375.098	148.0	170.0	133.0	162.0	204.0	216.0	180.0	248.0	201.0	219.0	118.0	171.0	196.0	189.0	214.0	191.0	195.0	165.0	117.0	161.0
375.209	205.0	208.0	180.0	245.0	293.0	344.0	276.0	367.0	301.0	340.0	137.0	263.0	322.0	313.0	358.0	296.0	322.0	284.0	144.0	267.0
375.32	475.0	358.0	361.0	573.0	622.0	761.0	538.0	780.0	656.0	803.0	149.0	618.0	741.0	703.0	737.0	716.0	715.0	685.0	153.0	610.0
375.431	444.0	341.0	336.0	538.0	613.0	753.0	528.0	777.0	650.0	770.0	147.0	609.0	715.0	682.0	756.0	701.0	700.0	680.0	143.0	588.0
375.542	546.0	392.0	408.0	648.0	711.0	898.0	622.0	916.0	768.0	969.0	139.0	729.0	877.0	838.0	893.0	841.0	861.0	826.0	141.0	731.0
375.654	369.0	292.0	283.0	439.0	492.0	633.0	439.0	638.0	555.0	653.0	145.0	500.0	593.0	561.0	617.0	569.0	577.0	551.0	130.0	483.0
375.765	250.0	217.0	197.0	290.0	326.0	384.0	293.0	410.0	339.0	391.0	117.0	309.0	362.0	350.0	370.0	336.0	347.0	322.0	118.0	290.0
375.876	185.0	191.0	161.0	193.0	254.0	241.0	210.0	290.0	235.0	247.0	160.0	211.0	236.0	232.0	243.0	238.0	222.0	219.0	152.0	202.0
375.987	132.0	161.0	118.0	140.0	188.0	174.0	152.0	210.0	171.0	178.0	117.0	146.0	159.0	163.0	164.0	157.0	150.0	134.0	120.0	139.0
376.098	128.0	156.0	117.0	130.0	165.0	148.0	140.0	193.0	149.0	153.0	120.0	134.0	143.0	138.0	144.0	145.0	129.0	130.0	119.0	128.0
376.209	120.0	148.0	114.0	129.0	171.0	135.0	131.0	172.0	135.0	146.0	117.0	126.0	134.0	126.0	127.0	139.0	118.0	123.0	117.0	115.0
376.32	116.0	147.0	107.0	124.0	160.0	132.0	132.0	174.0	126.0	140.0	123.0	123.0	126.0	122.0	122.0	137.0	115.0	114.0	119.0	115.0
376.432	111.0	146.0	105.0	120.0	155.0	134.0	127.0	170.0	128.0	131.0	115.0	111.0	128.0	125.0	122.0	127.0	115.0	114.0	108.0	109.0
376.543	117.0	148.0	118.0	140.0	175.0	148.0	139.0	181.0	149.0	154.0	116.0	127.0	137.0	132.0	144.0	145.0	124.0	129.0	114.0	125.0
376.654	115.0	156.0	113.0	143.0	170.0	139.0	136.0	182.0	149.0	157.0	116.0	132.0	146.0	132.0	146.0	147.0	124.0	132.0	112.0	121.0
376.765	112.0	138.0	104.0	120.0	152.0	118.0	121.0	167.0	125.0	138.0	119.0	114.0	122.0	113.0	117.0	126.0	105.0	119.0	120.0	108.0
376.876	103.0	140.0	102.0	117.0	148.0	118.0	118.0	164.0	118.0	126.0	113.0	109.0	110.0	114.0	115.0	128.0	99.0	102.0	114.0	104.0
376.987	110.0	149.0	104.0	115.0	148.0	127.0	125.0	168.0	125.0	135.0	112.0	118.0	124.0	123.0	114.0	122.0	110.0	112.0	117.0	108.0
377.099	103.0	141.0	99.0	113.0	146.0	117.0	117.0	158.0	116.0	127.0	119.0	113.0	114.0	109.0	115.0	125.0	98.0	109.0	114.0	99.0
377.21	106.0	141.0	103.0	121.0	149.0	124.0	118.0	158.0	119.0	131.0	112.0	109.0	113.0	112.0	105.0	130.0	102.0	108.0	117.0	108.0
377.321	98.0	138.0	100.0	109.0	141.0	113.0	110.0	158.0	107.0	124.0	113.0	102.0	107.0	99.0	113.0	113.0	102.0	92.0	113.0	102.0
377.432	102.0	147.0	108.0	119.0	152.0	122.0	121.0	161.0	123.0	130.0	120.0	114.0	113.0	107.0	113.0	126.0	108.0	111.0	122.0	108.0
377.543	103.0	141.0	104.0	117.0	149.0	113.0	111.0	158.0	118.0	123.0	107.0	112.0	111.0	100.0	102.0	115.0	100.0	97.0	112.0	95.0
377.655	101.0	136.0	99.0	111.0	147.0	110.0	108.0	150.0	113.0	117.0	109.0	108.0	105.0	109.0	102.0	117.0	97.0	95.0	111.0	102.0
377.766	99.0	135.0	97.0	112.0	139.0	110.0	111.0	151.0	112.0	118.0	108.0	108.0	101.0	104.0	104.0	121.0	94.0	101.0	110.0	101.0
377.877	94.0	137.0	96.0	102.0	129.0	111.0	117.0	157.0	110.0	121.0	120.0	104.0	113.0	105.0	102.0	115.0	88.0	97.0	116.0	99.0
377.988	121.0	154.0	118.0	145.0	174.0	149.0	144.0	183.0	159.0	162.0	117.0	127.0	157.0	147.0	148.0	139.0	134.0	145.0	119.0	134.0
378.099	120.0	149.0	118.0	139.0	174.0	146.0	140.0	182.0	141.0	156.0	115.0	123.0	146.0	134.0	145.0	135.0	130.0	134.0	121.0	126.0
378.211	109.0	144.0	108.0	120.0	157.0	129.0	120.0	171.0	124.0	134.0	115.0	113.0	124.0	123.0	129.0	125.0	112.0	116.0	111.0	111.0
378.322	103.0	143.0	106.0	126.0	160.0	127.0	123.0	166.0	133.0	134.0	113.0	112.0	119.0	121.0	120.0	126.0	112.0	113.0	109.0	113.0
378.433	121.0	166.0	121.0	143.0	166.0	136.0	135.0	181.0	142.0	147.0	129.0	129.0	135.0	124.0	133.0	137.0	118.0	118.0	127.0	120.0
378.544	103.0	142.0	104.0	110.0	140.0	106.0	111.0	148.0	115.0	121.0	115.0	111.0	108.0	108.0	112.0	120.0	98.0	105.0	112.0	98.0
378.656	98.0	141.0	100.0	117.0	139.0	111.0	112.0	154.0	114.0	114.0	112.0	105.0	107.0	110.0	103.0	122.0	97.0	104.0	117.0	105.0
378.767	101.0	144.0	102.0	107.0	139.0	114.0	112.0	158.0	113.0	121.0	111.0	104.0	108.0	106.0	104.0	110.0	94.0	95.0	112.0	95.0
378.878	104.0	145.0	104.0	120.0	146.0	114.0	117.0	156.0	112.0	123.0	115.0	112.0	120.0	108.0	114.0	118.0	100.0	106.0	118.0	95.0
378.989	105.0	139.0	98.0	116.0	144.0	117.0	117.0	153.0	117.0	119.0	109.0	102.0	117.0	113.0	107.0	115.0	98.0	104.0	110.0	104.0
379.101	103.0	138.0	101.0	114.0	148.0	116.0	107.0	160.0	110.0	118.0	116.0	106.0	117.0	109.0	111.0	119.0	101.0	109.0	113.0	106.0
379.212	96.0	140.0	97.0	113.0	144.0	113.0	111.0	153.0	107.0	124.0	117.0	105.0	114.0	109.0	104.0	124.0	100.0	106.0	115.0	104.0
379.323	108.0	144.0	106.0	119.0	140.0	117.0	112.0	159.0	119.0	123.0	108.0	110.0	113.0	108.0	111.0	121.0	107.0	110.0	112.0	99.0
379.434	114.0	139.0	105.0	127.0	151.0	113.0	117.0	161.0	116.0	133.0	110.0	112.0	115.0	112.0	110.0	120.0	106.0	112.0	115.0	104.0
379.546	106.0	141.0	105.0	115.0	150.0	120.0	116.0	159.0	116.0	125.0	115.0	102.0	121.0	106.0	121.0	121.0	109.0	104.0	114.0	109.0
379.657	103.0	144.0	96.0	109.0	139.0	113.0	110.0	155.0	114.0	117.0	114.0	103.0	114.0	108.0	113.0	121.0	97.0	102.0	114.0	100.0
379.768	98.0	142.0	94.0	112.0	136.0	108.0	110.0	148.0	109.0	117.0	116.0	108.0	111.0	104.0	104.0	112.0	91.0	100.0	116.0	98.0
379.88	101.0	140.0	97.0	114.0	144.0	111.0	109.0	147.0	107.0	123.0	110.0	108.0	115.0	104.0	103.0	112.0	97.0	104.0	113.0	97.0
379.991	101.0	146.0	98.0	116.0	146.0	118.0	122.0	161.0	123.0	120.0	115.0	108.0	114.0	110.0	112.0	111.0	99.0	103.0	119.0	104.0
380.102	101.0	139.0	103.0	114.0	137.0	115.0	110.0	164.0	121.0	124.0	115.0	104.0	119.0	102.0	108.0	120.0	100.0	102.0	114.0	96.0
380.213	96.0	139.0	104.0	108.0	145.0	103.0	113.0	148.0	112.0	122.0	108.0	106.0	109.0	106.0	100.0	115.0	100.0	102.0	105.0	94.0
380.325	101.0	145.0	104.0	113.0	142.0	109.0	110.0	147.0	113.0	115.0	113.0	103.0	104.0	103.0	102.0	116.0	97.0	106.0	112.0	99.0
380.436	106.0	141.0	102.0	111.0	143.0	112.0	104.0	156.0	116.0	119.0	118.0	103.0	103.0	102.0	108.0	116.0	102.0	102.0	116.0	104.0
380.547	105.0	146.0	103.0	119.0	142.0	114.0	118.0	155.0	118.0	124.0	105.0	107.0	110.0	104.0	113.0	110.0	105.0	98.0	109.0	106.0
380.659	108.0	143.0	102.0	113.0	148.0	119.0	120.0	164.0	122.0	128.0	107.0	104.0	110.0	115.0	111.0	117.0	105.0	102.0	113.0	106.0
380.77	110.0	143.0	115.0	122.0	158.0	128.0	122.0	168.0	122.0	134.0	106.0	114.0	126.0	120.0	119.0	129.0	109.0	121.0	115.0	107.0
380.881	113.0	139.0	108.0	132.0	159.0	130.0	124.0	174.0	132.0	137.0	117.0	113.0	129.0	123.0	129.0	138.0	118.0	122.0	117.0	117.0
380.993	118.0	160.0	104.0	122.0	148.0	126.0	122.0	180.0	124.0	124.0	117.0	112.0	124.0	125.0	124.0	131.0	110.0	116.0	116.0	117.0
381.104	121.0	149.0	115.0	124.0	149.0	130.0	126.0	177.0	137.0	142.0	105.0	116.0	128.0	125.0	124.0	132.0	111.0	116.0	112.0	112.0
381.215	107.0	148.0	104.0	113.0	146.0	114.0	120.0	163.0	119.0	128.0	113.0	109.0	117.0	108.0	115.0	127.0	105.0	112.0	118.0	102.0
381.327	111.0	142.0	99.0	124.0	150.0	118.0	115.0	164.0	125.0	128.0	116.0	113.0	108.0	121.0	115.0	123.0	107.0	111.0	114.0	107.0
381.438	127.0	160.0	113.0	124.0	148.0	133.0	129.0	176.0	118.0	137.0	112.0	117.0	122.0	125.0	126.0	138.0	113.0	109.0	118.0	109.0
381.549	117.0	159.0	111.0	124.0	150.0	129.0	129.0	178.0	132.0	140.0	110.0	111.0	130.0	127.0	123.0	125.0	123.0	114.0	116.0	115.0
381.661	119.0	154.0	113.0	132.0	157.0	135.0	132.0	170.0	136.0	143.0	108.0	116.0	127.0	121.0	123.0	124.0	114.0	120.0	112.0	107.0
381.772	121.0	142.0	111.0	115.0	153.0	119.0	125.0	161.0	119.0	128.0	114.0	113.0	120.0	112.0	115.0	117.0	108.0	107.0	115.0	108.0
381.883	116.0	155.0	115.0	123.0	159.0	126.0	133.0	175.0	127.0	127.0	115.0	112.0	119.0	124.0	126.0	124.0	111.0	111.0	118.0	112.0
381.995	138.0	156.0	116.0	122.0	161.0	127.0	137.0	185.0	124.0	140.0	109.0	117.0	123.0	130.0	121.0	134.0	115.0	119.0	109.0	112.0
382.106	120.0	146.0	109.0	116.0	152.0	123.0	125.0	165.0	122.0	141.0	118.0	112.0	124.0	124.0	127.0	132.0	111.0	123.0	118.0	117.0
382.218	129.0	146.0	108.0	138.0	164.0	138.0	120.0	177.0	145.0	153.0	113.0	122.0	142.0	137.0	134.0	141.0	126.0	130.0	122.0	123.0
382.329	117.0	144.0	106.0	128.0	162.0	129.0	121.0	170.0	137.0	134.0	109.0	112.0	127.0	122.0	121.0	123.0	118.0	124.0	110.0	109.0
382.44	112.0	151.0	105.0	119.0	156.0	127.0	122.0	165.0	125.0	129.0	110.0	112.0	123.0	113.0	117.0	124.0	111.0	111.0	109.0	110.0
382.552	108.0	149.0	101.0	119.0	150.0	118.0	121.0	156.0	119.0	130.0	105.0	108.0	119.0	110.0	119.0	123.0	106.0	105.0	116.0	100.0
382.663	115.0	145.0	109.0	124.0	148.0	132.0	128.0	172.0	132.0	133.0	110.0	114.0	124.0	116.0	119.0	124.0	113.0	115.0	114.0	108.0
382.775	116.0	144.0	110.0	120.0	163.0	132.0	123.0	180.0	134.0	138.0	119.0	120.0	134.0	131.0	141.0	133.0	126.0	124.0	120.0	121.0
382.886	119.0	147.0	110.0	127.0	155.0	132.0	131.0	180.0	133.0	146.0	113.0	116.0	132.0	123.0	133.0	130.0	117.0	122.0	111.0	111.0
382.997	118.0	153.0	116.0	136.0	163.0	138.0	132.0	185.0	143.0	148.0	104.0	120.0	145.0	130.0	136.0	137.0	121.0	124.0	114.0	123.0
383.109	107.0	139.0	110.0	124.0	157.0	126.0	121.0	166.0	127.0	140.0	117.0	113.0	127.0	117.0	120.0	128.0	118.0	116.0	117.0	117.0
383.22	102.0	143.0	101.0	119.0	154.0	122.0	120.0	157.0	121.0	132.0	118.0	111.0	115.0	117.0	115.0	122.0	108.0	112.0	126.0	115.0
383.332	102.0	143.0	111.0	120.0	142.0	122.0	116.0	164.0	127.0	128.0	113.0	117.0	122.0	118.0	113.0	126.0	107.0	109.0	117.0	112.0
383.443	129.0	163.0	110.0	126.0	157.0	123.0	136.0	173.0	128.0	138.0	121.0	123.0	128.0	126.0	123.0	133.0	117.0	120.0	122.0	118.0
383.554	116.0	151.0	112.0	127.0	156.0	123.0	119.0	165.0	126.0	140.0	116.0	122.0	121.0	114.0	122.0	123.0	106.0	114.0	111.0	102.0
383.666	105.0	145.0	103.0	117.0	147.0	120.0	114.0	164.0	115.0	124.0	118.0	104.0	119.0	112.0	109.0	127.0	111.0	106.0	116.0	105.0
383.777	99.0	145.0	96.0	121.0	149.0	113.0	116.0	159.0	114.0	125.0	113.0	107.0	116.0	106.0	108.0	115.0	103.0	100.0	110.0	102.0
383.889	99.0	146.0	104.0	122.0	147.0	117.0	119.0	166.0	122.0	125.0	115.0	112.0	119.0	115.0	111.0	118.0	99.0	109.0	108.0	102.0
384.0	108.0	141.0	108.0	121.0	152.0	118.0	120.0	168.0	122.0	135.0	117.0	114.0	115.0	112.0	119.0	126.0	107.0	111.0	123.0	110.0
384.112	109.0	149.0	111.0	126.0	147.0	125.0	122.0	174.0	124.0	131.0	117.0	110.0	119.0	116.0	124.0	126.0	115.0	111.0	118.0	113.0
384.223	104.0	150.0	107.0	118.0	151.0	125.0	118.0	168.0	119.0	138.0	120.0	108.0	123.0	111.0	119.0	116.0	108.0	104.0	111.0	101.0
384.335	108.0	149.0	111.0	127.0	156.0	116.0	124.0	163.0	127.0	132.0	109.0	115.0	128.0	116.0	113.0	128.0	109.0	107.0	118.0	104.0
384.446	114.0	155.0	113.0	127.0	157.0	126.0	120.0	168.0	129.0	133.0	118.0	115.0	121.0	119.0	115.0	122.0	112.0	112.0	118.0	107.0
384.558	110.0	151.0	108.0	125.0	157.0	119.0	124.0	174.0	121.0	139.0	117.0	114.0	117.0	114.0	118.0	122.0	104.0	114.0	119.0	112.0
384.669	106.0	152.0	113.0	132.0	162.0	130.0	126.0	177.0	134.0	129.0	119.0	116.0	136.0	121.0	129.0	130.0	118.0	122.0	117.0	122.0
384.78	117.0	154.0	120.0	145.0	172.0	142.0	132.0	185.0	146.0	154.0	107.0	124.0	147.0	134.0	137.0	137.0	131.0	133.0	114.0	123.0
384.892	113.0	143.0	112.0	130.0	159.0	132.0	123.0	176.0	127.0	143.0	113.0	116.0	126.0	126.0	126.0	132.0	113.0	124.0	115.0	112.0
385.003	140.0	173.0	128.0	150.0	175.0	153.0	146.0	196.0	147.0	167.0	144.0	136.0	148.0	146.0	154.0	148.0	138.0	141.0	140.0	139.0
385.115	117.0	152.0	117.0	133.0	160.0	133.0	130.0	182.0	138.0	147.0	111.0	119.0	132.0	128.0	136.0	126.0	128.0	123.0	116.0	120.0
385.226	116.0	154.0	114.0	135.0	163.0	126.0	123.0	180.0	138.0	149.0	103.0	121.0	137.0	127.0	124.0	133.0	127.0	130.0	118.0	116.0
385.338	114.0	154.0	114.0	133.0	159.0	128.0	132.0	176.0	132.0	146.0	111.0	124.0	133.0	127.0	126.0	134.0	112.0	125.0	115.0	116.0
385.449	143.0	172.0	142.0	146.0	179.0	155.0	149.0	207.0	152.0	167.0	128.0	135.0	158.0	151.0	154.0	153.0	140.0	150.0	134.0	136.0
385.561	107.0	144.0	113.0	123.0	153.0	124.0	122.0	180.0	126.0	140.0	118.0	109.0	127.0	124.0	124.0	124.0	114.0	114.0	121.0	110.0
385.672	123.0	157.0	120.0	131.0	164.0	134.0	130.0	184.0	138.0	150.0	118.0	118.0	137.0	121.0	132.0	129.0	126.0	127.0	112.0	122.0
385.784	113.0	152.0	113.0	124.0	159.0	130.0	124.0	175.0	138.0	144.0	113.0	117.0	136.0	120.0	129.0	127.0	113.0	123.0	117.0	119.0
385.895	109.0	141.0	110.0	126.0	148.0	126.0	120.0	168.0	128.0	138.0	117.0	111.0	124.0	121.0	134.0	132.0	117.0	116.0	125.0	114.0
386.007	117.0	150.0	117.0	133.0	165.0	142.0	132.0	181.0	140.0	150.0	116.0	123.0	141.0	132.0	143.0	140.0	130.0	126.0	113.0	121.0
386.118	113.0	148.0	114.0	128.0	168.0	136.0	127.0	186.0	140.0	150.0	117.0	120.0	145.0	127.0	132.0	131.0	129.0	130.0	119.0	125.0
386.23	117.0	152.0	121.0	143.0	171.0	145.0	137.0	190.0	157.0	161.0	109.0	125.0	147.0	142.0	150.0	143.0	138.0	141.0	115.0	127.0
386.342	114.0	157.0	122.0	135.0	172.0	148.0	137.0	191.0	145.0	156.0	113.0	125.0	146.0	135.0	148.0	134.0	140.0	139.0	117.0	127.0
386.453	105.0	140.0	110.0	121.0	163.0	129.0	126.0	175.0	129.0	136.0	110.0	112.0	130.0	124.0	134.0	125.0	112.0	121.0	115.0	110.0
386.565	113.0	153.0	111.0	128.0	156.0	132.0	123.0	177.0	134.0	142.0	110.0	118.0	128.0	119.0	125.0	121.0	120.0	116.0	107.0	109.0
386.676	122.0	152.0	113.0	127.0	168.0	133.0	131.0	182.0	141.0	144.0	113.0	117.0	137.0	124.0	130.0	126.0	127.0	125.0	112.0	110.0
386.788	112.0	146.0	108.0	127.0	160.0	129.0	120.0	177.0	134.0	140.0	116.0	120.0	128.0	122.0	132.0	127.0	118.0	121.0	114.0	119.0
386.899	109.0	152.0	109.0	127.0	161.0	139.0	125.0	184.0	143.0	149.0	115.0	123.0	144.0	127.0	143.0	138.0	132.0	128.0	115.0	119.0
387.011	109.0	147.0	101.0	129.0	153.0	128.0	126.0	170.0	133.0	136.0	109.0	117.0	130.0	115.0	133.0	121.0	118.0	116.0	110.0	113.0
387.122	118.0	145.0	112.0	127.0	150.0	128.0	125.0	178.0	130.0	143.0	106.0	123.0	128.0	124.0	128.0	122.0	119.0	115.0	113.0	109.0
387.234	109.0	145.0	107.0	123.0	144.0	120.0	117.0	172.0	125.0	139.0	117.0	114.0	125.0	122.0	123.0	129.0	116.0	116.0	121.0	108.0
387.345	141.0	175.0	140.0	147.0	184.0	158.0	142.0	194.0	155.0	163.0	144.0	140.0	160.0	152.0	151.0	150.0	146.0	141.0	140.0	136.0
387.457	114.0	148.0	110.0	134.0	169.0	141.0	130.0	179.0	138.0	145.0	115.0	121.0	144.0	130.0	136.0	136.0	134.0	132.0	111.0	121.0
387.569	138.0	161.0	135.0	160.0	200.0	165.0	158.0	213.0	182.0	185.0	109.0	140.0	182.0	163.0	175.0	166.0	179.0	170.0	126.0	163.0
387.68	147.0	161.0	145.0	165.0	218.0	186.0	160.0	229.0	192.0	199.0	115.0	153.0	191.0	177.0	200.0	168.0	186.0	184.0	123.0	172.0
387.792	115.0	153.0	117.0	136.0	176.0	146.0	139.0	198.0	153.0	155.0	122.0	128.0	152.0	148.0	151.0	143.0	140.0	137.0	120.0	129.0
387.903	99.0	146.0	110.0	116.0	144.0	127.0	117.0	164.0	124.0	133.0	112.0	113.0	120.0	110.0	121.0	121.0	111.0	105.0	115.0	112.0
388.015	118.0	147.0	112.0	129.0	154.0	125.0	123.0	170.0	134.0	134.0	107.0	114.0	130.0	127.0	121.0	128.0	108.0	111.0	113.0	108.0
388.127	109.0	145.0	104.0	119.0	150.0	115.0	119.0	161.0	118.0	124.0	110.0	109.0	120.0	115.0	115.0	119.0	105.0	107.0	116.0	102.0
388.238	108.0	138.0	98.0	110.0	145.0	120.0	119.0	162.0	112.0	132.0	116.0	105.0	114.0	113.0	119.0	112.0	102.0	110.0	115.0	101.0
388.35	101.0	140.0	106.0	116.0	144.0	113.0	115.0	158.0	112.0	121.0	117.0	105.0	119.0	107.0	111.0	114.0	102.0	107.0	113.0	100.0
388.461	99.0	139.0	100.0	110.0	140.0	120.0	113.0	151.0	106.0	117.0	110.0	103.0	116.0	99.0	111.0	113.0	104.0	101.0	114.0	100.0
388.573	110.0	139.0	103.0	121.0	143.0	114.0	116.0	161.0	125.0	131.0	110.0	107.0	108.0	104.0	114.0	108.0	100.0	103.0	115.0	100.0
388.685	98.0	140.0	97.0	109.0	145.0	117.0	113.0	157.0	116.0	127.0	117.0	112.0	109.0	103.0	109.0	116.0	99.0	108.0	117.0	97.0
388.796	110.0	145.0	102.0	125.0	142.0	123.0	129.0	167.0	125.0	132.0	120.0	118.0	118.0	119.0	120.0	127.0	110.0	114.0	115.0	110.0
388.908	112.0	149.0	108.0	120.0	159.0	130.0	127.0	169.0	137.0	140.0	108.0	125.0	130.0	117.0	127.0	132.0	119.0	119.0	119.0	115.0
389.019	105.0	141.0	102.0	115.0	153.0	124.0	123.0	160.0	128.0	137.0	107.0	116.0	117.0	117.0	113.0	113.0	108.0	108.0	118.0	103.0
389.131	98.0	143.0	96.0	117.0	145.0	118.0	123.0	164.0	126.0	126.0	110.0	111.0	116.0	114.0	110.0	116.0	105.0	107.0	120.0	104.0
389.243	100.0	139.0	109.0	123.0	154.0	124.0	125.0	174.0	136.0	133.0	111.0	118.0	119.0	123.0	124.0	124.0	120.0	116.0	113.0	115.0
389.354	143.0	162.0	128.0	165.0	199.0	181.0	157.0	221.0	185.0	191.0	112.0	161.0	184.0	165.0	185.0	174.0	175.0	162.0	115.0	164.0
389.466	195.0	193.0	163.0	218.0	264.0	281.0	220.0	315.0	263.0	286.0	121.0	232.0	288.0	255.0	299.0	254.0	289.0	266.0	127.0	244.0
389.578	130.0	156.0	120.0	149.0	183.0	171.0	154.0	207.0	164.0	172.0	115.0	148.0	167.0	164.0	172.0	156.0	164.0	154.0	109.0	141.0
389.689	102.0	144.0	100.0	118.0	145.0	123.0	127.0	173.0	126.0	137.0	119.0	121.0	121.0	110.0	120.0	125.0	117.0	111.0	116.0	114.0
389.801	112.0	150.0	119.0	145.0	166.0	150.0	135.0	189.0	156.0	157.0	116.0	125.0	157.0	142.0	147.0	145.0	134.0	138.0	123.0	134.0
389.912	120.0	159.0	124.0	144.0	180.0	155.0	142.0	189.0	158.0	173.0	119.0	128.0	154.0	138.0	156.0	146.0	131.0	146.0	126.0	133.0
390.024	100.0	144.0	105.0	114.0	148.0	118.0	120.0	165.0	121.0	133.0	118.0	111.0	124.0	114.0	117.0	122.0	105.0	106.0	117.0	110.0
390.136	95.0	141.0	99.0	113.0	142.0	119.0	112.0	153.0	113.0	120.0	117.0	106.0	108.0	105.0	108.0	111.0	102.0	103.0	112.0	104.0
390.247	98.0	136.0	103.0	112.0	148.0	112.0	119.0	155.0	113.0	126.0	113.0	107.0	116.0	108.0	104.0	102.0	98.0	100.0	108.0	101.0
390.359	98.0	136.0	99.0	114.0	138.0	108.0	107.0	150.0	110.0	119.0	113.0	103.0	108.0	100.0	104.0	109.0	96.0	103.0	114.0	93.0
390.471	98.0	134.0	98.0	112.0	146.0	127.0	116.0	156.0	118.0	126.0	109.0	108.0	114.0	108.0	112.0	117.0	103.0	106.0	112.0	110.0
390.582	110.0	141.0	101.0	123.0	151.0	132.0	124.0	176.0	126.0	132.0	118.0	120.0	127.0	118.0	126.0	126.0	119.0	113.0	116.0	111.0
390.694	150.0	162.0	126.0	173.0	209.0	200.0	165.0	239.0	188.0	214.0	110.0	181.0	211.0	175.0	211.0	200.0	197.0	190.0	113.0	181.0
390.806	142.0	164.0	126.0	168.0	202.0	195.0	162.0	226.0	180.0	202.0	118.0	165.0	195.0	184.0	200.0	179.0	177.0	176.0	121.0	163.0
390.918	111.0	144.0	105.0	127.0	170.0	140.0	130.0	174.0	138.0	151.0	113.0	126.0	137.0	136.0	137.0	130.0	120.0	132.0	117.0	116.0
391.029	109.0	150.0	112.0	115.0	149.0	129.0	126.0	175.0	121.0	138.0	117.0	119.0	121.0	119.0	118.0	124.0	112.0	115.0	110.0	114.0
391.141	97.0	147.0	104.0	112.0	142.0	111.0	118.0	159.0	115.0	128.0	113.0	110.0	118.0	116.0	108.0	119.0	101.0	100.0	108.0	104.0
391.253	103.0	142.0	102.0	112.0	136.0	111.0	118.0	159.0	119.0	123.0	115.0	116.0	114.0	100.0	108.0	115.0	98.0	104.0	117.0	102.0
391.364	106.0	137.0	106.0	116.0	141.0	114.0	112.0	156.0	110.0	126.0	110.0	115.0	108.0	108.0	112.0	107.0	97.0	103.0	117.0	101.0
391.476	105.0	144.0	104.0	118.0	154.0	117.0	122.0	160.0	121.0	126.0	115.0	114.0	120.0	112.0	118.0	121.0	107.0	104.0	115.0	111.0
391.588	102.0	139.0	103.0	113.0	146.0	118.0	123.0	160.0	124.0	125.0	108.0	107.0	117.0	111.0	110.0	112.0	100.0	103.0	108.0	108.0
391.699	101.0	142.0	109.0	106.0	140.0	118.0	109.0	151.0	119.0	120.0	114.0	106.0	104.0	105.0	105.0	114.0	100.0	103.0	110.0	96.0
391.811	120.0	149.0	114.0	129.0	169.0	137.0	140.0	174.0	143.0	153.0	112.0	129.0	133.0	130.0	133.0	134.0	128.0	123.0	120.0	121.0
391.923	104.0	142.0	104.0	115.0	153.0	127.0	125.0	172.0	124.0	135.0	115.0	115.0	117.0	117.0	124.0	120.0	110.0	110.0	111.0	106.0
392.035	96.0	141.0	98.0	107.0	147.0	105.0	118.0	163.0	119.0	125.0	114.0	114.0	115.0	104.0	103.0	115.0	106.0	102.0	113.0	108.0
392.146	100.0	148.0	101.0	115.0	142.0	109.0	109.0	157.0	116.0	122.0	116.0	110.0	111.0	108.0	102.0	113.0	96.0	98.0	120.0	95.0
392.258	108.0	151.0	108.0	114.0	149.0	118.0	124.0	157.0	117.0	137.0	122.0	114.0	118.0	121.0	119.0	119.0	110.0	121.0	125.0	110.0
392.37	130.0	158.0	124.0	136.0	172.0	146.0	140.0	188.0	144.0	154.0	129.0	130.0	145.0	137.0	145.0	136.0	132.0	119.0	129.0	131.0
392.481	104.0	140.0	95.0	114.0	136.0	114.0	117.0	164.0	120.0	125.0	112.0	114.0	120.0	107.0	113.0	118.0	108.0	106.0	113.0	104.0
392.593	107.0	141.0	106.0	109.0	147.0	121.0	121.0	164.0	122.0	138.0	113.0	114.0	119.0	110.0	107.0	125.0	115.0	108.0	114.0	103.0
392.705	118.0	152.0	109.0	138.0	178.0	136.0	138.0	180.0	135.0	174.0	122.0	126.0	140.0	141.0	150.0	166.0	128.0	149.0	121.0	129.0
392.817	115.0	158.0	112.0	130.0	167.0	134.0	130.0	189.0	128.0	148.0	111.0	122.0	131.0	125.0	134.0	141.0	123.0	140.0	107.0	120.0
392.928	101.0	148.0	101.0	109.0	141.0	123.0	116.0	159.0	114.0	120.0	113.0	106.0	114.0	110.0	103.0	122.0	102.0	113.0	110.0	105.0
393.04	100.0	141.0	104.0	105.0	143.0	108.0	113.0	146.0	113.0	118.0	115.0	109.0	112.0	100.0	108.0	114.0	96.0	100.0	120.0	97.0
393.152	100.0	137.0	97.0	112.0	138.0	104.0	110.0	145.0	110.0	115.0	111.0	102.0	107.0	106.0	102.0	109.0	97.0	99.0	122.0	95.0
393.264	98.0	134.0	91.0	106.0	134.0	106.0	104.0	144.0	104.0	114.0	106.0	97.0	101.0	99.0	99.0	106.0	88.0	91.0	110.0	89.0
393.375	89.0	136.0	94.0	101.0	129.0	95.0	103.0	144.0	99.0	108.0	113.0	94.0	103.0	90.0	93.0	104.0	90.0	93.0	114.0	95.0
393.487	98.0	133.0	96.0	102.0	136.0	100.0	103.0	144.0	107.0	113.0	111.0	100.0	98.0	101.0	97.0	104.0	85.0	102.0	110.0	87.0
393.599	97.0	134.0	99.0	106.0	137.0	106.0	106.0	140.0	106.0	110.0	113.0	96.0	97.0	95.0	95.0	111.0	89.0	95.0	116.0	85.0
393.711	106.0	139.0	96.0	111.0	140.0	108.0	108.0	152.0	110.0	110.0	109.0	105.0	116.0	113.0	106.0	117.0	100.0	105.0	113.0	99.0
393.823	110.0	137.0	98.0	104.0	135.0	101.0	112.0	151.0	109.0	114.0	112.0	100.0	107.0	111.0	103.0	117.0	102.0	107.0	112.0	100.0
393.934	105.0	138.0	94.0	106.0	139.0	101.0	109.0	145.0	109.0	111.0	106.0	101.0	110.0	97.0	98.0	105.0	93.0	97.0	114.0	96.0
394.046	98.0	134.0	101.0	110.0	144.0	104.0	115.0	149.0	109.0	117.0	114.0	104.0	117.0	109.0	105.0	112.0	101.0	105.0	112.0	103.0
394.158	110.0	151.0	110.0	126.0	168.0	147.0	133.0	177.0	130.0	152.0	118.0	122.0	144.0	133.0	145.0	140.0	126.0	128.0	120.0	129.0
394.27	117.0	154.0	115.0	138.0	157.0	148.0	144.0	187.0	142.0	152.0	118.0	124.0	135.0	138.0	143.0	139.0	130.0	125.0	114.0	128.0
394.381	99.0	140.0	99.0	106.0	133.0	110.0	114.0	158.0	109.0	114.0	114.0	102.0	108.0	105.0	107.0	115.0	101.0	101.0	115.0	101.0
394.493	93.0	129.0	88.0	100.0	130.0	108.0	104.0	135.0	106.0	103.0	105.0	101.0	103.0	95.0	98.0	99.0	88.0	94.0	115.0	90.0
394.605	90.0	130.0	93.0	100.0	134.0	102.0	103.0	138.0	102.0	104.0	105.0	94.0	99.0	93.0	98.0	104.0	89.0	90.0	113.0	98.0
394.717	126.0	160.0	124.0	128.0	163.0	129.0	134.0	176.0	128.0	133.0	146.0	127.0	132.0	130.0	129.0	132.0	122.0	126.0	134.0	121.0
394.829	101.0	138.0	97.0	104.0	135.0	99.0	109.0	143.0	111.0	113.0	119.0	102.0	106.0	100.0	100.0	113.0	95.0	101.0	112.0	93.0
394.94	115.0	148.0	110.0	132.0	165.0	134.0	127.0	168.0	133.0	149.0	117.0	119.0	130.0	128.0	134.0	134.0	123.0	119.0	114.0	122.0
395.052	118.0	146.0	111.0	129.0	163.0	141.0	127.0	177.0	137.0	147.0	117.0	125.0	133.0	134.0	140.0	138.0	126.0	122.0	108.0	115.0
395.164	122.0	154.0	120.0	148.0	164.0	155.0	142.0	189.0	151.0	168.0	121.0	126.0	154.0	141.0	146.0	149.0	135.0	134.0	116.0	132.0
395.276	107.0	153.0	113.0	129.0	151.0	126.0	133.0	171.0	133.0	138.0	111.0	117.0	127.0	119.0	128.0	127.0	114.0	119.0	121.0	111.0
395.388	111.0	142.0	101.0	114.0	141.0	110.0	115.0	146.0	114.0	122.0	112.0	105.0	112.0	106.0	112.0	116.0	95.0	112.0	114.0	100.0
395.5	124.0	137.0	100.0	107.0	143.0	114.0	117.0	157.0	111.0	125.0	113.0	102.0	124.0	125.0	112.0	136.0	109.0	122.0	116.0	107.0
395.611	119.0	141.0	101.0	115.0	147.0	122.0	122.0	162.0	118.0	127.0	112.0	108.0	130.0	123.0	117.0	134.0	112.0	119.0	108.0	119.0
395.723	108.0	142.0	101.0	123.0	149.0	115.0	122.0	159.0	120.0	125.0	115.0	111.0	118.0	113.0	112.0	125.0	107.0	110.0	116.0	111.0
395.835	98.0	132.0	98.0	109.0	136.0	111.0	119.0	146.0	109.0	117.0	113.0	103.0	105.0	104.0	107.0	110.0	97.0	105.0	110.0	99.0
395.947	94.0	135.0	95.0	106.0	131.0	103.0	102.0	143.0	104.0	109.0	110.0	96.0	100.0	99.0	100.0	110.0	93.0	96.0	112.0	94.0
396.059	92.0	138.0	92.0	97.0	130.0	99.0	103.0	141.0	100.0	109.0	120.0	96.0	104.0	95.0	98.0	108.0	90.0	87.0	112.0	89.0
396.171	105.0	146.0	104.0	113.0	147.0	118.0	118.0	161.0	113.0	134.0	124.0	117.0	112.0	113.0	115.0	128.0	104.0	112.0	122.0	108.0
396.282	96.0	133.0	95.0	105.0	138.0	97.0	97.0	145.0	97.0	118.0	106.0	107.0	104.0	96.0	99.0	113.0	88.0	104.0	120.0	91.0
396.394	95.0	131.0	94.0	104.0	132.0	98.0	97.0	144.0	99.0	113.0	116.0	99.0	98.0	100.0	102.0	107.0	84.0	95.0	117.0	94.0
396.506	91.0	132.0	97.0	104.0	132.0	103.0	102.0	138.0	99.0	104.0	113.0	99.0	99.0	98.0	96.0	108.0	90.0	92.0	112.0	97.0
396.618	88.0	127.0	92.0	98.0	129.0	101.0	106.0	137.0	98.0	102.0	107.0	101.0	91.0	91.0	87.0	99.0	89.0	90.0	109.0	94.0
396.73	92.0	131.0	94.0	105.0	137.0	98.0	104.0	138.0	98.0	112.0	113.0	103.0	97.0	93.0	99.0	103.0	95.0	94.0	119.0	90.0
396.842	88.0	134.0	93.0	92.0	134.0	97.0	98.0	132.0	94.0	103.0	108.0	93.0	97.0	93.0	92.0	88.0	86.0	90.0	116.0	86.0
396.954	90.0	127.0	85.0	93.0	125.0	91.0	100.0	134.0	103.0	109.0	110.0	94.0	100.0	97.0	86.0	106.0	88.0	89.0	114.0	93.0
397.065	97.0	138.0	95.0	101.0	131.0	101.0	103.0	138.0	98.0	103.0	109.0	99.0	102.0	94.0	98.0	103.0	92.0	95.0	116.0	97.0
397.177	98.0	124.0	95.0	104.0	128.0	96.0	100.0	135.0	101.0	103.0	109.0	96.0	97.0	98.0	92.0	97.0	91.0	91.0	119.0	92.0
397.289	90.0	124.0	88.0	97.0	132.0	94.0	98.0	133.0	100.0	100.0	105.0	94.0	96.0	93.0	97.0	98.0	82.0	99.0	118.0	86.0
397.401	95.0	130.0	96.0	102.0	134.0	106.0	106.0	146.0	103.0	109.0	113.0	101.0	104.0	99.0	100.0	113.0	94.0	96.0	114.0	95.0
397.513	106.0	145.0	109.0	129.0	159.0	128.0	120.0	169.0	128.0	141.0	116.0	120.0	134.0	118.0	119.0	136.0	116.0	119.0	118.0	118.0
397.625	112.0	138.0	102.0	119.0	148.0	125.0	121.0	157.0	130.0	131.0	110.0	112.0	120.0	115.0	122.0	127.0	113.0	108.0	112.0	107.0
397.737	101.0	133.0	87.0	107.0	134.0	105.0	98.0	137.0	106.0	106.0	108.0	97.0	96.0	102.0	105.0	104.0	90.0	100.0	116.0	102.0
397.849	89.0	132.0	92.0	98.0	129.0	104.0	102.0	140.0	98.0	109.0	113.0	93.0	98.0	96.0	96.0	106.0	95.0	96.0	112.0	96.0
397.961	98.0	132.0	91.0	96.0	129.0	99.0	96.0	139.0	96.0	110.0	113.0	98.0	101.0	100.0	96.0	103.0	87.0	93.0	117.0	100.0
398.072	96.0	135.0	98.0	100.0	132.0	104.0	101.0	139.0	102.0	108.0	110.0	94.0	102.0	103.0	93.0	109.0	94.0	93.0	117.0	94.0
398.184	93.0	135.0	94.0	108.0	135.0	103.0	106.0	139.0	109.0	111.0	107.0	104.0	101.0	100.0	105.0	109.0	92.0	104.0	117.0	94.0
398.296	106.0	146.0	115.0	133.0	166.0	135.0	126.0	170.0	134.0	147.0	117.0	121.0	127.0	120.0	130.0	133.0	125.0	119.0	109.0	121.0
398.408	106.0	140.0	100.0	118.0	146.0	122.0	111.0	159.0	120.0	127.0	110.0	111.0	118.0	115.0	110.0	118.0	110.0	105.0	114.0	113.0
398.52	94.0	131.0	95.0	103.0	129.0	98.0	105.0	144.0	110.0	101.0	109.0	98.0	97.0	93.0	98.0	109.0	92.0	93.0	115.0	96.0
398.632	97.0	125.0	92.0	105.0	136.0	96.0	100.0	146.0	97.0	112.0	112.0	96.0	99.0	95.0	96.0	107.0	88.0	95.0	114.0	96.0
398.744	93.0	135.0	92.0	99.0	132.0	100.0	100.0	140.0	106.0	108.0	106.0	95.0	102.0	102.0	98.0	102.0	87.0	94.0	116.0	88.0
398.856	124.0	158.0	115.0	127.0	150.0	125.0	126.0	177.0	127.0	138.0	133.0	124.0	126.0	114.0	118.0	132.0	112.0	114.0	129.0	118.0
398.968	106.0	144.0	107.0	104.0	137.0	105.0	106.0	147.0	103.0	119.0	104.0	106.0	100.0	98.0	99.0	119.0	101.0	97.0	112.0	96.0
399.08	112.0	141.0	114.0	118.0	150.0	125.0	115.0	161.0	120.0	133.0	119.0	113.0	123.0	110.0	115.0	122.0	109.0	110.0	120.0	106.0
399.192	113.0	152.0	111.0	137.0	158.0	141.0	132.0	172.0	134.0	145.0	123.0	115.0	136.0	129.0	133.0	141.0	121.0	127.0	120.0	117.0
399.304	106.0	140.0	104.0	121.0	149.0	123.0	117.0	165.0	125.0	132.0	111.0	117.0	124.0	118.0	120.0	121.0	119.0	111.0	109.0	110.0
399.415	102.0	138.0	98.0	114.0	139.0	98.0	115.0	146.0	114.0	111.0	116.0	103.0	112.0	94.0	102.0	112.0	100.0	104.0	125.0	103.0
399.527	88.0	127.0	92.0	95.0	129.0	92.0	93.0	134.0	96.0	108.0	113.0	92.0	85.0	90.0	90.0	99.0	89.0	90.0	120.0	88.0
399.639	95.0	129.0	88.0	98.0	130.0	104.0	96.0	137.0	99.0	107.0	102.0	89.0	103.0	92.0	99.0	101.0	88.0	93.0	113.0	94.0
399.751	95.0	130.0	86.0	94.0	128.0	101.0	98.0	137.0	106.0	98.0	113.0	92.0	106.0	98.0	96.0	107.0	87.0	93.0	116.0	87.0
399.863	86.0	125.0	89.0	99.0	125.0	95.0	101.0	133.0	94.0	98.0	100.0	91.0	92.0	91.0	94.0	104.0	95.0	89.0	113.0	93.0
399.975	86.0	127.0	92.0	99.0	119.0	92.0	94.0	128.0	92.0	99.0	108.0	90.0	88.0	92.0	93.0	105.0	85.0	93.0	115.0	84.0
400.087	84.0	131.0	96.0	97.0	129.0	98.0	99.0	136.0	94.0	100.0	112.0	94.0	94.0	95.0	90.0	108.0	88.0	95.0	108.0	93.0
400.199	95.0	128.0	87.0	106.0	132.0	100.0	105.0	137.0	100.0	99.0	111.0	93.0	102.0	106.0	103.0	111.0	92.0	93.0	112.0	94.0
400.311	101.0	137.0	94.0	109.0	141.0	110.0	111.0	151.0	113.0	118.0	111.0	105.0	113.0	105.0	107.0	119.0	104.0	99.0	114.0	98.0
400.423	99.0	120.0	90.0	100.0	127.0	94.0	102.0	132.0	97.0	100.0	106.0	88.0	101.0	94.0	98.0	104.0	91.0	86.0	113.0	90.0
400.535	85.0	119.0	91.0	93.0	125.0	94.0	100.0	134.0	97.0	101.0	106.0	96.0	95.0	92.0	98.0	98.0	92.0	87.0	108.0	91.0
