λ(nm)	Spec1	Spec2	Spec3	Spec4	Spec5	Spec6	Spec7	Spec8	Spec9	Spec10	Spec11	Spec12	Spec13	Spec14	Spec15	Spec16	Spec17	Spec18	Spec19	Spec20
187.98	70.0	100.0	64.0	69.0	106.0	66.0	74.0	104.0	63.0	74.0	103.0	73.0	79.0	104.0	68.0	72.0	68.0	70.0	81.0	77.0
188.07	72.0	98.0	71.0	74.0	102.0	69.0	65.0	95.0	68.0	73.0	107.0	67.0	76.0	107.0	69.0	72.0	70.0	70.0	80.0	72.0
188.161	69.0	101.0	68.0	69.0	106.0	72.0	64.0	102.0	73.0	77.0	111.0	70.0	73.0	103.0	64.0	70.0	73.0	72.0	73.0	68.0
188.252	74.0	99.0	69.0	73.0	108.0	66.0	72.0	97.0	71.0	73.0	107.0	75.0	71.0	103.0	66.0	72.0	72.0	73.0	74.0	69.0
188.343	75.0	103.0	69.0	72.0	107.0	68.0	72.0	94.0	68.0	76.0	113.0	71.0	70.0	104.0	66.0	70.0	70.0	71.0	73.0	68.0
188.434	70.0	105.0	65.0	72.0	104.0	66.0	70.0	100.0	75.0	75.0	104.0	74.0	74.0	101.0	72.0	69.0	69.0	70.0	78.0	77.0
188.525	248.0	268.0	240.0	246.0	269.0	234.0	230.0	270.0	235.0	245.0	279.0	226.0	248.0	264.0	234.0	248.0	246.0	230.0	251.0	244.0
188.615	82.0	110.0	81.0	88.0	117.0	77.0	83.0	103.0	78.0	89.0	114.0	78.0	84.0	119.0	84.0	83.0	83.0	85.0	86.0	84.0
188.706	77.0	108.0	74.0	73.0	108.0	63.0	74.0	100.0	73.0	78.0	107.0	71.0	75.0	106.0	72.0	74.0	65.0	70.0	80.0	76.0
188.797	74.0	107.0	70.0	77.0	105.0	68.0	68.0	107.0	79.0	74.0	107.0	77.0	77.0	105.0	72.0	71.0	69.0	74.0	85.0	74.0
188.888	72.0	100.0	74.0	72.0	103.0	72.0	69.0	106.0	75.0	77.0	101.0	72.0	75.0	104.0	70.0	75.0	72.0	74.0	80.0	70.0
188.979	71.0	104.0	72.0	81.0	111.0	68.0	75.0	96.0	68.0	74.0	107.0	73.0	80.0	101.0	68.0	72.0	79.0	73.0	75.0	73.0
189.07	78.0	102.0	65.0	75.0	107.0	72.0	77.0	99.0	72.0	74.0	105.0	72.0	67.0	105.0	77.0	69.0	69.0	75.0	81.0	75.0
189.161	71.0	95.0	67.0	71.0	100.0	68.0	69.0	100.0	72.0	78.0	108.0	64.0	77.0	104.0	74.0	70.0	74.0	74.0	80.0	73.0
189.252	74.0	106.0	75.0	78.0	106.0	74.0	78.0	103.0	79.0	76.0	110.0	66.0	73.0	104.0	72.0	79.0	72.0	67.0	84.0	73.0
189.343	70.0	102.0	72.0	75.0	108.0	71.0	71.0	97.0	69.0	70.0	107.0	70.0	77.0	110.0	75.0	77.0	76.0	67.0	83.0	74.0
189.434	75.0	97.0	68.0	78.0	105.0	66.0	75.0	102.0	62.0	71.0	105.0	69.0	70.0	108.0	72.0	74.0	70.0	71.0	77.0	74.0
189.525	72.0	101.0	72.0	76.0	104.0	65.0	71.0	97.0	69.0	77.0	103.0	71.0	78.0	103.0	65.0	70.0	73.0	71.0	80.0	75.0
189.616	72.0	100.0	73.0	74.0	104.0	70.0	72.0	101.0	71.0	80.0	104.0	67.0	71.0	107.0	68.0	73.0	68.0	74.0	81.0	68.0
189.708	74.0	101.0	72.0	72.0	107.0	73.0	69.0	100.0	74.0	71.0	104.0	66.0	80.0	111.0	72.0	75.0	74.0	75.0	79.0	73.0
189.799	74.0	109.0	69.0	75.0	106.0	75.0	76.0	97.0	66.0	71.0	104.0	71.0	79.0	101.0	68.0	79.0	68.0	69.0	81.0	73.0
189.89	69.0	104.0	71.0	80.0	105.0	69.0	73.0	103.0	70.0	77.0	104.0	73.0	70.0	102.0	67.0	69.0	68.0	71.0	81.0	74.0
189.981	69.0	101.0	68.0	79.0	105.0	66.0	75.0	102.0	72.0	75.0	102.0	69.0	74.0	98.0	70.0	73.0	70.0	70.0	82.0	76.0
190.072	81.0	104.0	81.0	85.0	112.0	78.0	76.0	110.0	81.0	80.0	113.0	77.0	85.0	112.0	80.0	78.0	77.0	74.0	88.0	81.0
190.163	76.0	98.0	71.0	74.0	109.0	66.0	79.0	107.0	68.0	73.0	101.0	78.0	72.0	105.0	69.0	73.0	71.0	73.0	79.0	80.0
190.255	73.0	102.0	70.0	73.0	102.0	73.0	73.0	102.0	74.0	71.0	103.0	73.0	69.0	101.0	73.0	71.0	61.0	72.0	82.0	73.0
190.346	74.0	104.0	80.0	69.0	106.0	70.0	72.0	104.0	78.0	77.0	108.0	79.0	78.0	101.0	66.0	72.0	68.0	71.0	80.0	66.0
190.437	75.0	100.0	72.0	68.0	106.0	74.0	69.0	98.0	69.0	74.0	110.0	77.0	77.0	101.0	73.0	74.0	73.0	69.0	77.0	75.0
190.528	74.0	105.0	71.0	76.0	112.0	73.0	76.0	98.0	73.0	81.0	105.0	79.0	84.0	107.0	75.0	78.0	68.0	78.0	87.0	79.0
190.62	65.0	109.0	71.0	78.0	106.0	75.0	79.0	102.0	71.0	78.0	110.0	78.0	77.0	106.0	72.0	73.0	75.0	73.0	84.0	75.0
190.711	71.0	102.0	69.0	78.0	112.0	76.0	74.0	107.0	75.0	76.0	105.0	78.0	77.0	103.0	73.0	70.0	69.0	69.0	85.0	72.0
190.802	77.0	99.0	74.0	75.0	109.0	77.0	72.0	97.0	76.0	74.0	110.0	76.0	76.0	104.0	70.0	70.0	72.0	73.0	82.0	71.0
190.894	81.0	108.0	75.0	79.0	109.0	68.0	80.0	104.0	72.0	76.0	103.0	73.0	73.0	101.0	69.0	78.0	71.0	75.0	78.0	75.0
190.985	72.0	102.0	73.0	72.0	109.0	67.0	75.0	100.0	73.0	76.0	104.0	75.0	69.0	104.0	70.0	76.0	71.0	67.0	80.0	71.0
191.076	76.0	107.0	71.0	75.0	107.0	71.0	73.0	98.0	79.0	82.0	103.0	73.0	74.0	105.0	72.0	77.0	76.0	71.0	83.0	74.0
191.168	74.0	102.0	75.0	72.0	105.0	71.0	67.0	97.0	69.0	78.0	109.0	69.0	76.0	102.0	70.0	69.0	74.0	71.0	76.0	72.0
191.259	83.0	106.0	76.0	82.0	118.0	81.0	86.0	108.0	76.0	81.0	113.0	84.0	86.0	113.0	78.0	84.0	77.0	83.0	87.0	82.0
191.35	67.0	97.0	67.0	79.0	103.0	66.0	72.0	99.0	72.0	78.0	109.0	75.0	75.0	111.0	73.0	70.0	66.0	72.0	79.0	73.0
191.442	72.0	101.0	74.0	80.0	112.0	70.0	70.0	100.0	74.0	81.0	110.0	72.0	71.0	99.0	72.0	70.0	70.0	68.0	80.0	74.0
191.533	79.0	98.0	76.0	81.0	105.0	74.0	77.0	101.0	74.0	80.0	108.0	70.0	80.0	107.0	71.0	76.0	74.0	68.0	86.0	77.0
191.625	73.0	101.0	70.0	76.0	111.0	70.0	82.0	106.0	73.0	87.0	104.0	69.0	78.0	104.0	77.0	75.0	73.0	76.0	78.0	76.0
191.716	77.0	102.0	71.0	82.0	106.0	71.0	80.0	102.0	71.0	81.0	104.0	74.0	74.0	105.0	68.0	78.0	63.0	72.0	87.0	80.0
191.808	72.0	109.0	73.0	71.0	101.0	71.0	69.0	102.0	74.0	78.0	112.0	74.0	73.0	101.0	70.0	75.0	66.0	72.0	87.0	74.0
191.899	76.0	98.0	75.0	69.0	106.0	71.0	70.0	105.0	74.0	74.0	113.0	72.0	77.0	103.0	75.0	74.0	70.0	77.0	77.0	70.0
191.991	81.0	104.0	73.0	78.0	110.0	73.0	75.0	98.0	74.0	75.0	104.0	74.0	75.0	102.0	70.0	74.0	71.0	72.0	80.0	74.0
192.082	73.0	102.0	72.0	78.0	102.0	69.0	70.0	97.0	72.0	72.0	104.0	72.0	79.0	97.0	68.0	73.0	65.0	73.0	84.0	74.0
192.174	71.0	108.0	78.0	77.0	104.0	77.0	73.0	108.0	75.0	73.0	107.0	75.0	78.0	103.0	72.0	78.0	75.0	73.0	88.0	80.0
192.266	74.0	98.0	70.0	74.0	102.0	73.0	73.0	93.0	75.0	73.0	106.0	71.0	79.0	107.0	69.0	77.0	68.0	70.0	84.0	75.0
192.357	78.0	109.0	75.0	81.0	110.0	76.0	79.0	100.0	80.0	82.0	115.0	81.0	81.0	113.0	73.0	85.0	78.0	79.0	87.0	72.0
192.449	72.0	108.0	72.0	77.0	104.0	68.0	75.0	98.0	65.0	73.0	110.0	75.0	73.0	103.0	76.0	74.0	66.0	74.0	83.0	71.0
192.541	70.0	101.0	80.0	75.0	103.0	66.0	73.0	97.0	77.0	68.0	108.0	72.0	73.0	107.0	75.0	71.0	68.0	66.0	78.0	69.0
192.632	73.0	101.0	78.0	75.0	107.0	72.0	69.0	106.0	71.0	81.0	102.0	71.0	83.0	102.0	73.0	74.0	74.0	73.0	79.0	69.0
192.724	77.0	106.0	72.0	79.0	116.0	66.0	74.0	98.0	74.0	71.0	102.0	70.0	74.0	106.0	72.0	74.0	72.0	72.0	81.0	72.0
192.816	70.0	100.0	66.0	73.0	107.0	72.0	72.0	102.0	72.0	70.0	105.0	72.0	72.0	106.0	64.0	66.0	69.0	76.0	85.0	75.0
192.907	76.0	110.0	77.0	80.0	103.0	77.0	74.0	108.0	74.0	78.0	108.0	76.0	79.0	103.0	74.0	73.0	72.0	76.0	84.0	78.0
192.999	77.0	102.0	76.0	73.0	109.0	72.0	77.0	100.0	73.0	78.0	108.0	72.0	79.0	104.0	70.0	78.0	74.0	70.0	79.0	76.0
193.091	70.0	103.0	73.0	71.0	108.0	68.0	78.0	100.0	70.0	73.0	110.0	79.0	70.0	113.0	70.0	75.0	75.0	77.0	77.0	73.0
193.183	72.0	101.0	70.0	75.0	109.0	68.0	70.0	100.0	67.0	77.0	99.0	75.0	72.0	105.0	73.0	73.0	63.0	75.0	82.0	75.0
193.274	72.0	106.0	71.0	73.0	100.0	75.0	75.0	103.0	70.0	80.0	105.0	74.0	71.0	104.0	74.0	77.0	74.0	74.0	80.0	75.0
193.366	76.0	104.0	74.0	72.0	105.0	72.0	73.0	103.0	75.0	75.0	109.0	59.0	76.0	103.0	71.0	78.0	72.0	70.0	77.0	68.0
193.458	75.0	108.0	69.0	75.0	108.0	72.0	72.0	100.0	70.0	76.0	109.0	70.0	78.0	104.0	76.0	75.0	69.0	75.0	80.0	73.0
193.55	71.0	106.0	68.0	71.0	109.0	75.0	77.0	104.0	72.0	75.0	109.0	71.0	76.0	106.0	64.0	70.0	71.0	79.0	88.0	76.0
193.642	70.0	101.0	76.0	74.0	104.0	70.0	75.0	102.0	69.0	72.0	104.0	72.0	75.0	98.0	66.0	71.0	72.0	76.0	81.0	69.0
193.734	78.0	104.0	76.0	75.0	110.0	70.0	73.0	101.0	76.0	75.0	114.0	74.0	77.0	113.0	72.0	76.0	74.0	78.0	87.0	72.0
193.825	76.0	102.0	71.0	74.0	108.0	65.0	74.0	105.0	67.0	75.0	112.0	73.0	75.0	101.0	69.0	76.0	72.0	73.0	79.0	75.0
193.917	71.0	97.0	64.0	70.0	104.0	68.0	73.0	99.0	71.0	74.0	104.0	70.0	74.0	104.0	66.0	78.0	66.0	75.0	81.0	74.0
194.009	75.0	104.0	73.0	78.0	109.0	78.0	78.0	107.0	79.0	78.0	106.0	78.0	77.0	106.0	76.0	76.0	73.0	74.0	81.0	77.0
194.101	75.0	103.0	74.0	71.0	108.0	71.0	68.0	103.0	73.0	78.0	105.0	67.0	69.0	103.0	72.0	76.0	72.0	75.0	80.0	70.0
194.193	69.0	97.0	79.0	83.0	106.0	72.0	70.0	103.0	72.0	75.0	110.0	66.0	72.0	104.0	69.0	78.0	72.0	77.0	82.0	78.0
194.285	65.0	101.0	69.0	77.0	106.0	67.0	69.0	102.0	72.0	76.0	106.0	72.0	74.0	104.0	71.0	68.0	68.0	73.0	89.0	75.0
194.377	72.0	103.0	70.0	75.0	108.0	71.0	71.0	108.0	75.0	78.0	108.0	73.0	80.0	102.0	71.0	76.0	71.0	69.0	84.0	73.0
194.469	75.0	103.0	68.0	73.0	102.0	70.0	74.0	104.0	71.0	76.0	106.0	72.0	82.0	108.0	73.0	75.0	73.0	72.0	85.0	79.0
194.561	75.0	104.0	73.0	74.0	103.0	71.0	76.0	108.0	70.0	72.0	112.0	75.0	75.0	104.0	77.0	79.0	70.0	73.0	84.0	75.0
194.653	72.0	105.0	69.0	79.0	107.0	69.0	74.0	107.0	73.0	72.0	107.0	72.0	69.0	103.0	71.0	76.0	70.0	71.0	83.0	76.0
194.745	76.0	106.0	72.0	77.0	107.0	70.0	71.0	98.0	76.0	79.0	108.0	74.0	77.0	105.0	73.0	75.0	72.0	75.0	79.0	78.0
194.837	71.0	104.0	72.0	75.0	103.0	70.0	73.0	105.0	70.0	75.0	102.0	76.0	79.0	102.0	73.0	70.0	72.0	74.0	84.0	74.0
194.929	75.0	100.0	70.0	78.0	104.0	72.0	73.0	104.0	70.0	70.0	108.0	76.0	73.0	104.0	69.0	80.0	67.0	71.0	78.0	78.0
195.022	79.0	100.0	65.0	77.0	112.0	69.0	77.0	101.0	72.0	73.0	103.0	74.0	81.0	108.0	73.0	73.0	74.0	75.0	85.0	76.0
195.114	68.0	103.0	70.0	78.0	108.0	73.0	77.0	100.0	72.0	75.0	107.0	72.0	79.0	105.0	68.0	70.0	68.0	72.0	79.0	74.0
195.206	75.0	102.0	72.0	75.0	105.0	71.0	71.0	107.0	75.0	81.0	110.0	78.0	76.0	105.0	75.0	73.0	73.0	65.0	84.0	72.0
195.298	77.0	104.0	78.0	75.0	106.0	72.0	71.0	95.0	67.0	76.0	110.0	70.0	78.0	106.0	72.0	77.0	70.0	69.0	89.0	76.0
195.39	76.0	99.0	76.0	78.0	110.0	64.0	76.0	106.0	72.0	80.0	100.0	77.0	70.0	112.0	76.0	76.0	73.0	81.0	84.0	80.0
195.482	72.0	110.0	72.0	79.0	102.0	69.0	77.0	102.0	73.0	77.0	100.0	75.0	74.0	105.0	76.0	78.0	70.0	70.0	75.0	75.0
195.575	73.0	99.0	77.0	70.0	108.0	76.0	73.0	107.0	71.0	77.0	110.0	71.0	73.0	98.0	71.0	70.0	66.0	68.0	81.0	71.0
195.667	75.0	109.0	78.0	77.0	106.0	74.0	65.0	103.0	74.0	74.0	107.0	72.0	81.0	106.0	77.0	80.0	71.0	75.0	88.0	78.0
195.759	73.0	104.0	71.0	74.0	106.0	65.0	73.0	96.0	69.0	68.0	106.0	75.0	75.0	106.0	71.0	75.0	69.0	73.0	83.0	82.0
195.851	73.0	109.0	80.0	80.0	112.0	82.0	80.0	107.0	73.0	80.0	107.0	76.0	79.0	109.0	69.0	74.0	74.0	78.0	88.0	81.0
195.944	73.0	97.0	73.0	74.0	107.0	70.0	73.0	106.0	72.0	80.0	111.0	68.0	71.0	107.0	70.0	79.0	73.0	66.0	82.0	66.0
196.036	78.0	100.0	72.0	75.0	108.0	71.0	73.0	105.0	69.0	73.0	108.0	69.0	76.0	104.0	73.0	72.0	70.0	72.0	84.0	76.0
196.128	74.0	107.0	68.0	75.0	99.0	64.0	70.0	99.0	70.0	76.0	102.0	72.0	72.0	105.0	73.0	72.0	72.0	78.0	87.0	78.0
196.221	76.0	109.0	73.0	80.0	98.0	71.0	76.0	104.0	73.0	73.0	98.0	75.0	75.0	106.0	71.0	73.0	64.0	72.0	80.0	77.0
196.313	78.0	107.0	71.0	81.0	104.0	72.0	78.0	110.0	80.0	77.0	113.0	84.0	81.0	105.0	76.0	77.0	77.0	76.0	87.0	72.0
196.405	74.0	103.0	66.0	70.0	109.0	68.0	72.0	97.0	70.0	84.0	107.0	76.0	75.0	107.0	69.0	74.0	73.0	71.0	89.0	70.0
196.498	76.0	100.0	68.0	73.0	108.0	75.0	77.0	96.0	70.0	78.0	101.0	77.0	77.0	106.0	71.0	74.0	69.0	75.0	83.0	76.0
196.59	93.0	120.0	88.0	99.0	123.0	87.0	100.0	114.0	89.0	91.0	126.0	90.0	96.0	122.0	87.0	89.0	89.0	91.0	100.0	95.0
196.682	81.0	104.0	74.0	77.0	106.0	74.0	80.0	103.0	70.0	82.0	112.0	73.0	77.0	104.0	72.0	78.0	76.0	73.0	83.0	79.0
196.775	70.0	97.0	71.0	75.0	106.0	73.0	72.0	97.0	64.0	77.0	106.0	68.0	76.0	106.0	72.0	72.0	66.0	71.0	80.0	73.0
196.867	69.0	104.0	78.0	74.0	104.0	75.0	80.0	103.0	70.0	77.0	101.0	69.0	70.0	108.0	72.0	73.0	70.0	71.0	84.0	78.0
196.96	71.0	102.0	73.0	77.0	105.0	68.0	78.0	97.0	74.0	77.0	109.0	74.0	76.0	105.0	64.0	75.0	71.0	69.0	77.0	75.0
197.052	73.0	102.0	73.0	74.0	101.0	76.0	72.0	104.0	72.0	75.0	106.0	74.0	81.0	107.0	69.0	73.0	71.0	73.0	81.0	69.0
197.145	80.0	101.0	72.0	73.0	104.0	75.0	68.0	106.0	77.0	77.0	110.0	74.0	83.0	106.0	77.0	80.0	79.0	72.0	88.0	68.0
197.237	76.0	101.0	82.0	75.0	106.0	76.0	72.0	100.0	72.0	77.0	111.0	69.0	78.0	109.0	73.0	74.0	75.0	75.0	86.0	79.0
197.33	76.0	105.0	71.0	81.0	108.0	72.0	80.0	111.0	80.0	78.0	113.0	73.0	74.0	107.0	78.0	72.0	76.0	75.0	89.0	80.0
197.422	75.0	102.0	79.0	82.0	103.0	76.0	77.0	105.0	72.0	77.0	101.0	70.0	78.0	108.0	71.0	71.0	72.0	70.0	81.0	77.0
197.515	78.0	100.0	76.0	74.0	110.0	76.0	74.0	102.0	69.0	78.0	101.0	69.0	75.0	106.0	74.0	77.0	70.0	71.0	85.0	79.0
197.608	79.0	105.0	76.0	77.0	107.0	72.0	71.0	99.0	74.0	68.0	106.0	70.0	70.0	104.0	75.0	73.0	69.0	74.0	77.0	71.0
197.7	78.0	107.0	71.0	74.0	106.0	68.0	77.0	100.0	72.0	73.0	105.0	71.0	71.0	102.0	75.0	77.0	60.0	73.0	78.0	74.0
197.793	74.0	104.0	73.0	76.0	114.0	76.0	81.0	107.0	73.0	78.0	110.0	75.0	78.0	104.0	77.0	77.0	71.0	76.0	83.0	82.0
197.886	71.0	108.0	74.0	73.0	110.0	77.0	66.0	104.0	74.0	79.0	113.0	72.0	79.0	107.0	76.0	80.0	72.0	77.0	84.0	80.0
197.978	75.0	105.0	74.0	78.0	109.0	75.0	81.0	101.0	72.0	74.0	109.0	75.0	86.0	113.0	69.0	78.0	77.0	75.0	84.0	79.0
198.071	75.0	108.0	72.0	78.0	109.0	80.0	82.0	102.0	79.0	71.0	111.0	72.0	77.0	114.0	70.0	77.0	76.0	77.0	84.0	81.0
198.164	73.0	108.0	73.0	76.0	101.0	68.0	71.0	102.0	77.0	72.0	108.0	75.0	73.0	104.0	69.0	69.0	71.0	72.0	82.0	74.0
198.256	75.0	104.0	82.0	83.0	106.0	76.0	78.0	109.0	74.0	79.0	111.0	80.0	79.0	109.0	76.0	83.0	72.0	70.0	91.0	77.0
198.349	74.0	104.0	74.0	75.0	108.0	72.0	71.0	106.0	78.0	82.0	114.0	79.0	75.0	114.0	77.0	79.0	81.0	78.0	81.0	77.0
198.442	73.0	105.0	69.0	73.0	105.0	70.0	72.0	106.0	72.0	73.0	100.0	73.0	77.0	109.0	73.0	75.0	70.0	73.0	81.0	79.0
198.534	71.0	103.0	70.0	77.0	102.0	76.0	78.0	104.0	73.0	75.0	101.0	74.0	76.0	109.0	69.0	74.0	67.0	74.0	78.0	78.0
198.627	72.0	105.0	74.0	86.0	114.0	77.0	77.0	106.0	76.0	80.0	106.0	77.0	80.0	110.0	79.0	76.0	70.0	74.0	87.0	79.0
198.72	77.0	106.0	77.0	74.0	109.0	74.0	72.0	105.0	74.0	77.0	115.0	82.0	74.0	112.0	81.0	78.0	75.0	76.0	84.0	84.0
198.813	75.0	108.0	70.0	76.0	107.0	70.0	69.0	97.0	74.0	75.0	103.0	73.0	79.0	107.0	72.0	74.0	70.0	76.0	85.0	77.0
198.906	70.0	103.0	74.0	78.0	107.0	75.0	77.0	101.0	77.0	78.0	109.0	74.0	79.0	104.0	69.0	74.0	67.0	67.0	85.0	75.0
198.999	76.0	102.0	83.0	80.0	106.0	78.0	76.0	109.0	74.0	76.0	113.0	78.0	78.0	106.0	73.0	85.0	79.0	71.0	82.0	74.0
199.091	73.0	101.0	70.0	74.0	108.0	76.0	77.0	103.0	72.0	71.0	108.0	68.0	72.0	107.0	73.0	75.0	73.0	73.0	84.0	76.0
199.184	80.0	104.0	71.0	74.0	109.0	67.0	75.0	106.0	71.0	73.0	101.0	75.0	73.0	104.0	77.0	73.0	68.0	69.0	80.0	76.0
199.277	77.0	104.0	74.0	77.0	103.0	70.0	80.0	101.0	74.0	77.0	107.0	76.0	76.0	105.0	69.0	73.0	70.0	75.0	84.0	74.0
199.37	75.0	106.0	74.0	80.0	114.0	76.0	81.0	104.0	75.0	84.0	114.0	70.0	83.0	107.0	78.0	77.0	73.0	80.0	90.0	80.0
199.463	80.0	98.0	69.0	74.0	106.0	69.0	72.0	100.0	68.0	80.0	105.0	75.0	74.0	105.0	71.0	74.0	77.0	69.0	82.0	73.0
199.556	80.0	103.0	72.0	75.0	107.0	73.0	76.0	104.0	73.0	74.0	109.0	73.0	79.0	109.0	71.0	68.0	70.0	72.0	80.0	76.0
199.649	72.0	104.0	67.0	79.0	107.0	72.0	78.0	103.0	70.0	73.0	104.0	77.0	72.0	103.0	74.0	69.0	72.0	74.0	91.0	76.0
199.742	71.0	104.0	72.0	74.0	104.0	70.0	73.0	98.0	76.0	78.0	107.0	72.0	80.0	102.0	76.0	76.0	71.0	67.0	85.0	76.0
199.835	75.0	100.0	75.0	69.0	102.0	68.0	73.0	103.0	73.0	74.0	110.0	63.0	80.0	106.0	68.0	77.0	76.0	77.0	84.0	75.0
199.928	75.0	101.0	73.0	81.0	110.0	70.0	70.0	106.0	71.0	76.0	102.0	75.0	68.0	105.0	71.0	75.0	70.0	80.0	86.0	75.0
200.021	72.0	101.0	69.0	78.0	109.0	76.0	76.0	97.0	75.0	76.0	101.0	74.0	76.0	100.0	70.0	72.0	64.0	73.0	78.0	78.0
200.114	75.0	107.0	71.0	77.0	109.0	74.0	77.0	102.0	71.0	79.0	109.0	75.0	81.0	107.0	77.0	77.0	76.0	75.0	86.0	73.0
200.207	81.0	105.0	76.0	73.0	109.0	76.0	74.0	111.0	75.0	81.0	111.0	75.0	80.0	111.0	74.0	76.0	76.0	75.0	92.0	76.0
200.3	74.0	99.0	72.0	78.0	107.0	67.0	77.0	102.0	68.0	78.0	103.0	81.0	81.0	107.0	71.0	70.0	72.0	73.0	84.0	75.0
200.393	72.0	106.0	66.0	77.0	109.0	67.0	78.0	98.0	76.0	74.0	108.0	76.0	74.0	102.0	68.0	71.0	75.0	74.0	81.0	77.0
200.486	71.0	97.0	74.0	76.0	110.0	75.0	78.0	101.0	71.0	77.0	107.0	73.0	81.0	102.0	73.0	77.0	72.0	71.0	84.0	74.0
200.58	77.0	104.0	72.0	74.0	110.0	75.0	79.0	103.0	73.0	80.0	112.0	73.0	81.0	106.0	77.0	77.0	78.0	74.0	87.0	75.0
200.673	80.0	107.0	76.0	80.0	108.0	65.0	81.0	98.0	70.0	78.0	106.0	70.0	72.0	106.0	73.0	73.0	69.0	75.0	84.0	77.0
200.766	76.0	105.0	69.0	74.0	97.0	72.0	76.0	105.0	75.0	78.0	104.0	71.0	72.0	107.0	75.0	75.0	70.0	72.0	78.0	74.0
200.859	73.0	98.0	72.0	80.0	102.0	74.0	74.0	104.0	78.0	78.0	113.0	74.0	74.0	104.0	76.0	77.0	74.0	75.0	87.0	75.0
200.952	75.0	100.0	73.0	75.0	104.0	68.0	68.0	102.0	74.0	79.0	105.0	72.0	75.0	107.0	70.0	71.0	74.0	75.0	87.0	76.0
201.045	73.0	106.0	74.0	67.0	111.0	68.0	71.0	100.0	73.0	79.0	108.0	75.0	78.0	106.0	70.0	73.0	72.0	76.0	86.0	77.0
201.139	71.0	104.0	69.0	79.0	107.0	70.0	75.0	102.0	72.0	71.0	108.0	73.0	73.0	108.0	66.0	70.0	77.0	70.0	80.0	76.0
201.232	76.0	106.0	69.0	78.0	109.0	75.0	70.0	102.0	75.0	81.0	107.0	78.0	79.0	106.0	71.0	74.0	75.0	74.0	78.0	79.0
201.325	76.0	98.0	71.0	74.0	108.0	75.0	69.0	100.0	71.0	74.0	112.0	70.0	80.0	111.0	73.0	73.0	73.0	72.0	82.0	76.0
201.418	79.0	108.0	69.0	77.0	112.0	74.0	76.0	101.0	72.0	79.0	105.0	72.0	69.0	104.0	67.0	75.0	69.0	73.0	84.0	76.0
201.512	75.0	108.0	73.0	81.0	111.0	73.0	81.0	104.0	76.0	76.0	106.0	77.0	78.0	105.0	73.0	78.0	71.0	74.0	80.0	75.0
201.605	74.0	98.0	72.0	74.0	104.0	74.0	70.0	97.0	76.0	79.0	110.0	74.0	81.0	105.0	72.0	76.0	74.0	67.0	77.0	75.0
201.698	75.0	104.0	72.0	78.0	109.0	78.0	73.0	106.0	77.0	80.0	111.0	74.0	83.0	108.0	78.0	80.0	86.0	76.0	91.0	75.0
201.792	73.0	102.0	75.0	71.0	114.0	70.0	65.0	96.0	77.0	74.0	108.0	70.0	71.0	105.0	76.0	75.0	76.0	69.0	87.0	78.0
201.885	97.0	125.0	98.0	102.0	133.0	98.0	96.0	121.0	98.0	100.0	129.0	103.0	91.0	130.0	95.0	98.0	94.0	100.0	109.0	108.0
201.978	77.0	101.0	69.0	79.0	110.0	78.0	77.0	106.0	75.0	71.0	108.0	80.0	76.0	107.0	74.0	83.0	74.0	76.0	82.0	78.0
202.072	73.0	101.0	77.0	82.0	111.0	74.0	71.0	101.0	72.0	78.0	112.0	72.0	80.0	108.0	74.0	81.0	77.0	69.0	90.0	74.0
202.165	86.0	104.0	73.0	77.0	104.0	68.0	76.0	97.0	75.0	75.0	107.0	64.0	74.0	110.0	73.0	75.0	72.0	74.0	83.0	75.0
202.259	96.0	125.0	102.0	96.0	134.0	92.0	94.0	117.0	99.0	98.0	129.0	98.0	95.0	124.0	95.0	98.0	87.0	93.0	97.0	100.0
202.352	70.0	101.0	77.0	77.0	105.0	77.0	78.0	104.0	73.0	76.0	111.0	76.0	82.0	104.0	76.0	80.0	68.0	76.0	86.0	72.0
202.446	71.0	102.0	67.0	75.0	103.0	74.0	71.0	104.0	74.0	75.0	106.0	74.0	76.0	107.0	68.0	75.0	78.0	66.0	82.0	72.0
202.539	75.0	102.0	80.0	73.0	109.0	70.0	71.0	103.0	73.0	74.0	104.0	68.0	73.0	103.0	73.0	75.0	77.0	71.0	82.0	76.0
202.633	69.0	100.0	71.0	74.0	107.0	69.0	77.0	96.0	72.0	76.0	106.0	70.0	72.0	109.0	66.0	75.0	69.0	69.0	85.0	73.0
202.726	73.0	100.0	64.0	79.0	104.0	68.0	74.0	101.0	76.0	77.0	104.0	76.0	80.0	104.0	73.0	76.0	74.0	72.0	83.0	75.0
202.82	70.0	102.0	67.0	81.0	105.0	76.0	72.0	100.0	67.0	79.0	107.0	68.0	74.0	105.0	74.0	73.0	73.0	69.0	85.0	73.0
202.913	72.0	106.0	73.0	80.0	104.0	66.0	73.0	98.0	66.0	78.0	103.0	71.0	77.0	106.0	72.0	75.0	73.0	74.0	81.0	74.0
203.007	78.0	114.0	80.0	78.0	107.0	72.0	76.0	102.0	70.0	84.0	111.0	80.0	79.0	110.0	77.0	78.0	71.0	73.0	83.0	74.0
203.1	78.0	105.0	74.0	81.0	108.0	74.0	75.0	101.0	76.0	76.0	107.0	72.0	78.0	106.0	70.0	78.0	74.0	74.0	79.0	77.0
203.194	74.0	105.0	77.0	75.0	107.0	76.0	70.0	104.0	77.0	78.0	101.0	74.0	78.0	106.0	76.0	78.0	77.0	70.0	83.0	69.0
203.288	78.0	104.0	74.0	74.0	105.0	73.0	76.0	100.0	74.0	80.0	109.0	75.0	72.0	102.0	75.0	73.0	73.0	69.0	95.0	72.0
203.381	77.0	102.0	76.0	76.0	106.0	71.0	78.0	97.0	77.0	74.0	112.0	69.0	73.0	105.0	73.0	74.0	75.0	72.0	89.0	71.0
203.475	80.0	107.0	73.0	80.0	108.0	78.0	80.0	101.0	79.0	79.0	106.0	71.0	78.0	106.0	75.0	79.0	77.0	72.0	89.0	76.0
203.569	68.0	96.0	72.0	74.0	107.0	74.0	75.0	98.0	70.0	79.0	101.0	75.0	80.0	108.0	70.0	80.0	68.0	72.0	84.0	71.0
203.662	76.0	102.0	75.0	79.0	110.0	72.0	75.0	103.0	74.0	80.0	111.0	72.0	78.0	109.0	76.0	78.0	73.0	77.0	92.0	80.0
203.756	75.0	102.0	73.0	75.0	110.0	66.0	80.0	102.0	75.0	80.0	108.0	74.0	70.0	108.0	70.0	73.0	70.0	80.0	78.0	76.0
203.85	84.0	108.0	79.0	78.0	109.0	76.0	81.0	106.0	76.0	88.0	101.0	83.0	83.0	110.0	77.0	77.0	78.0	77.0	90.0	80.0
203.943	72.0	106.0	74.0	78.0	101.0	73.0	74.0	108.0	71.0	77.0	115.0	76.0	81.0	102.0	72.0	83.0	74.0	77.0	87.0	76.0
204.037	76.0	103.0	72.0	74.0	108.0	72.0	73.0	108.0	72.0	83.0	106.0	74.0	76.0	108.0	73.0	74.0	74.0	72.0	88.0	79.0
204.131	83.0	106.0	78.0	78.0	115.0	76.0	78.0	104.0	75.0	77.0	108.0	78.0	77.0	115.0	78.0	75.0	72.0	75.0	86.0	80.0
204.225	88.0	122.0	92.0	94.0	127.0	90.0	94.0	125.0	94.0	96.0	129.0	92.0	92.0	123.0	93.0	94.0	93.0	98.0	109.0	98.0
204.318	88.0	108.0	78.0	87.0	119.0	83.0	83.0	115.0	81.0	87.0	119.0	86.0	84.0	114.0	80.0	84.0	84.0	79.0	99.0	83.0
204.412	77.0	105.0	79.0	80.0	102.0	65.0	74.0	100.0	70.0	82.0	108.0	68.0	79.0	111.0	69.0	76.0	75.0	73.0	88.0	76.0
204.506	71.0	104.0	71.0	79.0	111.0	65.0	77.0	99.0	74.0	75.0	105.0	75.0	75.0	108.0	75.0	75.0	72.0	76.0	84.0	73.0
204.6	73.0	105.0	75.0	82.0	109.0	68.0	81.0	104.0	73.0	80.0	101.0	75.0	73.0	106.0	69.0	76.0	72.0	74.0	81.0	74.0
204.694	74.0	101.0	75.0	78.0	103.0	77.0	75.0	100.0	75.0	78.0	102.0	76.0	77.0	101.0	72.0	74.0	70.0	71.0	86.0	71.0
204.788	82.0	112.0	71.0	77.0	107.0	70.0	68.0	100.0	72.0	78.0	109.0	77.0	78.0	107.0	74.0	81.0	76.0	72.0	86.0	71.0
204.882	73.0	104.0	72.0	73.0	109.0	72.0	74.0	99.0	76.0	77.0	109.0	72.0	83.0	108.0	75.0	76.0	81.0	72.0	89.0	74.0
204.975	96.0	127.0	94.0	102.0	129.0	95.0	96.0	126.0	89.0	99.0	125.0	97.0	98.0	122.0	89.0	92.0	88.0	98.0	107.0	99.0
205.069	70.0	99.0	74.0	81.0	102.0	70.0	77.0	102.0	71.0	80.0	109.0	69.0	81.0	101.0	72.0	75.0	70.0	70.0	83.0	74.0
205.163	80.0	108.0	81.0	79.0	110.0	77.0	74.0	104.0	70.0	81.0	107.0	77.0	78.0	107.0	78.0	77.0	76.0	74.0	88.0	78.0
205.257	74.0	106.0	75.0	82.0	105.0	72.0	72.0	103.0	72.0	76.0	107.0	77.0	77.0	104.0	74.0	84.0	75.0	76.0	87.0	73.0
205.351	74.0	101.0	79.0	75.0	110.0	73.0	74.0	100.0	69.0	82.0	104.0	75.0	77.0	108.0	67.0	78.0	72.0	74.0	80.0	78.0
205.445	72.0	108.0	73.0	81.0	111.0	78.0	81.0	103.0	74.0	81.0	106.0	76.0	80.0	105.0	77.0	80.0	78.0	79.0	88.0	76.0
205.539	73.0	104.0	75.0	77.0	102.0	71.0	70.0	106.0	70.0	80.0	108.0	73.0	80.0	101.0	71.0	73.0	73.0	73.0	89.0	74.0
205.633	94.0	119.0	95.0	88.0	130.0	94.0	92.0	124.0	89.0	97.0	171.0	153.0	150.0	185.0	153.0	148.0	153.0	146.0	159.0	144.0
205.727	70.0	107.0	73.0	74.0	110.0	73.0	78.0	109.0	76.0	76.0	117.0	79.0	79.0	106.0	70.0	80.0	75.0	74.0	95.0	74.0
205.821	70.0	99.0	75.0	77.0	100.0	68.0	76.0	103.0	67.0	75.0	104.0	77.0	78.0	105.0	71.0	79.0	72.0	69.0	79.0	74.0
205.915	76.0	104.0	76.0	78.0	107.0	74.0	74.0	106.0	72.0	75.0	105.0	74.0	81.0	106.0	74.0	78.0	75.0	71.0	82.0	80.0
206.01	80.0	107.0	73.0	79.0	106.0	68.0	74.0	97.0	75.0	74.0	103.0	72.0	71.0	101.0	74.0	74.0	72.0	73.0	81.0	74.0
206.104	75.0	105.0	75.0	76.0	110.0	72.0	71.0	105.0	72.0	77.0	101.0	73.0	71.0	108.0	76.0	83.0	72.0	76.0	79.0	70.0
206.198	80.0	106.0	71.0	79.0	109.0	79.0	79.0	102.0	79.0	83.0	107.0	76.0	81.0	108.0	80.0	82.0	68.0	81.0	86.0	80.0
206.292	75.0	104.0	74.0	81.0	111.0	72.0	75.0	104.0	79.0	76.0	108.0	75.0	80.0	105.0	75.0	80.0	78.0	76.0	89.0	77.0
206.386	75.0	109.0	68.0	72.0	106.0	70.0	71.0	104.0	74.0	81.0	109.0	72.0	77.0	106.0	74.0	74.0	70.0	73.0	87.0	78.0
206.48	93.0	120.0	98.0	99.0	129.0	99.0	95.0	132.0	97.0	93.0	131.0	97.0	96.0	128.0	91.0	96.0	96.0	101.0	109.0	100.0
206.574	76.0	102.0	81.0	88.0	108.0	82.0	84.0	109.0	83.0	77.0	109.0	80.0	79.0	106.0	76.0	80.0	77.0	78.0	95.0	80.0
206.669	93.0	116.0	90.0	95.0	126.0	86.0	88.0	119.0	87.0	94.0	121.0	87.0	90.0	126.0	90.0	95.0	90.0	83.0	104.0	92.0
206.763	88.0	118.0	88.0	94.0	123.0	85.0	94.0	125.0	88.0	100.0	122.0	91.0	86.0	121.0	93.0	93.0	89.0	89.0	105.0	91.0
206.857	85.0	101.0	74.0	78.0	110.0	66.0	78.0	106.0	75.0	75.0	105.0	75.0	76.0	110.0	80.0	76.0	73.0	78.0	87.0	74.0
206.951	78.0	107.0	75.0	81.0	107.0	72.0	81.0	104.0	78.0	81.0	106.0	75.0	84.0	106.0	76.0	75.0	73.0	75.0	86.0	79.0
207.046	77.0	104.0	76.0	82.0	104.0	67.0	76.0	104.0	72.0	79.0	110.0	75.0	74.0	109.0	75.0	79.0	72.0	68.0	79.0	77.0
207.14	83.0	108.0	78.0	75.0	113.0	73.0	77.0	103.0	73.0	76.0	105.0	76.0	80.0	110.0	73.0	79.0	73.0	71.0	91.0	76.0
207.234	77.0	106.0	81.0	75.0	112.0	71.0	75.0	98.0	73.0	78.0	108.0	76.0	77.0	106.0	74.0	75.0	71.0	73.0	90.0	76.0
207.329	71.0	100.0	65.0	78.0	105.0	77.0	74.0	104.0	72.0	73.0	105.0	75.0	77.0	102.0	74.0	80.0	70.0	75.0	87.0	78.0
207.423	82.0	105.0	75.0	84.0	109.0	83.0	72.0	104.0	75.0	82.0	107.0	77.0	80.0	110.0	80.0	76.0	75.0	75.0	90.0	78.0
207.517	74.0	105.0	77.0	78.0	103.0	72.0	76.0	105.0	73.0	78.0	112.0	69.0	78.0	105.0	68.0	84.0	75.0	68.0	87.0	80.0
207.612	78.0	104.0	73.0	77.0	103.0	76.0	73.0	100.0	70.0	74.0	103.0	73.0	73.0	107.0	75.0	74.0	76.0	73.0	84.0	75.0
207.706	73.0	104.0	74.0	78.0	105.0	70.0	78.0	107.0	75.0	71.0	103.0	80.0	81.0	105.0	70.0	77.0	64.0	72.0	83.0	75.0
207.8	80.0	102.0	71.0	79.0	107.0	71.0	75.0	105.0	68.0	72.0	106.0	74.0	80.0	107.0	72.0	77.0	74.0	70.0	84.0	69.0
207.895	78.0	101.0	69.0	75.0	106.0	78.0	70.0	101.0	76.0	79.0	108.0	78.0	81.0	98.0	77.0	82.0	82.0	71.0	82.0	75.0
207.989	78.0	106.0	70.0	77.0	110.0	74.0	72.0	100.0	75.0	78.0	110.0	72.0	79.0	103.0	70.0	68.0	71.0	64.0	82.0	73.0
208.084	72.0	102.0	64.0	77.0	106.0	72.0	76.0	102.0	66.0	75.0	107.0	72.0	80.0	103.0	69.0	71.0	74.0	75.0	84.0	76.0
208.178	76.0	104.0	73.0	81.0	112.0	76.0	81.0	106.0	72.0	81.0	106.0	72.0	88.0	105.0	76.0	74.0	76.0	73.0	85.0	81.0
208.273	71.0	110.0	69.0	76.0	104.0	67.0	76.0	105.0	73.0	78.0	108.0	73.0	73.0	108.0	73.0	74.0	74.0	70.0	86.0	76.0
208.367	71.0	111.0	76.0	76.0	108.0	63.0	75.0	101.0	75.0	77.0	101.0	75.0	75.0	102.0	76.0	75.0	78.0	71.0	87.0	74.0
208.462	82.0	108.0	74.0	76.0	108.0	76.0	80.0	108.0	82.0	83.0	102.0	83.0	78.0	109.0	74.0	80.0	68.0	76.0	82.0	79.0
208.556	82.0	109.0	74.0	74.0	104.0	77.0	79.0	107.0	74.0	79.0	108.0	80.0	85.0	106.0	73.0	74.0	73.0	75.0	90.0	81.0
208.651	75.0	104.0	71.0	73.0	105.0	72.0	75.0	102.0	68.0	76.0	107.0	73.0	73.0	106.0	71.0	74.0	73.0	71.0	81.0	72.0
208.745	79.0	106.0	77.0	80.0	112.0	74.0	77.0	95.0	76.0	82.0	111.0	74.0	79.0	112.0	72.0	72.0	78.0	76.0	87.0	78.0
208.84	79.0	104.0	76.0	87.0	115.0	79.0	80.0	103.0	78.0	82.0	113.0	74.0	76.0	108.0	72.0	78.0	77.0	84.0	86.0	81.0
208.934	77.0	101.0	79.0	76.0	110.0	76.0	71.0	110.0	71.0	78.0	110.0	76.0	81.0	109.0	73.0	78.0	75.0	79.0	82.0	77.0
209.029	76.0	111.0	80.0	80.0	111.0	74.0	78.0	105.0	74.0	84.0	109.0	76.0	77.0	113.0	74.0	80.0	78.0	76.0	88.0	79.0
209.124	82.0	107.0	76.0	77.0	109.0	69.0	76.0	105.0	73.0	76.0	104.0	73.0	73.0	103.0	77.0	78.0	80.0	79.0	82.0	71.0
209.218	77.0	112.0	75.0	77.0	109.0	73.0	70.0	98.0	73.0	81.0	106.0	75.0	78.0	104.0	71.0	77.0	67.0	75.0	81.0	79.0
209.313	71.0	107.0	72.0	73.0	107.0	74.0	80.0	99.0	75.0	78.0	108.0	74.0	76.0	105.0	72.0	77.0	72.0	75.0	88.0	80.0
209.408	72.0	100.0	74.0	74.0	104.0	75.0	74.0	97.0	70.0	79.0	109.0	71.0	79.0	104.0	74.0	77.0	69.0	68.0	82.0	70.0
209.502	80.0	109.0	71.0	74.0	109.0	74.0	76.0	96.0	71.0	80.0	109.0	75.0	76.0	106.0	76.0	74.0	73.0	77.0	82.0	72.0
209.597	74.0	97.0	73.0	83.0	113.0	70.0	75.0	98.0	76.0	72.0	108.0	79.0	82.0	105.0	72.0	76.0	78.0	74.0	91.0	84.0
209.692	75.0	100.0	71.0	84.0	109.0	74.0	77.0	109.0	74.0	82.0	110.0	75.0	77.0	104.0	74.0	79.0	75.0	68.0	89.0	83.0
209.786	78.0	103.0	74.0	72.0	105.0	73.0	74.0	99.0	63.0	81.0	105.0	74.0	73.0	108.0	76.0	76.0	72.0	66.0	77.0	75.0
209.881	78.0	109.0	76.0	77.0	104.0	70.0	76.0	104.0	76.0	75.0	107.0	78.0	72.0	105.0	71.0	79.0	74.0	77.0	87.0	78.0
209.976	73.0	108.0	70.0	81.0	108.0	75.0	69.0	99.0	78.0	77.0	107.0	74.0	76.0	108.0	70.0	75.0	72.0	72.0	77.0	73.0
210.071	72.0	104.0	72.0	76.0	111.0	77.0	71.0	111.0	72.0	80.0	107.0	74.0	77.0	109.0	69.0	80.0	74.0	75.0	83.0	78.0
210.166	77.0	104.0	70.0	72.0	107.0	71.0	74.0	104.0	75.0	73.0	110.0	74.0	79.0	110.0	73.0	78.0	74.0	75.0	82.0	74.0
210.26	75.0	109.0	70.0	73.0	107.0	77.0	73.0	102.0	74.0	76.0	108.0	73.0	77.0	110.0	68.0	73.0	75.0	75.0	78.0	76.0
210.355	72.0	101.0	69.0	77.0	105.0	67.0	79.0	104.0	73.0	70.0	108.0	73.0	71.0	102.0	66.0	73.0	72.0	76.0	82.0	77.0
210.45	76.0	99.0	67.0	81.0	108.0	75.0	73.0	102.0	73.0	78.0	108.0	76.0	77.0	101.0	72.0	68.0	77.0	74.0	83.0	72.0
210.545	78.0	113.0	90.0	87.0	115.0	81.0	79.0	112.0	74.0	84.0	114.0	77.0	82.0	114.0	74.0	87.0	82.0	74.0	90.0	78.0
210.64	74.0	114.0	77.0	85.0	109.0	73.0	78.0	108.0	74.0	80.0	109.0	75.0	75.0	108.0	75.0	85.0	77.0	74.0	86.0	80.0
210.735	70.0	104.0	73.0	78.0	107.0	73.0	73.0	103.0	72.0	78.0	108.0	73.0	71.0	106.0	76.0	82.0	70.0	72.0	85.0	69.0
210.83	76.0	108.0	73.0	84.0	105.0	82.0	83.0	113.0	75.0	89.0	112.0	78.0	79.0	106.0	72.0	76.0	77.0	77.0	85.0	82.0
210.925	73.0	109.0	78.0	75.0	108.0	79.0	77.0	103.0	74.0	78.0	104.0	74.0	72.0	103.0	74.0	82.0	72.0	67.0	82.0	73.0
211.02	81.0	104.0	73.0	75.0	100.0	77.0	75.0	96.0	73.0	80.0	108.0	69.0	79.0	117.0	74.0	76.0	71.0	66.0	81.0	72.0
211.114	72.0	99.0	65.0	74.0	106.0	71.0	75.0	104.0	72.0	74.0	107.0	71.0	83.0	109.0	72.0	66.0	72.0	77.0	81.0	80.0
211.209	72.0	99.0	71.0	77.0	118.0	74.0	77.0	104.0	76.0	81.0	106.0	75.0	82.0	106.0	77.0	82.0	75.0	78.0	87.0	79.0
211.304	75.0	108.0	76.0	74.0	104.0	71.0	79.0	104.0	74.0	79.0	111.0	71.0	77.0	105.0	74.0	82.0	76.0	76.0	84.0	74.0
211.399	79.0	104.0	71.0	76.0	107.0	74.0	77.0	105.0	71.0	77.0	108.0	66.0	74.0	109.0	75.0	84.0	74.0	75.0	82.0	75.0
211.494	72.0	101.0	73.0	78.0	102.0	71.0	72.0	101.0	75.0	78.0	104.0	79.0	75.0	106.0	79.0	82.0	74.0	75.0	83.0	74.0
211.59	74.0	105.0	77.0	80.0	108.0	77.0	83.0	105.0	77.0	79.0	112.0	82.0	85.0	111.0	78.0	76.0	71.0	82.0	87.0	82.0
211.685	82.0	110.0	79.0	88.0	112.0	79.0	88.0	113.0	79.0	82.0	114.0	89.0	84.0	113.0	82.0	85.0	80.0	85.0	91.0	85.0
211.78	90.0	117.0	86.0	89.0	117.0	88.0	90.0	111.0	84.0	91.0	120.0	86.0	90.0	119.0	89.0	92.0	84.0	83.0	94.0	85.0
211.875	72.0	100.0	71.0	83.0	116.0	70.0	75.0	105.0	74.0	73.0	104.0	74.0	72.0	111.0	77.0	74.0	74.0	77.0	83.0	82.0
211.97	71.0	108.0	74.0	84.0	108.0	77.0	76.0	106.0	73.0	76.0	108.0	77.0	75.0	107.0	71.0	70.0	70.0	73.0	86.0	80.0
212.065	85.0	114.0	75.0	89.0	113.0	85.0	90.0	107.0	81.0	85.0	114.0	89.0	87.0	120.0	87.0	88.0	82.0	82.0	93.0	82.0
212.16	78.0	106.0	80.0	82.0	110.0	75.0	72.0	104.0	69.0	88.0	106.0	66.0	80.0	110.0	79.0	75.0	76.0	75.0	87.0	77.0
212.255	71.0	103.0	74.0	80.0	114.0	74.0	80.0	105.0	74.0	79.0	105.0	73.0	81.0	114.0	70.0	70.0	77.0	78.0	84.0	79.0
212.35	75.0	102.0	76.0	77.0	108.0	80.0	76.0	105.0	71.0	78.0	103.0	69.0	79.0	102.0	71.0	76.0	70.0	77.0	80.0	81.0
212.446	76.0	108.0	78.0	80.0	105.0	76.0	76.0	106.0	72.0	78.0	113.0	72.0	75.0	103.0	73.0	80.0	71.0	72.0	85.0	80.0
212.541	78.0	111.0	80.0	77.0	114.0	71.0	80.0	103.0	72.0	82.0	116.0	82.0	83.0	105.0	78.0	82.0	74.0	75.0	88.0	77.0
212.636	80.0	116.0	91.0	89.0	118.0	81.0	82.0	104.0	81.0	88.0	120.0	83.0	85.0	112.0	82.0	83.0	85.0	85.0	91.0	87.0
212.731	73.0	103.0	69.0	87.0	104.0	70.0	76.0	104.0	74.0	75.0	109.0	75.0	74.0	102.0	71.0	80.0	76.0	77.0	79.0	78.0
212.827	77.0	102.0	73.0	79.0	105.0	70.0	75.0	100.0	72.0	84.0	106.0	70.0	80.0	102.0	74.0	77.0	67.0	70.0	81.0	75.0
212.922	76.0	104.0	68.0	78.0	107.0	75.0	77.0	107.0	66.0	76.0	110.0	80.0	76.0	106.0	80.0	77.0	73.0	73.0	81.0	78.0
213.017	76.0	111.0	76.0	84.0	108.0	68.0	81.0	100.0	76.0	79.0	107.0	76.0	78.0	105.0	75.0	78.0	76.0	73.0	81.0	78.0
213.112	76.0	108.0	68.0	82.0	106.0	74.0	82.0	101.0	72.0	80.0	96.0	76.0	81.0	103.0	74.0	76.0	77.0	76.0	83.0	81.0
213.208	73.0	103.0	73.0	75.0	109.0	79.0	73.0	104.0	70.0	78.0	106.0	71.0	83.0	110.0	72.0	76.0	72.0	78.0	83.0	81.0
213.303	75.0	106.0	77.0	82.0	106.0	80.0	75.0	105.0	72.0	79.0	108.0	76.0	78.0	107.0	77.0	81.0	80.0	79.0	84.0	82.0
213.398	80.0	108.0	76.0	76.0	111.0	76.0	71.0	94.0	74.0	75.0	107.0	78.0	75.0	104.0	76.0	79.0	72.0	77.0	89.0	77.0
213.494	75.0	101.0	74.0	79.0	110.0	68.0	78.0	100.0	76.0	76.0	110.0	77.0	77.0	105.0	71.0	78.0	78.0	75.0	88.0	83.0
213.589	72.0	106.0	80.0	80.0	106.0	76.0	78.0	106.0	70.0	82.0	109.0	76.0	80.0	103.0	74.0	83.0	72.0	69.0	85.0	80.0
213.684	75.0	106.0	74.0	77.0	110.0	74.0	78.0	106.0	64.0	85.0	105.0	74.0	78.0	110.0	76.0	76.0	72.0	75.0	80.0	75.0
213.78	81.0	112.0	83.0	81.0	110.0	74.0	77.0	106.0	80.0	83.0	108.0	72.0	75.0	107.0	77.0	79.0	82.0	80.0	87.0	82.0
213.875	74.0	104.0	71.0	83.0	113.0	69.0	79.0	99.0	75.0	80.0	106.0	77.0	77.0	109.0	72.0	75.0	69.0	76.0	91.0	77.0
213.971	76.0	105.0	75.0	80.0	108.0	70.0	76.0	98.0	76.0	82.0	107.0	76.0	84.0	102.0	74.0	79.0	76.0	76.0	76.0	78.0
214.066	78.0	106.0	71.0	75.0	107.0	68.0	75.0	105.0	71.0	78.0	109.0	78.0	85.0	101.0	75.0	78.0	73.0	77.0	84.0	85.0
214.162	73.0	104.0	75.0	67.0	99.0	72.0	71.0	99.0	70.0	76.0	107.0	71.0	76.0	109.0	76.0	77.0	73.0	72.0	82.0	73.0
214.257	72.0	106.0	69.0	80.0	112.0	69.0	77.0	102.0	77.0	75.0	104.0	78.0	78.0	101.0	67.0	83.0	75.0	80.0	86.0	78.0
214.353	69.0	101.0	75.0	76.0	104.0	74.0	80.0	104.0	72.0	78.0	105.0	77.0	78.0	100.0	79.0	80.0	69.0	76.0	81.0	76.0
214.448	74.0	106.0	72.0	80.0	105.0	77.0	74.0	100.0	66.0	83.0	102.0	71.0	80.0	104.0	75.0	76.0	79.0	72.0	83.0	76.0
214.544	78.0	105.0	77.0	80.0	108.0	75.0	82.0	106.0	76.0	87.0	105.0	74.0	77.0	105.0	74.0	76.0	75.0	79.0	86.0	73.0
214.639	80.0	104.0	74.0	83.0	104.0	71.0	74.0	107.0	77.0	80.0	104.0	75.0	76.0	102.0	73.0	80.0	79.0	76.0	84.0	81.0
214.735	78.0	110.0	74.0	77.0	115.0	73.0	80.0	103.0	78.0	76.0	103.0	70.0	78.0	103.0	80.0	80.0	73.0	73.0	86.0	80.0
214.83	81.0	104.0	74.0	77.0	107.0	77.0	75.0	101.0	71.0	84.0	105.0	77.0	79.0	104.0	76.0	82.0	79.0	78.0	82.0	78.0
214.926	78.0	107.0	80.0	81.0	107.0	74.0	71.0	101.0	73.0	80.0	110.0	75.0	82.0	105.0	79.0	81.0	79.0	83.0	88.0	76.0
215.022	78.0	109.0	78.0	89.0	114.0	75.0	79.0	104.0	74.0	77.0	104.0	72.0	76.0	104.0	73.0	76.0	72.0	84.0	86.0	79.0
215.117	77.0	105.0	73.0	85.0	114.0	81.0	84.0	108.0	74.0	80.0	111.0	79.0	80.0	100.0	74.0	82.0	76.0	78.0	87.0	86.0
215.213	84.0	109.0	77.0	90.0	117.0	80.0	84.0	106.0	77.0	87.0	108.0	86.0	83.0	108.0	81.0	82.0	86.0	75.0	94.0	83.0
215.308	87.0	104.0	80.0	95.0	107.0	78.0	81.0	103.0	77.0	89.0	109.0	79.0	78.0	104.0	81.0	86.0	78.0	80.0	91.0	80.0
215.404	80.0	107.0	77.0	90.0	108.0	76.0	82.0	101.0	78.0	83.0	106.0	78.0	81.0	107.0	74.0	80.0	82.0	81.0	89.0	73.0
215.5	73.0	111.0	77.0	76.0	105.0	72.0	72.0	107.0	76.0	82.0	105.0	81.0	79.0	104.0	77.0	82.0	72.0	77.0	83.0	76.0
215.596	81.0	108.0	82.0	86.0	110.0	81.0	80.0	107.0	72.0	83.0	108.0	81.0	84.0	110.0	75.0	83.0	72.0	76.0	81.0	76.0
215.691	80.0	111.0	71.0	78.0	106.0	76.0	77.0	101.0	78.0	79.0	106.0	78.0	78.0	102.0	79.0	76.0	78.0	72.0	79.0	70.0
215.787	70.0	108.0	82.0	81.0	107.0	74.0	76.0	103.0	72.0	82.0	102.0	70.0	78.0	107.0	75.0	79.0	70.0	74.0	87.0	76.0
215.883	72.0	103.0	73.0	81.0	110.0	77.0	77.0	106.0	75.0	76.0	107.0	73.0	77.0	97.0	73.0	80.0	79.0	78.0	84.0	79.0
215.979	78.0	102.0	75.0	81.0	105.0	72.0	76.0	106.0	69.0	77.0	107.0	74.0	83.0	102.0	77.0	81.0	77.0	73.0	77.0	74.0
216.074	93.0	122.0	93.0	94.0	120.0	91.0	88.0	120.0	91.0	99.0	127.0	83.0	95.0	128.0	95.0	97.0	93.0	97.0	94.0	98.0
216.17	73.0	111.0	70.0	78.0	104.0	76.0	77.0	104.0	76.0	75.0	104.0	73.0	77.0	108.0	77.0	73.0	76.0	74.0	86.0	80.0
216.266	80.0	108.0	85.0	87.0	111.0	81.0	78.0	106.0	77.0	82.0	108.0	84.0	84.0	115.0	80.0	84.0	76.0	82.0	85.0	78.0
216.362	81.0	110.0	77.0	86.0	112.0	76.0	85.0	109.0	79.0	83.0	111.0	75.0	81.0	107.0	77.0	77.0	73.0	81.0	85.0	83.0
216.458	76.0	101.0	73.0	80.0	102.0	75.0	72.0	105.0	76.0	75.0	106.0	82.0	80.0	108.0	80.0	80.0	72.0	81.0	82.0	67.0
216.553	76.0	109.0	81.0	84.0	117.0	79.0	76.0	104.0	73.0	75.0	106.0	75.0	78.0	108.0	70.0	72.0	79.0	80.0	85.0	78.0
216.649	73.0	104.0	70.0	81.0	109.0	75.0	79.0	111.0	76.0	74.0	106.0	79.0	81.0	98.0	69.0	80.0	73.0	78.0	89.0	81.0
216.745	73.0	108.0	78.0	79.0	116.0	73.0	74.0	106.0	72.0	75.0	115.0	74.0	80.0	102.0	71.0	78.0	73.0	73.0	84.0	80.0
216.841	76.0	111.0	77.0	80.0	108.0	74.0	79.0	100.0	78.0	80.0	111.0	72.0	78.0	106.0	77.0	78.0	73.0	75.0	88.0	76.0
216.937	80.0	104.0	76.0	83.0	104.0	69.0	76.0	103.0	71.0	79.0	108.0	71.0	74.0	111.0	75.0	77.0	78.0	83.0	82.0	76.0
217.033	79.0	103.0	71.0	84.0	109.0	78.0	78.0	107.0	61.0	77.0	108.0	79.0	74.0	107.0	79.0	77.0	72.0	73.0	83.0	73.0
217.129	80.0	108.0	72.0	77.0	101.0	76.0	75.0	104.0	70.0	76.0	109.0	78.0	82.0	105.0	74.0	78.0	73.0	80.0	80.0	80.0
217.225	80.0	108.0	77.0	84.0	108.0	82.0	84.0	105.0	76.0	86.0	107.0	82.0	80.0	109.0	77.0	78.0	74.0	78.0	87.0	72.0
217.321	79.0	107.0	77.0	82.0	107.0	80.0	73.0	100.0	78.0	79.0	109.0	71.0	78.0	108.0	73.0	73.0	79.0	74.0	87.0	76.0
217.417	70.0	99.0	73.0	78.0	107.0	78.0	73.0	103.0	80.0	78.0	102.0	80.0	75.0	106.0	72.0	75.0	77.0	72.0	91.0	78.0
217.513	72.0	103.0	76.0	88.0	109.0	80.0	74.0	105.0	73.0	83.0	105.0	77.0	78.0	102.0	80.0	78.0	67.0	72.0	85.0	82.0
217.609	78.0	110.0	83.0	80.0	113.0	81.0	87.0	112.0	82.0	78.0	109.0	80.0	79.0	113.0	83.0	82.0	74.0	82.0	88.0	78.0
217.705	75.0	105.0	79.0	80.0	109.0	69.0	79.0	107.0	76.0	90.0	106.0	73.0	77.0	112.0	76.0	86.0	74.0	79.0	89.0	74.0
217.801	71.0	101.0	76.0	78.0	112.0	70.0	81.0	102.0	69.0	78.0	103.0	75.0	80.0	107.0	80.0	78.0	72.0	73.0	85.0	70.0
217.897	79.0	107.0	73.0	80.0	112.0	76.0	76.0	106.0	70.0	73.0	107.0	80.0	84.0	102.0	77.0	75.0	74.0	76.0	86.0	78.0
217.993	77.0	104.0	76.0	83.0	108.0	74.0	75.0	108.0	73.0	81.0	111.0	77.0	81.0	107.0	74.0	79.0	76.0	81.0	84.0	73.0
218.089	105.0	129.0	93.0	103.0	126.0	98.0	94.0	121.0	100.0	101.0	130.0	97.0	105.0	125.0	96.0	92.0	98.0	100.0	105.0	95.0
218.185	79.0	104.0	78.0	86.0	108.0	74.0	83.0	106.0	76.0	82.0	110.0	81.0	86.0	110.0	76.0	80.0	83.0	84.0	89.0	89.0
218.282	76.0	106.0	74.0	85.0	108.0	74.0	85.0	111.0	69.0	86.0	103.0	80.0	77.0	104.0	79.0	83.0	79.0	73.0	85.0	75.0
218.378	78.0	105.0	78.0	80.0	112.0	77.0	80.0	101.0	77.0	80.0	106.0	76.0	79.0	101.0	78.0	82.0	76.0	80.0	90.0	75.0
218.474	75.0	109.0	77.0	84.0	113.0	78.0	83.0	99.0	76.0	77.0	107.0	72.0	71.0	108.0	70.0	79.0	85.0	80.0	84.0	78.0
218.57	81.0	114.0	76.0	81.0	113.0	77.0	80.0	112.0	80.0	78.0	104.0	79.0	82.0	114.0	75.0	87.0	83.0	75.0	83.0	79.0
218.666	77.0	108.0	78.0	80.0	111.0	79.0	82.0	106.0	74.0	80.0	104.0	82.0	73.0	106.0	78.0	80.0	76.0	74.0	83.0	80.0
218.762	82.0	109.0	76.0	90.0	110.0	81.0	86.0	112.0	79.0	89.0	117.0	86.0	84.0	113.0	80.0	84.0	80.0	78.0	97.0	84.0
218.859	82.0	117.0	82.0	86.0	109.0	80.0	84.0	103.0	82.0	84.0	112.0	85.0	82.0	114.0	81.0	82.0	81.0	81.0	88.0	81.0
218.955	76.0	103.0	80.0	78.0	112.0	77.0	80.0	105.0	77.0	73.0	108.0	77.0	79.0	107.0	73.0	83.0	74.0	75.0	86.0	79.0
219.051	78.0	105.0	67.0	79.0	109.0	73.0	76.0	104.0	72.0	85.0	107.0	83.0	78.0	101.0	74.0	85.0	76.0	72.0	84.0	76.0
219.147	75.0	107.0	73.0	84.0	109.0	78.0	82.0	105.0	70.0	81.0	107.0	74.0	76.0	106.0	78.0	72.0	79.0	72.0	84.0	74.0
219.244	79.0	110.0	81.0	80.0	111.0	72.0	79.0	102.0	73.0	80.0	104.0	79.0	75.0	107.0	74.0	77.0	80.0	78.0	89.0	76.0
219.34	83.0	104.0	79.0	78.0	115.0	73.0	75.0	108.0	86.0	80.0	103.0	79.0	76.0	109.0	80.0	85.0	77.0	79.0	93.0	74.0
219.436	80.0	107.0	74.0	83.0	111.0	75.0	76.0	104.0	74.0	80.0	110.0	83.0	81.0	105.0	75.0	82.0	71.0	73.0	91.0	80.0
219.533	78.0	107.0	79.0	88.0	106.0	76.0	83.0	105.0	71.0	83.0	110.0	79.0	82.0	107.0	85.0	81.0	72.0	79.0	91.0	79.0
219.629	74.0	107.0	73.0	75.0	105.0	75.0	82.0	105.0	82.0	76.0	109.0	77.0	78.0	107.0	71.0	79.0	80.0	76.0	87.0	80.0
219.725	78.0	105.0	76.0	80.0	108.0	78.0	76.0	101.0	77.0	73.0	103.0	77.0	79.0	102.0	73.0	71.0	75.0	78.0	90.0	80.0
219.822	74.0	105.0	76.0	86.0	113.0	80.0	81.0	111.0	80.0	74.0	108.0	81.0	87.0	102.0	73.0	82.0	80.0	70.0	90.0	80.0
219.918	74.0	102.0	75.0	83.0	112.0	74.0	71.0	100.0	72.0	78.0	104.0	80.0	79.0	103.0	76.0	75.0	75.0	70.0	87.0	77.0
220.015	82.0	110.0	84.0	89.0	115.0	90.0	84.0	114.0	78.0	88.0	117.0	81.0	85.0	115.0	78.0	86.0	81.0	83.0	90.0	82.0
220.111	71.0	105.0	78.0	79.0	109.0	74.0	76.0	107.0	78.0	80.0	109.0	71.0	77.0	109.0	78.0	84.0	78.0	81.0	93.0	78.0
220.208	76.0	106.0	79.0	79.0	108.0	67.0	76.0	102.0	72.0	75.0	105.0	76.0	81.0	106.0	71.0	71.0	71.0	72.0	83.0	80.0
220.304	80.0	106.0	81.0	83.0	111.0	74.0	78.0	104.0	68.0	81.0	112.0	71.0	84.0	106.0	75.0	80.0	79.0	79.0	83.0	76.0
220.4	78.0	105.0	73.0	76.0	105.0	79.0	70.0	107.0	72.0	81.0	103.0	76.0	79.0	109.0	79.0	76.0	78.0	77.0	87.0	76.0
220.497	76.0	108.0	74.0	79.0	108.0	75.0	71.0	102.0	77.0	72.0	103.0	76.0	86.0	109.0	72.0	75.0	79.0	82.0	84.0	75.0
220.593	75.0	101.0	69.0	89.0	107.0	75.0	79.0	109.0	74.0	76.0	106.0	82.0	77.0	107.0	69.0	82.0	74.0	78.0	86.0	82.0
220.69	70.0	103.0	74.0	80.0	113.0	82.0	81.0	109.0	72.0	82.0	108.0	77.0	81.0	97.0	74.0	79.0	74.0	67.0	80.0	78.0
220.786	85.0	119.0	89.0	91.0	124.0	90.0	91.0	116.0	81.0	90.0	120.0	81.0	92.0	121.0	88.0	96.0	86.0	86.0	90.0	88.0
220.883	74.0	103.0	76.0	81.0	106.0	79.0	75.0	102.0	75.0	82.0	105.0	73.0	77.0	112.0	74.0	84.0	79.0	74.0	83.0	76.0
220.98	81.0	106.0	76.0	78.0	108.0	76.0	75.0	105.0	71.0	82.0	106.0	81.0	78.0	109.0	76.0	75.0	76.0	78.0	88.0	79.0
221.076	81.0	106.0	77.0	84.0	110.0	74.0	74.0	105.0	75.0	77.0	110.0	75.0	83.0	103.0	80.0	80.0	74.0	78.0	82.0	77.0
221.173	83.0	106.0	80.0	80.0	110.0	80.0	79.0	110.0	74.0	80.0	110.0	82.0	80.0	112.0	75.0	84.0	83.0	77.0	85.0	79.0
221.269	79.0	105.0	75.0	76.0	112.0	75.0	73.0	105.0	76.0	77.0	102.0	74.0	83.0	113.0	77.0	73.0	77.0	78.0	91.0	80.0
221.366	75.0	104.0	71.0	85.0	109.0	70.0	75.0	104.0	73.0	82.0	107.0	76.0	78.0	104.0	70.0	78.0	75.0	77.0	87.0	73.0
221.463	76.0	110.0	73.0	86.0	106.0	75.0	79.0	101.0	75.0	75.0	104.0	75.0	79.0	100.0	76.0	79.0	76.0	73.0	90.0	83.0
221.559	78.0	103.0	73.0	81.0	110.0	72.0	77.0	107.0	76.0	83.0	104.0	74.0	83.0	107.0	72.0	79.0	76.0	73.0	81.0	76.0
221.656	77.0	107.0	79.0	85.0	115.0	73.0	80.0	106.0	81.0	85.0	108.0	80.0	84.0	106.0	81.0	76.0	80.0	80.0	95.0	84.0
221.753	80.0	109.0	82.0	76.0	107.0	71.0	78.0	108.0	72.0	82.0	108.0	78.0	86.0	107.0	76.0	83.0	74.0	79.0	86.0	79.0
221.849	81.0	108.0	77.0	86.0	114.0	82.0	81.0	108.0	82.0	81.0	108.0	76.0	88.0	104.0	82.0	86.0	75.0	79.0	86.0	82.0
221.946	75.0	109.0	76.0	87.0	108.0	75.0	81.0	106.0	76.0	82.0	114.0	76.0	80.0	104.0	75.0	82.0	75.0	78.0	83.0	79.0
222.043	77.0	114.0	81.0	84.0	117.0	83.0	80.0	101.0	82.0	87.0	106.0	83.0	83.0	102.0	81.0	74.0	86.0	77.0	98.0	76.0
222.14	77.0	104.0	78.0	90.0	114.0	81.0	78.0	106.0	74.0	81.0	104.0	89.0	88.0	110.0	77.0	86.0	88.0	83.0	97.0	76.0
222.236	81.0	99.0	82.0	86.0	108.0	76.0	80.0	104.0	69.0	83.0	107.0	79.0	85.0	104.0	75.0	84.0	84.0	78.0	93.0	83.0
222.333	84.0	107.0	76.0	86.0	111.0	77.0	85.0	103.0	76.0	76.0	111.0	71.0	78.0	107.0	82.0	83.0	80.0	77.0	95.0	83.0
222.43	90.0	113.0	91.0	105.0	109.0	83.0	89.0	102.0	84.0	91.0	110.0	85.0	84.0	107.0	87.0	83.0	88.0	86.0	102.0	87.0
222.527	90.0	114.0	78.0	91.0	112.0	81.0	86.0	109.0	77.0	87.0	104.0	86.0	89.0	105.0	81.0	86.0	85.0	85.0	98.0	86.0
222.624	85.0	107.0	80.0	88.0	112.0	84.0	86.0	113.0	76.0	84.0	113.0	88.0	86.0	106.0	83.0	86.0	78.0	82.0	91.0	83.0
222.72	80.0	104.0	82.0	85.0	106.0	80.0	78.0	109.0	84.0	82.0	107.0	78.0	84.0	106.0	77.0	81.0	83.0	76.0	75.0	77.0
222.817	81.0	106.0	79.0	83.0	108.0	72.0	74.0	98.0	74.0	82.0	105.0	77.0	77.0	108.0	79.0	75.0	82.0	74.0	86.0	76.0
222.914	75.0	99.0	76.0	86.0	109.0	76.0	80.0	101.0	79.0	74.0	108.0	77.0	80.0	107.0	72.0	79.0	77.0	80.0	83.0	78.0
223.011	74.0	103.0	75.0	83.0	114.0	73.0	80.0	108.0	71.0	81.0	108.0	72.0	76.0	106.0	72.0	78.0	73.0	73.0	90.0	83.0
223.108	89.0	114.0	94.0	96.0	125.0	92.0	96.0	117.0	85.0	97.0	117.0	93.0	96.0	117.0	92.0	91.0	93.0	87.0	105.0	93.0
223.205	78.0	112.0	83.0	89.0	114.0	76.0	82.0	108.0	81.0	89.0	111.0	84.0	82.0	115.0	82.0	81.0	81.0	84.0	91.0	79.0
223.302	79.0	106.0	80.0	83.0	111.0	77.0	78.0	109.0	78.0	83.0	103.0	84.0	84.0	105.0	78.0	78.0	81.0	79.0	91.0	80.0
223.399	76.0	101.0	74.0	77.0	114.0	66.0	79.0	105.0	71.0	79.0	101.0	76.0	78.0	108.0	80.0	77.0	70.0	80.0	89.0	79.0
223.496	79.0	111.0	78.0	81.0	108.0	81.0	82.0	107.0	77.0	83.0	109.0	82.0	83.0	112.0	81.0	87.0	78.0	76.0	86.0	78.0
223.593	79.0	104.0	76.0	88.0	111.0	75.0	74.0	103.0	72.0	83.0	110.0	82.0	79.0	109.0	76.0	80.0	81.0	73.0	84.0	70.0
223.69	101.0	123.0	103.0	106.0	133.0	97.0	108.0	133.0	106.0	110.0	129.0	106.0	111.0	137.0	105.0	107.0	109.0	106.0	113.0	104.0
223.787	75.0	99.0	73.0	85.0	113.0	76.0	84.0	107.0	72.0	84.0	107.0	82.0	88.0	104.0	76.0	85.0	79.0	74.0	91.0	82.0
223.884	80.0	103.0	73.0	80.0	113.0	72.0	85.0	106.0	70.0	83.0	104.0	78.0	82.0	101.0	77.0	80.0	78.0	80.0	84.0	80.0
223.981	75.0	107.0	78.0	82.0	115.0	79.0	75.0	106.0	80.0	85.0	112.0	76.0	79.0	105.0	79.0	77.0	76.0	75.0	83.0	74.0
224.078	81.0	111.0	75.0	90.0	113.0	80.0	83.0	111.0	83.0	83.0	112.0	86.0	88.0	108.0	82.0	88.0	83.0	83.0	95.0	78.0
224.175	79.0	105.0	80.0	84.0	106.0	72.0	78.0	102.0	78.0	80.0	108.0	80.0	81.0	107.0	77.0	82.0	76.0	76.0	86.0	80.0
224.272	82.0	110.0	79.0	76.0	109.0	74.0	85.0	103.0	78.0	84.0	106.0	77.0	83.0	109.0	75.0	90.0	80.0	81.0	83.0	76.0
224.369	83.0	109.0	85.0	87.0	108.0	86.0	75.0	105.0	79.0	88.0	109.0	84.0	84.0	111.0	86.0	77.0	85.0	84.0	90.0	82.0
224.466	80.0	110.0	77.0	84.0	119.0	76.0	75.0	98.0	79.0	81.0	107.0	86.0	81.0	112.0	86.0	83.0	82.0	84.0	88.0	84.0
224.563	70.0	104.0	75.0	87.0	111.0	76.0	80.0	111.0	76.0	81.0	109.0	82.0	79.0	109.0	80.0	87.0	78.0	76.0	89.0	78.0
224.66	77.0	112.0	79.0	90.0	106.0	78.0	83.0	107.0	73.0	82.0	108.0	76.0	85.0	107.0	76.0	79.0	78.0	77.0	91.0	82.0
224.757	76.0	110.0	82.0	89.0	120.0	76.0	85.0	110.0	81.0	89.0	114.0	77.0	80.0	109.0	84.0	86.0	84.0	88.0	92.0	82.0
224.855	79.0	104.0	79.0	86.0	108.0	72.0	77.0	108.0	79.0	81.0	106.0	79.0	88.0	109.0	82.0	79.0	82.0	83.0	84.0	79.0
224.952	81.0	101.0	82.0	88.0	110.0	73.0	79.0	102.0	76.0	75.0	105.0	81.0	81.0	106.0	83.0	77.0	81.0	79.0	92.0	79.0
225.049	79.0	108.0	78.0	87.0	106.0	72.0	78.0	106.0	73.0	75.0	108.0	80.0	81.0	107.0	75.0	84.0	73.0	79.0	80.0	79.0
225.146	80.0	112.0	80.0	78.0	105.0	78.0	77.0	105.0	75.0	83.0	111.0	81.0	77.0	107.0	76.0	79.0	78.0	80.0	86.0	77.0
225.243	78.0	105.0	77.0	85.0	116.0	79.0	74.0	103.0	76.0	79.0	111.0	78.0	79.0	107.0	78.0	74.0	81.0	81.0	86.0	77.0
225.341	77.0	109.0	74.0	91.0	119.0	76.0	79.0	104.0	80.0	80.0	104.0	81.0	84.0	103.0	74.0	81.0	81.0	81.0	92.0	80.0
225.438	89.0	110.0	89.0	100.0	116.0	85.0	88.0	105.0	73.0	95.0	111.0	92.0	92.0	102.0	89.0	90.0	96.0	85.0	104.0	81.0
225.535	96.0	108.0	88.0	107.0	109.0	87.0	86.0	106.0	85.0	93.0	111.0	87.0	85.0	106.0	82.0	97.0	97.0	84.0	107.0	82.0
225.633	82.0	108.0	74.0	90.0	115.0	78.0	82.0	106.0	77.0	88.0	107.0	84.0	87.0	107.0	83.0	84.0	88.0	87.0	94.0	86.0
225.73	78.0	109.0	75.0	94.0	115.0	79.0	79.0	109.0	72.0	85.0	104.0	83.0	88.0	108.0	79.0	81.0	80.0	81.0	93.0	84.0
225.827	80.0	107.0	81.0	87.0	111.0	79.0	81.0	107.0	72.0	83.0	110.0	82.0	82.0	109.0	73.0	84.0	76.0	78.0	88.0	80.0
225.924	79.0	108.0	75.0	84.0	104.0	80.0	80.0	109.0	76.0	83.0	111.0	83.0	80.0	107.0	82.0	82.0	76.0	71.0	82.0	81.0
226.022	90.0	116.0	89.0	92.0	122.0	90.0	85.0	119.0	89.0	91.0	121.0	96.0	95.0	116.0	88.0	88.0	93.0	88.0	92.0	93.0
226.119	76.0	107.0	76.0	86.0	120.0	80.0	81.0	108.0	77.0	85.0	112.0	82.0	84.0	104.0	79.0	80.0	81.0	85.0	91.0	81.0
226.217	88.0	112.0	84.0	101.0	119.0	85.0	86.0	105.0	71.0	93.0	111.0	85.0	87.0	114.0	88.0	89.0	91.0	85.0	104.0	89.0
226.314	90.0	114.0	92.0	115.0	117.0	89.0	95.0	107.0	84.0	97.0	110.0	92.0	90.0	108.0	95.0	90.0	89.0	87.0	109.0	91.0
226.411	86.0	110.0	87.0	89.0	116.0	76.0	86.0	109.0	77.0	85.0	109.0	87.0	89.0	108.0	79.0	84.0	85.0	85.0	95.0	85.0
226.509	78.0	102.0	78.0	85.0	112.0	71.0	79.0	105.0	77.0	87.0	105.0	82.0	84.0	102.0	74.0	84.0	78.0	79.0	88.0	85.0
226.606	83.0	112.0	80.0	89.0	114.0	80.0	84.0	112.0	76.0	82.0	110.0	90.0	90.0	104.0	83.0	89.0	84.0	81.0	89.0	86.0
226.704	80.0	114.0	83.0	86.0	110.0	89.0	84.0	112.0	78.0	88.0	113.0	87.0	87.0	110.0	81.0	87.0	88.0	83.0	88.0	83.0
226.801	82.0	107.0	79.0	83.0	109.0	75.0	81.0	105.0	75.0	86.0	107.0	82.0	83.0	107.0	79.0	80.0	81.0	77.0	88.0	77.0
226.899	81.0	107.0	77.0	90.0	115.0	83.0	80.0	103.0	77.0	80.0	106.0	80.0	88.0	109.0	78.0	87.0	80.0	83.0	90.0	85.0
226.996	77.0	104.0	75.0	82.0	112.0	80.0	79.0	108.0	71.0	79.0	108.0	85.0	83.0	107.0	79.0	85.0	84.0	78.0	90.0	83.0
227.094	86.0	109.0	81.0	93.0	115.0	82.0	88.0	109.0	74.0	86.0	103.0	86.0	78.0	109.0	78.0	86.0	78.0	77.0	94.0	82.0
227.191	79.0	108.0	80.0	88.0	114.0	81.0	80.0	104.0	80.0	81.0	107.0	83.0	80.0	109.0	81.0	78.0	76.0	77.0	84.0	82.0
227.289	81.0	103.0	84.0	88.0	115.0	72.0	74.0	102.0	81.0	86.0	101.0	86.0	86.0	103.0	72.0	82.0	75.0	86.0	88.0	80.0
227.386	77.0	107.0	84.0	88.0	114.0	83.0	83.0	108.0	75.0	85.0	111.0	83.0	81.0	110.0	83.0	83.0	77.0	79.0	90.0	87.0
227.484	77.0	105.0	78.0	85.0	107.0	82.0	77.0	109.0	77.0	89.0	109.0	84.0	79.0	107.0	81.0	83.0	79.0	78.0	88.0	80.0
227.581	71.0	109.0	78.0	81.0	111.0	76.0	76.0	107.0	77.0	82.0	111.0	82.0	80.0	106.0	79.0	80.0	76.0	84.0	86.0	83.0
227.679	91.0	122.0	92.0	97.0	127.0	92.0	93.0	120.0	93.0	95.0	122.0	103.0	96.0	120.0	100.0	91.0	92.0	99.0	105.0	100.0
227.777	76.0	105.0	75.0	87.0	113.0	78.0	86.0	110.0	77.0	84.0	112.0	87.0	82.0	111.0	82.0	82.0	84.0	75.0	91.0	89.0
227.874	81.0	105.0	86.0	82.0	109.0	88.0	83.0	102.0	74.0	88.0	106.0	79.0	82.0	108.0	81.0	87.0	81.0	79.0	87.0	75.0
227.972	78.0	110.0	81.0	84.0	109.0	78.0	86.0	108.0	77.0	88.0	105.0	84.0	79.0	108.0	78.0	81.0	79.0	81.0	87.0	78.0
228.069	74.0	107.0	74.0	87.0	109.0	76.0	81.0	101.0	73.0	83.0	100.0	81.0	90.0	104.0	75.0	77.0	81.0	83.0	93.0	80.0
228.167	76.0	109.0	72.0	87.0	112.0	85.0	80.0	112.0	77.0	86.0	107.0	79.0	83.0	108.0	78.0	85.0	76.0	84.0	86.0	80.0
228.265	79.0	102.0	76.0	85.0	111.0	83.0	84.0	105.0	77.0	79.0	107.0	80.0	78.0	111.0	77.0	82.0	80.0	80.0	78.0	77.0
228.363	81.0	114.0	80.0	81.0	113.0	80.0	81.0	109.0	78.0	83.0	105.0	85.0	84.0	113.0	79.0	79.0	83.0	84.0	89.0	81.0
228.46	78.0	102.0	82.0	78.0	113.0	75.0	75.0	102.0	73.0	84.0	107.0	82.0	80.0	114.0	83.0	80.0	83.0	83.0	90.0	83.0
228.558	76.0	105.0	76.0	84.0	112.0	82.0	81.0	108.0	75.0	87.0	108.0	82.0	87.0	104.0	81.0	84.0	80.0	84.0	94.0	79.0
228.656	76.0	110.0	78.0	84.0	110.0	79.0	78.0	105.0	77.0	89.0	112.0	76.0	82.0	101.0	81.0	82.0	77.0	77.0	91.0	85.0
228.753	98.0	131.0	98.0	105.0	128.0	94.0	96.0	125.0	94.0	105.0	132.0	106.0	95.0	124.0	101.0	96.0	104.0	106.0	111.0	106.0
228.851	81.0	112.0	84.0	88.0	113.0	81.0	88.0	104.0	80.0	92.0	107.0	95.0	86.0	105.0	86.0	88.0	89.0	91.0	92.0	85.0
228.949	86.0	109.0	81.0	96.0	113.0	92.0	88.0	108.0	82.0	100.0	106.0	99.0	85.0	109.0	100.0	100.0	95.0	98.0	96.0	94.0
229.047	83.0	112.0	87.0	104.0	115.0	102.0	85.0	113.0	86.0	98.0	105.0	104.0	88.0	105.0	106.0	108.0	100.0	104.0	103.0	97.0
229.145	81.0	108.0	83.0	90.0	116.0	88.0	83.0	109.0	81.0	96.0	111.0	89.0	85.0	110.0	96.0	92.0	92.0	100.0	98.0	89.0
229.242	83.0	108.0	79.0	89.0	118.0	80.0	79.0	102.0	79.0	90.0	107.0	83.0	82.0	107.0	87.0	88.0	87.0	88.0	91.0	86.0
229.34	78.0	108.0	80.0	88.0	115.0	83.0	83.0	109.0	73.0	86.0	110.0	90.0	87.0	108.0	85.0	85.0	87.0	82.0	92.0	84.0
229.438	73.0	104.0	79.0	86.0	112.0	80.0	86.0	111.0	73.0	86.0	108.0	86.0	82.0	103.0	76.0	86.0	85.0	83.0	92.0	82.0
229.536	82.0	107.0	79.0	84.0	110.0	79.0	83.0	107.0	76.0	88.0	107.0	83.0	74.0	105.0	85.0	84.0	78.0	83.0	87.0	87.0
229.634	86.0	109.0	88.0	86.0	120.0	73.0	86.0	110.0	82.0	83.0	104.0	88.0	88.0	116.0	86.0	86.0	90.0	85.0	96.0	91.0
229.732	81.0	109.0	81.0	86.0	117.0	77.0	87.0	109.0	80.0	84.0	104.0	93.0	87.0	102.0	86.0	85.0	86.0	83.0	94.0	86.0
229.83	78.0	108.0	80.0	90.0	112.0	78.0	84.0	107.0	70.0	82.0	108.0	79.0	80.0	108.0	74.0	84.0	80.0	78.0	94.0	79.0
229.928	85.0	111.0	82.0	92.0	118.0	85.0	87.0	111.0	78.0	100.0	115.0	86.0	86.0	109.0	79.0	90.0	86.0	88.0	99.0	85.0
230.026	80.0	109.0	85.0	85.0	113.0	76.0	78.0	102.0	81.0	84.0	111.0	86.0	79.0	108.0	84.0	76.0	83.0	76.0	92.0	81.0
230.124	79.0	107.0	76.0	84.0	112.0	84.0	79.0	107.0	72.0	80.0	104.0	82.0	82.0	104.0	80.0	82.0	82.0	81.0	93.0	82.0
230.222	70.0	104.0	73.0	84.0	112.0	73.0	82.0	108.0	74.0	87.0	109.0	82.0	83.0	97.0	74.0	85.0	81.0	75.0	89.0	82.0
230.32	85.0	107.0	79.0	81.0	111.0	78.0	79.0	109.0	78.0	82.0	111.0	81.0	78.0	115.0	77.0	80.0	77.0	78.0	86.0	77.0
230.418	82.0	105.0	77.0	88.0	110.0	76.0	77.0	109.0	75.0	80.0	107.0	84.0	82.0	110.0	77.0	76.0	79.0	80.0	88.0	81.0
230.516	77.0	106.0	77.0	85.0	118.0	73.0	80.0	110.0	76.0	85.0	105.0	84.0	86.0	113.0	81.0	79.0	75.0	84.0	91.0	84.0
230.614	73.0	109.0	74.0	84.0	116.0	76.0	85.0	104.0	77.0	85.0	110.0	85.0	82.0	109.0	77.0	80.0	74.0	77.0	90.0	78.0
230.712	79.0	108.0	80.0	86.0	117.0	70.0	81.0	110.0	81.0	85.0	110.0	82.0	84.0	110.0	84.0	81.0	81.0	78.0	85.0	74.0
230.81	80.0	104.0	82.0	85.0	111.0	73.0	80.0	104.0	74.0	85.0	108.0	85.0	87.0	111.0	78.0	77.0	82.0	77.0	83.0	80.0
230.908	83.0	100.0	78.0	83.0	112.0	75.0	76.0	104.0	78.0	80.0	106.0	81.0	78.0	108.0	77.0	81.0	81.0	84.0	90.0	81.0
231.006	76.0	104.0	78.0	89.0	114.0	80.0	83.0	111.0	73.0	84.0	107.0	91.0	85.0	106.0	76.0	86.0	83.0	80.0	90.0	84.0
231.104	83.0	113.0	80.0	82.0	119.0	83.0	87.0	112.0	77.0	88.0	109.0	77.0	83.0	108.0	76.0	82.0	80.0	78.0	89.0	76.0
231.202	76.0	106.0	78.0	78.0	113.0	73.0	78.0	102.0	75.0	84.0	109.0	77.0	77.0	108.0	80.0	81.0	82.0	79.0	90.0	80.0
231.3	78.0	102.0	81.0	82.0	109.0	76.0	82.0	101.0	76.0	85.0	103.0	86.0	79.0	105.0	77.0	86.0	83.0	82.0	89.0	80.0
231.398	76.0	104.0	74.0	89.0	112.0	81.0	84.0	105.0	77.0	86.0	107.0	85.0	93.0	108.0	75.0	81.0	81.0	83.0	88.0	76.0
231.497	76.0	111.0	77.0	81.0	109.0	79.0	80.0	108.0	71.0	82.0	110.0	77.0	77.0	107.0	75.0	90.0	78.0	78.0	89.0	77.0
231.595	70.0	105.0	70.0	84.0	111.0	78.0	77.0	106.0	75.0	88.0	103.0	78.0	81.0	113.0	72.0	80.0	77.0	79.0	88.0	79.0
231.693	78.0	108.0	79.0	81.0	116.0	74.0	78.0	105.0	72.0	78.0	109.0	82.0	80.0	102.0	76.0	80.0	83.0	85.0	86.0	82.0
231.791	85.0	111.0	82.0	95.0	120.0	84.0	88.0	121.0	83.0	94.0	115.0	88.0	94.0	110.0	82.0	96.0	87.0	82.0	101.0	89.0
231.889	71.0	110.0	84.0	86.0	120.0	79.0	84.0	111.0	79.0	87.0	114.0	77.0	81.0	106.0	83.0	85.0	82.0	81.0	94.0	86.0
231.988	77.0	109.0	80.0	88.0	111.0	75.0	83.0	105.0	76.0	88.0	105.0	86.0	84.0	107.0	80.0	81.0	81.0	79.0	90.0	81.0
232.086	80.0	110.0	81.0	86.0	114.0	75.0	78.0	105.0	79.0	85.0	108.0	84.0	82.0	105.0	80.0	87.0	83.0	86.0	90.0	86.0
232.184	82.0	109.0	77.0	87.0	112.0	79.0	80.0	109.0	76.0	87.0	107.0	87.0	84.0	102.0	85.0	85.0	78.0	86.0	88.0	82.0
232.282	81.0	112.0	79.0	82.0	107.0	82.0	78.0	114.0	79.0	86.0	107.0	84.0	76.0	109.0	82.0	82.0	80.0	82.0	86.0	84.0
232.381	82.0	111.0	79.0	86.0	112.0	79.0	83.0	107.0	78.0	86.0	106.0	84.0	82.0	108.0	78.0	83.0	84.0	82.0	91.0	78.0
232.479	86.0	107.0	78.0	95.0	116.0	82.0	79.0	104.0	75.0	82.0	111.0	84.0	84.0	106.0	79.0	85.0	86.0	86.0	94.0	85.0
232.577	83.0	112.0	74.0	106.0	122.0	79.0	83.0	100.0	72.0	87.0	110.0	88.0	86.0	108.0	81.0	87.0	88.0	84.0	94.0	84.0
232.676	82.0	113.0	80.0	105.0	116.0	86.0	84.0	110.0	84.0	87.0	112.0	87.0	89.0	113.0	84.0	91.0	93.0	94.0	100.0	88.0
232.774	88.0	114.0	92.0	99.0	116.0	77.0	87.0	115.0	80.0	86.0	112.0	88.0	87.0	109.0	85.0	90.0	90.0	90.0	98.0	85.0
232.872	90.0	115.0	87.0	96.0	117.0	81.0	84.0	105.0	75.0	85.0	110.0	96.0	88.0	114.0	82.0	97.0	90.0	92.0	97.0	90.0
232.971	89.0	114.0	88.0	98.0	118.0	88.0	91.0	112.0	83.0	91.0	110.0	97.0	96.0	116.0	85.0	91.0	88.0	91.0	105.0	85.0
233.069	85.0	109.0	80.0	92.0	115.0	82.0	87.0	105.0	74.0	88.0	111.0	82.0	83.0	109.0	78.0	84.0	90.0	82.0	96.0	84.0
233.168	83.0	109.0	76.0	97.0	120.0	80.0	84.0	109.0	80.0	85.0	111.0	86.0	91.0	109.0	82.0	88.0	89.0	85.0	95.0	83.0
233.266	83.0	105.0	87.0	101.0	115.0	82.0	80.0	107.0	76.0	86.0	106.0	87.0	90.0	110.0	81.0	86.0	92.0	88.0	94.0	82.0
233.364	87.0	108.0	82.0	104.0	113.0	83.0	84.0	108.0	74.0	79.0	104.0	91.0	86.0	99.0	83.0	89.0	85.0	87.0	97.0	88.0
233.463	79.0	114.0	80.0	96.0	113.0	87.0	82.0	104.0	78.0	91.0	106.0	88.0	86.0	108.0	85.0	91.0	87.0	79.0	99.0	82.0
233.561	88.0	110.0	82.0	99.0	115.0	83.0	90.0	106.0	90.0	94.0	107.0	90.0	90.0	111.0	89.0	87.0	89.0	93.0	100.0	89.0
233.66	85.0	106.0	85.0	108.0	125.0	82.0	84.0	105.0	78.0	91.0	108.0	89.0	90.0	110.0	91.0	85.0	87.0	92.0	106.0	90.0
233.758	86.0	120.0	86.0	111.0	126.0	88.0	77.0	111.0	82.0	98.0	110.0	95.0	85.0	109.0	88.0	94.0	87.0	100.0	111.0	88.0
233.857	82.0	109.0	82.0	101.0	111.0	82.0	79.0	103.0	77.0	88.0	105.0	90.0	86.0	110.0	83.0	90.0	79.0	90.0	94.0	81.0
233.955	90.0	113.0	83.0	103.0	113.0	83.0	86.0	106.0	75.0	85.0	101.0	95.0	88.0	109.0	83.0	94.0	99.0	90.0	98.0	82.0
234.054	101.0	109.0	86.0	113.0	116.0	83.0	88.0	108.0	79.0	92.0	113.0	92.0	93.0	106.0	91.0	96.0	100.0	91.0	100.0	88.0
234.153	93.0	114.0	81.0	112.0	120.0	81.0	87.0	108.0	82.0	96.0	108.0	93.0	93.0	108.0	88.0	96.0	93.0	92.0	105.0	95.0
234.251	88.0	111.0	79.0	101.0	114.0	79.0	86.0	108.0	75.0	92.0	106.0	84.0	88.0	107.0	83.0	90.0	87.0	92.0	110.0	90.0
234.35	83.0	108.0	82.0	96.0	112.0	81.0	91.0	111.0	80.0	94.0	108.0	82.0	86.0	107.0	91.0	89.0	85.0	82.0	94.0	89.0
234.448	86.0	111.0	85.0	96.0	119.0	76.0	91.0	107.0	80.0	90.0	104.0	91.0	87.0	106.0	85.0	87.0	88.0	88.0	96.0	94.0
234.547	82.0	107.0	79.0	86.0	117.0	76.0	80.0	105.0	76.0	85.0	103.0	87.0	83.0	102.0	83.0	84.0	76.0	79.0	95.0	82.0
234.645	80.0	108.0	81.0	91.0	114.0	76.0	90.0	110.0	75.0	85.0	112.0	90.0	90.0	110.0	87.0	85.0	80.0	84.0	92.0	82.0
234.744	81.0	112.0	87.0	91.0	116.0	81.0	77.0	113.0	75.0	88.0	113.0	92.0	88.0	110.0	88.0	88.0	87.0	88.0	98.0	80.0
234.843	84.0	112.0	81.0	88.0	115.0	81.0	79.0	108.0	82.0	86.0	107.0	91.0	85.0	112.0	84.0	90.0	85.0	84.0	95.0	86.0
234.941	82.0	104.0	79.0	90.0	120.0	84.0	75.0	108.0	74.0	82.0	110.0	85.0	81.0	105.0	81.0	84.0	83.0	86.0	94.0	78.0
235.04	76.0	110.0	70.0	92.0	112.0	78.0	78.0	108.0	74.0	82.0	108.0	82.0	84.0	105.0	77.0	90.0	80.0	84.0	91.0	86.0
235.139	79.0	111.0	76.0	92.0	120.0	78.0	84.0	107.0	82.0	90.0	110.0	79.0	89.0	111.0	79.0	92.0	84.0	85.0	86.0	86.0
235.238	77.0	108.0	76.0	85.0	118.0	74.0	76.0	107.0	77.0	86.0	105.0	84.0	85.0	106.0	80.0	87.0	83.0	84.0	92.0	83.0
235.336	87.0	109.0	83.0	92.0	117.0	82.0	87.0	106.0	76.0	88.0	102.0	88.0	87.0	105.0	81.0	93.0	84.0	87.0	100.0	90.0
235.435	81.0	108.0	76.0	96.0	113.0	82.0	84.0	106.0	73.0	87.0	103.0	87.0	83.0	113.0	81.0	86.0	81.0	88.0	92.0	82.0
235.534	80.0	108.0	78.0	89.0	113.0	74.0	84.0	108.0	72.0	84.0	106.0	86.0	82.0	110.0	79.0	84.0	79.0	80.0	90.0	84.0
235.632	78.0	110.0	79.0	80.0	114.0	75.0	82.0	103.0	74.0	83.0	110.0	82.0	82.0	106.0	82.0	79.0	83.0	86.0	88.0	83.0
235.731	76.0	102.0	79.0	89.0	113.0	82.0	75.0	106.0	77.0	83.0	110.0	81.0	79.0	104.0	83.0	82.0	79.0	85.0	88.0	85.0
235.83	80.0	114.0	72.0	93.0	111.0	81.0	81.0	106.0	74.0	91.0	110.0	85.0	83.0	105.0	80.0	89.0	82.0	87.0	94.0	88.0
235.929	79.0	113.0	79.0	92.0	113.0	78.0	84.0	107.0	76.0	89.0	105.0	84.0	81.0	114.0	78.0	82.0	88.0	83.0	93.0	88.0
236.028	79.0	110.0	79.0	90.0	119.0	77.0	79.0	107.0	82.0	88.0	106.0	84.0	90.0	112.0	81.0	86.0	82.0	87.0	95.0	83.0
236.127	89.0	116.0	91.0	102.0	125.0	82.0	92.0	111.0	88.0	96.0	114.0	98.0	100.0	122.0	84.0	97.0	93.0	95.0	102.0	96.0
236.225	80.0	109.0	79.0	94.0	113.0	78.0	83.0	108.0	85.0	91.0	109.0	89.0	82.0	107.0	77.0	88.0	79.0	84.0	95.0	85.0
236.324	68.0	108.0	78.0	88.0	110.0	75.0	79.0	108.0	81.0	87.0	108.0	87.0	81.0	101.0	80.0	84.0	81.0	80.0	88.0	78.0
236.423	72.0	112.0	78.0	87.0	112.0	76.0	82.0	105.0	79.0	89.0	108.0	85.0	86.0	111.0	82.0	83.0	82.0	83.0	92.0	82.0
236.522	74.0	111.0	76.0	95.0	112.0	81.0	77.0	105.0	72.0	80.0	111.0	91.0	85.0	109.0	85.0	85.0	87.0	83.0	90.0	90.0
236.621	83.0	110.0	83.0	97.0	124.0	83.0	79.0	110.0	78.0	85.0	110.0	95.0	92.0	106.0	84.0	83.0	82.0	88.0	96.0	82.0
236.72	74.0	107.0	76.0	93.0	115.0	78.0	82.0	109.0	78.0	90.0	105.0	85.0	85.0	111.0	77.0	87.0	84.0	83.0	93.0	79.0
236.819	90.0	119.0	83.0	105.0	124.0	86.0	90.0	114.0	86.0	98.0	110.0	96.0	90.0	114.0	90.0	96.0	90.0	93.0	99.0	94.0
236.918	90.0	111.0	82.0	102.0	118.0	78.0	81.0	103.0	79.0	88.0	105.0	81.0	84.0	108.0	89.0	92.0	88.0	87.0	100.0	90.0
237.017	83.0	107.0	77.0	88.0	116.0	82.0	82.0	102.0	79.0	86.0	104.0	86.0	84.0	110.0	84.0	82.0	81.0	86.0	91.0	90.0
237.116	84.0	110.0	78.0	95.0	112.0	80.0	80.0	106.0	78.0	92.0	114.0	89.0	95.0	114.0	84.0	88.0	85.0	90.0	90.0	82.0
237.215	86.0	112.0	88.0	91.0	114.0	77.0	85.0	112.0	77.0	85.0	108.0	88.0	90.0	113.0	84.0	84.0	89.0	88.0	93.0	84.0
237.314	83.0	103.0	80.0	91.0	116.0	78.0	82.0	105.0	78.0	88.0	105.0	86.0	88.0	108.0	82.0	88.0	87.0	89.0	95.0	84.0
237.413	81.0	102.0	82.0	101.0	116.0	77.0	81.0	107.0	73.0	92.0	104.0	95.0	89.0	104.0	88.0	92.0	89.0	90.0	106.0	89.0
237.512	86.0	122.0	88.0	130.0	124.0	92.0	93.0	103.0	89.0	105.0	111.0	94.0	90.0	109.0	89.0	97.0	97.0	106.0	118.0	99.0
237.611	84.0	124.0	85.0	126.0	123.0	83.0	87.0	111.0	82.0	104.0	108.0	95.0	86.0	106.0	94.0	94.0	90.0	110.0	116.0	94.0
237.71	84.0	115.0	80.0	100.0	120.0	78.0	83.0	105.0	81.0	96.0	101.0	95.0	89.0	104.0	82.0	94.0	87.0	96.0	102.0	96.0
237.809	75.0	104.0	74.0	95.0	114.0	77.0	84.0	106.0	78.0	90.0	111.0	88.0	88.0	109.0	82.0	87.0	79.0	87.0	98.0	92.0
237.908	74.0	111.0	76.0	97.0	106.0	77.0	82.0	108.0	70.0	86.0	111.0	86.0	85.0	110.0	84.0	85.0	77.0	88.0	92.0	78.0
238.007	80.0	110.0	80.0	90.0	109.0	77.0	86.0	107.0	75.0	87.0	106.0	83.0	86.0	112.0	85.0	87.0	90.0	89.0	89.0	87.0
238.106	84.0	112.0	79.0	94.0	115.0	87.0	84.0	104.0	78.0	86.0	106.0	89.0	83.0	107.0	81.0	89.0	92.0	92.0	91.0	91.0
238.205	84.0	110.0	83.0	105.0	121.0	86.0	80.0	103.0	77.0	92.0	107.0	88.0	91.0	108.0	89.0	92.0	90.0	98.0	105.0	94.0
238.304	81.0	109.0	78.0	102.0	120.0	81.0	84.0	110.0	78.0	83.0	108.0	95.0	85.0	107.0	80.0	92.0	86.0	97.0	104.0	94.0
238.404	80.0	112.0	85.0	102.0	120.0	82.0	90.0	100.0	77.0	90.0	114.0	87.0	84.0	111.0	87.0	92.0	89.0	97.0	98.0	87.0
238.503	75.0	109.0	83.0	92.0	114.0	75.0	88.0	105.0	78.0	84.0	104.0	85.0	87.0	106.0	83.0	96.0	90.0	93.0	98.0	90.0
238.602	80.0	107.0	76.0	89.0	113.0	83.0	86.0	109.0	77.0	84.0	107.0	88.0	82.0	115.0	83.0	90.0	82.0	89.0	92.0	86.0
238.701	83.0	106.0	74.0	92.0	111.0	81.0	81.0	108.0	77.0	86.0	111.0	84.0	89.0	107.0	80.0	89.0	78.0	90.0	95.0	87.0
238.8	81.0	110.0	79.0	94.0	114.0	83.0	86.0	108.0	73.0	84.0	110.0	89.0	88.0	107.0	85.0	93.0	92.0	85.0	101.0	86.0
238.9	88.0	117.0	84.0	117.0	128.0	85.0	87.0	101.0	80.0	101.0	115.0	102.0	92.0	111.0	87.0	93.0	98.0	111.0	119.0	99.0
238.999	90.0	117.0	86.0	112.0	125.0	90.0	84.0	101.0	78.0	92.0	106.0	96.0	92.0	106.0	90.0	92.0	88.0	101.0	112.0	95.0
239.098	79.0	116.0	80.0	95.0	122.0	79.0	86.0	111.0	76.0	87.0	104.0	93.0	88.0	112.0	78.0	90.0	83.0	83.0	99.0	84.0
239.197	84.0	114.0	84.0	106.0	116.0	85.0	84.0	115.0	85.0	94.0	111.0	87.0	87.0	111.0	85.0	92.0	87.0	92.0	101.0	93.0
239.297	84.0	108.0	84.0	101.0	120.0	82.0	85.0	107.0	83.0	91.0	103.0	91.0	89.0	107.0	88.0	90.0	83.0	97.0	105.0	92.0
239.396	82.0	114.0	79.0	98.0	124.0	82.0	83.0	107.0	76.0	90.0	103.0	90.0	89.0	108.0	88.0	92.0	85.0	95.0	101.0	96.0
239.495	83.0	107.0	80.0	94.0	114.0	79.0	82.0	110.0	72.0	85.0	110.0	86.0	93.0	107.0	86.0	87.0	79.0	82.0	93.0	82.0
239.595	81.0	106.0	84.0	89.0	113.0	75.0	80.0	105.0	76.0	86.0	114.0	88.0	86.0	106.0	78.0	81.0	82.0	84.0	88.0	80.0
239.694	87.0	109.0	75.0	86.0	114.0	79.0	85.0	106.0	79.0	86.0	106.0	88.0	83.0	107.0	76.0	81.0	89.0	87.0	88.0	86.0
239.793	82.0	114.0	82.0	106.0	123.0	85.0	80.0	106.0	76.0	92.0	104.0	88.0	87.0	109.0	85.0	89.0	85.0	97.0	107.0	88.0
239.893	84.0	113.0	82.0	112.0	118.0	81.0	82.0	108.0	76.0	98.0	100.0	93.0	89.0	104.0	84.0	89.0	85.0	96.0	101.0	90.0
239.992	80.0	110.0	75.0	98.0	119.0	77.0	82.0	104.0	78.0	91.0	103.0	90.0	85.0	110.0	82.0	88.0	87.0	96.0	100.0	84.0
240.091	83.0	110.0	80.0	94.0	118.0	72.0	78.0	111.0	81.0	90.0	107.0	82.0	88.0	112.0	79.0	81.0	81.0	86.0	92.0	85.0
240.191	82.0	107.0	79.0	94.0	123.0	76.0	82.0	113.0	80.0	88.0	105.0	85.0	84.0	110.0	89.0	89.0	88.0	85.0	88.0	84.0
240.29	84.0	109.0	78.0	96.0	115.0	86.0	85.0	110.0	79.0	91.0	116.0	88.0	88.0	107.0	87.0	90.0	79.0	85.0	103.0	88.0
240.39	79.0	120.0	80.0	100.0	115.0	83.0	88.0	106.0	74.0	95.0	111.0	91.0	82.0	111.0	93.0	85.0	79.0	101.0	106.0	84.0
240.489	82.0	111.0	82.0	103.0	121.0	80.0	89.0	108.0	81.0	95.0	109.0	96.0	89.0	115.0	92.0	91.0	96.0	100.0	104.0	96.0
240.589	81.0	105.0	87.0	102.0	126.0	83.0	81.0	105.0	78.0	89.0	98.0	93.0	86.0	110.0	87.0	96.0	93.0	99.0	103.0	85.0
240.688	100.0	115.0	80.0	123.0	122.0	87.0	78.0	108.0	82.0	92.0	107.0	99.0	90.0	105.0	92.0	99.0	107.0	107.0	107.0	91.0
240.788	98.0	115.0	80.0	123.0	125.0	93.0	90.0	109.0	84.0	97.0	113.0	89.0	90.0	107.0	92.0	105.0	100.0	96.0	107.0	90.0
240.887	91.0	112.0	76.0	99.0	119.0	83.0	91.0	106.0	81.0	92.0	110.0	89.0	89.0	114.0	83.0	92.0	94.0	90.0	98.0	88.0
240.987	78.0	112.0	80.0	96.0	117.0	78.0	88.0	104.0	74.0	88.0	104.0	92.0	96.0	109.0	78.0	91.0	84.0	83.0	91.0	86.0
241.086	83.0	111.0	74.0	94.0	117.0	72.0	80.0	109.0	78.0	88.0	106.0	88.0	89.0	107.0	81.0	91.0	84.0	90.0	96.0	92.0
241.186	90.0	116.0	82.0	98.0	116.0	89.0	93.0	105.0	85.0	93.0	110.0	92.0	90.0	106.0	91.0	94.0	87.0	94.0	96.0	85.0
241.285	83.0	112.0	80.0	84.0	116.0	74.0	84.0	102.0	78.0	86.0	107.0	86.0	86.0	112.0	74.0	82.0	84.0	82.0	92.0	79.0
241.385	73.0	106.0	75.0	89.0	117.0	75.0	85.0	102.0	76.0	86.0	105.0	87.0	85.0	109.0	84.0	80.0	81.0	86.0	88.0	86.0
241.484	86.0	114.0	82.0	91.0	111.0	82.0	80.0	106.0	77.0	91.0	111.0	86.0	85.0	106.0	81.0	88.0	83.0	86.0	93.0	88.0
241.584	79.0	109.0	72.0	85.0	115.0	83.0	81.0	111.0	73.0	88.0	103.0	80.0	86.0	105.0	80.0	79.0	77.0	77.0	88.0	80.0
241.684	71.0	107.0	80.0	92.0	119.0	77.0	83.0	106.0	84.0	89.0	102.0	84.0	84.0	104.0	82.0	78.0	85.0	87.0	95.0	85.0
241.783	80.0	109.0	80.0	88.0	119.0	80.0	81.0	101.0	77.0	83.0	100.0	86.0	86.0	104.0	87.0	85.0	82.0	88.0	95.0	79.0
241.883	76.0	107.0	82.0	86.0	116.0	78.0	80.0	105.0	76.0	82.0	106.0	88.0	82.0	107.0	77.0	83.0	77.0	84.0	93.0	82.0
241.982	84.0	107.0	74.0	86.0	116.0	76.0	82.0	111.0	78.0	86.0	115.0	87.0	86.0	107.0	77.0	82.0	77.0	75.0	90.0	78.0
242.082	75.0	107.0	79.0	80.0	114.0	75.0	81.0	103.0	75.0	85.0	109.0	82.0	84.0	112.0	79.0	80.0	79.0	85.0	87.0	81.0
242.182	79.0	106.0	79.0	88.0	119.0	79.0	85.0	99.0	74.0	87.0	104.0	86.0	88.0	108.0	79.0	84.0	82.0	87.0	94.0	80.0
242.281	86.0	120.0	87.0	101.0	126.0	88.0	88.0	112.0	79.0	94.0	116.0	98.0	94.0	112.0	89.0	87.0	91.0	94.0	102.0	95.0
242.381	74.0	102.0	69.0	95.0	114.0	78.0	80.0	109.0	75.0	91.0	107.0	85.0	81.0	102.0	70.0	88.0	80.0	80.0	96.0	85.0
242.481	70.0	104.0	79.0	88.0	111.0	71.0	79.0	109.0	76.0	86.0	111.0	83.0	80.0	105.0	76.0	81.0	80.0	81.0	87.0	85.0
242.581	77.0	109.0	76.0	93.0	117.0	74.0	76.0	105.0	78.0	88.0	109.0	89.0	85.0	111.0	81.0	83.0	80.0	84.0	96.0	86.0
242.68	82.0	107.0	85.0	85.0	119.0	81.0	81.0	107.0	75.0	86.0	105.0	89.0	84.0	111.0	81.0	87.0	81.0	89.0	86.0	87.0
242.78	78.0	107.0	79.0	89.0	118.0	85.0	84.0	109.0	76.0	83.0	106.0	87.0	85.0	112.0	78.0	93.0	76.0	84.0	95.0	82.0
242.88	90.0	120.0	89.0	105.0	127.0	88.0	95.0	117.0	89.0	100.0	120.0	98.0	96.0	115.0	91.0	101.0	89.0	96.0	97.0	86.0
242.98	80.0	106.0	84.0	93.0	120.0	83.0	85.0	104.0	82.0	86.0	108.0	89.0	91.0	107.0	88.0	82.0	88.0	82.0	89.0	84.0
243.08	79.0	108.0	78.0	88.0	116.0	77.0	80.0	105.0	73.0	80.0	108.0	82.0	91.0	108.0	76.0	85.0	82.0	78.0	93.0	82.0
243.179	82.0	111.0	77.0	89.0	111.0	79.0	78.0	109.0	74.0	87.0	104.0	84.0	86.0	103.0	80.0	89.0	80.0	78.0	88.0	76.0
243.279	77.0	107.0	72.0	95.0	116.0	80.0	80.0	113.0	77.0	88.0	105.0	86.0	88.0	108.0	85.0	81.0	86.0	88.0	102.0	83.0
243.379	85.0	109.0	84.0	101.0	115.0	76.0	92.0	110.0	76.0	93.0	106.0	90.0	94.0	113.0	88.0	93.0	89.0	86.0	103.0	86.0
243.479	78.0	113.0	80.0	95.0	119.0	76.0	80.0	100.0	75.0	93.0	104.0	86.0	81.0	102.0	84.0	84.0	89.0	89.0	92.0	89.0
243.579	83.0	114.0	84.0	99.0	123.0	82.0	82.0	109.0	82.0	92.0	108.0	92.0	93.0	117.0	85.0	91.0	86.0	87.0	92.0	89.0
243.679	82.0	109.0	78.0	94.0	115.0	77.0	88.0	111.0	75.0	89.0	106.0	87.0	84.0	109.0	81.0	82.0	83.0	84.0	88.0	76.0
243.779	80.0	100.0	71.0	91.0	113.0	75.0	79.0	102.0	80.0	89.0	108.0	88.0	87.0	113.0	83.0	84.0	83.0	83.0	93.0	83.0
243.878	77.0	112.0	76.0	91.0	113.0	78.0	73.0	98.0	72.0	86.0	104.0	91.0	83.0	107.0	81.0	82.0	86.0	87.0	99.0	86.0
243.978	82.0	111.0	77.0	95.0	119.0	82.0	77.0	107.0	70.0	90.0	105.0	82.0	85.0	102.0	84.0	81.0	88.0	84.0	94.0	79.0
244.078	78.0	110.0	72.0	91.0	113.0	80.0	79.0	110.0	77.0	86.0	105.0	82.0	84.0	108.0	84.0	88.0	81.0	83.0	88.0	86.0
244.178	71.0	106.0	77.0	85.0	110.0	73.0	84.0	105.0	77.0	86.0	110.0	83.0	94.0	106.0	82.0	88.0	84.0	79.0	91.0	84.0
244.278	77.0	103.0	78.0	87.0	123.0	77.0	82.0	111.0	82.0	85.0	102.0	90.0	90.0	104.0	80.0	78.0	82.0	84.0	92.0	80.0
244.378	84.0	110.0	87.0	106.0	124.0	86.0	93.0	112.0	82.0	96.0	107.0	101.0	97.0	112.0	91.0	95.0	87.0	90.0	103.0	82.0
244.478	79.0	105.0	76.0	97.0	114.0	77.0	82.0	108.0	79.0	89.0	110.0	93.0	86.0	109.0	86.0	86.0	83.0	87.0	96.0	85.0
244.578	89.0	116.0	86.0	91.0	125.0	85.0	84.0	110.0	86.0	98.0	113.0	94.0	94.0	114.0	87.0	93.0	93.0	88.0	95.0	91.0
244.678	84.0	112.0	79.0	94.0	110.0	77.0	77.0	103.0	73.0	86.0	108.0	84.0	84.0	101.0	87.0	91.0	88.0	84.0	90.0	82.0
244.778	82.0	110.0	76.0	92.0	115.0	78.0	77.0	102.0	72.0	85.0	108.0	86.0	85.0	103.0	76.0	90.0	80.0	77.0	92.0	85.0
244.878	78.0	110.0	72.0	89.0	117.0	76.0	78.0	109.0	73.0	87.0	105.0	88.0	84.0	110.0	81.0	87.0	73.0	72.0	90.0	79.0
244.978	75.0	113.0	75.0	85.0	115.0	72.0	82.0	107.0	77.0	94.0	108.0	85.0	87.0	109.0	84.0	80.0	79.0	83.0	91.0	85.0
245.078	86.0	123.0	77.0	88.0	117.0	78.0	84.0	106.0	75.0	88.0	106.0	92.0	86.0	107.0	78.0	84.0	81.0	87.0	94.0	85.0
245.179	118.0	142.0	119.0	119.0	145.0	113.0	113.0	132.0	110.0	122.0	141.0	122.0	126.0	146.0	116.0	117.0	116.0	116.0	138.0	124.0
245.279	89.0	116.0	85.0	97.0	125.0	86.0	86.0	114.0	78.0	96.0	117.0	93.0	97.0	113.0	87.0	94.0	83.0	91.0	98.0	86.0
245.379	79.0	107.0	79.0	91.0	114.0	69.0	77.0	108.0	84.0	83.0	109.0	88.0	84.0	107.0	88.0	86.0	83.0	88.0	96.0	83.0
245.479	76.0	105.0	78.0	92.0	116.0	78.0	82.0	100.0	74.0	83.0	106.0	81.0	86.0	108.0	81.0	81.0	86.0	88.0	90.0	80.0
245.579	80.0	111.0	80.0	94.0	118.0	80.0	79.0	100.0	76.0	91.0	109.0	92.0	84.0	107.0	81.0	83.0	82.0	87.0	94.0	88.0
245.679	86.0	111.0	72.0	93.0	120.0	86.0	76.0	103.0	84.0	93.0	105.0	88.0	86.0	104.0	82.0	88.0	85.0	90.0	100.0	89.0
245.779	77.0	106.0	70.0	87.0	119.0	78.0	81.0	101.0	76.0	86.0	106.0	87.0	78.0	110.0	81.0	88.0	78.0	85.0	92.0	88.0
245.879	79.0	111.0	70.0	90.0	116.0	74.0	77.0	103.0	70.0	85.0	102.0	90.0	87.0	106.0	83.0	89.0	85.0	84.0	94.0	85.0
245.98	80.0	117.0	74.0	88.0	108.0	79.0	78.0	104.0	68.0	90.0	104.0	89.0	87.0	114.0	86.0	86.0	86.0	86.0	90.0	85.0
246.08	78.0	114.0	74.0	91.0	112.0	82.0	80.0	106.0	75.0	88.0	108.0	84.0	86.0	106.0	85.0	85.0	79.0	83.0	92.0	86.0
246.18	81.0	109.0	82.0	90.0	118.0	79.0	81.0	106.0	80.0	89.0	108.0	91.0	85.0	112.0	80.0	87.0	78.0	87.0	92.0	86.0
246.28	84.0	108.0	81.0	91.0	118.0	80.0	83.0	101.0	75.0	80.0	104.0	88.0	84.0	109.0	82.0	88.0	81.0	86.0	93.0	83.0
246.381	76.0	106.0	79.0	94.0	119.0	79.0	80.0	106.0	74.0	83.0	103.0	87.0	87.0	108.0	89.0	87.0	82.0	87.0	93.0	85.0
246.481	79.0	112.0	76.0	88.0	119.0	81.0	81.0	106.0	81.0	91.0	112.0	79.0	83.0	110.0	82.0	85.0	84.0	84.0	92.0	79.0
246.581	75.0	114.0	74.0	94.0	116.0	75.0	88.0	105.0	82.0	96.0	109.0	89.0	84.0	113.0	79.0	90.0	80.0	88.0	95.0	88.0
246.681	81.0	110.0	77.0	93.0	117.0	84.0	86.0	103.0	77.0	91.0	99.0	89.0	86.0	106.0	89.0	84.0	83.0	100.0	94.0	88.0
246.782	80.0	109.0	85.0	92.0	118.0	84.0	85.0	112.0	72.0	88.0	106.0	90.0	87.0	109.0	90.0	87.0	82.0	93.0	98.0	84.0
246.882	85.0	114.0	76.0	96.0	118.0	75.0	81.0	104.0	80.0	86.0	104.0	85.0	91.0	108.0	77.0	94.0	81.0	89.0	96.0	82.0
246.982	80.0	112.0	78.0	92.0	113.0	81.0	78.0	107.0	76.0	83.0	107.0	90.0	84.0	101.0	82.0	90.0	87.0	89.0	96.0	85.0
247.083	103.0	128.0	100.0	115.0	136.0	100.0	100.0	115.0	94.0	114.0	118.0	107.0	108.0	124.0	108.0	103.0	106.0	117.0	113.0	111.0
247.183	135.0	149.0	116.0	142.0	143.0	106.0	115.0	116.0	101.0	142.0	120.0	128.0	121.0	113.0	137.0	132.0	135.0	148.0	157.0	134.0
247.283	164.0	153.0	130.0	151.0	139.0	111.0	133.0	114.0	117.0	168.0	110.0	135.0	125.0	112.0	145.0	153.0	150.0	169.0	162.0	161.0
247.384	101.0	127.0	88.0	111.0	130.0	91.0	101.0	116.0	90.0	129.0	113.0	101.0	103.0	115.0	110.0	111.0	110.0	121.0	129.0	112.0
247.484	86.0	107.0	82.0	98.0	121.0	81.0	87.0	111.0	77.0	102.0	108.0	88.0	92.0	113.0	91.0	95.0	90.0	102.0	104.0	99.0
247.585	87.0	108.0	82.0	94.0	117.0	80.0	87.0	111.0	81.0	94.0	105.0	98.0	89.0	106.0	90.0	89.0	95.0	96.0	98.0	93.0
247.685	91.0	120.0	89.0	101.0	129.0	88.0	89.0	104.0	79.0	98.0	108.0	97.0	90.0	109.0	88.0	96.0	83.0	96.0	104.0	94.0
247.785	83.0	110.0	83.0	95.0	123.0	79.0	87.0	106.0	78.0	92.0	112.0	93.0	86.0	114.0	88.0	87.0	83.0	92.0	97.0	90.0
247.886	80.0	104.0	81.0	91.0	119.0	79.0	83.0	103.0	78.0	86.0	111.0	87.0	89.0	112.0	82.0	76.0	82.0	88.0	88.0	86.0
247.986	81.0	106.0	80.0	89.0	116.0	77.0	87.0	102.0	72.0	82.0	105.0	89.0	85.0	103.0	85.0	83.0	84.0	89.0	92.0	79.0
248.087	84.0	107.0	78.0	89.0	114.0	83.0	71.0	110.0	75.0	87.0	105.0	83.0	86.0	108.0	83.0	86.0	80.0	84.0	96.0	85.0
248.187	73.0	117.0	79.0	98.0	120.0	77.0	83.0	108.0	78.0	93.0	111.0	87.0	89.0	108.0	85.0	96.0	82.0	91.0	96.0	93.0
248.288	81.0	114.0	83.0	99.0	118.0	78.0	84.0	112.0	78.0	94.0	113.0	93.0	90.0	106.0	88.0	94.0	92.0	93.0	93.0	87.0
248.388	79.0	111.0	82.0	96.0	119.0	78.0	84.0	106.0	79.0	95.0	103.0	90.0	90.0	107.0	89.0	92.0	88.0	93.0	96.0	91.0
248.489	91.0	116.0	81.0	99.0	121.0	87.0	82.0	104.0	76.0	89.0	104.0	91.0	94.0	110.0	92.0	90.0	87.0	93.0	105.0	92.0
248.589	78.0	113.0	76.0	104.0	119.0	79.0	84.0	113.0	76.0	95.0	112.0	94.0	90.0	110.0	81.0	87.0	84.0	97.0	96.0	89.0
248.69	85.0	112.0	80.0	101.0	123.0	83.0	84.0	107.0	76.0	91.0	106.0	89.0	89.0	111.0	84.0	85.0	91.0	98.0	99.0	96.0
248.791	81.0	114.0	79.0	94.0	123.0	82.0	81.0	103.0	69.0	84.0	111.0	86.0	87.0	111.0	86.0	86.0	90.0	90.0	92.0	86.0
248.891	78.0	115.0	74.0	91.0	120.0	81.0	76.0	104.0	74.0	90.0	105.0	98.0	84.0	105.0	82.0	84.0	86.0	89.0	91.0	86.0
248.992	74.0	110.0	75.0	97.0	116.0	80.0	80.0	109.0	78.0	87.0	108.0	86.0	81.0	111.0	84.0	88.0	84.0	81.0	94.0	84.0
249.092	82.0	110.0	74.0	92.0	118.0	78.0	85.0	111.0	79.0	91.0	105.0	85.0	94.0	108.0	86.0	91.0	80.0	86.0	96.0	79.0
249.193	81.0	109.0	82.0	90.0	121.0	80.0	80.0	106.0	76.0	89.0	108.0	85.0	88.0	110.0	81.0	87.0	80.0	82.0	98.0	82.0
249.294	81.0	111.0	77.0	93.0	118.0	82.0	78.0	101.0	72.0	88.0	108.0	96.0	86.0	107.0	84.0	92.0	84.0	80.0	95.0	86.0
249.394	78.0	110.0	80.0	88.0	113.0	78.0	76.0	108.0	74.0	86.0	112.0	88.0	90.0	107.0	81.0	90.0	82.0	85.0	92.0	86.0
249.495	85.0	109.0	84.0	96.0	118.0	80.0	85.0	101.0	78.0	94.0	109.0	93.0	88.0	109.0	92.0	82.0	84.0	88.0	95.0	84.0
249.595	79.0	114.0	80.0	87.0	118.0	81.0	83.0	103.0	72.0	88.0	113.0	84.0	85.0	112.0	88.0	81.0	84.0	84.0	99.0	89.0
249.696	80.0	111.0	77.0	90.0	116.0	80.0	73.0	100.0	71.0	84.0	104.0	93.0	87.0	102.0	76.0	80.0	82.0	87.0	94.0	84.0
249.797	73.0	109.0	83.0	92.0	110.0	77.0	72.0	108.0	80.0	87.0	108.0	80.0	78.0	111.0	74.0	81.0	82.0	80.0	93.0	83.0
249.898	69.0	100.0	74.0	86.0	113.0	74.0	79.0	106.0	81.0	84.0	109.0	82.0	84.0	106.0	77.0	87.0	81.0	84.0	94.0	79.0
249.998	83.0	110.0	76.0	94.0	114.0	78.0	79.0	107.0	74.0	88.0	104.0	82.0	92.0	107.0	84.0	82.0	79.0	84.0	91.0	83.0
250.099	79.0	116.0	78.0	97.0	121.0	78.0	81.0	105.0	77.0	84.0	111.0	86.0	89.0	108.0	88.0	81.0	84.0	90.0	90.0	83.0
250.2	78.0	109.0	83.0	90.0	113.0	75.0	77.0	105.0	80.0	92.0	109.0	88.0	83.0	110.0	81.0	89.0	79.0	83.0	87.0	81.0
250.301	81.0	107.0	75.0	94.0	119.0	68.0	84.0	103.0	79.0	90.0	108.0	89.0	86.0	109.0	80.0	85.0	81.0	88.0	91.0	85.0
250.401	81.0	110.0	80.0	86.0	121.0	73.0	79.0	99.0	73.0	81.0	106.0	87.0	88.0	110.0	82.0	89.0	86.0	90.0	90.0	85.0
250.502	87.0	106.0	78.0	94.0	113.0	80.0	80.0	107.0	76.0	90.0	105.0	92.0	90.0	111.0	93.0	90.0	88.0	96.0	100.0	94.0
250.603	79.0	113.0	77.0	95.0	122.0	80.0	86.0	109.0	76.0	90.0	108.0	93.0	84.0	109.0	84.0	95.0	85.0	88.0	97.0	90.0
250.704	78.0	112.0	79.0	95.0	117.0	71.0	83.0	110.0	77.0	92.0	106.0	93.0	90.0	111.0	91.0	95.0	88.0	88.0	92.0	87.0
250.805	88.0	111.0	78.0	106.0	118.0	82.0	87.0	112.0	73.0	87.0	102.0	96.0	91.0	110.0	96.0	102.0	93.0	97.0	97.0	84.0
250.905	103.0	115.0	87.0	142.0	122.0	93.0	93.0	111.0	83.0	98.0	104.0	108.0	92.0	105.0	101.0	121.0	114.0	108.0	117.0	93.0
251.006	106.0	105.0	89.0	140.0	125.0	86.0	96.0	106.0	82.0	104.0	109.0	101.0	101.0	111.0	102.0	125.0	118.0	107.0	123.0	98.0
251.107	111.0	119.0	100.0	144.0	138.0	105.0	103.0	123.0	100.0	111.0	126.0	116.0	112.0	124.0	117.0	128.0	120.0	117.0	126.0	114.0
251.208	91.0	111.0	82.0	107.0	122.0	91.0	89.0	105.0	78.0	89.0	109.0	103.0	89.0	110.0	92.0	94.0	97.0	96.0	107.0	95.0
251.309	87.0	111.0	84.0	97.0	120.0	80.0	83.0	100.0	80.0	97.0	108.0	89.0	90.0	105.0	85.0	89.0	89.0	88.0	100.0	93.0
251.41	94.0	115.0	88.0	115.0	122.0	85.0	88.0	109.0	86.0	99.0	111.0	102.0	93.0	105.0	87.0	95.0	94.0	91.0	110.0	95.0
251.511	81.0	112.0	81.0	102.0	120.0	76.0	82.0	112.0	82.0	97.0	108.0	91.0	90.0	109.0	87.0	92.0	87.0	90.0	99.0	91.0
251.612	91.0	106.0	84.0	102.0	125.0	82.0	83.0	109.0	82.0	92.0	112.0	96.0	92.0	106.0	90.0	97.0	89.0	96.0	100.0	91.0
251.713	87.0	115.0	91.0	107.0	122.0	88.0	90.0	108.0	78.0	99.0	110.0	99.0	89.0	115.0	94.0	100.0	96.0	96.0	109.0	99.0
251.814	103.0	118.0	101.0	136.0	129.0	102.0	104.0	110.0	84.0	116.0	112.0	120.0	111.0	113.0	103.0	111.0	111.0	108.0	134.0	96.0
251.915	128.0	133.0	128.0	189.0	141.0	112.0	128.0	115.0	102.0	143.0	116.0	143.0	127.0	115.0	135.0	144.0	153.0	133.0	186.0	125.0
252.015	111.0	120.0	107.0	169.0	134.0	101.0	108.0	103.0	86.0	123.0	107.0	127.0	121.0	109.0	119.0	135.0	139.0	128.0	157.0	115.0
252.116	104.0	123.0	95.0	162.0	133.0	102.0	103.0	109.0	84.0	119.0	107.0	115.0	106.0	107.0	106.0	130.0	131.0	120.0	141.0	111.0
252.217	100.0	120.0	96.0	154.0	133.0	91.0	97.0	114.0	84.0	109.0	110.0	113.0	99.0	106.0	97.0	113.0	113.0	109.0	125.0	106.0
252.319	105.0	121.0	93.0	139.0	133.0	88.0	98.0	107.0	88.0	109.0	112.0	108.0	101.0	110.0	102.0	108.0	103.0	108.0	127.0	108.0
252.42	99.0	120.0	88.0	138.0	133.0	91.0	101.0	115.0	86.0	108.0	114.0	112.0	109.0	115.0	104.0	113.0	113.0	106.0	129.0	105.0
252.521	103.0	126.0	104.0	139.0	140.0	107.0	104.0	113.0	92.0	120.0	112.0	123.0	118.0	111.0	113.0	120.0	126.0	115.0	142.0	114.0
252.622	92.0	118.0	99.0	121.0	132.0	95.0	101.0	112.0	86.0	107.0	111.0	109.0	104.0	115.0	99.0	112.0	113.0	103.0	128.0	99.0
252.723	90.0	115.0	95.0	124.0	120.0	86.0	90.0	117.0	93.0	101.0	108.0	106.0	97.0	113.0	97.0	108.0	106.0	99.0	120.0	90.0
252.824	100.0	121.0	102.0	147.0	127.0	97.0	93.0	109.0	89.0	119.0	106.0	114.0	98.0	108.0	111.0	110.0	124.0	117.0	135.0	107.0
252.925	107.0	124.0	108.0	147.0	124.0	98.0	100.0	104.0	89.0	115.0	105.0	121.0	112.0	106.0	116.0	114.0	129.0	116.0	148.0	102.0
253.026	92.0	118.0	90.0	120.0	122.0	94.0	89.0	103.0	85.0	103.0	107.0	105.0	103.0	105.0	94.0	108.0	105.0	98.0	122.0	96.0
253.127	91.0	116.0	82.0	124.0	118.0	82.0	83.0	101.0	82.0	96.0	103.0	94.0	90.0	110.0	88.0	102.0	94.0	92.0	112.0	85.0
253.228	86.0	114.0	79.0	134.0	122.0	90.0	90.0	111.0	84.0	100.0	112.0	99.0	96.0	112.0	91.0	107.0	98.0	105.0	112.0	96.0
253.329	97.0	112.0	83.0	138.0	120.0	94.0	91.0	111.0	79.0	107.0	111.0	98.0	93.0	113.0	90.0	116.0	107.0	110.0	122.0	101.0
253.431	99.0	115.0	85.0	134.0	123.0	84.0	90.0	106.0	88.0	99.0	108.0	101.0	98.0	110.0	85.0	109.0	108.0	101.0	117.0	98.0
253.532	90.0	119.0	87.0	118.0	127.0	87.0	92.0	109.0	88.0	101.0	115.0	103.0	96.0	112.0	92.0	104.0	93.0	100.0	106.0	92.0
253.633	90.0	112.0	83.0	105.0	123.0	81.0	84.0	105.0	77.0	99.0	112.0	95.0	96.0	109.0	85.0	88.0	84.0	88.0	93.0	89.0
253.734	97.0	125.0	96.0	103.0	135.0	96.0	101.0	114.0	86.0	104.0	120.0	105.0	106.0	123.0	100.0	102.0	103.0	108.0	121.0	108.0
253.835	89.0	111.0	82.0	96.0	117.0	87.0	82.0	110.0	82.0	89.0	109.0	96.0	93.0	108.0	81.0	94.0	86.0	91.0	99.0	84.0
253.937	83.0	110.0	85.0	91.0	116.0	81.0	84.0	108.0	80.0	94.0	116.0	86.0	86.0	113.0	86.0	89.0	83.0	84.0	90.0	84.0
254.038	80.0	113.0	74.0	93.0	116.0	76.0	84.0	105.0	80.0	87.0	109.0	80.0	86.0	106.0	80.0	84.0	84.0	86.0	97.0	86.0
254.139	83.0	110.0	75.0	93.0	116.0	77.0	79.0	105.0	73.0	89.0	108.0	83.0	92.0	106.0	84.0	86.0	78.0	88.0	98.0	88.0
254.24	75.0	105.0	80.0	91.0	119.0	75.0	74.0	105.0	74.0	90.0	107.0	92.0	84.0	108.0	83.0	85.0	83.0	86.0	89.0	84.0
254.342	84.0	109.0	78.0	98.0	117.0	84.0	88.0	108.0	84.0	97.0	113.0	93.0	82.0	112.0	85.0	94.0	85.0	100.0	107.0	82.0
254.443	78.0	103.0	75.0	94.0	113.0	81.0	82.0	107.0	75.0	88.0	107.0	87.0	83.0	107.0	79.0	86.0	84.0	95.0	93.0	86.0
254.544	80.0	113.0	80.0	92.0	118.0	78.0	81.0	106.0	66.0	86.0	105.0	84.0	87.0	105.0	83.0	82.0	80.0	85.0	94.0	81.0
254.646	82.0	110.0	78.0	90.0	122.0	82.0	86.0	109.0	78.0	92.0	113.0	89.0	86.0	108.0	84.0	89.0	86.0	92.0	100.0	88.0
254.747	77.0	106.0	79.0	87.0	114.0	79.0	76.0	109.0	78.0	88.0	105.0	88.0	80.0	109.0	78.0	88.0	85.0	85.0	92.0	87.0
254.848	81.0	105.0	81.0	96.0	116.0	75.0	86.0	106.0	81.0	90.0	107.0	89.0	88.0	110.0	91.0	94.0	89.0	88.0	94.0	88.0
254.95	88.0	112.0	80.0	102.0	119.0	87.0	96.0	106.0	78.0	96.0	103.0	98.0	92.0	107.0	91.0	92.0	90.0	89.0	107.0	88.0
255.051	84.0	107.0	80.0	99.0	116.0	81.0	89.0	100.0	80.0	94.0	106.0	101.0	90.0	106.0	89.0	99.0	99.0	89.0	100.0	88.0
255.152	82.0	107.0	82.0	98.0	115.0	76.0	90.0	109.0	78.0	94.0	105.0	94.0	84.0	109.0	87.0	94.0	88.0	82.0	96.0	87.0
255.254	79.0	106.0	75.0	90.0	119.0	85.0	85.0	111.0	78.0	91.0	106.0	89.0	89.0	113.0	80.0	92.0	87.0	89.0	89.0	89.0
255.355	76.0	106.0	75.0	93.0	120.0	80.0	81.0	99.0	75.0	80.0	106.0	86.0	82.0	110.0	80.0	86.0	73.0	86.0	91.0	84.0
255.457	79.0	105.0	76.0	98.0	112.0	83.0	86.0	105.0	80.0	87.0	105.0	89.0	89.0	102.0	80.0	93.0	82.0	90.0	93.0	79.0
255.558	87.0	113.0	82.0	110.0	118.0	88.0	82.0	108.0	84.0	94.0	103.0	92.0	82.0	106.0	86.0	100.0	90.0	100.0	108.0	94.0
255.659	88.0	113.0	81.0	133.0	125.0	81.0	92.0	106.0	75.0	97.0	110.0	105.0	84.0	114.0	91.0	115.0	105.0	103.0	114.0	99.0
255.761	99.0	113.0	80.0	130.0	124.0	87.0	92.0	107.0	78.0	95.0	109.0	106.0	91.0	106.0	96.0	113.0	112.0	102.0	107.0	96.0
255.862	106.0	113.0	87.0	141.0	127.0	89.0	96.0	107.0	82.0	103.0	109.0	101.0	89.0	110.0	97.0	108.0	112.0	103.0	118.0	106.0
255.964	103.0	110.0	90.0	133.0	119.0	85.0	90.0	103.0	81.0	100.0	106.0	98.0	94.0	112.0	95.0	111.0	108.0	94.0	118.0	96.0
256.065	85.0	107.0	80.0	109.0	118.0	86.0	80.0	102.0	77.0	87.0	106.0	98.0	91.0	109.0	85.0	100.0	91.0	98.0	103.0	88.0
256.167	90.0	108.0	78.0	109.0	123.0	86.0	80.0	101.0	69.0	82.0	106.0	87.0	89.0	110.0	84.0	93.0	90.0	88.0	103.0	86.0
256.268	84.0	112.0	83.0	94.0	120.0	79.0	77.0	108.0	74.0	86.0	110.0	89.0	82.0	104.0	85.0	93.0	86.0	88.0	100.0	92.0
256.37	90.0	103.0	90.0	105.0	118.0	86.0	82.0	114.0	80.0	90.0	110.0	96.0	94.0	102.0	78.0	97.0	94.0	85.0	107.0	90.0
256.471	80.0	107.0	87.0	110.0	121.0	87.0	88.0	111.0	79.0	98.0	114.0	98.0	94.0	112.0	96.0	96.0	102.0	86.0	109.0	89.0
256.573	86.0	120.0	78.0	102.0	115.0	79.0	89.0	104.0	79.0	92.0	108.0	91.0	94.0	107.0	97.0	92.0	97.0	87.0	104.0	91.0
256.675	82.0	109.0	81.0	107.0	120.0	84.0	86.0	108.0	68.0	90.0	104.0	95.0	94.0	100.0	84.0	88.0	85.0	90.0	99.0	89.0
256.776	83.0	110.0	83.0	92.0	118.0	86.0	88.0	103.0	79.0	89.0	104.0	96.0	93.0	107.0	91.0	91.0	93.0	86.0	102.0	85.0
256.878	80.0	109.0	77.0	100.0	116.0	82.0	84.0	109.0	75.0	93.0	116.0	98.0	90.0	114.0	83.0	90.0	91.0	89.0	101.0	81.0
256.979	79.0	115.0	72.0	93.0	115.0	80.0	81.0	105.0	74.0	84.0	107.0	87.0	91.0	108.0	80.0	85.0	92.0	86.0	99.0	91.0
257.081	82.0	108.0	79.0	92.0	116.0	78.0	83.0	106.0	68.0	79.0	109.0	90.0	85.0	105.0	82.0	92.0	84.0	85.0	98.0	83.0
257.183	101.0	128.0	104.0	116.0	141.0	107.0	109.0	134.0	95.0	109.0	137.0	116.0	108.0	130.0	100.0	115.0	108.0	106.0	127.0	107.0
257.284	79.0	110.0	80.0	93.0	112.0	73.0	83.0	111.0	81.0	91.0	110.0	90.0	81.0	108.0	70.0	92.0	86.0	80.0	89.0	84.0
257.386	75.0	114.0	79.0	96.0	116.0	82.0	83.0	105.0	81.0	93.0	106.0	88.0	83.0	111.0	81.0	89.0	84.0	83.0	93.0	79.0
257.488	84.0	111.0	82.0	102.0	114.0	83.0	86.0	106.0	74.0	90.0	108.0	97.0	92.0	106.0	83.0	89.0	86.0	87.0	93.0	85.0
257.589	83.0	104.0	85.0	87.0	113.0	83.0	79.0	109.0	77.0	89.0	108.0	85.0	87.0	110.0	76.0	84.0	83.0	83.0	95.0	86.0
257.691	81.0	111.0	83.0	94.0	120.0	75.0	87.0	105.0	82.0	90.0	110.0	87.0	86.0	115.0	79.0	84.0	86.0	85.0	92.0	85.0
257.793	78.0	113.0	80.0	99.0	116.0	79.0	81.0	98.0	76.0	85.0	108.0	85.0	88.0	107.0	81.0	81.0	79.0	83.0	92.0	80.0
257.894	82.0	112.0	77.0	102.0	115.0	80.0	76.0	99.0	70.0	91.0	109.0	84.0	87.0	106.0	87.0	89.0	86.0	92.0	104.0	84.0
257.996	87.0	114.0	81.0	102.0	120.0	84.0	81.0	106.0	81.0	91.0	108.0	91.0	90.0	109.0	80.0	98.0	86.0	93.0	99.0	93.0
258.098	79.0	111.0	79.0	88.0	110.0	80.0	80.0	109.0	77.0	90.0	104.0	87.0	80.0	107.0	82.0	88.0	84.0	84.0	93.0	80.0
258.2	78.0	104.0	70.0	93.0	119.0	81.0	81.0	99.0	77.0	89.0	104.0	84.0	84.0	109.0	79.0	84.0	82.0	89.0	93.0	87.0
258.301	83.0	108.0	68.0	88.0	114.0	72.0	79.0	104.0	74.0	86.0	98.0	86.0	86.0	109.0	82.0	84.0	78.0	82.0	96.0	81.0
258.403	84.0	112.0	75.0	91.0	123.0	76.0	87.0	109.0	79.0	87.0	112.0	99.0	89.0	115.0	83.0	85.0	91.0	91.0	95.0	90.0
258.505	81.0	109.0	77.0	91.0	112.0	80.0	79.0	108.0	73.0	85.0	108.0	83.0	90.0	107.0	79.0	90.0	84.0	83.0	94.0	82.0
258.607	83.0	108.0	82.0	97.0	119.0	77.0	76.0	100.0	76.0	88.0	105.0	84.0	85.0	110.0	84.0	88.0	76.0	92.0	97.0	81.0
258.709	79.0	111.0	80.0	96.0	117.0	80.0	81.0	103.0	71.0	84.0	105.0	85.0	88.0	105.0	84.0	88.0	84.0	89.0	99.0	92.0
258.81	82.0	108.0	74.0	90.0	117.0	81.0	82.0	105.0	74.0	92.0	103.0	87.0	86.0	106.0	78.0	90.0	83.0	86.0	100.0	84.0
258.912	77.0	105.0	80.0	97.0	114.0	77.0	83.0	102.0	77.0	93.0	106.0	85.0	89.0	104.0	80.0	87.0	82.0	84.0	92.0	80.0
259.014	84.0	113.0	77.0	102.0	120.0	77.0	87.0	111.0	80.0	100.0	108.0	88.0	97.0	108.0	82.0	90.0	89.0	91.0	105.0	86.0
259.116	86.0	111.0	76.0	106.0	123.0	80.0	85.0	103.0	76.0	104.0	106.0	92.0	94.0	104.0	89.0	100.0	91.0	94.0	105.0	91.0
259.218	99.0	129.0	89.0	136.0	132.0	89.0	89.0	101.0	76.0	115.0	106.0	101.0	93.0	111.0	97.0	104.0	97.0	120.0	120.0	102.0
259.32	101.0	132.0	105.0	160.0	130.0	98.0	99.0	110.0	91.0	140.0	106.0	113.0	98.0	108.0	108.0	116.0	107.0	133.0	143.0	117.0
259.422	86.0	122.0	90.0	122.0	128.0	92.0	84.0	105.0	81.0	106.0	115.0	97.0	93.0	105.0	100.0	104.0	94.0	112.0	116.0	99.0
259.524	86.0	117.0	78.0	105.0	115.0	83.0	79.0	100.0	72.0	90.0	103.0	89.0	87.0	108.0	91.0	93.0	87.0	97.0	96.0	89.0
259.626	90.0	122.0	95.0	104.0	132.0	96.0	103.0	118.0	92.0	106.0	126.0	107.0	105.0	123.0	93.0	102.0	101.0	107.0	110.0	98.0
259.727	76.0	110.0	79.0	92.0	118.0	78.0	80.0	111.0	80.0	95.0	110.0	92.0	78.0	106.0	86.0	89.0	82.0	86.0	96.0	83.0
259.829	88.0	117.0	92.0	99.0	128.0	85.0	91.0	113.0	84.0	102.0	117.0	99.0	94.0	113.0	100.0	99.0	91.0	93.0	101.0	96.0
259.931	81.0	110.0	80.0	102.0	126.0	82.0	90.0	105.0	78.0	103.0	102.0	94.0	91.0	107.0	96.0	93.0	90.0	96.0	103.0	94.0
260.033	87.0	115.0	73.0	106.0	124.0	86.0	80.0	105.0	72.0	97.0	109.0	94.0	97.0	111.0	82.0	96.0	83.0	98.0	104.0	90.0
260.135	84.0	112.0	78.0	103.0	121.0	84.0	79.0	103.0	73.0	93.0	110.0	92.0	90.0	108.0	90.0	91.0	88.0	92.0	107.0	86.0
260.237	81.0	109.0	81.0	100.0	110.0	74.0	81.0	100.0	74.0	89.0	110.0	86.0	91.0	106.0	85.0	88.0	86.0	95.0	92.0	87.0
260.339	83.0	117.0	84.0	96.0	116.0	81.0	77.0	104.0	68.0	87.0	107.0	91.0	93.0	107.0	89.0	86.0	91.0	86.0	99.0	90.0
260.441	77.0	117.0	86.0	100.0	128.0	88.0	88.0	104.0	81.0	101.0	115.0	93.0	96.0	109.0	95.0	97.0	90.0	98.0	106.0	95.0
260.543	102.0	124.0	94.0	129.0	130.0	94.0	92.0	108.0	90.0	122.0	107.0	113.0	103.0	107.0	103.0	109.0	97.0	110.0	116.0	106.0
260.646	84.0	120.0	90.0	112.0	121.0	83.0	81.0	104.0	85.0	109.0	109.0	98.0	88.0	110.0	98.0	92.0	88.0	102.0	111.0	94.0
260.748	78.0	109.0	71.0	98.0	121.0	80.0	85.0	105.0	71.0	91.0	108.0	86.0	89.0	111.0	86.0	89.0	85.0	90.0	102.0	92.0
260.85	86.0	116.0	85.0	100.0	128.0	87.0	93.0	107.0	86.0	97.0	111.0	99.0	96.0	112.0	88.0	98.0	88.0	93.0	102.0	94.0
260.952	78.0	106.0	77.0	93.0	109.0	78.0	80.0	103.0	78.0	90.0	106.0	88.0	83.0	105.0	85.0	90.0	86.0	88.0	95.0	84.0
261.054	73.0	104.0	76.0	86.0	116.0	83.0	80.0	99.0	69.0	87.0	113.0	82.0	83.0	112.0	86.0	82.0	80.0	86.0	87.0	78.0
261.156	79.0	108.0	78.0	90.0	115.0	76.0	82.0	103.0	68.0	88.0	107.0	77.0	82.0	109.0	80.0	84.0	76.0	86.0	90.0	79.0
261.258	75.0	109.0	76.0	83.0	119.0	74.0	79.0	104.0	73.0	89.0	107.0	86.0	87.0	101.0	81.0	85.0	78.0	84.0	89.0	81.0
261.36	78.0	109.0	78.0	89.0	114.0	74.0	86.0	104.0	79.0	91.0	110.0	82.0	83.0	109.0	79.0	85.0	82.0	85.0	92.0	83.0
261.462	79.0	110.0	82.0	85.0	122.0	76.0	78.0	106.0	77.0	86.0	110.0	90.0	82.0	110.0	83.0	82.0	78.0	78.0	92.0	82.0
261.565	83.0	113.0	74.0	90.0	113.0	76.0	80.0	109.0	77.0	88.0	114.0	88.0	84.0	111.0	87.0	88.0	80.0	80.0	94.0	85.0
261.667	82.0	108.0	74.0	87.0	114.0	75.0	80.0	106.0	75.0	80.0	106.0	89.0	83.0	104.0	81.0	86.0	86.0	84.0	90.0	82.0
261.769	75.0	108.0	76.0	93.0	115.0	76.0	79.0	110.0	76.0	90.0	108.0	88.0	80.0	105.0	79.0	88.0	85.0	79.0	90.0	81.0
261.871	78.0	108.0	83.0	97.0	111.0	77.0	79.0	106.0	79.0	88.0	106.0	84.0	84.0	106.0	77.0	86.0	81.0	86.0	99.0	83.0
261.973	80.0	112.0	79.0	90.0	112.0	77.0	83.0	101.0	71.0	91.0	113.0	85.0	89.0	109.0	83.0	81.0	80.0	89.0	97.0	84.0
262.076	81.0	115.0	84.0	91.0	123.0	78.0	80.0	105.0	77.0	94.0	109.0	89.0	88.0	109.0	84.0	90.0	83.0	96.0	100.0	89.0
262.178	86.0	109.0	84.0	103.0	121.0	79.0	80.0	109.0	79.0	93.0	113.0	95.0	86.0	114.0	82.0	93.0	84.0	95.0	106.0	85.0
262.28	87.0	108.0	81.0	98.0	116.0	78.0	76.0	114.0	78.0	97.0	107.0	85.0	84.0	112.0	88.0	91.0	89.0	88.0	97.0	80.0
262.382	80.0	116.0	81.0	110.0	122.0	76.0	76.0	104.0	75.0	100.0	108.0	84.0	87.0	107.0	90.0	92.0	89.0	96.0	114.0	93.0
262.485	94.0	118.0	81.0	115.0	121.0	82.0	83.0	104.0	82.0	110.0	103.0	100.0	95.0	108.0	96.0	96.0	99.0	106.0	113.0	92.0
262.587	96.0	117.0	88.0	119.0	124.0	90.0	89.0	105.0	81.0	110.0	106.0	99.0	94.0	107.0	94.0	90.0	93.0	106.0	114.0	98.0
262.689	92.0	118.0	93.0	110.0	124.0	95.0	88.0	106.0	86.0	105.0	111.0	99.0	96.0	114.0	98.0	104.0	97.0	100.0	106.0	101.0
262.792	79.0	116.0	85.0	93.0	121.0	91.0	84.0	112.0	81.0	100.0	116.0	95.0	96.0	108.0	86.0	94.0	86.0	91.0	96.0	93.0
262.894	91.0	115.0	80.0	90.0	117.0	83.0	87.0	100.0	77.0	90.0	113.0	93.0	88.0	107.0	86.0	88.0	91.0	90.0	95.0	82.0
262.996	86.0	108.0	89.0	96.0	124.0	86.0	87.0	112.0	80.0	93.0	110.0	92.0	95.0	107.0	85.0	97.0	92.0	90.0	103.0	87.0
263.099	74.0	109.0	83.0	93.0	115.0	80.0	79.0	109.0	74.0	88.0	103.0	93.0	83.0	103.0	81.0	83.0	87.0	84.0	94.0	86.0
263.201	81.0	106.0	83.0	98.0	113.0	76.0	81.0	105.0	84.0	94.0	112.0	92.0	92.0	109.0	88.0	86.0	84.0	85.0	102.0	88.0
263.303	77.0	109.0	76.0	95.0	120.0	79.0	80.0	100.0	75.0	95.0	106.0	95.0	91.0	106.0	92.0	88.0	92.0	89.0	99.0	89.0
263.406	94.0	115.0	89.0	110.0	128.0	87.0	90.0	106.0	85.0	105.0	108.0	102.0	98.0	103.0	93.0	95.0	95.0	91.0	108.0	96.0
263.508	91.0	116.0	94.0	111.0	125.0	90.0	91.0	107.0	84.0	103.0	110.0	101.0	98.0	106.0	100.0	104.0	93.0	95.0	111.0	98.0
263.61	90.0	112.0	89.0	110.0	118.0	86.0	91.0	104.0	88.0	102.0	107.0	97.0	102.0	108.0	93.0	95.0	94.0	89.0	109.0	94.0
263.713	91.0	114.0	98.0	112.0	131.0	93.0	94.0	105.0	85.0	106.0	105.0	106.0	104.0	110.0	98.0	95.0	98.0	103.0	114.0	100.0
263.815	99.0	122.0	103.0	122.0	130.0	100.0	106.0	114.0	86.0	113.0	110.0	112.0	108.0	111.0	111.0	103.0	104.0	110.0	122.0	108.0
263.918	101.0	120.0	111.0	125.0	127.0	92.0	102.0	108.0	95.0	120.0	113.0	110.0	109.0	110.0	102.0	106.0	107.0	100.0	122.0	105.0
264.02	96.0	121.0	115.0	129.0	128.0	86.0	99.0	111.0	88.0	130.0	106.0	112.0	119.0	109.0	113.0	102.0	111.0	101.0	129.0	110.0
264.123	90.0	116.0	91.0	122.0	127.0	88.0	91.0	107.0	84.0	109.0	108.0	108.0	102.0	105.0	98.0	98.0	95.0	102.0	117.0	104.0
264.225	94.0	118.0	96.0	116.0	127.0	94.0	93.0	108.0	83.0	106.0	108.0	103.0	104.0	109.0	95.0	94.0	99.0	102.0	107.0	98.0
264.328	89.0	108.0	93.0	101.0	118.0	90.0	92.0	110.0	87.0	102.0	113.0	102.0	93.0	110.0	97.0	94.0	96.0	97.0	102.0	96.0
264.43	86.0	107.0	90.0	100.0	122.0	87.0	85.0	108.0	81.0	95.0	111.0	92.0	88.0	107.0	89.0	88.0	87.0	85.0	96.0	91.0
264.533	88.0	112.0	84.0	92.0	122.0	84.0	89.0	104.0	78.0	90.0	113.0	94.0	91.0	111.0	90.0	86.0	88.0	87.0	95.0	90.0
264.635	85.0	104.0	75.0	88.0	115.0	76.0	81.0	102.0	71.0	86.0	109.0	86.0	83.0	101.0	76.0	83.0	84.0	84.0	96.0	79.0
264.738	79.0	103.0	79.0	92.0	110.0	77.0	85.0	105.0	73.0	89.0	107.0	84.0	81.0	107.0	81.0	87.0	80.0	81.0	93.0	78.0
264.84	74.0	98.0	80.0	89.0	109.0	77.0	76.0	105.0	68.0	88.0	104.0	79.0	87.0	108.0	81.0	81.0	81.0	83.0	86.0	80.0
264.943	73.0	109.0	79.0	89.0	115.0	76.0	76.0	105.0	73.0	91.0	110.0	82.0	85.0	110.0	79.0	80.0	81.0	83.0	88.0	78.0
265.046	78.0	112.0	75.0	84.0	116.0	75.0	73.0	102.0	77.0	88.0	109.0	86.0	88.0	105.0	83.0	82.0	79.0	81.0	88.0	77.0
265.148	79.0	103.0	80.0	86.0	116.0	73.0	85.0	107.0	82.0	91.0	105.0	86.0	85.0	109.0	83.0	82.0	76.0	76.0	86.0	78.0
265.251	96.0	127.0	96.0	110.0	127.0	96.0	99.0	132.0	93.0	103.0	128.0	102.0	107.0	125.0	106.0	103.0	97.0	96.0	98.0	102.0
265.353	81.0	106.0	75.0	88.0	110.0	74.0	78.0	99.0	72.0	88.0	113.0	87.0	88.0	112.0	78.0	77.0	83.0	80.0	88.0	75.0
265.456	77.0	109.0	75.0	83.0	116.0	77.0	82.0	102.0	72.0	85.0	103.0	92.0	88.0	101.0	77.0	82.0	85.0	83.0	89.0	80.0
265.559	82.0	105.0	78.0	88.0	116.0	71.0	90.0	105.0	76.0	86.0	109.0	83.0	80.0	104.0	78.0	88.0	83.0	80.0	93.0	84.0
265.661	78.0	110.0	78.0	93.0	119.0	73.0	84.0	102.0	76.0	83.0	103.0	81.0	84.0	101.0	79.0	85.0	75.0	82.0	87.0	89.0
265.764	81.0	109.0	83.0	91.0	114.0	77.0	78.0	110.0	82.0	89.0	112.0	87.0	92.0	109.0	85.0	85.0	82.0	84.0	97.0	83.0
265.867	82.0	117.0	75.0	88.0	120.0	84.0	79.0	106.0	79.0	88.0	102.0	89.0	86.0	109.0	81.0	86.0	85.0	85.0	90.0	84.0
265.969	77.0	107.0	81.0	88.0	115.0	71.0	74.0	111.0	76.0	91.0	107.0	87.0	84.0	109.0	81.0	83.0	80.0	82.0	88.0	75.0
266.072	80.0	109.0	82.0	90.0	109.0	76.0	80.0	105.0	78.0	86.0	111.0	83.0	85.0	107.0	81.0	82.0	74.0	76.0	88.0	78.0
266.175	86.0	119.0	88.0	102.0	125.0	91.0	92.0	113.0	84.0	96.0	123.0	96.0	97.0	119.0	93.0	94.0	94.0	96.0	103.0	92.0
266.277	79.0	110.0	75.0	83.0	117.0	76.0	78.0	105.0	74.0	87.0	113.0	90.0	94.0	106.0	83.0	83.0	85.0	86.0	91.0	80.0
266.38	79.0	106.0	77.0	83.0	117.0	79.0	76.0	111.0	73.0	86.0	104.0	84.0	83.0	101.0	72.0	86.0	81.0	81.0	89.0	77.0
266.483	79.0	106.0	82.0	82.0	114.0	78.0	82.0	109.0	74.0	92.0	108.0	86.0	83.0	109.0	76.0	86.0	80.0	78.0	93.0	84.0
266.586	71.0	107.0	76.0	86.0	109.0	68.0	69.0	103.0	74.0	89.0	114.0	85.0	81.0	111.0	78.0	78.0	77.0	79.0	86.0	81.0
266.688	78.0	107.0	72.0	81.0	114.0	76.0	69.0	100.0	78.0	91.0	105.0	87.0	80.0	105.0	78.0	79.0	74.0	86.0	88.0	79.0
266.791	76.0	102.0	74.0	82.0	108.0	81.0	79.0	98.0	75.0	85.0	105.0	83.0	81.0	103.0	80.0	81.0	77.0	77.0	86.0	78.0
266.894	82.0	103.0	84.0	77.0	112.0	79.0	75.0	105.0	78.0	91.0	107.0	86.0	87.0	104.0	81.0	85.0	75.0	86.0	90.0	77.0
266.997	94.0	125.0	98.0	111.0	138.0	97.0	95.0	125.0	96.0	104.0	123.0	104.0	103.0	126.0	103.0	97.0	101.0	98.0	111.0	98.0
267.1	84.0	108.0	74.0	87.0	118.0	79.0	83.0	102.0	75.0	86.0	108.0	89.0	84.0	102.0	74.0	86.0	88.0	83.0	91.0	79.0
267.202	88.0	112.0	81.0	84.0	115.0	77.0	84.0	106.0	74.0	88.0	109.0	82.0	91.0	106.0	77.0	92.0	90.0	82.0	98.0	88.0
267.305	82.0	109.0	80.0	97.0	122.0	74.0	83.0	110.0	76.0	94.0	111.0	91.0	85.0	111.0	87.0	87.0	82.0	83.0	92.0	89.0
267.408	82.0	107.0	82.0	95.0	116.0	75.0	80.0	109.0	81.0	94.0	112.0	81.0	89.0	112.0	86.0	85.0	83.0	82.0	93.0	85.0
267.511	84.0	110.0	79.0	90.0	120.0	76.0	79.0	108.0	70.0	85.0	105.0	88.0	91.0	108.0	84.0	88.0	81.0	86.0	91.0	85.0
267.614	77.0	101.0	76.0	90.0	117.0	81.0	78.0	105.0	75.0	86.0	103.0	83.0	87.0	109.0	82.0	82.0	81.0	79.0	94.0	80.0
267.717	77.0	107.0	80.0	84.0	105.0	74.0	80.0	104.0	78.0	87.0	105.0	83.0	81.0	103.0	78.0	87.0	76.0	82.0	92.0	80.0
267.82	97.0	126.0	98.0	112.0	136.0	95.0	100.0	126.0	96.0	103.0	128.0	106.0	106.0	126.0	106.0	106.0	100.0	105.0	111.0	101.0
267.923	81.0	111.0	77.0	82.0	117.0	77.0	84.0	103.0	74.0	82.0	110.0	80.0	85.0	109.0	86.0	84.0	78.0	86.0	95.0	77.0
268.025	101.0	130.0	102.0	107.0	134.0	96.0	101.0	129.0	97.0	110.0	131.0	100.0	107.0	126.0	97.0	103.0	106.0	107.0	113.0	100.0
268.128	80.0	109.0	80.0	92.0	119.0	76.0	84.0	111.0	77.0	87.0	109.0	84.0	84.0	104.0	81.0	88.0	81.0	77.0	89.0	86.0
268.231	73.0	102.0	78.0	93.0	110.0	76.0	76.0	104.0	76.0	80.0	108.0	80.0	82.0	103.0	77.0	90.0	78.0	79.0	87.0	74.0
268.334	80.0	112.0	82.0	90.0	117.0	81.0	77.0	106.0	77.0	94.0	105.0	92.0	89.0	106.0	82.0	84.0	85.0	80.0	97.0	83.0
268.437	83.0	104.0	78.0	87.0	115.0	81.0	80.0	109.0	73.0	85.0	107.0	87.0	81.0	107.0	84.0	84.0	81.0	79.0	92.0	83.0
268.54	75.0	105.0	79.0	85.0	107.0	72.0	76.0	105.0	75.0	86.0	105.0	79.0	83.0	107.0	81.0	85.0	82.0	77.0	90.0	80.0
268.643	81.0	106.0	75.0	87.0	110.0	74.0	75.0	107.0	74.0	86.0	110.0	81.0	80.0	105.0	79.0	81.0	80.0	80.0	86.0	80.0
268.746	77.0	110.0	73.0	93.0	111.0	75.0	69.0	101.0	69.0	83.0	104.0	86.0	84.0	106.0	82.0	82.0	86.0	83.0	87.0	76.0
268.849	72.0	110.0	78.0	84.0	116.0	71.0	80.0	101.0	72.0	83.0	105.0	81.0	90.0	106.0	77.0	87.0	83.0	79.0	91.0	81.0
268.952	79.0	104.0	83.0	86.0	113.0	74.0	82.0	108.0	82.0	85.0	107.0	80.0	79.0	105.0	77.0	85.0	85.0	82.0	92.0	84.0
269.055	76.0	108.0	80.0	94.0	113.0	78.0	78.0	106.0	76.0	86.0	106.0	80.0	83.0	109.0	81.0	82.0	83.0	77.0	100.0	79.0
269.158	93.0	124.0	97.0	110.0	123.0	95.0	90.0	121.0	90.0	102.0	125.0	104.0	105.0	124.0	100.0	98.0	103.0	95.0	114.0	103.0
269.262	86.0	111.0	80.0	104.0	120.0	78.0	84.0	107.0	78.0	93.0	105.0	92.0	94.0	107.0	87.0	90.0	97.0	81.0	104.0	79.0
269.365	86.0	108.0	85.0	96.0	113.0	72.0	84.0	105.0	76.0	90.0	108.0	95.0	81.0	106.0	86.0	89.0	94.0	88.0	104.0	84.0
269.468	81.0	110.0	84.0	98.0	115.0	74.0	78.0	102.0	77.0	86.0	111.0	84.0	79.0	103.0	79.0	82.0	82.0	85.0	95.0	85.0
269.571	78.0	109.0	75.0	93.0	111.0	78.0	82.0	103.0	73.0	88.0	107.0	89.0	83.0	109.0	87.0	82.0	88.0	83.0	93.0	73.0
269.674	84.0	110.0	77.0	102.0	118.0	80.0	81.0	107.0	77.0	86.0	110.0	89.0	89.0	107.0	83.0	93.0	92.0	93.0	107.0	83.0
269.777	83.0	107.0	76.0	95.0	109.0	80.0	83.0	105.0	74.0	89.0	110.0	83.0	82.0	102.0	80.0	89.0	84.0	87.0	92.0	79.0
269.88	84.0	105.0	78.0	97.0	112.0	75.0	81.0	101.0	78.0	92.0	110.0	82.0	86.0	110.0	84.0	85.0	83.0	87.0	90.0	87.0
269.983	71.0	111.0	78.0	81.0	108.0	69.0	78.0	107.0	77.0	87.0	109.0	82.0	84.0	106.0	83.0	87.0	83.0	82.0	86.0	83.0
270.086	74.0	105.0	71.0	91.0	109.0	74.0	72.0	107.0	73.0	89.0	106.0	83.0	81.0	101.0	78.0	81.0	82.0	84.0	92.0	81.0
270.19	84.0	105.0	76.0	84.0	111.0	76.0	85.0	101.0	75.0	89.0	108.0	79.0	82.0	110.0	83.0	79.0	88.0	73.0	88.0	80.0
270.293	82.0	110.0	79.0	98.0	115.0	80.0	78.0	107.0	76.0	89.0	107.0	83.0	77.0	106.0	82.0	86.0	82.0	79.0	90.0	86.0
270.396	83.0	116.0	84.0	87.0	112.0	80.0	87.0	106.0	80.0	83.0	112.0	89.0	92.0	110.0	80.0	87.0	85.0	87.0	95.0	81.0
270.499	72.0	101.0	72.0	79.0	111.0	75.0	78.0	99.0	78.0	79.0	106.0	85.0	82.0	104.0	81.0	81.0	81.0	77.0	92.0	76.0
270.602	78.0	111.0	78.0	90.0	113.0	72.0	80.0	109.0	71.0	84.0	112.0	85.0	78.0	106.0	74.0	88.0	79.0	83.0	87.0	85.0
270.706	84.0	106.0	75.0	85.0	113.0	72.0	80.0	110.0	76.0	86.0	106.0	79.0	78.0	100.0	82.0	81.0	77.0	73.0	90.0	82.0
270.809	77.0	113.0	73.0	91.0	108.0	74.0	75.0	103.0	69.0	86.0	106.0	85.0	80.0	105.0	79.0	85.0	81.0	84.0	91.0	82.0
270.912	77.0	111.0	76.0	92.0	109.0	73.0	71.0	102.0	77.0	90.0	104.0	82.0	79.0	104.0	78.0	89.0	82.0	87.0	94.0	74.0
271.015	84.0	103.0	82.0	87.0	116.0	78.0	80.0	108.0	76.0	87.0	103.0	85.0	81.0	107.0	82.0	82.0	88.0	89.0	96.0	78.0
271.119	81.0	108.0	85.0	91.0	109.0	80.0	78.0	108.0	77.0	88.0	114.0	88.0	88.0	105.0	81.0	85.0	84.0	89.0	92.0	84.0
271.222	83.0	108.0	84.0	94.0	109.0	80.0	80.0	101.0	71.0	94.0	107.0	87.0	92.0	106.0	88.0	85.0	78.0	88.0	98.0	83.0
271.325	82.0	110.0	80.0	94.0	121.0	78.0	87.0	101.0	76.0	91.0	107.0	89.0	87.0	109.0	85.0	82.0	85.0	82.0	97.0	81.0
271.429	79.0	109.0	84.0	95.0	111.0	78.0	79.0	108.0	75.0	87.0	112.0	85.0	84.0	103.0	80.0	86.0	85.0	87.0	91.0	83.0
271.532	84.0	113.0	88.0	94.0	113.0	81.0	81.0	108.0	81.0	92.0	112.0	85.0	85.0	108.0	79.0	86.0	86.0	78.0	95.0	86.0
271.635	73.0	111.0	80.0	86.0	110.0	73.0	74.0	105.0	75.0	85.0	112.0	85.0	85.0	106.0	74.0	81.0	79.0	79.0	88.0	80.0
271.739	80.0	109.0	76.0	91.0	115.0	76.0	77.0	103.0	76.0	87.0	109.0	83.0	84.0	110.0	81.0	78.0	74.0	78.0	87.0	80.0
271.842	81.0	104.0	75.0	90.0	117.0	85.0	77.0	102.0	77.0	85.0	102.0	82.0	82.0	105.0	78.0	85.0	81.0	82.0	90.0	86.0
271.945	78.0	106.0	78.0	88.0	113.0	80.0	81.0	104.0	75.0	92.0	104.0	85.0	84.0	106.0	85.0	92.0	86.0	84.0	92.0	83.0
272.049	76.0	104.0	81.0	88.0	117.0	76.0	78.0	104.0	77.0	86.0	115.0	88.0	84.0	107.0	74.0	83.0	79.0	86.0	94.0	80.0
272.152	82.0	106.0	74.0	96.0	116.0	77.0	73.0	108.0	72.0	89.0	108.0	83.0	85.0	105.0	84.0	80.0	76.0	86.0	90.0	81.0
272.255	79.0	108.0	79.0	92.0	112.0	77.0	79.0	99.0	75.0	96.0	105.0	84.0	82.0	109.0	83.0	91.0	84.0	86.0	98.0	83.0
272.359	84.0	106.0	75.0	93.0	113.0	76.0	81.0	104.0	78.0	92.0	108.0	83.0	85.0	110.0	82.0	89.0	75.0	83.0	91.0	85.0
272.462	77.0	106.0	82.0	90.0	112.0	79.0	82.0	100.0	77.0	97.0	111.0	88.0	91.0	110.0	84.0	86.0	82.0	76.0	94.0	85.0
272.566	78.0	107.0	76.0	89.0	118.0	84.0	81.0	104.0	82.0	93.0	107.0	95.0	89.0	108.0	85.0	86.0	88.0	89.0	95.0	84.0
272.669	86.0	116.0	83.0	107.0	121.0	85.0	84.0	102.0	80.0	96.0	106.0	90.0	95.0	108.0	86.0	91.0	85.0	88.0	102.0	89.0
272.773	84.0	115.0	81.0	104.0	117.0	82.0	89.0	102.0	78.0	100.0	110.0	86.0	92.0	105.0	90.0	94.0	90.0	87.0	97.0	91.0
272.876	89.0	111.0	89.0	100.0	109.0	81.0	83.0	107.0	77.0	100.0	117.0	95.0	92.0	105.0	84.0	92.0	79.0	92.0	90.0	92.0
272.98	88.0	113.0	83.0	102.0	119.0	79.0	83.0	101.0	74.0	100.0	104.0	87.0	89.0	107.0	92.0	80.0	80.0	95.0	97.0	83.0
273.083	86.0	113.0	84.0	91.0	118.0	81.0	85.0	107.0	75.0	95.0	104.0	84.0	87.0	110.0	80.0	90.0	79.0	87.0	95.0	82.0
273.187	89.0	113.0	86.0	97.0	116.0	89.0	84.0	109.0	80.0	105.0	105.0	85.0	91.0	105.0	77.0	99.0	87.0	90.0	100.0	87.0
273.29	90.0	123.0	88.0	122.0	121.0	83.0	87.0	103.0	83.0	110.0	114.0	97.0	88.0	106.0	96.0	99.0	95.0	103.0	121.0	99.0
273.394	86.0	119.0	82.0	111.0	118.0	77.0	79.0	104.0	83.0	103.0	105.0	93.0	84.0	106.0	88.0	93.0	86.0	96.0	105.0	93.0
273.497	90.0	115.0	87.0	113.0	123.0	85.0	85.0	109.0	82.0	115.0	107.0	95.0	94.0	110.0	96.0	96.0	98.0	99.0	116.0	95.0
273.601	88.0	118.0	93.0	121.0	122.0	91.0	90.0	107.0	83.0	119.0	109.0	97.0	95.0	105.0	95.0	93.0	94.0	97.0	111.0	92.0
273.704	93.0	110.0	91.0	119.0	116.0	84.0	89.0	110.0	83.0	107.0	105.0	96.0	94.0	112.0	89.0	96.0	96.0	96.0	113.0	97.0
273.808	82.0	110.0	81.0	105.0	114.0	84.0	84.0	104.0	76.0	96.0	106.0	95.0	90.0	104.0	91.0	93.0	93.0	98.0	106.0	85.0
273.911	86.0	116.0	88.0	112.0	118.0	89.0	86.0	98.0	73.0	110.0	112.0	94.0	84.0	109.0	93.0	96.0	96.0	100.0	115.0	88.0
274.015	93.0	116.0	88.0	123.0	117.0	87.0	94.0	103.0	82.0	111.0	117.0	100.0	90.0	104.0	89.0	102.0	99.0	109.0	126.0	100.0
274.119	88.0	118.0	91.0	134.0	117.0	86.0	89.0	108.0	76.0	109.0	113.0	103.0	92.0	108.0	95.0	105.0	102.0	108.0	129.0	99.0
274.222	90.0	124.0	85.0	139.0	124.0	89.0	82.0	102.0	83.0	117.0	109.0	106.0	88.0	106.0	104.0	108.0	106.0	112.0	135.0	101.0
274.326	84.0	114.0	90.0	129.0	121.0	93.0	84.0	105.0	79.0	107.0	114.0	100.0	94.0	104.0	96.0	105.0	101.0	110.0	127.0	97.0
274.43	93.0	112.0	88.0	132.0	127.0	90.0	90.0	106.0	83.0	110.0	117.0	108.0	93.0	108.0	99.0	106.0	109.0	107.0	133.0	105.0
274.533	95.0	121.0	98.0	144.0	113.0	96.0	91.0	104.0	79.0	111.0	109.0	107.0	98.0	103.0	107.0	117.0	118.0	110.0	136.0	102.0
274.637	99.0	122.0	104.0	145.0	125.0	97.0	92.0	113.0	79.0	117.0	113.0	109.0	101.0	109.0	107.0	118.0	116.0	109.0	138.0	105.0
274.741	97.0	122.0	96.0	140.0	122.0	88.0	95.0	104.0	85.0	118.0	109.0	97.0	99.0	104.0	100.0	113.0	117.0	110.0	140.0	99.0
274.844	88.0	113.0	91.0	144.0	119.0	89.0	88.0	98.0	80.0	111.0	112.0	91.0	91.0	104.0	90.0	108.0	110.0	104.0	139.0	104.0
274.948	90.0	116.0	91.0	137.0	119.0	93.0	89.0	104.0	78.0	112.0	102.0	94.0	86.0	102.0	91.0	99.0	101.0	106.0	122.0	94.0
275.052	88.0	120.0	89.0	120.0	117.0	79.0	86.0	100.0	75.0	104.0	107.0	91.0	86.0	110.0	92.0	98.0	101.0	100.0	117.0	99.0
275.155	90.0	119.0	90.0	116.0	122.0	80.0	85.0	109.0	79.0	108.0	113.0	99.0	97.0	112.0	89.0	99.0	105.0	106.0	128.0	96.0
275.259	91.0	104.0	87.0	111.0	118.0	83.0	88.0	104.0	80.0	107.0	100.0	94.0	89.0	102.0	93.0	93.0	91.0	95.0	113.0	90.0
275.363	91.0	105.0	88.0	106.0	110.0	83.0	86.0	106.0	76.0	98.0	110.0	88.0	88.0	104.0	85.0	98.0	95.0	91.0	112.0	95.0
275.467	81.0	112.0	95.0	104.0	112.0	79.0	88.0	103.0	76.0	94.0	101.0	99.0	91.0	107.0	87.0	92.0	88.0	88.0	104.0	90.0
275.57	82.0	109.0	86.0	97.0	116.0	81.0	87.0	97.0	77.0	85.0	110.0	86.0	94.0	104.0	84.0	93.0	90.0	90.0	101.0	79.0
275.674	82.0	105.0	82.0	97.0	113.0	79.0	82.0	99.0	77.0	90.0	109.0	90.0	86.0	110.0	80.0	92.0	91.0	84.0	105.0	88.0
275.778	86.0	106.0	84.0	104.0	115.0	83.0	79.0	105.0	76.0	95.0	108.0	87.0	84.0	102.0	80.0	94.0	91.0	85.0	105.0	87.0
275.882	83.0	112.0	80.0	101.0	117.0	75.0	86.0	107.0	82.0	88.0	109.0	92.0	89.0	103.0	87.0	87.0	90.0	86.0	111.0	92.0
275.986	81.0	113.0	79.0	96.0	116.0	75.0	77.0	101.0	78.0	89.0	106.0	90.0	91.0	104.0	86.0	88.0	85.0	89.0	100.0	86.0
276.089	86.0	107.0	85.0	102.0	117.0	84.0	86.0	104.0	85.0	95.0	109.0	93.0	84.0	112.0	88.0	86.0	85.0	85.0	101.0	88.0
276.193	78.0	107.0	78.0	93.0	112.0	77.0	84.0	113.0	80.0	89.0	111.0	82.0	84.0	105.0	85.0	89.0	84.0	86.0	92.0	87.0
276.297	73.0	110.0	72.0	92.0	112.0	76.0	81.0	103.0	75.0	77.0	111.0	82.0	81.0	102.0	77.0	79.0	78.0	86.0	93.0	84.0
276.401	79.0	107.0	77.0	86.0	103.0	77.0	81.0	100.0	67.0	89.0	109.0	88.0	89.0	104.0	81.0	83.0	83.0	84.0	90.0	75.0
276.505	82.0	104.0	80.0	91.0	110.0	80.0	82.0	102.0	75.0	93.0	111.0	82.0	81.0	104.0	84.0	92.0	85.0	82.0	99.0	85.0
276.609	78.0	104.0	81.0	87.0	113.0	74.0	82.0	96.0	72.0	86.0	110.0	80.0	84.0	104.0	77.0	78.0	86.0	77.0	89.0	85.0
276.713	71.0	102.0	82.0	91.0	111.0	75.0	76.0	107.0	67.0	85.0	115.0	87.0	85.0	103.0	80.0	84.0	80.0	79.0	89.0	82.0
276.816	72.0	110.0	75.0	84.0	113.0	74.0	71.0	101.0	75.0	86.0	97.0	79.0	83.0	108.0	82.0	84.0	86.0	85.0	84.0	81.0
276.92	78.0	106.0	75.0	86.0	110.0	77.0	79.0	100.0	80.0	82.0	103.0	80.0	86.0	107.0	79.0	76.0	83.0	81.0	86.0	80.0
277.024	74.0	105.0	78.0	88.0	111.0	76.0	79.0	103.0	78.0	83.0	108.0	78.0	79.0	108.0	77.0	79.0	82.0	83.0	93.0	83.0
277.128	75.0	102.0	80.0	89.0	113.0	80.0	79.0	105.0	72.0	85.0	109.0	83.0	85.0	110.0	78.0	88.0	77.0	80.0	85.0	83.0
277.232	75.0	107.0	76.0	88.0	111.0	75.0	77.0	100.0	81.0	82.0	107.0	80.0	82.0	108.0	83.0	81.0	82.0	78.0	89.0	75.0
277.336	79.0	108.0	84.0	88.0	117.0	83.0	81.0	109.0	84.0	90.0	111.0	85.0	88.0	106.0	77.0	86.0	85.0	80.0	98.0	86.0
277.44	82.0	105.0	83.0	92.0	109.0	77.0	83.0	107.0	75.0	95.0	109.0	78.0	81.0	108.0	80.0	89.0	89.0	81.0	96.0	82.0
277.544	77.0	104.0	77.0	94.0	106.0	70.0	82.0	109.0	80.0	89.0	106.0	78.0	83.0	104.0	78.0	79.0	84.0	79.0	93.0	84.0
277.648	77.0	109.0	80.0	91.0	113.0	74.0	81.0	102.0	79.0	92.0	101.0	88.0	84.0	104.0	76.0	84.0	87.0	84.0	97.0	84.0
277.752	79.0	104.0	79.0	92.0	113.0	78.0	79.0	104.0	73.0	87.0	105.0	88.0	85.0	103.0	82.0	88.0	82.0	83.0	92.0	82.0
277.856	77.0	100.0	82.0	93.0	109.0	79.0	76.0	101.0	76.0	88.0	111.0	87.0	77.0	103.0	83.0	87.0	88.0	83.0	96.0	86.0
277.96	82.0	107.0	84.0	98.0	113.0	82.0	82.0	106.0	72.0	97.0	106.0	87.0	86.0	109.0	84.0	91.0	93.0	88.0	99.0	84.0
278.064	83.0	104.0	81.0	99.0	110.0	80.0	85.0	99.0	79.0	92.0	100.0	84.0	87.0	108.0	87.0	84.0	85.0	86.0	102.0	82.0
278.168	86.0	110.0	87.0	95.0	114.0	79.0	87.0	101.0	82.0	90.0	108.0	90.0	88.0	114.0	90.0	92.0	88.0	91.0	108.0	84.0
278.272	85.0	101.0	80.0	102.0	115.0	79.0	88.0	108.0	80.0	91.0	110.0	90.0	83.0	105.0	84.0	96.0	89.0	90.0	103.0	87.0
278.376	81.0	106.0	85.0	100.0	117.0	83.0	79.0	113.0	74.0	91.0	106.0	83.0	81.0	105.0	83.0	88.0	81.0	80.0	104.0	87.0
278.48	79.0	107.0	83.0	99.0	113.0	76.0	82.0	102.0	77.0	92.0	101.0	80.0	85.0	108.0	85.0	94.0	80.0	87.0	103.0	78.0
278.584	83.0	106.0	74.0	92.0	110.0	79.0	75.0	98.0	70.0	88.0	102.0	85.0	85.0	105.0	82.0	86.0	78.0	81.0	97.0	84.0
278.689	76.0	107.0	79.0	98.0	112.0	82.0	87.0	101.0	75.0	84.0	104.0	84.0	87.0	108.0	78.0	91.0	83.0	81.0	96.0	84.0
278.793	81.0	111.0	88.0	93.0	109.0	86.0	82.0	102.0	74.0	89.0	110.0	88.0	88.0	102.0	81.0	81.0	86.0	79.0	97.0	87.0
278.897	85.0	110.0	92.0	100.0	113.0	84.0	88.0	104.0	68.0	93.0	109.0	87.0	85.0	107.0	92.0	85.0	81.0	90.0	100.0	83.0
279.001	85.0	105.0	94.0	91.0	113.0	84.0	89.0	99.0	73.0	87.0	109.0	87.0	85.0	107.0	90.0	90.0	93.0	94.0	100.0	83.0
279.105	84.0	109.0	95.0	101.0	121.0	80.0	84.0	110.0	77.0	95.0	112.0	81.0	85.0	98.0	85.0	97.0	89.0	88.0	107.0	88.0
279.209	103.0	135.0	106.0	125.0	135.0	101.0	100.0	130.0	97.0	115.0	133.0	102.0	106.0	129.0	108.0	111.0	111.0	104.0	122.0	110.0
279.313	85.0	115.0	89.0	105.0	117.0	73.0	82.0	105.0	71.0	91.0	109.0	85.0	86.0	104.0	81.0	86.0	85.0	82.0	99.0	85.0
279.418	90.0	113.0	89.0	110.0	117.0	82.0	86.0	106.0	76.0	98.0	107.0	99.0	92.0	106.0	92.0	93.0	95.0	87.0	107.0	93.0
279.522	86.0	103.0	94.0	113.0	119.0	90.0	87.0	107.0	83.0	104.0	110.0	98.0	99.0	106.0	96.0	95.0	98.0	96.0	119.0	95.0
279.626	100.0	115.0	100.0	120.0	122.0	91.0	91.0	101.0	85.0	116.0	106.0	91.0	102.0	110.0	96.0	103.0	108.0	94.0	114.0	98.0
279.73	95.0	112.0	103.0	124.0	125.0	91.0	90.0	106.0	82.0	104.0	110.0	103.0	102.0	106.0	96.0	102.0	97.0	100.0	122.0	92.0
279.834	92.0	116.0	110.0	136.0	119.0	91.0	101.0	100.0	82.0	120.0	106.0	109.0	105.0	102.0	105.0	105.0	115.0	109.0	137.0	108.0
279.939	103.0	119.0	110.0	141.0	121.0	97.0	96.0	106.0	86.0	116.0	106.0	109.0	105.0	111.0	103.0	113.0	123.0	105.0	154.0	111.0
280.043	94.0	123.0	102.0	138.0	116.0	98.0	94.0	104.0	86.0	118.0	106.0	97.0	95.0	106.0	100.0	110.0	120.0	94.0	137.0	97.0
280.147	93.0	112.0	96.0	127.0	118.0	86.0	95.0	102.0	84.0	106.0	107.0	96.0	99.0	105.0	98.0	105.0	107.0	103.0	127.0	97.0
280.251	96.0	116.0	100.0	123.0	116.0	83.0	91.0	108.0	82.0	107.0	110.0	100.0	96.0	106.0	97.0	106.0	107.0	103.0	123.0	98.0
280.356	93.0	112.0	103.0	140.0	118.0	92.0	96.0	103.0	80.0	108.0	112.0	107.0	101.0	105.0	105.0	102.0	121.0	103.0	136.0	95.0
280.46	96.0	122.0	103.0	148.0	116.0	93.0	107.0	107.0	83.0	121.0	110.0	108.0	95.0	106.0	102.0	115.0	124.0	105.0	149.0	108.0
280.564	93.0	114.0	107.0	133.0	112.0	88.0	98.0	104.0	79.0	110.0	108.0	96.0	98.0	107.0	100.0	108.0	115.0	105.0	138.0	100.0
280.669	95.0	115.0	93.0	120.0	115.0	88.0	88.0	102.0	83.0	96.0	108.0	102.0	98.0	110.0	95.0	98.0	100.0	91.0	118.0	89.0
280.773	89.0	110.0	91.0	110.0	119.0	77.0	89.0	109.0	79.0	100.0	108.0	96.0	91.0	105.0	90.0	100.0	101.0	98.0	116.0	92.0
280.877	89.0	107.0	87.0	120.0	115.0	89.0	90.0	106.0	79.0	104.0	113.0	91.0	90.0	105.0	86.0	101.0	111.0	90.0	113.0	98.0
280.982	85.0	102.0	93.0	115.0	116.0	84.0	85.0	108.0	81.0	101.0	107.0	93.0	94.0	108.0	93.0	102.0	100.0	80.0	113.0	94.0
281.086	87.0	111.0	94.0	115.0	118.0	89.0	88.0	106.0	86.0	100.0	111.0	100.0	95.0	108.0	89.0	98.0	108.0	94.0	127.0	96.0
281.19	97.0	116.0	105.0	152.0	120.0	101.0	98.0	106.0	85.0	118.0	105.0	114.0	103.0	108.0	104.0	116.0	126.0	105.0	149.0	102.0
281.295	101.0	113.0	100.0	145.0	120.0	98.0	95.0	109.0	83.0	112.0	105.0	106.0	99.0	103.0	98.0	110.0	119.0	105.0	140.0	100.0
281.399	96.0	110.0	107.0	153.0	110.0	94.0	100.0	109.0	82.0	114.0	110.0	102.0	98.0	108.0	98.0	114.0	128.0	98.0	149.0	100.0
281.503	92.0	114.0	98.0	133.0	117.0	90.0	97.0	105.0	88.0	113.0	116.0	102.0	95.0	108.0	96.0	105.0	113.0	100.0	128.0	96.0
281.608	90.0	116.0	88.0	112.0	117.0	85.0	89.0	102.0	83.0	103.0	107.0	92.0	97.0	108.0	95.0	100.0	103.0	102.0	113.0	92.0
281.712	87.0	113.0	88.0	107.0	119.0	86.0	86.0	108.0	77.0	97.0	112.0	93.0	90.0	111.0	89.0	96.0	97.0	89.0	117.0	90.0
281.817	91.0	124.0	96.0	119.0	122.0	91.0	95.0	120.0	91.0	107.0	122.0	98.0	96.0	118.0	94.0	110.0	109.0	104.0	114.0	98.0
281.921	86.0	113.0	83.0	105.0	115.0	81.0	83.0	104.0	78.0	98.0	109.0	84.0	91.0	104.0	79.0	97.0	90.0	93.0	103.0	87.0
282.026	90.0	108.0	90.0	121.0	114.0	90.0	93.0	105.0	81.0	104.0	106.0	100.0	99.0	106.0	92.0	99.0	108.0	94.0	119.0	95.0
282.13	104.0	115.0	111.0	152.0	126.0	100.0	105.0	109.0	85.0	118.0	109.0	113.0	106.0	106.0	112.0	122.0	134.0	115.0	152.0	107.0
282.235	110.0	123.0	142.0	204.0	123.0	121.0	120.0	113.0	94.0	151.0	110.0	132.0	124.0	110.0	129.0	149.0	172.0	125.0	208.0	119.0
282.339	120.0	119.0	131.0	200.0	127.0	121.0	113.0	107.0	89.0	147.0	114.0	132.0	118.0	111.0	127.0	146.0	172.0	126.0	204.0	119.0
282.444	104.0	119.0	109.0	164.0	123.0	100.0	103.0	105.0	83.0	129.0	106.0	117.0	108.0	108.0	119.0	127.0	146.0	118.0	168.0	113.0
282.548	102.0	117.0	116.0	166.0	125.0	99.0	111.0	108.0	92.0	127.0	113.0	117.0	104.0	106.0	108.0	130.0	145.0	111.0	170.0	114.0
282.653	106.0	122.0	113.0	160.0	129.0	106.0	113.0	115.0	93.0	130.0	114.0	108.0	105.0	112.0	109.0	118.0	143.0	108.0	162.0	114.0
282.757	90.0	112.0	100.0	138.0	115.0	90.0	93.0	103.0	79.0	113.0	112.0	105.0	102.0	113.0	104.0	112.0	111.0	104.0	140.0	101.0
282.862	93.0	113.0	86.0	121.0	114.0	87.0	83.0	107.0	80.0	107.0	112.0	99.0	88.0	110.0	98.0	101.0	100.0	95.0	119.0	90.0
282.966	94.0	112.0	86.0	116.0	116.0	89.0	89.0	106.0	82.0	106.0	110.0	94.0	92.0	105.0	86.0	104.0	104.0	99.0	120.0	95.0
283.071	81.0	109.0	87.0	119.0	117.0	83.0	87.0	104.0	73.0	104.0	109.0	94.0	92.0	107.0	90.0	91.0	107.0	96.0	109.0	88.0
283.175	90.0	109.0	92.0	115.0	111.0	86.0	95.0	104.0	74.0	94.0	108.0	94.0	90.0	104.0	91.0	92.0	97.0	104.0	111.0	84.0
283.28	85.0	103.0	87.0	106.0	110.0	73.0	86.0	102.0	74.0	98.0	105.0	94.0	91.0	105.0	85.0	99.0	102.0	97.0	104.0	86.0
283.385	90.0	112.0	88.0	114.0	121.0	82.0	87.0	99.0	77.0	105.0	106.0	95.0	86.0	100.0	89.0	98.0	107.0	99.0	117.0	95.0
283.489	92.0	116.0	104.0	134.0	123.0	91.0	94.0	107.0	79.0	118.0	109.0	102.0	96.0	105.0	98.0	108.0	115.0	106.0	128.0	97.0
283.594	96.0	120.0	108.0	144.0	121.0	93.0	100.0	105.0	88.0	121.0	111.0	117.0	104.0	112.0	115.0	113.0	133.0	108.0	146.0	101.0
283.698	101.0	116.0	102.0	129.0	122.0	91.0	87.0	109.0	85.0	108.0	110.0	104.0	92.0	113.0	102.0	111.0	116.0	110.0	131.0	98.0
283.803	94.0	115.0	97.0	122.0	123.0	91.0	85.0	102.0	79.0	102.0	112.0	98.0	94.0	108.0	94.0	101.0	106.0	102.0	121.0	91.0
283.908	86.0	112.0	93.0	109.0	119.0	83.0	86.0	106.0	80.0	98.0	113.0	98.0	87.0	108.0	94.0	101.0	93.0	99.0	116.0	93.0
284.012	90.0	115.0	96.0	119.0	115.0	87.0	96.0	111.0	77.0	104.0	117.0	96.0	95.0	107.0	96.0	95.0	94.0	94.0	116.0	87.0
284.117	88.0	114.0	89.0	105.0	122.0	84.0	87.0	106.0	80.0	102.0	108.0	94.0	92.0	107.0	90.0	95.0	86.0	87.0	105.0	87.0
284.222	87.0	108.0	84.0	103.0	118.0	79.0	85.0	107.0	77.0	94.0	105.0	85.0	80.0	103.0	87.0	95.0	96.0	87.0	102.0	87.0
284.326	83.0	103.0	86.0	101.0	112.0	80.0	82.0	112.0	81.0	96.0	107.0	88.0	79.0	109.0	82.0	89.0	91.0	85.0	106.0	86.0
284.431	86.0	117.0	99.0	118.0	115.0	75.0	87.0	105.0	86.0	100.0	107.0	95.0	90.0	107.0	91.0	100.0	103.0	92.0	113.0	93.0
284.536	84.0	111.0	93.0	105.0	119.0	89.0	86.0	105.0	85.0	101.0	109.0	92.0	91.0	112.0	90.0	88.0	95.0	99.0	109.0	95.0
284.64	88.0	107.0	86.0	109.0	116.0	89.0	87.0	106.0	84.0	103.0	109.0	91.0	91.0	111.0	94.0	99.0	97.0	92.0	115.0	94.0
284.745	87.0	109.0	84.0	117.0	110.0	85.0	90.0	100.0	86.0	97.0	104.0	87.0	95.0	111.0	89.0	93.0	97.0	90.0	110.0	88.0
284.85	91.0	111.0	99.0	109.0	120.0	85.0	92.0	104.0	77.0	93.0	109.0	95.0	94.0	109.0	90.0	98.0	98.0	92.0	111.0	89.0
284.955	86.0	116.0	95.0	108.0	116.0	87.0	89.0	101.0	77.0	107.0	105.0	101.0	87.0	107.0	93.0	91.0	102.0	91.0	122.0	86.0
285.059	84.0	107.0	94.0	110.0	122.0	92.0	84.0	106.0	77.0	105.0	116.0	98.0	90.0	103.0	92.0	99.0	111.0	98.0	112.0	94.0
285.164	94.0	113.0	96.0	124.0	114.0	81.0	93.0	108.0	77.0	98.0	108.0	91.0	90.0	103.0	94.0	98.0	112.0	89.0	124.0	93.0
285.269	83.0	111.0	89.0	119.0	116.0	84.0	91.0	103.0	77.0	100.0	104.0	93.0	92.0	110.0	95.0	100.0	111.0	94.0	123.0	89.0
285.374	86.0	104.0	95.0	120.0	117.0	87.0	79.0	111.0	81.0	102.0	110.0	96.0	94.0	106.0	97.0	103.0	106.0	99.0	118.0	95.0
285.479	96.0	112.0	96.0	134.0	119.0	97.0	95.0	107.0	82.0	108.0	112.0	102.0	90.0	112.0	101.0	101.0	108.0	98.0	127.0	94.0
285.583	101.0	113.0	108.0	140.0	117.0	95.0	97.0	104.0	85.0	112.0	109.0	111.0	104.0	98.0	108.0	111.0	126.0	105.0	147.0	105.0
285.688	94.0	109.0	101.0	131.0	114.0	92.0	93.0	106.0	82.0	108.0	108.0	102.0	95.0	103.0	101.0	106.0	117.0	105.0	138.0	96.0
285.793	96.0	115.0	94.0	132.0	119.0	94.0	101.0	100.0	77.0	106.0	107.0	104.0	94.0	108.0	102.0	105.0	108.0	99.0	132.0	94.0
285.898	91.0	111.0	95.0	118.0	114.0	87.0	87.0	100.0	80.0	105.0	105.0	95.0	92.0	104.0	93.0	99.0	105.0	94.0	120.0	92.0
286.003	86.0	111.0	84.0	115.0	115.0	88.0	85.0	107.0	75.0	91.0	107.0	82.0	90.0	101.0	82.0	97.0	100.0	86.0	108.0	90.0
286.108	81.0	106.0	76.0	109.0	114.0	79.0	83.0	102.0	73.0	89.0	110.0	85.0	86.0	107.0	89.0	89.0	93.0	84.0	100.0	87.0
286.213	81.0	115.0	86.0	111.0	118.0	80.0	81.0	105.0	77.0	94.0	107.0	87.0	88.0	113.0	90.0	96.0	95.0	92.0	115.0	82.0
286.317	92.0	111.0	99.0	118.0	118.0	93.0	90.0	105.0	83.0	98.0	107.0	98.0	93.0	115.0	88.0	100.0	106.0	93.0	120.0	87.0
286.422	87.0	115.0	93.0	124.0	116.0	88.0	93.0	107.0	87.0	105.0	109.0	94.0	92.0	104.0	89.0	100.0	110.0	95.0	122.0	100.0
286.527	83.0	114.0	86.0	119.0	109.0	83.0	92.0	101.0	80.0	90.0	111.0	88.0	88.0	106.0	90.0	99.0	102.0	89.0	116.0	86.0
286.632	85.0	113.0	85.0	114.0	113.0	82.0	89.0	106.0	74.0	97.0	105.0	93.0	89.0	107.0	89.0	99.0	98.0	95.0	117.0	86.0
286.737	84.0	114.0	83.0	107.0	115.0	79.0	87.0	102.0	76.0	85.0	111.0	90.0	87.0	103.0	82.0	92.0	91.0	97.0	108.0	87.0
286.842	101.0	120.0	96.0	119.0	133.0	94.0	105.0	117.0	91.0	113.0	121.0	100.0	100.0	114.0	100.0	104.0	103.0	98.0	121.0	105.0
286.947	107.0	120.0	102.0	141.0	124.0	101.0	102.0	112.0	96.0	117.0	122.0	105.0	105.0	112.0	104.0	116.0	119.0	109.0	134.0	104.0
287.052	97.0	116.0	110.0	142.0	125.0	88.0	105.0	113.0	88.0	118.0	121.0	110.0	110.0	112.0	108.0	124.0	121.0	119.0	153.0	104.0
287.157	100.0	111.0	112.0	146.0	127.0	98.0	94.0	105.0	84.0	120.0	110.0	105.0	108.0	108.0	111.0	112.0	127.0	111.0	149.0	110.0
287.262	94.0	113.0	90.0	139.0	124.0	94.0	91.0	108.0	78.0	109.0	114.0	106.0	104.0	109.0	107.0	110.0	114.0	106.0	138.0	103.0
287.367	88.0	108.0	89.0	120.0	114.0	85.0	95.0	105.0	79.0	104.0	109.0	97.0	94.0	104.0	103.0	101.0	109.0	100.0	116.0	100.0
287.472	85.0	110.0	90.0	116.0	126.0	86.0	89.0	107.0	77.0	99.0	118.0	93.0	90.0	106.0	95.0	101.0	98.0	88.0	115.0	86.0
287.577	105.0	130.0	107.0	122.0	140.0	99.0	99.0	121.0	95.0	117.0	132.0	112.0	108.0	129.0	102.0	106.0	107.0	111.0	117.0	104.0
287.682	89.0	113.0	92.0	116.0	117.0	84.0	86.0	109.0	77.0	104.0	110.0	94.0	95.0	108.0	88.0	100.0	104.0	87.0	118.0	97.0
287.787	87.0	121.0	105.0	136.0	130.0	94.0	98.0	114.0	82.0	120.0	112.0	107.0	99.0	111.0	108.0	108.0	115.0	101.0	142.0	105.0
287.892	91.0	118.0	101.0	145.0	125.0	93.0	96.0	104.0	85.0	112.0	112.0	111.0	105.0	107.0	112.0	109.0	116.0	100.0	141.0	89.0
287.997	97.0	113.0	102.0	135.0	118.0	95.0	86.0	110.0	80.0	110.0	103.0	104.0	102.0	116.0	102.0	110.0	111.0	105.0	128.0	100.0
288.102	88.0	110.0	84.0	116.0	118.0	88.0	87.0	105.0	77.0	98.0	107.0	92.0	92.0	103.0	95.0	98.0	101.0	97.0	116.0	94.0
288.207	89.0	109.0	85.0	113.0	107.0	83.0	89.0	104.0	83.0	102.0	104.0	94.0	92.0	105.0	96.0	102.0	108.0	93.0	113.0	88.0
288.312	92.0	117.0	100.0	128.0	112.0	90.0	92.0	104.0	77.0	98.0	110.0	98.0	96.0	108.0	96.0	103.0	108.0	101.0	124.0	94.0
288.417	91.0	106.0	93.0	126.0	122.0	92.0	89.0	103.0	80.0	105.0	108.0	103.0	98.0	111.0	98.0	98.0	102.0	97.0	132.0	90.0
288.523	84.0	110.0	94.0	120.0	116.0	88.0	89.0	109.0	80.0	98.0	107.0	94.0	92.0	105.0	89.0	102.0	104.0	99.0	122.0	96.0
288.628	86.0	108.0	83.0	116.0	108.0	85.0	82.0	108.0	80.0	93.0	109.0	94.0	91.0	102.0	89.0	103.0	98.0	88.0	114.0	90.0
288.733	83.0	111.0	88.0	104.0	118.0	82.0	91.0	110.0	78.0	98.0	109.0	94.0	91.0	109.0	90.0	93.0	99.0	95.0	99.0	85.0
288.838	82.0	105.0	89.0	98.0	112.0	82.0	78.0	101.0	74.0	90.0	103.0	89.0	91.0	105.0	81.0	88.0	86.0	90.0	96.0	85.0
288.943	74.0	110.0	78.0	91.0	109.0	79.0	82.0	104.0	75.0	86.0	100.0	80.0	83.0	105.0	80.0	86.0	84.0	87.0	85.0	83.0
289.048	73.0	105.0	73.0	86.0	109.0	80.0	79.0	106.0	76.0	91.0	106.0	77.0	82.0	107.0	81.0	89.0	81.0	82.0	93.0	85.0
289.153	81.0	105.0	78.0	95.0	107.0	77.0	72.0	108.0	71.0	86.0	109.0	73.0	76.0	106.0	78.0	88.0	84.0	83.0	90.0	74.0
289.259	72.0	109.0	77.0	84.0	118.0	79.0	75.0	97.0	73.0	85.0	106.0	85.0	81.0	110.0	73.0	82.0	73.0	86.0	91.0	78.0
289.364	87.0	107.0	80.0	84.0	114.0	79.0	76.0	99.0	79.0	89.0	108.0	87.0	85.0	102.0	77.0	85.0	80.0	82.0	93.0	82.0
289.469	80.0	105.0	76.0	86.0	106.0	79.0	77.0	109.0	74.0	86.0	106.0	79.0	79.0	104.0	76.0	83.0	80.0	76.0	82.0	81.0
289.574	80.0	111.0	84.0	90.0	112.0	75.0	84.0	113.0	75.0	92.0	102.0	82.0	85.0	112.0	81.0	94.0	79.0	84.0	91.0	84.0
289.679	80.0	106.0	82.0	88.0	112.0	73.0	78.0	101.0	73.0	86.0	103.0	83.0	83.0	106.0	81.0	84.0	80.0	79.0	86.0	91.0
289.785	77.0	103.0	76.0	88.0	115.0	76.0	80.0	105.0	76.0	82.0	105.0	88.0	86.0	112.0	81.0	81.0	76.0	86.0	91.0	84.0
289.89	84.0	100.0	79.0	93.0	113.0	78.0	83.0	106.0	75.0	92.0	100.0	77.0	83.0	105.0	82.0	86.0	87.0	84.0	92.0	85.0
289.995	85.0	112.0	88.0	100.0	116.0	83.0	86.0	109.0	77.0	96.0	106.0	88.0	88.0	109.0	88.0	93.0	92.0	84.0	105.0	87.0
290.1	84.0	114.0	92.0	109.0	117.0	80.0	89.0	108.0	82.0	102.0	114.0	91.0	97.0	109.0	92.0	93.0	95.0	95.0	108.0	82.0
290.206	97.0	107.0	95.0	114.0	119.0	91.0	91.0	111.0	80.0	99.0	116.0	95.0	95.0	113.0	94.0	90.0	97.0	102.0	112.0	94.0
290.311	87.0	106.0	84.0	106.0	112.0	87.0	87.0	108.0	80.0	103.0	104.0	88.0	82.0	101.0	82.0	90.0	103.0	88.0	105.0	90.0
290.416	91.0	110.0	91.0	118.0	114.0	80.0	90.0	107.0	75.0	102.0	106.0	96.0	94.0	108.0	94.0	96.0	107.0	91.0	111.0	86.0
290.522	96.0	111.0	99.0	119.0	121.0	90.0	91.0	104.0	87.0	114.0	100.0	95.0	93.0	103.0	96.0	96.0	94.0	96.0	106.0	94.0
290.627	96.0	114.0	90.0	110.0	127.0	95.0	91.0	112.0	86.0	103.0	116.0	101.0	102.0	113.0	93.0	97.0	94.0	98.0	109.0	96.0
290.732	89.0	108.0	89.0	106.0	115.0	86.0	92.0	111.0	83.0	106.0	107.0	96.0	97.0	108.0	87.0	96.0	96.0	97.0	105.0	94.0
290.838	88.0	112.0	91.0	110.0	112.0	82.0	92.0	106.0	79.0	103.0	112.0	95.0	90.0	108.0	89.0	96.0	97.0	85.0	110.0	90.0
290.943	85.0	108.0	92.0	117.0	114.0	89.0	85.0	102.0	73.0	93.0	109.0	94.0	93.0	114.0	94.0	97.0	98.0	87.0	116.0	88.0
291.048	85.0	114.0	83.0	101.0	122.0	80.0	83.0	104.0	74.0	91.0	114.0	91.0	83.0	115.0	84.0	91.0	95.0	91.0	102.0	91.0
291.154	83.0	111.0	85.0	107.0	116.0	84.0	89.0	110.0	77.0	101.0	105.0	81.0	85.0	106.0	84.0	99.0	97.0	85.0	102.0	96.0
291.259	79.0	111.0	85.0	103.0	115.0	77.0	78.0	106.0	78.0	87.0	108.0	81.0	81.0	101.0	83.0	95.0	89.0	88.0	96.0	87.0
291.364	82.0	109.0	88.0	100.0	109.0	78.0	82.0	105.0	76.0	92.0	107.0	87.0	90.0	109.0	89.0	98.0	95.0	87.0	108.0	86.0
291.47	79.0	103.0	80.0	94.0	117.0	83.0	78.0	107.0	78.0	91.0	105.0	83.0	88.0	106.0	86.0	93.0	88.0	86.0	97.0	80.0
291.575	93.0	110.0	88.0	106.0	121.0	90.0	93.0	115.0	86.0	103.0	117.0	89.0	95.0	116.0	94.0	99.0	100.0	93.0	106.0	95.0
291.681	86.0	109.0	79.0	100.0	107.0	82.0	84.0	111.0	77.0	89.0	111.0	85.0	87.0	104.0	86.0	88.0	86.0	83.0	99.0	85.0
291.786	88.0	111.0	81.0	107.0	109.0	79.0	85.0	103.0	74.0	95.0	110.0	88.0	88.0	102.0	87.0	96.0	94.0	83.0	107.0	86.0
291.891	87.0	109.0	87.0	103.0	119.0	81.0	79.0	103.0	74.0	88.0	107.0	85.0	85.0	106.0	90.0	87.0	86.0	83.0	101.0	82.0
291.997	87.0	104.0	83.0	100.0	118.0	86.0	83.0	104.0	76.0	97.0	104.0	90.0	87.0	100.0	90.0	93.0	95.0	84.0	101.0	87.0
292.102	88.0	107.0	84.0	108.0	116.0	75.0	87.0	101.0	76.0	99.0	107.0	86.0	91.0	105.0	84.0	88.0	99.0	89.0	109.0	89.0
292.208	90.0	114.0	103.0	123.0	121.0	91.0	94.0	107.0	80.0	106.0	109.0	108.0	99.0	105.0	100.0	99.0	105.0	106.0	125.0	103.0
292.313	90.0	106.0	100.0	115.0	117.0	91.0	89.0	104.0	84.0	113.0	106.0	104.0	101.0	108.0	99.0	101.0	106.0	103.0	125.0	93.0
292.419	104.0	120.0	98.0	126.0	119.0	98.0	89.0	112.0	87.0	112.0	106.0	99.0	98.0	108.0	97.0	104.0	110.0	94.0	128.0	102.0
292.524	87.0	112.0	93.0	117.0	121.0	93.0	92.0	111.0	84.0	105.0	107.0	101.0	95.0	105.0	99.0	103.0	108.0	101.0	118.0	97.0
292.63	96.0	113.0	91.0	121.0	117.0	89.0	90.0	106.0	79.0	107.0	109.0	93.0	96.0	105.0	96.0	105.0	101.0	98.0	116.0	89.0
292.735	93.0	123.0	97.0	116.0	124.0	85.0	92.0	100.0	81.0	109.0	116.0	92.0	98.0	110.0	93.0	94.0	103.0	95.0	115.0	99.0
292.841	86.0	109.0	85.0	110.0	116.0	84.0	82.0	101.0	74.0	101.0	113.0	87.0	86.0	103.0	82.0	92.0	90.0	92.0	107.0	96.0
292.946	96.0	111.0	96.0	127.0	116.0	96.0	95.0	112.0	80.0	110.0	112.0	100.0	90.0	109.0	92.0	101.0	106.0	100.0	113.0	101.0
293.052	94.0	111.0	94.0	121.0	124.0	84.0	90.0	105.0	82.0	107.0	111.0	98.0	92.0	109.0	96.0	102.0	106.0	101.0	114.0	93.0
293.158	91.0	112.0	96.0	134.0	121.0	96.0	90.0	101.0	82.0	112.0	103.0	99.0	102.0	105.0	99.0	106.0	115.0	103.0	126.0	103.0
293.263	106.0	112.0	105.0	145.0	123.0	98.0	96.0	99.0	88.0	123.0	104.0	102.0	106.0	116.0	106.0	111.0	118.0	106.0	135.0	105.0
293.369	99.0	120.0	99.0	132.0	125.0	94.0	93.0	110.0	86.0	115.0	112.0	99.0	97.0	109.0	99.0	108.0	116.0	103.0	138.0	99.0
293.474	178.0	193.0	187.0	217.0	196.0	170.0	178.0	180.0	165.0	194.0	196.0	189.0	185.0	183.0	183.0	187.0	194.0	188.0	219.0	175.0
293.58	115.0	127.0	132.0	166.0	134.0	115.0	120.0	109.0	98.0	145.0	113.0	128.0	123.0	113.0	117.0	122.0	135.0	126.0	171.0	123.0
293.685	109.0	122.0	116.0	151.0	133.0	101.0	102.0	108.0	96.0	136.0	112.0	121.0	112.0	101.0	108.0	117.0	121.0	114.0	148.0	111.0
293.791	104.0	120.0	119.0	151.0	117.0	98.0	104.0	109.0	84.0	129.0	116.0	114.0	107.0	109.0	100.0	123.0	128.0	119.0	144.0	112.0
293.897	103.0	125.0	118.0	161.0	125.0	100.0	108.0	109.0	88.0	133.0	112.0	114.0	115.0	116.0	113.0	119.0	130.0	116.0	159.0	111.0
294.002	88.0	115.0	104.0	152.0	122.0	96.0	97.0	109.0	84.0	118.0	108.0	109.0	105.0	109.0	104.0	112.0	128.0	109.0	146.0	101.0
294.108	120.0	126.0	121.0	155.0	138.0	117.0	107.0	116.0	91.0	141.0	120.0	123.0	117.0	118.0	110.0	129.0	137.0	117.0	151.0	116.0
294.214	101.0	122.0	100.0	136.0	138.0	103.0	105.0	117.0	93.0	125.0	116.0	117.0	117.0	113.0	114.0	111.0	112.0	109.0	134.0	109.0
294.319	91.0	120.0	102.0	132.0	117.0	89.0	102.0	107.0	84.0	125.0	109.0	108.0	105.0	109.0	98.0	107.0	99.0	106.0	123.0	101.0
294.425	94.0	111.0	99.0	117.0	123.0	89.0	95.0	101.0	78.0	103.0	106.0	98.0	101.0	109.0	100.0	95.0	95.0	96.0	111.0	94.0
294.531	87.0	110.0	97.0	107.0	116.0	84.0	83.0	105.0	83.0	107.0	107.0	92.0	97.0	111.0	96.0	93.0	92.0	93.0	108.0	95.0
294.636	76.0	110.0	88.0	108.0	117.0	83.0	81.0	105.0	85.0	98.0	108.0	84.0	97.0	104.0	78.0	94.0	88.0	88.0	103.0	88.0
294.742	80.0	106.0	90.0	107.0	116.0	75.0	89.0	100.0	80.0	100.0	107.0	95.0	93.0	102.0	91.0	94.0	94.0	92.0	103.0	91.0
294.848	118.0	132.0	126.0	149.0	143.0	113.0	115.0	124.0	107.0	135.0	132.0	127.0	118.0	130.0	123.0	130.0	123.0	127.0	145.0	114.0
294.954	102.0	123.0	104.0	132.0	132.0	100.0	99.0	110.0	88.0	123.0	114.0	120.0	114.0	113.0	107.0	113.0	110.0	112.0	137.0	110.0
295.059	129.0	138.0	127.0	162.0	154.0	125.0	127.0	130.0	116.0	166.0	129.0	140.0	146.0	127.0	131.0	135.0	142.0	135.0	165.0	131.0
295.165	98.0	126.0	104.0	133.0	128.0	99.0	103.0	111.0	88.0	126.0	113.0	109.0	108.0	115.0	114.0	114.0	115.0	107.0	134.0	104.0
295.271	101.0	121.0	106.0	142.0	126.0	98.0	102.0	105.0	76.0	119.0	109.0	116.0	114.0	118.0	108.0	111.0	110.0	110.0	137.0	102.0
295.377	105.0	122.0	105.0	140.0	125.0	92.0	103.0	104.0	88.0	118.0	104.0	114.0	106.0	109.0	101.0	115.0	113.0	109.0	143.0	107.0
295.482	94.0	119.0	100.0	132.0	123.0	98.0	96.0	112.0	89.0	109.0	113.0	104.0	100.0	111.0	98.0	109.0	108.0	99.0	127.0	101.0
295.588	95.0	114.0	88.0	120.0	116.0	78.0	86.0	109.0	79.0	101.0	112.0	93.0	90.0	109.0	86.0	99.0	100.0	90.0	109.0	91.0
295.694	87.0	114.0	90.0	115.0	117.0	87.0	92.0	104.0	72.0	102.0	115.0	92.0	97.0	103.0	85.0	103.0	105.0	95.0	107.0	96.0
295.8	83.0	104.0	82.0	105.0	107.0	84.0	79.0	108.0	79.0	98.0	104.0	93.0	84.0	105.0	86.0	95.0	92.0	87.0	97.0	91.0
295.906	89.0	109.0	91.0	102.0	119.0	87.0	88.0	104.0	83.0	101.0	105.0	89.0	93.0	104.0	89.0	93.0	87.0	86.0	95.0	95.0
296.011	92.0	116.0	89.0	93.0	116.0	87.0	88.0	106.0	80.0	99.0	108.0	93.0	94.0	104.0	88.0	98.0	93.0	84.0	104.0	93.0
296.117	95.0	124.0	98.0	105.0	117.0	91.0	96.0	105.0	84.0	107.0	114.0	94.0	100.0	117.0	98.0	96.0	92.0	95.0	97.0	86.0
296.223	79.0	109.0	90.0	100.0	121.0	87.0	85.0	103.0	75.0	97.0	109.0	85.0	87.0	107.0	89.0	86.0	82.0	93.0	97.0	93.0
296.329	83.0	114.0	84.0	92.0	120.0	87.0	84.0	105.0	85.0	100.0	108.0	86.0	85.0	103.0	86.0	92.0	92.0	86.0	92.0	91.0
296.435	81.0	113.0	86.0	97.0	120.0	82.0	86.0	104.0	80.0	99.0	109.0	85.0	91.0	104.0	88.0	89.0	90.0	86.0	93.0	84.0
296.541	79.0	112.0	86.0	98.0	114.0	83.0	85.0	109.0	78.0	91.0	109.0	87.0	87.0	109.0	92.0	85.0	83.0	89.0	97.0	89.0
296.647	81.0	107.0	89.0	92.0	122.0	87.0	82.0	106.0	79.0	99.0	103.0	86.0	90.0	109.0	88.0	94.0	84.0	89.0	96.0	89.0
296.752	86.0	111.0	84.0	94.0	120.0	79.0	77.0	105.0	72.0	89.0	105.0	84.0	90.0	108.0	87.0	86.0	86.0	91.0	91.0	88.0
296.858	86.0	115.0	85.0	95.0	118.0	82.0	86.0	109.0	81.0	92.0	110.0	87.0	82.0	110.0	84.0	90.0	89.0	82.0	92.0	86.0
296.964	80.0	109.0	80.0	90.0	116.0	81.0	86.0	107.0	71.0	86.0	111.0	85.0	89.0	107.0	81.0	84.0	80.0	84.0	89.0	78.0
297.07	83.0	105.0	84.0	87.0	109.0	78.0	78.0	104.0	77.0	90.0	107.0	82.0	81.0	110.0	76.0	83.0	82.0	84.0	87.0	76.0
297.176	93.0	120.0	94.0	104.0	124.0	88.0	91.0	126.0	92.0	101.0	121.0	94.0	96.0	117.0	98.0	98.0	102.0	92.0	108.0	104.0
297.282	86.0	110.0	87.0	101.0	114.0	77.0	86.0	104.0	75.0	96.0	110.0	82.0	87.0	103.0	81.0	91.0	94.0	90.0	94.0	79.0
297.388	80.0	106.0	81.0	102.0	112.0	81.0	85.0	103.0	78.0	88.0	105.0	84.0	86.0	114.0	85.0	88.0	94.0	88.0	99.0	92.0
297.494	78.0	103.0	78.0	95.0	115.0	81.0	79.0	100.0	77.0	89.0	106.0	85.0	84.0	112.0	83.0	94.0	84.0	85.0	93.0	81.0
297.6	80.0	110.0	80.0	98.0	117.0	78.0	78.0	105.0	72.0	91.0	106.0	87.0	84.0	103.0	79.0	94.0	90.0	86.0	94.0	86.0
297.706	92.0	115.0	83.0	108.0	112.0	82.0	89.0	105.0	79.0	95.0	103.0	86.0	83.0	107.0	82.0	92.0	90.0	92.0	94.0	90.0
297.812	83.0	113.0	79.0	103.0	120.0	81.0	88.0	105.0	72.0	89.0	109.0	81.0	88.0	108.0	91.0	93.0	93.0	92.0	93.0	83.0
297.918	85.0	112.0	87.0	108.0	114.0	82.0	86.0	108.0	73.0	89.0	106.0	94.0	87.0	109.0	90.0	97.0	88.0	90.0	100.0	88.0
298.024	82.0	110.0	80.0	102.0	115.0	80.0	84.0	109.0	74.0	92.0	113.0	81.0	84.0	108.0	80.0	92.0	91.0	86.0	97.0	87.0
298.13	82.0	107.0	78.0	94.0	114.0	78.0	83.0	112.0	78.0	93.0	107.0	81.0	85.0	110.0	85.0	93.0	85.0	84.0	96.0	92.0
298.236	81.0	112.0	79.0	97.0	114.0	77.0	79.0	104.0	78.0	90.0	107.0	80.0	83.0	108.0	84.0	90.0	83.0	86.0	92.0	90.0
298.342	75.0	102.0	78.0	94.0	113.0	73.0	87.0	105.0	78.0	85.0	107.0	86.0	82.0	109.0	83.0	81.0	74.0	86.0	89.0	85.0
298.448	83.0	107.0	89.0	90.0	110.0	78.0	80.0	106.0	84.0	84.0	106.0	86.0	85.0	111.0	87.0	86.0	79.0	80.0	98.0	82.0
298.554	82.0	110.0	76.0	82.0	108.0	81.0	80.0	102.0	78.0	88.0	105.0	82.0	84.0	106.0	78.0	86.0	83.0	82.0	89.0	87.0
298.66	79.0	108.0	79.0	90.0	107.0	83.0	80.0	103.0	74.0	88.0	107.0	85.0	82.0	100.0	78.0	86.0	88.0	85.0	90.0	78.0
298.766	80.0	111.0	76.0	89.0	110.0	71.0	79.0	101.0	71.0	92.0	101.0	85.0	88.0	100.0	85.0	85.0	82.0	82.0	88.0	84.0
298.872	81.0	108.0	82.0	93.0	114.0	76.0	87.0	108.0	78.0	90.0	104.0	89.0	82.0	107.0	84.0	85.0	80.0	83.0	87.0	77.0
298.979	78.0	109.0	84.0	83.0	113.0	78.0	82.0	100.0	75.0	86.0	104.0	82.0	80.0	97.0	80.0	80.0	82.0	73.0	88.0	78.0
299.085	73.0	106.0	83.0	90.0	110.0	70.0	78.0	102.0	77.0	89.0	108.0	81.0	85.0	106.0	79.0	80.0	82.0	81.0	88.0	84.0
299.191	78.0	101.0	80.0	89.0	116.0	76.0	81.0	102.0	78.0	93.0	103.0	87.0	88.0	113.0	85.0	82.0	75.0	82.0	86.0	80.0
299.297	77.0	104.0	78.0	91.0	108.0	79.0	77.0	108.0	74.0	87.0	102.0	86.0	81.0	104.0	82.0	79.0	82.0	83.0	89.0	80.0
299.403	85.0	111.0	80.0	90.0	114.0	81.0	80.0	100.0	81.0	96.0	105.0	84.0	84.0	101.0	87.0	78.0	80.0	89.0	90.0	83.0
299.509	81.0	105.0	82.0	88.0	118.0	74.0	86.0	106.0	74.0	89.0	112.0	85.0	89.0	107.0	84.0	82.0	85.0	83.0	88.0	85.0
299.615	85.0	109.0	79.0	91.0	118.0	78.0	91.0	103.0	76.0	95.0	110.0	89.0	88.0	109.0	88.0	83.0	83.0	90.0	91.0	88.0
299.722	79.0	104.0	80.0	91.0	112.0	77.0	77.0	106.0	80.0	91.0	99.0	82.0	86.0	104.0	86.0	85.0	82.0	83.0	89.0	87.0
299.828	78.0	115.0	73.0	84.0	113.0	74.0	77.0	104.0	80.0	93.0	103.0	76.0	82.0	105.0	77.0	82.0	82.0	86.0	83.0	82.0
299.934	87.0	114.0	87.0	88.0	120.0	75.0	82.0	107.0	81.0	90.0	108.0	83.0	91.0	105.0	84.0	88.0	90.0	79.0	88.0	80.0
300.04	81.0	102.0	74.0	88.0	114.0	72.0	75.0	102.0	73.0	88.0	108.0	84.0	88.0	107.0	82.0	79.0	73.0	78.0	82.0	82.0
300.146	80.0	110.0	80.0	81.0	108.0	78.0	76.0	102.0	82.0	89.0	99.0	80.0	81.0	101.0	84.0	84.0	80.0	85.0	87.0	81.0
300.253	81.0	111.0	78.0	88.0	113.0	76.0	78.0	103.0	77.0	86.0	97.0	84.0	82.0	102.0	77.0	90.0	80.0	82.0	86.0	82.0
300.359	79.0	103.0	81.0	87.0	111.0	78.0	79.0	107.0	72.0	82.0	105.0	85.0	78.0	106.0	84.0	83.0	81.0	86.0	83.0	83.0
300.465	88.0	117.0	85.0	88.0	118.0	81.0	89.0	104.0	75.0	95.0	110.0	85.0	88.0	115.0	87.0	85.0	85.0	88.0	87.0	84.0
300.571	101.0	125.0	104.0	106.0	135.0	97.0	98.0	127.0	101.0	103.0	130.0	103.0	103.0	130.0	110.0	109.0	98.0	105.0	108.0	102.0
300.678	79.0	109.0	82.0	85.0	112.0	78.0	89.0	109.0	76.0	88.0	111.0	82.0	84.0	109.0	80.0	85.0	81.0	77.0	90.0	83.0
300.784	80.0	107.0	83.0	86.0	114.0	76.0	80.0	114.0	76.0	84.0	101.0	74.0	83.0	111.0	78.0	85.0	82.0	78.0	83.0	88.0
300.89	77.0	105.0	76.0	91.0	114.0	82.0	83.0	100.0	76.0	85.0	105.0	87.0	87.0	104.0	81.0	85.0	82.0	81.0	82.0	78.0
300.996	84.0	107.0	85.0	100.0	109.0	83.0	77.0	105.0	82.0	92.0	110.0	91.0	81.0	110.0	86.0	86.0	91.0	94.0	97.0	81.0
301.103	91.0	114.0	104.0	128.0	116.0	96.0	96.0	104.0	85.0	115.0	103.0	104.0	103.0	106.0	106.0	114.0	113.0	103.0	131.0	91.0
301.209	89.0	114.0	95.0	117.0	122.0	88.0	94.0	109.0	79.0	100.0	103.0	105.0	98.0	110.0	104.0	101.0	106.0	104.0	126.0	96.0
301.315	91.0	111.0	97.0	118.0	124.0	89.0	98.0	105.0	79.0	108.0	108.0	100.0	101.0	104.0	98.0	97.0	102.0	97.0	118.0	89.0
301.422	99.0	116.0	97.0	116.0	121.0	93.0	98.0	110.0	87.0	112.0	112.0	101.0	99.0	114.0	102.0	98.0	101.0	98.0	118.0	99.0
301.528	91.0	121.0	89.0	110.0	121.0	90.0	89.0	106.0	83.0	108.0	107.0	91.0	90.0	107.0	92.0	99.0	98.0	98.0	108.0	91.0
301.634	92.0	113.0	88.0	111.0	125.0	80.0	86.0	112.0	75.0	105.0	105.0	90.0	93.0	104.0	85.0	99.0	94.0	93.0	107.0	94.0
301.741	74.0	103.0	89.0	109.0	120.0	87.0	87.0	106.0	75.0	95.0	108.0	99.0	87.0	110.0	92.0	95.0	95.0	91.0	98.0	90.0
301.847	81.0	113.0	88.0	108.0	120.0	87.0	87.0	105.0	76.0	98.0	106.0	102.0	90.0	112.0	89.0	92.0	102.0	93.0	103.0	94.0
301.953	86.0	115.0	93.0	108.0	119.0	87.0	88.0	110.0	83.0	100.0	103.0	88.0	90.0	114.0	90.0	97.0	99.0	95.0	107.0	92.0
302.06	88.0	103.0	82.0	98.0	122.0	82.0	80.0	112.0	78.0	87.0	103.0	92.0	86.0	112.0	87.0	94.0	91.0	87.0	102.0	90.0
302.166	101.0	132.0	101.0	122.0	138.0	95.0	104.0	126.0	92.0	115.0	134.0	109.0	112.0	131.0	109.0	108.0	106.0	107.0	116.0	104.0
302.273	88.0	111.0	96.0	112.0	123.0	87.0	90.0	111.0	76.0	94.0	111.0	98.0	93.0	108.0	98.0	100.0	93.0	100.0	114.0	91.0
302.379	111.0	124.0	116.0	135.0	133.0	108.0	106.0	119.0	96.0	123.0	121.0	115.0	104.0	118.0	114.0	114.0	124.0	113.0	147.0	113.0
302.485	90.0	120.0	95.0	118.0	131.0	85.0	91.0	109.0	88.0	103.0	108.0	97.0	102.0	106.0	93.0	100.0	106.0	87.0	120.0	91.0
302.592	88.0	107.0	90.0	117.0	119.0	82.0	90.0	98.0	75.0	104.0	104.0	96.0	91.0	102.0	95.0	97.0	97.0	89.0	109.0	89.0
302.698	81.0	108.0	90.0	109.0	114.0	90.0	84.0	108.0	85.0	104.0	107.0	95.0	92.0	104.0	95.0	97.0	93.0	95.0	108.0	87.0
302.805	83.0	108.0	86.0	99.0	114.0	82.0	84.0	106.0	79.0	92.0	109.0	82.0	84.0	107.0	84.0	95.0	85.0	91.0	98.0	89.0
302.911	83.0	109.0	77.0	94.0	111.0	77.0	79.0	104.0	77.0	92.0	104.0	87.0	86.0	100.0	76.0	89.0	82.0	83.0	92.0	86.0
303.018	78.0	104.0	77.0	87.0	113.0	81.0	84.0	106.0	74.0	88.0	108.0	81.0	86.0	102.0	81.0	85.0	86.0	80.0	86.0	78.0
303.124	80.0	108.0	81.0	95.0	116.0	80.0	84.0	96.0	72.0	93.0	106.0	87.0	88.0	102.0	84.0	83.0	85.0	82.0	88.0	81.0
303.231	82.0	116.0	83.0	96.0	121.0	80.0	87.0	105.0	80.0	89.0	107.0	86.0	86.0	105.0	84.0	90.0	87.0	91.0	106.0	88.0
303.337	88.0	116.0	87.0	97.0	126.0	89.0	83.0	113.0	77.0	99.0	115.0	83.0	86.0	105.0	86.0	91.0	93.0	87.0	101.0	88.0
303.444	84.0	105.0	80.0	94.0	112.0	79.0	85.0	102.0	74.0	93.0	105.0	84.0	87.0	106.0	79.0	92.0	84.0	83.0	92.0	78.0
303.55	97.0	127.0	95.0	117.0	128.0	91.0	100.0	112.0	93.0	103.0	124.0	100.0	102.0	119.0	102.0	98.0	100.0	101.0	109.0	100.0
303.657	88.0	109.0	86.0	98.0	122.0	81.0	76.0	97.0	77.0	97.0	109.0	84.0	85.0	108.0	82.0	92.0	81.0	93.0	99.0	86.0
303.763	89.0	115.0	87.0	107.0	119.0	88.0	86.0	104.0	85.0	93.0	107.0	92.0	92.0	108.0	91.0	92.0	89.0	92.0	100.0	90.0
303.87	94.0	113.0	87.0	115.0	126.0	84.0	96.0	111.0	79.0	106.0	115.0	93.0	92.0	106.0	88.0	92.0	104.0	89.0	116.0	96.0
303.976	91.0	115.0	102.0	114.0	118.0	97.0	92.0	106.0	77.0	99.0	104.0	100.0	97.0	107.0	92.0	94.0	96.0	92.0	119.0	96.0
304.083	88.0	118.0	98.0	122.0	125.0	93.0	96.0	106.0	82.0	100.0	108.0	102.0	94.0	114.0	102.0	102.0	105.0	103.0	123.0	96.0
304.189	90.0	118.0	97.0	118.0	128.0	87.0	86.0	107.0	82.0	98.0	112.0	96.0	95.0	112.0	92.0	100.0	104.0	96.0	124.0	100.0
304.296	93.0	113.0	100.0	127.0	123.0	90.0	93.0	112.0	84.0	110.0	104.0	102.0	97.0	116.0	98.0	106.0	111.0	99.0	123.0	99.0
304.402	89.0	116.0	89.0	121.0	124.0	89.0	90.0	108.0	84.0	112.0	110.0	108.0	98.0	108.0	97.0	100.0	104.0	97.0	113.0	92.0
304.509	84.0	108.0	89.0	107.0	125.0	87.0	86.0	108.0	76.0	103.0	110.0	92.0	92.0	106.0	94.0	92.0	97.0	93.0	110.0	87.0
304.616	91.0	115.0	88.0	107.0	126.0	87.0	80.0	109.0	85.0	96.0	107.0	91.0	96.0	108.0	92.0	100.0	92.0	89.0	104.0	93.0
304.722	83.0	111.0	82.0	104.0	127.0	81.0	87.0	107.0	69.0	92.0	109.0	87.0	88.0	115.0	88.0	94.0	96.0	86.0	99.0	88.0
304.829	82.0	111.0	81.0	103.0	118.0	82.0	86.0	103.0	76.0	96.0	106.0	87.0	95.0	110.0	97.0	90.0	89.0	85.0	101.0	84.0
304.936	91.0	107.0	96.0	107.0	120.0	84.0	88.0	107.0	76.0	90.0	109.0	95.0	88.0	101.0	91.0	94.0	88.0	91.0	110.0	86.0
305.042	99.0	120.0	103.0	137.0	127.0	100.0	100.0	103.0	94.0	118.0	110.0	108.0	106.0	109.0	107.0	110.0	118.0	104.0	140.0	106.0
305.149	109.0	130.0	124.0	179.0	130.0	111.0	117.0	105.0	96.0	142.0	112.0	129.0	124.0	111.0	123.0	134.0	145.0	126.0	183.0	128.0
305.255	104.0	126.0	122.0	166.0	140.0	100.0	116.0	112.0	93.0	132.0	112.0	131.0	123.0	117.0	130.0	127.0	138.0	127.0	174.0	119.0
305.362	100.0	119.0	123.0	164.0	141.0	103.0	107.0	112.0	88.0	125.0	115.0	123.0	119.0	118.0	125.0	126.0	141.0	129.0	166.0	114.0
305.469	103.0	118.0	120.0	173.0	134.0	111.0	104.0	110.0	95.0	128.0	109.0	122.0	111.0	112.0	120.0	131.0	143.0	125.0	171.0	117.0
305.576	102.0	113.0	109.0	162.0	128.0	105.0	107.0	113.0	89.0	123.0	109.0	117.0	108.0	111.0	111.0	121.0	134.0	110.0	161.0	110.0
305.682	104.0	125.0	104.0	146.0	132.0	103.0	106.0	111.0	79.0	117.0	116.0	115.0	112.0	115.0	111.0	116.0	123.0	107.0	146.0	104.0
305.789	102.0	120.0	110.0	146.0	123.0	102.0	102.0	106.0	85.0	117.0	110.0	119.0	102.0	113.0	108.0	120.0	121.0	111.0	148.0	105.0
305.896	110.0	128.0	122.0	167.0	133.0	109.0	109.0	105.0	93.0	138.0	116.0	126.0	117.0	107.0	126.0	139.0	146.0	128.0	173.0	120.0
306.002	161.0	149.0	197.0	279.0	156.0	145.0	169.0	112.0	124.0	200.0	116.0	192.0	180.0	105.0	179.0	195.0	228.0	174.0	295.0	169.0
306.109	155.0	145.0	185.0	266.0	154.0	148.0	150.0	112.0	110.0	193.0	114.0	181.0	168.0	111.0	173.0	184.0	213.0	172.0	262.0	160.0
306.216	139.0	147.0	166.0	220.0	152.0	147.0	134.0	120.0	120.0	174.0	126.0	170.0	154.0	124.0	167.0	169.0	191.0	155.0	230.0	146.0
306.323	128.0	137.0	146.0	197.0	143.0	123.0	122.0	111.0	99.0	159.0	110.0	149.0	129.0	108.0	142.0	145.0	165.0	142.0	201.0	130.0
306.429	127.0	134.0	142.0	197.0	144.0	118.0	120.0	107.0	101.0	160.0	115.0	146.0	130.0	108.0	143.0	147.0	169.0	137.0	199.0	130.0
306.536	149.0	144.0	167.0	252.0	148.0	149.0	148.0	108.0	108.0	186.0	112.0	180.0	163.0	115.0	173.0	176.0	204.0	166.0	260.0	161.0
306.643	224.0	198.0	271.0	384.0	186.0	223.0	219.0	136.0	165.0	290.0	132.0	278.0	237.0	135.0	255.0	261.0	318.0	253.0	395.0	231.0
306.75	215.0	201.0	254.0	370.0	196.0	216.0	209.0	135.0	156.0	268.0	132.0	259.0	224.0	136.0	246.0	262.0	301.0	235.0	388.0	227.0
306.856	230.0	191.0	283.0	424.0	183.0	216.0	230.0	124.0	148.0	311.0	119.0	288.0	249.0	114.0	269.0	300.0	348.0	265.0	440.0	235.0
306.963	224.0	194.0	284.0	425.0	183.0	221.0	225.0	125.0	154.0	308.0	122.0	280.0	248.0	123.0	277.0	285.0	349.0	255.0	436.0	240.0
307.07	204.0	188.0	241.0	366.0	194.0	200.0	212.0	132.0	148.0	267.0	143.0	264.0	229.0	132.0	243.0	250.0	307.0	251.0	368.0	231.0
307.177	232.0	194.0	293.0	424.0	185.0	218.0	227.0	117.0	160.0	313.0	120.0	288.0	246.0	126.0	268.0	289.0	346.0	262.0	420.0	246.0
307.284	236.0	196.0	296.0	448.0	193.0	228.0	243.0	125.0	163.0	328.0	135.0	312.0	274.0	126.0	281.0	311.0	366.0	267.0	450.0	255.0
307.391	168.0	166.0	220.0	332.0	180.0	172.0	192.0	134.0	118.0	245.0	135.0	247.0	219.0	129.0	221.0	235.0	260.0	212.0	332.0	190.0
307.497	161.0	146.0	196.0	281.0	157.0	148.0	163.0	112.0	118.0	212.0	119.0	204.0	172.0	114.0	180.0	196.0	225.0	175.0	272.0	172.0
307.604	142.0	149.0	172.0	240.0	158.0	136.0	152.0	109.0	113.0	186.0	120.0	178.0	156.0	115.0	172.0	176.0	199.0	163.0	239.0	152.0
307.711	126.0	130.0	149.0	206.0	137.0	128.0	138.0	108.0	102.0	155.0	111.0	148.0	143.0	107.0	142.0	153.0	175.0	138.0	215.0	142.0
307.818	116.0	121.0	129.0	173.0	133.0	105.0	113.0	102.0	90.0	139.0	107.0	120.0	122.0	102.0	118.0	136.0	148.0	117.0	176.0	117.0
307.925	106.0	117.0	115.0	169.0	127.0	107.0	103.0	107.0	89.0	131.0	104.0	122.0	111.0	105.0	117.0	127.0	137.0	126.0	152.0	111.0
308.032	123.0	133.0	133.0	197.0	132.0	119.0	114.0	115.0	97.0	157.0	109.0	143.0	128.0	113.0	133.0	145.0	160.0	141.0	192.0	133.0
308.139	204.0	173.0	260.0	367.0	180.0	188.0	218.0	120.0	148.0	280.0	117.0	262.0	238.0	114.0	239.0	269.0	311.0	235.0	363.0	225.0
308.246	229.0	202.0	286.0	433.0	196.0	217.0	237.0	127.0	152.0	313.0	129.0	304.0	266.0	125.0	269.0	306.0	360.0	272.0	444.0	252.0
308.353	254.0	209.0	305.0	444.0	211.0	235.0	260.0	135.0	173.0	322.0	151.0	302.0	271.0	146.0	294.0	325.0	382.0	284.0	462.0	257.0
308.46	212.0	180.0	252.0	373.0	171.0	199.0	207.0	114.0	143.0	267.0	119.0	250.0	217.0	118.0	240.0	262.0	303.0	233.0	374.0	228.0
308.566	171.0	158.0	198.0	291.0	158.0	155.0	169.0	113.0	124.0	218.0	107.0	194.0	191.0	116.0	193.0	213.0	252.0	194.0	292.0	183.0
308.673	142.0	138.0	161.0	229.0	151.0	132.0	143.0	109.0	103.0	179.0	104.0	156.0	154.0	111.0	155.0	173.0	202.0	154.0	228.0	155.0
308.78	101.0	129.0	118.0	164.0	140.0	108.0	113.0	116.0	88.0	133.0	117.0	129.0	114.0	120.0	128.0	130.0	137.0	122.0	161.0	119.0
308.887	100.0	118.0	106.0	144.0	132.0	100.0	102.0	112.0	92.0	114.0	114.0	110.0	104.0	116.0	114.0	112.0	122.0	109.0	135.0	103.0
308.994	100.0	121.0	106.0	133.0	129.0	97.0	94.0	113.0	84.0	117.0	108.0	113.0	111.0	103.0	112.0	114.0	114.0	103.0	136.0	103.0
309.101	108.0	122.0	111.0	152.0	135.0	102.0	108.0	111.0	84.0	128.0	111.0	123.0	113.0	111.0	122.0	129.0	133.0	113.0	162.0	118.0
309.208	101.0	119.0	105.0	137.0	136.0	104.0	101.0	105.0	82.0	124.0	111.0	116.0	105.0	111.0	110.0	108.0	116.0	106.0	146.0	102.0
309.315	97.0	116.0	104.0	132.0	127.0	90.0	98.0	108.0	84.0	115.0	109.0	105.0	101.0	109.0	112.0	116.0	118.0	107.0	127.0	100.0
309.422	103.0	119.0	111.0	132.0	130.0	99.0	102.0	103.0	90.0	119.0	103.0	107.0	109.0	101.0	110.0	111.0	112.0	109.0	133.0	103.0
309.529	98.0	112.0	106.0	131.0	130.0	96.0	98.0	111.0	76.0	116.0	109.0	108.0	105.0	104.0	104.0	106.0	112.0	102.0	127.0	100.0
309.636	100.0	121.0	107.0	140.0	134.0	93.0	100.0	108.0	80.0	120.0	112.0	112.0	108.0	112.0	105.0	111.0	120.0	109.0	143.0	104.0
309.743	132.0	146.0	144.0	205.0	154.0	130.0	139.0	121.0	105.0	164.0	121.0	160.0	146.0	131.0	155.0	157.0	184.0	149.0	212.0	141.0
309.851	130.0	141.0	156.0	234.0	147.0	138.0	131.0	116.0	101.0	168.0	116.0	162.0	139.0	119.0	161.0	168.0	192.0	158.0	230.0	148.0
309.958	164.0	151.0	192.0	293.0	154.0	162.0	162.0	113.0	119.0	211.0	116.0	197.0	163.0	114.0	186.0	191.0	243.0	181.0	292.0	174.0
310.065	157.0	143.0	176.0	257.0	157.0	147.0	153.0	108.0	110.0	192.0	120.0	190.0	162.0	113.0	168.0	183.0	217.0	166.0	268.0	156.0
310.172	138.0	141.0	156.0	224.0	145.0	131.0	133.0	103.0	105.0	171.0	112.0	157.0	141.0	115.0	148.0	162.0	178.0	145.0	217.0	138.0
310.279	120.0	128.0	137.0	181.0	130.0	120.0	116.0	112.0	104.0	145.0	108.0	133.0	129.0	107.0	135.0	141.0	155.0	129.0	193.0	128.0
310.386	113.0	125.0	127.0	170.0	136.0	114.0	108.0	111.0	93.0	138.0	112.0	122.0	122.0	110.0	133.0	136.0	142.0	116.0	175.0	125.0
310.493	98.0	124.0	108.0	140.0	134.0	102.0	98.0	113.0	90.0	112.0	114.0	117.0	114.0	113.0	109.0	110.0	122.0	108.0	143.0	113.0
310.6	106.0	119.0	115.0	142.0	129.0	106.0	102.0	107.0	98.0	126.0	113.0	112.0	107.0	107.0	117.0	112.0	119.0	111.0	139.0	112.0
310.707	101.0	127.0	103.0	127.0	128.0	97.0	88.0	110.0	90.0	107.0	109.0	99.0	107.0	113.0	106.0	107.0	108.0	100.0	119.0	100.0
310.814	90.0	123.0	93.0	119.0	127.0	95.0	98.0	108.0	90.0	106.0	112.0	99.0	105.0	105.0	106.0	107.0	103.0	100.0	120.0	102.0
310.922	94.0	119.0	98.0	117.0	124.0	93.0	87.0	110.0	92.0	108.0	113.0	96.0	100.0	110.0	96.0	95.0	102.0	98.0	115.0	96.0
311.029	97.0	117.0	95.0	112.0	130.0	91.0	95.0	107.0	81.0	103.0	113.0	100.0	96.0	105.0	99.0	99.0	102.0	92.0	112.0	91.0
311.136	108.0	130.0	125.0	132.0	132.0	102.0	103.0	116.0	92.0	120.0	114.0	117.0	114.0	109.0	116.0	113.0	116.0	114.0	136.0	115.0
311.243	117.0	127.0	124.0	150.0	136.0	110.0	108.0	113.0	99.0	140.0	112.0	119.0	115.0	108.0	126.0	130.0	139.0	115.0	154.0	116.0
311.35	128.0	134.0	139.0	174.0	147.0	112.0	120.0	108.0	99.0	146.0	114.0	138.0	127.0	112.0	136.0	130.0	143.0	125.0	176.0	127.0
311.457	110.0	130.0	121.0	156.0	139.0	106.0	112.0	104.0	91.0	138.0	111.0	126.0	118.0	107.0	122.0	124.0	123.0	122.0	155.0	110.0
311.565	119.0	129.0	118.0	148.0	132.0	112.0	103.0	101.0	94.0	139.0	105.0	123.0	116.0	107.0	125.0	121.0	124.0	119.0	152.0	118.0
311.672	106.0	126.0	116.0	137.0	138.0	100.0	111.0	115.0	89.0	128.0	118.0	113.0	115.0	115.0	111.0	115.0	114.0	109.0	136.0	115.0
311.779	107.0	121.0	104.0	125.0	135.0	96.0	97.0	106.0	88.0	125.0	110.0	104.0	110.0	108.0	106.0	102.0	110.0	98.0	126.0	97.0
311.886	102.0	118.0	101.0	114.0	132.0	100.0	92.0	103.0	87.0	122.0	112.0	105.0	106.0	108.0	98.0	97.0	100.0	97.0	112.0	94.0
311.993	89.0	109.0	92.0	101.0	123.0	90.0	81.0	107.0	82.0	98.0	113.0	93.0	92.0	105.0	94.0	85.0	88.0	88.0	95.0	94.0
312.101	93.0	114.0	97.0	105.0	125.0	95.0	89.0	107.0	82.0	111.0	109.0	93.0	100.0	103.0	95.0	100.0	102.0	92.0	109.0	96.0
312.208	92.0	113.0	98.0	118.0	136.0	92.0	97.0	108.0	79.0	111.0	111.0	104.0	102.0	104.0	99.0	104.0	101.0	93.0	112.0	97.0
312.315	97.0	120.0	108.0	129.0	124.0	92.0	99.0	104.0	81.0	113.0	102.0	103.0	101.0	107.0	106.0	106.0	102.0	102.0	127.0	102.0
312.422	98.0	124.0	115.0	138.0	128.0	107.0	95.0	102.0	89.0	116.0	103.0	114.0	109.0	108.0	112.0	113.0	109.0	107.0	139.0	105.0
312.53	100.0	121.0	104.0	130.0	134.0	101.0	91.0	112.0	89.0	112.0	108.0	112.0	114.0	110.0	104.0	112.0	118.0	111.0	138.0	107.0
312.637	92.0	121.0	93.0	121.0	128.0	88.0	97.0	110.0	80.0	112.0	112.0	105.0	97.0	109.0	100.0	108.0	104.0	102.0	122.0	101.0
312.744	88.0	117.0	93.0	120.0	126.0	89.0	92.0	104.0	83.0	111.0	109.0	99.0	96.0	110.0	100.0	95.0	101.0	100.0	117.0	94.0
312.852	86.0	116.0	84.0	110.0	122.0	88.0	89.0	106.0	82.0	94.0	110.0	95.0	91.0	109.0	95.0	95.0	90.0	91.0	104.0	88.0
312.959	94.0	112.0	87.0	101.0	125.0	84.0	86.0	115.0	82.0	100.0	110.0	87.0	96.0	102.0	96.0	96.0	94.0	90.0	99.0	89.0
313.066	84.0	113.0	88.0	94.0	125.0	78.0	85.0	111.0	82.0	95.0	109.0	82.0	102.0	110.0	84.0	90.0	88.0	81.0	95.0	86.0
313.173	81.0	117.0	80.0	88.0	117.0	79.0	87.0	107.0	78.0	89.0	108.0	84.0	91.0	109.0	83.0	89.0	82.0	88.0	92.0	75.0
313.281	83.0	109.0	79.0	94.0	127.0	80.0	85.0	109.0	83.0	95.0	101.0	90.0	88.0	107.0	85.0	82.0	83.0	86.0	82.0	87.0
313.388	87.0	110.0	86.0	95.0	122.0	81.0	79.0	107.0	81.0	96.0	111.0	89.0	92.0	110.0	88.0	94.0	86.0	84.0	96.0	88.0
313.495	91.0	117.0	85.0	108.0	127.0	84.0	93.0	111.0	80.0	104.0	114.0	96.0	99.0	104.0	85.0	86.0	91.0	91.0	100.0	93.0
313.603	82.0	110.0	89.0	109.0	121.0	88.0	86.0	107.0	88.0	110.0	110.0	93.0	98.0	111.0	93.0	87.0	86.0	92.0	100.0	92.0
313.71	97.0	112.0	96.0	117.0	121.0	88.0	93.0	103.0	86.0	110.0	107.0	102.0	99.0	113.0	104.0	96.0	91.0	93.0	109.0	98.0
313.818	92.0	113.0	99.0	105.0	129.0	98.0	91.0	107.0	89.0	110.0	105.0	104.0	104.0	108.0	102.0	100.0	99.0	98.0	116.0	100.0
313.925	92.0	122.0	98.0	115.0	130.0	89.0	93.0	107.0	83.0	113.0	112.0	101.0	103.0	109.0	97.0	91.0	99.0	92.0	116.0	96.0
314.032	91.0	117.0	91.0	108.0	124.0	85.0	88.0	105.0	84.0	111.0	108.0	99.0	104.0	114.0	94.0	102.0	97.0	97.0	108.0	92.0
314.14	97.0	117.0	111.0	123.0	120.0	94.0	97.0	106.0	90.0	119.0	107.0	105.0	106.0	109.0	109.0	101.0	108.0	99.0	123.0	100.0
314.247	97.0	120.0	107.0	123.0	121.0	95.0	96.0	113.0	88.0	111.0	111.0	106.0	106.0	108.0	102.0	100.0	103.0	97.0	123.0	99.0
314.355	108.0	124.0	111.0	121.0	139.0	105.0	101.0	122.0	93.0	117.0	122.0	110.0	115.0	120.0	107.0	112.0	113.0	103.0	135.0	104.0
314.462	85.0	115.0	89.0	105.0	128.0	87.0	92.0	102.0	78.0	95.0	107.0	98.0	98.0	113.0	94.0	92.0	89.0	93.0	105.0	89.0
314.569	102.0	119.0	107.0	126.0	122.0	97.0	99.0	101.0	83.0	108.0	107.0	107.0	102.0	107.0	107.0	102.0	102.0	101.0	140.0	105.0
314.677	100.0	117.0	114.0	135.0	130.0	97.0	100.0	110.0	88.0	121.0	108.0	112.0	105.0	101.0	117.0	108.0	116.0	106.0	139.0	106.0
314.784	106.0	115.0	106.0	130.0	129.0	93.0	101.0	113.0	90.0	120.0	113.0	115.0	106.0	111.0	123.0	114.0	122.0	104.0	144.0	104.0
314.892	100.0	121.0	114.0	139.0	137.0	98.0	101.0	105.0	91.0	120.0	114.0	123.0	110.0	106.0	115.0	115.0	120.0	104.0	147.0	106.0
314.999	105.0	131.0	124.0	149.0	139.0	111.0	110.0	115.0	95.0	132.0	103.0	128.0	118.0	114.0	129.0	117.0	130.0	120.0	162.0	112.0
315.107	103.0	118.0	117.0	134.0	132.0	100.0	92.0	111.0	88.0	122.0	108.0	123.0	112.0	107.0	117.0	108.0	117.0	113.0	139.0	95.0
315.214	90.0	118.0	103.0	129.0	126.0	97.0	92.0	106.0	79.0	115.0	109.0	104.0	104.0	113.0	104.0	103.0	110.0	101.0	132.0	106.0
315.322	98.0	118.0	105.0	127.0	132.0	95.0	93.0	109.0	76.0	107.0	114.0	103.0	104.0	109.0	105.0	104.0	101.0	110.0	130.0	101.0
315.429	107.0	122.0	116.0	151.0	125.0	103.0	100.0	110.0	89.0	121.0	108.0	122.0	113.0	114.0	120.0	107.0	128.0	112.0	150.0	112.0
315.537	167.0	156.0	203.0	267.0	162.0	162.0	161.0	121.0	126.0	200.0	114.0	208.0	173.0	111.0	196.0	181.0	213.0	177.0	288.0	161.0
315.644	192.0	170.0	245.0	316.0	178.0	184.0	186.0	118.0	144.0	237.0	117.0	233.0	205.0	119.0	238.0	223.0	273.0	204.0	352.0	199.0
315.752	180.0	163.0	222.0	305.0	167.0	169.0	163.0	117.0	137.0	222.0	115.0	220.0	187.0	112.0	202.0	207.0	252.0	199.0	314.0	185.0
315.859	160.0	162.0	195.0	275.0	152.0	161.0	158.0	109.0	132.0	210.0	118.0	197.0	172.0	113.0	189.0	189.0	230.0	182.0	286.0	176.0
315.967	146.0	143.0	167.0	235.0	143.0	150.0	137.0	112.0	112.0	174.0	110.0	172.0	150.0	110.0	164.0	172.0	191.0	160.0	230.0	152.0
316.074	145.0	138.0	161.0	214.0	145.0	137.0	131.0	111.0	108.0	165.0	109.0	165.0	145.0	110.0	156.0	158.0	180.0	154.0	222.0	143.0
316.182	152.0	152.0	179.0	235.0	157.0	148.0	144.0	111.0	108.0	186.0	120.0	182.0	165.0	109.0	177.0	180.0	205.0	174.0	247.0	158.0
316.29	165.0	151.0	201.0	284.0	161.0	161.0	168.0	116.0	122.0	211.0	118.0	210.0	181.0	114.0	199.0	190.0	232.0	192.0	281.0	168.0
316.397	159.0	146.0	185.0	242.0	153.0	142.0	146.0	115.0	115.0	191.0	111.0	179.0	162.0	108.0	175.0	182.0	204.0	166.0	245.0	162.0
316.505	131.0	128.0	148.0	198.0	142.0	128.0	125.0	108.0	102.0	154.0	110.0	144.0	140.0	106.0	149.0	150.0	170.0	137.0	196.0	132.0
316.612	120.0	128.0	129.0	169.0	134.0	117.0	112.0	109.0	89.0	137.0	113.0	139.0	119.0	111.0	125.0	131.0	144.0	119.0	176.0	120.0
316.72	111.0	127.0	120.0	161.0	131.0	106.0	113.0	105.0	87.0	125.0	109.0	123.0	118.0	114.0	117.0	121.0	134.0	117.0	151.0	120.0
316.828	90.0	118.0	97.0	119.0	123.0	101.0	98.0	103.0	77.0	110.0	106.0	107.0	102.0	109.0	100.0	110.0	105.0	97.0	123.0	97.0
316.935	114.0	132.0	114.0	129.0	143.0	103.0	110.0	129.0	100.0	124.0	134.0	119.0	123.0	129.0	112.0	118.0	115.0	118.0	133.0	112.0
317.043	86.0	111.0	84.0	104.0	125.0	84.0	84.0	107.0	82.0	94.0	116.0	98.0	95.0	107.0	89.0	100.0	96.0	94.0	108.0	86.0
317.151	80.0	109.0	78.0	96.0	117.0	78.0	88.0	106.0	78.0	97.0	109.0	94.0	90.0	105.0	90.0	83.0	81.0	90.0	98.0	81.0
317.258	80.0	111.0	87.0	102.0	120.0	78.0	83.0	106.0	78.0	90.0	112.0	92.0	86.0	106.0	89.0	91.0	90.0	89.0	102.0	82.0
317.366	83.0	110.0	90.0	98.0	126.0	88.0	86.0	108.0	86.0	94.0	106.0	93.0	96.0	106.0	94.0	100.0	95.0	89.0	112.0	87.0
317.474	87.0	111.0	88.0	105.0	123.0	79.0	86.0	104.0	84.0	104.0	113.0	98.0	94.0	105.0	85.0	93.0	97.0	92.0	106.0	90.0
317.581	85.0	117.0	90.0	106.0	124.0	84.0	87.0	106.0	76.0	102.0	102.0	96.0	88.0	102.0	89.0	94.0	93.0	91.0	106.0	92.0
317.689	85.0	108.0	94.0	104.0	123.0	86.0	86.0	104.0	83.0	102.0	100.0	96.0	94.0	105.0	90.0	100.0	98.0	90.0	106.0	85.0
317.797	86.0	113.0	98.0	109.0	133.0	89.0	90.0	107.0	79.0	103.0	114.0	102.0	99.0	106.0	97.0	96.0	101.0	95.0	112.0	94.0
317.904	88.0	115.0	89.0	110.0	129.0	94.0	97.0	109.0	82.0	106.0	110.0	93.0	104.0	108.0	96.0	103.0	96.0	98.0	109.0	91.0
318.012	108.0	129.0	119.0	133.0	144.0	105.0	110.0	108.0	97.0	148.0	109.0	134.0	126.0	109.0	118.0	113.0	114.0	116.0	126.0	116.0
318.12	110.0	123.0	117.0	140.0	134.0	105.0	107.0	107.0	104.0	145.0	110.0	130.0	127.0	103.0	118.0	113.0	104.0	119.0	128.0	112.0
318.227	123.0	130.0	124.0	134.0	139.0	112.0	108.0	108.0	103.0	149.0	113.0	130.0	128.0	102.0	122.0	116.0	119.0	113.0	136.0	119.0
318.335	122.0	130.0	127.0	162.0	144.0	112.0	110.0	111.0	94.0	149.0	118.0	137.0	128.0	106.0	122.0	134.0	133.0	128.0	157.0	132.0
318.443	169.0	158.0	207.0	288.0	167.0	168.0	170.0	116.0	128.0	230.0	116.0	208.0	188.0	113.0	188.0	203.0	236.0	184.0	283.0	183.0
318.551	188.0	181.0	223.0	316.0	181.0	185.0	192.0	129.0	138.0	260.0	124.0	242.0	221.0	116.0	218.0	228.0	260.0	211.0	310.0	196.0
318.658	173.0	166.0	199.0	284.0	172.0	166.0	168.0	126.0	133.0	231.0	110.0	206.0	206.0	111.0	199.0	201.0	222.0	187.0	267.0	184.0
318.766	169.0	153.0	198.0	261.0	159.0	150.0	163.0	114.0	123.0	216.0	105.0	206.0	179.0	104.0	191.0	190.0	215.0	174.0	253.0	176.0
318.874	139.0	150.0	160.0	229.0	154.0	136.0	152.0	106.0	106.0	192.0	116.0	186.0	160.0	110.0	168.0	167.0	185.0	154.0	229.0	151.0
318.982	136.0	140.0	152.0	194.0	145.0	123.0	131.0	116.0	105.0	166.0	118.0	161.0	142.0	111.0	148.0	145.0	164.0	142.0	200.0	132.0
319.09	125.0	132.0	136.0	170.0	138.0	124.0	118.0	121.0	96.0	147.0	119.0	133.0	128.0	108.0	136.0	130.0	133.0	132.0	174.0	130.0
319.197	118.0	124.0	116.0	160.0	146.0	108.0	110.0	107.0	93.0	137.0	108.0	122.0	118.0	108.0	120.0	125.0	123.0	116.0	155.0	118.0
319.305	116.0	129.0	127.0	164.0	144.0	112.0	109.0	113.0	98.0	152.0	112.0	135.0	134.0	113.0	124.0	123.0	126.0	121.0	151.0	122.0
319.413	140.0	146.0	150.0	184.0	158.0	128.0	133.0	119.0	122.0	187.0	110.0	160.0	172.0	110.0	146.0	138.0	141.0	146.0	155.0	148.0
319.521	144.0	144.0	149.0	191.0	156.0	134.0	128.0	116.0	113.0	186.0	115.0	160.0	159.0	103.0	155.0	149.0	151.0	139.0	176.0	140.0
319.629	168.0	166.0	188.0	273.0	169.0	160.0	166.0	119.0	126.0	225.0	118.0	204.0	193.0	118.0	190.0	183.0	209.0	180.0	266.0	170.0
319.736	182.0	160.0	203.0	281.0	176.0	167.0	169.0	112.0	123.0	229.0	115.0	214.0	196.0	116.0	190.0	194.0	226.0	183.0	282.0	176.0
319.844	144.0	153.0	162.0	232.0	164.0	148.0	145.0	118.0	118.0	202.0	117.0	185.0	165.0	111.0	167.0	162.0	179.0	157.0	222.0	153.0
319.952	135.0	138.0	148.0	189.0	149.0	127.0	135.0	122.0	108.0	166.0	114.0	148.0	147.0	113.0	150.0	153.0	155.0	143.0	190.0	140.0
320.06	120.0	132.0	136.0	173.0	153.0	115.0	123.0	112.0	99.0	144.0	115.0	136.0	133.0	115.0	132.0	136.0	142.0	128.0	171.0	129.0
320.168	103.0	132.0	113.0	146.0	140.0	99.0	102.0	112.0	96.0	125.0	114.0	122.0	119.0	120.0	110.0	120.0	116.0	113.0	150.0	114.0
320.276	89.0	117.0	101.0	125.0	124.0	95.0	96.0	112.0	90.0	114.0	109.0	103.0	104.0	109.0	98.0	106.0	97.0	99.0	114.0	101.0
320.384	96.0	120.0	102.0	120.0	132.0	93.0	97.0	108.0	88.0	111.0	107.0	102.0	103.0	110.0	101.0	104.0	101.0	97.0	106.0	91.0
320.492	98.0	113.0	99.0	116.0	133.0	97.0	91.0	115.0	87.0	104.0	110.0	108.0	107.0	112.0	103.0	103.0	105.0	96.0	121.0	99.0
320.599	97.0	116.0	94.0	104.0	127.0	86.0	87.0	106.0	75.0	100.0	107.0	97.0	101.0	108.0	95.0	94.0	95.0	97.0	108.0	92.0
320.707	100.0	118.0	94.0	122.0	134.0	93.0	94.0	102.0	88.0	113.0	108.0	110.0	100.0	114.0	104.0	104.0	98.0	96.0	114.0	94.0
320.815	99.0	127.0	109.0	134.0	144.0	101.0	105.0	115.0	90.0	126.0	116.0	116.0	110.0	111.0	120.0	120.0	104.0	110.0	134.0	104.0
320.923	114.0	129.0	128.0	160.0	136.0	112.0	112.0	113.0	96.0	140.0	112.0	118.0	126.0	106.0	122.0	124.0	130.0	116.0	159.0	116.0
321.031	143.0	146.0	165.0	209.0	146.0	132.0	130.0	113.0	117.0	165.0	117.0	163.0	148.0	109.0	154.0	158.0	173.0	146.0	213.0	140.0
321.139	163.0	166.0	210.0	286.0	182.0	162.0	166.0	121.0	129.0	206.0	124.0	211.0	186.0	123.0	201.0	194.0	225.0	193.0	285.0	180.0
321.247	182.0	168.0	230.0	328.0	184.0	178.0	189.0	106.0	136.0	240.0	112.0	232.0	198.0	115.0	228.0	220.0	260.0	220.0	343.0	194.0
321.355	155.0	152.0	188.0	267.0	168.0	159.0	148.0	114.0	119.0	200.0	120.0	196.0	172.0	124.0	188.0	178.0	212.0	180.0	271.0	167.0
321.463	152.0	146.0	171.0	250.0	159.0	145.0	142.0	109.0	113.0	186.0	112.0	178.0	166.0	116.0	173.0	170.0	198.0	162.0	244.0	162.0
321.571	157.0	154.0	181.0	266.0	165.0	157.0	159.0	114.0	114.0	198.0	115.0	190.0	174.0	113.0	185.0	176.0	209.0	179.0	260.0	172.0
321.679	216.0	185.0	271.0	368.0	179.0	203.0	210.0	123.0	147.0	265.0	121.0	255.0	227.0	111.0	246.0	240.0	291.0	233.0	371.0	206.0
321.787	252.0	208.0	304.0	430.0	208.0	255.0	238.0	128.0	183.0	311.0	130.0	289.0	260.0	118.0	292.0	283.0	347.0	261.0	435.0	254.0
321.895	198.0	175.0	237.0	346.0	180.0	187.0	182.0	118.0	131.0	253.0	123.0	233.0	208.0	118.0	225.0	224.0	262.0	208.0	340.0	206.0
322.003	168.0	163.0	194.0	279.0	172.0	163.0	168.0	117.0	123.0	215.0	123.0	208.0	187.0	122.0	192.0	200.0	208.0	183.0	281.0	177.0
322.111	178.0	156.0	198.0	287.0	160.0	166.0	171.0	118.0	124.0	219.0	112.0	212.0	186.0	113.0	196.0	197.0	227.0	189.0	273.0	176.0
322.219	227.0	193.0	277.0	410.0	186.0	220.0	219.0	125.0	159.0	301.0	115.0	284.0	234.0	114.0	266.0	258.0	325.0	248.0	413.0	240.0
322.327	255.0	203.0	321.0	479.0	211.0	252.0	255.0	123.0	171.0	324.0	128.0	322.0	292.0	123.0	312.0	309.0	385.0	292.0	498.0	267.0
322.435	222.0	189.0	284.0	409.0	189.0	220.0	220.0	118.0	153.0	283.0	125.0	285.0	237.0	119.0	265.0	268.0	326.0	258.0	418.0	236.0
322.543	205.0	178.0	263.0	405.0	187.0	210.0	215.0	125.0	142.0	270.0	125.0	271.0	224.0	123.0	253.0	259.0	316.0	245.0	398.0	210.0
322.651	225.0	189.0	287.0	441.0	199.0	220.0	228.0	129.0	143.0	297.0	129.0	304.0	253.0	125.0	289.0	296.0	347.0	257.0	449.0	238.0
322.759	331.0	242.0	402.0	618.0	232.0	301.0	334.0	138.0	207.0	441.0	136.0	421.0	358.0	127.0	375.0	408.0	511.0	371.0	618.0	350.0
322.867	400.0	303.0	510.0	769.0	278.0	368.0	432.0	148.0	250.0	548.0	146.0	540.0	479.0	141.0	468.0	529.0	631.0	466.0	765.0	438.0
322.976	445.0	317.0	570.0	868.0	292.0	406.0	460.0	149.0	271.0	595.0	138.0	588.0	513.0	142.0	520.0	582.0	704.0	511.0	861.0	484.0
323.084	481.0	347.0	634.0	929.0	308.0	432.0	503.0	149.0	294.0	654.0	140.0	619.0	561.0	132.0	564.0	624.0	754.0	554.0	922.0	517.0
323.192	443.0	316.0	558.0	856.0	273.0	413.0	458.0	144.0	262.0	602.0	136.0	581.0	508.0	126.0	514.0	569.0	692.0	498.0	851.0	470.0
323.3	489.0	348.0	649.0	948.0	299.0	455.0	513.0	144.0	309.0	663.0	136.0	647.0	561.0	124.0	569.0	630.0	785.0	559.0	945.0	516.0
323.408	453.0	315.0	586.0	845.0	286.0	420.0	446.0	152.0	283.0	603.0	148.0	574.0	493.0	138.0	509.0	553.0	692.0	497.0	831.0	469.0
323.516	352.0	268.0	463.0	695.0	260.0	326.0	369.0	154.0	215.0	490.0	145.0	487.0	415.0	138.0	440.0	466.0	559.0	417.0	688.0	388.0
323.624	364.0	252.0	471.0	681.0	251.0	336.0	360.0	128.0	229.0	477.0	133.0	461.0	392.0	127.0	424.0	446.0	548.0	404.0	690.0	374.0
323.732	285.0	219.0	366.0	546.0	223.0	273.0	288.0	123.0	192.0	390.0	129.0	381.0	331.0	120.0	337.0	368.0	436.0	329.0	547.0	305.0
323.84	208.0	177.0	270.0	380.0	184.0	206.0	212.0	118.0	147.0	281.0	124.0	282.0	242.0	119.0	245.0	264.0	311.0	237.0	369.0	228.0
323.949	161.0	166.0	196.0	289.0	174.0	160.0	166.0	120.0	123.0	213.0	125.0	219.0	186.0	123.0	194.0	203.0	235.0	188.0	283.0	173.0
324.057	142.0	147.0	174.0	246.0	158.0	139.0	137.0	119.0	108.0	184.0	114.0	182.0	167.0	115.0	169.0	178.0	191.0	163.0	244.0	154.0
324.165	167.0	158.0	197.0	302.0	155.0	166.0	165.0	112.0	117.0	220.0	122.0	210.0	191.0	115.0	189.0	208.0	247.0	190.0	297.0	184.0
324.273	219.0	188.0	272.0	413.0	186.0	219.0	231.0	120.0	145.0	284.0	121.0	281.0	242.0	120.0	254.0	282.0	340.0	260.0	408.0	235.0
324.381	195.0	163.0	229.0	345.0	177.0	183.0	186.0	125.0	133.0	250.0	125.0	239.0	208.0	118.0	212.0	237.0	270.0	221.0	339.0	192.0
324.49	185.0	163.0	233.0	348.0	171.0	184.0	191.0	114.0	124.0	246.0	113.0	234.0	205.0	115.0	218.0	238.0	282.0	210.0	337.0	198.0
324.598	254.0	200.0	324.0	464.0	193.0	246.0	243.0	119.0	171.0	330.0	124.0	307.0	272.0	118.0	293.0	299.0	393.0	287.0	469.0	269.0
324.706	306.0	240.0	390.0	559.0	217.0	288.0	285.0	128.0	200.0	393.0	123.0	374.0	321.0	117.0	341.0	358.0	456.0	333.0	568.0	301.0
324.814	286.0	227.0	357.0	515.0	218.0	273.0	277.0	128.0	185.0	352.0	124.0	359.0	302.0	115.0	330.0	337.0	423.0	315.0	530.0	282.0
324.922	221.0	190.0	280.0	400.0	195.0	217.0	215.0	118.0	151.0	294.0	128.0	292.0	235.0	117.0	256.0	266.0	333.0	239.0	408.0	232.0
325.031	191.0	178.0	234.0	330.0	175.0	189.0	190.0	119.0	135.0	246.0	122.0	247.0	214.0	126.0	222.0	227.0	279.0	210.0	338.0	208.0
325.139	149.0	151.0	171.0	250.0	158.0	143.0	159.0	115.0	113.0	198.0	119.0	193.0	168.0	125.0	177.0	191.0	204.0	172.0	260.0	156.0
325.247	142.0	137.0	159.0	212.0	147.0	132.0	131.0	110.0	103.0	167.0	112.0	159.0	151.0	104.0	151.0	164.0	181.0	147.0	221.0	139.0
325.355	138.0	127.0	146.0	204.0	139.0	130.0	127.0	109.0	99.0	156.0	111.0	146.0	143.0	108.0	142.0	154.0	171.0	124.0	194.0	132.0
325.464	162.0	152.0	185.0	297.0	165.0	155.0	161.0	119.0	115.0	201.0	121.0	206.0	179.0	120.0	171.0	205.0	238.0	182.0	270.0	170.0
325.572	257.0	204.0	304.0	466.0	203.0	229.0	261.0	125.0	158.0	325.0	123.0	301.0	265.0	121.0	275.0	321.0	384.0	289.0	451.0	266.0
325.68	214.0	179.0	249.0	392.0	181.0	206.0	214.0	119.0	140.0	271.0	128.0	268.0	224.0	122.0	228.0	269.0	321.0	240.0	366.0	224.0
325.789	180.0	161.0	209.0	316.0	167.0	171.0	178.0	121.0	118.0	221.0	121.0	222.0	190.0	116.0	202.0	224.0	260.0	198.0	303.0	188.0
325.897	145.0	146.0	158.0	242.0	154.0	138.0	141.0	112.0	101.0	165.0	120.0	170.0	150.0	113.0	161.0	171.0	199.0	163.0	234.0	155.0
326.005	138.0	145.0	155.0	226.0	150.0	139.0	137.0	116.0	105.0	161.0	126.0	174.0	152.0	118.0	152.0	167.0	189.0	162.0	210.0	149.0
326.114	127.0	136.0	134.0	194.0	145.0	126.0	132.0	113.0	99.0	151.0	109.0	150.0	136.0	106.0	140.0	139.0	161.0	138.0	178.0	125.0
326.222	103.0	123.0	104.0	140.0	133.0	100.0	94.0	109.0	90.0	116.0	114.0	115.0	116.0	103.0	108.0	117.0	116.0	106.0	136.0	108.0
326.33	96.0	116.0	97.0	129.0	129.0	97.0	90.0	105.0	82.0	111.0	110.0	111.0	102.0	107.0	95.0	105.0	103.0	97.0	114.0	108.0
326.439	96.0	121.0	110.0	148.0	128.0	96.0	102.0	106.0	88.0	117.0	105.0	116.0	109.0	109.0	109.0	114.0	118.0	116.0	140.0	113.0
326.547	150.0	144.0	175.0	242.0	153.0	141.0	137.0	113.0	115.0	174.0	115.0	179.0	156.0	117.0	161.0	176.0	197.0	156.0	248.0	148.0
326.655	144.0	141.0	165.0	229.0	158.0	142.0	143.0	112.0	109.0	167.0	126.0	172.0	153.0	115.0	161.0	165.0	189.0	161.0	237.0	149.0
326.764	133.0	139.0	140.0	193.0	158.0	121.0	122.0	114.0	95.0	145.0	126.0	154.0	143.0	115.0	145.0	150.0	160.0	137.0	200.0	129.0
326.872	125.0	135.0	134.0	194.0	141.0	126.0	125.0	106.0	96.0	149.0	108.0	153.0	132.0	108.0	137.0	144.0	166.0	138.0	188.0	130.0
326.98	120.0	122.0	132.0	185.0	153.0	121.0	121.0	113.0	102.0	140.0	116.0	140.0	139.0	115.0	132.0	145.0	151.0	135.0	189.0	120.0
327.089	117.0	129.0	139.0	179.0	161.0	124.0	119.0	116.0	97.0	146.0	120.0	154.0	133.0	119.0	150.0	141.0	156.0	132.0	196.0	121.0
327.197	179.0	160.0	208.0	299.0	179.0	160.0	167.0	119.0	130.0	208.0	128.0	212.0	187.0	120.0	202.0	202.0	243.0	196.0	303.0	172.0
327.306	169.0	167.0	208.0	308.0	173.0	163.0	177.0	118.0	125.0	211.0	122.0	221.0	185.0	112.0	204.0	211.0	247.0	199.0	312.0	184.0
327.414	154.0	151.0	174.0	263.0	162.0	151.0	152.0	112.0	114.0	193.0	114.0	198.0	165.0	118.0	173.0	189.0	211.0	175.0	277.0	158.0
327.522	148.0	151.0	172.0	257.0	154.0	154.0	148.0	113.0	112.0	183.0	116.0	190.0	164.0	115.0	177.0	181.0	202.0	165.0	259.0	158.0
327.631	159.0	149.0	179.0	268.0	165.0	156.0	152.0	113.0	113.0	193.0	117.0	198.0	170.0	119.0	189.0	183.0	223.0	178.0	275.0	163.0
327.739	144.0	138.0	154.0	234.0	151.0	137.0	131.0	110.0	104.0	168.0	111.0	182.0	150.0	116.0	158.0	169.0	197.0	152.0	234.0	145.0
327.848	123.0	130.0	123.0	184.0	147.0	123.0	125.0	120.0	92.0	146.0	120.0	142.0	138.0	123.0	140.0	144.0	152.0	140.0	187.0	132.0
327.956	106.0	124.0	119.0	157.0	141.0	103.0	111.0	115.0	101.0	133.0	112.0	126.0	121.0	109.0	124.0	136.0	134.0	121.0	167.0	113.0
328.065	151.0	140.0	176.0	238.0	148.0	142.0	137.0	116.0	106.0	170.0	118.0	160.0	149.0	112.0	157.0	163.0	196.0	149.0	233.0	150.0
328.173	194.0	172.0	222.0	340.0	172.0	171.0	190.0	124.0	132.0	235.0	117.0	236.0	200.0	115.0	219.0	225.0	286.0	217.0	344.0	201.0
328.281	179.0	163.0	209.0	313.0	163.0	174.0	182.0	112.0	126.0	220.0	113.0	222.0	187.0	113.0	195.0	214.0	255.0	197.0	318.0	187.0
328.39	153.0	150.0	178.0	263.0	157.0	145.0	149.0	121.0	113.0	176.0	119.0	184.0	167.0	116.0	166.0	186.0	218.0	167.0	247.0	154.0
328.498	137.0	134.0	159.0	217.0	149.0	134.0	136.0	116.0	101.0	170.0	112.0	170.0	147.0	109.0	146.0	156.0	189.0	155.0	222.0	148.0
328.607	144.0	140.0	146.0	196.0	144.0	133.0	134.0	110.0	104.0	174.0	114.0	159.0	140.0	111.0	150.0	156.0	159.0	142.0	203.0	144.0
328.715	122.0	132.0	120.0	160.0	142.0	117.0	115.0	107.0	95.0	146.0	109.0	136.0	127.0	113.0	124.0	120.0	129.0	128.0	151.0	121.0
328.824	109.0	125.0	113.0	128.0	139.0	104.0	103.0	113.0	92.0	123.0	108.0	123.0	120.0	104.0	111.0	108.0	114.0	110.0	132.0	112.0
328.932	96.0	114.0	92.0	110.0	132.0	90.0	90.0	114.0	90.0	106.0	113.0	105.0	104.0	108.0	103.0	103.0	98.0	98.0	109.0	99.0
329.041	92.0	116.0	86.0	108.0	130.0	86.0	91.0	114.0	82.0	104.0	111.0	103.0	104.0	111.0	99.0	95.0	92.0	97.0	107.0	99.0
329.15	83.0	124.0	92.0	108.0	130.0	82.0	94.0	108.0	82.0	102.0	107.0	105.0	102.0	106.0	90.0	99.0	94.0	98.0	105.0	91.0
329.258	83.0	113.0	90.0	104.0	121.0	87.0	83.0	107.0	79.0	98.0	112.0	95.0	100.0	106.0	93.0	92.0	85.0	92.0	97.0	97.0
329.367	98.0	116.0	93.0	113.0	133.0	81.0	88.0	106.0	78.0	106.0	107.0	105.0	103.0	102.0	98.0	93.0	94.0	97.0	106.0	98.0
329.475	88.0	112.0	94.0	110.0	122.0	86.0	86.0	100.0	81.0	102.0	110.0	98.0	102.0	106.0	92.0	96.0	94.0	93.0	108.0	91.0
329.584	89.0	114.0	88.0	104.0	125.0	93.0	89.0	111.0	85.0	101.0	111.0	97.0	98.0	105.0	94.0	89.0	90.0	97.0	104.0	95.0
329.692	93.0	113.0	99.0	103.0	129.0	95.0	94.0	109.0	84.0	106.0	115.0	98.0	106.0	103.0	97.0	90.0	94.0	103.0	109.0	103.0
329.801	85.0	112.0	96.0	102.0	135.0	89.0	85.0	107.0	81.0	103.0	114.0	96.0	102.0	100.0	93.0	96.0	90.0	90.0	103.0	97.0
329.909	89.0	112.0	86.0	105.0	130.0	83.0	88.0	106.0	83.0	101.0	109.0	100.0	102.0	106.0	96.0	96.0	98.0	98.0	100.0	96.0
330.018	89.0	121.0	94.0	107.0	130.0	88.0	93.0	110.0	82.0	108.0	112.0	107.0	107.0	112.0	95.0	90.0	97.0	102.0	103.0	101.0
330.127	96.0	121.0	100.0	115.0	135.0	96.0	100.0	108.0	92.0	114.0	108.0	111.0	112.0	103.0	98.0	103.0	95.0	106.0	111.0	102.0
330.235	107.0	132.0	115.0	132.0	142.0	101.0	105.0	110.0	92.0	128.0	118.0	124.0	127.0	116.0	120.0	112.0	111.0	112.0	132.0	109.0
330.344	123.0	141.0	138.0	168.0	150.0	121.0	120.0	113.0	98.0	157.0	109.0	136.0	143.0	113.0	139.0	126.0	128.0	130.0	157.0	133.0
330.453	111.0	140.0	121.0	151.0	144.0	109.0	109.0	111.0	103.0	139.0	113.0	134.0	131.0	113.0	124.0	119.0	122.0	119.0	134.0	121.0
330.561	113.0	123.0	124.0	144.0	149.0	116.0	108.0	114.0	103.0	137.0	110.0	135.0	134.0	111.0	121.0	116.0	112.0	120.0	140.0	113.0
330.67	113.0	124.0	123.0	138.0	145.0	109.0	107.0	112.0	99.0	131.0	109.0	121.0	126.0	109.0	123.0	112.0	108.0	108.0	136.0	108.0
330.778	122.0	141.0	133.0	157.0	150.0	116.0	112.0	117.0	99.0	139.0	111.0	137.0	133.0	113.0	133.0	120.0	116.0	122.0	137.0	122.0
330.887	135.0	162.0	152.0	189.0	176.0	134.0	136.0	132.0	118.0	179.0	121.0	165.0	159.0	129.0	153.0	144.0	150.0	146.0	173.0	147.0
330.996	133.0	141.0	140.0	180.0	155.0	134.0	130.0	117.0	113.0	171.0	108.0	158.0	158.0	116.0	144.0	139.0	149.0	141.0	170.0	136.0
331.104	121.0	140.0	136.0	167.0	155.0	118.0	120.0	116.0	107.0	151.0	114.0	146.0	143.0	111.0	138.0	132.0	132.0	128.0	165.0	129.0
331.213	123.0	142.0	132.0	167.0	150.0	115.0	119.0	109.0	98.0	147.0	123.0	147.0	144.0	113.0	143.0	142.0	144.0	132.0	170.0	126.0
331.322	130.0	139.0	144.0	187.0	155.0	129.0	121.0	110.0	106.0	155.0	115.0	157.0	146.0	115.0	148.0	140.0	151.0	133.0	187.0	136.0
331.431	125.0	132.0	134.0	167.0	153.0	119.0	114.0	115.0	105.0	156.0	114.0	152.0	136.0	112.0	141.0	126.0	142.0	136.0	177.0	123.0
331.539	150.0	148.0	172.0	241.0	165.0	140.0	149.0	118.0	122.0	184.0	124.0	190.0	167.0	115.0	178.0	170.0	188.0	160.0	234.0	155.0
331.648	214.0	195.0	277.0	364.0	196.0	211.0	224.0	128.0	157.0	270.0	115.0	284.0	246.0	123.0	260.0	255.0	303.0	237.0	380.0	230.0
331.757	275.0	221.0	352.0	477.0	224.0	260.0	276.0	131.0	189.0	352.0	126.0	353.0	307.0	126.0	331.0	312.0	389.0	303.0	489.0	291.0
331.865	214.0	186.0	257.0	374.0	186.0	208.0	213.0	124.0	148.0	284.0	112.0	274.0	241.0	107.0	245.0	261.0	309.0	226.0	367.0	220.0
331.974	163.0	169.0	198.0	291.0	183.0	166.0	173.0	124.0	121.0	211.0	132.0	221.0	202.0	123.0	198.0	208.0	228.0	196.0	281.0	186.0
332.083	199.0	177.0	236.0	333.0	178.0	196.0	190.0	122.0	143.0	243.0	114.0	246.0	218.0	117.0	231.0	222.0	264.0	208.0	325.0	208.0
332.192	159.0	158.0	191.0	280.0	166.0	161.0	155.0	117.0	122.0	204.0	114.0	216.0	188.0	112.0	198.0	187.0	218.0	175.0	270.0	168.0
332.3	206.0	186.0	261.0	349.0	188.0	207.0	209.0	127.0	152.0	264.0	124.0	268.0	234.0	115.0	242.0	236.0	290.0	223.0	356.0	214.0
332.409	215.0	188.0	260.0	372.0	192.0	212.0	209.0	125.0	152.0	277.0	118.0	279.0	238.0	110.0	250.0	249.0	301.0	240.0	373.0	216.0
332.518	190.0	178.0	220.0	332.0	186.0	189.0	191.0	126.0	133.0	237.0	126.0	261.0	222.0	122.0	229.0	239.0	270.0	212.0	333.0	197.0
332.627	198.0	178.0	236.0	356.0	188.0	192.0	204.0	129.0	138.0	251.0	124.0	266.0	231.0	124.0	242.0	236.0	289.0	237.0	369.0	203.0
332.735	165.0	164.0	199.0	302.0	185.0	172.0	174.0	124.0	116.0	223.0	125.0	240.0	200.0	116.0	206.0	206.0	251.0	206.0	305.0	187.0
332.844	200.0	176.0	246.0	355.0	181.0	205.0	208.0	118.0	144.0	260.0	112.0	256.0	227.0	115.0	231.0	236.0	293.0	220.0	354.0	207.0
332.953	216.0	185.0	259.0	370.0	191.0	215.0	216.0	125.0	141.0	270.0	123.0	284.0	240.0	119.0	255.0	262.0	306.0	229.0	388.0	213.0
333.062	190.0	175.0	222.0	330.0	173.0	177.0	180.0	116.0	132.0	233.0	116.0	233.0	215.0	111.0	229.0	231.0	257.0	209.0	315.0	194.0
333.171	153.0	152.0	180.0	264.0	163.0	152.0	152.0	124.0	118.0	197.0	118.0	206.0	184.0	117.0	190.0	187.0	217.0	175.0	261.0	163.0
333.279	138.0	145.0	156.0	222.0	158.0	133.0	145.0	124.0	110.0	175.0	122.0	187.0	173.0	116.0	168.0	174.0	180.0	159.0	229.0	150.0
333.388	181.0	169.0	204.0	298.0	187.0	176.0	176.0	121.0	133.0	218.0	128.0	241.0	214.0	123.0	211.0	217.0	241.0	198.0	304.0	193.0
333.497	269.0	215.0	340.0	472.0	221.0	246.0	263.0	132.0	171.0	337.0	131.0	346.0	311.0	132.0	310.0	315.0	383.0	295.0	468.0	276.0
333.606	324.0	271.0	440.0	637.0	280.0	305.0	356.0	159.0	215.0	461.0	137.0	483.0	430.0	147.0	409.0	423.0	507.0	397.0	637.0	367.0
333.715	285.0	237.0	374.0	527.0	248.0	265.0	292.0	139.0	187.0	384.0	136.0	379.0	344.0	133.0	346.0	349.0	425.0	328.0	528.0	310.0
333.824	268.0	213.0	327.0	468.0	229.0	243.0	262.0	129.0	171.0	340.0	130.0	340.0	307.0	121.0	309.0	315.0	389.0	287.0	461.0	274.0
333.933	274.0	218.0	324.0	458.0	226.0	238.0	256.0	138.0	183.0	344.0	142.0	331.0	302.0	136.0	297.0	335.0	381.0	286.0	446.0	283.0
334.041	234.0	205.0	275.0	406.0	210.0	208.0	228.0	133.0	157.0	301.0	128.0	303.0	268.0	121.0	274.0	279.0	345.0	266.0	404.0	234.0
334.15	252.0	198.0	278.0	477.0	208.0	233.0	242.0	126.0	157.0	328.0	120.0	318.0	276.0	117.0	280.0	301.0	370.0	269.0	439.0	257.0
334.259	442.0	336.0	560.0	811.0	310.0	389.0	501.0	160.0	287.0	581.0	140.0	595.0	535.0	135.0	511.0	568.0	670.0	490.0	802.0	480.0
334.368	595.0	456.0	779.0	1089.0	374.0	524.0	692.0	169.0	380.0	810.0	152.0	818.0	733.0	145.0	703.0	793.0	916.0	693.0	1104.0	652.0
334.477	496.0	366.0	618.0	896.0	313.0	442.0	546.0	156.0	312.0	665.0	137.0	656.0	588.0	137.0	550.0	630.0	744.0	549.0	872.0	526.0
334.586	400.0	298.0	483.0	719.0	270.0	344.0	421.0	146.0	249.0	533.0	134.0	508.0	461.0	130.0	442.0	511.0	592.0	433.0	697.0	413.0
334.695	334.0	267.0	402.0	581.0	251.0	294.0	355.0	147.0	208.0	432.0	142.0	429.0	402.0	145.0	390.0	429.0	486.0	381.0	573.0	347.0
334.804	288.0	261.0	358.0	508.0	243.0	260.0	316.0	150.0	196.0	406.0	143.0	400.0	372.0	142.0	353.0	373.0	408.0	342.0	503.0	326.0
334.913	238.0	205.0	278.0	393.0	219.0	216.0	237.0	134.0	174.0	331.0	131.0	320.0	296.0	130.0	272.0	286.0	309.0	260.0	366.0	262.0
335.022	165.0	160.0	192.0	271.0	188.0	161.0	169.0	127.0	131.0	224.0	124.0	216.0	213.0	115.0	193.0	198.0	210.0	186.0	259.0	177.0
335.13	150.0	157.0	164.0	223.0	167.0	141.0	155.0	118.0	112.0	203.0	119.0	194.0	187.0	110.0	164.0	168.0	176.0	163.0	211.0	157.0
335.239	162.0	159.0	165.0	225.0	171.0	148.0	147.0	118.0	123.0	198.0	115.0	195.0	180.0	114.0	171.0	170.0	180.0	168.0	206.0	160.0
335.348	158.0	153.0	169.0	250.0	172.0	146.0	148.0	123.0	115.0	206.0	121.0	197.0	189.0	122.0	165.0	183.0	192.0	173.0	228.0	174.0
335.457	275.0	243.0	338.0	507.0	248.0	258.0	299.0	149.0	186.0	394.0	145.0	389.0	362.0	147.0	325.0	358.0	406.0	325.0	482.0	306.0
335.566	424.0	319.0	533.0	755.0	302.0	369.0	446.0	156.0	268.0	560.0	141.0	554.0	499.0	141.0	476.0	528.0	612.0	471.0	725.0	455.0
335.675	376.0	275.0	451.0	657.0	261.0	344.0	380.0	136.0	243.0	498.0	119.0	465.0	422.0	119.0	415.0	446.0	537.0	404.0	618.0	387.0
335.784	266.0	221.0	327.0	488.0	215.0	249.0	272.0	137.0	178.0	358.0	132.0	352.0	325.0	124.0	303.0	338.0	386.0	304.0	457.0	288.0
335.893	262.0	204.0	298.0	442.0	210.0	237.0	248.0	132.0	172.0	330.0	121.0	325.0	300.0	119.0	296.0	313.0	369.0	282.0	404.0	269.0
336.002	212.0	188.0	238.0	364.0	203.0	199.0	213.0	132.0	152.0	273.0	125.0	282.0	250.0	121.0	250.0	265.0	285.0	243.0	344.0	220.0
336.111	240.0	229.0	264.0	349.0	232.0	228.0	220.0	176.0	184.0	278.0	177.0	284.0	273.0	170.0	260.0	280.0	297.0	263.0	341.0	245.0
336.22	167.0	170.0	177.0	241.0	178.0	152.0	166.0	135.0	125.0	201.0	129.0	204.0	184.0	138.0	180.0	193.0	204.0	181.0	225.0	173.0
336.329	136.0	137.0	149.0	212.0	152.0	139.0	127.0	113.0	107.0	172.0	110.0	167.0	155.0	113.0	143.0	159.0	174.0	148.0	196.0	143.0
336.438	163.0	161.0	184.0	232.0	176.0	154.0	155.0	126.0	132.0	217.0	120.0	204.0	189.0	106.0	184.0	176.0	190.0	169.0	222.0	164.0
336.547	231.0	203.0	266.0	363.0	223.0	210.0	223.0	134.0	162.0	324.0	126.0	298.0	280.0	117.0	255.0	250.0	273.0	245.0	335.0	246.0
336.656	406.0	322.0	498.0	687.0	308.0	347.0	416.0	154.0	272.0	544.0	137.0	533.0	503.0	127.0	465.0	482.0	557.0	456.0	659.0	416.0
336.766	365.0	297.0	478.0	701.0	299.0	342.0	396.0	163.0	240.0	512.0	149.0	529.0	466.0	139.0	456.0	472.0	543.0	431.0	655.0	404.0
336.875	307.0	245.0	385.0	552.0	256.0	293.0	310.0	142.0	212.0	431.0	140.0	417.0	368.0	121.0	355.0	375.0	439.0	353.0	526.0	334.0
336.984	245.0	225.0	300.0	440.0	228.0	238.0	263.0	142.0	169.0	338.0	152.0	345.0	315.0	132.0	306.0	306.0	335.0	294.0	428.0	276.0
337.093	206.0	199.0	247.0	357.0	230.0	202.0	217.0	147.0	154.0	292.0	147.0	304.0	284.0	138.0	262.0	271.0	286.0	256.0	342.0	232.0
337.202	237.0	215.0	258.0	363.0	231.0	217.0	225.0	143.0	165.0	321.0	136.0	300.0	297.0	130.0	266.0	268.0	277.0	256.0	349.0	246.0
337.311	159.0	176.0	188.0	276.0	201.0	167.0	179.0	138.0	139.0	234.0	140.0	231.0	228.0	135.0	204.0	197.0	208.0	203.0	259.0	190.0
337.42	224.0	205.0	274.0	358.0	204.0	216.0	211.0	122.0	159.0	303.0	122.0	281.0	274.0	118.0	256.0	241.0	277.0	240.0	351.0	227.0
337.529	197.0	189.0	230.0	312.0	206.0	185.0	185.0	125.0	146.0	247.0	130.0	257.0	235.0	122.0	231.0	228.0	246.0	221.0	321.0	210.0
337.638	195.0	183.0	226.0	330.0	209.0	190.0	197.0	138.0	149.0	261.0	138.0	256.0	228.0	135.0	242.0	223.0	244.0	224.0	311.0	210.0
337.747	328.0	264.0	415.0	582.0	265.0	317.0	348.0	150.0	218.0	430.0	141.0	430.0	390.0	132.0	385.0	392.0	474.0	368.0	578.0	348.0
337.856	392.0	286.0	483.0	682.0	269.0	365.0	385.0	134.0	250.0	505.0	128.0	507.0	447.0	113.0	433.0	456.0	545.0	410.0	654.0	392.0
337.966	326.0	241.0	382.0	531.0	247.0	285.0	312.0	139.0	217.0	420.0	121.0	411.0	378.0	122.0	351.0	356.0	427.0	338.0	507.0	330.0
338.075	256.0	220.0	309.0	455.0	238.0	248.0	266.0	139.0	176.0	355.0	130.0	355.0	326.0	134.0	309.0	309.0	353.0	299.0	434.0	279.0
338.184	301.0	257.0	378.0	525.0	255.0	290.0	300.0	141.0	206.0	400.0	140.0	417.0	360.0	128.0	352.0	353.0	421.0	335.0	537.0	316.0
338.293	237.0	216.0	287.0	406.0	218.0	238.0	234.0	141.0	156.0	312.0	138.0	326.0	281.0	130.0	281.0	281.0	320.0	274.0	401.0	258.0
338.402	201.0	188.0	225.0	322.0	197.0	187.0	197.0	129.0	146.0	251.0	127.0	257.0	237.0	132.0	233.0	231.0	251.0	222.0	318.0	209.0
338.511	195.0	194.0	211.0	290.0	203.0	192.0	192.0	150.0	152.0	241.0	154.0	245.0	222.0	148.0	214.0	211.0	238.0	206.0	292.0	203.0
338.62	154.0	151.0	159.0	219.0	163.0	152.0	146.0	120.0	120.0	189.0	116.0	187.0	174.0	107.0	176.0	160.0	186.0	159.0	219.0	154.0
338.73	132.0	142.0	150.0	200.0	166.0	128.0	137.0	120.0	104.0	172.0	120.0	170.0	160.0	113.0	149.0	166.0	156.0	148.0	197.0	146.0
338.839	173.0	166.0	200.0	277.0	186.0	169.0	179.0	116.0	135.0	218.0	113.0	229.0	209.0	110.0	205.0	199.0	226.0	197.0	279.0	183.0
338.948	154.0	162.0	184.0	253.0	184.0	158.0	161.0	128.0	119.0	195.0	128.0	204.0	194.0	129.0	192.0	189.0	202.0	180.0	251.0	172.0
339.057	142.0	148.0	166.0	216.0	159.0	147.0	148.0	108.0	122.0	173.0	112.0	175.0	166.0	110.0	160.0	166.0	190.0	156.0	208.0	149.0
339.166	128.0	138.0	141.0	178.0	154.0	129.0	122.0	117.0	97.0	154.0	120.0	157.0	148.0	112.0	139.0	146.0	155.0	142.0	173.0	131.0
339.276	119.0	137.0	127.0	163.0	145.0	114.0	121.0	112.0	96.0	143.0	120.0	149.0	139.0	111.0	136.0	144.0	141.0	127.0	160.0	126.0
339.385	109.0	125.0	115.0	144.0	143.0	111.0	107.0	115.0	97.0	127.0	113.0	135.0	128.0	114.0	129.0	127.0	128.0	119.0	142.0	115.0
339.494	99.0	117.0	108.0	138.0	137.0	100.0	98.0	112.0	85.0	119.0	106.0	118.0	109.0	108.0	108.0	111.0	110.0	108.0	123.0	103.0
339.603	100.0	122.0	106.0	124.0	132.0	99.0	102.0	115.0	83.0	113.0	110.0	121.0	112.0	101.0	108.0	106.0	106.0	103.0	129.0	97.0
339.713	96.0	123.0	107.0	125.0	130.0	92.0	94.0	106.0	87.0	111.0	104.0	118.0	108.0	108.0	110.0	110.0	110.0	108.0	123.0	105.0
339.822	90.0	122.0	98.0	128.0	137.0	88.0	97.0	109.0	92.0	113.0	106.0	112.0	107.0	104.0	102.0	106.0	113.0	105.0	123.0	104.0
339.931	90.0	122.0	97.0	115.0	132.0	91.0	89.0	107.0	81.0	106.0	110.0	108.0	112.0	110.0	99.0	106.0	104.0	101.0	116.0	99.0
340.04	93.0	120.0	96.0	110.0	135.0	97.0	92.0	112.0	77.0	103.0	114.0	105.0	106.0	106.0	99.0	99.0	97.0	94.0	105.0	95.0
340.15	98.0	125.0	106.0	120.0	130.0	94.0	102.0	103.0	78.0	104.0	112.0	116.0	114.0	109.0	103.0	100.0	104.0	101.0	110.0	97.0
340.259	87.0	114.0	87.0	103.0	127.0	89.0	86.0	108.0	85.0	101.0	112.0	105.0	107.0	110.0	96.0	102.0	96.0	100.0	102.0	96.0
340.368	93.0	114.0	90.0	106.0	134.0	97.0	90.0	107.0	80.0	103.0	105.0	111.0	102.0	112.0	106.0	96.0	100.0	98.0	113.0	95.0
340.477	91.0	114.0	88.0	96.0	126.0	93.0	96.0	106.0	81.0	96.0	111.0	109.0	105.0	105.0	95.0	100.0	93.0	93.0	106.0	95.0
340.587	94.0	123.0	96.0	106.0	129.0	85.0	91.0	109.0	78.0	101.0	110.0	111.0	107.0	109.0	99.0	103.0	94.0	96.0	106.0	95.0
340.696	89.0	114.0	87.0	110.0	131.0	88.0	88.0	110.0	83.0	98.0	106.0	110.0	104.0	109.0	90.0	96.0	97.0	99.0	103.0	93.0
340.805	96.0	120.0	100.0	109.0	140.0	100.0	98.0	112.0	94.0	107.0	113.0	104.0	110.0	117.0	98.0	102.0	103.0	116.0	111.0	100.0
340.915	87.0	119.0	87.0	106.0	136.0	89.0	88.0	105.0	81.0	100.0	108.0	104.0	104.0	111.0	91.0	97.0	92.0	94.0	95.0	90.0
341.024	85.0	113.0	84.0	100.0	119.0	80.0	91.0	106.0	68.0	96.0	105.0	109.0	95.0	110.0	88.0	94.0	94.0	89.0	90.0	83.0
341.133	111.0	128.0	102.0	125.0	147.0	109.0	105.0	122.0	97.0	114.0	122.0	122.0	118.0	125.0	108.0	112.0	109.0	110.0	116.0	104.0
341.243	85.0	111.0	86.0	110.0	136.0	91.0	88.0	112.0	82.0	100.0	107.0	108.0	101.0	117.0	98.0	91.0	92.0	98.0	101.0	89.0
341.352	81.0	110.0	84.0	94.0	133.0	85.0	88.0	105.0	75.0	96.0	107.0	94.0	94.0	104.0	89.0	93.0	85.0	90.0	95.0	89.0
341.461	88.0	118.0	93.0	96.0	128.0	82.0	87.0	113.0	82.0	90.0	115.0	102.0	104.0	107.0	90.0	94.0	88.0	97.0	94.0	89.0
341.571	89.0	111.0	88.0	107.0	136.0	87.0	88.0	111.0	82.0	96.0	109.0	104.0	96.0	108.0	90.0	89.0	89.0	94.0	92.0	89.0
341.68	79.0	111.0	78.0	104.0	133.0	86.0	86.0	115.0	79.0	103.0	112.0	101.0	96.0	107.0	92.0	96.0	91.0	96.0	94.0	91.0
341.789	86.0	111.0	79.0	96.0	131.0	82.0	83.0	112.0	76.0	94.0	112.0	96.0	98.0	109.0	88.0	89.0	83.0	91.0	89.0	90.0
341.899	86.0	108.0	84.0	101.0	124.0	79.0	93.0	106.0	68.0	89.0	108.0	102.0	97.0	110.0	90.0	90.0	83.0	91.0	98.0	86.0
342.008	85.0	116.0	81.0	100.0	126.0	84.0	88.0	108.0	81.0	92.0	111.0	102.0	103.0	110.0	89.0	94.0	86.0	88.0	95.0	90.0
342.118	80.0	112.0	84.0	94.0	128.0	79.0	79.0	110.0	83.0	96.0	108.0	98.0	92.0	109.0	93.0	86.0	83.0	92.0	101.0	90.0
342.227	84.0	115.0	85.0	95.0	128.0	82.0	80.0	111.0	79.0	92.0	107.0	95.0	94.0	107.0	91.0	89.0	82.0	89.0	97.0	81.0
342.336	83.0	114.0	84.0	95.0	123.0	82.0	80.0	102.0	76.0	91.0	105.0	94.0	97.0	105.0	89.0	93.0	82.0	85.0	97.0	84.0
342.446	89.0	114.0	92.0	111.0	130.0	82.0	90.0	112.0	83.0	96.0	109.0	98.0	101.0	109.0	96.0	99.0	86.0	90.0	92.0	86.0
342.555	87.0	120.0	90.0	96.0	133.0	82.0	86.0	110.0	81.0	98.0	109.0	103.0	95.0	110.0	88.0	92.0	88.0	96.0	101.0	89.0
342.665	81.0	113.0	83.0	97.0	122.0	82.0	88.0	106.0	83.0	97.0	108.0	100.0	94.0	105.0	85.0	89.0	88.0	92.0	96.0	90.0
342.774	83.0	116.0	87.0	100.0	123.0	80.0	88.0	101.0	80.0	95.0	107.0	101.0	94.0	112.0	85.0	90.0	84.0	88.0	96.0	90.0
342.884	89.0	109.0	82.0	101.0	128.0	81.0	83.0	104.0	76.0	98.0	108.0	105.0	107.0	113.0	94.0	91.0	84.0	95.0	93.0	86.0
342.993	78.0	113.0	79.0	97.0	131.0	80.0	84.0	111.0	74.0	98.0	110.0	106.0	99.0	110.0	89.0	89.0	91.0	92.0	93.0	89.0
343.102	84.0	118.0	88.0	98.0	122.0	88.0	85.0	108.0	79.0	93.0	106.0	100.0	100.0	103.0	94.0	94.0	86.0	92.0	98.0	84.0
343.212	89.0	110.0	85.0	95.0	134.0	82.0	90.0	109.0	80.0	91.0	107.0	103.0	98.0	103.0	87.0	98.0	84.0	97.0	99.0	83.0
343.321	90.0	117.0	86.0	102.0	129.0	79.0	85.0	103.0	83.0	100.0	105.0	105.0	101.0	108.0	95.0	102.0	85.0	101.0	96.0	97.0
343.431	93.0	134.0	96.0	111.0	141.0	99.0	102.0	125.0	96.0	114.0	122.0	116.0	117.0	124.0	105.0	113.0	106.0	112.0	107.0	107.0
343.54	92.0	132.0	90.0	108.0	147.0	95.0	91.0	114.0	89.0	109.0	116.0	117.0	107.0	114.0	97.0	100.0	98.0	114.0	108.0	100.0
343.65	89.0	121.0	90.0	107.0	141.0	88.0	95.0	109.0	80.0	105.0	112.0	110.0	111.0	111.0	101.0	104.0	96.0	99.0	113.0	88.0
343.759	109.0	122.0	118.0	136.0	143.0	104.0	106.0	112.0	99.0	124.0	113.0	128.0	127.0	116.0	128.0	120.0	123.0	123.0	137.0	116.0
343.869	130.0	148.0	149.0	193.0	173.0	132.0	136.0	124.0	112.0	165.0	121.0	169.0	160.0	125.0	162.0	164.0	165.0	154.0	211.0	139.0
343.978	127.0	131.0	148.0	180.0	161.0	129.0	120.0	119.0	103.0	161.0	113.0	151.0	140.0	110.0	149.0	144.0	155.0	141.0	182.0	124.0
344.088	136.0	154.0	138.0	168.0	167.0	129.0	129.0	129.0	111.0	145.0	132.0	158.0	155.0	130.0	151.0	141.0	146.0	141.0	176.0	140.0
344.197	111.0	137.0	118.0	144.0	154.0	108.0	111.0	121.0	95.0	126.0	113.0	138.0	129.0	117.0	124.0	120.0	128.0	122.0	146.0	113.0
344.307	104.0	129.0	112.0	135.0	147.0	100.0	109.0	112.0	90.0	120.0	111.0	135.0	120.0	114.0	117.0	118.0	121.0	111.0	138.0	112.0
344.416	100.0	124.0	107.0	128.0	146.0	98.0	101.0	112.0	89.0	117.0	114.0	121.0	120.0	107.0	110.0	112.0	116.0	113.0	129.0	108.0
344.526	96.0	130.0	104.0	122.0	138.0	91.0	101.0	108.0	86.0	108.0	111.0	113.0	106.0	115.0	104.0	106.0	108.0	101.0	111.0	103.0
344.636	106.0	124.0	111.0	137.0	142.0	96.0	107.0	106.0	88.0	114.0	108.0	123.0	116.0	104.0	114.0	116.0	115.0	109.0	130.0	108.0
344.745	109.0	124.0	107.0	138.0	148.0	101.0	105.0	117.0	92.0	123.0	117.0	132.0	123.0	116.0	114.0	110.0	120.0	118.0	143.0	115.0
344.855	112.0	133.0	107.0	149.0	152.0	109.0	112.0	121.0	102.0	129.0	115.0	128.0	129.0	120.0	114.0	116.0	123.0	118.0	137.0	122.0
344.964	103.0	126.0	110.0	140.0	146.0	108.0	106.0	112.0	94.0	123.0	113.0	134.0	122.0	111.0	118.0	125.0	119.0	111.0	145.0	110.0
345.074	130.0	139.0	148.0	201.0	151.0	125.0	130.0	108.0	104.0	152.0	112.0	172.0	148.0	105.0	149.0	148.0	163.0	140.0	200.0	137.0
345.183	128.0	142.0	139.0	177.0	160.0	121.0	121.0	115.0	98.0	142.0	108.0	153.0	142.0	115.0	132.0	138.0	152.0	126.0	170.0	124.0
345.293	106.0	130.0	113.0	155.0	154.0	112.0	104.0	114.0	98.0	123.0	113.0	134.0	133.0	114.0	118.0	124.0	134.0	119.0	153.0	112.0
345.403	122.0	142.0	123.0	157.0	165.0	120.0	125.0	130.0	107.0	137.0	133.0	135.0	136.0	135.0	134.0	134.0	141.0	135.0	153.0	126.0
345.512	120.0	144.0	141.0	190.0	148.0	128.0	129.0	111.0	106.0	151.0	114.0	156.0	142.0	119.0	144.0	142.0	154.0	135.0	192.0	122.0
345.622	138.0	143.0	154.0	197.0	156.0	136.0	126.0	112.0	112.0	156.0	113.0	169.0	151.0	111.0	160.0	146.0	172.0	148.0	208.0	142.0
345.731	114.0	130.0	127.0	170.0	151.0	118.0	118.0	112.0	101.0	137.0	110.0	149.0	133.0	104.0	128.0	126.0	140.0	132.0	162.0	115.0
345.841	100.0	126.0	110.0	142.0	142.0	100.0	109.0	112.0	92.0	127.0	106.0	127.0	129.0	106.0	126.0	117.0	122.0	116.0	148.0	107.0
345.951	118.0	142.0	129.0	157.0	160.0	120.0	125.0	130.0	108.0	142.0	127.0	147.0	134.0	127.0	140.0	133.0	139.0	133.0	156.0	134.0
346.06	104.0	125.0	107.0	138.0	149.0	103.0	103.0	113.0	88.0	122.0	112.0	124.0	123.0	110.0	117.0	105.0	121.0	115.0	131.0	105.0
346.17	95.0	115.0	94.0	128.0	143.0	93.0	90.0	120.0	89.0	110.0	113.0	105.0	115.0	115.0	105.0	104.0	97.0	103.0	122.0	94.0
346.28	92.0	118.0	97.0	117.0	135.0	91.0	88.0	114.0	84.0	111.0	114.0	111.0	107.0	114.0	98.0	101.0	101.0	95.0	109.0	92.0
346.389	94.0	125.0	91.0	108.0	131.0	84.0	90.0	109.0	78.0	100.0	110.0	107.0	103.0	117.0	95.0	98.0	103.0	93.0	107.0	92.0
346.499	98.0	121.0	88.0	105.0	130.0	96.0	90.0	112.0	87.0	105.0	112.0	110.0	106.0	112.0	102.0	100.0	88.0	99.0	108.0	97.0
346.608	85.0	118.0	84.0	102.0	134.0	86.0	82.0	112.0	81.0	101.0	106.0	104.0	101.0	107.0	88.0	91.0	90.0	89.0	102.0	90.0
346.718	89.0	116.0	83.0	99.0	134.0	84.0	87.0	109.0	78.0	101.0	104.0	102.0	101.0	97.0	88.0	95.0	88.0	88.0	100.0	85.0
346.828	86.0	115.0	86.0	93.0	130.0	84.0	86.0	104.0	81.0	99.0	113.0	100.0	103.0	105.0	88.0	94.0	88.0	90.0	93.0	88.0
346.938	89.0	117.0	90.0	104.0	133.0	84.0	85.0	107.0	82.0	98.0	104.0	104.0	105.0	112.0	89.0	90.0	89.0	90.0	100.0	88.0
347.047	104.0	126.0	103.0	136.0	143.0	106.0	98.0	116.0	94.0	120.0	106.0	121.0	117.0	112.0	112.0	108.0	116.0	108.0	140.0	109.0
347.157	117.0	137.0	122.0	163.0	159.0	118.0	121.0	112.0	106.0	138.0	115.0	146.0	139.0	112.0	136.0	134.0	135.0	122.0	166.0	119.0
347.267	108.0	137.0	121.0	158.0	157.0	108.0	116.0	113.0	93.0	128.0	116.0	137.0	132.0	112.0	129.0	123.0	135.0	117.0	158.0	117.0
347.376	109.0	133.0	122.0	149.0	143.0	113.0	112.0	112.0	93.0	130.0	115.0	142.0	140.0	109.0	129.0	119.0	128.0	120.0	148.0	114.0
347.486	123.0	135.0	132.0	159.0	162.0	125.0	122.0	133.0	109.0	144.0	127.0	148.0	140.0	126.0	146.0	130.0	133.0	134.0	152.0	127.0
347.596	106.0	132.0	112.0	137.0	143.0	114.0	100.0	116.0	97.0	123.0	109.0	131.0	122.0	109.0	117.0	112.0	125.0	108.0	136.0	98.0
347.705	94.0	125.0	100.0	121.0	141.0	95.0	98.0	108.0	88.0	116.0	114.0	117.0	117.0	116.0	111.0	113.0	106.0	102.0	126.0	105.0
347.815	95.0	124.0	101.0	127.0	143.0	96.0	104.0	113.0	87.0	111.0	111.0	128.0	114.0	113.0	115.0	113.0	109.0	108.0	133.0	101.0
347.925	101.0	119.0	98.0	126.0	135.0	97.0	100.0	118.0	92.0	114.0	110.0	123.0	112.0	113.0	109.0	106.0	106.0	109.0	126.0	102.0
348.035	92.0	120.0	98.0	116.0	136.0	90.0	91.0	105.0	83.0	110.0	110.0	110.0	108.0	107.0	99.0	107.0	104.0	100.0	119.0	101.0
348.144	96.0	119.0	96.0	116.0	130.0	94.0	92.0	104.0	83.0	106.0	112.0	109.0	107.0	109.0	101.0	98.0	105.0	98.0	114.0	99.0
348.254	94.0	121.0	96.0	125.0	137.0	89.0	87.0	106.0	83.0	111.0	113.0	114.0	111.0	107.0	101.0	104.0	106.0	98.0	111.0	99.0
348.364	96.0	114.0	96.0	117.0	140.0	88.0	88.0	113.0	90.0	107.0	112.0	116.0	108.0	111.0	104.0	97.0	108.0	98.0	111.0	97.0
348.474	111.0	125.0	117.0	148.0	151.0	112.0	112.0	111.0	92.0	130.0	109.0	140.0	126.0	103.0	125.0	117.0	134.0	115.0	156.0	115.0
348.584	118.0	136.0	124.0	153.0	150.0	116.0	120.0	115.0	105.0	140.0	115.0	139.0	132.0	114.0	137.0	125.0	134.0	123.0	172.0	119.0
348.693	111.0	127.0	130.0	152.0	144.0	105.0	113.0	116.0	96.0	130.0	111.0	137.0	131.0	108.0	130.0	122.0	133.0	121.0	154.0	111.0
348.803	104.0	127.0	109.0	148.0	153.0	100.0	107.0	117.0	94.0	121.0	111.0	133.0	122.0	118.0	119.0	112.0	121.0	113.0	140.0	110.0
348.913	105.0	126.0	109.0	146.0	147.0	106.0	113.0	114.0	95.0	130.0	109.0	134.0	124.0	118.0	111.0	120.0	123.0	106.0	145.0	105.0
349.023	99.0	122.0	106.0	138.0	149.0	105.0	106.0	110.0	87.0	118.0	114.0	119.0	118.0	115.0	113.0	117.0	116.0	114.0	130.0	107.0
349.133	101.0	113.0	97.0	121.0	137.0	89.0	98.0	102.0	93.0	113.0	108.0	112.0	114.0	107.0	101.0	103.0	106.0	98.0	120.0	102.0
349.242	93.0	113.0	91.0	115.0	133.0	87.0	88.0	106.0	84.0	106.0	116.0	109.0	108.0	111.0	103.0	102.0	102.0	95.0	110.0	95.0
349.352	124.0	144.0	117.0	145.0	174.0	120.0	125.0	144.0	120.0	137.0	139.0	142.0	139.0	132.0	128.0	130.0	128.0	133.0	136.0	117.0
349.462	99.0	122.0	103.0	122.0	147.0	103.0	104.0	116.0	92.0	115.0	113.0	118.0	118.0	110.0	103.0	114.0	104.0	104.0	115.0	101.0
349.572	101.0	125.0	95.0	119.0	140.0	89.0	101.0	105.0	81.0	109.0	107.0	116.0	109.0	106.0	107.0	102.0	101.0	103.0	112.0	101.0
349.682	105.0	125.0	99.0	134.0	137.0	90.0	91.0	114.0	86.0	106.0	101.0	115.0	114.0	112.0	107.0	109.0	115.0	116.0	113.0	100.0
349.792	110.0	120.0	120.0	170.0	151.0	116.0	111.0	111.0	97.0	136.0	112.0	149.0	135.0	114.0	130.0	137.0	147.0	133.0	164.0	122.0
349.901	217.0	185.0	274.0	391.0	193.0	219.0	219.0	123.0	151.0	268.0	126.0	283.0	236.0	117.0	248.0	256.0	328.0	232.0	380.0	230.0
350.011	214.0	177.0	246.0	358.0	178.0	209.0	205.0	107.0	138.0	245.0	114.0	261.0	219.0	112.0	225.0	243.0	306.0	221.0	346.0	204.0
350.121	179.0	161.0	198.0	289.0	172.0	170.0	168.0	122.0	122.0	196.0	118.0	222.0	186.0	120.0	188.0	196.0	237.0	178.0	274.0	176.0
350.231	152.0	138.0	169.0	246.0	165.0	149.0	148.0	112.0	105.0	192.0	110.0	185.0	164.0	104.0	175.0	180.0	215.0	158.0	239.0	155.0
350.341	146.0	140.0	156.0	233.0	159.0	135.0	145.0	117.0	108.0	174.0	122.0	181.0	157.0	112.0	165.0	176.0	195.0	149.0	237.0	151.0
350.451	194.0	166.0	228.0	333.0	181.0	190.0	190.0	120.0	127.0	231.0	122.0	253.0	217.0	111.0	222.0	237.0	278.0	212.0	339.0	200.0
350.561	209.0	179.0	230.0	360.0	189.0	193.0	208.0	125.0	139.0	241.0	121.0	261.0	220.0	127.0	236.0	239.0	287.0	217.0	340.0	204.0
350.671	141.0	141.0	162.0	253.0	170.0	146.0	151.0	118.0	104.0	177.0	121.0	200.0	174.0	121.0	174.0	182.0	207.0	168.0	245.0	156.0
350.78	138.0	141.0	155.0	222.0	163.0	136.0	133.0	116.0	104.0	172.0	117.0	177.0	154.0	112.0	156.0	165.0	183.0	146.0	218.0	142.0
350.89	121.0	132.0	133.0	180.0	148.0	123.0	121.0	115.0	89.0	138.0	117.0	158.0	132.0	110.0	136.0	142.0	157.0	131.0	165.0	124.0
351.0	110.0	120.0	119.0	161.0	144.0	111.0	110.0	114.0	86.0	121.0	120.0	141.0	125.0	114.0	122.0	127.0	134.0	119.0	152.0	113.0
351.11	116.0	127.0	112.0	152.0	141.0	108.0	106.0	110.0	96.0	123.0	114.0	135.0	121.0	110.0	117.0	119.0	128.0	127.0	145.0	113.0
351.22	103.0	132.0	111.0	135.0	150.0	113.0	105.0	123.0	94.0	131.0	120.0	132.0	127.0	106.0	117.0	124.0	131.0	116.0	138.0	117.0
351.33	107.0	124.0	107.0	130.0	134.0	97.0	99.0	107.0	88.0	117.0	112.0	122.0	118.0	108.0	104.0	113.0	127.0	106.0	135.0	102.0
351.44	123.0	130.0	136.0	182.0	151.0	122.0	114.0	116.0	104.0	133.0	107.0	150.0	133.0	113.0	130.0	143.0	151.0	126.0	176.0	117.0
351.55	127.0	126.0	128.0	165.0	147.0	113.0	111.0	111.0	100.0	136.0	105.0	155.0	127.0	104.0	127.0	135.0	154.0	130.0	171.0	124.0
351.66	101.0	122.0	112.0	136.0	132.0	100.0	101.0	106.0	79.0	112.0	109.0	129.0	117.0	110.0	109.0	114.0	121.0	106.0	130.0	96.0
351.77	116.0	136.0	120.0	156.0	152.0	114.0	120.0	124.0	101.0	132.0	127.0	138.0	134.0	132.0	124.0	130.0	139.0	127.0	144.0	126.0
351.88	105.0	117.0	100.0	138.0	138.0	92.0	100.0	113.0	88.0	118.0	110.0	122.0	110.0	108.0	108.0	112.0	118.0	109.0	123.0	98.0
351.99	97.0	118.0	99.0	130.0	141.0	93.0	99.0	114.0	87.0	111.0	107.0	120.0	109.0	102.0	108.0	100.0	109.0	116.0	122.0	103.0
352.1	92.0	115.0	87.0	109.0	139.0	94.0	89.0	111.0	85.0	103.0	109.0	105.0	105.0	109.0	92.0	105.0	104.0	100.0	114.0	92.0
352.21	121.0	143.0	124.0	128.0	162.0	110.0	115.0	131.0	105.0	124.0	136.0	128.0	137.0	133.0	111.0	121.0	119.0	113.0	128.0	120.0
352.32	106.0	143.0	108.0	136.0	154.0	108.0	107.0	127.0	105.0	115.0	126.0	126.0	123.0	132.0	119.0	117.0	115.0	118.0	124.0	110.0
352.43	83.0	115.0	88.0	103.0	138.0	91.0	90.0	110.0	80.0	98.0	103.0	100.0	103.0	109.0	90.0	92.0	93.0	90.0	102.0	92.0
352.54	82.0	115.0	81.0	98.0	135.0	86.0	86.0	115.0	78.0	94.0	110.0	100.0	99.0	109.0	89.0	97.0	92.0	91.0	93.0	90.0
352.65	100.0	130.0	97.0	108.0	144.0	99.0	99.0	120.0	92.0	106.0	120.0	111.0	117.0	118.0	102.0	109.0	102.0	104.0	113.0	100.0
352.76	98.0	122.0	96.0	114.0	139.0	93.0	93.0	111.0	90.0	107.0	111.0	107.0	106.0	109.0	103.0	107.0	105.0	98.0	111.0	102.0
352.87	92.0	117.0	108.0	141.0	138.0	101.0	98.0	117.0	89.0	114.0	110.0	132.0	117.0	109.0	110.0	117.0	116.0	118.0	139.0	103.0
352.98	132.0	137.0	145.0	209.0	152.0	136.0	140.0	120.0	98.0	152.0	111.0	169.0	148.0	104.0	153.0	154.0	164.0	149.0	216.0	133.0
353.09	151.0	152.0	154.0	197.0	170.0	146.0	154.0	130.0	120.0	158.0	134.0	168.0	159.0	130.0	162.0	158.0	169.0	159.0	208.0	145.0
353.2	114.0	127.0	119.0	156.0	145.0	103.0	114.0	112.0	97.0	118.0	112.0	132.0	127.0	110.0	126.0	127.0	135.0	119.0	159.0	114.0
353.31	108.0	128.0	115.0	154.0	140.0	109.0	106.0	107.0	94.0	130.0	102.0	138.0	118.0	106.0	122.0	124.0	134.0	119.0	147.0	120.0
353.42	98.0	124.0	103.0	136.0	141.0	98.0	102.0	106.0	86.0	126.0	110.0	118.0	115.0	102.0	108.0	116.0	132.0	111.0	142.0	106.0
353.53	93.0	120.0	92.0	117.0	135.0	89.0	93.0	110.0	80.0	100.0	115.0	112.0	110.0	107.0	102.0	105.0	104.0	101.0	124.0	94.0
353.64	89.0	115.0	83.0	109.0	125.0	88.0	91.0	105.0	81.0	104.0	109.0	104.0	107.0	105.0	95.0	99.0	96.0	97.0	98.0	93.0
353.75	89.0	111.0	86.0	98.0	124.0	86.0	77.0	111.0	79.0	99.0	105.0	111.0	96.0	108.0	93.0	89.0	89.0	91.0	94.0	91.0
353.86	85.0	111.0	83.0	99.0	130.0	87.0	85.0	103.0	81.0	95.0	107.0	103.0	102.0	102.0	90.0	92.0	88.0	96.0	102.0	88.0
353.97	84.0	113.0	80.0	95.0	133.0	81.0	82.0	109.0	79.0	90.0	110.0	94.0	103.0	112.0	92.0	95.0	85.0	93.0	98.0	81.0
354.081	90.0	109.0	89.0	95.0	137.0	80.0	89.0	102.0	80.0	93.0	108.0	101.0	101.0	109.0	94.0	93.0	88.0	92.0	102.0	88.0
354.191	90.0	117.0	96.0	101.0	136.0	90.0	90.0	112.0	84.0	105.0	109.0	104.0	109.0	116.0	94.0	101.0	93.0	93.0	98.0	94.0
354.301	85.0	113.0	82.0	99.0	134.0	85.0	93.0	113.0	83.0	99.0	112.0	104.0	98.0	107.0	84.0	92.0	90.0	89.0	96.0	87.0
354.411	80.0	109.0	86.0	92.0	129.0	77.0	86.0	107.0	75.0	93.0	114.0	97.0	96.0	105.0	88.0	94.0	84.0	93.0	94.0	89.0
354.521	90.0	116.0	85.0	103.0	132.0	81.0	84.0	106.0	83.0	97.0	111.0	106.0	100.0	109.0	93.0	98.0	86.0	92.0	93.0	88.0
354.631	88.0	115.0	88.0	105.0	136.0	78.0	88.0	114.0	85.0	97.0	110.0	105.0	104.0	110.0	96.0	95.0	96.0	95.0	98.0	92.0
354.741	86.0	116.0	86.0	103.0	132.0	90.0	86.0	112.0	79.0	97.0	106.0	105.0	104.0	106.0	96.0	94.0	90.0	96.0	94.0	97.0
354.851	88.0	115.0	75.0	91.0	131.0	87.0	86.0	105.0	78.0	101.0	111.0	92.0	96.0	105.0	86.0	93.0	88.0	86.0	90.0	80.0
354.961	85.0	113.0	80.0	91.0	133.0	86.0	83.0	103.0	87.0	92.0	107.0	94.0	96.0	104.0	95.0	93.0	87.0	88.0	93.0	90.0
355.072	92.0	121.0	93.0	104.0	136.0	89.0	92.0	117.0	90.0	100.0	111.0	106.0	101.0	117.0	98.0	100.0	95.0	106.0	99.0	99.0
355.182	88.0	120.0	90.0	102.0	139.0	89.0	90.0	112.0	81.0	99.0	110.0	102.0	104.0	111.0	97.0	98.0	93.0	95.0	100.0	93.0
355.292	87.0	124.0	87.0	111.0	142.0	98.0	92.0	114.0	89.0	106.0	113.0	113.0	113.0	111.0	95.0	94.0	95.0	99.0	100.0	94.0
355.402	86.0	121.0	86.0	101.0	130.0	83.0	88.0	100.0	74.0	101.0	110.0	100.0	106.0	113.0	92.0	92.0	89.0	88.0	98.0	84.0
355.512	97.0	115.0	95.0	109.0	133.0	85.0	81.0	112.0	91.0	109.0	111.0	105.0	100.0	116.0	100.0	98.0	94.0	101.0	97.0	94.0
355.622	85.0	116.0	90.0	103.0	134.0	89.0	86.0	113.0	86.0	98.0	112.0	109.0	101.0	111.0	92.0	93.0	93.0	101.0	100.0	94.0
355.733	87.0	112.0	85.0	97.0	133.0	90.0	87.0	104.0	78.0	100.0	111.0	101.0	103.0	110.0	91.0	95.0	90.0	90.0	96.0	88.0
355.843	86.0	118.0	85.0	98.0	132.0	86.0	88.0	110.0	82.0	95.0	110.0	100.0	100.0	113.0	94.0	100.0	91.0	93.0	95.0	93.0
355.953	97.0	119.0	90.0	108.0	140.0	87.0	92.0	106.0	81.0	101.0	103.0	114.0	104.0	105.0	98.0	98.0	104.0	94.0	108.0	100.0
356.063	88.0	116.0	88.0	114.0	138.0	96.0	94.0	112.0	85.0	105.0	108.0	111.0	105.0	109.0	97.0	98.0	98.0	107.0	107.0	89.0
356.173	90.0	121.0	94.0	105.0	136.0	91.0	94.0	108.0	80.0	103.0	110.0	113.0	103.0	109.0	86.0	101.0	90.0	103.0	103.0	94.0
356.284	83.0	118.0	86.0	103.0	136.0	85.0	87.0	110.0	84.0	104.0	107.0	102.0	95.0	109.0	90.0	94.0	95.0	102.0	102.0	94.0
356.394	97.0	121.0	97.0	113.0	149.0	89.0	96.0	107.0	87.0	109.0	106.0	109.0	104.0	113.0	102.0	103.0	92.0	109.0	100.0	103.0
356.504	101.0	128.0	98.0	119.0	146.0	102.0	96.0	109.0	94.0	114.0	113.0	112.0	114.0	115.0	102.0	104.0	103.0	112.0	109.0	107.0
356.614	91.0	121.0	85.0	102.0	133.0	91.0	93.0	113.0	84.0	109.0	112.0	100.0	105.0	105.0	96.0	101.0	96.0	103.0	101.0	96.0
356.724	91.0	118.0	90.0	108.0	141.0	87.0	90.0	114.0	84.0	102.0	112.0	105.0	108.0	110.0	97.0	107.0	95.0	97.0	103.0	93.0
356.835	95.0	123.0	109.0	119.0	154.0	95.0	101.0	119.0	93.0	113.0	113.0	120.0	118.0	109.0	109.0	110.0	108.0	114.0	121.0	102.0
356.945	96.0	125.0	90.0	115.0	144.0	93.0	94.0	117.0	87.0	115.0	110.0	109.0	106.0	113.0	103.0	100.0	100.0	104.0	106.0	97.0
357.055	85.0	119.0	88.0	100.0	134.0	88.0	87.0	116.0	80.0	105.0	114.0	108.0	104.0	106.0	96.0	102.0	98.0	100.0	103.0	89.0
357.165	84.0	116.0	89.0	99.0	130.0	85.0	89.0	106.0	80.0	101.0	109.0	110.0	111.0	110.0	92.0	97.0	94.0	100.0	102.0	97.0
357.276	92.0	116.0	84.0	110.0	134.0	90.0	87.0	105.0	85.0	98.0	109.0	103.0	104.0	109.0	99.0	99.0	95.0	102.0	96.0	92.0
357.386	87.0	118.0	85.0	106.0	133.0	87.0	81.0	109.0	80.0	101.0	107.0	101.0	98.0	111.0	84.0	92.0	88.0	88.0	101.0	94.0
357.496	97.0	124.0	94.0	111.0	154.0	94.0	98.0	109.0	89.0	113.0	107.0	103.0	105.0	101.0	100.0	94.0	98.0	113.0	107.0	102.0
357.606	97.0	128.0	83.0	108.0	146.0	93.0	93.0	116.0	98.0	107.0	115.0	102.0	102.0	112.0	100.0	101.0	91.0	100.0	106.0	94.0
357.717	85.0	113.0	81.0	101.0	134.0	85.0	85.0	110.0	83.0	97.0	108.0	100.0	99.0	111.0	91.0	94.0	85.0	97.0	101.0	94.0
357.827	92.0	119.0	84.0	100.0	139.0	90.0	84.0	113.0	86.0	105.0	108.0	103.0	101.0	107.0	91.0	92.0	88.0	95.0	98.0	100.0
357.937	87.0	123.0	87.0	108.0	141.0	92.0	97.0	116.0	84.0	101.0	116.0	102.0	104.0	108.0	97.0	97.0	97.0	103.0	98.0	94.0
358.048	94.0	123.0	91.0	108.0	137.0	94.0	91.0	105.0	90.0	108.0	110.0	106.0	102.0	113.0	94.0	105.0	95.0	103.0	107.0	99.0
358.158	91.0	118.0	89.0	108.0	138.0	93.0	93.0	109.0	87.0	108.0	110.0	106.0	110.0	114.0	100.0	102.0	100.0	99.0	106.0	93.0
358.268	91.0	117.0	84.0	103.0	135.0	89.0	85.0	111.0	82.0	99.0	110.0	106.0	98.0	107.0	93.0	89.0	96.0	102.0	99.0	90.0
358.379	85.0	115.0	85.0	97.0	134.0	80.0	88.0	107.0	87.0	100.0	104.0	100.0	98.0	97.0	91.0	94.0	95.0	90.0	100.0	89.0
358.489	81.0	112.0	79.0	92.0	133.0	84.0	83.0	105.0	83.0	96.0	113.0	90.0	103.0	102.0	93.0	96.0	86.0	92.0	101.0	83.0
358.599	79.0	118.0	86.0	99.0	132.0	84.0	86.0	116.0	87.0	99.0	108.0	100.0	102.0	111.0	95.0	95.0	91.0	99.0	100.0	89.0
358.71	90.0	116.0	88.0	104.0	127.0	86.0	92.0	107.0	90.0	100.0	110.0	109.0	103.0	110.0	96.0	97.0	91.0	100.0	96.0	97.0
358.82	93.0	118.0	86.0	98.0	134.0	90.0	87.0	110.0	81.0	102.0	106.0	105.0	103.0	109.0	92.0	95.0	90.0	102.0	104.0	98.0
358.93	89.0	114.0	89.0	111.0	136.0	93.0	95.0	109.0	83.0	103.0	111.0	110.0	107.0	106.0	90.0	100.0	96.0	103.0	113.0	96.0
359.041	100.0	123.0	104.0	132.0	141.0	100.0	102.0	107.0	91.0	112.0	112.0	122.0	112.0	109.0	117.0	106.0	113.0	110.0	127.0	108.0
359.151	94.0	114.0	92.0	120.0	135.0	90.0	95.0	109.0	85.0	107.0	111.0	111.0	106.0	113.0	105.0	106.0	106.0	103.0	112.0	92.0
359.261	107.0	125.0	104.0	134.0	149.0	105.0	105.0	111.0	99.0	114.0	111.0	113.0	111.0	111.0	111.0	112.0	108.0	111.0	119.0	103.0
359.372	95.0	124.0	94.0	112.0	142.0	97.0	105.0	114.0	88.0	112.0	108.0	111.0	113.0	97.0	109.0	108.0	106.0	98.0	113.0	96.0
359.482	91.0	120.0	87.0	103.0	137.0	87.0	94.0	108.0	86.0	98.0	107.0	103.0	108.0	104.0	100.0	100.0	88.0	92.0	111.0	86.0
359.592	99.0	117.0	91.0	108.0	133.0	84.0	94.0	108.0	83.0	107.0	106.0	110.0	106.0	112.0	95.0	96.0	96.0	95.0	104.0	98.0
359.703	84.0	118.0	87.0	104.0	133.0	95.0	88.0	112.0	80.0	107.0	111.0	96.0	104.0	107.0	96.0	96.0	90.0	94.0	97.0	90.0
359.813	79.0	116.0	82.0	95.0	129.0	82.0	88.0	111.0	78.0	97.0	109.0	96.0	100.0	106.0	94.0	92.0	96.0	94.0	99.0	91.0
359.924	88.0	115.0	81.0	97.0	132.0	81.0	87.0	112.0	83.0	104.0	106.0	100.0	101.0	109.0	94.0	92.0	88.0	94.0	94.0	86.0
360.034	83.0	112.0	83.0	98.0	131.0	81.0	85.0	111.0	79.0	96.0	109.0	98.0	98.0	110.0	90.0	88.0	84.0	98.0	85.0	90.0
360.144	91.0	114.0	87.0	97.0	128.0	87.0	84.0	117.0	80.0	98.0	108.0	102.0	97.0	104.0	95.0	92.0	93.0	96.0	94.0	99.0
360.255	85.0	117.0	83.0	96.0	141.0	87.0	93.0	116.0	88.0	101.0	114.0	97.0	102.0	111.0	93.0	92.0	95.0	95.0	97.0	89.0
360.365	89.0	120.0	96.0	109.0	132.0	85.0	93.0	108.0	85.0	98.0	108.0	105.0	105.0	104.0	100.0	97.0	86.0	102.0	101.0	90.0
360.476	100.0	130.0	105.0	124.0	145.0	102.0	100.0	113.0	94.0	116.0	109.0	112.0	120.0	112.0	110.0	106.0	101.0	101.0	106.0	108.0
360.586	96.0	125.0	95.0	112.0	139.0	91.0	97.0	111.0	82.0	117.0	107.0	110.0	115.0	111.0	100.0	98.0	97.0	100.0	106.0	102.0
360.697	90.0	122.0	89.0	101.0	141.0	91.0	91.0	110.0	82.0	106.0	108.0	106.0	109.0	111.0	96.0	94.0	89.0	98.0	101.0	94.0
360.807	89.0	121.0	87.0	109.0	135.0	83.0	95.0	105.0	80.0	103.0	104.0	99.0	107.0	109.0	97.0	95.0	91.0	97.0	103.0	93.0
360.917	93.0	111.0	89.0	104.0	133.0	88.0	84.0	111.0	83.0	101.0	109.0	95.0	101.0	111.0	105.0	94.0	91.0	101.0	98.0	99.0
361.028	82.0	115.0	91.0	102.0	124.0	85.0	88.0	108.0	83.0	97.0	107.0	95.0	104.0	105.0	91.0	95.0	88.0	96.0	94.0	94.0
361.138	82.0	113.0	86.0	99.0	126.0	85.0	85.0	112.0	79.0	96.0	108.0	87.0	101.0	100.0	83.0	93.0	89.0	90.0	94.0	85.0
361.249	84.0	113.0	81.0	95.0	132.0	79.0	86.0	112.0	77.0	96.0	110.0	90.0	106.0	104.0	88.0	92.0	87.0	92.0	99.0	91.0
361.359	97.0	126.0	92.0	109.0	144.0	98.0	89.0	115.0	88.0	106.0	110.0	115.0	105.0	115.0	98.0	109.0	97.0	105.0	104.0	102.0
361.47	94.0	120.0	84.0	97.0	131.0	86.0	86.0	111.0	80.0	103.0	105.0	105.0	98.0	106.0	87.0	98.0	89.0	89.0	95.0	95.0
361.58	84.0	115.0	78.0	101.0	128.0	86.0	90.0	111.0	81.0	99.0	113.0	104.0	99.0	112.0	81.0	102.0	95.0	90.0	93.0	88.0
361.691	88.0	123.0	85.0	100.0	130.0	83.0	86.0	103.0	77.0	93.0	107.0	98.0	98.0	106.0	98.0	97.0	88.0	95.0	94.0	90.0
361.801	93.0	119.0	87.0	109.0	132.0	86.0	90.0	109.0	78.0	102.0	109.0	106.0	103.0	108.0	98.0	96.0	94.0	99.0	101.0	97.0
361.912	114.0	126.0	111.0	141.0	137.0	102.0	109.0	112.0	93.0	117.0	112.0	125.0	122.0	109.0	121.0	113.0	121.0	117.0	134.0	104.0
362.022	104.0	120.0	109.0	124.0	139.0	100.0	97.0	109.0	92.0	123.0	113.0	121.0	118.0	104.0	107.0	113.0	118.0	110.0	134.0	110.0
362.133	112.0	134.0	107.0	126.0	149.0	105.0	110.0	119.0	97.0	119.0	121.0	118.0	121.0	119.0	118.0	121.0	120.0	113.0	132.0	109.0
362.243	101.0	121.0	92.0	114.0	133.0	87.0	96.0	109.0	86.0	108.0	106.0	107.0	112.0	110.0	105.0	101.0	94.0	100.0	111.0	100.0
362.354	87.0	112.0	88.0	104.0	128.0	89.0	86.0	111.0	83.0	97.0	111.0	103.0	100.0	105.0	97.0	94.0	92.0	96.0	103.0	95.0
362.464	77.0	114.0	85.0	102.0	134.0	90.0	90.0	113.0	82.0	105.0	115.0	103.0	100.0	108.0	90.0	94.0	92.0	96.0	98.0	91.0
362.575	93.0	121.0	88.0	105.0	134.0	89.0	93.0	108.0	85.0	95.0	114.0	100.0	100.0	114.0	91.0	93.0	99.0	98.0	106.0	86.0
362.685	88.0	117.0	90.0	109.0	136.0	88.0	90.0	112.0	89.0	105.0	109.0	105.0	103.0	110.0	96.0	94.0	96.0	90.0	96.0	96.0
362.796	89.0	112.0	92.0	107.0	137.0	91.0	87.0	115.0	82.0	109.0	103.0	111.0	99.0	104.0	99.0	93.0	98.0	93.0	99.0	105.0
362.906	115.0	142.0	123.0	140.0	160.0	107.0	117.0	123.0	98.0	148.0	119.0	138.0	144.0	113.0	121.0	122.0	111.0	125.0	127.0	126.0
363.017	151.0	173.0	153.0	174.0	197.0	138.0	146.0	126.0	125.0	202.0	111.0	184.0	186.0	110.0	158.0	144.0	135.0	146.0	160.0	154.0
363.128	113.0	146.0	121.0	140.0	162.0	108.0	121.0	122.0	102.0	154.0	106.0	143.0	154.0	113.0	130.0	126.0	108.0	119.0	133.0	118.0
363.238	111.0	135.0	124.0	137.0	155.0	114.0	112.0	118.0	100.0	140.0	105.0	139.0	139.0	110.0	129.0	114.0	113.0	113.0	121.0	119.0
363.349	92.0	129.0	107.0	122.0	146.0	105.0	100.0	113.0	92.0	128.0	116.0	120.0	125.0	111.0	109.0	106.0	104.0	113.0	119.0	107.0
363.459	106.0	134.0	118.0	135.0	146.0	104.0	107.0	105.0	93.0	134.0	109.0	130.0	125.0	105.0	113.0	121.0	116.0	116.0	128.0	110.0
363.57	138.0	148.0	145.0	187.0	164.0	132.0	129.0	119.0	111.0	165.0	112.0	162.0	157.0	113.0	145.0	144.0	151.0	140.0	178.0	129.0
363.68	165.0	171.0	183.0	220.0	189.0	153.0	165.0	132.0	139.0	226.0	116.0	210.0	210.0	120.0	185.0	172.0	170.0	168.0	210.0	171.0
363.791	167.0	193.0	191.0	212.0	197.0	167.0	175.0	151.0	151.0	229.0	133.0	209.0	218.0	132.0	191.0	175.0	177.0	178.0	202.0	173.0
363.902	136.0	153.0	137.0	163.0	176.0	134.0	134.0	121.0	115.0	168.0	116.0	161.0	162.0	111.0	144.0	133.0	136.0	136.0	157.0	136.0
364.012	120.0	144.0	125.0	149.0	162.0	111.0	126.0	117.0	110.0	148.0	115.0	138.0	148.0	115.0	132.0	129.0	120.0	123.0	138.0	122.0
364.123	118.0	134.0	120.0	132.0	161.0	104.0	113.0	116.0	103.0	144.0	110.0	130.0	127.0	108.0	120.0	113.0	116.0	116.0	118.0	111.0
364.233	100.0	129.0	102.0	120.0	142.0	101.0	94.0	112.0	88.0	118.0	108.0	114.0	114.0	107.0	104.0	107.0	99.0	102.0	111.0	104.0
364.344	100.0	119.0	95.0	116.0	145.0	87.0	91.0	110.0	89.0	116.0	111.0	108.0	115.0	105.0	96.0	102.0	95.0	102.0	108.0	96.0
364.455	97.0	118.0	91.0	100.0	142.0	88.0	89.0	110.0	87.0	100.0	103.0	101.0	105.0	108.0	101.0	94.0	91.0	93.0	96.0	94.0
364.565	93.0	121.0	93.0	105.0	132.0	89.0	89.0	112.0	86.0	106.0	113.0	109.0	108.0	113.0	98.0	92.0	94.0	97.0	99.0	101.0
364.676	100.0	130.0	105.0	123.0	148.0	99.0	105.0	112.0	94.0	132.0	107.0	122.0	128.0	108.0	111.0	109.0	99.0	114.0	109.0	109.0
364.787	158.0	173.0	162.0	180.0	201.0	144.0	159.0	137.0	137.0	217.0	118.0	185.0	210.0	112.0	170.0	155.0	144.0	152.0	164.0	168.0
364.897	156.0	176.0	164.0	188.0	187.0	144.0	157.0	128.0	136.0	218.0	114.0	186.0	197.0	101.0	170.0	150.0	139.0	147.0	167.0	155.0
365.008	138.0	152.0	148.0	156.0	164.0	129.0	127.0	122.0	121.0	180.0	104.0	160.0	170.0	108.0	146.0	133.0	121.0	128.0	140.0	136.0
365.119	125.0	144.0	132.0	141.0	159.0	116.0	117.0	122.0	110.0	163.0	104.0	150.0	157.0	108.0	125.0	119.0	116.0	128.0	126.0	127.0
365.229	126.0	148.0	134.0	156.0	170.0	121.0	134.0	129.0	110.0	167.0	115.0	147.0	151.0	117.0	132.0	123.0	128.0	133.0	135.0	130.0
365.34	118.0	135.0	128.0	157.0	160.0	114.0	114.0	120.0	106.0	142.0	112.0	138.0	133.0	105.0	126.0	124.0	125.0	119.0	148.0	119.0
365.45	138.0	138.0	143.0	180.0	157.0	129.0	131.0	117.0	112.0	154.0	105.0	154.0	149.0	113.0	140.0	128.0	143.0	133.0	165.0	130.0
365.561	128.0	144.0	147.0	172.0	155.0	123.0	126.0	113.0	109.0	150.0	107.0	155.0	148.0	109.0	134.0	128.0	139.0	134.0	153.0	132.0
365.672	129.0	144.0	136.0	174.0	155.0	117.0	123.0	113.0	102.0	151.0	113.0	149.0	143.0	110.0	145.0	136.0	152.0	132.0	175.0	125.0
365.783	101.0	127.0	116.0	143.0	154.0	109.0	107.0	106.0	86.0	124.0	107.0	126.0	123.0	114.0	121.0	118.0	127.0	110.0	147.0	103.0
365.893	102.0	121.0	106.0	130.0	140.0	96.0	102.0	109.0	87.0	114.0	107.0	121.0	117.0	110.0	114.0	111.0	112.0	105.0	129.0	101.0
366.004	93.0	120.0	99.0	118.0	129.0	94.0	93.0	110.0	82.0	106.0	106.0	112.0	115.0	106.0	97.0	104.0	111.0	102.0	113.0	94.0
366.115	78.0	116.0	86.0	105.0	132.0	87.0	85.0	107.0	74.0	95.0	111.0	100.0	100.0	104.0	90.0	101.0	95.0	90.0	101.0	93.0
366.225	84.0	112.0	84.0	100.0	133.0	88.0	89.0	102.0	81.0	98.0	110.0	102.0	97.0	105.0	99.0	96.0	93.0	87.0	97.0	87.0
366.336	100.0	126.0	100.0	119.0	137.0	92.0	94.0	113.0	89.0	117.0	111.0	112.0	108.0	106.0	105.0	104.0	96.0	102.0	104.0	99.0
366.447	95.0	118.0	95.0	106.0	132.0	89.0	91.0	113.0	87.0	112.0	105.0	110.0	110.0	108.0	102.0	99.0	93.0	95.0	102.0	100.0
366.557	109.0	138.0	118.0	130.0	155.0	109.0	106.0	117.0	103.0	129.0	112.0	129.0	129.0	115.0	115.0	111.0	108.0	116.0	118.0	115.0
366.668	94.0	133.0	95.0	114.0	145.0	95.0	102.0	110.0	90.0	121.0	110.0	117.0	119.0	111.0	109.0	107.0	97.0	100.0	111.0	96.0
366.779	101.0	122.0	100.0	109.0	136.0	96.0	92.0	112.0	90.0	111.0	107.0	107.0	120.0	108.0	109.0	96.0	96.0	96.0	107.0	97.0
366.89	96.0	119.0	99.0	110.0	130.0	93.0	95.0	109.0	86.0	107.0	107.0	105.0	109.0	110.0	100.0	95.0	93.0	102.0	102.0	95.0
367.0	85.0	120.0	90.0	98.0	132.0	86.0	93.0	110.0	77.0	100.0	109.0	99.0	104.0	109.0	91.0	98.0	89.0	96.0	102.0	91.0
367.111	87.0	116.0	83.0	99.0	132.0	83.0	94.0	109.0	84.0	92.0	109.0	102.0	97.0	105.0	96.0	93.0	88.0	86.0	102.0	92.0
367.222	90.0	106.0	91.0	105.0	127.0	84.0	89.0	110.0	87.0	94.0	113.0	102.0	91.0	105.0	95.0	88.0	92.0	97.0	100.0	89.0
367.333	98.0	125.0	91.0	121.0	144.0	101.0	93.0	119.0	93.0	108.0	128.0	112.0	111.0	116.0	112.0	106.0	108.0	106.0	112.0	103.0
367.443	94.0	121.0	92.0	109.0	132.0	94.0	95.0	114.0	80.0	108.0	110.0	107.0	109.0	101.0	99.0	97.0	102.0	102.0	107.0	93.0
367.554	100.0	118.0	100.0	120.0	134.0	87.0	98.0	108.0	83.0	107.0	108.0	107.0	108.0	108.0	98.0	103.0	109.0	100.0	118.0	93.0
367.665	105.0	125.0	94.0	129.0	142.0	99.0	100.0	108.0	90.0	112.0	110.0	115.0	118.0	101.0	106.0	107.0	104.0	108.0	120.0	103.0
367.776	135.0	130.0	138.0	198.0	146.0	132.0	123.0	114.0	101.0	154.0	110.0	167.0	150.0	108.0	148.0	147.0	169.0	136.0	187.0	132.0
367.887	298.0	237.0	359.0	517.0	244.0	293.0	322.0	136.0	196.0	374.0	127.0	408.0	354.0	123.0	342.0	354.0	461.0	324.0	498.0	306.0
367.997	330.0	264.0	403.0	591.0	268.0	313.0	355.0	132.0	223.0	425.0	134.0	455.0	388.0	122.0	391.0	393.0	497.0	337.0	566.0	338.0
368.108	266.0	221.0	311.0	446.0	225.0	266.0	270.0	128.0	186.0	329.0	128.0	345.0	303.0	122.0	298.0	297.0	372.0	276.0	420.0	261.0
368.219	215.0	188.0	251.0	336.0	198.0	205.0	209.0	123.0	152.0	255.0	117.0	269.0	244.0	116.0	244.0	236.0	292.0	224.0	325.0	215.0
368.33	142.0	150.0	155.0	212.0	170.0	143.0	141.0	115.0	106.0	170.0	116.0	185.0	166.0	111.0	162.0	168.0	182.0	160.0	199.0	151.0
368.441	118.0	139.0	128.0	157.0	157.0	120.0	125.0	121.0	98.0	151.0	123.0	144.0	145.0	113.0	130.0	134.0	129.0	124.0	154.0	119.0
368.551	110.0	127.0	104.0	134.0	146.0	102.0	108.0	116.0	95.0	128.0	110.0	131.0	128.0	104.0	111.0	112.0	117.0	109.0	123.0	105.0
368.662	102.0	120.0	97.0	121.0	143.0	97.0	95.0	115.0	87.0	113.0	109.0	114.0	115.0	113.0	103.0	104.0	101.0	102.0	115.0	103.0
368.773	90.0	122.0	99.0	116.0	138.0	97.0	97.0	104.0	84.0	114.0	109.0	115.0	112.0	111.0	102.0	105.0	101.0	100.0	102.0	102.0
368.884	98.0	119.0	98.0	121.0	145.0	96.0	102.0	116.0	87.0	116.0	116.0	117.0	124.0	114.0	110.0	98.0	108.0	110.0	114.0	104.0
368.995	98.0	118.0	95.0	108.0	142.0	95.0	99.0	111.0	89.0	113.0	111.0	109.0	109.0	110.0	108.0	100.0	94.0	99.0	108.0	90.0
369.105	97.0	125.0	98.0	110.0	137.0	88.0	91.0	113.0	92.0	115.0	108.0	111.0	109.0	109.0	107.0	104.0	102.0	100.0	108.0	100.0
369.216	90.0	116.0	98.0	106.0	143.0	87.0	91.0	112.0	86.0	109.0	108.0	107.0	107.0	106.0	95.0	101.0	97.0	98.0	108.0	98.0
369.327	103.0	135.0	104.0	110.0	151.0	101.0	107.0	129.0	95.0	116.0	131.0	118.0	127.0	112.0	112.0	114.0	112.0	111.0	114.0	102.0
369.438	92.0	120.0	91.0	103.0	135.0	81.0	89.0	108.0	87.0	110.0	113.0	107.0	105.0	108.0	98.0	101.0	97.0	94.0	105.0	87.0
369.549	97.0	127.0	97.0	111.0	145.0	93.0	95.0	120.0	87.0	112.0	116.0	104.0	104.0	117.0	94.0	101.0	96.0	92.0	102.0	94.0
369.66	98.0	125.0	99.0	116.0	144.0	92.0	100.0	106.0	81.0	110.0	110.0	106.0	114.0	112.0	98.0	107.0	93.0	101.0	106.0	98.0
369.771	99.0	122.0	103.0	111.0	138.0	92.0	105.0	108.0	90.0	120.0	108.0	117.0	117.0	106.0	106.0	99.0	102.0	106.0	105.0	100.0
369.881	96.0	127.0	103.0	125.0	143.0	95.0	100.0	110.0	94.0	120.0	109.0	120.0	120.0	108.0	113.0	103.0	108.0	105.0	113.0	100.0
369.992	110.0	125.0	114.0	147.0	149.0	109.0	103.0	110.0	101.0	126.0	108.0	128.0	118.0	112.0	129.0	121.0	120.0	113.0	133.0	111.0
370.103	114.0	141.0	124.0	155.0	150.0	113.0	117.0	126.0	101.0	136.0	112.0	132.0	134.0	113.0	130.0	126.0	126.0	120.0	146.0	115.0
370.214	103.0	124.0	101.0	129.0	147.0	99.0	100.0	116.0	88.0	122.0	112.0	118.0	124.0	104.0	115.0	111.0	117.0	111.0	137.0	107.0
370.325	103.0	127.0	102.0	130.0	150.0	94.0	109.0	113.0	92.0	126.0	106.0	121.0	123.0	109.0	117.0	118.0	117.0	108.0	133.0	111.0
370.436	111.0	140.0	114.0	138.0	149.0	112.0	119.0	120.0	101.0	134.0	111.0	128.0	131.0	110.0	122.0	117.0	112.0	112.0	123.0	114.0
370.547	104.0	124.0	109.0	118.0	142.0	99.0	98.0	112.0	91.0	112.0	114.0	119.0	117.0	108.0	110.0	105.0	103.0	110.0	110.0	105.0
370.658	92.0	121.0	97.0	102.0	145.0	92.0	97.0	108.0	88.0	111.0	114.0	106.0	114.0	104.0	96.0	102.0	96.0	94.0	104.0	96.0
370.769	86.0	115.0	80.0	104.0	141.0	82.0	92.0	108.0	82.0	99.0	102.0	103.0	102.0	98.0	90.0	100.0	86.0	94.0	101.0	87.0
370.88	92.0	116.0	90.0	100.0	134.0	88.0	85.0	113.0	84.0	102.0	110.0	104.0	100.0	108.0	91.0	100.0	91.0	94.0	91.0	96.0
370.99	90.0	117.0	92.0	100.0	132.0	78.0	81.0	115.0	76.0	97.0	108.0	98.0	102.0	111.0	88.0	90.0	83.0	91.0	92.0	86.0
371.101	94.0	121.0	97.0	114.0	138.0	94.0	97.0	119.0	90.0	113.0	111.0	109.0	112.0	110.0	95.0	105.0	93.0	98.0	109.0	100.0
371.212	96.0	124.0	92.0	113.0	147.0	102.0	106.0	113.0	91.0	117.0	115.0	119.0	116.0	108.0	110.0	113.0	106.0	103.0	112.0	103.0
371.323	100.0	128.0	95.0	114.0	147.0	88.0	103.0	117.0	90.0	112.0	107.0	113.0	123.0	105.0	107.0	104.0	100.0	101.0	105.0	102.0
371.434	113.0	134.0	111.0	137.0	155.0	108.0	102.0	114.0	94.0	130.0	105.0	120.0	120.0	106.0	118.0	115.0	110.0	124.0	124.0	116.0
371.545	116.0	136.0	121.0	152.0	159.0	105.0	114.0	115.0	103.0	134.0	109.0	136.0	128.0	103.0	124.0	116.0	126.0	121.0	143.0	114.0
371.656	126.0	147.0	132.0	168.0	171.0	120.0	126.0	120.0	110.0	146.0	116.0	153.0	134.0	111.0	139.0	132.0	132.0	124.0	147.0	124.0
371.767	111.0	134.0	113.0	147.0	161.0	108.0	121.0	114.0	104.0	141.0	109.0	142.0	135.0	112.0	129.0	116.0	118.0	126.0	138.0	120.0
371.878	150.0	166.0	156.0	184.0	187.0	142.0	140.0	125.0	128.0	196.0	111.0	184.0	171.0	108.0	159.0	152.0	155.0	146.0	170.0	156.0
371.989	133.0	157.0	138.0	153.0	178.0	126.0	134.0	130.0	116.0	171.0	111.0	156.0	154.0	104.0	144.0	135.0	134.0	136.0	156.0	139.0
372.1	118.0	144.0	122.0	133.0	157.0	111.0	120.0	125.0	105.0	148.0	112.0	136.0	144.0	109.0	131.0	123.0	111.0	121.0	126.0	115.0
372.211	95.0	124.0	93.0	118.0	150.0	90.0	93.0	115.0	93.0	107.0	111.0	114.0	117.0	104.0	109.0	101.0	102.0	104.0	113.0	97.0
372.322	127.0	147.0	137.0	154.0	170.0	119.0	130.0	136.0	113.0	154.0	127.0	153.0	147.0	120.0	136.0	130.0	117.0	134.0	138.0	128.0
372.433	148.0	167.0	168.0	174.0	192.0	140.0	152.0	133.0	122.0	194.0	114.0	186.0	188.0	108.0	154.0	142.0	144.0	147.0	159.0	154.0
372.544	116.0	144.0	127.0	148.0	170.0	122.0	127.0	122.0	111.0	156.0	116.0	143.0	151.0	109.0	130.0	126.0	116.0	118.0	128.0	124.0
372.655	100.0	130.0	107.0	134.0	150.0	95.0	105.0	126.0	92.0	128.0	110.0	116.0	121.0	110.0	109.0	103.0	98.0	104.0	116.0	105.0
372.766	101.0	123.0	100.0	113.0	142.0	96.0	95.0	114.0	91.0	119.0	107.0	112.0	116.0	110.0	103.0	102.0	95.0	100.0	104.0	96.0
372.877	113.0	137.0	106.0	130.0	150.0	105.0	105.0	113.0	95.0	129.0	111.0	122.0	119.0	108.0	114.0	112.0	102.0	118.0	120.0	115.0
372.988	110.0	135.0	105.0	125.0	160.0	101.0	111.0	113.0	96.0	137.0	116.0	119.0	119.0	103.0	113.0	117.0	111.0	111.0	123.0	113.0
373.099	101.0	133.0	96.0	125.0	162.0	99.0	104.0	117.0	92.0	119.0	105.0	119.0	117.0	111.0	110.0	114.0	98.0	118.0	116.0	108.0
373.21	100.0	128.0	100.0	124.0	160.0	99.0	100.0	124.0	97.0	127.0	111.0	118.0	120.0	118.0	106.0	111.0	105.0	110.0	113.0	110.0
373.321	100.0	130.0	104.0	125.0	143.0	103.0	99.0	113.0	93.0	130.0	111.0	117.0	114.0	112.0	106.0	107.0	105.0	109.0	111.0	114.0
373.432	116.0	143.0	124.0	152.0	162.0	117.0	122.0	112.0	108.0	145.0	117.0	142.0	143.0	108.0	132.0	135.0	123.0	127.0	143.0	125.0
373.543	252.0	227.0	276.0	332.0	252.0	219.0	237.0	160.0	188.0	314.0	135.0	299.0	283.0	130.0	259.0	244.0	278.0	225.0	322.0	243.0
373.654	224.0	196.0	247.0	330.0	222.0	212.0	217.0	139.0	159.0	278.0	114.0	270.0	257.0	115.0	250.0	223.0	270.0	216.0	307.0	218.0
373.765	161.0	172.0	175.0	242.0	176.0	156.0	163.0	123.0	125.0	203.0	116.0	203.0	189.0	114.0	177.0	173.0	194.0	170.0	227.0	165.0
373.876	116.0	134.0	124.0	160.0	158.0	116.0	124.0	118.0	105.0	141.0	112.0	140.0	145.0	104.0	134.0	140.0	139.0	126.0	148.0	120.0
373.987	106.0	136.0	108.0	148.0	155.0	103.0	111.0	113.0	95.0	136.0	111.0	129.0	129.0	103.0	119.0	115.0	118.0	115.0	134.0	106.0
374.098	113.0	132.0	104.0	134.0	154.0	108.0	105.0	116.0	92.0	126.0	113.0	125.0	117.0	117.0	123.0	116.0	118.0	123.0	129.0	110.0
374.209	121.0	144.0	115.0	150.0	160.0	111.0	115.0	118.0	93.0	143.0	111.0	133.0	130.0	115.0	128.0	124.0	130.0	129.0	145.0	123.0
374.32	109.0	142.0	117.0	156.0	167.0	118.0	115.0	114.0	105.0	142.0	112.0	142.0	128.0	110.0	123.0	133.0	123.0	131.0	140.0	119.0
374.431	123.0	140.0	111.0	146.0	165.0	110.0	115.0	116.0	93.0	143.0	112.0	136.0	130.0	111.0	124.0	132.0	129.0	134.0	145.0	127.0
374.543	114.0	132.0	115.0	133.0	153.0	101.0	112.0	118.0	99.0	139.0	114.0	134.0	126.0	111.0	119.0	117.0	119.0	111.0	124.0	116.0
374.654	153.0	170.0	164.0	202.0	196.0	147.0	152.0	133.0	129.0	201.0	116.0	203.0	200.0	113.0	167.0	161.0	154.0	162.0	176.0	161.0
374.765	177.0	199.0	200.0	223.0	215.0	164.0	186.0	142.0	151.0	241.0	127.0	225.0	235.0	119.0	198.0	188.0	164.0	179.0	207.0	192.0
374.876	161.0	169.0	165.0	196.0	199.0	148.0	155.0	138.0	134.0	203.0	114.0	188.0	187.0	117.0	174.0	162.0	152.0	151.0	177.0	158.0
374.987	136.0	139.0	137.0	170.0	167.0	128.0	127.0	123.0	109.0	163.0	104.0	169.0	157.0	112.0	146.0	144.0	138.0	140.0	161.0	142.0
375.098	144.0	135.0	143.0	197.0	165.0	138.0	124.0	121.0	109.0	163.0	115.0	175.0	161.0	111.0	151.0	152.0	167.0	141.0	185.0	140.0
375.209	200.0	188.0	223.0	341.0	213.0	196.0	202.0	130.0	144.0	253.0	131.0	266.0	229.0	129.0	228.0	238.0	287.0	213.0	320.0	203.0
375.32	485.0	329.0	550.0	803.0	335.0	443.0	475.0	166.0	305.0	568.0	141.0	600.0	510.0	132.0	522.0	527.0	694.0	477.0	772.0	462.0
375.431	446.0	311.0	529.0	776.0	325.0	424.0	443.0	155.0	276.0	540.0	131.0	574.0	505.0	129.0	502.0	505.0	656.0	448.0	713.0	438.0
375.542	560.0	361.0	649.0	949.0	351.0	509.0	547.0	162.0	344.0	659.0	121.0	699.0	608.0	120.0	606.0	621.0	803.0	530.0	889.0	526.0
375.654	371.0	273.0	427.0	641.0	270.0	341.0	366.0	144.0	241.0	444.0	122.0	469.0	398.0	119.0	423.0	424.0	530.0	365.0	601.0	362.0
375.765	232.0	188.0	253.0	381.0	208.0	216.0	220.0	128.0	163.0	276.0	115.0	286.0	253.0	113.0	256.0	255.0	308.0	237.0	338.0	224.0
375.876	169.0	172.0	178.0	239.0	202.0	165.0	165.0	148.0	138.0	194.0	143.0	208.0	194.0	149.0	186.0	183.0	200.0	178.0	221.0	174.0
375.987	115.0	130.0	120.0	160.0	154.0	115.0	113.0	125.0	96.0	131.0	112.0	146.0	138.0	109.0	126.0	134.0	132.0	128.0	144.0	122.0
376.098	102.0	129.0	109.0	139.0	148.0	106.0	107.0	116.0	88.0	133.0	108.0	127.0	127.0	109.0	116.0	109.0	118.0	117.0	124.0	105.0
376.209	97.0	125.0	97.0	129.0	146.0	95.0	99.0	111.0	87.0	115.0	111.0	117.0	107.0	112.0	100.0	107.0	109.0	107.0	119.0	102.0
376.32	100.0	122.0	97.0	121.0	145.0	99.0	103.0	121.0	95.0	111.0	114.0	115.0	114.0	117.0	107.0	109.0	107.0	105.0	114.0	108.0
376.432	95.0	120.0	95.0	117.0	130.0	91.0	95.0	107.0	87.0	107.0	112.0	114.0	113.0	108.0	100.0	104.0	105.0	101.0	109.0	107.0
376.543	110.0	136.0	109.0	134.0	154.0	108.0	119.0	124.0	103.0	138.0	118.0	129.0	130.0	112.0	118.0	122.0	113.0	132.0	134.0	113.0
376.654	107.0	133.0	112.0	133.0	154.0	108.0	110.0	114.0	106.0	132.0	113.0	130.0	136.0	109.0	123.0	123.0	114.0	114.0	122.0	114.0
376.765	93.0	123.0	89.0	112.0	139.0	91.0	97.0	116.0	96.0	110.0	112.0	119.0	112.0	114.0	99.0	110.0	94.0	97.0	108.0	99.0
376.876	90.0	121.0	92.0	105.0	140.0	88.0	86.0	112.0	77.0	102.0	111.0	107.0	103.0	107.0	98.0	102.0	98.0	100.0	102.0	90.0
376.987	89.0	121.0	92.0	117.0	135.0	93.0	94.0	110.0	89.0	98.0	108.0	112.0	111.0	105.0	99.0	106.0	102.0	100.0	111.0	94.0
377.099	93.0	117.0	92.0	108.0	131.0	89.0	92.0	106.0	84.0	103.0	113.0	105.0	99.0	113.0	91.0	99.0	91.0	100.0	109.0	95.0
377.21	96.0	119.0	95.0	111.0	141.0	87.0	91.0	109.0	82.0	96.0	110.0	106.0	103.0	105.0	96.0	101.0	101.0	94.0	105.0	95.0
377.321	82.0	111.0	80.0	104.0	134.0	90.0	88.0	109.0	81.0	97.0	107.0	101.0	102.0	105.0	92.0	90.0	91.0	94.0	96.0	92.0
377.432	98.0	120.0	95.0	109.0	136.0	99.0	93.0	120.0	88.0	107.0	116.0	109.0	105.0	115.0	103.0	103.0	95.0	99.0	105.0	97.0
377.543	86.0	114.0	89.0	90.0	135.0	83.0	91.0	108.0	81.0	94.0	112.0	101.0	105.0	105.0	89.0	95.0	92.0	92.0	99.0	91.0
377.655	89.0	108.0	78.0	98.0	129.0	86.0	89.0	111.0	79.0	95.0	104.0	98.0	102.0	106.0	91.0	93.0	88.0	91.0	97.0	83.0
377.766	87.0	115.0	87.0	101.0	137.0	85.0	86.0	110.0	77.0	93.0	112.0	108.0	94.0	110.0	93.0	95.0	89.0	96.0	95.0	90.0
377.877	80.0	113.0	88.0	100.0	137.0	81.0	86.0	110.0	83.0	100.0	116.0	103.0	104.0	107.0	93.0	90.0	88.0	94.0	98.0	96.0
377.988	118.0	150.0	125.0	144.0	165.0	118.0	122.0	123.0	112.0	150.0	125.0	149.0	142.0	114.0	129.0	123.0	123.0	120.0	136.0	126.0
378.099	116.0	137.0	118.0	140.0	160.0	113.0	121.0	116.0	103.0	141.0	113.0	134.0	135.0	112.0	119.0	117.0	111.0	121.0	121.0	113.0
378.211	104.0	126.0	98.0	121.0	145.0	92.0	105.0	118.0	93.0	117.0	106.0	116.0	115.0	109.0	117.0	103.0	106.0	102.0	107.0	107.0
378.322	95.0	127.0	102.0	116.0	141.0	96.0	104.0	112.0	89.0	122.0	106.0	116.0	119.0	105.0	108.0	106.0	99.0	106.0	112.0	111.0
378.433	111.0	137.0	114.0	125.0	155.0	104.0	113.0	124.0	105.0	128.0	124.0	117.0	130.0	130.0	118.0	119.0	114.0	117.0	121.0	116.0
378.544	91.0	110.0	83.0	100.0	134.0	83.0	96.0	113.0	85.0	102.0	105.0	108.0	104.0	109.0	93.0	98.0	92.0	92.0	100.0	93.0
378.656	86.0	110.0	82.0	99.0	136.0	86.0	90.0	108.0	82.0	93.0	108.0	104.0	104.0	111.0	94.0	100.0	82.0	99.0	98.0	93.0
378.767	88.0	115.0	87.0	98.0	132.0	86.0	90.0	112.0	83.0	104.0	107.0	97.0	103.0	107.0	87.0	94.0	90.0	96.0	94.0	97.0
378.878	91.0	121.0	96.0	108.0	141.0	92.0	95.0	108.0	90.0	110.0	112.0	105.0	106.0	108.0	103.0	98.0	100.0	95.0	101.0	94.0
378.989	92.0	115.0	92.0	104.0	134.0	89.0	95.0	108.0	85.0	110.0	108.0	106.0	104.0	109.0	94.0	94.0	95.0	96.0	101.0	95.0
379.101	98.0	123.0	90.0	102.0	138.0	88.0	88.0	114.0	84.0	102.0	102.0	107.0	108.0	109.0	98.0	95.0	93.0	104.0	105.0	98.0
379.212	95.0	118.0	85.0	104.0	137.0	87.0	88.0	114.0	82.0	108.0	109.0	109.0	104.0	107.0	100.0	103.0	95.0	97.0	102.0	94.0
379.323	93.0	129.0	89.0	107.0	146.0	92.0	91.0	113.0	87.0	108.0	113.0	98.0	107.0	101.0	101.0	102.0	92.0	105.0	110.0	98.0
379.434	92.0	123.0	89.0	98.0	146.0	85.0	94.0	108.0	86.0	108.0	109.0	109.0	109.0	107.0	97.0	97.0	103.0	95.0	105.0	94.0
379.546	98.0	125.0	85.0	111.0	136.0	93.0	96.0	112.0	89.0	109.0	106.0	112.0	105.0	113.0	100.0	101.0	91.0	107.0	101.0	93.0
379.657	93.0	116.0	86.0	104.0	130.0	91.0	88.0	116.0	84.0	100.0	113.0	100.0	104.0	107.0	90.0	94.0	89.0	92.0	97.0	92.0
379.768	80.0	113.0	83.0	97.0	129.0	79.0	81.0	112.0	78.0	100.0	109.0	98.0	105.0	104.0	86.0	99.0	86.0	92.0	95.0	94.0
379.88	86.0	120.0	82.0	97.0	132.0	84.0	84.0	104.0	86.0	100.0	107.0	98.0	100.0	110.0	94.0	97.0	88.0	100.0	99.0	90.0
379.991	98.0	120.0	97.0	108.0	143.0	90.0	96.0	112.0	92.0	107.0	110.0	102.0	110.0	104.0	102.0	97.0	93.0	104.0	100.0	92.0
380.102	87.0	120.0	91.0	105.0	138.0	87.0	93.0	118.0	85.0	98.0	109.0	100.0	109.0	105.0	94.0	99.0	89.0	99.0	95.0	96.0
380.213	86.0	124.0	88.0	95.0	134.0	87.0	89.0	111.0	85.0	108.0	106.0	100.0	100.0	101.0	92.0	100.0	88.0	96.0	98.0	92.0
380.325	85.0	115.0	81.0	93.0	136.0	77.0	90.0	106.0	86.0	94.0	106.0	99.0	108.0	105.0	97.0	93.0	85.0	88.0	102.0	89.0
380.436	90.0	124.0	81.0	98.0	137.0	84.0	93.0	111.0	83.0	101.0	111.0	105.0	105.0	113.0	94.0	98.0	87.0	94.0	100.0	94.0
380.547	94.0	119.0	91.0	107.0	133.0	87.0	87.0	113.0	83.0	105.0	108.0	104.0	105.0	106.0	94.0	95.0	90.0	98.0	96.0	86.0
380.659	87.0	128.0	92.0	106.0	140.0	90.0	95.0	111.0	89.0	107.0	110.0	100.0	106.0	100.0	87.0	102.0	96.0	107.0	108.0	100.0
380.77	90.0	128.0	103.0	120.0	142.0	99.0	98.0	110.0	92.0	114.0	106.0	117.0	110.0	104.0	101.0	110.0	104.0	108.0	118.0	101.0
380.881	109.0	127.0	104.0	128.0	148.0	94.0	101.0	109.0	88.0	120.0	109.0	119.0	107.0	106.0	120.0	110.0	108.0	107.0	122.0	110.0
380.993	99.0	126.0	100.0	117.0	145.0	94.0	104.0	110.0	92.0	115.0	112.0	107.0	111.0	106.0	112.0	102.0	105.0	116.0	115.0	107.0
381.104	109.0	130.0	96.0	120.0	147.0	97.0	100.0	120.0	105.0	120.0	107.0	109.0	121.0	106.0	107.0	112.0	107.0	111.0	116.0	109.0
381.215	98.0	130.0	93.0	108.0	143.0	92.0	97.0	112.0	92.0	111.0	108.0	108.0	114.0	110.0	99.0	110.0	102.0	105.0	112.0	98.0
381.327	99.0	123.0	90.0	107.0	141.0	92.0	99.0	112.0	89.0	103.0	105.0	113.0	109.0	107.0	101.0	100.0	91.0	98.0	111.0	101.0
381.438	112.0	133.0	102.0	122.0	149.0	104.0	100.0	117.0	90.0	121.0	109.0	112.0	110.0	109.0	110.0	112.0	102.0	116.0	117.0	114.0
381.549	108.0	138.0	106.0	125.0	146.0	97.0	111.0	110.0	99.0	122.0	111.0	114.0	130.0	107.0	109.0	116.0	101.0	111.0	113.0	110.0
381.661	109.0	132.0	105.0	113.0	153.0	100.0	105.0	112.0	99.0	124.0	112.0	119.0	117.0	106.0	109.0	113.0	107.0	112.0	117.0	107.0
381.772	95.0	122.0	93.0	110.0	143.0	92.0	97.0	110.0	94.0	109.0	107.0	112.0	105.0	106.0	103.0	102.0	96.0	97.0	104.0	98.0
381.883	102.0	130.0	92.0	124.0	140.0	97.0	96.0	120.0	93.0	121.0	109.0	118.0	115.0	111.0	116.0	116.0	101.0	108.0	106.0	107.0
381.995	108.0	131.0	99.0	120.0	155.0	94.0	100.0	117.0	94.0	124.0	105.0	114.0	118.0	102.0	111.0	111.0	107.0	123.0	113.0	114.0
382.106	108.0	130.0	100.0	117.0	155.0	100.0	102.0	114.0	91.0	124.0	118.0	116.0	113.0	108.0	112.0	115.0	103.0	109.0	120.0	106.0
382.218	117.0	146.0	109.0	136.0	166.0	111.0	119.0	115.0	106.0	134.0	113.0	130.0	133.0	111.0	119.0	121.0	114.0	121.0	137.0	111.0
382.329	106.0	130.0	108.0	126.0	148.0	103.0	103.0	111.0	96.0	122.0	106.0	123.0	120.0	110.0	113.0	114.0	99.0	113.0	115.0	105.0
382.44	96.0	125.0	96.0	115.0	145.0	98.0	101.0	107.0	93.0	118.0	108.0	112.0	113.0	102.0	109.0	104.0	104.0	106.0	113.0	105.0
382.552	93.0	118.0	91.0	110.0	140.0	91.0	94.0	111.0	92.0	104.0	108.0	104.0	113.0	112.0	99.0	106.0	106.0	98.0	107.0	99.0
382.663	99.0	127.0	100.0	117.0	146.0	95.0	102.0	115.0	96.0	115.0	108.0	113.0	114.0	107.0	106.0	108.0	99.0	108.0	118.0	108.0
382.775	117.0	137.0	113.0	139.0	149.0	111.0	113.0	124.0	104.0	137.0	110.0	137.0	128.0	113.0	121.0	111.0	107.0	120.0	126.0	116.0
382.886	111.0	134.0	107.0	128.0	150.0	103.0	105.0	111.0	100.0	134.0	111.0	120.0	121.0	106.0	119.0	114.0	106.0	115.0	122.0	111.0
382.997	110.0	136.0	112.0	124.0	152.0	105.0	108.0	114.0	105.0	136.0	109.0	125.0	125.0	103.0	118.0	119.0	114.0	113.0	123.0	118.0
383.109	104.0	128.0	102.0	118.0	149.0	97.0	104.0	118.0	93.0	114.0	112.0	115.0	120.0	114.0	109.0	111.0	108.0	101.0	123.0	104.0
383.22	92.0	127.0	96.0	107.0	141.0	92.0	102.0	116.0	94.0	110.0	117.0	115.0	107.0	118.0	103.0	104.0	96.0	107.0	104.0	101.0
383.332	93.0	126.0	96.0	111.0	142.0	95.0	95.0	119.0	95.0	109.0	114.0	112.0	113.0	106.0	105.0	104.0	97.0	108.0	108.0	105.0
383.443	106.0	134.0	102.0	116.0	158.0	101.0	102.0	122.0	99.0	122.0	124.0	115.0	127.0	121.0	108.0	120.0	113.0	121.0	121.0	117.0
383.554	99.0	123.0	100.0	117.0	147.0	100.0	100.0	111.0	94.0	119.0	112.0	116.0	110.0	109.0	98.0	107.0	103.0	114.0	116.0	107.0
383.666	98.0	120.0	97.0	108.0	137.0	92.0	95.0	113.0	88.0	113.0	110.0	107.0	114.0	111.0	103.0	96.0	92.0	101.0	105.0	101.0
383.777	92.0	121.0	93.0	105.0	135.0	89.0	92.0	117.0	91.0	106.0	113.0	104.0	111.0	110.0	110.0	100.0	97.0	102.0	97.0	95.0
383.889	98.0	123.0	97.0	109.0	139.0	94.0	98.0	112.0	92.0	108.0	115.0	110.0	114.0	106.0	103.0	105.0	93.0	102.0	106.0	102.0
384.0	93.0	128.0	96.0	110.0	151.0	92.0	105.0	121.0	90.0	113.0	113.0	110.0	116.0	114.0	108.0	115.0	103.0	107.0	117.0	101.0
384.112	99.0	126.0	102.0	118.0	145.0	95.0	114.0	115.0	89.0	115.0	110.0	121.0	116.0	109.0	107.0	106.0	103.0	109.0	115.0	106.0
384.223	96.0	125.0	96.0	109.0	146.0	90.0	104.0	120.0	90.0	115.0	118.0	110.0	115.0	109.0	99.0	111.0	91.0	100.0	107.0	104.0
384.335	92.0	126.0	96.0	113.0	152.0	93.0	100.0	113.0	96.0	113.0	115.0	107.0	119.0	110.0	107.0	118.0	102.0	110.0	105.0	101.0
384.446	105.0	122.0	99.0	121.0	160.0	109.0	101.0	110.0	100.0	121.0	110.0	109.0	114.0	111.0	104.0	109.0	101.0	118.0	113.0	101.0
384.558	101.0	126.0	93.0	115.0	148.0	98.0	102.0	121.0	101.0	116.0	116.0	119.0	124.0	114.0	99.0	105.0	100.0	105.0	111.0	105.0
384.669	106.0	141.0	106.0	124.0	149.0	107.0	112.0	122.0	99.0	132.0	111.0	122.0	129.0	113.0	124.0	111.0	105.0	113.0	114.0	117.0
384.78	125.0	152.0	122.0	135.0	164.0	109.0	118.0	115.0	114.0	146.0	112.0	131.0	136.0	104.0	134.0	127.0	123.0	125.0	134.0	126.0
384.892	104.0	134.0	99.0	120.0	152.0	99.0	112.0	114.0	96.0	126.0	114.0	125.0	123.0	106.0	114.0	119.0	107.0	106.0	120.0	108.0
385.003	127.0	155.0	124.0	140.0	172.0	124.0	138.0	144.0	110.0	145.0	138.0	144.0	145.0	137.0	133.0	133.0	136.0	136.0	147.0	125.0
385.115	110.0	137.0	110.0	134.0	162.0	109.0	114.0	116.0	105.0	127.0	113.0	127.0	128.0	109.0	121.0	121.0	112.0	116.0	125.0	114.0
385.226	107.0	140.0	112.0	133.0	153.0	108.0	119.0	112.0	107.0	138.0	112.0	123.0	137.0	101.0	125.0	122.0	112.0	121.0	126.0	113.0
385.338	108.0	138.0	108.0	123.0	156.0	109.0	111.0	114.0	104.0	137.0	109.0	121.0	122.0	106.0	114.0	125.0	105.0	120.0	116.0	115.0
385.449	142.0	161.0	136.0	149.0	186.0	136.0	135.0	137.0	119.0	151.0	132.0	152.0	145.0	132.0	137.0	144.0	133.0	148.0	141.0	139.0
385.561	102.0	140.0	105.0	127.0	154.0	106.0	107.0	121.0	97.0	132.0	120.0	125.0	128.0	115.0	118.0	114.0	108.0	121.0	113.0	116.0
385.672	114.0	137.0	108.0	132.0	152.0	112.0	108.0	122.0	104.0	132.0	113.0	129.0	130.0	107.0	122.0	117.0	111.0	123.0	124.0	126.0
385.784	112.0	138.0	104.0	118.0	154.0	104.0	112.0	119.0	101.0	125.0	110.0	121.0	121.0	110.0	112.0	116.0	109.0	117.0	121.0	109.0
385.895	104.0	138.0	105.0	120.0	152.0	101.0	112.0	120.0	98.0	119.0	113.0	112.0	119.0	114.0	111.0	111.0	104.0	105.0	108.0	103.0
386.007	112.0	141.0	124.0	134.0	159.0	108.0	115.0	121.0	105.0	137.0	115.0	128.0	134.0	107.0	125.0	122.0	106.0	121.0	128.0	115.0
386.118	113.0	142.0	119.0	134.0	159.0	109.0	122.0	117.0	100.0	143.0	112.0	132.0	140.0	111.0	124.0	120.0	114.0	116.0	135.0	118.0
386.23	123.0	155.0	121.0	145.0	168.0	114.0	129.0	119.0	115.0	157.0	109.0	140.0	143.0	110.0	133.0	126.0	127.0	130.0	142.0	128.0
386.342	120.0	145.0	123.0	145.0	168.0	118.0	131.0	117.0	107.0	154.0	116.0	138.0	140.0	106.0	130.0	121.0	121.0	129.0	142.0	130.0
386.453	107.0	133.0	106.0	121.0	146.0	105.0	110.0	118.0	101.0	132.0	111.0	127.0	133.0	110.0	111.0	107.0	105.0	120.0	122.0	112.0
386.565	106.0	128.0	112.0	120.0	153.0	102.0	107.0	114.0	101.0	135.0	113.0	119.0	124.0	102.0	111.0	115.0	111.0	115.0	118.0	117.0
386.676	111.0	136.0	112.0	118.0	157.0	104.0	121.0	115.0	104.0	139.0	114.0	129.0	126.0	110.0	119.0	118.0	117.0	116.0	125.0	117.0
386.788	114.0	134.0	101.0	130.0	154.0	109.0	115.0	119.0	99.0	130.0	111.0	124.0	126.0	110.0	112.0	113.0	112.0	111.0	122.0	106.0
386.899	121.0	148.0	117.0	132.0	162.0	113.0	116.0	121.0	102.0	136.0	115.0	136.0	136.0	113.0	126.0	122.0	114.0	122.0	132.0	118.0
387.011	102.0	138.0	109.0	113.0	144.0	98.0	101.0	116.0	104.0	126.0	114.0	125.0	120.0	108.0	113.0	102.0	104.0	108.0	117.0	109.0
387.122	98.0	129.0	107.0	115.0	145.0	101.0	103.0	110.0	99.0	128.0	105.0	119.0	122.0	109.0	111.0	105.0	105.0	108.0	114.0	112.0
387.234	107.0	130.0	103.0	120.0	153.0	97.0	104.0	111.0	99.0	122.0	113.0	114.0	106.0	111.0	107.0	108.0	103.0	108.0	106.0	108.0
387.345	140.0	153.0	133.0	153.0	170.0	128.0	130.0	139.0	118.0	149.0	141.0	154.0	150.0	132.0	145.0	131.0	129.0	137.0	136.0	138.0
387.457	123.0	142.0	117.0	134.0	151.0	123.0	113.0	119.0	110.0	147.0	113.0	127.0	132.0	111.0	119.0	119.0	114.0	129.0	118.0	118.0
387.569	160.0	184.0	172.0	189.0	195.0	148.0	164.0	123.0	139.0	200.0	113.0	174.0	179.0	106.0	173.0	159.0	158.0	156.0	183.0	162.0
387.68	181.0	195.0	173.0	203.0	205.0	155.0	177.0	135.0	152.0	216.0	111.0	187.0	185.0	113.0	185.0	169.0	165.0	175.0	207.0	173.0
387.792	134.0	149.0	130.0	150.0	167.0	119.0	129.0	124.0	117.0	150.0	122.0	132.0	140.0	116.0	132.0	129.0	122.0	132.0	143.0	127.0
387.903	96.0	126.0	96.0	112.0	139.0	96.0	107.0	112.0	89.0	110.0	117.0	115.0	118.0	109.0	111.0	101.0	95.0	107.0	102.0	103.0
388.015	96.0	133.0	95.0	112.0	152.0	98.0	104.0	106.0	100.0	121.0	114.0	112.0	117.0	106.0	110.0	114.0	100.0	111.0	113.0	105.0
388.127	93.0	114.0	96.0	108.0	136.0	88.0	93.0	110.0	86.0	112.0	110.0	107.0	106.0	109.0	104.0	101.0	92.0	96.0	109.0	95.0
388.238	93.0	121.0	95.0	106.0	136.0	89.0	95.0	117.0	90.0	105.0	106.0	116.0	110.0	104.0	104.0	98.0	95.0	98.0	103.0	97.0
388.35	92.0	120.0	95.0	111.0	138.0	91.0	92.0	113.0	86.0	107.0	108.0	104.0	111.0	114.0	98.0	102.0	94.0	103.0	106.0	93.0
388.461	86.0	110.0	90.0	104.0	136.0	87.0	90.0	108.0	87.0	104.0	105.0	101.0	101.0	105.0	98.0	96.0	94.0	96.0	100.0	96.0
388.573	86.0	114.0	85.0	105.0	133.0	88.0	91.0	110.0	83.0	96.0	103.0	106.0	104.0	105.0	96.0	98.0	96.0	93.0	96.0	93.0
388.685	92.0	123.0	83.0	102.0	139.0	91.0	97.0	116.0	82.0	99.0	112.0	101.0	101.0	112.0	95.0	97.0	88.0	100.0	99.0	92.0
388.796	96.0	123.0	97.0	115.0	138.0	92.0	97.0	112.0	96.0	109.0	111.0	111.0	109.0	107.0	106.0	108.0	95.0	101.0	113.0	103.0
388.908	93.0	126.0	106.0	123.0	143.0	96.0	109.0	117.0	100.0	118.0	116.0	115.0	125.0	110.0	111.0	113.0	106.0	114.0	119.0	108.0
389.019	96.0	113.0	100.0	110.0	142.0	92.0	94.0	111.0	90.0	106.0	105.0	102.0	104.0	105.0	93.0	96.0	98.0	97.0	103.0	95.0
389.131	85.0	119.0	89.0	113.0	133.0	90.0	88.0	110.0	89.0	108.0	108.0	107.0	101.0	108.0	96.0	96.0	100.0	99.0	105.0	91.0
389.243	99.0	117.0	96.0	114.0	130.0	95.0	96.0	110.0	83.0	118.0	109.0	117.0	110.0	112.0	112.0	102.0	105.0	101.0	109.0	102.0
389.354	135.0	147.0	147.0	194.0	162.0	132.0	128.0	116.0	108.0	157.0	110.0	154.0	146.0	103.0	147.0	145.0	157.0	141.0	187.0	142.0
389.466	202.0	179.0	211.0	288.0	203.0	193.0	201.0	128.0	155.0	235.0	114.0	237.0	215.0	113.0	221.0	213.0	250.0	194.0	296.0	192.0
389.578	123.0	134.0	126.0	165.0	145.0	114.0	121.0	109.0	101.0	145.0	102.0	147.0	136.0	108.0	133.0	134.0	139.0	118.0	155.0	122.0
389.689	101.0	122.0	93.0	118.0	141.0	97.0	93.0	113.0	90.0	108.0	111.0	105.0	110.0	110.0	108.0	105.0	95.0	97.0	111.0	94.0
389.801	114.0	145.0	115.0	142.0	162.0	112.0	118.0	121.0	104.0	144.0	118.0	137.0	140.0	114.0	130.0	123.0	123.0	118.0	143.0	128.0
389.912	119.0	141.0	123.0	146.0	164.0	118.0	123.0	119.0	104.0	150.0	114.0	144.0	148.0	112.0	135.0	127.0	126.0	120.0	141.0	127.0
390.024	91.0	122.0	97.0	110.0	135.0	89.0	99.0	113.0	88.0	106.0	114.0	108.0	112.0	116.0	102.0	101.0	96.0	98.0	108.0	97.0
390.136	80.0	115.0	88.0	100.0	132.0	88.0	90.0	113.0	86.0	93.0	108.0	99.0	95.0	104.0	94.0	88.0	89.0	93.0	97.0	93.0
390.247	83.0	116.0	84.0	106.0	132.0	82.0	83.0	112.0	78.0	102.0	111.0	104.0	100.0	100.0	94.0	98.0	97.0	96.0	100.0	86.0
390.359	88.0	115.0	82.0	95.0	127.0	83.0	89.0	112.0	80.0	103.0	112.0	97.0	97.0	105.0	93.0	90.0	91.0	87.0	99.0	84.0
390.471	90.0	115.0	85.0	111.0	130.0	86.0	96.0	113.0	80.0	104.0	105.0	108.0	104.0	107.0	93.0	103.0	93.0	90.0	102.0	94.0
390.582	99.0	121.0	98.0	123.0	133.0	97.0	98.0	114.0	96.0	109.0	114.0	112.0	114.0	112.0	102.0	109.0	109.0	100.0	119.0	100.0
390.694	144.0	154.0	163.0	213.0	173.0	142.0	146.0	114.0	118.0	173.0	111.0	174.0	160.0	105.0	170.0	152.0	179.0	149.0	214.0	147.0
390.806	135.0	145.0	144.0	189.0	170.0	140.0	138.0	122.0	115.0	169.0	112.0	166.0	158.0	112.0	150.0	148.0	166.0	141.0	182.0	130.0
390.918	102.0	121.0	99.0	126.0	145.0	97.0	105.0	112.0	88.0	117.0	111.0	115.0	120.0	108.0	115.0	110.0	114.0	107.0	125.0	109.0
391.029	97.0	121.0	102.0	120.0	135.0	101.0	95.0	115.0	91.0	104.0	113.0	110.0	107.0	113.0	104.0	103.0	105.0	102.0	102.0	98.0
391.141	80.0	119.0	89.0	102.0	134.0	87.0	84.0	112.0	87.0	93.0	114.0	105.0	102.0	107.0	98.0	101.0	100.0	104.0	101.0	95.0
391.253	84.0	117.0	80.0	94.0	134.0	92.0	97.0	110.0	82.0	98.0	110.0	100.0	98.0	110.0	92.0	97.0	93.0	95.0	101.0	92.0
391.364	84.0	120.0	88.0	100.0	137.0	87.0	86.0	115.0	80.0	98.0	105.0	102.0	104.0	112.0	92.0	105.0	90.0	99.0	101.0	89.0
391.476	95.0	126.0	98.0	110.0	143.0	91.0	95.0	116.0	92.0	105.0	102.0	109.0	108.0	111.0	107.0	95.0	88.0	106.0	104.0	99.0
391.588	86.0	121.0	94.0	106.0	135.0	89.0	94.0	112.0	87.0	99.0	106.0	102.0	101.0	106.0	102.0	103.0	94.0	96.0	96.0	104.0
391.699	88.0	116.0	87.0	97.0	134.0	80.0	86.0	106.0	81.0	102.0	112.0	100.0	101.0	110.0	96.0	99.0	92.0	93.0	100.0	95.0
391.811	113.0	136.0	112.0	123.0	153.0	108.0	114.0	119.0	100.0	126.0	113.0	127.0	127.0	107.0	111.0	116.0	110.0	112.0	123.0	120.0
391.923	98.0	130.0	105.0	118.0	135.0	94.0	99.0	114.0	92.0	107.0	111.0	111.0	107.0	105.0	99.0	99.0	99.0	101.0	108.0	107.0
392.035	91.0	122.0	88.0	110.0	133.0	94.0	94.0	111.0	83.0	100.0	111.0	102.0	108.0	106.0	102.0	100.0	96.0	100.0	101.0	99.0
392.146	84.0	118.0	83.0	102.0	137.0	88.0	87.0	116.0	89.0	100.0	112.0	99.0	100.0	105.0	100.0	96.0	97.0	101.0	98.0	95.0
392.258	98.0	128.0	92.0	108.0	145.0	92.0	104.0	123.0	96.0	111.0	116.0	117.0	110.0	122.0	108.0	110.0	110.0	103.0	110.0	95.0
392.37	115.0	146.0	117.0	134.0	159.0	109.0	119.0	126.0	109.0	132.0	126.0	137.0	129.0	126.0	126.0	122.0	117.0	124.0	133.0	123.0
392.481	95.0	121.0	92.0	104.0	136.0	94.0	89.0	114.0	89.0	103.0	108.0	105.0	104.0	110.0	101.0	98.0	96.0	102.0	109.0	100.0
392.593	85.0	119.0	87.0	104.0	135.0	90.0	93.0	108.0	86.0	105.0	111.0	101.0	105.0	113.0	97.0	95.0	97.0	100.0	103.0	105.0
392.705	96.0	122.0	106.0	115.0	148.0	103.0	103.0	113.0	94.0	120.0	106.0	116.0	107.0	113.0	106.0	106.0	114.0	113.0	138.0	127.0
392.817	98.0	122.0	96.0	116.0	134.0	95.0	96.0	117.0	89.0	109.0	107.0	108.0	108.0	107.0	109.0	104.0	109.0	110.0	121.0	115.0
392.928	86.0	118.0	91.0	98.0	132.0	84.0	83.0	110.0	84.0	97.0	109.0	98.0	100.0	102.0	96.0	96.0	99.0	97.0	97.0	90.0
393.04	88.0	115.0	90.0	96.0	129.0	84.0	85.0	113.0	85.0	97.0	113.0	87.0	101.0	108.0	98.0	103.0	88.0	94.0	92.0	95.0
393.152	90.0	111.0	77.0	88.0	125.0	85.0	87.0	112.0	84.0	93.0	102.0	95.0	97.0	104.0	93.0	93.0	92.0	91.0	101.0	87.0
393.264	84.0	108.0	82.0	91.0	122.0	86.0	84.0	108.0	79.0	88.0	105.0	92.0	94.0	108.0	86.0	90.0	94.0	86.0	93.0	81.0
393.375	81.0	113.0	79.0	93.0	119.0	79.0	85.0	109.0	83.0	89.0	108.0	91.0	94.0	108.0	80.0	86.0	80.0	81.0	94.0	90.0
393.487	78.0	105.0	77.0	90.0	133.0	74.0	87.0	102.0	78.0	94.0	107.0	86.0	99.0	104.0	87.0	89.0	86.0	91.0	92.0	85.0
393.599	81.0	104.0	78.0	89.0	128.0	79.0	80.0	106.0	83.0	93.0	106.0	86.0	91.0	106.0	81.0	92.0	85.0	88.0	96.0	85.0
393.711	84.0	113.0	87.0	98.0	133.0	89.0	90.0	114.0	82.0	93.0	108.0	97.0	98.0	110.0	94.0	90.0	96.0	100.0	91.0	92.0
393.823	87.0	115.0	90.0	96.0	132.0	87.0	80.0	109.0	80.0	95.0	108.0	90.0	100.0	99.0	92.0	92.0	94.0	92.0	90.0	95.0
393.934	77.0	112.0	87.0	91.0	126.0	80.0	77.0	106.0	83.0	93.0	110.0	96.0	95.0	98.0	84.0	92.0	92.0	91.0	92.0	86.0
394.046	90.0	120.0	89.0	95.0	137.0	87.0	89.0	110.0	85.0	95.0	107.0	104.0	105.0	109.0	102.0	98.0	97.0	92.0	99.0	88.0
394.158	112.0	139.0	118.0	131.0	160.0	113.0	117.0	127.0	100.0	137.0	116.0	138.0	135.0	119.0	124.0	120.0	106.0	116.0	128.0	120.0
394.27	119.0	138.0	123.0	137.0	154.0	111.0	122.0	125.0	102.0	140.0	107.0	135.0	139.0	115.0	126.0	118.0	115.0	118.0	130.0	123.0
394.381	82.0	120.0	90.0	99.0	134.0	88.0	91.0	107.0	83.0	109.0	103.0	98.0	104.0	110.0	95.0	92.0	94.0	93.0	103.0	100.0
394.493	77.0	109.0	81.0	83.0	126.0	82.0	84.0	102.0	80.0	90.0	112.0	94.0	88.0	108.0	85.0	84.0	87.0	83.0	91.0	88.0
394.605	79.0	109.0	76.0	90.0	122.0	79.0	86.0	108.0	80.0	89.0	107.0	89.0	84.0	107.0	83.0	82.0	81.0	86.0	90.0	83.0
394.717	114.0	136.0	114.0	121.0	150.0	106.0	114.0	135.0	108.0	124.0	134.0	118.0	126.0	139.0	119.0	120.0	115.0	112.0	122.0	114.0
394.829	81.0	120.0	90.0	97.0	129.0	79.0	82.0	110.0	78.0	92.0	110.0	89.0	94.0	106.0	91.0	88.0	88.0	91.0	88.0	84.0
394.94	108.0	137.0	107.0	125.0	147.0	105.0	117.0	115.0	102.0	129.0	107.0	125.0	124.0	110.0	112.0	113.0	111.0	110.0	122.0	114.0
395.052	110.0	141.0	110.0	128.0	148.0	106.0	112.0	123.0	103.0	137.0	105.0	128.0	129.0	112.0	109.0	119.0	108.0	109.0	122.0	111.0
395.164	122.0	150.0	130.0	152.0	169.0	127.0	126.0	134.0	114.0	153.0	122.0	142.0	148.0	118.0	133.0	122.0	113.0	126.0	135.0	127.0
395.276	107.0	136.0	108.0	121.0	148.0	102.0	104.0	116.0	101.0	119.0	108.0	122.0	126.0	104.0	110.0	109.0	106.0	105.0	117.0	108.0
395.388	90.0	118.0	93.0	101.0	134.0	87.0	87.0	110.0	86.0	102.0	107.0	99.0	97.0	112.0	94.0	92.0	89.0	95.0	95.0	85.0
395.5	93.0	120.0	100.0	107.0	146.0	90.0	101.0	117.0	87.0	105.0	107.0	108.0	103.0	110.0	98.0	101.0	99.0	101.0	108.0	99.0
395.611	98.0	122.0	102.0	112.0	145.0	97.0	98.0	114.0	93.0	117.0	106.0	105.0	106.0	109.0	106.0	102.0	97.0	98.0	105.0	109.0
395.723	104.0	126.0	101.0	117.0	148.0	92.0	98.0	114.0	92.0	117.0	110.0	106.0	112.0	105.0	110.0	107.0	102.0	103.0	108.0	104.0
395.835	88.0	121.0	95.0	101.0	134.0	80.0	92.0	111.0	86.0	105.0	114.0	96.0	106.0	108.0	95.0	98.0	93.0	96.0	98.0	101.0
395.947	82.0	116.0	80.0	95.0	124.0	82.0	86.0	108.0	86.0	93.0	106.0	88.0	90.0	110.0	84.0	92.0	92.0	82.0	95.0	89.0
396.059	85.0	111.0	75.0	87.0	116.0	81.0	81.0	107.0	78.0	88.0	109.0	85.0	89.0	109.0	82.0	87.0	82.0	83.0	90.0	85.0
396.171	90.0	121.0	91.0	101.0	130.0	87.0	96.0	114.0	87.0	105.0	112.0	95.0	100.0	109.0	100.0	101.0	101.0	102.0	105.0	107.0
396.282	74.0	111.0	80.0	91.0	129.0	79.0	76.0	107.0	86.0	90.0	111.0	87.0	91.0	111.0	88.0	92.0	86.0	80.0	90.0	95.0
396.394	79.0	111.0	81.0	89.0	127.0	83.0	86.0	107.0	86.0	85.0	114.0	90.0	88.0	109.0	90.0	89.0	90.0	87.0	90.0	89.0
396.506	76.0	118.0	84.0	97.0	117.0	81.0	85.0	110.0	81.0	90.0	112.0	93.0	91.0	108.0	90.0	88.0	86.0	85.0	85.0	87.0
396.618	74.0	105.0	80.0	83.0	122.0	74.0	78.0	109.0	78.0	84.0	111.0	81.0	88.0	98.0	86.0	89.0	80.0	87.0	83.0	87.0
396.73	83.0	110.0	78.0	89.0	121.0	79.0	88.0	113.0	78.0	90.0	103.0	86.0	88.0	104.0	87.0	89.0	82.0	91.0	92.0	86.0
396.842	83.0	109.0	76.0	86.0	120.0	80.0	83.0	104.0	75.0	85.0	106.0	86.0	91.0	108.0	87.0	84.0	82.0	85.0	89.0	81.0
396.954	84.0	111.0	80.0	89.0	122.0	85.0	83.0	103.0	80.0	82.0	117.0	87.0	83.0	111.0	85.0	89.0	78.0	84.0	89.0	84.0
397.065	85.0	121.0	90.0	93.0	123.0	80.0	86.0	112.0	77.0	91.0	116.0	96.0	99.0	116.0	87.0	84.0	86.0	90.0	91.0	92.0
397.177	79.0	112.0	80.0	89.0	123.0	79.0	81.0	105.0	78.0	90.0	109.0	83.0	90.0	106.0	84.0	82.0	87.0	88.0	88.0	84.0
397.289	76.0	104.0	83.0	87.0	127.0	81.0	84.0	102.0	80.0	90.0	102.0	91.0	86.0	110.0	75.0	82.0	80.0	81.0	88.0	75.0
397.401	90.0	118.0	91.0	100.0	132.0	88.0	88.0	108.0	90.0	102.0	111.0	98.0	96.0	113.0	90.0	87.0	87.0	90.0	95.0	89.0
397.513	110.0	136.0	107.0	122.0	152.0	105.0	105.0	120.0	96.0	126.0	113.0	118.0	130.0	108.0	114.0	108.0	109.0	106.0	123.0	110.0
397.625	97.0	124.0	103.0	118.0	142.0	100.0	101.0	118.0	89.0	120.0	107.0	112.0	116.0	108.0	108.0	103.0	97.0	108.0	111.0	104.0
397.737	85.0	113.0	78.0	91.0	126.0	83.0	93.0	104.0	82.0	100.0	105.0	98.0	98.0	106.0	91.0	89.0	84.0	85.0	93.0	90.0
397.849	82.0	111.0	76.0	89.0	129.0	83.0	90.0	106.0	83.0	89.0	110.0	88.0	97.0	107.0	82.0	92.0	85.0	88.0	93.0	92.0
397.961	82.0	114.0	81.0	89.0	127.0	86.0	84.0	107.0	87.0	95.0	112.0	92.0	94.0	103.0	84.0	86.0	77.0	85.0	91.0	83.0
398.072	78.0	107.0	82.0	94.0	128.0	80.0	84.0	99.0	78.0	94.0	106.0	87.0	91.0	103.0	85.0	82.0	88.0	91.0	88.0	86.0
398.184	90.0	111.0	90.0	96.0	132.0	79.0	89.0	108.0	86.0	100.0	104.0	88.0	96.0	113.0	91.0	92.0	91.0	89.0	96.0	92.0
398.296	113.0	134.0	111.0	124.0	147.0	105.0	110.0	124.0	105.0	136.0	111.0	123.0	127.0	109.0	115.0	118.0	108.0	111.0	121.0	117.0
398.408	97.0	126.0	99.0	108.0	136.0	86.0	91.0	114.0	94.0	116.0	112.0	110.0	110.0	112.0	107.0	102.0	100.0	96.0	101.0	106.0
398.52	83.0	107.0	82.0	88.0	128.0	76.0	84.0	108.0	78.0	99.0	108.0	89.0	94.0	106.0	86.0	91.0	86.0	86.0	87.0	90.0
398.632	78.0	111.0	79.0	85.0	124.0	84.0	87.0	105.0	82.0	88.0	106.0	91.0	97.0	108.0	89.0	96.0	87.0	85.0	87.0	88.0
398.744	84.0	112.0	82.0	90.0	125.0	79.0	86.0	109.0	80.0	84.0	111.0	90.0	94.0	106.0	90.0	91.0	82.0	86.0	93.0	85.0
398.856	108.0	140.0	106.0	116.0	146.0	108.0	106.0	133.0	95.0	116.0	129.0	120.0	119.0	128.0	118.0	112.0	99.0	107.0	113.0	105.0
398.968	84.0	109.0	80.0	107.0	126.0	81.0	88.0	104.0	84.0	101.0	111.0	98.0	100.0	105.0	85.0	92.0	94.0	91.0	97.0	94.0
399.08	97.0	123.0	97.0	114.0	143.0	96.0	103.0	124.0	94.0	119.0	124.0	110.0	108.0	117.0	103.0	109.0	109.0	104.0	111.0	103.0
399.192	112.0	136.0	112.0	126.0	145.0	110.0	112.0	124.0	101.0	134.0	113.0	126.0	127.0	116.0	118.0	111.0	117.0	111.0	119.0	113.0
399.304	100.0	128.0	99.0	113.0	144.0	100.0	105.0	117.0	98.0	121.0	109.0	118.0	116.0	109.0	106.0	111.0	107.0	104.0	103.0	100.0
399.415	87.0	121.0	90.0	105.0	132.0	86.0	90.0	119.0	81.0	101.0	116.0	98.0	105.0	112.0	96.0	100.0	96.0	99.0	96.0	95.0
399.527	80.0	107.0	76.0	86.0	120.0	73.0	84.0	105.0	79.0	87.0	103.0	79.0	92.0	105.0	82.0	94.0	78.0	82.0	84.0	85.0
399.639	87.0	110.0	82.0	84.0	128.0	79.0	79.0	108.0	76.0	93.0	104.0	91.0	86.0	108.0	87.0	88.0	87.0	82.0	88.0	85.0
399.751	88.0	115.0	85.0	100.0	125.0	79.0	86.0	113.0	84.0	90.0	112.0	94.0	90.0	98.0	93.0	88.0	86.0	88.0	93.0	90.0
399.863	73.0	110.0	82.0	90.0	119.0	81.0	83.0	103.0	74.0	89.0	102.0	87.0	87.0	104.0	85.0	88.0	77.0	81.0	95.0	89.0
399.975	74.0	104.0	80.0	91.0	121.0	75.0	79.0	97.0	80.0	86.0	100.0	81.0	76.0	104.0	75.0	81.0	83.0	81.0	85.0	88.0
400.087	80.0	100.0	83.0	91.0	121.0	78.0	86.0	110.0	85.0	94.0	108.0	86.0	84.0	116.0	91.0	92.0	87.0	85.0	91.0	85.0
400.199	94.0	110.0	87.0	99.0	124.0	82.0	85.0	107.0	85.0	96.0	108.0	93.0	96.0	112.0	87.0	86.0	88.0	89.0	92.0	91.0
400.311	98.0	118.0	95.0	106.0	138.0	85.0	96.0	112.0	90.0	105.0	112.0	92.0	105.0	109.0	102.0	98.0	86.0	101.0	102.0	95.0
400.423	82.0	107.0	80.0	85.0	131.0	77.0	84.0	107.0	84.0	97.0	107.0	84.0	91.0	109.0	84.0	92.0	82.0	87.0	87.0	88.0
400.535	80.0	108.0	75.0	87.0	124.0	81.0	80.0	107.0	83.0	84.0	103.0	85.0	92.0	112.0	82.0	87.0	78.0	83.0	88.0	82.0
