,wavelength,intensity
0,200.0,0.0
1,200.1,0.0
2,200.2,0.0
3,200.3,0.0
4,200.4,0.0
5,200.5,0.0
6,200.6,0.0
7,200.7,0.0
8,200.8,0.02
9,200.9,1.191
10,201.0,42.75
11,201.1,941.5
12,201.2,12720.0
13,201.3,105500.0
14,201.4,536900.0
15,201.5,1677000.0
16,201.6,3216000.0
17,201.7,3786000.0
18,201.8,2739000.0
19,201.9,1242000.0
20,202.0,464400.0
21,202.1,447800.0
22,202.2,711400.0
23,202.3,778500.0
24,202.4,526300.0
25,202.5,218300.0
26,202.6,55550.0
27,202.7,8669.0
28,202.8,829.8
29,202.9,48.72
30,203.0,1.754
31,203.1,0.039
32,203.2,0.001
33,203.3,0.0
34,203.4,0.0
35,203.5,0.0
36,203.6,0.0
37,203.7,0.0
38,203.8,0.0
39,203.9,0.0
40,204.0,0.0
41,204.1,0.0
42,204.2,0.0
43,204.3,0.0
44,204.4,0.0
45,204.5,0.0
46,204.6,0.0
47,204.7,0.0
48,204.8,0.0
49,204.9,0.0
50,205.0,0.0
51,205.1,0.0
52,205.2,0.0
53,205.3,0.0
54,205.4,0.0
55,205.5,0.0
56,205.6,0.0
57,205.7,0.0
58,205.8,0.0
59,205.9,0.0
60,206.0,0.0
61,206.1,0.0
62,206.2,0.0
63,206.3,0.0
64,206.4,0.0
65,206.5,0.002
66,206.6,0.165
67,206.7,7.459
68,206.8,211.7
69,206.9,3774.0
70,207.0,42280.0
71,207.1,297600.0
72,207.2,1317000.0
73,207.3,3659000.0
74,207.4,6391000.0
75,207.5,7013000.0
76,207.6,4836000.0
77,207.7,2095000.0
78,207.8,570400.0
79,207.9,97580.0
80,208.0,10490.0
81,208.1,708.5
82,208.2,30.07
83,208.3,0.802
84,208.4,0.014
85,208.5,0.002
86,208.6,0.064
87,208.7,2.68
88,208.8,79.66
89,208.9,1533.0
90,209.0,18950.0
91,209.1,150900.0
92,209.2,776700.0
93,209.3,2591000.0
94,209.4,5619000.0
95,209.5,7944000.0
96,209.6,7327000.0
97,209.7,4408000.0
98,209.8,1728000.0
99,209.9,440100.0
100,210.0,72640.0
101,210.1,7743.0
102,210.2,531.6
103,210.3,23.45
104,210.4,0.663
105,210.5,0.012
106,210.6,0.0
107,210.7,0.0
108,210.8,0.0
109,210.9,0.018
110,211.0,1.253
111,211.1,55.26
112,211.2,1560.0
113,211.3,28220.0
114,211.4,327000.0
115,211.5,2427000.0
116,211.6,11540000.0
117,211.7,35140000.0
118,211.8,68590000.0
119,211.9,86290000.0
120,212.0,73370000.0
121,212.1,57980000.0
122,212.2,80750000.0
123,212.3,137000000.0
124,212.4,168300000.0
125,212.5,134900000.0
126,212.6,71400000.0
127,212.7,34550000.0
128,212.8,45050000.0
129,212.9,89570000.0
130,213.0,126900000.0
131,213.1,119400000.0
132,213.2,88410000.0
133,213.3,97870000.0
134,213.4,171999999.999
135,213.5,246800000.0
136,213.6,235400000.0
137,213.7,145200000.001
138,213.8,57820000.001
139,213.9,14850000.0
140,214.0,2501000.0
141,214.1,770000.0
142,214.2,3924000.0
143,214.3,19470000.0
144,214.4,62880000.0
145,214.5,131599999.999
146,214.6,178900000.0
147,214.7,161900000.0
148,214.8,118300000.0
149,214.9,135399999.999
150,215.0,240999999.999
151,215.1,345200000.0
152,215.2,329500000.001
153,215.3,204800000.001
154,215.4,82640000.001
155,215.5,21650000.0
156,215.6,3682000.0
157,215.7,406400.0
158,215.8,29120.0
159,215.9,1355.0
160,216.0,42.16
161,216.1,58.78
162,216.2,1736.0
163,216.3,33990.0
164,216.4,435100.0
165,216.5,3642000.0
166,216.6,19930000.0
167,216.7,71299999.999
168,216.8,166799999.999
169,216.9,255499999.999
170,217.0,259200000.0
171,217.1,191900000.001
172,217.2,172700000.0
173,217.3,288099999.998
174,217.4,468399999.999
175,217.5,528000000.0
176,217.6,392400000.002
177,217.7,191200000.002
178,217.8,61050000.001
179,217.9,12770000.0
180,218.0,1750000.0
181,218.1,157100.0
182,218.2,9241.0
183,218.3,356.1
184,218.4,9.081
185,218.5,3.608
186,218.6,88.74
187,218.7,1505.0
188,218.8,16890.0
189,218.9,125900.0
190,219.0,626500.0
191,219.1,2107000.0
192,219.2,4888000.0
193,219.3,8108000.0
194,219.4,10110000.0
195,219.5,9951000.0
196,219.6,7868000.0
197,219.7,4877000.0
198,219.8,2271000.0
199,219.9,853500.0
200,220.0,1277000.0
201,220.1,8275000.0
202,220.2,40929999.999
203,220.3,134599999.998
204,220.4,293699999.998
205,220.5,425499999.999
206,220.6,415600000.001
207,220.7,308200000.001
208,220.8,294099999.999
209,220.9,487899999.997
210,221.0,756199999.998
211,221.1,818600000.001
212,221.2,592100000.004
213,221.3,284700000.003
214,221.4,90940000.001
215,221.5,19300000.0
216,221.6,2720000.0
217,221.7,254600.0
218,221.8,15840.0
219,221.9,654.5
220,222.0,17.96
221,222.1,0.328
222,222.2,0.004
223,222.3,0.0
224,222.4,0.0
225,222.5,0.0
226,222.6,0.0
227,222.7,0.0
228,222.8,0.0
229,222.9,0.0
230,223.0,0.0
231,223.1,0.0
232,223.2,0.0
233,223.3,0.0
234,223.4,0.002
235,223.5,0.077
236,223.6,1.998
237,223.7,34.9
238,223.8,409.8
239,223.9,3234.0
240,224.0,17150.0
241,224.1,61160.0
242,224.2,146600.0
243,224.3,236100.0
244,224.4,255600.0
245,224.5,186000.0
246,224.6,90990.0
247,224.7,29920.0
248,224.8,6611.0
249,224.9,982.3
250,225.0,105.2
251,225.1,184.3
252,225.2,2989.0
253,225.3,33970.0
254,225.4,260800.0
255,225.5,1353000.0
256,225.6,4747000.0
257,225.7,11270000.0
258,225.8,18410000.0
259,225.9,23300000.0
260,226.0,38300000.0
261,226.1,109299999.998
262,226.2,296699999.996
263,226.3,573899999.996
264,226.4,758099999.999
265,226.5,690300000.003
266,226.6,488100000.003
267,226.7,454899999.998
268,226.8,751399999.993
269,226.9,1180999999.995
270,227.0,1323000000.002
271,227.1,1011000000.007
272,227.2,524900000.007
273,227.3,184800000.004
274,227.4,44140000.001
275,227.5,7152000.0
276,227.6,786100.0
277,227.7,58620.0
278,227.8,2965.0
279,227.9,101.8
280,228.0,2.369
281,228.1,0.037
282,228.2,0.0
283,228.3,0.0
284,228.4,0.0
285,228.5,0.0
286,228.6,0.0
287,228.7,0.0
288,228.8,0.0
289,228.9,0.0
290,229.0,0.0
291,229.1,0.0
292,229.2,0.0
293,229.3,0.0
294,229.4,0.0
295,229.5,0.001
296,229.6,0.008
297,229.7,0.031
298,229.8,0.082
299,229.9,0.15
300,230.0,0.188
301,230.1,0.162
302,230.2,0.095
303,230.3,0.038
304,230.4,0.011
305,230.5,0.002
306,230.6,0.0
307,230.7,0.0
308,230.8,0.0
309,230.9,0.0
310,231.0,0.0
311,231.1,0.0
312,231.2,0.0
313,231.3,0.0
314,231.4,0.0
315,231.5,0.013
316,231.6,0.428
317,231.7,9.628
318,231.8,150.0
319,231.9,1623.0
320,232.0,12230.0
321,232.1,64530.0
322,232.2,240300.0
323,232.3,639900.0
324,232.4,1240000.0
325,232.5,1789000.0
326,232.6,1961000.0
327,232.7,1654000.0
328,232.8,1069000.0
329,232.9,522400.0
330,233.0,188900.0
331,233.1,49640.0
332,233.2,9340.0
333,233.3,1245.0
334,233.4,116.8
335,233.5,7.664
336,233.6,0.351
337,233.7,0.011
338,233.8,0.0
339,233.9,0.0
340,234.0,0.0
341,234.1,0.0
342,234.2,0.0
343,234.3,0.0
344,234.4,0.0
345,234.5,0.0
346,234.6,0.0
347,234.7,0.0
348,234.8,0.0
349,234.9,0.0
350,235.0,0.0
351,235.1,0.0
352,235.2,0.0
353,235.3,0.0
354,235.4,0.0
355,235.5,0.0
356,235.6,0.015
357,235.7,0.863
358,235.8,34.04
359,235.9,939.5
360,236.0,18150.0
361,236.1,245300.0
362,236.2,2322000.0
363,236.3,15379999.999
364,236.4,71309999.998
365,236.5,231399999.995
366,236.6,525799999.993
367,236.7,836499999.995
368,236.8,935500000.001
369,236.9,757300000.005
370,237.0,541900000.002
371,237.1,618899999.994
372,237.2,1093999999.987
373,237.3,1678999999.99
374,237.4,1868000000.003
375,237.5,1469000000.013
376,237.6,821800000.013
377,237.7,346100000.007
378,237.8,142300000.002
379,237.9,86550000.001
380,238.0,63120000.001
381,238.1,37350000.001
382,238.2,15920000.0
383,238.3,4785000.0
384,238.4,1011000.0
385,238.5,150000.0
386,238.6,15630.0
387,238.7,1144.0
388,238.8,58.79
389,238.9,2.122
390,239.0,0.054
391,239.1,0.001
392,239.2,0.0
393,239.3,0.0
394,239.4,0.0
395,239.5,0.0
396,239.6,0.0
397,239.7,0.0
398,239.8,0.0
399,239.9,0.0
400,240.0,0.0
401,240.1,0.0
402,240.2,0.0
403,240.3,0.0
404,240.4,0.0
405,240.5,0.0
406,240.6,0.0
407,240.7,0.0
408,240.8,0.0
409,240.9,0.0
410,241.0,0.0
411,241.1,0.0
412,241.2,0.0
413,241.3,0.0
414,241.4,0.0
415,241.5,0.0
416,241.6,0.0
417,241.7,0.0
418,241.8,0.0
419,241.9,0.0
420,242.0,0.0
421,242.1,0.0
422,242.2,0.0
423,242.3,0.0
424,242.4,0.0
425,242.5,0.0
426,242.6,0.0
427,242.7,0.0
428,242.8,0.0
429,242.9,0.0
430,243.0,0.0
431,243.1,0.0
432,243.2,0.0
433,243.3,0.0
434,243.4,0.0
435,243.5,0.0
436,243.6,0.0
437,243.7,0.0
438,243.8,0.0
439,243.9,0.0
440,244.0,0.0
441,244.1,0.0
442,244.2,0.0
443,244.3,0.0
444,244.4,0.0
445,244.5,0.0
446,244.6,0.0
447,244.7,0.0
448,244.8,0.0
449,244.9,0.0
450,245.0,0.0
451,245.1,0.0
452,245.2,0.0
453,245.3,0.0
454,245.4,0.0
455,245.5,0.0
456,245.6,0.0
457,245.7,0.0
458,245.8,0.0
459,245.9,0.0
460,246.0,0.0
461,246.1,0.0
462,246.2,0.0
463,246.3,0.0
464,246.4,0.0
465,246.5,0.005
466,246.6,0.153
467,246.7,3.385
468,246.8,54.18
469,246.9,625.8
470,247.0,5216.0
471,247.1,31380.0
472,247.2,136200.0
473,247.3,426600.0
474,247.4,964400.0
475,247.5,1573000.0
476,247.6,1852000.0
477,247.7,1573000.0
478,247.8,964400.0
479,247.9,426600.0
480,248.0,136200.0
481,248.1,31380.0
482,248.2,5216.0
483,248.3,625.8
484,248.4,54.18
485,248.5,3.385
486,248.6,0.153
487,248.7,0.005
488,248.8,0.0
489,248.9,0.0
490,249.0,0.0
491,249.1,0.0
492,249.2,0.0
493,249.3,0.0
494,249.4,0.0
495,249.5,0.0
496,249.6,0.0
497,249.7,0.0
498,249.8,0.0
499,249.9,0.0
500,250.0,0.0
501,250.1,0.0
502,250.2,0.0
503,250.3,0.0
504,250.4,0.0
505,250.5,0.0
506,250.6,0.0
507,250.7,0.0
508,250.8,0.0
509,250.9,0.0
510,251.0,0.0
511,251.1,0.0
512,251.2,0.0
513,251.3,0.0
514,251.4,0.0
515,251.5,0.0
516,251.6,0.001
517,251.7,0.021
518,251.8,0.429
519,251.9,6.538
520,252.0,72.88
521,252.1,594.0
522,252.2,3539.0
523,252.3,15420.0
524,252.4,49120.0
525,252.5,114400.0
526,252.6,194800.0
527,252.7,242600.0
528,252.8,220800.0
529,252.9,147000.0
530,253.0,71530.0
531,253.1,25450.0
532,253.2,6621.0
533,253.3,1259.0
534,253.4,175.1
535,253.5,17.81
536,253.6,1.324
537,253.7,0.072
538,253.8,0.003
539,253.9,0.0
540,254.0,0.0
541,254.1,0.0
542,254.2,0.0
543,254.3,0.0
544,254.4,0.0
545,254.5,0.0
546,254.6,0.0
547,254.7,0.0
548,254.8,0.0
549,254.9,0.0
550,255.0,0.0
551,255.1,0.0
552,255.2,0.0
553,255.3,0.0
554,255.4,0.0
555,255.5,0.0
556,255.6,0.005
557,255.7,0.207
558,255.8,6.366
559,255.9,144.5
560,256.0,2421.0
561,256.1,29960.0
562,256.2,273800.0
563,256.3,1848000.0
564,256.4,9213000.0
565,256.5,33919999.999
566,256.6,92219999.997
567,256.7,185199999.997
568,256.8,274699999.998
569,256.9,301400000.001
570,257.0,248000000.003
571,257.1,169600000.002
572,257.2,156099999.998
573,257.3,279099999.993
574,257.4,541199999.99
575,257.5,824999999.992
576,257.6,937900000.001
577,257.7,790000000.008
578,257.8,492700000.01
579,257.9,227500000.007
580,258.0,77790000.003
581,258.1,19700000.001
582,258.2,3693000.0
583,258.3,512800.0
584,258.4,52730.0
585,258.5,4017.0
586,258.6,226.7
587,258.7,9.475
588,258.8,0.293
589,258.9,0.007
590,259.0,0.0
591,259.1,0.0
592,259.2,0.0
593,259.3,0.0
594,259.4,0.0
595,259.5,0.0
596,259.6,0.0
597,259.7,0.0
598,259.8,0.0
599,259.9,0.0
600,260.0,0.0
601,260.1,0.0
602,260.2,0.0
603,260.3,0.0
604,260.4,0.0
605,260.5,0.0
606,260.6,0.0
607,260.7,0.0
608,260.8,0.0
609,260.9,0.0
610,261.0,0.0
611,261.1,0.0
612,261.2,0.0
613,261.3,0.0
614,261.4,0.0
615,261.5,0.0
616,261.6,0.0
617,261.7,0.0
618,261.8,0.0
619,261.9,0.0
620,262.0,0.009
621,262.1,0.275
622,262.2,6.222
623,262.3,105.3
624,262.4,1335.0
625,262.5,12680.0
626,262.6,90290.0
627,262.7,481600.0
628,262.8,1925000.0
629,262.9,5764000.0
630,263.0,12930000.0
631,263.1,21740000.0
632,263.2,27400000.0
633,263.3,25880000.0
634,263.4,18380000.0
635,263.5,10010000.0
636,263.6,4651000.0
637,263.7,2689000.0
638,263.8,2508000.0
639,263.9,2538000.0
640,264.0,2106000.0
641,264.1,1345000.0
642,264.2,654600.0
643,264.3,242400.0
644,264.4,68810.0
645,264.5,21490.0
646,264.6,65460.0
647,264.7,435700.0
648,264.8,2262000.0
649,264.9,8846000.0
650,265.0,26039999.999
651,265.1,57689999.999
652,265.2,96199999.999
653,265.3,120800000.0
654,265.4,114200000.001
655,265.5,82190000.001
656,265.6,48760000.001
657,265.7,37640000.0
658,265.8,62569999.998
659,265.9,123999999.997
660,266.0,198599999.997
661,266.1,241799999.999
662,266.2,222100000.002
663,266.3,153900000.003
664,266.4,80370000.002
665,266.5,31650000.001
666,266.6,9396000.0
667,266.7,2103000.0
668,266.8,355000.0
669,266.9,45170.0
670,267.0,4334.0
671,267.1,313.5
672,267.2,17.1
673,267.3,0.703
674,267.4,0.022
675,267.5,0.001
676,267.6,0.0
677,267.7,0.0
678,267.8,0.0
679,267.9,0.0
680,268.0,0.0
681,268.1,0.0
682,268.2,0.0
683,268.3,0.0
684,268.4,0.0
685,268.5,0.0
686,268.6,0.0
687,268.7,0.0
688,268.8,0.0
689,268.9,0.0
690,269.0,0.0
691,269.1,0.0
692,269.2,0.0
693,269.3,0.0
694,269.4,0.0
695,269.5,0.0
696,269.6,0.0
697,269.7,0.0
698,269.8,0.0
699,269.9,0.0
700,270.0,0.0
701,270.1,0.0
702,270.2,0.0
703,270.3,0.0
704,270.4,0.0
705,270.5,0.0
706,270.6,0.0
707,270.7,0.0
708,270.8,0.0
709,270.9,0.0
710,271.0,0.0
711,271.1,0.0
712,271.2,0.0
713,271.3,0.0
714,271.4,0.0
715,271.5,0.0
716,271.6,0.0
717,271.7,0.0
718,271.8,0.0
719,271.9,0.0
720,272.0,0.0
721,272.1,0.0
722,272.2,0.0
723,272.3,0.0
724,272.4,0.0
725,272.5,0.0
726,272.6,0.0
727,272.7,0.0
728,272.8,0.0
729,272.9,0.0
730,273.0,0.0
731,273.1,0.0
732,273.2,0.0
733,273.3,0.0
734,273.4,0.0
735,273.5,0.0
736,273.6,0.0
737,273.7,0.0
738,273.8,0.0
739,273.9,0.0
740,274.0,0.0
741,274.1,0.0
742,274.2,0.0
743,274.3,0.0
744,274.4,0.0
745,274.5,0.0
746,274.6,0.0
747,274.7,0.0
748,274.8,0.0
749,274.9,0.0
750,275.0,0.0
751,275.1,0.0
752,275.2,0.0
753,275.3,0.0
754,275.4,0.0
755,275.5,0.0
756,275.6,0.0
757,275.7,0.002
758,275.8,0.008
759,275.9,0.032
760,276.0,0.096
761,276.1,0.218
762,276.2,0.382
763,276.3,0.514
764,276.4,0.534
765,276.5,0.426
766,276.6,0.262
767,276.7,0.124
768,276.8,0.045
769,276.9,0.013
770,277.0,0.003
771,277.1,0.0
772,277.2,0.0
773,277.3,0.0
774,277.4,0.0
775,277.5,0.0
776,277.6,0.0
777,277.7,0.0
778,277.8,0.0
779,277.9,0.0
780,278.0,0.0
781,278.1,0.0
782,278.2,0.0
783,278.3,0.0
784,278.4,0.0
785,278.5,0.0
786,278.6,0.0
787,278.7,0.0
788,278.8,0.0
789,278.9,0.0
790,279.0,0.0
791,279.1,0.0
792,279.2,0.0
793,279.3,0.0
794,279.4,0.0
795,279.5,0.0
796,279.6,0.0
797,279.7,0.0
798,279.8,0.0
799,279.9,0.0
800,280.0,0.0
801,280.1,0.0
802,280.2,0.0
803,280.3,0.003
804,280.4,0.092
805,280.5,2.142
806,280.6,38.87
807,280.7,548.1
808,280.8,6007.0
809,280.9,51180.0
810,281.0,338800.0
811,281.1,1744000.0
812,281.2,6973000.0
813,281.3,21679999.999
814,281.4,52369999.998
815,281.5,98339999.998
816,281.6,143499999.998
817,281.7,162800000.0
818,281.8,143500000.002
819,281.9,98340000.002
820,282.0,52370000.002
821,282.1,21680000.001
822,282.2,6973000.0
823,282.3,1744000.0
824,282.4,338800.0
825,282.5,51180.0
826,282.6,6007.0
827,282.7,548.1
828,282.8,38.87
829,282.9,2.142
830,283.0,0.092
831,283.1,0.003
832,283.2,0.0
833,283.3,0.0
834,283.4,0.0
835,283.5,0.0
836,283.6,0.0
837,283.7,0.0
838,283.8,0.0
839,283.9,0.0
840,284.0,0.0
841,284.1,0.0
842,284.2,0.0
843,284.3,0.0
844,284.4,0.0
845,284.5,0.0
846,284.6,0.0
847,284.7,0.0
848,284.8,0.0
849,284.9,0.0
850,285.0,0.0
851,285.1,0.0
852,285.2,0.0
853,285.3,0.0
854,285.4,0.0
855,285.5,0.0
856,285.6,0.0
857,285.7,0.0
858,285.8,0.0
859,285.9,0.0
860,286.0,0.0
861,286.1,0.0
862,286.2,0.0
863,286.3,0.0
864,286.4,0.0
865,286.5,0.0
866,286.6,0.0
867,286.7,0.0
868,286.8,0.0
869,286.9,0.0
870,287.0,0.0
871,287.1,0.0
872,287.2,0.0
873,287.3,0.0
874,287.4,0.0
875,287.5,0.0
876,287.6,0.0
877,287.7,0.0
878,287.8,0.0
879,287.9,0.0
880,288.0,0.0
881,288.1,0.0
882,288.2,0.0
883,288.3,0.0
884,288.4,0.0
885,288.5,0.0
886,288.6,0.0
887,288.7,0.0
888,288.8,0.0
889,288.9,0.0
890,289.0,0.0
891,289.1,0.0
892,289.2,0.0
893,289.3,0.0
894,289.4,0.0
895,289.5,0.0
896,289.6,0.0
897,289.7,0.0
898,289.8,0.0
899,289.9,0.0
900,290.0,0.0
901,290.1,0.0
902,290.2,0.0
903,290.3,0.0
904,290.4,0.0
905,290.5,0.0
906,290.6,0.0
907,290.7,0.0
908,290.8,0.0
909,290.9,0.0
910,291.0,0.0
911,291.1,0.0
912,291.2,0.0
913,291.3,0.0
914,291.4,0.0
915,291.5,0.0
916,291.6,0.0
917,291.7,0.0
918,291.8,0.0
919,291.9,0.0
920,292.0,0.0
921,292.1,0.0
922,292.2,0.0
923,292.3,0.0
924,292.4,0.0
925,292.5,0.0
926,292.6,0.0
927,292.7,0.0
928,292.8,0.0
929,292.9,0.0
930,293.0,0.0
931,293.1,0.0
932,293.2,0.0
933,293.3,0.0
934,293.4,0.0
935,293.5,0.0
936,293.6,0.0
937,293.7,0.0
938,293.8,0.0
939,293.9,0.0
940,294.0,0.0
941,294.1,0.0
942,294.2,0.0
943,294.3,0.0
944,294.4,0.0
945,294.5,0.0
946,294.6,0.0
947,294.7,0.0
948,294.8,0.0
949,294.9,0.0
950,295.0,0.0
951,295.1,0.0
952,295.2,0.0
953,295.3,0.0
954,295.4,0.0
955,295.5,0.0
956,295.6,0.0
957,295.7,0.0
958,295.8,0.001
959,295.9,0.002
960,296.0,0.004
961,296.1,0.006
962,296.2,0.006
963,296.3,0.005
964,296.4,0.004
965,296.5,0.002
966,296.6,0.001
967,296.7,0.0
968,296.8,0.0
969,296.9,0.0
970,297.0,0.0
971,297.1,0.0
972,297.2,0.0
973,297.3,0.0
974,297.4,0.0
975,297.5,0.0
976,297.6,0.0
977,297.7,0.0
978,297.8,0.0
979,297.9,0.0
980,298.0,0.0
981,298.1,0.0
982,298.2,0.0
983,298.3,0.0
984,298.4,0.002
985,298.5,0.026
986,298.6,0.294
987,298.7,2.674
988,298.8,19.48
989,298.9,113.8
990,299.0,534.2
991,299.1,2021.0
992,299.2,6197.0
993,299.3,15520.0
994,299.4,32150.0
995,299.5,56010.0
996,299.6,83510.0
997,299.7,108000.0
998,299.8,121200.0
999,299.9,117000.0
1000,300.0,95370.0
1001,300.1,64600.0
1002,300.2,35850.0
1003,300.3,16150.0
1004,300.4,5876.0
1005,300.5,1719.0
1006,300.6,403.7
1007,300.7,76.03
1008,300.8,11.47
1009,300.9,1.387
1010,301.0,0.134
1011,301.1,0.01
1012,301.2,0.001
1013,301.3,0.007
1014,301.4,0.082
1015,301.5,0.813
1016,301.6,6.496
1017,301.7,41.79
1018,301.8,216.7
1019,301.9,907.2
1020,302.0,3078.0
1021,302.1,8509.0
1022,302.2,19340.0
1023,302.3,36620.0
1024,302.4,58700.0
1025,302.5,80960.0
1026,302.6,97080.0
1027,302.7,101100.0
1028,302.8,90400.0
1029,302.9,68260.0
1030,303.0,42840.0
1031,303.1,22080.0
1032,303.2,9264.0
1033,303.3,3149.0
1034,303.4,864.1
1035,303.5,191.1
1036,303.6,34.04
1037,303.7,4.877
1038,303.8,0.562
1039,303.9,0.052
1040,304.0,0.004
1041,304.1,0.0
1042,304.2,0.0
1043,304.3,0.0
1044,304.4,0.0
1045,304.5,0.0
1046,304.6,0.0
1047,304.7,0.0
1048,304.8,0.0
1049,304.9,0.0
1050,305.0,0.0
1051,305.1,0.0
1052,305.2,0.0
1053,305.3,0.0
1054,305.4,0.0
1055,305.5,0.0
1056,305.6,0.0
1057,305.7,0.0
1058,305.8,0.0
1059,305.9,0.0
1060,306.0,0.0
1061,306.1,0.0
1062,306.2,0.0
1063,306.3,0.004
1064,306.4,0.046
1065,306.5,0.478
1066,306.6,4.049
1067,306.7,27.73
1068,306.8,153.8
1069,306.9,691.3
1070,307.0,2532.0
1071,307.1,7742.0
1072,307.2,21780.0
1073,307.3,72500.0
1074,307.4,338600.0
1075,307.5,1777000.0
1076,307.6,8356999.999
1077,307.7,32599999.998
1078,307.8,103599999.993
1079,307.9,266899999.986
1080,308.0,557299999.978
1081,308.1,943099999.976
1082,308.2,1292999999.983
1083,308.3,1437000000.0
1084,308.4,1293000000.017
1085,308.5,944400000.024
1086,308.6,564300000.021
1087,308.7,297500000.011
1088,308.8,213399999.999
1089,308.9,351899999.984
1090,309.0,761799999.966
1091,309.1,1444999999.951
1092,309.2,2241999999.953
1093,309.3,2826999999.978
1094,309.4,2893000000.015
1095,309.5,2402000000.044
1096,309.6,1618000000.05
1097,309.7,884500000.039
1098,309.8,392300000.023
1099,309.9,141200000.01
1100,310.0,41250000.003
1101,310.1,9776000.001
1102,310.2,1880000.0
1103,310.3,293400.0
1104,310.4,37160.0
1105,310.5,3818.0
1106,310.6,318.4
1107,310.7,21.54
1108,310.8,1.183
1109,310.9,0.053
1110,311.0,0.002
1111,311.1,0.0
1112,311.2,0.0
1113,311.3,0.0
1114,311.4,0.0
1115,311.5,0.0
1116,311.6,0.0
1117,311.7,0.0
1118,311.8,0.0
1119,311.9,0.0
1120,312.0,0.0
1121,312.1,0.0
1122,312.2,0.0
1123,312.3,0.0
1124,312.4,0.0
1125,312.5,0.0
1126,312.6,0.0
1127,312.7,0.0
1128,312.8,0.0
1129,312.9,0.0
1130,313.0,0.0
1131,313.1,0.0
1132,313.2,0.0
1133,313.3,0.0
1134,313.4,0.0
1135,313.5,0.0
1136,313.6,0.0
1137,313.7,0.0
1138,313.8,0.0
1139,313.9,0.0
1140,314.0,0.0
1141,314.1,0.0
1142,314.2,0.0
1143,314.3,0.0
1144,314.4,0.0
1145,314.5,0.0
1146,314.6,0.0
1147,314.7,0.0
1148,314.8,0.0
1149,314.9,0.0
1150,315.0,0.0
1151,315.1,0.0
1152,315.2,0.0
1153,315.3,0.0
1154,315.4,0.0
1155,315.5,0.0
1156,315.6,0.0
1157,315.7,0.0
1158,315.8,0.0
1159,315.9,0.0
1160,316.0,0.0
1161,316.1,0.0
1162,316.2,0.0
1163,316.3,0.0
1164,316.4,0.0
1165,316.5,0.0
1166,316.6,0.0
1167,316.7,0.0
1168,316.8,0.0
1169,316.9,0.0
1170,317.0,0.0
1171,317.1,0.0
1172,317.2,0.0
1173,317.3,0.0
1174,317.4,0.0
1175,317.5,0.0
1176,317.6,0.0
1177,317.7,0.0
1178,317.8,0.001
1179,317.9,0.002
1180,318.0,0.002
1181,318.1,0.003
1182,318.2,0.004
1183,318.3,0.004
1184,318.4,0.005
1185,318.5,0.004
1186,318.6,0.004
1187,318.7,0.003
1188,318.8,0.001
1189,318.9,0.001
1190,319.0,0.0
1191,319.1,0.0
1192,319.2,0.0
1193,319.3,0.0
1194,319.4,0.0
1195,319.5,0.0
1196,319.6,0.0
1197,319.7,0.0
1198,319.8,0.0
1199,319.9,0.0
1200,320.0,0.0
1201,320.1,0.0
1202,320.2,0.0
1203,320.3,0.0
1204,320.4,0.0
1205,320.5,0.0
1206,320.6,0.0
1207,320.7,0.0
1208,320.8,0.0
1209,320.9,0.0
1210,321.0,0.0
1211,321.1,0.0
1212,321.2,0.0
1213,321.3,0.0
1214,321.4,0.0
1215,321.5,0.0
1216,321.6,0.0
1217,321.7,0.0
1218,321.8,0.0
1219,321.9,0.0
1220,322.0,0.0
1221,322.1,0.0
1222,322.2,0.0
1223,322.3,0.0
1224,322.4,0.0
1225,322.5,0.0
1226,322.6,0.0
1227,322.7,0.0
1228,322.8,0.0
1229,322.9,0.0
1230,323.0,0.0
1231,323.1,0.0
1232,323.2,0.0
1233,323.3,0.0
1234,323.4,0.0
1235,323.5,0.0
1236,323.6,0.0
1237,323.7,0.0
1238,323.8,0.0
1239,323.9,0.0
1240,324.0,0.0
1241,324.1,0.0
1242,324.2,0.0
1243,324.3,0.0
1244,324.4,0.0
1245,324.5,0.0
1246,324.6,0.0
1247,324.7,0.0
1248,324.8,0.0
1249,324.9,0.0
1250,325.0,0.0
1251,325.1,0.0
1252,325.2,0.0
1253,325.3,0.0
1254,325.4,0.0
1255,325.5,0.0
1256,325.6,0.0
1257,325.7,0.0
1258,325.8,0.0
1259,325.9,0.0
1260,326.0,0.0
1261,326.1,0.0
1262,326.2,0.0
1263,326.3,0.004
1264,326.4,0.051
1265,326.5,0.495
1266,326.6,3.984
1267,326.7,26.64
1268,326.8,147.8
1269,326.9,680.9
1270,327.0,2604.0
1271,327.1,8263.0
1272,327.2,21770.0
1273,327.3,47600.0
1274,327.4,86390.0
1275,327.5,130100.0
1276,327.6,162700.0
1277,327.7,168900.0
1278,327.8,145500.0
1279,327.9,104100.0
1280,328.0,61780.0
1281,328.1,30440.0
1282,328.2,12450.0
1283,328.3,4226.0
1284,328.4,1191.0
1285,328.5,278.5
1286,328.6,54.06
1287,328.7,8.711
1288,328.8,1.165
1289,328.9,0.129
1290,329.0,0.012
1291,329.1,0.001
1292,329.2,0.0
1293,329.3,0.0
1294,329.4,0.0
1295,329.5,0.0
1296,329.6,0.0
1297,329.7,0.0
1298,329.8,0.0
1299,329.9,0.0
1300,330.0,0.0
1301,330.1,0.0
1302,330.2,0.0
1303,330.3,0.0
1304,330.4,0.0
1305,330.5,0.0
1306,330.6,0.0
1307,330.7,0.0
1308,330.8,0.0
1309,330.9,0.0
1310,331.0,0.0
1311,331.1,0.0
1312,331.2,0.0
1313,331.3,0.0
1314,331.4,0.0
1315,331.5,0.0
1316,331.6,0.0
1317,331.7,0.0
1318,331.8,0.0
1319,331.9,0.0
1320,332.0,0.0
1321,332.1,0.0
1322,332.2,0.0
1323,332.3,0.0
1324,332.4,0.0
1325,332.5,0.0
1326,332.6,0.0
1327,332.7,0.0
1328,332.8,0.0
1329,332.9,0.0
1330,333.0,0.0
1331,333.1,0.0
1332,333.2,0.0
1333,333.3,0.0
1334,333.4,0.0
1335,333.5,0.0
1336,333.6,0.0
1337,333.7,0.0
1338,333.8,0.0
1339,333.9,0.005
1340,334.0,0.046
1341,334.1,0.38
1342,334.2,2.646
1343,334.3,15.41
1344,334.4,75.09
1345,334.5,306.3
1346,334.6,1046.0
1347,334.7,2988.0
1348,334.8,7146.0
1349,334.9,14300.0
1350,335.0,23970.0
1351,335.1,33610.0
1352,335.2,39440.0
1353,335.3,38750.0
1354,335.4,31860.0
1355,335.5,21920.0
1356,335.6,12630.0
1357,335.7,6088.0
1358,335.8,2457.0
1359,335.9,829.6
1360,336.0,234.5
1361,336.1,55.48
1362,336.2,10.99
1363,336.3,1.821
1364,336.4,0.253
1365,336.5,0.029
1366,336.6,0.003
1367,336.7,0.0
1368,336.8,0.0
1369,336.9,0.0
1370,337.0,0.0
1371,337.1,0.0
1372,337.2,0.0
1373,337.3,0.0
1374,337.4,0.0
1375,337.5,0.0
1376,337.6,0.0
1377,337.7,0.0
1378,337.8,0.0
1379,337.9,0.0
1380,338.0,0.0
1381,338.1,0.0
1382,338.2,0.0
1383,338.3,0.0
1384,338.4,0.0
1385,338.5,0.0
1386,338.6,0.0
1387,338.7,0.0
1388,338.8,0.0
1389,338.9,0.0
1390,339.0,0.0
1391,339.1,0.0
1392,339.2,0.0
1393,339.3,0.0
1394,339.4,0.0
1395,339.5,0.0
1396,339.6,0.0
1397,339.7,0.0
1398,339.8,0.0
1399,339.9,0.0
1400,340.0,0.0
1401,340.1,0.0
1402,340.2,0.0
1403,340.3,0.0
1404,340.4,0.0
1405,340.5,0.0
1406,340.6,0.0
1407,340.7,0.0
1408,340.8,0.0
1409,340.9,0.0
1410,341.0,0.0
1411,341.1,0.0
1412,341.2,0.0
1413,341.3,0.0
1414,341.4,0.0
1415,341.5,0.0
1416,341.6,0.004
1417,341.7,0.039
1418,341.8,0.319
1419,341.9,2.215
1420,342.0,12.98
1421,342.1,64.16
1422,342.2,267.6
1423,342.3,941.6
1424,342.4,2795.0
1425,342.5,7000.0
1426,342.6,14790.0
1427,342.7,26360.0
1428,342.8,39650.0
1429,342.9,50300.0
1430,343.0,53840.0
1431,343.1,48620.0
1432,343.2,37040.0
1433,343.3,23810.0
1434,343.4,12910.0
1435,343.5,5905.0
1436,343.6,2279.0
1437,343.7,742.1
1438,343.8,203.9
1439,343.9,47.25
1440,344.0,9.238
1441,344.1,1.524
1442,344.2,0.212
1443,344.3,0.025
1444,344.4,0.002
1445,344.5,0.0
1446,344.6,0.0
1447,344.7,0.0
1448,344.8,0.0
1449,344.9,0.0
1450,345.0,0.0
1451,345.1,0.0
1452,345.2,0.0
1453,345.3,0.0
1454,345.4,0.0
1455,345.5,0.0
1456,345.6,0.0
1457,345.7,0.0
1458,345.8,0.0
1459,345.9,0.0
1460,346.0,0.0
1461,346.1,0.0
1462,346.2,0.0
1463,346.3,0.0
1464,346.4,0.0
1465,346.5,0.0
1466,346.6,0.0
1467,346.7,0.0
1468,346.8,0.0
1469,346.9,0.0
1470,347.0,0.0
1471,347.1,0.0
1472,347.2,0.0
1473,347.3,0.0
1474,347.4,0.0
1475,347.5,0.0
1476,347.6,0.0
1477,347.7,0.0
1478,347.8,0.0
1479,347.9,0.0
1480,348.0,0.0
1481,348.1,0.0
1482,348.2,0.0
1483,348.3,0.0
1484,348.4,0.0
1485,348.5,0.0
1486,348.6,0.0
1487,348.7,0.0
1488,348.8,0.0
1489,348.9,0.0
1490,349.0,0.0
1491,349.1,0.0
1492,349.2,0.0
1493,349.3,0.0
1494,349.4,0.0
1495,349.5,0.0
1496,349.6,0.0
1497,349.7,0.0
1498,349.8,0.0
1499,349.9,0.0
1500,350.0,0.0
1501,350.1,0.0
1502,350.2,0.0
1503,350.3,0.0
1504,350.4,0.0
1505,350.5,0.0
1506,350.6,0.0
1507,350.7,0.0
1508,350.8,0.0
1509,350.9,0.0
1510,351.0,0.0
1511,351.1,0.0
1512,351.2,0.0
1513,351.3,0.0
1514,351.4,0.0
1515,351.5,0.0
1516,351.6,0.0
1517,351.7,0.0
1518,351.8,0.0
1519,351.9,0.0
1520,352.0,0.0
1521,352.1,0.001
1522,352.2,0.002
1523,352.3,0.003
1524,352.4,0.005
1525,352.5,0.007
1526,352.6,0.007
1527,352.7,0.006
1528,352.8,0.005
1529,352.9,0.003
1530,353.0,0.002
1531,353.1,0.001
1532,353.2,0.0
1533,353.3,0.0
1534,353.4,0.0
1535,353.5,0.0
1536,353.6,0.0
1537,353.7,0.0
1538,353.8,0.0
1539,353.9,0.0
1540,354.0,0.0
1541,354.1,0.0
1542,354.2,0.0
1543,354.3,0.0
1544,354.4,0.0
1545,354.5,0.0
1546,354.6,0.0
1547,354.7,0.0
1548,354.8,0.0
1549,354.9,0.0
1550,355.0,0.0
1551,355.1,0.0
1552,355.2,0.0
1553,355.3,0.0
1554,355.4,0.0
1555,355.5,0.0
1556,355.6,0.0
1557,355.7,0.0
1558,355.8,0.0
1559,355.9,0.0
1560,356.0,0.0
1561,356.1,0.0
1562,356.2,0.0
1563,356.3,0.0
1564,356.4,0.0
1565,356.5,0.0
1566,356.6,0.0
1567,356.7,0.0
1568,356.8,0.0
1569,356.9,0.0
1570,357.0,0.001
1571,357.1,0.012
1572,357.2,0.146
1573,357.3,1.561
1574,357.4,14.28
1575,357.5,112.0
1576,357.6,753.6
1577,357.7,4349.0
1578,357.8,21530.0
1579,357.9,91430.0
1580,358.0,333100.0
1581,358.1,1042000.0
1582,358.2,2795000.0
1583,358.3,6437000.0
1584,358.4,12729999.999
1585,358.5,21589999.999
1586,358.6,31459999.999
1587,358.7,39349999.999
1588,358.8,42260000.0
1589,358.9,38970000.001
1590,359.0,30860000.001
1591,359.1,20980000.001
1592,359.2,12250000.001
1593,359.3,6144000.0
1594,359.4,2645000.0
1595,359.5,978100.0
1596,359.6,310500.0
1597,359.7,84640.0
1598,359.8,19830.0
1599,359.9,4034.0
1600,360.0,777.6
1601,360.1,230.5
1602,360.2,168.7
1603,360.3,162.8
1604,360.4,143.5
1605,360.5,109.5
1606,360.6,72.49
1607,360.7,43.42
1608,360.8,27.85
1609,360.9,26.31
1610,361.0,36.27
1611,361.1,53.06
1612,361.2,70.08
1613,361.3,80.23
1614,361.4,78.97
1615,361.5,66.72
1616,361.6,48.37
1617,361.7,30.08
1618,361.8,16.05
1619,361.9,7.35
1620,362.0,2.887
1621,362.1,0.973
1622,362.2,0.281
1623,362.3,0.07
1624,362.4,0.015
1625,362.5,0.003
1626,362.6,0.0
1627,362.7,0.0
1628,362.8,0.0
1629,362.9,0.0
1630,363.0,0.0
1631,363.1,0.0
1632,363.2,0.0
1633,363.3,0.0
1634,363.4,0.0
1635,363.5,0.003
1636,363.6,0.027
1637,363.7,0.217
1638,363.8,1.487
1639,363.9,8.799
1640,364.0,45.09
1641,364.1,200.5
1642,364.2,774.9
1643,364.3,2609.0
1644,364.4,7672.0
1645,364.5,19750.0
1646,364.6,44630.0
1647,364.7,88810.0
1648,364.8,156200.0
1649,364.9,244300.0
1650,365.0,342700.0
1651,365.1,437400.0
1652,365.2,517300.0
1653,365.3,578000.0
1654,365.4,616100.0
1655,365.5,623100.0
1656,365.6,586700.0
1657,365.7,502400.0
1658,365.8,383500.0
1659,365.9,257400.0
1660,366.0,150500.0
1661,366.1,76300.0
1662,366.2,33430.0
1663,366.3,12640.0
1664,366.4,4119.0
1665,366.5,1157.0
1666,366.6,279.8
1667,366.7,58.28
1668,366.8,10.45
1669,366.9,1.615
1670,367.0,0.215
1671,367.1,0.025
1672,367.2,0.002
1673,367.3,0.0
1674,367.4,0.0
1675,367.5,0.0
1676,367.6,0.0
1677,367.7,0.0
1678,367.8,0.0
1679,367.9,0.0
1680,368.0,0.0
1681,368.1,0.0
1682,368.2,0.0
1683,368.3,0.0
1684,368.4,0.0
1685,368.5,0.0
1686,368.6,0.0
1687,368.7,0.0
1688,368.8,0.001
1689,368.9,0.014
1690,369.0,0.12
1691,369.1,0.9
1692,369.2,5.812
1693,369.3,32.46
1694,369.4,156.7
1695,369.5,653.6
1696,369.6,2357.0
1697,369.7,7346.0
1698,369.8,19790.0
1699,369.9,46100.0
1700,370.0,92790.0
1701,370.1,161400.0
1702,370.2,242800.0
1703,370.3,315700.0
1704,370.4,354700.0
1705,370.5,344500.0
1706,370.6,289200.0
1707,370.7,209900.0
1708,370.8,131600.0
1709,370.9,71380.0
1710,371.0,33450.0
1711,371.1,13550.0
1712,371.2,4747.0
1713,371.3,1440.0
1714,371.4,379.8
1715,371.5,88.97
1716,371.6,19.94
1717,371.7,5.199
1718,371.8,1.894
1719,371.9,0.849
1720,372.0,0.387
1721,372.1,0.243
1722,372.2,0.705
1723,372.3,3.937
1724,372.4,20.41
1725,372.5,91.99
1726,372.6,359.5
1727,372.7,1219.0
1728,372.8,3584.0
1729,372.9,9162.0
1730,373.0,20390.0
1731,373.1,39670.0
1732,373.2,67910.0
1733,373.3,103300.0
1734,373.4,141700.0
1735,373.5,178600.0
1736,373.6,210400.0
1737,373.7,233700.0
1738,373.8,243900.0
1739,373.9,235400.0
1740,374.0,206500.0
1741,374.1,161800.0
1742,374.2,111900.0
1743,374.3,67830.0
1744,374.4,35860.0
1745,374.5,16490.0
1746,374.6,6583.0
1747,374.7,2281.0
1748,374.8,685.3
1749,374.9,178.5
1750,375.0,40.32
1751,375.1,7.891
1752,375.2,1.339
1753,375.3,0.197
1754,375.4,0.025
1755,375.5,0.003
1756,375.6,0.0
1757,375.7,0.0
1758,375.8,0.0
1759,375.9,0.0
1760,376.0,0.0
1761,376.1,0.0
1762,376.2,0.0
1763,376.3,0.0
1764,376.4,0.0
1765,376.5,0.0
1766,376.6,0.0
1767,376.7,0.0
1768,376.8,0.0
1769,376.9,0.0
1770,377.0,0.0
1771,377.1,0.0
1772,377.2,0.0
1773,377.3,0.0
1774,377.4,0.0
1775,377.5,0.0
1776,377.6,0.0
1777,377.7,0.0
1778,377.8,0.0
1779,377.9,0.0
1780,378.0,0.0
1781,378.1,0.0
1782,378.2,0.0
1783,378.3,0.0
1784,378.4,0.0
1785,378.5,0.0
1786,378.6,0.0
1787,378.7,0.0
1788,378.8,0.0
1789,378.9,0.0
1790,379.0,0.0
1791,379.1,0.0
1792,379.2,0.0
1793,379.3,0.0
1794,379.4,0.0
1795,379.5,0.0
1796,379.6,0.0
1797,379.7,0.0
1798,379.8,0.0
1799,379.9,0.0
1800,380.0,0.0
1801,380.1,0.0
1802,380.2,0.0
1803,380.3,0.0
1804,380.4,0.0
1805,380.5,0.0
1806,380.6,0.0
1807,380.7,0.0
1808,380.8,0.0
1809,380.9,0.0
1810,381.0,0.0
1811,381.1,0.0
1812,381.2,0.0
1813,381.3,0.0
1814,381.4,0.0
1815,381.5,0.0
1816,381.6,0.0
1817,381.7,0.0
1818,381.8,0.0
1819,381.9,0.0
1820,382.0,0.0
1821,382.1,0.0
1822,382.2,0.0
1823,382.3,0.0
1824,382.4,0.0
1825,382.5,0.0
1826,382.6,0.0
1827,382.7,0.0
1828,382.8,0.0
1829,382.9,0.0
1830,383.0,0.0
1831,383.1,0.0
1832,383.2,0.0
1833,383.3,0.0
1834,383.4,0.0
1835,383.5,0.0
1836,383.6,0.0
1837,383.7,0.0
1838,383.8,0.0
1839,383.9,0.0
1840,384.0,0.0
1841,384.1,0.0
1842,384.2,0.0
1843,384.3,0.0
1844,384.4,0.0
1845,384.5,0.0
1846,384.6,0.0
1847,384.7,0.0
1848,384.8,0.0
1849,384.9,0.0
1850,385.0,0.0
1851,385.1,0.002
1852,385.2,0.016
1853,385.3,0.115
1854,385.4,0.726
1855,385.5,4.023
1856,385.6,19.49
1857,385.7,82.62
1858,385.8,306.4
1859,385.9,993.9
1860,386.0,2821.0
1861,386.1,7003.0
1862,386.2,15210.0
1863,386.3,28900.0
1864,386.4,48040.0
1865,386.5,69850.0
1866,386.6,88860.0
1867,386.7,98900.0
1868,386.8,96290.0
1869,386.9,82010.0
1870,387.0,61110.0
1871,387.1,39830.0
1872,387.2,22720.0
1873,387.3,11330.0
1874,387.4,4946.0
1875,387.5,1888.0
1876,387.6,630.8
1877,387.7,184.3
1878,387.8,47.12
1879,387.9,10.54
1880,388.0,2.061
1881,388.1,0.353
1882,388.2,0.053
1883,388.3,0.007
1884,388.4,0.001
1885,388.5,0.0
1886,388.6,0.0
1887,388.7,0.0
1888,388.8,0.0
1889,388.9,0.0
1890,389.0,0.0
1891,389.1,0.0
1892,389.2,0.0
1893,389.3,0.0
1894,389.4,0.0
1895,389.5,0.0
1896,389.6,0.0
1897,389.7,0.0
1898,389.8,0.0
1899,389.9,0.0
1900,390.0,0.0
1901,390.1,0.0
1902,390.2,0.0
1903,390.3,0.0
1904,390.4,0.0
1905,390.5,0.0
1906,390.6,0.0
1907,390.7,0.0
1908,390.8,0.0
1909,390.9,0.0
1910,391.0,0.0
1911,391.1,0.0
1912,391.2,0.0
1913,391.3,0.0
1914,391.4,0.0
1915,391.5,0.0
1916,391.6,0.0
1917,391.7,0.0
1918,391.8,0.0
1919,391.9,0.0
1920,392.0,0.0
1921,392.1,0.0
1922,392.2,0.0
1923,392.3,0.0
1924,392.4,0.0
1925,392.5,0.005
1926,392.6,0.059
1927,392.7,0.648
1928,392.8,6.221
1929,392.9,52.52
1930,393.0,389.8
1931,393.1,2545.0
1932,393.2,14610.0
1933,393.3,73760.0
1934,393.4,327500.0
1935,393.5,1279000.0
1936,393.6,4390999.999
1937,393.7,13259999.998
1938,393.8,35199999.996
1939,393.9,82209999.993
1940,394.0,168799999.988
1941,394.1,304899999.982
1942,394.2,484299999.979
1943,394.3,676399999.98
1944,394.4,830699999.987
1945,394.5,897299999.999
1946,394.6,852400000.011
1947,394.7,712000000.019
1948,394.8,523100000.022
1949,394.9,337900000.019
1950,395.0,192100000.013
1951,395.1,96250000.008
1952,395.2,43510000.004
1953,395.3,21250000.001
1954,395.4,21349999.999
1955,395.5,46039999.995
1956,395.6,110099999.99
1957,395.7,238499999.981
1958,395.8,456599999.97
1959,395.9,769599999.961
1960,396.0,1141999999.958
1961,396.1,1491999999.966
1962,396.2,1716999999.985
1963,396.3,1739000000.01
1964,396.4,1551000000.031
1965,396.5,1217000000.041
1966,396.6,841400000.041
1967,396.7,512000000.032
1968,396.8,274300000.021
1969,396.9,129400000.012
1970,397.0,53730000.006
1971,397.1,19640000.002
1972,397.2,6323000.001
1973,397.3,1792000.0
1974,397.4,447000.0
1975,397.5,98190.0
1976,397.6,18990.0
1977,397.7,3233.0
1978,397.8,484.7
1979,397.9,63.97
1980,398.0,7.443
1981,398.1,0.776
1982,398.2,0.11
1983,398.3,0.205
1984,398.4,1.055
1985,398.5,5.103
1986,398.6,21.91
1987,398.7,83.13
1988,398.8,278.4
1989,398.9,823.3
1990,399.0,2149.0
1991,399.1,4953.0
1992,399.2,10080.0
1993,399.3,18110.0
1994,399.4,28720.0
1995,399.5,40220.0
1996,399.6,49730.0
1997,399.7,54290.0
1998,399.8,52320.0
1999,399.9,44520.0
2000,400.0,33450.0
2001,400.1,22190.0
2002,400.2,13000.0
2003,400.3,6721.0
2004,400.4,3069.0
2005,400.5,1237.0
2006,400.6,440.3
2007,400.7,138.4
2008,400.8,38.39
2009,400.9,9.405
2010,401.0,2.035
2011,401.1,0.392
2012,401.2,0.087
2013,401.3,0.145
2014,401.4,0.759
2015,401.5,3.766
2016,401.6,16.54
2017,401.7,64.2
2018,401.8,220.3
2019,401.9,668.3
2020,402.0,1792.0
2021,402.1,4248.0
2022,402.2,8903.0
2023,402.3,16490.0
2024,402.4,27010.0
2025,402.5,39090.0
2026,402.6,50030.0
2027,402.7,56590.0
2028,402.8,56590.0
2029,402.9,50030.0
2030,403.0,39090.0
2031,403.1,27010.0
2032,403.2,16490.0
2033,403.3,8903.0
2034,403.4,4248.0
2035,403.5,1792.0
2036,403.6,668.3
2037,403.7,220.3
2038,403.8,64.2
2039,403.9,16.54
2040,404.0,3.766
2041,404.1,0.758
2042,404.2,0.135
2043,404.3,0.021
2044,404.4,0.003
2045,404.5,0.0
2046,404.6,0.0
2047,404.7,0.0
2048,404.8,0.0
2049,404.9,0.0
2050,405.0,0.0
2051,405.1,0.0
2052,405.2,0.0
2053,405.3,0.0
2054,405.4,0.0
2055,405.5,0.0
2056,405.6,0.0
2057,405.7,0.0
2058,405.8,0.0
2059,405.9,0.0
2060,406.0,0.0
2061,406.1,0.0
2062,406.2,0.0
2063,406.3,0.0
2064,406.4,0.0
2065,406.5,0.0
2066,406.6,0.0
2067,406.7,0.0
2068,406.8,0.0
2069,406.9,0.0
2070,407.0,0.0
2071,407.1,0.0
2072,407.2,0.0
2073,407.3,0.0
2074,407.4,0.0
2075,407.5,0.0
2076,407.6,0.0
2077,407.7,0.0
2078,407.8,0.001
2079,407.9,0.001
2080,408.0,0.002
2081,408.1,0.003
2082,408.2,0.005
2083,408.3,0.006
2084,408.4,0.006
2085,408.5,0.007
2086,408.6,0.008
2087,408.7,0.009
2088,408.8,0.01
2089,408.9,0.01
2090,409.0,0.01
2091,409.1,0.009
2092,409.2,0.008
2093,409.3,0.005
2094,409.4,0.003
2095,409.5,0.002
2096,409.6,0.001
2097,409.7,0.0
2098,409.8,0.0
2099,409.9,0.0
2100,410.0,0.0
2101,410.1,0.0
2102,410.2,0.0
2103,410.3,0.0
2104,410.4,0.0
2105,410.5,0.0
2106,410.6,0.0
2107,410.7,0.0
2108,410.8,0.0
2109,410.9,0.0
2110,411.0,0.0
2111,411.1,0.0
2112,411.2,0.0
2113,411.3,0.0
2114,411.4,0.0
2115,411.5,0.0
2116,411.6,0.0
2117,411.7,0.0
2118,411.8,0.0
2119,411.9,0.0
2120,412.0,0.0
2121,412.1,0.0
2122,412.2,0.0
2123,412.3,0.0
2124,412.4,0.0
2125,412.5,0.0
2126,412.6,0.0
2127,412.7,0.0
2128,412.8,0.0
2129,412.9,0.0
2130,413.0,0.0
2131,413.1,0.0
2132,413.2,0.0
2133,413.3,0.0
2134,413.4,0.0
2135,413.5,0.0
2136,413.6,0.0
2137,413.7,0.0
2138,413.8,0.0
2139,413.9,0.0
2140,414.0,0.001
2141,414.1,0.005
2142,414.2,0.015
2143,414.3,0.041
2144,414.4,0.099
2145,414.5,0.215
2146,414.6,0.415
2147,414.7,0.715
2148,414.8,1.095
2149,414.9,1.494
2150,415.0,1.815
2151,415.1,1.964
2152,415.2,1.892
2153,415.3,1.624
2154,415.4,1.241
2155,415.5,0.844
2156,415.6,0.512
2157,415.7,0.276
2158,415.8,0.133
2159,415.9,0.057
2160,416.0,0.022
2161,416.1,0.007
2162,416.2,0.002
2163,416.3,0.001
2164,416.4,0.0
2165,416.5,0.0
2166,416.6,0.0
2167,416.7,0.0
2168,416.8,0.0
2169,416.9,0.0
2170,417.0,0.0
2171,417.1,0.0
2172,417.2,0.0
2173,417.3,0.0
2174,417.4,0.0
2175,417.5,0.0
2176,417.6,0.0
2177,417.7,0.0
2178,417.8,0.0
2179,417.9,0.0
2180,418.0,0.0
2181,418.1,0.0
2182,418.2,0.0
2183,418.3,0.0
2184,418.4,0.0
2185,418.5,0.0
2186,418.6,0.0
2187,418.7,0.0
2188,418.8,0.0
2189,418.9,0.0
2190,419.0,0.0
2191,419.1,0.0
2192,419.2,0.0
2193,419.3,0.0
2194,419.4,0.0
2195,419.5,0.0
2196,419.6,0.0
2197,419.7,0.0
2198,419.8,0.0
2199,419.9,0.0
2200,420.0,0.0
2201,420.1,0.0
2202,420.2,0.0
2203,420.3,0.0
2204,420.4,0.0
2205,420.5,0.0
2206,420.6,0.0
2207,420.7,0.0
2208,420.8,0.0
2209,420.9,0.0
2210,421.0,0.001
2211,421.1,0.004
2212,421.2,0.027
2213,421.3,0.154
2214,421.4,0.796
2215,421.5,3.68
2216,421.6,15.25
2217,421.7,56.58
2218,421.8,188.1
2219,421.9,560.2
2220,422.0,1495.0
2221,422.1,3575.0
2222,422.2,7662.0
2223,422.3,14720.0
2224,422.4,25350.0
2225,422.5,39130.0
2226,422.6,54160.0
2227,422.7,67220.0
2228,422.8,74800.0
2229,422.9,74650.0
2230,423.0,66810.0
2231,423.1,53630.0
2232,423.2,38600.0
2233,423.3,24920.0
2234,423.4,14430.0
2235,423.5,7493.0
2236,423.6,3489.0
2237,423.7,1457.0
2238,423.8,545.7
2239,423.9,183.2
2240,424.0,55.16
2241,424.1,14.89
2242,424.2,3.601
2243,424.3,0.781
2244,424.4,0.152
2245,424.5,0.026
2246,424.6,0.004
2247,424.7,0.001
2248,424.8,0.0
2249,424.9,0.0
2250,425.0,0.0
2251,425.1,0.0
2252,425.2,0.0
2253,425.3,0.0
2254,425.4,0.0
2255,425.5,0.0
2256,425.6,0.0
2257,425.7,0.0
2258,425.8,0.0
2259,425.9,0.0
2260,426.0,0.0
2261,426.1,0.0
2262,426.2,0.0
2263,426.3,0.0
2264,426.4,0.0
2265,426.5,0.0
2266,426.6,0.0
2267,426.7,0.0
2268,426.8,0.0
2269,426.9,0.0
2270,427.0,0.0
2271,427.1,0.0
2272,427.2,0.0
2273,427.3,0.0
2274,427.4,0.0
2275,427.5,0.0
2276,427.6,0.0
2277,427.7,0.0
2278,427.8,0.0
2279,427.9,0.0
2280,428.0,0.0
2281,428.1,0.0
2282,428.2,0.0
2283,428.3,0.0
2284,428.4,0.0
2285,428.5,0.0
2286,428.6,0.0
2287,428.7,0.0
2288,428.8,0.0
2289,428.9,0.0
2290,429.0,0.0
2291,429.1,0.0
2292,429.2,0.0
2293,429.3,0.0
2294,429.4,0.0
2295,429.5,0.0
2296,429.6,0.0
2297,429.7,0.0
2298,429.8,0.0
2299,429.9,0.0
2300,430.0,0.0
2301,430.1,0.0
2302,430.2,0.0
2303,430.3,0.0
2304,430.4,0.0
2305,430.5,0.0
2306,430.6,0.0
2307,430.7,0.0
2308,430.8,0.0
2309,430.9,0.0
2310,431.0,0.0
2311,431.1,0.0
2312,431.2,0.0
2313,431.3,0.0
2314,431.4,0.0
2315,431.5,0.0
2316,431.6,0.0
2317,431.7,0.0
2318,431.8,0.0
2319,431.9,0.0
2320,432.0,0.0
2321,432.1,0.0
2322,432.2,0.0
2323,432.3,0.0
2324,432.4,0.0
2325,432.5,0.0
2326,432.6,0.0
2327,432.7,0.0
2328,432.8,0.0
2329,432.9,0.0
2330,433.0,0.001
2331,433.1,0.004
2332,433.2,0.022
2333,433.3,0.12
2334,433.4,0.581
2335,433.5,2.534
2336,433.6,9.95
2337,433.7,35.2
2338,433.8,112.2
2339,433.9,322.1
2340,434.0,833.2
2341,434.1,1942.0
2342,434.2,4077.0
2343,434.3,7713.0
2344,434.4,13150.0
2345,434.5,20190.0
2346,434.6,27930.0
2347,434.7,34820.0
2348,434.8,39100.0
2349,434.9,39570.0
2350,435.0,36080.0
2351,435.1,29630.0
2352,435.2,21930.0
2353,435.3,14620.0
2354,435.4,8784.0
2355,435.5,4753.0
2356,435.6,2317.0
2357,435.7,1018.0
2358,435.8,402.6
2359,435.9,143.5
2360,436.0,46.06
2361,436.1,13.32
2362,436.2,3.473
2363,436.3,0.82
2364,436.4,0.179
2365,436.5,0.041
2366,436.6,0.014
2367,436.7,0.008
2368,436.8,0.006
2369,436.9,0.005
2370,437.0,0.003
2371,437.1,0.002
2372,437.2,0.001
2373,437.3,0.001
2374,437.4,0.0
2375,437.5,0.0
2376,437.6,0.0
2377,437.7,0.0
2378,437.8,0.0
2379,437.9,0.0
2380,438.0,0.0
2381,438.1,0.0
2382,438.2,0.0
2383,438.3,0.0
2384,438.4,0.0
2385,438.5,0.0
2386,438.6,0.0
2387,438.7,0.0
2388,438.8,0.0
2389,438.9,0.0
2390,439.0,0.0
2391,439.1,0.0
2392,439.2,0.0
2393,439.3,0.0
2394,439.4,0.0
2395,439.5,0.0
2396,439.6,0.0
2397,439.7,0.0
2398,439.8,0.0
2399,439.9,0.0
2400,440.0,0.0
2401,440.1,0.0
2402,440.2,0.0
2403,440.3,0.0
2404,440.4,0.0
2405,440.5,0.0
2406,440.6,0.0
2407,440.7,0.0
2408,440.8,0.0
2409,440.9,0.0
2410,441.0,0.0
2411,441.1,0.0
2412,441.2,0.0
2413,441.3,0.0
2414,441.4,0.0
2415,441.5,0.0
2416,441.6,0.0
2417,441.7,0.0
2418,441.8,0.0
2419,441.9,0.0
2420,442.0,0.0
2421,442.1,0.0
2422,442.2,0.0
2423,442.3,0.0
2424,442.4,0.0
2425,442.5,0.0
2426,442.6,0.0
2427,442.7,0.0
2428,442.8,0.0
2429,442.9,0.0
2430,443.0,0.0
2431,443.1,0.0
2432,443.2,0.0
2433,443.3,0.0
2434,443.4,0.0
2435,443.5,0.0
2436,443.6,0.0
2437,443.7,0.0
2438,443.8,0.0
2439,443.9,0.0
2440,444.0,0.0
2441,444.1,0.0
2442,444.2,0.0
2443,444.3,0.0
2444,444.4,0.0
2445,444.5,0.0
2446,444.6,0.0
2447,444.7,0.0
2448,444.8,0.0
2449,444.9,0.0
2450,445.0,0.0
2451,445.1,0.0
2452,445.2,0.0
2453,445.3,0.0
2454,445.4,0.0
2455,445.5,0.0
2456,445.6,0.0
2457,445.7,0.0
2458,445.8,0.0
2459,445.9,0.0
2460,446.0,0.0
2461,446.1,0.0
2462,446.2,0.0
2463,446.3,0.0
2464,446.4,0.0
2465,446.5,0.0
2466,446.6,0.0
2467,446.7,0.0
2468,446.8,0.0
2469,446.9,0.0
2470,447.0,0.0
2471,447.1,0.0
2472,447.2,0.0
2473,447.3,0.0
2474,447.4,0.0
2475,447.5,0.0
2476,447.6,0.0
2477,447.7,0.0
2478,447.8,0.0
2479,447.9,0.0
2480,448.0,0.0
2481,448.1,0.0
2482,448.2,0.0
2483,448.3,0.0
2484,448.4,0.0
2485,448.5,0.0
2486,448.6,0.0
2487,448.7,0.0
2488,448.8,0.0
2489,448.9,0.0
2490,449.0,0.0
2491,449.1,0.0
2492,449.2,0.0
2493,449.3,0.0
2494,449.4,0.0
2495,449.5,0.0
2496,449.6,0.0
2497,449.7,0.0
2498,449.8,0.0
2499,449.9,0.0
2500,450.0,0.001
2501,450.1,0.003
2502,450.2,0.01
2503,450.3,0.031
2504,450.4,0.086
2505,450.5,0.215
2506,450.6,0.485
2507,450.7,0.994
2508,450.8,1.845
2509,450.9,3.104
2510,451.0,4.734
2511,451.1,6.545
2512,451.2,8.203
2513,451.3,9.32
2514,451.4,9.598
2515,451.5,8.961
2516,451.6,7.584
2517,451.7,5.821
2518,451.8,4.056
2519,451.9,2.582
2520,452.0,1.549
2521,452.1,0.996
2522,452.2,0.931
2523,452.3,1.404
2524,452.4,2.528
2525,452.5,4.436
2526,452.6,7.171
2527,452.7,10.55
2528,452.8,14.08
2529,452.9,17.06
2530,453.0,18.75
2531,453.1,18.69
2532,453.2,16.91
2533,453.3,13.88
2534,453.4,10.33
2535,453.5,6.979
2536,453.6,4.276
2537,453.7,2.377
2538,453.8,1.199
2539,453.9,0.549
2540,454.0,0.228
2541,454.1,0.086
2542,454.2,0.029
2543,454.3,0.009
2544,454.4,0.003
2545,454.5,0.001
2546,454.6,0.0
2547,454.7,0.0
2548,454.8,0.0
2549,454.9,0.0
2550,455.0,0.0
2551,455.1,0.0
2552,455.2,0.0
2553,455.3,0.0
2554,455.4,0.0
2555,455.5,0.0
2556,455.6,0.0
2557,455.7,0.0
2558,455.8,0.0
2559,455.9,0.0
2560,456.0,0.0
2561,456.1,0.0
2562,456.2,0.0
2563,456.3,0.0
2564,456.4,0.0
2565,456.5,0.0
2566,456.6,0.0
2567,456.7,0.0
2568,456.8,0.001
2569,456.9,0.007
2570,457.0,0.038
2571,457.1,0.184
2572,457.2,0.813
2573,457.3,3.274
2574,457.4,11.99
2575,457.5,40.02
2576,457.6,121.7
2577,457.7,337.2
2578,457.8,852.5
2579,457.9,1968.0
2580,458.0,4149.0
2581,458.1,8006.0
2582,458.2,14160.0
2583,458.3,22970.0
2584,458.4,34280.0
2585,458.5,47140.0
2586,458.6,59890.0
2587,458.7,70410.0
2588,458.8,76780.0
2589,458.9,77740.0
2590,459.0,73170.0
2591,459.1,64010.0
2592,459.2,52010.0
2593,459.3,39210.0
2594,459.4,27380.0
2595,459.5,17680.0
2596,459.6,10530.0
2597,459.7,5775.0
2598,459.8,2912.0
2599,459.9,1348.0
2600,460.0,571.9
2601,460.1,222.2
2602,460.2,78.96
2603,460.3,25.65
2604,460.4,7.609
2605,460.5,2.061
2606,460.6,0.509
2607,460.7,0.115
2608,460.8,0.024
2609,460.9,0.004
2610,461.0,0.001
2611,461.1,0.0
2612,461.2,0.0
2613,461.3,0.0
2614,461.4,0.0
2615,461.5,0.0
2616,461.6,0.0
2617,461.7,0.0
2618,461.8,0.0
2619,461.9,0.0
2620,462.0,0.0
2621,462.1,0.0
2622,462.2,0.003
2623,462.3,0.016
2624,462.4,0.081
2625,462.5,0.376
2626,462.6,1.591
2627,462.7,6.137
2628,462.8,21.6
2629,462.9,69.36
2630,463.0,203.2
2631,463.1,543.4
2632,463.2,1326.0
2633,463.3,2952.0
2634,463.4,5999.0
2635,463.5,11120.0
2636,463.6,18820.0
2637,463.7,29070.0
2638,463.8,40980.0
2639,463.9,52720.0
2640,464.0,61890.0
2641,464.1,66320.0
2642,464.2,64860.0
2643,464.3,57880.0
2644,464.4,47150.0
2645,464.5,35050.0
2646,464.6,23780.0
2647,464.7,14730.0
2648,464.8,8347.0
2649,464.9,4416.0
2650,465.0,2519.0
2651,465.1,2665.0
2652,465.2,6227.0
2653,465.3,17700.0
2654,465.4,47920.0
2655,465.5,119000.0
2656,465.6,269600.0
2657,465.7,557400.0
2658,465.8,1051000.0
2659,465.9,1808000.0
2660,466.0,2837000.0
2661,466.1,4060000.0
2662,466.2,5300000.0
2663,466.3,6312000.0
2664,466.4,6856000.0
2665,466.5,6793000.0
2666,466.6,6140000.0
2667,466.7,5062000.0
2668,466.8,3807000.0
2669,466.9,2611000.0
2670,467.0,1634000.0
2671,467.1,932700.0
2672,467.2,485600.0
2673,467.3,230600.0
2674,467.4,99900.0
2675,467.5,39480.0
2676,467.6,14230.0
2677,467.7,4679.0
2678,467.8,1403.0
2679,467.9,383.9
2680,468.0,95.79
2681,468.1,21.81
2682,468.2,4.528
2683,468.3,0.858
2684,468.4,0.148
2685,468.5,0.023
2686,468.6,0.003
2687,468.7,0.0
2688,468.8,0.0
2689,468.9,0.0
2690,469.0,0.0
2691,469.1,0.0
2692,469.2,0.0
2693,469.3,0.001
2694,469.4,0.002
2695,469.5,0.003
2696,469.6,0.006
2697,469.7,0.011
2698,469.8,0.017
2699,469.9,0.025
2700,470.0,0.033
2701,470.1,0.04
2702,470.2,0.044
2703,470.3,0.045
2704,470.4,0.041
2705,470.5,0.035
2706,470.6,0.027
2707,470.7,0.019
2708,470.8,0.012
2709,470.9,0.007
2710,471.0,0.004
2711,471.1,0.002
2712,471.2,0.001
2713,471.3,0.0
2714,471.4,0.0
2715,471.5,0.0
2716,471.6,0.0
2717,471.7,0.0
2718,471.8,0.0
2719,471.9,0.0
2720,472.0,0.0
2721,472.1,0.0
2722,472.2,0.0
2723,472.3,0.0
2724,472.4,0.0
2725,472.5,0.0
2726,472.6,0.0
2727,472.7,0.0
2728,472.8,0.0
2729,472.9,0.0
2730,473.0,0.0
2731,473.1,0.0
2732,473.2,0.0
2733,473.3,0.0
2734,473.4,0.0
2735,473.5,0.0
2736,473.6,0.0
2737,473.7,0.0
2738,473.8,0.0
2739,473.9,0.0
2740,474.0,0.0
2741,474.1,0.0
2742,474.2,0.0
2743,474.3,0.0
2744,474.4,0.0
2745,474.5,0.0
2746,474.6,0.0
2747,474.7,0.0
2748,474.8,0.0
2749,474.9,0.0
2750,475.0,0.0
2751,475.1,0.0
2752,475.2,0.0
2753,475.3,0.0
2754,475.4,0.0
2755,475.5,0.0
2756,475.6,0.0
2757,475.7,0.0
2758,475.8,0.0
2759,475.9,0.0
2760,476.0,0.0
2761,476.1,0.0
2762,476.2,0.0
2763,476.3,0.0
2764,476.4,0.0
2765,476.5,0.0
2766,476.6,0.0
2767,476.7,0.0
2768,476.8,0.0
2769,476.9,0.0
2770,477.0,0.0
2771,477.1,0.0
2772,477.2,0.0
2773,477.3,0.0
2774,477.4,0.0
2775,477.5,0.0
2776,477.6,0.0
2777,477.7,0.0
2778,477.8,0.0
2779,477.9,0.0
2780,478.0,0.0
2781,478.1,0.0
2782,478.2,0.0
2783,478.3,0.0
2784,478.4,0.0
2785,478.5,0.0
2786,478.6,0.0
2787,478.7,0.0
2788,478.8,0.0
2789,478.9,0.0
2790,479.0,0.0
2791,479.1,0.0
2792,479.2,0.0
2793,479.3,0.0
2794,479.4,0.0
2795,479.5,0.0
2796,479.6,0.0
2797,479.7,0.0
2798,479.8,0.0
2799,479.9,0.0
2800,480.0,0.0
2801,480.1,0.0
2802,480.2,0.0
2803,480.3,0.0
2804,480.4,0.0
2805,480.5,0.0
2806,480.6,0.0
2807,480.7,0.0
2808,480.8,0.0
2809,480.9,0.0
2810,481.0,0.0
2811,481.1,0.0
2812,481.2,0.0
2813,481.3,0.0
2814,481.4,0.0
2815,481.5,0.0
2816,481.6,0.0
2817,481.7,0.0
2818,481.8,0.0
2819,481.9,0.0
2820,482.0,0.0
2821,482.1,0.0
2822,482.2,0.0
2823,482.3,0.0
2824,482.4,0.0
2825,482.5,0.0
2826,482.6,0.0
2827,482.7,0.0
2828,482.8,0.0
2829,482.9,0.0
2830,483.0,0.0
2831,483.1,0.0
2832,483.2,0.0
2833,483.3,0.0
2834,483.4,0.0
2835,483.5,0.0
2836,483.6,0.0
2837,483.7,0.0
2838,483.8,0.0
2839,483.9,0.0
2840,484.0,0.0
2841,484.1,0.0
2842,484.2,0.0
2843,484.3,0.0
2844,484.4,0.0
2845,484.5,0.0
2846,484.6,0.0
2847,484.7,0.0
2848,484.8,0.0
2849,484.9,0.0
2850,485.0,0.0
2851,485.1,0.0
2852,485.2,0.0
2853,485.3,0.0
2854,485.4,0.0
2855,485.5,0.0
2856,485.6,0.0
2857,485.7,0.0
2858,485.8,0.0
2859,485.9,0.0
2860,486.0,0.0
2861,486.1,0.0
2862,486.2,0.0
2863,486.3,0.0
2864,486.4,0.0
2865,486.5,0.0
2866,486.6,0.0
2867,486.7,0.0
2868,486.8,0.0
2869,486.9,0.0
2870,487.0,0.0
2871,487.1,0.0
2872,487.2,0.0
2873,487.3,0.0
2874,487.4,0.0
2875,487.5,0.0
2876,487.6,0.0
2877,487.7,0.0
2878,487.8,0.0
2879,487.9,0.0
2880,488.0,0.0
2881,488.1,0.0
2882,488.2,0.0
2883,488.3,0.0
2884,488.4,0.0
2885,488.5,0.0
2886,488.6,0.0
2887,488.7,0.0
2888,488.8,0.0
2889,488.9,0.0
2890,489.0,0.0
2891,489.1,0.0
2892,489.2,0.0
2893,489.3,0.0
2894,489.4,0.0
2895,489.5,0.0
2896,489.6,0.001
2897,489.7,0.001
2898,489.8,0.002
2899,489.9,0.004
2900,490.0,0.006
2901,490.1,0.009
2902,490.2,0.013
2903,490.3,0.016
2904,490.4,0.019
2905,490.5,0.021
2906,490.6,0.021
2907,490.7,0.019
2908,490.8,0.016
2909,490.9,0.013
2910,491.0,0.009
2911,491.1,0.006
2912,491.2,0.004
2913,491.3,0.002
2914,491.4,0.001
2915,491.5,0.0
2916,491.6,0.0
2917,491.7,0.0
2918,491.8,0.0
2919,491.9,0.0
2920,492.0,0.0
2921,492.1,0.0
2922,492.2,0.0
2923,492.3,0.0
2924,492.4,0.0
2925,492.5,0.0
2926,492.6,0.0
2927,492.7,0.0
2928,492.8,0.0
2929,492.9,0.0
2930,493.0,0.0
2931,493.1,0.0
2932,493.2,0.0
2933,493.3,0.0
2934,493.4,0.0
2935,493.5,0.0
2936,493.6,0.0
2937,493.7,0.0
2938,493.8,0.0
2939,493.9,0.0
2940,494.0,0.0
2941,494.1,0.0
2942,494.2,0.0
2943,494.3,0.0
2944,494.4,0.0
2945,494.5,0.0
2946,494.6,0.0
2947,494.7,0.0
2948,494.8,0.0
2949,494.9,0.0
2950,495.0,0.0
2951,495.1,0.0
2952,495.2,0.0
2953,495.3,0.0
2954,495.4,0.0
2955,495.5,0.0
2956,495.6,0.0
2957,495.7,0.0
2958,495.8,0.0
2959,495.9,0.0
2960,496.0,0.0
2961,496.1,0.0
2962,496.2,0.0
2963,496.3,0.0
2964,496.4,0.0
2965,496.5,0.0
2966,496.6,0.0
2967,496.7,0.0
2968,496.8,0.0
2969,496.9,0.0
2970,497.0,0.0
2971,497.1,0.0
2972,497.2,0.0
2973,497.3,0.0
2974,497.4,0.0
2975,497.5,0.0
2976,497.6,0.0
2977,497.7,0.0
2978,497.8,0.0
2979,497.9,0.0
2980,498.0,0.0
2981,498.1,0.0
2982,498.2,0.0
2983,498.3,0.0
2984,498.4,0.0
2985,498.5,0.0
2986,498.6,0.0
2987,498.7,0.0
2988,498.8,0.0
2989,498.9,0.0
2990,499.0,0.0
2991,499.1,0.0
2992,499.2,0.0
2993,499.3,0.0
2994,499.4,0.0
2995,499.5,0.0
2996,499.6,0.0
2997,499.7,0.0
2998,499.8,0.0
2999,499.9,0.0
3000,500.0,0.0
3001,500.1,0.0
3002,500.2,0.0
3003,500.3,0.0
3004,500.4,0.0
3005,500.5,0.0
3006,500.6,0.0
3007,500.7,0.0
3008,500.8,0.0
3009,500.9,0.0
3010,501.0,0.0
3011,501.1,0.0
3012,501.2,0.0
3013,501.3,0.0
3014,501.4,0.0
3015,501.5,0.0
3016,501.6,0.0
3017,501.7,0.0
3018,501.8,0.0
3019,501.9,0.0
3020,502.0,0.0
3021,502.1,0.0
3022,502.2,0.0
3023,502.3,0.0
3024,502.4,0.0
3025,502.5,0.0
3026,502.6,0.0
3027,502.7,0.0
3028,502.8,0.0
3029,502.9,0.0
3030,503.0,0.0
3031,503.1,0.0
3032,503.2,0.0
3033,503.3,0.0
3034,503.4,0.0
3035,503.5,0.0
3036,503.6,0.0
3037,503.7,0.0
3038,503.8,0.0
3039,503.9,0.0
3040,504.0,0.0
3041,504.1,0.0
3042,504.2,0.0
3043,504.3,0.0
3044,504.4,0.0
3045,504.5,0.0
3046,504.6,0.0
3047,504.7,0.0
3048,504.8,0.0
3049,504.9,0.0
3050,505.0,0.0
3051,505.1,0.0
3052,505.2,0.0
3053,505.3,0.0
3054,505.4,0.0
3055,505.5,0.0
3056,505.6,0.0
3057,505.7,0.0
3058,505.8,0.0
3059,505.9,0.0
3060,506.0,0.0
3061,506.1,0.0
3062,506.2,0.0
3063,506.3,0.0
3064,506.4,0.0
3065,506.5,0.0
3066,506.6,0.0
3067,506.7,0.0
3068,506.8,0.0
3069,506.9,0.0
3070,507.0,0.0
3071,507.1,0.0
3072,507.2,0.0
3073,507.3,0.0
3074,507.4,0.0
3075,507.5,0.0
3076,507.6,0.0
3077,507.7,0.0
3078,507.8,0.0
3079,507.9,0.0
3080,508.0,0.0
3081,508.1,0.0
3082,508.2,0.0
3083,508.3,0.0
3084,508.4,0.0
3085,508.5,0.0
3086,508.6,0.0
3087,508.7,0.0
3088,508.8,0.0
3089,508.9,0.0
3090,509.0,0.0
3091,509.1,0.0
3092,509.2,0.0
3093,509.3,0.0
3094,509.4,0.0
3095,509.5,0.0
3096,509.6,0.0
3097,509.7,0.0
3098,509.8,0.0
3099,509.9,0.0
3100,510.0,0.0
3101,510.1,0.0
3102,510.2,0.0
3103,510.3,0.0
3104,510.4,0.0
3105,510.5,0.0
3106,510.6,0.0
3107,510.7,0.0
3108,510.8,0.0
3109,510.9,0.0
3110,511.0,0.0
3111,511.1,0.0
3112,511.2,0.0
3113,511.3,0.0
3114,511.4,0.0
3115,511.5,0.0
3116,511.6,0.0
3117,511.7,0.0
3118,511.8,0.0
3119,511.9,0.0
3120,512.0,0.0
3121,512.1,0.0
3122,512.2,0.0
3123,512.3,0.0
3124,512.4,0.001
3125,512.5,0.004
3126,512.6,0.018
3127,512.7,0.081
3128,512.8,0.334
3129,512.9,1.277
3130,513.0,4.534
3131,513.1,14.95
3132,513.2,45.75
3133,513.3,130.0
3134,513.4,343.0
3135,513.5,840.3
3136,513.6,1912.0
3137,513.7,4038.0
3138,513.8,7922.0
3139,513.9,14430.0
3140,514.0,24420.0
3141,514.1,38370.0
3142,514.2,55990.0
3143,514.3,75890.0
3144,514.4,95530.0
3145,514.5,111700.0
3146,514.6,121300.0
3147,514.7,122400.0
3148,514.8,114800.0
3149,514.9,100300.0
3150,515.0,81800.0
3151,515.1,62940.0
3152,515.2,46740.0
3153,515.3,35180.0
3154,515.4,28990.0
3155,515.5,27770.0
3156,515.6,30270.0
3157,515.7,34740.0
3158,515.8,39310.0
3159,515.9,42320.0
3160,516.0,42700.0
3161,516.1,40110.0
3162,516.2,35000.0
3163,516.3,28350.0
3164,516.4,21310.0
3165,516.5,14860.0
3166,516.6,9610.0
3167,516.7,5766.0
3168,516.8,3209.0
3169,516.9,1657.0
3170,517.0,793.4
3171,517.1,352.5
3172,517.2,145.3
3173,517.3,55.53
3174,517.4,19.69
3175,517.5,6.478
3176,517.6,1.977
3177,517.7,0.56
3178,517.8,0.147
3179,517.9,0.036
3180,518.0,0.008
3181,518.1,0.002
3182,518.2,0.0
3183,518.3,0.0
3184,518.4,0.0
3185,518.5,0.0
3186,518.6,0.0
3187,518.7,0.0
3188,518.8,0.0
3189,518.9,0.0
3190,519.0,0.0
3191,519.1,0.0
3192,519.2,0.0
3193,519.3,0.0
3194,519.4,0.0
3195,519.5,0.0
3196,519.6,0.0
3197,519.7,0.0
3198,519.8,0.0
3199,519.9,0.0
3200,520.0,0.0
3201,520.1,0.0
3202,520.2,0.0
3203,520.3,0.0
3204,520.4,0.0
3205,520.5,0.0
3206,520.6,0.0
3207,520.7,0.0
3208,520.8,0.0
3209,520.9,0.0
3210,521.0,0.0
3211,521.1,0.0
3212,521.2,0.0
3213,521.3,0.0
3214,521.4,0.0
3215,521.5,0.0
3216,521.6,0.0
3217,521.7,0.0
3218,521.8,0.0
3219,521.9,0.0
3220,522.0,0.0
3221,522.1,0.0
3222,522.2,0.0
3223,522.3,0.0
3224,522.4,0.0
3225,522.5,0.0
3226,522.6,0.0
3227,522.7,0.0
3228,522.8,0.0
3229,522.9,0.0
3230,523.0,0.0
3231,523.1,0.0
3232,523.2,0.0
3233,523.3,0.0
3234,523.4,0.0
3235,523.5,0.0
3236,523.6,0.0
3237,523.7,0.0
3238,523.8,0.0
3239,523.9,0.0
3240,524.0,0.0
3241,524.1,0.0
3242,524.2,0.0
3243,524.3,0.0
3244,524.4,0.0
3245,524.5,0.0
3246,524.6,0.0
3247,524.7,0.0
3248,524.8,0.0
3249,524.9,0.0
3250,525.0,0.0
3251,525.1,0.0
3252,525.2,0.0
3253,525.3,0.0
3254,525.4,0.0
3255,525.5,0.0
3256,525.6,0.0
3257,525.7,0.0
3258,525.8,0.0
3259,525.9,0.0
3260,526.0,0.0
3261,526.1,0.0
3262,526.2,0.0
3263,526.3,0.0
3264,526.4,0.0
3265,526.5,0.0
3266,526.6,0.0
3267,526.7,0.0
3268,526.8,0.0
3269,526.9,0.0
3270,527.0,0.0
3271,527.1,0.0
3272,527.2,0.0
3273,527.3,0.0
3274,527.4,0.0
3275,527.5,0.0
3276,527.6,0.0
3277,527.7,0.0
3278,527.8,0.0
3279,527.9,0.0
3280,528.0,0.0
3281,528.1,0.0
3282,528.2,0.0
3283,528.3,0.0
3284,528.4,0.0
3285,528.5,0.0
3286,528.6,0.0
3287,528.7,0.0
3288,528.8,0.0
3289,528.9,0.0
3290,529.0,0.0
3291,529.1,0.0
3292,529.2,0.0
3293,529.3,0.0
3294,529.4,0.0
3295,529.5,0.0
3296,529.6,0.0
3297,529.7,0.0
3298,529.8,0.0
3299,529.9,0.0
3300,530.0,0.0
3301,530.1,0.0
3302,530.2,0.0
3303,530.3,0.0
3304,530.4,0.0
3305,530.5,0.0
3306,530.6,0.0
3307,530.7,0.0
3308,530.8,0.0
3309,530.9,0.0
3310,531.0,0.0
3311,531.1,0.0
3312,531.2,0.0
3313,531.3,0.0
3314,531.4,0.0
3315,531.5,0.0
3316,531.6,0.0
3317,531.7,0.0
3318,531.8,0.0
3319,531.9,0.0
3320,532.0,0.0
3321,532.1,0.0
3322,532.2,0.0
3323,532.3,0.0
3324,532.4,0.0
3325,532.5,0.0
3326,532.6,0.0
3327,532.7,0.0
3328,532.8,0.0
3329,532.9,0.0
3330,533.0,0.0
3331,533.1,0.0
3332,533.2,0.0
3333,533.3,0.0
3334,533.4,0.0
3335,533.5,0.0
3336,533.6,0.0
3337,533.7,0.0
3338,533.8,0.0
3339,533.9,0.0
3340,534.0,0.0
3341,534.1,0.0
3342,534.2,0.0
3343,534.3,0.0
3344,534.4,0.0
3345,534.5,0.0
3346,534.6,0.0
3347,534.7,0.0
3348,534.8,0.0
3349,534.9,0.0
3350,535.0,0.0
3351,535.1,0.0
3352,535.2,0.0
3353,535.3,0.0
3354,535.4,0.0
3355,535.5,0.0
3356,535.6,0.0
3357,535.7,0.0
3358,535.8,0.0
3359,535.9,0.0
3360,536.0,0.0
3361,536.1,0.0
3362,536.2,0.0
3363,536.3,0.0
3364,536.4,0.0
3365,536.5,0.0
3366,536.6,0.0
3367,536.7,0.0
3368,536.8,0.0
3369,536.9,0.0
3370,537.0,0.0
3371,537.1,0.0
3372,537.2,0.0
3373,537.3,0.0
3374,537.4,0.0
3375,537.5,0.0
3376,537.6,0.0
3377,537.7,0.0
3378,537.8,0.0
3379,537.9,0.0
3380,538.0,0.0
3381,538.1,0.0
3382,538.2,0.0
3383,538.3,0.0
3384,538.4,0.0
3385,538.5,0.0
3386,538.6,0.0
3387,538.7,0.0
3388,538.8,0.0
3389,538.9,0.0
3390,539.0,0.0
3391,539.1,0.0
3392,539.2,0.0
3393,539.3,0.0
3394,539.4,0.0
3395,539.5,0.0
3396,539.6,0.0
3397,539.7,0.0
3398,539.8,0.0
3399,539.9,0.0
3400,540.0,0.0
3401,540.1,0.0
3402,540.2,0.0
3403,540.3,0.0
3404,540.4,0.0
3405,540.5,0.0
3406,540.6,0.0
3407,540.7,0.0
3408,540.8,0.0
3409,540.9,0.0
3410,541.0,0.0
3411,541.1,0.0
3412,541.2,0.0
3413,541.3,0.0
3414,541.4,0.0
3415,541.5,0.0
3416,541.6,0.0
3417,541.7,0.0
3418,541.8,0.0
3419,541.9,0.0
3420,542.0,0.0
3421,542.1,0.0
3422,542.2,0.0
3423,542.3,0.0
3424,542.4,0.0
3425,542.5,0.0
3426,542.6,0.0
3427,542.7,0.0
3428,542.8,0.0
3429,542.9,0.0
3430,543.0,0.0
3431,543.1,0.0
3432,543.2,0.0
3433,543.3,0.0
3434,543.4,0.0
3435,543.5,0.0
3436,543.6,0.0
3437,543.7,0.0
3438,543.8,0.0
3439,543.9,0.0
3440,544.0,0.0
3441,544.1,0.0
3442,544.2,0.0
3443,544.3,0.0
3444,544.4,0.0
3445,544.5,0.0
3446,544.6,0.0
3447,544.7,0.0
3448,544.8,0.0
3449,544.9,0.0
3450,545.0,0.0
3451,545.1,0.0
3452,545.2,0.0
3453,545.3,0.0
3454,545.4,0.0
3455,545.5,0.0
3456,545.6,0.0
3457,545.7,0.0
3458,545.8,0.0
3459,545.9,0.0
3460,546.0,0.0
3461,546.1,0.0
3462,546.2,0.0
3463,546.3,0.0
3464,546.4,0.0
3465,546.5,0.0
3466,546.6,0.0
3467,546.7,0.0
3468,546.8,0.0
3469,546.9,0.0
3470,547.0,0.0
3471,547.1,0.0
3472,547.2,0.0
3473,547.3,0.0
3474,547.4,0.0
3475,547.5,0.0
3476,547.6,0.0
3477,547.7,0.0
3478,547.8,0.0
3479,547.9,0.0
3480,548.0,0.0
3481,548.1,0.0
3482,548.2,0.0
3483,548.3,0.0
3484,548.4,0.0
3485,548.5,0.0
3486,548.6,0.0
3487,548.7,0.0
3488,548.8,0.0
3489,548.9,0.0
3490,549.0,0.0
3491,549.1,0.0
3492,549.2,0.0
3493,549.3,0.0
3494,549.4,0.0
3495,549.5,0.0
3496,549.6,0.0
3497,549.7,0.0
3498,549.8,0.0
3499,549.9,0.0
3500,550.0,0.0
3501,550.1,0.0
3502,550.2,0.0
3503,550.3,0.0
3504,550.4,0.0
3505,550.5,0.0
3506,550.6,0.0
3507,550.7,0.0
3508,550.8,0.0
3509,550.9,0.0
3510,551.0,0.0
3511,551.1,0.0
3512,551.2,0.0
3513,551.3,0.0
3514,551.4,0.0
3515,551.5,0.0
3516,551.6,0.0
3517,551.7,0.0
3518,551.8,0.0
3519,551.9,0.0
3520,552.0,0.0
3521,552.1,0.0
3522,552.2,0.0
3523,552.3,0.0
3524,552.4,0.0
3525,552.5,0.0
3526,552.6,0.0
3527,552.7,0.0
3528,552.8,0.0
3529,552.9,0.0
3530,553.0,0.0
3531,553.1,0.0
3532,553.2,0.0
3533,553.3,0.0
3534,553.4,0.0
3535,553.5,0.0
3536,553.6,0.0
3537,553.7,0.0
3538,553.8,0.0
3539,553.9,0.0
3540,554.0,0.0
3541,554.1,0.0
3542,554.2,0.0
3543,554.3,0.0
3544,554.4,0.0
3545,554.5,0.0
3546,554.6,0.0
3547,554.7,0.0
3548,554.8,0.0
3549,554.9,0.0
3550,555.0,0.0
3551,555.1,0.0
3552,555.2,0.0
3553,555.3,0.0
3554,555.4,0.0
3555,555.5,0.0
3556,555.6,0.0
3557,555.7,0.0
3558,555.8,0.0
3559,555.9,0.0
3560,556.0,0.0
3561,556.1,0.0
3562,556.2,0.0
3563,556.3,0.0
3564,556.4,0.0
3565,556.5,0.0
3566,556.6,0.0
3567,556.7,0.0
3568,556.8,0.0
3569,556.9,0.001
3570,557.0,0.003
3571,557.1,0.017
3572,557.2,0.074
3573,557.3,0.308
3574,557.4,1.21
3575,557.5,4.455
3576,557.6,15.39
3577,557.7,49.85
3578,557.8,151.5
3579,557.9,432.1
3580,558.0,1156.0
3581,558.1,2901.0
3582,558.2,6829.0
3583,558.3,15080.0
3584,558.4,31240.0
3585,558.5,60720.0
3586,558.6,110700.0
3587,558.7,189300.0
3588,558.8,303800.0
3589,558.9,457300.0
3590,559.0,645700.0
3591,559.1,855300.0
3592,559.2,1063000.0
3593,559.3,1239000.0
3594,559.4,1355000.0
3595,559.5,1390000.0
3596,559.6,1338000.0
3597,559.7,1208000.0
3598,559.8,1023000.0
3599,559.9,812700.0
3600,560.0,605700.0
3601,560.1,423500.0
3602,560.2,277800.0
3603,560.3,171000.0
3604,560.4,98860.0
3605,560.5,53790.0
3606,560.6,27780.0
3607,560.7,14020.0
3608,560.8,7521.0
3609,560.9,5034.0
3610,561.0,4628.0
3611,561.1,5209.0
3612,561.2,6148.0
3613,561.3,7056.0
3614,561.4,7680.0
3615,561.5,7869.0
3616,561.6,7573.0
3617,561.7,6841.0
3618,561.8,5801.0
3619,561.9,4616.0
3620,562.0,3448.0
3621,562.1,2417.0
3622,562.2,1590.0
3623,562.3,981.9
3624,562.4,569.0
3625,562.5,309.5
3626,562.6,158.0
3627,562.7,75.68
3628,562.8,34.03
3629,562.9,14.36
3630,563.0,5.687
3631,563.1,2.114
3632,563.2,0.738
3633,563.3,0.242
3634,563.4,0.074
3635,563.5,0.021
3636,563.6,0.006
3637,563.7,0.001
3638,563.8,0.0
3639,563.9,0.0
3640,564.0,0.0
3641,564.1,0.0
3642,564.2,0.0
3643,564.3,0.0
3644,564.4,0.0
3645,564.5,0.0
3646,564.6,0.0
3647,564.7,0.0
3648,564.8,0.0
3649,564.9,0.0
3650,565.0,0.0
3651,565.1,0.0
3652,565.2,0.0
3653,565.3,0.0
3654,565.4,0.0
3655,565.5,0.0
3656,565.6,0.0
3657,565.7,0.0
3658,565.8,0.0
3659,565.9,0.0
3660,566.0,0.0
3661,566.1,0.0
3662,566.2,0.0
3663,566.3,0.0
3664,566.4,0.0
3665,566.5,0.0
3666,566.6,0.0
3667,566.7,0.0
3668,566.8,0.0
3669,566.9,0.0
3670,567.0,0.0
3671,567.1,0.0
3672,567.2,0.0
3673,567.3,0.0
3674,567.4,0.0
3675,567.5,0.0
3676,567.6,0.0
3677,567.7,0.0
3678,567.8,0.0
3679,567.9,0.0
3680,568.0,0.001
3681,568.1,0.004
3682,568.2,0.012
3683,568.3,0.032
3684,568.4,0.079
3685,568.5,0.183
3686,568.6,0.399
3687,568.7,0.821
3688,568.8,1.587
3689,568.9,2.884
3690,569.0,4.929
3691,569.1,7.92
3692,569.2,11.97
3693,569.3,17.0
3694,569.4,22.71
3695,569.5,28.52
3696,569.6,33.68
3697,569.7,37.4
3698,569.8,39.05
3699,569.9,38.33
3700,570.0,35.38
3701,570.1,30.71
3702,570.2,25.06
3703,570.3,19.23
3704,570.4,13.87
3705,570.5,9.411
3706,570.6,6.003
3707,570.7,3.602
3708,570.8,2.036
3709,570.9,1.092
3710,571.0,0.574
3711,571.1,0.339
3712,571.2,0.302
3713,571.3,0.438
3714,571.4,0.775
3715,571.5,1.384
3716,571.6,2.359
3717,571.7,3.795
3718,571.8,5.747
3719,571.9,8.187
3720,572.0,10.97
3721,572.1,13.84
3722,572.2,16.42
3723,572.3,18.32
3724,572.4,19.24
3725,572.5,19.01
3726,572.6,17.67
3727,572.7,15.45
3728,572.8,12.71
3729,572.9,9.832
3730,573.0,7.159
3731,573.1,4.903
3732,573.2,3.16
3733,573.3,1.915
3734,573.4,1.092
3735,573.5,0.586
3736,573.6,0.296
3737,573.7,0.141
3738,573.8,0.063
3739,573.9,0.026
3740,574.0,0.01
3741,574.1,0.004
3742,574.2,0.001
3743,574.3,0.0
3744,574.4,0.0
3745,574.5,0.0
3746,574.6,0.0
3747,574.7,0.0
3748,574.8,0.0
3749,574.9,0.0
3750,575.0,0.0
3751,575.1,0.0
3752,575.2,0.0
3753,575.3,0.0
3754,575.4,0.0
3755,575.5,0.0
3756,575.6,0.0
3757,575.7,0.0
3758,575.8,0.0
3759,575.9,0.0
3760,576.0,0.0
3761,576.1,0.0
3762,576.2,0.0
3763,576.3,0.0
3764,576.4,0.0
3765,576.5,0.0
3766,576.6,0.0
3767,576.7,0.0
3768,576.8,0.0
3769,576.9,0.0
3770,577.0,0.0
3771,577.1,0.0
3772,577.2,0.0
3773,577.3,0.0
3774,577.4,0.0
3775,577.5,0.0
3776,577.6,0.0
3777,577.7,0.0
3778,577.8,0.0
3779,577.9,0.0
3780,578.0,0.0
3781,578.1,0.0
3782,578.2,0.0
3783,578.3,0.0
3784,578.4,0.0
3785,578.5,0.0
3786,578.6,0.0
3787,578.7,0.0
3788,578.8,0.0
3789,578.9,0.0
3790,579.0,0.0
3791,579.1,0.0
3792,579.2,0.0
3793,579.3,0.0
3794,579.4,0.0
3795,579.5,0.0
3796,579.6,0.0
3797,579.7,0.0
3798,579.8,0.0
3799,579.9,0.0
3800,580.0,0.0
3801,580.1,0.0
3802,580.2,0.0
3803,580.3,0.0
3804,580.4,0.0
3805,580.5,0.0
3806,580.6,0.0
3807,580.7,0.0
3808,580.8,0.0
3809,580.9,0.0
3810,581.0,0.0
3811,581.1,0.0
3812,581.2,0.0
3813,581.3,0.0
3814,581.4,0.0
3815,581.5,0.0
3816,581.6,0.0
3817,581.7,0.0
3818,581.8,0.0
3819,581.9,0.0
3820,582.0,0.0
3821,582.1,0.0
3822,582.2,0.0
3823,582.3,0.0
3824,582.4,0.0
3825,582.5,0.0
3826,582.6,0.0
3827,582.7,0.0
3828,582.8,0.0
3829,582.9,0.0
3830,583.0,0.0
3831,583.1,0.002
3832,583.2,0.007
3833,583.3,0.025
3834,583.4,0.091
3835,583.5,0.307
3836,583.6,0.979
3837,583.7,2.949
3838,583.8,8.377
3839,583.9,22.45
3840,584.0,56.76
3841,584.1,135.4
3842,584.2,304.6
3843,584.3,646.6
3844,584.4,1295.0
3845,584.5,2446.0
3846,584.6,4360.0
3847,584.7,7333.0
3848,584.8,11640.0
3849,584.9,17450.0
3850,585.0,24690.0
3851,585.1,33030.0
3852,585.2,41810.0
3853,585.3,50160.0
3854,585.4,57180.0
3855,585.5,62190.0
3856,585.6,64910.0
3857,585.7,65520.0
3858,585.8,64620.0
3859,585.9,62950.0
3860,586.0,61210.0
3861,586.1,59800.0
3862,586.2,58780.0
3863,586.3,57950.0
3864,586.4,56970.0
3865,586.5,55530.0
3866,586.6,53420.0
3867,586.7,50560.0
3868,586.8,46940.0
3869,586.9,42630.0
3870,587.0,37720.0
3871,587.1,32380.0
3872,587.2,26840.0
3873,587.3,21380.0
3874,587.4,16300.0
3875,587.5,11850.0
3876,587.6,8200.0
3877,587.7,5383.0
3878,587.8,3349.0
3879,587.9,1972.0
3880,588.0,1098.0
3881,588.1,577.6
3882,588.2,287.1
3883,588.3,134.7
3884,588.4,59.7
3885,588.5,24.97
3886,588.6,9.857
3887,588.7,3.673
3888,588.8,1.291
3889,588.9,0.429
3890,589.0,0.134
3891,589.1,0.04
3892,589.2,0.011
3893,589.3,0.003
3894,589.4,0.001
3895,589.5,0.0
3896,589.6,0.0
3897,589.7,0.0
3898,589.8,0.0
3899,589.9,0.0
3900,590.0,0.0
3901,590.1,0.0
3902,590.2,0.0
3903,590.3,0.0
3904,590.4,0.0
3905,590.5,0.0
3906,590.6,0.0
3907,590.7,0.0
3908,590.8,0.0
3909,590.9,0.0
3910,591.0,0.0
3911,591.1,0.0
3912,591.2,0.0
3913,591.3,0.0
3914,591.4,0.0
3915,591.5,0.0
3916,591.6,0.0
3917,591.7,0.0
3918,591.8,0.0
3919,591.9,0.0
3920,592.0,0.0
3921,592.1,0.0
3922,592.2,0.0
3923,592.3,0.0
3924,592.4,0.0
3925,592.5,0.0
3926,592.6,0.0
3927,592.7,0.0
3928,592.8,0.0
3929,592.9,0.0
3930,593.0,0.0
3931,593.1,0.0
3932,593.2,0.0
3933,593.3,0.0
3934,593.4,0.0
3935,593.5,0.0
3936,593.6,0.0
3937,593.7,0.0
3938,593.8,0.0
3939,593.9,0.0
3940,594.0,0.0
3941,594.1,0.0
3942,594.2,0.0
3943,594.3,0.0
3944,594.4,0.0
3945,594.5,0.0
3946,594.6,0.0
3947,594.7,0.0
3948,594.8,0.0
3949,594.9,0.0
3950,595.0,0.001
3951,595.1,0.005
3952,595.2,0.018
3953,595.3,0.058
3954,595.4,0.177
3955,595.5,0.518
3956,595.6,1.428
3957,595.7,3.722
3958,595.8,9.177
3959,595.9,21.39
3960,596.0,47.15
3961,596.1,98.25
3962,596.2,193.6
3963,596.3,360.6
3964,596.4,635.2
3965,596.5,1058.0
3966,596.6,1666.0
3967,596.7,2480.0
3968,596.8,3490.0
3969,596.9,4645.0
3970,597.0,5845.0
3971,597.1,6954.0
3972,597.2,7823.0
3973,597.3,8321.0
3974,597.4,8367.0
3975,597.5,7956.0
3976,597.6,7152.0
3977,597.7,6079.0
3978,597.8,4886.0
3979,597.9,3712.0
3980,598.0,2667.0
3981,598.1,1812.0
3982,598.2,1164.0
3983,598.3,706.6
3984,598.4,405.7
3985,598.5,220.2
3986,598.6,113.0
3987,598.7,54.89
3988,598.8,25.27
3989,598.9,11.23
3990,599.0,5.354
3991,599.1,4.059
3992,599.2,6.462
3993,599.3,14.05
3994,599.4,31.12
3995,599.5,65.98
3996,599.6,132.6
3997,599.7,252.1
3998,599.8,453.6
3999,599.9,772.1
4000,600.0,1243.0
4001,600.1,1894.0
4002,600.2,2731.0
4003,600.3,3724.0
4004,600.4,4805.0
4005,600.5,5866.0
4006,600.6,6775.0
4007,600.7,7403.0
4008,600.8,7653.0
4009,600.9,7485.0
4010,601.0,6927.0
4011,601.1,6064.0
4012,601.2,5023.0
4013,601.3,3936.0
4014,601.4,2918.0
4015,601.5,2047.0
4016,601.6,1359.0
4017,601.7,853.0
4018,601.8,506.7
4019,601.9,284.8
4020,602.0,151.4
4021,602.1,76.18
4022,602.2,36.26
4023,602.3,16.33
4024,602.4,6.955
4025,602.5,2.803
4026,602.6,1.069
4027,602.7,0.386
4028,602.8,0.132
4029,602.9,0.043
4030,603.0,0.013
4031,603.1,0.004
4032,603.2,0.001
4033,603.3,0.0
4034,603.4,0.0
4035,603.5,0.0
4036,603.6,0.0
4037,603.7,0.0
4038,603.8,0.0
4039,603.9,0.0
4040,604.0,0.0
4041,604.1,0.0
4042,604.2,0.0
4043,604.3,0.0
4044,604.4,0.0
4045,604.5,0.0
4046,604.6,0.0
4047,604.7,0.0
4048,604.8,0.0
4049,604.9,0.0
4050,605.0,0.0
4051,605.1,0.001
4052,605.2,0.001
4053,605.3,0.001
4054,605.4,0.001
4055,605.5,0.002
4056,605.6,0.002
4057,605.7,0.002
4058,605.8,0.002
4059,605.9,0.002
4060,606.0,0.002
4061,606.1,0.002
4062,606.2,0.002
4063,606.3,0.001
4064,606.4,0.001
4065,606.5,0.001
4066,606.6,0.001
4067,606.7,0.0
4068,606.8,0.0
4069,606.9,0.0
4070,607.0,0.0
4071,607.1,0.0
4072,607.2,0.0
4073,607.3,0.0
4074,607.4,0.0
4075,607.5,0.0
4076,607.6,0.0
4077,607.7,0.0
4078,607.8,0.0
4079,607.9,0.0
4080,608.0,0.0
4081,608.1,0.0
4082,608.2,0.0
4083,608.3,0.0
4084,608.4,0.0
4085,608.5,0.0
4086,608.6,0.0
4087,608.7,0.0
4088,608.8,0.0
4089,608.9,0.0
4090,609.0,0.0
4091,609.1,0.0
4092,609.2,0.0
4093,609.3,0.0
4094,609.4,0.0
4095,609.5,0.0
4096,609.6,0.0
4097,609.7,0.0
4098,609.8,0.0
4099,609.9,0.0
4100,610.0,0.0
4101,610.1,0.0
4102,610.2,0.0
4103,610.3,0.0
4104,610.4,0.0
4105,610.5,0.0
4106,610.6,0.0
4107,610.7,0.0
4108,610.8,0.0
4109,610.9,0.0
4110,611.0,0.0
4111,611.1,0.0
4112,611.2,0.0
4113,611.3,0.0
4114,611.4,0.0
4115,611.5,0.0
4116,611.6,0.0
4117,611.7,0.0
4118,611.8,0.0
4119,611.9,0.0
4120,612.0,0.0
4121,612.1,0.0
4122,612.2,0.0
4123,612.3,0.0
4124,612.4,0.0
4125,612.5,0.0
4126,612.6,0.0
4127,612.7,0.0
4128,612.8,0.0
4129,612.9,0.0
4130,613.0,0.0
4131,613.1,0.0
4132,613.2,0.0
4133,613.3,0.0
4134,613.4,0.0
4135,613.5,0.0
4136,613.6,0.0
4137,613.7,0.0
4138,613.8,0.0
4139,613.9,0.0
4140,614.0,0.0
4141,614.1,0.0
4142,614.2,0.0
4143,614.3,0.0
4144,614.4,0.0
4145,614.5,0.0
4146,614.6,0.0
4147,614.7,0.0
4148,614.8,0.0
4149,614.9,0.0
4150,615.0,0.0
4151,615.1,0.0
4152,615.2,0.0
4153,615.3,0.0
4154,615.4,0.0
4155,615.5,0.0
4156,615.6,0.0
4157,615.7,0.001
4158,615.8,0.006
4159,615.9,0.022
4160,616.0,0.077
4161,616.1,0.259
4162,616.2,0.827
4163,616.3,2.513
4164,616.4,7.251
4165,616.5,19.88
4166,616.6,51.78
4167,616.7,128.1
4168,616.8,301.3
4169,616.9,673.1
4170,617.0,1429.0
4171,617.1,2883.0
4172,617.2,5528.0
4173,617.3,10070.0
4174,617.4,17450.0
4175,617.5,28720.0
4176,617.6,44930.0
4177,617.7,66810.0
4178,617.8,94440.0
4179,617.9,126900.0
4180,618.0,162100.0
4181,618.1,196800.0
4182,618.2,227200.0
4183,618.3,249300.0
4184,618.4,260100.0
4185,618.5,257900.0
4186,618.6,243200.0
4187,618.7,218000.0
4188,618.8,185900.0
4189,618.9,150900.0
4190,619.0,116800.0
4191,619.1,86630.0
4192,619.2,62440.0
4193,619.3,45070.0
4194,619.4,34580.0
4195,619.5,30480.0
4196,619.6,31950.0
4197,619.7,37970.0
4198,619.8,47330.0
4199,619.9,58610.0
4200,620.0,70200.0
4201,620.1,80410.0
4202,620.2,87680.0
4203,620.3,90870.0
4204,620.4,89440.0
4205,620.5,83590.0
4206,620.6,74170.0
4207,620.7,62490.0
4208,620.8,49990.0
4209,620.9,38000.0
4210,621.0,27520.0
4211,621.1,19150.0
4212,621.2,13180.0
4213,621.3,9776.0
4214,621.4,9211.0
4215,621.5,12140.0
4216,621.6,19880.0
4217,621.7,34600.0
4218,621.8,59440.0
4219,621.9,98500.0
4220,622.0,156600.0
4221,622.1,238600.0
4222,622.2,349200.0
4223,622.3,491900.0
4224,622.4,668100.0
4225,622.5,876900.0
4226,622.6,1114000.0
4227,622.7,1372000.0
4228,622.8,1638000.0
4229,622.9,1895000.0
4230,623.0,2125000.0
4231,623.1,2305000.0
4232,623.2,2420000.0
4233,623.3,2461000.0
4234,623.4,2433000.0
4235,623.5,2354000.0
4236,623.6,2258000.0
4237,623.7,2185000.0
4238,623.8,2173000.0
4239,623.9,2248000.0
4240,624.0,2416000.0
4241,624.1,2657000.0
4242,624.2,2931000.0
4243,624.3,3181000.0
4244,624.4,3351000.0
4245,624.5,3396000.0
4246,624.6,3292000.0
4247,624.7,3044000.0
4248,624.8,2681000.0
4249,624.9,2245000.0
4250,625.0,1787000.0
4251,625.1,1352000.0
4252,625.2,972300.0
4253,625.3,664200.0
4254,625.4,431100.0
4255,625.5,265800.0
4256,625.6,155700.0
4257,625.7,86660.0
4258,625.8,45820.0
4259,625.9,23020.0
4260,626.0,10980.0
4261,626.1,4979.0
4262,626.2,2145.0
4263,626.3,877.5
4264,626.4,341.1
4265,626.5,126.0
4266,626.6,44.19
4267,626.7,14.73
4268,626.8,4.664
4269,626.9,1.403
4270,627.0,0.401
4271,627.1,0.109
4272,627.2,0.028
4273,627.3,0.007
4274,627.4,0.002
4275,627.5,0.0
4276,627.6,0.0
4277,627.7,0.0
4278,627.8,0.0
4279,627.9,0.0
4280,628.0,0.0
4281,628.1,0.0
4282,628.2,0.0
4283,628.3,0.0
4284,628.4,0.0
4285,628.5,0.0
4286,628.6,0.0
4287,628.7,0.0
4288,628.8,0.0
4289,628.9,0.0
4290,629.0,0.0
4291,629.1,0.0
4292,629.2,0.0
4293,629.3,0.0
4294,629.4,0.0
4295,629.5,0.0
4296,629.6,0.0
4297,629.7,0.0
4298,629.8,0.001
4299,629.9,0.001
4300,630.0,0.001
4301,630.1,0.001
4302,630.2,0.001
4303,630.3,0.001
4304,630.4,0.001
4305,630.5,0.001
4306,630.6,0.001
4307,630.7,0.001
4308,630.8,0.001
4309,630.9,0.001
4310,631.0,0.001
4311,631.1,0.003
4312,631.2,0.009
4313,631.3,0.031
4314,631.4,0.1
4315,631.5,0.316
4316,631.6,0.944
4317,631.7,2.685
4318,631.8,7.27
4319,631.9,18.72
4320,632.0,45.89
4321,632.1,107.0
4322,632.2,237.3
4323,632.3,500.9
4324,632.4,1006.0
4325,632.5,1922.0
4326,632.6,3493.0
4327,632.7,6041.0
4328,632.8,9939.0
4329,632.9,15560.0
4330,633.0,23170.0
4331,633.1,32840.0
4332,633.2,44270.0
4333,633.3,56790.0
4334,633.4,69310.0
4335,633.5,80470.0
4336,633.6,88900.0
4337,633.7,93440.0
4338,633.8,93440.0
4339,633.9,88900.0
4340,634.0,80470.0
4341,634.1,69310.0
4342,634.2,56790.0
4343,634.3,44270.0
4344,634.4,32840.0
4345,634.5,23170.0
4346,634.6,15560.0
4347,634.7,9939.0
4348,634.8,6041.0
4349,634.9,3493.0
4350,635.0,1922.0
4351,635.1,1006.0
4352,635.2,500.9
4353,635.3,237.3
4354,635.4,107.0
4355,635.5,45.89
4356,635.6,18.72
4357,635.7,7.27
4358,635.8,2.685
4359,635.9,0.944
4360,636.0,0.316
4361,636.1,0.1
4362,636.2,0.03
4363,636.3,0.009
4364,636.4,0.002
4365,636.5,0.001
4366,636.6,0.0
4367,636.7,0.0
4368,636.8,0.0
4369,636.9,0.0
4370,637.0,0.0
4371,637.1,0.0
4372,637.2,0.0
4373,637.3,0.0
4374,637.4,0.0
4375,637.5,0.0
4376,637.6,0.0
4377,637.7,0.0
4378,637.8,0.0
4379,637.9,0.0
4380,638.0,0.0
4381,638.1,0.0
4382,638.2,0.0
4383,638.3,0.0
4384,638.4,0.0
4385,638.5,0.0
4386,638.6,0.0
4387,638.7,0.0
4388,638.8,0.0
4389,638.9,0.0
4390,639.0,0.0
4391,639.1,0.0
4392,639.2,0.0
4393,639.3,0.0
4394,639.4,0.0
4395,639.5,0.0
4396,639.6,0.0
4397,639.7,0.0
4398,639.8,0.0
4399,639.9,0.0
4400,640.0,0.0
4401,640.1,0.0
4402,640.2,0.0
4403,640.3,0.0
4404,640.4,0.0
4405,640.5,0.0
4406,640.6,0.0
4407,640.7,0.0
4408,640.8,0.0
4409,640.9,0.0
4410,641.0,0.0
4411,641.1,0.0
4412,641.2,0.0
4413,641.3,0.0
4414,641.4,0.0
4415,641.5,0.0
4416,641.6,0.0
4417,641.7,0.0
4418,641.8,0.0
4419,641.9,0.0
4420,642.0,0.0
4421,642.1,0.0
4422,642.2,0.0
4423,642.3,0.0
4424,642.4,0.0
4425,642.5,0.0
4426,642.6,0.0
4427,642.7,0.0
4428,642.8,0.0
4429,642.9,0.0
4430,643.0,0.0
4431,643.1,0.0
4432,643.2,0.0
4433,643.3,0.0
4434,643.4,0.0
4435,643.5,0.0
4436,643.6,0.0
4437,643.7,0.0
4438,643.8,0.0
4439,643.9,0.0
4440,644.0,0.0
4441,644.1,0.0
4442,644.2,0.0
4443,644.3,0.0
4444,644.4,0.0
4445,644.5,0.0
4446,644.6,0.0
4447,644.7,0.0
4448,644.8,0.0
4449,644.9,0.0
4450,645.0,0.0
4451,645.1,0.0
4452,645.2,0.0
4453,645.3,0.0
4454,645.4,0.0
4455,645.5,0.0
4456,645.6,0.0
4457,645.7,0.0
4458,645.8,0.0
4459,645.9,0.0
4460,646.0,0.0
4461,646.1,0.0
4462,646.2,0.0
4463,646.3,0.0
4464,646.4,0.0
4465,646.5,0.0
4466,646.6,0.0
4467,646.7,0.0
4468,646.8,0.0
4469,646.9,0.0
4470,647.0,0.0
4471,647.1,0.0
4472,647.2,0.0
4473,647.3,0.0
4474,647.4,0.0
4475,647.5,0.0
4476,647.6,0.0
4477,647.7,0.0
4478,647.8,0.0
4479,647.9,0.0
4480,648.0,0.0
4481,648.1,0.0
4482,648.2,0.0
4483,648.3,0.0
4484,648.4,0.0
4485,648.5,0.0
4486,648.6,0.0
4487,648.7,0.0
4488,648.8,0.0
4489,648.9,0.0
4490,649.0,0.0
4491,649.1,0.0
4492,649.2,0.0
4493,649.3,0.0
4494,649.4,0.0
4495,649.5,0.0
4496,649.6,0.0
4497,649.7,0.0
4498,649.8,0.0
4499,649.9,0.0
4500,650.0,0.0
4501,650.1,0.0
4502,650.2,0.0
4503,650.3,0.0
4504,650.4,0.0
4505,650.5,0.0
4506,650.6,0.0
4507,650.7,0.0
4508,650.8,0.0
4509,650.9,0.0
4510,651.0,0.0
4511,651.1,0.0
4512,651.2,0.0
4513,651.3,0.0
4514,651.4,0.0
4515,651.5,0.0
4516,651.6,0.0
4517,651.7,0.0
4518,651.8,0.0
4519,651.9,0.0
4520,652.0,0.0
4521,652.1,0.0
4522,652.2,0.0
4523,652.3,0.0
4524,652.4,0.0
4525,652.5,0.0
4526,652.6,0.0
4527,652.7,0.0
4528,652.8,0.0
4529,652.9,0.0
4530,653.0,0.0
4531,653.1,0.0
4532,653.2,0.0
4533,653.3,0.0
4534,653.4,0.0
4535,653.5,0.0
4536,653.6,0.0
4537,653.7,0.0
4538,653.8,0.0
4539,653.9,0.0
4540,654.0,0.0
4541,654.1,0.0
4542,654.2,0.0
4543,654.3,0.0
4544,654.4,0.0
4545,654.5,0.0
4546,654.6,0.0
4547,654.7,0.0
4548,654.8,0.0
4549,654.9,0.0
4550,655.0,0.0
4551,655.1,0.0
4552,655.2,0.0
4553,655.3,0.0
4554,655.4,0.0
4555,655.5,0.0
4556,655.6,0.0
4557,655.7,0.0
4558,655.8,0.0
4559,655.9,0.0
4560,656.0,0.0
4561,656.1,0.0
4562,656.2,0.0
4563,656.3,0.0
4564,656.4,0.0
4565,656.5,0.0
4566,656.6,0.0
4567,656.7,0.0
4568,656.8,0.0
4569,656.9,0.0
4570,657.0,0.0
4571,657.1,0.0
4572,657.2,0.0
4573,657.3,0.0
4574,657.4,0.0
4575,657.5,0.0
4576,657.6,0.0
4577,657.7,0.0
4578,657.8,0.0
4579,657.9,0.0
4580,658.0,0.0
4581,658.1,0.0
4582,658.2,0.0
4583,658.3,0.0
4584,658.4,0.0
4585,658.5,0.0
4586,658.6,0.0
4587,658.7,0.0
4588,658.8,0.0
4589,658.9,0.0
4590,659.0,0.0
4591,659.1,0.0
4592,659.2,0.0
4593,659.3,0.0
4594,659.4,0.0
4595,659.5,0.0
4596,659.6,0.0
4597,659.7,0.0
4598,659.8,0.0
4599,659.9,0.0
4600,660.0,0.0
4601,660.1,0.0
4602,660.2,0.0
4603,660.3,0.0
4604,660.4,0.0
4605,660.5,0.0
4606,660.6,0.0
4607,660.7,0.0
4608,660.8,0.0
4609,660.9,0.0
4610,661.0,0.0
4611,661.1,0.0
4612,661.2,0.0
4613,661.3,0.0
4614,661.4,0.0
4615,661.5,0.0
4616,661.6,0.0
4617,661.7,0.0
4618,661.8,0.0
4619,661.9,0.0
4620,662.0,0.0
4621,662.1,0.0
4622,662.2,0.0
4623,662.3,0.0
4624,662.4,0.0
4625,662.5,0.0
4626,662.6,0.0
4627,662.7,0.0
4628,662.8,0.0
4629,662.9,0.0
4630,663.0,0.0
4631,663.1,0.0
4632,663.2,0.0
4633,663.3,0.0
4634,663.4,0.0
4635,663.5,0.0
4636,663.6,0.0
4637,663.7,0.0
4638,663.8,0.0
4639,663.9,0.0
4640,664.0,0.0
4641,664.1,0.0
4642,664.2,0.0
4643,664.3,0.0
4644,664.4,0.0
4645,664.5,0.0
4646,664.6,0.0
4647,664.7,0.0
4648,664.8,0.0
4649,664.9,0.0
4650,665.0,0.0
4651,665.1,0.0
4652,665.2,0.0
4653,665.3,0.0
4654,665.4,0.0
4655,665.5,0.0
4656,665.6,0.0
4657,665.7,0.0
4658,665.8,0.0
4659,665.9,0.0
4660,666.0,0.0
4661,666.1,0.0
4662,666.2,0.0
4663,666.3,0.0
4664,666.4,0.0
4665,666.5,0.0
4666,666.6,0.0
4667,666.7,0.0
4668,666.8,0.0
4669,666.9,0.0
4670,667.0,0.0
4671,667.1,0.0
4672,667.2,0.0
4673,667.3,0.0
4674,667.4,0.0
4675,667.5,0.0
4676,667.6,0.0
4677,667.7,0.0
4678,667.8,0.0
4679,667.9,0.0
4680,668.0,0.0
4681,668.1,0.0
4682,668.2,0.0
4683,668.3,0.0
4684,668.4,0.0
4685,668.5,0.0
4686,668.6,0.0
4687,668.7,0.0
4688,668.8,0.0
4689,668.9,0.0
4690,669.0,0.0
4691,669.1,0.0
4692,669.2,0.0
4693,669.3,0.0
4694,669.4,0.0
4695,669.5,0.0
4696,669.6,0.0
4697,669.7,0.0
4698,669.8,0.0
4699,669.9,0.0
4700,670.0,0.0
4701,670.1,0.0
4702,670.2,0.0
4703,670.3,0.0
4704,670.4,0.0
4705,670.5,0.0
4706,670.6,0.0
4707,670.7,0.0
4708,670.8,0.0
4709,670.9,0.0
4710,671.0,0.0
4711,671.1,0.0
4712,671.2,0.0
4713,671.3,0.0
4714,671.4,0.0
4715,671.5,0.0
4716,671.6,0.0
4717,671.7,0.0
4718,671.8,0.0
4719,671.9,0.0
4720,672.0,0.0
4721,672.1,0.0
4722,672.2,0.0
4723,672.3,0.0
4724,672.4,0.0
4725,672.5,0.0
4726,672.6,0.0
4727,672.7,0.0
4728,672.8,0.0
4729,672.9,0.0
4730,673.0,0.0
4731,673.1,0.0
4732,673.2,0.0
4733,673.3,0.0
4734,673.4,0.0
4735,673.5,0.0
4736,673.6,0.0
4737,673.7,0.0
4738,673.8,0.0
4739,673.9,0.0
4740,674.0,0.0
4741,674.1,0.0
4742,674.2,0.0
4743,674.3,0.0
4744,674.4,0.0
4745,674.5,0.0
4746,674.6,0.0
4747,674.7,0.0
4748,674.8,0.0
4749,674.9,0.0
4750,675.0,0.0
4751,675.1,0.0
4752,675.2,0.0
4753,675.3,0.0
4754,675.4,0.0
4755,675.5,0.0
4756,675.6,0.0
4757,675.7,0.0
4758,675.8,0.0
4759,675.9,0.0
4760,676.0,0.0
4761,676.1,0.0
4762,676.2,0.0
4763,676.3,0.0
4764,676.4,0.0
4765,676.5,0.0
4766,676.6,0.0
4767,676.7,0.0
4768,676.8,0.0
4769,676.9,0.0
4770,677.0,0.0
4771,677.1,0.0
4772,677.2,0.0
4773,677.3,0.0
4774,677.4,0.0
4775,677.5,0.0
4776,677.6,0.0
4777,677.7,0.0
4778,677.8,0.0
4779,677.9,0.0
4780,678.0,0.0
4781,678.1,0.0
4782,678.2,0.0
4783,678.3,0.0
4784,678.4,0.0
4785,678.5,0.0
4786,678.6,0.0
4787,678.7,0.0
4788,678.8,0.0
4789,678.9,0.001
4790,679.0,0.002
4791,679.1,0.008
4792,679.2,0.026
4793,679.3,0.079
4794,679.4,0.235
4795,679.5,0.668
4796,679.6,1.822
4797,679.7,4.757
4798,679.8,11.9
4799,679.9,28.54
4800,680.0,65.56
4801,680.1,144.3
4802,680.2,304.6
4803,680.3,616.3
4804,680.4,1196.0
4805,680.5,2225.0
4806,680.6,3975.0
4807,680.7,6819.0
4808,680.8,11240.0
4809,680.9,17820.0
4810,681.0,27210.0
4811,681.1,40060.0
4812,681.2,56960.0
4813,681.3,78360.0
4814,681.4,104500.0
4815,681.5,135500.0
4816,681.6,170900.0
4817,681.7,210300.0
4818,681.8,252600.0
4819,681.9,296400.0
4820,682.0,339700.0
4821,682.1,379800.0
4822,682.2,414000.0
4823,682.3,439400.0
4824,682.4,453500.0
4825,682.5,455300.0
4826,682.6,445200.0
4827,682.7,426100.0
4828,682.8,402300.0
4829,682.9,379700.0
4830,683.0,364600.0
4831,683.1,362400.0
4832,683.2,376600.0
4833,683.3,407800.0
4834,683.4,453500.0
4835,683.5,507800.0
4836,683.6,562800.0
4837,683.7,609600.0
4838,683.8,640200.0
4839,683.9,648400.0
4840,684.0,631700.0
4841,684.1,590900.0
4842,684.2,530200.0
4843,684.3,456100.0
4844,684.4,376100.0
4845,684.5,297200.0
4846,684.6,225100.0
4847,684.7,163300.0
4848,684.8,113500.0
4849,684.9,75630.0
4850,685.0,48270.0
4851,685.1,29520.0
4852,685.2,17300.0
4853,685.3,9711.0
4854,685.4,5224.0
4855,685.5,2692.0
4856,685.6,1330.0
4857,685.7,629.1
4858,685.8,285.2
4859,685.9,123.9
4860,686.0,51.57
4861,686.1,20.56
4862,686.2,7.857
4863,686.3,2.876
4864,686.4,1.009
4865,686.5,0.339
4866,686.6,0.109
4867,686.7,0.034
4868,686.8,0.01
4869,686.9,0.003
4870,687.0,0.001
4871,687.1,0.0
4872,687.2,0.0
4873,687.3,0.0
4874,687.4,0.0
4875,687.5,0.0
4876,687.6,0.002
4877,687.7,0.007
4878,687.8,0.025
4879,687.9,0.085
4880,688.0,0.28
4881,688.1,0.877
4882,688.2,2.638
4883,688.3,7.611
4884,688.4,21.06
4885,688.5,55.92
4886,688.6,142.4
4887,688.7,347.7
4888,688.8,814.3
4889,688.9,1829.0
4890,689.0,3942.0
4891,689.1,8148.0
4892,689.2,16150.0
4893,689.3,30720.0
4894,689.4,56020.0
4895,689.5,98000.0
4896,689.6,164400.0
4897,689.7,264600.0
4898,689.8,408500.0
4899,689.9,604800.0
4900,690.0,858900.0
4901,690.1,1170000.0
4902,690.2,1528000.0
4903,690.3,1915000.0
4904,690.4,2302000.0
4905,690.5,2655000.0
4906,690.6,2936000.0
4907,690.7,3116000.0
4908,690.8,3172000.0
4909,690.9,3099000.0
4910,691.0,2907000.0
4911,691.1,2621000.0
4912,691.2,2274000.0
4913,691.3,1903000.0
4914,691.4,1544000.0
4915,691.5,1223000.0
4916,691.6,957000.0
4917,691.7,751800.0
4918,691.8,604300.0
4919,691.9,505200.0
4920,692.0,441700.0
4921,692.1,400600.0
4922,692.2,370400.0
4923,692.3,342800.0
4924,692.4,312500.0
4925,692.5,277800.0
4926,692.6,239100.0
4927,692.7,198500.0
4928,692.8,158600.0
4929,692.9,121700.0
4930,693.0,89760.0
4931,693.1,63530.0
4932,693.2,43140.0
4933,693.3,28110.0
4934,693.4,17580.0
4935,693.5,10540.0
4936,693.6,6066.0
4937,693.7,3348.0
4938,693.8,1773.0
4939,693.9,900.5
4940,694.0,438.8
4941,694.1,205.1
4942,694.2,91.92
4943,694.3,39.53
4944,694.4,16.3
4945,694.5,6.45
4946,694.6,2.448
4947,694.7,0.891
4948,694.8,0.311
4949,694.9,0.104
4950,695.0,0.033
4951,695.1,0.01
4952,695.2,0.003
4953,695.3,0.001
4954,695.4,0.0
4955,695.5,0.0
4956,695.6,0.0
4957,695.7,0.0
4958,695.8,0.0
4959,695.9,0.0
4960,696.0,0.0
4961,696.1,0.0
4962,696.2,0.0
4963,696.3,0.0
4964,696.4,0.0
4965,696.5,0.0
4966,696.6,0.0
4967,696.7,0.0
4968,696.8,0.0
4969,696.9,0.0
4970,697.0,0.0
4971,697.1,0.0
4972,697.2,0.0
4973,697.3,0.0
4974,697.4,0.0
4975,697.5,0.0
4976,697.6,0.0
4977,697.7,0.0
4978,697.8,0.0
4979,697.9,0.0
4980,698.0,0.0
4981,698.1,0.0
4982,698.2,0.0
4983,698.3,0.0
4984,698.4,0.0
4985,698.5,0.0
4986,698.6,0.0
4987,698.7,0.0
4988,698.8,0.0
4989,698.9,0.0
4990,699.0,0.0
4991,699.1,0.0
4992,699.2,0.0
4993,699.3,0.0
4994,699.4,0.0
4995,699.5,0.0
4996,699.6,0.0
4997,699.7,0.0
4998,699.8,0.0
4999,699.9,0.0
5000,700.0,0.0
5001,700.1,0.0
5002,700.2,0.0
5003,700.3,0.0
5004,700.4,0.0
5005,700.5,0.0
5006,700.6,0.0
5007,700.7,0.0
5008,700.8,0.0
5009,700.9,0.0
5010,701.0,0.0
5011,701.1,0.002
5012,701.2,0.007
5013,701.3,0.023
5014,701.4,0.08
5015,701.5,0.262
5016,701.6,0.825
5017,701.7,2.501
5018,701.8,7.278
5019,701.9,20.34
5020,702.0,54.61
5021,702.1,140.8
5022,702.2,348.8
5023,702.3,829.7
5024,702.4,1896.0
5025,702.5,4160.0
5026,702.6,8770.0
5027,702.7,17760.0
5028,702.8,34530.0
5029,702.9,64490.0
5030,703.0,115700.0
5031,703.1,199400.0
5032,703.2,330000.0
5033,703.3,524500.0
5034,703.4,800900.0
5035,703.5,1175000.0
5036,703.6,1655000.0
5037,703.7,2239000.0
5038,703.8,2910000.0
5039,703.9,3633000.0
5040,704.0,4356000.0
5041,704.1,5019000.0
5042,704.2,5558000.0
5043,704.3,5915000.0
5044,704.4,6057000.0
5045,704.5,5973000.0
5046,704.6,5685000.0
5047,704.7,5243000.0
5048,704.8,4715000.0
5049,704.9,4177000.0
5050,705.0,3702000.0
5051,705.1,3344000.0
5052,705.2,3138000.0
5053,705.3,3089000.0
5054,705.4,3179000.0
5055,705.5,3369000.0
5056,705.6,3610000.0
5057,705.7,3847000.0
5058,705.8,4034000.0
5059,705.9,4135000.0
5060,706.0,4130000.0
5061,706.1,4016000.0
5062,706.2,3804000.0
5063,706.3,3514000.0
5064,706.4,3170000.0
5065,706.5,2797000.0
5066,706.6,2417000.0
5067,706.7,2046000.0
5068,706.8,1698000.0
5069,706.9,1382000.0
5070,707.0,1107000.0
5071,707.1,879000.0
5072,707.2,704700.0
5073,707.3,591100.0
5074,707.4,545700.0
5075,707.5,576900.0
5076,707.6,693000.0
5077,707.7,900600.0
5078,707.8,1203000.0
5079,707.9,1595000.0
5080,708.0,2065000.0
5081,708.1,2587000.0
5082,708.2,3123000.0
5083,708.3,3629000.0
5084,708.4,4055000.0
5085,708.5,4356000.0
5086,708.6,4498000.0
5087,708.7,4465000.0
5088,708.8,4259000.0
5089,708.9,3905000.0
5090,709.0,3442000.0
5091,709.1,2915000.0
5092,709.2,2373000.0
5093,709.3,1857000.0
5094,709.4,1397000.0
5095,709.5,1009000.0
5096,709.6,701300.0
5097,709.7,468200.0
5098,709.8,300500.0
5099,709.9,185300.0
5100,710.0,109900.0
5101,710.1,62600.0
5102,710.2,34280.0
5103,710.3,18040.0
5104,710.4,9128.0
5105,710.5,4438.0
5106,710.6,2074.0
5107,710.7,931.3
5108,710.8,402.0
5109,710.9,166.8
5110,711.0,66.5
5111,711.1,25.48
5112,711.2,9.385
5113,711.3,3.323
5114,711.4,1.132
5115,711.5,0.374
5116,711.6,0.13
5117,711.7,0.07
5118,711.8,0.1
5119,711.9,0.221
5120,712.0,0.511
5121,712.1,1.15
5122,712.2,2.49
5123,712.3,5.184
5124,712.4,10.38
5125,712.5,19.98
5126,712.6,36.98
5127,712.7,65.82
5128,712.8,112.6
5129,712.9,185.4
5130,713.0,293.3
5131,713.1,446.2
5132,713.2,652.8
5133,713.3,918.2
5134,713.4,1242.0
5135,713.5,1615.0
5136,713.6,2020.0
5137,713.7,2429.0
5138,713.8,2808.0
5139,713.9,3122.0
5140,714.0,3337.0
5141,714.1,3430.0
5142,714.2,3390.0
5143,714.3,3221.0
5144,714.4,2943.0
5145,714.5,2586.0
5146,714.6,2185.0
5147,714.7,1775.0
5148,714.8,1386.0
5149,714.9,1041.0
5150,715.0,751.8
5151,715.1,522.0
5152,715.2,348.5
5153,715.3,223.8
5154,715.4,138.1
5155,715.5,81.99
5156,715.6,46.79
5157,715.7,25.68
5158,715.8,13.55
5159,715.9,6.876
5160,716.0,3.354
5161,716.1,1.574
5162,716.2,0.71
5163,716.3,0.308
5164,716.4,0.128
5165,716.5,0.051
5166,716.6,0.02
5167,716.7,0.007
5168,716.8,0.003
5169,716.9,0.001
5170,717.0,0.0
5171,717.1,0.0
5172,717.2,0.0
5173,717.3,0.0
5174,717.4,0.0
5175,717.5,0.0
5176,717.6,0.0
5177,717.7,0.0
5178,717.8,0.0
5179,717.9,0.0
5180,718.0,0.0
5181,718.1,0.0
5182,718.2,0.0
5183,718.3,0.0
5184,718.4,0.0
5185,718.5,0.0
5186,718.6,0.0
5187,718.7,0.0
5188,718.8,0.0
5189,718.9,0.0
5190,719.0,0.0
5191,719.1,0.0
5192,719.2,0.0
5193,719.3,0.0
5194,719.4,0.0
5195,719.5,0.0
5196,719.6,0.0
5197,719.7,0.0
5198,719.8,0.0
5199,719.9,0.0
5200,720.0,0.0
5201,720.1,0.0
5202,720.2,0.0
5203,720.3,0.0
5204,720.4,0.0
5205,720.5,0.0
5206,720.6,0.0
5207,720.7,0.0
5208,720.8,0.0
5209,720.9,0.0
5210,721.0,0.0
5211,721.1,0.0
5212,721.2,0.0
5213,721.3,0.0
5214,721.4,0.0
5215,721.5,0.0
5216,721.6,0.0
5217,721.7,0.0
5218,721.8,0.0
5219,721.9,0.0
5220,722.0,0.0
5221,722.1,0.0
5222,722.2,0.0
5223,722.3,0.0
5224,722.4,0.0
5225,722.5,0.0
5226,722.6,0.0
5227,722.7,0.0
5228,722.8,0.0
5229,722.9,0.0
5230,723.0,0.0
5231,723.1,0.0
5232,723.2,0.0
5233,723.3,0.0
5234,723.4,0.0
5235,723.5,0.0
5236,723.6,0.0
5237,723.7,0.0
5238,723.8,0.0
5239,723.9,0.0
5240,724.0,0.0
5241,724.1,0.0
5242,724.2,0.0
5243,724.3,0.0
5244,724.4,0.0
5245,724.5,0.0
5246,724.6,0.0
5247,724.7,0.0
5248,724.8,0.0
5249,724.9,0.0
5250,725.0,0.0
5251,725.1,0.0
5252,725.2,0.0
5253,725.3,0.0
5254,725.4,0.0
5255,725.5,0.0
5256,725.6,0.0
5257,725.7,0.0
5258,725.8,0.0
5259,725.9,0.0
5260,726.0,0.0
5261,726.1,0.0
5262,726.2,0.0
5263,726.3,0.0
5264,726.4,0.0
5265,726.5,0.0
5266,726.6,0.0
5267,726.7,0.0
5268,726.8,0.0
5269,726.9,0.0
5270,727.0,0.0
5271,727.1,0.0
5272,727.2,0.0
5273,727.3,0.0
5274,727.4,0.0
5275,727.5,0.0
5276,727.6,0.0
5277,727.7,0.0
5278,727.8,0.0
5279,727.9,0.0
5280,728.0,0.0
5281,728.1,0.0
5282,728.2,0.0
5283,728.3,0.0
5284,728.4,0.0
5285,728.5,0.0
5286,728.6,0.0
5287,728.7,0.0
5288,728.8,0.0
5289,728.9,0.0
5290,729.0,0.0
5291,729.1,0.0
5292,729.2,0.0
5293,729.3,0.0
5294,729.4,0.0
5295,729.5,0.0
5296,729.6,0.0
5297,729.7,0.0
5298,729.8,0.0
5299,729.9,0.0
5300,730.0,0.0
5301,730.1,0.0
5302,730.2,0.0
5303,730.3,0.0
5304,730.4,0.0
5305,730.5,0.0
5306,730.6,0.0
5307,730.7,0.0
5308,730.8,0.0
5309,730.9,0.0
5310,731.0,0.0
5311,731.1,0.0
5312,731.2,0.0
5313,731.3,0.0
5314,731.4,0.0
5315,731.5,0.0
5316,731.6,0.0
5317,731.7,0.0
5318,731.8,0.0
5319,731.9,0.0
5320,732.0,0.0
5321,732.1,0.0
5322,732.2,0.0
5323,732.3,0.0
5324,732.4,0.0
5325,732.5,0.0
5326,732.6,0.0
5327,732.7,0.0
5328,732.8,0.0
5329,732.9,0.001
5330,733.0,0.004
5331,733.1,0.014
5332,733.2,0.045
5333,733.3,0.144
5334,733.4,0.443
5335,733.5,1.308
5336,733.6,3.726
5337,733.7,10.23
5338,733.8,27.09
5339,733.9,69.11
5340,734.0,170.0
5341,734.1,403.1
5342,734.2,921.2
5343,734.3,2029.0
5344,734.4,4310.0
5345,734.5,8823.0
5346,734.6,17410.0
5347,734.7,33120.0
5348,734.8,60720.0
5349,734.9,107300.0
5350,735.0,182900.0
5351,735.1,300300.0
5352,735.2,475500.0
5353,735.3,725600.0
5354,735.4,1067000.0
5355,735.5,1514000.0
5356,735.6,2069000.0
5357,735.7,2726000.0
5358,735.8,3462000.0
5359,735.9,4239000.0
5360,736.0,5003000.0
5361,736.1,5692000.0
5362,736.2,6242000.0
5363,736.3,6598000.0
5364,736.4,6723000.0
5365,736.5,6604000.0
5366,736.6,6253000.0
5367,736.7,5707000.0
5368,736.8,5021000.0
5369,736.9,4258000.0
5370,737.0,3481000.0
5371,737.1,2743000.0
5372,737.2,2084000.0
5373,737.3,1526000.0
5374,737.4,1077000.0
5375,737.5,732600.0
5376,737.6,480500.0
5377,737.7,303700.0
5378,737.8,185100.0
5379,737.9,108700.0
5380,738.0,61550.0
5381,738.1,33600.0
5382,738.2,17670.0
5383,738.3,8963.0
5384,738.4,4381.0
5385,738.5,2064.0
5386,738.6,937.7
5387,738.7,410.5
5388,738.8,173.2
5389,738.9,70.47
5390,739.0,27.63
5391,739.1,10.44
5392,739.2,3.805
5393,739.3,1.336
5394,739.4,0.452
5395,739.5,0.148
5396,739.6,0.046
5397,739.7,0.014
5398,739.8,0.004
5399,739.9,0.001
5400,740.0,0.0
5401,740.1,0.0
5402,740.2,0.0
5403,740.3,0.0
5404,740.4,0.0
5405,740.5,0.0
5406,740.6,0.0
5407,740.7,0.0
5408,740.8,0.0
5409,740.9,0.0
5410,741.0,0.0
5411,741.1,0.0
5412,741.2,0.0
5413,741.3,0.0
5414,741.4,0.0
5415,741.5,0.0
5416,741.6,0.0
5417,741.7,0.0
5418,741.8,0.0
5419,741.9,0.0
5420,742.0,0.0
5421,742.1,0.001
5422,742.2,0.003
5423,742.3,0.007
5424,742.4,0.02
5425,742.5,0.052
5426,742.6,0.133
5427,742.7,0.329
5428,742.8,0.78
5429,742.9,1.786
5430,743.0,3.945
5431,743.1,8.405
5432,743.2,17.27
5433,743.3,34.25
5434,743.4,65.49
5435,743.5,120.8
5436,743.6,215.0
5437,743.7,369.0
5438,743.8,611.1
5439,743.9,976.0
5440,744.0,1504.0
5441,744.1,2235.0
5442,744.2,3204.0
5443,744.3,4431.0
5444,744.4,5910.0
5445,744.5,7606.0
5446,744.6,9441.0
5447,744.7,11310.0
5448,744.8,13060.0
5449,744.9,14560.0
5450,745.0,15670.0
5451,745.1,16290.0
5452,745.2,16400.0
5453,745.3,16050.0
5454,745.4,15400.0
5455,745.5,14740.0
5456,745.6,14520.0
5457,745.7,15350.0
5458,745.8,18080.0
5459,745.9,23840.0
5460,746.0,34020.0
5461,746.1,50340.0
5462,746.2,74670.0
5463,746.3,108900.0
5464,746.4,154600.0
5465,746.5,212700.0
5466,746.6,282800.0
5467,746.7,363100.0
5468,746.8,450000.0
5469,746.9,538200.0
5470,747.0,621000.0
5471,747.1,691400.0
5472,747.2,742700.0
5473,747.3,769800.0
5474,747.4,769800.0
5475,747.5,742700.0
5476,747.6,691400.0
5477,747.7,621000.0
5478,747.8,538100.0
5479,747.9,449900.0
5480,748.0,362900.0
5481,748.1,282400.0
5482,748.2,212100.0
5483,748.3,153700.0
5484,748.4,107400.0
5485,748.5,72440.0
5486,748.6,47140.0
5487,748.7,29590.0
5488,748.8,17930.0
5489,748.9,10480.0
5490,749.0,5907.0
5491,749.1,3214.0
5492,749.2,1687.0
5493,749.3,854.3
5494,749.4,417.4
5495,749.5,196.8
5496,749.6,89.51
5497,749.7,39.28
5498,749.8,16.63
5499,749.9,6.795
5500,750.0,2.678
5501,750.1,1.018
5502,750.2,0.374
5503,750.3,0.132
5504,750.4,0.045
5505,750.5,0.015
5506,750.6,0.005
5507,750.7,0.001
5508,750.8,0.0
5509,750.9,0.0
5510,751.0,0.0
5511,751.1,0.0
5512,751.2,0.0
5513,751.3,0.0
5514,751.4,0.0
5515,751.5,0.0
5516,751.6,0.0
5517,751.7,0.0
5518,751.8,0.0
5519,751.9,0.0
5520,752.0,0.0
5521,752.1,0.0
5522,752.2,0.0
5523,752.3,0.0
5524,752.4,0.0
5525,752.5,0.0
5526,752.6,0.0
5527,752.7,0.0
5528,752.8,0.0
5529,752.9,0.0
5530,753.0,0.0
5531,753.1,0.0
5532,753.2,0.0
5533,753.3,0.0
5534,753.4,0.0
5535,753.5,0.0
5536,753.6,0.0
5537,753.7,0.0
5538,753.8,0.0
5539,753.9,0.0
5540,754.0,0.0
5541,754.1,0.0
5542,754.2,0.0
5543,754.3,0.0
5544,754.4,0.0
5545,754.5,0.0
5546,754.6,0.0
5547,754.7,0.0
5548,754.8,0.0
5549,754.9,0.0
5550,755.0,0.0
5551,755.1,0.0
5552,755.2,0.0
5553,755.3,0.001
5554,755.4,0.0
5555,755.5,0.0
5556,755.6,0.0
5557,755.7,0.0
5558,755.8,0.0
5559,755.9,0.0
5560,756.0,0.0
5561,756.1,0.0
5562,756.2,0.0
5563,756.3,0.0
5564,756.4,0.0
5565,756.5,0.0
5566,756.6,0.0
5567,756.7,0.0
5568,756.8,0.0
5569,756.9,0.0
5570,757.0,0.0
5571,757.1,0.0
5572,757.2,0.0
5573,757.3,0.0
5574,757.4,0.0
5575,757.5,0.0
5576,757.6,0.0
5577,757.7,0.0
5578,757.8,0.0
5579,757.9,0.0
5580,758.0,0.0
5581,758.1,0.0
5582,758.2,0.0
5583,758.3,0.0
5584,758.4,0.0
5585,758.5,0.0
5586,758.6,0.0
5587,758.7,0.0
5588,758.8,0.0
5589,758.9,0.0
5590,759.0,0.0
5591,759.1,0.0
5592,759.2,0.0
5593,759.3,0.0
5594,759.4,0.0
5595,759.5,0.0
5596,759.6,0.0
5597,759.7,0.0
5598,759.8,0.0
5599,759.9,0.001
5600,760.0,0.002
5601,760.1,0.004
5602,760.2,0.011
5603,760.3,0.029
5604,760.4,0.073
5605,760.5,0.176
5606,760.6,0.41
5607,760.7,0.922
5608,760.8,2.006
5609,760.9,4.217
5610,761.0,8.566
5611,761.1,16.82
5612,761.2,31.92
5613,761.3,58.57
5614,761.4,103.9
5615,761.5,178.2
5616,761.6,295.7
5617,761.7,474.7
5618,761.8,737.5
5619,761.9,1109.0
5620,762.0,1617.0
5621,762.1,2285.0
5622,762.2,3132.0
5623,762.3,4170.0
5624,762.4,5397.0
5625,762.5,6801.0
5626,762.6,8356.0
5627,762.7,10020.0
5628,762.8,11750.0
5629,762.9,13500.0
5630,763.0,15200.0
5631,763.1,16790.0
5632,763.2,18200.0
5633,763.3,19360.0
5634,763.4,20200.0
5635,763.5,20650.0
5636,763.6,20660.0
5637,763.7,20200.0
5638,763.8,19270.0
5639,763.9,17920.0
5640,764.0,16210.0
5641,764.1,14250.0
5642,764.2,12160.0
5643,764.3,10060.0
5644,764.4,8072.0
5645,764.5,6272.0
5646,764.6,4719.0
5647,764.7,3435.0
5648,764.8,2420.0
5649,764.9,1648.0
5650,765.0,1086.0
5651,765.1,691.5
5652,765.2,425.7
5653,765.3,253.4
5654,765.4,145.8
5655,765.5,81.03
5656,765.6,43.54
5657,765.7,22.62
5658,765.8,11.35
5659,765.9,5.512
5660,766.0,2.59
5661,766.1,1.18
5662,766.2,0.523
5663,766.3,0.229
5664,766.4,0.1
5665,766.5,0.046
5666,766.6,0.023
5667,766.7,0.014
5668,766.8,0.009
5669,766.9,0.007
5670,767.0,0.006
5671,767.1,0.005
5672,767.2,0.005
5673,767.3,0.005
5674,767.4,0.006
5675,767.5,0.008
5676,767.6,0.012
5677,767.7,0.019
5678,767.8,0.033
5679,767.9,0.064
5680,768.0,0.132
5681,768.1,0.277
5682,768.2,0.586
5683,768.3,1.223
5684,768.4,2.494
5685,768.5,4.949
5686,768.6,9.533
5687,768.7,17.8
5688,768.8,32.23
5689,768.9,56.54
5690,769.0,96.12
5691,769.1,158.4
5692,769.2,253.1
5693,769.3,392.3
5694,769.4,589.8
5695,769.5,860.6
5696,769.6,1219.0
5697,769.7,1678.0
5698,769.8,2244.0
5699,769.9,2919.0
5700,770.0,3693.0
5701,770.1,4549.0
5702,770.2,5457.0
5703,770.3,6379.0
5704,770.4,7270.0
5705,770.5,8083.0
5706,770.6,8768.0
5707,770.7,9284.0
5708,770.8,9596.0
5709,770.9,9682.0
5710,771.0,9536.0
5711,771.1,9165.0
5712,771.2,8593.0
5713,771.3,7856.0
5714,771.4,7000.0
5715,771.5,6075.0
5716,771.6,5133.0
5717,771.7,4219.0
5718,771.8,3371.0
5719,771.9,2618.0
5720,772.0,1974.0
5721,772.1,1445.0
5722,772.2,1026.0
5723,772.3,707.1
5724,772.4,472.2
5725,772.5,305.6
5726,772.6,191.6
5727,772.7,116.4
5728,772.8,68.44
5729,772.9,38.97
5730,773.0,21.48
5731,773.1,11.46
5732,773.2,5.917
5733,773.3,2.956
5734,773.4,1.429
5735,773.5,0.668
5736,773.6,0.302
5737,773.7,0.132
5738,773.8,0.056
5739,773.9,0.023
5740,774.0,0.009
5741,774.1,0.003
5742,774.2,0.001
5743,774.3,0.0
5744,774.4,0.0
5745,774.5,0.0
5746,774.6,0.0
5747,774.7,0.0
5748,774.8,0.0
5749,774.9,0.0
5750,775.0,0.0
5751,775.1,0.0
5752,775.2,0.0
5753,775.3,0.0
5754,775.4,0.0
5755,775.5,0.0
5756,775.6,0.0
5757,775.7,0.0
5758,775.8,0.0
5759,775.9,0.0
5760,776.0,0.0
5761,776.1,0.0
5762,776.2,0.0
5763,776.3,0.0
5764,776.4,0.0
5765,776.5,0.0
5766,776.6,0.0
5767,776.7,0.0
5768,776.8,0.0
5769,776.9,0.0
5770,777.0,0.0
5771,777.1,0.0
5772,777.2,0.0
5773,777.3,0.0
5774,777.4,0.0
5775,777.5,0.0
5776,777.6,0.0
5777,777.7,0.0
5778,777.8,0.0
5779,777.9,0.0
5780,778.0,0.0
5781,778.1,0.0
5782,778.2,0.0
5783,778.3,0.0
5784,778.4,0.0
5785,778.5,0.0
5786,778.6,0.0
5787,778.7,0.0
5788,778.8,0.0
5789,778.9,0.0
5790,779.0,0.0
5791,779.1,0.0
5792,779.2,0.0
5793,779.3,0.0
5794,779.4,0.0
5795,779.5,0.0
5796,779.6,0.0
5797,779.7,0.0
5798,779.8,0.0
5799,779.9,0.0
5800,780.0,0.001
5801,780.1,0.003
5802,780.2,0.008
5803,780.3,0.026
5804,780.4,0.08
5805,780.5,0.237
5806,780.6,0.679
5807,780.7,1.881
5808,780.8,5.048
5809,780.9,13.11
5810,781.0,32.97
5811,781.1,80.27
5812,781.2,189.2
5813,781.3,431.7
5814,781.4,953.7
5815,781.5,2040.0
5816,781.6,4223.0
5817,781.7,8466.0
5818,781.8,16430.0
5819,781.9,30870.0
5820,782.0,56140.0
5821,782.1,98860.0
5822,782.2,168500.0
5823,782.3,278200.0
5824,782.4,444500.0
5825,782.5,687600.0
5826,782.6,1030000.0
5827,782.7,1493000.0
5828,782.8,2096000.0
5829,782.9,2848000.0
5830,783.0,3748000.0
5831,783.1,4774000.0
5832,783.2,5887000.0
5833,783.3,7028000.0
5834,783.4,8123000.0
5835,783.5,9089000.0
5836,783.6,9847000.0
5837,783.7,10330000.0
5838,783.8,10490000.0
5839,783.9,10310000.0
5840,784.0,9809000.0
5841,784.1,9038000.0
5842,784.2,8061000.0
5843,784.3,6961000.0
5844,784.4,5820000.0
5845,784.5,4710000.0
5846,784.6,3691000.0
5847,784.7,2800000.0
5848,784.8,2056000.0
5849,784.9,1462000.0
5850,785.0,1006000.0
5851,785.1,670500.0
5852,785.2,432600.0
5853,785.3,270200.0
5854,785.4,163400.0
5855,785.5,95620.0
5856,785.6,54190.0
5857,785.7,29730.0
5858,785.8,15790.0
5859,785.9,8119.0
5860,786.0,4041.0
5861,786.1,1948.0
5862,786.2,908.6
5863,786.3,410.4
5864,786.4,179.4
5865,786.5,75.96
5866,786.6,31.13
5867,786.7,12.35
5868,786.8,4.746
5869,786.9,1.769
5870,787.0,0.643
5871,787.1,0.234
5872,787.2,0.094
5873,787.3,0.052
5874,787.4,0.047
5875,787.5,0.055
5876,787.6,0.07
5877,787.7,0.088
5878,787.8,0.108
5879,787.9,0.129
5880,788.0,0.149
5881,788.1,0.167
5882,788.2,0.18
5883,788.3,0.189
5884,788.4,0.192
5885,788.5,0.189
5886,788.6,0.18
5887,788.7,0.166
5888,788.8,0.148
5889,788.9,0.129
5890,789.0,0.108
5891,789.1,0.088
5892,789.2,0.07
5893,789.3,0.055
5894,789.4,0.043
5895,789.5,0.035
5896,789.6,0.03
5897,789.7,0.028
5898,789.8,0.029
5899,789.9,0.034
5900,790.0,0.04
5901,790.1,0.048
5902,790.2,0.058
5903,790.3,0.068
5904,790.4,0.077
5905,790.5,0.085
5906,790.6,0.091
5907,790.7,0.095
5908,790.8,0.096
5909,790.9,0.093
5910,791.0,0.088
5911,791.1,0.08
5912,791.2,0.071
5913,791.3,0.061
5914,791.4,0.051
5915,791.5,0.041
5916,791.6,0.032
5917,791.7,0.025
5918,791.8,0.019
5919,791.9,0.014
5920,792.0,0.01
5921,792.1,0.007
5922,792.2,0.005
5923,792.3,0.004
5924,792.4,0.003
5925,792.5,0.002
5926,792.6,0.002
5927,792.7,0.002
5928,792.8,0.001
5929,792.9,0.001
5930,793.0,0.001
5931,793.1,0.001
5932,793.2,0.001
5933,793.3,0.0
5934,793.4,0.0
5935,793.5,0.0
5936,793.6,0.0
5937,793.7,0.0
5938,793.8,0.0
5939,793.9,0.0
5940,794.0,0.0
5941,794.1,0.0
5942,794.2,0.0
5943,794.3,0.0
5944,794.4,0.0
5945,794.5,0.0
5946,794.6,0.0
5947,794.7,0.0
5948,794.8,0.0
5949,794.9,0.0
5950,795.0,0.0
5951,795.1,0.0
5952,795.2,0.0
5953,795.3,0.0
5954,795.4,0.0
5955,795.5,0.0
5956,795.6,0.0
5957,795.7,0.0
5958,795.8,0.0
5959,795.9,0.0
5960,796.0,0.0
5961,796.1,0.0
5962,796.2,0.0
5963,796.3,0.0
5964,796.4,0.0
5965,796.5,0.0
5966,796.6,0.0
5967,796.7,0.0
5968,796.8,0.0
5969,796.9,0.0
5970,797.0,0.0
5971,797.1,0.0
5972,797.2,0.0
5973,797.3,0.0
5974,797.4,0.0
5975,797.5,0.0
5976,797.6,0.0
5977,797.7,0.0
5978,797.8,0.0
5979,797.9,0.0
5980,798.0,0.0
5981,798.1,0.0
5982,798.2,0.0
5983,798.3,0.0
5984,798.4,0.0
5985,798.5,0.0
5986,798.6,0.0
5987,798.7,0.0
5988,798.8,0.0
5989,798.9,0.0
5990,799.0,0.0
5991,799.1,0.0
5992,799.2,0.0
5993,799.3,0.0
5994,799.4,0.0
5995,799.5,0.0
5996,799.6,0.0
5997,799.7,0.0
5998,799.8,0.0
5999,799.9,0.0
6000,800.0,0.0
6001,800.1,0.0
6002,800.2,0.0
6003,800.3,0.0
6004,800.4,0.0
6005,800.5,0.0
6006,800.6,0.0
6007,800.7,0.0
6008,800.8,0.0
6009,800.9,0.0
6010,801.0,0.0
6011,801.1,0.0
6012,801.2,0.0
6013,801.3,0.0
6014,801.4,0.0
6015,801.5,0.0
6016,801.6,0.0
6017,801.7,0.0
6018,801.8,0.0
6019,801.9,0.0
6020,802.0,0.0
6021,802.1,0.0
6022,802.2,0.0
6023,802.3,0.0
6024,802.4,0.0
6025,802.5,0.0
6026,802.6,0.0
6027,802.7,0.0
6028,802.8,0.0
6029,802.9,0.0
6030,803.0,0.0
6031,803.1,0.0
6032,803.2,0.0
6033,803.3,0.0
6034,803.4,0.0
6035,803.5,0.0
6036,803.6,0.0
6037,803.7,0.0
6038,803.8,0.0
6039,803.9,0.0
6040,804.0,0.0
6041,804.1,0.0
6042,804.2,0.0
6043,804.3,0.0
6044,804.4,0.0
6045,804.5,0.0
6046,804.6,0.0
6047,804.7,0.0
6048,804.8,0.0
6049,804.9,0.0
6050,805.0,0.0
6051,805.1,0.0
6052,805.2,0.0
6053,805.3,0.0
6054,805.4,0.0
6055,805.5,0.0
6056,805.6,0.0
6057,805.7,0.0
6058,805.8,0.0
6059,805.9,0.0
6060,806.0,0.0
6061,806.1,0.0
6062,806.2,0.0
6063,806.3,0.0
6064,806.4,0.0
6065,806.5,0.0
6066,806.6,0.0
6067,806.7,0.0
6068,806.8,0.0
6069,806.9,0.0
6070,807.0,0.0
6071,807.1,0.0
6072,807.2,0.0
6073,807.3,0.0
6074,807.4,0.0
6075,807.5,0.0
6076,807.6,0.0
6077,807.7,0.0
6078,807.8,0.0
6079,807.9,0.0
6080,808.0,0.0
6081,808.1,0.0
6082,808.2,0.0
6083,808.3,0.0
6084,808.4,0.0
6085,808.5,0.0
6086,808.6,0.0
6087,808.7,0.0
6088,808.8,0.0
6089,808.9,0.0
6090,809.0,0.001
6091,809.1,0.002
6092,809.2,0.004
6093,809.3,0.01
6094,809.4,0.022
6095,809.5,0.052
6096,809.6,0.115
6097,809.7,0.248
6098,809.8,0.52
6099,809.9,1.057
6100,810.0,2.085
6101,810.1,3.989
6102,810.2,7.404
6103,810.3,13.33
6104,810.4,23.29
6105,810.5,39.47
6106,810.6,64.9
6107,810.7,103.5
6108,810.8,160.2
6109,810.9,240.5
6110,811.0,350.2
6111,811.1,494.8
6112,811.2,678.3
6113,811.3,901.9
6114,811.4,1164.0
6115,811.5,1456.0
6116,811.6,1768.0
6117,811.7,2083.0
6118,811.8,2380.0
6119,811.9,2638.0
6120,812.0,2837.0
6121,812.1,2960.0
6122,812.2,2996.0
6123,812.3,2942.0
6124,812.4,2803.0
6125,812.5,2591.0
6126,812.6,2323.0
6127,812.7,2020.0
6128,812.8,1705.0
6129,812.9,1396.0
6130,813.0,1108.0
6131,813.1,854.0
6132,813.2,638.4
6133,813.3,462.9
6134,813.4,325.6
6135,813.5,222.2
6136,813.6,147.2
6137,813.7,94.52
6138,813.8,58.9
6139,813.9,35.61
6140,814.0,20.88
6141,814.1,11.88
6142,814.2,6.558
6143,814.3,3.512
6144,814.4,1.824
6145,814.5,0.92
6146,814.6,0.45
6147,814.7,0.213
6148,814.8,0.098
6149,814.9,0.044
6150,815.0,0.019
6151,815.1,0.008
6152,815.2,0.003
6153,815.3,0.001
6154,815.4,0.0
6155,815.5,0.0
6156,815.6,0.0
6157,815.7,0.0
6158,815.8,0.0
6159,815.9,0.0
6160,816.0,0.0
6161,816.1,0.0
6162,816.2,0.0
6163,816.3,0.0
6164,816.4,0.0
6165,816.5,0.0
6166,816.6,0.0
6167,816.7,0.0
6168,816.8,0.0
6169,816.9,0.0
6170,817.0,0.0
6171,817.1,0.0
6172,817.2,0.0
6173,817.3,0.0
6174,817.4,0.0
6175,817.5,0.0
6176,817.6,0.0
6177,817.7,0.0
6178,817.8,0.0
6179,817.9,0.0
6180,818.0,0.0
6181,818.1,0.0
6182,818.2,0.0
6183,818.3,0.0
6184,818.4,0.0
6185,818.5,0.0
6186,818.6,0.0
6187,818.7,0.0
6188,818.8,0.0
6189,818.9,0.0
6190,819.0,0.0
6191,819.1,0.0
6192,819.2,0.0
6193,819.3,0.0
6194,819.4,0.0
6195,819.5,0.0
6196,819.6,0.0
6197,819.7,0.0
6198,819.8,0.0
6199,819.9,0.0
6200,820.0,0.0
6201,820.1,0.0
6202,820.2,0.0
6203,820.3,0.0
6204,820.4,0.0
6205,820.5,0.0
6206,820.6,0.0
6207,820.7,0.0
6208,820.8,0.0
6209,820.9,0.0
6210,821.0,0.0
6211,821.1,0.0
6212,821.2,0.0
6213,821.3,0.0
6214,821.4,0.0
6215,821.5,0.0
6216,821.6,0.0
6217,821.7,0.0
6218,821.8,0.0
6219,821.9,0.0
6220,822.0,0.0
6221,822.1,0.0
6222,822.2,0.0
6223,822.3,0.0
6224,822.4,0.0
6225,822.5,0.0
6226,822.6,0.0
6227,822.7,0.0
6228,822.8,0.0
6229,822.9,0.0
6230,823.0,0.0
6231,823.1,0.0
6232,823.2,0.0
6233,823.3,0.0
6234,823.4,0.0
6235,823.5,0.0
6236,823.6,0.0
6237,823.7,0.0
6238,823.8,0.0
6239,823.9,0.0
6240,824.0,0.0
6241,824.1,0.0
6242,824.2,0.0
6243,824.3,0.0
6244,824.4,0.0
6245,824.5,0.0
6246,824.6,0.0
6247,824.7,0.0
6248,824.8,0.0
6249,824.9,0.0
6250,825.0,0.0
6251,825.1,0.0
6252,825.2,0.0
6253,825.3,0.0
6254,825.4,0.0
6255,825.5,0.0
6256,825.6,0.0
6257,825.7,0.0
6258,825.8,0.0
6259,825.9,0.0
6260,826.0,0.0
6261,826.1,0.0
6262,826.2,0.0
6263,826.3,0.0
6264,826.4,0.0
6265,826.5,0.0
6266,826.6,0.0
6267,826.7,0.0
6268,826.8,0.0
6269,826.9,0.0
6270,827.0,0.0
6271,827.1,0.0
6272,827.2,0.0
6273,827.3,0.0
6274,827.4,0.0
6275,827.5,0.0
6276,827.6,0.0
6277,827.7,0.0
6278,827.8,0.0
6279,827.9,0.0
6280,828.0,0.0
6281,828.1,0.0
6282,828.2,0.0
6283,828.3,0.0
6284,828.4,0.0
6285,828.5,0.0
6286,828.6,0.0
6287,828.7,0.0
6288,828.8,0.0
6289,828.9,0.0
6290,829.0,0.0
6291,829.1,0.0
6292,829.2,0.0
6293,829.3,0.0
6294,829.4,0.0
6295,829.5,0.0
6296,829.6,0.0
6297,829.7,0.0
6298,829.8,0.0
6299,829.9,0.0
6300,830.0,0.0
6301,830.1,0.0
6302,830.2,0.0
6303,830.3,0.0
6304,830.4,0.0
6305,830.5,0.0
6306,830.6,0.0
6307,830.7,0.0
6308,830.8,0.0
6309,830.9,0.0
6310,831.0,0.0
6311,831.1,0.0
6312,831.2,0.0
6313,831.3,0.0
6314,831.4,0.0
6315,831.5,0.0
6316,831.6,0.0
6317,831.7,0.0
6318,831.8,0.0
6319,831.9,0.0
6320,832.0,0.001
6321,832.1,0.002
6322,832.2,0.006
6323,832.3,0.017
6324,832.4,0.044
6325,832.5,0.11
6326,832.6,0.267
6327,832.7,0.633
6328,832.8,1.459
6329,832.9,3.268
6330,833.0,7.111
6331,833.1,15.04
6332,833.2,30.93
6333,833.3,61.82
6334,833.4,120.1
6335,833.5,226.9
6336,833.6,416.7
6337,833.7,744.1
6338,833.8,1292.0
6339,833.9,2182.0
6340,834.0,3584.0
6341,834.1,5726.0
6342,834.2,8902.0
6343,834.3,13470.0
6344,834.4,19830.0
6345,834.5,28430.0
6346,834.6,39690.0
6347,834.7,53980.0
6348,834.8,71550.0
6349,834.9,92470.0
6350,835.0,116600.0
6351,835.1,143400.0
6352,835.2,172300.0
6353,835.3,202200.0
6354,835.4,232100.0
6355,835.5,260600.0
6356,835.6,286400.0
6357,835.7,308400.0
6358,835.8,325400.0
6359,835.9,336800.0
6360,836.0,342100.0
6361,836.1,340900.0
6362,836.2,333500.0
6363,836.3,320300.0
6364,836.4,302000.0
6365,836.5,279500.0
6366,836.6,253700.0
6367,836.7,225900.0
6368,836.8,197100.0
6369,836.9,168500.0
6370,837.0,141000.0
6371,837.1,115500.0
6372,837.2,92530.0
6373,837.3,72450.0
6374,837.4,55410.0
6375,837.5,41390.0
6376,837.6,30170.0
6377,837.7,21450.0
6378,837.8,14880.0
6379,837.9,10060.0
6380,838.0,6627.0
6381,838.1,4254.0
6382,838.2,2660.0
6383,838.3,1620.0
6384,838.4,960.1
6385,838.5,554.1
6386,838.6,311.2
6387,838.7,170.1
6388,838.8,90.46
6389,838.9,46.8
6390,839.0,23.55
6391,839.1,11.53
6392,839.2,5.49
6393,839.3,2.542
6394,839.4,1.145
6395,839.5,0.501
6396,839.6,0.213
6397,839.7,0.088
6398,839.8,0.036
6399,839.9,0.014
6400,840.0,0.005
6401,840.1,0.002
6402,840.2,0.001
6403,840.3,0.0
6404,840.4,0.0
6405,840.5,0.0
6406,840.6,0.0
6407,840.7,0.0
6408,840.8,0.0
6409,840.9,0.0
6410,841.0,0.0
6411,841.1,0.0
6412,841.2,0.0
6413,841.3,0.0
6414,841.4,0.0
6415,841.5,0.0
6416,841.6,0.0
6417,841.7,0.0
6418,841.8,0.0
6419,841.9,0.0
6420,842.0,0.0
6421,842.1,0.0
6422,842.2,0.0
6423,842.3,0.0
6424,842.4,0.0
6425,842.5,0.0
6426,842.6,0.0
6427,842.7,0.0
6428,842.8,0.0
6429,842.9,0.0
6430,843.0,0.0
6431,843.1,0.0
6432,843.2,0.0
6433,843.3,0.0
6434,843.4,0.0
6435,843.5,0.0
6436,843.6,0.0
6437,843.7,0.0
6438,843.8,0.0
6439,843.9,0.0
6440,844.0,0.0
6441,844.1,0.0
6442,844.2,0.0
6443,844.3,0.0
6444,844.4,0.0
6445,844.5,0.0
6446,844.6,0.0
6447,844.7,0.0
6448,844.8,0.0
6449,844.9,0.0
6450,845.0,0.0
6451,845.1,0.0
6452,845.2,0.0
6453,845.3,0.0
6454,845.4,0.0
6455,845.5,0.0
6456,845.6,0.0
6457,845.7,0.0
6458,845.8,0.0
6459,845.9,0.0
6460,846.0,0.0
6461,846.1,0.0
6462,846.2,0.0
6463,846.3,0.0
6464,846.4,0.0
6465,846.5,0.0
6466,846.6,0.0
6467,846.7,0.0
6468,846.8,0.0
6469,846.9,0.0
6470,847.0,0.0
6471,847.1,0.0
6472,847.2,0.0
6473,847.3,0.0
6474,847.4,0.0
6475,847.5,0.0
6476,847.6,0.0
6477,847.7,0.0
6478,847.8,0.0
6479,847.9,0.0
6480,848.0,0.0
6481,848.1,0.0
6482,848.2,0.0
6483,848.3,0.0
6484,848.4,0.0
6485,848.5,0.0
6486,848.6,0.0
6487,848.7,0.0
6488,848.8,0.0
6489,848.9,0.0
6490,849.0,0.0
6491,849.1,0.0
6492,849.2,0.0
6493,849.3,0.0
6494,849.4,0.0
6495,849.5,0.0
6496,849.6,0.0
6497,849.7,0.0
6498,849.8,0.0
6499,849.9,0.0
6500,850.0,0.0
6501,850.1,0.0
6502,850.2,0.0
6503,850.3,0.0
6504,850.4,0.0
6505,850.5,0.0
6506,850.6,0.0
6507,850.7,0.0
6508,850.8,0.0
6509,850.9,0.0
6510,851.0,0.0
6511,851.1,0.0
6512,851.2,0.0
6513,851.3,0.0
6514,851.4,0.0
6515,851.5,0.0
6516,851.6,0.0
6517,851.7,0.0
6518,851.8,0.0
6519,851.9,0.0
6520,852.0,0.0
6521,852.1,0.0
6522,852.2,0.0
6523,852.3,0.0
6524,852.4,0.0
6525,852.5,0.0
6526,852.6,0.0
6527,852.7,0.0
6528,852.8,0.0
6529,852.9,0.0
6530,853.0,0.0
6531,853.1,0.0
6532,853.2,0.0
6533,853.3,0.0
6534,853.4,0.0
6535,853.5,0.0
6536,853.6,0.0
6537,853.7,0.0
6538,853.8,0.0
6539,853.9,0.0
6540,854.0,0.0
6541,854.1,0.0
6542,854.2,0.0
6543,854.3,0.0
6544,854.4,0.0
6545,854.5,0.0
6546,854.6,0.0
6547,854.7,0.0
6548,854.8,0.0
6549,854.9,0.0
6550,855.0,0.0
6551,855.1,0.0
6552,855.2,0.0
6553,855.3,0.0
6554,855.4,0.0
6555,855.5,0.0
6556,855.6,0.0
6557,855.7,0.0
6558,855.8,0.0
6559,855.9,0.0
6560,856.0,0.0
6561,856.1,0.0
6562,856.2,0.0
6563,856.3,0.0
6564,856.4,0.0
6565,856.5,0.0
6566,856.6,0.0
6567,856.7,0.0
6568,856.8,0.0
6569,856.9,0.0
6570,857.0,0.0
6571,857.1,0.0
6572,857.2,0.0
6573,857.3,0.0
6574,857.4,0.0
6575,857.5,0.0
6576,857.6,0.0
6577,857.7,0.0
6578,857.8,0.0
6579,857.9,0.0
6580,858.0,0.0
6581,858.1,0.0
6582,858.2,0.0
6583,858.3,0.0
6584,858.4,0.0
6585,858.5,0.0
6586,858.6,0.0
6587,858.7,0.0
6588,858.8,0.0
6589,858.9,0.0
6590,859.0,0.0
6591,859.1,0.0
6592,859.2,0.0
6593,859.3,0.0
6594,859.4,0.0
6595,859.5,0.0
6596,859.6,0.0
6597,859.7,0.0
6598,859.8,0.0
6599,859.9,0.0
6600,860.0,0.0
6601,860.1,0.0
6602,860.2,0.0
6603,860.3,0.0
6604,860.4,0.001
6605,860.5,0.004
6606,860.6,0.01
6607,860.7,0.028
6608,860.8,0.071
6609,860.9,0.18
6610,861.0,0.444
6611,861.1,1.062
6612,861.2,2.474
6613,861.3,5.614
6614,861.4,12.4
6615,861.5,26.67
6616,861.6,55.83
6617,861.7,113.8
6618,861.8,225.8
6619,861.9,436.3
6620,862.0,820.8
6621,862.1,1503.0
6622,862.2,2680.0
6623,862.3,4652.0
6624,862.4,7863.0
6625,862.5,12940.0
6626,862.6,20720.0
6627,862.7,32320.0
6628,862.8,49080.0
6629,862.9,72550.0
6630,863.0,104400.0
6631,863.1,146300.0
6632,863.2,199600.0
6633,863.3,265100.0
6634,863.4,342800.0
6635,863.5,431500.0
6636,863.6,528900.0
6637,863.7,631100.0
6638,863.8,733200.0
6639,863.9,829300.0
6640,864.0,913200.0
6641,864.1,979100.0
6642,864.2,1022000.0
6643,864.3,1038000.0
6644,864.4,1027000.0
6645,864.5,989600.0
6646,864.6,928000.0
6647,864.7,847300.0
6648,864.8,753100.0
6649,864.9,651700.0
6650,865.0,549100.0
6651,865.1,450400.0
6652,865.2,359700.0
6653,865.3,279700.0
6654,865.4,211700.0
6655,865.5,156100.0
6656,865.6,112000.0
6657,865.7,78330.0
6658,865.8,53380.0
6659,865.9,35510.0
6660,866.0,23150.0
6661,866.1,14890.0
6662,866.2,9622.0
6663,866.3,6447.0
6664,866.4,4714.0
6665,866.5,3957.0
6666,866.6,3856.0
6667,866.7,4197.0
6668,866.8,4836.0
6669,866.9,5677.0
6670,867.0,6648.0
6671,867.1,7691.0
6672,867.2,8755.0
6673,867.3,9793.0
6674,867.4,10760.0
6675,867.5,11610.0
6676,867.6,12320.0
6677,867.7,12840.0
6678,867.8,13150.0
6679,867.9,13230.0
6680,868.0,13090.0
6681,868.1,12730.0
6682,868.2,12150.0
6683,868.3,11390.0
6684,868.4,10480.0
6685,868.5,9452.0
6686,868.6,8360.0
6687,868.7,7243.0
6688,868.8,6145.0
6689,868.9,5102.0
6690,869.0,4143.0
6691,869.1,3289.0
6692,869.2,2551.0
6693,869.3,1933.0
6694,869.4,1430.0
6695,869.5,1033.0
6696,869.6,727.6
6697,869.7,500.1
6698,869.8,335.3
6699,869.9,219.2
6700,870.0,139.7
6701,870.1,86.78
6702,870.2,52.55
6703,870.3,31.01
6704,870.4,17.83
6705,870.5,9.991
6706,870.6,5.454
6707,870.7,2.901
6708,870.8,1.503
6709,870.9,0.759
6710,871.0,0.373
6711,871.1,0.179
6712,871.2,0.083
6713,871.3,0.038
6714,871.4,0.017
6715,871.5,0.007
6716,871.6,0.003
6717,871.7,0.001
6718,871.8,0.0
6719,871.9,0.0
6720,872.0,0.0
6721,872.1,0.0
6722,872.2,0.0
6723,872.3,0.0
6724,872.4,0.0
6725,872.5,0.0
6726,872.6,0.0
6727,872.7,0.0
6728,872.8,0.0
6729,872.9,0.0
6730,873.0,0.0
6731,873.1,0.0
6732,873.2,0.0
6733,873.3,0.001
6734,873.4,0.003
6735,873.5,0.007
6736,873.6,0.021
6737,873.7,0.058
6738,873.8,0.156
6739,873.9,0.41
6740,874.0,1.05
6741,874.1,2.616
6742,874.2,6.353
6743,874.3,15.04
6744,874.4,34.69
6745,874.5,77.97
6746,874.6,170.8
6747,874.7,364.6
6748,874.8,758.6
6749,874.9,1538.0
6750,875.0,3038.0
6751,875.1,5850.0
6752,875.2,10980.0
6753,875.3,20070.0
6754,875.4,35760.0
6755,875.5,62110.0
6756,875.6,105100.0
6757,875.7,173300.0
6758,875.8,278600.0
6759,875.9,436300.0
6760,876.0,666000.0
6761,876.1,990700.0
6762,876.2,1436000.0
6763,876.3,2029000.0
6764,876.4,2793000.0
6765,876.5,3747000.0
6766,876.6,4899000.0
6767,876.7,6241999.999
6768,876.8,7750999.999
6769,876.9,9378999.999
6770,877.0,11059999.999
6771,877.1,12709999.999
6772,877.2,14229999.999
6773,877.3,15530000.0
6774,877.4,16520000.0
6775,877.5,17130000.0
6776,877.6,17300000.0
6777,877.7,17030000.0
6778,877.8,16340000.0
6779,877.9,15270000.0
6780,878.0,13910000.001
6781,878.1,12350000.001
6782,878.2,10690000.001
6783,878.3,9010000.001
6784,878.4,7404000.001
6785,878.5,5928000.001
6786,878.6,4626000.0
6787,878.7,3518000.0
6788,878.8,2607000.0
6789,878.9,1883000.0
6790,879.0,1325000.0
6791,879.1,908700.0
6792,879.2,607300.0
6793,879.3,395500.0
6794,879.4,251100.0
6795,879.5,155300.0
6796,879.6,93600.0
6797,879.7,54980.0
6798,879.8,31470.0
6799,879.9,17550.0
6800,880.0,9543.0
6801,880.1,5055.0
6802,880.2,2609.0
6803,880.3,1313.0
6804,880.4,643.5
6805,880.5,307.4
6806,880.6,143.1
6807,880.7,64.92
6808,880.8,28.7
6809,880.9,12.36
6810,881.0,5.191
6811,881.1,2.123
6812,881.2,0.847
6813,881.3,0.329
6814,881.4,0.125
6815,881.5,0.046
6816,881.6,0.017
6817,881.7,0.006
6818,881.8,0.002
6819,881.9,0.001
6820,882.0,0.0
6821,882.1,0.0
6822,882.2,0.0
6823,882.3,0.0
6824,882.4,0.0
6825,882.5,0.0
6826,882.6,0.0
6827,882.7,0.0
6828,882.8,0.0
6829,882.9,0.0
6830,883.0,0.0
6831,883.1,0.0
6832,883.2,0.0
6833,883.3,0.0
6834,883.4,0.0
6835,883.5,0.0
6836,883.6,0.0
6837,883.7,0.0
6838,883.8,0.0
6839,883.9,0.0
6840,884.0,0.0
6841,884.1,0.0
6842,884.2,0.0
6843,884.3,0.0
6844,884.4,0.0
6845,884.5,0.0
6846,884.6,0.0
6847,884.7,0.0
6848,884.8,0.0
6849,884.9,0.0
6850,885.0,0.0
6851,885.1,0.0
6852,885.2,0.0
6853,885.3,0.0
6854,885.4,0.0
6855,885.5,0.0
6856,885.6,0.0
6857,885.7,0.0
6858,885.8,0.0
6859,885.9,0.0
6860,886.0,0.0
6861,886.1,0.0
6862,886.2,0.0
6863,886.3,0.0
6864,886.4,0.0
6865,886.5,0.0
6866,886.6,0.0
6867,886.7,0.0
6868,886.8,0.0
6869,886.9,0.0
6870,887.0,0.0
6871,887.1,0.0
6872,887.2,0.0
6873,887.3,0.0
6874,887.4,0.0
6875,887.5,0.0
6876,887.6,0.0
6877,887.7,0.0
6878,887.8,0.0
6879,887.9,0.0
6880,888.0,0.0
6881,888.1,0.0
6882,888.2,0.0
6883,888.3,0.0
6884,888.4,0.0
6885,888.5,0.0
6886,888.6,0.0
6887,888.7,0.0
6888,888.8,0.0
6889,888.9,0.0
6890,889.0,0.0
6891,889.1,0.0
6892,889.2,0.0
6893,889.3,0.0
6894,889.4,0.0
6895,889.5,0.0
6896,889.6,0.0
6897,889.7,0.0
6898,889.8,0.0
6899,889.9,0.0
6900,890.0,0.0
6901,890.1,0.0
6902,890.2,0.0
6903,890.3,0.0
6904,890.4,0.0
6905,890.5,0.0
6906,890.6,0.0
6907,890.7,0.0
6908,890.8,0.0
6909,890.9,0.0
6910,891.0,0.0
6911,891.1,0.0
6912,891.2,0.0
6913,891.3,0.0
6914,891.4,0.0
6915,891.5,0.0
6916,891.6,0.0
6917,891.7,0.0
6918,891.8,0.0
6919,891.9,0.0
6920,892.0,0.0
6921,892.1,0.0
6922,892.2,0.0
6923,892.3,0.0
6924,892.4,0.0
6925,892.5,0.0
6926,892.6,0.0
6927,892.7,0.0
6928,892.8,0.0
6929,892.9,0.0
6930,893.0,0.0
6931,893.1,0.0
6932,893.2,0.0
6933,893.3,0.0
6934,893.4,0.0
6935,893.5,0.0
6936,893.6,0.0
6937,893.7,0.0
6938,893.8,0.0
6939,893.9,0.0
6940,894.0,0.0
6941,894.1,0.0
6942,894.2,0.0
6943,894.3,0.0
6944,894.4,0.0
6945,894.5,0.0
6946,894.6,0.0
6947,894.7,0.0
6948,894.8,0.0
6949,894.9,0.0
6950,895.0,0.0
6951,895.1,0.0
6952,895.2,0.0
6953,895.3,0.0
6954,895.4,0.0
6955,895.5,0.0
6956,895.6,0.0
6957,895.7,0.0
6958,895.8,0.0
6959,895.9,0.0
6960,896.0,0.0
6961,896.1,0.0
6962,896.2,0.0
6963,896.3,0.0
6964,896.4,0.0
6965,896.5,0.0
6966,896.6,0.0
6967,896.7,0.0
6968,896.8,0.0
6969,896.9,0.0
6970,897.0,0.0
6971,897.1,0.0
6972,897.2,0.0
6973,897.3,0.0
6974,897.4,0.0
6975,897.5,0.0
6976,897.6,0.0
6977,897.7,0.0
6978,897.8,0.0
6979,897.9,0.0
6980,898.0,0.0
6981,898.1,0.0
6982,898.2,0.0
6983,898.3,0.0
6984,898.4,0.0
6985,898.5,0.0
6986,898.6,0.0
6987,898.7,0.0
6988,898.8,0.0
6989,898.9,0.0
6990,899.0,0.0
6991,899.1,0.0
6992,899.2,0.0
6993,899.3,0.0
6994,899.4,0.0
6995,899.5,0.0
6996,899.6,0.0
6997,899.7,0.0
6998,899.8,0.0
6999,899.9,0.0
7000,900.0,0.0
7001,900.1,0.0
7002,900.2,0.0
7003,900.3,0.0
7004,900.4,0.0
7005,900.5,0.0
7006,900.6,0.0
7007,900.7,0.0
7008,900.8,0.0
7009,900.9,0.0
7010,901.0,0.0
7011,901.1,0.0
7012,901.2,0.0
7013,901.3,0.0
7014,901.4,0.0
7015,901.5,0.0
7016,901.6,0.0
7017,901.7,0.0
7018,901.8,0.0
7019,901.9,0.0
7020,902.0,0.0
7021,902.1,0.0
7022,902.2,0.0
7023,902.3,0.0
7024,902.4,0.0
7025,902.5,0.0
7026,902.6,0.0
7027,902.7,0.0
7028,902.8,0.0
7029,902.9,0.0
7030,903.0,0.0
7031,903.1,0.0
7032,903.2,0.0
7033,903.3,0.0
7034,903.4,0.0
7035,903.5,0.0
7036,903.6,0.0
7037,903.7,0.0
7038,903.8,0.0
7039,903.9,0.0
7040,904.0,0.0
7041,904.1,0.0
7042,904.2,0.0
7043,904.3,0.0
7044,904.4,0.0
7045,904.5,0.0
7046,904.6,0.0
7047,904.7,0.0
7048,904.8,0.0
7049,904.9,0.0
7050,905.0,0.0
7051,905.1,0.0
7052,905.2,0.0
7053,905.3,0.0
7054,905.4,0.0
7055,905.5,0.0
7056,905.6,0.0
7057,905.7,0.0
7058,905.8,0.0
7059,905.9,0.0
7060,906.0,0.0
7061,906.1,0.0
7062,906.2,0.0
7063,906.3,0.0
7064,906.4,0.0
7065,906.5,0.0
7066,906.6,0.0
7067,906.7,0.0
7068,906.8,0.0
7069,906.9,0.0
7070,907.0,0.0
7071,907.1,0.0
7072,907.2,0.0
7073,907.3,0.0
7074,907.4,0.0
7075,907.5,0.0
7076,907.6,0.0
7077,907.7,0.0
7078,907.8,0.0
7079,907.9,0.0
7080,908.0,0.0
7081,908.1,0.0
7082,908.2,0.0
7083,908.3,0.0
7084,908.4,0.0
7085,908.5,0.0
7086,908.6,0.0
7087,908.7,0.0
7088,908.8,0.0
7089,908.9,0.0
7090,909.0,0.0
7091,909.1,0.0
7092,909.2,0.0
7093,909.3,0.0
7094,909.4,0.0
7095,909.5,0.0
7096,909.6,0.0
7097,909.7,0.0
7098,909.8,0.0
7099,909.9,0.0
7100,910.0,0.0
7101,910.1,0.0
7102,910.2,0.0
7103,910.3,0.0
7104,910.4,0.0
7105,910.5,0.0
7106,910.6,0.0
7107,910.7,0.0
7108,910.8,0.0
7109,910.9,0.0
7110,911.0,0.0
7111,911.1,0.0
7112,911.2,0.0
7113,911.3,0.0
7114,911.4,0.0
7115,911.5,0.0
7116,911.6,0.0
7117,911.7,0.0
7118,911.8,0.0
7119,911.9,0.0
7120,912.0,0.0
7121,912.1,0.0
7122,912.2,0.0
7123,912.3,0.0
7124,912.4,0.0
7125,912.5,0.0
7126,912.6,0.0
7127,912.7,0.0
7128,912.8,0.0
7129,912.9,0.0
7130,913.0,0.0
7131,913.1,0.0
7132,913.2,0.0
7133,913.3,0.0
7134,913.4,0.0
7135,913.5,0.0
7136,913.6,0.0
7137,913.7,0.0
7138,913.8,0.0
7139,913.9,0.0
7140,914.0,0.0
7141,914.1,0.0
7142,914.2,0.0
7143,914.3,0.0
7144,914.4,0.0
7145,914.5,0.0
7146,914.6,0.0
7147,914.7,0.0
7148,914.8,0.0
7149,914.9,0.0
7150,915.0,0.0
7151,915.1,0.0
7152,915.2,0.0
7153,915.3,0.0
7154,915.4,0.0
7155,915.5,0.0
7156,915.6,0.0
7157,915.7,0.0
7158,915.8,0.0
7159,915.9,0.0
7160,916.0,0.0
7161,916.1,0.0
7162,916.2,0.0
7163,916.3,0.0
7164,916.4,0.0
7165,916.5,0.0
7166,916.6,0.0
7167,916.7,0.0
7168,916.8,0.0
7169,916.9,0.0
7170,917.0,0.0
7171,917.1,0.0
7172,917.2,0.0
7173,917.3,0.0
7174,917.4,0.0
7175,917.5,0.0
7176,917.6,0.0
7177,917.7,0.0
7178,917.8,0.0
7179,917.9,0.0
7180,918.0,0.0
7181,918.1,0.0
7182,918.2,0.0
7183,918.3,0.0
7184,918.4,0.0
7185,918.5,0.0
7186,918.6,0.0
7187,918.7,0.0
7188,918.8,0.0
7189,918.9,0.0
7190,919.0,0.0
7191,919.1,0.0
7192,919.2,0.0
7193,919.3,0.0
7194,919.4,0.0
7195,919.5,0.0
7196,919.6,0.0
7197,919.7,0.0
7198,919.8,0.0
7199,919.9,0.0
7200,920.0,0.0
7201,920.1,0.0
7202,920.2,0.0
7203,920.3,0.0
7204,920.4,0.0
7205,920.5,0.0
7206,920.6,0.0
7207,920.7,0.0
7208,920.8,0.0
7209,920.9,0.0
7210,921.0,0.0
7211,921.1,0.0
7212,921.2,0.0
7213,921.3,0.0
7214,921.4,0.0
7215,921.5,0.0
7216,921.6,0.0
7217,921.7,0.0
7218,921.8,0.0
7219,921.9,0.0
7220,922.0,0.0
7221,922.1,0.0
7222,922.2,0.0
7223,922.3,0.0
7224,922.4,0.0
7225,922.5,0.0
7226,922.6,0.0
7227,922.7,0.0
7228,922.8,0.0
7229,922.9,0.0
7230,923.0,0.0
7231,923.1,0.0
7232,923.2,0.0
7233,923.3,0.0
7234,923.4,0.0
7235,923.5,0.0
7236,923.6,0.0
7237,923.7,0.0
7238,923.8,0.0
7239,923.9,0.0
7240,924.0,0.0
7241,924.1,0.0
7242,924.2,0.0
7243,924.3,0.0
7244,924.4,0.0
7245,924.5,0.0
7246,924.6,0.0
7247,924.7,0.0
7248,924.8,0.001
7249,924.9,0.001
7250,925.0,0.004
7251,925.1,0.009
7252,925.2,0.023
7253,925.3,0.054
7254,925.4,0.124
7255,925.5,0.281
7256,925.6,0.622
7257,925.7,1.346
7258,925.8,2.849
7259,925.9,5.896
7260,926.0,11.93
7261,926.1,23.6
7262,926.2,45.64
7263,926.3,86.32
7264,926.4,159.6
7265,926.5,288.7
7266,926.6,510.7
7267,926.7,883.3
7268,926.8,1494.0
7269,926.9,2472.0
7270,927.0,4000.0
7271,927.1,6331.0
7272,927.2,9801.0
7273,927.3,14840.0
7274,927.4,21990.0
7275,927.5,31860.0
7276,927.6,45170.0
7277,927.7,62640.0
7278,927.8,85000.0
7279,927.9,112800.0
7280,928.0,146600.0
7281,928.1,186300.0
7282,928.2,231700.0
7283,928.3,281900.0
7284,928.4,335700.0
7285,928.5,391200.0
7286,928.6,446000.0
7287,928.7,497700.0
7288,928.8,543500.0
7289,928.9,580700.0
7290,929.0,607300.0
7291,929.1,621500.0
7292,929.2,622400.0
7293,929.3,610000.0
7294,929.4,585000.0
7295,929.5,549100.0
7296,929.6,504300.0
7297,929.7,453200.0
7298,929.8,398600.0
7299,929.9,343000.0
7300,930.0,288800.0
7301,930.1,237900.0
7302,930.2,191800.0
7303,930.3,151200.0
7304,930.4,116700.0
7305,930.5,88090.0
7306,930.6,65060.0
7307,930.7,47020.0
7308,930.8,33270.0
7309,930.9,23080.0
7310,931.0,15750.0
7311,931.1,10680.0
7312,931.2,7350.0
7313,931.3,5380.0
7314,931.4,4507.0
7315,931.5,4583.0
7316,931.6,5569.0
7317,931.7,7521.0
7318,931.8,10570.0
7319,931.9,14930.0
7320,932.0,20820.0
7321,932.1,28510.0
7322,932.2,38200.0
7323,932.3,50070.0
7324,932.4,64150.0
7325,932.5,80320.0
7326,932.6,98300.0
7327,932.7,117600.0
7328,932.8,137400.0
7329,932.9,157000.0
7330,933.0,175300.0
7331,933.1,191300.0
7332,933.2,204000.0
7333,933.3,212600.0
7334,933.4,216500.0
7335,933.5,215500.0
7336,933.6,209700.0
7337,933.7,199300.0
7338,933.8,185200.0
7339,933.9,168200.0
7340,934.0,149300.0
7341,934.1,129500.0
7342,934.2,109700.0
7343,934.3,90920.0
7344,934.4,73610.0
7345,934.5,58240.0
7346,934.6,45040.0
7347,934.7,34040.0
7348,934.8,25140.0
7349,934.9,18150.0
7350,935.0,12800.0
7351,935.1,8827.0
7352,935.2,5947.0
7353,935.3,3916.0
7354,935.4,2521.0
7355,935.5,1585.0
7356,935.6,974.5
7357,935.7,585.4
7358,935.8,343.7
7359,935.9,197.2
7360,936.0,110.6
7361,936.1,60.61
7362,936.2,32.46
7363,936.3,16.99
7364,936.4,8.692
7365,936.5,4.346
7366,936.6,2.123
7367,936.7,1.014
7368,936.8,0.473
7369,936.9,0.216
7370,937.0,0.096
7371,937.1,0.042
7372,937.2,0.018
7373,937.3,0.007
7374,937.4,0.003
7375,937.5,0.001
7376,937.6,0.0
7377,937.7,0.0
7378,937.8,0.0
7379,937.9,0.0
7380,938.0,0.0
7381,938.1,0.0
7382,938.2,0.0
7383,938.3,0.0
7384,938.4,0.0
7385,938.5,0.0
7386,938.6,0.0
7387,938.7,0.0
7388,938.8,0.0
7389,938.9,0.0
7390,939.0,0.0
7391,939.1,0.0
7392,939.2,0.0
7393,939.3,0.0
7394,939.4,0.0
7395,939.5,0.0
7396,939.6,0.0
7397,939.7,0.0
7398,939.8,0.0
7399,939.9,0.0
7400,940.0,0.0
7401,940.1,0.0
7402,940.2,0.0
7403,940.3,0.0
7404,940.4,0.0
7405,940.5,0.0
7406,940.6,0.0
7407,940.7,0.0
7408,940.8,0.0
7409,940.9,0.0
7410,941.0,0.0
7411,941.1,0.0
7412,941.2,0.0
7413,941.3,0.0
7414,941.4,0.0
7415,941.5,0.0
7416,941.6,0.0
7417,941.7,0.0
7418,941.8,0.0
7419,941.9,0.0
7420,942.0,0.0
7421,942.1,0.0
7422,942.2,0.0
7423,942.3,0.0
7424,942.4,0.0
7425,942.5,0.0
7426,942.6,0.0
7427,942.7,0.0
7428,942.8,0.0
7429,942.9,0.0
7430,943.0,0.0
7431,943.1,0.0
7432,943.2,0.0
7433,943.3,0.0
7434,943.4,0.0
7435,943.5,0.0
7436,943.6,0.0
7437,943.7,0.0
7438,943.8,0.0
7439,943.9,0.0
7440,944.0,0.0
7441,944.1,0.0
7442,944.2,0.0
7443,944.3,0.0
7444,944.4,0.0
7445,944.5,0.0
7446,944.6,0.0
7447,944.7,0.0
7448,944.8,0.0
7449,944.9,0.0
7450,945.0,0.0
7451,945.1,0.0
7452,945.2,0.0
7453,945.3,0.0
7454,945.4,0.0
7455,945.5,0.0
7456,945.6,0.0
7457,945.7,0.0
7458,945.8,0.0
7459,945.9,0.0
7460,946.0,0.0
7461,946.1,0.0
7462,946.2,0.0
7463,946.3,0.0
7464,946.4,0.0
7465,946.5,0.0
7466,946.6,0.0
7467,946.7,0.0
7468,946.8,0.0
7469,946.9,0.0
7470,947.0,0.0
7471,947.1,0.0
7472,947.2,0.0
7473,947.3,0.0
7474,947.4,0.0
7475,947.5,0.0
7476,947.6,0.0
7477,947.7,0.0
7478,947.8,0.0
7479,947.9,0.0
7480,948.0,0.0
7481,948.1,0.0
7482,948.2,0.0
7483,948.3,0.0
7484,948.4,0.0
7485,948.5,0.0
7486,948.6,0.0
7487,948.7,0.0
7488,948.8,0.0
7489,948.9,0.0
7490,949.0,0.0
7491,949.1,0.0
7492,949.2,0.0
7493,949.3,0.0
7494,949.4,0.0
7495,949.5,0.0
7496,949.6,0.0
7497,949.7,0.0
7498,949.8,0.0
7499,949.9,0.0
7500,950.0,0.0
7501,950.1,0.0
7502,950.2,0.0
7503,950.3,0.0
7504,950.4,0.0
7505,950.5,0.0
7506,950.6,0.0
7507,950.7,0.0
7508,950.8,0.0
7509,950.9,0.0
7510,951.0,0.0
7511,951.1,0.0
7512,951.2,0.0
7513,951.3,0.0
7514,951.4,0.0
7515,951.5,0.0
7516,951.6,0.0
7517,951.7,0.0
7518,951.8,0.0
7519,951.9,0.0
7520,952.0,0.0
7521,952.1,0.0
7522,952.2,0.0
7523,952.3,0.0
7524,952.4,0.0
7525,952.5,0.0
7526,952.6,0.0
7527,952.7,0.0
7528,952.8,0.0
7529,952.9,0.0
7530,953.0,0.0
7531,953.1,0.0
7532,953.2,0.0
7533,953.3,0.0
7534,953.4,0.0
7535,953.5,0.0
7536,953.6,0.0
7537,953.7,0.0
7538,953.8,0.0
7539,953.9,0.0
7540,954.0,0.0
7541,954.1,0.0
7542,954.2,0.0
7543,954.3,0.0
7544,954.4,0.0
7545,954.5,0.0
7546,954.6,0.0
7547,954.7,0.0
7548,954.8,0.0
7549,954.9,0.0
7550,955.0,0.0
7551,955.1,0.0
7552,955.2,0.0
7553,955.3,0.0
7554,955.4,0.0
7555,955.5,0.001
7556,955.6,0.001
7557,955.7,0.001
7558,955.8,0.002
7559,955.9,0.003
7560,956.0,0.004
7561,956.1,0.005
7562,956.2,0.007
7563,956.3,0.009
7564,956.4,0.011
7565,956.5,0.014
7566,956.6,0.017
7567,956.7,0.02
7568,956.8,0.023
7569,956.9,0.026
7570,957.0,0.028
7571,957.1,0.031
7572,957.2,0.032
7573,957.3,0.034
7574,957.4,0.034
7575,957.5,0.034
7576,957.6,0.033
7577,957.7,0.031
7578,957.8,0.029
7579,957.9,0.026
7580,958.0,0.023
7581,958.1,0.02
7582,958.2,0.017
7583,958.3,0.014
7584,958.4,0.012
7585,958.5,0.009
7586,958.6,0.008
7587,958.7,0.006
7588,958.8,0.005
7589,958.9,0.004
7590,959.0,0.004
7591,959.1,0.004
7592,959.2,0.004
7593,959.3,0.005
7594,959.4,0.007
7595,959.5,0.009
7596,959.6,0.012
7597,959.7,0.016
7598,959.8,0.02
7599,959.9,0.025
7600,960.0,0.03
7601,960.1,0.036
7602,960.2,0.042
7603,960.3,0.048
7604,960.4,0.053
7605,960.5,0.058
7606,960.6,0.062
7607,960.7,0.065
7608,960.8,0.067
7609,960.9,0.067
7610,961.0,0.066
7611,961.1,0.063
7612,961.2,0.059
7613,961.3,0.055
7614,961.4,0.049
7615,961.5,0.043
7616,961.6,0.037
7617,961.7,0.031
7618,961.8,0.026
7619,961.9,0.021
7620,962.0,0.017
7621,962.1,0.013
7622,962.2,0.01
7623,962.3,0.007
7624,962.4,0.005
7625,962.5,0.004
7626,962.6,0.003
7627,962.7,0.002
7628,962.8,0.001
7629,962.9,0.001
7630,963.0,0.0
7631,963.1,0.0
7632,963.2,0.0
7633,963.3,0.0
7634,963.4,0.0
7635,963.5,0.0
7636,963.6,0.0
7637,963.7,0.0
7638,963.8,0.0
7639,963.9,0.0
7640,964.0,0.0
7641,964.1,0.0
7642,964.2,0.0
7643,964.3,0.0
7644,964.4,0.0
7645,964.5,0.0
7646,964.6,0.0
7647,964.7,0.0
7648,964.8,0.0
7649,964.9,0.0
7650,965.0,0.0
7651,965.1,0.0
7652,965.2,0.0
7653,965.3,0.0
7654,965.4,0.0
7655,965.5,0.0
7656,965.6,0.0
7657,965.7,0.0
7658,965.8,0.0
7659,965.9,0.0
7660,966.0,0.0
7661,966.1,0.0
7662,966.2,0.0
7663,966.3,0.0
7664,966.4,0.0
7665,966.5,0.0
7666,966.6,0.0
7667,966.7,0.0
7668,966.8,0.0
7669,966.9,0.0
7670,967.0,0.0
7671,967.1,0.0
7672,967.2,0.0
7673,967.3,0.0
7674,967.4,0.0
7675,967.5,0.0
7676,967.6,0.0
7677,967.7,0.0
7678,967.8,0.0
7679,967.9,0.0
7680,968.0,0.0
7681,968.1,0.0
7682,968.2,0.0
7683,968.3,0.0
7684,968.4,0.0
7685,968.5,0.0
7686,968.6,0.0
7687,968.7,0.0
7688,968.8,0.0
7689,968.9,0.0
7690,969.0,0.0
7691,969.1,0.0
7692,969.2,0.0
7693,969.3,0.0
7694,969.4,0.0
7695,969.5,0.0
7696,969.6,0.0
7697,969.7,0.0
7698,969.8,0.0
7699,969.9,0.0
7700,970.0,0.0
7701,970.1,0.0
7702,970.2,0.0
7703,970.3,0.0
7704,970.4,0.0
7705,970.5,0.0
7706,970.6,0.0
7707,970.7,0.0
7708,970.8,0.0
7709,970.9,0.0
7710,971.0,0.0
7711,971.1,0.0
7712,971.2,0.0
7713,971.3,0.0
7714,971.4,0.0
7715,971.5,0.0
7716,971.6,0.0
7717,971.7,0.0
7718,971.8,0.0
7719,971.9,0.0
7720,972.0,0.0
7721,972.1,0.0
7722,972.2,0.0
7723,972.3,0.0
7724,972.4,0.0
7725,972.5,0.0
7726,972.6,0.0
7727,972.7,0.0
7728,972.8,0.0
7729,972.9,0.0
7730,973.0,0.0
7731,973.1,0.0
7732,973.2,0.0
7733,973.3,0.0
7734,973.4,0.0
7735,973.5,0.0
7736,973.6,0.0
7737,973.7,0.0
7738,973.8,0.0
7739,973.9,0.0
7740,974.0,0.0
7741,974.1,0.0
7742,974.2,0.0
7743,974.3,0.0
7744,974.4,0.0
7745,974.5,0.0
7746,974.6,0.0
7747,974.7,0.0
7748,974.8,0.0
7749,974.9,0.0
7750,975.0,0.0
7751,975.1,0.0
7752,975.2,0.0
7753,975.3,0.0
7754,975.4,0.0
7755,975.5,0.0
7756,975.6,0.0
7757,975.7,0.0
7758,975.8,0.0
7759,975.9,0.0
7760,976.0,0.0
7761,976.1,0.0
7762,976.2,0.0
7763,976.3,0.0
7764,976.4,0.0
7765,976.5,0.0
7766,976.6,0.0
7767,976.7,0.0
7768,976.8,0.0
7769,976.9,0.0
7770,977.0,0.0
7771,977.1,0.0
7772,977.2,0.0
7773,977.3,0.0
7774,977.4,0.0
7775,977.5,0.0
7776,977.6,0.0
7777,977.7,0.0
7778,977.8,0.0
7779,977.9,0.0
7780,978.0,0.0
7781,978.1,0.0
7782,978.2,0.0
7783,978.3,0.0
7784,978.4,0.0
7785,978.5,0.0
7786,978.6,0.0
7787,978.7,0.0
7788,978.8,0.0
7789,978.9,0.0
7790,979.0,0.0
7791,979.1,0.0
7792,979.2,0.0
7793,979.3,0.0
7794,979.4,0.0
7795,979.5,0.0
7796,979.6,0.0
7797,979.7,0.0
7798,979.8,0.0
7799,979.9,0.0
7800,980.0,0.0
7801,980.1,0.0
7802,980.2,0.0
7803,980.3,0.0
7804,980.4,0.0
7805,980.5,0.0
7806,980.6,0.0
7807,980.7,0.0
7808,980.8,0.0
7809,980.9,0.0
7810,981.0,0.0
7811,981.1,0.0
7812,981.2,0.0
7813,981.3,0.0
7814,981.4,0.0
7815,981.5,0.0
7816,981.6,0.0
7817,981.7,0.0
7818,981.8,0.0
7819,981.9,0.0
7820,982.0,0.0
7821,982.1,0.0
7822,982.2,0.0
7823,982.3,0.0
7824,982.4,0.0
7825,982.5,0.0
7826,982.6,0.0
7827,982.7,0.0
7828,982.8,0.0
7829,982.9,0.0
7830,983.0,0.0
7831,983.1,0.0
7832,983.2,0.0
7833,983.3,0.0
7834,983.4,0.0
7835,983.5,0.0
7836,983.6,0.0
7837,983.7,0.0
7838,983.8,0.0
7839,983.9,0.0
7840,984.0,0.0
7841,984.1,0.0
7842,984.2,0.0
7843,984.3,0.0
7844,984.4,0.0
7845,984.5,0.0
7846,984.6,0.0
7847,984.7,0.0
7848,984.8,0.0
7849,984.9,0.0
7850,985.0,0.0
7851,985.1,0.0
7852,985.2,0.0
7853,985.3,0.0
7854,985.4,0.0
7855,985.5,0.0
7856,985.6,0.0
7857,985.7,0.0
7858,985.8,0.0
7859,985.9,0.0
7860,986.0,0.0
7861,986.1,0.0
7862,986.2,0.0
7863,986.3,0.0
7864,986.4,0.0
7865,986.5,0.0
7866,986.6,0.0
7867,986.7,0.0
7868,986.8,0.0
7869,986.9,0.0
7870,987.0,0.0
7871,987.1,0.0
7872,987.2,0.0
7873,987.3,0.0
7874,987.4,0.0
7875,987.5,0.0
7876,987.6,0.0
7877,987.7,0.0
7878,987.8,0.0
7879,987.9,0.0
7880,988.0,0.0
7881,988.1,0.0
7882,988.2,0.0
7883,988.3,0.0
7884,988.4,0.0
7885,988.5,0.0
7886,988.6,0.0
7887,988.7,0.0
7888,988.8,0.0
7889,988.9,0.0
7890,989.0,0.0
7891,989.1,0.0
7892,989.2,0.0
7893,989.3,0.0
7894,989.4,0.0
7895,989.5,0.0
7896,989.6,0.0
7897,989.7,0.0
7898,989.8,0.0
7899,989.9,0.0
7900,990.0,0.0
7901,990.1,0.0
7902,990.2,0.0
7903,990.3,0.0
7904,990.4,0.0
7905,990.5,0.0
7906,990.6,0.0
7907,990.7,0.0
7908,990.8,0.0
7909,990.9,0.0
7910,991.0,0.0
7911,991.1,0.0
7912,991.2,0.0
7913,991.3,0.0
7914,991.4,0.0
7915,991.5,0.0
7916,991.6,0.0
7917,991.7,0.0
7918,991.8,0.0
7919,991.9,0.0
7920,992.0,0.0
7921,992.1,0.0
7922,992.2,0.0
7923,992.3,0.0
7924,992.4,0.0
7925,992.5,0.0
7926,992.6,0.0
7927,992.7,0.0
7928,992.8,0.0
7929,992.9,0.0
7930,993.0,0.0
7931,993.1,0.0
7932,993.2,0.0
7933,993.3,0.0
7934,993.4,0.0
7935,993.5,0.0
7936,993.6,0.0
7937,993.7,0.0
7938,993.8,0.0
7939,993.9,0.0
7940,994.0,0.0
7941,994.1,0.0
7942,994.2,0.0
7943,994.3,0.0
7944,994.4,0.0
7945,994.5,0.0
7946,994.6,0.0
7947,994.7,0.0
7948,994.8,0.0
7949,994.9,0.0
7950,995.0,0.0
7951,995.1,0.0
7952,995.2,0.0
7953,995.3,0.0
7954,995.4,0.0
7955,995.5,0.0
7956,995.6,0.0
7957,995.7,0.0
7958,995.8,0.0
7959,995.9,0.0
7960,996.0,0.0
7961,996.1,0.0
7962,996.2,0.0
7963,996.3,0.0
7964,996.4,0.0
7965,996.5,0.0
7966,996.6,0.0
7967,996.7,0.0
7968,996.8,0.0
7969,996.9,0.0
7970,997.0,0.0
7971,997.1,0.0
7972,997.2,0.0
7973,997.3,0.0
7974,997.4,0.0
7975,997.5,0.0
7976,997.6,0.0
7977,997.7,0.0
7978,997.8,0.0
7979,997.9,0.0
7980,998.0,0.0
7981,998.1,0.0
7982,998.2,0.0
7983,998.3,0.0
7984,998.4,0.0
7985,998.5,0.0
7986,998.6,0.0
7987,998.7,0.0
7988,998.8,0.0
7989,998.9,0.0
7990,999.0,0.0
7991,999.1,0.0
7992,999.2,0.0
7993,999.3,0.0
7994,999.4,0.0
7995,999.5,0.0
7996,999.6,0.0
7997,999.7,0.0
7998,999.8,0.0
7999,999.9,0.0
