,wavelength,intensity
0,200.0,9547000.0
1,200.1,19150000.0
2,200.2,36006137.611
3,200.3,64220000.0
4,200.4,107400000.0
5,200.5,169401098.572
6,200.6,250700000.0
7,200.7,349800000.0
8,200.8,459934640.26
9,200.9,569100000.0
10,201.0,664100000.0
11,201.1,731600000.0
12,201.2,762338108.942
13,201.3,757200000.0
14,201.4,722000000.0
15,201.5,672663370.969
16,201.6,628000000.0
17,201.7,606300000.0
18,201.8,620844141.081
19,201.9,674100000.0
20,202.0,763500000.0
21,202.1,876100000.0
22,202.2,994633511.68
23,202.3,1101000000.0
24,202.4,1178000000.0
25,202.5,1214048147.615
26,202.6,1205000000.0
27,202.7,1150000000.0
28,202.8,1055700276.353
29,202.9,933600000.0
30,203.0,796300000.0
31,203.1,657400000.0
32,203.2,528705407.741
33,203.3,417200000.0
34,203.4,327500000.0
35,203.5,258920151.286
36,203.6,207900000.0
37,203.7,170200000.0
38,203.8,140969437.183
39,203.9,116900000.0
40,204.0,95550000.0
41,204.1,76210000.0
42,204.2,58950004.004
43,204.3,44190000.0
44,204.4,32360000.0
45,204.5,23606920.311
46,204.6,17830000.0
47,204.7,14870000.0
48,204.8,14613510.823
49,204.9,17300000.0
50,205.0,23340000.0
51,205.1,33500000.0
52,205.2,48689275.494
53,205.3,69530000.0
54,205.4,96430000.0
55,205.5,129116706.547
56,205.6,166600000.0
57,205.7,207600000.0
58,205.8,250238425.992
59,205.9,292400000.0
60,206.0,331900000.0
61,206.1,366300000.0
62,206.2,392853058.63
63,206.3,408800000.0
64,206.4,411500000.0
65,206.5,399257979.276
66,206.6,372600000.0
67,206.7,333100000.0
68,206.8,284558120.145
69,206.9,231900000.0
70,207.0,180100000.0
71,207.1,133500000.0
72,207.2,95051028.882
73,207.3,65860000.0
74,207.4,46320000.0
75,207.5,35543587.505
76,207.6,32140000.0
77,207.7,34620000.0
78,207.8,41289577.442
79,207.9,50380000.0
80,208.0,60110000.0
81,208.1,68680000.0
82,208.2,74480956.865
83,208.3,76590000.0
84,208.4,74450000.0
85,208.5,68406811.207
86,208.6,59480000.0
87,208.7,48890000.0
88,208.8,38072116.848
89,208.9,28100000.0
90,209.0,19820000.0
91,209.1,13590000.0
92,209.2,9525292.456
93,209.3,7572000.0
94,209.4,7659000.0
95,209.5,9805489.239
96,209.6,14100000.0
97,209.7,20640000.0
98,209.8,29433040.741
99,209.9,40180000.0
100,210.0,52430000.0
101,210.1,65410000.0
102,210.2,78281216.23
103,210.3,90520000.0
104,210.4,101800000.0
105,210.5,112323727.948
106,210.6,122700000.0
107,210.7,133600000.0
108,210.8,145392816.971
109,210.9,157400000.0
110,211.0,168500000.0
111,211.1,176800000.0
112,211.2,180269721.126
113,211.3,177600000.0
114,211.4,168000000.0
115,211.5,152215266.307
116,211.6,132200000.0
117,211.7,110300000.0
118,211.8,89326906.638
119,211.9,71380000.0
120,212.0,58080000.0
121,212.1,49930000.0
122,212.2,46658786.324
123,212.3,47240000.0
124,212.4,50410000.0
125,212.5,54701744.016
126,212.6,58890000.0
127,212.7,61920000.0
128,212.8,63203245.927
129,212.9,62630000.0
130,213.0,60260000.0
131,213.1,56450000.0
132,213.2,51635046.971
133,213.3,46190000.0
134,213.4,40450000.0
135,213.5,34649522.444
136,213.6,28970000.0
137,213.7,23580000.0
138,213.8,18627550.916
139,213.9,14260000.0
140,214.0,10600000.0
141,214.1,7675000.0
142,214.2,5495267.386
143,214.3,3981000.0
144,214.4,3020000.0
145,214.5,2473573.605
146,214.6,2214000.0
147,214.7,2124000.0
148,214.8,2117623.485
149,214.9,2148000.0
150,215.0,2183000.0
151,215.1,2217000.0
152,215.2,2254404.237
153,215.3,2301000.0
154,215.4,2361000.0
155,215.5,2430667.577
156,215.6,2500000.0
157,215.7,2558000.0
158,215.8,2599693.201
159,215.9,2642000.0
160,216.0,2716000.0
161,216.1,2891000.0
162,216.2,3272774.512
163,216.3,4028000.0
164,216.4,5352000.0
165,216.5,7497126.324
166,216.6,10730000.0
167,216.7,15310000.0
168,216.8,21420558.507
169,216.9,29050000.0
170,217.0,38070000.0
171,217.1,48060000.0
172,217.2,58460815.408
173,217.3,68640000.0
174,217.4,77970000.0
175,217.5,85972669.058
176,217.6,92470000.0
177,217.7,97410000.0
178,217.8,101031804.994
179,217.9,103900000.0
180,218.0,106700000.0
181,218.1,110500000.0
182,218.2,117115145.151
183,218.3,128600000.0
184,218.4,147200000.0
185,218.5,175469543.944
186,218.6,214600000.0
187,218.7,264999999.999
188,218.8,324887785.984
189,218.9,389699999.999
190,219.0,453899999.999
191,219.1,510399999.999
192,219.2,552303062.699
193,219.3,575600000.0
194,219.4,577900000.0
195,219.5,561080638.851
196,219.6,530800000.0
197,219.7,494000000.0
198,219.8,459334339.483
199,219.9,433900000.0
200,220.0,423500000.0
201,220.1,430500000.0
202,220.2,454265817.674
203,220.3,490900000.0
204,220.4,535299999.999
205,220.5,580795056.274
206,220.6,621700000.0
207,220.7,653200000.0
208,220.8,673032554.58
209,220.9,681600000.0
210,221.0,680300000.0
211,221.1,672400000.0
212,221.2,661505548.063
213,221.3,650000000.0
214,221.4,639600000.0
215,221.5,630358206.878
216,221.6,620900000.0
217,221.7,609400000.0
218,221.8,593509158.539
219,221.9,571500000.0
220,222.0,542100000.0
221,222.1,505300000.001
222,222.2,462596721.001
223,222.3,416800000.001
224,222.4,371200000.001
225,222.5,329668534.424
226,222.6,295200000.0
227,222.7,270200000.0
228,222.8,255390562.559
229,222.9,249500000.0
230,223.0,250500000.0
231,223.1,255100000.0
232,223.2,260323437.599
233,223.3,264500000.0
234,223.4,266800000.0
235,223.5,268954253.789
236,223.6,274900000.0
237,223.7,289300000.0
238,223.8,317442496.133
239,223.9,362499999.999
240,224.0,426199999.999
241,224.1,506299999.999
242,224.2,596633938.144
243,224.3,687899999.999
244,224.4,769899999.999
245,224.5,832561244.468
246,224.6,870300000.0
247,224.7,880100000.0
248,224.8,865240351.114
249,224.9,833500000.001
250,225.0,793800000.001
251,225.1,756100000.0
252,225.2,728031804.809
253,225.3,712600000.0
254,225.4,710700000.0
255,225.5,718790288.312
256,225.6,731400000.0
257,225.7,742900000.0
258,225.8,748430164.035
259,225.9,745300000.0
260,226.0,732000000.0
261,226.1,709700000.0
262,226.2,680532906.632
263,226.3,646900000.001
264,226.4,611200000.001
265,226.5,575394612.914
266,226.6,540500000.001
267,226.7,507200000.0
268,226.8,475896093.531
269,226.9,447500000.0
270,227.0,423500000.0
271,227.1,407100000.0
272,227.2,403067036.358
273,227.3,420300000.0
274,227.4,469799999.999
275,227.5,567748366.041
276,227.6,734899999.997
277,227.7,993499999.995
278,227.8,1366195137.301
279,227.9,1867999999.991
280,228.0,2505999999.989
281,228.1,3262999999.987
282,228.2,4105696445.205
283,228.3,4971999999.986
284,228.4,5788999999.988
285,228.5,6473177686.685
286,228.6,6955999999.994
287,228.7,7180999999.999
288,228.8,7129807698.55
289,228.9,6826000000.007
290,229.0,6310000000.01
291,229.1,5654000000.012
292,229.2,4932262361.174
293,229.3,4210000000.012
294,229.4,3546000000.01
295,229.5,2977892541.576
296,229.6,2525000000.007
297,229.7,2201000000.004
298,229.8,2011447033.14
299,229.9,1962000000.0
300,230.0,2059999999.997
301,230.1,2316999999.994
302,230.2,2742884035.381
303,230.3,3339999999.988
304,230.4,4105999999.985
305,230.5,5021494325.885
306,230.6,6041999999.982
307,230.7,7112999999.981
308,230.8,8161903016.071
309,230.9,9110999999.985
310,231.0,9882999999.988
311,231.1,10409999999.993
312,231.2,10656730751.306
313,231.3,10610000000.004
314,231.4,10270000000.009
315,231.5,9679992288.005
316,231.6,8911000000.015
317,231.7,8041000000.016
318,231.8,7155149712.597
319,231.9,6331000000.014
320,232.0,5636000000.011
321,232.1,5105000000.008
322,232.2,4747964526.301
323,232.3,4539000000.003
324,232.4,4439000000.001
325,232.5,4391793197.134
326,232.6,4345000000.001
327,232.7,4252000000.002
328,232.8,4086330029.279
329,232.9,3848000000.005
330,233.0,3547000000.006
331,233.1,3211000000.006
332,233.2,2873258239.944
333,233.3,2563000000.005
334,233.4,2306000000.004
335,233.5,2116510909.744
336,233.6,1997000000.002
337,233.7,1946000000.0
338,233.8,1955660861.043
339,233.9,2015999999.998
340,234.0,2116999999.998
341,234.1,2248999999.997
342,234.2,2402204846.564
343,234.3,2566999999.997
344,234.4,2733999999.997
345,234.5,2894369188.973
346,234.6,3038999999.997
347,234.7,3159999999.998
348,234.8,3254392582.556
349,234.9,3318999999.999
350,235.0,3352000000.0
351,235.1,3357000000.0
352,235.2,3335076355.985
353,235.3,3293000000.001
354,235.4,3240000000.001
355,235.5,3188390483.722
356,235.6,3153000000.0
357,235.7,3149000000.0
358,235.8,3188351141.691
359,235.9,3271999999.998
360,236.0,3393999999.997
361,236.1,3531999999.997
362,236.2,3659506663.84
363,236.3,3745999999.999
364,236.4,3762000000.001
365,236.5,3690918446.502
366,236.6,3536000000.004
367,236.7,3310000000.005
368,236.8,3047229256.9
369,236.9,2792000000.005
370,237.0,2589000000.003
371,237.1,2479000000.001
372,237.2,2495022250.817
373,237.3,2649999999.995
374,237.4,2947999999.992
375,237.5,3374980353.83
376,237.6,3903999999.988
377,237.7,4504999999.987
378,237.8,5146173233.686
379,237.9,5801999999.986
380,238.0,6450999999.986
381,238.1,7080999999.987
382,238.2,7683140648.656
383,238.3,8247999999.988
384,238.4,8763999999.989
385,238.5,9209795932.102
386,238.6,9553999999.994
387,238.7,9761999999.997
388,238.8,9798571299.043
389,238.9,9644000000.006
390,239.0,9289000000.01
391,239.1,8751000000.014
392,239.2,8064924222.064
393,239.3,7285000000.018
394,239.4,6471000000.018
395,239.5,5683490507.957
396,239.6,4969000000.015
397,239.7,4366000000.012
398,239.8,3893428651.029
399,239.9,3556000000.006
400,240.0,3353000000.003
401,240.1,3272000000.001
402,240.2,3296506380.534
403,240.3,3404999999.997
404,240.4,3573999999.996
405,240.5,3778019633.041
406,240.6,3993999999.995
407,240.7,4200999999.995
408,240.8,4385547931.665
409,240.9,4543999999.997
410,241.0,4675999999.997
411,241.1,4785999999.998
412,241.2,4878713121.987
413,241.3,4952999999.998
414,241.4,5003999999.999
415,241.5,5017851285.414
416,241.6,4978000000.002
417,241.7,4869000000.003
418,241.8,4682481801.929
419,241.9,4420000000.007
420,242.0,4089000000.009
421,242.1,3711000000.009
422,242.2,3309007407.426
423,242.3,2909000000.009
424,242.4,2536000000.009
425,242.5,2205960519.174
426,242.6,1927000000.006
427,242.7,1704000000.005
428,242.8,1534130639.669
429,242.9,1410000000.003
430,243.0,1323000000.002
431,243.1,1263000000.001
432,243.2,1221675880.243
433,243.3,1192000000.001
434,243.4,1168000000.001
435,243.5,1147556687.949
436,243.6,1131000000.0
437,243.7,1119000000.0
438,243.8,1112202782.959
439,243.9,1112000000.0
440,244.0,1120000000.0
441,244.1,1136999999.999
442,244.2,1160263742.279
443,244.3,1185999999.999
444,244.4,1209999999.999
445,244.5,1226486317.596
446,244.6,1229000000.0
447,244.7,1212000000.001
448,244.8,1173774180.456
449,244.9,1113000000.002
450,245.0,1030000000.002
451,245.1,931300000.003
452,245.2,822181398.013
453,245.3,710500000.003
454,245.4,604800000.003
455,245.5,512333885.309
456,245.6,438200000.002
457,245.7,386400000.001
458,245.8,357893824.253
459,245.9,350600000.0
460,246.0,361300000.0
461,246.1,384499999.999
462,246.2,413650953.476
463,246.3,442499999.999
464,246.4,465100000.0
465,246.5,476830105.987
466,246.6,475500000.0
467,246.7,460100000.001
468,246.8,432340689.327
469,246.9,395500000.001
470,247.0,353300000.001
471,247.1,310200000.001
472,247.2,270209294.062
473,247.3,236100000.001
474,247.4,210100000.001
475,247.5,193185703.193
476,247.6,185200000.0
477,247.7,185700000.0
478,247.8,193919105.418
479,247.9,208800000.0
480,248.0,229199999.999
481,248.1,253799999.999
482,248.2,280915618.03
483,248.3,308399999.999
484,248.4,333899999.999
485,248.5,354773145.532
486,248.6,368800000.0
487,248.7,374100000.0
488,248.8,369955637.73
489,248.9,357200000.0
490,249.0,337400000.001
491,249.1,313700000.001
492,249.2,289757297.507
493,249.3,269900000.0
494,249.4,258600000.0
495,249.5,260070332.129
496,249.6,277899999.999
497,249.7,315399999.999
498,249.8,374970350.496
499,249.9,457299999.997
500,250.0,561999999.997
501,250.1,685799999.996
502,250.2,823476101.086
503,250.3,966999999.996
504,250.4,1106999999.996
505,250.5,1232086153.656
506,250.6,1332999999.998
507,250.7,1401999999.999
508,250.8,1435709280.621
509,250.9,1436000000.0
510,251.0,1407000000.001
511,251.1,1358000000.002
512,251.2,1301797316.341
513,251.3,1252000000.001
514,251.4,1222000000.0
515,251.5,1222803698.357
516,251.6,1259999999.998
517,251.7,1336999999.997
518,251.8,1452660008.194
519,251.9,1600999999.995
520,252.0,1773999999.995
521,252.1,1959999999.994
522,252.2,2147972332.265
523,252.3,2324999999.995
524,252.4,2477999999.996
525,252.5,2595910390.465
526,252.6,2668999999.999
527,252.7,2689000000.0
528,252.8,2653388719.979
529,252.9,2564000000.003
530,253.0,2425000000.005
531,253.1,2247000000.006
532,253.2,2043387280.396
533,253.3,1829000000.007
534,253.4,1619000000.006
535,253.5,1427232186.764
536,253.6,1262000000.005
537,253.7,1129000000.004
538,253.8,1028374114.37
539,253.9,956300000.002
540,254.0,907400000.001
541,254.1,873100000.001
542,254.2,845411471.558
543,254.3,818000000.001
544,254.4,785500000.001
545,254.5,745708133.91
546,254.6,699700000.002
547,254.7,649800000.002
548,254.8,600839604.024
549,254.9,558900000.001
550,255.0,530200000.001
551,255.1,520800000.0
552,255.2,535932640.239
553,255.3,578299999.998
554,255.4,649399999.997
555,255.5,747751936.219
556,255.6,868699999.996
557,255.7,1005999999.996
558,255.8,1149809871.212
559,255.9,1289999999.996
560,256.0,1415999999.996
561,256.1,1515999999.997
562,256.2,1582498689.417
563,256.3,1610000000.0
564,256.4,1595000000.001
565,256.5,1541781413.807
566,256.6,1459000000.003
567,256.7,1357000000.003
568,256.8,1250738224.552
569,256.9,1158000000.003
570,257.0,1097000000.001
571,257.1,1084999999.999
572,257.2,1134466136.036
573,257.3,1251999999.995
574,257.4,1440999999.993
575,257.5,1695194564.024
576,257.6,1998999999.989
577,257.7,2332999999.989
578,257.8,2670174606.461
579,257.9,2982999999.99
580,258.0,3244999999.992
581,258.1,3432999999.995
582,258.2,3530002504.15
583,258.3,3532000000.002
584,258.4,3440000000.004
585,258.5,3263851253.658
586,258.6,3020000000.009
587,258.7,2727000000.01
588,258.8,2405941927.445
589,258.9,2074000000.011
590,259.0,1747000000.011
591,259.1,1439000000.01
592,259.2,1158534017.646
593,259.3,911000000.008
594,259.4,700500000.006
595,259.5,527499379.253
596,259.6,390200000.004
597,259.7,286100000.003
598,259.8,211268860.699
599,259.9,161200000.001
600,260.0,131400000.001
601,260.1,117700000.0
602,260.2,116348352.822
603,260.3,124400000.0
604,260.4,139299999.999
605,260.5,159374134.162
606,260.6,183499999.999
607,260.7,210699999.999
608,260.8,240125726.704
609,260.9,270599999.999
610,261.0,300799999.999
611,261.1,329099999.999
612,261.2,353464667.074
613,261.3,371999999.999
614,261.4,382900000.0
615,261.5,384799224.79
616,261.6,377700000.0
617,261.7,362100000.001
618,261.8,339360817.172
619,261.9,311900000.001
620,262.0,282400000.001
621,262.1,253700000.001
622,262.2,228477097.79
623,262.3,208700000.001
624,262.4,196000000.0
625,262.5,191122504.223
626,262.6,193700000.0
627,262.7,202900000.0
628,262.8,216896717.661
629,262.9,233299999.999
630,263.0,249599999.999
631,263.1,263200000.0
632,263.2,271874172.586
633,263.3,274200000.0
634,263.4,269200000.0
635,263.5,257103691.831
636,263.6,239100000.001
637,263.7,216700000.001
638,263.8,191983050.793
639,263.9,167100000.001
640,264.0,144100000.001
641,264.1,124600000.001
642,264.2,109614456.922
643,264.3,99590000.0
644,264.4,94710000.0
645,264.5,94548572.802
646,264.6,98440000.0
647,264.7,105700000.0
648,264.8,115729671.509
649,264.9,128200000.0
650,265.0,142999999.999
651,265.1,160599999.999
652,265.2,181637868.999
653,265.3,207199999.999
654,265.4,238499999.999
655,265.5,276571709.52
656,265.6,321599999.998
657,265.7,373299999.998
658,265.8,430061128.581
659,265.9,488799999.998
660,266.0,545799999.998
661,266.1,596099999.998
662,266.2,634887999.612
663,266.3,658199999.999
664,266.4,662700000.0
665,266.5,647287742.719
666,266.6,613300000.002
667,266.7,563100000.002
668,266.8,501172012.517
669,266.9,432600000.003
670,267.0,362400000.003
671,267.1,295100000.002
672,267.2,234216481.137
673,267.3,181700000.002
674,267.4,138800000.001
675,267.5,105299014.181
676,267.6,80290000.001
677,267.7,62690000.001
678,267.8,51134488.648
679,267.9,44480000.0
680,268.0,41750000.0
681,268.1,42350000.0
682,268.2,45953360.616
683,268.3,52570000.0
684,268.4,62330000.0
685,268.5,75493999.194
686,268.6,92209999.999
687,268.7,112499999.999
688,268.8,135948626.894
689,268.9,161699999.999
690,269.0,188599999.999
691,269.1,214699999.999
692,269.2,238042978.849
693,269.3,256799999.999
694,269.4,269200000.0
695,269.5,273910991.494
696,269.6,270800000.0
697,269.7,260200000.001
698,269.8,243277389.314
699,269.9,221900000.001
700,270.0,198100000.001
701,270.1,174000000.001
702,270.2,151425947.344
703,270.3,131500000.001
704,270.4,115100000.001
705,270.5,102626501.444
706,270.6,93750000.0
707,270.7,87940000.0
708,270.8,84507325.034
709,270.9,82700000.0
710,271.0,81780000.0
711,271.1,81100000.0
712,271.2,80114325.113
713,271.3,78450000.0
714,271.4,75810000.0
715,271.5,72072940.159
716,271.6,67290000.0
717,271.7,61580000.0
718,271.8,55204997.351
719,271.9,48500000.0
720,272.0,41810000.0
721,272.1,35470000.0
722,272.2,29750713.408
723,272.3,24820000.0
724,272.4,20790000.0
725,272.5,17634172.533
726,272.6,15260000.0
727,272.7,13550000.0
728,272.8,12327710.853
729,272.9,11430000.0
730,273.0,10710000.0
731,273.1,10060000.0
732,273.2,9404862.029
733,273.3,8704000.0
734,273.4,7934000.0
735,273.5,7109977.969
736,273.6,6258000.0
737,273.7,5407000.0
738,273.8,4594046.485
739,273.9,3851000.0
740,274.0,3206000.0
741,274.1,2680000.0
742,274.2,2289408.045
743,274.3,2040000.0
744,274.4,1933000.0
745,274.5,1960304.25
746,274.6,2105000.0
747,274.7,2347000.0
748,274.8,2659557.828
749,274.9,3011000.0
750,275.0,3369000.0
751,275.1,3703000.0
752,275.2,3988894.044
753,275.3,4214000.0
754,275.4,4372000.0
755,275.5,4473525.304
756,275.6,4541000.0
757,275.7,4602000.0
758,275.8,4694748.162
759,275.9,4853000.0
760,276.0,5107000.0
761,276.1,5479000.0
762,276.2,5980784.285
763,276.3,6612000.0
764,276.4,7368000.0
765,276.5,8237201.175
766,276.6,9205000.0
767,276.7,10260000.0
768,276.8,11397958.927
769,276.9,12590000.0
770,277.0,13810000.0
771,277.1,15050000.0
772,277.2,16235230.568
773,277.3,17300000.0
774,277.4,18180000.0
775,277.5,18792093.706
776,277.6,19070000.0
777,277.7,18960000.0
778,277.8,18444721.876
779,277.9,17550000.0
780,278.0,16320000.0
781,278.1,14840000.0
782,278.2,13220095.812
783,278.3,11570000.0
784,278.4,9995000.0
785,278.5,8580546.234
786,278.6,7382000.0
787,278.7,6440000.0
788,278.8,5758245.818
789,278.9,5313000.0
790,279.0,5071000.0
791,279.1,4980000.0
792,279.2,4983231.552
793,279.3,5029000.0
794,279.4,5069000.0
795,279.5,5066953.682
796,279.6,5004000.0
797,279.7,4869000.0
798,279.8,4667800.512
799,279.9,4416000.0
800,280.0,4131000.0
801,280.1,3832000.0
802,280.2,3538750.726
803,280.3,3265000.0
804,280.4,3021000.0
805,280.5,2809569.434
806,280.6,2632000.0
807,280.7,2489000.0
808,280.8,2378950.494
809,280.9,2301000.0
810,281.0,2255000.0
811,281.1,2242000.0
812,281.2,2262243.929
813,281.3,2314000.0
814,281.4,2395000.0
815,281.5,2501231.813
816,281.6,2623000.0
817,281.7,2749000.0
818,281.8,2866974.168
819,281.9,2964000.0
820,282.0,3027000.0
821,282.1,3044000.0
822,282.2,3008870.281
823,282.3,2920000.0
824,282.4,2778000.0
825,282.5,2589741.287
826,282.6,2366000.0
827,282.7,2119000.0
828,282.8,1863494.661
829,282.9,1612000.0
830,283.0,1376000.0
831,283.1,1165000.0
832,283.2,984322.613
833,283.3,837300.0
834,283.4,726200.0
835,283.5,650208.177
836,283.6,608100.0
837,283.7,598600.0
838,283.8,619866.634
839,283.9,670000.0
840,284.0,746800.0
841,284.1,846700.0
842,284.2,965011.028
843,284.3,1095000.0
844,284.4,1229000.0
845,284.5,1357594.555
846,284.6,1471000.0
847,284.7,1560000.0
848,284.8,1618542.068
849,284.9,1645000.0
850,285.0,1640000.0
851,285.1,1610000.0
852,285.2,1567057.504
853,285.3,1530000.0
854,285.4,1520000.0
855,285.5,1562298.7
856,285.6,1686000.0
857,285.7,1922000.0
858,285.8,2304322.34
859,285.9,2864000.0
860,286.0,3630000.0
861,286.1,4626000.0
862,286.2,5864840.926
863,286.3,7336000.0
864,286.4,9018000.0
865,286.5,10860707.141
866,286.6,12780000.0
867,286.7,14680000.0
868,286.8,16445119.756
869,286.9,17950000.0
870,287.0,19080000.0
871,287.1,19760000.0
872,287.2,19914968.776
873,287.3,19550000.0
874,287.4,18700000.0
875,287.5,17439904.689
876,287.6,15890000.0
877,287.7,14180000.0
878,287.8,12438553.896
879,287.9,10790000.0
880,288.0,9344000.0
881,288.1,8159000.0
882,288.2,7280505.139
883,288.3,6709000.0
884,288.4,6426000.0
885,288.5,6382973.651
886,288.6,6515000.0
887,288.7,6752000.0
888,288.8,7016086.453
889,288.9,7240000.0
890,289.0,7364000.0
891,289.1,7347000.0
892,289.2,7165909.775
893,289.3,6823000.0
894,289.4,6331000.0
895,289.5,5722091.815
896,289.6,5037000.0
897,289.7,4318000.0
898,289.8,3607138.355
899,289.9,2937000.0
900,290.0,2335000.0
901,290.1,1817000.0
902,290.2,1390777.428
903,290.3,1056000.0
904,290.4,809400.0
905,290.5,643412.684
906,290.6,550300.0
907,290.7,522700.0
908,290.8,553969.18
909,290.9,638300.0
910,291.0,769900.0
911,291.1,942100.0
912,291.2,1146878.706
913,291.3,1375000.0
914,291.4,1616000.0
915,291.5,1856473.584
916,291.6,2086000.0
917,291.7,2295000.0
918,291.8,2475224.347
919,291.9,2626000.0
920,292.0,2749000.0
921,292.1,2849000.0
922,292.2,2936304.189
923,292.3,3020000.0
924,292.4,3108000.0
925,292.5,3205066.166
926,292.6,3311000.0
927,292.7,3423000.0
928,292.8,3532721.38
929,292.9,3632000.0
930,293.0,3714000.0
931,293.1,3776000.0
932,293.2,3819730.085
933,293.3,3854000.0
934,293.4,3891000.0
935,293.5,3949042.676
936,293.6,4045000.0
937,293.7,4195000.0
938,293.8,4414056.394
939,293.9,4712000.0
940,294.0,5098000.0
941,294.1,5583000.0
942,294.2,6177650.553
943,294.3,6901000.0
944,294.4,7776000.0
945,294.5,8829509.841
946,294.6,10080000.0
947,294.7,11540000.0
948,294.8,13202001.977
949,294.9,15030000.0
950,295.0,16970000.0
951,295.1,18920000.0
952,295.2,20757305.512
953,295.3,22340000.0
954,295.4,23530000.0
955,295.5,24226201.244
956,295.6,24350000.0
957,295.7,23850000.0
958,295.8,22770063.765
959,295.9,21180000.0
960,296.0,19170000.0
961,296.1,16900000.0
962,296.2,14512040.519
963,296.3,12140000.0
964,296.4,9909000.0
965,296.5,7901409.244
966,296.6,6165000.0
967,296.7,4732000.0
968,296.8,3595927.761
969,296.9,2733000.0
970,297.0,2115000.0
971,297.1,1706000.0
972,297.2,1477254.531
973,297.3,1410000.0
974,297.4,1491000.0
975,297.5,1722236.227
976,297.6,2114000.0
977,297.7,2679000.0
978,297.8,3432781.995
979,297.9,4384000.0
980,298.0,5535000.0
981,298.1,6870000.0
982,298.2,8358961.67
983,298.3,9947000.0
984,298.4,11570000.0
985,298.5,13150913.769
986,298.6,14610000.0
987,298.7,15870000.0
988,298.8,16868826.756
989,298.9,17570000.0
990,299.0,17950000.0
991,299.1,18020000.0
992,299.2,17824381.353
993,299.3,17420000.0
994,299.4,16870000.0
995,299.5,16251871.37
996,299.6,15630000.0
997,299.7,15060000.0
998,299.8,14577124.886
999,299.9,14200000.0
1000,300.0,13940000.0
1001,300.1,13790000.0
1002,300.2,13730968.06
1003,300.3,13740000.0
1004,300.4,13790000.0
1005,300.5,13845167.28
1006,300.6,13890000.0
1007,300.7,13910000.0
1008,300.8,13877874.773
1009,300.9,13790000.0
1010,301.0,13650000.0
1011,301.1,13460000.0
1012,301.2,13216412.657
1013,301.3,12920000.0
1014,301.4,12570000.0
1015,301.5,12154120.004
1016,301.6,11660000.0
1017,301.7,11080000.0
1018,301.8,10419322.407
1019,301.9,9675000.0
1020,302.0,8847000.0
1021,302.1,7958000.0
1022,302.2,7034511.586
1023,302.3,6112000.0
1024,302.4,5229000.0
1025,302.5,4426848.732
1026,302.6,3750000.0
1027,302.7,3243000.0
1028,302.8,2949393.764
1029,302.9,2917000.0
1030,303.0,3196000.0
1031,303.1,3841000.0
1032,303.2,4905756.551
1033,303.3,6439000.0
1034,303.4,8486000.0
1035,303.5,11071256.238
1036,303.6,14170000.0
1037,303.7,17740000.0
1038,303.8,21697715.147
1039,303.9,25880000.0
1040,304.0,30100000.0
1041,304.1,34140000.0
1042,304.2,37749925.776
1043,304.3,40720000.0
1044,304.4,42860000.0
1045,304.5,44032968.339
1046,304.6,44210000.0
1047,304.7,43410000.0
1048,304.8,41756083.483
1049,304.9,39450000.0
1050,305.0,36720000.0
1051,305.1,33840000.0
1052,305.2,31070228.679
1053,305.3,28630000.0
1054,305.4,26710000.0
1055,305.5,25408995.073
1056,305.6,24750000.0
1057,305.7,24720000.0
1058,305.8,25211694.956
1059,305.9,26070000.0
1060,306.0,27140000.0
1061,306.1,28280000.0
1062,306.2,29320053.848
1063,306.3,30150000.0
1064,306.4,30690000.0
1065,306.5,30913968.183
1066,306.6,30830000.0
1067,306.7,30460000.0
1068,306.8,29856452.981
1069,306.9,29070000.0
1070,307.0,28150000.0
1071,307.1,27150000.0
1072,307.2,26119638.494
1073,307.3,25100000.0
1074,307.4,24130000.0
1075,307.5,23248797.243
1076,307.6,22500000.0
1077,307.7,21930000.0
1078,307.8,21582968.768
1079,307.9,21470000.0
1080,308.0,21590000.0
1081,308.1,21920000.0
1082,308.2,22398352.392
1083,308.3,22940000.0
1084,308.4,23450000.0
1085,308.5,23816522.499
1086,308.6,23950000.0
1087,308.7,23770000.0
1088,308.8,23216496.336
1089,308.9,22280000.0
1090,309.0,20970000.0
1091,309.1,19330000.0
1092,309.2,17438746.292
1093,309.3,15390000.0
1094,309.4,13280000.0
1095,309.5,11201771.84
1096,309.6,9230000.0
1097,309.7,7430000.0
1098,309.8,5843342.231
1099,309.9,4487000.0
1100,310.0,3368000.0
1101,310.1,2473000.0
1102,310.2,1780679.95
1103,310.3,1265000.0
1104,310.4,898700.0
1105,310.5,655303.31
1106,310.6,513900.0
1107,310.7,456300.0
1108,310.8,470346.356
1109,310.9,548700.0
1110,311.0,685600.0
1111,311.1,877900.0
1112,311.2,1122222.635
1113,311.3,1414000.0
1114,311.4,1747000.0
1115,311.5,2109132.197
1116,311.6,2486000.0
1117,311.7,2862000.0
1118,311.8,3218188.911
1119,311.9,3537000.0
1120,312.0,3803000.0
1121,312.1,4007000.0
1122,312.2,4144807.6
1123,312.3,4225000.0
1124,312.4,4261000.0
1125,312.5,4274473.45
1126,312.6,4295000.0
1127,312.7,4354000.0
1128,312.8,4482780.874
1129,312.9,4708000.0
1130,313.0,5052000.0
1131,313.1,5525000.0
1132,313.2,6133203.903
1133,313.3,6876000.0
1134,313.4,7751000.0
1135,313.5,8764143.383
1136,313.6,9955000.0
1137,313.7,11380000.0
1138,313.8,13157893.534
1139,313.9,15530000.0
1140,314.0,18800000.0
1141,314.1,23430000.0
1142,314.2,30061286.558
1143,314.3,39569999.999
1144,314.4,52939999.999
1145,314.5,71377949.506
1146,314.6,96159999.998
1147,314.7,128599999.998
1148,314.8,169986930.797
1149,314.9,220999999.996
1150,315.0,281999999.996
1151,315.1,352599999.995
1152,315.2,431494320.455
1153,315.3,516099999.994
1154,315.4,603299999.994
1155,315.5,688955016.813
1156,315.6,768499999.995
1157,315.7,837299999.996
1158,315.8,891008440.227
1159,315.9,926799999.998
1160,316.0,942700000.0
1161,316.1,938800000.001
1162,316.2,917020592.152
1163,316.3,881600000.003
1164,316.4,837700000.003
1165,316.5,792087208.601
1166,316.6,752000000.002
1167,316.7,724600000.001
1168,316.8,716243641.122
1169,316.9,731499999.998
1170,317.0,773799999.996
1171,317.1,843599999.994
1172,317.2,939344803.109
1173,317.3,1055999999.992
1174,317.4,1186999999.991
1175,317.5,1323139304.001
1176,317.6,1454999999.992
1177,317.7,1572999999.993
1178,317.8,1667014409.033
1179,317.9,1728999999.997
1180,318.0,1753000000.0
1181,318.1,1738000000.002
1182,318.2,1682168638.015
1183,318.3,1590000000.007
1184,318.4,1468000000.009
1185,318.5,1323553795.836
1186,318.6,1165000000.011
1187,318.7,1001000000.011
1188,318.8,840065197.306
1189,318.9,688200000.01
1190,319.0,550400000.009
1191,319.1,429900000.008
1192,319.2,327867907.751
1193,319.3,244000000.005
1194,319.4,177400000.004
1195,319.5,125939505.169
1196,319.6,87280000.002
1197,319.7,59090000.002
1198,319.8,39063172.335
1199,319.9,25280000.001
1200,320.0,16020000.001
1201,320.1,9981000.0
1202,320.2,6146327.067
1203,320.3,3830000.0
1204,320.4,2470000.0
1205,320.5,1719271.097
1206,320.6,1366000.0
1207,320.7,1239000.0
1208,320.8,1247499.938
1209,320.9,1339000.0
1210,321.0,1471000.0
1211,321.1,1622000.0
1212,321.2,1778540.662
1213,321.3,1933000.0
1214,321.4,2080000.0
1215,321.5,2217798.376
1216,321.6,2346000.0
1217,321.7,2465000.0
1218,321.8,2577209.168
1219,321.9,2683000.0
1220,322.0,2782000.0
1221,322.1,2873000.0
1222,322.2,2952171.126
1223,322.3,3014000.0
1224,322.4,3052000.0
1225,322.5,3057936.981
1226,322.6,3027000.0
1227,322.7,2955000.0
1228,322.8,2837977.073
1229,322.9,2679000.0
1230,323.0,2483000.0
1231,323.1,2256000.0
1232,323.2,2008159.645
1233,323.3,1750000.0
1234,323.4,1492000.0
1235,323.5,1244471.21
1236,323.6,1015000.0
1237,323.7,809700.0
1238,323.8,631344.103
1239,323.9,480700.0
1240,324.0,357700.0
1241,324.1,260100.0
1242,324.2,184748.304
1243,324.3,128200.0
1244,324.4,86940.0
1245,324.5,57548.401
1246,324.6,37250.0
1247,324.7,23550.0
1248,324.8,14523.667
1249,324.9,8804.0
1250,325.0,5240.0
1251,325.1,3114.0
1252,325.2,1915.114
1253,325.3,1355.0
1254,325.4,1227.0
1255,325.5,1455.94
1256,325.6,2056.0
1257,325.7,3072.0
1258,325.8,4620.712
1259,325.9,6873.0
1260,326.0,10020.0
1261,326.1,14300.0
1262,326.2,19974.919
1263,326.3,27290.0
1264,326.4,36480.0
1265,326.5,47733.259
1266,326.6,61130.0
1267,326.7,76710.0
1268,326.8,94388.103
1269,326.9,113800.0
1270,327.0,134600.0
1271,327.1,156600.0
1272,327.2,179095.828
1273,327.3,201700.0
1274,327.4,224100.0
1275,327.5,245860.76
1276,327.6,266800.0
1277,327.7,286800.0
1278,327.8,305708.457
1279,327.9,323400.0
1280,328.0,339700.0
1281,328.1,354200.0
1282,328.2,366406.073
1283,328.3,375700.0
1284,328.4,381400.0
1285,328.5,382752.526
1286,328.6,379200.0
1287,328.7,370300.0
1288,328.8,355933.079
1289,328.9,336400.0
1290,329.0,312200.0
1291,329.1,284300.0
1292,329.2,253904.721
1293,329.3,222200.0
1294,329.4,190400.0
1295,329.5,159776.322
1296,329.6,131200.0
1297,329.7,105400.0
1298,329.8,82883.268
1299,329.9,63740.0
1300,330.0,47930.0
1301,330.1,35250.0
1302,330.2,25348.514
1303,330.3,17820.0
1304,330.4,12250.0
1305,330.5,8230.761
1306,330.6,5413.0
1307,330.7,3478.0
1308,330.8,2181.025
1309,330.9,1342.0
1310,331.0,806.6
1311,331.1,475.7
1312,331.2,276.458
1313,331.3,165.6
1314,331.4,110.6
1315,331.5,96.862
1316,331.6,125.7
1317,331.7,204.3
1318,331.8,357.84
1319,331.9,641.1
1320,332.0,1129.0
1321,332.1,1952.0
1322,332.2,3298.044
1323,332.3,5505.0
1324,332.4,8981.0
1325,332.5,14347.374
1326,332.6,22580.0
1327,332.7,34820.0
1328,332.8,52703.126
1329,332.9,78570.0
1330,333.0,115100.0
1331,333.1,165800.0
1332,333.2,235024.905
1333,333.3,328400.0
1334,333.4,452100.0
1335,333.5,613568.446
1336,333.6,821500.0
1337,333.7,1085000.0
1338,333.8,1413961.016
1339,333.9,1819000.0
1340,334.0,2310000.0
1341,334.1,2894000.0
1342,334.2,3578184.009
1343,334.3,4364000.0
1344,334.4,5250000.0
1345,334.5,6227956.595
1346,334.6,7282000.0
1347,334.7,8393000.0
1348,334.8,9533768.213
1349,334.9,10670000.0
1350,335.0,11770000.0
1351,335.1,12810000.0
1352,335.2,13745191.143
1353,335.3,14550000.0
1354,335.4,15210000.0
1355,335.5,15726687.534
1356,335.6,16100000.0
1357,335.7,16330000.0
1358,335.8,16427215.631
1359,335.9,16420000.0
1360,336.0,16330000.0
1361,336.1,16150000.0
1362,336.2,15907607.887
1363,336.3,15600000.0
1364,336.4,15220000.0
1365,336.5,14781419.439
1366,336.6,14280000.0
1367,336.7,13710000.0
1368,336.8,13086893.411
1369,336.9,12440000.0
1370,337.0,11800000.0
1371,337.1,11200000.0
1372,337.2,10697524.295
1373,337.3,10360000.0
1374,337.4,10250000.0
1375,337.5,10411352.926
1376,337.6,10900000.0
1377,337.7,11770000.0
1378,337.8,13047196.059
1379,337.9,14740000.0
1380,338.0,16850000.0
1381,338.1,19360000.0
1382,338.2,22240825.882
1383,338.3,25470000.0
1384,338.4,29020000.0
1385,338.5,32849207.718
1386,338.6,36970000.0
1387,338.7,41410000.0
1388,338.8,46210643.756
1389,338.9,51470000.0
1390,339.0,57310000.0
1391,339.1,63899999.999
1392,339.2,71452080.543
1393,339.3,80179999.999
1394,339.4,90289999.999
1395,339.5,101967368.73
1396,339.6,115399999.999
1397,339.7,130699999.999
1398,339.8,147702134.789
1399,339.9,166299999.998
1400,340.0,186299999.998
1401,340.1,207099999.998
1402,340.2,228207501.097
1403,340.3,248899999.998
1404,340.4,268399999.999
1405,340.5,285994204.936
1406,340.6,300899999.999
1407,340.7,312399999.999
1408,340.8,320102675.429
1409,340.9,323600000.0
1410,341.0,322600000.0
1411,341.1,317300000.001
1412,341.2,307820868.525
1413,341.3,294600000.001
1414,341.4,278200000.001
1415,341.5,259293524.626
1416,341.6,238600000.002
1417,341.7,216900000.002
1418,341.8,195116263.15
1419,341.9,173900000.002
1420,342.0,153900000.002
1421,342.1,135900000.001
1422,342.2,120113646.875
1423,342.3,106900000.001
1424,342.4,96590000.001
1425,342.5,89094876.445
1426,342.6,84300000.0
1427,342.7,82070000.0
1428,342.8,82108188.023
1429,342.9,84100000.0
1430,343.0,87740000.0
1431,343.1,92750000.0
1432,343.2,98922512.608
1433,343.3,106099999.999
1434,343.4,114199999.999
1435,343.5,123372076.374
1436,343.6,133699999.999
1437,343.7,145299999.999
1438,343.8,158488421.2
1439,343.9,173399999.999
1440,344.0,190099999.999
1441,344.1,208599999.998
1442,344.2,228759050.206
1443,344.3,250199999.998
1444,344.4,272499999.998
1445,344.5,295177293.719
1446,344.6,317399999.998
1447,344.7,338299999.998
1448,344.8,357164002.471
1449,344.9,373099999.999
1450,345.0,385299999.999
1451,345.1,393400000.0
1452,345.2,396844020.011
1453,345.3,395600000.0
1454,345.4,389800000.001
1455,345.5,379685061.198
1456,345.6,365900000.001
1457,345.7,349200000.001
1458,345.8,330386928.537
1459,345.9,310300000.002
1460,346.0,289800000.002
1461,346.1,269700000.002
1462,346.2,250439002.012
1463,346.3,232500000.001
1464,346.4,216300000.001
1465,346.5,201851056.703
1466,346.6,189100000.001
1467,346.7,178000000.001
1468,346.8,168439876.875
1469,346.9,160100000.001
1470,347.0,152700000.001
1471,347.1,146200000.001
1472,347.2,140259578.106
1473,347.3,134800000.0
1474,347.4,129800000.0
1475,347.5,125142125.479
1476,347.6,120900000.0
1477,347.7,117200000.0
1478,347.8,114155866.807
1479,347.9,111900000.0
1480,348.0,110600000.0
1481,348.1,110500000.0
1482,348.2,111697384.751
1483,348.3,114200000.0
1484,348.4,118000000.0
1485,348.5,123075274.115
1486,348.6,129399999.999
1487,348.7,136899999.999
1488,348.8,145356864.043
1489,348.9,154699999.999
1490,349.0,164899999.999
1491,349.1,175899999.999
1492,349.2,187662533.124
1493,349.3,200199999.999
1494,349.4,213499999.999
1495,349.5,227427352.604
1496,349.6,241899999.999
1497,349.7,256799999.999
1498,349.8,271773932.257
1499,349.9,286399999.999
1500,350.0,300299999.999
1501,350.1,313199999.999
1502,350.2,324598140.925
1503,350.3,334099999.999
1504,350.4,341399999.999
1505,350.5,346374659.795
1506,350.6,349000000.0
1507,350.7,349300000.0
1508,350.8,347434085.908
1509,350.9,343600000.0
1510,351.0,338100000.001
1511,351.1,331500000.001
1512,351.2,323966519.647
1513,351.3,315900000.001
1514,351.4,307700000.001
1515,351.5,299459899.316
1516,351.6,291500000.001
1517,351.7,284100000.001
1518,351.8,277136919.734
1519,351.9,270700000.001
1520,352.0,264900000.0
1521,352.1,259600000.0
1522,352.2,254600574.209
1523,352.3,249700000.0
1524,352.4,244700000.0
1525,352.5,239408755.054
1526,352.6,233600000.001
1527,352.7,227000000.001
1528,352.8,219260129.116
1529,352.9,210300000.001
1530,353.0,200100000.001
1531,353.1,188600000.001
1532,353.2,175854205.479
1533,353.3,162100000.001
1534,353.4,147600000.001
1535,353.5,132599669.592
1536,353.6,117500000.001
1537,353.7,102700000.001
1538,353.8,88448173.178
1539,353.9,75060000.001
1540,354.0,62840000.001
1541,354.1,51940000.001
1542,354.2,42465350.443
1543,354.3,34450000.001
1544,354.4,27890000.001
1545,354.5,22707560.385
1546,354.6,18820000.0
1547,354.7,16140000.0
1548,354.8,14556835.518
1549,354.9,13990000.0
1550,355.0,14380000.0
1551,355.1,15710000.0
1552,355.2,17973054.403
1553,355.3,21200000.0
1554,355.4,25440000.0
1555,355.5,30768023.374
1556,355.6,37239999.999
1557,355.7,44899999.999
1558,355.8,53757557.9
1559,355.9,63759999.999
1560,356.0,74819999.999
1561,356.1,86749999.999
1562,356.2,99270849.551
1563,356.3,112099999.999
1564,356.4,124899999.999
1565,356.5,137127908.553
1566,356.6,148299999.999
1567,356.7,157999999.999
1568,356.8,165955483.033
1569,356.9,171900000.0
1570,357.0,175600000.0
1571,357.1,177000000.0
1572,357.2,176182374.865
1573,357.3,173400000.0
1574,357.4,169000000.0
1575,357.5,163503633.983
1576,357.6,157300000.001
1577,357.7,150800000.001
1578,357.8,144586451.86
1579,357.9,138900000.0
1580,358.0,133900000.0
1581,358.1,129800000.0
1582,358.2,126645955.831
1583,358.3,124200000.0
1584,358.4,122200000.0
1585,358.5,120495444.546
1586,358.6,118800000.0
1587,358.7,116800000.0
1588,358.8,114258434.626
1589,358.9,111000000.0
1590,359.0,106900000.0
1591,359.1,102000000.0
1592,359.2,96415180.344
1593,359.3,90260000.001
1594,359.4,83670000.001
1595,359.5,76863941.748
1596,359.6,70040000.001
1597,359.7,63380000.001
1598,359.8,57033416.734
1599,359.9,51100000.001
1600,360.0,45650000.0
1601,360.1,40690000.0
1602,360.2,36232689.771
1603,360.3,32240000.0
1604,360.4,28660000.0
1605,360.5,25445668.063
1606,360.6,22550000.0
1607,360.7,19930000.0
1608,360.8,17560165.206
1609,360.9,15420000.0
1610,361.0,13500000.0
1611,361.1,11820000.0
1612,361.2,10365798.179
1613,361.3,9153000.0
1614,361.4,8204000.0
1615,361.5,7524664.645
1616,361.6,7117000.0
1617,361.7,6981000.0
1618,361.8,7106253.821
1619,361.9,7472000.0
1620,362.0,8053000.0
1621,362.1,8813000.0
1622,362.2,9707593.335
1623,362.3,10690000.0
1624,362.4,11710000.0
1625,362.5,12708654.748
1626,362.6,13640000.0
1627,362.7,14460000.0
1628,362.8,15123180.253
1629,362.9,15610000.0
1630,363.0,15910000.0
1631,363.1,16020000.0
1632,363.2,15942568.411
1633,363.3,15710000.0
1634,363.4,15360000.0
1635,363.5,14922449.153
1636,363.6,14430000.0
1637,363.7,13920000.0
1638,363.8,13435393.46
1639,363.9,12990000.0
1640,364.0,12590000.0
1641,364.1,12240000.0
1642,364.2,11930849.081
1643,364.3,11650000.0
1644,364.4,11380000.0
1645,364.5,11090022.379
1646,364.6,10770000.0
1647,364.7,10410000.0
1648,364.8,9983372.786
1649,364.9,9491000.0
1650,365.0,8940000.0
1651,365.1,8332000.0
1652,365.2,7679678.464
1653,365.3,6998000.0
1654,365.4,6302000.0
1655,365.5,5607840.209
1656,365.6,4931000.0
1657,365.7,4286000.0
1658,365.8,3683844.775
1659,365.9,3132000.0
1660,366.0,2637000.0
1661,366.1,2203000.0
1662,366.2,1828546.159
1663,366.3,1513000.0
1664,366.4,1255000.0
1665,366.5,1048573.816
1666,366.6,888800.0
1667,366.7,770900.0
1668,366.8,688460.485
1669,366.9,635200.0
1670,367.0,605100.0
1671,367.1,592600.0
1672,367.2,592459.813
1673,367.3,600500.0
1674,367.4,613100.0
1675,367.5,628307.317
1676,367.6,646500.0
1677,367.7,669200.0
1678,367.8,701591.1
1679,367.9,754000.0
1680,368.0,839900.0
1681,368.1,981300.0
1682,368.2,1207623.729
1683,368.3,1563000.0
1684,368.4,2099000.0
1685,368.5,2887076.781
1686,368.6,4020000.0
1687,368.7,5601000.0
1688,368.8,7759728.875
1689,368.9,10640000.0
1690,369.0,14390000.0
1691,369.1,19169999.999
1692,369.2,25140035.502
1693,369.3,32409999.999
1694,369.4,41069999.999
1695,369.5,51157721.608
1696,369.6,62599999.999
1697,369.7,75269999.999
1698,369.8,88915899.437
1699,369.9,103199999.999
1700,370.0,117699999.999
1701,370.1,131799999.999
1702,370.2,145081803.2
1703,370.3,156899999.999
1704,370.4,166599999.999
1705,370.5,173803691.485
1706,370.6,178200000.0
1707,370.7,179500000.0
1708,370.8,177587914.831
1709,370.9,172700000.001
1710,371.0,165100000.001
1711,371.1,155000000.001
1712,371.2,143155582.344
1713,371.3,130200000.001
1714,371.4,116700000.001
1715,371.5,103259371.036
1716,371.6,90540000.001
1717,371.7,79180000.001
1718,371.8,69665918.692
1719,371.9,62430000.001
1720,372.0,57870000.0
1721,372.1,56270000.0
1722,372.2,57883429.047
1723,372.3,62859999.999
1724,372.4,71309999.999
1725,372.5,83252653.968
1726,372.6,98519999.998
1727,372.7,116899999.998
1728,372.8,138098957.48
1729,372.9,161499999.998
1730,373.0,186399999.998
1731,373.1,211999999.997
1732,373.2,237234471.37
1733,373.3,261099999.998
1734,373.4,282599999.998
1735,373.5,300684865.794
1736,373.6,314499999.999
1737,373.7,323299999.999
1738,373.8,326630948.462
1739,373.9,324400000.0
1740,374.0,316700000.001
1741,374.1,304000000.001
1742,374.2,286778051.432
1743,374.3,266000000.002
1744,374.4,242700000.002
1745,374.5,217700061.069
1746,374.6,192000000.003
1747,374.7,166600000.002
1748,374.8,142235395.1
1749,374.9,119500000.002
1750,375.0,98880000.002
1751,375.1,80540000.002
1752,375.2,64619672.003
1753,375.3,51080000.001
1754,375.4,39810000.001
1755,375.5,30610283.847
1756,375.6,23230000.001
1757,375.7,17410000.001
1758,375.8,12894602.613
1759,375.9,9449000.0
1760,376.0,6853000.0
1761,376.1,4925000.0
1762,376.2,3507590.011
1763,376.3,2481000.0
1764,376.4,1741000.0
1765,376.5,1212747.916
1766,376.6,841500.0
1767,376.7,579700.0
1768,376.8,396377.686
1769,376.9,270100.0
1770,377.0,182600.0
1771,377.1,122600.0
1772,377.2,81575.779
1773,377.3,53980.0
1774,377.4,35360.0
1775,377.5,22893.207
1776,377.6,14740.0
1777,377.7,9363.0
1778,377.8,5861.423
1779,377.9,3649.0
1780,378.0,2236.0
1781,378.1,1353.0
1782,378.2,804.856
1783,378.3,475.1
1784,378.4,275.7
1785,378.5,156.621
1786,378.6,88.87
1787,378.7,49.34
1788,378.8,26.69
1789,378.9,14.52
1790,379.0,7.699
1791,379.1,4.018
1792,379.2,2.048
1793,379.3,1.053
1794,379.4,0.544
1795,379.5,0.304
1796,379.6,0.252
1797,379.7,0.342
1798,379.8,0.632
1799,379.9,1.314
1800,380.0,2.725
1801,380.1,5.593
1802,380.2,11.077
1803,380.3,22.54
1804,380.4,44.19
1805,380.5,84.159
1806,380.6,162.1
1807,380.7,303.2
1808,380.8,554.798
1809,380.9,1012.0
1810,381.0,1807.0
1811,381.1,3176.0
1812,381.2,5467.092
1813,381.3,9362.0
1814,381.4,15700.0
1815,381.5,25848.171
1816,381.6,42170.0
1817,381.7,67510.0
1818,381.8,106254.559
1819,381.9,165200.0
1820,382.0,252500.0
1821,382.1,379900.0
1822,382.2,562547.319
1823,382.3,821100.0
1824,382.4,1179000.0
1825,382.5,1666900.573
1826,382.6,2322000.0
1827,382.7,3184000.0
1828,382.8,4297861.562
1829,382.9,5711000.0
1830,383.0,7471000.0
1831,383.1,9623000.0
1832,383.2,12201798.994
1833,383.3,15230000.0
1834,383.4,18720000.0
1835,383.5,22649258.913
1836,383.6,26970000.0
1837,383.7,31620000.0
1838,383.8,36492089.171
1839,383.9,41449999.999
1840,384.0,46349999.999
1841,384.1,51030000.0
1842,384.2,55302200.616
1843,384.3,59000000.0
1844,384.4,61970000.0
1845,384.5,64090958.445
1846,384.6,65280000.0
1847,384.7,65480000.0
1848,384.8,64711405.277
1849,384.9,63040000.0
1850,385.0,60550000.0
1851,385.1,57380000.0
1852,385.2,53710665.809
1853,385.3,49720000.0
1854,385.4,45590000.0
1855,385.5,41516556.554
1856,385.6,37650000.0
1857,385.7,34130000.0
1858,385.8,31088460.766
1859,385.9,28590000.0
1860,386.0,26680000.0
1861,386.1,25390000.0
1862,386.2,24714984.086
1863,386.3,24610000.0
1864,386.4,25020000.0
1865,386.5,25879787.18
1866,386.6,27110000.0
1867,386.7,28620000.0
1868,386.8,30294217.2
1869,386.9,32040000.0
1870,387.0,33770000.0
1871,387.1,35390000.0
1872,387.2,36823555.671
1873,387.3,38030000.0
1874,387.4,38980000.0
1875,387.5,39665948.854
1876,387.6,40120000.0
1877,387.7,40390000.0
1878,387.8,40553651.57
1879,387.9,40710000.0
1880,388.0,40960000.0
1881,388.1,41400000.0
1882,388.2,42127078.073
1883,388.3,43210000.0
1884,388.4,44700000.0
1885,388.5,46600390.525
1886,388.6,48870000.0
1887,388.7,51450000.0
1888,388.8,54235225.069
1889,388.9,57070000.0
1890,389.0,59790000.0
1891,389.1,62230000.0
1892,389.2,64207335.619
1893,389.3,65580000.0
1894,389.4,66220000.0
1895,389.5,66026638.911
1896,389.6,64980000.0
1897,389.7,63090000.0
1898,389.8,60424317.507
1899,389.9,57130000.0
1900,390.0,53390000.0
1901,390.1,49460000.0
1902,390.2,45644074.385
1903,390.3,42390000.0
1904,390.4,40200000.0
1905,390.5,39731368.801
1906,390.6,41990000.0
1907,390.7,48129999.999
1908,390.8,59750892.032
1909,390.9,79249999.997
1910,391.0,109399999.996
1911,391.1,153899999.994
1912,391.2,217571765.009
1913,391.3,306599999.989
1914,391.4,427799999.985
1915,391.5,589469681.767
1916,391.6,800899999.974
1917,391.7,1071999999.967
1918,391.8,1413795802.649
1919,391.9,1834999999.949
1920,392.0,2343999999.939
1921,392.1,2948999999.929
1922,392.2,3651444976.041
1923,392.3,4448999999.907
1924,392.4,5336999999.899
1925,392.5,6302200826.531
1926,392.6,7323999999.886
1927,392.7,8378999999.883
1928,392.8,9436792836.685
1929,392.9,10459999999.892
1930,393.0,11409999999.901
1931,393.1,12249999999.915
1932,393.2,12947743074.116
1933,393.3,13469999999.954
1934,393.4,13789999999.976
1935,393.5,13904598196.738
1936,393.6,13800000000.024
1937,393.7,13470000000.047
1938,393.8,12949778975.34
1939,393.9,12260000000.085
1940,394.0,11420000000.1
1941,394.1,10470000000.109
1942,394.2,9452762967.131
1943,394.3,8405000000.117
1944,394.4,7362000000.113
1945,394.5,6357135320.933
1946,394.6,5416000000.1
1947,394.7,4561000000.089
1948,394.8,3808209505.849
1949,394.9,3167000000.064
1950,395.0,2644000000.051
1951,395.1,2240000000.038
1952,395.2,1952842830.039
1953,395.3,1779000000.013
1954,395.4,1714000000.001
1955,395.5,1750762265.497
1956,395.6,1881999999.98
1957,395.7,2099999999.971
1958,395.8,2394847285.296
1959,395.9,2755999999.956
1960,396.0,3171999999.951
1961,396.1,3627999999.948
1962,396.2,4108493060.873
1963,396.3,4595999999.946
1964,396.4,5071999999.948
1965,396.5,5516485343.279
1966,396.6,5910999999.959
1967,396.7,6237999999.968
1968,396.8,6482654760.602
1969,396.9,6634999999.988
1970,397.0,6687000000.0
1971,397.1,6635000000.012
1972,397.2,6481704482.926
1973,397.3,6235000000.033
1974,397.4,5905000000.041
1975,397.5,5506649858.124
1976,397.6,5056000000.053
1977,397.7,4570000000.056
1978,397.8,4068118317.329
1979,397.9,3566000000.056
1980,398.0,3078000000.054
1981,398.1,2617000000.05
1982,398.2,2191271622.872
1983,398.3,1807000000.041
1984,398.4,1469000000.035
1985,398.5,1177450267.795
1986,398.6,930700000.025
1987,398.7,726500000.021
1988,398.8,560845027.552
1989,398.9,429000000.013
1990,399.0,326100000.01
1991,399.1,247200000.008
1992,399.2,187880737.796
1993,399.3,144100000.004
1994,399.4,112100000.003
1995,399.5,89077349.166
1996,399.6,72710000.002
1997,399.7,60900000.001
1998,399.8,52248174.246
1999,399.9,45760000.001
2000,400.0,40590000.001
2001,400.1,36250000.0
2002,400.2,32404292.293
2003,400.3,28880000.0
2004,400.4,25560000.0
2005,400.5,22402836.889
2006,400.6,19420000.0
2007,400.7,16630000.0
2008,400.8,14047179.481
2009,400.9,11700000.0
2010,401.0,9613000.0
2011,401.1,7783000.0
2012,401.2,6210951.477
2013,401.3,4884000.0
2014,401.4,3784000.0
2015,401.5,2889016.079
2016,401.6,2174000.0
2017,401.7,1613000.0
2018,401.8,1179797.741
2019,401.9,852000.0
2020,402.0,608900.0
2021,402.1,432700.0
2022,402.2,308390.089
2023,402.3,224800.0
2024,402.4,172300.0
2025,402.5,144302.524
2026,402.6,136500.0
2027,402.7,145400.0
2028,402.8,169324.037
2029,402.9,207700.0
2030,403.0,260300.0
2031,403.1,327500.0
2032,403.2,409554.373
2033,403.3,506700.0
2034,403.4,619000.0
2035,403.5,745662.024
2036,403.6,885300.0
2037,403.7,1036000.0
2038,403.8,1194181.994
2039,403.9,1356000.0
2040,404.0,1517000.0
2041,404.1,1671000.0
2042,404.2,1814081.342
2043,404.3,1941000.0
2044,404.4,2046000.0
2045,404.5,2123989.572
2046,404.6,2172000.0
2047,404.7,2188000.0
2048,404.8,2171757.019
2049,404.9,2124000.0
2050,405.0,2046000.0
2051,405.1,1941000.0
2052,405.2,1814104.419
2053,405.3,1671000.0
2054,405.4,1517000.0
2055,405.5,1356162.412
2056,405.6,1194000.0
2057,405.7,1036000.0
2058,405.8,885662.962
2059,405.9,746000.0
2060,406.0,619600.0
2061,406.1,507500.0
2062,406.2,410627.912
2063,406.3,329000.0
2064,406.4,262300.0
2065,406.5,209981.02
2066,406.6,171600.0
2067,406.7,146800.0
2068,406.8,135565.393
2069,406.9,138600.0
2070,407.0,157000.0
2071,407.1,192800.0
2072,407.2,248726.543
2073,407.3,328700.0
2074,407.4,437100.0
2075,407.5,579141.689
2076,407.6,760800.0
2077,407.7,988200.0
2078,407.8,1267382.141
2079,407.9,1604000.0
2080,408.0,2003000.0
2081,408.1,2467000.0
2082,408.2,2997710.244
2083,408.3,3594000.0
2084,408.4,4253000.0
2085,408.5,4967382.755
2086,408.6,5727000.0
2087,408.7,6521000.0
2088,408.8,7336972.467
2089,408.9,8160000.0
2090,409.0,8976000.0
2091,409.1,9774000.0
2092,409.2,10538799.043
2093,409.3,11270000.0
2094,409.4,11970000.0
2095,409.5,12637581.791
2096,409.6,13280000.0
2097,409.7,13910000.0
2098,409.8,14551718.714
2099,409.9,15230000.0
2100,410.0,15970000.0
2101,410.1,16800000.0
2102,410.2,17746317.829
2103,410.3,18830000.0
2104,410.4,20070000.0
2105,410.5,21480530.784
2106,410.6,23070000.0
2107,410.7,24840000.0
2108,410.8,26770659.33
2109,410.9,28840000.0
2110,411.0,31020000.0
2111,411.1,33260000.0
2112,411.2,35516867.709
2113,411.3,37730000.0
2114,411.4,39830000.0
2115,411.5,41737396.054
2116,411.6,43380000.0
2117,411.7,44690000.0
2118,411.8,45609021.132
2119,411.9,46090000.0
2120,412.0,46090000.0
2121,412.1,45580000.0
2122,412.2,44564404.338
2123,412.3,43070000.0
2124,412.4,41130000.0
2125,412.5,38792927.443
2126,412.6,36130000.0
2127,412.7,33220000.0
2128,412.8,30150971.019
2129,412.9,27010000.0
2130,413.0,23880000.0
2131,413.1,20830000.0
2132,413.2,17921591.441
2133,413.3,15210000.0
2134,413.4,12740000.0
2135,413.5,10522326.381
2136,413.6,8567000.0
2137,413.7,6881000.0
2138,413.8,5450717.462
2139,413.9,4257000.0
2140,414.0,3279000.0
2141,414.1,2490000.0
2142,414.2,1863886.866
2143,414.3,1376000.0
2144,414.4,1002000.0
2145,414.5,719009.796
2146,414.6,508800.0
2147,414.7,354900.0
2148,414.8,243914.976
2149,414.9,165500.0
2150,415.0,110600.0
2151,415.1,72910.0
2152,415.2,47310.214
2153,415.3,30340.0
2154,415.4,19160.0
2155,415.5,11892.24
2156,415.6,7318.0
2157,415.7,4427.0
2158,415.8,2627.632
2159,415.9,1552.0
2160,416.0,899.7
2161,416.1,514.0
2162,416.2,287.993
2163,416.3,160.8
2164,416.4,88.0
2165,416.5,46.941
2166,416.6,25.26
2167,416.7,13.24
2168,416.8,6.725
2169,416.9,3.494
2170,417.0,1.764
2171,417.1,0.894
2172,417.2,0.475
2173,417.3,0.328
2174,417.4,0.358
2175,417.5,0.574
2176,417.6,1.136
2177,417.7,2.269
2178,417.8,4.477
2179,417.9,8.9
2180,418.0,17.3
2181,418.1,33.17
2182,418.2,61.897
2183,418.3,117.0
2184,418.4,215.4
2185,418.5,387.796
2186,418.6,700.1
2187,418.7,1236.0
2188,418.8,2145.206
2189,418.9,3702.0
2190,419.0,6274.0
2191,419.1,10490.0
2192,419.2,17238.247
2193,419.3,28140.0
2194,419.4,45160.0
2195,419.5,71338.166
2196,419.6,111600.0
2197,419.7,171800.0
2198,419.8,260672.082
2199,419.9,391000.0
2200,420.0,577900.0
2201,420.1,842500.0
2202,420.2,1210674.351
2203,420.3,1718000.0
2204,420.4,2404000.0
2205,420.5,3316893.383
2206,420.6,4516000.0
2207,420.7,6064000.0
2208,420.8,8029485.595
2209,420.9,10490000.0
2210,421.0,13520000.0
2211,421.1,17179999.999
2212,421.2,21540919.825
2213,421.3,26639999.999
2214,421.4,32499999.999
2215,421.5,39113577.904
2216,421.6,46419999.999
2217,421.7,54339999.999
2218,421.8,62754537.704
2219,421.9,71479999.999
2220,422.0,80309999.999
2221,422.1,88999999.999
2222,422.2,97281139.79
2223,422.3,104899999.999
2224,422.4,111599999.999
2225,422.5,117106759.707
2226,422.6,121200000.0
2227,422.7,123700000.0
2228,422.8,124536135.685
2229,422.9,123700000.0
2230,423.0,121200000.0
2231,423.1,117100000.001
2232,423.2,111583442.231
2233,423.3,104900000.001
2234,423.4,97300000.001
2235,423.5,89010684.517
2236,423.6,80310000.001
2237,423.7,71480000.001
2238,423.8,62754667.775
2239,423.9,54340000.001
2240,424.0,46420000.001
2241,424.1,39110000.001
2242,424.2,32503052.505
2243,424.3,26640000.001
2244,424.4,21540000.001
2245,424.5,17183864.159
2246,424.6,13520000.0
2247,424.7,10490000.0
2248,424.8,8029966.958
2249,424.9,6065000.0
2250,425.0,4519000.0
2251,425.1,3322000.0
2252,425.2,2410173.799
2253,425.3,1729000.0
2254,425.4,1228000.0
2255,425.5,866318.497
2256,425.6,613400.0
2257,425.7,442400.0
2258,425.8,334087.907
2259,425.9,275600.0
2260,426.0,256400.0
2261,426.1,270800.0
2262,426.2,316036.295
2263,426.3,392000.0
2264,426.4,499600.0
2265,426.5,641681.415
2266,426.6,822400.0
2267,426.7,1046000.0
2268,426.8,1316500.632
2269,426.9,1639000.0
2270,427.0,2018000.0
2271,427.1,2455000.0
2272,427.2,2952412.342
2273,427.3,3511000.0
2274,427.4,4130000.0
2275,427.5,4804941.253
2276,427.6,5531000.0
2277,427.7,6303000.0
2278,427.8,7113802.078
2279,427.9,7956000.0
2280,428.0,8822000.0
2281,428.1,9705000.0
2282,428.2,10603313.595
2283,428.3,11510000.0
2284,428.4,12420000.0
2285,428.5,13341366.888
2286,428.6,14280000.0
2287,428.7,15240000.0
2288,428.8,16225998.172
2289,428.9,17250000.0
2290,429.0,18320000.0
2291,429.1,19430000.0
2292,429.2,20597358.934
2293,429.3,21810000.0
2294,429.4,23050000.0
2295,429.5,24310556.008
2296,429.6,25570000.0
2297,429.7,26800000.0
2298,429.8,27965009.186
2299,429.9,29030000.0
2300,430.0,29960000.0
2301,430.1,30720000.0
2302,430.2,31282626.915
2303,430.3,31620000.0
2304,430.4,31710000.0
2305,430.5,31553913.878
2306,430.6,31150000.0
2307,430.7,30500000.0
2308,430.8,29629288.189
2309,430.9,28570000.0
2310,431.0,27350000.0
2311,431.1,25990000.0
2312,431.2,24542182.746
2313,431.3,23040000.0
2314,431.4,21510000.0
2315,431.5,19980555.88
2316,431.6,18480000.0
2317,431.7,17030000.0
2318,431.8,15630183.395
2319,431.9,14290000.0
2320,432.0,13020000.0
2321,432.1,11820000.0
2322,432.2,10690450.593
2323,432.3,9628000.0
2324,432.4,8629000.0
2325,432.5,7693130.638
2326,432.6,6819000.0
2327,432.7,6005000.0
2328,432.8,5250824.292
2329,432.9,4557000.0
2330,433.0,3924000.0
2331,433.1,3352000.0
2332,433.2,2842233.744
2333,433.3,2394000.0
2334,433.4,2006000.0
2335,433.5,1676749.787
2336,433.6,1404000.0
2337,433.7,1185000.0
2338,433.8,1015900.453
2339,433.9,893100.0
2340,434.0,813000.0
2341,434.1,771400.0
2342,434.2,763790.471
2343,434.3,785800.0
2344,434.4,833100.0
2345,434.5,901256.945
2346,434.6,985500.0
2347,434.7,1081000.0
2348,434.8,1183167.18
2349,434.9,1288000.0
2350,435.0,1391000.0
2351,435.1,1486000.0
2352,435.2,1569627.322
2353,435.3,1639000.0
2354,435.4,1691000.0
2355,435.5,1722574.117
2356,435.6,1733000.0
2357,435.7,1722000.0
2358,435.8,1689021.484
2359,435.9,1635000.0
2360,436.0,1562000.0
2361,436.1,1474000.0
2362,436.2,1372707.04
2363,436.3,1262000.0
2364,436.4,1146000.0
2365,436.5,1027035.083
2366,436.6,908300.0
2367,436.7,793100.0
2368,436.8,683699.247
2369,436.9,581800.0
2370,437.0,488800.0
2371,437.1,405300.0
2372,437.2,331849.595
2373,437.3,268200.0
2374,437.4,213900.0
2375,437.5,168471.641
2376,437.6,131000.0
2377,437.7,100500.0
2378,437.8,76130.842
2379,437.9,56960.0
2380,438.0,42060.0
2381,438.1,30660.0
2382,438.2,22060.615
2383,438.3,15690.0
2384,438.4,11030.0
2385,438.5,7672.118
2386,438.6,5319.0
2387,438.7,3712.0
2388,438.8,2671.582
2389,438.9,2089.0
2390,439.0,1885.0
2391,439.1,2046.0
2392,439.2,2601.388
2393,439.3,3657.0
2394,439.4,5353.0
2395,439.5,7923.232
2396,439.6,11740.0
2397,439.7,17240.0
2398,439.8,25047.328
2399,439.9,36030.0
2400,440.0,51200.0
2401,440.1,71940.0
2402,440.2,99880.234
2403,440.3,137200.0
2404,440.4,186300.0
2405,440.5,250060.616
2406,440.6,332000.0
2407,440.7,435900.0
2408,440.8,566151.813
2409,440.9,727700.0
2410,441.0,925400.0
2411,441.1,1164000.0
2412,441.2,1450057.928
2413,441.3,1788000.0
2414,441.4,2182000.0
2415,441.5,2637341.362
2416,441.6,3157000.0
2417,441.7,3743000.0
2418,441.8,4395858.187
2419,441.9,5114000.0
2420,442.0,5895000.0
2421,442.1,6734000.0
2422,442.2,7622140.131
2423,442.3,8549000.0
2424,442.4,9504000.0
2425,442.5,10474578.514
2426,442.6,11440000.0
2427,442.7,12380000.0
2428,442.8,13283701.83
2429,442.9,14140000.0
2430,443.0,14930000.0
2431,443.1,15620000.0
2432,443.2,16217600.417
2433,443.3,16720000.0
2434,443.4,17120000.0
2435,443.5,17417906.961
2436,443.6,17620000.0
2437,443.7,17740000.0
2438,443.8,17811207.483
2439,443.9,17850000.0
2440,444.0,17870000.0
2441,444.1,17900000.0
2442,444.2,17976399.14
2443,444.3,18110000.0
2444,444.4,18310000.0
2445,444.5,18598954.729
2446,444.6,18970000.0
2447,444.7,19410000.0
2448,444.8,19909899.166
2449,444.9,20440000.0
2450,445.0,20970000.0
2451,445.1,21480000.0
2452,445.2,21919605.94
2453,445.3,22250000.0
2454,445.4,22440000.0
2455,445.5,22466983.032
2456,445.6,22310000.0
2457,445.7,21950000.0
2458,445.8,21381131.057
2459,445.9,20620000.0
2460,446.0,19680000.0
2461,446.1,18560000.0
2462,446.2,17314210.762
2463,446.3,15970000.0
2464,446.4,14550000.0
2465,446.5,13100198.531
2466,446.6,11660000.0
2467,446.7,10260000.0
2468,446.8,8913366.468
2469,446.9,7646000.0
2470,447.0,6483000.0
2471,447.1,5430000.0
2472,447.2,4493077.119
2473,447.3,3672000.0
2474,447.4,2964000.0
2475,447.5,2363660.946
2476,447.6,1862000.0
2477,447.7,1449000.0
2478,447.8,1113742.544
2479,447.9,845600.0
2480,448.0,634200.0
2481,448.1,469800.0
2482,448.2,343698.647
2483,448.3,248500.0
2484,448.4,177400.0
2485,448.5,125027.142
2486,448.6,87160.0
2487,448.7,60010.0
2488,448.8,40807.05
2489,448.9,27530.0
2490,449.0,18430.0
2491,449.1,12340.0
2492,449.2,8385.863
2493,449.3,6005.0
2494,449.4,4753.0
2495,449.5,4391.817
2496,449.6,4830.0
2497,449.7,6027.0
2498,449.8,8063.308
2499,449.9,11120.0
2500,450.0,15420.0
2501,450.1,21290.0
2502,450.2,29146.229
2503,450.3,39500.0
2504,450.4,52910.0
2505,450.5,70050.329
2506,450.6,91660.0
2507,450.7,118500.0
2508,450.8,151377.621
2509,450.9,191100.0
2510,451.0,238400.0
2511,451.1,293800.0
2512,451.2,357889.525
2513,451.3,430700.0
2514,451.4,512100.0
2515,451.5,601768.732
2516,451.6,698700.0
2517,451.7,801600.0
2518,451.8,908688.324
2519,451.9,1018000.0
2520,452.0,1127000.0
2521,452.1,1232000.0
2522,452.2,1331991.346
2523,452.3,1423000.0
2524,452.4,1501000.0
2525,452.5,1565146.063
2526,452.6,1613000.0
2527,452.7,1642000.0
2528,452.8,1651647.637
2529,452.9,1642000.0
2530,453.0,1613000.0
2531,453.1,1565000.0
2532,453.2,1501192.203
2533,453.3,1423000.0
2534,453.4,1332000.0
2535,453.5,1232450.69
2536,453.6,1127000.0
2537,453.7,1018000.0
2538,453.8,908755.997
2539,453.9,801700.0
2540,454.0,698900.0
2541,454.1,602100.0
2542,454.2,512650.14
2543,454.3,431400.0
2544,454.4,359000.0
2545,454.5,295667.619
2546,454.6,241200.0
2547,454.7,195300.0
2548,454.8,157610.457
2549,454.9,127700.0
2550,455.0,105100.0
2551,455.1,89350.0
2552,455.2,80360.384
2553,455.3,78200.0
2554,455.4,83050.0
2555,455.5,95533.692
2556,455.6,116600.0
2557,455.7,147400.0
2558,455.8,189693.091
2559,455.9,245500.0
2560,456.0,317000.0
2561,456.1,406900.0
2562,456.2,518074.354
2563,456.3,653400.0
2564,456.4,815700.0
2565,456.5,1007635.443
2566,456.6,1232000.0
2567,456.7,1491000.0
2568,456.8,1784562.511
2569,456.9,2113000.0
2570,457.0,2476000.0
2571,457.1,2870000.0
2572,457.2,3291157.496
2573,457.3,3734000.0
2574,457.4,4192000.0
2575,457.5,4656246.466
2576,457.6,5117000.0
2577,457.7,5564000.0
2578,457.8,5985537.727
2579,457.9,6371000.0
2580,458.0,6710000.0
2581,458.1,6992000.0
2582,458.2,7208584.47
2583,458.3,7353000.0
2584,458.4,7420000.0
2585,458.5,7409021.789
2586,458.6,7320000.0
2587,458.7,7154000.0
2588,458.8,6917378.253
2589,458.9,6618000.0
2590,459.0,6264000.0
2591,459.1,5865000.0
2592,459.2,5432934.542
2593,459.3,4979000.0
2594,459.4,4514000.0
2595,459.5,4048255.197
2596,459.6,3591000.0
2597,459.7,3151000.0
2598,459.8,2735521.017
2599,459.9,2349000.0
2600,460.0,1995000.0
2601,460.1,1676000.0
2602,460.2,1392993.509
2603,460.3,1145000.0
2604,460.4,930600.0
2605,460.5,748129.452
2606,460.6,594900.0
2607,460.7,467900.0
2608,460.8,363912.992
2609,460.9,279900.0
2610,461.0,212900.0
2611,461.1,160100.0
2612,461.2,119068.551
2613,461.3,87630.0
2614,461.4,63750.0
2615,461.5,45838.297
2616,461.6,32620.0
2617,461.7,22940.0
2618,461.8,15940.056
2619,461.9,10970.0
2620,462.0,7459.0
2621,462.1,5015.0
2622,462.2,3329.561
2623,462.3,2191.0
2624,462.4,1424.0
2625,462.5,912.747
2626,462.6,581.0
2627,462.7,364.9
2628,462.8,225.825
2629,462.9,139.1
2630,463.0,84.4
2631,463.1,50.65
2632,463.2,29.949
2633,463.3,17.65
2634,463.4,10.28
2635,463.5,5.933
2636,463.6,3.536
2637,463.7,2.244
2638,463.8,1.687
2639,463.9,1.718
2640,464.0,2.267
2641,464.1,3.459
2642,464.2,5.536
2643,464.3,9.039
2644,464.4,14.64
2645,464.5,23.423
2646,464.6,37.3
2647,464.7,58.59
2648,464.8,90.915
2649,464.9,139.9
2650,465.0,212.5
2651,465.1,319.3
2652,465.2,473.893
2653,465.3,697.1
2654,465.4,1013.0
2655,465.5,1454.532
2656,465.6,2068.0
2657,465.7,2906.0
2658,465.8,4037.975
2659,465.9,5551.0
2660,466.0,7543.0
2661,466.1,10140.0
2662,466.2,13476.916
2663,466.3,17710.0
2664,466.4,23010.0
2665,466.5,29577.662
2666,466.6,37600.0
2667,466.7,47260.0
2668,466.8,58740.598
2669,466.9,72200.0
2670,467.0,87770.0
2671,467.1,105500.0
2672,467.2,125393.974
2673,467.3,147400.0
2674,467.4,171400.0
2675,467.5,197062.905
2676,467.6,224000.0
2677,467.7,251800.0
2678,467.8,279943.557
2679,467.9,307800.0
2680,468.0,334700.0
2681,468.1,359900.0
2682,468.2,382639.765
2683,468.3,402300.0
2684,468.4,418300.0
2685,468.5,430111.323
2686,468.6,437400.0
2687,468.7,439900.0
2688,468.8,437473.242
2689,468.9,430200.0
2690,469.0,418300.0
2691,469.1,402300.0
2692,469.2,382648.298
2693,469.3,359900.0
2694,469.4,334700.0
2695,469.5,307846.56
2696,469.6,280000.0
2697,469.7,251800.0
2698,469.8,223948.375
2699,469.9,197000.0
2700,470.0,171400.0
2701,470.1,147400.0
2702,470.2,125390.46
2703,470.3,105500.0
2704,470.4,87770.0
2705,470.5,72207.733
2706,470.6,58740.0
2707,470.7,47260.0
2708,470.8,37601.898
2709,470.9,29580.0
2710,471.0,23010.0
2711,471.1,17710.0
2712,471.2,13476.85
2713,471.3,10140.0
2714,471.4,7543.0
2715,471.5,5548.575
2716,471.6,4039.0
2717,471.7,2906.0
2718,471.8,2066.439
2719,471.9,1455.0
2720,472.0,1013.0
2721,472.1,697.1
2722,472.2,473.937
2723,472.3,319.3
2724,472.4,212.5
2725,472.5,139.607
2726,472.6,91.03
2727,472.7,58.59
2728,472.8,37.192
2729,472.9,23.47
2730,473.0,14.61
2731,473.1,8.994
2732,473.2,5.459
2733,473.3,3.296
2734,473.4,1.962
2735,473.5,1.148
2736,473.6,0.672
2737,473.7,0.387
2738,473.8,0.219
2739,473.9,0.124
2740,474.0,0.069
2741,474.1,0.038
2742,474.2,0.021
2743,474.3,0.011
2744,474.4,0.006
2745,474.5,0.003
2746,474.6,0.002
2747,474.7,0.001
2748,474.8,0.0
2749,474.9,0.0
2750,475.0,0.0
2751,475.1,0.0
2752,475.2,0.0
2753,475.3,0.0
2754,475.4,0.0
2755,475.5,0.0
2756,475.6,0.0
2757,475.7,0.0
2758,475.8,0.0
2759,475.9,0.0
2760,476.0,0.0
2761,476.1,0.0
2762,476.2,0.0
2763,476.3,0.0
2764,476.4,0.0
2765,476.5,0.0
2766,476.6,0.0
2767,476.7,0.0
2768,476.8,0.001
2769,476.9,0.001
2770,477.0,0.002
2771,477.1,0.003
2772,477.2,0.006
2773,477.3,0.01
2774,477.4,0.017
2775,477.5,0.028
2776,477.6,0.048
2777,477.7,0.08
2778,477.8,0.132
2779,477.9,0.216
2780,478.0,0.348
2781,478.1,0.556
2782,478.2,0.877
2783,478.3,1.376
2784,478.4,2.13
2785,478.5,3.256
2786,478.6,4.943
2787,478.7,7.413
2788,478.8,10.988
2789,478.9,16.15
2790,479.0,23.47
2791,479.1,33.75
2792,479.2,47.992
2793,479.3,67.6
2794,479.4,94.17
2795,479.5,129.795
2796,479.6,177.1
2797,479.7,239.0
2798,479.8,319.221
2799,479.9,422.0
2800,480.0,551.9
2801,480.1,714.3
2802,480.2,914.529
2803,480.3,1159.0
2804,480.4,1454.0
2805,480.5,1804.287
2806,480.6,2215.0
2807,480.7,2691.0
2808,480.8,3234.964
2809,480.9,3848.0
2810,481.0,4530.0
2811,481.1,5277.0
2812,481.2,6082.885
2813,481.3,6938.0
2814,481.4,7831.0
2815,481.5,8746.582
2816,481.6,9666.0
2817,481.7,10570.0
2818,481.8,11439.017
2819,481.9,12250.0
2820,482.0,12980.0
2821,482.1,13610.0
2822,482.2,14122.062
2823,482.3,14500.0
2824,482.4,14730.0
2825,482.5,14806.711
2826,482.6,14730.0
2827,482.7,14500.0
2828,482.8,14119.463
2829,482.9,13610.0
2830,483.0,12990.0
2831,483.1,12260.0
2832,483.2,11460.833
2833,483.3,10610.0
2834,483.4,9722.0
2835,483.5,8832.848
2836,483.6,7968.0
2837,483.7,7150.0
2838,483.8,6407.057
2839,483.9,5770.0
2840,484.0,5271.0
2841,484.1,4948.0
2842,484.2,4850.644
2843,484.3,5046.0
2844,484.4,5609.0
2845,484.5,6640.615
2846,484.6,8287.0
2847,484.7,10710.0
2848,484.8,14112.384
2849,484.9,18780.0
2850,485.0,25030.0
2851,485.1,33240.0
2852,485.2,43867.78
2853,485.3,57450.0
2854,485.4,74560.0
2855,485.5,95851.902
2856,485.6,122000.0
2857,485.7,153700.0
2858,485.8,191707.949
2859,485.9,236700.0
2860,486.0,289300.0
2861,486.1,350000.0
2862,486.2,419100.273
2863,486.3,496600.0
2864,486.4,582400.0
2865,486.5,676146.097
2866,486.6,776900.0
2867,486.7,883500.0
2868,486.8,994426.727
2869,486.9,1108000.0
2870,487.0,1222000.0
2871,487.1,1333000.0
2872,487.2,1439917.88
2873,487.3,1540000.0
2874,487.4,1630000.0
2875,487.5,1707345.56
2876,487.6,1770000.0
2877,487.7,1816000.0
2878,487.8,1843688.297
2879,487.9,1853000.0
2880,488.0,1844000.0
2881,488.1,1816000.0
2882,488.2,1769664.724
2883,488.3,1707000.0
2884,488.4,1630000.0
2885,488.5,1540048.569
2886,488.6,1440000.0
2887,488.7,1333000.0
2888,488.8,1221588.102
2889,488.9,1108000.0
2890,489.0,994500.0
2891,489.1,883500.0
2892,489.2,776885.594
2893,489.3,676100.0
2894,489.4,582400.0
2895,489.5,496554.059
2896,489.6,419000.0
2897,489.7,350000.0
2898,489.8,289339.827
2899,489.9,236700.0
2900,490.0,191700.0
2901,490.1,153700.0
2902,490.2,121991.988
2903,490.3,95860.0
2904,490.4,74590.0
2905,490.5,57496.377
2906,490.6,43950.0
2907,490.7,33350.0
2908,490.8,25175.613
2909,490.9,19000.0
2910,491.0,14430.0
2911,491.1,11140.0
2912,491.2,8878.419
2913,491.3,7459.0
2914,491.4,6719.0
2915,491.5,6544.077
2916,491.6,6862.0
2917,491.7,7616.0
2918,491.8,8781.395
2919,491.9,10350.0
2920,492.0,12320.0
2921,492.1,14710.0
2922,492.2,17555.086
2923,492.3,20880.0
2924,492.4,24710.0
2925,492.5,29084.739
2926,492.6,34040.0
2927,492.7,39610.0
2928,492.8,45827.123
2929,492.9,52710.0
2930,493.0,60280.0
2931,493.1,68570.0
2932,493.2,77571.547
2933,493.3,87290.0
2934,493.4,97730.0
2935,493.5,108870.335
2936,493.6,120700.0
2937,493.7,133200.0
2938,493.8,146323.642
2939,493.9,160100.0
2940,494.0,174500.0
2941,494.1,189300.0
2942,494.2,204622.258
2943,494.3,220400.0
2944,494.4,236500.0
2945,494.5,252845.477
2946,494.6,269400.0
2947,494.7,286100.0
2948,494.8,302757.643
2949,494.9,319200.0
2950,495.0,335300.0
2951,495.1,351000.0
2952,495.2,366041.169
2953,495.3,380200.0
2954,495.4,393300.0
2955,495.5,405216.133
2956,495.6,415700.0
2957,495.7,424500.0
2958,495.8,431483.889
2959,495.9,436500.0
2960,496.0,439400.0
2961,496.1,440100.0
2962,496.2,438551.072
2963,496.3,434800.0
2964,496.4,428900.0
2965,496.5,420900.046
2966,496.6,411100.0
2967,496.7,399800.0
2968,496.8,387124.642
2969,496.9,373500.0
2970,497.0,359400.0
2971,497.1,345200.0
2972,497.2,331500.08
2973,497.3,318800.0
2974,497.4,307600.0
2975,497.5,298547.344
2976,497.6,292200.0
2977,497.7,289100.0
2978,497.8,289858.745
2979,497.9,295100.0
2980,498.0,305400.0
2981,498.1,321200.0
2982,498.2,343053.439
2983,498.3,371400.0
2984,498.4,406600.0
2985,498.5,448853.923
2986,498.6,498300.0
2987,498.7,555000.0
2988,498.8,618732.36
2989,498.9,689200.0
2990,499.0,766000.0
2991,499.1,848400.0
2992,499.2,935773.232
2993,499.3,1027000.0
2994,499.4,1121000.0
2995,499.5,1217289.719
2996,499.6,1315000.0
2997,499.7,1413000.0
2998,499.8,1509892.42
2999,499.9,1605000.0
3000,500.0,1698000.0
3001,500.1,1789000.0
3002,500.2,1877722.411
3003,500.3,1964000.0
3004,500.4,2048000.0
3005,500.5,2130665.831
3006,500.6,2212000.0
3007,500.7,2292000.0
3008,500.8,2371597.97
3009,500.9,2451000.0
3010,501.0,2530000.0
3011,501.1,2608000.0
3012,501.2,2684935.056
3013,501.3,2760000.0
3014,501.4,2832000.0
3015,501.5,2899212.648
3016,501.6,2960000.0
3017,501.7,3013000.0
3018,501.8,3057485.989
3019,501.9,3092000.0
3020,502.0,3115000.0
3021,502.1,3126000.0
3022,502.2,3125913.908
3023,502.3,3114000.0
3024,502.4,3090000.0
3025,502.5,3056832.166
3026,502.6,3015000.0
3027,502.7,2965000.0
3028,502.8,2910109.669
3029,502.9,2852000.0
3030,503.0,2792000.0
3031,503.1,2732000.0
3032,503.2,2672344.909
3033,503.3,2614000.0
3034,503.4,2558000.0
3035,503.5,2504450.828
3036,503.6,2453000.0
3037,503.7,2403000.0
3038,503.8,2353017.93
3039,503.9,2302000.0
3040,504.0,2249000.0
3041,504.1,2193000.0
3042,504.2,2133302.697
3043,504.3,2069000.0
3044,504.4,1999000.0
3045,504.5,1922324.78
3046,504.6,1840000.0
3047,504.7,1753000.0
3048,504.8,1660606.397
3049,504.9,1564000.0
3050,505.0,1465000.0
3051,505.1,1365000.0
3052,505.2,1264015.222
3053,505.3,1164000.0
3054,505.4,1067000.0
3055,505.5,973321.856
3056,505.6,884100.0
3057,505.7,800600.0
3058,505.8,723311.051
3059,505.9,652700.0
3060,506.0,589200.0
3061,506.1,532900.0
3062,506.2,483705.516
3063,506.3,441500.0
3064,506.4,406100.0
3065,506.5,377059.321
3066,506.6,353900.0
3067,506.7,336200.0
3068,506.8,323638.955
3069,506.9,315600.0
3070,507.0,311500.0
3071,507.1,311100.0
3072,507.2,313838.809
3073,507.3,319400.0
3074,507.4,327500.0
3075,507.5,337678.967
3076,507.6,349700.0
3077,507.7,363400.0
3078,507.8,378622.68
3079,507.9,395200.0
3080,508.0,413000.0
3081,508.1,432000.0
3082,508.2,452053.403
3083,508.3,473100.0
3084,508.4,495100.0
3085,508.5,517963.118
3086,508.6,541600.0
3087,508.7,565900.0
3088,508.8,590649.931
3089,508.9,615600.0
3090,509.0,640500.0
3091,509.1,665100.0
3092,509.2,689107.972
3093,509.3,712200.0
3094,509.4,734000.0
3095,509.5,754004.488
3096,509.6,771900.0
3097,509.7,787400.0
3098,509.8,800136.587
3099,509.9,809900.0
3100,510.0,816500.0
3101,510.1,819700.0
3102,510.2,819516.328
3103,510.3,816100.0
3104,510.4,809600.0
3105,510.5,800161.165
3106,510.6,788200.0
3107,510.7,774200.0
3108,510.8,758644.23
3109,510.9,742100.0
3110,511.0,725200.0
3111,511.1,708700.0
3112,511.2,693220.972
3113,511.3,679400.0
3114,511.4,667900.0
3115,511.5,659375.234
3116,511.6,654300.0
3117,511.7,653100.0
3118,511.8,656170.16
3119,511.9,663800.0
3120,512.0,676200.0
3121,512.1,693400.0
3122,512.2,715459.614
3123,512.3,742300.0
3124,512.4,773800.0
3125,512.5,809801.905
3126,512.6,850000.0
3127,512.7,894100.0
3128,512.8,941919.92
3129,512.9,993000.0
3130,513.0,1047000.0
3131,513.1,1104000.0
3132,513.2,1162920.573
3133,513.3,1223000.0
3134,513.4,1284000.0
3135,513.5,1346483.74
3136,513.6,1409000.0
3137,513.7,1470000.0
3138,513.8,1529577.398
3139,513.9,1587000.0
3140,514.0,1641000.0
3141,514.1,1690000.0
3142,514.2,1733947.02
3143,514.3,1772000.0
3144,514.4,1803000.0
3145,514.5,1825901.72
3146,514.6,1840000.0
3147,514.7,1845000.0
3148,514.8,1841529.646
3149,514.9,1829000.0
3150,515.0,1807000.0
3151,515.1,1777000.0
3152,515.2,1739690.599
3153,515.3,1696000.0
3154,515.4,1647000.0
3155,515.5,1593824.998
3156,515.6,1538000.0
3157,515.7,1481000.0
3158,515.8,1423846.873
3159,515.9,1368000.0
3160,516.0,1315000.0
3161,516.1,1266000.0
3162,516.2,1221809.471
3163,516.3,1184000.0
3164,516.4,1154000.0
3165,516.5,1131910.86
3166,516.6,1118000.0
3167,516.7,1113000.0
3168,516.8,1118558.86
3169,516.9,1135000.0
3170,517.0,1162000.0
3171,517.1,1199000.0
3172,517.2,1247407.229
3173,517.3,1307000.0
3174,517.4,1377000.0
3175,517.5,1456660.984
3176,517.6,1545000.0
3177,517.7,1641000.0
3178,517.8,1743713.021
3179,517.9,1852000.0
3180,518.0,1964000.0
3181,518.1,2076000.0
3182,518.2,2186584.994
3183,518.3,2294000.0
3184,518.4,2396000.0
3185,518.5,2489864.829
3186,518.6,2574000.0
3187,518.7,2647000.0
3188,518.8,2707319.851
3189,518.9,2755000.0
3190,519.0,2790000.0
3191,519.1,2811000.0
3192,519.2,2819282.005
3193,519.3,2817000.0
3194,519.4,2806000.0
3195,519.5,2787225.176
3196,519.6,2763000.0
3197,519.7,2736000.0
3198,519.8,2708583.229
3199,519.9,2683000.0
3200,520.0,2661000.0
3201,520.1,2643000.0
3202,520.2,2630910.592
3203,520.3,2625000.0
3204,520.4,2625000.0
3205,520.5,2630498.715
3206,520.6,2640000.0
3207,520.7,2652000.0
3208,520.8,2665444.498
3209,520.9,2677000.0
3210,521.0,2684000.0
3211,521.1,2687000.0
3212,521.2,2681310.622
3213,521.3,2666000.0
3214,521.4,2641000.0
3215,521.5,2604332.1
3216,521.6,2555000.0
3217,521.7,2493000.0
3218,521.8,2420211.936
3219,521.9,2337000.0
3220,522.0,2244000.0
3221,522.1,2144000.0
3222,522.2,2037195.019
3223,522.3,1926000.0
3224,522.4,1813000.0
3225,522.5,1698824.11
3226,522.6,1586000.0
3227,522.7,1477000.0
3228,522.8,1371953.686
3229,522.9,1272000.0
3230,523.0,1179000.0
3231,523.1,1095000.0
3232,523.2,1019105.665
3233,523.3,952500.0
3234,523.4,896800.0
3235,523.5,852469.92
3236,523.6,820400.0
3237,523.7,801700.0
3238,523.8,797628.097
3239,523.9,809600.0
3240,524.0,839200.0
3241,524.1,888300.0
3242,524.2,958294.975
3243,524.3,1052000.0
3244,524.4,1172000.0
3245,524.5,1318883.568
3246,524.6,1495000.0
3247,524.7,1703000.0
3248,524.8,1944187.829
3249,524.9,2219000.0
3250,525.0,2528000.0
3251,525.1,2872000.0
3252,525.2,3248992.066
3253,525.3,3657000.0
3254,525.4,4094000.0
3255,525.5,4556491.922
3256,525.6,5039000.0
3257,525.7,5536000.0
3258,525.8,6042632.733
3259,525.9,6551000.0
3260,526.0,7053000.0
3261,526.1,7542000.0
3262,526.2,8008380.182
3263,526.3,8445000.0
3264,526.4,8845000.0
3265,526.5,9199890.519
3266,526.6,9504000.0
3267,526.7,9752000.0
3268,526.8,9937797.861
3269,526.9,10060000.0
3270,527.0,10120000.0
3271,527.1,10120000.0
3272,527.2,10048735.19
3273,527.3,9912000.0
3274,527.4,9719000.0
3275,527.5,9471684.782
3276,527.6,9175000.0
3277,527.7,8835000.0
3278,527.8,8457378.928
3279,527.9,8049000.0
3280,528.0,7617000.0
3281,528.1,7168000.0
3282,528.2,6707778.947
3283,528.3,6243000.0
3284,528.4,5780000.0
3285,528.5,5323003.821
3286,528.6,4877000.0
3287,528.7,4447000.0
3288,528.8,4036405.282
3289,528.9,3647000.0
3290,529.0,3281000.0
3291,529.1,2942000.0
3292,529.2,2628843.288
3293,529.3,2343000.0
3294,529.4,2086000.0
3295,529.5,1855777.172
3296,529.6,1651000.0
3297,529.7,1471000.0
3298,529.8,1315452.885
3299,529.9,1182000.0
3300,530.0,1068000.0
3301,530.1,971800.0
3302,530.2,891435.153
3303,530.3,824700.0
3304,530.4,769400.0
3305,530.5,723503.643
3306,530.6,685100.0
3307,530.7,652400.0
3308,530.8,623996.313
3309,530.9,598500.0
3310,531.0,574700.0
3311,531.1,552000.0
3312,531.2,529490.558
3313,531.3,506900.0
3314,531.4,484100.0
3315,531.5,460853.38
3316,531.6,437400.0
3317,531.7,414100.0
3318,531.8,391286.836
3319,531.9,369400.0
3320,532.0,349000.0
3321,532.1,330900.0
3322,532.2,315631.102
3323,532.3,303900.0
3324,532.4,296500.0
3325,532.5,294269.062
3326,532.6,298000.0
3327,532.7,308500.0
3328,532.8,326664.364
3329,532.9,353300.0
3330,533.0,389200.0
3331,533.1,435200.0
3332,533.2,492038.188
3333,533.3,560300.0
3334,533.4,640500.0
3335,533.5,732948.001
3336,533.6,837700.0
3337,533.7,954600.0
3338,533.8,1082918.326
3339,533.9,1222000.0
3340,534.0,1371000.0
3341,534.1,1528000.0
3342,534.2,1690515.83
3343,534.3,1856000.0
3344,534.4,2022000.0
3345,534.5,2186141.184
3346,534.6,2345000.0
3347,534.7,2495000.0
3348,534.8,2633047.521
3349,534.9,2756000.0
3350,535.0,2861000.0
3351,535.1,2946000.0
3352,535.2,3007807.38
3353,535.3,3045000.0
3354,535.4,3057000.0
3355,535.5,3044104.036
3356,535.6,3006000.0
3357,535.7,2943000.0
3358,535.8,2858180.183
3359,535.9,2753000.0
3360,536.0,2629000.0
3361,536.1,2490000.0
3362,536.2,2338808.138
3363,536.3,2179000.0
3364,536.4,2014000.0
3365,536.5,1845836.599
3366,536.6,1678000.0
3367,536.7,1514000.0
3368,536.8,1355534.145
3369,536.9,1204000.0
3370,537.0,1061000.0
3371,537.1,928400.0
3372,537.2,806691.021
3373,537.3,696100.0
3374,537.4,596800.0
3375,537.5,508582.083
3376,537.6,431000.0
3377,537.7,363500.0
3378,537.8,305268.765
3379,537.9,255500.0
3380,538.0,213400.0
3381,538.1,178100.0
3382,538.2,148608.48
3383,538.3,124200.0
3384,538.4,104200.0
3385,538.5,87868.365
3386,538.6,74620.0
3387,538.7,63930.0
3388,538.8,55349.922
3389,538.9,48520.0
3390,539.0,43120.0
3391,539.1,38910.0
3392,539.2,35674.996
3393,539.3,33270.0
3394,539.4,31570.0
3395,539.5,30464.81
3396,539.6,29880.0
3397,539.7,29750.0
3398,539.8,30014.566
3399,539.9,30630.0
3400,540.0,31550.0
3401,540.1,32710.0
3402,540.2,34067.598
3403,540.3,35570.0
3404,540.4,37160.0
3405,540.5,38780.427
3406,540.6,40370.0
3407,540.7,41870.0
3408,540.8,43232.773
3409,540.9,44400.0
3410,541.0,45320.0
3411,541.1,45970.0
3412,541.2,46301.278
3413,541.3,46300.0
3414,541.4,45960.0
3415,541.5,45267.629
3416,541.6,44240.0
3417,541.7,42900.0
3418,541.8,41264.465
3419,541.9,39370.0
3420,542.0,37260.0
3421,542.1,34980.0
3422,542.2,32568.982
3423,542.3,30070.0
3424,542.4,27530.0
3425,542.5,25000.891
3426,542.6,22520.0
3427,542.7,20120.0
3428,542.8,17829.831
3429,542.9,15670.0
3430,543.0,13660.0
3431,543.1,11820.0
3432,543.2,10157.554
3433,543.3,8675.0
3434,543.4,7374.0
3435,543.5,6255.192
3436,543.6,5318.0
3437,543.7,4562.0
3438,543.8,3989.427
3439,543.9,3607.0
3440,544.0,3424.0
3441,544.1,3457.0
3442,544.2,3731.92
3443,544.3,4289.0
3444,544.4,5175.0
3445,544.5,6453.866
3446,544.6,8210.0
3447,544.7,10540.0
3448,544.8,13573.009
3449,544.9,17450.0
3450,545.0,22330.0
3451,545.1,28430.0
3452,545.2,35956.464
3453,545.3,45160.0
3454,545.4,56310.0
3455,545.5,69693.438
3456,545.6,85590.0
3457,545.7,104300.0
3458,545.8,126185.58
3459,545.9,151500.0
3460,546.0,180500.0
3461,546.1,213500.0
3462,546.2,250533.93
3463,546.3,291700.0
3464,546.4,337100.0
3465,546.5,386669.534
3466,546.6,440200.0
3467,546.7,497400.0
3468,546.8,557756.347
3469,546.9,620700.0
3470,547.0,685600.0
3471,547.1,751600.0
3472,547.2,817831.898
3473,547.3,883300.0
3474,547.4,946900.0
3475,547.5,1007384.185
3476,547.6,1064000.0
3477,547.7,1116000.0
3478,547.8,1162110.462
3479,547.9,1201000.0
3480,548.0,1232000.0
3481,548.1,1256000.0
3482,548.2,1271239.841
3483,548.3,1278000.0
3484,548.4,1277000.0
3485,548.5,1268025.957
3486,548.6,1252000.0
3487,548.7,1230000.0
3488,548.8,1202537.488
3489,548.9,1171000.0
3490,549.0,1137000.0
3491,549.1,1102000.0
3492,549.2,1067400.099
3493,549.3,1034000.0
3494,549.4,1003000.0
3495,549.5,977149.52
3496,549.6,957000.0
3497,549.7,942700.0
3498,549.8,935292.462
3499,549.9,935100.0
3500,550.0,942200.0
3501,550.1,956600.0
3502,550.2,977839.884
3503,550.3,1005000.0
3504,550.4,1037000.0
3505,550.5,1072603.943
3506,550.6,1111000.0
3507,550.7,1151000.0
3508,550.8,1189971.24
3509,550.9,1227000.0
3510,551.0,1261000.0
3511,551.1,1289000.0
3512,551.2,1310945.868
3513,551.3,1326000.0
3514,551.4,1333000.0
3515,551.5,1331248.273
3516,551.6,1320000.0
3517,551.7,1299000.0
3518,551.8,1269652.361
3519,551.9,1232000.0
3520,552.0,1186000.0
3521,552.1,1133000.0
3522,552.2,1074066.75
3523,552.3,1010000.0
3524,552.4,941900.0
3525,552.5,871830.198
3526,552.6,800800.0
3527,552.7,729600.0
3528,552.8,659438.826
3529,552.9,591300.0
3530,553.0,526000.0
3531,553.1,464100.0
3532,553.2,406243.428
3533,553.3,352800.0
3534,553.4,304000.0
3535,553.5,259850.374
3536,553.6,220300.0
3537,553.7,185300.0
3538,553.8,154749.871
3539,553.9,128300.0
3540,554.0,105600.0
3541,554.1,86470.0
3542,554.2,70521.793
3543,554.3,57460.0
3544,554.4,47030.0
3545,554.5,38987.504
3546,554.6,33160.0
3547,554.7,29410.0
3548,554.8,27689.516
3549,554.9,28060.0
3550,555.0,30630.0
3551,555.1,35620.0
3552,555.2,43379.193
3553,555.3,54430.0
3554,555.4,69360.0
3555,555.5,88929.438
3556,555.6,114200.0
3557,555.7,146300.0
3558,555.8,186465.851
3559,555.9,236400.0
3560,556.0,297900.0
3561,556.1,372800.0
3562,556.2,463414.44
3563,556.3,572200.0
3564,556.4,701600.0
3565,556.5,854147.295
3566,556.6,1033000.0
3567,556.7,1241000.0
3568,556.8,1479618.628
3569,556.9,1752000.0
3570,557.0,2061000.0
3571,557.1,2407000.0
3572,557.2,2792205.742
3573,557.3,3217000.0
3574,557.4,3681000.0
3575,557.5,4183119.536
3576,557.6,4721000.0
3577,557.7,5292000.0
3578,557.8,5892897.07
3579,557.9,6518000.0
3580,558.0,7161000.0
3581,558.1,7815000.0
3582,558.2,8471184.322
3583,558.3,9122000.0
3584,558.4,9759000.0
3585,558.5,10370218.873
3586,558.6,10950000.0
3587,558.7,11490000.0
3588,558.8,11969833.21
3589,558.9,12390000.0
3590,559.0,12750000.0
3591,559.1,13030000.0
3592,559.2,13236696.48
3593,559.3,13360000.0
3594,559.4,13390000.0
3595,559.5,13339696.23
3596,559.6,13210000.0
3597,559.7,13000000.0
3598,559.8,12717345.09
3599,559.9,12360000.0
3600,560.0,11930000.0
3601,560.1,11450000.0
3602,560.2,10920673.709
3603,560.3,10350000.0
3604,560.4,9749000.0
3605,560.5,9125707.673
3606,560.6,8489000.0
3607,560.7,7848000.0
3608,560.8,7210795.216
3609,560.9,6584000.0
3610,561.0,5974000.0
3611,561.1,5387000.0
3612,561.2,4827097.458
3613,561.3,4298000.0
3614,561.4,3803000.0
3615,561.5,3343598.116
3616,561.6,2921000.0
3617,561.7,2536000.0
3618,561.8,2187673.338
3619,561.9,1875000.0
3620,562.0,1597000.0
3621,562.1,1352000.0
3622,562.2,1136745.071
3623,562.3,949300.0
3624,562.4,787900.0
3625,562.5,649776.408
3626,562.6,532400.0
3627,562.7,433400.0
3628,562.8,350539.25
3629,562.9,281700.0
3630,563.0,224900.0
3631,563.1,178500.0
3632,563.2,140698.039
3633,563.3,110200.0
3634,563.4,85840.0
3635,563.5,66434.191
3636,563.6,51110.0
3637,563.7,39100.0
3638,563.8,29749.422
3639,563.9,22540.0
3640,564.0,17010.0
3641,564.1,12810.0
3642,564.2,9644.153
3643,564.3,7294.0
3644,564.4,5570.0
3645,564.5,4329.72
3646,564.6,3469.0
3647,564.7,2897.0
3648,564.8,2550.755
3649,564.9,2385.0
3650,565.0,2361.0
3651,565.1,2454.0
3652,565.2,2642.555
3653,565.3,2914.0
3654,565.4,3258.0
3655,565.5,3665.113
3656,565.6,4130.0
3657,565.7,4648.0
3658,565.8,5213.444
3659,565.9,5822.0
3660,566.0,6470.0
3661,566.1,7154.0
3662,566.2,7868.375
3663,566.3,8609.0
3664,566.4,9372.0
3665,566.5,10152.963
3666,566.6,10950.0
3667,566.7,11760.0
3668,566.8,12574.172
3669,566.9,13390.0
3670,567.0,14210.0
3671,567.1,15040.0
3672,567.2,15862.033
3673,567.3,16680.0
3674,567.4,17500.0
3675,567.5,18310.404
3676,567.6,19110.0
3677,567.7,19900.0
3678,567.8,20674.229
3679,567.9,21420.0
3680,568.0,22130.0
3681,568.1,22810.0
3682,568.2,23429.866
3683,568.3,23990.0
3684,568.4,24490.0
3685,568.5,24893.874
3686,568.6,25200.0
3687,568.7,25410.0
3688,568.8,25498.925
3689,568.9,25460.0
3690,569.0,25290.0
3691,569.1,24980.0
3692,569.2,24540.091
3693,569.3,23970.0
3694,569.4,23270.0
3695,569.5,22455.413
3696,569.6,21530.0
3697,569.7,20500.0
3698,569.8,19393.806
3699,569.9,18230.0
3700,570.0,17020.0
3701,570.1,15770.0
3702,570.2,14508.52
3703,570.3,13260.0
3704,570.4,12040.0
3705,570.5,10846.166
3706,570.6,9696.0
3707,570.7,8609.0
3708,570.8,7588.173
3709,570.9,6638.0
3710,571.0,5764.0
3711,571.1,4969.0
3712,571.2,4251.937
3713,571.3,3611.0
3714,571.4,3044.0
3715,571.5,2546.984
3716,571.6,2115.0
3717,571.7,1743.0
3718,571.8,1425.947
3719,571.9,1158.0
3720,572.0,933.3
3721,572.1,746.7
3722,572.2,593.077
3723,572.3,467.8
3724,572.4,366.5
3725,572.5,285.414
3726,572.6,221.4
3727,572.7,171.5
3728,572.8,133.159
3729,572.9,104.5
3730,573.0,83.91
3731,573.1,70.23
3732,573.2,62.553
3733,573.3,60.41
3734,573.4,63.51
3735,573.5,71.915
3736,573.6,86.05
3737,573.7,106.5
3738,573.8,134.239
3739,573.9,170.5
3740,574.0,216.7
3741,574.1,274.8
3742,574.2,346.913
3743,574.3,435.5
3744,574.4,543.2
3745,574.5,673.056
3746,574.6,828.5
3747,574.7,1013.0
3748,574.8,1229.947
3749,574.9,1483.0
3750,575.0,1776.0
3751,575.1,2113.0
3752,575.2,2497.183
3753,575.3,2931.0
3754,575.4,3417.0
3755,575.5,3958.068
3756,575.6,4555.0
3757,575.7,5208.0
3758,575.8,5916.749
3759,575.9,6679.0
3760,576.0,7492.0
3761,576.1,8353.0
3762,576.2,9258.456
3763,576.3,10200.0
3764,576.4,11170.0
3765,576.5,12166.416
3766,576.6,13180.0
3767,576.7,14200.0
3768,576.8,15218.868
3769,576.9,16230.0
3770,577.0,17230.0
3771,577.1,18220.0
3772,577.2,19179.349
3773,577.3,20110.0
3774,577.4,21020.0
3775,577.5,21910.629
3776,577.6,22780.0
3777,577.7,23630.0
3778,577.8,24475.394
3779,577.9,25320.0
3780,578.0,26170.0
3781,578.1,27050.0
3782,578.2,27967.612
3783,578.3,28930.0
3784,578.4,29950.0
3785,578.5,31051.639
3786,578.6,32240.0
3787,578.7,33520.0
3788,578.8,34912.789
3789,578.9,36420.0
3790,579.0,38040.0
3791,579.1,39780.0
3792,579.2,41637.78
3793,579.3,43610.0
3794,579.4,45690.0
3795,579.5,47859.31
3796,579.6,50110.0
3797,579.7,52430.0
3798,579.8,54784.028
3799,579.9,57160.0
3800,580.0,59540.0
3801,580.1,61870.0
3802,580.2,64142.728
3803,580.3,66320.0
3804,580.4,68360.0
3805,580.5,70249.488
3806,580.6,71960.0
3807,580.7,73460.0
3808,580.8,74729.331
3809,580.9,75750.0
3810,581.0,76510.0
3811,581.1,77020.0
3812,581.2,77294.66
3813,581.3,77370.0
3814,581.4,77290.0
3815,581.5,77116.379
3816,581.6,76950.0
3817,581.7,76910.0
3818,581.8,77157.965
3819,581.9,77890.0
3820,582.0,79330.0
3821,582.1,81780.0
3822,582.2,85557.618
3823,582.3,91070.0
3824,582.4,98770.0
3825,582.5,109195.153
3826,582.6,122900.0
3827,582.7,140500.0
3828,582.8,162820.997
3829,582.9,190600.0
3830,583.0,224600.0
3831,583.1,265800.0
3832,583.2,315086.12
3833,583.3,373300.0
3834,583.4,441300.0
3835,583.5,519979.518
3836,583.6,610100.0
3837,583.7,712300.0
3838,583.8,826883.908
3839,583.9,954100.0
3840,584.0,1094000.0
3841,584.1,1246000.0
3842,584.2,1409880.776
3843,584.3,1585000.0
3844,584.4,1770000.0
3845,584.5,1961812.999
3846,584.6,2159000.0
3847,584.7,2360000.0
3848,584.8,2561095.71
3849,584.9,2760000.0
3850,585.0,2954000.0
3851,585.1,3138000.0
3852,585.2,3310640.407
3853,585.3,3468000.0
3854,585.4,3606000.0
3855,585.5,3723432.134
3856,585.6,3818000.0
3857,585.7,3887000.0
3858,585.8,3928432.676
3859,585.9,3942000.0
3860,586.0,3928000.0
3861,586.1,3887000.0
3862,586.2,3818463.585
3863,586.3,3724000.0
3864,586.4,3606000.0
3865,586.5,3467215.987
3866,586.6,3310000.0
3867,586.7,3137000.0
3868,586.8,2952259.22
3869,586.9,2759000.0
3870,587.0,2560000.0
3871,587.1,2358000.0
3872,587.2,2156980.546
3873,587.3,1959000.0
3874,587.4,1766000.0
3875,587.5,1581247.458
3876,587.6,1406000.0
3877,587.7,1241000.0
3878,587.8,1087342.556
3879,587.9,945900.0
3880,588.0,817200.0
3881,588.1,700900.0
3882,588.2,596941.742
3883,588.3,504800.0
3884,588.4,423800.0
3885,588.5,353272.542
3886,588.6,292400.0
3887,588.7,240300.0
3888,588.8,196032.658
3889,588.9,158800.0
3890,589.0,127800.0
3891,589.1,102100.0
3892,589.2,80948.819
3893,589.3,63720.0
3894,589.4,49810.0
3895,589.5,38657.743
3896,589.6,29800.0
3897,589.7,22810.0
3898,589.8,17329.952
3899,589.9,13080.0
3900,590.0,9807.0
3901,590.1,7305.0
3902,590.2,5407.32
3903,590.3,3986.0
3904,590.4,2928.0
3905,590.5,2149.891
3906,590.6,1589.0
3907,590.7,1190.0
3908,590.8,914.531
3909,590.9,735.3
3910,591.0,628.8
3911,591.1,579.7
3912,591.2,576.796
3913,591.3,612.9
3914,591.4,682.4
3915,591.5,782.415
3916,591.6,911.3
3917,591.7,1068.0
3918,591.8,1253.087
3919,591.9,1467.0
3920,592.0,1710.0
3921,592.1,1982.0
3922,592.2,2282.289
3923,592.3,2611.0
3924,592.4,2968.0
3925,592.5,3350.987
3926,592.6,3757.0
3927,592.7,4183.0
3928,592.8,4625.51
3929,592.9,5080.0
3930,593.0,5541.0
3931,593.1,6001.0
3932,593.2,6454.248
3933,593.3,6894.0
3934,593.4,7313.0
3935,593.5,7703.742
3936,593.6,8059.0
3937,593.7,8372.0
3938,593.8,8637.377
3939,593.9,8850.0
3940,594.0,9005.0
3941,594.1,9099.0
3942,594.2,9130.432
3943,594.3,9099.0
3944,594.4,9005.0
3945,594.5,8850.326
3946,594.6,8638.0
3947,594.7,8372.0
3948,594.8,8058.874
3949,594.9,7704.0
3950,595.0,7313.0
3951,595.1,6894.0
3952,595.2,6454.314
3953,595.3,6001.0
3954,595.4,5541.0
3955,595.5,5080.63
3956,595.6,4626.0
3957,595.7,4183.0
3958,595.8,3756.448
3959,595.9,3350.0
3960,596.0,2967.0
3961,596.1,2610.0
3962,596.2,2279.653
3963,596.3,1977.0
3964,596.4,1703.0
3965,596.5,1457.193
3966,596.6,1238.0
3967,596.7,1044.0
3968,596.8,874.707
3969,596.9,728.0
3970,597.0,601.5
3971,597.1,493.6
3972,597.2,402.234
3973,597.3,325.5
3974,597.4,261.6
3975,597.5,208.803
3976,597.6,165.5
3977,597.7,130.2
3978,597.8,101.756
3979,597.9,79.03
3980,598.0,60.93
3981,598.1,46.64
3982,598.2,35.447
3983,598.3,26.77
3984,598.4,20.08
3985,598.5,14.951
3986,598.6,11.06
3987,598.7,8.122
3988,598.8,5.923
3989,598.9,4.299
3990,599.0,3.102
3991,599.1,2.23
3992,599.2,1.603
3993,599.3,1.164
3994,599.4,0.864
3995,599.5,0.673
3996,599.6,0.573
3997,599.7,0.551
3998,599.8,0.604
3999,599.9,0.739
4000,600.0,0.968
4001,600.1,1.317
4002,600.2,1.818
4003,600.3,2.525
4004,600.4,3.499
4005,600.5,4.826
4006,600.6,6.627
4007,600.7,9.04
4008,600.8,12.25
4009,600.9,16.5
4010,601.0,22.07
4011,601.1,29.33
4012,601.2,38.706
4013,601.3,50.76
4014,601.4,66.12
4015,601.5,85.569
4016,601.6,110.0
4017,601.7,140.4
4018,601.8,178.061
4019,601.9,224.4
4020,602.0,280.9
4021,602.1,349.3
4022,602.2,431.581
4023,602.3,529.8
4024,602.4,646.1
4025,602.5,782.925
4026,602.6,942.7
4027,602.7,1128.0
4028,602.8,1341.789
4029,602.9,1586.0
4030,603.0,1863.0
4031,603.1,2177.0
4032,603.2,2529.144
4033,603.3,2922.0
4034,603.4,3359.0
4035,603.5,3844.107
4036,603.6,4380.0
4037,603.7,4970.0
4038,603.8,5621.271
4039,603.9,6341.0
4040,604.0,7137.0
4041,604.1,8022.0
4042,604.2,9014.348
4043,604.3,10130.0
4044,604.4,11390.0
4045,604.5,12837.072
4046,604.6,14510.0
4047,604.7,16450.0
4048,604.8,18718.017
4049,604.9,21380.0
4050,605.0,24510.0
4051,605.1,28210.0
4052,605.2,32576.759
4053,605.3,37720.0
4054,605.4,43760.0
4055,605.5,50839.751
4056,605.6,59100.0
4057,605.7,68680.0
4058,605.8,79723.129
4059,605.9,92380.0
4060,606.0,106800.0
4061,606.1,123100.0
4062,606.2,141342.608
4063,606.3,161700.0
4064,606.4,184300.0
4065,606.5,209021.169
4066,606.6,235900.0
4067,606.7,265000.0
4068,606.8,296248.018
4069,606.9,329500.0
4070,607.0,364600.0
4071,607.1,401400.0
4072,607.2,439768.008
4073,607.3,479400.0
4074,607.4,520000.0
4075,607.5,561435.391
4076,607.6,603400.0
4077,607.7,645600.0
4078,607.8,687955.545
4079,607.9,730200.0
4080,608.0,772100.0
4081,608.1,813700.0
4082,608.2,854786.696
4083,608.3,895400.0
4084,608.4,935600.0
4085,608.5,975313.558
4086,608.6,1015000.0
4087,608.7,1055000.0
4088,608.8,1094860.958
4089,608.9,1135000.0
4090,609.0,1176000.0
4091,609.1,1218000.0
4092,609.2,1261195.765
4093,609.3,1306000.0
4094,609.4,1353000.0
4095,609.5,1402906.866
4096,609.6,1455000.0
4097,609.7,1509000.0
4098,609.8,1567110.651
4099,609.9,1629000.0
4100,610.0,1694000.0
4101,610.1,1763000.0
4102,610.2,1835700.269
4103,610.3,1912000.0
4104,610.4,1992000.0
4105,610.5,2075804.801
4106,610.6,2163000.0
4107,610.7,2253000.0
4108,610.8,2345149.142
4109,610.9,2439000.0
4110,611.0,2534000.0
4111,611.1,2629000.0
4112,611.2,2722839.268
4113,611.3,2814000.0
4114,611.4,2901000.0
4115,611.5,2982797.963
4116,611.6,3058000.0
4117,611.7,3125000.0
4118,611.8,3182029.16
4119,611.9,3228000.0
4120,612.0,3262000.0
4121,612.1,3283000.0
4122,612.2,3290014.729
4123,612.3,3283000.0
4124,612.4,3262000.0
4125,612.5,3226734.143
4126,612.6,3178000.0
4127,612.7,3117000.0
4128,612.8,3045364.493
4129,612.9,2965000.0
4130,613.0,2878000.0
4131,613.1,2787000.0
4132,613.2,2694716.157
4133,613.3,2604000.0
4134,613.4,2518000.0
4135,613.5,2440628.263
4136,613.6,2375000.0
4137,613.7,2324000.0
4138,613.8,2290646.919
4139,613.9,2278000.0
4140,614.0,2289000.0
4141,614.1,2326000.0
4142,614.2,2390792.339
4143,614.3,2485000.0
4144,614.4,2610000.0
4145,614.5,2766127.167
4146,614.6,2953000.0
4147,614.7,3170000.0
4148,614.8,3415803.747
4149,614.9,3688000.0
4150,615.0,3984000.0
4151,615.1,4301000.0
4152,615.2,4634486.02
4153,615.3,4980000.0
4154,615.4,5333000.0
4155,615.5,5688125.582
4156,615.6,6040000.0
4157,615.7,6383000.0
4158,615.8,6710585.506
4159,615.9,7017000.0
4160,616.0,7297000.0
4161,616.1,7546000.0
4162,616.2,7758865.199
4163,616.3,7932000.0
4164,616.4,8062000.0
4165,616.5,8145203.405
4166,616.6,8181000.0
4167,616.7,8169000.0
4168,616.8,8107537.582
4169,616.9,7999000.0
4170,617.0,7846000.0
4171,617.1,7649000.0
4172,617.2,7413157.157
4173,617.3,7142000.0
4174,617.4,6839000.0
4175,617.5,6510245.685
4176,617.6,6161000.0
4177,617.7,5796000.0
4178,617.8,5419775.965
4179,617.9,5038000.0
4180,618.0,4656000.0
4181,618.1,4277000.0
4182,618.2,3905429.68
4183,618.3,3545000.0
4184,618.4,3199000.0
4185,618.5,2870089.85
4186,618.6,2560000.0
4187,618.7,2270000.0
4188,618.8,2000587.986
4189,618.9,1753000.0
4190,619.0,1528000.0
4191,619.1,1324000.0
4192,619.2,1140613.107
4193,619.3,977200.0
4194,619.4,832800.0
4195,619.5,705991.69
4196,619.6,595400.0
4197,619.7,499700.0
4198,619.8,417558.095
4199,619.9,347500.0
4200,620.0,288100.0
4201,620.1,238200.0
4202,620.2,196499.19
4203,620.3,161900.0
4204,620.4,133400.0
4205,620.5,110109.015
4206,620.6,91200.0
4207,620.7,75900.0
4208,620.8,63621.793
4209,620.9,53850.0
4210,621.0,46100.0
4211,621.1,39990.0
4212,621.2,35202.8
4213,621.3,31480.0
4214,621.4,28590.0
4215,621.5,26361.87
4216,621.6,24660.0
4217,621.7,23360.0
4218,621.8,22367.436
4219,621.9,21620.0
4220,622.0,21060.0
4221,622.1,20630.0
4222,622.2,20301.684
4223,622.3,20050.0
4224,622.4,19850.0
4225,622.5,19682.283
4226,622.6,19530.0
4227,622.7,19380.0
4228,622.8,19229.952
4229,622.9,19070.0
4230,623.0,18890.0
4231,623.1,18690.0
4232,623.2,18472.063
4233,623.3,18230.0
4234,623.4,17960.0
4235,623.5,17674.171
4236,623.6,17380.0
4237,623.7,17080.0
4238,623.8,16770.087
4239,623.9,16460.0
4240,624.0,16160.0
4241,624.1,15870.0
4242,624.2,15600.757
4243,624.3,15360.0
4244,624.4,15150.0
4245,624.5,14962.194
4246,624.6,14800.0
4247,624.7,14670.0
4248,624.8,14573.251
4249,624.9,14500.0
4250,625.0,14440.0
4251,625.1,14390.0
4252,625.2,14344.85
4253,625.3,14300.0
4254,625.4,14250.0
4255,625.5,14184.077
4256,625.6,14090.0
4257,625.7,13960.0
4258,625.8,13799.595
4259,625.9,13600.0
4260,626.0,13350.0
4261,626.1,13050.0
4262,626.2,12708.609
4263,626.3,12320.0
4264,626.4,11880.0
4265,626.5,11403.112
4266,626.6,10890.0
4267,626.7,10340.0
4268,626.8,9764.747
4269,626.9,9171.0
4270,627.0,8564.0
4271,627.1,7951.0
4272,627.2,7338.454
4273,627.3,6733.0
4274,627.4,6141.0
4275,627.5,5567.176
4276,627.6,5016.0
4277,627.7,4492.0
4278,627.8,3999.019
4279,627.9,3538.0
4280,628.0,3110.0
4281,628.1,2718.0
4282,628.2,2360.572
4283,628.3,2037.0
4284,628.4,1747.0
4285,628.5,1489.516
4286,628.6,1262.0
4287,628.7,1062.0
4288,628.8,888.401
4289,628.9,738.8
4290,629.0,610.5
4291,629.1,501.3
4292,629.2,409.023
4293,629.3,331.7
4294,629.4,267.4
4295,629.5,214.188
4296,629.6,170.5
4297,629.7,134.9
4298,629.8,106.106
4299,629.9,83.02
4300,630.0,64.63
4301,630.1,50.12
4302,630.2,38.793
4303,630.3,30.1
4304,630.4,23.55
4305,630.5,18.769
4306,630.6,15.5
4307,630.7,13.53
4308,630.8,12.735
4309,630.9,13.09
4310,631.0,14.61
4311,631.1,17.4
4312,631.2,21.629
4313,631.3,27.58
4314,631.4,35.59
4315,631.5,46.13
4316,631.6,59.81
4317,631.7,77.32
4318,631.8,99.57
4319,631.9,127.6
4320,632.0,162.6
4321,632.1,206.2
4322,632.2,260.016
4323,632.3,326.1
4324,632.4,406.7
4325,632.5,504.424
4326,632.6,622.3
4327,632.7,763.6
4328,632.8,932.2
4329,632.9,1132.0
4330,633.0,1367.0
4331,633.1,1642.0
4332,633.2,1962.842
4333,633.3,2335.0
4334,633.4,2764.0
4335,633.5,3256.186
4336,633.6,3818.0
4337,633.7,4456.0
4338,633.8,5177.171
4339,633.9,5988.0
4340,634.0,6895.0
4341,634.1,7906.0
4342,634.2,9029.825
4343,634.3,10270.0
4344,634.4,11630.0
4345,634.5,13118.034
4346,634.6,14740.0
4347,634.7,16500.0
4348,634.8,18400.456
4349,634.9,20450.0
4350,635.0,22650.0
4351,635.1,24980.0
4352,635.2,27458.313
4353,635.3,30080.0
4354,635.4,32830.0
4355,635.5,35693.784
4356,635.6,38670.0
4357,635.7,41750.0
4358,635.8,44892.846
4359,635.9,48090.0
4360,636.0,51330.0
4361,636.1,54560.0
4362,636.2,57760.751
4363,636.3,60900.0
4364,636.4,63940.0
4365,636.5,66846.205
4366,636.6,69580.0
4367,636.7,72100.0
4368,636.8,74364.179
4369,636.9,76350.0
4370,637.0,78030.0
4371,637.1,79350.0
4372,637.2,80297.757
4373,637.3,80860.0
4374,637.4,81020.0
4375,637.5,80765.775
4376,637.6,80100.0
4377,637.7,79030.0
4378,637.8,77569.253
4379,637.9,75740.0
4380,638.0,73570.0
4381,638.1,71100.0
4382,638.2,68372.063
4383,638.3,65440.0
4384,638.4,62360.0
4385,638.5,59188.927
4386,638.6,56000.0
4387,638.7,52870.0
4388,638.8,49877.553
4389,638.9,47120.0
4390,639.0,44700.0
4391,639.1,42730.0
4392,639.2,41356.443
4393,639.3,40740.0
4394,639.4,41050.0
4395,639.5,42497.002
4396,639.6,45350.0
4397,639.7,49900.0
4398,639.8,56492.086
4399,639.9,65550.0
4400,640.0,77540.0
4401,640.1,93040.0
4402,640.2,112713.53
4403,640.3,137300.0
4404,640.4,167600.0
4405,640.5,204605.581
4406,640.6,249400.0
4407,640.7,303100.0
4408,640.8,366952.972
4409,640.9,442400.0
4410,641.0,530900.0
4411,641.1,633900.0
4412,641.2,753051.994
4413,641.3,889600.0
4414,641.4,1045000.0
4415,641.5,1221565.672
4416,641.6,1420000.0
4417,641.7,1641000.0
4418,641.8,1886603.423
4419,641.9,2157000.0
4420,642.0,2452000.0
4421,642.1,2772000.0
4422,642.2,3116628.538
4423,642.3,3485000.0
4424,642.4,3876000.0
4425,642.5,4287792.423
4426,642.6,4718000.0
4427,642.7,5164000.0
4428,642.8,5622404.028
4429,642.9,6089000.0
4430,643.0,6560000.0
4431,643.1,7033000.0
4432,643.2,7502618.367
4433,643.3,7964000.0
4434,643.4,8413000.0
4435,643.5,8846436.102
4436,643.6,9260000.0
4437,643.7,9650000.0
4438,643.8,10015266.22
4439,643.9,10350000.0
4440,644.0,10650000.0
4441,644.1,10920000.0
4442,644.2,11156871.754
4443,644.3,11360000.0
4444,644.4,11530000.0
4445,644.5,11666795.489
4446,644.6,11770000.0
4447,644.7,11840000.0
4448,644.8,11880958.331
4449,644.9,11900000.0
4450,645.0,11900000.0
4451,645.1,11870000.0
4452,645.2,11814600.507
4453,645.3,11740000.0
4454,645.4,11650000.0
4455,645.5,11543276.171
4456,645.6,11420000.0
4457,645.7,11280000.0
4458,645.8,11121180.137
4459,645.9,10950000.0
4460,646.0,10770000.0
4461,646.1,10570000.0
4462,646.2,10356611.743
4463,646.3,10130000.0
4464,646.4,9889000.0
4465,646.5,9638545.649
4466,646.6,9379000.0
4467,646.7,9110000.0
4468,646.8,8834345.823
4469,646.9,8554000.0
4470,647.0,8271000.0
4471,647.1,7989000.0
4472,647.2,7710544.104
4473,647.3,7438000.0
4474,647.4,7174000.0
4475,647.5,6921788.196
4476,647.6,6684000.0
4477,647.7,6463000.0
4478,647.8,6260672.936
4479,647.9,6078000.0
4480,648.0,5916000.0
4481,648.1,5776000.0
4482,648.2,5657140.509
4483,648.3,5559000.0
4484,648.4,5481000.0
4485,648.5,5420856.178
4486,648.6,5376000.0
4487,648.7,5344000.0
4488,648.8,5322505.246
4489,648.9,5308000.0
4490,649.0,5297000.0
4491,649.1,5287000.0
4492,649.2,5274400.82
4493,649.3,5256000.0
4494,649.4,5229000.0
4495,649.5,5191232.438
4496,649.6,5140000.0
4497,649.7,5073000.0
4498,649.8,4990076.971
4499,649.9,4891000.0
4500,650.0,4775000.0
4501,650.1,4641000.0
4502,650.2,4491508.602
4503,650.3,4327000.0
4504,650.4,4148000.0
4505,650.5,3957814.817
4506,650.6,3758000.0
4507,650.7,3550000.0
4508,650.8,3336996.066
4509,650.9,3121000.0
4510,651.0,2904000.0
4511,651.1,2689000.0
4512,651.2,2477328.235
4513,651.3,2271000.0
4514,651.4,2072000.0
4515,651.5,1881161.643
4516,651.6,1700000.0
4517,651.7,1530000.0
4518,651.8,1371427.235
4519,651.9,1224000.0
4520,652.0,1088000.0
4521,652.1,965100.0
4522,652.2,853698.157
4523,652.3,753400.0
4524,652.4,664200.0
4525,652.5,585358.827
4526,652.6,516100.0
4527,652.7,455700.0
4528,652.8,403463.669
4529,652.9,358600.0
4530,653.0,320300.0
4531,653.1,287800.0
4532,653.2,260386.901
4533,653.3,237400.0
4534,653.4,218200.0
4535,653.5,202203.741
4536,653.6,188900.0
4537,653.7,177800.0
4538,653.8,168471.088
4539,653.9,160600.0
4540,654.0,153900.0
4541,654.1,148100.0
4542,654.2,143017.254
4543,654.3,138500.0
4544,654.4,134400.0
4545,654.5,130601.525
4546,654.6,127100.0
4547,654.7,123900.0
4548,654.8,120943.878
4549,654.9,118200.0
4550,655.0,115700.0
4551,655.1,113600.0
4552,655.2,111821.216
4553,655.3,110400.0
4554,655.4,109400.0
4555,655.5,108815.311
4556,655.6,108700.0
4557,655.7,109100.0
4558,655.8,109966.103
4559,655.9,111300.0
4560,656.0,113100.0
4561,656.1,115300.0
4562,656.2,117909.272
4563,656.3,120900.0
4564,656.4,124200.0
4565,656.5,127654.893
4566,656.6,131200.0
4567,656.7,134800.0
4568,656.8,138404.064
4569,656.9,141900.0
4570,657.0,145200.0
4571,657.1,148300.0
4572,657.2,151002.02
4573,657.3,153300.0
4574,657.4,155200.0
4575,657.5,156551.854
4576,657.6,157400.0
4577,657.7,157800.0
4578,657.8,157651.711
4579,657.9,157000.0
4580,658.0,155900.0
4581,658.1,154300.0
4582,658.2,152282.778
4583,658.3,149900.0
4584,658.4,147200.0
4585,658.5,144281.865
4586,658.6,141200.0
4587,658.7,138000.0
4588,658.8,134748.628
4589,658.9,131500.0
4590,659.0,128300.0
4591,659.1,125200.0
4592,659.2,122297.63
4593,659.3,119600.0
4594,659.4,117100.0
4595,659.5,114844.78
4596,659.6,112900.0
4597,659.7,111300.0
4598,659.8,109971.459
4599,659.9,108900.0
4600,660.0,108100.0
4601,660.1,107600.0
4602,660.2,107387.348
4603,660.3,107400.0
4604,660.4,107600.0
4605,660.5,108037.088
4606,660.6,108600.0
4607,660.7,109200.0
4608,660.8,109962.515
4609,660.9,110800.0
4610,661.0,111600.0
4611,661.1,112400.0
4612,661.2,113151.744
4613,661.3,113800.0
4614,661.4,114300.0
4615,661.5,114629.083
4616,661.6,114800.0
4617,661.7,114800.0
4618,661.8,114511.54
4619,661.9,113900.0
4620,662.0,113000.0
4621,662.1,111900.0
4622,662.2,110401.704
4623,662.3,108600.0
4624,662.4,106600.0
4625,662.5,104222.84
4626,662.6,101500.0
4627,662.7,98520.0
4628,662.8,95302.32
4629,662.9,91860.0
4630,663.0,88210.0
4631,663.1,84380.0
4632,663.2,80419.214
4633,663.3,76360.0
4634,663.4,72230.0
4635,663.5,68064.23
4636,663.6,63910.0
4637,663.7,59810.0
4638,663.8,55781.35
4639,663.9,51850.0
4640,664.0,48050.0
4641,664.1,44420.0
4642,664.2,40963.423
4643,664.3,37700.0
4644,664.4,34650.0
4645,664.5,31812.713
4646,664.6,29200.0
4647,664.7,26820.0
4648,664.8,24653.626
4649,664.9,22700.0
4650,665.0,20960.0
4651,665.1,19420.0
4652,665.2,18076.666
4653,665.3,16910.0
4654,665.4,15900.0
4655,665.5,15044.393
4656,665.6,14330.0
4657,665.7,13740.0
4658,665.8,13260.182
4659,665.9,12880.0
4660,666.0,12590.0
4661,666.1,12380.0
4662,666.2,12236.504
4663,666.3,12160.0
4664,666.4,12150.0
4665,666.5,12190.803
4666,666.6,12280.0
4667,666.7,12420.0
4668,666.8,12613.441
4669,666.9,12860.0
4670,667.0,13160.0
4671,667.1,13520.0
4672,667.2,13949.801
4673,667.3,14460.0
4674,667.4,15060.0
4675,667.5,15758.411
4676,667.6,16580.0
4677,667.7,17550.0
4678,667.8,18683.069
4679,667.9,20010.0
4680,668.0,21570.0
4681,668.1,23410.0
4682,668.2,25562.867
4683,668.3,28080.0
4684,668.4,31020.0
4685,668.5,34446.897
4686,668.6,38430.0
4687,668.7,43040.0
4688,668.8,48350.294
4689,668.9,54440.0
4690,669.0,61390.0
4691,669.1,69280.0
4692,669.2,78180.982
4693,669.3,88170.0
4694,669.4,99310.0
4695,669.5,111621.453
4696,669.6,125200.0
4697,669.7,140100.0
4698,669.8,156182.795
4699,669.9,173500.0
4700,670.0,192100.0
4701,670.1,211800.0
4702,670.2,232492.981
4703,670.3,254100.0
4704,670.4,276500.0
4705,670.5,299434.917
4706,670.6,322700.0
4707,670.7,346100.0
4708,670.8,369373.229
4709,670.9,392200.0
4710,671.0,414300.0
4711,671.1,435500.0
4712,671.2,455361.298
4713,671.3,473600.0
4714,671.4,490000.0
4715,671.5,504352.967
4716,671.6,516400.0
4717,671.7,525900.0
4718,671.8,532734.696
4719,671.9,536800.0
4720,672.0,538000.0
4721,672.1,536300.0
4722,672.2,531734.351
4723,672.3,524400.0
4724,672.4,514400.0
4725,672.5,501847.712
4726,672.6,487000.0
4727,672.7,470100.0
4728,672.8,451255.188
4729,672.9,430800.0
4730,673.0,409100.0
4731,673.1,386400.0
4732,673.2,363015.083
4733,673.3,339200.0
4734,673.4,315200.0
4735,673.5,291307.997
4736,673.6,267800.0
4737,673.7,244900.0
4738,673.8,222696.377
4739,673.9,201400.0
4740,674.0,181200.0
4741,674.1,162100.0
4742,674.2,144260.573
4743,674.3,127700.0
4744,674.4,112400.0
4745,674.5,98392.611
4746,674.6,85670.0
4747,674.7,74200.0
4748,674.8,63913.65
4749,674.9,54750.0
4750,675.0,46650.0
4751,675.1,39540.0
4752,675.2,33330.856
4753,675.3,27940.0
4754,675.4,23290.0
4755,675.5,19311.567
4756,675.6,15930.0
4757,675.7,13070.0
4758,675.8,10663.81
4759,675.9,8653.0
4760,676.0,6983.0
4761,676.1,5606.0
4762,676.2,4475.522
4763,676.3,3554.0
4764,676.4,2807.0
4765,676.5,2204.34
4766,676.6,1722.0
4767,676.7,1338.0
4768,676.8,1033.849
4769,676.9,794.8
4770,677.0,607.6
4771,677.1,462.0
4772,677.2,349.322
4773,677.3,262.8
4774,677.4,196.5
4775,677.5,146.116
4776,677.6,108.2
4777,677.7,79.64
4778,677.8,58.263
4779,677.9,42.44
4780,678.0,30.73
4781,678.1,22.13
4782,678.2,15.839
4783,678.3,11.29
4784,678.4,8.001
4785,678.5,5.633
4786,678.6,3.952
4787,678.7,2.755
4788,678.8,1.908
4789,678.9,1.317
4790,679.0,0.903
4791,679.1,0.616
4792,679.2,0.417
4793,679.3,0.282
4794,679.4,0.189
4795,679.5,0.126
4796,679.6,0.084
4797,679.7,0.055
4798,679.8,0.036
4799,679.9,0.024
4800,680.0,0.015
4801,680.1,0.01
4802,680.2,0.006
4803,680.3,0.004
4804,680.4,0.003
4805,680.5,0.002
4806,680.6,0.001
4807,680.7,0.001
4808,680.8,0.0
4809,680.9,0.0
4810,681.0,0.0
4811,681.1,0.0
4812,681.2,0.0
4813,681.3,0.0
4814,681.4,0.0
4815,681.5,0.0
4816,681.6,0.0
4817,681.7,0.0
4818,681.8,0.0
4819,681.9,0.0
4820,682.0,0.0
4821,682.1,0.0
4822,682.2,0.0
4823,682.3,0.0
4824,682.4,0.0
4825,682.5,0.0
4826,682.6,0.0
4827,682.7,0.0
4828,682.8,0.0
4829,682.9,0.0
4830,683.0,0.0
4831,683.1,0.0
4832,683.2,0.0
4833,683.3,0.0
4834,683.4,0.0
4835,683.5,0.0
4836,683.6,0.0
4837,683.7,0.0
4838,683.8,0.0
4839,683.9,0.0
4840,684.0,0.0
4841,684.1,0.0
4842,684.2,0.0
4843,684.3,0.0
4844,684.4,0.0
4845,684.5,0.0
4846,684.6,0.0
4847,684.7,0.0
4848,684.8,0.0
4849,684.9,0.0
4850,685.0,0.0
4851,685.1,0.0
4852,685.2,0.0
4853,685.3,0.0
4854,685.4,0.0
4855,685.5,0.0
4856,685.6,0.0
4857,685.7,0.0
4858,685.8,0.0
4859,685.9,0.0
4860,686.0,0.0
4861,686.1,0.0
4862,686.2,0.0
4863,686.3,0.0
4864,686.4,0.0
4865,686.5,0.0
4866,686.6,0.0
4867,686.7,0.0
4868,686.8,0.0
4869,686.9,0.0
4870,687.0,0.0
4871,687.1,0.0
4872,687.2,0.0
4873,687.3,0.0
4874,687.4,0.0
4875,687.5,0.0
4876,687.6,0.0
4877,687.7,0.0
4878,687.8,0.0
4879,687.9,0.0
4880,688.0,0.0
4881,688.1,0.0
4882,688.2,0.0
4883,688.3,0.0
4884,688.4,0.0
4885,688.5,0.0
4886,688.6,0.0
4887,688.7,0.0
4888,688.8,0.0
4889,688.9,0.0
4890,689.0,0.0
4891,689.1,0.0
4892,689.2,0.0
4893,689.3,0.0
4894,689.4,0.0
4895,689.5,0.0
4896,689.6,0.0
4897,689.7,0.0
4898,689.8,0.0
4899,689.9,0.0
4900,690.0,0.0
4901,690.1,0.0
4902,690.2,0.0
4903,690.3,0.0
4904,690.4,0.0
4905,690.5,0.0
4906,690.6,0.0
4907,690.7,0.0
4908,690.8,0.0
4909,690.9,0.0
4910,691.0,0.0
4911,691.1,0.0
4912,691.2,0.0
4913,691.3,0.0
4914,691.4,0.0
4915,691.5,0.0
4916,691.6,0.0
4917,691.7,0.001
4918,691.8,0.001
4919,691.9,0.001
4920,692.0,0.002
4921,692.1,0.003
4922,692.2,0.004
4923,692.3,0.006
4924,692.4,0.009
4925,692.5,0.013
4926,692.6,0.018
4927,692.7,0.026
4928,692.8,0.038
4929,692.9,0.054
4930,693.0,0.076
4931,693.1,0.107
4932,693.2,0.15
4933,693.3,0.209
4934,693.4,0.29
4935,693.5,0.4
4936,693.6,0.549
4937,693.7,0.751
4938,693.8,1.021
4939,693.9,1.382
4940,694.0,1.861
4941,694.1,2.494
4942,694.2,3.324
4943,694.3,4.41
4944,694.4,5.821
4945,694.5,7.643
4946,694.6,9.99
4947,694.7,12.99
4948,694.8,16.8
4949,694.9,21.63
4950,695.0,27.71
4951,695.1,35.32
4952,695.2,44.783
4953,695.3,56.51
4954,695.4,70.95
4955,695.5,88.64
4956,695.6,110.2
4957,695.7,136.3
4958,695.8,167.744
4959,695.9,205.4
4960,696.0,250.2
4961,696.1,303.3
4962,696.2,365.895
4963,696.3,439.2
4964,696.4,524.5
4965,696.5,623.298
4966,696.6,737.0
4967,696.7,867.0
4968,696.8,1014.819
4969,696.9,1182.0
4970,697.0,1370.0
4971,697.1,1580.0
4972,697.2,1813.182
4973,697.3,2070.0
4974,697.4,2351.0
4975,697.5,2657.432
4976,697.6,2989.0
4977,697.7,3345.0
4978,697.8,3724.757
4979,697.9,4127.0
4980,698.0,4550.0
4981,698.1,4991.0
4982,698.2,5447.42
4983,698.3,5916.0
4984,698.4,6393.0
4985,698.5,6873.766
4986,698.6,7354.0
4987,698.7,7829.0
4988,698.8,8292.334
4989,698.9,8739.0
4990,699.0,9164.0
4991,699.1,9562.0
4992,699.2,9931.029
4993,699.3,10260.0
4994,699.4,10540.0
4995,699.5,10777.797
4996,699.6,10970.0
4997,699.7,11110.0
4998,699.8,11193.825
4999,699.9,11220.0
5000,700.0,11190.0
5001,700.1,11110.0
5002,700.2,10972.194
5003,700.3,10780.0
5004,700.4,10540.0
5005,700.5,10255.179
5006,700.6,9928.0
5007,700.7,9562.0
5008,700.8,9163.962
5009,700.9,8739.0
5010,701.0,8292.0
5011,701.1,7829.0
5012,701.2,7354.544
5013,701.3,6874.0
5014,701.4,6393.0
5015,701.5,5916.492
5016,701.6,5448.0
5017,701.7,4991.0
5018,701.8,4549.709
5019,701.9,4127.0
5020,702.0,3725.0
5021,702.1,3345.0
5022,702.2,2989.304
5023,702.3,2658.0
5024,702.4,2351.0
5025,702.5,2069.588
5026,702.6,1813.0
5027,702.7,1580.0
5028,702.8,1369.94
5029,702.9,1182.0
5030,703.0,1015.0
5031,703.1,867.0
5032,703.2,736.93
5033,703.3,623.3
5034,703.4,524.5
5035,703.5,439.172
5036,703.6,365.9
5037,703.7,303.3
5038,703.8,250.213
5039,703.9,205.4
5040,704.0,167.7
5041,704.1,136.3
5042,704.2,110.2
5043,704.3,88.64
5044,704.4,70.95
5045,704.5,56.507
5046,704.6,44.79
5047,704.7,35.32
5048,704.8,27.704
5049,704.9,21.63
5050,705.0,16.81
5051,705.1,12.99
5052,705.2,9.987
5053,705.3,7.645
5054,705.4,5.821
5055,705.5,4.409
5056,705.6,3.325
5057,705.7,2.494
5058,705.8,1.86
5059,705.9,1.382
5060,706.0,1.021
5061,706.1,0.751
5062,706.2,0.549
5063,706.3,0.4
5064,706.4,0.29
5065,706.5,0.209
5066,706.6,0.15
5067,706.7,0.107
5068,706.8,0.076
5069,706.9,0.054
5070,707.0,0.038
5071,707.1,0.026
5072,707.2,0.018
5073,707.3,0.013
5074,707.4,0.009
5075,707.5,0.006
5076,707.6,0.004
5077,707.7,0.003
5078,707.8,0.002
5079,707.9,0.001
5080,708.0,0.001
5081,708.1,0.001
5082,708.2,0.0
5083,708.3,0.0
5084,708.4,0.0
5085,708.5,0.0
5086,708.6,0.0
5087,708.7,0.0
5088,708.8,0.0
5089,708.9,0.0
5090,709.0,0.0
5091,709.1,0.0
5092,709.2,0.0
5093,709.3,0.0
5094,709.4,0.0
5095,709.5,0.0
5096,709.6,0.0
5097,709.7,0.0
5098,709.8,0.0
5099,709.9,0.0
5100,710.0,0.0
5101,710.1,0.0
5102,710.2,0.0
5103,710.3,0.0
5104,710.4,0.0
5105,710.5,0.0
5106,710.6,0.0
5107,710.7,0.0
5108,710.8,0.0
5109,710.9,0.0
5110,711.0,0.0
5111,711.1,0.0
5112,711.2,0.0
5113,711.3,0.0
5114,711.4,0.0
5115,711.5,0.0
5116,711.6,0.0
5117,711.7,0.0
5118,711.8,0.0
5119,711.9,0.0
5120,712.0,0.0
5121,712.1,0.0
5122,712.2,0.0
5123,712.3,0.0
5124,712.4,0.0
5125,712.5,0.0
5126,712.6,0.0
5127,712.7,0.0
5128,712.8,0.0
5129,712.9,0.0
5130,713.0,0.0
5131,713.1,0.0
5132,713.2,0.0
5133,713.3,0.0
5134,713.4,0.0
5135,713.5,0.0
5136,713.6,0.0
5137,713.7,0.0
5138,713.8,0.0
5139,713.9,0.0
5140,714.0,0.0
5141,714.1,0.0
5142,714.2,0.0
5143,714.3,0.0
5144,714.4,0.0
5145,714.5,0.0
5146,714.6,0.0
5147,714.7,0.0
5148,714.8,0.0
5149,714.9,0.0
5150,715.0,0.0
5151,715.1,0.0
5152,715.2,0.0
5153,715.3,0.0
5154,715.4,0.0
5155,715.5,0.0
5156,715.6,0.0
5157,715.7,0.0
5158,715.8,0.0
5159,715.9,0.0
5160,716.0,0.0
5161,716.1,0.0
5162,716.2,0.0
5163,716.3,0.0
5164,716.4,0.0
5165,716.5,0.0
5166,716.6,0.0
5167,716.7,0.0
5168,716.8,0.0
5169,716.9,0.0
5170,717.0,0.0
5171,717.1,0.0
5172,717.2,0.0
5173,717.3,0.0
5174,717.4,0.0
5175,717.5,0.0
5176,717.6,0.0
5177,717.7,0.0
5178,717.8,0.0
5179,717.9,0.0
5180,718.0,0.0
5181,718.1,0.0
5182,718.2,0.0
5183,718.3,0.0
5184,718.4,0.0
5185,718.5,0.0
5186,718.6,0.0
5187,718.7,0.0
5188,718.8,0.0
5189,718.9,0.0
5190,719.0,0.0
5191,719.1,0.0
5192,719.2,0.0
5193,719.3,0.0
5194,719.4,0.0
5195,719.5,0.0
5196,719.6,0.0
5197,719.7,0.0
5198,719.8,0.0
5199,719.9,0.0
5200,720.0,0.0
5201,720.1,0.0
5202,720.2,0.0
5203,720.3,0.0
5204,720.4,0.0
5205,720.5,0.0
5206,720.6,0.0
5207,720.7,0.0
5208,720.8,0.0
5209,720.9,0.0
5210,721.0,0.0
5211,721.1,0.0
5212,721.2,0.0
5213,721.3,0.0
5214,721.4,0.0
5215,721.5,0.0
5216,721.6,0.0
5217,721.7,0.0
5218,721.8,0.0
5219,721.9,0.0
5220,722.0,0.0
5221,722.1,0.0
5222,722.2,0.0
5223,722.3,0.0
5224,722.4,0.0
5225,722.5,0.0
5226,722.6,0.0
5227,722.7,0.0
5228,722.8,0.0
5229,722.9,0.0
5230,723.0,0.0
5231,723.1,0.0
5232,723.2,0.0
5233,723.3,0.0
5234,723.4,0.0
5235,723.5,0.0
5236,723.6,0.0
5237,723.7,0.0
5238,723.8,0.0
5239,723.9,0.0
5240,724.0,0.0
5241,724.1,0.0
5242,724.2,0.0
5243,724.3,0.0
5244,724.4,0.0
5245,724.5,0.0
5246,724.6,0.0
5247,724.7,0.0
5248,724.8,0.0
5249,724.9,0.0
5250,725.0,0.0
5251,725.1,0.0
5252,725.2,0.0
5253,725.3,0.0
5254,725.4,0.0
5255,725.5,0.0
5256,725.6,0.0
5257,725.7,0.0
5258,725.8,0.0
5259,725.9,0.0
5260,726.0,0.0
5261,726.1,0.0
5262,726.2,0.0
5263,726.3,0.0
5264,726.4,0.0
5265,726.5,0.0
5266,726.6,0.0
5267,726.7,0.0
5268,726.8,0.0
5269,726.9,0.0
5270,727.0,0.0
5271,727.1,0.0
5272,727.2,0.0
5273,727.3,0.0
5274,727.4,0.0
5275,727.5,0.0
5276,727.6,0.0
5277,727.7,0.0
5278,727.8,0.0
5279,727.9,0.0
5280,728.0,0.0
5281,728.1,0.0
5282,728.2,0.0
5283,728.3,0.0
5284,728.4,0.0
5285,728.5,0.0
5286,728.6,0.0
5287,728.7,0.0
5288,728.8,0.0
5289,728.9,0.0
5290,729.0,0.0
5291,729.1,0.0
5292,729.2,0.0
5293,729.3,0.0
5294,729.4,0.0
5295,729.5,0.0
5296,729.6,0.0
5297,729.7,0.0
5298,729.8,0.0
5299,729.9,0.0
5300,730.0,0.0
5301,730.1,0.0
5302,730.2,0.0
5303,730.3,0.0
5304,730.4,0.0
5305,730.5,0.0
5306,730.6,0.0
5307,730.7,0.0
5308,730.8,0.0
5309,730.9,0.0
5310,731.0,0.0
5311,731.1,0.0
5312,731.2,0.0
5313,731.3,0.0
5314,731.4,0.0
5315,731.5,0.0
5316,731.6,0.0
5317,731.7,0.0
5318,731.8,0.0
5319,731.9,0.0
5320,732.0,0.0
5321,732.1,0.0
5322,732.2,0.0
5323,732.3,0.0
5324,732.4,0.0
5325,732.5,0.0
5326,732.6,0.0
5327,732.7,0.0
5328,732.8,0.0
5329,732.9,0.0
5330,733.0,0.0
5331,733.1,0.0
5332,733.2,0.0
5333,733.3,0.0
5334,733.4,0.0
5335,733.5,0.0
5336,733.6,0.0
5337,733.7,0.0
5338,733.8,0.0
5339,733.9,0.0
5340,734.0,0.0
5341,734.1,0.0
5342,734.2,0.0
5343,734.3,0.0
5344,734.4,0.0
5345,734.5,0.0
5346,734.6,0.0
5347,734.7,0.0
5348,734.8,0.0
5349,734.9,0.0
5350,735.0,0.0
5351,735.1,0.0
5352,735.2,0.0
5353,735.3,0.0
5354,735.4,0.001
5355,735.5,0.001
5356,735.6,0.001
5357,735.7,0.002
5358,735.8,0.003
5359,735.9,0.004
5360,736.0,0.006
5361,736.1,0.009
5362,736.2,0.013
5363,736.3,0.018
5364,736.4,0.026
5365,736.5,0.036
5366,736.6,0.05
5367,736.7,0.07
5368,736.8,0.096
5369,736.9,0.133
5370,737.0,0.182
5371,737.1,0.249
5372,737.2,0.338
5373,737.3,0.458
5374,737.4,0.617
5375,737.5,0.828
5376,737.6,1.107
5377,737.7,1.473
5378,737.8,1.95
5379,737.9,2.572
5380,738.0,3.377
5381,738.1,4.413
5382,738.2,5.741
5383,738.3,7.438
5384,738.4,9.593
5385,738.5,12.318
5386,738.6,15.75
5387,738.7,20.04
5388,738.8,25.387
5389,738.9,32.03
5390,739.0,40.23
5391,739.1,50.3
5392,739.2,62.607
5393,739.3,77.6
5394,739.4,95.75
5395,739.5,117.589
5396,739.6,143.8
5397,739.7,175.1
5398,739.8,212.254
5399,739.9,256.2
5400,740.0,307.9
5401,740.1,368.3
5402,740.2,438.616
5403,740.3,520.1
5404,740.4,614.0
5405,740.5,721.605
5406,740.6,844.3
5407,740.7,983.5
5408,740.8,1140.619
5409,740.9,1317.0
5410,741.0,1514.0
5411,741.1,1733.0
5412,741.2,1974.904
5413,741.3,2240.0
5414,741.4,2529.0
5415,741.5,2843.96
5416,741.6,3184.0
5417,741.7,3548.0
5418,741.8,3936.73
5419,741.9,4349.0
5420,742.0,4783.0
5421,742.1,5237.0
5422,742.2,5708.938
5423,742.3,6196.0
5424,742.4,6695.0
5425,742.5,7202.001
5426,742.6,7713.0
5427,742.7,8224.0
5428,742.8,8730.573
5429,742.9,9227.0
5430,743.0,9708.0
5431,743.1,10170.0
5432,743.2,10605.767
5433,743.3,11010.0
5434,743.4,11380.0
5435,743.5,11716.859
5436,743.6,12010.0
5437,743.7,12250.0
5438,743.8,12441.801
5439,743.9,12580.0
5440,744.0,12660.0
5441,744.1,12690.0
5442,744.2,12663.959
5443,744.3,12580.0
5444,744.4,12440.0
5445,744.5,12249.769
5446,744.6,12010.0
5447,744.7,11720.0
5448,744.8,11382.46
5449,744.9,11010.0
5450,745.0,10610.0
5451,745.1,10170.0
5452,745.2,9707.341
5453,745.3,9227.0
5454,745.4,8730.0
5455,745.5,8223.672
5456,745.6,7713.0
5457,745.7,7202.0
5458,745.8,6694.953
5459,745.9,6196.0
5460,746.0,5709.0
5461,746.1,5237.0
5462,746.2,4782.959
5463,746.3,4349.0
5464,746.4,3937.0
5465,746.5,3548.511
5466,746.6,3184.0
5467,746.7,2844.0
5468,746.8,2529.708
5469,746.9,2240.0
5470,747.0,1974.0
5471,747.1,1733.0
5472,747.2,1514.213
5473,747.3,1317.0
5474,747.4,1141.0
5475,747.5,983.807
5476,747.6,844.3
5477,747.7,721.6
5478,747.8,614.009
5479,747.9,520.1
5480,748.0,438.6
5481,748.1,368.3
5482,748.2,307.86
5483,748.3,256.2
5484,748.4,212.3
5485,748.5,175.109
5486,748.6,143.8
5487,748.7,117.6
5488,748.8,95.742
5489,748.9,77.6
5490,749.0,62.61
5491,749.1,50.3
5492,749.2,40.226
5493,749.3,32.03
5494,749.4,25.39
5495,749.5,20.038
5496,749.6,15.75
5497,749.7,12.32
5498,749.8,9.592
5499,749.9,7.438
5500,750.0,5.742
5501,750.1,4.413
5502,750.2,3.376
5503,750.3,2.572
5504,750.4,1.951
5505,750.5,1.472
5506,750.6,1.107
5507,750.7,0.829
5508,750.8,0.617
5509,750.9,0.458
5510,751.0,0.338
5511,751.1,0.249
5512,751.2,0.182
5513,751.3,0.133
5514,751.4,0.096
5515,751.5,0.07
5516,751.6,0.05
5517,751.7,0.036
5518,751.8,0.026
5519,751.9,0.018
5520,752.0,0.013
5521,752.1,0.009
5522,752.2,0.006
5523,752.3,0.004
5524,752.4,0.003
5525,752.5,0.002
5526,752.6,0.001
5527,752.7,0.001
5528,752.8,0.001
5529,752.9,0.0
5530,753.0,0.0
5531,753.1,0.0
5532,753.2,0.0
5533,753.3,0.0
5534,753.4,0.0
5535,753.5,0.0
5536,753.6,0.0
5537,753.7,0.0
5538,753.8,0.0
5539,753.9,0.0
5540,754.0,0.0
5541,754.1,0.0
5542,754.2,0.0
5543,754.3,0.0
5544,754.4,0.0
5545,754.5,0.0
5546,754.6,0.0
5547,754.7,0.0
5548,754.8,0.0
5549,754.9,0.0
5550,755.0,0.0
5551,755.1,0.0
5552,755.2,0.0
5553,755.3,0.0
5554,755.4,0.0
5555,755.5,0.0
5556,755.6,0.0
5557,755.7,0.0
5558,755.8,0.0
5559,755.9,0.0
5560,756.0,0.0
5561,756.1,0.0
5562,756.2,0.0
5563,756.3,0.0
5564,756.4,0.0
5565,756.5,0.0
5566,756.6,0.0
5567,756.7,0.0
5568,756.8,0.0
5569,756.9,0.0
5570,757.0,0.0
5571,757.1,0.0
5572,757.2,0.0
5573,757.3,0.0
5574,757.4,0.0
5575,757.5,0.0
5576,757.6,0.0
5577,757.7,0.0
5578,757.8,0.0
5579,757.9,0.0
5580,758.0,0.0
5581,758.1,0.0
5582,758.2,0.0
5583,758.3,0.0
5584,758.4,0.001
5585,758.5,0.001
5586,758.6,0.001
5587,758.7,0.002
5588,758.8,0.003
5589,758.9,0.004
5590,759.0,0.006
5591,759.1,0.008
5592,759.2,0.012
5593,759.3,0.017
5594,759.4,0.023
5595,759.5,0.033
5596,759.6,0.045
5597,759.7,0.063
5598,759.8,0.086
5599,759.9,0.118
5600,760.0,0.162
5601,760.1,0.22
5602,760.2,0.298
5603,760.3,0.402
5604,760.4,0.541
5605,760.5,0.724
5606,760.6,0.966
5607,760.7,1.283
5608,760.8,1.697
5609,760.9,2.236
5610,761.0,2.935
5611,761.1,3.837
5612,761.2,4.994
5613,761.3,6.479
5614,761.4,8.37
5615,761.5,10.766
5616,761.6,13.8
5617,761.7,17.62
5618,761.8,22.402
5619,761.9,28.38
5620,762.0,35.81
5621,762.1,45.0
5622,762.2,56.323
5623,762.3,70.23
5624,762.4,87.22
5625,762.5,107.919
5626,762.6,133.0
5627,762.7,163.2
5628,762.8,199.513
5629,762.9,243.0
5630,763.0,294.8
5631,763.1,356.3
5632,763.2,428.872
5633,763.3,514.2
5634,763.4,614.1
5635,763.5,730.586
5636,763.6,865.8
5637,763.7,1022.0
5638,763.8,1201.825
5639,763.9,1408.0
5640,764.0,1643.0
5641,764.1,1909.0
5642,764.2,2210.152
5643,764.3,2549.0
5644,764.4,2928.0
5645,764.5,3350.986
5646,764.6,3820.0
5647,764.7,4337.0
5648,764.8,4905.38
5649,764.9,5527.0
5650,765.0,6203.0
5651,765.1,6934.0
5652,765.2,7721.481
5653,765.3,8566.0
5654,765.4,9466.0
5655,765.5,10415.782
5656,765.6,11420.0
5657,765.7,12480.0
5658,765.8,13577.393
5659,765.9,14710.0
5660,766.0,15880.0
5661,766.1,17080.0
5662,766.2,18289.793
5663,766.3,19510.0
5664,766.4,20740.0
5665,766.5,21955.373
5666,766.6,23150.0
5667,766.7,24320.0
5668,766.8,25447.234
5669,766.9,26520.0
5670,767.0,27530.0
5671,767.1,28470.0
5672,767.2,29326.962
5673,767.3,30090.0
5674,767.4,30750.0
5675,767.5,31301.23
5676,767.6,31740.0
5677,767.7,32060.0
5678,767.8,32248.36
5679,767.9,32310.0
5680,768.0,32250.0
5681,768.1,32060.0
5682,768.2,31749.53
5683,768.3,31320.0
5684,768.4,30770.0
5685,768.5,30104.392
5686,768.6,29340.0
5687,768.7,28490.0
5688,768.8,27548.542
5689,768.9,26530.0
5690,769.0,25450.0
5691,769.1,24310.0
5692,769.2,23132.043
5693,769.3,21930.0
5694,769.4,20710.0
5695,769.5,19469.662
5696,769.6,18230.0
5697,769.7,17010.0
5698,769.8,15801.466
5699,769.9,14620.0
5700,770.0,13480.0
5701,770.1,12370.0
5702,770.2,11308.808
5703,770.3,10300.0
5704,770.4,9342.0
5705,770.5,8438.632
5706,770.6,7592.0
5707,770.7,6803.0
5708,770.8,6071.118
5709,770.9,5396.0
5710,771.0,4777.0
5711,771.1,4212.0
5712,771.2,3699.051
5713,771.3,3235.0
5714,771.4,2817.0
5715,771.5,2443.986
5716,771.6,2112.0
5717,771.7,1817.0
5718,771.8,1557.476
5719,771.9,1330.0
5720,772.0,1131.0
5721,772.1,958.5
5722,772.2,809.233
5723,772.3,680.8
5724,772.4,571.1
5725,772.5,477.908
5726,772.6,399.3
5727,772.7,333.5
5728,772.8,278.993
5729,772.9,234.4
5730,773.0,198.5
5731,773.1,170.5
5732,773.2,149.353
5733,773.3,134.5
5734,773.4,125.5
5735,773.5,121.852
5736,773.6,123.4
5737,773.7,130.1
5738,773.8,141.983
5739,773.9,159.2
5740,774.0,182.0
5741,774.1,210.9
5742,774.2,246.414
5743,774.3,289.1
5744,774.4,339.6
5745,774.5,398.803
5746,774.6,467.6
5747,774.7,546.9
5748,774.8,637.748
5749,774.9,741.2
5750,775.0,858.3
5751,775.1,990.2
5752,775.2,1138.286
5753,775.3,1303.0
5754,775.4,1485.0
5755,775.5,1686.411
5756,775.6,1908.0
5757,775.7,2150.0
5758,775.8,2412.479
5759,775.9,2696.0
5760,776.0,3001.0
5761,776.1,3327.0
5762,776.2,3673.646
5763,776.3,4040.0
5764,776.4,4425.0
5765,776.5,4827.612
5766,776.6,5246.0
5767,776.7,5678.0
5768,776.8,6121.096
5769,776.9,6573.0
5770,777.0,7031.0
5771,777.1,7491.0
5772,777.2,7950.531
5773,777.3,8406.0
5774,777.4,8854.0
5775,777.5,9292.561
5776,777.6,9716.0
5777,777.7,10120.0
5778,777.8,10508.282
5779,777.9,10880.0
5780,778.0,11230.0
5781,778.1,11550.0
5782,778.2,11852.878
5783,778.3,12140.0
5784,778.4,12410.0
5785,778.5,12668.459
5786,778.6,12920.0
5787,778.7,13170.0
5788,778.8,13430.734
5789,778.9,13720.0
5790,779.0,14050.0
5791,779.1,14420.0
5792,779.2,14867.873
5793,779.3,15410.0
5794,779.4,16060.0
5795,779.5,16851.702
5796,779.6,17810.0
5797,779.7,18960.0
5798,779.8,20341.008
5799,779.9,21990.0
5800,780.0,23940.0
5801,780.1,26220.0
5802,780.2,28876.147
5803,780.3,31950.0
5804,780.4,35480.0
5805,780.5,39503.2
5806,780.6,44060.0
5807,780.7,49190.0
5808,780.8,54925.952
5809,780.9,61300.0
5810,781.0,68340.0
5811,781.1,76060.0
5812,781.2,84484.487
5813,781.3,93630.0
5814,781.4,103500.0
5815,781.5,114063.373
5816,781.6,125300.0
5817,781.7,137200.0
5818,781.8,149744.042
5819,781.9,162800.0
5820,782.0,176300.0
5821,782.1,190400.0
5822,782.2,204816.762
5823,782.3,219400.0
5824,782.4,234100.0
5825,782.5,248928.599
5826,782.6,263700.0
5827,782.7,278200.0
5828,782.8,292326.522
5829,782.9,306000.0
5830,783.0,319100.0
5831,783.1,331400.0
5832,783.2,342826.081
5833,783.3,353300.0
5834,783.4,362700.0
5835,783.5,370824.987
5836,783.6,377600.0
5837,783.7,383000.0
5838,783.8,387011.226
5839,783.9,389500.0
5840,784.0,390400.0
5841,784.1,389900.0
5842,784.2,387809.621
5843,784.3,384200.0
5844,784.4,379200.0
5845,784.5,372800.52
5846,784.6,365100.0
5847,784.7,356200.0
5848,784.8,346123.433
5849,784.9,335100.0
5850,785.0,323300.0
5851,785.1,310600.0
5852,785.2,297376.045
5853,785.3,283700.0
5854,785.4,269600.0
5855,785.5,255346.601
5856,785.6,241000.0
5857,785.7,226600.0
5858,785.8,212358.771
5859,785.9,198400.0
5860,786.0,184800.0
5861,786.1,171600.0
5862,786.2,158878.338
5863,786.3,146700.0
5864,786.4,135100.0
5865,786.5,124060.615
5866,786.6,113700.0
5867,786.7,104100.0
5868,786.8,95103.699
5869,786.9,86740.0
5870,787.0,79070.0
5871,787.1,72040.0
5872,787.2,65629.612
5873,787.3,59810.0
5874,787.4,54550.0
5875,787.5,49828.608
5876,787.6,45600.0
5877,787.7,41820.0
5878,787.8,38472.557
5879,787.9,35520.0
5880,788.0,32920.0
5881,788.1,30640.0
5882,788.2,28644.945
5883,788.3,26910.0
5884,788.4,25410.0
5885,788.5,24110.344
5886,788.6,22990.0
5887,788.7,22030.0
5888,788.8,21205.384
5889,788.9,20500.0
5890,789.0,19900.0
5891,789.1,19390.0
5892,789.2,18956.266
5893,789.3,18590.0
5894,789.4,18280.0
5895,789.5,18006.597
5896,789.6,17770.0
5897,789.7,17570.0
5898,789.8,17387.237
5899,789.9,17220.0
5900,790.0,17070.0
5901,790.1,16930.0
5902,790.2,16795.034
5903,790.3,16660.0
5904,790.4,16520.0
5905,790.5,16374.259
5906,790.6,16230.0
5907,790.7,16090.0
5908,790.8,15938.486
5909,790.9,15780.0
5910,791.0,15620.0
5911,791.1,15450.0
5912,791.2,15286.037
5913,791.3,15130.0
5914,791.4,14980.0
5915,791.5,14840.349
5916,791.6,14710.0
5917,791.7,14590.0
5918,791.8,14493.122
5919,791.9,14420.0
5920,792.0,14370.0
5921,792.1,14350.0
5922,792.2,14358.29
5923,792.3,14400.0
5924,792.4,14480.0
5925,792.5,14593.534
5926,792.6,14740.0
5927,792.7,14920.0
5928,792.8,15132.737
5929,792.9,15380.0
5930,793.0,15660.0
5931,793.1,15960.0
5932,793.2,16283.633
5933,793.3,16620.0
5934,793.4,16960.0
5935,793.5,17314.692
5936,793.6,17670.0
5937,793.7,18010.0
5938,793.8,18339.093
5939,793.9,18650.0
5940,794.0,18930.0
5941,794.1,19170.0
5942,794.2,19381.54
5943,794.3,19550.0
5944,794.4,19660.0
5945,794.5,19721.379
5946,794.6,19730.0
5947,794.7,19680.0
5948,794.8,19576.078
5949,794.9,19410.0
5950,795.0,19180.0
5951,795.1,18910.0
5952,795.2,18578.3
5953,795.3,18190.0
5954,795.4,17760.0
5955,795.5,17296.826
5956,795.6,16800.0
5957,795.7,16270.0
5958,795.8,15718.752
5959,795.9,15160.0
5960,796.0,14600.0
5961,796.1,14030.0
5962,796.2,13479.225
5963,796.3,12950.0
5964,796.4,12440.0
5965,796.5,11964.979
5966,796.6,11530.0
5967,796.7,11140.0
5968,796.8,10810.45
5969,796.9,10540.0
5970,797.0,10330.0
5971,797.1,10200.0
5972,797.2,10134.918
5973,797.3,10150.0
5974,797.4,10260.0
5975,797.5,10444.056
5976,797.6,10710.0
5977,797.7,11070.0
5978,797.8,11516.699
5979,797.9,12050.0
5980,798.0,12670.0
5981,798.1,13370.0
5982,798.2,14157.73
5983,798.3,15030.0
5984,798.4,15980.0
5985,798.5,17002.278
5986,798.6,18090.0
5987,798.7,19240.0
5988,798.8,20458.823
5989,798.9,21730.0
5990,799.0,23040.0
5991,799.1,24400.0
5992,799.2,25783.869
5993,799.3,27190.0
5994,799.4,28620.0
5995,799.5,30054.86
5996,799.6,31490.0
5997,799.7,32920.0
5998,799.8,34322.715
5999,799.9,35700.0
6000,800.0,37050.0
6001,800.1,38340.0
6002,800.2,39575.611
6003,800.3,40750.0
6004,800.4,41850.0
6005,800.5,42864.969
6006,800.6,43790.0
6007,800.7,44620.0
6008,800.8,45345.155
6009,800.9,45960.0
6010,801.0,46460.0
6011,801.1,46840.0
6012,801.2,47098.799
6013,801.3,47230.0
6014,801.4,47230.0
6015,801.5,47109.598
6016,801.6,46870.0
6017,801.7,46510.0
6018,801.8,46032.47
6019,801.9,45440.0
6020,802.0,44740.0
6021,802.1,43950.0
6022,802.2,43060.326
6023,802.3,42090.0
6024,802.4,41060.0
6025,802.5,39965.962
6026,802.6,38820.0
6027,802.7,37640.0
6028,802.8,36440.836
6029,802.9,35230.0
6030,803.0,34020.0
6031,803.1,32840.0
6032,803.2,31690.811
6033,803.3,30590.0
6034,803.4,29560.0
6035,803.5,28615.575
6036,803.6,27770.0
6037,803.7,27040.0
6038,803.8,26453.104
6039,803.9,26030.0
6040,804.0,25790.0
6041,804.1,25760.0
6042,804.2,25977.015
6043,804.3,26470.0
6044,804.4,27270.0
6045,804.5,28425.229
6046,804.6,29980.0
6047,804.7,31980.0
6048,804.8,34485.277
6049,804.9,37560.0
6050,805.0,41270.0
6051,805.1,45690.0
6052,805.2,50905.887
6053,805.3,57000.0
6054,805.4,64060.0
6055,805.5,72197.972
6056,805.6,81520.0
6057,805.7,92120.0
6058,805.8,104083.936
6059,805.9,117600.0
6060,806.0,132800.0
6061,806.1,149600.0
6062,806.2,168255.222
6063,806.3,188900.0
6064,806.4,211600.0
6065,806.5,236389.461
6066,806.6,263300.0
6067,806.7,292400.0
6068,806.8,323831.423
6069,806.9,357500.0
6070,807.0,393300.0
6071,807.1,431300.0
6072,807.2,471416.07
6073,807.3,513500.0
6074,807.4,557400.0
6075,807.5,602945.958
6076,807.6,649900.0
6077,807.7,698000.0
6078,807.8,746958.78
6079,807.9,796500.0
6080,808.0,846300.0
6081,808.1,895900.0
6082,808.2,945017.942
6083,808.3,993200.0
6084,808.4,1040000.0
6085,808.5,1085141.935
6086,808.6,1128000.0
6087,808.7,1168000.0
6088,808.8,1205094.558
6089,808.9,1239000.0
6090,809.0,1269000.0
6091,809.1,1294000.0
6092,809.2,1315585.176
6093,809.3,1333000.0
6094,809.4,1345000.0
6095,809.5,1351748.868
6096,809.6,1354000.0
6097,809.7,1352000.0
6098,809.8,1344272.285
6099,809.9,1331000.0
6100,810.0,1313000.0
6101,810.1,1291000.0
6102,810.2,1264538.056
6103,810.3,1234000.0
6104,810.4,1200000.0
6105,810.5,1162739.372
6106,810.6,1122000.0
6107,810.7,1078000.0
6108,810.8,1032497.211
6109,810.9,985600.0
6110,811.0,937100.0
6111,811.1,887600.0
6112,811.2,837566.888
6113,811.3,787400.0
6114,811.4,737500.0
6115,811.5,688220.691
6116,811.6,639800.0
6117,811.7,592500.0
6118,811.8,546716.321
6119,811.9,502600.0
6120,812.0,460300.0
6121,812.1,420100.0
6122,812.2,381865.062
6123,812.3,345800.0
6124,812.4,312100.0
6125,812.5,280538.991
6126,812.6,251200.0
6127,812.7,224200.0
6128,812.8,199376.792
6129,812.9,176600.0
6130,813.0,155800.0
6131,813.1,137000.0
6132,813.2,120087.573
6133,813.3,104900.0
6134,813.4,91300.0
6135,813.5,79237.768
6136,813.6,68600.0
6137,813.7,59260.0
6138,813.8,51125.324
6139,813.9,44100.0
6140,814.0,38090.0
6141,814.1,33020.0
6142,814.2,28816.239
6143,814.3,25420.0
6144,814.4,22780.0
6145,814.5,20860.471
6146,814.6,19640.0
6147,814.7,19100.0
6148,814.8,19231.069
6149,814.9,20060.0
6150,815.0,21620.0
6151,815.1,23940.0
6152,815.2,27077.356
6153,815.3,31120.0
6154,815.4,36160.0
6155,815.5,42290.733
6156,815.6,49640.0
6157,815.7,58350.0
6158,815.8,68583.999
6159,815.9,80510.0
6160,816.0,94310.0
6161,816.1,110200.0
6162,816.2,128359.072
6163,816.3,149100.0
6164,816.4,172700.0
6165,816.5,199223.107
6166,816.6,229000.0
6167,816.7,262400.0
6168,816.8,299611.582
6169,816.9,340800.0
6170,817.0,386200.0
6171,817.1,436200.0
6172,817.2,490886.951
6173,817.3,550400.0
6174,817.4,614900.0
6175,817.5,684466.228
6176,817.6,759100.0
6177,817.7,838900.0
6178,817.8,924127.085
6179,817.9,1014000.0
6180,818.0,1108000.0
6181,818.1,1207000.0
6182,818.2,1309687.289
6183,818.3,1416000.0
6184,818.4,1526000.0
6185,818.5,1638474.965
6186,818.6,1753000.0
6187,818.7,1869000.0
6188,818.8,1984674.673
6189,818.9,2100000.0
6190,819.0,2215000.0
6191,819.1,2328000.0
6192,819.2,2438028.791
6193,819.3,2544000.0
6194,819.4,2645000.0
6195,819.5,2740969.002
6196,819.6,2831000.0
6197,819.7,2914000.0
6198,819.8,2989240.739
6199,819.9,3056000.0
6200,820.0,3114000.0
6201,820.1,3164000.0
6202,820.2,3204554.099
6203,820.3,3236000.0
6204,820.4,3259000.0
6205,820.5,3273185.231
6206,820.6,3279000.0
6207,820.7,3277000.0
6208,820.8,3267441.975
6209,820.9,3252000.0
6210,821.0,3232000.0
6211,821.1,3207000.0
6212,821.2,3179811.467
6213,821.3,3151000.0
6214,821.4,3121000.0
6215,821.5,3092601.237
6216,821.6,3067000.0
6217,821.7,3045000.0
6218,821.8,3028132.699
6219,821.9,3018000.0
6220,822.0,3016000.0
6221,822.1,3023000.0
6222,822.2,3040156.903
6223,822.3,3068000.0
6224,822.4,3107000.0
6225,822.5,3158095.345
6226,822.6,3222000.0
6227,822.7,3299000.0
6228,822.8,3388320.938
6229,822.9,3490000.0
6230,823.0,3604000.0
6231,823.1,3729000.0
6232,823.2,3863962.928
6233,823.3,4008000.0
6234,823.4,4160000.0
6235,823.5,4318135.689
6236,823.6,4481000.0
6237,823.7,4647000.0
6238,823.8,4813515.257
6239,823.9,4979000.0
6240,824.0,5142000.0
6241,824.1,5300000.0
6242,824.2,5450472.662
6243,824.3,5592000.0
6244,824.4,5723000.0
6245,824.5,5840673.618
6246,824.6,5944000.0
6247,824.7,6032000.0
6248,824.8,6102218.418
6249,824.9,6154000.0
6250,825.0,6187000.0
6251,825.1,6200000.0
6252,825.2,6192377.834
6253,825.3,6164000.0
6254,825.4,6115000.0
6255,825.5,6046167.217
6256,825.6,5958000.0
6257,825.7,5851000.0
6258,825.8,5726089.026
6259,825.9,5584000.0
6260,826.0,5426000.0
6261,826.1,5255000.0
6262,826.2,5071625.018
6263,826.3,4877000.0
6264,826.4,4673000.0
6265,826.5,4462622.339
6266,826.6,4247000.0
6267,826.7,4027000.0
6268,826.8,3804646.233
6269,826.9,3582000.0
6270,827.0,3361000.0
6271,827.1,3143000.0
6272,827.2,2928218.306
6273,827.3,2718000.0
6274,827.4,2514000.0
6275,827.5,2317471.449
6276,827.6,2129000.0
6277,827.7,1949000.0
6278,827.8,1777839.151
6279,827.9,1616000.0
6280,828.0,1464000.0
6281,828.1,1322000.0
6282,828.2,1189153.569
6283,828.3,1066000.0
6284,828.4,953000.0
6285,828.5,848935.073
6286,828.6,753600.0
6287,828.7,667000.0
6288,828.8,588540.069
6289,828.9,517800.0
6290,829.0,454400.0
6291,829.1,397800.0
6292,829.2,347515.438
6293,829.3,303100.0
6294,829.4,264100.0
6295,829.5,230025.074
6296,829.6,200400.0
6297,829.7,174800.0
6298,829.8,152935.708
6299,829.9,134400.0
6300,830.0,118800.0
6301,830.1,105900.0
6302,830.2,95321.613
6303,830.3,86820.0
6304,830.4,80190.0
6305,830.5,75201.383
6306,830.6,71660.0
6307,830.7,69390.0
6308,830.8,68244.817
6309,830.9,68090.0
6310,831.0,68800.0
6311,831.1,70280.0
6312,831.2,72444.346
6313,831.3,75210.0
6314,831.4,78500.0
6315,831.5,82260.765
6316,831.6,86450.0
6317,831.7,91020.0
6318,831.8,95908.756
6319,831.9,101100.0
6320,832.0,106600.0
6321,832.1,112400.0
6322,832.2,118351.729
6323,832.3,124500.0
6324,832.4,130900.0
6325,832.5,137439.221
6326,832.6,144100.0
6327,832.7,150900.0
6328,832.8,157856.201
6329,832.9,165000.0
6330,833.0,172300.0
6331,833.1,179600.0
6332,833.2,187129.654
6333,833.3,194800.0
6334,833.4,202500.0
6335,833.5,210412.502
6336,833.6,218500.0
6337,833.7,226700.0
6338,833.8,235126.624
6339,833.9,243800.0
6340,834.0,252700.0
6341,834.1,261800.0
6342,834.2,271123.438
6343,834.3,280800.0
6344,834.4,290900.0
6345,834.5,301242.042
6346,834.6,311900.0
6347,834.7,323000.0
6348,834.8,334528.217
6349,834.9,346400.0
6350,835.0,358600.0
6351,835.1,371300.0
6352,835.2,384309.779
6353,835.3,397600.0
6354,835.4,411200.0
6355,835.5,425070.243
6356,835.6,439100.0
6357,835.7,453200.0
6358,835.8,467378.991
6359,835.9,481500.0
6360,836.0,495400.0
6361,836.1,509000.0
6362,836.2,522245.186
6363,836.3,535000.0
6364,836.4,547100.0
6365,836.5,558370.336
6366,836.6,568700.0
6367,836.7,578000.0
6368,836.8,586182.521
6369,836.9,593100.0
6370,837.0,598600.0
6371,837.1,602600.0
6372,837.2,605099.344
6373,837.3,606000.0
6374,837.4,605200.0
6375,837.5,602698.756
6376,837.6,598500.0
6377,837.7,592600.0
6378,837.8,584993.874
6379,837.9,575700.0
6380,838.0,564800.0
6381,838.1,552500.0
6382,838.2,538725.254
6383,838.3,523600.0
6384,838.4,507300.0
6385,838.5,489921.051
6386,838.6,471600.0
6387,838.7,452500.0
6388,838.8,432801.044
6389,838.9,412600.0
6390,839.0,392000.0
6391,839.1,371200.0
6392,839.2,350347.293
6393,839.3,329600.0
6394,839.4,309100.0
6395,839.5,288904.478
6396,839.6,269100.0
6397,839.7,249800.0
6398,839.8,231147.114
6399,839.9,213200.0
6400,840.0,196000.0
6401,840.1,179600.0
6402,840.2,164011.44
6403,840.3,149300.0
6404,840.4,135500.0
6405,840.5,122507.335
6406,840.6,110400.0
6407,840.7,99250.0
6408,840.8,88919.757
6409,840.9,79390.0
6410,841.0,70670.0
6411,841.1,62710.0
6412,841.2,55475.787
6413,841.3,48930.0
6414,841.4,43030.0
6415,841.5,37726.792
6416,841.6,32980.0
6417,841.7,28750.0
6418,841.8,24990.737
6419,841.9,21660.0
6420,842.0,18720.0
6421,842.1,16140.0
6422,842.2,13877.068
6423,842.3,11900.0
6424,842.4,10180.0
6425,842.5,8684.282
6426,842.6,7390.0
6427,842.7,6276.0
6428,842.8,5317.807
6429,842.9,4496.0
6430,843.0,3793.0
6431,843.1,3193.0
6432,843.2,2683.118
6433,843.3,2251.0
6434,843.4,1885.0
6435,843.5,1576.398
6436,843.6,1317.0
6437,843.7,1099.0
6438,843.8,916.528
6439,843.9,764.8
6440,844.0,639.3
6441,844.1,536.1
6442,844.2,452.189
6443,844.3,385.2
6444,844.4,333.0
6445,844.5,294.064
6446,844.6,267.5
6447,844.7,252.7
6448,844.8,249.747
6449,844.9,259.2
6450,845.0,282.0
6451,845.1,320.2
6452,845.2,376.151
6453,845.3,453.8
6454,845.4,557.8
6455,845.5,694.42
6456,845.6,872.2
6457,845.7,1101.0
6458,845.8,1394.842
6459,845.9,1772.0
6460,846.0,2253.0
6461,846.1,2865.0
6462,846.2,3643.141
6463,846.3,4633.0
6464,846.4,5886.0
6465,846.5,7471.235
6466,846.6,9476.0
6467,846.7,12000.0
6468,846.8,15181.244
6469,846.9,19180.0
6470,847.0,24180.0
6471,847.1,30440.0
6472,847.2,38241.946
6473,847.3,47960.0
6474,847.4,60010.0
6475,847.5,74910.312
6476,847.6,93330.0
6477,847.7,116000.0
6478,847.8,143802.895
6479,847.9,177800.0
6480,848.0,219200.0
6481,848.1,269600.0
6482,848.2,330633.101
6483,848.3,404400.0
6484,848.4,493200.0
6485,848.5,599712.193
6486,848.6,727100.0
6487,848.7,878900.0
6488,848.8,1059543.39
6489,848.9,1273000.0
6490,849.0,1524000.0
6491,849.1,1820000.0
6492,849.2,2166114.264
6493,849.3,2570000.0
6494,849.4,3040000.0
6495,849.5,3584096.14
6496,849.6,4212000.0
6497,849.7,4934000.0
6498,849.8,5761000.914
6499,849.9,6705000.0
6500,850.0,7778000.0
6501,850.1,8993000.0
6502,850.2,10367705.955
6503,850.3,11909999.999
6504,850.4,13629999.999
6505,850.5,15553348.026
6506,850.6,17689999.999
6507,850.7,20049999.999
6508,850.8,22658313.45
6509,850.9,25519999.999
6510,851.0,28639999.999
6511,851.1,32039999.999
6512,851.2,35720206.708
6513,851.3,39689999.998
6514,851.4,43959999.998
6515,851.5,48528470.217
6516,851.6,53389999.998
6517,851.7,58539999.998
6518,851.8,63974831.681
6519,851.9,69679999.998
6520,852.0,75639999.998
6521,852.1,81839999.998
6522,852.2,88245206.631
6523,852.3,94839999.998
6524,852.4,101599999.997
6525,852.5,108457313.208
6526,852.6,115399999.997
6527,852.7,122399999.997
6528,852.8,129333148.128
6529,852.9,136199999.997
6530,853.0,142999999.998
6531,853.1,149599999.998
6532,853.2,155957754.315
6533,853.3,162099999.998
6534,853.4,167999999.998
6535,853.5,173441932.57
6536,853.6,178399999.998
6537,853.7,182899999.998
6538,853.8,186917200.544
6539,853.9,190399999.999
6540,854.0,193299999.999
6541,854.1,195599999.999
6542,854.2,197288396.688
6543,854.3,198300000.0
6544,854.4,198600000.0
6545,854.5,198283923.752
6546,854.6,197300000.001
6547,854.7,195600000.001
6548,854.8,193299921.47
6549,854.9,190400000.001
6550,855.0,186900000.001
6551,855.1,182900000.002
6552,855.2,178336198.265
6553,855.3,173300000.002
6554,855.4,167900000.002
6555,855.5,162118394.865
6556,855.6,156000000.002
6557,855.7,149600000.002
6558,855.8,142936422.12
6559,855.9,136100000.003
6560,856.0,129200000.003
6561,856.1,122300000.003
6562,856.2,115356952.833
6563,856.3,108400000.003
6564,856.4,101500000.003
6565,856.5,94761488.236
6566,856.6,88190000.002
6567,856.7,81780000.002
6568,856.8,75584864.79
6569,856.9,69630000.002
6570,857.0,63930000.002
6571,857.1,58500000.002
6572,857.2,53349556.049
6573,857.3,48490000.002
6574,857.4,43930000.002
6575,857.5,39666154.947
6576,857.6,35700000.001
6577,857.7,32030000.001
6578,857.8,28638345.607
6579,857.9,25520000.001
6580,858.0,22670000.001
6581,858.1,20070000.001
6582,858.2,17711656.345
6583,858.3,15580000.001
6584,858.4,13660000.001
6585,858.5,11943518.702
6586,858.6,10410000.001
6587,858.7,9040000.0
6588,858.8,7829633.523
6589,858.9,6764000.0
6590,859.0,5826000.0
6591,859.1,5005000.0
6592,859.2,4289876.086
6593,859.3,3670000.0
6594,859.4,3135000.0
6595,859.5,2674936.54
6596,859.6,2282000.0
6597,859.7,1949000.0
6598,859.8,1669140.285
6599,859.9,1436000.0
6600,860.0,1244000.0
6601,860.1,1090000.0
6602,860.2,969615.052
6603,860.3,879900.0
6604,860.4,818500.0
6605,860.5,783554.849
6606,860.6,774100.0
6607,860.7,789500.0
6608,860.8,829747.614
6609,860.9,895500.0
6610,861.0,987900.0
6611,861.1,1109000.0
6612,861.2,1259916.332
6613,861.3,1444000.0
6614,861.4,1665000.0
6615,861.5,1925915.298
6616,861.6,2231000.0
6617,861.7,2585000.0
6618,861.8,2993270.796
6619,861.9,3462000.0
6620,862.0,3997000.0
6621,862.1,4603000.0
6622,862.2,5288229.001
6623,862.3,6060000.0
6624,862.4,6925000.0
6625,862.5,7889777.928
6626,862.6,8962000.0
6627,862.7,10150000.0
6628,862.8,11461953.884
6629,862.9,12899999.999
6630,863.0,14469999.999
6631,863.1,16189999.999
6632,863.2,18052109.207
6633,863.3,20059999.999
6634,863.4,22219999.999
6635,863.5,24531021.598
6636,863.6,26999999.999
6637,863.7,29629999.999
6638,863.8,32403725.576
6639,863.9,35319999.999
6640,864.0,38379999.999
6641,864.1,41569999.999
6642,864.2,44870812.225
6643,864.3,48279999.999
6644,864.4,51789999.999
6645,864.5,55363468.011
6646,864.6,58989999.999
6647,864.7,62659999.999
6648,864.8,66336691.958
6649,864.9,69999999.999
6650,865.0,73629999.999
6651,865.1,77189999.999
6652,865.2,80663009.702
6653,865.3,84019999.999
6654,865.4,87229999.999
6655,865.5,90270751.105
6656,865.6,93109999.999
6657,865.7,95719999.999
6658,865.8,98094882.444
6659,865.9,100199999.999
6660,866.0,101999999.999
6661,866.1,103499999.999
6662,866.2,104719447.817
6663,866.3,105600000.0
6664,866.4,106100000.0
6665,866.5,106287248.034
6666,866.6,106100000.0
6667,866.7,105500000.0
6668,866.8,104645396.703
6669,866.9,103500000.001
6670,867.0,102000000.001
6671,867.1,100200000.001
6672,867.2,98088243.69
6673,867.3,95700000.001
6674,867.4,93080000.001
6675,867.5,90238789.579
6676,867.6,87200000.001
6677,867.7,83990000.001
6678,867.8,80627994.762
6679,867.9,77150000.001
6680,868.0,73590000.001
6681,868.1,69960000.001
6682,868.2,66288734.617
6683,868.3,62610000.001
6684,868.4,58950000.001
6685,868.5,55313509.865
6686,868.6,51730000.001
6687,868.7,48230000.001
6688,868.8,44819418.278
6689,868.9,41510000.001
6690,869.0,38320000.001
6691,869.1,35270000.001
6692,869.2,32348971.314
6693,869.3,29570000.001
6694,869.4,26950000.001
6695,869.5,24486068.657
6696,869.6,22170000.001
6697,869.7,20000000.001
6698,869.8,17992592.854
6699,869.9,16140000.001
6700,870.0,14430000.001
6701,870.1,12860000.001
6702,870.2,11420193.677
6703,870.3,10110000.0
6704,870.4,8928000.0
6705,870.5,7859543.701
6706,870.6,6897000.0
6707,870.7,6035000.0
6708,870.8,5266233.688
6709,870.9,4583000.0
6710,871.0,3978000.0
6711,871.1,3445000.0
6712,871.2,2976741.508
6713,871.3,2567000.0
6714,871.4,2210000.0
6715,871.5,1900350.456
6716,871.6,1633000.0
6717,871.7,1403000.0
6718,871.8,1205690.563
6719,871.9,1037000.0
6720,872.0,893300.0
6721,872.1,771900.0
6722,872.2,669522.615
6723,872.3,583600.0
6724,872.4,511800.0
6725,872.5,451886.138
6726,872.6,402200.0
6727,872.7,361200.0
6728,872.8,327337.531
6729,872.9,299500.0
6730,873.0,276700.0
6731,873.1,258000.0
6732,873.2,242590.646
6733,873.3,229900.0
6734,873.4,219400.0
6735,873.5,210571.145
6736,873.6,203100.0
6737,873.7,196700.0
6738,873.8,191024.595
6739,873.9,185900.0
6740,874.0,181200.0
6741,874.1,176800.0
6742,874.2,172608.217
6743,874.3,168500.0
6744,874.4,164400.0
6745,874.5,160405.75
6746,874.6,156400.0
6747,874.7,152300.0
6748,874.8,148330.91
6749,874.9,144400.0
6750,875.0,140400.0
6751,875.1,136500.0
6752,875.2,132654.887
6753,875.3,128900.0
6754,875.4,125300.0
6755,875.5,121868.265
6756,875.6,118600.0
6757,875.7,115500.0
6758,875.8,112603.227
6759,875.9,109900.0
6760,876.0,107400.0
6761,876.1,105200.0
6762,876.2,103266.216
6763,876.3,101600.0
6764,876.4,100200.0
6765,876.5,99003.845
6766,876.6,98050.0
6767,876.7,97380.0
6768,876.8,96940.876
6769,876.9,96720.0
6770,877.0,96720.0
6771,877.1,96930.0
6772,877.2,97319.378
6773,877.3,97880.0
6774,877.4,98600.0
6775,877.5,99438.193
6776,877.6,100400.0
6777,877.7,101500.0
6778,877.8,102721.361
6779,877.9,104000.0
6780,878.0,105300.0
6781,878.1,106700.0
6782,878.2,108158.42
6783,878.3,109600.0
6784,878.4,111000.0
6785,878.5,112478.35
6786,878.6,114000.0
6787,878.7,115500.0
6788,878.8,116993.51
6789,878.9,118500.0
6790,879.0,120000.0
6791,879.1,121400.0
6792,879.2,122795.162
6793,879.3,124200.0
6794,879.4,125600.0
6795,879.5,126991.042
6796,879.6,128300.0
6797,879.7,129500.0
6798,879.8,130740.982
6799,879.9,131900.0
6800,880.0,132900.0
6801,880.1,134000.0
6802,880.2,134959.023
6803,880.3,135800.0
6804,880.4,136600.0
6805,880.5,137253.668
6806,880.6,137800.0
6807,880.7,138300.0
6808,880.8,138697.835
6809,880.9,138900.0
6810,881.0,138900.0
6811,881.1,138900.0
6812,881.2,138692.433
6813,881.3,138300.0
6814,881.4,137800.0
6815,881.5,137133.788
6816,881.6,136300.0
6817,881.7,135300.0
6818,881.8,134081.273
6819,881.9,132700.0
6820,882.0,131200.0
6821,882.1,129500.0
6822,882.2,127664.393
6823,882.3,125700.0
6824,882.4,123600.0
6825,882.5,121388.869
6826,882.6,119000.0
6827,882.7,116400.0
6828,882.8,113750.581
6829,882.9,111100.0
6830,883.0,108400.0
6831,883.1,105500.0
6832,883.2,102571.878
6833,883.3,99630.0
6834,883.4,96640.0
6835,883.5,93632.095
6836,883.6,90620.0
6837,883.7,87610.0
6838,883.8,84613.101
6839,883.9,81640.0
6840,884.0,78700.0
6841,884.1,75800.0
6842,884.2,72950.948
6843,884.3,70160.0
6844,884.4,67430.0
6845,884.5,64756.453
6846,884.6,62150.0
6847,884.7,59620.0
6848,884.8,57157.824
6849,884.9,54770.0
6850,885.0,52460.0
6851,885.1,50210.0
6852,885.2,48034.237
6853,885.3,45930.0
6854,885.4,43890.0
6855,885.5,41915.194
6856,885.6,40000.0
6857,885.7,38140.0
6858,885.8,36341.27
6859,885.9,34600.0
6860,886.0,32910.0
6861,886.1,31270.0
6862,886.2,29681.906
6863,886.3,28140.0
6864,886.4,26640.0
6865,886.5,25188.332
6866,886.6,23780.0
6867,886.7,22410.0
6868,886.8,21085.983
6869,886.9,19810.0
6870,887.0,18580.0
6871,887.1,17390.0
6872,887.2,16243.254
6873,887.3,15140.0
6874,887.4,14080.0
6875,887.5,13066.404
6876,887.6,12100.0
6877,887.7,11180.0
6878,887.8,10303.751
6879,887.9,9472.0
6880,888.0,8686.0
6881,888.1,7945.0
6882,888.2,7248.149
6883,888.3,6595.0
6884,888.4,5985.0
6885,888.5,5416.848
6886,888.6,4889.0
6887,888.7,4400.0
6888,888.8,3948.744
6889,888.9,3534.0
6890,889.0,3154.0
6891,889.1,2806.0
6892,889.2,2489.769
6893,889.3,2203.0
6894,889.4,1943.0
6895,889.5,1708.442
6896,889.6,1498.0
6897,889.7,1310.0
6898,889.8,1142.007
6899,889.9,992.4
6900,890.0,859.8
6901,890.1,742.7
6902,890.2,639.576
6903,890.3,549.1
6904,890.4,470.0
6905,890.5,401.059
6906,890.6,341.2
6907,890.7,289.4
6908,890.8,244.732
6909,890.9,206.3
6910,891.0,173.3
6911,891.1,145.2
6912,891.2,121.293
6913,891.3,101.0
6914,891.4,83.82
6915,891.5,69.356
6916,891.6,57.23
6917,891.7,47.08
6918,891.8,38.611
6919,891.9,31.58
6920,892.0,25.76
6921,892.1,20.96
6922,892.2,17.02
6923,892.3,13.81
6924,892.4,11.21
6925,892.5,9.112
6926,892.6,7.441
6927,892.7,6.134
6928,892.8,5.135
6929,892.9,4.404
6930,893.0,3.909
6931,893.1,3.628
6932,893.2,3.549
6933,893.3,3.67
6934,893.4,3.995
6935,893.5,4.535
6936,893.6,5.317
6937,893.7,6.372
6938,893.8,7.741
6939,893.9,9.482
6940,894.0,11.66
6941,894.1,14.36
6942,894.2,17.682
6943,894.3,21.75
6944,894.4,26.7
6945,894.5,32.693
6946,894.6,39.93
6947,894.7,48.63
6948,894.8,59.058
6949,894.9,71.52
6950,895.0,86.36
6951,895.1,104.0
6952,895.2,124.799
6953,895.3,149.3
6954,895.4,178.1
6955,895.5,211.823
6956,895.6,251.2
6957,895.7,297.0
6958,895.8,350.075
6959,895.9,411.4
6960,896.0,482.0
6961,896.1,563.0
6962,896.2,655.602
6963,896.3,761.2
6964,896.4,881.2
6965,896.5,1016.94
6966,896.6,1170.0
6967,896.7,1342.0
6968,896.8,1534.59
6969,896.9,1750.0
6970,897.0,1990.0
6971,897.1,2255.0
6972,897.2,2548.32
6973,897.3,2871.0
6974,897.4,3224.0
6975,897.5,3610.492
6976,897.6,4031.0
6977,897.7,4486.0
6978,897.8,4978.304
6979,897.9,5508.0
6980,898.0,6075.0
6981,898.1,6681.0
6982,898.2,7324.731
6983,898.3,8006.0
6984,898.4,8725.0
6985,898.5,9480.786
6986,898.6,10270.0
6987,898.7,11090.0
6988,898.8,11941.584
6989,898.9,12820.0
6990,899.0,13720.0
6991,899.1,14640.0
6992,899.2,15575.099
6993,899.3,16520.0
6994,899.4,17470.0
6995,899.5,18420.326
6996,899.6,19360.0
6997,899.7,20280.0
6998,899.8,21183.7
6999,899.9,22070.0
7000,900.0,22930.0
7001,900.1,23740.0
7002,900.2,24502.09
7003,900.3,25220.0
7004,900.4,25890.0
7005,900.5,26491.085
7006,900.6,27020.0
7007,900.7,27480.0
7008,900.8,27873.473
7009,900.9,28190.0
7010,901.0,28420.0
7011,901.1,28570.0
7012,901.2,28645.332
7013,901.3,28640.0
7014,901.4,28550.0
7015,901.5,28386.3
7016,901.6,28150.0
7017,901.7,27840.0
7018,901.8,27462.312
7019,901.9,27030.0
7020,902.0,26550.0
7021,902.1,26010.0
7022,902.2,25429.238
7023,902.3,24820.0
7024,902.4,24190.0
7025,902.5,23545.663
7026,902.6,22890.0
7027,902.7,22230.0
7028,902.8,21587.293
7029,902.9,20970.0
7030,903.0,20380.0
7031,903.1,19820.0
7032,903.2,19313.315
7033,903.3,18860.0
7034,903.4,18460.0
7035,903.5,18136.254
7036,903.6,17890.0
7037,903.7,17720.0
7038,903.8,17639.872
7039,903.9,17650.0
7040,904.0,17750.0
7041,904.1,17950.0
7042,904.2,18247.258
7043,904.3,18640.0
7044,904.4,19130.0
7045,904.5,19723.271
7046,904.6,20410.0
7047,904.7,21180.0
7048,904.8,22037.187
7049,904.9,22980.0
7050,905.0,24000.0
7051,905.1,25080.0
7052,905.2,26227.566
7053,905.3,27430.0
7054,905.4,28670.0
7055,905.5,29939.979
7056,905.6,31230.0
7057,905.7,32530.0
7058,905.8,33832.108
7059,905.9,35120.0
7060,906.0,36380.0
7061,906.1,37610.0
7062,906.2,38785.279
7063,906.3,39900.0
7064,906.4,40950.0
7065,906.5,41915.209
7066,906.6,42790.0
7067,906.7,43570.0
7068,906.8,44239.218
7069,906.9,44790.0
7070,907.0,45220.0
7071,907.1,45530.0
7072,907.2,45705.101
7073,907.3,45750.0
7074,907.4,45670.0
7075,907.5,45452.428
7076,907.6,45100.0
7077,907.7,44620.0
7078,907.8,44017.534
7079,907.9,43300.0
7080,908.0,42470.0
7081,908.1,41520.0
7082,908.2,40477.329
7083,908.3,39350.0
7084,908.4,38140.0
7085,908.5,36856.481
7086,908.6,35510.0
7087,908.7,34110.0
7088,908.8,32664.373
7089,908.9,31190.0
7090,909.0,29700.0
7091,909.1,28190.0
7092,909.2,26676.328
7093,909.3,25170.0
7094,909.4,23680.0
7095,909.5,22216.918
7096,909.6,20780.0
7097,909.7,19370.0
7098,909.8,18003.396
7099,909.9,16690.0
7100,910.0,15430.0
7101,910.1,14210.0
7102,910.2,13054.152
7103,910.3,11960.0
7104,910.4,10920.0
7105,910.5,9942.876
7106,910.6,9028.0
7107,910.7,8172.0
7108,910.8,7374.551
7109,910.9,6635.0
7110,911.0,5952.0
7111,911.1,5323.0
7112,911.2,4746.408
7113,911.3,4220.0
7114,911.4,3741.0
7115,911.5,3305.946
7116,911.6,2913.0
7117,911.7,2560.0
7118,911.8,2242.378
7119,911.9,1958.0
7120,912.0,1705.0
7121,912.1,1480.0
7122,912.2,1281.243
7123,912.3,1106.0
7124,912.4,951.5
7125,912.5,816.222
7126,912.6,698.2
7127,912.7,595.4
7128,912.8,506.267
7129,912.9,429.2
7130,913.0,362.7
7131,913.1,305.7
7132,913.2,256.816
7133,913.3,215.1
7134,913.4,179.7
7135,913.5,149.631
7136,913.6,124.2
7137,913.7,102.8
7138,913.8,84.851
7139,913.9,69.84
7140,914.0,57.3
7141,914.1,46.87
7142,914.2,38.221
7143,914.3,31.08
7144,914.4,25.2
7145,914.5,20.371
7146,914.6,16.42
7147,914.7,13.19
7148,914.8,10.564
7149,914.9,8.44
7150,915.0,6.722
7151,915.1,5.337
7152,915.2,4.225
7153,915.3,3.335
7154,915.4,2.624
7155,915.5,2.059
7156,915.6,1.611
7157,915.7,1.256
7158,915.8,0.976
7159,915.9,0.757
7160,916.0,0.586
7161,916.1,0.451
7162,916.2,0.347
7163,916.3,0.266
7164,916.4,0.203
7165,916.5,0.154
7166,916.6,0.117
7167,916.7,0.089
7168,916.8,0.067
7169,916.9,0.05
7170,917.0,0.038
7171,917.1,0.028
7172,917.2,0.021
7173,917.3,0.016
7174,917.4,0.012
7175,917.5,0.009
7176,917.6,0.006
7177,917.7,0.005
7178,917.8,0.003
7179,917.9,0.002
7180,918.0,0.002
7181,918.1,0.001
7182,918.2,0.001
7183,918.3,0.001
7184,918.4,0.0
7185,918.5,0.0
7186,918.6,0.0
7187,918.7,0.0
7188,918.8,0.0
7189,918.9,0.0
7190,919.0,0.0
7191,919.1,0.0
7192,919.2,0.0
7193,919.3,0.0
7194,919.4,0.0
7195,919.5,0.0
7196,919.6,0.0
7197,919.7,0.0
7198,919.8,0.0
7199,919.9,0.0
7200,920.0,0.0
7201,920.1,0.0
7202,920.2,0.0
7203,920.3,0.0
7204,920.4,0.0
7205,920.5,0.0
7206,920.6,0.0
7207,920.7,0.0
7208,920.8,0.0
7209,920.9,0.0
7210,921.0,0.0
7211,921.1,0.0
7212,921.2,0.0
7213,921.3,0.0
7214,921.4,0.0
7215,921.5,0.0
7216,921.6,0.0
7217,921.7,0.0
7218,921.8,0.0
7219,921.9,0.0
7220,922.0,0.0
7221,922.1,0.0
7222,922.2,0.0
7223,922.3,0.0
7224,922.4,0.0
7225,922.5,0.0
7226,922.6,0.0
7227,922.7,0.0
7228,922.8,0.0
7229,922.9,0.0
7230,923.0,0.0
7231,923.1,0.0
7232,923.2,0.0
7233,923.3,0.0
7234,923.4,0.0
7235,923.5,0.0
7236,923.6,0.0
7237,923.7,0.0
7238,923.8,0.0
7239,923.9,0.0
7240,924.0,0.0
7241,924.1,0.0
7242,924.2,0.0
7243,924.3,0.0
7244,924.4,0.0
7245,924.5,0.0
7246,924.6,0.0
7247,924.7,0.0
7248,924.8,0.0
7249,924.9,0.0
7250,925.0,0.0
7251,925.1,0.0
7252,925.2,0.0
7253,925.3,0.0
7254,925.4,0.0
7255,925.5,0.0
7256,925.6,0.0
7257,925.7,0.0
7258,925.8,0.0
7259,925.9,0.0
7260,926.0,0.0
7261,926.1,0.0
7262,926.2,0.0
7263,926.3,0.0
7264,926.4,0.0
7265,926.5,0.0
7266,926.6,0.0
7267,926.7,0.0
7268,926.8,0.0
7269,926.9,0.0
7270,927.0,0.0
7271,927.1,0.0
7272,927.2,0.0
7273,927.3,0.0
7274,927.4,0.0
7275,927.5,0.0
7276,927.6,0.0
7277,927.7,0.0
7278,927.8,0.0
7279,927.9,0.0
7280,928.0,0.0
7281,928.1,0.0
7282,928.2,0.0
7283,928.3,0.0
7284,928.4,0.0
7285,928.5,0.0
7286,928.6,0.0
7287,928.7,0.0
7288,928.8,0.0
7289,928.9,0.0
7290,929.0,0.0
7291,929.1,0.0
7292,929.2,0.0
7293,929.3,0.0
7294,929.4,0.0
7295,929.5,0.0
7296,929.6,0.0
7297,929.7,0.0
7298,929.8,0.0
7299,929.9,0.0
7300,930.0,0.0
7301,930.1,0.0
7302,930.2,0.0
7303,930.3,0.0
7304,930.4,0.0
7305,930.5,0.0
7306,930.6,0.0
7307,930.7,0.0
7308,930.8,0.0
7309,930.9,0.0
7310,931.0,0.0
7311,931.1,0.0
7312,931.2,0.0
7313,931.3,0.0
7314,931.4,0.0
7315,931.5,0.0
7316,931.6,0.0
7317,931.7,0.0
7318,931.8,0.0
7319,931.9,0.0
7320,932.0,0.0
7321,932.1,0.0
7322,932.2,0.0
7323,932.3,0.0
7324,932.4,0.0
7325,932.5,0.0
7326,932.6,0.0
7327,932.7,0.0
7328,932.8,0.0
7329,932.9,0.0
7330,933.0,0.0
7331,933.1,0.0
7332,933.2,0.0
7333,933.3,0.0
7334,933.4,0.0
7335,933.5,0.0
7336,933.6,0.0
7337,933.7,0.0
7338,933.8,0.0
7339,933.9,0.0
7340,934.0,0.0
7341,934.1,0.0
7342,934.2,0.0
7343,934.3,0.0
7344,934.4,0.0
7345,934.5,0.0
7346,934.6,0.0
7347,934.7,0.0
7348,934.8,0.0
7349,934.9,0.0
7350,935.0,0.0
7351,935.1,0.0
7352,935.2,0.0
7353,935.3,0.0
7354,935.4,0.0
7355,935.5,0.0
7356,935.6,0.0
7357,935.7,0.0
7358,935.8,0.0
7359,935.9,0.0
7360,936.0,0.0
7361,936.1,0.0
7362,936.2,0.0
7363,936.3,0.0
7364,936.4,0.0
7365,936.5,0.0
7366,936.6,0.0
7367,936.7,0.0
7368,936.8,0.0
7369,936.9,0.0
7370,937.0,0.0
7371,937.1,0.0
7372,937.2,0.0
7373,937.3,0.0
7374,937.4,0.0
7375,937.5,0.0
7376,937.6,0.0
7377,937.7,0.0
7378,937.8,0.0
7379,937.9,0.0
7380,938.0,0.0
7381,938.1,0.0
7382,938.2,0.0
7383,938.3,0.0
7384,938.4,0.0
7385,938.5,0.0
7386,938.6,0.0
7387,938.7,0.0
7388,938.8,0.0
7389,938.9,0.0
7390,939.0,0.0
7391,939.1,0.0
7392,939.2,0.0
7393,939.3,0.0
7394,939.4,0.0
7395,939.5,0.0
7396,939.6,0.0
7397,939.7,0.0
7398,939.8,0.0
7399,939.9,0.0
7400,940.0,0.0
7401,940.1,0.0
7402,940.2,0.0
7403,940.3,0.0
7404,940.4,0.0
7405,940.5,0.0
7406,940.6,0.0
7407,940.7,0.0
7408,940.8,0.0
7409,940.9,0.0
7410,941.0,0.0
7411,941.1,0.0
7412,941.2,0.0
7413,941.3,0.0
7414,941.4,0.0
7415,941.5,0.0
7416,941.6,0.0
7417,941.7,0.0
7418,941.8,0.0
7419,941.9,0.0
7420,942.0,0.0
7421,942.1,0.0
7422,942.2,0.0
7423,942.3,0.0
7424,942.4,0.0
7425,942.5,0.0
7426,942.6,0.0
7427,942.7,0.0
7428,942.8,0.0
7429,942.9,0.0
7430,943.0,0.0
7431,943.1,0.0
7432,943.2,0.0
7433,943.3,0.0
7434,943.4,0.0
7435,943.5,0.0
7436,943.6,0.0
7437,943.7,0.0
7438,943.8,0.0
7439,943.9,0.0
7440,944.0,0.0
7441,944.1,0.0
7442,944.2,0.0
7443,944.3,0.0
7444,944.4,0.0
7445,944.5,0.0
7446,944.6,0.0
7447,944.7,0.0
7448,944.8,0.0
7449,944.9,0.0
7450,945.0,0.0
7451,945.1,0.0
7452,945.2,0.0
7453,945.3,0.0
7454,945.4,0.0
7455,945.5,0.0
7456,945.6,0.0
7457,945.7,0.0
7458,945.8,0.0
7459,945.9,0.0
7460,946.0,0.0
7461,946.1,0.0
7462,946.2,0.0
7463,946.3,0.0
7464,946.4,0.0
7465,946.5,0.0
7466,946.6,0.0
7467,946.7,0.0
7468,946.8,0.0
7469,946.9,0.0
7470,947.0,0.0
7471,947.1,0.0
7472,947.2,0.0
7473,947.3,0.0
7474,947.4,0.0
7475,947.5,0.0
7476,947.6,0.0
7477,947.7,0.0
7478,947.8,0.0
7479,947.9,0.0
7480,948.0,0.0
7481,948.1,0.0
7482,948.2,0.0
7483,948.3,0.0
7484,948.4,0.0
7485,948.5,0.0
7486,948.6,0.0
7487,948.7,0.0
7488,948.8,0.0
7489,948.9,0.0
7490,949.0,0.0
7491,949.1,0.0
7492,949.2,0.0
7493,949.3,0.0
7494,949.4,0.0
7495,949.5,0.0
7496,949.6,0.0
7497,949.7,0.0
7498,949.8,0.0
7499,949.9,0.0
7500,950.0,0.0
7501,950.1,0.0
7502,950.2,0.0
7503,950.3,0.0
7504,950.4,0.0
7505,950.5,0.0
7506,950.6,0.0
7507,950.7,0.0
7508,950.8,0.0
7509,950.9,0.0
7510,951.0,0.0
7511,951.1,0.0
7512,951.2,0.0
7513,951.3,0.0
7514,951.4,0.0
7515,951.5,0.0
7516,951.6,0.0
7517,951.7,0.0
7518,951.8,0.0
7519,951.9,0.0
7520,952.0,0.0
7521,952.1,0.0
7522,952.2,0.0
7523,952.3,0.0
7524,952.4,0.0
7525,952.5,0.0
7526,952.6,0.0
7527,952.7,0.0
7528,952.8,0.0
7529,952.9,0.0
7530,953.0,0.0
7531,953.1,0.0
7532,953.2,0.0
7533,953.3,0.0
7534,953.4,0.0
7535,953.5,0.0
7536,953.6,0.0
7537,953.7,0.0
7538,953.8,0.0
7539,953.9,0.0
7540,954.0,0.0
7541,954.1,0.0
7542,954.2,0.0
7543,954.3,0.0
7544,954.4,0.0
7545,954.5,0.0
7546,954.6,0.0
7547,954.7,0.0
7548,954.8,0.0
7549,954.9,0.0
7550,955.0,0.0
7551,955.1,0.0
7552,955.2,0.0
7553,955.3,0.0
7554,955.4,0.0
7555,955.5,0.0
7556,955.6,0.0
7557,955.7,0.0
7558,955.8,0.0
7559,955.9,0.0
7560,956.0,0.0
7561,956.1,0.0
7562,956.2,0.0
7563,956.3,0.0
7564,956.4,0.0
7565,956.5,0.0
7566,956.6,0.0
7567,956.7,0.0
7568,956.8,0.0
7569,956.9,0.0
7570,957.0,0.0
7571,957.1,0.0
7572,957.2,0.0
7573,957.3,0.0
7574,957.4,0.0
7575,957.5,0.0
7576,957.6,0.0
7577,957.7,0.0
7578,957.8,0.0
7579,957.9,0.0
7580,958.0,0.0
7581,958.1,0.0
7582,958.2,0.0
7583,958.3,0.0
7584,958.4,0.0
7585,958.5,0.0
7586,958.6,0.0
7587,958.7,0.0
7588,958.8,0.0
7589,958.9,0.0
7590,959.0,0.0
7591,959.1,0.0
7592,959.2,0.0
7593,959.3,0.0
7594,959.4,0.0
7595,959.5,0.0
7596,959.6,0.0
7597,959.7,0.0
7598,959.8,0.0
7599,959.9,0.0
7600,960.0,0.0
7601,960.1,0.0
7602,960.2,0.0
7603,960.3,0.0
7604,960.4,0.0
7605,960.5,0.0
7606,960.6,0.0
7607,960.7,0.0
7608,960.8,0.0
7609,960.9,0.0
7610,961.0,0.0
7611,961.1,0.0
7612,961.2,0.0
7613,961.3,0.0
7614,961.4,0.0
7615,961.5,0.0
7616,961.6,0.0
7617,961.7,0.0
7618,961.8,0.0
7619,961.9,0.0
7620,962.0,0.0
7621,962.1,0.0
7622,962.2,0.0
7623,962.3,0.0
7624,962.4,0.0
7625,962.5,0.0
7626,962.6,0.0
7627,962.7,0.0
7628,962.8,0.0
7629,962.9,0.0
7630,963.0,0.0
7631,963.1,0.0
7632,963.2,0.0
7633,963.3,0.0
7634,963.4,0.0
7635,963.5,0.0
7636,963.6,0.0
7637,963.7,0.0
7638,963.8,0.0
7639,963.9,0.0
7640,964.0,0.0
7641,964.1,0.0
7642,964.2,0.0
7643,964.3,0.0
7644,964.4,0.0
7645,964.5,0.0
7646,964.6,0.0
7647,964.7,0.0
7648,964.8,0.0
7649,964.9,0.0
7650,965.0,0.0
7651,965.1,0.0
7652,965.2,0.0
7653,965.3,0.0
7654,965.4,0.0
7655,965.5,0.0
7656,965.6,0.0
7657,965.7,0.0
7658,965.8,0.0
7659,965.9,0.0
7660,966.0,0.0
7661,966.1,0.0
7662,966.2,0.0
7663,966.3,0.0
7664,966.4,0.0
7665,966.5,0.0
7666,966.6,0.0
7667,966.7,0.0
7668,966.8,0.0
7669,966.9,0.0
7670,967.0,0.0
7671,967.1,0.0
7672,967.2,0.0
7673,967.3,0.0
7674,967.4,0.0
7675,967.5,0.0
7676,967.6,0.0
7677,967.7,0.0
7678,967.8,0.0
7679,967.9,0.0
7680,968.0,0.0
7681,968.1,0.0
7682,968.2,0.0
7683,968.3,0.0
7684,968.4,0.0
7685,968.5,0.0
7686,968.6,0.0
7687,968.7,0.0
7688,968.8,0.001
7689,968.9,0.001
7690,969.0,0.001
7691,969.1,0.001
7692,969.2,0.002
7693,969.3,0.002
7694,969.4,0.003
7695,969.5,0.004
7696,969.6,0.005
7697,969.7,0.007
7698,969.8,0.009
7699,969.9,0.012
7700,970.0,0.015
7701,970.1,0.019
7702,970.2,0.025
7703,970.3,0.033
7704,970.4,0.042
7705,970.5,0.054
7706,970.6,0.069
7707,970.7,0.088
7708,970.8,0.112
7709,970.9,0.142
7710,971.0,0.18
7711,971.1,0.227
7712,971.2,0.287
7713,971.3,0.36
7714,971.4,0.452
7715,971.5,0.566
7716,971.6,0.706
7717,971.7,0.879
7718,971.8,1.092
7719,971.9,1.352
7720,972.0,1.67
7721,972.1,2.058
7722,972.2,2.53
7723,972.3,3.102
7724,972.4,3.794
7725,972.5,4.627
7726,972.6,5.631
7727,972.7,6.835
7728,972.8,8.273
7729,972.9,9.992
7730,973.0,12.04
7731,973.1,14.46
7732,973.2,17.331
7733,973.3,20.72
7734,973.4,24.7
7735,973.5,29.379
7736,973.6,34.86
7737,973.7,41.25
7738,973.8,48.69
7739,973.9,57.33
7740,974.0,67.33
7741,974.1,78.87
7742,974.2,92.14
7743,974.3,107.4
7744,974.4,124.9
7745,974.5,144.821
7746,974.6,167.5
7747,974.7,193.3
7748,974.8,222.518
7749,974.9,255.5
7750,975.0,292.6
7751,975.1,334.2
7752,975.2,380.833
7753,975.3,432.9
7754,975.4,490.8
7755,975.5,555.084
7756,975.6,626.2
7757,975.7,704.6
7758,975.8,790.89
7759,975.9,885.7
7760,976.0,989.4
7761,976.1,1102.0
7762,976.2,1225.233
7763,976.3,1359.0
7764,976.4,1503.0
7765,976.5,1658.405
7766,976.6,1826.0
7767,976.7,2006.0
7768,976.8,2197.664
7769,976.9,2402.0
7770,977.0,2620.0
7771,977.1,2851.0
7772,977.2,3095.643
7773,977.3,3354.0
7774,977.4,3626.0
7775,977.5,3911.986
7776,977.6,4212.0
7777,977.7,4526.0
7778,977.8,4854.147
7779,977.9,5197.0
7780,978.0,5555.0
7781,978.1,5928.0
7782,978.2,6316.666
7783,978.3,6722.0
7784,978.4,7145.0
7785,978.5,7586.746
7786,978.6,8049.0
7787,978.7,8534.0
7788,978.8,9044.644
7789,978.9,9582.0
7790,979.0,10150.0
7791,979.1,10760.0
7792,979.2,11407.093
7793,979.3,12100.0
7794,979.4,12850.0
7795,979.5,13660.591
7796,979.6,14540.0
7797,979.7,15500.0
7798,979.8,16557.067
7799,979.9,17720.0
7800,980.0,19000.0
7801,980.1,20420.0
7802,980.2,21985.121
7803,980.3,23720.0
7804,980.4,25650.0
7805,980.5,27783.421
7806,980.6,30150.0
7807,980.7,32780.0
7808,980.8,35684.15
7809,980.9,38890.0
7810,981.0,42430.0
7811,981.1,46330.0
7812,981.2,50607.994
7813,981.3,55300.0
7814,981.4,60440.0
7815,981.5,66039.533
7816,981.6,72130.0
7817,981.7,78740.0
7818,981.8,85874.761
7819,981.9,93590.0
7820,982.0,101900.0
7821,982.1,110700.0
7822,982.2,120175.841
7823,982.3,130300.0
7824,982.4,141000.0
7825,982.5,152326.942
7826,982.6,164300.0
7827,982.7,176900.0
7828,982.8,190041.761
7829,982.9,203700.0
7830,983.0,217900.0
7831,983.1,232700.0
7832,983.2,247904.551
7833,983.3,263500.0
7834,983.4,279500.0
7835,983.5,295784.492
7836,983.6,312300.0
7837,983.7,329000.0
7838,983.8,345780.081
7839,983.9,362600.0
7840,984.0,379400.0
7841,984.1,396000.0
7842,984.2,412342.747
7843,984.3,428400.0
7844,984.4,444100.0
7845,984.5,459252.642
7846,984.6,473800.0
7847,984.7,487700.0
7848,984.8,500823.211
7849,984.9,513100.0
7850,985.0,524500.0
7851,985.1,535000.0
7852,985.2,544404.367
7853,985.3,552700.0
7854,985.4,559900.0
7855,985.5,565905.896
7856,985.6,570700.0
7857,985.7,574300.0
7858,985.8,576724.518
7859,985.9,577900.0
7860,986.0,577800.0
7861,986.1,576600.0
7862,986.2,574251.605
7863,986.3,570800.0
7864,986.4,566300.0
7865,986.5,560718.977
7866,986.6,554200.0
7867,986.7,546900.0
7868,986.8,538830.035
7869,986.9,530000.0
7870,987.0,520500.0
7871,987.1,510600.0
7872,987.2,500276.636
7873,987.3,489600.0
7874,987.4,478700.0
7875,987.5,467732.758
7876,987.6,456800.0
7877,987.7,446000.0
7878,987.8,435456.115
7879,987.9,425200.0
7880,988.0,415300.0
7881,988.1,406000.0
7882,988.2,397336.361
7883,988.3,389400.0
7884,988.4,382300.0
7885,988.5,376100.263
7886,988.6,370900.0
7887,988.7,366800.0
7888,988.8,363855.21
7889,988.9,362100.0
7890,989.0,361600.0
7891,989.1,362500.0
7892,989.2,364785.001
7893,989.3,368500.0
7894,989.4,373700.0
7895,989.5,380382.705
7896,989.6,388600.0
7897,989.7,398400.0
7898,989.8,409759.43
7899,989.9,422700.0
7900,990.0,437200.0
7901,990.1,453100.0
7902,990.2,470533.304
7903,990.3,489500.0
7904,990.4,509900.0
7905,990.5,531531.156
7906,990.6,554400.0
7907,990.7,578500.0
7908,990.8,603587.111
7909,990.9,629600.0
7910,991.0,656500.0
7911,991.1,684100.0
7912,991.2,712246.34
7913,991.3,740800.0
7914,991.4,769600.0
7915,991.5,798421.891
7916,991.6,827100.0
7917,991.7,855500.0
7918,991.8,883492.971
7919,991.9,910800.0
7920,992.0,937200.0
7921,992.1,962600.0
7922,992.2,986331.464
7923,992.3,1009000.0
7924,992.4,1031000.0
7925,992.5,1050787.042
7926,992.6,1068000.0
7927,992.7,1083000.0
7928,992.8,1096692.683
7929,992.9,1108000.0
7930,993.0,1116000.0
7931,993.1,1122000.0
7932,993.2,1125658.836
7933,993.3,1127000.0
7934,993.4,1126000.0
7935,993.5,1121833.363
7936,993.6,1115000.0
7937,993.7,1106000.0
7938,993.8,1094133.288
7939,993.9,1080000.0
7940,994.0,1064000.0
7941,994.1,1045000.0
7942,994.2,1024447.744
7943,994.3,1002000.0
7944,994.4,977100.0
7945,994.5,950760.065
7946,994.6,923100.0
7947,994.7,894000.0
7948,994.8,863720.769
7949,994.9,832500.0
7950,995.0,800500.0
7951,995.1,767800.0
7952,995.2,734728.545
7953,995.3,701400.0
7954,995.4,667900.0
7955,995.5,634475.527
7956,995.6,601300.0
7957,995.7,568500.0
7958,995.8,536154.63
7959,995.9,504400.0
7960,996.0,473400.0
7961,996.1,443300.0
7962,996.2,414072.088
7963,996.3,385800.0
7964,996.4,358600.0
7965,996.5,332535.52
7966,996.6,307600.0
7967,996.7,283800.0
7968,996.8,261228.466
7969,996.9,239900.0
7970,997.0,219800.0
7971,997.1,200900.0
7972,997.2,183165.136
7973,997.3,166600.0
7974,997.4,151200.0
7975,997.5,136888.481
7976,997.6,123600.0
7977,997.7,111300.0
7978,997.8,100016.326
7979,997.9,89680.0
7980,998.0,80210.0
7981,998.1,71580.0
7982,998.2,63722.608
7983,998.3,56590.0
7984,998.4,50140.0
7985,998.5,44318.966
7986,998.6,39080.0
7987,998.7,34380.0
7988,998.8,30178.859
7989,998.9,26430.0
7990,999.0,23090.0
7991,999.1,20130.0
7992,999.2,17507.316
7993,999.3,15190.0
7994,999.4,13150.0
7995,999.5,11359.0
7996,999.6,9791.0
7997,999.7,8420.0
7998,999.8,7221.551
7999,999.9,6187.0
