,wavelength,intensity
0,200.0,32170000.0
1,200.1,34181228.171
2,200.2,36030000.0
3,200.3,37592488.256
4,200.4,38899382.148
5,200.5,40020000.0
6,200.6,41019950.023
7,200.7,41950000.0
8,200.8,42849010.33
9,200.9,43723052.319
10,201.0,44570000.0
11,201.1,45379713.835
12,201.2,46110000.0
13,201.3,46706718.632
14,201.4,47100000.0
15,201.5,47223034.553
16,201.6,47036983.326
17,201.7,46510000.0
18,201.8,45620756.784
19,201.9,44390000.0
20,202.0,42859118.856
21,202.1,41110000.0
22,202.2,39238975.652
23,202.3,37359662.889
24,202.4,35590000.0
25,202.5,34045253.151
26,202.6,32830000.0
27,202.7,32030580.968
28,202.8,31671076.018
29,202.9,31760000.0
30,203.0,32291218.494
31,203.1,33200000.0
32,203.2,34400372.628
33,203.3,35780000.0
34,203.4,37221986.632
35,203.5,38617565.102
36,203.6,39860000.0
37,203.7,40851493.738
38,203.8,41530000.0
39,203.9,41851708.275
40,204.0,41810000.0
41,204.1,41417511.259
42,204.2,40726704.792
43,204.3,39800000.0
44,204.4,38703744.654
45,204.5,37520000.0
46,204.6,36326839.862
47,204.7,35170674.905
48,204.8,34090000.0
49,204.9,33115922.541
50,205.0,32250000.0
51,205.1,31483989.912
52,205.2,30800000.0
53,205.3,30178573.531
54,205.4,29603645.775
55,205.5,29060000.0
56,205.6,28535458.542
57,205.7,28030000.0
58,205.8,27546334.687
59,205.9,27085943.505
60,206.0,26650000.0
61,206.1,26236408.944
62,206.2,25830000.0
63,206.3,25411712.555
64,206.4,24960000.0
65,206.5,24454078.281
66,206.6,23878699.547
67,206.7,23220000.0
68,206.8,22469467.932
69,206.9,21640000.0
70,207.0,20752688.509
71,207.1,19840000.0
72,207.2,18938993.708
73,207.3,18093725.405
74,207.4,17350000.0
75,207.5,16749822.71
76,207.6,16320000.0
77,207.7,16079733.937
78,207.8,16033007.76
79,207.9,16180000.0
80,208.0,16518907.455
81,208.1,17040000.0
82,208.2,17733829.161
83,208.3,18600000.0
84,208.4,19652927.37
85,208.5,20957211.744
86,208.6,22590000.0
87,208.7,24642229.558
88,208.8,27260000.0
89,208.9,30612985.946
90,209.0,34910000.0
91,209.1,40363669.568
92,209.2,47162743.262
93,209.3,55490000.0
94,209.4,65514446.413
95,209.5,77350000.0
96,209.6,91058852.051
97,209.7,106551378.161
98,209.8,123700000.0
99,209.9,142345237.046
100,210.0,162200000.0
101,210.1,182925030.163
102,210.2,204100000.0
103,210.3,225265107.356
104,210.4,245883720.428
105,210.5,265400000.0
106,210.6,283245331.633
107,210.7,298800000.0
108,210.8,311461324.919
109,210.9,320745867.694
110,211.0,326200000.0
111,211.1,327419778.523
112,211.2,324200000.0
113,211.3,316457683.83
114,211.4,304400000.0
115,211.5,288379551.742
116,211.6,269040524.671
117,211.7,247100000.0
118,211.8,223302211.102
119,211.9,198500000.0
120,212.0,173560574.888
121,212.1,149300000.0
122,212.2,126446214.353
123,212.3,105425800.058
124,212.4,86590000.0
125,212.5,70222905.298
126,212.6,56340000.0
127,212.7,44857033.3
128,212.8,35559422.046
129,212.9,28200000.0
130,213.0,22524468.601
131,213.1,18250000.0
132,213.2,15096082.711
133,213.3,12820000.0
134,213.4,11206740.16
135,213.5,10114316.833
136,213.6,9419000.0
137,213.7,9010838.925
138,213.8,8835000.0
139,213.9,8853794.989
140,214.0,9043000.0
141,214.1,9384183.263
142,214.2,9868617.133
143,214.3,10490000.0
144,214.4,11242229.467
145,214.5,12120000.0
146,214.6,13121705.473
147,214.7,14259740.527
148,214.8,15550000.0
149,214.9,17010782.283
150,215.0,18670000.0
151,215.1,20561093.525
152,215.2,22730000.0
153,215.3,25218958.151
154,215.4,28042916.26
155,215.5,31210000.0
156,215.6,34718829.161
157,215.7,38530000.0
158,215.8,42580585.621
159,215.9,46751590.04
160,216.0,50910000.0
161,216.1,54916929.304
162,216.2,58610000.0
163,216.3,61824515.944
164,216.4,64410000.0
165,216.5,66236454.338
166,216.6,67241579.353
167,216.7,67380000.0
168,216.8,66626937.731
169,216.9,65040000.0
170,217.0,62706476.516
171,217.1,59750000.0
172,217.2,56307732.003
173,217.3,52534606.365
174,217.4,48590000.0
175,217.5,44630308.23
176,217.6,40800000.0
177,217.7,37234257.105
178,217.8,34043039.105
179,217.9,31330000.0
180,218.0,29190909.481
181,218.1,27690000.0
182,218.2,26881355.109
183,218.3,26810000.0
184,218.4,27509907.151
185,218.5,28979896.535
186,218.6,31210000.0
187,218.7,34181414.824
188,218.8,37840000.0
189,218.9,42118182.565
190,219.0,46930000.0
191,219.1,52181497.494
192,219.2,57765140.608
193,219.3,63570000.0
194,219.4,69488940.045
195,219.5,75430000.0
196,219.6,81310041.392
197,219.7,87066039.961
198,219.8,92640000.0
199,219.9,97985198.094
200,220.0,103100000.0
201,220.1,107984422.836
202,220.2,112600000.0
203,220.3,116896689.063
204,220.4,120816628.027
205,220.5,124300000.0
206,220.6,127297266.165
207,220.7,129800000.0
208,220.8,131796737.391
209,220.9,133222751.544
210,221.0,134000000.0
211,221.1,134075936.55
212,221.2,133500000.0
213,221.3,132335594.429
214,221.4,130600000.0
215,221.5,128309203.845
216,221.6,125520144.887
217,221.7,122300000.0
218,221.8,118711551.065
219,221.9,114800000.0
220,222.0,110609801.334
221,222.1,106200000.0
222,222.2,101634032.781
223,222.3,96978313.444
224,222.4,92300000.0
225,222.5,87670722.607
226,222.6,83180000.0
227,222.7,78918524.181
228,222.8,74963791.642
229,222.9,71390000.0
230,223.0,68266093.136
231,223.1,65640000.0
232,223.2,63550401.335
233,223.3,62020000.0
234,223.4,61063020.535
235,223.5,60675752.097
236,223.6,60850000.0
237,223.7,61572536.296
238,223.8,62810000.0
239,223.9,64521980.287
240,224.0,66660000.0
241,224.1,69167811.39
242,224.2,71966150.66
243,224.3,74970000.0
244,224.4,78087571.895
245,224.5,81200000.0
246,224.6,84182016.374
247,224.7,86909825.507
248,224.8,89260000.0
249,224.9,91114895.519
250,225.0,92380000.0
251,225.1,92973344.462
252,225.2,92840000.0
253,225.3,91946310.903
254,225.4,90316674.175
255,225.5,87990000.0
256,225.6,85016301.055
257,225.7,81490000.0
258,225.8,77521039.185
259,225.9,73237029.743
260,226.0,68770000.0
261,226.1,64251354.169
262,226.2,59810000.0
263,226.3,55570183.478
264,226.4,51640000.0
265,226.5,48114698.969
266,226.6,45054296.409
267,226.7,42510000.0
268,226.8,40523697.878
269,226.9,39100000.0
270,227.0,38226499.452
271,227.1,37860000.0
272,227.2,37942809.097
273,227.3,38390038.255
274,227.4,39110000.0
275,227.5,40007085.439
276,227.6,40970000.0
277,227.7,41889025.526
278,227.8,42676435.191
279,227.9,43250000.0
280,228.0,43537906.075
281,228.1,43510000.0
282,228.2,43153068.701
283,228.3,42480000.0
284,228.4,41518425.466
285,228.5,40328850.744
286,228.6,38980000.0
287,228.7,37541926.511
288,228.8,36090000.0
289,228.9,34696996.395
290,229.0,33420000.0
291,229.1,32305628.95
292,229.2,31374328.34
293,229.3,30640000.0
294,229.4,30109312.331
295,229.5,29760000.0
296,229.6,29563107.673
297,229.7,29491853.734
298,229.8,29520000.0
299,229.9,29625115.735
300,230.0,29800000.0
301,230.1,30044321.785
302,230.2,30370000.0
303,230.3,30805164.659
304,230.4,31430540.279
305,230.5,32340000.0
306,230.6,33640333.925
307,230.7,35490000.0
308,230.8,38083382.753
309,230.9,41706905.205
310,231.0,46670000.0
311,231.1,53306770.132
312,231.2,62050000.0
313,231.3,73376437.109
314,231.4,87840000.0
315,231.5,106014434.923
316,231.6,128475627.924
317,231.7,155799999.999
318,231.8,188558476.476
319,231.9,227299999.999
320,232.0,272517270.535
321,232.1,324499999.999
322,232.2,383437872.147
323,232.3,449323446.142
324,232.4,522099999.999
325,232.5,601648416.812
326,232.6,687599999.998
327,232.7,779469479.065
328,232.8,876554867.549
329,232.9,978099999.998
330,233.0,1083405606.585
331,233.1,1191999999.998
332,233.2,1303293890.981
333,233.3,1415999999.998
334,233.4,1528694554.973
335,233.5,1640105803.949
336,233.6,1748999999.998
337,233.7,1853980615.492
338,233.8,1952999999.998
339,233.9,2043933553.443
340,234.0,2124999999.999
341,234.1,2194502330.059
342,234.2,2250737274.66
343,234.3,2291999999.999
344,234.4,2316861990.064
345,234.5,2325000000.0
346,234.6,2316641144.284
347,234.7,2293108703.558
348,234.8,2256000000.001
349,234.9,2207106969.155
350,235.0,2149000000.001
351,235.1,2084543562.864
352,235.2,2017000000.001
353,235.3,1949491689.823
354,235.4,1884183283.407
355,235.5,1823000000.001
356,235.6,1767778348.951
357,235.7,1720000000.001
358,235.8,1680826269.878
359,235.9,1650491902.834
360,236.0,1629000000.0
361,236.1,1616409163.572
362,236.2,1613000000.0
363,236.3,1619224726.612
364,236.4,1636000000.0
365,236.5,1664397224.908
366,236.6,1705642359.431
367,236.7,1760999999.999
368,236.8,1831845844.917
369,236.9,1919999999.998
370,237.0,2027023914.005
371,237.1,2152999999.997
372,237.2,2297353214.655
373,237.3,2458357724.849
374,237.4,2633999999.996
375,237.5,2821748544.16
376,237.6,3016999999.996
377,237.7,3214612355.525
378,237.8,3409360841.65
379,237.9,3595999999.996
380,238.0,3769413309.705
381,238.1,3924999999.997
382,238.2,4058812463.949
383,238.3,4168999999.998
384,238.4,4254660270.381
385,238.5,4316587487.195
386,238.6,4355999999.999
387,238.7,4374596869.376
388,238.8,4376000000.0
389,238.9,4364232569.096
390,239.0,4343000000.001
391,239.1,4315714525.273
392,239.2,4284933368.259
393,239.3,4253000000.001
394,239.4,4221876577.3
395,239.5,4192000000.001
396,239.6,4163225587.166
397,239.7,4134607591.708
398,239.8,4105000000.001
399,239.9,4073102801.751
400,240.0,4037000000.001
401,240.1,3994634399.69
402,240.2,3944000000.001
403,240.3,3883231303.047
404,240.4,3810973628.401
405,240.5,3726000000.002
406,240.6,3627208819.578
407,240.7,3514000000.003
408,240.8,3386153624.051
409,240.9,3244468942.942
410,241.0,3090000000.004
411,241.1,2924060150.823
412,241.2,2749000000.004
413,241.3,2567559656.797
414,241.4,2383000000.004
415,241.5,2198618920.816
416,241.6,2017341590.42
417,241.7,1842000000.004
418,241.8,1675369640.273
419,241.9,1520000000.004
420,242.0,1378132213.612
421,242.1,1251000000.003
422,242.2,1139365392.864
423,242.3,1043111100.531
424,242.4,961900000.002
425,242.5,895200107.981
426,242.6,841700000.001
427,242.7,799866149.351
428,242.8,768056061.509
429,242.9,744600000.0
430,243.0,727856852.091
431,243.1,716300000.0
432,243.2,708487298.796
433,243.3,703200000.0
434,243.4,699354407.045
435,243.5,696183634.566
436,243.6,693000000.0
437,243.7,689197893.99
438,243.8,684500000.0
439,243.9,678719090.356
440,244.0,671700000.0
441,244.1,663353277.656
442,244.2,653820264.541
443,244.3,643300000.0
444,244.4,632017289.125
445,244.5,620300000.0
446,244.6,608521136.778
447,244.7,597131184.869
448,244.8,586600000.0
449,244.9,577398268.613
450,245.0,570000000.0
451,245.1,564840882.779
452,245.2,562200000.0
453,245.3,562269650.919
454,245.4,565051605.174
455,245.5,570500000.0
456,245.6,578492390.093
457,245.7,588600000.0
458,245.8,600311524.74
459,245.9,613091871.38
460,246.0,626400000.0
461,246.1,639715440.241
462,246.2,652600000.0
463,246.3,664672808.246
464,246.4,675700000.0
465,246.5,685568286.178
466,246.6,694499675.232
467,246.7,702800000.0
468,246.8,710833744.815
469,246.9,719200000.0
470,247.0,728573881.28
471,247.1,739700000.0
472,247.2,753299169.806
473,247.3,769927517.93
474,247.4,790099999.999
475,247.5,814276923.082
476,247.6,842699999.999
477,247.7,875448265.517
478,247.8,912168636.42
479,247.9,952399999.999
480,248.0,995612336.751
481,248.1,1040999999.999
482,248.2,1087588049.759
483,248.3,1133999999.999
484,248.4,1178817847.5
485,248.5,1220859066.359
486,248.6,1258999999.999
487,248.7,1292106193.68
488,248.8,1318999999.999
489,248.9,1338568389.855
490,249.0,1350000000.0
491,249.1,1352702784.229
492,249.2,1346660298.663
493,249.3,1332000000.001
494,249.4,1308932371.169
495,249.5,1278000000.001
496,249.6,1239966627.48
497,249.7,1196148502.282
498,249.8,1148000000.001
499,249.9,1096909325.414
500,250.0,1044000000.002
501,250.1,990410024.505
502,250.2,937600000.001
503,250.3,887001468.61
504,250.4,839607136.3
505,250.5,796300000.001
506,250.6,757915643.748
507,250.7,725100000.001
508,250.8,698383049.826
509,250.9,678020620.3
510,251.0,664200000.0
511,251.1,657066809.831
512,251.2,656600000.0
513,251.3,662710021.603
514,251.4,675200000.0
515,251.5,693808724.845
516,251.6,718124968.735
517,251.7,747699999.999
518,251.8,782043649.721
519,251.9,820499999.999
520,252.0,862376522.982
521,252.1,906999999.999
522,252.2,953640252.952
523,252.3,1001319956.855
524,252.4,1048999999.999
525,252.5,1095740688.527
526,252.6,1140999999.999
527,252.7,1184281121.447
528,252.8,1224870406.398
529,252.9,1261999999.999
530,253.0,1294925960.68
531,253.1,1322999999.999
532,253.2,1345710891.057
533,253.3,1363000000.0
534,253.4,1374889182.781
535,253.5,1381269661.55
536,253.6,1382000000.0
537,253.7,1376945697.987
538,253.8,1366000000.0
539,253.9,1349183694.351
540,254.0,1327000000.001
541,254.1,1300091897.24
542,254.2,1269178981.03
543,254.3,1235000000.001
544,254.4,1198318848.032
545,254.5,1160000000.001
546,254.6,1120928873.042
547,254.7,1081974072.319
548,254.8,1044000000.001
549,254.9,1007889602.102
550,255.0,974600000.001
551,255.1,944983628.409
552,255.2,919400000.001
553,255.3,898022123.034
554,255.4,880769910.129
555,255.5,867500000.0
556,255.6,857964825.994
557,255.7,851500000.0
558,255.8,847335385.011
559,255.9,844694669.897
560,256.0,842800000.0
561,256.1,840893848.508
562,256.2,838300000.0
563,256.3,834446859.199
564,256.4,829100000.0
565,256.5,822220556.227
566,256.6,814214732.232
567,256.7,805600000.0
568,256.8,796992119.171
569,256.9,789400000.0
570,257.0,783956860.614
571,257.1,781900000.0
572,257.2,784474949.107
573,257.3,792856085.877
574,257.4,808199999.999
575,257.5,831600466.281
576,257.6,863899999.999
577,257.7,905841634.521
578,257.8,958021735.109
579,257.9,1020999999.998
580,258.0,1095262400.471
581,258.1,1180999999.997
582,258.2,1278283867.309
583,258.3,1386999999.996
584,258.4,1506945932.0
585,258.5,1637750413.796
586,258.6,1778999999.995
587,258.7,1930133657.201
588,258.8,2089999999.995
589,258.9,2257083198.867
590,259.0,2428999999.994
591,259.1,2603122481.697
592,259.2,2776711475.21
593,259.3,2946999999.994
594,259.4,3111020110.357
595,259.5,3264999999.995
596,259.6,3405227244.488
597,259.7,3529030807.566
598,259.8,3633999999.997
599,259.9,3717875068.05
600,260.0,3778999999.998
601,260.1,3816247325.782
602,260.2,3830000000.0
603,260.3,3821244667.827
604,260.4,3791872312.084
605,260.5,3744000000.002
606,260.6,3679841826.844
607,260.7,3602000000.003
608,260.8,3513197275.213
609,260.9,3416250489.451
610,261.0,3314000000.004
611,261.1,3209167496.759
612,261.2,3104000000.004
613,261.3,3000479182.938
614,261.4,2900000000.003
615,261.5,2803762762.861
616,261.6,2712775930.797
617,261.7,2628000000.003
618,261.8,2550155113.298
619,261.9,2479000000.002
620,262.0,2414073961.386
621,262.1,2355000000.002
622,262.2,2301224641.578
623,262.3,2251404803.249
624,262.4,2204000000.002
625,262.5,2157435551.985
626,262.6,2110000000.002
627,262.7,2059984350.019
628,262.8,2005826248.022
629,262.9,1946000000.002
630,263.0,1879199875.718
631,263.1,1805000000.003
632,263.2,1723247292.874
633,263.3,1634000000.003
634,263.4,1537576554.856
635,263.5,1435124816.406
636,263.6,1328000000.004
637,263.7,1217663321.659
638,263.8,1106000000.004
639,263.9,994981466.34
640,264.0,886500000.004
641,264.1,782313169.44
642,264.2,683718851.468
643,264.3,591900000.003
644,264.4,507924504.928
645,264.5,432400000.003
646,264.6,365702087.42
647,264.7,307738499.244
648,264.8,258300000.002
649,264.9,217094688.419
650,265.0,183500000.001
651,265.1,156808008.017
652,265.2,136300000.001
653,265.3,121244722.949
654,265.4,110871547.453
655,265.5,104400000.0
656,265.6,101069620.182
657,265.7,100200000.0
658,265.8,101158457.586
659,265.9,103423163.168
660,266.0,106500000.0
661,266.1,109918151.281
662,266.2,113300000.0
663,266.3,116311538.905
664,266.4,118700000.0
665,266.5,120266171.968
666,266.6,120943830.961
667,266.7,120700000.0
668,266.8,119524707.068
669,266.9,117500000.0
670,267.0,114740612.263
671,267.1,111400000.0
672,267.2,107645293.203
673,267.3,103659594.575
674,267.4,99630000.0
675,267.5,95738917.043
676,267.6,92150000.0
677,267.7,89006070.251
678,267.8,86385370.787
679,267.9,84350000.0
680,268.0,82946601.53
681,268.1,82160000.0
682,268.2,81953981.875
683,268.3,82270000.0
684,268.4,83043221.359
685,268.5,84206003.121
686,268.6,85690000.0
687,268.7,87430834.465
688,268.8,89380000.0
689,268.9,91504811.69
690,269.0,93820000.0
691,269.1,96356828.214
692,269.2,99165275.501
693,269.3,102300000.0
694,269.4,105832295.702
695,269.5,109900000.0
696,269.6,114651649.216
697,269.7,120212031.98
698,269.8,126700000.0
699,269.9,134217642.652
700,270.0,142800000.0
701,270.1,152473853.562
702,270.2,163300000.0
703,270.3,175318658.24
704,270.4,188453721.131
705,270.5,202599999.999
706,270.6,217651624.801
707,270.7,233499999.999
708,270.8,250027224.282
709,270.9,267080898.725
710,271.0,284499999.999
711,271.1,302149706.061
712,271.2,319999999.999
713,271.3,338048680.063
714,271.4,356299999.999
715,271.5,374818032.048
716,271.6,393899666.933
717,271.7,413899999.999
718,271.8,435201983.834
719,271.9,458299999.999
720,272.0,483757151.733
721,272.1,512299999.999
722,272.2,544702748.788
723,272.3,581766716.467
724,272.4,624299999.998
725,272.5,673109833.535
726,272.6,728999999.998
727,272.7,792722245.493
728,272.8,864823620.126
729,272.9,945799999.996
730,273.0,1035977101.224
731,273.1,1134999999.996
732,273.2,1242408255.641
733,273.3,1357999999.995
734,273.4,1481360085.246
735,273.5,1610961672.477
736,273.6,1744999999.994
737,273.7,1881649327.465
738,273.8,2018999999.994
739,273.9,2154986028.284
740,274.0,2286999999.995
741,274.1,2412381299.074
742,274.2,2528797917.673
743,274.3,2633999999.996
744,274.4,2725767548.666
745,274.5,2801999999.997
746,274.6,2860782955.492
747,274.7,2900827243.716
748,274.8,2921000000.0
749,274.9,2920393427.416
750,275.0,2899000000.001
751,275.1,2857196916.059
752,275.2,2796000000.003
753,275.3,2716703211.717
754,275.4,2621074426.853
755,275.5,2511000000.005
756,275.6,2388483830.925
757,275.7,2256000000.006
758,275.8,2116115733.104
759,275.9,1971300657.306
760,276.0,1824000000.006
761,276.1,1676568632.29
762,276.2,1531000000.006
763,276.3,1389189280.211
764,276.4,1253000000.006
765,276.5,1124087146.486
766,276.6,1003303196.657
767,276.7,891300000.005
768,276.8,788636497.993
769,276.9,695500000.004
770,277.0,611924204.708
771,277.1,537700000.003
772,277.2,472489468.077
773,277.3,415682279.044
774,277.4,366600000.002
775,277.5,324552143.013
776,277.6,288800000.001
777,277.7,258599836.606
778,277.8,233236033.474
779,277.9,212000000.001
780,278.0,194198535.632
781,278.1,179200000.001
782,278.2,166419803.578
783,278.3,155400000.0
784,278.4,145738744.785
785,278.5,137131957.8
786,278.6,129300000.0
787,278.7,121982980.37
788,278.8,115000000.0
789,278.9,108215963.82
790,279.0,101600000.0
791,279.1,95147574.653
792,279.2,88855282.402
793,279.3,82720000.0
794,279.4,76748857.731
795,279.5,70990000.0
796,279.6,65496968.692
797,279.7,60303881.483
798,279.8,55440000.0
799,279.9,50932473.28
800,280.0,46800000.0
801,280.1,43055846.486
802,280.2,39700000.0
803,280.3,36726943.681
804,280.4,34122423.232
805,280.5,31870000.0
806,280.6,29952524.009
807,280.7,28350000.0
808,280.8,27043014.948
809,280.9,26017330.036
810,281.0,25260000.0
811,281.1,24759501.639
812,281.2,24510000.0
813,281.3,24508790.277
814,281.4,24760000.0
815,281.5,25269964.712
816,281.6,26047019.655
817,281.7,27100000.0
818,281.8,28436606.219
819,281.9,30060000.0
820,282.0,31971551.057
821,282.1,34170000.0
822,282.2,36649446.181
823,282.3,39388053.03
824,282.4,42360000.0
825,282.5,45536887.527
826,282.6,48880000.0
827,282.7,52344941.281
828,282.8,55874909.181
829,282.9,59410000.0
830,283.0,62890818.088
831,283.1,66260000.0
832,283.2,69459936.128
833,283.3,72430000.0
834,283.4,75113360.883
835,283.5,77471387.868
836,283.6,79470000.0
837,283.7,81079784.339
838,283.8,82290000.0
839,283.9,83096144.885
840,284.0,83500000.0
841,284.1,83510052.513
842,284.2,83155331.145
843,284.3,82470000.0
844,284.4,81488952.585
845,284.5,80250000.0
846,284.6,78792011.772
847,284.7,77155173.547
848,284.8,75380000.0
849,284.9,73504917.6
850,285.0,71560000.0
851,285.1,69572907.523
852,285.2,67570000.0
853,285.3,65575210.872
854,285.4,63604068.506
855,285.5,61670000.0
856,285.6,59785583.332
857,285.7,57960000.0
858,285.8,56201968.536
859,285.9,54521752.099
860,286.0,52930000.0
861,286.1,51436800.795
862,286.2,50050000.0
863,286.3,48776290.789
864,286.4,47620000.0
865,286.5,46583641.008
866,286.6,45664839.678
867,286.7,44860000.0
868,286.8,44163298.267
869,286.9,43560000.0
870,287.0,43032422.378
871,287.1,42560000.0
872,287.2,42121787.417
873,287.3,41698201.57
874,287.4,41270000.0
875,287.5,40817592.766
876,287.6,40320000.0
877,287.7,39758752.317
878,287.8,39126812.176
879,287.9,38420000.0
880,288.0,37634756.056
881,288.1,36770000.0
882,288.2,35827757.639
883,288.3,34820000.0
884,288.4,33760510.019
885,288.5,32660373.038
886,288.6,31530000.0
887,288.7,30379778.158
888,288.8,29220000.0
889,288.9,28060578.082
890,289.0,26910000.0
891,289.1,25775928.877
892,289.2,24664154.895
893,289.3,23580000.0
894,289.4,22528056.732
895,289.5,21510000.0
896,289.6,20527567.747
897,289.7,19585667.693
898,289.8,18690000.0
899,289.9,17847494.538
900,290.0,17070000.0
901,290.1,16370300.124
902,290.2,15760000.0
903,290.3,15251202.557
904,290.4,14859180.741
905,290.5,14600000.0
906,290.6,14489172.84
907,290.7,14540000.0
908,290.8,14764492.782
909,290.9,15171716.507
910,291.0,15770000.0
911,291.1,16564789.387
912,291.2,17550000.0
913,291.3,18715937.541
914,291.4,20050000.0
915,291.5,21536723.345
916,291.6,23152103.175
917,291.7,24870000.0
918,291.8,26663175.994
919,291.9,28500000.0
920,292.0,30348533.268
921,292.1,32180000.0
922,292.2,33967816.973
923,292.3,35691008.317
924,292.4,37330000.0
925,292.5,38869331.958
926,292.6,40310000.0
927,292.7,41658924.332
928,292.8,42930266.88
929,292.9,44140000.0
930,293.0,45306780.125
931,293.1,46460000.0
932,293.2,47631228.162
933,293.3,48850000.0
934,293.4,50143422.297
935,293.5,51530920.565
936,293.6,53030000.0
937,293.7,54654050.402
938,293.8,56400000.0
939,293.9,58257055.613
940,294.0,60200000.0
941,294.1,62198308.673
942,294.2,64214652.221
943,294.3,66210000.0
944,294.4,68142623.157
945,294.5,69960000.0
946,294.6,71610671.603
947,294.7,73058222.95
948,294.8,74270000.0
949,294.9,75216396.832
950,295.0,75880000.0
951,295.1,76251273.673
952,295.2,76340000.0
953,295.3,76164605.019
954,295.4,75758772.348
955,295.5,75160000.0
956,295.6,74409082.448
957,295.7,73560000.0
958,295.8,72670528.276
959,295.9,71800438.313
960,296.0,71010000.0
961,296.1,70358338.492
962,296.2,69900000.0
963,296.3,69686273.754
964,296.4,69760000.0
965,296.5,70158826.23
966,296.6,70908077.91
967,296.7,72030000.0
968,296.8,73542983.053
969,296.9,75450000.0
970,297.0,77747343.156
971,297.1,80420000.0
972,297.2,83444892.342
973,297.3,86777984.166
974,297.4,90370000.0
975,297.5,94171201.645
976,297.6,98130000.0
977,297.7,102185770.755
978,297.8,106243599.665
979,297.9,110200000.0
980,298.0,113964664.027
981,298.1,117500000.0
982,298.2,120770965.569
983,298.3,123700000.0
984,298.4,126208038.401
985,298.5,128252517.634
986,298.6,129800000.0
987,298.7,130833269.882
988,298.8,131400000.0
989,298.9,131552907.637
990,299.0,131300000.0
991,299.1,130650155.58
992,299.2,129660448.078
993,299.3,128400000.0
994,299.4,126932512.334
995,299.5,125300000.0
996,299.6,123543565.698
997,299.7,121722349.307
998,299.8,119900000.0
999,299.9,118126854.535
1000,300.0,116400000.0
1001,300.1,114713178.267
1002,300.2,113100000.0
1003,300.3,111595224.375
1004,300.4,110198335.801
1005,300.5,108900000.0
1006,300.6,107695676.492
1007,300.7,106600000.0
1008,300.8,105626505.054
1009,300.9,104765150.203
1010,301.0,104000000.0
1011,301.1,103315797.531
1012,301.2,102700000.0
1013,301.3,102137472.807
1014,301.4,101600000.0
1015,301.5,101053389.922
1016,301.6,100452629.427
1017,301.7,99750000.0
1018,301.8,98899250.589
1019,301.9,97860000.0
1020,302.0,96594541.957
1021,302.1,95070000.0
1022,302.2,93258957.696
1023,302.3,91151008.89
1024,302.4,88740000.0
1025,302.5,86025503.988
1026,302.6,83030000.0
1027,302.7,79784675.319
1028,302.8,76332643.578
1029,302.9,72720000.0
1030,303.0,68995682.53
1031,303.1,65220000.0
1032,303.2,61455210.719
1033,303.3,57760000.0
1034,303.4,54189205.842
1035,303.5,50785849.961
1036,303.6,47590000.0
1037,303.7,44639087.553
1038,303.8,41960000.0
1039,303.9,39572700.557
1040,304.0,37480000.0
1041,304.1,35678764.761
1042,304.2,34159236.339
1043,304.3,32910000.0
1044,304.4,31917547.93
1045,304.5,31160000.0
1046,304.6,30612381.186
1047,304.7,30245709.215
1048,304.8,30030000.0
1049,304.9,29936327.768
1050,305.0,29940000.0
1051,305.1,30016777.363
1052,305.2,30140000.0
1053,305.3,30284044.048
1054,305.4,30429850.131
1055,305.5,30560000.0
1056,305.6,30657868.141
1057,305.7,30710000.0
1058,305.8,30705016.735
1059,305.9,30636671.394
1060,306.0,30500000.0
1061,306.1,30291060.682
1062,306.2,30010000.0
1063,306.3,29658462.972
1064,306.4,29240000.0
1065,306.5,28759255.505
1066,306.6,28223344.584
1067,306.7,27640000.0
1068,306.8,27016711.906
1069,306.9,26360000.0
1070,307.0,25675964.729
1071,307.1,24970000.0
1072,307.2,24247223.019
1073,307.3,23512350.727
1074,307.4,22770000.0
1075,307.5,22024621.371
1076,307.6,21280000.0
1077,307.7,20539500.347
1078,307.8,19805469.452
1079,307.9,19080000.0
1080,308.0,18366045.156
1081,308.1,17670000.0
1082,308.2,16997787.469
1083,308.3,16350000.0
1084,308.4,15726794.218
1085,308.5,15131913.991
1086,308.6,14570000.0
1087,308.7,14045238.744
1088,308.8,13560000.0
1089,308.9,13115480.309
1090,309.0,12710000.0
1091,309.1,12341019.308
1092,309.2,12005434.299
1093,309.3,11700000.0
1094,309.4,11420645.981
1095,309.5,11160000.0
1096,309.6,10909926.089
1097,309.7,10662535.197
1098,309.8,10410000.0
1099,309.9,10145344.751
1100,310.0,9865000.0
1101,310.1,9566076.562
1102,310.2,9245000.0
1103,310.3,8898972.933
1104,310.4,8528991.448
1105,310.5,8137000.0
1106,310.6,7725472.414
1107,310.7,7299000.0
1108,310.8,6863106.38
1109,310.9,6424926.938
1110,311.0,5992000.0
1111,311.1,5572106.774
1112,311.2,5174000.0
1113,311.3,4806784.262
1114,311.4,4480000.0
1115,311.5,4204195.501
1116,311.6,3993514.595
1117,311.7,3863000.0
1118,311.8,3829864.356
1119,311.9,3920000.0
1120,312.0,4163427.418
1121,312.1,4598000.0
1122,312.2,5271095.848
1123,312.3,6260359.005
1124,312.4,7651000.0
1125,312.5,9537322.158
1126,312.6,12050000.0
1127,312.7,15344214.145
1128,312.8,19636798.431
1129,312.9,25160000.0
1130,313.0,32163910.548
1131,313.1,40969999.999
1132,313.2,51931836.142
1133,313.3,65459999.999
1134,313.4,81987074.006
1135,313.5,101976633.02
1136,313.6,125899999.998
1137,313.7,154236816.691
1138,313.8,187499999.998
1139,313.9,226186984.456
1140,314.0,270699999.997
1141,314.1,321373789.441
1142,314.2,378368351.767
1143,314.3,441799999.996
1144,314.4,511742571.366
1145,314.5,588099999.995
1146,314.6,670623521.523
1147,314.7,758623480.804
1148,314.8,851299999.994
1149,314.9,947917800.406
1150,315.0,1047999999.993
1151,315.1,1150895757.722
1152,315.2,1254999999.993
1153,315.3,1358723638.891
1154,315.4,1461495761.815
1155,315.5,1562999999.993
1156,315.6,1662802566.275
1157,315.7,1759999999.994
1158,315.8,1853802803.019
1159,315.9,1944347000.874
1160,316.0,2031999999.994
1161,316.1,2117116453.343
1162,316.2,2199999999.995
1163,316.3,2281037536.098
1164,316.4,2360999999.995
1165,316.5,2440639286.97
1166,316.6,2520247077.884
1167,316.7,2599999999.995
1168,316.8,2679868712.203
1169,316.9,2758999999.995
1170,317.0,2836357984.146
1171,317.1,2910999999.995
1172,317.2,2981805329.949
1173,317.3,3046847830.108
1174,317.4,3103999999.997
1175,317.5,3151118920.757
1176,317.6,3185999999.998
1177,317.7,3206533742.468
1178,317.8,3211052715.013
1179,317.9,3198000000.001
1180,318.0,3166074700.205
1181,318.1,3115000000.004
1182,318.2,3044840201.991
1183,318.3,2956000000.007
1184,318.4,2849217523.232
1185,318.5,2726224250.96
1186,318.6,2589000000.01
1187,318.7,2439677358.533
1188,318.8,2281000000.011
1189,318.9,2115843505.372
1190,319.0,1947000000.011
1191,319.1,1777201484.896
1192,319.2,1609022918.815
1193,319.3,1445000000.011
1194,319.4,1287472939.579
1195,319.5,1138000000.01
1196,319.6,997850117.39
1197,319.7,867916870.786
1198,319.8,749000000.008
1199,319.9,641722451.721
1200,320.0,546000000.006
1201,320.1,461524587.045
1202,320.2,387800000.005
1203,320.3,324234888.094
1204,320.4,270045503.7
1205,320.5,224400000.003
1206,320.6,186452374.256
1207,320.7,155300000.002
1208,320.8,130051407.362
1209,320.9,109916376.478
1210,321.0,94130000.001
1211,321.1,81958172.971
1212,321.2,72790000.001
1213,321.3,66066107.561
1214,321.4,61310000.0
1215,321.5,58091803.923
1216,321.6,56085257.078
1217,321.7,54990000.0
1218,321.8,54526683.564
1219,321.9,54500000.0
1220,322.0,54743234.158
1221,322.1,55120000.0
1222,322.2,55511365.987
1223,322.3,55837889.465
1224,322.4,56030000.0
1225,322.5,56025289.594
1226,322.6,55790000.0
1227,322.7,55301435.481
1228,322.8,54552500.601
1229,322.9,53540000.0
1230,323.0,52264298.293
1231,323.1,50740000.0
1232,323.2,48987985.663
1233,323.3,47040000.0
1234,323.4,44930695.527
1235,323.5,42695491.768
1236,323.6,40370000.0
1237,323.7,37989756.807
1238,323.8,35590000.0
1239,323.9,33205567.945
1240,324.0,30870000.0
1241,324.1,28614339.404
1242,324.2,26460943.933
1243,324.3,24430000.0
1244,324.4,22539667.467
1245,324.5,20800000.0
1246,324.6,19217348.449
1247,324.7,17791358.607
1248,324.8,16520000.0
1249,324.9,15399610.331
1250,325.0,14420000.0
1251,325.1,13569868.625
1252,325.2,12840000.0
1253,325.3,12220401.964
1254,325.4,11695894.352
1255,325.5,11250000.0
1256,325.6,10867723.941
1257,325.7,10540000.0
1258,325.8,10258862.678
1259,325.9,10014820.382
1260,326.0,9798000.0
1261,326.1,9599711.852
1262,326.2,9416000.0
1263,326.3,9244190.045
1264,326.4,9082000.0
1265,326.5,8927715.964
1266,326.6,8781503.962
1267,326.7,8644000.0
1268,326.8,8516132.556
1269,326.9,8400000.0
1270,327.0,8297805.309
1271,327.1,8211000.0
1272,327.2,8140790.061
1273,327.3,8088150.835
1274,327.4,8054000.0
1275,327.5,8039025.958
1276,327.6,8043000.0
1277,327.7,8065203.739
1278,327.8,8103877.197
1279,327.9,8157000.0
1280,328.0,8222487.755
1281,328.1,8298000.0
1282,328.2,8381072.251
1283,328.3,8469000.0
1284,328.4,8559156.84
1285,328.5,8649468.796
1286,328.6,8738000.0
1287,328.7,8822942.499
1288,328.8,8903000.0
1289,328.9,8977155.812
1290,329.0,9045000.0
1291,329.1,9106345.416
1292,329.2,9161289.303
1293,329.3,9210000.0
1294,329.4,9252596.45
1295,329.5,9289000.0
1296,329.6,9319016.942
1297,329.7,9342190.94
1298,329.8,9358000.0
1299,329.9,9365742.713
1300,330.0,9364000.0
1301,330.1,9351090.326
1302,330.2,9325000.0
1303,330.3,9283681.262
1304,330.4,9225282.233
1305,330.5,9148000.0
1306,330.6,9050084.869
1307,330.7,8930000.0
1308,330.8,8786562.113
1309,330.9,8619789.301
1310,331.0,8430000.0
1311,331.1,8217806.936
1312,331.2,7985000.0
1313,331.3,7733803.219
1314,331.4,7467000.0
1315,331.5,7187691.957
1316,331.6,6899694.149
1317,331.7,6607000.0
1318,331.8,6313665.885
1319,331.9,6024000.0
1320,332.0,5742353.804
1321,332.1,5473000.0
1322,332.2,5220035.19
1323,332.3,4986930.338
1324,332.4,4777000.0
1325,332.5,4593568.594
1326,332.6,4440000.0
1327,332.7,4319326.905
1328,332.8,4233217.77
1329,332.9,4183000.0
1330,333.0,4170057.478
1331,333.1,4196000.0
1332,333.2,4262093.18
1333,333.3,4368000.0
1334,333.4,4512974.43
1335,333.5,4696237.029
1336,333.6,4917000.0
1337,333.7,5174116.063
1338,333.8,5465000.0
1339,333.9,5786670.522
1340,334.0,6136000.0
1341,334.1,6509627.924
1342,334.2,6903408.591
1343,334.3,7313000.0
1344,334.4,7734029.27
1345,334.5,8162000.0
1346,334.6,8592114.977
1347,334.7,9018497.266
1348,334.8,9435000.0
1349,334.9,9836253.896
1350,335.0,10220000.0
1351,335.1,10583626.524
1352,335.2,10920000.0
1353,335.3,11221857.902
1354,335.4,11485943.143
1355,335.5,11710000.0
1356,335.6,11891897.039
1357,335.7,12030000.0
1358,335.8,12122560.22
1359,335.9,12166874.264
1360,336.0,12160000.0
1361,336.1,12100130.545
1362,336.2,11990000.0
1363,336.3,11832923.584
1364,336.4,11630000.0
1365,336.5,11382455.602
1366,336.6,11094243.854
1367,336.7,10770000.0
1368,336.8,10414114.664
1369,336.9,10030000.0
1370,337.0,9621729.439
1371,337.1,9197000.0
1372,337.2,8763966.913
1373,337.3,8328994.651
1374,337.4,7898000.0
1375,337.5,7476948.412
1376,337.6,7072000.0
1377,337.7,6689220.522
1378,337.8,6334103.641
1379,337.9,6012000.0
1380,338.0,5727980.864
1381,338.1,5486000.0
1382,338.2,5289500.467
1383,338.3,5141000.0
1384,338.4,5042549.557
1385,338.5,4995258.314
1386,338.6,5000000.0
1387,338.7,5057263.71
1388,338.8,5166000.0
1389,338.9,5324630.54
1390,339.0,5531000.0
1391,339.1,5782529.313
1392,339.2,6075521.476
1393,339.3,6406000.0
1394,339.4,6769799.625
1395,339.5,7162000.0
1396,339.6,7577421.1
1397,339.7,8010599.282
1398,339.8,8456000.0
1399,339.9,8908047.349
1400,340.0,9361000.0
1401,340.1,9809513.957
1402,340.2,10250000.0
1403,340.3,10678871.105
1404,340.4,11090794.27
1405,340.5,11480000.0
1406,340.6,11842321.152
1407,340.7,12180000.0
1408,340.8,12496006.025
1409,340.9,12789808.113
1410,341.0,13060000.0
1411,341.1,13305934.409
1412,341.2,13530000.0
1413,341.3,13735955.006
1414,341.4,13930000.0
1415,341.5,14117879.974
1416,341.6,14301075.254
1417,341.7,14480000.0
1418,341.8,14656731.556
1419,341.9,14840000.0
1420,342.0,15037983.52
1421,342.1,15250000.0
1422,342.2,15474216.127
1423,342.3,15713054.1
1424,342.4,15970000.0
1425,342.5,16247019.918
1426,342.6,16540000.0
1427,342.7,16844107.782
1428,342.8,17157716.308
1429,342.9,17480000.0
1430,343.0,17807971.958
1431,343.1,18130000.0
1432,343.2,18434659.332
1433,343.3,18720000.0
1434,343.4,18984429.737
1435,343.5,19218312.193
1436,343.6,19410000.0
1437,343.7,19549070.514
1438,343.8,19630000.0
1439,343.9,19648459.467
1440,344.0,19600000.0
1441,344.1,19480945.701
1442,344.2,19290832.669
1443,344.3,19030000.0
1444,344.4,18699095.274
1445,344.5,18300000.0
1446,344.6,17836183.031
1447,344.7,17316228.65
1448,344.8,16750000.0
1449,344.9,16147588.666
1450,345.0,15520000.0
1451,345.1,14877939.566
1452,345.2,14230000.0
1453,345.3,13584929.021
1454,345.4,12954207.595
1455,345.5,12350000.0
1456,345.6,11783247.587
1457,345.7,11260000.0
1458,345.8,10784804.204
1459,345.9,10361088.141
1460,346.0,9992000.0
1461,346.1,9679900.44
1462,346.2,9424000.0
1463,346.3,9222410.626
1464,346.4,9072000.0
1465,346.5,8968976.339
1466,346.6,8908154.265
1467,346.7,8884000.0
1468,346.8,8890909.792
1469,346.9,8923000.0
1470,347.0,8974328.608
1471,347.1,9039000.0
1472,347.2,9111380.873
1473,347.3,9186840.783
1474,347.4,9261000.0
1475,347.5,9329741.616
1476,347.6,9390000.0
1477,347.7,9439200.207
1478,347.8,9475678.749
1479,347.9,9498000.0
1480,348.0,9504924.819
1481,348.1,9496000.0
1482,348.2,9471022.001
1483,348.3,9430000.0
1484,348.4,9373059.558
1485,348.5,9300579.037
1486,348.6,9213000.0
1487,348.7,9110849.931
1488,348.8,8995000.0
1489,348.9,8866403.684
1490,349.0,8726000.0
1491,349.1,8574861.435
1492,349.2,8414608.802
1493,349.3,8247000.0
1494,349.4,8073949.741
1495,349.5,7898000.0
1496,349.6,7721970.243
1497,349.7,7549162.631
1498,349.8,7383000.0
1499,349.9,7227117.558
1500,350.0,7086000.0
1501,350.1,6964238.416
1502,350.2,6866000.0
1503,350.3,6795418.715
1504,350.4,6756919.49
1505,350.5,6755000.0
1506,350.6,6793921.553
1507,350.7,6877000.0
1508,350.8,7007130.696
1509,350.9,7186472.466
1510,351.0,7417000.0
1511,351.1,7700249.099
1512,351.2,8036000.0
1513,351.3,8423672.475
1514,351.4,8863000.0
1515,351.5,9353089.592
1516,351.6,9890228.728
1517,351.7,10470000.0
1518,351.8,11088014.835
1519,351.9,11740000.0
1520,352.0,12421848.132
1521,352.1,13130000.0
1522,352.2,13860364.664
1523,352.3,14606176.214
1524,352.4,15360000.0
1525,352.5,16115408.161
1526,352.6,16870000.0
1527,352.7,17621828.332
1528,352.8,18366732.857
1529,352.9,19100000.0
1530,353.0,19817820.204
1531,353.1,20520000.0
1532,353.2,21207214.869
1533,353.3,21880000.0
1534,353.4,22539345.209
1535,353.5,23188199.106
1536,353.6,23830000.0
1537,353.7,24468661.698
1538,353.8,25110000.0
1539,353.9,25760822.251
1540,354.0,26430000.0
1541,354.1,27126493.354
1542,354.2,27857552.466
1543,354.3,28630000.0
1544,354.4,29451114.746
1545,354.5,30330000.0
1546,354.6,31275886.551
1547,354.7,32296690.67
1548,354.8,33400000.0
1549,354.9,34592841.574
1550,355.0,35880000.0
1551,355.1,37265178.853
1552,355.2,38750000.0
1553,355.3,40335071.117
1554,355.4,42019024.83
1555,355.5,43800000.0
1556,355.6,45675439.219
1557,355.7,47640000.0
1558,355.8,49686605.652
1559,355.9,51804027.766
1560,356.0,53980000.0
1561,356.1,56202439.83
1562,356.2,58460000.0
1563,356.3,60739538.618
1564,356.4,63020000.0
1565,356.5,65278847.071
1566,356.6,67495530.996
1567,356.7,69650000.0
1568,356.8,71721941.538
1569,356.9,73690000.0
1570,357.0,75531558.734
1571,357.1,77220000.0
1572,357.2,78729171.013
1573,357.3,80038779.896
1574,357.4,81130000.0
1575,357.5,81985008.767
1576,357.6,82590000.0
1577,357.7,82933399.467
1578,357.8,83008544.424
1579,357.9,82810000.0
1580,358.0,82334818.383
1581,358.1,81590000.0
1582,358.2,80586356.976
1583,358.3,79340000.0
1584,358.4,77870253.342
1585,358.5,76203997.022
1586,358.6,74370000.0
1587,358.7,72399048.775
1588,358.8,70330000.0
1589,358.9,68202339.546
1590,359.0,66050000.0
1591,359.1,63906623.799
1592,359.2,61810246.043
1593,359.3,59800000.0
1594,359.4,57911964.422
1595,359.5,56170000.0
1596,359.6,54594224.189
1597,359.7,53201999.569
1598,359.8,52010000.0
1599,359.9,51031977.911
1600,360.0,50270000.0
1601,360.1,49721866.813
1602,360.2,49380000.0
1603,360.3,49234262.895
1604,360.4,49269664.444
1605,360.5,49470000.0
1606,360.6,49817733.096
1607,360.7,50290000.0
1608,360.8,50863270.049
1609,360.9,51516672.126
1610,361.0,52230000.0
1611,361.1,52983596.413
1612,361.2,53760000.0
1613,361.3,54541850.977
1614,361.4,55310000.0
1615,361.5,56046840.406
1616,361.6,56742725.834
1617,361.7,57390000.0
1618,361.8,57981245.442
1619,361.9,58510000.0
1620,362.0,58970647.449
1621,362.1,59360000.0
1622,362.2,59675681.365
1623,362.3,59916132.812
1624,362.4,60080000.0
1625,362.5,60166858.057
1626,362.6,60180000.0
1627,362.7,60122931.499
1628,362.8,59996290.967
1629,362.9,59800000.0
1630,363.0,59534211.051
1631,363.1,59200000.0
1632,363.2,58798481.267
1633,363.3,58330000.0
1634,363.4,57794549.428
1635,363.5,57191484.36
1636,363.6,56520000.0
1637,363.7,55779472.275
1638,363.8,54970000.0
1639,363.9,54091195.22
1640,364.0,53140000.0
1641,364.1,52113621.6
1642,364.2,51012998.033
1643,364.3,49840000.0
1644,364.4,48595952.785
1645,364.5,47280000.0
1646,364.6,45891973.537
1647,364.7,44436640.077
1648,364.8,42920000.0
1649,364.9,41348453.497
1650,365.0,39730000.0
1651,365.1,38073542.629
1652,365.2,36390000.0
1653,365.3,34691495.143
1654,365.4,32992953.237
1655,365.5,31310000.0
1656,365.6,29657840.849
1657,365.7,28050000.0
1658,365.8,26500195.205
1659,365.9,25024599.56
1660,366.0,23640000.0
1661,366.1,22363066.349
1662,366.2,21210000.0
1663,366.3,20196909.443
1664,366.4,19340000.0
1665,366.5,18655180.693
1666,366.6,18157078.527
1667,366.7,17860000.0
1668,366.8,17779984.13
1669,366.9,17940000.0
1670,367.0,18363632.541
1671,367.1,19070000.0
1672,367.2,20079862.191
1673,367.3,21425011.862
1674,367.4,23140000.0
1675,367.5,25259665.636
1676,367.6,27820000.0
1677,367.7,30858845.027
1678,367.8,34420293.285
1679,367.9,38550000.0
1680,368.0,43292769.183
1681,368.1,48689999.999
1682,368.2,54782235.607
1683,368.3,61609999.999
1684,368.4,69208565.788
1685,368.5,77592219.232
1686,368.6,86769999.999
1687,368.7,96745434.986
1688,368.8,107499999.999
1689,368.9,119003361.542
1690,369.0,131199999.999
1691,369.1,144023231.985
1692,369.2,157386905.174
1693,369.3,171199999.999
1694,369.4,185357699.858
1695,369.5,199699999.999
1696,369.6,214056932.548
1697,369.7,228273865.309
1698,369.8,242199999.999
1699,369.9,255687453.082
1700,370.0,268599999.999
1701,370.1,280808438.924
1702,370.2,292199999.999
1703,370.3,302677621.451
1704,370.4,312190641.885
1705,370.5,320699999.999
1706,370.6,328185198.986
1707,370.7,334699999.999
1708,370.8,340329866.774
1709,370.9,345212815.387
1710,371.0,349500000.0
1711,371.1,353356113.041
1712,371.2,357000000.0
1713,371.3,360666465.793
1714,371.4,364600000.0
1715,371.5,369041138.528
1716,371.6,374204917.948
1717,371.7,380299999.999
1718,371.8,387520206.55
1719,371.9,395999999.999
1720,372.0,405844398.163
1721,372.1,417099999.999
1722,372.2,429774578.638
1723,372.3,443779022.777
1724,372.4,458999999.998
1725,372.5,475294399.885
1726,372.6,492399999.998
1727,372.7,510015022.22
1728,372.8,527798577.722
1729,372.9,545399999.998
1730,373.0,562461900.187
1731,373.1,578599999.998
1732,373.2,593418199.298
1733,373.3,606499999.999
1734,373.4,617453025.46
1735,373.5,626001782.781
1736,373.6,631900000.0
1737,373.7,634918939.367
1738,373.8,634900000.0
1739,373.9,631729087.933
1740,374.0,625400000.001
1741,374.1,615956788.095
1742,374.2,603536633.537
1743,374.3,588300000.002
1744,374.4,570429957.328
1745,374.5,550200000.002
1746,374.6,527916908.426
1747,374.7,503930182.031
1748,374.8,478600000.003
1749,374.9,452280293.305
1750,375.0,425300000.003
1751,375.1,397988258.319
1752,375.2,370700000.003
1753,375.3,343771052.347
1754,375.4,317435031.307
1755,375.5,291900000.003
1756,375.6,267365876.669
1757,375.7,244000000.002
1758,375.8,221942904.996
1759,375.9,201260491.364
1760,376.0,182000000.002
1761,376.1,164191953.347
1762,376.2,147800000.002
1763,376.3,132777058.382
1764,376.4,119100000.001
1765,376.5,106738250.491
1766,376.6,95607498.87
1767,376.7,85610000.001
1768,376.8,76651286.251
1769,376.9,68650000.001
1770,377.0,61527137.442
1771,377.1,55200000.001
1772,377.2,49588420.383
1773,377.3,44626051.192
1774,377.4,40250000.0
1775,377.5,36399214.144
1776,377.6,33020000.0
1777,377.7,30063346.327
1778,377.8,27491612.371
1779,377.9,25270000.0
1780,378.0,23365217.647
1781,378.1,21750000.0
1782,378.2,20400435.334
1783,378.3,19300000.0
1784,378.4,18433769.084
1785,378.5,17785824.531
1786,378.6,17340000.0
1787,378.7,17081373.445
1788,378.8,17000000.0
1789,378.9,17087902.825
1790,379.0,17340000.0
1791,379.1,17751271.271
1792,379.2,18314048.129
1793,379.3,19020000.0
1794,379.4,19862283.0
1795,379.5,20840000.0
1796,379.6,21952938.687
1797,379.7,23197679.249
1798,379.8,24570000.0
1799,379.9,26065617.338
1800,380.0,27680000.0
1801,380.1,29408968.733
1802,380.2,31250000.0
1803,380.3,33199340.748
1804,380.4,35246664.165
1805,380.5,37380000.0
1806,380.6,39587774.511
1807,380.7,41860000.0
1808,380.8,44185327.115
1809,380.9,46545373.842
1810,381.0,48920000.0
1811,381.1,51288761.673
1812,381.2,53630000.0
1813,381.3,55921495.356
1814,381.4,58140000.0
1815,381.5,60262286.125
1816,381.6,62266233.785
1817,381.7,64130000.0
1818,381.8,65831789.767
1819,381.9,67350000.0
1820,382.0,68664392.913
1821,382.1,69760000.0
1822,382.2,70624740.649
1823,382.3,71252816.558
1824,382.4,71640000.0
1825,382.5,71782715.926
1826,382.6,71680000.0
1827,382.7,71333905.582
1828,382.8,70755946.1
1829,382.9,69960000.0
1830,383.0,68959988.011
1831,383.1,67770000.0
1832,383.2,66405840.054
1833,383.3,64890000.0
1834,383.4,63245753.35
1835,383.5,61492812.601
1836,383.6,59650000.0
1837,383.7,57737381.765
1838,383.8,55780000.0
1839,383.9,53802129.508
1840,384.0,51820000.0
1841,384.1,49847820.96
1842,384.2,47899766.056
1843,384.3,45990000.0
1844,384.4,44132438.346
1845,384.5,42340000.0
1846,384.6,40623868.697
1847,384.7,38989284.135
1848,384.8,37440000.0
1849,384.9,35979476.51
1850,385.0,34610000.0
1851,385.1,33333293.413
1852,385.2,32150000.0
1853,385.3,31059591.903
1854,385.4,30057936.505
1855,385.5,29140000.0
1856,385.6,28301355.026
1857,385.7,27540000.0
1858,385.8,26853587.07
1859,385.9,26235957.539
1860,386.0,25680000.0
1861,386.1,25179271.137
1862,386.2,24730000.0
1863,386.3,24328656.297
1864,386.4,23970000.0
1865,386.5,23648605.093
1866,386.6,23360011.352
1867,386.7,23100000.0
1868,386.8,22865746.092
1869,386.9,22660000.0
1870,387.0,22485579.918
1871,387.1,22340000.0
1872,387.2,22222108.292
1873,387.3,22141392.443
1874,387.4,22110000.0
1875,387.5,22142106.572
1876,387.6,22260000.0
1877,387.7,22492382.836
1878,387.8,22885504.234
1879,387.9,23490000.0
1880,388.0,24367048.708
1881,388.1,25620000.0
1882,388.2,27369098.789
1883,388.3,29760000.0
1884,388.4,32970503.934
1885,388.5,37281582.38
1886,388.6,42999999.999
1887,388.7,50468032.527
1888,388.8,60169999.999
1889,388.9,72660100.499
1890,389.0,88629999.998
1891,389.1,108873182.479
1892,389.2,134452936.084
1893,389.3,166499999.996
1894,389.4,206242736.464
1895,389.5,255299999.994
1896,389.6,315476278.206
1897,389.7,388928098.917
1898,389.8,477899999.989
1899,389.9,584776244.952
1900,390.0,712499999.985
1901,390.1,864176455.974
1902,390.2,1042999999.979
1903,390.3,1252279169.172
1904,390.4,1495689904.997
1905,390.5,1776999999.967
1906,390.6,2099928566.916
1907,390.7,2467999999.957
1908,390.8,2884585249.081
1909,390.9,3352636206.489
1910,391.0,3874999999.94
1911,391.1,4454141931.433
1912,391.2,5090999999.928
1913,391.3,5785994223.525
1914,391.4,6538999999.915
1915,391.5,7348998087.547
1916,391.6,8211935308.298
1917,391.7,9122999999.899
1918,391.8,10077347356.746
1919,391.9,11069999999.89
1920,392.0,12094675025.039
1921,392.1,13139999999.885
1922,392.2,14193573573.835
1923,392.3,15243968251.169
1924,392.4,16279999999.888
1925,392.5,17289954965.043
1926,392.6,18259999999.896
1927,392.7,19176251918.992
1928,392.8,20026746673.776
1929,392.9,20799999999.92
1930,393.0,21484671969.467
1931,393.1,22069999999.941
1932,393.2,22546596937.829
1933,393.3,22909999999.966
1934,393.4,23157394939.258
1935,393.5,23287637282.51
1936,393.6,23300000000.005
1937,393.7,23195233757.172
1938,393.8,22980000000.03
1939,393.9,22662352056.316
1940,394.0,22250000000.05
1941,394.1,21751643582.126
1942,394.2,21180284514.659
1943,394.3,20550000000.073
1944,394.4,19874996810.894
1945,394.5,19170000000.079
1946,394.6,18449731077.047
1947,394.7,17728379096.645
1948,394.8,17020000000.077
1949,394.9,16337601700.65
1950,395.0,15690000000.07
1951,395.1,15084930485.817
1952,395.2,14530000000.058
1953,395.3,14031976188.557
1954,395.4,13594398656.76
1955,395.5,13220000000.038
1956,395.6,12910054102.101
1957,395.7,12660000000.025
1958,395.8,12463855362.812
1959,395.9,12315787233.823
1960,396.0,12210000000.01
1961,396.1,12140437327.608
1962,396.2,12100000000.003
1963,396.3,12080445376.135
1964,396.4,12070000000.001
1965,396.5,12057238905.917
1966,396.6,12035661904.397
1967,396.7,12000000000.005
1968,396.8,11944316009.7
1969,396.9,11860000000.011
1970,397.0,11739228920.092
1971,397.1,11580000000.02
1972,397.2,11381540014.108
1973,397.3,11142173632.673
1974,397.4,10860000000.034
1975,397.5,10534414815.713
1976,397.6,10170000000.043
1977,397.7,9772205787.07
1978,397.8,9344769444.876
1979,397.9,8891000000.052
1980,398.0,8414744240.586
1981,398.1,7922000000.056
1982,398.2,7419029316.482
1983,398.3,6911000000.058
1984,398.4,6402824719.352
1985,398.5,5899489804.272
1986,398.6,5406000000.055
1987,398.7,4927038213.801
1988,398.8,4466000000.051
1989,398.9,4025835430.754
1990,399.0,3609000000.046
1991,399.1,3217574185.894
1992,399.2,2852632979.421
1993,399.3,2515000000.037
1994,399.4,2205254717.133
1995,399.5,1923000000.031
1996,399.6,1667529144.456
1997,399.7,1437873751.837
1998,399.8,1233000000.022
1999,399.9,1051728800.589
2000,400.0,892300000.017
2001,400.1,752852188.979
2002,400.2,631700000.013
2003,400.3,527198239.251
2004,400.4,437686365.328
2005,400.5,361500000.008
2006,400.6,297018979.775
2007,400.7,242800000.006
2008,400.8,197491215.077
2009,400.9,159929756.484
2010,401.0,129000000.003
2011,401.1,103638434.349
2012,401.2,82990000.002
2013,401.3,66281658.019
2014,401.4,52860000.001
2015,401.5,42137076.22
2016,401.6,33667141.076
2017,401.7,27040000.001
2018,401.8,21873793.204
2019,401.9,17900000.0
2020,402.0,14888570.639
2021,402.1,12650000.0
2022,402.2,11018557.981
2023,402.3,9883069.917
2024,402.4,9146000.0
2025,402.5,8717191.002
2026,402.6,8536000.0
2027,402.7,8552811.113
2028,402.8,8732602.304
2029,402.9,9044000.0
2030,403.0,9458115.55
2031,403.1,9956000.0
2032,403.2,10521536.885
2033,403.3,11140000.0
2034,403.4,11798152.915
2035,403.5,12487328.041
2036,403.6,13200000.0
2037,403.7,13927926.799
2038,403.8,14660000.0
2039,403.9,15385733.875
2040,404.0,16100000.0
2041,404.1,16798412.947
2042,404.2,17474201.972
2043,404.3,18120000.0
2044,404.4,18729420.61
2045,404.5,19300000.0
2046,404.6,19830112.08
2047,404.7,20317559.008
2048,404.8,20760000.0
2049,404.9,21155031.644
2050,405.0,21500000.0
2051,405.1,21793578.428
2052,405.2,22040000.0
2053,405.3,22243682.028
2054,405.4,22404219.072
2055,405.5,22520000.0
2056,405.6,22590557.559
2057,405.7,22620000.0
2058,405.8,22612684.713
2059,405.9,22569390.143
2060,406.0,22490000.0
2061,406.1,22375339.514
2062,406.2,22230000.0
2063,406.3,22058337.389
2064,406.4,21860000.0
2065,406.5,21634212.83
2066,406.6,21383215.198
2067,406.7,21110000.0
2068,406.8,20817699.073
2069,406.9,20510000.0
2070,407.0,20190265.114
2071,407.1,19860000.0
2072,407.2,19521118.75
2073,407.3,19179026.231
2074,407.4,18840000.0
2075,407.5,18509535.537
2076,407.6,18190000.0
2077,407.7,17883985.217
2078,407.8,17598110.021
2079,407.9,17340000.0
2080,408.0,17116333.511
2081,408.1,16930000.0
2082,408.2,16783304.088
2083,408.3,16680000.0
2084,408.4,16623774.552
2085,408.5,16616595.303
2086,408.6,16660000.0
2087,408.7,16754937.361
2088,408.8,16900000.0
2089,408.9,17092877.071
2090,409.0,17330000.0
2091,409.1,17607559.341
2092,409.2,17922039.889
2093,409.3,18270000.0
2094,409.4,18646423.987
2095,409.5,19040000.0
2096,409.6,19439146.542
2097,409.7,19837499.711
2098,409.8,20230000.0
2099,409.9,20610687.414
2100,410.0,20970000.0
2101,410.1,21298393.95
2102,410.2,21590000.0
2103,410.3,21839327.354
2104,410.4,22038724.56
2105,410.5,22180000.0
2106,410.6,22256784.668
2107,410.7,22270000.0
2108,410.8,22221439.288
2109,410.9,22109092.788
2110,411.0,21930000.0
2111,411.1,21682483.729
2112,411.2,21370000.0
2113,411.3,20997402.208
2114,411.4,20570000.0
2115,411.5,20093468.789
2116,411.6,19574490.809
2117,411.7,19020000.0
2118,411.8,18436653.345
2119,411.9,17830000.0
2120,412.0,17205579.411
2121,412.1,16570000.0
2122,412.2,15930320.194
2123,412.3,15294329.455
2124,412.4,14670000.0
2125,412.5,14064277.322
2126,412.6,13480000.0
2127,412.7,12919203.638
2128,412.8,12384818.849
2129,412.9,11880000.0
2130,413.0,11407691.758
2131,413.1,10970000.0
2132,413.2,10568064.573
2133,413.3,10200000.0
2134,413.4,9863363.978
2135,413.5,9556512.234
2136,413.6,9278000.0
2137,413.7,9026105.634
2138,413.8,8798000.0
2139,413.9,8590610.726
2140,414.0,8401000.0
2141,414.1,8226234.118
2142,414.2,8063261.242
2143,414.3,7909000.0
2144,414.4,7760583.154
2145,414.5,7616000.0
2146,414.6,7473480.374
2147,414.7,7331359.748
2148,414.8,7188000.0
2149,414.9,7042011.678
2150,415.0,6893000.0
2151,415.1,6740778.588
2152,415.2,6585000.0
2153,415.3,6425556.376
2154,415.4,6263459.249
2155,415.5,6100000.0
2156,415.6,5936449.928
2157,415.7,5774000.0
2158,415.8,5613933.697
2159,415.9,5457984.879
2160,416.0,5308000.0
2161,416.1,5165912.029
2162,416.2,5034000.0
2163,416.3,4914483.715
2164,416.4,4809000.0
2165,416.5,4719126.784
2166,416.6,4646789.393
2167,416.7,4594000.0
2168,416.8,4562631.541
2169,416.9,4554000.0
2170,417.0,4569325.293
2171,417.1,4610000.0
2172,417.2,4677442.164
2173,417.3,4772998.995
2174,417.4,4898000.0
2175,417.5,5053818.114
2176,417.6,5242000.0
2177,417.7,5464334.669
2178,417.8,5723406.803
2179,417.9,6022000.0
2180,418.0,6363162.362
2181,418.1,6751000.0
2182,418.2,7190235.583
2183,418.3,7687000.0
2184,418.4,8248468.946
2185,418.5,8884589.127
2186,418.6,9606000.0
2187,418.7,10423684.566
2188,418.8,11350000.0
2189,418.9,12398981.226
2190,419.0,13590000.0
2191,419.1,14944045.942
2192,419.2,16483243.305
2193,419.3,18230000.0
2194,419.4,20207246.059
2195,419.5,22440000.0
2196,419.6,24953924.111
2197,419.7,27775167.269
2198,419.8,30930000.0
2199,419.9,34444003.292
2200,420.0,38339999.999
2201,420.1,42639310.074
2202,420.2,47359999.999
2203,420.3,52516253.263
2204,420.4,58109974.822
2205,420.5,64139999.999
2206,420.6,70603376.307
2207,420.7,77489999.999
2208,420.8,84781666.933
2209,420.9,92434922.623
2210,421.0,100399999.999
2211,421.1,108631313.05
2212,421.2,117099999.999
2213,421.3,125762533.539
2214,421.4,134499999.999
2215,421.5,143186328.217
2216,421.6,151742203.436
2217,421.7,160099999.999
2218,421.8,168185735.433
2219,421.9,175899999.999
2220,422.0,183138145.854
2221,422.1,189799999.999
2222,422.2,195788831.504
2223,422.3,201017202.881
2224,422.4,205400000.0
2225,422.5,208866056.863
2226,422.6,211400000.0
2227,422.7,212993185.788
2228,422.8,213608097.469
2229,422.9,213200000.0
2230,423.0,211744678.658
2231,423.1,209300000.0
2232,423.2,205937336.124
2233,423.3,201700000.001
2234,423.4,196631588.336
2235,423.5,190804891.906
2236,423.6,184300000.001
2237,423.7,177200003.547
2238,423.8,169600000.001
2239,423.9,161599042.454
2240,424.0,153300000.001
2241,424.1,144804747.806
2242,424.2,136207369.305
2243,424.3,127600000.001
2244,424.4,119071796.523
2245,424.5,110700000.001
2246,424.6,102556069.925
2247,424.7,94700254.71
2248,424.8,87190000.001
2249,424.9,80077007.11
2250,425.0,73390000.001
2251,425.1,67151225.598
2252,425.2,61380000.001
2253,425.3,56090926.973
2254,425.4,51282691.766
2255,425.5,46950000.001
2256,425.6,43086298.638
2257,425.7,39680000.0
2258,425.8,36716144.527
2259,425.9,34171319.756
2260,426.0,32020000.0
2261,426.1,30237187.975
2262,426.2,28800000.0
2263,426.3,27685696.41
2264,426.4,26870000.0
2265,426.5,26328695.923
2266,426.6,26039356.301
2267,426.7,25980000.0
2268,426.8,26129481.783
2269,426.9,26470000.0
2270,427.0,26985053.557
2271,427.1,27660000.0
2272,427.2,28481312.693
2273,427.3,29438069.638
2274,427.4,30520000.0
2275,427.5,31717045.737
2276,427.6,33020000.0
2277,427.7,34420077.126
2278,427.8,35909325.026
2279,427.9,37480000.0
2280,428.0,39125026.303
2281,428.1,40840000.0
2282,428.2,42619329.403
2283,428.3,44450000.0
2284,428.4,46318572.802
2285,428.5,48217333.746
2286,428.6,50140000.0
2287,428.7,52078799.093
2288,428.8,54020000.0
2289,428.9,55948541.483
2290,429.0,57850000.0
2291,429.1,59710139.709
2292,429.2,61514837.866
2293,429.3,63250000.0
2294,429.4,64900864.351
2295,429.5,66450000.0
2296,429.6,67880195.675
2297,429.7,69177787.865
2298,429.8,70330000.0
2299,429.9,71324408.28
2300,430.0,72150000.0
2301,430.1,72795853.474
2302,430.2,73250000.0
2303,430.3,73502435.295
2304,430.4,73552059.768
2305,430.5,73400000.0
2306,430.6,73046715.815
2307,430.7,72490000.0
2308,430.8,71729181.435
2309,430.9,70772400.393
2310,431.0,69630000.0
2311,431.1,68312359.173
2312,431.2,66830000.0
2313,431.3,65194310.597
2314,431.4,63420000.0
2315,431.5,61522580.303
2316,431.6,59517454.897
2317,431.7,57420000.0
2318,431.8,55245641.004
2319,431.9,53010000.0
2320,432.0,50729053.625
2321,432.1,48420000.0
2322,432.2,46099630.377
2323,432.3,43781887.032
2324,432.4,41480000.0
2325,432.5,39206359.939
2326,432.6,36970000.0
2327,432.7,34779612.529
2328,432.8,32645884.137
2329,432.9,30580000.0
2330,433.0,28591082.147
2331,433.1,26680000.0
2332,433.2,24847238.841
2333,433.3,23100000.0
2334,433.4,21445674.158
2335,433.5,19885693.362
2336,433.6,18420000.0
2337,433.7,17048380.819
2338,433.8,15770000.0
2339,433.9,14583992.634
2340,434.0,13490000.0
2341,434.1,12487131.082
2342,434.2,11571859.493
2343,434.3,10740000.0
2344,434.4,9987770.326
2345,434.5,9313000.0
2346,434.6,8713559.656
2347,434.7,8185872.528
2348,434.8,7726000.0
2349,434.9,7330135.421
2350,435.0,6995000.0
2351,435.1,6717405.746
2352,435.2,6494000.0
2353,435.3,6321537.988
2354,435.4,6197371.155
2355,435.5,6119000.0
2356,435.6,6083969.182
2357,435.7,6090000.0
2358,435.8,6134964.696
2359,435.9,6217162.644
2360,436.0,6335000.0
2361,436.1,6486855.724
2362,436.2,6671000.0
2363,436.3,6885660.045
2364,436.4,7129000.0
2365,436.5,7399146.642
2366,436.6,7694140.373
2367,436.7,8012000.0
2368,436.8,8350570.309
2369,436.9,8707000.0
2370,437.0,9078346.722
2371,437.1,9462000.0
2372,437.2,9855005.508
2373,437.3,10252701.647
2374,437.4,10650000.0
2375,437.5,11042680.941
2376,437.6,11430000.0
2377,437.7,11810932.273
2378,437.8,12179855.951
2379,437.9,12530000.0
2380,438.0,12856235.251
2381,438.1,13160000.0
2382,438.2,13442819.58
2383,438.3,13700000.0
2384,438.4,13926580.656
2385,438.5,14122753.825
2386,438.6,14290000.0
2387,438.7,14429345.509
2388,438.8,14540000.0
2389,438.9,14621936.723
2390,439.0,14680000.0
2391,439.1,14719823.401
2392,439.2,14745326.412
2393,439.3,14760000.0
2394,439.4,14767232.285
2395,439.5,14770000.0
2396,439.6,14771908.344
2397,439.7,14779487.759
2398,439.8,14800000.0
2399,439.9,14839598.073
2400,440.0,14900000.0
2401,440.1,14983608.492
2402,440.2,15100000.0
2403,440.3,15258708.431
2404,440.4,15461923.765
2405,440.5,15710000.0
2406,440.6,16004272.239
2407,440.7,16350000.0
2408,440.8,16752374.917
2409,440.9,17212392.682
2410,441.0,17730000.0
2411,441.1,18305422.311
2412,441.2,18940000.0
2413,441.3,19634964.938
2414,441.4,20390000.0
2415,441.5,21203716.288
2416,441.6,22071986.798
2417,441.7,22990000.0
2418,441.8,23953443.319
2419,441.9,24960000.0
2420,442.0,26007204.462
2421,442.1,27090000.0
2422,442.2,28202501.08
2423,442.3,29338097.997
2424,442.4,30490000.0
2425,442.5,31651971.806
2426,442.6,32820000.0
2427,442.7,33990039.841
2428,442.8,35155699.411
2429,442.9,36310000.0
2430,443.0,37446386.723
2431,443.1,38560000.0
2432,443.2,39646258.677
2433,443.3,40700000.0
2434,443.4,41715803.283
2435,443.5,42687797.726
2436,443.6,43610000.0
2437,443.7,44477539.935
2438,443.8,45290000.0
2439,443.9,46046517.943
2440,444.0,46740000.0
2441,444.1,47362693.994
2442,444.2,47910445.61
2443,444.3,48380000.0
2444,444.4,48767915.102
2445,444.5,49070000.0
2446,444.6,49281969.447
2447,444.7,49399909.726
2448,444.8,49420000.0
2449,444.9,49338251.034
2450,445.0,49150000.0
2451,445.1,48851082.317
2452,445.2,48440000.0
2453,445.3,47916090.162
2454,445.4,47279363.709
2455,445.5,46530000.0
2456,445.6,45668918.611
2457,445.7,44700000.0
2458,445.8,43627774.933
2459,445.9,42456414.531
2460,446.0,41190000.0
2461,446.1,39834070.877
2462,446.2,38400000.0
2463,446.3,36899523.831
2464,446.4,35340000.0
2465,446.5,33728810.996
2466,446.6,32077817.561
2467,446.7,30400000.0
2468,446.8,28707611.903
2469,446.9,27010000.0
2470,447.0,25316586.202
2471,447.1,23640000.0
2472,447.2,21992727.568
2473,447.3,20383474.206
2474,447.4,18820000.0
2475,447.5,17309886.361
2476,447.6,15860000.0
2477,447.7,14476340.625
2478,447.8,13162154.611
2479,447.9,11920000.0
2480,448.0,10752432.691
2481,448.1,9662000.0
2482,448.2,8650532.203
2483,448.3,7717000.0
2484,448.4,6859637.901
2485,448.5,6076595.227
2486,448.6,5366000.0
2487,448.7,4725647.246
2488,448.8,4152000.0
2489,448.9,3641270.525
2490,449.0,3190000.0
2491,449.1,2794731.231
2492,449.2,2451684.627
2493,449.3,2157000.0
2494,449.4,1906907.67
2495,449.5,1698000.0
2496,449.6,1526988.986
2497,449.7,1390703.115
2498,449.8,1286000.0
2499,449.9,1209890.692
2500,450.0,1160000.0
2501,450.1,1134107.741
2502,450.2,1130000.0
2503,450.3,1145528.857
2504,450.4,1178804.113
2505,450.5,1228000.0
2506,450.6,1291309.425
2507,450.7,1367000.0
2508,450.8,1453423.883
2509,450.9,1549196.713
2510,451.0,1653000.0
2511,451.1,1763462.256
2512,451.2,1879000.0
2513,451.3,1998007.249
2514,451.4,2119000.0
2515,451.5,2240511.552
2516,451.6,2361022.438
2517,451.7,2479000.0
2518,451.8,2593008.514
2519,451.9,2702000.0
2520,452.0,2804882.45
2521,452.1,2900000.0
2522,452.2,2985748.601
2523,452.3,3061295.32
2524,452.4,3126000.0
2525,452.5,3179182.158
2526,452.6,3220000.0
2527,452.7,3247777.092
2528,452.8,3262659.755
2529,452.9,3265000.0
2530,453.0,3255092.177
2531,453.1,3233000.0
2532,453.2,3198943.672
2533,453.3,3154000.0
2534,453.4,3099469.035
2535,453.5,3036687.198
2536,453.6,2967000.0
2537,453.7,2891841.507
2538,453.8,2813000.0
2539,453.9,2732380.402
2540,454.0,2652000.0
2541,454.1,2573913.513
2542,454.2,2500213.034
2543,454.3,2433000.0
2544,454.4,2374445.595
2545,454.5,2327000.0
2546,454.6,2293052.946
2547,454.7,2274473.367
2548,454.8,2273000.0
2549,454.9,2290455.724
2550,455.0,2329000.0
2551,455.1,2390710.354
2552,455.2,2477000.0
2553,455.3,2589048.813
2554,455.4,2727767.623
2555,455.5,2894000.0
2556,455.6,3088542.046
2557,455.7,3312000.0
2558,455.8,3564693.485
2559,455.9,3845985.526
2560,456.0,4155000.0
2561,456.1,4490774.314
2562,456.2,4852000.0
2563,456.3,5237128.902
2564,456.4,5644000.0
2565,456.5,6070116.681
2566,456.6,6512252.84
2567,456.7,6967000.0
2568,456.8,7430863.006
2569,456.9,7900000.0
2570,457.0,8370309.722
2571,457.1,8837000.0
2572,457.2,9295265.003
2573,457.3,9740935.168
2574,457.4,10170000.0
2575,457.5,10578165.043
2576,457.6,10960000.0
2577,457.7,11310146.842
2578,457.8,11624672.467
2579,457.9,11900000.0
2580,458.0,12132708.406
2581,458.1,12320000.0
2582,458.2,12459512.263
2583,458.3,12550000.0
2584,458.4,12590584.109
2585,458.5,12580732.538
2586,458.6,12520000.0
2587,458.7,12408677.347
2588,458.8,12250000.0
2589,458.9,12047131.086
2590,459.0,11800000.0
2591,459.1,11508681.655
2592,459.2,11177066.767
2593,459.3,10810000.0
2594,459.4,10412339.834
2595,459.5,9989000.0
2596,459.6,9544753.303
2597,459.7,9083753.597
2598,459.8,8610000.0
2599,459.9,8127588.178
2600,460.0,7641000.0
2601,460.1,7154612.854
2602,460.2,6672000.0
2603,460.3,6196477.019
2604,460.4,5731132.903
2605,460.5,5279000.0
2606,460.6,4842923.503
2607,460.7,4425000.0
2608,460.8,4026944.785
2609,460.9,3649696.588
2610,461.0,3294000.0
2611,461.1,2960569.609
2612,461.2,2650000.0
2613,461.3,2362643.075
2614,461.4,2098000.0
2615,461.5,1855350.418
2616,461.6,1633938.606
2617,461.7,1433000.0
2618,461.8,1251709.517
2619,461.9,1089000.0
2620,462.0,943704.627
2621,462.1,814500.0
2622,462.2,700060.421
2623,462.3,599207.578
2624,462.4,510800.0
2625,462.5,433701.874
2626,462.6,366800.0
2627,462.7,309012.889
2628,462.8,259363.287
2629,462.9,216900.0
2630,463.0,180718.384
2631,463.1,150100.0
2632,463.2,124377.287
2633,463.3,102900.0
2634,463.4,85058.462
2635,463.5,70387.955
2636,463.6,58460.0
2637,463.7,48871.39
2638,463.8,41320.0
2639,463.9,35538.793
2640,464.0,31300.0
2641,464.1,28403.498
2642,464.2,26720.487
2643,464.3,26140.0
2644,464.4,26561.978
2645,464.5,27930.0
2646,464.6,30206.139
2647,464.7,33382.808
2648,464.8,37460.0
2649,464.9,42443.22
2650,465.0,48360.0
2651,465.1,55245.08
2652,465.2,63140.0
2653,465.3,72089.25
2654,465.4,82142.332
2655,465.5,93350.0
2656,465.6,105758.994
2657,465.7,119400.0
2658,465.8,134300.362
2659,465.9,150490.123
2660,466.0,168000.0
2661,466.1,186847.839
2662,466.2,207000.0
2663,466.3,228406.066
2664,466.4,251000.0
2665,466.5,274707.803
2666,466.6,299439.235
2667,466.7,325100.0
2668,466.8,351579.258
2669,466.9,378700.0
2670,467.0,406269.71
2671,467.1,434100.0
2672,467.2,461993.115
2673,467.3,489709.699
2674,467.4,517000.0
2675,467.5,543613.921
2676,467.6,569300.0
2677,467.7,593807.429
2678,467.8,616889.375
2679,467.9,638300.0
2680,468.0,657802.973
2681,468.1,675200.0
2682,468.2,690299.661
2683,468.3,702900.0
2684,468.4,712820.162
2685,468.5,719974.225
2686,468.6,724300.0
2687,468.7,725745.556
2688,468.8,724300.0
2689,468.9,719971.071
2690,469.0,712800.0
2691,469.1,702853.8
2692,469.2,690269.116
2693,469.3,675200.0
2694,469.4,657809.918
2695,469.5,638300.0
2696,469.6,616886.097
2697,469.7,593805.298
2698,469.8,569300.0
2699,469.9,543614.414
2700,470.0,517000.0
2701,470.1,489710.308
2702,470.2,462000.0
2703,470.3,434116.801
2704,470.4,406279.582
2705,470.5,378700.0
2706,470.6,351582.166
2707,470.7,325100.0
2708,470.8,299411.31
2709,470.9,274639.648
2710,471.0,250900.0
2711,471.1,228297.766
2712,471.2,206900.0
2713,471.3,186758.201
2714,471.4,167900.0
2715,471.5,150341.739
2716,471.6,134078.489
2717,471.7,119100.0
2718,471.8,105386.485
2719,471.9,92880.0
2720,472.0,81517.037
2721,472.1,71250.0
2722,472.2,62030.519
2723,472.3,53791.225
2724,472.4,46460.0
2725,472.5,39965.565
2726,472.6,34240.0
2727,472.7,29216.753
2728,472.8,24831.388
2729,472.9,21020.0
2730,473.0,17720.742
2731,473.1,14880.0
2732,473.2,12446.489
2733,473.3,10370.0
2734,473.4,8603.064
2735,473.5,7108.101
2736,473.6,5850.0
2737,473.7,4795.034
2738,473.8,3915.0
2739,473.9,3183.895
2740,474.0,2579.0
2741,474.1,2079.693
2742,474.2,1670.444
2743,474.3,1337.0
2744,474.4,1065.817
2745,474.5,846.2
2746,474.6,668.767
2747,474.7,526.554
2748,474.8,413.2
2749,474.9,322.778
2750,475.0,251.1
2751,475.1,194.568
2752,475.2,150.2
2753,475.3,115.377
2754,475.4,88.309
2755,475.5,67.41
2756,475.6,51.215
2757,475.7,38.73
2758,475.8,29.139
2759,475.9,21.861
2760,476.0,16.37
2761,476.1,12.191
2762,476.2,9.034
2763,476.3,6.668
2764,476.4,4.907
2765,476.5,3.59
2766,476.6,2.618
2767,476.7,1.907
2768,476.8,1.382
2769,476.9,0.997
2770,477.0,0.718
2771,477.1,0.516
2772,477.2,0.371
2773,477.3,0.269
2774,477.4,0.2
2775,477.5,0.154
2776,477.6,0.127
2777,477.7,0.116
2778,477.8,0.12
2779,477.9,0.14
2780,478.0,0.178
2781,478.1,0.237
2782,478.2,0.324
2783,478.3,0.449
2784,478.4,0.622
2785,478.5,0.867
2786,478.6,1.208
2787,478.7,1.674
2788,478.8,2.314
2789,478.9,3.188
2790,479.0,4.372
2791,479.1,5.963
2792,479.2,8.13
2793,479.3,11.06
2794,479.4,14.966
2795,479.5,20.16
2796,479.6,27.033
2797,479.7,36.198
2798,479.8,48.32
2799,479.9,64.177
2800,480.0,84.99
2801,480.1,112.163
2802,480.2,147.4
2803,480.3,192.783
2804,480.4,251.614
2805,480.5,327.5
2806,480.6,424.403
2807,480.7,547.7
2808,480.8,703.854
2809,480.9,902.249
2810,481.0,1153.0
2811,481.1,1467.343
2812,481.2,1861.0
2813,481.3,2351.737
2814,481.4,2961.0
2815,481.5,3713.43
2816,481.6,4642.76
2817,481.7,5785.0
2818,481.8,7179.627
2819,481.9,8880.0
2820,482.0,10944.785
2821,482.1,13440.0
2822,482.2,16439.918
2823,482.3,20044.469
2824,482.4,24360.0
2825,482.5,29497.934
2826,482.6,35590.0
2827,482.7,42781.186
2828,482.8,51249.217
2829,482.9,61180.0
2830,483.0,72769.012
2831,483.1,86250.0
2832,483.2,101871.135
2833,483.3,119900.0
2834,483.4,140618.017
2835,483.5,164342.563
2836,483.6,191400.0
2837,483.7,222126.816
2838,483.8,256900.0
2839,483.9,296102.424
2840,484.0,340100.0
2841,484.1,389258.833
2842,484.2,443962.747
2843,484.3,504600.0
2844,484.4,571542.904
2845,484.5,645100.0
2846,484.6,725575.648
2847,484.7,813321.257
2848,484.8,908700.0
2849,484.9,1011973.852
2850,485.0,1123000.0
2851,485.1,1241617.792
2852,485.2,1368000.0
2853,485.3,1502317.775
2854,485.4,1644402.356
2855,485.5,1794000.0
2856,485.6,1950767.028
2857,485.7,2114000.0
2858,485.8,2282958.84
2859,485.9,2457116.691
2860,486.0,2636000.0
2861,486.1,2819004.117
2862,486.2,3005000.0
2863,486.3,3192736.694
2864,486.4,3381000.0
2865,486.5,3568625.665
2866,486.6,3754612.48
2867,486.7,3938000.0
2868,486.8,4117685.856
2869,486.9,4292000.0
2870,487.0,4459347.302
2871,487.1,4619000.0
2872,487.2,4770310.831
2873,487.3,4912087.157
2874,487.4,5043000.0
2875,487.5,5161855.464
2876,487.6,5268000.0
2877,487.7,5360952.795
2878,487.8,5440383.646
2879,487.9,5506000.0
2880,488.0,5557556.929
2881,488.1,5595000.0
2882,488.2,5618382.736
2883,488.3,5628000.0
2884,488.4,5624251.03
2885,488.5,5607711.219
2886,488.6,5579000.0
2887,488.7,5538794.173
2888,488.8,5488000.0
2889,488.9,5427643.469
2890,489.0,5359000.0
2891,489.1,5283343.456
2892,489.2,5201692.03
2893,489.3,5115000.0
2894,489.4,5024307.738
2895,489.5,4931000.0
2896,489.6,4836433.103
2897,489.7,4741505.222
2898,489.8,4647000.0
2899,489.9,4553777.065
2900,490.0,4463000.0
2901,490.1,4375690.655
2902,490.2,4292000.0
2903,490.3,4211973.409
2904,490.4,4136104.746
2905,490.5,4065000.0
2906,490.6,3999076.883
2907,490.7,3938000.0
2908,490.8,3881334.198
2909,490.9,3828998.389
2910,491.0,3781000.0
2911,491.1,3737215.811
2912,491.2,3697000.0
2913,491.3,3659680.144
2914,491.4,3625000.0
2915,491.5,3592760.118
2916,491.6,3562572.027
2917,491.7,3534000.0
2918,491.8,3506613.156
2919,491.9,3480000.0
2920,492.0,3453820.362
2921,492.1,3428000.0
2922,492.2,3402545.339
2923,492.3,3377519.553
2924,492.4,3353000.0
2925,492.5,3329090.411
2926,492.6,3306000.0
2927,492.7,3283964.362
2928,492.8,3263219.143
2929,492.9,3244000.0
2930,493.0,3226657.269
2931,493.1,3212000.0
2932,493.2,3200772.326
2933,493.3,3193000.0
2934,493.4,3188644.859
2935,493.5,3188131.45
2936,493.6,3192000.0
2937,493.7,3200660.25
2938,493.8,3214000.0
2939,493.9,3231808.157
2940,494.0,3254000.0
2941,494.1,3280472.533
2942,494.2,3310923.305
2943,494.3,3345000.0
2944,494.4,3382272.565
2945,494.5,3422000.0
2946,494.6,3463373.786
2947,494.7,3505626.266
2948,494.8,3548000.0
2949,494.9,3589727.365
2950,495.0,3630000.0
2951,495.1,3668010.998
2952,495.2,3703000.0
2953,495.3,3734205.403
2954,495.4,3760814.075
2955,495.5,3782000.0
2956,495.6,3797087.22
2957,495.7,3806000.0
2958,495.8,3808759.516
2959,495.9,3805174.365
2960,496.0,3795000.0
2961,496.1,3778128.693
2962,496.2,3755000.0
2963,496.3,3726155.801
2964,496.4,3692000.0
2965,496.5,3652999.894
2966,496.6,3610014.32
2967,496.7,3564000.0
2968,496.8,3515949.655
2969,496.9,3467000.0
2970,497.0,3418312.045
2971,497.1,3371000.0
2972,497.2,3326190.654
2973,497.3,3285107.922
2974,497.4,3249000.0
2975,497.5,3219027.412
2976,497.6,3196000.0
2977,497.7,3180683.988
2978,497.8,3174021.821
2979,497.9,3177000.0
2980,498.0,3190502.101
2981,498.1,3215000.0
2982,498.2,3250805.272
2983,498.3,3298000.0
2984,498.4,3356602.671
2985,498.5,3426606.88
2986,498.6,3508000.0
2987,498.7,3600656.596
2988,498.8,3704000.0
2989,498.9,3817342.069
2990,499.0,3940000.0
2991,499.1,4071253.276
2992,499.2,4210225.193
2993,499.3,4356000.0
2994,499.4,4507625.035
2995,499.5,4664000.0
2996,499.6,4823978.339
2997,499.7,4986376.104
2998,499.8,5150000.0
2999,499.9,5313637.605
3000,500.0,5476000.0
3001,500.1,5635820.768
3002,500.2,5792000.0
3003,500.3,5943512.537
3004,500.4,6089465.716
3005,500.5,6229000.0
3006,500.6,6361209.134
3007,500.7,6485000.0
3008,500.8,6599363.702
3009,500.9,6703815.102
3010,501.0,6798000.0
3011,501.1,6881545.009
3012,501.2,6954000.0
3013,501.3,7014925.323
3014,501.4,7064000.0
3015,501.5,7100999.127
3016,501.6,7125963.42
3017,501.7,7139000.0
3018,501.8,7140251.175
3019,501.9,7130000.0
3020,502.0,7108531.772
3021,502.1,7076000.0
3022,502.2,7032590.837
3023,502.3,6978752.8
3024,502.4,6915000.0
3025,502.5,6841870.727
3026,502.6,6760000.0
3027,502.7,6669990.313
3028,502.8,6572217.328
3029,502.9,6467000.0
3030,503.0,6354718.768
3031,503.1,6236000.0
3032,503.2,6111531.391
3033,503.3,5982000.0
3034,503.4,5848022.426
3035,503.5,5709934.061
3036,503.6,5568000.0
3037,503.7,5422528.439
3038,503.8,5274000.0
3039,503.9,5122954.984
3040,504.0,4970000.0
3041,504.1,4815687.598
3042,504.2,4660287.801
3043,504.3,4504000.0
3044,504.4,4347078.842
3045,504.5,4190000.0
3046,504.6,4033252.676
3047,504.7,3877159.156
3048,504.8,3722000.0
3049,504.9,3568104.89
3050,505.0,3416000.0
3051,505.1,3266202.869
3052,505.2,3119000.0
3053,505.3,2974648.121
3054,505.4,2833515.903
3055,505.5,2696000.0
3056,505.6,2562446.598
3057,505.7,2433000.0
3058,505.8,2307782.212
3059,505.9,2187027.925
3060,506.0,2071000.0
3061,506.1,1959939.463
3062,506.2,1854000.0
3063,506.3,1753311.999
3064,506.4,1658000.0
3065,506.5,1568129.644
3066,506.6,1483536.825
3067,506.7,1404000.0
3068,506.8,1329396.607
3069,506.9,1260000.0
3070,507.0,1196017.953
3071,507.1,1137000.0
3072,507.2,1082417.023
3073,507.3,1032083.545
3074,507.4,985900.0
3075,507.5,943731.267
3076,507.6,905300.0
3077,507.7,870300.634
3078,507.8,838456.934
3079,507.9,809500.0
3080,508.0,783164.578
3081,508.1,759200.0
3082,508.2,737359.833
3083,508.3,717400.0
3084,508.4,699085.618
3085,508.5,682216.234
3086,508.6,666600.0
3087,508.7,652050.119
3088,508.8,638400.0
3089,508.9,625493.99
3090,509.0,613200.0
3091,509.1,601401.898
3092,509.2,590023.828
3093,509.3,579000.0
3094,509.4,568270.636
3095,509.5,557800.0
3096,509.6,547564.172
3097,509.7,537562.466
3098,509.8,527800.0
3099,509.9,518292.736
3100,510.0,509100.0
3101,510.1,500287.111
3102,510.2,491900.0
3103,510.3,483987.004
3104,510.4,476625.471
3105,510.5,469900.0
3106,510.6,463895.736
3107,510.7,458700.0
3108,510.8,454399.079
3109,510.9,451072.946
3110,511.0,448800.0
3111,511.1,447655.23
3112,511.2,447700.0
3113,511.3,448993.52
3114,511.4,451600.0
3115,511.5,455575.574
3116,511.6,460939.073
3117,511.7,467700.0
3118,511.8,475861.34
3119,511.9,485400.0
3120,512.0,496287.514
3121,512.1,508500.0
3122,512.2,522005.094
3123,512.3,536731.926
3124,512.4,552600.0
3125,512.5,569524.082
3126,512.6,587400.0
3127,512.7,606124.411
3128,512.8,625616.245
3129,512.9,645800.0
3130,513.0,666595.015
3131,513.1,687900.0
3132,513.2,709619.245
3133,513.3,731700.0
3134,513.4,754100.578
3135,513.5,776780.598
3136,513.6,799700.0
3137,513.7,822844.138
3138,513.8,846300.0
3139,513.9,870167.924
3140,514.0,894500.0
3141,514.1,919362.87
3142,514.2,944929.633
3143,514.3,971400.0
3144,514.4,998992.384
3145,514.5,1028000.0
3146,514.6,1058711.306
3147,514.7,1091320.919
3148,514.8,1126000.0
3149,514.9,1163013.307
3150,515.0,1203000.0
3151,515.1,1246589.767
3152,515.2,1294000.0
3153,515.3,1345371.068
3154,515.4,1400947.531
3155,515.5,1461000.0
3156,515.6,1525847.16
3157,515.7,1596000.0
3158,515.8,1671910.797
3159,515.9,1753604.682
3160,516.0,1841000.0
3161,516.1,1934069.055
3162,516.2,2033000.0
3163,516.3,2137982.946
3164,516.4,2249000.0
3165,516.5,2365886.57
3166,516.6,2488099.267
3167,516.7,2615000.0
3168,516.8,2746036.529
3169,516.9,2881000.0
3170,517.0,3019615.44
3171,517.1,3161000.0
3172,517.2,3304140.337
3173,517.3,3448108.997
3174,517.4,3592000.0
3175,517.5,3734916.726
3176,517.6,3876000.0
3177,517.7,4014335.157
3178,517.8,4148748.129
3179,517.9,4278000.0
3180,518.0,4400968.756
3181,518.1,4517000.0
3182,518.2,4625418.74
3183,518.3,4725000.0
3184,518.4,4814525.966
3185,518.5,4893357.468
3186,518.6,4961000.0
3187,518.7,5016991.538
3188,518.8,5061000.0
3189,518.9,5092742.125
3190,519.0,5112000.0
3191,519.1,5118688.628
3192,519.2,5113189.329
3193,519.3,5096000.0
3194,519.4,5067550.684
3195,519.5,5028000.0
3196,519.6,4977636.957
3197,519.7,4917543.545
3198,519.8,4849000.0
3199,519.9,4773201.126
3200,520.0,4691000.0
3201,520.1,4603231.571
3202,520.2,4511000.0
3203,520.3,4415504.859
3204,520.4,4318058.155
3205,520.5,4220000.0
3206,520.6,4122619.284
3207,520.7,4027000.0
3208,520.8,3934173.492
3209,520.9,3845165.414
3210,521.0,3761000.0
3211,521.1,3682664.72
3212,521.2,3611000.0
3213,521.3,3546822.391
3214,521.4,3491000.0
3215,521.5,3444359.228
3216,521.6,3407508.089
3217,521.7,3381000.0
3218,521.8,3365360.049
3219,521.9,3361000.0
3220,522.0,3368346.619
3221,522.1,3388000.0
3222,522.2,3420557.829
3223,522.3,3466434.833
3224,522.4,3526000.0
3225,522.5,3599663.471
3226,522.6,3688000.0
3227,522.7,3791617.826
3228,522.8,3911094.523
3229,522.9,4047000.0
3230,523.0,4199857.049
3231,523.1,4370000.0
3232,523.2,4557804.508
3233,523.3,4764000.0
3234,523.4,4989326.159
3235,523.5,5234209.913
3236,523.6,5499000.0
3237,523.7,5783958.393
3238,523.8,6089000.0
3239,523.9,6413997.283
3240,524.0,6759000.0
3241,524.1,7123954.764
3242,524.2,7508218.334
3243,524.3,7911000.0
3244,524.4,8331264.707
3245,524.5,8767000.0
3246,524.6,9216154.211
3247,524.7,9677496.21
3248,524.8,10150000.0
3249,524.9,10632090.964
3250,525.0,11120000.0
3251,525.1,11609909.21
3252,525.2,12100000.0
3253,525.3,12588280.486
3254,525.4,13070066.31
3255,525.5,13540000.0
3256,525.6,13993613.946
3257,525.7,14430000.0
3258,525.8,14848191.436
3259,525.9,15243427.752
3260,526.0,15610000.0
3261,526.1,15942909.67
3262,526.2,16240000.0
3263,526.3,16499707.499
3264,526.4,16720000.0
3265,526.5,16898620.977
3266,526.6,17032885.138
3267,526.7,17120000.0
3268,526.8,17158221.594
3269,526.9,17150000.0
3270,527.0,17097806.109
3271,527.1,17000000.0
3272,527.2,16854794.341
3273,527.3,16663922.966
3274,527.4,16430000.0
3275,527.5,16155207.593
3276,527.6,15840000.0
3277,527.7,15485432.504
3278,527.8,15096692.403
3279,527.9,14680000.0
3280,528.0,14240620.661
3281,528.1,13780000.0
3282,528.2,13299004.018
3283,528.3,12800000.0
3284,528.4,12286383.67
3285,528.5,11764163.229
3286,528.6,11240000.0
3287,528.7,10718993.996
3288,528.8,10200000.0
3289,528.9,9682033.747
3290,529.0,9171000.0
3291,529.1,8673349.335
3292,529.2,8190826.551
3293,529.3,7724000.0
3294,529.4,7273724.41
3295,529.5,6842000.0
3296,529.6,6430817.074
3297,529.7,6040980.785
3298,529.8,5673000.0
3299,529.9,5327303.535
3300,530.0,5004000.0
3301,530.1,4703032.211
3302,530.2,4424000.0
3303,530.3,4166393.097
3304,530.4,3929603.788
3305,530.5,3713000.0
3306,530.6,3515847.074
3307,530.7,3337000.0
3308,530.8,3175217.926
3309,530.9,3029286.972
3310,531.0,2898000.0
3311,531.1,2780208.691
3312,531.2,2675000.0
3313,531.3,2581405.504
3314,531.4,2498000.0
3315,531.5,2423372.85
3316,531.6,2356628.46
3317,531.7,2297000.0
3318,531.8,2243717.695
3319,531.9,2196000.0
3320,532.0,2153047.368
3321,532.1,2114000.0
3322,532.2,2078111.152
3323,532.3,2045146.541
3324,532.4,2015000.0
3325,532.5,1987473.305
3326,532.6,1962000.0
3327,532.7,1938095.078
3328,532.8,1915967.566
3329,532.9,1896000.0
3330,533.0,1878440.56
3331,533.1,1863000.0
3332,533.2,1849407.08
3333,533.3,1838000.0
3334,533.4,1829239.715
3335,533.5,1823468.744
3336,533.6,1821000.0
3337,533.7,1822118.789
3338,533.8,1827000.0
3339,533.9,1835836.063
3340,534.0,1849000.0
3341,534.1,1866849.212
3342,534.2,1889498.026
3343,534.3,1917000.0
3344,534.4,1949436.484
3345,534.5,1987000.0
3346,534.6,2029849.534
3347,534.7,2077898.755
3348,534.8,2131000.0
3349,534.9,2189034.618
3350,535.0,2252000.0
3351,535.1,2319818.964
3352,535.2,2392000.0
3353,535.3,2467993.771
3354,535.4,2547433.959
3355,535.5,2630000.0
3356,535.6,2715342.907
3357,535.7,2803000.0
3358,535.8,2892445.162
3359,535.9,2983012.223
3360,536.0,3074000.0
3361,536.1,3164778.188
3362,536.2,3255000.0
3363,536.3,3344305.671
3364,536.4,3432000.0
3365,536.5,3517354.877
3366,536.6,3599845.995
3367,536.7,3679000.0
3368,536.8,3754418.13
3369,536.9,3826000.0
3370,537.0,3893650.844
3371,537.1,3957000.0
3372,537.2,4015650.76
3373,537.3,4069378.119
3374,537.4,4118000.0
3375,537.5,4161434.448
3376,537.6,4200000.0
3377,537.7,4234053.47
3378,537.8,4263704.279
3379,537.9,4289000.0
3380,538.0,4310023.648
3381,538.1,4327000.0
3382,538.2,4340207.813
3383,538.3,4350000.0
3384,538.4,4356725.891
3385,538.5,4360646.321
3386,538.6,4362000.0
3387,538.7,4361030.396
3388,538.8,4358000.0
3389,538.9,4353197.831
3390,539.0,4347000.0
3391,539.1,4339729.894
3392,539.2,4331412.922
3393,539.3,4322000.0
3394,539.4,4311480.797
3395,539.5,4300000.0
3396,539.6,4287680.959
3397,539.7,4274406.66
3398,539.8,4260000.0
3399,539.9,4244273.727
3400,540.0,4227000.0
3401,540.1,4207958.55
3402,540.2,4187000.0
3403,540.3,4163981.389
3404,540.4,4138714.547
3405,540.5,4111000.0
3406,540.6,4080584.536
3407,540.7,4047000.0
3408,540.8,4009835.127
3409,540.9,3969121.167
3410,541.0,3925000.0
3411,541.1,3877475.56
3412,541.2,3826000.0
3413,541.3,3770080.984
3414,541.4,3710000.0
3415,541.5,3646138.113
3416,541.6,3578500.884
3417,541.7,3507000.0
3418,541.8,3431665.394
3419,541.9,3353000.0
3420,542.0,3271479.803
3421,542.1,3187000.0
3422,542.2,3099484.556
3423,542.3,3009553.294
3424,542.4,2918000.0
3425,542.5,2825468.154
3426,542.6,2732000.0
3427,542.7,2637602.399
3428,542.8,2542741.906
3429,542.9,2448000.0
3430,543.0,2353933.426
3431,543.1,2261000.0
3432,543.2,2169599.688
3433,543.3,2080000.0
3434,543.4,1992459.456
3435,543.5,1907333.074
3436,543.6,1825000.0
3437,543.7,1745810.583
3438,543.8,1670000.0
3439,543.9,1597732.024
3440,544.0,1529000.0
3441,544.1,1463772.183
3442,544.2,1402086.901
3443,544.3,1344000.0
3444,544.4,1289586.736
3445,544.5,1239000.0
3446,544.6,1192340.909
3447,544.7,1149425.844
3448,544.8,1110000.0
3449,544.9,1073858.979
3450,545.0,1041000.0
3451,545.1,1011405.853
3452,545.2,984800.0
3453,545.3,960878.164
3454,545.4,939484.436
3455,545.5,920500.0
3456,545.6,903795.573
3457,545.7,889200.0
3458,545.8,876540.91
3459,545.9,865682.945
3460,546.0,856500.0
3461,546.1,848871.627
3462,546.2,842700.0
3463,546.3,837898.161
3464,546.4,834400.0
3465,546.5,832155.042
3466,546.6,831154.498
3467,546.7,831400.0
3468,546.8,832901.221
3469,546.9,835700.0
3470,547.0,839847.499
3471,547.1,845400.0
3472,547.2,852427.543
3473,547.3,861050.071
3474,547.4,871400.0
3475,547.5,883595.782
3476,547.6,897700.0
3477,547.7,913796.475
3478,547.8,932109.856
3479,547.9,952900.0
3480,548.0,976308.012
3481,548.1,1002000.0
3482,548.2,1029720.156
3483,548.3,1060000.0
3484,548.4,1093401.917
3485,548.5,1129824.407
3486,548.6,1169000.0
3487,548.7,1210718.65
3488,548.8,1255000.0
3489,548.9,1301851.234
3490,549.0,1351000.0
3491,549.1,1402148.17
3492,549.2,1455174.037
3493,549.3,1510000.0
3494,549.4,1566455.731
3495,549.5,1624000.0
3496,549.6,1682079.425
3497,549.7,1740462.926
3498,549.8,1799000.0
3499,549.9,1857423.536
3500,550.0,1915000.0
3501,550.1,1970977.857
3502,550.2,2025000.0
3503,550.3,2076780.255
3504,550.4,2125921.764
3505,550.5,2172000.0
3506,550.6,2214556.867
3507,550.7,2253000.0
3508,550.8,2286800.219
3509,550.9,2315815.358
3510,551.0,2340000.0
3511,551.1,2359221.714
3512,551.2,2373000.0
3513,551.3,2380897.812
3514,551.4,2383000.0
3515,551.5,2379496.478
3516,551.6,2370475.522
3517,551.7,2356000.0
3518,551.8,2336140.689
3519,551.9,2311000.0
3520,552.0,2280773.782
3521,552.1,2246000.0
3522,552.2,2207278.881
3523,552.3,2165117.583
3524,552.4,2120000.0
3525,552.5,2072431.08
3526,552.6,2023000.0
3527,552.7,1972367.505
3528,552.8,1921396.399
3529,552.9,1871000.0
3530,553.0,1822018.551
3531,553.1,1775000.0
3532,553.2,1730575.336
3533,553.3,1690000.0
3534,553.4,1654593.492
3535,553.5,1625307.085
3536,553.6,1603000.0
3537,553.7,1588561.371
3538,553.8,1583000.0
3539,553.9,1587396.617
3540,554.0,1603000.0
3541,554.1,1631065.431
3542,554.2,1672706.178
3543,554.3,1729000.0
3544,554.4,1801042.42
3545,554.5,1890000.0
3546,554.6,1997049.399
3547,554.7,2123336.62
3548,554.8,2270000.0
3549,554.9,2438176.804
3550,555.0,2629000.0
3551,555.1,2843587.34
3552,555.2,3083000.0
3553,555.3,3348260.558
3554,555.4,3640293.785
3555,555.5,3960000.0
3556,555.6,4308150.438
3557,555.7,4685000.0
3558,555.8,5090711.481
3559,555.9,5525595.587
3560,556.0,5990000.0
3561,556.1,6484052.343
3562,556.2,7007000.0
3563,556.3,7558033.977
3564,556.4,8137000.0
3565,556.5,8743478.422
3566,556.6,9375333.391
3567,556.7,10030000.0
3568,556.8,10705224.78
3569,556.9,11400000.0
3570,557.0,12112952.292
3571,557.1,12840000.0
3572,557.2,13576824.087
3573,557.3,14320864.281
3574,557.4,15070000.0
3575,557.5,15821476.201
3576,557.6,16570000.0
3577,557.7,17310066.883
3578,557.8,18037863.667
3579,557.9,18750000.0
3580,558.0,19442619.291
3581,558.1,20110000.0
3582,558.2,20746667.529
3583,558.3,21350000.0
3584,558.4,21917685.008
3585,558.5,22445795.322
3586,558.6,22930000.0
3587,558.7,23366047.017
3588,558.8,23750000.0
3589,558.9,24078477.237
3590,559.0,24350000.0
3591,559.1,24563461.172
3592,559.2,24717337.101
3593,559.3,24810000.0
3594,559.4,24840425.137
3595,559.5,24810000.0
3596,559.6,24720214.08
3597,559.7,24570552.667
3598,559.8,24360000.0
3599,559.9,24088520.585
3600,560.0,23760000.0
3601,560.1,23379141.753
3602,560.2,22950000.0
3603,560.3,22476029.822
3604,560.4,21958939.356
3605,560.5,21400000.0
3606,560.6,20801525.628
3607,560.7,20170000.0
3608,560.8,19512120.538
3609,560.9,18831269.417
3610,561.0,18130000.0
3611,561.1,17411313.185
3612,561.2,16680000.0
3613,561.3,15941242.911
3614,561.4,15200000.0
3615,561.5,14460788.948
3616,561.6,13726590.226
3617,561.7,13000000.0
3618,561.8,12283610.725
3619,561.9,11580000.0
3620,562.0,10891565.495
3621,562.1,10220000.0
3622,562.2,9566979.967
3623,562.3,8934821.354
3624,562.4,8326000.0
3625,562.5,7742582.69
3626,562.6,7185000.0
3627,562.7,6653329.942
3628,562.8,6147876.464
3629,562.9,5669000.0
3630,563.0,5216883.502
3631,563.1,4791000.0
3632,563.2,4390755.772
3633,563.3,4016000.0
3634,563.4,3666497.686
3635,563.5,3341234.199
3636,563.6,3039000.0
3637,563.7,2758737.885
3638,563.8,2500000.0
3639,563.9,2262251.47
3640,564.0,2044000.0
3641,564.1,1843665.369
3642,564.2,1660273.064
3643,564.3,1493000.0
3644,564.4,1340958.186
3645,564.5,1203000.0
3646,564.6,1077972.102
3647,564.7,964957.903
3648,564.8,863100.0
3649,564.9,771538.058
3650,565.0,689400.0
3651,565.1,615836.379
3652,565.2,550100.0
3653,565.3,491486.341
3654,565.4,439359.329
3655,565.5,393100.0
3656,565.6,352113.325
3657,565.7,315900.0
3658,565.8,283997.75
3659,565.9,255996.682
3660,566.0,231500.0
3661,566.1,210119.332
3662,566.2,191500.0
3663,566.3,175313.211
3664,566.4,161300.0
3665,566.5,149226.759
3666,566.6,138891.467
3667,566.7,130100.0
3668,566.8,122661.729
3669,566.9,116400.0
3670,567.0,111152.462
3671,567.1,106800.0
3672,567.2,103233.938
3673,567.3,100344.115
3674,567.4,98020.0
3675,567.5,96158.965
3676,567.6,94690.0
3677,567.7,93550.203
3678,567.8,92677.495
3679,567.9,92010.0
3680,568.0,91489.2
3681,568.1,91070.0
3682,568.2,90711.979
3683,568.3,90380.0
3684,568.4,90041.647
3685,568.5,89670.115
3686,568.6,89240.0
3687,568.7,88728.098
3688,568.8,88120.0
3689,568.9,87403.951
3690,569.0,86570.0
3691,569.1,85609.919
3692,569.2,84520.549
3693,569.3,83300.0
3694,569.4,81947.907
3695,569.5,80470.0
3696,569.6,78873.758
3697,569.7,77167.558
3698,569.8,75360.0
3699,569.9,73460.283
3700,570.0,71480.0
3701,570.1,69431.779
3702,570.2,67330.0
3703,570.3,65189.426
3704,570.4,63024.597
3705,570.5,60850.0
3706,570.6,58680.19
3707,570.7,56530.0
3708,570.8,54414.476
3709,570.9,52349.226
3710,571.0,50350.0
3711,571.1,48430.97
3712,571.2,46600.0
3713,571.3,44864.953
3714,571.4,43240.0
3715,571.5,41739.658
3716,571.6,40373.533
3717,571.7,39150.0
3718,571.8,38076.91
3719,571.9,37160.0
3720,572.0,36405.036
3721,572.1,35820.0
3722,572.2,35412.322
3723,572.3,35185.018
3724,572.4,35140.0
3725,572.5,35279.871
3726,572.6,35610.0
3727,572.7,36135.611
3728,572.8,36858.592
3729,572.9,37780.0
3730,573.0,38900.6
3731,573.1,40220.0
3732,573.2,41737.211
3733,573.3,43450.0
3734,573.4,45355.957
3735,573.5,47453.206
3736,573.6,49740.0
3737,573.7,52213.94
3738,573.8,54870.0
3739,573.9,57701.779
3740,574.0,60700.0
3741,574.1,63854.543
3742,574.2,67154.791
3743,574.3,70590.0
3744,574.4,74149.137
3745,574.5,77820.0
3746,574.6,81589.429
3747,574.7,85441.595
3748,574.8,89360.0
3749,574.9,93326.954
3750,575.0,97320.0
3751,575.1,101316.766
3752,575.2,105300.0
3753,575.3,109253.403
3754,575.4,113159.377
3755,575.5,117000.0
3756,575.6,120755.661
3757,575.7,124400.0
3758,575.8,127905.537
3759,575.9,131247.079
3760,576.0,134400.0
3761,576.1,137346.991
3762,576.2,140100.0
3763,576.3,142665.648
3764,576.4,145000.0
3765,576.5,147055.759
3766,576.6,148822.732
3767,576.7,150300.0
3768,576.8,151488.926
3769,576.9,152400.0
3770,577.0,153041.032
3771,577.1,153400.0
3772,577.2,153463.082
3773,577.3,153229.091
3774,577.4,152700.0
3775,577.5,151882.231
3776,577.6,150800.0
3777,577.7,149480.004
3778,577.8,147941.056
3779,577.9,146200.0
3780,578.0,144276.311
3781,578.1,142200.0
3782,578.2,140001.2
3783,578.3,137700.0
3784,578.4,135322.951
3785,578.5,132932.484
3786,578.6,130600.0
3787,578.7,128385.077
3788,578.8,126300.0
3789,578.9,124367.576
3790,579.0,122700.0
3791,579.1,121419.526
3792,579.2,120599.255
3793,579.3,120300.0
3794,579.4,120594.101
3795,579.5,121600.0
3796,579.6,123448.104
3797,579.7,126270.572
3798,579.8,130200.0
3799,579.9,135380.22
3800,580.0,142000.0
3801,580.1,150252.06
3802,580.2,160300.0
3803,580.3,172315.612
3804,580.4,186532.565
3805,580.5,203200.0
3806,580.6,222569.198
3807,580.7,244900.0
3808,580.8,270458.765
3809,580.9,299529.353
3810,581.0,332400.0
3811,581.1,369359.641
3812,581.2,410700.0
3813,581.3,456726.929
3814,581.4,507800.0
3815,581.5,564272.732
3816,581.6,626420.702
3817,581.7,694500.0
3818,581.8,768782.099
3819,581.9,849600.0
3820,582.0,937272.492
3821,582.1,1032000.0
3822,582.2,1133945.171
3823,582.3,1243237.926
3824,582.4,1360000.0
3825,582.5,1484300.749
3826,582.6,1616000.0
3827,582.7,1754958.415
3828,582.8,1901249.506
3829,582.9,2055000.0
3830,583.0,2216163.361
3831,583.1,2384000.0
3832,583.2,2557716.851
3833,583.3,2737000.0
3834,583.4,2921569.913
3835,583.5,3110805.434
3836,583.6,3304000.0
3837,583.7,3500392.047
3838,583.8,3699000.0
3839,583.9,3898822.618
3840,584.0,4099000.0
3841,584.1,4298618.133
3842,584.2,4496405.216
3843,584.3,4691000.0
3844,584.4,4881145.277
3845,584.5,5066000.0
3846,584.6,5244736.393
3847,584.7,5416163.601
3848,584.8,5579000.0
3849,584.9,5731992.232
3850,585.0,5874000.0
3851,585.1,6003959.521
3852,585.2,6121000.0
3853,585.3,6224321.791
3854,585.4,6313216.842
3855,585.5,6387000.0
3856,585.6,6445049.86
3857,585.7,6487000.0
3858,585.8,6512576.437
3859,585.9,6521619.947
3860,586.0,6514000.0
3861,586.1,6489680.112
3862,586.2,6449000.0
3863,586.3,6392356.657
3864,586.4,6320000.0
3865,586.5,6232262.374
3866,586.6,6129952.925
3867,586.7,6014000.0
3868,586.8,5885347.308
3869,586.9,5745000.0
3870,587.0,5593940.641
3871,587.1,5433000.0
3872,587.2,5263051.691
3873,587.3,5085292.498
3874,587.4,4901000.0
3875,587.5,4711461.1
3876,587.6,4518000.0
3877,587.7,4321860.644
3878,587.8,4123928.637
3879,587.9,3925000.0
3880,588.0,3725953.638
3881,588.1,3528000.0
3882,588.2,3332364.391
3883,588.3,3140000.0
3884,588.4,2951703.627
3885,588.5,2767918.629
3886,588.6,2589000.0
3887,588.7,2415405.007
3888,588.8,2248000.0
3889,588.9,2087549.295
3890,589.0,1934000.0
3891,589.1,1787199.045
3892,589.2,1647409.859
3893,589.3,1515000.0
3894,589.4,1390238.462
3895,589.5,1273000.0
3896,589.6,1163068.771
3897,589.7,1060260.782
3898,589.8,964400.0
3899,589.9,875308.403
3900,590.0,792800.0
3901,590.1,716664.202
3902,590.2,646600.0
3903,590.3,582287.454
3904,590.4,523421.313
3905,590.5,469700.0
3906,590.6,420823.745
3907,590.7,376500.0
3908,590.8,336432.972
3909,590.9,300306.657
3910,591.0,267800.0
3911,591.1,238609.265
3912,591.2,212500.0
3913,591.3,189247.905
3914,591.4,168600.0
3915,591.5,150304.286
3916,591.6,134141.367
3917,591.7,119900.0
3918,591.8,107381.823
3919,591.9,96440.0
3920,592.0,86936.878
3921,592.1,78720.0
3922,592.2,71642.275
3923,592.3,65592.867
3924,592.4,60470.0
3925,592.5,56174.802
3926,592.6,52620.0
3927,592.7,49724.766
3928,592.8,47422.463
3929,592.9,45650.0
3930,593.0,44347.757
3931,593.1,43470.0
3932,593.2,42974.605
3933,593.3,42820.0
3934,593.4,42966.73
3935,593.5,43383.252
3936,593.6,44040.0
3937,593.7,44907.92
3938,593.8,45960.0
3939,593.9,47170.91
3940,594.0,48520.0
3941,594.1,49987.362
3942,594.2,51551.378
3943,594.3,53190.0
3944,594.4,54882.073
3945,594.5,56610.0
3946,594.6,58356.636
3947,594.7,60103.082
3948,594.8,61830.0
3949,594.9,63519.564
3950,595.0,65160.0
3951,595.1,66739.491
3952,595.2,68240.0
3953,595.3,69643.353
3954,595.4,70937.048
3955,595.5,72110.0
3956,595.6,73151.208
3957,595.7,74050.0
3958,595.8,74796.678
3959,595.9,75385.096
3960,596.0,75810.0
3961,596.1,76066.353
3962,596.2,76150.0
3963,596.3,76057.826
3964,596.4,75790.0
3965,596.5,75347.787
3966,596.6,74733.568
3967,596.7,73950.0
3968,596.8,73000.31
3969,596.9,71890.0
3970,597.0,70626.166
3971,597.1,69220.0
3972,597.2,67682.989
3973,597.3,66023.708
3974,597.4,64250.0
3975,597.5,62370.875
3976,597.6,60400.0
3977,597.7,58351.643
3978,597.8,56237.824
3979,597.9,54070.0
3980,598.0,51859.858
3981,598.1,49620.0
3982,598.2,47362.95
3983,598.3,45100.0
3984,598.4,42841.928
3985,598.5,40598.681
3986,598.6,38380.0
3987,598.7,36194.963
3988,598.8,34050.0
3989,598.9,31951.709
3990,599.0,29910.0
3991,599.1,27934.065
3992,599.2,26026.912
3993,599.3,24190.0
3994,599.4,22425.698
3995,599.5,20740.0
3996,599.6,19138.195
3997,599.7,17619.12
3998,599.8,16180.0
3999,599.9,14819.244
4000,600.0,13540.0
4001,600.1,12344.927
4002,600.2,11230.0
4003,600.3,10190.294
4004,600.4,9223.979
4005,600.5,8330.0
4006,600.6,7506.823
4007,600.7,6751.0
4008,600.8,6058.814
4009,600.9,5427.375
4010,601.0,4854.0
4011,601.1,4335.917
4012,601.2,3870.0
4013,601.3,3453.184
4014,601.4,3083.0
4015,601.5,2757.24
4016,601.6,2474.129
4017,601.7,2232.0
4018,601.8,2029.31
4019,601.9,1865.0
4020,602.0,1738.412
4021,602.1,1650.0
4022,602.2,1600.676
4023,602.3,1592.072
4024,602.4,1626.0
4025,602.5,1704.685
4026,602.6,1832.0
4027,602.7,2012.69
4028,602.8,2253.341
4029,602.9,2561.0
4030,603.0,2943.398
4031,603.1,3411.0
4032,603.2,3975.402
4033,603.3,4650.0
4034,603.4,5449.659
4035,603.5,6393.334
4036,603.6,7501.0
4037,603.7,8794.108
4038,603.8,10300.0
4039,603.9,12048.067
4040,604.0,14070.0
4041,604.1,16400.227
4042,604.2,19081.817
4043,604.3,22160.0
4044,604.4,25681.623
4045,604.5,29700.0
4046,604.6,34272.842
4047,604.7,39468.973
4048,604.8,45360.0
4049,604.9,52019.632
4050,605.0,59530.0
4051,605.1,67977.855
4052,605.2,77460.0
4053,605.3,88079.257
4054,605.4,99952.472
4055,605.5,113200.0
4056,605.6,127942.268
4057,605.7,144300.0
4058,605.8,162398.663
4059,605.9,182382.395
4060,606.0,204400.0
4061,606.1,228608.777
4062,606.2,255200.0
4063,606.3,284357.33
4064,606.4,316200.0
4065,606.5,350850.717
4066,606.6,388510.513
4067,606.7,429400.0
4068,606.8,473720.978
4069,606.9,521600.0
4070,607.0,573161.915
4071,607.1,628600.0
4072,607.2,688110.744
4073,607.3,751835.068
4074,607.4,819900.0
4075,607.5,892437.592
4076,607.6,969600.0
4077,607.7,1051529.296
4078,607.8,1138307.119
4079,607.9,1230000.0
4080,608.0,1326624.837
4081,608.1,1428000.0
4082,608.2,1534009.694
4083,608.3,1645000.0
4084,608.4,1761303.944
4085,608.5,1882740.469
4086,608.6,2009000.0
4087,608.7,2139804.238
4088,608.8,2275000.0
4089,608.9,2414455.572
4090,609.0,2558000.0
4091,609.1,2705439.233
4092,609.2,2856526.065
4093,609.3,3011000.0
4094,609.4,3168592.143
4095,609.5,3329000.0
4096,609.6,3491875.308
4097,609.7,3656720.339
4098,609.8,3823000.0
4099,609.9,3990213.842
4100,610.0,4158000.0
4101,610.1,4326033.705
4102,610.2,4494000.0
4103,610.3,4661572.7
4104,610.4,4828370.896
4105,610.5,4994000.0
4106,610.6,5158043.85
4107,610.7,5320000.0
4108,610.8,5479414.724
4109,610.9,5636115.475
4110,611.0,5790000.0
4111,611.1,5940977.126
4112,611.2,6089000.0
4113,611.3,6234027.863
4114,611.4,6376000.0
4115,611.5,6514890.523
4116,611.6,6650832.797
4117,611.7,6784000.0
4118,611.8,6914602.572
4119,611.9,7043000.0
4120,612.0,7169618.231
4121,612.1,7295000.0
4122,612.2,7419700.728
4123,612.3,7544209.777
4124,612.4,7669000.0
4125,612.5,7794629.825
4126,612.6,7922000.0
4127,612.7,8052007.375
4128,612.8,8185190.888
4129,612.9,8322000.0
4130,613.0,8462972.564
4131,613.1,8609000.0
4132,613.2,8760919.777
4133,613.3,8919000.0
4134,613.4,9083386.394
4135,613.5,9254304.544
4136,613.6,9432000.0
4137,613.7,9616880.183
4138,613.8,9810000.0
4139,613.9,10011848.023
4140,614.0,10220000.0
4141,614.1,10432016.247
4142,614.2,10648308.182
4143,614.3,10870000.0
4144,614.4,11097705.887
4145,614.5,11330000.0
4146,614.6,11565129.703
4147,614.7,11802075.222
4148,614.8,12040000.0
4149,614.9,12277387.34
4150,615.0,12510000.0
4151,615.1,12734016.63
4152,615.2,12950000.0
4153,615.3,13159003.78
4154,615.4,13359661.11
4155,615.5,13550000.0
4156,615.6,13727819.147
4157,615.7,13890000.0
4158,615.8,14033593.429
4159,615.9,14157245.247
4160,616.0,14260000.0
4161,616.1,14341027.673
4162,616.2,14400000.0
4163,616.3,14436593.24
4164,616.4,14450000.0
4165,616.5,14439224.629
4166,616.6,14403002.09
4167,616.7,14340000.0
4168,616.8,14249095.021
4169,616.9,14130000.0
4170,617.0,13983020.906
4171,617.1,13810000.0
4172,617.2,13612906.219
4173,617.3,13392678.904
4174,617.4,13150000.0
4175,617.5,12885549.55
4176,617.6,12600000.0
4177,617.7,12294264.037
4178,617.8,11970222.908
4179,617.9,11630000.0
4180,618.0,11275780.901
4181,618.1,10910000.0
4182,618.2,10534686.494
4183,618.3,10150000.0
4184,618.4,9756202.19
4185,618.5,9355832.546
4186,618.6,8952000.0
4187,618.7,8547515.744
4188,618.8,8144000.0
4189,618.9,7742754.753
4190,619.0,7345000.0
4191,619.1,6951984.363
4192,619.2,6565152.952
4193,619.3,6186000.0
4194,619.4,5815931.44
4195,619.5,5456000.0
4196,619.6,5107108.157
4197,619.7,4769910.583
4198,619.8,4445000.0
4199,619.9,4132917.793
4200,620.0,3834000.0
4201,620.1,3548556.765
4202,620.2,3277000.0
4203,620.3,3019655.13
4204,620.4,2776399.869
4205,620.5,2547000.0
4206,620.6,2331242.611
4207,620.7,2129000.0
4208,620.8,1940080.698
4209,620.9,1763952.967
4210,621.0,1600000.0
4211,621.1,1447711.099
4212,621.2,1307000.0
4213,621.3,1177712.724
4214,621.4,1059000.0
4215,621.5,949943.243
4216,621.6,850041.918
4217,621.7,758900.0
4218,621.8,676082.679
4219,621.9,601000.0
4220,622.0,533045.271
4221,622.1,471700.0
4222,622.2,416473.058
4223,622.3,366894.576
4224,622.4,322500.0
4225,622.5,282836.732
4226,622.6,247500.0
4227,622.7,216103.621
4228,622.8,188287.956
4229,622.9,163700.0
4230,623.0,141999.848
4231,623.1,122900.0
4232,623.2,106133.104
4233,623.3,91460.0
4234,623.4,78655.155
4235,623.5,67519.363
4236,623.6,57860.0
4237,623.7,49493.184
4238,623.8,42270.0
4239,623.9,36053.546
4240,624.0,30720.0
4241,624.1,26154.69
4242,624.2,22266.451
4243,624.3,18970.0
4244,624.4,16183.636
4245,624.5,13840.0
4246,624.6,11878.404
4247,624.7,10250.494
4248,624.8,8911.0
4249,624.9,7817.254
4250,625.0,6937.0
4251,625.1,6241.417
4252,625.2,5705.0
4253,625.3,5304.556
4254,625.4,5022.818
4255,625.5,4844.0
4256,625.6,4753.193
4257,625.7,4739.0
4258,625.8,4791.422
4259,625.9,4902.551
4260,626.0,5065.0
4261,626.1,5271.845
4262,626.2,5518.0
4263,626.3,5798.874
4264,626.4,6110.0
4265,626.5,6447.221
4266,626.6,6807.48
4267,626.7,7188.0
4268,626.8,7585.912
4269,626.9,7998.0
4270,627.0,8421.398
4271,627.1,8855.0
4272,627.2,9297.386
4273,627.3,9744.117
4274,627.4,10190.0
4275,627.5,10631.287
4276,627.6,11070.0
4277,627.7,11507.927
4278,627.8,11940.132
4279,627.9,12360.0
4280,628.0,12762.632
4281,628.1,13150.0
4282,628.2,13524.081
4283,628.3,13880.0
4284,628.4,14212.171
4285,628.5,14519.026
4286,628.6,14800.0
4287,628.7,15054.272
4288,628.8,15280.0
4289,628.9,15475.408
4290,629.0,15640.0
4291,629.1,15773.339
4292,629.2,15873.926
4293,629.3,15940.0
4294,629.4,15970.853
4295,629.5,15970.0
4296,629.6,15940.791
4297,629.7,15881.704
4298,629.8,15790.0
4299,629.9,15664.467
4300,630.0,15510.0
4301,630.1,15331.778
4302,630.2,15130.0
4303,630.3,14904.254
4304,630.4,14656.667
4305,630.5,14390.0
4306,630.6,14106.954
4307,630.7,13810.0
4308,630.8,13501.926
4309,630.9,13187.032
4310,631.0,12870.0
4311,631.1,12554.478
4312,631.2,12240.0
4313,631.3,11926.545
4314,631.4,11620.0
4315,631.5,11326.784
4316,631.6,11049.548
4317,631.7,10790.0
4318,631.8,10549.749
4319,631.9,10330.0
4320,632.0,10132.555
4321,632.1,9962.0
4322,632.2,9823.005
4323,632.3,9717.799
4324,632.4,9648.0
4325,632.5,9615.34
4326,632.6,9622.0
4327,632.7,9670.318
4328,632.8,9762.801
4329,632.9,9902.0
4330,633.0,10090.371
4331,633.1,10330.0
4332,633.2,10622.755
4333,633.3,10970.0
4334,633.4,11373.675
4335,633.5,11838.526
4336,633.6,12370.0
4337,633.7,12972.969
4338,633.8,13650.0
4339,633.9,14403.809
4340,634.0,15240.0
4341,634.1,16165.042
4342,634.2,17185.979
4343,634.3,18310.0
4344,634.4,19544.787
4345,634.5,20900.0
4346,634.6,22386.174
4347,634.7,24015.363
4348,634.8,25800.0
4349,634.9,27754.35
4350,635.0,29900.0
4351,635.1,32259.259
4352,635.2,34850.0
4353,635.3,37691.627
4354,635.4,40814.096
4355,635.5,44250.0
4356,635.6,48032.872
4357,635.7,52200.0
4358,635.8,56791.864
4359,635.9,61857.951
4360,636.0,67450.0
4361,636.1,73623.633
4362,636.2,80450.0
4363,636.3,88002.749
4364,636.4,96350.0
4365,636.5,105568.632
4366,636.6,115776.099
4367,636.7,127100.0
4368,636.8,139666.995
4369,636.9,153600.0
4370,637.0,169026.998
4371,637.1,186100.0
4372,637.2,204989.052
4373,637.3,225912.32
4374,637.4,249100.0
4375,637.5,274783.615
4376,637.6,303200.0
4377,637.7,334604.822
4378,637.8,369323.762
4379,637.9,407700.0
4380,638.0,450077.082
4381,638.1,496800.0
4382,638.2,548231.013
4383,638.3,604800.0
4384,638.4,666964.76
4385,638.5,735227.14
4386,638.6,810100.0
4387,638.7,892092.625
4388,638.8,981700.0
4389,638.9,1079447.953
4390,639.0,1186000.0
4391,639.1,1302037.037
4392,639.2,1428171.804
4393,639.3,1565000.0
4394,639.4,1713102.391
4395,639.5,1873000.0
4396,639.6,2045253.546
4397,639.7,2230642.259
4398,639.8,2430000.0
4399,639.9,2644040.877
4400,640.0,2873000.0
4401,640.1,3117100.926
4402,640.2,3377000.0
4403,640.3,3653382.817
4404,640.4,3946619.194
4405,640.5,4257000.0
4406,640.6,4584771.308
4407,640.7,4930000.0
4408,640.8,5292721.08
4409,640.9,5673021.217
4410,641.0,6071000.0
4411,641.1,6486583.034
4412,641.2,6919000.0
4413,641.3,7367486.781
4414,641.4,7832000.0
4415,641.5,8312414.745
4416,641.6,8807559.242
4417,641.7,9316000.0
4418,641.8,9836673.985
4419,641.9,10370000.0
4420,642.0,10915796.659
4421,642.1,11470000.0
4422,642.2,12028586.379
4423,642.3,12591575.993
4424,642.4,13160000.0
4425,642.5,13733980.08
4426,642.6,14310000.0
4427,642.7,14884151.023
4428,642.8,15454592.31
4429,642.9,16020000.0
4430,643.0,16578997.836
4431,643.1,17130000.0
4432,643.2,17671185.221
4433,643.3,18200000.0
4434,643.4,18713898.292
4435,643.5,19211096.115
4436,643.6,19690000.0
4437,643.7,20149447.469
4438,643.8,20590000.0
4439,643.9,21011601.295
4440,644.0,21410000.0
4441,644.1,21780896.761
4442,644.2,22123995.275
4443,644.3,22440000.0
4444,644.4,22729172.155
4445,644.5,22990000.0
4446,644.6,23221163.076
4447,644.7,23423879.022
4448,644.8,23600000.0
4449,644.9,23750144.959
4450,645.0,23870000.0
4451,645.1,23955686.525
4452,645.2,24010000.0
4453,645.3,24036688.037
4454,645.4,24036632.779
4455,645.5,24010000.0
4456,645.6,23957247.353
4457,645.7,23880000.0
4458,645.8,23779787.571
4459,645.9,23656590.048
4460,646.0,23510000.0
4461,646.1,23340233.422
4462,646.2,23150000.0
4463,646.3,22942449.712
4464,646.4,22720000.0
4465,646.5,22484307.49
4466,646.6,22234718.083
4467,646.7,21970000.0
4468,646.8,21690140.126
4469,646.9,21400000.0
4470,647.0,21104009.852
4471,647.1,20800000.0
4472,647.2,20485570.949
4473,647.3,20164003.847
4474,647.4,19840000.0
4475,647.5,19516574.804
4476,647.6,19190000.0
4477,647.7,18856445.258
4478,647.8,18518415.627
4479,647.9,18180000.0
4480,648.0,17844241.478
4481,648.1,17510000.0
4482,648.2,17175424.117
4483,648.3,16840000.0
4484,648.4,16503665.113
4485,648.5,16166824.477
4486,648.6,15830000.0
4487,648.7,15493902.696
4488,648.8,15160000.0
4489,648.9,14829272.878
4490,649.0,14500000.0
4491,649.1,14170268.25
4492,649.2,13840099.648
4493,649.3,13510000.0
4494,649.4,13180221.264
4495,649.5,12850000.0
4496,649.6,12518818.618
4497,649.7,12188158.318
4498,649.8,11860000.0
4499,649.9,11535185.449
4500,650.0,11210000.0
4501,650.1,10880952.214
4502,650.2,10550000.0
4503,650.3,10219874.002
4504,650.4,9890946.457
4505,650.5,9563000.0
4506,650.6,9235919.656
4507,650.7,8910000.0
4508,650.8,8585631.523
4509,650.9,8263178.818
4510,651.0,7943000.0
4511,651.1,7625466.126
4512,651.2,7311000.0
4513,651.3,7000035.62
4514,651.4,6693000.0
4515,651.5,6390328.841
4516,651.6,6092499.559
4517,651.7,5800000.0
4518,651.8,5513325.331
4519,651.9,5233000.0
4520,652.0,4959490.223
4521,652.1,4693000.0
4522,652.2,4433703.66
4523,652.3,4181919.075
4524,652.4,3938000.0
4525,652.5,3702278.516
4526,652.6,3475000.0
4527,652.7,3256385.958
4528,652.8,3046649.114
4529,652.9,2846000.0
4530,653.0,2654548.26
4531,653.1,2472000.0
4532,653.2,2298081.09
4533,653.3,2133000.0
4534,653.4,1976971.965
4535,653.5,1829756.69
4536,653.6,1691000.0
4537,653.7,1560417.009
4538,653.8,1438000.0
4539,653.9,1323696.768
4540,654.0,1217000.0
4541,654.1,1117376.102
4542,654.2,1024641.47
4543,654.3,938700.0
4544,654.4,859391.57
4545,654.5,786300.0
4546,654.6,718977.52
4547,654.7,657106.066
4548,654.8,600400.0
4549,654.9,548568.499
4550,655.0,501300.0
4551,655.1,458279.628
4552,655.2,419200.0
4553,655.3,383761.145
4554,655.4,351685.241
4555,655.5,322700.0
4556,655.6,296544.091
4557,655.7,273000.0
4558,655.8,251858.461
4559,655.9,232899.391
4560,656.0,215900.0
4561,656.1,200651.362
4562,656.2,187000.0
4563,656.3,174802.468
4564,656.4,163900.0
4565,656.5,154136.038
4566,656.6,145378.164
4567,656.7,137500.0
4568,656.8,130390.505
4569,656.9,124000.0
4570,657.0,118276.822
4571,657.1,113100.0
4572,657.2,108349.58
4573,657.3,103978.99
4574,657.4,99960.0
4575,657.5,96260.143
4576,657.6,92830.0
4577,657.7,89620.68
4578,657.8,86602.363
4579,657.9,83750.0
4580,658.0,81039.422
4581,658.1,78450.0
4582,658.2,75963.782
4583,658.3,73570.0
4584,658.4,71259.55
4585,658.5,69022.803
4586,658.6,66850.0
4587,658.7,64732.982
4588,658.8,62670.0
4589,658.9,60660.212
4590,659.0,58700.0
4591,659.1,56785.655
4592,659.2,54915.885
4593,659.3,53090.0
4594,659.4,51307.67
4595,659.5,49570.0
4596,659.6,47878.1
4597,659.7,46231.656
4598,659.8,44630.0
4599,659.9,43072.666
4600,660.0,41560.0
4601,660.1,40092.443
4602,660.2,38670.0
4603,660.3,37292.481
4604,660.4,35959.353
4605,660.5,34670.0
4606,660.6,33423.785
4607,660.7,32220.0
4608,660.8,31057.699
4609,660.9,29935.049
4610,661.0,28850.0
4611,661.1,27801.186
4612,661.2,26790.0
4613,661.3,25817.417
4614,661.4,24880.0
4615,661.5,23973.825
4616,661.6,23097.438
4617,661.7,22250.0
4618,661.8,21430.846
4619,661.9,20640.0
4620,662.0,19877.155
4621,662.1,19140.0
4622,662.2,18426.295
4623,662.3,17736.089
4624,662.4,17070.0
4625,662.5,16428.317
4626,662.6,15810.0
4627,662.7,15213.99
4628,662.8,14640.486
4629,662.9,14090.0
4630,663.0,13563.028
4631,663.1,13060.0
4632,663.2,12581.652
4633,663.3,12130.0
4634,663.4,11707.434
4635,663.5,11316.55
4636,663.6,10960.0
4637,663.7,10640.37
4638,663.8,10360.0
4639,663.9,10121.649
4640,664.0,9930.0
4641,664.1,9790.294
4642,664.2,9708.084
4643,664.3,9689.0
4644,664.4,9738.83
4645,664.5,9864.0
4646,664.6,10071.93
4647,664.7,10373.393
4648,664.8,10780.0
4649,664.9,11302.726
4650,665.0,11950.0
4651,665.1,12730.944
4652,665.2,13660.0
4653,665.3,14753.177
4654,665.4,16027.442
4655,665.5,17500.0
4656,665.6,19188.204
4657,665.7,21110.0
4658,665.8,23284.302
4659,665.9,25733.299
4660,666.0,28480.0
4661,666.1,31547.594
4662,666.2,34960.0
4663,666.3,38741.863
4664,666.4,42920.0
4665,666.5,47521.934
4666,666.6,52575.826
4667,666.7,58110.0
4668,666.8,64152.467
4669,666.9,70730.0
4670,667.0,77869.547
4671,667.1,85600.0
4672,667.2,93949.606
4673,667.3,102942.079
4674,667.4,112600.0
4675,667.5,122945.636
4676,667.6,134000.0
4677,667.7,145782.959
4678,667.8,158311.055
4679,667.9,171600.0
4680,668.0,185662.595
4681,668.1,200500.0
4682,668.2,216111.435
4683,668.3,232500.0
4684,668.4,249663.502
4685,668.5,267574.678
4686,668.6,286200.0
4687,668.7,305511.069
4688,668.8,325500.0
4689,668.9,346151.483
4690,669.0,367400.0
4691,669.1,389173.145
4692,669.2,411421.171
4693,669.3,434100.0
4694,669.4,457156.332
4695,669.5,480500.0
4696,669.6,504036.76
4697,669.7,527692.938
4698,669.8,551400.0
4699,669.9,575077.834
4700,670.0,598600.0
4701,670.1,621837.823
4702,670.2,644700.0
4703,670.3,667100.384
4704,670.4,688936.079
4705,670.5,710100.0
4706,670.6,730487.04
4707,670.7,750000.0
4708,670.8,768542.095
4709,670.9,786010.293
4710,671.0,802300.0
4711,671.1,817315.927
4712,671.2,831000.0
4713,671.3,843293.761
4714,671.4,854100.0
4715,671.5,863325.724
4716,671.6,870933.551
4717,671.7,876900.0
4718,671.8,881199.736
4719,671.9,883800.0
4720,672.0,884670.719
4721,672.1,883800.0
4722,672.2,881189.17
4723,672.3,876874.266
4724,672.4,870900.0
4725,672.5,863304.557
4726,672.6,854100.0
4727,672.7,843307.161
4728,672.8,831008.056
4729,672.9,817300.0
4730,673.0,802274.52
4731,673.1,786000.0
4732,673.2,768544.759
4733,673.3,750000.0
4734,673.4,730466.432
4735,673.5,710059.891
4736,673.6,688900.0
4737,673.7,667094.047
4738,673.8,644700.0
4739,673.9,621784.724
4740,674.0,598500.0
4741,674.1,575001.831
4742,674.2,551378.179
4743,674.3,527700.0
4744,674.4,504042.763
4745,674.5,480500.0
4746,674.6,457164.609
4747,674.7,434108.891
4748,674.8,411400.0
4749,674.9,389106.175
4750,675.0,367300.0
4751,675.1,346049.486
4752,675.2,325400.0
4753,675.3,305389.218
4754,675.4,286046.706
4755,675.5,267400.0
4756,675.6,249476.117
4757,675.7,232300.0
4758,675.8,215892.277
4759,675.9,200258.393
4760,676.0,185400.0
4761,676.1,171316.711
4762,676.2,158000.0
4763,676.3,145436.296
4764,676.4,133600.0
4765,676.5,122467.338
4766,676.6,112033.872
4767,676.7,102300.0
4768,676.8,93257.04
4769,676.9,84860.0
4770,677.0,77061.385
4771,677.1,69840.0
4772,677.2,63178.52
4773,677.3,57048.803
4774,677.4,51420.0
4775,677.5,46262.296
4776,677.6,41550.0
4777,677.7,37257.752
4778,677.8,33357.377
4779,677.9,29820.0
4780,678.0,26618.152
4781,678.1,23730.0
4782,678.2,21134.733
4783,678.3,18810.0
4784,678.4,16733.742
4785,678.5,14886.627
4786,678.6,13250.0
4787,678.7,11806.009
4788,678.8,10540.0
4789,678.9,9437.805
4790,679.0,8484.0
4791,679.1,7663.938
4792,679.2,6967.336
4793,679.3,6385.0
4794,679.4,5907.818
4795,679.5,5527.0
4796,679.6,5234.332
4797,679.7,5023.579
4798,679.8,4889.0
4799,679.9,4825.18
4800,680.0,4828.0
4801,680.1,4893.744
4802,680.2,5019.0
4803,680.3,5200.711
4804,680.4,5436.934
4805,680.5,5726.0
4806,680.6,6066.369
4807,680.7,6457.0
4808,680.8,6897.075
4809,680.9,7386.18
4810,681.0,7924.0
4811,681.1,8510.279
4812,681.2,9145.0
4813,681.3,9828.214
4814,681.4,10560.0
4815,681.5,11340.533
4816,681.6,12170.332
4817,681.7,13050.0
4818,681.8,13979.972
4819,681.9,14960.0
4820,682.0,15989.846
4821,682.1,17070.0
4822,682.2,18200.801
4823,682.3,19381.246
4824,682.4,20610.0
4825,682.5,21886.09
4826,682.6,23210.0
4827,682.7,24581.943
4828,682.8,25999.596
4829,682.9,27460.0
4830,683.0,28960.543
4831,683.1,30500.0
4832,683.2,32077.224
4833,683.3,33690.0
4834,683.4,35335.591
4835,683.5,37010.256
4836,683.6,38710.0
4837,683.7,40430.986
4838,683.8,42170.0
4839,683.9,43923.999
4840,684.0,45690.0
4841,684.1,47464.654
4842,684.2,49243.076
4843,684.3,51020.0
4844,684.4,52790.372
4845,684.5,54550.0
4846,684.6,56294.734
4847,684.7,58019.736
4848,684.8,59720.0
4849,684.9,61390.982
4850,685.0,63030.0
4851,685.1,64634.429
4852,685.2,66200.0
4853,685.3,67722.154
4854,685.4,69196.808
4855,685.5,70620.0
4856,685.6,71988.249
4857,685.7,73300.0
4858,685.8,74554.346
4859,685.9,75751.039
4860,686.0,76890.0
4861,686.1,77970.597
4862,686.2,78990.0
4863,686.3,79945.868
4864,686.4,80840.0
4865,686.5,81675.22
4866,686.6,82454.3
4867,686.7,83180.0
4868,686.8,83854.792
4869,686.9,84480.0
4870,687.0,85057.186
4871,687.1,85590.0
4872,687.2,86082.841
4873,687.3,86541.003
4874,687.4,86970.0
4875,687.5,87375.029
4876,687.6,87760.0
4877,687.7,88128.856
4878,687.8,88486.952
4879,687.9,88840.0
4880,688.0,89193.235
4881,688.1,89550.0
4882,688.2,89913.715
4883,688.3,90290.0
4884,688.4,90684.432
4885,688.5,91100.225
4886,688.6,91540.0
4887,688.7,92006.131
4888,688.8,92500.0
4889,688.9,93023.306
4890,689.0,93580.0
4891,689.1,94173.278
4892,689.2,94801.073
4893,689.3,95460.0
4894,689.4,96148.211
4895,689.5,96870.0
4896,689.6,97627.674
4897,689.7,98409.444
4898,689.8,99200.0
4899,689.9,99990.752
4900,690.0,100800.0
4901,690.1,101643.505
4902,690.2,102500.0
4903,690.3,103344.804
4904,690.4,104176.62
4905,690.5,105000.0
4906,690.6,105814.536
4907,690.7,106600.0
4908,690.8,107337.498
4909,690.9,108033.308
4910,691.0,108700.0
4911,691.1,109338.105
4912,691.2,109900.0
4913,691.3,110343.96
4914,691.4,110700.0
4915,691.5,111004.214
4916,691.6,111245.275
4917,691.7,111400.0
4918,691.8,111450.493
4919,691.9,111400.0
4920,692.0,111253.281
4921,692.1,111000.0
4922,692.2,110631.243
4923,692.3,110158.886
4924,692.4,109600.0
4925,692.5,108960.292
4926,692.6,108200.0
4927,692.7,107283.392
4928,692.8,106236.312
4929,692.9,105100.0
4930,693.0,103900.115
4931,693.1,102600.0
4932,693.2,101163.651
4933,693.3,99620.0
4934,693.4,98005.809
4935,693.5,96324.227
4936,693.6,94570.0
4937,693.7,92740.05
4938,693.8,90840.0
4939,693.9,88877.548
4940,694.0,86860.0
4941,694.1,84794.607
4942,694.2,82688.787
4943,694.3,80550.0
4944,694.4,78385.286
4945,694.5,76200.0
4946,694.6,73999.444
4947,694.7,71790.396
4948,694.8,69580.0
4949,694.9,67374.934
4950,695.0,65180.0
4951,695.1,62999.8
4952,695.2,60840.0
4953,695.3,58706.074
4954,695.4,56601.676
4955,695.5,54530.0
4956,695.6,52494.543
4957,695.7,50500.0
4958,695.8,48550.928
4959,695.9,46650.137
4960,696.0,44800.0
4961,696.1,43002.743
4962,696.2,41260.0
4963,696.3,39572.757
4964,696.4,37940.0
4965,696.5,36360.827
4966,696.6,34836.778
4967,696.7,33370.0
4968,696.8,31961.787
4969,696.9,30610.0
4970,697.0,29312.429
4971,697.1,28070.0
4972,697.2,26883.656
4973,697.3,25751.283
4974,697.4,24670.0
4975,697.5,23637.029
4976,697.6,22650.0
4977,697.7,21706.945
4978,697.8,20807.1
4979,697.9,19950.0
4980,698.0,19134.909
4981,698.1,18360.0
4982,698.2,17622.883
4983,698.3,16920.0
4984,698.4,16247.935
4985,698.5,15605.014
4986,698.6,14990.0
4987,698.7,14401.813
4988,698.8,13840.0
4989,698.9,13303.727
4990,699.0,12790.0
4991,699.1,12295.7
4992,699.2,11819.378
4993,699.3,11360.0
4994,699.4,10916.789
4995,699.5,10490.0
4996,699.6,10079.652
4997,699.7,9683.798
4998,699.8,9300.0
4999,699.9,8926.343
5000,700.0,8563.0
5001,700.1,8210.413
5002,700.2,7868.0
5003,700.3,7535.018
5004,700.4,7211.106
5005,700.5,6896.0
5006,700.6,6589.417
5007,700.7,6291.0
5008,700.8,6000.447
5009,700.9,5717.756
5010,701.0,5443.0
5011,701.1,5176.178
5012,701.2,4917.0
5013,701.3,4665.213
5014,701.4,4421.0
5015,701.5,4184.591
5016,701.6,3955.956
5017,701.7,3735.0
5018,701.8,3521.661
5019,701.9,3316.0
5020,702.0,3118.099
5021,702.1,2928.0
5022,702.2,2745.705
5023,702.3,2571.089
5024,702.4,2404.0
5025,702.5,2244.309
5026,702.6,2092.0
5027,702.7,1947.064
5028,702.8,1809.428
5029,702.9,1679.0
5030,703.0,1555.638
5031,703.1,1439.0
5032,703.2,1328.777
5033,703.3,1225.0
5034,703.4,1127.711
5035,703.5,1036.655
5036,703.6,951.5
5037,703.7,871.945
5038,703.8,797.8
5039,703.9,728.892
5040,704.0,665.0
5041,704.1,605.895
5042,704.2,551.365
5043,704.3,501.2
5044,704.4,455.188
5045,704.5,413.1
5046,704.6,374.717
5047,704.7,339.87
5048,704.8,308.4
5049,704.9,280.143
5050,705.0,254.9
5051,705.1,232.485
5052,705.2,212.8
5053,705.3,195.761
5054,705.4,181.265
5055,705.5,169.2
5056,705.6,159.466
5057,705.7,152.0
5058,705.8,146.757
5059,705.9,143.725
5060,706.0,142.9
5061,706.1,144.284
5062,706.2,147.9
5063,706.3,153.783
5064,706.4,162.0
5065,706.5,172.632
5066,706.6,185.791
5067,706.7,201.6
5068,706.8,220.186
5069,706.9,241.7
5070,707.0,266.308
5071,707.1,294.2
5072,707.2,325.582
5073,707.3,360.698
5074,707.4,399.8
5075,707.5,443.144
5076,707.6,491.0
5077,707.7,543.649
5078,707.8,601.407
5079,707.9,664.6
5080,708.0,733.553
5081,708.1,808.6
5082,708.2,890.085
5083,708.3,978.4
5084,708.4,1073.935
5085,708.5,1177.027
5086,708.6,1288.0
5087,708.7,1407.191
5088,708.8,1535.0
5089,708.9,1671.824
5090,709.0,1818.0
5091,709.1,1973.857
5092,709.2,2139.74
5093,709.3,2316.0
5094,709.4,2502.981
5095,709.5,2701.0
5096,709.6,2910.352
5097,709.7,3131.277
5098,709.8,3364.0
5099,709.9,3608.778
5100,710.0,3866.0
5101,710.1,4136.03
5102,710.2,4419.0
5103,710.3,4715.012
5104,710.4,5024.269
5105,710.5,5347.0
5106,710.6,5683.46
5107,710.7,6034.0
5108,710.8,6398.966
5109,710.9,6778.572
5110,711.0,7173.0
5111,711.1,7582.55
5112,711.2,8008.0
5113,711.3,8450.223
5114,711.4,8910.0
5115,711.5,9388.004
5116,711.6,9884.582
5117,711.7,10400.0
5118,711.8,10934.721
5119,711.9,11490.0
5120,712.0,12067.535
5121,712.1,12670.0
5122,712.2,13300.085
5123,712.3,13959.569
5124,712.4,14650.0
5125,712.5,15372.941
5126,712.6,16130.0
5127,712.7,16923.09
5128,712.8,17755.297
5129,712.9,18630.0
5130,713.0,19550.527
5131,713.1,20520.0
5132,713.2,21541.731
5133,713.3,22620.0
5134,713.4,23758.987
5135,713.5,24961.499
5136,713.6,26230.0
5137,713.7,27567.601
5138,713.8,28980.0
5139,713.9,30472.971
5140,714.0,32050.0
5141,714.1,33713.833
5142,714.2,35466.534
5143,714.3,37310.0
5144,714.4,39246.524
5145,714.5,41280.0
5146,714.6,43414.162
5147,714.7,45650.513
5148,714.8,47990.0
5149,714.9,50433.298
5150,715.0,52980.0
5151,715.1,55629.316
5152,715.2,58380.0
5153,715.3,61230.448
5154,715.4,64178.062
5155,715.5,67220.0
5156,715.6,70352.734
5157,715.7,73570.0
5158,715.8,76864.87
5159,715.9,80230.483
5160,716.0,83660.0
5161,716.1,87146.156
5162,716.2,90680.0
5163,716.3,94250.502
5164,716.4,97840.0
5165,716.5,101431.795
5166,716.6,105019.663
5167,716.7,108600.0
5168,716.8,112166.243
5169,716.9,115700.0
5170,717.0,119181.838
5171,717.1,122600.0
5172,717.2,125941.904
5173,717.3,129184.001
5174,717.4,132300.0
5175,717.5,135270.043
5176,717.6,138100.0
5177,717.7,140795.788
5178,717.8,143337.788
5179,717.9,145700.0
5180,718.0,147858.79
5181,718.1,149800.0
5182,718.2,151514.025
5183,718.3,153000.0
5184,718.4,154259.139
5185,718.5,155292.24
5186,718.6,156100.0
5187,718.7,156677.829
5188,718.8,157000.0
5189,718.9,157041.337
5190,719.0,156800.0
5191,719.1,156282.951
5192,719.2,155509.02
5193,719.3,154500.0
5194,719.4,153269.703
5195,719.5,151800.0
5196,719.6,150072.432
5197,719.7,148099.16
5198,719.8,145900.0
5199,719.9,143494.357
5200,720.0,140900.0
5201,720.1,138132.466
5202,720.2,135200.0
5203,720.3,132109.868
5204,720.4,128872.707
5205,720.5,125500.0
5206,720.6,122003.994
5207,720.7,118400.0
5208,720.8,114704.064
5209,720.9,110932.103
5210,721.0,107100.0
5211,721.1,103223.776
5212,721.2,99320.0
5213,721.3,95404.55
5214,721.4,91490.0
5215,721.5,87588.125
5216,721.6,83710.818
5217,721.7,79870.0
5218,721.8,76076.904
5219,721.9,72340.0
5220,722.0,68667.583
5221,722.1,65070.0
5222,722.2,61557.191
5223,722.3,58135.412
5224,722.4,54810.0
5225,722.5,51586.338
5226,722.6,48470.0
5227,722.7,45465.825
5228,722.8,42575.518
5229,722.9,39800.0
5230,723.0,37140.564
5231,723.1,34600.0
5232,723.2,32180.452
5233,723.3,29880.0
5234,723.4,27695.933
5235,723.5,25626.456
5236,723.6,23670.0
5237,723.7,21825.012
5238,723.8,20090.0
5239,723.9,18462.986
5240,724.0,16940.0
5241,724.1,15516.552
5242,724.2,14188.079
5243,724.3,12950.0
5244,724.4,11798.146
5245,724.5,10730.0
5246,724.6,9742.984
5247,724.7,8832.631
5248,724.8,7994.0
5249,724.9,7222.383
5250,725.0,6514.0
5251,725.1,5865.211
5252,725.2,5272.0
5253,725.3,4730.416
5254,725.4,4237.138
5255,725.5,3789.0
5256,725.6,3382.777
5257,725.7,3015.0
5258,725.8,2682.322
5259,725.9,2382.131
5260,726.0,2112.0
5261,726.1,1869.474
5262,726.2,1652.0
5263,726.3,1457.137
5264,726.4,1283.0
5265,726.5,1127.841
5266,726.6,989.897
5267,726.7,867.4
5268,726.8,758.673
5269,726.9,662.4
5270,727.0,577.368
5271,727.1,502.4
5272,727.2,436.382
5273,727.3,378.403
5274,727.4,327.6
5275,727.5,283.14
5276,727.6,244.3
5277,727.7,210.412
5278,727.8,180.921
5279,727.9,155.3
5280,728.0,133.053
5281,728.1,113.8
5282,728.2,97.192
5283,728.3,82.88
5284,728.4,70.538
5285,728.5,59.927
5286,728.6,50.83
5287,728.7,43.038
5288,728.8,36.38
5289,728.9,30.698
5290,729.0,25.86
5291,729.1,21.743
5292,729.2,18.253
5293,729.3,15.3
5294,729.4,12.8
5295,729.5,10.69
5296,729.6,8.912
5297,729.7,7.419
5298,729.8,6.168
5299,729.9,5.117
5300,730.0,4.238
5301,730.1,3.504
5302,730.2,2.892
5303,730.3,2.382
5304,730.4,1.959
5305,730.5,1.609
5306,730.6,1.319
5307,730.7,1.08
5308,730.8,0.882
5309,730.9,0.719
5310,731.0,0.586
5311,731.1,0.477
5312,731.2,0.387
5313,731.3,0.313
5314,731.4,0.254
5315,731.5,0.205
5316,731.6,0.165
5317,731.7,0.133
5318,731.8,0.107
5319,731.9,0.086
5320,732.0,0.069
5321,732.1,0.055
5322,732.2,0.044
5323,732.3,0.035
5324,732.4,0.028
5325,732.5,0.023
5326,732.6,0.018
5327,732.7,0.015
5328,732.8,0.012
5329,732.9,0.009
5330,733.0,0.008
5331,733.1,0.006
5332,733.2,0.005
5333,733.3,0.004
5334,733.4,0.003
5335,733.5,0.003
5336,733.6,0.002
5337,733.7,0.002
5338,733.8,0.002
5339,733.9,0.001
5340,734.0,0.001
5341,734.1,0.001
5342,734.2,0.001
5343,734.3,0.001
5344,734.4,0.001
5345,734.5,0.001
5346,734.6,0.001
5347,734.7,0.001
5348,734.8,0.001
5349,734.9,0.001
5350,735.0,0.001
5351,735.1,0.001
5352,735.2,0.002
5353,735.3,0.002
5354,735.4,0.002
5355,735.5,0.003
5356,735.6,0.004
5357,735.7,0.004
5358,735.8,0.005
5359,735.9,0.007
5360,736.0,0.008
5361,736.1,0.01
5362,736.2,0.013
5363,736.3,0.016
5364,736.4,0.02
5365,736.5,0.025
5366,736.6,0.031
5367,736.7,0.038
5368,736.8,0.047
5369,736.9,0.058
5370,737.0,0.072
5371,737.1,0.089
5372,737.2,0.109
5373,737.3,0.134
5374,737.4,0.164
5375,737.5,0.202
5376,737.6,0.247
5377,737.7,0.302
5378,737.8,0.368
5379,737.9,0.449
5380,738.0,0.546
5381,738.1,0.664
5382,738.2,0.806
5383,738.3,0.976
5384,738.4,1.181
5385,738.5,1.427
5386,738.6,1.722
5387,738.7,2.075
5388,738.8,2.497
5389,738.9,3.0
5390,739.0,3.599
5391,739.1,4.311
5392,739.2,5.157
5393,739.3,6.163
5394,739.4,7.353
5395,739.5,8.757
5396,739.6,10.412
5397,739.7,12.365
5398,739.8,14.67
5399,739.9,17.38
5400,740.0,20.56
5401,740.1,24.28
5402,740.2,28.63
5403,740.3,33.709
5404,740.4,39.643
5405,740.5,46.56
5406,740.6,54.598
5407,740.7,63.92
5408,740.8,74.709
5409,740.9,87.214
5410,741.0,101.7
5411,741.1,118.435
5412,741.2,137.7
5413,741.3,159.809
5414,741.4,185.2
5415,741.5,214.349
5416,741.6,247.773
5417,741.7,286.0
5418,741.8,329.597
5419,741.9,379.3
5420,742.0,435.893
5421,742.1,500.2
5422,742.2,573.109
5423,742.3,655.723
5424,742.4,749.2
5425,742.5,854.738
5426,742.6,973.7
5427,742.7,1107.558
5428,742.8,1258.054
5429,742.9,1427.0
5430,743.0,1616.27
5431,743.1,1828.0
5432,743.2,2064.435
5433,743.3,2328.0
5434,743.4,2621.271
5435,743.5,2947.239
5436,743.6,3309.0
5437,743.7,3709.74
5438,743.8,4153.0
5439,743.9,4642.46
5440,744.0,5182.0
5441,744.1,5775.685
5442,744.2,6428.11
5443,744.3,7144.0
5444,744.4,7927.948
5445,744.5,8784.0
5446,744.6,9716.666
5447,744.7,10732.836
5448,744.8,11840.0
5449,744.9,13044.738
5450,745.0,14350.0
5451,745.1,15759.047
5452,745.2,17280.0
5453,745.3,18921.543
5454,745.4,20689.739
5455,745.5,22590.0
5456,745.6,24627.941
5457,745.7,26810.0
5458,745.8,29142.55
5459,745.9,31630.878
5460,746.0,34280.0
5461,746.1,37094.847
5462,746.2,40080.0
5463,746.3,43240.055
5464,746.4,46580.0
5465,746.5,50104.552
5466,746.6,53816.935
5467,746.7,57720.0
5468,746.8,61815.401
5469,746.9,66100.0
5470,747.0,70570.78
5471,747.1,75230.0
5472,747.2,80079.976
5473,747.3,85117.975
5474,747.4,90340.0
5475,747.5,95739.537
5476,747.6,101300.0
5477,747.7,107007.622
5478,747.8,112869.983
5479,747.9,118900.0
5480,748.0,125096.256
5481,748.1,131400.0
5482,748.2,137758.446
5483,748.3,144200.0
5484,748.4,150758.166
5485,748.5,157405.66
5486,748.6,164100.0
5487,748.7,170803.792
5488,748.8,177500.0
5489,748.9,184173.941
5490,749.0,190800.0
5491,749.1,197353.259
5492,749.2,203822.516
5493,749.3,210200.0
5494,749.4,216471.869
5495,749.5,222600.0
5496,749.6,228544.644
5497,749.7,234283.822
5498,749.8,239800.0
5499,749.9,245076.49
5500,750.0,250100.0
5501,750.1,254853.298
5502,750.2,259300.0
5503,750.3,263406.757
5504,750.4,267171.505
5505,750.5,270600.0
5506,750.6,273689.091
5507,750.7,276400.0
5508,750.8,278692.938
5509,750.9,280559.705
5510,751.0,282000.0
5511,751.1,283013.526
5512,751.2,283600.0
5513,751.3,283760.31
5514,751.4,283500.0
5515,751.5,282823.465
5516,751.6,281725.852
5517,751.7,280200.0
5518,751.8,278246.879
5519,751.9,275900.0
5520,752.0,273189.566
5521,752.1,270100.0
5522,752.2,266615.899
5523,752.3,262768.335
5524,752.4,258600.0
5525,752.5,254144.613
5526,752.6,249400.0
5527,752.7,244361.706
5528,752.8,239052.04
5529,752.9,233500.0
5530,753.0,227736.487
5531,753.1,221800.0
5532,753.2,215722.226
5533,753.3,209500.0
5534,753.4,203130.782
5535,753.5,196649.395
5536,753.6,190100.0
5537,753.7,183517.529
5538,753.8,176900.0
5539,753.9,170246.835
5540,754.0,163600.0
5541,754.1,157003.819
5542,754.2,150469.507
5543,754.3,144000.0
5544,754.4,137602.341
5545,754.5,131300.0
5546,754.6,125115.345
5547,754.7,119049.904
5548,754.8,113100.0
5549,754.9,107270.442
5550,755.0,101600.0
5551,755.1,96123.997
5552,755.2,90830.0
5553,755.3,85699.701
5554,755.4,80739.035
5555,755.5,75960.0
5556,755.6,71371.492
5557,755.7,66970.0
5558,755.8,62750.708
5559,755.9,58715.985
5560,756.0,54870.0
5561,756.1,51214.305
5562,756.2,47740.0
5563,756.3,44438.133
5564,756.4,41310.0
5565,756.5,38357.363
5566,756.6,35573.602
5567,756.7,32950.0
5568,756.8,30479.29
5569,756.9,28160.0
5570,757.0,25990.16
5571,757.1,23960.0
5572,757.2,22059.268
5573,757.3,20283.575
5574,757.4,18630.0
5575,757.5,17094.682
5576,757.6,15670.0
5577,757.7,14347.981
5578,757.8,13122.995
5579,757.9,11990.0
5580,758.0,10943.851
5581,758.1,9979.0
5582,758.2,9089.974
5583,758.3,8272.0
5584,758.4,7520.5
5585,758.5,6830.988
5586,758.6,6199.0
5587,758.7,5620.229
5588,758.8,5091.0
5589,758.9,4607.782
5590,759.0,4167.0
5591,759.1,3765.198
5592,759.2,3399.46
5593,759.3,3067.0
5594,759.4,2765.063
5595,759.5,2491.0
5596,759.6,2242.307
5597,759.7,2016.947
5598,759.8,1813.0
5599,759.9,1628.588
5600,760.0,1462.0
5601,760.1,1311.613
5602,760.2,1176.0
5603,760.3,1053.825
5604,760.4,943.93
5605,760.5,845.2
5606,760.6,756.562
5607,760.7,677.1
5608,760.8,605.965
5609,760.9,542.406
5610,761.0,485.7
5611,761.1,435.165
5612,761.2,390.3
5613,761.3,350.64
5614,761.4,315.7
5615,761.5,285.02
5616,761.6,258.257
5617,761.7,235.1
5618,761.8,215.254
5619,761.9,198.5
5620,762.0,184.643
5621,762.1,173.5
5622,762.2,164.906
5623,762.3,158.741
5624,762.4,154.9
5625,762.5,153.293
5626,762.6,153.9
5627,762.7,156.714
5628,762.8,161.721
5629,762.9,168.9
5630,763.0,178.259
5631,763.1,189.9
5632,763.2,203.934
5633,763.3,220.4
5634,763.4,239.342
5635,763.5,260.892
5636,763.6,285.2
5637,763.7,312.419
5638,763.8,342.7
5639,763.9,376.198
5640,764.0,413.1
5641,764.1,453.6
5642,764.2,497.899
5643,764.3,546.2
5644,764.4,598.703
5645,764.5,655.6
5646,764.6,717.105
5647,764.7,783.527
5648,764.8,855.2
5649,764.9,932.378
5650,765.0,1015.0
5651,765.1,1103.048
5652,765.2,1197.0
5653,765.3,1297.373
5654,765.4,1404.343
5655,765.5,1518.0
5656,765.6,1638.467
5657,765.7,1766.0
5658,765.8,1900.816
5659,765.9,2042.859
5660,766.0,2192.0
5661,766.1,2348.23
5662,766.2,2512.0
5663,766.3,2683.7
5664,766.4,2863.0
5665,766.5,3049.486
5666,766.6,3243.129
5667,766.7,3444.0
5668,766.8,3652.079
5669,766.9,3867.0
5670,767.0,4088.364
5671,767.1,4316.0
5672,767.2,4549.707
5673,767.3,4788.923
5674,767.4,5033.0
5675,767.5,5281.395
5676,767.6,5534.0
5677,767.7,5790.626
5678,767.8,6050.335
5679,767.9,6312.0
5680,768.0,6574.659
5681,768.1,6838.0
5682,768.2,7101.734
5683,768.3,7365.0
5684,768.4,7626.797
5685,768.5,7886.129
5686,768.6,8142.0
5687,768.7,8393.492
5688,768.8,8640.0
5689,768.9,8880.876
5690,769.0,9115.0
5691,769.1,9341.19
5692,769.2,9558.491
5693,769.3,9766.0
5694,769.4,9963.063
5695,769.5,10150.0
5696,769.6,10326.795
5697,769.7,10491.104
5698,769.8,10640.0
5699,769.9,10771.826
5700,770.0,10890.0
5701,770.1,10997.442
5702,770.2,11090.0
5703,770.3,11163.268
5704,770.4,11218.885
5705,770.5,11260.0
5706,770.6,11288.348
5707,770.7,11300.0
5708,770.8,11291.043
5709,770.9,11263.294
5710,771.0,11220.0
5711,771.1,11163.189
5712,771.2,11090.0
5713,771.3,10997.831
5714,771.4,10890.0
5715,771.5,10770.176
5716,771.6,10637.504
5717,771.7,10490.0
5718,771.8,10326.61
5719,771.9,10150.0
5720,772.0,9963.078
5721,772.1,9766.0
5722,772.2,9558.476
5723,772.3,9341.174
5724,772.4,9115.0
5725,772.5,8880.904
5726,772.6,8640.0
5727,772.7,8393.371
5728,772.8,8141.801
5729,772.9,7886.0
5730,773.0,7626.736
5731,773.1,7365.0
5732,773.2,7101.803
5733,773.3,6838.0
5734,773.4,6574.364
5735,773.5,6311.507
5736,773.6,6050.0
5737,773.7,5790.499
5738,773.8,5534.0
5739,773.9,5281.416
5740,774.0,5033.0
5741,774.1,4788.925
5742,774.2,4549.72
5743,774.3,4316.0
5744,774.4,4088.322
5745,774.5,3867.0
5746,774.6,3652.263
5747,774.7,3444.231
5748,774.8,3243.0
5749,774.9,3048.75
5750,775.0,2862.0
5751,775.1,2683.178
5752,775.2,2512.0
5753,775.3,2348.088
5754,775.4,2191.405
5755,775.5,2042.0
5756,775.6,1899.894
5757,775.7,1765.0
5758,775.8,1637.226
5759,775.9,1516.557
5760,776.0,1403.0
5761,776.1,1296.405
5762,776.2,1196.0
5763,776.3,1101.1
5764,776.4,1012.0
5765,776.5,929.064
5766,776.6,851.94
5767,776.7,780.1
5768,776.8,713.094
5769,776.9,650.8
5770,777.0,593.127
5771,777.1,539.8
5772,777.2,490.515
5773,777.3,445.049
5774,777.4,403.2
5775,777.5,364.76
5776,777.6,329.5
5777,777.7,297.197
5778,777.8,267.658
5779,777.9,240.7
5780,778.0,216.14
5781,778.1,193.8
5782,778.2,173.505
5783,778.3,155.1
5784,778.4,138.436
5785,778.5,123.379
5786,778.6,109.8
5787,778.7,97.572
5788,778.8,86.58
5789,778.9,76.713
5790,779.0,67.87
5791,779.1,59.955
5792,779.2,52.885
5793,779.3,46.58
5794,779.4,40.964
5795,779.5,35.97
5796,779.6,31.537
5797,779.7,27.611
5798,779.8,24.14
5799,779.9,21.073
5800,780.0,18.37
5801,780.1,15.991
5802,780.2,13.9
5803,780.3,12.062
5804,780.4,10.45
5805,780.5,9.041
5806,780.6,7.811
5807,780.7,6.738
5808,780.8,5.803
5809,780.9,4.991
5810,781.0,4.287
5811,781.1,3.676
5812,781.2,3.148
5813,781.3,2.692
5814,781.4,2.298
5815,781.5,1.959
5816,781.6,1.667
5817,781.7,1.417
5818,781.8,1.202
5819,781.9,1.019
5820,782.0,0.862
5821,782.1,0.729
5822,782.2,0.615
5823,782.3,0.518
5824,782.4,0.436
5825,782.5,0.366
5826,782.6,0.307
5827,782.7,0.257
5828,782.8,0.215
5829,782.9,0.179
5830,783.0,0.15
5831,783.1,0.125
5832,783.2,0.103
5833,783.3,0.086
5834,783.4,0.071
5835,783.5,0.059
5836,783.6,0.049
5837,783.7,0.04
5838,783.8,0.033
5839,783.9,0.027
5840,784.0,0.022
5841,784.1,0.018
5842,784.2,0.015
5843,784.3,0.012
5844,784.4,0.01
5845,784.5,0.008
5846,784.6,0.007
5847,784.7,0.005
5848,784.8,0.004
5849,784.9,0.004
5850,785.0,0.003
5851,785.1,0.002
5852,785.2,0.002
5853,785.3,0.002
5854,785.4,0.001
5855,785.5,0.001
5856,785.6,0.001
5857,785.7,0.001
5858,785.8,0.001
5859,785.9,0.0
5860,786.0,0.0
5861,786.1,0.0
5862,786.2,0.0
5863,786.3,0.0
5864,786.4,0.0
5865,786.5,0.0
5866,786.6,0.0
5867,786.7,0.0
5868,786.8,0.0
5869,786.9,0.0
5870,787.0,0.0
5871,787.1,0.0
5872,787.2,0.0
5873,787.3,0.0
5874,787.4,0.0
5875,787.5,0.0
5876,787.6,0.0
5877,787.7,0.0
5878,787.8,0.0
5879,787.9,0.0
5880,788.0,0.0
5881,788.1,0.0
5882,788.2,0.0
5883,788.3,0.0
5884,788.4,0.0
5885,788.5,0.0
5886,788.6,0.0
5887,788.7,0.0
5888,788.8,0.0
5889,788.9,0.0
5890,789.0,0.0
5891,789.1,0.0
5892,789.2,0.0
5893,789.3,0.0
5894,789.4,0.0
5895,789.5,0.0
5896,789.6,0.0
5897,789.7,0.0
5898,789.8,0.0
5899,789.9,0.0
5900,790.0,0.0
5901,790.1,0.0
5902,790.2,0.0
5903,790.3,0.0
5904,790.4,0.0
5905,790.5,0.0
5906,790.6,0.0
5907,790.7,0.0
5908,790.8,0.0
5909,790.9,0.0
5910,791.0,0.0
5911,791.1,0.0
5912,791.2,0.0
5913,791.3,0.0
5914,791.4,0.0
5915,791.5,0.0
5916,791.6,0.0
5917,791.7,0.0
5918,791.8,0.0
5919,791.9,0.0
5920,792.0,0.0
5921,792.1,0.0
5922,792.2,0.0
5923,792.3,0.0
5924,792.4,0.0
5925,792.5,0.0
5926,792.6,0.0
5927,792.7,0.0
5928,792.8,0.0
5929,792.9,0.0
5930,793.0,0.0
5931,793.1,0.0
5932,793.2,0.0
5933,793.3,0.0
5934,793.4,0.0
5935,793.5,0.0
5936,793.6,0.0
5937,793.7,0.0
5938,793.8,0.0
5939,793.9,0.0
5940,794.0,0.0
5941,794.1,0.0
5942,794.2,0.0
5943,794.3,0.0
5944,794.4,0.0
5945,794.5,0.0
5946,794.6,0.0
5947,794.7,0.0
5948,794.8,0.0
5949,794.9,0.0
5950,795.0,0.0
5951,795.1,0.0
5952,795.2,0.0
5953,795.3,0.0
5954,795.4,0.0
5955,795.5,0.0
5956,795.6,0.0
5957,795.7,0.0
5958,795.8,0.0
5959,795.9,0.0
5960,796.0,0.0
5961,796.1,0.0
5962,796.2,0.0
5963,796.3,0.0
5964,796.4,0.0
5965,796.5,0.0
5966,796.6,0.0
5967,796.7,0.0
5968,796.8,0.0
5969,796.9,0.0
5970,797.0,0.0
5971,797.1,0.0
5972,797.2,0.0
5973,797.3,0.0
5974,797.4,0.0
5975,797.5,0.0
5976,797.6,0.0
5977,797.7,0.0
5978,797.8,0.0
5979,797.9,0.0
5980,798.0,0.0
5981,798.1,0.0
5982,798.2,0.0
5983,798.3,0.0
5984,798.4,0.0
5985,798.5,0.0
5986,798.6,0.0
5987,798.7,0.0
5988,798.8,0.0
5989,798.9,0.0
5990,799.0,0.0
5991,799.1,0.0
5992,799.2,0.0
5993,799.3,0.0
5994,799.4,0.0
5995,799.5,0.0
5996,799.6,0.0
5997,799.7,0.0
5998,799.8,0.0
5999,799.9,0.0
6000,800.0,0.0
6001,800.1,0.0
6002,800.2,0.0
6003,800.3,0.0
6004,800.4,0.0
6005,800.5,0.0
6006,800.6,0.0
6007,800.7,0.0
6008,800.8,0.0
6009,800.9,0.0
6010,801.0,0.0
6011,801.1,0.0
6012,801.2,0.0
6013,801.3,0.001
6014,801.4,0.001
6015,801.5,0.001
6016,801.6,0.001
6017,801.7,0.001
6018,801.8,0.001
6019,801.9,0.001
6020,802.0,0.001
6021,802.1,0.002
6022,802.2,0.002
6023,802.3,0.003
6024,802.4,0.003
6025,802.5,0.004
6026,802.6,0.005
6027,802.7,0.007
6028,802.8,0.008
6029,802.9,0.01
6030,803.0,0.013
6031,803.1,0.016
6032,803.2,0.02
6033,803.3,0.025
6034,803.4,0.031
6035,803.5,0.039
6036,803.6,0.049
6037,803.7,0.06
6038,803.8,0.075
6039,803.9,0.093
6040,804.0,0.115
6041,804.1,0.143
6042,804.2,0.177
6043,804.3,0.219
6044,804.4,0.27
6045,804.5,0.332
6046,804.6,0.409
6047,804.7,0.503
6048,804.8,0.617
6049,804.9,0.757
6050,805.0,0.927
6051,805.1,1.133
6052,805.2,1.384
6053,805.3,1.687
6054,805.4,2.055
6055,805.5,2.501
6056,805.6,3.038
6057,805.7,3.686
6058,805.8,4.465
6059,805.9,5.404
6060,806.0,6.532
6061,806.1,7.883
6062,806.2,9.502
6063,806.3,11.438
6064,806.4,13.75
6065,806.5,16.507
6066,806.6,19.796
6067,806.7,23.71
6068,806.8,28.351
6069,806.9,33.86
6070,807.0,40.389
6071,807.1,48.11
6072,807.2,57.217
6073,807.3,67.981
6074,807.4,80.69
6075,807.5,95.645
6076,807.6,113.2
6077,807.7,133.757
6078,807.8,157.863
6079,807.9,186.1
6080,808.0,219.089
6081,808.1,257.6
6082,808.2,302.477
6083,808.3,354.7
6084,808.4,415.352
6085,808.5,485.805
6086,808.6,567.5
6087,808.7,661.994
6088,808.8,771.3
6089,808.9,897.564
6090,809.0,1043.0
6091,809.1,1210.077
6092,809.2,1402.198
6093,809.3,1623.0
6094,809.4,1876.222
6095,809.5,2166.0
6096,809.6,2496.903
6097,809.7,2874.827
6098,809.8,3306.0
6099,809.9,3796.899
6100,810.0,4355.0
6101,810.1,4988.315
6102,810.2,5706.0
6103,810.3,6518.027
6104,810.4,7436.487
6105,810.5,8474.0
6106,810.6,9643.603
6107,810.7,10960.0
6108,810.8,12439.009
6109,810.9,14099.239
6110,811.0,15960.0
6111,811.1,18041.806
6112,811.2,20370.0
6113,811.3,22970.912
6114,811.4,25870.0
6115,811.5,29094.405
6116,811.6,32678.861
6117,811.7,36660.0
6118,811.8,41074.598
6119,811.9,45960.0
6120,812.0,51355.798
6121,812.1,57310.0
6122,812.2,63872.933
6123,812.3,71095.795
6124,812.4,79030.0
6125,812.5,87730.951
6126,812.6,97270.0
6127,812.7,107719.927
6128,812.8,119143.268
6129,812.9,131600.0
6130,813.0,145155.905
6131,813.1,159900.0
6132,813.2,175923.101
6133,813.3,193300.0
6134,813.4,212106.619
6135,813.5,232439.42
6136,813.6,254400.0
6137,813.7,278088.595
6138,813.8,303600.0
6139,813.9,331032.027
6140,814.0,360500.0
6141,814.1,392115.6
6142,814.2,425958.412
6143,814.3,462100.0
6144,814.4,500628.708
6145,814.5,541700.0
6146,814.6,585464.203
6147,814.7,631983.961
6148,814.8,681300.0
6149,814.9,733480.066
6150,815.0,788700.0
6151,815.1,847116.299
6152,815.2,908700.0
6153,815.3,973423.842
6154,815.4,1041452.821
6155,815.5,1113000.0
6156,815.6,1188215.789
6157,815.7,1267000.0
6158,815.8,1349221.84
6159,815.9,1434878.695
6160,816.0,1524000.0
6161,816.1,1616645.976
6162,816.2,1713000.0
6163,816.3,1813190.132
6164,816.4,1917000.0
6165,816.5,2024196.632
6166,816.6,2134825.104
6167,816.7,2249000.0
6168,816.8,2366779.98
6169,816.9,2488000.0
6170,817.0,2612454.555
6171,817.1,2740000.0
6172,817.2,2870511.861
6173,817.3,3003880.504
6174,817.4,3140000.0
6175,817.5,3278755.942
6176,817.6,3420000.0
6177,817.7,3563571.926
6178,817.8,3709297.733
6179,817.9,3857000.0
6180,818.0,4006548.276
6181,818.1,4158000.0
6182,818.2,4311330.652
6183,818.3,4466000.0
6184,818.4,4621474.12
6185,818.5,4777760.033
6186,818.6,4935000.0
6187,818.7,5093222.387
6188,818.8,5252000.0
6189,818.9,5410909.682
6190,819.0,5570000.0
6191,819.1,5729362.646
6192,819.2,5888790.09
6193,819.3,6048000.0
6194,819.4,6206755.306
6195,819.5,6365000.0
6196,819.6,6522702.487
6197,819.7,6679747.769
6198,819.8,6836000.0
6199,819.9,6991375.592
6200,820.0,7146000.0
6201,820.1,7299962.675
6202,820.2,7453000.0
6203,820.3,7604832.645
6204,820.4,7755471.498
6205,820.5,7905000.0
6206,820.6,8053494.127
6207,820.7,8201000.0
6208,820.8,8347520.175
6209,820.9,8492912.819
6210,821.0,8637000.0
6211,821.1,8779660.506
6212,821.2,8921000.0
6213,821.3,9061135.18
6214,821.4,9200000.0
6215,821.5,9337451.062
6216,821.6,9473218.305
6217,821.7,9607000.0
6218,821.8,9738819.441
6219,821.9,9870000.0
6220,822.0,10001310.315
6221,822.1,10130000.0
6222,822.2,10253400.252
6223,822.3,10372687.622
6224,822.4,10490000.0
6225,822.5,10606568.858
6226,822.6,10720000.0
6227,822.7,10827790.554
6228,822.8,10930628.611
6229,822.9,11030000.0
6230,823.0,11126854.79
6231,823.1,11220000.0
6232,823.2,11307926.048
6233,823.3,11390000.0
6234,823.4,11465920.247
6235,823.5,11535833.842
6236,823.6,11600000.0
6237,823.7,11658412.08
6238,823.8,11710000.0
6239,823.9,11753757.87
6240,824.0,11790000.0
6241,824.1,11818997.58
6242,824.2,11839529.129
6243,824.3,11850000.0
6244,824.4,11849517.905
6245,824.5,11840000.0
6246,824.6,11823198.149
6247,824.7,11797393.613
6248,824.8,11760000.0
6249,824.9,11709668.422
6250,825.0,11650000.0
6251,825.1,11584332.466
6252,825.2,11510000.0
6253,825.3,11423823.079
6254,825.4,11326570.938
6255,825.5,11220000.0
6256,825.6,11105125.76
6257,825.7,10980000.0
6258,825.8,10842814.237
6259,825.9,10695282.63
6260,826.0,10540000.0
6261,826.1,10378741.049
6262,826.2,10210000.0
6263,826.3,10032104.954
6264,826.4,9846000.0
6265,826.5,9653082.98
6266,826.6,9453950.769
6267,826.7,9249000.0
6268,826.8,9038598.642
6269,826.9,8823000.0
6270,827.0,8602540.036
6271,827.1,8378000.0
6272,827.2,8150204.865
6273,827.3,7919709.207
6274,827.4,7687000.0
6275,827.5,7452578.115
6276,827.6,7217000.0
6277,827.7,6980797.788
6278,827.8,6744350.763
6279,827.9,6508000.0
6280,828.0,6272217.629
6281,828.1,6038000.0
6282,828.2,5806253.447
6283,828.3,5577000.0
6284,828.4,5350181.066
6285,828.5,5126299.849
6286,828.6,4906000.0
6287,828.7,4689835.295
6288,828.8,4478000.0
6289,828.9,4270631.604
6290,829.0,4068000.0
6291,829.1,3870387.594
6292,829.2,3677994.438
6293,829.3,3491000.0
6294,829.4,3309593.102
6295,829.5,3134000.0
6296,829.6,2964402.247
6297,829.7,2800765.16
6298,829.8,2643000.0
6299,829.9,2491051.713
6300,830.0,2345000.0
6301,830.1,2204953.268
6302,830.2,2071000.0
6303,830.3,1943166.808
6304,830.4,1821252.752
6305,830.5,1705000.0
6306,830.6,1594219.837
6307,830.7,1489000.0
6308,830.8,1389413.231
6309,830.9,1295195.833
6310,831.0,1206000.0
6311,831.1,1121567.701
6312,831.2,1042000.0
6313,831.3,967372.519
6314,831.4,897300.0
6315,831.5,831355.766
6316,831.6,769408.329
6317,831.7,711400.0
6318,831.8,657239.351
6319,831.9,606700.0
6320,832.0,559541.238
6321,832.1,515600.0
6322,832.2,474730.971
6323,832.3,436782.182
6324,832.4,401600.0
6325,832.5,369028.177
6326,832.6,338900.0
6327,832.7,311050.435
6328,832.8,285331.624
6329,832.9,261600.0
6330,833.0,239721.492
6331,833.1,219600.0
6332,833.2,201138.711
6333,833.3,184200.0
6334,833.4,168645.628
6335,833.5,154375.722
6336,833.6,141300.0
6337,833.7,129331.932
6338,833.8,118400.0
6339,833.9,108432.253
6340,834.0,99340.0
6341,834.1,91036.386
6342,834.2,83458.637
6343,834.3,76550.0
6344,834.4,70254.591
6345,834.5,64520.0
6346,834.6,59296.328
6347,834.7,54540.229
6348,834.8,50210.0
6349,834.9,46265.144
6350,835.0,42670.0
6351,835.1,39391.236
6352,835.2,36400.0
6353,835.3,33669.516
6354,835.4,31176.843
6355,835.5,28900.0
6356,835.6,26817.52
6357,835.7,24910.0
6358,835.8,23159.727
6359,835.9,21553.678
6360,836.0,20080.0
6361,836.1,18726.548
6362,836.2,17480.0
6363,836.3,16327.595
6364,836.4,15260.0
6365,836.5,14269.432
6366,836.6,13350.873
6367,836.7,12500.0
6368,836.8,11711.986
6369,836.9,10980.0
6370,837.0,10297.361
6371,837.1,9660.0
6372,837.2,9064.632
6373,837.3,8508.506
6374,837.4,7989.0
6375,837.5,7503.574
6376,837.6,7050.0
6377,837.7,6626.244
6378,837.8,6230.731
6379,837.9,5862.0
6380,838.0,5518.71
6381,838.1,5200.0
6382,838.2,4905.085
6383,838.3,4633.0
6384,838.4,4382.896
6385,838.5,4154.575
6386,838.6,3948.0
6387,838.7,3763.143
6388,838.8,3600.0
6389,838.9,3458.717
6390,839.0,3340.0
6391,839.1,3244.743
6392,839.2,3174.032
6393,839.3,3129.0
6394,839.4,3110.968
6395,839.5,3122.0
6396,839.6,3164.497
6397,839.7,3241.451
6398,839.8,3356.0
6399,839.9,3511.604
6400,840.0,3713.0
6401,840.1,3965.444
6402,840.2,4275.0
6403,840.3,4648.527
6404,840.4,5095.254
6405,840.5,5625.0
6406,840.6,6248.107
6407,840.7,6977.0
6408,840.8,7825.854
6409,840.9,8813.751
6410,841.0,9961.0
6411,841.1,11288.562
6412,841.2,12820.0
6413,841.3,14581.857
6414,841.4,16610.0
6415,841.5,18944.325
6416,841.6,21631.526
6417,841.7,24720.0
6418,841.8,28261.348
6419,841.9,32320.0
6420,842.0,36966.123
6421,842.1,42280.0
6422,842.2,48350.136
6423,842.3,55287.811
6424,842.4,63210.0
6425,842.5,72240.45
6426,842.6,82530.0
6427,842.7,94242.582
6428,842.8,107567.405
6429,842.9,122700.0
6430,843.0,139852.068
6431,843.1,159300.0
6432,843.2,181342.144
6433,843.3,206300.0
6434,843.4,234514.163
6435,843.5,266378.454
6436,843.6,302300.0
6437,843.7,342718.008
6438,843.8,388200.0
6439,843.9,439351.285
6440,844.0,496800.0
6441,844.1,561210.762
6442,844.2,633371.271
6443,844.3,714100.0
6444,844.4,804260.919
6445,844.5,904900.0
6446,844.6,1017123.494
6447,844.7,1142096.776
6448,844.8,1281000.0
6449,844.9,1435098.709
6450,845.0,1606000.0
6451,845.1,1795398.825
6452,845.2,2005000.0
6453,845.3,2236581.533
6454,845.4,2492204.325
6455,845.5,2774000.0
6456,845.6,3084145.621
6457,845.7,3425000.0
6458,845.8,3799046.713
6459,845.9,4209086.643
6460,846.0,4658000.0
6461,846.1,5148796.015
6462,846.2,5685000.0
6463,846.3,6270110.136
6464,846.4,6907000.0
6465,846.5,7598812.12
6466,846.6,8350389.439
6467,846.7,9167000.0
6468,846.8,10053112.719
6469,846.9,11010000.0
6470,847.0,12039636.199
6471,847.1,13150000.0
6472,847.2,14349450.621
6473,847.3,15641865.118
6474,847.4,17029999.999
6475,847.5,18517304.657
6476,847.6,20109999.999
6477,847.7,21814645.444
6478,847.8,23636382.923
6479,847.9,25579999.999
6480,848.0,27650031.335
6481,848.1,29849999.999
6482,848.2,32184072.413
6483,848.3,34659999.999
6484,848.4,37285119.671
6485,848.5,40061525.3
6486,848.6,42989999.999
6487,848.7,46073040.748
6488,848.8,49319999.999
6489,848.9,52739451.661
6490,849.0,56329999.999
6491,849.1,60088892.287
6492,849.2,64017917.491
6493,849.3,68119999.998
6494,849.4,72397434.887
6495,849.5,76849999.998
6496,849.6,81477956.383
6497,849.7,86286015.168
6498,849.8,91279999.998
6499,849.9,96459604.222
6500,850.0,101799999.998
6501,850.1,107277812.482
6502,850.2,112899999.998
6503,850.3,118678206.795
6504,850.4,124612487.657
6505,850.5,130699999.998
6506,850.6,136934982.636
6507,850.7,143299999.998
6508,850.8,149775745.368
6509,850.9,156347101.849
6510,851.0,162999999.998
6511,851.1,169721102.429
6512,851.2,176499999.997
6513,851.3,183327956.592
6514,851.4,190199999.997
6515,851.5,197106901.244
6516,851.6,204018640.448
6517,851.7,210899999.997
6518,851.8,217724423.57
6519,851.9,224499999.997
6520,852.0,231234527.912
6521,852.1,237899999.998
6522,852.2,244462698.442
6523,852.3,250901869.395
6524,852.4,257199999.998
6525,852.5,263339191.302
6526,852.6,269299999.998
6527,852.7,275062084.225
6528,852.8,280603052.279
6529,852.9,285899999.998
6530,853.0,290933745.995
6531,853.1,295699999.998
6532,853.2,300194724.257
6533,853.3,304399999.998
6534,853.4,308295725.388
6535,853.5,311866947.349
6536,853.6,315099999.999
6537,853.7,317981600.724
6538,853.8,320499999.999
6539,853.9,322643615.421
6540,854.0,324399999.999
6541,854.1,325759485.513
6542,854.2,326724383.397
6543,854.3,327300000.0
6544,854.4,327491064.826
6545,854.5,327300000.0
6546,854.6,326726707.084
6547,854.7,325763312.762
6548,854.8,324400000.001
6549,854.9,322635157.889
6550,855.0,320500000.001
6551,855.1,318024394.073
6552,855.2,315200000.001
6553,855.3,312014289.858
6554,855.4,308476192.27
6555,855.5,304600000.002
6556,855.6,300401193.006
6557,855.7,295900000.002
6558,855.8,291117975.267
6559,855.9,286077226.558
6560,856.0,280800000.002
6561,856.1,275305404.493
6562,856.2,269600000.002
6563,856.3,263690902.39
6564,856.4,257600000.002
6565,856.5,251353160.276
6566,856.6,244977394.518
6567,856.7,238500000.002
6568,856.8,231942084.779
6569,856.9,225300000.002
6570,857.0,218573411.415
6571,857.1,211800000.003
6572,857.2,205020629.201
6573,857.3,198250876.994
6574,857.4,191500000.003
6575,857.5,184778267.579
6576,857.6,178100000.002
6577,857.7,171481296.342
6578,857.8,164941319.891
6579,857.9,158500000.002
6580,858.0,152178135.112
6581,858.1,146000000.002
6582,858.2,139981301.716
6583,858.3,134100000.002
6584,858.4,128336999.136
6585,858.5,122722728.794
6586,858.6,117300000.002
6587,858.7,112099072.389
6588,858.8,107100000.002
6589,858.9,102280606.551
6590,859.0,97660000.002
6591,859.1,93262231.899
6592,859.2,89089843.855
6593,859.3,85140000.001
6594,859.4,81411539.295
6595,859.5,77910000.001
6596,859.6,74641519.6
6597,859.7,71607933.126
6598,859.8,68810000.001
6599,859.9,66247963.212
6600,860.0,63920000.001
6601,860.1,61824153.983
6602,860.2,59960000.001
6603,860.3,58327226.563
6604,860.4,56924445.625
6605,860.5,55750000.0
6606,860.6,54802296.76
6607,860.7,54080000.0
6608,860.8,53580992.438
6609,860.9,53299774.255
6610,861.0,53230000.0
6611,861.1,53366649.037
6612,861.2,53710000.0
6613,861.3,54260003.652
6614,861.4,55010000.0
6615,861.5,55952164.568
6616,861.6,57080625.713
6617,861.7,58389999.999
6618,861.8,59874909.71
6619,861.9,61529999.999
6620,862.0,63350006.016
6621,862.1,65329999.999
6622,862.2,67464343.095
6623,862.3,69744214.989
6624,862.4,72159999.999
6625,862.5,74703226.614
6626,862.6,77369999.999
6627,862.7,80155936.374
6628,862.8,83050119.494
6629,862.9,86039999.999
6630,863.0,89114696.562
6631,863.1,92269999.999
6632,863.2,95500586.298
6633,863.3,98789999.999
6634,863.4,102122009.361
6635,863.5,105492408.972
6636,863.6,108899999.999
6637,863.7,112340838.488
6638,863.8,115799999.999
6639,863.9,119259488.24
6640,864.0,122699999.999
6641,864.1,126105187.666
6642,864.2,129471832.976
6643,864.3,132799999.999
6644,864.4,136084608.372
6645,864.5,139299999.999
6646,864.6,142421933.495
6647,864.7,145452412.05
6648,864.8,148399999.999
6649,864.9,151263166.499
6650,865.0,153999999.999
6651,865.1,156572663.636
6652,865.2,158999999.999
6653,865.3,161306126.359
6654,865.4,163479579.244
6655,865.5,165499999.999
6656,865.6,167346991.156
6657,865.7,168999999.999
6658,865.8,170446241.764
6659,865.9,171704158.745
6660,866.0,172800000.0
6661,866.1,173746208.142
6662,866.2,174500000.0
6663,866.3,175016788.907
6664,866.4,175300000.0
6665,866.5,175364970.725
6666,866.6,175226675.975
6667,866.7,174900000.0
6668,866.8,174394696.88
6669,866.9,173700000.0
6670,867.0,172802657.846
6671,867.1,171700000.0
6672,867.2,170393487.213
6673,867.3,168890523.807
6674,867.4,167200000.001
6675,867.5,165331827.004
6676,867.6,163300000.001
6677,867.7,161116840.473
6678,867.8,158783891.134
6679,867.9,156300000.001
6680,868.0,153667167.04
6681,868.1,150900000.001
6682,868.2,148012045.772
6683,868.3,145000000.001
6684,868.4,141862118.051
6685,868.5,138619745.388
6686,868.6,135300000.001
6687,868.7,131925392.004
6688,868.8,128500000.001
6689,868.9,125023951.359
6690,869.0,121500000.001
6691,869.1,117932488.519
6692,869.2,114329487.61
6693,869.3,110700000.001
6694,869.4,107053331.471
6695,869.5,103400000.001
6696,869.6,99750891.876
6697,869.7,96117154.369
6698,869.8,92510000.001
6699,869.9,88939354.95
6700,870.0,85410000.001
6701,870.1,81925537.326
6702,870.2,78490000.001
6703,870.3,75107960.383
6704,870.4,71785717.017
6705,870.5,68530000.001
6706,870.6,65346906.255
6707,870.7,62240000.001
6708,870.8,59212000.559
6709,870.9,56264780.333
6710,871.0,53400000.001
6711,871.1,50620020.023
6712,871.2,47930000.001
6713,871.3,45334139.649
6714,871.4,42830000.001
6715,871.5,40414337.276
6716,871.6,38087327.112
6717,871.7,35850000.001
6718,871.8,33703571.822
6719,871.9,31650000.001
6720,872.0,29690177.765
6721,872.1,27820000.001
6722,872.2,26035082.877
6723,872.3,24334926.04
6724,872.4,22720000.001
6725,872.5,21189809.977
6726,872.6,19740000.001
6727,872.7,18366002.966
6728,872.8,17066268.403
6729,872.9,15840000.0
6730,873.0,14685816.892
6731,873.1,13600000.0
6732,873.2,12578714.401
6733,873.3,11620000.0
6734,873.4,10722129.481
6735,873.5,9882431.805
6736,873.6,9098000.0
6737,873.7,8366013.832
6738,873.8,7684000.0
6739,873.9,7049529.055
6740,874.0,6460000.0
6741,874.1,5912819.867
6742,874.2,5405599.336
6743,874.3,4936000.0
6744,874.4,4501769.541
6745,874.5,4101000.0
6746,874.6,3731823.648
6747,874.7,3392189.323
6748,874.8,3080000.0
6749,874.9,2793212.624
6750,875.0,2530000.0
6751,875.1,2288688.137
6752,875.2,2068000.0
6753,875.3,1866687.424
6754,875.4,1683220.762
6755,875.5,1516000.0
6756,875.6,1363563.108
6757,875.7,1225000.0
6758,875.8,1099474.414
6759,875.9,985893.439
6760,876.0,883100.0
6761,876.1,790018.594
6762,876.2,705900.0
6763,876.3,630066.488
6764,876.4,561800.0
6765,876.5,500397.533
6766,876.6,445256.637
6767,876.7,395800.0
6768,876.8,351471.528
6769,876.9,311800.0
6770,877.0,276344.441
6771,877.1,244700.0
6772,877.2,216486.589
6773,877.3,191387.059
6774,877.4,169100.0
6775,877.5,149329.293
6776,877.6,131800.0
6777,877.7,116257.51
6778,877.8,102507.33
6779,877.9,90370.0
6780,878.0,79671.552
6781,878.1,70260.0
6782,878.2,61992.4
6783,878.3,54740.0
6784,878.4,48383.449
6785,878.5,42826.81
6786,878.6,37980.0
6787,878.7,33757.244
6788,878.8,30090.0
6789,878.9,26914.645
6790,879.0,24170.0
6791,879.1,21799.399
6792,879.2,19761.785
6793,879.3,18020.0
6794,879.4,16537.477
6795,879.5,15280.0
6796,879.6,14216.104
6797,879.7,13322.984
6798,879.8,12580.0
6799,879.9,11967.527
6800,880.0,11470.0
6801,880.1,11072.673
6802,880.2,10760.0
6803,880.3,10517.628
6804,880.4,10336.763
6805,880.5,10210.0
6806,880.6,10130.04
6807,880.7,10090.0
6808,880.8,10083.412
6809,880.9,10105.051
6810,881.0,10150.0
6811,881.1,10213.323
6812,881.2,10290.0
6813,881.3,10375.834
6814,881.4,10470.0
6815,881.5,10572.048
6816,881.6,10679.648
6817,881.7,10790.0
6818,881.8,10900.585
6819,881.9,11010.0
6820,882.0,11117.018
6821,882.1,11220.0
6822,882.2,11317.302
6823,882.3,11407.682
6824,882.4,11490.0
6825,882.5,11563.629
6826,882.6,11630.0
6827,882.7,11690.501
6828,882.8,11744.298
6829,882.9,11790.0
6830,883.0,11826.022
6831,883.1,11850.0
6832,883.2,11860.428
6833,883.3,11860.0
6834,883.4,11851.681
6835,883.5,11835.323
6836,883.6,11810.0
6837,883.7,11774.941
6838,883.8,11730.0
6839,883.9,11675.123
6840,884.0,11610.0
6841,884.1,11534.65
6842,884.2,11450.658
6843,884.3,11360.0
6844,884.4,11263.83
6845,884.5,11160.0
6846,884.6,11046.546
6847,884.7,10925.525
6848,884.8,10800.0
6849,884.9,10672.073
6850,885.0,10540.0
6851,885.1,10402.001
6852,885.2,10260.0
6853,885.3,10116.383
6854,885.4,9971.69
6855,885.5,9826.0
6856,885.6,9679.524
6857,885.7,9533.0
6858,885.8,9387.302
6859,885.9,9243.333
6860,886.0,9102.0
6861,886.1,8964.103
6862,886.2,8830.0
6863,886.3,8700.044
6864,886.4,8575.0
6865,886.5,8455.698
6866,886.6,8342.817
6867,886.7,8237.0
6868,886.8,8138.872
6869,886.9,8049.0
6870,887.0,7967.905
6871,887.1,7896.0
6872,887.2,7833.659
6873,887.3,7781.218
6874,887.4,7739.0
6875,887.5,7707.389
6876,887.6,7687.0
6877,887.7,7678.364
6878,887.8,7681.43
6879,887.9,7696.0
6880,888.0,7722.02
6881,888.1,7760.0
6882,888.2,7810.41
6883,888.3,7873.0
6884,888.4,7947.395
6885,888.5,8033.431
6886,888.6,8131.0
6887,888.7,8239.955
6888,888.8,8360.0
6889,888.9,8490.799
6890,889.0,8632.0
6891,889.1,8783.231
6892,889.2,8944.051
6893,889.3,9114.0
6894,889.4,9292.564
6895,889.5,9479.0
6896,889.6,9672.602
6897,889.7,9873.021
6898,889.8,10080.0
6899,889.9,10292.955
6900,890.0,10510.0
6901,890.1,10729.233
6902,890.2,10950.0
6903,890.3,11172.03
6904,890.4,11395.335
6905,890.5,11620.0
6906,890.6,11845.641
6907,890.7,12070.0
6908,890.8,12290.793
6909,890.9,12507.489
6910,891.0,12720.0
6911,891.1,12927.972
6912,891.2,13130.0
6913,891.3,13324.473
6914,891.4,13510.0
6915,891.5,13685.631
6916,891.6,13851.968
6917,891.7,14010.0
6918,891.8,14160.078
6919,891.9,14300.0
6920,892.0,14427.174
6921,892.1,14540.0
6922,892.2,14637.537
6923,892.3,14720.496
6924,892.4,14790.0
6925,892.5,14846.781
6926,892.6,14890.0
6927,892.7,14918.575
6928,892.8,14932.02
6929,892.9,14930.0
6930,893.0,14912.402
6931,893.1,14880.0
6932,893.2,14833.195
6933,893.3,14770.0
6934,893.4,14688.712
6935,893.5,14591.147
6936,893.6,14480.0
6937,893.7,14356.999
6938,893.8,14220.0
6939,893.9,14066.945
6940,894.0,13900.0
6941,894.1,13721.719
6942,894.2,13531.982
6943,894.3,13330.0
6944,894.4,13115.465
6945,894.5,12890.0
6946,894.6,12655.372
6947,894.7,12412.008
6948,894.8,12160.0
6949,894.9,11899.386
6950,895.0,11630.0
6951,895.1,11352.368
6952,895.2,11070.0
6953,895.3,10786.152
6954,895.4,10500.07
6955,895.5,10210.0
6956,895.6,9914.953
6957,895.7,9617.0
6958,895.8,9318.531
6959,895.9,9020.146
6960,896.0,8722.0
6961,896.1,8424.367
6962,896.2,8128.0
6963,896.3,7833.704
6964,896.4,7542.0
6965,896.5,7253.377
6966,896.6,6968.481
6967,896.7,6688.0
6968,896.8,6412.491
6969,896.9,6142.0
6970,897.0,5876.601
6971,897.1,5617.0
6972,897.2,5363.926
6973,897.3,5117.573
6974,897.4,4878.0
6975,897.5,4645.338
6976,897.6,4420.0
6977,897.7,4202.402
6978,897.8,3992.704
6979,897.9,3791.0
6980,898.0,3597.39
6981,898.1,3412.0
6982,898.2,3234.912
6983,898.3,3066.0
6984,898.4,2905.178
6985,898.5,2752.722
6986,898.6,2609.0
6987,898.7,2474.225
6988,898.8,2348.0
6989,898.9,2229.901
6990,899.0,2120.0
6991,899.1,2018.479
6992,899.2,1925.448
6993,899.3,1841.0
6994,899.4,1765.2
6995,899.5,1698.0
6996,899.6,1639.316
6997,899.7,1589.026
6998,899.8,1547.0
6999,899.9,1513.204
7000,900.0,1488.0
7001,900.1,1471.696
7002,900.2,1464.0
7003,900.3,1464.613
7004,900.4,1473.807
7005,900.5,1492.0
7006,900.6,1519.477
7007,900.7,1556.0
7008,900.8,1601.342
7009,900.9,1655.846
7010,901.0,1720.0
7011,901.1,1794.139
7012,901.2,1878.0
7013,901.3,1971.389
7014,901.4,2075.0
7015,901.5,2189.588
7016,901.6,2315.269
7017,901.7,2452.0
7018,901.8,2599.807
7019,901.9,2759.0
7020,902.0,2929.95
7021,902.1,3113.0
7022,902.2,3308.48
7023,902.3,3516.709
7024,902.4,3738.0
7025,902.5,3972.665
7026,902.6,4221.0
7027,902.7,4483.299
7028,902.8,4759.864
7029,902.9,5051.0
7030,903.0,5356.986
7031,903.1,5678.0
7032,903.2,6014.23
7033,903.3,6366.0
7034,903.4,6733.665
7035,903.5,7117.556
7036,903.6,7518.0
7037,903.7,7935.217
7038,903.8,8369.0
7039,903.9,8819.161
7040,904.0,9286.0
7041,904.1,9769.911
7042,904.2,10271.164
7043,904.3,10790.0
7044,904.4,11326.486
7045,904.5,11880.0
7046,904.6,12449.943
7047,904.7,13036.488
7048,904.8,13640.0
7049,904.9,14260.921
7050,905.0,14900.0
7051,905.1,15557.32
7052,905.2,16230.0
7053,905.3,16915.38
7054,905.4,17614.659
7055,905.5,18330.0
7056,905.6,19062.627
7057,905.7,19810.0
7058,905.8,20569.537
7059,905.9,21342.238
7060,906.0,22130.0
7061,906.1,22933.683
7062,906.2,23750.0
7063,906.3,24575.472
7064,906.4,25410.0
7065,906.5,26254.129
7066,906.6,27107.611
7067,906.7,27970.0
7068,906.8,28840.886
7069,906.9,29720.0
7070,907.0,30606.863
7071,907.1,31500.0
7072,907.2,32398.064
7073,907.3,33301.218
7074,907.4,34210.0
7075,907.5,35124.125
7076,907.6,36040.0
7077,907.7,36954.173
7078,907.8,37867.049
7079,907.9,38780.0
7080,908.0,39694.195
7081,908.1,40610.0
7082,908.2,41526.694
7083,908.3,42440.0
7084,908.4,43345.942
7085,908.5,44245.29
7086,908.6,45140.0
7087,908.7,46031.613
7088,908.8,46920.0
7089,908.9,47804.002
7090,909.0,48680.0
7091,909.1,49544.961
7092,909.2,50400.643
7093,909.3,51250.0
7094,909.4,52094.542
7095,909.5,52930.0
7096,909.6,53751.964
7097,909.7,54561.255
7098,909.8,55360.0
7099,909.9,56149.781
7100,910.0,56930.0
7101,910.1,57699.866
7102,910.2,58460.0
7103,910.3,59210.94
7104,910.4,59951.485
7105,910.5,60680.0
7106,910.6,61395.549
7107,910.7,62100.0
7108,910.8,62795.46
7109,910.9,63482.193
7110,911.0,64160.0
7111,911.1,64828.929
7112,911.2,65490.0
7113,911.3,66144.025
7114,911.4,66790.0
7115,911.5,67427.39
7116,911.6,68059.361
7117,911.7,68690.0
7118,911.8,69321.692
7119,911.9,69950.0
7120,912.0,70571.047
7121,912.1,71190.0
7122,912.2,71812.86
7123,912.3,72439.91
7124,912.4,73070.0
7125,912.5,73702.644
7126,912.6,74340.0
7127,912.7,74984.571
7128,912.8,75637.596
7129,912.9,76300.0
7130,913.0,76973.126
7131,913.1,77660.0
7132,913.2,78362.97
7133,913.3,79080.0
7134,913.4,79809.287
7135,913.5,80554.341
7136,913.6,81320.0
7137,913.7,82109.542
7138,913.8,82920.0
7139,913.9,83748.653
7140,914.0,84600.0
7141,914.1,85478.742
7142,914.2,86383.177
7143,914.3,87310.0
7144,914.4,88257.458
7145,914.5,89230.0
7146,914.6,90232.216
7147,914.7,91263.041
7148,914.8,92320.0
7149,914.9,93400.314
7150,915.0,94500.0
7151,915.1,95618.48
7152,915.2,96770.0
7153,915.3,97965.019
7154,915.4,99184.022
7155,915.5,100400.0
7156,915.6,101596.588
7157,915.7,102800.0
7158,915.8,104038.956
7159,915.9,105309.616
7160,916.0,106600.0
7161,916.1,107899.126
7162,916.2,109200.0
7163,916.3,110498.75
7164,916.4,111800.0
7165,916.5,113107.307
7166,916.6,114411.446
7167,916.7,115700.0
7168,916.8,116962.966
7169,916.9,118200.0
7170,917.0,119412.603
7171,917.1,120600.0
7172,917.2,121760.937
7173,917.3,122894.533
7174,917.4,124000.0
7175,917.5,125073.626
7176,917.6,126100.0
7177,917.7,127064.036
7178,917.8,127963.649
7179,917.9,128800.0
7180,918.0,129575.807
7181,918.1,130300.0
7182,918.2,130978.628
7183,918.3,131600.0
7184,918.4,132149.495
7185,918.5,132618.523
7186,918.6,133000.0
7187,918.7,133290.348
7188,918.8,133500.0
7189,918.9,133638.774
7190,919.0,133700.0
7191,919.1,133672.499
7192,919.2,133543.539
7193,919.3,133300.0
7194,919.4,132939.174
7195,919.5,132500.0
7196,919.6,132016.795
7197,919.7,131463.744
7198,919.8,130800.0
7199,919.9,130000.085
7200,920.0,129100.0
7201,920.1,128138.014
7202,920.2,127100.0
7203,920.3,125964.009
7204,920.4,124729.197
7205,920.5,123400.0
7206,920.6,121983.828
7207,920.7,120500.0
7208,920.8,118964.679
7209,920.9,117369.509
7210,921.0,115700.0
7211,921.1,113944.163
7212,921.2,112100.0
7213,921.3,110174.423
7214,921.4,108200.0
7215,921.5,106205.585
7216,921.6,104179.515
7217,921.7,102100.0
7218,921.8,99953.565
7219,921.9,97760.0
7220,922.0,95541.922
7221,922.1,93300.0
7222,922.2,91031.158
7223,922.3,88739.282
7224,922.4,86430.0
7225,922.5,84108.724
7226,922.6,81780.0
7227,922.7,79447.697
7228,922.8,77113.842
7229,922.9,74780.0
7230,923.0,72449.16
7231,923.1,70130.0
7232,923.2,67830.482
7233,923.3,65550.0
7234,923.4,63287.094
7235,923.5,61045.44
7236,923.6,58830.0
7237,923.7,56644.784
7238,923.8,54490.0
7239,923.9,52366.311
7240,924.0,50280.0
7241,924.1,48237.191
7242,924.2,46237.755
7243,924.3,44280.0
7244,924.4,42363.138
7245,924.5,40490.0
7246,924.6,38663.942
7247,924.7,36886.793
7248,924.8,35160.0
7249,924.9,33484.602
7250,925.0,31860.0
7251,925.1,30285.29
7252,925.2,28760.0
7253,925.3,27284.245
7254,925.4,25860.07
7255,925.5,24490.0
7256,925.6,23175.026
7257,925.7,21910.0
7258,925.8,20689.803
7259,925.9,19515.57
7260,926.0,18390.0
7261,926.1,17315.087
7262,926.2,16290.0
7263,926.3,15312.809
7264,926.4,14380.0
7265,926.5,13488.448
7266,926.6,12638.177
7267,926.7,11830.0
7268,926.8,11064.331
7269,926.9,10340.0
7270,927.0,9655.181
7271,927.1,9007.0
7272,927.2,8392.807
7273,927.3,7811.885
7274,927.4,7264.0
7275,927.5,6748.617
7276,927.6,6264.0
7277,927.7,5808.284
7278,927.8,5380.287
7279,927.9,4979.0
7280,928.0,4603.348
7281,928.1,4252.0
7282,928.2,3923.607
7283,928.3,3617.0
7284,928.4,3331.069
7285,928.5,3064.752
7286,928.6,2817.0
7287,928.7,2586.764
7288,928.8,2373.0
7289,928.9,2174.702
7290,929.0,1991.0
7291,929.1,1821.055
7292,929.2,1664.009
7293,929.3,1519.0
7294,929.4,1385.21
7295,929.5,1262.0
7296,929.6,1148.755
7297,929.7,1044.79
7298,929.8,949.4
7299,929.9,861.914
7300,930.0,781.8
7301,930.1,708.56
7302,930.2,641.7
7303,930.3,580.739
7304,930.4,525.245
7305,930.5,474.8
7306,930.6,428.999
7307,930.7,387.5
7308,930.8,349.98
7309,930.9,316.144
7310,931.0,285.7
7311,931.1,258.367
7312,931.2,233.9
7313,931.3,212.071
7314,931.4,192.7
7315,931.5,175.619
7316,931.6,160.67
7317,931.7,147.7
7318,931.8,136.557
7319,931.9,127.1
7320,932.0,119.205
7321,932.1,112.8
7322,932.2,107.83
7323,932.3,104.245
7324,932.4,102.0
7325,932.5,101.043
7326,932.6,101.3
7327,932.7,102.713
7328,932.8,105.301
7329,932.9,109.1
7330,933.0,114.138
7331,933.1,120.4
7332,933.2,127.873
7333,933.3,136.6
7334,933.4,146.635
7335,933.5,158.022
7336,933.6,170.8
7337,933.7,185.024
7338,933.8,200.8
7339,933.9,218.238
7340,934.0,237.4
7341,934.1,258.346
7342,934.2,281.176
7343,934.3,306.0
7344,934.4,332.932
7345,934.5,362.1
7346,934.6,393.634
7347,934.7,427.659
7348,934.8,464.3
7349,934.9,503.691
7350,935.0,546.0
7351,935.1,591.394
7352,935.2,640.0
7353,935.3,691.946
7354,935.4,747.415
7355,935.5,806.6
7356,935.6,869.685
7357,935.7,936.8
7358,935.8,1008.083
7359,935.9,1083.742
7360,936.0,1164.0
7361,936.1,1249.056
7362,936.2,1339.0
7363,936.3,1433.919
7364,936.4,1534.0
7365,936.5,1639.441
7366,936.6,1750.394
7367,936.7,1867.0
7368,936.8,1989.432
7369,936.9,2118.0
7370,937.0,2252.932
7371,937.1,2394.0
7372,937.2,2540.988
7373,937.3,2694.184
7374,937.4,2854.0
7375,937.5,3020.706
7376,937.6,3194.0
7377,937.7,3373.551
7378,937.8,3559.474
7379,937.9,3752.0
7380,938.0,3951.26
7381,938.1,4157.0
7382,938.2,4368.931
7383,938.3,4587.0
7384,938.4,4811.211
7385,938.5,5041.55
7386,938.6,5278.0
7387,938.7,5520.398
7388,938.8,5768.0
7389,938.9,6020.134
7390,939.0,6277.0
7391,939.1,6538.825
7392,939.2,6805.069
7393,939.3,7075.0
7394,939.4,7348.011
7395,939.5,7624.0
7396,939.6,7902.878
7397,939.7,8184.098
7398,939.8,8467.0
7399,939.9,8750.898
7400,940.0,9035.0
7401,940.1,9318.794
7402,940.2,9603.0
7403,940.3,9887.964
7404,940.4,10171.314
7405,940.5,10450.0
7406,940.6,10722.073
7407,940.7,10990.0
7408,940.8,11256.44
7409,940.9,11520.406
7410,941.0,11780.0
7411,941.1,12033.514
7412,941.2,12280.0
7413,941.3,12518.842
7414,941.4,12750.0
7415,941.5,12973.264
7416,941.6,13187.185
7417,941.7,13390.0
7418,941.8,13580.54
7419,941.9,13760.0
7420,942.0,13929.814
7421,942.1,14090.0
7422,942.2,14239.873
7423,942.3,14377.351
7424,942.4,14500.0
7425,942.5,14606.503
7426,942.6,14700.0
7427,942.7,14783.45
7428,942.8,14854.625
7429,942.9,14910.0
7430,943.0,14947.395
7431,943.1,14970.0
7432,943.2,14981.227
7433,943.3,14980.0
7434,943.4,14964.506
7435,943.5,14934.469
7436,943.6,14890.0
7437,943.7,14831.433
7438,943.8,14760.0
7439,943.9,14676.613
7440,944.0,14580.0
7441,944.1,14468.989
7442,944.2,14344.976
7443,944.3,14210.0
7444,944.4,14065.436
7445,944.5,13910.0
7446,944.6,13742.524
7447,944.7,13564.95
7448,944.8,13380.0
7449,944.9,13189.288
7450,945.0,12990.0
7451,945.1,12779.465
7452,945.2,12560.0
7453,945.3,12334.663
7454,945.4,12104.488
7455,945.5,11870.0
7456,945.6,11631.702
7457,945.7,11390.0
7458,945.8,11145.34
7459,945.9,10898.419
7460,946.0,10650.0
7461,946.1,10400.63
7462,946.2,10150.0
7463,946.3,9897.979
7464,946.4,9646.0
7465,946.5,9395.608
7466,946.6,9147.227
7467,946.7,8901.0
7468,946.8,8657.123
7469,946.9,8416.0
7470,947.0,8178.109
7471,947.1,7944.0
7472,947.2,7714.167
7473,947.3,7488.797
7474,947.4,7268.0
7475,947.5,7051.941
7476,947.6,6841.0
7477,947.7,6635.565
7478,947.8,6435.845
7479,947.9,6242.0
7480,948.0,6054.12
7481,948.1,5872.0
7482,948.2,5695.497
7483,948.3,5525.0
7484,948.4,5360.893
7485,948.5,5202.998
7486,948.6,5051.0
7487,948.7,4904.653
7488,948.8,4764.0
7489,948.9,4629.126
7490,949.0,4500.0
7491,949.1,4376.542
7492,949.2,4258.599
7493,949.3,4146.0
7494,949.4,4038.555
7495,949.5,3936.0
7496,949.6,3838.059
7497,949.7,3744.476
7498,949.8,3655.0
7499,949.9,3569.46
7500,950.0,3488.0
7501,950.1,3410.69
7502,950.2,3337.0
7503,950.3,3266.365
7504,950.4,3198.69
7505,950.5,3134.0
7506,950.6,3072.234
7507,950.7,3013.0
7508,950.8,2955.908
7509,950.9,2900.9
7510,951.0,2848.0
7511,951.1,2797.156
7512,951.2,2748.0
7513,951.3,2700.216
7514,951.4,2654.0
7515,951.5,2609.529
7516,951.6,2566.385
7517,951.7,2524.0
7518,951.8,2482.027
7519,951.9,2441.0
7520,952.0,2401.449
7521,952.1,2363.0
7522,952.2,2325.155
7523,952.3,2287.82
7524,952.4,2251.0
7525,952.5,2214.71
7526,952.6,2179.0
7527,952.7,2143.931
7528,952.8,2109.574
7529,952.9,2076.0
7530,953.0,2043.22
7531,953.1,2011.0
7532,953.2,1979.162
7533,953.3,1948.0
7534,953.4,1917.825
7535,953.5,1888.553
7536,953.6,1860.0
7537,953.7,1832.067
7538,953.8,1805.0
7539,953.9,1779.032
7540,954.0,1754.0
7541,954.1,1729.719
7542,954.2,1706.317
7543,954.3,1684.0
7544,954.4,1662.918
7545,954.5,1643.0
7546,954.6,1624.16
7547,954.7,1606.46
7548,954.8,1590.0
7549,954.9,1574.856
7550,955.0,1561.0
7551,955.1,1548.388
7552,955.2,1537.0
7553,955.3,1526.823
7554,955.4,1517.832
7555,955.5,1510.0
7556,955.6,1503.337
7557,955.7,1498.0
7558,955.8,1494.114
7559,955.9,1491.522
7560,956.0,1490.0
7561,956.1,1489.414
7562,956.2,1490.0
7563,956.3,1491.961
7564,956.4,1495.0
7565,956.5,1498.792
7566,956.6,1503.404
7567,956.7,1509.0
7568,956.8,1515.645
7569,956.9,1523.0
7570,957.0,1530.739
7571,957.1,1539.0
7572,957.2,1547.981
7573,957.3,1557.669
7574,957.4,1568.0
7575,957.5,1578.867
7576,957.6,1590.0
7577,957.7,1601.167
7578,957.8,1612.447
7579,957.9,1624.0
7580,958.0,1635.914
7581,958.1,1648.0
7582,958.2,1660.042
7583,958.3,1672.0
7584,958.4,1683.862
7585,958.5,1695.557
7586,958.6,1707.0
7587,958.7,1718.132
7588,958.8,1729.0
7589,958.9,1739.649
7590,959.0,1750.0
7591,959.1,1759.977
7592,959.2,1769.619
7593,959.3,1779.0
7594,959.4,1788.157
7595,959.5,1797.0
7596,959.6,1805.428
7597,959.7,1813.426
7598,959.8,1821.0
7599,959.9,1828.169
7600,960.0,1835.0
7601,960.1,1841.576
7602,960.2,1848.0
7603,960.3,1854.329
7604,960.4,1860.4
7605,960.5,1866.0
7606,960.6,1871.047
7607,960.7,1876.0
7608,960.8,1881.297
7609,960.9,1886.746
7610,961.0,1892.0
7611,961.1,1896.895
7612,961.2,1902.0
7613,961.3,1907.837
7614,961.4,1914.0
7615,961.5,1920.036
7616,961.6,1926.218
7617,961.7,1933.0
7618,961.8,1940.689
7619,961.9,1949.0
7620,962.0,1957.657
7621,962.1,1967.0
7622,962.2,1977.409
7623,962.3,1988.806
7624,962.4,2001.0
7625,962.5,2013.922
7626,962.6,2028.0
7627,962.7,2043.687
7628,962.8,2061.037
7629,962.9,2080.0
7630,963.0,2100.583
7631,963.1,2123.0
7632,963.2,2147.468
7633,963.3,2174.0
7634,963.4,2202.609
7635,963.5,2233.517
7636,963.6,2267.0
7637,963.7,2303.359
7638,963.8,2343.0
7639,963.9,2386.247
7640,964.0,2433.0
7641,964.1,2483.156
7642,964.2,2537.021
7643,964.3,2595.0
7644,964.4,2657.51
7645,964.5,2725.0
7646,964.6,2797.895
7647,964.7,2876.478
7648,964.8,2961.0
7649,964.9,3051.728
7650,965.0,3149.0
7651,965.1,3253.221
7652,965.2,3365.0
7653,965.3,3484.947
7654,965.4,3613.487
7655,965.5,3751.0
7656,965.6,3897.932
7657,965.7,4055.0
7658,965.8,4222.922
7659,965.9,4402.133
7660,966.0,4593.0
7661,966.1,4795.994
7662,966.2,5012.0
7663,966.3,5241.882
7664,966.4,5486.0
7665,966.5,5744.694
7666,966.6,6018.735
7667,966.7,6309.0
7668,966.8,6616.278
7669,966.9,6941.0
7670,967.0,7283.613
7671,967.1,7645.0
7672,967.2,8026.012
7673,967.3,8426.956
7674,967.4,8848.0
7675,967.5,9289.555
7676,967.6,9753.0
7677,967.7,10239.553
7678,967.8,10748.819
7679,967.9,11280.0
7680,968.0,11832.933
7681,968.1,12410.0
7682,968.2,13013.142
7683,968.3,13640.0
7684,968.4,14288.305
7685,968.5,14960.451
7686,968.6,15660.0
7687,968.7,16388.569
7688,968.8,17140.0
7689,968.9,17908.812
7690,969.0,18700.0
7691,969.1,19519.178
7692,969.2,20363.97
7693,969.3,21230.0
7694,969.4,22114.359
7695,969.5,23020.0
7696,969.6,23949.907
7697,969.7,24901.309
7698,969.8,25870.0
7699,969.9,26852.719
7700,970.0,27850.0
7701,970.1,28862.802
7702,970.2,29890.0
7703,970.3,30929.893
7704,970.4,31980.554
7705,970.5,33040.0
7706,970.6,34106.584
7707,970.7,35180.0
7708,970.8,36259.479
7709,970.9,37341.064
7710,971.0,38420.0
7711,971.1,39492.669
7712,971.2,40560.0
7713,971.3,41623.196
7714,971.4,42680.0
7715,971.5,43727.258
7716,971.6,44761.694
7717,971.7,45780.0
7718,971.8,46779.494
7719,971.9,47760.0
7720,972.0,48721.239
7721,972.1,49660.0
7722,972.2,50572.638
7723,972.3,51456.693
7724,972.4,52310.0
7725,972.5,53130.931
7726,972.6,53920.0
7727,972.7,54677.646
7728,972.8,55401.855
7729,972.9,56090.0
7730,973.0,56739.755
7731,973.1,57350.0
7732,973.2,57920.081
7733,973.3,58450.0
7734,973.4,58939.907
7735,973.5,59389.884
7736,973.6,59800.0
7737,973.7,60170.207
7738,973.8,60500.0
7739,973.9,60789.278
7740,974.0,61040.0
7741,974.1,61254.435
7742,974.2,61434.024
7743,974.3,61580.0
7744,974.4,61694.092
7745,974.5,61780.0
7746,974.6,61841.527
7747,974.7,61880.912
7748,974.8,61900.0
7749,974.9,61901.304
7750,975.0,61890.0
7751,975.1,61871.563
7752,975.2,61850.0
7753,975.3,61829.21
7754,975.4,61814.14
7755,975.5,61810.0
7756,975.6,61822.581
7757,975.7,61860.0
7758,975.8,61930.28
7759,975.9,62038.734
7760,976.0,62190.0
7761,976.1,62390.025
7762,976.2,62650.0
7763,976.3,62981.199
7764,976.4,63390.0
7765,976.5,63882.163
7766,976.6,64465.892
7767,976.7,65150.0
7768,976.8,65943.974
7769,976.9,66860.0
7770,977.0,67909.733
7771,977.1,69100.0
7772,977.2,70437.523
7773,977.3,71933.442
7774,977.4,73600.0
7775,977.5,75448.94
7776,977.6,77490.0
7777,977.7,79732.853
7778,977.8,82188.907
7779,977.9,84870.0
7780,978.0,87787.39
7781,978.1,90950.0
7782,978.2,94366.888
7783,978.3,98050.0
7784,978.4,102011.136
7785,978.5,106258.642
7786,978.6,110800.0
7787,978.7,115643.416
7788,978.8,120800.0
7789,978.9,126281.585
7790,979.0,132100.0
7791,979.1,138263.573
7792,979.2,144766.631
7793,979.3,151600.0
7794,979.4,158764.384
7795,979.5,166300.0
7796,979.6,174244.531
7797,979.7,182585.996
7798,979.8,191300.0
7799,979.9,200368.643
7800,980.0,209800.0
7801,980.1,219607.5
7802,980.2,229800.0
7803,980.3,240382.821
7804,980.4,251351.705
7805,980.5,262700.0
7806,980.6,274420.027
7807,980.7,286500.0
7808,980.8,298928.164
7809,980.9,311696.989
7810,981.0,324800.0
7811,981.1,338232.887
7812,981.2,352000.0
7813,981.3,366099.984
7814,981.4,380500.0
7815,981.5,395163.297
7816,981.6,410068.951
7817,981.7,425200.0
7818,981.8,440543.175
7819,981.9,456100.0
7820,982.0,471866.26
7821,982.1,487800.0
7822,982.2,503857.526
7823,982.3,520025.93
7824,982.4,536300.0
7825,982.5,552668.988
7826,982.6,569100.0
7827,982.7,585555.314
7828,982.8,602000.04
7829,982.9,618400.0
7830,983.0,634729.9
7831,983.1,651000.0
7832,983.2,667212.273
7833,983.3,683300.0
7834,983.4,699194.956
7835,983.5,714891.586
7836,983.6,730400.0
7837,983.7,745718.732
7838,983.8,760800.0
7839,983.9,775595.356
7840,984.0,790100.0
7841,984.1,804315.199
7842,984.2,818222.848
7843,984.3,831800.0
7844,984.4,845027.329
7845,984.5,857900.0
7846,984.6,870413.914
7847,984.7,882553.424
7848,984.8,894300.0
7849,984.9,905642.582
7850,985.0,916600.0
7851,985.1,927190.489
7852,985.2,937400.0
7853,985.3,947216.732
7854,985.4,956670.141
7855,985.5,965800.0
7856,985.6,974615.062
7857,985.7,983000.0
7858,985.8,990878.447
7859,985.9,998453.941
7860,986.0,1006000.0
7861,986.1,1013652.904
7862,986.2,1021000.0
7863,986.3,1027669.246
7864,986.4,1034000.0
7865,986.5,1040393.416
7866,986.6,1046786.448
7867,986.7,1053000.0
7868,986.8,1058958.441
7869,986.9,1065000.0
7870,987.0,1071428.966
7871,987.1,1078000.0
7872,987.2,1084414.133
7873,987.3,1090707.497
7874,987.4,1097000.0
7875,987.5,1103403.793
7876,987.6,1110000.0
7877,987.7,1116873.959
7878,987.8,1124158.894
7879,987.9,1132000.0
7880,988.0,1140426.034
7881,988.1,1149000.0
7882,988.2,1157371.213
7883,988.3,1166000.0
7884,988.4,1175398.973
7885,988.5,1185478.879
7886,988.6,1196000.0
7887,988.7,1206796.74
7888,988.8,1218000.0
7889,988.9,1229759.033
7890,989.0,1242000.0
7891,989.1,1254618.535
7892,989.2,1267611.249
7893,989.3,1281000.0
7894,989.4,1294800.015
7895,989.5,1309000.0
7896,989.6,1323588.679
7897,989.7,1338581.361
7898,989.8,1354000.0
7899,989.9,1369841.18
7900,990.0,1386000.0
7901,990.1,1402377.505
7902,990.2,1419000.0
7903,990.3,1435891.265
7904,990.4,1452939.734
7905,990.5,1470000.0
7906,990.6,1486979.871
7907,990.7,1504000.0
7908,990.8,1521158.676
7909,990.9,1538251.876
7910,991.0,1555000.0
7911,991.1,1571205.621
7912,991.2,1587000.0
7913,991.3,1602570.475
7914,991.4,1618000.0
7915,991.5,1633270.934
7916,991.6,1648067.644
7917,991.7,1662000.0
7918,991.8,1674838.981
7919,991.9,1687000.0
7920,992.0,1698860.3
7921,992.1,1710000.0
7922,992.2,1719951.648
7923,992.3,1728854.62
7924,992.4,1737000.0
7925,992.5,1744531.081
7926,992.6,1751000.0
7927,992.7,1755956.39
7928,992.8,1759531.034
7929,992.9,1762000.0
7930,993.0,1763548.711
7931,993.1,1764000.0
7932,993.2,1763143.67
7933,993.3,1761000.0
7934,993.4,1757623.78
7935,993.5,1752977.365
7936,993.6,1747000.0
7937,993.7,1739654.756
7938,993.8,1731000.0
7939,993.9,1721106.585
7940,994.0,1710000.0
7941,994.1,1697674.294
7942,994.2,1684043.113
7943,994.3,1669000.0
7944,994.4,1652531.981
7945,994.5,1635000.0
7946,994.6,1616726.462
7947,994.7,1597505.694
7948,994.8,1577000.0
7949,994.9,1555023.805
7950,995.0,1532000.0
7951,995.1,1508364.895
7952,995.2,1484000.0
7953,995.3,1458723.878
7954,995.4,1432658.102
7955,995.5,1406000.0
7956,995.6,1378859.883
7957,995.7,1351000.0
7958,995.8,1322212.099
7959,995.9,1292753.991
7960,996.0,1263000.0
7961,996.1,1233186.743
7962,996.2,1203000.0
7963,996.3,1172150.549
7964,996.4,1141000.0
7965,996.5,1109962.116
7966,996.6,1079008.449
7967,996.7,1048000.0
7968,996.8,1016852.424
7969,996.9,985700.0
7970,997.0,954702.12
7971,997.1,923900.0
7972,997.2,893309.576
7973,997.3,862963.829
7974,997.4,832900.0
7975,997.5,803159.448
7976,997.6,773800.0
7977,997.7,744875.166
7978,997.8,716404.719
7979,997.9,688400.0
7980,998.0,660880.711
7981,998.1,633900.0
7982,998.2,607506.833
7983,998.3,581700.0
7984,998.4,556474.639
7985,998.5,531861.444
7986,998.6,507900.0
7987,998.7,484618.553
7988,998.8,462000.0
7989,998.9,440023.675
7990,999.0,418700.0
7991,999.1,398046.179
7992,999.2,378075.435
7993,999.3,358800.0
7994,999.4,340221.606
7995,999.5,322300.0
7996,999.6,305004.118
7997,999.7,288381.657
7998,999.8,272500.0
7999,999.9,257347.953
