,wavelength,intensity
0,200.0,3.609
1,200.1,17.479
2,200.2,69.197
3,200.3,222.285
4,200.4,581.908
5,200.5,1246.389
6,200.6,2206.635
7,200.7,3284.371
8,200.8,4219.004
9,200.9,4837.77
10,201.0,5086.0
11,201.1,4912.771
12,201.2,4254.092
13,201.3,3192.242
14,201.4,2018.823
15,201.5,1057.695
16,201.6,454.116
17,201.7,159.046
18,201.8,45.247
19,201.9,10.484
20,202.0,1.972
21,202.1,0.301
22,202.2,0.036
23,202.3,0.004
24,202.4,0.0
25,202.5,0.0
26,202.6,0.0
27,202.7,0.0
28,202.8,0.0
29,202.9,0.0
30,203.0,0.0
31,203.1,0.0
32,203.2,0.0
33,203.3,0.0
34,203.4,0.0
35,203.5,0.0
36,203.6,0.0
37,203.7,0.0
38,203.8,0.0
39,203.9,0.0
40,204.0,0.0
41,204.1,0.001
42,204.2,0.001
43,204.3,0.001
44,204.4,0.001
45,204.5,0.0
46,204.6,0.0
47,204.7,0.0
48,204.8,0.0
49,204.9,0.0
50,205.0,0.0
51,205.1,0.0
52,205.2,0.0
53,205.3,0.0
54,205.4,0.0
55,205.5,0.0
56,205.6,0.0
57,205.7,0.0
58,205.8,0.0
59,205.9,0.0
60,206.0,0.0
61,206.1,0.0
62,206.2,0.0
63,206.3,0.0
64,206.4,0.0
65,206.5,0.0
66,206.6,0.0
67,206.7,0.0
68,206.8,0.0
69,206.9,0.0
70,207.0,0.0
71,207.1,0.0
72,207.2,0.0
73,207.3,0.0
74,207.4,0.0
75,207.5,0.0
76,207.6,0.0
77,207.7,0.0
78,207.8,0.0
79,207.9,0.0
80,208.0,0.0
81,208.1,0.0
82,208.2,0.0
83,208.3,0.0
84,208.4,0.0
85,208.5,0.001
86,208.6,0.006
87,208.7,0.058
88,208.8,0.431
89,208.9,2.969
90,209.0,18.16
91,209.1,114.582
92,209.2,836.705
93,209.3,6084.986
94,209.4,41236.675
95,209.5,243622.201
96,209.6,1203529.135
97,209.7,4936224.957
98,209.8,16740083.838
99,209.9,46922694.507
100,210.0,108700000.0
101,210.1,207996351.239
102,210.2,328850777.198
103,210.3,429561585.338
104,210.4,463833655.278
105,210.5,414544253.234
106,210.6,309475395.097
107,210.7,203567808.408
108,210.8,148669782.844
109,210.9,179533237.711
110,211.0,309299999.999
111,211.1,519283769.455
112,211.2,744191820.022
113,211.3,887557191.056
114,211.4,877225766.387
115,211.5,718123458.507
116,211.6,486934701.721
117,211.7,273301791.591
118,211.8,127092801.718
119,211.9,48925772.444
120,212.0,15600000.0
121,212.1,4121733.564
122,212.2,896696.484
123,212.3,163074.163
124,212.4,24390.355
125,212.5,3053.261
126,212.6,303.537
127,212.7,26.234
128,212.8,2.258
129,212.9,0.064
130,213.0,0.005
131,213.1,0.002
132,213.2,0.0
133,213.3,0.0
134,213.4,0.0
135,213.5,0.0
136,213.6,0.001
137,213.7,0.022
138,213.8,0.277
139,213.9,3.056
140,214.0,27.42
141,214.1,203.547
142,214.2,1265.341
143,214.3,6547.774
144,214.4,28187.867
145,214.5,101254.168
146,214.6,302852.751
147,214.7,754663.718
148,214.8,1566232.758
149,214.9,2708104.742
150,215.0,3902000.0
151,215.1,4683137.953
152,215.2,4682860.713
153,215.3,3901889.451
154,215.4,2708276.889
155,215.5,1566352.455
156,215.6,754682.654
157,215.7,302881.756
158,215.8,101210.131
159,215.9,28220.082
160,216.0,6553.0
161,216.1,1266.976
162,216.2,201.468
163,216.3,27.311
164,216.4,3.052
165,216.5,0.287
166,216.6,0.021
167,216.7,0.001
168,216.8,0.0
169,216.9,0.0
170,217.0,0.0
171,217.1,0.0
172,217.2,0.0
173,217.3,0.0
174,217.4,0.0
175,217.5,0.0
176,217.6,0.0
177,217.7,0.0
178,217.8,0.0
179,217.9,0.0
180,218.0,0.0
181,218.1,0.0
182,218.2,0.007
183,218.3,0.075
184,218.4,1.027
185,218.5,12.511
186,218.6,120.514
187,218.7,983.907
188,218.8,6677.743
189,218.9,38814.884
190,219.0,187300.0
191,219.1,758639.132
192,219.2,2581698.694
193,219.3,7382672.644
194,219.4,17746403.209
195,219.5,35854121.018
196,219.6,60979861.721
197,219.7,87468490.797
198,219.8,106075082.046
199,219.9,109221526.278
200,220.0,96180000.0
201,220.1,73380450.97
202,220.2,50198327.946
203,220.3,34701270.987
204,220.4,32636620.29
205,220.5,48185614.648
206,220.6,82705293.528
207,220.7,130751607.944
208,220.8,177379136.234
209,220.9,203496603.82
210,221.0,196500000.0
211,221.1,159632483.376
212,221.2,109115381.804
213,221.3,62681763.284
214,221.4,30301088.859
215,221.5,12310635.237
216,221.6,4208513.377
217,221.7,1210126.779
218,221.8,292160.918
219,221.9,59449.801
220,222.0,10180.0
221,222.1,1463.444
222,222.2,172.999
223,222.3,17.952
224,222.4,1.549
225,222.5,0.111
226,222.6,0.015
227,222.7,0.065
228,222.8,0.409
229,222.9,2.229
230,223.0,10.17
231,223.1,39.181
232,223.2,127.575
233,223.3,351.026
234,223.4,815.902
235,223.5,1601.446
236,223.6,2656.065
237,223.7,3720.895
238,223.8,4403.918
239,223.9,4404.087
240,224.0,3721.0
241,224.1,2656.074
242,224.2,1601.263
243,224.3,815.684
244,224.4,350.978
245,224.5,127.569
246,224.6,39.155
247,224.7,10.167
248,224.8,2.225
249,224.9,0.416
250,225.0,0.114
251,225.1,0.516
252,225.2,4.564
253,225.3,33.746
254,225.4,212.749
255,225.5,1145.822
256,225.6,5224.003
257,225.7,20194.008
258,225.8,66102.475
259,225.9,183742.491
260,226.0,432700.0
261,226.1,864613.952
262,226.2,1464763.492
263,226.3,2103947.305
264,226.4,2564511.008
265,226.5,2651097.284
266,226.6,2329342.929
267,226.7,1757103.973
268,226.8,1217093.042
269,226.9,1038767.044
270,227.0,1650000.0
271,227.1,3682451.528
272,227.2,7930556.232
273,227.3,14884457.244
274,227.4,23998289.993
275,227.5,33248543.947
276,227.6,39812013.954
277,227.7,41615750.112
278,227.8,38584290.496
279,227.9,32441552.344
280,228.0,25370000.0
281,228.1,18744279.986
282,228.2,13071133.161
283,228.3,8437796.189
284,228.4,4912100.256
285,228.5,2522944.356
286,228.6,1125670.911
287,228.7,432123.967
288,228.8,141904.656
289,228.9,39921.449
290,229.0,10280.0
291,229.1,5813.379
292,229.2,17001.153
293,229.3,61325.915
294,229.4,192557.36
295,229.5,519120.177
296,229.6,1204198.227
297,229.7,2416170.066
298,229.8,4222486.571
299,229.9,6493546.991
300,230.0,8906000.0
301,230.1,11079244.247
302,230.2,12728056.347
303,230.3,13736113.639
304,230.4,14055267.179
305,230.5,13626565.912
306,230.6,12372141.901
307,230.7,10326223.984
308,230.8,7775290.15
309,230.9,5189363.436
310,231.0,3032000.0
311,231.1,1536538.191
312,231.2,671512.565
313,231.3,252037.003
314,231.4,80929.882
315,231.5,22254.748
316,231.6,5217.971
317,231.7,1049.687
318,231.8,180.149
319,231.9,27.0
320,232.0,9.275
321,232.1,37.181
322,232.2,194.458
323,232.3,880.618
324,232.4,3411.62
325,232.5,11353.049
326,232.6,32414.399
327,232.7,79497.684
328,232.8,167801.821
329,232.9,305611.975
330,233.0,482100.0
331,233.1,662677.784
332,233.2,801060.361
333,233.3,864288.863
334,233.4,853666.276
335,233.5,804565.957
336,233.6,765442.634
337,233.7,767119.361
338,233.8,801673.941
339,233.9,827839.297
340,234.0,802400.0
341,234.1,719783.851
342,234.2,627070.616
343,234.3,600200.97
344,234.4,694922.546
345,234.5,904855.239
346,234.6,1149354.683
347,234.7,1311459.439
348,234.8,1303258.494
349,234.9,1115681.838
350,235.0,820500.0
351,235.1,517865.933
352,235.2,280447.08
353,235.3,130233.241
354,235.4,51909.769
355,235.5,17735.168
356,235.6,5199.224
357,235.7,1308.137
358,235.8,282.161
359,235.9,52.175
360,236.0,8.314
361,236.1,1.192
362,236.2,0.66
363,236.3,3.81
364,236.4,23.491
365,236.5,126.131
366,236.6,581.423
367,236.7,2307.312
368,236.8,7872.637
369,236.9,23155.457
370,237.0,58590.0
371,237.1,127606.301
372,237.2,239376.213
373,237.3,386461.082
374,237.4,537314.713
375,237.5,643406.847
376,237.6,664651.798
377,237.7,595710.912
378,237.8,474061.669
379,237.9,363341.723
380,238.0,326000.0
381,238.1,400904.528
382,238.2,587603.8
383,238.3,838802.244
384,238.4,1067102.069
385,238.5,1181184.78
386,238.6,1128830.005
387,238.7,931064.193
388,238.8,662999.946
389,238.9,413064.738
390,239.0,247400.0
391,239.1,219133.106
392,239.2,420915.684
393,239.3,1051564.219
394,239.4,2437968.176
395,239.5,4924927.523
396,239.6,8601866.112
397,239.7,12969804.616
398,239.8,16895270.793
399,239.9,18998854.376
400,240.0,18450000.0
401,240.1,15475789.633
402,240.2,11202700.448
403,240.3,7003419.099
404,240.4,3780955.915
405,240.5,1763949.98
406,240.6,715566.035
407,240.7,267711.904
408,240.8,134259.074
409,240.9,167847.413
410,241.0,321600.0
411,241.1,589364.775
412,241.2,952230.459
413,241.3,1352985.339
414,241.4,1710514.962
415,241.5,1970279.83
416,241.6,2142623.177
417,241.7,2295972.444
418,241.8,2512655.483
419,241.9,2836557.901
420,242.0,3258000.0
421,242.1,3727239.879
422,242.2,4170184.721
423,242.3,4496670.993
424,242.4,4609959.244
425,242.5,4451841.192
426,242.6,4031792.538
427,242.7,3435810.721
428,242.8,2776500.795
429,242.9,2141935.257
430,243.0,1582000.0
431,243.1,1135107.411
432,243.2,898445.67
433,243.3,1103106.041
434,243.4,2241458.541
435,243.5,5161545.129
436,243.6,10969059.725
437,243.7,20446484.856
438,243.8,33175307.432
439,243.9,46719818.224
440,244.0,57130000.0
441,244.1,60665956.683
442,244.2,56040056.67
443,244.3,45351437.365
444,244.4,33042544.979
445,244.5,23914108.823
446,244.6,21426890.684
447,244.7,27004911.723
448,244.8,39714716.347
449,244.9,56087221.016
450,245.0,70660000.0
451,245.1,77817139.937
452,245.2,74558533.103
453,245.3,62104297.361
454,245.4,44934679.84
455,245.5,28254555.303
456,245.6,15429331.526
457,245.7,7323666.158
458,245.8,3018170.951
459,245.9,1081388.428
460,246.0,336600.0
461,246.1,90946.965
462,246.2,21283.273
463,246.3,4354.263
464,246.4,770.699
465,246.5,118.902
466,246.6,15.668
467,246.7,1.839
468,246.8,0.196
469,246.9,0.015
470,247.0,0.001
471,247.1,0.0
472,247.2,0.0
473,247.3,0.0
474,247.4,0.0
475,247.5,0.0
476,247.6,0.0
477,247.7,0.0
478,247.8,0.0
479,247.9,0.0
480,248.0,0.0
481,248.1,0.0
482,248.2,0.0
483,248.3,0.0
484,248.4,0.0
485,248.5,0.0
486,248.6,0.0
487,248.7,0.0
488,248.8,0.0
489,248.9,0.0
490,249.0,0.0
491,249.1,0.0
492,249.2,0.0
493,249.3,0.0
494,249.4,0.0
495,249.5,0.0
496,249.6,0.0
497,249.7,0.0
498,249.8,0.001
499,249.9,0.004
500,250.0,0.035
501,250.1,0.32
502,250.2,2.767
503,250.3,20.235
504,250.4,131.668
505,250.5,765.177
506,250.6,3900.013
507,250.7,17548.018
508,250.8,69386.547
509,250.9,242760.421
510,251.0,745800.0
511,251.1,2016549.101
512,251.2,4796268.962
513,251.3,10028448.996
514,251.4,18451580.836
515,251.5,29890302.83
516,251.6,42764002.299
517,251.7,54553507.795
518,251.8,63608876.238
519,251.9,71753379.322
520,252.0,85889999.999
521,252.1,117032641.076
522,252.2,175148320.115
523,252.3,262492829.28
524,252.4,367229953.969
525,252.5,465815869.254
526,252.6,533152723.816
527,252.7,557482458.884
528,252.8,547138979.728
529,252.9,523776362.231
530,253.0,507400000.0
531,253.1,504483608.786
532,253.2,508155316.234
533,253.3,506811353.489
534,253.4,491150536.651
535,253.5,456779040.449
536,253.6,402907749.173
537,253.7,332722404.985
538,253.8,253690301.506
539,253.9,176931336.642
540,254.0,112400000.002
541,254.1,65720915.292
542,254.2,36250616.068
543,254.3,19749089.727
544,254.4,11138330.148
545,254.5,6585184.994
546,254.6,4001929.251
547,254.7,2647735.814
548,254.8,2664001.115
549,254.9,5016710.283
550,255.0,11770000.0
551,255.1,26163000.895
552,255.2,51794399.536
553,255.3,90247465.437
554,255.4,138275547.8
555,255.5,186107888.627
556,255.6,220187057.342
557,255.7,228856206.344
558,255.8,209106527.04
559,255.9,167883145.937
560,256.0,118400000.002
561,256.1,73478425.114
562,256.2,40280797.559
563,256.3,20043387.384
564,256.4,10559106.569
565,256.5,9145147.673
566,256.6,14464636.533
567,256.7,26456060.808
568,256.8,44991789.721
569,256.9,68068335.275
570,257.0,90959999.999
571,257.1,107104749.376
572,257.2,111206849.623
573,257.3,101603575.489
574,257.4,81785064.583
575,257.5,58013170.817
576,257.6,36291638.609
577,257.7,20057432.616
578,257.8,9823526.152
579,257.9,4296805.391
580,258.0,1699000.0
581,258.1,620668.92
582,258.2,218970.451
583,258.3,87211.38
584,258.4,62845.462
585,258.5,97205.62
586,258.6,186162.837
587,258.7,339017.853
588,258.8,561779.625
589,258.9,848869.574
590,259.0,1183000.0
591,259.1,1547984.205
592,259.2,1940193.29
593,259.3,2384653.728
594,259.4,2941262.938
595,259.5,3700826.835
596,259.6,4753027.054
597,259.7,6129996.096
598,259.8,7742165.222
599,259.9,9370932.431
600,260.0,10770000.0
601,260.1,11796885.307
602,260.2,12531369.453
603,260.3,13140124.783
604,260.4,13735146.633
605,260.5,14225320.613
606,260.6,14534588.567
607,260.7,14767952.107
608,260.8,15261044.193
609,260.9,16336295.016
610,261.0,17870000.0
611,261.1,19218578.853
612,261.2,19475218.598
613,261.3,18072103.587
614,261.4,15171464.026
615,261.5,11547012.187
616,261.6,8189740.272
617,261.7,5784038.433
618,261.8,4493850.895
619,261.9,4037122.808
620,262.0,3936000.0
621,262.1,3771523.829
622,262.2,3339751.297
623,262.3,2670827.283
624,262.4,1940571.145
625,262.5,1363249.278
626,262.6,1124869.062
627,262.7,1385013.93
628,262.8,2315547.281
629,262.9,4136799.329
630,263.0,7118000.0
631,263.1,11542443.534
632,263.2,17633415.436
633,263.3,25447715.864
634,263.4,34820039.958
635,263.5,45338260.657
636,263.6,56575076.325
637,263.7,68268450.473
638,263.8,80447949.398
639,263.9,93380080.62
640,264.0,107299999.999
641,264.1,122248550.303
642,264.2,137938796.501
643,264.3,153434210.346
644,264.4,166787779.407
645,264.5,174983115.438
646,264.6,174111475.199
647,264.7,161716300.017
648,264.8,138164304.618
649,264.9,107499767.601
650,265.0,75460000.001
651,265.1,47584589.112
652,265.2,26883701.528
653,265.3,13626547.433
654,265.4,6292050.388
655,265.5,2808918.198
656,265.6,1439646.994
657,265.7,1068865.183
658,265.8,1111410.226
659,265.9,1307270.036
660,266.0,1547000.0
661,266.1,1764741.76
662,266.2,1900437.507
663,266.3,1920356.66
664,266.4,1838294.76
665,266.5,1730589.04
666,266.6,1700668.216
667,266.7,1814193.761
668,266.8,2056204.519
669,266.9,2322389.739
670,267.0,2473000.0
671,267.1,2409303.621
672,267.2,2129565.536
673,267.3,1736549.155
674,267.4,1390773.992
675,267.5,1248615.086
676,267.6,1406138.184
677,267.7,1870030.805
678,267.8,2536222.588
679,267.9,3213592.348
680,268.0,3676000.0
681,268.1,3756297.879
682,268.2,3416428.176
683,268.3,2764389.307
684,268.4,1988693.678
685,268.5,1272765.757
686,268.6,723644.107
687,268.7,365813.805
688,268.8,164406.144
689,268.9,65719.372
690,269.0,23350.0
691,269.1,7375.638
692,269.2,2066.076
693,269.3,516.635
694,269.4,114.518
695,269.5,22.613
696,269.6,3.942
697,269.7,0.619
698,269.8,0.089
699,269.9,0.029
700,270.0,0.154
701,270.1,1.137
702,270.2,7.665
703,270.3,45.463
704,270.4,240.72
705,270.5,1142.998
706,270.6,4834.678
707,270.7,18235.029
708,270.8,61252.199
709,270.9,183850.86
710,271.0,491700.0
711,271.1,1172734.38
712,271.2,2494900.084
713,271.3,4733715.56
714,271.4,8011732.44
715,271.5,12095481.114
716,271.6,16279104.007
717,271.7,19545586.082
718,271.8,20938359.934
719,271.9,20002455.846
720,272.0,17040000.0
721,272.1,12954324.427
722,272.2,8782906.504
723,272.3,5317092.079
724,272.4,2892608.14
725,272.5,1468833.778
726,272.6,836890.191
727,272.7,816138.28
728,272.8,1342305.332
729,272.9,2455491.253
730,273.0,4200000.0
731,273.1,6495128.944
732,273.2,9038769.82
733,273.3,11318927.776
734,273.4,12770948.414
735,273.5,13006376.343
736,273.6,11996546.55
737,273.7,10099316.724
738,273.8,8033196.252
739,273.9,6668051.631
740,274.0,7036000.0
741,274.1,10292240.397
742,274.2,17616471.204
743,274.3,29863079.331
744,274.4,47086681.058
745,274.5,68208791.992
746,274.6,91408786.468
747,274.7,114941511.983
748,274.8,138074723.735
749,274.9,160534544.88
750,275.0,181399999.999
751,275.1,197676032.637
752,275.2,204945430.601
753,275.3,199830776.354
754,275.4,182397061.177
755,275.5,157190071.285
756,275.6,130790171.511
757,275.7,108821844.729
758,275.8,94274619.817
759,275.9,86488636.106
760,276.0,83480000.0
761,276.1,83043892.815
762,276.2,83567042.166
763,276.3,83707905.597
764,276.4,82109350.294
765,276.5,77419158.611
766,276.6,68930523.666
767,276.7,57060027.394
768,276.8,43411779.357
769,276.9,30098169.579
770,277.0,18920000.0
771,277.1,10731953.392
772,277.2,5486334.588
773,277.3,2520198.878
774,277.4,1039518.667
775,277.5,384476.971
776,277.6,127588.006
777,277.7,37973.876
778,277.8,10116.469
779,277.9,2417.94
780,278.0,518.1
781,278.1,99.257
782,278.2,16.867
783,278.3,2.617
784,278.4,0.363
785,278.5,0.069
786,278.6,0.217
787,278.7,1.648
788,278.8,11.388
789,278.9,72.291
790,279.0,407.5
791,279.1,2057.79
792,279.2,9354.729
793,279.3,38194.428
794,279.4,139927.603
795,279.5,460998.503
796,279.6,1364376.449
797,279.7,3628856.816
798,279.8,8670858.684
799,279.9,18631831.679
800,280.0,36059999.999
801,280.1,62915633.409
802,280.2,99343980.0
803,280.3,142575766.862
804,280.4,187833965.17
805,280.5,229928385.438
806,280.6,266234589.426
807,280.7,297198573.738
808,280.8,324067632.575
809,280.9,346124350.804
810,281.0,358700000.0
811,281.1,356102950.215
812,281.2,336870503.792
813,281.3,306522177.31
814,281.4,276672428.485
815,281.5,258663314.701
816,281.6,257402641.388
817,281.7,268358588.179
818,281.8,280527757.546
819,281.9,282757919.853
820,282.0,269700000.001
821,282.1,244701964.887
822,282.2,218776299.914
823,282.3,205791352.227
824,282.4,217482924.518
825,282.5,258562081.114
826,282.6,323938958.791
827,282.7,399355875.269
828,282.8,465981163.05
829,282.9,507236026.176
830,283.0,514800000.0
831,283.1,490851629.575
832,283.2,444837194.914
833,283.3,388928426.384
834,283.4,333151940.924
835,283.5,284779030.534
836,283.6,248486069.584
837,283.7,227675848.071
838,283.8,223831539.681
839,283.9,235572133.727
840,284.0,257799999.999
841,284.1,281849525.241
842,284.2,297966960.235
843,284.3,298967375.479
844,284.4,282803447.995
845,284.5,253087336.846
846,284.6,217278413.841
847,284.7,183167887.328
848,284.8,156766043.392
849,284.9,140151812.927
850,285.0,132700000.0
851,285.1,131495161.631
852,285.2,133319857.281
853,285.3,135956563.128
854,285.4,137899542.568
855,285.5,138623163.325
856,285.6,137837032.462
857,285.7,135765380.383
858,285.8,133657455.179
859,285.9,133163283.995
860,286.0,135600000.0
861,286.1,140139964.615
862,286.2,143401716.189
863,286.3,141254447.109
864,286.4,130503790.412
865,286.5,111230556.466
866,286.6,86663497.848
867,286.7,61515681.72
868,286.8,40164835.255
869,286.9,25446314.799
870,287.0,18770000.0
871,287.1,21000439.894
872,287.2,33299859.185
873,287.3,56911752.574
874,287.4,92047418.766
875,287.5,136278059.157
876,287.6,183785171.88
877,287.7,226780701.841
878,287.8,258887006.237
879,287.9,278291292.95
880,288.0,289000000.0
881,288.1,297986376.94
882,288.2,310520243.483
883,288.3,325667253.249
884,288.4,336790120.213
885,288.5,335541593.518
886,288.6,317305466.599
887,288.7,284079778.936
888,288.8,242928425.029
889,288.9,201643313.334
890,289.0,165500000.002
891,289.1,135391965.998
892,289.2,109649470.292
893,289.3,86519053.015
894,289.4,65041755.072
895,289.5,45811715.047
896,289.6,29854782.257
897,289.7,17863319.999
898,289.8,9768774.037
899,289.9,4874860.275
900,290.0,2231000.0
901,290.1,988049.485
902,290.2,563570.349
903,290.3,679686.909
904,290.4,1321858.328
905,290.5,2667209.221
906,290.6,4987544.594
907,290.7,8493063.502
908,290.8,13149222.246
909,290.9,18489789.58
910,291.0,23650000.0
911,291.1,27490790.099
912,291.2,29053861.611
913,291.3,27934206.29
914,291.4,24425408.107
915,291.5,19437528.295
916,291.6,14097298.289
917,291.7,9390213.446
918,291.8,5923534.197
919,291.9,3968232.556
920,292.0,3624000.0
921,292.1,5011319.559
922,292.2,8355099.995
923,292.3,13939507.739
924,292.4,21966992.152
925,292.5,32463134.642
926,292.6,45224221.686
927,292.7,59888205.915
928,292.8,75928592.915
929,292.9,92587023.879
930,293.0,108899999.999
931,293.1,123853144.572
932,293.2,137182147.376
933,293.3,149217682.245
934,293.4,161427783.057
935,293.5,175119807.187
936,293.6,190987002.486
937,293.7,208620181.38
938,293.8,226995657.7
939,293.9,245144632.915
940,294.0,262399999.999
941,294.1,278469524.199
942,294.2,292144376.377
943,294.3,301335708.743
944,294.4,303085809.92
945,294.5,294604967.08
946,294.6,274972126.035
947,294.7,245998193.125
948,294.8,212434432.145
949,294.9,181371927.371
950,295.0,159700000.001
951,295.1,152536714.964
952,295.2,161070478.739
953,295.3,182643296.795
954,295.4,211057289.582
955,295.5,238721378.011
956,295.6,258762542.87
957,295.7,266530615.776
958,295.8,259786840.03
959,295.9,239352385.147
960,296.0,207800000.002
961,296.1,169385468.458
962,296.2,129021718.609
963,296.3,91560973.575
964,296.4,60473069.159
965,296.5,37381121.097
966,296.6,22015070.483
967,296.7,12868316.692
968,296.8,7957340.939
969,296.9,5543868.823
970,297.0,4436000.0
971,297.1,4047583.425
972,297.2,4283473.998
973,297.3,5371694.475
974,297.4,7665139.335
975,297.5,11427641.084
976,297.6,16567737.848
977,297.7,22525449.426
978,297.8,28248903.452
979,297.9,32482150.663
980,298.0,34220000.0
981,298.1,33137158.239
982,298.2,29695474.11
983,298.3,24997024.026
984,298.4,20382544.466
985,298.5,16960042.902
986,298.6,15378544.653
987,298.7,15735428.129
988,298.8,17650690.088
989,298.9,20422323.111
990,299.0,23290000.0
991,299.1,25703883.738
992,299.2,27516176.522
993,299.3,28967705.766
994,299.4,30507380.118
995,299.5,32535588.18
996,299.6,35164320.455
997,299.7,38199614.233
998,299.8,41176173.497
999,299.9,43577216.525
1000,300.0,45030000.0
1001,300.1,45503218.838
1002,300.2,45438727.924
1003,300.3,45575765.982
1004,300.4,46613939.566
1005,300.5,48809682.231
1006,300.6,51665220.816
1007,300.7,54163128.252
1008,300.8,55376156.996
1009,300.9,55220162.93
1010,301.0,55090000.0
1011,301.1,57827499.589
1012,301.2,66993799.341
1013,301.3,85523575.011
1014,301.4,114034190.763
1015,301.5,149895735.4
1016,301.6,186947426.475
1017,301.7,217203555.052
1018,301.8,233903942.551
1019,301.9,233908630.14
1020,302.0,219200000.001
1021,302.1,195043354.985
1022,302.2,168368839.302
1023,302.3,144990819.569
1024,302.4,128704105.815
1025,302.5,120980351.183
1026,302.6,122119577.249
1027,302.7,130492175.14
1028,302.8,143002400.212
1029,302.9,154799086.145
1030,303.0,160500000.0
1031,303.1,156241586.027
1032,303.2,141017615.715
1033,303.3,117102831.653
1034,303.4,89170590.582
1035,303.5,62133681.308
1036,303.6,39673729.522
1037,303.7,23460908.415
1038,303.8,13523221.817
1039,303.9,9057048.692
1040,304.0,9313000.0
1041,304.1,14004983.513
1042,304.2,23232247.367
1043,304.3,36995746.747
1044,304.4,54490419.886
1045,304.5,73694217.62
1046,304.6,91456576.534
1047,304.7,104391964.302
1048,304.8,110089105.664
1049,304.9,108498523.558
1050,305.0,102400000.0
1051,305.1,97128720.422
1052,305.2,98990883.169
1053,305.3,113265971.555
1054,305.4,142402032.286
1055,305.5,184407823.322
1056,305.6,233032692.739
1057,305.7,279494964.335
1058,305.8,316284108.622
1059,305.9,341907445.946
1060,306.0,362699999.999
1061,306.1,392606788.068
1062,306.2,447691363.506
1063,306.3,538808800.66
1064,306.4,665702434.982
1065,306.5,816551342.583
1066,306.6,974647217.777
1067,306.7,1129198193.822
1068,306.8,1283373672.328
1069,306.9,1459139295.858
1070,307.0,1679999999.985
1071,307.1,1964027387.683
1072,307.2,2305299422.467
1073,307.3,2675909966.805
1074,307.4,3031401365.776
1075,307.5,3323843458.122
1076,307.6,3513045041.18
1077,307.7,3573624658.641
1078,307.8,3490309409.326
1079,307.9,3271180945.002
1080,308.0,2946000000.022
1081,308.1,2572255902.222
1082,308.2,2233020205.23
1083,308.3,2014406624.654
1084,308.4,1980854141.512
1085,308.5,2148482110.249
1086,308.6,2469087944.968
1087,308.7,2837360277.439
1088,308.8,3125111536.98
1089,308.9,3222099917.542
1090,309.0,3077000000.016
1091,309.1,2710501986.32
1092,309.2,2205203453.077
1093,309.3,1665111595.791
1094,309.4,1182460471.543
1095,309.5,812315892.804
1096,309.6,566101805.553
1097,309.7,428456183.816
1098,309.8,372627675.285
1099,309.9,375995832.247
1100,310.0,424699999.996
1101,310.1,511463524.183
1102,310.2,627900833.006
1103,310.3,759025122.312
1104,310.4,881521067.323
1105,310.5,968981249.648
1106,310.6,999977371.476
1107,310.7,966184126.225
1108,310.8,874717524.522
1109,310.9,745541318.48
1110,311.0,603900000.009
1111,311.1,472493999.677
1112,311.2,366931375.909
1113,311.3,294464474.66
1114,311.4,255731020.762
1115,311.5,246725599.69
1116,311.6,259777667.901
1117,311.7,284925409.077
1118,311.8,310617506.908
1119,311.9,326235086.727
1120,312.0,324500000.001
1121,312.1,303930088.35
1122,312.2,268912798.998
1123,312.3,228179642.669
1124,312.4,191927722.516
1125,312.5,167948322.827
1126,312.6,159933254.39
1127,312.7,166472663.138
1128,312.8,181948403.915
1129,312.9,198782288.054
1130,313.0,209200000.0
1131,313.1,208125349.904
1132,313.2,193906073.526
1133,313.3,168492786.028
1134,313.4,136557799.316
1135,313.5,103729412.005
1136,313.6,75240655.678
1137,313.7,54689159.626
1138,313.8,43936706.05
1139,313.9,43304147.77
1140,314.0,52019999.999
1141,314.1,68526435.646
1142,314.2,90665317.192
1143,314.3,115983681.175
1144,314.4,142227526.401
1145,314.5,167809525.79
1146,314.6,192753939.378
1147,314.7,218982570.459
1148,314.8,251554190.103
1149,314.9,300591332.006
1150,315.0,383299999.993
1151,315.1,527627897.066
1152,315.2,773386035.186
1153,315.3,1168412364.515
1154,315.4,1757904637.673
1155,315.5,2559623563.097
1156,315.6,3543069500.374
1157,315.7,4609272106.239
1158,315.8,5602161266.601
1159,315.9,6341473117.35
1160,316.0,6681999999.993
1161,316.1,6559202940.617
1162,316.2,6019384112.102
1163,316.3,5192793525.462
1164,316.4,4253373024.226
1165,316.5,3361440678.392
1166,316.6,2622302557.111
1167,316.7,2072425001.875
1168,316.8,1695476352.088
1169,316.9,1447490461.476
1170,317.0,1295000000.007
1171,317.1,1236693343.669
1172,317.2,1322311601.661
1173,317.3,1636859578.998
1174,317.4,2284474543.146
1175,317.5,3335978121.859
1176,317.6,4780857499.404
1177,317.7,6491690023.763
1178,317.8,8213673680.211
1179,317.9,9619577186.681
1180,318.0,10399999999.974
1181,318.1,10378592923.02
1182,318.2,9559308747.217
1183,318.3,8139641708.901
1184,318.4,6427552615.821
1185,318.5,4745825030.937
1186,318.6,3334197268.763
1187,318.7,2312089457.929
1188,318.8,1679854715.464
1189,318.9,1356672055.41
1190,319.0,1228000000.005
1191,319.1,1180906749.776
1192,319.2,1135321099.07
1193,319.3,1046602854.432
1194,319.4,911865695.694
1195,319.5,753281952.838
1196,319.6,604759793.725
1197,319.7,497730893.992
1198,319.8,450965962.459
1199,319.9,466218761.845
1200,320.0,529399999.995
1201,320.1,614776233.256
1202,320.2,691884904.535
1203,320.3,733959886.288
1204,320.4,724922274.4
1205,320.5,663668499.597
1206,320.6,563313039.642
1207,320.7,445652456.969
1208,320.8,334569565.279
1209,320.9,250216823.455
1210,321.0,206500000.001
1211,321.1,211364184.631
1212,321.2,267751736.223
1213,321.3,374043893.445
1214,321.4,523207221.554
1215,321.5,701712450.398
1216,321.6,890644526.882
1217,321.7,1069923798.906
1218,321.8,1222326307.571
1219,321.9,1341103004.291
1220,322.0,1429999999.995
1221,322.1,1497636178.22
1222,322.2,1556775575.384
1223,322.3,1616543615.068
1224,322.4,1687548763.83
1225,322.5,1781170240.771
1226,322.6,1917140958.234
1227,322.7,2126140270.824
1228,322.8,2444789994.391
1229,322.9,2916203979.21
1230,323.0,3573999999.947
1231,323.1,4433475945.488
1232,323.2,5470708533.057
1233,323.3,6612425670.749
1234,323.4,7737747382.339
1235,323.5,8696813854.09
1236,323.6,9348669414.497
1237,323.7,9600886125.6
1238,323.8,9428111838.399
1239,323.9,8877774527.188
1240,324.0,8042000000.066
1241,324.1,7038201724.895
1242,324.2,5976564364.576
1243,324.3,4955614041.549
1244,324.4,4054129752.27
1245,324.5,3326892432.844
1246,324.6,2805257999.819
1247,324.7,2489158567.802
1248,324.8,2353772844.924
1249,324.9,2349554441.956
1250,325.0,2413999999.994
1251,325.1,2487889242.855
1252,325.2,2521053899.23
1253,325.3,2483246165.407
1254,325.4,2365668552.803
1255,325.5,2187584965.516
1256,325.6,1984434701.592
1257,325.7,1804112299.196
1258,325.8,1682608696.582
1259,325.9,1637627459.017
1260,326.0,1654999999.997
1261,326.1,1693258859.62
1262,326.2,1705461972.284
1263,326.3,1649959931.506
1264,326.4,1515063855.895
1265,326.5,1317663262.895
1266,326.6,1093902033.337
1267,326.7,889452246.924
1268,326.8,738279502.565
1269,326.9,655788361.865
1270,327.0,636899999.999
1271,327.1,662277351.026
1272,327.2,708167979.439
1273,327.3,755336398.744
1274,327.4,794865475.762
1275,327.5,826791200.364
1276,327.6,856183147.86
1277,327.7,886246272.201
1278,327.8,915632792.16
1279,327.9,938073044.368
1280,328.0,947200000.0
1281,328.1,941372557.528
1282,328.2,925862918.129
1283,328.3,911442883.535
1284,328.4,908758215.136
1285,328.5,922172704.434
1286,328.6,945989455.728
1287,328.7,965144718.688
1288,328.8,960217422.729
1289,328.9,915873883.99
1290,329.0,827000000.008
1291,329.1,700923954.93
1292,329.2,554575451.671
1293,329.3,408315782.548
1294,329.4,279132235.682
1295,329.5,176989116.038
1296,329.6,104030454.212
1297,329.7,56795966.965
1298,329.8,29121260.645
1299,329.9,14775767.864
1300,330.0,8967000.0
1301,330.1,8784046.887
1302,330.2,12961740.164
1303,330.3,21309142.052
1304,330.4,33985894.35
1305,330.5,50907650.132
1306,330.6,71246667.649
1307,330.7,93364851.62
1308,330.8,115183676.991
1309,330.9,135027341.796
1310,331.0,152499999.999
1311,331.1,169248400.825
1312,331.2,188725765.398
1313,331.3,215935053.651
1314,331.4,256625564.903
1315,331.5,317236595.749
1316,331.6,404259076.007
1317,331.7,523875521.437
1318,331.8,680027264.955
1319,331.9,871106009.809
1320,332.0,1085999999.983
1321,332.1,1306029399.71
1322,332.2,1503057903.481
1323,332.3,1653276624.057
1324,332.4,1741642570.44
1325,332.5,1769037014.993
1326,332.6,1752468623.335
1327,332.7,1715113804.786
1328,332.8,1680390522.47
1329,332.9,1657866428.793
1330,333.0,1646000000.001
1331,333.1,1639579046.016
1332,333.2,1629046621.817
1333,333.3,1615277787.718
1334,333.4,1607922629.137
1335,333.5,1627830433.542
1336,333.6,1699556995.061
1337,333.7,1842990287.997
1338,333.8,2070325776.342
1339,333.9,2376876290.79
1340,334.0,2742999999.971
1341,334.1,3144416074.171
1342,334.2,3572798330.369
1343,334.3,4043047621.731
1344,334.4,4601101628.265
1345,334.5,5292915790.792
1346,334.6,6131417280.93
1347,334.7,7058347624.718
1348,334.8,7936383743.629
1349,334.9,8574840898.339
1350,335.0,8795000000.002
1351,335.1,8499275692.059
1352,335.2,7718836079.85
1353,335.3,6604140976.84
1354,335.4,5388623483.032
1355,335.5,4309988129.13
1356,335.6,3556342908.135
1357,335.7,3213627936.443
1358,335.8,3265993715.761
1359,335.9,3601912606.872
1360,336.0,4054999999.965
1361,336.1,4446231106.993
1362,336.2,4629268105.615
1363,336.3,4533155721.431
1364,336.4,4171983859.255
1365,336.5,3638346635.76
1366,336.6,3069356881.891
1367,336.7,2605815615.31
1368,336.8,2349225767.112
1369,336.9,2338680345.701
1370,337.0,2546999999.977
1371,337.1,2887478328.487
1372,337.2,3244809584.045
1373,337.3,3502132797.898
1374,337.4,3583134215.157
1375,337.5,3467590823.876
1376,337.6,3197384570.395
1377,337.7,2860273652.427
1378,337.8,2559033871.474
1379,337.9,2375882688.604
1380,338.0,2352999999.995
1381,338.1,2479172315.752
1382,338.2,2701367055.596
1383,338.3,2939569297.554
1384,338.4,3111914347.757
1385,338.5,3159626964.885
1386,338.6,3057875158.938
1387,338.7,2817786228.305
1388,338.8,2480891572.359
1389,338.9,2101435963.928
1390,339.0,1729000000.028
1391,339.1,1403798604.475
1392,339.2,1143730330.671
1393,339.3,949269852.509
1394,339.4,807744963.705
1395,339.5,700011858.879
1396,339.6,608088690.543
1397,339.7,519872307.938
1398,339.8,431315058.999
1399,339.9,344622298.699
1400,340.0,265400000.006
1401,340.1,198471359.755
1402,340.2,146136021.367
1403,340.3,107590131.392
1404,340.4,80026098.471
1405,340.5,60053890.646
1406,340.6,44909780.363
1407,340.7,32867494.467
1408,340.8,23144794.882
1409,340.9,15475859.382
1410,341.0,9751000.0
1411,341.1,5752026.913
1412,341.2,3168498.751
1413,341.3,1625814.787
1414,341.4,776978.873
1415,341.5,345309.643
1416,341.6,142803.715
1417,341.7,54901.31
1418,341.8,19634.804
1419,341.9,6540.277
1420,342.0,2034.0
1421,342.1,595.226
1422,342.2,168.821
1423,342.3,56.435
1424,342.4,53.724
1425,342.5,171.911
1426,342.6,674.797
1427,342.7,2543.702
1428,342.8,8947.415
1429,342.9,29425.807
1430,343.0,90010.0
1431,343.1,256438.56
1432,343.2,680617.287
1433,343.3,1683498.936
1434,343.4,3878095.791
1435,343.5,8325358.921
1436,343.6,16648823.879
1437,343.7,30996086.273
1438,343.8,53785865.096
1439,343.9,86949643.784
1440,344.0,130899999.996
1441,344.1,183746790.732
1442,344.2,240195676.099
1443,344.3,292877664.53
1444,344.4,333203007.333
1445,344.5,354361331.918
1446,344.6,353207622.97
1447,344.7,331922874.352
1448,344.8,297036231.648
1449,344.9,257972514.242
1450,345.0,223800000.002
1451,345.1,201094949.062
1452,345.2,192974979.011
1453,345.3,198420433.464
1454,345.4,214145796.204
1455,345.5,235250766.467
1456,345.6,257018517.034
1457,345.7,275644671.857
1458,345.8,288725325.483
1459,345.9,294916196.374
1460,346.0,293900000.0
1461,346.1,285555198.609
1462,346.2,270086525.8
1463,346.3,247865396.768
1464,346.4,219789910.286
1465,346.5,187817194.128
1466,346.6,154411236.75
1467,346.7,122449123.534
1468,346.8,94665996.543
1469,346.9,73465774.325
1470,347.0,60510000.001
1471,347.1,56829368.034
1472,347.2,62636616.523
1473,347.3,77153184.956
1474,347.4,98383319.837
1475,347.5,123054018.233
1476,347.6,147013330.526
1477,347.7,165738935.931
1478,347.8,176054191.407
1479,347.9,176174918.482
1480,348.0,166800000.001
1481,348.1,150616679.247
1482,348.2,131420300.727
1483,348.3,112875585.712
1484,348.4,98306168.994
1485,348.5,89575906.705
1486,348.6,87576993.366
1487,348.7,92062368.89
1488,348.8,101714754.254
1489,348.9,114291314.639
1490,349.0,126699999.999
1491,349.1,135850617.8
1492,349.2,139175448.916
1493,349.3,135613299.483
1494,349.4,126196344.19
1495,349.5,114256403.744
1496,349.6,104821829.276
1497,349.7,104224289.448
1498,349.8,119044029.997
1499,349.9,155008886.315
1500,350.0,215599999.994
1501,350.1,300600324.068
1502,350.2,405401625.467
1503,350.3,520647444.836
1504,350.4,634396107.098
1505,350.5,734107100.39
1506,350.6,810238203.897
1507,350.7,857716011.986
1508,350.8,876023512.682
1509,350.9,867517866.051
1510,351.0,835500000.004
1511,351.1,782839950.929
1512,351.2,712300436.578
1513,351.3,627885242.128
1514,351.4,535884650.29
1515,351.5,444642344.367
1516,351.6,362734683.375
1517,351.7,296481016.829
1518,351.8,248350899.574
1519,351.9,216602567.664
1520,352.0,196100000.001
1521,352.1,180489212.76
1522,352.2,164533159.511
1523,352.3,145503401.641
1524,352.4,123145816.943
1525,352.5,99654329.459
1526,352.6,78246072.596
1527,352.7,62297197.144
1528,352.8,54593909.189
1529,352.9,56985596.401
1530,353.0,70169999.998
1531,353.1,93504653.75
1532,353.2,124668693.475
1533,353.3,159684692.975
1534,353.4,193176603.083
1535,353.5,219146152.238
1536,353.6,232764388.513
1537,353.7,231136386.667
1538,353.8,214606451.749
1539,353.9,186179397.12
1540,354.0,151000000.003
1541,354.1,114425995.888
1542,354.2,81094766.397
1543,354.3,53700225.298
1544,354.4,33235721.326
1545,354.5,19230445.403
1546,354.6,10397452.169
1547,354.7,5254704.634
1548,354.8,2481958.828
1549,354.9,1095746.273
1550,355.0,452200.0
1551,355.1,174432.834
1552,355.2,62807.567
1553,355.3,21177.376
1554,355.4,6667.539
1555,355.5,1961.923
1556,355.6,539.243
1557,355.7,138.907
1558,355.8,33.384
1559,355.9,7.492
1560,356.0,1.576
1561,356.1,0.309
1562,356.2,0.056
1563,356.3,0.01
1564,356.4,0.002
1565,356.5,0.0
1566,356.6,0.0
1567,356.7,0.0
1568,356.8,0.0
1569,356.9,0.001
1570,357.0,0.003
1571,357.1,0.019
1572,357.2,0.1
1573,357.3,0.495
1574,357.4,2.305
1575,357.5,10.11
1576,357.6,41.457
1577,357.7,159.23
1578,357.8,571.878
1579,357.9,1931.757
1580,358.0,6097.0
1581,358.1,18024.79
1582,358.2,49908.55
1583,358.3,129539.157
1584,358.4,314806.095
1585,358.5,716911.135
1586,358.6,1529613.085
1587,358.7,3056038.478
1588,358.8,5720981.914
1589,358.9,10034528.163
1590,359.0,16479999.999
1591,359.1,25363154.82
1592,359.2,36558473.877
1593,359.3,49367426.641
1594,359.4,62446392.053
1595,359.5,74004361.043
1596,359.6,82158035.279
1597,359.7,85443025.344
1598,359.8,83236319.086
1599,359.9,75967367.182
1600,360.0,64950000.001
1601,360.1,52012300.366
1602,360.2,39025272.215
1603,360.3,27426328.311
1604,360.4,18054286.792
1605,360.5,11138675.395
1606,360.6,6434399.229
1607,360.7,3483691.51
1608,360.8,1768719.924
1609,360.9,846835.55
1610,361.0,396000.0
1611,361.1,216282.659
1612,361.2,211859.308
1613,361.3,375691.252
1614,361.4,782966.236
1615,361.5,1598422.338
1616,361.6,3082942.186
1617,361.7,5588772.582
1618,361.8,9512503.681
1619,361.9,15200513.568
1620,362.0,22829999.999
1621,362.1,32229950.618
1622,362.2,42825266.266
1623,362.3,53642607.153
1624,362.4,63469924.269
1625,362.5,71196467.965
1626,362.6,76064883.358
1627,362.7,77907180.033
1628,362.8,77194723.816
1629,362.9,74827013.982
1630,363.0,71880000.0
1631,363.1,69360692.779
1632,363.2,68036390.923
1633,363.3,68471432.386
1634,363.4,71130440.098
1635,363.5,76436793.493
1636,363.6,84832521.801
1637,363.7,96565478.441
1638,363.8,111440378.459
1639,363.9,128620883.057
1640,364.0,146299999.998
1641,364.1,162181032.624
1642,364.2,173370989.869
1643,364.3,177872898.69
1644,364.4,174454029.09
1645,364.5,163372060.923
1646,364.6,146453867.457
1647,364.7,126565787.321
1648,364.8,106750706.963
1649,364.9,89905167.958
1650,365.0,77950000.001
1651,365.1,71808251.293
1652,365.2,71502721.904
1653,365.3,76522390.872
1654,365.4,86170291.771
1655,365.5,99844125.722
1656,365.6,116919080.514
1657,365.7,136760994.212
1658,365.8,157738653.046
1659,365.9,177832584.965
1660,366.0,194399999.999
1661,366.1,204464050.018
1662,366.2,205770080.784
1663,366.3,197538592.382
1664,366.4,180315851.441
1665,366.5,156241004.085
1666,366.6,128510070.753
1667,366.7,100249225.866
1668,366.8,74526212.187
1669,366.9,52961279.234
1670,367.0,36350000.001
1671,367.1,24484065.836
1672,367.2,16590723.929
1673,367.3,11668448.155
1674,367.4,8727838.89
1675,367.5,6992442.896
1676,367.6,5907953.375
1677,367.7,5130691.324
1678,367.8,4472932.473
1679,367.9,3853862.897
1680,368.0,3251000.0
1681,368.1,2676749.439
1682,368.2,2158893.117
1683,368.3,1727381.793
1684,368.4,1406640.127
1685,368.5,1210828.268
1686,368.6,1135175.744
1687,368.7,1160042.704
1688,368.8,1251833.477
1689,368.9,1383264.142
1690,369.0,1549000.0
1691,369.1,1808058.099
1692,369.2,2360445.638
1693,369.3,3669113.576
1694,369.4,6658343.451
1695,369.5,13005635.029
1696,369.6,25461025.183
1697,369.7,48109385.368
1698,369.8,86338976.026
1699,369.9,146277827.744
1700,370.0,233499999.99
1701,370.1,350552459.749
1702,370.2,494944830.964
1703,370.3,657270388.417
1704,370.4,820950350.123
1705,370.5,963735732.181
1706,370.6,1064440654.13
1707,370.7,1106147608.812
1708,370.8,1080156463.591
1709,370.9,991878778.526
1710,371.0,856900000.015
1711,371.1,696627098.974
1712,371.2,533426878.679
1713,371.3,385633132.987
1714,371.4,264687533.882
1715,371.5,175155240.478
1716,371.6,115381876.869
1717,371.7,80472213.945
1718,371.8,64109454.049
1719,371.9,60016800.843
1720,372.0,62840000.0
1721,372.1,68405426.342
1722,372.2,73853479.394
1723,372.3,77722042.645
1724,372.4,80068075.891
1725,372.5,82748585.469
1726,372.6,89651603.595
1727,372.7,107033455.228
1728,372.8,143404039.602
1729,372.9,209493493.129
1730,373.0,316699999.987
1731,373.1,474531855.379
1732,373.2,687362778.864
1733,373.3,950162612.914
1734,373.4,1245649950.63
1735,373.5,1546647492.734
1736,373.6,1814703201.458
1737,373.7,2012744002.548
1738,373.8,2112344238.37
1739,373.9,2099000781.673
1740,374.0,1979000000.017
1741,374.1,1772603757.987
1742,374.2,1513374379.556
1743,374.3,1234684895.756
1744,374.4,966428874.941
1745,374.5,730816356.077
1746,374.6,538437914.891
1747,374.7,393187392.488
1748,374.8,294072035.834
1749,374.9,238878987.548
1750,375.0,226999999.999
1751,375.1,261349496.736
1752,375.2,348843254.233
1753,375.3,498482383.775
1754,375.4,718367560.778
1755,375.5,1010421480.777
1756,375.6,1366795636.123
1757,375.7,1763551802.143
1758,375.8,2163334965.014
1759,375.9,2517102592.16
1760,376.0,2775999999.98
1761,376.1,2899500061.83
1762,376.2,2866966459.822
1763,376.3,2683760307.947
1764,376.4,2376789082.183
1765,376.5,1991708787.073
1766,376.6,1578740466.524
1767,376.7,1183347000.651
1768,376.8,839225800.723
1769,376.9,562940707.852
1770,377.0,357400000.017
1771,377.1,214959662.578
1772,377.2,122681908.357
1773,377.3,66679352.641
1774,377.4,34784059.775
1775,377.5,17654015.053
1776,377.6,8985571.285
1777,377.7,4880500.289
1778,377.8,3173641.857
1779,377.9,2775668.221
1780,378.0,3192000.0
1781,378.1,4218605.775
1782,378.2,5750450.177
1783,378.3,7683153.523
1784,378.4,9858192.937
1785,378.5,12059055.284
1786,378.6,14021255.997
1787,378.7,15476417.925
1788,378.8,16217092.395
1789,378.9,16136764.935
1790,379.0,15230000.0
1791,379.1,13659821.899
1792,379.2,11620936.874
1793,379.3,9383330.104
1794,379.4,7187579.744
1795,379.5,5221897.016
1796,379.6,3596759.571
1797,379.7,2347665.034
1798,379.8,1451165.152
1799,379.9,849594.492
1800,380.0,470700.0
1801,380.1,246710.602
1802,380.2,122275.382
1803,380.3,57315.633
1804,380.4,25377.6
1805,380.5,10616.341
1806,380.6,4196.544
1807,380.7,1565.955
1808,380.8,551.779
1809,380.9,183.542
1810,381.0,57.63
1811,381.1,17.064
1812,381.2,4.756
1813,381.3,1.256
1814,381.4,0.312
1815,381.5,0.073
1816,381.6,0.016
1817,381.7,0.003
1818,381.8,0.001
1819,381.9,0.0
1820,382.0,0.0
1821,382.1,0.0
1822,382.2,0.0
1823,382.3,0.0
1824,382.4,0.0
1825,382.5,0.0
1826,382.6,0.0
1827,382.7,0.001
1828,382.8,0.006
1829,382.9,0.025
1830,383.0,0.105
1831,383.1,0.416
1832,383.2,1.568
1833,383.3,5.576
1834,383.4,18.723
1835,383.5,59.49
1836,383.6,178.569
1837,383.7,506.686
1838,383.8,1358.302
1839,383.9,3443.663
1840,384.0,8254.0
1841,384.1,18702.002
1842,384.2,40107.576
1843,384.3,81397.436
1844,384.4,156361.437
1845,384.5,284656.146
1846,384.6,491209.264
1847,384.7,804167.737
1848,384.8,1250269.672
1849,384.9,1849267.827
1850,385.0,2604000.0
1851,385.1,3496736.031
1852,385.2,4484658.036
1853,385.3,5506049.866
1854,385.4,6481734.71
1855,385.5,7334662.594
1856,385.6,7999999.313
1857,385.7,8444285.621
1858,385.8,8673141.283
1859,385.9,8742122.871
1860,386.0,8751000.0
1861,386.1,8828270.81
1862,386.2,9105784.889
1863,386.3,9687426.297
1864,386.4,10625205.525
1865,386.5,11896320.733
1866,386.6,13401404.224
1867,386.7,15021398.262
1868,386.8,16573165.474
1869,386.9,17939769.678
1870,387.0,19020000.0
1871,387.1,19763732.759
1872,387.2,20200647.103
1873,387.3,20407091.978
1874,387.4,20508292.841
1875,387.5,20656740.72
1876,387.6,21032523.209
1877,387.7,21797277.711
1878,387.8,23026631.096
1879,387.9,24695688.157
1880,388.0,26620000.0
1881,388.1,28503965.462
1882,388.2,29929671.812
1883,388.3,30527098.53
1884,388.4,30040365.631
1885,388.5,28424284.365
1886,388.6,25895911.75
1887,388.7,22944656.174
1888,388.8,20277877.785
1889,388.9,18784714.54
1890,389.0,19550000.0
1891,389.1,23823538.442
1892,389.2,33024503.507
1893,389.3,48583040.347
1894,389.4,71725677.772
1895,389.5,103000600.908
1896,389.6,141800037.553
1897,389.7,185964071.849
1898,389.8,231677433.172
1899,389.9,273717114.67
1900,390.0,306599999.997
1901,390.1,325525449.483
1902,390.2,327958944.173
1903,390.3,314080232.853
1904,390.4,287083606.731
1905,390.5,252465372.27
1906,390.6,216964997.277
1907,390.7,186550009.525
1908,390.8,166009471.249
1909,390.9,157308800.385
1910,391.0,159799999.999
1911,391.1,170636820.534
1912,391.2,185248554.036
1913,391.3,198606933.004
1914,391.4,206487271.325
1915,391.5,206521868.947
1916,391.6,199057282.625
1917,391.7,188893692.434
1918,391.8,186454109.848
1919,391.9,212532949.651
1920,392.0,305299999.984
1921,392.1,532110246.401
1922,392.2,1007099098.381
1923,392.3,1909988360.839
1924,392.4,3499302801.377
1925,392.5,6115642633.853
1926,392.6,10151099819.584
1927,392.7,15948242785.839
1928,392.8,23754167168.914
1929,392.9,33499711330.725
1930,393.0,44729999998.715
1931,393.1,56567806752.213
1932,393.2,67727246192.424
1933,393.3,76783427790.017
1934,393.4,82425678482.627
1935,393.5,83789118964.353
1936,393.6,80645750401.615
1937,393.7,73502681179.926
1938,393.8,63430554181.958
1939,393.9,51834978278.939
1940,394.0,40110000001.255
1941,394.1,29385219739.352
1942,394.2,20389301304.62
1943,394.3,13390190049.417
1944,394.4,8334626616.037
1945,394.5,4912654021.837
1946,394.6,2744780178.85
1947,394.7,1457197324.532
1948,394.8,736687225.986
1949,394.9,358824643.631
1950,395.0,173000000.014
1951,395.1,89049977.901
1952,395.2,58274403.855
1953,395.3,59295758.357
1954,395.4,89640344.703
1955,395.5,163694189.375
1956,395.6,315588163.817
1957,395.7,605727412.805
1958,395.8,1128786506.408
1959,395.9,2018756882.212
1960,396.0,3441999999.805
1961,396.1,5584251105.843
1962,396.2,8601404233.597
1963,396.3,12571854106.742
1964,396.4,17420146889.942
1965,396.5,22886652115.011
1966,396.6,28510063925.214
1967,396.7,33664951204.092
1968,396.8,37673332393.132
1969,396.9,39963529745.343
1970,397.0,40180000000.097
1971,397.1,38283178726.062
1972,397.2,34579166393.257
1973,397.3,29602373912.622
1974,397.4,24017537571.505
1975,397.5,18470766617.039
1976,397.6,13465212618.011
1977,397.7,9305433678.982
1978,397.8,6096834829.361
1979,397.9,3789281229.573
1980,398.0,2236000000.139
1981,398.1,1253779816.681
1982,398.2,671401158.575
1983,398.3,345888757.669
1984,398.4,174576895.105
1985,398.5,89797366.254
1986,398.6,50308918.985
1987,398.7,33165480.461
1988,398.8,26341049.461
1989,398.9,23954396.907
1990,399.0,23310000.0
1991,399.1,23234906.829
1992,399.2,23326565.444
1993,399.3,23505580.363
1994,399.4,23831960.878
1995,399.5,24368800.837
1996,399.6,25100035.981
1997,399.7,25885296.783
1998,399.8,26495673.825
1999,399.9,26637749.921
2000,400.0,26100000.0
2001,400.1,24787066.671
2002,400.2,22780601.925
2003,400.3,20275890.802
2004,400.4,17593884.507
2005,400.5,15021326.602
2006,400.6,12799265.736
2007,400.7,11046059.044
2008,400.8,9764938.556
2009,400.9,8894306.156
2010,401.0,8300000.0
2011,401.1,7857420.348
2012,401.2,7468145.66
2013,401.3,7076029.343
2014,401.4,6674140.792
2015,401.5,6301110.914
2016,401.6,6028287.031
2017,401.7,5952200.004
2018,401.8,6180353.763
2019,401.9,6824320.905
2020,402.0,7984000.0
2021,402.1,9732663.325
2022,402.2,12107316.193
2023,402.3,15074519.248
2024,402.4,18517084.421
2025,402.5,22209136.163
2026,402.6,25843654.966
2027,402.7,29025582.104
2028,402.8,31342590.225
2029,402.9,32467466.841
2030,403.0,32210000.0
2031,403.1,30542009.808
2032,403.2,27669506.405
2033,403.3,23934877.537
2034,403.4,19764167.802
2035,403.5,15591394.777
2036,403.6,11768726.786
2037,403.7,8523211.391
2038,403.8,5959062.24
2039,403.9,4063198.576
2040,404.0,2754000.0
2041,404.1,1922725.617
2042,404.2,1465767.825
2043,404.3,1312912.653
2044,404.4,1438767.734
2045,404.5,1860941.855
2046,404.6,2628465.935
2047,404.7,3803305.616
2048,404.8,5427288.695
2049,404.9,7493064.205
2050,405.0,9924000.0
2051,405.1,12551524.793
2052,405.2,15142779.993
2053,405.3,17411792.149
2054,405.4,19088064.952
2055,405.5,19985813.073
2056,405.6,20008104.773
2057,405.7,19206496.707
2058,405.8,17748846.773
2059,405.9,15874105.31
2060,406.0,13830000.0
2061,406.1,11842855.855
2062,406.2,10042063.874
2063,406.3,8500977.438
2064,406.4,7211710.557
2065,406.5,6130964.342
2066,406.6,5200845.035
2067,406.7,4369337.885
2068,406.8,3607425.481
2069,406.9,2904155.694
2070,407.0,2265000.0
2071,407.1,1703623.225
2072,407.2,1231493.632
2073,407.3,852574.788
2074,407.4,564833.155
2075,407.5,357816.54
2076,407.6,217411.07
2077,407.7,128776.731
2078,407.8,79321.374
2079,407.9,60931.768
2080,408.0,71760.0
2081,408.1,117994.134
2082,408.2,215772.794
2083,408.3,393014.375
2084,408.4,691395.21
2085,408.5,1166232.91
2086,408.6,1882468.878
2087,408.7,2911872.424
2088,408.8,4315885.798
2089,408.9,6136025.512
2090,409.0,8374000.0
2091,409.1,10977166.169
2092,409.2,13845343.816
2093,409.3,16797271.669
2094,409.4,19638453.224
2095,409.5,22157478.188
2096,409.6,24153816.069
2097,409.7,25539591.281
2098,409.8,26298443.551
2099,409.9,26600047.599
2100,410.0,26740000.0
2101,410.1,27101191.685
2102,410.2,28107356.272
2103,410.3,30106967.072
2104,410.4,33263647.754
2105,410.5,37463906.286
2106,410.6,42291234.919
2107,410.7,47107563.239
2108,410.8,51092647.515
2109,410.9,53510726.738
2110,411.0,53790000.0
2111,411.1,51745802.544
2112,411.2,47521397.438
2113,411.3,41626470.176
2114,411.4,34742365.499
2115,411.5,27631078.616
2116,411.6,20934214.695
2117,411.7,15115570.085
2118,411.8,10393765.91
2119,411.9,6808767.68
2120,412.0,4252000.0
2121,412.1,2531659.947
2122,412.2,1437555.89
2123,412.3,778406.454
2124,412.4,402298.172
2125,412.5,198521.52
2126,412.6,93597.689
2127,412.7,42175.08
2128,412.8,18175.16
2129,412.9,7496.532
2130,413.0,2960.0
2131,413.1,1120.049
2132,413.2,406.023
2133,413.3,141.502
2134,413.4,47.331
2135,413.5,15.32
2136,413.6,4.987
2137,413.7,2.167
2138,413.8,2.765
2139,413.9,8.014
2140,414.0,26.44
2141,414.1,85.54
2142,414.2,265.447
2143,414.3,786.305
2144,414.4,2218.385
2145,414.5,5963.232
2146,414.6,15272.323
2147,414.7,37247.981
2148,414.8,86510.206
2149,414.9,191444.407
2150,415.0,403500.0
2151,415.1,810076.109
2152,415.2,1548402.147
2153,415.3,2820657.019
2154,415.4,4893635.743
2155,415.5,8090043.5
2156,415.6,12739498.005
2157,415.7,19121895.913
2158,415.8,27366607.565
2159,415.9,37355124.377
2160,416.0,48649999.999
2161,416.1,60527919.705
2162,416.2,72033142.925
2163,416.3,82158255.306
2164,416.4,90062600.532
2165,416.5,95236447.137
2166,416.6,97606347.703
2167,416.7,97526307.418
2168,416.8,95568729.576
2169,416.9,92394332.792
2170,417.0,88490000.001
2171,417.1,84053612.261
2172,417.2,79059271.73
2173,417.3,73296362.354
2174,417.4,66591672.41
2175,417.5,58940242.46
2176,417.6,50550074.622
2177,417.7,41850001.628
2178,417.8,33358638.974
2179,417.9,25597511.261
2180,418.0,18960000.001
2181,418.1,13649381.151
2182,418.2,9689518.073
2183,418.3,6929025.353
2184,418.4,5141330.946
2185,418.5,4058624.731
2186,418.6,3427310.688
2187,418.7,3040601.177
2188,418.8,2751474.171
2189,418.9,2474250.989
2190,419.0,2170000.0
2191,419.1,1836438.993
2192,419.2,1489611.499
2193,419.3,1155811.776
2194,419.4,855849.327
2195,419.5,604398.563
2196,419.6,406909.185
2197,419.7,261160.597
2198,419.8,159695.851
2199,419.9,93100.515
2200,420.0,51710.0
2201,420.1,27393.598
2202,420.2,13903.375
2203,420.3,6961.067
2204,420.4,4067.925
2205,420.5,4437.019
2206,420.6,9522.159
2207,420.7,24888.029
2208,420.8,64748.072
2209,420.9,161898.052
2210,421.0,386400.0
2211,421.1,879588.773
2212,421.2,1909060.082
2213,421.3,3954362.289
2214,421.4,7810693.118
2215,421.5,14716397.727
2216,421.6,26448502.898
2217,421.7,45326580.149
2218,421.8,74115655.047
2219,421.9,115575890.545
2220,422.0,171899999.992
2221,422.1,243914938.796
2222,422.2,330045686.02
2223,422.3,426118370.879
2224,422.4,524564981.65
2225,422.5,616103888.309
2226,422.6,690162624.631
2227,422.7,737302553.606
2228,422.8,751425489.719
2229,422.9,730339089.154
2230,423.0,677200000.009
2231,423.1,598875930.136
2232,423.2,505153305.74
2233,423.3,406473569.033
2234,423.4,311883031.914
2235,423.5,228316590.641
2236,423.6,159401628.238
2237,423.7,106162153.481
2238,423.8,67430557.019
2239,423.9,40855807.571
2240,424.0,23610000.002
2241,424.1,13017093.993
2242,424.2,6840850.862
2243,424.3,3431052.509
2244,424.4,1640847.43
2245,424.5,748827.762
2246,424.6,325784.402
2247,424.7,135340.744
2248,424.8,53702.664
2249,424.9,20602.146
2250,425.0,8141.0
2251,425.1,4367.024
2252,425.2,4704.38
2253,425.3,8004.611
2254,425.4,14835.677
2255,425.5,26869.962
2256,425.6,46629.933
2257,425.7,77315.992
2258,425.8,122407.662
2259,425.9,184971.685
2260,426.0,266900.0
2261,426.1,367743.365
2262,426.2,483778.642
2263,426.3,607998.173
2264,426.4,730405.158
2265,426.5,840070.732
2266,426.6,927995.22
2267,426.7,991542.742
2268,426.8,1038564.768
2269,426.9,1093602.181
2270,427.0,1202000.0
2271,427.1,1438961.486
2272,427.2,1907143.665
2273,427.3,2747180.397
2274,427.4,4129777.744
2275,427.5,6247552.294
2276,427.6,9291713.652
2277,427.7,13460343.187
2278,427.8,18856112.164
2279,427.9,25576250.352
2280,428.0,33619999.999
2281,428.1,42914110.553
2282,428.2,53363614.549
2283,428.3,64867744.861
2284,428.4,77263625.985
2285,428.5,90404881.539
2286,428.6,104042599.483
2287,428.7,117894731.195
2288,428.8,131651839.557
2289,428.9,144901626.423
2290,429.0,157499999.998
2291,429.1,169498969.477
2292,429.2,181497816.182
2293,429.3,194421387.305
2294,429.4,209176061.352
2295,429.5,227023692.864
2296,429.6,248316340.394
2297,429.7,272860034.102
2298,429.8,299217489.114
2299,429.9,325295753.18
2300,430.0,348099999.997
2301,430.1,364924955.709
2302,430.2,373241312.357
2303,430.3,371874393.137
2304,430.4,360972583.661
2305,430.5,341630694.218
2306,430.6,316276375.537
2307,430.7,287562208.914
2308,430.8,258327312.429
2309,430.9,230613120.46
2310,431.0,206100000.003
2311,431.1,185378752.028
2312,431.2,168489604.139
2313,431.3,154996355.022
2314,431.4,143956769.144
2315,431.5,134552782.666
2316,431.6,125757795.866
2317,431.7,116782123.881
2318,431.8,107269459.011
2319,431.9,96879217.026
2320,432.0,85660000.002
2321,432.1,73918790.525
2322,432.2,62072003.354
2323,432.3,50615071.693
2324,432.4,40038322.036
2325,432.5,30767244.069
2326,432.6,23087168.96
2327,432.7,17169732.099
2328,432.8,13072706.146
2329,432.9,10758490.58
2330,433.0,10120000.0
2331,433.1,11026484.785
2332,433.2,13279605.866
2333,433.3,16617642.612
2334,433.4,20720288.71
2335,433.5,25133374.797
2336,433.6,29376743.297
2337,433.7,32941819.825
2338,433.8,35364446.213
2339,433.9,36320698.293
2340,434.0,35680000.0
2341,434.1,33539950.398
2342,434.2,30173352.671
2343,434.3,26011565.82
2344,434.4,21544885.031
2345,434.5,17231207.371
2346,434.6,13456212.329
2347,434.7,10471646.399
2348,434.8,8394588.695
2349,434.9,7219689.953
2350,435.0,6850000.0
2351,435.1,7119187.649
2352,435.2,7820106.241
2353,435.3,8733407.941
2354,435.4,9650364.647
2355,435.5,10397789.622
2356,435.6,10864408.644
2357,435.7,11010659.372
2358,435.8,10873398.545
2359,435.9,10566875.853
2360,436.0,10250000.0
2361,436.1,10075129.546
2362,436.2,10182504.977
2363,436.3,10635962.246
2364,436.4,11407096.296
2365,436.5,12405249.491
2366,436.6,13460249.361
2367,436.7,14356165.308
2368,436.8,14895143.494
2369,436.9,14955017.753
2370,437.0,14440000.0
2371,437.1,13402574.757
2372,437.2,11936444.131
2373,437.3,10210597.069
2374,437.4,8404810.151
2375,437.5,6714690.849
2376,437.6,5289271.04
2377,437.7,4245284.794
2378,437.8,3661490.676
2379,437.9,3586119.811
2380,438.0,4051000.0
2381,438.1,5084725.483
2382,438.2,6726236.973
2383,438.3,9039125.949
2384,438.4,12123968.241
2385,438.5,16122036.005
2386,438.6,21220740.488
2387,438.7,27624606.62
2388,438.8,35509622.434
2389,438.9,44953426.956
2390,439.0,55799999.998
2391,439.1,67635797.704
2392,439.2,79737190.261
2393,439.3,91063653.08
2394,439.4,100467437.854
2395,439.5,106816048.409
2396,439.6,109238005.609
2397,439.7,107317649.405
2398,439.8,101264388.106
2399,439.9,91648084.242
2400,440.0,79650000.002
2401,440.1,66530557.192
2402,440.2,53576865.285
2403,440.3,41854188.521
2404,440.4,32071984.052
2405,440.5,24589754.786
2406,440.6,19408779.254
2407,440.7,16278699.114
2408,440.8,14780126.175
2409,440.9,14401323.672
2410,441.0,14690000.0
2411,441.1,15206626.756
2412,441.2,15672291.97
2413,441.3,15893641.892
2414,441.4,15837492.832
2415,441.5,15564642.742
2416,441.6,15235565.634
2417,441.7,15055628.858
2418,441.8,15245413.246
2419,441.9,15968423.743
2420,442.0,17350000.0
2421,442.1,19401727.916
2422,442.2,22054353.535
2423,442.3,25186547.442
2424,442.4,28640164.16
2425,442.5,32310561.68
2426,442.6,36165229.536
2427,442.7,40255399.91
2428,442.8,44785302.643
2429,442.9,49936060.773
2430,443.0,55909999.999
2431,443.1,62740099.073
2432,443.2,70290152.645
2433,443.3,78222326.756
2434,443.4,86096119.791
2435,443.5,93434673.326
2436,443.6,99850261.482
2437,443.7,105196284.062
2438,443.8,109584490.961
2439,443.9,113146716.829
2440,444.0,116100000.0
2441,444.1,118827383.601
2442,444.2,121319997.696
2443,444.3,123406999.089
2444,444.4,125217640.255
2445,444.5,126416582.033
2446,444.6,127393614.621
2447,444.7,128533730.549
2448,444.8,130355755.252
2449,444.9,133402312.202
2450,445.0,138099999.999
2451,445.1,144358876.691
2452,445.2,151518401.201
2453,445.3,158644818.332
2454,445.4,164242888.314
2455,445.5,167157308.606
2456,445.6,166279704.413
2457,445.7,161213151.827
2458,445.8,152413207.79
2459,445.9,140890703.991
2460,446.0,128300000.002
2461,446.1,116334218.109
2462,446.2,106643843.923
2463,446.3,100506237.478
2464,446.4,98130061.685
2465,446.5,99344159.246
2466,446.6,103000591.141
2467,446.7,107662321.335
2468,446.8,111626559.558
2469,446.9,113490512.094
2470,447.0,112100000.0
2471,447.1,107116646.339
2472,447.2,98668193.374
2473,447.3,87485581.874
2474,447.4,74702447.868
2475,447.5,61507764.436
2476,447.6,49013435.509
2477,447.7,38071985.274
2478,447.8,29174896.615
2479,447.9,22525137.416
2480,448.0,18030000.0
2481,448.1,15438615.178
2482,448.2,14398043.996
2483,448.3,14526883.193
2484,448.4,15468695.516
2485,448.5,16894404.3
2486,448.6,18519475.858
2487,448.7,20123165.329
2488,448.8,21546661.866
2489,448.9,22753643.801
2490,449.0,23800000.0
2491,449.1,24895718.759
2492,449.2,26334819.739
2493,449.3,28499486.969
2494,449.4,31737772.388
2495,449.5,36309381.901
2496,449.6,42251107.98
2497,449.7,49361239.002
2498,449.8,57132848.524
2499,449.9,64843267.488
2500,450.0,71599999.999
2501,450.1,76531568.261
2502,450.2,78936525.612
2503,450.3,78425936.674
2504,450.4,74978264.012
2505,450.5,68961822.012
2506,450.6,61055684.7
2507,450.7,52091302.883
2508,450.8,42946599.328
2509,450.9,34374825.675
2510,451.0,26910000.001
2511,451.1,20870892.781
2512,451.2,16322243.338
2513,451.3,13175192.454
2514,451.4,11223234.302
2515,451.5,10212753.048
2516,451.6,9919144.893
2517,451.7,10153635.275
2518,451.8,10801812.185
2519,451.9,11813045.981
2520,452.0,13200000.0
2521,452.1,15039116.646
2522,452.2,17480264.087
2523,452.3,20715017.677
2524,452.4,24961313.399
2525,452.5,30448339.323
2526,452.6,37386632.883
2527,452.7,45879449.44
2528,452.8,55873993.898
2529,452.9,67107129.776
2530,453.0,79029999.998
2531,453.1,90845894.012
2532,453.2,101558277.782
2533,453.3,110101837.939
2534,453.4,115646586.043
2535,453.5,117600985.075
2536,453.6,115841907.425
2537,453.7,111002221.064
2538,453.8,104074916.94
2539,453.9,96695032.344
2540,454.0,90720000.001
2541,454.1,87899261.391
2542,454.2,89763646.871
2543,454.3,97284623.018
2544,454.4,110619624.112
2545,454.5,129146489.024
2546,454.6,151401354.53
2547,454.7,174935258.085
2548,454.8,197197415.936
2549,454.9,215388447.192
2550,455.0,227099999.999
2551,455.1,230732336.67
2552,455.2,225773240.905
2553,455.3,212959547.454
2554,455.4,193894212.586
2555,455.5,170861653.902
2556,455.6,146427710.302
2557,455.7,123079064.595
2558,455.8,102822280.126
2559,455.9,86876088.303
2560,456.0,75890000.001
2561,456.1,69798827.425
2562,456.2,68175659.75
2563,456.3,70343068.555
2564,456.4,75585138.507
2565,456.5,83278956.311
2566,456.6,92816587.82
2567,456.7,103724132.619
2568,456.8,115182850.229
2569,456.9,126695479.862
2570,457.0,137099999.999
2571,457.1,145602665.741
2572,457.2,151076091.587
2573,457.3,152845049.141
2574,457.4,150527389.427
2575,457.5,144365299.766
2576,457.6,134905861.459
2577,457.7,123047304.098
2578,457.8,110198167.066
2579,457.9,97328382.1
2580,458.0,85370000.002
2581,458.1,74901247.119
2582,458.2,66150602.699
2583,458.3,58998494.371
2584,458.4,53128882.055
2585,458.5,48128276.628
2586,458.6,43591955.593
2587,458.7,39200212.341
2588,458.8,34760355.156
2589,458.9,30235040.102
2590,459.0,25660000.001
2591,459.1,21190704.061
2592,459.2,16978319.655
2593,459.3,13174367.224
2594,459.4,9876543.506
2595,459.5,7157350.229
2596,459.6,5001940.013
2597,459.7,3370415.546
2598,459.8,2188730.275
2599,459.9,1371455.595
2600,460.0,831900.0
2601,460.1,495199.754
2602,460.2,302432.522
2603,460.3,212503.158
2604,460.4,201359.746
2605,460.5,260806.555
2606,460.6,395764.109
2607,460.7,621473.686
2608,460.8,960339.756
2609,460.9,1437744.852
2610,461.0,2076000.0
2611,461.1,2888366.413
2612,461.2,3870766.134
2613,461.3,5000601.559
2614,461.4,6230024.61
2615,461.5,7493138.868
2616,461.6,8704610.882
2617,461.7,9777563.328
2618,461.8,10626896.098
2619,461.9,11202071.82
2620,462.0,11450000.0
2621,462.1,11368525.817
2622,462.2,10974573.387
2623,462.3,10308881.466
2624,462.4,9434980.999
2625,462.5,8411592.905
2626,462.6,7311404.983
2627,462.7,6200136.251
2628,462.8,5137704.892
2629,462.9,4174147.335
2630,463.0,3350000.0
2631,463.1,2691548.14
2632,463.2,2214403.736
2633,463.3,1919641.483
2634,463.4,1798650.875
2635,463.5,1828595.167
2636,463.6,1981726.624
2637,463.7,2221851.183
2638,463.8,2509965.123
2639,463.9,2805099.424
2640,464.0,3075000.0
2641,464.1,3289409.973
2642,464.2,3431455.87
2643,464.3,3495867.861
2644,464.4,3484091.085
2645,464.5,3410065.452
2646,464.6,3291491.597
2647,464.7,3147038.649
2648,464.8,2997434.275
2649,464.9,2856209.45
2650,465.0,2734000.0
2651,465.1,2635039.132
2652,465.2,2558234.411
2653,465.3,2499234.347
2654,465.4,2449172.651
2655,465.5,2397689.392
2656,465.6,2337601.503
2657,465.7,2262709.849
2658,465.8,2170932.134
2659,465.9,2066631.991
2660,466.0,1959000.0
2661,466.1,1856459.291
2662,466.2,1771551.249
2663,466.3,1712428.386
2664,466.4,1681166.956
2665,466.5,1676642.398
2666,466.6,1689205.303
2667,466.7,1708903.151
2668,466.8,1723072.003
2669,466.9,1722264.569
2670,467.0,1705000.0
2671,467.1,1674244.543
2672,467.2,1640434.255
2673,467.3,1620506.49
2674,467.4,1633182.988
2675,467.5,1698236.095
2676,467.6,1828994.156
2677,467.7,2035083.854
2678,467.8,2315098.82
2679,467.9,2656129.521
2680,468.0,3037000.0
2681,468.1,3427001.955
2682,468.2,3789344.532
2683,468.3,4086323.578
2684,468.4,4283095.561
2685,468.5,4356106.799
2686,468.6,4291425.818
2687,468.7,4092411.341
2688,468.8,3774487.19
2689,468.9,3364913.792
2690,469.0,2898000.0
2691,469.1,2410583.237
2692,469.2,1936510.742
2693,469.3,1501597.087
2694,469.4,1123509.002
2695,469.5,811038.376
2696,469.6,564631.462
2697,469.7,379050.505
2698,469.8,245406.002
2699,469.9,153089.899
2700,470.0,92060.0
2701,470.1,53356.165
2702,470.2,29818.221
2703,470.3,16097.09
2704,470.4,8474.779
2705,470.5,4512.469
2706,470.6,2739.994
2707,470.7,2372.861
2708,470.8,3113.678
2709,470.9,5020.318
2710,471.0,8431.0
2711,471.1,13915.653
2712,471.2,22213.826
2713,471.3,34186.685
2714,471.4,50687.258
2715,471.5,72358.641
2716,471.6,99450.024
2717,471.7,131621.088
2718,471.8,167754.571
2719,471.9,205793.711
2720,472.0,243100.0
2721,472.1,276620.6
2722,472.2,303180.36
2723,472.3,320102.714
2724,472.4,326071.283
2725,472.5,320899.321
2726,472.6,306440.639
2727,472.7,286142.511
2728,472.8,265272.373
2729,472.9,250964.652
2730,473.0,251500.0
2731,473.1,276585.27
2732,473.2,336655.899
2733,473.3,442495.459
2734,473.4,604082.007
2735,473.5,828753.709
2736,473.6,1119232.21
2737,473.7,1471847.224
2738,473.8,1874831.146
2739,473.9,2304967.967
2740,474.0,2735000.0
2741,474.1,3130485.291
2742,474.2,3457135.568
2743,474.3,3690608.207
2744,474.4,3813874.816
2745,474.5,3833462.439
2746,474.6,3773281.662
2747,474.7,3675194.291
2748,474.8,3600968.795
2749,474.9,3616189.283
2750,475.0,3787000.0
2751,475.1,4166835.931
2752,475.2,4788773.943
2753,475.3,5651358.249
2754,475.4,6722878.832
2755,475.5,7928537.184
2756,475.6,9168950.478
2757,475.7,10317841.254
2758,475.8,11264096.667
2759,475.9,11882954.917
2760,476.0,12100000.0
2761,476.1,11893462.561
2762,476.2,11274743.252
2763,476.3,10312684.33
2764,476.4,9087595.18
2765,476.5,7729826.081
2766,476.6,6348900.766
2767,476.7,5043300.8
2768,476.8,3890066.942
2769,476.9,2932746.739
2770,477.0,2191000.0
2771,477.1,1659408.079
2772,477.2,1313735.919
2773,477.3,1123825.748
2774,477.4,1052200.242
2775,477.5,1061257.624
2776,477.6,1117146.166
2777,477.7,1187988.438
2778,477.8,1249313.696
2779,477.9,1284310.366
2780,478.0,1281000.0
2781,478.1,1234613.751
2782,478.2,1149624.468
2783,478.3,1031138.38
2784,478.4,892803.819
2785,478.5,744897.027
2786,478.6,599338.58
2787,478.7,465665.309
2788,478.8,350153.148
2789,478.9,256910.55
2790,479.0,187500.0
2791,479.1,142406.575
2792,479.2,121530.643
2793,479.3,125733.486
2794,479.4,157087.723
2795,479.5,219001.222
2796,479.6,315907.695
2797,479.7,452325.096
2798,479.8,631420.042
2799,479.9,853339.47
2800,480.0,1114000.0
2801,480.1,1402228.842
2802,480.2,1701848.769
2803,480.3,1993262.417
2804,480.4,2250516.508
2805,480.5,2451532.311
2806,480.6,2577784.202
2807,480.7,2619054.207
2808,480.8,2572883.048
2809,480.9,2451082.557
2810,481.0,2273000.0
2811,481.1,2063064.807
2812,481.2,1851221.102
2813,481.3,1662737.76
2814,481.4,1517099.862
2815,481.5,1426493.548
2816,481.6,1391752.458
2817,481.7,1405151.358
2818,481.8,1452802.08
2819,481.9,1513246.639
2820,482.0,1567000.0
2821,482.1,1596162.481
2822,482.2,1586572.007
2823,482.3,1532837.27
2824,482.4,1435501.016
2825,482.5,1303347.257
2826,482.6,1148337.396
2827,482.7,985941.133
2828,482.8,834034.69
2829,482.9,707582.961
2830,483.0,620200.0
2831,483.1,582369.227
2832,483.2,600990.203
2833,483.3,679382.849
2834,483.4,816402.67
2835,483.5,1006346.327
2836,483.6,1238887.665
2837,483.7,1496486.487
2838,483.8,1761635.988
2839,483.9,2010085.249
2840,484.0,2221000.0
2841,484.1,2378484.476
2842,484.2,2470912.084
2843,484.3,2500238.889
2844,484.4,2477396.636
2845,484.5,2427420.282
2846,484.6,2379167.933
2847,484.7,2369695.815
2848,484.8,2430816.522
2849,484.9,2588800.057
2850,485.0,2854000.0
2851,485.1,3224239.307
2852,485.2,3674937.85
2853,485.3,4169113.209
2854,485.4,4656164.642
2855,485.5,5081440.641
2856,485.6,5395401.705
2857,485.7,5559077.777
2858,485.8,5557811.515
2859,485.9,5394670.424
2860,486.0,5101000.0
2861,486.1,4729337.737
2862,486.2,4344652.129
2863,486.3,4022831.659
2864,486.4,3838905.68
2865,486.5,3863764.39
2866,486.6,4153321.608
2867,486.7,4749153.932
2868,486.8,5673063.96
2869,486.9,6920915.901
2870,487.0,8462000.0
2871,487.1,10239364.362
2872,487.2,12166811.256
2873,487.3,14144199.111
2874,487.4,16049906.441
2875,487.5,17764715.027
2876,487.6,19172880.956
2877,487.7,20192970.45
2878,487.8,20778105.34
2879,487.9,20907854.24
2880,488.0,20600000.0
2881,488.1,19902921.477
2882,488.2,18884783.628
2883,488.3,17636037.908
2884,488.4,16206888.383
2885,488.5,14690004.077
2886,488.6,13114815.079
2887,488.7,11543673.894
2888,488.8,10002682.281
2889,488.9,8517995.245
2890,489.0,7116000.0
2891,489.1,5822085.831
2892,489.2,4658337.029
2893,489.3,3641088.109
2894,489.4,2783731.538
2895,489.5,2092641.903
2896,489.6,1568642.575
2897,489.7,1212995.111
2898,489.8,1025593.877
2899,489.9,1011942.513
2900,490.0,1184000.0
2901,490.1,1562249.532
2902,490.2,2170264.696
2903,490.3,3031155.257
2904,490.4,4163204.762
2905,490.5,5563527.319
2906,490.6,7205333.417
2907,490.7,9030509.206
2908,490.8,10947693.388
2909,490.9,12822484.45
2910,491.0,14520000.0
2911,491.1,15906251.655
2912,491.2,16842126.495
2913,491.3,17249607.635
2914,491.4,17092945.082
2915,491.5,16382949.282
2916,491.6,15201620.113
2917,491.7,13675145.37
2918,491.8,11936892.279
2919,491.9,10144824.109
2920,492.0,8425000.0
2921,492.1,6885345.53
2922,492.2,5594328.407
2923,492.3,4582718.434
2924,492.4,3845101.295
2925,492.5,3348248.379
2926,492.6,3041607.909
2927,492.7,2866712.952
2928,492.8,2765097.71
2929,492.9,2687350.762
2930,493.0,2595000.0
2931,493.1,2465322.729
2932,493.2,2289977.176
2933,493.3,2072625.939
2934,493.4,1825956.122
2935,493.5,1565587.777
2936,493.6,1310120.963
2937,493.7,1074616.983
2938,493.8,868035.427
2939,493.9,696938.064
2940,494.0,561000.0
2941,494.1,456702.691
2942,494.2,378121.864
2943,494.3,318818.758
2944,494.4,272517.769
2945,494.5,234416.115
2946,494.6,201179.613
2947,494.7,170775.764
2948,494.8,142861.584
2949,494.9,117488.08
2950,495.0,95600.0
2951,495.1,78256.514
2952,495.2,66561.404
2953,495.3,61694.833
2954,495.4,64888.273
2955,495.5,77477.571
2956,495.6,100964.274
2957,495.7,136776.935
2958,495.8,186466.008
2959,495.9,251486.188
2960,496.0,332600.0
2961,496.1,430528.257
2962,496.2,545362.337
2963,496.3,677760.855
2964,496.4,828998.871
2965,496.5,1003315.615
2966,496.6,1208091.009
2967,496.7,1459830.873
2968,496.8,1779969.564
2969,496.9,2203187.245
2970,497.0,2774000.0
2971,497.1,3546292.102
2972,497.2,4578190.697
2973,497.3,5925176.729
2974,497.4,7629883.401
2975,497.5,9712980.427
2976,497.6,12154893.122
2977,497.7,14884563.701
2978,497.8,17823607.654
2979,497.9,20810378.179
2980,498.0,23690000.0
2981,498.1,26317748.292
2982,498.2,28550639.728
2983,498.3,30310517.569
2984,498.4,31583792.969
2985,498.5,32376190.011
2986,498.6,32778306.989
2987,498.7,32891675.942
2988,498.8,32829015.516
2989,498.9,32675058.501
2990,499.0,32510000.0
2991,499.1,32377076.801
2992,499.2,32299495.842
2993,499.3,32295833.012
2994,499.4,32369566.865
2995,499.5,32528877.521
2996,499.6,32765579.932
2997,499.7,33073219.601
2998,499.8,33413718.315
2999,499.9,33726425.908
3000,500.0,33960000.0
3001,500.1,34041688.973
3002,500.2,33921445.591
3003,500.3,33567910.115
3004,500.4,33004189.42
3005,500.5,32282362.276
3006,500.6,31471795.796
3007,500.7,30685257.45
3008,500.8,30015099.538
3009,500.9,29551480.218
3010,501.0,29350000.0
3011,501.1,29452962.272
3012,501.2,29841943.414
3013,501.3,30466841.461
3014,501.4,31269466.575
3015,501.5,32142070.846
3016,501.6,32985892.752
3017,501.7,33680501.857
3018,501.8,34130791.158
3019,501.9,34242891.932
3020,502.0,33950000.0
3021,502.1,33217340.082
3022,502.2,32029637.975
3023,502.3,30431184.235
3024,502.4,28461587.317
3025,502.5,26236331.153
3026,502.6,23869983.36
3027,502.7,21485468.384
3028,502.8,19235431.082
3029,502.9,17252769.552
3030,503.0,15650000.0
3031,503.1,14513869.423
3032,503.2,13895358.595
3033,503.3,13784702.706
3034,503.4,14133222.257
3035,503.5,14856163.569
3036,503.6,15813976.86
3037,503.7,16853589.62
3038,503.8,17822810.42
3039,503.9,18567130.13
3040,504.0,18980000.0
3041,504.1,18949656.152
3042,504.2,18467321.957
3043,504.3,17527337.897
3044,504.4,16184637.866
3045,504.5,14540670.948
3046,504.6,12701127.332
3047,504.7,10777779.622
3048,504.8,8896899.53
3049,504.9,7142519.145
3050,505.0,5587000.0
3051,505.1,4273948.545
3052,505.2,3222806.673
3053,505.3,2432354.597
3054,505.4,1885064.714
3055,505.5,1556904.263
3056,505.6,1417216.175
3057,505.7,1432730.209
3058,505.8,1572639.502
3059,505.9,1802861.218
3060,506.0,2090000.0
3061,506.1,2402848.526
3062,506.2,2708131.283
3063,506.3,2976337.836
3064,506.4,3180783.543
3065,506.5,3303544.694
3066,506.6,3332720.73
3067,506.7,3267328.327
3068,506.8,3113012.51
3069,506.9,2885535.182
3070,507.0,2604000.0
3071,507.1,2290818.556
3072,507.2,1967700.181
3073,507.3,1654254.814
3074,507.4,1364528.235
3075,507.5,1110197.438
3076,507.6,897047.0
3077,507.7,728243.986
3078,507.8,603498.49
3079,507.9,520506.686
3080,508.0,475400.0
3081,508.1,462947.874
3082,508.2,476989.958
3083,508.3,510304.159
3084,508.4,555082.955
3085,508.5,603297.911
3086,508.6,647192.066
3087,508.7,679674.735
3088,508.8,695575.496
3089,508.9,691732.795
3090,509.0,667400.0
3091,509.1,624056.356
3092,509.2,565243.177
3093,509.3,495903.319
3094,509.4,421454.912
3095,509.5,347070.248
3096,509.6,277358.221
3097,509.7,215791.596
3098,509.8,164777.939
3099,509.9,125480.337
3100,510.0,98540.0
3101,510.1,83937.362
3102,510.2,81643.019
3103,510.3,91589.137
3104,510.4,113824.422
3105,510.5,148188.921
3106,510.6,194492.125
3107,510.7,251546.475
3108,510.8,317613.208
3109,510.9,389554.846
3110,511.0,463300.0
3111,511.1,533770.921
3112,511.2,595625.582
3113,511.3,643547.881
3114,511.4,673338.905
3115,511.5,682053.081
3116,511.6,668958.916
3117,511.7,635284.138
3118,511.8,584168.559
3119,511.9,520028.218
3120,512.0,448200.0
3121,512.1,374106.121
3122,512.2,302279.339
3123,512.3,236531.037
3124,512.4,179421.55
3125,512.5,131897.153
3126,512.6,94338.5
3127,512.7,66182.849
3128,512.8,46509.02
3129,512.9,34413.191
3130,513.0,29240.0
3131,513.1,30832.698
3132,513.2,39675.742
3133,513.3,56927.815
3134,513.4,84395.54
3135,513.5,124305.479
3136,513.6,179133.29
3137,513.7,251119.633
3138,513.8,341623.082
3139,513.9,450751.572
3140,514.0,576700.0
3141,514.1,715550.707
3142,514.2,861184.59
3143,514.3,1005980.497
3144,514.4,1139435.624
3145,514.5,1253868.63
3146,514.6,1339072.637
3147,514.7,1389359.205
3148,514.8,1401551.371
3149,514.9,1374846.984
3150,515.0,1312000.0
3151,515.1,1219418.183
3152,515.2,1103754.993
3153,515.3,975079.414
3154,515.4,840642.887
3155,515.5,708365.516
3156,515.6,584580.179
3157,515.7,474039.542
3158,515.8,379973.165
3159,515.9,304749.709
3160,516.0,249800.0
3161,516.1,216399.638
3162,516.2,205516.511
3163,516.3,218355.575
3164,516.4,256220.858
3165,516.5,319882.697
3166,516.6,409353.405
3167,516.7,523793.358
3168,516.8,660238.216
3169,516.9,814531.136
3170,517.0,980600.0
3171,517.1,1152346.01
3172,517.2,1323679.28
3173,517.3,1494072.031
3174,517.4,1664707.068
3175,517.5,1846995.94
3176,517.6,2060980.031
3177,517.7,2333872.658
3178,517.8,2701810.351
3179,517.9,3204735.773
3180,518.0,3881000.0
3181,518.1,4757486.322
3182,518.2,5850246.205
3183,518.3,7147167.169
3184,518.4,8612533.144
3185,518.5,10181903.121
3186,518.6,11763064.525
3187,518.7,13240565.616
3188,518.8,14510526.268
3189,518.9,15463972.504
3190,519.0,16020000.0
3191,519.1,16136014.625
3192,519.2,15794276.752
3193,519.3,15045971.68
3194,519.4,13933800.229
3195,519.5,12571870.037
3196,519.6,11061530.882
3197,519.7,9501285.366
3198,519.8,8003331.835
3199,519.9,6635493.779
3200,520.0,5454000.0
3201,520.1,4486233.413
3202,520.2,3741106.348
3203,520.3,3209272.232
3204,520.4,2867462.172
3205,520.5,2684712.967
3206,520.6,2624473.577
3207,520.7,2651643.822
3208,520.8,2731687.458
3209,520.9,2834754.322
3210,521.0,2939000.0
3211,521.1,3032356.513
3212,521.2,3110590.978
3213,521.3,3180791.019
3214,521.4,3260532.942
3215,521.5,3370292.562
3216,521.6,3532510.576
3217,521.7,3767100.036
3218,521.8,4083871.581
3219,521.9,4480427.824
3220,522.0,4940000.0
3221,522.1,5433053.167
3222,522.2,5915265.725
3223,522.3,6338796.38
3224,522.4,6655680.397
3225,522.5,6825083.4
3226,522.6,6819428.727
3227,522.7,6628798.342
3228,522.8,6262732.143
3229,522.9,5746853.986
3230,523.0,5119000.0
3231,523.1,4426417.945
3232,523.2,3715204.292
3233,523.3,3028070.063
3234,523.4,2397687.316
3235,523.5,1848461.704
3236,523.6,1392784.421
3237,523.7,1032179.551
3238,523.8,762939.566
3239,523.9,575733.53
3240,524.0,458600.0
3241,524.1,399321.589
3242,524.2,387015.988
3243,524.3,412861.726
3244,524.4,471383.214
3245,524.5,561151.757
3246,524.6,685664.886
3247,524.7,854973.045
3248,524.8,1086215.048
3249,524.9,1406266.979
3250,525.0,1851000.0
3251,525.1,2465043.011
3252,525.2,3303973.176
3253,525.3,4425881.121
3254,525.4,5891368.966
3255,525.5,7755865.05
3256,525.6,10063621.467
3257,525.7,12826696.177
3258,525.8,16041294.882
3259,525.9,19672283.462
3260,526.0,23619999.999
3261,526.1,27784039.369
3262,526.2,32001686.583
3263,526.3,36102723.023
3264,526.4,39908497.763
3265,526.5,43223528.082
3266,526.6,45872178.174
3267,526.7,47713417.465
3268,526.8,48620770.611
3269,526.9,48552779.93
3270,527.0,47490000.0
3271,527.1,45477336.757
3272,527.2,42622552.849
3273,527.3,39066583.255
3274,527.4,35008811.715
3275,527.5,30652655.182
3276,527.6,26201856.355
3277,527.7,21866530.135
3278,527.8,17812078.1
3279,527.9,14156046.209
3280,528.0,10980000.001
3281,528.1,8309516.094
3282,528.2,6148611.198
3283,528.3,4451245.279
3284,528.4,3161108.78
3285,528.5,2208029.783
3286,528.6,1523529.537
3287,528.7,1043562.686
3288,528.8,713714.975
3289,528.9,491927.346
3290,529.0,345900.0
3291,529.1,253669.115
3292,529.2,200982.509
3293,529.3,180094.156
3294,529.4,187787.205
3295,529.5,224309.592
3296,529.6,292026.825
3297,529.7,394407.027
3298,529.8,534907.177
3299,529.9,715745.618
3300,530.0,936700.0
3301,530.1,1194058.801
3302,530.2,1479607.778
3303,530.3,1780695.297
3304,530.4,2079848.077
3305,530.5,2358854.186
3306,530.6,2596214.35
3307,530.7,2773526.902
3308,530.8,2874703.498
3309,530.9,2891939.338
3310,531.0,2823000.0
3311,531.1,2675555.973
3312,531.2,2459401.5
3313,531.3,2194357.49
3314,531.4,1900724.208
3315,531.5,1596671.777
3316,531.6,1302444.13
3317,531.7,1031179.227
3318,531.8,791821.437
3319,531.9,590273.302
3320,532.0,427000.0
3321,532.1,299737.775
3322,532.2,204167.173
3323,532.3,134982.572
3324,532.4,86636.861
3325,532.5,53949.85
3326,532.6,32622.609
3327,532.7,19179.013
3328,532.8,11012.705
3329,532.9,6288.318
3330,533.0,3774.0
3331,533.1,2737.062
3332,533.2,2824.939
3333,533.3,3994.557
3334,533.4,6486.524
3335,533.5,10819.831
3336,533.6,17801.047
3337,533.7,28577.131
3338,533.8,44594.128
3339,533.9,67578.971
3340,534.0,99450.0
3341,534.1,142085.325
3342,534.2,197123.934
3343,534.3,265512.028
3344,534.4,347271.454
3345,534.5,440966.019
3346,534.6,543732.536
3347,534.7,650950.784
3348,534.8,756547.769
3349,534.9,853797.421
3350,535.0,935600.0
3351,535.1,995238.086
3352,535.2,1027782.275
3353,535.3,1031336.428
3354,535.4,1004222.394
3355,535.5,949453.184
3356,535.6,871625.04
3357,535.7,776866.403
3358,535.8,672340.175
3359,535.9,564960.642
3360,536.0,460900.0
3361,536.1,365172.622
3362,536.2,280835.737
3363,536.3,209771.498
3364,536.4,152011.116
3365,536.5,107048.545
3366,536.6,73173.715
3367,536.7,48560.499
3368,536.8,31288.636
3369,536.9,19575.699
3370,537.0,11890.0
3371,537.1,7015.515
3372,537.2,4016.698
3373,537.3,2233.726
3374,537.4,1205.525
3375,537.5,632.24
3376,537.6,321.779
3377,537.7,159.284
3378,537.8,77.009
3379,537.9,37.259
3380,538.0,19.97
3381,538.1,15.603
3382,538.2,21.229
3383,538.3,38.99
3384,538.4,76.465
3385,538.5,148.688
3386,538.6,282.075
3387,538.7,520.461
3388,538.8,933.087
3389,538.9,1624.757
3390,539.0,2749.0
3391,539.1,4519.223
3392,539.2,7217.557
3393,539.3,11196.166
3394,539.4,16873.699
3395,539.5,24716.73
3396,539.6,35162.157
3397,539.7,48607.813
3398,539.8,65270.238
3399,539.9,85160.929
3400,540.0,107900.0
3401,540.1,132950.581
3402,540.2,159134.893
3403,540.3,185077.868
3404,540.4,209213.482
3405,540.5,229992.203
3406,540.6,245900.134
3407,540.7,255924.836
3408,540.8,259598.155
3409,540.9,256981.619
3410,541.0,249100.0
3411,541.1,237208.391
3412,541.2,223237.434
3413,541.3,209125.628
3414,541.4,196972.467
3415,541.5,188031.817
3416,541.6,183612.905
3417,541.7,183939.805
3418,541.8,188613.292
3419,541.9,196679.653
3420,542.0,206900.0
3421,542.1,217361.715
3422,542.2,226690.948
3423,542.3,233313.807
3424,542.4,236536.752
3425,542.5,235882.434
3426,542.6,231705.684
3427,542.7,224712.024
3428,542.8,216067.543
3429,542.9,206796.997
3430,543.0,198200.0
3431,543.1,191001.06
3432,543.2,185709.871
3433,543.3,182256.31
3434,543.4,180302.385
3435,543.5,179238.552
3436,543.6,178324.92
3437,543.7,176920.962
3438,543.8,174617.502
3439,543.9,171282.419
3440,544.0,167200.0
3441,544.1,162673.514
3442,544.2,158290.411
3443,544.3,154533.514
3444,544.4,151756.549
3445,544.5,150138.533
3446,544.6,149295.826
3447,544.7,148859.824
3448,544.8,148243.977
3449,544.9,146611.449
3450,545.0,143300.0
3451,545.1,137943.031
3452,545.2,130319.813
3453,545.3,120485.91
3454,545.4,108975.188
3455,545.5,96188.641
3456,545.6,82968.19
3457,545.7,70089.422
3458,545.8,58297.692
3459,545.9,48256.468
3460,546.0,40530.0
3461,546.1,35563.554
3462,546.2,33692.553
3463,546.3,35196.375
3464,546.4,40247.548
3465,546.5,48914.083
3466,546.6,61144.17
3467,546.7,76704.054
3468,546.8,95119.891
3469,546.9,115712.798
3470,547.0,137400.0
3471,547.1,159202.921
3472,547.2,179696.73
3473,547.3,197677.877
3474,547.4,212177.805
3475,547.5,222539.335
3476,547.6,228671.565
3477,547.7,230878.265
3478,547.8,230508.036
3479,547.9,228981.205
3480,548.0,228300.0
3481,548.1,230308.902
3482,548.2,236785.249
3483,548.3,249019.604
3484,548.4,267737.377
3485,548.5,292564.803
3486,548.6,322763.362
3487,548.7,356724.718
3488,548.8,392837.588
3489,548.9,429274.863
3490,549.0,465100.0
3491,549.1,500304.108
3492,549.2,535926.857
3493,549.3,574795.401
3494,549.4,620998.232
3495,549.5,680204.614
3496,549.6,758801.651
3497,549.7,864139.334
3498,549.8,1003853.202
3499,549.9,1185151.079
3500,550.0,1416000.0
3501,550.1,1704321.643
3502,550.2,2054502.586
3503,550.3,2474201.77
3504,550.4,2963562.461
3505,550.5,3522544.951
3506,550.6,4143347.097
3507,550.7,4813656.438
3508,550.8,5510011.912
3509,550.9,6202926.088
3510,551.0,6856000.0
3511,551.1,7427555.804
3512,551.2,7875221.383
3513,551.3,8163155.724
3514,551.4,8264423.868
3515,551.5,8164640.94
3516,551.6,7864469.483
3517,551.7,7384562.134
3518,551.8,6753727.779
3519,551.9,6016546.931
3520,552.0,5217000.0
3521,552.1,4404226.629
3522,552.2,3617406.533
3523,552.3,2891304.179
3524,552.4,2248994.175
3525,552.5,1701624.036
3526,552.6,1252275.067
3527,552.7,896784.346
3528,552.8,624590.051
3529,552.9,423193.487
3530,553.0,278900.0
3531,553.1,178729.041
3532,553.2,111412.976
3533,553.3,67564.143
3534,553.4,39841.307
3535,553.5,22855.219
3536,553.6,12752.089
3537,553.7,6919.417
3538,553.8,3652.065
3539,553.9,1874.558
3540,554.0,936.2
3541,554.1,454.759
3542,554.2,214.901
3543,554.3,98.867
3544,554.4,44.274
3545,554.5,19.327
3546,554.6,8.251
3547,554.7,3.493
3548,554.8,1.576
3549,554.9,1.018
3550,555.0,1.363
3551,555.1,2.873
3552,555.2,6.669
3553,555.3,15.419
3554,555.4,34.86
3555,555.5,76.807
3556,555.6,164.863
3557,555.7,344.704
3558,555.8,702.14
3559,555.9,1394.006
3560,556.0,2698.0
3561,556.1,5092.447
3562,556.2,9370.388
3563,556.3,16838.116
3564,556.4,29514.3
3565,556.5,50552.01
3566,556.6,84575.507
3567,556.7,138414.191
3568,556.8,221539.087
3569,556.9,347207.097
3570,557.0,533100.0
3571,557.1,802343.154
3572,557.2,1184884.512
3573,557.3,1716935.998
3574,557.4,2443278.798
3575,557.5,3416253.005
3576,557.6,4692756.809
3577,557.7,6335471.018
3578,557.8,8405851.284
3579,557.9,10957280.12
3580,558.0,14039999.999
3581,558.1,17659529.747
3582,558.2,21825895.104
3583,558.3,26462477.807
3584,558.4,31505497.585
3585,558.5,36813044.77
3586,558.6,42206990.77
3587,558.7,47498861.882
3588,558.8,52475695.282
3589,558.9,56936960.416
3590,559.0,60679999.999
3591,559.1,63586035.985
3592,559.2,65533641.45
3593,559.3,66508347.269
3594,559.4,66478932.201
3595,559.5,65533717.468
3596,559.6,63733533.545
3597,559.7,61185582.549
3598,559.8,58021894.846
3599,559.9,54345263.957
3600,560.0,50290000.001
3601,560.1,45966791.067
3602,560.2,41470600.614
3603,560.3,36933428.468
3604,560.4,32425987.1
3605,560.5,28052360.168
3606,560.6,23898287.276
3607,560.7,20026512.318
3608,560.8,16490499.038
3609,560.9,13343370.79
3610,561.0,10590000.001
3611,561.1,8245111.098
3612,561.2,6291526.575
3613,561.3,4703113.925
3614,561.4,3441798.92
3615,561.5,2464384.108
3616,561.6,1725979.425
3617,561.7,1182119.925
3618,561.8,790935.04
3619,561.9,517184.487
3620,562.0,330300.0
3621,562.1,205960.458
3622,562.2,125435.02
3623,562.3,74545.688
3624,562.4,43269.892
3625,562.5,24593.547
3626,562.6,13785.245
3627,562.7,7835.64
3628,562.8,4867.484
3629,562.9,3832.316
3630,563.0,4225.0
3631,563.1,5940.433
3632,563.2,9173.207
3633,563.3,14369.139
3634,563.4,22180.659
3635,563.5,33482.013
3636,563.6,49267.572
3637,563.7,70650.21
3638,563.8,98681.522
3639,563.9,134304.122
3640,564.0,178100.0
3641,564.1,230041.472
3642,564.2,289744.946
3643,564.3,355997.035
3644,564.4,426565.31
3645,564.5,499221.437
3646,564.6,571044.926
3647,564.7,639628.115
3648,564.8,702519.643
3649,564.9,759007.097
3650,565.0,809000.0
3651,565.1,854149.123
3652,565.2,897183.547
3653,565.3,941542.99
3654,565.4,990877.718
3655,565.5,1048120.079
3656,565.6,1116117.297
3657,565.7,1194165.028
3658,565.8,1278978.381
3659,565.9,1367406.111
3660,566.0,1453000.0
3661,566.1,1530509.292
3662,566.2,1593013.136
3663,566.3,1635085.097
3664,566.4,1654211.198
3665,566.5,1652737.998
3666,566.6,1630302.559
3667,566.7,1595023.651
3668,566.8,1551502.73
3669,566.9,1507279.525
3670,567.0,1469000.0
3671,567.1,1440382.517
3672,567.2,1423898.357
3673,567.3,1418869.389
3674,567.4,1423361.894
3675,567.5,1431056.805
3676,567.6,1438003.213
3677,567.7,1439751.618
3678,567.8,1431364.491
3679,567.9,1411500.129
3680,568.0,1379000.0
3681,568.1,1335651.807
3682,568.2,1284596.077
3683,568.3,1227795.662
3684,568.4,1170864.301
3685,568.5,1116256.137
3686,568.6,1064737.684
3687,568.7,1017449.427
3688,568.8,974257.501
3689,568.9,934351.617
3690,569.0,895900.0
3691,569.1,857722.587
3692,569.2,818937.441
3693,569.3,779718.722
3694,569.4,740941.578
3695,569.5,704167.781
3696,569.6,671540.181
3697,569.7,645215.738
3698,569.8,627063.861
3699,569.9,618268.924
3700,570.0,619200.0
3701,570.1,629573.073
3702,570.2,648085.789
3703,570.3,673119.198
3704,570.4,702530.137
3705,570.5,734216.322
3706,570.6,766307.095
3707,570.7,796841.384
3708,570.8,824562.142
3709,570.9,848242.203
3710,571.0,867000.0
3711,571.1,880015.161
3712,571.2,886760.813
3713,571.3,886795.065
3714,571.4,879426.033
3715,571.5,864519.681
3716,571.6,841873.6
3717,571.7,811417.598
3718,571.8,773576.394
3719,571.9,728865.816
3720,572.0,678400.0
3721,572.1,623555.375
3722,572.2,566009.779
3723,572.3,507683.446
3724,572.4,451002.382
3725,572.5,398188.013
3726,572.6,351734.755
3727,572.7,313744.762
3728,572.8,286466.944
3729,572.9,271524.455
3730,573.0,269900.0
3731,573.1,282307.182
3732,573.2,308331.328
3733,573.3,346653.511
3734,573.4,395299.795
3735,573.5,451064.668
3736,573.6,510326.45
3737,573.7,568546.185
3738,573.8,621304.712
3739,573.9,664316.485
3740,574.0,693900.0
3741,574.1,707433.656
3742,574.2,703576.183
3743,574.3,682335.333
3744,574.4,645225.919
3745,574.5,594840.131
3746,574.6,534595.465
3747,574.7,468319.547
3748,574.8,399975.402
3749,574.9,333038.045
3750,575.0,270400.0
3751,575.1,214274.634
3752,575.2,165969.126
3753,575.3,126103.612
3754,575.4,94925.579
3755,575.5,71982.798
3756,575.6,57173.46
3757,575.7,50277.111
3758,575.8,51424.219
3759,575.9,61202.565
3760,576.0,80670.0
3761,576.1,111333.389
3762,576.2,155132.559
3763,576.3,213998.825
3764,576.4,289890.922
3765,576.5,384077.939
3766,576.6,497183.993
3767,576.7,628278.674
3768,576.8,775463.792
3769,576.9,935030.606
3770,577.0,1102000.0
3771,577.1,1270445.025
3772,577.2,1433660.0
3773,577.3,1587419.309
3774,577.4,1725208.873
3775,577.5,1846558.543
3776,577.6,1948821.592
3777,577.7,2033831.845
3778,577.8,2105318.837
3779,577.9,2165907.254
3780,578.0,2220000.0
3781,578.1,2269670.936
3782,578.2,2314594.506
3783,578.3,2354455.122
3784,578.4,2383842.261
3785,578.5,2399151.779
3786,578.6,2393994.818
3787,578.7,2363808.062
3788,578.8,2307238.251
3789,578.9,2224380.595
3790,579.0,2120000.0
3791,579.1,2000727.384
3792,579.2,1879530.933
3793,579.3,1766225.999
3794,579.4,1676028.278
3795,579.5,1617607.826
3796,579.6,1601051.748
3797,579.7,1630059.483
3798,579.8,1704739.402
3799,579.9,1818283.478
3800,580.0,1962000.0
3801,580.1,2122465.593
3802,580.2,2281514.204
3803,580.3,2425258.314
3804,580.4,2534751.197
3805,580.5,2599442.793
3806,580.6,2609057.08
3807,580.7,2559342.445
3808,580.8,2452175.772
3809,580.9,2294013.606
3810,581.0,2094000.0
3811,581.1,1864404.477
3812,581.2,1619475.989
3813,581.3,1372350.269
3814,581.4,1134519.364
3815,581.5,914080.172
3816,581.6,718544.053
3817,581.7,550831.913
3818,581.8,411872.122
3819,581.9,300335.329
3820,582.0,213500.0
3821,582.1,148139.901
3822,582.2,100166.941
3823,582.3,66068.868
3824,582.4,42505.22
3825,582.5,26671.841
3826,582.6,16344.75
3827,582.7,9808.031
3828,582.8,5823.351
3829,582.9,3555.571
3830,583.0,2487.0
3831,583.1,2392.21
3832,583.2,3329.883
3833,583.3,5696.754
3834,583.4,10339.242
3835,583.5,18769.795
3836,583.6,33472.98
3837,583.7,58354.528
3838,583.8,99270.841
3839,583.9,164832.285
3840,584.0,267100.0
3841,584.1,422172.883
3842,584.2,651120.525
3843,584.3,979492.051
3844,584.4,1438743.183
3845,584.5,2060634.079
3846,584.6,2880488.395
3847,584.7,3928852.058
3848,584.8,5227802.241
3849,584.9,6787956.001
3850,585.0,8600000.0
3851,585.1,10630781.472
3852,585.2,12822403.122
3853,585.3,15092212.676
3854,585.4,17340741.725
3855,585.5,19430855.295
3856,585.6,21257613.416
3857,585.7,22692632.415
3858,585.8,23638954.011
3859,585.9,24038222.118
3860,586.0,23870000.0
3861,586.1,23130373.392
3862,586.2,21889145.43
3863,586.3,20234199.556
3864,586.4,18267331.323
3865,586.5,16115858.075
3866,586.6,13892732.149
3867,586.7,11716645.797
3868,586.8,9662075.772
3869,586.9,7802672.127
3870,587.0,6170000.0
3871,587.1,4784351.399
3872,587.2,3638619.043
3873,587.3,2718658.763
3874,587.4,1996023.989
3875,587.5,1443063.182
3876,587.6,1027281.266
3877,587.7,721299.57
3878,587.8,499998.274
3879,587.9,342652.429
3880,588.0,232500.0
3881,588.1,156822.436
3882,588.2,105974.016
3883,588.3,72953.523
3884,588.4,52868.154
3885,588.5,42386.213
3886,588.6,39314.483
3887,588.7,42305.512
3888,588.8,50556.483
3889,588.9,63632.421
3890,589.0,81230.0
3891,589.1,103043.33
3892,589.2,128605.793
3893,589.3,157203.464
3894,589.4,187970.625
3895,589.5,219460.994
3896,589.6,250178.773
3897,589.7,278459.97
3898,589.8,302481.544
3899,589.9,320982.386
3900,590.0,332600.0
3901,590.1,336604.991
3902,590.2,333085.404
3903,590.3,322510.903
3904,590.4,305862.559
3905,590.5,284950.548
3906,590.6,261577.572
3907,590.7,237982.317
3908,590.8,216012.613
3909,590.9,197697.489
3910,591.0,184400.0
3911,591.1,177170.728
3912,591.2,176467.354
3913,591.3,182013.635
3914,591.4,193386.371
3915,591.5,209356.273
3916,591.6,228372.919
3917,591.7,248868.182
3918,591.8,268941.418
3919,591.9,286742.028
3920,592.0,300700.0
3921,592.1,309499.349
3922,592.2,312377.103
3923,592.3,308798.507
3924,592.4,299189.36
3925,592.5,283907.824
3926,592.6,264164.114
3927,592.7,241424.575
3928,592.8,217034.199
3929,592.9,192726.659
3930,593.0,170000.0
3931,593.1,150136.257
3932,593.2,134283.511
3933,593.3,123213.033
3934,593.4,117486.78
3935,593.5,117339.195
3936,593.6,122920.927
3937,593.7,134083.677
3938,593.8,151052.407
3939,593.9,173667.767
3940,594.0,202100.0
3941,594.1,236744.062
3942,594.2,277926.528
3943,594.3,325988.051
3944,594.4,381473.888
3945,594.5,444133.123
3946,594.6,513806.587
3947,594.7,589372.197
3948,594.8,668985.187
3949,594.9,750282.82
3950,595.0,830400.0
3951,595.1,905872.523
3952,595.2,973617.383
3953,595.3,1030909.791
3954,595.4,1075837.383
3955,595.5,1106964.326
3956,595.6,1125796.394
3957,595.7,1132246.584
3958,595.8,1130639.388
3959,595.9,1122213.7
3960,596.0,1110000.0
3961,596.1,1097411.066
3962,596.2,1085217.495
3963,596.3,1074943.707
3964,596.4,1066497.695
3965,596.5,1058547.428
3966,596.6,1049902.575
3967,596.7,1038795.822
3968,596.8,1025758.371
3969,596.9,1009551.412
3970,597.0,990900.0
3971,597.1,970403.577
3972,597.2,949146.084
3973,597.3,928322.597
3974,597.4,908672.958
3975,597.5,890292.102
3976,597.6,872581.66
3977,597.7,854199.099
3978,597.8,833676.15
3979,597.9,808827.65
3980,598.0,778100.0
3981,598.1,740112.264
3982,598.2,694489.078
3983,598.3,641466.712
3984,598.4,582247.933
3985,598.5,518634.88
3986,598.6,452735.33
3987,598.7,387008.899
3988,598.8,323796.086
3989,598.9,264984.56
3990,599.0,212000.0
3991,599.1,165831.194
3992,599.2,126748.688
3993,599.3,94642.141
3994,599.4,69048.447
3995,599.5,49214.397
3996,599.6,34263.032
3997,599.7,23309.033
3998,599.8,15485.06
3999,599.9,10045.306
4000,600.0,6365.0
4001,600.1,3939.135
4002,600.2,2381.213
4003,600.3,1405.849
4004,600.4,810.688
4005,600.5,456.558
4006,600.6,251.112
4007,600.7,134.893
4008,600.8,70.762
4009,600.9,36.258
4010,601.0,18.15
4011,601.1,8.865
4012,601.2,4.232
4013,601.3,1.973
4014,601.4,0.899
4015,601.5,0.399
4016,601.6,0.173
4017,601.7,0.074
4018,601.8,0.03
4019,601.9,0.012
4020,602.0,0.005
4021,602.1,0.002
4022,602.2,0.001
4023,602.3,0.0
4024,602.4,0.0
4025,602.5,0.0
4026,602.6,0.0
4027,602.7,0.0
4028,602.8,0.0
4029,602.9,0.0
4030,603.0,0.0
4031,603.1,0.0
4032,603.2,0.0
4033,603.3,0.0
4034,603.4,0.0
4035,603.5,0.0
4036,603.6,0.0
4037,603.7,0.0
4038,603.8,0.0
4039,603.9,0.0
4040,604.0,0.0
4041,604.1,0.0
4042,604.2,0.0
4043,604.3,0.0
4044,604.4,0.0
4045,604.5,0.0
4046,604.6,0.0
4047,604.7,0.0
4048,604.8,0.0
4049,604.9,0.0
4050,605.0,0.0
4051,605.1,0.001
4052,605.2,0.003
4053,605.3,0.007
4054,605.4,0.017
4055,605.5,0.04
4056,605.6,0.094
4057,605.7,0.214
4058,605.8,0.48
4059,605.9,1.051
4060,606.0,2.25
4061,606.1,4.706
4062,606.2,9.626
4063,606.3,19.244
4064,606.4,37.617
4065,606.5,71.893
4066,606.6,134.399
4067,606.7,245.522
4068,606.8,438.736
4069,606.9,766.962
4070,607.0,1311.0
4071,607.1,2192.964
4072,607.2,3588.238
4073,607.3,5746.808
4074,607.4,9009.141
4075,607.5,13833.557
4076,607.6,20811.944
4077,607.7,30703.885
4078,607.8,44405.602
4079,607.9,63070.905
4080,608.0,88000.0
4081,608.1,120749.425
4082,608.2,163170.514
4083,608.3,217339.965
4084,608.4,285872.708
4085,608.5,371586.712
4086,608.6,478086.497
4087,608.7,609275.205
4088,608.8,770140.34
4089,608.9,965294.71
4090,609.0,1201000.0
4091,609.1,1480748.304
4092,609.2,1810226.939
4093,609.3,2190176.727
4094,609.4,2620810.737
4095,609.5,3097001.888
4096,609.6,3610260.307
4097,609.7,4146120.009
4098,609.8,4686500.442
4099,609.9,5209782.462
4100,610.0,5690000.0
4101,610.1,6105750.836
4102,610.2,6434925.562
4103,610.3,6665798.552
4104,610.4,6789568.316
4105,610.5,6814689.217
4106,610.6,6757050.244
4107,610.7,6645505.451
4108,610.8,6520960.064
4109,610.9,6429128.86
4110,611.0,6420000.0
4111,611.1,6543327.579
4112,611.2,6841322.05
4113,611.3,7345540.661
4114,611.4,8071012.614
4115,611.5,9014128.356
4116,611.6,10153131.05
4117,611.7,11432786.372
4118,611.8,12788974.354
4119,611.9,14145615.626
4120,612.0,15410000.0
4121,612.1,16499485.444
4122,612.2,17324866.026
4123,612.3,17819523.401
4124,612.4,17953872.447
4125,612.5,17694103.901
4126,612.6,17068706.675
4127,612.7,16099220.866
4128,612.8,14852685.775
4129,612.9,13399905.098
4130,613.0,11820000.0
4131,613.1,10205261.436
4132,613.2,8606921.811
4133,613.3,7101770.717
4134,613.4,5731082.029
4135,613.5,4522686.108
4136,613.6,3492360.692
4137,613.7,2641688.153
4138,613.8,1959833.151
4139,613.9,1434200.899
4140,614.0,1046000.0
4141,614.1,779160.948
4142,614.2,620478.299
4143,614.3,562197.188
4144,614.4,603625.027
4145,614.5,752599.194
4146,614.6,1026290.494
4147,614.7,1448903.465
4148,614.8,2055591.091
4149,614.9,2885417.148
4150,615.0,3983000.0
4151,615.1,5392862.315
4152,615.2,7152953.047
4153,615.3,9293188.199
4154,615.4,11827245.542
4155,615.5,14741927.271
4156,615.6,18003652.187
4157,615.7,21534030.662
4158,615.8,25255699.318
4159,615.9,29028304.431
4160,616.0,32729999.999
4161,616.1,36195985.386
4162,616.2,39272250.568
4163,616.3,41827668.531
4164,616.4,43747114.846
4165,616.5,44935920.332
4166,616.6,45360996.408
4167,616.7,44988695.058
4168,616.8,43883988.301
4169,616.9,42093172.371
4170,617.0,39710000.001
4171,617.1,36857336.64
4172,617.2,33649361.801
4173,617.3,30238071.082
4174,617.4,26724790.79
4175,617.5,23234947.348
4176,617.6,19870406.658
4177,617.7,16715847.984
4178,617.8,13819105.987
4179,617.9,11227922.292
4180,618.0,8963000.0
4181,618.1,7027874.089
4182,618.2,5409495.409
4183,618.3,4087073.808
4184,618.4,3029990.3
4185,618.5,2202821.639
4186,618.6,1571272.304
4187,618.7,1097891.184
4188,618.8,752029.253
4189,618.9,504738.224
4190,619.0,331900.0
4191,619.1,213747.722
4192,619.2,134791.462
4193,619.3,83272.326
4194,619.4,50408.575
4195,619.5,29960.579
4196,619.6,17589.409
4197,619.7,10380.86
4198,619.8,6460.576
4199,619.9,4685.6
4200,620.0,4422.0
4201,620.1,5403.332
4202,620.2,7625.646
4203,620.3,11290.795
4204,620.4,16773.56
4205,620.5,24583.687
4206,620.6,35351.519
4207,620.7,49778.682
4208,620.8,68599.844
4209,620.9,92512.588
4210,621.0,122000.0
4211,621.1,157600.585
4212,621.2,198989.226
4213,621.3,245932.051
4214,621.4,297386.618
4215,621.5,351771.634
4216,621.6,407113.503
4217,621.7,461061.932
4218,621.8,510938.329
4219,621.9,553851.868
4220,622.0,587500.0
4221,622.1,609753.442
4222,622.2,619110.556
4223,622.3,615038.665
4224,622.4,597838.265
4225,622.5,568574.874
4226,622.6,529041.896
4227,622.7,481691.312
4228,622.8,429130.166
4229,622.9,373987.902
4230,623.0,319000.0
4231,623.1,266359.749
4232,623.2,217787.635
4233,623.3,174589.532
4234,623.4,137494.665
4235,623.5,107049.469
4236,623.6,83415.607
4237,623.7,66587.287
4238,623.8,56732.64
4239,623.9,54243.37
4240,624.0,59910.0
4241,624.1,75065.949
4242,624.2,101622.94
4243,624.3,142330.892
4244,624.4,200366.834
4245,624.5,279630.231
4246,624.6,384133.863
4247,624.7,517794.812
4248,624.8,684195.914
4249,624.9,885572.291
4250,625.0,1122000.0
4251,625.1,1392826.134
4252,625.2,1693378.993
4253,625.3,2015007.811
4254,625.4,2347718.138
4255,625.5,2678393.598
4256,625.6,2991774.617
4257,625.7,3273195.584
4258,625.8,3506280.741
4259,625.9,3678174.332
4260,626.0,3778000.0
4261,626.1,3801294.552
4262,626.2,3744950.956
4263,626.3,3613093.884
4264,626.4,3413187.704
4265,626.5,3158219.822
4266,626.6,2862800.464
4267,626.7,2540039.301
4268,626.8,2208328.655
4269,626.9,1880065.901
4270,627.0,1568000.0
4271,627.1,1279893.039
4272,627.2,1024162.515
4273,627.3,802339.683
4274,627.4,615632.572
4275,627.5,462735.324
4276,627.6,340631.84
4277,627.7,245699.083
4278,627.8,173504.835
4279,627.9,120014.37
4280,628.0,81330.0
4281,628.1,53980.821
4282,628.2,35096.418
4283,628.3,22351.022
4284,628.4,13935.15
4285,628.5,8517.616
4286,628.6,5094.243
4287,628.7,2986.091
4288,628.8,1714.106
4289,628.9,963.794
4290,629.0,530.7
4291,629.1,286.235
4292,629.2,151.225
4293,629.3,78.233
4294,629.4,39.637
4295,629.5,19.67
4296,629.6,9.559
4297,629.7,4.55
4298,629.8,2.121
4299,629.9,0.968
4300,630.0,0.433
4301,630.1,0.189
4302,630.2,0.081
4303,630.3,0.034
4304,630.4,0.014
4305,630.5,0.006
4306,630.6,0.002
4307,630.7,0.001
4308,630.8,0.0
4309,630.9,0.0
4310,631.0,0.0
4311,631.1,0.0
4312,631.2,0.0
4313,631.3,0.0
4314,631.4,0.0
4315,631.5,0.0
4316,631.6,0.0
4317,631.7,0.0
4318,631.8,0.0
4319,631.9,0.0
4320,632.0,0.0
4321,632.1,0.0
4322,632.2,0.0
4323,632.3,0.0
4324,632.4,0.0
4325,632.5,0.0
4326,632.6,0.0
4327,632.7,0.0
4328,632.8,0.0
4329,632.9,0.0
4330,633.0,0.0
4331,633.1,0.0
4332,633.2,0.0
4333,633.3,0.0
4334,633.4,0.0
4335,633.5,0.0
4336,633.6,0.0
4337,633.7,0.0
4338,633.8,0.0
4339,633.9,0.0
4340,634.0,0.0
4341,634.1,0.0
4342,634.2,0.0
4343,634.3,0.0
4344,634.4,0.0
4345,634.5,0.0
4346,634.6,0.0
4347,634.7,0.0
4348,634.8,0.0
4349,634.9,0.0
4350,635.0,0.0
4351,635.1,0.0
4352,635.2,0.0
4353,635.3,0.0
4354,635.4,0.0
4355,635.5,0.0
4356,635.6,0.0
4357,635.7,0.0
4358,635.8,0.0
4359,635.9,0.0
4360,636.0,0.0
4361,636.1,0.0
4362,636.2,0.0
4363,636.3,0.0
4364,636.4,0.0
4365,636.5,0.0
4366,636.6,0.0
4367,636.7,0.0
4368,636.8,0.0
4369,636.9,0.0
4370,637.0,0.0
4371,637.1,0.0
4372,637.2,0.0
4373,637.3,0.0
4374,637.4,0.0
4375,637.5,0.0
4376,637.6,0.0
4377,637.7,0.0
4378,637.8,0.0
4379,637.9,0.0
4380,638.0,0.0
4381,638.1,0.0
4382,638.2,0.0
4383,638.3,0.0
4384,638.4,0.0
4385,638.5,0.0
4386,638.6,0.0
4387,638.7,0.0
4388,638.8,0.0
4389,638.9,0.0
4390,639.0,0.0
4391,639.1,0.001
4392,639.2,0.001
4393,639.3,0.004
4394,639.4,0.01
4395,639.5,0.025
4396,639.6,0.063
4397,639.7,0.155
4398,639.8,0.374
4399,639.9,0.889
4400,640.0,2.065
4401,640.1,4.703
4402,640.2,10.494
4403,640.3,22.94
4404,640.4,49.135
4405,640.5,103.142
4406,640.6,212.166
4407,640.7,427.432
4408,640.8,843.881
4409,640.9,1633.06
4410,641.0,3096.0
4411,641.1,5750.154
4412,641.2,10469.035
4413,641.3,18660.486
4414,641.4,32616.716
4415,641.5,55849.274
4416,641.6,93638.196
4417,641.7,154040.705
4418,641.8,248055.822
4419,641.9,391520.424
4420,642.0,605400.0
4421,642.1,917457.62
4422,642.2,1362613.868
4423,642.3,1981636.712
4424,642.4,2825181.986
4425,642.5,3946285.929
4426,642.6,5401136.402
4427,642.7,7244358.97
4428,642.8,9520347.874
4429,642.9,12262993.717
4430,643.0,15479999.999
4431,643.1,19138600.531
4432,643.2,23200576.553
4433,643.3,27562336.416
4434,643.4,32080139.487
4435,643.5,36610376.207
4436,643.6,40950949.732
4437,643.7,44913071.803
4438,643.8,48292662.09
4439,643.9,50917379.199
4440,644.0,52670000.0
4441,644.1,53460357.317
4442,644.2,53273263.877
4443,644.3,52150508.264
4444,644.4,50188548.736
4445,644.5,47558099.11
4446,644.6,44451235.855
4447,644.7,41066008.32
4448,644.8,37637682.394
4449,644.9,34374879.684
4450,645.0,31460000.001
4451,645.1,29053419.448
4452,645.2,27255793.012
4453,645.3,26143455.478
4454,645.4,25721701.712
4455,645.5,25981460.711
4456,645.6,26845164.372
4457,645.7,28194029.672
4458,645.8,29914679.839
4459,645.9,31835938.854
4460,646.0,33790000.0
4461,646.1,35606806.661
4462,646.2,37133202.032
4463,646.3,38228372.904
4464,646.4,38785874.615
4465,646.5,38749843.767
4466,646.6,38093930.008
4467,646.7,36839262.335
4468,646.8,35051840.368
4469,646.9,32804697.378
4470,647.0,30220000.001
4471,647.1,27415317.998
4472,647.2,24495304.208
4473,647.3,21604754.263
4474,647.4,18816708.973
4475,647.5,16233817.312
4476,647.6,13916163.61
4477,647.7,11914844.559
4478,647.8,10265141.818
4479,647.9,8998061.284
4480,648.0,8123000.0
4481,648.1,7651216.586
4482,648.2,7585940.488
4483,648.3,7922529.44
4484,648.4,8651279.894
4485,648.5,9746526.158
4486,648.6,11177434.51
4487,648.7,12892586.91
4488,648.8,14830578.377
4489,648.9,16914766.022
4490,649.0,19039999.999
4491,649.1,21113191.077
4492,649.2,23020829.944
4493,649.3,24673494.222
4494,649.4,25968221.554
4495,649.5,26843475.256
4496,649.6,27240152.484
4497,649.7,27137952.823
4498,649.8,26552780.446
4499,649.9,25499561.799
4500,650.0,24060000.0
4501,650.1,22293126.994
4502,650.2,20282825.275
4503,650.3,18138619.156
4504,650.4,15938113.904
4505,650.5,13757442.422
4506,650.6,11670852.018
4507,650.7,9739551.862
4508,650.8,7986191.066
4509,650.9,6439953.111
4510,651.0,5106000.0
4511,651.1,3981405.475
4512,651.2,3052995.239
4513,651.3,2303022.54
4514,651.4,1708436.786
4515,651.5,1246738.26
4516,651.6,894777.551
4517,651.7,631856.303
4518,651.8,439174.335
4519,651.9,300784.285
4520,652.0,203400.0
4521,652.1,136418.816
4522,652.2,91615.381
4523,652.3,62686.587
4524,652.4,45030.859
4525,652.5,35276.343
4526,652.6,31047.855
4527,652.7,30691.612
4528,652.8,33034.274
4529,652.9,37273.392
4530,653.0,42780.0
4531,653.1,49110.064
4532,653.2,55854.517
4533,653.3,62684.404
4534,653.4,69306.753
4535,653.5,75510.239
4536,653.6,81154.071
4537,653.7,86199.373
4538,653.8,90737.347
4539,653.9,94994.818
4540,654.0,99320.0
4541,654.1,104232.152
4542,654.2,110178.752
4543,654.3,117912.457
4544,654.4,127905.59
4545,654.5,140658.299
4546,654.6,156446.099
4547,654.7,175543.578
4548,654.8,197472.209
4549,654.9,221802.081
4550,655.0,247900.0
4551,655.1,274413.666
4552,655.2,300395.233
4553,655.3,324093.762
4554,655.4,344404.985
4555,655.5,359853.037
4556,655.6,369616.437
4557,655.7,372811.785
4558,655.8,369224.022
4559,655.9,358857.137
4560,656.0,342300.0
4561,656.1,320302.308
4562,656.2,294082.609
4563,656.3,264843.026
4564,656.4,233957.718
4565,656.5,202786.137
4566,656.6,172403.644
4567,656.7,143732.363
4568,656.8,117566.219
4569,656.9,94331.152
4570,657.0,74210.0
4571,657.1,57270.516
4572,657.2,43354.915
4573,657.3,32187.169
4574,657.4,23445.73
4575,657.5,16744.875
4576,657.6,11732.237
4577,657.7,8060.589
4578,657.8,5432.475
4579,657.9,3590.833
4580,658.0,2328.0
4581,658.1,1480.253
4582,658.2,923.216
4583,658.3,564.644
4584,658.4,338.758
4585,658.5,199.282
4586,658.6,115.002
4587,658.7,65.074
4588,658.8,36.125
4589,658.9,19.663
4590,659.0,10.5
4591,659.1,5.497
4592,659.2,2.822
4593,659.3,1.422
4594,659.4,0.702
4595,659.5,0.34
4596,659.6,0.162
4597,659.7,0.075
4598,659.8,0.034
4599,659.9,0.015
4600,660.0,0.007
4601,660.1,0.003
4602,660.2,0.001
4603,660.3,0.001
4604,660.4,0.0
4605,660.5,0.0
4606,660.6,0.0
4607,660.7,0.0
4608,660.8,0.0
4609,660.9,0.0
4610,661.0,0.0
4611,661.1,0.0
4612,661.2,0.0
4613,661.3,0.0
4614,661.4,0.0
4615,661.5,0.0
4616,661.6,0.0
4617,661.7,0.0
4618,661.8,0.0
4619,661.9,0.0
4620,662.0,0.0
4621,662.1,0.0
4622,662.2,0.0
4623,662.3,0.0
4624,662.4,0.0
4625,662.5,0.0
4626,662.6,0.0
4627,662.7,0.0
4628,662.8,0.0
4629,662.9,0.0
4630,663.0,0.0
4631,663.1,0.0
4632,663.2,0.0
4633,663.3,0.0
4634,663.4,0.0
4635,663.5,0.0
4636,663.6,0.0
4637,663.7,0.0
4638,663.8,0.0
4639,663.9,0.001
4640,664.0,0.001
4641,664.1,0.002
4642,664.2,0.004
4643,664.3,0.006
4644,664.4,0.01
4645,664.5,0.017
4646,664.6,0.027
4647,664.7,0.042
4648,664.8,0.063
4649,664.9,0.095
4650,665.0,0.14
4651,665.1,0.202
4652,665.2,0.285
4653,665.3,0.396
4654,665.4,0.54
4655,665.5,0.722
4656,665.6,0.948
4657,665.7,1.22
4658,665.8,1.541
4659,665.9,1.911
4660,666.0,2.324
4661,666.1,2.772
4662,666.2,3.246
4663,666.3,3.729
4664,666.4,4.202
4665,666.5,4.648
4666,666.6,5.043
4667,666.7,5.37
4668,666.8,5.609
4669,666.9,5.75
4670,667.0,5.783
4671,667.1,5.707
4672,667.2,5.527
4673,667.3,5.254
4674,667.4,4.905
4675,667.5,4.504
4676,667.6,4.081
4677,667.7,3.683
4678,667.8,3.379
4679,667.9,3.288
4680,668.0,3.631
4681,668.1,4.822
4682,668.2,7.648
4683,668.3,13.577
4684,668.4,25.312
4685,668.5,47.747
4686,668.6,89.466
4687,668.7,165.441
4688,668.8,300.617
4689,668.9,536.744
4690,669.0,940.9
4691,669.1,1619.304
4692,669.2,2734.173
4693,669.3,4531.101
4694,669.4,7370.233
4695,669.5,11770.517
4696,669.6,18442.562
4697,669.7,28362.137
4698,669.8,42806.158
4699,669.9,63415.603
4700,670.0,92200.0
4701,670.1,131562.489
4702,670.2,184268.893
4703,670.3,253280.245
4704,670.4,341680.403
4705,670.5,452474.818
4706,670.6,587957.78
4707,670.7,750016.681
4708,670.8,938841.454
4709,670.9,1153222.506
4710,671.0,1391000.0
4711,671.1,1646088.272
4712,671.2,1911489.371
4713,671.3,2179478.545
4714,671.4,2438544.869
4715,671.5,2677420.605
4716,671.6,2885924.735
4717,671.7,3052427.23
4718,671.8,3168382.67
4719,671.9,3228236.571
4720,672.0,3229000.0
4721,672.1,3169386.655
4722,672.2,3052983.196
4723,672.3,2887093.258
4724,672.4,2678658.946
4725,672.5,2440575.539
4726,672.6,2182885.906
4727,672.7,1916309.217
4728,672.8,1652555.717
4729,672.9,1399433.766
4730,673.0,1166000.0
4731,673.1,954869.875
4732,673.2,770708.574
4733,673.3,614134.318
4734,673.4,484865.189
4735,673.5,381051.729
4736,673.6,300268.952
4737,673.7,239196.439
4738,673.8,194809.573
4739,673.9,163453.004
4740,674.0,142400.0
4741,674.1,128626.043
4742,674.2,119941.255
4743,674.3,114337.847
4744,674.4,110468.046
4745,674.5,106905.046
4746,674.6,103228.655
4747,674.7,98674.004
4748,674.8,93217.557
4749,674.9,86767.382
4750,675.0,79480.0
4751,675.1,71582.002
4752,675.2,63333.352
4753,675.3,55050.958
4754,675.4,46974.639
4755,675.5,39365.13
4756,675.6,32379.872
4757,675.7,26153.132
4758,675.8,20730.113
4759,675.9,16133.574
4760,676.0,12320.0
4761,676.1,9241.108
4762,676.2,6800.802
4763,676.3,4913.998
4764,676.4,3484.403
4765,676.5,2425.78
4766,676.6,1658.031
4767,676.7,1111.717
4768,676.8,732.221
4769,676.9,473.217
4770,677.0,300.2
4771,677.1,186.923
4772,677.2,114.279
4773,677.3,68.57
4774,677.4,40.392
4775,677.5,23.351
4776,677.6,13.255
4777,677.7,7.381
4778,677.8,4.036
4779,677.9,2.167
4780,678.0,1.142
4781,678.1,0.59
4782,678.2,0.3
4783,678.3,0.149
4784,678.4,0.073
4785,678.5,0.035
4786,678.6,0.017
4787,678.7,0.008
4788,678.8,0.003
4789,678.9,0.002
4790,679.0,0.001
4791,679.1,0.0
4792,679.2,0.0
4793,679.3,0.0
4794,679.4,0.0
4795,679.5,0.0
4796,679.6,0.0
4797,679.7,0.0
4798,679.8,0.0
4799,679.9,0.0
4800,680.0,0.0
4801,680.1,0.0
4802,680.2,0.0
4803,680.3,0.0
4804,680.4,0.0
4805,680.5,0.0
4806,680.6,0.0
4807,680.7,0.0
4808,680.8,0.0
4809,680.9,0.0
4810,681.0,0.0
4811,681.1,0.0
4812,681.2,0.0
4813,681.3,0.0
4814,681.4,0.0
4815,681.5,0.0
4816,681.6,0.0
4817,681.7,0.001
4818,681.8,0.002
4819,681.9,0.004
4820,682.0,0.009
4821,682.1,0.02
4822,682.2,0.043
4823,682.3,0.09
4824,682.4,0.183
4825,682.5,0.367
4826,682.6,0.722
4827,682.7,1.398
4828,682.8,2.656
4829,682.9,4.96
4830,683.0,9.095
4831,683.1,16.379
4832,683.2,28.982
4833,683.3,50.35
4834,683.4,85.93
4835,683.5,144.081
4836,683.6,237.199
4837,683.7,383.608
4838,683.8,609.427
4839,683.9,950.814
4840,684.0,1457.0
4841,684.1,2193.317
4842,684.2,3243.614
4843,684.3,4710.838
4844,684.4,6718.771
4845,684.5,9414.575
4846,684.6,12954.963
4847,684.7,17516.62
4848,684.8,23253.723
4849,684.9,30315.193
4850,685.0,38840.0
4851,685.1,48857.456
4852,685.2,60378.056
4853,685.3,73290.255
4854,685.4,87370.96
4855,685.5,102285.364
4856,685.6,117713.77
4857,685.7,132904.952
4858,685.8,147583.325
4859,685.9,160774.507
4860,686.0,172100.0
4861,686.1,180974.446
4862,686.2,186968.559
4863,686.3,189610.092
4864,686.4,188984.702
4865,686.5,184891.105
4866,686.6,177765.843
4867,686.7,167892.759
4868,686.8,155636.53
4869,686.9,141815.932
4870,687.0,126900.0
4871,687.1,111504.038
4872,687.2,96239.88
4873,687.3,81616.301
4874,687.4,67965.97
4875,687.5,55600.114
4876,687.6,44666.883
4877,687.7,35246.968
4878,687.8,27322.252
4879,687.9,20803.796
4880,688.0,15560.0
4881,688.1,11425.086
4882,688.2,8244.236
4883,688.3,5841.4
4884,688.4,4066.263
4885,688.5,2780.34
4886,688.6,1866.617
4887,688.7,1231.645
4888,688.8,797.556
4889,688.9,507.576
4890,689.0,317.2
4891,689.1,194.748
4892,689.2,117.41
4893,689.3,69.537
4894,689.4,40.452
4895,689.5,23.118
4896,689.6,12.97
4897,689.7,7.152
4898,689.8,3.872
4899,689.9,2.059
4900,690.0,1.076
4901,690.1,0.552
4902,690.2,0.278
4903,690.3,0.138
4904,690.4,0.067
4905,690.5,0.032
4906,690.6,0.015
4907,690.7,0.007
4908,690.8,0.003
4909,690.9,0.001
4910,691.0,0.001
4911,691.1,0.0
4912,691.2,0.0
4913,691.3,0.0
4914,691.4,0.0
4915,691.5,0.0
4916,691.6,0.0
4917,691.7,0.0
4918,691.8,0.0
4919,691.9,0.0
4920,692.0,0.0
4921,692.1,0.0
4922,692.2,0.0
4923,692.3,0.0
4924,692.4,0.0
4925,692.5,0.0
4926,692.6,0.0
4927,692.7,0.0
4928,692.8,0.0
4929,692.9,0.0
4930,693.0,0.0
4931,693.1,0.0
4932,693.2,0.0
4933,693.3,0.0
4934,693.4,0.0
4935,693.5,0.0
4936,693.6,0.0
4937,693.7,0.0
4938,693.8,0.0
4939,693.9,0.0
4940,694.0,0.0
4941,694.1,0.0
4942,694.2,0.0
4943,694.3,0.0
4944,694.4,0.0
4945,694.5,0.0
4946,694.6,0.0
4947,694.7,0.0
4948,694.8,0.0
4949,694.9,0.0
4950,695.0,0.0
4951,695.1,0.0
4952,695.2,0.0
4953,695.3,0.0
4954,695.4,0.0
4955,695.5,0.0
4956,695.6,0.0
4957,695.7,0.0
4958,695.8,0.0
4959,695.9,0.0
4960,696.0,0.0
4961,696.1,0.0
4962,696.2,0.0
4963,696.3,0.0
4964,696.4,0.0
4965,696.5,0.0
4966,696.6,0.0
4967,696.7,0.0
4968,696.8,0.0
4969,696.9,0.0
4970,697.0,0.0
4971,697.1,0.0
4972,697.2,0.0
4973,697.3,0.0
4974,697.4,0.0
4975,697.5,0.0
4976,697.6,0.0
4977,697.7,0.0
4978,697.8,0.0
4979,697.9,0.0
4980,698.0,0.0
4981,698.1,0.0
4982,698.2,0.0
4983,698.3,0.0
4984,698.4,0.001
4985,698.5,0.001
4986,698.6,0.002
4987,698.7,0.003
4988,698.8,0.005
4989,698.9,0.008
4990,699.0,0.012
4991,699.1,0.019
4992,699.2,0.03
4993,699.3,0.046
4994,699.4,0.07
4995,699.5,0.103
4996,699.6,0.15
4997,699.7,0.214
4998,699.8,0.301
4999,699.9,0.416
5000,700.0,0.564
5001,700.1,0.752
5002,700.2,0.987
5003,700.3,1.273
5004,700.4,1.611
5005,700.5,2.008
5006,700.6,2.459
5007,700.7,2.959
5008,700.8,3.501
5009,700.9,4.072
5010,701.0,4.655
5011,701.1,5.231
5012,701.2,5.779
5013,701.3,6.274
5014,701.4,6.698
5015,701.5,7.027
5016,701.6,7.247
5017,701.7,7.347
5018,701.8,7.322
5019,701.9,7.173
5020,702.0,6.907
5021,702.1,6.539
5022,702.2,6.084
5023,702.3,5.565
5024,702.4,5.002
5025,702.5,4.421
5026,702.6,3.841
5027,702.7,3.28
5028,702.8,2.753
5029,702.9,2.272
5030,703.0,1.843
5031,703.1,1.469
5032,703.2,1.152
5033,703.3,0.887
5034,703.4,0.672
5035,703.5,0.5
5036,703.6,0.366
5037,703.7,0.263
5038,703.8,0.186
5039,703.9,0.13
5040,704.0,0.089
5041,704.1,0.06
5042,704.2,0.041
5043,704.3,0.028
5044,704.4,0.02
5045,704.5,0.017
5046,704.6,0.017
5047,704.7,0.021
5048,704.8,0.03
5049,704.9,0.044
5050,705.0,0.066
5051,705.1,0.099
5052,705.2,0.146
5053,705.3,0.212
5054,705.4,0.302
5055,705.5,0.424
5056,705.6,0.585
5057,705.7,0.794
5058,705.8,1.06
5059,705.9,1.391
5060,706.0,1.795
5061,706.1,2.278
5062,706.2,2.842
5063,706.3,3.486
5064,706.4,4.204
5065,706.5,4.986
5066,706.6,5.814
5067,706.7,6.667
5068,706.8,7.515
5069,706.9,8.33
5070,707.0,9.079
5071,707.1,9.73
5072,707.2,10.253
5073,707.3,10.622
5074,707.4,10.824
5075,707.5,10.839
5076,707.6,10.676
5077,707.7,10.339
5078,707.8,9.846
5079,707.9,9.218
5080,708.0,8.486
5081,708.1,7.682
5082,708.2,6.837
5083,708.3,5.984
5084,708.4,5.149
5085,708.5,4.356
5086,708.6,3.624
5087,708.7,2.965
5088,708.8,2.385
5089,708.9,1.885
5090,709.0,1.466
5091,709.1,1.121
5092,709.2,0.843
5093,709.3,0.623
5094,709.4,0.453
5095,709.5,0.324
5096,709.6,0.227
5097,709.7,0.157
5098,709.8,0.107
5099,709.9,0.071
5100,710.0,0.047
5101,710.1,0.03
5102,710.2,0.019
5103,710.3,0.012
5104,710.4,0.007
5105,710.5,0.004
5106,710.6,0.003
5107,710.7,0.002
5108,710.8,0.001
5109,710.9,0.0
5110,711.0,0.0
5111,711.1,0.0
5112,711.2,0.0
5113,711.3,0.0
5114,711.4,0.0
5115,711.5,0.0
5116,711.6,0.0
5117,711.7,0.0
5118,711.8,0.0
5119,711.9,0.0
5120,712.0,0.0
5121,712.1,0.0
5122,712.2,0.0
5123,712.3,0.0
5124,712.4,0.0
5125,712.5,0.0
5126,712.6,0.0
5127,712.7,0.0
5128,712.8,0.0
5129,712.9,0.0
5130,713.0,0.0
5131,713.1,0.0
5132,713.2,0.0
5133,713.3,0.0
5134,713.4,0.0
5135,713.5,0.0
5136,713.6,0.0
5137,713.7,0.0
5138,713.8,0.0
5139,713.9,0.0
5140,714.0,0.0
5141,714.1,0.0
5142,714.2,0.0
5143,714.3,0.0
5144,714.4,0.0
5145,714.5,0.0
5146,714.6,0.0
5147,714.7,0.0
5148,714.8,0.0
5149,714.9,0.0
5150,715.0,0.0
5151,715.1,0.0
5152,715.2,0.0
5153,715.3,0.0
5154,715.4,0.0
5155,715.5,0.0
5156,715.6,0.0
5157,715.7,0.0
5158,715.8,0.0
5159,715.9,0.0
5160,716.0,0.0
5161,716.1,0.001
5162,716.2,0.002
5163,716.3,0.004
5164,716.4,0.008
5165,716.5,0.017
5166,716.6,0.035
5167,716.7,0.073
5168,716.8,0.149
5169,716.9,0.3
5170,717.0,0.592
5171,717.1,1.151
5172,717.2,2.201
5173,717.3,4.142
5174,717.4,7.669
5175,717.5,13.968
5176,717.6,25.051
5177,717.7,44.174
5178,717.8,76.668
5179,717.9,130.907
5180,718.0,219.9
5181,718.1,363.539
5182,718.2,591.395
5183,718.3,946.49
5184,718.4,1490.574
5185,718.5,2309.181
5186,718.6,3521.342
5187,718.7,5283.412
5188,718.8,7800.35
5189,718.9,11334.176
5190,719.0,16200.0
5191,719.1,22787.906
5192,719.2,31547.192
5193,719.3,42979.667
5194,719.4,57611.01
5195,719.5,76018.034
5196,719.6,98703.239
5197,719.7,126172.896
5198,719.8,158685.14
5199,719.9,196502.68
5200,720.0,239400.0
5201,720.1,287240.204
5202,720.2,339249.099
5203,720.3,394360.854
5204,720.4,451398.533
5205,720.5,508715.002
5206,720.6,564568.645
5207,720.7,616920.913
5208,720.8,663945.676
5209,720.9,703834.494
5210,721.0,734900.0
5211,721.1,755839.821
5212,721.2,766021.325
5213,721.3,764932.886
5214,721.4,752692.732
5215,721.5,730053.55
5216,721.6,698018.956
5217,721.7,657984.578
5218,721.8,611624.264
5219,721.9,560668.758
5220,722.0,507100.0
5221,722.1,452730.542
5222,722.2,399040.411
5223,722.3,347569.094
5224,722.4,299629.82
5225,722.5,256083.767
5226,722.6,217715.428
5227,722.7,184997.237
5228,722.8,158366.049
5229,722.9,138009.917
5230,723.0,124000.0
5231,723.1,116271.102
5232,723.2,114834.858
5233,723.3,119590.105
5234,723.4,130324.157
5235,723.5,146904.029
5236,723.6,169043.546
5237,723.7,196234.978
5238,723.8,228150.762
5239,723.9,264112.534
5240,724.0,303200.0
5241,724.1,344609.876
5242,724.2,387108.666
5243,724.3,429592.218
5244,724.4,470877.314
5245,724.5,509418.762
5246,724.6,543975.766
5247,724.7,573376.352
5248,724.8,596537.939
5249,724.9,612594.265
5250,725.0,621000.0
5251,725.1,621306.202
5252,725.2,613487.304
5253,725.3,597872.865
5254,725.4,574976.893
5255,725.5,545671.892
5256,725.6,511072.262
5257,725.7,472160.21
5258,725.8,430459.383
5259,725.9,387075.806
5260,726.0,343200.0
5261,726.1,300211.308
5262,726.2,258932.841
5263,726.3,220113.05
5264,726.4,184568.348
5265,726.5,152493.72
5266,726.6,124205.203
5267,726.7,99613.803
5268,726.8,78819.159
5269,726.9,61405.166
5270,727.0,47130.0
5271,727.1,35634.99
5272,727.2,26537.109
5273,727.3,19469.387
5274,727.4,14066.914
5275,727.5,10007.393
5276,727.6,7008.536
5277,727.7,4834.504
5278,727.8,3282.999
5279,727.9,2194.742
5280,728.0,1445.0
5281,728.1,935.896
5282,728.2,597.311
5283,728.3,375.048
5284,728.4,231.854
5285,728.5,141.037
5286,728.6,84.46
5287,728.7,49.789
5288,728.8,28.885
5289,728.9,16.496
5290,729.0,9.27
5291,729.1,5.127
5292,729.2,2.791
5293,729.3,1.496
5294,729.4,0.788
5295,729.5,0.409
5296,729.6,0.209
5297,729.7,0.106
5298,729.8,0.054
5299,729.9,0.029
5300,730.0,0.02
5301,730.1,0.022
5302,730.2,0.035
5303,730.3,0.067
5304,730.4,0.129
5305,730.5,0.25
5306,730.6,0.476
5307,730.7,0.892
5308,730.8,1.648
5309,730.9,2.997
5310,731.0,5.366
5311,731.1,9.456
5312,731.2,16.407
5313,731.3,28.033
5314,731.4,47.139
5315,731.5,78.042
5316,731.6,127.209
5317,731.7,204.092
5318,731.8,322.451
5319,731.9,501.51
5320,732.0,767.9
5321,732.1,1157.841
5322,732.2,1717.952
5323,732.3,2509.285
5324,732.4,3610.143
5325,732.5,5112.999
5326,732.6,7129.204
5327,732.7,9788.223
5328,732.8,13231.887
5329,732.9,17607.072
5330,733.0,23080.0
5331,733.1,29787.939
5332,733.2,37865.682
5333,733.3,47403.621
5334,733.4,58452.395
5335,733.5,71005.789
5336,733.6,84983.709
5337,733.7,100219.779
5338,733.8,116509.039
5339,733.9,133550.671
5340,734.0,151000.0
5341,734.1,168448.623
5342,734.2,185496.537
5343,734.3,201734.405
5344,734.4,216941.652
5345,734.5,230725.71
5346,734.6,242943.184
5347,734.7,253591.358
5348,734.8,262682.009
5349,734.9,270340.016
5350,735.0,276700.0
5351,735.1,282084.048
5352,735.2,286626.229
5353,735.3,290629.653
5354,735.4,294178.97
5355,735.5,297277.97
5356,735.6,300005.205
5357,735.7,302185.64
5358,735.8,303678.862
5359,735.9,304165.36
5360,736.0,303300.0
5361,736.1,300777.055
5362,736.2,296437.013
5363,736.3,289963.516
5364,736.4,281281.749
5365,736.5,270377.212
5366,736.6,257272.455
5367,736.7,242226.762
5368,736.8,225656.088
5369,736.9,207691.174
5370,737.0,189000.0
5371,737.1,169758.788
5372,737.2,150667.943
5373,737.3,132028.573
5374,737.4,114096.187
5375,737.5,97373.058
5376,737.6,81994.688
5377,737.7,68101.917
5378,737.8,55795.09
5379,737.9,45083.531
5380,738.0,35920.0
5381,738.1,28224.201
5382,738.2,21862.19
5383,738.3,16695.967
5384,738.4,12568.211
5385,738.5,9319.824
5386,738.6,6816.198
5387,738.7,4910.99
5388,738.8,3486.815
5389,738.9,2439.254
5390,739.0,1682.0
5391,739.1,1141.633
5392,739.2,764.004
5393,739.3,503.553
5394,739.4,326.876
5395,739.5,209.093
5396,739.6,131.728
5397,739.7,81.767
5398,739.8,50.031
5399,739.9,30.215
5400,740.0,18.08
5401,740.1,10.847
5402,740.2,6.731
5403,740.3,4.672
5404,740.4,4.11
5405,740.5,4.883
5406,740.6,7.197
5407,740.7,11.661
5408,740.8,19.41
5409,740.9,32.307
5410,741.0,53.28
5411,741.1,86.74
5412,741.2,139.228
5413,741.3,220.162
5414,741.4,343.033
5415,741.5,526.52
5416,741.6,795.937
5417,741.7,1185.466
5418,741.8,1738.12
5419,741.9,2510.523
5420,742.0,3570.0
5421,742.1,5001.44
5422,742.2,6900.681
5423,742.3,9377.504
5424,742.4,12547.126
5425,742.5,16540.014
5426,742.6,21470.322
5427,742.7,27447.278
5428,742.8,34554.265
5429,742.9,42848.026
5430,743.0,52320.0
5431,743.1,62927.64
5432,743.2,74539.82
5433,743.3,86953.67
5434,743.4,99907.138
5435,743.5,113071.828
5436,743.6,125980.227
5437,743.7,138282.453
5438,743.8,149423.548
5439,743.9,159096.982
5440,744.0,166800.0
5441,744.1,172194.016
5442,744.2,175137.972
5443,744.3,175419.454
5444,744.4,173001.164
5445,744.5,168028.82
5446,744.6,160804.823
5447,744.7,151487.489
5448,744.8,140600.891
5449,744.9,128526.108
5450,745.0,115700.0
5451,745.1,102558.425
5452,745.2,89511.053
5453,745.3,76968.44
5454,745.4,65175.298
5455,745.5,54355.582
5456,745.6,44649.083
5457,745.7,36119.598
5458,745.8,28772.399
5459,745.9,22579.1
5460,746.0,17450.0
5461,746.1,13278.129
5462,746.2,9953.277
5463,746.3,7345.563
5464,746.4,5340.59
5465,746.5,3823.911
5466,746.6,2696.511
5467,746.7,1872.156
5468,746.8,1280.995
5469,746.9,862.701
5470,747.0,572.4
5471,747.1,373.987
5472,747.2,240.646
5473,747.3,152.521
5474,747.4,95.164
5475,747.5,58.545
5476,747.6,35.458
5477,747.7,21.165
5478,747.8,12.46
5479,747.9,7.236
5480,748.0,4.159
5481,748.1,2.375
5482,748.2,1.36
5483,748.3,0.794
5484,748.4,0.486
5485,748.5,0.323
5486,748.6,0.241
5487,748.7,0.204
5488,748.8,0.191
5489,748.9,0.19
5490,749.0,0.197
5491,749.1,0.207
5492,749.2,0.22
5493,749.3,0.235
5494,749.4,0.252
5495,749.5,0.269
5496,749.6,0.289
5497,749.7,0.309
5498,749.8,0.331
5499,749.9,0.354
5500,750.0,0.377
5501,750.1,0.4
5502,750.2,0.422
5503,750.3,0.443
5504,750.4,0.463
5505,750.5,0.479
5506,750.6,0.492
5507,750.7,0.501
5508,750.8,0.505
5509,750.9,0.504
5510,751.0,0.498
5511,751.1,0.486
5512,751.2,0.47
5513,751.3,0.449
5514,751.4,0.425
5515,751.5,0.397
5516,751.6,0.368
5517,751.7,0.336
5518,751.8,0.305
5519,751.9,0.273
5520,752.0,0.243
5521,752.1,0.213
5522,752.2,0.187
5523,752.3,0.162
5524,752.4,0.141
5525,752.5,0.122
5526,752.6,0.107
5527,752.7,0.096
5528,752.8,0.088
5529,752.9,0.083
5530,753.0,0.082
5531,753.1,0.085
5532,753.2,0.091
5533,753.3,0.1
5534,753.4,0.113
5535,753.5,0.128
5536,753.6,0.146
5537,753.7,0.166
5538,753.8,0.186
5539,753.9,0.208
5540,754.0,0.229
5541,754.1,0.249
5542,754.2,0.267
5543,754.3,0.282
5544,754.4,0.295
5545,754.5,0.303
5546,754.6,0.307
5547,754.7,0.306
5548,754.8,0.301
5549,754.9,0.292
5550,755.0,0.279
5551,755.1,0.262
5552,755.2,0.243
5553,755.3,0.222
5554,755.4,0.2
5555,755.5,0.177
5556,755.6,0.155
5557,755.7,0.133
5558,755.8,0.113
5559,755.9,0.094
5560,756.0,0.078
5561,756.1,0.063
5562,756.2,0.05
5563,756.3,0.04
5564,756.4,0.031
5565,756.5,0.024
5566,756.6,0.018
5567,756.7,0.013
5568,756.8,0.01
5569,756.9,0.007
5570,757.0,0.005
5571,757.1,0.003
5572,757.2,0.002
5573,757.3,0.002
5574,757.4,0.001
5575,757.5,0.001
5576,757.6,0.0
5577,757.7,0.0
5578,757.8,0.0
5579,757.9,0.0
5580,758.0,0.0
5581,758.1,0.0
5582,758.2,0.0
5583,758.3,0.0
5584,758.4,0.0
5585,758.5,0.0
5586,758.6,0.0
5587,758.7,0.0
5588,758.8,0.0
5589,758.9,0.0
5590,759.0,0.0
5591,759.1,0.0
5592,759.2,0.0
5593,759.3,0.0
5594,759.4,0.0
5595,759.5,0.0
5596,759.6,0.0
5597,759.7,0.0
5598,759.8,0.0
5599,759.9,0.0
5600,760.0,0.0
5601,760.1,0.0
5602,760.2,0.0
5603,760.3,0.0
5604,760.4,0.0
5605,760.5,0.0
5606,760.6,0.0
5607,760.7,0.0
5608,760.8,0.0
5609,760.9,0.0
5610,761.0,0.0
5611,761.1,0.0
5612,761.2,0.0
5613,761.3,0.0
5614,761.4,0.0
5615,761.5,0.0
5616,761.6,0.0
5617,761.7,0.0
5618,761.8,0.0
5619,761.9,0.0
5620,762.0,0.0
5621,762.1,0.0
5622,762.2,0.0
5623,762.3,0.0
5624,762.4,0.0
5625,762.5,0.0
5626,762.6,0.0
5627,762.7,0.0
5628,762.8,0.0
5629,762.9,0.0
5630,763.0,0.0
5631,763.1,0.0
5632,763.2,0.0
5633,763.3,0.0
5634,763.4,0.0
5635,763.5,0.0
5636,763.6,0.0
5637,763.7,0.0
5638,763.8,0.0
5639,763.9,0.0
5640,764.0,0.0
5641,764.1,0.0
5642,764.2,0.0
5643,764.3,0.0
5644,764.4,0.0
5645,764.5,0.0
5646,764.6,0.0
5647,764.7,0.0
5648,764.8,0.0
5649,764.9,0.0
5650,765.0,0.0
5651,765.1,0.0
5652,765.2,0.0
5653,765.3,0.0
5654,765.4,0.0
5655,765.5,0.0
5656,765.6,0.0
5657,765.7,0.0
5658,765.8,0.0
5659,765.9,0.0
5660,766.0,0.0
5661,766.1,0.0
5662,766.2,0.0
5663,766.3,0.0
5664,766.4,0.0
5665,766.5,0.0
5666,766.6,0.0
5667,766.7,0.0
5668,766.8,0.0
5669,766.9,0.0
5670,767.0,0.0
5671,767.1,0.0
5672,767.2,0.0
5673,767.3,0.0
5674,767.4,0.0
5675,767.5,0.0
5676,767.6,0.0
5677,767.7,0.0
5678,767.8,0.0
5679,767.9,0.0
5680,768.0,0.0
5681,768.1,0.0
5682,768.2,0.0
5683,768.3,0.0
5684,768.4,0.0
5685,768.5,0.0
5686,768.6,0.0
5687,768.7,0.0
5688,768.8,0.0
5689,768.9,0.0
5690,769.0,0.0
5691,769.1,0.0
5692,769.2,0.0
5693,769.3,0.0
5694,769.4,0.0
5695,769.5,0.0
5696,769.6,0.0
5697,769.7,0.0
5698,769.8,0.0
5699,769.9,0.0
5700,770.0,0.0
5701,770.1,0.0
5702,770.2,0.0
5703,770.3,0.0
5704,770.4,0.0
5705,770.5,0.0
5706,770.6,0.0
5707,770.7,0.0
5708,770.8,0.0
5709,770.9,0.0
5710,771.0,0.0
5711,771.1,0.0
5712,771.2,0.0
5713,771.3,0.0
5714,771.4,0.0
5715,771.5,0.0
5716,771.6,0.0
5717,771.7,0.0
5718,771.8,0.0
5719,771.9,0.0
5720,772.0,0.0
5721,772.1,0.0
5722,772.2,0.0
5723,772.3,0.0
5724,772.4,0.0
5725,772.5,0.0
5726,772.6,0.0
5727,772.7,0.0
5728,772.8,0.0
5729,772.9,0.0
5730,773.0,0.0
5731,773.1,0.0
5732,773.2,0.0
5733,773.3,0.0
5734,773.4,0.0
5735,773.5,0.0
5736,773.6,0.0
5737,773.7,0.0
5738,773.8,0.0
5739,773.9,0.0
5740,774.0,0.0
5741,774.1,0.0
5742,774.2,0.0
5743,774.3,0.0
5744,774.4,0.0
5745,774.5,0.0
5746,774.6,0.0
5747,774.7,0.0
5748,774.8,0.0
5749,774.9,0.0
5750,775.0,0.0
5751,775.1,0.0
5752,775.2,0.0
5753,775.3,0.0
5754,775.4,0.0
5755,775.5,0.0
5756,775.6,0.0
5757,775.7,0.0
5758,775.8,0.0
5759,775.9,0.0
5760,776.0,0.0
5761,776.1,0.0
5762,776.2,0.0
5763,776.3,0.0
5764,776.4,0.0
5765,776.5,0.0
5766,776.6,0.0
5767,776.7,0.0
5768,776.8,0.0
5769,776.9,0.0
5770,777.0,0.0
5771,777.1,0.0
5772,777.2,0.0
5773,777.3,0.0
5774,777.4,0.0
5775,777.5,0.0
5776,777.6,0.0
5777,777.7,0.0
5778,777.8,0.0
5779,777.9,0.0
5780,778.0,0.0
5781,778.1,0.0
5782,778.2,0.0
5783,778.3,0.0
5784,778.4,0.0
5785,778.5,0.0
5786,778.6,0.0
5787,778.7,0.0
5788,778.8,0.0
5789,778.9,0.0
5790,779.0,0.0
5791,779.1,0.0
5792,779.2,0.0
5793,779.3,0.0
5794,779.4,0.0
5795,779.5,0.0
5796,779.6,0.0
5797,779.7,0.0
5798,779.8,0.0
5799,779.9,0.0
5800,780.0,0.0
5801,780.1,0.0
5802,780.2,0.0
5803,780.3,0.0
5804,780.4,0.0
5805,780.5,0.0
5806,780.6,0.0
5807,780.7,0.0
5808,780.8,0.0
5809,780.9,0.0
5810,781.0,0.0
5811,781.1,0.0
5812,781.2,0.0
5813,781.3,0.0
5814,781.4,0.0
5815,781.5,0.0
5816,781.6,0.0
5817,781.7,0.0
5818,781.8,0.0
5819,781.9,0.0
5820,782.0,0.0
5821,782.1,0.0
5822,782.2,0.0
5823,782.3,0.0
5824,782.4,0.0
5825,782.5,0.0
5826,782.6,0.0
5827,782.7,0.0
5828,782.8,0.0
5829,782.9,0.0
5830,783.0,0.0
5831,783.1,0.0
5832,783.2,0.0
5833,783.3,0.0
5834,783.4,0.0
5835,783.5,0.0
5836,783.6,0.0
5837,783.7,0.0
5838,783.8,0.0
5839,783.9,0.0
5840,784.0,0.0
5841,784.1,0.0
5842,784.2,0.0
5843,784.3,0.0
5844,784.4,0.0
5845,784.5,0.0
5846,784.6,0.0
5847,784.7,0.0
5848,784.8,0.0
5849,784.9,0.0
5850,785.0,0.0
5851,785.1,0.0
5852,785.2,0.0
5853,785.3,0.0
5854,785.4,0.0
5855,785.5,0.0
5856,785.6,0.0
5857,785.7,0.0
5858,785.8,0.0
5859,785.9,0.0
5860,786.0,0.0
5861,786.1,0.0
5862,786.2,0.0
5863,786.3,0.0
5864,786.4,0.0
5865,786.5,0.0
5866,786.6,0.0
5867,786.7,0.0
5868,786.8,0.0
5869,786.9,0.0
5870,787.0,0.0
5871,787.1,0.0
5872,787.2,0.0
5873,787.3,0.0
5874,787.4,0.0
5875,787.5,0.0
5876,787.6,0.0
5877,787.7,0.0
5878,787.8,0.0
5879,787.9,0.0
5880,788.0,0.0
5881,788.1,0.0
5882,788.2,0.0
5883,788.3,0.0
5884,788.4,0.0
5885,788.5,0.0
5886,788.6,0.0
5887,788.7,0.0
5888,788.8,0.0
5889,788.9,0.0
5890,789.0,0.0
5891,789.1,0.0
5892,789.2,0.0
5893,789.3,0.0
5894,789.4,0.0
5895,789.5,0.0
5896,789.6,0.0
5897,789.7,0.0
5898,789.8,0.0
5899,789.9,0.0
5900,790.0,0.0
5901,790.1,0.0
5902,790.2,0.0
5903,790.3,0.0
5904,790.4,0.0
5905,790.5,0.0
5906,790.6,0.0
5907,790.7,0.0
5908,790.8,0.0
5909,790.9,0.0
5910,791.0,0.0
5911,791.1,0.0
5912,791.2,0.0
5913,791.3,0.0
5914,791.4,0.0
5915,791.5,0.0
5916,791.6,0.0
5917,791.7,0.0
5918,791.8,0.0
5919,791.9,0.0
5920,792.0,0.0
5921,792.1,0.0
5922,792.2,0.0
5923,792.3,0.0
5924,792.4,0.0
5925,792.5,0.0
5926,792.6,0.0
5927,792.7,0.0
5928,792.8,0.0
5929,792.9,0.0
5930,793.0,0.0
5931,793.1,0.0
5932,793.2,0.0
5933,793.3,0.0
5934,793.4,0.0
5935,793.5,0.0
5936,793.6,0.0
5937,793.7,0.0
5938,793.8,0.0
5939,793.9,0.0
5940,794.0,0.0
5941,794.1,0.0
5942,794.2,0.0
5943,794.3,0.0
5944,794.4,0.0
5945,794.5,0.0
5946,794.6,0.0
5947,794.7,0.0
5948,794.8,0.0
5949,794.9,0.0
5950,795.0,0.0
5951,795.1,0.0
5952,795.2,0.0
5953,795.3,0.0
5954,795.4,0.0
5955,795.5,0.0
5956,795.6,0.0
5957,795.7,0.0
5958,795.8,0.0
5959,795.9,0.0
5960,796.0,0.0
5961,796.1,0.0
5962,796.2,0.0
5963,796.3,0.0
5964,796.4,0.0
5965,796.5,0.0
5966,796.6,0.0
5967,796.7,0.0
5968,796.8,0.0
5969,796.9,0.0
5970,797.0,0.0
5971,797.1,0.0
5972,797.2,0.0
5973,797.3,0.0
5974,797.4,0.0
5975,797.5,0.0
5976,797.6,0.0
5977,797.7,0.0
5978,797.8,0.0
5979,797.9,0.0
5980,798.0,0.0
5981,798.1,0.0
5982,798.2,0.0
5983,798.3,0.0
5984,798.4,0.0
5985,798.5,0.0
5986,798.6,0.0
5987,798.7,0.0
5988,798.8,0.0
5989,798.9,0.0
5990,799.0,0.0
5991,799.1,0.0
5992,799.2,0.0
5993,799.3,0.0
5994,799.4,0.0
5995,799.5,0.0
5996,799.6,0.0
5997,799.7,0.0
5998,799.8,0.0
5999,799.9,0.0
6000,800.0,0.0
6001,800.1,0.0
6002,800.2,0.0
6003,800.3,0.0
6004,800.4,0.0
6005,800.5,0.0
6006,800.6,0.0
6007,800.7,0.0
6008,800.8,0.0
6009,800.9,0.0
6010,801.0,0.0
6011,801.1,0.0
6012,801.2,0.0
6013,801.3,0.0
6014,801.4,0.0
6015,801.5,0.0
6016,801.6,0.0
6017,801.7,0.0
6018,801.8,0.0
6019,801.9,0.0
6020,802.0,0.0
6021,802.1,0.0
6022,802.2,0.0
6023,802.3,0.0
6024,802.4,0.0
6025,802.5,0.0
6026,802.6,0.0
6027,802.7,0.0
6028,802.8,0.0
6029,802.9,0.0
6030,803.0,0.0
6031,803.1,0.0
6032,803.2,0.0
6033,803.3,0.0
6034,803.4,0.0
6035,803.5,0.0
6036,803.6,0.0
6037,803.7,0.0
6038,803.8,0.0
6039,803.9,0.0
6040,804.0,0.0
6041,804.1,0.0
6042,804.2,0.0
6043,804.3,0.0
6044,804.4,0.0
6045,804.5,0.0
6046,804.6,0.0
6047,804.7,0.0
6048,804.8,0.0
6049,804.9,0.0
6050,805.0,0.0
6051,805.1,0.0
6052,805.2,0.0
6053,805.3,0.0
6054,805.4,0.0
6055,805.5,0.0
6056,805.6,0.0
6057,805.7,0.0
6058,805.8,0.0
6059,805.9,0.0
6060,806.0,0.0
6061,806.1,0.0
6062,806.2,0.0
6063,806.3,0.0
6064,806.4,0.0
6065,806.5,0.0
6066,806.6,0.0
6067,806.7,0.0
6068,806.8,0.0
6069,806.9,0.0
6070,807.0,0.0
6071,807.1,0.0
6072,807.2,0.0
6073,807.3,0.0
6074,807.4,0.0
6075,807.5,0.0
6076,807.6,0.0
6077,807.7,0.0
6078,807.8,0.0
6079,807.9,0.0
6080,808.0,0.0
6081,808.1,0.0
6082,808.2,0.0
6083,808.3,0.0
6084,808.4,0.0
6085,808.5,0.0
6086,808.6,0.0
6087,808.7,0.0
6088,808.8,0.0
6089,808.9,0.0
6090,809.0,0.0
6091,809.1,0.0
6092,809.2,0.0
6093,809.3,0.0
6094,809.4,0.0
6095,809.5,0.0
6096,809.6,0.0
6097,809.7,0.0
6098,809.8,0.0
6099,809.9,0.0
6100,810.0,0.0
6101,810.1,0.0
6102,810.2,0.0
6103,810.3,0.0
6104,810.4,0.0
6105,810.5,0.0
6106,810.6,0.0
6107,810.7,0.0
6108,810.8,0.0
6109,810.9,0.0
6110,811.0,0.0
6111,811.1,0.0
6112,811.2,0.0
6113,811.3,0.0
6114,811.4,0.0
6115,811.5,0.0
6116,811.6,0.0
6117,811.7,0.0
6118,811.8,0.0
6119,811.9,0.0
6120,812.0,0.0
6121,812.1,0.0
6122,812.2,0.0
6123,812.3,0.0
6124,812.4,0.0
6125,812.5,0.0
6126,812.6,0.0
6127,812.7,0.0
6128,812.8,0.0
6129,812.9,0.0
6130,813.0,0.0
6131,813.1,0.0
6132,813.2,0.0
6133,813.3,0.0
6134,813.4,0.0
6135,813.5,0.0
6136,813.6,0.0
6137,813.7,0.0
6138,813.8,0.0
6139,813.9,0.0
6140,814.0,0.0
6141,814.1,0.0
6142,814.2,0.001
6143,814.3,0.001
6144,814.4,0.003
6145,814.5,0.006
6146,814.6,0.013
6147,814.7,0.026
6148,814.8,0.054
6149,814.9,0.108
6150,815.0,0.213
6151,815.1,0.417
6152,815.2,0.807
6153,815.3,1.539
6154,815.4,2.903
6155,815.5,5.404
6156,815.6,9.93
6157,815.7,18.035
6158,815.8,32.334
6159,815.9,57.246
6160,816.0,100.1
6161,816.1,172.814
6162,816.2,294.668
6163,816.3,496.115
6164,816.4,824.761
6165,816.5,1354.188
6166,816.6,2196.68
6167,816.7,3516.722
6168,816.8,5560.997
6169,816.9,8685.028
6170,817.0,13390.0
6171,817.1,20396.409
6172,817.2,30670.919
6173,817.3,45544.969
6174,817.4,66802.505
6175,817.5,96745.201
6176,817.6,138358.148
6177,817.7,195425.119
6178,817.8,272574.795
6179,817.9,375391.366
6180,818.0,510600.0
6181,818.1,685839.047
6182,818.2,909694.973
6183,818.3,1191291.332
6184,818.4,1540970.008
6185,818.5,1969058.858
6186,818.6,2483887.4
6187,818.7,3093486.043
6188,818.8,3805527.289
6189,818.9,4623533.28
6190,819.0,5547000.0
6191,819.1,6570770.732
6192,819.2,7688160.9
6193,819.3,8882126.061
6194,819.4,10132663.751
6195,819.5,11413897.514
6196,819.6,12705267.445
6197,819.7,13953130.251
6198,819.8,15146250.759
6199,819.9,16228174.181
6200,820.0,17170000.0
6201,820.1,17938649.559
6202,820.2,18509516.546
6203,820.3,18867153.132
6204,820.4,18984187.146
6205,820.5,18862937.131
6206,820.6,18516204.863
6207,820.7,17942836.37
6208,820.8,17170147.876
6209,820.9,16227606.421
6210,821.0,15140000.0
6211,821.1,13957794.748
6212,821.2,12705239.638
6213,821.3,11418951.11
6214,821.4,10136083.321
6215,821.5,8892198.011
6216,821.6,7703424.139
6217,821.7,6596341.893
6218,821.8,5584162.257
6219,821.9,4680180.705
6220,822.0,3890000.0
6221,822.1,3216711.673
6222,822.2,2660756.725
6223,822.3,2222510.481
6224,822.4,1898338.267
6225,822.5,1688930.701
6226,822.6,1593265.356
6227,822.7,1614474.84
6228,822.8,1756954.024
6229,822.9,2027845.839
6230,823.0,2435000.0
6231,823.1,2991825.549
6232,823.2,3710799.288
6233,823.3,4603589.255
6234,823.4,5684505.184
6235,823.5,6960718.894
6236,823.6,8439814.585
6237,823.7,10122521.171
6238,823.8,12003448.333
6239,823.9,14058371.204
6240,824.0,16279999.999
6241,824.1,18615654.869
6242,824.2,21037306.92
6243,824.3,23476833.969
6244,824.4,25886013.277
6245,824.5,28203221.128
6246,824.6,30355813.736
6247,824.7,32280873.573
6248,824.8,33913807.582
6249,824.9,35198142.716
6250,825.0,36090000.0
6251,825.1,36572265.527
6252,825.2,36615071.53
6253,825.3,36212827.429
6254,825.4,35404871.226
6255,825.5,34187008.92
6256,825.6,32628220.328
6257,825.7,30772558.343
6258,825.8,28682995.019
6259,825.9,26418352.984
6260,826.0,24050000.001
6261,826.1,21635961.701
6262,826.2,19237482.428
6263,826.3,16907716.739
6264,826.4,14685856.563
6265,826.5,12610868.563
6266,826.6,10709948.832
6267,826.7,8981913.488
6268,826.8,7450911.761
6269,826.9,6110605.55
6270,827.0,4954000.0
6271,827.1,3970638.234
6272,827.2,3147303.27
6273,827.3,2466909.008
6274,827.4,1911083.585
6275,827.5,1464152.692
6276,827.6,1109250.071
6277,827.7,831452.896
6278,827.8,616103.173
6279,827.9,451466.979
6280,828.0,327200.0
6281,828.1,234517.9
6282,828.2,166219.273
6283,828.3,116535.165
6284,828.4,80790.965
6285,828.5,55403.562
6286,828.6,37575.052
6287,828.7,25200.02
6288,828.8,16717.31
6289,828.9,10969.666
6290,829.0,7117.0
6291,829.1,4566.827
6292,829.2,2897.931
6293,829.3,1818.815
6294,829.4,1128.778
6295,829.5,692.405
6296,829.6,420.149
6297,829.7,252.157
6298,829.8,149.593
6299,829.9,87.734
6300,830.0,50.89
6301,830.1,29.177
6302,830.2,16.539
6303,830.3,9.268
6304,830.4,5.134
6305,830.5,2.811
6306,830.6,1.521
6307,830.7,0.814
6308,830.8,0.431
6309,830.9,0.225
6310,831.0,0.117
6311,831.1,0.06
6312,831.2,0.031
6313,831.3,0.017
6314,831.4,0.012
6315,831.5,0.011
6316,831.6,0.015
6317,831.7,0.024
6318,831.8,0.041
6319,831.9,0.07
6320,832.0,0.121
6321,832.1,0.208
6322,832.2,0.353
6323,832.3,0.596
6324,832.4,0.996
6325,832.5,1.647
6326,832.6,2.694
6327,832.7,4.355
6328,832.8,6.962
6329,832.9,11.003
6330,833.0,17.18
6331,833.1,26.524
6332,833.2,40.462
6333,833.3,60.986
6334,833.4,90.845
6335,833.5,133.669
6336,833.6,194.455
6337,833.7,279.509
6338,833.8,396.861
6339,833.9,556.904
6340,834.0,772.2
6341,834.1,1058.093
6342,834.2,1433.041
6343,834.3,1917.582
6344,834.4,2536.698
6345,834.5,3315.906
6346,834.6,4283.998
6347,834.7,5472.6
6348,834.8,6910.393
6349,834.9,8629.643
6350,835.0,10650.0
6351,835.1,13009.84
6352,835.2,15717.54
6353,835.3,18791.872
6354,835.4,22238.579
6355,835.5,26044.987
6356,835.6,30222.249
6357,835.7,34736.436
6358,835.8,39592.505
6359,835.9,44754.57
6360,836.0,50200.0
6361,836.1,55924.899
6362,836.2,61898.751
6363,836.3,68123.359
6364,836.4,74606.649
6365,836.5,81353.062
6366,836.6,88373.274
6367,836.7,95687.286
6368,836.8,103306.04
6369,836.9,111182.998
6370,837.0,119400.0
6371,837.1,127907.491
6372,837.2,136565.078
6373,837.3,145326.961
6374,837.4,154038.02
6375,837.5,162568.903
6376,837.6,170822.345
6377,837.7,178320.985
6378,837.8,185135.372
6379,837.9,190732.096
6380,838.0,195100.0
6381,838.1,198060.609
6382,838.2,199282.836
6383,838.3,198746.209
6384,838.4,196512.893
6385,838.5,192437.178
6386,838.6,186644.565
6387,838.7,179302.233
6388,838.8,170715.535
6389,838.9,160963.768
6390,839.0,150500.0
6391,839.1,139493.425
6392,839.2,128502.603
6393,839.3,117564.734
6394,839.4,107306.144
6395,839.5,97812.17
6396,839.6,89405.407
6397,839.7,82336.59
6398,839.8,76733.36
6399,839.9,72739.066
6400,840.0,70420.0
6401,840.1,69789.928
6402,840.2,70844.658
6403,840.3,73516.512
6404,840.4,77731.042
6405,840.5,83365.198
6406,840.6,90306.497
6407,840.7,98437.144
6408,840.8,107651.095
6409,840.9,117842.292
6410,841.0,128900.0
6411,841.1,140869.957
6412,841.2,153750.857
6413,841.3,167644.855
6414,841.4,182680.189
6415,841.5,198867.056
6416,841.6,216662.102
6417,841.7,236024.616
6418,841.8,257431.385
6419,841.9,280930.716
6420,842.0,306700.0
6421,842.1,334945.481
6422,842.2,365700.234
6423,842.3,398772.56
6424,842.4,434002.588
6425,842.5,470948.601
6426,842.6,509152.66
6427,842.7,547977.872
6428,842.8,586515.282
6429,842.9,624041.161
6430,843.0,659300.0
6431,843.1,691532.964
6432,843.2,719538.747
6433,843.3,742434.61
6434,843.4,759258.3
6435,843.5,769376.062
6436,843.6,772300.219
6437,843.7,767696.201
6438,843.8,755604.233
6439,843.9,736148.218
6440,844.0,709800.0
6441,844.1,677236.582
6442,844.2,639292.264
6443,844.3,597023.68
6444,844.4,551510.147
6445,844.5,503984.38
6446,844.6,455424.99
6447,844.7,406990.792
6448,844.8,359676.451
6449,844.9,314288.989
6450,845.0,271500.0
6451,845.1,231944.495
6452,845.2,195794.204
6453,845.3,163517.028
6454,845.4,134978.059
6455,845.5,110115.973
6456,845.6,88798.137
6457,845.7,70780.696
6458,845.8,55772.253
6459,845.9,43435.464
6460,846.0,33440.0
6461,846.1,25445.856
6462,846.2,19137.733
6463,846.3,14225.2
6464,846.4,10444.816
6465,846.5,7585.945
6466,846.6,5443.685
6467,846.7,3859.903
6468,846.8,2705.784
6469,846.9,1874.079
6470,847.0,1283.0
6471,847.1,867.967
6472,847.2,580.318
6473,847.3,383.4
6474,847.4,250.366
6475,847.5,161.602
6476,847.6,103.063
6477,847.7,64.956
6478,847.8,40.467
6479,847.9,24.921
6480,848.0,15.19
6481,848.1,9.198
6482,848.2,5.605
6483,848.3,3.577
6484,848.4,2.654
6485,848.5,2.68
6486,848.6,3.81
6487,848.7,6.612
6488,848.8,12.313
6489,848.9,23.258
6490,849.0,43.78
6491,849.1,81.622
6492,849.2,150.471
6493,849.3,274.386
6494,849.4,494.514
6495,849.5,881.284
6496,849.6,1552.45
6497,849.7,2701.338
6498,849.8,4649.547
6499,849.9,7909.381
6500,850.0,13300.0
6501,850.1,22108.082
6502,850.2,36320.87
6503,850.3,58987.83
6504,850.4,94689.462
6505,850.5,150279.738
6506,850.6,235749.645
6507,850.7,365501.663
6508,850.8,560275.808
6509,850.9,848981.628
6510,851.0,1271000.0
6511,851.1,1882350.153
6512,851.2,2754410.733
6513,851.3,3984733.412
6514,851.4,5698430.416
6515,851.5,8054361.738
6516,851.6,11257369.309
6517,851.7,15545374.552
6518,851.8,21219678.063
6519,851.9,28642116.848
6520,852.0,38209999.996
6521,852.1,50376768.045
6522,852.2,65667238.535
6523,852.3,84610166.643
6524,852.4,107789140.912
6525,852.5,135670819.395
6526,852.6,168889036.293
6527,852.7,207748622.776
6528,852.8,252624609.44
6529,852.9,303667878.803
6530,853.0,360799999.978
6531,853.1,423833290.443
6532,853.2,492009888.055
6533,853.3,564735180.18
6534,853.4,640586447.557
6535,853.5,718449216.515
6536,853.6,796358677.844
6537,853.7,872588799.778
6538,853.8,945210909.329
6539,853.9,1011573387.751
6540,854.0,1070999999.98
6541,854.1,1120061490.051
6542,854.2,1158902133.868
6543,854.3,1184226966.46
6544,854.4,1196571265.831
6545,854.5,1195621230.798
6546,854.6,1180630368.695
6547,854.7,1151587992.238
6548,854.8,1111715130.531
6549,854.9,1059548841.706
6550,855.0,999100000.024
6551,855.1,930970379.967
6552,855.2,857567297.979
6553,855.3,780779898.217
6554,855.4,702790542.921
6555,855.5,625217242.631
6556,855.6,549876047.376
6557,855.7,478003083.378
6558,855.8,410759342.067
6559,855.9,348867216.784
6560,856.0,293000000.02
6561,856.1,243140437.149
6562,856.2,199541700.511
6563,856.3,161757365.549
6564,856.4,129726410.515
6565,856.5,102799351.523
6566,856.6,80501021.327
6567,856.7,62341572.337
6568,856.8,47711550.735
6569,856.9,36095859.811
6570,857.0,27000000.003
6571,857.1,19958009.407
6572,857.2,14590761.036
6573,857.3,10534009.174
6574,857.4,7523583.771
6575,857.5,5309272.232
6576,857.6,3705051.611
6577,857.7,2554810.014
6578,857.8,1741618.304
6579,857.9,1173656.701
6580,858.0,782000.0
6581,858.1,514883.163
6582,858.2,335154.923
6583,858.3,215633.788
6584,858.4,137176.547
6585,858.5,86242.367
6586,858.6,53575.671
6587,858.7,32917.566
6588,858.8,19985.358
6589,858.9,11999.676
6590,859.0,7119.0
6591,859.1,4175.493
6592,859.2,2420.71
6593,859.3,1386.942
6594,859.4,785.792
6595,859.5,439.994
6596,859.6,243.552
6597,859.7,133.239
6598,859.8,72.092
6599,859.9,38.559
6600,860.0,20.41
6601,860.1,10.726
6602,860.2,5.676
6603,860.3,3.17
6604,860.4,2.14
6605,860.5,2.132
6606,860.6,3.118
6607,860.7,5.492
6608,860.8,10.189
6609,860.9,19.024
6610,861.0,35.28
6611,861.1,64.768
6612,861.2,117.565
6613,861.3,211.103
6614,861.4,374.825
6615,861.5,657.989
6616,861.6,1142.378
6617,861.7,1961.138
6618,861.8,3327.547
6619,861.9,5585.029
6620,862.0,9268.0
6621,862.1,15211.174
6622,862.2,24675.574
6623,862.3,39588.693
6624,862.4,62801.723
6625,862.5,98523.49
6626,862.6,152801.909
6627,862.7,234401.582
6628,862.8,355459.419
6629,862.9,533064.444
6630,863.0,790400.0
6631,863.1,1158387.986
6632,863.2,1680028.704
6633,863.3,2408216.798
6634,863.4,3414356.613
6635,863.5,4786083.889
6636,863.6,6633172.549
6637,863.7,9090727.129
6638,863.8,12319543.563
6639,863.9,16508326.411
6640,864.0,21869999.998
6641,864.1,28653056.727
6642,864.2,37120945.367
6643,864.3,47547896.189
6644,864.4,60228490.924
6645,864.5,75437699.785
6646,864.6,93427009.847
6647,864.7,114441557.15
6648,864.8,138562358.644
6649,864.9,165848911.411
6650,865.0,196399999.988
6651,865.1,229927051.397
6652,865.2,266087438.604
6653,865.3,304545391.639
6654,865.4,344729322.326
6655,865.5,385789394.2
6656,865.6,426952636.836
6657,865.7,467158062.082
6658,865.8,505529202.524
6659,865.9,540791321.066
6660,866.0,572099999.989
6661,866.1,598436318.876
6662,866.2,618985497.361
6663,866.3,633060894.98
6664,866.4,640255926.323
6665,866.5,640277668.779
6666,866.6,633096565.762
6667,866.7,618998066.406
6668,866.8,598492244.552
6669,866.9,572191700.98
6670,867.0,540800000.013
6671,867.1,505569210.96
6672,867.2,467222861.631
6673,867.3,426980764.713
6674,867.4,385951377.321
6675,867.5,344822763.676
6676,867.6,304644508.983
6677,867.7,266247894.669
6678,867.8,230007782.509
6679,867.9,196460498.946
6680,868.0,166000000.011
6681,868.1,138684135.018
6682,868.2,114523502.983
6683,868.3,93530873.746
6684,868.4,75542290.283
6685,868.5,60337826.186
6686,868.6,47658517.802
6687,868.7,37219331.563
6688,868.8,28747777.485
6689,868.9,21959210.062
6690,869.0,16590000.002
6691,869.1,12394163.219
6692,869.2,9163361.134
6693,869.3,6702399.448
6694,869.4,4849476.651
6695,869.5,3472907.936
6696,869.6,2461477.968
6697,869.7,1727964.343
6698,869.8,1201536.551
6699,869.9,828836.006
6700,870.0,567200.0
6701,870.1,385570.096
6702,870.2,260835.764
6703,870.3,175811.881
6704,870.4,118465.292
6705,870.5,79915.663
6706,870.6,54196.596
6707,870.7,37063.647
6708,870.8,25655.641
6709,870.9,18030.131
6710,871.0,12920.0
6711,871.1,9462.642
6712,871.2,7119.817
6713,871.3,5527.365
6714,871.4,4459.655
6715,871.5,3772.855
6716,871.6,3371.515
6717,871.7,3197.538
6718,871.8,3211.445
6719,871.9,3387.982
6720,872.0,3709.0
6721,872.1,4158.807
6722,872.2,4727.283
6723,872.3,5401.268
6724,872.4,6167.992
6725,872.5,7012.019
6726,872.6,7918.014
6727,872.7,8865.926
6728,872.8,9833.934
6729,872.9,10800.409
6730,873.0,11730.0
6731,873.1,12612.603
6732,873.2,13419.351
6733,873.3,14117.135
6734,873.4,14682.975
6735,873.5,15113.829
6736,873.6,15376.572
6737,873.7,15482.563
6738,873.8,15413.727
6739,873.9,15178.188
6740,874.0,14780.0
6741,874.1,14230.34
6742,874.2,13555.741
6743,874.3,12773.336
6744,874.4,11898.699
6745,874.5,10957.249
6746,874.6,9985.992
6747,874.7,9000.266
6748,874.8,8021.32
6749,874.9,7070.224
6750,875.0,6164.0
6751,875.1,5314.185
6752,875.2,4531.029
6753,875.3,3820.882
6754,875.4,3186.387
6755,875.5,2628.633
6756,875.6,2144.269
6757,875.7,1729.475
6758,875.8,1379.91
6759,875.9,1088.96
6760,876.0,849.8
6761,876.1,655.891
6762,876.2,500.649
6763,876.3,377.906
6764,876.4,282.149
6765,876.5,208.342
6766,876.6,152.164
6767,876.7,109.907
6768,876.8,78.481
6769,876.9,55.444
6770,877.0,38.73
6771,877.1,26.76
6772,877.2,18.287
6773,877.3,12.362
6774,877.4,8.259
6775,877.5,5.46
6776,877.6,3.569
6777,877.7,2.308
6778,877.8,1.475
6779,877.9,0.933
6780,878.0,0.584
6781,878.1,0.361
6782,878.2,0.221
6783,878.3,0.134
6784,878.4,0.08
6785,878.5,0.047
6786,878.6,0.028
6787,878.7,0.016
6788,878.8,0.009
6789,878.9,0.005
6790,879.0,0.003
6791,879.1,0.002
6792,879.2,0.001
6793,879.3,0.0
6794,879.4,0.0
6795,879.5,0.0
6796,879.6,0.0
6797,879.7,0.0
6798,879.8,0.0
6799,879.9,0.0
6800,880.0,0.0
6801,880.1,0.0
6802,880.2,0.0
6803,880.3,0.0
6804,880.4,0.0
6805,880.5,0.0
6806,880.6,0.0
6807,880.7,0.0
6808,880.8,0.0
6809,880.9,0.0
6810,881.0,0.0
6811,881.1,0.0
6812,881.2,0.0
6813,881.3,0.0
6814,881.4,0.0
6815,881.5,0.0
6816,881.6,0.0
6817,881.7,0.0
6818,881.8,0.0
6819,881.9,0.0
6820,882.0,0.0
6821,882.1,0.0
6822,882.2,0.0
6823,882.3,0.0
6824,882.4,0.0
6825,882.5,0.0
6826,882.6,0.0
6827,882.7,0.0
6828,882.8,0.0
6829,882.9,0.0
6830,883.0,0.0
6831,883.1,0.0
6832,883.2,0.0
6833,883.3,0.0
6834,883.4,0.0
6835,883.5,0.0
6836,883.6,0.0
6837,883.7,0.0
6838,883.8,0.0
6839,883.9,0.0
6840,884.0,0.0
6841,884.1,0.0
6842,884.2,0.0
6843,884.3,0.0
6844,884.4,0.0
6845,884.5,0.0
6846,884.6,0.0
6847,884.7,0.0
6848,884.8,0.0
6849,884.9,0.0
6850,885.0,0.0
6851,885.1,0.0
6852,885.2,0.0
6853,885.3,0.0
6854,885.4,0.0
6855,885.5,0.0
6856,885.6,0.0
6857,885.7,0.0
6858,885.8,0.0
6859,885.9,0.0
6860,886.0,0.0
6861,886.1,0.0
6862,886.2,0.0
6863,886.3,0.0
6864,886.4,0.0
6865,886.5,0.0
6866,886.6,0.0
6867,886.7,0.0
6868,886.8,0.0
6869,886.9,0.0
6870,887.0,0.0
6871,887.1,0.0
6872,887.2,0.0
6873,887.3,0.0
6874,887.4,0.0
6875,887.5,0.0
6876,887.6,0.0
6877,887.7,0.0
6878,887.8,0.0
6879,887.9,0.0
6880,888.0,0.0
6881,888.1,0.0
6882,888.2,0.0
6883,888.3,0.0
6884,888.4,0.0
6885,888.5,0.0
6886,888.6,0.0
6887,888.7,0.001
6888,888.8,0.001
6889,888.9,0.001
6890,889.0,0.001
6891,889.1,0.002
6892,889.2,0.003
6893,889.3,0.004
6894,889.4,0.005
6895,889.5,0.006
6896,889.6,0.008
6897,889.7,0.01
6898,889.8,0.013
6899,889.9,0.016
6900,890.0,0.02
6901,890.1,0.024
6902,890.2,0.029
6903,890.3,0.035
6904,890.4,0.041
6905,890.5,0.048
6906,890.6,0.056
6907,890.7,0.064
6908,890.8,0.073
6909,890.9,0.082
6910,891.0,0.091
6911,891.1,0.1
6912,891.2,0.109
6913,891.3,0.117
6914,891.4,0.125
6915,891.5,0.131
6916,891.6,0.137
6917,891.7,0.141
6918,891.8,0.144
6919,891.9,0.145
6920,892.0,0.145
6921,892.1,0.144
6922,892.2,0.14
6923,892.3,0.136
6924,892.4,0.13
6925,892.5,0.123
6926,892.6,0.115
6927,892.7,0.107
6928,892.8,0.098
6929,892.9,0.089
6930,893.0,0.08
6931,893.1,0.071
6932,893.2,0.063
6933,893.3,0.054
6934,893.4,0.047
6935,893.5,0.04
6936,893.6,0.034
6937,893.7,0.028
6938,893.8,0.023
6939,893.9,0.019
6940,894.0,0.015
6941,894.1,0.012
6942,894.2,0.01
6943,894.3,0.008
6944,894.4,0.006
6945,894.5,0.004
6946,894.6,0.003
6947,894.7,0.003
6948,894.8,0.002
6949,894.9,0.001
6950,895.0,0.001
6951,895.1,0.001
6952,895.2,0.001
6953,895.3,0.0
6954,895.4,0.0
6955,895.5,0.0
6956,895.6,0.0
6957,895.7,0.0
6958,895.8,0.0
6959,895.9,0.0
6960,896.0,0.0
6961,896.1,0.0
6962,896.2,0.0
6963,896.3,0.0
6964,896.4,0.0
6965,896.5,0.0
6966,896.6,0.0
6967,896.7,0.0
6968,896.8,0.0
6969,896.9,0.0
6970,897.0,0.0
6971,897.1,0.0
6972,897.2,0.0
6973,897.3,0.0
6974,897.4,0.0
6975,897.5,0.0
6976,897.6,0.0
6977,897.7,0.0
6978,897.8,0.0
6979,897.9,0.0
6980,898.0,0.0
6981,898.1,0.0
6982,898.2,0.0
6983,898.3,0.0
6984,898.4,0.0
6985,898.5,0.0
6986,898.6,0.0
6987,898.7,0.0
6988,898.8,0.0
6989,898.9,0.0
6990,899.0,0.0
6991,899.1,0.0
6992,899.2,0.0
6993,899.3,0.0
6994,899.4,0.0
6995,899.5,0.0
6996,899.6,0.0
6997,899.7,0.0
6998,899.8,0.0
6999,899.9,0.0
7000,900.0,0.0
7001,900.1,0.0
7002,900.2,0.0
7003,900.3,0.0
7004,900.4,0.0
7005,900.5,0.0
7006,900.6,0.0
7007,900.7,0.0
7008,900.8,0.0
7009,900.9,0.0
7010,901.0,0.0
7011,901.1,0.0
7012,901.2,0.0
7013,901.3,0.0
7014,901.4,0.0
7015,901.5,0.0
7016,901.6,0.0
7017,901.7,0.0
7018,901.8,0.0
7019,901.9,0.0
7020,902.0,0.0
7021,902.1,0.0
7022,902.2,0.0
7023,902.3,0.0
7024,902.4,0.0
7025,902.5,0.0
7026,902.6,0.0
7027,902.7,0.0
7028,902.8,0.0
7029,902.9,0.0
7030,903.0,0.0
7031,903.1,0.0
7032,903.2,0.0
7033,903.3,0.0
7034,903.4,0.0
7035,903.5,0.0
7036,903.6,0.0
7037,903.7,0.0
7038,903.8,0.0
7039,903.9,0.0
7040,904.0,0.0
7041,904.1,0.0
7042,904.2,0.0
7043,904.3,0.0
7044,904.4,0.0
7045,904.5,0.0
7046,904.6,0.0
7047,904.7,0.0
7048,904.8,0.0
7049,904.9,0.0
7050,905.0,0.0
7051,905.1,0.0
7052,905.2,0.0
7053,905.3,0.0
7054,905.4,0.0
7055,905.5,0.0
7056,905.6,0.0
7057,905.7,0.0
7058,905.8,0.0
7059,905.9,0.0
7060,906.0,0.0
7061,906.1,0.0
7062,906.2,0.0
7063,906.3,0.0
7064,906.4,0.0
7065,906.5,0.0
7066,906.6,0.0
7067,906.7,0.0
7068,906.8,0.0
7069,906.9,0.0
7070,907.0,0.0
7071,907.1,0.0
7072,907.2,0.0
7073,907.3,0.0
7074,907.4,0.0
7075,907.5,0.0
7076,907.6,0.0
7077,907.7,0.0
7078,907.8,0.0
7079,907.9,0.0
7080,908.0,0.0
7081,908.1,0.0
7082,908.2,0.0
7083,908.3,0.0
7084,908.4,0.0
7085,908.5,0.0
7086,908.6,0.0
7087,908.7,0.0
7088,908.8,0.0
7089,908.9,0.0
7090,909.0,0.0
7091,909.1,0.0
7092,909.2,0.0
7093,909.3,0.0
7094,909.4,0.0
7095,909.5,0.0
7096,909.6,0.0
7097,909.7,0.0
7098,909.8,0.0
7099,909.9,0.0
7100,910.0,0.0
7101,910.1,0.0
7102,910.2,0.0
7103,910.3,0.0
7104,910.4,0.0
7105,910.5,0.0
7106,910.6,0.0
7107,910.7,0.0
7108,910.8,0.0
7109,910.9,0.0
7110,911.0,0.0
7111,911.1,0.0
7112,911.2,0.0
7113,911.3,0.0
7114,911.4,0.0
7115,911.5,0.0
7116,911.6,0.0
7117,911.7,0.0
7118,911.8,0.0
7119,911.9,0.0
7120,912.0,0.0
7121,912.1,0.0
7122,912.2,0.0
7123,912.3,0.0
7124,912.4,0.0
7125,912.5,0.0
7126,912.6,0.0
7127,912.7,0.0
7128,912.8,0.0
7129,912.9,0.0
7130,913.0,0.0
7131,913.1,0.0
7132,913.2,0.0
7133,913.3,0.0
7134,913.4,0.0
7135,913.5,0.0
7136,913.6,0.0
7137,913.7,0.0
7138,913.8,0.0
7139,913.9,0.0
7140,914.0,0.0
7141,914.1,0.0
7142,914.2,0.0
7143,914.3,0.0
7144,914.4,0.0
7145,914.5,0.0
7146,914.6,0.0
7147,914.7,0.0
7148,914.8,0.0
7149,914.9,0.0
7150,915.0,0.0
7151,915.1,0.0
7152,915.2,0.0
7153,915.3,0.0
7154,915.4,0.0
7155,915.5,0.0
7156,915.6,0.0
7157,915.7,0.0
7158,915.8,0.0
7159,915.9,0.0
7160,916.0,0.0
7161,916.1,0.0
7162,916.2,0.0
7163,916.3,0.0
7164,916.4,0.0
7165,916.5,0.0
7166,916.6,0.0
7167,916.7,0.0
7168,916.8,0.0
7169,916.9,0.0
7170,917.0,0.0
7171,917.1,0.0
7172,917.2,0.0
7173,917.3,0.0
7174,917.4,0.0
7175,917.5,0.0
7176,917.6,0.0
7177,917.7,0.0
7178,917.8,0.0
7179,917.9,0.0
7180,918.0,0.0
7181,918.1,0.0
7182,918.2,0.0
7183,918.3,0.0
7184,918.4,0.0
7185,918.5,0.0
7186,918.6,0.0
7187,918.7,0.0
7188,918.8,0.0
7189,918.9,0.0
7190,919.0,0.0
7191,919.1,0.0
7192,919.2,0.0
7193,919.3,0.0
7194,919.4,0.0
7195,919.5,0.0
7196,919.6,0.0
7197,919.7,0.0
7198,919.8,0.0
7199,919.9,0.0
7200,920.0,0.0
7201,920.1,0.0
7202,920.2,0.0
7203,920.3,0.0
7204,920.4,0.0
7205,920.5,0.0
7206,920.6,0.0
7207,920.7,0.0
7208,920.8,0.0
7209,920.9,0.0
7210,921.0,0.0
7211,921.1,0.0
7212,921.2,0.0
7213,921.3,0.0
7214,921.4,0.0
7215,921.5,0.0
7216,921.6,0.0
7217,921.7,0.0
7218,921.8,0.0
7219,921.9,0.0
7220,922.0,0.0
7221,922.1,0.0
7222,922.2,0.0
7223,922.3,0.0
7224,922.4,0.0
7225,922.5,0.0
7226,922.6,0.0
7227,922.7,0.0
7228,922.8,0.0
7229,922.9,0.0
7230,923.0,0.0
7231,923.1,0.0
7232,923.2,0.0
7233,923.3,0.0
7234,923.4,0.0
7235,923.5,0.0
7236,923.6,0.0
7237,923.7,0.0
7238,923.8,0.0
7239,923.9,0.0
7240,924.0,0.0
7241,924.1,0.0
7242,924.2,0.0
7243,924.3,0.0
7244,924.4,0.0
7245,924.5,0.0
7246,924.6,0.0
7247,924.7,0.0
7248,924.8,0.0
7249,924.9,0.0
7250,925.0,0.0
7251,925.1,0.0
7252,925.2,0.0
7253,925.3,0.0
7254,925.4,0.0
7255,925.5,0.0
7256,925.6,0.0
7257,925.7,0.0
7258,925.8,0.0
7259,925.9,0.0
7260,926.0,0.0
7261,926.1,0.0
7262,926.2,0.0
7263,926.3,0.0
7264,926.4,0.0
7265,926.5,0.0
7266,926.6,0.0
7267,926.7,0.0
7268,926.8,0.0
7269,926.9,0.0
7270,927.0,0.0
7271,927.1,0.0
7272,927.2,0.0
7273,927.3,0.0
7274,927.4,0.0
7275,927.5,0.0
7276,927.6,0.0
7277,927.7,0.0
7278,927.8,0.0
7279,927.9,0.0
7280,928.0,0.0
7281,928.1,0.0
7282,928.2,0.0
7283,928.3,0.0
7284,928.4,0.0
7285,928.5,0.0
7286,928.6,0.0
7287,928.7,0.0
7288,928.8,0.0
7289,928.9,0.0
7290,929.0,0.0
7291,929.1,0.0
7292,929.2,0.0
7293,929.3,0.0
7294,929.4,0.0
7295,929.5,0.0
7296,929.6,0.0
7297,929.7,0.0
7298,929.8,0.0
7299,929.9,0.0
7300,930.0,0.0
7301,930.1,0.0
7302,930.2,0.0
7303,930.3,0.0
7304,930.4,0.0
7305,930.5,0.0
7306,930.6,0.0
7307,930.7,0.0
7308,930.8,0.0
7309,930.9,0.0
7310,931.0,0.0
7311,931.1,0.0
7312,931.2,0.0
7313,931.3,0.0
7314,931.4,0.0
7315,931.5,0.0
7316,931.6,0.0
7317,931.7,0.0
7318,931.8,0.0
7319,931.9,0.0
7320,932.0,0.0
7321,932.1,0.0
7322,932.2,0.0
7323,932.3,0.0
7324,932.4,0.0
7325,932.5,0.0
7326,932.6,0.0
7327,932.7,0.0
7328,932.8,0.0
7329,932.9,0.0
7330,933.0,0.0
7331,933.1,0.0
7332,933.2,0.0
7333,933.3,0.0
7334,933.4,0.0
7335,933.5,0.0
7336,933.6,0.0
7337,933.7,0.0
7338,933.8,0.0
7339,933.9,0.0
7340,934.0,0.0
7341,934.1,0.0
7342,934.2,0.0
7343,934.3,0.0
7344,934.4,0.0
7345,934.5,0.0
7346,934.6,0.0
7347,934.7,0.0
7348,934.8,0.0
7349,934.9,0.0
7350,935.0,0.0
7351,935.1,0.0
7352,935.2,0.0
7353,935.3,0.0
7354,935.4,0.0
7355,935.5,0.0
7356,935.6,0.0
7357,935.7,0.0
7358,935.8,0.0
7359,935.9,0.0
7360,936.0,0.0
7361,936.1,0.0
7362,936.2,0.0
7363,936.3,0.0
7364,936.4,0.0
7365,936.5,0.0
7366,936.6,0.0
7367,936.7,0.0
7368,936.8,0.0
7369,936.9,0.0
7370,937.0,0.0
7371,937.1,0.0
7372,937.2,0.0
7373,937.3,0.0
7374,937.4,0.0
7375,937.5,0.0
7376,937.6,0.0
7377,937.7,0.0
7378,937.8,0.0
7379,937.9,0.0
7380,938.0,0.0
7381,938.1,0.0
7382,938.2,0.0
7383,938.3,0.0
7384,938.4,0.0
7385,938.5,0.0
7386,938.6,0.0
7387,938.7,0.0
7388,938.8,0.0
7389,938.9,0.0
7390,939.0,0.0
7391,939.1,0.0
7392,939.2,0.0
7393,939.3,0.0
7394,939.4,0.0
7395,939.5,0.0
7396,939.6,0.0
7397,939.7,0.0
7398,939.8,0.0
7399,939.9,0.0
7400,940.0,0.0
7401,940.1,0.0
7402,940.2,0.0
7403,940.3,0.0
7404,940.4,0.0
7405,940.5,0.0
7406,940.6,0.0
7407,940.7,0.0
7408,940.8,0.0
7409,940.9,0.0
7410,941.0,0.0
7411,941.1,0.0
7412,941.2,0.0
7413,941.3,0.0
7414,941.4,0.0
7415,941.5,0.0
7416,941.6,0.0
7417,941.7,0.0
7418,941.8,0.0
7419,941.9,0.0
7420,942.0,0.0
7421,942.1,0.0
7422,942.2,0.0
7423,942.3,0.0
7424,942.4,0.0
7425,942.5,0.0
7426,942.6,0.0
7427,942.7,0.0
7428,942.8,0.0
7429,942.9,0.0
7430,943.0,0.0
7431,943.1,0.0
7432,943.2,0.0
7433,943.3,0.0
7434,943.4,0.0
7435,943.5,0.0
7436,943.6,0.0
7437,943.7,0.0
7438,943.8,0.0
7439,943.9,0.0
7440,944.0,0.0
7441,944.1,0.0
7442,944.2,0.0
7443,944.3,0.0
7444,944.4,0.0
7445,944.5,0.0
7446,944.6,0.0
7447,944.7,0.0
7448,944.8,0.0
7449,944.9,0.0
7450,945.0,0.0
7451,945.1,0.0
7452,945.2,0.0
7453,945.3,0.0
7454,945.4,0.0
7455,945.5,0.0
7456,945.6,0.0
7457,945.7,0.0
7458,945.8,0.0
7459,945.9,0.0
7460,946.0,0.0
7461,946.1,0.0
7462,946.2,0.0
7463,946.3,0.0
7464,946.4,0.0
7465,946.5,0.0
7466,946.6,0.0
7467,946.7,0.0
7468,946.8,0.0
7469,946.9,0.0
7470,947.0,0.0
7471,947.1,0.0
7472,947.2,0.0
7473,947.3,0.0
7474,947.4,0.0
7475,947.5,0.0
7476,947.6,0.0
7477,947.7,0.0
7478,947.8,0.0
7479,947.9,0.0
7480,948.0,0.0
7481,948.1,0.0
7482,948.2,0.0
7483,948.3,0.0
7484,948.4,0.0
7485,948.5,0.0
7486,948.6,0.0
7487,948.7,0.0
7488,948.8,0.0
7489,948.9,0.0
7490,949.0,0.0
7491,949.1,0.0
7492,949.2,0.0
7493,949.3,0.0
7494,949.4,0.0
7495,949.5,0.0
7496,949.6,0.0
7497,949.7,0.0
7498,949.8,0.0
7499,949.9,0.0
7500,950.0,0.0
7501,950.1,0.0
7502,950.2,0.0
7503,950.3,0.0
7504,950.4,0.0
7505,950.5,0.0
7506,950.6,0.0
7507,950.7,0.0
7508,950.8,0.0
7509,950.9,0.0
7510,951.0,0.0
7511,951.1,0.0
7512,951.2,0.0
7513,951.3,0.0
7514,951.4,0.0
7515,951.5,0.0
7516,951.6,0.0
7517,951.7,0.0
7518,951.8,0.0
7519,951.9,0.0
7520,952.0,0.0
7521,952.1,0.0
7522,952.2,0.0
7523,952.3,0.0
7524,952.4,0.0
7525,952.5,0.0
7526,952.6,0.0
7527,952.7,0.0
7528,952.8,0.0
7529,952.9,0.0
7530,953.0,0.0
7531,953.1,0.0
7532,953.2,0.0
7533,953.3,0.0
7534,953.4,0.0
7535,953.5,0.0
7536,953.6,0.0
7537,953.7,0.0
7538,953.8,0.0
7539,953.9,0.0
7540,954.0,0.0
7541,954.1,0.0
7542,954.2,0.0
7543,954.3,0.0
7544,954.4,0.0
7545,954.5,0.0
7546,954.6,0.0
7547,954.7,0.0
7548,954.8,0.0
7549,954.9,0.0
7550,955.0,0.0
7551,955.1,0.0
7552,955.2,0.0
7553,955.3,0.0
7554,955.4,0.0
7555,955.5,0.0
7556,955.6,0.0
7557,955.7,0.0
7558,955.8,0.0
7559,955.9,0.0
7560,956.0,0.0
7561,956.1,0.0
7562,956.2,0.0
7563,956.3,0.0
7564,956.4,0.0
7565,956.5,0.0
7566,956.6,0.0
7567,956.7,0.0
7568,956.8,0.0
7569,956.9,0.0
7570,957.0,0.0
7571,957.1,0.0
7572,957.2,0.0
7573,957.3,0.0
7574,957.4,0.0
7575,957.5,0.0
7576,957.6,0.0
7577,957.7,0.0
7578,957.8,0.0
7579,957.9,0.0
7580,958.0,0.0
7581,958.1,0.0
7582,958.2,0.0
7583,958.3,0.0
7584,958.4,0.0
7585,958.5,0.0
7586,958.6,0.0
7587,958.7,0.0
7588,958.8,0.0
7589,958.9,0.0
7590,959.0,0.0
7591,959.1,0.0
7592,959.2,0.0
7593,959.3,0.0
7594,959.4,0.0
7595,959.5,0.0
7596,959.6,0.0
7597,959.7,0.0
7598,959.8,0.0
7599,959.9,0.0
7600,960.0,0.0
7601,960.1,0.0
7602,960.2,0.0
7603,960.3,0.0
7604,960.4,0.0
7605,960.5,0.0
7606,960.6,0.0
7607,960.7,0.0
7608,960.8,0.0
7609,960.9,0.0
7610,961.0,0.0
7611,961.1,0.0
7612,961.2,0.0
7613,961.3,0.0
7614,961.4,0.0
7615,961.5,0.0
7616,961.6,0.0
7617,961.7,0.0
7618,961.8,0.0
7619,961.9,0.0
7620,962.0,0.0
7621,962.1,0.0
7622,962.2,0.0
7623,962.3,0.0
7624,962.4,0.0
7625,962.5,0.0
7626,962.6,0.0
7627,962.7,0.0
7628,962.8,0.0
7629,962.9,0.0
7630,963.0,0.0
7631,963.1,0.0
7632,963.2,0.0
7633,963.3,0.0
7634,963.4,0.0
7635,963.5,0.0
7636,963.6,0.0
7637,963.7,0.0
7638,963.8,0.0
7639,963.9,0.0
7640,964.0,0.0
7641,964.1,0.0
7642,964.2,0.0
7643,964.3,0.0
7644,964.4,0.0
7645,964.5,0.0
7646,964.6,0.0
7647,964.7,0.0
7648,964.8,0.0
7649,964.9,0.0
7650,965.0,0.0
7651,965.1,0.0
7652,965.2,0.0
7653,965.3,0.0
7654,965.4,0.0
7655,965.5,0.0
7656,965.6,0.0
7657,965.7,0.0
7658,965.8,0.0
7659,965.9,0.0
7660,966.0,0.0
7661,966.1,0.0
7662,966.2,0.0
7663,966.3,0.0
7664,966.4,0.0
7665,966.5,0.0
7666,966.6,0.0
7667,966.7,0.0
7668,966.8,0.0
7669,966.9,0.0
7670,967.0,0.0
7671,967.1,0.0
7672,967.2,0.0
7673,967.3,0.0
7674,967.4,0.0
7675,967.5,0.0
7676,967.6,0.0
7677,967.7,0.0
7678,967.8,0.0
7679,967.9,0.0
7680,968.0,0.0
7681,968.1,0.0
7682,968.2,0.0
7683,968.3,0.0
7684,968.4,0.0
7685,968.5,0.0
7686,968.6,0.0
7687,968.7,0.0
7688,968.8,0.0
7689,968.9,0.0
7690,969.0,0.0
7691,969.1,0.0
7692,969.2,0.0
7693,969.3,0.0
7694,969.4,0.0
7695,969.5,0.0
7696,969.6,0.0
7697,969.7,0.0
7698,969.8,0.0
7699,969.9,0.0
7700,970.0,0.0
7701,970.1,0.0
7702,970.2,0.0
7703,970.3,0.0
7704,970.4,0.0
7705,970.5,0.0
7706,970.6,0.0
7707,970.7,0.0
7708,970.8,0.0
7709,970.9,0.0
7710,971.0,0.0
7711,971.1,0.0
7712,971.2,0.0
7713,971.3,0.0
7714,971.4,0.0
7715,971.5,0.0
7716,971.6,0.0
7717,971.7,0.0
7718,971.8,0.0
7719,971.9,0.0
7720,972.0,0.0
7721,972.1,0.0
7722,972.2,0.0
7723,972.3,0.0
7724,972.4,0.0
7725,972.5,0.0
7726,972.6,0.0
7727,972.7,0.0
7728,972.8,0.0
7729,972.9,0.0
7730,973.0,0.0
7731,973.1,0.0
7732,973.2,0.0
7733,973.3,0.0
7734,973.4,0.0
7735,973.5,0.0
7736,973.6,0.0
7737,973.7,0.0
7738,973.8,0.0
7739,973.9,0.0
7740,974.0,0.0
7741,974.1,0.0
7742,974.2,0.0
7743,974.3,0.0
7744,974.4,0.0
7745,974.5,0.0
7746,974.6,0.0
7747,974.7,0.0
7748,974.8,0.0
7749,974.9,0.0
7750,975.0,0.0
7751,975.1,0.0
7752,975.2,0.0
7753,975.3,0.0
7754,975.4,0.0
7755,975.5,0.0
7756,975.6,0.0
7757,975.7,0.0
7758,975.8,0.0
7759,975.9,0.0
7760,976.0,0.0
7761,976.1,0.0
7762,976.2,0.0
7763,976.3,0.0
7764,976.4,0.0
7765,976.5,0.0
7766,976.6,0.0
7767,976.7,0.0
7768,976.8,0.0
7769,976.9,0.0
7770,977.0,0.0
7771,977.1,0.0
7772,977.2,0.0
7773,977.3,0.0
7774,977.4,0.0
7775,977.5,0.0
7776,977.6,0.0
7777,977.7,0.0
7778,977.8,0.0
7779,977.9,0.0
7780,978.0,0.0
7781,978.1,0.0
7782,978.2,0.0
7783,978.3,0.0
7784,978.4,0.0
7785,978.5,0.0
7786,978.6,0.001
7787,978.7,0.001
7788,978.8,0.002
7789,978.9,0.004
7790,979.0,0.008
7791,979.1,0.014
7792,979.2,0.025
7793,979.3,0.044
7794,979.4,0.077
7795,979.5,0.133
7796,979.6,0.227
7797,979.7,0.387
7798,979.8,0.651
7799,979.9,1.089
7800,980.0,1.802
7801,980.1,2.958
7802,980.2,4.815
7803,980.3,7.767
7804,980.4,12.426
7805,980.5,19.7
7806,980.6,30.956
7807,980.7,48.235
7808,980.8,74.51
7809,980.9,114.083
7810,981.0,173.2
7811,981.1,260.68
7812,981.2,388.843
7813,981.3,575.124
7814,981.4,843.059
7815,981.5,1225.371
7816,981.6,1766.192
7817,981.7,2522.412
7818,981.8,3571.745
7819,981.9,5013.562
7820,982.0,6977.0
7821,982.1,9625.578
7822,982.2,13160.06
7823,982.3,17846.937
7824,982.4,23980.801
7825,982.5,31958.479
7826,982.6,42211.778
7827,982.7,55269.415
7828,982.8,71752.018
7829,982.9,92322.892
7830,983.0,117800.0
7831,983.1,148947.842
7832,983.2,186753.172
7833,983.3,232106.688
7834,983.4,286005.804
7835,983.5,349277.361
7836,983.6,422847.844
7837,983.7,507695.558
7838,983.8,604068.923
7839,983.9,712612.304
7840,984.0,833400.0
7841,984.1,966122.605
7842,984.2,1110620.014
7843,984.3,1265076.724
7844,984.4,1428512.122
7845,984.5,1600245.466
7846,984.6,1775551.755
7847,984.7,1953932.94
7848,984.8,2131878.36
7849,984.9,2305042.787
7850,985.0,2471000.0
7851,985.1,2626146.213
7852,985.2,2767301.437
7853,985.3,2889766.467
7854,985.4,2992759.448
7855,985.5,3071473.495
7856,985.6,3125339.946
7857,985.7,3152458.403
7858,985.8,3152048.725
7859,985.9,3125586.664
7860,986.0,3071000.0
7861,986.1,2992361.082
7862,986.2,2889887.535
7863,986.3,2767279.386
7864,986.4,2626581.409
7865,986.5,2471365.255
7866,986.6,2305267.634
7867,986.7,2131450.328
7868,986.8,1954553.455
7869,986.9,1775541.629
7870,987.0,1600000.0
7871,987.1,1429193.164
7872,987.2,1265394.751
7873,987.3,1109962.842
7874,987.4,966207.349
7875,987.5,833313.228
7876,987.6,712589.922
7877,987.7,604093.832
7878,987.8,507648.925
7879,987.9,422912.882
7880,988.0,349300.0
7881,988.1,286002.904
7882,988.2,232128.952
7883,988.3,186799.613
7884,988.4,149118.0
7885,988.5,117986.928
7886,988.6,92631.957
7887,988.7,72217.015
7888,988.8,55963.833
7889,988.9,43235.962
7890,989.0,33460.0
7891,989.1,26172.197
7892,989.2,20994.651
7893,989.3,17660.197
7894,989.4,15984.366
7895,989.5,15906.988
7896,989.6,17438.96
7897,989.7,20722.533
7898,989.8,25986.915
7899,989.9,33588.989
7900,990.0,44020.0
7901,990.1,57908.299
7902,990.2,76013.486
7903,990.3,99252.188
7904,990.4,128770.191
7905,990.5,165738.182
7906,990.6,211608.502
7907,990.7,267948.518
7908,990.8,336431.951
7909,990.9,418876.221
7910,991.0,517100.0
7911,991.1,632849.101
7912,991.2,767975.617
7913,991.3,923964.379
7914,991.4,1102385.375
7915,991.5,1303490.403
7916,991.6,1529228.739
7917,991.7,1776860.824
7918,991.8,2049060.893
7919,991.9,2341285.61
7920,992.0,2653000.0
7921,992.1,2980840.763
7922,992.2,3320765.303
7923,992.3,3667129.889
7924,992.4,4015534.07
7925,992.5,4359871.698
7926,992.6,4693290.813
7927,992.7,5008517.78
7928,992.8,5299398.858
7929,992.9,5560185.576
7930,993.0,5783000.0
7931,993.1,5964732.792
7932,993.2,6098659.141
7933,993.3,6182351.215
7934,993.4,6215064.293
7935,993.5,6193058.381
7936,993.6,6119873.03
7937,993.7,5995366.17
7938,993.8,5823673.405
7939,993.9,5607949.702
7940,994.0,5354000.0
7941,994.1,5068718.768
7942,994.2,4757375.309
7943,994.3,4427791.367
7944,994.4,4084935.036
7945,994.5,3737538.977
7946,994.6,3389918.801
7947,994.7,3048197.581
7948,994.8,2717364.552
7949,994.9,2402845.499
7950,995.0,2106000.0
7951,995.1,1829528.337
7952,995.2,1576372.04
7953,995.3,1346662.733
7954,995.4,1140617.442
7955,995.5,957682.585
7956,995.6,797390.053
7957,995.7,658295.38
7958,995.8,538704.782
7959,995.9,437125.343
7960,996.0,351700.0
7961,996.1,280536.373
7962,996.2,221934.998
7963,996.3,173967.545
7964,996.4,135220.352
7965,996.5,104253.891
7966,996.6,79689.902
7967,996.7,60377.254
7968,996.8,45361.625
7969,996.9,33785.963
7970,997.0,24950.0
7971,997.1,18270.282
7972,997.2,13262.634
7973,997.3,9548.384
7974,997.4,6813.305
7975,997.5,4820.966
7976,997.6,3381.775
7977,997.7,2352.088
7978,997.8,1622.166
7979,997.9,1109.302
7980,998.0,752.0
7981,998.1,505.409
7982,998.2,336.79
7983,998.3,222.529
7984,998.4,145.805
7985,998.5,94.657
7986,998.6,60.979
7987,998.7,38.927
7988,998.8,24.643
7989,998.9,15.471
7990,999.0,9.625
7991,999.1,5.938
7992,999.2,3.633
7993,999.3,2.203
7994,999.4,1.325
7995,999.5,0.79
7996,999.6,0.467
7997,999.7,0.274
7998,999.8,0.159
7999,999.9,0.091
