,wavelength,intensity
0,200.0,2681000.0
1,200.1,4249171.903
2,200.2,5355112.987
3,200.3,5354903.752
4,200.4,4252037.922
5,200.5,2681143.093
6,200.6,1341814.938
7,200.7,533827.272
8,200.8,168413.695
9,200.9,42155.837
10,201.0,8393.194
11,201.1,1328.0
12,201.2,167.501
13,201.3,16.233
14,201.4,1.314
15,201.5,0.081
16,201.6,0.004
17,201.7,0.0
18,201.8,0.0
19,201.9,0.0
20,202.0,0.0
21,202.1,0.0
22,202.2,0.0
23,202.3,0.004
24,202.4,0.106
25,202.5,2.125
26,202.6,34.234
27,202.7,454.751
28,202.8,4800.372
29,202.9,40500.814
30,203.0,277470.01
31,203.1,1503021.821
32,203.2,6525153.545
33,203.3,22846399.63
34,203.4,64158760.649
35,203.5,145015442.105
36,203.6,265000000.0
37,203.7,393962579.342
38,203.8,480356409.687
39,203.9,486700000.0
40,204.0,415716609.073
41,204.1,303763078.043
42,204.2,191318477.886
43,204.3,103767983.707
44,204.4,47891078.933
45,204.5,18532747.679
46,204.6,5929558.352
47,204.7,1549702.534
48,204.8,328574.965
49,204.9,55825.63
50,205.0,7797.0
51,205.1,869.416
52,205.2,80.607
53,205.3,6.646
54,205.4,0.522
55,205.5,0.046
56,205.6,0.005
57,205.7,0.0
58,205.8,0.0
59,205.9,0.0
60,206.0,0.0
61,206.1,0.0
62,206.2,0.003
63,206.3,0.088
64,206.4,1.455
65,206.5,20.478
66,206.6,241.039
67,206.7,2227.489
68,206.8,16474.087
69,206.9,101167.28
70,207.0,493962.306
71,207.1,1948033.39
72,207.2,6201871.139
73,207.3,15932907.912
74,207.4,33030042.662
75,207.5,55250000.0
76,207.6,74582516.803
77,207.7,81316370.724
78,207.8,71732028.541
79,207.9,51894334.768
80,208.0,33195932.518
81,208.1,25207315.145
82,208.2,32060756.203
83,208.3,51741512.465
84,208.4,76079398.414
85,208.5,93174093.316
86,208.6,94550000.0
87,208.7,81351026.028
88,208.8,62244829.761
89,208.9,45090000.0
90,209.0,32097653.708
91,209.1,22138781.79
92,209.2,14981609.627
93,209.3,12590502.556
94,209.4,18010080.726
95,209.5,33133665.687
96,209.6,55847432.002
97,209.7,78325030.299
98,209.8,90455103.954
99,209.9,87649660.672
100,210.0,75090000.0
101,210.1,62543994.425
102,210.2,55136796.757
103,210.3,50274516.046
104,210.4,42856210.212
105,210.5,31521545.692
106,210.6,19283360.394
107,210.7,9836443.66
108,210.8,4870006.034
109,210.9,4691991.712
110,211.0,10115966.419
111,211.1,22900000.0
112,211.2,43377915.697
113,211.3,67115205.149
114,211.4,84900000.0
115,211.5,88829481.566
116,211.6,79612522.033
117,211.7,66686823.439
118,211.8,59882500.172
119,211.9,60787035.506
120,212.0,62682917.725
121,212.1,57956954.771
122,212.2,45133141.292
123,212.3,28927602.499
124,212.4,15152060.211
125,212.5,6476000.0
126,212.6,2299557.709
127,212.7,880973.419
128,212.8,1080101.12
129,212.9,2937833.542
130,213.0,7409737.749
131,213.1,15383685.625
132,213.2,26084254.583
133,213.3,36091347.501
134,213.4,40762828.847
135,213.5,37583525.71
136,213.6,28290000.0
137,213.7,17378171.335
138,213.8,8712446.645
139,213.9,3565000.0
140,214.0,1190409.123
141,214.1,324271.26
142,214.2,72311.667
143,214.3,13110.22
144,214.4,2065.312
145,214.5,375.074
146,214.6,153.847
147,214.7,106.328
148,214.8,68.213
149,214.9,36.39
150,215.0,15.92
151,215.1,5.702
152,215.2,1.672
153,215.3,0.401
154,215.4,0.079
155,215.5,0.013
156,215.6,0.002
157,215.7,0.0
158,215.8,0.0
159,215.9,0.0
160,216.0,0.0
161,216.1,0.0
162,216.2,0.0
163,216.3,0.0
164,216.4,0.0
165,216.5,0.0
166,216.6,0.0
167,216.7,0.0
168,216.8,0.0
169,216.9,0.0
170,217.0,0.0
171,217.1,0.0
172,217.2,0.0
173,217.3,0.0
174,217.4,0.0
175,217.5,0.0
176,217.6,0.0
177,217.7,0.0
178,217.8,0.0
179,217.9,0.0
180,218.0,0.0
181,218.1,0.0
182,218.2,0.0
183,218.3,0.0
184,218.4,0.0
185,218.5,0.0
186,218.6,0.0
187,218.7,0.0
188,218.8,0.0
189,218.9,0.0
190,219.0,0.0
191,219.1,0.0
192,219.2,0.0
193,219.3,0.0
194,219.4,0.0
195,219.5,0.0
196,219.6,0.0
197,219.7,0.0
198,219.8,0.0
199,219.9,0.0
200,220.0,0.0
201,220.1,0.0
202,220.2,0.0
203,220.3,0.0
204,220.4,0.0
205,220.5,0.0
206,220.6,0.0
207,220.7,0.0
208,220.8,0.0
209,220.9,0.0
210,221.0,0.0
211,221.1,0.0
212,221.2,0.0
213,221.3,0.0
214,221.4,0.001
215,221.5,0.012
216,221.6,0.315
217,221.7,4.036
218,221.8,43.879
219,221.9,439.09
220,222.0,3461.468
221,222.1,22968.702
222,222.2,126203.151
223,222.3,577088.349
224,222.4,2196031.823
225,222.5,6974000.0
226,222.6,18467003.448
227,222.7,40838517.633
228,222.8,75636369.565
229,222.9,117608506.171
230,223.0,153880492.328
231,223.1,170126611.887
232,223.2,159316516.718
233,223.3,126856667.811
234,223.4,85980184.397
235,223.5,49709140.557
236,223.6,24500000.0
237,223.7,10279626.357
238,223.8,3663847.168
239,223.9,1105000.0
240,224.0,280836.172
241,224.1,59918.72
242,224.2,10793.372
243,224.3,1607.598
244,224.4,203.621
245,224.5,21.683
246,224.6,1.727
247,224.7,0.14
248,224.8,0.01
249,224.9,0.0
250,225.0,0.0
251,225.1,0.0
252,225.2,0.0
253,225.3,0.0
254,225.4,0.0
255,225.5,0.0
256,225.6,0.0
257,225.7,0.0
258,225.8,0.0
259,225.9,0.0
260,226.0,0.0
261,226.1,0.0
262,226.2,0.0
263,226.3,0.0
264,226.4,0.0
265,226.5,0.0
266,226.6,0.0
267,226.7,0.0
268,226.8,0.0
269,226.9,0.0
270,227.0,0.0
271,227.1,0.0
272,227.2,0.0
273,227.3,0.0
274,227.4,0.0
275,227.5,0.0
276,227.6,0.0
277,227.7,0.0
278,227.8,0.0
279,227.9,0.0
280,228.0,0.0
281,228.1,0.0
282,228.2,0.0
283,228.3,0.0
284,228.4,0.0
285,228.5,0.0
286,228.6,0.0
287,228.7,0.0
288,228.8,0.0
289,228.9,0.0
290,229.0,0.0
291,229.1,0.0
292,229.2,0.0
293,229.3,0.0
294,229.4,0.0
295,229.5,0.0
296,229.6,0.0
297,229.7,0.0
298,229.8,0.0
299,229.9,0.0
300,230.0,0.0
301,230.1,0.0
302,230.2,0.0
303,230.3,0.0
304,230.4,0.001
305,230.5,0.028
306,230.6,0.385
307,230.7,4.693
308,230.8,48.863
309,230.9,420.63
310,231.0,3098.585
311,231.1,19240.0
312,231.2,99799.756
313,231.3,437456.855
314,231.4,1613000.0
315,231.5,5005812.891
316,231.6,13097515.98
317,231.7,28844152.089
318,231.8,53514347.342
319,231.9,83605119.811
320,232.0,110051963.81
321,232.1,121937467.8
322,232.2,113831873.402
323,232.3,89545199.034
324,232.4,59328740.51
325,232.5,33160000.0
326,232.6,15812062.26
327,232.7,6958791.252
328,232.8,4149813.017
329,232.9,5208922.65
330,233.0,8821893.567
331,233.1,13857347.845
332,233.2,18741560.76
333,233.3,21585396.113
334,233.4,21169756.164
335,233.5,17660694.278
336,233.6,12550000.0
337,233.7,7585681.761
338,233.8,3902807.434
339,233.9,1708000.0
340,234.0,635163.845
341,234.1,200638.325
342,234.2,53918.761
343,234.3,12233.93
344,234.4,2374.653
345,234.5,390.675
346,234.6,53.17
347,234.7,6.311
348,234.8,0.631
349,234.9,0.051
350,235.0,0.004
351,235.1,0.003
352,235.2,0.047
353,235.3,0.558
354,235.4,5.544
355,235.5,50.015
356,235.6,365.283
357,235.7,2264.11
358,235.8,12065.199
359,235.9,54050.752
360,236.0,206014.428
361,236.1,665000.0
362,236.2,1820062.015
363,236.3,4225587.903
364,236.4,8335000.0
365,236.5,14015454.29
366,236.6,20296937.092
367,236.7,26001152.771
368,236.8,31342986.827
369,236.9,39341334.391
370,237.0,54986207.078
371,237.1,81444279.931
372,237.2,115372072.794
373,237.3,145832270.678
374,237.4,159308354.622
375,237.5,148700000.0
376,237.6,118058667.186
377,237.7,79610070.392
378,237.8,45559914.126
379,237.9,22133021.033
380,238.0,9125743.143
381,238.1,3193319.289
382,238.2,946472.022
383,238.3,238841.848
384,238.4,51004.328
385,238.5,9283.045
386,238.6,1543.0
387,238.7,938.266
388,238.8,4313.43
389,238.9,20890.0
390,239.0,87226.999
391,239.1,313277.574
392,239.2,969187.315
393,239.3,2585186.306
394,239.4,5971295.329
395,239.5,11976374.884
396,239.6,20996148.036
397,239.7,32333766.698
398,239.8,44096285.528
399,239.9,53732213.822
400,240.0,59000000.0
401,240.1,58768877.057
402,240.2,53255433.5
403,240.3,43780680.659
404,240.4,32434603.365
405,240.5,21453933.952
406,240.6,12540810.93
407,240.7,6424074.399
408,240.8,2860997.302
409,240.9,1102120.082
410,241.0,365514.675
411,241.1,104200.0
412,241.2,25426.692
413,241.3,5297.666
414,241.4,986.5
415,241.5,489.832
416,241.6,2630.635
417,241.7,16805.692
418,241.8,91924.791
419,241.9,436728.754
420,242.0,1761193.933
421,242.1,6087427.218
422,242.2,18005407.726
423,242.3,45626711.181
424,242.4,98895248.956
425,242.5,183599999.998
426,242.6,291647600.489
427,242.7,396706519.175
428,242.8,461984987.165
429,242.9,461006891.04
430,243.0,395658075.416
431,243.1,296983544.727
432,243.2,208779747.375
433,243.3,168600926.525
434,243.4,197289547.271
435,243.5,294828337.867
436,243.6,437499999.996
437,243.7,579237902.152
438,243.8,665601334.359
439,243.9,661000000.001
440,244.0,568255878.156
441,244.1,425014777.615
442,244.2,279614812.63
443,244.3,165878978.48
444,244.4,94600691.739
445,244.5,60438277.204
446,244.6,54366180.933
447,244.7,73621663.865
448,244.8,125675939.818
449,244.9,224142456.472
450,245.0,375699999.996
451,245.1,563071441.248
452,245.2,738204983.457
453,245.3,839375693.287
454,245.4,825737090.204
455,245.5,704184842.238
456,245.6,524661770.111
457,245.7,347875527.012
458,245.8,213281986.598
459,245.9,129201498.906
460,246.0,83912541.636
461,246.1,62690000.0
462,246.2,57567128.737
463,246.3,66722863.375
464,246.4,89089999.999
465,246.5,119217337.45
466,246.6,146544696.743
467,246.7,159638051.566
468,246.8,153097667.291
469,246.9,131323939.751
470,247.0,104989881.937
471,247.1,84301503.459
472,247.2,72960104.387
473,247.3,67638278.868
474,247.4,62474889.814
475,247.5,53920000.0
476,247.6,42515357.682
477,247.7,31303774.569
478,247.8,22949573.173
479,247.9,18147524.928
480,248.0,16116544.925
481,248.1,16150117.702
482,248.2,18716851.897
483,248.3,25107449.414
484,248.4,36136124.076
485,248.5,50899338.055
486,248.6,66820000.0
487,248.7,81157441.781
488,248.8,92519325.338
489,248.9,100800000.0
490,249.0,105562999.668
491,249.1,105080115.321
492,249.2,97951483.473
493,249.3,85944313.388
494,249.4,75430058.184
495,249.5,75472848.038
496,249.6,93024482.686
497,249.7,127788351.137
498,249.8,169693864.163
499,249.9,202181974.076
500,250.0,210600000.0
501,250.1,190664942.022
502,250.2,151316563.087
503,250.3,108792364.717
504,250.4,78148040.533
505,250.5,66087827.694
506,250.6,70185255.769
507,250.7,81722005.244
508,250.8,90837012.394
509,250.9,91550179.955
510,251.0,84941660.984
511,251.1,78540000.0
512,251.2,82568762.969
513,251.3,105003305.141
514,251.4,147799999.998
515,251.5,204803563.605
516,251.6,263057698.077
517,251.7,307302965.264
518,251.8,326050486.361
519,251.9,316541866.234
520,252.0,284437879.425
521,252.1,239377882.394
522,252.2,190692976.564
523,252.3,145088668.126
524,252.4,107226200.501
525,252.5,79840000.001
526,252.6,64252705.829
527,252.7,60338655.845
528,252.8,67906356.499
529,252.9,88582150.063
530,253.0,126476801.008
531,253.1,185996823.523
532,253.2,267582770.801
533,253.3,364021270.289
534,253.4,461806466.101
535,253.5,545366986.771
536,253.6,601899999.999
537,253.7,624541875.833
538,253.8,614653064.856
539,253.9,583700000.001
540,254.0,551634978.197
541,254.1,537797589.03
542,254.2,548303825.987
543,254.3,570262713.968
544,254.4,582671552.271
545,254.5,574696625.086
546,254.6,554695947.248
547,254.7,540588197.358
548,254.8,541537300.317
549,254.9,549653662.685
550,255.0,549800000.0
551,255.1,537979173.57
552,255.2,533135098.341
553,255.3,572673180.466
554,255.4,696445537.088
555,255.5,924336191.456
556,255.6,1236381870.616
557,255.7,1567346116.585
558,255.8,1832219300.3
559,255.9,1963430400.786
560,256.0,1956899608.652
561,256.1,1859000000.004
562,256.2,1739751185.833
563,256.3,1630552288.89
564,256.4,1514000000.004
565,256.5,1351284387.089
566,256.6,1128018010.643
567,256.7,887009933.977
568,256.8,726673485.735
569,256.9,818871547.612
570,257.0,1456121500.504
571,257.1,3105001910.833
572,257.2,6348333529.86
573,257.3,11586648560.164
574,257.4,18532639441.699
575,257.5,25869999999.774
576,257.6,31457460783.839
577,257.7,33318405653.014
578,257.8,30738297219.542
579,257.9,24719457859.066
580,258.0,17364728182.794
581,258.1,10694659382.089
582,258.2,5846344082.13
583,258.3,2942359601.1
584,258.4,1511579269.766
585,258.5,985875235.37
586,258.6,987499999.993
587,258.7,1418909530.208
588,258.8,2445292017.647
589,258.9,4426999999.914
590,259.0,7746062687.205
591,259.1,12496125293.742
592,259.2,18097351111.486
593,259.3,23265790983.196
594,259.4,26331857959.026
595,259.5,26156932625.613
596,259.6,22794259388.448
597,259.7,17472775446.38
598,259.8,11928987261.682
599,259.9,7557385934.893
600,260.0,5088000000.049
601,260.1,4662223569.359
602,260.2,6140528930.9
603,260.3,9181066297.818
604,260.4,13116040427.343
605,260.5,16881097641.611
606,260.6,19256421522.011
607,260.7,19439587227.156
608,260.8,17426454251.835
609,260.9,14004151780.246
610,261.0,10238823121.404
611,261.1,6964000000.101
612,261.2,4529005309.983
613,261.3,2919276361.232
614,261.4,1980000000.023
615,261.5,1556567078.567
616,261.6,1507574933.33
617,261.7,1670866370.754
618,261.8,1868748862.016
619,261.9,1950409131.456
620,262.0,1857469952.138
621,262.1,1640981410.415
622,262.2,1423172306.727
623,262.3,1314028160.459
624,262.4,1348512970.381
625,262.5,1468999999.995
626,262.6,1572403874.529
627,262.7,1585141665.039
628,262.8,1500651867.037
629,262.9,1383451941.884
630,263.0,1306690583.36
631,263.1,1303650045.378
632,263.2,1348014108.511
633,263.3,1387052391.428
634,263.4,1388672774.548
635,263.5,1370949069.201
636,263.6,1375999999.999
637,263.7,1428936705.427
638,263.8,1503021224.091
639,263.9,1535000000.0
640,264.0,1462355356.27
641,264.1,1270160098.532
642,264.2,996777947.794
643,264.3,708612672.238
644,264.4,470799856.122
645,264.5,318077394.295
646,264.6,253764060.994
647,264.7,258099292.97
648,264.8,301715993.169
649,264.9,356672993.613
650,265.0,405399999.998
651,265.1,444411066.79
652,265.2,482023770.366
653,265.3,530063905.696
654,265.4,590978547.111
655,265.5,651348014.262
656,265.6,685576205.615
657,265.7,669881671.073
658,265.8,598260380.754
659,265.9,487754401.616
660,266.0,370770556.841
661,266.1,280100000.003
662,266.2,238827073.529
663,266.3,256245750.862
664,266.4,328999999.996
665,266.5,441070106.573
666,266.6,565308614.085
667,266.7,673512077.497
668,266.8,751674284.2
669,266.9,811267838.412
670,267.0,881955599.536
671,267.1,988645053.074
672,267.2,1127533955.225
673,267.3,1262068978.727
674,267.4,1343835680.009
675,267.5,1344000000.002
676,267.6,1269821124.646
677,267.7,1158682592.557
678,267.8,1053729529.442
679,267.9,979471764.286
680,268.0,931936569.221
681,268.1,890380346.589
682,268.2,835892863.617
683,268.3,765454041.286
684,268.4,690627366.55
685,268.5,627634981.961
686,268.6,587200000.001
687,268.7,573750522.361
688,268.8,589107419.39
689,268.9,634599999.998
690,269.0,707068900.889
691,269.1,794026249.123
692,269.2,873379824.338
693,269.3,922152015.018
694,269.4,930343442.389
695,269.5,911475393.681
696,269.6,905840259.932
697,269.7,969347738.286
698,269.8,1151365400.917
699,269.9,1469064675.992
700,270.0,1887999999.982
701,270.1,2332588005.699
702,270.2,2713489311.04
703,270.3,2972826669.061
704,270.4,3105908894.794
705,270.5,3155634554.248
706,270.6,3172467366.973
707,270.7,3188378571.668
708,270.8,3198278477.97
709,270.9,3171420826.545
710,271.0,3060819194.74
711,271.1,2828000000.012
712,271.2,2465396863.416
713,271.3,2011470587.901
714,271.4,1543000000.018
715,271.5,1144092839.341
716,271.6,874768156.987
717,271.7,749916436.456
718,271.8,741165247.331
719,271.9,793402697.421
720,272.0,850053349.247
721,272.1,872658082.161
722,272.2,851463438.782
723,272.3,802672077.276
724,272.4,755684923.347
725,272.5,737500000.0
726,272.6,758621431.871
727,272.7,806461094.351
728,272.8,848893866.725
729,272.9,849117629.261
730,273.0,784590484.807
731,273.1,659819781.142
732,273.2,503929534.277
733,273.3,354611303.364
734,273.4,240608781.877
735,273.5,172184695.338
736,273.6,143000000.001
737,273.7,137925778.582
738,273.8,141222352.333
739,273.9,142000000.0
740,274.0,135565485.119
741,274.1,122647063.834
742,274.2,107044031.816
743,274.3,93203635.295
744,274.4,84817771.529
745,274.5,83548713.871
746,274.6,88946710.761
747,274.7,98588587.828
748,274.8,108799477.842
749,274.9,115729319.215
750,275.0,116600000.0
751,275.1,110880313.597
752,275.2,100497884.856
753,275.3,89193343.114
754,275.4,81134229.204
755,275.5,79527507.231
756,275.6,86065826.419
757,275.7,101020002.859
758,275.8,123498489.346
759,275.9,151612927.634
760,276.0,181726885.421
761,276.1,209299999.999
762,276.2,229756335.795
763,276.3,241085676.929
764,276.4,245700000.0
765,276.5,249554233.35
766,276.6,258045379.043
767,276.7,272284260.572
768,276.8,287229557.143
769,276.9,294470971.059
770,277.0,288361267.976
771,277.1,270213229.629
772,277.2,247787361.162
773,277.3,230770361.505
774,277.4,224077571.248
775,277.5,225300000.0
776,277.6,226518147.354
777,277.7,220313010.789
778,277.8,204698952.818
779,277.9,184707633.776
780,278.0,169683053.46
781,278.1,167845345.801
782,278.2,181897451.252
783,278.3,207540160.362
784,278.4,235128742.331
785,278.5,254455071.674
786,278.6,260600000.0
787,278.7,258299530.768
788,278.8,264408454.459
789,278.9,306199999.997
790,279.0,417184798.166
791,279.1,627876640.09
792,279.2,951370641.425
793,279.3,1368012685.453
794,279.4,1820731331.089
795,279.5,2229363164.531
796,279.6,2515250954.408
797,279.7,2637144756.306
798,279.8,2595960316.879
799,279.9,2425803642.203
800,280.0,2168000000.013
801,280.1,1863049507.645
802,280.2,1537879800.423
803,280.3,1220295262.058
804,280.4,932886563.624
805,280.5,693173382.912
806,280.6,512716909.507
807,280.7,392985023.289
808,280.8,329653147.795
809,280.9,316501938.147
810,281.0,344915373.59
811,281.1,402999999.997
812,281.2,474279169.266
813,281.3,539439087.557
814,281.4,580599999.999
815,281.5,585616528.847
816,281.6,550941449.52
817,281.7,482213883.98
818,281.8,392085622.169
819,281.9,296460155.71
820,282.0,210235592.563
821,282.1,143274827.525
822,282.2,98994557.097
823,282.3,75197035.403
824,282.4,66074782.274
825,282.5,65260000.0
826,282.6,68052495.055
827,282.7,72263962.55
828,282.8,77411080.112
829,282.9,83030028.355
830,283.0,87522739.769
831,283.1,88262380.951
832,283.2,83086805.279
833,283.3,71774809.295
834,283.4,56410680.55
835,283.5,40414973.568
836,283.6,26970000.001
837,283.7,17849630.924
838,283.8,13208852.004
839,283.9,12170000.0
840,284.0,13542371.959
841,284.1,16500253.716
842,284.2,20739018.494
843,284.3,26192593.558
844,284.4,32506956.834
845,284.5,38592203.891
846,284.6,42768708.171
847,284.7,43498535.577
848,284.8,40257265.227
849,284.9,33999020.917
850,285.0,26790000.0
851,285.1,20909183.513
852,285.2,17894421.866
853,285.3,18110473.611
854,285.4,20725059.468
855,285.5,24191554.349
856,285.6,26937374.829
857,285.7,27975039.143
858,285.8,27305044.987
859,285.9,25731752.161
860,286.0,24458048.034
861,286.1,24570000.0
862,286.2,26996917.954
863,286.3,32933314.673
864,286.4,44529999.999
865,286.5,65081281.3
866,286.6,98227333.845
867,286.7,145884231.558
868,286.8,205587195.425
869,286.9,269534397.311
870,287.0,325476911.745
871,287.1,361400006.824
872,287.2,370467420.505
873,287.3,354664035.821
874,287.4,324924999.865
875,287.5,296900000.001
876,287.6,285297131.743
877,287.7,297213658.382
878,287.8,329294308.697
879,287.9,368888786.324
880,288.0,402107875.468
881,288.1,421960607.312
882,288.2,434947375.023
883,288.3,460091833.049
884,288.4,521182827.119
885,288.5,637153699.325
886,288.6,812699999.99
887,288.7,1033461723.559
888,288.8,1265468797.867
889,288.9,1460999999.992
890,289.0,1574813173.842
891,289.1,1575653981.573
892,289.2,1464381597.552
893,289.3,1271445146.474
894,289.4,1048002645.139
895,289.5,845744781.529
896,289.6,700320688.795
897,289.7,622021890.532
898,289.8,596506732.719
899,289.9,594643205.604
900,290.0,586000000.001
901,290.1,550828537.47
902,290.2,485574767.492
903,290.3,399857943.861
904,290.4,309499555.561
905,290.5,227682014.265
906,290.6,161433757.534
907,290.7,111718719.464
908,290.8,76598681.341
909,290.9,53288398.56
910,291.0,39353516.277
911,291.1,32530000.0
912,291.2,30343102.477
913,291.3,30149198.156
914,291.4,29720000.0
915,291.5,27901120.023
916,291.6,24875518.085
917,291.7,21964744.88
918,291.8,20916533.014
919,291.9,23047281.199
920,292.0,28720577.402
921,292.1,37163419.369
922,292.2,47177368.36
923,292.3,58709559.789
924,292.4,75554010.883
925,292.5,108999999.997
926,292.6,181421497.294
927,292.7,328441244.863
928,292.8,593953613.794
929,292.9,1015494081.919
930,293.0,1601551874.414
931,293.1,2306438791.17
932,293.2,3037207436.291
933,293.3,3686674182.679
934,293.4,4191154040.744
935,293.5,4574830804.345
936,293.6,4926999999.98
937,293.7,5331099016.317
938,293.8,5773035983.775
939,293.9,6121999999.987
940,294.0,6197161775.13
941,294.1,5885191570.961
942,294.2,5239707564.018
943,294.3,4483424518.245
944,294.4,3926201639.523
945,294.5,3841946508.036
946,294.6,4352970689.509
947,294.7,5365966960.318
948,294.8,6587432997.859
949,294.9,7603472436.689
950,295.0,8039999999.997
951,295.1,7708440830.589
952,295.2,6676463142.833
953,295.3,5218244656.588
954,295.4,3684895048.481
955,295.5,2355850240.115
956,295.6,1372034594.318
957,295.7,737035048.436
958,295.8,376185698.432
959,295.9,193379204.34
960,296.0,109419018.389
961,296.1,72750000.001
962,296.2,55683400.064
963,296.3,45703692.629
964,296.4,38140000.0
965,296.5,31619245.434
966,296.6,25862869.9
967,296.7,20852947.533
968,296.8,16684396.162
969,296.9,13792017.021
970,297.0,12971843.972
971,297.1,15325677.39
972,297.2,21929597.674
973,297.3,33229134.902
974,297.4,48426191.626
975,297.5,65069999.999
976,297.6,79457367.59
977,297.7,87833906.307
978,297.8,87958159.686
979,297.9,80196223.572
980,298.0,67361027.412
981,298.1,53400430.626
982,298.2,41654185.617
983,298.3,33680121.052
984,298.4,29115485.388
985,298.5,26474292.213
986,298.6,24200000.0
987,298.7,21486512.243
988,298.8,18486844.141
989,298.9,16010000.0
990,299.0,14855133.02
991,299.1,15352663.415
992,299.2,17129434.251
993,299.3,19209002.147
994,299.4,20501155.704
995,299.5,20186353.511
996,299.6,18097392.653
997,299.7,14692763.917
998,299.8,10778582.75
999,299.9,7160798.987
1000,300.0,4343000.0
1001,300.1,2497532.306
1002,300.2,1550298.875
1003,300.3,1335979.94
1004,300.4,1706929.144
1005,300.5,2567363.774
1006,300.6,3857586.593
1007,300.7,5510799.987
1008,300.8,7425707.314
1009,300.9,9457134.27
1010,301.0,11452889.809
1011,301.1,13370000.0
1012,301.2,15408128.898
1013,301.3,18167211.067
1014,301.4,22650000.0
1015,301.5,30013696.579
1016,301.6,41038946.221
1017,301.7,55421927.244
1018,301.8,71379543.16
1019,301.9,85699137.382
1020,302.0,94832410.96
1021,302.1,96317267.138
1022,302.2,90247196.984
1023,302.3,79712662.163
1024,302.4,70180284.963
1025,302.5,68050000.0
1026,302.6,78854876.061
1027,302.7,105617841.475
1028,302.8,147698247.406
1029,302.9,200345205.469
1030,303.0,255573714.809
1031,303.1,304727339.157
1032,303.2,341529985.99
1033,303.3,364416292.726
1034,303.4,375595409.104
1035,303.5,379146802.572
1036,303.6,377700000.0
1037,303.7,370724572.09
1038,303.8,355549270.939
1039,303.9,329800000.002
1040,304.0,294241538.979
1041,304.1,252802219.848
1042,304.2,212150327.442
1043,304.3,178331419.355
1044,304.4,155180771.878
1045,304.5,143404007.735
1046,304.6,141390161.84
1047,304.7,146586598.365
1048,304.8,156266320.37
1049,304.9,167464310.548
1050,305.0,176700000.0
1051,305.1,180340290.048
1052,305.2,175709500.518
1053,305.3,162540441.416
1054,305.4,143053278.043
1055,305.5,121756813.662
1056,305.6,102924406.566
1057,305.7,89188205.404
1058,305.8,80548313.722
1059,305.9,75008837.149
1060,306.0,69899848.459
1061,306.1,63260000.0
1062,306.2,54656711.236
1063,306.3,45095011.82
1064,306.4,36220000.0
1065,306.5,29501733.331
1066,306.6,25735343.649
1067,306.7,24929278.549
1068,306.8,26496778.681
1069,306.9,29469450.725
1070,307.0,32674868.752
1071,307.1,34918312.156
1072,307.2,35295656.527
1073,307.3,33416363.467
1074,307.4,29554410.884
1075,307.5,24500000.0
1076,307.6,19299622.52
1077,307.7,14808505.962
1078,307.8,11543094.244
1079,307.9,9533583.934
1080,308.0,8471561.015
1081,308.1,7913938.068
1082,308.2,7440488.728
1083,308.3,6789584.205
1084,308.4,5875767.21
1085,308.5,4765381.324
1086,308.6,3598000.0
1087,308.7,2526521.239
1088,308.8,1658917.487
1089,308.9,1042000.0
1090,309.0,663731.216
1091,309.1,477131.525
1092,309.2,421797.214
1093,309.3,442217.519
1094,309.4,496393.154
1095,309.5,557174.859
1096,309.6,610344.762
1097,309.7,652968.172
1098,309.8,695162.267
1099,309.9,765693.849
1100,310.0,918900.0
1101,310.1,1234024.429
1102,310.2,1806613.024
1103,310.3,2720510.097
1104,310.4,4020688.564
1105,310.5,5682345.048
1106,310.6,7598264.696
1107,310.7,9585647.667
1108,310.8,11414935.196
1109,310.9,12858931.454
1110,311.0,13757746.361
1111,311.1,14060000.0
1112,311.2,13843198.184
1113,311.3,13263302.539
1114,311.4,12520000.0
1115,311.5,11774337.074
1116,311.6,11185711.788
1117,311.7,10899929.743
1118,311.8,11102016.602
1119,311.9,11962990.882
1120,312.0,13574095.803
1121,312.1,15834163.871
1122,312.2,18372764.916
1123,312.3,20601736.604
1124,312.4,21918099.853
1125,312.5,21880000.0
1126,312.6,20406236.388
1127,312.7,17798611.541
1128,312.8,14624583.975
1129,312.9,11484020.92
1130,313.0,8841847.364
1131,313.1,6894453.882
1132,313.2,5583368.845
1133,313.3,4697681.776
1134,313.4,3999905.771
1135,313.5,3327600.798
1136,313.6,2632000.0
1137,313.7,1950450.128
1138,313.8,1359794.531
1139,313.9,928400.0
1140,314.0,696974.234
1141,314.1,682265.328
1142,314.2,891481.94
1143,314.3,1330207.943
1144,314.4,1995831.942
1145,314.5,2856021.328
1146,314.6,3830338.517
1147,314.7,4779849.215
1148,314.8,5535677.241
1149,314.9,5943984.144
1150,315.0,5925000.0
1151,315.1,5503910.325
1152,315.2,4804121.868
1153,315.3,4001500.344
1154,315.4,3274529.922
1155,315.5,2755151.394
1156,315.6,2514054.584
1157,315.7,2557082.814
1158,315.8,2827350.002
1159,315.9,3215876.281
1160,316.0,3584218.256
1161,316.1,3793000.0
1162,316.2,3749016.756
1163,316.3,3435767.229
1164,316.4,2915000.0
1165,316.5,2303648.248
1166,316.6,1725549.401
1167,316.7,1274227.363
1168,316.8,995131.063
1169,316.9,893991.194
1170,317.0,957066.675
1171,317.1,1165821.191
1172,317.2,1499118.961
1173,317.3,1917941.619
1174,317.4,2355747.042
1175,317.5,2719000.0
1176,317.6,2915542.11
1177,317.7,2881022.265
1178,317.8,2612944.358
1179,317.9,2170380.52
1180,318.0,1651191.215
1181,318.1,1153624.77
1182,318.2,751622.214
1183,318.3,480246.58
1184,318.4,344855.959
1185,318.5,333378.364
1186,318.6,427100.0
1187,318.7,603536.13
1188,318.8,833038.532
1189,318.9,1077000.0
1190,319.0,1287245.028
1191,319.1,1423613.144
1192,319.2,1457532.602
1193,319.3,1387631.097
1194,319.4,1242017.002
1195,319.5,1066612.893
1196,319.6,913066.449
1197,319.7,822146.712
1198,319.8,811165.676
1199,319.9,869069.36
1200,320.0,961300.0
1201,320.1,1044438.142
1202,320.2,1084902.87
1203,320.3,1080297.259
1204,320.4,1070647.37
1205,320.5,1141899.14
1206,320.6,1416659.386
1207,320.7,2035128.551
1208,320.8,3110751.592
1209,320.9,4684249.191
1210,321.0,6657448.114
1211,321.1,8774000.0
1212,321.2,10642545.532
1213,321.3,11847897.522
1214,321.4,12090000.0
1215,321.5,11303721.861
1216,321.6,9695325.01
1217,321.7,7664693.143
1218,321.8,5698189.913
1219,321.9,4264367.882
1220,322.0,3794693.854
1221,322.1,4736040.553
1222,322.2,7596108.246
1223,322.3,12910079.947
1224,322.4,21033131.587
1225,322.5,31859999.999
1226,322.6,44523503.661
1227,322.7,57301828.657
1228,322.8,67976124.574
1229,322.9,74384582.824
1230,323.0,75202158.937
1231,323.1,70322476.959
1232,323.2,60969760.4
1233,323.3,49192759.642
1234,323.4,37231328.772
1235,323.5,26958685.632
1236,323.6,19520000.0
1237,323.7,15327976.53
1238,323.8,14172634.101
1239,323.9,15480000.0
1240,324.0,18454474.04
1241,324.1,22192935.154
1242,324.2,25764148.221
1243,324.3,28331609.085
1244,324.4,29277489.203
1245,324.5,28380121.905
1246,324.6,25897116.636
1247,324.7,22505150.459
1248,324.8,19115938.375
1249,324.9,16604765.358
1250,325.0,15620000.0
1251,325.1,16445997.212
1252,325.2,19071747.488
1253,325.3,23209001.239
1254,325.4,28352093.561
1255,325.5,33850961.624
1256,325.6,38903016.209
1257,325.7,42742054.487
1258,325.8,44761860.57
1259,325.9,44691463.684
1260,326.0,42689871.183
1261,326.1,39280000.0
1262,326.2,35203592.712
1263,326.3,31148283.785
1264,326.4,27600000.0
1265,326.5,24761157.0
1266,326.6,22546473.724
1267,326.7,20728421.763
1268,326.8,19052632.569
1269,326.9,17346803.123
1270,327.0,15510264.714
1271,327.1,13559413.463
1272,327.2,11551118.913
1273,327.3,9569006.732
1274,327.4,7715000.016
1275,327.5,6061000.0
1276,327.6,4655950.631
1277,327.7,3513614.944
1278,327.8,2619736.634
1279,327.9,1935012.008
1280,328.0,1415627.778
1281,328.1,1017743.284
1282,328.2,711378.026
1283,328.3,477040.661
1284,328.4,303258.44
1285,328.5,181239.434
1286,328.6,102000.0
1287,328.7,56180.277
1288,328.8,36636.753
1289,328.9,40650.0
1290,329.0,72504.048
1291,329.1,144592.177
1292,329.2,276750.35
1293,329.3,491047.151
1294,329.4,803947.782
1295,329.5,1216102.883
1296,329.6,1701529.693
1297,329.7,2213564.731
1298,329.8,2695494.537
1299,329.9,3101737.205
1300,330.0,3421000.0
1301,330.1,3683023.106
1302,330.2,3947216.692
1303,330.3,4276063.295
1304,330.4,4700301.607
1305,330.5,5197941.936
1306,330.6,5685912.268
1307,330.7,6037758.813
1308,330.8,6126402.951
1309,330.9,5869551.349
1310,331.0,5264747.153
1311,331.1,4396000.0
1312,331.2,3404089.958
1313,331.3,2437205.04
1314,331.4,1611000.0
1315,331.5,982096.213
1316,331.6,551994.093
1317,331.7,287415.919
1318,331.8,143633.773
1319,331.9,83695.563
1320,332.0,91293.678
1321,332.1,180241.841
1322,332.2,404019.698
1323,332.3,864216.145
1324,332.4,1709274.833
1325,332.5,3114000.0
1326,332.6,5220187.227
1327,332.7,8050042.965
1328,332.8,11421724.978
1329,332.9,14915443.161
1330,333.0,17912317.009
1331,333.1,19792576.888
1332,333.2,20127184.211
1333,333.3,18831477.93
1334,333.4,16204205.342
1335,333.5,12838141.257
1336,333.6,9352000.0
1337,333.7,6269985.048
1338,333.8,3867314.501
1339,333.9,2195000.0
1340,334.0,1145976.747
1341,334.1,550450.47
1342,334.2,243296.033
1343,334.3,98871.831
1344,334.4,37019.424
1345,334.5,12745.166
1346,334.6,4046.951
1347,334.7,1230.815
1348,334.8,531.019
1349,334.9,843.004
1350,335.0,2528.0
1351,335.1,7569.962
1352,335.2,21051.034
1353,335.3,53949.441
1354,335.4,127449.943
1355,335.5,277482.785
1356,335.6,556973.008
1357,335.7,1031023.471
1358,335.8,1757842.106
1359,335.9,2766302.62
1360,336.0,4011200.266
1361,336.1,5365000.0
1362,336.2,6619167.389
1363,336.3,7533106.413
1364,336.4,7909000.0
1365,336.5,7663816.115
1366,336.6,6854308.556
1367,336.7,5659937.322
1368,336.8,4316769.682
1369,336.9,3041320.079
1370,337.0,1980903.889
1371,337.1,1192930.27
1372,337.2,664256.249
1373,337.3,342354.315
1374,337.4,163416.396
1375,337.5,72300.0
1376,337.6,29688.417
1377,337.7,11387.462
1378,337.8,4164.171
1379,337.9,1560.007
1380,338.0,718.728
1381,338.1,485.952
1382,338.2,434.567
1383,338.3,420.38
1384,338.4,399.66
1385,338.5,363.554
1386,338.6,314.7
1387,338.7,258.608
1388,338.8,201.404
1389,338.9,148.2
1390,339.0,102.699
1391,339.1,66.754
1392,339.2,40.6
1393,339.3,23.106
1394,339.4,12.472
1395,339.5,6.806
1396,339.6,4.633
1397,339.7,5.05
1398,339.8,7.703
1399,339.9,12.559
1400,340.0,19.61
1401,340.1,28.507
1402,340.2,38.509
1403,340.3,48.809
1404,340.4,60.364
1405,340.5,81.426
1406,340.6,143.115
1407,340.7,341.829
1408,340.8,944.337
1409,340.9,2611.533
1410,341.0,6840.86
1411,341.1,16660.0
1412,341.2,37565.464
1413,341.3,78296.606
1414,341.4,150800.0
1415,341.5,268458.778
1416,341.6,441663.057
1417,341.7,671459.69
1418,341.8,943895.608
1419,341.9,1225909.308
1420,342.0,1473817.321
1421,342.1,1640782.868
1422,342.2,1695329.999
1423,342.3,1630541.818
1424,342.4,1472061.821
1425,342.5,1262000.0
1426,342.6,1053690.144
1427,342.7,899735.289
1428,342.8,869519.373
1429,342.9,1107422.586
1430,343.0,1972192.539
1431,343.1,4295695.251
1432,343.2,9807054.732
1433,343.3,21691752.407
1434,343.4,45106013.648
1435,343.5,87248509.419
1436,343.6,156499999.993
1437,343.7,259679615.663
1438,343.8,398835366.568
1439,343.9,566499999.986
1440,344.0,744388099.159
1441,344.1,904621270.659
1442,344.2,1017297393.22
1443,344.3,1057495421.771
1444,344.4,1017289368.332
1445,344.5,904834015.503
1446,344.6,744667817.83
1447,344.7,567082145.508
1448,344.8,399863971.473
1449,344.9,261886328.378
1450,345.0,161000000.007
1451,345.1,96743974.023
1452,345.2,64520636.611
1453,345.3,59249141.636
1454,345.4,77811390.39
1455,345.5,118799893.508
1456,345.6,180981679.817
1457,345.7,260269096.365
1458,345.8,348382278.276
1459,345.9,432224353.412
1460,346.0,496886531.419
1461,346.1,528999999.999
1462,346.2,521769635.303
1463,346.3,477319954.649
1464,346.4,406400000.007
1465,346.5,324572854.101
1466,346.6,248833768.768
1467,346.7,193011582.19
1468,346.8,166008099.526
1469,346.9,171139705.607
1470,347.0,206635623.122
1471,347.1,265195909.881
1472,347.2,335553193.758
1473,347.3,403641482.012
1474,347.4,455595289.188
1475,347.5,481599999.999
1476,347.6,479364144.924
1477,347.7,454662093.503
1478,347.8,419408685.74
1479,347.9,387303082.116
1480,348.0,368527907.928
1481,348.1,366972462.885
1482,348.2,379469499.909
1483,348.3,398558231.918
1484,348.4,416041674.902
1485,348.5,426055189.657
1486,348.6,425800000.0
1487,348.7,415331605.582
1488,348.8,395314223.162
1489,348.9,366200000.003
1490,349.0,328337000.891
1491,349.1,282748158.606
1492,349.2,231882860.101
1493,349.3,179826459.781
1494,349.4,131132500.202
1495,349.5,89410578.888
1496,349.6,56882868.398
1497,349.7,33678160.363
1498,349.8,18534040.98
1499,349.9,9469269.078
1500,350.0,4494000.0
1501,350.1,1986221.292
1502,350.2,833103.859
1503,350.3,365444.061
1504,350.4,229192.68
1505,350.5,262852.306
1506,350.6,404868.511
1507,350.7,635333.252
1508,350.8,941512.794
1509,350.9,1298715.109
1510,351.0,1662932.537
1511,351.1,1976000.0
1512,351.2,2178032.206
1513,351.3,2227011.034
1514,351.4,2113000.0
1515,351.5,1860212.008
1516,351.6,1519300.05
1517,351.7,1151645.136
1518,351.8,809828.182
1519,351.9,528275.195
1520,352.0,319801.916
1521,352.1,179733.314
1522,352.2,94148.73
1523,352.3,46903.29
1524,352.4,24650.13
1525,352.5,18940.0
1526,352.6,26707.064
1527,352.7,49848.098
1528,352.8,94355.491
1529,352.9,168873.907
1530,353.0,281935.152
1531,353.1,438383.944
1532,353.2,634783.319
1533,353.3,856307.632
1534,353.4,1076348.617
1535,353.5,1261876.773
1536,353.6,1382000.0
1537,353.7,1412417.097
1538,353.8,1349059.539
1539,353.9,1205000.0
1540,354.0,1008163.155
1541,354.1,789756.958
1542,354.2,579974.428
1543,354.3,399367.223
1544,354.4,257994.373
1545,354.5,156403.08
1546,354.6,89125.826
1547,354.7,48169.486
1548,354.8,25813.948
1549,354.9,16344.03
1550,355.0,16870.0
1551,355.1,27465.651
1552,355.2,50979.722
1553,355.3,92306.546
1554,355.4,156903.67
1555,355.5,248446.571
1556,355.6,365961.533
1557,355.7,501528.703
1558,355.8,639544.368
1559,355.9,759084.946
1560,356.0,839532.978
1561,356.1,866300.0
1562,356.2,836250.077
1563,356.3,759964.151
1564,356.4,660700.0
1565,356.5,574528.659
1566,356.6,554719.333
1567,356.7,687172.825
1568,356.8,1115737.807
1569,356.9,2073851.581
1570,357.0,3905681.082
1571,357.1,7052245.29
1572,357.2,11966835.973
1573,357.3,18957152.986
1574,357.4,27971304.194
1575,357.5,38419999.999
1576,357.6,49098402.029
1577,357.7,58392085.846
1578,357.8,64600822.272
1579,357.9,66491675.241
1580,358.0,63676697.29
1581,358.1,56724719.185
1582,358.2,47023717.98
1583,358.3,36269188.016
1584,358.4,26038851.597
1585,358.5,17438163.337
1586,358.6,10940000.0
1587,358.7,6542302.248
1588,358.8,3932174.385
1589,358.9,2682000.0
1590,359.0,2399037.182
1591,359.1,2761064.411
1592,359.2,3518152.141
1593,359.3,4453790.682
1594,359.4,5374517.516
1595,359.5,6114046.71
1596,359.6,6563758.142
1597,359.7,6707603.854
1598,359.8,6646135.457
1599,359.9,6595313.507
1600,360.0,6868000.0
1601,360.1,7829251.504
1602,360.2,9851236.405
1603,360.3,13211665.953
1604,360.4,18016537.32
1605,360.5,24081247.486
1606,360.6,30868517.863
1607,360.7,37520397.825
1608,360.8,42987422.564
1609,360.9,46316697.864
1610,361.0,46867309.846
1611,361.1,44530000.0
1612,361.2,39740006.204
1613,361.3,33324856.874
1614,361.4,26330000.001
1615,361.5,19657144.804
1616,361.6,13988153.08
1617,361.7,9648829.457
1618,361.8,6687011.822
1619,361.9,4950844.562
1620,362.0,4178633.79
1621,362.1,4070214.321
1622,362.2,4333740.853
1623,362.3,4704691.43
1624,362.4,4972446.785
1625,362.5,4999000.0
1626,362.6,4731214.465
1627,362.7,4203921.931
1628,362.8,3511873.615
1629,362.9,2779403.318
1630,363.0,2122213.269
1631,363.1,1616447.449
1632,363.2,1291922.578
1633,363.3,1135098.016
1634,363.4,1098591.293
1635,363.5,1122880.311
1636,363.6,1151000.0
1637,363.7,1141831.195
1638,363.8,1075308.38
1639,363.9,953600.0
1640,364.0,796729.419
1641,364.1,632019.309
1642,364.2,486568.352
1643,364.3,380549.302
1644,364.4,324618.995
1645,364.5,320024.745
1646,364.6,361004.5
1647,364.7,438006.241
1648,364.8,541607.566
1649,364.9,666695.392
1650,365.0,818200.0
1651,365.1,1016016.725
1652,365.2,1299495.184
1653,365.3,1723746.171
1654,365.4,2355870.204
1655,365.5,3246552.374
1656,365.6,4411945.284
1657,365.7,5799373.801
1658,365.8,7278292.272
1659,365.9,8651036.848
1660,366.0,9691937.636
1661,366.1,10210000.0
1662,366.2,10107407.837
1663,366.3,9395137.509
1664,366.4,8224000.0
1665,366.5,6802053.994
1666,366.6,5357600.03
1667,366.7,4084753.321
1668,366.8,3115244.976
1669,366.9,2521344.277
1670,367.0,2331506.646
1671,367.1,2552208.472
1672,367.2,3169624.718
1673,367.3,4148002.737
1674,367.4,5418553.841
1675,367.5,6871000.0
1676,367.6,8360788.456
1677,367.7,9735591.67
1678,367.8,10857698.984
1679,367.9,11632276.41
1680,368.0,11996309.496
1681,368.1,11957665.844
1682,368.2,11523047.865
1683,368.3,10736652.848
1684,368.4,9650068.201
1685,368.5,8354674.936
1686,368.6,6953000.0
1687,368.7,5562419.371
1688,368.8,4299716.032
1689,368.9,3266000.0
1690,369.0,2528568.28
1691,369.1,2119307.961
1692,369.2,2032903.367
1693,369.3,2229224.677
1694,369.4,2646918.163
1695,369.5,3212006.678
1696,369.6,3859342.335
1697,369.7,4566344.305
1698,369.8,5364737.561
1699,369.9,6354955.397
1700,370.0,7682000.0
1701,370.1,9481123.81
1702,370.2,11807241.369
1703,370.3,14557256.977
1704,370.4,17451212.307
1705,370.5,20072269.988
1706,370.6,21929144.32
1707,370.7,22637390.974
1708,370.8,22021831.827
1709,370.9,20202575.582
1710,371.0,17536259.935
1711,371.1,14550000.0
1712,371.2,11802273.957
1713,371.3,9734772.484
1714,371.4,8614000.0
1715,371.5,8476319.632
1716,371.6,9151749.581
1717,371.7,10317077.324
1718,371.8,11558781.217
1719,371.9,12504560.275
1720,372.0,12855029.378
1721,372.1,12520384.386
1722,372.2,11578767.546
1723,372.3,10278781.07
1724,372.4,8981670.179
1725,372.5,8016000.0
1726,372.6,7632865.28
1727,372.7,7937283.19
1728,372.8,8867199.925
1729,372.9,10213182.602
1730,373.0,11662800.501
1731,373.1,12870741.906
1732,373.2,13533405.817
1733,373.3,13470138.39
1734,373.4,12626406.678
1735,373.5,11150393.788
1736,373.6,9256000.0
1737,373.7,7234546.442
1738,373.8,5344132.461
1739,373.9,3773000.0
1740,374.0,2613808.98
1741,374.1,1880328.009
1742,374.2,1521755.202
1743,374.3,1453175.417
1744,374.4,1576067.81
1745,374.5,1791005.302
1746,374.6,2010360.616
1747,374.7,2164808.327
1748,374.8,2217483.937
1749,374.9,2161926.89
1750,375.0,2027000.0
1751,375.1,1856445.02
1752,375.2,1703770.958
1753,375.3,1605071.125
1754,375.4,1573956.167
1755,375.5,1597869.898
1756,375.6,1643411.772
1757,375.7,1672722.059
1758,375.8,1656672.897
1759,375.9,1587491.147
1760,376.0,1482541.954
1761,376.1,1378000.0
1762,376.2,1320269.497
1763,376.3,1349887.353
1764,376.4,1493000.0
1765,376.5,1749664.692
1766,376.6,2095415.185
1767,376.7,2488918.432
1768,376.8,2875548.451
1769,376.9,3205762.654
1770,377.0,3439113.859
1771,377.1,3552592.415
1772,377.2,3538291.703
1773,377.3,3404220.403
1774,377.4,3167379.22
1775,377.5,2852000.0
1776,377.6,2486504.172
1777,377.7,2108245.699
1778,377.8,1752682.952
1779,377.9,1459395.722
1780,378.0,1262986.327
1781,378.1,1194619.023
1782,378.2,1277666.284
1783,378.3,1526752.094
1784,378.4,1944895.197
1785,378.5,2520733.331
1786,378.6,3222000.0
1787,378.7,3993180.678
1788,378.8,4752055.269
1789,378.9,5403000.0
1790,379.0,5853389.723
1791,379.1,6042778.452
1792,379.2,5967862.646
1793,379.3,5697354.934
1794,379.4,5375659.053
1795,379.5,5205509.294
1796,379.6,5429808.325
1797,379.7,6320243.039
1798,379.8,8167373.272
1799,379.9,11269170.167
1800,380.0,15929999.999
1801,380.1,22377994.936
1802,380.2,30643738.287
1803,380.3,40478700.44
1804,380.4,51222676.262
1805,380.5,61759955.398
1806,380.6,70724656.221
1807,380.7,76728020.509
1808,380.8,78731188.615
1809,380.9,76348288.162
1810,381.0,69934456.093
1811,381.1,60560000.001
1812,381.2,49665043.751
1813,381.3,38812322.501
1814,381.4,29330000.001
1815,381.5,22227528.559
1816,381.6,18089873.33
1817,381.7,17196891.398
1818,381.8,19512045.299
1819,381.9,24721796.0
1820,382.0,32193553.02
1821,382.1,40923632.715
1822,382.2,49633830.34
1823,382.3,56934899.552
1824,382.4,61637098.407
1825,382.5,63050000.0
1826,382.6,61242142.591
1827,382.7,56998032.917
1828,382.8,51658650.795
1829,382.9,46676922.47
1830,383.0,43290368.939
1831,383.1,42139347.112
1832,383.2,43180397.013
1833,383.3,45762979.972
1834,383.4,48931984.276
1835,383.5,51738402.72
1836,383.6,53510000.0
1837,383.7,53964683.664
1838,383.8,53174739.676
1839,383.9,51410000.0
1840,384.0,48968266.563
1841,384.1,46000656.726
1842,384.2,42551367.308
1843,384.3,38553150.881
1844,384.4,34019550.624
1845,384.5,29060727.521
1846,384.6,23895824.218
1847,384.7,18836855.827
1848,384.8,14195268.846
1849,384.9,10194887.06
1850,385.0,6974000.0
1851,385.1,4534371.279
1852,385.2,2801120.139
1853,385.3,1641713.325
1854,385.4,911987.815
1855,385.5,480095.276
1856,385.6,239205.123
1857,385.7,112881.647
1858,385.8,50941.729
1859,385.9,23104.909
1860,386.0,13193.942
1861,386.1,13930.0
1862,386.2,23810.717
1863,386.3,45334.153
1864,386.4,83930.0
1865,386.5,147122.475
1866,386.6,242912.627
1867,386.7,377618.073
1868,386.8,552608.862
1869,386.9,761248.347
1870,387.0,987059.741
1871,387.1,1204993.839
1872,387.2,1384276.642
1873,387.3,1497083.944
1874,387.4,1524432.662
1875,387.5,1462000.0
1876,387.6,1320564.506
1877,387.7,1126380.113
1878,387.8,911109.478
1879,387.9,708540.92
1880,388.0,546559.563
1881,388.1,446868.203
1882,388.2,422933.505
1883,388.3,481890.597
1884,388.4,623471.131
1885,388.5,839598.576
1886,388.6,1112000.0
1887,388.7,1414061.497
1888,388.8,1710314.229
1889,388.9,1969000.0
1890,389.0,2166010.38
1891,389.1,2297371.568
1892,389.2,2381090.416
1893,389.3,2450931.012
1894,389.4,2545906.318
1895,389.5,2693509.428
1896,389.6,2896206.22
1897,389.7,3126207.146
1898,389.8,3333533.725
1899,389.9,3456897.377
1900,390.0,3449000.0
1901,390.1,3289045.573
1902,390.2,2991394.183
1903,390.3,2601685.703
1904,390.4,2185270.563
1905,390.5,1806675.381
1906,390.6,1515888.676
1907,390.7,1339404.101
1908,390.8,1275117.175
1909,390.9,1296595.594
1910,391.0,1367292.89
1911,391.1,1449000.0
1912,391.2,1512777.416
1913,391.3,1555505.652
1914,391.4,1600000.0
1915,391.5,1699343.592
1916,391.6,1927137.636
1917,391.7,2372968.353
1918,391.8,3123912.517
1919,391.9,4242599.594
1920,392.0,5750679.773
1921,392.1,7603160.284
1922,392.2,9679402.286
1923,392.3,11784010.476
1924,392.4,13688128.174
1925,392.5,15140000.0
1926,392.6,15942913.207
1927,392.7,15983687.754
1928,392.8,15278638.777
1929,392.9,13941811.906
1930,393.0,12163638.378
1931,393.1,10168685.155
1932,393.2,8202086.169
1933,393.3,6409649.981
1934,393.4,4901328.575
1935,393.5,3706299.279
1936,393.6,2805000.0
1937,393.7,2145553.729
1938,393.8,1664883.641
1939,393.9,1308000.0
1940,394.0,1032094.415
1941,394.1,815926.457
1942,394.2,653349.376
1943,394.3,550858.586
1944,394.4,523488.873
1945,394.5,590135.256
1946,394.6,768822.246
1947,394.7,1071801.219
1948,394.8,1497328.385
1949,394.9,2026222.942
1950,395.0,2614000.0
1951,395.1,3194736.304
1952,395.2,3690812.9
1953,395.3,4025428.097
1954,395.4,4145249.619
1955,395.5,4030084.989
1956,395.6,3697365.011
1957,395.7,3203240.785
1958,395.8,2619258.715
1959,395.9,2022868.708
1960,396.0,1475060.686
1961,396.1,1016000.0
1962,396.2,661816.588
1963,396.3,409430.464
1964,396.4,244200.0
1965,396.5,148270.26
1966,396.6,105896.037
1967,396.7,107759.648
1968,396.8,151624.51
1969,396.9,242311.746
1970,397.0,389520.777
1971,397.1,606118.863
1972,397.2,905174.231
1973,397.3,1298755.507
1974,397.4,1796301.436
1975,397.5,2406000.0
1976,397.6,3139058.685
1977,397.7,4004112.854
1978,397.8,5010075.405
1979,397.9,6159529.172
1980,398.0,7437493.977
1981,398.1,8802722.824
1982,398.2,10178284.997
1983,398.3,11470555.745
1984,398.4,12543223.797
1985,398.5,13284042.403
1986,398.6,13580000.0
1987,398.7,13376831.342
1988,398.8,12666130.756
1989,398.9,11530000.0
1990,399.0,10077696.025
1991,399.1,8448440.489
1992,399.2,6800280.756
1993,399.3,5263277.094
1994,399.4,3927217.37
1995,399.5,2843560.412
1996,399.6,2022196.166
1997,399.7,1447282.88
1998,399.8,1082065.731
1999,399.9,887310.556
2000,400.0,816800.0
2001,400.1,829201.399
2002,400.2,887559.811
2003,400.3,963079.047
2004,400.4,1039349.507
2005,400.5,1115697.099
2006,400.6,1212525.695
2007,400.7,1370055.402
2008,400.8,1652822.801
2009,400.9,2143176.444
2010,401.0,2938064.763
2011,401.1,4136000.0
2012,401.2,5812796.85
2013,401.3,7992677.29
2014,401.4,10620000.0
2015,401.5,13529828.934
2016,401.6,16473050.133
2017,401.7,19158283.907
2018,401.8,21325755.347
2019,401.9,22875261.361
2020,402.0,23994840.993
2021,402.1,25198522.041
2022,402.2,27383817.423
2023,402.3,31724047.504
2024,402.4,39552409.748
2025,402.5,52089999.998
2026,402.6,70201958.096
2027,402.7,94015348.552
2028,402.8,122644311.856
2029,402.9,154349735.564
2030,403.0,186053217.152
2031,403.1,214511077.131
2032,403.2,236486827.028
2033,403.3,249359832.724
2034,403.4,252144172.423
2035,403.5,245329785.007
2036,403.6,231000000.002
2037,403.7,211976220.967
2038,403.8,191374300.307
2039,403.9,171700000.002
2040,404.0,154423867.51
2041,404.1,139825068.794
2042,404.2,127539186.743
2043,404.3,116575877.736
2044,404.4,106493217.681
2045,404.5,96699775.772
2046,404.6,87428858.433
2047,404.7,78990667.597
2048,404.8,71808326.241
2049,404.9,66172085.711
2050,405.0,62210000.0
2051,405.1,59836229.704
2052,405.2,58856036.788
2053,405.3,58947240.106
2054,405.4,59731954.593
2055,405.5,60761359.688
2056,405.6,61580379.477
2057,405.7,61785395.247
2058,405.8,61060289.745
2059,405.9,59278250.119
2060,406.0,56476328.858
2061,406.1,52820000.0
2062,406.2,48565747.999
2063,406.3,43971762.417
2064,406.4,39250000.001
2065,406.5,34579944.727
2066,406.6,30077175.249
2067,406.7,25874428.067
2068,406.8,22040278.073
2069,406.9,18695504.464
2070,407.0,15911527.153
2071,407.1,13815727.922
2072,407.2,12493668.415
2073,407.3,12086782.033
2074,407.4,12705529.247
2075,407.5,14470000.0
2076,407.6,17434879.365
2077,407.7,21565731.316
2078,407.8,26688349.706
2079,407.9,32442464.232
2080,408.0,38327951.052
2081,408.1,43694674.805
2082,408.2,47906531.376
2083,408.3,50366626.069
2084,408.4,50725449.293
2085,408.5,48884421.251
2086,408.6,45090000.001
2087,408.7,39817235.56
2088,408.8,33726050.821
2089,408.9,27480000.001
2090,409.0,21620505.339
2091,409.1,16536310.675
2092,409.2,12387867.815
2093,409.3,9172447.619
2094,409.4,6779572.857
2095,409.5,5045602.292
2096,409.6,3814168.356
2097,409.7,2957021.498
2098,409.8,2382443.385
2099,409.9,2028327.465
2100,410.0,1850000.0
2101,410.1,1816034.937
2102,410.2,1893896.349
2103,410.3,2050136.63
2104,410.4,2249036.802
2105,410.5,2457806.719
2106,410.6,2646442.821
2107,410.7,2798526.845
2108,410.8,2907337.568
2109,410.9,2979122.119
2110,411.0,3029659.152
2111,411.1,3074000.0
2112,411.2,3120566.752
2113,411.3,3169626.589
2114,411.4,3210000.0
2115,411.5,3226999.147
2116,411.6,3211383.822
2117,411.7,3160299.824
2118,411.8,3079002.555
2119,411.9,2984643.445
2120,412.0,2889836.227
2121,412.1,2803774.356
2122,412.2,2728129.637
2123,412.3,2658158.226
2124,412.4,2586241.685
2125,412.5,2514000.0
2126,412.6,2455101.038
2127,412.7,2437620.721
2128,412.8,2495354.122
2129,412.9,2667060.092
2130,413.0,2974458.874
2131,413.1,3420332.608
2132,413.2,3979358.175
2133,413.3,4601720.478
2134,413.4,5221233.334
2135,413.5,5770565.998
2136,413.6,6194000.0
2137,413.7,6459899.989
2138,413.8,6562837.114
2139,413.9,6519000.0
2140,414.0,6363898.88
2141,414.1,6135759.655
2142,414.2,5874334.131
2143,414.3,5611143.033
2144,414.4,5370299.586
2145,414.5,5161481.311
2146,414.6,4980168.001
2147,414.7,4808697.042
2148,414.8,4617507.605
2149,414.9,4374125.474
2150,415.0,4054000.0
2151,415.1,3650283.551
2152,415.2,3171439.069
2153,415.3,2647637.359
2154,415.4,2116277.411
2155,415.5,1618581.581
2156,415.6,1186456.741
2157,415.7,840201.5
2158,415.8,584741.218
2159,415.9,415177.508
2160,416.0,318288.05
2161,416.1,277600.0
2162,416.2,275963.227
2163,416.3,298628.006
2164,416.4,334500.0
2165,416.5,377742.491
2166,416.6,428981.333
2167,416.7,496566.562
2168,416.8,595433.459
2169,416.9,745801.451
2170,417.0,968253.588
2171,417.1,1278559.34
2172,417.2,1680287.133
2173,417.3,2158765.297
2174,417.4,2682346.924
2175,417.5,3202000.0
2176,417.6,3659581.762
2177,417.7,4004417.554
2178,417.8,4196702.547
2179,417.9,4223008.406
2180,418.0,4099412.41
2181,418.1,3861536.518
2182,418.2,3562834.784
2183,418.3,3259566.654
2184,418.4,3000569.5
2185,418.5,2819406.795
2186,418.6,2730000.0
2187,418.7,2722997.592
2188,418.8,2770295.78
2189,418.9,2833000.0
2190,419.0,2870490.51
2191,419.1,2851468.891
2192,419.2,2758343.221
2193,419.3,2598710.092
2194,419.4,2399663.965
2195,419.5,2200305.729
2196,419.6,2041487.76
2197,419.7,1956789.531
2198,419.8,1956955.816
2199,419.9,2034918.738
2200,420.0,2159000.0
2201,420.1,2285972.548
2202,420.2,2371546.483
2203,420.3,2378391.568
2204,420.4,2287545.782
2205,420.5,2100449.699
2206,420.6,1837080.578
2207,420.7,1528214.095
2208,420.8,1210026.263
2209,420.9,914360.86
2210,421.0,664966.246
2211,421.1,475100.0
2212,421.2,348941.583
2213,421.3,284415.524
2214,421.4,275300.0
2215,421.5,313240.561
2216,421.6,388374.737
2217,421.7,489292.811
2218,421.8,603095.172
2219,421.9,716454.347
2220,422.0,818381.783
2221,422.1,904757.746
2222,422.2,983550.989
2223,422.3,1082334.678
2224,422.4,1252557.157
2225,422.5,1575000.0
2226,422.6,2158993.37
2227,422.7,3134172.976
2228,422.8,4631702.322
2229,422.9,6757876.044
2230,423.0,9556667.037
2231,423.1,12964991.558
2232,423.2,16810229.269
2233,423.3,20772411.546
2234,423.4,24439047.464
2235,423.5,27385033.187
2236,423.6,29240000.0
2237,423.7,29736456.249
2238,423.8,28846175.572
2239,423.9,26700000.0
2240,424.0,23616709.218
2241,424.1,19962237.905
2242,424.2,16152803.081
2243,424.3,12530632.668
2244,424.4,9331711.672
2245,424.5,6683690.689
2246,424.6,4622783.363
2247,424.7,3115836.878
2248,424.8,2090982.483
2249,424.9,1468496.603
2250,425.0,1171000.0
2251,425.1,1137487.049
2252,425.2,1319224.743
2253,425.3,1679054.333
2254,425.4,2183429.148
2255,425.5,2798608.483
2256,425.6,3493149.545
2257,425.7,4239475.703
2258,425.8,5017902.564
2259,425.9,5819093.817
2260,426.0,6643492.935
2261,426.1,7488000.0
2262,426.2,8340302.003
2263,426.3,9158867.59
2264,426.4,9875000.0
2265,426.5,10399095.643
2266,426.6,10633805.929
2267,426.7,10511004.345
2268,426.8,10017356.964
2269,426.9,9180927.543
2270,427.0,8103171.167
2271,427.1,6927129.855
2272,427.2,5810548.074
2273,427.3,4900778.412
2274,427.4,4312030.925
2275,427.5,4109000.0
2276,427.6,4299486.942
2277,427.7,4835722.615
2278,427.8,5623573.957
2279,427.9,6533088.157
2280,428.0,7415849.641
2281,428.1,8130182.462
2282,428.2,8558125.722
2283,428.3,8631215.159
2284,428.4,8335489.249
2285,428.5,7712144.693
2286,428.6,6844000.0
2287,428.7,5839551.335
2288,428.8,4805020.632
2289,428.9,3833000.0
2290,429.0,2985211.261
2291,429.1,2293565.282
2292,429.2,1765090.68
2293,429.3,1384795.541
2294,429.4,1131468.263
2295,429.5,977434.192
2296,429.6,897172.078
2297,429.7,867251.094
2298,429.8,866756.727
2299,429.9,877514.635
2300,430.0,883900.0
2301,430.1,874333.163
2302,430.2,842352.317
2303,430.3,787001.148
2304,430.4,712556.158
2305,430.5,626989.993
2306,430.6,539870.327
2307,430.7,459498.741
2308,430.8,391427.821
2309,430.9,337537.973
2310,431.0,296573.374
2311,431.1,264900.0
2312,431.2,238168.016
2313,431.3,212760.279
2314,431.4,186400.0
2315,431.5,158516.594
2316,431.6,129887.637
2317,431.7,102106.499
2318,431.8,76716.298
2319,431.9,55009.201
2320,432.0,37585.551
2321,432.1,24463.22
2322,432.2,15157.403
2323,432.3,8940.886
2324,432.4,5018.476
2325,432.5,2681.0
2326,432.6,1362.594
2327,432.7,659.949
2328,432.8,305.199
2329,432.9,136.383
2330,433.0,61.781
2331,433.1,32.858
2332,433.2,25.844
2333,433.3,29.907
2334,433.4,40.319
2335,433.5,54.939
2336,433.6,72.34
2337,433.7,90.982
2338,433.8,109.114
2339,433.9,124.5
2340,434.0,135.399
2341,434.1,140.074
2342,434.2,138.101
2343,434.3,129.517
2344,434.4,115.703
2345,434.5,98.374
2346,434.6,79.694
2347,434.7,61.448
2348,434.8,45.117
2349,434.9,31.554
2350,435.0,21.05
2351,435.1,13.424
2352,435.2,8.269
2353,435.3,5.049
2354,435.4,3.268
2355,435.5,2.517
2356,435.6,2.507
2357,435.7,3.066
2358,435.8,4.167
2359,435.9,6.048
2360,436.0,9.634
2361,436.1,17.65
2362,436.2,37.315
2363,436.3,86.444
2364,436.4,206.4
2365,436.5,486.986
2366,436.6,1113.098
2367,436.7,2439.631
2368,436.8,5110.436
2369,436.9,10216.147
2370,437.0,19466.033
2371,437.1,35359.92
2372,437.2,61208.635
2373,437.3,100981.609
2374,437.4,158811.297
2375,437.5,237900.0
2376,437.6,339711.407
2377,437.7,462267.363
2378,437.8,599525.696
2379,437.9,740992.621
2380,438.0,872745.219
2381,438.1,979665.76
2382,438.2,1047774.912
2383,438.3,1068726.456
2384,438.4,1037901.27
2385,438.5,961125.019
2386,438.6,848100.0
2387,438.7,713224.064
2388,438.8,571689.842
2389,438.9,436700.0
2390,439.0,317894.001
2391,439.1,220696.796
2392,439.2,146240.603
2393,439.3,92768.04
2394,439.4,57148.078
2395,439.5,35703.859
2396,439.6,25628.346
2397,439.7,25534.858
2398,439.8,36101.244
2399,439.9,60598.022
2400,440.0,105600.0
2401,440.1,181724.615
2402,440.2,304474.813
2403,440.3,495248.804
2404,440.4,780733.936
2405,440.5,1191672.395
2406,440.6,1761922.927
2407,440.7,2516735.845
2408,440.8,3473297.115
2409,440.9,4624570.314
2410,441.0,5934344.558
2411,441.1,7335000.0
2412,441.2,8721424.672
2413,441.3,9977107.765
2414,441.4,10960000.0
2415,441.5,11578857.882
2416,441.6,11750016.521
2417,441.7,11459845.79
2418,441.8,10735775.47
2419,441.9,9687183.663
2420,442.0,8411959.932
2421,442.1,7042028.545
2422,442.2,5695470.559
2423,442.3,4469031.473
2424,442.4,3430029.564
2425,442.5,2623000.0
2426,442.6,2069404.606
2427,442.7,1782552.85
2428,442.8,1770151.171
2429,442.9,2032357.105
2430,443.0,2561985.086
2431,443.1,3337487.667
2432,443.2,4310641.853
2433,443.3,5405518.951
2434,443.4,6519553.272
2435,443.5,7532428.539
2436,443.6,8329000.0
2437,443.7,8819982.798
2438,443.8,8970098.696
2439,443.9,8814000.0
2440,444.0,8467940.356
2441,444.1,8119300.103
2442,444.2,8010623.726
2443,444.3,8414878.671
2444,444.4,9599441.138
2445,444.5,11789512.893
2446,444.6,15121232.077
2447,444.7,19635852.173
2448,444.8,25222554.526
2449,444.9,31659352.156
2450,445.0,38609999.999
2451,445.1,45702523.123
2452,445.2,52573037.124
2453,445.3,58915473.371
2454,445.4,64561635.297
2455,445.5,69426212.962
2456,445.6,73514281.643
2457,445.7,76836829.11
2458,445.8,79381164.383
2459,445.9,81063343.302
2460,446.0,81750190.764
2461,446.1,81240000.0
2462,446.2,79374352.283
2463,446.3,76086814.696
2464,446.4,71430000.001
2465,446.5,65607755.798
2466,446.6,58938213.203
2467,446.7,51855205.425
2468,446.8,44773272.889
2469,446.9,38077590.004
2470,447.0,32018593.967
2471,447.1,26745359.319
2472,447.2,22282884.693
2473,447.3,18573777.194
2474,447.4,15511604.347
2475,447.5,12970000.0
2476,447.6,10842645.419
2477,447.7,9063864.67
2478,447.8,7569493.397
2479,447.9,6331404.959
2480,448.0,5332317.391
2481,448.1,4559729.62
2482,448.2,4006774.059
2483,448.3,3669085.785
2484,448.4,3540310.263
2485,448.5,3607864.655
2486,448.6,3852000.0
2487,448.7,4240501.699
2488,448.8,4734400.286
2489,448.9,5291000.0
2490,449.0,5876490.557
2491,449.1,6476813.342
2492,449.2,7101386.502
2493,449.3,7783008.67
2494,449.4,8563964.386
2495,449.5,9479442.823
2496,449.6,10538009.857
2497,449.7,11718053.074
2498,449.8,12929260.287
2499,449.9,14050866.588
2500,450.0,14950000.0
2501,450.1,15488543.71
2502,450.2,15557780.962
2503,450.3,15122691.887
2504,450.4,14183496.779
2505,450.5,12825746.708
2506,450.6,11165196.912
2507,450.7,9357779.869
2508,450.8,7540133.207
2509,450.9,5838952.694
2510,451.0,4343865.706
2511,451.1,3104000.0
2512,451.2,2128374.158
2513,451.3,1400645.91
2514,451.4,883900.0
2515,451.5,534999.295
2516,451.6,310330.698
2517,451.7,172618.647
2518,451.8,91933.855
2519,451.9,46926.544
2520,452.0,22941.067
2521,452.1,10742.266
2522,452.2,4815.123
2523,452.3,2067.013
2524,452.4,848.726
2525,452.5,334.1
2526,452.6,125.71
2527,452.7,45.325
2528,452.8,15.637
2529,452.9,5.161
2530,453.0,1.63
2531,453.1,0.493
2532,453.2,0.142
2533,453.3,0.039
2534,453.4,0.01
2535,453.5,0.003
2536,453.6,0.001
2537,453.7,0.0
2538,453.8,0.0
2539,453.9,0.0
2540,454.0,0.0
2541,454.1,0.0
2542,454.2,0.0
2543,454.3,0.0
2544,454.4,0.0
2545,454.5,0.0
2546,454.6,0.0
2547,454.7,0.0
2548,454.8,0.0
2549,454.9,0.0
2550,455.0,0.0
2551,455.1,0.0
2552,455.2,0.0
2553,455.3,0.0
2554,455.4,0.0
2555,455.5,0.0
2556,455.6,0.0
2557,455.7,0.0
2558,455.8,0.0
2559,455.9,0.0
2560,456.0,0.0
2561,456.1,0.0
2562,456.2,0.0
2563,456.3,0.0
2564,456.4,0.0
2565,456.5,0.0
2566,456.6,0.0
2567,456.7,0.0
2568,456.8,0.0
2569,456.9,0.0
2570,457.0,0.0
2571,457.1,0.0
2572,457.2,0.0
2573,457.3,0.0
2574,457.4,0.0
2575,457.5,0.001
2576,457.6,0.004
2577,457.7,0.016
2578,457.8,0.059
2579,457.9,0.201
2580,458.0,0.658
2581,458.1,2.061
2582,458.2,6.171
2583,458.3,17.733
2584,458.4,48.714
2585,458.5,128.228
2586,458.6,323.1
2587,458.7,778.907
2588,458.8,1799.179
2589,458.9,3976.0
2590,459.0,8414.63
2591,459.1,17046.763
2592,459.2,33058.616
2593,459.3,61382.172
2594,459.4,109117.266
2595,459.5,185672.539
2596,459.6,302567.656
2597,459.7,471830.572
2598,459.8,704586.397
2599,459.9,1007512.352
2600,460.0,1378000.0
2601,460.1,1806194.393
2602,460.2,2265437.577
2603,460.3,2720088.74
2604,460.4,3127570.428
2605,460.5,3442143.47
2606,460.6,3627894.008
2607,460.7,3659598.309
2608,460.8,3534675.662
2609,460.9,3269155.813
2610,461.0,2896415.19
2611,461.1,2461000.0
2612,461.2,2008425.696
2613,461.3,1582648.086
2614,461.4,1220000.0
2615,461.5,943691.527
2616,461.6,772380.004
2617,461.7,714048.665
2618,461.8,774003.328
2619,461.9,953039.453
2620,462.0,1247393.381
2621,462.1,1645298.331
2622,462.2,2126547.64
2623,462.3,2655959.424
2624,462.4,3190035.569
2625,462.5,3675000.0
2626,462.6,4056937.614
2627,462.7,4291117.752
2628,462.8,4346178.012
2629,462.9,4217138.892
2630,463.0,3917877.207
2631,463.1,3487286.094
2632,463.2,2972445.81
2633,463.3,2426466.928
2634,463.4,1896509.54
2635,463.5,1420161.253
2636,463.6,1019000.0
2637,463.7,699549.261
2638,463.8,460194.21
2639,463.9,289900.0
2640,464.0,174939.905
2641,464.1,101084.378
2642,464.2,55944.84
2643,464.3,29656.29
2644,464.4,15050.331
2645,464.5,7320.822
2646,464.6,3408.491
2647,464.7,1520.956
2648,464.8,651.626
2649,464.9,269.48
2650,465.0,110.6
2651,465.1,49.104
2652,465.2,28.958
2653,465.3,25.991
2654,465.4,30.342
2655,465.5,37.945
2656,465.6,46.865
2657,465.7,55.904
2658,465.8,64.026
2659,465.9,70.298
2660,466.0,73.987
2661,466.1,74.62
2662,466.2,72.119
2663,466.3,66.802
2664,466.4,59.29
2665,466.5,50.432
2666,466.6,41.116
2667,466.7,32.113
2668,466.8,24.042
2669,466.9,17.252
2670,467.0,11.863
2671,467.1,7.814
2672,467.2,4.934
2673,467.3,2.985
2674,467.4,1.731
2675,467.5,0.962
2676,467.6,0.512
2677,467.7,0.262
2678,467.8,0.129
2679,467.9,0.064
2680,468.0,0.042
2681,468.1,0.065
2682,468.2,0.187
2683,468.3,0.602
2684,468.4,1.885
2685,468.5,5.688
2686,468.6,16.47
2687,468.7,45.7
2688,468.8,121.709
2689,468.9,310.8
2690,469.0,761.298
2691,469.1,1788.943
2692,469.2,4031.565
2693,469.3,8709.447
2694,469.4,18067.302
2695,469.5,35933.836
2696,469.6,68559.375
2697,469.7,125389.864
2698,469.8,220160.274
2699,469.9,370592.029
2700,470.0,598500.0
2701,470.1,927109.703
2702,470.2,1377036.609
2703,470.3,1962728.98
2704,470.4,2682702.478
2705,470.5,3516814.395
2706,470.6,4423212.724
2707,470.7,5335375.469
2708,470.8,6173537.868
2709,470.9,6852148.898
2710,471.0,7296242.113
2711,471.1,7454000.0
2712,471.2,7308062.28
2713,471.3,6881492.397
2714,471.4,6231000.0
2715,471.5,5439411.623
2716,471.6,4603948.854
2717,471.7,3818097.74
2718,471.8,3163205.26
2719,471.9,2698399.107
2720,472.0,2459604.617
2721,472.1,2453063.081
2722,472.2,2664233.362
2723,472.3,3055129.182
2724,472.4,3569439.114
2725,472.5,4141000.0
2726,472.6,4697229.918
2727,472.7,5173270.459
2728,472.8,5518730.046
2729,472.9,5707747.451
2730,473.0,5742898.405
2731,473.1,5656158.691
2732,473.2,5497955.385
2733,473.3,5327519.727
2734,473.4,5198391.796
2735,473.5,5142498.054
2736,473.6,5169000.0
2737,473.7,5259762.325
2738,473.8,5376547.932
2739,473.9,5476000.0
2740,474.0,5523706.402
2741,474.1,5509529.394
2742,474.2,5461173.982
2743,474.3,5443085.209
2744,474.4,5556633.416
2745,474.5,5928629.833
2746,474.6,6690845.74
2747,474.7,7962085.29
2748,474.8,9829276.832
2749,474.9,12334106.546
2750,475.0,15459999.999
2751,475.1,19136906.361
2752,475.2,23291279.119
2753,475.3,27817700.446
2754,475.4,32664123.458
2755,475.5,37782867.579
2756,475.6,43195905.58
2757,475.7,48932238.947
2758,475.8,54953879.684
2759,475.9,61179374.207
2760,476.0,67366627.383
2761,476.1,73159999.999
2762,476.2,78091689.457
2763,476.3,81646228.646
2764,476.4,83360000.0
2765,476.5,82918111.565
2766,476.6,80192547.35
2767,476.7,75302054.591
2768,476.8,68604773.793
2769,476.9,60607364.911
2770,477.0,51954395.777
2771,477.1,43291164.47
2772,477.2,35214993.152
2773,477.3,28214082.72
2774,477.4,22637356.656
2775,477.5,18710000.0
2776,477.6,16475903.667
2777,477.7,15877911.339
2778,477.8,16721940.729
2779,477.9,18716011.931
2780,478.0,21477655.068
2781,478.1,24570819.753
2782,478.2,27525083.234
2783,478.3,29916887.829
2784,478.4,31375087.894
2785,478.5,31687244.178
2786,478.6,30770000.0
2787,478.7,28706838.487
2788,478.8,25738077.708
2789,478.9,22160000.001
2790,479.0,18322203.923
2791,479.1,14551893.512
2792,479.2,11104857.342
2793,479.3,8136560.927
2794,479.4,5725075.02
2795,479.5,3869104.308
2796,479.6,2511686.713
2797,479.7,1565605.03
2798,479.8,937340.993
2799,479.9,538938.532
2800,480.0,297800.0
2801,480.1,158277.926
2802,480.2,81535.977
2803,480.3,42150.778
2804,480.4,25082.509
2805,480.5,23185.727
2806,480.6,35715.43
2807,480.7,68155.063
2808,480.8,133738.176
2809,480.9,255493.16
2810,481.0,470821.587
2811,481.1,834100.0
2812,481.2,1420346.643
2813,481.3,2324503.478
2814,481.4,3656000.0
2815,481.5,5527017.691
2816,481.6,8028560.582
2817,481.7,11207816.767
2818,481.8,15037287.918
2819,481.9,19393987.342
2820,482.0,24038048.022
2821,482.1,28622245.998
2822,482.2,32766846.173
2823,482.3,36037764.432
2824,482.4,38098721.198
2825,482.5,38710000.0
2826,482.6,37799327.484
2827,482.7,35474564.027
2828,482.8,31990347.887
2829,482.9,27733491.432
2830,483.0,23098063.981
2831,483.1,18490902.516
2832,483.2,14231457.241
2833,483.3,10515352.661
2834,483.4,7475711.787
2835,483.5,5105016.333
2836,483.6,3351000.0
2837,483.7,2113575.143
2838,483.8,1281574.238
2839,483.9,746500.0
2840,484.0,417990.141
2841,484.1,224944.818
2842,484.2,116343.686
2843,484.3,57810.147
2844,484.4,27624.076
2845,484.5,12679.525
2846,484.6,5595.751
2847,484.7,2373.44
2848,484.8,966.953
2849,484.9,378.77
2850,485.0,142.7
2851,485.1,51.622
2852,485.2,17.976
2853,485.3,6.011
2854,485.4,1.933
2855,485.5,0.597
2856,485.6,0.178
2857,485.7,0.051
2858,485.8,0.014
2859,485.9,0.004
2860,486.0,0.001
2861,486.1,0.0
2862,486.2,0.0
2863,486.3,0.0
2864,486.4,0.0
2865,486.5,0.0
2866,486.6,0.0
2867,486.7,0.0
2868,486.8,0.0
2869,486.9,0.0
2870,487.0,0.0
2871,487.1,0.0
2872,487.2,0.0
2873,487.3,0.0
2874,487.4,0.0
2875,487.5,0.0
2876,487.6,0.0
2877,487.7,0.0
2878,487.8,0.0
2879,487.9,0.0
2880,488.0,0.0
2881,488.1,0.0
2882,488.2,0.0
2883,488.3,0.0
2884,488.4,0.0
2885,488.5,0.0
2886,488.6,0.0
2887,488.7,0.0
2888,488.8,0.0
2889,488.9,0.0
2890,489.0,0.0
2891,489.1,0.0
2892,489.2,0.0
2893,489.3,0.0
2894,489.4,0.0
2895,489.5,0.0
2896,489.6,0.0
2897,489.7,0.0
2898,489.8,0.0
2899,489.9,0.0
2900,490.0,0.0
2901,490.1,0.0
2902,490.2,0.0
2903,490.3,0.0
2904,490.4,0.0
2905,490.5,0.0
2906,490.6,0.0
2907,490.7,0.0
2908,490.8,0.0
2909,490.9,0.0
2910,491.0,0.0
2911,491.1,0.0
2912,491.2,0.0
2913,491.3,0.0
2914,491.4,0.0
2915,491.5,0.0
2916,491.6,0.0
2917,491.7,0.0
2918,491.8,0.0
2919,491.9,0.0
2920,492.0,0.0
2921,492.1,0.0
2922,492.2,0.0
2923,492.3,0.0
2924,492.4,0.0
2925,492.5,0.0
2926,492.6,0.0
2927,492.7,0.0
2928,492.8,0.0
2929,492.9,0.0
2930,493.0,0.0
2931,493.1,0.0
2932,493.2,0.0
2933,493.3,0.0
2934,493.4,0.001
2935,493.5,0.003
2936,493.6,0.009
2937,493.7,0.026
2938,493.8,0.078
2939,493.9,0.222
2940,494.0,0.607
2941,494.1,1.604
2942,494.2,4.081
2943,494.3,9.992
2944,494.4,23.598
2945,494.5,53.632
2946,494.6,117.439
2947,494.7,247.665
2948,494.8,502.947
2949,494.9,984.067
2950,495.0,1855.0
2951,495.1,3366.02
2952,495.2,5884.998
2953,495.3,9910.68
2954,495.4,16074.207
2955,495.5,25117.467
2956,495.6,37791.126
2957,495.7,54781.3
2958,495.8,76479.759
2959,495.9,102858.771
2960,496.0,133222.482
2961,496.1,166200.0
2962,496.2,199735.699
2963,496.3,231128.335
2964,496.4,257700.0
2965,496.5,276785.917
2966,496.6,286249.782
2967,496.7,285199.92
2968,496.8,273635.774
2969,496.9,252910.37
2970,497.0,225192.801
2971,497.1,193082.222
2972,497.2,159439.014
2973,497.3,126872.76
2974,497.4,97225.359
2975,497.5,71760.0
2976,497.6,51008.366
2977,497.7,34933.021
2978,497.8,23040.538
2979,497.9,14638.565
2980,498.0,8956.663
2981,498.1,5278.889
2982,498.2,2996.564
2983,498.3,1639.212
2984,498.4,862.964
2985,498.5,437.842
2986,498.6,214.0
2987,498.7,100.892
2988,498.8,46.038
2989,498.9,20.71
2990,499.0,9.865
2991,499.1,6.125
2992,499.2,6.161
2993,499.3,8.752
2994,499.4,13.762
2995,499.5,21.609
2996,499.6,32.944
2997,499.7,48.507
2998,499.8,68.858
2999,499.9,94.25
3000,500.0,124.2
3001,500.1,157.909
3002,500.2,193.475
3003,500.3,228.378
3004,500.4,259.814
3005,500.5,284.943
3006,500.6,301.158
3007,500.7,306.687
3008,500.8,301.155
3009,500.9,284.974
3010,501.0,259.807
3011,501.1,228.4
3012,501.2,193.468
3013,501.3,157.953
3014,501.4,124.2
3015,501.5,94.247
3016,501.6,68.857
3017,501.7,48.507
3018,501.8,32.928
3019,501.9,21.546
3020,502.0,13.585
3021,502.1,8.256
3022,502.2,4.836
3023,502.3,2.73
3024,502.4,1.486
3025,502.5,0.779
3026,502.6,0.394
3027,502.7,0.192
3028,502.8,0.09
3029,502.9,0.041
3030,503.0,0.018
3031,503.1,0.008
3032,503.2,0.004
3033,503.3,0.003
3034,503.4,0.004
3035,503.5,0.008
3036,503.6,0.018
3037,503.7,0.038
3038,503.8,0.08
3039,503.9,0.16
3040,504.0,0.308
3041,504.1,0.574
3042,504.2,1.032
3043,504.3,1.787
3044,504.4,2.986
3045,504.5,4.813
3046,504.6,7.481
3047,504.7,11.21
3048,504.8,16.221
3049,504.9,22.614
3050,505.0,30.42
3051,505.1,39.464
3052,505.2,49.378
3053,505.3,59.595
3054,505.4,69.363
3055,505.5,77.87
3056,505.6,84.312
3057,505.7,88.055
3058,505.8,88.691
3059,505.9,86.17
3060,506.0,80.739
3061,506.1,72.96
3062,506.2,63.6
3063,506.3,53.468
3064,506.4,43.35
3065,506.5,33.906
3066,506.6,25.577
3067,506.7,18.607
3068,506.8,13.053
3069,506.9,8.833
3070,507.0,5.766
3071,507.1,3.63
3072,507.2,2.204
3073,507.3,1.291
3074,507.4,0.729
3075,507.5,0.397
3076,507.6,0.209
3077,507.7,0.106
3078,507.8,0.052
3079,507.9,0.025
3080,508.0,0.012
3081,508.1,0.007
3082,508.2,0.009
3083,508.3,0.022
3084,508.4,0.062
3085,508.5,0.173
3086,508.6,0.468
3087,508.7,1.225
3088,508.8,3.095
3089,508.9,7.544
3090,509.0,17.757
3091,509.1,40.324
3092,509.2,88.442
3093,509.3,187.118
3094,509.4,382.38
3095,509.5,753.947
3096,509.6,1435.11
3097,509.7,2637.045
3098,509.8,4676.589
3099,509.9,8004.518
3100,510.0,13230.0
3101,510.1,21096.244
3102,510.2,32481.982
3103,510.3,48260.58
3104,510.4,69226.639
3105,510.5,95844.709
3106,510.6,128067.448
3107,510.7,165289.447
3108,510.8,205755.917
3109,510.9,247263.452
3110,511.0,286892.603
3111,511.1,321300.0
3112,511.2,347294.079
3113,511.3,362272.795
3114,511.4,364900.0
3115,511.5,354750.731
3116,511.6,332818.806
3117,511.7,301421.555
3118,511.8,263570.012
3119,511.9,222370.97
3120,512.0,181156.48
3121,512.1,142442.784
3122,512.2,108044.947
3123,512.3,79191.844
3124,512.4,55985.093
3125,512.5,38220.0
3126,512.6,25177.485
3127,512.7,16008.927
3128,512.8,9832.266
3129,512.9,5821.799
3130,513.0,3330.082
3131,513.1,1838.311
3132,513.2,979.17
3133,513.3,503.827
3134,513.4,250.166
3135,513.5,119.872
3136,513.6,55.45
3137,513.7,24.753
3138,513.8,10.666
3139,513.9,4.439
3140,514.0,1.781
3141,514.1,0.69
3142,514.2,0.258
3143,514.3,0.093
3144,514.4,0.033
3145,514.5,0.011
3146,514.6,0.004
3147,514.7,0.001
3148,514.8,0.0
3149,514.9,0.0
3150,515.0,0.0
3151,515.1,0.0
3152,515.2,0.0
3153,515.3,0.0
3154,515.4,0.0
3155,515.5,0.0
3156,515.6,0.0
3157,515.7,0.0
3158,515.8,0.0
3159,515.9,0.0
3160,516.0,0.0
3161,516.1,0.0
3162,516.2,0.0
3163,516.3,0.0
3164,516.4,0.0
3165,516.5,0.0
3166,516.6,0.0
3167,516.7,0.0
3168,516.8,0.0
3169,516.9,0.0
3170,517.0,0.0
3171,517.1,0.0
3172,517.2,0.0
3173,517.3,0.0
3174,517.4,0.0
3175,517.5,0.0
3176,517.6,0.0
3177,517.7,0.0
3178,517.8,0.0
3179,517.9,0.0
3180,518.0,0.0
3181,518.1,0.0
3182,518.2,0.0
3183,518.3,0.0
3184,518.4,0.0
3185,518.5,0.0
3186,518.6,0.0
3187,518.7,0.0
3188,518.8,0.0
3189,518.9,0.0
3190,519.0,0.0
3191,519.1,0.0
3192,519.2,0.0
3193,519.3,0.0
3194,519.4,0.0
3195,519.5,0.0
3196,519.6,0.0
3197,519.7,0.0
3198,519.8,0.0
3199,519.9,0.0
3200,520.0,0.0
3201,520.1,0.0
3202,520.2,0.0
3203,520.3,0.0
3204,520.4,0.0
3205,520.5,0.0
3206,520.6,0.0
3207,520.7,0.0
3208,520.8,0.0
3209,520.9,0.0
3210,521.0,0.0
3211,521.1,0.0
3212,521.2,0.0
3213,521.3,0.0
3214,521.4,0.0
3215,521.5,0.0
3216,521.6,0.0
3217,521.7,0.0
3218,521.8,0.0
3219,521.9,0.0
3220,522.0,0.0
3221,522.1,0.001
3222,522.2,0.003
3223,522.3,0.009
3224,522.4,0.028
3225,522.5,0.084
3226,522.6,0.238
3227,522.7,0.657
3228,522.8,1.751
3229,522.9,4.512
3230,523.0,11.257
3231,523.1,27.139
3232,523.2,63.264
3233,523.3,142.692
3234,523.4,311.162
3235,523.5,656.432
3236,523.6,1339.0
3237,523.7,2641.447
3238,523.8,5039.02
3239,523.9,9297.0
3240,524.0,16588.731
3241,524.1,28618.726
3242,524.2,47764.835
3243,524.3,77079.258
3244,524.4,120257.735
3245,524.5,181560.2
3246,524.6,264983.688
3247,524.7,374095.214
3248,524.8,510639.782
3249,524.9,674105.089
3250,525.0,860700.0
3251,525.1,1062655.798
3252,525.2,1268452.301
3253,525.3,1465851.355
3254,525.4,1636356.458
3255,525.5,1767527.137
3256,525.6,1846245.272
3257,525.7,1865009.212
3258,525.8,1821627.728
3259,525.9,1720509.588
3260,526.0,1571791.185
3261,526.1,1389000.0
3262,526.2,1186673.546
3263,526.3,980579.115
3264,526.4,783700.0
3265,526.5,605617.814
3266,526.6,452616.471
3267,526.7,327201.002
3268,526.8,228687.083
3269,526.9,154606.798
3270,527.0,101054.86
3271,527.1,63945.07
3272,527.2,39165.461
3273,527.3,23310.432
3274,527.4,13664.252
3275,527.5,8261.0
3276,527.6,5859.596
3277,527.7,5892.708
3278,527.8,8456.478
3279,527.9,14381.913
3280,528.0,25373.419
3281,528.1,44285.329
3282,528.2,75373.691
3283,528.3,124764.119
3284,528.4,200546.544
3285,528.5,313263.41
3286,528.6,475500.0
3287,528.7,701511.939
3288,528.8,1006294.166
3289,528.9,1404000.0
3290,529.0,1906248.228
3291,529.1,2518343.474
3292,529.2,3239755.567
3293,529.3,4057998.55
3294,529.4,4950775.369
3295,529.5,5886183.055
3296,529.6,6818975.049
3297,529.7,7698054.849
3298,529.8,8471479.973
3299,529.9,9084717.434
3300,530.0,9496000.0
3301,530.1,9671747.586
3302,530.2,9597069.869
3303,530.3,9275245.107
3304,530.4,8729841.448
3305,530.5,7998480.12
3306,530.6,7131810.006
3307,530.7,6185802.922
3308,530.8,5217047.315
3309,530.9,4277522.915
3310,531.0,3407594.53
3311,531.1,2637000.0
3312,531.2,1981530.566
3313,531.3,1446128.837
3314,531.4,1024000.0
3315,531.5,703310.939
3316,531.6,468634.039
3317,531.7,302844.379
3318,531.8,189715.135
3319,531.9,115279.671
3320,532.0,68057.405
3321,532.1,39180.226
3322,532.2,22343.316
3323,532.3,13226.438
3324,532.4,9112.503
3325,532.5,8444.0
3326,532.6,10538.899
3327,532.7,15324.449
3328,532.8,23144.253
3329,532.9,34599.875
3330,533.0,50411.671
3331,533.1,71256.775
3332,533.2,97538.958
3333,533.3,129337.282
3334,533.4,165989.301
3335,533.5,206315.022
3336,533.6,248200.0
3337,533.7,289028.061
3338,533.8,325856.011
3339,533.9,355800.0
3340,534.0,376064.992
3341,534.1,385063.419
3342,534.2,381837.222
3343,534.3,367145.914
3344,534.4,342597.856
3345,534.5,311009.003
3346,534.6,275713.821
3347,534.7,240490.566
3348,534.8,208850.686
3349,534.9,184134.652
3350,535.0,168600.0
3351,535.1,164032.316
3352,535.2,171110.852
3353,535.3,189289.074
3354,535.4,217317.653
3355,535.5,252936.558
3356,535.6,292882.288
3357,535.7,333511.247
3358,535.8,370892.798
3359,535.9,401221.77
3360,536.0,421222.835
3361,536.1,428900.0
3362,536.2,423057.67
3363,536.3,404276.462
3364,536.4,374200.0
3365,536.5,335334.301
3366,536.6,291020.262
3367,536.7,244649.831
3368,536.8,199075.729
3369,536.9,156867.162
3370,537.0,119750.729
3371,537.1,88512.502
3372,537.2,63321.206
3373,537.3,43878.553
3374,537.4,29445.547
3375,537.5,19130.0
3376,537.6,12037.806
3377,537.7,7333.334
3378,537.8,4325.824
3379,537.9,2471.322
3380,538.0,1366.913
3381,538.1,732.436
3382,538.2,379.799
3383,538.3,190.8
3384,538.4,92.817
3385,538.5,43.707
3386,538.6,19.94
3387,538.7,8.8
3388,538.8,3.764
3389,538.9,1.559
3390,539.0,0.625
3391,539.1,0.243
3392,539.2,0.091
3393,539.3,0.033
3394,539.4,0.012
3395,539.5,0.004
3396,539.6,0.001
3397,539.7,0.0
3398,539.8,0.0
3399,539.9,0.0
3400,540.0,0.0
3401,540.1,0.0
3402,540.2,0.0
3403,540.3,0.0
3404,540.4,0.0
3405,540.5,0.0
3406,540.6,0.0
3407,540.7,0.0
3408,540.8,0.0
3409,540.9,0.0
3410,541.0,0.0
3411,541.1,0.0
3412,541.2,0.0
3413,541.3,0.0
3414,541.4,0.0
3415,541.5,0.0
3416,541.6,0.0
3417,541.7,0.0
3418,541.8,0.0
3419,541.9,0.0
3420,542.0,0.0
3421,542.1,0.0
3422,542.2,0.0
3423,542.3,0.0
3424,542.4,0.0
3425,542.5,0.0
3426,542.6,0.0
3427,542.7,0.0
3428,542.8,0.0
3429,542.9,0.0
3430,543.0,0.0
3431,543.1,0.0
3432,543.2,0.0
3433,543.3,0.0
3434,543.4,0.0
3435,543.5,0.0
3436,543.6,0.0
3437,543.7,0.0
3438,543.8,0.0
3439,543.9,0.0
3440,544.0,0.0
3441,544.1,0.0
3442,544.2,0.0
3443,544.3,0.0
3444,544.4,0.0
3445,544.5,0.001
3446,544.6,0.002
3447,544.7,0.004
3448,544.8,0.009
3449,544.9,0.018
3450,545.0,0.036
3451,545.1,0.068
3452,545.2,0.127
3453,545.3,0.229
3454,545.4,0.4
3455,545.5,0.679
3456,545.6,1.117
3457,545.7,1.78
3458,545.8,2.752
3459,545.9,4.125
3460,546.0,5.995
3461,546.1,8.447
3462,546.2,11.54
3463,546.3,15.285
3464,546.4,19.63
3465,546.5,24.445
3466,546.6,29.511
3467,546.7,34.552
3468,546.8,39.211
3469,546.9,43.159
3470,547.0,46.044
3471,547.1,47.64
3472,547.2,47.787
3473,547.3,46.477
3474,547.4,43.826
3475,547.5,40.07
3476,547.6,35.523
3477,547.7,30.53
3478,547.8,25.446
3479,547.9,20.563
3480,548.0,16.105
3481,548.1,12.241
3482,548.2,9.01
3483,548.3,6.437
3484,548.4,4.456
3485,548.5,2.992
3486,548.6,1.947
3487,548.7,1.229
3488,548.8,0.752
3489,548.9,0.446
3490,549.0,0.257
3491,549.1,0.143
3492,549.2,0.077
3493,549.3,0.041
3494,549.4,0.021
3495,549.5,0.01
3496,549.6,0.005
3497,549.7,0.002
3498,549.8,0.001
3499,549.9,0.0
3500,550.0,0.0
3501,550.1,0.0
3502,550.2,0.0
3503,550.3,0.0
3504,550.4,0.0
3505,550.5,0.0
3506,550.6,0.0
3507,550.7,0.0
3508,550.8,0.0
3509,550.9,0.0
3510,551.0,0.0
3511,551.1,0.0
3512,551.2,0.0
3513,551.3,0.0
3514,551.4,0.0
3515,551.5,0.0
3516,551.6,0.0
3517,551.7,0.0
3518,551.8,0.0
3519,551.9,0.0
3520,552.0,0.0
3521,552.1,0.0
3522,552.2,0.0
3523,552.3,0.0
3524,552.4,0.0
3525,552.5,0.0
3526,552.6,0.0
3527,552.7,0.0
3528,552.8,0.0
3529,552.9,0.0
3530,553.0,0.0
3531,553.1,0.0
3532,553.2,0.0
3533,553.3,0.0
3534,553.4,0.0
3535,553.5,0.0
3536,553.6,0.0
3537,553.7,0.0
3538,553.8,0.0
3539,553.9,0.0
3540,554.0,0.0
3541,554.1,0.0
3542,554.2,0.0
3543,554.3,0.0
3544,554.4,0.0
3545,554.5,0.0
3546,554.6,0.0
3547,554.7,0.0
3548,554.8,0.0
3549,554.9,0.0
3550,555.0,0.0
3551,555.1,0.0
3552,555.2,0.0
3553,555.3,0.0
3554,555.4,0.0
3555,555.5,0.0
3556,555.6,0.0
3557,555.7,0.0
3558,555.8,0.0
3559,555.9,0.0
3560,556.0,0.0
3561,556.1,0.0
3562,556.2,0.0
3563,556.3,0.0
3564,556.4,0.0
3565,556.5,0.0
3566,556.6,0.0
3567,556.7,0.0
3568,556.8,0.0
3569,556.9,0.0
3570,557.0,0.0
3571,557.1,0.0
3572,557.2,0.0
3573,557.3,0.0
3574,557.4,0.0
3575,557.5,0.0
3576,557.6,0.0
3577,557.7,0.0
3578,557.8,0.0
3579,557.9,0.0
3580,558.0,0.0
3581,558.1,0.0
3582,558.2,0.0
3583,558.3,0.0
3584,558.4,0.0
3585,558.5,0.0
3586,558.6,0.0
3587,558.7,0.0
3588,558.8,0.0
3589,558.9,0.0
3590,559.0,0.0
3591,559.1,0.0
3592,559.2,0.0
3593,559.3,0.0
3594,559.4,0.0
3595,559.5,0.0
3596,559.6,0.0
3597,559.7,0.0
3598,559.8,0.0
3599,559.9,0.0
3600,560.0,0.0
3601,560.1,0.0
3602,560.2,0.0
3603,560.3,0.0
3604,560.4,0.0
3605,560.5,0.0
3606,560.6,0.0
3607,560.7,0.0
3608,560.8,0.0
3609,560.9,0.0
3610,561.0,0.0
3611,561.1,0.0
3612,561.2,0.0
3613,561.3,0.0
3614,561.4,0.0
3615,561.5,0.0
3616,561.6,0.0
3617,561.7,0.0
3618,561.8,0.0
3619,561.9,0.0
3620,562.0,0.0
3621,562.1,0.0
3622,562.2,0.0
3623,562.3,0.0
3624,562.4,0.0
3625,562.5,0.0
3626,562.6,0.0
3627,562.7,0.0
3628,562.8,0.0
3629,562.9,0.0
3630,563.0,0.0
3631,563.1,0.0
3632,563.2,0.0
3633,563.3,0.0
3634,563.4,0.0
3635,563.5,0.0
3636,563.6,0.0
3637,563.7,0.0
3638,563.8,0.0
3639,563.9,0.0
3640,564.0,0.0
3641,564.1,0.0
3642,564.2,0.0
3643,564.3,0.0
3644,564.4,0.0
3645,564.5,0.0
3646,564.6,0.0
3647,564.7,0.0
3648,564.8,0.0
3649,564.9,0.0
3650,565.0,0.0
3651,565.1,0.0
3652,565.2,0.0
3653,565.3,0.0
3654,565.4,0.0
3655,565.5,0.0
3656,565.6,0.0
3657,565.7,0.0
3658,565.8,0.0
3659,565.9,0.0
3660,566.0,0.0
3661,566.1,0.0
3662,566.2,0.0
3663,566.3,0.0
3664,566.4,0.0
3665,566.5,0.0
3666,566.6,0.0
3667,566.7,0.0
3668,566.8,0.0
3669,566.9,0.0
3670,567.0,0.0
3671,567.1,0.0
3672,567.2,0.0
3673,567.3,0.0
3674,567.4,0.0
3675,567.5,0.0
3676,567.6,0.0
3677,567.7,0.0
3678,567.8,0.0
3679,567.9,0.0
3680,568.0,0.0
3681,568.1,0.0
3682,568.2,0.0
3683,568.3,0.0
3684,568.4,0.0
3685,568.5,0.0
3686,568.6,0.0
3687,568.7,0.0
3688,568.8,0.0
3689,568.9,0.0
3690,569.0,0.0
3691,569.1,0.0
3692,569.2,0.0
3693,569.3,0.0
3694,569.4,0.0
3695,569.5,0.0
3696,569.6,0.0
3697,569.7,0.0
3698,569.8,0.0
3699,569.9,0.0
3700,570.0,0.0
3701,570.1,0.0
3702,570.2,0.0
3703,570.3,0.0
3704,570.4,0.0
3705,570.5,0.0
3706,570.6,0.0
3707,570.7,0.0
3708,570.8,0.0
3709,570.9,0.0
3710,571.0,0.0
3711,571.1,0.0
3712,571.2,0.0
3713,571.3,0.0
3714,571.4,0.0
3715,571.5,0.0
3716,571.6,0.0
3717,571.7,0.0
3718,571.8,0.0
3719,571.9,0.0
3720,572.0,0.0
3721,572.1,0.0
3722,572.2,0.0
3723,572.3,0.0
3724,572.4,0.0
3725,572.5,0.0
3726,572.6,0.0
3727,572.7,0.0
3728,572.8,0.0
3729,572.9,0.0
3730,573.0,0.0
3731,573.1,0.0
3732,573.2,0.0
3733,573.3,0.0
3734,573.4,0.0
3735,573.5,0.0
3736,573.6,0.0
3737,573.7,0.0
3738,573.8,0.0
3739,573.9,0.0
3740,574.0,0.0
3741,574.1,0.0
3742,574.2,0.0
3743,574.3,0.0
3744,574.4,0.0
3745,574.5,0.0
3746,574.6,0.001
3747,574.7,0.002
3748,574.8,0.006
3749,574.9,0.016
3750,575.0,0.041
3751,575.1,0.104
3752,575.2,0.255
3753,575.3,0.608
3754,575.4,1.413
3755,575.5,3.195
3756,575.6,7.023
3757,575.7,15.016
3758,575.8,31.245
3759,575.9,63.225
3760,576.0,124.46
3761,576.1,238.4
3762,576.2,443.967
3763,576.3,804.324
3764,576.4,1418.0
3765,576.5,2429.925
3766,576.6,4053.377
3767,576.7,6574.846
3768,576.8,10370.702
3769,576.9,15927.179
3770,577.0,23775.248
3771,577.1,34528.014
3772,577.2,48781.117
3773,577.3,67039.692
3774,577.4,89628.369
3775,577.5,116500.0
3776,577.6,147437.033
3777,577.7,181440.317
3778,577.8,217105.962
3779,577.9,252891.383
3780,578.0,286534.138
3781,578.1,315893.937
3782,578.2,339080.082
3783,578.3,354434.174
3784,578.4,360992.951
3785,578.5,358837.347
3786,578.6,348800.0
3787,578.7,332712.815
3788,578.8,313237.216
3789,578.9,293400.0
3790,579.0,276700.041
3791,579.1,266333.641
3792,579.2,265280.331
3793,579.3,275539.792
3794,579.4,298326.736
3795,579.5,333453.447
3796,579.6,379817.104
3797,579.7,434586.796
3798,579.8,494194.591
3799,579.9,554091.585
3800,580.0,609400.0
3801,580.1,655222.546
3802,580.2,687407.579
3803,580.3,702935.469
3804,580.4,699961.338
3805,580.5,678609.464
3806,580.6,640277.855
3807,580.7,587880.493
3808,580.8,525165.081
3809,580.9,456602.393
3810,581.0,386231.119
3811,581.1,318000.0
3812,581.2,254908.825
3813,581.3,199138.73
3814,581.4,152000.0
3815,581.5,113817.606
3816,581.6,84578.533
3817,581.7,63632.899
3818,581.8,50341.377
3819,581.9,43978.768
3820,582.0,43959.735
3821,582.1,49831.04
3822,582.2,61277.653
3823,582.3,78040.57
3824,582.4,99784.169
3825,582.5,125900.0
3826,582.6,155669.824
3827,582.7,187915.106
3828,582.8,220891.542
3829,582.9,253014.026
3830,583.0,281953.969
3831,583.1,305917.248
3832,583.2,323008.404
3833,583.3,331895.676
3834,583.4,331879.003
3835,583.5,323015.81
3836,583.6,305900.0
3837,583.7,281927.502
3838,583.8,252921.197
3839,583.9,220800.0
3840,584.0,187548.23
3841,584.1,155076.584
3842,584.2,124801.904
3843,584.3,97692.79
3844,584.4,74443.632
3845,584.5,55205.809
3846,584.6,39848.229
3847,584.7,27981.475
3848,584.8,19134.092
3849,584.9,12726.116
3850,585.0,8238.0
3851,585.1,5190.247
3852,585.2,3182.03
3853,585.3,1898.981
3854,585.4,1102.863
3855,585.5,623.133
3856,585.6,342.737
3857,585.7,183.416
3858,585.8,95.549
3859,585.9,48.435
3860,586.0,23.892
3861,586.1,11.47
3862,586.2,5.361
3863,586.3,2.437
3864,586.4,1.078
3865,586.5,0.464
3866,586.6,0.195
3867,586.7,0.079
3868,586.8,0.031
3869,586.9,0.012
3870,587.0,0.005
3871,587.1,0.002
3872,587.2,0.001
3873,587.3,0.0
3874,587.4,0.0
3875,587.5,0.0
3876,587.6,0.0
3877,587.7,0.0
3878,587.8,0.0
3879,587.9,0.0
3880,588.0,0.0
3881,588.1,0.0
3882,588.2,0.0
3883,588.3,0.0
3884,588.4,0.0
3885,588.5,0.0
3886,588.6,0.0
3887,588.7,0.0
3888,588.8,0.0
3889,588.9,0.0
3890,589.0,0.0
3891,589.1,0.0
3892,589.2,0.0
3893,589.3,0.0
3894,589.4,0.0
3895,589.5,0.0
3896,589.6,0.0
3897,589.7,0.0
3898,589.8,0.0
3899,589.9,0.0
3900,590.0,0.0
3901,590.1,0.0
3902,590.2,0.0
3903,590.3,0.0
3904,590.4,0.0
3905,590.5,0.0
3906,590.6,0.0
3907,590.7,0.0
3908,590.8,0.0
3909,590.9,0.0
3910,591.0,0.0
3911,591.1,0.0
3912,591.2,0.0
3913,591.3,0.0
3914,591.4,0.0
3915,591.5,0.0
3916,591.6,0.0
3917,591.7,0.0
3918,591.8,0.0
3919,591.9,0.0
3920,592.0,0.0
3921,592.1,0.0
3922,592.2,0.0
3923,592.3,0.0
3924,592.4,0.0
3925,592.5,0.0
3926,592.6,0.0
3927,592.7,0.0
3928,592.8,0.0
3929,592.9,0.0
3930,593.0,0.0
3931,593.1,0.0
3932,593.2,0.0
3933,593.3,0.0
3934,593.4,0.0
3935,593.5,0.0
3936,593.6,0.0
3937,593.7,0.0
3938,593.8,0.0
3939,593.9,0.0
3940,594.0,0.0
3941,594.1,0.0
3942,594.2,0.0
3943,594.3,0.0
3944,594.4,0.0
3945,594.5,0.0
3946,594.6,0.0
3947,594.7,0.0
3948,594.8,0.0
3949,594.9,0.0
3950,595.0,0.0
3951,595.1,0.0
3952,595.2,0.0
3953,595.3,0.0
3954,595.4,0.0
3955,595.5,0.0
3956,595.6,0.0
3957,595.7,0.0
3958,595.8,0.0
3959,595.9,0.0
3960,596.0,0.0
3961,596.1,0.0
3962,596.2,0.0
3963,596.3,0.0
3964,596.4,0.0
3965,596.5,0.0
3966,596.6,0.0
3967,596.7,0.0
3968,596.8,0.0
3969,596.9,0.0
3970,597.0,0.0
3971,597.1,0.0
3972,597.2,0.0
3973,597.3,0.001
3974,597.4,0.002
3975,597.5,0.005
3976,597.6,0.015
3977,597.7,0.04
3978,597.8,0.105
3979,597.9,0.269
3980,598.0,0.67
3981,598.1,1.626
3982,598.2,3.848
3983,598.3,8.881
3984,598.4,19.966
3985,598.5,43.78
3986,598.6,93.57
3987,598.7,194.952
3988,598.8,395.907
3989,598.9,783.8
3990,599.0,1512.517
3991,599.1,2846.807
3992,599.2,5223.988
3993,599.3,9344.303
3994,599.4,16301.575
3995,599.5,27725.262
3996,599.6,45990.465
3997,599.7,74419.127
3998,599.8,117435.48
3999,599.9,180870.831
4000,600.0,271800.0
4001,600.1,398684.614
4002,600.2,570849.312
4003,600.3,798438.302
4004,600.4,1091492.226
4005,600.5,1458033.724
4006,600.6,1905600.807
4007,600.7,2437811.772
4008,600.8,3053762.243
4009,600.9,3751553.237
4010,601.0,4520777.297
4011,601.1,5350000.0
4012,601.2,6223397.237
4013,601.3,7122170.552
4014,601.4,8024000.0
4015,601.5,8905772.231
4016,601.6,9741835.271
4017,601.7,10501740.242
4018,601.8,11159522.433
4019,601.9,11695114.146
4020,602.0,12058069.617
4021,602.1,12242345.365
4022,602.2,12223374.248
4023,602.3,11996821.215
4024,602.4,11552555.416
4025,602.5,10910000.0
4026,602.6,10100953.939
4027,602.7,9155221.811
4028,602.8,8120909.952
4029,602.9,7044180.574
4030,603.0,5972158.536
4031,603.1,4947618.633
4032,603.2,4002108.482
4033,603.3,3160775.242
4034,603.4,2436756.777
4035,603.5,1833040.67
4036,603.6,1345000.0
4037,603.7,963326.107
4038,603.8,672434.313
4039,603.9,457900.0
4040,604.0,304092.929
4041,604.1,196954.754
4042,604.2,124301.992
4043,604.3,76548.22
4044,604.4,45946.825
4045,604.5,26887.603
4046,604.6,15340.466
4047,604.7,8533.144
4048,604.8,4626.729
4049,604.9,2445.458
4050,605.0,1261.0
4051,605.1,633.13
4052,605.2,310.159
4053,605.3,148.145
4054,605.4,68.923
4055,605.5,31.276
4056,605.6,13.838
4057,605.7,5.962
4058,605.8,2.507
4059,605.9,1.028
4060,606.0,0.41
4061,606.1,0.16
4062,606.2,0.061
4063,606.3,0.022
4064,606.4,0.008
4065,606.5,0.003
4066,606.6,0.001
4067,606.7,0.0
4068,606.8,0.0
4069,606.9,0.0
4070,607.0,0.0
4071,607.1,0.0
4072,607.2,0.0
4073,607.3,0.0
4074,607.4,0.0
4075,607.5,0.0
4076,607.6,0.0
4077,607.7,0.0
4078,607.8,0.0
4079,607.9,0.0
4080,608.0,0.0
4081,608.1,0.0
4082,608.2,0.001
4083,608.3,0.002
4084,608.4,0.006
4085,608.5,0.016
4086,608.6,0.042
4087,608.7,0.106
4088,608.8,0.262
4089,608.9,0.632
4090,609.0,1.488
4091,609.1,3.423
4092,609.2,7.682
4093,609.3,16.817
4094,609.4,35.982
4095,609.5,75.078
4096,609.6,152.919
4097,609.7,303.99
4098,609.8,590.071
4099,609.9,1117.981
4100,610.0,2068.0
4101,610.1,3736.016
4102,610.2,6587.999
4103,610.3,11348.882
4104,610.4,19084.055
4105,610.5,31347.636
4106,610.6,50291.089
4107,610.7,78829.506
4108,610.8,120700.307
4109,610.9,180666.573
4110,611.0,264179.496
4111,611.1,377600.0
4112,611.2,527771.854
4113,611.3,721072.753
4114,611.4,963700.0
4115,611.5,1259817.378
4116,611.6,1611203.627
4117,611.7,2016874.752
4118,611.8,2471211.447
4119,611.9,2965923.135
4120,612.0,3484501.551
4121,612.1,4012048.556
4122,612.2,4526225.636
4123,612.3,5004857.396
4124,612.4,5426027.691
4125,612.5,5769000.0
4126,612.6,6016374.267
4127,612.7,6154978.646
4128,612.8,6179114.484
4129,612.9,6086267.257
4130,613.0,5883891.938
4131,613.1,5582867.3
4132,613.2,5198111.671
4133,613.3,4749517.26
4134,613.4,4258281.782
4135,613.5,3746434.921
4136,613.6,3233000.0
4137,613.7,2736687.498
4138,613.8,2271200.132
4139,613.9,1848000.0
4140,614.0,1474184.879
4141,614.1,1152083.969
4142,614.2,882302.172
4143,614.3,661696.319
4144,614.4,486011.594
4145,614.5,349436.507
4146,614.6,245945.384
4147,614.7,169396.008
4148,614.8,114109.569
4149,614.9,75251.484
4150,615.0,48510.0
4151,615.1,30586.092
4152,615.2,18853.539
4153,615.3,11367.38
4154,615.4,6695.053
4155,615.5,3855.687
4156,615.6,2169.295
4157,615.7,1193.055
4158,615.8,640.945
4159,615.9,336.359
4160,616.0,172.554
4161,616.1,86.43
4162,616.2,42.289
4163,616.3,20.211
4164,616.4,9.434
4165,616.5,4.3
4166,616.6,1.914
4167,616.7,0.832
4168,616.8,0.353
4169,616.9,0.146
4170,617.0,0.059
4171,617.1,0.023
4172,617.2,0.009
4173,617.3,0.003
4174,617.4,0.001
4175,617.5,0.0
4176,617.6,0.0
4177,617.7,0.0
4178,617.8,0.0
4179,617.9,0.0
4180,618.0,0.0
4181,618.1,0.0
4182,618.2,0.0
4183,618.3,0.0
4184,618.4,0.0
4185,618.5,0.0
4186,618.6,0.0
4187,618.7,0.0
4188,618.8,0.0
4189,618.9,0.0
4190,619.0,0.0
4191,619.1,0.0
4192,619.2,0.0
4193,619.3,0.0
4194,619.4,0.0
4195,619.5,0.0
4196,619.6,0.0
4197,619.7,0.0
4198,619.8,0.0
4199,619.9,0.0
4200,620.0,0.0
4201,620.1,0.0
4202,620.2,0.0
4203,620.3,0.0
4204,620.4,0.0
4205,620.5,0.0
4206,620.6,0.0
4207,620.7,0.0
4208,620.8,0.0
4209,620.9,0.0
4210,621.0,0.0
4211,621.1,0.0
4212,621.2,0.0
4213,621.3,0.0
4214,621.4,0.0
4215,621.5,0.0
4216,621.6,0.0
4217,621.7,0.001
4218,621.8,0.001
4219,621.9,0.002
4220,622.0,0.005
4221,622.1,0.009
4222,622.2,0.018
4223,622.3,0.032
4224,622.4,0.058
4225,622.5,0.103
4226,622.6,0.176
4227,622.7,0.295
4228,622.8,0.483
4229,622.9,0.772
4230,623.0,1.206
4231,623.1,1.838
4232,623.2,2.736
4233,623.3,3.979
4234,623.4,5.648
4235,623.5,7.832
4236,623.6,10.61
4237,623.7,14.028
4238,623.8,18.114
4239,623.9,22.85
4240,624.0,28.149
4241,624.1,33.855
4242,624.2,39.774
4243,624.3,45.64
4244,624.4,51.133
4245,624.5,55.942
4246,624.6,59.78
4247,624.7,62.385
4248,624.8,63.581
4249,624.9,63.281
4250,625.0,61.51
4251,625.1,58.382
4252,625.2,54.125
4253,625.3,48.997
4254,625.4,43.316
4255,625.5,37.403
4256,625.6,31.534
4257,625.7,25.972
4258,625.8,20.886
4259,625.9,16.406
4260,626.0,12.578
4261,626.1,9.422
4262,626.2,6.892
4263,626.3,4.924
4264,626.4,3.435
4265,626.5,2.34
4266,626.6,1.557
4267,626.7,1.011
4268,626.8,0.642
4269,626.9,0.398
4270,627.0,0.241
4271,627.1,0.142
4272,627.2,0.082
4273,627.3,0.046
4274,627.4,0.026
4275,627.5,0.014
4276,627.6,0.008
4277,627.7,0.005
4278,627.8,0.004
4279,627.9,0.006
4280,628.0,0.01
4281,628.1,0.019
4282,628.2,0.035
4283,628.3,0.065
4284,628.4,0.118
4285,628.5,0.208
4286,628.6,0.36
4287,628.7,0.607
4288,628.8,1.001
4289,628.9,1.611
4290,629.0,2.534
4291,629.1,3.895
4292,629.2,5.849
4293,629.3,8.582
4294,629.4,12.305
4295,629.5,17.233
4296,629.6,23.582
4297,629.7,31.523
4298,629.8,41.181
4299,629.9,52.564
4300,630.0,65.54
4301,630.1,79.853
4302,630.2,95.055
4303,630.3,110.543
4304,630.4,125.646
4305,630.5,139.52
4306,630.6,151.27
4307,630.7,160.318
4308,630.8,166.026
4309,630.9,167.983
4310,631.0,166.045
4311,631.1,160.3
4312,631.2,151.266
4313,631.3,139.451
4314,631.4,125.6
4315,631.5,110.605
4316,631.6,95.062
4317,631.7,79.852
4318,631.8,65.543
4319,631.9,52.563
4320,632.0,41.179
4321,632.1,31.529
4322,632.2,23.585
4323,632.3,17.229
4324,632.4,12.302
4325,632.5,8.583
4326,632.6,5.85
4327,632.7,3.895
4328,632.8,2.534
4329,632.9,1.611
4330,633.0,1.001
4331,633.1,0.607
4332,633.2,0.36
4333,633.3,0.209
4334,633.4,0.118
4335,633.5,0.065
4336,633.6,0.035
4337,633.7,0.019
4338,633.8,0.01
4339,633.9,0.005
4340,634.0,0.002
4341,634.1,0.001
4342,634.2,0.001
4343,634.3,0.0
4344,634.4,0.0
4345,634.5,0.0
4346,634.6,0.0
4347,634.7,0.0
4348,634.8,0.0
4349,634.9,0.0
4350,635.0,0.0
4351,635.1,0.0
4352,635.2,0.0
4353,635.3,0.0
4354,635.4,0.0
4355,635.5,0.0
4356,635.6,0.0
4357,635.7,0.0
4358,635.8,0.0
4359,635.9,0.0
4360,636.0,0.0
4361,636.1,0.0
4362,636.2,0.0
4363,636.3,0.0
4364,636.4,0.0
4365,636.5,0.0
4366,636.6,0.0
4367,636.7,0.0
4368,636.8,0.0
4369,636.9,0.0
4370,637.0,0.0
4371,637.1,0.0
4372,637.2,0.0
4373,637.3,0.0
4374,637.4,0.0
4375,637.5,0.0
4376,637.6,0.0
4377,637.7,0.0
4378,637.8,0.0
4379,637.9,0.0
4380,638.0,0.0
4381,638.1,0.0
4382,638.2,0.0
4383,638.3,0.0
4384,638.4,0.0
4385,638.5,0.0
4386,638.6,0.0
4387,638.7,0.0
4388,638.8,0.0
4389,638.9,0.0
4390,639.0,0.0
4391,639.1,0.0
4392,639.2,0.0
4393,639.3,0.0
4394,639.4,0.0
4395,639.5,0.0
4396,639.6,0.0
4397,639.7,0.0
4398,639.8,0.001
4399,639.9,0.001
4400,640.0,0.002
4401,640.1,0.004
4402,640.2,0.007
4403,640.3,0.013
4404,640.4,0.024
4405,640.5,0.042
4406,640.6,0.073
4407,640.7,0.123
4408,640.8,0.202
4409,640.9,0.326
4410,641.0,0.513
4411,641.1,0.789
4412,641.2,1.188
4413,641.3,1.75
4414,641.4,2.521
4415,641.5,3.549
4416,641.6,4.887
4417,641.7,6.581
4418,641.8,8.665
4419,641.9,11.159
4420,642.0,14.046
4421,642.1,17.297
4422,642.2,20.826
4423,642.3,24.515
4424,642.4,28.227
4425,642.5,31.79
4426,642.6,34.997
4427,642.7,37.688
4428,642.8,39.706
4429,642.9,40.921
4430,643.0,41.307
4431,643.1,40.896
4432,643.2,39.84
4433,643.3,38.484
4434,643.4,37.376
4435,643.5,37.46
4436,643.6,40.29
4437,643.7,48.375
4438,643.8,65.819
4439,643.9,99.17
4440,644.0,158.681
4441,644.1,260.233
4442,644.2,427.23
4443,644.3,694.151
4444,644.4,1109.001
4445,644.5,1737.74
4446,644.6,2665.418
4447,644.7,4002.926
4448,644.8,5879.796
4449,644.9,8452.249
4450,645.0,11880.0
4451,645.1,16346.583
4452,645.2,21986.668
4453,645.3,28946.335
4454,645.4,37259.951
4455,645.5,46923.665
4456,645.6,57806.719
4457,645.7,69656.236
4458,645.8,82108.989
4459,645.9,94668.486
4460,646.0,106746.32
4461,646.1,117800.0
4462,646.2,127196.089
4463,646.3,134197.982
4464,646.4,138600.0
4465,646.5,139991.616
4466,646.6,138391.359
4467,646.7,133714.343
4468,646.8,126490.072
4469,646.9,116949.534
4470,647.0,105831.609
4471,647.1,93668.75
4472,647.2,81088.336
4473,647.3,68663.556
4474,647.4,56884.99
4475,647.5,46090.0
4476,647.6,36533.185
4477,647.7,28326.901
4478,647.8,21485.402
4479,647.9,15937.878
4480,648.0,11568.907
4481,648.1,8211.279
4482,648.2,5702.152
4483,648.3,3873.435
4484,648.4,2573.545
4485,648.5,1672.744
4486,648.6,1063.0
4487,648.7,661.399
4488,648.8,402.334
4489,648.9,239.4
4490,649.0,139.381
4491,649.1,79.369
4492,649.2,44.199
4493,649.3,24.074
4494,649.4,12.837
4495,649.5,6.69
4496,649.6,3.412
4497,649.7,1.702
4498,649.8,0.83
4499,649.9,0.396
4500,650.0,0.185
4501,650.1,0.085
4502,650.2,0.038
4503,650.3,0.016
4504,650.4,0.007
4505,650.5,0.003
4506,650.6,0.001
4507,650.7,0.0
4508,650.8,0.0
4509,650.9,0.0
4510,651.0,0.0
4511,651.1,0.0
4512,651.2,0.0
4513,651.3,0.0
4514,651.4,0.0
4515,651.5,0.0
4516,651.6,0.0
4517,651.7,0.0
4518,651.8,0.0
4519,651.9,0.0
4520,652.0,0.0
4521,652.1,0.0
4522,652.2,0.0
4523,652.3,0.0
4524,652.4,0.0
4525,652.5,0.0
4526,652.6,0.0
4527,652.7,0.0
4528,652.8,0.0
4529,652.9,0.0
4530,653.0,0.0
4531,653.1,0.0
4532,653.2,0.0
4533,653.3,0.0
4534,653.4,0.0
4535,653.5,0.0
4536,653.6,0.0
4537,653.7,0.0
4538,653.8,0.0
4539,653.9,0.0
4540,654.0,0.0
4541,654.1,0.0
4542,654.2,0.0
4543,654.3,0.0
4544,654.4,0.0
4545,654.5,0.0
4546,654.6,0.0
4547,654.7,0.0
4548,654.8,0.0
4549,654.9,0.0
4550,655.0,0.0
4551,655.1,0.0
4552,655.2,0.0
4553,655.3,0.0
4554,655.4,0.0
4555,655.5,0.0
4556,655.6,0.0
4557,655.7,0.0
4558,655.8,0.0
4559,655.9,0.0
4560,656.0,0.0
4561,656.1,0.0
4562,656.2,0.0
4563,656.3,0.0
4564,656.4,0.0
4565,656.5,0.0
4566,656.6,0.0
4567,656.7,0.0
4568,656.8,0.0
4569,656.9,0.0
4570,657.0,0.0
4571,657.1,0.0
4572,657.2,0.0
4573,657.3,0.0
4574,657.4,0.0
4575,657.5,0.0
4576,657.6,0.0
4577,657.7,0.0
4578,657.8,0.0
4579,657.9,0.0
4580,658.0,0.0
4581,658.1,0.0
4582,658.2,0.0
4583,658.3,0.0
4584,658.4,0.0
4585,658.5,0.0
4586,658.6,0.0
4587,658.7,0.0
4588,658.8,0.0
4589,658.9,0.0
4590,659.0,0.0
4591,659.1,0.0
4592,659.2,0.0
4593,659.3,0.0
4594,659.4,0.0
4595,659.5,0.0
4596,659.6,0.0
4597,659.7,0.0
4598,659.8,0.0
4599,659.9,0.0
4600,660.0,0.0
4601,660.1,0.0
4602,660.2,0.0
4603,660.3,0.0
4604,660.4,0.0
4605,660.5,0.0
4606,660.6,0.0
4607,660.7,0.0
4608,660.8,0.0
4609,660.9,0.0
4610,661.0,0.0
4611,661.1,0.0
4612,661.2,0.0
4613,661.3,0.0
4614,661.4,0.0
4615,661.5,0.0
4616,661.6,0.0
4617,661.7,0.0
4618,661.8,0.0
4619,661.9,0.0
4620,662.0,0.0
4621,662.1,0.0
4622,662.2,0.0
4623,662.3,0.0
4624,662.4,0.0
4625,662.5,0.0
4626,662.6,0.0
4627,662.7,0.0
4628,662.8,0.0
4629,662.9,0.0
4630,663.0,0.0
4631,663.1,0.0
4632,663.2,0.0
4633,663.3,0.0
4634,663.4,0.0
4635,663.5,0.0
4636,663.6,0.0
4637,663.7,0.0
4638,663.8,0.0
4639,663.9,0.0
4640,664.0,0.0
4641,664.1,0.0
4642,664.2,0.0
4643,664.3,0.0
4644,664.4,0.0
4645,664.5,0.0
4646,664.6,0.0
4647,664.7,0.0
4648,664.8,0.0
4649,664.9,0.0
4650,665.0,0.0
4651,665.1,0.0
4652,665.2,0.0
4653,665.3,0.0
4654,665.4,0.0
4655,665.5,0.0
4656,665.6,0.0
4657,665.7,0.0
4658,665.8,0.0
4659,665.9,0.0
4660,666.0,0.0
4661,666.1,0.0
4662,666.2,0.0
4663,666.3,0.0
4664,666.4,0.0
4665,666.5,0.0
4666,666.6,0.0
4667,666.7,0.0
4668,666.8,0.0
4669,666.9,0.0
4670,667.0,0.0
4671,667.1,0.0
4672,667.2,0.0
4673,667.3,0.0
4674,667.4,0.0
4675,667.5,0.0
4676,667.6,0.0
4677,667.7,0.0
4678,667.8,0.0
4679,667.9,0.0
4680,668.0,0.0
4681,668.1,0.0
4682,668.2,0.0
4683,668.3,0.0
4684,668.4,0.0
4685,668.5,0.0
4686,668.6,0.0
4687,668.7,0.0
4688,668.8,0.0
4689,668.9,0.0
4690,669.0,0.0
4691,669.1,0.0
4692,669.2,0.0
4693,669.3,0.0
4694,669.4,0.0
4695,669.5,0.0
4696,669.6,0.0
4697,669.7,0.0
4698,669.8,0.0
4699,669.9,0.0
4700,670.0,0.0
4701,670.1,0.0
4702,670.2,0.0
4703,670.3,0.0
4704,670.4,0.0
4705,670.5,0.0
4706,670.6,0.0
4707,670.7,0.0
4708,670.8,0.0
4709,670.9,0.0
4710,671.0,0.0
4711,671.1,0.0
4712,671.2,0.0
4713,671.3,0.0
4714,671.4,0.0
4715,671.5,0.0
4716,671.6,0.0
4717,671.7,0.0
4718,671.8,0.0
4719,671.9,0.0
4720,672.0,0.0
4721,672.1,0.0
4722,672.2,0.0
4723,672.3,0.0
4724,672.4,0.0
4725,672.5,0.0
4726,672.6,0.0
4727,672.7,0.0
4728,672.8,0.0
4729,672.9,0.0
4730,673.0,0.0
4731,673.1,0.0
4732,673.2,0.0
4733,673.3,0.0
4734,673.4,0.0
4735,673.5,0.0
4736,673.6,0.0
4737,673.7,0.0
4738,673.8,0.0
4739,673.9,0.0
4740,674.0,0.0
4741,674.1,0.0
4742,674.2,0.0
4743,674.3,0.0
4744,674.4,0.0
4745,674.5,0.0
4746,674.6,0.0
4747,674.7,0.0
4748,674.8,0.0
4749,674.9,0.0
4750,675.0,0.0
4751,675.1,0.0
4752,675.2,0.0
4753,675.3,0.0
4754,675.4,0.0
4755,675.5,0.0
4756,675.6,0.0
4757,675.7,0.0
4758,675.8,0.0
4759,675.9,0.0
4760,676.0,0.0
4761,676.1,0.0
4762,676.2,0.0
4763,676.3,0.0
4764,676.4,0.0
4765,676.5,0.0
4766,676.6,0.0
4767,676.7,0.0
4768,676.8,0.0
4769,676.9,0.0
4770,677.0,0.0
4771,677.1,0.0
4772,677.2,0.0
4773,677.3,0.0
4774,677.4,0.0
4775,677.5,0.0
4776,677.6,0.0
4777,677.7,0.0
4778,677.8,0.0
4779,677.9,0.0
4780,678.0,0.0
4781,678.1,0.0
4782,678.2,0.0
4783,678.3,0.0
4784,678.4,0.0
4785,678.5,0.0
4786,678.6,0.0
4787,678.7,0.0
4788,678.8,0.0
4789,678.9,0.0
4790,679.0,0.0
4791,679.1,0.0
4792,679.2,0.0
4793,679.3,0.0
4794,679.4,0.0
4795,679.5,0.0
4796,679.6,0.0
4797,679.7,0.0
4798,679.8,0.0
4799,679.9,0.0
4800,680.0,0.0
4801,680.1,0.0
4802,680.2,0.0
4803,680.3,0.0
4804,680.4,0.0
4805,680.5,0.0
4806,680.6,0.0
4807,680.7,0.0
4808,680.8,0.0
4809,680.9,0.0
4810,681.0,0.0
4811,681.1,0.0
4812,681.2,0.0
4813,681.3,0.0
4814,681.4,0.0
4815,681.5,0.0
4816,681.6,0.0
4817,681.7,0.0
4818,681.8,0.0
4819,681.9,0.0
4820,682.0,0.0
4821,682.1,0.0
4822,682.2,0.0
4823,682.3,0.0
4824,682.4,0.0
4825,682.5,0.0
4826,682.6,0.0
4827,682.7,0.0
4828,682.8,0.0
4829,682.9,0.0
4830,683.0,0.0
4831,683.1,0.0
4832,683.2,0.0
4833,683.3,0.0
4834,683.4,0.0
4835,683.5,0.0
4836,683.6,0.0
4837,683.7,0.0
4838,683.8,0.0
4839,683.9,0.0
4840,684.0,0.0
4841,684.1,0.0
4842,684.2,0.0
4843,684.3,0.0
4844,684.4,0.0
4845,684.5,0.0
4846,684.6,0.0
4847,684.7,0.0
4848,684.8,0.0
4849,684.9,0.0
4850,685.0,0.0
4851,685.1,0.0
4852,685.2,0.0
4853,685.3,0.0
4854,685.4,0.0
4855,685.5,0.0
4856,685.6,0.0
4857,685.7,0.0
4858,685.8,0.0
4859,685.9,0.0
4860,686.0,0.0
4861,686.1,0.0
4862,686.2,0.0
4863,686.3,0.0
4864,686.4,0.0
4865,686.5,0.0
4866,686.6,0.0
4867,686.7,0.001
4868,686.8,0.002
4869,686.9,0.005
4870,687.0,0.013
4871,687.1,0.029
4872,687.2,0.065
4873,687.3,0.141
4874,687.4,0.303
4875,687.5,0.639
4876,687.6,1.321
4877,687.7,2.677
4878,687.8,5.322
4879,687.9,10.375
4880,688.0,19.844
4881,688.1,37.208
4882,688.2,68.443
4883,688.3,123.53
4884,688.4,218.581
4885,688.5,379.511
4886,688.6,646.1
4887,688.7,1078.876
4888,688.8,1767.188
4889,688.9,2839.0
4890,689.0,4474.791
4891,689.1,6914.428
4892,689.2,10488.001
4893,689.3,15586.452
4894,689.4,22731.414
4895,689.5,32516.676
4896,689.6,45630.399
4897,689.7,62791.546
4898,689.8,84761.675
4899,689.9,112206.67
4900,690.0,145700.0
4901,690.1,185541.261
4902,690.2,231810.969
4903,690.3,284079.841
4904,690.4,341455.442
4905,690.5,402462.835
4906,690.6,465308.956
4907,690.7,527753.284
4908,690.8,587046.898
4909,690.9,640479.666
4910,691.0,685420.828
4911,691.1,719500.0
4912,691.2,740913.153
4913,691.3,748501.134
4914,691.4,741900.0
4915,691.5,721792.854
4916,691.6,689444.024
4917,691.7,647077.162
4918,691.8,597368.933
4919,691.9,543665.222
4920,692.0,489340.573
4921,692.1,437870.491
4922,692.2,392662.194
4923,692.3,356718.918
4924,692.4,332937.922
4925,692.5,323600.0
4926,692.6,330447.775
4927,692.7,354851.076
4928,692.8,397371.16
4929,692.9,457915.45
4930,693.0,535560.063
4931,693.1,628397.658
4932,693.2,733689.862
4933,693.3,847782.868
4934,693.4,966116.81
4935,693.5,1083047.988
4936,693.6,1194000.0
4937,693.7,1292361.544
4938,693.8,1372494.468
4939,693.9,1431000.0
4940,694.0,1463784.533
4941,694.1,1469187.441
4942,694.2,1446475.775
4943,694.3,1397402.893
4944,694.4,1324528.401
4945,694.5,1230976.689
4946,694.6,1122944.445
4947,694.7,1004448.672
4948,694.8,881486.987
4949,694.9,758946.87
4950,695.0,641000.0
4951,695.1,531033.429
4952,695.2,431589.38
4953,695.3,344113.179
4954,695.4,269108.088
4955,695.5,206510.198
4956,695.6,155388.352
4957,695.7,114788.679
4958,695.8,83120.766
4959,695.9,59063.113
4960,696.0,41170.405
4961,696.1,28150.0
4962,696.2,18889.769
4963,696.3,12425.503
4964,696.4,8021.0
4965,696.5,5078.887
4966,696.6,3155.095
4967,696.7,1922.574
4968,696.8,1149.214
4969,696.9,674.124
4970,697.0,387.808
4971,697.1,218.893
4972,697.2,121.177
4973,697.3,65.796
4974,697.4,35.047
4975,697.5,18.32
4976,697.6,9.391
4977,697.7,4.724
4978,697.8,2.331
4979,697.9,1.128
4980,698.0,0.536
4981,698.1,0.249
4982,698.2,0.114
4983,698.3,0.051
4984,698.4,0.022
4985,698.5,0.01
4986,698.6,0.004
4987,698.7,0.002
4988,698.8,0.001
4989,698.9,0.0
4990,699.0,0.0
4991,699.1,0.0
4992,699.2,0.0
4993,699.3,0.0
4994,699.4,0.0
4995,699.5,0.0
4996,699.6,0.0
4997,699.7,0.0
4998,699.8,0.0
4999,699.9,0.0
5000,700.0,0.0
5001,700.1,0.0
5002,700.2,0.0
5003,700.3,0.0
5004,700.4,0.0
5005,700.5,0.0
5006,700.6,0.0
5007,700.7,0.0
5008,700.8,0.0
5009,700.9,0.0
5010,701.0,0.0
5011,701.1,0.0
5012,701.2,0.0
5013,701.3,0.0
5014,701.4,0.0
5015,701.5,0.0
5016,701.6,0.0
5017,701.7,0.0
5018,701.8,0.0
5019,701.9,0.0
5020,702.0,0.0
5021,702.1,0.0
5022,702.2,0.0
5023,702.3,0.0
5024,702.4,0.0
5025,702.5,0.0
5026,702.6,0.0
5027,702.7,0.0
5028,702.8,0.0
5029,702.9,0.0
5030,703.0,0.0
5031,703.1,0.0
5032,703.2,0.0
5033,703.3,0.0
5034,703.4,0.0
5035,703.5,0.0
5036,703.6,0.0
5037,703.7,0.0
5038,703.8,0.0
5039,703.9,0.0
5040,704.0,0.0
5041,704.1,0.0
5042,704.2,0.0
5043,704.3,0.0
5044,704.4,0.0
5045,704.5,0.0
5046,704.6,0.0
5047,704.7,0.0
5048,704.8,0.0
5049,704.9,0.0
5050,705.0,0.0
5051,705.1,0.0
5052,705.2,0.0
5053,705.3,0.0
5054,705.4,0.0
5055,705.5,0.0
5056,705.6,0.0
5057,705.7,0.0
5058,705.8,0.0
5059,705.9,0.0
5060,706.0,0.0
5061,706.1,0.0
5062,706.2,0.0
5063,706.3,0.0
5064,706.4,0.0
5065,706.5,0.0
5066,706.6,0.0
5067,706.7,0.0
5068,706.8,0.0
5069,706.9,0.0
5070,707.0,0.0
5071,707.1,0.0
5072,707.2,0.0
5073,707.3,0.0
5074,707.4,0.0
5075,707.5,0.0
5076,707.6,0.0
5077,707.7,0.0
5078,707.8,0.0
5079,707.9,0.0
5080,708.0,0.0
5081,708.1,0.0
5082,708.2,0.0
5083,708.3,0.0
5084,708.4,0.0
5085,708.5,0.0
5086,708.6,0.0
5087,708.7,0.0
5088,708.8,0.0
5089,708.9,0.0
5090,709.0,0.0
5091,709.1,0.0
5092,709.2,0.0
5093,709.3,0.0
5094,709.4,0.0
5095,709.5,0.0
5096,709.6,0.0
5097,709.7,0.001
5098,709.8,0.003
5099,709.9,0.006
5100,710.0,0.013
5101,710.1,0.028
5102,710.2,0.06
5103,710.3,0.126
5104,710.4,0.261
5105,710.5,0.532
5106,710.6,1.065
5107,710.7,2.093
5108,710.8,4.044
5109,710.9,7.672
5110,711.0,14.3
5111,711.1,26.19
5112,711.2,47.109
5113,711.3,83.228
5114,711.4,144.5
5115,711.5,246.22
5116,711.6,412.366
5117,711.7,678.411
5118,711.8,1096.351
5119,711.9,1740.578
5120,712.0,2712.859
5121,712.1,4155.693
5122,712.2,6252.588
5123,712.3,9241.432
5124,712.4,13415.543
5125,712.5,19130.0
5126,712.6,26801.134
5127,712.7,36890.113
5128,712.8,49861.588
5129,712.9,66215.988
5130,713.0,86373.761
5131,713.1,110620.677
5132,713.2,139321.538
5133,713.3,172184.18
5134,713.4,209183.245
5135,713.5,249532.155
5136,713.6,292400.0
5137,713.7,336682.762
5138,713.8,380670.094
5139,713.9,422800.0
5140,714.0,461386.318
5141,714.1,494565.225
5142,714.2,520651.244
5143,714.3,538496.187
5144,714.4,547072.801
5145,714.5,546062.566
5146,714.6,535403.526
5147,714.7,515717.734
5148,714.8,488221.786
5149,714.9,454195.29
5150,715.0,415500.0
5151,715.1,373970.175
5152,715.2,331683.412
5153,715.3,290479.434
5154,715.4,252044.218
5155,715.5,218010.184
5156,715.6,189535.92
5157,715.7,167735.139
5158,715.8,153576.008
5159,715.9,147433.957
5160,716.0,149785.907
5161,716.1,160900.0
5162,716.2,180656.651
5163,716.3,208975.818
5164,716.4,245200.0
5165,716.5,288752.722
5166,716.6,338199.853
5167,716.7,392375.443
5168,716.8,449239.053
5169,716.9,506801.572
5170,717.0,562528.668
5171,717.1,614257.181
5172,717.2,659334.261
5173,717.3,695762.13
5174,717.4,721504.764
5175,717.5,735400.0
5176,717.6,736493.619
5177,717.7,724985.848
5178,717.8,701311.321
5179,717.9,666654.349
5180,718.0,622726.721
5181,718.1,571633.679
5182,718.2,515703.332
5183,718.3,457211.645
5184,718.4,398312.888
5185,718.5,341049.287
5186,718.6,287000.0
5187,718.7,237271.133
5188,718.8,192835.364
5189,718.9,154000.0
5190,719.0,120862.497
5191,719.1,93314.114
5192,719.2,70849.657
5193,719.3,52994.106
5194,719.4,39154.937
5195,719.5,28770.879
5196,719.6,21305.763
5197,719.7,16333.482
5198,719.8,13529.933
5199,719.9,12694.21
5200,720.0,13790.0
5201,720.1,16896.652
5202,720.2,22265.689
5203,720.3,30261.551
5204,720.4,41391.255
5205,720.5,56245.041
5206,720.6,75467.302
5207,720.7,99746.508
5208,720.8,129587.732
5209,720.9,165624.536
5210,721.0,207971.907
5211,721.1,256700.0
5212,721.2,311350.602
5213,721.3,371039.922
5214,721.4,434600.0
5215,721.5,500313.041
5216,721.6,565902.998
5217,721.7,629032.7
5218,721.8,687215.275
5219,721.9,737754.447
5220,722.0,778459.434
5221,722.1,807129.946
5222,722.2,822619.43
5223,722.3,823907.601
5224,722.4,811016.256
5225,722.5,784800.0
5226,722.6,746462.474
5227,722.7,698006.971
5228,722.8,641914.78
5229,722.9,580678.248
5230,723.0,517085.736
5231,723.1,453855.836
5232,723.2,393215.55
5233,723.3,337351.979
5234,723.4,288001.094
5235,723.5,246390.052
5236,723.6,213500.0
5237,723.7,189810.113
5238,723.8,175600.403
5239,723.9,170800.0
5240,724.0,175314.093
5241,724.1,188476.42
5242,724.2,209754.653
5243,724.3,238052.094
5244,724.4,272488.334
5245,724.5,311479.029
5246,724.6,353770.943
5247,724.7,397501.825
5248,724.8,441108.395
5249,724.9,482523.426
5250,725.0,520300.0
5251,725.1,552705.318
5252,725.2,578745.696
5253,725.3,597533.971
5254,725.4,608637.1
5255,725.5,612413.235
5256,725.6,609318.535
5257,725.7,600594.658
5258,725.8,587577.44
5259,725.9,571815.919
5260,726.0,555094.592
5261,726.1,538800.0
5262,726.2,524391.695
5263,726.3,512650.94
5264,726.4,504200.0
5265,726.5,499231.664
5266,726.6,497340.409
5267,726.7,497941.253
5268,726.8,500133.91
5269,726.9,503110.228
5270,727.0,505601.001
5271,727.1,506743.131
5272,727.2,505740.595
5273,727.3,501992.504
5274,727.4,495024.139
5275,727.5,484700.0
5276,727.6,470946.976
5277,727.7,454049.21
5278,727.8,434186.187
5279,727.9,411761.156
5280,728.0,387160.257
5281,728.1,361013.843
5282,728.2,333506.698
5283,728.3,305255.664
5284,728.4,276691.87
5285,728.5,248248.357
5286,728.6,220400.0
5287,728.7,193398.035
5288,728.8,167760.451
5289,728.9,143600.0
5290,729.0,121440.28
5291,729.1,101273.855
5292,729.2,83310.888
5293,729.3,67538.746
5294,729.4,53961.381
5295,729.5,42459.612
5296,729.6,32897.176
5297,729.7,25091.064
5298,729.8,18840.606
5299,729.9,13916.431
5300,730.0,10110.0
5301,730.1,7231.198
5302,730.2,5084.188
5303,730.3,3516.126
5304,730.4,2391.224
5305,730.5,1598.571
5306,730.6,1051.193
5307,730.7,679.538
5308,730.8,431.827
5309,730.9,269.78
5310,731.0,165.711
5311,731.1,100.1
5312,731.2,59.376
5313,731.3,34.645
5314,731.4,19.87
5315,731.5,11.195
5316,731.6,6.206
5317,731.7,3.38
5318,731.8,1.809
5319,731.9,0.952
5320,732.0,0.492
5321,732.1,0.25
5322,732.2,0.125
5323,732.3,0.061
5324,732.4,0.03
5325,732.5,0.014
5326,732.6,0.007
5327,732.7,0.003
5328,732.8,0.001
5329,732.9,0.001
5330,733.0,0.0
5331,733.1,0.0
5332,733.2,0.0
5333,733.3,0.0
5334,733.4,0.0
5335,733.5,0.0
5336,733.6,0.0
5337,733.7,0.0
5338,733.8,0.0
5339,733.9,0.0
5340,734.0,0.0
5341,734.1,0.0
5342,734.2,0.0
5343,734.3,0.0
5344,734.4,0.0
5345,734.5,0.0
5346,734.6,0.0
5347,734.7,0.0
5348,734.8,0.0
5349,734.9,0.0
5350,735.0,0.0
5351,735.1,0.0
5352,735.2,0.0
5353,735.3,0.0
5354,735.4,0.0
5355,735.5,0.0
5356,735.6,0.0
5357,735.7,0.0
5358,735.8,0.0
5359,735.9,0.0
5360,736.0,0.0
5361,736.1,0.0
5362,736.2,0.0
5363,736.3,0.0
5364,736.4,0.0
5365,736.5,0.0
5366,736.6,0.0
5367,736.7,0.0
5368,736.8,0.0
5369,736.9,0.0
5370,737.0,0.0
5371,737.1,0.0
5372,737.2,0.0
5373,737.3,0.0
5374,737.4,0.0
5375,737.5,0.0
5376,737.6,0.0
5377,737.7,0.0
5378,737.8,0.0
5379,737.9,0.0
5380,738.0,0.0
5381,738.1,0.0
5382,738.2,0.0
5383,738.3,0.0
5384,738.4,0.0
5385,738.5,0.0
5386,738.6,0.0
5387,738.7,0.0
5388,738.8,0.0
5389,738.9,0.0
5390,739.0,0.0
5391,739.1,0.0
5392,739.2,0.0
5393,739.3,0.0
5394,739.4,0.0
5395,739.5,0.0
5396,739.6,0.0
5397,739.7,0.0
5398,739.8,0.0
5399,739.9,0.0
5400,740.0,0.0
5401,740.1,0.0
5402,740.2,0.0
5403,740.3,0.0
5404,740.4,0.0
5405,740.5,0.0
5406,740.6,0.0
5407,740.7,0.0
5408,740.8,0.0
5409,740.9,0.0
5410,741.0,0.0
5411,741.1,0.0
5412,741.2,0.0
5413,741.3,0.0
5414,741.4,0.0
5415,741.5,0.0
5416,741.6,0.0
5417,741.7,0.0
5418,741.8,0.0
5419,741.9,0.0
5420,742.0,0.0
5421,742.1,0.0
5422,742.2,0.0
5423,742.3,0.0
5424,742.4,0.0
5425,742.5,0.0
5426,742.6,0.0
5427,742.7,0.0
5428,742.8,0.0
5429,742.9,0.0
5430,743.0,0.0
5431,743.1,0.0
5432,743.2,0.0
5433,743.3,0.0
5434,743.4,0.0
5435,743.5,0.0
5436,743.6,0.0
5437,743.7,0.0
5438,743.8,0.0
5439,743.9,0.0
5440,744.0,0.0
5441,744.1,0.0
5442,744.2,0.0
5443,744.3,0.0
5444,744.4,0.0
5445,744.5,0.0
5446,744.6,0.0
5447,744.7,0.0
5448,744.8,0.0
5449,744.9,0.0
5450,745.0,0.0
5451,745.1,0.0
5452,745.2,0.0
5453,745.3,0.0
5454,745.4,0.0
5455,745.5,0.0
5456,745.6,0.0
5457,745.7,0.0
5458,745.8,0.0
5459,745.9,0.0
5460,746.0,0.0
5461,746.1,0.0
5462,746.2,0.0
5463,746.3,0.0
5464,746.4,0.0
5465,746.5,0.0
5466,746.6,0.0
5467,746.7,0.0
5468,746.8,0.0
5469,746.9,0.0
5470,747.0,0.0
5471,747.1,0.0
5472,747.2,0.0
5473,747.3,0.0
5474,747.4,0.0
5475,747.5,0.0
5476,747.6,0.0
5477,747.7,0.0
5478,747.8,0.0
5479,747.9,0.0
5480,748.0,0.0
5481,748.1,0.0
5482,748.2,0.0
5483,748.3,0.0
5484,748.4,0.0
5485,748.5,0.0
5486,748.6,0.0
5487,748.7,0.0
5488,748.8,0.0
5489,748.9,0.0
5490,749.0,0.0
5491,749.1,0.0
5492,749.2,0.0
5493,749.3,0.0
5494,749.4,0.0
5495,749.5,0.0
5496,749.6,0.0
5497,749.7,0.0
5498,749.8,0.0
5499,749.9,0.0
5500,750.0,0.0
5501,750.1,0.0
5502,750.2,0.0
5503,750.3,0.0
5504,750.4,0.0
5505,750.5,0.0
5506,750.6,0.0
5507,750.7,0.0
5508,750.8,0.0
5509,750.9,0.0
5510,751.0,0.0
5511,751.1,0.0
5512,751.2,0.0
5513,751.3,0.0
5514,751.4,0.0
5515,751.5,0.0
5516,751.6,0.0
5517,751.7,0.0
5518,751.8,0.0
5519,751.9,0.0
5520,752.0,0.0
5521,752.1,0.0
5522,752.2,0.0
5523,752.3,0.0
5524,752.4,0.0
5525,752.5,0.0
5526,752.6,0.0
5527,752.7,0.0
5528,752.8,0.0
5529,752.9,0.0
5530,753.0,0.0
5531,753.1,0.0
5532,753.2,0.0
5533,753.3,0.0
5534,753.4,0.0
5535,753.5,0.0
5536,753.6,0.0
5537,753.7,0.0
5538,753.8,0.0
5539,753.9,0.0
5540,754.0,0.0
5541,754.1,0.0
5542,754.2,0.0
5543,754.3,0.0
5544,754.4,0.0
5545,754.5,0.0
5546,754.6,0.0
5547,754.7,0.0
5548,754.8,0.0
5549,754.9,0.0
5550,755.0,0.0
5551,755.1,0.0
5552,755.2,0.0
5553,755.3,0.0
5554,755.4,0.0
5555,755.5,0.0
5556,755.6,0.0
5557,755.7,0.0
5558,755.8,0.0
5559,755.9,0.0
5560,756.0,0.0
5561,756.1,0.0
5562,756.2,0.0
5563,756.3,0.0
5564,756.4,0.0
5565,756.5,0.0
5566,756.6,0.0
5567,756.7,0.0
5568,756.8,0.0
5569,756.9,0.0
5570,757.0,0.0
5571,757.1,0.0
5572,757.2,0.0
5573,757.3,0.0
5574,757.4,0.0
5575,757.5,0.0
5576,757.6,0.0
5577,757.7,0.0
5578,757.8,0.0
5579,757.9,0.0
5580,758.0,0.0
5581,758.1,0.0
5582,758.2,0.0
5583,758.3,0.0
5584,758.4,0.0
5585,758.5,0.0
5586,758.6,0.0
5587,758.7,0.0
5588,758.8,0.0
5589,758.9,0.0
5590,759.0,0.0
5591,759.1,0.0
5592,759.2,0.0
5593,759.3,0.0
5594,759.4,0.0
5595,759.5,0.0
5596,759.6,0.0
5597,759.7,0.0
5598,759.8,0.0
5599,759.9,0.0
5600,760.0,0.0
5601,760.1,0.0
5602,760.2,0.0
5603,760.3,0.0
5604,760.4,0.0
5605,760.5,0.0
5606,760.6,0.0
5607,760.7,0.0
5608,760.8,0.0
5609,760.9,0.0
5610,761.0,0.001
5611,761.1,0.002
5612,761.2,0.005
5613,761.3,0.012
5614,761.4,0.028
5615,761.5,0.063
5616,761.6,0.143
5617,761.7,0.316
5618,761.8,0.688
5619,761.9,1.475
5620,762.0,3.115
5621,762.1,6.474
5622,762.2,13.249
5623,762.3,26.676
5624,762.4,52.882
5625,762.5,103.2
5626,762.6,198.266
5627,762.7,374.917
5628,762.8,697.908
5629,762.9,1278.968
5630,763.0,2307.921
5631,763.1,4097.918
5632,763.2,7162.84
5633,763.3,12324.151
5634,763.4,20875.431
5635,763.5,34812.701
5636,763.6,57150.0
5637,763.7,92335.347
5638,763.8,146910.23
5639,763.9,230000.0
5640,764.0,354444.318
5641,764.1,537832.034
5642,764.2,803208.695
5643,764.3,1181007.701
5644,764.4,1709214.911
5645,764.5,2435070.177
5646,764.6,3415708.476
5647,764.7,4715746.523
5648,764.8,6407895.389
5649,764.9,8573540.107
5650,765.0,11289999.999
5651,765.1,14635472.931
5652,765.2,18683960.157
5653,765.3,23462529.624
5654,765.4,29016675.367
5655,765.5,35319658.056
5656,765.6,42329968.091
5657,765.7,49934972.348
5658,765.8,57977987.278
5659,765.9,66277179.38
5660,766.0,74576535.529
5661,766.1,82609999.997
5662,766.2,90073149.203
5663,766.3,96679841.04
5664,766.4,102199999.998
5665,766.5,106277795.818
5666,766.6,108804933.443
5667,766.7,109604479.539
5668,766.8,108792821.007
5669,766.9,106242831.536
5670,767.0,102226467.656
5671,767.1,96722218.909
5672,767.2,90149976.276
5673,767.3,82722721.648
5674,767.4,74753973.026
5675,767.5,66540000.003
5676,767.6,58378948.235
5677,767.7,50514498.373
5678,767.8,43174477.026
5679,767.9,36526647.7
5680,768.0,30694022.014
5681,768.1,25781473.133
5682,768.2,21820773.613
5683,768.3,18844203.332
5684,768.4,16820900.823
5685,768.5,15737418.56
5686,768.6,15550000.0
5687,768.7,16193349.307
5688,768.8,17604201.384
5689,768.9,19699999.999
5690,769.0,22407596.71
5691,769.1,25593401.108
5692,769.2,29159456.837
5693,769.3,32961845.413
5694,769.4,36861739.924
5695,769.5,40685624.849
5696,769.6,44295801.278
5697,769.7,47523312.216
5698,769.8,50233592.429
5699,769.9,52287660.417
5700,770.0,53590000.0
5701,770.1,54089636.255
5702,770.2,53747477.96
5703,770.3,52576974.165
5704,770.4,50646628.49
5705,770.5,48035085.908
5706,770.6,44849531.401
5707,770.7,41228495.784
5708,770.8,37312744.06
5709,770.9,33242143.693
5710,771.0,29160452.698
5711,771.1,25190000.001
5712,771.2,21414888.764
5713,771.3,17927318.09
5714,771.4,14780000.001
5715,771.5,11991745.892
5716,771.6,9577532.152
5717,771.7,7533517.071
5718,771.8,5833426.785
5719,771.9,4446697.565
5720,772.0,3338406.554
5721,772.1,2466636.894
5722,772.2,1794676.947
5723,772.3,1285378.787
5724,772.4,906194.087
5725,772.5,629300.0
5726,772.6,430136.062
5727,772.7,289460.951
5728,772.8,191796.688
5729,772.9,125075.389
5730,773.0,80339.312
5731,773.1,50800.257
5732,773.2,31612.115
5733,773.3,19381.25
5734,773.4,11689.684
5735,773.5,6945.669
5736,773.6,4062.0
5737,773.7,2338.636
5738,773.8,1325.396
5739,773.9,740.0
5740,774.0,406.556
5741,774.1,219.965
5742,774.2,117.188
5743,774.3,61.412
5744,774.4,31.714
5745,774.5,16.12
5746,774.6,8.065
5747,774.7,3.973
5748,774.8,1.927
5749,774.9,0.92
5750,775.0,0.433
5751,775.1,0.2
5752,775.2,0.091
5753,775.3,0.041
5754,775.4,0.018
5755,775.5,0.008
5756,775.6,0.003
5757,775.7,0.001
5758,775.8,0.001
5759,775.9,0.0
5760,776.0,0.0
5761,776.1,0.0
5762,776.2,0.0
5763,776.3,0.0
5764,776.4,0.0
5765,776.5,0.0
5766,776.6,0.0
5767,776.7,0.0
5768,776.8,0.0
5769,776.9,0.0
5770,777.0,0.0
5771,777.1,0.0
5772,777.2,0.0
5773,777.3,0.0
5774,777.4,0.0
5775,777.5,0.0
5776,777.6,0.0
5777,777.7,0.0
5778,777.8,0.0
5779,777.9,0.0
5780,778.0,0.0
5781,778.1,0.0
5782,778.2,0.0
5783,778.3,0.0
5784,778.4,0.0
5785,778.5,0.0
5786,778.6,0.0
5787,778.7,0.0
5788,778.8,0.0
5789,778.9,0.0
5790,779.0,0.0
5791,779.1,0.0
5792,779.2,0.0
5793,779.3,0.0
5794,779.4,0.0
5795,779.5,0.0
5796,779.6,0.0
5797,779.7,0.0
5798,779.8,0.0
5799,779.9,0.0
5800,780.0,0.0
5801,780.1,0.0
5802,780.2,0.0
5803,780.3,0.0
5804,780.4,0.0
5805,780.5,0.0
5806,780.6,0.0
5807,780.7,0.0
5808,780.8,0.0
5809,780.9,0.0
5810,781.0,0.0
5811,781.1,0.0
5812,781.2,0.0
5813,781.3,0.0
5814,781.4,0.0
5815,781.5,0.0
5816,781.6,0.0
5817,781.7,0.0
5818,781.8,0.0
5819,781.9,0.0
5820,782.0,0.0
5821,782.1,0.0
5822,782.2,0.0
5823,782.3,0.0
5824,782.4,0.0
5825,782.5,0.0
5826,782.6,0.0
5827,782.7,0.0
5828,782.8,0.0
5829,782.9,0.0
5830,783.0,0.0
5831,783.1,0.0
5832,783.2,0.0
5833,783.3,0.0
5834,783.4,0.0
5835,783.5,0.0
5836,783.6,0.0
5837,783.7,0.0
5838,783.8,0.0
5839,783.9,0.0
5840,784.0,0.0
5841,784.1,0.0
5842,784.2,0.0
5843,784.3,0.0
5844,784.4,0.0
5845,784.5,0.0
5846,784.6,0.0
5847,784.7,0.0
5848,784.8,0.0
5849,784.9,0.0
5850,785.0,0.0
5851,785.1,0.0
5852,785.2,0.0
5853,785.3,0.0
5854,785.4,0.0
5855,785.5,0.0
5856,785.6,0.0
5857,785.7,0.0
5858,785.8,0.0
5859,785.9,0.0
5860,786.0,0.0
5861,786.1,0.0
5862,786.2,0.0
5863,786.3,0.0
5864,786.4,0.0
5865,786.5,0.0
5866,786.6,0.0
5867,786.7,0.0
5868,786.8,0.0
5869,786.9,0.0
5870,787.0,0.0
5871,787.1,0.0
5872,787.2,0.0
5873,787.3,0.0
5874,787.4,0.0
5875,787.5,0.0
5876,787.6,0.0
5877,787.7,0.0
5878,787.8,0.0
5879,787.9,0.0
5880,788.0,0.0
5881,788.1,0.0
5882,788.2,0.0
5883,788.3,0.0
5884,788.4,0.0
5885,788.5,0.0
5886,788.6,0.0
5887,788.7,0.0
5888,788.8,0.0
5889,788.9,0.0
5890,789.0,0.0
5891,789.1,0.0
5892,789.2,0.0
5893,789.3,0.0
5894,789.4,0.0
5895,789.5,0.0
5896,789.6,0.0
5897,789.7,0.0
5898,789.8,0.0
5899,789.9,0.0
5900,790.0,0.0
5901,790.1,0.0
5902,790.2,0.0
5903,790.3,0.0
5904,790.4,0.0
5905,790.5,0.0
5906,790.6,0.0
5907,790.7,0.0
5908,790.8,0.0
5909,790.9,0.0
5910,791.0,0.0
5911,791.1,0.0
5912,791.2,0.0
5913,791.3,0.0
5914,791.4,0.0
5915,791.5,0.0
5916,791.6,0.0
5917,791.7,0.0
5918,791.8,0.0
5919,791.9,0.0
5920,792.0,0.0
5921,792.1,0.0
5922,792.2,0.0
5923,792.3,0.0
5924,792.4,0.0
5925,792.5,0.0
5926,792.6,0.0
5927,792.7,0.0
5928,792.8,0.0
5929,792.9,0.0
5930,793.0,0.0
5931,793.1,0.0
5932,793.2,0.0
5933,793.3,0.0
5934,793.4,0.0
5935,793.5,0.0
5936,793.6,0.0
5937,793.7,0.0
5938,793.8,0.0
5939,793.9,0.0
5940,794.0,0.0
5941,794.1,0.0
5942,794.2,0.0
5943,794.3,0.0
5944,794.4,0.0
5945,794.5,0.0
5946,794.6,0.0
5947,794.7,0.0
5948,794.8,0.0
5949,794.9,0.0
5950,795.0,0.0
5951,795.1,0.0
5952,795.2,0.0
5953,795.3,0.0
5954,795.4,0.0
5955,795.5,0.0
5956,795.6,0.0
5957,795.7,0.0
5958,795.8,0.0
5959,795.9,0.0
5960,796.0,0.0
5961,796.1,0.0
5962,796.2,0.0
5963,796.3,0.0
5964,796.4,0.0
5965,796.5,0.0
5966,796.6,0.0
5967,796.7,0.0
5968,796.8,0.0
5969,796.9,0.0
5970,797.0,0.0
5971,797.1,0.0
5972,797.2,0.0
5973,797.3,0.0
5974,797.4,0.0
5975,797.5,0.0
5976,797.6,0.0
5977,797.7,0.0
5978,797.8,0.0
5979,797.9,0.0
5980,798.0,0.0
5981,798.1,0.0
5982,798.2,0.0
5983,798.3,0.0
5984,798.4,0.0
5985,798.5,0.0
5986,798.6,0.0
5987,798.7,0.0
5988,798.8,0.0
5989,798.9,0.0
5990,799.0,0.0
5991,799.1,0.0
5992,799.2,0.0
5993,799.3,0.0
5994,799.4,0.0
5995,799.5,0.0
5996,799.6,0.0
5997,799.7,0.0
5998,799.8,0.0
5999,799.9,0.0
6000,800.0,0.0
6001,800.1,0.0
6002,800.2,0.0
6003,800.3,0.0
6004,800.4,0.0
6005,800.5,0.0
6006,800.6,0.0
6007,800.7,0.0
6008,800.8,0.0
6009,800.9,0.0
6010,801.0,0.0
6011,801.1,0.0
6012,801.2,0.0
6013,801.3,0.0
6014,801.4,0.0
6015,801.5,0.0
6016,801.6,0.0
6017,801.7,0.0
6018,801.8,0.0
6019,801.9,0.0
6020,802.0,0.0
6021,802.1,0.0
6022,802.2,0.0
6023,802.3,0.0
6024,802.4,0.0
6025,802.5,0.0
6026,802.6,0.0
6027,802.7,0.0
6028,802.8,0.0
6029,802.9,0.0
6030,803.0,0.0
6031,803.1,0.0
6032,803.2,0.0
6033,803.3,0.0
6034,803.4,0.0
6035,803.5,0.0
6036,803.6,0.0
6037,803.7,0.0
6038,803.8,0.0
6039,803.9,0.0
6040,804.0,0.0
6041,804.1,0.0
6042,804.2,0.0
6043,804.3,0.0
6044,804.4,0.0
6045,804.5,0.0
6046,804.6,0.0
6047,804.7,0.0
6048,804.8,0.0
6049,804.9,0.0
6050,805.0,0.0
6051,805.1,0.0
6052,805.2,0.0
6053,805.3,0.0
6054,805.4,0.0
6055,805.5,0.0
6056,805.6,0.0
6057,805.7,0.0
6058,805.8,0.0
6059,805.9,0.0
6060,806.0,0.0
6061,806.1,0.0
6062,806.2,0.0
6063,806.3,0.0
6064,806.4,0.0
6065,806.5,0.0
6066,806.6,0.0
6067,806.7,0.0
6068,806.8,0.0
6069,806.9,0.0
6070,807.0,0.0
6071,807.1,0.0
6072,807.2,0.0
6073,807.3,0.0
6074,807.4,0.0
6075,807.5,0.0
6076,807.6,0.0
6077,807.7,0.0
6078,807.8,0.0
6079,807.9,0.0
6080,808.0,0.0
6081,808.1,0.0
6082,808.2,0.0
6083,808.3,0.0
6084,808.4,0.0
6085,808.5,0.0
6086,808.6,0.0
6087,808.7,0.0
6088,808.8,0.0
6089,808.9,0.0
6090,809.0,0.0
6091,809.1,0.0
6092,809.2,0.0
6093,809.3,0.0
6094,809.4,0.0
6095,809.5,0.0
6096,809.6,0.0
6097,809.7,0.0
6098,809.8,0.0
6099,809.9,0.0
6100,810.0,0.0
6101,810.1,0.0
6102,810.2,0.0
6103,810.3,0.0
6104,810.4,0.0
6105,810.5,0.0
6106,810.6,0.0
6107,810.7,0.0
6108,810.8,0.0
6109,810.9,0.0
6110,811.0,0.0
6111,811.1,0.0
6112,811.2,0.0
6113,811.3,0.0
6114,811.4,0.0
6115,811.5,0.0
6116,811.6,0.0
6117,811.7,0.0
6118,811.8,0.0
6119,811.9,0.0
6120,812.0,0.0
6121,812.1,0.0
6122,812.2,0.0
6123,812.3,0.0
6124,812.4,0.0
6125,812.5,0.0
6126,812.6,0.0
6127,812.7,0.0
6128,812.8,0.0
6129,812.9,0.0
6130,813.0,0.0
6131,813.1,0.0
6132,813.2,0.0
6133,813.3,0.0
6134,813.4,0.0
6135,813.5,0.0
6136,813.6,0.0
6137,813.7,0.0
6138,813.8,0.0
6139,813.9,0.0
6140,814.0,0.0
6141,814.1,0.0
6142,814.2,0.0
6143,814.3,0.0
6144,814.4,0.0
6145,814.5,0.0
6146,814.6,0.0
6147,814.7,0.0
6148,814.8,0.0
6149,814.9,0.0
6150,815.0,0.0
6151,815.1,0.0
6152,815.2,0.001
6153,815.3,0.001
6154,815.4,0.003
6155,815.5,0.005
6156,815.6,0.009
6157,815.7,0.018
6158,815.8,0.034
6159,815.9,0.062
6160,816.0,0.113
6161,816.1,0.202
6162,816.2,0.358
6163,816.3,0.624
6164,816.4,1.074
6165,816.5,1.823
6166,816.6,3.051
6167,816.7,5.04
6168,816.8,8.209
6169,816.9,13.19
6170,817.0,20.898
6171,817.1,32.674
6172,817.2,50.371
6173,817.3,76.601
6174,817.4,114.883
6175,817.5,170.0
6176,817.6,248.055
6177,817.7,357.042
6178,817.8,506.956
6179,817.9,709.862
6180,818.0,980.577
6181,818.1,1335.902
6182,818.2,1795.696
6183,818.3,2378.873
6184,818.4,3111.029
6185,818.5,4011.307
6186,818.6,5102.0
6187,818.7,6401.217
6188,818.8,7920.929
6189,818.9,9669.0
6190,819.0,11643.894
6191,819.1,13820.003
6192,819.2,16194.666
6193,819.3,18712.486
6194,819.4,21325.099
6195,819.5,23984.697
6196,819.6,26600.56
6197,819.7,29108.114
6198,819.8,31436.175
6199,819.9,33486.365
6200,820.0,35210.0
6201,820.1,36534.34
6202,820.2,37433.866
6203,820.3,37884.624
6204,820.4,37882.786
6205,820.5,37454.272
6206,820.6,36655.047
6207,820.7,35538.345
6208,820.8,34192.82
6209,820.9,32719.041
6210,821.0,31206.495
6211,821.1,29760.0
6212,821.2,28491.338
6213,821.3,27473.55
6214,821.4,26790.0
6215,821.5,26511.066
6216,821.6,26670.635
6217,821.7,27315.942
6218,821.8,28436.91
6219,821.9,30034.047
6220,822.0,32107.553
6221,822.1,34609.829
6222,822.2,37517.775
6223,822.3,40808.145
6224,822.4,44452.813
6225,822.5,48430.0
6226,822.6,52755.087
6227,822.7,57473.94
6228,822.8,62638.93
6229,822.9,68369.939
6230,823.0,74836.225
6231,823.1,82240.879
6232,823.2,90857.938
6233,823.3,100993.175
6234,823.4,112985.428
6235,823.5,127262.712
6236,823.6,144100.0
6237,823.7,163911.15
6238,823.8,186900.82
6239,823.9,213300.0
6240,824.0,243074.379
6241,824.1,276117.926
6242,824.2,312118.14
6243,824.3,350470.684
6244,824.4,390441.396
6245,824.5,431167.07
6246,824.6,471324.578
6247,824.7,509799.835
6248,824.8,545163.405
6249,824.9,576210.97
6250,825.0,601700.0
6251,825.1,620465.129
6252,825.2,631865.751
6253,825.3,635168.634
6254,825.4,630362.858
6255,825.5,617416.626
6256,825.6,596801.59
6257,825.7,569261.435
6258,825.8,535925.844
6259,825.9,497765.738
6260,826.0,456246.068
6261,826.1,412600.0
6262,826.2,368221.628
6263,826.3,324175.156
6264,826.4,281600.0
6265,826.5,241407.905
6266,826.6,204151.633
6267,826.7,170283.657
6268,826.8,140194.079
6269,826.9,113918.934
6270,827.0,91276.83
6271,827.1,72176.658
6272,827.2,56301.392
6273,827.3,43341.777
6274,827.4,32907.691
6275,827.5,24660.0
6276,827.6,18234.11
6277,827.7,13295.096
6278,827.8,9569.379
6279,827.9,6794.029
6280,828.0,4758.871
6281,828.1,3289.143
6282,828.2,2242.575
6283,828.3,1508.739
6284,828.4,1001.372
6285,828.5,656.113
6286,828.6,423.9
6287,828.7,270.307
6288,828.8,169.994
6289,828.9,105.5
6290,829.0,64.6
6291,829.1,39.026
6292,829.2,23.259
6293,829.3,13.676
6294,829.4,7.936
6295,829.5,4.544
6296,829.6,2.566
6297,829.7,1.43
6298,829.8,0.786
6299,829.9,0.426
6300,830.0,0.228
6301,830.1,0.12
6302,830.2,0.063
6303,830.3,0.032
6304,830.4,0.016
6305,830.5,0.008
6306,830.6,0.004
6307,830.7,0.002
6308,830.8,0.001
6309,830.9,0.0
6310,831.0,0.0
6311,831.1,0.0
6312,831.2,0.0
6313,831.3,0.0
6314,831.4,0.0
6315,831.5,0.0
6316,831.6,0.0
6317,831.7,0.0
6318,831.8,0.0
6319,831.9,0.0
6320,832.0,0.0
6321,832.1,0.0
6322,832.2,0.0
6323,832.3,0.0
6324,832.4,0.0
6325,832.5,0.0
6326,832.6,0.0
6327,832.7,0.0
6328,832.8,0.0
6329,832.9,0.0
6330,833.0,0.0
6331,833.1,0.0
6332,833.2,0.0
6333,833.3,0.0
6334,833.4,0.0
6335,833.5,0.0
6336,833.6,0.0
6337,833.7,0.0
6338,833.8,0.0
6339,833.9,0.0
6340,834.0,0.0
6341,834.1,0.0
6342,834.2,0.0
6343,834.3,0.0
6344,834.4,0.0
6345,834.5,0.0
6346,834.6,0.0
6347,834.7,0.0
6348,834.8,0.0
6349,834.9,0.0
6350,835.0,0.0
6351,835.1,0.0
6352,835.2,0.0
6353,835.3,0.0
6354,835.4,0.0
6355,835.5,0.0
6356,835.6,0.0
6357,835.7,0.0
6358,835.8,0.0
6359,835.9,0.0
6360,836.0,0.0
6361,836.1,0.0
6362,836.2,0.0
6363,836.3,0.0
6364,836.4,0.0
6365,836.5,0.0
6366,836.6,0.0
6367,836.7,0.0
6368,836.8,0.0
6369,836.9,0.0
6370,837.0,0.0
6371,837.1,0.0
6372,837.2,0.0
6373,837.3,0.0
6374,837.4,0.0
6375,837.5,0.0
6376,837.6,0.0
6377,837.7,0.0
6378,837.8,0.0
6379,837.9,0.0
6380,838.0,0.0
6381,838.1,0.0
6382,838.2,0.0
6383,838.3,0.0
6384,838.4,0.0
6385,838.5,0.0
6386,838.6,0.0
6387,838.7,0.0
6388,838.8,0.0
6389,838.9,0.0
6390,839.0,0.0
6391,839.1,0.0
6392,839.2,0.0
6393,839.3,0.0
6394,839.4,0.0
6395,839.5,0.0
6396,839.6,0.0
6397,839.7,0.001
6398,839.8,0.001
6399,839.9,0.002
6400,840.0,0.005
6401,840.1,0.009
6402,840.2,0.017
6403,840.3,0.032
6404,840.4,0.06
6405,840.5,0.109
6406,840.6,0.195
6407,840.7,0.347
6408,840.8,0.608
6409,840.9,1.051
6410,841.0,1.794
6411,841.1,3.023
6412,841.2,5.029
6413,841.3,8.258
6414,841.4,13.39
6415,841.5,21.422
6416,841.6,33.829
6417,841.7,52.753
6418,841.8,81.2
6419,841.9,123.323
6420,842.0,185.05
6421,842.1,273.874
6422,842.2,400.313
6423,842.3,577.467
6424,842.4,822.416
6425,842.5,1156.0
6426,842.6,1604.339
6427,842.7,2197.916
6428,842.8,2971.585
6429,842.9,3966.352
6430,843.0,5225.703
6431,843.1,6797.486
6432,843.2,8727.002
6433,843.3,11062.405
6434,843.4,13841.859
6435,843.5,17087.806
6436,843.6,20840.0
6437,843.7,25074.774
6438,843.8,29783.255
6439,843.9,34930.0
6440,844.0,40435.529
6441,844.1,46206.167
6442,844.2,52114.739
6443,844.3,58032.727
6444,844.4,63789.765
6445,844.5,69202.505
6446,844.6,74121.884
6447,844.7,78367.571
6448,844.8,81791.282
6449,844.9,84258.506
6450,845.0,85690.0
6451,845.1,86026.5
6452,845.2,85248.036
6453,845.3,83398.185
6454,845.4,80527.533
6455,845.5,76761.052
6456,845.6,72226.94
6457,845.7,67095.353
6458,845.8,61524.377
6459,845.9,55689.187
6460,846.0,49760.319
6461,846.1,43900.0
6462,846.2,38239.486
6463,846.3,32892.742
6464,846.4,27950.0
6465,846.5,23473.178
6466,846.6,19510.972
6467,846.7,16082.495
6468,846.8,13197.591
6469,846.9,10844.929
6470,847.0,9035.668
6471,847.1,7750.122
6472,847.2,6998.349
6473,847.3,6795.824
6474,847.4,7178.834
6475,847.5,8206.0
6476,847.6,9962.809
6477,847.7,12572.667
6478,847.8,16181.492
6479,847.9,20987.689
6480,848.0,27209.517
6481,848.1,35114.494
6482,848.2,45005.285
6483,848.3,57208.55
6484,848.4,72084.918
6485,848.5,89996.432
6486,848.6,111300.0
6487,848.7,136336.226
6488,848.8,165472.44
6489,848.9,198900.0
6490,849.0,236672.075
6491,849.1,278915.092
6492,849.2,325435.58
6493,849.3,375974.767
6494,849.4,429946.536
6495,849.5,486564.569
6496,849.6,544998.683
6497,849.7,604104.559
6498,849.8,662443.031
6499,849.9,718604.05
6500,850.0,771100.0
6501,850.1,818330.195
6502,850.2,858760.969
6503,850.3,891030.249
6504,850.4,914084.087
6505,850.5,926988.587
6506,850.6,929228.472
6507,850.7,920548.855
6508,850.8,901284.51
6509,850.9,872069.938
6510,851.0,833667.311
6511,851.1,787500.0
6512,851.2,734964.457
6513,851.3,677601.134
6514,851.4,617200.0
6515,851.5,555282.96
6516,851.6,493531.414
6517,851.7,433178.252
6518,851.8,375672.691
6519,851.9,321671.478
6520,852.0,272053.603
6521,852.1,227270.695
6522,852.2,187497.648
6523,852.3,152737.568
6524,852.4,122917.444
6525,852.5,97670.0
6526,852.6,76640.092
6527,852.7,59387.259
6528,852.8,45451.796
6529,852.9,34349.009
6530,853.0,25635.754
6531,853.1,18905.216
6532,853.2,13778.176
6533,853.3,9928.067
6534,853.4,7092.146
6535,853.5,5041.708
6536,853.6,3598.0
6537,853.7,2621.866
6538,853.8,2010.479
6539,853.9,1691.0
6540,854.0,1616.644
6541,854.1,1766.003
6542,854.2,2133.981
6543,854.3,2736.609
6544,854.4,3601.512
6545,854.5,4772.287
6546,854.6,6301.172
6547,854.7,8252.338
6548,854.8,10691.545
6549,854.9,13692.076
6550,855.0,17320.0
6551,855.1,21646.727
6552,855.2,26715.446
6553,855.3,32559.563
6554,855.4,39176.244
6555,855.5,46561.846
6556,855.6,54636.565
6557,855.7,63313.472
6558,855.8,72447.338
6559,855.9,81864.293
6560,856.0,91354.227
6561,856.1,100600.0
6562,856.2,109527.745
6563,856.3,117682.147
6564,856.4,124800.0
6565,856.5,130844.633
6566,856.6,135289.099
6567,856.7,138221.966
6568,856.8,139498.146
6569,856.9,138950.473
6570,857.0,136693.669
6571,857.1,132752.198
6572,857.2,127415.65
6573,857.3,120660.644
6574,857.4,112901.854
6575,857.5,104300.0
6576,857.6,95095.941
6577,857.7,85660.617
6578,857.8,76188.989
6579,857.9,66920.535
6580,858.0,58039.983
6581,858.1,49704.851
6582,858.2,42041.191
6583,858.3,35111.467
6584,858.4,28952.471
6585,858.5,23584.283
6586,858.6,18960.0
6587,858.7,15064.464
6588,858.8,11808.531
6589,858.9,9144.0
6590,859.0,6992.821
6591,859.1,5280.1
6592,859.2,3936.397
6593,859.3,2898.859
6594,859.4,2107.596
6595,859.5,1513.164
6596,859.6,1072.939
6597,859.7,751.209
6598,859.8,519.348
6599,859.9,354.546
6600,860.0,239.0
6601,860.1,159.099
6602,860.2,104.599
6603,860.3,67.901
6604,860.4,43.533
6605,860.5,27.55
6606,860.6,17.221
6607,860.7,10.628
6608,860.8,6.48
6609,860.9,3.9
6610,861.0,2.318
6611,861.1,1.361
6612,861.2,0.789
6613,861.3,0.451
6614,861.4,0.255
6615,861.5,0.142
6616,861.6,0.078
6617,861.7,0.043
6618,861.8,0.023
6619,861.9,0.012
6620,862.0,0.006
6621,862.1,0.003
6622,862.2,0.002
6623,862.3,0.001
6624,862.4,0.0
6625,862.5,0.0
6626,862.6,0.0
6627,862.7,0.0
6628,862.8,0.0
6629,862.9,0.0
6630,863.0,0.0
6631,863.1,0.001
6632,863.2,0.002
6633,863.3,0.003
6634,863.4,0.007
6635,863.5,0.012
6636,863.6,0.023
6637,863.7,0.043
6638,863.8,0.077
6639,863.9,0.138
6640,864.0,0.245
6641,864.1,0.429
6642,864.2,0.743
6643,864.3,1.269
6644,864.4,2.143
6645,864.5,3.575
6646,864.6,5.892
6647,864.7,9.596
6648,864.8,15.449
6649,864.9,24.566
6650,865.0,38.61
6651,865.1,59.965
6652,865.2,92.094
6653,865.3,139.74
6654,865.4,209.723
6655,865.5,311.096
6656,865.6,456.227
6657,865.7,661.834
6658,865.8,949.443
6659,865.9,1347.954
6660,866.0,1892.343
6661,866.1,2629.0
6662,866.2,3616.508
6663,866.3,4924.467
6664,866.4,6640.0
6665,866.5,8868.924
6666,866.6,11737.601
6667,866.7,15385.287
6668,866.8,20007.684
6669,866.9,25789.292
6670,867.0,32967.375
6671,867.1,41807.058
6672,867.2,52610.159
6673,867.3,65698.046
6674,867.4,81424.834
6675,867.5,100200.0
6676,867.6,122362.809
6677,867.7,148335.915
6678,867.8,178529.287
6679,867.9,213296.653
6680,868.0,252862.193
6681,868.1,297492.47
6682,868.2,347140.765
6683,868.3,401859.653
6684,868.4,461242.618
6685,868.5,524917.306
6686,868.6,591900.0
6687,868.7,661461.387
6688,868.8,732239.006
6689,868.9,802700.0
6690,869.0,871393.718
6691,869.1,936293.284
6692,869.2,995816.161
6693,869.3,1048281.762
6694,869.4,1091265.411
6695,869.5,1124833.9
6696,869.6,1146050.166
6697,869.7,1154731.788
6698,869.8,1152452.104
6699,869.9,1136293.717
6700,870.0,1108000.0
6701,870.1,1069246.062
6702,870.2,1020643.496
6703,870.3,964663.035
6704,870.4,901816.15
6705,870.5,834683.933
6706,870.6,765082.173
6707,870.7,694836.41
6708,870.8,625426.695
6709,870.9,558576.006
6710,871.0,495039.462
6711,871.1,436000.0
6712,871.2,381760.659
6713,871.3,332769.265
6714,871.4,289000.0
6715,871.5,250424.223
6716,871.6,216520.87
6717,871.7,187143.415
6718,871.8,161675.911
6719,871.9,139636.146
6720,872.0,120624.678
6721,872.1,104227.9
6722,872.2,89980.479
6723,872.3,77557.106
6724,872.4,66683.238
6725,872.5,57140.0
6726,872.6,48753.609
6727,872.7,41365.807
6728,872.8,34878.765
6729,872.9,29194.435
6730,873.0,24246.796
6731,873.1,19971.691
6732,873.2,16315.554
6733,873.3,13219.177
6734,873.4,10655.18
6735,873.5,8556.011
6736,873.6,6901.0
6737,873.7,5657.197
6738,873.8,4808.634
6739,873.9,4355.0
6740,874.0,4313.918
6741,874.1,4724.789
6742,874.2,5659.52
6743,874.3,7217.413
6744,874.4,9540.3
6745,874.5,12805.105
6746,874.6,17241.138
6747,874.7,23121.315
6748,874.8,30756.185
6749,874.9,40514.513
6750,875.0,52780.0
6751,875.1,67979.741
6752,875.2,86543.143
6753,875.3,108810.647
6754,875.4,135295.248
6755,875.5,166161.369
6756,875.6,201661.539
6757,875.7,241793.835
6758,875.8,286394.147
6759,875.9,335265.252
6760,876.0,387717.941
6761,876.1,443100.0
6762,876.2,500241.023
6763,876.3,558094.367
6764,876.4,615100.0
6765,876.5,669935.944
6766,876.6,720913.792
6767,876.7,766468.931
6768,876.8,805208.728
6769,876.9,835743.269
6770,877.0,857100.728
6771,877.1,868573.761
6772,877.2,869577.394
6773,877.3,860202.163
6774,877.4,840782.032
6775,877.5,812000.0
6776,877.6,774847.672
6777,877.7,730505.073
6778,877.8,680484.271
6779,877.9,626331.519
6780,878.0,569659.717
6781,878.1,511819.105
6782,878.2,454482.039
6783,878.3,398652.083
6784,878.4,345550.498
6785,878.5,296078.095
6786,878.6,250600.0
6787,878.7,209689.101
6788,878.8,173549.741
6789,878.9,142100.0
6790,879.0,115207.588
6791,879.1,92716.128
6792,879.2,74325.635
6793,879.3,59708.659
6794,879.4,48547.851
6795,879.5,40555.204
6796,879.6,35480.165
6797,879.7,33139.071
6798,879.8,33425.615
6799,879.9,36295.0
6800,880.0,41770.0
6801,880.1,49927.385
6802,880.2,60920.45
6803,880.3,74874.597
6804,880.4,91977.291
6805,880.5,112375.353
6806,880.6,136128.109
6807,880.7,163231.737
6808,880.8,193675.457
6809,880.9,227244.345
6810,881.0,263473.542
6811,881.1,302000.0
6812,881.2,342105.66
6813,881.3,383004.004
6814,881.4,423700.0
6815,881.5,463167.522
6816,881.6,500349.924
6817,881.7,534094.571
6818,881.8,563436.947
6819,881.9,587339.483
6820,882.0,605081.897
6821,882.1,615962.612
6822,882.2,619629.222
6823,882.3,615973.09
6824,882.4,605100.781
6825,882.5,587400.0
6826,882.6,563417.01
6827,882.7,534131.341
6828,882.8,500351.884
6829,882.9,463116.342
6830,883.0,423629.144
6831,883.1,382909.896
6832,883.2,342099.255
6833,883.3,301944.32
6834,883.4,263362.199
6835,883.5,227020.602
6836,883.6,193400.0
6837,883.7,162745.811
6838,883.8,135395.016
6839,883.9,111300.0
6840,884.0,90388.895
6841,884.1,72549.866
6842,884.2,57549.344
6843,884.3,45102.529
6844,884.4,34933.496
6845,884.5,26741.132
6846,884.6,20228.669
6847,884.7,15114.073
6848,884.8,11162.339
6849,884.9,8149.14
6850,885.0,5878.0
6851,885.1,4189.135
6852,885.2,2950.604
6853,885.3,2054.024
6854,885.4,1412.169
6855,885.5,960.411
6856,885.6,645.616
6857,885.7,429.57
6858,885.8,283.691
6859,885.9,187.055
6860,886.0,125.39
6861,886.1,88.68
6862,886.2,70.964
6863,886.3,69.307
6864,886.4,83.64
6865,886.5,116.716
6866,886.6,174.721
6867,886.7,267.662
6868,886.8,411.055
6869,886.9,627.415
6870,887.0,948.537
6871,887.1,1418.353
6872,887.2,2097.673
6873,887.3,3066.707
6874,887.4,4431.571
6875,887.5,6331.0
6876,887.6,8941.436
6877,887.7,12478.763
6878,887.8,17216.753
6879,887.9,23481.639
6880,888.0,31660.443
6881,888.1,42193.171
6882,888.2,55582.242
6883,888.3,72380.82
6884,888.4,93167.236
6885,888.5,118515.635
6886,888.6,149100.0
6887,888.7,185422.17
6888,888.8,227826.712
6889,888.9,276800.0
6890,889.0,332388.72
6891,889.1,394587.406
6892,889.2,463110.558
6893,889.3,537172.929
6894,889.4,615917.795
6895,889.5,698141.238
6896,889.6,782202.353
6897,889.7,866357.24
6898,889.8,948466.004
6899,889.9,1026719.025
6900,890.0,1098000.0
6901,890.1,1161028.885
6902,890.2,1213902.313
6903,890.3,1254495.417
6904,890.4,1281466.674
6905,890.5,1293589.319
6906,890.6,1291154.912
6907,890.7,1274140.143
6908,890.8,1242851.153
6909,890.9,1198158.969
6910,891.0,1142019.625
6911,891.1,1076000.0
6912,891.2,1001732.55
6913,891.3,922510.467
6914,891.4,839500.0
6915,891.5,755172.56
6916,891.6,671478.869
6917,891.7,590327.396
6918,891.8,512879.141
6919,891.9,440613.678
6920,892.0,374117.758
6921,892.1,314003.168
6922,892.2,260491.989
6923,892.3,213670.212
6924,892.4,173253.101
6925,892.5,138800.0
6926,892.6,110001.939
6927,892.7,86142.404
6928,892.8,66685.504
6929,892.9,51038.796
6930,893.0,38606.452
6931,893.1,28873.603
6932,893.2,21342.958
6933,893.3,15591.427
6934,893.4,11262.173
6935,893.5,8042.299
6936,893.6,5677.0
6937,893.7,3960.363
6938,893.8,2732.115
6939,893.9,1862.0
6940,894.0,1255.276
6941,894.1,836.032
6942,894.2,550.704
6943,894.3,358.547
6944,894.4,230.695
6945,894.5,146.739
6946,894.6,92.306
6947,894.7,57.355
6948,894.8,35.248
6949,894.9,21.406
6950,895.0,12.85
6951,895.1,7.63
6952,895.2,4.476
6953,895.3,2.596
6954,895.4,1.488
6955,895.5,0.843
6956,895.6,0.472
6957,895.7,0.262
6958,895.8,0.143
6959,895.9,0.077
6960,896.0,0.041
6961,896.1,0.022
6962,896.2,0.011
6963,896.3,0.006
6964,896.4,0.003
6965,896.5,0.002
6966,896.6,0.001
6967,896.7,0.0
6968,896.8,0.0
6969,896.9,0.0
6970,897.0,0.0
6971,897.1,0.0
6972,897.2,0.0
6973,897.3,0.0
6974,897.4,0.0
6975,897.5,0.0
6976,897.6,0.0
6977,897.7,0.0
6978,897.8,0.0
6979,897.9,0.0
6980,898.0,0.0
6981,898.1,0.0
6982,898.2,0.0
6983,898.3,0.0
6984,898.4,0.0
6985,898.5,0.0
6986,898.6,0.0
6987,898.7,0.0
6988,898.8,0.0
6989,898.9,0.0
6990,899.0,0.0
6991,899.1,0.0
6992,899.2,0.0
6993,899.3,0.0
6994,899.4,0.0
6995,899.5,0.0
6996,899.6,0.0
6997,899.7,0.0
6998,899.8,0.0
6999,899.9,0.0
7000,900.0,0.0
7001,900.1,0.0
7002,900.2,0.0
7003,900.3,0.0
7004,900.4,0.0
7005,900.5,0.0
7006,900.6,0.0
7007,900.7,0.0
7008,900.8,0.0
7009,900.9,0.0
7010,901.0,0.0
7011,901.1,0.0
7012,901.2,0.0
7013,901.3,0.0
7014,901.4,0.0
7015,901.5,0.0
7016,901.6,0.0
7017,901.7,0.0
7018,901.8,0.0
7019,901.9,0.0
7020,902.0,0.0
7021,902.1,0.0
7022,902.2,0.0
7023,902.3,0.0
7024,902.4,0.0
7025,902.5,0.0
7026,902.6,0.0
7027,902.7,0.0
7028,902.8,0.0
7029,902.9,0.0
7030,903.0,0.0
7031,903.1,0.0
7032,903.2,0.0
7033,903.3,0.0
7034,903.4,0.0
7035,903.5,0.0
7036,903.6,0.0
7037,903.7,0.0
7038,903.8,0.0
7039,903.9,0.0
7040,904.0,0.0
7041,904.1,0.0
7042,904.2,0.0
7043,904.3,0.0
7044,904.4,0.0
7045,904.5,0.0
7046,904.6,0.0
7047,904.7,0.0
7048,904.8,0.0
7049,904.9,0.0
7050,905.0,0.0
7051,905.1,0.0
7052,905.2,0.0
7053,905.3,0.0
7054,905.4,0.0
7055,905.5,0.0
7056,905.6,0.0
7057,905.7,0.0
7058,905.8,0.0
7059,905.9,0.0
7060,906.0,0.0
7061,906.1,0.0
7062,906.2,0.0
7063,906.3,0.0
7064,906.4,0.0
7065,906.5,0.0
7066,906.6,0.0
7067,906.7,0.0
7068,906.8,0.0
7069,906.9,0.0
7070,907.0,0.0
7071,907.1,0.0
7072,907.2,0.0
7073,907.3,0.0
7074,907.4,0.0
7075,907.5,0.0
7076,907.6,0.0
7077,907.7,0.0
7078,907.8,0.0
7079,907.9,0.0
7080,908.0,0.0
7081,908.1,0.0
7082,908.2,0.0
7083,908.3,0.0
7084,908.4,0.0
7085,908.5,0.0
7086,908.6,0.0
7087,908.7,0.0
7088,908.8,0.0
7089,908.9,0.0
7090,909.0,0.0
7091,909.1,0.0
7092,909.2,0.0
7093,909.3,0.0
7094,909.4,0.0
7095,909.5,0.0
7096,909.6,0.0
7097,909.7,0.0
7098,909.8,0.0
7099,909.9,0.0
7100,910.0,0.0
7101,910.1,0.0
7102,910.2,0.0
7103,910.3,0.0
7104,910.4,0.0
7105,910.5,0.0
7106,910.6,0.0
7107,910.7,0.0
7108,910.8,0.0
7109,910.9,0.0
7110,911.0,0.0
7111,911.1,0.0
7112,911.2,0.0
7113,911.3,0.0
7114,911.4,0.0
7115,911.5,0.0
7116,911.6,0.0
7117,911.7,0.0
7118,911.8,0.0
7119,911.9,0.0
7120,912.0,0.0
7121,912.1,0.0
7122,912.2,0.0
7123,912.3,0.0
7124,912.4,0.0
7125,912.5,0.0
7126,912.6,0.0
7127,912.7,0.0
7128,912.8,0.0
7129,912.9,0.0
7130,913.0,0.0
7131,913.1,0.0
7132,913.2,0.0
7133,913.3,0.0
7134,913.4,0.0
7135,913.5,0.0
7136,913.6,0.0
7137,913.7,0.0
7138,913.8,0.0
7139,913.9,0.0
7140,914.0,0.0
7141,914.1,0.0
7142,914.2,0.0
7143,914.3,0.0
7144,914.4,0.0
7145,914.5,0.0
7146,914.6,0.0
7147,914.7,0.0
7148,914.8,0.0
7149,914.9,0.0
7150,915.0,0.0
7151,915.1,0.0
7152,915.2,0.0
7153,915.3,0.0
7154,915.4,0.0
7155,915.5,0.0
7156,915.6,0.0
7157,915.7,0.0
7158,915.8,0.0
7159,915.9,0.0
7160,916.0,0.0
7161,916.1,0.0
7162,916.2,0.0
7163,916.3,0.0
7164,916.4,0.0
7165,916.5,0.0
7166,916.6,0.0
7167,916.7,0.0
7168,916.8,0.0
7169,916.9,0.0
7170,917.0,0.0
7171,917.1,0.0
7172,917.2,0.0
7173,917.3,0.0
7174,917.4,0.0
7175,917.5,0.0
7176,917.6,0.0
7177,917.7,0.0
7178,917.8,0.0
7179,917.9,0.0
7180,918.0,0.0
7181,918.1,0.0
7182,918.2,0.0
7183,918.3,0.0
7184,918.4,0.0
7185,918.5,0.0
7186,918.6,0.0
7187,918.7,0.0
7188,918.8,0.0
7189,918.9,0.0
7190,919.0,0.0
7191,919.1,0.0
7192,919.2,0.0
7193,919.3,0.0
7194,919.4,0.0
7195,919.5,0.0
7196,919.6,0.0
7197,919.7,0.0
7198,919.8,0.0
7199,919.9,0.0
7200,920.0,0.0
7201,920.1,0.0
7202,920.2,0.0
7203,920.3,0.0
7204,920.4,0.0
7205,920.5,0.0
7206,920.6,0.0
7207,920.7,0.0
7208,920.8,0.0
7209,920.9,0.0
7210,921.0,0.0
7211,921.1,0.0
7212,921.2,0.0
7213,921.3,0.0
7214,921.4,0.0
7215,921.5,0.0
7216,921.6,0.0
7217,921.7,0.0
7218,921.8,0.0
7219,921.9,0.0
7220,922.0,0.0
7221,922.1,0.0
7222,922.2,0.0
7223,922.3,0.0
7224,922.4,0.0
7225,922.5,0.0
7226,922.6,0.0
7227,922.7,0.0
7228,922.8,0.0
7229,922.9,0.0
7230,923.0,0.0
7231,923.1,0.0
7232,923.2,0.0
7233,923.3,0.0
7234,923.4,0.0
7235,923.5,0.0
7236,923.6,0.0
7237,923.7,0.0
7238,923.8,0.0
7239,923.9,0.0
7240,924.0,0.0
7241,924.1,0.0
7242,924.2,0.0
7243,924.3,0.0
7244,924.4,0.0
7245,924.5,0.0
7246,924.6,0.0
7247,924.7,0.0
7248,924.8,0.0
7249,924.9,0.0
7250,925.0,0.0
7251,925.1,0.0
7252,925.2,0.0
7253,925.3,0.0
7254,925.4,0.0
7255,925.5,0.0
7256,925.6,0.0
7257,925.7,0.0
7258,925.8,0.0
7259,925.9,0.0
7260,926.0,0.0
7261,926.1,0.0
7262,926.2,0.0
7263,926.3,0.0
7264,926.4,0.0
7265,926.5,0.0
7266,926.6,0.0
7267,926.7,0.0
7268,926.8,0.0
7269,926.9,0.0
7270,927.0,0.0
7271,927.1,0.0
7272,927.2,0.0
7273,927.3,0.0
7274,927.4,0.0
7275,927.5,0.0
7276,927.6,0.0
7277,927.7,0.0
7278,927.8,0.0
7279,927.9,0.0
7280,928.0,0.0
7281,928.1,0.0
7282,928.2,0.0
7283,928.3,0.0
7284,928.4,0.0
7285,928.5,0.0
7286,928.6,0.0
7287,928.7,0.0
7288,928.8,0.0
7289,928.9,0.0
7290,929.0,0.0
7291,929.1,0.0
7292,929.2,0.0
7293,929.3,0.0
7294,929.4,0.0
7295,929.5,0.0
7296,929.6,0.0
7297,929.7,0.0
7298,929.8,0.0
7299,929.9,0.0
7300,930.0,0.0
7301,930.1,0.0
7302,930.2,0.0
7303,930.3,0.0
7304,930.4,0.0
7305,930.5,0.0
7306,930.6,0.0
7307,930.7,0.0
7308,930.8,0.0
7309,930.9,0.0
7310,931.0,0.0
7311,931.1,0.0
7312,931.2,0.0
7313,931.3,0.0
7314,931.4,0.0
7315,931.5,0.0
7316,931.6,0.0
7317,931.7,0.0
7318,931.8,0.0
7319,931.9,0.0
7320,932.0,0.0
7321,932.1,0.0
7322,932.2,0.0
7323,932.3,0.0
7324,932.4,0.0
7325,932.5,0.0
7326,932.6,0.0
7327,932.7,0.0
7328,932.8,0.0
7329,932.9,0.0
7330,933.0,0.0
7331,933.1,0.0
7332,933.2,0.0
7333,933.3,0.0
7334,933.4,0.0
7335,933.5,0.0
7336,933.6,0.0
7337,933.7,0.0
7338,933.8,0.0
7339,933.9,0.0
7340,934.0,0.0
7341,934.1,0.0
7342,934.2,0.0
7343,934.3,0.0
7344,934.4,0.0
7345,934.5,0.0
7346,934.6,0.0
7347,934.7,0.0
7348,934.8,0.0
7349,934.9,0.0
7350,935.0,0.0
7351,935.1,0.0
7352,935.2,0.0
7353,935.3,0.0
7354,935.4,0.0
7355,935.5,0.0
7356,935.6,0.0
7357,935.7,0.0
7358,935.8,0.0
7359,935.9,0.0
7360,936.0,0.0
7361,936.1,0.0
7362,936.2,0.0
7363,936.3,0.0
7364,936.4,0.0
7365,936.5,0.0
7366,936.6,0.0
7367,936.7,0.0
7368,936.8,0.0
7369,936.9,0.0
7370,937.0,0.0
7371,937.1,0.0
7372,937.2,0.0
7373,937.3,0.0
7374,937.4,0.0
7375,937.5,0.0
7376,937.6,0.0
7377,937.7,0.0
7378,937.8,0.0
7379,937.9,0.0
7380,938.0,0.0
7381,938.1,0.0
7382,938.2,0.0
7383,938.3,0.0
7384,938.4,0.001
7385,938.5,0.001
7386,938.6,0.002
7387,938.7,0.004
7388,938.8,0.006
7389,938.9,0.012
7390,939.0,0.021
7391,939.1,0.037
7392,939.2,0.066
7393,939.3,0.115
7394,939.4,0.198
7395,939.5,0.338
7396,939.6,0.57
7397,939.7,0.954
7398,939.8,1.579
7399,939.9,2.585
7400,940.0,4.191
7401,940.1,6.723
7402,940.2,10.671
7403,940.3,16.774
7404,940.4,26.081
7405,940.5,40.136
7406,940.6,61.131
7407,940.7,92.169
7408,940.8,137.467
7409,940.9,203.055
7410,941.0,296.677
7411,941.1,429.1
7412,941.2,614.132
7413,941.3,869.975
7414,941.4,1220.0
7415,941.5,1692.75
7416,941.6,2323.875
7417,941.7,3158.978
7418,941.8,4248.565
7419,941.9,5656.193
7420,942.0,7452.46
7421,942.1,9716.416
7422,942.2,12542.766
7423,942.3,16023.046
7424,942.4,20258.384
7425,942.5,25340.0
7426,942.6,31379.351
7427,942.7,38470.646
7428,942.8,46672.301
7429,942.9,56046.853
7430,943.0,66616.551
7431,943.1,78390.827
7432,943.2,91302.274
7433,943.3,105343.181
7434,943.4,120255.539
7435,943.5,135913.308
7436,943.6,152100.0
7437,943.7,168718.2
7438,943.8,185299.858
7439,943.9,201600.0
7440,944.0,217476.872
7441,944.1,232584.168
7442,944.2,246650.129
7443,944.3,259496.943
7444,944.4,271114.574
7445,944.5,281377.1
7446,944.6,290457.718
7447,944.7,298183.13
7448,944.8,304997.421
7449,944.9,311020.294
7450,945.0,316500.0
7451,945.1,321911.586
7452,945.2,327360.04
7453,945.3,333326.884
7454,945.4,339958.056
7455,945.5,347311.603
7456,945.6,355679.104
7457,945.7,364835.518
7458,945.8,374768.783
7459,945.9,385216.703
7460,946.0,395833.6
7461,946.1,406300.0
7462,946.2,415962.663
7463,946.3,424406.768
7464,946.4,431200.0
7465,946.5,435733.49
7466,946.6,437757.666
7467,946.7,436766.496
7468,946.8,432649.218
7469,946.9,425398.443
7470,947.0,414914.054
7471,947.1,401475.799
7472,947.2,385351.915
7473,947.3,366859.165
7474,947.4,346774.593
7475,947.5,325600.0
7476,947.6,303996.571
7477,947.7,282576.117
7478,947.8,262227.577
7479,947.9,243491.911
7480,948.0,227004.195
7481,948.1,213394.194
7482,948.2,203245.071
7483,948.3,196906.18
7484,948.4,194709.978
7485,948.5,196884.538
7486,948.6,203600.0
7487,948.7,214755.903
7488,948.8,230194.318
7489,948.9,249700.0
7490,949.0,272909.161
7491,949.1,299304.556
7492,949.2,328071.783
7493,949.3,358725.514
7494,949.4,390324.409
7495,949.5,421941.398
7496,949.6,452770.378
7497,949.7,481732.923
7498,949.8,508117.971
7499,949.9,530876.487
7500,950.0,549400.0
7501,950.1,563046.174
7502,950.2,571406.781
7503,950.3,574010.8
7504,950.4,570916.668
7505,950.5,562081.546
7506,950.6,547728.983
7507,950.7,528408.975
7508,950.8,504609.052
7509,950.9,476895.932
7510,951.0,446197.757
7511,951.1,413200.0
7512,951.2,378726.057
7513,951.3,343629.343
7514,951.4,308600.0
7515,951.5,274300.39
7516,951.6,241375.762
7517,951.7,210172.894
7518,951.8,181148.073
7519,951.9,154615.669
7520,952.0,130515.054
7521,952.1,109135.933
7522,952.2,90291.825
7523,952.3,73953.371
7524,952.4,59951.612
7525,952.5,48100.0
7526,952.6,38200.756
7527,952.7,30025.746
7528,952.8,23364.892
7529,952.9,17996.812
7530,953.0,13716.125
7531,953.1,10350.068
7532,953.2,7732.001
7533,953.3,5715.189
7534,953.4,4182.902
7535,953.5,3029.064
7536,953.6,2172.0
7537,953.7,1541.096
7538,953.8,1082.071
7539,953.9,752.5
7540,954.0,517.844
7541,954.1,352.767
7542,954.2,237.934
7543,954.3,158.984
7544,954.4,105.385
7545,954.5,69.472
7546,954.6,45.976
7547,954.7,31.164
7548,954.8,22.633
7549,954.9,18.957
7550,955.0,19.58
7551,955.1,24.691
7552,955.2,35.359
7553,955.3,53.645
7554,955.4,82.927
7555,955.5,128.396
7556,955.6,197.685
7557,955.7,301.779
7558,955.8,456.466
7559,955.9,683.848
7560,956.0,1013.984
7561,956.1,1490.0
7562,956.2,2166.374
7563,956.3,3118.887
7564,956.4,4446.0
7565,956.5,6274.552
7566,956.6,8767.33
7567,956.7,12132.42
7568,956.8,16615.279
7569,956.9,22534.85
7570,957.0,30266.341
7571,957.1,40237.499
7572,957.2,52963.741
7573,957.3,69031.437
7574,957.4,89088.132
7575,957.5,113800.0
7576,957.6,143957.17
7577,957.7,180308.694
7578,957.8,223666.715
7579,957.9,274635.601
7580,958.0,333809.186
7581,958.1,401812.243
7582,958.2,478927.936
7583,958.3,565083.856
7584,958.4,660208.531
7585,958.5,763635.042
7586,958.6,874700.0
7587,958.7,991794.002
7588,958.8,1113223.454
7589,958.9,1238000.0
7590,959.0,1362372.381
7591,959.1,1485044.482
7592,959.2,1602395.636
7593,959.3,1711842.585
7594,959.4,1810794.331
7595,959.5,1896927.158
7596,959.6,1967187.638
7597,959.7,2019814.261
7598,959.8,2053274.132
7599,959.9,2067080.715
7600,960.0,2060000.0
7601,960.1,2032885.413
7602,960.2,1985766.88
7603,960.3,1920793.242
7604,960.4,1840325.346
7605,960.5,1745186.691
7606,960.6,1638833.139
7607,960.7,1523438.999
7608,960.8,1402407.407
7609,960.9,1278042.698
7610,961.0,1153086.064
7611,961.1,1031000.0
7612,961.2,911913.585
7613,961.3,798819.874
7614,961.4,692900.0
7615,961.5,595025.468
7616,961.6,505931.492
7617,961.7,425910.272
7618,961.8,355040.093
7619,961.9,293032.713
7620,962.0,239404.347
7621,962.1,193764.697
7622,962.2,155186.835
7623,962.3,123144.033
7624,962.4,96668.185
7625,962.5,75190.0
7626,962.6,57891.428
7627,962.7,44139.908
7628,962.8,33313.81
7629,962.9,24898.937
7630,963.0,18426.453
7631,963.1,13497.581
7632,963.2,9794.543
7633,963.3,7033.626
7634,963.4,5001.983
7635,963.5,3522.193
7636,963.6,2456.0
7637,963.7,1695.048
7638,963.8,1158.21
7639,963.9,784.1
7640,964.0,525.402
7641,964.1,348.541
7642,964.2,228.969
7643,964.3,148.9
7644,964.4,95.895
7645,964.5,61.146
7646,964.6,38.598
7647,964.7,24.13
7648,964.8,14.931
7649,964.9,9.148
7650,965.0,5.551
7651,965.1,3.334
7652,965.2,1.983
7653,965.3,1.168
7654,965.4,0.681
7655,965.5,0.393
7656,965.6,0.225
7657,965.7,0.127
7658,965.8,0.071
7659,965.9,0.04
7660,966.0,0.022
7661,966.1,0.012
7662,966.2,0.006
7663,966.3,0.003
7664,966.4,0.002
7665,966.5,0.001
7666,966.6,0.0
7667,966.7,0.0
7668,966.8,0.0
7669,966.9,0.0
7670,967.0,0.0
7671,967.1,0.0
7672,967.2,0.0
7673,967.3,0.0
7674,967.4,0.0
7675,967.5,0.0
7676,967.6,0.0
7677,967.7,0.0
7678,967.8,0.0
7679,967.9,0.0
7680,968.0,0.0
7681,968.1,0.0
7682,968.2,0.0
7683,968.3,0.0
7684,968.4,0.0
7685,968.5,0.0
7686,968.6,0.0
7687,968.7,0.0
7688,968.8,0.0
7689,968.9,0.0
7690,969.0,0.0
7691,969.1,0.0
7692,969.2,0.0
7693,969.3,0.0
7694,969.4,0.0
7695,969.5,0.0
7696,969.6,0.0
7697,969.7,0.0
7698,969.8,0.0
7699,969.9,0.0
7700,970.0,0.0
7701,970.1,0.0
7702,970.2,0.0
7703,970.3,0.0
7704,970.4,0.0
7705,970.5,0.0
7706,970.6,0.0
7707,970.7,0.0
7708,970.8,0.0
7709,970.9,0.0
7710,971.0,0.0
7711,971.1,0.0
7712,971.2,0.0
7713,971.3,0.0
7714,971.4,0.0
7715,971.5,0.0
7716,971.6,0.0
7717,971.7,0.0
7718,971.8,0.0
7719,971.9,0.0
7720,972.0,0.0
7721,972.1,0.0
7722,972.2,0.0
7723,972.3,0.0
7724,972.4,0.0
7725,972.5,0.0
7726,972.6,0.0
7727,972.7,0.0
7728,972.8,0.0
7729,972.9,0.0
7730,973.0,0.0
7731,973.1,0.0
7732,973.2,0.0
7733,973.3,0.0
7734,973.4,0.0
7735,973.5,0.0
7736,973.6,0.0
7737,973.7,0.0
7738,973.8,0.0
7739,973.9,0.0
7740,974.0,0.0
7741,974.1,0.0
7742,974.2,0.0
7743,974.3,0.0
7744,974.4,0.0
7745,974.5,0.0
7746,974.6,0.0
7747,974.7,0.0
7748,974.8,0.0
7749,974.9,0.0
7750,975.0,0.0
7751,975.1,0.0
7752,975.2,0.0
7753,975.3,0.0
7754,975.4,0.0
7755,975.5,0.0
7756,975.6,0.0
7757,975.7,0.0
7758,975.8,0.0
7759,975.9,0.0
7760,976.0,0.0
7761,976.1,0.0
7762,976.2,0.0
7763,976.3,0.0
7764,976.4,0.0
7765,976.5,0.0
7766,976.6,0.0
7767,976.7,0.0
7768,976.8,0.0
7769,976.9,0.0
7770,977.0,0.0
7771,977.1,0.0
7772,977.2,0.0
7773,977.3,0.0
7774,977.4,0.0
7775,977.5,0.0
7776,977.6,0.0
7777,977.7,0.0
7778,977.8,0.0
7779,977.9,0.0
7780,978.0,0.0
7781,978.1,0.0
7782,978.2,0.0
7783,978.3,0.0
7784,978.4,0.0
7785,978.5,0.0
7786,978.6,0.0
7787,978.7,0.0
7788,978.8,0.0
7789,978.9,0.0
7790,979.0,0.0
7791,979.1,0.0
7792,979.2,0.0
7793,979.3,0.0
7794,979.4,0.0
7795,979.5,0.0
7796,979.6,0.0
7797,979.7,0.0
7798,979.8,0.0
7799,979.9,0.0
7800,980.0,0.0
7801,980.1,0.0
7802,980.2,0.0
7803,980.3,0.0
7804,980.4,0.0
7805,980.5,0.0
7806,980.6,0.0
7807,980.7,0.0
7808,980.8,0.0
7809,980.9,0.0
7810,981.0,0.0
7811,981.1,0.0
7812,981.2,0.0
7813,981.3,0.0
7814,981.4,0.0
7815,981.5,0.0
7816,981.6,0.0
7817,981.7,0.0
7818,981.8,0.0
7819,981.9,0.0
7820,982.0,0.0
7821,982.1,0.0
7822,982.2,0.0
7823,982.3,0.0
7824,982.4,0.0
7825,982.5,0.0
7826,982.6,0.0
7827,982.7,0.0
7828,982.8,0.0
7829,982.9,0.0
7830,983.0,0.0
7831,983.1,0.0
7832,983.2,0.0
7833,983.3,0.0
7834,983.4,0.0
7835,983.5,0.0
7836,983.6,0.0
7837,983.7,0.0
7838,983.8,0.0
7839,983.9,0.0
7840,984.0,0.0
7841,984.1,0.0
7842,984.2,0.0
7843,984.3,0.001
7844,984.4,0.001
7845,984.5,0.003
7846,984.6,0.005
7847,984.7,0.008
7848,984.8,0.014
7849,984.9,0.025
7850,985.0,0.043
7851,985.1,0.074
7852,985.2,0.126
7853,985.3,0.212
7854,985.4,0.355
7855,985.5,0.586
7856,985.6,0.961
7857,985.7,1.559
7858,985.8,2.507
7859,985.9,3.993
7860,986.0,6.303
7861,986.1,9.857
7862,986.2,15.269
7863,986.3,23.441
7864,986.4,35.64
7865,986.5,53.696
7866,986.6,80.155
7867,986.7,118.498
7868,986.8,173.649
7869,986.9,252.067
7870,987.0,362.492
7871,987.1,516.47
7872,987.2,729.118
7873,987.3,1019.756
7874,987.4,1412.896
7875,987.5,1939.0
7876,987.6,2638.264
7877,987.7,3554.797
7878,987.8,4745.224
7879,987.9,6276.107
7880,988.0,8223.559
7881,988.1,10680.255
7882,988.2,13732.535
7883,988.3,17500.464
7884,988.4,22092.008
7885,988.5,27635.989
7886,988.6,34250.0
7887,988.7,42052.257
7888,988.8,51164.308
7889,988.9,61660.0
7890,989.0,73625.018
7891,989.1,87096.281
7892,989.2,102069.003
7893,989.3,118546.519
7894,989.4,136343.878
7895,989.5,155459.937
7896,989.6,175521.444
7897,989.7,196382.108
7898,989.8,217677.541
7899,989.9,239123.41
7900,990.0,260100.0
7901,990.1,280383.474
7902,990.2,299459.285
7903,990.3,316957.076
7904,990.4,332247.51
7905,990.5,345069.07
7906,990.6,355063.143
7907,990.7,362020.221
7908,990.8,365628.915
7909,990.9,365876.945
7910,991.0,362776.338
7911,991.1,356300.0
7912,991.2,346754.533
7913,991.3,334391.287
7914,991.4,319400.0
7915,991.5,302255.293
7916,991.6,283441.155
7917,991.7,263244.651
7918,991.8,242342.748
7919,991.9,220944.952
7920,992.0,199584.114
7921,992.1,178682.139
7922,992.2,158376.272
7923,992.3,139153.772
7924,992.4,121147.057
7925,992.5,104500.0
7926,992.6,89236.309
7927,992.7,75538.984
7928,992.8,63347.703
7929,992.9,52626.759
7930,993.0,43317.008
7931,993.1,35327.37
7932,993.2,28543.211
7933,993.3,22844.478
7934,993.4,18114.874
7935,993.5,14234.958
7936,993.6,11080.0
7937,993.7,8544.534
7938,993.8,6528.0
7939,993.9,4941.0
7940,994.0,3705.843
7941,994.1,2752.791
7942,994.2,2026.163
7943,994.3,1478.034
7944,994.4,1067.656
7945,994.5,764.178
7946,994.6,541.962
7947,994.7,380.802
7948,994.8,264.96
7949,994.9,182.756
7950,995.0,124.9
7951,995.1,84.499
7952,995.2,56.671
7953,995.3,37.642
7954,995.4,24.782
7955,995.5,16.155
7956,995.6,10.439
7957,995.7,6.679
7958,995.8,4.236
7959,995.9,2.66
7960,996.0,1.656
7961,996.1,1.021
7962,996.2,0.624
7963,996.3,0.377
7964,996.4,0.226
7965,996.5,0.134
7966,996.6,0.079
7967,996.7,0.046
7968,996.8,0.027
7969,996.9,0.015
7970,997.0,0.009
7971,997.1,0.005
7972,997.2,0.003
7973,997.3,0.001
7974,997.4,0.001
7975,997.5,0.0
7976,997.6,0.0
7977,997.7,0.0
7978,997.8,0.0
7979,997.9,0.0
7980,998.0,0.0
7981,998.1,0.0
7982,998.2,0.0
7983,998.3,0.0
7984,998.4,0.0
7985,998.5,0.0
7986,998.6,0.0
7987,998.7,0.0
7988,998.8,0.0
7989,998.9,0.0
7990,999.0,0.0
7991,999.1,0.0
7992,999.2,0.0
7993,999.3,0.0
7994,999.4,0.0
7995,999.5,0.0
7996,999.6,0.0
7997,999.7,0.0
7998,999.8,0.0
7999,999.9,0.0
