,wavelength,intensity
0,200.0,1392000.0
1,200.1,3303000.0
2,200.2,7196700.649
3,200.3,14840000.0
4,200.4,28110000.0
5,200.5,49380000.0
6,200.6,80480000.0
7,200.7,121937719.382
8,200.8,170700000.0
9,200.9,222100000.0
10,201.0,268300000.0
11,201.1,300730094.115
12,201.2,314300000.0
13,201.3,306500000.0
14,201.4,281800000.0
15,201.5,248600000.0
16,201.6,218242175.197
17,201.7,200300000.0
18,201.8,202400000.0
19,201.9,226400000.0
20,202.0,269575994.513
21,202.1,324400000.0
22,202.2,382100000.0
23,202.3,433400000.0
24,202.4,470200000.0
25,202.5,487290778.506
26,202.6,483100000.0
27,202.7,457700000.0
28,202.8,414700000.0
29,202.9,359400000.0
30,203.0,298427551.933
31,203.1,238200000.0
32,203.2,184500000.0
33,203.3,140800000.0
34,203.4,108249241.699
35,203.5,85440000.0
36,203.6,70170000.0
37,203.7,59470000.0
38,203.8,50920000.0
39,203.9,42942776.162
40,204.0,35120000.0
41,204.1,27440000.0
42,204.2,20430000.0
43,204.3,14570680.029
44,204.4,10050000.0
45,204.5,6927000.0
46,204.6,5011000.0
47,204.7,4063000.0
48,204.8,3900789.463
49,204.9,4573000.0
50,205.0,6245000.0
51,205.1,9338000.0
52,205.2,14389353.697
53,205.3,21850000.0
54,205.4,32060000.0
55,205.5,44960000.0
56,205.6,60100000.0
57,205.7,76737595.878
58,205.8,94010000.0
59,205.9,111100000.0
60,206.0,127400000.0
61,206.1,142133608.731
62,206.2,154200000.0
63,206.3,162300000.0
64,206.4,164800000.0
65,206.5,160600000.0
66,206.6,149079775.621
67,206.7,131400000.0
68,206.8,109400000.0
69,206.9,85810000.0
70,207.0,63348120.765
71,207.1,43870000.0
72,207.2,28730000.0
73,207.3,18090000.0
74,207.4,11580000.0
75,207.5,8534038.164
76,207.6,8290000.0
77,207.7,10230000.0
78,207.8,13820000.0
79,207.9,18450000.0
80,208.0,23399891.656
81,208.1,27820000.0
82,208.2,30880000.0
83,208.3,31980000.0
84,208.4,30854734.89
85,208.5,27810000.0
86,208.6,23360000.0
87,208.7,18300000.0
88,208.8,13390000.0
89,208.9,9171561.234
90,209.0,5857000.0
91,209.1,3523000.0
92,209.2,2004000.0
93,209.3,1086398.6
94,209.4,578100.0
95,209.5,308000.0
96,209.6,175000.0
97,209.7,121600.0
98,209.8,124775.315
99,209.9,195500.0
100,210.0,358000.0
101,210.1,663400.0
102,210.2,1176515.887
103,210.3,1956000.0
104,210.4,3047000.0
105,210.5,4436000.0
106,210.6,6032000.0
107,210.7,7663808.595
108,210.8,9090000.0
109,210.9,10070000.0
110,211.0,10430000.0
111,211.1,10082210.482
112,211.2,9128000.0
113,211.3,7740000.0
114,211.4,6187000.0
115,211.5,4737000.0
116,211.6,3625342.276
117,211.7,3014000.0
118,211.8,3034000.0
119,211.9,3765000.0
120,212.0,5257855.886
121,212.1,7482000.0
122,212.2,10360000.0
123,212.3,13690000.0
124,212.4,17150000.0
125,212.5,20349106.199
126,212.6,22930000.0
127,212.7,24590000.0
128,212.8,25210000.0
129,212.9,24810000.0
130,213.0,23591011.158
131,213.1,21810000.0
132,213.2,19710000.0
133,213.3,17460000.0
134,213.4,15179691.07
135,213.5,12910000.0
136,213.6,10680000.0
137,213.7,8545000.0
138,213.8,6568000.0
139,213.9,4834945.021
140,214.0,3405000.0
141,214.1,2316000.0
142,214.2,1552000.0
143,214.3,1065669.539
144,214.4,789200.0
145,214.5,652000.0
146,214.6,592400.0
147,214.7,565700.0
148,214.8,545276.088
149,214.9,524900.0
150,215.0,505400.0
151,215.1,497800.0
152,215.2,513167.952
153,215.3,555800.0
154,215.4,625900.0
155,215.5,713400.0
156,215.6,803200.0
157,215.7,878432.21
158,215.8,929000.0
159,215.9,950200.0
160,216.0,952200.0
161,216.1,956647.455
162,216.2,1004000.0
163,216.3,1145000.0
164,216.4,1457000.0
165,216.5,2042000.0
166,216.6,3028861.275
167,216.7,4562000.0
168,216.8,6775000.0
169,216.9,9738000.0
170,217.0,13426776.903
171,217.1,17640000.0
172,217.2,22110000.0
173,217.3,26470000.0
174,217.4,30350000.0
175,217.5,33518734.822
176,217.6,35920000.0
177,217.7,37570000.0
178,217.8,38620000.0
179,217.9,39230000.0
180,218.0,39570312.058
181,218.1,39960000.0
182,218.2,40850000.0
183,218.3,43110000.0
184,218.4,47923611.609
185,218.5,56670000.0
186,218.6,70650000.0
187,218.7,90520000.0
188,218.8,115900000.0
189,218.9,145107276.905
190,219.0,174900000.0
191,219.1,201600000.0
192,219.2,221200000.0
193,219.3,230446611.603
194,219.4,228700000.0
195,219.5,216600000.0
196,219.6,197400000.0
197,219.7,175400000.0
198,219.8,155370193.586
199,219.9,141000000.0
200,220.0,135200000.0
201,220.1,138800000.0
202,220.2,150929681.407
203,220.3,169200000.0
204,220.4,190700000.0
205,220.5,211900000.0
206,220.6,229800000.0
207,220.7,242102645.767
208,220.8,248400000.0
209,220.9,249100000.0
210,221.0,246000000.0
211,221.1,241175179.537
212,221.2,236400000.0
213,221.3,233100000.0
214,221.4,231500000.0
215,221.5,231100000.0
216,221.6,231079990.97
217,221.7,230100000.0
218,221.8,226800000.0
219,221.9,220200000.0
220,222.0,209504088.619
221,222.1,194800000.0
222,222.2,176600000.0
223,222.3,156300000.0
224,222.4,135900000.0
225,222.5,117370704.25
226,222.6,102400000.0
227,222.7,92400000.0
228,222.8,87770000.0
229,222.9,87870000.0
230,223.0,91275881.471
231,223.1,96070000.0
232,223.2,100300000.0
233,223.3,102400000.0
234,223.4,101830141.722
235,223.5,99510000.0
236,223.6,97030000.0
237,223.7,97330000.0
238,223.8,103600000.0
239,223.9,118736760.237
240,224.0,143900000.0
241,224.1,179099999.999
242,224.2,221299999.999
243,224.3,265592134.354
244,224.4,305899999.999
245,224.5,336200000.0
246,224.6,352200000.0
247,224.7,352700000.0
248,224.8,339614110.253
249,224.9,318000000.0
250,225.0,293700000.0
251,225.1,272700000.0
252,225.2,259144801.074
253,225.3,254100000.0
254,225.4,257300000.0
255,225.5,265900000.0
256,225.6,276300000.0
257,225.7,285005981.541
258,225.8,289700000.0
259,225.9,288800000.0
260,226.0,282500000.0
261,226.1,271776230.341
262,226.2,258200000.0
263,226.3,243400000.0
264,226.4,228600000.0
265,226.5,214500000.0
266,226.6,201318358.204
267,226.7,188800000.0
268,226.8,176700000.0
269,226.9,165100000.0
270,227.0,153991985.155
271,227.1,144300000.0
272,227.2,137300000.0
273,227.3,135000000.0
274,227.4,141100000.0
275,227.5,160949739.236
276,227.6,203299999.999
277,227.7,278399999.999
278,227.8,398899999.998
279,227.9,577099999.997
280,228.0,822664059.548
281,228.1,1132999999.995
282,228.2,1498999999.994
283,228.3,1894999999.994
284,228.4,2280068679.128
285,228.5,2609999999.995
286,228.6,2841999999.997
287,228.7,2943999999.999
288,228.8,2907000000.002
289,228.9,2741841930.173
290,229.0,2481000000.005
291,229.1,2163000000.005
292,229.2,1830000000.005
293,229.3,1515989840.141
294,229.4,1240000000.004
295,229.5,1015000000.003
296,229.6,842900000.002
297,229.7,721600000.002
298,229.8,648374024.603
299,229.9,623600000.0
300,230.0,649399999.999
301,230.1,732099999.998
302,230.2,880855589.944
303,230.3,1102999999.995
304,230.4,1402999999.994
305,230.5,1775999999.993
306,230.6,2209999999.992
307,230.7,2677295992.417
308,230.8,3142999999.992
309,230.9,3569999999.993
310,231.0,3917999999.995
311,231.1,4156345798.37
312,231.2,4265999999.999
313,231.3,4235000000.002
314,231.4,4071000000.004
315,231.5,3792000000.006
316,231.6,3428720555.174
317,231.7,3022000000.007
318,231.8,2614000000.007
319,231.9,2245000000.006
320,232.0,1950912437.441
321,232.1,1746000000.003
322,232.2,1635000000.001
323,232.3,1604000000.0
324,232.4,1623999999.999
325,232.5,1662012501.253
326,232.6,1688000000.0
327,232.7,1676000000.001
328,232.8,1615000000.002
329,232.9,1507000000.002
330,233.0,1362794083.927
331,233.1,1202000000.003
332,233.2,1045000000.003
333,233.3,907400000.002
334,233.4,800794955.296
335,233.5,728200000.001
336,233.6,689400000.0
337,233.7,679600000.0
338,233.8,692800000.0
339,233.9,723779135.288
340,234.0,768899999.999
341,234.1,825099999.999
342,234.2,889999999.999
343,234.3,960501186.083
344,234.4,1031999999.999
345,234.5,1099999999.999
346,234.6,1160999999.999
347,234.7,1209999999.999
348,234.8,1246139386.974
349,234.9,1270000000.0
350,235.0,1282000000.0
351,235.1,1282000000.0
352,235.2,1270797383.392
353,235.3,1249000000.001
354,235.4,1218000000.001
355,235.5,1183000000.001
356,235.6,1152000000.001
357,235.7,1136771173.806
358,235.8,1145000000.0
359,235.9,1181999999.999
360,236.0,1246999999.998
361,236.1,1329382600.07
362,236.2,1411999999.998
363,236.3,1475999999.999
364,236.4,1502000000.0
365,236.5,1478000000.001
366,236.6,1401690821.419
367,236.7,1284000000.003
368,236.8,1141000000.003
369,236.9,997500000.003
370,237.0,879548911.779
371,237.1,807500000.001
372,237.2,797999999.999
373,237.3,857699999.998
374,237.4,985499999.997
375,237.5,1172247573.981
376,237.6,1402999999.995
377,237.7,1660999999.994
378,237.8,1927999999.994
379,237.9,2190999999.994
380,238.0,2441050856.181
381,238.1,2677999999.995
382,238.2,2903999999.995
383,238.3,3121999999.995
384,238.4,3333548849.734
385,238.5,3529999999.996
386,238.6,3697999999.997
387,238.7,3815999999.998
388,238.8,3861000000.0
389,238.9,3813539452.251
390,239.0,3668000000.004
391,239.1,3427000000.006
392,239.2,3113000000.008
393,239.3,2756666655.365
394,239.4,2391000000.008
395,239.5,2048000000.007
396,239.6,1751000000.006
397,239.7,1510000000.005
398,239.8,1331267560.915
399,239.9,1212000000.002
400,240.0,1147000000.001
401,240.1,1131000000.0
402,240.2,1158238955.806
403,240.3,1220999999.998
404,240.4,1309999999.998
405,240.5,1411999999.998
406,240.6,1513999999.998
407,240.7,1604518419.298
408,240.8,1677999999.999
409,240.9,1731999999.999
410,241.0,1770999999.999
411,241.1,1802721097.37
412,241.2,1833999999.999
413,241.3,1868999999.999
414,241.4,1902999999.999
415,241.5,1929000000.0
416,241.6,1934327465.392
417,241.7,1907000000.001
418,241.8,1838000000.002
419,241.9,1728000000.003
420,242.0,1582388246.444
421,242.1,1413000000.004
422,242.2,1234000000.004
423,242.3,1061000000.004
424,242.4,904300000.004
425,242.5,772433515.439
426,242.6,667400000.002
427,242.7,588800000.002
428,242.8,533400000.001
429,242.9,496600000.001
430,243.0,473592845.49
431,243.1,459800000.0
432,243.2,451000000.0
433,243.3,444200000.0
434,243.4,437302444.971
435,243.5,429800000.0
436,243.6,421800000.0
437,243.7,414400000.0
438,243.8,409200000.0
439,243.9,407700805.218
440,244.0,410700000.0
441,244.1,418600000.0
442,244.2,430800000.0
443,244.3,445737261.987
444,244.4,460800000.0
445,244.5,473100000.0
446,244.6,479600000.0
447,244.7,477400000.0
448,244.8,464242997.603
449,244.9,439700000.001
450,245.0,404200000.001
451,245.1,360000000.001
452,245.2,310616575.268
453,245.3,260200000.001
454,245.4,212900000.001
455,245.5,172300000.001
456,245.6,141200000.001
457,245.7,121119034.908
458,245.8,112100000.0
459,245.9,113500000.0
460,246.0,123200000.0
461,246.1,138574667.635
462,246.2,156400000.0
463,246.3,173400000.0
464,246.4,186700000.0
465,246.5,193800000.0
466,246.6,193480563.161
467,246.7,185900000.0
468,246.8,171800000.0
469,246.9,153200000.001
470,247.0,132624350.203
471,247.1,112300000.001
472,247.2,94230000.0
473,247.3,79770000.0
474,247.4,69550000.0
475,247.5,63587860.882
476,247.6,61460000.0
477,247.7,62650000.0
478,247.8,66640000.0
479,247.9,73050000.0
480,248.0,81638780.756
481,248.1,92180000.0
482,248.2,104300000.0
483,248.3,117100000.0
484,248.4,129598910.745
485,248.5,140300000.0
486,248.6,147700000.0
487,248.7,150800000.0
488,248.8,148800000.0
489,248.9,141883953.47
490,249.0,131200000.0
491,249.1,118200000.0
492,249.2,104800000.0
493,249.3,93009927.478
494,249.4,84670000.0
495,249.5,81510000.0
496,249.6,84980000.0
497,249.7,96420000.0
498,249.8,117086443.427
499,249.9,147799999.999
500,250.0,189099999.999
501,250.1,240599999.998
502,250.2,300372092.186
503,250.3,364699999.998
504,250.4,429099999.998
505,250.5,487699999.998
506,250.6,534799999.999
507,250.7,565549201.294
508,250.8,578000000.0
509,250.9,571700000.0
510,251.0,549600000.001
511,251.1,517015585.516
512,251.2,480700000.001
513,251.3,447700000.001
514,251.4,424800000.0
515,251.5,417300000.0
516,251.6,428723460.239
517,251.7,459599999.999
518,251.8,509199999.998
519,251.9,574399999.998
520,252.0,650751683.267
521,252.1,733199999.998
522,252.2,816499999.998
523,252.3,895299999.998
524,252.4,964699999.998
525,252.5,1019235660.016
526,252.6,1054999999.999
527,252.7,1068000000.0
528,252.8,1054000000.001
529,252.9,1015000000.002
530,253.0,951943710.524
531,253.1,870000000.003
532,253.2,776000000.003
533,253.3,678200000.003
534,253.4,584975869.876
535,253.5,502500000.002
536,253.6,435700000.002
537,253.7,386400000.001
538,253.8,353800000.001
539,253.9,335236937.075
540,254.0,326500000.0
541,254.1,323100000.0
542,254.2,320700000.0
543,254.3,315476067.272
544,254.4,305500000.0
545,254.5,289700000.001
546,254.6,268700000.001
547,254.7,244300000.001
548,254.8,219078944.419
549,254.9,196100000.001
550,255.0,178500000.0
551,255.1,169300000.0
552,255.2,171045414.273
553,255.3,185299999.999
554,255.4,213099999.999
555,255.5,254099999.999
556,255.6,306699999.998
557,255.7,368048778.801
558,255.8,433699999.998
559,255.9,498799999.998
560,256.0,558099999.998
561,256.1,605938565.89
562,256.2,637999999.999
563,256.3,650800000.0
564,256.4,643000000.001
565,256.5,615400000.001
566,256.6,570944492.344
567,256.7,515500000.002
568,256.8,456000000.002
569,256.9,401000000.002
570,257.0,359255701.056
571,257.1,338800000.0
572,257.2,346899999.999
573,257.3,388099999.998
574,257.4,464399999.997
575,257.5,574407594.404
576,257.6,711499999.995
577,257.7,866799999.995
578,257.8,1026999999.995
579,257.9,1176999999.995
580,258.0,1302263488.277
581,258.1,1390999999.998
582,258.2,1433999999.999
583,258.3,1430000000.001
584,258.4,1381851229.015
585,258.5,1296000000.003
586,258.6,1181000000.004
587,258.7,1049000000.005
588,258.8,908000000.005
589,258.9,767061935.168
590,259.0,632100000.004
591,259.1,507700000.004
592,259.2,397000000.003
593,259.3,301789611.648
594,259.4,222700000.002
595,259.5,159800000.002
596,259.6,111900000.001
597,259.7,77470000.001
598,259.8,54449400.474
599,259.9,40690000.0
600,260.0,34110000.0
601,260.1,32870000.0
602,260.2,35422536.207
603,260.3,40680000.0
604,260.4,47760000.0
605,260.5,56200000.0
606,260.6,65780000.0
607,260.7,76462051.487
608,260.8,88210000.0
609,260.9,100900000.0
610,261.0,114100000.0
611,261.1,127181510.001
612,261.2,139000000.0
613,261.3,148300000.0
614,261.4,154000000.0
615,261.5,155400000.0
616,261.6,152000147.515
617,261.7,144200000.0
618,261.8,132800000.0
619,261.9,119200000.001
620,262.0,104724288.224
621,262.1,90800000.0
622,262.2,78810000.0
623,262.3,69730000.0
624,262.4,64200000.0
625,262.5,62578695.82
626,262.6,64710000.0
627,262.7,70210000.0
628,262.8,78230000.0
629,262.9,87600000.0
630,263.0,96940856.703
631,263.1,104900000.0
632,263.2,110200000.0
633,263.3,111900000.0
634,263.4,109674598.821
635,263.5,103800000.0
636,263.6,94800000.0
637,263.7,83700000.0
638,263.8,71690000.0
639,263.9,59983581.383
640,264.0,49510000.0
641,264.1,41040000.0
642,264.2,34980000.0
643,264.3,31438554.706
644,264.4,30240000.0
645,264.5,31100000.0
646,264.6,33560000.0
647,264.7,37170000.0
648,264.8,41517048.319
649,264.9,46340000.0
650,265.0,51490000.0
651,265.1,57120000.0
652,265.2,63564430.813
653,265.3,71460000.0
654,265.4,81550000.0
655,265.5,94649999.999
656,265.6,111399999.999
657,265.7,132258242.918
658,265.8,156699999.999
659,265.9,183699999.999
660,266.0,211199999.999
661,266.1,236647065.674
662,266.2,257199999.999
663,266.3,270100000.0
664,266.4,273400000.0
665,266.5,266400000.0
666,266.6,249559597.365
667,266.7,224900000.001
668,266.8,194900000.001
669,266.9,162500000.001
670,267.0,130693896.333
671,267.1,101500000.001
672,267.2,76490000.001
673,267.3,56350000.001
674,267.4,41000000.0
675,267.5,29912296.129
676,267.6,22320000.0
677,267.7,17430000.0
678,267.8,14540000.0
679,267.9,13090000.0
680,268.0,12681965.456
681,268.1,13140000.0
682,268.2,14380000.0
683,268.3,16490000.0
684,268.4,19641770.882
685,268.5,24090000.0
686,268.6,30100000.0
687,268.7,37870000.0
688,268.8,47440000.0
689,268.9,58634963.193
690,269.0,70850000.0
691,269.1,83300000.0
692,269.2,94860000.0
693,269.3,104285940.816
694,269.4,110600000.0
695,269.5,113000000.0
696,269.6,111200000.0
697,269.7,105500000.0
698,269.8,96608197.815
699,269.9,85690000.0
700,270.0,73990000.0
701,270.1,62650000.0
702,270.2,52626282.648
703,270.3,44400000.0
704,270.4,38250000.0
705,270.5,34080000.0
706,270.6,31580000.0
707,270.7,30369113.986
708,270.8,30050000.0
709,270.9,30240000.0
710,271.0,30630000.0
711,271.1,30970480.756
712,271.2,31060000.0
713,271.3,30730000.0
714,271.4,29890000.0
715,271.5,28450000.0
716,271.6,26442687.94
717,271.7,23960000.0
718,271.8,21120000.0
719,271.9,18120000.0
720,272.0,15171290.825
721,272.1,12440000.0
722,272.2,10070000.0
723,272.3,8148000.0
724,272.4,6686000.0
725,272.5,5652682.171
726,272.6,4973000.0
727,272.7,4559000.0
728,272.8,4314000.0
729,272.9,4155000.0
730,273.0,4014899.203
731,273.1,3853000.0
732,273.2,3641000.0
733,273.3,3375000.0
734,273.4,3059324.333
735,273.5,2710000.0
736,273.6,2345000.0
737,273.7,1980000.0
738,273.8,1635000.0
739,273.9,1323472.255
740,274.0,1056000.0
741,274.1,842000.0
742,274.2,686900.0
743,274.3,593641.894
744,274.4,561600.0
745,274.5,588500.0
746,274.6,668500.0
747,274.7,792900.0
748,274.8,949718.215
749,274.9,1124000.0
750,275.0,1300000.0
751,275.1,1461000.0
752,275.2,1591161.191
753,275.3,1682000.0
754,275.4,1729000.0
755,275.5,1737000.0
756,275.6,1718000.0
757,275.7,1689456.949
758,275.8,1673000.0
759,275.9,1690000.0
760,276.0,1757000.0
761,276.1,1885257.435
762,276.2,2077000.0
763,276.3,2330000.0
764,276.4,2634000.0
765,276.5,2980000.0
766,276.6,3356495.816
767,276.7,3760000.0
768,276.8,4190000.0
769,276.9,4649000.0
770,277.0,5140065.844
771,277.1,5656000.0
772,277.2,6183000.0
773,277.3,6691000.0
774,277.4,7140000.0
775,277.5,7479624.648
776,277.6,7665000.0
777,277.7,7658000.0
778,277.8,7443000.0
779,277.9,7028000.0
780,278.0,6442670.485
781,278.1,5739000.0
782,278.2,4975000.0
783,278.3,4213000.0
784,278.4,3509234.752
785,278.5,2901000.0
786,278.6,2417000.0
787,278.7,2067000.0
788,278.8,1845000.0
789,278.9,1737578.726
790,279.0,1720000.0
791,279.1,1764000.0
792,279.2,1839000.0
793,279.3,1918342.119
794,279.4,1980000.0
795,279.5,2005000.0
796,279.6,1985000.0
797,279.7,1922000.0
798,279.8,1821209.143
799,279.9,1695000.0
800,280.0,1557000.0
801,280.1,1419000.0
802,280.2,1292270.781
803,280.3,1181000.0
804,280.4,1087000.0
805,280.5,1010000.0
806,280.6,948100.0
807,280.7,897774.361
808,280.8,857600.0
809,280.9,827100.0
810,281.0,807100.0
811,281.1,799281.189
812,281.2,805300.0
813,281.3,826500.0
814,281.4,862900.0
815,281.5,912900.0
816,281.6,972964.059
817,281.7,1038000.0
818,281.8,1102000.0
819,281.9,1157000.0
820,282.0,1196390.747
821,282.1,1214000.0
822,282.2,1205000.0
823,282.3,1169000.0
824,282.4,1105000.0
825,282.5,1018705.739
826,282.6,916200.0
827,282.7,803700.0
828,282.8,689200.0
829,282.9,579500.0
830,283.0,480076.679
831,283.1,394100.0
832,283.2,323700.0
833,283.3,269000.0
834,283.4,229272.401
835,283.5,203300.0
836,283.6,189800.0
837,283.7,187800.0
838,283.8,197000.0
839,283.9,217373.783
840,284.0,248800.0
841,284.1,291000.0
842,284.2,343000.0
843,284.3,402562.085
844,284.4,465900.0
845,284.5,528600.0
846,284.6,585100.0
847,284.7,629700.0
848,284.8,657711.872
849,284.9,667000.0
850,285.0,656800.0
851,285.1,629700.0
852,285.2,590955.519
853,285.3,548600.0
854,285.4,511700.0
855,285.5,491000.0
856,285.6,497800.0
857,285.7,544260.507
858,285.8,643900.0
859,285.9,810600.0
860,286.0,1059000.0
861,286.1,1404820.072
862,286.2,1860000.0
863,286.3,2433000.0
864,286.4,3121000.0
865,286.5,3910000.0
866,286.6,4771087.365
867,286.7,5654000.0
868,286.8,6501000.0
869,286.9,7243000.0
870,287.0,7810335.743
871,287.1,8152000.0
872,287.2,8229000.0
873,287.3,8035000.0
874,287.4,7591000.0
875,287.5,6943818.634
876,287.6,6162000.0
877,287.7,5319000.0
878,287.8,4488000.0
879,287.9,3731000.0
880,288.0,3096148.446
881,288.1,2608000.0
882,288.2,2281000.0
883,288.3,2110000.0
884,288.4,2077670.375
885,288.5,2156000.0
886,288.6,2313000.0
887,288.7,2511000.0
888,288.8,2713000.0
889,288.9,2881015.242
890,289.0,2987000.0
891,289.1,3009000.0
892,289.2,2939000.0
893,289.3,2778154.345
894,289.4,2541000.0
895,289.5,2247000.0
896,289.6,1922000.0
897,289.7,1591000.0
898,289.8,1275951.998
899,289.9,991500.0
900,290.0,748700.0
901,290.1,550900.0
902,290.2,396997.461
903,290.3,282800.0
904,290.4,203300.0
905,290.5,153100.0
906,290.6,127900.0
907,290.7,124588.989
908,290.8,141600.0
909,290.9,177900.0
910,291.0,233100.0
911,291.1,306309.3
912,291.2,395200.0
913,291.3,496600.0
914,291.4,605200.0
915,291.5,714500.0
916,291.6,817256.145
917,291.7,907300.0
918,291.8,979500.0
919,291.9,1032000.0
920,292.0,1066195.59
921,292.1,1087000.0
922,292.2,1101000.0
923,292.3,1117000.0
924,292.4,1140000.0
925,292.5,1175613.728
926,292.6,1224000.0
927,292.7,1282000.0
928,292.8,1341000.0
929,292.9,1395000.0
930,293.0,1435051.63
931,293.1,1457000.0
932,293.2,1460000.0
933,293.3,1450000.0
934,293.4,1434923.234
935,293.5,1426000.0
936,293.6,1435000.0
937,293.7,1472000.0
938,293.8,1544000.0
939,293.9,1652172.488
940,294.0,1794000.0
941,294.1,1967000.0
942,294.2,2171000.0
943,294.3,2407776.948
944,294.4,2689000.0
945,294.5,3031000.0
946,294.6,3457000.0
947,294.7,3987000.0
948,294.8,4637584.716
949,294.9,5405000.0
950,295.0,6273000.0
951,295.1,7195000.0
952,295.2,8107169.848
953,295.3,8929000.0
954,295.4,9577000.0
955,295.5,9977000.0
956,295.6,10080000.0
957,295.7,9855763.751
958,295.8,9327000.0
959,295.9,8536000.0
960,296.0,7553000.0
961,296.1,6463624.085
962,296.2,5349000.0
963,296.3,4285000.0
964,296.4,3329000.0
965,296.5,2514000.0
966,296.6,1854862.246
967,296.7,1345000.0
968,296.8,970800.0
969,296.9,709600.0
970,297.0,536711.606
971,297.1,431700.0
972,297.2,377000.0
973,297.3,363000.0
974,297.4,386600.0
975,297.5,450691.05
976,297.6,564700.0
977,297.7,740200.0
978,297.8,991200.0
979,297.9,1330000.0
980,298.0,1764413.271
981,298.1,2292000.0
982,298.2,2904000.0
983,298.3,3575000.0
984,298.4,4268524.354
985,298.5,4938000.0
986,298.6,5533000.0
987,298.7,6000000.0
988,298.8,6298000.0
989,298.9,6396642.726
990,299.0,6290000.0
991,299.1,5984000.0
992,299.2,5509000.0
993,299.3,4907492.707
994,299.4,4230000.0
995,299.5,3528000.0
996,299.6,2848000.0
997,299.7,2226000.0
998,299.8,1685139.129
999,299.9,1236000.0
1000,300.0,883500.0
1001,300.1,620700.0
1002,300.2,438662.601
1003,300.3,327700.0
1004,300.4,278600.0
1005,300.5,285500.0
1006,300.6,345300.0
1007,300.7,457586.379
1008,300.8,623000.0
1009,300.9,841500.0
1010,301.0,1110000.0
1011,301.1,1423029.624
1012,301.2,1766000.0
1013,301.3,2121000.0
1014,301.4,2465000.0
1015,301.5,2770000.0
1016,301.6,3010372.376
1017,301.7,3166000.0
1018,301.8,3220000.0
1019,301.9,3166000.0
1020,302.0,3011280.347
1021,302.1,2772000.0
1022,302.2,2468000.0
1023,302.3,2127000.0
1024,302.4,1777000.0
1025,302.5,1444637.965
1026,302.6,1151000.0
1027,302.7,915000.0
1028,302.8,752500.0
1029,302.9,678400.0
1030,303.0,708939.107
1031,303.1,866000.0
1032,303.2,1174000.0
1033,303.3,1663000.0
1034,303.4,2366505.279
1035,303.5,3310000.0
1036,303.6,4513000.0
1037,303.7,5975000.0
1038,303.8,7667000.0
1039,303.9,9532597.342
1040,304.0,11480000.0
1041,304.1,13400000.0
1042,304.2,15150000.0
1043,304.3,16599751.638
1044,304.4,17640000.0
1045,304.5,18180000.0
1046,304.6,18190000.0
1047,304.7,17680000.0
1048,304.8,16719112.915
1049,304.9,15430000.0
1050,305.0,13950000.0
1051,305.1,12430000.0
1052,305.2,11009249.253
1053,305.3,9807000.0
1054,305.4,8924000.0
1055,305.5,8401000.0
1056,305.6,8245000.0
1057,305.7,8423288.645
1058,305.8,8863000.0
1059,305.9,9481000.0
1060,306.0,10180000.0
1061,306.1,10848692.433
1062,306.2,11420000.0
1063,306.3,11840000.0
1064,306.4,12070000.0
1065,306.5,12120000.0
1066,306.6,12004280.182
1067,306.7,11760000.0
1068,306.8,11430000.0
1069,306.9,11050000.0
1070,307.0,10641516.156
1071,307.1,10220000.0
1072,307.2,9796000.0
1073,307.3,9367000.0
1074,307.4,8941000.0
1075,307.5,8533208.376
1076,307.6,8169000.0
1077,307.7,7877000.0
1078,307.8,7688000.0
1079,307.9,7628000.0
1080,308.0,7709597.25
1081,308.1,7922000.0
1082,308.2,8243000.0
1083,308.3,8625000.0
1084,308.4,9008538.072
1085,308.5,9331000.0
1086,308.6,9531000.0
1087,308.7,9558000.0
1088,308.8,9382000.0
1089,308.9,8992680.807
1090,309.0,8407000.0
1091,309.1,7653000.0
1092,309.2,6779000.0
1093,309.3,5840870.599
1094,309.4,4892000.0
1095,309.5,3982000.0
1096,309.6,3148000.0
1097,309.7,2418000.0
1098,309.8,1804103.666
1099,309.9,1306000.0
1100,310.0,918700.0
1101,310.1,627900.0
1102,310.2,417687.991
1103,310.3,272300.0
1104,310.4,176600.0
1105,310.5,118500.0
1106,310.6,88960.0
1107,310.7,81963.369
1108,310.8,94850.0
1109,310.9,126200.0
1110,311.0,176800.0
1111,311.1,248400.621
1112,311.2,342300.0
1113,311.3,459300.0
1114,311.4,598400.0
1115,311.5,756200.0
1116,311.6,926726.82
1117,311.7,1101000.0
1118,311.8,1269000.0
1119,311.9,1419000.0
1120,312.0,1539475.194
1121,312.1,1624000.0
1122,312.2,1668000.0
1123,312.3,1671000.0
1124,312.4,1641000.0
1125,312.5,1589298.387
1126,312.6,1532000.0
1127,312.7,1487000.0
1128,312.8,1473000.0
1129,312.9,1504000.0
1130,313.0,1593875.57
1131,313.1,1747000.0
1132,313.2,1963000.0
1133,313.3,2233000.0
1134,313.4,2544554.654
1135,313.5,2880000.0
1136,313.6,3220000.0
1137,313.7,3545000.0
1138,313.8,3840000.0
1139,313.9,4091836.078
1140,314.0,4293000.0
1141,314.1,4439000.0
1142,314.2,4531000.0
1143,314.3,4570123.971
1144,314.4,4559000.0
1145,314.5,4501000.0
1146,314.6,4400000.0
1147,314.7,4259000.0
1148,314.8,4083647.521
1149,314.9,3882000.0
1150,315.0,3663000.0
1151,315.1,3438000.0
1152,315.2,3220429.627
1153,315.3,3021000.0
1154,315.4,2848000.0
1155,315.5,2703000.0
1156,315.6,2584000.0
1157,315.7,2485204.442
1158,315.8,2395000.0
1159,315.9,2301000.0
1160,316.0,2193000.0
1161,316.1,2062644.68
1162,316.2,1907000.0
1163,316.3,1726000.0
1164,316.4,1526000.0
1165,316.5,1316000.0
1166,316.6,1104234.151
1167,316.7,900400.0
1168,316.8,713700.0
1169,316.9,549400.0
1170,317.0,410711.186
1171,317.1,297800.0
1172,317.2,209600.0
1173,317.3,143100.0
1174,317.4,94800.0
1175,317.5,60895.004
1176,317.6,37990.0
1177,317.7,22980.0
1178,317.8,13480.0
1179,317.9,7677.0
1180,318.0,4223.445
1181,318.1,2281.0
1182,318.2,1196.0
1183,318.3,617.2
1184,318.4,316.559
1185,318.5,173.9
1186,318.6,106.2
1187,318.7,77.44
1188,318.8,66.88
1189,318.9,63.849
1190,319.0,63.72
1191,319.1,63.39
1192,319.2,61.95
1193,319.3,59.042
1194,319.4,54.74
1195,319.5,49.28
1196,319.6,43.08
1197,319.7,36.55
1198,319.8,30.115
1199,319.9,24.09
1200,320.0,18.73
1201,320.1,14.18
1202,320.2,10.509
1203,320.3,7.704
1204,320.4,5.728
1205,320.5,4.524
1206,320.6,4.047
1207,320.7,4.271
1208,320.8,5.208
1209,320.9,6.887
1210,321.0,9.359
1211,321.1,12.679
1212,321.2,16.85
1213,321.3,21.85
1214,321.4,27.58
1215,321.5,33.84
1216,321.6,40.34
1217,321.7,46.71
1218,321.8,52.55
1219,321.9,57.41
1220,322.0,60.919
1221,322.1,62.81
1222,322.2,62.89
1223,322.3,61.17
1224,322.4,57.78
1225,322.5,53.017
1226,322.6,47.26
1227,322.7,40.91
1228,322.8,34.4
1229,322.9,28.1
1230,323.0,22.301
1231,323.1,17.18
1232,323.2,12.86
1233,323.3,9.346
1234,323.4,6.6
1235,323.5,4.526
1236,323.6,3.015
1237,323.7,1.951
1238,323.8,1.226
1239,323.9,0.747
1240,324.0,0.444
1241,324.1,0.256
1242,324.2,0.143
1243,324.3,0.077
1244,324.4,0.041
1245,324.5,0.021
1246,324.6,0.01
1247,324.7,0.005
1248,324.8,0.002
1249,324.9,0.001
1250,325.0,0.0
1251,325.1,0.0
1252,325.2,0.0
1253,325.3,0.0
1254,325.4,0.0
1255,325.5,0.0
1256,325.6,0.0
1257,325.7,0.0
1258,325.8,0.0
1259,325.9,0.0
1260,326.0,0.0
1261,326.1,0.0
1262,326.2,0.0
1263,326.3,0.001
1264,326.4,0.001
1265,326.5,0.002
1266,326.6,0.005
1267,326.7,0.01
1268,326.8,0.021
1269,326.9,0.04
1270,327.0,0.075
1271,327.1,0.138
1272,327.2,0.246
1273,327.3,0.425
1274,327.4,0.714
1275,327.5,1.165
1276,327.6,1.854
1277,327.7,2.865
1278,327.8,4.305
1279,327.9,6.289
1280,328.0,8.936
1281,328.1,12.34
1282,328.2,16.57
1283,328.3,21.63
1284,328.4,27.467
1285,328.5,33.9
1286,328.6,40.69
1287,328.7,47.48
1288,328.8,53.88
1289,328.9,59.438
1290,329.0,63.76
1291,329.1,66.5
1292,329.2,67.44
1293,329.3,66.491
1294,329.4,63.76
1295,329.5,59.44
1296,329.6,53.88
1297,329.7,47.48
1298,329.8,40.69
1299,329.9,33.9
1300,330.0,27.46
1301,330.1,21.63
1302,330.2,16.574
1303,330.3,12.34
1304,330.4,8.933
1305,330.5,6.289
1306,330.6,4.305
1307,330.7,2.864
1308,330.8,1.854
1309,330.9,1.167
1310,331.0,0.714
1311,331.1,0.424
1312,331.2,0.246
1313,331.3,0.138
1314,331.4,0.076
1315,331.5,0.042
1316,331.6,0.025
1317,331.7,0.024
1318,331.8,0.044
1319,331.9,0.106
1320,332.0,0.256
1321,332.1,0.686
1322,332.2,1.694
1323,332.3,4.077
1324,332.4,9.548
1325,332.5,21.241
1326,332.6,48.31
1327,332.7,104.3
1328,332.8,219.4
1329,332.9,448.9
1330,333.0,886.103
1331,333.1,1733.0
1332,333.2,3271.0
1333,333.3,6007.0
1334,333.4,10700.974
1335,333.5,18690.0
1336,333.6,31650.0
1337,333.7,52180.0
1338,333.8,83730.0
1339,333.9,130703.61
1340,334.0,198800.0
1341,334.1,294200.0
1342,334.2,423900.0
1343,334.3,594739.707
1344,334.4,811400.0
1345,334.5,1078000.0
1346,334.6,1396000.0
1347,334.7,1758000.0
1348,334.8,2157806.993
1349,334.9,2580000.0
1350,335.0,3006000.0
1351,335.1,3415000.0
1352,335.2,3784888.006
1353,335.3,4097000.0
1354,335.4,4336000.0
1355,335.5,4496000.0
1356,335.6,4576000.0
1357,335.7,4585575.167
1358,335.8,4541000.0
1359,335.9,4460000.0
1360,336.0,4362000.0
1361,336.1,4265582.447
1362,336.2,4181000.0
1363,336.3,4114000.0
1364,336.4,4061000.0
1365,336.5,4015000.0
1366,336.6,3963374.397
1367,336.7,3894000.0
1368,336.8,3797000.0
1369,336.9,3670000.0
1370,337.0,3516903.348
1371,337.1,3351000.0
1372,337.2,3191000.0
1373,337.3,3067000.0
1374,337.4,3008000.0
1375,337.5,3046866.635
1376,337.6,3213000.0
1377,337.7,3533000.0
1378,337.8,4025000.0
1379,337.9,4696000.0
1380,338.0,5547223.104
1381,338.1,6567000.0
1382,338.2,7739000.0
1383,338.3,9039000.0
1384,338.4,10437358.098
1385,338.5,11920000.0
1386,338.6,13470000.0
1387,338.7,15060000.0
1388,338.8,16720000.0
1389,338.9,18468211.593
1390,339.0,20350000.0
1391,339.1,22430000.0
1392,339.2,24810000.0
1393,339.3,27596805.806
1394,339.4,30920000.0
1395,339.5,34910000.0
1396,339.6,39680000.0
1397,339.7,45340000.0
1398,339.8,51922777.018
1399,339.9,59399999.999
1400,340.0,67699999.999
1401,340.1,76619999.999
1402,340.2,85899230.07
1403,340.3,95189999.999
1404,340.4,104099999.999
1405,340.5,112199999.999
1406,340.6,119199999.999
1407,340.7,124670005.157
1408,340.8,128300000.0
1409,340.9,129900000.0
1410,341.0,129500000.0
1411,341.1,126989996.966
1412,341.2,122600000.0
1413,341.3,116600000.001
1414,341.4,109100000.001
1415,341.5,100500000.001
1416,341.6,91144987.358
1417,341.7,81440000.001
1418,341.8,71790000.001
1419,341.9,62510000.001
1420,342.0,53927610.495
1421,342.1,46290000.001
1422,342.2,39800000.0
1423,342.3,34580000.0
1424,342.4,30710000.0
1425,342.5,28161194.22
1426,342.6,26840000.0
1427,342.7,26630000.0
1428,342.8,27360000.0
1429,342.9,28830000.0
1430,343.0,30835938.013
1431,343.1,33210000.0
1432,343.2,35810000.0
1433,343.3,38560000.0
1434,343.4,41433602.126
1435,343.5,44500000.0
1436,343.6,47860000.0
1437,343.7,51660000.0
1438,343.8,56090000.0
1439,343.9,61296109.326
1440,344.0,67399999.999
1441,344.1,74489999.999
1442,344.2,82529999.999
1443,344.3,91425063.909
1444,344.4,100999999.999
1445,344.5,110999999.999
1446,344.6,120999999.999
1447,344.7,130699999.999
1448,344.8,139543689.676
1449,344.9,147099999.999
1450,345.0,153000000.0
1451,345.1,156900000.0
1452,345.2,158514144.152
1453,345.3,157800000.0
1454,345.4,154800000.0
1455,345.5,149700000.0
1456,345.6,142900000.001
1457,345.7,134819878.606
1458,345.8,125900000.001
1459,345.9,116600000.001
1460,346.0,107400000.001
1461,346.1,98663391.119
1462,346.2,90640000.001
1463,346.3,83520000.001
1464,346.4,77340000.0
1465,346.5,72080000.0
1466,346.6,67663931.339
1467,346.7,63970000.0
1468,346.8,60870000.0
1469,346.9,58240000.0
1470,347.0,55947148.477
1471,347.1,53880000.0
1472,347.2,51940000.0
1473,347.3,50060000.0
1474,347.4,48200000.0
1475,347.5,46333149.757
1476,347.6,44490000.0
1477,347.7,42730000.0
1478,347.8,41160000.0
1479,347.9,39880000.0
1480,348.0,39026023.838
1481,348.1,38690000.0
1482,348.2,38950000.0
1483,348.3,39870000.0
1484,348.4,41436749.496
1485,348.5,43590000.0
1486,348.6,46260000.0
1487,348.7,49360000.0
1488,348.8,52780000.0
1489,348.9,56453470.86
1490,349.0,60340000.0
1491,349.1,64420000.0
1492,349.2,68740000.0
1493,349.3,73353556.134
1494,349.4,78320000.0
1495,349.5,83690000.0
1496,349.6,89459999.999
1497,349.7,95579999.999
1498,349.8,101974266.45
1499,349.9,108399999.999
1500,350.0,114599999.999
1501,350.1,120400000.0
1502,350.2,125539351.501
1503,350.3,129800000.0
1504,350.4,133000000.0
1505,350.5,135000000.0
1506,350.6,135700000.0
1507,350.7,135383525.768
1508,350.8,134100000.0
1509,350.9,131900000.0
1510,351.0,129100000.0
1511,351.1,125783293.312
1512,351.2,122200000.0
1513,351.3,118600000.0
1514,351.4,115000000.0
1515,351.5,111500000.0
1516,351.6,108268021.566
1517,351.7,105300000.0
1518,351.8,102600000.0
1519,351.9,100300000.0
1520,352.0,98257202.089
1521,352.1,96470000.0
1522,352.2,94960000.0
1523,352.3,93610000.0
1524,352.4,92300000.0
1525,352.5,90923637.062
1526,352.6,89330000.0
1527,352.7,87360000.0
1528,352.8,84880000.0
1529,352.9,81790000.0
1530,353.0,77997721.832
1531,353.1,73500000.0
1532,353.2,68330000.0
1533,353.3,62580000.001
1534,353.4,56398322.552
1535,353.5,49970000.001
1536,353.6,43490000.001
1537,353.7,37160000.001
1538,353.8,31160000.001
1539,353.9,25643315.157
1540,354.0,20720000.0
1541,354.1,16470000.0
1542,354.2,12900000.0
1543,354.3,10009755.006
1544,354.4,7751000.0
1545,354.5,6060000.0
1546,354.6,4867000.0
1547,354.7,4104000.0
1548,354.8,3705056.687
1549,354.9,3624000.0
1550,355.0,3826000.0
1551,355.1,4301000.0
1552,355.2,5052280.823
1553,355.3,6108000.0
1554,355.4,7506000.0
1555,355.5,9300000.0
1556,355.6,11550000.0
1557,355.7,14301658.814
1558,355.8,17600000.0
1559,355.9,21480000.0
1560,356.0,25930000.0
1561,356.1,30902132.404
1562,356.2,36290000.0
1563,356.3,41959999.999
1564,356.4,47719999.999
1565,356.5,53340000.0
1566,356.6,58571724.713
1567,356.7,63160000.0
1568,356.8,66870000.0
1569,356.9,69540000.0
1570,357.0,71019393.375
1571,357.1,71300000.0
1572,357.2,70430000.0
1573,357.3,68540000.0
1574,357.4,65840000.0
1575,357.5,62609265.163
1576,357.6,59130000.0
1577,357.7,55680000.0
1578,357.8,52520000.0
1579,357.9,49850000.0
1580,358.0,47787764.428
1581,358.1,46360000.0
1582,358.2,45550000.0
1583,358.3,45240000.0
1584,358.4,45259740.173
1585,358.5,45410000.0
1586,358.6,45490000.0
1587,358.7,45320000.0
1588,358.8,44750000.0
1589,358.9,43687105.149
1590,359.0,42110000.0
1591,359.1,40030000.0
1592,359.2,37530000.0
1593,359.3,34724837.239
1594,359.4,31740000.0
1595,359.5,28700000.0
1596,359.6,25720000.0
1597,359.7,22910000.0
1598,359.8,20334429.775
1599,359.9,18020000.0
1600,360.0,15980000.0
1601,360.1,14200000.0
1602,360.2,12650281.002
1603,360.3,11290000.0
1604,360.4,10080000.0
1605,360.5,8993000.0
1606,360.6,7993000.0
1607,360.7,7060435.796
1608,360.8,6187000.0
1609,360.9,5368000.0
1610,361.0,4607000.0
1611,361.1,3911375.391
1612,361.2,3292000.0
1613,361.3,2759000.0
1614,361.4,2318000.0
1615,361.5,1978000.0
1616,361.6,1741211.077
1617,361.7,1606000.0
1618,361.8,1570000.0
1619,361.9,1628000.0
1620,362.0,1767749.458
1621,362.1,1976000.0
1622,362.2,2238000.0
1623,362.3,2533000.0
1624,362.4,2841000.0
1625,362.5,3140541.056
1626,362.6,3410000.0
1627,362.7,3629000.0
1628,362.8,3782000.0
1629,362.9,3857000.0
1630,363.0,3849014.232
1631,363.1,3760000.0
1632,363.2,3595000.0
1633,363.3,3366000.0
1634,363.4,3088349.348
1635,363.5,2781000.0
1636,363.6,2463000.0
1637,363.7,2151000.0
1638,363.8,1862000.0
1639,363.9,1607524.554
1640,364.0,1395000.0
1641,364.1,1230000.0
1642,364.2,1113000.0
1643,364.3,1040963.595
1644,364.4,1008000.0
1645,364.5,1007000.0
1646,364.6,1029000.0
1647,364.7,1066000.0
1648,364.8,1108130.17
1649,364.9,1148000.0
1650,365.0,1179000.0
1651,365.1,1195000.0
1652,365.2,1192772.284
1653,365.3,1171000.0
1654,365.4,1129000.0
1655,365.5,1068000.0
1656,365.6,991600.0
1657,365.7,902660.743
1658,365.8,805500.0
1659,365.9,704700.0
1660,366.0,604100.0
1661,366.1,507495.89
1662,366.2,417600.0
1663,366.3,336600.0
1664,366.4,265700.0
1665,366.5,205400.0
1666,366.6,155481.255
1667,366.7,115200.0
1668,366.8,83610.0
1669,366.9,59390.0
1670,367.0,41293.455
1671,367.1,28140.0
1672,367.2,18800.0
1673,367.3,12350.0
1674,367.4,8035.0
1675,367.5,5251.246
1676,367.6,3606.0
1677,367.7,2795.0
1678,367.8,2696.0
1679,367.9,3322.0
1680,368.0,4829.861
1681,368.1,7641.0
1682,368.2,12330.0
1683,368.3,19860.0
1684,368.4,31552.012
1685,368.5,49420.0
1686,368.6,75810.0
1687,368.7,113900.0
1688,368.8,167700.0
1689,368.9,241485.355
1690,369.0,340200.0
1691,369.1,468900.0
1692,369.2,632300.0
1693,369.3,834136.505
1694,369.4,1076000.0
1695,369.5,1358000.0
1696,369.6,1676000.0
1697,369.7,2023000.0
1698,369.8,2388889.192
1699,369.9,2759000.0
1700,370.0,3117000.0
1701,370.1,3444000.0
1702,370.2,3721190.143
1703,370.3,3933000.0
1704,370.4,4066000.0
1705,370.5,4112000.0
1706,370.6,4066000.0
1707,370.7,3932282.485
1708,370.8,3721000.0
1709,370.9,3444000.0
1710,371.0,3117000.0
1711,371.1,2759349.075
1712,371.2,2389000.0
1713,371.3,2023000.0
1714,371.4,1676000.0
1715,371.5,1358000.0
1716,371.6,1076263.379
1717,371.7,834000.0
1718,371.8,632500.0
1719,371.9,469300.0
1720,372.0,340947.808
1721,372.1,243000.0
1722,372.2,170700.0
1723,372.3,119300.0
1724,372.4,84920.0
1725,372.5,64435.669
1726,372.6,55930.0
1727,372.7,58080.0
1728,372.8,70910.0
1729,372.9,95350.0
1730,373.0,133175.851
1731,373.1,187000.0
1732,373.2,259700.0
1733,373.3,354500.0
1734,373.4,474439.073
1735,373.5,621700.0
1736,373.6,797600.0
1737,373.7,1001000.0
1738,373.8,1230000.0
1739,373.9,1479189.641
1740,374.0,1740000.0
1741,374.1,2003000.0
1742,374.2,2257000.0
1743,374.3,2488212.637
1744,374.4,2684000.0
1745,374.5,2833000.0
1746,374.6,2927000.0
1747,374.7,2959000.0
1748,374.8,2926487.582
1749,374.9,2833000.0
1750,375.0,2684000.0
1751,375.1,2488000.0
1752,375.2,2256645.09
1753,375.3,2003000.0
1754,375.4,1740000.0
1755,375.5,1479000.0
1756,375.6,1230000.0
1757,375.7,1001316.185
1758,375.8,797500.0
1759,375.9,621600.0
1760,376.0,474100.0
1761,376.1,353871.974
1762,376.2,258400.0
1763,376.3,184700.0
1764,376.4,129200.0
1765,376.5,88460.0
1766,376.6,59245.504
1767,376.7,38880.0
1768,376.8,24970.0
1769,376.9,15720.0
1770,377.0,9690.456
1771,377.1,5900.0
1772,377.2,3547.0
1773,377.3,2132.0
1774,377.4,1308.0
1775,377.5,842.998
1776,377.6,602.9
1777,377.7,485.6
1778,377.8,439.8
1779,377.9,432.1
1780,378.0,442.353
1781,378.1,459.5
1782,378.2,475.2
1783,378.3,485.6
1784,378.4,488.162
1785,378.5,481.9
1786,378.6,466.5
1787,378.7,442.8
1788,378.8,412.2
1789,378.9,376.28
1790,379.0,337.1
1791,379.1,296.7
1792,379.2,256.7
1793,379.3,218.886
1794,379.4,184.3
1795,379.5,153.7
1796,379.6,127.5
1797,379.7,105.7
1798,379.8,88.205
1799,379.9,74.56
1800,380.0,64.24
1801,380.1,56.8
1802,380.2,51.813
1803,380.3,49.03
1804,380.4,48.3
1805,380.5,49.76
1806,380.6,53.92
1807,380.7,61.826
1808,380.8,76.11
1809,380.9,101.0
1810,381.0,145.4
1811,381.1,224.043
1812,381.2,372.2
1813,381.3,639.2
1814,381.4,1123.0
1815,381.5,1988.0
1816,381.6,3493.605
1817,381.7,6148.0
1818,381.8,10630.0
1819,381.9,18090.0
1820,382.0,30203.643
1821,382.1,49820.0
1822,382.2,80470.0
1823,382.3,127600.0
1824,382.4,198600.0
1825,382.5,303062.304
1826,382.6,454600.0
1827,382.7,668700.0
1828,382.8,965100.0
1829,382.9,1367000.0
1830,383.0,1899779.001
1831,383.1,2590000.0
1832,383.2,3464000.0
1833,383.3,4546000.0
1834,383.4,5854672.392
1835,383.5,7394000.0
1836,383.6,9162000.0
1837,383.7,11140000.0
1838,383.8,13280000.0
1839,383.9,15527912.392
1840,384.0,17810000.0
1841,384.1,20040000.0
1842,384.2,22110000.0
1843,384.3,23930963.967
1844,384.4,25410000.0
1845,384.5,26460000.0
1846,384.6,27030000.0
1847,384.7,27090000.0
1848,384.8,26639707.361
1849,384.9,25720000.0
1850,385.0,24390000.0
1851,385.1,22740000.0
1852,385.2,20856024.64
1853,385.3,18850000.0
1854,385.4,16830000.0
1855,385.5,14870000.0
1856,385.6,13070000.0
1857,385.7,11489340.062
1858,385.8,10160000.0
1859,385.9,9109000.0
1860,386.0,8353000.0
1861,386.1,7884735.926
1862,386.2,7689000.0
1863,386.3,7747000.0
1864,386.4,8029000.0
1865,386.5,8505000.0
1866,386.6,9138994.683
1867,386.7,9885000.0
1868,386.8,10700000.0
1869,386.9,11550000.0
1870,387.0,12369397.958
1871,387.1,13120000.0
1872,387.2,13770000.0
1873,387.3,14280000.0
1874,387.4,14630000.0
1875,387.5,14810157.839
1876,387.6,14840000.0
1877,387.7,14750000.0
1878,387.8,14580000.0
1879,387.9,14370000.0
1880,388.0,14202274.238
1881,388.1,14140000.0
1882,388.2,14240000.0
1883,388.3,14560000.0
1884,388.4,15130189.007
1885,388.5,15960000.0
1886,388.6,17050000.0
1887,388.7,18370000.0
1888,388.8,19850000.0
1889,388.9,21418712.464
1890,389.0,22980000.0
1891,389.1,24430000.0
1892,389.2,25660000.0
1893,389.3,26561611.855
1894,389.4,27070000.0
1895,389.5,27130000.0
1896,389.6,26700000.0
1897,389.7,25810000.0
1898,389.8,24481409.426
1899,389.9,22780000.0
1900,390.0,20790000.0
1901,390.1,18610000.0
1902,390.2,16329940.418
1903,390.3,14050000.0
1904,390.4,11860000.0
1905,390.5,9805000.0
1906,390.6,7949000.0
1907,390.7,6318767.923
1908,390.8,4922000.0
1909,390.9,3760000.0
1910,391.0,2816000.0
1911,391.1,2068074.793
1912,391.2,1491000.0
1913,391.3,1058000.0
1914,391.4,741100.0
1915,391.5,517900.0
1916,391.6,367802.064
1917,391.7,275700.0
1918,391.8,229000.0
1919,391.9,219600.0
1920,392.0,242203.802
1921,392.1,294600.0
1922,392.2,375600.0
1923,392.3,485400.0
1924,392.4,624900.0
1925,392.5,794463.266
1926,392.6,993100.0
1927,392.7,1219000.0
1928,392.8,1468000.0
1929,392.9,1734000.0
1930,393.0,2009393.296
1931,393.1,2283000.0
1932,393.2,2543000.0
1933,393.3,2778000.0
1934,393.4,2975459.652
1935,393.5,3125000.0
1936,393.6,3218000.0
1937,393.7,3250000.0
1938,393.8,3218000.0
1939,393.9,3124192.984
1940,394.0,2975000.0
1941,394.1,2778000.0
1942,394.2,2543000.0
1943,394.3,2282603.186
1944,394.4,2009000.0
1945,394.5,1734000.0
1946,394.6,1468000.0
1947,394.7,1218000.0
1948,394.8,991261.218
1949,394.9,791000.0
1950,395.0,618900.0
1951,395.1,474900.0
1952,395.2,357351.041
1953,395.3,263600.0
1954,395.4,190700.0
1955,395.5,135300.0
1956,395.6,94100.0
1957,395.7,64162.265
1958,395.8,42970.0
1959,395.9,28230.0
1960,396.0,18220.0
1961,396.1,11585.522
1962,396.2,7377.0
1963,396.3,4817.0
1964,396.4,3468.0
1965,396.5,3082.0
1966,396.6,3598.497
1967,396.7,5232.0
1968,396.8,8351.0
1969,396.9,13710.0
1970,397.0,22426.775
1971,397.1,36420.0
1972,397.2,58060.0
1973,397.3,90930.0
1974,397.4,139800.0
1975,397.5,210877.5
1976,397.6,312700.0
1977,397.7,454800.0
1978,397.8,648900.0
1979,397.9,908800.0
1980,398.0,1249278.182
1981,398.1,1685000.0
1982,398.2,2230000.0
1983,398.3,2896000.0
1984,398.4,3691818.02
1985,398.5,4618000.0
1986,398.6,5670000.0
1987,398.7,6831000.0
1988,398.8,8078000.0
1989,398.9,9375584.286
1990,399.0,10680000.0
1991,399.1,11940000.0
1992,399.2,13090000.0
1993,399.3,14092968.964
1994,399.4,14900000.0
1995,399.5,15460000.0
1996,399.6,15740000.0
1997,399.7,15730000.0
1998,399.8,15429658.413
1999,399.9,14860000.0
2000,400.0,14050000.0
2001,400.1,13040000.0
2002,400.2,11878521.865
2003,400.3,10620000.0
2004,400.4,9320000.0
2005,400.5,8031000.0
2006,400.6,6794000.0
2007,400.7,5643355.771
2008,400.8,4601000.0
2009,400.9,3683000.0
2010,401.0,2894000.0
2011,401.1,2233189.409
2012,401.2,1692000.0
2013,401.3,1259000.0
2014,401.4,919500.0
2015,401.5,659800.0
2016,401.6,465234.514
2017,401.7,323000.0
2018,401.8,221400.0
2019,401.9,151000.0
2020,402.0,104329.511
2021,402.1,76090.0
2022,402.2,61970.0
2023,402.3,59800.0
2024,402.4,68600.0
2025,402.5,88575.836
2026,402.6,121200.0
2027,402.7,168500.0
2028,402.8,233600.0
2029,402.9,319900.0
2030,403.0,431445.328
2031,403.1,571900.0
2032,403.2,744700.0
2033,403.3,952600.0
2034,403.4,1196544.454
2035,403.5,1476000.0
2036,403.6,1789000.0
2037,403.7,2129000.0
2038,403.8,2488000.0
2039,403.9,2855652.598
2040,404.0,3219000.0
2041,404.1,3564000.0
2042,404.2,3875000.0
2043,404.3,4138236.71
2044,404.4,4341000.0
2045,404.5,4472000.0
2046,404.6,4525000.0
2047,404.7,4496000.0
2048,404.8,4387708.028
2049,404.9,4207000.0
2050,405.0,3962000.0
2051,405.1,3664000.0
2052,405.2,3327926.222
2053,405.3,2969000.0
2054,405.4,2602000.0
2055,405.5,2240000.0
2056,405.6,1894000.0
2057,405.7,1573344.849
2058,405.8,1283000.0
2059,405.9,1027000.0
2060,406.0,808500.0
2061,406.1,625154.362
2062,406.2,474500.0
2063,406.3,354000.0
2064,406.4,259600.0
2065,406.5,187400.0
2066,406.6,133526.364
2067,406.7,94610.0
2068,406.8,67600.0
2069,406.9,50200.0
2070,407.0,40695.133
2071,407.1,38160.0
2072,407.2,42030.0
2073,407.3,52520.0
2074,407.4,70350.0
2075,407.5,96651.474
2076,407.6,133200.0
2077,407.7,181900.0
2078,407.8,244700.0
2079,407.9,323900.0
2080,408.0,421311.485
2081,408.1,538200.0
2082,408.2,675400.0
2083,408.3,832400.0
2084,408.4,1007730.307
2085,408.5,1198000.0
2086,408.6,1399000.0
2087,408.7,1605000.0
2088,408.8,1809000.0
2089,408.9,2002802.592
2090,409.0,2180000.0
2091,409.1,2334000.0
2092,409.2,2457000.0
2093,409.3,2547209.421
2094,409.4,2604000.0
2095,409.5,2628000.0
2096,409.6,2625000.0
2097,409.7,2602000.0
2098,409.8,2571608.106
2099,409.9,2548000.0
2100,410.0,2546000.0
2101,410.1,2583000.0
2102,410.2,2677081.482
2103,410.3,2846000.0
2104,410.4,3107000.0
2105,410.5,3475000.0
2106,410.6,3962000.0
2107,410.7,4577826.433
2108,410.8,5325000.0
2109,410.9,6203000.0
2110,411.0,7205000.0
2111,411.1,8314754.625
2112,411.2,9506000.0
2113,411.3,10750000.0
2114,411.4,12010000.0
2115,411.5,13230000.0
2116,411.6,14372929.268
2117,411.7,15390000.0
2118,411.8,16230000.0
2119,411.9,16850000.0
2120,412.0,17210990.372
2121,412.1,17300000.0
2122,412.2,17110000.0
2123,412.3,16640000.0
2124,412.4,15920000.0
2125,412.5,14971067.02
2126,412.6,13840000.0
2127,412.7,12580000.0
2128,412.8,11240000.0
2129,412.9,9874000.0
2130,413.0,8525019.341
2131,413.1,7232000.0
2132,413.2,6030000.0
2133,413.3,4940000.0
2134,413.4,3978473.848
2135,413.5,3148000.0
2136,413.6,2447000.0
2137,413.7,1870000.0
2138,413.8,1404000.0
2139,413.9,1035663.291
2140,414.0,750700.0
2141,414.1,534700.0
2142,414.2,374300.0
2143,414.3,257351.549
2144,414.4,174100.0
2145,414.5,115800.0
2146,414.6,75710.0
2147,414.7,48710.0
2148,414.8,30813.981
2149,414.9,19300.0
2150,415.0,11930.0
2151,415.1,7313.0
2152,415.2,4457.295
2153,415.3,2749.0
2154,415.4,1715.0
2155,415.5,1099.0
2156,415.6,730.7
2157,415.7,506.216
2158,415.8,370.0
2159,415.9,281.1
2160,416.0,221.7
2161,416.1,181.04
2162,416.2,154.5
2163,416.3,139.6
2164,416.4,136.3
2165,416.5,145.7
2166,416.6,169.738
2167,416.7,211.4
2168,416.8,274.0
2169,416.9,361.4
2170,417.0,478.153
2171,417.1,628.7
2172,417.2,817.2
2173,417.3,1047.0
2174,417.4,1321.0
2175,417.5,1639.881
2176,417.6,2001.0
2177,417.7,2400.0
2178,417.8,2829.0
2179,417.9,3279.0
2180,418.0,3734.859
2181,418.1,4180.0
2182,418.2,4598.0
2183,418.3,4972.0
2184,418.4,5283.142
2185,418.5,5517.0
2186,418.6,5662.0
2187,418.7,5712.0
2188,418.8,5662.0
2189,418.9,5516.248
2190,419.0,5283.0
2191,419.1,4972.0
2192,419.2,4598.0
2193,419.3,4179.322
2194,419.4,3734.0
2195,419.5,3279.0
2196,419.6,2829.0
2197,419.7,2400.0
2198,419.8,2001.267
2199,419.9,1640.0
2200,420.0,1322.0
2201,420.1,1048.0
2202,420.2,818.175
2203,420.3,630.0
2204,420.4,480.0
2205,420.5,364.0
2206,420.6,277.6
2207,420.7,216.328
2208,420.8,176.3
2209,420.9,154.0
2210,421.0,146.7
2211,421.1,151.846
2212,421.2,167.5
2213,421.3,192.0
2214,421.4,224.0
2215,421.5,261.9
2216,421.6,304.503
2217,421.7,350.2
2218,421.8,397.3
2219,421.9,444.2
2220,422.0,488.828
2221,422.1,529.4
2222,422.2,564.2
2223,422.3,591.5
2224,422.4,610.1
2225,422.5,618.998
2226,422.6,617.9
2227,422.7,606.8
2228,422.8,586.2
2229,422.9,557.1
2230,423.0,520.839
2231,423.1,479.1
2232,423.2,433.6
2233,423.3,386.0
2234,423.4,338.2
2235,423.5,291.7
2236,423.6,247.8
2237,423.7,207.5
2238,423.8,171.7
2239,423.9,140.97
2240,424.0,115.6
2241,424.1,95.83
2242,424.2,81.89
2243,424.3,73.947
2244,424.4,72.28
2245,424.5,77.24
2246,424.6,89.35
2247,424.7,109.3
2248,424.8,137.794
2249,424.9,175.6
2250,425.0,223.5
2251,425.1,282.2
2252,425.2,352.046
2253,425.3,432.8
2254,425.4,523.9
2255,425.5,624.0
2256,425.6,731.3
2257,425.7,842.96
2258,425.8,955.4
2259,425.9,1065.0
2260,426.0,1168.0
2261,426.1,1259.227
2262,426.2,1335.0
2263,426.3,1392.0
2264,426.4,1427.0
2265,426.5,1439.0
2266,426.6,1427.13
2267,426.7,1392.0
2268,426.8,1335.0
2269,426.9,1259.0
2270,427.0,1167.633
2271,427.1,1065.0
2272,427.2,955.3
2273,427.3,842.7
2274,427.4,731.1
2275,427.5,623.818
2276,427.6,523.4
2277,427.7,432.0
2278,427.8,350.8
2279,427.9,280.4
2280,428.0,220.907
2281,428.1,171.8
2282,428.2,132.4
2283,428.3,101.9
2284,428.4,79.346
2285,428.5,63.98
2286,428.6,55.14
2287,428.7,52.35
2288,428.8,55.37
2289,428.9,64.214
2290,429.0,79.13
2291,429.1,100.5
2292,429.2,129.0
2293,429.3,165.178
2294,429.4,209.6
2295,429.5,262.8
2296,429.6,325.0
2297,429.7,396.0
2298,429.8,475.395
2299,429.9,562.0
2300,430.0,654.3
2301,430.1,750.1
2302,430.2,846.522
2303,430.3,940.9
2304,430.4,1030.0
2305,430.5,1109.0
2306,430.6,1176.0
2307,430.7,1227.767
2308,430.8,1262.0
2309,430.9,1277.0
2310,431.0,1272.0
2311,431.1,1247.244
2312,431.2,1204.0
2313,431.3,1144.0
2314,431.4,1070.0
2315,431.5,985.2
2316,431.6,892.968
2317,431.7,796.7
2318,431.8,699.8
2319,431.9,605.5
2320,432.0,516.155
2321,432.1,433.7
2322,432.2,359.8
2323,432.3,295.2
2324,432.4,240.2
2325,432.5,194.79
2326,432.6,158.5
2327,432.7,130.7
2328,432.8,110.5
2329,432.9,96.88
2330,433.0,88.911
2331,433.1,85.6
2332,433.2,85.95
2333,433.3,89.04
2334,433.4,94.005
2335,433.5,100.1
2336,433.6,106.6
2337,433.7,112.8
2338,433.8,118.2
2339,433.9,122.322
2340,434.0,124.9
2341,434.1,125.7
2342,434.2,124.5
2343,434.3,121.498
2344,434.4,116.8
2345,434.5,110.5
2346,434.6,102.9
2347,434.7,94.41
2348,434.8,85.34
2349,434.9,76.03
2350,435.0,66.82
2351,435.1,57.99
2352,435.2,49.77
2353,435.3,42.32
2354,435.4,35.76
2355,435.5,30.12
2356,435.6,25.41
2357,435.7,21.578
2358,435.8,18.54
2359,435.9,16.21
2360,436.0,14.49
2361,436.1,13.275
2362,436.2,12.5
2363,436.3,12.11
2364,436.4,12.06
2365,436.5,12.37
2366,436.6,13.079
2367,436.7,14.28
2368,436.8,16.09
2369,436.9,18.67
2370,437.0,22.207
2371,437.1,26.9
2372,437.2,32.96
2373,437.3,40.61
2374,437.4,50.02
2375,437.5,61.337
2376,437.6,74.61
2377,437.7,89.84
2378,437.8,106.9
2379,437.9,125.5
2380,438.0,145.274
2381,438.1,165.7
2382,438.2,186.2
2383,438.3,206.1
2384,438.4,224.657
2385,438.5,241.1
2386,438.6,254.7
2387,438.7,264.9
2388,438.8,271.2
2389,438.9,273.261
2390,439.0,271.1
2391,439.1,264.8
2392,439.2,254.5
2393,439.3,240.778
2394,439.4,224.3
2395,439.5,205.7
2396,439.6,185.6
2397,439.7,164.9
2398,439.8,144.217
2399,439.9,124.1
2400,440.0,105.1
2401,440.1,87.67
2402,440.2,71.982
2403,440.3,58.15
2404,440.4,46.25
2405,440.5,36.21
2406,440.6,27.91
2407,440.7,21.175
2408,440.8,15.81
2409,440.9,11.62
2410,441.0,8.406
2411,441.1,5.984
2412,441.2,4.196
2413,441.3,2.896
2414,441.4,1.967
2415,441.5,1.315
2416,441.6,0.864
2417,441.7,0.561
2418,441.8,0.357
2419,441.9,0.224
2420,442.0,0.138
2421,442.1,0.084
2422,442.2,0.05
2423,442.3,0.03
2424,442.4,0.017
2425,442.5,0.01
2426,442.6,0.006
2427,442.7,0.003
2428,442.8,0.002
2429,442.9,0.002
2430,443.0,0.002
2431,443.1,0.003
2432,443.2,0.005
2433,443.3,0.008
2434,443.4,0.014
2435,443.5,0.023
2436,443.6,0.039
2437,443.7,0.062
2438,443.8,0.099
2439,443.9,0.155
2440,444.0,0.24
2441,444.1,0.365
2442,444.2,0.546
2443,444.3,0.805
2444,444.4,1.17
2445,444.5,1.674
2446,444.6,2.358
2447,444.7,3.272
2448,444.8,4.472
2449,444.9,6.019
2450,445.0,7.979
2451,445.1,10.42
2452,445.2,13.402
2453,445.3,16.97
2454,445.4,21.16
2455,445.5,25.99
2456,445.6,31.45
2457,445.7,37.475
2458,445.8,43.97
2459,445.9,50.82
2460,446.0,57.85
2461,446.1,64.857
2462,446.2,71.61
2463,446.3,77.87
2464,446.4,83.39
2465,446.5,87.96
2466,446.6,91.373
2467,446.7,93.49
2468,446.8,94.21
2469,446.9,93.5
2470,447.0,91.387
2471,447.1,87.98
2472,447.2,83.42
2473,447.3,77.9
2474,447.4,71.67
2475,447.5,64.954
2476,447.6,58.0
2477,447.7,51.06
2478,447.8,44.35
2479,447.9,38.04
2480,448.0,32.312
2481,448.1,27.28
2482,448.2,23.04
2483,448.3,19.68
2484,448.4,17.258
2485,448.5,15.83
2486,448.6,15.45
2487,448.7,16.17
2488,448.8,18.07
2489,448.9,21.212
2490,449.0,25.67
2491,449.1,31.52
2492,449.2,38.82
2493,449.3,47.592
2494,449.4,57.81
2495,449.5,69.42
2496,449.6,82.28
2497,449.7,96.16
2498,449.8,110.807
2499,449.9,125.8
2500,450.0,140.7
2501,450.1,155.1
2502,450.2,168.387
2503,450.3,180.1
2504,450.4,189.8
2505,450.5,197.0
2506,450.6,201.5
2507,450.7,203.021
2508,450.8,201.5
2509,450.9,197.0
2510,451.0,189.8
2511,451.1,180.158
2512,451.2,168.4
2513,451.3,155.0
2514,451.4,140.7
2515,451.5,125.7
2516,451.6,110.665
2517,451.7,96.01
2518,451.8,82.04
2519,451.9,69.06
2520,452.0,57.271
2521,452.1,46.78
2522,452.2,37.65
2523,452.3,29.85
2524,452.4,23.31
2525,452.5,17.939
2526,452.6,13.6
2527,452.7,10.15
2528,452.8,7.469
2529,452.9,5.412
2530,453.0,3.862
2531,453.1,2.717
2532,453.2,1.883
2533,453.3,1.285
2534,453.4,0.863
2535,453.5,0.572
2536,453.6,0.374
2537,453.7,0.24
2538,453.8,0.152
2539,453.9,0.095
2540,454.0,0.058
2541,454.1,0.035
2542,454.2,0.021
2543,454.3,0.012
2544,454.4,0.007
2545,454.5,0.004
2546,454.6,0.002
2547,454.7,0.001
2548,454.8,0.001
2549,454.9,0.0
2550,455.0,0.0
2551,455.1,0.0
2552,455.2,0.0
2553,455.3,0.0
2554,455.4,0.0
2555,455.5,0.0
2556,455.6,0.0
2557,455.7,0.0
2558,455.8,0.0
2559,455.9,0.0
2560,456.0,0.0
2561,456.1,0.0
2562,456.2,0.0
2563,456.3,0.0
2564,456.4,0.0
2565,456.5,0.0
2566,456.6,0.001
2567,456.7,0.001
2568,456.8,0.002
2569,456.9,0.003
2570,457.0,0.006
2571,457.1,0.01
2572,457.2,0.018
2573,457.3,0.031
2574,457.4,0.052
2575,457.5,0.086
2576,457.6,0.141
2577,457.7,0.227
2578,457.8,0.362
2579,457.9,0.568
2580,458.0,0.877
2581,458.1,1.34
2582,458.2,2.015
2583,458.3,2.988
2584,458.4,4.364
2585,458.5,6.29
2586,458.6,8.932
2587,458.7,12.5
2588,458.8,17.26
2589,458.9,23.476
2590,459.0,31.48
2591,459.1,41.62
2592,459.2,54.24
2593,459.3,69.673
2594,459.4,88.24
2595,459.5,110.2
2596,459.6,135.6
2597,459.7,164.5
2598,459.8,196.734
2599,459.9,231.9
2600,460.0,269.5
2601,460.1,308.8
2602,460.2,348.796
2603,460.3,388.3
2604,460.4,426.1
2605,460.5,461.0
2606,460.6,491.7
2607,460.7,516.965
2608,460.8,535.8
2609,460.9,547.4
2610,461.0,551.4
2611,461.1,547.434
2612,461.2,535.8
2613,461.3,517.0
2614,461.4,491.7
2615,461.5,461.0
2616,461.6,426.145
2617,461.7,388.3
2618,461.8,348.7
2619,461.9,308.8
2620,462.0,269.559
2621,462.1,231.9
2622,462.2,196.7
2623,462.3,164.5
2624,462.4,135.6
2625,462.5,110.185
2626,462.6,88.25
2627,462.7,69.7
2628,462.8,54.27
2629,462.9,41.67
2630,463.0,31.563
2631,463.1,23.6
2632,463.2,17.44
2633,463.3,12.78
2634,463.4,9.334
2635,463.5,6.876
2636,463.6,5.205
2637,463.7,4.169
2638,463.8,3.658
2639,463.9,3.59
2640,464.0,3.92
2641,464.1,4.62
2642,464.2,5.687
2643,464.3,7.128
2644,464.4,8.957
2645,464.5,11.19
2646,464.6,13.85
2647,464.7,16.94
2648,464.8,20.445
2649,464.9,24.34
2650,465.0,28.59
2651,465.1,33.12
2652,465.2,37.832
2653,465.3,42.61
2654,465.4,47.33
2655,465.5,51.84
2656,465.6,55.99
2657,465.7,59.624
2658,465.8,62.62
2659,465.9,64.86
2660,466.0,66.23
2661,466.1,66.688
2662,466.2,66.23
2663,466.3,64.86
2664,466.4,62.62
2665,466.5,59.63
2666,466.6,55.99
2667,466.7,51.84
2668,466.8,47.33
2669,466.9,42.61
2670,467.0,37.823
2671,467.1,33.11
2672,467.2,28.59
2673,467.3,24.33
2674,467.4,20.43
2675,467.5,16.912
2676,467.6,13.8
2677,467.7,11.11
2678,467.8,8.816
2679,467.9,6.9
2680,468.0,5.326
2681,468.1,4.053
2682,468.2,3.041
2683,468.3,2.251
2684,468.4,1.643
2685,468.5,1.182
2686,468.6,0.839
2687,468.7,0.587
2688,468.8,0.405
2689,468.9,0.275
2690,469.0,0.185
2691,469.1,0.122
2692,469.2,0.08
2693,469.3,0.051
2694,469.4,0.033
2695,469.5,0.02
2696,469.6,0.013
2697,469.7,0.008
2698,469.8,0.005
2699,469.9,0.003
2700,470.0,0.002
2701,470.1,0.001
2702,470.2,0.001
2703,470.3,0.0
2704,470.4,0.0
2705,470.5,0.0
2706,470.6,0.0
2707,470.7,0.0
2708,470.8,0.0
2709,470.9,0.0
2710,471.0,0.0
2711,471.1,0.0
2712,471.2,0.0
2713,471.3,0.0
2714,471.4,0.0
2715,471.5,0.0
2716,471.6,0.0
2717,471.7,0.0
2718,471.8,0.0
2719,471.9,0.0
2720,472.0,0.0
2721,472.1,0.0
2722,472.2,0.0
2723,472.3,0.0
2724,472.4,0.0
2725,472.5,0.0
2726,472.6,0.0
2727,472.7,0.0
2728,472.8,0.0
2729,472.9,0.0
2730,473.0,0.0
2731,473.1,0.0
2732,473.2,0.0
2733,473.3,0.0
2734,473.4,0.0
2735,473.5,0.0
2736,473.6,0.0
2737,473.7,0.0
2738,473.8,0.0
2739,473.9,0.0
2740,474.0,0.0
2741,474.1,0.0
2742,474.2,0.0
2743,474.3,0.0
2744,474.4,0.0
2745,474.5,0.0
2746,474.6,0.0
2747,474.7,0.0
2748,474.8,0.0
2749,474.9,0.0
2750,475.0,0.0
2751,475.1,0.0
2752,475.2,0.0
2753,475.3,0.0
2754,475.4,0.0
2755,475.5,0.0
2756,475.6,0.0
2757,475.7,0.0
2758,475.8,0.0
2759,475.9,0.0
2760,476.0,0.0
2761,476.1,0.0
2762,476.2,0.0
2763,476.3,0.0
2764,476.4,0.0
2765,476.5,0.0
2766,476.6,0.0
2767,476.7,0.0
2768,476.8,0.0
2769,476.9,0.0
2770,477.0,0.0
2771,477.1,0.0
2772,477.2,0.0
2773,477.3,0.0
2774,477.4,0.0
2775,477.5,0.0
2776,477.6,0.001
2777,477.7,0.002
2778,477.8,0.003
2779,477.9,0.006
2780,478.0,0.011
2781,478.1,0.02
2782,478.2,0.035
2783,478.3,0.061
2784,478.4,0.105
2785,478.5,0.179
2786,478.6,0.3
2787,478.7,0.496
2788,478.8,0.81
2789,478.9,1.303
2790,479.0,2.077
2791,479.1,3.262
2792,479.2,5.056
2793,479.3,7.726
2794,479.4,11.68
2795,479.5,17.41
2796,479.6,25.62
2797,479.7,37.21
2798,479.8,53.337
2799,479.9,75.49
2800,480.0,105.4
2801,480.1,145.4
2802,480.2,197.878
2803,480.3,265.8
2804,480.4,352.4
2805,480.5,461.3
2806,480.6,596.1
2807,480.7,760.242
2808,480.8,957.2
2809,480.9,1190.0
2810,481.0,1460.0
2811,481.1,1768.319
2812,481.2,2114.0
2813,481.3,2495.0
2814,481.4,2907.0
2815,481.5,3344.0
2816,481.6,3797.841
2817,481.7,4258.0
2818,481.8,4713.0
2819,481.9,5150.0
2820,482.0,5556.935
2821,482.1,5920.0
2822,482.2,6226.0
2823,482.3,6466.0
2824,482.4,6631.0
2825,482.5,6713.966
2826,482.6,6713.0
2827,482.7,6628.0
2828,482.8,6462.0
2829,482.9,6222.0
2830,483.0,5916.858
2831,483.1,5557.0
2832,483.2,5154.0
2833,483.3,4722.0
2834,483.4,4273.435
2835,483.5,3820.0
2836,483.6,3373.0
2837,483.7,2942.0
2838,483.8,2535.0
2839,483.9,2158.667
2840,484.0,1816.0
2841,484.1,1509.0
2842,484.2,1239.0
2843,484.3,1005.638
2844,484.4,806.6
2845,484.5,639.2
2846,484.6,500.7
2847,484.7,387.6
2848,484.8,296.576
2849,484.9,224.3
2850,485.0,167.6
2851,485.1,123.9
2852,485.2,90.484
2853,485.3,65.32
2854,485.4,46.63
2855,485.5,32.9
2856,485.6,22.95
2857,485.7,15.816
2858,485.8,10.79
2859,485.9,7.27
2860,486.0,4.844
2861,486.1,3.186
2862,486.2,2.077
2863,486.3,1.337
2864,486.4,0.85
2865,486.5,0.535
2866,486.6,0.331
2867,486.7,0.204
2868,486.8,0.124
2869,486.9,0.074
2870,487.0,0.044
2871,487.1,0.026
2872,487.2,0.015
2873,487.3,0.009
2874,487.4,0.005
2875,487.5,0.003
2876,487.6,0.002
2877,487.7,0.001
2878,487.8,0.0
2879,487.9,0.0
2880,488.0,0.0
2881,488.1,0.0
2882,488.2,0.0
2883,488.3,0.001
2884,488.4,0.001
2885,488.5,0.003
2886,488.6,0.005
2887,488.7,0.009
2888,488.8,0.016
2889,488.9,0.027
2890,489.0,0.047
2891,489.1,0.08
2892,489.2,0.136
2893,489.3,0.225
2894,489.4,0.372
2895,489.5,0.605
2896,489.6,0.972
2897,489.7,1.543
2898,489.8,2.418
2899,489.9,3.758
2900,490.0,5.763
2901,490.1,8.735
2902,490.2,13.079
2903,490.3,19.4
2904,490.4,28.42
2905,490.5,41.18
2906,490.6,59.03
2907,490.7,83.624
2908,490.8,117.4
2909,490.9,163.1
2910,491.0,224.1
2911,491.1,304.821
2912,491.2,410.7
2913,491.3,547.8
2914,491.4,723.9
2915,491.5,947.7
2916,491.6,1229.506
2917,491.7,1581.0
2918,491.8,2015.0
2919,491.9,2547.0
2920,492.0,3191.384
2921,492.1,3967.0
2922,492.2,4893.0
2923,492.3,5986.0
2924,492.4,7268.0
2925,492.5,8761.426
2926,492.6,10480.0
2927,492.7,12440.0
2928,492.8,14670.0
2929,492.9,17180.0
2930,493.0,19987.004
2931,493.1,23100.0
2932,493.2,26530.0
2933,493.3,30300.0
2934,493.4,34409.625
2935,493.5,38870.0
2936,493.6,43700.0
2937,493.7,48930.0
2938,493.8,54590.0
2939,493.9,60702.755
2940,494.0,67330.0
2941,494.1,74540.0
2942,494.2,82390.0
2943,494.3,90967.291
2944,494.4,100400.0
2945,494.5,110800.0
2946,494.6,122200.0
2947,494.7,134700.0
2948,494.8,148443.655
2949,494.9,163500.0
2950,495.0,179900.0
2951,495.1,197600.0
2952,495.2,216504.505
2953,495.3,236500.0
2954,495.4,257400.0
2955,495.5,278800.0
2956,495.6,300400.0
2957,495.7,321679.905
2958,495.8,342200.0
2959,495.9,361500.0
2960,496.0,378900.0
2961,496.1,393799.915
2962,496.2,405800.0
2963,496.3,414500.0
2964,496.4,419400.0
2965,496.5,420300.0
2966,496.6,417196.192
2967,496.7,410100.0
2968,496.8,399100.0
2969,496.9,384600.0
2970,497.0,367051.41
2971,497.1,346900.0
2972,497.2,324700.0
2973,497.3,301300.0
2974,497.4,277200.0
2975,497.5,253063.102
2976,497.6,229400.0
2977,497.7,206700.0
2978,497.8,185500.0
2979,497.9,166000.0
2980,498.0,148485.07
2981,498.1,133100.0
2982,498.2,119900.0
2983,498.3,108800.0
2984,498.4,99725.147
2985,498.5,92550.0
2986,498.6,87120.0
2987,498.7,83230.0
2988,498.8,80660.0
2989,498.9,79197.738
2990,499.0,78630.0
2991,499.1,78750.0
2992,499.2,79380.0
2993,499.3,80357.16
2994,499.4,81550.0
2995,499.5,82840.0
2996,499.6,84140.0
2997,499.7,85410.0
2998,499.8,86622.292
2999,499.9,87780.0
3000,500.0,88910.0
3001,500.1,90090.0
3002,500.2,91378.573
3003,500.3,92870.0
3004,500.4,94670.0
3005,500.5,96880.0
3006,500.6,99600.0
3007,500.7,102950.701
3008,500.8,107000.0
3009,500.9,111800.0
3010,501.0,117400.0
3011,501.1,123832.943
3012,501.2,131100.0
3013,501.3,139200.0
3014,501.4,148100.0
3015,501.5,157600.0
3016,501.6,167591.057
3017,501.7,178000.0
3018,501.8,188700.0
3019,501.9,199400.0
3020,502.0,209934.698
3021,502.1,220100.0
3022,502.2,229700.0
3023,502.3,238600.0
3024,502.4,246500.0
3025,502.5,253233.146
3026,502.6,258700.0
3027,502.7,262800.0
3028,502.8,265400.0
3029,502.9,266400.0
3030,503.0,265928.982
3031,503.1,264000.0
3032,503.2,260600.0
3033,503.3,255800.0
3034,503.4,249711.471
3035,503.5,242500.0
3036,503.6,234300.0
3037,503.7,225200.0
3038,503.8,215600.0
3039,503.9,205460.755
3040,504.0,195000.0
3041,504.1,184500.0
3042,504.2,174100.0
3043,504.3,163970.688
3044,504.4,154200.0
3045,504.5,144900.0
3046,504.6,136300.0
3047,504.7,128400.0
3048,504.8,121321.517
3049,504.9,115000.0
3050,505.0,109400.0
3051,505.1,104700.0
3052,505.2,100638.242
3053,505.3,97170.0
3054,505.4,94310.0
3055,505.5,91950.0
3056,505.6,90000.0
3057,505.7,88391.927
3058,505.8,87080.0
3059,505.9,86030.0
3060,506.0,85230.0
3061,506.1,84672.233
3062,506.2,84380.0
3063,506.3,84390.0
3064,506.4,84750.0
3065,506.5,85490.0
3066,506.6,86670.531
3067,506.7,88320.0
3068,506.8,90460.0
3069,506.9,93120.0
3070,507.0,96293.854
3071,507.1,99960.0
3072,507.2,104100.0
3073,507.3,108700.0
3074,507.4,113700.0
3075,507.5,119058.35
3076,507.6,124800.0
3077,507.7,130900.0
3078,507.8,137200.0
3079,507.9,143900.0
3080,508.0,150981.421
3081,508.1,158400.0
3082,508.2,166200.0
3083,508.3,174600.0
3084,508.4,183505.541
3085,508.5,193000.0
3086,508.6,203200.0
3087,508.7,214100.0
3088,508.8,225800.0
3089,508.9,238386.671
3090,509.0,251800.0
3091,509.1,266000.0
3092,509.2,281100.0
3093,509.3,297016.28
3094,509.4,313700.0
3095,509.5,331100.0
3096,509.6,349100.0
3097,509.7,367700.0
3098,509.8,386742.497
3099,509.9,406000.0
3100,510.0,425300.0
3101,510.1,444600.0
3102,510.2,463528.261
3103,510.3,481800.0
3104,510.4,499200.0
3105,510.5,515500.0
3106,510.6,530200.0
3107,510.7,543040.635
3108,510.8,553800.0
3109,510.9,562200.0
3110,511.0,567900.0
3111,511.1,570919.13
3112,511.2,571200.0
3113,511.3,568700.0
3114,511.4,563600.0
3115,511.5,556100.0
3116,511.6,546581.047
3117,511.7,535400.0
3118,511.8,523000.0
3119,511.9,510100.0
3120,512.0,497031.39
3121,512.1,484400.0
3122,512.2,472800.0
3123,512.3,462500.0
3124,512.4,454100.0
3125,512.5,447848.246
3126,512.6,444000.0
3127,512.7,442800.0
3128,512.8,444300.0
3129,512.9,448500.0
3130,513.0,455488.928
3131,513.1,465200.0
3132,513.2,477500.0
3133,513.3,492200.0
3134,513.4,509128.903
3135,513.5,528000.0
3136,513.6,548500.0
3137,513.7,570300.0
3138,513.8,592900.0
3139,513.9,615737.229
3140,514.0,638300.0
3141,514.1,660000.0
3142,514.2,680000.0
3143,514.3,697780.995
3144,514.4,712700.0
3145,514.5,724100.0
3146,514.6,731500.0
3147,514.7,734500.0
3148,514.8,732968.261
3149,514.9,726800.0
3150,515.0,716000.0
3151,515.1,701000.0
3152,515.2,682170.203
3153,515.3,660000.0
3154,515.4,635100.0
3155,515.5,608300.0
3156,515.6,580200.0
3157,515.7,551503.511
3158,515.8,522900.0
3159,515.9,495000.0
3160,516.0,468200.0
3161,516.1,442907.956
3162,516.2,419300.0
3163,516.3,397500.0
3164,516.4,377600.0
3165,516.5,359400.0
3166,516.6,342790.771
3167,516.7,327600.0
3168,516.8,313600.0
3169,516.9,300500.0
3170,517.0,288134.496
3171,517.1,276300.0
3172,517.2,264800.0
3173,517.3,253500.0
3174,517.4,242200.0
3175,517.5,230991.785
3176,517.6,219900.0
3177,517.7,208900.0
3178,517.8,198000.0
3179,517.9,187400.0
3180,518.0,177149.442
3181,518.1,167500.0
3182,518.2,158700.0
3183,518.3,150800.0
3184,518.4,144107.464
3185,518.5,138900.0
3186,518.6,135400.0
3187,518.7,133800.0
3188,518.8,134500.0
3189,518.9,137761.025
3190,519.0,143800.0
3191,519.1,152900.0
3192,519.2,165500.0
3193,519.3,181764.621
3194,519.4,202000.0
3195,519.5,226500.0
3196,519.6,255300.0
3197,519.7,288500.0
3198,519.8,326209.982
3199,519.9,368300.0
3200,520.0,414500.0
3201,520.1,464300.0
3202,520.2,517288.181
3203,520.3,572700.0
3204,520.4,629600.0
3205,520.5,686800.0
3206,520.6,743100.0
3207,520.7,797332.69
3208,520.8,848100.0
3209,520.9,894000.0
3210,521.0,933800.0
3211,521.1,966260.645
3212,521.2,990900.0
3213,521.3,1007000.0
3214,521.4,1013000.0
3215,521.5,1010000.0
3216,521.6,997901.148
3217,521.7,977200.0
3218,521.8,948700.0
3219,521.9,913300.0
3220,522.0,872196.323
3221,522.1,826700.0
3222,522.2,778100.0
3223,522.3,727600.0
3224,522.4,676500.0
3225,522.5,625859.193
3226,522.6,576500.0
3227,522.7,529200.0
3228,522.8,484600.0
3229,522.9,442900.0
3230,523.0,404431.415
3231,523.1,369200.0
3232,523.2,337100.0
3233,523.3,308000.0
3234,523.4,281747.966
3235,523.5,258100.0
3236,523.6,236800.0
3237,523.7,217600.0
3238,523.8,200200.0
3239,523.9,184567.962
3240,524.0,170600.0
3241,524.1,158100.0
3242,524.2,146800.0
3243,524.3,136837.784
3244,524.4,128100.0
3245,524.5,120400.0
3246,524.6,113700.0
3247,524.7,108100.0
3248,524.8,103429.522
3249,524.9,99640.0
3250,525.0,96730.0
3251,525.1,94680.0
3252,525.2,93508.149
3253,525.3,93270.0
3254,525.4,94050.0
3255,525.5,96010.0
3256,525.6,99330.0
3257,525.7,104307.883
3258,525.8,111200.0
3259,525.9,120300.0
3260,526.0,132100.0
3261,526.1,147032.309
3262,526.2,165500.0
3263,526.3,187900.0
3264,526.4,214600.0
3265,526.5,245900.0
3266,526.6,281905.03
3267,526.7,322600.0
3268,526.8,367900.0
3269,526.9,417500.0
3270,527.0,470875.584
3271,527.1,527100.0
3272,527.2,585200.0
3273,527.3,644200.0
3274,527.4,702500.0
3275,527.5,758752.173
3276,527.6,811500.0
3277,527.7,859200.0
3278,527.8,900300.0
3279,527.9,933600.0
3280,528.0,957969.84
3281,528.1,972600.0
3282,528.2,976900.0
3283,528.3,970800.0
3284,528.4,954434.293
3285,528.5,928300.0
3286,528.6,893100.0
3287,528.7,850000.0
3288,528.8,800300.0
3289,528.9,745324.078
3290,529.0,686600.0
3291,529.1,625700.0
3292,529.2,564100.0
3293,529.3,503031.053
3294,529.4,443700.0
3295,529.5,387200.0
3296,529.6,334200.0
3297,529.7,285400.0
3298,529.8,241102.788
3299,529.9,201500.0
3300,530.0,166700.0
3301,530.1,136500.0
3302,530.2,110688.805
3303,530.3,88950.0
3304,530.4,70930.0
3305,530.5,56250.0
3306,530.6,44500.0
3307,530.7,35303.953
3308,530.8,28320.0
3309,530.9,23230.0
3310,531.0,19780.0
3311,531.1,17733.577
3312,531.2,16940.0
3313,531.3,17280.0
3314,531.4,18680.0
3315,531.5,21120.0
3316,531.6,24608.115
3317,531.7,29220.0
3318,531.8,35050.0
3319,531.9,42210.0
3320,532.0,50859.974
3321,532.1,61190.0
3322,532.2,73400.0
3323,532.3,87700.0
3324,532.4,104300.0
3325,532.5,123499.784
3326,532.6,145500.0
3327,532.7,170500.0
3328,532.8,198800.0
3329,532.9,230600.0
3330,533.0,266010.703
3331,533.1,305300.0
3332,533.2,348700.0
3333,533.3,396200.0
3334,533.4,447987.733
3335,533.5,504100.0
3336,533.6,564500.0
3337,533.7,629100.0
3338,533.8,697800.0
3339,533.9,770350.47
3340,534.0,846300.0
3341,534.1,925100.0
3342,534.2,1006000.0
3343,534.3,1088235.524
3344,534.4,1171000.0
3345,534.5,1253000.0
3346,534.6,1332000.0
3347,534.7,1408000.0
3348,534.8,1478304.759
3349,534.9,1542000.0
3350,535.0,1598000.0
3351,535.1,1643000.0
3352,535.2,1677412.525
3353,535.3,1700000.0
3354,535.4,1709000.0
3355,535.5,1704000.0
3356,535.6,1686000.0
3357,535.7,1654381.427
3358,535.8,1610000.0
3359,535.9,1554000.0
3360,536.0,1487000.0
3361,536.1,1410900.996
3362,536.2,1327000.0
3363,536.3,1237000.0
3364,536.4,1144000.0
3365,536.5,1048000.0
3366,536.6,952300.813
3367,536.7,858300.0
3368,536.8,766800.0
3369,536.9,679300.0
3370,537.0,596794.397
3371,537.1,520000.0
3372,537.2,449500.0
3373,537.3,385500.0
3374,537.4,328200.0
3375,537.5,277404.705
3376,537.6,232800.0
3377,537.7,194100.0
3378,537.8,161000.0
3379,537.9,132800.0
3380,538.0,109112.888
3381,538.1,89410.0
3382,538.2,73120.0
3383,538.3,59770.0
3384,538.4,48915.577
3385,538.5,40160.0
3386,538.6,33130.0
3387,538.7,27510.0
3388,538.8,23050.0
3389,538.9,19524.297
3390,539.0,16760.0
3391,539.1,14610.0
3392,539.2,12970.0
3393,539.3,11735.1
3394,539.4,10850.0
3395,539.5,10270.0
3396,539.6,9946.0
3397,539.7,9858.0
3398,539.8,9976.293
3399,539.9,10280.0
3400,540.0,10750.0
3401,540.1,11360.0
3402,540.2,12084.061
3403,540.3,12900.0
3404,540.4,13780.0
3405,540.5,14680.0
3406,540.6,15580.0
3407,540.7,16440.563
3408,540.8,17230.0
3409,540.9,17920.0
3410,541.0,18480.0
3411,541.1,18883.638
3412,541.2,19120.0
3413,541.3,19180.0
3414,541.4,19050.0
3415,541.5,18730.0
3416,541.6,18232.281
3417,541.7,17570.0
3418,541.8,16760.0
3419,541.9,15830.0
3420,542.0,14794.671
3421,542.1,13680.0
3422,542.2,12520.0
3423,542.3,11350.0
3424,542.4,10170.0
3425,542.5,9024.225
3426,542.6,7929.0
3427,542.7,6892.0
3428,542.8,5929.0
3429,542.9,5048.0
3430,543.0,4253.805
3431,543.1,3548.0
3432,543.2,2930.0
3433,543.3,2395.0
3434,543.4,1940.247
3435,543.5,1559.0
3436,543.6,1244.0
3437,543.7,990.4
3438,543.8,791.9
3439,543.9,643.855
3440,544.0,543.6
3441,544.1,489.6
3442,544.2,483.5
3443,544.3,529.63
3444,544.4,637.6
3445,544.5,819.5
3446,544.6,1094.0
3447,544.7,1488.0
3448,544.8,2033.231
3449,544.9,2775.0
3450,545.0,3765.0
3451,545.1,5069.0
3452,545.2,6767.109
3453,545.3,8952.0
3454,545.4,11730.0
3455,545.5,15240.0
3456,545.6,19600.0
3457,545.7,24972.046
3458,545.8,31520.0
3459,545.9,39410.0
3460,546.0,48820.0
3461,546.1,59900.116
3462,546.2,72820.0
3463,546.3,87710.0
3464,546.4,104600.0
3465,546.5,123700.0
3466,546.6,144881.286
3467,546.7,168100.0
3468,546.8,193300.0
3469,546.9,220200.0
3470,547.0,248530.0
3471,547.1,277900.0
3472,547.2,307900.0
3473,547.3,338100.0
3474,547.4,367800.0
3475,547.5,396452.063
3476,547.6,423500.0
3477,547.7,448300.0
3478,547.8,470100.0
3479,547.9,488600.0
3480,548.0,503154.075
3481,548.1,513400.0
3482,548.2,519100.0
3483,548.3,520100.0
3484,548.4,516391.355
3485,548.5,508100.0
3486,548.6,495400.0
3487,548.7,478600.0
3488,548.8,458200.0
3489,548.9,434677.218
3490,549.0,408700.0
3491,549.1,380900.0
3492,549.2,351700.0
3493,549.3,321942.634
3494,549.4,292100.0
3495,549.5,262600.0
3496,549.6,234100.0
3497,549.7,206900.0
3498,549.8,181342.989
3499,549.9,157600.0
3500,550.0,135800.0
3501,550.1,116100.0
3502,550.2,98524.629
3503,550.3,82990.0
3504,550.4,69390.0
3505,550.5,57610.0
3506,550.6,47530.0
3507,550.7,38970.579
3508,550.8,31770.0
3509,550.9,25770.0
3510,551.0,20800.0
3511,551.1,16719.863
3512,551.2,13390.0
3513,551.3,10680.0
3514,551.4,8498.0
3515,551.5,6742.0
3516,551.6,5333.588
3517,551.7,4211.0
3518,551.8,3317.0
3519,551.9,2605.0
3520,552.0,2040.089
3521,552.1,1594.0
3522,552.2,1241.0
3523,552.3,961.9
3524,552.4,742.6
3525,552.5,570.418
3526,552.6,436.0
3527,552.7,331.3
3528,552.8,250.2
3529,552.9,187.7
3530,553.0,139.731
3531,553.1,103.3
3532,553.2,75.78
3533,553.3,55.13
3534,553.4,39.754
3535,553.5,28.45
3536,553.6,20.17
3537,553.7,14.17
3538,553.8,9.869
3539,553.9,6.803
3540,554.0,4.652
3541,554.1,3.149
3542,554.2,2.112
3543,554.3,1.401
3544,554.4,0.922
3545,554.5,0.601
3546,554.6,0.388
3547,554.7,0.249
3548,554.8,0.158
3549,554.9,0.101
3550,555.0,0.066
3551,555.1,0.046
3552,555.2,0.038
3553,555.3,0.038
3554,555.4,0.048
3555,555.5,0.068
3556,555.6,0.103
3557,555.7,0.158
3558,555.8,0.245
3559,555.9,0.376
3560,556.0,0.573
3561,556.1,0.864
3562,556.2,1.293
3563,556.3,1.915
3564,556.4,2.808
3565,556.5,4.079
3566,556.6,5.863
3567,556.7,8.36
3568,556.8,11.8
3569,556.9,16.48
3570,557.0,22.8
3571,557.1,31.27
3572,557.2,42.46
3573,557.3,57.1
3574,557.4,76.05
3575,557.5,100.342
3576,557.6,131.1
3577,557.7,169.6
3578,557.8,217.5
3579,557.9,276.1
3580,558.0,347.308
3581,558.1,432.8
3582,558.2,534.2
3583,558.3,653.3
3584,558.4,791.553
3585,558.5,950.1
3586,558.6,1130.0
3587,558.7,1332.0
3588,558.8,1556.0
3589,558.9,1801.494
3590,559.0,2067.0
3591,559.1,2351.0
3592,559.2,2652.0
3593,559.3,2965.928
3594,559.4,3290.0
3595,559.5,3621.0
3596,559.6,3953.0
3597,559.7,4283.0
3598,559.8,4606.65
3599,559.9,4920.0
3600,560.0,5219.0
3601,560.1,5499.0
3602,560.2,5758.157
3603,560.3,5994.0
3604,560.4,6204.0
3605,560.5,6387.0
3606,560.6,6542.0
3607,560.7,6666.89
3608,560.8,6762.0
3609,560.9,6828.0
3610,561.0,6864.0
3611,561.1,6869.129
3612,561.2,6844.0
3613,561.3,6789.0
3614,561.4,6703.0
3615,561.5,6587.0
3616,561.6,6440.483
3617,561.7,6265.0
3618,561.8,6062.0
3619,561.9,5831.0
3620,562.0,5575.444
3621,562.1,5298.0
3622,562.2,5001.0
3623,562.3,4688.0
3624,562.4,4364.0
3625,562.5,4032.244
3626,562.6,3697.0
3627,562.7,3363.0
3628,562.8,3035.0
3629,562.9,2717.0
3630,563.0,2411.984
3631,563.1,2123.0
3632,563.2,1853.0
3633,563.3,1604.0
3634,563.4,1376.824
3635,563.5,1172.0
3636,563.6,990.0
3637,563.7,830.9
3638,563.8,693.9
3639,563.9,578.136
3640,564.0,482.5
3641,564.1,405.9
3642,564.2,347.5
3643,564.3,306.2
3644,564.4,281.3
3645,564.5,272.3
3646,564.6,279.0
3647,564.7,301.4
3648,564.8,339.713
3649,564.9,394.4
3650,565.0,466.1
3651,565.1,555.8
3652,565.2,664.119
3653,565.3,791.8
3654,565.4,939.6
3655,565.5,1108.0
3656,565.6,1297.0
3657,565.7,1506.108
3658,565.8,1735.0
3659,565.9,1983.0
3660,566.0,2248.0
3661,566.1,2528.224
3662,566.2,2821.0
3663,566.3,3124.0
3664,566.4,3436.0
3665,566.5,3752.0
3666,566.6,4070.404
3667,566.7,4390.0
3668,566.8,4709.0
3669,566.9,5025.0
3670,567.0,5338.118
3671,567.1,5648.0
3672,567.2,5955.0
3673,567.3,6262.0
3674,567.4,6568.0
3675,567.5,6875.111
3676,567.6,7184.0
3677,567.7,7495.0
3678,567.8,7809.0
3679,567.9,8124.0
3680,568.0,8437.789
3681,568.1,8746.0
3682,568.2,9044.0
3683,568.3,9327.0
3684,568.4,9585.83
3685,568.5,9816.0
3686,568.6,10010.0
3687,568.7,10150.0
3688,568.8,10240.0
3689,568.9,10271.642
3690,569.0,10240.0
3691,569.1,10140.0
3692,569.2,9963.0
3693,569.3,9718.923
3694,569.4,9410.0
3695,569.5,9037.0
3696,569.6,8608.0
3697,569.7,8131.0
3698,569.8,7615.365
3699,569.9,7071.0
3700,570.0,6508.0
3701,570.1,5937.0
3702,570.2,5367.827
3703,570.3,4809.0
3704,570.4,4269.0
3705,570.5,3756.0
3706,570.6,3274.0
3707,570.7,2827.829
3708,570.8,2420.0
3709,570.9,2052.0
3710,571.0,1724.0
3711,571.1,1434.878
3712,571.2,1183.0
3713,571.3,966.4
3714,571.4,782.1
3715,571.5,627.0
3716,571.6,498.006
3717,571.7,391.9
3718,571.8,305.5
3719,571.9,235.9
3720,572.0,180.435
3721,572.1,136.8
3722,572.2,102.8
3723,572.3,76.48
3724,572.4,56.42
3725,572.5,41.27
3726,572.6,30.0
3727,572.7,21.72
3728,572.8,15.77
3729,572.9,11.65
3730,573.0,8.968
3731,573.1,7.511
3732,573.2,7.141
3733,573.3,7.869
3734,573.4,9.821
3735,573.5,13.33
3736,573.6,18.84
3737,573.7,27.09
3738,573.8,39.15
3739,573.9,56.452
3740,574.0,81.16
3741,574.1,115.9
3742,574.2,164.5
3743,574.3,231.788
3744,574.4,324.8
3745,574.5,451.7
3746,574.6,623.6
3747,574.7,854.9
3748,574.8,1163.223
3749,574.9,1572.0
3750,575.0,2108.0
3751,575.1,2806.0
3752,575.2,3705.92
3753,575.3,4858.0
3754,575.4,6318.0
3755,575.5,8154.0
3756,575.6,10440.0
3757,575.7,13259.119
3758,575.8,16710.0
3759,575.9,20890.0
3760,576.0,25890.0
3761,576.1,31838.468
3762,576.2,38840.0
3763,576.3,46990.0
3764,576.4,56380.0
3765,576.5,67090.0
3766,576.6,79198.135
3767,576.7,92730.0
3768,576.8,107700.0
3769,576.9,124100.0
3770,577.0,141814.233
3771,577.1,160800.0
3772,577.2,181000.0
3773,577.3,202200.0
3774,577.4,224200.0
3775,577.5,246867.0
3776,577.6,270000.0
3777,577.7,293400.0
3778,577.8,316900.0
3779,577.9,340200.0
3780,578.0,363291.213
3781,578.1,386100.0
3782,578.2,408500.0
3783,578.3,430400.0
3784,578.4,451965.015
3785,578.5,473200.0
3786,578.6,494100.0
3787,578.7,514800.0
3788,578.8,535300.0
3789,578.9,555727.767
3790,579.0,576000.0
3791,579.1,596000.0
3792,579.2,615700.0
3793,579.3,634891.315
3794,579.4,653300.0
3795,579.5,670600.0
3796,579.6,686300.0
3797,579.7,700000.0
3798,579.8,711344.32
3799,579.9,719800.0
3800,580.0,724900.0
3801,580.1,726500.0
3802,580.2,724134.511
3803,580.3,717600.0
3804,580.4,706900.0
3805,580.5,692300.0
3806,580.6,673700.0
3807,580.7,651620.042
3808,580.8,626600.0
3809,580.9,599100.0
3810,581.0,569600.0
3811,581.1,539040.827
3812,581.2,508100.0
3813,581.3,477400.0
3814,581.4,447700.0
3815,581.5,419600.0
3816,581.6,393662.747
3817,581.7,370300.0
3818,581.8,349900.0
3819,581.9,332800.0
3820,582.0,318922.264
3821,582.1,308300.0
3822,582.2,300900.0
3823,582.3,296300.0
3824,582.4,294300.0
3825,582.5,294440.609
3826,582.6,296200.0
3827,582.7,299100.0
3828,582.8,302700.0
3829,582.9,306300.0
3830,583.0,309544.529
3831,583.1,312000.0
3832,583.2,313200.0
3833,583.3,312800.0
3834,583.4,310642.923
3835,583.5,306500.0
3836,583.6,300200.0
3837,583.7,291900.0
3838,583.8,281700.0
3839,583.9,269580.061
3840,584.0,255900.0
3841,584.1,241000.0
3842,584.2,224900.0
3843,584.3,208138.314
3844,584.4,191000.0
3845,584.5,173700.0
3846,584.6,156600.0
3847,584.7,140000.0
3848,584.8,124039.303
3849,584.9,108900.0
3850,585.0,94770.0
3851,585.1,81760.0
3852,585.2,69903.882
3853,585.3,59230.0
3854,585.4,49750.0
3855,585.5,41410.0
3856,585.6,34170.0
3857,585.7,27947.083
3858,585.8,22650.0
3859,585.9,18190.0
3860,586.0,14480.0
3861,586.1,11425.347
3862,586.2,8936.0
3863,586.3,6926.0
3864,586.4,5320.0
3865,586.5,4051.0
3866,586.6,3056.578
3867,586.7,2286.0
3868,586.8,1694.0
3869,586.9,1245.0
3870,587.0,906.235
3871,587.1,653.9
3872,587.2,467.6
3873,587.3,331.5
3874,587.4,232.9
3875,587.5,162.035
3876,587.6,111.9
3877,587.7,76.52
3878,587.8,51.86
3879,587.9,34.84
3880,588.0,23.168
3881,588.1,15.31
3882,588.2,10.01
3883,588.3,6.491
3884,588.4,4.165
3885,588.5,2.658
3886,588.6,1.68
3887,588.7,1.056
3888,588.8,0.663
3889,588.9,0.419
3890,589.0,0.276
3891,589.1,0.199
3892,589.2,0.168
3893,589.3,0.175
3894,589.4,0.217
3895,589.5,0.299
3896,589.6,0.43
3897,589.7,0.627
3898,589.8,0.913
3899,589.9,1.327
3900,590.0,1.913
3901,590.1,2.734
3902,590.2,3.873
3903,590.3,5.446
3904,590.4,7.588
3905,590.5,10.48
3906,590.6,14.35
3907,590.7,19.486
3908,590.8,26.24
3909,590.9,35.01
3910,591.0,46.33
3911,591.1,60.769
3912,591.2,79.03
3913,591.3,101.9
3914,591.4,130.3
3915,591.5,165.1
3916,591.6,207.432
3917,591.7,258.4
3918,591.8,319.1
3919,591.9,390.7
3920,592.0,474.285
3921,592.1,570.8
3922,592.2,681.1
3923,592.3,805.7
3924,592.4,944.9
3925,592.5,1099.212
3926,592.6,1267.0
3927,592.7,1447.0
3928,592.8,1640.0
3929,592.9,1842.0
3930,593.0,2051.966
3931,593.1,2266.0
3932,593.2,2480.0
3933,593.3,2692.0
3934,593.4,2896.272
3935,593.5,3089.0
3936,593.6,3267.0
3937,593.7,3426.0
3938,593.8,3561.0
3939,593.9,3669.798
3940,594.0,3750.0
3941,594.1,3799.0
3942,594.2,3815.0
3943,594.3,3798.539
3944,594.4,3750.0
3945,594.5,3670.0
3946,594.6,3561.0
3947,594.7,3426.0
3948,594.8,3267.231
3949,594.9,3089.0
3950,595.0,2896.0
3951,595.1,2692.0
3952,595.2,2480.644
3953,595.3,2266.0
3954,595.4,2052.0
3955,595.5,1842.0
3956,595.6,1640.0
3957,595.7,1447.828
3958,595.8,1267.0
3959,595.9,1099.0
3960,596.0,944.9
3961,596.1,805.655
3962,596.2,681.1
3963,596.3,570.8
3964,596.4,474.3
3965,596.5,390.7
3966,596.6,319.113
3967,596.7,258.4
3968,596.8,207.4
3969,596.9,165.1
3970,597.0,130.275
3971,597.1,101.9
3972,597.2,79.03
3973,597.3,60.77
3974,597.4,46.33
3975,597.5,35.012
3976,597.6,26.24
3977,597.7,19.49
3978,597.8,14.35
3979,597.9,10.48
3980,598.0,7.585
3981,598.1,5.446
3982,598.2,3.875
3983,598.3,2.733
3984,598.4,1.91
3985,598.5,1.326
3986,598.6,0.911
3987,598.7,0.621
3988,598.8,0.42
3989,598.9,0.281
3990,599.0,0.187
3991,599.1,0.124
3992,599.2,0.081
3993,599.3,0.053
3994,599.4,0.036
3995,599.5,0.025
3996,599.6,0.02
3997,599.7,0.018
3998,599.8,0.021
3999,599.9,0.028
4000,600.0,0.04
4001,600.1,0.061
4002,600.2,0.092
4003,600.3,0.139
4004,600.4,0.209
4005,600.5,0.313
4006,600.6,0.464
4007,600.7,0.682
4008,600.8,0.997
4009,600.9,1.442
4010,601.0,2.069
4011,601.1,2.943
4012,601.2,4.157
4013,601.3,5.819
4014,601.4,8.077
4015,601.5,11.12
4016,601.6,15.179
4017,601.7,20.56
4018,601.8,27.61
4019,601.9,36.77
4020,602.0,48.561
4021,602.1,63.61
4022,602.2,82.63
4023,602.3,106.5
4024,602.4,136.0
4025,602.5,172.364
4026,602.6,216.7
4027,602.7,270.1
4028,602.8,333.9
4029,602.9,409.5
4030,603.0,498.106
4031,603.1,601.0
4032,603.2,719.4
4033,603.3,854.3
4034,603.4,1006.876
4035,603.5,1177.0
4036,603.6,1365.0
4037,603.7,1573.0
4038,603.8,1799.0
4039,603.9,2043.475
4040,604.0,2307.0
4041,604.1,2590.0
4042,604.2,2893.0
4043,604.3,3216.604
4044,604.4,3565.0
4045,604.5,3943.0
4046,604.6,4356.0
4047,604.7,4816.0
4048,604.8,5335.803
4049,604.9,5934.0
4050,605.0,6633.0
4051,605.1,7463.0
4052,605.2,8456.67
4053,605.3,9663.0
4054,605.4,11130.0
4055,605.5,12900.0
4056,605.6,15060.0
4057,605.7,17669.339
4058,605.8,20800.0
4059,605.9,24530.0
4060,606.0,28940.0
4061,606.1,34116.829
4062,606.2,40120.0
4063,606.3,47010.0
4064,606.4,54860.0
4065,606.5,63680.0
4066,606.6,73503.389
4067,606.7,84300.0
4068,606.8,96040.0
4069,606.9,108700.0
4070,607.0,122040.73
4071,607.1,136000.0
4072,607.2,150500.0
4073,607.3,165200.0
4074,607.4,179900.0
4075,607.5,194451.275
4076,607.6,208500.0
4077,607.7,221700.0
4078,607.8,233900.0
4079,607.9,244800.0
4080,608.0,254110.27
4081,608.1,261700.0
4082,608.2,267400.0
4083,608.3,270900.0
4084,608.4,272365.47
4085,608.5,271700.0
4086,608.6,268800.0
4087,608.7,263900.0
4088,608.8,257100.0
4089,608.9,248492.031
4090,609.0,238300.0
4091,609.1,226800.0
4092,609.2,214300.0
4093,609.3,200970.449
4094,609.4,187100.0
4095,609.5,173000.0
4096,609.6,158900.0
4097,609.7,145000.0
4098,609.8,131511.345
4099,609.9,118600.0
4100,610.0,106400.0
4101,610.1,94990.0
4102,610.2,84481.967
4103,610.3,74900.0
4104,610.4,66240.0
4105,610.5,58490.0
4106,610.6,51620.0
4107,610.7,45575.061
4108,610.8,40300.0
4109,610.9,35730.0
4110,611.0,31770.0
4111,611.1,28361.846
4112,611.2,25430.0
4113,611.3,22900.0
4114,611.4,20720.0
4115,611.5,18810.0
4116,611.6,17132.958
4117,611.7,15650.0
4118,611.8,14320.0
4119,611.9,13110.0
4120,612.0,11993.822
4121,612.1,10960.0
4122,612.2,9998.0
4123,612.3,9091.0
4124,612.4,8236.0
4125,612.5,7430.216
4126,612.6,6671.0
4127,612.7,5957.0
4128,612.8,5290.0
4129,612.9,4670.0
4130,613.0,4097.454
4131,613.1,3572.0
4132,613.2,3093.0
4133,613.3,2660.0
4134,613.4,2272.427
4135,613.5,1928.0
4136,613.6,1624.0
4137,613.7,1358.0
4138,613.8,1128.0
4139,613.9,930.052
4140,614.0,761.1
4141,614.1,618.4
4142,614.2,498.9
4143,614.3,399.552
4144,614.4,317.7
4145,614.5,250.8
4146,614.6,196.5
4147,614.7,152.9
4148,614.8,118.082
4149,614.9,90.54
4150,615.0,68.93
4151,615.1,52.11
4152,615.2,39.119
4153,615.3,29.19
4154,615.4,21.64
4155,615.5,15.97
4156,615.6,11.77
4157,615.7,8.695
4158,615.8,6.511
4159,615.9,5.027
4160,616.0,4.115
4161,616.1,3.689
4162,616.2,3.719
4163,616.3,4.197
4164,616.4,5.169
4165,616.5,6.718
4166,616.6,8.97
4167,616.7,12.12
4168,616.8,16.4
4169,616.9,22.13
4170,617.0,29.677
4171,617.1,39.55
4172,617.2,52.32
4173,617.3,68.68
4174,617.4,89.47
4175,617.5,115.63
4176,617.6,148.3
4177,617.7,188.7
4178,617.8,238.2
4179,617.9,298.3
4180,618.0,370.619
4181,618.1,456.9
4182,618.2,558.9
4183,618.3,678.3
4184,618.4,816.722
4185,618.5,975.8
4186,618.6,1157.0
4187,618.7,1361.0
4188,618.8,1588.0
4189,618.9,1838.385
4190,619.0,2112.0
4191,619.1,2408.0
4192,619.2,2724.0
4193,619.3,3058.589
4194,619.4,3408.0
4195,619.5,3768.0
4196,619.6,4135.0
4197,619.7,4504.0
4198,619.8,4869.642
4199,619.9,5227.0
4200,620.0,5571.0
4201,620.1,5896.0
4202,620.2,6197.816
4203,620.3,6472.0
4204,620.4,6715.0
4205,620.5,6926.0
4206,620.6,7101.0
4207,620.7,7241.961
4208,620.8,7350.0
4209,620.9,7426.0
4210,621.0,7473.0
4211,621.1,7495.247
4212,621.2,7497.0
4213,621.3,7483.0
4214,621.4,7459.0
4215,621.5,7428.0
4216,621.6,7395.643
4217,621.7,7366.0
4218,621.8,7342.0
4219,621.9,7325.0
4220,622.0,7316.664
4221,622.1,7317.0
4222,622.2,7325.0
4223,622.3,7338.0
4224,622.4,7354.0
4225,622.5,7369.358
4226,622.6,7380.0
4227,622.7,7382.0
4228,622.8,7372.0
4229,622.9,7347.0
4230,623.0,7304.289
4231,623.1,7242.0
4232,623.2,7159.0
4233,623.3,7056.0
4234,623.4,6933.796
4235,623.5,6795.0
4236,623.6,6643.0
4237,623.7,6482.0
4238,623.8,6316.0
4239,623.9,6150.203
4240,624.0,5989.0
4241,624.1,5837.0
4242,624.2,5700.0
4243,624.3,5580.774
4244,624.4,5482.0
4245,624.5,5406.0
4246,624.6,5353.0
4247,624.7,5323.0
4248,624.8,5314.635
4249,624.9,5325.0
4250,625.0,5351.0
4251,625.1,5389.0
4252,625.2,5432.208
4253,625.3,5476.0
4254,625.4,5516.0
4255,625.5,5546.0
4256,625.6,5561.0
4257,625.7,5557.156
4258,625.8,5530.0
4259,625.9,5476.0
4260,626.0,5395.0
4261,626.1,5284.194
4262,626.2,5144.0
4263,626.3,4976.0
4264,626.4,4782.0
4265,626.5,4564.0
4266,626.6,4324.818
4267,626.7,4069.0
4268,626.8,3801.0
4269,626.9,3524.0
4270,627.0,3243.227
4271,627.1,2963.0
4272,627.2,2687.0
4273,627.3,2418.0
4274,627.4,2159.0
4275,627.5,1913.947
4276,627.6,1684.0
4277,627.7,1470.0
4278,627.8,1274.0
4279,627.9,1096.0
4280,628.0,936.455
4281,628.1,794.8
4282,628.2,670.2
4283,628.3,562.0
4284,628.4,469.026
4285,628.5,390.0
4286,628.6,323.7
4287,628.7,269.0
4288,628.8,224.5
4289,628.9,188.882
4290,629.0,161.1
4291,629.1,140.1
4292,629.2,124.7
4293,629.3,114.165
4294,629.4,107.7
4295,629.5,104.5
4296,629.6,103.9
4297,629.7,105.3
4298,629.8,108.367
4299,629.9,112.6
4300,630.0,117.5
4301,630.1,122.8
4302,630.2,128.196
4303,630.3,133.4
4304,630.4,138.2
4305,630.5,142.5
4306,630.6,145.9
4307,630.7,148.461
4308,630.8,150.1
4309,630.9,150.7
4310,631.0,150.3
4311,631.1,148.879
4312,631.2,146.5
4313,631.3,143.3
4314,631.4,139.5
4315,631.5,135.1
4316,631.6,130.511
4317,631.7,126.0
4318,631.8,121.8
4319,631.9,118.3
4320,632.0,115.979
4321,632.1,115.4
4322,632.2,117.1
4323,632.3,121.6
4324,632.4,129.9
4325,632.5,142.782
4326,632.6,161.3
4327,632.7,186.6
4328,632.8,219.9
4329,632.9,262.8
4330,633.0,316.894
4331,633.1,384.0
4332,633.2,466.1
4333,633.3,565.5
4334,633.4,684.454
4335,633.5,825.6
4336,633.6,991.6
4337,633.7,1185.0
4338,633.8,1409.0
4339,633.9,1666.385
4340,634.0,1960.0
4341,634.1,2293.0
4342,634.2,2669.0
4343,634.3,3090.057
4344,634.4,3559.0
4345,634.5,4079.0
4346,634.6,4653.0
4347,634.7,5283.0
4348,634.8,5971.594
4349,634.9,6721.0
4350,635.0,7533.0
4351,635.1,8409.0
4352,635.2,9351.813
4353,635.3,10360.0
4354,635.4,11430.0
4355,635.5,12560.0
4356,635.6,13760.0
4357,635.7,15015.703
4358,635.8,16320.0
4359,635.9,17670.0
4360,636.0,19060.0
4361,636.1,20470.792
4362,636.2,21890.0
4363,636.3,23310.0
4364,636.4,24720.0
4365,636.5,26080.0
4366,636.6,27384.948
4367,636.7,28610.0
4368,636.8,29730.0
4369,636.9,30740.0
4370,637.0,31602.843
4371,637.1,32300.0
4372,637.2,32820.0
4373,637.3,33150.0
4374,637.4,33280.0
4375,637.5,33200.66
4376,637.6,32910.0
4377,637.7,32410.0
4378,637.8,31710.0
4379,637.9,30820.0
4380,638.0,29753.841
4381,638.1,28530.0
4382,638.2,27170.0
4383,638.3,25700.0
4384,638.4,24137.037
4385,638.5,22510.0
4386,638.6,20850.0
4387,638.7,19180.0
4388,638.8,17520.0
4389,638.9,15901.174
4390,639.0,14340.0
4391,639.1,12850.0
4392,639.2,11450.0
4393,639.3,10152.729
4394,639.4,8968.0
4395,639.5,7904.0
4396,639.6,6964.0
4397,639.7,6152.0
4398,639.8,5470.933
4399,639.9,4920.0
4400,640.0,4498.0
4401,640.1,4205.0
4402,640.2,4038.88
4403,640.3,3997.0
4404,640.4,4077.0
4405,640.5,4277.0
4406,640.6,4594.0
4407,640.7,5026.158
4408,640.8,5570.0
4409,640.9,6222.0
4410,641.0,6980.0
4411,641.1,7839.762
4412,641.2,8796.0
4413,641.3,9846.0
4414,641.4,10990.0
4415,641.5,12210.0
4416,641.6,13516.195
4417,641.7,14910.0
4418,641.8,16390.0
4419,641.9,17960.0
4420,642.0,19622.077
4421,642.1,21400.0
4422,642.2,23320.0
4423,642.3,25400.0
4424,642.4,27680.0
4425,642.5,30213.929
4426,642.6,33060.0
4427,642.7,36280.0
4428,642.8,39950.0
4429,642.9,44160.0
4430,643.0,49006.041
4431,643.1,54580.0
4432,643.2,60980.0
4433,643.3,68320.0
4434,643.4,76672.226
4435,643.5,86130.0
4436,643.6,96770.0
4437,643.7,108600.0
4438,643.8,121700.0
4439,643.9,136046.305
4440,644.0,151600.0
4441,644.1,168300.0
4442,644.2,186000.0
4443,644.3,204582.797
4444,644.4,223800.0
4445,644.5,243400.0
4446,644.6,263200.0
4447,644.7,282800.0
4448,644.8,301889.053
4449,644.9,320200.0
4450,645.0,337400.0
4451,645.1,353000.0
4452,645.2,366828.336
4453,645.3,378600.0
4454,645.4,388000.0
4455,645.5,394800.0
4456,645.6,398800.0
4457,645.7,400021.552
4458,645.8,398400.0
4459,645.9,393900.0
4460,646.0,386700.0
4461,646.1,376862.789
4462,646.2,364600.0
4463,646.3,350200.0
4464,646.4,334000.0
4465,646.5,316200.0
4466,646.6,297123.377
4467,646.7,277200.0
4468,646.8,256800.0
4469,646.9,236100.0
4470,647.0,215561.399
4471,647.1,195400.0
4472,647.2,175800.0
4473,647.3,157100.0
4474,647.4,139400.0
4475,647.5,122786.29
4476,647.6,107400.0
4477,647.7,93350.0
4478,647.8,80600.0
4479,647.9,69160.0
4480,648.0,59009.066
4481,648.1,50090.0
4482,648.2,42340.0
4483,648.3,35690.0
4484,648.4,30044.049
4485,648.5,25310.0
4486,648.6,21400.0
4487,648.7,18230.0
4488,648.8,15710.0
4489,648.9,13752.96
4490,649.0,12280.0
4491,649.1,11220.0
4492,649.2,10520.0
4493,649.3,10116.274
4494,649.4,9961.0
4495,649.5,10010.0
4496,649.6,10220.0
4497,649.7,10570.0
4498,649.8,11024.136
4499,649.9,11560.0
4500,650.0,12160.0
4501,650.1,12810.0
4502,650.2,13508.873
4503,650.3,14240.0
4504,650.4,14990.0
4505,650.5,15770.0
4506,650.6,16570.0
4507,650.7,17390.805
4508,650.8,18240.0
4509,650.9,19120.0
4510,651.0,20020.0
4511,651.1,20955.865
4512,651.2,21930.0
4513,651.3,22940.0
4514,651.4,23990.0
4515,651.5,25090.0
4516,651.6,26232.185
4517,651.7,27420.0
4518,651.8,28660.0
4519,651.9,29950.0
4520,652.0,31277.633
4521,652.1,32650.0
4522,652.2,34070.0
4523,652.3,35510.0
4524,652.4,36970.0
4525,652.5,38453.306
4526,652.6,39940.0
4527,652.7,41410.0
4528,652.8,42860.0
4529,652.9,44270.0
4530,653.0,45618.011
4531,653.1,46890.0
4532,653.2,48070.0
4533,653.3,49130.0
4534,653.4,50051.351
4535,653.5,50820.0
4536,653.6,51420.0
4537,653.7,51830.0
4538,653.8,52040.0
4539,653.9,52043.03
4540,654.0,51840.0
4541,654.1,51430.0
4542,654.2,50810.0
4543,654.3,50017.183
4544,654.4,49060.0
4545,654.5,47950.0
4546,654.6,46740.0
4547,654.7,45450.0
4548,654.8,44117.626
4549,654.9,42790.0
4550,655.0,41510.0
4551,655.1,40310.0
4552,655.2,39243.111
4553,655.3,38340.0
4554,655.4,37630.0
4555,655.5,37160.0
4556,655.6,36950.0
4557,655.7,37006.315
4558,655.8,37340.0
4559,655.9,37960.0
4560,656.0,38860.0
4561,656.1,40025.809
4562,656.2,41430.0
4563,656.3,43040.0
4564,656.4,44820.0
4565,656.5,46740.0
4566,656.6,48741.614
4567,656.7,50780.0
4568,656.8,52810.0
4569,656.9,54770.0
4570,657.0,56621.123
4571,657.1,58320.0
4572,657.2,59820.0
4573,657.3,61080.0
4574,657.4,62080.0
4575,657.5,62797.416
4576,657.6,63220.0
4577,657.7,63340.0
4578,657.8,63160.0
4579,657.9,62700.0
4580,658.0,61967.025
4581,658.1,60990.0
4582,658.2,59800.0
4583,658.3,58420.0
4584,658.4,56905.808
4585,658.5,55290.0
4586,658.6,53600.0
4587,658.7,51880.0
4588,658.8,50180.0
4589,658.9,48522.731
4590,659.0,46930.0
4591,659.1,45430.0
4592,659.2,44060.0
4593,659.3,42826.858
4594,659.4,41740.0
4595,659.5,40810.0
4596,659.6,40040.0
4597,659.7,39430.0
4598,659.8,38974.649
4599,659.9,38670.0
4600,660.0,38510.0
4601,660.1,38480.0
4602,660.2,38571.441
4603,660.3,38770.0
4604,660.4,39060.0
4605,660.5,39430.0
4606,660.6,39870.0
4607,660.7,40359.565
4608,660.8,40890.0
4609,660.9,41450.0
4610,661.0,42010.0
4611,661.1,42561.576
4612,661.2,43090.0
4613,661.3,43580.0
4614,661.4,44020.0
4615,661.5,44380.0
4616,661.6,44659.973
4617,661.7,44840.0
4618,661.8,44900.0
4619,661.9,44840.0
4620,662.0,44633.919
4621,662.1,44280.0
4622,662.2,43780.0
4623,662.3,43120.0
4624,662.4,42300.0
4625,662.5,41320.539
4626,662.6,40190.0
4627,662.7,38920.0
4628,662.8,37520.0
4629,662.9,35990.0
4630,663.0,34363.927
4631,663.1,32660.0
4632,663.2,30890.0
4633,663.3,29070.0
4634,663.4,27225.942
4635,663.5,25380.0
4636,663.6,23550.0
4637,663.7,21750.0
4638,663.8,20010.0
4639,663.9,18332.85
4640,664.0,16730.0
4641,664.1,15220.0
4642,664.2,13820.0
4643,664.3,12514.537
4644,664.4,11320.0
4645,664.5,10250.0
4646,664.6,9279.0
4647,664.7,8420.0
4648,664.8,7666.915
4649,664.9,7013.0
4650,665.0,6453.0
4651,665.1,5979.0
4652,665.2,5582.189
4653,665.3,5255.0
4654,665.4,4990.0
4655,665.5,4779.0
4656,665.6,4614.0
4657,665.7,4487.605
4658,665.8,4394.0
4659,665.9,4328.0
4660,666.0,4285.0
4661,666.1,4259.989
4662,666.2,4251.0
4663,666.3,4256.0
4664,666.4,4271.0
4665,666.5,4297.0
4666,666.6,4332.965
4667,666.7,4378.0
4668,666.8,4432.0
4669,666.9,4496.0
4670,667.0,4568.644
4671,667.1,4650.0
4672,667.2,4740.0
4673,667.3,4837.0
4674,667.4,4942.0
4675,667.5,5051.382
4676,667.6,5164.0
4677,667.7,5279.0
4678,667.8,5393.0
4679,667.9,5504.0
4680,668.0,5610.252
4681,668.1,5708.0
4682,668.2,5794.0
4683,668.3,5868.0
4684,668.4,5926.79
4685,668.5,5968.0
4686,668.6,5990.0
4687,668.7,5992.0
4688,668.8,5973.0
4689,668.9,5932.317
4690,669.0,5869.0
4691,669.1,5783.0
4692,669.2,5677.0
4693,669.3,5550.302
4694,669.4,5404.0
4695,669.5,5240.0
4696,669.6,5060.0
4697,669.7,4865.0
4698,669.8,4658.138
4699,669.9,4441.0
4700,670.0,4215.0
4701,670.1,3983.0
4702,670.2,3747.268
4703,670.3,3509.0
4704,670.4,3270.0
4705,670.5,3034.0
4706,670.6,2801.0
4707,670.7,2573.341
4708,670.8,2353.0
4709,670.9,2141.0
4710,671.0,1937.0
4711,671.1,1743.668
4712,671.2,1562.0
4713,671.3,1392.0
4714,671.4,1233.0
4715,671.5,1086.0
4716,671.6,951.409
4717,671.7,828.9
4718,671.8,718.0
4719,671.9,618.2
4720,672.0,529.189
4721,672.1,450.3
4722,672.2,380.8
4723,672.3,320.1
4724,672.4,267.5
4725,672.5,222.136
4726,672.6,183.3
4727,672.7,150.3
4728,672.8,122.4
4729,672.9,99.13
4730,673.0,79.761
4731,673.1,63.75
4732,673.2,50.63
4733,673.3,39.95
4734,673.4,31.314
4735,673.5,24.39
4736,673.6,18.87
4737,673.7,14.5
4738,673.8,11.08
4739,673.9,8.404
4740,674.0,6.331
4741,674.1,4.739
4742,674.2,3.524
4743,674.3,2.602
4744,674.4,1.91
4745,674.5,1.392
4746,674.6,1.008
4747,674.7,0.725
4748,674.8,0.518
4749,674.9,0.368
4750,675.0,0.259
4751,675.1,0.181
4752,675.2,0.126
4753,675.3,0.087
4754,675.4,0.06
4755,675.5,0.041
4756,675.6,0.028
4757,675.7,0.019
4758,675.8,0.012
4759,675.9,0.008
4760,676.0,0.005
4761,676.1,0.004
4762,676.2,0.002
4763,676.3,0.001
4764,676.4,0.001
4765,676.5,0.001
4766,676.6,0.0
4767,676.7,0.0
4768,676.8,0.0
4769,676.9,0.0
4770,677.0,0.0
4771,677.1,0.0
4772,677.2,0.0
4773,677.3,0.0
4774,677.4,0.0
4775,677.5,0.0
4776,677.6,0.0
4777,677.7,0.0
4778,677.8,0.0
4779,677.9,0.0
4780,678.0,0.0
4781,678.1,0.0
4782,678.2,0.0
4783,678.3,0.0
4784,678.4,0.0
4785,678.5,0.0
4786,678.6,0.0
4787,678.7,0.0
4788,678.8,0.0
4789,678.9,0.0
4790,679.0,0.0
4791,679.1,0.0
4792,679.2,0.0
4793,679.3,0.0
4794,679.4,0.0
4795,679.5,0.0
4796,679.6,0.0
4797,679.7,0.0
4798,679.8,0.0
4799,679.9,0.0
4800,680.0,0.0
4801,680.1,0.0
4802,680.2,0.0
4803,680.3,0.0
4804,680.4,0.0
4805,680.5,0.0
4806,680.6,0.0
4807,680.7,0.0
4808,680.8,0.0
4809,680.9,0.0
4810,681.0,0.0
4811,681.1,0.0
4812,681.2,0.0
4813,681.3,0.0
4814,681.4,0.0
4815,681.5,0.0
4816,681.6,0.0
4817,681.7,0.0
4818,681.8,0.0
4819,681.9,0.0
4820,682.0,0.0
4821,682.1,0.0
4822,682.2,0.0
4823,682.3,0.0
4824,682.4,0.0
4825,682.5,0.0
4826,682.6,0.0
4827,682.7,0.0
4828,682.8,0.0
4829,682.9,0.0
4830,683.0,0.0
4831,683.1,0.0
4832,683.2,0.001
4833,683.3,0.001
4834,683.4,0.002
4835,683.5,0.003
4836,683.6,0.004
4837,683.7,0.007
4838,683.8,0.011
4839,683.9,0.018
4840,684.0,0.029
4841,684.1,0.046
4842,684.2,0.072
4843,684.3,0.112
4844,684.4,0.175
4845,684.5,0.271
4846,684.6,0.416
4847,684.7,0.635
4848,684.8,0.963
4849,684.9,1.454
4850,685.0,2.178
4851,685.1,3.242
4852,685.2,4.791
4853,685.3,7.048
4854,685.4,10.29
4855,685.5,14.94
4856,685.6,21.54
4857,685.7,30.839
4858,685.8,43.94
4859,685.9,62.16
4860,686.0,87.38
4861,686.1,121.995
4862,686.2,169.4
4863,686.3,233.6
4864,686.4,320.2
4865,686.5,436.0
4866,686.6,589.846
4867,686.7,793.1
4868,686.8,1059.0
4869,686.9,1406.0
4870,687.0,1854.868
4871,687.1,2432.0
4872,687.2,3167.0
4873,687.3,4098.0
4874,687.4,5270.0
4875,687.5,6731.546
4876,687.6,8549.0
4877,687.7,10790.0
4878,687.8,13520.0
4879,687.9,16840.0
4880,688.0,20844.162
4881,688.1,25640.0
4882,688.2,31340.0
4883,688.3,38060.0
4884,688.4,45926.462
4885,688.5,55070.0
4886,688.6,65620.0
4887,688.7,77700.0
4888,688.8,91430.0
4889,688.9,106906.387
4890,689.0,124200.0
4891,689.1,143400.0
4892,689.2,164600.0
4893,689.3,187640.57
4894,689.4,212600.0
4895,689.5,239500.0
4896,689.6,268000.0
4897,689.7,298200.0
4898,689.8,329733.702
4899,689.9,362400.0
4900,690.0,396000.0
4901,690.1,430100.0
4902,690.2,464530.172
4903,690.3,498900.0
4904,690.4,532800.0
4905,690.5,566000.0
4906,690.6,598100.0
4907,690.7,628864.627
4908,690.8,658100.0
4909,690.9,685600.0
4910,691.0,711200.0
4911,691.1,734985.027
4912,691.2,757000.0
4913,691.3,777300.0
4914,691.4,796100.0
4915,691.5,813700.0
4916,691.6,830457.926
4917,691.7,846700.0
4918,691.8,862800.0
4919,691.9,879300.0
4920,692.0,896558.685
4921,692.1,915000.0
4922,692.2,935000.0
4923,692.3,956700.0
4924,692.4,980400.0
4925,692.5,1006087.19
4926,692.6,1034000.0
4927,692.7,1064000.0
4928,692.8,1095000.0
4929,692.9,1128000.0
4930,693.0,1161005.487
4931,693.1,1194000.0
4932,693.2,1227000.0
4933,693.3,1258000.0
4934,693.4,1287501.508
4935,693.5,1314000.0
4936,693.6,1336000.0
4937,693.7,1354000.0
4938,693.8,1366000.0
4939,693.9,1372378.178
4940,694.0,1373000.0
4941,694.1,1367000.0
4942,694.2,1353000.0
4943,694.3,1332533.163
4944,694.4,1306000.0
4945,694.5,1273000.0
4946,694.6,1233000.0
4947,694.7,1188000.0
4948,694.8,1137224.53
4949,694.9,1082000.0
4950,695.0,1024000.0
4951,695.1,963300.0
4952,695.2,900541.487
4953,695.3,836600.0
4954,695.4,772400.0
4955,695.5,708900.0
4956,695.6,646500.0
4957,695.7,585893.892
4958,695.8,527700.0
4959,695.9,472400.0
4960,696.0,420200.0
4961,696.1,371427.524
4962,696.2,326300.0
4963,696.3,284900.0
4964,696.4,247100.0
4965,696.5,213100.0
4966,696.6,182549.747
4967,696.7,155400.0
4968,696.8,131600.0
4969,696.9,110700.0
4970,697.0,92545.811
4971,697.1,76930.0
4972,697.2,63600.0
4973,697.3,52300.0
4974,697.4,42800.0
4975,697.5,34878.507
4976,697.6,28330.0
4977,697.7,22960.0
4978,697.8,18600.0
4979,697.9,15090.0
4980,698.0,12299.785
4981,698.1,10110.0
4982,698.2,8410.0
4983,698.3,7118.0
4984,698.4,6154.161
4985,698.5,5456.0
4986,698.6,4968.0
4987,698.7,4644.0
4988,698.8,4447.0
4989,698.9,4346.083
4990,699.0,4316.0
4991,699.1,4334.0
4992,699.2,4383.0
4993,699.3,4449.705
4994,699.4,4523.0
4995,699.5,4593.0
4996,699.6,4653.0
4997,699.7,4697.0
4998,699.8,4720.36
4999,699.9,4721.0
5000,700.0,4697.0
5001,700.1,4646.0
5002,700.2,4569.745
5003,700.3,4469.0
5004,700.4,4344.0
5005,700.5,4196.0
5006,700.6,4029.0
5007,700.7,3845.056
5008,700.8,3647.0
5009,700.9,3438.0
5010,701.0,3221.0
5011,701.1,2998.955
5012,701.2,2775.0
5013,701.3,2552.0
5014,701.4,2332.0
5015,701.5,2118.0
5016,701.6,1911.775
5017,701.7,1715.0
5018,701.8,1529.0
5019,701.9,1354.0
5020,702.0,1191.814
5021,702.1,1043.0
5022,702.2,907.4
5023,702.3,784.2
5024,702.4,673.5
5025,702.5,574.913
5026,702.6,487.7
5027,702.7,411.1
5028,702.8,344.4
5029,702.9,286.8
5030,703.0,237.282
5031,703.1,195.1
5032,703.2,159.5
5033,703.3,129.5
5034,703.4,104.518
5035,703.5,83.87
5036,703.6,66.86
5037,703.7,52.97
5038,703.8,41.71
5039,703.9,32.636
5040,704.0,25.38
5041,704.1,19.61
5042,704.2,15.06
5043,704.3,11.494
5044,704.4,8.722
5045,704.5,6.576
5046,704.6,4.926
5047,704.7,3.668
5048,704.8,2.713
5049,704.9,1.996
5050,705.0,1.459
5051,705.1,1.059
5052,705.2,0.764
5053,705.3,0.549
5054,705.4,0.391
5055,705.5,0.277
5056,705.6,0.195
5057,705.7,0.136
5058,705.8,0.095
5059,705.9,0.066
5060,706.0,0.045
5061,706.1,0.031
5062,706.2,0.021
5063,706.3,0.014
5064,706.4,0.009
5065,706.5,0.006
5066,706.6,0.004
5067,706.7,0.003
5068,706.8,0.002
5069,706.9,0.001
5070,707.0,0.001
5071,707.1,0.0
5072,707.2,0.0
5073,707.3,0.0
5074,707.4,0.0
5075,707.5,0.0
5076,707.6,0.0
5077,707.7,0.0
5078,707.8,0.0
5079,707.9,0.0
5080,708.0,0.0
5081,708.1,0.0
5082,708.2,0.0
5083,708.3,0.0
5084,708.4,0.0
5085,708.5,0.0
5086,708.6,0.0
5087,708.7,0.0
5088,708.8,0.0
5089,708.9,0.0
5090,709.0,0.0
5091,709.1,0.0
5092,709.2,0.0
5093,709.3,0.0
5094,709.4,0.0
5095,709.5,0.0
5096,709.6,0.0
5097,709.7,0.0
5098,709.8,0.0
5099,709.9,0.0
5100,710.0,0.0
5101,710.1,0.0
5102,710.2,0.0
5103,710.3,0.0
5104,710.4,0.0
5105,710.5,0.0
5106,710.6,0.0
5107,710.7,0.0
5108,710.8,0.0
5109,710.9,0.0
5110,711.0,0.0
5111,711.1,0.0
5112,711.2,0.0
5113,711.3,0.0
5114,711.4,0.0
5115,711.5,0.0
5116,711.6,0.0
5117,711.7,0.0
5118,711.8,0.0
5119,711.9,0.0
5120,712.0,0.0
5121,712.1,0.0
5122,712.2,0.0
5123,712.3,0.0
5124,712.4,0.0
5125,712.5,0.0
5126,712.6,0.0
5127,712.7,0.0
5128,712.8,0.0
5129,712.9,0.0
5130,713.0,0.0
5131,713.1,0.0
5132,713.2,0.0
5133,713.3,0.0
5134,713.4,0.0
5135,713.5,0.0
5136,713.6,0.0
5137,713.7,0.0
5138,713.8,0.0
5139,713.9,0.0
5140,714.0,0.0
5141,714.1,0.0
5142,714.2,0.0
5143,714.3,0.0
5144,714.4,0.0
5145,714.5,0.0
5146,714.6,0.0
5147,714.7,0.0
5148,714.8,0.0
5149,714.9,0.0
5150,715.0,0.0
5151,715.1,0.0
5152,715.2,0.0
5153,715.3,0.0
5154,715.4,0.0
5155,715.5,0.0
5156,715.6,0.0
5157,715.7,0.0
5158,715.8,0.0
5159,715.9,0.0
5160,716.0,0.0
5161,716.1,0.0
5162,716.2,0.0
5163,716.3,0.0
5164,716.4,0.0
5165,716.5,0.0
5166,716.6,0.0
5167,716.7,0.0
5168,716.8,0.0
5169,716.9,0.0
5170,717.0,0.0
5171,717.1,0.0
5172,717.2,0.0
5173,717.3,0.0
5174,717.4,0.0
5175,717.5,0.0
5176,717.6,0.0
5177,717.7,0.0
5178,717.8,0.0
5179,717.9,0.0
5180,718.0,0.0
5181,718.1,0.0
5182,718.2,0.0
5183,718.3,0.0
5184,718.4,0.0
5185,718.5,0.0
5186,718.6,0.0
5187,718.7,0.0
5188,718.8,0.0
5189,718.9,0.0
5190,719.0,0.0
5191,719.1,0.0
5192,719.2,0.0
5193,719.3,0.0
5194,719.4,0.0
5195,719.5,0.0
5196,719.6,0.0
5197,719.7,0.0
5198,719.8,0.0
5199,719.9,0.0
5200,720.0,0.0
5201,720.1,0.0
5202,720.2,0.0
5203,720.3,0.0
5204,720.4,0.0
5205,720.5,0.0
5206,720.6,0.0
5207,720.7,0.0
5208,720.8,0.0
5209,720.9,0.0
5210,721.0,0.0
5211,721.1,0.0
5212,721.2,0.0
5213,721.3,0.0
5214,721.4,0.0
5215,721.5,0.0
5216,721.6,0.0
5217,721.7,0.0
5218,721.8,0.0
5219,721.9,0.0
5220,722.0,0.0
5221,722.1,0.0
5222,722.2,0.0
5223,722.3,0.0
5224,722.4,0.0
5225,722.5,0.0
5226,722.6,0.0
5227,722.7,0.0
5228,722.8,0.0
5229,722.9,0.0
5230,723.0,0.0
5231,723.1,0.0
5232,723.2,0.0
5233,723.3,0.0
5234,723.4,0.0
5235,723.5,0.0
5236,723.6,0.0
5237,723.7,0.0
5238,723.8,0.0
5239,723.9,0.0
5240,724.0,0.0
5241,724.1,0.0
5242,724.2,0.0
5243,724.3,0.0
5244,724.4,0.0
5245,724.5,0.0
5246,724.6,0.0
5247,724.7,0.0
5248,724.8,0.0
5249,724.9,0.0
5250,725.0,0.0
5251,725.1,0.0
5252,725.2,0.0
5253,725.3,0.0
5254,725.4,0.0
5255,725.5,0.0
5256,725.6,0.0
5257,725.7,0.0
5258,725.8,0.0
5259,725.9,0.0
5260,726.0,0.0
5261,726.1,0.0
5262,726.2,0.0
5263,726.3,0.0
5264,726.4,0.0
5265,726.5,0.0
5266,726.6,0.0
5267,726.7,0.0
5268,726.8,0.0
5269,726.9,0.0
5270,727.0,0.0
5271,727.1,0.0
5272,727.2,0.0
5273,727.3,0.0
5274,727.4,0.0
5275,727.5,0.0
5276,727.6,0.0
5277,727.7,0.0
5278,727.8,0.0
5279,727.9,0.0
5280,728.0,0.0
5281,728.1,0.0
5282,728.2,0.0
5283,728.3,0.0
5284,728.4,0.0
5285,728.5,0.0
5286,728.6,0.0
5287,728.7,0.0
5288,728.8,0.0
5289,728.9,0.0
5290,729.0,0.0
5291,729.1,0.0
5292,729.2,0.0
5293,729.3,0.0
5294,729.4,0.0
5295,729.5,0.0
5296,729.6,0.0
5297,729.7,0.0
5298,729.8,0.0
5299,729.9,0.0
5300,730.0,0.0
5301,730.1,0.0
5302,730.2,0.0
5303,730.3,0.0
5304,730.4,0.0
5305,730.5,0.0
5306,730.6,0.0
5307,730.7,0.0
5308,730.8,0.0
5309,730.9,0.0
5310,731.0,0.0
5311,731.1,0.0
5312,731.2,0.0
5313,731.3,0.0
5314,731.4,0.0
5315,731.5,0.0
5316,731.6,0.0
5317,731.7,0.0
5318,731.8,0.0
5319,731.9,0.0
5320,732.0,0.0
5321,732.1,0.0
5322,732.2,0.0
5323,732.3,0.0
5324,732.4,0.0
5325,732.5,0.0
5326,732.6,0.0
5327,732.7,0.0
5328,732.8,0.0
5329,732.9,0.0
5330,733.0,0.0
5331,733.1,0.0
5332,733.2,0.0
5333,733.3,0.0
5334,733.4,0.0
5335,733.5,0.0
5336,733.6,0.0
5337,733.7,0.0
5338,733.8,0.0
5339,733.9,0.0
5340,734.0,0.0
5341,734.1,0.0
5342,734.2,0.0
5343,734.3,0.0
5344,734.4,0.0
5345,734.5,0.0
5346,734.6,0.0
5347,734.7,0.0
5348,734.8,0.0
5349,734.9,0.0
5350,735.0,0.0
5351,735.1,0.0
5352,735.2,0.0
5353,735.3,0.0
5354,735.4,0.0
5355,735.5,0.0
5356,735.6,0.0
5357,735.7,0.0
5358,735.8,0.0
5359,735.9,0.0
5360,736.0,0.0
5361,736.1,0.0
5362,736.2,0.0
5363,736.3,0.0
5364,736.4,0.0
5365,736.5,0.001
5366,736.6,0.001
5367,736.7,0.002
5368,736.8,0.002
5369,736.9,0.003
5370,737.0,0.005
5371,737.1,0.008
5372,737.2,0.011
5373,737.3,0.016
5374,737.4,0.023
5375,737.5,0.034
5376,737.6,0.048
5377,737.7,0.069
5378,737.8,0.098
5379,737.9,0.138
5380,738.0,0.193
5381,738.1,0.269
5382,738.2,0.373
5383,738.3,0.515
5384,738.4,0.706
5385,738.5,0.963
5386,738.6,1.306
5387,738.7,1.762
5388,738.8,2.364
5389,738.9,3.153
5390,739.0,4.185
5391,739.1,5.524
5392,739.2,7.25
5393,739.3,9.458
5394,739.4,12.28
5395,739.5,15.86
5396,739.6,20.36
5397,739.7,26.0
5398,739.8,33.016
5399,739.9,41.7
5400,740.0,52.38
5401,740.1,65.44
5402,740.2,81.267
5403,740.3,100.4
5404,740.4,123.4
5405,740.5,150.8
5406,740.6,183.3
5407,740.7,221.533
5408,740.8,266.3
5409,740.9,318.4
5410,741.0,378.5
5411,741.1,447.536
5412,741.2,526.3
5413,741.3,615.5
5414,741.4,715.8
5415,741.5,828.0
5416,741.6,952.697
5417,741.7,1090.0
5418,741.8,1240.0
5419,741.9,1403.0
5420,742.0,1578.763
5421,742.1,1767.0
5422,742.2,1967.0
5423,742.3,2177.0
5424,742.4,2397.0
5425,742.5,2624.671
5426,742.6,2858.0
5427,742.7,3095.0
5428,742.8,3333.0
5429,742.9,3570.0
5430,743.0,3802.506
5431,743.1,4028.0
5432,743.2,4244.0
5433,743.3,4447.0
5434,743.4,4634.387
5435,743.5,4803.0
5436,743.6,4950.0
5437,743.7,5074.0
5438,743.8,5172.0
5439,743.9,5243.264
5440,744.0,5287.0
5441,744.1,5302.0
5442,744.2,5287.0
5443,744.3,5243.264
5444,744.4,5172.0
5445,744.5,5074.0
5446,744.6,4950.0
5447,744.7,4803.0
5448,744.8,4634.387
5449,744.9,4447.0
5450,745.0,4244.0
5451,745.1,4028.0
5452,745.2,3802.506
5453,745.3,3570.0
5454,745.4,3333.0
5455,745.5,3095.0
5456,745.6,2858.0
5457,745.7,2624.664
5458,745.8,2397.0
5459,745.9,2177.0
5460,746.0,1967.0
5461,746.1,1767.367
5462,746.2,1579.0
5463,746.3,1403.0
5464,746.4,1240.0
5465,746.5,1090.0
5466,746.6,952.694
5467,746.7,828.0
5468,746.8,715.8
5469,746.9,615.5
5470,747.0,526.283
5471,747.1,447.5
5472,747.2,378.5
5473,747.3,318.4
5474,747.4,266.3
5475,747.5,221.533
5476,747.6,183.3
5477,747.7,150.8
5478,747.8,123.4
5479,747.9,100.4
5480,748.0,81.267
5481,748.1,65.44
5482,748.2,52.38
5483,748.3,41.7
5484,748.4,33.016
5485,748.5,26.0
5486,748.6,20.36
5487,748.7,15.86
5488,748.8,12.28
5489,748.9,9.458
5490,749.0,7.25
5491,749.1,5.524
5492,749.2,4.185
5493,749.3,3.153
5494,749.4,2.364
5495,749.5,1.762
5496,749.6,1.306
5497,749.7,0.963
5498,749.8,0.706
5499,749.9,0.515
5500,750.0,0.373
5501,750.1,0.269
5502,750.2,0.193
5503,750.3,0.138
5504,750.4,0.098
5505,750.5,0.069
5506,750.6,0.048
5507,750.7,0.034
5508,750.8,0.023
5509,750.9,0.016
5510,751.0,0.011
5511,751.1,0.008
5512,751.2,0.005
5513,751.3,0.003
5514,751.4,0.002
5515,751.5,0.002
5516,751.6,0.001
5517,751.7,0.001
5518,751.8,0.0
5519,751.9,0.0
5520,752.0,0.0
5521,752.1,0.0
5522,752.2,0.0
5523,752.3,0.0
5524,752.4,0.0
5525,752.5,0.0
5526,752.6,0.0
5527,752.7,0.0
5528,752.8,0.0
5529,752.9,0.0
5530,753.0,0.0
5531,753.1,0.0
5532,753.2,0.0
5533,753.3,0.0
5534,753.4,0.0
5535,753.5,0.0
5536,753.6,0.0
5537,753.7,0.0
5538,753.8,0.0
5539,753.9,0.0
5540,754.0,0.0
5541,754.1,0.0
5542,754.2,0.0
5543,754.3,0.0
5544,754.4,0.0
5545,754.5,0.0
5546,754.6,0.0
5547,754.7,0.0
5548,754.8,0.0
5549,754.9,0.0
5550,755.0,0.0
5551,755.1,0.0
5552,755.2,0.0
5553,755.3,0.0
5554,755.4,0.0
5555,755.5,0.0
5556,755.6,0.0
5557,755.7,0.0
5558,755.8,0.0
5559,755.9,0.0
5560,756.0,0.0
5561,756.1,0.0
5562,756.2,0.0
5563,756.3,0.0
5564,756.4,0.0
5565,756.5,0.0
5566,756.6,0.0
5567,756.7,0.001
5568,756.8,0.001
5569,756.9,0.002
5570,757.0,0.003
5571,757.1,0.004
5572,757.2,0.007
5573,757.3,0.012
5574,757.4,0.019
5575,757.5,0.03
5576,757.6,0.048
5577,757.7,0.077
5578,757.8,0.123
5579,757.9,0.194
5580,758.0,0.305
5581,758.1,0.478
5582,758.2,0.744
5583,758.3,1.152
5584,758.4,1.771
5585,758.5,2.72
5586,758.6,4.146
5587,758.7,6.289
5588,758.8,9.49
5589,758.9,14.222
5590,759.0,21.27
5591,759.1,31.61
5592,759.2,46.72
5593,759.3,68.632
5594,759.4,100.5
5595,759.5,146.2
5596,759.6,211.7
5597,759.7,304.9
5598,759.8,436.577
5599,759.9,622.8
5600,760.0,883.1
5601,760.1,1246.0
5602,760.2,1747.256
5603,760.3,2441.0
5604,760.4,3391.0
5605,760.5,4686.0
5606,760.6,6442.0
5607,760.7,8807.374
5608,760.8,11990.0
5609,760.9,16230.0
5610,761.0,21850.0
5611,761.1,29260.961
5612,761.2,39010.0
5613,761.3,51720.0
5614,761.4,68220.0
5615,761.5,89510.0
5616,761.6,116775.505
5617,761.7,151700.0
5618,761.8,196100.0
5619,761.9,252000.0
5620,762.0,322177.838
5621,762.1,409900.0
5622,762.2,518700.0
5623,762.3,653000.0
5624,762.4,817900.0
5625,762.5,1018803.328
5626,762.6,1263000.0
5627,762.7,1558000.0
5628,762.8,1911000.0
5629,762.9,2332000.0
5630,763.0,2831705.242
5631,763.1,3421000.0
5632,763.2,4111000.0
5633,763.3,4914000.0
5634,763.4,5844105.445
5635,763.5,6915000.0
5636,763.6,8140000.0
5637,763.7,9531000.0
5638,763.8,11099999.999
5639,763.9,12867834.099
5640,764.0,14839999.999
5641,764.1,17019999.999
5642,764.2,19419999.999
5643,764.3,22045653.669
5644,764.4,24899999.999
5645,764.5,27979999.999
5646,764.6,31269999.999
5647,764.7,34779999.999
5648,764.8,38480969.156
5649,764.9,42349999.999
5650,765.0,46369999.999
5651,765.1,50519999.999
5652,765.2,54755245.286
5653,765.3,59039999.999
5654,765.4,63339999.999
5655,765.5,67609999.999
5656,765.6,71799999.999
5657,765.7,75861962.832
5658,765.8,79749999.999
5659,765.9,83419999.999
5660,766.0,86829999.999
5661,766.1,89929633.032
5662,766.2,92679999.999
5663,766.3,95049999.999
5664,766.4,97019999.999
5665,766.5,98560000.0
5666,766.6,99655830.2
5667,766.7,100300000.0
5668,766.8,100500000.0
5669,766.9,100300000.0
5670,767.0,99685041.535
5671,767.1,98670000.0
5672,767.2,97290000.0
5673,767.3,95600000.001
5674,767.4,93630000.001
5675,767.5,91427156.863
5676,767.6,89050000.001
5677,767.7,86550000.001
5678,767.8,83960000.001
5679,767.9,81350000.001
5680,768.0,78756919.112
5681,768.1,76220000.001
5682,768.2,73780000.001
5683,768.3,71470000.001
5684,768.4,69320623.906
5685,768.5,67340000.001
5686,768.6,65540000.001
5687,768.7,63950000.0
5688,768.8,62540000.0
5689,768.9,61316601.728
5690,769.0,60270000.0
5691,769.1,59380000.0
5692,769.2,58620000.0
5693,769.3,57967211.456
5694,769.4,57390000.0
5695,769.5,56860000.0
5696,769.6,56360000.0
5697,769.7,55840000.0
5698,769.8,55284093.472
5699,769.9,54670000.0
5700,770.0,53970000.0
5701,770.1,53160000.0
5702,770.2,52235226.964
5703,770.3,51180000.0
5704,770.4,49980000.0
5705,770.5,48640000.0
5706,770.6,47160000.001
5707,770.7,45547424.433
5708,770.8,43810000.001
5709,770.9,41960000.001
5710,771.0,40020000.001
5711,771.1,37986836.431
5712,771.2,35890000.001
5713,771.3,33760000.001
5714,771.4,31600000.001
5715,771.5,29440000.001
5716,771.6,27288254.402
5717,771.7,25170000.001
5718,771.8,23110000.001
5719,771.9,21110000.001
5720,772.0,19185818.087
5721,772.1,17350000.001
5722,772.2,15610000.001
5723,772.3,13970000.001
5724,772.4,12450000.0
5725,772.5,11033822.893
5726,772.6,9725000.0
5727,772.7,8531000.0
5728,772.8,7445000.0
5729,772.9,6465000.0
5730,773.0,5584963.228
5731,773.1,4800000.0
5732,773.2,4105000.0
5733,773.3,3492000.0
5734,773.4,2955642.952
5735,773.5,2489000.0
5736,773.6,2085000.0
5737,773.7,1738000.0
5738,773.8,1441000.0
5739,773.9,1188796.82
5740,774.0,975900.0
5741,774.1,796900.0
5742,774.2,647500.0
5743,774.3,523312.805
5744,774.4,420800.0
5745,774.5,336700.0
5746,774.6,268000.0
5747,774.7,212300.0
5748,774.8,167324.998
5749,774.9,131200.0
5750,775.0,102300.0
5751,775.1,79470.0
5752,775.2,61432.557
5753,775.3,47280.0
5754,775.4,36250.0
5755,775.5,27710.0
5756,775.6,21130.0
5757,775.7,16095.557
5758,775.8,12290.0
5759,775.9,9431.0
5760,776.0,7303.0
5761,776.1,5739.891
5762,776.2,4617.0
5763,776.3,3826.0
5764,776.4,3290.0
5765,776.5,2947.0
5766,776.6,2750.125
5767,776.7,2665.0
5768,776.8,2662.0
5769,776.9,2721.0
5770,777.0,2825.542
5771,777.1,2963.0
5772,777.2,3123.0
5773,777.3,3299.0
5774,777.4,3482.0
5775,777.5,3668.734
5776,777.6,3855.0
5777,777.7,4036.0
5778,777.8,4208.0
5779,777.9,4369.0
5780,778.0,4515.927
5781,778.1,4647.0
5782,778.2,4761.0
5783,778.3,4857.0
5784,778.4,4933.962
5785,778.5,4992.0
5786,778.6,5032.0
5787,778.7,5056.0
5788,778.8,5065.0
5789,778.9,5063.228
5790,779.0,5054.0
5791,779.1,5041.0
5792,779.2,5031.0
5793,779.3,5030.584
5794,779.4,5048.0
5795,779.5,5092.0
5796,779.6,5172.0
5797,779.7,5300.0
5798,779.8,5488.375
5799,779.9,5751.0
5800,780.0,6103.0
5801,780.1,6562.0
5802,780.2,7144.051
5803,780.3,7868.0
5804,780.4,8754.0
5805,780.5,9824.0
5806,780.6,11100.0
5807,780.7,12601.052
5808,780.8,14350.0
5809,780.9,16370.0
5810,781.0,18680.0
5811,781.1,21296.698
5812,781.2,24240.0
5813,781.3,27530.0
5814,781.4,31180.0
5815,781.5,35190.0
5816,781.6,39565.375
5817,781.7,44310.0
5818,781.8,49420.0
5819,781.9,54870.0
5820,782.0,60645.451
5821,782.1,66720.0
5822,782.2,73060.0
5823,782.3,79620.0
5824,782.4,86350.0
5825,782.5,93193.852
5826,782.6,100100.0
5827,782.7,107000.0
5828,782.8,113800.0
5829,782.9,120500.0
5830,783.0,126894.786
5831,783.1,133000.0
5832,783.2,138800.0
5833,783.3,144000.0
5834,783.4,148716.484
5835,783.5,152900.0
5836,783.6,156400.0
5837,783.7,159100.0
5838,783.8,161200.0
5839,783.9,162485.092
5840,784.0,162900.0
5841,784.1,162500.0
5842,784.2,161400.0
5843,784.3,159519.522
5844,784.4,156900.0
5845,784.5,153600.0
5846,784.6,149600.0
5847,784.7,145000.0
5848,784.8,139860.275
5849,784.9,134300.0
5850,785.0,128400.0
5851,785.1,122100.0
5852,785.2,115610.304
5853,785.3,109000.0
5854,785.4,102300.0
5855,785.5,95600.0
5856,785.6,88930.0
5857,785.7,82385.766
5858,785.8,76020.0
5859,785.9,69870.0
5860,786.0,63980.0
5861,786.1,58385.431
5862,786.2,53110.0
5863,786.3,48170.0
5864,786.4,43570.0
5865,786.5,39330.0
5866,786.6,35433.453
5867,786.7,31880.0
5868,786.8,28670.0
5869,786.9,25780.0
5870,787.0,23191.036
5871,787.1,20890.0
5872,787.2,18860.0
5873,787.3,17070.0
5874,787.4,15500.0
5875,787.5,14130.518
5876,787.6,12950.0
5877,787.7,11940.0
5878,787.8,11060.0
5879,787.9,10310.0
5880,788.0,9669.014
5881,788.1,9123.0
5882,788.2,8661.0
5883,788.3,8269.0
5884,788.4,7937.886
5885,788.5,7659.0
5886,788.6,7424.0
5887,788.7,7227.0
5888,788.8,7063.0
5889,788.9,6927.302
5890,789.0,6815.0
5891,789.1,6722.0
5892,789.2,6647.0
5893,789.3,6586.9
5894,789.4,6539.0
5895,789.5,6501.0
5896,789.6,6471.0
5897,789.7,6447.0
5898,789.8,6427.046
5899,789.9,6409.0
5900,790.0,6391.0
5901,790.1,6372.0
5902,790.2,6349.698
5903,790.3,6323.0
5904,790.4,6291.0
5905,790.5,6252.0
5906,790.6,6205.0
5907,790.7,6150.044
5908,790.8,6087.0
5909,790.9,6016.0
5910,791.0,5938.0
5911,791.1,5852.421
5912,791.2,5761.0
5913,791.3,5666.0
5914,791.4,5569.0
5915,791.5,5472.0
5916,791.6,5376.94
5917,791.7,5287.0
5918,791.8,5205.0
5919,791.9,5132.0
5920,792.0,5071.921
5921,792.1,5027.0
5922,792.2,4999.0
5923,792.3,4990.0
5924,792.4,5001.0
5925,792.5,5034.779
5926,792.6,5091.0
5927,792.7,5169.0
5928,792.8,5270.0
5929,792.9,5393.0
5930,793.0,5536.515
5931,793.1,5698.0
5932,793.2,5875.0
5933,793.3,6066.0
5934,793.4,6267.367
5935,793.5,6475.0
5936,793.6,6685.0
5937,793.7,6894.0
5938,793.8,7098.0
5939,793.9,7291.826
5940,794.0,7472.0
5941,794.1,7635.0
5942,794.2,7776.0
5943,794.3,7892.965
5944,794.4,7983.0
5945,794.5,8043.0
5946,794.6,8071.0
5947,794.7,8066.0
5948,794.8,8027.47
5949,794.9,7955.0
5950,795.0,7849.0
5951,795.1,7712.0
5952,795.2,7543.833
5953,795.3,7347.0
5954,795.4,7125.0
5955,795.5,6881.0
5956,795.6,6617.0
5957,795.7,6337.88
5958,795.8,6048.0
5959,795.9,5751.0
5960,796.0,5450.0
5961,796.1,5150.688
5962,796.2,4857.0
5963,796.3,4572.0
5964,796.4,4299.0
5965,796.5,4044.0
5966,796.6,3809.025
5967,796.7,3597.0
5968,796.8,3411.0
5969,796.9,3253.0
5970,797.0,3126.409
5971,797.1,3033.0
5972,797.2,2974.0
5973,797.3,2951.0
5974,797.4,2966.0
5975,797.5,3018.38
5976,797.6,3109.0
5977,797.7,3239.0
5978,797.8,3408.0
5979,797.9,3615.0
5980,798.0,3861.168
5981,798.1,4146.0
5982,798.2,4468.0
5983,798.3,4825.0
5984,798.4,5217.206
5985,798.5,5643.0
5986,798.6,6100.0
5987,798.7,6586.0
5988,798.8,7100.0
5989,798.9,7638.589
5990,799.0,8200.0
5991,799.1,8782.0
5992,799.2,9379.0
5993,799.3,9988.649
5994,799.4,10610.0
5995,799.5,11240.0
5996,799.6,11870.0
5997,799.7,12500.0
5998,799.8,13125.57
5999,799.9,13740.0
6000,800.0,14340.0
6001,800.1,14930.0
6002,800.2,15495.82
6003,800.3,16030.0
6004,800.4,16530.0
6005,800.5,17000.0
6006,800.6,17440.0
6007,800.7,17830.831
6008,800.8,18170.0
6009,800.9,18460.0
6010,801.0,18700.0
6011,801.1,18886.059
6012,801.2,19010.0
6013,801.3,19070.0
6014,801.4,19080.0
6015,801.5,19020.0
6016,801.6,18902.391
6017,801.7,18730.0
6018,801.8,18500.0
6019,801.9,18210.0
6020,802.0,17862.416
6021,802.1,17470.0
6022,802.2,17040.0
6023,802.3,16560.0
6024,802.4,16050.0
6025,802.5,15512.235
6026,802.6,14950.0
6027,802.7,14370.0
6028,802.8,13780.0
6029,802.9,13180.0
6030,803.0,12583.965
6031,803.1,12000.0
6032,803.2,11430.0
6033,803.3,10870.0
6034,803.4,10338.901
6035,803.5,9840.0
6036,803.6,9373.0
6037,803.7,8945.0
6038,803.8,8559.0
6039,803.9,8220.314
6040,804.0,7934.0
6041,804.1,7705.0
6042,804.2,7539.0
6043,804.3,7441.614
6044,804.4,7420.0
6045,804.5,7483.0
6046,804.6,7643.0
6047,804.7,7910.0
6048,804.8,8301.033
6049,804.9,8833.0
6050,805.0,9526.0
6051,805.1,10410.0
6052,805.2,11502.989
6053,805.3,12840.0
6054,805.4,14460.0
6055,805.5,16400.0
6056,805.6,18710.0
6057,805.7,21433.305
6058,805.8,24630.0
6059,805.9,28360.0
6060,806.0,32670.0
6061,806.1,37631.384
6062,806.2,43310.0
6063,806.3,49770.0
6064,806.4,57080.0
6065,806.5,65300.0
6066,806.6,74489.188
6067,806.7,84710.0
6068,806.8,96010.0
6069,806.9,108400.0
6070,807.0,121957.063
6071,807.1,136700.0
6072,807.2,152600.0
6073,807.3,169600.0
6074,807.4,187800.0
6075,807.5,206959.007
6076,807.6,227100.0
6077,807.7,248200.0
6078,807.8,269900.0
6079,807.9,292400.0
6080,808.0,315242.886
6081,808.1,338300.0
6082,808.2,361500.0
6083,808.3,384500.0
6084,808.4,407163.045
6085,808.5,429200.0
6086,808.6,450300.0
6087,808.7,470300.0
6088,808.8,489000.0
6089,808.9,506054.186
6090,809.0,521300.0
6091,809.1,534600.0
6092,809.2,545700.0
6093,809.3,554410.275
6094,809.4,560700.0
6095,809.5,564500.0
6096,809.6,565600.0
6097,809.7,564200.0
6098,809.8,560180.315
6099,809.9,553600.0
6100,810.0,544600.0
6101,810.1,533300.0
6102,810.2,519752.304
6103,810.3,504200.0
6104,810.4,486900.0
6105,810.5,468000.0
6106,810.6,447800.0
6107,810.7,426510.269
6108,810.8,404300.0
6109,810.9,381400.0
6110,811.0,358200.0
6111,811.1,334841.179
6112,811.2,311600.0
6113,811.3,288700.0
6114,811.4,266100.0
6115,811.5,244200.0
6116,811.6,223050.352
6117,811.7,202800.0
6118,811.8,183600.0
6119,811.9,165400.0
6120,812.0,148248.426
6121,812.1,132300.0
6122,812.2,117600.0
6123,812.3,103900.0
6124,812.4,91490.0
6125,812.5,80175.711
6126,812.6,69900.0
6127,812.7,60670.0
6128,812.8,52420.0
6129,812.9,45080.0
6130,813.0,38590.583
6131,813.1,32880.0
6132,813.2,27880.0
6133,813.3,23540.0
6134,813.4,19779.251
6135,813.5,16540.0
6136,813.6,13770.0
6137,813.7,11410.0
6138,813.8,9415.0
6139,813.9,7731.44
6140,814.0,6319.0
6141,814.1,5142.0
6142,814.2,4166.0
6143,814.3,3360.254
6144,814.4,2700.0
6145,814.5,2162.0
6146,814.6,1725.0
6147,814.7,1373.0
6148,814.8,1091.068
6149,814.9,867.5
6150,815.0,691.9
6151,815.1,555.7
6152,815.2,451.643
6153,815.3,374.2
6154,815.4,318.5
6155,815.5,280.8
6156,815.6,258.1
6157,815.7,248.068
6158,815.8,249.0
6159,815.9,259.4
6160,816.0,278.2
6161,816.1,304.81
6162,816.2,338.7
6163,816.3,379.4
6164,816.4,426.7
6165,816.5,480.4
6166,816.6,540.459
6167,816.7,606.8
6168,816.8,679.3
6169,816.9,757.7
6170,817.0,841.72
6171,817.1,931.6
6172,817.2,1027.0
6173,817.3,1126.0
6174,817.4,1230.0
6175,817.5,1337.516
6176,817.6,1448.0
6177,817.7,1561.0
6178,817.8,1675.0
6179,817.9,1790.0
6180,818.0,1904.101
6181,818.1,2016.0
6182,818.2,2125.0
6183,818.3,2231.0
6184,818.4,2332.502
6185,818.5,2429.0
6186,818.6,2520.0
6187,818.7,2604.0
6188,818.8,2681.0
6189,818.9,2751.533
6190,819.0,2816.0
6191,819.1,2875.0
6192,819.2,2930.0
6193,819.3,2982.722
6194,819.4,3036.0
6195,819.5,3093.0
6196,819.6,3158.0
6197,819.7,3238.0
6198,819.8,3337.456
6199,819.9,3465.0
6200,820.0,3631.0
6201,820.1,3847.0
6202,820.2,4124.626
6203,820.3,4480.0
6204,820.4,4931.0
6205,820.5,5498.0
6206,820.6,6204.0
6207,820.7,7075.883
6208,820.8,8144.0
6209,820.9,9440.0
6210,821.0,11000.0
6211,821.1,12868.403
6212,821.2,15090.0
6213,821.3,17710.0
6214,821.4,20780.0
6215,821.5,24360.0
6216,821.6,28498.955
6217,821.7,33260.0
6218,821.8,38710.0
6219,821.9,44910.0
6220,822.0,51915.309
6221,822.1,59790.0
6222,822.2,68600.0
6223,822.3,78400.0
6224,822.4,89220.0
6225,822.5,101109.053
6226,822.6,114100.0
6227,822.7,128200.0
6228,822.8,143400.0
6229,822.9,159800.0
6230,823.0,177182.097
6231,823.1,195600.0
6232,823.2,215100.0
6233,823.3,235400.0
6234,823.4,256454.446
6235,823.5,278200.0
6236,823.6,300500.0
6237,823.7,323100.0
6238,823.8,345900.0
6239,823.9,368642.538
6240,824.0,391100.0
6241,824.1,413100.0
6242,824.2,434500.0
6243,824.3,454882.849
6244,824.4,474100.0
6245,824.5,492000.0
6246,824.6,508200.0
6247,824.7,522700.0
6248,824.8,535230.647
6249,824.9,545600.0
6250,825.0,553700.0
6251,825.1,559500.0
6252,825.2,562807.186
6253,825.3,563600.0
6254,825.4,561900.0
6255,825.5,557700.0
6256,825.6,551100.0
6257,825.7,542178.951
6258,825.8,531000.0
6259,825.9,517700.0
6260,826.0,502600.0
6261,826.1,485723.721
6262,826.2,467300.0
6263,826.3,447600.0
6264,826.4,426800.0
6265,826.5,405200.0
6266,826.6,382975.841
6267,826.7,360400.0
6268,826.8,337700.0
6269,826.9,314900.0
6270,827.0,292371.308
6271,827.1,270300.0
6272,827.2,248800.0
6273,827.3,228000.0
6274,827.4,208000.0
6275,827.5,188896.685
6276,827.6,170800.0
6277,827.7,153800.0
6278,827.8,137900.0
6279,827.9,123100.0
6280,828.0,109400.99
6281,828.1,96820.0
6282,828.2,85360.0
6283,828.3,74960.0
6284,828.4,65580.045
6285,828.5,57180.0
6286,828.6,49710.0
6287,828.7,43100.0
6288,828.8,37300.0
6289,828.9,32250.011
6290,829.0,27890.0
6291,829.1,24160.0
6292,829.2,21000.0
6293,829.3,18363.991
6294,829.4,16200.0
6295,829.5,14460.0
6296,829.6,13110.0
6297,829.7,12090.0
6298,829.8,11384.054
6299,829.9,10960.0
6300,830.0,10780.0
6301,830.1,10820.0
6302,830.2,11069.571
6303,830.3,11500.0
6304,830.4,12090.0
6305,830.5,12850.0
6306,830.6,13740.0
6307,830.7,14765.719
6308,830.8,15920.0
6309,830.9,17190.0
6310,831.0,18570.0
6311,831.1,20052.854
6312,831.2,21640.0
6313,831.3,23330.0
6314,831.4,25110.0
6315,831.5,26990.0
6316,831.6,28948.999
6317,831.7,30990.0
6318,831.8,33120.0
6319,831.9,35330.0
6320,832.0,37620.367
6321,832.1,39980.0
6322,832.2,42400.0
6323,832.3,44890.0
6324,832.4,47440.0
6325,832.5,50036.234
6326,832.6,52680.0
6327,832.7,55370.0
6328,832.8,58090.0
6329,832.9,60850.0
6330,833.0,63632.975
6331,833.1,66430.0
6332,833.2,69240.0
6333,833.3,72070.0
6334,833.4,74914.026
6335,833.5,77770.0
6336,833.6,80640.0
6337,833.7,83530.0
6338,833.8,86440.0
6339,833.9,89394.893
6340,834.0,92400.0
6341,834.1,95460.0
6342,834.2,98600.0
6343,834.3,101835.199
6344,834.4,105200.0
6345,834.5,108700.0
6346,834.6,112300.0
6347,834.7,116200.0
6348,834.8,120261.522
6349,834.9,124500.0
6350,835.0,129000.0
6351,835.1,133800.0
6352,835.2,138815.491
6353,835.3,144100.0
6354,835.4,149700.0
6355,835.5,155500.0
6356,835.6,161500.0
6357,835.7,167692.111
6358,835.8,174100.0
6359,835.9,180700.0
6360,836.0,187300.0
6361,836.1,193903.512
6362,836.2,200500.0
6363,836.3,207000.0
6364,836.4,213200.0
6365,836.5,219200.0
6366,836.6,224822.431
6367,836.7,230000.0
6368,836.8,234700.0
6369,836.9,238800.0
6370,837.0,242169.2
6371,837.1,244800.0
6372,837.2,246700.0
6373,837.3,247800.0
6374,837.4,248000.0
6375,837.5,247291.128
6376,837.6,245700.0
6377,837.7,243200.0
6378,837.8,239700.0
6379,837.9,235500.0
6380,838.0,230410.118
6381,838.1,224500.0
6382,838.2,217900.0
6383,838.3,210600.0
6384,838.4,202756.542
6385,838.5,194400.0
6386,838.6,185600.0
6387,838.7,176600.0
6388,838.8,167200.0
6389,838.9,157649.064
6390,839.0,148100.0
6391,839.1,138600.0
6392,839.2,129100.0
6393,839.3,119725.438
6394,839.4,110600.0
6395,839.5,101800.0
6396,839.6,93300.0
6397,839.7,85150.0
6398,839.8,77393.943
6399,839.9,70060.0
6400,840.0,63170.0
6401,840.1,56730.0
6402,840.2,50747.338
6403,840.3,45220.0
6404,840.4,40140.0
6405,840.5,35490.0
6406,840.6,31260.0
6407,840.7,27434.679
6408,840.8,23990.0
6409,840.9,20900.0
6410,841.0,18140.0
6411,841.1,15691.197
6412,841.2,13530.0
6413,841.3,11630.0
6414,841.4,9963.0
6415,841.5,8509.0
6416,841.6,7245.046
6417,841.7,6151.0
6418,841.8,5208.0
6419,841.9,4398.0
6420,842.0,3704.495
6421,842.1,3113.0
6422,842.2,2610.0
6423,842.3,2184.0
6424,842.4,1824.0
6425,842.5,1520.271
6426,842.6,1265.0
6427,842.7,1051.0
6428,842.8,872.1
6429,842.9,723.1
6430,843.0,599.223
6431,843.1,496.7
6432,843.2,412.2
6433,843.3,343.1
6434,843.4,287.066
6435,843.5,242.5
6436,843.6,208.0
6437,843.7,182.4
6438,843.8,165.3
6439,843.9,156.345
6440,844.0,155.7
6441,844.1,163.8
6442,844.2,181.6
6443,844.3,210.525
6444,844.4,252.6
6445,844.5,310.2
6446,844.6,386.7
6447,844.7,486.3
6448,844.8,613.89
6449,844.9,776.1
6450,845.0,980.2
6451,845.1,1235.0
6452,845.2,1552.331
6453,845.3,1945.0
6454,845.4,2427.0
6455,845.5,3017.0
6456,845.6,3736.0
6457,845.7,4607.417
6458,845.8,5659.0
6459,845.9,6921.0
6460,846.0,8430.0
6461,846.1,10225.855
6462,846.2,12350.0
6463,846.3,14850.0
6464,846.4,17790.0
6465,846.5,21220.0
6466,846.6,25208.509
6467,846.7,29820.0
6468,846.8,35120.0
6469,846.9,41190.0
6470,847.0,48115.214
6471,847.1,55970.0
6472,847.2,64830.0
6473,847.3,74780.0
6474,847.4,85890.0
6475,847.5,98251.134
6476,847.6,111900.0
6477,847.7,126900.0
6478,847.8,143400.0
6479,847.9,161300.0
6480,848.0,180640.365
6481,848.1,201500.0
6482,848.2,223900.0
6483,848.3,247700.0
6484,848.4,272872.285
6485,848.5,299300.0
6486,848.6,326900.0
6487,848.7,355700.0
6488,848.8,385300.0
6489,848.9,415674.46
6490,849.0,446600.0
6491,849.1,477800.0
6492,849.2,509100.0
6493,849.3,540206.779
6494,849.4,570800.0
6495,849.5,600600.0
6496,849.6,629400.0
6497,849.7,656800.0
6498,849.8,682598.052
6499,849.9,706500.0
6500,850.0,728200.0
6501,850.1,747500.0
6502,850.2,764171.62
6503,850.3,778000.0
6504,850.4,788800.0
6505,850.5,796500.0
6506,850.6,801100.0
6507,850.7,802452.175
6508,850.8,800500.0
6509,850.9,795300.0
6510,851.0,787100.0
6511,851.1,775842.578
6512,851.2,761700.0
6513,851.3,744900.0
6514,851.4,725600.0
6515,851.5,704100.0
6516,851.6,680605.016
6517,851.7,655400.0
6518,851.8,628800.0
6519,851.9,601100.0
6520,852.0,572530.804
6521,852.1,543300.0
6522,852.2,513700.0
6523,852.3,484200.0
6524,852.4,454800.0
6525,852.5,425788.256
6526,852.6,397400.0
6527,852.7,369800.0
6528,852.8,343100.0
6529,852.9,317500.0
6530,853.0,292976.532
6531,853.1,269700.0
6532,853.2,247800.0
6533,853.3,227100.0
6534,853.4,207775.379
6535,853.5,189800.0
6536,853.6,173100.0
6537,853.7,157700.0
6538,853.8,143500.0
6539,853.9,130477.326
6540,854.0,118600.0
6541,854.1,107800.0
6542,854.2,97950.0
6543,854.3,89038.64
6544,854.4,81000.0
6545,854.5,73750.0
6546,854.6,67230.0
6547,854.7,61390.0
6548,854.8,56163.318
6549,854.9,51500.0
6550,855.0,47360.0
6551,855.1,43710.0
6552,855.2,40490.392
6553,855.3,37670.0
6554,855.4,35230.0
6555,855.5,33150.0
6556,855.6,31380.0
6557,855.7,29918.29
6558,855.8,28740.0
6559,855.9,27820.0
6560,856.0,27160.0
6561,856.1,26727.631
6562,856.2,26510.0
6563,856.3,26500.0
6564,856.4,26680.0
6565,856.5,27030.0
6566,856.6,27543.065
6567,856.7,28200.0
6568,856.8,28980.0
6569,856.9,29870.0
6570,857.0,30850.977
6571,857.1,31910.0
6572,857.2,33030.0
6573,857.3,34180.0
6574,857.4,35360.0
6575,857.5,36549.868
6576,857.6,37730.0
6577,857.7,38880.0
6578,857.8,39980.0
6579,857.9,41040.0
6580,858.0,42022.952
6581,858.1,42920.0
6582,858.2,43730.0
6583,858.3,44440.0
6584,858.4,45045.373
6585,858.5,45540.0
6586,858.6,45920.0
6587,858.7,46190.0
6588,858.8,46340.0
6589,858.9,46369.275
6590,859.0,46290.0
6591,859.1,46110.0
6592,859.2,45820.0
6593,859.3,45438.533
6594,859.4,44970.0
6595,859.5,44420.0
6596,859.6,43810.0
6597,859.7,43130.0
6598,859.8,42404.978
6599,859.9,41640.0
6600,860.0,40840.0
6601,860.1,40030.0
6602,860.2,39200.208
6603,860.3,38370.0
6604,860.4,37560.0
6605,860.5,36760.0
6606,860.6,35980.0
6607,860.7,35240.262
6608,860.8,34540.0
6609,860.9,33880.0
6610,861.0,33280.0
6611,861.1,32729.742
6612,861.2,32230.0
6613,861.3,31790.0
6614,861.4,31420.0
6615,861.5,31100.0
6616,861.6,30838.555
6617,861.7,30640.0
6618,861.8,30500.0
6619,861.9,30400.0
6620,862.0,30338.422
6621,862.1,30320.0
6622,862.2,30340.0
6623,862.3,30370.0
6624,862.4,30420.0
6625,862.5,30472.208
6626,862.6,30520.0
6627,862.7,30560.0
6628,862.8,30580.0
6629,862.9,30570.0
6630,863.0,30518.355
6631,863.1,30420.0
6632,863.2,30270.0
6633,863.3,30060.0
6634,863.4,29790.993
6635,863.5,29450.0
6636,863.6,29030.0
6637,863.7,28550.0
6638,863.8,27990.0
6639,863.9,27362.199
6640,864.0,26670.0
6641,864.1,25910.0
6642,864.2,25080.0
6643,864.3,24197.526
6644,864.4,23270.0
6645,864.5,22300.0
6646,864.6,21290.0
6647,864.7,20250.0
6648,864.8,19184.054
6649,864.9,18110.0
6650,865.0,17040.0
6651,865.1,15960.0
6652,865.2,14893.375
6653,865.3,13850.0
6654,865.4,12830.0
6655,865.5,11830.0
6656,865.6,10870.0
6657,865.7,9950.331
6658,865.8,9072.0
6659,865.9,8238.0
6660,866.0,7451.0
6661,866.1,6713.117
6662,866.2,6025.0
6663,866.3,5387.0
6664,866.4,4799.0
6665,866.5,4259.0
6666,866.6,3767.268
6667,866.7,3322.0
6668,866.8,2921.0
6669,866.9,2563.0
6670,867.0,2245.458
6671,867.1,1967.0
6672,867.2,1726.0
6673,867.3,1519.0
6674,867.4,1345.0
6675,867.5,1202.649
6676,867.6,1091.0
6677,867.7,1009.0
6678,867.8,955.0
6679,867.9,929.1
6680,868.0,931.224
6681,868.1,962.3
6682,868.2,1023.0
6683,868.3,1113.0
6684,868.4,1235.828
6685,868.5,1393.0
6686,868.6,1586.0
6687,868.7,1819.0
6688,868.8,2095.0
6689,868.9,2416.821
6690,869.0,2788.0
6691,869.1,3213.0
6692,869.2,3698.0
6693,869.3,4245.496
6694,869.4,4860.0
6695,869.5,5547.0
6696,869.6,6312.0
6697,869.7,7159.0
6698,869.8,8092.765
6699,869.9,9115.0
6700,870.0,10230.0
6701,870.1,11450.0
6702,870.2,12768.449
6703,870.3,14180.0
6704,870.4,15690.0
6705,870.5,17320.0
6706,870.6,19040.0
6707,870.7,20860.817
6708,870.8,22780.0
6709,870.9,24790.0
6710,871.0,26890.0
6711,871.1,29070.088
6712,871.2,31320.0
6713,871.3,33630.0
6714,871.4,35990.0
6715,871.5,38390.0
6716,871.6,40817.497
6717,871.7,43260.0
6718,871.8,45700.0
6719,871.9,48110.0
6720,872.0,50491.431
6721,872.1,52820.0
6722,872.2,55070.0
6723,872.3,57240.0
6724,872.4,59310.0
6725,872.5,61255.776
6726,872.6,63060.0
6727,872.7,64710.0
6728,872.8,66200.0
6729,872.9,67510.0
6730,873.0,68627.719
6731,873.1,69550.0
6732,873.2,70270.0
6733,873.3,70770.0
6734,873.4,71061.376
6735,873.5,71140.0
6736,873.6,71000.0
6737,873.7,70650.0
6738,873.8,70090.0
6739,873.9,69330.872
6740,874.0,68390.0
6741,874.1,67280.0
6742,874.2,66000.0
6743,874.3,64575.264
6744,874.4,63030.0
6745,874.5,61380.0
6746,874.6,59630.0
6747,874.7,57820.0
6748,874.8,55963.697
6749,874.9,54080.0
6750,875.0,52190.0
6751,875.1,50310.0
6752,875.2,48463.247
6753,875.3,46670.0
6754,875.4,44950.0
6755,875.5,43320.0
6756,875.6,41780.0
6757,875.7,40352.104
6758,875.8,39050.0
6759,875.9,37880.0
6760,876.0,36840.0
6761,876.1,35939.505
6762,876.2,35180.0
6763,876.3,34560.0
6764,876.4,34080.0
6765,876.5,33740.0
6766,876.6,33523.15
6767,876.7,33430.0
6768,876.8,33460.0
6769,876.9,33590.0
6770,877.0,33810.994
6771,877.1,34120.0
6772,877.2,34510.0
6773,877.3,34960.0
6774,877.4,35460.0
6775,877.5,36011.563
6776,877.6,36600.0
6777,877.7,37210.0
6778,877.8,37840.0
6779,877.9,38480.0
6780,878.0,39122.356
6781,878.1,39770.0
6782,878.2,40420.0
6783,878.3,41050.0
6784,878.4,41676.755
6785,878.5,42300.0
6786,878.6,42910.0
6787,878.7,43500.0
6788,878.8,44090.0
6789,878.9,44667.997
6790,879.0,45230.0
6791,879.1,45780.0
6792,879.2,46330.0
6793,879.3,46878.47
6794,879.4,47420.0
6795,879.5,47950.0
6796,879.6,48470.0
6797,879.7,48990.0
6798,879.8,49505.055
6799,879.9,50010.0
6800,880.0,50500.0
6801,880.1,50970.0
6802,880.2,51423.997
6803,880.3,51860.0
6804,880.4,52270.0
6805,880.5,52640.0
6806,880.6,52980.0
6807,880.7,53278.558
6808,880.8,53530.0
6809,880.9,53730.0
6810,881.0,53870.0
6811,881.1,53953.34
6812,881.2,53970.0
6813,881.3,53910.0
6814,881.4,53780.0
6815,881.5,53580.0
6816,881.6,53294.806
6817,881.7,52930.0
6818,881.8,52490.0
6819,881.9,51960.0
6820,882.0,51354.84
6821,882.1,50670.0
6822,882.2,49900.0
6823,882.3,49060.0
6824,882.4,48150.0
6825,882.5,47174.204
6826,882.6,46140.0
6827,882.7,45050.0
6828,882.8,43900.0
6829,882.9,42720.0
6830,883.0,41506.664
6831,883.1,40260.0
6832,883.2,38990.0
6833,883.3,37720.0
6834,883.4,36443.361
6835,883.5,35170.0
6836,883.6,33910.0
6837,883.7,32660.0
6838,883.8,31450.0
6839,883.9,30276.676
6840,884.0,29140.0
6841,884.1,28050.0
6842,884.2,27030.0
6843,884.3,26071.515
6844,884.4,25180.0
6845,884.5,24370.0
6846,884.6,23660.0
6847,884.7,23050.0
6848,884.8,22560.884
6849,884.9,22200.0
6850,885.0,21980.0
6851,885.1,21940.0
6852,885.2,22077.312
6853,885.3,22430.0
6854,885.4,23040.0
6855,885.5,23920.0
6856,885.6,25120.0
6857,885.7,26690.329
6858,885.8,28680.0
6859,885.9,31140.0
6860,886.0,34130.0
6861,886.1,37723.131
6862,886.2,42000.0
6863,886.3,47040.0
6864,886.4,52920.0
6865,886.5,59740.0
6866,886.6,67596.757
6867,886.7,76590.0
6868,886.8,86820.0
6869,886.9,98390.0
6870,887.0,111420.014
6871,887.1,126000.0
6872,887.2,142200.0
6873,887.3,160100.0
6874,887.4,179900.0
6875,887.5,201562.78
6876,887.6,225100.0
6877,887.7,250600.0
6878,887.8,278200.0
6879,887.9,307700.0
6880,888.0,339220.558
6881,888.1,372700.0
6882,888.2,408000.0
6883,888.3,445000.0
6884,888.4,483597.448
6885,888.5,523600.0
6886,888.6,564800.0
6887,888.7,607000.0
6888,888.8,649900.0
6889,888.9,693189.966
6890,889.0,736600.0
6891,889.1,779800.0
6892,889.2,822300.0
6893,889.3,863917.922
6894,889.4,904200.0
6895,889.5,942700.0
6896,889.6,979200.0
6897,889.7,1013000.0
6898,889.8,1043932.539
6899,889.9,1072000.0
6900,890.0,1097000.0
6901,890.1,1118000.0
6902,890.2,1134451.846
6903,890.3,1147000.0
6904,890.4,1156000.0
6905,890.5,1160000.0
6906,890.6,1159000.0
6907,890.7,1153913.049
6908,890.8,1145000.0
6909,890.9,1132000.0
6910,891.0,1114000.0
6911,891.1,1092045.621
6912,891.2,1067000.0
6913,891.3,1039000.0
6914,891.4,1007000.0
6915,891.5,972500.0
6916,891.6,935650.177
6917,891.7,896700.0
6918,891.8,856100.0
6919,891.9,814300.0
6920,892.0,771486.176
6921,892.1,728100.0
6922,892.2,684600.0
6923,892.3,641200.0
6924,892.4,598200.0
6925,892.5,555966.836
6926,892.6,514800.0
6927,892.7,474900.0
6928,892.8,436300.0
6929,892.9,399400.0
6930,893.0,364208.879
6931,893.1,330800.0
6932,893.2,299300.0
6933,893.3,269800.0
6934,893.4,242265.725
6935,893.5,216700.0
6936,893.6,193100.0
6937,893.7,171400.0
6938,893.8,151600.0
6939,893.9,133576.332
6940,894.0,117200.0
6941,894.1,102400.0
6942,894.2,89210.0
6943,894.3,77402.694
6944,894.4,66880.0
6945,894.5,57580.0
6946,894.6,49380.0
6947,894.7,42190.0
6948,894.8,35906.399
6949,894.9,30440.0
6950,895.0,25710.0
6951,895.1,21640.0
6952,895.2,18140.343
6953,895.3,15150.0
6954,895.4,12610.0
6955,895.5,10450.0
6956,895.6,8640.0
6957,895.7,7118.777
6958,895.8,5846.0
6959,895.9,4790.0
6960,896.0,3919.0
6961,896.1,3202.926
6962,896.2,2620.0
6963,896.3,2150.0
6964,896.4,1773.0
6965,896.5,1477.0
6966,896.6,1248.333
6967,896.7,1077.0
6968,896.8,954.5
6969,896.9,873.6
6970,897.0,828.779
6971,897.1,815.9
6972,897.2,831.3
6973,897.3,872.3
6974,897.4,937.1
6975,897.5,1024.169
6976,897.6,1133.0
6977,897.7,1263.0
6978,897.8,1413.0
6979,897.9,1584.0
6980,898.0,1775.215
6981,898.1,1987.0
6982,898.2,2220.0
6983,898.3,2474.0
6984,898.4,2748.35
6985,898.5,3043.0
6986,898.6,3358.0
6987,898.7,3693.0
6988,898.8,4047.0
6989,898.9,4418.321
6990,899.0,4806.0
6991,899.1,5209.0
6992,899.2,5625.0
6993,899.3,6051.158
6994,899.4,6485.0
6995,899.5,6924.0
6996,899.6,7365.0
6997,899.7,7805.0
6998,899.8,8241.272
6999,899.9,8669.0
7000,900.0,9084.0
7001,900.1,9485.0
7002,900.2,9865.261
7003,900.3,10220.0
7004,900.4,10550.0
7005,900.5,10860.0
7006,900.6,11120.0
7007,900.7,11349.93
7008,900.8,11550.0
7009,900.9,11710.0
7010,901.0,11820.0
7011,901.1,11884.15
7012,901.2,11910.0
7013,901.3,11900.0
7014,901.4,11840.0
7015,901.5,11730.0
7016,901.6,11588.126
7017,901.7,11410.0
7018,901.8,11190.0
7019,901.9,10940.0
7020,902.0,10658.593
7021,902.1,10350.0
7022,902.2,10020.0
7023,902.3,9671.0
7024,902.4,9309.0
7025,902.5,8937.728
7026,902.6,8562.0
7027,902.7,8187.0
7028,902.8,7817.0
7029,902.9,7456.0
7030,903.0,7110.113
7031,903.1,6783.0
7032,903.2,6478.0
7033,903.3,6200.0
7034,903.4,5952.799
7035,903.5,5740.0
7036,903.6,5565.0
7037,903.7,5430.0
7038,903.8,5337.0
7039,903.9,5289.882
7040,904.0,5290.0
7041,904.1,5338.0
7042,904.2,5435.0
7043,904.3,5582.241
7044,904.4,5780.0
7045,904.5,6028.0
7046,904.6,6325.0
7047,904.7,6670.0
7048,904.8,7060.936
7049,904.9,7496.0
7050,905.0,7973.0
7051,905.1,8488.0
7052,905.2,9038.025
7053,905.3,9620.0
7054,905.4,10230.0
7055,905.5,10860.0
7056,905.6,11500.0
7057,905.7,12151.149
7058,905.8,12810.0
7059,905.9,13470.0
7060,906.0,14120.0
7061,906.1,14749.472
7062,906.2,15360.0
7063,906.3,15950.0
7064,906.4,16500.0
7065,906.5,17010.0
7066,906.6,17475.114
7067,906.7,17890.0
7068,906.8,18250.0
7069,906.9,18550.0
7070,907.0,18784.102
7071,907.1,18950.0
7072,907.2,19050.0
7073,907.3,19090.0
7074,907.4,19050.0
7075,907.5,18945.443
7076,907.6,18770.0
7077,907.7,18520.0
7078,907.8,18220.0
7079,907.9,17850.0
7080,908.0,17426.798
7081,908.1,16950.0
7082,908.2,16420.0
7083,908.3,15860.0
7084,908.4,15257.475
7085,908.5,14620.0
7086,908.6,13960.0
7087,908.7,13280.0
7088,908.8,12590.0
7089,908.9,11887.065
7090,909.0,11180.0
7091,909.1,10480.0
7092,909.2,9790.0
7093,909.3,9109.614
7094,909.4,8444.0
7095,909.5,7799.0
7096,909.6,7177.0
7097,909.7,6580.0
7098,909.8,6010.373
7099,909.9,5470.0
7100,910.0,4960.0
7101,910.1,4480.0
7102,910.2,4032.034
7103,910.3,3616.0
7104,910.4,3231.0
7105,910.5,2876.0
7106,910.6,2550.0
7107,910.7,2252.515
7108,910.8,1983.0
7109,910.9,1740.0
7110,911.0,1520.0
7111,911.1,1323.25
7112,911.2,1148.0
7113,911.3,992.0
7114,911.4,854.1
7115,911.5,732.6
7116,911.6,626.138
7117,911.7,533.2
7118,911.8,452.3
7119,911.9,382.3
7120,912.0,321.924
7121,912.1,270.1
7122,912.2,225.8
7123,912.3,188.0
7124,912.4,156.0
7125,912.5,128.946
7126,912.6,106.2
7127,912.7,87.18
7128,912.8,71.28
7129,912.9,58.06
7130,913.0,47.117
7131,913.1,38.1
7132,913.2,30.69
7133,913.3,24.63
7134,913.4,19.691
7135,913.5,15.69
7136,913.6,12.46
7137,913.7,9.852
7138,913.8,7.762
7139,913.9,6.093
7140,914.0,4.766
7141,914.1,3.714
7142,914.2,2.883
7143,914.3,2.23
7144,914.4,1.719
7145,914.5,1.32
7146,914.6,1.009
7147,914.7,0.769
7148,914.8,0.584
7149,914.9,0.442
7150,915.0,0.333
7151,915.1,0.25
7152,915.2,0.187
7153,915.3,0.14
7154,915.4,0.104
7155,915.5,0.077
7156,915.6,0.057
7157,915.7,0.041
7158,915.8,0.03
7159,915.9,0.022
7160,916.0,0.016
7161,916.1,0.012
7162,916.2,0.008
7163,916.3,0.006
7164,916.4,0.004
7165,916.5,0.003
7166,916.6,0.002
7167,916.7,0.002
7168,916.8,0.001
7169,916.9,0.001
7170,917.0,0.001
7171,917.1,0.0
7172,917.2,0.0
7173,917.3,0.0
7174,917.4,0.0
7175,917.5,0.0
7176,917.6,0.0
7177,917.7,0.0
7178,917.8,0.0
7179,917.9,0.0
7180,918.0,0.0
7181,918.1,0.0
7182,918.2,0.0
7183,918.3,0.0
7184,918.4,0.0
7185,918.5,0.0
7186,918.6,0.0
7187,918.7,0.0
7188,918.8,0.0
7189,918.9,0.0
7190,919.0,0.0
7191,919.1,0.0
7192,919.2,0.0
7193,919.3,0.0
7194,919.4,0.0
7195,919.5,0.0
7196,919.6,0.0
7197,919.7,0.0
7198,919.8,0.0
7199,919.9,0.0
7200,920.0,0.0
7201,920.1,0.0
7202,920.2,0.0
7203,920.3,0.0
7204,920.4,0.0
7205,920.5,0.0
7206,920.6,0.0
7207,920.7,0.0
7208,920.8,0.0
7209,920.9,0.0
7210,921.0,0.0
7211,921.1,0.0
7212,921.2,0.0
7213,921.3,0.0
7214,921.4,0.0
7215,921.5,0.0
7216,921.6,0.0
7217,921.7,0.0
7218,921.8,0.0
7219,921.9,0.0
7220,922.0,0.0
7221,922.1,0.0
7222,922.2,0.0
7223,922.3,0.0
7224,922.4,0.0
7225,922.5,0.0
7226,922.6,0.0
7227,922.7,0.0
7228,922.8,0.0
7229,922.9,0.0
7230,923.0,0.0
7231,923.1,0.0
7232,923.2,0.0
7233,923.3,0.0
7234,923.4,0.0
7235,923.5,0.0
7236,923.6,0.0
7237,923.7,0.0
7238,923.8,0.0
7239,923.9,0.0
7240,924.0,0.0
7241,924.1,0.0
7242,924.2,0.0
7243,924.3,0.0
7244,924.4,0.0
7245,924.5,0.0
7246,924.6,0.0
7247,924.7,0.0
7248,924.8,0.0
7249,924.9,0.0
7250,925.0,0.0
7251,925.1,0.0
7252,925.2,0.0
7253,925.3,0.0
7254,925.4,0.0
7255,925.5,0.0
7256,925.6,0.0
7257,925.7,0.0
7258,925.8,0.0
7259,925.9,0.0
7260,926.0,0.0
7261,926.1,0.0
7262,926.2,0.0
7263,926.3,0.0
7264,926.4,0.0
7265,926.5,0.0
7266,926.6,0.0
7267,926.7,0.0
7268,926.8,0.0
7269,926.9,0.0
7270,927.0,0.0
7271,927.1,0.0
7272,927.2,0.0
7273,927.3,0.0
7274,927.4,0.0
7275,927.5,0.0
7276,927.6,0.0
7277,927.7,0.0
7278,927.8,0.0
7279,927.9,0.0
7280,928.0,0.0
7281,928.1,0.0
7282,928.2,0.0
7283,928.3,0.0
7284,928.4,0.0
7285,928.5,0.0
7286,928.6,0.0
7287,928.7,0.0
7288,928.8,0.0
7289,928.9,0.0
7290,929.0,0.0
7291,929.1,0.0
7292,929.2,0.0
7293,929.3,0.0
7294,929.4,0.0
7295,929.5,0.0
7296,929.6,0.0
7297,929.7,0.0
7298,929.8,0.0
7299,929.9,0.0
7300,930.0,0.0
7301,930.1,0.0
7302,930.2,0.0
7303,930.3,0.0
7304,930.4,0.0
7305,930.5,0.0
7306,930.6,0.0
7307,930.7,0.0
7308,930.8,0.0
7309,930.9,0.0
7310,931.0,0.0
7311,931.1,0.0
7312,931.2,0.0
7313,931.3,0.0
7314,931.4,0.0
7315,931.5,0.0
7316,931.6,0.0
7317,931.7,0.0
7318,931.8,0.0
7319,931.9,0.0
7320,932.0,0.0
7321,932.1,0.0
7322,932.2,0.0
7323,932.3,0.0
7324,932.4,0.0
7325,932.5,0.0
7326,932.6,0.0
7327,932.7,0.0
7328,932.8,0.0
7329,932.9,0.0
7330,933.0,0.0
7331,933.1,0.0
7332,933.2,0.0
7333,933.3,0.0
7334,933.4,0.0
7335,933.5,0.0
7336,933.6,0.0
7337,933.7,0.0
7338,933.8,0.0
7339,933.9,0.0
7340,934.0,0.0
7341,934.1,0.0
7342,934.2,0.0
7343,934.3,0.0
7344,934.4,0.0
7345,934.5,0.0
7346,934.6,0.0
7347,934.7,0.0
7348,934.8,0.0
7349,934.9,0.0
7350,935.0,0.0
7351,935.1,0.0
7352,935.2,0.0
7353,935.3,0.0
7354,935.4,0.0
7355,935.5,0.0
7356,935.6,0.0
7357,935.7,0.0
7358,935.8,0.0
7359,935.9,0.0
7360,936.0,0.0
7361,936.1,0.0
7362,936.2,0.0
7363,936.3,0.0
7364,936.4,0.0
7365,936.5,0.0
7366,936.6,0.0
7367,936.7,0.0
7368,936.8,0.0
7369,936.9,0.0
7370,937.0,0.0
7371,937.1,0.0
7372,937.2,0.0
7373,937.3,0.0
7374,937.4,0.0
7375,937.5,0.0
7376,937.6,0.0
7377,937.7,0.0
7378,937.8,0.0
7379,937.9,0.0
7380,938.0,0.0
7381,938.1,0.0
7382,938.2,0.0
7383,938.3,0.0
7384,938.4,0.0
7385,938.5,0.0
7386,938.6,0.0
7387,938.7,0.0
7388,938.8,0.0
7389,938.9,0.0
7390,939.0,0.0
7391,939.1,0.0
7392,939.2,0.0
7393,939.3,0.0
7394,939.4,0.0
7395,939.5,0.0
7396,939.6,0.0
7397,939.7,0.0
7398,939.8,0.0
7399,939.9,0.0
7400,940.0,0.0
7401,940.1,0.0
7402,940.2,0.0
7403,940.3,0.0
7404,940.4,0.0
7405,940.5,0.0
7406,940.6,0.0
7407,940.7,0.0
7408,940.8,0.0
7409,940.9,0.0
7410,941.0,0.0
7411,941.1,0.0
7412,941.2,0.0
7413,941.3,0.0
7414,941.4,0.0
7415,941.5,0.0
7416,941.6,0.0
7417,941.7,0.0
7418,941.8,0.0
7419,941.9,0.0
7420,942.0,0.0
7421,942.1,0.0
7422,942.2,0.0
7423,942.3,0.0
7424,942.4,0.0
7425,942.5,0.0
7426,942.6,0.0
7427,942.7,0.0
7428,942.8,0.0
7429,942.9,0.0
7430,943.0,0.0
7431,943.1,0.0
7432,943.2,0.0
7433,943.3,0.0
7434,943.4,0.0
7435,943.5,0.0
7436,943.6,0.0
7437,943.7,0.0
7438,943.8,0.0
7439,943.9,0.0
7440,944.0,0.0
7441,944.1,0.0
7442,944.2,0.0
7443,944.3,0.0
7444,944.4,0.0
7445,944.5,0.0
7446,944.6,0.0
7447,944.7,0.0
7448,944.8,0.0
7449,944.9,0.0
7450,945.0,0.0
7451,945.1,0.0
7452,945.2,0.0
7453,945.3,0.0
7454,945.4,0.0
7455,945.5,0.0
7456,945.6,0.0
7457,945.7,0.0
7458,945.8,0.0
7459,945.9,0.0
7460,946.0,0.0
7461,946.1,0.0
7462,946.2,0.0
7463,946.3,0.0
7464,946.4,0.0
7465,946.5,0.0
7466,946.6,0.0
7467,946.7,0.0
7468,946.8,0.0
7469,946.9,0.0
7470,947.0,0.0
7471,947.1,0.0
7472,947.2,0.0
7473,947.3,0.0
7474,947.4,0.0
7475,947.5,0.0
7476,947.6,0.0
7477,947.7,0.0
7478,947.8,0.0
7479,947.9,0.0
7480,948.0,0.0
7481,948.1,0.0
7482,948.2,0.0
7483,948.3,0.0
7484,948.4,0.001
7485,948.5,0.001
7486,948.6,0.001
7487,948.7,0.002
7488,948.8,0.003
7489,948.9,0.004
7490,949.0,0.006
7491,949.1,0.009
7492,949.2,0.013
7493,949.3,0.018
7494,949.4,0.026
7495,949.5,0.037
7496,949.6,0.051
7497,949.7,0.072
7498,949.8,0.1
7499,949.9,0.14
7500,950.0,0.194
7501,950.1,0.268
7502,950.2,0.369
7503,950.3,0.507
7504,950.4,0.694
7505,950.5,0.946
7506,950.6,1.287
7507,950.7,1.743
7508,950.8,2.355
7509,950.9,3.17
7510,951.0,4.254
7511,951.1,5.686
7512,951.2,7.584
7513,951.3,10.08
7514,951.4,13.34
7515,951.5,17.61
7516,951.6,23.162
7517,951.7,30.38
7518,951.8,39.71
7519,951.9,51.73
7520,952.0,67.144
7521,952.1,86.91
7522,952.2,112.1
7523,952.3,144.1
7524,952.4,184.7
7525,952.5,235.825
7526,952.6,300.2
7527,952.7,380.9
7528,952.8,481.7
7529,952.9,607.2
7530,953.0,762.804
7531,953.1,955.2
7532,953.2,1192.0
7533,953.3,1483.0
7534,953.4,1838.361
7535,953.5,2272.0
7536,953.6,2799.0
7537,953.7,3436.0
7538,953.8,4204.0
7539,953.9,5127.119
7540,954.0,6233.0
7541,954.1,7552.0
7542,954.2,9121.0
7543,954.3,10977.364
7544,954.4,13170.0
7545,954.5,15750.0
7546,954.6,18770.0
7547,954.7,22300.0
7548,954.8,26404.556
7549,954.9,31160.0
7550,955.0,36650.0
7551,955.1,42970.0
7552,955.2,50213.02
7553,955.3,58480.0
7554,955.4,67880.0
7555,955.5,78540.0
7556,955.6,90580.0
7557,955.7,104130.742
7558,955.8,119300.0
7559,955.9,136200.0
7560,956.0,155000.0
7561,956.1,175885.394
7562,956.2,198900.0
7563,956.3,224100.0
7564,956.4,251700.0
7565,956.5,281800.0
7566,956.6,314480.811
7567,956.7,349800.0
7568,956.8,387800.0
7569,956.9,428500.0
7570,957.0,471917.328
7571,957.1,518000.0
7572,957.2,566700.0
7573,957.3,618000.0
7574,957.4,671700.0
7575,957.5,727663.847
7576,957.6,785700.0
7577,957.7,845600.0
7578,957.8,907100.0
7579,957.9,969800.0
7580,958.0,1033693.028
7581,958.1,1098000.0
7582,958.2,1162000.0
7583,958.3,1226000.0
7584,958.4,1289761.571
7585,958.5,1352000.0
7586,958.6,1412000.0
7587,958.7,1471000.0
7588,958.8,1527000.0
7589,958.9,1579827.54
7590,959.0,1629000.0
7591,959.1,1674000.0
7592,959.2,1715000.0
7593,959.3,1751248.837
7594,959.4,1782000.0
7595,959.5,1807000.0
7596,959.6,1827000.0
7597,959.7,1841000.0
7598,959.8,1848986.297
7599,959.9,1851000.0
7600,960.0,1847000.0
7601,960.1,1837000.0
7602,960.2,1821024.22
7603,960.3,1799000.0
7604,960.4,1771000.0
7605,960.5,1738000.0
7606,960.6,1701000.0
7607,960.7,1658192.139
7608,960.8,1611000.0
7609,960.9,1561000.0
7610,961.0,1507000.0
7611,961.1,1450087.575
7612,961.2,1391000.0
7613,961.3,1330000.0
7614,961.4,1267000.0
7615,961.5,1203000.0
7616,961.6,1138965.731
7617,961.7,1075000.0
7618,961.8,1011000.0
7619,961.9,947200.0
7620,962.0,884819.608
7621,962.1,824000.0
7622,962.2,764700.0
7623,962.3,707400.0
7624,962.4,652200.0
7625,962.5,599362.463
7626,962.6,549000.0
7627,962.7,501200.0
7628,962.8,456100.0
7629,962.9,413600.0
7630,963.0,373866.11
7631,963.1,336900.0
7632,963.2,302600.0
7633,963.3,270800.0
7634,963.4,241556.359
7635,963.5,214800.0
7636,963.6,190400.0
7637,963.7,168200.0
7638,963.8,148100.0
7639,963.9,129978.378
7640,964.0,113700.0
7641,964.1,99130.0
7642,964.2,86140.0
7643,964.3,74608.756
7644,964.4,64410.0
7645,964.5,55420.0
7646,964.6,47530.0
7647,964.7,40630.0
7648,964.8,34619.498
7649,964.9,29400.0
7650,965.0,24880.0
7651,965.1,20990.0
7652,965.2,17647.173
7653,965.3,14790.0
7654,965.4,12360.0
7655,965.5,10290.0
7656,965.6,8537.0
7657,965.7,7060.761
7658,965.8,5822.0
7659,965.9,4784.0
7660,966.0,3918.0
7661,966.1,3198.022
7662,966.2,2602.0
7663,966.3,2110.0
7664,966.4,1706.0
7665,966.5,1374.0
7666,966.6,1103.19
7667,966.7,883.3
7668,966.8,704.6
7669,966.9,560.3
7670,967.0,443.986
7671,967.1,350.7
7672,967.2,276.1
7673,967.3,216.7
7674,967.4,169.5
7675,967.5,132.133
7676,967.6,102.7
7677,967.7,79.51
7678,967.8,61.37
7679,967.9,47.22
7680,968.0,36.203
7681,968.1,27.68
7682,968.2,21.09
7683,968.3,16.01
7684,968.4,12.112
7685,968.5,9.141
7686,968.6,6.873
7687,968.7,5.15
7688,968.8,3.847
7689,968.9,2.863
7690,969.0,2.125
7691,969.1,1.572
7692,969.2,1.159
7693,969.3,0.851
7694,969.4,0.624
7695,969.5,0.455
7696,969.6,0.331
7697,969.7,0.24
7698,969.8,0.174
7699,969.9,0.125
7700,970.0,0.09
7701,970.1,0.065
7702,970.2,0.046
7703,970.3,0.033
7704,970.4,0.024
7705,970.5,0.018
7706,970.6,0.013
7707,970.7,0.01
7708,970.8,0.009
7709,970.9,0.008
7710,971.0,0.008
7711,971.1,0.009
7712,971.2,0.011
7713,971.3,0.014
7714,971.4,0.018
7715,971.5,0.023
7716,971.6,0.03
7717,971.7,0.039
7718,971.8,0.051
7719,971.9,0.066
7720,972.0,0.086
7721,972.1,0.112
7722,972.2,0.144
7723,972.3,0.186
7724,972.4,0.239
7725,972.5,0.305
7726,972.6,0.389
7727,972.7,0.495
7728,972.8,0.627
7729,972.9,0.793
7730,973.0,0.999
7731,973.1,1.254
7732,973.2,1.569
7733,973.3,1.958
7734,973.4,2.435
7735,973.5,3.019
7736,973.6,3.731
7737,973.7,4.597
7738,973.8,5.646
7739,973.9,6.914
7740,974.0,8.437
7741,974.1,10.26
7742,974.2,12.45
7743,974.3,15.051
7744,974.4,18.14
7745,974.5,21.8
7746,974.6,26.11
7747,974.7,31.17
7748,974.8,37.097
7749,974.9,44.02
7750,975.0,52.07
7751,975.1,61.39
7752,975.2,72.159
7753,975.3,84.55
7754,975.4,98.75
7755,975.5,115.0
7756,975.6,133.5
7757,975.7,154.437
7758,975.8,178.1
7759,975.9,204.8
7760,976.0,234.8
7761,976.1,268.303
7762,976.2,305.6
7763,976.3,347.0
7764,976.4,392.8
7765,976.5,443.3
7766,976.6,498.66
7767,976.7,559.2
7768,976.8,625.2
7769,976.9,696.7
7770,977.0,774.049
7771,977.1,857.2
7772,977.2,946.3
7773,977.3,1042.0
7774,977.4,1143.0
7775,977.5,1250.173
7776,977.6,1363.0
7777,977.7,1481.0
7778,977.8,1605.0
7779,977.9,1733.0
7780,978.0,1865.698
7781,978.1,2003.0
7782,978.2,2144.0
7783,978.3,2287.0
7784,978.4,2431.987
7785,978.5,2578.0
7786,978.6,2724.0
7787,978.7,2870.0
7788,978.8,3015.0
7789,978.9,3156.281
7790,979.0,3294.0
7791,979.1,3428.0
7792,979.2,3555.0
7793,979.3,3676.034
7794,979.4,3790.0
7795,979.5,3895.0
7796,979.6,3990.0
7797,979.7,4075.0
7798,979.8,4149.154
7799,979.9,4212.0
7800,980.0,4263.0
7801,980.1,4301.0
7802,980.2,4326.059
7803,980.3,4338.0
7804,980.4,4337.0
7805,980.5,4324.0
7806,980.6,4297.0
7807,980.7,4258.586
7808,980.8,4209.0
7809,980.9,4148.0
7810,981.0,4077.0
7811,981.1,3996.428
7812,981.2,3908.0
7813,981.3,3813.0
7814,981.4,3711.0
7815,981.5,3606.0
7816,981.6,3497.468
7817,981.7,3387.0
7818,981.8,3277.0
7819,981.9,3169.0
7820,982.0,3064.046
7821,982.1,2964.0
7822,982.2,2871.0
7823,982.3,2787.0
7824,982.4,2713.0
7825,982.5,2651.228
7826,982.6,2604.0
7827,982.7,2573.0
7828,982.8,2559.0
7829,982.9,2566.0
7830,983.0,2594.461
7831,983.1,2646.0
7832,983.2,2723.0
7833,983.3,2828.0
7834,983.4,2962.351
7835,983.5,3128.0
7836,983.6,3327.0
7837,983.7,3561.0
7838,983.8,3832.0
7839,983.9,4141.662
7840,984.0,4492.0
7841,984.1,4885.0
7842,984.2,5322.0
7843,984.3,5804.156
7844,984.4,6333.0
7845,984.5,6910.0
7846,984.6,7536.0
7847,984.7,8212.0
7848,984.8,8938.966
7849,984.9,9715.0
7850,985.0,10540.0
7851,985.1,11420.0
7852,985.2,12349.739
7853,985.3,13330.0
7854,985.4,14360.0
7855,985.5,15430.0
7856,985.6,16550.0
7857,985.7,17715.11
7858,985.8,18920.0
7859,985.9,20160.0
7860,986.0,21430.0
7861,986.1,22731.6
7862,986.2,24060.0
7863,986.3,25410.0
7864,986.4,26780.0
7865,986.5,28160.0
7866,986.6,29549.91
7867,986.7,30940.0
7868,986.8,32320.0
7869,986.9,33690.0
7870,987.0,35047.687
7871,987.1,36390.0
7872,987.2,37710.0
7873,987.3,38990.0
7874,987.4,40230.0
7875,987.5,41434.265
7876,987.6,42600.0
7877,987.7,43720.0
7878,987.8,44780.0
7879,987.9,45780.0
7880,988.0,46730.65
7881,988.1,47620.0
7882,988.2,48440.0
7883,988.3,49210.0
7884,988.4,49911.932
7885,988.5,50550.0
7886,988.6,51130.0
7887,988.7,51640.0
7888,988.8,52100.0
7889,988.9,52504.641
7890,989.0,52850.0
7891,989.1,53140.0
7892,989.2,53390.0
7893,989.3,53591.995
7894,989.4,53750.0
7895,989.5,53870.0
7896,989.6,53950.0
7897,989.7,54000.0
7898,989.8,54022.971
7899,989.9,54020.0
7900,990.0,53990.0
7901,990.1,53930.0
7902,990.2,53858.319
7903,990.3,53770.0
7904,990.4,53660.0
7905,990.5,53540.0
7906,990.6,53390.0
7907,990.7,53232.365
7908,990.8,53060.0
7909,990.9,52860.0
7910,991.0,52640.0
7911,991.1,52401.642
7912,991.2,52140.0
7913,991.3,51850.0
7914,991.4,51530.0
7915,991.5,51180.0
7916,991.6,50799.04
7917,991.7,50380.0
7918,991.8,49920.0
7919,991.9,49430.0
7920,992.0,48894.538
7921,992.1,48310.0
7922,992.2,47680.0
7923,992.3,47010.0
7924,992.4,46290.0
7925,992.5,45525.719
7926,992.6,44720.0
7927,992.7,43870.0
7928,992.8,42970.0
7929,992.9,42040.0
7930,993.0,41061.083
7931,993.1,40040.0
7932,993.2,38990.0
7933,993.3,37910.0
7934,993.4,36798.333
7935,993.5,35660.0
7936,993.6,34500.0
7937,993.7,33320.0
7938,993.8,32130.0
7939,993.9,30934.073
7940,994.0,29730.0
7941,994.1,28520.0
7942,994.2,27320.0
7943,994.3,26122.515
7944,994.4,24930.0
7945,994.5,23750.0
7946,994.6,22590.0
7947,994.7,21450.0
7948,994.8,20330.9
7949,994.9,19240.0
7950,995.0,18180.0
7951,995.1,17140.0
7952,995.2,16138.073
7953,995.3,15170.0
7954,995.4,14230.0
7955,995.5,13330.0
7956,995.6,12460.0
7957,995.7,11629.185
7958,995.8,10840.0
7959,995.9,10090.0
7960,996.0,9374.0
7961,996.1,8693.333
7962,996.2,8049.0
7963,996.3,7441.0
7964,996.4,6868.0
7965,996.5,6329.0
7966,996.6,5822.516
7967,996.7,5348.0
7968,996.8,4905.0
7969,996.9,4492.0
7970,997.0,4106.799
7971,997.1,3749.0
7972,997.2,3418.0
7973,997.3,3111.0
7974,997.4,2827.0
7975,997.5,2564.965
7976,997.6,2324.0
7977,997.7,2103.0
7978,997.8,1900.0
7979,997.9,1714.0
7980,998.0,1544.192
7981,998.1,1389.0
7982,998.2,1247.0
7983,998.3,1118.0
7984,998.4,1001.32
7985,998.5,895.6
7986,998.6,799.6
7987,998.7,712.9
7988,998.8,634.7
7989,998.9,564.15
7990,999.0,500.7
7991,999.1,443.8
7992,999.2,392.7
7993,999.3,346.917
7994,999.4,306.0
7995,999.5,269.5
7996,999.6,237.0
7997,999.7,208.0
7998,999.8,182.208
7999,999.9,159.5
