,wavelength,intensity
0,200.0,464100.0
1,200.1,1101000.0
2,200.2,2399047.151
3,200.3,4947000.0
4,200.4,9370000.0
5,200.5,16460000.0
6,200.6,26830000.0
7,200.7,40641575.213
8,200.8,56890000.0
9,200.9,74030000.0
10,201.0,89430000.0
11,201.1,100254708.552
12,201.2,104800000.0
13,201.3,102200000.0
14,201.4,93920000.0
15,201.5,82860000.0
16,201.6,72748477.648
17,201.7,66770000.0
18,201.8,67480000.0
19,201.9,75480000.0
20,202.0,89832621.514
21,202.1,108100000.0
22,202.2,127400000.0
23,202.3,144500000.0
24,202.4,156700000.0
25,202.5,162360378.516
26,202.6,161000000.0
27,202.7,152600000.0
28,202.8,138200000.0
29,202.9,119800000.0
30,203.0,99486827.255
31,203.1,79400000.0
32,203.2,61510000.0
33,203.3,46940000.0
34,203.4,36084554.456
35,203.5,28480000.0
36,203.6,23390000.0
37,203.7,19820000.0
38,203.8,16970000.0
39,203.9,14314965.43
40,204.0,11710000.0
41,204.1,9148000.0
42,204.2,6811000.0
43,204.3,4856787.731
44,204.4,3349000.0
45,204.5,2309000.0
46,204.6,1671000.0
47,204.7,1354000.0
48,204.8,1300248.993
49,204.9,1525000.0
50,205.0,2082000.0
51,205.1,3113000.0
52,205.2,4796427.391
53,205.3,7284000.0
54,205.4,10690000.0
55,205.5,14990000.0
56,205.6,20030000.0
57,205.7,25573554.48
58,205.8,31340000.0
59,205.9,37050000.0
60,206.0,42470000.0
61,206.1,47374297.732
62,206.2,51390000.0
63,206.3,54080000.0
64,206.4,54930000.0
65,206.5,53520000.0
66,206.6,49689116.776
67,206.7,43810000.0
68,206.8,36470000.0
69,206.9,28600000.0
70,207.0,21111144.741
71,207.1,14620000.0
72,207.2,9576000.0
73,207.3,6031000.0
74,207.4,3861000.0
75,207.5,2845059.909
76,207.6,2764000.0
77,207.7,3412000.0
78,207.8,4608000.0
79,207.9,6152000.0
80,208.0,7801950.514
81,208.1,9273000.0
82,208.2,10290000.0
83,208.3,10660000.0
84,208.4,10286703.443
85,208.5,9271000.0
86,208.6,7787000.0
87,208.7,6102000.0
88,208.8,4463000.0
89,208.9,3056932.944
90,209.0,1953000.0
91,209.1,1174000.0
92,209.2,668100.0
93,209.3,362434.8
94,209.4,192800.0
95,209.5,102700.0
96,209.6,58380.0
97,209.7,40580.0
98,209.8,41596.456
99,209.9,65170.0
100,210.0,119400.0
101,210.1,221100.0
102,210.2,391967.467
103,210.3,651900.0
104,210.4,1016000.0
105,210.5,1479000.0
106,210.6,2011000.0
107,210.7,2554322.096
108,210.8,3030000.0
109,210.9,3358000.0
110,211.0,3476000.0
111,211.1,3360054.365
112,211.2,3043000.0
113,211.3,2580000.0
114,211.4,2062000.0
115,211.5,1579000.0
116,211.6,1208895.2
117,211.7,1005000.0
118,211.8,1011000.0
119,211.9,1255000.0
120,212.0,1752517.52
121,212.1,2494000.0
122,212.2,3454000.0
123,212.3,4563000.0
124,212.4,5716000.0
125,212.5,6782671.8
126,212.6,7644000.0
127,212.7,8198000.0
128,212.8,8402000.0
129,212.9,8270000.0
130,213.0,7864552.163
131,213.1,7270000.0
132,213.2,6569000.0
133,213.3,5821000.0
134,213.4,5061102.267
135,213.5,4304000.0
136,213.6,3561000.0
137,213.7,2848000.0
138,213.8,2189000.0
139,213.9,1611550.228
140,214.0,1135000.0
141,214.1,772100.0
142,214.2,517400.0
143,214.3,355330.098
144,214.4,263200.0
145,214.5,217400.0
146,214.6,197600.0
147,214.7,188700.0
148,214.8,181838.312
149,214.9,175000.0
150,215.0,168500.0
151,215.1,166000.0
152,215.2,171132.908
153,215.3,185300.0
154,215.4,208600.0
155,215.5,237800.0
156,215.6,267700.0
157,215.7,292817.917
158,215.8,309700.0
159,215.9,316700.0
160,216.0,317400.0
161,216.1,318885.78
162,216.2,334700.0
163,216.3,381800.0
164,216.4,485700.0
165,216.5,680500.0
166,216.6,1009848.955
167,216.7,1521000.0
168,216.8,2258000.0
169,216.9,3246000.0
170,217.0,4475666.1
171,217.1,5881000.0
172,217.2,7372000.0
173,217.3,8822000.0
174,217.4,10120000.0
175,217.5,11174174.179
176,217.6,11970000.0
177,217.7,12520000.0
178,217.8,12870000.0
179,217.9,13080000.0
180,218.0,13192418.604
181,218.1,13320000.0
182,218.2,13620000.0
183,218.3,14370000.0
184,218.4,15973088.615
185,218.5,18890000.0
186,218.6,23550000.0
187,218.7,30170000.0
188,218.8,38640000.0
189,218.9,48378594.023
190,219.0,58310000.0
191,219.1,67210000.0
192,219.2,73720000.0
193,219.3,76804444.357
194,219.4,76240000.0
195,219.5,72210000.0
196,219.6,65790000.0
197,219.7,58450000.0
198,219.8,51772434.59
199,219.9,46990000.0
200,220.0,45070000.0
201,220.1,46260000.0
202,220.2,50307526.824
203,220.3,56410000.0
204,220.4,63580000.0
205,220.5,70640000.0
206,220.6,76580000.0
207,220.7,80673129.673
208,220.8,82780000.0
209,220.9,83020000.0
210,221.0,81990000.0
211,221.1,80396963.998
212,221.2,78810000.0
213,221.3,77690000.0
214,221.4,77160000.0
215,221.5,77050000.0
216,221.6,77037029.367
217,221.7,76700000.0
218,221.8,75610000.0
219,221.9,73400000.0
220,222.0,69837161.342
221,222.1,64940000.0
222,222.2,58870000.0
223,222.3,52120000.0
224,222.4,45290000.0
225,222.5,39100354.26
226,222.6,34120000.0
227,222.7,30800000.0
228,222.8,29260000.0
229,222.9,29290000.0
230,223.0,30425785.878
231,223.1,32020000.0
232,223.2,33420000.0
233,223.3,34130000.0
234,223.4,33945604.724
235,223.5,33170000.0
236,223.6,32340000.0
237,223.7,32440000.0
238,223.8,34530000.0
239,223.9,39582126.234
240,224.0,47970000.0
241,224.1,59690000.0
242,224.2,73760000.0
243,224.3,88542918.819
244,224.4,102000000.0
245,224.5,112100000.0
246,224.6,117400000.0
247,224.7,117600000.0
248,224.8,113228602.35
249,224.9,106000000.0
250,225.0,97910000.0
251,225.1,90900000.0
252,225.2,86381954.164
253,225.3,84710000.0
254,225.4,85780000.0
255,225.5,88640000.0
256,225.6,92100000.0
257,225.7,94986954.843
258,225.8,96550000.0
259,225.9,96270000.0
260,226.0,94160000.0
261,226.1,90583335.503
262,226.2,86060000.0
263,226.3,81120000.0
264,226.4,76190000.0
265,226.5,71500000.0
266,226.6,67101627.035
267,226.7,62930000.0
268,226.8,58910000.0
269,226.9,55020000.0
270,227.0,51329352.841
271,227.1,48110000.0
272,227.2,45750000.0
273,227.3,44990000.0
274,227.4,47030000.0
275,227.5,53656375.709
276,227.6,67770000.0
277,227.7,92790000.0
278,227.8,132999999.999
279,227.9,192399999.999
280,228.0,274162238.243
281,228.1,377599999.998
282,228.2,499699999.998
283,228.3,631499999.998
284,228.4,759999152.14
285,228.5,870099999.998
286,228.6,947199999.999
287,228.7,981300000.0
288,228.8,968900000.001
289,228.9,913852307.257
290,229.0,827000000.002
291,229.1,721100000.002
292,229.2,610200000.002
293,229.3,505481790.226
294,229.4,413400000.001
295,229.5,338400000.001
296,229.6,281000000.001
297,229.7,240500000.001
298,229.8,216106028.665
299,229.9,207900000.0
300,230.0,216500000.0
301,230.1,243999999.999
302,230.2,293606912.689
303,230.3,367599999.998
304,230.4,467499999.998
305,230.5,592199999.998
306,230.6,736599999.997
307,230.7,892557366.642
308,230.8,1047999999.997
309,230.9,1189999999.998
310,231.0,1305999999.998
311,231.1,1385368211.874
312,231.2,1422000000.0
313,231.3,1412000000.001
314,231.4,1357000000.001
315,231.5,1264000000.002
316,231.6,1142707985.509
317,231.7,1007000000.002
318,231.8,871300000.002
319,231.9,748500000.002
320,232.0,650379421.405
321,232.1,582000000.001
322,232.2,545100000.0
323,232.3,534600000.0
324,232.4,541300000.0
325,232.5,553956823.944
326,232.6,562600000.0
327,232.7,558700000.0
328,232.8,538400000.001
329,232.9,502200000.001
330,233.0,454260462.454
331,233.1,400800000.001
332,233.2,348300000.001
333,233.3,302500000.001
334,233.4,266950338.879
335,233.5,242700000.0
336,233.6,229800000.0
337,233.7,226500000.0
338,233.8,230900000.0
339,233.9,241259283.421
340,234.0,256300000.0
341,234.1,275000000.0
342,234.2,296700000.0
343,234.3,320151739.512
344,234.4,344000000.0
345,234.5,366800000.0
346,234.6,386900000.0
347,234.7,403400000.0
348,234.8,415585997.298
349,234.9,423500000.0
350,235.0,427400000.0
351,235.1,427500000.0
352,235.2,423757307.02
353,235.3,416400000.0
354,235.4,406000000.0
355,235.5,394300000.0
356,235.6,384100000.0
357,235.7,378879132.748
358,235.8,381500000.0
359,235.9,394000000.0
360,236.0,415599999.999
361,236.1,443085743.508
362,236.2,470699999.999
363,236.3,492000000.0
364,236.4,500600000.0
365,236.5,492600000.0
366,236.6,467091871.306
367,236.7,427800000.001
368,236.8,380200000.001
369,236.9,332500000.001
370,237.0,293235685.661
371,237.1,269200000.0
372,237.2,266000000.0
373,237.3,285899999.999
374,237.4,328499999.999
375,237.5,390791622.617
376,237.6,467699999.998
377,237.7,553599999.998
378,237.8,642599999.998
379,237.9,730199999.998
380,238.0,813688111.243
381,238.1,892799999.998
382,238.2,968099999.998
383,238.3,1040999999.998
384,238.4,1111557096.881
385,238.5,1176999999.999
386,238.6,1232999999.999
387,238.7,1271999999.999
388,238.8,1287000000.0
389,238.9,1271574567.172
390,239.0,1223000000.001
391,239.1,1142000000.002
392,239.2,1038000000.003
393,239.3,919233706.282
394,239.4,797000000.003
395,239.5,682700000.002
396,239.6,583500000.002
397,239.7,503500000.002
398,239.8,443945192.128
399,239.9,404000000.001
400,240.0,382300000.0
401,240.1,377000000.0
402,240.2,386177982.764
403,240.3,407099999.999
404,240.4,436599999.999
405,240.5,470599999.999
406,240.6,504599999.999
407,240.7,534741164.32
408,240.8,559200000.0
409,240.9,577200000.0
410,241.0,590300000.0
411,241.1,600998657.807
412,241.2,611400000.0
413,241.3,622900000.0
414,241.4,634400000.0
415,241.5,643100000.0
416,241.6,644737847.195
417,241.7,635600000.0
418,241.8,612800000.001
419,241.9,576100000.001
420,242.0,527414310.032
421,242.1,470900000.001
422,242.2,411300000.001
423,242.3,353500000.001
424,242.4,301400000.001
425,242.5,257519251.241
426,242.6,222500000.001
427,242.7,196300000.001
428,242.8,177800000.0
429,242.9,165500000.0
430,243.0,157878583.409
431,243.1,153300000.0
432,243.2,150300000.0
433,243.3,148100000.0
434,243.4,145827207.695
435,243.5,143300000.0
436,243.6,140600000.0
437,243.7,138100000.0
438,243.8,136400000.0
439,243.9,135920318.268
440,244.0,136900000.0
441,244.1,139500000.0
442,244.2,143600000.0
443,244.3,148592549.129
444,244.4,153600000.0
445,244.5,157700000.0
446,244.6,159900000.0
447,244.7,159100000.0
448,244.8,154747448.407
449,244.9,146600000.0
450,245.0,134700000.0
451,245.1,120000000.0
452,245.2,103551074.005
453,245.3,86730000.0
454,245.4,70960000.0
455,245.5,57430000.0
456,245.6,47070000.0
457,245.7,40381707.544
458,245.8,37370000.0
459,245.9,37820000.0
460,246.0,41050000.0
461,246.1,46172348.535
462,246.2,52120000.0
463,246.3,57800000.0
464,246.4,62220000.0
465,246.5,64600000.0
466,246.6,64495882.423
467,246.7,61960000.0
468,246.8,57260000.0
469,246.9,51080000.0
470,247.0,44217141.863
471,247.1,37430000.0
472,247.2,31410000.0
473,247.3,26590000.0
474,247.4,23180000.0
475,247.5,21196856.748
476,247.6,20490000.0
477,247.7,20880000.0
478,247.8,22210000.0
479,247.9,24350000.0
480,248.0,27221094.166
481,248.1,30730000.0
482,248.2,34750000.0
483,248.3,39030000.0
484,248.4,43194249.552
485,248.5,46760000.0
486,248.6,49240000.0
487,248.7,50250000.0
488,248.8,49590000.0
489,248.9,47302227.605
490,249.0,43750000.0
491,249.1,39410000.0
492,249.2,34930000.0
493,249.3,30996645.803
494,249.4,28220000.0
495,249.5,27170000.0
496,249.6,28330000.0
497,249.7,32140000.0
498,249.8,39018908.763
499,249.9,49260000.0
500,250.0,63040000.0
501,250.1,80179999.999
502,250.2,100144108.763
503,250.3,121599999.999
504,250.4,142999999.999
505,250.5,162599999.999
506,250.6,178300000.0
507,250.7,188542320.983
508,250.8,192700000.0
509,250.9,190600000.0
510,251.0,183200000.0
511,251.1,172316042.146
512,251.2,160200000.0
513,251.3,149200000.0
514,251.4,141600000.0
515,251.5,139100000.0
516,251.6,142918285.944
517,251.7,153200000.0
518,251.8,169699999.999
519,251.9,191499999.999
520,252.0,216938841.413
521,252.1,244399999.999
522,252.2,272199999.999
523,252.3,298399999.999
524,252.4,321599999.999
525,252.5,339851718.207
526,252.6,351700000.0
527,252.7,355900000.0
528,252.8,351500000.0
529,252.9,338400000.001
530,253.0,317295650.546
531,253.1,290000000.001
532,253.2,258700000.001
533,253.3,226100000.001
534,253.4,195017821.365
535,253.5,167500000.001
536,253.6,145200000.001
537,253.7,128800000.0
538,253.8,117900000.0
539,253.9,111693560.095
540,254.0,108800000.0
541,254.1,107700000.0
542,254.2,106900000.0
543,254.3,105136693.602
544,254.4,101800000.0
545,254.5,96550000.0
546,254.6,89560000.0
547,254.7,81430000.0
548,254.8,73024474.893
549,254.9,65370000.0
550,255.0,59510000.0
551,255.1,56430000.0
552,255.2,56999895.789
553,255.3,61750000.0
554,255.4,71030000.0
555,255.5,84710000.0
556,255.6,102199999.999
557,255.7,122666864.282
558,255.8,144599999.999
559,255.9,166299999.999
560,256.0,185999999.999
561,256.1,201980219.928
562,256.2,212700000.0
563,256.3,216900000.0
564,256.4,214300000.0
565,256.5,205100000.0
566,256.6,190274434.381
567,256.7,171800000.001
568,256.8,152000000.001
569,256.9,133700000.001
570,257.0,119763094.854
571,257.1,112900000.0
572,257.2,115600000.0
573,257.3,129399999.999
574,257.4,154799999.999
575,257.5,191489610.587
576,257.6,237199999.998
577,257.7,288899999.998
578,257.8,342299999.998
579,257.9,392299999.998
580,258.0,434000097.444
581,258.1,463599999.999
582,258.2,478100000.0
583,258.3,476800000.0
584,258.4,460590607.003
585,258.5,431900000.001
586,258.6,393700000.001
587,258.7,349600000.002
588,258.8,302700000.002
589,258.9,255745518.747
590,259.0,210700000.001
591,259.1,169200000.001
592,259.2,132300000.001
593,259.3,100588194.947
594,259.4,74240000.001
595,259.5,53260000.001
596,259.6,37300000.0
597,259.7,25820000.0
598,259.8,18144343.69
599,259.9,13560000.0
600,260.0,11370000.0
601,260.1,10960000.0
602,260.2,11809487.416
603,260.3,13560000.0
604,260.4,15920000.0
605,260.5,18730000.0
606,260.6,21930000.0
607,260.7,25490647.782
608,260.8,29400000.0
609,260.9,33630000.0
610,261.0,38050000.0
611,261.1,42398771.424
612,261.2,46320000.0
613,261.3,49430000.0
614,261.4,51340000.0
615,261.5,51790000.0
616,261.6,50650292.263
617,261.7,48060000.0
618,261.8,44270000.0
619,261.9,39720000.0
620,262.0,34899069.843
621,262.1,30270000.0
622,262.2,26270000.0
623,262.3,23240000.0
624,262.4,21400000.0
625,262.5,20861826.531
626,262.6,21570000.0
627,262.7,23400000.0
628,262.8,26080000.0
629,262.9,29200000.0
630,263.0,32316374.046
631,263.1,34970000.0
632,263.2,36730000.0
633,263.3,37310000.0
634,263.4,36574298.896
635,263.5,34610000.0
636,263.6,31600000.0
637,263.7,27900000.0
638,263.8,23900000.0
639,263.9,19994400.693
640,264.0,16500000.0
641,264.1,13680000.0
642,264.2,11660000.0
643,264.3,10478510.261
644,264.4,10080000.0
645,264.5,10370000.0
646,264.6,11190000.0
647,264.7,12390000.0
648,264.8,13841734.605
649,264.9,15450000.0
650,265.0,17160000.0
651,265.1,19040000.0
652,265.2,21190145.753
653,265.3,23820000.0
654,265.4,27180000.0
655,265.5,31550000.0
656,265.6,37150000.0
657,265.7,44099857.039
658,265.8,52230000.0
659,265.9,61220000.0
660,266.0,70400000.0
661,266.1,78884354.18
662,266.2,85730000.0
663,266.3,90030000.0
664,266.4,91130000.0
665,266.5,88800000.0
666,266.6,83199725.032
667,266.7,74980000.0
668,266.8,64960000.0
669,266.9,54170000.0
670,267.0,43558701.072
671,267.1,33820000.0
672,267.2,25500000.0
673,267.3,18780000.0
674,267.4,13670000.0
675,267.5,9973569.173
676,267.6,7439000.0
677,267.7,5812000.0
678,267.8,4848000.0
679,267.9,4363000.0
680,268.0,4226649.881
681,268.1,4380000.0
682,268.2,4794000.0
683,268.3,5497000.0
684,268.4,6548885.106
685,268.5,8031000.0
686,268.6,10030000.0
687,268.7,12620000.0
688,268.8,15810000.0
689,268.9,19544582.015
690,269.0,23620000.0
691,269.1,27770000.0
692,269.2,31620000.0
693,269.3,34770505.002
694,269.4,36880000.0
695,269.5,37670000.0
696,269.6,37070000.0
697,269.7,35160000.0
698,269.8,32195063.124
699,269.9,28560000.0
700,270.0,24660000.0
701,270.1,20880000.0
702,270.2,17540445.105
703,270.3,14800000.0
704,270.4,12750000.0
705,270.5,11360000.0
706,270.6,10530000.0
707,270.7,10128021.394
708,270.8,10020000.0
709,270.9,10080000.0
710,271.0,10210000.0
711,271.1,10322094.804
712,271.2,10350000.0
713,271.3,10240000.0
714,271.4,9962000.0
715,271.5,9485000.0
716,271.6,8816000.449
717,271.7,7987000.0
718,271.8,7040000.0
719,271.9,6041000.0
720,272.0,5057235.633
721,272.1,4146000.0
722,272.2,3357000.0
723,272.3,2716000.0
724,272.4,2229000.0
725,272.5,1884661.456
726,272.6,1658000.0
727,272.7,1520000.0
728,272.8,1438000.0
729,272.9,1385000.0
730,273.0,1337969.485
731,273.1,1284000.0
732,273.2,1214000.0
733,273.3,1125000.0
734,273.4,1019834.525
735,273.5,903500.0
736,273.6,781500.0
737,273.7,660100.0
738,273.8,545000.0
739,273.9,441026.915
740,274.0,351900.0
741,274.1,280700.0
742,274.2,229000.0
743,274.3,197876.573
744,274.4,187200.0
745,274.5,196200.0
746,274.6,222800.0
747,274.7,264300.0
748,274.8,316658.614
749,274.9,374800.0
750,275.0,433400.0
751,275.1,486900.0
752,275.2,530263.187
753,275.3,560600.0
754,275.4,576300.0
755,275.5,579000.0
756,275.6,572600.0
757,275.7,563199.505
758,275.8,557800.0
759,275.9,563300.0
760,276.0,585500.0
761,276.1,628268.423
762,276.2,692200.0
763,276.3,776500.0
764,276.4,878000.0
765,276.5,993200.0
766,276.6,1118397.333
767,276.7,1253000.0
768,276.8,1397000.0
769,276.9,1550000.0
770,277.0,1713204.633
771,277.1,1885000.0
772,277.2,2061000.0
773,277.3,2230000.0
774,277.4,2380000.0
775,277.5,2493208.978
776,277.6,2555000.0
777,277.7,2553000.0
778,277.8,2481000.0
779,277.9,2343000.0
780,278.0,2147914.097
781,278.1,1913000.0
782,278.2,1658000.0
783,278.3,1404000.0
784,278.4,1169499.392
785,278.5,966900.0
786,278.6,805700.0
787,278.7,688900.0
788,278.8,615100.0
789,278.9,579277.424
790,279.0,573200.0
791,279.1,587800.0
792,279.2,613200.0
793,279.3,639669.198
794,279.4,660000.0
795,279.5,668300.0
796,279.6,661800.0
797,279.7,640600.0
798,279.8,606983.544
799,279.9,565000.0
800,280.0,519000.0
801,280.1,473100.0
802,280.2,430805.065
803,280.3,393600.0
804,280.4,362300.0
805,280.5,336800.0
806,280.6,316000.0
807,280.7,299213.462
808,280.8,285900.0
809,280.9,275700.0
810,281.0,269000.0
811,281.1,266378.325
812,281.2,268400.0
813,281.3,275500.0
814,281.4,287600.0
815,281.5,304300.0
816,281.6,324420.252
817,281.7,346100.0
818,281.8,367300.0
819,281.9,385700.0
820,282.0,398763.446
821,282.1,404600.0
822,282.2,401700.0
823,282.3,389500.0
824,282.4,368400.0
825,282.5,339671.075
826,282.6,305400.0
827,282.7,267900.0
828,282.8,229700.0
829,282.9,193200.0
830,283.0,160086.892
831,283.1,131400.0
832,283.2,107900.0
833,283.3,89680.0
834,283.4,76440.841
835,283.5,67770.0
836,283.6,63260.0
837,283.7,62610.0
838,283.8,65680.0
839,283.9,72452.093
840,284.0,82920.0
841,284.1,97000.0
842,284.2,114300.0
843,284.3,134158.8
844,284.4,155300.0
845,284.5,176200.0
846,284.6,195000.0
847,284.7,209900.0
848,284.8,219232.693
849,284.9,222300.0
850,285.0,218900.0
851,285.1,209900.0
852,285.2,197010.673
853,285.3,182900.0
854,285.4,170600.0
855,285.5,163700.0
856,285.6,165900.0
857,285.7,181367.695
858,285.8,214600.0
859,285.9,270200.0
860,286.0,353100.0
861,286.1,468431.438
862,286.2,620100.0
863,286.3,810900.0
864,286.4,1040000.0
865,286.5,1303000.0
866,286.6,1590437.706
867,286.7,1885000.0
868,286.8,2167000.0
869,286.9,2414000.0
870,287.0,2602951.327
871,287.1,2717000.0
872,287.2,2743000.0
873,287.3,2678000.0
874,287.4,2530000.0
875,287.5,2314460.519
876,287.6,2054000.0
877,287.7,1773000.0
878,287.8,1496000.0
879,287.9,1244000.0
880,288.0,1032300.979
881,288.1,869400.0
882,288.2,760500.0
883,288.3,703400.0
884,288.4,692548.277
885,288.5,718600.0
886,288.6,770900.0
887,288.7,837100.0
888,288.8,904200.0
889,288.9,960154.374
890,289.0,995600.0
891,289.1,1003000.0
892,289.2,979700.0
893,289.3,926002.544
894,289.4,846900.0
895,289.5,749000.0
896,289.6,640700.0
897,289.7,530300.0
898,289.8,425271.528
899,289.9,330500.0
900,290.0,249600.0
901,290.1,183600.0
902,290.2,132300.031
903,290.3,94270.0
904,290.4,67770.0
905,290.5,51040.0
906,290.6,42630.0
907,290.7,41517.964
908,290.8,47190.0
909,290.9,59300.0
910,291.0,77700.0
911,291.1,102084.603
912,291.2,131700.0
913,291.3,165500.0
914,291.4,201700.0
915,291.5,238200.0
916,291.6,272428.124
917,291.7,302400.0
918,291.8,326500.0
919,291.9,344000.0
920,292.0,355327.785
921,292.1,362300.0
922,292.2,367100.0
923,292.3,372200.0
924,292.4,380100.0
925,292.5,392171.909
926,292.6,408200.0
927,292.7,427300.0
928,292.8,447200.0
929,292.9,465000.0
930,293.0,478265.435
931,293.1,485700.0
932,293.2,486800.0
933,293.3,483300.0
934,293.4,478166.646
935,293.5,475200.0
936,293.6,478300.0
937,293.7,490800.0
938,293.8,514700.0
939,293.9,550660.781
940,294.0,598000.0
941,294.1,655800.0
942,294.2,723600.0
943,294.3,802554.958
944,294.4,896300.0
945,294.5,1010000.0
946,294.6,1152000.0
947,294.7,1329000.0
948,294.8,1546165.244
949,294.9,1802000.0
950,295.0,2091000.0
951,295.1,2398000.0
952,295.2,2702063.625
953,295.3,2976000.0
954,295.4,3192000.0
955,295.5,3326000.0
956,295.6,3359000.0
957,295.7,3284504.21
958,295.8,3109000.0
959,295.9,2845000.0
960,296.0,2518000.0
961,296.1,2155036.582
962,296.2,1783000.0
963,296.3,1428000.0
964,296.4,1110000.0
965,296.5,837900.0
966,296.6,617981.897
967,296.7,448200.0
968,296.8,323600.0
969,296.9,236500.0
970,297.0,178862.413
971,297.1,143900.0
972,297.2,125700.0
973,297.3,121000.0
974,297.4,128900.0
975,297.5,150244.455
976,297.6,188200.0
977,297.7,246700.0
978,297.8,330400.0
979,297.9,443300.0
980,298.0,588249.661
981,298.1,764200.0
982,298.2,968100.0
983,298.3,1192000.0
984,298.4,1423183.077
985,298.5,1646000.0
986,298.6,1844000.0
987,298.7,2000000.0
988,298.8,2099000.0
989,298.9,2132063.077
990,299.0,2097000.0
991,299.1,1995000.0
992,299.2,1836000.0
993,299.3,1635523.074
994,299.4,1410000.0
995,299.5,1176000.0
996,299.6,949500.0
997,299.7,741900.0
998,299.8,561659.987
999,299.9,412100.0
1000,300.0,294500.0
1001,300.1,206900.0
1002,300.2,146206.368
1003,300.3,109200.0
1004,300.4,92860.0
1005,300.5,95160.0
1006,300.6,115100.0
1007,300.7,152569.891
1008,300.8,207700.0
1009,300.9,280500.0
1010,301.0,370200.0
1011,301.1,474456.02
1012,301.2,588700.0
1013,301.3,707200.0
1014,301.4,821700.0
1015,301.5,923500.0
1016,301.6,1003419.718
1017,301.7,1055000.0
1018,301.8,1073000.0
1019,301.9,1055000.0
1020,302.0,1003534.212
1021,302.1,923900.0
1022,302.2,822600.0
1023,302.3,709000.0
1024,302.4,592400.0
1025,302.5,481539.78
1026,302.6,383600.0
1027,302.7,305000.0
1028,302.8,250800.0
1029,302.9,226100.0
1030,303.0,236340.711
1031,303.1,288700.0
1032,303.2,391300.0
1033,303.3,554400.0
1034,303.4,788777.318
1035,303.5,1103000.0
1036,303.6,1504000.0
1037,303.7,1992000.0
1038,303.8,2556000.0
1039,303.9,3178609.121
1040,304.0,3828000.0
1041,304.1,4467000.0
1042,304.2,5051000.0
1043,304.3,5534398.833
1044,304.4,5881000.0
1045,304.5,6061000.0
1046,304.6,6063000.0
1047,304.7,5893000.0
1048,304.8,5574113.494
1049,304.9,5145000.0
1050,305.0,4650000.0
1051,305.1,4142000.0
1052,305.2,3668725.228
1053,305.3,3269000.0
1054,305.4,2975000.0
1055,305.5,2800000.0
1056,305.6,2749000.0
1057,305.7,2808139.021
1058,305.8,2954000.0
1059,305.9,3160000.0
1060,306.0,3392000.0
1061,306.1,3616250.669
1062,306.2,3808000.0
1063,306.3,3947000.0
1064,306.4,4024000.0
1065,306.5,4040000.0
1066,306.6,4000447.117
1067,306.7,3919000.0
1068,306.8,3810000.0
1069,306.9,3683000.0
1070,307.0,3547191.463
1071,307.1,3407000.0
1072,307.2,3265000.0
1073,307.3,3122000.0
1074,307.4,2980000.0
1075,307.5,2844141.472
1076,307.6,2723000.0
1077,307.7,2626000.0
1078,307.8,2563000.0
1079,307.9,2543000.0
1080,308.0,2570187.181
1081,308.1,2641000.0
1082,308.2,2748000.0
1083,308.3,2875000.0
1084,308.4,3002520.795
1085,308.5,3110000.0
1086,308.6,3177000.0
1087,308.7,3186000.0
1088,308.8,3127000.0
1089,308.9,2997086.405
1090,309.0,2802000.0
1091,309.1,2551000.0
1092,309.2,2260000.0
1093,309.3,1947511.63
1094,309.4,1631000.0
1095,309.5,1327000.0
1096,309.6,1049000.0
1097,309.7,806000.0
1098,309.8,601474.876
1099,309.9,435400.0
1100,310.0,306300.0
1101,310.1,209400.0
1102,310.2,139322.784
1103,310.3,90830.0
1104,310.4,58910.0
1105,310.5,39540.0
1106,310.6,29710.0
1107,310.7,27383.129
1108,310.8,31670.0
1109,310.9,42110.0
1110,311.0,58980.0
1111,311.1,82826.952
1112,311.2,114100.0
1113,311.3,153100.0
1114,311.4,199500.0
1115,311.5,252100.0
1116,311.6,308915.462
1117,311.7,367000.0
1118,311.8,423000.0
1119,311.9,472900.0
1120,312.0,513171.04
1121,312.1,541400.0
1122,312.2,555900.0
1123,312.3,557100.0
1124,312.4,547100.0
1125,312.5,529803.614
1126,312.6,510700.0
1127,312.7,495700.0
1128,312.8,490900.0
1129,312.9,501500.0
1130,313.0,531536.486
1131,313.1,582400.0
1132,313.2,654200.0
1133,313.3,744300.0
1134,313.4,848258.717
1135,313.5,959900.0
1136,313.6,1073000.0
1137,313.7,1182000.0
1138,313.8,1280000.0
1139,313.9,1363686.454
1140,314.0,1431000.0
1141,314.1,1480000.0
1142,314.2,1510000.0
1143,314.3,1523400.842
1144,314.4,1520000.0
1145,314.5,1500000.0
1146,314.6,1467000.0
1147,314.7,1420000.0
1148,314.8,1361325.918
1149,314.9,1294000.0
1150,315.0,1221000.0
1151,315.1,1146000.0
1152,315.2,1073484.282
1153,315.3,1007000.0
1154,315.4,949300.0
1155,315.5,901000.0
1156,315.6,861400.0
1157,315.7,828373.876
1158,315.8,798200.0
1159,315.9,766900.0
1160,316.0,730900.0
1161,316.1,687437.967
1162,316.2,635600.0
1163,316.3,575400.0
1164,316.4,508800.0
1165,316.5,438500.0
1166,316.6,367891.606
1167,316.7,300100.0
1168,316.8,237900.0
1169,316.9,183100.0
1170,317.0,136876.163
1171,317.1,99260.0
1172,317.2,69860.0
1173,317.3,47700.0
1174,317.4,31600.0
1175,317.5,20295.063
1176,317.6,12660.0
1177,317.7,7662.0
1178,317.8,4499.0
1179,317.9,2566.0
1180,318.0,1417.361
1181,318.1,773.7
1182,318.2,416.4
1183,318.3,228.6
1184,318.4,134.175
1185,318.5,92.78
1186,318.6,76.43
1187,318.7,72.73
1188,318.8,74.38
1189,318.9,77.4
1190,319.0,79.94
1191,319.1,80.72
1192,319.2,79.35
1193,319.3,75.8
1194,319.4,70.34
1195,319.5,63.35
1196,319.6,55.38
1197,319.7,47.0
1198,319.8,38.726
1199,319.9,30.97
1200,320.0,24.08
1201,320.1,18.24
1202,320.2,13.518
1203,320.3,9.905
1204,320.4,7.364
1205,320.5,5.817
1206,320.6,5.203
1207,320.7,5.491
1208,320.8,6.696
1209,320.9,8.854
1210,321.0,12.03
1211,321.1,16.294
1212,321.2,21.66
1213,321.3,28.1
1214,321.4,35.46
1215,321.5,43.51
1216,321.6,51.872
1217,321.7,60.06
1218,321.8,67.56
1219,321.9,73.82
1220,322.0,78.333
1221,322.1,80.76
1222,322.2,80.86
1223,322.3,78.64
1224,322.4,74.29
1225,322.5,68.166
1226,322.6,60.76
1227,322.7,52.6
1228,322.8,44.23
1229,322.9,36.12
1230,323.0,28.661
1231,323.1,22.08
1232,323.2,16.53
1233,323.3,12.02
1234,323.4,8.488
1235,323.5,5.819
1236,323.6,3.877
1237,323.7,2.509
1238,323.8,1.577
1239,323.9,0.961
1240,324.0,0.571
1241,324.1,0.329
1242,324.2,0.184
1243,324.3,0.099
1244,324.4,0.053
1245,324.5,0.027
1246,324.6,0.013
1247,324.7,0.007
1248,324.8,0.003
1249,324.9,0.001
1250,325.0,0.001
1251,325.1,0.0
1252,325.2,0.0
1253,325.3,0.0
1254,325.4,0.0
1255,325.5,0.0
1256,325.6,0.0
1257,325.7,0.0
1258,325.8,0.0
1259,325.9,0.0
1260,326.0,0.0
1261,326.1,0.0
1262,326.2,0.0
1263,326.3,0.001
1264,326.4,0.001
1265,326.5,0.003
1266,326.6,0.006
1267,326.7,0.013
1268,326.8,0.027
1269,326.9,0.052
1270,327.0,0.097
1271,327.1,0.178
1272,327.2,0.316
1273,327.3,0.546
1274,327.4,0.918
1275,327.5,1.498
1276,327.6,2.384
1277,327.7,3.684
1278,327.8,5.535
1279,327.9,8.086
1280,328.0,11.487
1281,328.1,15.86
1282,328.2,21.3
1283,328.3,27.81
1284,328.4,35.32
1285,328.5,43.59
1286,328.6,52.31
1287,328.7,61.05
1288,328.8,69.27
1289,328.9,76.414
1290,329.0,81.98
1291,329.1,85.51
1292,329.2,86.71
1293,329.3,85.489
1294,329.4,81.98
1295,329.5,76.42
1296,329.6,69.27
1297,329.7,61.05
1298,329.8,52.322
1299,329.9,43.59
1300,330.0,35.31
1301,330.1,27.81
1302,330.2,21.303
1303,330.3,15.86
1304,330.4,11.49
1305,330.5,8.086
1306,330.6,5.535
1307,330.7,3.683
1308,330.8,2.384
1309,330.9,1.5
1310,331.0,0.918
1311,331.1,0.545
1312,331.2,0.316
1313,331.3,0.178
1314,331.4,0.097
1315,331.5,0.052
1316,331.6,0.028
1317,331.7,0.018
1318,331.8,0.019
1319,331.9,0.038
1320,332.0,0.086
1321,332.1,0.229
1322,332.2,0.565
1323,332.3,1.359
1324,332.4,3.183
1325,332.5,7.074
1326,332.6,16.1
1327,332.7,34.78
1328,332.8,73.12
1329,332.9,149.6
1330,333.0,295.468
1331,333.1,577.7
1332,333.2,1090.0
1333,333.3,2002.0
1334,333.4,3565.823
1335,333.5,6229.0
1336,333.6,10550.0
1337,333.7,17390.0
1338,333.8,27910.0
1339,333.9,43568.099
1340,334.0,66270.0
1341,334.1,98080.0
1342,334.2,141300.0
1343,334.3,198202.836
1344,334.4,270500.0
1345,334.5,359500.0
1346,334.6,465200.0
1347,334.7,586100.0
1348,334.8,719369.911
1349,334.9,860000.0
1350,335.0,1002000.0
1351,335.1,1138000.0
1352,335.2,1261765.377
1353,335.3,1366000.0
1354,335.4,1445000.0
1355,335.5,1499000.0
1356,335.6,1525000.0
1357,335.7,1528278.885
1358,335.8,1514000.0
1359,335.9,1487000.0
1360,336.0,1454000.0
1361,336.1,1422172.576
1362,336.2,1394000.0
1363,336.3,1371000.0
1364,336.4,1354000.0
1365,336.5,1338000.0
1366,336.6,1320617.078
1367,336.7,1298000.0
1368,336.8,1266000.0
1369,336.9,1223000.0
1370,337.0,1171819.728
1371,337.1,1117000.0
1372,337.2,1064000.0
1373,337.3,1022000.0
1374,337.4,1003000.0
1375,337.5,1015911.388
1376,337.6,1071000.0
1377,337.7,1178000.0
1378,337.8,1342000.0
1379,337.9,1566000.0
1380,338.0,1849370.702
1381,338.1,2189000.0
1382,338.2,2580000.0
1383,338.3,3013000.0
1384,338.4,3480632.26
1385,338.5,3975000.0
1386,338.6,4489000.0
1387,338.7,5021000.0
1388,338.8,5574000.0
1389,338.9,6155026.529
1390,339.0,6782000.0
1391,339.1,7477000.0
1392,339.2,8270000.0
1393,339.3,9200520.542
1394,339.4,10310000.0
1395,339.5,11640000.0
1396,339.6,13230000.0
1397,339.7,15110000.0
1398,339.8,17303233.497
1399,339.9,19800000.0
1400,340.0,22570000.0
1401,340.1,25540000.0
1402,340.2,28633753.387
1403,340.3,31730000.0
1404,340.4,34700000.0
1405,340.5,37420000.0
1406,340.6,39730000.0
1407,340.7,41534877.021
1408,340.8,42750000.0
1409,340.9,43300000.0
1410,341.0,43160000.0
1411,341.1,42338210.854
1412,341.2,40880000.0
1413,341.3,38850000.0
1414,341.4,36350000.0
1415,341.5,33480000.0
1416,341.6,30373026.403
1417,341.7,27150000.0
1418,341.8,23930000.0
1419,341.9,20840000.0
1420,342.0,17977898.231
1421,342.1,15430000.0
1422,342.2,13270000.0
1423,342.3,11530000.0
1424,342.4,10240000.0
1425,342.5,9387942.308
1426,342.6,8946000.0
1427,342.7,8878000.0
1428,342.8,9121000.0
1429,342.9,9611000.0
1430,343.0,10277986.376
1431,343.1,11070000.0
1432,343.2,11940000.0
1433,343.3,12850000.0
1434,343.4,13806195.259
1435,343.5,14830000.0
1436,343.6,15950000.0
1437,343.7,17220000.0
1438,343.8,18700000.0
1439,343.9,20436663.52
1440,344.0,22470000.0
1441,344.1,24830000.0
1442,344.2,27510000.0
1443,344.3,30483529.099
1444,344.4,33680000.0
1445,344.5,37010000.0
1446,344.6,40350000.0
1447,344.7,43560000.0
1448,344.8,46504972.157
1449,344.9,49030000.0
1450,345.0,50990000.0
1451,345.1,52290000.0
1452,345.2,52826777.137
1453,345.3,52590000.0
1454,345.4,51600000.0
1455,345.5,49910000.0
1456,345.6,47640000.0
1457,345.7,44930976.158
1458,345.8,41950000.0
1459,345.9,38860000.0
1460,346.0,35790000.0
1461,346.1,32878692.845
1462,346.2,30210000.0
1463,346.3,27840000.0
1464,346.4,25780000.0
1465,346.5,24030000.0
1466,346.6,22554439.765
1467,346.7,21320000.0
1468,346.8,20290000.0
1469,346.9,19410000.0
1470,347.0,18647564.759
1471,347.1,17960000.0
1472,347.2,17310000.0
1473,347.3,16690000.0
1474,347.4,16070000.0
1475,347.5,15446660.442
1476,347.6,14830000.0
1477,347.7,14240000.0
1478,347.8,13720000.0
1479,347.9,13290000.0
1480,348.0,13009420.907
1481,348.1,12900000.0
1482,348.2,12980000.0
1483,348.3,13290000.0
1484,348.4,13813311.403
1485,348.5,14530000.0
1486,348.6,15420000.0
1487,348.7,16450000.0
1488,348.8,17590000.0
1489,348.9,18814675.954
1490,349.0,20110000.0
1491,349.1,21470000.0
1492,349.2,22910000.0
1493,349.3,24450927.486
1494,349.4,26110000.0
1495,349.5,27900000.0
1496,349.6,29820000.0
1497,349.7,31860000.0
1498,349.8,33982074.859
1499,349.9,36120000.0
1500,350.0,38200000.0
1501,350.1,40140000.0
1502,350.2,41855201.754
1503,350.3,43270000.0
1504,350.4,44320000.0
1505,350.5,44980000.0
1506,350.6,45250000.0
1507,350.7,45138986.706
1508,350.8,44690000.0
1509,350.9,43960000.0
1510,351.0,43020000.0
1511,351.1,41924583.553
1512,351.2,40740000.0
1513,351.3,39530000.0
1514,351.4,38330000.0
1515,351.5,37170000.0
1516,351.6,36084055.92
1517,351.7,35090000.0
1518,351.8,34200000.0
1519,351.9,33420000.0
1520,352.0,32744960.574
1521,352.1,32160000.0
1522,352.2,31650000.0
1523,352.3,31200000.0
1524,352.4,30770000.0
1525,352.5,30313298.693
1526,352.6,29780000.0
1527,352.7,29120000.0
1528,352.8,28290000.0
1529,352.9,27260000.0
1530,353.0,25996706.438
1531,353.1,24500000.0
1532,353.2,22780000.0
1533,353.3,20860000.0
1534,353.4,18800108.012
1535,353.5,16660000.0
1536,353.6,14500000.0
1537,353.7,12390000.0
1538,353.8,10390000.0
1539,353.9,8550483.494
1540,354.0,6908000.0
1541,354.1,5490000.0
1542,354.2,4301000.0
1543,354.3,3337701.087
1544,354.4,2584000.0
1545,354.5,2020000.0
1546,354.6,1623000.0
1547,354.7,1368000.0
1548,354.8,1234932.079
1549,354.9,1208000.0
1550,355.0,1275000.0
1551,355.1,1434000.0
1552,355.2,1684466.115
1553,355.3,2036000.0
1554,355.4,2502000.0
1555,355.5,3100000.0
1556,355.6,3849000.0
1557,355.7,4766879.744
1558,355.8,5868000.0
1559,355.9,7162000.0
1560,356.0,8644000.0
1561,356.1,10302408.329
1562,356.2,12100000.0
1563,356.3,13990000.0
1564,356.4,15910000.0
1565,356.5,17780000.0
1566,356.6,19520578.955
1567,356.7,21050000.0
1568,356.8,22290000.0
1569,356.9,23180000.0
1570,357.0,23674584.662
1571,357.1,23770000.0
1572,357.2,23480000.0
1573,357.3,22850000.0
1574,357.4,21950000.0
1575,357.5,20871622.502
1576,357.6,19710000.0
1577,357.7,18560000.0
1578,357.8,17510000.0
1579,357.9,16620000.0
1580,358.0,15929186.914
1581,358.1,15450000.0
1582,358.2,15180000.0
1583,358.3,15080000.0
1584,358.4,15091108.381
1585,358.5,15140000.0
1586,358.6,15160000.0
1587,358.7,15110000.0
1588,358.8,14920000.0
1589,358.9,14566977.183
1590,359.0,14040000.0
1591,359.1,13340000.0
1592,359.2,12510000.0
1593,359.3,11576741.316
1594,359.4,10580000.0
1595,359.5,9565000.0
1596,359.6,8574000.0
1597,359.7,7637000.0
1598,359.8,6777990.356
1599,359.9,6006000.0
1600,360.0,5325000.0
1601,360.1,4732000.0
1602,360.2,4215271.761
1603,360.3,3762000.0
1604,360.4,3360000.0
1605,360.5,2998000.0
1606,360.6,2664000.0
1607,360.7,2353016.344
1608,360.8,2062000.0
1609,360.9,1789000.0
1610,361.0,1536000.0
1611,361.1,1304658.292
1612,361.2,1098000.0
1613,361.3,919600.0
1614,361.4,772900.0
1615,361.5,659500.0
1616,361.6,580383.744
1617,361.7,535400.0
1618,361.8,523700.0
1619,361.9,542800.0
1620,362.0,589401.379
1621,362.1,658900.0
1622,362.2,746100.0
1623,362.3,844600.0
1624,362.4,947300.0
1625,362.5,1047160.082
1626,362.6,1137000.0
1627,362.7,1210000.0
1628,362.8,1261000.0
1629,362.9,1286000.0
1630,363.0,1283768.807
1631,363.1,1254000.0
1632,363.2,1198000.0
1633,363.3,1122000.0
1634,363.4,1029627.945
1635,363.5,927000.0
1636,363.6,820900.0
1637,363.7,717000.0
1638,363.8,620500.0
1639,363.9,535685.331
1640,364.0,465000.0
1641,364.1,410100.0
1642,364.2,371100.0
1643,364.3,347063.372
1644,364.4,336000.0
1645,364.5,335600.0
1646,364.6,343100.0
1647,364.7,355300.0
1648,364.8,369343.639
1649,364.9,382700.0
1650,365.0,393000.0
1651,365.1,398400.0
1652,365.2,397712.516
1653,365.3,390400.0
1654,365.4,376300.0
1655,365.5,356100.0
1656,365.6,330500.0
1657,365.7,300829.395
1658,365.8,268500.0
1659,365.9,234900.0
1660,366.0,201400.0
1661,366.1,169191.815
1662,366.2,139200.0
1663,366.3,112200.0
1664,366.4,88580.0
1665,366.5,68490.0
1666,366.6,51861.036
1667,366.7,38440.0
1668,366.8,27910.0
1669,366.9,19850.0
1670,367.0,13838.889
1671,367.1,9480.0
1672,367.2,6397.0
1673,367.3,4283.0
1674,367.4,2883.0
1675,367.5,1997.98
1676,367.6,1495.0
1677,367.7,1270.0
1678,367.8,1282.0
1679,367.9,1531.0
1680,368.0,2068.348
1681,368.1,3032.0
1682,368.2,4611.0
1683,368.3,7127.0
1684,368.4,11020.633
1685,368.5,16960.0
1686,368.6,25730.0
1687,368.7,38400.0
1688,368.8,56270.0
1689,368.9,80812.134
1690,369.0,113700.0
1691,369.1,156600.0
1692,369.2,211000.0
1693,369.3,278234.826
1694,369.4,358800.0
1695,369.5,452700.0
1696,369.6,558700.0
1697,369.7,674500.0
1698,369.8,796507.948
1699,369.9,919800.0
1700,370.0,1039000.0
1701,370.1,1148000.0
1702,370.2,1240540.125
1703,370.3,1311000.0
1704,370.4,1355000.0
1705,370.5,1371000.0
1706,370.6,1355000.0
1707,370.7,1310133.696
1708,370.8,1240000.0
1709,370.9,1148000.0
1710,371.0,1039000.0
1711,371.1,919716.696
1712,371.2,796300.0
1713,371.3,674400.0
1714,371.4,558600.0
1715,371.5,452600.0
1716,371.6,358739.074
1717,371.7,278000.0
1718,371.8,210800.0
1719,371.9,156400.0
1720,372.0,113657.301
1721,372.1,81030.0
1722,372.2,56900.0
1723,372.3,39770.0
1724,372.4,28320.0
1725,372.5,21489.719
1726,372.6,18650.0
1727,372.7,19370.0
1728,372.8,23650.0
1729,372.9,31790.0
1730,373.0,44395.631
1731,373.1,62330.0
1732,373.2,86560.0
1733,373.3,118200.0
1734,373.4,158148.53
1735,373.5,207200.0
1736,373.6,265900.0
1737,373.7,333800.0
1738,373.8,410000.0
1739,373.9,493006.488
1740,374.0,580000.0
1741,374.1,667700.0
1742,374.2,752200.0
1743,374.3,829272.125
1744,374.4,894700.0
1745,374.5,944500.0
1746,374.6,975700.0
1747,374.7,986300.0
1748,374.8,975584.565
1749,374.9,944500.0
1750,375.0,894700.0
1751,375.1,829300.0
1752,375.2,752214.515
1753,375.3,667700.0
1754,375.4,580000.0
1755,375.5,493000.0
1756,375.6,410100.0
1757,375.7,333825.291
1758,375.8,265800.0
1759,375.9,207200.0
1760,376.0,158100.0
1761,376.1,118030.385
1762,376.2,86190.0
1763,376.3,61630.0
1764,376.4,43130.0
1765,376.5,29550.0
1766,376.6,19817.445
1767,376.7,13040.0
1768,376.8,8417.0
1769,376.9,5343.0
1770,377.0,3345.755
1771,377.1,2099.0
1772,377.2,1334.0
1773,377.3,884.9
1774,377.4,636.8
1775,377.5,511.786
1776,377.6,464.6
1777,377.7,460.5
1778,377.8,480.8
1779,377.9,512.8
1780,378.0,547.861
1781,378.1,580.5
1782,378.2,606.2
1783,378.3,622.1
1784,378.4,626.589
1785,378.5,619.1
1786,378.6,599.6
1787,378.7,569.3
1788,378.8,529.9
1789,378.9,483.822
1790,379.0,433.5
1791,379.1,381.4
1792,379.2,330.1
1793,379.3,281.454
1794,379.4,236.9
1795,379.5,197.6
1796,379.6,163.9
1797,379.7,136.0
1798,379.8,113.492
1799,379.9,95.86
1800,380.0,82.57
1801,380.1,72.97
1802,380.2,66.49
1803,380.3,62.73
1804,380.4,61.38
1805,380.5,62.37
1806,380.6,65.78
1807,380.7,71.929
1808,380.8,81.67
1809,380.9,96.34
1810,381.0,118.7
1811,381.1,153.548
1812,381.2,212.2
1813,381.3,310.6
1814,381.4,481.0
1815,381.5,777.6
1816,381.6,1286.339
1817,381.7,2176.0
1818,381.8,3673.0
1819,381.9,6162.0
1820,382.0,10197.161
1821,382.1,16730.0
1822,382.2,26940.0
1823,382.3,42640.0
1824,382.4,66290.0
1825,382.5,101087.43
1826,382.6,151600.0
1827,382.7,223000.0
1828,382.8,321800.0
1829,382.9,455700.0
1830,383.0,633035.329
1831,383.1,863200.0
1832,383.2,1155000.0
1833,383.3,1515000.0
1834,383.4,1951351.72
1835,383.5,2465000.0
1836,383.6,3054000.0
1837,383.7,3712000.0
1838,383.8,4426000.0
1839,383.9,5176203.931
1840,384.0,5937000.0
1841,384.1,6680000.0
1842,384.2,7371000.0
1843,384.3,7977191.706
1844,384.4,8469000.0
1845,384.5,8819000.0
1846,384.6,9008000.0
1847,384.7,9028000.0
1848,384.8,8878844.675
1849,384.9,8574000.0
1850,385.0,8132000.0
1851,385.1,7580000.0
1852,385.2,6952346.864
1853,385.3,6284000.0
1854,385.4,5609000.0
1855,385.5,4958000.0
1856,385.6,4358000.0
1857,385.7,3829845.011
1858,385.8,3386000.0
1859,385.9,3036000.0
1860,386.0,2784000.0
1861,386.1,2628123.101
1862,386.2,2563000.0
1863,386.3,2582000.0
1864,386.4,2676000.0
1865,386.5,2835000.0
1866,386.6,3045916.788
1867,386.7,3295000.0
1868,386.8,3568000.0
1869,386.9,3849000.0
1870,387.0,4123174.271
1871,387.1,4375000.0
1872,387.2,4590000.0
1873,387.3,4759000.0
1874,387.4,4875000.0
1875,387.5,4936465.154
1876,387.6,4948000.0
1877,387.7,4917000.0
1878,387.8,4858000.0
1879,387.9,4791000.0
1880,388.0,4736281.591
1881,388.1,4715000.0
1882,388.2,4748000.0
1883,388.3,4853000.0
1884,388.4,5042160.608
1885,388.5,5319000.0
1886,388.6,5683000.0
1887,388.7,6123000.0
1888,388.8,6617000.0
1889,388.9,7141163.393
1890,389.0,7662000.0
1891,389.1,8144000.0
1892,389.2,8553000.0
1893,389.3,8854301.095
1894,389.4,9024000.0
1895,389.5,9043000.0
1896,389.6,8902000.0
1897,389.7,8604000.0
1898,389.8,8160519.077
1899,389.9,7594000.0
1900,390.0,6931000.0
1901,390.1,6204000.0
1902,390.2,5444949.582
1903,390.3,4685000.0
1904,390.4,3953000.0
1905,390.5,3269000.0
1906,390.6,2650000.0
1907,390.7,2106297.223
1908,390.8,1641000.0
1909,390.9,1254000.0
1910,391.0,938900.0
1911,391.1,689621.337
1912,391.2,497400.0
1913,391.3,352800.0
1914,391.4,247200.0
1915,391.5,172700.0
1916,391.6,122634.196
1917,391.7,91960.0
1918,391.8,76380.0
1919,391.9,73230.0
1920,392.0,80769.032
1921,392.1,98230.0
1922,392.2,125200.0
1923,392.3,161800.0
1924,392.4,208300.0
1925,392.5,264776.602
1926,392.6,331000.0
1927,392.7,406400.0
1928,392.8,489400.0
1929,392.9,578200.0
1930,393.0,669870.251
1931,393.1,760900.0
1932,393.2,847600.0
1933,393.3,925900.0
1934,393.4,991869.051
1935,393.5,1042000.0
1936,393.6,1073000.0
1937,393.7,1083000.0
1938,393.8,1073000.0
1939,393.9,1041821.292
1940,394.0,991700.0
1941,394.1,925900.0
1942,394.2,847600.0
1943,394.3,760909.017
1944,394.4,669800.0
1945,394.5,578100.0
1946,394.6,489300.0
1947,394.7,406100.0
1948,394.8,330535.792
1949,394.9,263700.0
1950,395.0,206300.0
1951,395.1,158300.0
1952,395.2,119129.146
1953,395.3,87890.0
1954,395.4,63590.0
1955,395.5,45120.0
1956,395.6,31400.0
1957,395.7,21429.322
1958,395.8,14370.0
1959,395.9,9466.0
1960,396.0,6143.0
1961,396.1,3943.151
1962,396.2,2552.0
1963,396.3,1713.0
1964,396.4,1277.0
1965,396.5,1163.0
1966,396.6,1349.266
1967,396.7,1907.0
1968,396.8,2959.0
1969,396.9,4756.0
1970,397.0,7671.527
1971,397.1,12340.0
1972,397.2,19550.0
1973,397.3,30510.0
1974,397.4,46800.0
1975,397.5,70467.494
1976,397.6,104400.0
1977,397.7,151800.0
1978,397.8,216500.0
1979,397.9,303100.0
1980,398.0,416470.499
1981,398.1,561600.0
1982,398.2,743300.0
1983,398.3,965400.0
1984,398.4,1230404.73
1985,398.5,1539000.0
1986,398.6,1890000.0
1987,398.7,2277000.0
1988,398.8,2693000.0
1989,398.9,3125109.599
1990,399.0,3559000.0
1991,399.1,3979000.0
1992,399.2,4365000.0
1993,399.3,4700001.516
1994,399.4,4968000.0
1995,399.5,5154000.0
1996,399.6,5248000.0
1997,399.7,5245000.0
1998,399.8,5145078.812
1999,399.9,4955000.0
2000,400.0,4684000.0
2001,400.1,4346000.0
2002,400.2,3958798.561
2003,400.3,3540000.0
2004,400.4,3107000.0
2005,400.5,2677000.0
2006,400.6,2265000.0
2007,400.7,1881565.69
2008,400.8,1534000.0
2009,400.9,1228000.0
2010,401.0,965100.0
2011,401.1,744785.239
2012,401.2,564300.0
2013,401.3,420000.0
2014,401.4,307000.0
2015,401.5,220700.0
2016,401.6,156282.792
2017,401.7,109600.0
2018,401.8,76920.0
2019,401.9,55400.0
2020,402.0,42839.994
2021,402.1,38070.0
2022,402.2,40380.0
2023,402.3,50020.0
2024,402.4,67970.0
2025,402.5,95924.588
2026,402.6,136500.0
2027,402.7,192700.0
2028,402.8,268300.0
2029,402.9,367500.0
2030,403.0,494749.538
2031,403.1,654200.0
2032,403.2,849700.0
2033,403.3,1084000.0
2034,403.4,1358007.043
2035,403.5,1670000.0
2036,403.6,2017000.0
2037,403.7,2393000.0
2038,403.8,2789000.0
2039,403.9,3191940.541
2040,404.0,3587000.0
2041,404.1,3959000.0
2042,404.2,4292000.0
2043,404.3,4569907.706
2044,404.4,4780000.0
2045,404.5,4911000.0
2046,404.6,4955000.0
2047,404.7,4910000.0
2048,404.8,4778896.325
2049,404.9,4570000.0
2050,405.0,4293000.0
2051,405.1,3960000.0
2052,405.2,3588933.311
2053,405.3,3195000.0
2054,405.4,2793000.0
2055,405.5,2399000.0
2056,405.6,2024000.0
2057,405.7,1677932.856
2058,405.8,1366000.0
2059,405.9,1092000.0
2060,406.0,858200.0
2061,406.1,662485.387
2062,406.2,502100.0
2063,406.3,374000.0
2064,406.4,273700.0
2065,406.5,196900.0
2066,406.6,139333.76
2067,406.7,97270.0
2068,406.8,67290.0
2069,406.9,46670.0
2070,407.0,33210.287
2071,407.1,25410.0
2072,407.2,22060.0
2073,407.3,22520.0
2074,407.4,26520.0
2075,407.5,34066.895
2076,407.6,45500.0
2077,407.7,61260.0
2078,407.8,81930.0
2079,407.9,108200.0
2080,408.0,140589.963
2081,408.1,179500.0
2082,408.2,225200.0
2083,408.3,277500.0
2084,408.4,335899.514
2085,408.5,399300.0
2086,408.6,466300.0
2087,408.7,534900.0
2088,408.8,602900.0
2089,408.9,667616.974
2090,409.0,726700.0
2091,409.1,777900.0
2092,409.2,819100.0
2093,409.3,849210.041
2094,409.4,868100.0
2095,409.5,876100.0
2096,409.6,874900.0
2097,409.7,867500.0
2098,409.8,857412.123
2099,409.9,849400.0
2100,410.0,848700.0
2101,410.1,861100.0
2102,410.2,892388.856
2103,410.3,948800.0
2104,410.4,1036000.0
2105,410.5,1158000.0
2106,410.6,1321000.0
2107,410.7,1526241.148
2108,410.8,1775000.0
2109,410.9,2068000.0
2110,411.0,2402000.0
2111,411.1,2771723.996
2112,411.2,3169000.0
2113,411.3,3584000.0
2114,411.4,4003000.0
2115,411.5,4411000.0
2116,411.6,4792558.5
2117,411.7,5131000.0
2118,411.8,5410000.0
2119,411.9,5616000.0
2120,412.0,5737691.828
2121,412.1,5768000.0
2122,412.2,5703000.0
2123,412.3,5547000.0
2124,412.4,5306000.0
2125,412.5,4989777.013
2126,412.6,4614000.0
2127,412.7,4195000.0
2128,412.8,3748000.0
2129,412.9,3292000.0
2130,413.0,2841906.543
2131,413.1,2411000.0
2132,413.2,2011000.0
2133,413.3,1648000.0
2134,413.4,1327097.474
2135,413.5,1050000.0
2136,413.6,816700.0
2137,413.7,624200.0
2138,413.8,468900.0
2139,413.9,346128.857
2140,414.0,251100.0
2141,414.1,179100.0
2142,414.2,125600.0
2143,414.3,86601.938
2144,414.4,58830.0
2145,414.5,39340.0
2146,414.6,25940.0
2147,414.7,16910.0
2148,414.8,10906.731
2149,414.9,7028.0
2150,415.0,4534.0
2151,415.1,2958.0
2152,415.2,1967.871
2153,415.3,1359.0
2154,415.4,974.0
2155,415.5,728.3
2156,415.6,565.8
2157,415.7,452.27
2158,415.8,370.1
2159,415.9,306.7
2160,416.0,257.2
2161,416.1,219.061
2162,416.2,191.9
2163,416.3,176.2
2164,416.4,173.7
2165,416.5,186.6
2166,416.6,217.951
2167,416.7,271.7
2168,416.8,352.2
2169,416.9,464.7
2170,417.0,614.762
2171,417.1,808.3
2172,417.2,1051.0
2173,417.3,1347.0
2174,417.4,1699.0
2175,417.5,2108.349
2176,417.6,2572.0
2177,417.7,3085.0
2178,417.8,3638.0
2179,417.9,4216.0
2180,418.0,4801.468
2181,418.1,5374.0
2182,418.2,5912.0
2183,418.3,6392.0
2184,418.4,6791.775
2185,418.5,7093.0
2186,418.6,7280.0
2187,418.7,7344.0
2188,418.8,7280.0
2189,418.9,7092.431
2190,419.0,6792.0
2191,419.1,6392.0
2192,419.2,5912.0
2193,419.3,5373.883
2194,419.4,4801.0
2195,419.5,4216.0
2196,419.6,3638.0
2197,419.7,3086.0
2198,419.8,2572.822
2199,419.9,2108.0
2200,420.0,1699.0
2201,420.1,1347.0
2202,420.2,1051.791
2203,420.3,810.0
2204,420.4,617.2
2205,420.5,468.1
2206,420.6,356.9
2207,420.7,278.046
2208,420.8,226.6
2209,420.9,198.0
2210,421.0,188.6
2211,421.1,195.151
2212,421.2,215.3
2213,421.3,246.9
2214,421.4,287.9
2215,421.5,336.8
2216,421.6,391.596
2217,421.7,450.3
2218,421.8,510.9
2219,421.9,571.1
2220,422.0,628.522
2221,422.1,680.7
2222,422.2,725.3
2223,422.3,760.5
2224,422.4,784.4
2225,422.5,795.87
2226,422.6,794.5
2227,422.7,780.2
2228,422.8,753.7
2229,422.9,716.3
2230,423.0,669.706
2231,423.1,616.0
2232,423.2,557.4
2233,423.3,496.3
2234,423.4,434.909
2235,423.5,375.1
2236,423.6,318.6
2237,423.7,266.8
2238,423.8,220.8
2239,423.9,181.257
2240,424.0,148.6
2241,424.1,123.2
2242,424.2,105.3
2243,424.3,95.085
2244,424.4,92.93
2245,424.5,99.31
2246,424.6,114.9
2247,424.7,140.5
2248,424.8,177.075
2249,424.9,225.7
2250,425.0,287.4
2251,425.1,362.9
2252,425.2,452.62
2253,425.3,556.4
2254,425.4,673.6
2255,425.5,802.3
2256,425.6,940.2
2257,425.7,1083.535
2258,425.8,1228.0
2259,425.9,1369.0
2260,426.0,1501.0
2261,426.1,1618.464
2262,426.2,1716.0
2263,426.3,1789.0
2264,426.4,1835.0
2265,426.5,1850.0
2266,426.6,1834.254
2267,426.7,1789.0
2268,426.8,1716.0
2269,426.9,1619.0
2270,427.0,1501.368
2271,427.1,1369.0
2272,427.2,1228.0
2273,427.3,1083.0
2274,427.4,939.9
2275,427.5,802.102
2276,427.6,672.9
2277,427.7,555.4
2278,427.8,451.1
2279,427.9,360.6
2280,428.0,284.008
2281,428.1,220.8
2282,428.2,170.2
2283,428.3,131.0
2284,428.4,102.006
2285,428.5,82.26
2286,428.6,70.9
2287,428.7,67.3
2288,428.8,71.19
2289,428.9,82.512
2290,429.0,101.7
2291,429.1,129.3
2292,429.2,165.9
2293,429.3,212.375
2294,429.4,269.5
2295,429.5,337.9
2296,429.6,417.8
2297,429.7,509.2
2298,429.8,611.282
2299,429.9,722.6
2300,430.0,841.3
2301,430.1,964.4
2302,430.2,1088.662
2303,430.3,1210.0
2304,430.4,1324.0
2305,430.5,1426.0
2306,430.6,1512.0
2307,430.7,1578.799
2308,430.8,1623.0
2309,430.9,1642.0
2310,431.0,1636.0
2311,431.1,1603.983
2312,431.2,1548.0
2313,431.3,1471.0
2314,431.4,1376.0
2315,431.5,1267.0
2316,431.6,1147.998
2317,431.7,1024.0
2318,431.8,899.8
2319,431.9,778.5
2320,432.0,663.647
2321,432.1,557.7
2322,432.2,462.6
2323,432.3,379.5
2324,432.4,308.8
2325,432.5,250.452
2326,432.6,203.8
2327,432.7,168.0
2328,432.8,142.0
2329,432.9,124.6
2330,433.0,114.397
2331,433.1,110.1
2332,433.2,110.5
2333,433.3,114.5
2334,433.4,120.9
2335,433.5,128.7
2336,433.6,137.0
2337,433.7,145.0
2338,433.8,151.9
2339,433.9,157.239
2340,434.0,160.6
2341,434.1,161.6
2342,434.2,160.1
2343,434.3,156.208
2344,434.4,150.1
2345,434.5,142.0
2346,434.6,132.3
2347,434.7,121.4
2348,434.8,109.736
2349,434.9,97.76
2350,435.0,85.91
2351,435.1,74.56
2352,435.2,63.993
2353,435.3,54.41
2354,435.4,45.97
2355,435.5,38.73
2356,435.6,32.67
2357,435.7,27.743
2358,435.8,23.84
2359,435.9,20.84
2360,436.0,18.63
2361,436.1,17.078
2362,436.2,16.08
2363,436.3,15.56
2364,436.4,15.5
2365,436.5,15.9
2366,436.6,16.813
2367,436.7,18.36
2368,436.8,20.69
2369,436.9,24.01
2370,437.0,28.55
2371,437.1,34.58
2372,437.2,42.38
2373,437.3,52.22
2374,437.4,64.32
2375,437.5,78.868
2376,437.6,95.93
2377,437.7,115.5
2378,437.8,137.4
2379,437.9,161.3
2380,438.0,186.72
2381,438.1,213.0
2382,438.2,239.4
2383,438.3,265.0
2384,438.4,288.804
2385,438.5,309.9
2386,438.6,327.4
2387,438.7,340.5
2388,438.8,348.7
2389,438.9,351.417
2390,439.0,348.6
2391,439.1,340.4
2392,439.2,327.2
2393,439.3,309.611
2394,439.4,288.4
2395,439.5,264.4
2396,439.6,238.6
2397,439.7,212.0
2398,439.8,185.348
2399,439.9,159.5
2400,440.0,135.2
2401,440.1,112.7
2402,440.2,92.512
2403,440.3,74.77
2404,440.4,59.47
2405,440.5,46.56
2406,440.6,35.88
2407,440.7,27.215
2408,440.8,20.32
2409,440.9,14.94
2410,441.0,10.81
2411,441.1,7.695
2412,441.2,5.395
2413,441.3,3.723
2414,441.4,2.529
2415,441.5,1.691
2416,441.6,1.112
2417,441.7,0.721
2418,441.8,0.46
2419,441.9,0.288
2420,442.0,0.178
2421,442.1,0.108
2422,442.2,0.065
2423,442.3,0.038
2424,442.4,0.022
2425,442.5,0.013
2426,442.6,0.007
2427,442.7,0.004
2428,442.8,0.003
2429,442.9,0.002
2430,443.0,0.003
2431,443.1,0.004
2432,443.2,0.006
2433,443.3,0.011
2434,443.4,0.018
2435,443.5,0.03
2436,443.6,0.05
2437,443.7,0.08
2438,443.8,0.127
2439,443.9,0.199
2440,444.0,0.308
2441,444.1,0.469
2442,444.2,0.702
2443,444.3,1.035
2444,444.4,1.504
2445,444.5,2.152
2446,444.6,3.032
2447,444.7,4.207
2448,444.8,5.749
2449,444.9,7.739
2450,445.0,10.26
2451,445.1,13.39
2452,445.2,17.218
2453,445.3,21.81
2454,445.4,27.21
2455,445.5,33.42
2456,445.6,40.43
2457,445.7,48.183
2458,445.8,56.54
2459,445.9,65.34
2460,446.0,74.38
2461,446.1,83.393
2462,446.2,92.07
2463,446.3,100.1
2464,446.4,107.2
2465,446.5,113.1
2466,446.6,117.495
2467,446.7,120.2
2468,446.8,121.1
2469,446.9,120.2
2470,447.0,117.502
2471,447.1,113.1
2472,447.2,107.2
2473,447.3,100.2
2474,447.4,92.14
2475,447.5,83.488
2476,447.6,74.57
2477,447.7,65.65
2478,447.8,57.02
2479,447.9,48.91
2480,448.0,41.54
2481,448.1,35.07
2482,448.2,29.63
2483,448.3,25.31
2484,448.4,22.191
2485,448.5,20.35
2486,448.6,19.86
2487,448.7,20.79
2488,448.8,23.23
2489,448.9,27.273
2490,449.0,33.01
2491,449.1,40.53
2492,449.2,49.91
2493,449.3,61.19
2494,449.4,74.33
2495,449.5,89.26
2496,449.6,105.8
2497,449.7,123.6
2498,449.8,142.404
2499,449.9,161.7
2500,450.0,180.9
2501,450.1,199.4
2502,450.2,216.526
2503,450.3,231.6
2504,450.4,244.0
2505,450.5,253.3
2506,450.6,259.1
2507,450.7,261.057
2508,450.8,259.1
2509,450.9,253.3
2510,451.0,244.0
2511,451.1,231.592
2512,451.2,216.5
2513,451.3,199.3
2514,451.4,180.9
2515,451.5,161.6
2516,451.6,142.238
2517,451.7,123.4
2518,451.8,105.5
2519,451.9,88.79
2520,452.0,73.627
2521,452.1,60.15
2522,452.2,48.41
2523,452.3,38.38
2524,452.4,29.97
2525,452.5,23.06
2526,452.6,17.48
2527,452.7,13.05
2528,452.8,9.602
2529,452.9,6.959
2530,453.0,4.967
2531,453.1,3.494
2532,453.2,2.421
2533,453.3,1.652
2534,453.4,1.11
2535,453.5,0.736
2536,453.6,0.48
2537,453.7,0.309
2538,453.8,0.196
2539,453.9,0.122
2540,454.0,0.075
2541,454.1,0.045
2542,454.2,0.027
2543,454.3,0.016
2544,454.4,0.009
2545,454.5,0.005
2546,454.6,0.003
2547,454.7,0.002
2548,454.8,0.001
2549,454.9,0.0
2550,455.0,0.0
2551,455.1,0.0
2552,455.2,0.0
2553,455.3,0.0
2554,455.4,0.0
2555,455.5,0.0
2556,455.6,0.0
2557,455.7,0.0
2558,455.8,0.0
2559,455.9,0.0
2560,456.0,0.0
2561,456.1,0.0
2562,456.2,0.0
2563,456.3,0.0
2564,456.4,0.0
2565,456.5,0.0
2566,456.6,0.001
2567,456.7,0.001
2568,456.8,0.002
2569,456.9,0.004
2570,457.0,0.007
2571,457.1,0.013
2572,457.2,0.023
2573,457.3,0.039
2574,457.4,0.066
2575,457.5,0.11
2576,457.6,0.181
2577,457.7,0.292
2578,457.8,0.465
2579,457.9,0.73
2580,458.0,1.128
2581,458.1,1.723
2582,458.2,2.591
2583,458.3,3.841
2584,458.4,5.612
2585,458.5,8.087
2586,458.6,11.48
2587,458.7,16.08
2588,458.8,22.19
2589,458.9,30.176
2590,459.0,40.47
2591,459.1,53.51
2592,459.2,69.73
2593,459.3,89.634
2594,459.4,113.5
2595,459.5,141.6
2596,459.6,174.3
2597,459.7,211.5
2598,459.8,252.98
2599,459.9,298.2
2600,460.0,346.5
2601,460.1,397.0
2602,460.2,448.391
2603,460.3,499.2
2604,460.4,547.9
2605,460.5,592.8
2606,460.6,632.2
2607,460.7,664.666
2608,460.8,688.9
2609,460.9,703.8
2610,461.0,708.9
2611,461.1,703.827
2612,461.2,688.9
2613,461.3,664.7
2614,461.4,632.2
2615,461.5,592.8
2616,461.6,547.902
2617,461.7,499.2
2618,461.8,448.4
2619,461.9,397.0
2620,462.0,346.562
2621,462.1,298.2
2622,462.2,252.9
2623,462.3,211.5
2624,462.4,174.3
2625,462.5,141.661
2626,462.6,113.5
2627,462.7,89.61
2628,462.8,69.77
2629,462.9,53.57
2630,463.0,40.576
2631,463.1,30.34
2632,463.2,22.42
2633,463.3,16.43
2634,463.4,12.001
2635,463.5,8.841
2636,463.6,6.692
2637,463.7,5.361
2638,463.8,4.703
2639,463.9,4.615
2640,464.0,5.04
2641,464.1,5.94
2642,464.2,7.312
2643,464.3,9.167
2644,464.4,11.52
2645,464.5,14.39
2646,464.6,17.81
2647,464.7,21.78
2648,464.8,26.289
2649,464.9,31.3
2650,465.0,36.76
2651,465.1,42.58
2652,465.2,48.636
2653,465.3,54.78
2654,465.4,60.85
2655,465.5,66.65
2656,465.6,71.98
2657,465.7,76.662
2658,465.8,80.52
2659,465.9,83.39
2660,466.0,85.16
2661,466.1,85.755
2662,466.2,85.16
2663,466.3,83.39
2664,466.4,80.52
2665,466.5,76.67
2666,466.6,71.986
2667,466.7,66.65
2668,466.8,60.85
2669,466.9,54.78
2670,467.0,48.639
2671,467.1,42.58
2672,467.2,36.75
2673,467.3,31.29
2674,467.4,26.26
2675,467.5,21.735
2676,467.6,17.74
2677,467.7,14.28
2678,467.8,11.34
2679,467.9,8.871
2680,468.0,6.845
2681,468.1,5.21
2682,468.2,3.91
2683,468.3,2.894
2684,468.4,2.111
2685,468.5,1.519
2686,468.6,1.078
2687,468.7,0.754
2688,468.8,0.521
2689,468.9,0.354
2690,469.0,0.238
2691,469.1,0.157
2692,469.2,0.103
2693,469.3,0.066
2694,469.4,0.042
2695,469.5,0.026
2696,469.6,0.016
2697,469.7,0.01
2698,469.8,0.006
2699,469.9,0.003
2700,470.0,0.002
2701,470.1,0.001
2702,470.2,0.001
2703,470.3,0.0
2704,470.4,0.0
2705,470.5,0.0
2706,470.6,0.0
2707,470.7,0.0
2708,470.8,0.0
2709,470.9,0.0
2710,471.0,0.0
2711,471.1,0.0
2712,471.2,0.0
2713,471.3,0.0
2714,471.4,0.0
2715,471.5,0.0
2716,471.6,0.0
2717,471.7,0.0
2718,471.8,0.0
2719,471.9,0.0
2720,472.0,0.0
2721,472.1,0.0
2722,472.2,0.0
2723,472.3,0.0
2724,472.4,0.0
2725,472.5,0.0
2726,472.6,0.0
2727,472.7,0.0
2728,472.8,0.0
2729,472.9,0.0
2730,473.0,0.0
2731,473.1,0.0
2732,473.2,0.0
2733,473.3,0.0
2734,473.4,0.0
2735,473.5,0.0
2736,473.6,0.0
2737,473.7,0.0
2738,473.8,0.0
2739,473.9,0.0
2740,474.0,0.0
2741,474.1,0.0
2742,474.2,0.0
2743,474.3,0.0
2744,474.4,0.0
2745,474.5,0.0
2746,474.6,0.0
2747,474.7,0.0
2748,474.8,0.0
2749,474.9,0.0
2750,475.0,0.0
2751,475.1,0.0
2752,475.2,0.0
2753,475.3,0.0
2754,475.4,0.0
2755,475.5,0.0
2756,475.6,0.0
2757,475.7,0.0
2758,475.8,0.0
2759,475.9,0.0
2760,476.0,0.0
2761,476.1,0.0
2762,476.2,0.0
2763,476.3,0.0
2764,476.4,0.0
2765,476.5,0.0
2766,476.6,0.0
2767,476.7,0.0
2768,476.8,0.0
2769,476.9,0.0
2770,477.0,0.0
2771,477.1,0.0
2772,477.2,0.0
2773,477.3,0.0
2774,477.4,0.0
2775,477.5,0.0
2776,477.6,0.0
2777,477.7,0.001
2778,477.8,0.001
2779,477.9,0.002
2780,478.0,0.004
2781,478.1,0.007
2782,478.2,0.012
2783,478.3,0.021
2784,478.4,0.035
2785,478.5,0.06
2786,478.6,0.101
2787,478.7,0.167
2788,478.8,0.274
2789,478.9,0.441
2790,479.0,0.703
2791,479.1,1.106
2792,479.2,1.717
2793,479.3,2.628
2794,479.4,3.979
2795,479.5,5.941
2796,479.6,8.758
2797,479.7,12.74
2798,479.8,18.299
2799,479.9,25.97
2800,480.0,36.36
2801,480.1,50.26
2802,480.2,68.573
2803,480.3,92.43
2804,480.4,123.0
2805,480.5,161.5
2806,480.6,209.5
2807,480.7,268.32
2808,480.8,339.3
2809,480.9,423.7
2810,481.0,522.4
2811,481.1,636.166
2812,481.2,765.0
2813,481.3,908.6
2814,481.4,1066.0
2815,481.5,1235.0
2816,481.6,1412.626
2817,481.7,1596.0
2818,481.8,1782.0
2819,481.9,1966.0
2820,482.0,2142.127
2821,482.1,2305.0
2822,482.2,2450.0
2823,482.3,2574.0
2824,482.4,2672.0
2825,482.5,2740.831
2826,482.6,2778.0
2827,482.7,2782.0
2828,482.8,2754.0
2829,482.9,2693.0
2830,483.0,2603.228
2831,483.1,2488.0
2832,483.2,2350.0
2833,483.3,2193.0
2834,483.4,2023.609
2835,483.5,1846.0
2836,483.6,1664.0
2837,483.7,1483.0
2838,483.8,1307.0
2839,483.9,1138.547
2840,484.0,980.2
2841,484.1,834.3
2842,484.2,702.0
2843,484.3,583.916
2844,484.4,480.1
2845,484.5,390.3
2846,484.6,313.6
2847,484.7,249.0
2848,484.8,195.482
2849,484.9,151.7
2850,485.0,116.3
2851,485.1,88.16
2852,485.2,66.04
2853,485.3,48.89
2854,485.4,35.76
2855,485.5,25.85
2856,485.6,18.46
2857,485.7,13.021
2858,485.8,9.086
2859,485.9,6.26
2860,486.0,4.26
2861,486.1,2.861
2862,486.2,1.902
2863,486.3,1.248
2864,486.4,0.809
2865,486.5,0.518
2866,486.6,0.327
2867,486.7,0.204
2868,486.8,0.126
2869,486.9,0.077
2870,487.0,0.046
2871,487.1,0.027
2872,487.2,0.016
2873,487.3,0.009
2874,487.4,0.005
2875,487.5,0.003
2876,487.6,0.002
2877,487.7,0.001
2878,487.8,0.001
2879,487.9,0.0
2880,488.0,0.0
2881,488.1,0.0
2882,488.2,0.0
2883,488.3,0.0
2884,488.4,0.0
2885,488.5,0.001
2886,488.6,0.002
2887,488.7,0.003
2888,488.8,0.005
2889,488.9,0.009
2890,489.0,0.016
2891,489.1,0.027
2892,489.2,0.045
2893,489.3,0.075
2894,489.4,0.124
2895,489.5,0.202
2896,489.6,0.324
2897,489.7,0.514
2898,489.8,0.806
2899,489.9,1.253
2900,490.0,1.921
2901,490.1,2.912
2902,490.2,4.359
2903,490.3,6.465
2904,490.4,9.473
2905,490.5,13.73
2906,490.6,19.68
2907,490.7,27.894
2908,490.8,39.15
2909,490.9,54.35
2910,491.0,74.7
2911,491.1,101.613
2912,491.2,136.9
2913,491.3,182.6
2914,491.4,241.3
2915,491.5,315.9
2916,491.6,409.804
2917,491.7,527.0
2918,491.8,671.8
2919,491.9,849.2
2920,492.0,1064.242
2921,492.1,1323.0
2922,492.2,1632.0
2923,492.3,1998.0
2924,492.4,2427.0
2925,492.5,2927.238
2926,492.6,3505.0
2927,492.7,4167.0
2928,492.8,4923.0
2929,492.9,5779.0
2930,493.0,6743.525
2931,493.1,7827.0
2932,493.2,9039.0
2933,493.3,10390.0
2934,493.4,11907.165
2935,493.5,13610.0
2936,493.6,15520.0
2937,493.7,17680.0
2938,493.8,20140.0
2939,493.9,22957.932
2940,494.0,26220.0
2941,494.1,30020.0
2942,494.2,34460.0
2943,494.3,39670.189
2944,494.4,45800.0
2945,494.5,53000.0
2946,494.6,61420.0
2947,494.7,71230.0
2948,494.8,82569.239
2949,494.9,95560.0
2950,495.0,110300.0
2951,495.1,126800.0
2952,495.2,145038.184
2953,495.3,164900.0
2954,495.4,186200.0
2955,495.5,208600.0
2956,495.6,231800.0
2957,495.7,255304.917
2958,495.8,278500.0
2959,495.9,300800.0
2960,496.0,321700.0
2961,496.1,340400.436
2962,496.2,356300.0
2963,496.3,368900.0
2964,496.4,377800.0
2965,496.5,382600.0
2966,496.6,383019.171
2967,496.7,379100.0
2968,496.8,371000.0
2969,496.9,359000.0
2970,497.0,343384.786
2971,497.1,324700.0
2972,497.2,303600.0
2973,497.3,280800.0
2974,497.4,256800.0
2975,497.5,232347.662
2976,497.6,208100.0
2977,497.7,184600.0
2978,497.8,162200.0
2979,497.9,141400.0
2980,498.0,122384.133
2981,498.1,105300.0
2982,498.2,90280.0
2983,498.3,77320.0
2984,498.4,66337.169
2985,498.5,57200.0
2986,498.6,49760.0
2987,498.7,43840.0
2988,498.8,39250.0
2989,498.9,35784.12
2990,499.0,33250.0
2991,499.1,31470.0
2992,499.2,30300.0
2993,499.3,29589.076
2994,499.4,29220.0
2995,499.5,29090.0
2996,499.6,29120.0
2997,499.7,29260.0
2998,499.8,29469.58
2999,499.9,29730.0
3000,500.0,30030.0
3001,500.1,30370.0
3002,500.2,30768.684
3003,500.3,31250.0
3004,500.4,31840.0
3005,500.5,32570.0
3006,500.6,33470.0
3007,500.7,34579.883
3008,500.8,35920.0
3009,500.9,37510.0
3010,501.0,39380.0
3011,501.1,41525.124
3012,501.2,43940.0
3013,501.3,46620.0
3014,501.4,49550.0
3015,501.5,52700.0
3016,501.6,56032.043
3017,501.7,59490.0
3018,501.8,63020.0
3019,501.9,66580.0
3020,502.0,70082.394
3021,502.1,73460.0
3022,502.2,76650.0
3023,502.3,79580.0
3024,502.4,82200.0
3025,502.5,84443.247
3026,502.6,86260.0
3027,502.7,87610.0
3028,502.8,88470.0
3029,502.9,88830.0
3030,503.0,88670.674
3031,503.1,88010.0
3032,503.2,86870.0
3033,503.3,85260.0
3034,503.4,83233.407
3035,503.5,80830.0
3036,503.6,78090.0
3037,503.7,75080.0
3038,503.8,71860.0
3039,503.9,68486.929
3040,504.0,65020.0
3041,504.1,61520.0
3042,504.2,58050.0
3043,504.3,54665.119
3044,504.4,51410.0
3045,504.5,48330.0
3046,504.6,45470.0
3047,504.7,42840.0
3048,504.8,40471.552
3049,504.9,38370.0
3050,505.0,36530.0
3051,505.1,34940.0
3052,505.2,33585.236
3053,505.3,32450.0
3054,505.4,31510.0
3055,505.5,30720.0
3056,505.6,30070.0
3057,505.7,29535.78
3058,505.8,29100.0
3059,505.9,28750.0
3060,506.0,28480.0
3061,506.1,28295.214
3062,506.2,28200.0
3063,506.3,28200.0
3064,506.4,28310.0
3065,506.5,28550.0
3066,506.6,28941.319
3067,506.7,29490.0
3068,506.8,30200.0
3069,506.9,31080.0
3070,507.0,32128.854
3071,507.1,33350.0
3072,507.2,34740.0
3073,507.3,36270.0
3074,507.4,37940.0
3075,507.5,39747.332
3076,507.6,41680.0
3077,507.7,43730.0
3078,507.8,45910.0
3079,507.9,48230.0
3080,508.0,50699.758
3081,508.1,53350.0
3082,508.2,56220.0
3083,508.3,59360.0
3084,508.4,62821.766
3085,508.5,66670.0
3086,508.6,70980.0
3087,508.7,75850.0
3088,508.8,81370.0
3089,508.9,87650.634
3090,509.0,94820.0
3091,509.1,103000.0
3092,509.2,112300.0
3093,509.3,122895.057
3094,509.4,134900.0
3095,509.5,148400.0
3096,509.6,163500.0
3097,509.7,180400.0
3098,509.8,198964.946
3099,509.9,219200.0
3100,510.0,241100.0
3101,510.1,264400.0
3102,510.2,288871.07
3103,510.3,314200.0
3104,510.4,340000.0
3105,510.5,365700.0
3106,510.6,390700.0
3107,510.7,414529.082
3108,510.8,436500.0
3109,510.9,455900.0
3110,511.0,472200.0
3111,511.1,484977.61
3112,511.2,493800.0
3113,511.3,498300.0
3114,511.4,498400.0
3115,511.5,494100.0
3116,511.6,485520.345
3117,511.7,473100.0
3118,511.8,457300.0
3119,511.9,438500.0
3120,512.0,417508.117
3121,512.1,395000.0
3122,512.2,371600.0
3123,512.3,348000.0
3124,512.4,324900.0
3125,512.5,302891.907
3126,512.6,282400.0
3127,512.7,263800.0
3128,512.8,247400.0
3129,512.9,233400.0
3130,513.0,221914.741
3131,513.1,212900.0
3132,513.2,206300.0
3133,513.3,202100.0
3134,513.4,200057.889
3135,513.5,199900.0
3136,513.6,201400.0
3137,513.7,204400.0
3138,513.8,208500.0
3139,513.9,213443.4
3140,514.0,218900.0
3141,514.1,224500.0
3142,514.2,229900.0
3143,514.3,234897.686
3144,514.4,239200.0
3145,514.5,242500.0
3146,514.6,244600.0
3147,514.7,245400.0
3148,514.8,244716.523
3149,514.9,242500.0
3150,515.0,238800.0
3151,515.1,233800.0
3152,515.2,227463.881
3153,515.3,220000.0
3154,515.4,211700.0
3155,515.5,202800.0
3156,515.6,193400.0
3157,515.7,183826.196
3158,515.8,174300.0
3159,515.9,165000.0
3160,516.0,156100.0
3161,516.1,147688.629
3162,516.2,139800.0
3163,516.3,132500.0
3164,516.4,125900.0
3165,516.5,119800.0
3166,516.6,114265.084
3167,516.7,109200.0
3168,516.8,104500.0
3169,516.9,100200.0
3170,517.0,96081.179
3171,517.1,92100.0
3172,517.2,88260.0
3173,517.3,84490.0
3174,517.4,80740.0
3175,517.5,77013.612
3176,517.6,73310.0
3177,517.7,69630.0
3178,517.8,66000.0
3179,517.9,62460.0
3180,518.0,59056.979
3181,518.1,55850.0
3182,518.2,52900.0
3183,518.3,50270.0
3184,518.4,48043.656
3185,518.5,46300.0
3186,518.6,45120.0
3187,518.7,44600.0
3188,518.8,44830.0
3189,518.9,45903.46
3190,519.0,47920.0
3191,519.1,50980.0
3192,519.2,55180.0
3193,519.3,60607.962
3194,519.4,67350.0
3195,519.5,75490.0
3196,519.6,85090.0
3197,519.7,96170.0
3198,519.8,108758.266
3199,519.9,122800.0
3200,520.0,138200.0
3201,520.1,154800.0
3202,520.2,172433.099
3203,520.3,190900.0
3204,520.4,209900.0
3205,520.5,228900.0
3206,520.6,247700.0
3207,520.7,265792.17
3208,520.8,282700.0
3209,520.9,298000.0
3210,521.0,311300.0
3211,521.1,322157.285
3212,521.2,330300.0
3213,521.3,335500.0
3214,521.4,337600.0
3215,521.5,336700.0
3216,521.6,332648.816
3217,521.7,325700.0
3218,521.8,316200.0
3219,521.9,304400.0
3220,522.0,290726.596
3221,522.1,275600.0
3222,522.2,259400.0
3223,522.3,242500.0
3224,522.4,225500.0
3225,522.5,208654.972
3226,522.6,192200.0
3227,522.7,176400.0
3228,522.8,161500.0
3229,522.9,147600.0
3230,523.0,134812.31
3231,523.1,123100.0
3232,523.2,112400.0
3233,523.3,102700.0
3234,523.4,93933.387
3235,523.5,86030.0
3236,523.6,78920.0
3237,523.7,72520.0
3238,523.8,66750.0
3239,523.9,61551.826
3240,524.0,56880.0
3241,524.1,52690.0
3242,524.2,48940.0
3243,524.3,45611.192
3244,524.4,42680.0
3245,524.5,40120.0
3246,524.6,37910.0
3247,524.7,36040.0
3248,524.8,34476.212
3249,524.9,33210.0
3250,525.0,32240.0
3251,525.1,31560.0
3252,525.2,31169.856
3253,525.3,31090.0
3254,525.4,31350.0
3255,525.5,32000.0
3256,525.6,33110.0
3257,525.7,34758.922
3258,525.8,37050.0
3259,525.9,40100.0
3260,526.0,44050.0
3261,526.1,49030.723
3262,526.2,55180.0
3263,526.3,62640.0
3264,526.4,71540.0
3265,526.5,81950.0
3266,526.6,93941.998
3267,526.7,107500.0
3268,526.8,122600.0
3269,526.9,139200.0
3270,527.0,156977.786
3271,527.1,175700.0
3272,527.2,195100.0
3273,527.3,214700.0
3274,527.4,234200.0
3275,527.5,252955.54
3276,527.6,270500.0
3277,527.7,286400.0
3278,527.8,300100.0
3279,527.9,311200.0
3280,528.0,319334.019
3281,528.1,324200.0
3282,528.2,325600.0
3283,528.3,323600.0
3284,528.4,318126.777
3285,528.5,309400.0
3286,528.6,297700.0
3287,528.7,283300.0
3288,528.8,266800.0
3289,528.9,248489.853
3290,529.0,228900.0
3291,529.1,208600.0
3292,529.2,188000.0
3293,529.3,167633.441
3294,529.4,147900.0
3295,529.5,129100.0
3296,529.6,111400.0
3297,529.7,95130.0
3298,529.8,80382.58
3299,529.9,67200.0
3300,530.0,55610.0
3301,530.1,45560.0
3302,530.2,36991.027
3303,530.3,29800.0
3304,530.4,23870.0
3305,530.5,19080.0
3306,530.6,15310.0
3307,530.7,12452.187
3308,530.8,10420.0
3309,530.9,9135.0
3310,531.0,8538.0
3311,531.1,8603.907
3312,531.2,9338.0
3313,531.3,10760.0
3314,531.4,12930.0
3315,531.5,15940.0
3316,531.6,19886.412
3317,531.7,24910.0
3318,531.8,31170.0
3319,531.9,38850.0
3320,532.0,48134.522
3321,532.1,59210.0
3322,532.2,72270.0
3323,532.3,87500.0
3324,532.4,105000.0
3325,532.5,124965.957
3326,532.6,147500.0
3327,532.7,172600.0
3328,532.8,200100.0
3329,532.9,230100.0
3330,533.0,262325.081
3331,533.1,296600.0
3332,533.2,332700.0
3333,533.3,370100.0
3334,533.4,408624.875
3335,533.5,447900.0
3336,533.6,487500.0
3337,533.7,527100.0
3338,533.8,566300.0
3339,533.9,604781.58
3340,534.0,642400.0
3341,534.1,679000.0
3342,534.2,714300.0
3343,534.3,748229.847
3344,534.4,780700.0
3345,534.5,811600.0
3346,534.6,840800.0
3347,534.7,868100.0
3348,534.8,893359.416
3349,534.9,916300.0
3350,535.0,936600.0
3351,535.1,953900.0
3352,535.2,967719.899
3353,535.3,977600.0
3354,535.4,983100.0
3355,535.5,983800.0
3356,535.6,979300.0
3357,535.7,969325.633
3358,535.8,953700.0
3359,535.9,932300.0
3360,536.0,905200.0
3361,536.1,872727.5
3362,536.2,835300.0
3363,536.3,793400.0
3364,536.4,747700.0
3365,536.5,698900.0
3366,536.6,647995.051
3367,536.7,595800.0
3368,536.8,543100.0
3369,536.9,490800.0
3370,537.0,439671.048
3371,537.1,390400.0
3372,537.2,343600.0
3373,537.3,299700.0
3374,537.4,259200.0
3375,537.5,222167.651
3376,537.6,188700.0
3377,537.7,158900.0
3378,537.8,132700.0
3379,537.9,109900.0
3380,538.0,90324.059
3381,538.1,73690.0
3382,538.2,59690.0
3383,538.3,48040.0
3384,538.4,38457.45
3385,538.5,30660.0
3386,538.6,24370.0
3387,538.7,19340.0
3388,538.8,15370.0
3389,538.9,12253.959
3390,539.0,9836.0
3391,539.1,7980.0
3392,539.2,6573.0
3393,539.3,5522.88
3394,539.4,4760.0
3395,539.5,4224.0
3396,539.6,3872.0
3397,539.7,3668.0
3398,539.8,3585.006
3399,539.9,3602.0
3400,540.0,3700.0
3401,540.1,3864.0
3402,540.2,4079.7
3403,540.3,4334.0
3404,540.4,4614.0
3405,540.5,4907.0
3406,540.6,5202.0
3407,540.7,5485.041
3408,540.8,5746.0
3409,540.9,5975.0
3410,541.0,6160.0
3411,541.1,6295.202
3412,541.2,6375.0
3413,541.3,6394.0
3414,541.4,6350.0
3415,541.5,6244.0
3416,541.6,6078.494
3417,541.7,5858.0
3418,541.8,5588.0
3419,541.9,5276.0
3420,542.0,4930.401
3421,542.1,4560.0
3422,542.2,4174.0
3423,542.3,3782.0
3424,542.4,3391.0
3425,542.5,3009.359
3426,542.6,2643.0
3427,542.7,2297.0
3428,542.8,1976.0
3429,542.9,1683.0
3430,543.0,1418.546
3431,543.1,1183.0
3432,543.2,976.6
3433,543.3,798.5
3434,543.4,646.823
3435,543.5,519.6
3436,543.6,414.8
3437,543.7,330.2
3438,543.8,264.1
3439,543.9,214.792
3440,544.0,181.4
3441,544.1,163.5
3442,544.2,161.6
3443,544.3,177.126
3444,544.4,213.3
3445,544.5,274.2
3446,544.6,366.1
3447,544.7,497.8
3448,544.8,680.136
3449,544.9,927.8
3450,545.0,1258.0
3451,545.1,1694.0
3452,545.2,2261.094
3453,545.3,2991.0
3454,545.4,3919.0
3455,545.5,5088.0
3456,545.6,6544.0
3457,545.7,8336.863
3458,545.8,10520.0
3459,545.9,13150.0
3460,546.0,16290.0
3461,546.1,19991.459
3462,546.2,24300.0
3463,546.3,29260.0
3464,546.4,34910.0
3465,546.5,41270.0
3466,546.6,48334.505
3467,546.7,56080.0
3468,546.8,64470.0
3469,546.9,73430.0
3470,547.0,82871.467
3471,547.1,92680.0
3472,547.2,102700.0
3473,547.3,112700.0
3474,547.4,122600.0
3475,547.5,132158.956
3476,547.6,141200.0
3477,547.7,149500.0
3478,547.8,156700.0
3479,547.9,162900.0
3480,548.0,167778.792
3481,548.1,171200.0
3482,548.2,173100.0
3483,548.3,173400.0
3484,548.4,172172.212
3485,548.5,169400.0
3486,548.6,165100.0
3487,548.7,159500.0
3488,548.8,152700.0
3489,548.9,144912.112
3490,549.0,136300.0
3491,549.1,127000.0
3492,549.2,117200.0
3493,549.3,107266.757
3494,549.4,97350.0
3495,549.5,87550.0
3496,549.6,78040.0
3497,549.7,68970.0
3498,549.8,60444.427
3499,549.9,52530.0
3500,550.0,45280.0
3501,550.1,38720.0
3502,550.2,32850.234
3503,550.3,27660.0
3504,550.4,23130.0
3505,550.5,19210.0
3506,550.6,15840.0
3507,550.7,12985.79
3508,550.8,10590.0
3509,550.9,8590.0
3510,551.0,6934.0
3511,551.1,5572.581
3512,551.2,4462.0
3513,551.3,3561.0
3514,551.4,2833.0
3515,551.5,2247.0
3516,551.6,1777.768
3517,551.7,1404.0
3518,551.8,1106.0
3519,551.9,868.4
3520,552.0,680.028
3521,552.1,531.3
3522,552.2,413.5
3523,552.3,320.6
3524,552.4,247.5
3525,552.5,190.097
3526,552.6,145.3
3527,552.7,110.4
3528,552.8,83.4
3529,552.9,62.56
3530,553.0,46.575
3531,553.1,34.44
3532,553.2,25.26
3533,553.3,18.38
3534,553.4,13.255
3535,553.5,9.484
3536,553.6,6.724
3537,553.7,4.725
3538,553.8,3.29
3539,553.9,2.268
3540,554.0,1.551
3541,554.1,1.05
3542,554.2,0.704
3543,554.3,0.467
3544,554.4,0.308
3545,554.5,0.2
3546,554.6,0.129
3547,554.7,0.083
3548,554.8,0.053
3549,554.9,0.034
3550,555.0,0.022
3551,555.1,0.015
3552,555.2,0.013
3553,555.3,0.013
3554,555.4,0.016
3555,555.5,0.023
3556,555.6,0.034
3557,555.7,0.053
3558,555.8,0.082
3559,555.9,0.125
3560,556.0,0.191
3561,556.1,0.288
3562,556.2,0.431
3563,556.3,0.638
3564,556.4,0.936
3565,556.5,1.36
3566,556.6,1.955
3567,556.7,2.787
3568,556.8,3.932
3569,556.9,5.495
3570,557.0,7.6
3571,557.1,10.42
3572,557.2,14.15
3573,557.3,19.03
3574,557.4,25.35
3575,557.5,33.438
3576,557.6,43.69
3577,557.7,56.54
3578,557.8,72.49
3579,557.9,92.04
3580,558.0,115.795
3581,558.1,144.3
3582,558.2,178.1
3583,558.3,217.8
3584,558.4,263.858
3585,558.5,316.7
3586,558.6,376.7
3587,558.7,444.0
3588,558.8,518.6
3589,558.9,600.437
3590,559.0,689.0
3591,559.1,783.7
3592,559.2,884.0
3593,559.3,988.903
3594,559.4,1097.0
3595,559.5,1207.0
3596,559.6,1318.0
3597,559.7,1428.0
3598,559.8,1535.587
3599,559.9,1640.0
3600,560.0,1740.0
3601,560.1,1833.0
3602,560.2,1919.276
3603,560.3,1998.0
3604,560.4,2068.0
3605,560.5,2129.0
3606,560.6,2181.0
3607,560.7,2222.549
3608,560.8,2254.0
3609,560.9,2276.0
3610,561.0,2288.0
3611,561.1,2289.423
3612,561.2,2281.0
3613,561.3,2263.0
3614,561.4,2234.0
3615,561.5,2196.0
3616,561.6,2146.858
3617,561.7,2088.0
3618,561.8,2021.0
3619,561.9,1944.0
3620,562.0,1858.62
3621,562.1,1766.0
3622,562.2,1667.0
3623,562.3,1563.0
3624,562.4,1455.0
3625,562.5,1344.005
3626,562.6,1232.0
3627,562.7,1121.0
3628,562.8,1012.0
3629,562.9,905.7
3630,563.0,803.933
3631,563.1,707.7
3632,563.2,617.7
3633,563.3,534.6
3634,563.4,458.838
3635,563.5,390.6
3636,563.6,330.0
3637,563.7,277.0
3638,563.8,231.3
3639,563.9,192.676
3640,564.0,160.8
3641,564.1,135.3
3642,564.2,115.8
3643,564.3,102.033
3644,564.4,93.76
3645,564.5,90.77
3646,564.6,93.0
3647,564.7,100.5
3648,564.8,113.28
3649,564.9,131.5
3650,565.0,155.4
3651,565.1,185.3
3652,565.2,221.363
3653,565.3,263.9
3654,565.4,313.2
3655,565.5,369.3
3656,565.6,432.3
3657,565.7,502.068
3658,565.8,578.4
3659,565.9,661.0
3660,566.0,749.3
3661,566.1,842.84
3662,566.2,940.4
3663,566.3,1041.0
3664,566.4,1145.0
3665,566.5,1251.0
3666,566.6,1356.772
3667,566.7,1463.0
3668,566.8,1570.0
3669,566.9,1675.0
3670,567.0,1779.473
3671,567.1,1883.0
3672,567.2,1985.0
3673,567.3,2087.0
3674,567.4,2189.0
3675,567.5,2291.903
3676,567.6,2395.0
3677,567.7,2498.0
3678,567.8,2603.0
3679,567.9,2708.0
3680,568.0,2812.208
3681,568.1,2915.0
3682,568.2,3015.0
3683,568.3,3109.0
3684,568.4,3195.404
3685,568.5,3272.0
3686,568.6,3336.0
3687,568.7,3384.0
3688,568.8,3414.0
3689,568.9,3424.167
3690,569.0,3413.0
3691,569.1,3379.0
3692,569.2,3321.0
3693,569.3,3240.253
3694,569.4,3137.0
3695,569.5,3012.0
3696,569.6,2869.0
3697,569.7,2710.0
3698,569.8,2538.38
3699,569.9,2357.0
3700,570.0,2169.0
3701,570.1,1979.0
3702,570.2,1789.386
3703,570.3,1603.0
3704,570.4,1423.0
3705,570.5,1252.0
3706,570.6,1091.0
3707,570.7,942.382
3708,570.8,806.7
3709,570.9,684.0
3710,571.0,574.6
3711,571.1,478.234
3712,571.2,394.3
3713,571.3,322.1
3714,571.4,260.7
3715,571.5,209.0
3716,571.6,165.986
3717,571.7,130.6
3718,571.8,101.8
3719,571.9,78.65
3720,572.0,60.183
3721,572.1,45.62
3722,572.2,34.26
3723,572.3,25.51
3724,572.4,18.83
3725,572.5,13.796
3726,572.6,10.07
3727,572.7,7.356
3728,572.8,5.453
3729,572.9,4.206
3730,573.0,3.517
3731,573.1,3.366
3732,573.2,3.77
3733,573.3,4.842
3734,573.4,6.779
3735,573.5,9.953
3736,573.6,14.84
3737,573.7,22.22
3738,573.8,33.19
3739,573.9,49.246
3740,574.0,72.7
3741,574.1,106.4
3742,574.2,154.6
3743,574.3,222.671
3744,574.4,318.6
3745,574.5,451.8
3746,574.6,635.4
3747,574.7,886.3
3748,574.8,1225.838
3749,574.9,1682.0
3750,575.0,2287.0
3751,575.1,3084.0
3752,575.2,4122.778
3753,575.3,5467.0
3754,575.4,7186.0
3755,575.5,9363.0
3756,575.6,12100.0
3757,575.7,15496.178
3758,575.8,19670.0
3759,575.9,24750.0
3760,576.0,30880.0
3761,576.1,38198.467
3762,576.2,46840.0
3763,576.3,56940.0
3764,576.4,68630.0
3765,576.5,82000.0
3766,576.6,97115.128
3767,576.7,114100.0
3768,576.8,133000.0
3769,576.9,153600.0
3770,577.0,176002.209
3771,577.1,200100.0
3772,577.2,225700.0
3773,577.3,252600.0
3774,577.4,280600.0
3775,577.5,309449.902
3776,577.6,338900.0
3777,577.7,368700.0
3778,577.8,398600.0
3779,577.9,428400.0
3780,578.0,457876.472
3781,578.1,486900.0
3782,578.2,515400.0
3783,578.3,543400.0
3784,578.4,570858.911
3785,578.5,597800.0
3786,578.6,624300.0
3787,578.7,650500.0
3788,578.8,676400.0
3789,578.9,702104.406
3790,579.0,727600.0
3791,579.1,752800.0
3792,579.2,777500.0
3793,579.3,801460.597
3794,579.4,824300.0
3795,579.5,845600.0
3796,579.6,864900.0
3797,579.7,881600.0
3798,579.8,895207.447
3799,579.9,905100.0
3800,580.0,910700.0
3801,580.1,911700.0
3802,580.2,907625.46
3803,580.3,898300.0
3804,580.4,883700.0
3805,580.5,864000.0
3806,580.6,839400.0
3807,580.7,810389.552
3808,580.8,777600.0
3809,580.9,741700.0
3810,581.0,703500.0
3811,581.1,664027.16
3812,581.2,624200.0
3813,581.3,584900.0
3814,581.4,547000.0
3815,581.5,511300.0
3816,581.6,478629.769
3817,581.7,449500.0
3818,581.8,424300.0
3819,581.9,403300.0
3820,582.0,386701.155
3821,582.1,374400.0
3822,582.2,366200.0
3823,582.3,361800.0
3824,582.4,360700.0
3825,582.5,362348.768
3826,582.6,366100.0
3827,582.7,371300.0
3828,582.8,377300.0
3829,582.9,383300.0
3830,583.0,388769.574
3831,583.1,393100.0
3832,583.2,395700.0
3833,583.3,396200.0
3834,583.4,394256.083
3835,583.5,389700.0
3836,583.6,382400.0
3837,583.7,372300.0
3838,583.8,359700.0
3839,583.9,344606.628
3840,584.0,327400.0
3841,584.1,308500.0
3842,584.2,288100.0
3843,584.3,266749.194
3844,584.4,244900.0
3845,584.5,222900.0
3846,584.6,201000.0
3847,584.7,179700.0
3848,584.8,159215.161
3849,584.9,139800.0
3850,585.0,121700.0
3851,585.1,105000.0
3852,585.2,89796.767
3853,585.3,76110.0
3854,585.4,63930.0
3855,585.5,53220.0
3856,585.6,43910.0
3857,585.7,35913.204
3858,585.8,29110.0
3859,585.9,23380.0
3860,586.0,18620.0
3861,586.1,14694.373
3862,586.2,11490.0
3863,586.3,8904.0
3864,586.4,6840.0
3865,586.5,5207.0
3866,586.6,3928.596
3867,586.7,2939.0
3868,586.8,2178.0
3869,586.9,1600.0
3870,587.0,1164.613
3871,587.1,840.7
3872,587.2,601.2
3873,587.3,426.2
3874,587.4,299.4
3875,587.5,208.253
3876,587.6,143.8
3877,587.7,98.37
3878,587.8,66.68
3879,587.9,44.8
3880,588.0,29.787
3881,588.1,19.68
3882,588.2,12.87
3883,588.3,8.345
3884,588.4,5.352
3885,588.5,3.414
3886,588.6,2.156
3887,588.7,1.35
3888,588.8,0.84
3889,588.9,0.518
3890,589.0,0.324
3891,589.1,0.206
3892,589.2,0.14
3893,589.3,0.107
3894,589.4,0.101
3895,589.5,0.117
3896,589.6,0.153
3897,589.7,0.215
3898,589.8,0.308
3899,589.9,0.444
3900,590.0,0.639
3901,590.1,0.912
3902,590.2,1.291
3903,590.3,1.815
3904,590.4,2.529
3905,590.5,3.494
3906,590.6,4.785
3907,590.7,6.495
3908,590.8,8.745
3909,590.9,11.67
3910,591.0,15.44
3911,591.1,20.249
3912,591.2,26.34
3913,591.3,33.97
3914,591.4,43.42
3915,591.5,55.03
3916,591.6,69.131
3917,591.7,86.13
3918,591.8,106.4
3919,591.9,130.2
3920,592.0,158.096
3921,592.1,190.3
3922,592.2,227.0
3923,592.3,268.6
3924,592.4,315.0
3925,592.5,366.264
3926,592.6,422.2
3927,592.7,482.5
3928,592.8,546.7
3929,592.9,614.1
3930,593.0,683.947
3931,593.1,755.2
3932,593.2,826.7
3933,593.3,897.2
3934,593.4,965.554
3935,593.5,1030.0
3936,593.6,1089.0
3937,593.7,1142.0
3938,593.8,1187.0
3939,593.9,1223.382
3940,594.0,1250.0
3941,594.1,1266.0
3942,594.2,1272.0
3943,594.3,1266.634
3944,594.4,1250.0
3945,594.5,1223.0
3946,594.6,1187.0
3947,594.7,1142.0
3948,594.8,1089.271
3949,594.9,1030.0
3950,595.0,965.4
3951,595.1,897.2
3952,595.2,826.692
3953,595.3,755.2
3954,595.4,684.0
3955,595.5,614.1
3956,595.6,546.7
3957,595.7,482.549
3958,595.8,422.2
3959,595.9,366.2
3960,596.0,315.0
3961,596.1,268.574
3962,596.2,227.0
3963,596.3,190.3
3964,596.4,158.1
3965,596.5,130.2
3966,596.6,106.345
3967,596.7,86.13
3968,596.8,69.14
3969,596.9,55.03
3970,597.0,43.424
3971,597.1,33.97
3972,597.2,26.34
3973,597.3,20.26
3974,597.4,15.44
3975,597.5,11.666
3976,597.6,8.745
3977,597.7,6.497
3978,597.8,4.785
3979,597.9,3.494
3980,598.0,2.528
3981,598.1,1.815
3982,598.2,1.292
3983,598.3,0.911
3984,598.4,0.637
3985,598.5,0.442
3986,598.6,0.304
3987,598.7,0.207
3988,598.8,0.14
3989,598.9,0.094
3990,599.0,0.062
3991,599.1,0.041
3992,599.2,0.027
3993,599.3,0.018
3994,599.4,0.012
3995,599.5,0.008
3996,599.6,0.007
3997,599.7,0.006
3998,599.8,0.007
3999,599.9,0.009
4000,600.0,0.013
4001,600.1,0.02
4002,600.2,0.031
4003,600.3,0.046
4004,600.4,0.07
4005,600.5,0.104
4006,600.6,0.155
4007,600.7,0.227
4008,600.8,0.332
4009,600.9,0.481
4010,601.0,0.69
4011,601.1,0.981
4012,601.2,1.386
4013,601.3,1.94
4014,601.4,2.692
4015,601.5,3.707
4016,601.6,5.06
4017,601.7,6.853
4018,601.8,9.202
4019,601.9,12.26
4020,602.0,16.187
4021,602.1,21.2
4022,602.2,27.54
4023,602.3,35.49
4024,602.4,45.34
4025,602.5,57.454
4026,602.6,72.22
4027,602.7,90.03
4028,602.8,111.3
4029,602.9,136.5
4030,603.0,166.015
4031,603.1,200.3
4032,603.2,239.8
4033,603.3,284.8
4034,603.4,335.514
4035,603.5,392.2
4036,603.6,455.1
4037,603.7,524.3
4038,603.8,599.7
4039,603.9,681.325
4040,604.0,769.2
4041,604.1,863.4
4042,604.2,964.2
4043,604.3,1071.956
4044,604.4,1188.0
4045,604.5,1314.0
4046,604.6,1452.0
4047,604.7,1605.0
4048,604.8,1778.346
4049,604.9,1978.0
4050,605.0,2211.0
4051,605.1,2488.0
4052,605.2,2819.518
4053,605.3,3221.0
4054,605.4,3709.0
4055,605.5,4301.0
4056,605.6,5021.0
4057,605.7,5890.143
4058,605.8,6933.0
4059,605.9,8176.0
4060,606.0,9647.0
4061,606.1,11370.427
4062,606.2,13370.0
4063,606.3,15670.0
4064,606.4,18290.0
4065,606.5,21230.0
4066,606.6,24502.604
4067,606.7,28100.0
4068,606.8,32010.0
4069,606.9,36220.0
4070,607.0,40682.686
4071,607.1,45350.0
4072,607.2,50170.0
4073,607.3,55070.0
4074,607.4,59980.0
4075,607.5,64810.672
4076,607.6,69480.0
4077,607.7,73900.0
4078,607.8,77960.0
4079,607.9,81590.0
4080,608.0,84701.472
4081,608.1,87230.0
4082,608.2,89120.0
4083,608.3,90320.0
4084,608.4,90799.655
4085,608.5,90560.0
4086,608.6,89610.0
4087,608.7,87970.0
4088,608.8,85690.0
4089,608.9,82824.836
4090,609.0,79440.0
4091,609.1,75610.0
4092,609.2,71430.0
4093,609.3,66989.356
4094,609.4,62380.0
4095,609.5,57690.0
4096,609.6,52990.0
4097,609.7,48360.0
4098,609.8,43873.779
4099,609.9,39580.0
4100,610.0,35520.0
4101,610.1,31730.0
4102,610.2,28240.135
4103,610.3,25060.0
4104,610.4,22190.0
4105,610.5,19620.0
4106,610.6,17350.0
4107,610.7,15356.236
4108,610.8,13620.0
4109,610.9,12120.0
4110,611.0,10820.0
4111,611.1,9706.804
4112,611.2,8754.0
4113,611.3,7933.0
4114,611.4,7226.0
4115,611.5,6611.0
4116,611.6,6071.257
4117,611.7,5593.0
4118,611.8,5163.0
4119,611.9,4770.0
4120,612.0,4406.938
4121,612.1,4068.0
4122,612.2,3748.0
4123,612.3,3444.0
4124,612.4,3154.0
4125,612.5,2877.206
4126,612.6,2613.0
4127,612.7,2361.0
4128,612.8,2122.0
4129,612.9,1897.0
4130,613.0,1685.61
4131,613.1,1489.0
4132,613.2,1308.0
4133,613.3,1141.0
4134,613.4,988.932
4135,613.5,851.7
4136,613.6,728.7
4137,613.7,619.3
4138,613.8,522.8
4139,613.9,438.355
4140,614.0,365.1
4141,614.1,302.1
4142,614.2,248.2
4143,614.3,202.497
4144,614.4,164.1
4145,614.5,132.1
4146,614.6,105.6
4147,614.7,83.81
4148,614.8,66.058
4149,614.9,51.72
4150,615.0,40.21
4151,615.1,31.05
4152,615.2,23.804
4153,615.3,18.13
4154,615.4,13.72
4155,615.5,10.32
4156,615.6,7.73
4157,615.7,5.775
4158,615.8,4.328
4159,615.9,3.28
4160,616.0,2.555
4161,616.1,2.095
4162,616.2,1.868
4163,616.3,1.851
4164,616.4,2.046
4165,616.5,2.468
4166,616.6,3.151
4167,616.7,4.153
4168,616.8,5.546
4169,616.9,7.429
4170,617.0,9.928
4171,617.1,13.21
4172,617.2,17.46
4173,617.3,22.91
4174,617.4,29.83
4175,617.5,38.544
4176,617.6,49.43
4177,617.7,62.89
4178,617.8,79.39
4179,617.9,99.43
4180,618.0,123.539
4181,618.1,152.3
4182,618.2,186.3
4183,618.3,226.1
4184,618.4,272.276
4185,618.5,325.3
4186,618.6,385.6
4187,618.7,453.5
4188,618.8,529.2
4189,618.9,612.82
4190,619.0,704.1
4191,619.1,802.7
4192,619.2,908.2
4193,619.3,1019.654
4194,619.4,1136.0
4195,619.5,1256.0
4196,619.6,1378.0
4197,619.7,1501.0
4198,619.8,1622.8
4199,619.9,1742.0
4200,620.0,1857.0
4201,620.1,1965.0
4202,620.2,2065.551
4203,620.3,2157.0
4204,620.4,2238.0
4205,620.5,2309.0
4206,620.6,2367.0
4207,620.7,2413.66
4208,620.8,2450.0
4209,620.9,2476.0
4210,621.0,2491.0
4211,621.1,2498.046
4212,621.2,2499.0
4213,621.3,2495.0
4214,621.4,2487.0
4215,621.5,2477.0
4216,621.6,2466.68
4217,621.7,2457.0
4218,621.8,2449.0
4219,621.9,2444.0
4220,622.0,2441.429
4221,622.1,2442.0
4222,622.2,2446.0
4223,622.3,2451.0
4224,622.4,2457.0
4225,622.5,2463.238
4226,622.6,2468.0
4227,622.7,2470.0
4228,622.8,2469.0
4229,622.9,2462.0
4230,623.0,2450.159
4231,623.1,2432.0
4232,623.2,2406.0
4233,623.3,2374.0
4234,623.4,2336.236
4235,623.5,2293.0
4236,623.6,2245.0
4237,623.7,2194.0
4238,623.8,2142.0
4239,623.9,2089.403
4240,624.0,2038.0
4241,624.1,1990.0
4242,624.2,1947.0
4243,624.3,1909.386
4244,624.4,1878.0
4245,624.5,1854.0
4246,624.6,1838.0
4247,624.7,1828.0
4248,624.8,1825.366
4249,624.9,1829.0
4250,625.0,1837.0
4251,625.1,1848.0
4252,625.2,1860.695
4253,625.3,1874.0
4254,625.4,1886.0
4255,625.5,1893.0
4256,625.6,1896.0
4257,625.7,1892.149
4258,625.8,1880.0
4259,625.9,1859.0
4260,626.0,1829.0
4261,626.1,1789.431
4262,626.2,1740.0
4263,626.3,1681.0
4264,626.4,1614.0
4265,626.5,1539.0
4266,626.6,1457.131
4267,626.7,1370.0
4268,626.8,1279.0
4269,626.9,1185.0
4270,627.0,1089.904
4271,627.1,995.2
4272,627.2,902.1
4273,627.3,811.6
4274,627.4,724.9
4275,627.5,642.837
4276,627.6,566.0
4277,627.7,494.9
4278,627.8,429.9
4279,627.9,371.3
4280,628.0,319.023
4281,628.1,272.9
4282,628.2,232.8
4283,628.3,198.6
4284,628.4,169.773
4285,628.5,146.0
4286,628.6,127.0
4287,628.7,112.3
4288,628.8,101.4
4289,628.9,93.988
4290,629.0,89.69
4291,629.1,88.11
4292,629.2,88.9
4293,629.3,91.738
4294,629.4,96.31
4295,629.5,102.3
4296,629.6,109.4
4297,629.7,117.4
4298,629.8,125.986
4299,629.9,134.9
4300,630.0,143.9
4301,630.1,152.7
4302,630.2,161.043
4303,630.3,168.8
4304,630.4,175.8
4305,630.5,181.7
4306,630.6,186.5
4307,630.7,190.044
4308,630.8,192.2
4309,630.9,192.9
4310,631.0,192.2
4311,631.1,190.124
4312,631.2,186.7
4313,631.3,182.0
4314,631.4,176.2
4315,631.5,169.4
4316,631.6,161.813
4317,631.7,153.7
4318,631.8,145.3
4319,631.9,136.8
4320,632.0,128.553
4321,632.1,120.8
4322,632.2,113.8
4323,632.3,108.0
4324,632.4,103.7
4325,632.5,101.266
4326,632.6,101.1
4327,632.7,103.6
4328,632.8,109.2
4329,632.9,118.5
4330,633.0,132.017
4331,633.1,150.4
4332,633.2,174.3
4333,633.3,204.3
4334,633.4,241.265
4335,633.5,286.0
4336,633.6,339.3
4337,633.7,402.1
4338,633.8,475.4
4339,633.9,560.031
4340,634.0,657.0
4341,634.1,767.3
4342,634.2,891.8
4343,634.3,1031.809
4344,634.4,1188.0
4345,634.5,1361.0
4346,634.6,1552.0
4347,634.7,1762.0
4348,634.8,1991.553
4349,634.9,2241.0
4350,635.0,2511.0
4351,635.1,2803.0
4352,635.2,3116.661
4353,635.3,3452.0
4354,635.4,3809.0
4355,635.5,4187.0
4356,635.6,4586.0
4357,635.7,5003.745
4358,635.8,5439.0
4359,635.9,5890.0
4360,636.0,6352.0
4361,636.1,6822.407
4362,636.2,7297.0
4363,636.3,7771.0
4364,636.4,8239.0
4365,636.5,8693.0
4366,636.6,9127.835
4367,636.7,9536.0
4368,636.8,9911.0
4369,636.9,10250.0
4370,637.0,10538.962
4371,637.1,10770.0
4372,637.2,10940.0
4373,637.3,11050.0
4374,637.4,11090.0
4375,637.5,11065.445
4376,637.6,10970.0
4377,637.7,10800.0
4378,637.8,10570.0
4379,637.9,10270.0
4380,638.0,9914.969
4381,638.1,9510.0
4382,638.2,9057.0
4383,638.3,8565.0
4384,638.4,8044.081
4385,638.5,7503.0
4386,638.6,6950.0
4387,638.7,6393.0
4388,638.8,5841.0
4389,638.9,5300.616
4390,639.0,4779.0
4391,639.1,4283.0
4392,639.2,3817.0
4393,639.3,3384.956
4394,639.4,2990.0
4395,639.5,2635.0
4396,639.6,2322.0
4397,639.7,2051.0
4398,639.8,1824.011
4399,639.9,1641.0
4400,640.0,1501.0
4401,640.1,1403.0
4402,640.2,1348.099
4403,640.3,1335.0
4404,640.4,1362.0
4405,640.5,1429.0
4406,640.6,1536.0
4407,640.7,1681.099
4408,640.8,1863.0
4409,640.9,2081.0
4410,641.0,2335.0
4411,641.1,2622.962
4412,641.2,2943.0
4413,641.3,3294.0
4414,641.4,3676.0
4415,641.5,4086.0
4416,641.6,4524.029
4417,641.7,4990.0
4418,641.8,5484.0
4419,641.9,6008.0
4420,642.0,6564.877
4421,642.1,7160.0
4422,642.2,7800.0
4423,642.3,8495.0
4424,642.4,9258.0
4425,642.5,10100.63
4426,642.6,11050.0
4427,642.7,12130.0
4428,642.8,13350.0
4429,642.9,14760.0
4430,643.0,16376.72
4431,643.1,18230.0
4432,643.2,20360.0
4433,643.3,22810.0
4434,643.4,25591.262
4435,643.5,28740.0
4436,643.6,32290.0
4437,643.7,36240.0
4438,643.8,40610.0
4439,643.9,45390.984
4440,644.0,50570.0
4441,644.1,56130.0
4442,644.2,62030.0
4443,644.3,68214.533
4444,644.4,74610.0
4445,644.5,81140.0
4446,644.6,87730.0
4447,644.7,94270.0
4448,644.8,100600.684
4449,644.9,106700.0
4450,645.0,112500.0
4451,645.1,117700.0
4452,645.2,122299.451
4453,645.3,126200.0
4454,645.4,129300.0
4455,645.5,131600.0
4456,645.6,132900.0
4457,645.7,133313.185
4458,645.8,132800.0
4459,645.9,131300.0
4460,646.0,128900.0
4461,646.1,125604.154
4462,646.2,121500.0
4463,646.3,116700.0
4464,646.4,111300.0
4465,646.5,105400.0
4466,646.6,99057.581
4467,646.7,92410.0
4468,646.8,85600.0
4469,646.9,78710.0
4470,647.0,71856.586
4471,647.1,65130.0
4472,647.2,58610.0
4473,647.3,52370.0
4474,647.4,46460.0
4475,647.5,40930.429
4476,647.6,35810.0
4477,647.7,31120.0
4478,647.8,26870.0
4479,647.9,23050.0
4480,648.0,19669.968
4481,648.1,16700.0
4482,648.2,14110.0
4483,648.3,11900.0
4484,648.4,10017.805
4485,648.5,8436.0
4486,648.6,7134.0
4487,648.7,6077.0
4488,648.8,5235.0
4489,648.9,4582.083
4490,649.0,4092.0
4491,649.1,3740.0
4492,649.2,3507.0
4493,649.3,3372.276
4494,649.4,3320.0
4495,649.5,3336.0
4496,649.6,3407.0
4497,649.7,3522.0
4498,649.8,3672.821
4499,649.9,3852.0
4500,650.0,4053.0
4501,650.1,4272.0
4502,650.2,4503.649
4503,650.3,4746.0
4504,650.4,4998.0
4505,650.5,5258.0
4506,650.6,5525.0
4507,650.7,5799.533
4508,650.8,6082.0
4509,650.9,6373.0
4510,651.0,6674.0
4511,651.1,6985.44
4512,651.2,7309.0
4513,651.3,7646.0
4514,651.4,7996.0
4515,651.5,8362.0
4516,651.6,8743.808
4517,651.7,9141.0
4518,651.8,9554.0
4519,651.9,9983.0
4520,652.0,10422.307
4521,652.1,10880.0
4522,652.2,11360.0
4523,652.3,11840.0
4524,652.4,12320.0
4525,652.5,12813.345
4526,652.6,13310.0
4527,652.7,13800.0
4528,652.8,14290.0
4529,652.9,14760.0
4530,653.0,15208.463
4531,653.1,15630.0
4532,653.2,16020.0
4533,653.3,16380.0
4534,653.4,16687.487
4535,653.5,16940.0
4536,653.6,17140.0
4537,653.7,17280.0
4538,653.8,17350.0
4539,653.9,17350.398
4540,654.0,17280.0
4541,654.1,17140.0
4542,654.2,16940.0
4543,654.3,16674.413
4544,654.4,16350.0
4545,654.5,15980.0
4546,654.6,15580.0
4547,654.7,15150.0
4548,654.8,14702.38
4549,654.9,14260.0
4550,655.0,13840.0
4551,655.1,13440.0
4552,655.2,13083.547
4553,655.3,12780.0
4554,655.4,12540.0
4555,655.5,12390.0
4556,655.6,12320.0
4557,655.7,12339.912
4558,655.8,12450.0
4559,655.9,12650.0
4560,656.0,12950.0
4561,656.1,13339.658
4562,656.2,13810.0
4563,656.3,14350.0
4564,656.4,14940.0
4565,656.5,15580.0
4566,656.6,16251.194
4567,656.7,16930.0
4568,656.8,17600.0
4569,656.9,18260.0
4570,657.0,18877.478
4571,657.1,19440.0
4572,657.2,19940.0
4573,657.3,20360.0
4574,657.4,20690.0
4575,657.5,20928.284
4576,657.6,21070.0
4577,657.7,21110.0
4578,657.8,21050.0
4579,657.9,20900.0
4580,658.0,20657.309
4581,658.1,20330.0
4582,658.2,19930.0
4583,658.3,19470.0
4584,658.4,18965.749
4585,658.5,18430.0
4586,658.6,17870.0
4587,658.7,17290.0
4588,658.8,16730.0
4589,658.9,16176.807
4590,659.0,15640.0
4591,659.1,15140.0
4592,659.2,14690.0
4593,659.3,14277.717
4594,659.4,13910.0
4595,659.5,13600.0
4596,659.6,13350.0
4597,659.7,13140.0
4598,659.8,12987.071
4599,659.9,12890.0
4600,660.0,12840.0
4601,660.1,12830.0
4602,660.2,12855.904
4603,660.3,12920.0
4604,660.4,13020.0
4605,660.5,13140.0
4606,660.6,13290.0
4607,660.7,13453.109
4608,660.8,13630.0
4609,660.9,13820.0
4610,661.0,14000.0
4611,661.1,14179.942
4612,661.2,14360.0
4613,661.3,14530.0
4614,661.4,14670.0
4615,661.5,14790.0
4616,661.6,14887.201
4617,661.7,14950.0
4618,661.8,14970.0
4619,661.9,14950.0
4620,662.0,14880.454
4621,662.1,14760.0
4622,662.2,14590.0
4623,662.3,14370.0
4624,662.4,14100.0
4625,662.5,13778.026
4626,662.6,13400.0
4627,662.7,12970.0
4628,662.8,12510.0
4629,662.9,12000.0
4630,663.0,11457.215
4631,663.1,10890.0
4632,663.2,10300.0
4633,663.3,9690.0
4634,663.4,9075.352
4635,663.5,8461.0
4636,663.6,7850.0
4637,663.7,7251.0
4638,663.8,6669.0
4639,663.9,6109.472
4640,664.0,5577.0
4641,664.1,5075.0
4642,664.2,4605.0
4643,664.3,4171.559
4644,664.4,3775.0
4645,664.5,3415.0
4646,664.6,3093.0
4647,664.7,2807.0
4648,664.8,2555.957
4649,664.9,2338.0
4650,665.0,2151.0
4651,665.1,1993.0
4652,665.2,1861.104
4653,665.3,1752.0
4654,665.4,1663.0
4655,665.5,1593.0
4656,665.6,1538.0
4657,665.7,1495.96
4658,665.8,1465.0
4659,665.9,1443.0
4660,666.0,1428.0
4661,666.1,1419.598
4662,666.2,1417.0
4663,666.3,1419.0
4664,666.4,1424.0
4665,666.5,1432.0
4666,666.6,1443.871
4667,666.7,1459.0
4668,666.8,1477.0
4669,666.9,1499.0
4670,667.0,1523.191
4671,667.1,1550.0
4672,667.2,1580.0
4673,667.3,1612.0
4674,667.4,1647.0
4675,667.5,1683.321
4676,667.6,1721.0
4677,667.7,1760.0
4678,667.8,1798.0
4679,667.9,1835.0
4680,668.0,1870.617
4681,668.1,1903.0
4682,668.2,1931.0
4683,668.3,1956.0
4684,668.4,1975.337
4685,668.5,1989.0
4686,668.6,1997.0
4687,668.7,1997.0
4688,668.8,1991.0
4689,668.9,1977.209
4690,669.0,1956.0
4691,669.1,1928.0
4692,669.2,1892.0
4693,669.3,1849.394
4694,669.4,1801.0
4695,669.5,1747.0
4696,669.6,1687.0
4697,669.7,1622.0
4698,669.8,1552.66
4699,669.9,1480.0
4700,670.0,1405.0
4701,670.1,1328.0
4702,670.2,1249.534
4703,670.3,1170.0
4704,670.4,1090.0
4705,670.5,1011.0
4706,670.6,933.7
4707,670.7,858.012
4708,670.8,784.4
4709,670.9,713.5
4710,671.0,645.8
4711,671.1,581.454
4712,671.2,520.7
4713,671.3,463.8
4714,671.4,410.9
4715,671.5,362.0
4716,671.6,317.163
4717,671.7,276.3
4718,671.8,239.3
4719,671.9,206.1
4720,672.0,176.442
4721,672.1,150.1
4722,672.2,126.9
4723,672.3,106.7
4724,672.4,89.15
4725,672.5,74.019
4726,672.6,61.08
4727,672.7,50.09
4728,672.8,40.81
4729,672.9,33.04
4730,673.0,26.58
4731,673.1,21.25
4732,673.2,16.88
4733,673.3,13.32
4734,673.4,10.439
4735,673.5,8.129
4736,673.6,6.29
4737,673.7,4.835
4738,673.8,3.692
4739,673.9,2.8
4740,674.0,2.11
4741,674.1,1.58
4742,674.2,1.175
4743,674.3,0.868
4744,674.4,0.637
4745,674.5,0.464
4746,674.6,0.336
4747,674.7,0.242
4748,674.8,0.173
4749,674.9,0.123
4750,675.0,0.086
4751,675.1,0.06
4752,675.2,0.042
4753,675.3,0.029
4754,675.4,0.02
4755,675.5,0.014
4756,675.6,0.009
4757,675.7,0.006
4758,675.8,0.004
4759,675.9,0.003
4760,676.0,0.002
4761,676.1,0.001
4762,676.2,0.001
4763,676.3,0.0
4764,676.4,0.0
4765,676.5,0.0
4766,676.6,0.0
4767,676.7,0.0
4768,676.8,0.0
4769,676.9,0.0
4770,677.0,0.0
4771,677.1,0.0
4772,677.2,0.0
4773,677.3,0.0
4774,677.4,0.0
4775,677.5,0.0
4776,677.6,0.0
4777,677.7,0.0
4778,677.8,0.0
4779,677.9,0.0
4780,678.0,0.0
4781,678.1,0.0
4782,678.2,0.0
4783,678.3,0.0
4784,678.4,0.0
4785,678.5,0.0
4786,678.6,0.0
4787,678.7,0.0
4788,678.8,0.0
4789,678.9,0.0
4790,679.0,0.0
4791,679.1,0.0
4792,679.2,0.0
4793,679.3,0.0
4794,679.4,0.0
4795,679.5,0.0
4796,679.6,0.0
4797,679.7,0.0
4798,679.8,0.0
4799,679.9,0.0
4800,680.0,0.0
4801,680.1,0.0
4802,680.2,0.0
4803,680.3,0.0
4804,680.4,0.0
4805,680.5,0.0
4806,680.6,0.0
4807,680.7,0.0
4808,680.8,0.0
4809,680.9,0.0
4810,681.0,0.0
4811,681.1,0.0
4812,681.2,0.0
4813,681.3,0.0
4814,681.4,0.0
4815,681.5,0.0
4816,681.6,0.0
4817,681.7,0.0
4818,681.8,0.0
4819,681.9,0.0
4820,682.0,0.0
4821,682.1,0.0
4822,682.2,0.0
4823,682.3,0.0
4824,682.4,0.0
4825,682.5,0.0
4826,682.6,0.0
4827,682.7,0.0
4828,682.8,0.0
4829,682.9,0.0
4830,683.0,0.0
4831,683.1,0.0
4832,683.2,0.001
4833,683.3,0.001
4834,683.4,0.002
4835,683.5,0.003
4836,683.6,0.005
4837,683.7,0.009
4838,683.8,0.014
4839,683.9,0.023
4840,684.0,0.037
4841,684.1,0.059
4842,684.2,0.092
4843,684.3,0.144
4844,684.4,0.225
4845,684.5,0.348
4846,684.6,0.535
4847,684.7,0.817
4848,684.8,1.238
4849,684.9,1.869
4850,685.0,2.8
4851,685.1,4.168
4852,685.2,6.158
4853,685.3,9.061
4854,685.4,13.23
4855,685.5,19.2
4856,685.6,27.69
4857,685.7,39.644
4858,685.8,56.49
4859,685.9,79.92
4860,686.0,112.3
4861,686.1,156.793
4862,686.2,217.8
4863,686.3,300.4
4864,686.4,411.6
4865,686.5,560.5
4866,686.6,758.472
4867,686.7,1020.0
4868,686.8,1362.0
4869,686.9,1808.0
4870,687.0,2384.271
4871,687.1,3126.0
4872,687.2,4072.0
4873,687.3,5269.0
4874,687.4,6775.0
4875,687.5,8653.643
4876,687.6,10990.0
4877,687.7,13870.0
4878,687.8,17380.0
4879,687.9,21660.0
4880,688.0,26810.873
4881,688.1,32970.0
4882,688.2,40290.0
4883,688.3,48930.0
4884,688.4,59050.387
4885,688.5,70810.0
4886,688.6,84370.0
4887,688.7,99910.0
4888,688.8,117600.0
4889,688.9,137482.335
4890,689.0,159700.0
4891,689.1,184400.0
4892,689.2,211600.0
4893,689.3,241276.779
4894,689.4,273400.0
4895,689.5,307900.0
4896,689.6,344600.0
4897,689.7,383400.0
4898,689.8,423987.822
4899,689.9,466000.0
4900,690.0,509100.0
4901,690.1,553000.0
4902,690.2,597258.153
4903,690.3,641400.0
4904,690.4,685000.0
4905,690.5,727700.0
4906,690.6,768900.0
4907,690.7,808483.375
4908,690.8,846100.0
4909,690.9,881400.0
4910,691.0,914400.0
4911,691.1,945053.297
4912,691.2,973300.0
4913,691.3,999400.0
4914,691.4,1024000.0
4915,691.5,1046000.0
4916,691.6,1067874.708
4917,691.7,1089000.0
4918,691.8,1109000.0
4919,691.9,1131000.0
4920,692.0,1152909.577
4921,692.1,1176000.0
4922,692.2,1202000.0
4923,692.3,1230000.0
4924,692.4,1261000.0
4925,692.5,1294359.318
4926,692.6,1330000.0
4927,692.7,1368000.0
4928,692.8,1408000.0
4929,692.9,1450000.0
4930,693.0,1493007.735
4931,693.1,1536000.0
4932,693.2,1578000.0
4933,693.3,1618000.0
4934,693.4,1655241.496
4935,693.5,1689000.0
4936,693.6,1718000.0
4937,693.7,1740000.0
4938,693.8,1756000.0
4939,693.9,1764560.636
4940,694.0,1765000.0
4941,694.1,1757000.0
4942,694.2,1740000.0
4943,694.3,1713831.025
4944,694.4,1679000.0
4945,694.5,1636000.0
4946,694.6,1585000.0
4947,694.7,1527000.0
4948,694.8,1462329.371
4949,694.9,1392000.0
4950,695.0,1317000.0
4951,695.1,1238000.0
4952,695.2,1157645.713
4953,695.3,1076000.0
4954,695.4,993100.0
4955,695.5,911400.0
4956,695.6,831200.0
4957,695.7,753326.607
4958,695.8,678500.0
4959,695.9,607300.0
4960,696.0,540200.0
4961,696.1,477535.917
4962,696.2,419500.0
4963,696.3,366200.0
4964,696.4,317600.0
4965,696.5,273800.0
4966,696.6,234589.069
4967,696.7,199700.0
4968,696.8,168900.0
4969,696.9,142000.0
4970,697.0,118647.723
4971,697.1,98520.0
4972,697.2,81310.0
4973,697.3,66700.0
4974,697.4,54390.0
4975,697.5,44099.003
4976,697.6,35560.0
4977,697.7,28520.0
4978,697.8,22770.0
4979,697.9,18110.0
4980,698.0,14355.143
4981,698.1,11360.0
4982,698.2,8992.0
4983,698.3,7135.0
4984,698.4,5691.68
4985,698.5,4585.0
4986,698.6,3745.0
4987,698.7,3115.0
4988,698.8,2651.0
4989,698.9,2314.289
4990,699.0,2076.0
4991,699.1,1911.0
4992,699.2,1800.0
4993,699.3,1728.218
4994,699.4,1684.0
4995,699.5,1657.0
4996,699.6,1640.0
4997,699.7,1628.0
4998,699.8,1616.838
4999,699.9,1604.0
5000,700.0,1587.0
5001,700.1,1563.0
5002,700.2,1532.838
5003,700.3,1496.0
5004,700.4,1452.0
5005,700.5,1402.0
5006,700.6,1345.0
5007,700.7,1283.08
5008,700.8,1217.0
5009,700.9,1147.0
5010,701.0,1074.0
5011,701.1,999.746
5012,701.2,925.1
5013,701.3,850.7
5014,701.4,777.4
5015,701.5,706.0
5016,701.6,637.219
5017,701.7,571.6
5018,701.8,509.6
5019,701.9,451.5
5020,702.0,397.501
5021,702.1,347.8
5022,702.2,302.5
5023,702.3,261.4
5024,702.4,224.5
5025,702.5,191.674
5026,702.6,162.6
5027,702.7,137.0
5028,702.8,114.8
5029,702.9,95.59
5030,703.0,79.099
5031,703.1,65.05
5032,703.2,53.16
5033,703.3,43.18
5034,703.4,34.854
5035,703.5,27.96
5036,703.6,22.29
5037,703.7,17.66
5038,703.8,13.9
5039,703.9,10.875
5040,704.0,8.46
5041,704.1,6.538
5042,704.2,5.021
5043,704.3,3.831
5044,704.4,2.907
5045,704.5,2.192
5046,704.6,1.642
5047,704.7,1.223
5048,704.8,0.905
5049,704.9,0.665
5050,705.0,0.486
5051,705.1,0.353
5052,705.2,0.255
5053,705.3,0.183
5054,705.4,0.13
5055,705.5,0.092
5056,705.6,0.065
5057,705.7,0.045
5058,705.8,0.032
5059,705.9,0.022
5060,706.0,0.015
5061,706.1,0.01
5062,706.2,0.007
5063,706.3,0.005
5064,706.4,0.003
5065,706.5,0.002
5066,706.6,0.001
5067,706.7,0.001
5068,706.8,0.001
5069,706.9,0.0
5070,707.0,0.0
5071,707.1,0.0
5072,707.2,0.0
5073,707.3,0.0
5074,707.4,0.0
5075,707.5,0.0
5076,707.6,0.0
5077,707.7,0.0
5078,707.8,0.0
5079,707.9,0.0
5080,708.0,0.0
5081,708.1,0.0
5082,708.2,0.0
5083,708.3,0.0
5084,708.4,0.0
5085,708.5,0.0
5086,708.6,0.0
5087,708.7,0.0
5088,708.8,0.0
5089,708.9,0.0
5090,709.0,0.0
5091,709.1,0.0
5092,709.2,0.0
5093,709.3,0.0
5094,709.4,0.0
5095,709.5,0.0
5096,709.6,0.0
5097,709.7,0.0
5098,709.8,0.0
5099,709.9,0.0
5100,710.0,0.0
5101,710.1,0.0
5102,710.2,0.0
5103,710.3,0.0
5104,710.4,0.0
5105,710.5,0.0
5106,710.6,0.0
5107,710.7,0.0
5108,710.8,0.0
5109,710.9,0.0
5110,711.0,0.0
5111,711.1,0.0
5112,711.2,0.0
5113,711.3,0.0
5114,711.4,0.0
5115,711.5,0.0
5116,711.6,0.0
5117,711.7,0.0
5118,711.8,0.0
5119,711.9,0.0
5120,712.0,0.0
5121,712.1,0.0
5122,712.2,0.0
5123,712.3,0.0
5124,712.4,0.0
5125,712.5,0.0
5126,712.6,0.0
5127,712.7,0.0
5128,712.8,0.0
5129,712.9,0.0
5130,713.0,0.0
5131,713.1,0.0
5132,713.2,0.0
5133,713.3,0.0
5134,713.4,0.0
5135,713.5,0.0
5136,713.6,0.0
5137,713.7,0.0
5138,713.8,0.0
5139,713.9,0.0
5140,714.0,0.0
5141,714.1,0.0
5142,714.2,0.0
5143,714.3,0.0
5144,714.4,0.0
5145,714.5,0.0
5146,714.6,0.0
5147,714.7,0.0
5148,714.8,0.0
5149,714.9,0.0
5150,715.0,0.0
5151,715.1,0.0
5152,715.2,0.0
5153,715.3,0.0
5154,715.4,0.0
5155,715.5,0.0
5156,715.6,0.0
5157,715.7,0.0
5158,715.8,0.0
5159,715.9,0.0
5160,716.0,0.0
5161,716.1,0.0
5162,716.2,0.0
5163,716.3,0.0
5164,716.4,0.0
5165,716.5,0.0
5166,716.6,0.0
5167,716.7,0.0
5168,716.8,0.0
5169,716.9,0.0
5170,717.0,0.0
5171,717.1,0.0
5172,717.2,0.0
5173,717.3,0.0
5174,717.4,0.0
5175,717.5,0.0
5176,717.6,0.0
5177,717.7,0.0
5178,717.8,0.0
5179,717.9,0.0
5180,718.0,0.0
5181,718.1,0.0
5182,718.2,0.0
5183,718.3,0.0
5184,718.4,0.0
5185,718.5,0.0
5186,718.6,0.0
5187,718.7,0.0
5188,718.8,0.0
5189,718.9,0.0
5190,719.0,0.0
5191,719.1,0.0
5192,719.2,0.0
5193,719.3,0.0
5194,719.4,0.0
5195,719.5,0.0
5196,719.6,0.0
5197,719.7,0.0
5198,719.8,0.0
5199,719.9,0.0
5200,720.0,0.0
5201,720.1,0.0
5202,720.2,0.0
5203,720.3,0.0
5204,720.4,0.0
5205,720.5,0.0
5206,720.6,0.0
5207,720.7,0.0
5208,720.8,0.0
5209,720.9,0.0
5210,721.0,0.0
5211,721.1,0.0
5212,721.2,0.0
5213,721.3,0.0
5214,721.4,0.0
5215,721.5,0.0
5216,721.6,0.0
5217,721.7,0.0
5218,721.8,0.0
5219,721.9,0.0
5220,722.0,0.0
5221,722.1,0.0
5222,722.2,0.0
5223,722.3,0.0
5224,722.4,0.0
5225,722.5,0.0
5226,722.6,0.0
5227,722.7,0.0
5228,722.8,0.0
5229,722.9,0.0
5230,723.0,0.0
5231,723.1,0.0
5232,723.2,0.0
5233,723.3,0.0
5234,723.4,0.0
5235,723.5,0.0
5236,723.6,0.0
5237,723.7,0.0
5238,723.8,0.0
5239,723.9,0.0
5240,724.0,0.0
5241,724.1,0.0
5242,724.2,0.0
5243,724.3,0.0
5244,724.4,0.0
5245,724.5,0.0
5246,724.6,0.0
5247,724.7,0.0
5248,724.8,0.0
5249,724.9,0.0
5250,725.0,0.0
5251,725.1,0.0
5252,725.2,0.0
5253,725.3,0.0
5254,725.4,0.0
5255,725.5,0.0
5256,725.6,0.0
5257,725.7,0.0
5258,725.8,0.0
5259,725.9,0.0
5260,726.0,0.0
5261,726.1,0.0
5262,726.2,0.0
5263,726.3,0.0
5264,726.4,0.0
5265,726.5,0.0
5266,726.6,0.0
5267,726.7,0.0
5268,726.8,0.0
5269,726.9,0.0
5270,727.0,0.0
5271,727.1,0.0
5272,727.2,0.0
5273,727.3,0.0
5274,727.4,0.0
5275,727.5,0.0
5276,727.6,0.0
5277,727.7,0.0
5278,727.8,0.0
5279,727.9,0.0
5280,728.0,0.0
5281,728.1,0.0
5282,728.2,0.0
5283,728.3,0.0
5284,728.4,0.0
5285,728.5,0.0
5286,728.6,0.0
5287,728.7,0.0
5288,728.8,0.0
5289,728.9,0.0
5290,729.0,0.0
5291,729.1,0.0
5292,729.2,0.0
5293,729.3,0.0
5294,729.4,0.0
5295,729.5,0.0
5296,729.6,0.0
5297,729.7,0.0
5298,729.8,0.0
5299,729.9,0.0
5300,730.0,0.0
5301,730.1,0.0
5302,730.2,0.0
5303,730.3,0.0
5304,730.4,0.0
5305,730.5,0.0
5306,730.6,0.0
5307,730.7,0.0
5308,730.8,0.0
5309,730.9,0.0
5310,731.0,0.0
5311,731.1,0.0
5312,731.2,0.0
5313,731.3,0.0
5314,731.4,0.0
5315,731.5,0.0
5316,731.6,0.0
5317,731.7,0.0
5318,731.8,0.0
5319,731.9,0.0
5320,732.0,0.0
5321,732.1,0.0
5322,732.2,0.0
5323,732.3,0.0
5324,732.4,0.0
5325,732.5,0.0
5326,732.6,0.0
5327,732.7,0.0
5328,732.8,0.0
5329,732.9,0.0
5330,733.0,0.0
5331,733.1,0.0
5332,733.2,0.0
5333,733.3,0.0
5334,733.4,0.0
5335,733.5,0.0
5336,733.6,0.0
5337,733.7,0.0
5338,733.8,0.0
5339,733.9,0.0
5340,734.0,0.0
5341,734.1,0.0
5342,734.2,0.0
5343,734.3,0.0
5344,734.4,0.0
5345,734.5,0.0
5346,734.6,0.0
5347,734.7,0.0
5348,734.8,0.0
5349,734.9,0.0
5350,735.0,0.0
5351,735.1,0.0
5352,735.2,0.0
5353,735.3,0.0
5354,735.4,0.0
5355,735.5,0.0
5356,735.6,0.0
5357,735.7,0.0
5358,735.8,0.0
5359,735.9,0.0
5360,736.0,0.0
5361,736.1,0.0
5362,736.2,0.0
5363,736.3,0.0
5364,736.4,0.0
5365,736.5,0.0
5366,736.6,0.0
5367,736.7,0.001
5368,736.8,0.001
5369,736.9,0.001
5370,737.0,0.002
5371,737.1,0.003
5372,737.2,0.004
5373,737.3,0.005
5374,737.4,0.008
5375,737.5,0.011
5376,737.6,0.016
5377,737.7,0.023
5378,737.8,0.033
5379,737.9,0.046
5380,738.0,0.064
5381,738.1,0.09
5382,738.2,0.124
5383,738.3,0.172
5384,738.4,0.235
5385,738.5,0.321
5386,738.6,0.435
5387,738.7,0.587
5388,738.8,0.788
5389,738.9,1.051
5390,739.0,1.395
5391,739.1,1.841
5392,739.2,2.417
5393,739.3,3.154
5394,739.4,4.095
5395,739.5,5.286
5396,739.6,6.788
5397,739.7,8.667
5398,739.8,11.005
5399,739.9,13.9
5400,740.0,17.46
5401,740.1,21.81
5402,740.2,27.095
5403,740.3,33.48
5404,740.4,41.14
5405,740.5,50.27
5406,740.6,61.1
5407,740.7,73.859
5408,740.8,88.77
5409,740.9,106.1
5410,741.0,126.2
5411,741.1,149.178
5412,741.2,175.4
5413,741.3,205.2
5414,741.4,238.6
5415,741.5,276.0
5416,741.6,317.482
5417,741.7,363.2
5418,741.8,413.3
5419,741.9,467.7
5420,742.0,526.311
5421,742.1,589.0
5422,742.2,655.6
5423,742.3,725.8
5424,742.4,799.0
5425,742.5,874.69
5426,742.6,952.6
5427,742.7,1032.0
5428,742.8,1111.0
5429,742.9,1190.0
5430,743.0,1267.655
5431,743.1,1343.0
5432,743.2,1415.0
5433,743.3,1482.0
5434,743.4,1544.44
5435,743.5,1601.0
5436,743.6,1650.0
5437,743.7,1691.0
5438,743.8,1724.0
5439,743.9,1747.687
5440,744.0,1762.0
5441,744.1,1767.0
5442,744.2,1762.0
5443,744.3,1747.687
5444,744.4,1724.0
5445,744.5,1691.0
5446,744.6,1650.0
5447,744.7,1601.0
5448,744.8,1544.44
5449,744.9,1482.0
5450,745.0,1415.0
5451,745.1,1343.0
5452,745.2,1267.655
5453,745.3,1190.0
5454,745.4,1111.0
5455,745.5,1032.0
5456,745.6,952.6
5457,745.7,874.69
5458,745.8,799.0
5459,745.9,725.8
5460,746.0,655.6
5461,746.1,588.999
5462,746.2,526.3
5463,746.3,467.7
5464,746.4,413.3
5465,746.5,363.2
5466,746.6,317.481
5467,746.7,276.0
5468,746.8,238.6
5469,746.9,205.2
5470,747.0,175.465
5471,747.1,149.2
5472,747.2,126.2
5473,747.3,106.1
5474,747.4,88.77
5475,747.5,73.859
5476,747.6,61.1
5477,747.7,50.27
5478,747.8,41.14
5479,747.9,33.48
5480,748.0,27.095
5481,748.1,21.81
5482,748.2,17.46
5483,748.3,13.9
5484,748.4,11.005
5485,748.5,8.667
5486,748.6,6.788
5487,748.7,5.286
5488,748.8,4.095
5489,748.9,3.154
5490,749.0,2.417
5491,749.1,1.841
5492,749.2,1.395
5493,749.3,1.051
5494,749.4,0.788
5495,749.5,0.587
5496,749.6,0.435
5497,749.7,0.321
5498,749.8,0.235
5499,749.9,0.172
5500,750.0,0.124
5501,750.1,0.09
5502,750.2,0.064
5503,750.3,0.046
5504,750.4,0.033
5505,750.5,0.023
5506,750.6,0.016
5507,750.7,0.011
5508,750.8,0.008
5509,750.9,0.005
5510,751.0,0.004
5511,751.1,0.003
5512,751.2,0.002
5513,751.3,0.001
5514,751.4,0.001
5515,751.5,0.001
5516,751.6,0.0
5517,751.7,0.0
5518,751.8,0.0
5519,751.9,0.0
5520,752.0,0.0
5521,752.1,0.0
5522,752.2,0.0
5523,752.3,0.0
5524,752.4,0.0
5525,752.5,0.0
5526,752.6,0.0
5527,752.7,0.0
5528,752.8,0.0
5529,752.9,0.0
5530,753.0,0.0
5531,753.1,0.0
5532,753.2,0.0
5533,753.3,0.0
5534,753.4,0.0
5535,753.5,0.0
5536,753.6,0.0
5537,753.7,0.0
5538,753.8,0.0
5539,753.9,0.0
5540,754.0,0.0
5541,754.1,0.0
5542,754.2,0.0
5543,754.3,0.0
5544,754.4,0.0
5545,754.5,0.0
5546,754.6,0.0
5547,754.7,0.0
5548,754.8,0.0
5549,754.9,0.0
5550,755.0,0.0
5551,755.1,0.0
5552,755.2,0.0
5553,755.3,0.0
5554,755.4,0.0
5555,755.5,0.0
5556,755.6,0.0
5557,755.7,0.0
5558,755.8,0.0
5559,755.9,0.0
5560,756.0,0.0
5561,756.1,0.0
5562,756.2,0.0
5563,756.3,0.0
5564,756.4,0.0
5565,756.5,0.0
5566,756.6,0.0
5567,756.7,0.001
5568,756.8,0.001
5569,756.9,0.002
5570,757.0,0.003
5571,757.1,0.006
5572,757.2,0.009
5573,757.3,0.015
5574,757.4,0.024
5575,757.5,0.039
5576,757.6,0.062
5577,757.7,0.099
5578,757.8,0.158
5579,757.9,0.25
5580,758.0,0.392
5581,758.1,0.614
5582,758.2,0.956
5583,758.3,1.481
5584,758.4,2.277
5585,758.5,3.497
5586,758.6,5.331
5587,758.7,8.086
5588,758.8,12.2
5589,758.9,18.287
5590,759.0,27.35
5591,759.1,40.64
5592,759.2,60.06
5593,759.3,88.218
5594,759.4,129.2
5595,759.5,188.0
5596,759.6,272.2
5597,759.7,392.0
5598,759.8,561.389
5599,759.9,800.7
5600,760.0,1135.0
5601,760.1,1602.0
5602,760.2,2246.975
5603,760.3,3139.0
5604,760.4,4360.0
5605,760.5,6025.0
5606,760.6,8283.0
5607,760.7,11321.857
5608,760.8,15410.0
5609,760.9,20860.0
5610,761.0,28090.0
5611,761.1,37615.555
5612,761.2,50150.0
5613,761.3,66500.0
5614,761.4,87710.0
5615,761.5,115100.0
5616,761.6,150203.93
5617,761.7,195100.0
5618,761.8,252100.0
5619,761.9,324000.0
5620,762.0,414225.811
5621,762.1,527000.0
5622,762.2,666900.0
5623,762.3,839600.0
5624,762.4,1052000.0
5625,762.5,1310328.127
5626,762.6,1624000.0
5627,762.7,2003000.0
5628,762.8,2457000.0
5629,762.9,2999000.0
5630,763.0,3641113.643
5631,763.1,4398000.0
5632,763.2,5285000.0
5633,763.3,6318000.0
5634,763.4,7515493.663
5635,763.5,8891000.0
5636,763.6,10459999.999
5637,763.7,12249999.999
5638,763.8,14279999.999
5639,763.9,16552552.283
5640,764.0,19079999.999
5641,764.1,21879999.999
5642,764.2,24969999.999
5643,764.3,28344970.389
5644,764.4,32009999.999
5645,764.5,35969999.999
5646,764.6,40209999.999
5647,764.7,44709999.999
5648,764.8,49467445.824
5649,764.9,54449999.998
5650,765.0,59619999.998
5651,765.1,64949999.998
5652,765.2,70395574.629
5653,765.3,75909999.998
5654,765.4,81439999.998
5655,765.5,86919999.998
5656,765.6,92309999.998
5657,765.7,97492498.61
5658,765.8,102499999.998
5659,765.9,107299999.999
5660,766.0,111599999.999
5661,766.1,115607943.82
5662,766.2,119199999.999
5663,766.3,122199999.999
5664,766.4,124699999.999
5665,766.5,126699999.999
5666,766.6,128134355.398
5667,766.7,129000000.0
5668,766.8,129300000.0
5669,766.9,129000000.0
5670,767.0,128123764.899
5671,767.1,126800000.0
5672,767.2,125100000.001
5673,767.3,122900000.001
5674,767.4,120400000.001
5675,767.5,117564190.045
5676,767.6,114500000.001
5677,767.7,111300000.001
5678,767.8,107900000.001
5679,767.9,104600000.001
5680,768.0,101270879.7
5681,768.1,97980000.001
5682,768.2,94850000.001
5683,768.3,91880000.001
5684,768.4,89106662.957
5685,768.5,86560000.001
5686,768.6,84260000.001
5687,768.7,82210000.001
5688,768.8,80400000.001
5689,768.9,78826453.059
5690,769.0,77480000.0
5691,769.1,76340000.0
5692,769.2,75360000.0
5693,769.3,74519474.605
5694,769.4,73780000.0
5695,769.5,73100000.0
5696,769.6,72450000.0
5697,769.7,71790000.0
5698,769.8,71080121.761
5699,769.9,70290000.0
5700,770.0,69390000.0
5701,770.1,68350000.0
5702,770.2,67158627.874
5703,770.3,65800000.0
5704,770.4,64260000.001
5705,770.5,62540000.001
5706,770.6,60640000.001
5707,770.7,58565712.717
5708,770.8,56330000.001
5709,770.9,53950000.001
5710,771.0,51450000.001
5711,771.1,48842950.48
5712,771.2,46150000.001
5713,771.3,43400000.001
5714,771.4,40630000.001
5715,771.5,37850000.001
5716,771.6,35090024.415
5717,771.7,32370000.001
5718,771.8,29710000.001
5719,771.9,27140000.001
5720,772.0,24663381.607
5721,772.1,22300000.001
5722,772.2,20070000.001
5723,772.3,17970000.001
5724,772.4,16000000.001
5725,772.5,14175318.039
5726,772.6,12500000.001
5727,772.7,10970000.0
5728,772.8,9572000.0
5729,772.9,8312000.0
5730,773.0,7181473.727
5731,773.1,6172000.0
5732,773.2,5277000.0
5733,773.3,4490000.0
5734,773.4,3800457.272
5735,773.5,3200000.0
5736,773.6,2681000.0
5737,773.7,2235000.0
5738,773.8,1853000.0
5739,773.9,1528629.659
5740,774.0,1255000.0
5741,774.1,1025000.0
5742,774.2,832400.0
5743,774.3,672653.249
5744,774.4,541000.0
5745,774.5,432800.0
5746,774.6,344500.0
5747,774.7,272800.0
5748,774.8,214919.751
5749,774.9,168500.0
5750,775.0,131400.0
5751,775.1,102000.0
5752,775.2,78735.953
5753,775.3,60480.0
5754,775.4,46250.0
5755,775.5,35200.0
5756,775.6,26680.0
5757,775.7,20134.602
5758,775.8,15150.0
5759,775.9,11370.0
5760,776.0,8531.0
5761,776.1,6406.003
5762,776.2,4834.0
5763,776.3,3679.0
5764,776.4,2841.0
5765,776.5,2242.0
5766,776.6,1821.095
5767,776.7,1535.0
5768,776.8,1347.0
5769,776.9,1232.0
5770,777.0,1170.355
5771,777.1,1148.0
5772,777.2,1153.0
5773,777.3,1177.0
5774,777.4,1214.0
5775,777.5,1259.591
5776,777.6,1310.0
5777,777.7,1362.0
5778,777.8,1414.0
5779,777.9,1464.0
5780,778.0,1510.168
5781,778.1,1552.0
5782,778.2,1589.0
5783,778.3,1620.0
5784,778.4,1645.533
5785,778.5,1665.0
5786,778.6,1678.0
5787,778.7,1686.0
5788,778.8,1689.0
5789,778.9,1688.414
5790,779.0,1685.0
5791,779.1,1680.0
5792,779.2,1677.0
5793,779.3,1677.328
5794,779.4,1683.0
5795,779.5,1697.0
5796,779.6,1724.0
5797,779.7,1767.0
5798,779.8,1829.75
5799,779.9,1917.0
5800,780.0,2034.0
5801,780.1,2187.0
5802,780.2,2381.493
5803,780.3,2623.0
5804,780.4,2918.0
5805,780.5,3275.0
5806,780.6,3699.0
5807,780.7,4198.9
5808,780.8,4782.0
5809,780.9,5455.0
5810,781.0,6225.0
5811,781.1,7098.153
5812,781.2,8081.0
5813,781.3,9178.0
5814,781.4,10390.0
5815,781.5,11730.0
5816,781.6,13190.583
5817,781.7,14770.0
5818,781.8,16470.0
5819,781.9,18290.0
5820,782.0,20217.257
5821,782.1,22240.0
5822,782.2,24350.0
5823,782.3,26540.0
5824,782.4,28780.0
5825,782.5,31064.674
5826,782.6,33370.0
5827,782.7,35670.0
5828,782.8,37950.0
5829,782.9,40170.0
5830,783.0,42310.857
5831,783.1,44350.0
5832,783.2,46260.0
5833,783.3,48010.0
5834,783.4,49582.724
5835,783.5,50960.0
5836,783.6,52120.0
5837,783.7,53040.0
5838,783.8,53720.0
5839,783.9,54137.859
5840,784.0,54290.0
5841,784.1,54180.0
5842,784.2,53810.0
5843,784.3,53178.572
5844,784.4,52300.0
5845,784.5,51190.0
5846,784.6,49860.0
5847,784.7,48340.0
5848,784.8,46637.574
5849,784.9,44780.0
5850,785.0,42800.0
5851,785.1,40720.0
5852,785.2,38554.649
5853,785.3,36340.0
5854,785.4,34110.0
5855,785.5,31870.0
5856,785.6,29640.0
5857,785.7,27459.436
5858,785.8,25340.0
5859,785.9,23290.0
5860,786.0,21330.0
5861,786.1,19460.544
5862,786.2,17700.0
5863,786.3,16060.0
5864,786.4,14520.0
5865,786.5,13110.0
5866,786.6,11814.885
5867,786.7,10630.0
5868,786.8,9557.0
5869,786.9,8593.0
5870,787.0,7730.384
5871,787.1,6963.0
5872,787.2,6285.0
5873,787.3,5689.0
5874,787.4,5167.0
5875,787.5,4712.177
5876,787.6,4318.0
5877,787.7,3978.0
5878,787.8,3686.0
5879,787.9,3436.0
5880,788.0,3222.509
5881,788.1,3041.0
5882,788.2,2887.0
5883,788.3,2756.0
5884,788.4,2645.623
5885,788.5,2553.0
5886,788.6,2475.0
5887,788.7,2409.0
5888,788.8,2354.0
5889,788.9,2309.043
5890,789.0,2272.0
5891,789.1,2241.0
5892,789.2,2216.0
5893,789.3,2196.053
5894,789.4,2180.0
5895,789.5,2167.0
5896,789.6,2157.0
5897,789.7,2149.0
5898,789.8,2142.193
5899,789.9,2136.0
5900,790.0,2130.0
5901,790.1,2124.0
5902,790.2,2116.9
5903,790.3,2108.0
5904,790.4,2097.0
5905,790.5,2084.0
5906,790.6,2068.0
5907,790.7,2049.846
5908,790.8,2029.0
5909,790.9,2005.0
5910,791.0,1979.0
5911,791.1,1950.283
5912,791.2,1920.0
5913,791.3,1889.0
5914,791.4,1856.0
5915,791.5,1824.0
5916,791.6,1792.219
5917,791.7,1762.0
5918,791.8,1735.0
5919,791.9,1711.0
5920,792.0,1691.189
5921,792.1,1676.0
5922,792.2,1666.0
5923,792.3,1663.0
5924,792.4,1667.0
5925,792.5,1678.352
5926,792.6,1697.0
5927,792.7,1723.0
5928,792.8,1757.0
5929,792.9,1798.0
5930,793.0,1845.506
5931,793.1,1899.0
5932,793.2,1958.0
5933,793.3,2022.0
5934,793.4,2089.056
5935,793.5,2158.0
5936,793.6,2228.0
5937,793.7,2298.0
5938,793.8,2366.0
5939,793.9,2430.837
5940,794.0,2491.0
5941,794.1,2545.0
5942,794.2,2592.0
5943,794.3,2630.979
5944,794.4,2661.0
5945,794.5,2681.0
5946,794.6,2690.0
5947,794.7,2689.0
5948,794.8,2676.548
5949,794.9,2652.0
5950,795.0,2616.0
5951,795.1,2571.0
5952,795.2,2514.999
5953,795.3,2449.0
5954,795.4,2375.0
5955,795.5,2294.0
5956,795.6,2206.0
5957,795.7,2112.795
5958,795.8,2016.0
5959,795.9,1917.0
5960,796.0,1817.0
5961,796.1,1717.142
5962,796.2,1619.0
5963,796.3,1524.0
5964,796.4,1433.0
5965,796.5,1348.0
5966,796.6,1269.654
5967,796.7,1199.0
5968,796.8,1137.0
5969,796.9,1084.0
5970,797.0,1041.88
5971,797.1,1011.0
5972,797.2,991.4
5973,797.3,983.8
5974,797.4,988.5
5975,797.5,1005.613
5976,797.6,1036.0
5977,797.7,1080.0
5978,797.8,1136.0
5979,797.9,1205.0
5980,798.0,1287.167
5981,798.1,1382.0
5982,798.2,1489.0
5983,798.3,1608.0
5984,798.4,1738.992
5985,798.5,1881.0
5986,798.6,2033.0
5987,798.7,2195.0
5988,798.8,2367.0
5989,798.9,2546.35
5990,799.0,2733.0
5991,799.1,2927.0
5992,799.2,3126.0
5993,799.3,3329.54
5994,799.4,3537.0
5995,799.5,3747.0
5996,799.6,3957.0
5997,799.7,4167.0
5998,799.8,4375.023
5999,799.9,4580.0
6000,800.0,4781.0
6001,800.1,4976.0
6002,800.2,5163.295
6003,800.3,5342.0
6004,800.4,5511.0
6005,800.5,5668.0
6006,800.6,5812.0
6007,800.7,5941.907
6008,800.8,6056.0
6009,800.9,6153.0
6010,801.0,6233.0
6011,801.1,6293.734
6012,801.2,6335.0
6013,801.3,6357.0
6014,801.4,6359.0
6015,801.5,6341.0
6016,801.6,6301.787
6017,801.7,6243.0
6018,801.8,6166.0
6019,801.9,6069.0
6020,802.0,5954.364
6021,802.1,5824.0
6022,802.2,5679.0
6023,802.3,5520.0
6024,802.4,5350.0
6025,802.5,5169.865
6026,802.6,4982.0
6027,802.7,4789.0
6028,802.8,4592.0
6029,802.9,4393.0
6030,803.0,4195.111
6031,803.1,4000.0
6032,803.2,3809.0
6033,803.3,3624.0
6034,803.4,3447.232
6035,803.5,3280.0
6036,803.6,3124.0
6037,803.7,2982.0
6038,803.8,2853.0
6039,803.9,2740.328
6040,804.0,2645.0
6041,804.1,2568.0
6042,804.2,2513.0
6043,804.3,2480.54
6044,804.4,2473.0
6045,804.5,2494.0
6046,804.6,2548.0
6047,804.7,2637.0
6048,804.8,2766.86
6049,804.9,2944.0
6050,805.0,3175.0
6051,805.1,3468.0
6052,805.2,3832.51
6053,805.3,4279.0
6054,805.4,4819.0
6055,805.5,5467.0
6056,805.6,6237.0
6057,805.7,7145.622
6058,805.8,8211.0
6059,805.9,9452.0
6060,806.0,10890.0
6061,806.1,12546.983
6062,806.2,14440.0
6063,806.3,16590.0
6064,806.4,19030.0
6065,806.5,21770.0
6066,806.6,24834.98
6067,806.7,28240.0
6068,806.8,32000.0
6069,806.9,36140.0
6070,807.0,40663.855
6071,807.1,45570.0
6072,807.2,50860.0
6073,807.3,56540.0
6074,807.4,62590.0
6075,807.5,68981.865
6076,807.6,75700.0
6077,807.7,82720.0
6078,807.8,89980.0
6079,807.9,97450.0
6080,808.0,105089.883
6081,808.1,112800.0
6082,808.2,120500.0
6083,808.3,128200.0
6084,808.4,135776.023
6085,808.5,143100.0
6086,808.6,150100.0
6087,808.7,156800.0
6088,808.8,163000.0
6089,808.9,168698.908
6090,809.0,173800.0
6091,809.1,178200.0
6092,809.2,181900.0
6093,809.3,184792.097
6094,809.4,186900.0
6095,809.5,188200.0
6096,809.6,188500.0
6097,809.7,188100.0
6098,809.8,186751.995
6099,809.9,184500.0
6100,810.0,181500.0
6101,810.1,177800.0
6102,810.2,173307.354
6103,810.3,168100.0
6104,810.4,162300.0
6105,810.5,156000.0
6106,810.6,149300.0
6107,810.7,142229.037
6108,810.8,134800.0
6109,810.9,127100.0
6110,811.0,119400.0
6111,811.1,111655.476
6112,811.2,103900.0
6113,811.3,96220.0
6114,811.4,88710.0
6115,811.5,81410.0
6116,811.6,74362.198
6117,811.7,67610.0
6118,811.8,61190.0
6119,811.9,55120.0
6120,812.0,49424.907
6121,812.1,44110.0
6122,812.2,39180.0
6123,812.3,34650.0
6124,812.4,30500.0
6125,812.5,26721.402
6126,812.6,23300.0
6127,812.7,20220.0
6128,812.8,17470.0
6129,812.9,15030.0
6130,813.0,12866.201
6131,813.1,10960.0
6132,813.2,9295.0
6133,813.3,7846.0
6134,813.4,6592.357
6135,813.5,5514.0
6136,813.6,4591.0
6137,813.7,3805.0
6138,813.8,3138.0
6139,813.9,2576.215
6140,814.0,2106.0
6141,814.1,1714.0
6142,814.2,1389.0
6143,814.3,1120.518
6144,814.4,900.2
6145,814.5,720.5
6146,814.6,574.9
6147,814.7,457.5
6148,814.8,363.613
6149,814.9,289.2
6150,815.0,230.6
6151,815.1,185.2
6152,815.2,150.502
6153,815.3,124.7
6154,815.4,106.2
6155,815.5,93.6
6156,815.6,86.04
6157,815.7,82.701
6158,815.8,83.0
6159,815.9,86.46
6160,816.0,92.75
6161,816.1,101.603
6162,816.2,112.9
6163,816.3,126.5
6164,816.4,142.2
6165,816.5,160.2
6166,816.6,180.227
6167,816.7,202.3
6168,816.8,226.5
6169,816.9,252.7
6170,817.0,280.786
6171,817.1,310.7
6172,817.2,342.4
6173,817.3,375.8
6174,817.4,410.6
6175,817.5,446.637
6176,817.6,483.8
6177,817.7,521.9
6178,817.8,560.5
6179,817.9,599.4
6180,818.0,638.504
6181,818.1,677.5
6182,818.2,716.1
6183,818.3,754.3
6184,818.4,791.986
6185,818.5,829.2
6186,818.6,866.1
6187,818.7,903.1
6188,818.8,940.6
6189,818.9,979.149
6190,819.0,1021.0
6191,819.1,1068.0
6192,819.2,1120.0
6193,819.3,1181.281
6194,819.4,1256.0
6195,819.5,1348.0
6196,819.6,1462.0
6197,819.7,1605.0
6198,819.8,1784.724
6199,819.9,2011.0
6200,820.0,2295.0
6201,820.1,2651.0
6202,820.2,3094.632
6203,820.3,3645.0
6204,820.4,4323.0
6205,820.5,5154.0
6206,820.6,6168.0
6207,820.7,7397.717
6208,820.8,8878.0
6209,820.9,10650.0
6210,821.0,12770.0
6211,821.1,15275.529
6212,821.2,18230.0
6213,821.3,21700.0
6214,821.4,25740.0
6215,821.5,30430.0
6216,821.6,35837.49
6217,821.7,42040.0
6218,821.8,49120.0
6219,821.9,57160.0
6220,822.0,66234.446
6221,822.1,76430.0
6222,822.2,87810.0
6223,822.3,100400.0
6224,822.4,114400.0
6225,822.5,129775.516
6226,822.6,146500.0
6227,822.7,164600.0
6228,822.8,184200.0
6229,822.9,205300.0
6230,823.0,227706.038
6231,823.1,251400.0
6232,823.2,276400.0
6233,823.3,302600.0
6234,823.4,329755.4
6235,823.5,357700.0
6236,823.6,386300.0
6237,823.7,415400.0
6238,823.8,444700.0
6239,823.9,473889.689
6240,824.0,502800.0
6241,824.1,531200.0
6242,824.2,558600.0
6243,824.3,584854.526
6244,824.4,609600.0
6245,824.5,632500.0
6246,824.6,653500.0
6247,824.7,672100.0
6248,824.8,688165.263
6249,824.9,701500.0
6250,825.0,711900.0
6251,825.1,719300.0
6252,825.2,723557.199
6253,825.3,724600.0
6254,825.4,722400.0
6255,825.5,717000.0
6256,825.6,708500.0
6257,825.7,697041.975
6258,825.8,682700.0
6259,825.9,665600.0
6260,826.0,646100.0
6261,826.1,624420.577
6262,826.2,600800.0
6263,826.3,575500.0
6264,826.4,548800.0
6265,826.5,521000.0
6266,826.6,492451.523
6267,826.7,463400.0
6268,826.8,434100.0
6269,826.9,404900.0
6270,827.0,375951.117
6271,827.1,347500.0
6272,827.2,319800.0
6273,827.3,293000.0
6274,827.4,267300.0
6275,827.5,242759.111
6276,827.6,219500.0
6277,827.7,197600.0
6278,827.8,177000.0
6279,827.9,158000.0
6280,828.0,140358.964
6281,828.1,124100.0
6282,828.2,109300.0
6283,828.3,95830.0
6284,828.4,83666.715
6285,828.5,72750.0
6286,828.6,63000.0
6287,828.7,54340.0
6288,828.8,46690.0
6289,828.9,39981.933
6290,829.0,34130.0
6291,829.1,29050.0
6292,829.2,24680.0
6293,829.3,20942.304
6294,829.4,17770.0
6295,829.5,15100.0
6296,829.6,12870.0
6297,829.7,11030.0
6298,829.8,9534.394
6299,829.9,8338.0
6300,830.0,7399.0
6301,830.1,6687.0
6302,830.2,6169.503
6303,830.3,5821.0
6304,830.4,5619.0
6305,830.5,5544.0
6306,830.6,5578.0
6307,830.7,5708.268
6308,830.8,5923.0
6309,830.9,6211.0
6310,831.0,6564.0
6311,831.1,6974.942
6312,831.2,7438.0
6313,831.3,7948.0
6314,831.4,8501.0
6315,831.5,9094.0
6316,831.6,9726.649
6317,831.7,10390.0
6318,831.8,11080.0
6319,831.9,11810.0
6320,832.0,12561.41
6321,832.1,13340.0
6322,832.2,14150.0
6323,832.3,14970.0
6324,832.4,15820.0
6325,832.5,16682.375
6326,832.6,17560.0
6327,832.7,18460.0
6328,832.8,19370.0
6329,832.9,20280.0
6330,833.0,21204.05
6331,833.1,22140.0
6332,833.2,23080.0
6333,833.3,24020.0
6334,833.4,24966.005
6335,833.5,25920.0
6336,833.6,26880.0
6337,833.7,27840.0
6338,833.8,28810.0
6339,833.9,29797.151
6340,834.0,30800.0
6341,834.1,31820.0
6342,834.2,32870.0
6343,834.3,33945.033
6344,834.4,35060.0
6345,834.5,36230.0
6346,834.6,37450.0
6347,834.7,38730.0
6348,834.8,40075.524
6349,834.9,41500.0
6350,835.0,43010.0
6351,835.1,44590.0
6352,835.2,46268.573
6353,835.3,48040.0
6354,835.4,49890.0
6355,835.5,51820.0
6356,835.6,53830.0
6357,835.7,55911.238
6358,835.8,58050.0
6359,835.9,60230.0
6360,836.0,62430.0
6361,836.1,64634.987
6362,836.2,66830.0
6363,836.3,68990.0
6364,836.4,71070.0
6365,836.5,73070.0
6366,836.6,74944.204
6367,836.7,76670.0
6368,836.8,78230.0
6369,836.9,79590.0
6370,837.0,80726.71
6371,837.1,81620.0
6372,837.2,82250.0
6373,837.3,82600.0
6374,837.4,82660.0
6375,837.5,82425.938
6376,837.6,81890.0
6377,837.7,81050.0
6378,837.8,79920.0
6379,837.9,78490.0
6380,838.0,76790.059
6381,838.1,74830.0
6382,838.2,72620.0
6383,838.3,70200.0
6384,838.4,67591.47
6385,838.5,64810.0
6386,838.6,61880.0
6387,838.7,58850.0
6388,838.8,55740.0
6389,838.9,52573.43
6390,839.0,49380.0
6391,839.1,46190.0
6392,839.2,43030.0
6393,839.3,39917.681
6394,839.4,36880.0
6395,839.5,33940.0
6396,839.6,31100.0
6397,839.7,28380.0
6398,839.8,25792.345
6399,839.9,23350.0
6400,840.0,21060.0
6401,840.1,18910.0
6402,840.2,16912.079
6403,840.3,15070.0
6404,840.4,13380.0
6405,840.5,11830.0
6406,840.6,10420.0
6407,840.7,9143.923
6408,840.8,7995.0
6409,840.9,6966.0
6410,841.0,6047.0
6411,841.1,5231.385
6412,841.2,4511.0
6413,841.3,3877.0
6414,841.4,3321.0
6415,841.5,2836.0
6416,841.6,2414.527
6417,841.7,2050.0
6418,841.8,1736.0
6419,841.9,1466.0
6420,842.0,1234.986
6421,842.1,1038.0
6422,842.2,870.3
6423,842.3,728.3
6424,842.4,608.4
6425,842.5,507.317
6426,842.6,422.5
6427,842.7,351.6
6428,842.8,292.5
6429,842.9,243.5
6430,843.0,203.154
6431,843.1,170.3
6432,843.2,143.9
6433,843.3,123.2
6434,843.4,107.717
6435,843.5,97.14
6436,843.6,91.27
6437,843.7,90.25
6438,843.8,94.43
6439,843.9,104.417
6440,844.0,121.2
6441,844.1,146.0
6442,844.2,180.6
6443,844.3,227.123
6444,844.4,288.6
6445,844.5,368.5
6446,844.6,471.3
6447,844.7,602.5
6448,844.8,768.646
6449,844.9,978.0
6450,845.0,1240.0
6451,845.1,1567.0
6452,845.2,1972.306
6453,845.3,2473.0
6454,845.4,3088.0
6455,845.5,3840.0
6456,845.6,4755.0
6457,845.7,5863.535
6458,845.8,7201.0
6459,845.9,8807.0
6460,846.0,10730.0
6461,846.1,13011.403
6462,846.2,15710.0
6463,846.3,18890.0
6464,846.4,22620.0
6465,846.5,26980.0
6466,846.6,32040.625
6467,846.7,37890.0
6468,846.8,44620.0
6469,846.9,52320.0
6470,847.0,61095.191
6471,847.1,71050.0
6472,847.2,82280.0
6473,847.3,94880.0
6474,847.4,109000.0
6475,847.5,124641.0
6476,847.6,141900.0
6477,847.7,160900.0
6478,847.8,181700.0
6479,847.9,204300.0
6480,848.0,228762.666
6481,848.1,255100.0
6482,848.2,283300.0
6483,848.3,313300.0
6484,848.4,344946.904
6485,848.5,378200.0
6486,848.6,413000.0
6487,848.7,449100.0
6488,848.8,486300.0
6489,848.9,524371.974
6490,849.0,563100.0
6491,849.1,602200.0
6492,849.2,641200.0
6493,849.3,679925.673
6494,849.4,718000.0
6495,849.5,755000.0
6496,849.6,790600.0
6497,849.7,824400.0
6498,849.8,856077.618
6499,849.9,885300.0
6500,850.0,911700.0
6501,850.1,934900.0
6502,850.2,954772.239
6503,850.3,971000.0
6504,850.4,983300.0
6505,850.5,991700.0
6506,850.6,996000.0
6507,850.7,996150.096
6508,850.8,992200.0
6509,850.9,984200.0
6510,851.0,972200.0
6511,851.1,956378.173
6512,851.2,936900.0
6513,851.3,914000.0
6514,851.4,888100.0
6515,851.5,859300.0
6516,851.6,828092.428
6517,851.7,794800.0
6518,851.8,759700.0
6519,851.9,723200.0
6520,852.0,685688.765
6521,852.1,647500.0
6522,852.2,609000.0
6523,852.3,570600.0
6524,852.4,532400.0
6525,852.5,494905.167
6526,852.6,458300.0
6527,852.7,422700.0
6528,852.8,388400.0
6529,852.9,355600.0
6530,853.0,324367.43
6531,853.1,294800.0
6532,853.2,267000.0
6533,853.3,241000.0
6534,853.4,216745.678
6535,853.5,194300.0
6536,853.6,173700.0
6537,853.7,154800.0
6538,853.8,137600.0
6539,853.9,121961.792
6540,854.0,107800.0
6541,854.1,95060.0
6542,854.2,83680.0
6543,854.3,73535.801
6544,854.4,64530.0
6545,854.5,56570.0
6546,854.6,49550.0
6547,854.7,43400.0
6548,854.8,38023.289
6549,854.9,33340.0
6550,855.0,29280.0
6551,855.1,25780.0
6552,855.2,22770.8
6553,855.3,20200.0
6554,855.4,18020.0
6555,855.5,16180.0
6556,855.6,14630.0
6557,855.7,13351.307
6558,855.8,12310.0
6559,855.9,11470.0
6560,856.0,10810.0
6561,856.1,10307.566
6562,856.2,9946.0
6563,856.3,9710.0
6564,856.4,9583.0
6565,856.5,9551.0
6566,856.6,9602.215
6567,856.7,9726.0
6568,856.8,9912.0
6569,856.9,10150.0
6570,857.0,10430.559
6571,857.1,10750.0
6572,857.2,11100.0
6573,857.3,11460.0
6574,857.4,11840.0
6575,857.5,12220.01
6576,857.6,12600.0
6577,857.7,12980.0
6578,857.8,13340.0
6579,857.9,13690.0
6580,858.0,14014.183
6581,858.1,14310.0
6582,858.2,14580.0
6583,858.3,14820.0
6584,858.4,15018.409
6585,858.5,15180.0
6586,858.6,15310.0
6587,858.7,15400.0
6588,858.8,15450.0
6589,858.9,15457.962
6590,859.0,15430.0
6591,859.1,15370.0
6592,859.2,15270.0
6593,859.3,15142.306
6594,859.4,14990.0
6595,859.5,14810.0
6596,859.6,14600.0
6597,859.7,14380.0
6598,859.8,14139.578
6599,859.9,13880.0
6600,860.0,13610.0
6601,860.1,13340.0
6602,860.2,13064.995
6603,860.3,12790.0
6604,860.4,12520.0
6605,860.5,12250.0
6606,860.6,11990.0
6607,860.7,11743.672
6608,860.8,11510.0
6609,860.9,11290.0
6610,861.0,11090.0
6611,861.1,10904.371
6612,861.2,10740.0
6613,861.3,10600.0
6614,861.4,10470.0
6615,861.5,10370.0
6616,861.6,10279.6
6617,861.7,10210.0
6618,861.8,10170.0
6619,861.9,10130.0
6620,862.0,10112.264
6621,862.1,10110.0
6622,862.2,10110.0
6623,862.3,10120.0
6624,862.4,10140.0
6625,862.5,10154.297
6626,862.6,10170.0
6627,862.7,10190.0
6628,862.8,10190.0
6629,862.9,10190.0
6630,863.0,10174.184
6631,863.1,10140.0
6632,863.2,10090.0
6633,863.3,10020.0
6634,863.4,9928.641
6635,863.5,9815.0
6636,863.6,9678.0
6637,863.7,9517.0
6638,863.8,9332.0
6639,863.9,9122.522
6640,864.0,8890.0
6641,864.1,8636.0
6642,864.2,8361.0
6643,864.3,8067.319
6644,864.4,7757.0
6645,864.5,7432.0
6646,864.6,7095.0
6647,864.7,6749.0
6648,864.8,6395.703
6649,864.9,6038.0
6650,865.0,5679.0
6651,865.1,5321.0
6652,865.2,4966.1
6653,865.3,4617.0
6654,865.4,4276.0
6655,865.5,3944.0
6656,865.6,3624.0
6657,865.7,3317.038
6658,865.8,3024.0
6659,865.9,2746.0
6660,866.0,2484.0
6661,866.1,2237.619
6662,866.2,2008.0
6663,866.3,1796.0
6664,866.4,1600.0
6665,866.5,1420.0
6666,866.6,1255.68
6667,866.7,1107.0
6668,866.8,973.7
6669,866.9,854.4
6670,867.0,748.607
6671,867.1,655.8
6672,867.2,575.3
6673,867.3,506.3
6674,867.4,448.4
6675,867.5,401.046
6676,867.6,363.8
6677,867.7,336.3
6678,867.8,318.3
6679,867.9,309.7
6680,868.0,310.507
6681,868.1,320.8
6682,868.2,340.8
6683,868.3,371.1
6684,868.4,412.022
6685,868.5,464.3
6686,868.6,528.8
6687,868.7,606.4
6688,868.8,698.2
6689,868.9,805.496
6690,869.0,929.3
6691,869.1,1071.0
6692,869.2,1233.0
6693,869.3,1415.416
6694,869.4,1620.0
6695,869.5,1849.0
6696,869.6,2104.0
6697,869.7,2386.0
6698,869.8,2696.701
6699,869.9,3038.0
6700,870.0,3411.0
6701,870.1,3815.0
6702,870.2,4252.934
6703,870.3,4725.0
6704,870.4,5231.0
6705,870.5,5772.0
6706,870.6,6346.0
6707,870.7,6953.963
6708,870.8,7594.0
6709,870.9,8264.0
6710,871.0,8964.0
6711,871.1,9690.583
6712,871.2,10440.0
6713,871.3,11210.0
6714,871.4,12000.0
6715,871.5,12800.0
6716,871.6,13608.504
6717,871.7,14420.0
6718,871.8,15230.0
6719,871.9,16040.0
6720,872.0,16835.408
6721,872.1,17610.0
6722,872.2,18360.0
6723,872.3,19080.0
6724,872.4,19770.0
6725,872.5,20419.146
6726,872.6,21020.0
6727,872.7,21570.0
6728,872.8,22070.0
6729,872.9,22500.0
6730,873.0,22870.97
6731,873.1,23180.0
6732,873.2,23420.0
6733,873.3,23590.0
6734,873.4,23684.512
6735,873.5,23710.0
6736,873.6,23670.0
6737,873.7,23550.0
6738,873.8,23360.0
6739,873.9,23109.599
6740,874.0,22800.0
6741,874.1,22430.0
6742,874.2,22000.0
6743,874.3,21524.661
6744,874.4,21010.0
6745,874.5,20460.0
6746,874.6,19880.0
6747,874.7,19270.0
6748,874.8,18652.449
6749,874.9,18030.0
6750,875.0,17400.0
6751,875.1,16770.0
6752,875.2,16157.146
6753,875.3,15560.0
6754,875.4,14980.0
6755,875.5,14440.0
6756,875.6,13930.0
6757,875.7,13454.283
6758,875.8,13020.0
6759,875.9,12630.0
6760,876.0,12280.0
6761,876.1,11981.435
6762,876.2,11730.0
6763,876.3,11520.0
6764,876.4,11360.0
6765,876.5,11250.0
6766,876.6,11175.587
6767,876.7,11140.0
6768,876.8,11150.0
6769,876.9,11200.0
6770,877.0,11271.855
6771,877.1,11370.0
6772,877.2,11500.0
6773,877.3,11650.0
6774,877.4,11820.0
6775,877.5,12005.412
6776,877.6,12200.0
6777,877.7,12400.0
6778,877.8,12610.0
6779,877.9,12830.0
6780,878.0,13047.301
6781,878.1,13260.0
6782,878.2,13470.0
6783,878.3,13680.0
6784,878.4,13891.948
6785,878.5,14100.0
6786,878.6,14300.0
6787,878.7,14500.0
6788,878.8,14700.0
6789,878.9,14893.743
6790,879.0,15080.0
6791,879.1,15260.0
6792,879.2,15440.0
6793,879.3,15627.669
6794,879.4,15810.0
6795,879.5,15980.0
6796,879.6,16160.0
6797,879.7,16330.0
6798,879.8,16501.265
6799,879.9,16670.0
6800,880.0,16830.0
6801,880.1,16990.0
6802,880.2,17146.162
6803,880.3,17290.0
6804,880.4,17420.0
6805,880.5,17550.0
6806,880.6,17660.0
6807,880.7,17755.89
6808,880.8,17840.0
6809,880.9,17910.0
6810,881.0,17960.0
6811,881.1,17987.016
6812,881.2,17990.0
6813,881.3,17970.0
6814,881.4,17930.0
6815,881.5,17860.0
6816,881.6,17767.878
6817,881.7,17650.0
6818,881.8,17500.0
6819,881.9,17320.0
6820,882.0,17116.224
6821,882.1,16890.0
6822,882.2,16640.0
6823,882.3,16360.0
6824,882.4,16050.0
6825,882.5,15730.676
6826,882.6,15390.0
6827,882.7,15020.0
6828,882.8,14650.0
6829,882.9,14260.0
6830,883.0,13860.152
6831,883.1,13450.0
6832,883.2,13030.0
6833,883.3,12620.0
6834,883.4,12214.505
6835,883.5,11810.0
6836,883.6,11410.0
6837,883.7,11030.0
6838,883.8,10670.0
6839,883.9,10331.881
6840,884.0,10020.0
6841,884.1,9741.0
6842,884.2,9507.0
6843,884.3,9322.307
6844,884.4,9196.0
6845,884.5,9139.0
6846,884.6,9163.0
6847,884.7,9284.0
6848,884.8,9518.604
6849,884.9,9883.0
6850,885.0,10400.0
6851,885.1,11110.0
6852,885.2,12030.67
6853,885.3,13200.0
6854,885.4,14660.0
6855,885.5,16450.0
6856,885.6,18640.0
6857,885.7,21281.079
6858,885.8,24440.0
6859,885.9,28190.0
6860,886.0,32610.0
6861,886.1,37796.69
6862,886.2,43850.0
6863,886.3,50870.0
6864,886.4,58960.0
6865,886.5,68240.0
6866,886.6,78856.263
6867,886.7,90900.0
6868,886.8,104500.0
6869,886.9,119900.0
6870,887.0,137072.549
6871,887.1,156200.0
6872,887.2,177500.0
6873,887.3,201000.0
6874,887.4,226700.0
6875,887.5,254886.517
6876,887.6,285600.0
6877,887.7,318800.0
6878,887.8,354500.0
6879,887.9,392800.0
6880,888.0,433633.488
6881,888.1,476900.0
6882,888.2,522500.0
6883,888.3,570300.0
6884,888.4,620092.885
6885,888.5,671700.0
6886,888.6,724900.0
6887,888.7,779300.0
6888,888.8,834600.0
6889,888.9,890388.861
6890,889.0,946300.0
6891,889.1,1002000.0
6892,889.2,1057000.0
6893,889.3,1110327.038
6894,889.4,1162000.0
6895,889.5,1212000.0
6896,889.6,1259000.0
6897,889.7,1302000.0
6898,889.8,1341761.808
6899,889.9,1378000.0
6900,890.0,1410000.0
6901,890.1,1437000.0
6902,890.2,1458647.927
6903,890.3,1475000.0
6904,890.4,1486000.0
6905,890.5,1491000.0
6906,890.6,1490000.0
6907,890.7,1483598.877
6908,890.8,1472000.0
6909,890.9,1455000.0
6910,891.0,1432000.0
6911,891.1,1404370.093
6912,891.2,1372000.0
6913,891.3,1335000.0
6914,891.4,1295000.0
6915,891.5,1250000.0
6916,891.6,1202536.577
6917,891.7,1153000.0
6918,891.8,1101000.0
6919,891.9,1047000.0
6920,892.0,991841.674
6921,892.1,936100.0
6922,892.2,880200.0
6923,892.3,824400.0
6924,892.4,769200.0
6925,892.5,714888.66
6926,892.6,661900.0
6927,892.7,610600.0
6928,892.8,561000.0
6929,892.9,513500.0
6930,893.0,468240.649
6931,893.1,425300.0
6932,893.2,384800.0
6933,893.3,346900.0
6934,893.4,311481.917
6935,893.5,278600.0
6936,893.6,248300.0
6937,893.7,220400.0
6938,893.8,194900.0
6939,893.9,171721.72
6940,894.0,150700.0
6941,894.1,131700.0
6942,894.2,114700.0
6943,894.3,99508.644
6944,894.4,85990.0
6945,894.5,74030.0
6946,894.6,63490.0
6947,894.7,54240.0
6948,894.8,46157.19
6949,894.9,39130.0
6950,895.0,33050.0
6951,895.1,27810.0
6952,895.2,23307.464
6953,895.3,19460.0
6954,895.4,16190.0
6955,895.5,13420.0
6956,895.6,11080.0
6957,895.7,9112.446
6958,895.8,7468.0
6959,895.9,6100.0
6960,896.0,4967.0
6961,896.1,4031.711
6962,896.2,3264.0
6963,896.3,2637.0
6964,896.4,2129.0
6965,896.5,1718.0
6966,896.6,1389.707
6967,896.7,1130.0
6968,896.8,925.6
6969,896.9,768.2
6970,897.0,649.35
6971,897.1,562.7
6972,897.2,502.8
6973,897.3,465.3
6974,897.4,446.8
6975,897.5,444.547
6976,897.6,456.5
6977,897.7,480.9
6978,897.8,516.5
6979,897.9,562.3
6980,898.0,617.586
6981,898.1,681.8
6982,898.2,754.5
6983,898.3,835.4
6984,898.4,923.786
6985,898.5,1020.0
6986,898.6,1124.0
6987,898.7,1234.0
6988,898.8,1351.0
6989,898.9,1474.164
6990,899.0,1603.0
6991,899.1,1737.0
6992,899.2,1875.0
6993,899.3,2017.15
6994,899.4,2162.0
6995,899.5,2308.0
6996,899.6,2455.0
6997,899.7,2602.0
6998,899.8,2747.598
6999,899.9,2890.0
7000,900.0,3028.0
7001,900.1,3162.0
7002,900.2,3289.166
7003,900.3,3408.0
7004,900.4,3518.0
7005,900.5,3619.0
7006,900.6,3708.0
7007,900.7,3785.83
7008,900.8,3851.0
7009,900.9,3902.0
7010,901.0,3940.0
7011,901.1,3963.444
7012,901.2,3972.0
7013,901.3,3966.0
7014,901.4,3946.0
7015,901.5,3912.0
7016,901.6,3864.027
7017,901.7,3803.0
7018,901.8,3730.0
7019,901.9,3646.0
7020,902.0,3552.35
7021,902.1,3450.0
7022,902.2,3340.0
7023,902.3,3224.0
7024,902.4,3103.0
7025,902.5,2979.17
7026,902.6,2854.0
7027,902.7,2729.0
7028,902.8,2606.0
7029,902.9,2485.0
7030,903.0,2369.812
7031,903.1,2261.0
7032,903.2,2159.0
7033,903.3,2067.0
7034,903.4,1984.372
7035,903.5,1913.0
7036,903.6,1855.0
7037,903.7,1810.0
7038,903.8,1779.0
7039,903.9,1763.172
7040,904.0,1763.0
7041,904.1,1779.0
7042,904.2,1812.0
7043,904.3,1861.406
7044,904.4,1927.0
7045,904.5,2009.0
7046,904.6,2108.0
7047,904.7,2223.0
7048,904.8,2353.587
7049,904.9,2499.0
7050,905.0,2658.0
7051,905.1,2829.0
7052,905.2,3012.755
7053,905.3,3207.0
7054,905.4,3409.0
7055,905.5,3618.0
7056,905.6,3833.0
7057,905.7,4051.354
7058,905.8,4271.0
7059,905.9,4490.0
7060,906.0,4706.0
7061,906.1,4917.01
7062,906.2,5121.0
7063,906.3,5316.0
7064,906.4,5500.0
7065,906.5,5670.0
7066,906.6,5825.037
7067,906.7,5963.0
7068,906.8,6082.0
7069,906.9,6182.0
7070,907.0,6260.581
7071,907.1,6317.0
7072,907.2,6351.0
7073,907.3,6362.0
7074,907.4,6350.0
7075,907.5,6313.763
7076,907.6,6255.0
7077,907.7,6175.0
7078,907.8,6072.0
7079,907.9,5950.0
7080,908.0,5808.964
7081,908.1,5650.0
7082,908.2,5475.0
7083,908.3,5286.0
7084,908.4,5084.707
7085,908.5,4873.0
7086,908.6,4653.0
7087,908.7,4427.0
7088,908.8,4196.0
7089,908.9,3962.494
7090,909.0,3728.0
7091,909.1,3494.0
7092,909.2,3263.0
7093,909.3,3036.308
7094,909.4,2815.0
7095,909.5,2600.0
7096,909.6,2392.0
7097,909.7,2193.0
7098,909.8,2003.168
7099,909.9,1823.0
7100,910.0,1653.0
7101,910.1,1493.0
7102,910.2,1343.582
7103,910.3,1205.0
7104,910.4,1077.0
7105,910.5,958.5
7106,910.6,850.0
7107,910.7,751.078
7108,910.8,661.2
7109,910.9,579.9
7110,911.0,506.7
7111,911.1,441.091
7112,911.2,382.6
7113,911.3,330.7
7114,911.4,284.7
7115,911.5,244.2
7116,911.6,208.68
7117,911.7,177.7
7118,911.8,150.8
7119,911.9,127.4
7120,912.0,107.276
7121,912.1,90.04
7122,912.2,75.27
7123,912.3,62.68
7124,912.4,52.01
7125,912.5,42.993
7126,912.6,35.41
7127,912.7,29.06
7128,912.8,23.76
7129,912.9,19.35
7130,913.0,15.703
7131,913.1,12.7
7132,913.2,10.23
7133,913.3,8.212
7134,913.4,6.566
7135,913.5,5.231
7136,913.6,4.153
7137,913.7,3.284
7138,913.8,2.587
7139,913.9,2.031
7140,914.0,1.589
7141,914.1,1.238
7142,914.2,0.961
7143,914.3,0.743
7144,914.4,0.573
7145,914.5,0.44
7146,914.6,0.337
7147,914.7,0.256
7148,914.8,0.195
7149,914.9,0.147
7150,915.0,0.111
7151,915.1,0.083
7152,915.2,0.062
7153,915.3,0.047
7154,915.4,0.035
7155,915.5,0.026
7156,915.6,0.019
7157,915.7,0.014
7158,915.8,0.01
7159,915.9,0.007
7160,916.0,0.005
7161,916.1,0.004
7162,916.2,0.003
7163,916.3,0.002
7164,916.4,0.001
7165,916.5,0.001
7166,916.6,0.001
7167,916.7,0.001
7168,916.8,0.0
7169,916.9,0.0
7170,917.0,0.0
7171,917.1,0.0
7172,917.2,0.0
7173,917.3,0.0
7174,917.4,0.0
7175,917.5,0.0
7176,917.6,0.0
7177,917.7,0.0
7178,917.8,0.0
7179,917.9,0.0
7180,918.0,0.0
7181,918.1,0.0
7182,918.2,0.0
7183,918.3,0.0
7184,918.4,0.0
7185,918.5,0.0
7186,918.6,0.0
7187,918.7,0.0
7188,918.8,0.0
7189,918.9,0.0
7190,919.0,0.0
7191,919.1,0.0
7192,919.2,0.0
7193,919.3,0.0
7194,919.4,0.0
7195,919.5,0.0
7196,919.6,0.0
7197,919.7,0.0
7198,919.8,0.0
7199,919.9,0.0
7200,920.0,0.0
7201,920.1,0.0
7202,920.2,0.0
7203,920.3,0.0
7204,920.4,0.0
7205,920.5,0.0
7206,920.6,0.0
7207,920.7,0.0
7208,920.8,0.0
7209,920.9,0.0
7210,921.0,0.0
7211,921.1,0.0
7212,921.2,0.0
7213,921.3,0.0
7214,921.4,0.0
7215,921.5,0.0
7216,921.6,0.0
7217,921.7,0.0
7218,921.8,0.0
7219,921.9,0.0
7220,922.0,0.0
7221,922.1,0.0
7222,922.2,0.0
7223,922.3,0.0
7224,922.4,0.0
7225,922.5,0.0
7226,922.6,0.0
7227,922.7,0.0
7228,922.8,0.0
7229,922.9,0.0
7230,923.0,0.0
7231,923.1,0.0
7232,923.2,0.0
7233,923.3,0.0
7234,923.4,0.0
7235,923.5,0.0
7236,923.6,0.0
7237,923.7,0.0
7238,923.8,0.0
7239,923.9,0.0
7240,924.0,0.0
7241,924.1,0.0
7242,924.2,0.0
7243,924.3,0.0
7244,924.4,0.0
7245,924.5,0.0
7246,924.6,0.0
7247,924.7,0.0
7248,924.8,0.0
7249,924.9,0.0
7250,925.0,0.0
7251,925.1,0.0
7252,925.2,0.0
7253,925.3,0.0
7254,925.4,0.0
7255,925.5,0.0
7256,925.6,0.0
7257,925.7,0.0
7258,925.8,0.0
7259,925.9,0.0
7260,926.0,0.0
7261,926.1,0.0
7262,926.2,0.0
7263,926.3,0.0
7264,926.4,0.0
7265,926.5,0.0
7266,926.6,0.0
7267,926.7,0.0
7268,926.8,0.0
7269,926.9,0.0
7270,927.0,0.0
7271,927.1,0.0
7272,927.2,0.0
7273,927.3,0.0
7274,927.4,0.0
7275,927.5,0.0
7276,927.6,0.0
7277,927.7,0.0
7278,927.8,0.0
7279,927.9,0.0
7280,928.0,0.0
7281,928.1,0.0
7282,928.2,0.0
7283,928.3,0.0
7284,928.4,0.0
7285,928.5,0.0
7286,928.6,0.0
7287,928.7,0.0
7288,928.8,0.0
7289,928.9,0.0
7290,929.0,0.0
7291,929.1,0.0
7292,929.2,0.0
7293,929.3,0.0
7294,929.4,0.0
7295,929.5,0.0
7296,929.6,0.0
7297,929.7,0.0
7298,929.8,0.0
7299,929.9,0.0
7300,930.0,0.0
7301,930.1,0.0
7302,930.2,0.0
7303,930.3,0.0
7304,930.4,0.0
7305,930.5,0.0
7306,930.6,0.0
7307,930.7,0.0
7308,930.8,0.0
7309,930.9,0.0
7310,931.0,0.0
7311,931.1,0.0
7312,931.2,0.0
7313,931.3,0.0
7314,931.4,0.0
7315,931.5,0.0
7316,931.6,0.0
7317,931.7,0.0
7318,931.8,0.0
7319,931.9,0.0
7320,932.0,0.0
7321,932.1,0.0
7322,932.2,0.0
7323,932.3,0.0
7324,932.4,0.0
7325,932.5,0.0
7326,932.6,0.0
7327,932.7,0.0
7328,932.8,0.0
7329,932.9,0.0
7330,933.0,0.0
7331,933.1,0.0
7332,933.2,0.0
7333,933.3,0.0
7334,933.4,0.0
7335,933.5,0.0
7336,933.6,0.0
7337,933.7,0.0
7338,933.8,0.0
7339,933.9,0.0
7340,934.0,0.0
7341,934.1,0.0
7342,934.2,0.0
7343,934.3,0.0
7344,934.4,0.0
7345,934.5,0.0
7346,934.6,0.0
7347,934.7,0.0
7348,934.8,0.0
7349,934.9,0.0
7350,935.0,0.0
7351,935.1,0.0
7352,935.2,0.0
7353,935.3,0.0
7354,935.4,0.0
7355,935.5,0.0
7356,935.6,0.0
7357,935.7,0.0
7358,935.8,0.0
7359,935.9,0.0
7360,936.0,0.0
7361,936.1,0.0
7362,936.2,0.0
7363,936.3,0.0
7364,936.4,0.0
7365,936.5,0.0
7366,936.6,0.0
7367,936.7,0.0
7368,936.8,0.0
7369,936.9,0.0
7370,937.0,0.0
7371,937.1,0.0
7372,937.2,0.0
7373,937.3,0.0
7374,937.4,0.0
7375,937.5,0.0
7376,937.6,0.0
7377,937.7,0.0
7378,937.8,0.0
7379,937.9,0.0
7380,938.0,0.0
7381,938.1,0.0
7382,938.2,0.0
7383,938.3,0.0
7384,938.4,0.0
7385,938.5,0.0
7386,938.6,0.0
7387,938.7,0.0
7388,938.8,0.0
7389,938.9,0.0
7390,939.0,0.0
7391,939.1,0.0
7392,939.2,0.0
7393,939.3,0.0
7394,939.4,0.0
7395,939.5,0.0
7396,939.6,0.0
7397,939.7,0.0
7398,939.8,0.0
7399,939.9,0.0
7400,940.0,0.0
7401,940.1,0.0
7402,940.2,0.0
7403,940.3,0.0
7404,940.4,0.0
7405,940.5,0.0
7406,940.6,0.0
7407,940.7,0.0
7408,940.8,0.0
7409,940.9,0.0
7410,941.0,0.0
7411,941.1,0.0
7412,941.2,0.0
7413,941.3,0.0
7414,941.4,0.0
7415,941.5,0.0
7416,941.6,0.0
7417,941.7,0.0
7418,941.8,0.0
7419,941.9,0.0
7420,942.0,0.0
7421,942.1,0.0
7422,942.2,0.0
7423,942.3,0.0
7424,942.4,0.0
7425,942.5,0.0
7426,942.6,0.0
7427,942.7,0.0
7428,942.8,0.0
7429,942.9,0.0
7430,943.0,0.0
7431,943.1,0.0
7432,943.2,0.0
7433,943.3,0.0
7434,943.4,0.0
7435,943.5,0.0
7436,943.6,0.0
7437,943.7,0.0
7438,943.8,0.0
7439,943.9,0.0
7440,944.0,0.0
7441,944.1,0.0
7442,944.2,0.0
7443,944.3,0.0
7444,944.4,0.0
7445,944.5,0.0
7446,944.6,0.0
7447,944.7,0.0
7448,944.8,0.0
7449,944.9,0.0
7450,945.0,0.0
7451,945.1,0.0
7452,945.2,0.0
7453,945.3,0.0
7454,945.4,0.0
7455,945.5,0.0
7456,945.6,0.0
7457,945.7,0.0
7458,945.8,0.0
7459,945.9,0.0
7460,946.0,0.0
7461,946.1,0.0
7462,946.2,0.0
7463,946.3,0.0
7464,946.4,0.0
7465,946.5,0.0
7466,946.6,0.0
7467,946.7,0.0
7468,946.8,0.0
7469,946.9,0.0
7470,947.0,0.0
7471,947.1,0.0
7472,947.2,0.0
7473,947.3,0.0
7474,947.4,0.0
7475,947.5,0.0
7476,947.6,0.0
7477,947.7,0.0
7478,947.8,0.0
7479,947.9,0.0
7480,948.0,0.0
7481,948.1,0.0
7482,948.2,0.0
7483,948.3,0.001
7484,948.4,0.001
7485,948.5,0.001
7486,948.6,0.002
7487,948.7,0.003
7488,948.8,0.004
7489,948.9,0.006
7490,949.0,0.008
7491,949.1,0.012
7492,949.2,0.017
7493,949.3,0.024
7494,949.4,0.033
7495,949.5,0.047
7496,949.6,0.066
7497,949.7,0.093
7498,949.8,0.129
7499,949.9,0.18
7500,950.0,0.249
7501,950.1,0.344
7502,950.2,0.474
7503,950.3,0.652
7504,950.4,0.892
7505,950.5,1.217
7506,950.6,1.654
7507,950.7,2.241
7508,950.8,3.028
7509,950.9,4.076
7510,951.0,5.469
7511,951.1,7.311
7512,951.2,9.751
7513,951.3,12.96
7514,951.4,17.16
7515,951.5,22.65
7516,951.6,29.785
7517,951.7,39.06
7518,951.8,51.05
7519,951.9,66.51
7520,952.0,86.311
7521,952.1,111.7
7522,952.2,144.1
7523,952.3,185.3
7524,952.4,237.4
7525,952.5,303.135
7526,952.6,386.0
7527,952.7,489.8
7528,952.8,619.3
7529,952.9,780.7
7530,953.0,980.574
7531,953.1,1228.0
7532,953.2,1533.0
7533,953.3,1907.0
7534,953.4,2363.806
7535,953.5,2921.0
7536,953.6,3598.0
7537,953.7,4418.0
7538,953.8,5406.0
7539,953.9,6592.759
7540,954.0,8014.0
7541,954.1,9710.0
7542,954.2,11730.0
7543,954.3,14113.555
7544,954.4,16930.0
7545,954.5,20250.0
7546,954.6,24130.0
7547,954.7,28670.0
7548,954.8,33946.535
7549,954.9,40060.0
7550,955.0,47120.0
7551,955.1,55240.0
7552,955.2,64547.331
7553,955.3,75180.0
7554,955.4,87280.0
7555,955.5,101000.0
7556,955.6,116500.0
7557,955.7,133922.608
7558,955.8,153400.0
7559,955.9,175100.0
7560,956.0,199300.0
7561,956.1,226146.903
7562,956.2,255700.0
7563,956.3,288100.0
7564,956.4,323700.0
7565,956.5,362400.0
7566,956.6,404334.17
7567,956.7,449700.0
7568,956.8,498600.0
7569,956.9,550900.0
7570,957.0,606724.788
7571,957.1,666000.0
7572,957.2,728600.0
7573,957.3,794500.0
7574,957.4,863600.0
7575,957.5,935475.868
7576,957.6,1010000.0
7577,957.7,1087000.0
7578,957.8,1166000.0
7579,957.9,1247000.0
7580,958.0,1328713.216
7581,958.1,1411000.0
7582,958.2,1494000.0
7583,958.3,1577000.0
7584,958.4,1658336.176
7585,958.5,1738000.0
7586,958.6,1816000.0
7587,958.7,1891000.0
7588,958.8,1963000.0
7589,958.9,2030904.372
7590,959.0,2094000.0
7591,959.1,2152000.0
7592,959.2,2205000.0
7593,959.3,2251648.302
7594,959.4,2291000.0
7595,959.5,2323000.0
7596,959.6,2349000.0
7597,959.7,2367000.0
7598,959.8,2377513.544
7599,959.9,2380000.0
7600,960.0,2374000.0
7601,960.1,2361000.0
7602,960.2,2340961.679
7603,960.3,2313000.0
7604,960.4,2277000.0
7605,960.5,2235000.0
7606,960.6,2186000.0
7607,960.7,2131645.42
7608,960.8,2072000.0
7609,960.9,2007000.0
7610,961.0,1938000.0
7611,961.1,1864454.193
7612,961.2,1788000.0
7613,961.3,1710000.0
7614,961.4,1629000.0
7615,961.5,1547000.0
7616,961.6,1464778.174
7617,961.7,1382000.0
7618,961.8,1299000.0
7619,961.9,1218000.0
7620,962.0,1137675.261
7621,962.1,1059000.0
7622,962.2,983200.0
7623,962.3,909500.0
7624,962.4,838600.0
7625,962.5,770696.935
7626,962.6,705900.0
7627,962.7,644400.0
7628,962.8,586400.0
7629,962.9,531800.0
7630,963.0,480761.112
7631,963.1,433200.0
7632,963.2,389000.0
7633,963.3,348200.0
7634,963.4,310638.724
7635,963.5,276200.0
7636,963.6,244800.0
7637,963.7,216300.0
7638,963.8,190400.0
7639,963.9,167090.222
7640,964.0,146200.0
7641,964.1,127500.0
7642,964.2,110800.0
7643,964.3,95947.815
7644,964.4,82810.0
7645,964.5,71250.0
7646,964.6,61110.0
7647,964.7,52240.0
7648,964.8,44503.887
7649,964.9,37790.0
7650,965.0,31990.0
7651,965.1,26990.0
7652,965.2,22693.805
7653,965.3,19020.0
7654,965.4,15890.0
7655,965.5,13230.0
7656,965.6,10980.0
7657,965.7,9080.412
7658,965.8,7485.0
7659,965.9,6151.0
7660,966.0,5037.0
7661,966.1,4111.654
7662,966.2,3346.0
7663,966.3,2713.0
7664,966.4,2193.0
7665,966.5,1767.0
7666,966.6,1419.084
7667,966.7,1136.0
7668,966.8,905.9
7669,966.9,720.3
7670,967.0,570.79
7671,967.1,450.9
7672,967.2,355.0
7673,967.3,278.6
7674,967.4,217.9
7675,967.5,169.847
7676,967.6,132.0
7677,967.7,102.2
7678,967.8,78.91
7679,967.9,60.71
7680,968.0,46.538
7681,968.1,35.58
7682,968.2,27.11
7683,968.3,20.59
7684,968.4,15.576
7685,968.5,11.75
7686,968.6,8.836
7687,968.7,6.622
7688,968.8,4.946
7689,968.9,3.68
7690,969.0,2.732
7691,969.1,2.021
7692,969.2,1.49
7693,969.3,1.094
7694,969.4,0.802
7695,969.5,0.585
7696,969.6,0.426
7697,969.7,0.309
7698,969.8,0.223
7699,969.9,0.161
7700,970.0,0.116
7701,970.1,0.083
7702,970.2,0.059
7703,970.3,0.042
7704,970.4,0.03
7705,970.5,0.021
7706,970.6,0.015
7707,970.7,0.011
7708,970.8,0.008
7709,970.9,0.006
7710,971.0,0.005
7711,971.1,0.005
7712,971.2,0.005
7713,971.3,0.005
7714,971.4,0.006
7715,971.5,0.008
7716,971.6,0.01
7717,971.7,0.013
7718,971.8,0.017
7719,971.9,0.022
7720,972.0,0.029
7721,972.1,0.037
7722,972.2,0.048
7723,972.3,0.062
7724,972.4,0.08
7725,972.5,0.102
7726,972.6,0.13
7727,972.7,0.165
7728,972.8,0.209
7729,972.9,0.264
7730,973.0,0.333
7731,973.1,0.418
7732,973.2,0.523
7733,973.3,0.653
7734,973.4,0.811
7735,973.5,1.006
7736,973.6,1.244
7737,973.7,1.532
7738,973.8,1.882
7739,973.9,2.304
7740,974.0,2.812
7741,974.1,3.422
7742,974.2,4.15
7743,974.3,5.017
7744,974.4,6.047
7745,974.5,7.266
7746,974.6,8.703
7747,974.7,10.39
7748,974.8,12.362
7749,974.9,14.67
7750,975.0,17.36
7751,975.1,20.46
7752,975.2,24.046
7753,975.3,28.18
7754,975.4,32.92
7755,975.5,38.33
7756,975.6,44.49
7757,975.7,51.478
7758,975.8,59.38
7759,975.9,68.28
7760,976.0,78.26
7761,976.1,89.438
7762,976.2,101.9
7763,976.3,115.7
7764,976.4,130.9
7765,976.5,147.8
7766,976.6,166.255
7767,976.7,186.4
7768,976.8,208.4
7769,976.9,232.2
7770,977.0,257.967
7771,977.1,285.7
7772,977.2,315.4
7773,977.3,347.2
7774,977.4,380.9
7775,977.5,416.569
7776,977.6,454.2
7777,977.7,493.7
7778,977.8,534.9
7779,977.9,577.8
7780,978.0,622.153
7781,978.1,667.8
7782,978.2,714.6
7783,978.3,762.3
7784,978.4,810.588
7785,978.5,859.3
7786,978.6,908.2
7787,978.7,956.8
7788,978.8,1005.0
7789,978.9,1051.969
7790,979.0,1098.0
7791,979.1,1143.0
7792,979.2,1185.0
7793,979.3,1225.105
7794,979.4,1263.0
7795,979.5,1298.0
7796,979.6,1330.0
7797,979.7,1358.0
7798,979.8,1382.805
7799,979.9,1404.0
7800,980.0,1421.0
7801,980.1,1434.0
7802,980.2,1442.146
7803,980.3,1446.0
7804,980.4,1446.0
7805,980.5,1441.0
7806,980.6,1432.0
7807,980.7,1419.307
7808,980.8,1403.0
7809,980.9,1383.0
7810,981.0,1359.0
7811,981.1,1332.291
7812,981.2,1303.0
7813,981.3,1271.0
7814,981.4,1237.0
7815,981.5,1202.0
7816,981.6,1165.896
7817,981.7,1129.0
7818,981.8,1092.0
7819,981.9,1056.0
7820,982.0,1021.195
7821,982.1,988.0
7822,982.2,957.0
7823,982.3,928.9
7824,982.4,904.3
7825,982.5,883.779
7826,982.6,868.0
7827,982.7,857.6
7828,982.8,853.1
7829,982.9,855.2
7830,983.0,864.592
7831,983.1,881.9
7832,983.2,907.7
7833,983.3,942.6
7834,983.4,987.64
7835,983.5,1043.0
7836,983.6,1109.0
7837,983.7,1187.0
7838,983.8,1277.0
7839,983.9,1380.151
7840,984.0,1497.0
7841,984.1,1628.0
7842,984.2,1774.0
7843,984.3,1934.909
7844,984.4,2111.0
7845,984.5,2303.0
7846,984.6,2512.0
7847,984.7,2737.0
7848,984.8,2978.7
7849,984.9,3238.0
7850,985.0,3515.0
7851,985.1,3808.0
7852,985.2,4117.863
7853,985.3,4444.0
7854,985.4,4786.0
7855,985.5,5145.0
7856,985.6,5518.0
7857,985.7,5905.295
7858,985.8,6306.0
7859,985.9,6719.0
7860,986.0,7144.0
7861,986.1,7578.404
7862,986.2,8021.0
7863,986.3,8471.0
7864,986.4,8927.0
7865,986.5,9387.0
7866,986.6,9848.712
7867,986.7,10310.0
7868,986.8,10770.0
7869,986.9,11230.0
7870,987.0,11683.632
7871,987.1,12130.0
7872,987.2,12570.0
7873,987.3,13000.0
7874,987.4,13410.0
7875,987.5,13811.682
7876,987.6,14200.0
7877,987.7,14570.0
7878,987.8,14930.0
7879,987.9,15260.0
7880,988.0,15571.834
7881,988.1,15870.0
7882,988.2,16150.0
7883,988.3,16400.0
7884,988.4,16634.333
7885,988.5,16850.0
7886,988.6,17040.0
7887,988.7,17210.0
7888,988.8,17370.0
7889,988.9,17508.493
7890,989.0,17620.0
7891,989.1,17710.0
7892,989.2,17800.0
7893,989.3,17868.853
7894,989.4,17920.0
7895,989.5,17960.0
7896,989.6,17980.0
7897,989.7,18000.0
7898,989.8,18010.661
7899,989.9,18010.0
7900,990.0,18000.0
7901,990.1,17980.0
7902,990.2,17951.137
7903,990.3,17920.0
7904,990.4,17890.0
7905,990.5,17850.0
7906,990.6,17800.0
7907,990.7,17748.591
7908,990.8,17690.0
7909,990.9,17620.0
7910,991.0,17550.0
7911,991.1,17471.197
7912,991.2,17380.0
7913,991.3,17280.0
7914,991.4,17180.0
7915,991.5,17060.0
7916,991.6,16929.472
7917,991.7,16790.0
7918,991.8,16640.0
7919,991.9,16480.0
7920,992.0,16299.025
7921,992.1,16100.0
7922,992.2,15890.0
7923,992.3,15670.0
7924,992.4,15430.0
7925,992.5,15178.353
7926,992.6,14910.0
7927,992.7,14620.0
7928,992.8,14320.0
7929,992.9,14010.0
7930,993.0,13686.893
7931,993.1,13350.0
7932,993.2,13000.0
7933,993.3,12640.0
7934,993.4,12270.578
7935,993.5,11890.0
7936,993.6,11500.0
7937,993.7,11110.0
7938,993.8,10710.0
7939,993.9,10309.32
7940,994.0,9909.0
7941,994.1,9507.0
7942,994.2,9105.0
7943,994.3,8705.268
7944,994.4,8309.0
7945,994.5,7917.0
7946,994.6,7530.0
7947,994.7,7150.0
7948,994.8,6777.859
7949,994.9,6414.0
7950,995.0,6059.0
7951,995.1,5714.0
7952,995.2,5379.756
7953,995.3,5056.0
7954,995.4,4743.0
7955,995.5,4443.0
7956,995.6,4155.0
7957,995.7,3878.789
7958,995.8,3615.0
7959,995.9,3364.0
7960,996.0,3125.0
7961,996.1,2897.986
7962,996.2,2683.0
7963,996.3,2480.0
7964,996.4,2289.0
7965,996.5,2110.0
7966,996.6,1941.385
7967,996.7,1783.0
7968,996.8,1635.0
7969,996.9,1497.0
7970,997.0,1369.056
7971,997.1,1250.0
7972,997.2,1139.0
7973,997.3,1037.0
7974,997.4,942.3
7975,997.5,855.026
7976,997.6,774.8
7977,997.7,701.0
7978,997.8,633.3
7979,997.9,571.3
7980,998.0,514.564
7981,998.1,462.8
7982,998.2,415.7
7983,998.3,372.8
7984,998.4,333.831
7985,998.5,298.5
7986,998.6,266.5
7987,998.7,237.6
7988,998.8,211.6
7989,998.9,188.094
7990,999.0,166.9
7991,999.1,147.9
7992,999.2,130.9
7993,999.3,115.648
7994,999.4,102.0
7995,999.5,89.83
7996,999.6,78.98
7997,999.7,69.33
7998,999.8,60.736
7999,999.9,53.16
