,wavelength,intensity
0,200.0,84830000.0
1,200.1,115000000.0
2,200.2,146997281.462
3,200.3,177700000.0
4,200.4,203000000.0
5,200.5,220000000.0
6,200.6,227300000.0
7,200.7,225912881.108
8,200.8,219400000.0
9,200.9,212000000.0
10,201.0,208300000.0
11,201.1,211246184.652
12,201.2,220100000.0
13,201.3,232500000.0
14,201.4,243300000.0
15,201.5,247600000.0
16,201.6,241779485.46
17,201.7,226400000.0
18,201.8,203700000.0
19,201.9,178400000.0
20,202.0,155115533.993
21,202.1,136100000.0
22,202.2,122300000.0
23,202.3,111800000.0
24,202.4,102100000.0
25,202.5,91041134.89
26,202.6,78030000.0
27,202.7,63220000.0
28,202.8,48090000.0
29,202.9,34170000.0
30,203.0,22665169.731
31,203.1,13930000.0
32,203.2,7970000.0
33,203.3,4237000.0
34,203.4,2080168.62
35,203.5,959300.0
36,203.6,408400.0
37,203.7,161500.0
38,203.8,59580.0
39,203.9,19794.207
40,204.0,10180.0
41,204.1,13570.0
42,204.2,34080.0
43,204.3,87132.823
44,204.4,224300.0
45,204.5,522300.0
46,204.6,1135000.0
47,204.7,2303000.0
48,204.8,4362994.895
49,204.9,7734000.0
50,205.0,12820000.0
51,205.1,19880000.0
52,205.2,28923038.694
53,205.3,39370000.0
54,205.4,50380000.0
55,205.5,60660000.0
56,205.6,68910000.0
57,205.7,74121547.157
58,205.8,76210000.0
59,205.9,75530000.0
60,206.0,73330000.0
61,206.1,71158081.275
62,206.2,70150000.0
63,206.3,71100000.0
64,206.4,73820000.0
65,206.5,77480000.0
66,206.6,80875672.368
67,206.7,83080000.0
68,206.8,83470000.0
69,206.9,82350000.0
70,207.0,80651466.203
71,207.1,79690000.0
72,207.2,80740000.0
73,207.3,84450000.0
74,207.4,90530000.0
75,207.5,97679469.679
76,207.6,103800000.0
77,207.7,106700000.0
78,207.8,104700000.0
79,207.9,97350000.0
80,208.0,85247469.362
81,208.1,70240000.0
82,208.2,54470000.0
83,208.3,40040000.0
84,208.4,28463830.05
85,208.5,20280000.0
86,208.6,15630000.0
87,208.7,13970000.0
88,208.8,14650000.0
89,208.9,17053643.623
90,209.0,20930000.0
91,209.1,26240000.0
92,209.2,33460000.0
93,209.3,43443787.502
94,209.4,57270000.0
95,209.5,75980000.0
96,209.6,100200000.0
97,209.7,129900000.0
98,209.8,163814752.677
99,209.9,199000000.0
100,210.0,231900000.0
101,210.1,258000000.0
102,210.2,273009786.552
103,210.3,274500000.0
104,210.4,261300000.0
105,210.5,235600000.0
106,210.6,201400000.0
107,210.7,163858494.376
108,210.8,128000000.0
109,210.9,98330000.0
110,211.0,77500000.0
111,211.1,66684369.528
112,211.2,65520000.0
113,211.3,73100000.0
114,211.4,87660000.0
115,211.5,107000000.0
116,211.6,128564100.247
117,211.7,149600000.0
118,211.8,167400000.0
119,211.9,179700000.0
120,212.0,185230777.037
121,212.1,184300000.0
122,212.2,178000000.0
123,212.3,169100000.0
124,212.4,160900000.0
125,212.5,157546106.596
126,212.6,163600000.0
127,212.7,183700000.0
128,212.8,222400000.0
129,212.9,283499999.999
130,213.0,369826300.926
131,213.1,481899999.999
132,213.2,619099999.999
133,213.3,778299999.999
134,213.4,954464824.567
135,213.5,1139999999.999
136,213.6,1325999999.999
137,213.7,1499999999.999
138,213.8,1645999999.999
139,213.9,1747551386.443
140,214.0,1790000000.0
141,214.1,1762000000.001
142,214.2,1664000000.001
143,214.3,1504042331.672
144,214.4,1303000000.002
145,214.5,1085000000.002
146,214.6,874000000.002
147,214.7,689700000.001
148,214.8,543144671.659
149,214.9,434000000.001
150,215.0,357900000.001
151,215.1,304500000.0
152,215.2,263258210.858
153,215.3,227200000.0
154,215.4,191400000.0
155,215.5,155700000.0
156,215.6,121500000.0
157,215.7,91102796.523
158,215.8,66040000.0
159,215.9,47240000.0
160,216.0,34200000.0
161,216.1,25744270.629
162,216.2,20500000.0
163,216.3,17150000.0
164,216.4,14780000.0
165,216.5,12850000.0
166,216.6,11127701.869
167,216.7,9607000.0
168,216.8,8330000.0
169,216.9,7344000.0
170,217.0,6637587.415
171,217.1,6136000.0
172,217.2,5750000.0
173,217.3,5397000.0
174,217.4,5057000.0
175,217.5,4793576.787
176,217.6,4813000.0
177,217.7,5385000.0
178,217.8,6897000.0
179,217.9,9767000.0
180,218.0,14391411.96
181,218.1,20930000.0
182,218.2,29380000.0
183,218.3,39290000.0
184,218.4,49851670.955
185,218.5,59920000.0
186,218.6,68290000.0
187,218.7,73890000.0
188,218.8,76060000.0
189,218.9,74649896.723
190,219.0,70180000.0
191,219.1,63400000.0
192,219.2,55370000.0
193,219.3,47128358.119
194,219.4,39400000.0
195,219.5,32740000.0
196,219.6,27300000.0
197,219.7,22980000.0
198,219.8,19525270.347
199,219.9,16680000.0
200,220.0,14230000.0
201,220.1,12110000.0
202,220.2,10370238.701
203,220.3,9176000.0
204,220.4,8711000.0
205,220.5,9112000.0
206,220.6,10410000.0
207,220.7,12502562.854
208,220.8,15130000.0
209,220.9,17980000.0
210,221.0,20680000.0
211,221.1,22922358.312
212,221.2,24540000.0
213,221.3,25430000.0
214,221.4,25630000.0
215,221.5,25250000.0
216,221.6,24380722.336
217,221.7,23090000.0
218,221.8,21450000.0
219,221.9,19560000.0
220,222.0,17538122.9
221,222.1,15640000.0
222,222.2,14170000.0
223,222.3,13490000.0
224,222.4,13990000.0
225,222.5,15967453.191
226,222.6,19480000.0
227,222.7,24450000.0
228,222.8,30450000.0
229,222.9,36790000.0
230,223.0,42622992.888
231,223.1,47110000.0
232,223.2,49500000.0
233,223.3,49400000.0
234,223.4,46782085.374
235,223.5,42070000.0
236,223.6,35860000.0
237,223.7,28990000.0
238,223.8,22200000.0
239,223.9,16120316.917
240,224.0,11060000.0
241,224.1,7186000.0
242,224.2,4414000.0
243,224.3,2560227.523
244,224.4,1404000.0
245,224.5,726700.0
246,224.6,355100.0
247,224.7,164100.0
248,224.8,71221.942
249,224.9,33440.0
250,225.0,21060.0
251,225.1,24890.0
252,225.2,42623.976
253,225.3,78450.0
254,225.4,139000.0
255,225.5,234700.0
256,225.6,378300.0
257,225.7,585635.314
258,225.8,889000.0
259,225.9,1340000.0
260,226.0,2055000.0
261,226.1,3244551.002
262,226.2,5370000.0
263,226.3,9043000.0
264,226.4,15250000.0
265,226.5,25210000.0
266,226.6,40289865.884
267,226.7,61410000.0
268,226.8,89070000.0
269,226.9,122399999.999
270,227.0,159091135.122
271,227.1,195199999.999
272,227.2,226300000.0
273,227.3,247800000.0
274,227.4,256500000.0
275,227.5,251041081.408
276,227.6,233200000.0
277,227.7,205900000.0
278,227.8,173600000.001
279,227.9,140700000.001
280,228.0,110866739.758
281,228.1,85810000.0
282,228.2,66430000.0
283,228.3,52280000.0
284,228.4,42475350.387
285,228.5,36140000.0
286,228.6,32480000.0
287,228.7,31010000.0
288,228.8,31410000.0
289,228.9,33419555.402
290,229.0,36650000.0
291,229.1,40640000.0
292,229.2,44760000.0
293,229.3,48266133.875
294,229.4,50480000.0
295,229.5,50820000.0
296,229.6,49040000.0
297,229.7,45190000.0
298,229.8,39669295.565
299,229.9,33130000.0
300,230.0,26270000.0
301,230.1,19760000.0
302,230.2,14108485.579
303,230.3,9529000.0
304,230.4,6113000.0
305,230.5,3734000.0
306,230.6,2197000.0
307,230.7,1279315.478
308,230.8,795300.0
309,230.9,584200.0
310,231.0,541800.0
311,231.1,597923.682
312,231.2,712500.0
313,231.3,855600.0
314,231.4,1011000.0
315,231.5,1166000.0
316,231.6,1313755.892
317,231.7,1454000.0
318,231.8,1592000.0
319,231.9,1751000.0
320,232.0,1974111.231
321,232.1,2349000.0
322,232.2,2989000.0
323,232.3,4076000.0
324,232.4,5855000.0
325,232.5,8639534.644
326,232.6,12810000.0
327,232.7,18770000.0
328,232.8,26930000.0
329,232.9,37580000.0
330,233.0,50836139.176
331,233.1,66360000.0
332,233.2,83610000.0
333,233.3,101600000.0
334,233.4,119018953.127
335,233.5,134800000.0
336,233.6,148000000.0
337,233.7,158000000.0
338,233.8,164800000.0
339,233.9,168465702.654
340,234.0,169200000.0
341,234.1,167200000.0
342,234.2,162500000.0
343,234.3,155336234.957
344,234.4,146500000.0
345,234.5,137000000.0
346,234.6,128200000.0
347,234.7,121600000.0
348,234.8,118430950.563
349,234.9,118700000.0
350,235.0,121900000.0
351,235.1,126600000.0
352,235.2,130886138.682
353,235.3,133200000.0
354,235.4,132300000.0
355,235.5,127900000.0
356,235.6,120500000.0
357,235.7,110843132.244
358,235.8,99800000.0
359,235.9,88200000.0
360,236.0,76570000.0
361,236.1,65229893.918
362,236.2,54380000.0
363,236.3,44210000.0
364,236.4,34950000.0
365,236.5,26830000.0
366,236.6,20115622.367
367,236.7,14970000.0
368,236.8,11530000.0
369,236.9,9942000.0
370,237.0,10372888.089
371,237.1,13150000.0
372,237.2,18680000.0
373,237.3,27500000.0
374,237.4,40090000.0
375,237.5,56712051.426
376,237.6,77050000.0
377,237.7,100399999.999
378,237.8,125099999.999
379,237.9,149200000.0
380,238.0,170235245.805
381,238.1,185900000.0
382,238.2,194300000.0
383,238.3,194800000.0
384,238.4,187200586.013
385,238.5,172800000.0
386,238.6,153400000.0
387,238.7,131200000.001
388,238.8,108300000.001
389,238.9,86498805.427
390,239.0,66950000.0
391,239.1,50480000.0
392,239.2,37200000.0
393,239.3,26899232.667
394,239.4,19170000.0
395,239.5,13560000.0
396,239.6,9624000.0
397,239.7,6984000.0
398,239.8,5325231.33
399,239.9,4408000.0
400,240.0,4020000.0
401,240.1,3993000.0
402,240.2,4183746.973
403,240.3,4479000.0
404,240.4,4781000.0
405,240.5,5028000.0
406,240.6,5181000.0
407,240.7,5228435.794
408,240.8,5180000.0
409,240.9,5052000.0
410,241.0,4870000.0
411,241.1,4656887.312
412,241.2,4433000.0
413,241.3,4217000.0
414,241.4,4022000.0
415,241.5,3859000.0
416,241.6,3735119.923
417,241.7,3645000.0
418,241.8,3578000.0
419,241.9,3513000.0
420,242.0,3422449.13
421,242.1,3287000.0
422,242.2,3094000.0
423,242.3,2849000.0
424,242.4,2570000.0
425,242.5,2288676.215
426,242.6,2041000.0
427,242.7,1862000.0
428,242.8,1783000.0
429,242.9,1838000.0
430,243.0,2059326.31
431,243.1,2489000.0
432,243.2,3175000.0
433,243.3,4178000.0
434,243.4,5565066.46
435,243.5,7416000.0
436,243.6,9821000.0
437,243.7,12890000.0
438,243.8,16720000.0
439,243.9,21434049.455
440,244.0,27050000.0
441,244.1,33530000.0
442,244.2,40710000.0
443,244.3,48283487.672
444,244.4,55850000.0
445,244.5,63000000.0
446,244.6,69390000.0
447,244.7,74840000.0
448,244.8,79323859.51
449,244.9,82970000.0
450,245.0,85940000.0
451,245.1,88380000.0
452,245.2,90353063.275
453,245.3,91820000.0
454,245.4,92730000.0
455,245.5,93080000.0
456,245.6,92940000.0
457,245.7,92521901.214
458,245.8,92070000.0
459,245.9,91810000.0
460,246.0,91860000.0
461,246.1,92133848.685
462,246.2,92320000.0
463,246.3,92020000.0
464,246.4,90720000.0
465,246.5,88050000.0
466,246.6,83884575.259
467,246.7,78650000.0
468,246.8,73050000.0
469,246.9,68410000.0
470,247.0,66406266.317
471,247.1,68850000.0
472,247.2,77500000.0
473,247.3,93649999.999
474,247.4,117799999.999
475,247.5,149643621.164
476,247.6,187099999.999
477,247.7,227399999.999
478,247.8,266699999.999
479,247.9,300699999.999
480,248.0,325307715.874
481,248.1,337800000.0
482,248.2,336300000.0
483,248.3,321100000.001
484,248.4,294027647.059
485,248.5,258400000.001
486,248.6,217900000.001
487,248.7,176300000.001
488,248.8,137000000.001
489,248.9,102420230.509
490,249.0,73740000.001
491,249.1,51630000.001
492,249.2,35790000.0
493,249.3,25601603.013
494,249.4,20360000.0
495,249.5,19400000.0
496,249.6,22290000.0
497,249.7,28710000.0
498,249.8,38440584.927
499,249.9,51080000.0
500,250.0,66100000.0
501,250.1,82630000.0
502,250.2,99490352.589
503,250.3,115400000.0
504,250.4,129100000.0
505,250.5,139600000.0
506,250.6,146500000.0
507,250.7,149797173.135
508,250.8,150300000.0
509,250.9,149000000.0
510,251.0,146900000.0
511,251.1,145158587.677
512,251.2,144500000.0
513,251.3,145500000.0
514,251.4,148900000.0
515,251.5,156400000.0
516,251.6,170396296.228
517,251.7,195399999.999
518,251.8,236899999.998
519,251.9,302199999.998
520,252.0,398724792.941
521,252.1,531999999.995
522,252.2,705799999.994
523,252.3,917599999.993
524,252.4,1157999999.993
525,252.5,1411721263.849
526,252.6,1654999999.993
527,252.7,1861999999.995
528,252.8,2007999999.997
529,252.9,2074999999.999
530,253.0,2052303831.945
531,253.1,1945000000.004
532,253.2,1765000000.006
533,253.3,1536000000.007
534,253.4,1283607828.398
535,253.5,1032000000.007
536,253.6,803400000.006
537,253.7,612200000.005
538,253.8,465400000.004
539,253.9,364946508.005
540,254.0,308400000.001
541,254.1,292100000.0
542,254.2,311399999.999
543,254.3,362308956.339
544,254.4,441199999.997
545,254.5,544399999.996
546,254.6,667699999.996
547,254.7,805699999.996
548,254.8,951293712.38
549,254.9,1094999999.996
550,255.0,1226999999.996
551,255.1,1337999999.997
552,255.2,1419088223.977
553,255.3,1465999999.999
554,255.4,1477000000.0
555,255.5,1456000000.001
556,255.6,1410000000.002
557,255.7,1346538172.926
558,255.8,1273000000.002
559,255.9,1196000000.002
560,256.0,1119000000.002
561,256.1,1043171687.507
562,256.2,967300000.002
563,256.3,889800000.003
564,256.4,809900000.003
565,256.5,727800000.003
566,256.6,644740326.107
567,256.7,563200000.003
568,256.8,485800000.002
569,256.9,414700000.002
570,257.0,351762278.184
571,257.1,297300000.002
572,257.2,251100000.001
573,257.3,212400000.001
574,257.4,180100000.001
575,257.5,153148242.126
576,257.6,131000000.001
577,257.7,113300000.001
578,257.8,99970000.0
579,257.9,91090000.0
580,258.0,86547141.877
581,258.1,85870000.0
582,258.2,88410000.0
583,258.3,93110000.0
584,258.4,98765439.416
585,258.5,104300000.0
586,258.6,108700000.0
587,258.7,111200000.0
588,258.8,111600000.0
589,258.9,109751981.187
590,259.0,105900000.0
591,259.1,100400000.0
592,259.2,93610000.0
593,259.3,85896389.606
594,259.4,77680000.0
595,259.5,69390000.0
596,259.6,61430000.0
597,259.7,54180000.0
598,259.8,47957393.058
599,259.9,42940000.0
600,260.0,39250000.0
601,260.1,36910000.0
602,260.2,35910211.852
603,260.3,36350000.0
604,260.4,38390000.0
605,260.5,42340000.0
606,260.6,48640000.0
607,260.7,57737962.981
608,260.8,69930000.0
609,260.9,85359999.999
610,261.0,103699999.999
611,261.1,124276736.327
612,261.2,145799999.999
613,261.3,166799999.999
614,261.4,185699999.999
615,261.5,201000000.0
616,261.6,211681428.931
617,261.7,217900000.0
618,261.8,220300000.0
619,261.9,220500000.0
620,262.0,220953034.917
621,262.1,224400000.0
622,262.2,233500000.0
623,262.3,250199999.999
624,262.4,275199999.999
625,262.5,307898409.855
626,262.6,345699999.999
627,262.7,385199999.999
628,262.8,421699999.999
629,262.9,450599999.999
630,263.0,468165199.071
631,263.1,473000000.0
632,263.2,465100000.0
633,263.3,447900000.001
634,263.4,426536794.792
635,263.5,407200000.001
636,263.6,396100000.0
637,263.7,398200000.0
638,263.8,416199999.999
639,263.9,450421024.236
640,264.0,497799999.998
641,264.1,554099999.998
642,264.2,613399999.998
643,264.3,669335328.569
644,264.4,716599999.998
645,264.5,750699999.999
646,264.6,769500000.0
647,264.7,772700000.0
648,264.8,761792541.686
649,264.9,739900000.001
650,265.0,710600000.001
651,265.1,677900000.001
652,265.2,645433650.96
653,265.3,615800000.001
654,265.4,591000000.001
655,265.5,571600000.001
656,265.6,557600000.0
657,265.7,548259451.458
658,265.8,542300000.0
659,265.9,538400000.0
660,266.0,535400000.0
661,266.1,532275439.854
662,266.2,529000000.0
663,266.3,526100000.0
664,266.4,525400000.0
665,266.5,529700000.0
666,266.6,542644557.28
667,266.7,568299999.999
668,266.8,610699999.998
669,266.9,673299999.997
670,267.0,758313608.723
671,267.1,866199999.995
672,267.2,996599999.995
673,267.3,1146999999.994
674,267.4,1312999999.993
675,267.5,1490569260.023
676,267.6,1673999999.993
677,267.7,1857999999.993
678,267.8,2039999999.993
679,267.9,2216999999.993
680,268.0,2393968687.854
681,268.1,2574999999.993
682,268.2,2763999999.992
683,268.3,2965999999.992
684,268.4,3179147610.628
685,268.5,3392999999.992
686,268.6,3592999999.993
687,268.7,3755999999.995
688,268.8,3858999999.997
689,268.9,3881291330.53
690,269.0,3814000000.004
691,269.1,3656000000.008
692,269.2,3425000000.01
693,269.3,3146161919.581
694,269.4,2855000000.011
695,269.5,2588000000.01
696,269.6,2374000000.007
697,269.7,2233000000.004
698,269.8,2171396678.896
699,269.9,2180999999.998
700,270.0,2246999999.997
701,270.1,2341999999.996
702,270.2,2441588537.054
703,270.3,2522999999.997
704,270.4,2565999999.999
705,270.5,2562000000.001
706,270.6,2511000000.003
707,270.7,2416385993.682
708,270.8,2290000000.006
709,270.9,2145000000.006
710,271.0,1992000000.006
711,271.1,1841869888.641
712,271.2,1699000000.006
713,271.3,1565000000.005
714,271.4,1438000000.005
715,271.5,1316000000.005
716,271.6,1194724689.319
717,271.7,1073000000.005
718,271.8,951400000.005
719,271.9,833500000.005
720,272.0,723874426.833
721,272.1,627500000.004
722,272.2,548900000.003
723,272.3,490100000.002
724,272.4,450900000.001
725,272.5,428826544.87
726,272.6,419400000.0
727,272.7,417600000.0
728,272.8,418200000.0
729,272.9,417300000.0
730,273.0,412322537.459
731,273.1,402900000.0
732,273.2,389600000.001
733,273.3,374600000.001
734,273.4,360250609.594
735,273.5,348500000.0
736,273.6,340900000.0
737,273.7,337700000.0
738,273.8,338400000.0
739,273.9,341945766.698
740,274.0,347100000.0
741,274.1,352900000.0
742,274.2,359500000.0
743,274.3,367427473.491
744,274.4,378299999.999
745,274.5,393999999.999
746,274.6,416299999.999
747,274.7,446599999.999
748,274.8,485099354.923
749,274.9,530899999.998
750,275.0,582599999.998
751,275.1,637699999.998
752,275.2,693843403.141
753,275.3,749499999.998
754,275.4,803599999.998
755,275.5,856399999.998
756,275.6,909499999.998
757,275.7,964883106.907
758,275.8,1023999999.997
759,275.9,1087999999.997
760,276.0,1156999999.997
761,276.1,1228926617.259
762,276.2,1299999999.997
763,276.3,1365999999.997
764,276.4,1421999999.998
765,276.5,1462999999.999
766,276.6,1487515855.499
767,276.7,1495000000.0
768,276.8,1486000000.001
769,276.9,1465000000.001
770,277.0,1436086360.483
771,277.1,1404000000.001
772,277.2,1373000000.001
773,277.3,1344000000.001
774,277.4,1316000000.001
775,277.5,1287457802.016
776,277.6,1254000000.002
777,277.7,1211000000.002
778,277.8,1156000000.003
779,277.9,1088000000.003
780,278.0,1007190275.678
781,278.1,916300000.004
782,278.2,819000000.004
783,278.3,720300000.004
784,278.4,625435346.498
785,278.5,538900000.004
786,278.6,464900000.003
787,278.7,407000000.002
788,278.8,367700000.001
789,278.9,349193493.871
790,279.0,352799999.999
791,279.1,379399999.998
792,279.2,428899999.997
793,279.3,500006414.859
794,279.4,589499999.996
795,279.5,693299999.995
796,279.6,805599999.995
797,279.7,919599999.995
798,279.8,1027712412.539
799,279.9,1123999999.996
800,280.0,1202999999.997
801,280.1,1259999999.998
802,280.2,1294020129.006
803,280.3,1307000000.0
804,280.4,1301000000.001
805,280.5,1278000000.001
806,280.6,1244000000.002
807,280.7,1200316842.485
808,280.8,1150000000.002
809,280.9,1096000000.003
810,281.0,1038000000.003
811,281.1,977189154.595
812,281.2,915100000.003
813,281.3,853200000.003
814,281.4,793200000.003
815,281.5,737500000.002
816,281.6,687957655.368
817,281.7,645700000.002
818,281.8,611400000.001
819,281.9,584400000.001
820,282.0,563241024.652
821,282.1,545900000.001
822,282.2,530200000.001
823,282.3,514000000.001
824,282.4,495900000.001
825,282.5,475141594.897
826,282.6,452000000.001
827,282.7,427100000.001
828,282.8,401600000.001
829,282.9,377200000.001
830,283.0,355564270.413
831,283.1,338100000.001
832,283.2,326000000.0
833,283.3,319900000.0
834,283.4,320414433.512
835,283.5,327699999.999
836,283.6,341699999.999
837,283.7,362199999.999
838,283.8,389399999.999
839,283.9,423016919.354
840,284.0,462999999.998
841,284.1,509299999.998
842,284.2,561399999.997
843,284.3,618368277.144
844,284.4,678799999.997
845,284.5,740999999.997
846,284.6,802599999.997
847,284.7,861199999.997
848,284.8,913997053.531
849,284.9,957999999.998
850,285.0,990399999.999
851,285.1,1008999999.999
852,285.2,1011477540.868
853,285.3,997100000.001
854,285.4,966000000.002
855,285.5,920100000.003
856,285.6,862500000.003
857,285.7,797826332.624
858,285.8,731700000.003
859,285.9,669800000.003
860,286.0,617300000.002
861,286.1,578454961.36
862,286.2,555100000.001
863,286.3,547900000.0
864,286.4,555099999.999
865,286.5,573699999.999
866,286.6,599799554.827
867,286.7,629999999.998
868,286.8,661499999.998
869,286.9,693399999.998
870,287.0,726792522.24
871,287.1,765199999.998
872,287.2,813099999.997
873,287.3,876399999.996
874,287.4,960599999.995
875,287.5,1070618153.398
876,287.6,1208999999.992
877,287.7,1376999999.991
878,287.8,1573999999.989
879,287.9,1800999999.988
880,288.0,2056687689.678
881,288.1,2343999999.985
882,288.2,2666999999.983
883,288.3,3029999999.98
884,288.4,3439776576.32
885,288.5,3896999999.976
886,288.6,4398999999.974
887,288.7,4934999999.972
888,288.8,5482999999.972
889,288.9,6010641288.109
890,289.0,6478999999.978
891,289.1,6848999999.984
892,289.2,7085999999.992
893,289.3,7163719029.795
894,289.4,7081000000.008
895,289.5,6849000000.015
896,289.6,6505000000.02
897,289.7,6102000000.021
898,289.8,5704784864.674
899,289.9,5377000000.014
900,290.0,5178000000.006
901,290.1,5150999999.996
902,290.2,5317179911.257
903,290.3,5665999999.978
904,290.4,6172999999.971
905,290.5,6784999999.967
906,290.6,7432999999.967
907,290.7,8042202697.115
908,290.8,8545999999.978
909,290.9,8885999999.987
910,291.0,9029999999.998
911,291.1,8972479796.914
912,291.2,8745000000.015
913,291.3,8394000000.02
914,291.4,7991000000.021
915,291.5,7613000000.018
916,291.6,7333632885.698
917,291.7,7201000000.002
918,291.8,7247999999.993
919,291.9,7469999999.984
920,292.0,7834554523.659
921,292.1,8279999999.976
922,292.2,8734999999.977
923,292.3,9118999999.983
924,292.4,9362999999.992
925,292.5,9413933280.187
926,292.6,9254000000.014
927,292.7,8881000000.025
928,292.8,8324000000.033
929,292.9,7633000000.039
930,293.0,6865875636.144
931,293.1,6080000000.041
932,293.2,5330000000.038
933,293.3,4659000000.033
934,293.4,4095326206.799
935,293.5,3652000000.02
936,293.6,3335000000.014
937,293.7,3135000000.008
938,293.8,3037000000.003
939,293.9,3019979690.038
940,294.0,3059999999.997
941,294.1,3131999999.996
942,294.2,3209999999.996
943,294.3,3275818111.214
944,294.4,3314999999.999
945,294.5,3317000000.001
946,294.6,3283000000.003
947,294.7,3212000000.005
948,294.8,3112325312.602
949,294.9,2991000000.007
950,295.0,2854000000.008
951,295.1,2707000000.008
952,295.2,2553173682.431
953,295.3,2394000000.009
954,295.4,2231000000.009
955,295.5,2067000000.009
956,295.6,1905000000.009
957,295.7,1748246291.694
958,295.8,1604000000.007
959,295.9,1480000000.006
960,296.0,1382000000.005
961,296.1,1315821445.526
962,296.2,1285000000.001
963,296.3,1290999999.999
964,296.4,1329999999.997
965,296.5,1396999999.996
966,296.6,1482600161.543
967,296.7,1577999999.995
968,296.8,1674999999.995
969,296.9,1765999999.995
970,297.0,1844595657.925
971,297.1,1906999999.997
972,297.2,1950999999.998
973,297.3,1976999999.999
974,297.4,1983000000.0
975,297.5,1970550800.72
976,297.6,1940000000.002
977,297.7,1891000000.003
978,297.8,1824000000.004
979,297.9,1743000000.005
980,298.0,1651277697.665
981,298.1,1553000000.006
982,298.2,1453000000.006
983,298.3,1357000000.005
984,298.4,1269094813.91
985,298.5,1191000000.004
986,298.6,1124000000.003
987,298.7,1069000000.003
988,298.8,1025000000.002
989,298.9,992892281.808
990,299.0,973000000.001
991,299.1,965900000.0
992,299.2,974199999.999
993,299.3,999975249.921
994,299.4,1044999999.997
995,299.5,1109999999.996
996,299.6,1191999999.995
997,299.7,1287999999.994
998,299.8,1391508780.658
999,299.9,1492999999.994
1000,300.0,1582999999.995
1001,300.1,1653999999.997
1002,300.2,1698867899.542
1003,300.3,1716000000.0
1004,300.4,1706000000.001
1005,300.5,1673000000.002
1006,300.6,1625000000.003
1007,300.7,1572196541.644
1008,300.8,1523000000.003
1009,300.9,1485000000.002
1010,301.0,1464000000.001
1011,301.1,1461244273.002
1012,301.2,1472999999.999
1013,301.3,1493999999.999
1014,301.4,1516999999.999
1015,301.5,1533999999.999
1016,301.6,1536991496.546
1017,301.7,1522000000.001
1018,301.8,1487000000.003
1019,301.9,1434000000.004
1020,302.0,1368585606.072
1021,302.1,1299000000.004
1022,302.2,1234000000.003
1023,302.3,1183000000.002
1024,302.4,1157000000.001
1025,302.5,1162109823.912
1026,302.6,1200999999.997
1027,302.7,1274999999.995
1028,302.8,1380999999.993
1029,302.9,1509999999.992
1030,303.0,1651066271.148
1031,303.1,1791999999.992
1032,303.2,1919999999.993
1033,303.3,2021999999.995
1034,303.4,2089644712.497
1035,303.5,2119999999.999
1036,303.6,2113000000.001
1037,303.7,2075000000.003
1038,303.8,2014000000.004
1039,303.9,1945173219.725
1040,304.0,1880000000.004
1041,304.1,1829000000.002
1042,304.2,1803000000.001
1043,304.3,1805439168.541
1044,304.4,1835999999.997
1045,304.5,1892999999.996
1046,304.6,1969999999.995
1047,304.7,2055999999.995
1048,304.8,2142444074.199
1049,304.9,2218999999.996
1050,305.0,2275999999.997
1051,305.1,2308999999.999
1052,305.2,2314660080.66
1053,305.3,2293000000.002
1054,305.4,2247000000.003
1055,305.5,2186000000.004
1056,305.6,2116000000.004
1057,305.7,2047425791.962
1058,305.8,1987000000.003
1059,305.9,1940000000.002
1060,306.0,1910000000.001
1061,306.1,1894255806.753
1062,306.2,1888000000.0
1063,306.3,1885000000.0
1064,306.4,1875000000.001
1065,306.5,1851000000.002
1066,306.6,1805401978.158
1067,306.7,1735000000.005
1068,306.8,1639000000.007
1069,306.9,1521000000.008
1070,307.0,1386260258.454
1071,307.1,1243000000.009
1072,307.2,1100000000.009
1073,307.3,965300000.008
1074,307.4,846600000.007
1075,307.5,750392438.688
1076,307.6,681800000.003
1077,307.7,645700000.001
1078,307.8,647199999.999
1079,307.9,692199999.996
1080,308.0,788840216.385
1081,308.1,947299999.988
1082,308.2,1178999999.983
1083,308.3,1497999999.977
1084,308.4,1915274261.873
1085,308.5,2436999999.965
1086,308.6,3065999999.958
1087,308.7,3793999999.952
1088,308.8,4601999999.948
1089,308.9,5461638745.734
1090,309.0,6334999999.946
1091,309.1,7180999999.949
1092,309.2,7955999999.955
1093,309.3,8625529155.397
1094,309.4,9166999999.971
1095,309.5,9564999999.98
1096,309.6,9822999999.988
1097,309.7,9951999999.996
1098,309.8,9972646414.281
1099,309.9,9908000000.006
1100,310.0,9780000000.01
1101,310.1,9606000000.012
1102,310.2,9401112571.304
1103,310.3,9177000000.015
1104,310.4,8944000000.015
1105,310.5,8711000000.014
1106,310.6,8488000000.014
1107,310.7,8284110309.559
1108,310.8,8107000000.01
1109,310.9,7963000000.008
1110,311.0,7854000000.006
1111,311.1,7779050939.51
1112,311.2,7734000000.002
1113,311.3,7714000000.001
1114,311.4,7714000000.0
1115,311.5,7727999999.999
1116,311.6,7751575345.063
1117,311.7,7780999999.998
1118,311.8,7811999999.998
1119,311.9,7837999999.999
1120,312.0,7852006312.86
1121,312.1,7846000000.001
1122,312.2,7811000000.003
1123,312.3,7737000000.006
1124,312.4,7619000000.009
1125,312.5,7451395587.904
1126,312.6,7235000000.015
1127,312.7,6973000000.018
1128,312.8,6672000000.02
1129,312.9,6344000000.022
1130,313.0,6000138465.776
1131,313.1,5652000000.022
1132,313.2,5311000000.021
1133,313.3,4986000000.02
1134,313.4,4681704701.437
1135,313.5,4400000000.017
1136,313.6,4141000000.016
1137,313.7,3900000000.015
1138,313.8,3672000000.014
1139,313.9,3452049725.642
1140,314.0,3235000000.014
1141,314.1,3016000000.014
1142,314.2,2792000000.015
1143,314.3,2562487509.544
1144,314.4,2329000000.015
1145,314.5,2094000000.015
1146,314.6,1862000000.015
1147,314.7,1638000000.014
1148,314.8,1427280726.389
1149,314.9,1234000000.012
1150,315.0,1062000000.01
1151,315.1,914300000.009
1152,315.2,790638180.294
1153,315.3,690300000.006
1154,315.4,612400000.004
1155,315.5,554900000.003
1156,315.6,515200000.002
1157,315.7,490654579.072
1158,315.8,478600000.0
1159,315.9,476400000.0
1160,316.0,481499999.999
1161,316.1,491197851.78
1162,316.2,502899999.999
1163,316.3,514099999.999
1164,316.4,522500000.0
1165,316.5,526100000.0
1166,316.6,523713199.433
1167,316.7,515000000.001
1168,316.8,500100000.001
1169,316.9,480500000.001
1170,317.0,458765911.385
1171,317.1,438700000.001
1172,317.2,424600000.001
1173,317.3,421800000.0
1174,317.4,436499999.998
1175,317.5,475034194.329
1176,317.6,543899999.994
1177,317.7,649399999.992
1178,317.8,796599999.989
1179,317.9,988999999.986
1180,318.0,1227862161.506
1181,318.1,1509999999.98
1182,318.2,1829999999.977
1183,318.3,2176999999.976
1184,318.4,2535428974.781
1185,318.5,2886999999.977
1186,318.6,3211999999.979
1187,318.7,3487999999.983
1188,318.8,3695999999.989
1189,318.9,3820567470.056
1190,319.0,3853000000.001
1191,319.1,3789000000.008
1192,319.2,3635000000.013
1193,319.3,3400882574.322
1194,319.4,3105000000.022
1195,319.5,2768000000.024
1196,319.6,2411000000.025
1197,319.7,2055000000.024
1198,319.8,1717248652.364
1199,319.9,1411000000.02
1200,320.0,1147000000.016
1201,320.1,929000000.013
1202,320.2,757503286.231
1203,320.3,629600000.007
1204,320.4,541200000.005
1205,320.5,486700000.003
1206,320.6,460100000.001
1207,320.7,455774682.099
1208,320.8,468799999.999
1209,320.9,494499999.998
1210,321.0,528699999.997
1211,321.1,567865492.507
1212,321.2,608399999.997
1213,321.3,646699999.998
1214,321.4,679399999.998
1215,321.5,703399999.999
1216,321.6,715991950.905
1217,321.7,715700000.0
1218,321.8,701700000.001
1219,321.9,674700000.002
1220,322.0,636644242.857
1221,322.1,590800000.003
1222,322.2,540900000.004
1223,322.3,491300000.003
1224,322.4,446200000.003
1225,322.5,409203104.669
1226,322.6,382800000.001
1227,322.7,368900000.001
1228,322.8,367900000.0
1229,322.9,378899999.999
1230,323.0,400302917.542
1231,323.1,429399999.998
1232,323.2,463099999.998
1233,323.3,497899999.998
1234,323.4,530521193.655
1235,323.5,558199999.998
1236,323.6,578499999.999
1237,323.7,590099999.999
1238,323.8,593000000.0
1239,323.9,588022597.667
1240,324.0,577500000.001
1241,324.1,564300000.001
1242,324.2,552000000.001
1243,324.3,544302920.265
1244,324.4,544300000.0
1245,324.5,554599999.999
1246,324.6,576299999.998
1247,324.7,609099999.997
1248,324.8,651466076.424
1249,324.9,700599999.996
1250,325.0,753299999.996
1251,325.1,805999999.996
1252,325.2,856095724.918
1253,325.3,902799999.997
1254,325.4,946399999.997
1255,325.5,990199999.997
1256,325.6,1039999999.996
1257,325.7,1103626262.349
1258,325.8,1189999999.993
1259,325.9,1308999999.99
1260,326.0,1471999999.987
1261,326.1,1684805895.094
1262,326.2,1951999999.979
1263,326.3,2275999999.975
1264,326.4,2650999999.971
1265,326.5,3069999999.969
1266,326.6,3517875094.013
1267,326.7,3976999999.967
1268,326.8,4428999999.968
1269,326.9,4852999999.971
1270,327.0,5228877942.63
1271,327.1,5538999999.98
1272,327.2,5767999999.987
1273,327.3,5906999999.993
1274,327.4,5949000000.001
1275,327.5,5893255686.73
1276,327.6,5744000000.014
1277,327.7,5508000000.02
1278,327.8,5198000000.025
1279,327.9,4827000000.029
1280,328.0,4411353232.885
1281,328.1,3968000000.033
1282,328.2,3514000000.033
1283,328.3,3066000000.032
1284,328.4,2635838883.165
1285,328.5,2235000000.028
1286,328.6,1873000000.025
1287,328.7,1552000000.022
1288,328.8,1276000000.019
1289,328.9,1043202784.056
1290,329.0,850500000.013
1291,329.1,694500000.01
1292,329.2,570200000.008
1293,329.3,472506825.545
1294,329.4,396700000.005
1295,329.5,338200000.004
1296,329.6,292900000.003
1297,329.7,257600000.002
1298,329.8,229423712.018
1299,329.9,206400000.002
1300,330.0,186900000.001
1301,330.1,169800000.001
1302,330.2,154492626.612
1303,330.3,140900000.001
1304,330.4,129100000.001
1305,330.5,119300000.001
1306,330.6,111700000.0
1307,330.7,106746530.656
1308,330.8,104500000.0
1309,330.9,104900000.0
1310,331.0,107800000.0
1311,331.1,112695076.335
1312,331.2,118999999.999
1313,331.3,126099999.999
1314,331.4,133299999.999
1315,331.5,140000000.0
1316,331.6,145464470.109
1317,331.7,149200000.0
1318,331.8,150900000.0
1319,331.9,150600000.0
1320,332.0,148151629.845
1321,332.1,143700000.0
1322,332.2,137600000.001
1323,332.3,130500000.001
1324,332.4,122700000.001
1325,332.5,114903934.96
1326,332.6,107700000.001
1327,332.7,101600000.0
1328,332.8,97070000.0
1329,332.9,94480000.0
1330,333.0,94001538.793
1331,333.1,95630000.0
1332,333.2,99280000.0
1333,333.3,104700000.0
1334,333.4,111644781.453
1335,333.5,119799999.999
1336,333.6,128899999.999
1337,333.7,138999999.999
1338,333.8,150399999.999
1339,333.9,163645373.605
1340,334.0,179799999.999
1341,334.1,200199999.998
1342,334.2,226699999.998
1343,334.3,261052600.662
1344,334.4,305099999.996
1345,334.5,360499999.995
1346,334.6,427899999.994
1347,334.7,507199999.993
1348,334.8,597432338.229
1349,334.9,695799999.992
1350,335.0,798799999.992
1351,335.1,901799999.992
1352,335.2,999771575.101
1353,335.3,1087999999.994
1354,335.4,1161999999.995
1355,335.5,1217999999.996
1356,335.6,1253999999.998
1357,335.7,1271662745.152
1358,335.8,1272000000.001
1359,335.9,1257000000.002
1360,336.0,1233000000.002
1361,336.1,1203515065.622
1362,336.2,1173000000.002
1363,336.3,1146000000.002
1364,336.4,1125000000.001
1365,336.5,1111000000.001
1366,336.6,1104627754.354
1367,336.7,1104000000.0
1368,336.8,1106000000.0
1369,336.9,1106000000.0
1370,337.0,1101334701.646
1371,337.1,1088000000.002
1372,337.2,1062000000.003
1373,337.3,1022000000.004
1374,337.4,968700000.005
1375,337.5,901774351.87
1376,337.6,823700000.006
1377,337.7,737900000.007
1378,337.8,648100000.007
1379,337.9,557900000.007
1380,338.0,470937476.923
1381,338.1,389900000.006
1382,338.2,317000000.005
1383,338.3,253500000.005
1384,338.4,199898713.142
1385,338.5,155900000.003
1386,338.6,120900000.002
1387,338.7,93810000.002
1388,338.8,73530000.001
1389,338.9,58814857.947
1390,339.0,48530000.001
1391,339.1,41620000.0
1392,339.2,37200000.0
1393,339.3,34552129.448
1394,339.4,33140000.0
1395,339.5,32500000.0
1396,339.6,32320000.0
1397,339.7,32400000.0
1398,339.8,32578225.228
1399,339.9,32740000.0
1400,340.0,32790000.0
1401,340.1,32660000.0
1402,340.2,32275322.056
1403,340.3,31580000.0
1404,340.4,30530000.0
1405,340.5,29110000.0
1406,340.6,27330000.0
1407,340.7,25216354.489
1408,340.8,22840000.0
1409,340.9,20290000.0
1410,341.0,17680000.0
1411,341.1,15113857.959
1412,341.2,12680000.0
1413,341.3,10460000.0
1414,341.4,8514000.0
1415,341.5,6871000.0
1416,341.6,5535622.8
1417,341.7,4488000.0
1418,341.8,3699000.0
1419,341.9,3124000.0
1420,342.0,2716466.97
1421,342.1,2433000.0
1422,342.2,2232000.0
1423,342.3,2079000.0
1424,342.4,1951000.0
1425,342.5,1828517.779
1426,342.6,1703000.0
1427,342.7,1570000.0
1428,342.8,1431000.0
1429,342.9,1292000.0
1430,343.0,1158507.231
1431,343.1,1038000.0
1432,343.2,938500.0
1433,343.3,867400.0
1434,343.4,830777.118
1435,343.5,834500.0
1436,343.6,884600.0
1437,343.7,988500.0
1438,343.8,1157000.0
1439,343.9,1404164.246
1440,344.0,1756000.0
1441,344.1,2244000.0
1442,344.2,2911000.0
1443,344.3,3810828.881
1444,344.4,5009000.0
1445,344.5,6573000.0
1446,344.6,8566000.0
1447,344.7,11040000.0
1448,344.8,14023896.877
1449,344.9,17500000.0
1450,345.0,21420000.0
1451,345.1,25660000.0
1452,345.2,30067281.472
1453,345.3,34410000.0
1454,345.4,38440000.0
1455,345.5,41920000.0
1456,345.6,44600000.0
1457,345.7,46272839.002
1458,345.8,46830000.0
1459,345.9,46210000.0
1460,346.0,44460000.0
1461,346.1,41714476.257
1462,346.2,38170000.0
1463,346.3,34050000.0
1464,346.4,29630000.0
1465,346.5,25170000.0
1466,346.6,20891857.303
1467,346.7,16980000.0
1468,346.8,13590000.0
1469,346.9,10800000.0
1470,347.0,8680270.741
1471,347.1,7254000.0
1472,347.2,6530000.0
1473,347.3,6512000.0
1474,347.4,7198000.0
1475,347.5,8585685.08
1476,347.6,10670000.0
1477,347.7,13440000.0
1478,347.8,16860000.0
1479,347.9,20870000.0
1480,348.0,25392049.045
1481,348.1,30320000.0
1482,348.2,35540000.0
1483,348.3,40930000.0
1484,348.4,46371252.596
1485,348.5,51820000.0
1486,348.6,57260000.0
1487,348.7,62730000.0
1488,348.8,68370000.0
1489,348.9,74348990.565
1490,349.0,80879999.999
1491,349.1,88179999.999
1492,349.2,96429999.999
1493,349.3,105757727.374
1494,349.4,116199999.999
1495,349.5,127699999.999
1496,349.6,139999999.999
1497,349.7,152999999.999
1498,349.8,166246883.806
1499,349.9,179399999.999
1500,350.0,192199999.999
1501,350.1,204499999.999
1502,350.2,216334511.195
1503,350.3,227999999.999
1504,350.4,239899999.999
1505,350.5,252699999.999
1506,350.6,267399999.999
1507,350.7,285031079.29
1508,350.8,306399999.998
1509,350.9,332199999.998
1510,351.0,362799999.997
1511,351.1,397958233.819
1512,351.2,436699999.997
1513,351.3,477799999.996
1514,351.4,519499999.996
1515,351.5,559399999.997
1516,351.6,595408512.537
1517,351.7,625699999.998
1518,351.8,648699999.998
1519,351.9,663699999.999
1520,352.0,670525064.94
1521,352.1,670000000.0
1522,352.2,663400000.001
1523,352.3,652700000.001
1524,352.4,639700000.001
1525,352.5,626348506.985
1526,352.6,614100000.001
1527,352.7,604100000.001
1528,352.8,596800000.001
1529,352.9,592200000.0
1530,353.0,589926697.103
1531,353.1,589300000.0
1532,353.2,589600000.0
1533,353.3,590200000.0
1534,353.4,590627535.455
1535,353.5,590800000.0
1536,353.6,590800000.0
1537,353.7,591000000.0
1538,353.8,591900000.0
1539,353.9,594042491.444
1540,354.0,597800000.0
1541,354.1,603499999.999
1542,354.2,611399999.999
1543,354.3,621542670.817
1544,354.4,634299999.999
1545,354.5,650099999.998
1546,354.6,669299999.998
1547,354.7,692699999.998
1548,354.8,721240697.04
1549,354.9,755499999.997
1550,355.0,795899999.996
1551,355.1,842499999.996
1552,355.2,894513190.495
1553,355.3,949999999.995
1554,355.4,1006999999.995
1555,355.5,1063999999.995
1556,355.6,1117999999.995
1557,355.7,1166818778.778
1558,355.8,1209999999.996
1559,355.9,1247999999.997
1560,356.0,1282999999.997
1561,356.1,1316670734.394
1562,356.2,1352999999.997
1563,356.3,1396999999.996
1564,356.4,1453999999.994
1565,356.5,1525999999.993
1566,356.6,1615079247.575
1567,356.7,1720999999.99
1568,356.8,1841999999.989
1569,356.9,1972999999.988
1570,357.0,2107695419.483
1571,357.1,2237999999.989
1572,357.2,2355999999.99
1573,357.3,2454999999.992
1574,357.4,2525999999.995
1575,357.5,2566886308.651
1576,357.6,2576000000.001
1577,357.7,2553000000.003
1578,357.8,2503000000.006
1579,357.9,2429000000.007
1580,358.0,2340190404.031
1581,358.1,2244000000.009
1582,358.2,2147000000.009
1583,358.3,2056000000.008
1584,358.4,1976224834.092
1585,358.5,1910000000.005
1586,358.6,1858000000.004
1587,358.7,1817000000.003
1588,358.8,1783000000.003
1589,358.9,1751555054.574
1590,359.0,1717000000.003
1591,359.1,1674000000.004
1592,359.2,1619000000.006
1593,359.3,1547708919.332
1594,359.4,1461000000.008
1595,359.5,1361000000.01
1596,359.6,1250000000.01
1597,359.7,1134000000.011
1598,359.8,1019522060.386
1599,359.9,913500000.009
1600,360.0,822900000.007
1601,360.1,754200000.005
1602,360.2,713060880.58
1603,360.3,702999999.999
1604,360.4,726499999.996
1605,360.5,783699999.993
1606,360.6,872699999.991
1607,360.7,989414792.059
1608,360.8,1126999999.987
1609,360.9,1277999999.986
1610,361.0,1433999999.986
1611,361.1,1583625945.143
1612,361.2,1717999999.989
1613,361.3,1828999999.991
1614,361.4,1908999999.994
1615,361.5,1953999999.998
1616,361.6,1962274324.475
1617,361.7,1937000000.004
1618,361.8,1883000000.006
1619,361.9,1807000000.008
1620,362.0,1717180824.532
1621,362.1,1623000000.009
1622,362.2,1534000000.008
1623,362.3,1458000000.006
1624,362.4,1399000000.005
1625,362.5,1360140080.527
1626,362.6,1341000000.001
1627,362.7,1339999999.999
1628,362.8,1353999999.998
1629,362.9,1376999999.998
1630,363.0,1403771608.925
1631,363.1,1429999999.998
1632,363.2,1451999999.998
1633,363.3,1467999999.999
1634,363.4,1477039495.143
1635,363.5,1480000000.0
1636,363.6,1478000000.0
1637,363.7,1472000000.001
1638,363.8,1465000000.001
1639,363.9,1457476623.062
1640,364.0,1449000000.001
1641,364.1,1439000000.001
1642,364.2,1426000000.001
1643,364.3,1407014882.117
1644,364.4,1380000000.003
1645,364.5,1343000000.004
1646,364.6,1294000000.005
1647,364.7,1234000000.006
1648,364.8,1163179108.802
1649,364.9,1083000000.008
1650,365.0,995700000.008
1651,365.1,904600000.009
1652,365.2,812632822.881
1653,365.3,722500000.008
1654,365.4,636800000.008
1655,365.5,557600000.007
1656,365.6,486200000.006
1657,365.7,423639427.068
1658,365.8,370100000.005
1659,365.9,325500000.004
1660,366.0,289500000.003
1661,366.1,261315855.496
1662,366.2,240000000.002
1663,366.3,224600000.001
1664,366.4,214100000.001
1665,366.5,207200000.001
1666,366.6,203005471.606
1667,366.7,200500000.0
1668,366.8,198700000.0
1669,366.9,197000000.0
1670,367.0,194845660.917
1671,367.1,191800000.0
1672,367.2,187600000.0
1673,367.3,182400000.001
1674,367.4,176100000.001
1675,367.5,169056756.454
1676,367.6,161500000.001
1677,367.7,153700000.001
1678,367.8,146200000.001
1679,367.9,139100000.001
1680,368.0,132892111.229
1681,368.1,127700000.0
1682,368.2,123600000.0
1683,368.3,120900000.0
1684,368.4,119550365.748
1685,368.5,119600000.0
1686,368.6,121100000.0
1687,368.7,123900000.0
1688,368.8,127900000.0
1689,368.9,133147280.493
1690,369.0,139499999.999
1691,369.1,146799999.999
1692,369.2,154999999.999
1693,369.3,163870761.067
1694,369.4,173199999.999
1695,369.5,182799999.999
1696,369.6,192499999.999
1697,369.7,202099999.999
1698,369.8,211333357.973
1699,369.9,219999999.999
1700,370.0,227999999.999
1701,370.1,235499999.999
1702,370.2,242598451.672
1703,370.3,249499999.999
1704,370.4,256499999.999
1705,370.5,264099999.999
1706,370.6,272799999.999
1707,370.7,282941320.353
1708,370.8,294799999.999
1709,370.9,308599999.999
1710,371.0,324299999.998
1711,371.1,341496646.611
1712,371.2,359799999.998
1713,371.3,378799999.998
1714,371.4,397899999.998
1715,371.5,416499999.998
1716,371.6,434290988.152
1717,371.7,451099999.998
1718,371.8,466899999.998
1719,371.9,482099999.999
1720,372.0,496952872.365
1721,372.1,511799999.999
1722,372.2,526999999.998
1723,372.3,542699999.998
1724,372.4,558599999.998
1725,372.5,574278138.001
1726,372.6,588999999.999
1727,372.7,601899999.999
1728,372.8,611899999.999
1729,372.9,617900000.0
1730,373.0,619214005.107
1731,373.1,615400000.001
1732,373.2,606200000.001
1733,373.3,592000000.002
1734,373.4,573616049.364
1735,373.5,552200000.002
1736,373.6,529100000.002
1737,373.7,506000000.002
1738,373.8,484200000.002
1739,373.9,465259928.274
1740,374.0,450100000.001
1741,374.1,439300000.001
1742,374.2,432900000.0
1743,374.3,430710470.422
1744,374.4,431800000.0
1745,374.5,435000000.0
1746,374.6,438900000.0
1747,374.7,441900000.0
1748,374.8,442743891.661
1749,374.9,440300000.0
1750,375.0,433600000.001
1751,375.1,422300000.001
1752,375.2,406336245.146
1753,375.3,386200000.002
1754,375.4,362600000.002
1755,375.5,336600000.003
1756,375.6,309500000.003
1757,375.7,282549298.997
1758,375.8,256900000.002
1759,375.9,233700000.002
1760,376.0,214000000.002
1761,376.1,198235480.934
1762,376.2,186700000.001
1763,376.3,179600000.0
1764,376.4,176700000.0
1765,376.5,177400000.0
1766,376.6,181074577.513
1767,376.7,186799999.999
1768,376.8,193599999.999
1769,376.9,200599999.999
1770,377.0,206902852.808
1771,377.1,211700000.0
1772,377.2,214300000.0
1773,377.3,214400000.0
1774,377.4,211900000.0
1775,377.5,206797924.975
1776,377.6,199400000.001
1777,377.7,190100000.001
1778,377.8,179400000.001
1779,377.9,168000000.001
1780,378.0,156347904.075
1781,378.1,144900000.001
1782,378.2,134100000.001
1783,378.3,124200000.001
1784,378.4,115232560.849
1785,378.5,107200000.001
1786,378.6,100100000.001
1787,378.7,93840000.001
1788,378.8,88150000.001
1789,378.9,82900528.866
1790,379.0,77970000.0
1791,379.1,73240000.0
1792,379.2,68660000.0
1793,379.3,64245745.082
1794,379.4,60050000.0
1795,379.5,56140000.0
1796,379.6,52620000.0
1797,379.7,49620000.0
1798,379.8,47267623.282
1799,379.9,45680000.0
1800,380.0,44970000.0
1801,380.1,45240000.0
1802,380.2,46571308.277
1803,380.3,49010000.0
1804,380.4,52580000.0
1805,380.5,57249999.999
1806,380.6,62959999.999
1807,380.7,69570040.292
1808,380.8,76889999.999
1809,380.9,84689999.999
1810,381.0,92639999.999
1811,381.1,100448330.343
1812,381.2,107699999.999
1813,381.3,113999999.999
1814,381.4,119100000.0
1815,381.5,122600000.0
1816,381.6,124467204.044
1817,381.7,124600000.0
1818,381.8,122900000.0
1819,381.9,119500000.0
1820,382.0,114663513.757
1821,382.1,108600000.001
1822,382.2,101600000.001
1823,382.3,94210000.001
1824,382.4,86590000.001
1825,382.5,79110096.731
1826,382.6,72050000.001
1827,382.7,65630000.001
1828,382.8,60020000.001
1829,382.9,55350000.0
1830,383.0,51694928.335
1831,383.1,49090000.0
1832,383.2,47550000.0
1833,383.3,47040000.0
1834,383.4,47511856.272
1835,383.5,48870000.0
1836,383.6,51010000.0
1837,383.7,53820000.0
1838,383.8,57120000.0
1839,383.9,60768077.783
1840,384.0,64590000.0
1841,384.1,68410000.0
1842,384.2,72090000.0
1843,384.3,75491247.51
1844,384.4,78530000.0
1845,384.5,81140000.0
1846,384.6,83280000.0
1847,384.7,84970000.0
1848,384.8,86225278.037
1849,384.9,87100000.0
1850,385.0,87650000.0
1851,385.1,87900000.0
1852,385.2,87893776.13
1853,385.3,87650000.0
1854,385.4,87170000.0
1855,385.5,86430000.0
1856,385.6,85430000.0
1857,385.7,84160466.77
1858,385.8,82630000.0
1859,385.9,80870000.0
1860,386.0,78970000.0
1861,386.1,77019487.112
1862,386.2,75170000.0
1863,386.3,73600000.0
1864,386.4,72520000.0
1865,386.5,72130000.0
1866,386.6,72619103.814
1867,386.7,74150000.0
1868,386.8,76850000.0
1869,386.9,80740000.0
1870,387.0,85804507.101
1871,387.1,91869999.999
1872,387.2,98729999.999
1873,387.3,106099999.999
1874,387.4,113399999.999
1875,387.5,120422473.925
1876,387.6,126699999.999
1877,387.7,131700000.0
1878,387.8,135100000.0
1879,387.9,136800000.0
1880,388.0,136574847.727
1881,388.1,134500000.0
1882,388.2,130800000.0
1883,388.3,125900000.001
1884,388.4,120232079.197
1885,388.5,114400000.001
1886,388.6,109000000.001
1887,388.7,104500000.0
1888,388.8,101600000.0
1889,388.9,100667219.172
1890,389.0,101900000.0
1891,389.1,105499999.999
1892,389.2,111599999.999
1893,389.3,119824872.779
1894,389.4,129899999.999
1895,389.5,141499999.999
1896,389.6,153899999.999
1897,389.7,166499999.999
1898,389.8,178835384.201
1899,389.9,190299999.999
1900,390.0,200299999.999
1901,390.1,208499999.999
1902,390.2,214752417.157
1903,390.3,218900000.0
1904,390.4,220900000.0
1905,390.5,221100000.0
1906,390.6,219600000.0
1907,390.7,216704883.959
1908,390.8,212800000.0
1909,390.9,208200000.001
1910,391.0,203000000.001
1911,391.1,197432546.074
1912,391.2,191600000.001
1913,391.3,185500000.001
1914,391.4,179000000.001
1915,391.5,172200000.001
1916,391.6,164968782.062
1917,391.7,157200000.001
1918,391.8,148900000.001
1919,391.9,140300000.001
1920,392.0,131334223.208
1921,392.1,122100000.001
1922,392.2,112800000.001
1923,392.3,103700000.001
1924,392.4,94850000.001
1925,392.5,86478899.887
1926,392.6,78690000.001
1927,392.7,71540000.001
1928,392.8,65090000.001
1929,392.9,59350000.001
1930,393.0,54300102.191
1931,393.1,49910000.0
1932,393.2,46150000.0
1933,393.3,43000000.0
1934,393.4,40450894.904
1935,393.5,38520000.0
1936,393.6,37240000.0
1937,393.7,36680000.0
1938,393.8,36920000.0
1939,393.9,38036924.577
1940,394.0,40110000.0
1941,394.1,43200000.0
1942,394.2,47299999.999
1943,394.3,52391123.025
1944,394.4,58339999.999
1945,394.5,64969999.999
1946,394.6,72039999.999
1947,394.7,79229999.999
1948,394.8,86182552.157
1949,394.9,92519999.999
1950,395.0,97869999.999
1951,395.1,101900000.0
1952,395.2,104341145.145
1953,395.3,105100000.0
1954,395.4,104100000.0
1955,395.5,101300000.0
1956,395.6,97080000.001
1957,395.7,91585218.758
1958,395.8,85180000.001
1959,395.9,78300000.001
1960,396.0,71340000.001
1961,396.1,64694489.882
1962,396.2,58690000.001
1963,396.3,53610000.001
1964,396.4,49630000.0
1965,396.5,46840000.0
1966,396.6,45235764.24
1967,396.7,44720000.0
1968,396.8,45150000.0
1969,396.9,46290000.0
1970,397.0,47911753.854
1971,397.1,49750000.0
1972,397.2,51540000.0
1973,397.3,53070000.0
1974,397.4,54160000.0
1975,397.5,54687530.399
1976,397.6,54610000.0
1977,397.7,53920000.0
1978,397.8,52690000.0
1979,397.9,51050000.0
1980,398.0,49151077.474
1981,398.1,47170000.0
1982,398.2,45290000.0
1983,398.3,43690000.0
1984,398.4,42520003.536
1985,398.5,41900000.0
1986,398.6,41930000.0
1987,398.7,42660000.0
1988,398.8,44140000.0
1989,398.9,46389987.636
1990,399.0,49420000.0
1991,399.1,53240000.0
1992,399.2,57859999.999
1993,399.3,63286208.542
1994,399.4,69519999.999
1995,399.5,76549999.999
1996,399.6,84319999.999
1997,399.7,92759999.999
1998,399.8,101735376.339
1999,399.9,110999999.999
2000,400.0,120299999.999
2001,400.1,129399999.999
2002,400.2,137894164.139
2003,400.3,145399999.999
2004,400.4,151599999.999
2005,400.5,156300000.0
2006,400.6,159200000.0
2007,400.7,160320813.002
2008,400.8,159800000.0
2009,400.9,157800000.0
2010,401.0,154600000.0
2011,401.1,150648838.13
2012,401.2,146400000.0
2013,401.3,142300000.0
2014,401.4,138800000.0
2015,401.5,136300000.0
2016,401.6,134994010.085
2017,401.7,134900000.0
2018,401.8,136000000.0
2019,401.9,138200000.0
2020,402.0,141153292.726
2021,402.1,144500000.0
2022,402.2,147900000.0
2023,402.3,151000000.0
2024,402.4,153400000.0
2025,402.5,155014345.172
2026,402.6,155600000.0
2027,402.7,155000000.0
2028,402.8,153500000.0
2029,402.9,151000000.0
2030,403.0,147677436.946
2031,403.1,143700000.0
2032,403.2,139200000.001
2033,403.3,134300000.001
2034,403.4,129116496.352
2035,403.5,123700000.001
2036,403.6,118100000.001
2037,403.7,112400000.001
2038,403.8,106600000.001
2039,403.9,100773608.678
2040,404.0,95020000.001
2041,404.1,89440000.001
2042,404.2,84150000.001
2043,404.3,79290709.546
2044,404.4,74970000.0
2045,404.5,71280000.0
2046,404.6,68280000.0
2047,404.7,65980000.0
2048,404.8,64360330.985
2049,404.9,63330000.0
2050,405.0,62780000.0
2051,405.1,62590000.0
2052,405.2,62604077.526
2053,405.3,62680000.0
2054,405.4,62690000.0
2055,405.5,62540000.0
2056,405.6,62150000.0
2057,405.7,61471536.138
2058,405.8,60490000.0
2059,405.9,59200000.0
2060,406.0,57610000.0
2061,406.1,55747856.406
2062,406.2,53640000.0
2063,406.3,51310000.0
2064,406.4,48780000.0
2065,406.5,46080000.0
2066,406.6,43224651.911
2067,406.7,40250000.0
2068,406.8,37200000.0
2069,406.9,34120000.0
2070,407.0,31053838.971
2071,407.1,28070000.0
2072,407.2,25240000.0
2073,407.3,22630000.0
2074,407.4,20330000.0
2075,407.5,18399278.467
2076,407.6,16890000.0
2077,407.7,15860000.0
2078,407.8,15370000.0
2079,407.9,15430000.0
2080,408.0,16068699.024
2081,408.1,17290000.0
2082,408.2,19090000.0
2083,408.3,21460000.0
2084,408.4,24358505.153
2085,408.5,27750000.0
2086,408.6,31590000.0
2087,408.7,35799999.999
2088,408.8,40339999.999
2089,408.9,45125219.986
2090,409.0,50089999.999
2091,409.1,55179999.999
2092,409.2,60349999.999
2093,409.3,65564907.365
2094,409.4,70809999.999
2095,409.5,76079999.999
2096,409.6,81389999.999
2097,409.7,86769999.999
2098,409.8,92257932.56
2099,409.9,97889999.999
2100,410.0,103699999.999
2101,410.1,109699999.999
2102,410.2,115844956.374
2103,410.3,122099999.999
2104,410.4,128399999.999
2105,410.5,134599999.999
2106,410.6,140699999.999
2107,410.7,146447348.945
2108,410.8,151599999.999
2109,410.9,156000000.0
2110,411.0,159600000.0
2111,411.1,162013965.479
2112,411.2,163200000.0
2113,411.3,163200000.0
2114,411.4,161900000.0
2115,411.5,159200000.0
2116,411.6,155401998.728
2117,411.7,150700000.001
2118,411.8,145200000.001
2119,411.9,139000000.001
2120,412.0,132540138.749
2121,412.1,126000000.001
2122,412.2,119500000.001
2123,412.3,113300000.001
2124,412.4,107600000.001
2125,412.5,102298879.894
2126,412.6,97440000.001
2127,412.7,93080000.001
2128,412.8,89110000.0
2129,412.9,85430000.0
2130,413.0,81926108.125
2131,413.1,78480000.0
2132,413.2,74980000.0
2133,413.3,71340000.0
2134,413.4,67497492.702
2135,413.5,63430000.001
2136,413.6,59130000.001
2137,413.7,54620000.001
2138,413.8,49960000.001
2139,413.9,45217823.454
2140,414.0,40470000.001
2141,414.1,35800000.001
2142,414.2,31300000.001
2143,414.3,27031493.397
2144,414.4,23060000.0
2145,414.5,19440000.0
2146,414.6,16180000.0
2147,414.7,13310000.0
2148,414.8,10824960.72
2149,414.9,8706000.0
2150,415.0,6932000.0
2151,415.1,5474000.0
2152,415.2,4296773.083
2153,415.3,3364000.0
2154,415.4,2640000.0
2155,415.5,2092000.0
2156,415.6,1690000.0
2157,415.7,1407636.158
2158,415.8,1224000.0
2159,415.9,1121000.0
2160,416.0,1087000.0
2161,416.1,1113746.529
2162,416.2,1198000.0
2163,416.3,1339000.0
2164,416.4,1542000.0
2165,416.5,1817000.0
2166,416.6,2175035.691
2167,416.7,2633000.0
2168,416.8,3209000.0
2169,416.9,3921000.0
2170,417.0,4789865.411
2171,417.1,5831000.0
2172,417.2,7056000.0
2173,417.3,8469000.0
2174,417.4,10070000.0
2175,417.5,11834456.901
2176,417.6,13730000.0
2177,417.7,15720000.0
2178,417.8,17750000.0
2179,417.9,19750000.0
2180,418.0,21639303.653
2181,418.1,23340000.0
2182,418.2,24780000.0
2183,418.3,25900000.0
2184,418.4,26633930.161
2185,418.5,26950000.0
2186,418.6,26830000.0
2187,418.7,26280000.0
2188,418.8,25340000.0
2189,418.9,24038746.571
2190,419.0,22440000.0
2191,419.1,20620000.0
2192,419.2,18660000.0
2193,419.3,16633979.268
2194,419.4,14610000.0
2195,419.5,12650000.0
2196,419.6,10800000.0
2197,419.7,9110000.0
2198,419.8,7597124.13
2199,419.9,6272000.0
2200,420.0,5142000.0
2201,420.1,4199000.0
2202,420.2,3431816.433
2203,420.3,2824000.0
2204,420.4,2358000.0
2205,420.5,2017000.0
2206,420.6,1783000.0
2207,420.7,1643235.346
2208,420.8,1588000.0
2209,420.9,1609000.0
2210,421.0,1703000.0
2211,421.1,1872656.083
2212,421.2,2124000.0
2213,421.3,2466000.0
2214,421.4,2917000.0
2215,421.5,3498000.0
2216,421.6,4234703.279
2217,421.7,5163000.0
2218,421.8,6324000.0
2219,421.9,7769000.0
2220,422.0,9556621.499
2221,422.1,11780000.0
2222,422.2,14540000.0
2223,422.3,17950000.0
2224,422.4,22189999.999
2225,422.5,27469132.608
2226,422.6,34059999.999
2227,422.7,42279999.999
2228,422.8,52549999.999
2229,422.9,65309999.998
2230,423.0,81115463.374
2231,423.1,100499999.997
2232,423.2,123999999.997
2233,423.3,152199999.996
2234,423.4,185563182.618
2235,423.5,224299999.995
2236,423.6,268499999.994
2237,423.7,317899999.993
2238,423.8,371799999.993
2239,423.9,429348589.855
2240,424.0,488999999.992
2241,424.1,548999999.992
2242,424.2,607399999.993
2243,424.3,661897527.873
2244,424.4,710199999.994
2245,424.5,750099999.996
2246,424.6,779699999.997
2247,424.7,797499999.999
2248,424.8,802537245.85
2249,424.9,794700000.002
2250,425.0,774200000.003
2251,425.1,741900000.005
2252,425.2,699431842.71
2253,425.3,648900000.007
2254,425.4,592500000.007
2255,425.5,532500000.008
2256,425.6,471300000.008
2257,425.7,411079258.576
2258,425.8,353600000.007
2259,425.9,300400000.007
2260,426.0,252500000.006
2261,426.1,210643512.294
2262,426.2,174900000.004
2263,426.3,145200000.003
2264,426.4,121400000.003
2265,426.5,102700000.002
2266,426.6,88481196.845
2267,426.7,78060000.001
2268,426.8,70710000.001
2269,426.9,65720000.001
2270,427.0,62464640.433
2271,427.1,60420000.0
2272,427.2,59120000.0
2273,427.3,58250000.0
2274,427.4,57560000.0
2275,427.5,56859260.739
2276,427.6,56070000.0
2277,427.7,55150000.0
2278,427.8,54100000.0
2279,427.9,52960000.0
2280,428.0,51790309.567
2281,428.1,50660000.0
2282,428.2,49640000.0
2283,428.3,48800000.0
2284,428.4,48197072.845
2285,428.5,47880000.0
2286,428.6,47890000.0
2287,428.7,48240000.0
2288,428.8,48930000.0
2289,428.9,49976273.129
2290,429.0,51370000.0
2291,429.1,53110000.0
2292,429.2,55240000.0
2293,429.3,57771570.278
2294,429.4,60790000.0
2295,429.5,64409999.999
2296,429.6,68779999.999
2297,429.7,74089999.999
2298,429.8,80567478.988
2299,429.9,88479999.999
2300,430.0,98099999.999
2301,430.1,109699999.998
2302,430.2,123563092.822
2303,430.3,139799999.998
2304,430.4,158499999.997
2305,430.5,179799999.997
2306,430.6,203599999.997
2307,430.7,229563101.096
2308,430.8,257299999.996
2309,430.9,286399999.996
2310,431.0,316299999.996
2311,431.1,346157337.628
2312,431.2,375199999.996
2313,431.3,402699999.997
2314,431.4,427899999.997
2315,431.5,449899999.997
2316,431.6,468105665.118
2317,431.7,481999999.998
2318,431.8,491099999.999
2319,431.9,495100000.0
2320,432.0,493877608.382
2321,432.1,487500000.001
2322,432.2,476100000.002
2323,432.3,460000000.002
2324,432.4,439800000.003
2325,432.5,415866391.396
2326,432.6,388900000.004
2327,432.7,359700000.004
2328,432.8,329000000.004
2329,432.9,297500000.004
2330,433.0,265996128.078
2331,433.1,235100000.004
2332,433.2,205400000.004
2333,433.3,177500000.004
2334,433.4,151621924.759
2335,433.5,128100000.003
2336,433.6,107200000.003
2337,433.7,88790000.002
2338,433.8,72950000.002
2339,433.9,59525885.32
2340,434.0,48330000.001
2341,434.1,39170000.001
2342,434.2,31790000.001
2343,434.3,25953403.446
2344,434.4,21420000.001
2345,434.5,17960000.0
2346,434.6,15390000.0
2347,434.7,13520000.0
2348,434.8,12217343.687
2349,434.9,11370000.0
2350,435.0,10880000.0
2351,435.1,10700000.0
2352,435.2,10800253.964
2353,435.3,11190000.0
2354,435.4,11900000.0
2355,435.5,13000000.0
2356,435.6,14560000.0
2357,435.7,16706315.005
2358,435.8,19580000.0
2359,435.9,23329999.999
2360,436.0,28129999.999
2361,436.1,34131082.141
2362,436.2,41479999.999
2363,436.3,50319999.999
2364,436.4,60749999.998
2365,436.5,72779999.998
2366,436.6,86426024.787
2367,436.7,101499999.998
2368,436.8,117799999.998
2369,436.9,135199999.998
2370,437.0,153254998.002
2371,437.1,171499999.998
2372,437.2,189499999.998
2373,437.3,206799999.998
2374,437.4,222799999.998
2375,437.5,237198258.697
2376,437.6,249599999.998
2377,437.7,259599999.999
2378,437.8,266999999.999
2379,437.9,271800000.0
2380,438.0,273918010.377
2381,438.1,273500000.0
2382,438.2,270800000.001
2383,438.3,266200000.001
2384,438.4,260050359.751
2385,438.5,252800000.001
2386,438.6,244900000.001
2387,438.7,236700000.001
2388,438.8,228600000.001
2389,438.9,221064962.738
2390,439.0,214400000.001
2391,439.1,208800000.001
2392,439.2,204300000.001
2393,439.3,201154554.48
2394,439.4,199300000.0
2395,439.5,198600000.0
2396,439.6,199000000.0
2397,439.7,200300000.0
2398,439.8,202254753.106
2399,439.9,204700000.0
2400,440.0,207400000.0
2401,440.1,209900000.0
2402,440.2,212177251.881
2403,440.3,214000000.0
2404,440.4,215100000.0
2405,440.5,215400000.0
2406,440.6,214800000.0
2407,440.7,213263043.824
2408,440.8,210700000.0
2409,440.9,207100000.001
2410,441.0,202700000.001
2411,441.1,197346331.703
2412,441.2,191100000.001
2413,441.3,184100000.001
2414,441.4,176400000.001
2415,441.5,168000000.001
2416,441.6,159199873.034
2417,441.7,150000000.001
2418,441.8,140400000.001
2419,441.9,130700000.001
2420,442.0,120927135.383
2421,442.1,111200000.001
2422,442.2,101700000.001
2423,442.3,92610000.001
2424,442.4,83960000.001
2425,442.5,75879521.375
2426,442.6,68460000.001
2427,442.7,61760000.001
2428,442.8,55800000.001
2429,442.9,50620000.001
2430,443.0,46204242.095
2431,443.1,42520000.0
2432,443.2,39530000.0
2433,443.3,37180000.0
2434,443.4,35412972.647
2435,443.5,34160000.0
2436,443.6,33350000.0
2437,443.7,32920000.0
2438,443.8,32820000.0
2439,443.9,32996946.263
2440,444.0,33410000.0
2441,444.1,34020000.0
2442,444.2,34790000.0
2443,444.3,35718597.697
2444,444.4,36800000.0
2445,444.5,38020000.0
2446,444.6,39360000.0
2447,444.7,40840000.0
2448,444.8,42443065.168
2449,444.9,44170000.0
2450,445.0,46020000.0
2451,445.1,47960000.0
2452,445.2,49968887.248
2453,445.3,52010000.0
2454,445.4,54040000.0
2455,445.5,56010000.0
2456,445.6,57860000.0
2457,445.7,59514745.196
2458,445.8,60920000.0
2459,445.9,62020000.0
2460,446.0,62740000.0
2461,446.1,63047274.764
2462,446.2,62910000.0
2463,446.3,62300000.0
2464,446.4,61220000.0
2465,446.5,59690000.0
2466,446.6,57723615.415
2467,446.7,55370000.0
2468,446.8,52690000.0
2469,446.9,49750000.0
2470,447.0,46617871.829
2471,447.1,43370000.0
2472,447.2,40080000.0
2473,447.3,36810000.0
2474,447.4,33640000.0
2475,447.5,30614701.747
2476,447.6,27780000.0
2477,447.7,25180000.0
2478,447.8,22840000.0
2479,447.9,20780000.0
2480,448.0,19000056.22
2481,448.1,17500000.0
2482,448.2,16270000.0
2483,448.3,15270000.0
2484,448.4,14491706.899
2485,448.5,13890000.0
2486,448.6,13420000.0
2487,448.7,13070000.0
2488,448.8,12780000.0
2489,448.9,12520883.694
2490,449.0,12270000.0
2491,449.1,12000000.0
2492,449.2,11680000.0
2493,449.3,11308594.799
2494,449.4,10880000.0
2495,449.5,10390000.0
2496,449.6,9850000.0
2497,449.7,9264000.0
2498,449.8,8646181.957
2499,449.9,8011000.0
2500,450.0,7373000.0
2501,450.1,6749000.0
2502,450.2,6151032.018
2503,450.3,5592000.0
2504,450.4,5084000.0
2505,450.5,4634000.0
2506,450.6,4249000.0
2507,450.7,3933257.693
2508,450.8,3690000.0
2509,450.9,3522000.0
2510,451.0,3430000.0
2511,451.1,3412735.793
2512,451.2,3469000.0
2513,451.3,3598000.0
2514,451.4,3799000.0
2515,451.5,4068000.0
2516,451.6,4402747.891
2517,451.7,4799000.0
2518,451.8,5252000.0
2519,451.9,5757000.0
2520,452.0,6306177.753
2521,452.1,6891000.0
2522,452.2,7503000.0
2523,452.3,8133000.0
2524,452.4,8770000.0
2525,452.5,9406657.733
2526,452.6,10030000.0
2527,452.7,10630000.0
2528,452.8,11210000.0
2529,452.9,11760000.0
2530,453.0,12281721.385
2531,453.1,12780000.0
2532,453.2,13260000.0
2533,453.3,13730000.0
2534,453.4,14201648.25
2535,453.5,14690000.0
2536,453.6,15210000.0
2537,453.7,15770000.0
2538,453.8,16370000.0
2539,453.9,17022348.351
2540,454.0,17720000.0
2541,454.1,18450000.0
2542,454.2,19200000.0
2543,454.3,19954106.42
2544,454.4,20690000.0
2545,454.5,21380000.0
2546,454.6,21990000.0
2547,454.7,22510000.0
2548,454.8,22910677.541
2549,454.9,23180000.0
2550,455.0,23310000.0
2551,455.1,23290000.0
2552,455.2,23132953.949
2553,455.3,22850000.0
2554,455.4,22450000.0
2555,455.5,21950000.0
2556,455.6,21390000.0
2557,455.7,20783099.558
2558,455.8,20160000.0
2559,455.9,19550000.0
2560,456.0,18960000.0
2561,456.1,18425601.561
2562,456.2,17960000.0
2563,456.3,17570000.0
2564,456.4,17270000.0
2565,456.5,17070000.0
2566,456.6,16966192.576
2567,456.7,16960000.0
2568,456.8,17050000.0
2569,456.9,17220000.0
2570,457.0,17466273.152
2571,457.1,17770000.0
2572,457.2,18110000.0
2573,457.3,18470000.0
2574,457.4,18820000.0
2575,457.5,19155244.209
2576,457.6,19460000.0
2577,457.7,19710000.0
2578,457.8,19880000.0
2579,457.9,19980000.0
2580,458.0,19987848.129
2581,458.1,19900000.0
2582,458.2,19720000.0
2583,458.3,19450000.0
2584,458.4,19098400.984
2585,458.5,18670000.0
2586,458.6,18170000.0
2587,458.7,17610000.0
2588,458.8,17000000.0
2589,458.9,16349113.979
2590,459.0,15660000.0
2591,459.1,14940000.0
2592,459.2,14210000.0
2593,459.3,13458459.01
2594,459.4,12700000.0
2595,459.5,11950000.0
2596,459.6,11200000.0
2597,459.7,10470000.0
2598,459.8,9761618.784
2599,459.9,9083000.0
2600,460.0,8444000.0
2601,460.1,7848000.0
2602,460.2,7301019.453
2603,460.3,6804000.0
2604,460.4,6357000.0
2605,460.5,5961000.0
2606,460.6,5610000.0
2607,460.7,5299232.643
2608,460.8,5022000.0
2609,460.9,4771000.0
2610,461.0,4539000.0
2611,461.1,4317661.524
2612,461.2,4101000.0
2613,461.3,3884000.0
2614,461.4,3663000.0
2615,461.5,3436000.0
2616,461.6,3202263.805
2617,461.7,2963000.0
2618,461.8,2720000.0
2619,461.9,2476000.0
2620,462.0,2235249.724
2621,462.1,2001000.0
2622,462.2,1776000.0
2623,462.3,1563000.0
2624,462.4,1366000.0
2625,462.5,1186228.433
2626,462.6,1025000.0
2627,462.7,883600.0
2628,462.8,762300.0
2629,462.9,661300.0
2630,463.0,580280.985
2631,463.1,518700.0
2632,463.2,475900.0
2633,463.3,450900.0
2634,463.4,442753.363
2635,463.5,450200.0
2636,463.6,471900.0
2637,463.7,506500.0
2638,463.8,552500.0
2639,463.9,608692.528
2640,464.0,673900.0
2641,464.1,747200.0
2642,464.2,828700.0
2643,464.3,919076.001
2644,464.4,1021000.0
2645,464.5,1138000.0
2646,464.6,1276000.0
2647,464.7,1445000.0
2648,464.8,1655846.639
2649,464.9,1924000.0
2650,465.0,2267000.0
2651,465.1,2706000.0
2652,465.2,3264611.49
2653,465.3,3969000.0
2654,465.4,4845000.0
2655,465.5,5916000.0
2656,465.6,7207000.0
2657,465.7,8733398.114
2658,465.8,10500000.0
2659,465.9,12510000.0
2660,466.0,14760000.0
2661,466.1,17213723.806
2662,466.2,19830000.0
2663,466.3,22560000.0
2664,466.4,25330000.0
2665,466.5,28080000.0
2666,466.6,30705933.709
2667,466.7,33120000.0
2668,466.8,35240000.0
2669,466.9,36980000.0
2670,467.0,38276132.391
2671,467.1,39080000.0
2672,467.2,39350000.0
2673,467.3,39070000.0
2674,467.4,38260000.0
2675,467.5,36949118.332
2676,467.6,35190000.0
2677,467.7,33050000.0
2678,467.8,30620000.0
2679,467.9,27970000.0
2680,468.0,25201736.508
2681,468.1,22400000.0
2682,468.2,19640000.0
2683,468.3,16990000.0
2684,468.4,14515610.983
2685,468.5,12250000.0
2686,468.6,10220000.0
2687,468.7,8453000.0
2688,468.8,6947000.0
2689,468.9,5699600.421
2690,469.0,4700000.0
2691,469.1,3934000.0
2692,469.2,3384000.0
2693,469.3,3028465.61
2694,469.4,2847000.0
2695,469.5,2820000.0
2696,469.6,2929000.0
2697,469.7,3156000.0
2698,469.8,3483179.95
2699,469.9,3894000.0
2700,470.0,4372000.0
2701,470.1,4900000.0
2702,470.2,5461587.507
2703,470.3,6040000.0
2704,470.4,6618000.0
2705,470.5,7178000.0
2706,470.6,7705000.0
2707,470.7,8182860.898
2708,470.8,8598000.0
2709,470.9,8939000.0
2710,471.0,9199000.0
2711,471.1,9370805.534
2712,471.2,9453000.0
2713,471.3,9447000.0
2714,471.4,9359000.0
2715,471.5,9197000.0
2716,471.6,8971527.445
2717,471.7,8697000.0
2718,471.8,8389000.0
2719,471.9,8064000.0
2720,472.0,7737986.366
2721,472.1,7428000.0
2722,472.2,7150000.0
2723,472.3,6916000.0
2724,472.4,6741000.0
2725,472.5,6632253.596
2726,472.6,6596000.0
2727,472.7,6638000.0
2728,472.8,6760000.0
2729,472.9,6960000.0
2730,473.0,7233792.131
2731,473.1,7575000.0
2732,473.2,7976000.0
2733,473.3,8426000.0
2734,473.4,8912942.936
2735,473.5,9424000.0
2736,473.6,9945000.0
2737,473.7,10460000.0
2738,473.8,10960000.0
2739,473.9,11427243.661
2740,474.0,11850000.0
2741,474.1,12220000.0
2742,474.2,12530000.0
2743,474.3,12764506.691
2744,474.4,12920000.0
2745,474.5,13000000.0
2746,474.6,13010000.0
2747,474.7,12930000.0
2748,474.8,12781402.446
2749,474.9,12570000.0
2750,475.0,12300000.0
2751,475.1,11990000.0
2752,475.2,11632568.292
2753,475.3,11240000.0
2754,475.4,10830000.0
2755,475.5,10410000.0
2756,475.6,9982000.0
2757,475.7,9564477.989
2758,475.8,9164000.0
2759,475.9,8784000.0
2760,476.0,8432000.0
2761,476.1,8112596.502
2762,476.2,7830000.0
2763,476.3,7588000.0
2764,476.4,7388000.0
2765,476.5,7231000.0
2766,476.6,7117781.973
2767,476.7,7046000.0
2768,476.8,7013000.0
2769,476.9,7017000.0
2770,477.0,7052545.095
2771,477.1,7115000.0
2772,477.2,7200000.0
2773,477.3,7302000.0
2774,477.4,7415000.0
2775,477.5,7535606.977
2776,477.6,7659000.0
2777,477.7,7781000.0
2778,477.8,7901000.0
2779,477.9,8016000.0
2780,478.0,8127240.5
2781,478.1,8235000.0
2782,478.2,8340000.0
2783,478.3,8446000.0
2784,478.4,8553725.02
2785,478.5,8666000.0
2786,478.6,8786000.0
2787,478.7,8915000.0
2788,478.8,9054000.0
2789,478.9,9203782.197
2790,479.0,9363000.0
2791,479.1,9530000.0
2792,479.2,9703000.0
2793,479.3,9877033.643
2794,479.4,10050000.0
2795,479.5,10220000.0
2796,479.6,10380000.0
2797,479.7,10520000.0
2798,479.8,10645970.144
2799,479.9,10750000.0
2800,480.0,10820000.0
2801,480.1,10850000.0
2802,480.2,10844709.713
2803,480.3,10800000.0
2804,480.4,10710000.0
2805,480.5,10570000.0
2806,480.6,10370000.0
2807,480.7,10126126.914
2808,480.8,9836000.0
2809,480.9,9494000.0
2810,481.0,9108000.0
2811,481.1,8684817.76
2812,481.2,8232000.0
2813,481.3,7758000.0
2814,481.4,7273000.0
2815,481.5,6788000.0
2816,481.6,6313499.531
2817,481.7,5860000.0
2818,481.8,5437000.0
2819,481.9,5051000.0
2820,482.0,4710455.045
2821,482.1,4418000.0
2822,482.2,4175000.0
2823,482.3,3983000.0
2824,482.4,3838000.0
2825,482.5,3737197.092
2826,482.6,3675000.0
2827,482.7,3645000.0
2828,482.8,3641000.0
2829,482.9,3656000.0
2830,483.0,3683590.33
2831,483.1,3718000.0
2832,483.2,3754000.0
2833,483.3,3788000.0
2834,483.4,3817020.162
2835,483.5,3840000.0
2836,483.6,3856000.0
2837,483.7,3864000.0
2838,483.8,3867000.0
2839,483.9,3864706.397
2840,484.0,3858000.0
2841,484.1,3849000.0
2842,484.2,3841000.0
2843,484.3,3833578.838
2844,484.4,3828000.0
2845,484.5,3826000.0
2846,484.6,3828000.0
2847,484.7,3834000.0
2848,484.8,3846381.947
2849,484.9,3865000.0
2850,485.0,3890000.0
2851,485.1,3925000.0
2852,485.2,3970827.489
2853,485.3,4029000.0
2854,485.4,4102000.0
2855,485.5,4194000.0
2856,485.6,4308000.0
2857,485.7,4446274.113
2858,485.8,4612000.0
2859,485.9,4809000.0
2860,486.0,5042000.0
2861,486.1,5313640.029
2862,486.2,5626000.0
2863,486.3,5982000.0
2864,486.4,6386000.0
2865,486.5,6837000.0
2866,486.6,7336551.102
2867,486.7,7885000.0
2868,486.8,8481000.0
2869,486.9,9119000.0
2870,487.0,9793262.952
2871,487.1,10500000.0
2872,487.2,11230000.0
2873,487.3,11960000.0
2874,487.4,12690000.0
2875,487.5,13397054.785
2876,487.6,14060000.0
2877,487.7,14660000.0
2878,487.8,15180000.0
2879,487.9,15610000.0
2880,488.0,15927723.097
2881,488.1,16120000.0
2882,488.2,16180000.0
2883,488.3,16110000.0
2884,488.4,15906730.687
2885,488.5,15570000.0
2886,488.6,15110000.0
2887,488.7,14560000.0
2888,488.8,13920000.0
2889,488.9,13213731.989
2890,489.0,12470000.0
2891,489.1,11710000.0
2892,489.2,10940000.0
2893,489.3,10195510.87
2894,489.4,9488000.0
2895,489.5,8822000.0
2896,489.6,8208000.0
2897,489.7,7651000.0
2898,489.8,7149000.141
2899,489.9,6699000.0
2900,490.0,6297000.0
2901,490.1,5935000.0
2902,490.2,5605573.063
2903,490.3,5302000.0
2904,490.4,5017000.0
2905,490.5,4743000.0
2906,490.6,4479000.0
2907,490.7,4220181.294
2908,490.8,3965000.0
2909,490.9,3714000.0
2910,491.0,3470000.0
2911,491.1,3233636.422
2912,491.2,3008000.0
2913,491.3,2796000.0
2914,491.4,2598000.0
2915,491.5,2418000.0
2916,491.6,2255464.041
2917,491.7,2111000.0
2918,491.8,1985000.0
2919,491.9,1875000.0
2920,492.0,1780419.621
2921,492.1,1699000.0
2922,492.2,1628000.0
2923,492.3,1565000.0
2924,492.4,1507000.0
2925,492.5,1452404.857
2926,492.6,1400000.0
2927,492.7,1348000.0
2928,492.8,1294000.0
2929,492.9,1240000.0
2930,493.0,1184356.953
2931,493.1,1127000.0
2932,493.2,1069000.0
2933,493.3,1012000.0
2934,493.4,955079.774
2935,493.5,899300.0
2936,493.6,846100.0
2937,493.7,795600.0
2938,493.8,747900.0
2939,493.9,703325.643
2940,494.0,661700.0
2941,494.1,622700.0
2942,494.2,586000.0
2943,494.3,551253.318
2944,494.4,518000.0
2945,494.5,485800.0
2946,494.6,454400.0
2947,494.7,423600.0
2948,494.8,393380.087
2949,494.9,363900.0
2950,495.0,335400.0
2951,495.1,308300.0
2952,495.2,283080.522
2953,495.3,260300.0
2954,495.4,240600.0
2955,495.5,224800.0
2956,495.6,213500.0
2957,495.7,207298.921
2958,495.8,206800.0
2959,495.9,212600.0
2960,496.0,225200.0
2961,496.1,244802.207
2962,496.2,271700.0
2963,496.3,306100.0
2964,496.4,347800.0
2965,496.5,396800.0
2966,496.6,452698.334
2967,496.7,514900.0
2968,496.8,582800.0
2969,496.9,655700.0
2970,497.0,732450.752
2971,497.1,811900.0
2972,497.2,892900.0
2973,497.3,974300.0
2974,497.4,1055000.0
2975,497.5,1132994.657
2976,497.6,1207000.0
2977,497.7,1276000.0
2978,497.8,1339000.0
2979,497.9,1395000.0
2980,498.0,1443192.561
2981,498.1,1483000.0
2982,498.2,1514000.0
2983,498.3,1536000.0
2984,498.4,1548579.683
2985,498.5,1553000.0
2986,498.6,1550000.0
2987,498.7,1538000.0
2988,498.8,1520000.0
2989,498.9,1497011.034
2990,499.0,1471000.0
2991,499.1,1444000.0
2992,499.2,1417000.0
2993,499.3,1393181.55
2994,499.4,1376000.0
2995,499.5,1369000.0
2996,499.6,1376000.0
2997,499.7,1400000.0
2998,499.8,1446919.471
2999,499.9,1522000.0
3000,500.0,1630000.0
3001,500.1,1776000.0
3002,500.2,1967294.444
3003,500.3,2211000.0
3004,500.4,2514000.0
3005,500.5,2884000.0
3006,500.6,3332000.0
3007,500.7,3868550.761
3008,500.8,4506000.0
3009,500.9,5258000.0
3010,501.0,6141000.0
3011,501.1,7171721.807
3012,501.2,8367000.0
3013,501.3,9744000.0
3014,501.4,11320000.0
3015,501.5,13110000.0
3016,501.6,15128246.898
3017,501.7,17370000.0
3018,501.8,19830000.0
3019,501.9,22510000.0
3020,502.0,25373361.362
3021,502.1,28379999.999
3022,502.2,31489999.999
3023,502.3,34649999.999
3024,502.4,37779999.999
3025,502.5,40796511.604
3026,502.6,43620000.0
3027,502.7,46170000.0
3028,502.8,48360000.0
3029,502.9,50110000.0
3030,503.0,51358901.092
3031,503.1,52060000.0
3032,503.2,52180000.0
3033,503.3,51720000.0
3034,503.4,50672274.927
3035,503.5,49080000.0
3036,503.6,47000000.0
3037,503.7,44490000.0
3038,503.8,41630000.001
3039,503.9,38507107.428
3040,504.0,35210000.001
3041,504.1,31830000.001
3042,504.2,28460000.001
3043,504.3,25166957.166
3044,504.4,22020000.001
3045,504.5,19080000.0
3046,504.6,16370000.0
3047,504.7,13920000.0
3048,504.8,11750681.615
3049,504.9,9863000.0
3050,505.0,8251000.0
3051,505.1,6899000.0
3052,505.2,5789675.919
3053,505.3,4899000.0
3054,505.4,4202000.0
3055,505.5,3676000.0
3056,505.6,3295000.0
3057,505.7,3036651.749
3058,505.8,2882000.0
3059,505.9,2813000.0
3060,506.0,2814000.0
3061,506.1,2874044.595
3062,506.2,2984000.0
3063,506.3,3136000.0
3064,506.4,3326000.0
3065,506.5,3550000.0
3066,506.6,3806847.643
3067,506.7,4096000.0
3068,506.8,4417000.0
3069,506.9,4770000.0
3070,507.0,5154958.257
3071,507.1,5570000.0
3072,507.2,6013000.0
3073,507.3,6481000.0
3074,507.4,6966000.0
3075,507.5,7462890.292
3076,507.6,7962000.0
3077,507.7,8452000.0
3078,507.8,8921000.0
3079,507.9,9357000.0
3080,508.0,9747914.905
3081,508.1,10080000.0
3082,508.2,10340000.0
3083,508.3,10520000.0
3084,508.4,10618313.842
3085,508.5,10630000.0
3086,508.6,10550000.0
3087,508.7,10380000.0
3088,508.8,10130000.0
3089,508.9,9805608.038
3090,509.0,9417000.0
3091,509.1,8976000.0
3092,509.2,8495000.0
3093,509.3,7988259.952
3094,509.4,7468000.0
3095,509.5,6946000.0
3096,509.6,6434000.0
3097,509.7,5940000.0
3098,509.8,5470258.584
3099,509.9,5030000.0
3100,510.0,4623000.0
3101,510.1,4249000.0
3102,510.2,3909005.941
3103,510.3,3601000.0
3104,510.4,3323000.0
3105,510.5,3075000.0
3106,510.6,2852000.0
3107,510.7,2654635.185
3108,510.8,2481000.0
3109,510.9,2329000.0
3110,511.0,2200000.0
3111,511.1,2094284.024
3112,511.2,2012000.0
3113,511.3,1954000.0
3114,511.4,1923000.0
3115,511.5,1920000.0
3116,511.6,1945077.695
3117,511.7,1999000.0
3118,511.8,2082000.0
3119,511.9,2192000.0
3120,512.0,2328203.962
3121,512.1,2488000.0
3122,512.2,2668000.0
3123,512.3,2864000.0
3124,512.4,3071000.0
3125,512.5,3284241.067
3126,512.6,3499000.0
3127,512.7,3710000.0
3128,512.8,3911000.0
3129,512.9,4099000.0
3130,513.0,4269111.986
3131,513.1,4418000.0
3132,513.2,4543000.0
3133,513.3,4642000.0
3134,513.4,4714351.776
3135,513.5,4760000.0
3136,513.6,4779000.0
3137,513.7,4772000.0
3138,513.8,4741000.0
3139,513.9,4687475.15
3140,514.0,4614000.0
3141,514.1,4523000.0
3142,514.2,4416000.0
3143,514.3,4297479.482
3144,514.4,4169000.0
3145,514.5,4032000.0
3146,514.6,3890000.0
3147,514.7,3743000.0
3148,514.8,3594461.027
3149,514.9,3446000.0
3150,515.0,3298000.0
3151,515.1,3150000.0
3152,515.2,3003959.659
3153,515.3,2861000.0
3154,515.4,2721000.0
3155,515.5,2582000.0
3156,515.6,2446000.0
3157,515.7,2312375.907
3158,515.8,2181000.0
3159,515.9,2052000.0
3160,516.0,1925000.0
3161,516.1,1800046.058
3162,516.2,1678000.0
3163,516.3,1560000.0
3164,516.4,1447000.0
3165,516.5,1339000.0
3166,516.6,1239534.481
3167,516.7,1150000.0
3168,516.8,1072000.0
3169,516.9,1010000.0
3170,517.0,965106.251
3171,517.1,940900.0
3172,517.2,941600.0
3173,517.3,970400.0
3174,517.4,1031000.0
3175,517.5,1126655.756
3176,517.6,1260000.0
3177,517.7,1434000.0
3178,517.8,1652000.0
3179,517.9,1913000.0
3180,518.0,2217727.454
3181,518.1,2565000.0
3182,518.2,2952000.0
3183,518.3,3373000.0
3184,518.4,3823332.743
3185,518.5,4295000.0
3186,518.6,4778000.0
3187,518.7,5260000.0
3188,518.8,5732000.0
3189,518.9,6179243.363
3190,519.0,6589000.0
3191,519.1,6950000.0
3192,519.2,7252000.0
3193,519.3,7483674.503
3194,519.4,7638000.0
3195,519.5,7710000.0
3196,519.6,7698000.0
3197,519.7,7602000.0
3198,519.8,7424776.607
3199,519.9,7173000.0
3200,520.0,6855000.0
3201,520.1,6482000.0
3202,520.2,6065191.21
3203,520.3,5617000.0
3204,520.4,5151000.0
3205,520.5,4682000.0
3206,520.6,4220000.0
3207,520.7,3778756.202
3208,520.8,3369000.0
3209,520.9,3000000.0
3210,521.0,2680000.0
3211,521.1,2416943.912
3212,521.2,2217000.0
3213,521.3,2086000.0
3214,521.4,2030000.0
3215,521.5,2054000.0
3216,521.6,2163126.704
3217,521.7,2363000.0
3218,521.8,2659000.0
3219,521.9,3056000.0
3220,522.0,3561252.184
3221,522.1,4180000.0
3222,522.2,4916000.0
3223,522.3,5771000.0
3224,522.4,6748000.0
3225,522.5,7842921.075
3226,522.6,9053000.0
3227,522.7,10370000.0
3228,522.8,11770000.0
3229,522.9,13250000.0
3230,523.0,14774910.667
3231,523.1,16320000.0
3232,523.2,17860000.0
3233,523.3,19350000.0
3234,523.4,20757092.408
3235,523.5,22050000.0
3236,523.6,23190000.0
3237,523.7,24130000.0
3238,523.8,24870000.0
3239,523.9,25362523.91
3240,524.0,25590000.0
3241,524.1,25550000.0
3242,524.2,25250000.0
3243,524.3,24696584.041
3244,524.4,23900000.0
3245,524.5,22880000.0
3246,524.6,21680000.0
3247,524.7,20320000.0
3248,524.8,18836822.752
3249,524.9,17280000.0
3250,525.0,15690000.0
3251,525.1,14080000.0
3252,525.2,12504068.123
3253,525.3,10990000.0
3254,525.4,9555000.0
3255,525.5,8216000.0
3256,525.6,6989000.0
3257,525.7,5881349.283
3258,525.8,4895000.0
3259,525.9,4030000.0
3260,526.0,3282000.0
3261,526.1,2644268.36
3262,526.2,2107000.0
3263,526.3,1660000.0
3264,526.4,1294000.0
3265,526.5,998200.0
3266,526.6,761420.522
3267,526.7,574400.0
3268,526.8,428600.0
3269,526.9,316400.0
3270,527.0,230950.537
3271,527.1,166800.0
3272,527.2,119100.0
3273,527.3,84130.0
3274,527.4,58780.0
3275,527.5,40585.256
3276,527.6,27760.0
3277,527.7,18770.0
3278,527.8,12550.0
3279,527.9,8299.0
3280,528.0,5419.048
3281,528.1,3511.0
3282,528.2,2247.0
3283,528.3,1422.0
3284,528.4,888.107
3285,528.5,551.5
3286,528.6,338.4
3287,528.7,206.0
3288,528.8,125.3
3289,528.9,76.928
3290,529.0,50.05
3291,529.1,36.61
3292,529.2,32.89
3293,529.3,37.001
3294,529.4,49.08
3295,529.5,70.15
3296,529.6,103.0
3297,529.7,151.8
3298,529.8,222.478
3299,529.9,324.0
3300,530.0,467.1
3301,530.1,666.9
3302,530.2,942.16
3303,530.3,1320.0
3304,530.4,1831.0
3305,530.5,2514.0
3306,530.6,3420.0
3307,530.7,4607.551
3308,530.8,6152.0
3309,530.9,8138.0
3310,531.0,10670.0
3311,531.1,13861.007
3312,531.2,17850.0
3313,531.3,22790.0
3314,531.4,28860.0
3315,531.5,36240.0
3316,531.6,45139.454
3317,531.7,55790.0
3318,531.8,68430.0
3319,531.9,83310.0
3320,532.0,100695.856
3321,532.1,120900.0
3322,532.2,144200.0
3323,532.3,170800.0
3324,532.4,201200.0
3325,532.5,235617.283
3326,532.6,274300.0
3327,532.7,317600.0
3328,532.8,366000.0
3329,532.9,419600.0
3330,533.0,478809.591
3331,533.1,543900.0
3332,533.2,615100.0
3333,533.3,692700.0
3334,533.4,776849.73
3335,533.5,867600.0
3336,533.6,965000.0
3337,533.7,1069000.0
3338,533.8,1179000.0
3339,533.9,1294469.413
3340,534.0,1415000.0
3341,534.1,1540000.0
3342,534.2,1668000.0
3343,534.3,1797153.573
3344,534.4,1926000.0
3345,534.5,2053000.0
3346,534.6,2176000.0
3347,534.7,2293000.0
3348,534.8,2401292.379
3349,534.9,2499000.0
3350,535.0,2584000.0
3351,535.1,2653000.0
3352,535.2,2705585.33
3353,535.3,2741000.0
3354,535.4,2758000.0
3355,535.5,2755000.0
3356,535.6,2732000.0
3357,535.7,2690791.392
3358,535.8,2633000.0
3359,535.9,2560000.0
3360,536.0,2473000.0
3361,536.1,2374443.696
3362,536.2,2268000.0
3363,536.3,2157000.0
3364,536.4,2043000.0
3365,536.5,1929000.0
3366,536.6,1817987.981
3367,536.7,1712000.0
3368,536.8,1613000.0
3369,536.9,1523000.0
3370,537.0,1442324.407
3371,537.1,1372000.0
3372,537.2,1313000.0
3373,537.3,1265000.0
3374,537.4,1228000.0
3375,537.5,1202205.846
3376,537.6,1187000.0
3377,537.7,1182000.0
3378,537.8,1188000.0
3379,537.9,1204000.0
3380,538.0,1229741.199
3381,538.1,1265000.0
3382,538.2,1310000.0
3383,538.3,1366000.0
3384,538.4,1431103.921
3385,538.5,1505000.0
3386,538.6,1588000.0
3387,538.7,1680000.0
3388,538.8,1780000.0
3389,538.9,1887062.354
3390,539.0,2000000.0
3391,539.1,2118000.0
3392,539.2,2241000.0
3393,539.3,2365902.055
3394,539.4,2492000.0
3395,539.5,2619000.0
3396,539.6,2745000.0
3397,539.7,2869000.0
3398,539.8,2991594.174
3399,539.9,3112000.0
3400,540.0,3229000.0
3401,540.1,3342000.0
3402,540.2,3452082.961
3403,540.3,3559000.0
3404,540.4,3662000.0
3405,540.5,3760000.0
3406,540.6,3852000.0
3407,540.7,3939141.509
3408,540.8,4019000.0
3409,540.9,4089000.0
3410,541.0,4149000.0
3411,541.1,4195307.461
3412,541.2,4227000.0
3413,541.3,4243000.0
3414,541.4,4239000.0
3415,541.5,4215000.0
3416,541.6,4169982.955
3417,541.7,4103000.0
3418,541.8,4014000.0
3419,541.9,3905000.0
3420,542.0,3776301.315
3421,542.1,3630000.0
3422,542.2,3469000.0
3423,542.3,3297000.0
3424,542.4,3118000.0
3425,542.5,2935007.114
3426,542.6,2752000.0
3427,542.7,2573000.0
3428,542.8,2401000.0
3429,542.9,2239000.0
3430,543.0,2089238.899
3431,543.1,1954000.0
3432,543.2,1835000.0
3433,543.3,1732000.0
3434,543.4,1645931.093
3435,543.5,1576000.0
3436,543.6,1521000.0
3437,543.7,1480000.0
3438,543.8,1451000.0
3439,543.9,1432552.634
3440,544.0,1422000.0
3441,544.1,1417000.0
3442,544.2,1417000.0
3443,544.3,1418542.752
3444,544.4,1419000.0
3445,544.5,1417000.0
3446,544.6,1413000.0
3447,544.7,1404000.0
3448,544.8,1389859.968
3449,544.9,1370000.0
3450,545.0,1344000.0
3451,545.1,1313000.0
3452,545.2,1276590.332
3453,545.3,1236000.0
3454,545.4,1193000.0
3455,545.5,1149000.0
3456,545.6,1105000.0
3457,545.7,1063458.999
3458,545.8,1026000.0
3459,545.9,994300.0
3460,546.0,971200.0
3461,546.1,958506.307
3462,546.2,958200.0
3463,546.3,972200.0
3464,546.4,1002000.0
3465,546.5,1050000.0
3466,546.6,1117180.284
3467,546.7,1204000.0
3468,546.8,1311000.0
3469,546.9,1439000.0
3470,547.0,1588107.261
3471,547.1,1757000.0
3472,547.2,1944000.0
3473,547.3,2147000.0
3474,547.4,2363000.0
3475,547.5,2589683.101
3476,547.6,2823000.0
3477,547.7,3058000.0
3478,547.8,3289000.0
3479,547.9,3512000.0
3480,548.0,3720534.173
3481,548.1,3910000.0
3482,548.2,4076000.0
3483,548.3,4213000.0
3484,548.4,4318274.986
3485,548.5,4389000.0
3486,548.6,4423000.0
3487,548.7,4421000.0
3488,548.8,4383000.0
3489,548.9,4312790.987
3490,549.0,4215000.0
3491,549.1,4095000.0
3492,549.2,3961000.0
3493,549.3,3821169.908
3494,549.4,3687000.0
3495,549.5,3571000.0
3496,549.6,3487000.0
3497,549.7,3452000.0
3498,549.8,3481577.783
3499,549.9,3596000.0
3500,550.0,3817000.0
3501,550.1,4167000.0
3502,550.2,4670625.243
3503,550.3,5354000.0
3504,550.4,6244000.0
3505,550.5,7369000.0
3506,550.6,8755000.0
3507,550.7,10425485.816
3508,550.8,12410000.0
3509,550.9,14730000.0
3510,551.0,17379999.999
3511,551.1,20384338.929
3512,551.2,23739999.999
3513,551.3,27429999.999
3514,551.4,31419999.999
3515,551.5,35669999.999
3516,551.6,40141906.418
3517,551.7,44759999.999
3518,551.8,49439999.999
3519,551.9,54099999.999
3520,552.0,58641723.496
3521,552.1,62959999.999
3522,552.2,66949999.999
3523,552.3,70509999.999
3524,552.4,73539999.999
3525,552.5,75958234.762
3526,552.6,77700000.0
3527,552.7,78710000.0
3528,552.8,78960000.0
3529,552.9,78440000.0
3530,553.0,77158602.492
3531,553.1,75160000.0
3532,553.2,72500000.001
3533,553.3,69250000.001
3534,553.4,65497568.834
3535,553.5,61340000.001
3536,553.6,56880000.001
3537,553.7,52230000.001
3538,553.8,47490000.001
3539,553.9,42763636.405
3540,554.0,38130000.001
3541,554.1,33660000.001
3542,554.2,29420000.001
3543,554.3,25467074.052
3544,554.4,21830000.001
3545,554.5,18530000.001
3546,554.6,15580000.001
3547,554.7,12970000.0
3548,554.8,10689740.676
3549,554.9,8724000.0
3550,555.0,7053000.0
3551,555.1,5647000.0
3552,555.2,4478369.892
3553,555.3,3518000.0
3554,555.4,2737000.0
3555,555.5,2110000.0
3556,555.6,1612000.0
3557,555.7,1220395.947
3558,555.8,916400.0
3559,555.9,682800.0
3560,556.0,505500.0
3561,556.1,372463.25
3562,556.2,274300.0
3563,556.3,202800.0
3564,556.4,152000.0
3565,556.5,116800.0
3566,556.6,93489.771
3567,556.7,79360.0
3568,556.8,72070.0
3569,556.9,70070.0
3570,557.0,72147.197
3571,557.1,77460.0
3572,557.2,85300.0
3573,557.3,95170.0
3574,557.4,106700.0
3575,557.5,119401.5
3576,557.6,133100.0
3577,557.7,147600.0
3578,557.8,162400.0
3579,557.9,177400.0
3580,558.0,192313.785
3581,558.1,207000.0
3582,558.2,221300.0
3583,558.3,234900.0
3584,558.4,247965.039
3585,558.5,260500.0
3586,558.6,272500.0
3587,558.7,284200.0
3588,558.8,295800.0
3589,558.9,307699.625
3590,559.0,320400.0
3591,559.1,334400.0
3592,559.2,350200.0
3593,559.3,368496.113
3594,559.4,390000.0
3595,559.5,415400.0
3596,559.6,445400.0
3597,559.7,480900.0
3598,559.8,522642.912
3599,559.9,571500.0
3600,560.0,628400.0
3601,560.1,694300.0
3602,560.2,770212.324
3603,560.3,857400.0
3604,560.4,957000.0
3605,560.5,1070000.0
3606,560.6,1199000.0
3607,560.7,1344910.373
3608,560.8,1509000.0
3609,560.9,1693000.0
3610,561.0,1899000.0
3611,561.1,2127848.604
3612,561.2,2382000.0
3613,561.3,2663000.0
3614,561.4,2969000.0
3615,561.5,3304000.0
3616,561.6,3666652.246
3617,561.7,4056000.0
3618,561.8,4472000.0
3619,561.9,4915000.0
3620,562.0,5382954.969
3621,562.1,5875000.0
3622,562.2,6390000.0
3623,562.3,6925000.0
3624,562.4,7480000.0
3625,562.5,8052315.355
3626,562.6,8642000.0
3627,562.7,9249000.0
3628,562.8,9871000.0
3629,562.9,10510000.0
3630,563.0,11161069.426
3631,563.1,11830000.0
3632,563.2,12520000.0
3633,563.3,13220000.0
3634,563.4,13945025.132
3635,563.5,14690000.0
3636,563.6,15450000.0
3637,563.7,16240000.0
3638,563.8,17050000.0
3639,563.9,17893829.174
3640,564.0,18770000.0
3641,564.1,19670000.0
3642,564.2,20590000.0
3643,564.3,21546329.333
3644,564.4,22530000.0
3645,564.5,23530000.0
3646,564.6,24550000.0
3647,564.7,25570000.0
3648,564.8,26590058.893
3649,564.9,27590000.0
3650,565.0,28550000.0
3651,565.1,29470000.0
3652,565.2,30319111.163
3653,565.3,31080000.0
3654,565.4,31740000.0
3655,565.5,32280000.0
3656,565.6,32680000.0
3657,565.7,32928762.346
3658,565.8,33020000.0
3659,565.9,32950000.0
3660,566.0,32720000.0
3661,566.1,32328112.683
3662,566.2,31790000.0
3663,566.3,31120000.0
3664,566.4,30320000.0
3665,566.5,29430000.0
3666,566.6,28473082.802
3667,566.7,27460000.0
3668,566.8,26410000.0
3669,566.9,25370000.0
3670,567.0,24353003.61
3671,567.1,23370000.0
3672,567.2,22440000.0
3673,567.3,21590000.0
3674,567.4,20810000.0
3675,567.5,20127202.109
3676,567.6,19540000.0
3677,567.7,19040000.0
3678,567.8,18630000.0
3679,567.9,18300000.0
3680,568.0,18057503.009
3681,568.1,17890000.0
3682,568.2,17780000.0
3683,568.3,17720000.0
3684,568.4,17710182.25
3685,568.5,17740000.0
3686,568.6,17800000.0
3687,568.7,17890000.0
3688,568.8,17990000.0
3689,568.9,18101273.092
3690,569.0,18220000.0
3691,569.1,18340000.0
3692,569.2,18460000.0
3693,569.3,18580641.195
3694,569.4,18690000.0
3695,569.5,18780000.0
3696,569.6,18860000.0
3697,569.7,18910000.0
3698,569.8,18933871.201
3699,569.9,18930000.0
3700,570.0,18890000.0
3701,570.1,18800000.0
3702,570.2,18665892.755
3703,570.3,18490000.0
3704,570.4,18270000.0
3705,570.5,18000000.0
3706,570.6,17690000.0
3707,570.7,17345414.292
3708,570.8,16970000.0
3709,570.9,16570000.0
3710,571.0,16160000.0
3711,571.1,15751979.85
3712,571.2,15350000.0
3713,571.3,14960000.0
3714,571.4,14600000.0
3715,571.5,14280000.0
3716,571.6,14001152.869
3717,571.7,13760000.0
3718,571.8,13560000.0
3719,571.9,13420000.0
3720,572.0,13314172.897
3721,572.1,13240000.0
3722,572.2,13200000.0
3723,572.3,13180000.0
3724,572.4,13170000.0
3725,572.5,13162615.72
3726,572.6,13140000.0
3727,572.7,13090000.0
3728,572.8,13020000.0
3729,572.9,12900000.0
3730,573.0,12732130.547
3731,573.1,12520000.0
3732,573.2,12260000.0
3733,573.3,11940000.0
3734,573.4,11575689.527
3735,573.5,11170000.0
3736,573.6,10720000.0
3737,573.7,10230000.0
3738,573.8,9726000.0
3739,573.9,9201726.184
3740,574.0,8666000.0
3741,574.1,8132000.0
3742,574.2,7605000.0
3743,574.3,7093380.797
3744,574.4,6603000.0
3745,574.5,6139000.0
3746,574.6,5707000.0
3747,574.7,5310000.0
3748,574.8,4950958.468
3749,574.9,4631000.0
3750,575.0,4351000.0
3751,575.1,4112000.0
3752,575.2,3911915.976
3753,575.3,3750000.0
3754,575.4,3625000.0
3755,575.5,3533000.0
3756,575.6,3474000.0
3757,575.7,3443434.264
3758,575.8,3438000.0
3759,575.9,3455000.0
3760,576.0,3491000.0
3761,576.1,3542063.193
3762,576.2,3605000.0
3763,576.3,3677000.0
3764,576.4,3755000.0
3765,576.5,3834000.0
3766,576.6,3912970.457
3767,576.7,3989000.0
3768,576.8,4059000.0
3769,576.9,4122000.0
3770,577.0,4176076.848
3771,577.1,4220000.0
3772,577.2,4253000.0
3773,577.3,4275000.0
3774,577.4,4286000.0
3775,577.5,4285729.076
3776,577.6,4275000.0
3777,577.7,4255000.0
3778,577.8,4227000.0
3779,577.9,4192000.0
3780,578.0,4152143.214
3781,578.1,4109000.0
3782,578.2,4064000.0
3783,578.3,4019000.0
3784,578.4,3976026.438
3785,578.5,3937000.0
3786,578.6,3904000.0
3787,578.7,3879000.0
3788,578.8,3862000.0
3789,578.9,3856416.325
3790,579.0,3863000.0
3791,579.1,3882000.0
3792,579.2,3915000.0
3793,579.3,3961832.523
3794,579.4,4023000.0
3795,579.5,4099000.0
3796,579.6,4189000.0
3797,579.7,4292000.0
3798,579.8,4407416.216
3799,579.9,4534000.0
3800,580.0,4670000.0
3801,580.1,4813000.0
3802,580.2,4962005.163
3803,580.3,5115000.0
3804,580.4,5270000.0
3805,580.5,5426000.0
3806,580.6,5580000.0
3807,580.7,5730068.359
3808,580.8,5876000.0
3809,580.9,6017000.0
3810,581.0,6150000.0
3811,581.1,6275983.572
3812,581.2,6394000.0
3813,581.3,6503000.0
3814,581.4,6604000.0
3815,581.5,6696000.0
3816,581.6,6780341.63
3817,581.7,6857000.0
3818,581.8,6926000.0
3819,581.9,6989000.0
3820,582.0,7045339.713
3821,582.1,7096000.0
3822,582.2,7142000.0
3823,582.3,7183000.0
3824,582.4,7221000.0
3825,582.5,7254950.847
3826,582.6,7285000.0
3827,582.7,7312000.0
3828,582.8,7337000.0
3829,582.9,7360000.0
3830,583.0,7380393.567
3831,583.1,7398000.0
3832,583.2,7413000.0
3833,583.3,7426000.0
3834,583.4,7436027.673
3835,583.5,7442000.0
3836,583.6,7443000.0
3837,583.7,7438000.0
3838,583.8,7425000.0
3839,583.9,7403419.46
3840,584.0,7371000.0
3841,584.1,7325000.0
3842,584.2,7263000.0
3843,584.3,7182665.345
3844,584.4,7082000.0
3845,584.5,6959000.0
3846,584.6,6812000.0
3847,584.7,6641000.0
3848,584.8,6443308.464
3849,584.9,6220000.0
3850,585.0,5973000.0
3851,585.1,5703000.0
3852,585.2,5411829.523
3853,585.3,5103000.0
3854,585.4,4780000.0
3855,585.5,4446000.0
3856,585.6,4107000.0
3857,585.7,3765364.294
3858,585.8,3426000.0
3859,585.9,3094000.0
3860,586.0,2772000.0
3861,586.1,2464270.921
3862,586.2,2173000.0
3863,586.3,1900000.0
3864,586.4,1648000.0
3865,586.5,1418000.0
3866,586.6,1209714.48
3867,586.7,1023000.0
3868,586.8,857700.0
3869,586.9,713100.0
3870,587.0,587838.495
3871,587.1,480400.0
3872,587.2,389200.0
3873,587.3,312500.0
3874,587.4,248800.0
3875,587.5,196352.132
3876,587.6,153600.0
3877,587.7,119100.0
3878,587.8,91560.0
3879,587.9,69760.0
3880,588.0,52675.484
3881,588.1,39440.0
3882,588.2,29260.0
3883,588.3,21520.0
3884,588.4,15686.144
3885,588.5,11340.0
3886,588.6,8118.0
3887,588.7,5763.0
3888,588.8,4055.0
3889,588.9,2825.195
3890,589.0,1954.0
3891,589.1,1339.0
3892,589.2,909.2
3893,589.3,611.184
3894,589.4,408.2
3895,589.5,269.9
3896,589.6,176.9
3897,589.7,114.9
3898,589.8,73.816
3899,589.9,47.2
3900,590.0,29.85
3901,590.1,18.71
3902,590.2,11.595
3903,590.3,7.159
3904,590.4,4.369
3905,590.5,2.643
3906,590.6,1.585
3907,590.7,0.938
3908,590.8,0.555
3909,590.9,0.324
3910,591.0,0.187
3911,591.1,0.107
3912,591.2,0.061
3913,591.3,0.034
3914,591.4,0.019
3915,591.5,0.011
3916,591.6,0.006
3917,591.7,0.003
3918,591.8,0.002
3919,591.9,0.001
3920,592.0,0.001
3921,592.1,0.0
3922,592.2,0.0
3923,592.3,0.001
3924,592.4,0.001
3925,592.5,0.002
3926,592.6,0.003
3927,592.7,0.005
3928,592.8,0.009
3929,592.9,0.016
3930,593.0,0.026
3931,593.1,0.043
3932,593.2,0.071
3933,593.3,0.116
3934,593.4,0.187
3935,593.5,0.3
3936,593.6,0.476
3937,593.7,0.75
3938,593.8,1.17
3939,593.9,1.808
3940,594.0,2.779
3941,594.1,4.228
3942,594.2,6.379
3943,594.3,9.529
3944,594.4,14.15
3945,594.5,20.81
3946,594.6,30.35
3947,594.7,43.89
3948,594.8,62.899
3949,594.9,89.47
3950,595.0,126.1
3951,595.1,176.3
3952,595.2,244.248
3953,595.3,335.8
3954,595.4,457.6
3955,595.5,618.2
3956,595.6,828.3
3957,595.7,1099.929
3958,595.8,1449.0
3959,595.9,1893.0
3960,596.0,2452.0
3961,596.1,3148.43
3962,596.2,4009.0
3963,596.3,5062.0
3964,596.4,6338.0
3965,596.5,7868.0
3966,596.6,9683.223
3967,596.7,11820.0
3968,596.8,14310.0
3969,596.9,17170.0
3970,597.0,20437.525
3971,597.1,24120.0
3972,597.2,28220.0
3973,597.3,32750.0
3974,597.4,37690.0
3975,597.5,43014.331
3976,597.6,48680.0
3977,597.7,54640.0
3978,597.8,60840.0
3979,597.9,67190.0
3980,598.0,73611.452
3981,598.1,80010.0
3982,598.2,86290.0
3983,598.3,92370.0
3984,598.4,98163.715
3985,598.5,103600.0
3986,598.6,108600.0
3987,598.7,113100.0
3988,598.8,117200.0
3989,598.9,120803.004
3990,599.0,124000.0
3991,599.1,126900.0
3992,599.2,129500.0
3993,599.3,132047.794
3994,599.4,134700.0
3995,599.5,137600.0
3996,599.6,141000.0
3997,599.7,145100.0
3998,599.8,150040.397
3999,599.9,156100.0
4000,600.0,163500.0
4001,600.1,172200.0
4002,600.2,182496.581
4003,600.3,194500.0
4004,600.4,208200.0
4005,600.5,223500.0
4006,600.6,240500.0
4007,600.7,259079.098
4008,600.8,279200.0
4009,600.9,300800.0
4010,601.0,323600.0
4011,601.1,347492.139
4012,601.2,372500.0
4013,601.3,398600.0
4014,601.4,425600.0
4015,601.5,453600.0
4016,601.6,482683.571
4017,601.7,512900.0
4018,601.8,544400.0
4019,601.9,577600.0
4020,602.0,612535.167
4021,602.1,649500.0
4022,602.2,688800.0
4023,602.3,730500.0
4024,602.4,774900.0
4025,602.5,821837.82
4026,602.6,871200.0
4027,602.7,922900.0
4028,602.8,976500.0
4029,602.9,1031000.0
4030,603.0,1086565.274
4031,603.1,1142000.0
4032,603.2,1196000.0
4033,603.3,1248000.0
4034,603.4,1295784.47
4035,603.5,1339000.0
4036,603.6,1377000.0
4037,603.7,1407000.0
4038,603.8,1430000.0
4039,603.9,1443446.912
4040,604.0,1447000.0
4041,604.1,1441000.0
4042,604.2,1425000.0
4043,604.3,1399167.545
4044,604.4,1364000.0
4045,604.5,1320000.0
4046,604.6,1268000.0
4047,604.7,1210000.0
4048,604.8,1146599.14
4049,604.9,1079000.0
4050,605.0,1009000.0
4051,605.1,939100.0
4052,605.2,870261.444
4053,605.3,804200.0
4054,605.4,742800.0
4055,605.5,687500.0
4056,605.6,640100.0
4057,605.7,601900.816
4058,605.8,574400.0
4059,605.9,559100.0
4060,606.0,557200.0
4061,606.1,570029.838
4062,606.2,598800.0
4063,606.3,644700.0
4064,606.4,708900.0
4065,606.5,792300.0
4066,606.6,896188.997
4067,606.7,1021000.0
4068,606.8,1167000.0
4069,606.9,1335000.0
4070,607.0,1526001.167
4071,607.1,1739000.0
4072,607.2,1973000.0
4073,607.3,2228000.0
4074,607.4,2501000.0
4075,607.5,2791721.98
4076,607.6,3097000.0
4077,607.7,3413000.0
4078,607.8,3737000.0
4079,607.9,4065000.0
4080,608.0,4391807.451
4081,608.1,4713000.0
4082,608.2,5024000.0
4083,608.3,5319000.0
4084,608.4,5593462.677
4085,608.5,5843000.0
4086,608.6,6063000.0
4087,608.7,6249000.0
4088,608.8,6399000.0
4089,608.9,6510496.241
4090,609.0,6582000.0
4091,609.1,6613000.0
4092,609.2,6605000.0
4093,609.3,6559044.774
4094,609.4,6479000.0
4095,609.5,6369000.0
4096,609.6,6232000.0
4097,609.7,6074000.0
4098,609.8,5900069.433
4099,609.9,5716000.0
4100,610.0,5528000.0
4101,610.1,5342000.0
4102,610.2,5161797.977
4103,610.3,4992000.0
4104,610.4,4837000.0
4105,610.5,4699000.0
4106,610.6,4580000.0
4107,610.7,4481417.526
4108,610.8,4403000.0
4109,610.9,4344000.0
4110,611.0,4303000.0
4111,611.1,4277330.222
4112,611.2,4264000.0
4113,611.3,4260000.0
4114,611.4,4262000.0
4115,611.5,4266000.0
4116,611.6,4269223.989
4117,611.7,4268000.0
4118,611.8,4259000.0
4119,611.9,4241000.0
4120,612.0,4211426.163
4121,612.1,4169000.0
4122,612.2,4113000.0
4123,612.3,4043000.0
4124,612.4,3959000.0
4125,612.5,3862342.719
4126,612.6,3754000.0
4127,612.7,3635000.0
4128,612.8,3507000.0
4129,612.9,3371000.0
4130,613.0,3229397.547
4131,613.1,3084000.0
4132,613.2,2936000.0
4133,613.3,2786000.0
4134,613.4,2636704.455
4135,613.5,2489000.0
4136,613.6,2343000.0
4137,613.7,2199000.0
4138,613.8,2059000.0
4139,613.9,1922512.388
4140,614.0,1790000.0
4141,614.1,1662000.0
4142,614.2,1538000.0
4143,614.3,1418885.28
4144,614.4,1305000.0
4145,614.5,1196000.0
4146,614.6,1091000.0
4147,614.7,992100.0
4148,614.8,898249.817
4149,614.9,809500.0
4150,615.0,726300.0
4151,615.1,648500.0
4152,615.2,576211.876
4153,615.3,509400.0
4154,615.4,448000.0
4155,615.5,392000.0
4156,615.6,341100.0
4157,615.7,295241.502
4158,615.8,254200.0
4159,615.9,217700.0
4160,616.0,185500.0
4161,616.1,157276.828
4162,616.2,132800.0
4163,616.3,111800.0
4164,616.4,93840.0
4165,616.5,78790.0
4166,616.6,66356.127
4167,616.7,56310.0
4168,616.8,48460.0
4169,616.9,42630.0
4170,617.0,38698.044
4171,617.1,36570.0
4172,617.2,36170.0
4173,617.3,37480.0
4174,617.4,40500.0
4175,617.5,45250.343
4176,617.6,51790.0
4177,617.7,60190.0
4178,617.8,70540.0
4179,617.9,82940.0
4180,618.0,97448.765
4181,618.1,114200.0
4182,618.2,133300.0
4183,618.3,154700.0
4184,618.4,178463.811
4185,618.5,204600.0
4186,618.6,233100.0
4187,618.7,263900.0
4188,618.8,296700.0
4189,618.9,331477.707
4190,619.0,368000.0
4191,619.1,406000.0
4192,619.2,445300.0
4193,619.3,485449.917
4194,619.4,526200.0
4195,619.5,567300.0
4196,619.6,608300.0
4197,619.7,649000.0
4198,619.8,689039.045
4199,619.9,728200.0
4200,620.0,766300.0
4201,620.1,803100.0
4202,620.2,838463.557
4203,620.3,872300.0
4204,620.4,904500.0
4205,620.5,935000.0
4206,620.6,964000.0
4207,620.7,991121.209
4208,620.8,1017000.0
4209,620.9,1042000.0
4210,621.0,1065000.0
4211,621.1,1087293.154
4212,621.2,1109000.0
4213,621.3,1130000.0
4214,621.4,1151000.0
4215,621.5,1172000.0
4216,621.6,1193238.562
4217,621.7,1216000.0
4218,621.8,1241000.0
4219,621.9,1267000.0
4220,622.0,1296291.028
4221,622.1,1329000.0
4222,622.2,1365000.0
4223,622.3,1406000.0
4224,622.4,1452000.0
4225,622.5,1503080.3
4226,622.6,1560000.0
4227,622.7,1623000.0
4228,622.8,1691000.0
4229,622.9,1766000.0
4230,623.0,1846218.831
4231,623.1,1931000.0
4232,623.2,2020000.0
4233,623.3,2112000.0
4234,623.4,2206774.441
4235,623.5,2303000.0
4236,623.6,2399000.0
4237,623.7,2493000.0
4238,623.8,2583000.0
4239,623.9,2668598.803
4240,624.0,2748000.0
4241,624.1,2819000.0
4242,624.2,2880000.0
4243,624.3,2930362.806
4244,624.4,2969000.0
4245,624.5,2995000.0
4246,624.6,3008000.0
4247,624.7,3006000.0
4248,624.8,2991128.579
4249,624.9,2963000.0
4250,625.0,2921000.0
4251,625.1,2867000.0
4252,625.2,2801543.333
4253,625.3,2726000.0
4254,625.4,2642000.0
4255,625.5,2551000.0
4256,625.6,2455000.0
4257,625.7,2355351.664
4258,625.8,2254000.0
4259,625.9,2153000.0
4260,626.0,2054000.0
4261,626.1,1958558.977
4262,626.2,1868000.0
4263,626.3,1784000.0
4264,626.4,1709000.0
4265,626.5,1643000.0
4266,626.6,1587742.849
4267,626.7,1544000.0
4268,626.8,1512000.0
4269,626.9,1492000.0
4270,627.0,1485432.378
4271,627.1,1492000.0
4272,627.2,1511000.0
4273,627.3,1542000.0
4274,627.4,1584000.0
4275,627.5,1637225.072
4276,627.6,1701000.0
4277,627.7,1774000.0
4278,627.8,1854000.0
4279,627.9,1940000.0
4280,628.0,2031670.761
4281,628.1,2127000.0
4282,628.2,2224000.0
4283,628.3,2322000.0
4284,628.4,2418787.525
4285,628.5,2514000.0
4286,628.6,2607000.0
4287,628.7,2695000.0
4288,628.8,2779000.0
4289,628.9,2857410.45
4290,629.0,2930000.0
4291,629.1,2997000.0
4292,629.2,3058000.0
4293,629.3,3112780.358
4294,629.4,3162000.0
4295,629.5,3206000.0
4296,629.6,3244000.0
4297,629.7,3278000.0
4298,629.8,3308266.877
4299,629.9,3334000.0
4300,630.0,3355000.0
4301,630.1,3373000.0
4302,630.2,3387309.698
4303,630.3,3398000.0
4304,630.4,3405000.0
4305,630.5,3407000.0
4306,630.6,3405000.0
4307,630.7,3397421.861
4308,630.8,3384000.0
4309,630.9,3365000.0
4310,631.0,3340000.0
4311,631.1,3307139.941
4312,631.2,3266000.0
4313,631.3,3217000.0
4314,631.4,3161000.0
4315,631.5,3096000.0
4316,631.6,3022175.02
4317,631.7,2940000.0
4318,631.8,2850000.0
4319,631.9,2753000.0
4320,632.0,2648695.896
4321,632.1,2538000.0
4322,632.2,2422000.0
4323,632.3,2301000.0
4324,632.4,2176000.0
4325,632.5,2048862.533
4326,632.6,1920000.0
4327,632.7,1790000.0
4328,632.8,1661000.0
4329,632.9,1533000.0
4330,633.0,1407792.588
4331,633.1,1286000.0
4332,633.2,1168000.0
4333,633.3,1055000.0
4334,633.4,947749.118
4335,633.5,846500.0
4336,633.6,751500.0
4337,633.7,663200.0
4338,633.8,581700.0
4339,633.9,507086.003
4340,634.0,439300.0
4341,634.1,378200.0
4342,634.2,323500.0
4343,634.3,274907.953
4344,634.4,232100.0
4345,634.5,194700.0
4346,634.6,162200.0
4347,634.7,134200.0
4348,634.8,110345.331
4349,634.9,90160.0
4350,635.0,73170.0
4351,635.1,59020.0
4352,635.2,47323.269
4353,635.3,37750.0
4354,635.4,29990.0
4355,635.5,23750.0
4356,635.6,18800.0
4357,635.7,14920.287
4358,635.8,11930.0
4359,635.9,9666.0
4360,636.0,7995.0
4361,636.1,6804.622
4362,636.2,6006.0
4363,636.3,5519.0
4364,636.4,5280.0
4365,636.5,5240.0
4366,636.6,5353.743
4367,636.7,5587.0
4368,636.8,5910.0
4369,636.9,6299.0
4370,637.0,6731.816
4371,637.1,7190.0
4372,637.2,7657.0
4373,637.3,8119.0
4374,637.4,8561.0
4375,637.5,8972.448
4376,637.6,9343.0
4377,637.7,9663.0
4378,637.8,9927.0
4379,637.9,10130.0
4380,638.0,10263.9
4381,638.1,10330.0
4382,638.2,10330.0
4383,638.3,10260.0
4384,638.4,10127.629
4385,638.5,9940.0
4386,638.6,9704.0
4387,638.7,9429.0
4388,638.8,9123.0
4389,638.9,8797.573
4390,639.0,8464.0
4391,639.1,8133.0
4392,639.2,7815.0
4393,639.3,7521.354
4394,639.4,7261.0
4395,639.5,7042.0
4396,639.6,6871.0
4397,639.7,6752.0
4398,639.8,6689.633
4399,639.9,6684.0
4400,640.0,6734.0
4401,640.1,6838.0
4402,640.2,6990.718
4403,640.3,7186.0
4404,640.4,7417.0
4405,640.5,7674.0
4406,640.6,7947.0
4407,640.7,8227.511
4408,640.8,8504.0
4409,640.9,8765.0
4410,641.0,9002.0
4411,641.1,9204.434
4412,641.2,9364.0
4413,641.3,9474.0
4414,641.4,9530.0
4415,641.5,9526.0
4416,641.6,9460.467
4417,641.7,9333.0
4418,641.8,9144.0
4419,641.9,8897.0
4420,642.0,8595.729
4421,642.1,8246.0
4422,642.2,7854.0
4423,642.3,7426.0
4424,642.4,6971.0
4425,642.5,6495.789
4426,642.6,6009.0
4427,642.7,5519.0
4428,642.8,5031.0
4429,642.9,4552.0
4430,643.0,4088.636
4431,643.1,3646.0
4432,643.2,3228.0
4433,643.3,2836.0
4434,643.4,2473.212
4435,643.5,2141.0
4436,643.6,1840.0
4437,643.7,1570.0
4438,643.8,1329.0
4439,643.9,1116.978
4440,644.0,932.1
4441,644.1,772.0
4442,644.2,634.7
4443,644.3,517.924
4444,644.4,419.5
4445,644.5,337.3
4446,644.6,269.2
4447,644.7,213.3
4448,644.8,167.771
4449,644.9,131.0
4450,645.0,101.5
4451,645.1,78.06
4452,645.2,59.593
4453,645.3,45.18
4454,645.4,33.99
4455,645.5,25.39
4456,645.6,18.82
4457,645.7,13.852
4458,645.8,10.14
4459,645.9,7.376
4460,646.0,5.349
4461,646.1,3.883
4462,646.2,2.857
4463,646.3,2.171
4464,646.4,1.768
4465,646.5,1.617
4466,646.6,1.713
4467,646.7,2.095
4468,646.8,2.827
4469,646.9,4.028
4470,647.0,5.873
4471,647.1,8.659
4472,647.2,12.75
4473,647.3,18.69
4474,647.4,27.26
4475,647.5,39.478
4476,647.6,56.9
4477,647.7,81.38
4478,647.8,115.6
4479,647.9,163.1
4480,648.0,228.452
4481,648.1,318.2
4482,648.2,440.0
4483,648.3,604.2
4484,648.4,823.542
4485,648.5,1116.0
4486,648.6,1502.0
4487,648.7,2008.0
4488,648.8,2667.0
4489,648.9,3516.767
4490,649.0,4608.0
4491,649.1,5997.0
4492,649.2,7752.0
4493,649.3,9955.329
4494,649.4,12700.0
4495,649.5,16090.0
4496,649.6,20260.0
4497,649.7,25340.0
4498,649.8,31482.925
4499,649.9,38860.0
4500,650.0,47650.0
4501,650.1,58050.0
4502,650.2,70259.903
4503,650.3,84470.0
4504,650.4,100900.0
4505,650.5,119800.0
4506,650.6,141200.0
4507,650.7,165472.131
4508,650.8,192700.0
4509,650.9,222900.0
4510,651.0,256200.0
4511,651.1,292587.384
4512,651.2,332000.0
4513,651.3,374400.0
4514,651.4,419700.0
4515,651.5,467400.0
4516,651.6,517403.103
4517,651.7,569300.0
4518,651.8,622600.0
4519,651.9,676900.0
4520,652.0,731602.746
4521,652.1,786200.0
4522,652.2,840200.0
4523,652.3,893000.0
4524,652.4,944100.0
4525,652.5,993473.893
4526,652.6,1040000.0
4527,652.7,1083000.0
4528,652.8,1124000.0
4529,652.9,1162000.0
4530,653.0,1196282.557
4531,653.1,1228000.0
4532,653.2,1258000.0
4533,653.3,1285000.0
4534,653.4,1309949.876
4535,653.5,1334000.0
4536,653.6,1358000.0
4537,653.7,1382000.0
4538,653.8,1406000.0
4539,653.9,1432152.291
4540,654.0,1460000.0
4541,654.1,1489000.0
4542,654.2,1521000.0
4543,654.3,1555930.487
4544,654.4,1593000.0
4545,654.5,1632000.0
4546,654.6,1674000.0
4547,654.7,1717000.0
4548,654.8,1760636.209
4549,654.9,1804000.0
4550,655.0,1846000.0
4551,655.1,1886000.0
4552,655.2,1923016.582
4553,655.3,1956000.0
4554,655.4,1984000.0
4555,655.5,2006000.0
4556,655.6,2020000.0
4557,655.7,2025823.42
4558,655.8,2024000.0
4559,655.9,2014000.0
4560,656.0,1993000.0
4561,656.1,1963983.153
4562,656.2,1926000.0
4563,656.3,1878000.0
4564,656.4,1823000.0
4565,656.5,1760000.0
4566,656.6,1689780.854
4567,656.7,1614000.0
4568,656.8,1534000.0
4569,656.9,1450000.0
4570,657.0,1362782.39
4571,657.1,1274000.0
4572,657.2,1185000.0
4573,657.3,1096000.0
4574,657.4,1009000.0
4575,657.5,923784.959
4576,657.6,841300.0
4577,657.7,762700.0
4578,657.8,688100.0
4579,657.9,617900.0
4580,658.0,552423.71
4581,658.1,491800.0
4582,658.2,436100.0
4583,658.3,385300.0
4584,658.4,339297.894
4585,658.5,297900.0
4586,658.6,260900.0
4587,658.7,228100.0
4588,658.8,199200.0
4589,658.9,173858.345
4590,659.0,151900.0
4591,659.1,133100.0
4592,659.2,117000.0
4593,659.3,103558.485
4594,659.4,92550.0
4595,659.5,83710.0
4596,659.6,76930.0
4597,659.7,72080.0
4598,659.8,69074.871
4599,659.9,67850.0
4600,660.0,68360.0
4601,660.1,70620.0
4602,660.2,74630.514
4603,660.3,80440.0
4604,660.4,88110.0
4605,660.5,97720.0
4606,660.6,109400.0
4607,660.7,123163.578
4608,660.8,139200.0
4609,660.9,157700.0
4610,661.0,178700.0
4611,661.1,202400.252
4612,661.2,228900.0
4613,661.3,258300.0
4614,661.4,290800.0
4615,661.5,326400.0
4616,661.6,365206.598
4617,661.7,407300.0
4618,661.8,452700.0
4619,661.9,501300.0
4620,662.0,553061.993
4621,662.1,607800.0
4622,662.2,665300.0
4623,662.3,725400.0
4624,662.4,787800.0
4625,662.5,851979.28
4626,662.6,917600.0
4627,662.7,984200.0
4628,662.8,1051000.0
4629,662.9,1118000.0
4630,663.0,1183314.626
4631,663.1,1247000.0
4632,663.2,1309000.0
4633,663.3,1367000.0
4634,663.4,1421097.403
4635,663.5,1471000.0
4636,663.6,1516000.0
4637,663.7,1555000.0
4638,663.8,1587000.0
4639,663.9,1611708.85
4640,664.0,1629000.0
4641,664.1,1639000.0
4642,664.2,1642000.0
4643,664.3,1636036.195
4644,664.4,1622000.0
4645,664.5,1601000.0
4646,664.6,1572000.0
4647,664.7,1536000.0
4648,664.8,1494115.003
4649,664.9,1446000.0
4650,665.0,1392000.0
4651,665.1,1335000.0
4652,665.2,1273548.282
4653,665.3,1209000.0
4654,665.4,1143000.0
4655,665.5,1075000.0
4656,665.6,1007000.0
4657,665.7,938816.133
4658,665.8,871300.0
4659,665.9,805500.0
4660,666.0,741500.0
4661,666.1,679884.955
4662,666.2,621100.0
4663,666.3,565400.0
4664,666.4,512800.0
4665,666.5,463700.0
4666,666.6,418080.692
4667,666.7,375900.0
4668,666.8,337200.0
4669,666.9,302100.0
4670,667.0,270317.953
4671,667.1,241700.0
4672,667.2,216200.0
4673,667.3,193800.0
4674,667.4,174100.0
4675,667.5,157093.549
4676,667.6,142600.0
4677,667.7,130400.0
4678,667.8,120400.0
4679,667.9,112400.0
4680,668.0,106298.01
4681,668.1,101900.0
4682,668.2,99010.0
4683,668.3,97540.0
4684,668.4,97344.151
4685,668.5,98240.0
4686,668.6,100100.0
4687,668.7,102900.0
4688,668.8,106300.0
4689,668.9,110333.755
4690,669.0,114800.0
4691,669.1,119500.0
4692,669.2,124500.0
4693,669.3,129525.414
4694,669.4,134500.0
4695,669.5,139400.0
4696,669.6,144100.0
4697,669.7,148500.0
4698,669.8,152495.329
4699,669.9,156100.0
4700,670.0,159300.0
4701,670.1,161900.0
4702,670.2,163902.785
4703,670.3,165400.0
4704,670.4,166400.0
4705,670.5,166700.0
4706,670.6,166500.0
4707,670.7,165777.207
4708,670.8,164500.0
4709,670.9,162700.0
4710,671.0,160500.0
4711,671.1,157833.537
4712,671.2,154800.0
4713,671.3,151500.0
4714,671.4,147900.0
4715,671.5,144200.0
4716,671.6,140340.07
4717,671.7,136400.0
4718,671.8,132500.0
4719,671.9,128700.0
4720,672.0,125124.919
4721,672.1,121900.0
4722,672.2,119100.0
4723,672.3,116700.0
4724,672.4,114900.0
4725,672.5,113797.59
4726,672.6,113500.0
4727,672.7,114100.0
4728,672.8,115600.0
4729,672.9,118100.0
4730,673.0,121765.746
4731,673.1,126600.0
4732,673.2,132600.0
4733,673.3,139900.0
4734,673.4,148552.57
4735,673.5,158500.0
4736,673.6,169700.0
4737,673.7,182200.0
4738,673.8,195900.0
4739,673.9,210791.162
4740,674.0,226800.0
4741,674.1,243800.0
4742,674.2,261600.0
4743,674.3,280102.109
4744,674.4,299100.0
4745,674.5,318400.0
4746,674.6,337900.0
4747,674.7,357200.0
4748,674.8,376094.064
4749,674.9,394400.0
4750,675.0,411900.0
4751,675.1,428300.0
4752,675.2,443338.37
4753,675.3,456800.0
4754,675.4,468500.0
4755,675.5,478300.0
4756,675.6,486000.0
4757,675.7,491606.325
4758,675.8,495000.0
4759,675.9,496100.0
4760,676.0,495100.0
4761,676.1,492022.79
4762,676.2,487000.0
4763,676.3,480200.0
4764,676.4,471800.0
4765,676.5,462100.0
4766,676.6,451269.426
4767,676.7,439600.0
4768,676.8,427400.0
4769,676.9,414900.0
4770,677.0,402402.303
4771,677.1,390100.0
4772,677.2,378200.0
4773,677.3,367000.0
4774,677.4,356500.0
4775,677.5,346876.699
4776,677.6,338200.0
4777,677.7,330500.0
4778,677.8,323800.0
4779,677.9,318000.0
4780,678.0,313040.593
4781,678.1,308900.0
4782,678.2,305500.0
4783,678.3,302600.0
4784,678.4,300179.251
4785,678.5,298100.0
4786,678.6,296200.0
4787,678.7,294400.0
4788,678.8,292600.0
4789,678.9,290757.515
4790,679.0,288700.0
4791,679.1,286300.0
4792,679.2,283700.0
4793,679.3,280845.875
4794,679.4,277600.0
4795,679.5,273900.0
4796,679.6,269900.0
4797,679.7,265500.0
4798,679.8,260728.005
4799,679.9,255600.0
4800,680.0,250100.0
4801,680.1,244200.0
4802,680.2,237984.085
4803,680.3,231400.0
4804,680.4,224400.0
4805,680.5,217100.0
4806,680.6,209500.0
4807,680.7,201498.627
4808,680.8,193200.0
4809,680.9,184700.0
4810,681.0,175900.0
4811,681.1,166908.98
4812,681.2,157800.0
4813,681.3,148600.0
4814,681.4,139300.0
4815,681.5,130000.0
4816,681.6,120755.493
4817,681.7,111600.0
4818,681.8,102600.0
4819,681.9,93900.0
4820,682.0,85483.573
4821,682.1,77390.0
4822,682.2,69680.0
4823,682.3,62390.0
4824,682.4,55550.0
4825,682.5,49172.843
4826,682.6,43270.0
4827,682.7,37850.0
4828,682.8,32910.0
4829,682.9,28450.0
4830,683.0,24443.209
4831,683.1,20870.0
4832,683.2,17710.0
4833,683.3,14930.0
4834,683.4,12510.939
4835,683.5,10420.0
4836,683.6,8622.0
4837,683.7,7090.0
4838,683.8,5793.0
4839,683.9,4703.237
4840,684.0,3794.0
4841,684.1,3040.0
4842,684.2,2421.0
4843,684.3,1915.666
4844,684.4,1506.0
4845,684.5,1176.0
4846,684.6,912.9
4847,684.7,703.8
4848,684.8,538.987
4849,684.9,410.3
4850,685.0,310.2
4851,685.1,233.0
4852,685.2,173.883
4853,685.3,129.0
4854,685.4,94.99
4855,685.5,69.52
4856,685.6,50.55
4857,685.7,36.493
4858,685.8,26.2
4859,685.9,18.68
4860,686.0,13.23
4861,686.1,9.302
4862,686.2,6.508
4863,686.3,4.52
4864,686.4,3.119
4865,686.5,2.138
4866,686.6,1.454
4867,686.7,0.985
4868,686.8,0.662
4869,686.9,0.442
4870,687.0,0.293
4871,687.1,0.193
4872,687.2,0.127
4873,687.3,0.082
4874,687.4,0.053
4875,687.5,0.034
4876,687.6,0.022
4877,687.7,0.014
4878,687.8,0.009
4879,687.9,0.005
4880,688.0,0.003
4881,688.1,0.002
4882,688.2,0.001
4883,688.3,0.001
4884,688.4,0.0
4885,688.5,0.0
4886,688.6,0.0
4887,688.7,0.0
4888,688.8,0.0
4889,688.9,0.0
4890,689.0,0.0
4891,689.1,0.0
4892,689.2,0.0
4893,689.3,0.0
4894,689.4,0.0
4895,689.5,0.0
4896,689.6,0.0
4897,689.7,0.0
4898,689.8,0.0
4899,689.9,0.0
4900,690.0,0.0
4901,690.1,0.0
4902,690.2,0.0
4903,690.3,0.0
4904,690.4,0.0
4905,690.5,0.0
4906,690.6,0.0
4907,690.7,0.0
4908,690.8,0.0
4909,690.9,0.0
4910,691.0,0.0
4911,691.1,0.0
4912,691.2,0.0
4913,691.3,0.0
4914,691.4,0.0
4915,691.5,0.0
4916,691.6,0.0
4917,691.7,0.0
4918,691.8,0.0
4919,691.9,0.0
4920,692.0,0.0
4921,692.1,0.0
4922,692.2,0.0
4923,692.3,0.0
4924,692.4,0.0
4925,692.5,0.0
4926,692.6,0.0
4927,692.7,0.0
4928,692.8,0.0
4929,692.9,0.0
4930,693.0,0.0
4931,693.1,0.0
4932,693.2,0.0
4933,693.3,0.0
4934,693.4,0.0
4935,693.5,0.0
4936,693.6,0.0
4937,693.7,0.0
4938,693.8,0.0
4939,693.9,0.0
4940,694.0,0.0
4941,694.1,0.0
4942,694.2,0.0
4943,694.3,0.0
4944,694.4,0.0
4945,694.5,0.0
4946,694.6,0.0
4947,694.7,0.0
4948,694.8,0.0
4949,694.9,0.0
4950,695.0,0.0
4951,695.1,0.0
4952,695.2,0.0
4953,695.3,0.0
4954,695.4,0.0
4955,695.5,0.0
4956,695.6,0.0
4957,695.7,0.0
4958,695.8,0.0
4959,695.9,0.0
4960,696.0,0.0
4961,696.1,0.0
4962,696.2,0.001
4963,696.3,0.001
4964,696.4,0.002
4965,696.5,0.003
4966,696.6,0.004
4967,696.7,0.007
4968,696.8,0.01
4969,696.9,0.016
4970,697.0,0.025
4971,697.1,0.039
4972,697.2,0.059
4973,697.3,0.09
4974,697.4,0.137
4975,697.5,0.206
4976,697.6,0.309
4977,697.7,0.46
4978,697.8,0.681
4979,697.9,1.001
4980,698.0,1.462
4981,698.1,2.127
4982,698.2,3.073
4983,698.3,4.413
4984,698.4,6.294
4985,698.5,8.939
4986,698.6,12.61
4987,698.7,17.68
4988,698.8,24.64
4989,698.9,34.119
4990,699.0,47.01
4991,699.1,64.36
4992,699.2,87.6
4993,699.3,118.46
4994,699.4,159.4
4995,699.5,213.2
4996,699.6,283.4
4997,699.7,374.5
4998,699.8,491.86
4999,699.9,642.6
5000,700.0,834.5
5001,700.1,1077.0
5002,700.2,1382.662
5003,700.3,1765.0
5004,700.4,2239.0
5005,700.5,2825.0
5006,700.6,3544.0
5007,700.7,4419.625
5008,700.8,5481.0
5009,700.9,6759.0
5010,701.0,8287.0
5011,701.1,10102.684
5012,701.2,12250.0
5013,701.3,14770.0
5014,701.4,17700.0
5015,701.5,21110.0
5016,701.6,25026.134
5017,701.7,29500.0
5018,701.8,34590.0
5019,701.9,40340.0
5020,702.0,46790.084
5021,702.1,53970.0
5022,702.2,61910.0
5023,702.3,70640.0
5024,702.4,80160.0
5025,702.5,90505.124
5026,702.6,101600.0
5027,702.7,113400.0
5028,702.8,126000.0
5029,702.9,139200.0
5030,703.0,153015.434
5031,703.1,167300.0
5032,703.2,181900.0
5033,703.3,196800.0
5034,703.4,211735.056
5035,703.5,226600.0
5036,703.6,241300.0
5037,703.7,255600.0
5038,703.8,269400.0
5039,703.9,282369.209
5040,704.0,294400.0
5041,704.1,305400.0
5042,704.2,315100.0
5043,704.3,323446.874
5044,704.4,330300.0
5045,704.5,335500.0
5046,704.6,339000.0
5047,704.7,340800.0
5048,704.8,340758.39
5049,704.9,338900.0
5050,705.0,335300.0
5051,705.1,330000.0
5052,705.2,323016.35
5053,705.3,314500.0
5054,705.4,304600.0
5055,705.5,293400.0
5056,705.6,281200.0
5057,705.7,268015.368
5058,705.8,254000.0
5059,705.9,239400.0
5060,706.0,224500.0
5061,706.1,209340.576
5062,706.2,194100.0
5063,706.3,179000.0
5064,706.4,164200.0
5065,706.5,149800.0
5066,706.6,135922.935
5067,706.7,122600.0
5068,706.8,109900.0
5069,706.9,98050.0
5070,707.0,86983.815
5071,707.1,76710.0
5072,707.2,67270.0
5073,707.3,58660.0
5074,707.4,50860.0
5075,707.5,43849.056
5076,707.6,37590.0
5077,707.7,32040.0
5078,707.8,27150.0
5079,707.9,22870.0
5080,708.0,19160.595
5081,708.1,15960.0
5082,708.2,13210.0
5083,708.3,10880.0
5084,708.4,8904.519
5085,708.5,7242.0
5086,708.6,5858.0
5087,708.7,4711.0
5088,708.8,3766.0
5089,708.9,2993.03
5090,709.0,2365.0
5091,709.1,1857.0
5092,709.2,1450.0
5093,709.3,1125.414
5094,709.4,868.5
5095,709.5,666.2
5096,709.6,508.0
5097,709.7,385.1
5098,709.8,290.11
5099,709.9,217.4
5100,710.0,162.0
5101,710.1,120.1
5102,710.2,88.626
5103,710.3,65.28
5104,710.4,48.08
5105,710.5,35.64
5106,710.6,26.89
5107,710.7,21.011
5108,710.8,17.49
5109,710.9,15.94
5110,711.0,16.2
5111,711.1,18.236
5112,711.2,22.22
5113,711.3,28.42
5114,711.4,37.31
5115,711.5,49.55
5116,711.6,66.008
5117,711.7,87.89
5118,711.8,116.6
5119,711.9,154.0
5120,712.0,202.209
5121,712.1,264.2
5122,712.2,343.3
5123,712.3,443.5
5124,712.4,569.6
5125,712.5,727.423
5126,712.6,923.7
5127,712.7,1166.0
5128,712.8,1464.0
5129,712.9,1827.0
5130,713.0,2267.795
5131,713.1,2799.0
5132,713.2,3434.0
5133,713.3,4190.0
5134,713.4,5083.641
5135,713.5,6133.0
5136,713.6,7357.0
5137,713.7,8776.0
5138,713.8,10410.0
5139,713.9,12277.167
5140,714.0,14400.0
5141,714.1,16800.0
5142,714.2,19490.0
5143,714.3,22483.591
5144,714.4,25800.0
5145,714.5,29450.0
5146,714.6,33420.0
5147,714.7,37730.0
5148,714.8,42361.16
5149,714.9,47310.0
5150,715.0,52570.0
5151,715.1,58100.0
5152,715.2,63876.909
5153,715.3,69870.0
5154,715.4,76040.0
5155,715.5,82340.0
5156,715.6,88730.0
5157,715.7,95101.498
5158,715.8,101500.0
5159,715.9,107900.0
5160,716.0,114000.0
5161,716.1,120015.815
5162,716.2,125800.0
5163,716.3,131200.0
5164,716.4,136400.0
5165,716.5,141100.0
5166,716.6,145437.577
5167,716.7,149400.0
5168,716.8,152900.0
5169,716.9,155900.0
5170,717.0,158430.738
5171,717.1,160500.0
5172,717.2,162100.0
5173,717.3,163200.0
5174,717.4,163800.0
5175,717.5,164013.898
5176,717.6,163800.0
5177,717.7,163100.0
5178,717.8,162000.0
5179,717.9,160600.0
5180,718.0,158765.722
5181,718.1,156500.0
5182,718.2,153900.0
5183,718.3,151100.0
5184,718.4,147873.283
5185,718.5,144300.0
5186,718.6,140500.0
5187,718.7,136400.0
5188,718.8,132100.0
5189,718.9,127500.645
5190,719.0,122700.0
5191,719.1,117800.0
5192,719.2,112700.0
5193,719.3,107480.351
5194,719.4,102200.0
5195,719.5,96900.0
5196,719.6,91630.0
5197,719.7,86420.0
5198,719.8,81330.071
5199,719.9,76400.0
5200,720.0,71670.0
5201,720.1,67200.0
5202,720.2,63010.369
5203,720.3,59140.0
5204,720.4,55630.0
5205,720.5,52500.0
5206,720.6,49770.0
5207,720.7,47449.982
5208,720.8,45540.0
5209,720.9,44040.0
5210,721.0,42950.0
5211,721.1,42245.606
5212,721.2,41900.0
5213,721.3,41890.0
5214,721.4,42190.0
5215,721.5,42740.0
5216,721.6,43512.574
5217,721.7,44460.0
5218,721.8,45530.0
5219,721.9,46680.0
5220,722.0,47852.357
5221,722.1,49000.0
5222,722.2,50080.0
5223,722.3,51050.0
5224,722.4,51870.0
5225,722.5,52505.708
5226,722.6,52930.0
5227,722.7,53120.0
5228,722.8,53060.0
5229,722.9,52730.0
5230,723.0,52134.632
5231,723.1,51280.0
5232,723.2,50170.0
5233,723.3,48810.0
5234,723.4,47221.731
5235,723.5,45430.0
5236,723.6,43460.0
5237,723.7,41340.0
5238,723.8,39100.0
5239,723.9,36770.063
5240,724.0,34380.0
5241,724.1,31960.0
5242,724.2,29540.0
5243,724.3,27143.96
5244,724.4,24800.0
5245,724.5,22530.0
5246,724.6,20340.0
5247,724.7,18270.0
5248,724.8,16308.834
5249,724.9,14470.0
5250,725.0,12770.0
5251,725.1,11200.0
5252,725.2,9766.344
5253,725.3,8468.0
5254,725.4,7300.0
5255,725.5,6256.0
5256,725.6,5330.0
5257,725.7,4514.533
5258,725.8,3802.0
5259,725.9,3184.0
5260,726.0,2650.0
5261,726.1,2193.303
5262,726.2,1805.0
5263,726.3,1476.0
5264,726.4,1200.0
5265,726.5,970.6
5266,726.6,780.27
5267,726.7,623.5
5268,726.8,495.4
5269,726.9,391.3
5270,727.0,307.288
5271,727.1,240.0
5272,727.2,186.3
5273,727.3,143.7
5274,727.4,110.3
5275,727.5,84.135
5276,727.6,63.8
5277,727.7,48.1
5278,727.8,36.06
5279,727.9,26.87
5280,728.0,19.903
5281,728.1,14.67
5282,728.2,10.74
5283,728.3,7.82
5284,728.4,5.658
5285,728.5,4.073
5286,728.6,2.914
5287,728.7,2.073
5288,728.8,1.466
5289,728.9,1.03
5290,729.0,0.721
5291,729.1,0.501
5292,729.2,0.346
5293,729.3,0.237
5294,729.4,0.162
5295,729.5,0.11
5296,729.6,0.074
5297,729.7,0.05
5298,729.8,0.033
5299,729.9,0.022
5300,730.0,0.015
5301,730.1,0.01
5302,730.2,0.006
5303,730.3,0.004
5304,730.4,0.003
5305,730.5,0.002
5306,730.6,0.001
5307,730.7,0.001
5308,730.8,0.0
5309,730.9,0.0
5310,731.0,0.0
5311,731.1,0.0
5312,731.2,0.0
5313,731.3,0.0
5314,731.4,0.0
5315,731.5,0.0
5316,731.6,0.0
5317,731.7,0.0
5318,731.8,0.0
5319,731.9,0.0
5320,732.0,0.0
5321,732.1,0.0
5322,732.2,0.0
5323,732.3,0.0
5324,732.4,0.0
5325,732.5,0.0
5326,732.6,0.0
5327,732.7,0.0
5328,732.8,0.0
5329,732.9,0.0
5330,733.0,0.0
5331,733.1,0.0
5332,733.2,0.0
5333,733.3,0.0
5334,733.4,0.0
5335,733.5,0.0
5336,733.6,0.0
5337,733.7,0.0
5338,733.8,0.0
5339,733.9,0.0
5340,734.0,0.0
5341,734.1,0.0
5342,734.2,0.0
5343,734.3,0.0
5344,734.4,0.0
5345,734.5,0.0
5346,734.6,0.0
5347,734.7,0.0
5348,734.8,0.0
5349,734.9,0.0
5350,735.0,0.0
5351,735.1,0.0
5352,735.2,0.0
5353,735.3,0.0
5354,735.4,0.0
5355,735.5,0.0
5356,735.6,0.0
5357,735.7,0.0
5358,735.8,0.0
5359,735.9,0.0
5360,736.0,0.0
5361,736.1,0.0
5362,736.2,0.0
5363,736.3,0.0
5364,736.4,0.0
5365,736.5,0.0
5366,736.6,0.0
5367,736.7,0.0
5368,736.8,0.0
5369,736.9,0.0
5370,737.0,0.0
5371,737.1,0.0
5372,737.2,0.0
5373,737.3,0.0
5374,737.4,0.0
5375,737.5,0.0
5376,737.6,0.0
5377,737.7,0.0
5378,737.8,0.0
5379,737.9,0.0
5380,738.0,0.0
5381,738.1,0.0
5382,738.2,0.0
5383,738.3,0.0
5384,738.4,0.0
5385,738.5,0.0
5386,738.6,0.0
5387,738.7,0.001
5388,738.8,0.001
5389,738.9,0.001
5390,739.0,0.002
5391,739.1,0.003
5392,739.2,0.004
5393,739.3,0.005
5394,739.4,0.007
5395,739.5,0.009
5396,739.6,0.012
5397,739.7,0.016
5398,739.8,0.022
5399,739.9,0.029
5400,740.0,0.039
5401,740.1,0.051
5402,740.2,0.067
5403,740.3,0.088
5404,740.4,0.114
5405,740.5,0.147
5406,740.6,0.189
5407,740.7,0.241
5408,740.8,0.306
5409,740.9,0.387
5410,741.0,0.485
5411,741.1,0.606
5412,741.2,0.752
5413,741.3,0.929
5414,741.4,1.141
5415,741.5,1.394
5416,741.6,1.693
5417,741.7,2.045
5418,741.8,2.457
5419,741.9,2.936
5420,742.0,3.489
5421,742.1,4.123
5422,742.2,4.847
5423,742.3,5.666
5424,742.4,6.587
5425,742.5,7.615
5426,742.6,8.759
5427,742.7,10.02
5428,742.8,11.39
5429,742.9,12.89
5430,743.0,14.501
5431,743.1,16.22
5432,743.2,18.05
5433,743.3,19.98
5434,743.4,21.992
5435,743.5,24.07
5436,743.6,26.2
5437,743.7,28.37
5438,743.8,30.55
5439,743.9,32.716
5440,744.0,34.84
5441,744.1,36.9
5442,744.2,38.88
5443,744.3,40.734
5444,744.4,42.44
5445,744.5,43.98
5446,744.6,45.32
5447,744.7,46.45
5448,744.8,47.354
5449,744.9,48.01
5450,745.0,48.4
5451,745.1,48.53
5452,745.2,48.403
5453,745.3,48.01
5454,745.4,47.35
5455,745.5,46.45
5456,745.6,45.32
5457,745.7,43.977
5458,745.8,42.44
5459,745.9,40.73
5460,746.0,38.88
5461,746.1,36.908
5462,746.2,34.84
5463,746.3,32.71
5464,746.4,30.55
5465,746.5,28.37
5466,746.6,26.203
5467,746.7,24.07
5468,746.8,21.99
5469,746.9,19.98
5470,747.0,18.051
5471,747.1,16.22
5472,747.2,14.5
5473,747.3,12.89
5474,747.4,11.39
5475,747.5,10.014
5476,747.6,8.759
5477,747.7,7.617
5478,747.8,6.587
5479,747.9,5.666
5480,748.0,4.847
5481,748.1,4.124
5482,748.2,3.489
5483,748.3,2.936
5484,748.4,2.457
5485,748.5,2.045
5486,748.6,1.693
5487,748.7,1.394
5488,748.8,1.142
5489,748.9,0.93
5490,749.0,0.754
5491,749.1,0.608
5492,749.2,0.488
5493,749.3,0.39
5494,749.4,0.312
5495,749.5,0.248
5496,749.6,0.199
5497,749.7,0.16
5498,749.8,0.131
5499,749.9,0.11
5500,750.0,0.096
5501,750.1,0.089
5502,750.2,0.087
5503,750.3,0.091
5504,750.4,0.101
5505,750.5,0.118
5506,750.6,0.141
5507,750.7,0.171
5508,750.8,0.21
5509,750.9,0.258
5510,751.0,0.318
5511,751.1,0.391
5512,751.2,0.479
5513,751.3,0.584
5514,751.4,0.709
5515,751.5,0.857
5516,751.6,1.03
5517,751.7,1.231
5518,751.8,1.464
5519,751.9,1.732
5520,752.0,2.038
5521,752.1,2.385
5522,752.2,2.777
5523,752.3,3.216
5524,752.4,3.704
5525,752.5,4.244
5526,752.6,4.837
5527,752.7,5.483
5528,752.8,6.182
5529,752.9,6.934
5530,753.0,7.736
5531,753.1,8.584
5532,753.2,9.475
5533,753.3,10.4
5534,753.4,11.359
5535,753.5,12.34
5536,753.6,13.33
5537,753.7,14.33
5538,753.8,15.32
5539,753.9,16.284
5540,754.0,17.22
5541,754.1,18.12
5542,754.2,18.96
5543,754.3,19.733
5544,754.4,20.43
5545,754.5,21.04
5546,754.6,21.55
5547,754.7,21.96
5548,754.8,22.254
5549,754.9,22.43
5550,755.0,22.49
5551,755.1,22.43
5552,755.2,22.254
5553,755.3,21.96
5554,755.4,21.55
5555,755.5,21.04
5556,755.6,20.43
5557,755.7,19.733
5558,755.8,18.96
5559,755.9,18.12
5560,756.0,17.22
5561,756.1,16.284
5562,756.2,15.32
5563,756.3,14.33
5564,756.4,13.33
5565,756.5,12.34
5566,756.6,11.359
5567,756.7,10.4
5568,756.8,9.475
5569,756.9,8.584
5570,757.0,7.736
5571,757.1,6.934
5572,757.2,6.182
5573,757.3,5.483
5574,757.4,4.837
5575,757.5,4.244
5576,757.6,3.704
5577,757.7,3.216
5578,757.8,2.777
5579,757.9,2.385
5580,758.0,2.038
5581,758.1,1.732
5582,758.2,1.464
5583,758.3,1.231
5584,758.4,1.029
5585,758.5,0.856
5586,758.6,0.708
5587,758.7,0.583
5588,758.8,0.477
5589,758.9,0.389
5590,759.0,0.315
5591,759.1,0.254
5592,759.2,0.203
5593,759.3,0.162
5594,759.4,0.128
5595,759.5,0.101
5596,759.6,0.079
5597,759.7,0.062
5598,759.8,0.048
5599,759.9,0.037
5600,760.0,0.029
5601,760.1,0.022
5602,760.2,0.017
5603,760.3,0.013
5604,760.4,0.009
5605,760.5,0.007
5606,760.6,0.005
5607,760.7,0.004
5608,760.8,0.003
5609,760.9,0.002
5610,761.0,0.002
5611,761.1,0.001
5612,761.2,0.001
5613,761.3,0.001
5614,761.4,0.0
5615,761.5,0.0
5616,761.6,0.0
5617,761.7,0.0
5618,761.8,0.0
5619,761.9,0.0
5620,762.0,0.0
5621,762.1,0.0
5622,762.2,0.0
5623,762.3,0.0
5624,762.4,0.0
5625,762.5,0.0
5626,762.6,0.0
5627,762.7,0.0
5628,762.8,0.0
5629,762.9,0.0
5630,763.0,0.0
5631,763.1,0.0
5632,763.2,0.0
5633,763.3,0.0
5634,763.4,0.0
5635,763.5,0.0
5636,763.6,0.0
5637,763.7,0.0
5638,763.8,0.0
5639,763.9,0.0
5640,764.0,0.0
5641,764.1,0.0
5642,764.2,0.0
5643,764.3,0.0
5644,764.4,0.0
5645,764.5,0.0
5646,764.6,0.0
5647,764.7,0.0
5648,764.8,0.0
5649,764.9,0.0
5650,765.0,0.0
5651,765.1,0.0
5652,765.2,0.0
5653,765.3,0.0
5654,765.4,0.0
5655,765.5,0.0
5656,765.6,0.0
5657,765.7,0.001
5658,765.8,0.001
5659,765.9,0.002
5660,766.0,0.003
5661,766.1,0.004
5662,766.2,0.006
5663,766.3,0.009
5664,766.4,0.013
5665,766.5,0.019
5666,766.6,0.029
5667,766.7,0.042
5668,766.8,0.062
5669,766.9,0.091
5670,767.0,0.132
5671,767.1,0.19
5672,767.2,0.273
5673,767.3,0.391
5674,767.4,0.556
5675,767.5,0.787
5676,767.6,1.109
5677,767.7,1.554
5678,767.8,2.167
5679,767.9,3.005
5680,768.0,4.145
5681,768.1,5.695
5682,768.2,7.781
5683,768.3,10.58
5684,768.4,14.305
5685,768.5,19.25
5686,768.6,25.76
5687,768.7,34.32
5688,768.8,45.48
5689,768.9,59.938
5690,769.0,78.66
5691,769.1,102.7
5692,769.2,133.3
5693,769.3,172.181
5694,769.4,221.4
5695,769.5,283.2
5696,769.6,360.4
5697,769.7,456.3
5698,769.8,574.68
5699,769.9,720.3
5700,770.0,898.2
5701,770.1,1114.0
5702,770.2,1374.991
5703,770.3,1689.0
5704,770.4,2064.0
5705,770.5,2509.0
5706,770.6,3035.0
5707,770.7,3652.219
5708,770.8,4373.0
5709,770.9,5210.0
5710,771.0,6175.0
5711,771.1,7281.524
5712,771.2,8544.0
5713,771.3,9974.0
5714,771.4,11580.0
5715,771.5,13390.0
5716,771.6,15397.416
5717,771.7,17610.0
5718,771.8,20040.0
5719,771.9,22690.0
5720,772.0,25558.706
5721,772.1,28650.0
5722,772.2,31960.0
5723,772.3,35460.0
5724,772.4,39150.0
5725,772.5,43001.955
5726,772.6,46990.0
5727,772.7,51090.0
5728,772.8,55270.0
5729,772.9,59490.0
5730,773.0,63708.222
5731,773.1,67880.0
5732,773.2,71960.0
5733,773.3,75900.0
5734,773.4,79643.562
5735,773.5,83150.0
5736,773.6,86380.0
5737,773.7,89280.0
5738,773.8,91800.0
5739,773.9,93921.697
5740,774.0,95610.0
5741,774.1,96830.0
5742,774.2,97570.0
5743,774.3,97814.923
5744,774.4,97570.0
5745,774.5,96840.0
5746,774.6,95620.0
5747,774.7,93950.0
5748,774.8,91838.326
5749,774.9,89320.0
5750,775.0,86440.0
5751,775.1,83240.0
5752,775.2,79757.287
5753,775.3,76040.0
5754,775.4,72140.0
5755,775.5,68110.0
5756,775.6,64000.0
5757,775.7,59863.665
5758,775.8,55740.0
5759,775.9,51670.0
5760,776.0,47710.0
5761,776.1,43888.256
5762,776.2,40240.0
5763,776.3,36800.0
5764,776.4,33590.0
5765,776.5,30640.0
5766,776.6,27956.16
5767,776.7,25560.0
5768,776.8,23470.0
5769,776.9,21680.0
5770,777.0,20211.82
5771,777.1,19060.0
5772,777.2,18220.0
5773,777.3,17710.0
5774,777.4,17500.0
5775,777.5,17610.419
5776,777.6,18030.0
5777,777.7,18740.0
5778,777.8,19740.0
5779,777.9,21020.0
5780,778.0,22570.133
5781,778.1,24370.0
5782,778.2,26400.0
5783,778.3,28650.0
5784,778.4,31092.887
5785,778.5,33710.0
5786,778.6,36480.0
5787,778.7,39360.0
5788,778.8,42320.0
5789,778.9,45342.282
5790,779.0,48380.0
5791,779.1,51390.0
5792,779.2,54360.0
5793,779.3,57230.038
5794,779.4,59960.0
5795,779.5,62520.0
5796,779.6,64880.0
5797,779.7,67000.0
5798,779.8,68853.629
5799,779.9,70410.0
5800,780.0,71640.0
5801,780.1,72530.0
5802,780.2,73068.179
5803,780.3,73250.0
5804,780.4,73070.0
5805,780.5,72520.0
5806,780.6,71620.0
5807,780.7,70377.808
5808,780.8,68810.0
5809,780.9,66940.0
5810,781.0,64800.0
5811,781.1,62414.793
5812,781.2,59820.0
5813,781.3,57050.0
5814,781.4,54130.0
5815,781.5,51110.0
5816,781.6,48013.28
5817,781.7,44880.0
5818,781.8,41750.0
5819,781.9,38640.0
5820,782.0,35580.982
5821,782.1,32600.0
5822,782.2,29720.0
5823,782.3,26960.0
5824,782.4,24340.0
5825,782.5,21858.245
5826,782.6,19530.0
5827,782.7,17370.0
5828,782.8,15370.0
5829,782.9,13530.0
5830,783.0,11851.538
5831,783.1,10330.0
5832,783.2,8959.0
5833,783.3,7731.0
5834,783.4,6637.939
5835,783.5,5671.0
5836,783.6,4821.0
5837,783.7,4078.0
5838,783.8,3432.0
5839,783.9,2873.963
5840,784.0,2395.0
5841,784.1,1986.0
5842,784.2,1638.0
5843,784.3,1344.916
5844,784.4,1099.0
5845,784.5,892.8
5846,784.6,722.0
5847,784.7,581.0
5848,784.8,465.095
5849,784.9,370.5
5850,785.0,293.7
5851,785.1,231.7
5852,785.2,181.84
5853,785.3,142.0
5854,785.4,110.3
5855,785.5,85.28
5856,785.6,65.6
5857,785.7,50.197
5858,785.8,38.24
5859,785.9,28.98
5860,786.0,21.85
5861,786.1,16.389
5862,786.2,12.24
5863,786.3,9.092
5864,786.4,6.72
5865,786.5,4.942
5866,786.6,3.614
5867,786.7,2.633
5868,786.8,1.908
5869,786.9,1.376
5870,787.0,0.987
5871,787.1,0.705
5872,787.2,0.502
5873,787.3,0.356
5874,787.4,0.252
5875,787.5,0.179
5876,787.6,0.129
5877,787.7,0.096
5878,787.8,0.075
5879,787.9,0.066
5880,788.0,0.065
5881,788.1,0.074
5882,788.2,0.094
5883,788.3,0.127
5884,788.4,0.177
5885,788.5,0.25
5886,788.6,0.354
5887,788.7,0.502
5888,788.8,0.71
5889,788.9,0.999
5890,789.0,1.402
5891,789.1,1.957
5892,789.2,2.718
5893,789.3,3.756
5894,789.4,5.171
5895,789.5,7.082
5896,789.6,9.653
5897,789.7,13.09
5898,789.8,17.661
5899,789.9,23.74
5900,790.0,31.75
5901,790.1,42.24
5902,790.2,55.92
5903,790.3,73.72
5904,790.4,96.69
5905,790.5,126.2
5906,790.6,163.9
5907,790.7,211.88
5908,790.8,272.7
5909,790.9,349.2
5910,791.0,445.0
5911,791.1,564.337
5912,791.2,712.3
5913,791.3,894.7
5914,791.4,1119.0
5915,791.5,1392.0
5916,791.6,1722.893
5917,791.7,2123.0
5918,791.8,2604.0
5919,791.9,3178.0
5920,792.0,3859.513
5921,792.1,4665.0
5922,792.2,5612.0
5923,792.3,6720.0
5924,792.4,8006.0
5925,792.5,9490.061
5926,792.6,11200.0
5927,792.7,13160.0
5928,792.8,15380.0
5929,792.9,17890.0
5930,793.0,20710.36
5931,793.1,23860.0
5932,793.2,27360.0
5933,793.3,31230.0
5934,793.4,35467.281
5935,793.5,40080.0
5936,793.6,45080.0
5937,793.7,50470.0
5938,793.8,56230.0
5939,793.9,62341.626
5940,794.0,68790.0
5941,794.1,75550.0
5942,794.2,82570.0
5943,794.3,89829.196
5944,794.4,97230.0
5945,794.5,104700.0
5946,794.6,112300.0
5947,794.7,119900.0
5948,794.8,127347.191
5949,794.9,134600.0
5950,795.0,141600.0
5951,795.1,148200.0
5952,795.2,154480.503
5953,795.3,160300.0
5954,795.4,165500.0
5955,795.5,170100.0
5956,795.6,174000.0
5957,795.7,177268.688
5958,795.8,179800.0
5959,795.9,181500.0
5960,796.0,182500.0
5961,796.1,182756.131
5962,796.2,182300.0
5963,796.3,181200.0
5964,796.4,179500.0
5965,796.5,177200.0
5966,796.6,174465.27
5967,796.7,171400.0
5968,796.8,168100.0
5969,796.9,164700.0
5970,797.0,161233.839
5971,797.1,157900.0
5972,797.2,154900.0
5973,797.3,152300.0
5974,797.4,150300.0
5975,797.5,148956.592
5976,797.6,148400.0
5977,797.7,148800.0
5978,797.8,150300.0
5979,797.9,152900.0
5980,798.0,156755.89
5981,798.1,162000.0
5982,798.2,168700.0
5983,798.3,176800.0
5984,798.4,186389.658
5985,798.5,197500.0
5986,798.6,210100.0
5987,798.7,224100.0
5988,798.8,239600.0
5989,798.9,256472.01
5990,799.0,274600.0
5991,799.1,293900.0
5992,799.2,314300.0
5993,799.3,335651.34
5994,799.4,357800.0
5995,799.5,380600.0
5996,799.6,403900.0
5997,799.7,427500.0
5998,799.8,451270.257
5999,799.9,475000.0
6000,800.0,498500.0
6001,800.1,521700.0
6002,800.2,544318.516
6003,800.3,566200.0
6004,800.4,587200.0
6005,800.5,607100.0
6006,800.6,625900.0
6007,800.7,643399.633
6008,800.8,659500.0
6009,800.9,674100.0
6010,801.0,687000.0
6011,801.1,698266.083
6012,801.2,707800.0
6013,801.3,715500.0
6014,801.4,721400.0
6015,801.5,725300.0
6016,801.6,727374.439
6017,801.7,727600.0
6018,801.8,725900.0
6019,801.9,722300.0
6020,802.0,716795.65
6021,802.1,709500.0
6022,802.2,700500.0
6023,802.3,689700.0
6024,802.4,677200.0
6025,802.5,663150.687
6026,802.6,647600.0
6027,802.7,630600.0
6028,802.8,612300.0
6029,802.9,592800.0
6030,803.0,572240.544
6031,803.1,550700.0
6032,803.2,528300.0
6033,803.3,505300.0
6034,803.4,481650.923
6035,803.5,457600.0
6036,803.6,433400.0
6037,803.7,409000.0
6038,803.8,384600.0
6039,803.9,360427.509
6040,804.0,336600.0
6041,804.1,313200.0
6042,804.2,290300.0
6043,804.3,268060.649
6044,804.4,246600.0
6045,804.5,226000.0
6046,804.6,206300.0
6047,804.7,187600.0
6048,804.8,169885.782
6049,804.9,153200.0
6050,805.0,137600.0
6051,805.1,123100.0
6052,805.2,109688.276
6053,805.3,97330.0
6054,805.4,85990.0
6055,805.5,75650.0
6056,805.6,66280.0
6057,805.7,57821.703
6058,805.8,50230.0
6059,805.9,43460.0
6060,806.0,37450.0
6061,806.1,32145.416
6062,806.2,27490.0
6063,806.3,23430.0
6064,806.4,19920.0
6065,806.5,16900.0
6066,806.6,14332.182
6067,806.7,12170.0
6068,806.8,10370.0
6069,806.9,8911.0
6070,807.0,7755.79
6071,807.1,6880.0
6072,807.2,6265.0
6073,807.3,5896.0
6074,807.4,5763.0
6075,807.5,5861.131
6076,807.6,6191.0
6077,807.7,6756.0
6078,807.8,7566.0
6079,807.9,8634.0
6080,808.0,9978.729
6081,808.1,11620.0
6082,808.2,13580.0
6083,808.3,15890.0
6084,808.4,18580.431
6085,808.5,21680.0
6086,808.6,25220.0
6087,808.7,29240.0
6088,808.8,33770.0
6089,808.9,38836.739
6090,809.0,44470.0
6091,809.1,50700.0
6092,809.2,57550.0
6093,809.3,65023.833
6094,809.4,73130.0
6095,809.5,81880.0
6096,809.6,91260.0
6097,809.7,101200.0
6098,809.8,111767.169
6099,809.9,122900.0
6100,810.0,134500.0
6101,810.1,146500.0
6102,810.2,158829.604
6103,810.3,171400.0
6104,810.4,184100.0
6105,810.5,196800.0
6106,810.6,209500.0
6107,810.7,221995.659
6108,810.8,234100.0
6109,810.9,245700.0
6110,811.0,256800.0
6111,811.1,267145.269
6112,811.2,276600.0
6113,811.3,285100.0
6114,811.4,292600.0
6115,811.5,298900.0
6116,811.6,303952.867
6117,811.7,307700.0
6118,811.8,310100.0
6119,811.9,311200.0
6120,812.0,310924.5
6121,812.1,309300.0
6122,812.2,306400.0
6123,812.3,302300.0
6124,812.4,297000.0
6125,812.5,290663.401
6126,812.6,283400.0
6127,812.7,275300.0
6128,812.8,266500.0
6129,812.9,257200.0
6130,813.0,247576.772
6131,813.1,237700.0
6132,813.2,227700.0
6133,813.3,217900.0
6134,813.4,208216.674
6135,813.5,198900.0
6136,813.6,190200.0
6137,813.7,182000.0
6138,813.8,174500.0
6139,813.9,167843.197
6140,814.0,162100.0
6141,814.1,157300.0
6142,814.2,153400.0
6143,814.3,150524.347
6144,814.4,148700.0
6145,814.5,147900.0
6146,814.6,148100.0
6147,814.7,149400.0
6148,814.8,151609.388
6149,814.9,154700.0
6150,815.0,158700.0
6151,815.1,163600.0
6152,815.2,169372.833
6153,815.3,175900.0
6154,815.4,183100.0
6155,815.5,191100.0
6156,815.6,199900.0
6157,815.7,209328.5
6158,815.8,219400.0
6159,815.9,230200.0
6160,816.0,241800.0
6161,816.1,254098.508
6162,816.2,267200.0
6163,816.3,281200.0
6164,816.4,296000.0
6165,816.5,311800.0
6166,816.6,328651.539
6167,816.7,346600.0
6168,816.8,365700.0
6169,816.9,386000.0
6170,817.0,407595.092
6171,817.1,430500.0
6172,817.2,454700.0
6173,817.3,480200.0
6174,817.4,507100.0
6175,817.5,535336.414
6176,817.6,564800.0
6177,817.7,595400.0
6178,817.8,627100.0
6179,817.9,659800.0
6180,818.0,693300.991
6181,818.1,727400.0
6182,818.2,761900.0
6183,818.3,796600.0
6184,818.4,831269.898
6185,818.5,865700.0
6186,818.6,899600.0
6187,818.7,932500.0
6188,818.8,964300.0
6189,818.9,994399.499
6190,819.0,1023000.0
6191,819.1,1050000.0
6192,819.2,1074000.0
6193,819.3,1096048.802
6194,819.4,1115000.0
6195,819.5,1130000.0
6196,819.6,1143000.0
6197,819.7,1152000.0
6198,819.8,1157268.563
6199,819.9,1159000.0
6200,820.0,1157000.0
6201,820.1,1151000.0
6202,820.2,1141794.573
6203,820.3,1129000.0
6204,820.4,1112000.0
6205,820.5,1091000.0
6206,820.6,1067000.0
6207,820.7,1040551.021
6208,820.8,1011000.0
6209,820.9,978000.0
6210,821.0,943000.0
6211,821.1,906020.062
6212,821.2,867200.0
6213,821.3,826900.0
6214,821.4,785600.0
6215,821.5,743500.0
6216,821.6,700914.216
6217,821.7,658200.0
6218,821.8,615700.0
6219,821.9,573700.0
6220,822.0,532446.191
6221,822.1,492200.0
6222,822.2,453200.0
6223,822.3,415600.0
6224,822.4,379600.0
6225,822.5,345278.99
6226,822.6,312800.0
6227,822.7,282300.0
6228,822.8,253700.0
6229,822.9,227000.0
6230,823.0,202392.647
6231,823.1,179800.0
6232,823.2,159100.0
6233,823.3,140300.0
6234,823.4,123331.195
6235,823.5,108100.0
6236,823.6,94530.0
6237,823.7,82580.0
6238,823.8,72130.0
6239,823.9,63107.763
6240,824.0,55430.0
6241,824.1,49010.0
6242,824.2,43780.0
6243,824.3,39677.876
6244,824.4,36640.0
6245,824.5,34610.0
6246,824.6,33560.0
6247,824.7,33460.0
6248,824.8,34280.899
6249,824.9,36010.0
6250,825.0,38640.0
6251,825.1,42170.0
6252,825.2,46607.86
6253,825.3,51970.0
6254,825.4,58270.0
6255,825.5,65510.0
6256,825.6,73710.0
6257,825.7,82879.177
6258,825.8,93040.0
6259,825.9,104200.0
6260,826.0,116300.0
6261,826.1,129320.524
6262,826.2,143300.0
6263,826.3,158200.0
6264,826.4,173800.0
6265,826.5,190300.0
6266,826.6,207442.878
6267,826.7,225100.0
6268,826.8,243200.0
6269,826.9,261600.0
6270,827.0,280151.696
6271,827.1,298700.0
6272,827.2,317100.0
6273,827.3,335200.0
6274,827.4,352700.0
6275,827.5,369493.563
6276,827.6,385400.0
6277,827.7,400200.0
6278,827.8,413700.0
6279,827.9,425800.0
6280,828.0,436304.798
6281,828.1,445100.0
6282,828.2,452100.0
6283,828.3,457200.0
6284,828.4,460271.177
6285,828.5,461300.0
6286,828.6,460300.0
6287,828.7,457300.0
6288,828.8,452400.0
6289,828.9,445528.302
6290,829.0,436800.0
6291,829.1,426400.0
6292,829.2,414500.0
6293,829.3,401168.042
6294,829.4,386600.0
6295,829.5,371000.0
6296,829.6,354500.0
6297,829.7,337400.0
6298,829.8,319891.559
6299,829.9,302100.0
6300,830.0,284200.0
6301,830.1,266500.0
6302,830.2,249064.735
6303,830.3,232100.0
6304,830.4,215800.0
6305,830.5,200200.0
6306,830.6,185600.0
6307,830.7,171951.905
6308,830.8,159400.0
6309,830.9,148100.0
6310,831.0,138000.0
6311,831.1,129231.239
6312,831.2,121800.0
6313,831.3,115700.0
6314,831.4,111000.0
6315,831.5,107600.0
6316,831.6,105630.48
6317,831.7,105000.0
6318,831.8,105600.0
6319,831.9,107500.0
6320,832.0,110581.327
6321,832.1,114800.0
6322,832.2,120100.0
6323,832.3,126300.0
6324,832.4,133400.0
6325,832.5,141295.736
6326,832.6,149900.0
6327,832.7,159100.0
6328,832.8,168700.0
6329,832.9,178700.0
6330,833.0,188845.506
6331,833.1,199000.0
6332,833.2,209100.0
6333,833.3,219100.0
6334,833.4,228765.331
6335,833.5,237900.0
6336,833.6,246400.0
6337,833.7,254300.0
6338,833.8,261300.0
6339,833.9,267422.847
6340,834.0,272600.0
6341,834.1,276700.0
6342,834.2,279600.0
6343,834.3,281324.565
6344,834.4,281900.0
6345,834.5,281300.0
6346,834.6,279400.0
6347,834.7,276300.0
6348,834.8,272080.9
6349,834.9,266800.0
6350,835.0,260500.0
6351,835.1,253200.0
6352,835.2,245028.708
6353,835.3,236100.0
6354,835.4,226500.0
6355,835.5,216300.0
6356,835.6,205700.0
6357,835.7,194776.879
6358,835.8,183600.0
6359,835.9,172300.0
6360,836.0,161100.0
6361,836.1,149896.55
6362,836.2,138800.0
6363,836.3,128000.0
6364,836.4,117600.0
6365,836.5,107500.0
6366,836.6,97858.812
6367,836.7,88710.0
6368,836.8,80050.0
6369,836.9,71930.0
6370,837.0,64348.817
6371,837.1,57310.0
6372,837.2,50820.0
6373,837.3,44870.0
6374,837.4,39440.0
6375,837.5,34517.873
6376,837.6,30080.0
6377,837.7,26100.0
6378,837.8,22550.0
6379,837.9,19390.0
6380,838.0,16604.492
6381,838.1,14160.0
6382,838.2,12020.0
6383,838.3,10160.0
6384,838.4,8549.348
6385,838.5,7162.0
6386,838.6,5974.0
6387,838.7,4962.0
6388,838.8,4103.0
6389,838.9,3377.76
6390,839.0,2769.0
6391,839.1,2260.0
6392,839.2,1836.0
6393,839.3,1485.461
6394,839.4,1197.0
6395,839.5,959.9
6396,839.6,766.5
6397,839.7,609.4
6398,839.8,482.343
6399,839.9,380.2
6400,840.0,298.3
6401,840.1,233.0
6402,840.2,181.205
6403,840.3,140.4
6404,840.4,108.3
6405,840.5,83.11
6406,840.6,63.53
6407,840.7,48.336
6408,840.8,36.63
6409,840.9,27.64
6410,841.0,20.76
6411,841.1,15.519
6412,841.2,11.56
6413,841.3,8.57
6414,841.4,6.326
6415,841.5,4.649
6416,841.6,3.4
6417,841.7,2.478
6418,841.8,1.797
6419,841.9,1.298
6420,842.0,0.933
6421,842.1,0.668
6422,842.2,0.476
6423,842.3,0.338
6424,842.4,0.239
6425,842.5,0.168
6426,842.6,0.118
6427,842.7,0.082
6428,842.8,0.057
6429,842.9,0.039
6430,843.0,0.027
6431,843.1,0.019
6432,843.2,0.013
6433,843.3,0.009
6434,843.4,0.006
6435,843.5,0.004
6436,843.6,0.003
6437,843.7,0.002
6438,843.8,0.001
6439,843.9,0.001
6440,844.0,0.001
6441,844.1,0.001
6442,844.2,0.001
6443,844.3,0.001
6444,844.4,0.002
6445,844.5,0.003
6446,844.6,0.004
6447,844.7,0.006
6448,844.8,0.008
6449,844.9,0.012
6450,845.0,0.017
6451,845.1,0.024
6452,845.2,0.035
6453,845.3,0.049
6454,845.4,0.07
6455,845.5,0.098
6456,845.6,0.138
6457,845.7,0.193
6458,845.8,0.269
6459,845.9,0.374
6460,846.0,0.517
6461,846.1,0.711
6462,846.2,0.975
6463,846.3,1.33
6464,846.4,1.808
6465,846.5,2.447
6466,846.6,3.297
6467,846.7,4.427
6468,846.8,5.917
6469,846.9,7.875
6470,847.0,10.437
6471,847.1,13.78
6472,847.2,18.11
6473,847.3,23.71
6474,847.4,30.9
6475,847.5,40.101
6476,847.6,51.85
6477,847.7,66.75
6478,847.8,85.57
6479,847.9,109.2
6480,848.0,138.836
6481,848.1,175.8
6482,848.2,221.6
6483,848.3,278.3
6484,848.4,347.88
6485,848.5,433.1
6486,848.6,537.0
6487,848.7,663.0
6488,848.8,815.2
6489,848.9,998.009
6490,849.0,1217.0
6491,849.1,1478.0
6492,849.2,1787.0
6493,849.3,2151.484
6494,849.4,2580.0
6495,849.5,3081.0
6496,849.6,3663.0
6497,849.7,4338.0
6498,849.8,5115.901
6499,849.9,6008.0
6500,850.0,7026.0
6501,850.1,8182.0
6502,850.2,9490.571
6503,850.3,10960.0
6504,850.4,12600.0
6505,850.5,14430.0
6506,850.6,16460.0
6507,850.7,18698.635
6508,850.8,21150.0
6509,850.9,23820.0
6510,851.0,26720.0
6511,851.1,29841.339
6512,851.2,33190.0
6513,851.3,36770.0
6514,851.4,40560.0
6515,851.5,44550.0
6516,851.6,48735.019
6517,851.7,53090.0
6518,851.8,57590.0
6519,851.9,62220.0
6520,852.0,66931.233
6521,852.1,71700.0
6522,852.2,76500.0
6523,852.3,81270.0
6524,852.4,85980.0
6525,852.5,90584.614
6526,852.6,95040.0
6527,852.7,99300.0
6528,852.8,103300.0
6529,852.9,107000.0
6530,853.0,110435.21
6531,853.1,113500.0
6532,853.2,116100.0
6533,853.3,118300.0
6534,853.4,120028.979
6535,853.5,121300.0
6536,853.6,122100.0
6537,853.7,122300.0
6538,853.8,122100.0
6539,853.9,121379.634
6540,854.0,120100.0
6541,854.1,118300.0
6542,854.2,116100.0
6543,854.3,113530.007
6544,854.4,110500.0
6545,854.5,107000.0
6546,854.6,103300.0
6547,854.7,99300.0
6548,854.8,95044.718
6549,854.9,90590.0
6550,855.0,85980.0
6551,855.1,81270.0
6552,855.2,76499.593
6553,855.3,71710.0
6554,855.4,66940.0
6555,855.5,62220.0
6556,855.6,57600.0
6557,855.7,53101.862
6558,855.8,48750.0
6559,855.9,44570.0
6560,856.0,40580.0
6561,856.1,36796.252
6562,856.2,33230.0
6563,856.3,29890.0
6564,856.4,26780.0
6565,856.5,23900.0
6566,856.6,21246.728
6567,856.7,18820.0
6568,856.8,16620.0
6569,856.9,14640.0
6570,857.0,12860.696
6571,857.1,11280.0
6572,857.2,9896.0
6573,857.3,8691.0
6574,857.4,7660.0
6575,857.5,6794.66
6576,857.6,6088.0
6577,857.7,5534.0
6578,857.8,5128.0
6579,857.9,4869.0
6580,858.0,4753.681
6581,858.1,4783.0
6582,858.2,4960.0
6583,858.3,5290.0
6584,858.4,5777.941
6585,858.5,6433.0
6586,858.6,7266.0
6587,858.7,8290.0
6588,858.8,9520.0
6589,858.9,10970.763
6590,859.0,12660.0
6591,859.1,14610.0
6592,859.2,16850.0
6593,859.3,19386.449
6594,859.4,22240.0
6595,859.5,25440.0
6596,859.6,29020.0
6597,859.7,32990.0
6598,859.8,37375.958
6599,859.9,42200.0
6600,860.0,47480.0
6601,860.1,53230.0
6602,860.2,59469.822
6603,860.3,66210.0
6604,860.4,73460.0
6605,860.5,81230.0
6606,860.6,89510.0
6607,860.7,98301.869
6608,860.8,107600.0
6609,860.9,117400.0
6610,861.0,127700.0
6611,861.1,138460.1
6612,861.2,149700.0
6613,861.3,161400.0
6614,861.4,173400.0
6615,861.5,185800.0
6616,861.6,198576.91
6617,861.7,211600.0
6618,861.8,224800.0
6619,861.9,238300.0
6620,862.0,251929.021
6621,862.1,265700.0
6622,862.2,279600.0
6623,862.3,293400.0
6624,862.4,307300.0
6625,862.5,321015.594
6626,862.6,334600.0
6627,862.7,348100.0
6628,862.8,361200.0
6629,862.9,374100.0
6630,863.0,386647.104
6631,863.1,398700.0
6632,863.2,410200.0
6633,863.3,421200.0
6634,863.4,431575.01
6635,863.5,441200.0
6636,863.6,450000.0
6637,863.7,458000.0
6638,863.8,465100.0
6639,863.9,471190.018
6640,864.0,476200.0
6641,864.1,480100.0
6642,864.2,482900.0
6643,864.3,484383.906
6644,864.4,484600.0
6645,864.5,483600.0
6646,864.6,481200.0
6647,864.7,477500.0
6648,864.8,472530.962
6649,864.9,466200.0
6650,865.0,458500.0
6651,865.1,449700.0
6652,865.2,439650.233
6653,865.3,428400.0
6654,865.4,416100.0
6655,865.5,402900.0
6656,865.6,388800.0
6657,865.7,373933.831
6658,865.8,358400.0
6659,865.9,342300.0
6660,866.0,325800.0
6661,866.1,308979.946
6662,866.2,292000.0
6663,866.3,275000.0
6664,866.4,258000.0
6665,866.5,241200.0
6666,866.6,224617.426
6667,866.7,208400.0
6668,866.8,192700.0
6669,866.9,177500.0
6670,867.0,162830.419
6671,867.1,148800.0
6672,867.2,135500.0
6673,867.3,122900.0
6674,867.4,111000.0
6675,867.5,99909.815
6676,867.6,89600.0
6677,867.7,80020.0
6678,867.8,71190.0
6679,867.9,63080.0
6680,868.0,55675.706
6681,868.1,48950.0
6682,868.2,42870.0
6683,868.3,37400.0
6684,868.4,32494.889
6685,868.5,28120.0
6686,868.6,24240.0
6687,868.7,20810.0
6688,868.8,17800.0
6689,868.9,15160.502
6690,869.0,12860.0
6691,869.1,10870.0
6692,869.2,9151.0
6693,869.3,7672.606
6694,869.4,6408.0
6695,869.5,5331.0
6696,869.6,4418.0
6697,869.7,3648.0
6698,869.8,3001.713
6699,869.9,2462.0
6700,870.0,2013.0
6701,870.1,1642.0
6702,870.2,1337.545
6703,870.3,1090.0
6704,870.4,890.4
6705,870.5,731.1
6706,870.6,606.4
6707,870.7,511.066
6708,870.8,441.1
6709,870.9,393.1
6710,871.0,364.7
6711,871.1,353.885
6712,871.2,359.4
6713,871.3,380.4
6714,871.4,416.8
6715,871.5,468.5
6716,871.6,536.068
6717,871.7,620.5
6718,871.8,722.9
6719,871.9,844.6
6720,872.0,987.237
6721,872.1,1153.0
6722,872.2,1344.0
6723,872.3,1562.0
6724,872.4,1810.0
6725,872.5,2089.846
6726,872.6,2404.0
6727,872.7,2755.0
6728,872.8,3145.0
6729,872.9,3577.0
6730,873.0,4052.472
6731,873.1,4573.0
6732,873.2,5140.0
6733,873.3,5754.0
6734,873.4,6416.391
6735,873.5,7127.0
6736,873.6,7885.0
6737,873.7,8689.0
6738,873.8,9537.0
6739,873.9,10424.868
6740,874.0,11350.0
6741,874.1,12310.0
6742,874.2,13300.0
6743,874.3,14311.58
6744,874.4,15340.0
6745,874.5,16380.0
6746,874.6,17420.0
6747,874.7,18450.0
6748,874.8,19463.552
6749,874.9,20450.0
6750,875.0,21400.0
6751,875.1,22310.0
6752,875.2,23164.415
6753,875.3,23960.0
6754,875.4,24690.0
6755,875.5,25330.0
6756,875.6,25890.0
6757,875.7,26353.62
6758,875.8,26720.0
6759,875.9,26990.0
6760,876.0,27150.0
6761,876.1,27202.811
6762,876.2,27150.0
6763,876.3,26990.0
6764,876.4,26720.0
6765,876.5,26350.0
6766,876.6,25884.456
6767,876.7,25330.0
6768,876.8,24690.0
6769,876.9,23960.0
6770,877.0,23164.583
6771,877.1,22310.0
6772,877.2,21400.0
6773,877.3,20450.0
6774,877.4,19460.0
6775,877.5,18447.752
6776,877.6,17420.0
6777,877.7,16380.0
6778,877.8,15340.0
6779,877.9,14320.0
6780,878.0,13306.124
6781,878.1,12310.0
6782,878.2,11350.0
6783,878.3,10430.0
6784,878.4,9540.501
6785,878.5,8689.0
6786,878.6,7885.0
6787,878.7,7127.0
6788,878.8,6417.0
6789,878.9,5754.641
6790,879.0,5140.0
6791,879.1,4573.0
6792,879.2,4052.0
6793,879.3,3576.763
6794,879.4,3145.0
6795,879.5,2754.0
6796,879.6,2402.0
6797,879.7,2087.0
6798,879.8,1806.208
6799,879.9,1557.0
6800,880.0,1337.0
6801,880.1,1144.0
6802,880.2,974.618
6803,880.3,826.9
6804,880.4,699.1
6805,880.5,588.7
6806,880.6,493.9
6807,880.7,412.818
6808,880.8,343.8
6809,880.9,285.3
6810,881.0,235.9
6811,881.1,194.39
6812,881.2,159.7
6813,881.3,130.8
6814,881.4,106.8
6815,881.5,87.04
6816,881.6,70.78
6817,881.7,57.47
6818,881.8,46.63
6819,881.9,37.83
6820,882.0,30.718
6821,882.1,25.01
6822,882.2,20.44
6823,882.3,16.78
6824,882.4,13.88
6825,882.5,11.577
6826,882.6,9.756
6827,882.7,8.321
6828,882.8,7.192
6829,882.9,6.302
6830,883.0,5.6
6831,883.1,5.046
6832,883.2,4.605
6833,883.3,4.251
6834,883.4,3.964
6835,883.5,3.727
6836,883.6,3.528
6837,883.7,3.359
6838,883.8,3.212
6839,883.9,3.082
6840,884.0,2.965
6841,884.1,2.858
6842,884.2,2.759
6843,884.3,2.667
6844,884.4,2.581
6845,884.5,2.501
6846,884.6,2.426
6847,884.7,2.356
6848,884.8,2.291
6849,884.9,2.232
6850,885.0,2.177
6851,885.1,2.127
6852,885.2,2.082
6853,885.3,2.042
6854,885.4,2.005
6855,885.5,1.973
6856,885.6,1.945
6857,885.7,1.919
6858,885.8,1.896
6859,885.9,1.876
6860,886.0,1.857
6861,886.1,1.839
6862,886.2,1.821
6863,886.3,1.804
6864,886.4,1.785
6865,886.5,1.766
6866,886.6,1.745
6867,886.7,1.722
6868,886.8,1.696
6869,886.9,1.668
6870,887.0,1.637
6871,887.1,1.603
6872,887.2,1.565
6873,887.3,1.525
6874,887.4,1.482
6875,887.5,1.435
6876,887.6,1.386
6877,887.7,1.335
6878,887.8,1.281
6879,887.9,1.225
6880,888.0,1.168
6881,888.1,1.11
6882,888.2,1.05
6883,888.3,0.991
6884,888.4,0.932
6885,888.5,0.873
6886,888.6,0.814
6887,888.7,0.757
6888,888.8,0.701
6889,888.9,0.647
6890,889.0,0.595
6891,889.1,0.545
6892,889.2,0.497
6893,889.3,0.452
6894,889.4,0.41
6895,889.5,0.37
6896,889.6,0.332
6897,889.7,0.297
6898,889.8,0.265
6899,889.9,0.236
6900,890.0,0.209
6901,890.1,0.184
6902,890.2,0.161
6903,890.3,0.141
6904,890.4,0.123
6905,890.5,0.107
6906,890.6,0.093
6907,890.7,0.08
6908,890.8,0.068
6909,890.9,0.058
6910,891.0,0.05
6911,891.1,0.042
6912,891.2,0.036
6913,891.3,0.03
6914,891.4,0.025
6915,891.5,0.021
6916,891.6,0.018
6917,891.7,0.015
6918,891.8,0.012
6919,891.9,0.01
6920,892.0,0.008
6921,892.1,0.007
6922,892.2,0.005
6923,892.3,0.004
6924,892.4,0.004
6925,892.5,0.003
6926,892.6,0.002
6927,892.7,0.002
6928,892.8,0.001
6929,892.9,0.001
6930,893.0,0.001
6931,893.1,0.001
6932,893.2,0.001
6933,893.3,0.0
6934,893.4,0.0
6935,893.5,0.0
6936,893.6,0.0
6937,893.7,0.0
6938,893.8,0.0
6939,893.9,0.0
6940,894.0,0.0
6941,894.1,0.0
6942,894.2,0.0
6943,894.3,0.0
6944,894.4,0.0
6945,894.5,0.0
6946,894.6,0.0
6947,894.7,0.0
6948,894.8,0.0
6949,894.9,0.0
6950,895.0,0.0
6951,895.1,0.0
6952,895.2,0.0
6953,895.3,0.0
6954,895.4,0.0
6955,895.5,0.0
6956,895.6,0.0
6957,895.7,0.0
6958,895.8,0.0
6959,895.9,0.0
6960,896.0,0.0
6961,896.1,0.0
6962,896.2,0.0
6963,896.3,0.0
6964,896.4,0.0
6965,896.5,0.0
6966,896.6,0.0
6967,896.7,0.0
6968,896.8,0.0
6969,896.9,0.0
6970,897.0,0.0
6971,897.1,0.0
6972,897.2,0.0
6973,897.3,0.0
6974,897.4,0.0
6975,897.5,0.0
6976,897.6,0.0
6977,897.7,0.0
6978,897.8,0.0
6979,897.9,0.0
6980,898.0,0.0
6981,898.1,0.0
6982,898.2,0.0
6983,898.3,0.0
6984,898.4,0.0
6985,898.5,0.0
6986,898.6,0.0
6987,898.7,0.0
6988,898.8,0.0
6989,898.9,0.0
6990,899.0,0.0
6991,899.1,0.0
6992,899.2,0.0
6993,899.3,0.0
6994,899.4,0.0
6995,899.5,0.0
6996,899.6,0.0
6997,899.7,0.0
6998,899.8,0.0
6999,899.9,0.0
7000,900.0,0.0
7001,900.1,0.0
7002,900.2,0.0
7003,900.3,0.0
7004,900.4,0.0
7005,900.5,0.0
7006,900.6,0.0
7007,900.7,0.0
7008,900.8,0.0
7009,900.9,0.0
7010,901.0,0.0
7011,901.1,0.0
7012,901.2,0.0
7013,901.3,0.0
7014,901.4,0.0
7015,901.5,0.0
7016,901.6,0.0
7017,901.7,0.0
7018,901.8,0.0
7019,901.9,0.0
7020,902.0,0.0
7021,902.1,0.0
7022,902.2,0.0
7023,902.3,0.0
7024,902.4,0.0
7025,902.5,0.0
7026,902.6,0.0
7027,902.7,0.0
7028,902.8,0.0
7029,902.9,0.0
7030,903.0,0.0
7031,903.1,0.0
7032,903.2,0.0
7033,903.3,0.0
7034,903.4,0.0
7035,903.5,0.0
7036,903.6,0.0
7037,903.7,0.001
7038,903.8,0.001
7039,903.9,0.001
7040,904.0,0.002
7041,904.1,0.003
7042,904.2,0.004
7043,904.3,0.005
7044,904.4,0.007
7045,904.5,0.01
7046,904.6,0.014
7047,904.7,0.02
7048,904.8,0.027
7049,904.9,0.037
7050,905.0,0.051
7051,905.1,0.07
7052,905.2,0.096
7053,905.3,0.131
7054,905.4,0.177
7055,905.5,0.239
7056,905.6,0.322
7057,905.7,0.432
7058,905.8,0.577
7059,905.9,0.768
7060,906.0,1.019
7061,906.1,1.346
7062,906.2,1.773
7063,906.3,2.326
7064,906.4,3.041
7065,906.5,3.96
7066,906.6,5.137
7067,906.7,6.644
7068,906.8,8.558
7069,906.9,10.98
7070,907.0,14.044
7071,907.1,17.9
7072,907.2,22.72
7073,907.3,28.74
7074,907.4,36.22
7075,907.5,45.477
7076,907.6,56.91
7077,907.7,70.95
7078,907.8,88.12
7079,907.9,109.1
7080,908.0,134.504
7081,908.1,165.2
7082,908.2,202.2
7083,908.3,246.7
7084,908.4,299.763
7085,908.5,362.9
7086,908.6,437.8
7087,908.7,526.3
7088,908.8,630.3
7089,908.9,752.157
7090,909.0,894.2
7091,909.1,1059.0
7092,909.2,1250.0
7093,909.3,1470.145
7094,909.4,1723.0
7095,909.5,2012.0
7096,909.6,2340.0
7097,909.7,2712.0
7098,909.8,3131.459
7099,909.9,3603.0
7100,910.0,4131.0
7101,910.1,4718.0
7102,910.2,5369.31
7103,910.3,6089.0
7104,910.4,6880.0
7105,910.5,7744.0
7106,910.6,8686.0
7107,910.7,9708.978
7108,910.8,10810.0
7109,910.9,11990.0
7110,911.0,13260.0
7111,911.1,14601.525
7112,911.2,16020.0
7113,911.3,17520.0
7114,911.4,19080.0
7115,911.5,20710.0
7116,911.6,22402.713
7117,911.7,24140.0
7118,911.8,25910.0
7119,911.9,27720.0
7120,912.0,29549.033
7121,912.1,31380.0
7122,912.2,33200.0
7123,912.3,35000.0
7124,912.4,36770.0
7125,912.5,38485.917
7126,912.6,40130.0
7127,912.7,41690.0
7128,912.8,43160.0
7129,912.9,44520.0
7130,913.0,45755.719
7131,913.1,46850.0
7132,913.2,47790.0
7133,913.3,48580.0
7134,913.4,49207.416
7135,913.5,49660.0
7136,913.6,49930.0
7137,913.7,50020.0
7138,913.8,49930.0
7139,913.9,49658.411
7140,914.0,49210.0
7141,914.1,48590.0
7142,914.2,47800.0
7143,914.3,46847.717
7144,914.4,45750.0
7145,914.5,44520.0
7146,914.6,43160.0
7147,914.7,41700.0
7148,914.8,40136.912
7149,914.9,38490.0
7150,915.0,36780.0
7151,915.1,35010.0
7152,915.2,33214.502
7153,915.3,31400.0
7154,915.4,29570.0
7155,915.5,27750.0
7156,915.6,25950.0
7157,915.7,24183.089
7158,915.8,22460.0
7159,915.9,20790.0
7160,916.0,19180.0
7161,916.1,17633.01
7162,916.2,16160.0
7163,916.3,14770.0
7164,916.4,13460.0
7165,916.5,12240.0
7166,916.6,11111.044
7167,916.7,10070.0
7168,916.8,9116.0
7169,916.9,8255.0
7170,917.0,7484.741
7171,917.1,6804.0
7172,917.2,6212.0
7173,917.3,5706.0
7174,917.4,5284.0
7175,917.5,4945.844
7176,917.6,4690.0
7177,917.7,4514.0
7178,917.8,4415.0
7179,917.9,4394.0
7180,918.0,4448.052
7181,918.1,4576.0
7182,918.2,4777.0
7183,918.3,5049.0
7184,918.4,5392.422
7185,918.5,5806.0
7186,918.6,6288.0
7187,918.7,6837.0
7188,918.8,7451.0
7189,918.9,8130.036
7190,919.0,8871.0
7191,919.1,9671.0
7192,919.2,10530.0
7193,919.3,11441.682
7194,919.4,12400.0
7195,919.5,13400.0
7196,919.6,14440.0
7197,919.7,15520.0
7198,919.8,16627.479
7199,919.9,17750.0
7200,920.0,18880.0
7201,920.1,20020.0
7202,920.2,21156.376
7203,920.3,22280.0
7204,920.4,23380.0
7205,920.5,24440.0
7206,920.6,25470.0
7207,920.7,26439.98
7208,920.8,27350.0
7209,920.9,28200.0
7210,921.0,28960.0
7211,921.1,29643.731
7212,921.2,30240.0
7213,921.3,30730.0
7214,921.4,31110.0
7215,921.5,31390.0
7216,921.6,31562.486
7217,921.7,31620.0
7218,921.8,31560.0
7219,921.9,31390.0
7220,922.0,31108.463
7221,922.1,30720.0
7222,922.2,30230.0
7223,922.3,29640.0
7224,922.4,28960.0
7225,922.5,28196.096
7226,922.6,27350.0
7227,922.7,26430.0
7228,922.8,25460.0
7229,922.9,24430.0
7230,923.0,23361.343
7231,923.1,22260.0
7232,923.2,21130.0
7233,923.3,19990.0
7234,923.4,18843.191
7235,923.5,17700.0
7236,923.6,16570.0
7237,923.7,15450.0
7238,923.8,14350.0
7239,923.9,13286.792
7240,924.0,12260.0
7241,924.1,11270.0
7242,924.2,10330.0
7243,924.3,9428.344
7244,924.4,8571.0
7245,924.5,7767.0
7246,924.6,7013.0
7247,924.7,6310.0
7248,924.8,5657.299
7249,924.9,5054.0
7250,925.0,4499.0
7251,925.1,3990.0
7252,925.2,3525.925
7253,925.3,3105.0
7254,925.4,2725.0
7255,925.5,2383.0
7256,925.6,2076.0
7257,925.7,1802.158
7258,925.8,1559.0
7259,925.9,1344.0
7260,926.0,1155.0
7261,926.1,988.795
7262,926.2,843.5
7263,926.3,717.5
7264,926.4,608.6
7265,926.5,514.8
7266,926.6,434.57
7267,926.7,366.5
7268,926.8,309.2
7269,926.9,261.4
7270,927.0,222.098
7271,927.1,190.5
7272,927.2,165.9
7273,927.3,147.8
7274,927.4,135.8
7275,927.5,129.741
7276,927.6,129.6
7277,927.7,135.5
7278,927.8,148.0
7279,927.9,167.6
7280,928.0,195.199
7281,928.1,231.9
7282,928.2,279.0
7283,928.3,338.4
7284,928.4,412.02
7285,928.5,502.4
7286,928.6,612.4
7287,928.7,745.5
7288,928.8,905.5
7289,928.9,1096.746
7290,929.0,1325.0
7291,929.1,1596.0
7292,929.2,1915.0
7293,929.3,2290.558
7294,929.4,2731.0
7295,929.5,3245.0
7296,929.6,3843.0
7297,929.7,4534.0
7298,929.8,5331.051
7299,929.9,6247.0
7300,930.0,7295.0
7301,930.1,8489.0
7302,930.2,9839.534
7303,930.3,11370.0
7304,930.4,13100.0
7305,930.5,15030.0
7306,930.6,17190.0
7307,930.7,19594.709
7308,930.8,22250.0
7309,930.9,25170.0
7310,931.0,28390.0
7311,931.1,31905.243
7312,931.2,35730.0
7313,931.3,39880.0
7314,931.4,44350.0
7315,931.5,49150.0
7316,931.6,54280.771
7317,931.7,59740.0
7318,931.8,65520.0
7319,931.9,71600.0
7320,932.0,77981.768
7321,932.1,84640.0
7322,932.2,91540.0
7323,932.3,98660.0
7324,932.4,106000.0
7325,932.5,113460.059
7326,932.6,121000.0
7327,932.7,128600.0
7328,932.8,136200.0
7329,932.9,143700.0
7330,933.0,151185.909
7331,933.1,158500.0
7332,933.2,165500.0
7333,933.3,172300.0
7334,933.4,178700.185
7335,933.5,184700.0
7336,933.6,190300.0
7337,933.7,195300.0
7338,933.8,199800.0
7339,933.9,203697.222
7340,934.0,206900.0
7341,934.1,209400.0
7342,934.2,211300.0
7343,934.3,212371.058
7344,934.4,212700.0
7345,934.5,212400.0
7346,934.6,211300.0
7347,934.7,209400.0
7348,934.8,206880.689
7349,934.9,203700.0
7350,935.0,199800.0
7351,935.1,195300.0
7352,935.2,190251.909
7353,935.3,184700.0
7354,935.4,178700.0
7355,935.5,172300.0
7356,935.6,165500.0
7357,935.7,158470.031
7358,935.8,151200.0
7359,935.9,143700.0
7360,936.0,136200.0
7361,936.1,128631.524
7362,936.2,121000.0
7363,936.3,113400.0
7364,936.4,106000.0
7365,936.5,98690.0
7366,936.6,91570.287
7367,936.7,84680.0
7368,936.8,78030.0
7369,936.9,71660.0
7370,937.0,65590.547
7371,937.1,59830.0
7372,937.2,54390.0
7373,937.3,49290.0
7374,937.4,44520.0
7375,937.5,40090.683
7376,937.6,36000.0
7377,937.7,32240.0
7378,937.8,28800.0
7379,937.9,25670.0
7380,938.0,22853.526
7381,938.1,20330.0
7382,938.2,18080.0
7383,938.3,16110.0
7384,938.4,14403.144
7385,938.5,12940.0
7386,938.6,11710.0
7387,938.7,10720.0
7388,938.8,9945.0
7389,938.9,9384.103
7390,939.0,9034.0
7391,939.1,8889.0
7392,939.2,8947.0
7393,939.3,9208.89
7394,939.4,9672.0
7395,939.5,10340.0
7396,939.6,11230.0
7397,939.7,12320.0
7398,939.8,13637.344
7399,939.9,15190.0
7400,940.0,16980.0
7401,940.1,19020.0
7402,940.2,21313.486
7403,940.3,23870.0
7404,940.4,26700.0
7405,940.5,29810.0
7406,940.6,33210.0
7407,940.7,36898.682
7408,940.8,40880.0
7409,940.9,45160.0
7410,941.0,49740.0
7411,941.1,54607.081
7412,941.2,59750.0
7413,941.3,65160.0
7414,941.4,70830.0
7415,941.5,76740.0
7416,941.6,82857.991
7417,941.7,89160.0
7418,941.8,95620.0
7419,941.9,102200.0
7420,942.0,108877.282
7421,942.1,115600.0
7422,942.2,122300.0
7423,942.3,128900.0
7424,942.4,135400.0
7425,942.5,141808.076
7426,942.6,148000.0
7427,942.7,153900.0
7428,942.8,159600.0
7429,942.9,164800.0
7430,943.0,169658.57
7431,943.1,174100.0
7432,943.2,178000.0
7433,943.3,181400.0
7434,943.4,184206.088
7435,943.5,186400.0
7436,943.6,188000.0
7437,943.7,189000.0
7438,943.8,189300.0
7439,943.9,188964.482
7440,944.0,188000.0
7441,944.1,186400.0
7442,944.2,184200.0
7443,944.3,181385.373
7444,944.4,178000.0
7445,944.5,174100.0
7446,944.6,169700.0
7447,944.7,164800.0
7448,944.8,159510.158
7449,944.9,153900.0
7450,945.0,148000.0
7451,945.1,141800.0
7452,945.2,135409.953
7453,945.3,128900.0
7454,945.4,122300.0
7455,945.5,115600.0
7456,945.6,108900.0
7457,945.7,102217.873
7458,945.8,95610.0
7459,945.9,89140.0
7460,946.0,82830.0
7461,946.1,76704.664
7462,946.2,70790.0
7463,946.3,65110.0
7464,946.4,59680.0
7465,946.5,54510.0
7466,946.6,49627.701
7467,946.7,45030.0
7468,946.8,40710.0
7469,946.9,36680.0
7470,947.0,32940.359
7471,947.1,29480.0
7472,947.2,26290.0
7473,947.3,23370.0
7474,947.4,20700.0
7475,947.5,18274.431
7476,947.6,16080.0
7477,947.7,14100.0
7478,947.8,12320.0
7479,947.9,10730.0
7480,948.0,9311.798
7481,948.1,8053.0
7482,948.2,6942.0
7483,948.3,5963.0
7484,948.4,5104.486
7485,948.5,4355.0
7486,948.6,3703.0
7487,948.7,3138.0
7488,948.8,2650.0
7489,948.9,2230.64
7490,949.0,1871.0
7491,949.1,1563.0
7492,949.2,1302.0
7493,949.3,1081.098
7494,949.4,894.6
7495,949.5,737.6
7496,949.6,606.1
7497,949.7,496.3
7498,949.8,405.027
7499,949.9,329.5
7500,950.0,267.1
7501,950.1,215.7
7502,950.2,173.6
7503,950.3,139.3
7504,950.4,111.4
7505,950.5,88.78
7506,950.6,70.5
7507,950.7,55.789
7508,950.8,44.01
7509,950.9,34.59
7510,951.0,27.1
7511,951.1,21.155
7512,951.2,16.46
7513,951.3,12.76
7514,951.4,9.861
7515,951.5,7.594
7516,951.6,5.827
7517,951.7,4.458
7518,951.8,3.398
7519,951.9,2.581
7520,952.0,1.953
7521,952.1,1.474
7522,952.2,1.109
7523,952.3,0.831
7524,952.4,0.62
7525,952.5,0.461
7526,952.6,0.342
7527,952.7,0.253
7528,952.8,0.187
7529,952.9,0.137
7530,953.0,0.1
7531,953.1,0.073
7532,953.2,0.053
7533,953.3,0.038
7534,953.4,0.028
7535,953.5,0.02
7536,953.6,0.014
7537,953.7,0.01
7538,953.8,0.007
7539,953.9,0.005
7540,954.0,0.004
7541,954.1,0.003
7542,954.2,0.002
7543,954.3,0.001
7544,954.4,0.001
7545,954.5,0.001
7546,954.6,0.0
7547,954.7,0.0
7548,954.8,0.0
7549,954.9,0.0
7550,955.0,0.0
7551,955.1,0.0
7552,955.2,0.0
7553,955.3,0.0
7554,955.4,0.0
7555,955.5,0.0
7556,955.6,0.0
7557,955.7,0.0
7558,955.8,0.0
7559,955.9,0.0
7560,956.0,0.0
7561,956.1,0.0
7562,956.2,0.0
7563,956.3,0.0
7564,956.4,0.0
7565,956.5,0.0
7566,956.6,0.0
7567,956.7,0.0
7568,956.8,0.0
7569,956.9,0.0
7570,957.0,0.0
7571,957.1,0.0
7572,957.2,0.0
7573,957.3,0.0
7574,957.4,0.0
7575,957.5,0.0
7576,957.6,0.0
7577,957.7,0.0
7578,957.8,0.0
7579,957.9,0.0
7580,958.0,0.0
7581,958.1,0.0
7582,958.2,0.0
7583,958.3,0.0
7584,958.4,0.0
7585,958.5,0.0
7586,958.6,0.0
7587,958.7,0.0
7588,958.8,0.0
7589,958.9,0.0
7590,959.0,0.0
7591,959.1,0.0
7592,959.2,0.0
7593,959.3,0.0
7594,959.4,0.0
7595,959.5,0.0
7596,959.6,0.0
7597,959.7,0.0
7598,959.8,0.0
7599,959.9,0.0
7600,960.0,0.0
7601,960.1,0.0
7602,960.2,0.0
7603,960.3,0.0
7604,960.4,0.0
7605,960.5,0.0
7606,960.6,0.0
7607,960.7,0.0
7608,960.8,0.0
7609,960.9,0.0
7610,961.0,0.0
7611,961.1,0.0
7612,961.2,0.0
7613,961.3,0.0
7614,961.4,0.0
7615,961.5,0.0
7616,961.6,0.0
7617,961.7,0.0
7618,961.8,0.0
7619,961.9,0.0
7620,962.0,0.0
7621,962.1,0.0
7622,962.2,0.0
7623,962.3,0.0
7624,962.4,0.0
7625,962.5,0.0
7626,962.6,0.0
7627,962.7,0.0
7628,962.8,0.0
7629,962.9,0.0
7630,963.0,0.0
7631,963.1,0.0
7632,963.2,0.0
7633,963.3,0.0
7634,963.4,0.0
7635,963.5,0.0
7636,963.6,0.0
7637,963.7,0.0
7638,963.8,0.0
7639,963.9,0.0
7640,964.0,0.0
7641,964.1,0.0
7642,964.2,0.0
7643,964.3,0.0
7644,964.4,0.0
7645,964.5,0.0
7646,964.6,0.0
7647,964.7,0.0
7648,964.8,0.0
7649,964.9,0.0
7650,965.0,0.0
7651,965.1,0.0
7652,965.2,0.0
7653,965.3,0.0
7654,965.4,0.0
7655,965.5,0.0
7656,965.6,0.0
7657,965.7,0.0
7658,965.8,0.0
7659,965.9,0.0
7660,966.0,0.0
7661,966.1,0.0
7662,966.2,0.0
7663,966.3,0.0
7664,966.4,0.0
7665,966.5,0.0
7666,966.6,0.0
7667,966.7,0.0
7668,966.8,0.0
7669,966.9,0.0
7670,967.0,0.0
7671,967.1,0.0
7672,967.2,0.0
7673,967.3,0.0
7674,967.4,0.0
7675,967.5,0.0
7676,967.6,0.0
7677,967.7,0.0
7678,967.8,0.0
7679,967.9,0.0
7680,968.0,0.0
7681,968.1,0.0
7682,968.2,0.0
7683,968.3,0.0
7684,968.4,0.0
7685,968.5,0.0
7686,968.6,0.0
7687,968.7,0.0
7688,968.8,0.0
7689,968.9,0.0
7690,969.0,0.0
7691,969.1,0.0
7692,969.2,0.0
7693,969.3,0.0
7694,969.4,0.0
7695,969.5,0.0
7696,969.6,0.0
7697,969.7,0.0
7698,969.8,0.0
7699,969.9,0.0
7700,970.0,0.0
7701,970.1,0.0
7702,970.2,0.0
7703,970.3,0.0
7704,970.4,0.0
7705,970.5,0.0
7706,970.6,0.0
7707,970.7,0.0
7708,970.8,0.0
7709,970.9,0.0
7710,971.0,0.0
7711,971.1,0.0
7712,971.2,0.0
7713,971.3,0.0
7714,971.4,0.0
7715,971.5,0.0
7716,971.6,0.0
7717,971.7,0.0
7718,971.8,0.0
7719,971.9,0.0
7720,972.0,0.0
7721,972.1,0.0
7722,972.2,0.0
7723,972.3,0.0
7724,972.4,0.0
7725,972.5,0.0
7726,972.6,0.0
7727,972.7,0.0
7728,972.8,0.0
7729,972.9,0.0
7730,973.0,0.0
7731,973.1,0.0
7732,973.2,0.0
7733,973.3,0.0
7734,973.4,0.0
7735,973.5,0.0
7736,973.6,0.0
7737,973.7,0.0
7738,973.8,0.0
7739,973.9,0.0
7740,974.0,0.0
7741,974.1,0.0
7742,974.2,0.0
7743,974.3,0.0
7744,974.4,0.0
7745,974.5,0.0
7746,974.6,0.0
7747,974.7,0.0
7748,974.8,0.0
7749,974.9,0.0
7750,975.0,0.0
7751,975.1,0.0
7752,975.2,0.0
7753,975.3,0.0
7754,975.4,0.0
7755,975.5,0.0
7756,975.6,0.0
7757,975.7,0.0
7758,975.8,0.0
7759,975.9,0.0
7760,976.0,0.0
7761,976.1,0.0
7762,976.2,0.0
7763,976.3,0.0
7764,976.4,0.0
7765,976.5,0.0
7766,976.6,0.0
7767,976.7,0.0
7768,976.8,0.0
7769,976.9,0.0
7770,977.0,0.0
7771,977.1,0.0
7772,977.2,0.0
7773,977.3,0.0
7774,977.4,0.0
7775,977.5,0.0
7776,977.6,0.0
7777,977.7,0.0
7778,977.8,0.0
7779,977.9,0.0
7780,978.0,0.0
7781,978.1,0.0
7782,978.2,0.0
7783,978.3,0.0
7784,978.4,0.0
7785,978.5,0.0
7786,978.6,0.0
7787,978.7,0.0
7788,978.8,0.0
7789,978.9,0.0
7790,979.0,0.0
7791,979.1,0.0
7792,979.2,0.0
7793,979.3,0.0
7794,979.4,0.0
7795,979.5,0.0
7796,979.6,0.0
7797,979.7,0.0
7798,979.8,0.0
7799,979.9,0.0
7800,980.0,0.0
7801,980.1,0.0
7802,980.2,0.0
7803,980.3,0.0
7804,980.4,0.0
7805,980.5,0.0
7806,980.6,0.0
7807,980.7,0.0
7808,980.8,0.0
7809,980.9,0.0
7810,981.0,0.0
7811,981.1,0.0
7812,981.2,0.0
7813,981.3,0.0
7814,981.4,0.0
7815,981.5,0.0
7816,981.6,0.0
7817,981.7,0.0
7818,981.8,0.0
7819,981.9,0.0
7820,982.0,0.0
7821,982.1,0.0
7822,982.2,0.0
7823,982.3,0.0
7824,982.4,0.0
7825,982.5,0.0
7826,982.6,0.0
7827,982.7,0.0
7828,982.8,0.0
7829,982.9,0.0
7830,983.0,0.0
7831,983.1,0.0
7832,983.2,0.0
7833,983.3,0.0
7834,983.4,0.0
7835,983.5,0.0
7836,983.6,0.0
7837,983.7,0.0
7838,983.8,0.0
7839,983.9,0.0
7840,984.0,0.0
7841,984.1,0.0
7842,984.2,0.0
7843,984.3,0.0
7844,984.4,0.0
7845,984.5,0.0
7846,984.6,0.0
7847,984.7,0.0
7848,984.8,0.0
7849,984.9,0.0
7850,985.0,0.0
7851,985.1,0.0
7852,985.2,0.0
7853,985.3,0.0
7854,985.4,0.0
7855,985.5,0.0
7856,985.6,0.0
7857,985.7,0.0
7858,985.8,0.0
7859,985.9,0.0
7860,986.0,0.0
7861,986.1,0.0
7862,986.2,0.0
7863,986.3,0.0
7864,986.4,0.0
7865,986.5,0.0
7866,986.6,0.0
7867,986.7,0.0
7868,986.8,0.0
7869,986.9,0.0
7870,987.0,0.0
7871,987.1,0.0
7872,987.2,0.0
7873,987.3,0.0
7874,987.4,0.0
7875,987.5,0.0
7876,987.6,0.0
7877,987.7,0.0
7878,987.8,0.0
7879,987.9,0.0
7880,988.0,0.0
7881,988.1,0.0
7882,988.2,0.0
7883,988.3,0.0
7884,988.4,0.0
7885,988.5,0.0
7886,988.6,0.0
7887,988.7,0.0
7888,988.8,0.0
7889,988.9,0.0
7890,989.0,0.0
7891,989.1,0.0
7892,989.2,0.0
7893,989.3,0.0
7894,989.4,0.0
7895,989.5,0.0
7896,989.6,0.0
7897,989.7,0.0
7898,989.8,0.0
7899,989.9,0.0
7900,990.0,0.0
7901,990.1,0.0
7902,990.2,0.0
7903,990.3,0.0
7904,990.4,0.0
7905,990.5,0.0
7906,990.6,0.0
7907,990.7,0.0
7908,990.8,0.0
7909,990.9,0.0
7910,991.0,0.0
7911,991.1,0.0
7912,991.2,0.0
7913,991.3,0.0
7914,991.4,0.0
7915,991.5,0.0
7916,991.6,0.0
7917,991.7,0.0
7918,991.8,0.0
7919,991.9,0.0
7920,992.0,0.0
7921,992.1,0.0
7922,992.2,0.0
7923,992.3,0.0
7924,992.4,0.0
7925,992.5,0.0
7926,992.6,0.0
7927,992.7,0.0
7928,992.8,0.0
7929,992.9,0.0
7930,993.0,0.0
7931,993.1,0.0
7932,993.2,0.0
7933,993.3,0.0
7934,993.4,0.0
7935,993.5,0.0
7936,993.6,0.0
7937,993.7,0.0
7938,993.8,0.0
7939,993.9,0.0
7940,994.0,0.0
7941,994.1,0.0
7942,994.2,0.0
7943,994.3,0.0
7944,994.4,0.0
7945,994.5,0.0
7946,994.6,0.0
7947,994.7,0.0
7948,994.8,0.0
7949,994.9,0.0
7950,995.0,0.0
7951,995.1,0.0
7952,995.2,0.0
7953,995.3,0.0
7954,995.4,0.0
7955,995.5,0.0
7956,995.6,0.0
7957,995.7,0.0
7958,995.8,0.0
7959,995.9,0.0
7960,996.0,0.0
7961,996.1,0.0
7962,996.2,0.0
7963,996.3,0.0
7964,996.4,0.0
7965,996.5,0.0
7966,996.6,0.0
7967,996.7,0.0
7968,996.8,0.0
7969,996.9,0.0
7970,997.0,0.0
7971,997.1,0.0
7972,997.2,0.0
7973,997.3,0.0
7974,997.4,0.0
7975,997.5,0.0
7976,997.6,0.0
7977,997.7,0.0
7978,997.8,0.0
7979,997.9,0.0
7980,998.0,0.0
7981,998.1,0.0
7982,998.2,0.0
7983,998.3,0.0
7984,998.4,0.0
7985,998.5,0.0
7986,998.6,0.0
7987,998.7,0.0
7988,998.8,0.0
7989,998.9,0.0
7990,999.0,0.0
7991,999.1,0.0
7992,999.2,0.0
7993,999.3,0.0
7994,999.4,0.0
7995,999.5,0.0
7996,999.6,0.0
7997,999.7,0.0
7998,999.8,0.0
7999,999.9,0.0
