,wavelength,intensity
0,200.0,2780000.0
1,200.1,3932814.194
2,200.2,4680054.129
3,200.3,4681815.197
4,200.4,3946000.916
5,200.5,2818178.808
6,200.6,1752824.007
7,200.7,1049534.316
8,200.8,768522.742
9,200.9,790072.276
10,201.0,929185.26
11,201.1,1019000.0
12,201.2,970269.235
13,201.3,788566.26
14,201.4,546182.672
15,201.5,322971.195
16,201.6,163350.818
17,201.7,70949.434
18,201.8,26506.887
19,201.9,8518.759
20,202.0,2371.254
21,202.1,565.187
22,202.2,117.4
23,202.3,22.949
24,202.4,20.4
25,202.5,214.022
26,202.6,1630.462
27,202.7,11788.071
28,202.8,69210.0
29,202.9,344117.279
30,203.0,1463066.557
31,203.1,5243319.467
32,203.2,15962268.892
33,203.3,41171552.896
34,203.4,90217942.026
35,203.5,168263767.237
36,203.6,267886320.527
37,203.7,365303276.142
38,203.8,428939558.032
39,203.9,436100000.0
40,204.0,386628721.624
41,204.1,300653828.925
42,204.2,206099564.575
43,204.3,124626147.785
44,204.4,66443226.392
45,204.5,31060263.079
46,204.6,12656595.868
47,204.7,4458023.446
48,204.8,1354235.675
49,204.9,350875.726
50,205.0,78120.0
51,205.1,14742.037
52,205.2,2465.908
53,205.3,996.059
54,205.4,4617.21
55,205.5,24853.472
56,205.6,115285.173
57,205.7,455222.345
58,205.8,1525392.888
59,205.9,4348721.732
60,206.0,10548081.813
61,206.1,21780000.0
62,206.2,38450008.301
63,206.3,58255884.725
64,206.4,76384588.851
65,206.5,87815546.939
66,206.6,90218821.44
67,206.7,84641461.747
68,206.8,73889999.653
69,206.9,60491321.681
70,207.0,46576785.836
71,207.1,34805856.658
72,207.2,28500000.0
73,207.3,30258194.338
74,207.4,40129152.732
75,207.5,54426293.237
76,207.6,66726448.473
77,207.7,70968771.356
78,207.8,65060000.0
79,207.9,52477961.499
80,208.0,40270056.322
81,208.1,35243595.756
82,208.2,40580711.791
83,208.3,54600750.087
84,208.4,71242355.988
85,208.5,83012660.717
86,208.6,84854723.668
87,208.7,76710156.368
88,208.8,62661530.473
89,208.9,47580000.0
90,209.0,34559618.883
91,209.1,24740696.031
92,209.2,18901484.339
93,209.3,18381154.92
94,209.4,24663379.032
95,209.5,37859516.928
96,209.6,55250441.474
97,209.7,71435260.716
98,209.8,80814158.808
99,209.9,80992569.589
100,210.0,74200000.0
101,210.1,64984598.009
102,210.2,56541915.627
103,210.3,48967260.549
104,210.4,40677037.215
105,210.5,31000365.81
106,210.6,21110350.835
107,210.7,13094314.523
108,210.8,8776368.396
109,210.9,9384034.543
110,211.0,15817006.477
111,211.1,28390000.0
112,211.2,45713028.508
113,211.3,63853360.425
114,211.4,77373741.625
115,211.5,82436425.423
116,211.6,79569718.818
117,211.7,73225061.732
118,211.8,68131788.259
119,211.9,65610492.564
120,212.0,63076268.254
121,212.1,57027236.412
122,212.2,46330000.0
123,212.3,32972068.413
124,212.4,20323774.347
125,212.5,10836593.4
126,212.6,5147996.443
127,212.7,2674228.744
128,212.8,2707000.0
129,212.9,5037225.886
130,213.0,9843972.922
131,213.1,17001070.168
132,213.2,25278800.267
133,213.3,32277543.718
134,213.4,35381077.828
135,213.5,33280998.452
136,213.6,26866306.14
137,213.7,18622225.575
138,213.8,11069315.73
139,213.9,5651000.0
140,214.0,2475395.449
141,214.1,930149.371
142,214.2,299713.457
143,214.3,83097.128
144,214.4,19704.679
145,214.5,4023.726
146,214.6,710.991
147,214.7,102.248
148,214.8,14.13
149,214.9,1.347
150,215.0,0.144
151,215.1,0.017
152,215.2,0.0
153,215.3,0.0
154,215.4,0.0
155,215.5,0.0
156,215.6,0.0
157,215.7,0.0
158,215.8,0.0
159,215.9,0.0
160,216.0,0.0
161,216.1,0.0
162,216.2,0.0
163,216.3,0.0
164,216.4,0.0
165,216.5,0.0
166,216.6,0.0
167,216.7,0.0
168,216.8,0.0
169,216.9,0.0
170,217.0,0.0
171,217.1,0.0
172,217.2,0.0
173,217.3,0.0
174,217.4,0.0
175,217.5,0.0
176,217.6,0.0
177,217.7,0.0
178,217.8,0.0
179,217.9,0.0
180,218.0,0.0
181,218.1,0.0
182,218.2,0.0
183,218.3,0.0
184,218.4,0.0
185,218.5,0.0
186,218.6,0.0
187,218.7,0.0
188,218.8,0.0
189,218.9,0.0
190,219.0,0.0
191,219.1,0.0
192,219.2,0.0
193,219.3,0.0
194,219.4,0.0
195,219.5,0.0
196,219.6,0.0
197,219.7,0.0
198,219.8,0.0
199,219.9,0.0
200,220.0,0.0
201,220.1,0.0
202,220.2,0.0
203,220.3,0.0
204,220.4,0.0
205,220.5,0.0
206,220.6,0.0
207,220.7,0.0
208,220.8,0.0
209,220.9,0.0
210,221.0,0.0
211,221.1,0.0
212,221.2,0.002
213,221.3,0.045
214,221.4,0.388
215,221.5,4.33
216,221.6,34.056
217,221.7,246.408
218,221.8,1583.223
219,221.9,8577.068
220,222.0,41724.925
221,222.1,174059.382
222,222.2,636800.0
223,222.3,2033966.799
224,222.4,5691084.418
225,222.5,14005619.937
226,222.6,30400178.48
227,222.7,58450742.252
228,222.8,100099999.999
229,222.9,153299335.392
230,223.0,210953712.722
231,223.1,261663164.097
232,223.2,292707068.162
233,223.3,294547890.894
234,223.4,265911407.33
235,223.5,214229060.497
236,223.6,153299944.559
237,223.7,97036392.659
238,223.8,54081435.71
239,223.9,26470000.0
240,224.0,11339457.248
241,224.1,4252431.154
242,224.2,1389042.229
243,224.3,397271.665
244,224.4,98693.678
245,224.5,21426.23
246,224.6,4077.225
247,224.7,647.695
248,224.8,97.723
249,224.9,12.398
250,225.0,9.99
251,225.1,47.284
252,225.2,227.526
253,225.3,945.446
254,225.4,3467.099
255,225.5,11056.577
256,225.6,30936.541
257,225.7,76059.987
258,225.8,165212.09
259,225.9,319791.581
260,226.0,560673.338
261,226.1,917200.0
262,226.2,1477112.338
263,226.3,2562969.25
264,226.4,5275880.771
265,226.5,12758032.949
266,226.6,32869799.531
267,226.7,81449986.695
268,226.8,183988624.774
269,226.9,369937967.829
270,227.0,654956193.319
271,227.1,1016986470.873
272,227.2,1382999999.995
273,227.3,1644507292.326
274,227.4,1711140288.418
275,227.5,1556322668.637
276,227.6,1237874220.605
277,227.7,861163626.98
278,227.8,524900000.005
279,227.9,281383177.115
280,228.0,134106012.283
281,228.1,58364687.571
282,228.2,24718440.818
283,228.3,11185837.234
284,228.4,5775172.21
285,228.5,3291474.333
286,228.6,1974806.601
287,228.7,1294599.32
288,228.8,1022262.319
289,228.9,967200.0
290,229.0,962210.256
291,229.1,903148.822
292,229.2,761246.503
293,229.3,566459.129
294,229.4,370001.465
295,229.5,211826.587
296,229.6,106264.073
297,229.7,46630.527
298,229.8,17939.28
299,229.9,6051.892
300,230.0,1864.0
301,230.1,824.52
302,230.2,1545.28
303,230.3,4995.295
304,230.4,15166.919
305,230.5,40650.411
306,230.6,96350.086
307,230.7,203008.105
308,230.8,383526.875
309,230.9,660395.444
310,231.0,1061915.391
311,231.1,1657000.0
312,231.2,2626158.319
313,231.3,4390956.327
314,231.4,7782280.943
315,231.5,14136195.041
316,231.6,25105516.57
317,231.7,41798994.607
318,231.8,63503371.05
319,231.9,86575780.61
320,232.0,104966517.671
321,232.1,112519962.387
322,232.2,106400000.0
323,232.3,88589581.431
324,232.4,65075681.984
325,232.5,42340686.363
326,232.6,24901000.599
327,232.7,14179241.395
328,232.8,9448000.0
329,232.9,9087738.875
330,233.0,11476366.194
331,233.1,15146120.949
332,233.2,18714185.018
333,233.3,20921238.222
334,233.4,20958677.665
335,233.5,18780224.902
336,233.6,15041846.104
337,233.7,10773963.373
338,233.8,6914354.989
339,233.9,4005000.0
340,234.0,2151153.119
341,234.1,1191618.754
342,234.2,880011.362
343,234.3,989661.789
344,234.4,1329978.397
345,234.5,1728668.4
346,234.6,2024160.248
347,234.7,2099051.114
348,234.8,1920848.211
349,234.9,1549538.933
350,235.0,1101000.0
351,235.1,690048.567
352,235.2,380822.626
353,235.3,185335.043
354,235.4,79629.245
355,235.5,31100.05
356,235.6,14903.639
357,235.7,22482.533
358,235.8,69194.198
359,235.9,212590.099
360,236.0,581093.384
361,236.1,1406000.0
362,236.2,3007985.094
363,236.3,5703521.638
364,236.4,9633486.214
365,236.5,14609109.808
366,236.6,20281926.04
367,236.7,26621417.312
368,236.8,34589026.286
369,236.9,46187280.087
370,237.0,63414908.935
371,237.1,86283782.251
372,237.2,111100000.0
373,237.3,131168679.977
374,237.4,139240864.589
375,237.5,131666377.786
376,237.6,110418865.004
377,237.7,81981938.304
378,237.8,53830000.001
379,237.9,31257452.714
380,238.0,16039946.054
381,238.1,7274071.346
382,238.2,2915692.457
383,238.3,1032943.646
384,238.4,323587.854
385,238.5,89720.917
386,238.6,23906.91
387,238.7,13156.98
388,238.8,32929.036
389,238.9,107400.0
390,239.0,320689.622
391,239.1,856710.848
392,239.2,2048315.252
393,239.3,4387577.924
394,239.4,8443453.184
395,239.5,14629171.068
396,239.6,22906163.672
397,239.7,32523004.666
398,239.8,42049152.706
399,239.9,49700344.095
400,240.0,53920000.0
401,240.1,53835878.516
402,240.2,49512435.716
403,240.3,41919362.207
404,240.4,32594126.222
405,240.5,23180551.997
406,240.6,15016077.423
407,240.7,8820141.029
408,240.8,4675819.768
409,240.9,2229307.947
410,241.0,952898.07
411,241.1,364400.0
412,241.2,124395.739
413,241.3,38052.242
414,241.4,12107.529
415,241.5,12086.034
416,241.6,44814.824
417,241.7,180410.43
418,241.8,654339.232
419,241.9,2106501.376
420,242.0,6047453.367
421,242.1,15422019.16
422,242.2,34979999.999
423,242.3,70580015.069
424,242.4,126661070.27
425,242.5,202151129.85
426,242.6,287070505.813
427,242.7,362682428.786
428,242.8,408199999.999
429,242.9,410312264.353
430,243.0,371621005.268
431,243.1,310869799.279
432,243.2,256431544.587
433,243.3,235092713.696
434,243.4,262197972.907
435,243.5,336158291.554
436,243.6,437203416.889
437,243.7,533121489.764
438,243.8,590472082.013
439,243.9,588000000.001
440,244.0,525423172.264
441,244.1,422535413.223
442,244.2,307733424.955
443,244.3,206512073.672
444,244.4,133606305.874
445,244.5,93425995.384
446,244.6,85701318.596
447,244.7,110759320.507
448,244.8,171677809.869
449,244.9,270565454.737
450,245.0,401699999.996
451,245.1,545223553.049
452,245.2,668317634.372
453,245.3,736365476.168
454,245.4,728223234.36
455,245.5,647313939.355
456,245.6,519627702.662
457,245.7,380185552.093
458,245.8,258376938.023
459,245.9,168495254.839
460,246.0,111834029.761
461,246.1,82350000.0
462,246.2,73280210.194
463,246.3,79268857.177
464,246.4,95500875.572
465,246.5,116066818.296
466,246.6,133747619.485
467,246.7,142449432.771
468,246.8,139353228.6
469,246.9,126273045.093
470,247.0,108491595.001
471,247.1,91478348.574
472,247.2,78250000.0
473,247.3,68598805.648
474,247.4,60420689.451
475,247.5,51905605.511
476,247.6,42657772.805
477,247.7,33654410.347
478,247.8,26200000.0
479,247.9,21152843.105
480,248.0,18802268.102
481,248.1,19226019.806
482,248.2,22674211.56
483,248.3,29473340.858
484,248.4,39548644.633
485,248.5,52091168.558
486,248.6,65598031.839
487,248.7,78394270.143
488,248.8,89044004.037
489,248.9,96550000.0
490,249.0,100077580.836
491,249.1,99210471.417
492,249.2,94556625.397
493,249.3,88666293.248
494,249.4,86001567.884
495,249.5,91449427.411
496,249.6,107705667.529
497,249.7,132932303.206
498,249.8,160226493.843
499,249.9,180149705.445
500,250.0,185000000.0
501,250.1,172563772.843
502,250.2,147375943.68
503,250.3,118352233.229
504,250.4,94523278.195
505,250.5,81031719.892
506,250.6,77823803.217
507,250.7,80784040.965
508,250.8,84707273.373
509,250.9,86406884.75
510,251.0,86494632.762
511,251.1,89210000.0
512,251.2,100275159.126
513,251.3,123979838.859
514,251.4,160533447.811
515,251.5,205167755.97
516,251.6,249123409.889
517,251.7,282735111.803
518,251.8,298277267.666
519,251.9,293216371.746
520,252.0,269900322.59
521,252.1,234225690.808
522,252.2,193000000.001
523,252.3,152771566.425
524,252.4,118247828.776
525,252.5,92520103.028
526,252.6,77486117.702
527,252.7,74193142.839
528,252.8,83819999.999
529,252.9,108122289.616
530,253.0,149049858.988
531,253.1,207635233.373
532,253.2,281547250.309
533,253.3,364637760.091
534,253.4,447346455.432
535,253.5,519084099.2
536,253.6,571830035.906
537,253.7,604117949.469
538,253.8,623411261.466
539,253.9,646599999.999
540,254.0,696793558.864
541,254.1,794019174.757
542,254.2,945257808.992
543,254.3,1139989517.249
544,254.4,1352615373.519
545,254.5,1566546244.853
546,254.6,1794351711.593
547,254.7,2087301760.295
548,254.8,2522786893.926
549,254.9,3159089590.697
550,255.0,3982999999.972
551,255.1,4886025293.016
552,255.2,5692162909.208
553,255.3,6232287137.491
554,255.4,6430052004.467
555,255.5,6339497660.842
556,255.6,6111061529.706
557,255.7,5909827842.97
558,255.8,5829185401.725
559,255.9,5860177905.916
560,256.0,5912649205.305
561,256.1,5866000000.004
562,256.2,5626986339.403
563,256.3,5160196620.257
564,256.4,4491562131.575
565,256.5,3699058632.848
566,256.6,2894002981.756
567,256.7,2216417398.233
568,256.8,1835203694.669
569,256.9,1970636440.65
570,257.0,2904792451.905
571,257.1,4956316171.164
572,257.2,8364999999.867
573,257.3,13091558953.543
574,257.4,18620563902.974
575,257.5,23921538459.788
576,257.6,27716444651.47
577,257.7,28949212600.267
578,257.8,27260000000.101
579,257.9,23142083142.735
580,258.0,17745981191.209
581,258.1,12324369001.475
582,258.2,7801437132.784
583,258.3,4594484573.403
584,258.4,2662672629.865
585,258.5,1758265954.148
586,258.6,1645665747.727
587,258.7,2228951450.305
588,258.8,3578103844.57
589,258.9,5842999999.909
590,259.0,9094985760.845
591,259.1,13145460862.703
592,259.2,17422817921.677
593,259.3,21039050725.4
594,259.4,23079532662.246
595,259.5,22967223086.094
596,259.6,20740565846.862
597,259.7,17069678710.688
598,259.8,12986414939.237
599,259.9,9507268406.547
600,260.0,7336000000.047
601,260.1,6793306930.589
602,260.2,7824294636.146
603,260.3,10062448885.389
604,260.4,12869757681.838
605,260.5,15453477149.173
606,260.6,17083012218.842
607,260.7,17273104659.32
608,260.8,15989286003.7
609,260.9,13625802878.838
610,261.0,10759999035.469
611,261.1,7970000000.092
612,261.2,5637041919.992
613,261.3,3909967573.377
614,261.4,2775315326.615
615,261.5,2134656496.343
616,261.6,1853787462.487
617,261.7,1790543381.534
618,261.8,1812474161.938
619,261.9,1815349200.185
620,262.0,1753556323.442
621,262.1,1638602725.314
622,262.2,1517000000.004
623,262.3,1441260495.422
624,262.4,1428402880.753
625,262.5,1461272009.945
626,262.6,1497476848.948
627,262.7,1501787053.789
628,262.8,1468000000.002
629,262.9,1412794968.19
630,263.0,1366454324.815
631,263.1,1347184997.362
632,263.2,1351657359.662
633,263.3,1364644440.007
634,263.4,1377105426.942
635,263.5,1389227607.957
636,263.6,1408942304.601
637,263.7,1434838290.17
638,263.8,1451902432.398
639,263.9,1430000000.002
640,264.0,1343963792.904
641,264.1,1187086279.642
642,264.2,978160305.617
643,264.3,755173632.73
644,264.4,557549805.125
645,264.5,413312105.972
646,264.6,332180210.919
647,264.7,307197362.047
648,264.8,321684288.693
649,264.9,357203298.267
650,265.0,400099999.998
651,265.1,444525579.819
652,265.2,489909643.252
653,265.3,537392202.959
654,265.4,583863475.315
655,265.5,620032505.568
656,265.6,633226629.457
657,265.7,613098146.984
658,265.8,558803486.519
659,265.9,481039222.303
660,266.0,399242923.202
661,266.1,335700000.002
662,266.2,307859157.971
663,266.3,324588094.948
664,266.4,383633986.897
665,266.5,473190227.625
666,266.6,576306633.58
667,266.7,677075494.993
668,266.8,768106014.051
669,266.9,852170904.677
670,267.0,938556178.865
671,267.1,1034172363.982
672,267.2,1131999999.996
673,267.3,1217365551.578
674,267.4,1268493877.989
675,267.5,1271092369.986
676,267.6,1229291148.568
677,267.7,1157026416.085
678,267.8,1077000000.003
679,267.9,1003106957.945
680,268.0,939807928.48
681,268.1,882151905.694
682,268.2,823912408.003
683,268.3,763026527.985
684,268.4,703414353.511
685,268.5,653057972.424
686,268.6,619787783.299
687,268.7,609583482.378
688,268.8,624979077.038
689,268.9,664399999.998
690,269.0,722137436.726
691,269.1,787255557.626
692,269.2,847128537.921
693,269.3,892549950.638
694,269.4,923892829.404
695,269.5,956099852.526
696,269.6,1016947271.229
697,269.7,1136938500.111
698,269.8,1339287361.59
699,269.9,1624994335.319
700,270.0,1965999999.986
701,270.1,2318857075.536
702,270.2,2632757405.206
703,270.3,2874474677.725
704,270.4,3034848246.61
705,270.5,3125864856.985
706,270.6,3169880001.129
707,270.7,3181844446.828
708,270.8,3159350877.334
709,270.9,3087016085.213
710,271.0,2941627564.969
711,271.1,2706000000.011
712,271.2,2386979788.679
713,271.3,2012131275.817
714,271.4,1630266830.317
715,271.5,1294060525.899
716,271.6,1040837187.612
717,271.7,887466140.619
718,271.8,820985600.856
719,271.9,811572684.527
720,272.0,824387844.731
721,272.1,832610805.411
722,272.2,824500000.001
723,272.3,803801857.808
724,272.4,783115017.255
725,272.5,774636493.363
726,272.6,782467857.418
727,272.7,798963343.816
728,272.8,807700000.0
729,272.9,791076066.093
730,273.0,739109414.651
731,273.1,654743087.687
732,273.2,552346721.814
733,273.3,451017576.509
734,273.4,366255690.539
735,273.5,305164244.315
736,273.6,265533666.116
737,273.7,239812850.95
738,273.8,219655476.463
739,273.9,199600000.001
740,274.0,178413691.442
741,274.1,157741385.813
742,274.2,140776568.772
743,274.3,130361761.856
744,274.4,127574773.863
745,274.5,131515320.675
746,274.6,139189842.909
747,274.7,147111983.621
748,274.8,151449940.482
749,274.9,150120670.187
750,275.0,142600000.0
751,275.1,130275355.212
752,275.2,116022866.105
753,275.3,103076503.051
754,275.4,94423899.262
755,275.5,92312298.006
756,275.6,97813596.224
757,275.7,110855021.083
758,275.8,130220101.322
759,275.9,153856416.766
760,276.0,178574405.24
761,276.1,201599999.999
762,276.2,220348458.911
763,276.3,234151633.005
764,276.4,244256503.792
765,276.5,252981746.811
766,276.6,261961262.705
767,276.7,271288409.645
768,276.8,278549553.411
769,276.9,280824522.739
770,277.0,276241350.027
771,277.1,265740838.166
772,277.2,252700000.001
773,277.3,241334237.471
774,277.4,234306302.413
775,277.5,231994789.637
776,277.6,232879066.192
777,277.7,235532039.678
778,277.8,240500000.0
779,277.9,250006512.29
780,278.0,266635974.143
781,278.1,291288148.704
782,278.2,321708211.34
783,278.3,353437554.378
784,278.4,382028837.155
785,278.5,405640780.245
786,278.6,427357303.149
787,278.7,455551698.972
788,278.8,503752060.406
789,278.9,588699999.995
790,279.0,727595775.475
791,279.1,932232404.794
792,279.2,1203209429.765
793,279.3,1523705915.152
794,279.4,1859374685.51
795,279.5,2163741156.782
796,279.6,2394614900.842
797,279.7,2523053295.744
798,279.8,2538606533.977
799,279.9,2449600677.958
800,280.0,2276000000.01
801,280.1,2038482794.885
802,280.2,1761183991.851
803,280.3,1466754568.518
804,280.4,1177914815.708
805,280.5,917674049.949
806,280.6,702716897.611
807,280.7,543869399.962
808,280.8,444016709.301
809,280.9,398883235.655
810,281.0,399023210.6
811,281.1,431599999.998
812,281.2,481817955.423
813,281.3,536246856.321
814,281.4,584201362.601
815,281.5,619979891.095
816,281.6,643412779.25
817,281.7,658385395.435
818,281.8,670702875.627
819,281.9,684889126.863
820,282.0,702910945.01
821,282.1,723876411.822
822,282.2,745099999.999
823,282.3,763035318.62
824,282.4,773902747.787
825,282.5,773348439.209
826,282.6,755994610.853
827,282.7,717276019.512
828,282.8,654800000.003
829,282.9,571006137.488
830,283.0,473005667.638
831,283.1,371182651.451
832,283.2,275618800.418
833,283.3,194022138.109
834,283.4,129893574.45
835,283.5,83228410.548
836,283.6,51830097.715
837,283.7,32437043.096
838,283.8,21829547.064
839,283.9,17250000.0
840,284.0,16654383.204
841,284.1,18646037.089
842,284.2,22304003.733
843,284.3,26939333.319
844,284.4,31803721.132
845,284.5,36013018.533
846,284.6,38611390.069
847,284.7,38904513.44
848,284.8,36769778.304
849,284.9,32814608.497
850,285.0,28170000.0
851,285.1,24110736.434
852,285.2,21603382.431
853,285.3,20978472.486
854,285.4,21903838.416
855,285.5,23601927.8
856,285.6,25217940.379
857,285.7,26175942.124
858,285.8,26374961.424
859,285.9,26253407.122
860,286.0,26637148.425
861,286.1,28670000.0
862,286.2,33827217.284
863,286.3,44041286.827
864,286.4,61728907.256
865,286.5,89379550.316
866,286.6,128627002.122
867,286.7,179069604.755
868,286.8,237001395.644
869,286.9,295490433.114
870,287.0,345442810.613
871,287.1,378937113.641
872,287.2,391700000.0
873,287.3,385374186.33
874,287.4,367027248.01
875,287.5,346910036.96
876,287.6,334543684.468
877,287.7,335365423.402
878,287.8,348899999.999
879,287.9,370753849.666
880,288.0,395936598.9
881,288.1,423228698.978
882,288.2,457459424.922
883,288.3,509095293.322
884,288.4,590215746.854
885,288.5,708607849.7
886,288.6,862987592.24
887,288.7,1039352121.084
888,288.8,1212906580.746
889,288.9,1353999999.994
890,289.0,1432984882.211
891,289.1,1434873847.219
892,289.2,1360337026.343
893,289.3,1227193298.496
894,289.4,1066341950.489
895,289.5,908782215.325
896,289.6,778980109.484
897,289.7,687188685.95
898,289.8,629665883.705
899,289.9,592647577.208
900,290.0,559500000.002
901,290.1,517358069.681
902,290.2,460879437.382
903,290.3,392434682.876
904,290.4,319097872.168
905,290.5,249293766.351
906,290.6,189964135.268
907,290.7,144811881.185
908,290.8,115154403.074
909,290.9,99742749.18
910,291.0,95955214.675
911,291.1,99820000.0
912,291.2,106679954.395
913,291.3,111822291.558
914,291.4,111868526.132
915,291.5,105556683.993
916,291.6,93712312.84
917,291.7,79163138.48
918,291.8,65322114.549
919,291.9,55064494.407
920,292.0,50077148.656
921,292.1,51108685.007
922,292.2,59109999.999
923,292.3,77120857.119
924,292.4,112748048.493
925,292.5,180171546.95
926,292.6,300729474.549
927,292.7,500281351.17
928,292.8,803199999.981
929,292.9,1220739213.74
930,293.0,1744641774.659
931,293.1,2338890073.814
932,293.2,2952522249.465
933,293.3,3535821380.144
934,293.4,4057184481.349
935,293.5,4517507797.488
936,293.6,4929886751.651
937,293.7,5298085865.686
938,293.8,5596177241.943
939,293.9,5764999999.996
940,294.0,5745097758.962
941,294.1,5519269036.053
942,294.2,5145848560.351
943,294.3,4755481537.66
944,294.4,4514963895.362
945,294.5,4560878832.999
946,294.6,4942311105.261
947,294.7,5584764157.976
948,294.8,6306654937.841
949,294.9,6875376557.94
950,295.0,7081000000.001
951,295.1,6814842573.628
952,295.2,6094241998.833
953,295.3,5052225477.876
954,295.4,3880819331.404
955,295.5,2764145243.549
956,295.6,1829907494.621
957,295.7,1131365946.321
958,295.8,659406719.283
959,295.9,369479229.752
960,296.0,206009163.168
961,296.1,120300000.003
962,296.2,77432820.901
963,296.3,55972053.14
964,296.4,44316232.307
965,296.5,36905416.64
966,296.6,31528403.838
967,296.7,27556035.688
968,296.8,25167483.401
969,296.9,25052698.668
970,297.0,28126966.14
971,297.1,35370214.813
972,297.2,47499999.999
973,297.3,64695663.008
974,297.4,86325364.264
975,297.5,110753201.572
976,297.6,135720087.388
977,297.7,158359090.58
978,297.8,176399999.999
979,297.9,188174300.312
980,298.0,194529148.396
981,298.1,198230872.658
982,298.2,204992748.244
983,298.3,221542810.939
984,298.4,254206096.997
985,298.5,305705845.4
986,298.6,373349178.647
987,298.7,447571272.595
988,298.8,513825280.948
989,298.9,556599999.999
990,299.0,564223952.115
991,299.1,533273204.923
992,299.2,468973536.514
993,299.3,383749900.733
994,299.4,292439511.299
995,299.5,207821414.997
996,299.6,138173473.71
997,299.7,86217274.434
998,299.8,50678686.491
999,299.9,28265303.726
1000,300.0,15110000.001
1001,300.1,7930282.015
1002,300.2,4381590.817
1003,300.3,2970435.018
1004,300.4,2861548.856
1005,300.5,3640423.432
1006,300.6,5163561.052
1007,300.7,7464739.426
1008,300.8,10712846.171
1009,300.9,15203322.885
1010,301.0,21334830.311
1011,301.1,29589999.999
1012,301.2,40432464.647
1013,301.3,54214123.271
1014,301.4,70980800.254
1015,301.5,90262842.162
1016,301.6,110932137.438
1017,301.7,130901910.701
1018,301.8,147797513.701
1019,301.9,158869968.879
1020,302.0,161946058.499
1021,302.1,156729687.346
1022,302.2,144800000.001
1023,302.3,130026862.023
1024,302.4,117369389.245
1025,302.5,112262077.928
1026,302.6,118749085.954
1027,302.7,138681292.359
1028,302.8,171099999.998
1029,302.9,212734951.983
1030,303.0,258824188.827
1031,303.1,305249957.953
1032,303.2,349646426.873
1033,303.3,392843820.178
1034,303.4,437790538.707
1035,303.5,488303296.56
1036,303.6,546358413.789
1037,303.7,610988444.176
1038,303.8,678082765.077
1039,303.9,741699999.996
1040,304.0,797053637.145
1041,304.1,842241814.624
1042,304.2,878629924.214
1043,304.3,908923427.471
1044,304.4,935524105.859
1045,304.5,958645084.907
1046,304.6,977937445.377
1047,304.7,993672008.95
1048,304.8,1008784039.524
1049,304.9,1028388866.496
1050,305.0,1052999999.998
1051,305.1,1079074938.829
1052,305.2,1095690787.802
1053,305.3,1087453664.258
1054,305.4,1043605243.699
1055,305.5,962013463.707
1056,305.6,852622075.884
1057,305.7,735845716.676
1058,305.8,636563277.24
1059,305.9,577068180.476
1060,306.0,571680731.411
1061,306.1,622499999.995
1062,306.2,718828196.715
1063,306.3,838631644.836
1064,306.4,952627525.21
1065,306.5,1031078835.127
1066,306.6,1051547029.349
1067,306.7,1006576414.977
1068,306.8,901527728.686
1069,306.9,756700551.533
1070,307.0,597488970.121
1071,307.1,447464210.989
1072,307.2,322300000.007
1073,307.3,228409081.221
1074,307.4,163932478.559
1075,307.5,122411813.503
1076,307.6,95845978.415
1077,307.7,77711424.736
1078,307.8,63570000.001
1079,307.9,51258522.243
1080,308.0,40156291.266
1081,308.1,30405549.002
1082,308.2,22276732.823
1083,308.3,15895627.07
1084,308.4,11116592.861
1085,308.5,7660726.052
1086,308.6,5217907.564
1087,308.7,3506276.277
1088,308.8,2322202.136
1089,308.9,1525000.0
1090,309.0,1015246.987
1091,309.1,718838.611
1092,309.2,575529.729
1093,309.3,540268.671
1094,309.4,589763.161
1095,309.5,737799.447
1096,309.6,1060384.067
1097,309.7,1735168.039
1098,309.8,3095695.303
1099,309.9,5671803.883
1100,310.0,10210000.0
1101,310.1,17554663.57
1102,310.2,28474056.181
1103,310.3,43277505.065
1104,310.4,61442630.174
1105,310.5,81390238.984
1106,310.6,100540824.798
1107,310.7,115794109.099
1108,310.8,124423413.252
1109,310.9,124821893.513
1110,311.0,117091441.521
1111,311.1,102900000.001
1112,311.2,84925798.854
1113,311.3,66308541.945
1114,311.4,49470189.631
1115,311.5,35942208.18
1116,311.6,26265818.349
1117,311.7,20346102.791
1118,311.8,17807824.944
1119,311.9,18383506.806
1120,312.0,22058979.287
1121,312.1,29176129.601
1122,312.2,40299999.999
1123,312.3,56071789.396
1124,312.4,76909537.731
1125,312.5,102783503.511
1126,312.6,132908065.658
1127,312.7,166085885.076
1128,312.8,200299999.998
1129,312.9,233599498.027
1130,313.0,264193595.581
1131,313.1,290654107.525
1132,313.2,312267170.533
1133,313.3,329210762.542
1134,313.4,342987188.061
1135,313.5,355362689.05
1136,313.6,367952646.882
1137,313.7,380984702.865
1138,313.8,392305453.914
1139,313.9,397800000.0
1140,314.0,392417261.814
1141,314.1,372124507.725
1142,314.2,336145971.108
1143,314.3,287333406.081
1144,314.4,231416764.839
1145,314.5,175263771.212
1146,314.6,124901180.421
1147,314.7,84014514.998
1148,314.8,53778110.02
1149,314.9,33192760.762
1150,315.0,20190000.001
1151,315.1,12463876.376
1152,315.2,8048905.892
1153,315.3,5560263.95
1154,315.4,4157571.21
1155,315.5,3382715.321
1156,315.6,3010963.023
1157,315.7,2916895.671
1158,315.8,3007345.267
1159,315.9,3186489.691
1160,316.0,3358402.985
1161,316.1,3437000.0
1162,316.2,3366445.288
1163,316.3,3133186.595
1164,316.4,2768395.245
1165,316.5,2331023.425
1166,316.6,1896590.333
1167,316.7,1531088.939
1168,316.8,1281994.731
1169,316.9,1172207.966
1170,317.0,1205065.34
1171,317.1,1364487.002
1172,317.2,1620000.0
1173,317.3,1926331.337
1174,317.4,2227381.542
1175,317.5,2463881.904
1176,317.6,2585013.328
1177,317.7,2569857.139
1178,317.8,2435000.0
1179,317.9,2256012.402
1180,318.0,2168430.415
1181,318.1,2383128.202
1182,318.2,3190705.728
1183,318.3,4965764.837
1184,318.4,8135307.743
1185,318.5,13101021.478
1186,318.6,20106846.71
1187,318.7,29064497.198
1188,318.8,39465239.299
1189,318.9,50349999.999
1190,319.0,60590268.909
1191,319.1,69170768.75
1192,319.2,75673782.273
1193,319.3,80464167.894
1194,319.4,84575603.705
1195,319.5,89290011.978
1196,319.6,95461579.668
1197,319.7,102936815.773
1198,319.8,110446387.852
1199,319.9,115859359.878
1200,320.0,117100000.0
1201,320.1,112640420.577
1202,320.2,102474991.65
1203,320.3,87695228.448
1204,320.4,70575611.108
1205,320.5,53484414.788
1206,320.6,38428944.31
1207,320.7,26641027.541
1208,320.8,18469572.064
1209,320.9,13590209.119
1210,321.0,11243577.273
1211,321.1,10540000.0
1212,321.2,10633953.426
1213,321.3,10845642.418
1214,321.4,10741079.712
1215,321.5,10137435.27
1216,321.6,9087323.03
1217,321.7,7815055.015
1218,321.8,6669274.458
1219,321.9,6062845.183
1220,322.0,6436133.379
1221,322.1,8222307.287
1222,322.2,11800000.0
1223,322.3,17403365.208
1224,322.4,25004288.137
1225,322.5,34193095.527
1226,322.6,44130842.735
1227,322.7,53584349.264
1228,322.8,61180000.0
1229,322.9,65678316.111
1230,323.0,66369348.2
1231,323.1,63192988.06
1232,323.2,56820672.514
1233,323.3,48425458.724
1234,323.4,39444586.242
1235,323.5,31189806.416
1236,323.6,24654414.9
1237,323.7,20351540.086
1238,323.8,18369970.456
1239,323.9,18390000.0
1240,324.0,19842408.609
1241,324.1,22031299.942
1242,324.2,24253338.845
1243,324.3,25900419.282
1244,324.4,26564154.939
1245,324.5,26141847.436
1246,324.6,24823872.207
1247,324.7,23080368.501
1248,324.8,21524455.885
1249,324.9,20795333.581
1250,325.0,21430000.0
1251,325.1,23696885.523
1252,325.2,27566001.195
1253,325.3,32703754.72
1254,325.4,38483924.436
1255,325.5,44125995.92
1256,325.6,48803840.436
1257,325.7,51872926.898
1258,325.8,52980122.439
1259,325.9,52186092.747
1260,326.0,49979534.261
1261,326.1,47220000.0
1262,326.2,44959239.306
1263,326.3,44344994.213
1264,326.4,46421322.461
1265,326.5,51957502.779
1266,326.6,61330868.365
1267,326.7,74432997.473
1268,326.8,90530034.961
1269,326.9,108332143.807
1270,327.0,125892900.832
1271,327.1,141211713.358
1272,327.2,151899999.999
1273,327.3,156438014.632
1274,327.4,153682552.378
1275,327.5,143689085.853
1276,327.6,127627606.746
1277,327.7,107447900.313
1278,327.8,85670000.002
1279,327.9,64559373.246
1280,328.0,45928918.889
1281,328.1,30823758.616
1282,328.2,19503457.05
1283,328.3,11622223.78
1284,328.4,6534458.159
1285,328.5,3463594.232
1286,328.6,1737519.511
1287,328.7,834322.575
1288,328.8,403228.101
1289,328.9,231700.0
1290,329.0,207148.411
1291,329.1,278899.728
1292,329.2,430241.531
1293,329.3,658761.749
1294,329.4,963228.654
1295,329.5,1336094.461
1296,329.6,1765561.372
1297,329.7,2237982.699
1298,329.8,2767286.112
1299,329.9,3419754.511
1300,330.0,4371000.0
1301,330.1,5967071.076
1302,330.2,8804304.346
1303,330.3,13797708.52
1304,330.4,22194268.829
1305,330.5,35474779.707
1306,330.6,55104079.644
1307,330.7,82063014.364
1308,330.8,116343269.855
1309,330.9,156323293.443
1310,331.0,198955428.681
1311,331.1,239499999.997
1312,331.2,273340491.971
1313,331.3,296120654.148
1314,331.4,305887602.743
1315,331.5,302816117.78
1316,331.6,289203754.923
1317,331.7,268753880.229
1318,331.8,245061279.92
1319,331.9,220846123.843
1320,332.0,197527804.915
1321,332.1,175518563.329
1322,332.2,155200000.001
1323,332.3,136904541.915
1324,332.4,122082031.279
1325,332.5,112128170.23
1326,332.6,108614220.02
1327,332.7,111913491.867
1328,332.8,121199999.999
1329,332.9,133970197.36
1330,333.0,146682684.363
1331,333.1,155869647.244
1332,333.2,158718059.21
1333,333.3,154314410.265
1334,333.4,143750626.217
1335,333.5,130263426.842
1336,333.6,117871697.663
1337,333.7,110777071.496
1338,333.8,112289967.152
1339,333.9,124199999.999
1340,334.0,146901353.911
1341,334.1,180636412.787
1342,334.2,227284043.941
1343,334.3,293925822.646
1344,334.4,395440865.429
1345,334.5,557219460.97
1346,334.6,814272668.116
1347,334.7,1206587670.99
1348,334.8,1765881290.7
1349,334.9,2506306869.383
1350,335.0,3405999999.926
1351,335.1,4398708415.59
1352,335.2,5385135947.069
1353,335.3,6243548589.326
1354,335.4,6862119640.987
1355,335.5,7171987898.354
1356,335.6,7160324262.739
1357,335.7,6874632673.161
1358,335.8,6399762851.827
1359,335.9,5836503808.231
1360,336.0,5271491396.395
1361,336.1,4765000000.036
1362,336.2,4351497842.104
1363,336.3,4052128757.559
1364,336.4,3883138409.561
1365,336.5,3862165225.912
1366,336.6,4002129118.389
1367,336.7,4297885251.341
1368,336.8,4715627076.816
1369,336.9,5190472778.427
1370,337.0,5633295844.929
1371,337.1,5945604094.492
1372,337.2,6049000000.002
1373,337.3,5895862535.966
1374,337.4,5489471559.356
1375,337.5,4876430640.201
1376,337.6,4133743309.663
1377,337.7,3350354969.801
1378,337.8,2605000000.055
1379,337.9,1952739992.759
1380,338.0,1420278500.15
1381,338.1,1008766854.314
1382,338.2,704144880.281
1383,338.3,484896360.114
1384,338.4,329263298.099
1385,338.5,219689465.396
1386,338.6,143004833.034
1387,338.7,90159397.199
1388,338.8,54674258.616
1389,338.9,31680000.001
1390,339.0,17457571.607
1391,339.1,9124949.551
1392,339.2,4509346.105
1393,339.3,2105163.786
1394,339.4,926673.645
1395,339.5,384545.865
1396,339.6,150373.349
1397,339.7,55257.893
1398,339.8,19185.23
1399,339.9,6247.957
1400,340.0,1925.0
1401,340.1,559.585
1402,340.2,163.92
1403,340.3,77.89
1404,340.4,126.627
1405,340.5,330.134
1406,340.6,864.987
1407,340.7,2147.467
1408,340.8,5024.675
1409,340.9,11083.29
1410,341.0,23037.14
1411,341.1,45110.0
1412,341.2,83241.022
1413,341.3,144758.497
1414,341.4,237079.815
1415,341.5,366201.101
1416,341.6,532921.982
1417,341.7,731186.278
1418,341.8,946195.199
1419,341.9,1154731.688
1420,342.0,1330265.732
1421,342.1,1449540.384
1422,342.2,1497000.0
1423,342.3,1472545.235
1424,342.4,1392218.61
1425,342.5,1297909.851
1426,342.6,1258809.702
1427,342.7,1411126.137
1428,342.8,2009000.0
1429,342.9,3551873.292
1430,343.0,6963637.867
1431,343.1,13828879.732
1432,343.2,26647982.501
1433,343.3,48975900.121
1434,343.4,85270133.771
1435,343.5,140235400.246
1436,343.6,217744870.596
1437,343.7,318820873.306
1438,343.8,440313133.201
1439,343.9,573499999.989
1440,344.0,704396392.115
1441,344.1,815803484.493
1442,344.2,890935342.395
1443,344.3,917563664.11
1444,344.4,891152540.02
1445,344.5,816224721.088
1446,344.6,705198797.545
1447,344.7,575150457.137
1448,344.8,443481914.434
1449,344.9,325060847.373
1450,345.0,229500000.007
1451,345.1,161896427.887
1452,345.2,122978055.645
1453,345.3,111408523.01
1454,345.4,124597245.458
1455,345.5,158954644.416
1456,345.6,210104190.858
1457,345.7,271879725.151
1458,345.8,336709562.274
1459,345.9,395432495.63
1460,346.0,439124049.146
1461,346.1,460899999.999
1462,346.2,457438603.662
1463,346.3,430496238.698
1464,346.4,385918403.211
1465,346.5,333069442.107
1466,346.6,282636472.186
1467,346.7,243891409.681
1468,346.8,224013795.981
1469,346.9,225703234.938
1470,347.0,248030828.246
1471,347.1,285995012.051
1472,347.2,331799999.996
1473,347.3,376822047.235
1474,347.4,413080351.233
1475,347.5,435274213.492
1476,347.6,441797987.251
1477,347.7,435190824.159
1478,347.8,420900000.001
1479,347.9,405364970.666
1480,348.0,393802789.523
1481,348.1,389243713.309
1482,348.2,391433180.162
1483,348.3,397954855.715
1484,348.4,404892504.589
1485,348.5,408446557.417
1486,348.6,405847834.866
1487,348.7,395237055.548
1488,348.8,376082065.42
1489,348.9,348700000.003
1490,349.0,314032443.636
1491,349.1,273642954.8
1492,349.2,230014763.496
1493,349.3,185690188.791
1494,349.4,143507879.36
1495,349.5,105788958.298
1496,349.6,74285621.46
1497,349.7,49552995.159
1498,349.8,31355560.676
1499,349.9,18807139.075
1500,350.0,10690000.001
1501,350.1,5766580.003
1502,350.2,2981241.377
1503,350.3,1524956.954
1504,350.4,851142.883
1505,350.5,619217.271
1506,350.6,634987.385
1507,350.7,791322.941
1508,350.8,1025711.618
1509,350.9,1293383.729
1510,351.0,1553385.724
1511,351.1,1767000.0
1512,351.2,1901073.786
1513,351.3,1933249.552
1514,351.4,1859126.743
1515,351.5,1690813.782
1516,351.6,1458307.112
1517,351.7,1201651.618
1518,351.8,975362.221
1519,351.9,855109.351
1520,352.0,971757.935
1521,352.1,1579908.315
1522,352.2,3183000.0
1523,352.3,6726889.85
1524,352.4,13861886.92
1525,352.5,27259209.404
1526,352.6,50805730.58
1527,352.7,89618220.646
1528,352.8,149499999.994
1529,352.9,236046795.343
1530,353.0,352359668.252
1531,353.1,497571411.332
1532,353.2,664597896.391
1533,353.3,839565813.405
1534,353.4,1003194813.696
1535,353.5,1133465526.677
1536,353.6,1212248599.512
1537,353.7,1226129205.284
1538,353.8,1172774899.696
1539,353.9,1061000000.012
1540,354.0,907684407.196
1541,354.1,734826643.872
1542,354.2,562806145.522
1543,354.3,408380840.163
1544,354.4,281557214.095
1545,354.5,186670200.954
1546,354.6,123670802.973
1547,354.7,90639099.206
1548,354.8,86284267.683
1549,354.9,111824349.058
1550,355.0,170999999.993
1551,355.1,270116303.616
1552,355.2,414920770.096
1553,355.3,608385852.262
1554,355.4,847155985.477
1555,355.5,1118724073.881
1556,355.6,1403218441.684
1557,355.7,1672363201.02
1558,355.8,1901314295.236
1559,355.9,2073763278.388
1560,356.0,2189388146.732
1561,356.1,2267999999.993
1562,356.2,2354513269.897
1563,356.3,2506763039.476
1564,356.4,2791897164.976
1565,356.5,3271354366.611
1566,356.6,3993437167.243
1567,356.7,4976941940.648
1568,356.8,6207049001.262
1569,356.9,7631699295.016
1570,357.0,9158879935.967
1571,357.1,10662857526.68
1572,357.2,12019999999.89
1573,357.3,13092155968.491
1574,357.4,13796574999.483
1575,357.5,14064558354.364
1576,357.6,13903800361.799
1577,357.7,13371961479.758
1578,357.8,12520000000.087
1579,357.9,11466827254.8
1580,358.0,10289102320.758
1581,358.1,9071706072.033
1582,358.2,7882268148.035
1583,358.3,6777899374.788
1584,358.4,5804641795.755
1585,358.5,4996302278.426
1586,358.6,4368451482.273
1587,358.7,3914821113.145
1588,358.8,3606526817.822
1589,358.9,3397000000.016
1590,359.0,3228984374.339
1591,359.1,3049059671.187
1592,359.2,2819724564.111
1593,359.3,2525337277.035
1594,359.4,2174387448.0
1595,359.5,1789917301.197
1596,359.6,1404615244.301
1597,359.7,1050722538.219
1598,359.8,750209427.828
1599,359.9,517406194.13
1600,360.0,357400000.011
1601,360.1,272643180.579
1602,360.2,268676114.126
1603,360.3,359626966.39
1604,360.4,572847645.533
1605,360.5,948682500.058
1606,360.6,1536797613.835
1607,360.7,2383938106.285
1608,360.8,3519669957.681
1609,360.9,4934980093.02
1610,361.0,6565842958.336
1611,361.1,8287999999.843
1612,361.2,9923311114.672
1613,361.3,11268776748.738
1614,361.4,12128192362.197
1615,361.5,12388663870.658
1616,361.6,12002815898.473
1617,361.7,11030807451.252
1618,361.8,9637009766.614
1619,361.9,8016346156.018
1620,362.0,6393257747.566
1621,362.1,4961776364.078
1622,362.2,3865000000.082
1623,362.3,3189624121.434
1624,362.4,2964778017.295
1625,362.5,3170834532.038
1626,362.6,3745531003.534
1627,362.7,4590372129.177
1628,362.8,5576999999.907
1629,362.9,6554669736.631
1630,363.0,7377049965.458
1631,363.1,7918858931.309
1632,363.2,8108261924.942
1633,363.3,7939435750.029
1634,363.4,7481257970.341
1635,363.5,6856013634.105
1636,363.6,6218209570.994
1637,363.7,5713103069.42
1638,363.8,5448873501.661
1639,363.9,5468999999.985
1640,364.0,5749617715.118
1641,364.1,6205136779.216
1642,364.2,6713599047.089
1643,364.3,7142978489.294
1644,364.4,7384151848.493
1645,364.5,7371462574.812
1646,364.6,7092044833.044
1647,364.7,6584856858.178
1648,364.8,5919344840.508
1649,364.9,5177600499.052
1650,365.0,4434000000.068
1651,365.1,3741098333.324
1652,365.2,3124708512.645
1653,365.3,2588537695.522
1654,365.4,2125138279.354
1655,365.5,1720587810.837
1656,365.6,1366698374.261
1657,365.7,1057675021.116
1658,365.8,792720709.007
1659,365.9,573008702.688
1660,366.0,398153913.079
1661,366.1,265700000.011
1662,366.2,170237534.708
1663,366.3,105093151.391
1664,366.4,62895563.182
1665,366.5,37020422.881
1666,366.6,22159665.955
1667,366.7,14512541.566
1668,366.8,11730643.401
1669,366.9,12584220.666
1670,367.0,16611765.517
1671,367.1,23795055.788
1672,367.2,34229999.999
1673,367.3,47841988.948
1674,367.4,64097796.302
1675,367.5,81965187.311
1676,367.6,99758613.166
1677,367.7,115597789.876
1678,367.8,127499999.999
1679,367.9,133622010.775
1680,368.0,133307925.534
1681,368.1,126581748.549
1682,368.2,114443995.218
1683,368.3,98514637.475
1684,368.4,80806788.1
1685,368.5,63223163.856
1686,368.6,47234013.172
1687,368.7,33781328.043
1688,368.8,23199267.46
1689,368.9,15430000.001
1690,369.0,10094070.135
1691,369.1,6695965.712
1692,369.2,4743374.375
1693,369.3,3806663.4
1694,369.4,3551748.166
1695,369.5,3744585.798
1696,369.6,4240188.447
1697,369.7,4970027.718
1698,369.8,5925089.47
1699,369.9,7130458.72
1700,370.0,8623000.0
1701,370.1,10411243.622
1702,370.2,12449255.309
1703,370.3,14604025.035
1704,370.4,16684963.074
1705,370.5,18441809.66
1706,370.6,19626193.541
1707,370.7,20049378.169
1708,370.8,19655545.112
1709,370.9,18518717.387
1710,371.0,16837408.291
1711,371.1,14900000.0
1712,371.2,13035091.125
1713,371.3,11511404.021
1714,371.4,10508947.243
1715,371.5,10075999.121
1716,371.6,10150950.037
1717,371.7,10548439.018
1718,371.8,11060581.591
1719,371.9,11468592.744
1720,372.0,11610904.841
1721,372.1,11426604.76
1722,372.2,10930000.0
1723,372.3,10270573.443
1724,372.4,9599788.89
1725,372.5,9107191.777
1726,372.6,8926497.152
1727,372.7,9115266.829
1728,372.8,9642000.0
1729,372.9,10387759.386
1730,373.0,11166096.063
1731,373.1,11792394.529
1732,373.2,12091793.781
1733,373.3,11941197.768
1734,373.4,11315941.693
1735,373.5,10255814.652
1736,373.6,8904843.795
1737,373.7,7402264.413
1738,373.8,5917901.566
1739,373.9,4586000.0
1740,374.0,3500509.643
1741,374.1,2703570.441
1742,374.2,2190132.626
1743,374.3,1919278.772
1744,374.4,1830484.758
1745,374.5,1854438.336
1746,374.6,1925541.928
1747,374.7,1994274.554
1748,374.8,2026553.181
1749,374.9,2010667.616
1750,375.0,1953000.0
1751,375.1,1870625.874
1752,375.2,1785188.609
1753,375.3,1714115.592
1754,375.4,1665911.662
1755,375.5,1638846.719
1756,375.6,1623611.251
1757,375.7,1607115.982
1758,375.8,1581300.057
1759,375.9,1544178.047
1760,376.0,1506174.637
1761,376.1,1485000.0
1762,376.2,1501882.668
1763,376.3,1575329.172
1764,376.4,1718162.376
1765,376.5,1927098.974
1766,376.6,2187930.335
1767,376.7,2476021.57
1768,376.8,2757477.228
1769,376.9,3001884.399
1770,377.0,3178899.491
1771,377.1,3270087.525
1772,377.2,3266000.0
1773,377.3,3167156.772
1774,377.4,2985882.566
1775,377.5,2741008.474
1776,377.6,2458687.589
1777,377.7,2168261.783
1778,377.8,1902000.0
1779,377.9,1691784.032
1780,378.0,1565730.77
1781,378.1,1550922.187
1782,378.2,1662599.34
1783,378.3,1909877.6
1784,378.4,2287117.906
1785,378.5,2775761.616
1786,378.6,3341260.237
1787,378.7,3934508.348
1788,378.8,4501117.586
1789,378.9,4984000.0
1790,379.0,5343523.858
1791,379.1,5563170.526
1792,379.2,5671396.278
1793,379.3,5740588.841
1794,379.4,5897299.547
1795,379.5,6311823.069
1796,379.6,7195131.866
1797,379.7,8781679.482
1798,379.8,11306470.829
1799,379.9,14983377.844
1800,380.0,19939999.999
1801,380.1,26201297.359
1802,380.2,33605546.748
1803,380.3,41773024.64
1804,380.4,50091986.153
1805,380.5,57804514.689
1806,380.6,64066630.44
1807,380.7,68101382.534
1808,380.8,69391148.916
1809,380.9,67754570.967
1810,381.0,63422786.519
1811,381.1,57000000.001
1812,381.2,49360215.152
1813,381.3,41510731.458
1814,381.4,34407700.533
1815,381.5,28879734.488
1816,381.6,25496754.246
1817,381.7,24547351.795
1818,381.8,26028532.305
1819,381.9,29622375.397
1820,382.0,34780560.917
1821,382.1,40722139.458
1822,382.2,46599999.999
1823,382.3,51577633.734
1824,382.4,55023083.914
1825,382.5,56579900.125
1826,382.6,56285732.146
1827,382.7,54549440.079
1828,382.8,52010000.0
1829,382.9,49395441.024
1830,383.0,47361927.438
1831,383.1,46303104.906
1832,383.2,46310708.107
1833,383.3,47206809.397
1834,383.4,48575000.59
1835,383.5,49961922.382
1836,383.6,50960945.513
1837,383.7,51272489.118
1838,383.8,50776009.903
1839,383.9,49440000.0
1840,384.0,47343968.432
1841,384.1,44574383.158
1842,384.2,41238501.887
1843,384.3,37443978.378
1844,384.4,33314831.513
1845,384.5,29030780.065
1846,384.6,24831051.491
1847,384.7,21029179.164
1848,384.8,17991468.203
1849,384.9,16131662.211
1850,385.0,15890000.0
1851,385.1,17680082.558
1852,385.2,21859166.65
1853,385.3,28614358.2
1854,385.4,37912660.246
1855,385.5,49362483.772
1856,385.6,62206118.574
1857,385.7,75280382.791
1858,385.8,87205464.537
1859,385.9,96540875.424
1860,386.0,102032914.32
1861,386.1,103000000.0
1862,386.2,99241065.287
1863,386.3,91270551.446
1864,386.4,80144592.019
1865,386.5,67212809.361
1866,386.6,53858860.796
1867,386.7,41295392.025
1868,386.8,30333041.941
1869,386.9,21428690.944
1870,387.0,14640498.61
1871,387.1,9768338.25
1872,387.2,6462000.0
1873,387.3,4322739.627
1874,387.4,2986273.379
1875,387.5,2160690.713
1876,387.6,1637360.397
1877,387.7,1284176.93
1878,387.8,1029000.0
1879,387.9,839819.494
1880,388.0,707039.949
1881,388.1,633022.625
1882,388.2,622265.754
1883,388.3,677170.967
1884,388.4,794676.917
1885,388.5,966068.341
1886,388.6,1177307.621
1887,388.7,1409830.009
1888,388.8,1646638.199
1889,388.9,1875000.0
1890,389.0,2094433.746
1891,389.1,2318728.493
1892,389.2,2591101.444
1893,389.3,2985716.125
1894,389.4,3625130.197
1895,389.5,4692982.397
1896,389.6,6459099.447
1897,389.7,9303416.423
1898,389.8,13713635.544
1899,389.9,20308220.53
1900,390.0,29769999.999
1901,390.1,42757453.977
1902,390.2,59783861.547
1903,390.3,81080028.038
1904,390.4,106414360.089
1905,390.5,134921386.236
1906,390.6,165263237.39
1907,390.7,195396382.806
1908,390.8,222983771.622
1909,390.9,245696654.696
1910,391.0,261208374.323
1911,391.1,268000000.0
1912,391.2,265195701.741
1913,391.3,253128839.082
1914,391.4,232840516.998
1915,391.5,206444773.225
1916,391.6,176490330.34
1917,391.7,145533228.127
1918,391.8,115995124.587
1919,391.9,89675874.069
1920,392.0,67805635.959
1921,392.1,50751101.759
1922,392.2,38320000.001
1923,392.3,29894545.432
1924,392.4,24626254.775
1925,392.5,21635750.225
1926,392.6,20144563.586
1927,392.7,19522474.044
1928,392.8,19340000.0
1929,392.9,19317987.388
1930,393.0,19283096.917
1931,393.1,19132070.195
1932,393.2,18793669.228
1933,393.3,18214509.254
1934,393.4,17328069.479
1935,393.5,16138469.989
1936,393.6,14634496.297
1937,393.7,12887668.279
1938,393.8,10993216.049
1939,393.9,9066000.0
1940,394.0,7221236.002
1941,394.1,5566960.191
1942,394.2,4177582.294
1943,394.3,3094237.199
1944,394.4,2329498.32
1945,394.5,1865315.426
1946,394.6,1670793.375
1947,394.7,1702529.228
1948,394.8,1908410.037
1949,394.9,2233030.976
1950,395.0,2617000.0
1951,395.1,2999313.508
1952,395.2,3321364.674
1953,395.3,3536906.331
1954,395.4,3611489.516
1955,395.5,3533082.936
1956,395.6,3309747.661
1957,395.7,2968054.276
1958,395.8,2548878.439
1959,395.9,2096053.094
1960,396.0,1651077.558
1961,396.1,1246000.0
1962,396.2,904622.923
1963,396.3,635215.226
1964,396.4,439579.129
1965,396.5,313477.315
1966,396.6,250789.417
1967,396.7,246751.507
1968,396.8,299566.876
1969,396.9,411346.612
1970,397.0,587454.505
1971,397.1,835946.158
1972,397.2,1166000.0
1973,397.3,1588639.356
1974,397.4,2112571.929
1975,397.5,2747687.931
1976,397.6,3499177.144
1977,397.7,4370425.705
1978,397.8,5356000.0
1979,397.9,6441941.986
1980,398.0,7597966.927
1981,398.1,8782678.223
1982,398.2,9929314.133
1983,398.3,10991950.152
1984,398.4,11879868.704
1985,398.5,12559198.931
1986,398.6,12993502.566
1987,398.7,13197668.298
1988,398.8,13215042.903
1989,398.9,13140000.0
1990,399.0,13044283.228
1991,399.1,13028198.913
1992,399.2,13148742.486
1993,399.3,13421399.741
1994,399.4,13782429.549
1995,399.5,14142873.444
1996,399.6,14381055.112
1997,399.7,14368604.837
1998,399.8,14018759.105
1999,399.9,13289640.353
2000,400.0,12210000.0
2001,400.1,10853156.825
2002,400.2,9357124.946
2003,400.3,7856248.264
2004,400.4,6499465.11
2005,400.5,5428130.226
2006,400.6,4783024.379
2007,400.7,4725069.705
2008,400.8,5451944.787
2009,400.9,7226959.557
2010,401.0,10401075.318
2011,401.1,15399999.999
2012,401.2,22720033.734
2013,401.3,32837212.596
2014,401.4,46165150.949
2015,401.5,62909002.251
2016,401.6,82963559.243
2017,401.7,105891978.588
2018,401.8,130660218.564
2019,401.9,156224977.479
2020,402.0,180953942.57
2021,402.1,203548416.011
2022,402.2,222699999.998
2023,402.3,237605163.206
2024,402.4,248403355.587
2025,402.5,255421476.592
2026,402.6,259681729.769
2027,402.7,262381571.844
2028,402.8,264300000.0
2029,402.9,266050567.251
2030,403.0,267609520.672
2031,403.1,268263357.786
2032,403.2,267219411.539
2033,403.3,263275288.488
2034,403.4,256014881.756
2035,403.5,245181203.374
2036,403.6,231171153.658
2037,403.7,215013776.18
2038,403.8,197735287.284
2039,403.9,180700000.002
2040,404.0,164589003.08
2041,404.1,149982463.639
2042,404.2,137082909.32
2043,404.3,125787207.361
2044,404.4,115920293.306
2045,404.5,107176170.411
2046,404.6,99562282.779
2047,404.7,93009428.783
2048,404.8,87580182.946
2049,404.9,83329046.179
2050,405.0,80240000.0
2051,405.1,78223668.758
2052,405.2,77068517.341
2053,405.3,76499070.989
2054,405.4,76169877.541
2055,405.5,75715292.568
2056,405.6,74811518.539
2057,405.7,73219525.95
2058,405.8,70817254.515
2059,405.9,67580961.62
2060,406.0,63614575.635
2061,406.1,59110000.001
2062,406.2,54278418.475
2063,406.3,49340170.553
2064,406.4,44491503.286
2065,406.5,39872933.938
2066,406.6,35603420.043
2067,406.7,31778306.753
2068,406.8,28450290.947
2069,406.9,25727795.83
2070,407.0,23703133.725
2071,407.1,22493934.96
2072,407.2,22220000.0
2073,407.3,23009271.541
2074,407.4,24946338.598
2075,407.5,28069032.798
2076,407.6,32322965.84
2077,407.7,37553104.582
2078,407.8,43479999.999
2079,407.9,49703891.162
2080,408.0,55706938.025
2081,408.1,60953872.754
2082,408.2,64914847.094
2083,408.3,67134614.836
2084,408.4,67369726.293
2085,408.5,65544077.467
2086,408.6,61838496.934
2087,408.7,56598650.317
2088,408.8,50315510.668
2089,408.9,43520000.001
2090,409.0,36735778.465
2091,409.1,30377008.09
2092,409.2,24720410.714
2093,409.3,19913609.167
2094,409.4,15995172.078
2095,409.5,12893129.323
2096,409.6,10490223.463
2097,409.7,8660163.264
2098,409.8,7263593.55
2099,409.9,6199891.841
2100,410.0,5383000.0
2101,410.1,4756519.929
2102,410.2,4276750.741
2103,410.3,3915562.898
2104,410.4,3650346.773
2105,410.5,3460473.785
2106,410.6,3330175.014
2107,410.7,3243580.512
2108,410.8,3190106.143
2109,410.9,3160469.783
2110,411.0,3147819.102
2111,411.1,3148000.0
2112,411.2,3155977.849
2113,411.3,3165802.394
2114,411.4,3171168.857
2115,411.5,3168112.944
2116,411.6,3153044.392
2117,411.7,3130500.741
2118,411.8,3107107.032
2119,411.9,3100282.765
2120,412.0,3130373.646
2121,412.1,3228137.339
2122,412.2,3431000.0
2123,412.3,3783339.138
2124,412.4,4336518.29
2125,412.5,5145174.014
2126,412.6,6257242.495
2127,412.7,7708570.123
2128,412.8,9510000.0
2129,412.9,11638564.439
2130,413.0,14034480.159
2131,413.1,16609948.19
2132,413.2,19238215.261
2133,413.3,21793699.409
2134,413.4,24155513.428
2135,413.5,26236461.684
2136,413.6,27924501.873
2137,413.7,29178260.742
2138,413.8,29932345.136
2139,413.9,30180000.0
2140,414.0,29864227.162
2141,414.1,29020416.207
2142,414.2,27656757.088
2143,414.3,25840132.731
2144,414.4,23662908.024
2145,414.5,21252737.54
2146,414.6,18745687.045
2147,414.7,16253484.685
2148,414.8,13886844.059
2149,414.9,11700248.485
2150,415.0,9753000.0
2151,415.1,8054397.514
2152,415.2,6608892.449
2153,415.3,5412001.062
2154,415.4,4455964.995
2155,415.5,3732093.12
2156,415.6,3226762.192
2157,415.7,2919054.583
2158,415.8,2780816.853
2159,415.9,2771398.721
2160,416.0,2846818.695
2161,416.1,2960000.0
2162,416.2,3069884.088
2163,416.3,3145905.329
2164,416.4,3172480.588
2165,416.5,3150225.534
2166,416.6,3094553.509
2167,416.7,3028808.021
2168,416.8,2982780.806
2169,416.9,2982854.197
2170,417.0,3046806.428
2171,417.1,3182552.928
2172,417.2,3384000.0
2173,417.3,3633501.003
2174,417.4,3906392.449
2175,417.5,4173975.883
2176,417.6,4411011.152
2177,417.7,4599203.284
2178,417.8,4732000.0
2179,417.9,4815311.625
2180,418.0,4864317.311
2181,418.1,4902352.458
2182,418.2,4952792.385
2183,418.3,5032960.268
2184,418.4,5150424.951
2185,418.5,5300430.148
2186,418.6,5462719.787
2187,418.7,5609563.102
2188,418.8,5709801.189
2189,418.9,5733000.0
2190,419.0,5661361.157
2191,419.1,5487923.04
2192,419.2,5226377.058
2193,419.3,4900660.649
2194,419.4,4548958.49
2195,419.5,4213310.959
2196,419.6,3933174.506
2197,419.7,3741537.122
2198,419.8,3655672.602
2199,419.9,3676638.164
2200,420.0,3794000.0
2201,420.1,3980454.593
2202,420.2,4205411.917
2203,420.3,4437165.223
2204,420.4,4650288.291
2205,420.5,4829161.986
2206,420.6,4971827.033
2207,420.7,5087810.228
2208,420.8,5192470.546
2209,420.9,5303814.059
2210,421.0,5436236.232
2211,421.1,5597000.0
2212,421.2,5781135.159
2213,421.3,5975129.14
2214,421.4,6158714.258
2215,421.5,6308640.832
2216,421.6,6405735.264
2217,421.7,6438262.235
2218,421.8,6407163.378
2219,421.9,6325693.036
2220,422.0,6221400.844
2221,422.1,6139559.732
2222,422.2,6141000.0
2223,422.3,6304452.844
2224,422.4,6733402.551
2225,422.5,7562731.885
2226,422.6,8981272.967
2227,422.7,11259959.347
2228,422.8,14839999.999
2229,422.9,20436163.853
2230,423.0,29238839.38
2231,423.1,43245792.348
2232,423.2,65701678.135
2233,423.3,101608279.093
2234,423.4,158251940.156
2235,423.5,245523858.269
2236,423.6,376076365.921
2237,423.7,564416298.903
2238,423.8,825099210.155
2239,423.9,1170999999.95
2240,424.0,1606351933.566
2241,424.1,2129442390.812
2242,424.2,2722626006.232
2243,424.3,3355377384.334
2244,424.4,3982659724.911
2245,424.5,4550648381.015
2246,424.6,5006591916.773
2247,424.7,5300948296.401
2248,424.8,5401921754.51
2249,424.9,5297032184.762
2250,425.0,4998000000.049
2251,425.1,4538373946.389
2252,425.2,3965204318.362
2253,425.3,3333658176.106
2254,425.4,2696835090.601
2255,425.5,2100227905.496
2256,425.6,1573184114.599
2257,425.7,1135742393.487
2258,425.8,788965144.576
2259,425.9,528694707.875
2260,426.0,342142681.683
2261,426.1,214500000.013
2262,426.2,131168313.43
2263,426.3,79074732.823
2264,426.4,47932079.194
2265,426.5,30036143.688
2266,426.6,20093531.055
2267,426.7,14637258.509
2268,426.8,11557375.43
2269,426.9,9665087.618
2270,427.0,8332522.448
2271,427.1,7281774.407
2272,427.2,6426000.0
2273,427.3,5767871.738
2274,427.4,5338512.566
2275,427.5,5167203.786
2276,427.6,5260530.248
2277,427.7,5599808.181
2278,427.8,6150000.0
2279,427.9,6867049.678
2280,428.0,7724570.173
2281,428.1,8727842.444
2282,428.2,9941498.651
2283,428.3,11498152.292
2284,428.4,13602071.833
2285,428.5,16518241.367
2286,428.6,20536020.466
2287,428.7,25911826.377
2288,428.8,32823153.747
2289,428.9,41259999.999
2290,429.0,51035736.002
2291,429.1,61732026.558
2292,429.2,72741409.59
2293,429.3,83383307.387
2294,429.4,93029614.446
2295,429.5,101255431.385
2296,429.6,108058345.883
2297,429.7,113841365.424
2298,429.8,119832004.286
2299,429.9,127560847.753
2300,430.0,139399999.998
2301,430.1,158412472.489
2302,430.2,187905581.583
2303,430.3,232056710.682
2304,430.4,295346526.906
2305,430.5,382161257.518
2306,430.6,496712381.645
2307,430.7,642111856.974
2308,430.8,819271496.638
2309,430.9,1026569673.215
2310,431.0,1259192613.723
2311,431.1,1507999999.967
2312,431.2,1762243376.587
2313,431.3,2008504330.614
2314,431.4,2235538014.824
2315,431.5,2431302671.621
2316,431.6,2589548031.942
2317,431.7,2703387536.189
2318,431.8,2773568104.74
2319,431.9,2800903941.959
2320,432.0,2786946971.859
2321,432.1,2733977838.831
2322,432.2,2645000000.014
2323,432.3,2521129100.8
2324,432.4,2364633378.829
2325,432.5,2178458495.187
2326,432.6,1967937598.316
2327,432.7,1740406658.619
2328,432.8,1503000000.032
2329,432.9,1266230318.894
2330,433.0,1039264149.73
2331,433.1,829111170.928
2332,433.2,642787766.173
2333,433.3,483560754.399
2334,433.4,352792227.579
2335,433.5,249408881.903
2336,433.6,170655354.865
2337,433.7,113040421.497
2338,433.8,72423172.647
2339,433.9,44850000.003
2340,434.0,26845409.04
2341,434.1,15516742.943
2342,434.2,8658146.886
2343,434.3,4667759.626
2344,434.4,2426874.531
2345,434.5,1217893.999
2346,434.6,589879.809
2347,434.7,275461.691
2348,434.8,124740.444
2349,434.9,55793.966
2350,435.0,27680.0
2351,435.1,21949.053
2352,435.2,34534.632
2353,435.3,73371.401
2354,435.4,162034.022
2355,435.5,349343.9
2356,435.6,727934.73
2357,435.7,1462968.712
2358,435.8,2835509.834
2359,435.9,5301003.502
2360,436.0,9552503.036
2361,436.1,16599999.999
2362,436.2,27827663.895
2363,436.3,44970746.087
2364,436.4,70078093.358
2365,436.5,105268191.545
2366,436.6,152548690.217
2367,436.7,213177278.785
2368,436.8,287246225.275
2369,436.9,373261332.712
2370,437.0,467624089.309
2371,437.1,564974244.97
2372,437.2,658199999.988
2373,437.3,739464799.206
2374,437.4,801111425.031
2375,437.5,836939981.702
2376,437.6,843103663.388
2377,437.7,819093029.909
2378,437.8,767300000.009
2379,437.9,693224153.105
2380,438.0,604043105.527
2381,438.1,507730096.005
2382,438.2,411754988.624
2383,438.3,322560831.106
2384,438.4,244607497.024
2385,438.5,180652623.469
2386,438.6,131596562.446
2387,438.7,97531398.823
2388,438.8,77777955.459
2389,438.9,71600000.0
2390,439.0,78428423.381
2391,439.1,98036082.865
2392,439.2,130257584.629
2393,439.3,174766697.057
2394,439.4,230826379.048
2395,439.5,296401466.174
2396,439.6,368312584.678
2397,439.7,442282376.674
2398,439.8,512724561.022
2399,439.9,573804471.77
2400,440.0,620099999.995
2401,440.1,647533844.15
2402,440.2,654059697.857
2403,440.3,640304087.334
2404,440.4,609233948.41
2405,440.5,566388268.496
2406,440.6,518255769.137
2407,440.7,472035687.837
2408,440.8,433990162.347
2409,440.9,408607935.475
2410,441.0,398339201.762
2411,441.1,402699999.998
2412,441.2,419064671.737
2413,441.3,442852703.376
2414,441.4,468138406.851
2415,441.5,489215367.195
2416,441.6,500825423.536
2417,441.7,499189829.0
2418,441.8,482960181.409
2419,441.9,452343175.87
2420,442.0,409590385.129
2421,442.1,358296686.95
2422,442.2,302800000.008
2423,442.3,247020068.274
2424,442.4,194606470.147
2425,442.5,148160266.332
2426,442.6,109035761.139
2427,442.7,77716954.325
2428,442.8,53880000.003
2429,442.9,36606207.194
2430,443.0,24732351.908
2431,443.1,17044289.765
2432,443.2,12399999.615
2433,443.3,9860232.602
2434,443.4,8658648.686
2435,443.5,8236684.783
2436,443.6,8204334.245
2437,443.7,8318505.258
2438,443.8,8453992.163
2439,443.9,8586000.0
2440,444.0,8766898.05
2441,444.1,9112704.6
2442,444.2,9770638.712
2443,444.3,10917625.347
2444,444.4,12701957.243
2445,444.5,15240796.689
2446,444.6,18610983.435
2447,444.7,22800869.596
2448,444.8,27727780.18
2449,444.9,33251395.559
2450,445.0,39159999.999
2451,445.1,45224306.62
2452,445.2,51217351.645
2453,445.3,56927338.588
2454,445.4,62171050.184
2455,445.5,66803603.033
2456,445.6,70738790.718
2457,445.7,73867821.593
2458,445.8,76123319.711
2459,445.9,77426715.08
2460,446.0,77703510.084
2461,446.1,76890000.0
2462,446.2,74956534.93
2463,446.3,71933397.334
2464,446.4,67902978.525
2465,446.5,63025817.578
2466,446.6,57516136.742
2467,446.7,51631533.697
2468,446.8,45621977.785
2469,446.9,39751752.632
2470,447.0,34212637.326
2471,447.1,29156527.392
2472,447.2,24650000.001
2473,447.3,20734423.037
2474,447.4,17380526.806
2475,447.5,14543559.275
2476,447.6,12163010.773
2477,447.7,10187558.541
2478,447.8,8557000.0
2479,447.9,7227411.502
2480,448.0,6166657.14
2481,448.1,5351937.518
2482,448.2,4762192.821
2483,448.3,4383827.628
2484,448.4,4199836.392
2485,448.5,4191935.318
2486,448.6,4338867.347
2487,448.7,4618603.984
2488,448.8,5007899.341
2489,448.9,5486000.0
2490,449.0,6037834.126
2491,449.1,6656354.53
2492,449.2,7340337.753
2493,449.3,8093079.315
2494,449.4,8915051.766
2495,449.5,9800777.202
2496,449.6,10727919.573
2497,449.7,11655602.236
2498,449.8,12527848.02
2499,449.9,13273056.845
2500,450.0,13820000.0
2501,450.1,14089586.932
2502,450.2,14037790.806
2503,450.3,13635661.533
2504,450.4,12902147.885
2505,450.5,11886194.685
2506,450.6,10626560.001
2507,450.7,9236859.122
2508,450.8,7790997.337
2509,450.9,6375803.969
2510,451.0,5061127.815
2511,451.1,3896000.0
2512,451.2,2907402.16
2513,451.3,2102995.296
2514,451.4,1474023.334
2515,451.5,1000738.217
2516,451.6,658426.721
2517,451.7,419522.042
2518,451.8,258830.038
2519,451.9,154657.721
2520,452.0,89514.068
2521,452.1,50308.438
2522,452.2,27630.0
2523,452.3,15271.026
2524,452.4,9305.201
2525,452.5,7613.108
2526,452.6,9366.62
2527,452.7,14830.577
2528,452.8,25240.0
2529,452.9,42820.773
2530,453.0,70855.839
2531,453.1,113725.129
2532,453.2,176759.843
2533,453.3,265904.469
2534,453.4,387350.162
2535,453.5,546087.809
2536,453.6,745358.635
2537,453.7,984882.492
2538,453.8,1259897.948
2539,453.9,1560000.0
2540,454.0,1869828.365
2541,454.1,2169655.709
2542,454.2,2437246.454
2543,454.3,2649753.767
2544,454.4,2789563.514
2545,454.5,2843172.437
2546,454.6,2803911.776
2547,454.7,2677609.581
2548,454.8,2475123.803
2549,454.9,2214271.504
2550,455.0,1917000.0
2551,455.1,1606976.836
2552,455.2,1303795.028
2553,455.3,1023741.727
2554,455.4,777955.186
2555,455.5,572214.23
2556,455.6,407190.24
2557,455.7,280483.242
2558,455.8,186882.145
2559,455.9,120531.884
2560,456.0,75235.137
2561,456.1,45440.0
2562,456.2,26542.799
2563,456.3,15006.583
2564,456.4,8207.162
2565,456.5,4342.191
2566,456.6,2222.734
2567,456.7,1101.067
2568,456.8,527.417
2569,456.9,244.272
2570,457.0,109.547
2571,457.1,47.494
2572,457.2,19.94
2573,457.3,8.114
2574,457.4,3.247
2575,457.5,1.425
2576,457.6,1.055
2577,457.7,1.812
2578,457.8,4.366
2579,457.9,10.884
2580,458.0,26.548
2581,458.1,62.657
2582,458.2,143.299
2583,458.3,317.01
2584,458.4,678.608
2585,458.5,1405.468
2586,458.6,2817.706
2587,458.7,5467.232
2588,458.8,10262.616
2589,458.9,18650.0
2590,459.0,32790.213
2591,459.1,55787.595
2592,459.2,91850.345
2593,459.3,146343.923
2594,459.4,225636.774
2595,459.5,336735.502
2596,459.6,486283.526
2597,459.7,679584.501
2598,459.8,919023.102
2599,459.9,1202547.498
2600,460.0,1523000.0
2601,460.1,1866765.439
2602,460.2,2214250.004
2603,460.3,2541584.156
2604,460.4,2822466.783
2605,460.5,3034434.135
2606,460.6,3156820.367
2607,460.7,3179349.338
2608,460.8,3100459.255
2609,460.9,2928189.66
2610,461.0,2681945.303
2611,461.1,2387000.0
2612,461.2,2071424.861
2613,461.3,1766136.918
2614,461.4,1497551.826
2615,461.5,1290334.811
2616,461.6,1162000.847
2617,461.7,1124564.117
2618,461.8,1183566.319
2619,461.9,1337608.397
2620,462.0,1578824.631
2621,462.1,1890861.497
2622,462.2,2253000.0
2623,462.3,2636383.13
2624,462.4,3008314.102
2625,462.5,3335594.527
2626,462.6,3587154.944
2627,462.7,3739015.342
2628,462.8,3774000.0
2629,462.9,3687437.074
2630,463.0,3489539.089
2631,463.1,3195516.321
2632,463.2,2833008.749
2633,463.3,2432171.73
2634,463.4,2020210.62
2635,463.5,1625433.128
2636,463.6,1265040.755
2637,463.7,953481.002
2638,463.8,695711.823
2639,463.9,491300.0
2640,464.0,335915.593
2641,464.1,222367.857
2642,464.2,142635.429
2643,464.3,88813.924
2644,464.4,54250.427
2645,464.5,33776.056
2646,464.6,24187.782
2647,464.7,24760.275
2648,464.8,38160.978
2649,464.9,72107.843
2650,465.0,142500.0
2651,465.1,278390.789
2652,465.2,529460.652
2653,465.3,976072.362
2654,465.4,1744557.25
2655,465.5,3020258.06
2656,465.6,5063131.209
2657,465.7,8222270.959
2658,465.8,12933157.573
2659,465.9,19706896.753
2660,466.0,29076242.699
2661,466.1,41569999.998
2662,466.2,57552454.742
2663,466.3,77192609.384
2664,466.4,100245169.048
2665,466.5,126133425.377
2666,466.6,153708207.241
2667,466.7,181430893.366
2668,466.8,207468378.511
2669,466.9,229734139.912
2670,467.0,246491704.524
2671,467.1,256131892.652
2672,467.2,257700000.0
2673,467.3,251302464.18
2674,467.4,237245699.503
2675,467.5,216955428.169
2676,467.6,192221582.889
2677,467.7,164889309.492
2678,467.8,137100000.004
2679,467.9,110307836.49
2680,468.0,86027435.743
2681,468.1,64968558.395
2682,468.2,47529642.462
2683,468.3,33678503.63
2684,468.4,23109747.093
2685,468.5,15367671.263
2686,468.6,9891856.974
2687,468.7,6174732.996
2688,468.8,3734903.092
2689,468.9,2195000.0
2690,469.0,1262761.317
2691,469.1,726351.037
2692,469.2,444930.608
2693,469.3,329984.939
2694,469.4,332384.552
2695,469.5,431654.342
2696,469.6,627397.776
2697,469.7,932750.333
2698,469.8,1368393.734
2699,469.9,1958971.869
2700,470.0,2729000.0
2701,470.1,3692483.213
2702,470.2,4852194.407
2703,470.3,6193065.503
2704,470.4,7676197.472
2705,470.5,9242439.927
2706,470.6,10814025.33
2707,470.7,12281462.816
2708,470.8,13566643.393
2709,470.9,14568220.83
2710,471.0,15208981.146
2711,471.1,15450000.0
2712,471.2,15297588.421
2713,471.3,14779267.859
2714,471.4,13965129.983
2715,471.5,12961677.965
2716,471.6,11877999.518
2717,471.7,10842268.599
2718,471.8,9974790.323
2719,471.9,9376279.445
2720,472.0,9132227.412
2721,472.1,9297893.111
2722,472.2,9901000.0
2723,472.3,10942300.684
2724,472.4,12386706.991
2725,472.5,14205575.87
2726,472.6,16330602.229
2727,472.7,18701598.561
2728,472.8,21270000.0
2729,472.9,23997074.008
2730,473.0,26863802.032
2731,473.1,29878371.169
2732,473.2,33054270.801
2733,473.3,36413119.135
2734,473.4,39962025.125
2735,473.5,43670487.441
2736,473.6,47491438.18
2737,473.7,51293672.461
2738,473.8,54923681.305
2739,473.9,58190000.0
2740,474.0,60870531.17
2741,474.1,62780180.766
2742,474.2,63752118.759
2743,474.3,63717425.631
2744,474.4,62694114.72
2745,474.5,60772673.77
2746,474.6,58167603.242
2747,474.7,55150777.058
2748,474.8,52027330.609
2749,474.9,49121330.841
2750,475.0,46700000.0
2751,475.1,45009594.753
2752,475.2,44208839.064
2753,475.3,44382125.397
2754,475.4,45542319.727
2755,475.5,47650713.932
2756,475.6,50598958.333
2757,475.7,54229100.233
2758,475.8,58319765.516
2759,475.9,62638556.653
2760,476.0,66856387.039
2761,476.1,70659999.999
2762,476.2,73711085.527
2763,476.3,75683969.752
2764,476.4,76340209.365
2765,476.5,75502425.723
2766,476.6,73128965.815
2767,476.7,69319189.001
2768,476.8,64277202.413
2769,476.9,58321007.634
2770,477.0,51842146.641
2771,477.1,45261799.979
2772,477.2,38990000.001
2773,477.3,33388805.137
2774,477.4,28736063.076
2775,477.5,25218346.575
2776,477.6,22903317.369
2777,477.7,21763195.914
2778,477.8,21670000.0
2779,477.9,22412656.724
2780,478.0,23708192.823
2781,478.1,25262627.441
2782,478.2,26770356.189
2783,478.3,27949551.326
2784,478.4,28573280.986
2785,478.5,28515085.661
2786,478.6,27704259.65
2787,478.7,26159603.811
2788,478.8,24003980.318
2789,478.9,21380000.0
2790,479.0,18488393.523
2791,479.1,15509912.986
2792,479.2,12633645.336
2793,479.3,9979753.397
2794,479.4,7649949.245
2795,479.5,5689031.135
2796,479.6,4105607.554
2797,479.7,2874457.835
2798,479.8,1952207.274
2799,479.9,1286923.246
2800,480.0,825000.0
2801,480.1,516173.971
2802,480.2,319739.225
2803,480.3,204638.901
2804,480.4,150214.813
2805,480.5,145715.783
2806,480.6,190489.383
2807,480.7,294271.443
2808,480.8,477006.713
2809,480.9,770194.647
2810,481.0,1216702.881
2811,481.1,1870000.0
2812,481.2,2790008.498
2813,481.3,4043231.12
2814,481.4,5684649.339
2815,481.5,7759176.704
2816,481.6,10274608.731
2817,481.7,13210739.922
2818,481.8,16486653.682
2819,481.9,19963196.359
2820,482.0,23457743.911
2821,482.1,26763544.562
2822,482.2,29630000.0
2823,482.3,31834649.234
2824,482.4,33190383.328
2825,482.5,33589717.406
2826,482.6,32996908.47
2827,482.7,31452058.176
2828,482.8,29100000.0
2829,482.9,26126135.648
2830,483.0,22767496.338
2831,483.1,19259528.644
2832,483.2,15806773.313
2833,483.3,12592719.191
2834,483.4,9742828.96
2835,483.5,7307818.746
2836,483.6,5322971.56
2837,483.7,3762652.049
2838,483.8,2581514.761
2839,483.9,1719000.0
2840,484.0,1110689.117
2841,484.1,696542.229
2842,484.2,423965.66
2843,484.3,250430.595
2844,484.4,143586.232
2845,484.5,79909.416
2846,484.6,43155.551
2847,484.7,22615.934
2848,484.8,11504.462
2849,484.9,5680.562
2850,485.0,2722.0
2851,485.1,1265.782
2852,485.2,571.433
2853,485.3,250.051
2854,485.4,106.409
2855,485.5,43.899
2856,485.6,17.584
2857,485.7,6.837
2858,485.8,2.574
2859,485.9,0.944
2860,486.0,0.335
2861,486.1,0.116
2862,486.2,0.039
2863,486.3,0.013
2864,486.4,0.004
2865,486.5,0.001
2866,486.6,0.0
2867,486.7,0.0
2868,486.8,0.0
2869,486.9,0.0
2870,487.0,0.0
2871,487.1,0.0
2872,487.2,0.0
2873,487.3,0.0
2874,487.4,0.0
2875,487.5,0.0
2876,487.6,0.0
2877,487.7,0.0
2878,487.8,0.0
2879,487.9,0.0
2880,488.0,0.0
2881,488.1,0.0
2882,488.2,0.0
2883,488.3,0.0
2884,488.4,0.0
2885,488.5,0.0
2886,488.6,0.0
2887,488.7,0.0
2888,488.8,0.0
2889,488.9,0.0
2890,489.0,0.0
2891,489.1,0.0
2892,489.2,0.0
2893,489.3,0.0
2894,489.4,0.0
2895,489.5,0.0
2896,489.6,0.0
2897,489.7,0.0
2898,489.8,0.0
2899,489.9,0.0
2900,490.0,0.0
2901,490.1,0.0
2902,490.2,0.0
2903,490.3,0.0
2904,490.4,0.0
2905,490.5,0.0
2906,490.6,0.0
2907,490.7,0.0
2908,490.8,0.0
2909,490.9,0.0
2910,491.0,0.0
2911,491.1,0.0
2912,491.2,0.0
2913,491.3,0.0
2914,491.4,0.0
2915,491.5,0.0
2916,491.6,0.0
2917,491.7,0.0
2918,491.8,0.0
2919,491.9,0.0
2920,492.0,0.0
2921,492.1,0.0
2922,492.2,0.0
2923,492.3,0.0
2924,492.4,0.0
2925,492.5,0.0
2926,492.6,0.0
2927,492.7,0.0
2928,492.8,0.0
2929,492.9,0.0
2930,493.0,0.0
2931,493.1,0.0
2932,493.2,0.0
2933,493.3,0.0
2934,493.4,0.0
2935,493.5,0.0
2936,493.6,0.001
2937,493.7,0.004
2938,493.8,0.012
2939,493.9,0.033
2940,494.0,0.091
2941,494.1,0.241
2942,494.2,0.62
2943,494.3,1.554
2944,494.4,3.779
2945,494.5,8.939
2946,494.6,20.567
2947,494.7,45.986
2948,494.8,100.102
2949,494.9,211.672
2950,495.0,435.5
2951,495.1,871.023
2952,495.2,1694.444
2953,495.3,3206.1
2954,495.4,5902.581
2955,495.5,10563.352
2956,495.6,18402.141
2957,495.7,31189.728
2958,495.8,51429.207
2959,495.9,82543.837
2960,496.0,129012.582
2961,496.1,196200.0
2962,496.2,290893.824
2963,496.3,420043.011
2964,496.4,591291.452
2965,496.5,811871.453
2966,496.6,1087182.246
2967,496.7,1423311.577
2968,496.8,1818929.447
2969,496.9,2273891.098
2970,497.0,2782337.397
2971,497.1,3335234.245
2972,497.2,3919000.0
2973,497.3,4520491.723
2974,497.4,5122480.411
2975,497.5,5706223.834
2976,497.6,6255650.685
2977,497.7,6751885.259
2978,497.8,7181000.0
2979,497.9,7529980.355
2980,498.0,7792507.814
2981,498.1,7963968.98
2982,498.2,8046381.201
2983,498.3,8048764.341
2984,498.4,7982755.252
2985,498.5,7863532.922
2986,498.6,7707109.915
2987,498.7,7529908.045
2988,498.8,7339502.969
2989,498.9,7142000.0
2990,499.0,6934293.086
2991,499.1,6709210.156
2992,499.2,6455535.73
2993,499.3,6160752.715
2994,499.4,5815446.499
2995,499.5,5416559.677
2996,499.6,4963758.236
2997,499.7,4467772.189
2998,499.8,3941616.633
2999,499.9,3404988.645
3000,500.0,2877000.0
3001,500.1,2378438.036
3002,500.2,1926285.411
3003,500.3,1532956.241
3004,500.4,1208036.952
3005,500.5,957706.481
3006,500.6,786007.503
3007,500.7,697981.386
3008,500.8,701665.752
3009,500.9,812642.947
3010,501.0,1059612.637
3011,501.1,1489000.0
3012,501.2,2178495.11
3013,501.3,3242752.053
3014,501.4,4855103.911
3015,501.5,7252347.562
3016,501.6,10753802.311
3017,501.7,15773089.073
3018,501.8,22789726.13
3019,501.9,32360401.657
3020,502.0,45051447.056
3021,502.1,61395755.639
3022,502.2,81759999.996
3023,502.3,106234630.798
3024,502.4,134749398.185
3025,502.5,166521168.056
3026,502.6,200492733.949
3027,502.7,235080431.352
3028,502.8,268399999.994
3029,502.9,298292985.592
3030,503.0,322595389.814
3031,503.1,339580955.998
3032,503.2,347864740.348
3033,503.3,346734987.367
3034,503.4,336249566.183
3035,503.5,317319522.798
3036,503.6,291370469.994
3037,503.7,260207464.86
3038,503.8,226185088.348
3039,503.9,191200000.006
3040,504.0,157284864.36
3041,504.1,125920590.825
3042,504.2,98045370.876
3043,504.3,74263067.09
3044,504.4,54734820.9
3045,504.5,39253061.385
3046,504.6,27392687.435
3047,504.7,18605357.824
3048,504.8,12307341.385
3049,504.9,7945889.858
3050,505.0,5028000.0
3051,505.1,3153036.195
3052,505.2,2008044.567
3053,505.3,1364171.265
3054,505.4,1060184.567
3055,505.5,989835.76
3056,505.6,1084432.473
3057,505.7,1300805.428
3058,505.8,1615066.203
3059,505.9,2009547.345
3060,506.0,2474419.836
3061,506.1,3000000.0
3062,506.2,3577933.068
3063,506.3,4201770.691
3064,506.4,4869198.587
3065,506.5,5584825.026
3066,506.6,6363823.478
3067,506.7,7230822.37
3068,506.8,8229704.313
3069,506.9,9420418.587
3070,507.0,10872154.942
3071,507.1,12669791.635
3072,507.2,14910000.0
3073,507.3,17660479.723
3074,507.4,20991953.14
3075,507.5,24928345.687
3076,507.6,29444283.442
3077,507.7,34456095.494
3078,507.8,39819999.999
3079,507.9,45306575.555
3080,508.0,50665230.52
3081,508.1,55590707.692
3082,508.2,59768644.713
3083,508.3,62938046.858
3084,508.4,64861647.552
3085,508.5,65401034.245
3086,508.6,64523079.508
3087,508.7,62299174.062
3088,508.8,58887568.169
3089,508.9,54530000.001
3090,509.0,49521748.661
3091,509.1,44181365.195
3092,509.2,38802637.153
3093,509.3,33646231.613
3094,509.4,28905267.762
3095,509.5,24717837.958
3096,509.6,21133334.53
3097,509.7,18159655.607
3098,509.8,15725887.362
3099,509.9,13756444.999
3100,510.0,12150000.0
3101,510.1,10797389.91
3102,510.2,9631140.837
3103,510.3,8568471.624
3104,510.4,7571309.547
3105,510.5,6614646.105
3106,510.6,5694672.646
3107,510.7,4816494.739
3108,510.8,3994751.003
3109,510.9,3242811.97
3110,511.0,2573907.779
3111,511.1,1997000.0
3112,511.2,1511691.014
3113,511.3,1117753.48
3114,511.4,805734.611
3115,511.5,566773.679
3116,511.6,388799.397
3117,511.7,260018.815
3118,511.8,169583.241
3119,511.9,107788.724
3120,512.0,66812.159
3121,512.1,40360.321
3122,512.2,23760.0
3123,512.3,13635.062
3124,512.4,7625.897
3125,512.5,4156.143
3126,512.6,2207.338
3127,512.7,1142.389
3128,512.8,576.2
3129,512.9,283.011
3130,513.0,135.531
3131,513.1,63.192
3132,513.2,28.729
3133,513.3,12.718
3134,513.4,5.486
3135,513.5,2.304
3136,513.6,0.943
3137,513.7,0.376
3138,513.8,0.146
3139,513.9,0.055
3140,514.0,0.02
3141,514.1,0.007
3142,514.2,0.003
3143,514.3,0.001
3144,514.4,0.0
3145,514.5,0.0
3146,514.6,0.0
3147,514.7,0.0
3148,514.8,0.0
3149,514.9,0.0
3150,515.0,0.0
3151,515.1,0.0
3152,515.2,0.0
3153,515.3,0.0
3154,515.4,0.0
3155,515.5,0.0
3156,515.6,0.0
3157,515.7,0.0
3158,515.8,0.0
3159,515.9,0.0
3160,516.0,0.0
3161,516.1,0.0
3162,516.2,0.0
3163,516.3,0.0
3164,516.4,0.0
3165,516.5,0.0
3166,516.6,0.0
3167,516.7,0.0
3168,516.8,0.0
3169,516.9,0.0
3170,517.0,0.0
3171,517.1,0.0
3172,517.2,0.0
3173,517.3,0.0
3174,517.4,0.0
3175,517.5,0.0
3176,517.6,0.0
3177,517.7,0.0
3178,517.8,0.0
3179,517.9,0.0
3180,518.0,0.0
3181,518.1,0.0
3182,518.2,0.0
3183,518.3,0.0
3184,518.4,0.0
3185,518.5,0.0
3186,518.6,0.0
3187,518.7,0.0
3188,518.8,0.0
3189,518.9,0.0
3190,519.0,0.0
3191,519.1,0.0
3192,519.2,0.0
3193,519.3,0.0
3194,519.4,0.0
3195,519.5,0.0
3196,519.6,0.001
3197,519.7,0.002
3198,519.8,0.006
3199,519.9,0.018
3200,520.0,0.052
3201,520.1,0.147
3202,520.2,0.403
3203,520.3,1.076
3204,520.4,2.81
3205,520.5,7.136
3206,520.6,17.678
3207,520.7,42.724
3208,520.8,100.483
3209,520.9,231.017
3210,521.0,517.003
3211,521.1,1129.0
3212,521.2,2402.191
3213,521.3,4982.583
3214,521.4,10081.979
3215,521.5,19881.369
3216,521.6,38241.911
3217,521.7,71698.091
3218,521.8,131044.405
3219,521.9,233538.402
3220,522.0,405841.537
3221,522.1,687402.919
3222,522.2,1136000.0
3223,522.3,1829001.326
3224,522.4,2870691.295
3225,522.5,4394913.667
3226,522.6,6559188.942
3227,522.7,9544105.951
3228,522.8,13539999.999
3229,522.9,18730758.855
3230,523.0,25254347.849
3231,523.1,33208685.278
3232,523.2,42568849.455
3233,523.3,53205617.172
3234,523.4,64837043.559
3235,523.5,77038705.679
3236,523.6,89239109.816
3237,523.7,100767541.307
3238,523.8,110981944.825
3239,523.9,119099999.999
3240,524.0,124705126.349
3241,524.1,127331199.997
3242,524.2,126718787.663
3243,524.3,122927882.046
3244,524.4,116291375.602
3245,524.5,107414696.922
3246,524.6,96644341.845
3247,524.7,84880530.13
3248,524.8,72730318.167
3249,524.9,60839485.438
3250,525.0,49720000.002
3251,525.1,39724078.296
3252,525.2,31070094.537
3253,525.3,23825249.44
3254,525.4,17965060.001
3255,525.5,13367873.225
3256,525.6,9841465.357
3257,525.7,7224535.15
3258,525.8,5307343.194
3259,525.9,3927630.379
3260,526.0,2939334.393
3261,526.1,2228000.0
3262,526.2,1710013.631
3263,526.3,1324252.75
3264,526.4,1028598.592
3265,526.5,797226.276
3266,526.6,613339.379
3267,526.7,466108.702
3268,526.8,348643.583
3269,526.9,256072.795
3270,527.0,184279.726
3271,527.1,130033.264
3272,527.2,90060.0
3273,527.3,61733.052
3274,527.4,42768.625
3275,527.5,31464.999
3276,527.6,26771.1
3277,527.7,28412.951
3278,527.8,36970.0
3279,527.9,53977.9
3280,528.0,82161.496
3281,528.1,125324.069
3282,528.2,188729.625
3283,528.3,278915.636
3284,528.4,403799.194
3285,528.5,572258.602
3286,528.6,793585.728
3287,528.7,1077443.712
3288,528.8,1431470.718
3289,528.9,1862000.0
3290,529.0,2371194.329
3291,529.1,2957551.696
3292,529.2,3612058.214
3293,529.3,4320577.202
3294,529.4,5061984.187
3295,529.5,5810146.127
3296,529.6,6531808.42
3297,529.7,7194448.438
3298,529.8,7761879.091
3299,529.9,8204084.445
3300,530.0,8494000.0
3301,530.1,8613668.733
3302,530.2,8554673.637
3303,530.3,8320206.574
3304,530.4,7924624.698
3305,530.5,7389133.047
3306,530.6,6744614.421
3307,530.7,6026282.366
3308,530.8,5269577.95
3309,530.9,4508124.378
3310,531.0,3774394.126
3311,531.1,3091000.0
3312,531.2,2477019.312
3313,531.3,1942724.08
3314,531.4,1492811.627
3315,531.5,1126232.688
3316,531.6,837577.7
3317,531.7,619884.866
3318,531.8,464377.821
3319,531.9,362792.019
3320,532.0,307269.64
3321,532.1,291372.729
3322,532.2,310300.0
3323,532.3,360447.4
3324,532.4,439604.502
3325,532.5,546587.792
3326,532.6,680642.466
3327,532.7,841559.54
3328,532.8,1029000.0
3329,532.9,1244029.404
3330,533.0,1485527.883
3331,533.1,1754870.868
3332,533.2,2051284.608
3333,533.3,2376022.039
3334,533.4,2728624.335
3335,533.5,3112538.54
3336,533.6,3527769.846
3337,533.7,3977064.611
3338,533.8,4463160.212
3339,533.9,4992000.0
3340,534.0,5567111.661
3341,534.1,6195105.116
3342,534.2,6879876.432
3343,534.3,7626903.627
3344,534.4,8437550.376
3345,534.5,9307363.013
3346,534.6,10227997.446
3347,534.7,11184931.262
3348,534.8,12158735.489
3349,534.9,13113985.556
3350,535.0,14020000.0
3351,535.1,14821261.082
3352,535.2,15496224.963
3353,535.3,15992586.727
3354,535.4,16264110.129
3355,535.5,16299763.864
3356,535.6,16087138.881
3357,535.7,15614434.015
3358,535.8,14897335.72
3359,535.9,13972721.182
3360,536.0,12882925.568
3361,536.1,11680000.0
3362,536.2,10424381.261
3363,536.3,9185196.626
3364,536.4,8009461.937
3365,536.5,6951644.751
3366,536.6,6048678.622
3367,536.7,5325023.051
3368,536.8,4788822.764
3369,536.9,4435618.314
3370,537.0,4246590.458
3371,537.1,4193518.369
3372,537.2,4240000.0
3373,537.3,4350776.397
3374,537.4,4486423.422
3375,537.5,4616566.512
3376,537.6,4715542.141
3377,537.7,4771065.956
3378,537.8,4779000.0
3379,537.9,4747195.386
3380,538.0,4692219.127
3381,538.1,4637640.375
3382,538.2,4609467.115
3383,538.3,4631120.212
3384,538.4,4724885.68
3385,538.5,4899345.747
3386,538.6,5158281.932
3387,538.7,5488291.582
3388,538.8,5867526.074
3389,538.9,6264000.0
3390,539.0,6642057.828
3391,539.1,6959738.514
3392,539.2,7183033.956
3393,539.3,7281292.496
3394,539.4,7236603.856
3395,539.5,7042891.736
3396,539.6,6704660.17
3397,539.7,6240468.41
3398,539.8,5677359.397
3399,539.9,5046995.616
3400,540.0,4386000.0
3401,540.1,3725445.494
3402,540.2,3096117.318
3403,540.3,2521794.849
3404,540.4,2017492.888
3405,540.5,1592917.615
3406,540.6,1250332.695
3407,540.7,986381.066
3408,540.8,796014.754
3409,540.9,669431.875
3410,541.0,597055.585
3411,541.1,569000.0
3412,541.2,576027.131
3413,541.3,609884.794
3414,541.4,664182.037
3415,541.5,733824.249
3416,541.6,815556.655
3417,541.7,907305.497
3418,541.8,1008634.671
3419,541.9,1119482.966
3420,542.0,1241907.76
3421,542.1,1375732.14
3422,542.2,1523000.0
3423,542.3,1682594.726
3424,542.4,1856694.128
3425,542.5,2042219.838
3426,542.6,2237521.101
3427,542.7,2441311.757
3428,542.8,2650000.0
3429,542.9,2861512.807
3430,543.0,3075318.579
3431,543.1,3291537.604
3432,543.2,3511396.898
3433,543.3,3737820.006
3434,543.4,3975398.654
3435,543.5,4229108.396
3436,543.6,4503452.379
3437,543.7,4803047.698
3438,543.8,5128063.931
3439,543.9,5479000.0
3440,544.0,5849302.659
3441,544.1,6230976.699
3442,544.2,6610500.853
3443,544.3,6970917.783
3444,544.4,7292675.773
3445,544.5,7557417.055
3446,544.6,7746872.453
3447,544.7,7844569.481
3448,544.8,7840389.243
3449,544.9,7728222.184
3450,545.0,7510000.0
3451,545.1,7190916.238
3452,545.2,6786304.504
3453,545.3,6310390.232
3454,545.4,5785749.282
3455,545.5,5234731.015
3456,545.6,4678789.003
3457,545.7,4139609.889
3458,545.8,3637604.851
3459,545.9,3186971.377
3460,546.0,2802175.881
3461,546.1,2492000.0
3462,546.2,2262910.738
3463,546.3,2118355.536
3464,546.4,2058590.908
3465,546.5,2085149.521
3466,546.6,2198874.722
3467,546.7,2399045.832
3468,546.8,2690896.532
3469,546.9,3079667.889
3470,547.0,3573758.194
3471,547.1,4183364.332
3472,547.2,4918000.0
3473,547.3,5787080.335
3474,547.4,6793100.521
3475,547.5,7931674.065
3476,547.6,9186419.276
3477,547.7,10532061.07
3478,547.8,11920000.0
3479,547.9,13290622.743
3480,548.0,14584878.762
3481,548.1,15734486.254
3482,548.2,16667945.381
3483,548.3,17303069.788
3484,548.4,17625888.933
3485,548.5,17578109.377
3486,548.6,17177533.575
3487,548.7,16434737.605
3488,548.8,15388381.93
3489,548.9,14110000.0
3490,549.0,12650324.858
3491,549.1,11109444.795
3492,549.2,9539926.357
3493,549.3,8025662.061
3494,549.4,6611891.245
3495,549.5,5344818.005
3496,549.6,4252261.606
3497,549.7,3349328.308
3498,549.8,2644669.344
3499,549.9,2137719.474
3500,550.0,1829000.0
3501,550.1,1722102.993
3502,550.2,1826268.33
3503,550.3,2165525.701
3504,550.4,2781362.74
3505,550.5,3741523.758
3506,550.6,5144991.805
3507,550.7,7137307.13
3508,550.8,9915202.788
3509,550.9,13751163.507
3510,551.0,18997969.217
3511,551.1,26059999.998
3512,551.2,35482689.48
3513,551.3,47818459.278
3514,551.4,63702636.89
3515,551.5,83730554.988
3516,551.6,108361978.936
3517,551.7,138105758.517
3518,551.8,172816559.443
3519,551.9,212246132.604
3520,552.0,255768317.739
3521,552.1,301961563.556
3522,552.2,349299999.991
3523,552.3,395632852.931
3524,552.4,438681318.138
3525,552.5,475878973.914
3526,552.6,505193456.045
3527,552.7,524473723.054
3528,552.8,532600000.0
3529,552.9,529030219.665
3530,553.0,513722876.741
3531,553.1,487853488.927
3532,553.2,452981717.936
3533,553.3,411256124.949
3534,553.4,365042356.686
3535,553.5,316750090.489
3536,553.6,268773715.043
3537,553.7,222979731.311
3538,553.8,180861856.003
3539,553.9,143500000.007
3540,554.0,111297471.648
3541,554.1,84488457.979
3542,554.2,62725026.348
3543,554.3,45580115.22
3544,554.4,32430458.689
3545,554.5,22608102.548
3546,554.6,15452861.443
3547,554.7,10370406.267
3548,554.8,6842155.162
3549,554.9,4445781.338
3550,555.0,2852000.0
3551,555.1,1811352.143
3552,555.2,1141966.767
3553,555.3,717893.477
3554,555.4,450952.914
3555,555.5,283878.036
3556,555.6,179404.868
3557,555.7,113780.427
3558,555.8,72336.186
3559,555.9,46023.285
3560,556.0,29203.496
3561,556.1,18420.0
3562,556.2,11510.068
3563,556.3,7106.609
3564,556.4,4324.272
3565,556.5,2587.836
3566,556.6,1521.202
3567,556.7,877.202
3568,556.8,495.63
3569,556.9,274.216
3570,557.0,148.568
3571,557.1,78.739
3572,557.2,40.84
3573,557.3,20.714
3574,557.4,10.271
3575,557.5,4.982
3576,557.6,2.362
3577,557.7,1.095
3578,557.8,0.497
3579,557.9,0.22
3580,558.0,0.095
3581,558.1,0.04
3582,558.2,0.017
3583,558.3,0.007
3584,558.4,0.003
3585,558.5,0.001
3586,558.6,0.0
3587,558.7,0.0
3588,558.8,0.0
3589,558.9,0.0
3590,559.0,0.0
3591,559.1,0.0
3592,559.2,0.0
3593,559.3,0.0
3594,559.4,0.0
3595,559.5,0.001
3596,559.6,0.002
3597,559.7,0.006
3598,559.8,0.017
3599,559.9,0.043
3600,560.0,0.112
3601,560.1,0.28
3602,560.2,0.688
3603,560.3,1.652
3604,560.4,3.89
3605,560.5,8.946
3606,560.6,20.136
3607,560.7,44.347
3608,560.8,95.486
3609,560.9,201.388
3610,561.0,415.194
3611,561.1,837.9
3612,561.2,1654.2
3613,561.3,3193.557
3614,561.4,6035.87
3615,561.5,11156.462
3616,561.6,20183.596
3617,561.7,35705.992
3618,561.8,61819.693
3619,561.9,104720.755
3620,562.0,173566.204
3621,562.1,281361.424
3622,562.2,446300.0
3623,562.3,692748.76
3624,562.4,1051679.421
3625,562.5,1562617.816
3626,562.6,2272188.172
3627,562.7,3230241.104
3628,562.8,4496000.0
3629,562.9,6121125.978
3630,563.0,8154911.205
3631,563.1,10631152.354
3632,563.2,13568743.166
3633,563.3,16939906.582
3634,563.4,20712450.066
3635,563.5,24792964.26
3636,563.6,29075191.63
3637,563.7,33416942.857
3638,563.8,37665841.442
3639,563.9,41689999.999
3640,564.0,45377034.528
3641,564.1,48657510.986
3642,564.2,51538018.476
3643,564.3,54111032.434
3644,564.4,56536088.443
3645,564.5,59065279.606
3646,564.6,61977642.873
3647,564.7,65592175.415
3648,564.8,70206251.536
3649,564.9,76043142.667
3650,565.0,83219999.998
3651,565.1,91717467.952
3652,565.2,101360443.775
3653,565.3,111738519.445
3654,565.4,122469567.4
3655,565.5,132804920.186
3656,565.6,142277187.615
3657,565.7,150000972.172
3658,565.8,155660154.458
3659,565.9,158649307.062
3660,566.0,158812330.574
3661,566.1,156100000.001
3662,566.2,150650652.81
3663,566.3,142959521.695
3664,566.4,133440321.128
3665,566.5,122770592.868
3666,566.6,111431678.707
3667,566.7,100299194.908
3668,566.8,89600532.04
3669,566.9,79927747.248
3670,567.0,71527229.638
3671,567.1,64594566.346
3672,567.2,59190000.001
3673,567.3,55319748.384
3674,567.4,52903173.805
3675,567.5,51833546.396
3676,567.6,51968203.801
3677,567.7,53142021.32
3678,567.8,55179999.999
3679,567.9,57855781.294
3680,568.0,60946254.592
3681,568.1,64202474.338
3682,568.2,67347864.399
3683,568.3,70122303.468
3684,568.4,72281130.329
3685,568.5,73594200.236
3686,568.6,73911342.957
3687,568.7,73152549.544
3688,568.8,71301852.777
3689,568.9,68460000.001
3690,569.0,64759978.595
3691,569.1,60415108.759
3692,569.2,55669690.491
3693,569.3,50759244.38
3694,569.4,45930268.572
3695,569.5,41382093.231
3696,569.6,37253486.32
3697,569.7,33638849.049
3698,569.8,30586568.105
3699,569.9,28078309.49
3700,570.0,26090000.0
3701,570.1,24531148.516
3702,570.2,23346618.651
3703,570.3,22433186.496
3704,570.4,21730322.039
3705,570.5,21179406.077
3706,570.6,20716757.326
3707,570.7,20312292.47
3708,570.8,19920410.039
3709,570.9,19522823.597
3710,571.0,19085185.728
3711,571.1,18590000.0
3712,571.2,18019435.543
3713,571.3,17360580.598
3714,571.4,16587542.759
3715,571.5,15718518.289
3716,571.6,14752548.326
3717,571.7,13691669.867
3718,571.8,12583166.054
3719,571.9,11423272.926
3720,572.0,10260471.3
3721,572.1,9117534.949
3722,572.2,8016000.0
3723,572.3,6978538.577
3724,572.4,6019333.033
3725,572.5,5148207.765
3726,572.6,4368097.954
3727,572.7,3679028.9
3728,572.8,3077000.0
3729,572.9,2554662.432
3730,573.0,2105154.255
3731,573.1,1720750.696
3732,573.2,1394990.768
3733,573.3,1118998.981
3734,573.4,888826.257
3735,573.5,697355.942
3736,573.6,540082.772
3737,573.7,412437.512
3738,573.8,310270.038
3739,573.9,229700.0
3740,574.0,167306.617
3741,574.1,119673.657
3742,574.2,84063.503
3743,574.3,58016.6
3744,574.4,39262.845
3745,574.5,26066.178
3746,574.6,16969.005
3747,574.7,10827.516
3748,574.8,6772.869
3749,574.9,4151.009
3750,575.0,2493.0
3751,575.1,1466.064
3752,575.2,845.012
3753,575.3,476.853
3754,575.4,263.651
3755,575.5,142.742
3756,575.6,75.651
3757,575.7,39.284
3758,575.8,19.957
3759,575.9,9.936
3760,576.0,4.842
3761,576.1,2.311
3762,576.2,1.08
3763,576.3,0.494
3764,576.4,0.221
3765,576.5,0.097
3766,576.6,0.042
3767,576.7,0.018
3768,576.8,0.007
3769,576.9,0.003
3770,577.0,0.001
3771,577.1,0.0
3772,577.2,0.0
3773,577.3,0.0
3774,577.4,0.0
3775,577.5,0.0
3776,577.6,0.0
3777,577.7,0.0
3778,577.8,0.0
3779,577.9,0.0
3780,578.0,0.0
3781,578.1,0.0
3782,578.2,0.0
3783,578.3,0.0
3784,578.4,0.0
3785,578.5,0.0
3786,578.6,0.0
3787,578.7,0.0
3788,578.8,0.0
3789,578.9,0.0
3790,579.0,0.0
3791,579.1,0.0
3792,579.2,0.0
3793,579.3,0.0
3794,579.4,0.0
3795,579.5,0.0
3796,579.6,0.0
3797,579.7,0.0
3798,579.8,0.0
3799,579.9,0.0
3800,580.0,0.0
3801,580.1,0.0
3802,580.2,0.0
3803,580.3,0.0
3804,580.4,0.0
3805,580.5,0.0
3806,580.6,0.0
3807,580.7,0.0
3808,580.8,0.0
3809,580.9,0.0
3810,581.0,0.0
3811,581.1,0.0
3812,581.2,0.0
3813,581.3,0.0
3814,581.4,0.0
3815,581.5,0.0
3816,581.6,0.0
3817,581.7,0.0
3818,581.8,0.0
3819,581.9,0.0
3820,582.0,0.0
3821,582.1,0.0
3822,582.2,0.0
3823,582.3,0.0
3824,582.4,0.0
3825,582.5,0.0
3826,582.6,0.0
3827,582.7,0.0
3828,582.8,0.0
3829,582.9,0.0
3830,583.0,0.0
3831,583.1,0.0
3832,583.2,0.0
3833,583.3,0.0
3834,583.4,0.0
3835,583.5,0.0
3836,583.6,0.0
3837,583.7,0.0
3838,583.8,0.0
3839,583.9,0.0
3840,584.0,0.0
3841,584.1,0.0
3842,584.2,0.0
3843,584.3,0.0
3844,584.4,0.0
3845,584.5,0.0
3846,584.6,0.0
3847,584.7,0.0
3848,584.8,0.0
3849,584.9,0.0
3850,585.0,0.0
3851,585.1,0.0
3852,585.2,0.0
3853,585.3,0.0
3854,585.4,0.0
3855,585.5,0.0
3856,585.6,0.0
3857,585.7,0.0
3858,585.8,0.0
3859,585.9,0.0
3860,586.0,0.0
3861,586.1,0.0
3862,586.2,0.0
3863,586.3,0.0
3864,586.4,0.0
3865,586.5,0.0
3866,586.6,0.0
3867,586.7,0.0
3868,586.8,0.0
3869,586.9,0.0
3870,587.0,0.0
3871,587.1,0.0
3872,587.2,0.0
3873,587.3,0.0
3874,587.4,0.0
3875,587.5,0.0
3876,587.6,0.0
3877,587.7,0.0
3878,587.8,0.0
3879,587.9,0.0
3880,588.0,0.0
3881,588.1,0.0
3882,588.2,0.0
3883,588.3,0.0
3884,588.4,0.0
3885,588.5,0.0
3886,588.6,0.0
3887,588.7,0.0
3888,588.8,0.0
3889,588.9,0.0
3890,589.0,0.0
3891,589.1,0.0
3892,589.2,0.0
3893,589.3,0.0
3894,589.4,0.0
3895,589.5,0.0
3896,589.6,0.0
3897,589.7,0.0
3898,589.8,0.0
3899,589.9,0.0
3900,590.0,0.0
3901,590.1,0.0
3902,590.2,0.0
3903,590.3,0.0
3904,590.4,0.0
3905,590.5,0.0
3906,590.6,0.0
3907,590.7,0.0
3908,590.8,0.0
3909,590.9,0.0
3910,591.0,0.0
3911,591.1,0.0
3912,591.2,0.0
3913,591.3,0.0
3914,591.4,0.0
3915,591.5,0.0
3916,591.6,0.0
3917,591.7,0.0
3918,591.8,0.0
3919,591.9,0.0
3920,592.0,0.0
3921,592.1,0.0
3922,592.2,0.0
3923,592.3,0.0
3924,592.4,0.0
3925,592.5,0.0
3926,592.6,0.0
3927,592.7,0.0
3928,592.8,0.0
3929,592.9,0.0
3930,593.0,0.0
3931,593.1,0.0
3932,593.2,0.0
3933,593.3,0.0
3934,593.4,0.0
3935,593.5,0.0
3936,593.6,0.0
3937,593.7,0.0
3938,593.8,0.0
3939,593.9,0.0
3940,594.0,0.0
3941,594.1,0.0
3942,594.2,0.0
3943,594.3,0.0
3944,594.4,0.001
3945,594.5,0.002
3946,594.6,0.005
3947,594.7,0.011
3948,594.8,0.026
3949,594.9,0.058
3950,595.0,0.127
3951,595.1,0.274
3952,595.2,0.58
3953,595.3,1.202
3954,595.4,2.446
3955,595.5,4.88
3956,595.6,9.551
3957,595.7,18.336
3958,595.8,34.5
3959,595.9,63.704
3960,596.0,115.343
3961,596.1,204.9
3962,596.2,356.867
3963,596.3,609.538
3964,596.4,1021.446
3965,596.5,1678.705
3966,596.6,2704.751
3967,596.7,4276.822
3968,596.8,6630.426
3969,596.9,10080.537
3970,597.0,15036.356
3971,597.1,21997.632
3972,597.2,31550.0
3973,597.3,44393.685
3974,597.4,61269.921
3975,597.5,82923.474
3976,597.6,110085.971
3977,597.7,143326.986
3978,597.8,183000.0
3979,597.9,229261.291
3980,598.0,281591.287
3981,598.1,339227.887
3982,598.2,400847.275
3983,598.3,464687.066
3984,598.4,528285.048
3985,598.5,589224.031
3986,598.6,644640.399
3987,598.7,692065.894
3988,598.8,729310.543
3989,598.9,754600.0
3990,599.0,767227.482
3991,599.1,767505.108
3992,599.2,756659.553
3993,599.3,737368.963
3994,599.4,713455.35
3995,599.5,689908.723
3996,599.6,672432.727
3997,599.7,668052.107
3998,599.8,684042.366
3999,599.9,728337.75
4000,600.0,809000.0
4001,600.1,934033.26
4002,600.2,1110903.305
4003,600.3,1346801.838
4004,600.4,1646950.222
4005,600.5,2015245.814
4006,600.6,2455193.964
4007,600.7,2965707.794
4008,600.8,3544064.184
4009,600.9,4185216.736
4010,601.0,4882168.43
4011,601.1,5621000.0
4012,601.2,6390840.038
4013,601.3,7172911.129
4014,601.4,7950091.228
4015,601.5,8701129.415
4016,601.6,9404169.926
4017,601.7,10037666.865
4018,601.8,10579678.536
4019,601.9,11005356.587
4020,602.0,11299881.054
4021,602.1,11447513.473
4022,602.2,11450000.0
4023,602.3,11276093.281
4024,602.4,10957349.696
4025,602.5,10484704.887
4026,602.6,9888854.462
4027,602.7,9181969.917
4028,602.8,8390000.0
4029,602.9,7543820.548
4030,603.0,6672914.856
4031,603.1,5804730.219
4032,603.2,4965383.606
4033,603.3,4175652.405
4034,603.4,3450850.985
4035,603.5,2803237.998
4036,603.6,2237796.659
4037,603.7,1755791.114
4038,603.8,1353146.864
4039,603.9,1024000.0
4040,604.0,762146.836
4041,604.1,556924.999
4042,604.2,399888.752
4043,604.3,282073.312
4044,604.4,195424.159
4045,604.5,133074.516
4046,604.6,88975.427
4047,604.7,58466.983
4048,604.8,37745.943
4049,604.9,23939.773
4050,605.0,14920.0
4051,605.1,9134.178
4052,605.2,5498.399
4053,605.3,3250.561
4054,605.4,1888.933
4055,605.5,1078.693
4056,605.6,605.155
4057,605.7,333.683
4058,605.8,180.789
4059,605.9,96.325
4060,606.0,50.381
4061,606.1,25.92
4062,606.2,13.104
4063,606.3,6.503
4064,606.4,3.176
4065,606.5,1.522
4066,606.6,0.718
4067,606.7,0.332
4068,606.8,0.151
4069,606.9,0.068
4070,607.0,0.03
4071,607.1,0.013
4072,607.2,0.005
4073,607.3,0.002
4074,607.4,0.001
4075,607.5,0.001
4076,607.6,0.001
4077,607.7,0.003
4078,607.8,0.006
4079,607.9,0.014
4080,608.0,0.032
4081,608.1,0.071
4082,608.2,0.158
4083,608.3,0.343
4084,608.4,0.732
4085,608.5,1.533
4086,608.6,3.154
4087,608.7,6.368
4088,608.8,12.629
4089,608.9,24.6
4090,609.0,47.033
4091,609.1,88.32
4092,609.2,162.84
4093,609.3,294.931
4094,609.4,524.548
4095,609.5,916.165
4096,609.6,1571.75
4097,609.7,2647.796
4098,609.8,4381.722
4099,609.9,7123.369
4100,610.0,11370.0
4101,610.1,17841.816
4102,610.2,27492.771
4103,610.3,41630.325
4104,610.4,61929.574
4105,610.5,90528.737
4106,610.6,130029.139
4107,610.7,183593.285
4108,610.8,254709.869
4109,610.9,347377.842
4110,611.0,465774.86
4111,611.1,613900.0
4112,611.2,795579.258
4113,611.3,1013795.257
4114,611.4,1270365.731
4115,611.5,1565953.711
4116,611.6,1898782.303
4117,611.7,2264887.979
4118,611.8,2657428.604
4119,611.9,3068986.893
4120,612.0,3487704.188
4121,612.1,3901108.52
4122,612.2,4296000.0
4123,612.3,4656199.786
4124,612.4,4970258.419
4125,612.5,5223608.189
4126,612.6,5406931.629
4127,612.7,5512856.646
4128,612.8,5537000.0
4129,612.9,5480299.187
4130,613.0,5345752.912
4131,613.1,5139309.347
4132,613.2,4872469.155
4133,613.3,4557661.646
4134,613.4,4207948.278
4135,613.5,3838901.847
4136,613.6,3462430.766
4137,613.7,3092812.415
4138,613.8,2740885.557
4139,613.9,2415000.0
4140,614.0,2120951.058
4141,614.1,1862098.422
4142,614.2,1638622.464
4143,614.3,1449832.219
4144,614.4,1292241.865
4145,614.5,1160927.521
4146,614.6,1051762.802
4147,614.7,959821.699
4148,614.8,879477.421
4149,614.9,807040.325
4150,615.0,739300.0
4151,615.1,673833.27
4152,615.2,609605.269
4153,615.3,545899.026
4154,615.4,483016.752
4155,615.5,421625.849
4156,615.6,362644.438
4157,615.7,307088.531
4158,615.8,255763.453
4159,615.9,209533.106
4160,616.0,168702.868
4161,616.1,133400.0
4162,616.2,103666.257
4163,616.3,79102.235
4164,616.4,59291.862
4165,616.5,43645.342
4166,616.6,31547.54
4167,616.7,22401.401
4168,616.8,15629.155
4169,616.9,10727.002
4170,617.0,7275.156
4171,617.1,4912.147
4172,617.2,3374.0
4173,617.3,2464.212
4174,617.4,2056.043
4175,617.5,2083.334
4176,617.6,2540.833
4177,617.7,3476.648
4178,617.8,4995.0
4179,617.9,7255.713
4180,618.0,10475.736
4181,618.1,14927.234
4182,618.2,20922.396
4183,618.3,28846.571
4184,618.4,39090.827
4185,618.5,52080.338
4186,618.6,68213.312
4187,618.7,87856.338
4188,618.8,111241.93
4189,618.9,138700.0
4190,619.0,170236.396
4191,619.1,205739.112
4192,619.2,245046.518
4193,619.3,287862.188
4194,619.4,333758.591
4195,619.5,382258.891
4196,619.6,432993.547
4197,619.7,485539.586
4198,619.8,539498.221
4199,619.9,594642.96
4200,620.0,650700.0
4201,620.1,707505.44
4202,620.2,764646.597
4203,620.3,821674.654
4204,620.4,877789.546
4205,620.5,931849.965
4206,620.6,982422.068
4207,620.7,1027649.885
4208,620.8,1066412.372
4209,620.9,1094705.687
4210,621.0,1111913.534
4211,621.1,1117000.0
4212,621.2,1107494.875
4213,621.3,1084088.669
4214,621.4,1044939.233
4215,621.5,993712.445
4216,621.6,930479.983
4217,621.7,858013.972
4218,621.8,779202.647
4219,621.9,697398.931
4220,622.0,615629.774
4221,622.1,537143.877
4222,622.2,464800.0
4223,622.3,400952.94
4224,622.4,347657.813
4225,622.5,306550.733
4226,622.6,278569.198
4227,622.7,264619.706
4228,622.8,264800.0
4229,622.9,279358.339
4230,623.0,308072.705
4231,623.1,350505.732
4232,623.2,406073.66
4233,623.3,474052.072
4234,623.4,553535.428
4235,623.5,643590.829
4236,623.6,743143.495
4237,623.7,850915.612
4238,623.8,965708.272
4239,623.9,1086000.0
4240,624.0,1211269.017
4241,624.1,1338108.657
4242,624.2,1466549.741
4243,624.3,1593896.141
4244,624.4,1718721.364
4245,624.5,1838737.091
4246,624.6,1951893.765
4247,624.7,2054834.683
4248,624.8,2146107.396
4249,624.9,2224143.943
4250,625.0,2287000.0
4251,625.1,2332895.078
4252,625.2,2361528.908
4253,625.3,2372939.699
4254,625.4,2367204.886
4255,625.5,2345927.788
4256,625.6,2309746.915
4257,625.7,2259976.115
4258,625.8,2197906.774
4259,625.9,2125562.378
4260,626.0,2044201.176
4261,626.1,1955000.0
4262,626.2,1858154.887
4263,626.3,1756731.97
4264,626.4,1650636.83
4265,626.5,1542717.796
4266,626.6,1434694.805
4267,626.7,1328537.47
4268,626.8,1227311.205
4269,626.9,1133313.663
4270,627.0,1050305.887
4271,627.1,979938.913
4272,627.2,924600.0
4273,627.3,886126.482
4274,627.4,864982.034
4275,627.5,861084.9
4276,627.6,873552.06
4277,627.7,900405.735
4278,627.8,939300.0
4279,627.9,987055.839
4280,628.0,1040059.608
4281,628.1,1094246.81
4282,628.2,1147819.436
4283,628.3,1195653.115
4284,628.4,1235682.695
4285,628.5,1267311.741
4286,628.6,1288255.687
4287,628.7,1299591.325
4288,628.8,1301197.893
4289,628.9,1297000.0
4290,629.0,1286947.757
4291,629.1,1276855.688
4292,629.2,1268620.54
4293,629.3,1266442.1
4294,629.4,1273723.436
4295,629.5,1291369.568
4296,629.6,1323686.284
4297,629.7,1369985.931
4298,629.8,1429637.381
4299,629.9,1500626.904
4300,630.0,1581000.0
4301,630.1,1664924.906
4302,630.2,1748830.784
4303,630.3,1826988.883
4304,630.4,1891967.715
4305,630.5,1940272.808
4306,630.6,1966495.371
4307,630.7,1966916.525
4308,630.8,1939817.619
4309,630.9,1885561.985
4310,631.0,1804210.112
4311,631.1,1700000.0
4312,631.2,1575733.532
4313,631.3,1436131.23
4314,631.4,1287321.325
4315,631.5,1134537.922
4316,631.6,983318.42
4317,631.7,837606.067
4318,631.8,701353.851
4319,631.9,577198.767
4320,632.0,466852.944
4321,632.1,371098.17
4322,632.2,289900.0
4323,632.3,222564.327
4324,632.4,167944.031
4325,632.5,124470.833
4326,632.6,90713.052
4327,632.7,64955.414
4328,632.8,45700.0
4329,632.9,31601.181
4330,633.0,21465.771
4331,633.1,14336.508
4332,633.2,9406.226
4333,633.3,6063.841
4334,633.4,3841.361
4335,633.5,2391.63
4336,633.6,1463.202
4337,633.7,879.352
4338,633.8,519.522
4339,633.9,301.6
4340,634.0,172.079
4341,634.1,96.517
4342,634.2,53.302
4343,634.3,29.132
4344,634.4,16.02
4345,634.5,9.354
4346,634.6,6.591
4347,634.7,6.527
4348,634.8,8.876
4349,634.9,14.091
4350,635.0,23.37
4351,635.1,38.818
4352,635.2,63.718
4353,635.3,102.97
4354,635.4,163.68
4355,635.5,255.678
4356,635.6,392.81
4357,635.7,593.066
4358,635.8,880.551
4359,635.9,1284.657
4360,636.0,1843.064
4361,636.1,2599.0
4362,636.2,3603.124
4363,636.3,4910.425
4364,636.4,6577.685
4365,636.5,8661.635
4366,636.6,11217.687
4367,636.7,14269.356
4368,636.8,17859.446
4369,636.9,21962.87
4370,637.0,26548.922
4371,637.1,31557.024
4372,637.2,36870.0
4373,637.3,42350.582
4374,637.4,47817.515
4375,637.5,53073.14
4376,637.6,57912.679
4377,637.7,62112.136
4378,637.8,65500.0
4379,637.9,67893.882
4380,638.0,69184.845
4381,638.1,69301.513
4382,638.2,68248.837
4383,638.3,66065.897
4384,638.4,62880.193
4385,638.5,58838.038
4386,638.6,54130.921
4387,638.7,48973.898
4388,638.8,43574.442
4389,638.9,38160.0
4390,639.0,32910.684
4391,639.1,27988.158
4392,639.2,23544.244
4393,639.3,19661.528
4394,639.4,16426.193
4395,639.5,13877.326
4396,639.6,12053.684
4397,639.7,10960.811
4398,639.8,10603.667
4399,639.9,10978.843
4400,640.0,12070.0
4401,640.1,13875.641
4402,640.2,16353.542
4403,640.3,19482.6
4404,640.4,23185.477
4405,640.5,27404.761
4406,640.6,32004.498
4407,640.7,36878.45
4408,640.8,41846.876
4409,640.9,46729.593
4410,641.0,51338.094
4411,641.1,55480.0
4412,641.2,58951.536
4413,641.3,61586.153
4414,641.4,63274.133
4415,641.5,63916.094
4416,641.6,63491.198
4417,641.7,62005.09
4418,641.8,59532.493
4419,641.9,56207.402
4420,642.0,52172.663
4421,642.1,47616.328
4422,642.2,42730.0
4423,642.3,37706.77
4424,642.4,32711.858
4425,642.5,27899.989
4426,642.6,23398.29
4427,642.7,19295.224
4428,642.8,15650.0
4429,642.9,12474.027
4430,643.0,9780.463
4431,643.1,7541.017
4432,643.2,5722.42
4433,643.3,4277.814
4434,643.4,3157.232
4435,643.5,2314.185
4436,643.6,1703.236
4437,643.7,1289.783
4438,643.8,1047.513
4439,643.9,960.5
4440,644.0,1025.262
4441,644.1,1252.467
4442,644.2,1665.688
4443,644.3,2303.159
4444,644.4,3217.76
4445,644.5,4477.572
4446,644.6,6159.46
4447,644.7,8354.569
4448,644.8,11157.202
4449,644.9,14657.5
4450,645.0,18950.0
4451,645.1,24088.932
4452,645.2,30125.149
4453,645.3,37057.283
4454,645.4,44824.03
4455,645.5,53334.519
4456,645.6,62407.308
4457,645.7,71826.822
4458,645.8,81297.44
4459,645.9,90512.016
4460,646.0,99092.47
4461,646.1,106700.0
4462,646.2,113061.698
4463,646.3,117727.854
4464,646.4,120612.518
4465,646.5,121497.756
4466,646.6,120514.401
4467,646.7,117408.057
4468,646.8,112600.559
4469,646.9,106132.973
4470,647.0,98420.505
4471,647.1,89783.872
4472,647.2,80540.0
4473,647.3,71050.75
4474,647.4,61655.255
4475,647.5,52617.731
4476,647.6,44166.917
4477,647.7,36464.911
4478,647.8,29600.0
4479,647.9,23640.9
4480,648.0,18567.36
4481,648.1,14344.562
4482,648.2,10895.146
4483,648.3,8141.506
4484,648.4,5984.147
4485,648.5,4325.06
4486,648.6,3074.447
4487,648.7,2150.008
4488,648.8,1478.653
4489,648.9,999.8
4490,649.0,665.037
4491,649.1,435.062
4492,649.2,279.92
4493,649.3,177.205
4494,649.4,110.305
4495,649.5,67.498
4496,649.6,40.642
4497,649.7,24.063
4498,649.8,14.014
4499,649.9,8.028
4500,650.0,4.523
4501,650.1,2.506
4502,650.2,1.365
4503,650.3,0.732
4504,650.4,0.386
4505,650.5,0.2
4506,650.6,0.102
4507,650.7,0.051
4508,650.8,0.025
4509,650.9,0.012
4510,651.0,0.006
4511,651.1,0.003
4512,651.2,0.001
4513,651.3,0.001
4514,651.4,0.0
4515,651.5,0.0
4516,651.6,0.0
4517,651.7,0.0
4518,651.8,0.0
4519,651.9,0.0
4520,652.0,0.0
4521,652.1,0.0
4522,652.2,0.0
4523,652.3,0.0
4524,652.4,0.0
4525,652.5,0.0
4526,652.6,0.0
4527,652.7,0.0
4528,652.8,0.0
4529,652.9,0.0
4530,653.0,0.0
4531,653.1,0.0
4532,653.2,0.0
4533,653.3,0.0
4534,653.4,0.0
4535,653.5,0.0
4536,653.6,0.0
4537,653.7,0.0
4538,653.8,0.0
4539,653.9,0.0
4540,654.0,0.0
4541,654.1,0.0
4542,654.2,0.0
4543,654.3,0.0
4544,654.4,0.0
4545,654.5,0.0
4546,654.6,0.0
4547,654.7,0.0
4548,654.8,0.0
4549,654.9,0.0
4550,655.0,0.0
4551,655.1,0.0
4552,655.2,0.0
4553,655.3,0.0
4554,655.4,0.0
4555,655.5,0.0
4556,655.6,0.0
4557,655.7,0.0
4558,655.8,0.0
4559,655.9,0.0
4560,656.0,0.0
4561,656.1,0.0
4562,656.2,0.0
4563,656.3,0.0
4564,656.4,0.0
4565,656.5,0.0
4566,656.6,0.0
4567,656.7,0.0
4568,656.8,0.0
4569,656.9,0.0
4570,657.0,0.0
4571,657.1,0.0
4572,657.2,0.0
4573,657.3,0.0
4574,657.4,0.0
4575,657.5,0.0
4576,657.6,0.0
4577,657.7,0.0
4578,657.8,0.0
4579,657.9,0.0
4580,658.0,0.0
4581,658.1,0.0
4582,658.2,0.0
4583,658.3,0.0
4584,658.4,0.0
4585,658.5,0.0
4586,658.6,0.0
4587,658.7,0.0
4588,658.8,0.0
4589,658.9,0.0
4590,659.0,0.0
4591,659.1,0.0
4592,659.2,0.0
4593,659.3,0.0
4594,659.4,0.0
4595,659.5,0.0
4596,659.6,0.0
4597,659.7,0.0
4598,659.8,0.0
4599,659.9,0.0
4600,660.0,0.0
4601,660.1,0.0
4602,660.2,0.0
4603,660.3,0.0
4604,660.4,0.0
4605,660.5,0.0
4606,660.6,0.0
4607,660.7,0.0
4608,660.8,0.0
4609,660.9,0.0
4610,661.0,0.0
4611,661.1,0.0
4612,661.2,0.0
4613,661.3,0.0
4614,661.4,0.0
4615,661.5,0.0
4616,661.6,0.0
4617,661.7,0.0
4618,661.8,0.0
4619,661.9,0.0
4620,662.0,0.0
4621,662.1,0.0
4622,662.2,0.0
4623,662.3,0.0
4624,662.4,0.0
4625,662.5,0.0
4626,662.6,0.0
4627,662.7,0.0
4628,662.8,0.0
4629,662.9,0.0
4630,663.0,0.0
4631,663.1,0.0
4632,663.2,0.0
4633,663.3,0.0
4634,663.4,0.0
4635,663.5,0.0
4636,663.6,0.0
4637,663.7,0.0
4638,663.8,0.0
4639,663.9,0.0
4640,664.0,0.0
4641,664.1,0.0
4642,664.2,0.0
4643,664.3,0.0
4644,664.4,0.0
4645,664.5,0.0
4646,664.6,0.0
4647,664.7,0.0
4648,664.8,0.0
4649,664.9,0.0
4650,665.0,0.0
4651,665.1,0.0
4652,665.2,0.0
4653,665.3,0.0
4654,665.4,0.0
4655,665.5,0.0
4656,665.6,0.0
4657,665.7,0.0
4658,665.8,0.0
4659,665.9,0.0
4660,666.0,0.0
4661,666.1,0.0
4662,666.2,0.0
4663,666.3,0.0
4664,666.4,0.0
4665,666.5,0.0
4666,666.6,0.0
4667,666.7,0.0
4668,666.8,0.0
4669,666.9,0.0
4670,667.0,0.0
4671,667.1,0.0
4672,667.2,0.0
4673,667.3,0.0
4674,667.4,0.0
4675,667.5,0.0
4676,667.6,0.0
4677,667.7,0.0
4678,667.8,0.0
4679,667.9,0.0
4680,668.0,0.0
4681,668.1,0.0
4682,668.2,0.0
4683,668.3,0.0
4684,668.4,0.0
4685,668.5,0.0
4686,668.6,0.0
4687,668.7,0.0
4688,668.8,0.0
4689,668.9,0.0
4690,669.0,0.0
4691,669.1,0.0
4692,669.2,0.0
4693,669.3,0.0
4694,669.4,0.0
4695,669.5,0.0
4696,669.6,0.0
4697,669.7,0.0
4698,669.8,0.0
4699,669.9,0.0
4700,670.0,0.0
4701,670.1,0.0
4702,670.2,0.0
4703,670.3,0.0
4704,670.4,0.0
4705,670.5,0.0
4706,670.6,0.0
4707,670.7,0.0
4708,670.8,0.0
4709,670.9,0.0
4710,671.0,0.0
4711,671.1,0.0
4712,671.2,0.0
4713,671.3,0.0
4714,671.4,0.0
4715,671.5,0.0
4716,671.6,0.0
4717,671.7,0.0
4718,671.8,0.0
4719,671.9,0.0
4720,672.0,0.0
4721,672.1,0.0
4722,672.2,0.0
4723,672.3,0.0
4724,672.4,0.0
4725,672.5,0.0
4726,672.6,0.0
4727,672.7,0.0
4728,672.8,0.0
4729,672.9,0.0
4730,673.0,0.0
4731,673.1,0.0
4732,673.2,0.0
4733,673.3,0.0
4734,673.4,0.0
4735,673.5,0.0
4736,673.6,0.0
4737,673.7,0.0
4738,673.8,0.0
4739,673.9,0.0
4740,674.0,0.0
4741,674.1,0.0
4742,674.2,0.0
4743,674.3,0.0
4744,674.4,0.0
4745,674.5,0.0
4746,674.6,0.0
4747,674.7,0.0
4748,674.8,0.0
4749,674.9,0.0
4750,675.0,0.0
4751,675.1,0.0
4752,675.2,0.0
4753,675.3,0.0
4754,675.4,0.0
4755,675.5,0.0
4756,675.6,0.0
4757,675.7,0.0
4758,675.8,0.0
4759,675.9,0.0
4760,676.0,0.0
4761,676.1,0.0
4762,676.2,0.0
4763,676.3,0.0
4764,676.4,0.0
4765,676.5,0.0
4766,676.6,0.0
4767,676.7,0.0
4768,676.8,0.0
4769,676.9,0.0
4770,677.0,0.0
4771,677.1,0.0
4772,677.2,0.0
4773,677.3,0.0
4774,677.4,0.0
4775,677.5,0.0
4776,677.6,0.0
4777,677.7,0.0
4778,677.8,0.0
4779,677.9,0.0
4780,678.0,0.0
4781,678.1,0.0
4782,678.2,0.0
4783,678.3,0.0
4784,678.4,0.0
4785,678.5,0.0
4786,678.6,0.0
4787,678.7,0.0
4788,678.8,0.0
4789,678.9,0.0
4790,679.0,0.0
4791,679.1,0.0
4792,679.2,0.0
4793,679.3,0.0
4794,679.4,0.0
4795,679.5,0.0
4796,679.6,0.0
4797,679.7,0.0
4798,679.8,0.0
4799,679.9,0.0
4800,680.0,0.0
4801,680.1,0.0
4802,680.2,0.0
4803,680.3,0.0
4804,680.4,0.0
4805,680.5,0.0
4806,680.6,0.0
4807,680.7,0.0
4808,680.8,0.0
4809,680.9,0.0
4810,681.0,0.0
4811,681.1,0.0
4812,681.2,0.0
4813,681.3,0.0
4814,681.4,0.0
4815,681.5,0.0
4816,681.6,0.0
4817,681.7,0.0
4818,681.8,0.0
4819,681.9,0.0
4820,682.0,0.0
4821,682.1,0.0
4822,682.2,0.0
4823,682.3,0.0
4824,682.4,0.0
4825,682.5,0.0
4826,682.6,0.0
4827,682.7,0.0
4828,682.8,0.0
4829,682.9,0.0
4830,683.0,0.0
4831,683.1,0.0
4832,683.2,0.0
4833,683.3,0.0
4834,683.4,0.0
4835,683.5,0.0
4836,683.6,0.0
4837,683.7,0.0
4838,683.8,0.0
4839,683.9,0.0
4840,684.0,0.0
4841,684.1,0.0
4842,684.2,0.0
4843,684.3,0.0
4844,684.4,0.0
4845,684.5,0.0
4846,684.6,0.0
4847,684.7,0.0
4848,684.8,0.0
4849,684.9,0.0
4850,685.0,0.0
4851,685.1,0.0
4852,685.2,0.0
4853,685.3,0.0
4854,685.4,0.0
4855,685.5,0.0
4856,685.6,0.0
4857,685.7,0.0
4858,685.8,0.0
4859,685.9,0.0
4860,686.0,0.0
4861,686.1,0.0
4862,686.2,0.0
4863,686.3,0.0
4864,686.4,0.0
4865,686.5,0.0
4866,686.6,0.0
4867,686.7,0.0
4868,686.8,0.0
4869,686.9,0.0
4870,687.0,0.0
4871,687.1,0.0
4872,687.2,0.0
4873,687.3,0.0
4874,687.4,0.0
4875,687.5,0.0
4876,687.6,0.0
4877,687.7,0.0
4878,687.8,0.0
4879,687.9,0.0
4880,688.0,0.0
4881,688.1,0.0
4882,688.2,0.0
4883,688.3,0.0
4884,688.4,0.0
4885,688.5,0.0
4886,688.6,0.0
4887,688.7,0.0
4888,688.8,0.0
4889,688.9,0.0
4890,689.0,0.0
4891,689.1,0.0
4892,689.2,0.0
4893,689.3,0.0
4894,689.4,0.0
4895,689.5,0.0
4896,689.6,0.0
4897,689.7,0.0
4898,689.8,0.0
4899,689.9,0.0
4900,690.0,0.0
4901,690.1,0.0
4902,690.2,0.0
4903,690.3,0.0
4904,690.4,0.0
4905,690.5,0.0
4906,690.6,0.0
4907,690.7,0.0
4908,690.8,0.0
4909,690.9,0.0
4910,691.0,0.0
4911,691.1,0.0
4912,691.2,0.0
4913,691.3,0.0
4914,691.4,0.0
4915,691.5,0.0
4916,691.6,0.0
4917,691.7,0.0
4918,691.8,0.0
4919,691.9,0.0
4920,692.0,0.0
4921,692.1,0.0
4922,692.2,0.0
4923,692.3,0.0
4924,692.4,0.0
4925,692.5,0.0
4926,692.6,0.0
4927,692.7,0.0
4928,692.8,0.0
4929,692.9,0.0
4930,693.0,0.0
4931,693.1,0.0
4932,693.2,0.0
4933,693.3,0.0
4934,693.4,0.0
4935,693.5,0.0
4936,693.6,0.0
4937,693.7,0.0
4938,693.8,0.0
4939,693.9,0.0
4940,694.0,0.0
4941,694.1,0.0
4942,694.2,0.0
4943,694.3,0.0
4944,694.4,0.0
4945,694.5,0.0
4946,694.6,0.0
4947,694.7,0.0
4948,694.8,0.0
4949,694.9,0.0
4950,695.0,0.0
4951,695.1,0.0
4952,695.2,0.0
4953,695.3,0.0
4954,695.4,0.0
4955,695.5,0.0
4956,695.6,0.0
4957,695.7,0.0
4958,695.8,0.0
4959,695.9,0.0
4960,696.0,0.0
4961,696.1,0.0
4962,696.2,0.0
4963,696.3,0.0
4964,696.4,0.0
4965,696.5,0.0
4966,696.6,0.0
4967,696.7,0.0
4968,696.8,0.0
4969,696.9,0.0
4970,697.0,0.0
4971,697.1,0.0
4972,697.2,0.0
4973,697.3,0.0
4974,697.4,0.0
4975,697.5,0.0
4976,697.6,0.0
4977,697.7,0.0
4978,697.8,0.0
4979,697.9,0.0
4980,698.0,0.0
4981,698.1,0.0
4982,698.2,0.0
4983,698.3,0.0
4984,698.4,0.0
4985,698.5,0.0
4986,698.6,0.0
4987,698.7,0.0
4988,698.8,0.0
4989,698.9,0.0
4990,699.0,0.0
4991,699.1,0.0
4992,699.2,0.0
4993,699.3,0.0
4994,699.4,0.0
4995,699.5,0.0
4996,699.6,0.0
4997,699.7,0.0
4998,699.8,0.0
4999,699.9,0.0
5000,700.0,0.0
5001,700.1,0.0
5002,700.2,0.0
5003,700.3,0.0
5004,700.4,0.0
5005,700.5,0.0
5006,700.6,0.0
5007,700.7,0.0
5008,700.8,0.0
5009,700.9,0.0
5010,701.0,0.0
5011,701.1,0.0
5012,701.2,0.0
5013,701.3,0.0
5014,701.4,0.0
5015,701.5,0.0
5016,701.6,0.0
5017,701.7,0.0
5018,701.8,0.0
5019,701.9,0.0
5020,702.0,0.0
5021,702.1,0.0
5022,702.2,0.0
5023,702.3,0.0
5024,702.4,0.0
5025,702.5,0.0
5026,702.6,0.0
5027,702.7,0.0
5028,702.8,0.0
5029,702.9,0.0
5030,703.0,0.0
5031,703.1,0.0
5032,703.2,0.0
5033,703.3,0.0
5034,703.4,0.0
5035,703.5,0.0
5036,703.6,0.0
5037,703.7,0.0
5038,703.8,0.0
5039,703.9,0.0
5040,704.0,0.0
5041,704.1,0.0
5042,704.2,0.0
5043,704.3,0.0
5044,704.4,0.0
5045,704.5,0.0
5046,704.6,0.0
5047,704.7,0.0
5048,704.8,0.0
5049,704.9,0.0
5050,705.0,0.0
5051,705.1,0.0
5052,705.2,0.0
5053,705.3,0.0
5054,705.4,0.0
5055,705.5,0.0
5056,705.6,0.0
5057,705.7,0.0
5058,705.8,0.0
5059,705.9,0.0
5060,706.0,0.0
5061,706.1,0.0
5062,706.2,0.0
5063,706.3,0.0
5064,706.4,0.0
5065,706.5,0.0
5066,706.6,0.0
5067,706.7,0.0
5068,706.8,0.0
5069,706.9,0.0
5070,707.0,0.0
5071,707.1,0.0
5072,707.2,0.0
5073,707.3,0.0
5074,707.4,0.0
5075,707.5,0.0
5076,707.6,0.0
5077,707.7,0.0
5078,707.8,0.0
5079,707.9,0.0
5080,708.0,0.0
5081,708.1,0.0
5082,708.2,0.0
5083,708.3,0.0
5084,708.4,0.0
5085,708.5,0.0
5086,708.6,0.0
5087,708.7,0.0
5088,708.8,0.0
5089,708.9,0.0
5090,709.0,0.001
5091,709.1,0.002
5092,709.2,0.004
5093,709.3,0.009
5094,709.4,0.017
5095,709.5,0.034
5096,709.6,0.066
5097,709.7,0.126
5098,709.8,0.238
5099,709.9,0.441
5100,710.0,0.808
5101,710.1,1.462
5102,710.2,2.606
5103,710.3,4.584
5104,710.4,7.957
5105,710.5,13.627
5106,710.6,23.023
5107,710.7,38.38
5108,710.8,63.113
5109,710.9,102.412
5110,711.0,163.913
5111,711.1,258.9
5112,711.2,403.473
5113,711.3,620.306
5114,711.4,940.654
5115,711.5,1407.975
5116,711.6,2079.022
5117,711.7,3027.93
5118,711.8,4351.068
5119,711.9,6169.31
5120,712.0,8630.187
5121,712.1,11907.804
5122,712.2,16220.0
5123,712.3,21790.202
5124,712.4,28871.126
5125,712.5,37760.195
5126,712.6,48711.73
5127,712.7,62002.649
5128,712.8,77860.0
5129,712.9,96472.656
5130,713.0,117924.755
5131,713.1,142204.735
5132,713.2,169199.295
5133,713.3,198640.733
5134,713.4,230014.712
5135,713.5,262852.024
5136,713.6,296312.782
5137,713.7,329597.306
5138,713.8,361695.429
5139,713.9,391600.0
5140,714.0,418334.833
5141,714.1,440900.856
5142,714.2,458518.572
5143,714.3,470508.956
5144,714.4,476454.066
5145,714.5,476086.116
5146,714.6,469623.757
5147,714.7,457317.489
5148,714.8,439911.141
5149,714.9,418102.698
5150,715.0,393000.0
5151,715.1,365851.607
5152,715.2,337762.514
5153,715.3,310080.973
5154,715.4,284081.254
5155,715.5,261010.393
5156,715.6,241775.175
5157,715.7,227353.946
5158,715.8,218602.446
5159,715.9,216019.477
5160,716.0,219849.594
5161,716.1,230300.0
5162,716.2,247279.723
5163,716.3,270306.199
5164,716.4,298860.086
5165,716.5,332241.346
5166,716.6,369150.309
5167,716.7,408617.024
5168,716.8,449132.417
5169,716.9,489299.327
5170,717.0,527438.802
5171,717.1,562270.847
5172,717.2,592200.0
5173,717.3,615968.31
5174,717.4,632604.136
5175,717.5,641473.642
5176,717.6,641976.965
5177,717.7,634227.675
5178,717.8,618300.0
5179,717.9,594971.487
5180,718.0,564953.236
5181,718.1,529458.355
5182,718.2,489658.574
5183,718.3,446977.895
5184,718.4,402627.674
5185,718.5,357919.052
5186,718.6,313999.753
5187,718.7,271936.771
5188,718.8,232480.265
5189,718.9,196200.0
5190,719.0,163579.406
5191,719.1,134747.208
5192,719.2,109910.589
5193,719.3,88952.748
5194,719.4,71710.784
5195,719.5,58069.663
5196,719.6,47784.603
5197,719.7,40695.392
5198,719.8,36658.669
5199,719.9,35590.092
5200,720.0,37480.0
5201,720.1,42391.545
5202,720.2,50476.841
5203,720.3,61911.659
5204,720.4,76948.56
5205,720.5,95831.367
5206,720.6,118784.28
5207,720.7,145985.574
5208,720.8,177568.405
5209,720.9,213457.473
5210,721.0,253267.122
5211,721.1,296900.0
5212,721.2,343362.003
5213,721.3,392083.275
5214,721.4,441865.075
5215,721.5,491454.975
5216,721.6,539535.073
5217,721.7,584515.52
5218,721.8,624965.176
5219,721.9,659523.187
5220,722.0,686996.942
5221,722.1,706296.7
5222,722.2,716700.0
5223,722.3,717907.659
5224,722.4,709954.495
5225,722.5,693197.619
5226,722.6,668370.903
5227,722.7,636606.378
5228,722.8,599200.0
5229,722.9,557655.205
5230,723.0,513770.32
5231,723.1,469032.516
5232,723.2,425221.455
5233,723.3,383756.681
5234,723.4,346136.357
5235,723.5,313361.634
5236,723.6,286474.601
5237,723.7,266140.757
5238,723.8,252753.642
5239,723.9,246400.0
5240,724.0,246961.904
5241,724.1,254283.961
5242,724.2,267709.213
5243,724.3,286467.889
5244,724.4,309764.811
5245,724.5,336504.4
5246,724.6,365644.843
5247,724.7,395872.275
5248,724.8,426178.883
5249,724.9,455379.388
5250,725.0,482500.0
5251,725.1,506650.955
5252,725.2,527146.345
5253,725.3,543560.186
5254,725.4,555610.715
5255,725.5,563352.438
5256,725.6,567108.237
5257,725.7,567253.763
5258,725.8,564329.388
5259,725.9,559184.397
5260,726.0,552467.877
5261,726.1,544900.0
5262,726.2,537123.51
5263,726.3,529629.941
5264,726.4,522881.396
5265,726.5,516986.832
5266,726.6,511959.315
5267,726.7,507702.825
5268,726.8,503993.459
5269,726.9,500460.064
5270,727.0,496660.868
5271,727.1,492044.33
5272,727.2,486400.0
5273,727.3,479096.705
5274,727.4,470089.499
5275,727.5,459021.751
5276,727.6,445802.592
5277,727.7,430358.662
5278,727.8,412900.0
5279,727.9,393459.518
5280,728.0,372303.154
5281,728.1,349755.72
5282,728.2,326118.165
5283,728.3,301769.528
5284,728.4,276907.793
5285,728.5,252066.197
5286,728.6,227564.09
5287,728.7,203544.403
5288,728.8,180537.646
5289,728.9,158600.0
5290,729.0,138002.642
5291,729.1,118944.628
5292,729.2,101459.73
5293,729.3,85654.237
5294,729.4,71565.202
5295,729.5,59163.29
5296,729.6,48366.025
5297,729.7,39101.843
5298,729.8,31256.382
5299,729.9,24699.26
5300,730.0,19290.0
5301,730.1,14892.659
5302,730.2,11353.047
5303,730.3,8556.462
5304,730.4,6368.812
5305,730.5,4682.939
5306,730.6,3400.446
5307,730.7,2438.791
5308,730.8,1727.428
5309,730.9,1208.445
5310,731.0,834.653
5311,731.1,569.2
5312,731.2,383.309
5313,731.3,254.791
5314,731.4,167.217
5315,731.5,108.374
5316,731.6,69.336
5317,731.7,43.794
5318,731.8,27.304
5319,731.9,16.805
5320,732.0,10.21
5321,732.1,6.123
5322,732.2,3.626
5323,732.3,2.119
5324,732.4,1.223
5325,732.5,0.696
5326,732.6,0.391
5327,732.7,0.217
5328,732.8,0.119
5329,732.9,0.064
5330,733.0,0.034
5331,733.1,0.018
5332,733.2,0.009
5333,733.3,0.005
5334,733.4,0.002
5335,733.5,0.001
5336,733.6,0.001
5337,733.7,0.0
5338,733.8,0.0
5339,733.9,0.0
5340,734.0,0.0
5341,734.1,0.0
5342,734.2,0.0
5343,734.3,0.0
5344,734.4,0.0
5345,734.5,0.0
5346,734.6,0.0
5347,734.7,0.0
5348,734.8,0.0
5349,734.9,0.0
5350,735.0,0.0
5351,735.1,0.0
5352,735.2,0.0
5353,735.3,0.0
5354,735.4,0.0
5355,735.5,0.0
5356,735.6,0.0
5357,735.7,0.0
5358,735.8,0.0
5359,735.9,0.0
5360,736.0,0.0
5361,736.1,0.0
5362,736.2,0.0
5363,736.3,0.0
5364,736.4,0.0
5365,736.5,0.0
5366,736.6,0.0
5367,736.7,0.0
5368,736.8,0.0
5369,736.9,0.0
5370,737.0,0.0
5371,737.1,0.0
5372,737.2,0.0
5373,737.3,0.0
5374,737.4,0.0
5375,737.5,0.0
5376,737.6,0.0
5377,737.7,0.0
5378,737.8,0.0
5379,737.9,0.0
5380,738.0,0.0
5381,738.1,0.0
5382,738.2,0.0
5383,738.3,0.0
5384,738.4,0.0
5385,738.5,0.0
5386,738.6,0.0
5387,738.7,0.0
5388,738.8,0.0
5389,738.9,0.0
5390,739.0,0.0
5391,739.1,0.0
5392,739.2,0.0
5393,739.3,0.0
5394,739.4,0.0
5395,739.5,0.0
5396,739.6,0.0
5397,739.7,0.0
5398,739.8,0.0
5399,739.9,0.0
5400,740.0,0.0
5401,740.1,0.0
5402,740.2,0.0
5403,740.3,0.0
5404,740.4,0.0
5405,740.5,0.001
5406,740.6,0.001
5407,740.7,0.002
5408,740.8,0.003
5409,740.9,0.005
5410,741.0,0.008
5411,741.1,0.013
5412,741.2,0.022
5413,741.3,0.035
5414,741.4,0.056
5415,741.5,0.089
5416,741.6,0.14
5417,741.7,0.216
5418,741.8,0.329
5419,741.9,0.496
5420,742.0,0.739
5421,742.1,1.086
5422,742.2,1.575
5423,742.3,2.258
5424,742.4,3.195
5425,742.5,4.466
5426,742.6,6.164
5427,742.7,8.403
5428,742.8,11.31
5429,742.9,15.036
5430,743.0,19.735
5431,743.1,25.584
5432,743.2,32.752
5433,743.3,41.407
5434,743.4,51.696
5435,743.5,63.745
5436,743.6,77.62
5437,743.7,93.316
5438,743.8,110.86
5439,743.9,129.9
5440,744.0,150.504
5441,744.1,172.087
5442,744.2,194.355
5443,744.3,216.74
5444,744.4,238.752
5445,744.5,259.624
5446,744.6,278.898
5447,744.7,295.83
5448,744.8,309.818
5449,744.9,320.509
5450,745.0,327.4
5451,745.1,330.354
5452,745.2,329.08
5453,745.3,323.726
5454,745.4,314.566
5455,745.5,301.853
5456,745.6,285.984
5457,745.7,267.555
5458,745.8,247.292
5459,745.9,225.657
5460,746.0,203.301
5461,746.1,180.9
5462,746.2,159.044
5463,746.3,138.013
5464,746.4,118.273
5465,746.5,100.111
5466,746.6,83.685
5467,746.7,69.072
5468,746.8,56.303
5469,746.9,45.324
5470,747.0,36.027
5471,747.1,28.287
5472,747.2,21.93
5473,747.3,16.786
5474,747.4,12.693
5475,747.5,9.478
5476,747.6,6.988
5477,747.7,5.088
5478,747.8,3.659
5479,747.9,2.598
5480,748.0,1.822
5481,748.1,1.262
5482,748.2,0.863
5483,748.3,0.583
5484,748.4,0.389
5485,748.5,0.256
5486,748.6,0.167
5487,748.7,0.107
5488,748.8,0.068
5489,748.9,0.043
5490,749.0,0.026
5491,749.1,0.016
5492,749.2,0.01
5493,749.3,0.006
5494,749.4,0.003
5495,749.5,0.002
5496,749.6,0.001
5497,749.7,0.001
5498,749.8,0.0
5499,749.9,0.0
5500,750.0,0.0
5501,750.1,0.0
5502,750.2,0.0
5503,750.3,0.0
5504,750.4,0.0
5505,750.5,0.001
5506,750.6,0.001
5507,750.7,0.002
5508,750.8,0.003
5509,750.9,0.005
5510,751.0,0.008
5511,751.1,0.013
5512,751.2,0.021
5513,751.3,0.033
5514,751.4,0.051
5515,751.5,0.079
5516,751.6,0.121
5517,751.7,0.183
5518,751.8,0.272
5519,751.9,0.401
5520,752.0,0.584
5521,752.1,0.839
5522,752.2,1.191
5523,752.3,1.671
5524,752.4,2.315
5525,752.5,3.169
5526,752.6,4.284
5527,752.7,5.723
5528,752.8,7.551
5529,752.9,9.841
5530,753.0,12.673
5531,753.1,16.125
5532,753.2,20.254
5533,753.3,25.147
5534,753.4,30.836
5535,753.5,37.352
5536,753.6,44.696
5537,753.7,52.834
5538,753.8,61.697
5539,753.9,71.18
5540,754.0,81.115
5541,754.1,91.313
5542,754.2,101.552
5543,754.3,111.551
5544,754.4,121.082
5545,754.5,129.822
5546,754.6,137.453
5547,754.7,143.836
5548,754.8,148.647
5549,754.9,151.798
5550,755.0,153.1
5551,755.1,152.531
5552,755.2,150.079
5553,755.3,145.904
5554,755.4,140.223
5555,755.5,132.986
5556,755.6,124.718
5557,755.7,115.4
5558,755.8,105.595
5559,755.9,95.402
5560,756.0,85.177
5561,756.1,75.11
5562,756.2,65.424
5563,756.3,56.302
5564,756.4,47.858
5565,756.5,40.19
5566,756.6,33.339
5567,756.7,27.326
5568,756.8,22.121
5569,756.9,17.689
5570,757.0,13.977
5571,757.1,10.903
5572,757.2,8.408
5573,757.3,6.403
5574,757.4,4.817
5575,757.5,3.581
5576,757.6,2.628
5577,757.7,1.906
5578,757.8,1.366
5579,757.9,0.967
5580,758.0,0.676
5581,758.1,0.467
5582,758.2,0.319
5583,758.3,0.215
5584,758.4,0.143
5585,758.5,0.094
5586,758.6,0.061
5587,758.7,0.039
5588,758.8,0.025
5589,758.9,0.016
5590,759.0,0.01
5591,759.1,0.006
5592,759.2,0.004
5593,759.3,0.002
5594,759.4,0.001
5595,759.5,0.001
5596,759.6,0.0
5597,759.7,0.0
5598,759.8,0.0
5599,759.9,0.0
5600,760.0,0.0
5601,760.1,0.0
5602,760.2,0.0
5603,760.3,0.0
5604,760.4,0.0
5605,760.5,0.0
5606,760.6,0.0
5607,760.7,0.0
5608,760.8,0.0
5609,760.9,0.0
5610,761.0,0.0
5611,761.1,0.0
5612,761.2,0.0
5613,761.3,0.0
5614,761.4,0.0
5615,761.5,0.0
5616,761.6,0.0
5617,761.7,0.0
5618,761.8,0.0
5619,761.9,0.0
5620,762.0,0.0
5621,762.1,0.0
5622,762.2,0.0
5623,762.3,0.0
5624,762.4,0.0
5625,762.5,0.0
5626,762.6,0.0
5627,762.7,0.0
5628,762.8,0.0
5629,762.9,0.0
5630,763.0,0.0
5631,763.1,0.0
5632,763.2,0.0
5633,763.3,0.0
5634,763.4,0.0
5635,763.5,0.0
5636,763.6,0.0
5637,763.7,0.0
5638,763.8,0.0
5639,763.9,0.0
5640,764.0,0.0
5641,764.1,0.0
5642,764.2,0.0
5643,764.3,0.0
5644,764.4,0.0
5645,764.5,0.0
5646,764.6,0.0
5647,764.7,0.0
5648,764.8,0.0
5649,764.9,0.0
5650,765.0,0.0
5651,765.1,0.0
5652,765.2,0.0
5653,765.3,0.0
5654,765.4,0.0
5655,765.5,0.0
5656,765.6,0.0
5657,765.7,0.0
5658,765.8,0.0
5659,765.9,0.0
5660,766.0,0.0
5661,766.1,0.0
5662,766.2,0.0
5663,766.3,0.0
5664,766.4,0.0
5665,766.5,0.0
5666,766.6,0.0
5667,766.7,0.0
5668,766.8,0.0
5669,766.9,0.0
5670,767.0,0.0
5671,767.1,0.0
5672,767.2,0.0
5673,767.3,0.0
5674,767.4,0.0
5675,767.5,0.0
5676,767.6,0.0
5677,767.7,0.0
5678,767.8,0.0
5679,767.9,0.0
5680,768.0,0.0
5681,768.1,0.0
5682,768.2,0.0
5683,768.3,0.0
5684,768.4,0.001
5685,768.5,0.002
5686,768.6,0.004
5687,768.7,0.007
5688,768.8,0.013
5689,768.9,0.024
5690,769.0,0.046
5691,769.1,0.084
5692,769.2,0.154
5693,769.3,0.278
5694,769.4,0.496
5695,769.5,0.874
5696,769.6,1.522
5697,769.7,2.621
5698,769.8,4.46
5699,769.9,7.503
5700,770.0,12.48
5701,770.1,20.511
5702,770.2,33.319
5703,770.3,53.518
5704,770.4,84.96
5705,770.5,133.343
5706,770.6,206.769
5707,770.7,317.001
5708,770.8,480.413
5709,770.9,719.485
5710,771.0,1065.592
5711,771.1,1559.0
5712,771.2,2255.676
5713,771.3,3225.495
5714,771.4,4558.466
5715,771.5,6368.523
5716,771.6,8795.558
5717,771.7,12001.689
5718,771.8,16198.245
5719,771.9,21603.375
5720,772.0,28478.154
5721,772.1,37114.748
5722,772.2,47810.0
5723,772.3,60860.818
5724,772.4,76604.02
5725,772.5,95257.39
5726,772.6,117168.965
5727,772.7,142391.252
5728,772.8,171100.0
5729,772.9,203165.935
5730,773.0,238416.417
5731,773.1,276626.398
5732,773.2,317231.158
5733,773.3,359687.45
5734,773.4,403047.045
5735,773.5,446322.896
5736,773.6,488672.058
5737,773.7,528867.712
5738,773.8,565644.001
5739,773.9,598100.0
5740,774.0,625097.209
5741,774.1,645713.673
5742,774.2,659369.057
5743,774.3,665478.526
5744,774.4,663979.109
5745,774.5,654739.009
5746,774.6,638255.182
5747,774.7,614989.398
5748,774.8,585692.469
5749,774.9,551382.417
5750,775.0,513100.0
5751,775.1,471999.623
5752,775.2,429128.283
5753,775.3,385636.056
5754,775.4,342580.798
5755,775.5,300779.864
5756,775.6,261035.342
5757,775.7,223909.89
5758,775.8,189882.692
5759,775.9,159145.012
5760,776.0,131937.57
5761,776.1,108000.0
5762,776.2,87481.294
5763,776.3,70026.215
5764,776.4,55439.965
5765,776.5,43419.231
5766,776.6,33671.73
5767,776.7,25893.42
5768,776.8,19815.868
5769,776.9,15174.202
5770,777.0,11764.121
5771,777.1,9393.703
5772,777.2,7938.0
5773,777.3,7301.605
5774,777.4,7439.777
5775,777.5,8347.743
5776,777.6,10066.513
5777,777.7,12666.722
5778,777.8,16280.0
5779,777.9,21045.071
5780,778.0,27151.372
5781,778.1,34779.326
5782,778.2,44163.817
5783,778.3,55510.038
5784,778.4,69013.075
5785,778.5,84857.63
5786,778.6,103163.5
5787,778.7,124038.973
5788,778.8,147427.839
5789,778.9,173200.0
5790,779.0,201159.657
5791,779.1,231026.851
5792,779.2,262246.117
5793,779.3,294322.846
5794,779.4,326691.491
5795,779.5,358323.993
5796,779.6,388700.294
5797,779.7,416714.108
5798,779.8,441804.441
5799,779.9,462985.061
5800,780.0,479700.0
5801,780.1,491400.673
5802,780.2,497582.822
5803,780.3,498168.182
5804,780.4,493085.527
5805,780.5,482454.72
5806,780.6,466712.623
5807,780.7,446387.023
5808,780.8,422029.537
5809,780.9,394463.882
5810,781.0,364587.997
5811,781.1,333100.0
5812,781.2,300869.978
5813,781.3,268665.909
5814,781.4,237134.461
5815,781.5,207014.752
5816,781.6,178627.407
5817,781.7,152380.539
5818,781.8,128526.801
5819,781.9,107140.577
5820,782.0,88294.701
5821,782.1,71952.205
5822,782.2,57970.0
5823,782.3,46172.282
5824,782.4,36349.064
5825,782.5,28297.155
5826,782.6,21780.985
5827,782.7,16567.511
5828,782.8,12460.0
5829,782.9,9269.886
5830,783.0,6814.828
5831,783.1,4953.155
5832,783.2,3559.294
5833,783.3,2528.474
5834,783.4,1776.131
5835,783.5,1232.717
5836,783.6,846.422
5837,783.7,574.366
5838,783.8,385.413
5839,783.9,255.6
5840,784.0,167.666
5841,784.1,108.655
5842,784.2,69.646
5843,784.3,44.133
5844,784.4,27.649
5845,784.5,17.119
5846,784.6,10.479
5847,784.7,6.345
5848,784.8,3.797
5849,784.9,2.246
5850,785.0,1.314
5851,785.1,0.76
5852,785.2,0.434
5853,785.3,0.245
5854,785.4,0.137
5855,785.5,0.076
5856,785.6,0.041
5857,785.7,0.022
5858,785.8,0.012
5859,785.9,0.006
5860,786.0,0.003
5861,786.1,0.002
5862,786.2,0.001
5863,786.3,0.0
5864,786.4,0.0
5865,786.5,0.0
5866,786.6,0.0
5867,786.7,0.0
5868,786.8,0.0
5869,786.9,0.0
5870,787.0,0.0
5871,787.1,0.0
5872,787.2,0.0
5873,787.3,0.0
5874,787.4,0.0
5875,787.5,0.0
5876,787.6,0.0
5877,787.7,0.0
5878,787.8,0.0
5879,787.9,0.0
5880,788.0,0.0
5881,788.1,0.0
5882,788.2,0.0
5883,788.3,0.0
5884,788.4,0.0
5885,788.5,0.0
5886,788.6,0.0
5887,788.7,0.0
5888,788.8,0.0
5889,788.9,0.0
5890,789.0,0.0
5891,789.1,0.0
5892,789.2,0.0
5893,789.3,0.0
5894,789.4,0.0
5895,789.5,0.0
5896,789.6,0.0
5897,789.7,0.0
5898,789.8,0.0
5899,789.9,0.0
5900,790.0,0.0
5901,790.1,0.0
5902,790.2,0.0
5903,790.3,0.0
5904,790.4,0.0
5905,790.5,0.0
5906,790.6,0.0
5907,790.7,0.0
5908,790.8,0.0
5909,790.9,0.0
5910,791.0,0.0
5911,791.1,0.0
5912,791.2,0.0
5913,791.3,0.0
5914,791.4,0.0
5915,791.5,0.0
5916,791.6,0.0
5917,791.7,0.0
5918,791.8,0.0
5919,791.9,0.0
5920,792.0,0.0
5921,792.1,0.0
5922,792.2,0.0
5923,792.3,0.0
5924,792.4,0.0
5925,792.5,0.0
5926,792.6,0.0
5927,792.7,0.0
5928,792.8,0.0
5929,792.9,0.0
5930,793.0,0.0
5931,793.1,0.0
5932,793.2,0.0
5933,793.3,0.0
5934,793.4,0.0
5935,793.5,0.0
5936,793.6,0.0
5937,793.7,0.0
5938,793.8,0.0
5939,793.9,0.0
5940,794.0,0.0
5941,794.1,0.0
5942,794.2,0.0
5943,794.3,0.0
5944,794.4,0.0
5945,794.5,0.0
5946,794.6,0.0
5947,794.7,0.0
5948,794.8,0.0
5949,794.9,0.0
5950,795.0,0.0
5951,795.1,0.0
5952,795.2,0.0
5953,795.3,0.0
5954,795.4,0.0
5955,795.5,0.0
5956,795.6,0.0
5957,795.7,0.0
5958,795.8,0.0
5959,795.9,0.0
5960,796.0,0.0
5961,796.1,0.0
5962,796.2,0.0
5963,796.3,0.0
5964,796.4,0.0
5965,796.5,0.0
5966,796.6,0.0
5967,796.7,0.0
5968,796.8,0.0
5969,796.9,0.0
5970,797.0,0.0
5971,797.1,0.0
5972,797.2,0.0
5973,797.3,0.0
5974,797.4,0.0
5975,797.5,0.0
5976,797.6,0.0
5977,797.7,0.0
5978,797.8,0.0
5979,797.9,0.0
5980,798.0,0.0
5981,798.1,0.0
5982,798.2,0.0
5983,798.3,0.0
5984,798.4,0.0
5985,798.5,0.0
5986,798.6,0.0
5987,798.7,0.0
5988,798.8,0.0
5989,798.9,0.0
5990,799.0,0.0
5991,799.1,0.0
5992,799.2,0.0
5993,799.3,0.0
5994,799.4,0.0
5995,799.5,0.0
5996,799.6,0.0
5997,799.7,0.0
5998,799.8,0.0
5999,799.9,0.0
6000,800.0,0.0
6001,800.1,0.0
6002,800.2,0.0
6003,800.3,0.0
6004,800.4,0.0
6005,800.5,0.0
6006,800.6,0.0
6007,800.7,0.0
6008,800.8,0.0
6009,800.9,0.0
6010,801.0,0.0
6011,801.1,0.0
6012,801.2,0.0
6013,801.3,0.0
6014,801.4,0.0
6015,801.5,0.0
6016,801.6,0.0
6017,801.7,0.0
6018,801.8,0.0
6019,801.9,0.0
6020,802.0,0.0
6021,802.1,0.0
6022,802.2,0.0
6023,802.3,0.0
6024,802.4,0.0
6025,802.5,0.0
6026,802.6,0.0
6027,802.7,0.0
6028,802.8,0.0
6029,802.9,0.0
6030,803.0,0.0
6031,803.1,0.0
6032,803.2,0.0
6033,803.3,0.0
6034,803.4,0.0
6035,803.5,0.0
6036,803.6,0.0
6037,803.7,0.0
6038,803.8,0.0
6039,803.9,0.0
6040,804.0,0.0
6041,804.1,0.0
6042,804.2,0.0
6043,804.3,0.0
6044,804.4,0.0
6045,804.5,0.0
6046,804.6,0.0
6047,804.7,0.0
6048,804.8,0.0
6049,804.9,0.0
6050,805.0,0.0
6051,805.1,0.0
6052,805.2,0.0
6053,805.3,0.0
6054,805.4,0.0
6055,805.5,0.0
6056,805.6,0.0
6057,805.7,0.0
6058,805.8,0.0
6059,805.9,0.0
6060,806.0,0.0
6061,806.1,0.0
6062,806.2,0.0
6063,806.3,0.0
6064,806.4,0.0
6065,806.5,0.0
6066,806.6,0.0
6067,806.7,0.0
6068,806.8,0.0
6069,806.9,0.0
6070,807.0,0.0
6071,807.1,0.0
6072,807.2,0.0
6073,807.3,0.0
6074,807.4,0.0
6075,807.5,0.0
6076,807.6,0.0
6077,807.7,0.0
6078,807.8,0.0
6079,807.9,0.0
6080,808.0,0.0
6081,808.1,0.0
6082,808.2,0.0
6083,808.3,0.0
6084,808.4,0.0
6085,808.5,0.0
6086,808.6,0.0
6087,808.7,0.0
6088,808.8,0.0
6089,808.9,0.0
6090,809.0,0.0
6091,809.1,0.0
6092,809.2,0.0
6093,809.3,0.0
6094,809.4,0.0
6095,809.5,0.0
6096,809.6,0.0
6097,809.7,0.0
6098,809.8,0.0
6099,809.9,0.0
6100,810.0,0.0
6101,810.1,0.0
6102,810.2,0.0
6103,810.3,0.0
6104,810.4,0.0
6105,810.5,0.0
6106,810.6,0.0
6107,810.7,0.0
6108,810.8,0.0
6109,810.9,0.0
6110,811.0,0.0
6111,811.1,0.0
6112,811.2,0.0
6113,811.3,0.0
6114,811.4,0.0
6115,811.5,0.0
6116,811.6,0.0
6117,811.7,0.0
6118,811.8,0.0
6119,811.9,0.0
6120,812.0,0.0
6121,812.1,0.0
6122,812.2,0.0
6123,812.3,0.0
6124,812.4,0.0
6125,812.5,0.0
6126,812.6,0.0
6127,812.7,0.0
6128,812.8,0.0
6129,812.9,0.0
6130,813.0,0.0
6131,813.1,0.0
6132,813.2,0.0
6133,813.3,0.0
6134,813.4,0.0
6135,813.5,0.0
6136,813.6,0.0
6137,813.7,0.0
6138,813.8,0.0
6139,813.9,0.0
6140,814.0,0.0
6141,814.1,0.0
6142,814.2,0.0
6143,814.3,0.0
6144,814.4,0.0
6145,814.5,0.001
6146,814.6,0.002
6147,814.7,0.003
6148,814.8,0.005
6149,814.9,0.009
6150,815.0,0.016
6151,815.1,0.027
6152,815.2,0.046
6153,815.3,0.078
6154,815.4,0.13
6155,815.5,0.215
6156,815.6,0.351
6157,815.7,0.568
6158,815.8,0.91
6159,815.9,1.442
6160,816.0,2.261
6161,816.1,3.51
6162,816.2,5.393
6163,816.3,8.199
6164,816.4,12.339
6165,816.5,18.378
6166,816.6,27.094
6167,816.7,39.516
6168,816.8,57.06
6169,816.9,81.536
6170,817.0,115.321
6171,817.1,161.388
6172,817.2,223.6
6173,817.3,306.584
6174,817.4,415.977
6175,817.5,558.643
6176,817.6,742.632
6177,817.7,976.416
6178,817.8,1272.0
6179,817.9,1638.695
6180,818.0,2089.945
6181,818.1,2637.855
6182,818.2,3295.32
6183,818.3,4074.01
6184,818.4,4985.38
6185,818.5,6038.012
6186,818.6,7237.992
6187,818.7,8587.583
6188,818.8,10082.529
6189,818.9,11720.0
6190,819.0,13481.54
6191,819.1,15350.824
6192,819.2,17309.253
6193,819.3,19317.218
6194,819.4,21329.05
6195,819.5,23327.89
6196,819.6,25257.206
6197,819.7,27071.12
6198,819.8,28750.304
6199,819.9,30239.283
6200,820.0,31500.0
6201,820.1,32524.825
6202,820.2,33293.411
6203,820.3,33800.384
6204,820.4,34049.418
6205,820.5,34061.069
6206,820.6,33862.09
6207,820.7,33492.863
6208,820.8,32987.337
6209,820.9,32424.965
6210,821.0,31835.586
6211,821.1,31290.0
6212,821.2,30840.658
6213,821.3,30538.66
6214,821.4,30432.364
6215,821.5,30547.321
6216,821.6,30917.632
6217,821.7,31567.008
6218,821.8,32486.436
6219,821.9,33674.606
6220,822.0,35106.186
6221,822.1,36750.401
6222,822.2,38560.0
6223,822.3,40496.269
6224,822.4,42480.218
6225,822.5,44467.097
6226,822.6,46369.923
6227,822.7,48152.043
6228,822.8,49720.0
6229,822.9,51028.724
6230,823.0,52019.368
6231,823.1,52652.655
6232,823.2,52892.173
6233,823.3,52720.317
6234,823.4,52120.842
6235,823.5,51100.078
6236,823.6,49670.371
6237,823.7,47861.275
6238,823.8,45711.304
6239,823.9,43280.0
6240,824.0,40596.822
6241,824.1,37737.882
6242,824.2,34755.359
6243,824.3,31710.502
6244,824.4,28663.003
6245,824.5,25663.581
6246,824.6,22758.885
6247,824.7,19991.946
6248,824.8,17393.25
6249,824.9,14986.244
6250,825.0,12790.0
6251,825.1,10800.936
6252,825.2,9041.015
6253,825.3,7489.996
6254,825.4,6144.587
6255,825.5,4991.388
6256,825.6,4013.73
6257,825.7,3196.461
6258,825.8,2520.136
6259,825.9,1966.496
6260,826.0,1519.981
6261,826.1,1163.0
6262,826.2,880.668
6263,826.3,660.369
6264,826.4,490.137
6265,826.5,360.144
6266,826.6,261.944
6267,826.7,188.715
6268,826.8,134.45
6269,826.9,94.881
6270,827.0,66.302
6271,827.1,45.843
6272,827.2,31.38
6273,827.3,21.266
6274,827.4,14.266
6275,827.5,9.47
6276,827.6,6.224
6277,827.7,4.05
6278,827.8,2.608
6279,827.9,1.663
6280,828.0,1.049
6281,828.1,0.655
6282,828.2,0.405
6283,828.3,0.248
6284,828.4,0.15
6285,828.5,0.09
6286,828.6,0.053
6287,828.7,0.031
6288,828.8,0.018
6289,828.9,0.011
6290,829.0,0.006
6291,829.1,0.003
6292,829.2,0.002
6293,829.3,0.001
6294,829.4,0.001
6295,829.5,0.0
6296,829.6,0.0
6297,829.7,0.0
6298,829.8,0.0
6299,829.9,0.0
6300,830.0,0.0
6301,830.1,0.0
6302,830.2,0.0
6303,830.3,0.0
6304,830.4,0.0
6305,830.5,0.0
6306,830.6,0.0
6307,830.7,0.0
6308,830.8,0.0
6309,830.9,0.0
6310,831.0,0.0
6311,831.1,0.0
6312,831.2,0.0
6313,831.3,0.0
6314,831.4,0.0
6315,831.5,0.0
6316,831.6,0.0
6317,831.7,0.0
6318,831.8,0.0
6319,831.9,0.0
6320,832.0,0.0
6321,832.1,0.0
6322,832.2,0.0
6323,832.3,0.0
6324,832.4,0.0
6325,832.5,0.0
6326,832.6,0.0
6327,832.7,0.0
6328,832.8,0.0
6329,832.9,0.0
6330,833.0,0.0
6331,833.1,0.0
6332,833.2,0.0
6333,833.3,0.0
6334,833.4,0.0
6335,833.5,0.0
6336,833.6,0.0
6337,833.7,0.0
6338,833.8,0.0
6339,833.9,0.0
6340,834.0,0.0
6341,834.1,0.0
6342,834.2,0.0
6343,834.3,0.0
6344,834.4,0.0
6345,834.5,0.0
6346,834.6,0.0
6347,834.7,0.0
6348,834.8,0.0
6349,834.9,0.0
6350,835.0,0.0
6351,835.1,0.0
6352,835.2,0.0
6353,835.3,0.0
6354,835.4,0.0
6355,835.5,0.0
6356,835.6,0.0
6357,835.7,0.0
6358,835.8,0.0
6359,835.9,0.0
6360,836.0,0.0
6361,836.1,0.0
6362,836.2,0.0
6363,836.3,0.0
6364,836.4,0.0
6365,836.5,0.0
6366,836.6,0.0
6367,836.7,0.0
6368,836.8,0.0
6369,836.9,0.0
6370,837.0,0.0
6371,837.1,0.0
6372,837.2,0.0
6373,837.3,0.0
6374,837.4,0.0
6375,837.5,0.0
6376,837.6,0.0
6377,837.7,0.0
6378,837.8,0.0
6379,837.9,0.0
6380,838.0,0.0
6381,838.1,0.0
6382,838.2,0.0
6383,838.3,0.0
6384,838.4,0.0
6385,838.5,0.0
6386,838.6,0.0
6387,838.7,0.0
6388,838.8,0.0
6389,838.9,0.001
6390,839.0,0.001
6391,839.1,0.002
6392,839.2,0.004
6393,839.3,0.006
6394,839.4,0.011
6395,839.5,0.019
6396,839.6,0.033
6397,839.7,0.056
6398,839.8,0.094
6399,839.9,0.156
6400,840.0,0.257
6401,840.1,0.42
6402,840.2,0.679
6403,840.3,1.087
6404,840.4,1.725
6405,840.5,2.708
6406,840.6,4.211
6407,840.7,6.486
6408,840.8,9.89
6409,840.9,14.943
6410,841.0,22.345
6411,841.1,33.1
6412,841.2,48.555
6413,841.3,70.539
6414,841.4,101.447
6415,841.5,144.513
6416,841.6,203.876
6417,841.7,284.854
6418,841.8,394.194
6419,841.9,540.028
6420,842.0,732.715
6421,842.1,984.312
6422,842.2,1310.0
6423,842.3,1726.256
6424,842.4,2252.636
6425,842.5,2910.514
6426,842.6,3724.527
6427,842.7,4720.426
6428,842.8,5924.0
6429,842.9,7362.664
6430,843.0,9064.144
6431,843.1,11044.477
6432,843.2,13334.249
6433,843.3,15931.877
6434,843.4,18867.081
6435,843.5,22107.825
6436,843.6,25667.633
6437,843.7,29507.688
6438,843.8,33590.175
6439,843.9,37870.0
6440,844.0,42279.805
6441,844.1,46752.273
6442,844.2,51186.121
6443,844.3,55499.597
6444,844.4,59596.385
6445,844.5,63369.626
6446,844.6,66725.322
6447,844.7,69587.241
6448,844.8,71859.874
6449,844.9,73495.272
6450,845.0,74430.0
6451,845.1,74646.108
6452,845.2,74142.062
6453,845.3,72926.68
6454,845.4,71035.395
6455,845.5,68522.755
6456,845.6,65462.068
6457,845.7,61941.946
6458,845.8,58044.094
6459,845.9,53878.629
6460,846.0,49539.338
6461,846.1,45130.0
6462,846.2,40745.352
6463,846.3,36475.937
6464,846.4,32393.639
6465,846.5,28575.826
6466,846.6,25070.547
6467,846.7,21944.265
6468,846.8,19207.754
6469,846.9,16916.89
6470,847.0,15079.868
6471,847.1,13713.905
6472,847.2,12850.0
6473,847.3,12485.817
6474,847.4,12628.774
6475,847.5,13302.252
6476,847.6,14510.802
6477,847.7,16264.827
6478,847.8,18560.0
6479,847.9,21403.242
6480,848.0,24790.915
6481,848.1,28701.084
6482,848.2,33119.409
6483,848.3,37998.767
6484,848.4,43285.557
6485,848.5,48924.525
6486,848.6,54821.477
6487,848.7,60884.908
6488,848.8,66991.597
6489,848.9,73030.0
6490,849.0,78863.217
6491,849.1,84353.965
6492,849.2,89368.126
6493,849.3,93773.872
6494,849.4,97451.608
6495,849.5,100339.695
6496,849.6,102223.764
6497,849.7,103284.155
6498,849.8,103294.346
6499,849.9,102228.756
6500,850.0,100300.0
6501,850.1,97448.363
6502,850.2,93762.711
6503,850.3,89351.78
6504,850.4,84327.653
6505,850.5,78821.469
6506,850.6,72973.067
6507,850.7,66906.211
6508,850.8,60758.764
6509,850.9,54642.466
6510,851.0,48667.822
6511,851.1,42940.0
6512,851.2,37513.732
6513,851.3,32466.614
6514,851.4,27825.204
6515,851.5,23617.124
6516,851.6,19851.314
6517,851.7,16537.219
6518,851.8,13632.862
6519,851.9,11138.209
6520,852.0,9008.831
6521,852.1,7217.55
6522,852.2,5729.0
6523,852.3,4505.558
6524,852.4,3512.298
6525,852.5,2715.624
6526,852.6,2086.207
6527,852.7,1596.297
6528,852.8,1223.0
6529,852.9,947.891
6530,853.0,755.023
6531,853.1,633.316
6532,853.2,575.339
6533,853.3,577.579
6534,853.4,640.395
6535,853.5,767.975
6536,853.6,968.064
6537,853.7,1253.282
6538,853.8,1640.905
6539,853.9,2150.0
6540,854.0,2805.164
6541,854.1,3636.909
6542,854.2,4677.843
6543,854.3,5964.851
6544,854.4,7535.55
6545,854.5,9433.226
6546,854.6,11694.734
6547,854.7,14370.908
6548,854.8,17483.505
6549,854.9,21081.365
6550,855.0,25170.0
6551,855.1,29770.03
6552,855.2,34877.168
6553,855.3,40474.239
6554,855.4,46527.564
6555,855.5,52984.854
6556,855.6,59769.913
6557,855.7,66775.634
6558,855.8,73908.768
6559,855.9,81035.3
6560,856.0,87999.089
6561,856.1,94670.0
6562,856.2,100897.818
6563,856.3,106507.788
6564,856.4,111315.499
6565,856.5,115290.449
6566,856.6,118258.357
6567,856.7,120249.276
6568,856.8,121069.22
6569,856.9,120721.942
6570,857.0,119173.178
6571,857.1,116632.388
6572,857.2,113000.0
6573,857.3,108516.784
6574,857.4,103222.386
6575,857.5,97214.12
6576,857.6,90710.385
6577,857.7,83849.799
6578,857.8,76770.0
6579,857.9,69623.056
6580,858.0,62553.861
6581,858.1,55661.819
6582,858.2,49064.949
6583,858.3,42848.807
6584,858.4,37061.739
6585,858.5,31750.412
6586,858.6,26950.103
6587,858.7,22650.571
6588,858.8,18861.426
6589,858.9,15560.0
6590,859.0,12716.672
6591,859.1,10293.981
6592,859.2,8250.736
6593,859.3,6552.396
6594,859.4,5154.795
6595,859.5,4016.779
6596,859.6,3100.862
6597,859.7,2371.293
6598,859.8,1795.664
6599,859.9,1347.664
6600,860.0,1001.0
6601,860.1,737.089
6602,860.2,537.506
6603,860.3,388.282
6604,860.4,277.793
6605,860.5,196.858
6606,860.6,138.268
6607,860.7,96.166
6608,860.8,66.211
6609,860.9,45.191
6610,861.0,30.543
6611,861.1,20.45
6612,861.2,13.566
6613,861.3,8.912
6614,861.4,5.799
6615,861.5,3.738
6616,861.6,2.387
6617,861.7,1.51
6618,861.8,0.946
6619,861.9,0.587
6620,862.0,0.361
6621,862.1,0.22
6622,862.2,0.133
6623,862.3,0.08
6624,862.4,0.049
6625,862.5,0.031
6626,862.6,0.022
6627,862.7,0.019
6628,862.8,0.022
6629,862.9,0.031
6630,863.0,0.05
6631,863.1,0.081
6632,863.2,0.134
6633,863.3,0.219
6634,863.4,0.357
6635,863.5,0.576
6636,863.6,0.921
6637,863.7,1.459
6638,863.8,2.293
6639,863.9,3.57
6640,864.0,5.511
6641,864.1,8.429
6642,864.2,12.785
6643,864.3,19.229
6644,864.4,28.648
6645,864.5,42.336
6646,864.6,62.031
6647,864.7,90.128
6648,864.8,129.822
6649,864.9,185.472
6650,865.0,262.8
6651,865.1,369.269
6652,865.2,514.875
6653,865.3,711.979
6654,865.4,977.137
6655,865.5,1329.96
6656,865.6,1796.727
6657,865.7,2409.889
6658,865.8,3207.129
6659,865.9,4237.315
6660,866.0,5558.137
6661,866.1,7238.0
6662,866.2,9360.514
6663,866.3,12024.156
6664,866.4,15337.328
6665,866.5,19434.312
6666,866.6,24460.375
6667,866.7,30587.795
6668,866.8,38006.238
6669,866.9,46917.649
6670,867.0,57536.019
6671,867.1,70108.435
6672,867.2,84890.0
6673,867.3,102142.49
6674,867.4,122071.786
6675,867.5,144889.819
6676,867.6,170937.609
6677,867.7,200279.563
6678,867.8,233100.0
6679,867.9,269451.506
6680,868.0,309342.036
6681,868.1,352674.987
6682,868.2,399146.722
6683,868.3,448521.806
6684,868.4,500264.365
6685,868.5,553833.209
6686,868.6,608582.235
6687,868.7,663571.173
6688,868.8,718026.511
6689,868.9,770800.0
6690,869.0,820983.657
6691,869.1,867485.781
6692,869.2,909239.521
6693,869.3,945253.306
6694,869.4,974835.158
6695,869.5,996962.016
6696,869.6,1011198.637
6697,869.7,1017801.009
6698,869.8,1015495.28
6699,869.9,1005003.167
6700,870.0,986400.0
6701,870.1,960434.222
6702,870.2,927596.099
6703,870.3,888749.84
6704,870.4,844795.68
6705,870.5,796871.807
6706,870.6,746010.88
6707,870.7,693247.411
6708,870.8,639572.672
6709,870.9,586009.957
6710,871.0,533357.547
6711,871.1,482400.0
6712,871.2,433752.239
6713,871.3,387822.548
6714,871.4,344937.502
6715,871.5,305327.675
6716,871.6,269128.008
6717,871.7,236374.121
6718,871.8,206835.66
6719,871.9,180435.785
6720,872.0,157015.74
6721,872.1,136238.324
6722,872.2,118000.0
6723,872.3,101890.216
6724,872.4,87897.705
6725,872.5,75606.842
6726,872.6,64905.799
6727,872.7,55573.28
6728,872.8,47470.0
6729,872.9,40435.634
6730,873.0,34371.821
6731,873.1,29159.133
6732,873.2,24729.309
6733,873.3,21014.154
6734,873.4,17964.226
6735,873.5,15548.986
6736,873.6,13740.351
6737,873.7,12552.466
6738,873.8,12007.741
6739,873.9,12140.0
6740,874.0,12993.902
6741,874.1,14677.691
6742,874.2,17287.897
6743,874.3,20957.005
6744,874.4,25828.747
6745,874.5,32104.939
6746,874.6,39960.913
6747,874.7,49643.229
6748,874.8,61354.966
6749,874.9,75332.236
6750,875.0,91800.0
6751,875.1,110964.282
6752,875.2,133007.711
6753,875.3,157953.877
6754,875.4,186014.703
6755,875.5,217129.274
6756,875.6,251133.782
6757,875.7,287962.968
6758,875.8,327139.943
6759,875.9,368262.687
6760,876.0,410850.459
6761,876.1,454300.0
6762,876.2,497727.592
6763,876.3,540500.614
6764,876.4,581544.774
6765,876.5,620132.051
6766,876.6,655304.295
6767,876.7,686287.675
6768,876.8,712249.643
6769,876.9,732471.141
6770,877.0,746543.93
6771,877.1,754020.571
6772,877.2,754700.0
6773,877.3,748582.0
6774,877.4,735788.801
6775,877.5,716771.077
6776,877.6,691897.288
6777,877.7,661946.353
6778,877.8,627600.0
6779,877.9,589655.848
6780,878.0,548995.461
6781,878.1,506653.18
6782,878.2,463380.342
6783,878.3,420102.559
6784,878.4,377492.622
6785,878.5,336351.156
6786,878.6,297198.311
6787,878.7,260549.6
6788,878.8,226714.357
6789,878.9,196100.0
6790,879.0,168802.876
6791,879.1,144913.34
6792,879.2,124512.57
6793,879.3,107559.864
6794,879.4,94147.139
6795,879.5,84037.907
6796,879.6,77226.109
6797,879.7,73619.657
6798,879.8,73151.479
6799,879.9,75746.588
6800,880.0,81360.0
6801,880.1,89917.015
6802,880.2,101394.495
6803,880.3,115702.786
6804,880.4,132761.715
6805,880.5,152493.275
6806,880.6,174627.672
6807,880.7,199166.901
6808,880.8,225591.388
6809,880.9,253844.769
6810,881.0,283306.736
6811,881.1,313600.0
6812,881.2,344253.7
6813,881.3,374545.835
6814,881.4,404019.907
6815,881.5,431993.131
6816,881.6,457763.227
6817,881.7,480865.203
6818,881.8,500557.346
6819,881.9,516439.778
6820,882.0,528144.907
6821,882.1,535247.475
6822,882.2,537700.0
6823,882.3,535237.085
6824,882.4,528064.432
6825,882.5,516441.542
6826,882.6,500558.857
6827,882.7,480767.95
6828,882.8,457700.0
6829,882.9,431830.291
6830,883.0,403814.94
6831,883.1,374239.21
6832,883.2,343744.122
6833,883.3,312976.007
6834,883.4,282357.916
6835,883.5,252450.013
6836,883.6,223790.216
6837,883.7,196532.463
6838,883.8,171135.854
6839,883.9,147600.0
6840,884.0,126192.851
6841,884.1,106959.098
6842,884.2,89856.361
6843,884.3,74800.611
6844,884.4,61715.263
6845,884.5,50462.812
6846,884.6,40895.033
6847,884.7,32850.827
6848,884.8,26149.721
6849,884.9,20637.087
6850,885.0,16130.0
6851,885.1,12508.13
6852,885.2,9608.042
6853,885.3,7312.785
6854,885.4,5518.639
6855,885.5,4128.072
6856,885.6,3060.876
6857,885.7,2250.437
6858,885.8,1639.994
6859,885.9,1185.699
6860,886.0,850.471
6861,886.1,605.5
6862,886.2,428.181
6863,886.3,301.087
6864,886.4,210.976
6865,886.5,147.589
6866,886.6,103.407
6867,886.7,72.91
6868,886.8,52.028
6869,886.9,37.81
6870,887.0,28.169
6871,887.1,21.648
6872,887.2,17.2
6873,887.3,14.131
6874,887.4,11.958
6875,887.5,10.355
6876,887.6,9.124
6877,887.7,8.124
6878,887.8,7.27
6879,887.9,6.513
6880,888.0,5.822
6881,888.1,5.182
6882,888.2,4.586
6883,888.3,4.031
6884,888.4,3.517
6885,888.5,3.044
6886,888.6,2.614
6887,888.7,2.226
6888,888.8,1.878
6889,888.9,1.572
6890,889.0,1.303
6891,889.1,1.072
6892,889.2,0.873
6893,889.3,0.706
6894,889.4,0.565
6895,889.5,0.448
6896,889.6,0.353
6897,889.7,0.275
6898,889.8,0.213
6899,889.9,0.163
6900,890.0,0.124
6901,890.1,0.093
6902,890.2,0.069
6903,890.3,0.051
6904,890.4,0.038
6905,890.5,0.027
6906,890.6,0.02
6907,890.7,0.014
6908,890.8,0.01
6909,890.9,0.007
6910,891.0,0.005
6911,891.1,0.003
6912,891.2,0.002
6913,891.3,0.002
6914,891.4,0.001
6915,891.5,0.001
6916,891.6,0.0
6917,891.7,0.0
6918,891.8,0.0
6919,891.9,0.0
6920,892.0,0.0
6921,892.1,0.0
6922,892.2,0.0
6923,892.3,0.0
6924,892.4,0.0
6925,892.5,0.0
6926,892.6,0.0
6927,892.7,0.0
6928,892.8,0.0
6929,892.9,0.0
6930,893.0,0.0
6931,893.1,0.0
6932,893.2,0.0
6933,893.3,0.0
6934,893.4,0.0
6935,893.5,0.0
6936,893.6,0.0
6937,893.7,0.0
6938,893.8,0.0
6939,893.9,0.0
6940,894.0,0.0
6941,894.1,0.0
6942,894.2,0.0
6943,894.3,0.0
6944,894.4,0.0
6945,894.5,0.0
6946,894.6,0.0
6947,894.7,0.0
6948,894.8,0.0
6949,894.9,0.0
6950,895.0,0.0
6951,895.1,0.0
6952,895.2,0.0
6953,895.3,0.0
6954,895.4,0.0
6955,895.5,0.0
6956,895.6,0.0
6957,895.7,0.0
6958,895.8,0.0
6959,895.9,0.0
6960,896.0,0.0
6961,896.1,0.0
6962,896.2,0.0
6963,896.3,0.0
6964,896.4,0.0
6965,896.5,0.0
6966,896.6,0.0
6967,896.7,0.0
6968,896.8,0.0
6969,896.9,0.0
6970,897.0,0.0
6971,897.1,0.0
6972,897.2,0.0
6973,897.3,0.0
6974,897.4,0.0
6975,897.5,0.0
6976,897.6,0.0
6977,897.7,0.0
6978,897.8,0.0
6979,897.9,0.0
6980,898.0,0.0
6981,898.1,0.0
6982,898.2,0.0
6983,898.3,0.0
6984,898.4,0.0
6985,898.5,0.0
6986,898.6,0.0
6987,898.7,0.0
6988,898.8,0.0
6989,898.9,0.0
6990,899.0,0.0
6991,899.1,0.0
6992,899.2,0.0
6993,899.3,0.0
6994,899.4,0.0
6995,899.5,0.0
6996,899.6,0.0
6997,899.7,0.0
6998,899.8,0.0
6999,899.9,0.0
7000,900.0,0.0
7001,900.1,0.0
7002,900.2,0.0
7003,900.3,0.0
7004,900.4,0.0
7005,900.5,0.0
7006,900.6,0.0
7007,900.7,0.0
7008,900.8,0.0
7009,900.9,0.0
7010,901.0,0.0
7011,901.1,0.0
7012,901.2,0.0
7013,901.3,0.0
7014,901.4,0.0
7015,901.5,0.0
7016,901.6,0.0
7017,901.7,0.0
7018,901.8,0.0
7019,901.9,0.0
7020,902.0,0.0
7021,902.1,0.0
7022,902.2,0.0
7023,902.3,0.0
7024,902.4,0.0
7025,902.5,0.0
7026,902.6,0.0
7027,902.7,0.0
7028,902.8,0.0
7029,902.9,0.0
7030,903.0,0.0
7031,903.1,0.0
7032,903.2,0.0
7033,903.3,0.0
7034,903.4,0.0
7035,903.5,0.0
7036,903.6,0.0
7037,903.7,0.0
7038,903.8,0.0
7039,903.9,0.0
7040,904.0,0.0
7041,904.1,0.0
7042,904.2,0.0
7043,904.3,0.0
7044,904.4,0.0
7045,904.5,0.0
7046,904.6,0.0
7047,904.7,0.0
7048,904.8,0.0
7049,904.9,0.0
7050,905.0,0.0
7051,905.1,0.0
7052,905.2,0.0
7053,905.3,0.0
7054,905.4,0.0
7055,905.5,0.0
7056,905.6,0.0
7057,905.7,0.0
7058,905.8,0.0
7059,905.9,0.0
7060,906.0,0.0
7061,906.1,0.0
7062,906.2,0.0
7063,906.3,0.0
7064,906.4,0.0
7065,906.5,0.0
7066,906.6,0.0
7067,906.7,0.0
7068,906.8,0.0
7069,906.9,0.0
7070,907.0,0.0
7071,907.1,0.0
7072,907.2,0.0
7073,907.3,0.0
7074,907.4,0.0
7075,907.5,0.0
7076,907.6,0.0
7077,907.7,0.0
7078,907.8,0.0
7079,907.9,0.0
7080,908.0,0.0
7081,908.1,0.0
7082,908.2,0.0
7083,908.3,0.0
7084,908.4,0.0
7085,908.5,0.0
7086,908.6,0.0
7087,908.7,0.0
7088,908.8,0.0
7089,908.9,0.0
7090,909.0,0.0
7091,909.1,0.0
7092,909.2,0.0
7093,909.3,0.0
7094,909.4,0.0
7095,909.5,0.0
7096,909.6,0.0
7097,909.7,0.0
7098,909.8,0.0
7099,909.9,0.0
7100,910.0,0.0
7101,910.1,0.0
7102,910.2,0.0
7103,910.3,0.0
7104,910.4,0.0
7105,910.5,0.0
7106,910.6,0.0
7107,910.7,0.0
7108,910.8,0.0
7109,910.9,0.0
7110,911.0,0.0
7111,911.1,0.0
7112,911.2,0.0
7113,911.3,0.0
7114,911.4,0.0
7115,911.5,0.0
7116,911.6,0.0
7117,911.7,0.0
7118,911.8,0.0
7119,911.9,0.0
7120,912.0,0.0
7121,912.1,0.0
7122,912.2,0.0
7123,912.3,0.0
7124,912.4,0.0
7125,912.5,0.0
7126,912.6,0.0
7127,912.7,0.0
7128,912.8,0.0
7129,912.9,0.0
7130,913.0,0.0
7131,913.1,0.0
7132,913.2,0.0
7133,913.3,0.0
7134,913.4,0.0
7135,913.5,0.0
7136,913.6,0.0
7137,913.7,0.0
7138,913.8,0.0
7139,913.9,0.0
7140,914.0,0.0
7141,914.1,0.0
7142,914.2,0.0
7143,914.3,0.0
7144,914.4,0.0
7145,914.5,0.0
7146,914.6,0.0
7147,914.7,0.0
7148,914.8,0.0
7149,914.9,0.0
7150,915.0,0.0
7151,915.1,0.0
7152,915.2,0.0
7153,915.3,0.0
7154,915.4,0.0
7155,915.5,0.0
7156,915.6,0.0
7157,915.7,0.0
7158,915.8,0.0
7159,915.9,0.0
7160,916.0,0.0
7161,916.1,0.0
7162,916.2,0.0
7163,916.3,0.0
7164,916.4,0.0
7165,916.5,0.0
7166,916.6,0.0
7167,916.7,0.0
7168,916.8,0.0
7169,916.9,0.0
7170,917.0,0.0
7171,917.1,0.0
7172,917.2,0.0
7173,917.3,0.0
7174,917.4,0.0
7175,917.5,0.0
7176,917.6,0.0
7177,917.7,0.0
7178,917.8,0.0
7179,917.9,0.0
7180,918.0,0.0
7181,918.1,0.0
7182,918.2,0.0
7183,918.3,0.0
7184,918.4,0.0
7185,918.5,0.0
7186,918.6,0.0
7187,918.7,0.0
7188,918.8,0.0
7189,918.9,0.0
7190,919.0,0.0
7191,919.1,0.0
7192,919.2,0.0
7193,919.3,0.0
7194,919.4,0.0
7195,919.5,0.0
7196,919.6,0.0
7197,919.7,0.0
7198,919.8,0.0
7199,919.9,0.0
7200,920.0,0.0
7201,920.1,0.0
7202,920.2,0.0
7203,920.3,0.0
7204,920.4,0.0
7205,920.5,0.0
7206,920.6,0.0
7207,920.7,0.0
7208,920.8,0.0
7209,920.9,0.0
7210,921.0,0.0
7211,921.1,0.0
7212,921.2,0.0
7213,921.3,0.0
7214,921.4,0.0
7215,921.5,0.0
7216,921.6,0.0
7217,921.7,0.0
7218,921.8,0.0
7219,921.9,0.0
7220,922.0,0.0
7221,922.1,0.0
7222,922.2,0.0
7223,922.3,0.0
7224,922.4,0.0
7225,922.5,0.0
7226,922.6,0.0
7227,922.7,0.0
7228,922.8,0.0
7229,922.9,0.0
7230,923.0,0.0
7231,923.1,0.0
7232,923.2,0.0
7233,923.3,0.0
7234,923.4,0.0
7235,923.5,0.0
7236,923.6,0.0
7237,923.7,0.0
7238,923.8,0.0
7239,923.9,0.0
7240,924.0,0.0
7241,924.1,0.0
7242,924.2,0.0
7243,924.3,0.0
7244,924.4,0.0
7245,924.5,0.0
7246,924.6,0.0
7247,924.7,0.0
7248,924.8,0.0
7249,924.9,0.0
7250,925.0,0.0
7251,925.1,0.0
7252,925.2,0.0
7253,925.3,0.0
7254,925.4,0.0
7255,925.5,0.0
7256,925.6,0.0
7257,925.7,0.0
7258,925.8,0.0
7259,925.9,0.0
7260,926.0,0.0
7261,926.1,0.0
7262,926.2,0.0
7263,926.3,0.0
7264,926.4,0.0
7265,926.5,0.0
7266,926.6,0.0
7267,926.7,0.0
7268,926.8,0.0
7269,926.9,0.0
7270,927.0,0.0
7271,927.1,0.0
7272,927.2,0.0
7273,927.3,0.0
7274,927.4,0.0
7275,927.5,0.0
7276,927.6,0.0
7277,927.7,0.0
7278,927.8,0.0
7279,927.9,0.0
7280,928.0,0.0
7281,928.1,0.0
7282,928.2,0.0
7283,928.3,0.0
7284,928.4,0.0
7285,928.5,0.0
7286,928.6,0.0
7287,928.7,0.0
7288,928.8,0.0
7289,928.9,0.0
7290,929.0,0.0
7291,929.1,0.0
7292,929.2,0.0
7293,929.3,0.0
7294,929.4,0.0
7295,929.5,0.0
7296,929.6,0.0
7297,929.7,0.0
7298,929.8,0.0
7299,929.9,0.0
7300,930.0,0.0
7301,930.1,0.0
7302,930.2,0.0
7303,930.3,0.0
7304,930.4,0.0
7305,930.5,0.0
7306,930.6,0.0
7307,930.7,0.0
7308,930.8,0.0
7309,930.9,0.0
7310,931.0,0.0
7311,931.1,0.0
7312,931.2,0.0
7313,931.3,0.0
7314,931.4,0.0
7315,931.5,0.0
7316,931.6,0.0
7317,931.7,0.0
7318,931.8,0.0
7319,931.9,0.0
7320,932.0,0.0
7321,932.1,0.0
7322,932.2,0.0
7323,932.3,0.0
7324,932.4,0.0
7325,932.5,0.0
7326,932.6,0.0
7327,932.7,0.0
7328,932.8,0.0
7329,932.9,0.0
7330,933.0,0.0
7331,933.1,0.0
7332,933.2,0.0
7333,933.3,0.0
7334,933.4,0.0
7335,933.5,0.0
7336,933.6,0.0
7337,933.7,0.0
7338,933.8,0.0
7339,933.9,0.0
7340,934.0,0.0
7341,934.1,0.0
7342,934.2,0.0
7343,934.3,0.0
7344,934.4,0.0
7345,934.5,0.0
7346,934.6,0.0
7347,934.7,0.0
7348,934.8,0.0
7349,934.9,0.0
7350,935.0,0.0
7351,935.1,0.0
7352,935.2,0.0
7353,935.3,0.0
7354,935.4,0.0
7355,935.5,0.0
7356,935.6,0.0
7357,935.7,0.0
7358,935.8,0.0
7359,935.9,0.0
7360,936.0,0.0
7361,936.1,0.0
7362,936.2,0.0
7363,936.3,0.0
7364,936.4,0.0
7365,936.5,0.0
7366,936.6,0.0
7367,936.7,0.0
7368,936.8,0.0
7369,936.9,0.0
7370,937.0,0.0
7371,937.1,0.0
7372,937.2,0.0
7373,937.3,0.0
7374,937.4,0.0
7375,937.5,0.001
7376,937.6,0.001
7377,937.7,0.002
7378,937.8,0.003
7379,937.9,0.005
7380,938.0,0.009
7381,938.1,0.015
7382,938.2,0.024
7383,938.3,0.04
7384,938.4,0.065
7385,938.5,0.104
7386,938.6,0.167
7387,938.7,0.267
7388,938.8,0.421
7389,938.9,0.66
7390,939.0,1.027
7391,939.1,1.584
7392,939.2,2.425
7393,939.3,3.685
7394,939.4,5.555
7395,939.5,8.309
7396,939.6,12.33
7397,939.7,18.159
7398,939.8,26.529
7399,939.9,38.462
7400,940.0,55.33
7401,940.1,78.969
7402,940.2,111.808
7403,940.3,157.173
7404,940.4,219.152
7405,940.5,303.228
7406,940.6,416.236
7407,940.7,566.941
7408,940.8,766.286
7409,940.9,1027.282
7410,941.0,1366.926
7411,941.1,1805.0
7412,941.2,2365.215
7413,941.3,3074.323
7414,941.4,3965.448
7415,941.5,5076.067
7416,941.6,6446.012
7417,941.7,8123.083
7418,941.8,10157.262
7419,941.9,12603.152
7420,942.0,15516.685
7421,942.1,18961.839
7422,942.2,22990.0
7423,942.3,27657.634
7424,942.4,33025.948
7425,942.5,39137.823
7426,942.6,46027.165
7427,942.7,53725.708
7428,942.8,62230.0
7429,942.9,71558.067
7430,943.0,81665.623
7431,943.1,92532.75
7432,943.2,104109.467
7433,943.3,116258.565
7434,943.4,128883.207
7435,943.5,141980.133
7436,943.6,155340.611
7437,943.7,168824.508
7438,943.8,182357.821
7439,943.9,195700.0
7440,944.0,208912.506
7441,944.1,221682.816
7442,944.2,234006.078
7443,944.3,245814.452
7444,944.4,257004.771
7445,944.5,267740.28
7446,944.6,277771.606
7447,944.7,287389.129
7448,944.8,296470.373
7449,944.9,305116.525
7450,945.0,313400.0
7451,945.1,321491.109
7452,945.2,329371.41
7453,945.3,337138.13
7454,945.4,344856.352
7455,945.5,352448.684
7456,945.6,359940.737
7457,945.7,367261.537
7458,945.8,374400.818
7459,945.9,381097.168
7460,946.0,387165.861
7461,946.1,392600.0
7462,946.2,397092.102
7463,946.3,400380.323
7464,946.4,402425.033
7465,946.5,402933.87
7466,946.6,401903.4
7467,946.7,399040.354
7468,946.8,394566.198
7469,946.9,388226.0
7470,947.0,380262.457
7471,947.1,370783.64
7472,947.2,359900.0
7473,947.3,348078.121
7474,947.4,335436.916
7475,947.5,322342.207
7476,947.6,309330.377
7477,947.7,296731.457
7478,947.8,284800.0
7479,947.9,274198.209
7480,948.0,265182.616
7481,948.1,258182.13
7482,948.2,253375.95
7483,948.3,251084.569
7484,948.4,251473.076
7485,948.5,254754.522
7486,948.6,260769.649
7487,948.7,269632.917
7488,948.8,281107.343
7489,948.9,295100.0
7490,949.0,311054.547
7491,949.1,328933.257
7492,949.2,348098.76
7493,949.3,368047.861
7494,949.4,388369.145
7495,949.5,408484.425
7496,949.6,427755.32
7497,949.7,445724.668
7498,949.8,461906.498
7499,949.9,475665.92
7500,950.0,486700.0
7501,950.1,494740.352
7502,950.2,499277.563
7503,950.3,500271.521
7504,950.4,497749.261
7505,950.5,491519.674
7506,950.6,481766.354
7507,950.7,468628.068
7508,950.8,452475.621
7509,950.9,433472.052
7510,951.0,412192.76
7511,951.1,389000.0
7512,951.2,364271.27
7513,951.3,338481.389
7514,951.4,312110.093
7515,951.5,285610.568
7516,951.6,259393.826
7517,951.7,233774.118
7518,951.8,209027.728
7519,951.9,185437.374
7520,952.0,163337.66
7521,952.1,142738.416
7522,952.2,123700.0
7523,952.3,106452.198
7524,952.4,90888.448
7525,952.5,77004.931
7526,952.6,64745.033
7527,952.7,54012.622
7528,952.8,44720.0
7529,952.9,36743.139
7530,953.0,29948.94
7531,953.1,24225.51
7532,953.2,19452.642
7533,953.3,15495.373
7534,953.4,12244.219
7535,953.5,9606.207
7536,953.6,7476.749
7537,953.7,5775.415
7538,953.8,4426.068
7539,953.9,3367.0
7540,954.0,2541.126
7541,954.1,1902.877
7542,954.2,1414.043
7543,954.3,1042.969
7544,954.4,763.285
7545,954.5,554.278
7546,954.6,399.386
7547,954.7,285.583
7548,954.8,202.68
7549,954.9,142.698
7550,955.0,99.72
7551,955.1,69.137
7552,955.2,47.572
7553,955.3,32.48
7554,955.4,22.006
7555,955.5,14.792
7556,955.6,9.869
7557,955.7,6.535
7558,955.8,4.292
7559,955.9,2.799
7560,956.0,1.811
7561,956.1,1.162
7562,956.2,0.74
7563,956.3,0.468
7564,956.4,0.293
7565,956.5,0.183
7566,956.6,0.113
7567,956.7,0.069
7568,956.8,0.042
7569,956.9,0.025
7570,957.0,0.015
7571,957.1,0.009
7572,957.2,0.005
7573,957.3,0.003
7574,957.4,0.002
7575,957.5,0.001
7576,957.6,0.001
7577,957.7,0.0
7578,957.8,0.0
7579,957.9,0.0
7580,958.0,0.0
7581,958.1,0.0
7582,958.2,0.0
7583,958.3,0.0
7584,958.4,0.0
7585,958.5,0.0
7586,958.6,0.0
7587,958.7,0.0
7588,958.8,0.0
7589,958.9,0.0
7590,959.0,0.0
7591,959.1,0.0
7592,959.2,0.0
7593,959.3,0.0
7594,959.4,0.0
7595,959.5,0.0
7596,959.6,0.0
7597,959.7,0.0
7598,959.8,0.0
7599,959.9,0.0
7600,960.0,0.0
7601,960.1,0.0
7602,960.2,0.0
7603,960.3,0.0
7604,960.4,0.0
7605,960.5,0.0
7606,960.6,0.0
7607,960.7,0.0
7608,960.8,0.0
7609,960.9,0.0
7610,961.0,0.0
7611,961.1,0.0
7612,961.2,0.0
7613,961.3,0.0
7614,961.4,0.0
7615,961.5,0.0
7616,961.6,0.0
7617,961.7,0.0
7618,961.8,0.0
7619,961.9,0.0
7620,962.0,0.0
7621,962.1,0.0
7622,962.2,0.0
7623,962.3,0.0
7624,962.4,0.0
7625,962.5,0.0
7626,962.6,0.0
7627,962.7,0.0
7628,962.8,0.0
7629,962.9,0.0
7630,963.0,0.0
7631,963.1,0.0
7632,963.2,0.0
7633,963.3,0.0
7634,963.4,0.0
7635,963.5,0.0
7636,963.6,0.0
7637,963.7,0.0
7638,963.8,0.0
7639,963.9,0.0
7640,964.0,0.0
7641,964.1,0.0
7642,964.2,0.0
7643,964.3,0.0
7644,964.4,0.0
7645,964.5,0.0
7646,964.6,0.0
7647,964.7,0.0
7648,964.8,0.0
7649,964.9,0.0
7650,965.0,0.0
7651,965.1,0.0
7652,965.2,0.0
7653,965.3,0.0
7654,965.4,0.0
7655,965.5,0.0
7656,965.6,0.0
7657,965.7,0.0
7658,965.8,0.0
7659,965.9,0.0
7660,966.0,0.0
7661,966.1,0.0
7662,966.2,0.0
7663,966.3,0.0
7664,966.4,0.0
7665,966.5,0.0
7666,966.6,0.0
7667,966.7,0.0
7668,966.8,0.0
7669,966.9,0.0
7670,967.0,0.0
7671,967.1,0.0
7672,967.2,0.0
7673,967.3,0.0
7674,967.4,0.0
7675,967.5,0.0
7676,967.6,0.0
7677,967.7,0.0
7678,967.8,0.0
7679,967.9,0.0
7680,968.0,0.0
7681,968.1,0.0
7682,968.2,0.0
7683,968.3,0.0
7684,968.4,0.0
7685,968.5,0.0
7686,968.6,0.0
7687,968.7,0.0
7688,968.8,0.0
7689,968.9,0.0
7690,969.0,0.0
7691,969.1,0.0
7692,969.2,0.0
7693,969.3,0.0
7694,969.4,0.0
7695,969.5,0.0
7696,969.6,0.0
7697,969.7,0.0
7698,969.8,0.0
7699,969.9,0.0
7700,970.0,0.0
7701,970.1,0.0
7702,970.2,0.0
7703,970.3,0.0
7704,970.4,0.0
7705,970.5,0.0
7706,970.6,0.0
7707,970.7,0.0
7708,970.8,0.0
7709,970.9,0.0
7710,971.0,0.0
7711,971.1,0.0
7712,971.2,0.0
7713,971.3,0.0
7714,971.4,0.0
7715,971.5,0.0
7716,971.6,0.0
7717,971.7,0.0
7718,971.8,0.0
7719,971.9,0.0
7720,972.0,0.0
7721,972.1,0.0
7722,972.2,0.0
7723,972.3,0.0
7724,972.4,0.0
7725,972.5,0.0
7726,972.6,0.0
7727,972.7,0.0
7728,972.8,0.0
7729,972.9,0.0
7730,973.0,0.0
7731,973.1,0.0
7732,973.2,0.0
7733,973.3,0.0
7734,973.4,0.0
7735,973.5,0.0
7736,973.6,0.0
7737,973.7,0.0
7738,973.8,0.0
7739,973.9,0.0
7740,974.0,0.0
7741,974.1,0.0
7742,974.2,0.0
7743,974.3,0.0
7744,974.4,0.0
7745,974.5,0.0
7746,974.6,0.0
7747,974.7,0.0
7748,974.8,0.0
7749,974.9,0.0
7750,975.0,0.0
7751,975.1,0.0
7752,975.2,0.0
7753,975.3,0.0
7754,975.4,0.0
7755,975.5,0.0
7756,975.6,0.0
7757,975.7,0.0
7758,975.8,0.0
7759,975.9,0.0
7760,976.0,0.0
7761,976.1,0.0
7762,976.2,0.0
7763,976.3,0.0
7764,976.4,0.0
7765,976.5,0.0
7766,976.6,0.0
7767,976.7,0.0
7768,976.8,0.0
7769,976.9,0.0
7770,977.0,0.0
7771,977.1,0.0
7772,977.2,0.0
7773,977.3,0.0
7774,977.4,0.0
7775,977.5,0.0
7776,977.6,0.0
7777,977.7,0.0
7778,977.8,0.0
7779,977.9,0.0
7780,978.0,0.0
7781,978.1,0.0
7782,978.2,0.0
7783,978.3,0.0
7784,978.4,0.0
7785,978.5,0.0
7786,978.6,0.0
7787,978.7,0.0
7788,978.8,0.0
7789,978.9,0.0
7790,979.0,0.0
7791,979.1,0.0
7792,979.2,0.0
7793,979.3,0.0
7794,979.4,0.0
7795,979.5,0.0
7796,979.6,0.0
7797,979.7,0.0
7798,979.8,0.0
7799,979.9,0.0
7800,980.0,0.0
7801,980.1,0.0
7802,980.2,0.0
7803,980.3,0.0
7804,980.4,0.0
7805,980.5,0.0
7806,980.6,0.0
7807,980.7,0.0
7808,980.8,0.0
7809,980.9,0.0
7810,981.0,0.0
7811,981.1,0.0
7812,981.2,0.0
7813,981.3,0.0
7814,981.4,0.0
7815,981.5,0.0
7816,981.6,0.0
7817,981.7,0.0
7818,981.8,0.0
7819,981.9,0.0
7820,982.0,0.0
7821,982.1,0.0
7822,982.2,0.0
7823,982.3,0.0
7824,982.4,0.0
7825,982.5,0.0
7826,982.6,0.0
7827,982.7,0.0
7828,982.8,0.0
7829,982.9,0.0
7830,983.0,0.0
7831,983.1,0.0
7832,983.2,0.0
7833,983.3,0.001
7834,983.4,0.001
7835,983.5,0.002
7836,983.6,0.003
7837,983.7,0.005
7838,983.8,0.008
7839,983.9,0.013
7840,984.0,0.021
7841,984.1,0.035
7842,984.2,0.055
7843,984.3,0.088
7844,984.4,0.139
7845,984.5,0.218
7846,984.6,0.34
7847,984.7,0.526
7848,984.8,0.808
7849,984.9,1.233
7850,985.0,1.866
7851,985.1,2.805
7852,985.2,4.188
7853,985.3,6.209
7854,985.4,9.142
7855,985.5,13.368
7856,985.6,19.404
7857,985.7,27.967
7858,985.8,40.03
7859,985.9,56.905
7860,986.0,80.316
7861,986.1,112.6
7862,986.2,156.642
7863,986.3,216.48
7864,986.4,297.141
7865,986.5,404.91
7866,986.6,547.989
7867,986.7,736.322
7868,986.8,982.461
7869,986.9,1301.939
7870,987.0,1712.816
7871,987.1,2238.0
7872,987.2,2903.0
7873,987.3,3740.395
7874,987.4,4784.446
7875,987.5,6078.354
7876,987.6,7668.064
7877,987.7,9604.694
7878,987.8,11950.0
7879,987.9,14753.221
7880,988.0,18102.238
7881,988.1,22037.986
7882,988.2,26659.146
7883,988.3,32011.787
7884,988.4,38175.337
7885,988.5,45214.513
7886,988.6,53162.785
7887,988.7,62074.248
7888,988.8,71975.38
7889,988.9,82870.0
7890,989.0,94747.006
7891,989.1,107541.643
7892,989.2,121274.252
7893,989.3,135811.892
7894,989.4,150958.807
7895,989.5,166585.816
7896,989.6,182618.19
7897,989.7,198791.1
7898,989.8,214935.322
7899,989.9,230623.079
7900,990.0,245800.0
7901,990.1,260200.437
7902,990.2,273407.408
7903,990.3,285324.414
7904,990.4,295654.899
7905,990.5,304241.939
7906,990.6,310869.145
7907,990.7,315459.209
7908,990.8,317864.884
7909,990.9,318055.108
7910,991.0,315993.866
7911,991.1,311700.0
7912,991.2,305381.707
7913,991.3,297095.334
7914,991.4,286975.104
7915,991.5,275288.885
7916,991.6,262269.075
7917,991.7,248029.374
7918,991.8,232931.367
7919,991.9,217281.408
7920,992.0,201254.653
7921,992.1,185033.794
7922,992.2,169000.0
7923,992.3,153241.503
7924,992.4,138005.811
7925,992.5,123444.78
7926,992.6,109587.012
7927,992.7,96615.928
7928,992.8,84590.0
7929,992.9,73539.614
7930,993.0,63490.779
7931,993.1,54432.541
7932,993.2,46336.541
7933,993.3,39167.477
7934,993.4,32878.447
7935,993.5,27398.271
7936,993.6,22680.887
7937,993.7,18641.423
7938,993.8,15211.509
7939,993.9,12330.0
7940,994.0,9922.981
7941,994.1,7926.889
7942,994.2,6290.534
7943,994.3,4955.779
7944,994.4,3877.377
7945,994.5,3012.959
7946,994.6,2323.983
7947,994.7,1780.964
7948,994.8,1353.577
7949,994.9,1025.564
7950,995.0,720.747
7951,995.1,320.946
7952,995.2,0.0
7953,995.3,0.0
7954,995.4,0.0
7955,995.5,0.0
7956,995.6,0.0
7957,995.7,0.0
7958,995.8,0.0
7959,995.9,0.0
7960,996.0,0.0
7961,996.1,0.0
7962,996.2,0.0
7963,996.3,0.0
7964,996.4,0.0
7965,996.5,0.0
7966,996.6,0.0
7967,996.7,0.0
7968,996.8,0.0
7969,996.9,0.0
7970,997.0,0.0
7971,997.1,0.0
7972,997.2,0.0
7973,997.3,0.0
7974,997.4,0.0
7975,997.5,0.0
7976,997.6,0.0
7977,997.7,0.0
7978,997.8,0.0
7979,997.9,0.0
7980,998.0,0.0
7981,998.1,0.0
7982,998.2,0.0
7983,998.3,0.0
7984,998.4,0.0
7985,998.5,0.0
7986,998.6,0.0
7987,998.7,0.0
7988,998.8,0.0
7989,998.9,0.0
7990,999.0,0.0
7991,999.1,0.0
7992,999.2,0.0
7993,999.3,0.0
7994,999.4,0.0
7995,999.5,0.0
7996,999.6,0.0
7997,999.7,0.0
7998,999.8,0.0
7999,999.9,0.0
