,wavelength,intensity
0,200.0,4.144
1,200.1,27.148
2,200.2,160.246
3,200.3,837.961
4,200.4,3898.328
5,200.5,15723.463
6,200.6,53189.157
7,200.7,148013.568
8,200.8,333706.95
9,200.9,606021.694
10,201.0,883797.714
11,201.1,1036000.0
12,201.2,977326.485
13,201.3,744825.333
14,201.4,461300.0
15,201.5,233618.319
16,201.6,97325.937
17,201.7,33543.538
18,201.8,9577.071
19,201.9,2276.913
20,202.0,447.422
21,202.1,71.466
22,202.2,9.418
23,202.3,1.005
24,202.4,0.086
25,202.5,0.006
26,202.6,0.0
27,202.7,0.0
28,202.8,0.0
29,202.9,0.0
30,203.0,0.0
31,203.1,0.0
32,203.2,0.0
33,203.3,0.0
34,203.4,0.0
35,203.5,0.0
36,203.6,0.0
37,203.7,0.0
38,203.8,0.0
39,203.9,0.0
40,204.0,0.0
41,204.1,0.0
42,204.2,0.0
43,204.3,0.0
44,204.4,0.0
45,204.5,0.0
46,204.6,0.0
47,204.7,0.0
48,204.8,0.0
49,204.9,0.0
50,205.0,0.003
51,205.1,0.046
52,205.2,1.148
53,205.3,16.284
54,205.4,186.382
55,205.5,1855.925
56,205.6,14143.753
57,205.7,86890.964
58,205.8,435516.761
59,205.9,1745419.228
60,206.0,5640838.239
61,206.1,14690000.0
62,206.2,30894717.759
63,206.3,52699169.91
64,206.4,73580000.0
65,206.5,85672918.681
66,206.6,86061049.528
67,206.7,78271764.303
68,206.8,67169974.08
69,206.9,54405429.188
70,207.0,39966350.067
71,207.1,25358499.197
72,207.2,13432591.736
73,207.3,5830649.429
74,207.4,2053261.996
75,207.5,584900.0
76,207.6,133943.816
77,207.7,24866.163
78,207.8,3718.573
79,207.9,448.559
80,208.0,42.725
81,208.1,3.405
82,208.2,0.2
83,208.3,0.011
84,208.4,0.001
85,208.5,0.0
86,208.6,0.003
87,208.7,0.033
88,208.8,0.311
89,208.9,2.282
90,209.0,13.623
91,209.1,66.046
92,209.2,260.391
93,209.3,834.429
94,209.4,2177.229
95,209.5,4649.249
96,209.6,8165.312
97,209.7,11895.258
98,209.8,14549.204
99,209.9,15189.619
100,210.0,13810.0
101,210.1,11310.535
102,210.2,8831.369
103,210.3,7198.82
104,210.4,6527.693
105,210.5,6443.302
106,210.6,7113.902
107,210.7,11310.932
108,210.8,27479.065
109,210.9,72153.989
110,211.0,167599.311
111,211.1,332300.0
112,211.2,573267.22
113,211.3,897442.39
114,211.4,1328000.0
115,211.5,1878774.92
116,211.6,2503253.103
117,211.7,3098492.179
118,211.8,3591854.997
119,211.9,3971521.362
120,212.0,4177463.727
121,212.1,4040509.48
122,212.2,3434128.728
123,212.3,2476609.323
124,212.4,1484871.303
125,212.5,732100.0
126,212.6,295179.249
127,212.7,97086.977
128,212.8,26021.117
129,212.9,5681.35
130,213.0,1008.811
131,213.1,146.935
132,213.2,16.703
133,213.3,1.675
134,213.4,0.138
135,213.5,0.007
136,213.6,0.0
137,213.7,0.0
138,213.8,0.0
139,213.9,0.0
140,214.0,0.0
141,214.1,0.0
142,214.2,0.0
143,214.3,0.0
144,214.4,0.0
145,214.5,0.0
146,214.6,0.0
147,214.7,0.0
148,214.8,0.0
149,214.9,0.0
150,215.0,0.0
151,215.1,0.0
152,215.2,0.0
153,215.3,0.0
154,215.4,0.0
155,215.5,0.0
156,215.6,0.0
157,215.7,0.0
158,215.8,0.0
159,215.9,0.0
160,216.0,0.0
161,216.1,0.0
162,216.2,0.0
163,216.3,0.0
164,216.4,0.0
165,216.5,0.0
166,216.6,0.0
167,216.7,0.0
168,216.8,0.0
169,216.9,0.0
170,217.0,0.0
171,217.1,0.0
172,217.2,0.0
173,217.3,0.0
174,217.4,0.0
175,217.5,0.0
176,217.6,0.0
177,217.7,0.0
178,217.8,0.0
179,217.9,0.0
180,218.0,0.0
181,218.1,0.0
182,218.2,0.0
183,218.3,0.0
184,218.4,0.0
185,218.5,0.0
186,218.6,0.0
187,218.7,0.001
188,218.8,0.009
189,218.9,0.083
190,219.0,0.607
191,219.1,3.655
192,219.2,18.234
193,219.3,74.9
194,219.4,254.84
195,219.5,715.296
196,219.6,1658.349
197,219.7,3175.507
198,219.8,5022.561
199,219.9,6562.819
200,220.0,7085.0
201,220.1,6317.041
202,220.2,4653.427
203,220.3,2831.313
204,220.4,1423.144
205,220.5,590.747
206,220.6,202.646
207,220.7,57.29
208,220.8,13.432
209,220.9,2.591
210,221.0,0.414
211,221.1,0.055
212,221.2,0.006
213,221.3,0.001
214,221.4,0.0
215,221.5,0.0
216,221.6,0.0
217,221.7,0.002
218,221.8,0.027
219,221.9,0.488
220,222.0,6.499
221,222.1,75.029
222,222.2,707.081
223,222.3,5513.61
224,222.4,35712.479
225,222.5,194000.0
226,222.6,868574.901
227,222.7,3245871.532
228,222.8,10057934.894
229,222.9,25890504.208
230,223.0,55354163.792
231,223.1,98333643.618
232,223.2,145123769.824
233,223.3,177973500.49
234,223.4,181251565.852
235,223.5,153454445.787
236,223.6,107900000.001
237,223.7,63031233.929
238,223.8,30593683.237
239,223.9,12340000.0
240,224.0,4136321.977
241,224.1,1152370.224
242,224.2,268332.415
243,224.3,51940.592
244,224.4,8642.094
245,224.5,1253.113
246,224.6,159.925
247,224.7,21.144
248,224.8,2.802
249,224.9,0.366
250,225.0,0.265
251,225.1,2.146
252,225.2,17.849
253,225.3,124.519
254,225.4,733.66
255,225.5,3683.666
256,225.6,15649.854
257,225.7,56685.181
258,225.8,176059.536
259,225.9,468121.37
260,226.0,1069087.264
261,226.1,2102000.0
262,226.2,3573121.984
263,226.3,5305032.567
264,226.4,7098000.0
265,226.5,9457720.711
266,226.6,15596396.02
267,226.7,35825815.294
268,226.8,93994522.949
269,226.9,230766329.481
270,227.0,489595310.021
271,227.1,877978282.353
272,227.2,1320326703.713
273,227.3,1664707458.091
274,227.4,1757461310.791
275,227.5,1556000000.005
276,227.6,1157582060.116
277,227.7,727672184.628
278,227.8,392937448.086
279,227.9,189989154.82
280,228.0,90482064.964
281,228.1,48352454.763
282,228.2,29968964.608
283,228.3,19331214.708
284,228.4,11557410.592
285,228.5,6086728.428
286,228.6,2857000.0
287,228.7,1366826.331
288,228.8,909562.966
289,228.9,895600.0
290,229.0,952250.783
291,229.1,907146.521
292,229.2,746164.623
293,229.3,564933.454
294,229.4,527699.539
295,229.5,859967.905
296,229.6,1863620.864
297,229.7,3861933.647
298,229.8,7004320.438
299,229.9,11063308.277
300,230.0,15390000.0
301,230.1,19250547.858
302,230.2,22130813.981
303,230.3,23861545.456
304,230.4,24438368.317
305,230.5,23773260.673
306,230.6,21648640.268
307,230.7,18079491.158
308,230.8,13602941.446
309,230.9,9161031.633
310,231.0,5679535.924
311,231.1,3563000.0
312,231.2,2704885.173
313,231.3,2753721.262
314,231.4,3348000.0
315,231.5,4163532.569
316,231.6,4924068.639
317,231.7,5502077.016
318,231.8,5953569.748
319,231.9,6360804.29
320,232.0,6613249.416
321,232.1,6415587.885
322,232.2,5572877.327
323,232.3,4237062.442
324,232.4,2837235.05
325,232.5,1790000.0
326,232.6,1275323.704
327,232.7,1220685.035
328,232.8,1430209.318
329,232.9,1729085.998
330,233.0,2036698.579
331,233.1,2368790.489
332,233.2,2770762.643
333,233.3,3238593.43
334,233.4,3672371.33
335,233.5,3914403.451
336,233.6,3852000.0
337,233.7,3501161.674
338,233.8,2989594.889
339,233.9,2455000.0
340,234.0,1972634.093
341,234.1,1599602.739
342,234.2,1437493.72
343,234.3,1631063.276
344,234.4,2250293.45
345,234.5,3172411.315
346,234.6,4055794.801
347,234.7,4488882.729
348,234.8,4240164.772
349,234.9,3403275.781
350,235.0,2318000.0
351,235.1,1340254.851
352,235.2,656947.382
353,235.3,273110.504
354,235.4,96309.347
355,235.5,28790.078
356,235.6,7301.5
357,235.7,1557.711
358,235.8,285.556
359,235.9,44.022
360,236.0,5.751
361,236.1,0.663
362,236.2,0.307
363,236.3,2.196
364,236.4,16.11
365,236.5,100.842
366,236.6,536.092
367,236.7,2424.305
368,236.8,9277.303
369,236.9,30236.76
370,237.0,83520.324
371,237.1,195810.742
372,237.2,389700.068
373,237.3,658321.83
374,237.4,944099.642
375,237.5,1150000.0
376,237.6,1189962.522
377,237.7,1050156.809
378,237.8,806937.366
379,237.9,583506.504
380,238.0,498804.807
381,238.1,625921.923
382,238.2,970196.836
383,238.3,1447804.463
384,238.4,1892840.993
385,238.5,2117206.229
386,238.6,2016000.0
387,238.7,1631246.486
388,238.8,1122925.223
389,238.9,656600.0
390,239.0,326457.095
391,239.1,137874.423
392,239.2,49526.768
393,239.3,15092.859
394,239.4,3922.233
395,239.5,866.322
396,239.6,161.213
397,239.7,25.714
398,239.8,3.482
399,239.9,0.405
400,240.0,0.14
401,240.1,0.946
402,240.2,7.75
403,240.3,53.652
404,240.4,316.901
405,240.5,1606.873
406,240.6,6907.183
407,240.7,25337.676
408,240.8,79550.473
409,240.9,212979.97
410,241.0,487633.562
411,241.1,955500.0
412,241.2,1608929.854
413,241.3,2343106.019
414,241.4,2992000.0
415,241.5,3430913.694
416,241.6,3683134.673
417,241.7,3897084.51
418,241.8,4245215.692
419,241.9,4809089.461
420,242.0,5560343.313
421,242.1,6411085.383
422,242.2,7248658.355
423,242.3,7949069.454
424,242.4,8402227.896
425,242.5,8591000.0
426,242.6,8627445.442
427,242.7,8679952.648
428,242.8,8762673.582
429,242.9,8642690.571
430,243.0,7995687.556
431,243.1,6732116.075
432,243.2,5202483.983
433,243.3,4213907.328
434,243.4,4999575.863
435,243.5,9330624.717
436,243.6,19420000.0
437,243.7,36968200.42
438,243.8,61299759.729
439,243.9,87589999.999
440,244.0,107628134.266
441,244.1,113534001.018
442,244.2,103092535.636
443,244.3,80751240.844
444,244.4,55916418.866
445,244.5,37770088.355
446,244.6,32424417.321
447,244.7,42278311.882
448,244.8,65879653.652
449,244.9,97060793.3
450,245.0,125399999.999
451,245.1,139479336.373
452,245.2,133128798.681
453,245.3,109025222.149
454,245.4,76501959.575
455,245.5,46039256.289
456,245.6,23747989.121
457,245.7,10505997.625
458,245.8,3982387.907
459,245.9,1293869.762
460,246.0,360649.636
461,246.1,86240.0
462,246.2,17680.589
463,246.3,3086.987
464,246.4,467.3
465,246.5,59.616
466,246.6,6.578
467,246.7,0.633
468,246.8,0.051
469,246.9,0.004
470,247.0,0.0
471,247.1,0.0
472,247.2,0.0
473,247.3,0.0
474,247.4,0.0
475,247.5,0.0
476,247.6,0.0
477,247.7,0.0
478,247.8,0.0
479,247.9,0.0
480,248.0,0.0
481,248.1,0.0
482,248.2,0.0
483,248.3,0.0
484,248.4,0.0
485,248.5,0.0
486,248.6,0.0
487,248.7,0.0
488,248.8,0.0
489,248.9,0.0
490,249.0,0.0
491,249.1,0.0
492,249.2,0.0
493,249.3,0.0
494,249.4,0.0
495,249.5,0.0
496,249.6,0.0
497,249.7,0.0
498,249.8,0.0
499,249.9,0.001
500,250.0,0.009
501,250.1,0.104
502,250.2,1.088
503,250.3,9.587
504,250.4,73.274
505,250.5,503.058
506,250.6,2947.216
507,250.7,15059.356
508,250.8,67744.626
509,250.9,264002.856
510,251.0,898595.554
511,251.1,2659000.0
512,251.2,6840442.504
513,251.3,15297340.798
514,251.4,29739999.999
515,251.5,50257975.029
516,251.6,73989249.273
517,251.7,95511863.528
518,251.8,110339501.831
519,251.9,120295838.648
520,252.0,137754356.001
521,252.1,184246691.634
522,252.2,281925429.241
523,252.3,438239480.4
524,252.4,632781881.737
525,252.5,817999999.995
526,252.6,941287227.655
527,252.7,977340565.484
528,252.8,944657721.525
529,252.9,891626186.358
530,253.0,860160634.27
531,253.1,860485338.667
532,253.2,874712509.999
533,253.3,877558789.862
534,253.4,852989602.133
535,253.5,794653960.61
536,253.6,701500000.003
537,253.7,578694310.354
538,253.8,443252878.853
539,253.9,323500000.003
540,254.0,252570356.334
541,254.1,257364772.101
542,254.2,349780683.95
543,254.3,518086239.185
544,254.4,723862676.565
545,254.5,916340137.089
546,254.6,1069573737.295
547,254.7,1224286375.982
548,254.8,1501426870.78
549,254.9,2044062294.964
550,255.0,2914999999.968
551,255.1,4002601654.009
552,255.2,5023782941.042
553,255.3,5653496573.608
554,255.4,5718098800.001
555,255.5,5286860159.168
556,255.6,4629138765.909
557,255.7,4048374151.806
558,255.8,3739749609.195
559,255.9,3718978884.151
560,256.0,3849660375.713
561,256.1,3930000000.0
562,256.2,3801141877.561
563,256.3,3410196387.055
564,256.4,2812000000.021
565,256.5,2125718326.043
566,256.6,1473805727.325
567,256.7,944381228.873
568,256.8,578652226.835
569,256.9,367950748.224
570,257.0,270988176.505
571,257.1,234562063.316
572,257.2,214009515.08
573,257.3,184994022.685
574,257.4,143550440.682
575,257.5,98070000.001
576,257.6,58605183.052
577,257.7,30639048.048
578,257.8,14076436.694
579,257.9,5745944.183
580,258.0,2125246.456
581,258.1,736630.848
582,258.2,252433.091
583,258.3,101196.24
584,258.4,78946.486
585,258.5,136242.887
586,258.6,280900.0
587,258.7,537978.554
588,258.8,922922.252
589,258.9,1427000.0
590,259.0,2012872.712
591,259.1,2641802.44
592,259.2,3301845.971
593,259.3,4027062.772
594,259.4,4923794.366
595,259.5,6161920.84
596,259.6,7935084.383
597,259.7,10346697.345
598,259.8,13254573.937
599,259.9,16230811.604
600,260.0,18720000.0
601,260.1,20484845.019
602,260.2,21781572.841
603,260.3,23403752.359
604,260.4,26406293.39
605,260.5,32355133.53
606,260.6,43879602.035
607,260.7,64922181.836
608,260.8,98859326.89
609,260.9,145176127.084
610,261.0,195695777.126
611,261.1,235899999.999
612,261.2,250880803.828
613,261.3,234215523.451
614,261.4,191500000.002
615,261.5,137183913.656
616,261.6,86555473.43
617,261.7,48925960.017
618,261.8,26037546.782
619,261.9,14540739.378
620,262.0,9652756.241
621,262.1,7558677.08
622,262.2,6138925.506
623,262.3,4678537.673
624,262.4,3240159.518
625,262.5,2130000.0
626,262.6,1630808.85
627,262.7,1977264.485
628,262.8,3439018.762
629,262.9,6389962.818
630,263.0,11317757.193
631,263.1,18749122.843
632,263.2,29132280.462
633,263.3,42644869.941
634,263.4,58966308.354
635,263.5,77305865.269
636,263.6,96749999.999
637,263.7,116750769.97
638,263.8,137441977.718
639,263.9,159399999.999
640,264.0,183239439.796
641,264.1,209021377.524
642,264.2,236379145.592
643,264.3,264112694.787
644,264.4,289056333.838
645,264.5,305549688.75
646,264.6,306039898.887
647,264.7,284704002.95
648,264.8,241653686.415
649,264.9,184928097.066
650,265.0,126400000.002
651,265.1,76676890.635
652,265.2,41208611.544
653,265.3,19663231.85
654,265.4,8506520.163
655,265.5,3633574.758
656,265.6,1946014.457
657,265.7,1633559.302
658,265.8,1855086.986
659,265.9,2307657.089
660,266.0,2950505.292
661,266.1,3882000.0
662,266.2,5338435.879
663,266.3,7722309.277
664,266.4,11510000.0
665,266.5,16928512.071
666,266.6,23505595.556
667,266.7,29850287.805
668,266.8,34056995.381
669,266.9,34619312.896
670,267.0,31225528.26
671,267.1,24983726.163
672,267.2,17755715.948
673,267.3,11280029.088
674,267.4,6603623.334
675,267.5,3933000.0
676,267.6,3004959.249
677,267.7,3345668.984
678,267.8,4424092.661
679,267.9,5678281.582
680,268.0,6573081.996
681,268.1,6731765.55
682,268.2,6070106.568
683,268.3,4816182.892
684,268.4,3363058.063
685,268.5,2076971.645
686,268.6,1162000.0
687,268.7,654766.327
688,268.8,502778.758
689,268.9,638700.0
690,269.0,1024988.711
691,269.1,1680627.439
692,269.2,2741126.626
693,269.3,4563456.03
694,269.4,7803832.42
695,269.5,13277721.357
696,269.6,21467487.1
697,269.7,31845304.364
698,269.8,42469368.186
699,269.9,50386453.821
700,270.0,53000000.0
701,270.1,49438613.114
702,270.2,41223310.165
703,270.3,31385671.637
704,270.4,22927562.984
705,270.5,17579601.52
706,270.6,15426084.631
707,270.7,15505855.837
708,270.8,16594597.588
709,270.9,17775642.393
710,271.0,18649281.426
711,271.1,19250000.0
712,271.2,19914898.029
713,271.3,21271720.4
714,271.4,23990000.0
715,271.5,28282333.383
716,271.6,33392885.721
717,271.7,37590159.381
718,271.8,38932148.863
719,271.9,36334309.704
720,272.0,30213164.412
721,272.1,22278334.495
722,272.2,14531850.544
723,272.3,8381676.387
724,272.4,4308566.805
725,272.5,2099000.0
726,272.6,1346899.809
727,272.7,1913852.675
728,272.8,4190881.694
729,272.9,9177262.715
730,273.0,18272327.479
731,273.1,32637207.712
732,273.2,52261608.972
733,273.3,74989080.107
734,273.4,96417271.138
735,273.5,110973072.478
736,273.6,114400000.0
737,273.7,105536961.618
738,273.8,87458386.431
739,273.9,66210000.001
740,274.0,48714226.953
741,274.1,40994618.167
742,274.2,47261624.311
743,274.3,69377163.647
744,274.4,106079961.878
745,274.5,152581411.194
746,274.6,201498531.409
747,274.7,246219101.987
748,274.8,283778300.35
749,274.9,315763028.267
750,275.0,343799999.999
751,275.1,365144631.623
752,275.2,372317853.632
753,275.3,357888431.367
754,275.4,321243461.0
755,275.5,271141427.617
756,275.6,220821982.303
757,275.7,181328792.982
758,275.8,156767974.494
759,275.9,145170335.112
760,276.0,141485793.268
761,276.1,141800000.0
762,276.2,143476097.261
763,276.3,144647332.492
764,276.4,142900000.0
765,276.5,135536820.442
766,276.6,120646124.991
767,276.7,99122230.023
768,276.8,74109183.699
769,276.9,49983960.053
770,277.0,30231394.822
771,277.1,16347064.955
772,277.2,7938262.259
773,277.3,3650226.349
774,277.4,2185426.82
775,277.5,2967000.0
776,277.6,6412088.253
777,277.7,13857726.919
778,277.8,27002021.759
779,277.9,46826264.66
780,278.0,72221359.393
781,278.1,99304543.569
782,278.2,122404855.56
783,278.3,136903060.547
784,278.4,142064841.854
785,278.5,142487475.402
786,278.6,145100000.0
787,278.7,154425583.444
788,278.8,169011423.083
789,278.9,181700000.0
790,279.0,183333947.164
791,279.1,168961239.146
792,279.2,140385976.558
793,279.3,105131335.361
794,279.4,72875602.007
795,279.5,51728723.893
796,279.6,47062433.26
797,279.7,62009095.78
798,279.8,97962250.909
799,279.9,154126910.538
800,280.0,226499999.996
801,280.1,307381476.397
802,280.2,386715780.086
803,280.3,454626104.569
804,280.4,504010485.807
805,280.5,534079254.196
806,280.6,550998923.775
807,280.7,565531829.581
808,280.8,586564057.64
809,280.9,613058819.125
810,281.0,632273920.513
811,281.1,627500000.001
812,281.2,591489742.692
813,281.3,536264856.275
814,281.4,489400000.001
815,281.5,480730711.928
816,281.6,525614509.713
817,281.7,617361266.627
818,281.8,730628673.833
819,281.9,834026551.158
820,282.0,904564111.475
821,282.1,936714590.878
822,282.2,944235913.718
823,282.3,953534729.317
824,282.4,992061704.762
825,282.5,1073999999.995
826,282.6,1188265799.74
827,282.7,1301016631.669
828,282.8,1365290220.018
829,282.9,1351274589.525
830,283.0,1253530287.857
831,283.1,1096683962.027
832,283.2,917651945.351
833,283.3,748382609.11
834,283.4,606520821.694
835,283.5,497604595.228
836,283.6,422000000.003
837,283.7,380168628.608
838,283.8,372493136.929
839,283.9,395899999.998
840,284.0,440489810.115
841,284.1,489293724.211
842,284.2,522655473.76
843,284.3,525922789.732
844,284.4,495218452.396
845,284.5,438338857.645
846,284.6,370633883.515
847,284.7,307929677.911
848,284.8,260946976.766
849,284.9,233486010.712
850,285.0,223000000.0
851,285.1,223356269.967
852,285.2,228289532.163
853,285.3,233577256.137
854,285.4,237305665.893
855,285.5,238797743.288
856,285.6,237417315.582
857,285.7,233083848.446
858,285.8,227828544.962
859,285.9,225770568.952
860,286.0,230409730.987
861,286.1,240799999.999
862,286.2,250390287.616
863,286.3,249813661.006
864,286.4,232500000.001
865,286.5,199061486.205
866,286.6,157261820.132
867,286.7,117370904.851
868,286.8,87818833.747
869,286.9,72215571.635
870,287.0,69957649.708
871,287.1,79295515.063
872,287.2,100271417.347
873,287.3,135766919.054
874,287.4,188916199.417
875,287.5,258799999.996
876,287.6,336871762.382
877,287.7,408551497.62
878,287.8,460112277.315
879,287.9,486867270.038
880,288.0,497150934.766
881,288.1,507219318.888
882,288.2,529031691.706
883,288.3,560881434.19
884,288.4,587392873.941
885,288.5,589286163.319
886,288.6,556200000.003
887,288.7,493024382.963
888,288.8,415586892.663
889,288.9,341000000.003
890,289.0,278630677.688
891,289.1,228846989.664
892,289.2,186660663.812
893,289.3,147416239.247
894,289.4,109997725.75
895,289.5,76016441.397
896,289.6,48081708.461
897,289.7,27632328.601
898,289.8,14358377.037
899,289.9,6740116.529
900,290.0,2870000.0
901,290.1,1174718.238
902,290.2,670710.289
903,290.3,968796.065
904,290.4,2223511.805
905,290.5,5095654.32
906,290.6,10716029.344
907,290.7,20486498.669
908,290.8,35560916.048
909,290.9,56104839.407
910,291.0,80385393.219
911,291.1,104599999.999
912,291.2,123479899.254
913,291.3,132157798.42
914,291.4,128100000.001
915,291.5,112374337.953
916,291.6,89139877.155
917,291.7,63923646.009
918,291.8,41634173.106
919,291.9,25175891.354
920,292.0,15469164.955
921,292.1,12210947.111
922,292.2,14814970.897
923,292.3,22859524.655
924,292.4,36050396.145
925,292.5,53999999.999
926,292.6,76078635.566
927,292.7,101567888.384
928,292.8,129585863.607
929,292.9,158971478.06
930,293.0,187738979.071
931,293.1,213953149.582
932,293.2,236281934.565
933,293.3,255802308.595
934,293.4,275398982.742
935,293.5,298309401.663
936,293.6,325899999.998
937,293.7,357120674.07
938,293.8,389405621.812
939,293.9,420899999.998
940,294.0,450689712.97
941,294.1,478853806.467
942,294.2,503984891.434
943,294.3,522276327.125
944,294.4,527720123.895
945,294.5,514300214.4
946,294.6,479356134.092
947,294.7,425593692.211
948,294.8,362420224.472
949,294.9,303168751.639
950,295.0,261800000.002
951,295.1,248309771.887
952,295.2,265461652.344
953,295.3,307529379.824
954,295.4,362546178.604
955,295.5,415717883.833
956,295.6,453855174.94
957,295.7,468498753.325
958,295.8,456536313.62
959,295.9,419327792.459
960,296.0,362071860.628
961,296.1,292400000.004
962,296.2,219805301.205
963,296.3,153315908.07
964,296.4,99550000.003
965,296.5,61037726.418
966,296.6,36689543.682
967,296.7,23151996.828
968,296.8,16667499.282
969,296.9,14347009.88
970,297.0,14553800.07
971,297.1,16781194.729
972,297.2,21253945.369
973,297.3,28728896.545
974,297.4,40407806.753
975,297.5,57579999.999
976,297.6,80908587.398
977,297.7,109366866.739
978,297.8,139311693.677
979,297.9,165137447.984
980,298.0,181417659.533
981,298.1,186102438.321
982,298.2,183152935.549
983,298.3,182864179.468
984,298.4,198826342.831
985,298.5,242431341.056
986,298.6,316899999.995
987,298.7,412554753.694
988,298.8,507902201.662
989,298.9,575699999.997
990,299.0,593682488.997
991,299.1,554483206.537
992,299.2,468117309.832
993,299.3,356959726.911
994,299.4,245909714.459
995,299.5,153270009.326
996,299.6,86876678.378
997,299.7,45513790.437
998,299.8,23148121.919
999,299.9,12783038.017
1000,300.0,8819000.0
1001,300.1,7546324.309
1002,300.2,6967775.588
1003,300.3,6223676.843
1004,300.4,5152074.427
1005,300.5,3957756.752
1006,300.6,3019076.351
1007,300.7,2869556.004
1008,300.8,4390840.043
1009,300.9,9191015.357
1010,301.0,20066286.711
1011,301.1,41139999.998
1012,301.2,77329719.368
1013,301.3,132554363.777
1014,301.4,206899999.995
1015,301.5,294329779.204
1016,301.6,381785479.186
1017,301.7,452331926.341
1018,301.8,491302527.108
1019,301.9,492071318.47
1020,302.0,458295637.378
1021,302.1,402678945.051
1022,302.2,340365393.046
1023,302.3,284255615.513
1024,302.4,242489526.926
1025,302.5,219000000.001
1026,302.6,214527631.272
1027,302.7,227176758.954
1028,302.8,250908693.221
1029,302.9,275617064.311
1030,303.0,290084593.72
1031,303.1,286074858.113
1032,303.2,262784696.114
1033,303.3,228168452.18
1034,303.4,196289362.637
1035,303.5,182112769.492
1036,303.6,196299999.998
1037,303.7,241808306.608
1038,303.8,312375000.555
1039,303.9,396099999.995
1040,304.0,480920252.419
1041,304.1,560086990.053
1042,304.2,634477098.459
1043,304.3,709466466.917
1044,304.4,786893172.974
1045,304.5,860285398.913
1046,304.6,916233909.482
1047,304.7,944136758.913
1048,304.8,945301136.137
1049,304.9,935774668.314
1050,305.0,937699999.999
1051,305.1,965484733.257
1052,305.2,1016352000.169
1053,305.3,1073107980.502
1054,305.4,1110404165.91
1055,305.5,1115523617.014
1056,305.6,1085633462.274
1057,305.7,1032292517.808
1058,305.8,975508768.352
1059,305.9,940365077.346
1060,306.0,958306814.507
1061,306.1,1061999999.991
1062,306.2,1277497044.529
1063,306.3,1602710371.841
1064,306.4,1997999999.975
1065,306.5,2395184070.809
1066,306.6,2716159334.56
1067,306.7,2922346966.48
1068,306.8,3031007420.332
1069,306.9,3121949133.537
1070,307.0,3295575102.787
1071,307.1,3624606495.762
1072,307.2,4119137574.325
1073,307.3,4723001876.501
1074,307.4,5335381477.225
1075,307.5,5853999999.973
1076,307.6,6194335426.541
1077,307.7,6301136405.821
1078,307.8,6149840047.594
1079,307.9,5740249180.342
1080,308.0,5122717582.283
1081,308.1,4401206856.436
1082,308.2,3730966920.347
1083,308.3,3289716191.969
1084,308.4,3212472655.336
1085,308.5,3540344446.815
1086,308.6,4184999999.954
1087,308.7,4938438233.771
1088,308.8,5534899619.195
1089,308.9,5749000000.002
1090,309.0,5476288870.934
1091,309.1,4769385789.448
1092,309.2,3802862828.784
1093,309.3,2793651746.974
1094,309.4,1921290045.932
1095,309.5,1280033437.259
1096,309.6,877454772.419
1097,309.7,667953070.466
1098,309.8,593220949.569
1099,309.9,610194000.565
1100,310.0,699799999.992
1101,310.1,857800153.785
1102,310.2,1077281289.928
1103,310.3,1336501491.338
1104,310.4,1588920465.563
1105,310.5,1780299377.609
1106,310.6,1862543539.975
1107,310.7,1815157929.051
1108,310.8,1648786481.577
1109,310.9,1402806278.358
1110,311.0,1127823363.763
1111,311.1,870400000.015
1112,311.2,662096340.807
1113,311.3,517528453.014
1114,311.4,438600000.003
1115,311.5,417952010.002
1116,311.6,442045749.385
1117,311.7,491576419.806
1118,311.8,543948987.306
1119,311.9,577356236.829
1120,312.0,577072980.858
1121,312.1,540541743.376
1122,312.2,478244796.333
1123,312.3,409712276.665
1124,312.4,357042267.158
1125,312.5,336700000.0
1126,312.6,355002049.626
1127,312.7,406799419.53
1128,312.8,477735584.772
1129,312.9,549142925.528
1130,313.0,603772487.596
1131,313.1,629844588.334
1132,313.2,623401839.222
1133,313.3,588571272.418
1134,313.4,536201489.968
1135,313.5,480918212.235
1136,313.6,437100000.002
1137,313.7,414382324.718
1138,313.8,414591275.835
1139,313.9,431099999.999
1140,314.0,452332801.709
1141,314.1,467014529.336
1142,314.2,468860320.867
1143,314.3,457980530.105
1144,314.4,439919339.996
1145,314.5,421900406.85
1146,314.6,410403110.07
1147,314.7,409518448.564
1148,314.8,421197806.779
1149,314.9,445997913.348
1150,315.0,483199999.997
1151,315.1,530683300.699
1152,315.2,584331598.96
1153,315.3,639738991.714
1154,315.4,695976785.616
1155,315.5,760618642.278
1156,315.6,853048123.082
1157,315.7,1001149140.676
1158,315.8,1229362397.774
1159,315.9,1542942007.205
1160,316.0,1915972622.872
1161,316.1,2288999999.977
1162,316.2,2593218532.669
1163,316.3,2773836826.718
1164,316.4,2816000000.001
1165,316.5,2749632839.461
1166,316.6,2624989186.553
1167,316.7,2482705759.228
1168,316.8,2335134309.694
1169,316.9,2160892058.951
1170,317.0,1934397926.818
1171,317.1,1643616449.355
1172,317.2,1306820393.677
1173,317.3,962720389.65
1174,317.4,653342130.597
1175,317.5,408200000.014
1176,317.6,236552231.844
1177,317.7,131249093.178
1178,317.8,76344648.362
1179,317.9,55250530.927
1180,318.0,54878553.757
1181,318.1,67720287.826
1182,318.2,92360145.733
1183,318.3,134246718.858
1184,318.4,205666994.353
1185,318.5,324619716.735
1186,318.6,509199999.985
1187,318.7,768642482.869
1188,318.8,1091671140.183
1189,318.9,1439999999.977
1190,319.0,1751822821.927
1191,319.1,1958332445.669
1192,319.2,2010485732.43
1193,319.3,1895782798.183
1194,319.4,1653780259.435
1195,319.5,1352616596.946
1196,319.6,1073884637.469
1197,319.7,882501263.846
1198,319.8,812809149.227
1199,319.9,863396469.982
1200,320.0,1000999999.989
1201,320.1,1173808303.811
1202,320.2,1320550956.516
1203,320.3,1390484138.92
1204,320.4,1354466715.336
1205,320.5,1216391997.598
1206,320.6,1005903273.064
1207,320.7,768577318.838
1208,320.8,550906596.129
1209,320.9,388474044.263
1210,321.0,303111034.934
1211,321.1,305899999.997
1212,321.2,400929364.149
1213,321.3,586755620.689
1214,321.4,852899999.979
1215,321.5,1176240822.689
1216,321.6,1520437782.214
1217,321.7,1844487993.076
1218,321.8,2115175017.623
1219,321.9,2316488971.848
1220,322.0,2458144309.703
1221,322.1,2562575156.89
1222,322.2,2652968857.508
1223,322.3,2746566200.473
1224,322.4,2853904110.625
1225,322.5,2992999999.989
1226,322.6,3195346187.574
1227,322.7,3515943570.884
1228,322.8,4023436269.268
1229,322.9,4798293330.311
1230,323.0,5912022803.105
1231,323.1,7405518035.984
1232,323.2,9254636993.904
1233,323.3,11337519118.459
1234,323.4,13411559796.083
1235,323.5,15202999476.977
1236,323.6,16419999999.94
1237,323.7,16876367533.574
1238,323.8,16528120606.324
1239,323.9,15490000000.094
1240,324.0,13936812084.821
1241,324.1,12111788358.603
1242,324.2,10200561964.95
1243,324.3,8380775973.704
1244,324.4,6781515196.365
1245,324.5,5504925476.345
1246,324.6,4608246279.434
1247,324.7,4093867815.797
1248,324.8,3911955987.916
1249,324.9,3964509076.028
1250,325.0,4136999999.986
1251,325.1,4313215094.525
1252,325.2,4401632333.653
1253,325.3,4345078330.416
1254,325.4,4129415575.657
1255,325.5,3786599743.807
1256,325.6,3391780845.707
1257,325.7,3039708226.063
1258,325.8,2813713745.407
1259,325.9,2750908003.96
1260,326.0,2820618213.666
1261,326.1,2938999999.992
1262,326.2,3000209865.223
1263,326.3,2921360741.321
1264,326.4,2675000000.023
1265,326.5,2300718614.501
1266,326.6,1880978351.387
1267,326.7,1509222140.12
1268,326.8,1253395145.399
1269,326.9,1139912323.645
1270,327.0,1150470671.671
1271,327.1,1239391885.399
1272,327.2,1352156823.425
1273,327.3,1449135382.145
1274,327.4,1513843789.93
1275,327.5,1550999999.998
1276,327.6,1579751039.844
1277,327.7,1611112410.819
1278,327.8,1646260179.281
1279,327.9,1670742598.231
1280,328.0,1671640763.558
1281,328.1,1642944938.078
1282,328.2,1595117274.77
1283,328.3,1552059023.71
1284,328.4,1538547008.259
1285,328.5,1565174244.374
1286,328.6,1621999999.995
1287,328.7,1675466264.858
1288,328.8,1684022501.027
1289,328.9,1614000000.008
1290,329.0,1454226890.627
1291,329.1,1219838130.886
1292,329.2,948156750.28
1293,329.3,680184502.335
1294,329.4,449501570.38
1295,329.5,273489500.732
1296,329.6,153037155.275
1297,329.7,78917491.931
1298,329.8,37913191.092
1299,329.9,17995215.205
1300,330.0,10790000.0
1301,330.1,11766515.899
1302,330.2,19711443.982
1303,330.3,35531816.226
1304,330.4,61275822.762
1305,330.5,99022164.962
1306,330.6,149523277.957
1307,330.7,212184167.49
1308,330.8,283795922.076
1309,330.9,360364334.964
1310,331.0,437022862.393
1311,331.1,510499999.995
1312,331.2,579750818.162
1313,331.3,646983899.575
1314,331.4,718899999.994
1315,331.5,807248285.639
1316,331.6,928653232.057
1317,331.7,1102172226.478
1318,331.8,1343549207.856
1319,331.9,1657986030.515
1320,332.0,2028610011.069
1321,332.1,2415090570.596
1322,332.2,2762553879.379
1323,332.3,3017512181.703
1324,332.4,3148743970.808
1325,332.5,3162000000.003
1326,332.6,3098132478.736
1327,332.7,3013214825.311
1328,332.8,2951723187.834
1329,332.9,2932186662.46
1330,333.0,2942415994.031
1331,333.1,2953365076.662
1332,333.2,2941419326.181
1333,333.3,2900966079.271
1334,333.4,2853740224.961
1335,333.5,2842173864.924
1336,333.6,2921999999.989
1337,333.7,3143658951.578
1338,333.8,3539115773.758
1339,333.9,4098999999.952
1340,334.0,4779829926.725
1341,334.1,5517241107.779
1342,334.2,6268930753.646
1343,334.3,7062217119.147
1344,334.4,7999632885.062
1345,334.5,9227525314.661
1346,334.6,10846641130.576
1347,334.7,12837187447.558
1348,334.8,14988159948.233
1349,334.9,16954696292.08
1350,335.0,18359999999.921
1351,335.1,18933420953.528
1352,335.2,18588693013.638
1353,335.3,17470185631.68
1354,335.4,15853995883.102
1355,335.5,14108044780.909
1356,335.6,12575547831.875
1357,335.7,11527804962.535
1358,335.8,11064058571.336
1359,335.9,11136958365.746
1360,336.0,11505578605.048
1361,336.1,11859999999.983
1362,336.2,11878390614.099
1363,336.3,11405557351.23
1364,336.4,10480000000.084
1365,336.5,9337803420.057
1366,336.6,8315056599.682
1367,336.7,7725269570.634
1368,336.8,7756641933.53
1369,336.9,8406816312.489
1370,337.0,9489731574.391
1371,337.1,10687020970.061
1372,337.2,11622315295.57
1373,337.3,12012237983.193
1374,337.4,11691957852.199
1375,337.5,10700000000.099
1376,337.6,9269463014.425
1377,337.7,7704489916.664
1378,337.8,6325901838.94
1379,337.9,5355852310.7
1380,338.0,4878634469.082
1381,338.1,4842580761.993
1382,338.2,5096722400.891
1383,338.3,5442766992.188
1384,338.4,5695868399.462
1385,338.5,5725670628.955
1386,338.6,5480000000.03
1387,338.7,4984412355.141
1388,338.8,4322963905.518
1389,338.9,3601000000.056
1390,339.0,2916178244.285
1391,339.1,2336151367.49
1392,339.2,1890519757.521
1393,339.3,1572757873.459
1394,339.4,1351385023.891
1395,339.5,1187035640.045
1396,339.6,1042426164.071
1397,339.7,894457322.256
1398,339.8,738649760.441
1399,339.9,583081797.625
1400,340.0,441300000.01
1401,340.1,324189801.696
1402,340.2,235816200.386
1403,340.3,173232620.935
1404,340.4,129833767.339
1405,340.5,98577617.541
1406,340.6,74233425.04
1407,340.7,54185309.475
1408,340.8,37617858.603
1409,340.9,24524406.523
1410,341.0,14903076.839
1411,341.1,8406000.0
1412,341.2,4388595.255
1413,341.3,2118612.125
1414,341.4,945200.0
1415,341.5,389342.084
1416,341.6,148109.19
1417,341.7,52076.276
1418,341.8,16895.095
1419,341.9,5092.553
1420,342.0,1432.852
1421,342.1,385.0
1422,342.2,107.344
1423,342.3,37.863
1424,342.4,30.123
1425,342.5,83.52
1426,342.6,353.009
1427,342.7,1501.885
1428,342.8,5946.407
1429,342.9,21820.445
1430,343.0,74234.239
1431,343.1,233325.543
1432,343.2,678163.971
1433,343.3,1827165.32
1434,343.4,4553658.259
1435,343.5,10500629.058
1436,343.6,22409999.999
1437,343.7,44249198.409
1438,343.8,80866971.877
1439,343.9,136699999.995
1440,344.0,213954934.791
1441,344.1,309850754.672
1442,344.2,415386896.001
1443,344.3,515516947.151
1444,344.4,593028001.953
1445,344.5,632926808.373
1446,344.6,628518345.755
1447,344.7,584069151.295
1448,344.8,513469846.619
1449,344.9,435933390.544
1450,345.0,369900000.005
1451,345.1,328142981.284
1452,345.2,315372098.94
1453,345.3,329053222.754
1454,345.4,361475499.153
1455,345.5,403020132.894
1456,345.6,444521650.752
1457,345.7,478880816.321
1458,345.8,502330985.651
1459,345.9,513256187.837
1460,346.0,511533720.556
1461,346.1,497300000.002
1462,346.2,470442095.712
1463,346.3,431322032.122
1464,346.4,381300000.005
1465,346.5,323621173.883
1466,346.6,263062592.937
1467,346.7,205066111.23
1468,346.8,154860633.9
1469,346.9,116378857.052
1470,347.0,92730366.309
1471,347.1,85604513.616
1472,347.2,95704250.078
1473,347.3,122069400.804
1474,347.4,161596749.24
1475,347.5,208399999.996
1476,347.6,254372513.252
1477,347.7,290835005.112
1478,347.8,310597331.288
1479,347.9,310427636.599
1480,348.0,291622975.625
1481,348.1,259635750.73
1482,348.2,222235027.532
1483,348.3,186792387.465
1484,348.4,158943706.59
1485,348.5,142345010.141
1486,348.6,138300000.0
1487,348.7,146680601.023
1488,348.8,165347944.974
1489,348.9,190199999.998
1490,349.0,215721629.729
1491,349.1,235247144.124
1492,349.2,243175099.57
1493,349.3,236987322.065
1494,349.4,218094266.723
1495,349.5,192373823.768
1496,349.6,169551183.299
1497,349.7,161338797.602
1498,349.8,180253873.396
1499,349.9,237713191.958
1500,350.0,341199999.989
1501,350.1,492011682.91
1502,350.2,682144543.287
1503,350.3,894167744.688
1504,350.4,1103870081.334
1505,350.5,1286023878.098
1506,350.6,1422123965.391
1507,350.7,1502676119.666
1508,350.8,1530908117.027
1509,350.9,1512001744.714
1510,351.0,1454382656.171
1511,351.1,1362000000.009
1512,351.2,1237484366.201
1513,351.3,1085567292.734
1514,351.4,918100000.015
1515,351.5,751238052.3
1516,351.6,602938217.558
1517,351.7,486500507.966
1518,351.8,406717448.32
1519,351.9,358840966.877
1520,352.0,331490086.449
1521,352.1,311127729.429
1522,352.2,287312865.793
1523,352.3,255190489.74
1524,352.4,216033693.335
1525,352.5,176500000.003
1526,352.6,146200779.269
1527,352.7,136184274.047
1528,352.8,158760448.935
1529,352.9,225811812.491
1530,353.0,347739816.881
1531,353.1,529279115.803
1532,353.2,764700175.912
1533,353.3,1033554820.441
1534,353.4,1300129899.152
1535,353.5,1520627170.601
1536,353.6,1651999999.993
1537,353.7,1667088459.086
1538,353.8,1563452181.705
1539,353.9,1361000000.021
1540,354.0,1100583023.432
1541,354.1,826800509.357
1542,354.2,576865816.592
1543,354.3,373899897.817
1544,354.4,225273187.332
1545,354.5,126718018.774
1546,354.6,67859754.136
1547,354.7,38103810.697
1548,354.8,29973937.437
1549,354.9,41282167.116
1550,355.0,75769999.996
1551,355.1,142581576.002
1552,355.2,254549031.023
1553,355.3,423995515.182
1554,355.4,657174399.027
1555,355.5,947604465.383
1556,355.6,1270792740.27
1557,355.7,1588445071.186
1558,355.8,1851378842.526
1559,355.9,2021200926.202
1560,356.0,2081411456.879
1561,356.1,2050000000.006
1562,356.2,1979414381.101
1563,356.3,1949464007.711
1564,356.4,2046999999.983
1565,356.5,2353046746.243
1566,356.6,2931039183.92
1567,356.7,3817989154.641
1568,356.8,5015856237.045
1569,356.9,6481704560.033
1570,357.0,8124405164.139
1571,357.1,9798536957.184
1572,357.2,11322259963.522
1573,357.3,12524318234.13
1574,357.4,13257708452.836
1575,357.5,13470000000.005
1576,357.6,13175485195.161
1577,357.7,12470541004.696
1578,357.8,11482286935.704
1579,357.9,10337503895.382
1580,358.0,9133345771.745
1581,358.1,7931418944.401
1582,358.2,6776735548.171
1583,358.3,5706744182.34
1584,358.4,4764359790.695
1585,358.5,4000118500.603
1586,358.6,3448000000.04
1587,358.7,3119205449.74
1588,358.8,2980753932.633
1589,358.9,2960999999.999
1590,359.0,2971669861.005
1591,359.1,2926183170.693
1592,359.2,2770795475.321
1593,359.3,2493720200.403
1594,359.4,2121608216.904
1595,359.5,1704811309.641
1596,359.6,1295396727.711
1597,359.7,935796094.791
1598,359.8,646165278.148
1599,359.9,430284958.789
1600,360.0,280400000.011
1601,360.1,185764908.981
1602,360.2,139840551.896
1603,360.3,146401749.806
1604,360.4,224472405.011
1605,360.5,414357031.305
1606,360.6,778406858.281
1607,360.7,1397536370.474
1608,360.8,2352453263.954
1609,360.9,3697952670.706
1610,361.0,5418331387.268
1611,361.1,7396999999.812
1612,361.2,9407684728.951
1613,361.3,11150888543.29
1614,361.4,12309999999.929
1615,361.5,12664828547.448
1616,361.6,12142970923.206
1617,361.7,10852307081.266
1618,361.8,9039684140.393
1619,361.9,7034924279.202
1620,362.0,5139436896.225
1621,362.1,3575928190.16
1622,362.2,2469549090.462
1623,362.3,1858520517.416
1624,362.4,1732576460.169
1625,362.5,2053999999.951
1626,362.6,2771940956.004
1627,362.7,3806708511.131
1628,362.8,5037208929.58
1629,362.9,6289072175.294
1630,363.0,7360706999.612
1631,363.1,8056382010.622
1632,363.2,8249070867.413
1633,363.3,7917018660.331
1634,363.4,7162560980.746
1635,363.5,6182454327.622
1636,363.6,5221000000.081
1637,363.7,4503678173.138
1638,363.8,4184304142.407
1639,363.9,4316999999.968
1640,364.0,4846622995.23
1641,364.1,5630041085.854
1642,364.2,6466949488.291
1643,364.3,7150084612.354
1644,364.4,7517693061.448
1645,364.5,7485329426.905
1646,364.6,7065471505.456
1647,364.7,6354025904.765
1648,364.8,5490386422.318
1649,364.9,4615337697.581
1650,365.0,3831000000.067
1651,365.1,3184393798.093
1652,365.2,2673723982.353
1653,365.3,2264528014.443
1654,365.4,1919122037.974
1655,365.5,1609489477.795
1656,365.6,1327031776.736
1657,365.7,1075975326.352
1658,365.8,866729119.424
1659,365.9,704946980.853
1660,366.0,587898498.248
1661,366.1,505400000.007
1662,366.2,443547420.508
1663,366.3,390031880.186
1664,366.4,336600000.005
1665,366.5,280696971.983
1666,366.6,223930925.634
1667,366.7,170192947.85
1668,366.8,123611327.045
1669,366.9,86830602.662
1670,367.0,61187984.17
1671,367.1,46452904.185
1672,367.2,41610285.878
1673,367.3,45308481.341
1674,367.4,55913453.748
1675,367.5,71459999.998
1676,367.6,89433971.933
1677,367.7,106705446.247
1678,367.8,120177950.447
1679,367.9,126959687.264
1680,368.0,125695369.594
1681,368.1,116349203.461
1682,368.2,100757077.921
1683,368.3,81600343.991
1684,368.4,61903093.883
1685,368.5,44084079.306
1686,368.6,29640000.001
1687,368.7,19051095.124
1688,368.8,11967734.512
1689,368.9,7633000.0
1690,369.0,5166721.103
1691,369.1,3816043.762
1692,369.2,3050594.88
1693,369.3,2577494.538
1694,369.4,2320388.899
1695,369.5,2383408.105
1696,369.6,3052043.878
1697,369.7,4805356.367
1698,369.8,8329442.874
1699,369.9,14477539.872
1700,370.0,24149999.999
1701,370.1,37989635.071
1702,370.2,56038091.296
1703,370.3,77358728.124
1704,370.4,99902705.924
1705,370.5,120566419.237
1706,370.6,136142381.262
1707,370.7,143707476.568
1708,370.8,141893461.915
1709,370.9,131112137.582
1710,371.0,113530240.23
1711,371.1,92500000.002
1712,371.2,71683128.735
1713,371.3,54206939.514
1714,371.4,42320000.001
1715,371.5,37219772.707
1716,371.6,39218843.464
1717,371.7,47842064.626
1718,371.8,61906435.155
1719,371.9,79535413.367
1720,372.0,98223667.652
1721,372.1,115119565.86
1722,372.2,127584548.639
1723,372.3,133536875.048
1724,372.4,132460458.64
1725,372.5,124900000.001
1726,372.6,112495260.872
1727,372.7,97622666.87
1728,372.8,82462915.47
1729,372.9,68756401.892
1730,373.0,57771507.019
1731,373.1,50503191.091
1732,373.2,48239001.519
1733,373.3,52917801.141
1734,373.4,67347389.769
1735,373.5,94842178.086
1736,373.6,138199999.995
1737,373.7,198708625.449
1738,373.8,274094417.378
1739,373.9,358199999.992
1740,374.0,441018204.002
1741,374.1,510454277.17
1742,374.2,555319583.759
1743,374.3,568279495.528
1744,374.4,548693219.968
1745,374.5,501977651.033
1746,374.6,438825530.743
1747,374.7,372827486.704
1748,374.8,317697630.775
1749,374.9,287259271.613
1750,375.0,296199999.997
1751,375.1,361871115.904
1752,375.2,505867130.238
1753,375.3,752722399.291
1754,375.4,1125351766.024
1755,375.5,1636355787.062
1756,375.6,2276942635.806
1757,375.7,3007686049.745
1758,375.8,3759335477.209
1759,375.9,4435308443.02
1760,376.0,4936305860.814
1761,376.1,5177999999.991
1762,376.2,5117255522.857
1763,376.3,4762641421.327
1764,376.4,4174000000.068
1765,376.5,3444418054.06
1766,376.6,2675253439.911
1767,376.7,1956327681.44
1768,376.8,1346584443.72
1769,376.9,871858248.496
1770,377.0,531873120.34
1771,377.1,306018065.137
1772,377.2,166570710.827
1773,377.3,86313921.182
1774,377.4,43064895.445
1775,377.5,21170000.002
1776,377.6,10665080.863
1777,377.7,5944951.408
1778,377.8,4111678.447
1779,377.9,3877267.545
1780,378.0,4751535.617
1781,378.1,6585985.487
1782,378.2,9318671.41
1783,378.3,12826245.166
1784,378.4,16838758.121
1785,378.5,20969291.34
1786,378.6,24690000.0
1787,378.7,27481748.464
1788,378.8,28913178.137
1789,378.9,28750000.0
1790,379.0,27027973.721
1791,379.1,24008679.927
1792,379.2,20162672.419
1793,379.3,15996811.343
1794,379.4,11987558.21
1795,379.5,8477211.611
1796,379.6,5658250.676
1797,379.7,3561216.162
1798,379.8,2112284.554
1799,379.9,1180255.676
1800,380.0,620800.0
1801,380.1,307245.589
1802,380.2,143080.082
1803,380.3,62609.787
1804,380.4,25751.711
1805,380.5,9952.754
1806,380.6,3612.695
1807,380.7,1229.239
1808,380.8,393.91
1809,380.9,118.262
1810,381.0,33.318
1811,381.1,8.818
1812,381.2,2.189
1813,381.3,0.508
1814,381.4,0.111
1815,381.5,0.023
1816,381.6,0.004
1817,381.7,0.001
1818,381.8,0.0
1819,381.9,0.0
1820,382.0,0.0
1821,382.1,0.0
1822,382.2,0.0
1823,382.3,0.0
1824,382.4,0.0
1825,382.5,0.0
1826,382.6,0.0
1827,382.7,0.0
1828,382.8,0.001
1829,382.9,0.007
1830,383.0,0.036
1831,383.1,0.163
1832,383.2,0.694
1833,383.3,2.793
1834,383.4,10.511
1835,383.5,37.278
1836,383.6,124.4
1837,383.7,389.606
1838,383.8,1149.707
1839,383.9,3192.0
1840,384.0,8350.407
1841,384.1,20598.692
1842,384.2,47987.554
1843,384.3,105731.255
1844,384.4,220967.776
1845,384.5,439138.033
1846,384.6,833109.329
1847,384.7,1513411.282
1848,384.8,2645847.845
1849,384.9,4465508.376
1850,385.0,7299000.0
1851,385.1,11558941.188
1852,385.2,17733571.955
1853,385.3,26293587.575
1854,385.4,37532984.533
1855,385.5,51406803.999
1856,385.6,67286730.223
1857,385.7,83893077.767
1858,385.8,99389649.92
1859,385.9,111696255.211
1860,386.0,118897829.203
1861,386.1,120000000.0
1862,386.2,115064059.713
1863,386.3,105059936.159
1864,386.4,91810000.001
1865,386.5,77462766.766
1866,386.6,63750247.125
1867,386.7,51848391.702
1868,386.8,42195551.474
1869,386.9,34704654.351
1870,387.0,28985387.44
1871,387.1,24594898.342
1872,387.2,21200935.423
1873,387.3,18675015.473
1874,387.4,17069571.625
1875,387.5,16560000.0
1876,387.6,17411353.871
1877,387.7,19813631.103
1878,387.8,23830035.574
1879,387.9,29232187.343
1880,388.0,35462067.964
1881,388.1,41681497.417
1882,388.2,46848590.524
1883,388.3,50046841.833
1884,388.4,50650418.096
1885,388.5,48546464.182
1886,388.6,44200000.001
1887,388.7,38574159.781
1888,388.8,33038772.136
1889,388.9,29200000.0
1890,389.0,28907046.382
1891,389.1,34345922.957
1892,389.2,48063723.144
1893,389.3,72886085.395
1894,389.4,111581919.829
1895,389.5,165953301.105
1896,389.6,235776993.549
1897,389.7,318121548.799
1898,389.8,406027444.707
1899,389.9,490274848.195
1900,390.0,560099999.994
1901,390.1,606441487.516
1902,390.2,624508110.885
1903,390.3,615187950.08
1904,390.4,585228681.12
1905,390.5,545442244.441
1906,390.6,507973781.39
1907,390.7,483044404.03
1908,390.8,476644700.572
1909,390.9,489603320.699
1910,391.0,517409681.065
1911,391.1,551299999.996
1912,391.2,580817537.793
1913,391.3,595680403.24
1914,391.4,588600000.002
1915,391.5,556283539.356
1916,391.6,500786026.091
1917,391.7,428321440.904
1918,391.8,347442969.578
1919,391.9,267183847.233
1920,392.0,195002934.394
1921,392.1,135423175.149
1922,392.2,90073052.502
1923,392.3,58160766.197
1924,392.4,37353999.489
1925,392.5,24850000.001
1926,392.6,18021490.542
1927,392.7,14778030.72
1928,392.8,13665503.407
1929,392.9,13743570.342
1930,393.0,14407503.501
1931,393.1,15241371.137
1932,393.2,15930747.691
1933,393.3,16238022.141
1934,393.4,15977650.352
1935,393.5,15091893.546
1936,393.6,13640000.0
1937,393.7,11803727.259
1938,393.8,9839813.324
1939,393.9,8052000.0
1940,394.0,6727644.227
1941,394.1,6104028.396
1942,394.2,6341216.86
1943,394.3,7505640.063
1944,394.4,9549492.007
1945,394.5,12311857.856
1946,394.6,15533752.106
1947,394.7,18879694.45
1948,394.8,22073394.524
1949,394.9,24912329.839
1950,395.0,27390000.0
1951,395.1,29722637.764
1952,395.2,32219757.121
1953,395.3,35218120.055
1954,395.4,38864415.052
1955,395.5,43021897.214
1956,395.6,47233827.112
1957,395.7,50786197.665
1958,395.8,52954560.612
1959,395.9,53155537.499
1960,396.0,51161803.713
1961,396.1,47130000.001
1962,396.2,41576974.257
1963,396.3,35162148.678
1964,396.4,28590000.001
1965,396.5,22427641.302
1966,396.6,17022873.351
1967,396.7,12534216.085
1968,396.8,8994168.799
1969,396.9,6314883.379
1970,397.0,4390904.329
1971,397.1,3133176.118
1972,397.2,2484182.278
1973,397.3,2433631.09
1974,397.4,3012872.462
1975,397.5,4279000.0
1976,397.6,6281980.188
1977,397.7,9021962.086
1978,397.8,12412556.915
1979,397.9,16242395.922
1980,398.0,20227369.826
1981,398.1,24009996.905
1982,398.2,27312642.586
1983,398.3,29970438.83
1984,398.4,32015312.364
1985,398.5,33615835.201
1986,398.6,35030000.0
1987,398.7,36478869.224
1988,398.8,38057287.954
1989,398.9,39760000.0
1990,399.0,41486654.679
1991,399.1,43181891.768
1992,399.2,44907837.603
1993,399.3,46821269.937
1994,399.4,49089368.207
1995,399.5,51771810.161
1996,399.6,54635754.687
1997,399.7,57222386.499
1998,399.8,58860767.004
1999,399.9,58901583.996
2000,400.0,56940000.0
2001,400.1,52931745.001
2002,400.2,47289154.989
2003,400.3,40704083.4
2004,400.4,34017081.429
2005,400.5,27959071.186
2006,400.6,23026402.164
2007,400.7,19460795.593
2008,400.8,17251863.662
2009,400.9,16252182.57
2010,401.0,16388195.098
2011,401.1,17700000.0
2012,401.2,20502753.442
2013,401.3,25365164.209
2014,401.4,33039999.999
2015,401.5,44346577.828
2016,401.6,59929767.785
2017,401.7,80014218.054
2018,401.8,104218122.021
2019,401.9,131221618.583
2020,402.0,159062058.899
2021,402.1,185293874.982
2022,402.2,207062027.595
2023,402.3,222090859.961
2024,402.4,228887433.235
2025,402.5,226900000.001
2026,402.6,216670247.408
2027,402.7,199881299.824
2028,402.8,178513093.995
2029,402.9,154600589.849
2030,403.0,130117494.877
2031,403.1,106620221.948
2032,403.2,84978811.047
2033,403.3,65938309.643
2034,403.4,49789836.297
2035,403.5,36634451.251
2036,403.6,26370000.001
2037,403.7,18781602.87
2038,403.8,13539320.522
2039,403.9,10270000.0
2040,404.0,8577244.085
2041,404.1,8089165.795
2042,404.2,8497721.274
2043,404.3,9570061.845
2044,404.4,11157080.755
2045,404.5,13183367.666
2046,404.6,15700820.708
2047,404.7,18760537.383
2048,404.8,22467118.754
2049,404.9,26858193.979
2050,405.0,31849999.999
2051,405.1,37166492.684
2052,405.2,42342994.7
2053,405.3,46779897.866
2054,405.4,49815912.423
2055,405.5,50971061.901
2056,405.6,50009448.334
2057,405.7,47044847.069
2058,405.8,42531381.759
2059,405.9,37131327.841
2060,406.0,31531275.105
2061,406.1,26340000.001
2062,406.2,21945687.245
2063,406.3,18483366.25
2064,406.4,15900000.0
2065,406.5,14002432.89
2066,406.6,12570896.854
2067,406.7,11400935.496
2068,406.8,10366775.907
2069,406.9,9432707.412
2070,407.0,8634113.547
2071,407.1,8045035.166
2072,407.2,7749620.613
2073,407.3,7813955.265
2074,407.4,8275037.502
2075,407.5,9136000.0
2076,407.6,10368737.196
2077,407.7,11920035.852
2078,407.8,13696012.777
2079,407.9,15606325.717
2080,408.0,17489186.483
2081,408.1,19173837.421
2082,408.2,20473889.075
2083,408.3,21229133.493
2084,408.4,21336410.783
2085,408.5,20759005.333
2086,408.6,19560000.0
2087,408.7,17859026.494
2088,408.8,15843716.351
2089,408.9,13710000.0
2090,409.0,11621175.979
2091,409.1,9738176.321
2092,409.2,8138148.219
2093,409.3,6852163.129
2094,409.4,5861708.813
2095,409.5,5111863.005
2096,409.6,4531295.843
2097,409.7,4047373.254
2098,409.8,3604565.247
2099,409.9,3166089.233
2100,410.0,2719000.0
2101,410.1,2270061.156
2102,410.2,1836092.735
2103,410.3,1439717.54
2104,410.4,1101558.162
2105,410.5,836492.756
2106,410.6,651986.031
2107,410.7,546788.545
2108,410.8,512629.8
2109,410.9,534930.271
2110,411.0,594787.414
2111,411.1,671000.0
2112,411.2,742177.366
2113,411.3,790251.453
2114,411.4,802900.0
2115,411.5,775331.116
2116,411.6,710814.018
2117,411.7,619690.197
2118,411.8,517122.413
2119,411.9,421259.937
2120,412.0,352348.259
2121,412.1,333640.315
2122,412.2,394540.665
2123,412.3,573614.579
2124,412.4,920960.049
2125,412.5,1498000.0
2126,412.6,2365167.206
2127,412.7,3575289.752
2128,412.8,5148324.767
2129,412.9,7059148.161
2130,413.0,9226949.092
2131,413.1,11521241.7
2132,413.2,13798461.202
2133,413.3,15911621.239
2134,413.4,17766209.337
2135,413.5,19313725.57
2136,413.6,20560000.0
2137,413.7,21523830.238
2138,413.8,22211896.246
2139,413.9,22570000.0
2140,414.0,22512495.603
2141,414.1,21941629.585
2142,414.2,20799329.346
2143,414.3,19101213.525
2144,414.4,16953767.837
2145,414.5,14532318.748
2146,414.6,12049355.176
2147,414.7,9699831.617
2148,414.8,7636653.534
2149,414.9,5967256.976
2150,415.0,4776000.0
2151,415.1,4164698.806
2152,415.2,4304181.022
2153,415.3,5482997.483
2154,415.4,8142429.809
2155,415.5,12868453.997
2156,415.6,20315641.058
2157,415.7,31091337.174
2158,415.8,45568863.472
2159,415.9,63608493.341
2160,416.0,84482419.799
2161,416.1,106699999.997
2162,416.2,128378156.322
2163,416.3,147308125.004
2164,416.4,161699999.999
2165,416.5,170515360.849
2166,416.6,173665782.689
2167,416.7,172188915.337
2168,416.8,167494828.125
2169,416.9,160990936.684
2170,417.0,153871083.838
2171,417.1,146289247.272
2172,417.2,138085483.672
2173,417.3,128449004.164
2174,417.4,116973006.595
2175,417.5,103400000.002
2176,417.6,88105106.618
2177,417.7,72148599.359
2178,417.8,56632417.548
2179,417.9,42666194.182
2180,418.0,31027294.175
2181,418.1,22087392.669
2182,418.2,15780797.564
2183,418.3,11765613.652
2184,418.4,9510193.27
2185,418.5,8430069.036
2186,418.6,8010000.0
2187,418.7,7835640.789
2188,418.8,7629256.747
2189,418.9,7244000.0
2190,419.0,6638484.586
2191,419.1,5853085.351
2192,419.2,4966399.604
2193,419.3,4069527.632
2194,419.4,3239911.097
2195,419.5,2532786.024
2196,419.6,1976629.682
2197,419.7,1580778.373
2198,419.8,1342257.451
2199,419.9,1248678.252
2200,420.0,1286000.0
2201,420.1,1433559.354
2202,420.2,1665708.107
2203,420.3,1956792.677
2204,420.4,2275122.242
2205,420.5,2597295.091
2206,420.6,2908334.13
2207,420.7,3204140.517
2208,420.8,3492196.609
2209,420.9,3785956.517
2210,421.0,4096260.103
2211,421.1,4425000.0
2212,421.2,4760535.253
2213,421.3,5076724.003
2214,421.4,5343000.0
2215,421.5,5523167.526
2216,421.6,5592474.749
2217,421.7,5541458.016
2218,421.8,5374230.914
2219,421.9,5117187.769
2220,422.0,4809206.069
2221,422.1,4495742.604
2222,422.2,4219031.04
2223,422.3,4018111.221
2224,422.4,3918583.371
2225,422.5,3942000.0
2226,422.6,4107035.759
2227,422.7,4449921.651
2228,422.8,5040628.588
2229,422.9,6030647.121
2230,423.0,7735301.75
2231,423.1,10808695.85
2232,423.2,16553915.896
2233,423.3,27482334.658
2234,423.4,48063703.244
2235,423.5,85818710.073
2236,423.6,152299999.989
2237,423.7,264008444.62
2238,423.8,441767073.532
2239,423.9,708999999.959
2240,424.0,1086747497.777
2241,424.1,1587869416.37
2242,424.2,2208948393.622
2243,424.3,2922728636.591
2244,424.4,3676181343.749
2245,424.5,4394898384.686
2246,424.6,4993449415.696
2247,424.7,5390830483.525
2248,424.8,5529542968.854
2249,424.9,5388664503.449
2250,425.0,4990000000.065
2251,425.1,4389411930.297
2252,425.2,3669026152.487
2253,425.3,2913108481.864
2254,425.4,2197191050.218
2255,425.5,1574864285.746
2256,425.6,1072402411.409
2257,425.7,693686534.665
2258,425.8,426481542.642
2259,425.9,249193848.485
2260,426.0,138472075.916
2261,426.1,73350000.006
2262,426.2,37237146.149
2263,426.3,18366921.185
2264,426.4,9099000.001
2265,426.5,4833089.623
2266,426.6,2992870.339
2267,426.7,2230874.408
2268,426.8,1889608.104
2269,426.9,1675647.132
2270,427.0,1479125.364
2271,427.1,1276013.304
2272,427.2,1079912.447
2273,427.3,926008.772
2274,427.4,856204.543
2275,427.5,927700.0
2276,427.6,1220539.971
2277,427.7,1859489.825
2278,427.8,3034994.407
2279,427.9,5035621.503
2280,428.0,8270411.429
2281,428.1,13289503.53
2282,428.2,20739601.418
2283,428.3,31374557.727
2284,428.4,45867831.553
2285,428.5,64776831.843
2286,428.6,88309999.997
2287,428.7,116306972.583
2288,428.8,147974300.484
2289,428.9,182499999.995
2290,429.0,218329465.102
2291,429.1,254380971.035
2292,429.2,289446799.515
2293,429.3,323001309.726
2294,429.4,354718568.092
2295,429.5,384836571.21
2296,429.6,413289455.319
2297,429.7,439953798.658
2298,429.8,464231448.927
2299,429.9,485145708.672
2300,430.0,501799999.998
2301,430.1,514006379.146
2302,430.2,522932800.134
2303,430.3,532063850.649
2304,430.4,547276061.905
2305,430.5,576964753.642
2306,430.6,630991538.144
2307,430.7,719345516.593
2308,430.8,850013816.115
2309,430.9,1026286461.102
2310,431.0,1245851672.089
2311,431.1,1497999999.965
2312,431.2,1765834332.181
2313,431.3,2028062012.006
2314,431.4,2263999999.972
2315,431.5,2455057307.745
2316,431.6,2593111081.71
2317,431.7,2675915983.743
2318,431.8,2708257495.388
2319,431.9,2699725794.048
2320,432.0,2658638849.406
2321,432.1,2590494404.517
2322,432.2,2496896776.385
2323,432.3,2374204270.197
2324,432.4,2221357528.991
2325,432.5,2036000000.026
2326,432.6,1822392232.379
2327,432.7,1586819979.244
2328,432.8,1341276381.507
2329,432.9,1096830205.666
2330,433.0,868397204.67
2331,433.1,665261167.483
2332,433.2,494652758.646
2333,433.3,359401836.969
2334,433.4,258230695.298
2335,433.5,187125647.361
2336,433.6,140100000.005
2337,433.7,110602484.492
2338,433.8,92551329.3
2339,433.9,80850000.001
2340,434.0,71897872.081
2341,434.1,63534777.56
2342,434.2,54793022.722
2343,434.3,45633231.437
2344,434.4,36447161.258
2345,434.5,27829935.979
2346,434.6,20280154.688
2347,434.7,14080246.701
2348,434.8,9317659.814
2349,434.9,5868919.824
2350,435.0,3525000.0
2351,435.1,2021749.516
2352,435.2,1120655.667
2353,435.3,627069.828
2354,435.4,410370.287
2355,435.5,402538.825
2356,435.6,598822.596
2357,435.7,1061848.078
2358,435.8,1936210.562
2359,435.9,3478838.021
2360,436.0,6107759.438
2361,436.1,10479999.999
2362,436.2,17593762.883
2363,436.3,28898150.536
2364,436.4,46409999.997
2365,436.5,72653002.499
2366,436.6,110556122.798
2367,436.7,163088634.63
2368,436.8,232367263.145
2369,436.9,318773662.116
2370,437.0,420086158.699
2371,437.1,530921843.545
2372,437.2,642159885.428
2373,437.3,742787181.989
2374,437.4,820686796.017
2375,437.5,865599999.996
2376,437.6,871279673.336
2377,437.7,836616425.155
2378,437.8,766511685.377
2379,437.9,670032206.394
2380,438.0,559285132.498
2381,438.1,446546795.511
2382,438.2,342089146.702
2383,438.3,253172574.961
2384,438.4,183474605.134
2385,438.5,133768694.807
2386,438.6,102800000.003
2387,438.7,88427783.683
2388,438.8,88457775.788
2389,438.9,101399999.997
2390,439.0,126496423.82
2391,439.1,163561429.948
2392,439.2,212535360.128
2393,439.3,273234617.067
2394,439.4,344651567.001
2395,439.5,424227481.371
2396,439.6,508233339.527
2397,439.7,590952647.09
2398,439.8,665607012.868
2399,439.9,724660600.327
2400,440.0,761299999.997
2401,440.1,770761896.551
2402,440.2,751150403.665
2403,440.3,704784308.03
2404,440.4,637409827.398
2405,440.5,558183560.389
2406,440.6,477459668.714
2407,440.7,405450072.135
2408,440.8,350766992.281
2409,440.9,319031227.118
2410,441.0,312038579.613
2411,441.1,328099999.996
2412,441.2,362093658.254
2413,441.3,406393385.368
2414,441.4,451899999.994
2415,441.5,489588991.283
2416,441.6,511887293.205
2417,441.7,513679409.419
2418,441.8,493405234.768
2419,441.9,453171866.256
2420,442.0,397414103.076
2421,442.1,332820824.637
2422,442.2,265960524.946
2423,442.3,202904414.311
2424,442.4,147655366.094
2425,442.5,102500000.005
2426,442.6,67963920.343
2427,442.7,43008882.474
2428,442.8,26074583.113
2429,442.9,15309368.939
2430,443.0,9036668.834
2431,443.1,5982544.91
2432,443.2,5338112.3
2433,443.3,6757774.834
2434,443.4,10283306.192
2435,443.5,16247304.039
2436,443.6,25109999.999
2437,443.7,37322219.735
2438,443.8,53065376.602
2439,443.9,72129999.997
2440,444.0,93683746.532
2441,444.1,116378290.385
2442,444.2,138293544.817
2443,444.3,157384742.023
2444,444.4,171697986.482
2445,444.5,179816267.948
2446,444.6,181270150.251
2447,444.7,176214413.256
2448,444.8,166004549.554
2449,444.9,152158816.82
2450,445.0,136600000.002
2451,445.1,120845531.846
2452,445.2,106071721.142
2453,445.3,93009726.294
2454,445.4,81843795.32
2455,445.5,72594853.412
2456,445.6,65133290.711
2457,445.7,59460943.435
2458,445.8,55790898.38
2459,445.9,54589065.43
2460,446.0,56549810.863
2461,446.1,62369999.999
2462,446.2,72645188.286
2463,446.3,87485541.604
2464,446.4,106399999.997
2465,446.5,128050393.539
2466,446.6,150354920.0
2467,446.7,170883147.066
2468,446.8,186744752.595
2469,446.9,195828360.611
2470,447.0,196690680.636
2471,447.1,188881351.139
2472,447.2,173581857.286
2473,447.3,152582843.106
2474,447.4,128483622.223
2475,447.5,103800000.003
2476,447.6,80914169.157
2477,447.7,61280298.621
2478,447.8,45808814.812
2479,447.9,34658482.358
2480,448.0,27507658.983
2481,448.1,23746743.845
2482,448.2,22652168.078
2483,448.3,23529519.036
2484,448.4,25715319.094
2485,448.5,28666734.837
2486,448.6,31860000.0
2487,448.7,34897139.938
2488,448.8,37458868.88
2489,448.9,39420000.0
2490,449.0,40851014.743
2491,449.1,42122391.774
2492,449.2,43865295.933
2493,449.3,46830009.409
2494,449.4,51841046.011
2495,449.5,59495333.267
2496,449.6,70036121.417
2497,449.7,83148778.899
2498,449.8,97921648.655
2499,449.9,112857496.779
2500,450.0,126199999.998
2501,450.1,136003723.8
2502,450.2,140991793.526
2503,450.3,140141247.286
2504,450.4,133421970.315
2505,450.5,121787450.341
2506,450.6,106561232.896
2507,450.7,89469365.347
2508,450.8,72354995.865
2509,450.9,56648657.886
2510,451.0,43344530.985
2511,451.1,32900000.001
2512,451.2,25346735.735
2513,451.3,20329134.262
2514,451.4,17380000.0
2515,451.5,15935718.432
2516,451.6,15510065.653
2517,451.7,15708570.818
2518,451.8,16242742.032
2519,451.9,16994835.108
2520,452.0,17934708.556
2521,452.1,19205787.992
2522,452.2,21074276.811
2523,452.3,23989418.736
2524,452.4,28499167.457
2525,452.5,35309999.999
2526,452.6,45080384.25
2527,452.7,58364697.589
2528,452.8,75388485.931
2529,452.9,95848828.191
2530,453.0,118819698.23
2531,453.1,142662005.84
2532,453.2,165250829.609
2533,453.3,184109755.386
2534,453.4,197179622.543
2535,453.5,202928449.881
2536,453.6,200900000.001
2537,453.7,191960276.24
2538,453.8,178413356.888
2539,453.9,163300000.002
2540,454.0,150363950.04
2541,454.1,143151555.651
2542,454.2,144952235.907
2543,454.3,157653876.251
2544,454.4,182044859.864
2545,454.5,216886721.803
2546,454.6,259320600.253
2547,454.7,304967764.644
2548,454.8,348347136.652
2549,454.9,383929208.717
2550,455.0,406899999.998
2551,455.1,413799185.983
2552,455.2,403772830.071
2553,455.3,378118420.174
2554,455.4,340403057.892
2555,455.5,295392561.792
2556,455.6,248575315.227
2557,455.7,204704919.355
2558,455.8,167550936.445
2559,455.9,139317513.159
2560,456.0,120734919.312
2561,456.1,111300000.001
2562,456.2,109994750.901
2563,456.3,115037037.943
2564,456.4,125199999.998
2565,456.5,139276034.143
2566,456.6,156388628.863
2567,456.7,175719339.668
2568,456.8,196446350.873
2569,456.9,217188815.001
2570,457.0,236041642.728
2571,457.1,250941404.863
2572,457.2,259645529.631
2573,457.3,260322296.835
2574,457.4,252080141.045
2575,457.5,235200000.003
2576,457.6,210989101.197
2577,457.7,181640717.414
2578,457.8,150010437.265
2579,457.9,118689576.891
2580,458.0,90012250.17
2581,458.1,65350277.937
2582,458.2,45420902.917
2583,458.3,30207791.793
2584,458.4,19228815.205
2585,458.5,11715336.14
2586,458.6,6829000.001
2587,458.7,3809060.965
2588,458.8,2032401.011
2589,458.9,1038000.0
2590,459.0,506878.059
2591,459.1,236880.419
2592,459.2,105990.94
2593,459.3,45314.86
2594,459.4,18583.979
2595,459.5,7356.637
2596,459.6,2962.407
2597,459.7,1605.205
2598,459.8,1905.502
2599,459.9,3866.893
2600,460.0,8641.0
2601,460.1,18882.581
2602,460.2,39659.598
2603,460.3,79784.086
2604,460.4,153780.147
2605,460.5,283851.625
2606,460.6,502225.73
2607,460.7,851349.943
2608,460.8,1382683.946
2609,460.9,2152767.491
2610,461.0,3215183.474
2611,461.1,4605000.0
2612,461.2,6330854.031
2613,461.3,8357015.466
2614,461.4,10600000.0
2615,461.5,12928179.751
2616,461.6,15192027.272
2617,461.7,17194092.499
2618,461.8,18789400.487
2619,461.9,19837735.566
2620,462.0,20286364.301
2621,462.1,20102532.619
2622,462.2,19335040.991
2623,462.3,18086392.353
2624,462.4,16448221.96
2625,462.5,14560000.0
2626,462.6,12549204.505
2627,462.7,10524902.865
2628,462.8,8608639.77
2629,462.9,6881130.129
2630,463.0,5416010.232
2631,463.1,4260277.968
2632,463.2,3438932.012
2633,463.3,2954508.076
2634,463.4,2786266.692
2635,463.5,2897505.579
2636,463.6,3231000.0
2637,463.7,3719841.53
2638,463.8,4290720.34
2639,463.9,4869000.0
2640,464.0,5385975.06
2641,464.1,5789211.799
2642,464.2,6045589.399
2643,464.3,6144774.11
2644,464.4,6097749.215
2645,464.5,5932175.09
2646,464.6,5686931.131
2647,464.7,5403114.124
2648,464.8,5116092.623
2649,464.9,4857758.574
2650,465.0,4648000.0
2651,465.1,4498310.992
2652,465.2,4420258.321
2653,465.3,4426077.458
2654,465.4,4547316.811
2655,465.5,4850290.135
2656,465.6,5468676.008
2657,465.7,6633263.382
2658,465.8,8710188.037
2659,465.9,12230865.962
2660,466.0,17891608.29
2661,466.1,26529999.998
2662,466.2,39002769.5
2663,466.3,56073631.943
2664,466.4,78119999.996
2665,466.5,104992259.89
2666,466.6,135736758.043
2667,466.7,168511812.606
2668,466.8,200842893.052
2669,466.9,229540658.149
2670,467.0,251628321.367
2671,467.1,264565193.855
2672,467.2,266707106.699
2673,467.3,257772438.951
2674,467.4,238979368.484
2675,467.5,212400000.004
2676,467.6,181257398.728
2677,467.7,148499655.257
2678,467.8,116860704.449
2679,467.9,88564188.435
2680,468.0,64714051.772
2681,468.1,45785010.145
2682,468.2,31513092.648
2683,468.3,21255549.586
2684,468.4,14190956.455
2685,468.5,9473395.893
2686,468.6,6384000.0
2687,468.7,4369156.013
2688,468.8,3036548.992
2689,468.9,2129000.0
2690,469.0,1492880.02
2691,469.1,1037357.629
2692,469.2,712586.776
2693,469.3,488239.635
2694,469.4,346924.434
2695,469.5,278374.947
2696,469.6,279168.203
2697,469.7,352367.733
2698,469.8,507844.611
2699,469.9,760650.376
2700,470.0,1129000.0
2701,470.1,1628755.702
2702,470.2,2270657.36
2703,470.3,3052102.585
2704,470.4,3954059.135
2705,470.5,4936394.265
2706,470.6,5941629.734
2707,470.7,6899571.632
2708,470.8,7732367.626
2709,470.9,8371305.717
2710,471.0,8762423.003
2711,471.1,8881000.0
2712,471.2,8729109.092
2713,471.3,8340280.152
2714,471.4,7773000.0
2715,471.5,7097703.381
2716,471.6,6393452.662
2717,471.7,5736354.165
2718,471.8,5194361.156
2719,471.9,4828113.545
2720,472.0,4685102.91
2721,472.1,4807907.603
2722,472.2,5225937.198
2723,472.3,5962234.319
2724,472.4,7022013.916
2725,472.5,8396000.0
2726,472.6,10060458.145
2727,472.7,11972529.382
2728,472.8,14090543.508
2729,472.9,16382212.151
2730,473.0,18827181.467
2731,473.1,21429891.343
2732,473.2,24258214.398
2733,473.3,27361416.713
2734,473.4,30811579.722
2735,473.5,34679252.239
2736,473.6,38939999.999
2737,473.7,43542303.447
2738,473.8,48295479.375
2739,473.9,52929999.999
2740,474.0,57082136.329
2741,474.1,60354896.501
2742,474.2,62375880.349
2743,474.3,62828082.165
2744,474.4,61562020.586
2745,474.5,58590393.118
2746,474.6,54131288.445
2747,474.7,48577221.074
2748,474.8,42430132.52
2749,474.9,36250574.822
2750,475.0,30560000.001
2751,475.1,25796419.419
2752,475.2,22227070.319
2753,475.3,19960798.989
2754,475.4,18937778.04
2755,475.5,18953871.402
2756,475.6,19684814.53
2757,475.7,20753506.197
2758,475.8,21782160.689
2759,475.9,22450265.459
2760,476.0,22517665.95
2761,476.1,21850000.0
2762,476.2,20468489.172
2763,476.3,18459030.699
2764,476.4,16030000.0
2765,476.5,13390893.843
2766,476.6,10773329.869
2767,476.7,8368051.543
2768,476.8,6301075.727
2769,476.9,4648317.86
2770,477.0,3429167.337
2771,477.1,2619321.933
2772,477.2,2167872.444
2773,477.3,2009262.737
2774,477.4,2070091.227
2775,477.5,2277000.0
2776,477.6,2561525.001
2777,477.7,2857442.802
2778,477.8,3111040.554
2779,477.9,3276308.185
2780,478.0,3325967.737
2781,478.1,3248564.706
2782,478.2,3050517.987
2783,478.3,2753024.838
2784,478.4,2387993.686
2785,478.5,1989324.334
2786,478.6,1593000.0
2787,478.7,1227105.051
2788,478.8,909071.021
2789,478.9,650900.0
2790,479.0,454822.179
2791,479.1,318833.406
2792,479.2,238940.901
2793,479.3,212332.297
2794,479.4,238723.733
2795,479.5,322073.028
2796,479.6,469366.588
2797,479.7,689868.162
2798,479.8,991605.457
2799,479.9,1377873.474
2800,480.0,1844000.0
2801,480.1,2371328.556
2802,480.2,2932321.729
2803,480.3,3484380.008
2804,480.4,3978303.627
2805,480.5,4366680.377
2806,480.6,4608797.392
2807,480.7,4680463.582
2808,480.8,4579015.77
2809,480.9,4325846.112
2810,481.0,3961126.304
2811,481.1,3539000.0
2812,481.2,3116335.118
2813,481.3,2749188.302
2814,481.4,2475000.0
2815,481.5,2317565.628
2816,481.6,2276506.243
2817,481.7,2335643.574
2818,481.8,2461392.502
2819,481.9,2613068.954
2820,482.0,2746387.359
2821,482.1,2824548.846
2822,482.2,2822272.126
2823,482.3,2726305.733
2824,482.4,2540744.784
2825,482.5,2284000.0
2826,482.6,1982680.362
2827,482.7,1668417.062
2828,482.8,1374364.019
2829,482.9,1128925.888
2830,483.0,957216.78
2831,483.1,877577.225
2832,483.2,902300.4
2833,483.3,1038286.824
2834,483.4,1283665.088
2835,483.5,1631281.981
2836,483.6,2063000.0
2837,483.7,2548872.357
2838,483.8,3052118.435
2839,483.9,3528000.0
2840,484.0,3931323.667
2841,484.1,4224209.382
2842,484.2,4383672.765
2843,484.3,4407108.775
2844,484.4,4317662.872
2845,484.5,4159940.798
2846,484.6,3997943.596
2847,484.7,3903793.594
2848,484.8,3949159.826
2849,484.9,4188312.587
2850,485.0,4651000.0
2851,485.1,5334192.54
2852,485.2,6193976.836
2853,485.3,7154895.742
2854,485.4,8115454.864
2855,485.5,8961036.629
2856,485.6,9585986.307
2857,485.7,9910035.143
2858,485.8,9892664.751
2859,485.9,9542430.059
2860,486.0,8917920.084
2861,486.1,8117000.0
2862,486.2,7265249.207
2863,486.3,6497848.318
2864,486.4,5944000.0
2865,486.5,5709210.842
2866,486.6,5870465.676
2867,486.7,6461673.474
2868,486.8,7475257.687
2869,486.9,8853233.909
2870,487.0,10503168.568
2871,487.1,12269170.771
2872,487.2,14013725.089
2873,487.3,15558117.701
2874,487.4,16776988.173
2875,487.5,17570000.0
2876,487.6,17902413.956
2877,487.7,17827855.575
2878,487.8,17418562.701
2879,487.9,16831646.773
2880,488.0,16173737.644
2881,488.1,15585307.445
2882,488.2,15105290.847
2883,488.3,14741958.054
2884,488.4,14440276.403
2885,488.5,14107961.975
2886,488.6,13660000.0
2887,488.7,12998965.574
2888,488.8,12100190.854
2889,488.9,10950000.0
2890,489.0,9613668.314
2891,489.1,8166427.054
2892,489.2,6703721.351
2893,489.3,5316469.714
2894,489.4,4078401.723
2895,489.5,3042639.055
2896,489.6,2239012.014
2897,489.7,1680845.122
2898,489.8,1378258.171
2899,489.9,1343612.699
2900,490.0,1602000.0
2901,490.1,2193501.217
2902,490.2,3173092.17
2903,490.3,4601618.3
2904,490.4,6528608.585
2905,490.5,8974208.277
2906,490.6,11913223.29
2907,490.7,15240944.687
2908,490.8,18800496.526
2909,490.9,22344219.037
2910,491.0,25602154.915
2911,491.1,28270000.0
2912,491.2,30084093.172
2913,491.3,30865617.711
2914,491.4,30540000.0
2915,491.5,29145672.037
2916,491.6,26846248.381
2917,491.7,23892309.444
2918,491.8,20570116.839
2919,491.9,17182174.358
2920,492.0,13997001.656
2921,492.1,11216527.193
2922,492.2,8945733.357
2923,492.3,7235102.542
2924,492.4,6054249.282
2925,492.5,5326000.0
2926,492.6,4938738.251
2927,492.7,4773120.581
2928,492.8,4712781.242
2929,492.9,4662168.75
2930,493.0,4551118.311
2931,493.1,4343394.463
2932,493.2,4028791.322
2933,493.3,3623486.592
2934,493.4,3156634.134
2935,493.5,2668896.455
2936,493.6,2196000.0
2937,493.7,1769315.116
2938,493.8,1406152.949
2939,493.9,1114000.0
2940,494.0,891252.467
2941,494.1,727107.899
2942,494.2,608357.33
2943,494.3,520942.155
2944,494.4,452569.967
2945,494.5,394243.029
2946,494.6,340539.63
2947,494.7,289133.094
2948,494.8,239885.264
2949,494.9,194199.187
2950,495.0,154300.0
2951,495.1,122060.555
2952,495.2,99652.695
2953,495.3,88963.308
2954,495.4,92027.155
2955,495.5,111275.84
2956,495.6,149709.763
2957,495.7,211010.633
2958,495.8,299656.271
2959,495.9,420235.577
2960,496.0,578175.425
2961,496.1,778700.0
2962,496.2,1027987.092
2963,496.3,1332701.03
2964,496.4,1702000.0
2965,496.5,2149328.827
2966,496.6,2693360.631
2967,496.7,3361417.769
2968,496.8,4193954.405
2969,496.9,5246890.39
2970,497.0,6594494.249
2971,497.1,8325395.074
2972,497.2,10547022.322
2973,497.3,13351378.129
2974,497.4,16828620.562
2975,497.5,21009999.999
2976,497.6,25886512.087
2977,497.7,31320194.486
2978,497.8,37118447.262
2979,497.9,42985794.914
2980,498.0,48560722.908
2981,498.1,53529874.917
2982,498.2,57600357.526
2983,498.3,60610368.392
2984,498.4,62531167.07
2985,498.5,63463644.467
2986,498.6,63630000.0
2987,498.7,63281328.024
2988,498.8,62652007.415
2989,498.9,61930000.0
2990,499.0,61187336.283
2991,499.1,60435775.624
2992,499.2,59625247.321
2993,499.3,58698381.277
2994,499.4,57607794.227
2995,499.5,56359085.44
2996,499.6,54988824.004
2997,499.7,53545940.712
2998,499.8,52092449.719
2999,499.9,50670803.736
3000,500.0,49290000.0
3001,500.1,47952982.423
3002,500.2,46660301.106
3003,500.3,45440557.454
3004,500.4,44306899.772
3005,500.5,43337081.018
3006,500.6,42575557.48
3007,500.7,42094474.192
3008,500.8,41929298.298
3009,500.9,42073530.985
3010,501.0,42497747.131
3011,501.1,43140000.0
3012,501.2,43884305.131
3013,501.3,44681851.784
3014,501.4,45450000.0
3015,501.5,46229774.054
3016,501.6,47161633.923
3017,501.7,48539428.112
3018,501.8,50845723.811
3019,501.9,54776315.906
3020,502.0,61177872.111
3021,502.1,71010555.46
3022,502.2,85258512.154
3023,502.3,104746199.808
3024,502.4,129855964.545
3025,502.5,160599999.994
3026,502.6,195921898.007
3027,502.7,234346337.989
3028,502.8,273442783.896
3029,502.9,309896959.904
3030,503.0,340748791.034
3031,503.1,362830275.247
3032,503.2,373780899.338
3033,503.3,372517073.605
3034,503.4,358936872.89
3035,503.5,334495882.703
3036,503.6,301500000.006
3037,503.7,263125378.495
3038,503.8,222284999.083
3039,503.9,182000000.007
3040,504.0,144698168.549
3041,504.1,111685692.962
3042,504.2,83914375.424
3043,504.3,61446390.802
3044,504.4,43941029.693
3045,504.5,30741060.415
3046,504.6,21066029.512
3047,504.7,14173619.956
3048,504.8,9381067.573
3049,504.9,6128039.082
3050,505.0,3981000.0
3051,505.1,2620326.039
3052,505.2,1822529.584
3053,505.3,1434622.29
3054,505.4,1362204.477
3055,505.5,1545002.741
3056,505.6,1952046.814
3057,505.7,2561151.005
3058,505.8,3355305.24
3059,505.9,4310533.8
3060,506.0,5391384.113
3061,506.1,6549000.0
3062,506.2,7724545.432
3063,506.3,8852922.991
3064,506.4,9870000.0
3065,506.5,10728719.378
3066,506.6,11398398.541
3067,506.7,11892692.372
3068,506.8,12245964.16
3069,506.9,12529897.923
3070,507.0,12881102.592
3071,507.1,13416625.075
3072,507.2,14322072.27
3073,507.3,15770903.862
3074,507.4,17925419.608
3075,507.5,20909999.999
3076,507.6,24791111.9
3077,507.7,29557872.89
3078,507.8,35101762.644
3079,507.9,41157469.518
3080,508.0,47402092.888
3081,508.1,53406652.951
3082,508.2,58703520.109
3083,508.3,62836078.348
3084,508.4,65431577.788
3085,508.5,66240777.202
3086,508.6,65190000.0
3087,508.7,62360397.252
3088,508.8,58009405.52
3089,508.9,52520000.001
3090,509.0,46355095.153
3091,509.1,39972160.312
3092,509.2,33801902.951
3093,509.3,28177524.279
3094,509.4,23327798.627
3095,509.5,19364272.387
3096,509.6,16271562.815
3097,509.7,13954302.589
3098,509.8,12263347.337
3099,509.9,11034092.239
3100,510.0,10090000.0
3101,510.1,9284716.989
3102,510.2,8522448.099
3103,510.3,7741099.224
3104,510.4,6921816.153
3105,510.5,6077682.171
3106,510.6,5240601.77
3107,510.7,4448539.802
3108,510.8,3736732.755
3109,510.9,3130990.373
3110,511.0,2641442.465
3111,511.1,2263000.0
3112,511.2,1982518.647
3113,511.3,1774855.975
3114,511.4,1616000.0
3115,511.5,1482541.144
3116,511.6,1355623.51
3117,511.7,1225618.198
3118,511.8,1086166.615
3119,511.9,938539.351
3120,512.0,788346.273
3121,512.1,641950.098
3122,512.2,505998.117
3123,512.3,385769.019
3124,512.4,284183.547
3125,512.5,202500.0
3126,512.6,139798.526
3127,512.7,94089.306
3128,512.8,62931.973
3129,512.9,44029.97
3130,513.0,35730.787
3131,513.1,37427.41
3132,513.2,49783.111
3133,513.3,74908.699
3134,513.4,116157.484
3135,513.5,178263.702
3136,513.6,266200.0
3137,513.7,385194.735
3138,513.8,539046.8
3139,513.9,729400.0
3140,514.0,954492.35
3141,514.1,1207168.417
3142,514.2,1476316.442
3143,514.3,1747366.257
3144,514.4,2001295.114
3145,514.5,2218559.281
3146,514.6,2381791.624
3147,514.7,2477416.793
3148,514.8,2499094.916
3149,514.9,2444995.934
3150,515.0,2322000.0
3151,515.1,2143392.895
3152,515.2,1925064.202
3153,515.3,1682189.691
3154,515.4,1433355.926
3155,515.5,1192232.962
3156,515.6,968732.136
3157,515.7,772074.647
3158,515.8,606428.966
3159,515.9,474744.727
3160,516.0,378415.202
3161,516.1,318600.0
3162,516.2,297032.841
3163,516.3,315781.802
3164,516.4,377500.0
3165,516.5,484912.154
3166,516.6,639367.772
3167,516.7,840043.641
3168,516.8,1082418.749
3169,516.9,1356357.246
3170,517.0,1648498.518
3171,517.1,1937851.935
3172,517.2,2204512.223
3173,517.3,2424504.627
3174,517.4,2581070.056
3175,517.5,2659000.0
3176,517.6,2656980.917
3177,517.7,2580134.35
3178,517.8,2443235.928
3179,517.9,2269323.656
3180,518.0,2084805.892
3181,518.1,1920109.699
3182,518.2,1800101.444
3183,518.3,1747036.053
3184,518.4,1776012.519
3185,518.5,1895634.193
3186,518.6,2104000.0
3187,518.7,2392723.154
3188,518.8,2745802.546
3189,518.9,3140000.0
3190,519.0,3546293.365
3191,519.1,3932116.705
3192,519.2,4266230.071
3193,519.3,4521084.299
3194,519.4,4675581.545
3195,519.5,4720580.019
3196,519.6,4659810.871
3197,519.7,4508264.507
3198,519.8,4292546.375
3199,519.9,4047978.6
3200,520.0,3810000.0
3201,520.1,3616408.163
3202,520.2,3494014.089
3203,520.3,3463409.651
3204,520.4,3531764.942
3205,520.5,3694096.176
3206,520.6,3933560.73
3207,520.7,4221212.676
3208,520.8,4525021.584
3209,520.9,4812460.795
3210,521.0,5054539.921
3211,521.1,5236000.0
3212,521.2,5358556.187
3213,521.3,5440502.289
3214,521.4,5520000.0
3215,521.5,5644671.515
3216,521.6,5869715.321
3217,521.7,6241926.572
3218,521.8,6793035.207
3219,521.9,7529684.255
3220,522.0,8431443.031
3221,522.1,9451367.676
3222,522.2,10531749.338
3223,522.3,11603443.901
3224,522.4,12638142.898
3225,522.5,13650000.0
3226,522.6,14703543.398
3227,522.7,15994743.45
3228,522.8,17767736.866
3229,522.9,20357817.374
3230,523.0,24141134.879
3231,523.1,29506023.989
3232,523.2,36728226.097
3233,523.3,45957940.135
3234,523.4,57112078.005
3235,523.5,69829384.917
3236,523.6,83469999.997
3237,523.7,97124120.549
3238,523.8,109697099.727
3239,523.9,120199999.998
3240,524.0,127483463.122
3241,524.1,130817521.434
3242,524.2,130016893.333
3243,524.3,124884721.329
3244,524.4,116153838.747
3245,524.5,104428657.663
3246,524.6,90902967.976
3247,524.7,76585222.336
3248,524.8,62480551.961
3249,524.9,49417486.05
3250,525.0,37950000.002
3251,525.1,28359725.695
3252,525.2,20714407.574
3253,525.3,14893126.411
3254,525.4,10647326.489
3255,525.5,7697951.381
3256,525.6,5737328.357
3257,525.7,4492623.122
3258,525.8,3736234.696
3259,525.9,3286498.989
3260,526.0,3011642.468
3261,526.1,2821000.0
3262,526.2,2656115.75
3263,526.3,2483821.915
3264,526.4,2289000.0
3265,526.5,2068694.198
3266,526.6,1829458.381
3267,526.7,1579867.157
3268,526.8,1332421.673
3269,526.9,1098358.901
3270,527.0,887147.289
3271,527.1,705706.547
3272,527.2,558540.475
3273,527.3,447332.8
3274,527.4,371486.178
3275,527.5,328500.0
3276,527.6,314283.184
3277,527.7,323632.484
3278,527.8,350482.143
3279,527.9,388160.441
3280,528.0,430041.324
3281,528.1,469579.893
3282,528.2,501170.865
3283,528.3,520126.249
3284,528.4,523721.07
3285,528.5,510884.719
3286,528.6,482500.0
3287,528.7,441026.751
3288,528.8,390073.92
3289,528.9,333800.0
3290,529.0,276374.935
3291,529.1,221353.288
3292,529.2,171500.109
3293,529.3,128531.241
3294,529.4,93233.124
3295,529.5,65409.753
3296,529.6,44398.773
3297,529.7,29151.596
3298,529.8,18515.113
3299,529.9,11375.337
3300,530.0,6764.0
3301,530.1,3890.637
3302,530.2,2164.072
3303,530.3,1165.755
3304,530.4,607.441
3305,530.5,307.846
3306,530.6,154.424
3307,530.7,83.304
3308,530.8,62.455
3309,530.9,82.285
3310,531.0,153.862
3311,531.1,313.1
3312,531.2,632.498
3313,531.3,1243.266
3314,531.4,2370.0
3315,531.5,4375.148
3316,531.6,7823.653
3317,531.7,13546.453
3318,531.8,22743.956
3319,531.9,36983.665
3320,532.0,58307.85
3321,532.1,89178.099
3322,532.2,132294.404
3323,532.3,190736.724
3324,532.4,267090.968
3325,532.5,364000.0
3326,532.6,483341.948
3327,532.7,626226.044
3328,532.8,793268.363
3329,532.9,984616.535
3330,533.0,1199289.669
3331,533.1,1437991.28
3332,533.2,1701153.137
3333,533.3,1987879.335
3334,533.4,2301891.688
3335,533.5,2643015.016
3336,533.6,3013000.0
3337,533.7,3416161.352
3338,533.8,3853642.831
3339,533.9,4333000.0
3340,534.0,4860982.075
3341,534.1,5448776.472
3342,534.2,6111923.826
3343,534.3,6861701.208
3344,534.4,7714003.358
3345,534.5,8673015.076
3346,534.6,9734172.847
3347,534.7,10890016.352
3348,534.8,12105464.801
3349,534.9,13329257.591
3350,535.0,14510000.0
3351,535.1,15585967.747
3352,535.2,16486202.24
3353,535.3,17143010.846
3354,535.4,17504878.349
3355,535.5,17545322.392
3356,535.6,17221788.999
3357,535.7,16546219.338
3358,535.8,15545508.02
3359,535.9,14279100.362
3360,536.0,12810582.584
3361,536.1,11220000.0
3362,536.2,9610718.272
3363,536.3,8057116.621
3364,536.4,6643000.0
3365,536.5,5427478.843
3366,536.6,4455413.208
3367,536.7,3743729.671
3368,536.8,3293515.576
3369,536.9,3085765.405
3370,537.0,3083971.495
3371,537.1,3243246.377
3372,537.2,3508697.469
3373,537.3,3824257.803
3374,537.4,4134396.149
3375,537.5,4391000.0
3376,537.6,4560859.599
3377,537.7,4621410.081
3378,537.8,4570218.754
3379,537.9,4425147.064
3380,538.0,4215836.229
3381,538.1,3986489.734
3382,538.2,3785240.634
3383,538.3,3661506.779
3384,538.4,3654398.032
3385,538.5,3791149.092
3386,538.6,4079000.0
3387,538.7,4506345.757
3388,538.8,5041274.399
3389,538.9,5633000.0
3390,539.0,6221250.669
3391,539.1,6740990.731
3392,539.2,7129524.604
3393,539.3,7340689.365
3394,539.4,7344526.713
3395,539.5,7133643.258
3396,539.6,6726032.217
3397,539.7,6156104.366
3398,539.8,5473063.269
3399,539.9,4733865.056
3400,540.0,3990000.0
3401,540.1,3289275.433
3402,540.2,2663002.625
3403,540.3,2133632.247
3404,540.4,1707055.581
3405,540.5,1379640.135
3406,540.6,1141646.995
3407,540.7,976054.373
3408,540.8,870002.417
3409,540.9,808208.388
3410,541.0,779574.374
3411,541.1,776000.0
3412,541.2,791710.808
3413,541.3,823286.902
3414,541.4,868700.0
3415,541.5,926756.357
3416,541.6,996618.489
3417,541.7,1078787.61
3418,541.8,1173112.519
3419,541.9,1278752.488
3420,542.0,1397474.856
3421,542.1,1529170.097
3422,542.2,1672842.012
3423,542.3,1830132.177
3424,542.4,1997011.331
3425,542.5,2172000.0
3426,542.6,2353936.798
3427,542.7,2538866.646
3428,542.8,2723336.517
3429,542.9,2905210.896
3430,543.0,3083469.273
3431,543.1,3256070.705
3432,543.2,3425528.842
3433,543.3,3594864.841
3434,543.4,3769688.957
3435,543.5,3957032.381
3436,543.6,4166000.0
3437,543.7,4406721.378
3438,543.8,4684189.237
3439,543.9,5006000.0
3440,544.0,5370100.721
3441,544.1,5770429.902
3442,544.2,6193760.642
3443,544.3,6618751.976
3444,544.4,7021210.524
3445,544.5,7369700.673
3446,544.6,7637089.265
3447,544.7,7795868.524
3448,544.8,7827746.808
3449,544.9,7722818.315
3450,545.0,7480000.0
3451,545.1,7110764.645
3452,545.2,6633387.591
3453,545.3,6071992.005
3454,545.4,5457638.006
3455,545.5,4818063.835
3456,545.6,4184553.555
3457,545.7,3581160.019
3458,545.8,3031410.281
3459,545.9,2551168.784
3460,546.0,2153790.165
3461,546.1,1846000.0
3462,546.2,1632781.537
3463,546.3,1512868.448
3464,546.4,1483000.0
3465,546.5,1536897.184
3466,546.6,1668899.087
3467,546.7,1872313.455
3468,546.8,2142517.039
3469,546.9,2481280.393
3470,547.0,2893932.719
3471,547.1,3392843.779
3472,547.2,3997749.323
3473,547.3,4732522.382
3474,547.4,5620060.605
3475,547.5,6679000.0
3476,547.6,7916530.521
3477,547.7,9320583.209
3478,547.8,10858327.783
3479,547.9,12461262.218
3480,548.0,14045501.981
3481,548.1,15518665.461
3482,548.2,16767007.299
3483,548.3,17680573.329
3484,548.4,18185769.427
3485,548.5,18229960.714
3486,548.6,17800000.0
3487,548.7,16922858.893
3488,548.8,15668560.273
3489,548.9,14140000.0
3490,549.0,12436194.082
3491,549.1,10670640.449
3492,549.2,8948490.257
3493,549.3,7359946.98
3494,549.4,5965102.718
3495,549.5,4802770.103
3496,549.6,3888693.341
3497,549.7,3219084.896
3498,549.8,2777715.753
3499,549.9,2537057.227
3500,550.0,2470000.0
3501,550.1,2546382.225
3502,550.2,2744144.323
3503,550.3,3050344.853
3504,550.4,3463787.054
3505,550.5,4000341.311
3506,550.6,4697621.21
3507,550.7,5623689.151
3508,550.8,6882213.383
3509,550.9,8632525.484
3510,551.0,11107704.447
3511,551.1,14639999.999
3512,551.2,19674014.166
3513,551.3,26823400.833
3514,551.4,36829999.998
3515,551.5,50602161.438
3516,551.6,69113530.222
3517,551.7,93311874.476
3518,551.8,123949473.764
3519,551.9,161458791.268
3520,552.0,205805761.964
3521,552.1,255863911.539
3522,552.2,309961460.12
3523,552.3,365586830.323
3524,552.4,419303322.999
3525,552.5,467399999.991
3526,552.6,506289899.897
3527,552.7,532587097.941
3528,552.8,543922497.185
3529,552.9,539359946.754
3530,553.0,519128901.85
3531,553.1,485037687.021
3532,553.2,439749833.588
3533,553.3,386946941.461
3534,553.4,330365994.171
3535,553.5,273798122.83
3536,553.6,220200000.01
3537,553.7,171936951.246
3538,553.8,130261324.181
3539,553.9,95870000.006
3540,554.0,68528443.5
3541,554.1,47619830.25
3542,554.2,32193706.238
3543,554.3,21200095.209
3544,554.4,13643974.593
3545,554.5,8593974.14
3546,554.6,5327741.172
3547,554.7,3267928.102
3548,554.8,1996529.986
3549,554.9,1225913.352
3550,555.0,760500.0
3551,555.1,479261.089
3552,555.2,307070.993
3553,555.3,199280.26
3554,555.4,130189.31
3555,555.5,84920.079
3556,555.6,54932.713
3557,555.7,35016.621
3558,555.8,21889.32
3559,555.9,13375.769
3560,556.0,7968.706
3561,556.1,4622.0
3562,556.2,2605.852
3563,556.3,1428.17
3564,556.4,760.0
3565,556.5,392.649
3566,556.6,196.862
3567,556.7,95.903
3568,556.8,45.266
3569,556.9,20.76
3570,557.0,9.238
3571,557.1,3.987
3572,557.2,1.67
3573,557.3,0.679
3574,557.4,0.268
3575,557.5,0.103
3576,557.6,0.038
3577,557.7,0.014
3578,557.8,0.005
3579,557.9,0.002
3580,558.0,0.001
3581,558.1,0.0
3582,558.2,0.0
3583,558.3,0.0
3584,558.4,0.0
3585,558.5,0.0
3586,558.6,0.0
3587,558.7,0.0
3588,558.8,0.0
3589,558.9,0.0
3590,559.0,0.0
3591,559.1,0.0
3592,559.2,0.0
3593,559.3,0.0
3594,559.4,0.0
3595,559.5,0.0
3596,559.6,0.0
3597,559.7,0.0
3598,559.8,0.0
3599,559.9,0.0
3600,560.0,0.0
3601,560.1,0.001
3602,560.2,0.002
3603,560.3,0.006
3604,560.4,0.019
3605,560.5,0.057
3606,560.6,0.168
3607,560.7,0.48
3608,560.8,1.331
3609,560.9,3.581
3610,561.0,9.373
3611,561.1,23.81
3612,561.2,58.758
3613,561.3,140.86
3614,561.4,328.1
3615,561.5,741.793
3616,561.6,1630.31
3617,561.7,3479.77
3618,561.8,7211.264
3619,561.9,14531.347
3620,562.0,28419.087
3621,562.1,54001.707
3622,562.2,99665.813
3623,562.3,178723.235
3624,562.4,311198.051
3625,562.5,526600.0
3626,562.6,865129.47
3627,562.7,1381625.243
3628,562.8,2142161.658
3629,562.9,3226803.59
3630,563.0,4721646.108
3631,563.1,6712648.681
3632,563.2,9267833.805
3633,563.3,12438891.078
3634,563.4,16210153.78
3635,563.5,20525675.523
3636,563.6,25259999.999
3637,563.7,30219888.19
3638,563.8,35152488.056
3639,563.9,39779999.999
3640,564.0,43829776.076
3641,564.1,47102971.568
3642,564.2,49453211.219
3643,564.3,50914325.288
3644,564.4,51645614.339
3645,564.5,51977262.135
3646,564.6,52368310.699
3647,564.7,53381266.747
3648,564.8,55607889.72
3649,564.9,59567136.771
3650,565.0,65669999.998
3651,565.1,74091942.901
3652,565.2,84751135.482
3653,565.3,97262848.65
3654,565.4,110947576.444
3655,565.5,124829805.633
3656,565.6,137934651.575
3657,565.7,149087916.351
3658,565.8,157281491.614
3659,565.9,161802706.095
3660,566.0,162222783.498
3661,566.1,158500000.001
3662,566.2,151008821.304
3663,566.3,140393639.842
3664,566.4,127700000.003
3665,566.5,113908291.424
3666,566.6,99957611.776
3667,566.7,86765775.127
3668,566.8,74969978.841
3669,566.9,64972209.483
3670,567.0,56946591.825
3671,567.1,50858187.137
3672,567.2,46569131.342
3673,567.3,43841871.507
3674,567.4,42489597.997
3675,567.5,42320000.0
3676,567.6,43196809.221
3677,567.7,45034995.149
3678,567.8,47736312.051
3679,567.9,51202530.909
3680,568.0,55269746.429
3681,568.1,59678025.889
3682,568.2,64111825.563
3683,568.3,68205321.645
3684,568.4,71538122.662
3685,568.5,73771875.313
3686,568.6,74600000.0
3687,568.7,73877860.695
3688,568.8,71578853.213
3689,568.9,67850000.001
3690,569.0,62975485.478
3691,569.1,57310809.719
3692,569.2,51271010.906
3693,569.3,45268298.962
3694,569.4,39658023.634
3695,569.5,34709589.334
3696,569.6,30565237.561
3697,569.7,27281305.63
3698,569.8,24831339.17
3699,569.9,23086588.959
3700,570.0,21910000.0
3701,570.1,21140593.485
3702,570.2,20637721.327
3703,570.3,20290070.208
3704,570.4,20021421.808
3705,570.5,19781954.683
3706,570.6,19569696.125
3707,570.7,19369261.07
3708,570.8,19178252.534
3709,570.9,18991430.016
3710,571.0,18782452.746
3711,571.1,18510000.0
3712,571.2,18148824.142
3713,571.3,17649229.57
3714,571.4,16990000.0
3715,571.5,16151231.446
3716,571.6,15148193.5
3717,571.7,14010580.514
3718,571.8,12759474.798
3719,571.9,11451635.426
3720,572.0,10139036.743
3721,572.1,8857209.68
3722,572.2,7655179.15
3723,572.3,6552208.465
3724,572.4,5563941.389
3725,572.5,4696000.0
3726,572.6,3946036.761
3727,572.7,3306358.36
3728,572.8,2769674.573
3729,572.9,2326560.465
3730,573.0,1969376.937
3731,573.1,1689304.792
3732,573.2,1480829.882
3733,573.3,1337070.998
3734,573.4,1250795.18
3735,573.5,1211218.437
3736,573.6,1208000.0
3737,573.7,1229794.661
3738,573.8,1263090.795
3739,573.9,1296000.0
3740,574.0,1316579.616
3741,574.1,1317850.219
3742,574.2,1292105.639
3743,574.3,1238664.632
3744,574.4,1158424.419
3745,574.5,1055972.837
3746,574.6,937696.974
3747,574.7,810065.034
3748,574.8,680862.934
3749,574.9,556805.983
3750,575.0,442900.0
3751,575.1,342921.224
3752,575.2,258707.083
3753,575.3,190614.818
3754,575.4,138290.397
3755,575.5,100479.781
3756,575.6,76039.176
3757,575.7,64109.822
3758,575.8,64545.281
3759,575.9,78135.018
3760,576.0,106689.76
3761,576.1,153300.0
3762,576.2,221615.829
3763,576.3,316009.627
3764,576.4,440900.0
3765,576.5,599935.23
3766,576.6,795058.697
3767,576.7,1025596.882
3768,576.8,1288956.068
3769,576.9,1577973.595
3770,577.0,1883857.077
3771,577.1,2192340.879
3772,577.2,2492046.299
3773,577.3,2770410.835
3774,577.4,3016432.766
3775,577.5,3225000.0
3776,577.6,3395211.259
3777,577.7,3530646.432
3778,577.8,3637839.257
3779,577.9,3729168.562
3780,578.0,3812750.711
3781,578.1,3895251.441
3782,578.2,3978561.487
3783,578.3,4060351.68
3784,578.4,4129484.664
3785,578.5,4175301.197
3786,578.6,4183000.0
3787,578.7,4142312.254
3788,578.8,4042776.243
3789,578.9,3888000.0
3790,579.0,3682787.561
3791,579.1,3444615.933
3792,579.2,3195255.801
3793,579.3,2960738.81
3794,579.4,2767110.678
3795,579.5,2639855.852
3796,579.6,2596176.2
3797,579.7,2646645.218
3798,579.8,2790881.904
3799,579.9,3018209.81
3800,580.0,3309000.0
3801,580.1,3636206.668
3802,580.2,3965117.812
3803,580.3,4262306.004
3804,580.4,4493911.207
3805,580.5,4632984.911
3806,580.6,4661603.675
3807,580.7,4571575.724
3808,580.8,4368176.084
3809,580.9,4062791.537
3810,581.0,3678049.904
3811,581.1,3241000.0
3812,581.2,2778959.891
3813,581.3,2317959.371
3814,581.4,1882000.0
3815,581.5,1486270.753
3816,581.6,1142158.143
3817,581.7,853804.777
3818,581.8,621037.537
3819,581.9,439565.202
3820,582.0,302702.885
3821,582.1,202741.629
3822,582.2,132122.55
3823,582.3,83817.258
3824,582.4,51708.93
3825,582.5,31050.0
3826,582.6,18133.858
3827,582.7,10305.545
3828,582.8,5696.71
3829,582.9,3064.607
3830,583.0,1603.773
3831,583.1,816.707
3832,583.2,404.497
3833,583.3,195.088
3834,583.4,91.635
3835,583.5,42.234
3836,583.6,19.73
3837,583.7,10.82
3838,583.8,9.764
3839,583.9,15.56
3840,584.0,31.125
3841,584.1,64.372
3842,584.2,131.178
3843,584.3,260.68
3844,584.4,504.83
3845,584.5,951.482
3846,584.6,1745.419
3847,584.7,3118.537
3848,584.8,5422.76
3849,584.9,9175.916
3850,585.0,15130.0
3851,585.1,24268.111
3852,585.2,37898.749
3853,585.3,57628.444
3854,585.4,85283.244
3855,585.5,122918.353
3856,585.6,172338.645
3857,585.7,235386.274
3858,585.8,312933.937
3859,585.9,404913.023
3860,586.0,510134.769
3861,586.1,625700.0
3862,586.2,746984.043
3863,586.3,868279.19
3864,586.4,982400.0
3865,586.5,1081842.116
3866,586.6,1160305.711
3867,586.7,1211690.467
3868,586.8,1231086.645
3869,586.9,1218118.095
3870,587.0,1173124.612
3871,587.1,1099634.088
3872,587.2,1003790.241
3873,587.3,891901.08
3874,587.4,771497.418
3875,587.5,649700.0
3876,587.6,532733.726
3877,587.7,425320.411
3878,587.8,330787.078
3879,587.9,250736.012
3880,588.0,185692.918
3881,588.1,134929.079
3882,588.2,97175.786
3883,588.3,70974.974
3884,588.4,54817.348
3885,588.5,47485.09
3886,588.6,48120.0
3887,588.7,56276.394
3888,588.8,71858.731
3889,588.9,94980.0
3890,589.0,125845.23
3891,589.1,164302.866
3892,589.2,210084.857
3893,589.3,262233.37
3894,589.4,318957.19
3895,589.5,378028.364
3896,589.6,436281.11
3897,589.7,490438.125
3898,589.8,537035.57
3899,589.9,572706.432
3900,590.0,595000.0
3901,590.1,602307.974
3902,590.2,594525.679
3903,590.3,572521.609
3904,590.4,538664.633
3905,590.5,496260.075
3906,590.6,449201.559
3907,590.7,401791.226
3908,590.8,358207.406
3909,590.9,321983.674
3910,591.0,296046.736
3911,591.1,282200.0
3912,591.2,281358.633
3913,591.3,293123.165
3914,591.4,316200.0
3915,591.5,348475.341
3916,591.6,386960.615
3917,591.7,428141.308
3918,591.8,468501.678
3919,591.9,504476.007
3920,592.0,532691.742
3921,592.1,550602.51
3922,592.2,556591.276
3923,592.3,549964.288
3924,592.4,531142.325
3925,592.5,501400.0
3926,592.6,462943.125
3927,592.7,418709.287
3928,592.8,371556.641
3929,592.9,324954.834
3930,593.0,281648.868
3931,593.1,244169.852
3932,593.2,214516.215
3933,593.3,194015.413
3934,593.4,183515.22
3935,593.5,183209.164
3936,593.6,193000.0
3937,593.7,212675.436
3938,593.8,241752.113
3939,593.9,280100.0
3940,594.0,327947.114
3941,594.1,385755.479
3942,594.2,454511.032
3943,594.3,535491.296
3944,594.4,629708.201
3945,594.5,737966.326
3946,594.6,860200.71
3947,594.7,994926.473
3948,594.8,1139503.102
3949,594.9,1288951.827
3950,595.0,1438000.0
3951,595.1,1578201.448
3952,595.2,1704314.759
3953,595.3,1809431.48
3954,595.4,1889318.118
3955,595.5,1942307.783
3956,595.6,1967473.988
3957,595.7,1970899.308
3958,595.8,1957063.71
3959,595.9,1932509.727
3960,596.0,1902905.113
3961,596.1,1875000.0
3962,596.2,1853006.47
3963,596.3,1836610.003
3964,596.4,1825000.0
3965,596.5,1816555.435
3966,596.6,1806483.784
3967,596.7,1792363.492
3968,596.8,1771646.215
3969,596.9,1743154.514
3970,597.0,1709376.966
3971,597.1,1672130.392
3972,597.2,1635426.47
3973,597.3,1604007.511
3974,597.4,1578599.391
3975,597.5,1563000.0
3976,597.6,1555634.609
3977,597.7,1556229.322
3978,597.8,1560469.868
3979,597.9,1565527.545
3980,598.0,1567134.665
3981,598.1,1563173.545
3982,598.2,1549722.878
3983,598.3,1526913.669
3984,598.4,1493788.111
3985,598.5,1451753.346
3986,598.6,1400000.0
3987,598.7,1340273.743
3988,598.8,1272275.032
3989,598.9,1198000.0
3990,599.0,1116032.093
3991,599.1,1028385.239
3992,599.2,934862.374
3993,599.3,837417.728
3994,599.4,737877.382
3995,599.5,638546.675
3996,599.6,541956.251
3997,599.7,450656.386
3998,599.8,366679.082
3999,599.9,291756.985
4000,600.0,226800.0
4001,600.1,172309.117
4002,600.2,127757.035
4003,600.3,92516.868
4004,600.4,65535.677
4005,600.5,45558.709
4006,600.6,31393.425
4007,600.7,21957.616
4008,600.8,16380.22
4009,600.9,14071.531
4010,601.0,14728.236
4011,601.1,18320.0
4012,601.2,25118.404
4013,601.3,35614.63
4014,601.4,50440.0
4015,601.5,70334.905
4016,601.6,95931.259
4017,601.7,127873.186
4018,601.8,166042.764
4019,601.9,210453.626
4020,602.0,259927.721
4021,602.1,312966.625
4022,602.2,367389.183
4023,602.3,420457.818
4024,602.4,469037.42
4025,602.5,510200.0
4026,602.6,540895.095
4027,602.7,559111.768
4028,602.8,563386.192
4029,602.9,553436.661
4030,603.0,530024.116
4031,603.1,494821.742
4032,603.2,450351.639
4033,603.3,399600.98
4034,603.4,345610.996
4035,603.5,291432.684
4036,603.6,239600.0
4037,603.7,191982.017
4038,603.8,149958.407
4039,603.9,114200.0
4040,604.0,84810.802
4041,604.1,61378.893
4042,604.2,43312.231
4043,604.3,29793.638
4044,604.4,19979.728
4045,604.5,13057.411
4046,604.6,8324.554
4047,604.7,5171.237
4048,604.8,3132.666
4049,604.9,1849.262
4050,605.0,1065.0
4051,605.1,597.191
4052,605.2,326.811
4053,605.3,174.278
4054,605.4,90.643
4055,605.5,45.933
4056,605.6,22.728
4057,605.7,11.022
4058,605.8,5.364
4059,605.9,2.896
4060,606.0,2.307
4061,606.1,3.278
4062,606.2,6.364
4063,606.3,13.245
4064,606.4,27.43
4065,606.5,55.632
4066,606.6,110.132
4067,606.7,212.838
4068,606.8,401.033
4069,606.9,737.589
4070,607.0,1322.788
4071,607.1,2315.831
4072,607.2,3955.081
4073,607.3,6591.425
4074,607.4,10716.166
4075,607.5,17010.0
4076,607.6,26354.801
4077,607.7,39864.476
4078,607.8,58870.239
4079,607.9,84905.371
4080,608.0,119590.517
4081,608.1,164611.66
4082,608.2,221407.702
4083,608.3,291181.989
4084,608.4,374440.313
4085,608.5,471173.957
4086,608.6,580400.0
4087,608.7,700307.312
4088,608.8,828042.784
4089,608.9,959900.0
4090,609.0,1092336.909
4091,609.1,1219543.186
4092,609.2,1337249.82
4093,609.3,1442087.926
4094,609.4,1527606.899
4095,609.5,1592481.443
4096,609.6,1633029.044
4097,609.7,1647044.466
4098,609.8,1634086.023
4099,609.9,1593813.179
4100,610.0,1529000.0
4101,610.1,1440324.509
4102,610.2,1333374.397
4103,610.3,1211306.203
4104,610.4,1079539.152
4105,610.5,943312.691
4106,610.6,807816.399
4107,610.7,677789.882
4108,610.8,557216.633
4109,610.9,448986.98
4110,611.0,355269.363
4111,611.1,277000.0
4112,611.2,214172.883
4113,611.3,166436.034
4114,611.4,132700.0
4115,611.5,111656.591
4116,611.6,101854.26
4117,611.7,101788.866
4118,611.8,109998.906
4119,611.9,125076.771
4120,612.0,145426.722
4121,612.1,169440.366
4122,612.2,195364.335
4123,612.3,221571.075
4124,612.4,246259.806
4125,612.5,267600.0
4126,612.6,284347.165
4127,612.7,295406.083
4128,612.8,300299.404
4129,612.9,299030.795
4130,613.0,292494.262
4131,613.1,282137.601
4132,613.2,269767.712
4133,613.3,257786.448
4134,613.4,248620.582
4135,613.5,244654.539
4136,613.6,248100.0
4137,613.7,260466.82
4138,613.8,282770.057
4139,613.9,314800.0
4140,614.0,355830.02
4141,614.1,403794.455
4142,614.2,456032.818
4143,614.3,509184.992
4144,614.4,559389.861
4145,614.5,602733.701
4146,614.6,635915.134
4147,614.7,655992.866
4148,614.8,661072.23
4149,614.9,650696.454
4150,615.0,625200.0
4151,615.1,586411.813
4152,615.2,536840.285
4153,615.3,479623.656
4154,615.4,418162.904
4155,615.5,355779.433
4156,615.6,295421.347
4157,615.7,239311.202
4158,615.8,189238.313
4159,615.9,146019.102
4160,616.0,109941.552
4161,616.1,80760.0
4162,616.2,57904.953
4163,616.3,40512.56
4164,616.4,27660.0
4165,616.5,18424.599
4166,616.6,11978.553
4167,616.7,7599.187
4168,616.8,4706.069
4169,616.9,2845.057
4170,617.0,1682.651
4171,617.1,978.858
4172,617.2,571.779
4173,617.3,356.197
4174,617.4,272.014
4175,617.5,293.1
4176,617.6,422.393
4177,617.7,692.131
4178,617.8,1166.219
4179,617.9,1949.579
4180,618.0,3195.302
4181,618.1,5119.553
4182,618.2,8009.799
4183,618.3,12246.573
4184,618.4,18262.546
4185,618.5,26615.143
4186,618.6,37880.0
4187,618.7,52654.757
4188,618.8,71505.573
4189,618.9,94900.0
4190,619.0,123111.233
4191,619.1,156139.632
4192,619.2,193872.661
4193,619.3,235629.239
4194,619.4,280736.489
4195,619.5,328220.267
4196,619.6,377070.273
4197,619.7,426630.248
4198,619.8,476339.705
4199,619.9,526116.902
4200,620.0,576300.0
4201,620.1,627979.541
4202,620.2,682063.001
4203,620.3,739891.204
4204,620.4,802691.235
4205,620.5,870875.179
4206,620.6,944621.231
4207,620.7,1022792.079
4208,620.8,1104659.881
4209,620.9,1187353.98
4210,621.0,1268244.439
4211,621.1,1345000.0
4212,621.2,1415577.063
4213,621.3,1477840.455
4214,621.4,1529000.0
4215,621.5,1568981.08
4216,621.6,1597166.929
4217,621.7,1610826.292
4218,621.8,1611108.193
4219,621.9,1597251.171
4220,622.0,1566245.49
4221,622.1,1520887.922
4222,622.2,1459009.834
4223,622.3,1382516.352
4224,622.4,1292842.278
4225,622.5,1194000.0
4226,622.6,1090569.581
4227,622.7,986128.062
4228,622.8,886738.432
4229,622.9,797624.313
4230,623.0,723429.16
4231,623.1,668211.025
4232,623.2,634598.097
4233,623.3,624067.062
4234,623.4,636918.322
4235,623.5,672179.745
4236,623.6,728400.0
4237,623.7,803679.711
4238,623.8,896328.841
4239,623.9,1005000.0
4240,624.0,1129875.712
4241,624.1,1271333.561
4242,624.2,1431880.312
4243,624.3,1614308.329
4244,624.4,1824279.792
4245,624.5,2067903.31
4246,624.6,2348226.417
4247,624.7,2673908.639
4248,624.8,3046787.625
4249,624.9,3471604.93
4250,625.0,3948000.0
4251,625.1,4472248.546
4252,625.2,5038158.282
4253,625.3,5631135.663
4254,625.4,6234803.055
4255,625.5,6825640.746
4256,625.6,7376568.65
4257,625.7,7860430.379
4258,625.8,8245846.406
4259,625.9,8508596.755
4260,626.0,8626968.681
4261,626.1,8587000.0
4262,626.2,8387688.282
4263,626.3,8034762.022
4264,626.4,7546000.0
4265,626.5,6944964.139
4266,626.6,6266331.456
4267,626.7,5541508.282
4268,626.8,4807229.272
4269,626.9,4094932.719
4270,627.0,3431525.579
4271,627.1,2837719.265
4272,627.2,2325315.878
4273,627.3,1904032.943
4274,627.4,1571661.47
4275,627.5,1326000.0
4276,627.6,1156832.758
4277,627.7,1053770.872
4278,627.8,1005211.728
4279,627.9,997942.056
4280,628.0,1019698.488
4281,628.1,1059520.548
4282,628.2,1107623.399
4283,628.3,1154573.957
4284,628.4,1195264.238
4285,628.5,1224062.504
4286,628.6,1238000.0
4287,628.7,1237443.293
4288,628.8,1222336.838
4289,628.9,1195000.0
4290,629.0,1160062.129
4291,629.1,1121763.449
4292,629.2,1084594.734
4293,629.3,1055114.101
4294,629.4,1036941.83
4295,629.5,1035800.037
4296,629.6,1055098.724
4297,629.7,1096576.799
4298,629.8,1160548.838
4299,629.9,1247216.606
4300,630.0,1351000.0
4301,630.1,1467637.144
4302,630.2,1589605.402
4303,630.3,1707334.927
4304,630.4,1812624.677
4305,630.5,1896142.735
4306,630.6,1949810.06
4307,630.7,1967656.123
4308,630.8,1946317.73
4309,630.9,1885723.864
4310,631.0,1787805.625
4311,631.1,1658000.0
4312,631.2,1504711.882
4313,631.3,1334195.385
4314,631.4,1157000.0
4315,631.5,979619.772
4316,631.6,811452.995
4317,631.7,656560.054
4318,631.8,519204.312
4319,631.9,401114.785
4320,632.0,302841.666
4321,632.1,223399.506
4322,632.2,160993.297
4323,632.3,113345.469
4324,632.4,78016.714
4325,632.5,52440.0
4326,632.6,34443.718
4327,632.7,22101.493
4328,632.8,13862.414
4329,632.9,8490.034
4330,633.0,5081.464
4331,633.1,2971.99
4332,633.2,1697.459
4333,633.3,947.653
4334,633.4,516.842
4335,633.5,275.427
4336,633.6,143.4
4337,633.7,72.935
4338,633.8,36.246
4339,633.9,17.6
4340,634.0,8.35
4341,634.1,3.871
4342,634.2,1.756
4343,634.3,0.783
4344,634.4,0.353
4345,634.5,0.181
4346,634.6,0.147
4347,634.7,0.215
4348,634.8,0.416
4349,634.9,0.847
4350,635.0,1.712
4351,635.1,3.388
4352,635.2,6.562
4353,635.3,12.425
4354,635.4,22.992
4355,635.5,41.604
4356,635.6,73.589
4357,635.7,127.248
4358,635.8,215.007
4359,635.9,355.13
4360,636.0,573.624
4361,636.1,905.5
4362,636.2,1397.642
4363,636.3,2108.325
4364,636.4,3109.0
4365,636.5,4480.937
4366,636.6,6314.922
4367,636.7,8699.875
4368,636.8,11714.716
4369,636.9,15419.598
4370,637.0,19843.678
4371,637.1,24958.194
4372,637.2,30688.548
4373,637.3,36888.58
4374,637.4,43342.153
4375,637.5,49790.0
4376,637.6,55902.236
4377,637.7,61367.707
4378,637.8,65835.191
4379,637.9,69058.444
4380,638.0,70801.504
4381,638.1,70963.782
4382,638.2,69525.253
4383,638.3,66588.801
4384,638.4,62347.94
4385,638.5,57061.473
4386,638.6,51050.0
4387,638.7,44655.084
4388,638.8,38186.096
4389,638.9,31930.0
4390,639.0,26112.734
4391,639.1,20907.343
4392,639.2,16413.061
4393,639.3,12668.293
4394,639.4,9690.514
4395,639.5,7444.557
4396,639.6,5894.632
4397,639.7,5000.488
4398,639.8,4733.507
4399,639.9,5078.314
4400,640.0,6042.0
4401,640.1,7644.546
4402,640.2,9913.435
4403,640.3,12877.827
4404,640.4,16545.912
4405,640.5,20899.509
4406,640.6,25872.419
4407,640.7,31357.037
4408,640.8,37186.775
4409,640.9,43121.386
4410,641.0,48898.18
4411,641.1,54220.0
4412,641.2,58788.731
4413,641.3,62327.077
4414,641.4,64600.0
4415,641.5,65480.536
4416,641.6,64890.31
4417,641.7,62888.416
4418,641.8,59587.287
4419,641.9,55198.624
4420,642.0,50002.689
4421,642.1,44291.335
4422,642.2,38354.403
4423,642.3,32481.957
4424,642.4,26893.098
4425,642.5,21770.0
4426,642.6,17236.946
4427,642.7,13341.852
4428,642.8,10094.296
4429,642.9,7470.419
4430,643.0,5405.502
4431,643.1,3824.341
4432,643.2,2645.261
4433,643.3,1788.659
4434,643.4,1183.683
4435,643.5,765.094
4436,643.6,483.8
4437,643.7,299.112
4438,643.8,180.757
4439,643.9,106.9
4440,644.0,61.746
4441,644.1,34.897
4442,644.2,19.28
4443,644.3,10.414
4444,644.4,5.503
4445,644.5,2.842
4446,644.6,1.435
4447,644.7,0.709
4448,644.8,0.342
4449,644.9,0.161
4450,645.0,0.075
4451,645.1,0.034
4452,645.2,0.015
4453,645.3,0.006
4454,645.4,0.003
4455,645.5,0.001
4456,645.6,0.0
4457,645.7,0.0
4458,645.8,0.0
4459,645.9,0.0
4460,646.0,0.0
4461,646.1,0.0
4462,646.2,0.0
4463,646.3,0.0
4464,646.4,0.0
4465,646.5,0.0
4466,646.6,0.0
4467,646.7,0.0
4468,646.8,0.0
4469,646.9,0.0
4470,647.0,0.0
4471,647.1,0.0
4472,647.2,0.0
4473,647.3,0.0
4474,647.4,0.0
4475,647.5,0.0
4476,647.6,0.0
4477,647.7,0.0
4478,647.8,0.0
4479,647.9,0.0
4480,648.0,0.0
4481,648.1,0.0
4482,648.2,0.0
4483,648.3,0.0
4484,648.4,0.0
4485,648.5,0.0
4486,648.6,0.0
4487,648.7,0.0
4488,648.8,0.0
4489,648.9,0.0
4490,649.0,0.0
4491,649.1,0.0
4492,649.2,0.0
4493,649.3,0.0
4494,649.4,0.0
4495,649.5,0.0
4496,649.6,0.001
4497,649.7,0.002
4498,649.8,0.004
4499,649.9,0.009
4500,650.0,0.02
4501,650.1,0.045
4502,650.2,0.1
4503,650.3,0.216
4504,650.4,0.458
4505,650.5,0.95
4506,650.6,1.928
4507,650.7,3.827
4508,650.8,7.436
4509,650.9,14.131
4510,651.0,26.305
4511,651.1,47.89
4512,651.2,85.329
4513,651.3,148.826
4514,651.4,253.9
4515,651.5,423.912
4516,651.6,692.776
4517,651.7,1107.767
4518,651.8,1733.464
4519,651.9,2654.676
4520,652.0,3979.107
4521,652.1,5835.354
4522,652.2,8375.134
4523,652.3,11764.242
4524,652.4,16167.094
4525,652.5,21750.0
4526,652.6,28640.673
4527,652.7,36901.593
4528,652.8,46543.899
4529,652.9,57462.867
4530,653.0,69454.007
4531,653.1,82210.858
4532,653.2,95280.476
4533,653.3,108316.591
4534,653.4,120692.012
4535,653.5,131964.649
4536,653.6,141900.0
4537,653.7,150251.095
4538,653.8,157246.581
4539,653.9,163100.0
4540,654.0,168578.686
4541,654.1,174635.044
4542,654.2,182392.337
4543,654.3,193104.004
4544,654.4,208114.679
4545,654.5,228510.788
4546,654.6,255075.5
4547,654.7,288219.401
4548,654.8,327793.923
4549,654.9,372752.884
4550,655.0,421800.0
4551,655.1,472616.392
4552,655.2,522816.772
4553,655.3,569306.057
4554,655.4,609377.614
4555,655.5,640391.797
4556,655.6,660003.08
4557,655.7,666829.88
4558,655.8,660204.417
4559,655.9,640314.286
4560,656.0,608336.315
4561,656.1,565900.0
4562,656.2,515518.116
4563,656.3,459917.443
4564,656.4,401700.0
4565,656.5,343622.908
4566,656.6,287739.215
4567,656.7,235940.144
4568,656.8,189351.504
4569,656.9,148904.164
4570,657.0,114544.024
4571,657.1,86317.977
4572,657.2,63669.751
4573,657.3,45983.98
4574,657.4,32519.995
4575,657.5,22510.0
4576,657.6,15253.995
4577,657.7,10123.692
4578,657.8,6577.491
4579,657.9,4183.113
4580,658.0,2604.456
4581,658.1,1587.882
4582,658.2,947.615
4583,658.3,553.68
4584,658.4,316.648
4585,658.5,177.329
4586,658.6,97.22
4587,658.7,52.173
4588,658.8,27.411
4589,658.9,14.1
4590,659.0,7.097
4591,659.1,3.498
4592,659.2,1.689
4593,659.3,0.797
4594,659.4,0.369
4595,659.5,0.167
4596,659.6,0.074
4597,659.7,0.032
4598,659.8,0.014
4599,659.9,0.006
4600,660.0,0.002
4601,660.1,0.001
4602,660.2,0.0
4603,660.3,0.0
4604,660.4,0.0
4605,660.5,0.0
4606,660.6,0.0
4607,660.7,0.0
4608,660.8,0.0
4609,660.9,0.0
4610,661.0,0.0
4611,661.1,0.0
4612,661.2,0.0
4613,661.3,0.0
4614,661.4,0.0
4615,661.5,0.0
4616,661.6,0.0
4617,661.7,0.0
4618,661.8,0.0
4619,661.9,0.0
4620,662.0,0.0
4621,662.1,0.0
4622,662.2,0.0
4623,662.3,0.0
4624,662.4,0.0
4625,662.5,0.0
4626,662.6,0.0
4627,662.7,0.0
4628,662.8,0.0
4629,662.9,0.0
4630,663.0,0.0
4631,663.1,0.0
4632,663.2,0.0
4633,663.3,0.0
4634,663.4,0.0
4635,663.5,0.0
4636,663.6,0.0
4637,663.7,0.0
4638,663.8,0.0
4639,663.9,0.001
4640,664.0,0.001
4641,664.1,0.002
4642,664.2,0.003
4643,664.3,0.006
4644,664.4,0.01
4645,664.5,0.017
4646,664.6,0.029
4647,664.7,0.047
4648,664.8,0.074
4649,664.9,0.116
4650,665.0,0.176
4651,665.1,0.263
4652,665.2,0.385
4653,665.3,0.552
4654,665.4,0.774
4655,665.5,1.065
4656,665.6,1.433
4657,665.7,1.89
4658,665.8,2.44
4659,665.9,3.086
4660,666.0,3.823
4661,666.1,4.639
4662,666.2,5.512
4663,666.3,6.416
4664,666.4,7.313
4665,666.5,8.165
4666,666.6,8.928
4667,666.7,9.563
4668,666.8,10.027
4669,666.9,10.304
4670,667.0,10.368
4671,667.1,10.22
4672,667.2,9.864
4673,667.3,9.327
4674,667.4,8.636
4675,667.5,7.832
4676,667.6,6.957
4677,667.7,6.053
4678,667.8,5.157
4679,667.9,4.304
4680,668.0,3.518
4681,668.1,2.817
4682,668.2,2.208
4683,668.3,1.696
4684,668.4,1.276
4685,668.5,0.94
4686,668.6,0.678
4687,668.7,0.479
4688,668.8,0.332
4689,668.9,0.225
4690,669.0,0.149
4691,669.1,0.097
4692,669.2,0.062
4693,669.3,0.039
4694,669.4,0.024
4695,669.5,0.014
4696,669.6,0.008
4697,669.7,0.005
4698,669.8,0.003
4699,669.9,0.002
4700,670.0,0.001
4701,670.1,0.001
4702,670.2,0.001
4703,670.3,0.003
4704,670.4,0.007
4705,670.5,0.015
4706,670.6,0.035
4707,670.7,0.075
4708,670.8,0.162
4709,670.9,0.34
4710,671.0,0.699
4711,671.1,1.41
4712,671.2,2.786
4713,671.3,5.393
4714,671.4,10.23
4715,671.5,19.013
4716,671.6,34.639
4717,671.7,61.826
4718,671.8,108.144
4719,671.9,185.361
4720,672.0,311.245
4721,672.1,512.019
4722,672.2,825.69
4723,672.3,1304.088
4724,672.4,2019.265
4725,672.5,3063.0
4726,672.6,4554.047
4727,672.7,6632.53
4728,672.8,9466.99
4729,672.9,13238.91
4730,673.0,18140.01
4731,673.1,24355.986
4732,673.2,32054.4
4733,673.3,41323.759
4734,673.4,52214.666
4735,673.5,64630.513
4736,673.6,78400.0
4737,673.7,93183.045
4738,673.8,108503.378
4739,673.9,123900.0
4740,674.0,138475.787
4741,674.1,151764.704
4742,674.2,163001.92
4743,674.3,171451.447
4744,674.4,176758.038
4745,674.5,178615.344
4746,674.6,176723.329
4747,674.7,171509.628
4748,674.8,162967.047
4749,674.9,151806.643
4750,675.0,138500.0
4751,675.1,123883.105
4752,675.2,108480.297
4753,675.3,93185.36
4754,675.4,78401.974
4755,675.5,64627.79
4756,675.6,52205.856
4757,675.7,41326.858
4758,675.8,32048.461
4759,675.9,24363.493
4760,676.0,18139.843
4761,676.1,13240.0
4762,676.2,9466.521
4763,676.3,6632.546
4764,676.4,4554.0
4765,676.5,3063.458
4766,676.6,2018.887
4767,676.7,1304.499
4768,676.8,825.595
4769,676.9,512.035
4770,677.0,311.217
4771,677.1,185.319
4772,677.2,108.181
4773,677.3,61.826
4774,677.4,34.64
4775,677.5,19.02
4776,677.6,10.23
4777,677.7,5.393
4778,677.8,2.786
4779,677.9,1.41
4780,678.0,0.699
4781,678.1,0.34
4782,678.2,0.162
4783,678.3,0.076
4784,678.4,0.035
4785,678.5,0.015
4786,678.6,0.007
4787,678.7,0.003
4788,678.8,0.001
4789,678.9,0.001
4790,679.0,0.0
4791,679.1,0.0
4792,679.2,0.0
4793,679.3,0.0
4794,679.4,0.0
4795,679.5,0.0
4796,679.6,0.0
4797,679.7,0.0
4798,679.8,0.0
4799,679.9,0.0
4800,680.0,0.0
4801,680.1,0.0
4802,680.2,0.0
4803,680.3,0.0
4804,680.4,0.0
4805,680.5,0.0
4806,680.6,0.0
4807,680.7,0.0
4808,680.8,0.0
4809,680.9,0.0
4810,681.0,0.0
4811,681.1,0.0
4812,681.2,0.0
4813,681.3,0.0
4814,681.4,0.0
4815,681.5,0.0
4816,681.6,0.0
4817,681.7,0.0
4818,681.8,0.001
4819,681.9,0.001
4820,682.0,0.003
4821,682.1,0.008
4822,682.2,0.018
4823,682.3,0.041
4824,682.4,0.089
4825,682.5,0.19
4826,682.6,0.399
4827,682.7,0.821
4828,682.8,1.658
4829,682.9,3.283
4830,683.0,6.377
4831,683.1,12.137
4832,683.2,22.667
4833,683.3,41.49
4834,683.4,74.478
4835,683.5,131.128
4836,683.6,226.3
4837,683.7,383.012
4838,683.8,635.526
4839,683.9,1034.0
4840,684.0,1649.766
4841,684.1,2581.803
4842,684.2,3960.671
4843,684.3,5958.432
4844,684.4,8789.738
4845,684.5,12710.543
4846,684.6,18035.122
4847,684.7,25077.168
4848,684.8,34196.354
4849,684.9,45725.496
4850,685.0,59960.0
4851,685.1,77084.809
4852,685.2,97226.1
4853,685.3,120107.91
4854,685.4,145595.663
4855,685.5,173077.405
4856,685.6,201695.789
4857,685.7,230597.456
4858,685.8,258330.741
4859,685.9,283874.496
4860,686.0,305889.341
4861,686.1,323100.0
4862,686.2,334736.215
4863,686.3,340032.809
4864,686.4,338700.0
4865,686.5,330888.552
4866,686.6,316878.31
4867,686.7,297563.488
4868,686.8,274056.3
4869,686.9,247385.626
4870,687.0,219024.131
4871,687.1,190173.987
4872,687.2,161962.865
4873,687.3,135114.674
4874,687.4,110660.985
4875,687.5,88790.0
4876,687.6,69881.37
4877,687.7,53924.905
4878,687.8,40809.447
4879,687.9,30273.88
4880,688.0,22031.949
4881,688.1,15715.069
4882,688.2,10992.406
4883,688.3,7541.922
4884,688.4,5072.594
4885,688.5,3345.816
4886,688.6,2164.0
4887,688.7,1371.924
4888,688.8,853.312
4889,688.9,520.2
4890,689.0,311.035
4891,689.1,182.341
4892,689.2,104.833
4893,689.3,59.079
4894,689.4,32.654
4895,689.5,17.696
4896,689.6,9.405
4897,689.7,4.901
4898,689.8,2.504
4899,689.9,1.254
4900,690.0,0.617
4901,690.1,0.297
4902,690.2,0.14
4903,690.3,0.065
4904,690.4,0.03
4905,690.5,0.013
4906,690.6,0.006
4907,690.7,0.002
4908,690.8,0.001
4909,690.9,0.0
4910,691.0,0.0
4911,691.1,0.0
4912,691.2,0.0
4913,691.3,0.0
4914,691.4,0.0
4915,691.5,0.0
4916,691.6,0.0
4917,691.7,0.0
4918,691.8,0.0
4919,691.9,0.0
4920,692.0,0.0
4921,692.1,0.0
4922,692.2,0.0
4923,692.3,0.0
4924,692.4,0.0
4925,692.5,0.0
4926,692.6,0.0
4927,692.7,0.0
4928,692.8,0.0
4929,692.9,0.0
4930,693.0,0.0
4931,693.1,0.0
4932,693.2,0.0
4933,693.3,0.0
4934,693.4,0.0
4935,693.5,0.0
4936,693.6,0.0
4937,693.7,0.0
4938,693.8,0.0
4939,693.9,0.0
4940,694.0,0.0
4941,694.1,0.0
4942,694.2,0.0
4943,694.3,0.0
4944,694.4,0.0
4945,694.5,0.0
4946,694.6,0.0
4947,694.7,0.0
4948,694.8,0.0
4949,694.9,0.0
4950,695.0,0.0
4951,695.1,0.0
4952,695.2,0.0
4953,695.3,0.0
4954,695.4,0.0
4955,695.5,0.0
4956,695.6,0.0
4957,695.7,0.0
4958,695.8,0.0
4959,695.9,0.0
4960,696.0,0.0
4961,696.1,0.0
4962,696.2,0.0
4963,696.3,0.0
4964,696.4,0.0
4965,696.5,0.0
4966,696.6,0.0
4967,696.7,0.0
4968,696.8,0.0
4969,696.9,0.0
4970,697.0,0.0
4971,697.1,0.0
4972,697.2,0.0
4973,697.3,0.0
4974,697.4,0.0
4975,697.5,0.0
4976,697.6,0.0
4977,697.7,0.0
4978,697.8,0.0
4979,697.9,0.0
4980,698.0,0.0
4981,698.1,0.0
4982,698.2,0.0
4983,698.3,0.0
4984,698.4,0.0
4985,698.5,0.001
4986,698.6,0.001
4987,698.7,0.002
4988,698.8,0.004
4989,698.9,0.007
4990,699.0,0.012
4991,699.1,0.02
4992,699.2,0.032
4993,699.3,0.052
4994,699.4,0.081
4995,699.5,0.124
4996,699.6,0.186
4997,699.7,0.275
4998,699.8,0.399
4999,699.9,0.568
5000,700.0,0.794
5001,700.1,1.088
5002,700.2,1.464
5003,700.3,1.933
5004,700.4,2.505
5005,700.5,3.186
5006,700.6,3.976
5007,700.7,4.87
5008,700.8,5.854
5009,700.9,6.906
5010,701.0,7.995
5011,701.1,9.084
5012,701.2,10.129
5013,701.3,11.083
5014,701.4,11.91
5015,701.5,12.551
5016,701.6,12.981
5017,701.7,13.179
5018,701.8,13.13
5019,701.9,12.832
5020,702.0,12.319
5021,702.1,11.6
5022,702.2,10.715
5023,702.3,9.72
5024,702.4,8.652
5025,702.5,7.557
5026,702.6,6.478
5027,702.7,5.451
5028,702.8,4.5
5029,702.9,3.647
5030,703.0,2.9
5031,703.1,2.263
5032,703.2,1.734
5033,703.3,1.303
5034,703.4,0.961
5035,703.5,0.696
5036,703.6,0.494
5037,703.7,0.345
5038,703.8,0.236
5039,703.9,0.159
5040,704.0,0.105
5041,704.1,0.068
5042,704.2,0.044
5043,704.3,0.029
5044,704.4,0.02
5045,704.5,0.016
5046,704.6,0.016
5047,704.7,0.02
5048,704.8,0.03
5049,704.9,0.047
5050,705.0,0.073
5051,705.1,0.114
5052,705.2,0.174
5053,705.3,0.261
5054,705.4,0.386
5055,705.5,0.56
5056,705.6,0.796
5057,705.7,1.113
5058,705.8,1.527
5059,705.9,2.055
5060,706.0,2.717
5061,706.1,3.525
5062,706.2,4.491
5063,706.3,5.615
5064,706.4,6.894
5065,706.5,8.309
5066,706.6,9.826
5067,706.7,11.42
5068,706.8,13.018
5069,706.9,14.57
5070,707.0,16.007
5071,707.1,17.266
5072,707.2,18.293
5073,707.3,19.009
5074,707.4,19.402
5075,707.5,19.44
5076,707.6,19.117
5077,707.7,18.461
5078,707.8,17.492
5079,707.9,16.279
5080,708.0,14.868
5081,708.1,13.333
5082,708.2,11.741
5083,708.3,10.144
5084,708.4,8.605
5085,708.5,7.167
5086,708.6,5.859
5087,708.7,4.703
5088,708.8,3.705
5089,708.9,2.866
5090,709.0,2.176
5091,709.1,1.622
5092,709.2,1.187
5093,709.3,0.853
5094,709.4,0.601
5095,709.5,0.416
5096,709.6,0.283
5097,709.7,0.189
5098,709.8,0.124
5099,709.9,0.08
5100,710.0,0.05
5101,710.1,0.031
5102,710.2,0.019
5103,710.3,0.011
5104,710.4,0.007
5105,710.5,0.004
5106,710.6,0.002
5107,710.7,0.001
5108,710.8,0.001
5109,710.9,0.0
5110,711.0,0.0
5111,711.1,0.0
5112,711.2,0.0
5113,711.3,0.0
5114,711.4,0.0
5115,711.5,0.0
5116,711.6,0.0
5117,711.7,0.0
5118,711.8,0.0
5119,711.9,0.0
5120,712.0,0.0
5121,712.1,0.0
5122,712.2,0.0
5123,712.3,0.0
5124,712.4,0.0
5125,712.5,0.0
5126,712.6,0.0
5127,712.7,0.0
5128,712.8,0.0
5129,712.9,0.0
5130,713.0,0.0
5131,713.1,0.0
5132,713.2,0.0
5133,713.3,0.0
5134,713.4,0.0
5135,713.5,0.0
5136,713.6,0.0
5137,713.7,0.0
5138,713.8,0.0
5139,713.9,0.0
5140,714.0,0.0
5141,714.1,0.0
5142,714.2,0.0
5143,714.3,0.0
5144,714.4,0.0
5145,714.5,0.0
5146,714.6,0.0
5147,714.7,0.0
5148,714.8,0.0
5149,714.9,0.0
5150,715.0,0.0
5151,715.1,0.0
5152,715.2,0.0
5153,715.3,0.0
5154,715.4,0.0
5155,715.5,0.0
5156,715.6,0.0
5157,715.7,0.0
5158,715.8,0.0
5159,715.9,0.0
5160,716.0,0.0
5161,716.1,0.0
5162,716.2,0.0
5163,716.3,0.001
5164,716.4,0.002
5165,716.5,0.006
5166,716.6,0.013
5167,716.7,0.029
5168,716.8,0.063
5169,716.9,0.135
5170,717.0,0.285
5171,717.1,0.589
5172,717.2,1.199
5173,717.3,2.394
5174,717.4,4.699
5175,717.5,9.059
5176,717.6,17.155
5177,717.7,31.926
5178,717.8,58.349
5179,717.9,104.788
5180,718.0,184.893
5181,718.1,320.389
5182,718.2,545.474
5183,718.3,912.432
5184,718.4,1499.764
5185,718.5,2421.126
5186,718.6,3841.0
5187,718.7,5985.282
5188,718.8,9163.592
5189,718.9,13790.0
5190,719.0,20380.028
5191,719.1,29595.124
5192,719.2,42221.609
5193,719.3,59200.29
5194,719.4,81556.678
5195,719.5,110411.067
5196,719.6,146834.883
5197,719.7,191970.675
5198,719.8,246617.84
5199,719.9,311374.291
5200,720.0,386300.0
5201,720.1,471121.099
5202,720.2,564740.845
5203,720.3,665530.883
5204,720.4,770961.815
5205,720.5,878041.428
5206,720.6,983249.678
5207,720.7,1082767.387
5208,720.8,1172675.098
5209,720.9,1249009.075
5210,721.0,1308745.112
5211,721.1,1349000.0
5212,721.2,1367949.893
5213,721.3,1365054.175
5214,721.4,1341000.0
5215,721.5,1296821.5
5216,721.6,1234376.27
5217,721.7,1157803.479
5218,721.8,1069082.728
5219,721.9,972856.401
5220,722.0,872347.182
5221,722.1,771141.537
5222,722.2,672248.864
5223,722.3,578443.785
5224,722.4,491831.948
5225,722.5,413900.0
5226,722.6,346026.747
5227,722.7,288659.21
5228,722.8,242374.567
5229,722.9,207224.174
5230,723.0,183286.72
5231,723.1,170297.856
5232,723.2,168288.899
5233,723.3,177042.476
5234,723.4,196285.287
5235,723.5,225798.505
5236,723.6,265300.0
5237,723.7,314190.73
5238,723.8,371641.08
5239,723.9,436900.0
5240,724.0,508302.051
5241,724.1,584402.376
5242,724.2,663138.406
5243,724.3,742383.701
5244,724.4,819402.683
5245,724.5,891963.56
5246,724.6,957221.912
5247,724.7,1013062.931
5248,724.8,1056790.346
5249,724.9,1087564.996
5250,725.0,1104000.0
5251,725.1,1104514.36
5252,725.2,1089713.239
5253,725.3,1060375.405
5254,725.4,1016634.747
5255,725.5,961330.347
5256,725.6,895988.99
5257,725.7,823050.991
5258,725.8,745077.31
5259,725.9,664507.047
5260,726.0,583870.858
5261,726.1,505400.0
5262,726.2,430764.722
5263,726.3,361508.915
5264,726.4,298700.0
5265,726.5,242941.852
5266,726.6,194524.953
5267,726.7,153180.439
5268,726.8,118692.196
5269,726.9,90535.805
5270,727.0,67915.756
5271,727.1,50106.207
5272,727.2,36360.266
5273,727.3,25941.581
5274,727.4,18209.255
5275,727.5,12560.0
5276,727.6,8519.028
5277,727.7,5681.015
5278,727.8,3724.381
5279,727.9,2399.632
5280,728.0,1520.161
5281,728.1,946.492
5282,728.2,579.176
5283,728.3,348.379
5284,728.4,205.946
5285,728.5,119.641
5286,728.6,68.3
5287,728.7,38.324
5288,728.8,21.13
5289,728.9,11.45
5290,729.0,6.097
5291,729.1,3.19
5292,729.2,1.641
5293,729.3,0.829
5294,729.4,0.412
5295,729.5,0.201
5296,729.6,0.096
5297,729.7,0.046
5298,729.8,0.022
5299,729.9,0.011
5300,730.0,0.007
5301,730.1,0.008
5302,730.2,0.014
5303,730.3,0.029
5304,730.4,0.06
5305,730.5,0.124
5306,730.6,0.251
5307,730.7,0.499
5308,730.8,0.977
5309,730.9,1.879
5310,731.0,3.555
5311,731.1,6.611
5312,731.2,12.078
5313,731.3,21.71
5314,731.4,38.35
5315,731.5,66.585
5316,731.6,113.633
5317,731.7,190.681
5318,731.8,314.47
5319,731.9,509.857
5320,732.0,812.601
5321,732.1,1273.169
5322,732.2,1961.312
5323,732.3,2969.48
5324,732.4,4419.209
5325,732.5,6467.0
5326,732.6,9304.209
5327,732.7,13155.883
5328,732.8,18288.877
5329,732.9,25000.996
5330,733.0,33595.114
5331,733.1,44397.249
5332,733.2,57681.809
5333,733.3,73691.39
5334,733.4,92586.391
5335,733.5,114377.992
5336,733.6,139100.0
5337,733.7,166330.913
5338,733.8,195790.798
5339,733.9,226800.0
5340,734.0,258739.295
5341,734.1,290770.647
5342,734.2,321962.962
5343,734.3,351634.43
5344,734.4,379013.524
5345,734.5,403510.222
5346,734.6,424842.276
5347,734.7,442874.51
5348,734.8,457713.717
5349,734.9,469676.67
5350,735.0,479300.0
5351,735.1,487085.328
5352,735.2,493682.511
5353,735.3,499579.093
5354,735.4,505279.557
5355,735.5,510845.856
5356,735.6,516214.27
5357,735.7,521114.924
5358,735.8,525173.88
5359,735.9,527638.497
5360,736.0,527883.811
5361,736.1,525100.0
5362,736.2,518810.677
5363,736.3,508388.211
5364,736.4,493600.0
5365,736.5,474381.851
5366,736.6,450955.585
5367,736.7,423709.484
5368,736.8,393187.319
5369,736.9,360297.571
5370,737.0,325816.5
5371,737.1,290678.002
5372,737.2,255735.753
5373,737.3,221943.763
5374,737.4,189798.599
5375,737.5,160000.0
5376,737.6,132855.857
5377,737.7,108748.777
5378,737.8,87666.627
5379,737.9,69605.389
5380,738.0,54418.543
5381,738.1,41900.476
5382,738.2,31758.661
5383,738.3,23694.07
5384,738.4,17398.465
5385,738.5,12581.698
5386,738.6,8948.0
5387,738.7,6263.431
5388,738.8,4313.986
5389,738.9,2923.0
5390,739.0,1948.861
5391,739.1,1277.598
5392,739.2,824.432
5393,739.3,523.135
5394,739.4,326.511
5395,739.5,200.518
5396,739.6,121.022
5397,739.7,71.943
5398,739.8,42.088
5399,739.9,24.279
5400,740.0,13.87
5401,740.1,7.939
5402,740.2,4.713
5403,740.3,3.156
5404,740.4,2.747
5405,740.5,3.329
5406,740.6,5.086
5407,740.7,8.582
5408,740.8,14.909
5409,740.9,25.92
5410,741.0,44.67
5411,741.1,75.99
5412,741.2,127.371
5413,741.3,210.283
5414,741.4,341.5
5415,741.5,545.625
5416,741.6,857.603
5417,741.7,1325.569
5418,741.8,2015.404
5419,741.9,3014.061
5420,742.0,4432.352
5421,742.1,6409.65
5422,742.2,9116.888
5423,742.3,12752.589
5424,742.4,17542.833
5425,742.5,23730.0
5426,742.6,31571.971
5427,742.7,41306.173
5428,742.8,53153.897
5429,742.9,67259.562
5430,743.0,83705.09
5431,743.1,102467.662
5432,743.2,123301.25
5433,743.3,145961.25
5434,743.4,169861.124
5435,743.5,194490.181
5436,743.6,219000.0
5437,743.7,242490.645
5438,743.8,264016.28
5439,743.9,282800.0
5440,744.0,297768.484
5441,744.1,308448.516
5442,744.2,314137.82
5443,744.3,314724.427
5444,744.4,310050.159
5445,744.5,300422.153
5446,744.6,286222.463
5447,744.7,268282.285
5448,744.8,247204.486
5449,744.9,224140.56
5450,745.0,199700.0
5451,745.1,175112.195
5452,745.2,150992.25
5453,745.3,127966.122
5454,745.4,106743.846
5455,745.5,87567.946
5456,745.6,70632.193
5457,745.7,56042.492
5458,745.8,43730.73
5459,745.9,33559.804
5460,746.0,25336.4
5461,746.1,18810.0
5462,746.2,13739.999
5463,746.3,9868.785
5464,746.4,6973.0
5465,746.5,4846.581
5466,746.6,3314.526
5467,746.7,2229.134
5468,746.8,1475.523
5469,746.9,960.716
5470,747.0,615.594
5471,747.1,388.076
5472,747.2,240.823
5473,747.3,147.034
5474,747.4,88.389
5475,747.5,52.34
5476,747.6,30.525
5477,747.7,17.554
5478,747.8,9.964
5479,747.9,5.601
5480,748.0,3.137
5481,748.1,1.77
5482,748.2,1.028
5483,748.3,0.635
5484,748.4,0.435
5485,748.5,0.34
5486,748.6,0.3
5487,748.7,0.29
5488,748.8,0.295
5489,748.9,0.308
5490,749.0,0.326
5491,749.1,0.348
5492,749.2,0.371
5493,749.3,0.396
5494,749.4,0.424
5495,749.5,0.455
5496,749.6,0.488
5497,749.7,0.524
5498,749.8,0.562
5499,749.9,0.603
5500,750.0,0.645
5501,750.1,0.687
5502,750.2,0.73
5503,750.3,0.77
5504,750.4,0.807
5505,750.5,0.839
5506,750.6,0.865
5507,750.7,0.883
5508,750.8,0.892
5509,750.9,0.891
5510,751.0,0.88
5511,751.1,0.86
5512,751.2,0.83
5513,751.3,0.792
5514,751.4,0.748
5515,751.5,0.699
5516,751.6,0.649
5517,751.7,0.6
5518,751.8,0.555
5519,751.9,0.521
5520,752.0,0.503
5521,752.1,0.51
5522,752.2,0.554
5523,752.3,0.652
5524,752.4,0.824
5525,752.5,1.102
5526,752.6,1.523
5527,752.7,2.139
5528,752.8,3.012
5529,752.9,4.219
5530,753.0,5.852
5531,753.1,8.014
5532,753.2,10.821
5533,753.3,14.386
5534,753.4,18.846
5535,753.5,24.28
5536,753.6,30.8
5537,753.7,38.449
5538,753.8,47.213
5539,753.9,57.06
5540,754.0,67.848
5541,754.1,79.388
5542,754.2,91.382
5543,754.3,103.507
5544,754.4,115.35
5545,754.5,126.478
5546,754.6,136.518
5547,754.7,144.865
5548,754.8,151.346
5549,754.9,155.546
5550,755.0,157.3
5551,755.1,156.506
5552,755.2,153.259
5553,755.3,147.538
5554,755.4,139.899
5555,755.5,130.426
5556,755.6,119.683
5557,755.7,108.035
5558,755.8,95.941
5559,755.9,83.845
5560,756.0,72.097
5561,756.1,61.0
5562,756.2,50.773
5563,756.3,41.584
5564,756.4,33.51
5565,756.5,26.576
5566,756.6,20.733
5567,756.7,15.911
5568,756.8,12.015
5569,756.9,8.93
5570,757.0,6.529
5571,757.1,4.697
5572,757.2,3.325
5573,757.3,2.315
5574,757.4,1.586
5575,757.5,1.069
5576,757.6,0.709
5577,757.7,0.463
5578,757.8,0.297
5579,757.9,0.188
5580,758.0,0.117
5581,758.1,0.071
5582,758.2,0.043
5583,758.3,0.025
5584,758.4,0.015
5585,758.5,0.009
5586,758.6,0.005
5587,758.7,0.003
5588,758.8,0.001
5589,758.9,0.001
5590,759.0,0.0
5591,759.1,0.0
5592,759.2,0.0
5593,759.3,0.0
5594,759.4,0.0
5595,759.5,0.0
5596,759.6,0.0
5597,759.7,0.0
5598,759.8,0.0
5599,759.9,0.0
5600,760.0,0.0
5601,760.1,0.0
5602,760.2,0.0
5603,760.3,0.0
5604,760.4,0.0
5605,760.5,0.0
5606,760.6,0.0
5607,760.7,0.0
5608,760.8,0.0
5609,760.9,0.0
5610,761.0,0.0
5611,761.1,0.0
5612,761.2,0.0
5613,761.3,0.0
5614,761.4,0.0
5615,761.5,0.0
5616,761.6,0.0
5617,761.7,0.0
5618,761.8,0.0
5619,761.9,0.0
5620,762.0,0.0
5621,762.1,0.0
5622,762.2,0.0
5623,762.3,0.0
5624,762.4,0.0
5625,762.5,0.0
5626,762.6,0.0
5627,762.7,0.0
5628,762.8,0.0
5629,762.9,0.0
5630,763.0,0.0
5631,763.1,0.0
5632,763.2,0.0
5633,763.3,0.0
5634,763.4,0.0
5635,763.5,0.0
5636,763.6,0.0
5637,763.7,0.0
5638,763.8,0.0
5639,763.9,0.0
5640,764.0,0.0
5641,764.1,0.0
5642,764.2,0.0
5643,764.3,0.0
5644,764.4,0.0
5645,764.5,0.0
5646,764.6,0.0
5647,764.7,0.0
5648,764.8,0.0
5649,764.9,0.0
5650,765.0,0.0
5651,765.1,0.0
5652,765.2,0.0
5653,765.3,0.0
5654,765.4,0.0
5655,765.5,0.0
5656,765.6,0.0
5657,765.7,0.0
5658,765.8,0.0
5659,765.9,0.0
5660,766.0,0.0
5661,766.1,0.0
5662,766.2,0.0
5663,766.3,0.0
5664,766.4,0.0
5665,766.5,0.0
5666,766.6,0.0
5667,766.7,0.0
5668,766.8,0.0
5669,766.9,0.0
5670,767.0,0.0
5671,767.1,0.0
5672,767.2,0.0
5673,767.3,0.0
5674,767.4,0.0
5675,767.5,0.0
5676,767.6,0.0
5677,767.7,0.0
5678,767.8,0.0
5679,767.9,0.0
5680,768.0,0.0
5681,768.1,0.0
5682,768.2,0.0
5683,768.3,0.0
5684,768.4,0.0
5685,768.5,0.0
5686,768.6,0.0
5687,768.7,0.0
5688,768.8,0.0
5689,768.9,0.0
5690,769.0,0.0
5691,769.1,0.0
5692,769.2,0.001
5693,769.3,0.002
5694,769.4,0.005
5695,769.5,0.01
5696,769.6,0.022
5697,769.7,0.045
5698,769.8,0.091
5699,769.9,0.182
5700,770.0,0.358
5701,770.1,0.694
5702,770.2,1.322
5703,770.3,2.479
5704,770.4,4.582
5705,770.5,8.335
5706,770.6,14.936
5707,770.7,26.337
5708,770.8,45.753
5709,770.9,78.252
5710,771.0,131.837
5711,771.1,218.6
5712,771.2,357.043
5713,771.3,574.142
5714,771.4,909.1
5715,771.5,1417.781
5716,771.6,2176.573
5717,771.7,3290.118
5718,771.8,4898.817
5719,771.9,7181.33
5720,772.0,10367.182
5721,772.1,14740.611
5722,772.2,20623.428
5723,772.3,28424.637
5724,772.4,38577.545
5725,772.5,51550.0
5726,772.6,67844.215
5727,772.7,87912.55
5728,772.8,112125.583
5729,772.9,140899.984
5730,773.0,174393.445
5731,773.1,212408.549
5732,773.2,254855.39
5733,773.3,301005.791
5734,773.4,350102.856
5735,773.5,400982.73
5736,773.6,452300.0
5737,773.7,502315.149
5738,773.8,549320.07
5739,773.9,591500.0
5740,774.0,627211.036
5741,774.1,654931.993
5742,774.2,673298.769
5743,774.3,681694.827
5744,774.4,679586.187
5745,774.5,667103.668
5746,774.6,644857.189
5747,774.7,613840.544
5748,774.8,575290.529
5749,774.9,530990.987
5750,775.0,482600.0
5751,775.1,431861.252
5752,775.2,380514.683
5753,775.3,330149.071
5754,775.4,282113.484
5755,775.5,237370.907
5756,775.6,196634.836
5757,775.7,160425.591
5758,775.8,128887.567
5759,775.9,101964.996
5760,776.0,79402.045
5761,776.1,60900.0
5762,776.2,45993.678
5763,776.3,34206.471
5764,776.4,25050.0
5765,776.5,18074.913
5766,776.6,12846.993
5767,776.7,9000.207
5768,776.8,6231.951
5769,776.9,4281.992
5770,777.0,2953.446
5771,777.1,2095.897
5772,777.2,1605.782
5773,777.3,1415.376
5774,777.4,1499.585
5775,777.5,1863.0
5776,777.6,2546.51
5777,777.7,3627.027
5778,777.8,5216.926
5779,777.9,7468.635
5780,778.0,10573.52
5781,778.1,14777.411
5782,778.2,20355.375
5783,778.3,27618.07
5784,778.4,36905.767
5785,778.5,48585.82
5786,778.6,62990.0
5787,778.7,80453.757
5788,778.8,101146.863
5789,778.9,125400.0
5790,779.0,152917.018
5791,779.1,183854.215
5792,779.2,217587.042
5793,779.3,253677.123
5794,779.4,291295.129
5795,779.5,329408.317
5796,779.6,366954.172
5797,779.7,402594.621
5798,779.8,434963.928
5799,779.9,462972.404
5800,780.0,485200.0
5801,780.1,500970.268
5802,780.2,509405.099
5803,780.3,510220.807
5804,780.4,503240.803
5805,780.5,488918.524
5806,780.6,467919.825
5807,780.7,440969.134
5808,780.8,409369.558
5809,780.9,374266.602
5810,781.0,337011.459
5811,781.1,298900.0
5812,781.2,261098.518
5813,781.3,224630.737
5814,781.4,190400.0
5815,781.5,158885.654
5816,781.6,130650.357
5817,781.7,105766.365
5818,781.8,84326.218
5819,781.9,66234.659
5820,782.0,51231.447
5821,782.1,39035.045
5822,782.2,29292.594
5823,782.3,21652.743
5824,782.4,15764.505
5825,782.5,11300.0
5826,782.6,7982.109
5827,782.7,5551.164
5828,782.8,3802.691
5829,782.9,2565.897
5830,783.0,1705.637
5831,783.1,1115.871
5832,783.2,719.665
5833,783.3,456.949
5834,783.4,285.769
5835,783.5,175.947
5836,783.6,106.8
5837,783.7,63.799
5838,783.8,37.548
5839,783.9,21.77
5840,784.0,12.421
5841,784.1,6.987
5842,784.2,3.87
5843,784.3,2.11
5844,784.4,1.134
5845,784.5,0.6
5846,784.6,0.313
5847,784.7,0.16
5848,784.8,0.081
5849,784.9,0.04
5850,785.0,0.02
5851,785.1,0.01
5852,785.2,0.005
5853,785.3,0.002
5854,785.4,0.001
5855,785.5,0.0
5856,785.6,0.0
5857,785.7,0.0
5858,785.8,0.0
5859,785.9,0.0
5860,786.0,0.0
5861,786.1,0.0
5862,786.2,0.0
5863,786.3,0.0
5864,786.4,0.0
5865,786.5,0.0
5866,786.6,0.0
5867,786.7,0.0
5868,786.8,0.0
5869,786.9,0.0
5870,787.0,0.0
5871,787.1,0.0
5872,787.2,0.0
5873,787.3,0.0
5874,787.4,0.0
5875,787.5,0.0
5876,787.6,0.0
5877,787.7,0.0
5878,787.8,0.0
5879,787.9,0.0
5880,788.0,0.0
5881,788.1,0.0
5882,788.2,0.0
5883,788.3,0.0
5884,788.4,0.0
5885,788.5,0.0
5886,788.6,0.0
5887,788.7,0.0
5888,788.8,0.0
5889,788.9,0.0
5890,789.0,0.0
5891,789.1,0.0
5892,789.2,0.0
5893,789.3,0.0
5894,789.4,0.0
5895,789.5,0.0
5896,789.6,0.0
5897,789.7,0.0
5898,789.8,0.0
5899,789.9,0.0
5900,790.0,0.0
5901,790.1,0.0
5902,790.2,0.0
5903,790.3,0.0
5904,790.4,0.0
5905,790.5,0.0
5906,790.6,0.0
5907,790.7,0.0
5908,790.8,0.0
5909,790.9,0.0
5910,791.0,0.0
5911,791.1,0.0
5912,791.2,0.0
5913,791.3,0.0
5914,791.4,0.0
5915,791.5,0.0
5916,791.6,0.0
5917,791.7,0.0
5918,791.8,0.0
5919,791.9,0.0
5920,792.0,0.0
5921,792.1,0.0
5922,792.2,0.0
5923,792.3,0.0
5924,792.4,0.0
5925,792.5,0.0
5926,792.6,0.0
5927,792.7,0.0
5928,792.8,0.0
5929,792.9,0.0
5930,793.0,0.0
5931,793.1,0.0
5932,793.2,0.0
5933,793.3,0.0
5934,793.4,0.0
5935,793.5,0.0
5936,793.6,0.0
5937,793.7,0.0
5938,793.8,0.0
5939,793.9,0.0
5940,794.0,0.0
5941,794.1,0.0
5942,794.2,0.0
5943,794.3,0.0
5944,794.4,0.0
5945,794.5,0.0
5946,794.6,0.0
5947,794.7,0.0
5948,794.8,0.0
5949,794.9,0.0
5950,795.0,0.0
5951,795.1,0.0
5952,795.2,0.0
5953,795.3,0.0
5954,795.4,0.0
5955,795.5,0.0
5956,795.6,0.0
5957,795.7,0.0
5958,795.8,0.0
5959,795.9,0.0
5960,796.0,0.0
5961,796.1,0.0
5962,796.2,0.0
5963,796.3,0.0
5964,796.4,0.0
5965,796.5,0.0
5966,796.6,0.0
5967,796.7,0.0
5968,796.8,0.0
5969,796.9,0.0
5970,797.0,0.0
5971,797.1,0.0
5972,797.2,0.0
5973,797.3,0.0
5974,797.4,0.0
5975,797.5,0.0
5976,797.6,0.0
5977,797.7,0.0
5978,797.8,0.0
5979,797.9,0.0
5980,798.0,0.0
5981,798.1,0.0
5982,798.2,0.0
5983,798.3,0.0
5984,798.4,0.0
5985,798.5,0.0
5986,798.6,0.0
5987,798.7,0.0
5988,798.8,0.0
5989,798.9,0.0
5990,799.0,0.0
5991,799.1,0.0
5992,799.2,0.0
5993,799.3,0.0
5994,799.4,0.0
5995,799.5,0.0
5996,799.6,0.0
5997,799.7,0.0
5998,799.8,0.0
5999,799.9,0.0
6000,800.0,0.0
6001,800.1,0.0
6002,800.2,0.0
6003,800.3,0.0
6004,800.4,0.0
6005,800.5,0.0
6006,800.6,0.0
6007,800.7,0.0
6008,800.8,0.0
6009,800.9,0.0
6010,801.0,0.0
6011,801.1,0.0
6012,801.2,0.0
6013,801.3,0.0
6014,801.4,0.0
6015,801.5,0.0
6016,801.6,0.0
6017,801.7,0.0
6018,801.8,0.0
6019,801.9,0.0
6020,802.0,0.0
6021,802.1,0.0
6022,802.2,0.0
6023,802.3,0.0
6024,802.4,0.0
6025,802.5,0.0
6026,802.6,0.0
6027,802.7,0.0
6028,802.8,0.0
6029,802.9,0.0
6030,803.0,0.0
6031,803.1,0.0
6032,803.2,0.0
6033,803.3,0.0
6034,803.4,0.0
6035,803.5,0.0
6036,803.6,0.0
6037,803.7,0.0
6038,803.8,0.0
6039,803.9,0.0
6040,804.0,0.0
6041,804.1,0.0
6042,804.2,0.0
6043,804.3,0.0
6044,804.4,0.0
6045,804.5,0.0
6046,804.6,0.0
6047,804.7,0.0
6048,804.8,0.0
6049,804.9,0.0
6050,805.0,0.0
6051,805.1,0.0
6052,805.2,0.0
6053,805.3,0.0
6054,805.4,0.0
6055,805.5,0.0
6056,805.6,0.0
6057,805.7,0.0
6058,805.8,0.0
6059,805.9,0.0
6060,806.0,0.0
6061,806.1,0.0
6062,806.2,0.0
6063,806.3,0.0
6064,806.4,0.0
6065,806.5,0.0
6066,806.6,0.0
6067,806.7,0.0
6068,806.8,0.0
6069,806.9,0.0
6070,807.0,0.0
6071,807.1,0.0
6072,807.2,0.0
6073,807.3,0.0
6074,807.4,0.0
6075,807.5,0.0
6076,807.6,0.0
6077,807.7,0.0
6078,807.8,0.0
6079,807.9,0.0
6080,808.0,0.0
6081,808.1,0.0
6082,808.2,0.0
6083,808.3,0.0
6084,808.4,0.0
6085,808.5,0.0
6086,808.6,0.0
6087,808.7,0.0
6088,808.8,0.0
6089,808.9,0.0
6090,809.0,0.0
6091,809.1,0.0
6092,809.2,0.0
6093,809.3,0.0
6094,809.4,0.0
6095,809.5,0.0
6096,809.6,0.0
6097,809.7,0.0
6098,809.8,0.0
6099,809.9,0.0
6100,810.0,0.0
6101,810.1,0.0
6102,810.2,0.0
6103,810.3,0.0
6104,810.4,0.0
6105,810.5,0.0
6106,810.6,0.0
6107,810.7,0.0
6108,810.8,0.0
6109,810.9,0.0
6110,811.0,0.0
6111,811.1,0.0
6112,811.2,0.0
6113,811.3,0.0
6114,811.4,0.0
6115,811.5,0.0
6116,811.6,0.0
6117,811.7,0.0
6118,811.8,0.0
6119,811.9,0.0
6120,812.0,0.0
6121,812.1,0.0
6122,812.2,0.0
6123,812.3,0.0
6124,812.4,0.0
6125,812.5,0.0
6126,812.6,0.0
6127,812.7,0.0
6128,812.8,0.0
6129,812.9,0.0
6130,813.0,0.0
6131,813.1,0.0
6132,813.2,0.0
6133,813.3,0.0
6134,813.4,0.0
6135,813.5,0.0
6136,813.6,0.0
6137,813.7,0.0
6138,813.8,0.0
6139,813.9,0.0
6140,814.0,0.0
6141,814.1,0.0
6142,814.2,0.0
6143,814.3,0.0
6144,814.4,0.0
6145,814.5,0.0
6146,814.6,0.0
6147,814.7,0.0
6148,814.8,0.0
6149,814.9,0.0
6150,815.0,0.0
6151,815.1,0.0
6152,815.2,0.0
6153,815.3,0.0
6154,815.4,0.0
6155,815.5,0.0
6156,815.6,0.0
6157,815.7,0.0
6158,815.8,0.0
6159,815.9,0.0
6160,816.0,0.0
6161,816.1,0.0
6162,816.2,0.0
6163,816.3,0.0
6164,816.4,0.0
6165,816.5,0.0
6166,816.6,0.0
6167,816.7,0.0
6168,816.8,0.0
6169,816.9,0.0
6170,817.0,0.0
6171,817.1,0.0
6172,817.2,0.0
6173,817.3,0.0
6174,817.4,0.0
6175,817.5,0.0
6176,817.6,0.0
6177,817.7,0.0
6178,817.8,0.0
6179,817.9,0.0
6180,818.0,0.0
6181,818.1,0.0
6182,818.2,0.0
6183,818.3,0.0
6184,818.4,0.0
6185,818.5,0.0
6186,818.6,0.0
6187,818.7,0.0
6188,818.8,0.0
6189,818.9,0.0
6190,819.0,0.0
6191,819.1,0.0
6192,819.2,0.0
6193,819.3,0.0
6194,819.4,0.0
6195,819.5,0.0
6196,819.6,0.0
6197,819.7,0.0
6198,819.8,0.0
6199,819.9,0.0
6200,820.0,0.0
6201,820.1,0.0
6202,820.2,0.0
6203,820.3,0.0
6204,820.4,0.0
6205,820.5,0.0
6206,820.6,0.0
6207,820.7,0.0
6208,820.8,0.0
6209,820.9,0.0
6210,821.0,0.0
6211,821.1,0.0
6212,821.2,0.0
6213,821.3,0.0
6214,821.4,0.0
6215,821.5,0.0
6216,821.6,0.0
6217,821.7,0.0
6218,821.8,0.0
6219,821.9,0.0
6220,822.0,0.0
6221,822.1,0.0
6222,822.2,0.0
6223,822.3,0.0
6224,822.4,0.0
6225,822.5,0.0
6226,822.6,0.0
6227,822.7,0.0
6228,822.8,0.0
6229,822.9,0.0
6230,823.0,0.0
6231,823.1,0.0
6232,823.2,0.0
6233,823.3,0.0
6234,823.4,0.0
6235,823.5,0.0
6236,823.6,0.0
6237,823.7,0.0
6238,823.8,0.0
6239,823.9,0.0
6240,824.0,0.0
6241,824.1,0.0
6242,824.2,0.0
6243,824.3,0.0
6244,824.4,0.0
6245,824.5,0.0
6246,824.6,0.0
6247,824.7,0.0
6248,824.8,0.0
6249,824.9,0.0
6250,825.0,0.0
6251,825.1,0.0
6252,825.2,0.0
6253,825.3,0.0
6254,825.4,0.0
6255,825.5,0.0
6256,825.6,0.0
6257,825.7,0.0
6258,825.8,0.0
6259,825.9,0.0
6260,826.0,0.0
6261,826.1,0.0
6262,826.2,0.0
6263,826.3,0.0
6264,826.4,0.0
6265,826.5,0.0
6266,826.6,0.0
6267,826.7,0.0
6268,826.8,0.0
6269,826.9,0.0
6270,827.0,0.0
6271,827.1,0.0
6272,827.2,0.0
6273,827.3,0.0
6274,827.4,0.0
6275,827.5,0.0
6276,827.6,0.0
6277,827.7,0.0
6278,827.8,0.0
6279,827.9,0.0
6280,828.0,0.0
6281,828.1,0.0
6282,828.2,0.0
6283,828.3,0.0
6284,828.4,0.0
6285,828.5,0.0
6286,828.6,0.0
6287,828.7,0.0
6288,828.8,0.0
6289,828.9,0.0
6290,829.0,0.0
6291,829.1,0.0
6292,829.2,0.0
6293,829.3,0.0
6294,829.4,0.0
6295,829.5,0.0
6296,829.6,0.0
6297,829.7,0.0
6298,829.8,0.0
6299,829.9,0.0
6300,830.0,0.0
6301,830.1,0.0
6302,830.2,0.0
6303,830.3,0.0
6304,830.4,0.0
6305,830.5,0.0
6306,830.6,0.0
6307,830.7,0.0
6308,830.8,0.0
6309,830.9,0.0
6310,831.0,0.0
6311,831.1,0.001
6312,831.2,0.001
6313,831.3,0.002
6314,831.4,0.003
6315,831.5,0.004
6316,831.6,0.007
6317,831.7,0.013
6318,831.8,0.022
6319,831.9,0.039
6320,832.0,0.069
6321,832.1,0.122
6322,832.2,0.214
6323,832.3,0.375
6324,832.4,0.652
6325,832.5,1.124
6326,832.6,1.917
6327,832.7,3.233
6328,832.8,5.391
6329,832.9,8.883
6330,833.0,14.45
6331,833.1,23.222
6332,833.2,36.829
6333,833.3,57.685
6334,833.4,89.184
6335,833.5,136.089
6336,833.6,205.0
6337,833.7,304.725
6338,833.8,447.106
6339,833.9,647.6
6340,834.0,925.626
6341,834.1,1306.197
6342,834.2,1818.266
6343,834.3,2500.236
6344,834.4,3392.367
6345,834.5,4543.288
6346,834.6,6008.12
6347,834.7,7842.779
6348,834.8,10107.738
6349,834.9,12867.112
6350,835.0,16170.0
6351,835.1,20077.88
6352,835.2,24629.331
6353,835.3,29853.291
6354,835.4,35765.315
6355,835.5,42353.758
6356,835.6,49614.527
6357,835.7,57497.5
6358,835.8,65972.059
6359,835.9,74979.534
6360,836.0,84459.216
6361,836.1,94370.0
6362,836.2,104669.395
6363,836.3,115300.902
6364,836.4,126400.0
6365,836.5,137782.215
6366,836.6,149669.317
6367,836.7,162058.507
6368,836.8,174929.716
6369,836.9,188602.345
6370,837.0,202745.76
6371,837.1,217627.752
6372,837.2,233032.014
6373,837.3,248895.016
6374,837.4,264907.716
6375,837.5,280800.0
6376,837.6,296268.439
6377,837.7,310846.799
6378,837.8,323938.494
6379,837.9,335256.268
6380,838.0,344063.24
6381,838.1,350171.694
6382,838.2,353062.803
6383,838.3,352636.94
6384,838.4,348603.904
6385,838.5,341108.052
6386,838.6,330200.0
6387,838.7,316285.733
6388,838.8,299768.229
6389,838.9,281100.0
6390,839.0,260894.643
6391,839.1,239829.354
6392,839.2,218686.223
6393,839.3,197907.466
6394,839.4,178276.248
6395,839.5,160392.122
6396,839.6,144620.966
6397,839.7,131371.982
6398,839.8,121068.114
6399,839.9,113754.144
6400,840.0,109700.0
6401,840.1,108871.996
6402,840.2,111097.853
6403,840.3,116249.307
6404,840.4,124279.443
6405,840.5,134818.52
6406,840.6,147570.195
6407,840.7,162301.117
6408,840.8,178859.016
6409,840.9,196797.994
6410,841.0,216006.397
6411,841.1,236500.0
6412,841.2,258144.846
6413,841.3,281139.233
6414,841.4,305700.0
6415,841.5,332128.063
6416,841.6,360908.693
6417,841.7,392494.241
6418,841.8,427438.814
6419,841.9,466283.09
6420,842.0,509527.587
6421,842.1,557518.56
6422,842.2,610435.52
6423,842.3,668376.235
6424,842.4,730904.594
6425,842.5,797600.0
6426,842.6,867425.034
6427,842.7,939264.157
6428,842.8,1011149.921
6429,842.9,1082251.307
6430,843.0,1149570.384
6431,843.1,1211974.164
6432,843.2,1266746.241
6433,843.3,1312060.841
6434,843.4,1345793.266
6435,843.5,1366484.882
6436,843.6,1374000.0
6437,843.7,1366276.384
6438,843.8,1344108.336
6439,843.9,1308000.0
6440,844.0,1258024.73
6441,844.1,1195803.691
6442,844.2,1124461.843
6443,844.3,1043864.707
6444,844.4,958259.592
6445,844.5,869075.905
6446,844.6,778631.101
6447,844.7,689133.075
6448,844.8,602387.704
6449,844.9,520232.854
6450,845.0,443600.0
6451,845.1,373637.585
6452,845.2,310800.109
6453,845.3,255173.672
6454,845.4,207003.126
6455,845.5,165755.414
6456,845.6,131114.25
6457,845.7,102355.431
6458,845.8,78889.575
6459,845.9,60033.934
6460,846.0,45108.742
6461,846.1,33470.0
6462,846.2,24506.481
6463,846.3,17717.723
6464,846.4,12650.0
6465,846.5,8913.404
6466,846.6,6200.937
6467,846.7,4258.378
6468,846.8,2886.776
6469,846.9,1932.322
6470,847.0,1276.181
6471,847.1,832.524
6472,847.2,535.955
6473,847.3,340.586
6474,847.4,213.656
6475,847.5,132.3
6476,847.6,80.915
6477,847.7,48.829
6478,847.8,29.086
6479,847.9,17.107
6480,848.0,9.93
6481,848.1,5.691
6482,848.2,3.218
6483,848.3,1.797
6484,848.4,0.99
6485,848.5,0.539
6486,848.6,0.29
6487,848.7,0.153
6488,848.8,0.08
6489,848.9,0.041
6490,849.0,0.021
6491,849.1,0.011
6492,849.2,0.005
6493,849.3,0.003
6494,849.4,0.001
6495,849.5,0.001
6496,849.6,0.0
6497,849.7,0.0
6498,849.8,0.0
6499,849.9,0.0
6500,850.0,0.0
6501,850.1,0.0
6502,850.2,0.0
6503,850.3,0.0
6504,850.4,0.0
6505,850.5,0.0
6506,850.6,0.0
6507,850.7,0.0
6508,850.8,0.0
6509,850.9,0.0
6510,851.0,0.0
6511,851.1,0.0
6512,851.2,0.0
6513,851.3,0.0
6514,851.4,0.0
6515,851.5,0.0
6516,851.6,0.0
6517,851.7,0.0
6518,851.8,0.0
6519,851.9,0.0
6520,852.0,0.0
6521,852.1,0.0
6522,852.2,0.0
6523,852.3,0.0
6524,852.4,0.0
6525,852.5,0.0
6526,852.6,0.0
6527,852.7,0.0
6528,852.8,0.0
6529,852.9,0.0
6530,853.0,0.0
6531,853.1,0.0
6532,853.2,0.0
6533,853.3,0.0
6534,853.4,0.0
6535,853.5,0.0
6536,853.6,0.0
6537,853.7,0.0
6538,853.8,0.0
6539,853.9,0.0
6540,854.0,0.0
6541,854.1,0.0
6542,854.2,0.0
6543,854.3,0.0
6544,854.4,0.0
6545,854.5,0.0
6546,854.6,0.0
6547,854.7,0.0
6548,854.8,0.0
6549,854.9,0.0
6550,855.0,0.0
6551,855.1,0.0
6552,855.2,0.0
6553,855.3,0.0
6554,855.4,0.0
6555,855.5,0.0
6556,855.6,0.0
6557,855.7,0.0
6558,855.8,0.0
6559,855.9,0.0
6560,856.0,0.0
6561,856.1,0.0
6562,856.2,0.0
6563,856.3,0.0
6564,856.4,0.0
6565,856.5,0.0
6566,856.6,0.0
6567,856.7,0.0
6568,856.8,0.0
6569,856.9,0.0
6570,857.0,0.0
6571,857.1,0.0
6572,857.2,0.0
6573,857.3,0.0
6574,857.4,0.0
6575,857.5,0.0
6576,857.6,0.0
6577,857.7,0.0
6578,857.8,0.0
6579,857.9,0.0
6580,858.0,0.0
6581,858.1,0.0
6582,858.2,0.0
6583,858.3,0.0
6584,858.4,0.0
6585,858.5,0.0
6586,858.6,0.0
6587,858.7,0.0
6588,858.8,0.0
6589,858.9,0.0
6590,859.0,0.0
6591,859.1,0.0
6592,859.2,0.0
6593,859.3,0.0
6594,859.4,0.0
6595,859.5,0.0
6596,859.6,0.0
6597,859.7,0.0
6598,859.8,0.0
6599,859.9,0.0
6600,860.0,0.0
6601,860.1,0.0
6602,860.2,0.0
6603,860.3,0.0
6604,860.4,0.0
6605,860.5,0.0
6606,860.6,0.0
6607,860.7,0.0
6608,860.8,0.0
6609,860.9,0.0
6610,861.0,0.0
6611,861.1,0.0
6612,861.2,0.0
6613,861.3,0.0
6614,861.4,0.0
6615,861.5,0.0
6616,861.6,0.0
6617,861.7,0.0
6618,861.8,0.0
6619,861.9,0.0
6620,862.0,0.0
6621,862.1,0.0
6622,862.2,0.001
6623,862.3,0.001
6624,862.4,0.002
6625,862.5,0.005
6626,862.6,0.009
6627,862.7,0.017
6628,862.8,0.031
6629,862.9,0.058
6630,863.0,0.104
6631,863.1,0.186
6632,863.2,0.329
6633,863.3,0.575
6634,863.4,0.991
6635,863.5,1.688
6636,863.6,2.84
6637,863.7,4.72
6638,863.8,7.748
6639,863.9,12.57
6640,864.0,20.132
6641,864.1,31.873
6642,864.2,49.842
6643,864.3,76.986
6644,864.4,117.509
6645,864.5,177.13
6646,864.6,263.872
6647,864.7,388.371
6648,864.8,564.601
6649,864.9,811.019
6650,865.0,1151.0
6651,865.1,1613.967
6652,865.2,2236.708
6653,865.3,3062.075
6654,865.4,4142.278
6655,865.5,5537.603
6656,865.6,7314.892
6657,865.7,9549.327
6658,865.8,12321.128
6659,865.9,15701.877
6660,866.0,19789.63
6661,866.1,24650.0
6662,866.2,30346.465
6663,866.3,36931.196
6664,866.4,44430.0
6665,866.5,52840.173
6666,866.6,62148.326
6667,866.7,72265.949
6668,866.8,83103.252
6669,866.9,94516.361
6670,867.0,106294.217
6671,867.1,118295.519
6672,867.2,130317.801
6673,867.3,141905.158
6674,867.4,153043.569
6675,867.5,163300.0
6676,867.6,172550.619
6677,867.7,180485.679
6678,867.8,186982.113
6679,867.9,191897.827
6680,868.0,195168.106
6681,868.1,196676.294
6682,868.2,196542.272
6683,868.3,194672.245
6684,868.4,191293.415
6685,868.5,186388.008
6686,868.6,180400.0
6687,868.7,173199.026
6688,868.8,165117.645
6689,868.9,156400.0
6690,869.0,147037.679
6691,869.1,137439.92
6692,869.2,127610.443
6693,869.3,117794.026
6694,869.4,108065.881
6695,869.5,98538.616
6696,869.6,89298.464
6697,869.7,80434.693
6698,869.8,71986.925
6699,869.9,64020.913
6700,870.0,56560.0
6701,870.1,49629.162
6702,870.2,43242.953
6703,870.3,37400.866
6704,870.4,32108.357
6705,870.5,27346.615
6706,870.6,23120.702
6707,870.7,19402.148
6708,870.8,16158.754
6709,870.9,13380.007
6710,871.0,11027.146
6711,871.1,9077.0
6712,871.2,7499.925
6713,871.3,6266.614
6714,871.4,5353.0
6715,871.5,4735.604
6716,871.6,4394.564
6717,871.7,4313.135
6718,871.8,4477.163
6719,871.9,4876.504
6720,872.0,5500.175
6721,872.1,6338.303
6722,872.2,7380.157
6723,872.3,8612.213
6724,872.4,10016.981
6725,872.5,11580.0
6726,872.6,13257.949
6727,872.7,15030.197
6728,872.8,16854.063
6729,872.9,18687.049
6730,873.0,20475.338
6731,873.1,22174.901
6732,873.2,23724.964
6733,873.3,25085.713
6734,873.4,26201.544
6735,873.5,27039.311
6736,873.6,27560.0
6737,873.7,27764.674
6738,873.8,27627.16
6739,873.9,27170.0
6740,874.0,26382.925
6741,874.1,25323.342
6742,874.2,24008.748
6743,874.3,22487.1
6744,874.4,20813.455
6745,874.5,19026.896
6746,874.6,17183.235
6747,874.7,15334.014
6748,874.8,13522.524
6749,874.9,11776.535
6750,875.0,10130.0
6751,875.1,8615.062
6752,875.2,7235.177
6753,875.3,6004.586
6754,875.4,4922.142
6755,875.5,3986.791
6756,875.6,3190.357
6757,875.7,2522.301
6758,875.8,1969.397
6759,875.9,1519.502
6760,876.0,1158.8
6761,876.1,872.7
6762,876.2,649.397
6763,876.3,477.343
6764,876.4,346.7
6765,876.5,248.788
6766,876.6,176.369
6767,876.7,123.452
6768,876.8,85.461
6769,876.9,58.417
6770,877.0,39.448
6771,877.1,26.323
6772,877.2,17.35
6773,877.3,11.297
6774,877.4,7.271
6775,877.5,4.622
6776,877.6,2.903
6777,877.7,1.802
6778,877.8,1.105
6779,877.9,0.671
6780,878.0,0.404
6781,878.1,0.242
6782,878.2,0.147
6783,878.3,0.093
6784,878.4,0.065
6785,878.5,0.055
6786,878.6,0.056
6787,878.7,0.068
6788,878.8,0.089
6789,878.9,0.121
6790,879.0,0.165
6791,879.1,0.224
6792,879.2,0.302
6793,879.3,0.402
6794,879.4,0.529
6795,879.5,0.689
6796,879.6,0.887
6797,879.7,1.127
6798,879.8,1.418
6799,879.9,1.762
6800,880.0,2.165
6801,880.1,2.63
6802,880.2,3.16
6803,880.3,3.752
6804,880.4,4.408
6805,880.5,5.122
6806,880.6,5.889
6807,880.7,6.699
6808,880.8,7.545
6809,880.9,8.413
6810,881.0,9.292
6811,881.1,10.17
6812,881.2,11.032
6813,881.3,11.876
6814,881.4,12.68
6815,881.5,13.445
6816,881.6,14.17
6817,881.7,14.844
6818,881.8,15.464
6819,881.9,16.035
6820,882.0,16.57
6821,882.1,17.051
6822,882.2,17.49
6823,882.3,17.873
6824,882.4,18.217
6825,882.5,18.5
6826,882.6,18.722
6827,882.7,18.872
6828,882.8,18.933
6829,882.9,18.907
6830,883.0,18.769
6831,883.1,18.519
6832,883.2,18.145
6833,883.3,17.647
6834,883.4,17.027
6835,883.5,16.291
6836,883.6,15.46
6837,883.7,14.526
6838,883.8,13.525
6839,883.9,12.48
6840,884.0,11.398
6841,884.1,10.325
6842,884.2,9.267
6843,884.3,8.258
6844,884.4,7.316
6845,884.5,6.457
6846,884.6,5.7
6847,884.7,5.055
6848,884.8,4.531
6849,884.9,4.135
6850,885.0,3.868
6851,885.1,3.731
6852,885.2,3.722
6853,885.3,3.835
6854,885.4,4.062
6855,885.5,4.394
6856,885.6,4.817
6857,885.7,5.319
6858,885.8,5.882
6859,885.9,6.488
6860,886.0,7.116
6861,886.1,7.746
6862,886.2,8.356
6863,886.3,8.926
6864,886.4,9.434
6865,886.5,9.863
6866,886.6,10.197
6867,886.7,10.418
6868,886.8,10.525
6869,886.9,10.508
6870,887.0,10.37
6871,887.1,10.116
6872,887.2,9.755
6873,887.3,9.295
6874,887.4,8.754
6875,887.5,8.148
6876,887.6,7.495
6877,887.7,6.814
6878,887.8,6.123
6879,887.9,5.437
6880,888.0,4.772
6881,888.1,4.139
6882,888.2,3.548
6883,888.3,3.006
6884,888.4,2.517
6885,888.5,2.083
6886,888.6,1.704
6887,888.7,1.378
6888,888.8,1.101
6889,888.9,0.87
6890,889.0,0.679
6891,889.1,0.525
6892,889.2,0.402
6893,889.3,0.305
6894,889.4,0.229
6895,889.5,0.173
6896,889.6,0.13
6897,889.7,0.1
6898,889.8,0.079
6899,889.9,0.066
6900,890.0,0.059
6901,890.1,0.057
6902,890.2,0.059
6903,890.3,0.064
6904,890.4,0.072
6905,890.5,0.082
6906,890.6,0.094
6907,890.7,0.108
6908,890.8,0.124
6909,890.9,0.14
6910,891.0,0.157
6911,891.1,0.173
6912,891.2,0.19
6913,891.3,0.206
6914,891.4,0.22
6915,891.5,0.233
6916,891.6,0.244
6917,891.7,0.252
6918,891.8,0.258
6919,891.9,0.261
6920,892.0,0.26
6921,892.1,0.257
6922,892.2,0.251
6923,892.3,0.242
6924,892.4,0.231
6925,892.5,0.218
6926,892.6,0.203
6927,892.7,0.187
6928,892.8,0.17
6929,892.9,0.153
6930,893.0,0.136
6931,893.1,0.119
6932,893.2,0.104
6933,893.3,0.089
6934,893.4,0.076
6935,893.5,0.063
6936,893.6,0.053
6937,893.7,0.043
6938,893.8,0.035
6939,893.9,0.028
6940,894.0,0.022
6941,894.1,0.017
6942,894.2,0.013
6943,894.3,0.01
6944,894.4,0.008
6945,894.5,0.006
6946,894.6,0.004
6947,894.7,0.003
6948,894.8,0.002
6949,894.9,0.002
6950,895.0,0.001
6951,895.1,0.001
6952,895.2,0.001
6953,895.3,0.0
6954,895.4,0.0
6955,895.5,0.0
6956,895.6,0.0
6957,895.7,0.0
6958,895.8,0.0
6959,895.9,0.0
6960,896.0,0.0
6961,896.1,0.0
6962,896.2,0.0
6963,896.3,0.0
6964,896.4,0.0
6965,896.5,0.0
6966,896.6,0.0
6967,896.7,0.0
6968,896.8,0.0
6969,896.9,0.0
6970,897.0,0.0
6971,897.1,0.0
6972,897.2,0.0
6973,897.3,0.0
6974,897.4,0.0
6975,897.5,0.0
6976,897.6,0.0
6977,897.7,0.0
6978,897.8,0.0
6979,897.9,0.0
6980,898.0,0.0
6981,898.1,0.0
6982,898.2,0.0
6983,898.3,0.0
6984,898.4,0.0
6985,898.5,0.0
6986,898.6,0.0
6987,898.7,0.0
6988,898.8,0.0
6989,898.9,0.0
6990,899.0,0.0
6991,899.1,0.0
6992,899.2,0.0
6993,899.3,0.0
6994,899.4,0.0
6995,899.5,0.0
6996,899.6,0.0
6997,899.7,0.0
6998,899.8,0.0
6999,899.9,0.0
7000,900.0,0.0
7001,900.1,0.0
7002,900.2,0.0
7003,900.3,0.0
7004,900.4,0.0
7005,900.5,0.0
7006,900.6,0.0
7007,900.7,0.0
7008,900.8,0.0
7009,900.9,0.0
7010,901.0,0.0
7011,901.1,0.0
7012,901.2,0.0
7013,901.3,0.0
7014,901.4,0.0
7015,901.5,0.0
7016,901.6,0.0
7017,901.7,0.0
7018,901.8,0.0
7019,901.9,0.0
7020,902.0,0.0
7021,902.1,0.0
7022,902.2,0.0
7023,902.3,0.0
7024,902.4,0.0
7025,902.5,0.0
7026,902.6,0.0
7027,902.7,0.0
7028,902.8,0.0
7029,902.9,0.0
7030,903.0,0.0
7031,903.1,0.0
7032,903.2,0.0
7033,903.3,0.0
7034,903.4,0.0
7035,903.5,0.0
7036,903.6,0.0
7037,903.7,0.0
7038,903.8,0.0
7039,903.9,0.0
7040,904.0,0.0
7041,904.1,0.0
7042,904.2,0.0
7043,904.3,0.0
7044,904.4,0.0
7045,904.5,0.0
7046,904.6,0.0
7047,904.7,0.0
7048,904.8,0.0
7049,904.9,0.0
7050,905.0,0.0
7051,905.1,0.0
7052,905.2,0.0
7053,905.3,0.0
7054,905.4,0.0
7055,905.5,0.0
7056,905.6,0.0
7057,905.7,0.0
7058,905.8,0.0
7059,905.9,0.0
7060,906.0,0.0
7061,906.1,0.0
7062,906.2,0.0
7063,906.3,0.0
7064,906.4,0.0
7065,906.5,0.0
7066,906.6,0.0
7067,906.7,0.0
7068,906.8,0.0
7069,906.9,0.0
7070,907.0,0.0
7071,907.1,0.0
7072,907.2,0.0
7073,907.3,0.0
7074,907.4,0.0
7075,907.5,0.0
7076,907.6,0.0
7077,907.7,0.0
7078,907.8,0.0
7079,907.9,0.0
7080,908.0,0.0
7081,908.1,0.0
7082,908.2,0.0
7083,908.3,0.0
7084,908.4,0.0
7085,908.5,0.0
7086,908.6,0.0
7087,908.7,0.0
7088,908.8,0.0
7089,908.9,0.0
7090,909.0,0.0
7091,909.1,0.0
7092,909.2,0.0
7093,909.3,0.0
7094,909.4,0.0
7095,909.5,0.0
7096,909.6,0.0
7097,909.7,0.0
7098,909.8,0.0
7099,909.9,0.0
7100,910.0,0.0
7101,910.1,0.0
7102,910.2,0.0
7103,910.3,0.0
7104,910.4,0.0
7105,910.5,0.0
7106,910.6,0.0
7107,910.7,0.0
7108,910.8,0.0
7109,910.9,0.0
7110,911.0,0.0
7111,911.1,0.0
7112,911.2,0.0
7113,911.3,0.0
7114,911.4,0.0
7115,911.5,0.0
7116,911.6,0.0
7117,911.7,0.0
7118,911.8,0.0
7119,911.9,0.0
7120,912.0,0.0
7121,912.1,0.0
7122,912.2,0.0
7123,912.3,0.0
7124,912.4,0.0
7125,912.5,0.0
7126,912.6,0.0
7127,912.7,0.0
7128,912.8,0.0
7129,912.9,0.0
7130,913.0,0.0
7131,913.1,0.0
7132,913.2,0.0
7133,913.3,0.0
7134,913.4,0.0
7135,913.5,0.0
7136,913.6,0.0
7137,913.7,0.0
7138,913.8,0.0
7139,913.9,0.0
7140,914.0,0.0
7141,914.1,0.0
7142,914.2,0.0
7143,914.3,0.0
7144,914.4,0.0
7145,914.5,0.0
7146,914.6,0.0
7147,914.7,0.0
7148,914.8,0.0
7149,914.9,0.0
7150,915.0,0.0
7151,915.1,0.0
7152,915.2,0.0
7153,915.3,0.0
7154,915.4,0.0
7155,915.5,0.0
7156,915.6,0.0
7157,915.7,0.0
7158,915.8,0.0
7159,915.9,0.0
7160,916.0,0.0
7161,916.1,0.0
7162,916.2,0.0
7163,916.3,0.0
7164,916.4,0.0
7165,916.5,0.0
7166,916.6,0.0
7167,916.7,0.0
7168,916.8,0.0
7169,916.9,0.0
7170,917.0,0.0
7171,917.1,0.0
7172,917.2,0.0
7173,917.3,0.0
7174,917.4,0.0
7175,917.5,0.0
7176,917.6,0.0
7177,917.7,0.0
7178,917.8,0.0
7179,917.9,0.0
7180,918.0,0.0
7181,918.1,0.0
7182,918.2,0.0
7183,918.3,0.0
7184,918.4,0.0
7185,918.5,0.0
7186,918.6,0.0
7187,918.7,0.0
7188,918.8,0.0
7189,918.9,0.0
7190,919.0,0.0
7191,919.1,0.0
7192,919.2,0.0
7193,919.3,0.0
7194,919.4,0.0
7195,919.5,0.0
7196,919.6,0.0
7197,919.7,0.0
7198,919.8,0.0
7199,919.9,0.0
7200,920.0,0.0
7201,920.1,0.0
7202,920.2,0.0
7203,920.3,0.0
7204,920.4,0.0
7205,920.5,0.0
7206,920.6,0.0
7207,920.7,0.0
7208,920.8,0.0
7209,920.9,0.0
7210,921.0,0.0
7211,921.1,0.0
7212,921.2,0.0
7213,921.3,0.0
7214,921.4,0.0
7215,921.5,0.0
7216,921.6,0.0
7217,921.7,0.0
7218,921.8,0.0
7219,921.9,0.0
7220,922.0,0.0
7221,922.1,0.0
7222,922.2,0.0
7223,922.3,0.0
7224,922.4,0.0
7225,922.5,0.0
7226,922.6,0.0
7227,922.7,0.0
7228,922.8,0.0
7229,922.9,0.0
7230,923.0,0.0
7231,923.1,0.0
7232,923.2,0.0
7233,923.3,0.0
7234,923.4,0.0
7235,923.5,0.0
7236,923.6,0.0
7237,923.7,0.0
7238,923.8,0.0
7239,923.9,0.0
7240,924.0,0.0
7241,924.1,0.0
7242,924.2,0.0
7243,924.3,0.0
7244,924.4,0.0
7245,924.5,0.0
7246,924.6,0.0
7247,924.7,0.0
7248,924.8,0.0
7249,924.9,0.0
7250,925.0,0.0
7251,925.1,0.0
7252,925.2,0.0
7253,925.3,0.0
7254,925.4,0.0
7255,925.5,0.0
7256,925.6,0.0
7257,925.7,0.0
7258,925.8,0.0
7259,925.9,0.0
7260,926.0,0.0
7261,926.1,0.0
7262,926.2,0.0
7263,926.3,0.0
7264,926.4,0.0
7265,926.5,0.0
7266,926.6,0.0
7267,926.7,0.0
7268,926.8,0.0
7269,926.9,0.0
7270,927.0,0.0
7271,927.1,0.0
7272,927.2,0.0
7273,927.3,0.0
7274,927.4,0.0
7275,927.5,0.0
7276,927.6,0.0
7277,927.7,0.0
7278,927.8,0.0
7279,927.9,0.0
7280,928.0,0.0
7281,928.1,0.0
7282,928.2,0.0
7283,928.3,0.0
7284,928.4,0.0
7285,928.5,0.0
7286,928.6,0.0
7287,928.7,0.0
7288,928.8,0.0
7289,928.9,0.0
7290,929.0,0.0
7291,929.1,0.0
7292,929.2,0.0
7293,929.3,0.0
7294,929.4,0.0
7295,929.5,0.0
7296,929.6,0.0
7297,929.7,0.0
7298,929.8,0.0
7299,929.9,0.0
7300,930.0,0.0
7301,930.1,0.0
7302,930.2,0.0
7303,930.3,0.0
7304,930.4,0.0
7305,930.5,0.0
7306,930.6,0.0
7307,930.7,0.0
7308,930.8,0.0
7309,930.9,0.0
7310,931.0,0.0
7311,931.1,0.0
7312,931.2,0.0
7313,931.3,0.0
7314,931.4,0.0
7315,931.5,0.0
7316,931.6,0.0
7317,931.7,0.0
7318,931.8,0.0
7319,931.9,0.0
7320,932.0,0.0
7321,932.1,0.0
7322,932.2,0.0
7323,932.3,0.0
7324,932.4,0.0
7325,932.5,0.0
7326,932.6,0.0
7327,932.7,0.0
7328,932.8,0.0
7329,932.9,0.0
7330,933.0,0.0
7331,933.1,0.0
7332,933.2,0.0
7333,933.3,0.0
7334,933.4,0.0
7335,933.5,0.0
7336,933.6,0.0
7337,933.7,0.0
7338,933.8,0.0
7339,933.9,0.0
7340,934.0,0.0
7341,934.1,0.0
7342,934.2,0.0
7343,934.3,0.0
7344,934.4,0.0
7345,934.5,0.0
7346,934.6,0.0
7347,934.7,0.0
7348,934.8,0.0
7349,934.9,0.0
7350,935.0,0.0
7351,935.1,0.0
7352,935.2,0.0
7353,935.3,0.0
7354,935.4,0.0
7355,935.5,0.0
7356,935.6,0.0
7357,935.7,0.0
7358,935.8,0.0
7359,935.9,0.0
7360,936.0,0.0
7361,936.1,0.0
7362,936.2,0.0
7363,936.3,0.0
7364,936.4,0.0
7365,936.5,0.0
7366,936.6,0.0
7367,936.7,0.0
7368,936.8,0.0
7369,936.9,0.0
7370,937.0,0.0
7371,937.1,0.0
7372,937.2,0.0
7373,937.3,0.0
7374,937.4,0.0
7375,937.5,0.0
7376,937.6,0.0
7377,937.7,0.0
7378,937.8,0.0
7379,937.9,0.0
7380,938.0,0.0
7381,938.1,0.0
7382,938.2,0.0
7383,938.3,0.0
7384,938.4,0.0
7385,938.5,0.0
7386,938.6,0.0
7387,938.7,0.0
7388,938.8,0.0
7389,938.9,0.0
7390,939.0,0.0
7391,939.1,0.0
7392,939.2,0.0
7393,939.3,0.0
7394,939.4,0.0
7395,939.5,0.0
7396,939.6,0.0
7397,939.7,0.0
7398,939.8,0.0
7399,939.9,0.0
7400,940.0,0.0
7401,940.1,0.0
7402,940.2,0.0
7403,940.3,0.0
7404,940.4,0.0
7405,940.5,0.0
7406,940.6,0.0
7407,940.7,0.0
7408,940.8,0.0
7409,940.9,0.0
7410,941.0,0.0
7411,941.1,0.0
7412,941.2,0.0
7413,941.3,0.0
7414,941.4,0.0
7415,941.5,0.0
7416,941.6,0.0
7417,941.7,0.0
7418,941.8,0.0
7419,941.9,0.0
7420,942.0,0.0
7421,942.1,0.0
7422,942.2,0.0
7423,942.3,0.0
7424,942.4,0.0
7425,942.5,0.0
7426,942.6,0.0
7427,942.7,0.0
7428,942.8,0.0
7429,942.9,0.0
7430,943.0,0.0
7431,943.1,0.0
7432,943.2,0.0
7433,943.3,0.0
7434,943.4,0.0
7435,943.5,0.0
7436,943.6,0.0
7437,943.7,0.0
7438,943.8,0.0
7439,943.9,0.0
7440,944.0,0.0
7441,944.1,0.0
7442,944.2,0.0
7443,944.3,0.0
7444,944.4,0.0
7445,944.5,0.0
7446,944.6,0.0
7447,944.7,0.0
7448,944.8,0.0
7449,944.9,0.0
7450,945.0,0.0
7451,945.1,0.0
7452,945.2,0.0
7453,945.3,0.0
7454,945.4,0.0
7455,945.5,0.0
7456,945.6,0.0
7457,945.7,0.0
7458,945.8,0.0
7459,945.9,0.0
7460,946.0,0.0
7461,946.1,0.0
7462,946.2,0.0
7463,946.3,0.0
7464,946.4,0.0
7465,946.5,0.0
7466,946.6,0.0
7467,946.7,0.0
7468,946.8,0.0
7469,946.9,0.0
7470,947.0,0.0
7471,947.1,0.0
7472,947.2,0.0
7473,947.3,0.0
7474,947.4,0.0
7475,947.5,0.0
7476,947.6,0.0
7477,947.7,0.0
7478,947.8,0.0
7479,947.9,0.0
7480,948.0,0.0
7481,948.1,0.0
7482,948.2,0.0
7483,948.3,0.0
7484,948.4,0.0
7485,948.5,0.0
7486,948.6,0.0
7487,948.7,0.0
7488,948.8,0.0
7489,948.9,0.0
7490,949.0,0.0
7491,949.1,0.0
7492,949.2,0.0
7493,949.3,0.0
7494,949.4,0.0
7495,949.5,0.0
7496,949.6,0.0
7497,949.7,0.0
7498,949.8,0.0
7499,949.9,0.0
7500,950.0,0.0
7501,950.1,0.0
7502,950.2,0.0
7503,950.3,0.0
7504,950.4,0.0
7505,950.5,0.0
7506,950.6,0.0
7507,950.7,0.0
7508,950.8,0.0
7509,950.9,0.0
7510,951.0,0.0
7511,951.1,0.0
7512,951.2,0.0
7513,951.3,0.0
7514,951.4,0.0
7515,951.5,0.0
7516,951.6,0.0
7517,951.7,0.0
7518,951.8,0.0
7519,951.9,0.0
7520,952.0,0.0
7521,952.1,0.0
7522,952.2,0.0
7523,952.3,0.0
7524,952.4,0.0
7525,952.5,0.0
7526,952.6,0.0
7527,952.7,0.0
7528,952.8,0.0
7529,952.9,0.0
7530,953.0,0.0
7531,953.1,0.0
7532,953.2,0.0
7533,953.3,0.0
7534,953.4,0.0
7535,953.5,0.0
7536,953.6,0.0
7537,953.7,0.0
7538,953.8,0.0
7539,953.9,0.0
7540,954.0,0.0
7541,954.1,0.0
7542,954.2,0.0
7543,954.3,0.0
7544,954.4,0.0
7545,954.5,0.0
7546,954.6,0.0
7547,954.7,0.0
7548,954.8,0.0
7549,954.9,0.0
7550,955.0,0.0
7551,955.1,0.0
7552,955.2,0.0
7553,955.3,0.0
7554,955.4,0.0
7555,955.5,0.0
7556,955.6,0.0
7557,955.7,0.0
7558,955.8,0.0
7559,955.9,0.0
7560,956.0,0.0
7561,956.1,0.0
7562,956.2,0.0
7563,956.3,0.0
7564,956.4,0.0
7565,956.5,0.0
7566,956.6,0.0
7567,956.7,0.0
7568,956.8,0.0
7569,956.9,0.0
7570,957.0,0.0
7571,957.1,0.0
7572,957.2,0.0
7573,957.3,0.0
7574,957.4,0.0
7575,957.5,0.0
7576,957.6,0.0
7577,957.7,0.0
7578,957.8,0.0
7579,957.9,0.0
7580,958.0,0.0
7581,958.1,0.0
7582,958.2,0.0
7583,958.3,0.0
7584,958.4,0.0
7585,958.5,0.0
7586,958.6,0.0
7587,958.7,0.0
7588,958.8,0.0
7589,958.9,0.0
7590,959.0,0.0
7591,959.1,0.0
7592,959.2,0.0
7593,959.3,0.0
7594,959.4,0.0
7595,959.5,0.0
7596,959.6,0.0
7597,959.7,0.0
7598,959.8,0.0
7599,959.9,0.0
7600,960.0,0.0
7601,960.1,0.0
7602,960.2,0.0
7603,960.3,0.0
7604,960.4,0.0
7605,960.5,0.0
7606,960.6,0.0
7607,960.7,0.0
7608,960.8,0.0
7609,960.9,0.0
7610,961.0,0.0
7611,961.1,0.0
7612,961.2,0.0
7613,961.3,0.0
7614,961.4,0.0
7615,961.5,0.0
7616,961.6,0.0
7617,961.7,0.0
7618,961.8,0.0
7619,961.9,0.0
7620,962.0,0.0
7621,962.1,0.0
7622,962.2,0.0
7623,962.3,0.0
7624,962.4,0.0
7625,962.5,0.0
7626,962.6,0.0
7627,962.7,0.0
7628,962.8,0.0
7629,962.9,0.0
7630,963.0,0.0
7631,963.1,0.0
7632,963.2,0.0
7633,963.3,0.0
7634,963.4,0.0
7635,963.5,0.0
7636,963.6,0.0
7637,963.7,0.0
7638,963.8,0.0
7639,963.9,0.0
7640,964.0,0.0
7641,964.1,0.0
7642,964.2,0.0
7643,964.3,0.0
7644,964.4,0.0
7645,964.5,0.0
7646,964.6,0.0
7647,964.7,0.0
7648,964.8,0.0
7649,964.9,0.0
7650,965.0,0.0
7651,965.1,0.0
7652,965.2,0.0
7653,965.3,0.0
7654,965.4,0.0
7655,965.5,0.0
7656,965.6,0.0
7657,965.7,0.0
7658,965.8,0.0
7659,965.9,0.0
7660,966.0,0.0
7661,966.1,0.0
7662,966.2,0.0
7663,966.3,0.0
7664,966.4,0.0
7665,966.5,0.0
7666,966.6,0.0
7667,966.7,0.0
7668,966.8,0.0
7669,966.9,0.0
7670,967.0,0.0
7671,967.1,0.0
7672,967.2,0.0
7673,967.3,0.0
7674,967.4,0.0
7675,967.5,0.0
7676,967.6,0.0
7677,967.7,0.0
7678,967.8,0.0
7679,967.9,0.0
7680,968.0,0.0
7681,968.1,0.0
7682,968.2,0.0
7683,968.3,0.0
7684,968.4,0.0
7685,968.5,0.0
7686,968.6,0.0
7687,968.7,0.0
7688,968.8,0.0
7689,968.9,0.0
7690,969.0,0.0
7691,969.1,0.0
7692,969.2,0.0
7693,969.3,0.0
7694,969.4,0.0
7695,969.5,0.0
7696,969.6,0.0
7697,969.7,0.0
7698,969.8,0.0
7699,969.9,0.0
7700,970.0,0.0
7701,970.1,0.0
7702,970.2,0.0
7703,970.3,0.0
7704,970.4,0.0
7705,970.5,0.0
7706,970.6,0.0
7707,970.7,0.0
7708,970.8,0.0
7709,970.9,0.0
7710,971.0,0.0
7711,971.1,0.0
7712,971.2,0.0
7713,971.3,0.0
7714,971.4,0.0
7715,971.5,0.0
7716,971.6,0.0
7717,971.7,0.0
7718,971.8,0.0
7719,971.9,0.0
7720,972.0,0.0
7721,972.1,0.0
7722,972.2,0.0
7723,972.3,0.0
7724,972.4,0.0
7725,972.5,0.0
7726,972.6,0.0
7727,972.7,0.0
7728,972.8,0.0
7729,972.9,0.0
7730,973.0,0.0
7731,973.1,0.0
7732,973.2,0.0
7733,973.3,0.0
7734,973.4,0.0
7735,973.5,0.0
7736,973.6,0.0
7737,973.7,0.0
7738,973.8,0.0
7739,973.9,0.0
7740,974.0,0.0
7741,974.1,0.0
7742,974.2,0.0
7743,974.3,0.0
7744,974.4,0.0
7745,974.5,0.0
7746,974.6,0.0
7747,974.7,0.0
7748,974.8,0.0
7749,974.9,0.0
7750,975.0,0.0
7751,975.1,0.0
7752,975.2,0.0
7753,975.3,0.0
7754,975.4,0.0
7755,975.5,0.0
7756,975.6,0.0
7757,975.7,0.0
7758,975.8,0.0
7759,975.9,0.0
7760,976.0,0.0
7761,976.1,0.0
7762,976.2,0.0
7763,976.3,0.0
7764,976.4,0.0
7765,976.5,0.0
7766,976.6,0.0
7767,976.7,0.0
7768,976.8,0.0
7769,976.9,0.0
7770,977.0,0.0
7771,977.1,0.0
7772,977.2,0.0
7773,977.3,0.0
7774,977.4,0.0
7775,977.5,0.0
7776,977.6,0.0
7777,977.7,0.0
7778,977.8,0.0
7779,977.9,0.0
7780,978.0,0.0
7781,978.1,0.0
7782,978.2,0.0
7783,978.3,0.0
7784,978.4,0.0
7785,978.5,0.0
7786,978.6,0.0
7787,978.7,0.0
7788,978.8,0.0
7789,978.9,0.0
7790,979.0,0.0
7791,979.1,0.0
7792,979.2,0.0
7793,979.3,0.0
7794,979.4,0.0
7795,979.5,0.0
7796,979.6,0.0
7797,979.7,0.0
7798,979.8,0.0
7799,979.9,0.0
7800,980.0,0.0
7801,980.1,0.0
7802,980.2,0.0
7803,980.3,0.0
7804,980.4,0.0
7805,980.5,0.0
7806,980.6,0.0
7807,980.7,0.0
7808,980.8,0.0
7809,980.9,0.0
7810,981.0,0.0
7811,981.1,0.0
7812,981.2,0.0
7813,981.3,0.0
7814,981.4,0.0
7815,981.5,0.0
7816,981.6,0.0
7817,981.7,0.0
7818,981.8,0.0
7819,981.9,0.0
7820,982.0,0.0
7821,982.1,0.0
7822,982.2,0.0
7823,982.3,0.0
7824,982.4,0.0
7825,982.5,0.0
7826,982.6,0.0
7827,982.7,0.0
7828,982.8,0.0
7829,982.9,0.0
7830,983.0,0.0
7831,983.1,0.0
7832,983.2,0.0
7833,983.3,0.0
7834,983.4,0.0
7835,983.5,0.0
7836,983.6,0.0
7837,983.7,0.0
7838,983.8,0.0
7839,983.9,0.0
7840,984.0,0.0
7841,984.1,0.0
7842,984.2,0.0
7843,984.3,0.0
7844,984.4,0.0
7845,984.5,0.0
7846,984.6,0.0
7847,984.7,0.0
7848,984.8,0.0
7849,984.9,0.0
7850,985.0,0.0
7851,985.1,0.0
7852,985.2,0.0
7853,985.3,0.0
7854,985.4,0.0
7855,985.5,0.0
7856,985.6,0.0
7857,985.7,0.0
7858,985.8,0.0
7859,985.9,0.0
7860,986.0,0.0
7861,986.1,0.0
7862,986.2,0.0
7863,986.3,0.0
7864,986.4,0.0
7865,986.5,0.0
7866,986.6,0.0
7867,986.7,0.0
7868,986.8,0.0
7869,986.9,0.0
7870,987.0,0.0
7871,987.1,0.0
7872,987.2,0.0
7873,987.3,0.0
7874,987.4,0.0
7875,987.5,0.0
7876,987.6,0.0
7877,987.7,0.0
7878,987.8,0.0
7879,987.9,0.0
7880,988.0,0.0
7881,988.1,0.0
7882,988.2,0.0
7883,988.3,0.0
7884,988.4,0.0
7885,988.5,0.0
7886,988.6,0.0
7887,988.7,0.0
7888,988.8,0.0
7889,988.9,0.0
7890,989.0,0.0
7891,989.1,0.0
7892,989.2,0.0
7893,989.3,0.0
7894,989.4,0.0
7895,989.5,0.0
7896,989.6,0.0
7897,989.7,0.0
7898,989.8,0.0
7899,989.9,0.0
7900,990.0,0.0
7901,990.1,0.0
7902,990.2,0.0
7903,990.3,0.0
7904,990.4,0.0
7905,990.5,0.0
7906,990.6,0.0
7907,990.7,0.0
7908,990.8,0.0
7909,990.9,0.0
7910,991.0,0.0
7911,991.1,0.0
7912,991.2,0.0
7913,991.3,0.0
7914,991.4,0.0
7915,991.5,0.0
7916,991.6,0.0
7917,991.7,0.0
7918,991.8,0.0
7919,991.9,0.0
7920,992.0,0.0
7921,992.1,0.0
7922,992.2,0.0
7923,992.3,0.0
7924,992.4,0.0
7925,992.5,0.0
7926,992.6,0.0
7927,992.7,0.0
7928,992.8,0.0
7929,992.9,0.0
7930,993.0,0.0
7931,993.1,0.0
7932,993.2,0.0
7933,993.3,0.0
7934,993.4,0.0
7935,993.5,0.0
7936,993.6,0.0
7937,993.7,0.0
7938,993.8,0.0
7939,993.9,0.0
7940,994.0,0.0
7941,994.1,0.0
7942,994.2,0.0
7943,994.3,0.0
7944,994.4,0.0
7945,994.5,0.0
7946,994.6,0.0
7947,994.7,0.0
7948,994.8,0.0
7949,994.9,0.0
7950,995.0,0.0
7951,995.1,0.0
7952,995.2,0.0
7953,995.3,0.0
7954,995.4,0.0
7955,995.5,0.0
7956,995.6,0.0
7957,995.7,0.0
7958,995.8,0.0
7959,995.9,0.0
7960,996.0,0.0
7961,996.1,0.0
7962,996.2,0.0
7963,996.3,0.0
7964,996.4,0.0
7965,996.5,0.0
7966,996.6,0.0
7967,996.7,0.0
7968,996.8,0.0
7969,996.9,0.0
7970,997.0,0.0
7971,997.1,0.0
7972,997.2,0.0
7973,997.3,0.0
7974,997.4,0.0
7975,997.5,0.0
7976,997.6,0.0
7977,997.7,0.0
7978,997.8,0.0
7979,997.9,0.0
7980,998.0,0.0
7981,998.1,0.0
7982,998.2,0.0
7983,998.3,0.0
7984,998.4,0.0
7985,998.5,0.0
7986,998.6,0.0
7987,998.7,0.0
7988,998.8,0.0
7989,998.9,0.0
7990,999.0,0.0
7991,999.1,0.0
7992,999.2,0.0
7993,999.3,0.0
7994,999.4,0.0
7995,999.5,0.0
7996,999.6,0.0
7997,999.7,0.0
7998,999.8,0.0
7999,999.9,0.0
