,wavelength,intensity
0,200.0,37560000.0
1,200.1,39330000.0
2,200.2,25990028.247
3,200.3,10831953.765
4,200.4,2849456.51
5,200.5,472617.295
6,200.6,52969.429
7,200.7,32705.762
8,200.8,152229.394
9,200.9,500129.234
10,201.0,1049113.563
11,201.1,1415605.125
12,201.2,1249000.0
13,201.3,742400.0
14,201.4,311748.855
15,201.5,96640.684
16,201.6,22350.564
17,201.7,3722.435
18,201.8,424.773
19,201.9,31.645
20,202.0,1.536
21,202.1,0.045
22,202.2,0.001
23,202.3,0.0
24,202.4,0.0
25,202.5,0.0
26,202.6,0.0
27,202.7,0.001
28,202.8,0.002
29,202.9,0.003
30,203.0,0.005
31,203.1,0.006
32,203.2,0.008
33,203.3,0.01
34,203.4,0.011
35,203.5,0.012
36,203.6,0.013
37,203.7,0.014
38,203.8,0.014
39,203.9,0.013
40,204.0,0.011
41,204.1,0.009
42,204.2,0.005
43,204.3,0.001
44,204.4,0.004
45,204.5,0.041
46,204.6,1.141
47,204.7,47.787
48,204.8,2104.502
49,204.9,62260.0
50,205.0,1207000.0
51,205.1,15120000.0
52,205.2,122529893.582
53,205.3,642539288.25
54,205.4,2178403436.175
55,205.5,4772769272.352
56,205.6,6764959581.318
57,205.7,6213514022.403
58,205.8,3786129481.671
59,205.9,1963370968.985
60,206.0,2139494681.366
61,206.1,3806836449.417
62,206.2,5160999999.998
63,206.3,4873000000.004
64,206.4,3837571986.65
65,206.5,3578747797.522
66,206.6,3747509432.814
67,206.7,3120594055.879
68,206.8,1789738612.705
69,206.9,698756258.92
70,207.0,195257137.19
71,207.1,43115494.1
72,207.2,8178146.907
73,207.3,1279523.478
74,207.4,148500.0
75,207.5,11840.0
76,207.6,626.4
77,207.7,21.903
78,207.8,0.514
79,207.9,0.012
80,208.0,0.0
81,208.1,0.0
82,208.2,0.0
83,208.3,0.0
84,208.4,0.0
85,208.5,0.0
86,208.6,0.0
87,208.7,0.0
88,208.8,0.0
89,208.9,0.0
90,209.0,0.0
91,209.1,0.0
92,209.2,0.0
93,209.3,0.0
94,209.4,0.0
95,209.5,0.0
96,209.6,0.0
97,209.7,0.0
98,209.8,0.0
99,209.9,0.0
100,210.0,0.0
101,210.1,0.0
102,210.2,0.0
103,210.3,0.0
104,210.4,0.007
105,210.5,0.274
106,210.6,7.308
107,210.7,128.943
108,210.8,1537.058
109,210.9,12101.189
110,211.0,63121.182
111,211.1,218476.87
112,211.2,506600.0
113,211.3,823900.0
114,211.4,1103204.267
115,211.5,1614878.686
116,211.6,2582021.613
117,211.7,3471471.898
118,211.8,3691587.832
119,211.9,3816622.212
120,212.0,4564424.811
121,212.1,5087283.445
122,212.2,4185524.696
123,212.3,2342728.758
124,212.4,875200.0
125,212.5,217300.0
126,212.6,35820.0
127,212.7,3918.15
128,212.8,283.886
129,212.9,13.29
130,213.0,0.412
131,213.1,0.008
132,213.2,0.0
133,213.3,0.0
134,213.4,0.0
135,213.5,0.0
136,213.6,0.0
137,213.7,0.0
138,213.8,0.0
139,213.9,0.0
140,214.0,0.0
141,214.1,0.0
142,214.2,0.0
143,214.3,0.0
144,214.4,0.0
145,214.5,0.0
146,214.6,0.0
147,214.7,0.0
148,214.8,0.0
149,214.9,0.0
150,215.0,0.0
151,215.1,0.0
152,215.2,0.0
153,215.3,0.0
154,215.4,0.0
155,215.5,0.0
156,215.6,0.0
157,215.7,0.0
158,215.8,0.0
159,215.9,0.0
160,216.0,0.0
161,216.1,0.0
162,216.2,0.0
163,216.3,0.0
164,216.4,0.0
165,216.5,0.0
166,216.6,0.0
167,216.7,0.0
168,216.8,0.0
169,216.9,0.0
170,217.0,0.0
171,217.1,0.0
172,217.2,0.0
173,217.3,0.0
174,217.4,0.0
175,217.5,0.0
176,217.6,0.0
177,217.7,0.0
178,217.8,0.0
179,217.9,0.0
180,218.0,0.0
181,218.1,0.0
182,218.2,0.0
183,218.3,0.0
184,218.4,0.0
185,218.5,0.0
186,218.6,0.0
187,218.7,0.0
188,218.8,0.0
189,218.9,0.0
190,219.0,0.0
191,219.1,0.0
192,219.2,0.0
193,219.3,0.0
194,219.4,0.0
195,219.5,0.0
196,219.6,0.0
197,219.7,0.0
198,219.8,0.0
199,219.9,0.0
200,220.0,0.0
201,220.1,0.0
202,220.2,0.0
203,220.3,0.0
204,220.4,0.0
205,220.5,0.0
206,220.6,0.0
207,220.7,0.0
208,220.8,0.0
209,220.9,0.0
210,221.0,0.0
211,221.1,0.0
212,221.2,0.0
213,221.3,0.0
214,221.4,0.0
215,221.5,0.0
216,221.6,0.0
217,221.7,0.0
218,221.8,0.0
219,221.9,0.0
220,222.0,0.0
221,222.1,0.0
222,222.2,0.004
223,222.3,0.243
224,222.4,10.49
225,222.5,302.7
226,222.6,6035.0
227,222.7,83092.777
228,222.8,791419.065
229,222.9,5207432.012
230,223.0,23701521.885
231,223.1,74514294.726
232,223.2,161900229.081
233,223.3,243052894.823
234,223.4,252217011.102
235,223.5,180862772.976
236,223.6,89637248.428
237,223.7,30700000.001
238,223.8,7268000.0
239,223.9,1186775.951
240,224.0,134066.641
241,224.1,10465.576
242,224.2,572.538
243,224.3,21.635
244,224.4,0.596
245,224.5,0.013
246,224.6,0.0
247,224.7,0.0
248,224.8,0.0
249,224.9,0.0
250,225.0,0.0
251,225.1,0.0
252,225.2,0.0
253,225.3,0.018
254,225.4,0.569
255,225.5,12.22
256,225.6,181.922
257,225.7,1880.859
258,225.8,13629.361
259,225.9,68897.618
260,226.0,243036.601
261,226.1,601024.662
262,226.2,1057000.0
263,226.3,1412000.0
264,226.4,1749217.921
265,226.5,2581466.625
266,226.6,4098676.373
267,226.7,5963684.414
268,226.8,11788727.677
269,226.9,46605616.143
270,227.0,196141380.328
271,227.1,621338112.446
272,227.2,1398424322.619
273,227.3,2214540443.954
274,227.4,2460000000.003
275,227.5,1915000000.013
276,227.6,1045000000.013
277,227.7,399080294.63
278,227.8,107678874.803
279,227.9,22945504.14
280,228.0,8739484.674
281,228.1,8975282.119
282,228.2,8751932.102
283,228.3,6132338.088
284,228.4,3021517.728
285,228.5,1053024.202
286,228.6,304692.728
287,228.7,239000.0
288,228.8,529000.0
289,228.9,986797.032
290,229.0,1306521.936
291,229.1,1217580.83
292,229.2,798591.286
293,229.3,368675.568
294,229.4,119762.176
295,229.5,27365.593
296,229.6,4391.539
297,229.7,497.66
298,229.8,39.666
299,229.9,2.226
300,230.0,0.088
301,230.1,0.004
302,230.2,0.045
303,230.3,1.193
304,230.4,22.359
305,230.5,299.302
306,230.6,2818.64
307,230.7,18782.94
308,230.8,88676.509
309,230.9,296911.064
310,231.0,706893.134
311,231.1,1215218.661
312,231.2,1605000.0
313,231.3,1963000.0
314,231.4,2831691.745
315,231.5,4400878.159
316,231.6,5769409.712
317,231.7,5923887.748
318,231.8,5432206.595
319,231.9,5891833.059
320,232.0,7464472.619
321,232.1,8274308.16
322,232.2,6873399.901
323,232.3,4106365.684
324,232.4,1770000.0
325,232.5,647400.0
326,232.6,498000.0
327,232.7,888057.675
328,232.8,1403177.758
329,232.9,1608048.41
330,233.0,1327999.738
331,233.1,864752.009
332,233.2,724785.34
333,233.3,1249282.672
334,233.4,2356563.498
335,233.5,3396351.532
336,233.6,3538534.384
337,233.7,2650000.0
338,233.8,1426000.0
339,233.9,551363.908
340,234.0,154311.925
341,234.1,41435.516
342,234.2,68733.158
343,234.3,271999.757
344,234.4,819567.102
345,234.5,1769351.059
346,234.6,2733765.245
347,234.7,3022630.926
348,234.8,2392525.112
349,234.9,1365000.0
350,235.0,618200.0
351,235.1,470300.0
352,235.2,1029660.655
353,235.3,2291870.982
354,235.4,3765120.829
355,235.5,4444954.327
356,235.6,3764490.184
357,235.7,2287352.252
358,235.8,997441.933
359,235.9,319507.983
360,236.0,130520.471
361,236.1,340678.651
362,236.2,1312000.0
363,236.3,3856000.0
364,236.4,8476636.15
365,236.5,14086281.341
366,236.6,17889810.787
367,236.7,17499835.777
368,236.8,13191965.518
369,236.9,7629517.417
370,237.0,3361029.038
371,237.1,1179813.263
372,237.2,579529.697
373,237.3,957092.927
374,237.4,1931000.0
375,237.5,2943000.0
376,237.6,3246000.0
377,237.7,2591732.072
378,237.8,1563664.127
379,237.9,1098138.676
380,238.0,2274672.519
381,238.1,6586358.91
382,238.2,14933745.379
383,238.3,25003130.48
384,238.4,31344174.617
385,238.5,30444680.991
386,238.6,24328368.08
387,238.7,17550000.0
388,238.8,12930000.0
389,238.9,10619944.443
390,239.0,8992678.604
391,239.1,6634213.971
392,239.2,3810958.081
393,239.3,1626261.982
394,239.4,506718.795
395,239.5,114646.98
396,239.6,18764.906
397,239.7,2232.657
398,239.8,192.333
399,239.9,13.28
400,240.0,30.48
401,240.1,508.3
402,240.2,6280.885
403,240.3,56523.117
404,240.4,370152.743
405,240.5,1768255.42
406,240.6,6142499.454
407,240.7,15538875.007
408,240.8,28609228.788
409,240.9,38362279.799
410,241.0,37447835.654
411,241.1,26621139.638
412,241.2,13770000.0
413,241.3,5190000.0
414,241.4,1423231.315
415,241.5,284312.91
416,241.6,41335.173
417,241.7,4382.218
418,241.8,336.975
419,241.9,18.669
420,242.0,2.418
421,242.1,31.603
422,242.2,442.208
423,242.3,4461.423
424,242.4,32910.0
425,242.5,177600.0
426,242.6,701300.0
427,242.7,2027319.376
428,242.8,4288183.926
429,242.9,6637652.819
430,243.0,7520866.248
431,243.1,6236140.146
432,243.2,3786569.746
433,243.3,1695701.327
434,243.4,637480.974
435,243.5,545851.36
436,243.6,1414661.166
437,243.7,3420000.0
438,243.8,6157000.0
439,243.9,8135099.515
440,244.0,7886951.844
441,244.1,5609536.393
442,244.2,2927356.129
443,244.3,1120642.998
444,244.4,314623.813
445,244.5,64798.242
446,244.6,9769.698
447,244.7,1084.791
448,244.8,88.286
449,244.9,5.276
450,245.0,0.231
451,245.1,0.007
452,245.2,0.0
453,245.3,0.0
454,245.4,0.0
455,245.5,0.0
456,245.6,0.0
457,245.7,0.0
458,245.8,0.0
459,245.9,0.0
460,246.0,0.0
461,246.1,0.0
462,246.2,0.0
463,246.3,0.0
464,246.4,0.0
465,246.5,0.0
466,246.6,0.0
467,246.7,0.0
468,246.8,0.003
469,246.9,0.087
470,247.0,2.056
471,247.1,34.568
472,247.2,434.684
473,247.3,4000.622
474,247.4,27240.0
475,247.5,137400.0
476,247.6,513900.0
477,247.7,1424107.013
478,247.8,2923313.565
479,247.9,4446128.621
480,248.0,5012841.97
481,248.1,4187485.797
482,248.2,2592943.451
483,248.3,1189658.504
484,248.4,404313.399
485,248.5,102473.298
486,248.6,25278.248
487,248.7,49970.0
488,248.8,265000.0
489,248.9,1103919.011
490,249.0,3438411.267
491,249.1,8073253.848
492,249.2,14563400.957
493,249.3,21115855.879
494,249.4,26668469.077
495,249.5,31958468.845
496,249.6,36617228.455
497,249.7,37360091.357
498,249.8,32091591.071
499,249.9,23870000.0
500,250.0,18210000.0
501,250.1,18310000.0
502,250.2,24044847.854
503,250.3,32858356.162
504,250.4,40053824.196
505,250.5,40962521.411
506,250.6,35127965.258
507,250.7,27240882.453
508,250.8,22013993.135
509,250.9,19423145.775
510,251.0,16533239.397
511,251.1,12477157.096
512,251.2,9155000.0
513,251.3,7995000.0
514,251.4,7977519.087
515,251.5,7190716.508
516,251.6,5121242.24
517,251.7,2763734.647
518,251.8,1118136.988
519,251.9,338578.178
520,252.0,80742.432
521,252.1,49464.882
522,252.2,234221.513
523,252.3,1104689.567
524,252.4,3930000.0
525,252.5,10480000.0
526,252.6,20940000.0
527,252.7,31351817.422
528,252.8,35191661.894
529,252.9,29598268.349
530,253.0,18656470.316
531,253.1,8816229.784
532,253.2,3121405.628
533,253.3,835350.66
534,253.4,208020.894
535,253.5,216206.27
536,253.6,640067.674
537,253.7,1602000.0
538,253.8,3125000.0
539,253.9,5436169.268
540,254.0,12313444.386
541,254.1,41081429.24
542,254.2,136940782.699
543,254.3,365338300.728
544,254.4,741559788.716
545,254.5,1134957327.392
546,254.6,1313268803.988
547,254.7,1172075597.336
548,254.8,925240992.584
549,254.9,1035999999.985
550,255.0,1984999999.954
551,255.1,3894999999.93
552,255.2,6106649224.142
553,255.3,7361840267.715
554,255.4,6907258438.491
555,255.5,5272464084.894
556,255.6,3601097131.523
557,255.7,2598882917.237
558,255.8,2422095906.624
559,255.9,2996664607.239
560,256.0,3947235454.886
561,256.1,4606711505.332
562,256.2,4535000000.014
563,256.3,3860000000.028
564,256.4,2940648436.398
565,256.5,1994266912.142
566,256.6,1151334831.476
567,256.7,537475201.368
568,256.8,197387927.606
569,256.9,59396452.323
570,257.0,22338720.726
571,257.1,20540251.073
572,257.2,24925431.422
573,257.3,24930050.687
574,257.4,19710000.0
575,257.5,13860000.0
576,257.6,11980000.0
577,257.7,14624842.906
578,257.8,18502801.194
579,257.9,19635228.117
580,258.0,16660358.15
581,258.1,11442162.122
582,258.2,6936952.035
583,258.3,4883359.189
584,258.4,5047668.295
585,258.5,6103348.37
586,258.6,7028609.785
587,258.7,7921000.0
588,258.8,9672000.0
589,258.9,13428558.586
590,259.0,20188584.302
591,259.1,29208777.689
592,259.2,36260181.123
593,259.3,36052099.477
594,259.4,27817285.625
595,259.5,16446459.682
596,259.6,7413650.503
597,259.7,2545597.698
598,259.8,687834.816
599,259.9,252100.0
600,260.0,464300.0
601,260.1,1251000.0
602,260.2,2672525.099
603,260.3,4362909.44
604,260.4,5469634.824
605,260.5,5536479.241
606,260.6,6062915.707
607,260.7,12464827.389
608,260.8,36036161.188
609,260.9,90834534.853
610,261.0,177984956.954
611,261.1,266845026.19
612,261.2,305500000.0
613,261.3,266900000.002
614,261.4,178070962.294
615,261.5,91033816.448
616,261.6,36416259.212
617,261.7,13112041.724
618,261.8,7094704.131
619,261.9,7442058.686
620,262.0,9330558.272
621,262.1,11415289.067
622,262.2,13384207.568
623,262.3,14885792.416
624,262.4,15540000.0
625,262.5,15330000.0
626,262.6,14450000.0
627,262.7,12936735.911
628,262.8,10886722.719
629,262.9,8768270.494
630,263.0,6962406.798
631,263.1,5326296.834
632,263.2,3637274.175
633,263.3,2060310.697
634,263.4,926771.367
635,263.5,324463.372
636,263.6,87537.885
637,263.7,18160.0
638,263.8,2898.0
639,263.9,367.072
640,264.0,53.153
641,264.1,21.765
642,264.2,15.62
643,264.3,39.402
644,264.4,550.635
645,264.5,7402.587
646,264.6,75953.692
647,264.7,603582.267
648,264.8,3673001.644
649,264.9,17189999.999
650,265.0,61969999.997
651,265.1,171999999.994
652,265.2,367685968.942
653,265.3,607459845.505
654,265.4,782944306.258
655,265.5,813816435.131
656,265.6,751351710.306
657,265.7,734310621.382
658,265.8,819613482.809
659,265.9,904888345.725
660,266.0,850469778.087
661,266.1,650701307.972
662,266.2,451500000.005
663,266.3,435999999.995
664,266.4,713139501.998
665,266.5,1251239596.132
666,266.6,1855302925.034
667,266.7,2274696012.019
668,266.8,2402949790.469
669,266.9,2361328662.055
670,267.0,2374301722.026
671,267.1,2570391944.903
672,267.2,2832791310.209
673,267.3,2855199688.851
674,267.4,2431000000.024
675,267.5,1677000000.031
676,267.6,922300000.025
677,267.7,403199005.347
678,267.8,143374213.001
679,267.9,46262732.501
680,268.0,18122530.861
681,268.1,10343191.283
682,268.2,6667458.307
683,268.3,3863415.713
684,268.4,1867933.499
685,268.5,770632.898
686,268.6,421510.079
687,268.7,697300.0
688,268.8,1642000.0
689,268.9,3257488.924
690,269.0,5157202.446
691,269.1,6602649.998
692,269.2,7046506.889
693,269.3,6656249.513
694,269.4,6455202.941
695,269.5,8404537.933
696,269.6,15487301.011
697,269.7,30530042.043
698,269.8,52846293.833
699,269.9,75309999.999
700,270.0,87440000.0
701,270.1,84010000.0
702,270.2,69086972.651
703,270.3,51005556.032
704,270.4,35749416.974
705,270.5,25688576.824
706,270.6,20908448.332
707,270.7,19701282.779
708,270.8,19585727.794
709,270.9,19345772.001
710,271.0,19408574.271
711,271.1,19968067.874
712,271.2,19660000.0
713,271.3,17200000.0
714,271.4,13364308.267
715,271.5,10224511.736
716,271.6,8672064.309
717,271.7,7775592.614
718,271.8,6335023.053
719,271.9,4258885.066
720,272.0,2330290.896
721,272.1,1321637.545
722,272.2,1911036.01
723,272.3,5350499.703
724,272.4,13540000.0
725,272.5,27089999.999
726,272.6,42429999.999
727,272.7,52259684.902
728,272.8,51719936.57
729,272.9,44241512.788
730,273.0,39531294.552
731,273.1,45354330.852
732,273.2,62907962.134
733,273.3,89246171.906
734,273.4,120508391.059
735,273.5,151032261.566
736,273.6,174968801.917
737,273.7,195899999.999
738,273.8,230299999.998
739,273.9,289091622.231
740,274.0,351274389.913
741,274.1,374906480.999
742,274.2,344604143.886
743,274.3,294932232.764
744,274.4,271918985.717
745,274.5,280910033.929
746,274.6,285514854.75
747,274.7,252142000.366
748,274.8,183981942.216
749,274.9,110700000.003
750,275.0,58480000.002
751,275.1,34130000.001
752,275.2,29368927.003
753,275.3,32177537.884
754,275.4,34583053.282
755,275.5,35197290.66
756,275.6,36179535.766
757,275.7,37890120.128
758,275.8,37709172.03
759,275.9,34077385.534
760,276.0,29564811.517
761,276.1,28152342.321
762,276.2,30850000.0
763,276.3,35110000.0
764,276.4,37471241.772
765,276.5,36059844.474
766,276.6,31903435.551
767,276.7,29184110.258
768,276.8,32559871.732
769,276.9,42260731.311
770,277.0,51911087.17
771,277.1,53235282.77
772,277.2,43675278.245
773,277.3,28321438.657
774,277.4,14570000.0
775,277.5,6483000.0
776,277.6,4825000.0
777,277.7,10984426.559
778,277.8,29971812.374
779,277.9,68784983.691
780,278.0,128947030.982
781,278.1,197777272.606
782,278.2,249497468.925
783,278.3,263449409.694
784,278.4,248158550.737
785,278.5,244863282.133
786,278.6,297200785.778
787,278.7,408399999.994
788,278.8,525599999.996
789,278.9,575145442.225
790,279.0,519873990.707
791,279.1,385353720.913
792,279.2,233635052.058
793,279.3,115468748.532
794,279.4,46415279.326
795,279.5,15809698.498
796,279.6,7857603.435
797,279.7,15597326.801
798,279.8,43685027.242
799,279.9,101399999.997
800,280.0,186699999.996
801,280.1,271799999.997
802,280.2,312831199.21
803,280.3,284793175.306
804,280.4,205064580.436
805,280.5,116748365.887
806,280.6,52550067.778
807,280.7,18703173.719
808,280.8,5264701.353
809,280.9,1172616.736
810,281.0,207732.512
811,281.1,42482.416
812,281.2,110200.0
813,281.3,659500.0
814,281.4,3249374.916
815,281.5,12931999.125
816,281.6,42059685.339
817,281.7,114223150.427
818,281.8,265666817.13
819,281.9,541443799.237
820,282.0,974025442.531
821,282.1,1527788354.621
822,282.2,2045366889.948
823,282.3,2295858880.109
824,282.4,2163000000.014
825,282.5,1767000000.021
826,282.6,1345000000.018
827,282.7,1028346520.041
828,282.8,786669511.644
829,282.9,567846761.74
830,283.0,410424860.105
831,283.1,474078616.968
832,283.2,1042146061.439
833,283.3,2465571286.818
834,283.4,4871974189.367
835,283.5,7716850433.993
836,283.6,9771680990.731
837,283.7,9958000000.04
838,283.8,8334000000.105
839,283.9,6034575046.006
840,284.0,4238071893.532
841,284.1,3381361230.134
842,284.2,3234720973.416
843,284.3,3324796308.187
844,284.4,3230281128.929
845,284.5,2777454228.385
846,284.6,2156034395.967
847,284.7,1796871473.232
848,284.8,2036200519.21
849,284.9,2822999999.956
850,285.0,3697999999.966
851,285.1,4083000000.0
852,285.2,3708575111.005
853,285.3,2789437612.324
854,285.4,1811065211.461
855,285.5,1158433078.63
856,285.6,925358066.472
857,285.7,983085747.288
858,285.8,1179831677.51
859,285.9,1487516110.533
860,286.0,1967734948.261
861,286.1,2606771196.715
862,286.2,3209999999.976
863,286.3,3541999999.992
864,286.4,3589755375.106
865,286.5,3620696962.904
866,286.6,3889246998.455
867,286.7,4303686622.102
868,286.8,4502317707.947
869,286.9,4237484283.289
870,287.0,3597068935.899
871,287.1,2831442664.621
872,287.2,2113366939.031
873,287.3,1501380386.473
874,287.4,1019000000.02
875,287.5,679300000.013
876,287.6,479500000.007
877,287.7,406469359.735
878,287.8,442924450.495
879,287.9,551659493.051
880,288.0,669070989.14
881,288.1,722936519.182
882,288.2,668793322.34
883,288.3,518744635.922
884,288.4,334296957.895
885,288.5,181856063.398
886,288.6,92856839.561
887,288.7,60370000.001
888,288.8,60570000.0
889,288.9,71052982.982
890,289.0,78000587.265
891,289.1,77582994.094
892,289.2,74139369.694
893,289.3,75323114.521
894,289.4,90178678.185
895,289.5,133378121.878
896,289.6,224467413.106
897,289.7,368310172.95
898,289.8,527834953.145
899,289.9,627899999.998
900,290.0,607800000.004
901,290.1,475700000.009
902,290.2,301023156.655
903,290.3,156105543.504
904,290.4,70478462.688
905,290.5,34273562.057
906,290.6,25171166.244
907,290.7,27678274.444
908,290.8,36581240.363
909,290.9,52485847.592
910,291.0,76657349.609
911,291.1,107300778.035
912,291.2,136999999.999
913,291.3,153700000.0
914,291.4,147115969.971
915,291.5,118362205.273
916,291.6,80841025.419
917,291.7,53829815.62
918,291.8,54835732.474
919,291.9,96667365.226
920,292.0,181581862.997
921,292.1,289318194.007
922,292.2,374296716.28
923,292.3,390796354.734
924,292.4,329200000.005
925,292.5,224800000.006
926,292.6,128800000.004
927,292.7,74925980.592
928,292.8,71790350.93
929,292.9,112317301.678
930,293.0,181040477.851
931,293.1,260208038.095
932,293.2,343385423.604
933,293.3,441463829.576
934,293.4,559880487.596
935,293.5,665344834.255
936,293.6,693309326.842
937,293.7,606200000.007
938,293.8,435000000.01
939,293.9,253792246.457
940,294.0,119863981.084
941,294.1,45754631.099
942,294.2,14110004.966
943,294.3,3513792.743
944,294.4,708194.473
945,294.5,139242.875
946,294.6,169683.71
947,294.7,789457.779
948,294.8,3244212.373
949,294.9,10809999.999
950,295.0,29179999.999
951,295.1,63739999.998
952,295.2,112765144.778
953,295.3,161426874.679
954,295.4,187099306.769
955,295.5,175633170.161
956,295.6,133492537.297
957,295.7,82133994.349
958,295.8,40958156.44
959,295.9,16794157.94
960,296.0,6783607.889
961,296.1,6787692.918
962,296.2,17049999.999
963,296.3,42599999.998
964,296.4,88351580.119
965,296.5,150979952.54
966,296.6,217044992.089
967,296.7,277325613.124
968,296.8,352688984.408
969,296.9,499277176.999
970,297.0,764911334.328
971,297.1,1116694874.505
972,297.2,1413278472.598
973,297.3,1495758737.679
974,297.4,1316000000.016
975,297.5,988300000.019
976,297.6,708100000.011
977,297.7,622287162.607
978,297.8,761378321.604
979,297.9,1032355398.286
980,298.0,1269532801.181
981,298.1,1337294410.234
982,298.2,1242837461.624
983,298.3,1125316063.392
984,298.4,1134495365.806
985,298.5,1302216011.73
986,298.6,1552053823.23
987,298.7,1801999999.987
988,298.8,2004999999.991
989,298.9,2107697051.241
990,299.0,2019955833.242
991,299.1,1697172289.977
992,299.2,1218789925.212
993,299.3,748699037.163
994,299.4,411071549.0
995,299.5,229457020.061
996,299.6,157044491.909
997,299.7,135846448.077
998,299.8,130043050.809
999,299.9,127800000.0
1000,300.0,128100000.0
1001,300.1,129200000.0
1002,300.2,127003774.985
1003,300.3,120076306.671
1004,300.4,110931929.876
1005,300.5,101419096.647
1006,300.6,89033792.65
1007,300.7,70996316.716
1008,300.8,49409656.958
1009,300.9,30764534.073
1010,301.0,21733337.68
1011,301.1,26652855.56
1012,301.2,47369999.998
1013,301.3,82089999.998
1014,301.4,123045601.777
1015,301.5,157762115.765
1016,301.6,177996468.139
1017,301.7,189996327.779
1018,301.8,214593510.193
1019,301.9,272466799.539
1020,302.0,363164352.201
1021,302.1,455910604.894
1022,302.2,505777698.7
1023,302.3,484625898.364
1024,302.4,400800000.006
1025,302.5,290500000.006
1026,302.6,191800000.005
1027,302.7,126754973.283
1028,302.8,99744992.16
1029,302.9,102551674.178
1030,303.0,118402257.088
1031,303.1,129467818.969
1032,303.2,125899049.085
1033,303.3,111339637.12
1034,303.4,98555573.587
1035,303.5,102923284.098
1036,303.6,138814603.396
1037,303.7,219399999.994
1038,303.8,347699999.991
1039,303.9,500749268.467
1040,304.0,627690005.35
1041,304.1,680907161.153
1042,304.2,663732979.883
1043,304.3,640911186.284
1044,304.4,683310805.936
1045,304.5,793752602.493
1046,304.6,892536616.589
1047,304.7,888020259.674
1048,304.8,766857383.339
1049,304.9,617700000.007
1050,305.0,567499999.998
1051,305.1,687299999.988
1052,305.2,935082394.678
1053,305.3,1170428578.083
1054,305.4,1240827613.007
1055,305.5,1090941177.787
1056,305.6,792427976.019
1057,305.7,480621238.768
1058,305.8,255636175.282
1059,305.9,144895784.1
1060,306.0,131350240.585
1061,306.1,202156063.029
1062,306.2,369999999.986
1063,306.3,651099999.98
1064,306.4,1008940533.201
1065,306.5,1324871248.552
1066,306.6,1449149292.227
1067,306.7,1308784163.099
1068,306.8,973825620.598
1069,306.9,596590123.139
1070,307.0,301787261.872
1071,307.1,129495805.862
1072,307.2,55530557.52
1073,307.3,39154152.372
1074,307.4,48979999.999
1075,307.5,64949999.999
1076,307.6,73930000.0
1077,307.7,69664201.998
1078,307.8,54074646.293
1079,307.9,34553264.065
1080,308.0,18171769.604
1081,308.1,7863591.884
1082,308.2,2800568.12
1083,308.3,821062.436
1084,308.4,198054.842
1085,308.5,39327.108
1086,308.6,6421.756
1087,308.7,864.6
1088,308.8,95.71
1089,308.9,8.649
1090,309.0,0.648
1091,309.1,0.04
1092,309.2,0.003
1093,309.3,0.024
1094,309.4,0.414
1095,309.5,5.968
1096,309.6,69.926
1097,309.7,682.889
1098,309.8,5467.869
1099,309.9,36150.0
1100,310.0,197400.0
1101,310.1,891100.0
1102,310.2,3322850.313
1103,310.3,10239703.101
1104,310.4,26082654.197
1105,310.5,54887044.518
1106,310.6,95441818.849
1107,310.7,137131747.188
1108,310.8,162803541.548
1109,310.9,159710849.598
1110,311.0,129762356.759
1111,311.1,88148615.758
1112,311.2,54650000.001
1113,311.3,48169999.999
1114,311.4,94890463.886
1115,311.5,242341757.548
1116,311.6,558858730.139
1117,311.7,1096515342.312
1118,311.8,1823975086.793
1119,311.9,2576906311.906
1120,312.0,3101878491.337
1121,312.1,3189720945.181
1122,312.2,2809573223.02
1123,312.3,2132428041.932
1124,312.4,1423000000.041
1125,312.5,898100000.025
1126,312.6,648800000.007
1127,312.7,644968612.353
1128,312.8,774916494.179
1129,312.9,902544102.82
1130,313.0,932309272.566
1131,313.1,856179295.822
1132,313.2,740675173.361
1133,313.3,667088389.398
1134,313.4,679845858.895
1135,313.5,776920922.604
1136,313.6,920331515.113
1137,313.7,1051999999.993
1138,313.8,1113999999.999
1139,313.9,1076189887.315
1140,314.0,945934936.798
1141,314.1,752030607.091
1142,314.2,535313496.826
1143,314.3,335773566.117
1144,314.4,182825107.57
1145,314.5,86043224.477
1146,314.6,36686778.673
1147,314.7,17280435.102
1148,314.8,12244480.44
1149,314.9,11750000.0
1150,315.0,11300000.0
1151,315.1,9979000.0
1152,315.2,8729323.982
1153,315.3,8773058.502
1154,315.4,10353450.109
1155,315.5,12440024.768
1156,315.6,13425851.508
1157,315.7,12393951.118
1158,315.8,9739227.648
1159,315.9,6876622.686
1160,316.0,5317845.931
1161,316.1,5936618.139
1162,316.2,8641000.0
1163,316.3,12320000.0
1164,316.4,15212479.623
1165,316.5,15742476.358
1166,316.6,13583608.237
1167,316.7,9751864.979
1168,316.8,5825440.858
1169,316.9,2894854.238
1170,317.0,1196589.1
1171,317.1,411364.34
1172,317.2,117684.548
1173,317.3,28012.289
1174,317.4,5547.0
1175,317.5,913.5
1176,317.6,125.2
1177,317.7,14.447
1178,317.8,3.715
1179,317.9,26.753
1180,318.0,252.305
1181,318.1,1987.002
1182,318.2,13023.013
1183,318.3,71372.344
1184,318.4,326244.458
1185,318.5,1244943.729
1186,318.6,3961430.651
1187,318.7,10519999.999
1188,318.8,23329999.999
1189,318.9,43156265.122
1190,319.0,66621580.094
1191,319.1,85878488.767
1192,319.2,92575131.362
1193,319.3,84076642.336
1194,319.4,66425970.228
1195,319.5,51379533.117
1196,319.6,50243300.286
1197,319.7,68334364.516
1198,319.8,101761069.925
1199,319.9,137199999.998
1200,320.0,157599999.999
1201,320.1,151900000.001
1202,320.2,122296957.897
1203,320.3,82338621.264
1204,320.4,46290667.268
1205,320.5,21740047.875
1206,320.6,8523681.913
1207,320.7,2793434.823
1208,320.8,764321.656
1209,320.9,174788.927
1210,321.0,33366.508
1211,321.1,5318.946
1212,321.2,709.2
1213,321.3,78.92
1214,321.4,7.28
1215,321.5,0.565
1216,321.6,0.037
1217,321.7,0.002
1218,321.8,0.0
1219,321.9,0.0
1220,322.0,0.0
1221,322.1,0.0
1222,322.2,0.001
1223,322.3,0.009
1224,322.4,0.137
1225,322.5,1.67
1226,322.6,17.06
1227,322.7,146.216
1228,322.8,1051.087
1229,322.9,6337.652
1230,323.0,32135.681
1231,323.1,136571.934
1232,323.2,486856.151
1233,323.3,1456094.209
1234,323.4,3654891.881
1235,323.5,7698045.323
1236,323.6,13601084.967
1237,323.7,20170000.0
1238,323.8,25100000.0
1239,323.9,26208773.407
1240,324.0,22968505.738
1241,324.1,16889505.642
1242,324.2,10422538.982
1243,324.3,5397096.033
1244,324.4,2345695.441
1245,324.5,855219.819
1246,324.6,262658.924
1247,324.7,73016.173
1248,324.8,42599.395
1249,324.9,117500.0
1250,325.0,394900.0
1251,325.1,1139000.0
1252,325.2,2763521.554
1253,325.3,5635283.678
1254,325.4,9654350.863
1255,325.5,13915140.08
1256,325.6,16844888.551
1257,325.7,17138199.965
1258,325.8,14655046.052
1259,325.9,10531241.97
1260,326.0,6368031.872
1261,326.1,3253631.305
1262,326.2,1488000.0
1263,326.3,949600.0
1264,326.4,1754192.253
1265,326.5,4815497.346
1266,326.6,12045304.48
1267,326.7,25744277.44
1268,326.8,47172540.577
1269,326.9,74989103.277
1270,327.0,105529223.357
1271,327.1,134918297.39
1272,327.2,160059719.857
1273,327.3,177551556.914
1274,327.4,181800000.0
1275,327.5,167600000.002
1276,327.6,135900000.003
1277,327.7,95114011.214
1278,327.8,56872194.199
1279,327.9,28844959.397
1280,328.0,12366935.295
1281,328.1,4477011.782
1282,328.2,1365927.839
1283,328.3,350973.33
1284,328.4,76013.074
1285,328.5,13851.726
1286,328.6,2125.508
1287,328.7,275.1
1288,328.8,29.95
1289,328.9,2.725
1290,329.0,0.21
1291,329.1,0.014
1292,329.2,0.001
1293,329.3,0.0
1294,329.4,0.0
1295,329.5,0.001
1296,329.6,0.01
1297,329.7,0.158
1298,329.8,2.068
1299,329.9,22.95
1300,330.0,216.2
1301,330.1,1729.0
1302,330.2,11727.924
1303,330.3,67626.023
1304,330.4,331113.922
1305,330.5,1380086.145
1306,330.6,4891888.887
1307,330.7,14747023.931
1308,330.8,37840765.046
1309,330.9,82663547.125
1310,331.0,153828152.179
1311,331.1,244026337.892
1312,331.2,330499999.994
1313,331.3,383199999.998
1314,331.4,383382203.211
1315,331.5,336639667.445
1316,331.6,269427605.833
1317,331.7,211408698.849
1318,331.8,179134447.07
1319,331.9,171299843.292
1320,332.0,174532623.661
1321,332.1,172851375.972
1322,332.2,155943720.079
1323,332.3,123830868.739
1324,332.4,85710000.003
1325,332.5,53090000.002
1326,332.6,34770000.001
1327,332.7,35284775.479
1328,332.8,56021405.147
1329,332.9,94525396.076
1330,333.0,141675115.449
1331,333.1,181426466.317
1332,333.2,197122594.502
1333,333.3,181401550.17
1334,333.4,141460366.985
1335,333.5,93643194.649
1336,333.6,53389049.532
1337,333.7,28880000.001
1338,333.8,22410000.0
1339,333.9,35313611.528
1340,334.0,70279251.855
1341,334.1,127735522.752
1342,334.2,199026153.118
1343,334.3,263428698.098
1344,334.4,296305872.017
1345,334.5,285517040.731
1346,334.6,246181821.568
1347,334.7,228751174.841
1348,334.8,328815494.617
1349,334.9,703199999.956
1350,335.0,1562999999.91
1351,335.1,3078999999.857
1352,335.2,5193460486.963
1353,335.3,7452520755.129
1354,335.4,9098842706.06
1355,335.5,9483561468.583
1356,335.6,8523495954.539
1357,335.7,6789221848.119
1358,335.8,5119142223.034
1359,335.9,4096756712.688
1360,336.0,3786161922.01
1361,336.1,3847746611.348
1362,336.2,3849000000.011
1363,336.3,3541000000.037
1364,336.4,2967677106.026
1365,336.5,2396971389.628
1366,336.6,2148423912.868
1367,336.7,2432709343.161
1368,336.8,3264450193.654
1369,336.9,4485421214.491
1370,337.0,5827057142.375
1371,337.1,6971066789.055
1372,337.2,7589915904.412
1373,337.3,7434318334.901
1374,337.4,6473000000.101
1375,337.5,4970000000.128
1376,337.6,3375000000.117
1377,337.7,2082894084.664
1378,337.8,1259033526.639
1379,337.9,831936210.106
1380,338.0,628029533.036
1381,338.1,497459499.983
1382,338.2,371089065.374
1383,338.3,245349819.648
1384,338.4,140314842.62
1385,338.5,68794827.444
1386,338.6,28816328.118
1387,338.7,10300000.001
1388,338.8,3142000.0
1389,338.9,816432.407
1390,339.0,181000.736
1391,339.1,34186.447
1392,339.2,5504.269
1393,339.3,753.59
1394,339.4,87.495
1395,339.5,8.725
1396,339.6,0.735
1397,339.7,0.053
1398,339.8,0.003
1399,339.9,0.0
1400,340.0,0.0
1401,340.1,0.0
1402,340.2,0.0
1403,340.3,0.0
1404,340.4,0.0
1405,340.5,0.0
1406,340.6,0.0
1407,340.7,0.0
1408,340.8,0.0
1409,340.9,0.0
1410,341.0,0.0
1411,341.1,0.0
1412,341.2,0.0
1413,341.3,0.0
1414,341.4,0.0
1415,341.5,0.0
1416,341.6,0.0
1417,341.7,0.0
1418,341.8,0.0
1419,341.9,0.0
1420,342.0,0.0
1421,342.1,0.0
1422,342.2,0.0
1423,342.3,0.0
1424,342.4,0.0
1425,342.5,0.0
1426,342.6,0.0
1427,342.7,0.0
1428,342.8,0.0
1429,342.9,0.0
1430,343.0,0.0
1431,343.1,0.0
1432,343.2,0.0
1433,343.3,0.0
1434,343.4,0.0
1435,343.5,0.0
1436,343.6,0.0
1437,343.7,0.0
1438,343.8,0.0
1439,343.9,0.0
1440,344.0,0.0
1441,344.1,0.0
1442,344.2,0.0
1443,344.3,0.0
1444,344.4,0.0
1445,344.5,0.0
1446,344.6,0.0
1447,344.7,0.0
1448,344.8,0.0
1449,344.9,0.0
1450,345.0,0.0
1451,345.1,0.0
1452,345.2,0.0
1453,345.3,0.0
1454,345.4,0.0
1455,345.5,0.0
1456,345.6,0.0
1457,345.7,0.0
1458,345.8,0.0
1459,345.9,0.0
1460,346.0,0.0
1461,346.1,0.0
1462,346.2,0.0
1463,346.3,0.0
1464,346.4,0.0
1465,346.5,0.0
1466,346.6,0.0
1467,346.7,0.0
1468,346.8,0.0
1469,346.9,0.0
1470,347.0,0.0
1471,347.1,0.0
1472,347.2,0.0
1473,347.3,0.0
1474,347.4,0.0
1475,347.5,0.0
1476,347.6,0.0
1477,347.7,0.0
1478,347.8,0.0
1479,347.9,0.0
1480,348.0,0.0
1481,348.1,0.0
1482,348.2,0.0
1483,348.3,0.0
1484,348.4,0.0
1485,348.5,0.0
1486,348.6,0.0
1487,348.7,0.0
1488,348.8,0.0
1489,348.9,0.0
1490,349.0,0.0
1491,349.1,0.0
1492,349.2,0.0
1493,349.3,0.0
1494,349.4,0.0
1495,349.5,0.0
1496,349.6,0.0
1497,349.7,0.0
1498,349.8,0.0
1499,349.9,0.0
1500,350.0,0.0
1501,350.1,0.0
1502,350.2,0.0
1503,350.3,0.0
1504,350.4,0.0
1505,350.5,0.0
1506,350.6,0.0
1507,350.7,0.0
1508,350.8,0.0
1509,350.9,0.0
1510,351.0,0.0
1511,351.1,0.0
1512,351.2,0.0
1513,351.3,0.0
1514,351.4,0.0
1515,351.5,0.0
1516,351.6,0.0
1517,351.7,0.001
1518,351.8,0.011
1519,351.9,0.164
1520,352.0,2.096
1521,352.1,22.794
1522,352.2,215.981
1523,352.3,1752.118
1524,352.4,12260.0
1525,352.5,73980.0
1526,352.6,385400.0
1527,352.7,1732195.225
1528,352.8,6720145.669
1529,352.9,22495535.137
1530,353.0,65007458.517
1531,353.1,162084937.173
1532,353.2,348689373.694
1533,353.3,647590200.359
1534,353.4,1037586689.995
1535,353.5,1435587417.0
1536,353.6,1712713103.155
1537,353.7,1764000000.007
1538,353.8,1568000000.026
1539,353.9,1202985274.625
1540,354.0,795915884.487
1541,354.1,454648528.617
1542,354.2,224159324.284
1543,354.3,95325018.533
1544,354.4,34996087.177
1545,354.5,11087528.435
1546,354.6,3035844.09
1547,354.7,747836.507
1548,354.8,331400.584
1549,354.9,945600.0
1550,355.0,3944000.0
1551,355.1,14589999.998
1552,355.2,46729394.345
1553,355.3,129365716.779
1554,355.4,309645774.964
1555,355.5,640895570.976
1556,355.6,1146815237.796
1557,355.7,1774270518.317
1558,355.8,2373871298.778
1559,355.9,2748205284.524
1560,356.0,2755204406.43
1561,356.1,2405892284.415
1562,356.2,1867000000.049
1563,356.3,1376000000.035
1564,356.4,1137164878.27
1565,356.5,1254396425.591
1566,356.6,1741428104.839
1567,356.7,2567657806.091
1568,356.8,3741165314.254
1569,356.9,5350257743.313
1570,357.0,7496930957.881
1571,357.1,10110648742.12
1572,357.2,12804605678.41
1573,357.3,14952826588.597
1574,357.4,16049999999.956
1575,357.5,15960000000.054
1576,357.6,14990000000.115
1577,357.7,13569341045.448
1578,357.8,12074523348.435
1579,357.9,10706579246.628
1580,358.0,9497806597.444
1581,358.1,8356347264.96
1582,358.2,7134512225.489
1583,358.3,5755221511.784
1584,358.4,4313361549.579
1585,358.5,3055614580.889
1586,358.6,2245633936.014
1587,358.7,2024999999.993
1588,358.8,2346999999.952
1589,358.9,2991024947.061
1590,359.0,3635159116.709
1591,359.1,3977199238.568
1592,359.2,3858710228.582
1593,359.3,3319409013.901
1594,359.4,2545000114.249
1595,359.5,1754226718.532
1596,359.6,1096984290.202
1597,359.7,627001422.151
1598,359.8,330263403.56
1599,359.9,164200000.01
1600,360.0,87750000.004
1601,360.1,71869999.999
1602,360.2,99992186.494
1603,360.3,161032470.818
1604,360.4,242240490.535
1605,360.5,328745824.303
1606,360.6,420083286.234
1607,360.7,567305642.249
1608,360.8,920462238.632
1609,360.9,1757421079.067
1610,361.0,3432618611.866
1611,361.1,6199298034.69
1612,361.2,9923999999.633
1613,361.3,13879999999.661
1614,361.4,16896998806.826
1615,361.5,17878667532.937
1616,361.6,16424570441.027
1617,361.7,13106523197.373
1618,361.8,9082510362.506
1619,361.9,5466927359.7
1620,362.0,2857560992.522
1621,362.1,1299722401.592
1622,362.2,525148342.91
1623,362.3,226422920.806
1624,362.4,216099999.99
1625,362.5,468399999.962
1626,362.6,1099999999.918
1627,362.7,2302015926.977
1628,362.8,4197312171.941
1629,362.9,6656582012.128
1630,363.0,9180081922.757
1631,363.1,11011900707.551
1632,363.2,11476328576.454
1633,363.3,10415807309.697
1634,363.4,8222282684.33
1635,363.5,5672415320.551
1636,363.6,3487754169.446
1637,363.7,2090000000.087
1638,363.8,1609000000.002
1639,363.9,2019908345.555
1640,364.0,3231853262.368
1641,364.1,5051314977.437
1642,364.2,7101615360.158
1643,364.3,8841262698.311
1644,364.4,9743531862.239
1645,364.5,9541482682.846
1646,364.6,8358062801.061
1647,364.7,6633788655.029
1648,364.8,4899517424.127
1649,364.9,3560000000.1
1650,365.0,2771000000.05
1651,365.1,2441000000.016
1652,365.2,2332433784.167
1653,365.3,2205331639.876
1654,365.4,1924949364.283
1655,365.5,1498674057.081
1656,365.6,1026054561.186
1657,365.7,613879717.739
1658,365.8,320360679.398
1659,365.9,145768660.648
1660,366.0,57747377.631
1661,366.1,19932139.877
1662,366.2,5993000.001
1663,366.3,1569000.0
1664,366.4,357611.311
1665,366.5,71171.334
1666,366.6,13175.111
1667,366.7,6927.914
1668,366.8,25891.019
1669,366.9,113129.122
1670,367.0,435641.028
1671,367.1,1463073.824
1672,367.2,4291644.444
1673,367.3,10982645.269
1674,367.4,24519999.998
1675,367.5,47779999.997
1676,367.6,81249999.996
1677,367.7,120581755.737
1678,367.8,156208810.121
1679,367.9,176558105.2
1680,368.0,174182841.41
1681,368.1,149971376.646
1682,368.2,112664207.638
1683,368.3,73860181.123
1684,368.4,42268092.146
1685,368.5,21103802.028
1686,368.6,9201717.671
1687,368.7,3499000.0
1688,368.8,1161000.0
1689,368.9,336312.683
1690,369.0,85036.695
1691,369.1,18758.203
1692,369.2,3613.096
1693,369.3,606.682
1694,369.4,88.56
1695,369.5,11.354
1696,369.6,1.263
1697,369.7,0.124
1698,369.8,0.011
1699,369.9,0.001
1700,370.0,0.0
1701,370.1,0.0
1702,370.2,0.0
1703,370.3,0.0
1704,370.4,0.0
1705,370.5,0.0
1706,370.6,0.0
1707,370.7,0.0
1708,370.8,0.0
1709,370.9,0.0
1710,371.0,0.0
1711,371.1,0.0
1712,371.2,0.0
1713,371.3,0.0
1714,371.4,0.0
1715,371.5,0.0
1716,371.6,0.0
1717,371.7,0.0
1718,371.8,0.0
1719,371.9,0.0
1720,372.0,0.0
1721,372.1,0.0
1722,372.2,0.0
1723,372.3,0.0
1724,372.4,0.0
1725,372.5,0.0
1726,372.6,0.002
1727,372.7,0.026
1728,372.8,0.258
1729,372.9,2.224
1730,373.0,16.907
1731,373.1,112.462
1732,373.2,654.991
1733,373.3,3349.802
1734,373.4,15013.991
1735,373.5,59029.443
1736,373.6,203488.35
1737,373.7,615600.0
1738,373.8,1633000.0
1739,373.9,3798125.881
1740,374.0,7749067.046
1741,374.1,13864270.568
1742,374.2,21768852.365
1743,374.3,29977109.168
1744,374.4,36206438.734
1745,374.5,38373305.689
1746,374.6,35662958.062
1747,374.7,29086978.181
1748,374.8,20814812.989
1749,374.9,13100000.001
1750,375.0,7304000.0
1751,375.1,3794000.0
1752,375.2,2281211.826
1753,375.3,2354456.829
1754,375.4,3731135.51
1755,375.5,6190580.565
1756,375.6,9337002.189
1757,375.7,12444073.453
1758,375.8,14589334.984
1759,375.9,15027224.904
1760,376.0,13627592.784
1761,376.1,10917272.008
1762,376.2,7877000.0
1763,376.3,5448000.0
1764,376.4,4255107.769
1765,376.5,4497430.074
1766,376.6,5976337.879
1767,376.7,8150566.325
1768,376.8,10236342.344
1769,376.9,11438427.372
1770,377.0,11273006.467
1771,377.1,9771178.753
1772,377.2,7444256.964
1773,377.3,4985833.922
1774,377.4,2935000.0
1775,377.5,1519000.0
1776,377.6,690900.0
1777,377.7,276269.665
1778,377.8,97095.016
1779,377.9,29989.664
1780,378.0,8151.228
1781,378.1,1946.663
1782,378.2,408.862
1783,378.3,75.442
1784,378.4,12.264
1785,378.5,1.749
1786,378.6,0.219
1787,378.7,0.026
1788,378.8,0.023
1789,378.9,0.186
1790,379.0,1.499
1791,379.1,10.647
1792,379.2,66.391
1793,379.3,365.276
1794,379.4,1768.09
1795,379.5,7552.846
1796,379.6,28372.813
1797,379.7,93882.24
1798,379.8,273395.477
1799,379.9,701100.0
1800,380.0,1583000.0
1801,380.1,3147000.0
1802,380.2,5508407.109
1803,380.3,8489825.635
1804,380.4,11522106.682
1805,380.5,13768854.766
1806,380.6,14491938.022
1807,380.7,13424514.949
1808,380.8,10948759.176
1809,380.9,7866508.056
1810,381.0,4975774.562
1811,381.1,2771098.637
1812,381.2,1359000.0
1813,381.3,586700.0
1814,381.4,223053.391
1815,381.5,74647.99
1816,381.6,22004.895
1817,381.7,5711.002
1818,381.8,1304.705
1819,381.9,262.016
1820,382.0,46.457
1821,382.1,7.231
1822,382.2,0.995
1823,382.3,0.12
1824,382.4,0.013
1825,382.5,0.001
1826,382.6,0.0
1827,382.7,0.0
1828,382.8,0.0
1829,382.9,0.0
1830,383.0,0.0
1831,383.1,0.0
1832,383.2,0.0
1833,383.3,0.0
1834,383.4,0.0
1835,383.5,0.0
1836,383.6,0.0
1837,383.7,0.0
1838,383.8,0.0
1839,383.9,0.0
1840,384.0,0.0
1841,384.1,0.006
1842,384.2,0.06
1843,384.3,0.574
1844,384.4,4.802
1845,384.5,35.769
1846,384.6,234.171
1847,384.7,1360.111
1848,384.8,6960.048
1849,384.9,31470.0
1850,385.0,125700.0
1851,385.1,443800.0
1852,385.2,1384646.055
1853,385.3,3816348.629
1854,385.4,9300816.232
1855,385.5,20016472.175
1856,385.6,38070787.974
1857,385.7,64001231.685
1858,385.8,95071760.565
1859,385.9,124774341.041
1860,386.0,144742977.759
1861,386.1,148333964.921
1862,386.2,134400000.002
1863,386.3,107600000.003
1864,386.4,76097136.488
1865,386.5,47561832.977
1866,386.6,26272171.159
1867,386.7,12826379.254
1868,386.8,5530515.12
1869,386.9,2107572.161
1870,387.0,709870.911
1871,387.1,211279.573
1872,387.2,55978.539
1873,387.3,14685.81
1874,387.4,9364.0
1875,387.5,22970.0
1876,387.6,66790.0
1877,387.7,175141.53
1878,387.8,406800.163
1879,387.9,836370.782
1880,388.0,1521449.875
1881,388.1,2450609.427
1882,388.2,3491872.703
1883,388.3,4404499.138
1884,388.4,4916935.151
1885,388.5,4857290.903
1886,388.6,4245738.561
1887,388.7,3285000.0
1888,388.8,2250000.0
1889,388.9,1363239.684
1890,389.0,731174.782
1891,389.1,347080.56
1892,389.2,145808.757
1893,389.3,54274.382
1894,389.4,18286.291
1895,389.5,7727.659
1896,389.6,13665.574
1897,389.7,53546.94
1898,389.8,203661.755
1899,389.9,690400.0
1900,390.0,2077000.0
1901,390.1,5548999.999
1902,390.2,13172193.845
1903,390.3,27846071.362
1904,390.4,52506987.81
1905,390.5,88722823.074
1906,390.6,135157486.872
1907,390.7,187260982.705
1908,390.8,238493637.937
1909,390.9,282876878.001
1910,391.0,315773142.261
1911,391.1,333483919.357
1912,391.2,332300000.001
1913,391.3,309700000.004
1914,391.4,266866128.954
1915,391.5,210839068.02
1916,391.6,152171189.834
1917,391.7,101260591.333
1918,391.8,63773972.767
1919,391.9,40036845.952
1920,392.0,26559816.107
1921,392.1,18984952.951
1922,392.2,14061159.033
1923,392.3,10243762.849
1924,392.4,7239000.0
1925,392.5,5234000.0
1926,392.6,4383000.0
1927,392.7,4623481.064
1928,392.8,5745185.645
1929,392.9,7532061.469
1930,393.0,9830742.913
1931,393.1,12489912.338
1932,393.2,15190218.903
1933,393.3,17374679.628
1934,393.4,18368230.675
1935,393.5,17691210.658
1936,393.6,15365768.802
1937,393.7,11960000.0
1938,393.8,8305000.0
1939,393.9,5137469.786
1940,394.0,2826080.279
1941,394.1,1381794.891
1942,394.2,599835.835
1943,394.3,231310.086
1944,394.4,79155.774
1945,394.5,24069.724
1946,394.6,6490.82
1947,394.7,1556.949
1948,394.8,335.955
1949,394.9,96.07
1950,395.0,212.3
1951,395.1,1081.0
1952,395.2,5133.777
1953,395.3,21717.261
1954,395.4,81644.884
1955,395.5,273371.717
1956,395.6,813629.952
1957,395.7,2153518.499
1958,395.8,5070186.768
1959,395.9,10621844.457
1960,396.0,19799939.32
1961,396.1,32883997.375
1962,396.2,48729999.998
1963,396.3,64619999.998
1964,396.4,77187151.213
1965,396.5,84018103.226
1966,396.6,85053427.165
1967,396.7,82480720.97
1968,396.8,79160777.313
1969,396.9,76533923.597
1970,397.0,73838536.257
1971,397.1,69018102.947
1972,397.2,60529013.724
1973,397.3,48680481.146
1974,397.4,35410000.001
1975,397.5,23210000.001
1976,397.6,13900000.001
1977,397.7,8190959.598
1978,397.8,5966066.988
1979,397.9,6853370.468
1980,398.0,10501211.268
1981,398.1,16489023.479
1982,398.2,23962296.894
1983,398.3,31468950.93
1984,398.4,37230393.243
1985,398.5,39852673.961
1986,398.6,39109630.783
1987,398.7,36190000.0
1988,398.8,33050000.0
1989,398.9,31374738.707
1990,399.0,31664942.705
1991,399.1,33131346.476
1992,399.2,34398343.684
1993,399.3,34437182.457
1994,399.4,33121457.544
1995,399.5,31010367.953
1996,399.6,28757436.135
1997,399.7,26620722.487
1998,399.8,24466946.479
1999,399.9,22070000.0
2000,400.0,19400000.0
2001,400.1,16610000.0
2002,400.2,13868192.422
2003,400.3,11227359.012
2004,400.4,8709882.151
2005,400.5,6358376.411
2006,400.6,4294841.597
2007,400.7,2648623.436
2008,400.8,1480181.689
2009,400.9,756447.969
2010,401.0,396963.08
2011,401.1,360708.048
2012,401.2,763700.0
2013,401.3,2033000.0
2014,401.4,5099741.564
2015,401.5,11556659.939
2016,401.6,23597868.927
2017,401.7,43500675.398
2018,401.8,72726618.638
2019,401.9,110771054.537
2020,402.0,154465917.077
2021,402.1,198074786.593
2022,402.2,234401521.576
2023,402.3,256378483.508
2024,402.4,258900000.001
2025,402.5,240700000.003
2026,402.6,205100000.005
2027,402.7,159652172.546
2028,402.8,113277677.956
2029,402.9,73424669.485
2030,403.0,43998607.104
2031,403.1,25127670.537
2032,403.2,14528586.064
2033,403.3,9310323.433
2034,403.4,7157302.034
2035,403.5,6749071.437
2036,403.6,7489511.443
2037,403.7,9062000.0
2038,403.8,11090000.0
2039,403.9,13055933.432
2040,404.0,14487050.097
2041,404.1,15178585.08
2042,404.2,15303443.451
2043,404.3,15323393.995
2044,404.4,15764532.756
2045,404.5,16982778.392
2046,404.6,18965970.431
2047,404.7,21370632.66
2048,404.8,23539519.261
2049,404.9,24900000.0
2050,405.0,25170000.0
2051,405.1,24580000.0
2052,405.2,23708335.428
2053,405.3,23115046.511
2054,405.4,22949058.265
2055,405.5,22930798.524
2056,405.6,22554221.942
2057,405.7,21456384.13
2058,405.8,19565910.978
2059,405.9,17073782.775
2060,406.0,14335312.814
2061,406.1,11689280.121
2062,406.2,9473000.0
2063,406.3,7958000.0
2064,406.4,7276239.775
2065,406.5,7321691.448
2066,406.6,7760060.656
2067,406.7,8140175.542
2068,406.8,8101458.288
2069,406.9,7538102.494
2070,407.0,6638564.984
2071,407.1,5777245.403
2072,407.2,5328488.737
2073,407.3,5501340.228
2074,407.4,6279000.0
2075,407.5,7487000.0
2076,407.6,8944000.0
2077,407.7,10591753.6
2078,407.8,12532192.283
2079,407.9,14946811.459
2080,408.0,17839757.722
2081,408.1,20957192.085
2082,408.2,23735100.026
2083,408.3,25522965.513
2084,408.4,25864101.847
2085,408.5,24702910.827
2086,408.6,22355233.888
2087,408.7,19320000.0
2088,408.8,16040000.0
2089,408.9,12843547.157
2090,409.0,9999642.537
2091,409.1,7706627.208
2092,409.2,6108256.876
2093,409.3,5221907.999
2094,409.4,4919144.287
2095,409.5,4966593.347
2096,409.6,5110443.359
2097,409.7,5145574.553
2098,409.8,4955175.31
2099,409.9,4503000.0
2100,410.0,3829000.0
2101,410.1,3024000.0
2102,410.2,2204125.298
2103,410.3,1482587.996
2104,410.4,935947.673
2105,410.5,601440.741
2106,410.6,483302.747
2107,410.7,569912.543
2108,410.8,838191.517
2109,410.9,1243758.344
2110,411.0,1707954.322
2111,411.1,2118284.512
2112,411.2,2361000.0
2113,411.3,2361000.0
2114,411.4,2117374.261
2115,411.5,1702502.395
2116,411.6,1229397.285
2117,411.7,801204.682
2118,411.8,482327.544
2119,411.9,298759.12
2120,412.0,256115.713
2121,412.1,362421.71
2122,412.2,638624.36
2123,412.3,1108138.087
2124,412.4,1778000.0
2125,412.5,2622000.0
2126,412.6,3606000.0
2127,412.7,4741748.05
2128,412.8,6142882.804
2129,412.9,8010452.31
2130,413.0,10504843.443
2131,413.1,13564202.857
2132,413.2,16771425.304
2133,413.3,19455880.416
2134,413.4,21064095.011
2135,413.5,21490662.546
2136,413.6,21238859.333
2137,413.7,21200000.0
2138,413.8,22030000.0
2139,413.9,23762413.259
2140,414.0,25637902.527
2141,414.1,26532380.786
2142,414.2,25609382.351
2143,414.3,22725375.774
2144,414.4,18517406.93
2145,414.5,14011302.232
2146,414.6,10078267.806
2147,414.7,7150309.824
2148,414.8,5189719.268
2149,414.9,3898000.0
2150,415.0,2962000.0
2151,415.1,2188000.0
2152,415.2,1523156.118
2153,415.3,986171.777
2154,415.4,612487.803
2155,415.5,422762.022
2156,415.6,429936.416
2157,415.7,653807.338
2158,415.8,1125712.693
2159,415.9,1870987.478
2160,416.0,2885393.724
2161,416.1,4107581.175
2162,416.2,5421000.0
2163,416.3,6661000.0
2164,416.4,7652310.947
2165,416.5,8230563.086
2166,416.6,8290125.206
2167,416.7,7817340.032
2168,416.8,6915243.994
2169,416.9,5780535.301
2170,417.0,4629912.144
2171,417.1,3627288.155
2172,417.2,2829354.598
2173,417.3,2209142.12
2174,417.4,1705000.0
2175,417.5,1268000.0
2176,417.6,889600.0
2177,417.7,580585.465
2178,417.8,357889.326
2179,417.9,231387.011
2180,418.0,208065.266
2181,418.1,301430.016
2182,418.2,535769.731
2183,418.3,937191.699
2184,418.4,1508929.758
2185,418.5,2205698.101
2186,418.6,2920266.215
2187,418.7,3506000.0
2188,418.8,3826000.0
2189,418.9,3815707.972
2190,419.0,3509772.908
2191,419.1,3023026.291
2192,419.2,2493897.164
2193,419.3,2022494.768
2194,419.4,1644035.249
2195,419.5,1344207.557
2196,419.6,1100247.611
2197,419.7,916242.938
2198,419.8,834028.578
2199,419.9,932200.0
2200,420.0,1298000.0
2201,420.1,1993000.0
2202,420.2,3003155.257
2203,420.3,4209634.999
2204,420.4,5385910.195
2205,420.5,6269598.93
2206,420.6,6668042.664
2207,420.7,6562840.42
2208,420.8,6136941.646
2209,420.9,5695240.587
2210,421.0,5526993.486
2211,421.1,5770692.218
2212,421.2,6365000.0
2213,421.3,7099000.0
2214,421.4,7726901.365
2215,421.5,8067476.628
2216,421.6,8050702.654
2217,421.7,7705376.793
2218,421.8,7112232.098
2219,421.9,6377587.284
2220,422.0,5619531.882
2221,422.1,4959495.184
2222,422.2,4500965.255
2223,422.3,4287299.34
2224,422.4,4283000.0
2225,422.5,4390000.0
2226,422.6,4500000.0
2227,422.7,4567828.385
2228,422.8,4659241.503
2229,422.9,4930988.198
2230,423.0,5569535.473
2231,423.1,6698536.214
2232,423.2,8339657.265
2233,423.3,10442009.73
2234,423.4,13038133.634
2235,423.5,16541938.422
2236,423.6,22583640.961
2237,423.7,35879999.997
2238,423.8,68359999.994
2239,423.9,146013561.749
2240,424.0,317179206.97
2241,424.1,656630765.194
2242,424.2,1255496936.193
2243,424.3,2187689725.986
2244,424.4,3453943476.279
2245,424.5,4932857387.294
2246,424.6,6366288076.882
2247,424.7,7420265976.956
2248,424.8,7813614671.05
2249,424.9,7434000000.095
2250,425.0,6395000000.164
2251,425.1,4983000000.191
2252,425.2,3529753943.84
2253,425.3,2289527162.781
2254,425.4,1379437834.115
2255,425.5,791931630.246
2256,425.6,450488729.328
2257,425.7,264274062.518
2258,425.8,162879406.065
2259,425.9,104147947.57
2260,426.0,67731649.741
2261,426.1,44890921.295
2262,426.2,31330000.001
2263,426.3,23870000.001
2264,426.4,19800852.833
2265,426.5,17228117.705
2266,426.6,15297769.595
2267,426.7,14178583.011
2268,426.8,14772619.085
2269,426.9,18400131.314
2270,427.0,26433699.854
2271,427.1,39790829.609
2272,427.2,58256624.457
2273,427.3,79854057.295
2274,427.4,100799999.998
2275,427.5,116199999.999
2276,427.6,122100000.0
2277,427.7,116983790.809
2278,427.8,102339862.92
2279,427.9,82191164.791
2280,428.0,61206212.261
2281,428.1,43053955.162
2282,428.2,29744717.316
2283,428.3,21847810.889
2284,428.4,19376566.298
2285,428.5,22370079.583
2286,428.6,30937372.426
2287,428.7,44919999.998
2288,428.8,63329999.997
2289,428.9,84368106.397
2290,429.0,105897146.709
2291,429.1,125998830.994
2292,429.2,143816154.592
2293,429.3,158363863.126
2294,429.4,168588864.144
2295,429.5,172473802.229
2296,429.6,168096898.357
2297,429.7,154809505.073
2298,429.8,134815012.334
2299,429.9,112700000.003
2300,430.0,94490000.002
2301,430.1,85460000.0
2302,430.2,88877286.319
2303,430.3,104976644.391
2304,430.4,131156418.081
2305,430.5,164201381.188
2306,430.6,203806279.409
2307,430.7,258000163.281
2308,430.8,346946658.648
2309,430.9,501825250.94
2310,431.0,754523557.086
2311,431.1,1120472809.508
2312,431.2,1577999999.936
2313,431.3,2064999999.938
2314,431.4,2490213171.92
2315,431.5,2773478192.281
2316,431.6,2877683898.612
2317,431.7,2836399900.172
2318,431.8,2725733647.119
2319,431.9,2629216619.329
2320,432.0,2591640133.219
2321,432.1,2604795852.588
2322,432.2,2624537476.702
2323,432.3,2595889509.654
2324,432.4,2487000000.02
2325,432.5,2288000000.032
2326,432.6,2010000000.041
2327,432.7,1676158294.953
2328,432.8,1317799061.924
2329,432.9,969701349.465
2330,433.0,662290422.181
2331,433.1,417683684.755
2332,433.2,242205412.607
2333,433.3,129547252.101
2334,433.4,65102110.568
2335,433.5,33014450.507
2336,433.6,19947149.4
2337,433.7,16760000.0
2338,433.8,17960000.0
2339,433.9,20583344.64
2340,434.0,23220472.982
2341,434.1,25356958.435
2342,434.2,26962471.232
2343,434.3,28142435.008
2344,434.4,28893857.075
2345,434.5,29119191.03
2346,434.6,28739868.82
2347,434.7,27930613.988
2348,434.8,27139193.762
2349,434.9,26910000.0
2350,435.0,27490000.0
2351,435.1,28590000.0
2352,435.2,29453559.181
2353,435.3,29208524.048
2354,435.4,27355641.294
2355,435.5,24018296.85
2356,435.6,19907778.282
2357,435.7,15895982.99
2358,435.8,12692746.688
2359,435.9,10564611.721
2360,436.0,9371486.019
2361,436.1,8742680.971
2362,436.2,8344000.0
2363,436.3,8109000.0
2364,436.4,8495127.914
2365,436.5,10916613.344
2366,436.6,18460222.414
2367,436.7,36892449.88
2368,436.8,75524302.407
2369,436.9,146712750.281
2370,437.0,262936886.971
2371,437.1,430651380.276
2372,437.2,642465273.623
2373,437.3,871670562.312
2374,437.4,1074999999.977
2375,437.5,1204999999.989
2376,437.6,1228000000.005
2377,437.7,1136725741.516
2378,437.8,955625643.8
2379,437.9,730318341.545
2380,438.0,507379028.98
2381,438.1,320714697.149
2382,438.2,185041552.806
2383,438.3,98148774.646
2384,438.4,48818271.041
2385,438.5,23806946.566
2386,438.6,12320770.116
2387,438.7,7342000.0
2388,438.8,5087000.0
2389,438.9,4017352.317
2390,439.0,4003861.361
2391,439.1,6054160.38
2392,439.2,12603550.046
2393,439.3,28215131.056
2394,439.4,60110020.637
2395,439.5,117760714.933
2396,439.6,210188246.435
2397,439.7,341373866.204
2398,439.8,504198026.359
2399,439.9,677099999.977
2400,440.0,826899999.983
2401,440.1,918099999.993
2402,440.2,926959679.338
2403,440.3,850925543.746
2404,440.4,710504359.246
2405,440.5,540056925.407
2406,440.6,375000583.773
2407,440.7,241356380.816
2408,440.8,152038848.276
2409,440.9,109856687.369
2410,441.0,112973903.467
2411,441.1,158703781.086
2412,441.2,242899999.986
2413,441.3,357099999.983
2414,441.4,484440073.061
2415,441.5,600227464.043
2416,441.6,677652802.559
2417,441.7,696493664.425
2418,441.8,651683811.004
2419,441.9,555305219.912
2420,442.0,431153174.724
2421,442.1,305434918.55
2422,442.2,198046089.43
2423,442.3,118330351.424
2424,442.4,66170000.006
2425,442.5,35650000.003
2426,442.6,19550000.002
2427,442.7,11754275.15
2428,442.8,8247829.18
2429,442.9,6762128.012
2430,443.0,6194362.07
2431,443.1,6003815.463
2432,443.2,5885611.833
2433,443.3,5644232.229
2434,443.4,5171279.316
2435,443.5,4457607.844
2436,443.6,3583870.719
2437,443.7,2681000.0
2438,443.8,1878000.0
2439,443.9,1265151.45
2440,444.0,872278.946
2441,444.1,679957.325
2442,444.2,632976.235
2443,444.3,663962.239
2444,444.4,709700.179
2445,444.5,723867.435
2446,444.6,684379.513
2447,444.7,593224.388
2448,444.8,469870.988
2449,444.9,340900.0
2450,445.0,229900.0
2451,445.1,153200.0
2452,445.2,121215.22
2453,445.3,143018.047
2454,445.4,230790.982
2455,445.5,399275.403
2456,445.6,658375.339
2457,445.7,1002185.32
2458,445.8,1400305.06
2459,445.9,1796544.534
2460,446.0,2125193.677
2461,446.1,2333493.557
2462,446.2,2399000.0
2463,446.3,2339000.0
2464,446.4,2190153.902
2465,446.5,1990829.769
2466,446.6,1761971.849
2467,446.7,1513154.704
2468,446.8,1246653.43
2469,446.9,973385.736
2470,447.0,711853.971
2471,447.1,483274.431
2472,447.2,303799.4
2473,447.3,179283.541
2474,447.4,107100.0
2475,447.5,82580.0
2476,447.6,104700.0
2477,447.7,179507.785
2478,447.8,317790.737
2479,447.9,528234.784
2480,448.0,807121.27
2481,448.1,1131489.873
2482,448.2,1458319.446
2483,448.3,1744186.069
2484,448.4,1963241.494
2485,448.5,2138122.522
2486,448.6,2337754.582
2487,448.7,2659000.0
2488,448.8,3189000.0
2489,448.9,3959687.155
2490,449.0,4929502.639
2491,449.1,6002385.257
2492,449.2,7068490.128
2493,449.3,8048979.927
2494,449.4,8917348.969
2495,449.5,9676029.122
2496,449.6,10316144.175
2497,449.7,10798298.643
2498,449.8,11006754.88
2499,449.9,10870000.0
2500,450.0,10310000.0
2501,450.1,9387000.0
2502,450.2,8209573.238
2503,450.3,6967899.911
2504,450.4,5855065.589
2505,450.5,5017310.754
2506,450.6,4518315.429
2507,450.7,4343341.92
2508,450.8,4424190.362
2509,450.9,4674201.062
2510,451.0,5005303.238
2511,451.1,5328084.626
2512,451.2,5546000.0
2513,451.3,5564000.0
2514,451.4,5315325.404
2515,451.5,4794307.359
2516,451.6,4063991.299
2517,451.7,3252387.664
2518,451.8,2516344.91
2519,451.9,2019416.11
2520,452.0,1910802.786
2521,452.1,2320574.687
2522,452.2,3342536.072
2523,452.3,5010732.962
2524,452.4,7254000.0
2525,452.5,9874000.0
2526,452.6,12570000.0
2527,452.7,14985713.548
2528,452.8,16832260.156
2529,452.9,17956634.002
2530,453.0,18348737.625
2531,453.1,18130689.672
2532,453.2,17507351.582
2533,453.3,16707062.621
2534,453.4,15962828.162
2535,453.5,15454363.453
2536,453.6,15329435.489
2537,453.7,15680000.0
2538,453.8,16490000.0
2539,453.9,17633927.778
2540,454.0,18900328.591
2541,454.1,19940883.45
2542,454.2,20415853.609
2543,454.3,20086016.218
2544,454.4,18845978.977
2545,454.5,16806427.567
2546,454.6,14211146.318
2547,454.7,11397444.441
2548,454.8,8700829.111
2549,454.9,6441000.0
2550,455.0,4903000.0
2551,455.1,4363000.0
2552,455.2,5122759.784
2553,455.3,7513238.999
2554,455.4,11817904.704
2555,455.5,18105008.718
2556,455.6,26017686.676
2557,455.7,34594222.143
2558,455.8,42401818.133
2559,455.9,47836245.384
2560,456.0,49696249.621
2561,456.1,47615205.76
2562,456.2,42190000.001
2563,456.3,34770000.001
2564,456.4,26873191.729
2565,456.5,19756286.295
2566,456.6,14130471.005
2567,456.7,10154016.821
2568,456.8,7631346.021
2569,456.9,6193031.679
2570,457.0,5444456.319
2571,457.1,5037892.245
2572,457.2,4713908.597
2573,457.3,4315531.296
2574,457.4,3791000.0
2575,457.5,3173000.0
2576,457.6,2546000.0
2577,457.7,2001537.863
2578,457.8,1626066.983
2579,457.9,1508779.946
2580,458.0,1790027.03
2581,458.1,2710805.753
2582,458.2,4637447.826
2583,458.3,8009123.115
2584,458.4,13194867.987
2585,458.5,20227677.124
2586,458.6,28611898.721
2587,458.7,37209999.999
2588,458.8,44439999.999
2589,458.9,48760835.122
2590,459.0,49232530.591
2591,459.1,45884658.451
2592,459.2,39689761.213
2593,459.3,32178941.259
2594,459.4,24862846.157
2595,459.5,18765702.867
2596,459.6,14280816.945
2597,459.7,11275580.499
2598,459.8,9345411.538
2599,459.9,8087000.0
2600,460.0,7172000.0
2601,460.1,6394000.0
2602,460.2,5641006.769
2603,460.3,4869368.628
2604,460.4,4084610.884
2605,460.5,3323000.798
2606,460.6,2635509.7
2607,460.7,2064970.648
2608,460.8,1645115.537
2609,460.9,1401315.793
2610,461.0,1361110.804
2611,461.1,1560777.705
2612,461.2,2027000.0
2613,461.3,2763000.0
2614,461.4,3723072.509
2615,461.5,4811609.853
2616,461.6,5906164.242
2617,461.7,6887059.239
2618,461.8,7676189.112
2619,461.9,8248275.457
2620,462.0,8615237.819
2621,462.1,8796242.846
2622,462.2,8786971.131
2623,462.3,8562819.67
2624,462.4,8093000.0
2625,462.5,7371000.0
2626,462.6,6436000.0
2627,462.7,5363000.102
2628,462.8,4251293.401
2629,462.9,3199946.721
2630,463.0,2285577.848
2631,463.1,1558457.923
2632,463.2,1041935.074
2633,463.3,740119.067
2634,463.4,647176.293
2635,463.5,754944.174
2636,463.6,1054240.994
2637,463.7,1533000.0
2638,463.8,2178000.0
2639,463.9,2982662.793
2640,464.0,3959425.579
2641,464.1,5150120.867
2642,464.2,6608102.677
2643,464.3,8356344.584
2644,464.4,10329592.515
2645,464.5,12327982.888
2646,464.6,14057510.84
2647,464.7,15214185.686
2648,464.8,15602747.449
2649,464.9,15230000.0
2650,465.0,14250000.0
2651,465.1,12930000.0
2652,465.2,11485542.373
2653,465.3,10043515.815
2654,465.4,8626495.561
2655,465.5,7233679.957
2656,465.6,5888670.924
2657,465.7,4670075.481
2658,465.8,3713507.544
2659,465.9,3215506.928
2660,466.0,3502013.528
2661,466.1,5176343.507
2662,466.2,9356999.999
2663,466.3,17919999.998
2664,466.4,33588997.938
2665,466.5,59568943.531
2666,466.6,98536187.842
2667,466.7,151015573.489
2668,466.8,213677785.299
2669,466.9,278559200.913
2670,467.0,334347023.295
2671,467.1,369200197.012
2672,467.2,374858635.123
2673,467.3,349959862.514
2674,467.4,300400000.009
2675,467.5,237000000.01
2676,467.6,172000000.01
2677,467.7,114857658.821
2678,467.8,70713639.905
2679,467.9,40291246.447
2680,468.0,21462938.499
2681,468.1,10947473.95
2682,468.2,5618737.254
2683,468.3,3170572.175
2684,468.4,2174204.573
2685,468.5,1876913.53
2686,468.6,1937078.896
2687,468.7,2204000.0
2688,468.8,2588000.0
2689,468.9,3003076.657
2690,469.0,3366916.266
2691,469.1,3624749.465
2692,469.2,3770920.476
2693,469.3,3852307.123
2694,469.4,3951330.631
2695,469.5,4140338.764
2696,469.6,4452955.97
2697,469.7,4859947.168
2698,469.8,5279909.798
2699,469.9,5624000.0
2700,470.0,5854000.0
2701,470.1,6034000.0
2702,470.2,6346003.874
2703,470.3,7045634.677
2704,470.4,8373106.858
2705,470.5,10428351.148
2706,470.6,13085119.848
2707,470.7,15962914.522
2708,470.8,18541977.48
2709,470.9,20274306.55
2710,471.0,20826834.205
2711,471.1,20141067.231
2712,471.2,18510000.0
2713,471.3,16430000.0
2714,471.4,14473056.812
2715,471.5,13044431.155
2716,471.6,12323015.751
2717,471.7,12223196.936
2718,471.8,12494705.959
2719,471.9,12791378.085
2720,472.0,12859569.499
2721,472.1,12636378.524
2722,472.2,12250860.951
2723,472.3,11990757.67
2724,472.4,12240000.0
2725,472.5,13280000.0
2726,472.6,15240000.0
2727,472.7,18026809.509
2728,472.8,21326957.309
2729,472.9,24705753.607
2730,473.0,27742618.378
2731,473.1,30190488.98
2732,473.2,32112089.578
2733,473.3,33793360.577
2734,473.4,35726638.819
2735,473.5,38353880.298
2736,473.6,41970464.687
2737,473.7,46639999.999
2738,473.8,52179999.999
2739,473.9,58219766.432
2740,474.0,64192066.358
2741,474.1,69377063.729
2742,474.2,72916180.3
2743,474.3,73975894.063
2744,474.4,71926612.849
2745,474.5,66653132.524
2746,474.6,58645784.505
2747,474.7,49001499.21
2748,474.8,39120735.891
2749,474.9,30340000.001
2750,475.0,23580000.001
2751,475.1,19200000.001
2752,475.2,16957707.864
2753,475.3,16269318.684
2754,475.4,16416080.907
2755,475.5,16709641.169
2756,475.6,16663560.714
2757,475.7,15992427.773
2758,475.8,14668209.211
2759,475.9,12820047.864
2760,476.0,10729257.684
2761,476.1,8708084.799
2762,476.2,6997000.0
2763,476.3,5732000.0
2764,476.4,4907572.111
2765,476.5,4416764.222
2766,476.6,4102519.398
2767,476.7,3822886.091
2768,476.8,3486463.565
2769,476.9,3060824.46
2770,477.0,2565668.73
2771,477.1,2051234.423
2772,477.2,1575886.177
2773,477.3,1192081.58
2774,477.4,937800.0
2775,477.5,827900.0
2776,477.6,854200.0
2777,477.7,986692.11
2778,477.8,1176822.506
2779,477.9,1370267.646
2780,478.0,1522765.318
2781,478.1,1615292.674
2782,478.2,1671382.111
2783,478.3,1759390.619
2784,478.4,1975271.143
2785,478.5,2416576.277
2786,478.6,3148615.648
2787,478.7,4165000.0
2788,478.8,5380000.0
2789,478.9,6633191.674
2790,479.0,7727426.604
2791,479.1,8487539.451
2792,479.2,8804708.436
2793,479.3,8675331.944
2794,479.4,8196462.683
2795,479.5,7533365.1
2796,479.6,6876730.567
2797,479.7,6385365.711
2798,479.8,6143605.852
2799,479.9,6141000.0
2800,480.0,6276000.0
2801,480.1,6388000.0
2802,480.2,6315215.688
2803,480.3,5950935.673
2804,480.4,5279876.966
2805,480.5,4376667.242
2806,480.6,3376626.275
2807,480.7,2423203.553
2808,480.8,1624227.527
2809,480.9,1037422.225
2810,481.0,670775.82
2811,481.1,500190.114
2812,481.2,490200.0
2813,481.3,603600.0
2814,481.4,804576.862
2815,481.5,1056515.146
2816,481.6,1321254.326
2817,481.7,1559005.922
2818,481.8,1736835.399
2819,481.9,1831521.253
2820,482.0,1837304.298
2821,482.1,1763749.169
2822,482.2,1628285.766
2823,482.3,1454577.222
2824,482.4,1261000.0
2825,482.5,1063000.0
2826,482.6,868900.0
2827,482.7,685335.332
2828,482.8,518699.958
2829,482.9,375030.378
2830,483.0,259925.943
2831,483.1,176997.525
2832,483.2,127278.83
2833,483.3,109389.311
2834,483.4,119892.845
2835,483.5,153504.168
2836,483.6,202765.233
2837,483.7,257700.0
2838,483.8,306900.0
2839,483.9,339331.498
2840,484.0,347185.876
2841,484.1,328508.933
2842,484.2,287321.435
2843,484.3,232359.505
2844,484.4,173662.437
2845,484.5,119959.239
2846,484.6,76609.789
2847,484.7,45213.467
2848,484.8,24666.807
2849,484.9,12440.0
2850,485.0,5799.0
2851,485.1,2499.0
2852,485.2,995.97
2853,485.3,371.408
2854,485.4,146.741
2855,485.5,127.051
2856,485.6,332.709
2857,485.7,1090.271
2858,485.8,3405.569
2859,485.9,9864.482
2860,486.0,26449.067
2861,486.1,65601.096
2862,486.2,150600.0
2863,486.3,319800.0
2864,486.4,628340.856
2865,486.5,1142732.342
2866,486.6,1922033.832
2867,486.7,2992513.679
2868,486.8,4310539.625
2869,486.9,5745067.064
2870,487.0,7085667.643
2871,487.1,8084577.417
2872,487.2,8536578.894
2873,487.3,8341468.468
2874,487.4,7542000.0
2875,487.5,6316000.0
2876,487.6,4906000.0
2877,487.7,3558331.97
2878,487.8,2462739.578
2879,487.9,1734842.132
2880,488.0,1430401.197
2881,488.1,1571562.857
2882,488.2,2162282.163
2883,488.3,3176242.898
2884,488.4,4539213.26
2885,488.5,6095092.983
2886,488.6,7609801.181
2887,488.7,8806000.0
2888,488.8,9438000.0
2889,488.9,9364936.341
2890,489.0,8603781.712
2891,489.1,7316990.991
2892,489.2,5760441.161
2893,489.3,4198603.619
2894,489.4,2833025.808
2895,489.5,1770282.585
2896,489.6,1023487.189
2897,489.7,547946.101
2898,489.8,271626.804
2899,489.9,124600.0
2900,490.0,52940.0
2901,490.1,20820.0
2902,490.2,7579.152
2903,490.3,2555.508
2904,490.4,802.711
2905,490.5,256.936
2906,490.6,167.932
2907,490.7,405.602
2908,490.8,1330.856
2909,490.9,4186.037
2910,491.0,12224.867
2911,491.1,33102.32
2912,491.2,83070.0
2913,491.3,193200.0
2914,491.4,416328.731
2915,491.5,831596.23
2916,491.6,1540066.675
2917,491.7,2641730.51
2918,491.8,4200445.736
2919,491.9,6190204.715
2920,492.0,8454827.609
2921,492.1,10699595.94
2922,492.2,12556557.456
2923,492.3,13647966.977
2924,492.4,13760000.0
2925,492.5,12850000.0
2926,492.6,11140000.0
2927,492.7,8959998.046
2928,492.8,6723318.112
2929,492.9,4757202.53
2930,493.0,3270302.013
2931,493.1,2335740.924
2932,493.2,1921693.019
2933,493.3,1926451.422
2934,493.4,2213205.375
2935,493.5,2632580.274
2936,493.6,3037138.584
2937,493.7,3309000.0
2938,493.8,3371000.0
2939,493.9,3207489.193
2940,494.0,2860132.035
2941,494.1,2407538.161
2942,494.2,1936702.636
2943,494.3,1516548.678
2944,494.4,1187557.505
2945,494.5,955676.832
2946,494.6,811007.919
2947,494.7,744277.271
2948,494.8,757587.858
2949,494.9,866700.0
2950,495.0,1093000.0
2951,495.1,1446000.0
2952,495.2,1910216.222
2953,495.3,2433555.114
2954,495.4,2931100.113
2955,495.5,3304265.064
2956,495.6,3469346.526
2957,495.7,3386537.405
2958,495.8,3069689.764
2959,495.9,2582088.56
2960,496.0,2016577.461
2961,496.1,1462268.714
2962,496.2,988000.0
2963,496.3,630100.0
2964,496.4,398369.808
2965,496.5,288572.668
2966,496.6,296871.367
2967,496.7,428527.491
2968,496.8,698650.867
2969,496.9,1124494.689
2970,497.0,1711833.167
2971,497.1,2438714.165
2972,497.2,3256677.422
2973,497.3,4089936.795
2974,497.4,4867000.0
2975,497.5,5543000.0
2976,497.6,6122000.0
2977,497.7,6643947.849
2978,497.8,7160516.177
2979,497.9,7689027.709
2980,498.0,8190735.123
2981,498.1,8570708.543
2982,498.2,8714173.113
2983,498.3,8542540.898
2984,498.4,8051288.215
2985,498.5,7329689.561
2986,498.6,6539228.678
2987,498.7,5868000.0
2988,498.8,5472000.0
2989,498.9,5427626.353
2990,499.0,5701434.405
2991,499.1,6161819.304
2992,499.2,6617580.939
2993,499.3,6872688.444
2994,499.4,6790840.611
2995,499.5,6329165.258
2996,499.6,5541556.556
2997,499.7,4551209.659
2998,499.8,3505823.745
2999,499.9,2534000.0
3000,500.0,1720000.0
3001,500.1,1098000.0
3002,500.2,658676.461
3003,500.3,372017.773
3004,500.4,197859.969
3005,500.5,99574.972
3006,500.6,48630.933
3007,500.7,26289.467
3008,500.8,22809.136
3009,500.9,36387.146
3010,501.0,72596.098
3011,501.1,144148.804
3012,501.2,270400.0
3013,501.3,475000.0
3014,501.4,781582.571
3015,501.5,1206649.149
3016,501.6,1756435.484
3017,501.7,2427607.185
3018,501.8,3235497.706
3019,501.9,4279100.476
3020,502.0,5857165.409
3021,502.1,8664306.209
3022,502.2,14027150.872
3023,502.3,24136740.323
3024,502.4,42079999.996
3025,502.5,71479999.994
3026,502.6,115599999.991
3027,502.7,175739780.584
3028,502.8,249848884.984
3029,502.9,331108204.021
3030,503.0,408475902.781
3031,503.1,468808399.709
3032,503.2,500407064.654
3033,503.3,496659699.401
3034,503.4,458486666.338
3035,503.5,393445208.122
3036,503.6,313969138.761
3037,503.7,233000000.013
3038,503.8,160700000.011
3039,503.9,103111221.262
3040,504.0,61501385.007
3041,504.1,34111361.41
3042,504.2,17587470.197
3043,504.3,8431321.96
3044,504.4,3758934.879
3045,504.5,1558112.908
3046,504.6,600389.007
3047,504.7,215236.965
3048,504.8,71771.165
3049,504.9,22390.0
3050,505.0,6949.0
3051,505.1,3350.0
3052,505.2,4973.127
3053,505.3,11868.94
3054,505.4,28398.813
3055,505.5,63733.738
3056,505.6,133383.126
3057,505.7,260302.233
3058,505.8,473735.766
3059,505.9,805012.347
3060,506.0,1279210.614
3061,506.1,1902821.585
3062,506.2,2657000.0
3063,506.3,3497000.0
3064,506.4,4356699.56
3065,506.5,5167810.572
3066,506.6,5877777.729
3067,506.7,6459520.394
3068,506.8,6911876.722
3069,506.9,7249352.538
3070,507.0,7501536.304
3071,507.1,7718137.151
3072,507.2,7994337.149
3073,507.3,8499770.39
3074,507.4,9505000.0
3075,507.5,11380000.0
3076,507.6,14579999.999
3077,507.7,19535418.778
3078,507.8,26542061.606
3079,507.9,35608188.394
3080,508.0,46305441.84
3081,508.1,57757008.287
3082,508.2,68676289.083
3083,508.3,77640546.972
3084,508.4,83369274.768
3085,508.5,85018288.035
3086,508.6,82369395.18
3087,508.7,75840000.001
3088,508.8,66390000.002
3089,508.9,55288884.468
3090,509.0,43854041.446
3091,509.1,33259374.701
3092,509.2,24328851.609
3093,509.3,17534309.46
3094,509.4,12940891.49
3095,509.5,10328875.11
3096,509.6,9284803.49
3097,509.7,9289766.051
3098,509.8,9828415.622
3099,509.9,10450000.0
3100,510.0,10810000.0
3101,510.1,10690000.0
3102,510.2,10047011.415
3103,510.3,8927696.58
3104,510.4,7487749.444
3105,510.5,5918402.968
3106,510.6,4403383.735
3107,510.7,3080311.766
3108,510.8,2025647.423
3109,510.9,1249462.129
3110,511.0,723210.68
3111,511.1,392221.312
3112,511.2,199300.0
3113,511.3,94760.0
3114,511.4,42152.433
3115,511.5,17541.7
3116,511.6,6819.039
3117,511.7,2477.414
3118,511.8,840.628
3119,511.9,266.297
3120,512.0,79.149
3121,512.1,23.115
3122,512.2,10.986
3123,512.3,21.028
3124,512.4,67.45
3125,512.5,213.7
3126,512.6,634.2
3127,512.7,1755.294
3128,512.8,4531.947
3129,512.9,10910.394
3130,513.0,24508.379
3131,513.1,51316.649
3132,513.2,100245.317
3133,513.3,182607.941
3134,513.4,310205.833
3135,513.5,491540.405
3136,513.6,726328.302
3137,513.7,1001000.0
3138,513.8,1287000.0
3139,513.9,1542756.793
3140,514.0,1724325.584
3141,514.1,1798277.578
3142,514.2,1749391.04
3143,514.3,1586356.245
3144,514.4,1341671.544
3145,514.5,1058372.829
3146,514.6,778886.723
3147,514.7,534438.147
3148,514.8,342070.358
3149,514.9,204100.0
3150,515.0,113600.0
3151,515.1,59000.0
3152,515.2,28569.338
3153,515.3,12901.192
3154,515.4,5432.26
3155,515.5,2134.102
3156,515.6,781.465
3157,515.7,267.176
3158,515.8,85.536
3159,515.9,27.156
3160,516.0,14.037
3161,516.1,26.514
3162,516.2,81.58
3163,516.3,248.8
3164,516.4,711.832
3165,516.5,1901.408
3166,516.6,4744.812
3167,516.7,11051.395
3168,516.8,24012.415
3169,516.9,48750.765
3170,517.0,92365.26
3171,517.1,163430.285
3172,517.2,269800.813
3173,517.3,416093.542
3174,517.4,598900.0
3175,517.5,804800.0
3176,517.6,1010000.0
3177,517.7,1182613.102
3178,517.8,1293221.657
3179,517.9,1321990.9
3180,518.0,1263043.334
3181,518.1,1131533.518
3182,518.2,956899.648
3183,518.3,779283.873
3184,518.4,639194.371
3185,518.5,573625.419
3186,518.6,613186.045
3187,518.7,779800.0
3188,518.8,1086000.0
3189,518.9,1530382.02
3190,519.0,2096640.019
3191,519.1,2753883.941
3192,519.2,3462980.022
3193,519.3,4196352.624
3194,519.4,4966814.384
3195,519.5,5870749.629
3196,519.6,7132683.471
3197,519.7,9157396.507
3198,519.8,12552521.218
3199,519.9,18129999.999
3200,520.0,26749999.998
3201,520.1,39199999.997
3202,520.2,55841963.827
3203,520.3,76319890.921
3204,520.4,99367243.504
3205,520.5,122805734.822
3206,520.6,143870727.619
3207,520.7,159309036.085
3208,520.8,167009843.711
3209,520.9,165419973.353
3210,521.0,154866796.687
3211,521.1,136949302.77
3212,521.2,114300000.004
3213,521.3,90090000.004
3214,521.4,66992443.069
3215,521.5,47009480.51
3216,521.6,31140233.634
3217,521.7,19482540.05
3218,521.8,11536389.636
3219,521.9,6480637.801
3220,522.0,3463987.165
3221,522.1,1770957.219
3222,522.2,870545.916
3223,522.3,415309.463
3224,522.4,198200.0
3225,522.5,110000.0
3226,522.6,108700.0
3227,522.7,208916.219
3228,522.8,494094.508
3229,522.9,1153456.861
3230,523.0,2542286.992
3231,523.1,5246179.498
3232,523.2,10124024.94
3233,523.3,18280095.723
3234,523.4,30854185.058
3235,523.5,48702522.082
3236,523.6,71897285.825
3237,523.7,99249999.995
3238,523.8,128099999.995
3239,523.9,154734500.681
3240,524.0,174717644.652
3241,524.1,184482587.996
3242,524.2,182280363.803
3243,524.3,168468110.739
3244,524.4,145565926.607
3245,524.5,117708804.224
3246,524.6,89088453.484
3247,524.7,63089334.899
3248,524.8,41816698.571
3249,524.9,25950000.002
3250,525.0,15090000.002
3251,525.1,8229000.001
3252,525.2,4225915.934
3253,525.3,2077788.183
3254,525.4,1040353.217
3255,525.5,637830.744
3256,525.6,600030.745
3257,525.7,793616.725
3258,525.8,1159030.777
3259,525.9,1663807.785
3260,526.0,2272132.059
3261,526.1,2929991.827
3262,526.2,3565000.0
3263,526.3,4093000.0
3264,526.4,4441907.144
3265,526.5,4569961.705
3266,526.6,4475284.249
3267,526.7,4203642.769
3268,526.8,3826131.403
3269,526.9,3423448.16
3270,527.0,3055184.757
3271,527.1,2751431.386
3272,527.2,2504084.933
3273,527.3,2285451.941
3274,527.4,2060000.0
3275,527.5,1807000.0
3276,527.6,1521000.0
3277,527.7,1217299.649
3278,527.8,920714.196
3279,527.9,655519.604
3280,528.0,438363.939
3281,528.1,275199.083
3282,528.2,162846.203
3283,528.3,93099.606
3284,528.4,57632.695
3285,528.5,53075.007
3286,528.6,85796.699
3287,528.7,178000.0
3288,528.8,374600.0
3289,528.9,750629.237
3290,529.0,1413073.006
3291,529.1,2494629.522
3292,529.2,4126313.575
3293,529.3,6394946.554
3294,529.4,9288633.586
3295,529.5,12642849.587
3296,529.6,16116633.286
3297,529.7,19275689.086
3298,529.8,21603198.841
3299,529.9,22720000.0
3300,530.0,22420000.0
3301,530.1,20790000.0
3302,530.2,18125860.215
3303,530.3,14904848.138
3304,530.4,11595492.355
3305,530.5,8581196.773
3306,530.6,6101948.75
3307,530.7,4240462.607
3308,530.8,2961821.663
3309,530.9,2166933.722
3310,531.0,1737051.897
3311,531.1,1556035.023
3312,531.2,1526000.0
3313,531.3,1573000.0
3314,531.4,1642957.523
3315,531.5,1706539.598
3316,531.6,1755390.076
3317,531.7,1807883.454
3318,531.8,1907460.243
3319,531.9,2131284.106
3320,532.0,2596108.747
3321,532.1,3460931.368
3322,532.2,4915614.223
3323,532.3,7140371.842
3324,532.4,10239999.999
3325,532.5,14189999.999
3326,532.6,18719999.999
3327,532.7,23352549.32
3328,532.8,27463793.425
3329,532.9,30405230.373
3330,533.0,31648665.143
3331,533.1,30989116.589
3332,533.2,28591472.942
3333,533.3,24923284.377
3334,533.4,20645108.873
3335,533.5,16438709.937
3336,533.6,12837978.646
3337,533.7,10160000.0
3338,533.8,8502000.0
3339,533.9,7773664.554
3340,534.0,7785781.109
3341,534.1,8338176.799
3342,534.2,9263337.246
3343,534.3,10454377.461
3344,534.4,11852286.75
3345,534.5,13410512.206
3346,534.6,15063734.192
3347,534.7,16709767.687
3348,534.8,18199404.613
3349,534.9,19430000.0
3350,535.0,20310000.0
3351,535.1,20840000.0
3352,535.2,21096159.835
3353,535.3,21151921.249
3354,535.4,21090739.301
3355,535.5,20866948.337
3356,535.6,20383505.08
3357,535.7,19490257.593
3358,535.8,18069897.273
3359,535.9,16090627.447
3360,536.0,13673584.007
3361,536.1,11032309.524
3362,536.2,8411000.0
3363,536.3,6056000.0
3364,536.4,4120009.51
3365,536.5,2673744.868
3366,536.6,1706062.571
3367,536.7,1167726.366
3368,536.8,996997.27
3369,536.9,1141081.307
3370,537.0,1561710.933
3371,537.1,2223223.013
3372,537.2,3072133.944
3373,537.3,4023609.668
3374,537.4,4959000.0
3375,537.5,5741000.0
3376,537.6,6236000.0
3377,537.7,6357857.215
3378,537.8,6082838.251
3379,537.9,5466310.331
3380,538.0,4620727.425
3381,538.1,3694206.257
3382,538.2,2832729.7
3383,538.3,2162098.497
3384,538.4,1775074.069
3385,538.5,1736004.991
3386,538.6,2082576.743
3387,538.7,2825000.0
3388,538.8,3936000.0
3389,538.9,5334237.884
3390,539.0,6876225.119
3391,539.1,8362902.479
3392,539.2,9573191.371
3393,539.3,10311972.065
3394,539.4,10461270.459
3395,539.5,10029970.887
3396,539.6,9113351.774
3397,539.7,7901763.281
3398,539.8,6608575.383
3399,539.9,5417000.0
3400,540.0,4454000.0
3401,540.1,3780000.0
3402,540.2,3415295.302
3403,540.3,3364006.139
3404,540.4,3626370.155
3405,540.5,4204343.843
3406,540.6,5078357.558
3407,540.7,6184876.382
3408,540.8,7398727.729
3409,540.9,8544766.652
3410,541.0,9423693.882
3411,541.1,9867465.12
3412,541.2,9783000.0
3413,541.3,9178000.0
3414,541.4,8156147.168
3415,541.5,6882893.82
3416,541.6,5540593.685
3417,541.7,4285714.709
3418,541.8,3220842.147
3419,541.9,2394241.327
3420,542.0,1813524.908
3421,542.1,1456021.186
3422,542.2,1290949.393
3423,542.3,1282109.041
3424,542.4,1395000.0
3425,542.5,1596000.0
3426,542.6,1852000.0
3427,542.7,2135281.201
3428,542.8,2421187.737
3429,542.9,2690270.727
3430,543.0,2929349.634
3431,543.1,3129787.112
3432,543.2,3287745.479
3433,543.3,3401589.417
3434,543.4,3477024.943
3435,543.5,3528644.419
3436,543.6,3578831.679
3437,543.7,3659000.0
3438,543.8,3802000.0
3439,543.9,4044116.691
3440,544.0,4414254.817
3441,544.1,4930263.734
3442,544.2,5589283.672
3443,544.3,6361755.353
3444,544.4,7186010.286
3445,544.5,7975220.651
3446,544.6,8627842.239
3447,544.7,9051121.553
3448,544.8,9184325.663
3449,544.9,9010000.0
3450,545.0,8557000.0
3451,545.1,7886000.0
3452,545.2,7074928.344
3453,545.3,6195306.577
3454,545.4,5303891.4
3455,545.5,4440780.547
3456,545.6,3633013.0
3457,545.7,2898718.66
3458,545.8,2252527.834
3459,545.9,1707192.057
3460,546.0,1271831.466
3461,546.1,954490.95
3462,546.2,757300.0
3463,546.3,679700.0
3464,546.4,716720.057
3465,546.5,858753.97
3466,546.6,1090656.35
3467,546.7,1388687.295
3468,546.8,1725957.295
3469,546.9,2069735.177
3470,547.0,2388955.028
3471,547.1,2665762.491
3472,547.2,2906118.816
3473,547.3,3148340.463
3474,547.4,3476000.0
3475,547.5,4010000.0
3476,547.6,4902000.0
3477,547.7,6294873.4
3478,547.8,8284189.788
3479,547.9,10869730.124
3480,548.0,13911822.628
3481,548.1,17135870.556
3482,548.2,20156524.572
3483,548.3,22557630.526
3484,548.4,23945708.744
3485,548.5,24097418.656
3486,548.6,22983986.744
3487,548.7,20760000.001
3488,548.8,17770000.001
3489,548.9,14401976.903
3490,549.0,11051987.403
3491,549.1,8025075.157
3492,549.2,5515852.076
3493,549.3,3585747.91
3494,549.4,2204335.985
3495,549.5,1280571.951
3496,549.6,702701.28
3497,549.7,364380.337
3498,549.8,178863.576
3499,549.9,84440.0
3500,550.0,41820.0
3501,550.1,29940.0
3502,550.2,41992.261
3503,550.3,83446.144
3504,550.4,172408.09
3505,550.5,341492.08
3506,550.6,639012.506
3507,550.7,1128574.385
3508,550.8,1878340.075
3509,550.9,2956933.259
3510,551.0,4405293.666
3511,551.1,6238408.551
3512,551.2,8449000.0
3513,551.3,11059999.999
3514,551.4,14211234.132
3515,551.5,18342885.414
3516,551.6,24409214.366
3517,551.7,34082015.634
3518,551.8,49967527.695
3519,551.9,75535467.897
3520,552.0,114861212.723
3521,552.1,171470988.317
3522,552.2,247588144.672
3523,552.3,342049855.142
3524,552.4,449299999.978
3525,552.5,558799999.979
3526,552.6,656899999.982
3527,552.7,728758751.455
3528,552.8,762245920.037
3529,552.9,751463993.669
3530,553.0,698065902.779
3531,553.1,610676034.837
3532,553.2,503181965.932
3533,553.3,390414413.995
3534,553.4,285317861.087
3535,553.5,196373222.226
3536,553.6,127310622.684
3537,553.7,77880000.008
3538,553.8,45030000.005
3539,553.9,24753510.433
3540,554.0,13093705.238
3541,554.1,6837688.54
3542,554.2,3686803.564
3543,554.3,2171904.243
3544,554.4,1442831.023
3545,554.5,1055694.104
3546,554.6,805121.116
3547,554.7,609720.801
3548,554.8,445874.27
3549,554.9,310400.0
3550,555.0,204400.0
3551,555.1,127100.0
3552,555.2,74456.652
3553,555.3,41097.64
3554,555.4,21366.021
3555,555.5,10461.422
3556,555.6,4824.667
3557,555.7,2095.799
3558,555.8,857.177
3559,555.9,330.182
3560,556.0,119.755
3561,556.1,40.911
3562,556.2,13.17
3563,556.3,3.989
3564,556.4,1.138
3565,556.5,0.306
3566,556.6,0.077
3567,556.7,0.018
3568,556.8,0.004
3569,556.9,0.001
3570,557.0,0.0
3571,557.1,0.0
3572,557.2,0.0
3573,557.3,0.0
3574,557.4,0.0
3575,557.5,0.0
3576,557.6,0.0
3577,557.7,0.0
3578,557.8,0.0
3579,557.9,0.0
3580,558.0,0.0
3581,558.1,0.0
3582,558.2,0.0
3583,558.3,0.0
3584,558.4,0.0
3585,558.5,0.0
3586,558.6,0.0
3587,558.7,0.0
3588,558.8,0.0
3589,558.9,0.0
3590,559.0,0.0
3591,559.1,0.0
3592,559.2,0.0
3593,559.3,0.0
3594,559.4,0.0
3595,559.5,0.0
3596,559.6,0.0
3597,559.7,0.0
3598,559.8,0.0
3599,559.9,0.0
3600,560.0,0.0
3601,560.1,0.0
3602,560.2,0.0
3603,560.3,0.0
3604,560.4,0.002
3605,560.5,0.007
3606,560.6,0.029
3607,560.7,0.116
3608,560.8,0.433
3609,560.9,1.527
3610,561.0,5.091
3611,561.1,16.001
3612,561.2,47.48
3613,561.3,132.9
3614,561.4,350.927
3615,561.5,874.414
3616,561.6,2055.603
3617,561.7,4559.195
3618,561.8,9538.891
3619,561.9,18844.66
3620,562.0,35120.396
3621,562.1,61772.413
3622,562.2,102609.183
3623,562.3,161108.909
3624,562.4,239300.0
3625,562.5,337700.0
3626,562.6,455600.0
3627,562.7,594803.466
3628,562.8,767414.735
3629,562.9,1008619.552
3630,563.0,1396176.647
3631,563.1,2068916.267
3632,563.2,3242282.463
3633,563.3,5213451.23
3634,563.4,8329240.416
3635,563.5,12923714.582
3636,563.6,19206631.877
3637,563.7,27149999.998
3638,563.8,36339999.998
3639,563.9,46000574.112
3640,564.0,55003936.576
3641,564.1,62108621.183
3642,564.2,66215922.24
3643,564.3,66680841.023
3644,564.4,63473406.253
3645,564.5,57248870.668
3646,564.6,49221736.473
3647,564.7,40936271.442
3648,564.8,34052457.748
3649,564.9,30180000.0
3650,565.0,30759999.999
3651,565.1,37009999.998
3652,565.2,49804005.824
3653,565.3,69417938.232
3654,565.4,95231267.077
3655,565.5,125534865.734
3656,565.6,157229344.41
3657,565.7,186486495.171
3658,565.8,209091935.334
3659,565.9,221410686.632
3660,566.0,221436704.717
3661,566.1,209272747.432
3662,566.2,187000000.006
3663,566.3,158200000.006
3664,566.4,127162010.287
3665,566.5,97894345.128
3666,566.6,73264073.727
3667,566.7,54840367.777
3668,566.8,42845484.821
3669,566.9,36448920.769
3670,567.0,34175535.682
3671,567.1,34362585.192
3672,567.2,35440367.552
3673,567.3,36245966.2
3674,567.4,36150000.0
3675,567.5,35120000.0
3676,567.6,33670000.0
3677,567.7,32683807.181
3678,567.8,33207290.056
3679,567.9,36138199.212
3680,568.0,42012898.999
3681,568.1,50782109.063
3682,568.2,61726891.871
3683,568.3,73527617.309
3684,568.4,84476266.294
3685,568.5,92823584.77
3686,568.6,97141248.745
3687,568.7,96630000.001
3688,568.8,91350000.002
3689,568.9,82093142.509
3690,569.0,70254701.699
3691,569.1,57443013.519
3692,569.2,45191590.508
3693,569.3,34682176.562
3694,569.4,26626195.65
3695,569.5,21284876.164
3696,569.6,18460988.133
3697,569.7,17710150.689
3698,569.8,18392836.846
3699,569.9,19810000.0
3700,570.0,21310000.0
3701,570.1,22370000.0
3702,570.2,22674588.838
3703,570.3,22153461.85
3704,570.4,20978643.041
3705,570.5,19465851.138
3706,570.6,18028728.525
3707,570.7,16990726.545
3708,570.8,16564035.106
3709,570.9,16763934.839
3710,571.0,17407763.189
3711,571.1,18208624.971
3712,571.2,18830000.0
3713,571.3,18990000.0
3714,571.4,18504499.086
3715,571.5,17367620.169
3716,571.6,15690086.387
3717,571.7,13663309.525
3718,571.8,11537771.185
3719,571.9,9500736.232
3720,572.0,7712798.978
3721,572.1,6238639.867
3722,572.2,5087415.678
3723,572.3,4219247.616
3724,572.4,3568000.0
3725,572.5,3062000.0
3726,572.6,2638000.0
3727,572.7,2253553.231
3728,572.8,1883384.42
3729,572.9,1526321.22
3730,573.0,1188714.408
3731,573.1,885882.365
3732,573.2,628885.538
3733,573.3,424364.017
3734,573.4,271635.102
3735,573.5,164733.496
3736,573.6,94649.475
3737,573.7,51450.0
3738,573.8,26460.0
3739,573.9,12870.909
3740,574.0,5918.649
3741,574.1,2573.962
3742,574.2,1058.47
3743,574.3,411.505
3744,574.4,151.177
3745,574.5,52.535
3746,574.6,17.253
3747,574.7,5.359
3748,574.8,1.573
3749,574.9,0.437
3750,575.0,0.115
3751,575.1,0.028
3752,575.2,0.007
3753,575.3,0.001
3754,575.4,0.0
3755,575.5,0.0
3756,575.6,0.0
3757,575.7,0.001
3758,575.8,0.007
3759,575.9,0.028
3760,576.0,0.116
3761,576.1,0.451
3762,576.2,1.655
3763,576.3,5.753
3764,576.4,18.942
3765,576.5,59.102
3766,576.6,174.771
3767,576.7,489.624
3768,576.8,1300.374
3769,576.9,3271.716
3770,577.0,7808.209
3771,577.1,17669.858
3772,577.2,37925.694
3773,577.3,77212.287
3774,577.4,149200.0
3775,577.5,273600.0
3776,577.6,476500.0
3777,577.7,788289.062
3778,577.8,1240200.686
3779,577.9,1854361.311
3780,578.0,2640176.536
3781,578.1,3580500.021
3782,578.2,4628193.711
3783,578.3,5706670.28
3784,578.4,6718277.154
3785,578.5,7557280.286
3786,578.6,8128906.61
3787,578.7,8365000.0
3788,578.8,8240000.0
3789,578.9,7769129.978
3790,579.0,7012166.403
3791,579.1,6058392.038
3792,579.2,5006077.553
3793,579.3,3955878.311
3794,579.4,2985191.432
3795,579.5,2151633.72
3796,579.6,1477697.715
3797,579.7,967889.135
3798,579.8,603289.043
3799,579.9,357700.0
3800,580.0,201700.0
3801,580.1,108000.0
3802,580.2,54929.94
3803,580.3,26513.311
3804,580.4,12137.107
3805,580.5,5268.45
3806,580.6,2168.219
3807,580.7,845.457
3808,580.8,312.57
3809,580.9,109.49
3810,581.0,36.295
3811,581.1,11.397
3812,581.2,3.392
3813,581.3,0.955
3814,581.4,0.255
3815,581.5,0.064
3816,581.6,0.015
3817,581.7,0.003
3818,581.8,0.001
3819,581.9,0.0
3820,582.0,0.0
3821,582.1,0.0
3822,582.2,0.0
3823,582.3,0.0
3824,582.4,0.0
3825,582.5,0.0
3826,582.6,0.0
3827,582.7,0.0
3828,582.8,0.0
3829,582.9,0.0
3830,583.0,0.0
3831,583.1,0.0
3832,583.2,0.0
3833,583.3,0.0
3834,583.4,0.0
3835,583.5,0.0
3836,583.6,0.0
3837,583.7,0.0
3838,583.8,0.0
3839,583.9,0.0
3840,584.0,0.0
3841,584.1,0.0
3842,584.2,0.0
3843,584.3,0.0
3844,584.4,0.0
3845,584.5,0.0
3846,584.6,0.0
3847,584.7,0.0
3848,584.8,0.0
3849,584.9,0.0
3850,585.0,0.0
3851,585.1,0.0
3852,585.2,0.0
3853,585.3,0.0
3854,585.4,0.0
3855,585.5,0.0
3856,585.6,0.0
3857,585.7,0.0
3858,585.8,0.0
3859,585.9,0.0
3860,586.0,0.0
3861,586.1,0.0
3862,586.2,0.0
3863,586.3,0.0
3864,586.4,0.0
3865,586.5,0.0
3866,586.6,0.0
3867,586.7,0.0
3868,586.8,0.0
3869,586.9,0.0
3870,587.0,0.0
3871,587.1,0.0
3872,587.2,0.0
3873,587.3,0.0
3874,587.4,0.0
3875,587.5,0.0
3876,587.6,0.0
3877,587.7,0.0
3878,587.8,0.0
3879,587.9,0.0
3880,588.0,0.0
3881,588.1,0.0
3882,588.2,0.0
3883,588.3,0.0
3884,588.4,0.0
3885,588.5,0.0
3886,588.6,0.0
3887,588.7,0.0
3888,588.8,0.0
3889,588.9,0.0
3890,589.0,0.0
3891,589.1,0.0
3892,589.2,0.0
3893,589.3,0.0
3894,589.4,0.0
3895,589.5,0.0
3896,589.6,0.0
3897,589.7,0.0
3898,589.8,0.0
3899,589.9,0.0
3900,590.0,0.0
3901,590.1,0.0
3902,590.2,0.0
3903,590.3,0.0
3904,590.4,0.0
3905,590.5,0.0
3906,590.6,0.0
3907,590.7,0.0
3908,590.8,0.0
3909,590.9,0.0
3910,591.0,0.0
3911,591.1,0.0
3912,591.2,0.0
3913,591.3,0.0
3914,591.4,0.0
3915,591.5,0.0
3916,591.6,0.0
3917,591.7,0.0
3918,591.8,0.0
3919,591.9,0.0
3920,592.0,0.0
3921,592.1,0.0
3922,592.2,0.0
3923,592.3,0.0
3924,592.4,0.0
3925,592.5,0.0
3926,592.6,0.0
3927,592.7,0.0
3928,592.8,0.0
3929,592.9,0.0
3930,593.0,0.0
3931,593.1,0.0
3932,593.2,0.0
3933,593.3,0.0
3934,593.4,0.0
3935,593.5,0.0
3936,593.6,0.0
3937,593.7,0.0
3938,593.8,0.0
3939,593.9,0.0
3940,594.0,0.0
3941,594.1,0.0
3942,594.2,0.0
3943,594.3,0.0
3944,594.4,0.0
3945,594.5,0.0
3946,594.6,0.0
3947,594.7,0.0
3948,594.8,0.0
3949,594.9,0.0
3950,595.0,0.0
3951,595.1,0.0
3952,595.2,0.0
3953,595.3,0.0
3954,595.4,0.0
3955,595.5,0.0
3956,595.6,0.0
3957,595.7,0.0
3958,595.8,0.0
3959,595.9,0.0
3960,596.0,0.0
3961,596.1,0.0
3962,596.2,0.002
3963,596.3,0.007
3964,596.4,0.028
3965,596.5,0.103
3966,596.6,0.364
3967,596.7,1.223
3968,596.8,3.903
3969,596.9,11.834
3970,597.0,34.111
3971,597.1,93.351
3972,597.2,242.797
3973,597.3,599.531
3974,597.4,1407.0
3975,597.5,3135.0
3976,597.6,6636.0
3977,597.7,13343.848
3978,597.8,25491.77
3979,597.9,46266.475
3980,598.0,79744.131
3981,598.1,130545.6
3982,598.2,203124.047
3983,598.3,300129.23
3984,598.4,421191.186
3985,598.5,561674.484
3986,598.6,711395.707
3987,598.7,855900.0
3988,598.8,978200.0
3989,598.9,1062333.227
3990,599.0,1094704.876
3991,599.1,1073089.112
3992,599.2,998560.272
3993,599.3,882696.677
3994,599.4,741219.512
3995,599.5,591301.702
3996,599.6,448012.688
3997,599.7,322535.313
3998,599.8,220528.704
3999,599.9,143200.0
4000,600.0,88370.0
4001,600.1,51800.0
4002,600.2,28837.736
4003,600.3,15252.137
4004,600.4,7661.534
4005,600.5,3658.322
4006,600.6,1662.336
4007,600.7,727.654
4008,600.8,330.272
4009,600.9,215.229
4010,601.0,299.276
4011,601.1,633.845
4012,601.2,1420.0
4013,601.3,3077.0
4014,601.4,6354.154
4015,601.5,12476.206
4016,601.6,23280.331
4017,601.7,41302.414
4018,601.8,69646.592
4019,601.9,111601.916
4020,602.0,170115.101
4021,602.1,246263.027
4022,602.2,339007.275
4023,602.3,443580.636
4024,602.4,551800.0
4025,602.5,652300.0
4026,602.6,733000.0
4027,602.7,783021.556
4028,602.8,795004.585
4029,602.9,767249.65
4030,603.0,703862.163
4031,603.1,613782.24
4032,603.2,508795.578
4033,603.3,400818.4
4034,603.4,300178.794
4035,603.5,213709.574
4036,603.6,144597.935
4037,603.7,92990.0
4038,603.8,56850.0
4039,603.9,33043.603
4040,604.0,18249.62
4041,604.1,9580.937
4042,604.2,4781.604
4043,604.3,2269.197
4044,604.4,1022.806
4045,604.5,438.459
4046,604.6,178.663
4047,604.7,69.187
4048,604.8,25.469
4049,604.9,8.912
4050,605.0,2.964
4051,605.1,0.937
4052,605.2,0.282
4053,605.3,0.08
4054,605.4,0.022
4055,605.5,0.006
4056,605.6,0.001
4057,605.7,0.0
4058,605.8,0.0
4059,605.9,0.0
4060,606.0,0.0
4061,606.1,0.0
4062,606.2,0.0
4063,606.3,0.0
4064,606.4,0.0
4065,606.5,0.0
4066,606.6,0.0
4067,606.7,0.0
4068,606.8,0.0
4069,606.9,0.0
4070,607.0,0.0
4071,607.1,0.0
4072,607.2,0.0
4073,607.3,0.0
4074,607.4,0.0
4075,607.5,0.0
4076,607.6,0.0
4077,607.7,0.0
4078,607.8,0.0
4079,607.9,0.0
4080,608.0,0.0
4081,608.1,0.0
4082,608.2,0.0
4083,608.3,0.0
4084,608.4,0.0
4085,608.5,0.0
4086,608.6,0.0
4087,608.7,0.0
4088,608.8,0.0
4089,608.9,0.0
4090,609.0,0.0
4091,609.1,0.0
4092,609.2,0.0
4093,609.3,0.0
4094,609.4,0.0
4095,609.5,0.0
4096,609.6,0.0
4097,609.7,0.0
4098,609.8,0.0
4099,609.9,0.0
4100,610.0,0.0
4101,610.1,0.0
4102,610.2,0.0
4103,610.3,0.0
4104,610.4,0.0
4105,610.5,0.0
4106,610.6,0.0
4107,610.7,0.0
4108,610.8,0.0
4109,610.9,0.0
4110,611.0,0.0
4111,611.1,0.0
4112,611.2,0.0
4113,611.3,0.0
4114,611.4,0.0
4115,611.5,0.0
4116,611.6,0.0
4117,611.7,0.0
4118,611.8,0.0
4119,611.9,0.001
4120,612.0,0.005
4121,612.1,0.02
4122,612.2,0.073
4123,612.3,0.253
4124,612.4,0.832
4125,612.5,2.604
4126,612.6,7.762
4127,612.7,22.039
4128,612.8,59.594
4129,612.9,153.487
4130,613.0,376.506
4131,613.1,879.406
4132,613.2,1957.45
4133,613.3,4147.804
4134,613.4,8372.112
4135,613.5,16092.99
4136,613.6,29457.345
4137,613.7,51360.0
4138,613.8,85290.0
4139,613.9,134847.219
4140,614.0,203175.277
4141,614.1,291502.078
4142,614.2,398222.583
4143,614.3,518172.038
4144,614.4,642214.208
4145,614.5,758032.034
4146,614.6,852179.866
4147,614.7,912315.84
4148,614.8,930367.597
4149,614.9,903500.0
4150,615.0,835700.0
4151,615.1,736200.0
4152,615.2,617680.971
4153,615.3,493533.146
4154,615.4,375624.896
4155,615.5,272264.759
4156,615.6,187932.329
4157,615.7,123551.333
4158,615.8,77366.352
4159,615.9,46135.921
4160,616.0,26202.89
4161,616.1,14179.505
4162,616.2,7303.0
4163,616.3,3583.0
4164,616.4,1674.714
4165,616.5,745.196
4166,616.6,315.937
4167,616.7,127.566
4168,616.8,49.03
4169,616.9,17.952
4170,617.0,6.263
4171,617.1,2.08
4172,617.2,0.662
4173,617.3,0.211
4174,617.4,0.104
4175,617.5,0.176
4176,617.6,0.525
4177,617.7,1.616
4178,617.8,4.773
4179,617.9,13.446
4180,618.0,36.104
4181,618.1,92.422
4182,618.2,225.381
4183,618.3,524.206
4184,618.4,1161.562
4185,618.5,2455.013
4186,618.6,4943.118
4187,618.7,9489.0
4188,618.8,17360.0
4189,618.9,30282.349
4190,619.0,50344.529
4191,619.1,79794.928
4192,619.2,120549.899
4193,619.3,173612.977
4194,619.4,238437.947
4195,619.5,312316.399
4196,619.6,390478.247
4197,619.7,466263.147
4198,619.8,532651.787
4199,619.9,584000.0
4200,620.0,617300.0
4201,620.1,634400.0
4202,620.2,641636.196
4203,620.3,649572.349
4204,620.4,670902.099
4205,620.5,716805.964
4206,620.6,794654.412
4207,620.7,904580.026
4208,620.8,1039172.296
4209,620.9,1182087.402
4210,621.0,1312909.745
4211,621.1,1410705.394
4212,621.2,1457000.0
4213,621.3,1441000.0
4214,621.4,1363111.009
4215,621.5,1230582.513
4216,621.6,1060435.103
4217,621.7,871097.336
4218,621.8,682605.005
4219,621.9,510019.178
4220,622.0,363302.792
4221,622.1,246747.82
4222,622.2,159867.401
4223,622.3,98929.75
4224,622.4,58840.0
4225,622.5,34330.0
4226,622.6,21170.0
4227,622.7,16459.208
4228,622.8,18938.324
4229,622.9,28906.276
4230,623.0,48118.561
4231,623.1,79481.815
4232,623.2,126559.701
4233,623.3,192838.393
4234,623.4,280786.116
4235,623.5,390384.573
4236,623.6,518967.205
4237,623.7,660400.0
4238,623.8,805900.0
4239,623.9,946125.481
4240,624.0,1074135.282
4241,624.1,1185664.386
4242,624.2,1284924.492
4243,624.3,1381780.284
4244,624.4,1487366.617
4245,624.5,1615897.476
4246,624.6,1774008.573
4247,624.7,1958551.441
4248,624.8,2156918.783
4249,624.9,2347000.0
4250,625.0,2500000.0
4251,625.1,2595000.0
4252,625.2,2615975.949
4253,625.3,2562752.154
4254,625.4,2451470.058
4255,625.5,2304941.296
4256,625.6,2153669.856
4257,625.7,2022821.111
4258,625.8,1929280.907
4259,625.9,1876255.762
4260,626.0,1853790.292
4261,626.1,1845100.35
4262,626.2,1828000.0
4263,626.3,1782000.0
4264,626.4,1694307.542
4265,626.5,1562398.246
4266,626.6,1390971.789
4267,626.7,1193015.237
4268,626.8,986942.579
4269,626.9,788522.827
4270,627.0,614091.81
4271,627.1,474144.827
4272,627.2,374995.242
4273,627.3,318807.681
4274,627.4,304700.0
4275,627.5,330200.0
4276,627.6,391800.0
4277,627.7,485512.047
4278,627.8,606947.393
4279,627.9,750098.425
4280,628.0,907435.422
4281,628.1,1069187.618
4282,628.2,1223496.163
4283,628.3,1356518.038
4284,628.4,1458268.729
4285,628.5,1517992.252
4286,628.6,1531127.223
4287,628.7,1499000.0
4288,628.8,1428000.0
4289,628.9,1329913.831
4290,629.0,1216639.802
4291,629.1,1100459.594
4292,629.2,991494.237
4293,629.3,895602.581
4294,629.4,817070.215
4295,629.5,759301.827
4296,629.6,727218.94
4297,629.7,727809.903
4298,629.8,770916.971
4299,629.9,866800.0
4300,630.0,1023000.0
4301,630.1,1241000.0
4302,630.2,1511616.423
4303,630.3,1815025.666
4304,630.4,2121656.906
4305,630.5,2393954.103
4306,630.6,2595065.889
4307,630.7,2695169.931
4308,630.8,2678094.732
4309,630.9,2543562.965
4310,631.0,2307545.195
4311,631.1,1999842.318
4312,631.2,1655000.0
4313,631.3,1307000.0
4314,631.4,986159.717
4315,631.5,710277.802
4316,631.6,488440.907
4317,631.7,320629.686
4318,631.8,201054.131
4319,631.9,120287.254
4320,632.0,68734.057
4321,632.1,37492.482
4322,632.2,19529.017
4323,632.3,9715.179
4324,632.4,4611.0
4325,632.5,2090.0
4326,632.6,904.4
4327,632.7,373.686
4328,632.8,147.438
4329,632.9,55.505
4330,633.0,19.962
4331,633.1,6.855
4332,633.2,2.247
4333,633.3,0.703
4334,633.4,0.21
4335,633.5,0.06
4336,633.6,0.016
4337,633.7,0.004
4338,633.8,0.001
4339,633.9,0.0
4340,634.0,0.0
4341,634.1,0.0
4342,634.2,0.0
4343,634.3,0.0
4344,634.4,0.0
4345,634.5,0.0
4346,634.6,0.0
4347,634.7,0.0
4348,634.8,0.0
4349,634.9,0.0
4350,635.0,0.0
4351,635.1,0.0
4352,635.2,0.001
4353,635.3,0.003
4354,635.4,0.011
4355,635.5,0.036
4356,635.6,0.113
4357,635.7,0.336
4358,635.8,0.955
4359,635.9,2.599
4360,636.0,6.755
4361,636.1,16.778
4362,636.2,39.85
4363,636.3,90.42
4364,636.4,196.127
4365,636.5,406.551
4366,636.6,805.367
4367,636.7,1524.798
4368,636.8,2759.092
4369,636.9,4772.022
4370,637.0,7887.857
4371,637.1,12456.977
4372,637.2,18812.112
4373,637.3,27144.781
4374,637.4,37440.0
4375,637.5,49350.0
4376,637.6,62170.0
4377,637.7,74846.95
4378,637.8,86129.966
4379,637.9,94716.025
4380,638.0,99553.754
4381,638.1,99981.329
4382,638.2,96010.901
4383,638.3,88097.013
4384,638.4,77258.717
4385,638.5,64753.0
4386,638.6,51867.645
4387,638.7,39710.0
4388,638.8,29060.0
4389,638.9,20323.369
4390,639.0,13578.788
4391,639.1,8673.924
4392,639.2,5296.224
4393,639.3,3091.101
4394,639.4,1727.292
4395,639.5,928.968
4396,639.6,493.906
4397,639.7,287.902
4398,639.8,238.423
4399,639.9,325.7
4400,640.0,580.3
4401,640.1,1086.0
4402,640.2,1984.126
4403,640.3,3484.861
4404,640.4,5856.808
4405,640.5,9417.357
4406,640.6,14472.943
4407,640.7,21274.891
4408,640.8,29900.104
4409,640.9,40180.936
4410,641.0,51638.723
4411,641.1,63447.415
4412,641.2,74550.0
4413,641.3,83760.0
4414,641.4,89984.819
4415,641.5,92429.691
4416,641.6,90796.048
4417,641.7,85271.945
4418,641.8,76583.549
4419,641.9,65761.262
4420,642.0,54006.602
4421,642.1,42398.401
4422,642.2,31837.77
4423,642.3,22853.19
4424,642.4,15690.0
4425,642.5,10300.0
4426,642.6,6463.0
4427,642.7,3879.099
4428,642.8,2225.328
4429,642.9,1220.975
4430,643.0,640.891
4431,643.1,321.526
4432,643.2,154.264
4433,643.3,70.741
4434,643.4,31.036
4435,643.5,13.019
4436,643.6,5.22
4437,643.7,2.002
4438,643.8,0.734
4439,643.9,0.257
4440,644.0,0.086
4441,644.1,0.028
4442,644.2,0.008
4443,644.3,0.002
4444,644.4,0.001
4445,644.5,0.0
4446,644.6,0.0
4447,644.7,0.0
4448,644.8,0.0
4449,644.9,0.0
4450,645.0,0.0
4451,645.1,0.0
4452,645.2,0.0
4453,645.3,0.0
4454,645.4,0.0
4455,645.5,0.0
4456,645.6,0.0
4457,645.7,0.0
4458,645.8,0.0
4459,645.9,0.0
4460,646.0,0.0
4461,646.1,0.0
4462,646.2,0.0
4463,646.3,0.0
4464,646.4,0.0
4465,646.5,0.0
4466,646.6,0.0
4467,646.7,0.0
4468,646.8,0.0
4469,646.9,0.0
4470,647.0,0.0
4471,647.1,0.0
4472,647.2,0.0
4473,647.3,0.0
4474,647.4,0.0
4475,647.5,0.0
4476,647.6,0.0
4477,647.7,0.0
4478,647.8,0.0
4479,647.9,0.0
4480,648.0,0.0
4481,648.1,0.0
4482,648.2,0.0
4483,648.3,0.0
4484,648.4,0.0
4485,648.5,0.0
4486,648.6,0.0
4487,648.7,0.0
4488,648.8,0.0
4489,648.9,0.0
4490,649.0,0.0
4491,649.1,0.0
4492,649.2,0.0
4493,649.3,0.0
4494,649.4,0.0
4495,649.5,0.0
4496,649.6,0.0
4497,649.7,0.0
4498,649.8,0.0
4499,649.9,0.0
4500,650.0,0.0
4501,650.1,0.0
4502,650.2,0.0
4503,650.3,0.0
4504,650.4,0.0
4505,650.5,0.0
4506,650.6,0.0
4507,650.7,0.0
4508,650.8,0.0
4509,650.9,0.0
4510,651.0,0.0
4511,651.1,0.0
4512,651.2,0.0
4513,651.3,0.0
4514,651.4,0.0
4515,651.5,0.0
4516,651.6,0.0
4517,651.7,0.0
4518,651.8,0.0
4519,651.9,0.0
4520,652.0,0.0
4521,652.1,0.0
4522,652.2,0.0
4523,652.3,0.0
4524,652.4,0.0
4525,652.5,0.0
4526,652.6,0.0
4527,652.7,0.0
4528,652.8,0.0
4529,652.9,0.0
4530,653.0,0.0
4531,653.1,0.0
4532,653.2,0.0
4533,653.3,0.0
4534,653.4,0.0
4535,653.5,0.0
4536,653.6,0.0
4537,653.7,0.0
4538,653.8,0.0
4539,653.9,0.0
4540,654.0,0.0
4541,654.1,0.0
4542,654.2,0.0
4543,654.3,0.0
4544,654.4,0.0
4545,654.5,0.0
4546,654.6,0.0
4547,654.7,0.0
4548,654.8,0.0
4549,654.9,0.0
4550,655.0,0.0
4551,655.1,0.0
4552,655.2,0.0
4553,655.3,0.0
4554,655.4,0.0
4555,655.5,0.0
4556,655.6,0.0
4557,655.7,0.0
4558,655.8,0.0
4559,655.9,0.0
4560,656.0,0.0
4561,656.1,0.0
4562,656.2,0.0
4563,656.3,0.0
4564,656.4,0.0
4565,656.5,0.0
4566,656.6,0.0
4567,656.7,0.0
4568,656.8,0.0
4569,656.9,0.0
4570,657.0,0.0
4571,657.1,0.0
4572,657.2,0.0
4573,657.3,0.0
4574,657.4,0.0
4575,657.5,0.0
4576,657.6,0.0
4577,657.7,0.0
4578,657.8,0.0
4579,657.9,0.0
4580,658.0,0.0
4581,658.1,0.0
4582,658.2,0.0
4583,658.3,0.0
4584,658.4,0.0
4585,658.5,0.0
4586,658.6,0.0
4587,658.7,0.0
4588,658.8,0.0
4589,658.9,0.0
4590,659.0,0.0
4591,659.1,0.0
4592,659.2,0.0
4593,659.3,0.0
4594,659.4,0.0
4595,659.5,0.0
4596,659.6,0.0
4597,659.7,0.0
4598,659.8,0.0
4599,659.9,0.0
4600,660.0,0.0
4601,660.1,0.0
4602,660.2,0.0
4603,660.3,0.0
4604,660.4,0.0
4605,660.5,0.0
4606,660.6,0.0
4607,660.7,0.0
4608,660.8,0.0
4609,660.9,0.0
4610,661.0,0.0
4611,661.1,0.0
4612,661.2,0.0
4613,661.3,0.0
4614,661.4,0.0
4615,661.5,0.0
4616,661.6,0.0
4617,661.7,0.0
4618,661.8,0.0
4619,661.9,0.0
4620,662.0,0.0
4621,662.1,0.0
4622,662.2,0.0
4623,662.3,0.0
4624,662.4,0.0
4625,662.5,0.0
4626,662.6,0.0
4627,662.7,0.0
4628,662.8,0.0
4629,662.9,0.0
4630,663.0,0.0
4631,663.1,0.001
4632,663.2,0.002
4633,663.3,0.008
4634,663.4,0.028
4635,663.5,0.09
4636,663.6,0.28
4637,663.7,0.837
4638,663.8,2.404
4639,663.9,6.621
4640,664.0,17.489
4641,664.1,44.339
4642,664.2,107.781
4643,664.3,251.448
4644,664.4,562.663
4645,664.5,1208.445
4646,664.6,2488.573
4647,664.7,4917.23
4648,664.8,9322.176
4649,664.9,16950.0
4650,665.0,29580.0
4651,665.1,49530.0
4652,665.2,79572.807
4653,665.3,122671.536
4654,665.4,181466.898
4655,665.5,257801.759
4656,665.6,351488.455
4657,665.7,460381.987
4658,665.8,579275.816
4659,665.9,700923.543
4660,666.0,816141.925
4661,666.1,915475.59
4662,666.2,990800.0
4663,666.3,1037000.0
4664,666.4,1051200.663
4665,666.5,1036912.794
4666,666.6,997588.368
4667,666.7,939752.386
4668,666.8,870241.666
4669,666.9,794158.437
4670,667.0,715464.013
4671,667.1,636407.222
4672,667.2,557998.106
4673,667.3,480877.457
4674,667.4,406000.0
4675,667.5,334500.0
4676,667.6,268000.0
4677,667.7,208163.925
4678,667.8,156294.556
4679,667.9,113350.405
4680,668.0,79149.78
4681,668.1,53202.506
4682,668.2,34382.941
4683,668.3,21360.33
4684,668.4,12741.042
4685,668.5,7300.246
4686,668.6,4015.605
4687,668.7,2120.0
4688,668.8,1074.0
4689,668.9,522.082
4690,669.0,243.592
4691,669.1,109.039
4692,669.2,46.826
4693,669.3,19.297
4694,669.4,7.627
4695,669.5,2.894
4696,669.6,1.053
4697,669.7,0.368
4698,669.8,0.123
4699,669.9,0.04
4700,670.0,0.012
4701,670.1,0.004
4702,670.2,0.001
4703,670.3,0.0
4704,670.4,0.0
4705,670.5,0.0
4706,670.6,0.0
4707,670.7,0.0
4708,670.8,0.0
4709,670.9,0.0
4710,671.0,0.0
4711,671.1,0.0
4712,671.2,0.0
4713,671.3,0.0
4714,671.4,0.0
4715,671.5,0.0
4716,671.6,0.0
4717,671.7,0.0
4718,671.8,0.0
4719,671.9,0.0
4720,672.0,0.0
4721,672.1,0.0
4722,672.2,0.0
4723,672.3,0.0
4724,672.4,0.0
4725,672.5,0.0
4726,672.6,0.0
4727,672.7,0.0
4728,672.8,0.0
4729,672.9,0.0
4730,673.0,0.0
4731,673.1,0.0
4732,673.2,0.0
4733,673.3,0.0
4734,673.4,0.0
4735,673.5,0.0
4736,673.6,0.0
4737,673.7,0.0
4738,673.8,0.0
4739,673.9,0.0
4740,674.0,0.0
4741,674.1,0.0
4742,674.2,0.0
4743,674.3,0.0
4744,674.4,0.0
4745,674.5,0.0
4746,674.6,0.0
4747,674.7,0.0
4748,674.8,0.0
4749,674.9,0.0
4750,675.0,0.0
4751,675.1,0.0
4752,675.2,0.0
4753,675.3,0.0
4754,675.4,0.0
4755,675.5,0.0
4756,675.6,0.0
4757,675.7,0.0
4758,675.8,0.0
4759,675.9,0.0
4760,676.0,0.0
4761,676.1,0.0
4762,676.2,0.0
4763,676.3,0.0
4764,676.4,0.0
4765,676.5,0.0
4766,676.6,0.0
4767,676.7,0.0
4768,676.8,0.0
4769,676.9,0.0
4770,677.0,0.0
4771,677.1,0.0
4772,677.2,0.0
4773,677.3,0.0
4774,677.4,0.0
4775,677.5,0.0
4776,677.6,0.0
4777,677.7,0.0
4778,677.8,0.0
4779,677.9,0.0
4780,678.0,0.0
4781,678.1,0.0
4782,678.2,0.0
4783,678.3,0.0
4784,678.4,0.0
4785,678.5,0.0
4786,678.6,0.0
4787,678.7,0.0
4788,678.8,0.0
4789,678.9,0.0
4790,679.0,0.0
4791,679.1,0.0
4792,679.2,0.0
4793,679.3,0.0
4794,679.4,0.0
4795,679.5,0.0
4796,679.6,0.0
4797,679.7,0.0
4798,679.8,0.0
4799,679.9,0.0
4800,680.0,0.0
4801,680.1,0.0
4802,680.2,0.0
4803,680.3,0.0
4804,680.4,0.0
4805,680.5,0.0
4806,680.6,0.0
4807,680.7,0.0
4808,680.8,0.0
4809,680.9,0.0
4810,681.0,0.0
4811,681.1,0.0
4812,681.2,0.0
4813,681.3,0.0
4814,681.4,0.0
4815,681.5,0.0
4816,681.6,0.0
4817,681.7,0.0
4818,681.8,0.0
4819,681.9,0.0
4820,682.0,0.0
4821,682.1,0.0
4822,682.2,0.0
4823,682.3,0.0
4824,682.4,0.0
4825,682.5,0.0
4826,682.6,0.0
4827,682.7,0.0
4828,682.8,0.0
4829,682.9,0.0
4830,683.0,0.0
4831,683.1,0.0
4832,683.2,0.0
4833,683.3,0.0
4834,683.4,0.0
4835,683.5,0.0
4836,683.6,0.0
4837,683.7,0.0
4838,683.8,0.0
4839,683.9,0.0
4840,684.0,0.0
4841,684.1,0.0
4842,684.2,0.0
4843,684.3,0.0
4844,684.4,0.0
4845,684.5,0.0
4846,684.6,0.0
4847,684.7,0.0
4848,684.8,0.0
4849,684.9,0.0
4850,685.0,0.0
4851,685.1,0.001
4852,685.2,0.002
4853,685.3,0.008
4854,685.4,0.027
4855,685.5,0.086
4856,685.6,0.268
4857,685.7,0.799
4858,685.8,2.292
4859,685.9,6.324
4860,686.0,16.783
4861,686.1,42.854
4862,686.2,105.2
4863,686.3,248.7
4864,686.4,565.114
4865,686.5,1235.373
4866,686.6,2599.248
4867,686.7,5258.395
4868,686.8,10235.65
4869,686.9,19163.921
4870,687.0,34515.555
4871,687.1,59810.055
4872,687.2,99697.767
4873,687.3,159805.787
4874,687.4,246600.0
4875,687.5,365900.0
4876,687.6,522300.0
4877,687.7,717173.131
4878,687.8,947423.54
4879,687.9,1203854.251
4880,688.0,1471698.746
4881,688.1,1730975.288
4882,688.2,1957961.551
4883,688.3,2130952.32
4884,688.4,2231389.636
4885,688.5,2246668.335
4886,688.6,2177299.622
4887,688.7,2029000.0
4888,688.8,1819000.0
4889,688.9,1569425.827
4890,689.0,1301671.889
4891,689.1,1039403.357
4892,689.2,798088.748
4893,689.3,589512.58
4894,689.4,418871.891
4895,689.5,286302.406
4896,689.6,188300.229
4897,689.7,119105.551
4898,689.8,72494.398
4899,689.9,42440.0
4900,690.0,23900.0
4901,690.1,12950.0
4902,690.2,6755.774
4903,690.3,3400.928
4904,690.4,1673.792
4905,690.5,856.619
4906,690.6,567.052
4907,690.7,652.314
4908,690.8,1141.102
4909,690.9,2240.841
4910,691.0,4384.567
4911,691.1,8313.145
4912,691.2,15190.0
4913,691.3,26720.0
4914,691.4,45216.851
4915,691.5,73651.034
4916,691.6,115452.101
4917,691.7,174124.92
4918,691.8,252699.181
4919,691.9,352984.739
4920,692.0,474456.517
4921,692.1,613792.776
4922,692.2,763961.618
4923,692.3,915099.448
4924,692.4,1055000.0
4925,692.5,1170000.0
4926,692.6,1249000.0
4927,692.7,1283213.697
4928,692.8,1268072.6
4929,692.9,1206627.193
4930,693.0,1104488.67
4931,693.1,973195.746
4932,693.2,824965.725
4933,693.3,672986.952
4934,693.4,528331.66
4935,693.5,399139.764
4936,693.6,290182.011
4937,693.7,203000.0
4938,693.8,136700.0
4939,693.9,88567.942
4940,694.0,55211.0
4941,694.1,33125.91
4942,694.2,19125.849
4943,694.3,10627.949
4944,694.4,5681.548
4945,694.5,2923.074
4946,694.6,1447.325
4947,694.7,689.628
4948,694.8,316.252
4949,694.9,139.6
4950,695.0,59.36
4951,695.1,24.56
4952,695.2,10.552
4953,695.3,6.569
4954,695.4,9.508
4955,695.5,22.301
4956,695.6,56.161
4957,695.7,138.387
4958,695.8,329.033
4959,695.9,753.564
4960,696.0,1662.686
4961,696.1,3531.722
4962,696.2,7227.0
4963,696.3,14240.0
4964,696.4,27030.28
4965,696.5,49405.426
4966,696.6,86987.127
4967,696.7,147502.244
4968,696.8,240894.303
4969,696.9,378985.469
4970,697.0,574204.474
4971,697.1,838006.124
4972,697.2,1177613.552
4973,697.3,1595014.967
4974,697.4,2080000.0
4975,697.5,2613000.0
4976,697.6,3162000.0
4977,697.7,3685710.719
4978,697.8,4138367.629
4979,697.9,4476743.925
4980,698.0,4664334.967
4981,698.1,4681580.209
4982,698.2,4526876.289
4983,698.3,4216844.152
4984,698.4,3784355.065
4985,698.5,3271584.69
4986,698.6,2724919.256
4987,698.7,2187000.0
4988,698.8,1690000.0
4989,698.9,1259182.276
4990,699.0,903406.566
4991,699.1,624664.526
4992,699.2,416104.084
4993,699.3,267033.561
4994,699.4,165124.909
4995,699.5,98354.068
4996,699.6,56480.108
4997,699.7,31239.107
4998,699.8,16648.316
4999,699.9,8550.0
5000,700.0,4231.0
5001,700.1,2017.0
5002,700.2,926.785
5003,700.3,410.168
5004,700.4,174.936
5005,700.5,71.904
5006,700.6,28.479
5007,700.7,10.87
5008,700.8,3.995
5009,700.9,1.416
5010,701.0,0.483
5011,701.1,0.159
5012,701.2,0.05
5013,701.3,0.015
5014,701.4,0.005
5015,701.5,0.001
5016,701.6,0.0
5017,701.7,0.0
5018,701.8,0.0
5019,701.9,0.0
5020,702.0,0.0
5021,702.1,0.0
5022,702.2,0.0
5023,702.3,0.0
5024,702.4,0.0
5025,702.5,0.0
5026,702.6,0.0
5027,702.7,0.0
5028,702.8,0.0
5029,702.9,0.0
5030,703.0,0.0
5031,703.1,0.0
5032,703.2,0.0
5033,703.3,0.0
5034,703.4,0.0
5035,703.5,0.0
5036,703.6,0.0
5037,703.7,0.0
5038,703.8,0.0
5039,703.9,0.0
5040,704.0,0.0
5041,704.1,0.0
5042,704.2,0.0
5043,704.3,0.0
5044,704.4,0.0
5045,704.5,0.0
5046,704.6,0.0
5047,704.7,0.0
5048,704.8,0.0
5049,704.9,0.0
5050,705.0,0.0
5051,705.1,0.0
5052,705.2,0.0
5053,705.3,0.0
5054,705.4,0.0
5055,705.5,0.0
5056,705.6,0.0
5057,705.7,0.0
5058,705.8,0.0
5059,705.9,0.0
5060,706.0,0.0
5061,706.1,0.0
5062,706.2,0.0
5063,706.3,0.0
5064,706.4,0.0
5065,706.5,0.0
5066,706.6,0.0
5067,706.7,0.0
5068,706.8,0.0
5069,706.9,0.0
5070,707.0,0.0
5071,707.1,0.0
5072,707.2,0.0
5073,707.3,0.0
5074,707.4,0.0
5075,707.5,0.0
5076,707.6,0.0
5077,707.7,0.0
5078,707.8,0.0
5079,707.9,0.0
5080,708.0,0.0
5081,708.1,0.0
5082,708.2,0.0
5083,708.3,0.0
5084,708.4,0.0
5085,708.5,0.0
5086,708.6,0.0
5087,708.7,0.0
5088,708.8,0.0
5089,708.9,0.0
5090,709.0,0.0
5091,709.1,0.0
5092,709.2,0.0
5093,709.3,0.0
5094,709.4,0.0
5095,709.5,0.0
5096,709.6,0.0
5097,709.7,0.0
5098,709.8,0.0
5099,709.9,0.0
5100,710.0,0.0
5101,710.1,0.0
5102,710.2,0.0
5103,710.3,0.0
5104,710.4,0.0
5105,710.5,0.0
5106,710.6,0.0
5107,710.7,0.0
5108,710.8,0.0
5109,710.9,0.0
5110,711.0,0.0
5111,711.1,0.0
5112,711.2,0.0
5113,711.3,0.0
5114,711.4,0.0
5115,711.5,0.0
5116,711.6,0.0
5117,711.7,0.0
5118,711.8,0.0
5119,711.9,0.0
5120,712.0,0.0
5121,712.1,0.0
5122,712.2,0.0
5123,712.3,0.0
5124,712.4,0.0
5125,712.5,0.0
5126,712.6,0.0
5127,712.7,0.0
5128,712.8,0.0
5129,712.9,0.0
5130,713.0,0.0
5131,713.1,0.0
5132,713.2,0.0
5133,713.3,0.0
5134,713.4,0.0
5135,713.5,0.0
5136,713.6,0.0
5137,713.7,0.0
5138,713.8,0.0
5139,713.9,0.0
5140,714.0,0.0
5141,714.1,0.0
5142,714.2,0.0
5143,714.3,0.0
5144,714.4,0.0
5145,714.5,0.0
5146,714.6,0.0
5147,714.7,0.0
5148,714.8,0.0
5149,714.9,0.0
5150,715.0,0.0
5151,715.1,0.0
5152,715.2,0.0
5153,715.3,0.0
5154,715.4,0.0
5155,715.5,0.0
5156,715.6,0.0
5157,715.7,0.0
5158,715.8,0.0
5159,715.9,0.0
5160,716.0,0.0
5161,716.1,0.0
5162,716.2,0.0
5163,716.3,0.0
5164,716.4,0.0
5165,716.5,0.0
5166,716.6,0.0
5167,716.7,0.0
5168,716.8,0.0
5169,716.9,0.0
5170,717.0,0.0
5171,717.1,0.0
5172,717.2,0.0
5173,717.3,0.0
5174,717.4,0.0
5175,717.5,0.0
5176,717.6,0.0
5177,717.7,0.0
5178,717.8,0.0
5179,717.9,0.0
5180,718.0,0.0
5181,718.1,0.0
5182,718.2,0.0
5183,718.3,0.0
5184,718.4,0.0
5185,718.5,0.0
5186,718.6,0.0
5187,718.7,0.0
5188,718.8,0.0
5189,718.9,0.0
5190,719.0,0.0
5191,719.1,0.0
5192,719.2,0.0
5193,719.3,0.0
5194,719.4,0.0
5195,719.5,0.0
5196,719.6,0.0
5197,719.7,0.0
5198,719.8,0.0
5199,719.9,0.0
5200,720.0,0.0
5201,720.1,0.0
5202,720.2,0.0
5203,720.3,0.0
5204,720.4,0.0
5205,720.5,0.0
5206,720.6,0.0
5207,720.7,0.0
5208,720.8,0.0
5209,720.9,0.0
5210,721.0,0.0
5211,721.1,0.0
5212,721.2,0.0
5213,721.3,0.0
5214,721.4,0.0
5215,721.5,0.0
5216,721.6,0.0
5217,721.7,0.0
5218,721.8,0.0
5219,721.9,0.0
5220,722.0,0.0
5221,722.1,0.0
5222,722.2,0.0
5223,722.3,0.0
5224,722.4,0.0
5225,722.5,0.0
5226,722.6,0.0
5227,722.7,0.0
5228,722.8,0.0
5229,722.9,0.0
5230,723.0,0.0
5231,723.1,0.0
5232,723.2,0.0
5233,723.3,0.0
5234,723.4,0.0
5235,723.5,0.0
5236,723.6,0.0
5237,723.7,0.0
5238,723.8,0.0
5239,723.9,0.0
5240,724.0,0.0
5241,724.1,0.0
5242,724.2,0.0
5243,724.3,0.0
5244,724.4,0.0
5245,724.5,0.0
5246,724.6,0.0
5247,724.7,0.0
5248,724.8,0.0
5249,724.9,0.0
5250,725.0,0.0
5251,725.1,0.0
5252,725.2,0.0
5253,725.3,0.0
5254,725.4,0.0
5255,725.5,0.0
5256,725.6,0.0
5257,725.7,0.0
5258,725.8,0.0
5259,725.9,0.0
5260,726.0,0.0
5261,726.1,0.0
5262,726.2,0.0
5263,726.3,0.0
5264,726.4,0.0
5265,726.5,0.0
5266,726.6,0.0
5267,726.7,0.0
5268,726.8,0.0
5269,726.9,0.0
5270,727.0,0.0
5271,727.1,0.0
5272,727.2,0.0
5273,727.3,0.0
5274,727.4,0.0
5275,727.5,0.0
5276,727.6,0.0
5277,727.7,0.0
5278,727.8,0.0
5279,727.9,0.0
5280,728.0,0.0
5281,728.1,0.0
5282,728.2,0.0
5283,728.3,0.0
5284,728.4,0.0
5285,728.5,0.0
5286,728.6,0.0
5287,728.7,0.0
5288,728.8,0.0
5289,728.9,0.0
5290,729.0,0.0
5291,729.1,0.0
5292,729.2,0.0
5293,729.3,0.0
5294,729.4,0.0
5295,729.5,0.0
5296,729.6,0.0
5297,729.7,0.0
5298,729.8,0.0
5299,729.9,0.0
5300,730.0,0.0
5301,730.1,0.0
5302,730.2,0.0
5303,730.3,0.0
5304,730.4,0.0
5305,730.5,0.0
5306,730.6,0.0
5307,730.7,0.0
5308,730.8,0.0
5309,730.9,0.0
5310,731.0,0.0
5311,731.1,0.0
5312,731.2,0.0
5313,731.3,0.0
5314,731.4,0.0
5315,731.5,0.0
5316,731.6,0.0
5317,731.7,0.0
5318,731.8,0.0
5319,731.9,0.0
5320,732.0,0.0
5321,732.1,0.0
5322,732.2,0.001
5323,732.3,0.002
5324,732.4,0.007
5325,732.5,0.022
5326,732.6,0.065
5327,732.7,0.19
5328,732.8,0.534
5329,732.9,1.454
5330,733.0,3.825
5331,733.1,9.722
5332,733.2,23.885
5333,733.3,56.706
5334,733.4,130.09
5335,733.5,288.681
5336,733.6,618.846
5337,733.7,1282.0
5338,733.8,2568.0
5339,733.9,4971.339
5340,734.0,9300.568
5341,734.1,16818.534
5342,734.2,29399.978
5343,734.3,49661.197
5344,734.4,81080.29
5345,734.5,127914.918
5346,734.6,195219.61
5347,734.7,287715.963
5348,734.8,409949.591
5349,734.9,564600.0
5350,735.0,751500.0
5351,735.1,966800.0
5352,735.2,1201766.961
5353,735.3,1444989.794
5354,735.4,1678091.861
5355,735.5,1884455.322
5356,735.6,2044529.698
5357,735.7,2144489.306
5358,735.8,2173789.504
5359,735.9,2130468.538
5360,736.0,2016912.267
5361,736.1,1845760.447
5362,736.2,1633000.0
5363,736.3,1396000.0
5364,736.4,1153916.771
5365,736.5,921858.508
5366,736.6,711689.83
5367,736.7,531022.839
5368,736.8,382973.679
5369,736.9,266929.914
5370,737.0,179867.914
5371,737.1,117153.022
5372,737.2,73710.493
5373,737.3,44842.796
5374,737.4,26370.0
5375,737.5,14990.0
5376,737.6,8259.0
5377,737.7,4441.274
5378,737.8,2408.376
5379,737.9,1482.597
5380,738.0,1330.024
5381,738.1,1900.539
5382,738.2,3428.523
5383,738.3,6484.662
5384,738.4,12097.734
5385,738.5,21904.973
5386,738.6,38412.194
5387,738.7,65130.0
5388,738.8,106800.0
5389,738.9,169332.007
5390,739.0,259578.592
5391,739.1,384777.472
5392,739.2,551449.609
5393,739.3,764253.359
5394,739.4,1024287.803
5395,739.5,1326806.934
5396,739.6,1661998.082
5397,739.7,2013329.334
5398,739.8,2358460.519
5399,739.9,2671000.0
5400,740.0,2925000.0
5401,740.1,3097000.0
5402,740.2,3171341.926
5403,740.3,3139074.961
5404,740.4,3005120.293
5405,740.5,2780596.406
5406,740.6,2488480.848
5407,740.7,2153986.284
5408,740.8,1801685.701
5409,740.9,1457552.698
5410,741.0,1140801.629
5411,741.1,862649.523
5412,741.2,630900.0
5413,741.3,446100.0
5414,741.4,305026.544
5415,741.5,201745.071
5416,741.6,128958.2
5417,741.7,79697.234
5418,741.8,47634.26
5419,741.9,27530.634
5420,742.0,15382.244
5421,742.1,8312.364
5422,742.2,4342.687
5423,742.3,2193.453
5424,742.4,1072.0
5425,742.5,506.1
5426,742.6,231.1
5427,742.7,102.069
5428,742.8,43.631
5429,742.9,18.114
5430,743.0,7.454
5431,743.1,3.318
5432,743.2,2.086
5433,743.3,2.329
5434,743.4,3.65
5435,743.5,6.173
5436,743.6,10.336
5437,743.7,16.82
5438,743.8,26.5
5439,743.9,40.397
5440,744.0,59.574
5441,744.1,84.981
5442,744.2,117.277
5443,744.3,156.516
5444,744.4,202.133
5445,744.5,252.432
5446,744.6,305.053
5447,744.7,356.587
5448,744.8,403.233
5449,744.9,441.0
5450,745.0,466.6
5451,745.1,477.6
5452,745.2,472.827
5453,745.3,452.876
5454,745.4,419.582
5455,745.5,376.031
5456,745.6,326.045
5457,745.7,273.45
5458,745.8,221.819
5459,745.9,174.059
5460,746.0,132.121
5461,746.1,97.002
5462,746.2,68.94
5463,746.3,47.37
5464,746.4,31.496
5465,746.5,20.25
5466,746.6,12.596
5467,746.7,7.579
5468,746.8,4.412
5469,746.9,2.485
5470,747.0,1.353
5471,747.1,0.713
5472,747.2,0.363
5473,747.3,0.179
5474,747.4,0.085
5475,747.5,0.039
5476,747.6,0.018
5477,747.7,0.008
5478,747.8,0.003
5479,747.9,0.001
5480,748.0,0.001
5481,748.1,0.0
5482,748.2,0.0
5483,748.3,0.0
5484,748.4,0.0
5485,748.5,0.0
5486,748.6,0.0
5487,748.7,0.0
5488,748.8,0.0
5489,748.9,0.0
5490,749.0,0.0
5491,749.1,0.0
5492,749.2,0.0
5493,749.3,0.0
5494,749.4,0.0
5495,749.5,0.0
5496,749.6,0.0
5497,749.7,0.0
5498,749.8,0.0
5499,749.9,0.0
5500,750.0,0.0
5501,750.1,0.0
5502,750.2,0.0
5503,750.3,0.0
5504,750.4,0.0
5505,750.5,0.0
5506,750.6,0.0
5507,750.7,0.0
5508,750.8,0.0
5509,750.9,0.0
5510,751.0,0.0
5511,751.1,0.0
5512,751.2,0.0
5513,751.3,0.0
5514,751.4,0.0
5515,751.5,0.0
5516,751.6,0.0
5517,751.7,0.0
5518,751.8,0.0
5519,751.9,0.0
5520,752.0,0.0
5521,752.1,0.0
5522,752.2,0.001
5523,752.3,0.001
5524,752.4,0.003
5525,752.5,0.008
5526,752.6,0.017
5527,752.7,0.037
5528,752.8,0.077
5529,752.9,0.155
5530,753.0,0.302
5531,753.1,0.571
5532,753.2,1.046
5533,753.3,1.854
5534,753.4,3.182
5535,753.5,5.285
5536,753.6,8.501
5537,753.7,13.24
5538,753.8,19.96
5539,753.9,29.14
5540,754.0,41.187
5541,754.1,56.368
5542,754.2,74.673
5543,754.3,95.799
5544,754.4,118.895
5545,754.5,143.024
5546,754.6,166.457
5547,754.7,187.667
5548,754.8,204.776
5549,754.9,216.3
5550,755.0,221.3
5551,755.1,219.2
5552,755.2,210.139
5553,755.3,195.098
5554,755.4,175.366
5555,755.5,152.551
5556,755.6,128.529
5557,755.7,104.861
5558,755.8,82.814
5559,755.9,63.322
5560,756.0,46.879
5561,756.1,33.601
5562,756.2,23.32
5563,756.3,15.66
5564,756.4,10.19
5565,756.5,6.418
5566,756.6,3.913
5567,756.7,2.31
5568,756.8,1.32
5569,756.9,0.731
5570,757.0,0.391
5571,757.1,0.203
5572,757.2,0.102
5573,757.3,0.05
5574,757.4,0.023
5575,757.5,0.011
5576,757.6,0.005
5577,757.7,0.002
5578,757.8,0.001
5579,757.9,0.0
5580,758.0,0.0
5581,758.1,0.0
5582,758.2,0.0
5583,758.3,0.0
5584,758.4,0.0
5585,758.5,0.0
5586,758.6,0.0
5587,758.7,0.0
5588,758.8,0.0
5589,758.9,0.0
5590,759.0,0.0
5591,759.1,0.0
5592,759.2,0.0
5593,759.3,0.0
5594,759.4,0.0
5595,759.5,0.0
5596,759.6,0.0
5597,759.7,0.0
5598,759.8,0.0
5599,759.9,0.0
5600,760.0,0.0
5601,760.1,0.0
5602,760.2,0.0
5603,760.3,0.0
5604,760.4,0.0
5605,760.5,0.0
5606,760.6,0.0
5607,760.7,0.0
5608,760.8,0.0
5609,760.9,0.0
5610,761.0,0.0
5611,761.1,0.0
5612,761.2,0.0
5613,761.3,0.0
5614,761.4,0.0
5615,761.5,0.0
5616,761.6,0.0
5617,761.7,0.0
5618,761.8,0.0
5619,761.9,0.0
5620,762.0,0.0
5621,762.1,0.0
5622,762.2,0.0
5623,762.3,0.0
5624,762.4,0.0
5625,762.5,0.0
5626,762.6,0.0
5627,762.7,0.0
5628,762.8,0.0
5629,762.9,0.0
5630,763.0,0.0
5631,763.1,0.0
5632,763.2,0.0
5633,763.3,0.0
5634,763.4,0.0
5635,763.5,0.0
5636,763.6,0.0
5637,763.7,0.0
5638,763.8,0.0
5639,763.9,0.0
5640,764.0,0.0
5641,764.1,0.0
5642,764.2,0.0
5643,764.3,0.0
5644,764.4,0.0
5645,764.5,0.0
5646,764.6,0.0
5647,764.7,0.0
5648,764.8,0.0
5649,764.9,0.0
5650,765.0,0.0
5651,765.1,0.0
5652,765.2,0.0
5653,765.3,0.0
5654,765.4,0.0
5655,765.5,0.0
5656,765.6,0.0
5657,765.7,0.0
5658,765.8,0.0
5659,765.9,0.0
5660,766.0,0.0
5661,766.1,0.0
5662,766.2,0.0
5663,766.3,0.0
5664,766.4,0.0
5665,766.5,0.0
5666,766.6,0.0
5667,766.7,0.0
5668,766.8,0.0
5669,766.9,0.0
5670,767.0,0.0
5671,767.1,0.0
5672,767.2,0.0
5673,767.3,0.0
5674,767.4,0.0
5675,767.5,0.0
5676,767.6,0.0
5677,767.7,0.0
5678,767.8,0.0
5679,767.9,0.0
5680,768.0,0.0
5681,768.1,0.0
5682,768.2,0.0
5683,768.3,0.0
5684,768.4,0.0
5685,768.5,0.0
5686,768.6,0.0
5687,768.7,0.0
5688,768.8,0.0
5689,768.9,0.0
5690,769.0,0.0
5691,769.1,0.0
5692,769.2,0.0
5693,769.3,0.0
5694,769.4,0.0
5695,769.5,0.0
5696,769.6,0.0
5697,769.7,0.0
5698,769.8,0.0
5699,769.9,0.0
5700,770.0,0.0
5701,770.1,0.0
5702,770.2,0.0
5703,770.3,0.0
5704,770.4,0.0
5705,770.5,0.0
5706,770.6,0.0
5707,770.7,0.002
5708,770.8,0.005
5709,770.9,0.014
5710,771.0,0.038
5711,771.1,0.105
5712,771.2,0.278
5713,771.3,0.716
5714,771.4,1.79
5715,771.5,4.34
5716,771.6,10.199
5717,771.7,23.248
5718,771.8,51.386
5719,771.9,110.112
5720,772.0,228.946
5721,772.1,461.43
5722,772.2,901.868
5723,772.3,1709.7
5724,772.4,3142.0
5725,772.5,5600.0
5726,772.6,9679.0
5727,772.7,16218.677
5728,772.8,26364.675
5729,772.9,41559.546
5730,773.0,63510.923
5731,773.1,94158.266
5732,773.2,135242.408
5733,773.3,188596.522
5734,773.4,254813.38
5735,773.5,334059.476
5736,773.6,424578.029
5737,773.7,523300.0
5738,773.8,625400.0
5739,773.9,724776.231
5740,774.0,814617.975
5741,774.1,887845.236
5742,774.2,938362.483
5743,774.3,961700.162
5744,774.4,955857.709
5745,774.5,921185.122
5746,774.6,860935.359
5747,774.7,780300.69
5748,774.8,685820.782
5749,774.9,584500.0
5750,775.0,483100.0
5751,775.1,387100.0
5752,775.2,300876.835
5753,775.3,226797.521
5754,775.4,165744.727
5755,775.5,117447.738
5756,775.6,80726.665
5757,775.7,53800.911
5758,775.8,34766.312
5759,775.9,21786.067
5760,776.0,13244.717
5761,776.1,7804.628
5762,776.2,4460.0
5763,776.3,2472.0
5764,776.4,1328.048
5765,776.5,692.397
5766,776.6,349.921
5767,776.7,171.458
5768,776.8,81.501
5769,776.9,37.583
5770,777.0,16.858
5771,777.1,7.47
5772,777.2,3.56
5773,777.3,2.499
5774,777.4,3.516
5775,777.5,7.267
5776,777.6,16.15
5777,777.7,35.462
5778,777.8,75.776
5779,777.9,157.145
5780,778.0,316.338
5781,778.1,617.642
5782,778.2,1169.995
5783,778.3,2149.561
5784,778.4,3833.413
5785,778.5,6630.981
5786,778.6,11126.491
5787,778.7,18120.0
5788,778.8,28620.0
5789,778.9,43853.397
5790,779.0,65204.434
5791,779.1,94051.833
5792,779.2,131654.512
5793,779.3,178732.628
5794,779.4,235408.556
5795,779.5,300817.097
5796,779.6,372921.845
5797,779.7,448602.511
5798,779.8,523508.331
5799,779.9,592700.0
5800,780.0,651000.0
5801,780.1,693700.0
5802,780.2,717210.287
5803,780.3,719372.856
5804,780.4,700027.368
5805,780.5,660946.784
5806,780.6,605390.168
5807,780.7,537934.178
5808,780.8,463782.14
5809,780.9,387867.107
5810,781.0,314811.907
5811,781.1,247854.871
5812,781.2,189300.0
5813,781.3,140300.0
5814,781.4,100838.126
5815,781.5,70332.099
5816,781.6,47589.198
5817,781.7,31244.903
5818,781.8,19903.672
5819,781.9,12294.463
5820,782.0,7371.975
5821,782.1,4287.526
5822,782.2,2418.971
5823,782.3,1324.797
5824,782.4,703.5
5825,782.5,362.5
5826,782.6,181.2
5827,782.7,87.888
5828,782.8,41.355
5829,782.9,18.877
5830,783.0,8.361
5831,783.1,3.593
5832,783.2,1.497
5833,783.3,0.606
5834,783.4,0.238
5835,783.5,0.09
5836,783.6,0.033
5837,783.7,0.012
5838,783.8,0.004
5839,783.9,0.001
5840,784.0,0.0
5841,784.1,0.0
5842,784.2,0.0
5843,784.3,0.0
5844,784.4,0.0
5845,784.5,0.0
5846,784.6,0.0
5847,784.7,0.0
5848,784.8,0.0
5849,784.9,0.0
5850,785.0,0.0
5851,785.1,0.0
5852,785.2,0.0
5853,785.3,0.0
5854,785.4,0.0
5855,785.5,0.0
5856,785.6,0.0
5857,785.7,0.0
5858,785.8,0.0
5859,785.9,0.0
5860,786.0,0.0
5861,786.1,0.0
5862,786.2,0.0
5863,786.3,0.0
5864,786.4,0.0
5865,786.5,0.0
5866,786.6,0.0
5867,786.7,0.0
5868,786.8,0.0
5869,786.9,0.0
5870,787.0,0.0
5871,787.1,0.0
5872,787.2,0.0
5873,787.3,0.0
5874,787.4,0.0
5875,787.5,0.0
5876,787.6,0.0
5877,787.7,0.0
5878,787.8,0.0
5879,787.9,0.0
5880,788.0,0.0
5881,788.1,0.0
5882,788.2,0.0
5883,788.3,0.0
5884,788.4,0.0
5885,788.5,0.0
5886,788.6,0.0
5887,788.7,0.0
5888,788.8,0.0
5889,788.9,0.0
5890,789.0,0.0
5891,789.1,0.0
5892,789.2,0.0
5893,789.3,0.0
5894,789.4,0.0
5895,789.5,0.0
5896,789.6,0.0
5897,789.7,0.0
5898,789.8,0.0
5899,789.9,0.0
5900,790.0,0.0
5901,790.1,0.0
5902,790.2,0.0
5903,790.3,0.0
5904,790.4,0.0
5905,790.5,0.0
5906,790.6,0.0
5907,790.7,0.0
5908,790.8,0.0
5909,790.9,0.0
5910,791.0,0.0
5911,791.1,0.0
5912,791.2,0.0
5913,791.3,0.0
5914,791.4,0.0
5915,791.5,0.0
5916,791.6,0.0
5917,791.7,0.0
5918,791.8,0.0
5919,791.9,0.0
5920,792.0,0.0
5921,792.1,0.0
5922,792.2,0.0
5923,792.3,0.0
5924,792.4,0.0
5925,792.5,0.0
5926,792.6,0.0
5927,792.7,0.0
5928,792.8,0.0
5929,792.9,0.0
5930,793.0,0.0
5931,793.1,0.0
5932,793.2,0.0
5933,793.3,0.0
5934,793.4,0.0
5935,793.5,0.0
5936,793.6,0.0
5937,793.7,0.0
5938,793.8,0.0
5939,793.9,0.0
5940,794.0,0.0
5941,794.1,0.0
5942,794.2,0.0
5943,794.3,0.0
5944,794.4,0.0
5945,794.5,0.0
5946,794.6,0.0
5947,794.7,0.0
5948,794.8,0.0
5949,794.9,0.0
5950,795.0,0.0
5951,795.1,0.0
5952,795.2,0.0
5953,795.3,0.0
5954,795.4,0.0
5955,795.5,0.0
5956,795.6,0.0
5957,795.7,0.0
5958,795.8,0.0
5959,795.9,0.0
5960,796.0,0.0
5961,796.1,0.0
5962,796.2,0.0
5963,796.3,0.0
5964,796.4,0.0
5965,796.5,0.0
5966,796.6,0.0
5967,796.7,0.0
5968,796.8,0.0
5969,796.9,0.0
5970,797.0,0.0
5971,797.1,0.0
5972,797.2,0.0
5973,797.3,0.0
5974,797.4,0.0
5975,797.5,0.0
5976,797.6,0.0
5977,797.7,0.0
5978,797.8,0.0
5979,797.9,0.0
5980,798.0,0.0
5981,798.1,0.0
5982,798.2,0.0
5983,798.3,0.0
5984,798.4,0.0
5985,798.5,0.0
5986,798.6,0.0
5987,798.7,0.0
5988,798.8,0.0
5989,798.9,0.0
5990,799.0,0.0
5991,799.1,0.0
5992,799.2,0.0
5993,799.3,0.0
5994,799.4,0.0
5995,799.5,0.0
5996,799.6,0.0
5997,799.7,0.0
5998,799.8,0.0
5999,799.9,0.0
6000,800.0,0.0
6001,800.1,0.0
6002,800.2,0.0
6003,800.3,0.0
6004,800.4,0.0
6005,800.5,0.0
6006,800.6,0.0
6007,800.7,0.0
6008,800.8,0.0
6009,800.9,0.0
6010,801.0,0.0
6011,801.1,0.0
6012,801.2,0.0
6013,801.3,0.0
6014,801.4,0.0
6015,801.5,0.0
6016,801.6,0.0
6017,801.7,0.0
6018,801.8,0.0
6019,801.9,0.0
6020,802.0,0.0
6021,802.1,0.0
6022,802.2,0.0
6023,802.3,0.0
6024,802.4,0.0
6025,802.5,0.0
6026,802.6,0.0
6027,802.7,0.0
6028,802.8,0.0
6029,802.9,0.0
6030,803.0,0.0
6031,803.1,0.0
6032,803.2,0.0
6033,803.3,0.0
6034,803.4,0.0
6035,803.5,0.0
6036,803.6,0.0
6037,803.7,0.0
6038,803.8,0.0
6039,803.9,0.0
6040,804.0,0.0
6041,804.1,0.0
6042,804.2,0.0
6043,804.3,0.0
6044,804.4,0.0
6045,804.5,0.0
6046,804.6,0.0
6047,804.7,0.0
6048,804.8,0.0
6049,804.9,0.0
6050,805.0,0.0
6051,805.1,0.0
6052,805.2,0.0
6053,805.3,0.0
6054,805.4,0.0
6055,805.5,0.0
6056,805.6,0.0
6057,805.7,0.0
6058,805.8,0.0
6059,805.9,0.0
6060,806.0,0.0
6061,806.1,0.0
6062,806.2,0.0
6063,806.3,0.0
6064,806.4,0.0
6065,806.5,0.0
6066,806.6,0.0
6067,806.7,0.0
6068,806.8,0.0
6069,806.9,0.0
6070,807.0,0.0
6071,807.1,0.0
6072,807.2,0.0
6073,807.3,0.0
6074,807.4,0.0
6075,807.5,0.0
6076,807.6,0.0
6077,807.7,0.0
6078,807.8,0.0
6079,807.9,0.0
6080,808.0,0.0
6081,808.1,0.0
6082,808.2,0.0
6083,808.3,0.0
6084,808.4,0.0
6085,808.5,0.0
6086,808.6,0.0
6087,808.7,0.0
6088,808.8,0.0
6089,808.9,0.0
6090,809.0,0.0
6091,809.1,0.0
6092,809.2,0.0
6093,809.3,0.0
6094,809.4,0.0
6095,809.5,0.0
6096,809.6,0.0
6097,809.7,0.0
6098,809.8,0.0
6099,809.9,0.0
6100,810.0,0.0
6101,810.1,0.0
6102,810.2,0.0
6103,810.3,0.0
6104,810.4,0.0
6105,810.5,0.0
6106,810.6,0.0
6107,810.7,0.0
6108,810.8,0.0
6109,810.9,0.0
6110,811.0,0.0
6111,811.1,0.0
6112,811.2,0.0
6113,811.3,0.0
6114,811.4,0.0
6115,811.5,0.0
6116,811.6,0.0
6117,811.7,0.0
6118,811.8,0.0
6119,811.9,0.0
6120,812.0,0.0
6121,812.1,0.0
6122,812.2,0.0
6123,812.3,0.0
6124,812.4,0.0
6125,812.5,0.0
6126,812.6,0.0
6127,812.7,0.0
6128,812.8,0.0
6129,812.9,0.0
6130,813.0,0.0
6131,813.1,0.0
6132,813.2,0.0
6133,813.3,0.0
6134,813.4,0.0
6135,813.5,0.0
6136,813.6,0.0
6137,813.7,0.0
6138,813.8,0.0
6139,813.9,0.0
6140,814.0,0.0
6141,814.1,0.0
6142,814.2,0.0
6143,814.3,0.0
6144,814.4,0.0
6145,814.5,0.0
6146,814.6,0.0
6147,814.7,0.0
6148,814.8,0.0
6149,814.9,0.0
6150,815.0,0.0
6151,815.1,0.0
6152,815.2,0.0
6153,815.3,0.0
6154,815.4,0.0
6155,815.5,0.0
6156,815.6,0.0
6157,815.7,0.0
6158,815.8,0.0
6159,815.9,0.0
6160,816.0,0.0
6161,816.1,0.0
6162,816.2,0.0
6163,816.3,0.0
6164,816.4,0.0
6165,816.5,0.0
6166,816.6,0.0
6167,816.7,0.0
6168,816.8,0.0
6169,816.9,0.0
6170,817.0,0.0
6171,817.1,0.0
6172,817.2,0.0
6173,817.3,0.0
6174,817.4,0.0
6175,817.5,0.0
6176,817.6,0.0
6177,817.7,0.0
6178,817.8,0.0
6179,817.9,0.0
6180,818.0,0.0
6181,818.1,0.0
6182,818.2,0.0
6183,818.3,0.0
6184,818.4,0.0
6185,818.5,0.0
6186,818.6,0.0
6187,818.7,0.0
6188,818.8,0.0
6189,818.9,0.0
6190,819.0,0.0
6191,819.1,0.0
6192,819.2,0.0
6193,819.3,0.0
6194,819.4,0.0
6195,819.5,0.0
6196,819.6,0.0
6197,819.7,0.0
6198,819.8,0.0
6199,819.9,0.0
6200,820.0,0.0
6201,820.1,0.0
6202,820.2,0.0
6203,820.3,0.0
6204,820.4,0.0
6205,820.5,0.0
6206,820.6,0.0
6207,820.7,0.0
6208,820.8,0.0
6209,820.9,0.0
6210,821.0,0.0
6211,821.1,0.0
6212,821.2,0.0
6213,821.3,0.0
6214,821.4,0.0
6215,821.5,0.0
6216,821.6,0.0
6217,821.7,0.0
6218,821.8,0.0
6219,821.9,0.0
6220,822.0,0.0
6221,822.1,0.0
6222,822.2,0.0
6223,822.3,0.0
6224,822.4,0.0
6225,822.5,0.0
6226,822.6,0.0
6227,822.7,0.0
6228,822.8,0.0
6229,822.9,0.0
6230,823.0,0.0
6231,823.1,0.0
6232,823.2,0.0
6233,823.3,0.0
6234,823.4,0.0
6235,823.5,0.0
6236,823.6,0.0
6237,823.7,0.0
6238,823.8,0.0
6239,823.9,0.0
6240,824.0,0.0
6241,824.1,0.0
6242,824.2,0.0
6243,824.3,0.0
6244,824.4,0.0
6245,824.5,0.0
6246,824.6,0.0
6247,824.7,0.0
6248,824.8,0.0
6249,824.9,0.0
6250,825.0,0.0
6251,825.1,0.0
6252,825.2,0.0
6253,825.3,0.0
6254,825.4,0.0
6255,825.5,0.0
6256,825.6,0.0
6257,825.7,0.0
6258,825.8,0.0
6259,825.9,0.0
6260,826.0,0.0
6261,826.1,0.0
6262,826.2,0.0
6263,826.3,0.0
6264,826.4,0.0
6265,826.5,0.0
6266,826.6,0.0
6267,826.7,0.0
6268,826.8,0.0
6269,826.9,0.0
6270,827.0,0.0
6271,827.1,0.0
6272,827.2,0.0
6273,827.3,0.0
6274,827.4,0.0
6275,827.5,0.0
6276,827.6,0.0
6277,827.7,0.0
6278,827.8,0.0
6279,827.9,0.0
6280,828.0,0.0
6281,828.1,0.0
6282,828.2,0.0
6283,828.3,0.0
6284,828.4,0.0
6285,828.5,0.0
6286,828.6,0.0
6287,828.7,0.0
6288,828.8,0.0
6289,828.9,0.0
6290,829.0,0.0
6291,829.1,0.0
6292,829.2,0.0
6293,829.3,0.0
6294,829.4,0.0
6295,829.5,0.0
6296,829.6,0.0
6297,829.7,0.0
6298,829.8,0.0
6299,829.9,0.0
6300,830.0,0.0
6301,830.1,0.0
6302,830.2,0.0
6303,830.3,0.0
6304,830.4,0.0
6305,830.5,0.0
6306,830.6,0.0
6307,830.7,0.0
6308,830.8,0.0
6309,830.9,0.0
6310,831.0,0.0
6311,831.1,0.0
6312,831.2,0.0
6313,831.3,0.0
6314,831.4,0.0
6315,831.5,0.0
6316,831.6,0.0
6317,831.7,0.0
6318,831.8,0.0
6319,831.9,0.0
6320,832.0,0.0
6321,832.1,0.0
6322,832.2,0.0
6323,832.3,0.0
6324,832.4,0.0
6325,832.5,0.0
6326,832.6,0.0
6327,832.7,0.0
6328,832.8,0.0
6329,832.9,0.0
6330,833.0,0.0
6331,833.1,0.0
6332,833.2,0.0
6333,833.3,0.0
6334,833.4,0.0
6335,833.5,0.0
6336,833.6,0.0
6337,833.7,0.0
6338,833.8,0.0
6339,833.9,0.0
6340,834.0,0.0
6341,834.1,0.0
6342,834.2,0.0
6343,834.3,0.0
6344,834.4,0.0
6345,834.5,0.0
6346,834.6,0.0
6347,834.7,0.0
6348,834.8,0.0
6349,834.9,0.0
6350,835.0,0.0
6351,835.1,0.0
6352,835.2,0.0
6353,835.3,0.0
6354,835.4,0.0
6355,835.5,0.0
6356,835.6,0.0
6357,835.7,0.0
6358,835.8,0.0
6359,835.9,0.0
6360,836.0,0.0
6361,836.1,0.0
6362,836.2,0.0
6363,836.3,0.0
6364,836.4,0.0
6365,836.5,0.0
6366,836.6,0.0
6367,836.7,0.0
6368,836.8,0.0
6369,836.9,0.0
6370,837.0,0.0
6371,837.1,0.0
6372,837.2,0.0
6373,837.3,0.0
6374,837.4,0.0
6375,837.5,0.0
6376,837.6,0.0
6377,837.7,0.0
6378,837.8,0.0
6379,837.9,0.0
6380,838.0,0.0
6381,838.1,0.0
6382,838.2,0.0
6383,838.3,0.0
6384,838.4,0.0
6385,838.5,0.0
6386,838.6,0.0
6387,838.7,0.0
6388,838.8,0.0
6389,838.9,0.0
6390,839.0,0.0
6391,839.1,0.0
6392,839.2,0.0
6393,839.3,0.0
6394,839.4,0.0
6395,839.5,0.0
6396,839.6,0.0
6397,839.7,0.0
6398,839.8,0.0
6399,839.9,0.0
6400,840.0,0.0
6401,840.1,0.0
6402,840.2,0.0
6403,840.3,0.0
6404,840.4,0.0
6405,840.5,0.0
6406,840.6,0.0
6407,840.7,0.0
6408,840.8,0.0
6409,840.9,0.0
6410,841.0,0.0
6411,841.1,0.0
6412,841.2,0.0
6413,841.3,0.0
6414,841.4,0.0
6415,841.5,0.0
6416,841.6,0.0
6417,841.7,0.0
6418,841.8,0.0
6419,841.9,0.0
6420,842.0,0.0
6421,842.1,0.0
6422,842.2,0.0
6423,842.3,0.0
6424,842.4,0.0
6425,842.5,0.0
6426,842.6,0.0
6427,842.7,0.0
6428,842.8,0.0
6429,842.9,0.0
6430,843.0,0.0
6431,843.1,0.0
6432,843.2,0.0
6433,843.3,0.0
6434,843.4,0.0
6435,843.5,0.0
6436,843.6,0.0
6437,843.7,0.0
6438,843.8,0.0
6439,843.9,0.0
6440,844.0,0.0
6441,844.1,0.0
6442,844.2,0.0
6443,844.3,0.0
6444,844.4,0.0
6445,844.5,0.0
6446,844.6,0.0
6447,844.7,0.0
6448,844.8,0.0
6449,844.9,0.0
6450,845.0,0.0
6451,845.1,0.0
6452,845.2,0.0
6453,845.3,0.0
6454,845.4,0.0
6455,845.5,0.0
6456,845.6,0.0
6457,845.7,0.0
6458,845.8,0.0
6459,845.9,0.0
6460,846.0,0.0
6461,846.1,0.0
6462,846.2,0.0
6463,846.3,0.0
6464,846.4,0.0
6465,846.5,0.0
6466,846.6,0.0
6467,846.7,0.0
6468,846.8,0.0
6469,846.9,0.0
6470,847.0,0.0
6471,847.1,0.0
6472,847.2,0.0
6473,847.3,0.0
6474,847.4,0.0
6475,847.5,0.0
6476,847.6,0.0
6477,847.7,0.0
6478,847.8,0.0
6479,847.9,0.0
6480,848.0,0.0
6481,848.1,0.0
6482,848.2,0.0
6483,848.3,0.0
6484,848.4,0.0
6485,848.5,0.0
6486,848.6,0.0
6487,848.7,0.0
6488,848.8,0.0
6489,848.9,0.0
6490,849.0,0.0
6491,849.1,0.0
6492,849.2,0.0
6493,849.3,0.0
6494,849.4,0.0
6495,849.5,0.0
6496,849.6,0.0
6497,849.7,0.0
6498,849.8,0.0
6499,849.9,0.0
6500,850.0,0.0
6501,850.1,0.0
6502,850.2,0.0
6503,850.3,0.0
6504,850.4,0.0
6505,850.5,0.0
6506,850.6,0.0
6507,850.7,0.0
6508,850.8,0.0
6509,850.9,0.0
6510,851.0,0.0
6511,851.1,0.0
6512,851.2,0.0
6513,851.3,0.0
6514,851.4,0.0
6515,851.5,0.0
6516,851.6,0.0
6517,851.7,0.0
6518,851.8,0.0
6519,851.9,0.0
6520,852.0,0.0
6521,852.1,0.0
6522,852.2,0.0
6523,852.3,0.0
6524,852.4,0.0
6525,852.5,0.0
6526,852.6,0.0
6527,852.7,0.0
6528,852.8,0.0
6529,852.9,0.0
6530,853.0,0.0
6531,853.1,0.0
6532,853.2,0.0
6533,853.3,0.0
6534,853.4,0.0
6535,853.5,0.0
6536,853.6,0.0
6537,853.7,0.0
6538,853.8,0.0
6539,853.9,0.0
6540,854.0,0.0
6541,854.1,0.0
6542,854.2,0.0
6543,854.3,0.0
6544,854.4,0.0
6545,854.5,0.0
6546,854.6,0.0
6547,854.7,0.0
6548,854.8,0.0
6549,854.9,0.0
6550,855.0,0.0
6551,855.1,0.0
6552,855.2,0.0
6553,855.3,0.0
6554,855.4,0.0
6555,855.5,0.0
6556,855.6,0.0
6557,855.7,0.0
6558,855.8,0.0
6559,855.9,0.0
6560,856.0,0.0
6561,856.1,0.0
6562,856.2,0.0
6563,856.3,0.0
6564,856.4,0.0
6565,856.5,0.0
6566,856.6,0.0
6567,856.7,0.0
6568,856.8,0.0
6569,856.9,0.0
6570,857.0,0.0
6571,857.1,0.0
6572,857.2,0.0
6573,857.3,0.0
6574,857.4,0.0
6575,857.5,0.0
6576,857.6,0.0
6577,857.7,0.0
6578,857.8,0.0
6579,857.9,0.0
6580,858.0,0.0
6581,858.1,0.0
6582,858.2,0.0
6583,858.3,0.0
6584,858.4,0.0
6585,858.5,0.0
6586,858.6,0.0
6587,858.7,0.0
6588,858.8,0.0
6589,858.9,0.0
6590,859.0,0.0
6591,859.1,0.0
6592,859.2,0.0
6593,859.3,0.0
6594,859.4,0.0
6595,859.5,0.0
6596,859.6,0.0
6597,859.7,0.0
6598,859.8,0.0
6599,859.9,0.0
6600,860.0,0.0
6601,860.1,0.0
6602,860.2,0.0
6603,860.3,0.0
6604,860.4,0.0
6605,860.5,0.0
6606,860.6,0.0
6607,860.7,0.0
6608,860.8,0.0
6609,860.9,0.0
6610,861.0,0.0
6611,861.1,0.0
6612,861.2,0.0
6613,861.3,0.0
6614,861.4,0.0
6615,861.5,0.0
6616,861.6,0.0
6617,861.7,0.0
6618,861.8,0.0
6619,861.9,0.0
6620,862.0,0.0
6621,862.1,0.0
6622,862.2,0.0
6623,862.3,0.0
6624,862.4,0.0
6625,862.5,0.0
6626,862.6,0.0
6627,862.7,0.0
6628,862.8,0.0
6629,862.9,0.0
6630,863.0,0.0
6631,863.1,0.0
6632,863.2,0.0
6633,863.3,0.0
6634,863.4,0.0
6635,863.5,0.0
6636,863.6,0.0
6637,863.7,0.0
6638,863.8,0.0
6639,863.9,0.0
6640,864.0,0.0
6641,864.1,0.0
6642,864.2,0.0
6643,864.3,0.0
6644,864.4,0.0
6645,864.5,0.0
6646,864.6,0.0
6647,864.7,0.0
6648,864.8,0.0
6649,864.9,0.0
6650,865.0,0.0
6651,865.1,0.0
6652,865.2,0.0
6653,865.3,0.0
6654,865.4,0.0
6655,865.5,0.0
6656,865.6,0.0
6657,865.7,0.0
6658,865.8,0.0
6659,865.9,0.0
6660,866.0,0.0
6661,866.1,0.0
6662,866.2,0.0
6663,866.3,0.0
6664,866.4,0.0
6665,866.5,0.0
6666,866.6,0.0
6667,866.7,0.0
6668,866.8,0.0
6669,866.9,0.0
6670,867.0,0.0
6671,867.1,0.0
6672,867.2,0.0
6673,867.3,0.0
6674,867.4,0.0
6675,867.5,0.0
6676,867.6,0.0
6677,867.7,0.0
6678,867.8,0.0
6679,867.9,0.0
6680,868.0,0.0
6681,868.1,0.0
6682,868.2,0.0
6683,868.3,0.0
6684,868.4,0.0
6685,868.5,0.0
6686,868.6,0.0
6687,868.7,0.0
6688,868.8,0.0
6689,868.9,0.0
6690,869.0,0.0
6691,869.1,0.0
6692,869.2,0.0
6693,869.3,0.0
6694,869.4,0.0
6695,869.5,0.0
6696,869.6,0.0
6697,869.7,0.0
6698,869.8,0.0
6699,869.9,0.0
6700,870.0,0.0
6701,870.1,0.0
6702,870.2,0.0
6703,870.3,0.0
6704,870.4,0.0
6705,870.5,0.0
6706,870.6,0.0
6707,870.7,0.0
6708,870.8,0.0
6709,870.9,0.0
6710,871.0,0.0
6711,871.1,0.0
6712,871.2,0.0
6713,871.3,0.0
6714,871.4,0.0
6715,871.5,0.0
6716,871.6,0.0
6717,871.7,0.0
6718,871.8,0.0
6719,871.9,0.0
6720,872.0,0.0
6721,872.1,0.0
6722,872.2,0.0
6723,872.3,0.0
6724,872.4,0.0
6725,872.5,0.0
6726,872.6,0.0
6727,872.7,0.0
6728,872.8,0.0
6729,872.9,0.0
6730,873.0,0.0
6731,873.1,0.0
6732,873.2,0.0
6733,873.3,0.0
6734,873.4,0.0
6735,873.5,0.0
6736,873.6,0.0
6737,873.7,0.0
6738,873.8,0.0
6739,873.9,0.0
6740,874.0,0.0
6741,874.1,0.0
6742,874.2,0.0
6743,874.3,0.0
6744,874.4,0.0
6745,874.5,0.0
6746,874.6,0.0
6747,874.7,0.0
6748,874.8,0.0
6749,874.9,0.0
6750,875.0,0.0
6751,875.1,0.0
6752,875.2,0.0
6753,875.3,0.0
6754,875.4,0.0
6755,875.5,0.0
6756,875.6,0.0
6757,875.7,0.0
6758,875.8,0.0
6759,875.9,0.0
6760,876.0,0.0
6761,876.1,0.0
6762,876.2,0.0
6763,876.3,0.0
6764,876.4,0.0
6765,876.5,0.0
6766,876.6,0.0
6767,876.7,0.0
6768,876.8,0.0
6769,876.9,0.0
6770,877.0,0.0
6771,877.1,0.0
6772,877.2,0.0
6773,877.3,0.0
6774,877.4,0.0
6775,877.5,0.0
6776,877.6,0.0
6777,877.7,0.0
6778,877.8,0.0
6779,877.9,0.0
6780,878.0,0.0
6781,878.1,0.0
6782,878.2,0.0
6783,878.3,0.0
6784,878.4,0.0
6785,878.5,0.0
6786,878.6,0.0
6787,878.7,0.0
6788,878.8,0.001
6789,878.9,0.002
6790,879.0,0.004
6791,879.1,0.007
6792,879.2,0.012
6793,879.3,0.021
6794,879.4,0.036
6795,879.5,0.061
6796,879.6,0.101
6797,879.7,0.163
6798,879.8,0.257
6799,879.9,0.394
6800,880.0,0.591
6801,880.1,0.866
6802,880.2,1.239
6803,880.3,1.732
6804,880.4,2.363
6805,880.5,3.15
6806,880.6,4.1
6807,880.7,5.213
6808,880.8,6.475
6809,880.9,7.858
6810,881.0,9.317
6811,881.1,10.798
6812,881.2,12.24
6813,881.3,13.57
6814,881.4,14.736
6815,881.5,15.687
6816,881.6,16.393
6817,881.7,16.854
6818,881.8,17.11
6819,881.9,17.187
6820,882.0,17.183
6821,882.1,17.161
6822,882.2,17.211
6823,882.3,17.406
6824,882.4,17.78
6825,882.5,18.36
6826,882.6,19.11
6827,882.7,19.97
6828,882.8,20.873
6829,882.9,21.711
6830,883.0,22.359
6831,883.1,22.737
6832,883.2,22.749
6833,883.3,22.349
6834,883.4,21.53
6835,883.5,20.312
6836,883.6,18.76
6837,883.7,16.93
6838,883.8,14.95
6839,883.9,12.895
6840,884.0,10.868
6841,884.1,8.946
6842,884.2,7.197
6843,884.3,5.659
6844,884.4,4.35
6845,884.5,3.274
6846,884.6,2.42
6847,884.7,1.77
6848,884.8,1.301
6849,884.9,0.99
6850,885.0,0.821
6851,885.1,0.779
6852,885.2,0.859
6853,885.3,1.061
6854,885.4,1.393
6855,885.5,1.862
6856,885.6,2.481
6857,885.7,3.257
6858,885.8,4.193
6859,885.9,5.281
6860,886.0,6.503
6861,886.1,7.824
6862,886.2,9.196
6863,886.3,10.56
6864,886.4,11.849
6865,886.5,12.978
6866,886.6,13.893
6867,886.7,14.523
6868,886.8,14.833
6869,886.9,14.796
6870,887.0,14.417
6871,887.1,13.728
6872,887.2,12.764
6873,887.3,11.596
6874,887.4,10.29
6875,887.5,8.92
6876,887.6,7.552
6877,887.7,6.246
6878,887.8,5.047
6879,887.9,3.983
6880,888.0,3.071
6881,888.1,2.313
6882,888.2,1.701
6883,888.3,1.222
6884,888.4,0.858
6885,888.5,0.588
6886,888.6,0.394
6887,888.7,0.258
6888,888.8,0.165
6889,888.9,0.103
6890,889.0,0.063
6891,889.1,0.037
6892,889.2,0.022
6893,889.3,0.012
6894,889.4,0.007
6895,889.5,0.004
6896,889.6,0.002
6897,889.7,0.001
6898,889.8,0.001
6899,889.9,0.0
6900,890.0,0.0
6901,890.1,0.0
6902,890.2,0.0
6903,890.3,0.0
6904,890.4,0.0
6905,890.5,0.0
6906,890.6,0.0
6907,890.7,0.0
6908,890.8,0.0
6909,890.9,0.0
6910,891.0,0.0
6911,891.1,0.0
6912,891.2,0.0
6913,891.3,0.0
6914,891.4,0.0
6915,891.5,0.0
6916,891.6,0.0
6917,891.7,0.0
6918,891.8,0.0
6919,891.9,0.0
6920,892.0,0.0
6921,892.1,0.0
6922,892.2,0.0
6923,892.3,0.0
6924,892.4,0.0
6925,892.5,0.0
6926,892.6,0.0
6927,892.7,0.0
6928,892.8,0.0
6929,892.9,0.0
6930,893.0,0.0
6931,893.1,0.0
6932,893.2,0.0
6933,893.3,0.0
6934,893.4,0.0
6935,893.5,0.0
6936,893.6,0.0
6937,893.7,0.0
6938,893.8,0.0
6939,893.9,0.0
6940,894.0,0.0
6941,894.1,0.0
6942,894.2,0.0
6943,894.3,0.0
6944,894.4,0.0
6945,894.5,0.0
6946,894.6,0.0
6947,894.7,0.0
6948,894.8,0.0
6949,894.9,0.0
6950,895.0,0.0
6951,895.1,0.0
6952,895.2,0.0
6953,895.3,0.0
6954,895.4,0.0
6955,895.5,0.0
6956,895.6,0.0
6957,895.7,0.0
6958,895.8,0.0
6959,895.9,0.0
6960,896.0,0.0
6961,896.1,0.0
6962,896.2,0.0
6963,896.3,0.0
6964,896.4,0.0
6965,896.5,0.0
6966,896.6,0.0
6967,896.7,0.0
6968,896.8,0.0
6969,896.9,0.0
6970,897.0,0.0
6971,897.1,0.0
6972,897.2,0.0
6973,897.3,0.0
6974,897.4,0.0
6975,897.5,0.0
6976,897.6,0.0
6977,897.7,0.0
6978,897.8,0.0
6979,897.9,0.0
6980,898.0,0.0
6981,898.1,0.0
6982,898.2,0.0
6983,898.3,0.0
6984,898.4,0.0
6985,898.5,0.0
6986,898.6,0.0
6987,898.7,0.0
6988,898.8,0.0
6989,898.9,0.0
6990,899.0,0.0
6991,899.1,0.0
6992,899.2,0.0
6993,899.3,0.0
6994,899.4,0.0
6995,899.5,0.0
6996,899.6,0.0
6997,899.7,0.0
6998,899.8,0.0
6999,899.9,0.0
7000,900.0,0.0
7001,900.1,0.0
7002,900.2,0.0
7003,900.3,0.0
7004,900.4,0.0
7005,900.5,0.0
7006,900.6,0.0
7007,900.7,0.0
7008,900.8,0.0
7009,900.9,0.0
7010,901.0,0.0
7011,901.1,0.0
7012,901.2,0.0
7013,901.3,0.0
7014,901.4,0.0
7015,901.5,0.0
7016,901.6,0.0
7017,901.7,0.0
7018,901.8,0.0
7019,901.9,0.0
7020,902.0,0.0
7021,902.1,0.0
7022,902.2,0.0
7023,902.3,0.0
7024,902.4,0.0
7025,902.5,0.0
7026,902.6,0.0
7027,902.7,0.0
7028,902.8,0.0
7029,902.9,0.0
7030,903.0,0.0
7031,903.1,0.0
7032,903.2,0.0
7033,903.3,0.0
7034,903.4,0.0
7035,903.5,0.0
7036,903.6,0.0
7037,903.7,0.0
7038,903.8,0.0
7039,903.9,0.0
7040,904.0,0.0
7041,904.1,0.0
7042,904.2,0.0
7043,904.3,0.0
7044,904.4,0.0
7045,904.5,0.0
7046,904.6,0.0
7047,904.7,0.0
7048,904.8,0.0
7049,904.9,0.0
7050,905.0,0.0
7051,905.1,0.0
7052,905.2,0.0
7053,905.3,0.0
7054,905.4,0.0
7055,905.5,0.0
7056,905.6,0.0
7057,905.7,0.0
7058,905.8,0.0
7059,905.9,0.0
7060,906.0,0.0
7061,906.1,0.0
7062,906.2,0.0
7063,906.3,0.0
7064,906.4,0.0
7065,906.5,0.0
7066,906.6,0.0
7067,906.7,0.0
7068,906.8,0.0
7069,906.9,0.0
7070,907.0,0.0
7071,907.1,0.0
7072,907.2,0.0
7073,907.3,0.0
7074,907.4,0.0
7075,907.5,0.0
7076,907.6,0.0
7077,907.7,0.0
7078,907.8,0.0
7079,907.9,0.0
7080,908.0,0.0
7081,908.1,0.0
7082,908.2,0.0
7083,908.3,0.0
7084,908.4,0.0
7085,908.5,0.0
7086,908.6,0.0
7087,908.7,0.0
7088,908.8,0.0
7089,908.9,0.0
7090,909.0,0.0
7091,909.1,0.0
7092,909.2,0.0
7093,909.3,0.0
7094,909.4,0.0
7095,909.5,0.0
7096,909.6,0.0
7097,909.7,0.0
7098,909.8,0.0
7099,909.9,0.0
7100,910.0,0.0
7101,910.1,0.0
7102,910.2,0.0
7103,910.3,0.0
7104,910.4,0.0
7105,910.5,0.0
7106,910.6,0.0
7107,910.7,0.0
7108,910.8,0.0
7109,910.9,0.0
7110,911.0,0.0
7111,911.1,0.0
7112,911.2,0.0
7113,911.3,0.0
7114,911.4,0.0
7115,911.5,0.0
7116,911.6,0.0
7117,911.7,0.0
7118,911.8,0.0
7119,911.9,0.0
7120,912.0,0.0
7121,912.1,0.0
7122,912.2,0.0
7123,912.3,0.0
7124,912.4,0.0
7125,912.5,0.0
7126,912.6,0.0
7127,912.7,0.0
7128,912.8,0.0
7129,912.9,0.0
7130,913.0,0.0
7131,913.1,0.0
7132,913.2,0.0
7133,913.3,0.0
7134,913.4,0.0
7135,913.5,0.0
7136,913.6,0.0
7137,913.7,0.0
7138,913.8,0.0
7139,913.9,0.0
7140,914.0,0.0
7141,914.1,0.0
7142,914.2,0.0
7143,914.3,0.0
7144,914.4,0.0
7145,914.5,0.0
7146,914.6,0.0
7147,914.7,0.0
7148,914.8,0.0
7149,914.9,0.0
7150,915.0,0.0
7151,915.1,0.0
7152,915.2,0.0
7153,915.3,0.0
7154,915.4,0.0
7155,915.5,0.0
7156,915.6,0.0
7157,915.7,0.0
7158,915.8,0.0
7159,915.9,0.0
7160,916.0,0.0
7161,916.1,0.0
7162,916.2,0.0
7163,916.3,0.0
7164,916.4,0.0
7165,916.5,0.0
7166,916.6,0.0
7167,916.7,0.0
7168,916.8,0.0
7169,916.9,0.0
7170,917.0,0.0
7171,917.1,0.0
7172,917.2,0.0
7173,917.3,0.0
7174,917.4,0.0
7175,917.5,0.0
7176,917.6,0.0
7177,917.7,0.0
7178,917.8,0.0
7179,917.9,0.0
7180,918.0,0.0
7181,918.1,0.0
7182,918.2,0.0
7183,918.3,0.0
7184,918.4,0.0
7185,918.5,0.0
7186,918.6,0.0
7187,918.7,0.0
7188,918.8,0.0
7189,918.9,0.0
7190,919.0,0.0
7191,919.1,0.0
7192,919.2,0.0
7193,919.3,0.0
7194,919.4,0.0
7195,919.5,0.0
7196,919.6,0.0
7197,919.7,0.0
7198,919.8,0.0
7199,919.9,0.0
7200,920.0,0.0
7201,920.1,0.0
7202,920.2,0.0
7203,920.3,0.0
7204,920.4,0.0
7205,920.5,0.0
7206,920.6,0.0
7207,920.7,0.0
7208,920.8,0.0
7209,920.9,0.0
7210,921.0,0.0
7211,921.1,0.0
7212,921.2,0.0
7213,921.3,0.0
7214,921.4,0.0
7215,921.5,0.0
7216,921.6,0.0
7217,921.7,0.0
7218,921.8,0.0
7219,921.9,0.0
7220,922.0,0.0
7221,922.1,0.0
7222,922.2,0.0
7223,922.3,0.0
7224,922.4,0.0
7225,922.5,0.0
7226,922.6,0.0
7227,922.7,0.0
7228,922.8,0.0
7229,922.9,0.0
7230,923.0,0.0
7231,923.1,0.0
7232,923.2,0.0
7233,923.3,0.0
7234,923.4,0.0
7235,923.5,0.0
7236,923.6,0.0
7237,923.7,0.0
7238,923.8,0.0
7239,923.9,0.0
7240,924.0,0.0
7241,924.1,0.0
7242,924.2,0.0
7243,924.3,0.0
7244,924.4,0.0
7245,924.5,0.0
7246,924.6,0.0
7247,924.7,0.0
7248,924.8,0.0
7249,924.9,0.0
7250,925.0,0.0
7251,925.1,0.0
7252,925.2,0.0
7253,925.3,0.0
7254,925.4,0.0
7255,925.5,0.0
7256,925.6,0.0
7257,925.7,0.0
7258,925.8,0.0
7259,925.9,0.0
7260,926.0,0.0
7261,926.1,0.0
7262,926.2,0.0
7263,926.3,0.0
7264,926.4,0.0
7265,926.5,0.0
7266,926.6,0.0
7267,926.7,0.0
7268,926.8,0.0
7269,926.9,0.0
7270,927.0,0.0
7271,927.1,0.0
7272,927.2,0.0
7273,927.3,0.0
7274,927.4,0.0
7275,927.5,0.0
7276,927.6,0.0
7277,927.7,0.0
7278,927.8,0.0
7279,927.9,0.0
7280,928.0,0.0
7281,928.1,0.0
7282,928.2,0.0
7283,928.3,0.0
7284,928.4,0.0
7285,928.5,0.0
7286,928.6,0.0
7287,928.7,0.0
7288,928.8,0.0
7289,928.9,0.0
7290,929.0,0.0
7291,929.1,0.0
7292,929.2,0.0
7293,929.3,0.0
7294,929.4,0.0
7295,929.5,0.0
7296,929.6,0.0
7297,929.7,0.0
7298,929.8,0.0
7299,929.9,0.0
7300,930.0,0.0
7301,930.1,0.0
7302,930.2,0.0
7303,930.3,0.0
7304,930.4,0.0
7305,930.5,0.0
7306,930.6,0.0
7307,930.7,0.0
7308,930.8,0.0
7309,930.9,0.0
7310,931.0,0.0
7311,931.1,0.0
7312,931.2,0.0
7313,931.3,0.0
7314,931.4,0.0
7315,931.5,0.0
7316,931.6,0.0
7317,931.7,0.0
7318,931.8,0.0
7319,931.9,0.0
7320,932.0,0.0
7321,932.1,0.0
7322,932.2,0.0
7323,932.3,0.0
7324,932.4,0.0
7325,932.5,0.0
7326,932.6,0.0
7327,932.7,0.0
7328,932.8,0.0
7329,932.9,0.0
7330,933.0,0.0
7331,933.1,0.0
7332,933.2,0.0
7333,933.3,0.0
7334,933.4,0.0
7335,933.5,0.0
7336,933.6,0.0
7337,933.7,0.0
7338,933.8,0.0
7339,933.9,0.0
7340,934.0,0.0
7341,934.1,0.0
7342,934.2,0.0
7343,934.3,0.0
7344,934.4,0.0
7345,934.5,0.0
7346,934.6,0.0
7347,934.7,0.0
7348,934.8,0.0
7349,934.9,0.0
7350,935.0,0.0
7351,935.1,0.0
7352,935.2,0.0
7353,935.3,0.0
7354,935.4,0.0
7355,935.5,0.0
7356,935.6,0.0
7357,935.7,0.0
7358,935.8,0.0
7359,935.9,0.0
7360,936.0,0.0
7361,936.1,0.0
7362,936.2,0.0
7363,936.3,0.0
7364,936.4,0.0
7365,936.5,0.0
7366,936.6,0.0
7367,936.7,0.0
7368,936.8,0.0
7369,936.9,0.0
7370,937.0,0.0
7371,937.1,0.0
7372,937.2,0.0
7373,937.3,0.0
7374,937.4,0.0
7375,937.5,0.0
7376,937.6,0.0
7377,937.7,0.0
7378,937.8,0.0
7379,937.9,0.0
7380,938.0,0.0
7381,938.1,0.0
7382,938.2,0.0
7383,938.3,0.0
7384,938.4,0.0
7385,938.5,0.0
7386,938.6,0.0
7387,938.7,0.0
7388,938.8,0.0
7389,938.9,0.0
7390,939.0,0.0
7391,939.1,0.0
7392,939.2,0.0
7393,939.3,0.0
7394,939.4,0.0
7395,939.5,0.0
7396,939.6,0.0
7397,939.7,0.0
7398,939.8,0.0
7399,939.9,0.0
7400,940.0,0.0
7401,940.1,0.0
7402,940.2,0.0
7403,940.3,0.0
7404,940.4,0.0
7405,940.5,0.0
7406,940.6,0.0
7407,940.7,0.0
7408,940.8,0.0
7409,940.9,0.0
7410,941.0,0.0
7411,941.1,0.0
7412,941.2,0.0
7413,941.3,0.0
7414,941.4,0.0
7415,941.5,0.0
7416,941.6,0.0
7417,941.7,0.0
7418,941.8,0.0
7419,941.9,0.0
7420,942.0,0.0
7421,942.1,0.0
7422,942.2,0.0
7423,942.3,0.0
7424,942.4,0.0
7425,942.5,0.0
7426,942.6,0.0
7427,942.7,0.0
7428,942.8,0.0
7429,942.9,0.0
7430,943.0,0.0
7431,943.1,0.0
7432,943.2,0.0
7433,943.3,0.0
7434,943.4,0.0
7435,943.5,0.0
7436,943.6,0.0
7437,943.7,0.0
7438,943.8,0.0
7439,943.9,0.0
7440,944.0,0.0
7441,944.1,0.0
7442,944.2,0.0
7443,944.3,0.0
7444,944.4,0.0
7445,944.5,0.0
7446,944.6,0.0
7447,944.7,0.0
7448,944.8,0.0
7449,944.9,0.0
7450,945.0,0.0
7451,945.1,0.0
7452,945.2,0.0
7453,945.3,0.0
7454,945.4,0.0
7455,945.5,0.0
7456,945.6,0.0
7457,945.7,0.0
7458,945.8,0.0
7459,945.9,0.0
7460,946.0,0.0
7461,946.1,0.0
7462,946.2,0.0
7463,946.3,0.0
7464,946.4,0.0
7465,946.5,0.0
7466,946.6,0.0
7467,946.7,0.0
7468,946.8,0.0
7469,946.9,0.0
7470,947.0,0.0
7471,947.1,0.0
7472,947.2,0.0
7473,947.3,0.0
7474,947.4,0.0
7475,947.5,0.0
7476,947.6,0.0
7477,947.7,0.0
7478,947.8,0.0
7479,947.9,0.0
7480,948.0,0.0
7481,948.1,0.0
7482,948.2,0.0
7483,948.3,0.0
7484,948.4,0.0
7485,948.5,0.0
7486,948.6,0.0
7487,948.7,0.0
7488,948.8,0.0
7489,948.9,0.0
7490,949.0,0.0
7491,949.1,0.0
7492,949.2,0.0
7493,949.3,0.0
7494,949.4,0.0
7495,949.5,0.0
7496,949.6,0.0
7497,949.7,0.0
7498,949.8,0.0
7499,949.9,0.0
7500,950.0,0.0
7501,950.1,0.0
7502,950.2,0.0
7503,950.3,0.0
7504,950.4,0.0
7505,950.5,0.0
7506,950.6,0.0
7507,950.7,0.0
7508,950.8,0.0
7509,950.9,0.0
7510,951.0,0.0
7511,951.1,0.0
7512,951.2,0.0
7513,951.3,0.0
7514,951.4,0.0
7515,951.5,0.0
7516,951.6,0.0
7517,951.7,0.0
7518,951.8,0.0
7519,951.9,0.0
7520,952.0,0.0
7521,952.1,0.0
7522,952.2,0.0
7523,952.3,0.0
7524,952.4,0.0
7525,952.5,0.0
7526,952.6,0.0
7527,952.7,0.0
7528,952.8,0.0
7529,952.9,0.0
7530,953.0,0.0
7531,953.1,0.0
7532,953.2,0.0
7533,953.3,0.0
7534,953.4,0.0
7535,953.5,0.0
7536,953.6,0.0
7537,953.7,0.0
7538,953.8,0.0
7539,953.9,0.0
7540,954.0,0.0
7541,954.1,0.0
7542,954.2,0.0
7543,954.3,0.0
7544,954.4,0.0
7545,954.5,0.0
7546,954.6,0.0
7547,954.7,0.0
7548,954.8,0.0
7549,954.9,0.0
7550,955.0,0.0
7551,955.1,0.0
7552,955.2,0.0
7553,955.3,0.0
7554,955.4,0.0
7555,955.5,0.0
7556,955.6,0.0
7557,955.7,0.0
7558,955.8,0.0
7559,955.9,0.0
7560,956.0,0.0
7561,956.1,0.0
7562,956.2,0.0
7563,956.3,0.0
7564,956.4,0.0
7565,956.5,0.0
7566,956.6,0.0
7567,956.7,0.0
7568,956.8,0.0
7569,956.9,0.0
7570,957.0,0.0
7571,957.1,0.0
7572,957.2,0.0
7573,957.3,0.0
7574,957.4,0.0
7575,957.5,0.0
7576,957.6,0.0
7577,957.7,0.0
7578,957.8,0.0
7579,957.9,0.0
7580,958.0,0.0
7581,958.1,0.0
7582,958.2,0.0
7583,958.3,0.0
7584,958.4,0.0
7585,958.5,0.0
7586,958.6,0.0
7587,958.7,0.0
7588,958.8,0.0
7589,958.9,0.0
7590,959.0,0.0
7591,959.1,0.0
7592,959.2,0.0
7593,959.3,0.0
7594,959.4,0.0
7595,959.5,0.0
7596,959.6,0.0
7597,959.7,0.0
7598,959.8,0.0
7599,959.9,0.0
7600,960.0,0.0
7601,960.1,0.0
7602,960.2,0.0
7603,960.3,0.0
7604,960.4,0.0
7605,960.5,0.0
7606,960.6,0.0
7607,960.7,0.0
7608,960.8,0.0
7609,960.9,0.0
7610,961.0,0.0
7611,961.1,0.0
7612,961.2,0.0
7613,961.3,0.0
7614,961.4,0.0
7615,961.5,0.0
7616,961.6,0.0
7617,961.7,0.0
7618,961.8,0.0
7619,961.9,0.0
7620,962.0,0.0
7621,962.1,0.0
7622,962.2,0.0
7623,962.3,0.0
7624,962.4,0.0
7625,962.5,0.0
7626,962.6,0.0
7627,962.7,0.0
7628,962.8,0.0
7629,962.9,0.0
7630,963.0,0.0
7631,963.1,0.0
7632,963.2,0.0
7633,963.3,0.0
7634,963.4,0.0
7635,963.5,0.0
7636,963.6,0.0
7637,963.7,0.0
7638,963.8,0.0
7639,963.9,0.0
7640,964.0,0.0
7641,964.1,0.0
7642,964.2,0.0
7643,964.3,0.0
7644,964.4,0.0
7645,964.5,0.0
7646,964.6,0.0
7647,964.7,0.0
7648,964.8,0.0
7649,964.9,0.0
7650,965.0,0.0
7651,965.1,0.0
7652,965.2,0.0
7653,965.3,0.0
7654,965.4,0.0
7655,965.5,0.0
7656,965.6,0.0
7657,965.7,0.0
7658,965.8,0.0
7659,965.9,0.0
7660,966.0,0.0
7661,966.1,0.0
7662,966.2,0.0
7663,966.3,0.0
7664,966.4,0.0
7665,966.5,0.0
7666,966.6,0.0
7667,966.7,0.0
7668,966.8,0.0
7669,966.9,0.0
7670,967.0,0.0
7671,967.1,0.0
7672,967.2,0.0
7673,967.3,0.0
7674,967.4,0.0
7675,967.5,0.0
7676,967.6,0.0
7677,967.7,0.0
7678,967.8,0.0
7679,967.9,0.0
7680,968.0,0.0
7681,968.1,0.0
7682,968.2,0.0
7683,968.3,0.0
7684,968.4,0.0
7685,968.5,0.0
7686,968.6,0.0
7687,968.7,0.0
7688,968.8,0.0
7689,968.9,0.0
7690,969.0,0.0
7691,969.1,0.0
7692,969.2,0.0
7693,969.3,0.0
7694,969.4,0.0
7695,969.5,0.0
7696,969.6,0.0
7697,969.7,0.0
7698,969.8,0.0
7699,969.9,0.0
7700,970.0,0.0
7701,970.1,0.0
7702,970.2,0.0
7703,970.3,0.0
7704,970.4,0.0
7705,970.5,0.0
7706,970.6,0.0
7707,970.7,0.0
7708,970.8,0.0
7709,970.9,0.0
7710,971.0,0.0
7711,971.1,0.0
7712,971.2,0.0
7713,971.3,0.0
7714,971.4,0.0
7715,971.5,0.0
7716,971.6,0.0
7717,971.7,0.0
7718,971.8,0.0
7719,971.9,0.0
7720,972.0,0.0
7721,972.1,0.0
7722,972.2,0.0
7723,972.3,0.0
7724,972.4,0.0
7725,972.5,0.0
7726,972.6,0.0
7727,972.7,0.0
7728,972.8,0.0
7729,972.9,0.0
7730,973.0,0.0
7731,973.1,0.0
7732,973.2,0.0
7733,973.3,0.0
7734,973.4,0.0
7735,973.5,0.0
7736,973.6,0.0
7737,973.7,0.0
7738,973.8,0.0
7739,973.9,0.0
7740,974.0,0.0
7741,974.1,0.0
7742,974.2,0.0
7743,974.3,0.0
7744,974.4,0.0
7745,974.5,0.0
7746,974.6,0.0
7747,974.7,0.0
7748,974.8,0.0
7749,974.9,0.0
7750,975.0,0.0
7751,975.1,0.0
7752,975.2,0.0
7753,975.3,0.0
7754,975.4,0.0
7755,975.5,0.0
7756,975.6,0.0
7757,975.7,0.0
7758,975.8,0.0
7759,975.9,0.0
7760,976.0,0.0
7761,976.1,0.0
7762,976.2,0.0
7763,976.3,0.0
7764,976.4,0.0
7765,976.5,0.0
7766,976.6,0.0
7767,976.7,0.0
7768,976.8,0.0
7769,976.9,0.0
7770,977.0,0.0
7771,977.1,0.0
7772,977.2,0.0
7773,977.3,0.0
7774,977.4,0.0
7775,977.5,0.0
7776,977.6,0.0
7777,977.7,0.0
7778,977.8,0.0
7779,977.9,0.0
7780,978.0,0.0
7781,978.1,0.0
7782,978.2,0.0
7783,978.3,0.0
7784,978.4,0.0
7785,978.5,0.0
7786,978.6,0.0
7787,978.7,0.0
7788,978.8,0.0
7789,978.9,0.0
7790,979.0,0.0
7791,979.1,0.0
7792,979.2,0.0
7793,979.3,0.0
7794,979.4,0.0
7795,979.5,0.0
7796,979.6,0.0
7797,979.7,0.0
7798,979.8,0.0
7799,979.9,0.0
7800,980.0,0.0
7801,980.1,0.0
7802,980.2,0.0
7803,980.3,0.0
7804,980.4,0.0
7805,980.5,0.0
7806,980.6,0.0
7807,980.7,0.0
7808,980.8,0.0
7809,980.9,0.0
7810,981.0,0.0
7811,981.1,0.0
7812,981.2,0.0
7813,981.3,0.0
7814,981.4,0.0
7815,981.5,0.0
7816,981.6,0.0
7817,981.7,0.0
7818,981.8,0.0
7819,981.9,0.0
7820,982.0,0.0
7821,982.1,0.0
7822,982.2,0.0
7823,982.3,0.0
7824,982.4,0.0
7825,982.5,0.0
7826,982.6,0.0
7827,982.7,0.0
7828,982.8,0.0
7829,982.9,0.0
7830,983.0,0.0
7831,983.1,0.0
7832,983.2,0.0
7833,983.3,0.0
7834,983.4,0.0
7835,983.5,0.0
7836,983.6,0.0
7837,983.7,0.0
7838,983.8,0.0
7839,983.9,0.0
7840,984.0,0.0
7841,984.1,0.0
7842,984.2,0.0
7843,984.3,0.0
7844,984.4,0.0
7845,984.5,0.0
7846,984.6,0.0
7847,984.7,0.0
7848,984.8,0.0
7849,984.9,0.0
7850,985.0,0.0
7851,985.1,0.0
7852,985.2,0.0
7853,985.3,0.0
7854,985.4,0.0
7855,985.5,0.0
7856,985.6,0.0
7857,985.7,0.0
7858,985.8,0.0
7859,985.9,0.0
7860,986.0,0.0
7861,986.1,0.0
7862,986.2,0.0
7863,986.3,0.0
7864,986.4,0.0
7865,986.5,0.0
7866,986.6,0.0
7867,986.7,0.0
7868,986.8,0.0
7869,986.9,0.0
7870,987.0,0.0
7871,987.1,0.0
7872,987.2,0.0
7873,987.3,0.0
7874,987.4,0.0
7875,987.5,0.0
7876,987.6,0.0
7877,987.7,0.0
7878,987.8,0.0
7879,987.9,0.0
7880,988.0,0.0
7881,988.1,0.0
7882,988.2,0.0
7883,988.3,0.0
7884,988.4,0.0
7885,988.5,0.0
7886,988.6,0.0
7887,988.7,0.0
7888,988.8,0.0
7889,988.9,0.0
7890,989.0,0.0
7891,989.1,0.0
7892,989.2,0.0
7893,989.3,0.0
7894,989.4,0.0
7895,989.5,0.0
7896,989.6,0.0
7897,989.7,0.0
7898,989.8,0.0
7899,989.9,0.0
7900,990.0,0.0
7901,990.1,0.0
7902,990.2,0.0
7903,990.3,0.0
7904,990.4,0.0
7905,990.5,0.0
7906,990.6,0.0
7907,990.7,0.0
7908,990.8,0.0
7909,990.9,0.0
7910,991.0,0.0
7911,991.1,0.0
7912,991.2,0.0
7913,991.3,0.0
7914,991.4,0.0
7915,991.5,0.0
7916,991.6,0.0
7917,991.7,0.0
7918,991.8,0.0
7919,991.9,0.0
7920,992.0,0.0
7921,992.1,0.0
7922,992.2,0.0
7923,992.3,0.0
7924,992.4,0.0
7925,992.5,0.0
7926,992.6,0.0
7927,992.7,0.0
7928,992.8,0.0
7929,992.9,0.0
7930,993.0,0.0
7931,993.1,0.0
7932,993.2,0.0
7933,993.3,0.0
7934,993.4,0.0
7935,993.5,0.0
7936,993.6,0.0
7937,993.7,0.0
7938,993.8,0.0
7939,993.9,0.0
7940,994.0,0.0
7941,994.1,0.0
7942,994.2,0.0
7943,994.3,0.0
7944,994.4,0.0
7945,994.5,0.0
7946,994.6,0.0
7947,994.7,0.0
7948,994.8,0.0
7949,994.9,0.0
7950,995.0,0.0
7951,995.1,0.0
7952,995.2,0.0
7953,995.3,0.0
7954,995.4,0.0
7955,995.5,0.0
7956,995.6,0.0
7957,995.7,0.0
7958,995.8,0.0
7959,995.9,0.0
7960,996.0,0.0
7961,996.1,0.0
7962,996.2,0.0
7963,996.3,0.0
7964,996.4,0.0
7965,996.5,0.0
7966,996.6,0.0
7967,996.7,0.0
7968,996.8,0.0
7969,996.9,0.0
7970,997.0,0.0
7971,997.1,0.0
7972,997.2,0.0
7973,997.3,0.0
7974,997.4,0.0
7975,997.5,0.0
7976,997.6,0.0
7977,997.7,0.0
7978,997.8,0.0
7979,997.9,0.0
7980,998.0,0.0
7981,998.1,0.0
7982,998.2,0.0
7983,998.3,0.0
7984,998.4,0.0
7985,998.5,0.0
7986,998.6,0.0
7987,998.7,0.0
7988,998.8,0.0
7989,998.9,0.0
7990,999.0,0.0
7991,999.1,0.0
7992,999.2,0.0
7993,999.3,0.0
7994,999.4,0.0
7995,999.5,0.0
7996,999.6,0.0
7997,999.7,0.0
7998,999.8,0.0
7999,999.9,0.0
