,wavelength,intensity
0,200.0,89540000.0
1,200.1,121400000.0
2,200.2,155140608.942
3,200.3,187500000.0
4,200.4,214200000.0
5,200.5,232200000.0
6,200.6,239900000.0
7,200.7,238472677.423
8,200.8,231600000.0
9,200.9,223700000.0
10,201.0,219800000.0
11,201.1,222893627.735
12,201.2,232200000.0
13,201.3,245300000.0
14,201.4,256800000.0
15,201.5,261300000.0
16,201.6,255144662.816
17,201.7,238900000.0
18,201.8,214900000.0
19,201.9,188300000.0
20,202.0,163781678.616
21,202.1,143700000.0
22,202.2,129100000.0
23,202.3,118000000.0
24,202.4,107800000.0
25,202.5,96119989.103
26,202.6,82360000.0
27,202.7,66730000.0
28,202.8,50760000.0
29,202.9,36060000.0
30,203.0,23915962.158
31,203.1,14700000.0
32,203.2,8412000.0
33,203.3,4472000.0
34,203.4,2195802.767
35,203.5,1013000.0
36,203.6,431100.0
37,203.7,170500.0
38,203.8,62890.0
39,203.9,20882.546
40,204.0,10750.0
41,204.1,14320.0
42,204.2,35980.0
43,204.3,92009.391
44,204.4,236800.0
45,204.5,551300.0
46,204.6,1198000.0
47,204.7,2431000.0
48,204.8,4605457.201
49,204.9,8163000.0
50,205.0,13530000.0
51,205.1,20980000.0
52,205.2,30514846.724
53,205.3,41520000.0
54,205.4,53100000.0
55,205.5,63860000.0
56,205.6,72400000.0
57,205.7,77610895.463
58,205.8,79350000.0
59,205.9,77950000.0
60,206.0,74730000.0
61,206.1,71331480.689
62,206.2,69050000.0
63,206.3,68850000.0
64,206.4,70680000.0
65,206.5,73810000.0
66,206.6,77067165.935
67,206.7,79500000.0
68,206.8,80440000.0
69,206.9,80110000.0
70,207.0,79374941.596
71,207.1,79500000.0
72,207.2,81710000.0
73,207.3,86600000.0
74,207.4,93830000.0
75,207.5,102011377.744
76,207.6,108900000.0
77,207.7,112200000.0
78,207.8,110300000.0
79,207.9,102700000.0
80,208.0,89967089.977
81,208.1,74120000.0
82,208.2,57490000.0
83,208.3,42260000.0
84,208.4,30044313.958
85,208.5,21410000.0
86,208.6,16500000.0
87,208.7,14750000.0
88,208.8,15470000.0
89,208.9,18009217.26
90,209.0,22100000.0
91,209.1,27700000.0
92,209.2,35320000.0
93,209.3,45859883.909
94,209.4,60450000.0
95,209.5,80200000.0
96,209.6,105800000.0
97,209.7,137100000.0
98,209.8,172851143.538
99,209.9,210000000.0
100,210.0,244800000.0
101,210.1,272400000.0
102,210.2,288186724.317
103,210.3,289700000.0
104,210.4,275800000.0
105,210.5,248700000.0
106,210.6,212600000.0
107,210.7,172952194.507
108,210.8,135100000.0
109,210.9,103800000.0
110,211.0,81740000.0
111,211.1,70273517.004
112,211.2,69020000.0
113,211.3,76980000.0
114,211.4,92290000.0
115,211.5,112700000.0
116,211.6,135447460.562
117,211.7,157600000.0
118,211.8,176300000.0
119,211.9,189200000.0
120,212.0,195038074.445
121,212.1,194100000.0
122,212.2,187500000.0
123,212.3,178200000.0
124,212.4,169600000.0
125,212.5,166150370.599
126,212.6,172600000.0
127,212.7,193800000.0
128,212.8,234700000.0
129,212.9,299199999.999
130,213.0,390367160.313
131,213.1,508699999.999
132,213.2,653499999.999
133,213.3,821499999.999
134,213.4,1007073738.119
135,213.5,1202999999.998
136,213.6,1399999999.999
137,213.7,1582999999.999
138,213.8,1737999999.999
139,213.9,1845531048.941
140,214.0,1890000000.0
141,214.1,1860000000.001
142,214.2,1756000000.001
143,214.3,1587802502.465
144,214.4,1376000000.002
145,214.5,1145000000.002
146,214.6,922500000.002
147,214.7,728000000.001
148,214.8,573275474.822
149,214.9,458100000.001
150,215.0,377800000.001
151,215.1,321400000.0
152,215.2,277825341.528
153,215.3,239800000.0
154,215.4,202100000.0
155,215.5,164300000.0
156,215.6,128200000.0
157,215.7,96139769.141
158,215.8,69700000.0
159,215.9,49870000.0
160,216.0,36100000.0
161,216.1,27174056.593
162,216.2,21640000.0
163,216.3,18100000.0
164,216.4,15600000.0
165,216.5,13560000.0
166,216.6,11742496.805
167,216.7,10140000.0
168,216.8,8793000.0
169,216.9,7752000.0
170,217.0,7005753.136
171,217.1,6476000.0
172,217.2,6069000.0
173,217.3,5697000.0
174,217.4,5338000.0
175,217.5,5059591.05
176,217.6,5080000.0
177,217.7,5684000.0
178,217.8,7280000.0
179,217.9,10310000.0
180,218.0,15189709.254
181,218.1,22090000.0
182,218.2,31010000.0
183,218.3,41470000.0
184,218.4,52618889.075
185,218.5,63250000.0
186,218.6,72090000.0
187,218.7,78000000.0
188,218.8,80290000.0
189,218.9,78801097.994
190,219.0,74080000.0
191,219.1,66920000.0
192,219.2,58450000.0
193,219.3,49751103.132
194,219.4,41590000.0
195,219.5,34560000.0
196,219.6,28820000.0
197,219.7,24250000.0
198,219.8,20606544.59
199,219.9,17610000.0
200,220.0,15020000.0
201,220.1,12780000.0
202,220.2,10944873.026
203,220.3,9686000.0
204,220.4,9195000.0
205,220.5,9618000.0
206,220.6,10990000.0
207,220.7,13197790.488
208,220.8,15970000.0
209,220.9,18980000.0
210,221.0,21830000.0
211,221.1,24195172.481
212,221.2,25900000.0
213,221.3,26840000.0
214,221.4,27060000.0
215,221.5,26650000.0
216,221.6,25728579.361
217,221.7,24370000.0
218,221.8,22640000.0
219,221.9,20630000.0
220,222.0,18479603.167
221,222.1,16430000.0
222,222.2,14770000.0
223,222.3,13870000.0
224,222.4,14070000.0
225,222.5,15611737.113
226,222.6,18480000.0
227,222.7,22520000.0
228,222.8,27250000.0
229,222.9,32000000.0
230,223.0,35992731.715
231,223.1,38590000.0
232,223.2,39280000.0
233,223.3,37930000.0
234,223.4,34735128.918
235,223.5,30190000.0
236,223.6,24880000.0
237,223.7,19460000.0
238,223.8,14440000.0
239,223.9,10175929.517
240,224.0,6786000.0
241,224.1,4295000.0
242,224.2,2576000.0
243,224.3,1461503.629
244,224.4,787400.0
245,224.5,400700.0
246,224.6,193000.0
247,224.7,88390.0
248,224.8,38592.443
249,224.9,19690.0
250,225.0,15740.0
251,225.1,22960.0
252,225.2,41966.712
253,225.3,77810.0
254,225.4,137300.0
255,225.5,229800.0
256,225.6,364700.0
257,225.7,551499.026
258,225.8,802700.0
259,225.9,1138000.0
260,226.0,1604000.0
261,226.1,2290571.122
262,226.2,3416000.0
263,226.3,5275000.0
264,226.4,8356000.0
265,226.5,13280000.0
266,226.6,20734157.748
267,226.7,31200000.0
268,226.8,44950000.0
269,226.9,61570000.0
270,227.0,79964967.01
271,227.1,98170000.0
272,227.2,114000000.0
273,227.3,125300000.0
274,227.4,130500000.0
275,227.5,128947616.637
276,227.6,121500000.0
277,227.7,109600000.0
278,227.8,95490000.0
279,227.9,81090000.0
280,228.0,68021534.979
281,228.1,56990000.0
282,228.2,48320000.0
283,228.3,41760000.0
284,228.4,36977418.564
285,228.5,33740000.0
286,228.6,31890000.0
287,228.7,31460000.0
288,228.8,32470000.0
289,228.9,34891224.229
290,229.0,38450000.0
291,229.1,42750000.0
292,229.2,47140000.0
293,229.3,50860904.845
294,229.4,53220000.0
295,229.5,53610000.0
296,229.6,51740000.0
297,229.7,47680000.0
298,229.8,41858219.722
299,229.9,34960000.0
300,230.0,27720000.0
301,230.1,20850000.0
302,230.2,14886557.314
303,230.3,10050000.0
304,230.4,6434000.0
305,230.5,3911000.0
306,230.6,2271000.0
307,230.7,1277352.572
308,230.8,733000.0
309,230.9,467200.0
310,231.0,370100.0
311,231.1,368165.38
312,231.2,421400.0
313,231.3,501000.0
314,231.4,593300.0
315,231.5,690000.0
316,231.6,787122.698
317,231.7,888700.0
318,231.8,1005000.0
319,231.9,1164000.0
320,232.0,1410789.732
321,232.1,1838000.0
322,232.2,2564000.0
323,232.3,3774000.0
324,232.4,5720000.0
325,232.5,8718748.783
326,232.6,13180000.0
327,232.7,19530000.0
328,232.8,28170000.0
329,232.9,39440000.0
330,233.0,53440071.728
331,233.1,69820000.0
332,233.2,88020000.0
333,233.3,107000000.0
334,233.4,125425025.692
335,233.5,142100000.0
336,233.6,156000000.0
337,233.7,166600000.0
338,233.8,173700000.0
339,233.9,177575204.542
340,234.0,178400000.0
341,234.1,176300000.0
342,234.2,171400000.0
343,234.3,163863740.533
344,234.4,154500000.0
345,234.5,144400000.0
346,234.6,135100000.0
347,234.7,128200000.0
348,234.8,124892307.671
349,234.9,125200000.0
350,235.0,128600000.0
351,235.1,133500000.0
352,235.2,138015064.926
353,235.3,140500000.0
354,235.4,139600000.0
355,235.5,135000000.0
356,235.6,127200000.0
357,235.7,116974096.468
358,235.8,105300000.0
359,235.9,93090000.0
360,236.0,80820000.0
361,236.1,68848742.402
362,236.2,57400000.0
363,236.3,46670000.0
364,236.4,36890000.0
365,236.5,28320000.0
366,236.6,21232237.482
367,236.7,15800000.0
368,236.8,12170000.0
369,236.9,10490000.0
370,237.0,10945314.997
371,237.1,13880000.0
372,237.2,19720000.0
373,237.3,29030000.0
374,237.4,42310000.0
375,237.5,59884421.263
376,237.6,81330000.0
377,237.7,105899999.999
378,237.8,132099999.999
379,237.9,157499999.999
380,238.0,179655638.433
381,238.1,196200000.0
382,238.2,205100000.0
383,238.3,205600000.0
384,238.4,197557752.914
385,238.5,182400000.0
386,238.6,162000000.0
387,238.7,138500000.001
388,238.8,114300000.001
389,238.9,91293651.831
390,239.0,70670000.0
391,239.1,53290000.0
392,239.2,39270000.0
393,239.3,28392006.063
394,239.4,20230000.0
395,239.5,14310000.0
396,239.6,10160000.0
397,239.7,7372000.0
398,239.8,5620678.197
399,239.9,4653000.0
400,240.0,4243000.0
401,240.1,4215000.0
402,240.2,4416393.813
403,240.3,4728000.0
404,240.4,5047000.0
405,240.5,5307000.0
406,240.6,5469000.0
407,240.7,5519190.827
408,240.8,5468000.0
409,240.9,5333000.0
410,241.0,5140000.0
411,241.1,4914961.277
412,241.2,4679000.0
413,241.3,4451000.0
414,241.4,4245000.0
415,241.5,4072000.0
416,241.6,3939869.561
417,241.7,3842000.0
418,241.8,3766000.0
419,241.9,3689000.0
420,242.0,3580194.445
421,242.1,3417000.0
422,242.2,3184000.0
423,242.3,2886000.0
424,242.4,2543000.0
425,242.5,2189830.35
426,242.6,1867000.0
427,242.7,1616000.0
428,242.8,1478000.0
429,242.9,1489000.0
430,243.0,1688576.367
431,243.1,2121000.0
432,243.2,2834000.0
433,243.3,3886000.0
434,243.4,5344008.143
435,243.5,7292000.0
436,243.6,9825000.0
437,243.7,13060000.0
438,243.8,17110000.0
439,243.9,22101815.59
440,244.0,28060000.0
441,244.1,34950000.0
442,244.2,42590000.0
443,244.3,50649205.99
444,244.4,58700000.0
445,244.5,66310000.0
446,244.6,73120000.0
447,244.7,78910000.0
448,244.8,83677565.739
449,244.9,87550000.0
450,245.0,90690000.0
451,245.1,93280000.0
452,245.2,95363192.976
453,245.3,96910000.0
454,245.4,97880000.0
455,245.5,98250000.0
456,245.6,98110000.0
457,245.7,97663588.274
458,245.8,97180000.0
459,245.9,96910000.0
460,246.0,96960000.0
461,246.1,97251235.245
462,246.2,97450000.0
463,246.3,97130000.0
464,246.4,95760000.0
465,246.5,92940000.0
466,246.6,88546336.165
467,246.7,83020000.0
468,246.8,77100000.0
469,246.9,72210000.0
470,247.0,70094525.561
471,247.1,72670000.0
472,247.2,81800000.0
473,247.3,98849999.999
474,247.4,124399999.999
475,247.5,158012279.2
476,247.6,197499999.999
477,247.7,239999999.999
478,247.8,281499999.999
479,247.9,317399999.999
480,248.0,343351421.514
481,248.1,356500000.0
482,248.2,354900000.0
483,248.3,338900000.001
484,248.4,310390093.837
485,248.5,272800000.001
486,248.6,230000000.001
487,248.7,186100000.001
488,248.8,144600000.001
489,248.9,108101065.549
490,249.0,77840000.001
491,249.1,54500000.001
492,249.2,37780000.0
493,249.3,27023547.218
494,249.4,21490000.0
495,249.5,20480000.0
496,249.6,23530000.0
497,249.7,30310000.0
498,249.8,40574631.696
499,249.9,53910000.0
500,250.0,69770000.0
501,250.1,87219999.999
502,250.2,105004801.854
503,250.3,121800000.0
504,250.4,136300000.0
505,250.5,147400000.0
506,250.6,154600000.0
507,250.7,158112248.277
508,250.8,158700000.0
509,250.9,157300000.0
510,251.0,155100000.0
511,251.1,153225026.503
512,251.2,152500000.0
513,251.3,153600000.0
514,251.4,157200000.0
515,251.5,165100000.0
516,251.6,179811494.449
517,251.7,206199999.999
518,251.8,250099999.998
519,251.9,318999999.998
520,252.0,420896252.477
521,252.1,561599999.995
522,252.2,744999999.994
523,252.3,968599999.993
524,252.4,1222999999.992
525,252.5,1490841672.511
526,252.6,1746999999.993
527,252.7,1964999999.994
528,252.8,2119999999.997
529,252.9,2190999999.999
530,253.0,2166600847.955
531,253.1,2053000000.005
532,253.2,1863000000.007
533,253.3,1620000000.008
534,253.4,1351598344.148
535,253.5,1084000000.008
536,253.6,840500000.007
537,253.7,634200000.006
538,253.8,472700000.004
539,253.9,357696486.163
540,254.0,286000000.002
541,254.1,253200000.0
542,254.2,253900000.0
543,254.3,283056844.744
544,254.4,336199999.998
545,254.5,408999999.997
546,254.6,496999999.997
547,254.7,594699999.997
548,254.8,695808383.099
549,254.9,792999999.997
550,255.0,878899999.998
551,255.1,946799999.998
552,255.2,990942069.188
553,255.3,1010000000.0
554,255.4,1004000000.001
555,255.5,975000000.001
556,255.6,929500000.002
557,255.7,873701684.783
558,255.8,813500000.002
559,255.9,754300000.002
560,256.0,699200000.002
561,256.1,649279874.512
562,256.2,603900000.001
563,256.3,561900000.001
564,256.4,521600000.001
565,256.5,481800000.001
566,256.6,442011309.174
567,256.7,402400000.001
568,256.8,363400000.001
569,256.9,325900000.001
570,257.0,290574446.774
571,257.1,257800000.001
572,257.2,227800000.001
573,257.3,200400000.001
574,257.4,175400000.001
575,257.5,153003023.972
576,257.6,133400000.001
577,257.7,116900000.0
578,257.8,104200000.0
579,257.9,95460000.0
580,258.0,91006493.052
581,258.1,90490000.0
582,258.2,93260000.0
583,258.3,98260000.0
584,258.4,104265169.019
585,258.5,110100000.0
586,258.6,114700000.0
587,258.7,117400000.0
588,258.8,117800000.0
589,258.9,115844773.635
590,259.0,111800000.0
591,259.1,106000000.0
592,259.2,98810000.0
593,259.3,90655896.827
594,259.4,81980000.0
595,259.5,73220000.0
596,259.6,64790000.0
597,259.7,57080000.0
598,259.8,50406940.438
599,259.9,44930000.0
600,260.0,40740000.0
601,260.1,37800000.0
602,260.2,36052595.889
603,260.3,35540000.0
604,260.4,36380000.0
605,260.5,38910000.0
606,260.6,43620000.0
607,260.7,51073781.568
608,260.8,61750000.0
609,260.9,75999999.999
610,261.0,93709999.999
611,261.1,114294779.5
612,261.2,136599999.999
613,261.3,159199999.999
614,261.4,180199999.999
615,261.5,197999999.999
616,261.6,211393030.939
617,261.7,220200000.0
618,261.8,224800000.0
619,261.9,226900000.0
620,262.0,229021584.057
621,262.1,234000000.0
622,262.2,244599999.999
623,262.3,262899999.999
624,262.4,289799999.999
625,262.5,324621330.168
626,262.6,364699999.999
627,262.7,406499999.999
628,262.8,444999999.999
629,262.9,475599999.999
630,263.0,494108897.535
631,263.1,499200000.0
632,263.2,491000000.001
633,263.3,472800000.001
634,263.4,450203371.62
635,263.5,429800000.001
636,263.6,418100000.0
637,263.7,420300000.0
638,263.8,439399999.999
639,263.9,475464441.502
640,264.0,525399999.998
641,264.1,584899999.998
642,264.2,647499999.998
643,264.3,706517234.249
644,264.4,756399999.998
645,264.5,792399999.999
646,264.6,812200000.0
647,264.7,815600000.0
648,264.8,804100653.527
649,264.9,781000000.001
650,265.0,750100000.001
651,265.1,715600000.001
652,265.2,681311327.356
653,265.3,650000000.001
654,265.4,623800000.001
655,265.5,603300000.001
656,265.6,588500000.0
657,265.7,578519341.276
658,265.8,572100000.0
659,265.9,567900000.0
660,266.0,564500000.0
661,266.1,560990478.697
662,266.2,557300000.0
663,266.3,553900000.0
664,266.4,552800000.0
665,266.5,557000000.0
666,266.6,570408313.634
667,266.7,597399999.999
668,266.8,642199999.998
669,266.9,708199999.997
670,267.0,798147096.221
671,267.1,912299999.995
672,267.2,1049999999.994
673,267.3,1208999999.994
674,267.4,1384999999.993
675,267.5,1573125849.712
676,267.6,1766999999.992
677,267.7,1960999999.993
678,267.8,2152999999.993
679,267.9,2339999999.993
680,268.0,2526761868.127
681,268.1,2717999999.992
682,268.2,2917999999.992
683,268.3,3130999999.991
684,268.4,3356058828.671
685,268.5,3581999999.991
686,268.6,3792999999.992
687,268.7,3964999999.994
688,268.8,4073999999.997
689,268.9,4096585455.869
690,269.0,4025000000.005
691,269.1,3859000000.008
692,269.2,3614000000.011
693,269.3,3319460229.282
694,269.4,3012000000.012
695,269.5,2729000000.01
696,269.6,2503000000.008
697,269.7,2353000000.004
698,269.8,2287823120.014
699,269.9,2297999999.998
700,270.0,2366999999.996
701,270.1,2467999999.996
702,270.2,2573495640.752
703,270.3,2658999999.997
704,270.4,2703999999.999
705,270.5,2701000000.001
706,270.6,2647000000.003
707,270.7,2547664017.276
708,270.8,2415000000.006
709,270.9,2262000000.006
710,271.0,2101000000.007
711,271.1,1942261361.291
712,271.2,1791000000.006
713,271.3,1650000000.006
714,271.4,1517000000.005
715,271.5,1388000000.005
716,271.6,1260018079.752
717,271.7,1132000000.005
718,271.8,1004000000.005
719,271.9,879300000.005
720,272.0,763661150.562
721,272.1,662100000.004
722,272.2,579000000.003
723,272.3,516900000.002
724,272.4,475400000.001
725,272.5,451918426.371
726,272.6,441600000.0
727,272.7,439100000.0
728,272.8,439200000.0
729,272.9,437400000.0
730,273.0,431228158.682
731,273.1,420400000.001
732,273.2,405500000.001
733,273.3,388800000.001
734,273.4,372955271.179
735,273.5,360100000.0
736,273.6,351900000.0
737,273.7,348600000.0
738,273.8,349600000.0
739,273.9,353689735.067
740,274.0,359600000.0
741,274.1,366300000.0
742,274.2,373700000.0
743,274.3,382431217.53
744,274.4,394199999.999
745,274.5,410999999.999
746,274.6,434799999.999
747,274.7,466899999.998
748,274.8,507833790.089
749,274.9,556599999.998
750,275.0,611599999.998
751,275.1,670299999.997
752,275.2,730089824.912
753,275.3,789299999.998
754,275.4,846799999.998
755,275.5,902899999.998
756,275.6,959199999.998
757,275.7,1017574501.168
758,275.8,1079999999.997
759,275.9,1147999999.997
760,276.0,1220999999.997
761,276.1,1296877882.818
762,276.2,1371999999.997
763,276.3,1441999999.997
764,276.4,1500999999.998
765,276.5,1543999999.999
766,276.6,1569753021.156
767,276.7,1578000000.0
768,276.8,1569000000.001
769,276.9,1546000000.001
770,277.0,1515734621.813
771,277.1,1482000000.002
772,277.2,1448000000.001
773,277.3,1417000000.001
774,277.4,1387000000.001
775,277.5,1355525922.15
776,277.6,1319000000.002
777,277.7,1273000000.002
778,277.8,1213000000.003
779,277.9,1140000000.004
780,278.0,1053002523.405
781,278.1,955000000.005
782,278.2,850500000.005
783,278.3,744800000.005
784,278.4,643279595.451
785,278.5,550800000.004
786,278.6,471900000.003
787,278.7,410200000.002
788,278.8,368500000.001
789,278.9,349116749.926
790,279.0,353399999.999
791,279.1,382199999.998
792,279.2,435199999.997
793,279.3,510912430.623
794,279.4,605899999.995
795,279.5,715799999.995
796,279.6,834299999.995
797,279.7,954199999.995
798,279.8,1068060664.627
799,279.9,1168999999.996
800,280.0,1250999999.997
801,280.1,1310999999.998
802,280.2,1347703750.135
803,280.3,1362000000.0
804,280.4,1356000000.001
805,280.5,1334000000.001
806,280.6,1299000000.002
807,280.7,1255085121.609
808,280.8,1204000000.003
809,280.9,1147000000.003
810,281.0,1086000000.003
811,281.1,1021837108.967
812,281.2,955200000.003
813,281.3,887200000.003
814,281.4,820300000.003
815,281.5,756800000.003
816,281.6,698820310.569
817,281.7,647800000.002
818,281.8,604700000.002
819,281.9,569200000.001
820,282.0,540192419.171
821,282.1,515900000.001
822,282.2,494400000.001
823,282.3,473900000.001
824,282.4,453200000.001
825,282.5,431700089.289
826,282.6,409500000.001
827,282.7,387100000.001
828,282.8,365800000.001
829,282.9,346600000.001
830,283.0,330914411.689
831,283.1,319800000.0
832,283.2,314100000.0
833,283.3,314300000.0
834,283.4,320595955.009
835,283.5,332999999.999
836,283.6,351499999.999
837,283.7,376099999.999
838,283.8,406799999.998
839,283.9,443845305.747
840,284.0,487199999.998
841,284.1,536699999.997
842,284.2,591999999.997
843,284.3,652370427.692
844,284.4,716299999.997
845,284.5,781999999.997
846,284.6,847199999.997
847,284.7,909099999.997
848,284.8,964768774.041
849,284.9,1010999999.998
850,285.0,1044999999.999
851,285.1,1064999999.999
852,285.2,1067268941.244
853,285.3,1052000000.001
854,285.4,1020000000.002
855,285.5,971200000.003
856,285.6,910400000.003
857,285.7,842115374.462
858,285.8,772200000.003
859,285.9,706800000.003
860,286.0,651300000.002
861,286.1,610166393.07
862,286.2,585300000.001
863,286.3,577400000.0
864,286.4,584699999.999
865,286.5,603899999.999
866,286.6,630985650.502
867,286.7,662399999.998
868,286.8,695199999.998
869,286.9,728499999.998
870,287.0,763398872.994
871,287.1,803699999.998
872,287.2,854199999.997
873,287.3,920999999.996
874,287.4,1009999999.995
875,287.5,1126707603.377
876,287.6,1272999999.992
877,287.7,1449999999.99
878,287.8,1658999999.989
879,287.9,1898999999.987
880,288.0,2169372259.468
881,288.1,2472999999.984
882,288.2,2813999999.982
883,288.3,3197999999.979
884,288.4,3630347364.013
885,288.5,4112999999.975
886,288.6,4643999999.972
887,288.7,5208999999.971
888,288.8,5786999999.971
889,288.9,6344067347.106
890,289.0,6838999999.977
891,289.1,7229999999.983
892,289.2,7478999999.992
893,289.3,7560894153.561
894,289.4,7474000000.009
895,289.5,7229000000.016
896,289.6,6866000000.021
897,289.7,6441000000.022
898,289.8,6021156681.685
899,289.9,5675000000.015
900,290.0,5466000000.006
901,290.1,5436999999.996
902,290.2,5611905482.172
903,290.3,5979999999.976
904,290.4,6514999999.969
905,290.5,7159999999.965
906,290.6,7842999999.965
907,290.7,8485670214.411
908,290.8,9016999999.977
909,290.9,9374999999.987
910,291.0,9526999999.998
911,291.1,9465900465.662
912,291.2,9225000000.016
913,291.3,8854000000.021
914,291.4,8429000000.022
915,291.5,8030000000.019
916,291.6,7735016427.454
917,291.7,7595000000.002
918,291.8,7644999999.992
919,291.9,7880999999.983
920,292.0,8267299168.383
921,292.1,8737999999.974
922,292.2,9217999999.976
923,292.3,9623999999.982
924,292.4,9881999999.992
925,292.5,9936491105.837
926,292.6,9768000000.015
927,292.7,9374000000.026
928,292.8,8787000000.035
929,292.9,8057000000.041
930,293.0,7247275244.772
931,293.1,6418000000.044
932,293.2,5626000000.04
933,293.3,4918000000.035
934,293.4,4323172057.859
935,293.5,3855000000.021
936,293.6,3520000000.014
937,293.7,3309000000.008
938,293.8,3206000000.003
939,293.9,3187975593.456
940,294.0,3229999999.997
941,294.1,3305999999.996
942,294.2,3387999999.996
943,294.3,3457166941.465
944,294.4,3498999999.999
945,294.5,3502000000.001
946,294.6,3465000000.003
947,294.7,3391000000.005
948,294.8,3286287597.3
949,294.9,3158000000.007
950,295.0,3013000000.008
951,295.1,2857000000.009
952,295.2,2694649194.893
953,295.3,2527000000.009
954,295.4,2355000000.009
955,295.5,2182000000.009
956,295.6,2010000000.009
957,295.7,1844628078.801
958,295.8,1693000000.008
959,295.9,1562000000.006
960,296.0,1458000000.005
961,296.1,1388802180.471
962,296.2,1357000000.001
963,296.3,1362999999.999
964,296.4,1403999999.997
965,296.5,1473999999.996
966,296.6,1564189326.546
967,296.7,1664999999.994
968,296.8,1766999999.995
969,296.9,1861999999.995
970,297.0,1944329384.317
971,297.1,2009999999.997
972,297.2,2055999999.998
973,297.3,2081999999.999
974,297.4,2088000000.0
975,297.5,2073568220.875
976,297.6,2039000000.002
977,297.7,1985000000.003
978,297.8,1913000000.004
979,297.9,1825000000.005
980,298.0,1725065434.832
981,298.1,1618000000.006
982,298.2,1509000000.006
983,298.3,1404000000.006
984,298.4,1306752052.518
985,298.5,1220000000.004
986,298.6,1146000000.004
987,298.7,1085000000.003
988,298.8,1036000000.002
989,298.9,1000877383.87
990,299.0,980100000.001
991,299.1,974100000.0
992,299.2,985499999.999
993,299.3,1016841580.371
994,299.4,1068999999.996
995,299.5,1141999999.995
996,299.6,1233999999.994
997,299.7,1340999999.994
998,299.8,1453784858.784
999,299.9,1563999999.994
1000,300.0,1662999999.995
1001,300.1,1739999999.996
1002,300.2,1789264523.396
1003,300.3,1809000000.0
1004,300.4,1799000000.001
1005,300.5,1764000000.003
1006,300.6,1714000000.003
1007,300.7,1658202725.78
1008,300.8,1606000000.003
1009,300.9,1566000000.002
1010,301.0,1543000000.001
1011,301.1,1539408701.99
1012,301.2,1550999999.999
1013,301.3,1571999999.999
1014,301.4,1595999999.999
1015,301.5,1612999999.999
1016,301.6,1615773462.678
1017,301.7,1600000000.002
1018,301.8,1563000000.003
1019,301.9,1507000000.004
1020,302.0,1437674398.437
1021,302.1,1364000000.004
1022,302.2,1296000000.004
1023,302.3,1244000000.002
1024,302.4,1216000000.001
1025,302.5,1221895283.99
1026,302.6,1263999999.996
1027,302.7,1341999999.994
1028,302.8,1452999999.993
1029,302.9,1588999999.992
1030,303.0,1737154585.614
1031,303.1,1883999999.992
1032,303.2,2015999999.993
1033,303.3,2119999999.995
1034,303.4,2187697820.089
1035,303.5,2215000000.0
1036,303.6,2201000000.002
1037,303.7,2154000000.004
1038,303.8,2084000000.005
1039,303.9,2003905917.35
1040,304.0,1927000000.004
1041,304.1,1866000000.003
1042,304.2,1831000000.001
1043,304.3,1827119100.228
1044,304.4,1853999999.998
1045,304.5,1908999999.996
1046,304.6,1984999999.995
1047,304.7,2072999999.995
1048,304.8,2161114978.578
1049,304.9,2238999999.996
1050,305.0,2297999999.997
1051,305.1,2332999999.999
1052,305.2,2338737006.01
1053,305.3,2317000000.002
1054,305.4,2272000000.003
1055,305.5,2210000000.004
1056,305.6,2139000000.004
1057,305.7,2068392935.244
1058,305.8,2006000000.003
1059,305.9,1958000000.002
1060,306.0,1926000000.001
1061,306.1,1909244466.142
1062,306.2,1902000000.0
1063,306.3,1897000000.0
1064,306.4,1886000000.001
1065,306.5,1861000000.002
1066,306.6,1814681455.233
1067,306.7,1744000000.005
1068,306.8,1648000000.007
1069,306.9,1530000000.008
1070,307.0,1396042025.625
1071,307.1,1254000000.009
1072,307.2,1112000000.008
1073,307.3,978000000.008
1074,307.4,860500000.007
1075,307.5,765837065.93
1076,307.6,699300000.003
1077,307.7,666000000.001
1078,307.8,671199999.998
1079,307.9,721799999.995
1080,308.0,826082747.202
1081,308.1,994999999.987
1082,308.2,1240999999.982
1083,308.3,1578999999.976
1084,308.4,2020138187.825
1085,308.5,2570999999.963
1086,308.6,3234999999.955
1087,308.7,4003999999.949
1088,308.8,4856999999.945
1089,308.9,5765069563.139
1090,309.0,6686999999.943
1091,309.1,7578999999.946
1092,309.2,8397999999.952
1093,309.3,9103890784.161
1094,309.4,9675999999.969
1095,309.5,10099999999.978
1096,309.6,10369999999.988
1097,309.7,10499999999.995
1098,309.8,10525165456.635
1099,309.9,10460000000.007
1100,310.0,10320000000.01
1101,310.1,10140000000.012
1102,310.2,9922347742.317
1103,310.3,9681000000.016
1104,310.4,9433000000.016
1105,310.5,9186000000.015
1106,310.6,8950000000.014
1107,310.7,8734515810.198
1108,310.8,8548000000.011
1109,310.9,8397000000.008
1110,311.0,8282000000.006
1111,311.1,8203712591.84
1112,311.2,8157000000.002
1113,311.3,8136000000.001
1114,311.4,8136999999.999
1115,311.5,8151999999.999
1116,311.6,8177306788.505
1117,311.7,8208999999.998
1118,311.8,8241999999.998
1119,311.9,8268999999.999
1120,312.0,8283424440.543
1121,312.1,8276000000.001
1122,312.2,8237000000.004
1123,312.3,8158000000.007
1124,312.4,8031000000.01
1125,312.5,7851493062.669
1126,312.6,7620000000.017
1127,312.7,7340000000.019
1128,312.8,7021000000.022
1129,312.9,6671000000.023
1130,313.0,6304698624.406
1131,313.1,5935000000.024
1132,313.2,5573000000.023
1133,313.3,5227000000.022
1134,313.4,4904308914.466
1135,313.5,4606000000.019
1136,313.6,4331000000.017
1137,313.7,4076000000.016
1138,313.8,3836000000.015
1139,313.9,3604988523.724
1140,314.0,3377000000.015
1141,314.1,3147000000.015
1142,314.2,2913000000.015
1143,314.3,2673266393.691
1144,314.4,2430000000.016
1145,314.5,2186000000.016
1146,314.6,1944000000.016
1147,314.7,1712000000.015
1148,314.8,1493238249.588
1149,314.9,1292000000.012
1150,315.0,1113000000.011
1151,315.1,959100000.009
1152,315.2,830188784.472
1153,315.3,725600000.006
1154,315.4,644400000.005
1155,315.5,584400000.003
1156,315.6,542900000.002
1157,315.7,517270816.471
1158,315.8,504800000.0
1159,315.9,502700000.0
1160,316.0,508099999.999
1161,316.1,518390975.422
1162,316.2,530799999.999
1163,316.3,542599999.999
1164,316.4,551500000.0
1165,316.5,555400000.0
1166,316.6,552852601.576
1167,316.7,543600000.001
1168,316.8,527900000.001
1169,316.9,507200000.001
1170,317.0,484296737.887
1171,317.1,463100000.001
1172,317.2,448100000.001
1173,317.3,445200000.0
1174,317.4,460699999.998
1175,317.5,501327850.175
1176,317.6,573999999.994
1177,317.7,685299999.991
1178,317.8,840499999.988
1179,317.9,1043999999.985
1180,318.0,1295945325.735
1181,318.1,1592999999.979
1182,318.2,1929999999.976
1183,318.3,2295999999.975
1184,318.4,2674268782.266
1185,318.5,3044999999.976
1186,318.6,3386999999.978
1187,318.7,3676999999.983
1188,318.8,3895999999.988
1189,318.9,4026580728.627
1190,319.0,4060000000.001
1191,319.1,3992000000.008
1192,319.2,3828000000.014
1193,319.3,3580585543.545
1194,319.4,3268000000.023
1195,319.5,2911000000.025
1196,319.6,2534000000.026
1197,319.7,2157000000.025
1198,319.8,1800418150.881
1199,319.9,1478000000.021
1200,320.0,1200000000.017
1201,320.1,970300000.014
1202,320.2,789890837.755
1203,320.3,655800000.008
1204,320.4,563600000.005
1205,320.5,507100000.003
1206,320.6,480200000.001
1207,320.7,476677803.654
1208,320.8,491299999.998
1209,320.9,519199999.998
1210,321.0,555999999.997
1211,321.1,597959500.986
1212,321.2,641199999.997
1213,321.3,681899999.997
1214,321.4,716699999.998
1215,321.5,742199999.999
1216,321.6,755556320.572
1217,321.7,755300000.001
1218,321.8,740600000.002
1219,321.9,712100000.002
1220,322.0,671936998.816
1221,322.1,623600000.004
1222,322.2,571000000.004
1223,322.3,518600000.004
1224,322.4,470900000.003
1225,322.5,431817546.558
1226,322.6,404000000.001
1227,322.7,389400000.001
1228,322.8,388300000.0
1229,322.9,399999999.999
1230,323.0,422636830.496
1231,323.1,453299999.998
1232,323.2,488799999.997
1233,323.3,525599999.997
1234,323.4,560040306.124
1235,323.5,589199999.998
1236,323.6,610599999.999
1237,323.7,622899999.999
1238,323.8,625900000.0
1239,323.9,620672611.435
1240,324.0,609600000.001
1241,324.1,595600000.001
1242,324.2,582600000.001
1243,324.3,574500902.968
1244,324.4,574500000.0
1245,324.5,585299999.999
1246,324.6,608099999.998
1247,324.7,642699999.997
1248,324.8,687359329.797
1249,324.9,739099999.996
1250,325.0,794599999.996
1251,325.1,850199999.996
1252,325.2,902962238.732
1253,325.3,952099999.997
1254,325.4,997999999.997
1255,325.5,1043999999.997
1256,325.6,1095999999.996
1257,325.7,1162704153.836
1258,325.8,1253999999.992
1259,325.9,1379999999.989
1260,326.0,1550999999.986
1261,326.1,1775722504.061
1262,326.2,2057999999.978
1263,326.3,2398999999.973
1264,326.4,2793999999.97
1265,326.5,3234999999.967
1266,326.6,3706535001.701
1267,326.7,4189999999.965
1268,326.8,4665999999.966
1269,326.9,5112999999.97
1270,327.0,5508744063.079
1271,327.1,5834999999.979
1272,327.2,6075999999.986
1273,327.3,6221999999.993
1274,327.4,6267000000.001
1275,327.5,6208356560.461
1276,327.6,6051000000.015
1277,327.7,5803000000.021
1278,327.8,5477000000.026
1279,327.9,5086000000.03
1280,328.0,4648451274.953
1281,328.1,4182000000.035
1282,328.2,3704000000.035
1283,328.3,3232000000.034
1284,328.4,2779207112.646
1285,328.5,2357000000.029
1286,328.6,1975000000.026
1287,328.7,1637000000.023
1288,328.8,1346000000.02
1289,328.9,1100554779.862
1290,329.0,897400000.013
1291,329.1,732800000.011
1292,329.2,601700000.009
1293,329.3,498633802.591
1294,329.4,418600000.005
1295,329.5,356800000.004
1296,329.6,308900000.003
1297,329.7,271400000.002
1298,329.8,241391075.361
1299,329.9,216700000.002
1300,330.0,195500000.001
1301,330.1,176700000.001
1302,330.2,159600293.609
1303,330.3,144000000.001
1304,330.4,129900000.001
1305,330.5,117600000.001
1306,330.6,107400000.001
1307,330.7,99697485.01
1308,330.8,94670000.0
1309,330.9,92390000.0
1310,331.0,92750000.0
1311,331.1,95443035.527
1312,331.2,99950000.0
1313,331.3,105700000.0
1314,331.4,112100000.0
1315,331.5,118500000.0
1316,331.6,124116478.774
1317,331.7,128500000.0
1318,331.8,131300000.0
1319,331.9,132200000.0
1320,332.0,131075360.336
1321,332.1,128100000.0
1322,332.2,123500000.0
1323,332.3,117500000.0
1324,332.4,110600000.001
1325,332.5,103538212.773
1326,332.6,96870000.0
1327,332.7,91100000.0
1328,332.8,86750000.0
1329,332.9,84230000.0
1330,333.0,83763954.987
1331,333.1,85360000.0
1332,333.2,88930000.0
1333,333.3,94180000.0
1334,333.4,100709126.088
1335,333.5,107999999.999
1336,333.6,115599999.999
1337,333.7,123299999.999
1338,333.8,130699999.999
1339,333.9,138103677.059
1340,334.0,145899999.999
1341,334.1,154599999.999
1342,334.2,165299999.999
1343,334.3,179113871.119
1344,334.4,197099999.998
1345,334.5,220299999.998
1346,334.6,249499999.998
1347,334.7,284699999.997
1348,334.8,325674162.319
1349,334.9,371099999.996
1350,335.0,419299999.996
1351,335.1,468199999.996
1352,335.2,515164207.878
1353,335.3,557699999.997
1354,335.4,593499999.998
1355,335.5,620899999.998
1356,335.6,639099999.999
1357,335.7,647805438.83
1358,335.8,648000000.0
1359,335.9,641100000.001
1360,336.0,629100000.001
1361,336.1,614478340.688
1362,336.2,599300000.001
1363,336.3,585500000.001
1364,336.4,574700000.001
1365,336.5,567300000.0
1366,336.6,563483452.874
1367,336.7,562300000.0
1368,336.8,562400000.0
1369,336.9,562000000.0
1370,337.0,559018901.391
1371,337.1,551700000.001
1372,337.2,538500000.001
1373,337.3,518500000.002
1374,337.4,491600000.002
1375,337.5,458129387.77
1376,337.6,419200000.003
1377,337.7,376300000.003
1378,337.8,331500000.004
1379,337.9,286500000.003
1380,338.0,243031050.274
1381,338.1,202500000.003
1382,338.2,166100000.003
1383,338.3,134500000.002
1384,338.4,107920906.856
1385,338.5,86230000.002
1386,338.6,69170000.001
1387,338.7,56250000.001
1388,338.8,46840000.001
1389,338.9,40322313.471
1390,339.0,36100000.0
1391,339.1,33600000.0
1392,339.2,32340000.0
1393,339.3,31913741.981
1394,339.4,32020000.0
1395,339.5,32410000.0
1396,339.6,32940000.0
1397,339.7,33480000.0
1398,339.8,33954197.277
1399,339.9,34300000.0
1400,340.0,34460000.0
1401,340.1,34390000.0
1402,340.2,34021009.366
1403,340.3,33310000.0
1404,340.4,32220000.0
1405,340.5,30720000.0
1406,340.6,28840000.0
1407,340.7,26613013.819
1408,340.8,24110000.0
1409,340.9,21420000.0
1410,341.0,18660000.0
1411,341.1,15948187.796
1412,341.2,13380000.0
1413,341.3,11040000.0
1414,341.4,8987000.0
1415,341.5,7252000.0
1416,341.6,5843210.377
1417,341.7,4738000.0
1418,341.8,3904000.0
1419,341.9,3297000.0
1420,342.0,2867095.632
1421,342.1,2568000.0
1422,342.2,2356000.0
1423,342.3,2195000.0
1424,342.4,2059000.0
1425,342.5,1929307.076
1426,342.6,1797000.0
1427,342.7,1657000.0
1428,342.8,1511000.0
1429,342.9,1364000.0
1430,343.0,1222386.378
1431,343.1,1095000.0
1432,343.2,990600.0
1433,343.3,915600.0
1434,343.4,876891.972
1435,343.5,880900.0
1436,343.6,933800.0
1437,343.7,1043000.0
1438,343.8,1221000.0
1439,343.9,1482575.366
1440,344.0,1854000.0
1441,344.1,2368000.0
1442,344.2,3072000.0
1443,344.3,4022921.103
1444,344.4,5288000.0
1445,344.5,6938000.0
1446,344.6,9042000.0
1447,344.7,11650000.0
1448,344.8,14806578.832
1449,344.9,18480000.0
1450,345.0,22610000.0
1451,345.1,27090000.0
1452,345.2,31739145.432
1453,345.3,36320000.0
1454,345.4,40580000.0
1455,345.5,44250000.0
1456,345.6,47070000.0
1457,345.7,48835715.324
1458,345.8,49430000.0
1459,345.9,48780000.0
1460,346.0,46930000.0
1461,346.1,44031460.646
1462,346.2,40290000.0
1463,346.3,35940000.0
1464,346.4,31280000.0
1465,346.5,26570000.0
1466,346.6,22051462.633
1467,346.7,17920000.0
1468,346.8,14340000.0
1469,346.9,11400000.0
1470,347.0,9163747.266
1471,347.1,7657000.0
1472,347.2,6893000.0
1473,347.3,6874000.0
1474,347.4,7598000.0
1475,347.5,9059047.627
1476,347.6,11260000.0
1477,347.7,14190000.0
1478,347.8,17790000.0
1479,347.9,22030000.0
1480,348.0,26807688.965
1481,348.1,32010000.0
1482,348.2,37520000.0
1483,348.3,43200000.0
1484,348.4,48944712.164
1485,348.5,54700000.0
1486,348.6,60440000.0
1487,348.7,66220000.0
1488,348.8,72169999.999
1489,348.9,78476608.258
1490,349.0,85369999.999
1491,349.1,93079999.999
1492,349.2,101799999.999
1493,349.3,111675152.935
1494,349.4,122699999.999
1495,349.5,134799999.999
1496,349.6,147799999.999
1497,349.7,161499999.999
1498,349.8,175421342.309
1499,349.9,189299999.999
1500,350.0,202899999.999
1501,350.1,215899999.999
1502,350.2,228400481.974
1503,350.3,240699999.999
1504,350.4,253199999.999
1505,350.5,266699999.999
1506,350.6,282299999.999
1507,350.7,300905866.529
1508,350.8,323399999.998
1509,350.9,350599999.997
1510,351.0,382899999.997
1511,351.1,419999615.016
1512,351.2,460899999.996
1513,351.3,504299999.996
1514,351.4,548199999.996
1515,351.5,590199999.997
1516,351.6,628029847.924
1517,351.7,659699999.998
1518,351.8,683499999.998
1519,351.9,698599999.999
1520,352.0,704713430.742
1521,352.1,702700000.0
1522,352.2,693800000.001
1523,352.3,679700000.001
1524,352.4,662400000.002
1525,352.5,643763109.022
1526,352.6,625200000.002
1527,352.7,607900000.001
1528,352.8,592500000.001
1529,352.9,579100000.001
1530,353.0,567524672.077
1531,353.1,557400000.001
1532,353.2,548400000.001
1533,353.3,540500000.001
1534,353.4,533641134.096
1535,353.5,528100000.0
1536,353.6,524400000.0
1537,353.7,523400000.0
1538,353.8,525300000.0
1539,353.9,530774778.58
1540,354.0,539899999.999
1541,354.1,552499999.999
1542,354.2,568199999.999
1543,354.3,586499343.427
1544,354.4,606999999.998
1545,354.5,629399999.998
1546,354.6,653699999.998
1547,354.7,680199999.998
1548,354.8,709367305.624
1549,354.9,741599999.997
1550,355.0,777199999.997
1551,355.1,816099999.996
1552,355.2,857613299.596
1553,355.3,900199999.996
1554,355.4,941999999.996
1555,355.5,980699999.997
1556,355.6,1013999999.997
1557,355.7,1039518936.216
1558,355.8,1055999999.999
1559,355.9,1063000000.0
1560,356.0,1062000000.0
1561,356.1,1054819526.376
1562,356.2,1044000000.001
1563,356.3,1033000000.001
1564,356.4,1027000000.0
1565,356.5,1028000000.0
1566,356.6,1038626355.71
1567,356.7,1058999999.998
1568,356.8,1088999999.997
1569,356.9,1128999999.996
1570,357.0,1173934608.559
1571,357.1,1219999999.996
1572,357.2,1263999999.996
1573,357.3,1301999999.997
1574,357.4,1329999999.998
1575,357.5,1347212820.559
1576,357.6,1352000000.0
1577,357.7,1344000000.001
1578,357.8,1328000000.002
1579,357.9,1305000000.002
1580,358.0,1280141042.778
1581,358.1,1258000000.002
1582,358.2,1242000000.001
1583,358.3,1234000000.0
1584,358.4,1237379456.346
1585,358.5,1250999999.998
1586,358.6,1272999999.998
1587,358.7,1301999999.997
1588,358.8,1330999999.997
1589,358.9,1356997807.803
1590,359.0,1373999999.999
1591,359.1,1376000000.001
1592,359.2,1361000000.002
1593,359.3,1326096653.259
1594,359.4,1271000000.006
1595,359.5,1197000000.007
1596,359.6,1108000000.009
1597,359.7,1008000000.009
1598,359.8,903515075.686
1599,359.9,800600000.009
1600,360.0,705000000.008
1601,360.1,622300000.007
1602,360.2,557019737.587
1603,360.3,512100000.003
1604,360.4,489700000.001
1605,360.5,490099999.999
1606,360.6,512299999.997
1607,360.7,553882223.534
1608,360.8,610999999.994
1609,360.9,679299999.993
1610,361.0,753499999.993
1611,361.1,827887484.922
1612,361.2,897199999.994
1613,361.3,956299999.995
1614,361.4,1000999999.997
1615,361.5,1029999999.998
1616,361.6,1040170348.304
1617,361.7,1033000000.001
1618,361.8,1011000000.003
1619,361.9,976100000.004
1620,362.0,933431957.74
1621,362.1,887400000.004
1622,362.2,842000000.004
1623,362.3,801100000.003
1624,362.4,767500000.003
1625,362.5,742791766.593
1626,362.6,727200000.001
1627,362.7,720300000.0
1628,362.8,720300000.0
1629,362.9,725099999.999
1630,363.0,732373009.201
1631,363.1,740099999.999
1632,363.2,746500000.0
1633,363.3,750500000.0
1634,363.4,751870686.017
1635,363.5,750900000.0
1636,363.6,748100000.0
1637,363.7,744400000.0
1638,363.8,740400000.0
1639,363.9,736453758.972
1640,364.0,732400000.0
1641,364.1,727800000.0
1642,364.2,721600000.001
1643,364.3,712549167.019
1644,364.4,699500000.001
1645,364.5,681400000.002
1646,364.6,657600000.003
1647,364.7,628100000.003
1648,364.8,593209372.907
1649,364.9,553900000.004
1650,365.0,511400000.004
1651,365.1,467300000.004
1652,365.2,423241988.722
1653,365.3,380700000.004
1654,365.4,341000000.004
1655,365.5,305100000.003
1656,365.6,273900000.003
1657,365.7,247663181.606
1658,365.8,226500000.002
1659,365.9,210400000.001
1660,366.0,198900000.001
1661,366.1,191553951.117
1662,366.2,187700000.0
1663,366.3,186600000.0
1664,366.4,187500000.0
1665,366.5,189700000.0
1666,366.6,192459452.536
1667,366.7,195100000.0
1668,366.8,197000000.0
1669,366.9,197700000.0
1670,367.0,196884644.306
1671,367.1,194400000.0
1672,367.2,190200000.0
1673,367.3,184500000.001
1674,367.4,177500000.001
1675,367.5,169497874.995
1676,367.6,161000000.001
1677,367.7,152500000.001
1678,367.8,144300000.001
1679,367.9,136800000.001
1680,368.0,130305291.972
1681,368.1,125100000.0
1682,368.2,121400000.0
1683,368.3,119200000.0
1684,368.4,118625305.88
1685,368.5,119600000.0
1686,368.6,122000000.0
1687,368.7,125800000.0
1688,368.8,130999999.999
1689,368.9,137340209.064
1690,369.0,144699999.999
1691,369.1,152999999.999
1692,369.2,162099999.999
1693,369.3,171831160.924
1694,369.4,181999999.999
1695,369.5,192399999.999
1696,369.6,202799999.999
1697,369.7,212999999.999
1698,369.8,222850314.005
1699,369.9,232099999.999
1700,370.0,240599999.999
1701,370.1,248599999.999
1702,370.2,256074106.773
1703,370.3,263299999.999
1704,370.4,270699999.999
1705,370.5,278799999.999
1706,370.6,287999999.999
1707,370.7,298680572.316
1708,370.8,311199999.999
1709,370.9,325799999.998
1710,371.0,342299999.998
1711,371.1,360431503.717
1712,371.2,379799999.998
1713,371.3,399899999.998
1714,371.4,419999999.998
1715,371.5,439599999.998
1716,371.6,458331637.466
1717,371.7,476099999.998
1718,371.8,492899999.998
1719,371.9,508899999.998
1720,372.0,524590960.192
1721,372.1,540299999.998
1722,372.2,556299999.998
1723,372.3,572799999.998
1724,372.4,589599999.998
1725,372.5,606243038.56
1726,372.6,621799999.999
1727,372.7,635299999.999
1728,372.8,645899999.999
1729,372.9,652300000.0
1730,373.0,653664388.322
1731,373.1,649600000.001
1732,373.2,639900000.001
1733,373.3,624900000.002
1734,373.4,605499129.341
1735,373.5,582900000.002
1736,373.6,558500000.002
1737,373.7,534100000.002
1738,373.8,511100000.002
1739,373.9,491112314.871
1740,374.0,475100000.001
1741,374.1,463700000.001
1742,374.2,457000000.0
1743,374.3,454667622.425
1744,374.4,455800000.0
1745,374.5,459200000.0
1746,374.6,463200000.0
1747,374.7,466500000.0
1748,374.8,467434561.846
1749,374.9,464800000.0
1750,375.0,457700000.001
1751,375.1,445800000.001
1752,375.2,428961572.25
1753,375.3,407700000.002
1754,375.4,382800000.003
1755,375.5,355400000.003
1756,375.6,326700000.003
1757,375.7,298232835.489
1758,375.8,271200000.003
1759,375.9,246700000.002
1760,376.0,225800000.002
1761,376.1,209190949.5
1762,376.2,197100000.001
1763,376.3,189600000.001
1764,376.4,186500000.0
1765,376.5,187300000.0
1766,376.6,191106578.433
1767,376.7,197099999.999
1768,376.8,204399999.999
1769,376.9,211799999.999
1770,377.0,218374367.56
1771,377.1,223400000.0
1772,377.2,226200000.0
1773,377.3,226300000.0
1774,377.4,223700000.0
1775,377.5,218350586.207
1776,377.6,210500000.001
1777,377.7,200600000.001
1778,377.8,189400000.001
1779,377.9,177300000.001
1780,378.0,165015046.052
1781,378.1,153000000.001
1782,378.2,141600000.001
1783,378.3,131100000.001
1784,378.4,121644639.011
1785,378.5,113200000.001
1786,378.6,105700000.001
1787,378.7,99060000.001
1788,378.8,93050000.001
1789,378.9,87510238.282
1790,379.0,82300000.001
1791,379.1,77300000.001
1792,379.2,72480000.0
1793,379.3,67824670.347
1794,379.4,63390000.0
1795,379.5,59260000.0
1796,379.6,55550000.0
1797,379.7,52380000.0
1798,379.8,49887561.029
1799,379.9,48210000.0
1800,380.0,47470000.0
1801,380.1,47750000.0
1802,380.2,49153494.922
1803,380.3,51730000.0
1804,380.4,55500000.0
1805,380.5,60429999.999
1806,380.6,66449999.999
1807,380.7,73438043.621
1808,380.8,81169999.999
1809,380.9,89389999.999
1810,381.0,97789999.999
1811,381.1,105980450.413
1812,381.2,113599999.999
1813,381.3,120299999.999
1814,381.4,125700000.0
1815,381.5,129400000.0
1816,381.6,131367727.354
1817,381.7,131500000.0
1818,381.8,129700000.0
1819,381.9,126100000.0
1820,382.0,120969337.377
1821,382.1,114600000.001
1822,382.2,107300000.001
1823,382.3,99440000.001
1824,382.4,91400000.001
1825,382.5,83517982.599
1826,382.6,76060000.001
1827,382.7,69270000.001
1828,382.8,63350000.001
1829,382.9,58420000.0
1830,383.0,54566395.054
1831,383.1,51820000.0
1832,383.2,50190000.0
1833,383.3,49650000.0
1834,383.4,50140800.408
1835,383.5,51570000.0
1836,383.6,53830000.0
1837,383.7,56780000.0
1838,383.8,60260000.0
1839,383.9,64085846.604
1840,384.0,68080000.0
1841,384.1,72070000.0
1842,384.2,75890000.0
1843,384.3,79386998.5
1844,384.4,82460000.0
1845,384.5,85030000.0
1846,384.6,87060000.0
1847,384.7,88550000.0
1848,384.8,89519303.805
1849,384.9,90010000.0
1850,385.0,90070000.0
1851,385.1,89750000.0
1852,385.2,89097646.589
1853,385.3,88140000.0
1854,385.4,86900000.0
1855,385.5,85400000.0
1856,385.6,83650000.0
1857,385.7,81682863.287
1858,385.8,79540000.0
1859,385.9,77280000.0
1860,386.0,75020000.0
1861,386.1,72874744.436
1862,386.2,71010000.0
1863,386.3,69610000.0
1864,386.4,68870000.0
1865,386.5,68980000.0
1866,386.6,70127861.196
1867,386.7,72440000.0
1868,386.8,76010000.0
1869,386.9,80849999.999
1870,387.0,86877945.702
1871,387.1,93939999.999
1872,387.2,101799999.999
1873,387.3,109999999.999
1874,387.4,118199999.999
1875,387.5,126004910.613
1876,387.6,132899999.999
1877,387.7,138400000.0
1878,387.8,142200000.0
1879,387.9,144000000.0
1880,388.0,143838952.093
1881,388.1,141800000.0
1882,388.2,138000000.0
1883,388.3,132800000.001
1884,388.4,126822111.334
1885,388.5,120700000.001
1886,388.6,115000000.001
1887,388.7,110200000.0
1888,388.8,107100000.0
1889,388.9,106006413.948
1890,389.0,107200000.0
1891,389.1,110899999.999
1892,389.2,116999999.999
1893,389.3,125425272.451
1894,389.4,135699999.999
1895,389.5,147299999.999
1896,389.6,159799999.999
1897,389.7,172299999.999
1898,389.8,184246758.068
1899,389.9,195099999.999
1900,390.0,204299999.999
1901,390.1,211399999.999
1902,390.2,216245297.546
1903,390.3,218800000.0
1904,390.4,219100000.0
1905,390.5,217400000.0
1906,390.6,214000000.0
1907,390.7,209352046.378
1908,390.8,203800000.001
1909,390.9,197700000.001
1910,391.0,191500000.001
1911,391.1,185267121.679
1912,391.2,179100000.001
1913,391.3,173100000.001
1914,391.4,167200000.001
1915,391.5,161200000.001
1916,391.6,154977567.755
1917,391.7,148500000.001
1918,391.8,141700000.001
1919,391.9,134400000.001
1920,392.0,126726279.583
1921,392.1,118800000.001
1922,392.2,110700000.001
1923,392.3,102500000.001
1924,392.4,94460000.001
1925,392.5,86704938.037
1926,392.6,79350000.001
1927,392.7,72510000.001
1928,392.8,66250000.001
1929,392.9,60600000.001
1930,393.0,55572805.241
1931,393.1,51160000.0
1932,393.2,47350000.0
1933,393.3,44140000.0
1934,393.4,41540543.534
1935,393.5,39580000.0
1936,393.6,38300000.0
1937,393.7,37780000.0
1938,393.8,38110000.0
1939,393.9,39373759.919
1940,394.0,41650000.0
1941,394.1,45000000.0
1942,394.2,49419999.999
1943,394.3,54870832.23
1944,394.4,61219999.999
1945,394.5,68289999.999
1946,394.6,75809999.999
1947,394.7,83449999.999
1948,394.8,90836427.835
1949,394.9,97549999.999
1950,395.0,103199999.999
1951,395.1,107500000.0
1952,395.2,110089961.519
1953,395.3,110900000.0
1954,395.4,109900000.0
1955,395.5,107000000.0
1956,395.6,102500000.001
1957,395.7,96673873.506
1958,395.8,89910000.001
1959,395.9,82640000.001
1960,396.0,75300000.001
1961,396.1,68288465.732
1962,396.2,61950000.001
1963,396.3,56590000.001
1964,396.4,52390000.0
1965,396.5,49440000.0
1966,396.6,47750707.595
1967,396.7,47210000.0
1968,396.8,47660000.0
1969,396.9,48870000.0
1970,397.0,50577211.261
1971,397.1,52510000.0
1972,397.2,54400000.0
1973,397.3,56010000.0
1974,397.4,57160000.0
1975,397.5,57714308.222
1976,397.6,57630000.0
1977,397.7,56900000.0
1978,397.8,55590000.0
1979,397.9,53850000.0
1980,398.0,51829268.819
1981,398.1,49720000.0
1982,398.2,47720000.0
1983,398.3,46000000.0
1984,398.4,44722543.666
1985,398.5,44020000.0
1986,398.6,44000000.0
1987,398.7,44710000.0
1988,398.8,46200000.0
1989,398.9,48494469.501
1990,399.0,51610000.0
1991,399.1,55560000.0
1992,399.2,60349999.999
1993,399.3,65996931.506
1994,399.4,72499999.999
1995,399.5,79849999.999
1996,399.6,88009999.999
1997,399.7,96879999.999
1998,399.8,106333835.351
1999,399.9,116099999.999
2000,400.0,125899999.999
2001,400.1,135499999.999
2002,400.2,144423754.491
2003,400.3,152299999.999
2004,400.4,158799999.999
2005,400.5,163600000.0
2006,400.6,166500000.0
2007,400.7,167500353.374
2008,400.8,166600000.0
2009,400.9,163900000.0
2010,401.0,159900000.001
2011,401.1,154995436.81
2012,401.2,149600000.001
2013,401.3,144200000.001
2014,401.4,139400000.001
2015,401.5,135500000.0
2016,401.6,132752755.242
2017,401.7,131300000.0
2018,401.8,131200000.0
2019,401.9,132300000.0
2020,402.0,134345479.278
2021,402.1,137000000.0
2022,402.2,139900000.0
2023,402.3,142700000.0
2024,402.4,145200000.0
2025,402.5,147069350.538
2026,402.6,148100000.0
2027,402.7,148200000.0
2028,402.8,147500000.0
2029,402.9,146000000.0
2030,403.0,143793912.283
2031,403.1,140900000.0
2032,403.2,137400000.0
2033,403.3,133600000.0
2034,403.4,129365358.967
2035,403.5,124700000.001
2036,403.6,119700000.001
2037,403.7,114500000.001
2038,403.8,109100000.001
2039,403.9,103507132.538
2040,404.0,97850000.001
2041,404.1,92280000.001
2042,404.2,86930000.001
2043,404.3,81949538.747
2044,404.4,77470000.0
2045,404.5,73610000.0
2046,404.6,70450000.0
2047,404.7,68010000.0
2048,404.8,66269467.336
2049,404.9,65150000.0
2050,405.0,64550000.0
2051,405.1,64330000.0
2052,405.2,64342884.737
2053,405.3,64440000.0
2054,405.4,64480000.0
2055,405.5,64360000.0
2056,405.6,64010000.0
2057,405.7,63365028.341
2058,405.8,62400000.0
2059,405.9,61110000.0
2060,406.0,59520000.0
2061,406.1,57638985.501
2062,406.2,55490000.0
2063,406.3,53100000.0
2064,406.4,50490000.0
2065,406.5,47680000.0
2066,406.6,44693520.618
2067,406.7,41570000.0
2068,406.8,38350000.0
2069,406.9,35070000.0
2070,407.0,31793368.355
2071,407.1,28590000.0
2072,407.2,25530000.0
2073,407.3,22690000.0
2074,407.4,20160000.0
2075,407.5,18011279.04
2076,407.6,16310000.0
2077,407.7,15120000.0
2078,407.8,14490000.0
2079,407.9,14450000.0
2080,408.0,15033543.806
2081,408.1,16250000.0
2082,408.2,18100000.0
2083,408.3,20570000.0
2084,408.4,23618684.544
2085,408.5,27210000.0
2086,408.6,31299999.999
2087,408.7,35809999.999
2088,408.8,40679999.999
2089,408.9,45831221.255
2090,409.0,51189999.999
2091,409.1,56689999.999
2092,409.2,62279999.999
2093,409.3,67915381.855
2094,409.4,73579999.999
2095,409.5,79269999.999
2096,409.6,84999999.999
2097,409.7,90789999.999
2098,409.8,96676664.73
2099,409.9,102699999.999
2100,410.0,108899999.999
2101,410.1,115299999.999
2102,410.2,121853510.044
2103,410.3,128499999.999
2104,410.4,135199999.999
2105,410.5,141899999.999
2106,410.6,148299999.999
2107,410.7,154374534.82
2108,410.8,159899999.999
2109,410.9,164599999.999
2110,411.0,168300000.0
2111,411.1,170868652.772
2112,411.2,172200000.0
2113,411.3,172200000.0
2114,411.4,170800000.0
2115,411.5,168000000.0
2116,411.6,164017729.12
2117,411.7,159000000.001
2118,411.8,153100000.001
2119,411.9,146600000.001
2120,412.0,139716994.955
2121,412.1,132700000.001
2122,412.2,125800000.001
2123,412.3,119200000.001
2124,412.4,113000000.001
2125,412.5,107240584.098
2126,412.6,102000000.001
2127,412.7,97300000.001
2128,412.8,92950000.001
2129,412.9,88910000.0
2130,413.0,85045712.206
2131,413.1,81240000.0
2132,413.2,77390000.0
2133,413.3,73400000.0
2134,413.4,69219963.591
2135,413.5,64820000.001
2136,413.6,60190000.001
2137,413.7,55380000.001
2138,413.8,50430000.001
2139,413.9,45419128.737
2140,414.0,40440000.001
2141,414.1,35580000.001
2142,414.2,30910000.001
2143,414.3,26512088.707
2144,414.4,22450000.0
2145,414.5,18770000.0
2146,414.6,15480000.0
2147,414.7,12600000.0
2148,414.8,10128259.832
2149,414.9,8041000.0
2150,415.0,6309000.0
2151,415.1,4897000.0
2152,415.2,3767872.724
2153,415.3,2883000.0
2154,415.4,2204000.0
2155,415.5,1696000.0
2156,415.6,1329000.0
2157,415.7,1075837.63
2158,415.8,916600.0
2159,415.9,834400.0
2160,416.0,817800.0
2161,416.1,860087.789
2162,416.2,959500.0
2163,416.3,1117000.0
2164,416.4,1340000.0
2165,416.5,1638000.0
2166,416.6,2024778.558
2167,416.7,2518000.0
2168,416.8,3136000.0
2169,416.9,3898000.0
2170,417.0,4825899.458
2171,417.1,5935000.0
2172,417.2,7238000.0
2173,417.3,8740000.0
2174,417.4,10430000.0
2175,417.5,12300240.506
2176,417.6,14310000.0
2177,417.7,16410000.0
2178,417.8,18550000.0
2179,417.9,20660000.0
2180,418.0,22651295.151
2181,418.1,24440000.0
2182,418.2,25950000.0
2183,418.3,27120000.0
2184,418.4,27878563.85
2185,418.5,28200000.0
2186,418.6,28070000.0
2187,418.7,27480000.0
2188,418.8,26470000.0
2189,418.9,25088531.037
2190,419.0,23400000.0
2191,419.1,21480000.0
2192,419.2,19420000.0
2193,419.3,17281502.723
2194,419.4,15140000.0
2195,419.5,13070000.0
2196,419.6,11120000.0
2197,419.7,9335000.0
2198,419.8,7734852.51
2199,419.9,6330000.0
2200,420.0,5127000.0
2201,420.1,4119000.0
2202,420.2,3293011.598
2203,420.3,2632000.0
2204,420.4,2118000.0
2205,420.5,1733000.0
2206,420.6,1460000.0
2207,420.7,1285036.14
2208,420.8,1198000.0
2209,420.9,1191000.0
2210,421.0,1262000.0
2211,421.1,1412911.013
2212,421.2,1651000.0
2213,421.3,1986000.0
2214,421.4,2433000.0
2215,421.5,3011000.0
2216,421.6,3743047.22
2217,421.7,4657000.0
2218,421.8,5783000.0
2219,421.9,7155000.0
2220,422.0,8807599.015
2221,422.1,10790000.0
2222,422.2,13150000.0
2223,422.3,15930000.0
2224,422.4,19220000.0
2225,422.5,23092524.123
2226,422.6,27649999.999
2227,422.7,33019999.999
2228,422.8,39379999.999
2229,422.9,46899999.999
2230,423.0,55808248.712
2231,423.1,66349999.999
2232,423.2,78769999.998
2233,423.3,93299999.998
2234,423.4,110123772.493
2235,423.5,129399999.997
2236,423.6,151199999.997
2237,423.7,175299999.997
2238,423.8,201499999.997
2239,423.9,229357396.25
2240,424.0,258099999.996
2241,424.1,286899999.996
2242,424.2,314899999.997
2243,424.3,340946968.784
2244,424.4,363899999.997
2245,424.5,382699999.998
2246,424.6,396499999.999
2247,424.7,404499999.999
2248,424.8,406242828.899
2249,424.9,401700000.001
2250,425.0,391000000.002
2251,425.1,374600000.002
2252,425.2,353302047.891
2253,425.3,328100000.003
2254,425.4,300100000.004
2255,425.5,270600000.004
2256,425.6,240600000.004
2257,425.7,211355183.737
2258,425.8,183700000.003
2259,425.9,158300000.003
2260,426.0,135700000.003
2261,426.1,116327140.106
2262,426.2,100200000.002
2263,426.3,87220000.001
2264,426.4,77200000.001
2265,426.5,69810000.001
2266,426.6,64680765.782
2267,426.7,61390000.0
2268,426.8,59510000.0
2269,426.9,58650000.0
2270,427.0,58455723.792
2271,427.1,58630000.0
2272,427.2,58910000.0
2273,427.3,59120000.0
2274,427.4,59130000.0
2275,427.5,58869456.826
2276,427.6,58310000.0
2277,427.7,57450000.0
2278,427.8,56350000.0
2279,427.9,55050000.0
2280,428.0,53642928.981
2281,428.1,52200000.0
2282,428.2,50790000.0
2283,428.3,49500000.0
2284,428.4,48376394.965
2285,428.5,47470000.0
2286,428.6,46820000.0
2287,428.7,46420000.0
2288,428.8,46300000.0
2289,428.9,46429344.928
2290,429.0,46790000.0
2291,429.1,47370000.0
2292,429.2,48150000.0
2293,429.3,49123299.297
2294,429.4,50300000.0
2295,429.5,51700000.0
2296,429.6,53380000.0
2297,429.7,55440000.0
2298,429.8,57968936.844
2299,429.9,61100000.0
2300,430.0,64979999.999
2301,430.1,69759999.999
2302,430.2,75590034.185
2303,430.3,82569999.999
2304,430.4,90789999.999
2305,430.5,100299999.999
2306,430.6,110999999.999
2307,430.7,122909571.164
2308,430.8,135799999.998
2309,430.9,149399999.998
2310,431.0,163499999.998
2311,431.1,177651941.04
2312,431.2,191499999.998
2313,431.3,204699999.998
2314,431.4,216799999.999
2315,431.5,227399999.999
2316,431.6,236186725.441
2317,431.7,242899999.999
2318,431.8,247300000.0
2319,431.9,249200000.0
2320,432.0,248505316.586
2321,432.1,245300000.001
2322,432.2,239700000.001
2323,432.3,231800000.001
2324,432.4,221800000.001
2325,432.5,210038456.997
2326,432.6,196800000.002
2327,432.7,182400000.002
2328,432.8,167300000.002
2329,432.9,151800000.002
2330,433.0,136295622.816
2331,433.1,121100000.002
2332,433.2,106500000.002
2333,433.3,92770000.002
2334,433.4,80044560.858
2335,433.5,68450000.001
2336,433.6,58100000.001
2337,433.7,49020000.001
2338,433.8,41180000.001
2339,433.9,34518775.43
2340,434.0,28960000.001
2341,434.1,24410000.001
2342,434.2,20730000.0
2343,434.3,17817869.017
2344,434.4,15560000.0
2345,434.5,13840000.0
2346,434.6,12560000.0
2347,434.7,11640000.0
2348,434.8,11004533.98
2349,434.9,10590000.0
2350,435.0,10350000.0
2351,435.1,10280000.0
2352,435.2,10346298.933
2353,435.3,10560000.0
2354,435.4,10950000.0
2355,435.5,11560000.0
2356,435.6,12450000.0
2357,435.7,13695550.23
2358,435.8,15400000.0
2359,435.9,17680000.0
2360,436.0,20670000.0
2361,436.1,24483503.824
2362,436.2,29259999.999
2363,436.3,35129999.999
2364,436.4,42169999.999
2365,436.5,50479999.999
2366,436.6,60068426.113
2367,436.7,70909999.998
2368,436.8,82949999.998
2369,436.9,96029999.998
2370,437.0,109968942.236
2371,437.1,124499999.998
2372,437.2,139299999.998
2373,437.3,153999999.998
2374,437.4,168399999.998
2375,437.5,181921433.986
2376,437.6,194299999.998
2377,437.7,205299999.999
2378,437.8,214499999.999
2379,437.9,221899999.999
2380,438.0,227237766.164
2381,438.1,230500000.0
2382,438.2,231800000.0
2383,438.3,231300000.0
2384,438.4,228985519.557
2385,438.5,225200000.001
2386,438.6,220300000.001
2387,438.7,214400000.001
2388,438.8,208000000.001
2389,438.9,201377843.146
2390,439.0,194700000.001
2391,439.1,188200000.001
2392,439.2,182300000.001
2393,439.3,177095318.889
2394,439.4,172600000.001
2395,439.5,168900000.0
2396,439.6,166200000.0
2397,439.7,164300000.0
2398,439.8,163259734.031
2399,439.9,162900000.0
2400,440.0,163000000.0
2401,440.1,163500000.0
2402,440.2,164226469.873
2403,440.3,164900000.0
2404,440.4,165300000.0
2405,440.5,165400000.0
2406,440.6,164900000.0
2407,440.7,163730869.4
2408,440.8,161800000.0
2409,440.9,159000000.0
2410,441.0,155300000.001
2411,441.1,150753361.633
2412,441.2,145400000.001
2413,441.3,139300000.001
2414,441.4,132600000.001
2415,441.5,125400000.001
2416,441.6,117874192.367
2417,441.7,110100000.001
2418,441.8,102200000.001
2419,441.9,94490000.001
2420,442.0,86952460.298
2421,442.1,79690000.001
2422,442.2,72850000.001
2423,442.3,66510000.001
2424,442.4,60700000.001
2425,442.5,55473614.034
2426,442.6,50850000.001
2427,442.7,46830000.001
2428,442.8,43390000.0
2429,442.9,40510000.0
2430,443.0,38164977.986
2431,443.1,36310000.0
2432,443.2,34900000.0
2433,443.3,33900000.0
2434,443.4,33251330.195
2435,443.5,32910000.0
2436,443.6,32840000.0
2437,443.7,33010000.0
2438,443.8,33380000.0
2439,443.9,33926608.889
2440,444.0,34630000.0
2441,444.1,35470000.0
2442,444.2,36430000.0
2443,444.3,37507828.625
2444,444.4,38710000.0
2445,444.5,40040000.0
2446,444.6,41490000.0
2447,444.7,43070000.0
2448,444.8,44783016.53
2449,444.9,46620000.0
2450,445.0,48570000.0
2451,445.1,50620000.0
2452,445.2,52741568.221
2453,445.3,54900000.0
2454,445.4,57050000.0
2455,445.5,59120000.0
2456,445.6,61070000.0
2457,445.7,62825013.516
2458,445.8,64310000.0
2459,445.9,65460000.0
2460,446.0,66230000.0
2461,446.1,66559408.944
2462,446.2,66410000.0
2463,446.3,65760000.0
2464,446.4,64620000.0
2465,446.5,63000000.0
2466,446.6,60928570.515
2467,446.7,58450000.0
2468,446.8,55620000.0
2469,446.9,52520000.0
2470,447.0,49211711.997
2471,447.1,45780000.0
2472,447.2,42310000.0
2473,447.3,38860000.0
2474,447.4,35500000.0
2475,447.5,32304946.779
2476,447.6,29320000.0
2477,447.7,26580000.0
2478,447.8,24110000.0
2479,447.9,21930000.0
2480,448.0,20051765.54
2481,448.1,18470000.0
2482,448.2,17170000.0
2483,448.3,16120000.0
2484,448.4,15296008.982
2485,448.5,14660000.0
2486,448.6,14170000.0
2487,448.7,13790000.0
2488,448.8,13490000.0
2489,448.9,13219613.92
2490,449.0,12950000.0
2491,449.1,12660000.0
2492,449.2,12330000.0
2493,449.3,11943059.564
2494,449.4,11490000.0
2495,449.5,10970000.0
2496,449.6,10400000.0
2497,449.7,9779000.0
2498,449.8,9125819.595
2499,449.9,8456000.0
2500,450.0,7783000.0
2501,450.1,7123000.0
2502,450.2,6492290.704
2503,450.3,5903000.0
2504,450.4,5366000.0
2505,450.5,4891000.0
2506,450.6,4485000.0
2507,450.7,4151694.156
2508,450.8,3895000.0
2509,450.9,3718000.0
2510,451.0,3620000.0
2511,451.1,3601172.982
2512,451.2,3661000.0
2513,451.3,3798000.0
2514,451.4,4009000.0
2515,451.5,4293000.0
2516,451.6,4646629.706
2517,451.7,5065000.0
2518,451.8,5543000.0
2519,451.9,6075000.0
2520,452.0,6653579.592
2521,452.1,7270000.0
2522,452.2,7915000.0
2523,452.3,8578000.0
2524,452.4,9248000.0
2525,452.5,9915542.503
2526,452.6,10570000.0
2527,452.7,11200000.0
2528,452.8,11800000.0
2529,452.9,12380000.0
2530,453.0,12918747.353
2531,453.1,13430000.0
2532,453.2,13930000.0
2533,453.3,14410000.0
2534,453.4,14895886.206
2535,453.5,15400000.0
2536,453.6,15930000.0
2537,453.7,16500000.0
2538,453.8,17120000.0
2539,453.9,17790833.403
2540,454.0,18510000.0
2541,454.1,19270000.0
2542,454.2,20050000.0
2543,454.3,20839665.219
2544,454.4,21610000.0
2545,454.5,22330000.0
2546,454.6,22980000.0
2547,454.7,23530000.0
2548,454.8,23961417.62
2549,454.9,24260000.0
2550,455.0,24410000.0
2551,455.1,24400000.0
2552,455.2,24252238.991
2553,455.3,23970000.0
2554,455.4,23560000.0
2555,455.5,23060000.0
2556,455.6,22480000.0
2557,455.7,21855036.993
2558,455.8,21210000.0
2559,455.9,20570000.0
2560,456.0,19970000.0
2561,456.1,19411779.498
2562,456.2,18920000.0
2563,456.3,18520000.0
2564,456.4,18210000.0
2565,456.5,18000000.0
2566,456.6,17900456.972
2567,456.7,17900000.0
2568,456.8,17990000.0
2569,456.9,18180000.0
2570,457.0,18437217.839
2571,457.1,18750000.0
2572,457.2,19110000.0
2573,457.3,19490000.0
2574,457.4,19870000.0
2575,457.5,20225466.516
2576,457.6,20540000.0
2577,457.7,20800000.0
2578,457.8,20990000.0
2579,457.9,21090000.0
2580,458.0,21093782.846
2581,458.1,21000000.0
2582,458.2,20810000.0
2583,458.3,20530000.0
2584,458.4,20155019.994
2585,458.5,19700000.0
2586,458.6,19180000.0
2587,458.7,18590000.0
2588,458.8,17940000.0
2589,458.9,17253044.655
2590,459.0,16530000.0
2591,459.1,15770000.0
2592,459.2,14990000.0
2593,459.3,14203550.301
2594,459.4,13410000.0
2595,459.5,12610000.0
2596,459.6,11820000.0
2597,459.7,11050000.0
2598,459.8,10303283.648
2599,459.9,9588000.0
2600,460.0,8913000.0
2601,460.1,8284000.0
2602,460.2,7706424.207
2603,460.3,7182000.0
2604,460.4,6711000.0
2605,460.5,6292000.0
2606,460.6,5922000.0
2607,460.7,5593704.433
2608,460.8,5301000.0
2609,460.9,5037000.0
2610,461.0,4791000.0
2611,461.1,4557124.565
2612,461.2,4329000.0
2613,461.3,4100000.0
2614,461.4,3866000.0
2615,461.5,3627000.0
2616,461.6,3380026.009
2617,461.7,3127000.0
2618,461.8,2871000.0
2619,461.9,2614000.0
2620,462.0,2359845.288
2621,462.1,2112000.0
2622,462.2,1874000.0
2623,462.3,1650000.0
2624,462.4,1442000.0
2625,462.5,1252176.175
2626,462.6,1082000.0
2627,462.7,932600.0
2628,462.8,804600.0
2629,462.9,698000.0
2630,463.0,612409.078
2631,463.1,547300.0
2632,463.2,502000.0
2633,463.3,475400.0
2634,463.4,466445.141
2635,463.5,473700.0
2636,463.6,495600.0
2637,463.7,530500.0
2638,463.8,576600.0
2639,463.9,631879.857
2640,464.0,694500.0
2641,464.1,762700.0
2642,464.2,834900.0
2643,464.3,910150.86
2644,464.4,988300.0
2645,464.5,1070000.0
2646,464.6,1158000.0
2647,464.7,1255000.0
2648,464.8,1367510.329
2649,464.9,1503000.0
2650,465.0,1670000.0
2651,465.1,1881000.0
2652,465.2,2148540.579
2653,465.3,2487000.0
2654,465.4,2911000.0
2655,465.5,3434000.0
2656,465.6,4069000.0
2657,465.7,4825899.058
2658,465.8,5710000.0
2659,465.9,6723000.0
2660,466.0,7858000.0
2661,466.1,9106836.668
2662,466.2,10440000.0
2663,466.3,11830000.0
2664,466.4,13260000.0
2665,466.5,14660000.0
2666,466.6,16010798.282
2667,466.7,17260000.0
2668,466.8,18350000.0
2669,466.9,19250000.0
2670,467.0,19917329.109
2671,467.1,20330000.0
2672,467.2,20470000.0
2673,467.3,20320000.0
2674,467.4,19900000.0
2675,467.5,19215895.264
2676,467.6,18300000.0
2677,467.7,17190000.0
2678,467.8,15920000.0
2679,467.9,14550000.0
2680,468.0,13112745.609
2681,468.1,11660000.0
2682,468.2,10240000.0
2683,468.3,8869000.0
2684,468.4,7592670.456
2685,468.5,6433000.0
2686,468.6,5403000.0
2687,468.7,4514000.0
2688,468.8,3770000.0
2689,468.9,3171781.547
2690,469.0,2715000.0
2691,469.1,2394000.0
2692,469.2,2202000.0
2693,469.3,2128874.318
2694,469.4,2166000.0
2695,469.5,2305000.0
2696,469.6,2536000.0
2697,469.7,2849000.0
2698,469.8,3234563.836
2699,469.9,3682000.0
2700,470.0,4180000.0
2701,470.1,4716000.0
2702,470.2,5276078.704
2703,470.3,5846000.0
2704,470.4,6411000.0
2705,470.5,6955000.0
2706,470.6,7464000.0
2707,470.7,7923443.702
2708,470.8,8320000.0
2709,470.9,8642000.0
2710,471.0,8882000.0
2711,471.1,9032464.887
2712,471.2,9092000.0
2713,471.3,9061000.0
2714,471.4,8942000.0
2715,471.5,8744000.0
2716,471.6,8474648.432
2717,471.7,8146000.0
2718,471.8,7772000.0
2719,471.9,7368000.0
2720,472.0,6947816.231
2721,472.1,6526000.0
2722,472.2,6117000.0
2723,472.3,5734000.0
2724,472.4,5390000.0
2725,472.5,5092414.197
2726,472.6,4849000.0
2727,472.7,4667000.0
2728,472.8,4549000.0
2729,472.9,4495000.0
2730,473.0,4506607.501
2731,473.1,4581000.0
2732,473.2,4714000.0
2733,473.3,4901000.0
2734,473.4,5135943.012
2735,473.5,5412000.0
2736,473.6,5722000.0
2737,473.7,6058000.0
2738,473.8,6412000.0
2739,473.9,6774887.899
2740,474.0,7139000.0
2741,474.1,7497000.0
2742,474.2,7841000.0
2743,474.3,8163523.613
2744,474.4,8459000.0
2745,474.5,8722000.0
2746,474.6,8947000.0
2747,474.7,9132000.0
2748,474.8,9273034.971
2749,474.9,9369000.0
2750,475.0,9420000.0
2751,475.1,9427000.0
2752,475.2,9391328.335
2753,475.3,9316000.0
2754,475.4,9205000.0
2755,475.5,9064000.0
2756,475.6,8898000.0
2757,475.7,8713624.42
2758,475.8,8518000.0
2759,475.9,8318000.0
2760,476.0,8120000.0
2761,476.1,7931633.579
2762,476.2,7759000.0
2763,476.3,7607000.0
2764,476.4,7479000.0
2765,476.5,7381000.0
2766,476.6,7314058.146
2767,476.7,7278000.0
2768,476.8,7273000.0
2769,476.9,7299000.0
2770,477.0,7351542.806
2771,477.1,7427000.0
2772,477.2,7522000.0
2773,477.3,7632000.0
2774,477.4,7752000.0
2775,477.5,7877651.053
2776,477.6,8006000.0
2777,477.7,8134000.0
2778,477.8,8258000.0
2779,477.9,8378000.0
2780,478.0,8494410.171
2781,478.1,8608000.0
2782,478.2,8720000.0
2783,478.3,8833000.0
2784,478.4,8949968.695
2785,478.5,9073000.0
2786,478.6,9204000.0
2787,478.7,9345000.0
2788,478.8,9497000.0
2789,478.9,9658977.036
2790,479.0,9834000.0
2791,479.1,10020000.0
2792,479.2,10200000.0
2793,479.3,10386821.846
2794,479.4,10580000.0
2795,479.5,10770000.0
2796,479.6,10940000.0
2797,479.7,11090000.0
2798,479.8,11221170.753
2799,479.9,11330000.0
2800,480.0,11410000.0
2801,480.1,11450000.0
2802,480.2,11448338.438
2803,480.3,11400000.0
2804,480.4,11300000.0
2805,480.5,11150000.0
2806,480.6,10950000.0
2807,480.7,10692059.384
2808,480.8,10380000.0
2809,480.9,10020000.0
2810,481.0,9614000.0
2811,481.1,9167261.56
2812,481.2,8689000.0
2813,481.3,8189000.0
2814,481.4,7677000.0
2815,481.5,7165000.0
2816,481.6,6664570.075
2817,481.7,6186000.0
2818,481.8,5739000.0
2819,481.9,5332000.0
2820,482.0,4972115.429
2821,482.1,4663000.0
2822,482.2,4407000.0
2823,482.3,4204000.0
2824,482.4,4051000.0
2825,482.5,3944535.491
2826,482.6,3879000.0
2827,482.7,3848000.0
2828,482.8,3844000.0
2829,482.9,3859000.0
2830,483.0,3888193.464
2831,483.1,3925000.0
2832,483.2,3963000.0
2833,483.3,3999000.0
2834,483.4,4029996.41
2835,483.5,4054000.0
2836,483.6,4070000.0
2837,483.7,4079000.0
2838,483.8,4081000.0
2839,483.9,4078331.072
2840,484.0,4072000.0
2841,484.1,4063000.0
2842,484.2,4054000.0
2843,484.3,4046339.543
2844,484.4,4041000.0
2845,484.5,4039000.0
2846,484.6,4041000.0
2847,484.7,4047000.0
2848,484.8,4059486.172
2849,484.9,4079000.0
2850,485.0,4106000.0
2851,485.1,4143000.0
2852,485.2,4191468.442
2853,485.3,4253000.0
2854,485.4,4330000.0
2855,485.5,4427000.0
2856,485.6,4547000.0
2857,485.7,4692630.094
2858,485.8,4868000.0
2859,485.9,5077000.0
2860,486.0,5322000.0
2861,486.1,5607804.907
2862,486.2,5938000.0
2863,486.3,6315000.0
2864,486.4,6740000.0
2865,486.5,7217000.0
2866,486.6,7744503.667
2867,486.7,8323000.0
2868,486.8,8952000.0
2869,486.9,9626000.0
2870,487.0,10344218.273
2871,487.1,11090000.0
2872,487.2,11850000.0
2873,487.3,12630000.0
2874,487.4,13400000.0
2875,487.5,14143962.264
2876,487.6,14840000.0
2877,487.7,15470000.0
2878,487.8,16030000.0
2879,487.9,16480000.0
2880,488.0,16815611.801
2881,488.1,17020000.0
2882,488.2,17080000.0
2883,488.3,17010000.0
2884,488.4,16790370.927
2885,488.5,16430000.0
2886,488.6,15950000.0
2887,488.7,15370000.0
2888,488.8,14690000.0
2889,488.9,13943341.384
2890,489.0,13160000.0
2891,489.1,12360000.0
2892,489.2,11550000.0
2893,489.3,10767287.911
2894,489.4,10020000.0
2895,489.5,9312000.0
2896,489.6,8664000.0
2897,489.7,8076000.0
2898,489.8,7545869.52
2899,489.9,7071000.0
2900,490.0,6647000.0
2901,490.1,6265000.0
2902,490.2,5917733.554
2903,490.3,5597000.0
2904,490.4,5295000.0
2905,490.5,5007000.0
2906,490.6,4728000.0
2907,490.7,4454142.38
2908,490.8,4185000.0
2909,490.9,3921000.0
2910,491.0,3663000.0
2911,491.1,3413227.926
2912,491.2,3175000.0
2913,491.3,2951000.0
2914,491.4,2742000.0
2915,491.5,2552000.0
2916,491.6,2380527.227
2917,491.7,2228000.0
2918,491.8,2095000.0
2919,491.9,1980000.0
2920,492.0,1880303.566
2921,492.1,1794000.0
2922,492.2,1719000.0
2923,492.3,1652000.0
2924,492.4,1591000.0
2925,492.5,1533456.609
2926,492.6,1478000.0
2927,492.7,1423000.0
2928,492.8,1366000.0
2929,492.9,1309000.0
2930,493.0,1249552.25
2931,493.1,1189000.0
2932,493.2,1129000.0
2933,493.3,1068000.0
2934,493.4,1007769.639
2935,493.5,949300.0
2936,493.6,893100.0
2937,493.7,839700.0
2938,493.8,789400.0
2939,493.9,742340.463
2940,494.0,698300.0
2941,494.1,657000.0
2942,494.2,618200.0
2943,494.3,581359.247
2944,494.4,546000.0
2945,494.5,511700.0
2946,494.6,478100.0
2947,494.7,444900.0
2948,494.8,412050.35
2949,494.9,379700.0
2950,495.0,348000.0
2951,495.1,317100.0
2952,495.2,287572.546
2953,495.3,259800.0
2954,495.4,234200.0
2955,495.5,211500.0
2956,495.6,192000.0
2957,495.7,176147.031
2958,495.8,164400.0
2959,495.9,157100.0
2960,496.0,154300.0
2961,496.1,156304.19
2962,496.2,163100.0
2963,496.3,174600.0
2964,496.4,190800.0
2965,496.5,211500.0
2966,496.6,236339.358
2967,496.7,265000.0
2968,496.8,297100.0
2969,496.9,332000.0
2970,497.0,369213.651
2971,497.1,408100.0
2972,497.2,448000.0
2973,497.3,488300.0
2974,497.4,528100.0
2975,497.5,566810.03
2976,497.6,603800.0
2977,497.7,638400.0
2978,497.8,670000.0
2979,497.9,698200.0
2980,498.0,722557.779
2981,498.1,742900.0
2982,498.2,759100.0
2983,498.3,771000.0
2984,498.4,778812.716
2985,498.5,782900.0
2986,498.6,783700.0
2987,498.7,781900.0
2988,498.8,778300.0
2989,498.9,774010.373
2990,499.0,770400.0
2991,499.1,769000.0
2992,499.2,771800.0
2993,499.3,780967.06
2994,499.4,798900.0
2995,499.5,828200.0
2996,499.6,872000.0
2997,499.7,933300.0
2998,499.8,1014985.526
2999,499.9,1121000.0
3000,500.0,1255000.0
3001,500.1,1419000.0
3002,500.2,1616567.288
3003,500.3,1850000.0
3004,500.4,2122000.0
3005,500.5,2437000.0
3006,500.6,2795000.0
3007,500.7,3200790.064
3008,500.8,3657000.0
3009,500.9,4166000.0
3010,501.0,4733000.0
3011,501.1,5363011.699
3012,501.2,6060000.0
3013,501.3,6829000.0
3014,501.4,7678000.0
3015,501.5,8610000.0
3016,501.6,9632188.911
3017,501.7,10740000.0
3018,501.8,11930000.0
3019,501.9,13210000.0
3020,502.0,14563383.89
3021,502.1,15970000.0
3022,502.2,17410000.0
3023,502.3,18860000.0
3024,502.4,20290000.0
3025,502.5,21660430.928
3026,502.6,22940000.0
3027,502.7,24090000.0
3028,502.8,25050000.0
3029,502.9,25810000.0
3030,503.0,26326162.171
3031,503.1,26580000.0
3032,503.2,26560000.0
3033,503.3,26250000.0
3034,503.4,25663924.056
3035,503.5,24820000.0
3036,503.6,23740000.0
3037,503.7,22460000.0
3038,503.8,21010000.0
3039,503.9,19438021.94
3040,504.0,17790000.0
3041,504.1,16110000.0
3042,504.2,14440000.0
3043,504.3,12812140.047
3044,504.4,11260000.0
3045,504.5,9814000.0
3046,504.6,8489000.0
3047,504.7,7299000.0
3048,504.8,6250801.243
3049,504.9,5344000.0
3050,505.0,4576000.0
3051,505.1,3940000.0
3052,505.2,3424946.788
3053,505.3,3019000.0
3054,505.4,2710000.0
3055,505.5,2485000.0
3056,505.6,2332000.0
3057,505.7,2237104.893
3058,505.8,2191000.0
3059,505.9,2185000.0
3060,506.0,2209000.0
3061,506.1,2257951.702
3062,506.2,2326000.0
3063,506.3,2408000.0
3064,506.4,2503000.0
3065,506.5,2608000.0
3066,506.6,2722355.509
3067,506.7,2846000.0
3068,506.8,2979000.0
3069,506.9,3122000.0
3070,507.0,3275085.324
3071,507.1,3439000.0
3072,507.2,3614000.0
3073,507.3,3798000.0
3074,507.4,3990000.0
3075,507.5,4187876.114
3076,507.6,4387000.0
3077,507.7,4583000.0
3078,507.8,4773000.0
3079,507.9,4949000.0
3080,508.0,5105593.432
3081,508.1,5238000.0
3082,508.2,5341000.0
3083,508.3,5409000.0
3084,508.4,5439588.544
3085,508.5,5431000.0
3086,508.6,5382000.0
3087,508.7,5294000.0
3088,508.8,5170000.0
3089,508.9,5013304.861
3090,509.0,4829000.0
3091,509.1,4623000.0
3092,509.2,4402000.0
3093,509.3,4171067.611
3094,509.4,3937000.0
3095,509.5,3706000.0
3096,509.6,3481000.0
3097,509.7,3268000.0
3098,509.8,3068238.561
3099,509.9,2883000.0
3100,510.0,2714000.0
3101,510.1,2562000.0
3102,510.2,2424570.385
3103,510.3,2301000.0
3104,510.4,2191000.0
3105,510.5,2093000.0
3106,510.6,2005000.0
3107,510.7,1927913.13
3108,510.8,1861000.0
3109,510.9,1804000.0
3110,511.0,1760000.0
3111,511.1,1729265.858
3112,511.2,1714000.0
3113,511.3,1717000.0
3114,511.4,1740000.0
3115,511.5,1784000.0
3116,511.6,1851988.16
3117,511.7,1945000.0
3118,511.8,2063000.0
3119,511.9,2205000.0
3120,512.0,2371118.036
3121,512.1,2558000.0
3122,512.2,2762000.0
3123,512.3,2981000.0
3124,512.4,3209000.0
3125,512.5,3442084.346
3126,512.6,3675000.0
3127,512.7,3902000.0
3128,512.8,4118000.0
3129,512.9,4319000.0
3130,513.0,4500892.794
3131,513.1,4660000.0
3132,513.2,4793000.0
3133,513.3,4898000.0
3134,513.4,4975216.514
3135,513.5,5024000.0
3136,513.6,5044000.0
3137,513.7,5037000.0
3138,513.8,5004000.0
3139,513.9,4947486.946
3140,514.0,4870000.0
3141,514.1,4774000.0
3142,514.2,4662000.0
3143,514.3,4536327.159
3144,514.4,4400000.0
3145,514.5,4256000.0
3146,514.6,4106000.0
3147,514.7,3951000.0
3148,514.8,3794721.712
3149,514.9,3638000.0
3150,515.0,3481000.0
3151,515.1,3325000.0
3152,515.2,3171086.147
3153,515.3,3020000.0
3154,515.4,2872000.0
3155,515.5,2726000.0
3156,515.6,2582000.0
3157,515.7,2440610.768
3158,515.8,2302000.0
3159,515.9,2166000.0
3160,516.0,2032000.0
3161,516.1,1900514.254
3162,516.2,1772000.0
3163,516.3,1647000.0
3164,516.4,1527000.0
3165,516.5,1414000.0
3166,516.6,1308927.744
3167,516.7,1214000.0
3168,516.8,1132000.0
3169,516.9,1066000.0
3170,517.0,1018506.515
3171,517.1,993200.0
3172,517.2,993900.0
3173,517.3,1024000.0
3174,517.4,1088000.0
3175,517.5,1188972.836
3176,517.6,1330000.0
3177,517.7,1514000.0
3178,517.8,1743000.0
3179,517.9,2019000.0
3180,518.0,2340962.38
3181,518.1,2707000.0
3182,518.2,3115000.0
3183,518.3,3561000.0
3184,518.4,4036964.916
3185,518.5,4534000.0
3186,518.6,5043000.0
3187,518.7,5553000.0
3188,518.8,6050000.0
3189,518.9,6521856.156
3190,519.0,6955000.0
3191,519.1,7336000.0
3192,519.2,7654000.0
3193,519.3,7898618.316
3194,519.4,8062000.0
3195,519.5,8138000.0
3196,519.6,8125000.0
3197,519.7,8024000.0
3198,519.8,7837020.648
3199,519.9,7571000.0
3200,520.0,7235000.0
3201,520.1,6841000.0
3202,520.2,6400377.083
3203,520.3,5926000.0
3204,520.4,5432000.0
3205,520.5,4934000.0
3206,520.6,4443000.0
3207,520.7,3971574.859
3208,520.8,3531000.0
3209,520.9,3131000.0
3210,521.0,2778000.0
3211,521.1,2479484.344
3212,521.2,2241000.0
3213,521.3,2067000.0
3214,521.4,1960000.0
3215,521.5,1922000.0
3216,521.6,1956713.862
3217,521.7,2066000.0
3218,521.8,2251000.0
3219,521.9,2513000.0
3220,522.0,2854711.591
3221,522.1,3277000.0
3222,522.2,3780000.0
3223,522.3,4363000.0
3224,522.4,5024000.0
3225,522.5,5760063.684
3226,522.6,6565000.0
3227,522.7,7431000.0
3228,522.8,8347000.0
3229,522.9,9300000.0
3230,523.0,10273576.065
3231,523.1,11250000.0
3232,523.2,12210000.0
3233,523.3,13130000.0
3234,523.4,13988820.256
3235,523.5,14760000.0
3236,523.6,15420000.0
3237,523.7,15960000.0
3238,523.8,16360000.0
3239,523.9,16597015.454
3240,524.0,16670000.0
3241,524.1,16580000.0
3242,524.2,16320000.0
3243,524.3,15903633.182
3244,524.4,15340000.0
3245,524.5,14640000.0
3246,524.6,13830000.0
3247,524.7,12930000.0
3248,524.8,11962054.412
3249,524.9,10950000.0
3250,525.0,9918000.0
3251,525.1,8890000.0
3252,525.2,7885469.242
3253,525.3,6920000.0
3254,525.4,6008000.0
3255,525.5,5161000.0
3256,525.6,4386000.0
3257,525.7,3688075.666
3258,525.8,3068000.0
3259,525.9,2525000.0
3260,526.0,2056000.0
3261,526.1,1655727.779
3262,526.2,1319000.0
3263,526.3,1040000.0
3264,526.4,810700.0
3265,526.5,625300.0
3266,526.6,477099.957
3267,526.7,360100.0
3268,526.8,268800.0
3269,526.9,198500.0
3270,527.0,144977.603
3271,527.1,104800.0
3272,527.2,74900.0
3273,527.3,52950.0
3274,527.4,37030.0
3275,527.5,25591.464
3276,527.6,17520.0
3277,527.7,11860.0
3278,527.8,7938.0
3279,527.9,5255.0
3280,528.0,3435.894
3281,528.1,2229.0
3282,528.2,1428.0
3283,528.3,905.0
3284,528.4,566.068
3285,528.5,351.9
3286,528.6,216.1
3287,528.7,131.6
3288,528.8,79.88
3289,528.9,48.694
3290,529.0,31.09
3291,529.1,21.84
3292,529.2,18.49
3293,529.3,19.665
3294,529.4,25.2
3295,529.5,35.44
3296,529.6,51.69
3297,529.7,76.0
3298,529.8,111.261
3299,529.9,162.0
3300,530.0,233.6
3301,530.1,333.5
3302,530.2,471.238
3303,530.3,660.1
3304,530.4,915.3
3305,530.5,1257.0
3306,530.6,1710.0
3307,530.7,2303.718
3308,530.8,3076.0
3309,530.9,4069.0
3310,531.0,5334.0
3311,531.1,6928.193
3312,531.2,8925.0
3313,531.3,11400.0
3314,531.4,14430.0
3315,531.5,18120.0
3316,531.6,22567.522
3317,531.7,27890.0
3318,531.8,34210.0
3319,531.9,41650.0
3320,532.0,50349.995
3321,532.1,60450.0
3322,532.2,72090.0
3323,532.3,85420.0
3324,532.4,100600.0
3325,532.5,117764.236
3326,532.6,137100.0
3327,532.7,158800.0
3328,532.8,183000.0
3329,532.9,209800.0
3330,533.0,239387.138
3331,533.1,271900.0
3332,533.2,307500.0
3333,533.3,346400.0
3334,533.4,388467.871
3335,533.5,433800.0
3336,533.6,482500.0
3337,533.7,534400.0
3338,533.8,589400.0
3339,533.9,647262.067
3340,534.0,707600.0
3341,534.1,770000.0
3342,534.2,833900.0
3343,534.3,898343.538
3344,534.4,963000.0
3345,534.5,1027000.0
3346,534.6,1088000.0
3347,534.7,1147000.0
3348,534.8,1200716.389
3349,534.9,1249000.0
3350,535.0,1292000.0
3351,535.1,1327000.0
3352,535.2,1353458.885
3353,535.3,1371000.0
3354,535.4,1379000.0
3355,535.5,1377000.0
3356,535.6,1366000.0
3357,535.7,1345884.652
3358,535.8,1317000.0
3359,535.9,1280000.0
3360,536.0,1236000.0
3361,536.1,1186758.078
3362,536.2,1134000.0
3363,536.3,1079000.0
3364,536.4,1022000.0
3365,536.5,965000.0
3366,536.6,909699.072
3367,536.7,857100.0
3368,536.8,808100.0
3369,536.9,763600.0
3370,537.0,724199.226
3371,537.1,690400.0
3372,537.2,662600.0
3373,537.3,640900.0
3374,537.4,625600.0
3375,537.5,616706.501
3376,537.6,614400.0
3377,537.7,618900.0
3378,537.8,630300.0
3379,537.9,648800.0
3380,538.0,674933.297
3381,538.1,709000.0
3382,538.2,751300.0
3383,538.3,802400.0
3384,538.4,862636.305
3385,538.5,932100.0
3386,538.6,1011000.0
3387,538.7,1100000.0
3388,538.8,1199000.0
3389,538.9,1307199.455
3390,539.0,1424000.0
3391,539.1,1549000.0
3392,539.2,1682000.0
3393,539.3,1821890.849
3394,539.4,1967000.0
3395,539.5,2116000.0
3396,539.6,2269000.0
3397,539.7,2425000.0
3398,539.8,2581530.436
3399,539.9,2738000.0
3400,540.0,2894000.0
3401,540.1,3048000.0
3402,540.2,3199542.643
3403,540.3,3347000.0
3404,540.4,3489000.0
3405,540.5,3626000.0
3406,540.6,3756000.0
3407,540.7,3876987.881
3408,540.8,3987000.0
3409,540.9,4084000.0
3410,541.0,4166000.0
3411,541.1,4231437.473
3412,541.2,4278000.0
3413,541.3,4303000.0
3414,541.4,4304000.0
3415,541.5,4281000.0
3416,541.6,4232412.031
3417,541.7,4158000.0
3418,541.8,4058000.0
3419,541.9,3933000.0
3420,542.0,3785549.973
3421,542.1,3618000.0
3422,542.2,3433000.0
3423,542.3,3235000.0
3424,542.4,3028000.0
3425,542.5,2814909.521
3426,542.6,2600000.0
3427,542.7,2388000.0
3428,542.8,2183000.0
3429,542.9,1987000.0
3430,543.0,1803986.408
3431,543.1,1635000.0
3432,543.2,1481000.0
3433,543.3,1345000.0
3434,543.4,1225648.134
3435,543.5,1123000.0
3436,543.6,1037000.0
3437,543.7,965200.0
3438,543.8,907400.0
3439,543.9,861629.311
3440,544.0,826000.0
3441,544.1,798800.0
3442,544.2,778200.0
3443,544.3,762398.08
3444,544.4,749900.0
3445,544.5,739300.0
3446,544.6,729300.0
3447,544.7,718900.0
3448,544.8,707319.442
3449,544.9,694100.0
3450,545.0,678900.0
3451,545.1,661600.0
3452,545.2,642408.364
3453,545.3,621800.0
3454,545.4,600300.0
3455,545.5,578500.0
3456,545.6,557300.0
3457,545.7,537741.206
3458,545.8,520900.0
3459,545.9,507900.0
3460,546.0,500000.0
3461,546.1,498386.314
3462,546.2,504300.0
3463,546.3,519000.0
3464,546.4,543700.0
3465,546.5,579500.0
3466,546.6,627439.382
3467,546.7,688400.0
3468,546.8,763100.0
3469,546.9,851900.0
3470,547.0,955327.172
3471,547.1,1073000.0
3472,547.2,1204000.0
3473,547.3,1347000.0
3474,547.4,1502000.0
3475,547.5,1665657.399
3476,547.6,1836000.0
3477,547.7,2011000.0
3478,547.8,2186000.0
3479,547.9,2357000.0
3480,548.0,2522362.191
3481,548.1,2677000.0
3482,548.2,2816000.0
3483,548.3,2938000.0
3484,548.4,3038161.329
3485,548.5,3114000.0
3486,548.6,3164000.0
3487,548.7,3187000.0
3488,548.8,3183000.0
3489,548.9,3152986.368
3490,549.0,3099000.0
3491,549.1,3024000.0
3492,549.2,2933000.0
3493,549.3,2829932.615
3494,549.4,2722000.0
3495,549.5,2617000.0
3496,549.6,2522000.0
3497,549.7,2447000.0
3498,549.8,2402694.009
3499,549.9,2400000.0
3500,550.0,2450000.0
3501,550.1,2565000.0
3502,550.2,2760038.284
3503,550.3,3048000.0
3504,550.4,3442000.0
3505,550.5,3958000.0
3506,550.6,4609000.0
3507,550.7,5407989.499
3508,550.8,6367000.0
3509,550.9,7496000.0
3510,551.0,8799000.0
3511,551.1,10280616.384
3512,551.2,11940000.0
3513,551.3,13770000.0
3514,551.4,15750000.0
3515,551.5,17870000.0
3516,551.6,20100439.357
3517,551.7,22400000.0
3518,551.8,24730000.0
3519,551.9,27060000.0
3520,552.0,29332680.295
3521,552.1,31490000.0
3522,552.2,33480000.0
3523,552.3,35260000.0
3524,552.4,36770000.0
3525,552.5,37976250.782
3526,552.6,38850000.0
3527,552.7,39360000.0
3528,552.8,39480000.0
3529,552.9,39220000.0
3530,553.0,38579364.114
3531,553.1,37580000.0
3532,553.2,36250000.0
3533,553.3,34620000.0
3534,553.4,32745359.509
3535,553.5,30670000.0
3536,553.6,28440000.0
3537,553.7,26120000.0
3538,553.8,23750000.0
3539,553.9,21380208.368
3540,554.0,19060000.0
3541,554.1,16830000.0
3542,554.2,14710000.0
3543,554.3,12736466.956
3544,554.4,10920000.0
3545,554.5,9266000.0
3546,554.6,7788000.0
3547,554.7,6483000.0
3548,554.8,5343874.084
3549,554.9,4362000.0
3550,555.0,3527000.0
3551,555.1,2824000.0
3552,555.2,2239324.795
3553,555.3,1759000.0
3554,555.4,1369000.0
3555,555.5,1056000.0
3556,555.6,807100.0
3557,555.7,611668.277
3558,555.8,460300.0
3559,555.9,344200.0
3560,556.0,256400.0
3561,556.1,190968.672
3562,556.2,143300.0
3563,556.3,109300.0
3564,556.4,85840.0
3565,556.5,70680.0
3566,556.6,61911.974
3567,556.7,58200.0
3568,556.8,58440.0
3569,556.9,61890.0
3570,557.0,67951.781
3571,557.1,76210.0
3572,557.2,86310.0
3573,557.3,97960.0
3574,557.4,110900.0
3575,557.5,124918.168
3576,557.6,139800.0
3577,557.7,155300.0
3578,557.8,171100.0
3579,557.9,187000.0
3580,558.0,202834.097
3581,558.1,218400.0
3582,558.2,233500.0
3583,558.3,248000.0
3584,558.4,261828.025
3585,558.5,275000.0
3586,558.6,287600.0
3587,558.7,299900.0
3588,558.8,312200.0
3589,558.9,324813.786
3590,559.0,338200.0
3591,559.1,352900.0
3592,559.2,369600.0
3593,559.3,388922.904
3594,559.4,411600.0
3595,559.5,438400.0
3596,559.6,470100.0
3597,559.7,507500.0
3598,559.8,551455.279
3599,559.9,602900.0
3600,560.0,662800.0
3601,560.1,732100.0
3602,560.2,811671.532
3603,560.3,903200.0
3604,560.4,1008000.0
3605,560.5,1126000.0
3606,560.6,1260000.0
3607,560.7,1411727.558
3608,560.8,1582000.0
3609,560.9,1772000.0
3610,561.0,1984000.0
3611,561.1,2218134.805
3612,561.2,2476000.0
3613,561.3,2759000.0
3614,561.4,3066000.0
3615,561.5,3397000.0
3616,561.6,3751938.358
3617,561.7,4129000.0
3618,561.8,4526000.0
3619,561.9,4941000.0
3620,562.0,5371811.392
3621,562.1,5815000.0
3622,562.2,6267000.0
3623,562.3,6725000.0
3624,562.4,7186000.0
3625,562.5,7645810.176
3626,562.6,8103000.0
3627,562.7,8556000.0
3628,562.8,9001000.0
3629,562.9,9439000.0
3630,563.0,9869716.644
3631,563.1,10290000.0
3632,563.2,10700000.0
3633,563.3,11110000.0
3634,563.4,11514530.454
3635,563.5,11910000.0
3636,563.6,12300000.0
3637,563.7,12700000.0
3638,563.8,13100000.0
3639,563.9,13506979.509
3640,564.0,13920000.0
3641,564.1,14340000.0
3642,564.2,14780000.0
3643,564.3,15222583.118
3644,564.4,15670000.0
3645,564.5,16130000.0
3646,564.6,16600000.0
3647,564.7,17070000.0
3648,564.8,17534510.786
3649,564.9,17990000.0
3650,565.0,18430000.0
3651,565.1,18840000.0
3652,565.2,19216467.208
3653,565.3,19550000.0
3654,565.4,19830000.0
3655,565.5,20050000.0
3656,565.6,20200000.0
3657,565.7,20269749.472
3658,565.8,20260000.0
3659,565.9,20170000.0
3660,566.0,19990000.0
3661,566.1,19733926.173
3662,566.2,19400000.0
3663,566.3,18990000.0
3664,566.4,18530000.0
3665,566.5,18010000.0
3666,566.6,17447247.902
3667,566.7,16860000.0
3668,566.8,16260000.0
3669,566.9,15650000.0
3670,567.0,15051410.508
3671,567.1,14470000.0
3672,567.2,13910000.0
3673,567.3,13390000.0
3674,567.4,12920000.0
3675,567.5,12495458.059
3676,567.6,12120000.0
3677,567.7,11800000.0
3678,567.8,11540000.0
3679,567.9,11340000.0
3680,568.0,11196509.309
3681,568.1,11110000.0
3682,568.2,11080000.0
3683,568.3,11100000.0
3684,568.4,11171923.7
3685,568.5,11300000.0
3686,568.6,11480000.0
3687,568.7,11690000.0
3688,568.8,11950000.0
3689,568.9,12247682.298
3690,569.0,12570000.0
3691,569.1,12910000.0
3692,569.2,13270000.0
3693,569.3,13643212.835
3694,569.4,14020000.0
3695,569.5,14390000.0
3696,569.6,14740000.0
3697,569.7,15060000.0
3698,569.8,15349483.094
3699,569.9,15600000.0
3700,570.0,15800000.0
3701,570.1,15940000.0
3702,570.2,16021729.016
3703,570.3,16040000.0
3704,570.4,15990000.0
3705,570.5,15880000.0
3706,570.6,15720000.0
3707,570.7,15504782.673
3708,570.8,15250000.0
3709,570.9,14970000.0
3710,571.0,14660000.0
3711,571.1,14348697.252
3712,571.2,14040000.0
3713,571.3,13740000.0
3714,571.4,13480000.0
3715,571.5,13240000.0
3716,571.6,13050493.187
3717,571.7,12910000.0
3718,571.8,12810000.0
3719,571.9,12760000.0
3720,572.0,12751037.744
3721,572.1,12780000.0
3722,572.2,12840000.0
3723,572.3,12910000.0
3724,572.4,13000000.0
3725,572.5,13076114.143
3726,572.6,13130000.0
3727,572.7,13160000.0
3728,572.8,13150000.0
3729,572.9,13090000.0
3730,573.0,12983924.17
3731,573.1,12820000.0
3732,573.2,12590000.0
3733,573.3,12310000.0
3734,573.4,11969908.756
3735,573.5,11570000.0
3736,573.6,11120000.0
3737,573.7,10640000.0
3738,573.8,10130000.0
3739,573.9,9598272.34
3740,574.0,9054000.0
3741,574.1,8506000.0
3742,574.2,7964000.0
3743,574.3,7435271.212
3744,574.4,6927000.0
3745,574.5,6446000.0
3746,574.6,5997000.0
3747,574.7,5584000.0
3748,574.8,5209199.934
3749,574.9,4875000.0
3750,575.0,4583000.0
3751,575.1,4332000.0
3752,575.2,4123130.459
3753,575.3,3954000.0
3754,575.4,3822000.0
3755,575.5,3727000.0
3756,575.6,3665000.0
3757,575.7,3632396.753
3758,575.8,3627000.0
3759,575.9,3646000.0
3760,576.0,3684000.0
3761,576.1,3738136.795
3762,576.2,3805000.0
3763,576.3,3881000.0
3764,576.4,3963000.0
3765,576.5,4047000.0
3766,576.6,4129918.104
3767,576.7,4210000.0
3768,576.8,4285000.0
3769,576.9,4351000.0
3770,577.0,4408117.739
3771,577.1,4455000.0
3772,577.2,4490000.0
3773,577.3,4513000.0
3774,577.4,4524000.0
3775,577.5,4523827.769
3776,577.6,4513000.0
3777,577.7,4492000.0
3778,577.8,4462000.0
3779,577.9,4425000.0
3780,578.0,4382594.288
3781,578.1,4337000.0
3782,578.2,4290000.0
3783,578.3,4242000.0
3784,578.4,4196745.452
3785,578.5,4156000.0
3786,578.6,4121000.0
3787,578.7,4094000.0
3788,578.8,4077000.0
3789,578.9,4070862.804
3790,579.0,4077000.0
3791,579.1,4097000.0
3792,579.2,4132000.0
3793,579.3,4182017.189
3794,579.4,4247000.0
3795,579.5,4327000.0
3796,579.6,4422000.0
3797,579.7,4531000.0
3798,579.8,4652809.532
3799,579.9,4786000.0
3800,580.0,4929000.0
3801,580.1,5080000.0
3802,580.2,5237293.11
3803,580.3,5399000.0
3804,580.4,5563000.0
3805,580.5,5727000.0
3806,580.6,5890000.0
3807,580.7,6049086.006
3808,580.8,6203000.0
3809,580.9,6351000.0
3810,581.0,6492000.0
3811,581.1,6624946.245
3812,581.2,6749000.0
3813,581.3,6864000.0
3814,581.4,6971000.0
3815,581.5,7068000.0
3816,581.6,7156934.084
3817,581.7,7238000.0
3818,581.8,7311000.0
3819,581.9,7377000.0
3820,582.0,7436237.852
3821,582.1,7490000.0
3822,582.2,7539000.0
3823,582.3,7582000.0
3824,582.4,7622000.0
3825,582.5,7657166.502
3826,582.6,7689000.0
3827,582.7,7719000.0
3828,582.8,7745000.0
3829,582.9,7769000.0
3830,583.0,7790434.861
3831,583.1,7809000.0
3832,583.2,7825000.0
3833,583.3,7839000.0
3834,583.4,7849215.344
3835,583.5,7855000.0
3836,583.6,7856000.0
3837,583.7,7851000.0
3838,583.8,7838000.0
3839,583.9,7814714.374
3840,584.0,7780000.0
3841,584.1,7732000.0
3842,584.2,7666000.0
3843,584.3,7580866.422
3844,584.4,7475000.0
3845,584.5,7346000.0
3846,584.6,7191000.0
3847,584.7,7010000.0
3848,584.8,6801469.972
3849,584.9,6566000.0
3850,585.0,6305000.0
3851,585.1,6020000.0
3852,585.2,5712396.168
3853,585.3,5386000.0
3854,585.4,5045000.0
3855,585.5,4693000.0
3856,585.6,4335000.0
3857,585.7,3974852.072
3858,585.8,3617000.0
3859,585.9,3266000.0
3860,586.0,2926000.0
3861,586.1,2601289.551
3862,586.2,2294000.0
3863,586.3,2006000.0
3864,586.4,1740000.0
3865,586.5,1497000.0
3866,586.6,1277094.774
3867,586.7,1080000.0
3868,586.8,905400.0
3869,586.9,752800.0
3870,587.0,620497.699
3871,587.1,507000.0
3872,587.2,410800.0
3873,587.3,329900.0
3874,587.4,262600.0
3875,587.5,207211.766
3876,587.6,162100.0
3877,587.7,125700.0
3878,587.8,96640.0
3879,587.9,73630.0
3880,588.0,55597.061
3881,588.1,41630.0
3882,588.2,30890.0
3883,588.3,22720.0
3884,588.4,16559.507
3885,588.5,11970.0
3886,588.6,8569.0
3887,588.7,6083.0
3888,588.8,4280.0
3889,588.9,2982.45
3890,589.0,2063.0
3891,589.1,1413.0
3892,589.2,959.7
3893,589.3,645.293
3894,589.4,430.9
3895,589.5,284.9
3896,589.6,186.7
3897,589.7,121.3
3898,589.8,77.936
3899,589.9,49.82
3900,590.0,31.51
3901,590.1,19.75
3902,590.2,12.238
3903,590.3,7.556
3904,590.4,4.612
3905,590.5,2.79
3906,590.6,1.673
3907,590.7,0.99
3908,590.8,0.586
3909,590.9,0.342
3910,591.0,0.198
3911,591.1,0.113
3912,591.2,0.064
3913,591.3,0.036
3914,591.4,0.02
3915,591.5,0.011
3916,591.6,0.006
3917,591.7,0.003
3918,591.8,0.002
3919,591.9,0.001
3920,592.0,0.001
3921,592.1,0.0
3922,592.2,0.0
3923,592.3,0.0
3924,592.4,0.001
3925,592.5,0.001
3926,592.6,0.002
3927,592.7,0.003
3928,592.8,0.005
3929,592.9,0.008
3930,593.0,0.013
3931,593.1,0.022
3932,593.2,0.036
3933,593.3,0.058
3934,593.4,0.094
3935,593.5,0.15
3936,593.6,0.238
3937,593.7,0.375
3938,593.8,0.585
3939,593.9,0.904
3940,594.0,1.39
3941,594.1,2.114
3942,594.2,3.189
3943,594.3,4.764
3944,594.4,7.076
3945,594.5,10.41
3946,594.6,15.18
3947,594.7,21.95
3948,594.8,31.444
3949,594.9,44.73
3950,595.0,63.06
3951,595.1,88.14
3952,595.2,122.113
3953,595.3,167.9
3954,595.4,228.8
3955,595.5,309.1
3956,595.6,414.2
3957,595.7,550.163
3958,595.8,724.8
3959,595.9,946.7
3960,596.0,1226.0
3961,596.1,1574.307
3962,596.2,2005.0
3963,596.3,2532.0
3964,596.4,3170.0
3965,596.5,3935.0
3966,596.6,4844.391
3967,596.7,5914.0
3968,596.8,7159.0
3969,596.9,8594.0
3970,597.0,10232.101
3971,597.1,12080.0
3972,597.2,14140.0
3973,597.3,16410.0
3974,597.4,18900.0
3975,597.5,21584.802
3976,597.6,24450.0
3977,597.7,27480.0
3978,597.8,30640.0
3979,597.9,33910.0
3980,598.0,37240.425
3981,598.1,40600.0
3982,598.2,43960.0
3983,598.3,47280.0
3984,598.4,50543.073
3985,598.5,53730.0
3986,598.6,56830.0
3987,598.7,59870.0
3988,598.8,62870.0
3989,598.9,65875.058
3990,599.0,68960.0
3991,599.1,72210.0
3992,599.2,75730.0
3993,599.3,79641.877
3994,599.4,84090.0
3995,599.5,89220.0
3996,599.6,95190.0
3997,599.7,102200.0
3998,599.8,110271.472
3999,599.9,119600.0
4000,600.0,130400.0
4001,600.1,142700.0
4002,600.2,156455.338
4003,600.3,171800.0
4004,600.4,188800.0
4005,600.5,207200.0
4006,600.6,227100.0
4007,600.7,248302.453
4008,600.8,270700.0
4009,600.9,294200.0
4010,601.0,318600.0
4011,601.1,343841.846
4012,601.2,369900.0
4013,601.3,396700.0
4014,601.4,424100.0
4015,601.5,452300.0
4016,601.6,481376.785
4017,601.7,511500.0
4018,601.8,542900.0
4019,601.9,575900.0
4020,602.0,610857.369
4021,602.1,648000.0
4022,602.2,687600.0
4023,602.3,730100.0
4024,602.4,775500.0
4025,602.5,823882.963
4026,602.6,875200.0
4027,602.7,929300.0
4028,602.8,985800.0
4029,602.9,1044000.0
4030,603.0,1102791.728
4031,603.1,1162000.0
4032,603.2,1221000.0
4033,603.3,1277000.0
4034,603.4,1329234.12
4035,603.5,1377000.0
4036,603.6,1419000.0
4037,603.7,1453000.0
4038,603.8,1479000.0
4039,603.9,1496039.527
4040,604.0,1503000.0
4041,604.1,1499000.0
4042,604.2,1484000.0
4043,604.3,1458790.291
4044,604.4,1424000.0
4045,604.5,1380000.0
4046,604.6,1327000.0
4047,604.7,1267000.0
4048,604.8,1201771.571
4049,604.9,1132000.0
4050,605.0,1059000.0
4051,605.1,986400.0
4052,605.2,914669.028
4053,605.3,845600.0
4054,605.4,781400.0
4055,605.5,723600.0
4056,605.6,674000.0
4057,605.7,634055.448
4058,605.8,605300.0
4059,605.9,589300.0
4060,606.0,587500.0
4061,606.1,601193.591
4062,606.2,631700.0
4063,606.3,680300.0
4064,606.4,748100.0
4065,606.5,836200.0
4066,606.6,945412.241
4067,606.7,1077000.0
4068,606.8,1232000.0
4069,606.9,1410000.0
4070,607.0,1610658.483
4071,607.1,1835000.0
4072,607.2,2083000.0
4073,607.3,2351000.0
4074,607.4,2640000.0
4075,607.5,2947012.962
4076,607.6,3269000.0
4077,607.7,3603000.0
4078,607.8,3945000.0
4079,607.9,4291000.0
4080,608.0,4636022.799
4081,608.1,4975000.0
4082,608.2,5303000.0
4083,608.3,5615000.0
4084,608.4,5904841.922
4085,608.5,6168000.0
4086,608.6,6400000.0
4087,608.7,6596000.0
4088,608.8,6755000.0
4089,608.9,6872250.238
4090,609.0,6947000.0
4091,609.1,6980000.0
4092,609.2,6972000.0
4093,609.3,6923524.576
4094,609.4,6839000.0
4095,609.5,6723000.0
4096,609.6,6578000.0
4097,609.7,6411000.0
4098,609.8,6227676.001
4099,609.9,6034000.0
4100,610.0,5836000.0
4101,610.1,5639000.0
4102,610.2,5448471.724
4103,610.3,5269000.0
4104,610.4,5105000.0
4105,610.5,4960000.0
4106,610.6,4834000.0
4107,610.7,4730095.822
4108,610.8,4648000.0
4109,610.9,4586000.0
4110,611.0,4542000.0
4111,611.1,4514989.933
4112,611.2,4501000.0
4113,611.3,4496000.0
4114,611.4,4498000.0
4115,611.5,4502000.0
4116,611.6,4505412.677
4117,611.7,4504000.0
4118,611.8,4494000.0
4119,611.9,4475000.0
4120,612.0,4443461.379
4121,612.1,4398000.0
4122,612.2,4338000.0
4123,612.3,4263000.0
4124,612.4,4174000.0
4125,612.5,4070882.565
4126,612.6,3955000.0
4127,612.7,3828000.0
4128,612.8,3691000.0
4129,612.9,3546000.0
4130,613.0,3394864.013
4131,613.1,3239000.0
4132,613.2,3080000.0
4133,613.3,2920000.0
4134,613.4,2759523.297
4135,613.5,2600000.0
4136,613.6,2443000.0
4137,613.7,2289000.0
4138,613.8,2138000.0
4139,613.9,1991301.558
4140,614.0,1849000.0
4141,614.1,1711000.0
4142,614.2,1578000.0
4143,614.3,1450353.548
4144,614.4,1328000.0
4145,614.5,1211000.0
4146,614.6,1100000.0
4147,614.7,995000.0
4148,614.8,895640.387
4149,614.9,802200.0
4150,615.0,715000.0
4151,615.1,633900.0
4152,615.2,558965.063
4153,615.3,490200.0
4154,615.4,427500.0
4155,615.5,370600.0
4156,615.6,319500.0
4157,615.7,273787.785
4158,615.8,233200.0
4159,615.9,197500.0
4160,616.0,166300.0
4161,616.1,139312.94
4162,616.2,116200.0
4163,616.3,96590.0
4164,616.4,80110.0
4165,616.5,66490.0
4166,616.6,55433.095
4167,616.7,46690.0
4168,616.8,40040.0
4169,616.9,35310.0
4170,617.0,32351.948
4171,617.1,31070.0
4172,617.2,31390.0
4173,617.3,33280.0
4174,617.4,36750.0
4175,617.5,41832.822
4176,617.6,48580.0
4177,617.7,57060.0
4178,617.8,67380.0
4179,617.9,79610.0
4180,618.0,93832.686
4181,618.1,110200.0
4182,618.2,128800.0
4183,618.3,149500.0
4184,618.4,172446.715
4185,618.5,197700.0
4186,618.6,225200.0
4187,618.7,254700.0
4188,618.8,286200.0
4189,618.9,319462.837
4190,619.0,354300.0
4191,619.1,390500.0
4192,619.2,427700.0
4193,619.3,465745.377
4194,619.4,504300.0
4195,619.5,543000.0
4196,619.6,581600.0
4197,619.7,619800.0
4198,619.8,657422.7
4199,619.9,694200.0
4200,620.0,729900.0
4201,620.1,764500.0
4202,620.2,797809.265
4203,620.3,829800.0
4204,620.4,860500.0
4205,620.5,889900.0
4206,620.6,918000.0
4207,620.7,945077.642
4208,620.8,971100.0
4209,620.9,996200.0
4210,621.0,1021000.0
4211,621.1,1044635.883
4212,621.2,1068000.0
4213,621.3,1092000.0
4214,621.4,1116000.0
4215,621.5,1141000.0
4216,621.6,1166353.217
4217,621.7,1193000.0
4218,621.8,1222000.0
4219,621.9,1253000.0
4220,622.0,1286789.187
4221,622.1,1324000.0
4222,622.2,1365000.0
4223,622.3,1410000.0
4224,622.4,1460000.0
4225,622.5,1515044.937
4226,622.6,1575000.0
4227,622.7,1640000.0
4228,622.8,1711000.0
4229,622.9,1788000.0
4230,623.0,1868814.579
4231,623.1,1954000.0
4232,623.2,2044000.0
4233,623.3,2136000.0
4234,623.4,2228980.863
4235,623.5,2323000.0
4236,623.6,2417000.0
4237,623.7,2507000.0
4238,623.8,2594000.0
4239,623.9,2675265.704
4240,624.0,2749000.0
4241,624.1,2814000.0
4242,624.2,2869000.0
4243,624.3,2912988.897
4244,624.4,2945000.0
4245,624.5,2964000.0
4246,624.6,2969000.0
4247,624.7,2960000.0
4248,624.8,2937121.435
4249,624.9,2901000.0
4250,625.0,2852000.0
4251,625.1,2790000.0
4252,625.2,2718212.788
4253,625.3,2637000.0
4254,625.4,2547000.0
4255,625.5,2452000.0
4256,625.6,2351000.0
4257,625.7,2247736.664
4258,625.8,2144000.0
4259,625.9,2041000.0
4260,626.0,1941000.0
4261,626.1,1845014.153
4262,626.2,1755000.0
4263,626.3,1673000.0
4264,626.4,1600000.0
4265,626.5,1537000.0
4266,626.6,1485217.124
4267,626.7,1445000.0
4268,626.8,1417000.0
4269,626.9,1403000.0
4270,627.0,1401693.033
4271,627.1,1413000.0
4272,627.2,1437000.0
4273,627.3,1473000.0
4274,627.4,1522000.0
4275,627.5,1581201.186
4276,627.6,1650000.0
4277,627.7,1728000.0
4278,627.8,1813000.0
4279,627.9,1905000.0
4280,628.0,2001613.779
4281,628.1,2101000.0
4282,628.2,2202000.0
4283,628.3,2304000.0
4284,628.4,2404512.183
4285,628.5,2503000.0
4286,628.6,2599000.0
4287,628.7,2690000.0
4288,628.8,2775000.0
4289,628.9,2855555.28
4290,629.0,2930000.0
4291,629.1,2997000.0
4292,629.2,3059000.0
4293,629.3,3114306.899
4294,629.4,3163000.0
4295,629.5,3206000.0
4296,629.6,3244000.0
4297,629.7,3277000.0
4298,629.8,3305762.856
4299,629.9,3331000.0
4300,630.0,3353000.0
4301,630.1,3371000.0
4302,630.2,3385167.285
4303,630.3,3396000.0
4304,630.4,3404000.0
4305,630.5,3409000.0
4306,630.6,3409000.0
4307,630.7,3404380.465
4308,630.8,3395000.0
4309,630.9,3380000.0
4310,631.0,3358000.0
4311,631.1,3330203.883
4312,631.2,3295000.0
4313,631.3,3251000.0
4314,631.4,3200000.0
4315,631.5,3140000.0
4316,631.6,3071318.049
4317,631.7,2994000.0
4318,631.8,2908000.0
4319,631.9,2814000.0
4320,632.0,2712307.198
4321,632.1,2604000.0
4322,632.2,2490000.0
4323,632.3,2370000.0
4324,632.4,2245000.0
4325,632.5,2116895.252
4326,632.6,1987000.0
4327,632.7,1856000.0
4328,632.8,1724000.0
4329,632.9,1594000.0
4330,633.0,1465514.915
4331,633.1,1340000.0
4332,633.2,1219000.0
4333,633.3,1102000.0
4334,633.4,990776.743
4335,633.5,885800.0
4336,633.6,787100.0
4337,633.7,695100.0
4338,633.8,610100.0
4339,633.9,532192.839
4340,634.0,461300.0
4341,634.1,397300.0
4342,634.2,340000.0
4343,634.3,289048.577
4344,634.4,244100.0
4345,634.5,204800.0
4346,634.6,170700.0
4347,634.7,141300.0
4348,634.8,116171.997
4349,634.9,94870.0
4350,635.0,76950.0
4351,635.1,62010.0
4352,635.2,49643.984
4353,635.3,39500.0
4354,635.4,31250.0
4355,635.5,24600.0
4356,635.6,19280.0
4357,635.7,15076.887
4358,635.8,11800.0
4359,635.9,9270.0
4360,636.0,7346.0
4361,636.1,5909.978
4362,636.2,4868.0
4363,636.3,4136.0
4364,636.4,3649.0
4365,636.5,3354.0
4366,636.6,3206.366
4367,636.7,3173.0
4368,636.8,3225.0
4369,636.9,3340.0
4370,637.0,3499.217
4371,637.1,3688.0
4372,637.2,3893.0
4373,637.3,4103.0
4374,637.4,4310.0
4375,637.5,4506.057
4376,637.6,4685.0
4377,637.7,4841.0
4378,637.8,4969.0
4379,637.9,5068.0
4380,638.0,5133.288
4381,638.1,5165.0
4382,638.2,5164.0
4383,638.3,5129.0
4384,638.4,5063.313
4385,638.5,4970.0
4386,638.6,4852.0
4387,638.7,4714.0
4388,638.8,4562.0
4389,638.9,4399.495
4390,639.0,4232.0
4391,639.1,4066.0
4392,639.2,3908.0
4393,639.3,3761.526
4394,639.4,3631.0
4395,639.5,3521.0
4396,639.6,3435.0
4397,639.7,3376.0
4398,639.8,3344.963
4399,639.9,3342.0
4400,640.0,3367.0
4401,640.1,3419.0
4402,640.2,3495.504
4403,640.3,3593.0
4404,640.4,3708.0
4405,640.5,3837.0
4406,640.6,3974.0
4407,640.7,4114.24
4408,640.8,4252.0
4409,640.9,4382.0
4410,641.0,4501.0
4411,641.1,4602.364
4412,641.2,4682.0
4413,641.3,4737.0
4414,641.4,4765.0
4415,641.5,4763.0
4416,641.6,4729.895
4417,641.7,4666.0
4418,641.8,4572.0
4419,641.9,4449.0
4420,642.0,4298.214
4421,642.1,4123.0
4422,642.2,3927.0
4423,642.3,3713.0
4424,642.4,3485.0
4425,642.5,3248.01
4426,642.6,3005.0
4427,642.7,2759.0
4428,642.8,2515.0
4429,642.9,2276.0
4430,643.0,2044.417
4431,643.1,1823.0
4432,643.2,1614.0
4433,643.3,1418.0
4434,643.4,1236.959
4435,643.5,1071.0
4436,643.6,920.0
4437,643.7,784.8
4438,643.8,664.6
4439,643.9,558.651
4440,644.0,466.1
4441,644.1,386.0
4442,644.2,317.3
4443,644.3,258.947
4444,644.4,209.8
4445,644.5,168.7
4446,644.6,134.6
4447,644.7,106.7
4448,644.8,83.914
4449,644.9,65.48
4450,645.0,50.74
4451,645.1,39.03
4452,645.2,29.797
4453,645.3,22.59
4454,645.4,17.0
4455,645.5,12.7
4456,645.6,9.418
4457,645.7,6.937
4458,645.8,5.085
4459,645.9,3.713
4460,646.0,2.715
4461,646.1,2.006
4462,646.2,1.531
4463,646.3,1.247
4464,646.4,1.136
4465,646.5,1.2
4466,646.6,1.459
4467,646.7,1.973
4468,646.8,2.822
4469,646.9,4.143
4470,647.0,6.129
4471,647.1,9.092
4472,647.2,13.42
4473,647.3,19.71
4474,647.4,28.76
4475,647.5,41.657
4476,647.6,60.05
4477,647.7,85.89
4478,647.8,122.0
4479,647.9,172.2
4480,648.0,241.196
4481,648.1,335.9
4482,648.2,464.4
4483,648.3,637.7
4484,648.4,869.872
4485,648.5,1179.0
4486,648.6,1586.0
4487,648.7,2120.0
4488,648.8,2815.0
4489,648.9,3711.96
4490,649.0,4864.0
4491,649.1,6330.0
4492,649.2,8183.0
4493,649.3,10510.439
4494,649.4,13410.0
4495,649.5,16990.0
4496,649.6,21390.0
4497,649.7,26750.0
4498,649.8,33232.303
4499,649.9,41020.0
4500,650.0,50300.0
4501,650.1,61270.0
4502,650.2,74160.4
4503,650.3,89170.0
4504,650.4,106500.0
4505,650.5,126400.0
4506,650.6,149100.0
4507,650.7,174741.68
4508,650.8,203400.0
4509,650.9,235200.0
4510,651.0,270400.0
4511,651.1,308880.984
4512,651.2,350500.0
4513,651.3,395200.0
4514,651.4,443000.0
4515,651.5,493400.0
4516,651.6,546152.328
4517,651.7,600900.0
4518,651.8,657200.0
4519,651.9,714500.0
4520,652.0,772242.217
4521,652.1,829900.0
4522,652.2,886900.0
4523,652.3,942600.0
4524,652.4,996600.0
4525,652.5,1047926.638
4526,652.6,1097000.0
4527,652.7,1144000.0
4528,652.8,1187000.0
4529,652.9,1226000.0
4530,653.0,1262749.922
4531,653.1,1297000.0
4532,653.2,1328000.0
4533,653.3,1356000.0
4534,653.4,1382952.799
4535,653.5,1409000.0
4536,653.6,1434000.0
4537,653.7,1459000.0
4538,653.8,1485000.0
4539,653.9,1512201.096
4540,654.0,1541000.0
4541,654.1,1572000.0
4542,654.2,1606000.0
4543,654.3,1642917.302
4544,654.4,1682000.0
4545,654.5,1723000.0
4546,654.6,1767000.0
4547,654.7,1812000.0
4548,654.8,1857888.007
4549,654.9,1904000.0
4550,655.0,1949000.0
4551,655.1,1991000.0
4552,655.2,2030158.196
4553,655.3,2065000.0
4554,655.4,2094000.0
4555,655.5,2117000.0
4556,655.6,2132000.0
4557,655.7,2139025.023
4558,655.8,2137000.0
4559,655.9,2125000.0
4560,656.0,2104000.0
4561,656.1,2073375.602
4562,656.2,2033000.0
4563,656.3,1983000.0
4564,656.4,1924000.0
4565,656.5,1858000.0
4566,656.6,1784243.742
4567,656.7,1704000.0
4568,656.8,1619000.0
4569,656.9,1530000.0
4570,657.0,1438288.387
4571,657.1,1345000.0
4572,657.2,1251000.0
4573,657.3,1157000.0
4574,657.4,1065000.0
4575,657.5,975105.024
4576,657.6,888100.0
4577,657.7,805000.0
4578,657.8,726300.0
4579,657.9,652200.0
4580,658.0,583086.767
4581,658.1,519100.0
4582,658.2,460300.0
4583,658.3,406700.0
4584,658.4,358107.325
4585,658.5,314400.0
4586,658.6,275400.0
4587,658.7,240700.0
4588,658.8,210200.0
4589,658.9,183535.039
4590,659.0,160400.0
4591,659.1,140500.0
4592,659.2,123500.0
4593,659.3,109317.286
4594,659.4,97700.0
4595,659.5,88370.0
4596,659.6,81200.0
4597,659.7,76090.0
4598,659.8,72917.875
4599,659.9,71620.0
4600,660.0,72160.0
4601,660.1,74540.0
4602,660.2,78773.206
4603,660.3,84910.0
4604,660.4,93000.0
4605,660.5,103100.0
4606,660.6,115400.0
4607,660.7,129954.698
4608,660.8,146900.0
4609,660.9,166400.0
4610,661.0,188600.0
4611,661.1,213640.484
4612,661.2,241600.0
4613,661.3,272600.0
4614,661.4,306900.0
4615,661.5,344500.0
4616,661.6,385551.115
4617,661.7,430000.0
4618,661.8,477800.0
4619,661.9,529100.0
4620,662.0,583707.941
4621,662.1,641500.0
4622,662.2,702300.0
4623,662.3,765700.0
4624,662.4,831600.0
4625,662.5,899289.602
4626,662.6,968600.0
4627,662.7,1039000.0
4628,662.8,1109000.0
4629,662.9,1180000.0
4630,663.0,1249115.844
4631,663.1,1316000.0
4632,663.2,1381000.0
4633,663.3,1443000.0
4634,663.4,1500537.017
4635,663.5,1553000.0
4636,663.6,1600000.0
4637,663.7,1641000.0
4638,663.8,1675000.0
4639,663.9,1701294.122
4640,664.0,1720000.0
4641,664.1,1731000.0
4642,664.2,1733000.0
4643,664.3,1726383.63
4644,664.4,1712000.0
4645,664.5,1690000.0
4646,664.6,1659000.0
4647,664.7,1621000.0
4648,664.8,1576517.278
4649,664.9,1526000.0
4650,665.0,1470000.0
4651,665.1,1409000.0
4652,665.2,1344006.067
4653,665.3,1276000.0
4654,665.4,1206000.0
4655,665.5,1135000.0
4656,665.6,1063000.0
4657,665.7,990898.496
4658,665.8,919700.0
4659,665.9,850200.0
4660,666.0,782700.0
4661,666.1,717752.798
4662,666.2,655700.0
4663,666.3,596800.0
4664,666.4,541300.0
4665,666.5,489400.0
4666,666.6,441243.207
4667,666.7,396800.0
4668,666.8,356000.0
4669,666.9,318800.0
4670,667.0,285200.603
4671,667.1,255100.0
4672,667.2,228300.0
4673,667.3,204500.0
4674,667.4,183800.0
4675,667.5,165835.775
4676,667.6,150500.0
4677,667.7,137700.0
4678,667.8,127100.0
4679,667.9,118700.0
4680,668.0,112207.279
4681,668.1,107500.0
4682,668.2,104500.0
4683,668.3,103000.0
4684,668.4,102769.241
4685,668.5,103700.0
4686,668.6,105700.0
4687,668.7,108600.0
4688,668.8,112200.0
4689,668.9,116390.062
4690,669.0,121100.0
4691,669.1,126200.0
4692,669.2,131400.0
4693,669.3,136687.148
4694,669.4,142000.0
4695,669.5,147200.0
4696,669.6,152100.0
4697,669.7,156800.0
4698,669.8,161046.125
4699,669.9,164800.0
4700,670.0,168100.0
4701,670.1,170900.0
4702,670.2,173053.325
4703,670.3,174600.0
4704,670.4,175600.0
4705,670.5,176000.0
4706,670.6,175800.0
4707,670.7,174959.582
4708,670.8,173600.0
4709,670.9,171800.0
4710,671.0,169400.0
4711,671.1,166580.376
4712,671.2,163400.0
4713,671.3,159900.0
4714,671.4,156200.0
4715,671.5,152200.0
4716,671.6,148108.601
4717,671.7,144000.0
4718,671.8,139900.0
4719,671.9,135900.0
4720,672.0,132130.752
4721,672.1,128700.0
4722,672.2,125700.0
4723,672.3,123200.0
4724,672.4,121300.0
4725,672.5,120130.478
4726,672.6,119800.0
4727,672.7,120400.0
4728,672.8,122000.0
4729,672.9,124700.0
4730,673.0,128530.203
4731,673.1,133600.0
4732,673.2,140000.0
4733,673.3,147700.0
4734,673.4,156815.736
4735,673.5,167300.0
4736,673.6,179100.0
4737,673.7,192300.0
4738,673.8,206800.0
4739,673.9,222530.639
4740,674.0,239400.0
4741,674.1,257300.0
4742,674.2,276100.0
4743,674.3,295631.052
4744,674.4,315700.0
4745,674.5,336100.0
4746,674.6,356600.0
4747,674.7,377000.0
4748,674.8,397040.941
4749,674.9,416400.0
4750,675.0,434800.0
4751,675.1,452100.0
4752,675.2,467918.007
4753,675.3,482100.0
4754,675.4,494500.0
4755,675.5,504800.0
4756,675.6,513000.0
4757,675.7,518926.831
4758,675.8,522500.0
4759,675.9,523700.0
4760,676.0,522600.0
4761,676.1,519367.622
4762,676.2,514100.0
4763,676.3,506900.0
4764,676.4,498000.0
4765,676.5,487700.0
4766,676.6,476283.768
4767,676.7,464000.0
4768,676.8,451100.0
4769,676.9,437900.0
4770,677.0,424758.711
4771,677.1,411800.0
4772,677.2,399200.0
4773,677.3,387400.0
4774,677.4,376300.0
4775,677.5,366136.881
4776,677.6,357000.0
4777,677.7,348900.0
4778,677.8,341800.0
4779,677.9,335600.0
4780,678.0,330400.988
4781,678.1,326100.0
4782,678.2,322500.0
4783,678.3,319400.0
4784,678.4,316860.229
4785,678.5,314700.0
4786,678.6,312700.0
4787,678.7,310800.0
4788,678.8,308900.0
4789,678.9,306877.898
4790,679.0,304700.0
4791,679.1,302300.0
4792,679.2,299500.0
4793,679.3,296433.852
4794,679.4,293000.0
4795,679.5,289100.0
4796,679.6,284900.0
4797,679.7,280300.0
4798,679.8,275248.71
4799,679.9,269800.0
4800,680.0,264000.0
4801,680.1,257800.0
4802,680.2,251180.239
4803,680.3,244200.0
4804,680.4,236900.0
4805,680.5,229200.0
4806,680.6,221100.0
4807,680.7,212694.691
4808,680.8,204000.0
4809,680.9,195000.0
4810,681.0,185700.0
4811,681.1,176234.936
4812,681.2,166600.0
4813,681.3,156800.0
4814,681.4,147000.0
4815,681.5,137200.0
4816,681.6,127454.886
4817,681.7,117800.0
4818,681.8,108300.0
4819,681.9,99120.0
4820,682.0,90228.98
4821,682.1,81680.0
4822,682.2,73550.0
4823,682.3,65860.0
4824,682.4,58630.0
4825,682.5,51897.105
4826,682.6,45670.0
4827,682.7,39950.0
4828,682.8,34740.0
4829,682.9,30030.0
4830,683.0,25801.677
4831,683.1,22030.0
4832,683.2,18690.0
4833,683.3,15760.0
4834,683.4,13208.479
4835,683.5,11000.0
4836,683.6,9101.0
4837,683.7,7484.0
4838,683.8,6115.0
4839,683.9,4964.026
4840,684.0,4004.0
4841,684.1,3209.0
4842,684.2,2556.0
4843,684.3,2022.416
4844,684.4,1590.0
4845,684.5,1242.0
4846,684.6,963.6
4847,684.7,742.9
4848,684.8,568.974
4849,684.9,433.1
4850,685.0,327.5
4851,685.1,246.0
4852,685.2,183.504
4853,685.3,136.1
4854,685.4,100.3
4855,685.5,73.38
4856,685.6,53.35
4857,685.7,38.521
4858,685.8,27.66
4859,685.9,19.72
4860,686.0,13.97
4861,686.1,9.823
4862,686.2,6.87
4863,686.3,4.771
4864,686.4,3.292
4865,686.5,2.257
4866,686.6,1.535
4867,686.7,1.04
4868,686.8,0.699
4869,686.9,0.467
4870,687.0,0.309
4871,687.1,0.204
4872,687.2,0.134
4873,687.3,0.087
4874,687.4,0.056
4875,687.5,0.036
4876,687.6,0.023
4877,687.7,0.015
4878,687.8,0.009
4879,687.9,0.006
4880,688.0,0.004
4881,688.1,0.002
4882,688.2,0.001
4883,688.3,0.001
4884,688.4,0.0
4885,688.5,0.0
4886,688.6,0.0
4887,688.7,0.0
4888,688.8,0.0
4889,688.9,0.0
4890,689.0,0.0
4891,689.1,0.0
4892,689.2,0.0
4893,689.3,0.0
4894,689.4,0.0
4895,689.5,0.0
4896,689.6,0.0
4897,689.7,0.0
4898,689.8,0.0
4899,689.9,0.0
4900,690.0,0.0
4901,690.1,0.0
4902,690.2,0.0
4903,690.3,0.0
4904,690.4,0.0
4905,690.5,0.0
4906,690.6,0.0
4907,690.7,0.0
4908,690.8,0.0
4909,690.9,0.0
4910,691.0,0.0
4911,691.1,0.0
4912,691.2,0.0
4913,691.3,0.0
4914,691.4,0.0
4915,691.5,0.0
4916,691.6,0.0
4917,691.7,0.0
4918,691.8,0.0
4919,691.9,0.0
4920,692.0,0.0
4921,692.1,0.0
4922,692.2,0.0
4923,692.3,0.0
4924,692.4,0.0
4925,692.5,0.0
4926,692.6,0.0
4927,692.7,0.0
4928,692.8,0.0
4929,692.9,0.0
4930,693.0,0.0
4931,693.1,0.0
4932,693.2,0.0
4933,693.3,0.0
4934,693.4,0.0
4935,693.5,0.0
4936,693.6,0.0
4937,693.7,0.0
4938,693.8,0.0
4939,693.9,0.0
4940,694.0,0.0
4941,694.1,0.0
4942,694.2,0.0
4943,694.3,0.0
4944,694.4,0.0
4945,694.5,0.0
4946,694.6,0.0
4947,694.7,0.0
4948,694.8,0.0
4949,694.9,0.0
4950,695.0,0.0
4951,695.1,0.0
4952,695.2,0.0
4953,695.3,0.0
4954,695.4,0.0
4955,695.5,0.0
4956,695.6,0.0
4957,695.7,0.0
4958,695.8,0.0
4959,695.9,0.0
4960,696.0,0.0
4961,696.1,0.0
4962,696.2,0.001
4963,696.3,0.001
4964,696.4,0.002
4965,696.5,0.003
4966,696.6,0.004
4967,696.7,0.007
4968,696.8,0.011
4969,696.9,0.017
4970,697.0,0.026
4971,697.1,0.041
4972,697.2,0.062
4973,697.3,0.095
4974,697.4,0.144
4975,697.5,0.217
4976,697.6,0.326
4977,697.7,0.485
4978,697.8,0.718
4979,697.9,1.057
4980,698.0,1.544
4981,698.1,2.246
4982,698.2,3.244
4983,698.3,4.659
4984,698.4,6.644
4985,698.5,9.435
4986,698.6,13.31
4987,698.7,18.66
4988,698.8,26.01
4989,698.9,36.013
4990,699.0,49.62
4991,699.1,67.94
4992,699.2,92.47
4993,699.3,125.086
4994,699.4,168.3
4995,699.5,225.0
4996,699.6,299.1
4997,699.7,395.3
4998,699.8,519.269
4999,699.9,678.4
5000,700.0,880.9
5001,700.1,1137.0
5002,700.2,1459.368
5003,700.3,1863.0
5004,700.4,2364.0
5005,700.5,2982.0
5006,700.6,3741.0
5007,700.7,4665.768
5008,700.8,5786.0
5009,700.9,7134.0
5010,701.0,8747.0
5011,701.1,10664.184
5012,701.2,12930.0
5013,701.3,15590.0
5014,701.4,18690.0
5015,701.5,22280.0
5016,701.6,26410.604
5017,701.7,31140.0
5018,701.8,36520.0
5019,701.9,42580.0
5020,702.0,49379.297
5021,702.1,56960.0
5022,702.2,65350.0
5023,702.3,74560.0
5024,702.4,84620.0
5025,702.5,95505.391
5026,702.6,107200.0
5027,702.7,119700.0
5028,702.8,133000.0
5029,702.9,147000.0
5030,703.0,161570.285
5031,703.1,176600.0
5032,703.2,192000.0
5033,703.3,207700.0
5034,703.4,223485.93
5035,703.5,239200.0
5036,703.6,254700.0
5037,703.7,269800.0
5038,703.8,284300.0
5039,703.9,298028.141
5040,704.0,310800.0
5041,704.1,322400.0
5042,704.2,332600.0
5043,704.3,341429.802
5044,704.4,348700.0
5045,704.5,354200.0
5046,704.6,357900.0
5047,704.7,359700.0
5048,704.8,359632.967
5049,704.9,357700.0
5050,705.0,353900.0
5051,705.1,348300.0
5052,705.2,340972.139
5053,705.3,332000.0
5054,705.4,321500.0
5055,705.5,309700.0
5056,705.6,296800.0
5057,705.7,282873.196
5058,705.8,268100.0
5059,705.9,252700.0
5060,706.0,236900.0
5061,706.1,220910.061
5062,706.2,204900.0
5063,706.3,189000.0
5064,706.4,173300.0
5065,706.5,158100.0
5066,706.6,143462.225
5067,706.7,129400.0
5068,706.8,116000.0
5069,706.9,103500.0
5070,707.0,91817.225
5071,707.1,80970.0
5072,707.2,71010.0
5073,707.3,61920.0
5074,707.4,53690.0
5075,707.5,46289.714
5076,707.6,39680.0
5077,707.7,33820.0
5078,707.8,28660.0
5079,707.9,24140.0
5080,708.0,20216.999
5081,708.1,16840.0
5082,708.2,13950.0
5083,708.3,11480.0
5084,708.4,9393.444
5085,708.5,7644.0
5086,708.6,6183.0
5087,708.7,4972.0
5088,708.8,3975.0
5089,708.9,3159.107
5090,709.0,2496.0
5091,709.1,1960.0
5092,709.2,1531.0
5093,709.3,1188.256
5094,709.4,916.7
5095,709.5,703.2
5096,709.6,536.2
5097,709.7,406.5
5098,709.8,306.259
5099,709.9,229.5
5100,710.0,171.0
5101,710.1,126.8
5102,710.2,93.567
5103,710.3,68.9
5104,710.4,50.75
5105,710.5,37.62
5106,710.6,28.38
5107,710.7,22.172
5108,710.8,18.46
5109,710.9,16.83
5110,711.0,17.1
5111,711.1,19.251
5112,711.2,23.46
5113,711.3,30.0
5114,711.4,39.38
5115,711.5,52.31
5116,711.6,69.669
5117,711.7,92.77
5118,711.8,123.1
5119,711.9,162.5
5120,712.0,213.399
5121,712.1,278.9
5122,712.2,362.4
5123,712.3,468.1
5124,712.4,601.2
5125,712.5,767.697
5126,712.6,975.0
5127,712.7,1231.0
5128,712.8,1545.0
5129,712.9,1929.0
5130,713.0,2393.859
5131,713.1,2954.0
5132,713.2,3625.0
5133,713.3,4423.0
5134,713.4,5365.723
5135,713.5,6473.0
5136,713.6,7765.0
5137,713.7,9263.0
5138,713.8,10990.0
5139,713.9,12958.272
5140,714.0,15200.0
5141,714.1,17740.0
5142,714.2,20570.0
5143,714.3,23735.82
5144,714.4,27240.0
5145,714.5,31080.0
5146,714.6,35280.0
5147,714.7,39820.0
5148,714.8,44709.247
5149,714.9,49940.0
5150,715.0,55490.0
5151,715.1,61320.0
5152,715.2,67418.009
5153,715.3,73750.0
5154,715.4,80270.0
5155,715.5,86920.0
5156,715.6,93660.0
5157,715.7,100462.759
5158,715.8,107200.0
5159,715.9,113800.0
5160,716.0,120400.0
5161,716.1,126771.465
5162,716.2,132800.0
5163,716.3,138500.0
5164,716.4,144000.0
5165,716.5,149000.0
5166,716.6,153558.318
5167,716.7,157700.0
5168,716.8,161400.0
5169,716.9,164600.0
5170,717.0,167242.942
5171,717.1,169400.0
5172,717.2,171100.0
5173,717.3,172200.0
5174,717.4,172900.0
5175,717.5,173134.692
5176,717.6,172900.0
5177,717.7,172200.0
5178,717.8,171000.0
5179,717.9,169500.0
5180,718.0,167555.404
5181,718.1,165200.0
5182,718.2,162500.0
5183,718.3,159400.0
5184,718.4,155995.256
5185,718.5,152300.0
5186,718.6,148300.0
5187,718.7,144000.0
5188,718.8,139400.0
5189,718.9,134544.497
5190,719.0,129500.0
5191,719.1,124300.0
5192,719.2,118900.0
5193,719.3,113430.309
5194,719.4,107900.0
5195,719.5,102300.0
5196,719.6,96720.0
5197,719.7,91220.0
5198,719.8,85842.471
5199,719.9,80640.0
5200,720.0,75660.0
5201,720.1,70930.0
5202,720.2,66509.463
5203,720.3,62430.0
5204,720.4,58720.0
5205,720.5,55420.0
5206,720.6,52530.0
5207,720.7,50079.748
5208,720.8,48070.0
5209,720.9,46490.0
5210,721.0,45330.0
5211,721.1,44587.465
5212,721.2,44230.0
5213,721.3,44220.0
5214,721.4,44530.0
5215,721.5,45120.0
5216,721.6,45935.088
5217,721.7,46930.0
5218,721.8,48060.0
5219,721.9,49270.0
5220,722.0,50506.652
5221,722.1,51720.0
5222,722.2,52860.0
5223,722.3,53880.0
5224,722.4,54750.0
5225,722.5,55423.301
5226,722.6,55870.0
5227,722.7,56070.0
5228,722.8,56010.0
5229,722.9,55660.0
5230,723.0,55030.475
5231,723.1,54130.0
5232,723.2,52960.0
5233,723.3,51520.0
5234,723.4,49846.109
5235,723.5,47960.0
5236,723.6,45880.0
5237,723.7,43640.0
5238,723.8,41280.0
5239,723.9,38816.467
5240,724.0,36290.0
5241,724.1,33740.0
5242,724.2,31180.0
5243,724.3,28652.775
5244,724.4,26180.0
5245,724.5,23780.0
5246,724.6,21480.0
5247,724.7,19280.0
5248,724.8,17204.627
5249,724.9,15270.0
5250,725.0,13480.0
5251,725.1,11820.0
5252,725.2,10307.492
5253,725.3,8939.0
5254,725.4,7705.0
5255,725.5,6603.0
5256,725.6,5626.0
5257,725.7,4765.9
5258,725.8,4014.0
5259,725.9,3361.0
5260,726.0,2797.0
5261,726.1,2314.817
5262,726.2,1905.0
5263,726.3,1558.0
5264,726.4,1267.0
5265,726.5,1025.0
5266,726.6,823.932
5267,726.7,658.2
5268,726.8,522.9
5269,726.9,413.1
5270,727.0,324.405
5271,727.1,253.3
5272,727.2,196.6
5273,727.3,151.7
5274,727.4,116.4
5275,727.5,88.774
5276,727.6,67.34
5277,727.7,50.78
5278,727.8,38.06
5279,727.9,28.36
5280,728.0,21.004
5281,728.1,15.48
5282,728.2,11.34
5283,728.3,8.254
5284,728.4,5.971
5285,728.5,4.3
5286,728.6,3.076
5287,728.7,2.188
5288,728.8,1.547
5289,728.9,1.087
5290,729.0,0.761
5291,729.1,0.529
5292,729.2,0.365
5293,729.3,0.251
5294,729.4,0.171
5295,729.5,0.116
5296,729.6,0.079
5297,729.7,0.053
5298,729.8,0.035
5299,729.9,0.023
5300,730.0,0.015
5301,730.1,0.01
5302,730.2,0.007
5303,730.3,0.004
5304,730.4,0.003
5305,730.5,0.002
5306,730.6,0.001
5307,730.7,0.001
5308,730.8,0.0
5309,730.9,0.0
5310,731.0,0.0
5311,731.1,0.0
5312,731.2,0.0
5313,731.3,0.0
5314,731.4,0.0
5315,731.5,0.0
5316,731.6,0.0
5317,731.7,0.0
5318,731.8,0.0
5319,731.9,0.0
5320,732.0,0.0
5321,732.1,0.0
5322,732.2,0.0
5323,732.3,0.0
5324,732.4,0.0
5325,732.5,0.0
5326,732.6,0.0
5327,732.7,0.0
5328,732.8,0.0
5329,732.9,0.0
5330,733.0,0.0
5331,733.1,0.0
5332,733.2,0.0
5333,733.3,0.0
5334,733.4,0.0
5335,733.5,0.0
5336,733.6,0.0
5337,733.7,0.0
5338,733.8,0.0
5339,733.9,0.0
5340,734.0,0.0
5341,734.1,0.0
5342,734.2,0.0
5343,734.3,0.0
5344,734.4,0.0
5345,734.5,0.0
5346,734.6,0.0
5347,734.7,0.0
5348,734.8,0.0
5349,734.9,0.0
5350,735.0,0.0
5351,735.1,0.0
5352,735.2,0.0
5353,735.3,0.0
5354,735.4,0.0
5355,735.5,0.0
5356,735.6,0.0
5357,735.7,0.0
5358,735.8,0.0
5359,735.9,0.0
5360,736.0,0.0
5361,736.1,0.0
5362,736.2,0.0
5363,736.3,0.0
5364,736.4,0.0
5365,736.5,0.0
5366,736.6,0.0
5367,736.7,0.0
5368,736.8,0.0
5369,736.9,0.0
5370,737.0,0.0
5371,737.1,0.0
5372,737.2,0.0
5373,737.3,0.0
5374,737.4,0.0
5375,737.5,0.0
5376,737.6,0.0
5377,737.7,0.0
5378,737.8,0.0
5379,737.9,0.0
5380,738.0,0.0
5381,738.1,0.0
5382,738.2,0.0
5383,738.3,0.0
5384,738.4,0.0
5385,738.5,0.0
5386,738.6,0.0
5387,738.7,0.0
5388,738.8,0.0
5389,738.9,0.001
5390,739.0,0.001
5391,739.1,0.001
5392,739.2,0.002
5393,739.3,0.002
5394,739.4,0.003
5395,739.5,0.005
5396,739.6,0.006
5397,739.7,0.008
5398,739.8,0.011
5399,739.9,0.015
5400,740.0,0.02
5401,740.1,0.026
5402,740.2,0.034
5403,740.3,0.044
5404,740.4,0.057
5405,740.5,0.074
5406,740.6,0.095
5407,740.7,0.121
5408,740.8,0.153
5409,740.9,0.193
5410,741.0,0.243
5411,741.1,0.303
5412,741.2,0.376
5413,741.3,0.464
5414,741.4,0.57
5415,741.5,0.697
5416,741.6,0.846
5417,741.7,1.022
5418,741.8,1.228
5419,741.9,1.468
5420,742.0,1.745
5421,742.1,2.062
5422,742.2,2.423
5423,742.3,2.833
5424,742.4,3.294
5425,742.5,3.808
5426,742.6,4.379
5427,742.7,5.009
5428,742.8,5.697
5429,742.9,6.444
5430,743.0,7.25
5431,743.1,8.112
5432,743.2,9.026
5433,743.3,9.989
5434,743.4,10.991
5435,743.5,12.03
5436,743.6,13.1
5437,743.7,14.18
5438,743.8,15.27
5439,743.9,16.356
5440,744.0,17.42
5441,744.1,18.45
5442,744.2,19.44
5443,744.3,20.367
5444,744.4,21.22
5445,744.5,21.99
5446,744.6,22.66
5447,744.7,23.23
5448,744.8,23.678
5449,744.9,24.0
5450,745.0,24.2
5451,745.1,24.27
5452,745.2,24.2
5453,745.3,24.0
5454,745.4,23.68
5455,745.5,23.23
5456,745.6,22.66
5457,745.7,21.989
5458,745.8,21.22
5459,745.9,20.36
5460,746.0,19.44
5461,746.1,18.453
5462,746.2,17.42
5463,746.3,16.36
5464,746.4,15.27
5465,746.5,14.18
5466,746.6,13.097
5467,746.7,12.03
5468,746.8,10.99
5469,746.9,9.989
5470,747.0,9.027
5471,747.1,8.112
5472,747.2,7.25
5473,747.3,6.444
5474,747.4,5.697
5475,747.5,5.009
5476,747.6,4.379
5477,747.7,3.808
5478,747.8,3.294
5479,747.9,2.833
5480,748.0,2.424
5481,748.1,2.062
5482,748.2,1.744
5483,748.3,1.468
5484,748.4,1.229
5485,748.5,1.023
5486,748.6,0.847
5487,748.7,0.697
5488,748.8,0.571
5489,748.9,0.465
5490,749.0,0.377
5491,749.1,0.304
5492,749.2,0.244
5493,749.3,0.195
5494,749.4,0.156
5495,749.5,0.124
5496,749.6,0.099
5497,749.7,0.08
5498,749.8,0.065
5499,749.9,0.055
5500,750.0,0.048
5501,750.1,0.044
5502,750.2,0.044
5503,750.3,0.046
5504,750.4,0.051
5505,750.5,0.059
5506,750.6,0.07
5507,750.7,0.085
5508,750.8,0.105
5509,750.9,0.129
5510,751.0,0.159
5511,751.1,0.196
5512,751.2,0.239
5513,751.3,0.292
5514,751.4,0.355
5515,751.5,0.428
5516,751.6,0.515
5517,751.7,0.615
5518,751.8,0.732
5519,751.9,0.866
5520,752.0,1.019
5521,752.1,1.193
5522,752.2,1.388
5523,752.3,1.608
5524,752.4,1.852
5525,752.5,2.122
5526,752.6,2.418
5527,752.7,2.741
5528,752.8,3.091
5529,752.9,3.467
5530,753.0,3.868
5531,753.1,4.292
5532,753.2,4.737
5533,753.3,5.201
5534,753.4,5.679
5535,753.5,6.169
5536,753.6,6.666
5537,753.7,7.164
5538,753.8,7.658
5539,753.9,8.143
5540,754.0,8.612
5541,754.1,9.06
5542,754.2,9.48
5543,754.3,9.871
5544,754.4,10.22
5545,754.5,10.52
5546,754.6,10.78
5547,754.7,10.98
5548,754.8,11.128
5549,754.9,11.22
5550,755.0,11.25
5551,755.1,11.22
5552,755.2,11.128
5553,755.3,10.98
5554,755.4,10.78
5555,755.5,10.52
5556,755.6,10.22
5557,755.7,9.871
5558,755.8,9.48
5559,755.9,9.06
5560,756.0,8.612
5561,756.1,8.143
5562,756.2,7.658
5563,756.3,7.164
5564,756.4,6.666
5565,756.5,6.169
5566,756.6,5.679
5567,756.7,5.201
5568,756.8,4.737
5569,756.9,4.292
5570,757.0,3.868
5571,757.1,3.467
5572,757.2,3.091
5573,757.3,2.741
5574,757.4,2.418
5575,757.5,2.122
5576,757.6,1.852
5577,757.7,1.608
5578,757.8,1.388
5579,757.9,1.192
5580,758.0,1.019
5581,758.1,0.866
5582,758.2,0.732
5583,758.3,0.615
5584,758.4,0.515
5585,758.5,0.428
5586,758.6,0.354
5587,758.7,0.292
5588,758.8,0.239
5589,758.9,0.194
5590,759.0,0.157
5591,759.1,0.127
5592,759.2,0.102
5593,759.3,0.081
5594,759.4,0.064
5595,759.5,0.051
5596,759.6,0.04
5597,759.7,0.031
5598,759.8,0.024
5599,759.9,0.019
5600,760.0,0.014
5601,760.1,0.011
5602,760.2,0.008
5603,760.3,0.006
5604,760.4,0.005
5605,760.5,0.004
5606,760.6,0.003
5607,760.7,0.002
5608,760.8,0.001
5609,760.9,0.001
5610,761.0,0.001
5611,761.1,0.001
5612,761.2,0.0
5613,761.3,0.0
5614,761.4,0.0
5615,761.5,0.0
5616,761.6,0.0
5617,761.7,0.0
5618,761.8,0.0
5619,761.9,0.0
5620,762.0,0.0
5621,762.1,0.0
5622,762.2,0.0
5623,762.3,0.0
5624,762.4,0.0
5625,762.5,0.0
5626,762.6,0.0
5627,762.7,0.0
5628,762.8,0.0
5629,762.9,0.0
5630,763.0,0.0
5631,763.1,0.0
5632,763.2,0.0
5633,763.3,0.0
5634,763.4,0.0
5635,763.5,0.0
5636,763.6,0.0
5637,763.7,0.0
5638,763.8,0.0
5639,763.9,0.0
5640,764.0,0.0
5641,764.1,0.0
5642,764.2,0.0
5643,764.3,0.0
5644,764.4,0.0
5645,764.5,0.0
5646,764.6,0.0
5647,764.7,0.0
5648,764.8,0.0
5649,764.9,0.0
5650,765.0,0.0
5651,765.1,0.0
5652,765.2,0.0
5653,765.3,0.0
5654,765.4,0.0
5655,765.5,0.0
5656,765.6,0.0
5657,765.7,0.0
5658,765.8,0.001
5659,765.9,0.001
5660,766.0,0.001
5661,766.1,0.002
5662,766.2,0.003
5663,766.3,0.004
5664,766.4,0.007
5665,766.5,0.01
5666,766.6,0.014
5667,766.7,0.021
5668,766.8,0.031
5669,766.9,0.045
5670,767.0,0.066
5671,767.1,0.095
5672,767.2,0.137
5673,767.3,0.195
5674,767.4,0.278
5675,767.5,0.393
5676,767.6,0.554
5677,767.7,0.777
5678,767.8,1.083
5679,767.9,1.503
5680,768.0,2.074
5681,768.1,2.848
5682,768.2,3.89
5683,768.3,5.288
5684,768.4,7.15
5685,768.5,9.623
5686,768.6,12.88
5687,768.7,17.16
5688,768.8,22.74
5689,768.9,29.976
5690,769.0,39.33
5691,769.1,51.33
5692,769.2,66.66
5693,769.3,86.105
5694,769.4,110.7
5695,769.5,141.6
5696,769.6,180.2
5697,769.7,228.1
5698,769.8,287.352
5699,769.9,360.2
5700,770.0,449.1
5701,770.1,557.2
5702,770.2,687.756
5703,770.3,844.6
5704,770.4,1032.0
5705,770.5,1255.0
5706,770.6,1518.0
5707,770.7,1826.728
5708,770.8,2187.0
5709,770.9,2605.0
5710,771.0,3088.0
5711,771.1,3641.357
5712,771.2,4272.0
5713,771.3,4987.0
5714,771.4,5792.0
5715,771.5,6693.0
5716,771.6,7694.716
5717,771.7,8803.0
5718,771.8,10020.0
5719,771.9,11340.0
5720,772.0,12779.329
5721,772.1,14330.0
5722,772.2,15980.0
5723,772.3,17730.0
5724,772.4,19570.0
5725,772.5,21492.176
5726,772.6,23490.0
5727,772.7,25550.0
5728,772.8,27640.0
5729,772.9,29750.0
5730,773.0,31856.714
5731,773.1,33940.0
5732,773.2,35980.0
5733,773.3,37950.0
5734,773.4,39825.467
5735,773.5,41580.0
5736,773.6,43190.0
5737,773.7,44640.0
5738,773.8,45900.0
5739,773.9,46958.172
5740,774.0,47800.0
5741,774.1,48410.0
5742,774.2,48780.0
5743,774.3,48908.752
5744,774.4,48790.0
5745,774.5,48420.0
5746,774.6,47810.0
5747,774.7,46970.0
5748,774.8,45915.327
5749,774.9,44660.0
5750,775.0,43220.0
5751,775.1,41620.0
5752,775.2,39879.102
5753,775.3,38020.0
5754,775.4,36070.0
5755,775.5,34060.0
5756,775.6,32000.0
5757,775.7,29929.077
5758,775.8,27870.0
5759,775.9,25840.0
5760,776.0,23860.0
5761,776.1,21946.768
5762,776.2,20120.0
5763,776.3,18400.0
5764,776.4,16800.0
5765,776.5,15320.0
5766,776.6,13978.075
5767,776.7,12780.0
5768,776.8,11730.0
5769,776.9,10840.0
5770,777.0,10106.217
5771,777.1,9529.0
5772,777.2,9111.0
5773,777.3,8853.0
5774,777.4,8751.0
5775,777.5,8805.262
5776,777.6,9013.0
5777,777.7,9370.0
5778,777.8,9871.0
5779,777.9,10510.0
5780,778.0,11281.356
5781,778.1,12180.0
5782,778.2,13200.0
5783,778.3,14330.0
5784,778.4,15553.56
5785,778.5,16860.0
5786,778.6,18240.0
5787,778.7,19680.0
5788,778.8,21160.0
5789,778.9,22669.539
5790,779.0,24190.0
5791,779.1,25700.0
5792,779.2,27180.0
5793,779.3,28613.482
5794,779.4,29980.0
5795,779.5,31260.0
5796,779.6,32440.0
5797,779.7,33500.0
5798,779.8,34423.339
5799,779.9,35200.0
5800,780.0,35820.0
5801,780.1,36270.0
5802,780.2,36542.751
5803,780.3,36630.0
5804,780.4,36530.0
5805,780.5,36260.0
5806,780.6,35810.0
5807,780.7,35184.717
5808,780.8,34400.0
5809,780.9,33470.0
5810,781.0,32400.0
5811,781.1,31205.839
5812,781.2,29910.0
5813,781.3,28530.0
5814,781.4,27070.0
5815,781.5,25560.0
5816,781.6,24010.745
5817,781.7,22440.0
5818,781.8,20870.0
5819,781.9,19320.0
5820,782.0,17791.988
5821,782.1,16300.0
5822,782.2,14860.0
5823,782.3,13480.0
5824,782.4,12170.0
5825,782.5,10930.54
5826,782.6,9767.0
5827,782.7,8685.0
5828,782.8,7684.0
5829,782.9,6765.0
5830,783.0,5926.161
5831,783.1,5165.0
5832,783.2,4479.0
5833,783.3,3865.0
5834,783.4,3318.964
5835,783.5,2836.0
5836,783.6,2411.0
5837,783.7,2039.0
5838,783.8,1716.0
5839,783.9,1437.4
5840,784.0,1198.0
5841,784.1,993.0
5842,784.2,819.2
5843,784.3,672.491
5844,784.4,549.3
5845,784.5,446.4
5846,784.6,361.0
5847,784.7,290.5
5848,784.8,232.57
5849,784.9,185.3
5850,785.0,146.9
5851,785.1,115.8
5852,785.2,90.863
5853,785.3,70.99
5854,785.4,55.15
5855,785.5,42.64
5856,785.6,32.8
5857,785.7,25.099
5858,785.8,19.12
5859,785.9,14.49
5860,786.0,10.93
5861,786.1,8.198
5862,786.2,6.12
5863,786.3,4.546
5864,786.4,3.36
5865,786.5,2.471
5866,786.6,1.808
5867,786.7,1.317
5868,786.8,0.954
5869,786.9,0.688
5870,787.0,0.494
5871,787.1,0.353
5872,787.2,0.252
5873,787.3,0.179
5874,787.4,0.128
5875,787.5,0.092
5876,787.6,0.069
5877,787.7,0.054
5878,787.8,0.047
5879,787.9,0.047
5880,788.0,0.054
5881,788.1,0.068
5882,788.2,0.092
5883,788.3,0.129
5884,788.4,0.183
5885,788.5,0.261
5886,788.6,0.372
5887,788.7,0.529
5888,788.8,0.749
5889,788.9,1.054
5890,789.0,1.479
5891,789.1,2.065
5892,789.2,2.869
5893,789.3,3.965
5894,789.4,5.459
5895,789.5,7.476
5896,789.6,10.19
5897,789.7,13.82
5898,789.8,18.647
5899,789.9,25.06
5900,790.0,33.51
5901,790.1,44.59
5902,790.2,59.012
5903,790.3,77.81
5904,790.4,102.1
5905,790.5,133.2
5906,790.6,173.1
5907,790.7,223.764
5908,790.8,287.9
5909,790.9,368.6
5910,791.0,469.7
5911,791.1,595.66
5912,791.2,751.9
5913,791.3,944.5
5914,791.4,1181.0
5915,791.5,1469.0
5916,791.6,1818.619
5917,791.7,2241.0
5918,791.8,2748.0
5919,791.9,3354.0
5920,792.0,4074.273
5921,792.1,4925.0
5922,792.2,5924.0
5923,792.3,7093.0
5924,792.4,8451.0
5925,792.5,10024.062
5926,792.6,11830.0
5927,792.7,13890.0
5928,792.8,16240.0
5929,792.9,18890.0
5930,793.0,21866.508
5931,793.1,25190.0
5932,793.2,28880.0
5933,793.3,32960.0
5934,793.4,37434.746
5935,793.5,42310.0
5936,793.6,47590.0
5937,793.7,53270.0
5938,793.8,59350.0
5939,793.9,65805.573
5940,794.0,72610.0
5941,794.1,79740.0
5942,794.2,87160.0
5943,794.3,94780.276
5944,794.4,102600.0
5945,794.5,110600.0
5946,794.6,118600.0
5947,794.7,126500.0
5948,794.8,134331.72
5949,794.9,142000.0
5950,795.0,149400.0
5951,795.1,156500.0
5952,795.2,163126.014
5953,795.3,169200.0
5954,795.4,174700.0
5955,795.5,179600.0
5956,795.6,183700.0
5957,795.7,187133.831
5958,795.8,189800.0
5959,795.9,191600.0
5960,796.0,192700.0
5961,796.1,192988.672
5962,796.2,192500.0
5963,796.3,191300.0
5964,796.4,189400.0
5965,796.5,187000.0
5966,796.6,184140.285
5967,796.7,180900.0
5968,796.8,177400.0
5969,796.9,173800.0
5970,797.0,170190.967
5971,797.1,166700.0
5972,797.2,163500.0
5973,797.3,160800.0
5974,797.4,158600.0
5975,797.5,157164.888
5976,797.6,156600.0
5977,797.7,157000.0
5978,797.8,158600.0
5979,797.9,161400.0
5980,798.0,165469.768
5981,798.1,171000.0
5982,798.2,178100.0
5983,798.3,186600.0
5984,798.4,196692.139
5985,798.5,208400.0
5986,798.6,221700.0
5987,798.7,236600.0
5988,798.8,252900.0
5989,798.9,270655.534
5990,799.0,289800.0
5991,799.1,310200.0
5992,799.2,331700.0
5993,799.3,354211.929
5994,799.4,377600.0
5995,799.5,401700.0
5996,799.6,426300.0
5997,799.7,451200.0
5998,799.8,476321.317
5999,799.9,501400.0
6000,800.0,526200.0
6001,800.1,550700.0
6002,800.2,574541.393
6003,800.3,597600.0
6004,800.4,619800.0
6005,800.5,640900.0
6006,800.6,660700.0
6007,800.7,679204.966
6008,800.8,696200.0
6009,800.9,711500.0
6010,801.0,725200.0
6011,801.1,737072.433
6012,801.2,747100.0
6013,801.3,755300.0
6014,801.4,761500.0
6015,801.5,765600.0
6016,801.6,767776.198
6017,801.7,768000.0
6018,801.8,766200.0
6019,801.9,762400.0
6020,802.0,756595.809
6021,802.1,748900.0
6022,802.2,739400.0
6023,802.3,728000.0
6024,802.4,714800.0
6025,802.5,700004.213
6026,802.6,683600.0
6027,802.7,665600.0
6028,802.8,646300.0
6029,802.9,625800.0
6030,803.0,604066.293
6031,803.1,581300.0
6032,803.2,557700.0
6033,803.3,533300.0
6034,803.4,508419.747
6035,803.5,483100.0
6036,803.6,457400.0
6037,803.7,431700.0
6038,803.8,406000.0
6039,803.9,380473.342
6040,804.0,355300.0
6041,804.1,330600.0
6042,804.2,306400.0
6043,804.3,282921.531
6044,804.4,260300.0
6045,804.5,238600.0
6046,804.6,217800.0
6047,804.7,198000.0
6048,804.8,179278.022
6049,804.9,161700.0
6050,805.0,145300.0
6051,805.1,130000.0
6052,805.2,115781.426
6053,805.3,102700.0
6054,805.4,90770.0
6055,805.5,79850.0
6056,805.6,69960.0
6057,805.7,61032.042
6058,805.8,53020.0
6059,805.9,45880.0
6060,806.0,39530.0
6061,806.1,33931.122
6062,806.2,29020.0
6063,806.3,24730.0
6064,806.4,21020.0
6065,806.5,17840.0
6066,806.6,15125.387
6067,806.7,12840.0
6068,806.8,10950.0
6069,806.9,9406.0
6070,807.0,8184.796
6071,807.1,7262.0
6072,807.2,6613.0
6073,807.3,6223.0
6074,807.4,6083.0
6075,807.5,6186.892
6076,807.6,6535.0
6077,807.7,7131.0
6078,807.8,7986.0
6079,807.9,9114.0
6080,808.0,10530.507
6081,808.1,12260.0
6082,808.2,14330.0
6083,808.3,16770.0
6084,808.4,19608.356
6085,808.5,22880.0
6086,808.6,26620.0
6087,808.7,30860.0
6088,808.8,35640.0
6089,808.9,40989.185
6090,809.0,46940.0
6091,809.1,53520.0
6092,809.2,60740.0
6093,809.3,68633.538
6094,809.4,77200.0
6095,809.5,86430.0
6096,809.6,96330.0
6097,809.7,106900.0
6098,809.8,118033.158
6099,809.9,129700.0
6100,810.0,141900.0
6101,810.1,154600.0
6102,810.2,167642.003
6103,810.3,180900.0
6104,810.4,194300.0
6105,810.5,207800.0
6106,810.6,221100.0
6107,810.7,234259.823
6108,810.8,247100.0
6109,810.9,259400.0
6110,811.0,271100.0
6111,811.1,282006.153
6112,811.2,292000.0
6113,811.3,301000.0
6114,811.4,308900.0
6115,811.5,315500.0
6116,811.6,320808.115
6117,811.7,324800.0
6118,811.8,327400.0
6119,811.9,328500.0
6120,812.0,328204.59
6121,812.1,326500.0
6122,812.2,323400.0
6123,812.3,319100.0
6124,812.4,313500.0
6125,812.5,306771.83
6126,812.6,299100.0
6127,812.7,290600.0
6128,812.8,281300.0
6129,812.9,271500.0
6130,813.0,261321.653
6131,813.1,250900.0
6132,813.2,240400.0
6133,813.3,230000.0
6134,813.4,219821.431
6135,813.5,210000.0
6136,813.6,200700.0
6137,813.7,192100.0
6138,813.8,184200.0
6139,813.9,177174.624
6140,814.0,171100.0
6141,814.1,166000.0
6142,814.2,161900.0
6143,814.3,158921.907
6144,814.4,157000.0
6145,814.5,156100.0
6146,814.6,156400.0
6147,814.7,157700.0
6148,814.8,160018.331
6149,814.9,163300.0
6150,815.0,167500.0
6151,815.1,172700.0
6152,815.2,178740.966
6153,815.3,185600.0
6154,815.4,193300.0
6155,815.5,201800.0
6156,815.6,211000.0
6157,815.7,220934.332
6158,815.8,231600.0
6159,815.9,243000.0
6160,816.0,255200.0
6161,816.1,268165.15
6162,816.2,282000.0
6163,816.3,296800.0
6164,816.4,312500.0
6165,816.5,329200.0
6166,816.6,346991.273
6167,816.7,365900.0
6168,816.8,386000.0
6169,816.9,407500.0
6170,817.0,430296.14
6171,817.1,454400.0
6172,817.2,479900.0
6173,817.3,506900.0
6174,817.4,535300.0
6175,817.5,565100.495
6176,817.6,596200.0
6177,817.7,628500.0
6178,817.8,662000.0
6179,817.9,696500.0
6180,818.0,731836.008
6181,818.1,767800.0
6182,818.2,804200.0
6183,818.3,840900.0
6184,818.4,877518.892
6185,818.5,913800.0
6186,818.6,949500.0
6187,818.7,984300.0
6188,818.8,1018000.0
6189,818.9,1049984.051
6190,819.0,1080000.0
6191,819.1,1108000.0
6192,819.2,1134000.0
6193,819.3,1157232.239
6194,819.4,1177000.0
6195,819.5,1193000.0
6196,819.6,1206000.0
6197,819.7,1216000.0
6198,819.8,1221977.251
6199,819.9,1224000.0
6200,820.0,1222000.0
6201,820.1,1215000.0
6202,820.2,1204808.789
6203,820.3,1191000.0
6204,820.4,1173000.0
6205,820.5,1152000.0
6206,820.6,1127000.0
6207,820.7,1098704.312
6208,820.8,1067000.0
6209,820.9,1032000.0
6210,821.0,995400.0
6211,821.1,956442.679
6212,821.2,915400.0
6213,821.3,872900.0
6214,821.4,829200.0
6215,821.5,784800.0
6216,821.6,739896.499
6217,821.7,694800.0
6218,821.8,649900.0
6219,821.9,605600.0
6220,822.0,562086.291
6221,822.1,519600.0
6222,822.2,478400.0
6223,822.3,438700.0
6224,822.4,400700.0
6225,822.5,364508.376
6226,822.6,330200.0
6227,822.7,297900.0
6228,822.8,267800.0
6229,822.9,239700.0
6230,823.0,213714.653
6231,823.1,189800.0
6232,823.2,167900.0
6233,823.3,148100.0
6234,823.4,130194.556
6235,823.5,114100.0
6236,823.6,99780.0
6237,823.7,87160.0
6238,823.8,76140.0
6239,823.9,66617.101
6240,824.0,58510.0
6241,824.1,51740.0
6242,824.2,46220.0
6243,824.3,41879.801
6244,824.4,38670.0
6245,824.5,36540.0
6246,824.6,35430.0
6247,824.7,35320.0
6248,824.8,36186.615
6249,824.9,38010.0
6250,825.0,40780.0
6251,825.1,44510.0
6252,825.2,49198.248
6253,825.3,54860.0
6254,825.4,61510.0
6255,825.5,69150.0
6256,825.6,77810.0
6257,825.7,87479.714
6258,825.8,98210.0
6259,825.9,110000.0
6260,826.0,122700.0
6261,826.1,136515.964
6262,826.2,151300.0
6263,826.3,166900.0
6264,826.4,183500.0
6265,826.5,200900.0
6266,826.6,218963.654
6267,826.7,237600.0
6268,826.8,256700.0
6269,826.9,276100.0
6270,827.0,295670.252
6271,827.1,315300.0
6272,827.2,334800.0
6273,827.3,353800.0
6274,827.4,372300.0
6275,827.5,390041.566
6276,827.6,406800.0
6277,827.7,422400.0
6278,827.8,436700.0
6279,827.9,449500.0
6280,828.0,460628.772
6281,828.1,469900.0
6282,828.2,477200.0
6283,828.3,482600.0
6284,828.4,485822.205
6285,828.5,486900.0
6286,828.6,485900.0
6287,828.7,482700.0
6288,828.8,477500.0
6289,828.9,470278.832
6290,829.0,461100.0
6291,829.1,450100.0
6292,829.2,437500.0
6293,829.3,423452.836
6294,829.4,408100.0
6295,829.5,391600.0
6296,829.6,374200.0
6297,829.7,356200.0
6298,829.8,337635.328
6299,829.9,318800.0
6300,830.0,300000.0
6301,830.1,281300.0
6302,830.2,262918.39
6303,830.3,245000.0
6304,830.4,227700.0
6305,830.5,211300.0
6306,830.6,195900.0
6307,830.7,181533.767
6308,830.8,168300.0
6309,830.9,156300.0
6310,831.0,145600.0
6311,831.1,136325.623
6312,831.2,128500.0
6313,831.3,122100.0
6314,831.4,117100.0
6315,831.5,113600.0
6316,831.6,111501.238
6317,831.7,110800.0
6318,831.8,111500.0
6319,831.9,113500.0
6320,832.0,116770.632
6321,832.1,121200.0
6322,832.2,126700.0
6323,832.3,133300.0
6324,832.4,140800.0
6325,832.5,149204.889
6326,832.6,158300.0
6327,832.7,167900.0
6328,832.8,178100.0
6329,832.9,188600.0
6330,833.0,199312.86
6331,833.1,210100.0
6332,833.2,220800.0
6333,833.3,231300.0
6334,833.4,241453.75
6335,833.5,251100.0
6336,833.6,260100.0
6337,833.7,268400.0
6338,833.8,275900.0
6339,833.9,282388.514
6340,834.0,287800.0
6341,834.1,292100.0
6342,834.2,295200.0
6343,834.3,297032.494
6344,834.4,297600.0
6345,834.5,296900.0
6346,834.6,294900.0
6347,834.7,291700.0
6348,834.8,287238.705
6349,834.9,281600.0
6350,835.0,274900.0
6351,835.1,267200.0
6352,835.2,258624.329
6353,835.3,249200.0
6354,835.4,239000.0
6355,835.5,228300.0
6356,835.6,217100.0
6357,835.7,205564.505
6358,835.8,193800.0
6359,835.9,181900.0
6360,836.0,170000.0
6361,836.1,158139.556
6362,836.2,146500.0
6363,836.3,135200.0
6364,836.4,124100.0
6365,836.5,113500.0
6366,836.6,103333.82
6367,836.7,93640.0
6368,836.8,84500.0
6369,836.9,75920.0
6370,837.0,67915.639
6371,837.1,60490.0
6372,837.2,53640.0
6373,837.3,47360.0
6374,837.4,41640.0
6375,837.5,36449.16
6376,837.6,31760.0
6377,837.7,27550.0
6378,837.8,23800.0
6379,837.9,20470.0
6380,838.0,17531.276
6381,838.1,14950.0
6382,838.2,12690.0
6383,838.3,10720.0
6384,838.4,9020.581
6385,838.5,7560.0
6386,838.6,6306.0
6387,838.7,5238.0
6388,838.8,4331.0
6389,838.9,3565.402
6390,839.0,2923.0
6391,839.1,2386.0
6392,839.2,1939.0
6393,839.3,1568.308
6394,839.4,1263.0
6395,839.5,1013.0
6396,839.6,809.1
6397,839.7,643.2
6398,839.8,509.064
6399,839.9,401.3
6400,840.0,314.9
6401,840.1,246.0
6402,840.2,191.31
6403,840.3,148.2
6404,840.4,114.3
6405,840.5,87.73
6406,840.6,67.06
6407,840.7,51.025
6408,840.8,38.67
6409,840.9,29.17
6410,841.0,21.91
6411,841.1,16.379
6412,841.2,12.2
6413,841.3,9.046
6414,841.4,6.677
6415,841.5,4.907
6416,841.6,3.589
6417,841.7,2.616
6418,841.8,1.897
6419,841.9,1.37
6420,842.0,0.985
6421,842.1,0.705
6422,842.2,0.503
6423,842.3,0.357
6424,842.4,0.252
6425,842.5,0.177
6426,842.6,0.124
6427,842.7,0.087
6428,842.8,0.06
6429,842.9,0.042
6430,843.0,0.029
6431,843.1,0.02
6432,843.2,0.013
6433,843.3,0.009
6434,843.4,0.006
6435,843.5,0.004
6436,843.6,0.003
6437,843.7,0.002
6438,843.8,0.001
6439,843.9,0.001
6440,844.0,0.001
6441,844.1,0.001
6442,844.2,0.001
6443,844.3,0.001
6444,844.4,0.002
6445,844.5,0.003
6446,844.6,0.004
6447,844.7,0.006
6448,844.8,0.009
6449,844.9,0.012
6450,845.0,0.018
6451,845.1,0.026
6452,845.2,0.036
6453,845.3,0.052
6454,845.4,0.074
6455,845.5,0.104
6456,845.6,0.146
6457,845.7,0.204
6458,845.8,0.284
6459,845.9,0.395
6460,846.0,0.546
6461,846.1,0.751
6462,846.2,1.029
6463,846.3,1.404
6464,846.4,1.909
6465,846.5,2.583
6466,846.6,3.48
6467,846.7,4.673
6468,846.8,6.246
6469,846.9,8.313
6470,847.0,11.011
6471,847.1,14.54
6472,847.2,19.12
6473,847.3,25.02
6474,847.4,32.62
6475,847.5,42.332
6476,847.6,54.73
6477,847.7,70.46
6478,847.8,90.32
6479,847.9,115.3
6480,848.0,146.568
6481,848.1,185.6
6482,848.2,234.0
6483,848.3,293.7
6484,848.4,367.173
6485,848.5,457.2
6486,848.6,566.8
6487,848.7,699.8
6488,848.8,860.5
6489,848.9,1053.776
6490,849.0,1285.0
6491,849.1,1560.0
6492,849.2,1886.0
6493,849.3,2270.706
6494,849.4,2723.0
6495,849.5,3252.0
6496,849.6,3867.0
6497,849.7,4579.0
6498,849.8,5399.485
6499,849.9,6341.0
6500,850.0,7416.0
6501,850.1,8637.0
6502,850.2,10019.607
6503,850.3,11570.0
6504,850.4,13300.0
6505,850.5,15240.0
6506,850.6,17380.0
6507,850.7,19735.902
6508,850.8,22320.0
6509,850.9,25140.0
6510,851.0,28200.0
6511,851.1,31501.612
6512,851.2,35040.0
6513,851.3,38810.0
6514,851.4,42810.0
6515,851.5,47030.0
6516,851.6,51446.678
6517,851.7,56040.0
6518,851.8,60790.0
6519,851.9,65670.0
6520,852.0,70648.964
6521,852.1,75690.0
6522,852.2,80750.0
6523,852.3,85780.0
6524,852.4,90760.0
6525,852.5,95615.186
6526,852.6,100300.0
6527,852.7,104800.0
6528,852.8,109100.0
6529,852.9,113000.0
6530,853.0,116573.83
6531,853.1,119800.0
6532,853.2,122600.0
6533,853.3,124900.0
6534,853.4,126742.393
6535,853.5,128100.0
6536,853.6,128900.0
6537,853.7,129100.0
6538,853.8,128900.0
6539,853.9,128075.65
6540,854.0,126700.0
6541,854.1,124900.0
6542,854.2,122600.0
6543,854.3,119819.956
6544,854.4,116600.0
6545,854.5,113000.0
6546,854.6,109100.0
6547,854.7,104800.0
6548,854.8,100296.064
6549,854.9,95620.0
6550,855.0,90760.0
6551,855.1,85790.0
6552,855.2,80752.657
6553,855.3,75690.0
6554,855.4,70650.0
6555,855.5,65680.0
6556,855.6,60800.0
6557,855.7,56053.052
6558,855.8,51460.0
6559,855.9,47040.0
6560,856.0,42830.0
6561,856.1,38841.764
6562,856.2,35080.0
6563,856.3,31550.0
6564,856.4,28260.0
6565,856.5,25220.0
6566,856.6,22424.642
6567,856.7,19870.0
6568,856.8,17550.0
6569,856.9,15450.0
6570,857.0,13572.182
6571,857.1,11910.0
6572,857.2,10450.0
6573,857.3,9174.0
6574,857.4,8086.0
6575,857.5,7172.679
6576,857.6,6426.0
6577,857.7,5841.0
6578,857.8,5413.0
6579,857.9,5139.0
6580,858.0,5017.354
6581,858.1,5049.0
6582,858.2,5236.0
6583,858.3,5583.0
6584,858.4,6097.793
6585,858.5,6790.0
6586,858.6,7670.0
6587,858.7,8751.0
6588,858.8,10050.0
6589,858.9,11583.084
6590,859.0,13370.0
6591,859.1,15430.0
6592,859.2,17780.0
6593,859.3,20450.299
6594,859.4,23470.0
6595,859.5,26860.0
6596,859.6,30630.0
6597,859.7,34830.0
6598,859.8,39462.78
6599,859.9,44550.0
6600,860.0,50120.0
6601,860.1,56190.0
6602,860.2,62773.436
6603,860.3,69890.0
6604,860.4,77550.0
6605,860.5,85740.0
6606,860.6,94490.0
6607,860.7,103763.092
6608,860.8,113600.0
6609,860.9,124000.0
6610,861.0,134800.0
6611,861.1,146139.967
6612,861.2,158000.0
6613,861.3,170300.0
6614,861.4,183000.0
6615,861.5,196100.0
6616,861.6,209556.276
6617,861.7,223300.0
6618,861.8,237300.0
6619,861.9,251600.0
6620,862.0,266002.618
6621,862.1,280500.0
6622,862.2,295100.0
6623,862.3,309700.0
6624,862.4,324400.0
6625,862.5,338889.9
6626,862.6,353200.0
6627,862.7,367400.0
6628,862.8,381300.0
6629,862.9,394900.0
6630,863.0,408085.65
6631,863.1,420800.0
6632,863.2,433000.0
6633,863.3,444600.0
6634,863.4,455541.749
6635,863.5,465700.0
6636,863.6,475000.0
6637,863.7,483500.0
6638,863.8,490900.0
6639,863.9,497343.653
6640,864.0,502700.0
6641,864.1,506800.0
6642,864.2,509700.0
6643,864.3,511276.964
6644,864.4,511500.0
6645,864.5,510400.0
6646,864.6,508000.0
6647,864.7,504100.0
6648,864.8,498803.713
6649,864.9,492100.0
6650,865.0,484000.0
6651,865.1,474700.0
6652,865.2,464054.244
6653,865.3,452200.0
6654,865.4,439300.0
6655,865.5,425300.0
6656,865.6,410400.0
6657,865.7,394705.703
6658,865.8,378300.0
6659,865.9,361300.0
6660,866.0,343900.0
6661,866.1,326198.245
6662,866.2,308300.0
6663,866.3,290300.0
6664,866.4,272300.0
6665,866.5,254600.0
6666,866.6,237120.692
6667,866.7,220000.0
6668,866.8,203400.0
6669,866.9,187300.0
6670,867.0,171864.705
6671,867.1,157100.0
6672,867.2,143000.0
6673,867.3,129700.0
6674,867.4,117200.0
6675,867.5,105490.792
6676,867.6,94580.0
6677,867.7,84470.0
6678,867.8,75140.0
6679,867.9,66580.0
6680,868.0,58767.926
6681,868.1,51670.0
6682,868.2,45250.0
6683,868.3,39470.0
6684,868.4,34292.537
6685,868.5,29680.0
6686,868.6,25590.0
6687,868.7,21970.0
6688,868.8,18790.0
6689,868.9,16004.907
6690,869.0,13580.0
6691,869.1,11480.0
6692,869.2,9659.0
6693,869.3,8097.173
6694,869.4,6764.0
6695,869.5,5627.0
6696,869.6,4664.0
6697,869.7,3851.0
6698,869.8,3167.946
6699,869.9,2598.0
6700,870.0,2125.0
6701,870.1,1734.0
6702,870.2,1412.682
6703,870.3,1151.0
6704,870.4,939.8
6705,870.5,771.7
6706,870.6,640.0
6707,870.7,539.367
6708,870.8,465.6
6709,870.9,415.0
6710,871.0,385.0
6711,871.1,373.482
6712,871.2,379.3
6713,871.3,401.6
6714,871.4,439.9
6715,871.5,494.5
6716,871.6,565.893
6717,871.7,655.0
6718,871.8,763.0
6719,871.9,891.5
6720,872.0,1041.969
6721,872.1,1217.0
6722,872.2,1419.0
6723,872.3,1649.0
6724,872.4,1910.0
6725,872.5,2205.115
6726,872.6,2537.0
6727,872.7,2908.0
6728,872.8,3320.0
6729,872.9,3776.0
6730,873.0,4277.885
6731,873.1,4827.0
6732,873.2,5425.0
6733,873.3,6074.0
6734,873.4,6773.203
6735,873.5,7523.0
6736,873.6,8323.0
6737,873.7,9171.0
6738,873.8,10070.0
6739,873.9,11004.32
6740,874.0,11980.0
6741,874.1,13000.0
6742,874.2,14040.0
6743,874.3,15111.639
6744,874.4,16200.0
6745,874.5,17290.0
6746,874.6,18390.0
6747,874.7,19470.0
6748,874.8,20542.885
6749,874.9,21590.0
6750,875.0,22590.0
6751,875.1,23550.0
6752,875.2,24451.632
6753,875.3,25290.0
6754,875.4,26060.0
6755,875.5,26740.0
6756,875.6,27330.0
6757,875.7,27822.031
6758,875.8,28210.0
6759,875.9,28490.0
6760,876.0,28660.0
6761,876.1,28716.945
6762,876.2,28660.0
6763,876.3,28490.0
6764,876.4,28210.0
6765,876.5,27820.0
6766,876.6,27327.828
6767,876.7,26740.0
6768,876.8,26060.0
6769,876.9,25290.0
6770,877.0,24451.752
6771,877.1,23550.0
6772,877.2,22590.0
6773,877.3,21590.0
6774,877.4,20540.0
6775,877.5,19473.079
6776,877.6,18390.0
6777,877.7,17290.0
6778,877.8,16200.0
6779,877.9,15110.0
6780,878.0,14043.501
6781,878.1,13000.0
6782,878.2,11980.0
6783,878.3,11010.0
6784,878.4,10071.113
6785,878.5,9171.0
6786,878.6,8323.0
6787,878.7,7523.0
6788,878.8,6773.0
6789,878.9,6073.571
6790,879.0,5425.0
6791,879.1,4827.0
6792,879.2,4277.0
6793,879.3,3774.797
6794,879.4,3319.0
6795,879.5,2907.0
6796,879.6,2535.0
6797,879.7,2203.0
6798,879.8,1906.359
6799,879.9,1643.0
6800,880.0,1411.0
6801,880.1,1206.0
6802,880.2,1027.261
6803,880.3,872.0
6804,880.4,737.0
6805,880.5,620.5
6806,880.6,520.4
6807,880.7,434.751
6808,880.8,361.8
6809,880.9,299.9
6810,881.0,247.7
6811,881.1,203.865
6812,881.2,167.2
6813,881.3,136.6
6814,881.4,111.2
6815,881.5,90.3
6816,881.6,73.09
6817,881.7,58.99
6818,881.8,47.5
6819,881.9,38.17
6820,882.0,30.629
6821,882.1,24.57
6822,882.2,19.71
6823,882.3,15.83
6824,882.4,12.75
6825,882.5,10.304
6826,882.6,8.374
6827,882.7,6.858
6828,882.8,5.668
6829,882.9,4.737
6830,883.0,4.009
6831,883.1,3.441
6832,883.2,2.997
6833,883.3,2.648
6834,883.4,2.373
6835,883.5,2.156
6836,883.6,1.982
6837,883.7,1.841
6838,883.8,1.726
6839,883.9,1.629
6840,884.0,1.547
6841,884.1,1.476
6842,884.2,1.413
6843,884.3,1.357
6844,884.4,1.308
6845,884.5,1.263
6846,884.6,1.222
6847,884.7,1.185
6848,884.8,1.15
6849,884.9,1.119
6850,885.0,1.091
6851,885.1,1.065
6852,885.2,1.042
6853,885.3,1.022
6854,885.4,1.003
6855,885.5,0.987
6856,885.6,0.973
6857,885.7,0.96
6858,885.8,0.948
6859,885.9,0.938
6860,886.0,0.929
6861,886.1,0.919
6862,886.2,0.911
6863,886.3,0.902
6864,886.4,0.893
6865,886.5,0.883
6866,886.6,0.872
6867,886.7,0.861
6868,886.8,0.848
6869,886.9,0.834
6870,887.0,0.818
6871,887.1,0.801
6872,887.2,0.783
6873,887.3,0.763
6874,887.4,0.741
6875,887.5,0.718
6876,887.6,0.693
6877,887.7,0.667
6878,887.8,0.64
6879,887.9,0.613
6880,888.0,0.584
6881,888.1,0.555
6882,888.2,0.525
6883,888.3,0.496
6884,888.4,0.466
6885,888.5,0.436
6886,888.6,0.407
6887,888.7,0.379
6888,888.8,0.351
6889,888.9,0.324
6890,889.0,0.298
6891,889.1,0.273
6892,889.2,0.249
6893,889.3,0.226
6894,889.4,0.205
6895,889.5,0.185
6896,889.6,0.166
6897,889.7,0.149
6898,889.8,0.133
6899,889.9,0.118
6900,890.0,0.104
6901,890.1,0.092
6902,890.2,0.081
6903,890.3,0.071
6904,890.4,0.062
6905,890.5,0.053
6906,890.6,0.046
6907,890.7,0.04
6908,890.8,0.034
6909,890.9,0.029
6910,891.0,0.025
6911,891.1,0.021
6912,891.2,0.018
6913,891.3,0.015
6914,891.4,0.013
6915,891.5,0.011
6916,891.6,0.009
6917,891.7,0.007
6918,891.8,0.006
6919,891.9,0.005
6920,892.0,0.004
6921,892.1,0.003
6922,892.2,0.003
6923,892.3,0.002
6924,892.4,0.002
6925,892.5,0.001
6926,892.6,0.001
6927,892.7,0.001
6928,892.8,0.001
6929,892.9,0.001
6930,893.0,0.0
6931,893.1,0.0
6932,893.2,0.0
6933,893.3,0.0
6934,893.4,0.0
6935,893.5,0.0
6936,893.6,0.0
6937,893.7,0.0
6938,893.8,0.0
6939,893.9,0.0
6940,894.0,0.0
6941,894.1,0.0
6942,894.2,0.0
6943,894.3,0.0
6944,894.4,0.0
6945,894.5,0.0
6946,894.6,0.0
6947,894.7,0.0
6948,894.8,0.0
6949,894.9,0.0
6950,895.0,0.0
6951,895.1,0.0
6952,895.2,0.0
6953,895.3,0.0
6954,895.4,0.0
6955,895.5,0.0
6956,895.6,0.0
6957,895.7,0.0
6958,895.8,0.0
6959,895.9,0.0
6960,896.0,0.0
6961,896.1,0.0
6962,896.2,0.0
6963,896.3,0.0
6964,896.4,0.0
6965,896.5,0.0
6966,896.6,0.0
6967,896.7,0.0
6968,896.8,0.0
6969,896.9,0.0
6970,897.0,0.0
6971,897.1,0.0
6972,897.2,0.0
6973,897.3,0.0
6974,897.4,0.0
6975,897.5,0.0
6976,897.6,0.0
6977,897.7,0.0
6978,897.8,0.0
6979,897.9,0.0
6980,898.0,0.0
6981,898.1,0.0
6982,898.2,0.0
6983,898.3,0.0
6984,898.4,0.0
6985,898.5,0.0
6986,898.6,0.0
6987,898.7,0.0
6988,898.8,0.0
6989,898.9,0.0
6990,899.0,0.0
6991,899.1,0.0
6992,899.2,0.0
6993,899.3,0.0
6994,899.4,0.0
6995,899.5,0.0
6996,899.6,0.0
6997,899.7,0.0
6998,899.8,0.0
6999,899.9,0.0
7000,900.0,0.0
7001,900.1,0.0
7002,900.2,0.0
7003,900.3,0.0
7004,900.4,0.0
7005,900.5,0.0
7006,900.6,0.0
7007,900.7,0.0
7008,900.8,0.0
7009,900.9,0.0
7010,901.0,0.0
7011,901.1,0.0
7012,901.2,0.0
7013,901.3,0.0
7014,901.4,0.0
7015,901.5,0.0
7016,901.6,0.0
7017,901.7,0.0
7018,901.8,0.0
7019,901.9,0.0
7020,902.0,0.0
7021,902.1,0.0
7022,902.2,0.0
7023,902.3,0.0
7024,902.4,0.0
7025,902.5,0.0
7026,902.6,0.0
7027,902.7,0.0
7028,902.8,0.0
7029,902.9,0.0
7030,903.0,0.0
7031,903.1,0.0
7032,903.2,0.0
7033,903.3,0.0
7034,903.4,0.0
7035,903.5,0.0
7036,903.6,0.0
7037,903.7,0.001
7038,903.8,0.001
7039,903.9,0.001
7040,904.0,0.002
7041,904.1,0.003
7042,904.2,0.004
7043,904.3,0.005
7044,904.4,0.008
7045,904.5,0.011
7046,904.6,0.015
7047,904.7,0.021
7048,904.8,0.029
7049,904.9,0.039
7050,905.0,0.054
7051,905.1,0.074
7052,905.2,0.101
7053,905.3,0.138
7054,905.4,0.187
7055,905.5,0.253
7056,905.6,0.34
7057,905.7,0.456
7058,905.8,0.609
7059,905.9,0.811
7060,906.0,1.076
7061,906.1,1.421
7062,906.2,1.872
7063,906.3,2.456
7064,906.4,3.21
7065,906.5,4.18
7066,906.6,5.423
7067,906.7,7.013
7068,906.8,9.034
7069,906.9,11.59
7070,907.0,14.821
7071,907.1,18.89
7072,907.2,23.98
7073,907.3,30.34
7074,907.4,38.24
7075,907.5,48.008
7076,907.6,60.07
7077,907.7,74.89
7078,907.8,93.02
7079,907.9,115.1
7080,908.0,141.925
7081,908.1,174.4
7082,908.2,213.5
7083,908.3,260.4
7084,908.4,316.396
7085,908.5,383.1
7086,908.6,462.2
7087,908.7,555.5
7088,908.8,665.3
7089,908.9,793.944
7090,909.0,943.9
7091,909.1,1118.0
7092,909.2,1320.0
7093,909.3,1552.628
7094,909.4,1819.0
7095,909.5,2123.0
7096,909.6,2470.0
7097,909.7,2863.0
7098,909.8,3305.699
7099,909.9,3803.0
7100,910.0,4360.0
7101,910.1,4981.0
7102,910.2,5668.314
7103,910.3,6427.0
7104,910.4,7262.0
7105,910.5,8175.0
7106,910.6,9169.0
7107,910.7,10246.381
7108,910.8,11410.0
7109,910.9,12660.0
7110,911.0,13990.0
7111,911.1,15407.578
7112,911.2,16910.0
7113,911.3,18490.0
7114,911.4,20140.0
7115,911.5,21860.0
7116,911.6,23645.603
7117,911.7,25480.0
7118,911.8,27350.0
7119,911.9,29260.0
7120,912.0,31189.783
7121,912.1,33120.0
7122,912.2,35040.0
7123,912.3,36950.0
7124,912.4,38810.0
7125,912.5,40611.888
7126,912.6,42350.0
7127,912.7,44010.0
7128,912.8,45560.0
7129,912.9,46990.0
7130,913.0,48291.44
7131,913.1,49450.0
7132,913.2,50450.0
7133,913.3,51280.0
7134,913.4,51942.518
7135,913.5,52420.0
7136,913.6,52700.0
7137,913.7,52800.0
7138,913.8,52700.0
7139,913.9,52413.231
7140,914.0,51940.0
7141,914.1,51280.0
7142,914.2,50450.0
7143,914.3,49449.014
7144,914.4,48290.0
7145,914.5,46990.0
7146,914.6,45560.0
7147,914.7,44010.0
7148,914.8,42363.498
7149,914.9,40630.0
7150,915.0,38820.0
7151,915.1,36960.0
7152,915.2,35059.668
7153,915.3,33140.0
7154,915.4,31220.0
7155,915.5,29300.0
7156,915.6,27400.0
7157,915.7,25533.684
7158,915.8,23710.0
7159,915.9,21940.0
7160,916.0,20240.0
7161,916.1,18612.118
7162,916.2,17060.0
7163,916.3,15590.0
7164,916.4,14210.0
7165,916.5,12920.0
7166,916.6,11728.113
7167,916.7,10630.0
7168,916.8,9622.0
7169,916.9,8714.0
7170,917.0,7901.065
7171,917.1,7182.0
7172,917.2,6557.0
7173,917.3,6023.0
7174,917.4,5578.0
7175,917.5,5221.572
7176,917.6,4951.0
7177,917.7,4764.0
7178,917.8,4661.0
7179,917.9,4638.0
7180,918.0,4694.769
7181,918.1,4830.0
7182,918.2,5042.0
7183,918.3,5330.0
7184,918.4,5692.843
7185,918.5,6129.0
7186,918.6,6637.0
7187,918.7,7216.0
7188,918.8,7865.0
7189,918.9,8580.445
7190,919.0,9363.0
7191,919.1,10210.0
7192,919.2,11110.0
7193,919.3,12075.892
7194,919.4,13090.0
7195,919.5,14140.0
7196,919.6,15250.0
7197,919.7,16380.0
7198,919.8,17541.74
7199,919.9,18730.0
7200,920.0,19930.0
7201,920.1,21130.0
7202,920.2,22326.649
7203,920.3,23510.0
7204,920.4,24670.0
7205,920.5,25800.0
7206,920.6,26880.0
7207,920.7,27906.331
7208,920.8,28870.0
7209,920.9,29760.0
7210,921.0,30570.0
7211,921.1,31295.843
7212,921.2,31920.0
7213,921.3,32430.0
7214,921.4,32840.0
7215,921.5,33140.0
7216,921.6,33315.846
7217,921.7,33370.0
7218,921.8,33310.0
7219,921.9,33140.0
7220,922.0,32844.349
7221,922.1,32430.0
7222,922.2,31910.0
7223,922.3,31290.0
7224,922.4,30570.0
7225,922.5,29761.826
7226,922.6,28870.0
7227,922.7,27900.0
7228,922.8,26870.0
7229,922.9,25790.0
7230,923.0,24663.389
7231,923.1,23500.0
7232,923.2,22310.0
7233,923.3,21100.0
7234,923.4,19885.687
7235,923.5,18680.0
7236,923.6,17490.0
7237,923.7,16310.0
7238,923.8,15150.0
7239,923.9,14024.236
7240,924.0,12940.0
7241,924.1,11900.0
7242,924.2,10900.0
7243,924.3,9947.709
7244,924.4,9047.0
7245,924.5,8199.0
7246,924.6,7403.0
7247,924.7,6661.0
7248,924.8,5971.994
7249,924.9,5335.0
7250,925.0,4749.0
7251,925.1,4212.0
7252,925.2,3722.521
7253,925.3,3278.0
7254,925.4,2876.0
7255,925.5,2515.0
7256,925.6,2191.0
7257,925.7,1902.287
7258,925.8,1646.0
7259,925.9,1419.0
7260,926.0,1219.0
7261,926.1,1043.547
7262,926.2,890.4
7263,926.3,757.4
7264,926.4,642.4
7265,926.5,543.4
7266,926.6,458.739
7267,926.7,386.9
7268,926.8,326.4
7269,926.9,275.9
7270,927.0,234.434
7271,927.1,201.1
7272,927.2,175.1
7273,927.3,156.0
7274,927.4,143.3
7275,927.5,136.9
7276,927.6,136.8
7277,927.7,143.1
7278,927.8,156.3
7279,927.9,177.0
7280,928.0,206.104
7281,928.1,244.8
7282,928.2,294.5
7283,928.3,357.2
7284,928.4,434.91
7285,928.5,530.3
7286,928.6,646.4
7287,928.7,786.9
7288,928.8,955.8
7289,928.9,1158.211
7290,929.0,1399.0
7291,929.1,1684.0
7292,929.2,2022.0
7293,929.3,2418.435
7294,929.4,2883.0
7295,929.5,3426.0
7296,929.6,4056.0
7297,929.7,4786.0
7298,929.8,5627.433
7299,929.9,6594.0
7300,930.0,7700.0
7301,930.1,8960.0
7302,930.2,10391.801
7303,930.3,12010.0
7304,930.4,13830.0
7305,930.5,15870.0
7306,930.6,18140.0
7307,930.7,20673.096
7308,930.8,23480.0
7309,930.9,26570.0
7310,931.0,29970.0
7311,931.1,33684.145
7312,931.2,37720.0
7313,931.3,42090.0
7314,931.4,46810.0
7315,931.5,51880.0
7316,931.6,57297.712
7317,931.7,63060.0
7318,931.8,69160.0
7319,931.9,75580.0
7320,932.0,82309.221
7321,932.1,89340.0
7322,932.2,96630.0
7323,932.3,104100.0
7324,932.4,111900.0
7325,932.5,119784.568
7326,932.6,127700.0
7327,932.7,135700.0
7328,932.8,143800.0
7329,932.9,151700.0
7330,933.0,159579.727
7331,933.1,167300.0
7332,933.2,174700.0
7333,933.3,181900.0
7334,933.4,188670.996
7335,933.5,195000.0
7336,933.6,200900.0
7337,933.7,206200.0
7338,933.8,210900.0
7339,933.9,214980.182
7340,934.0,218400.0
7341,934.1,221100.0
7342,934.2,223000.0
7343,934.3,224178.539
7344,934.4,224600.0
7345,934.5,224200.0
7346,934.6,223000.0
7347,934.7,221100.0
7348,934.8,218424.554
7349,934.9,215000.0
7350,935.0,210900.0
7351,935.1,206200.0
7352,935.2,200896.504
7353,935.3,195000.0
7354,935.4,188600.0
7355,935.5,181900.0
7356,935.6,174700.0
7357,935.7,167263.956
7358,935.8,159600.0
7359,935.9,151700.0
7360,936.0,143800.0
7361,936.1,135781.411
7362,936.2,127700.0
7363,936.3,119700.0
7364,936.4,111900.0
7365,936.5,104200.0
7366,936.6,96669.966
7367,936.7,89380.0
7368,936.8,82370.0
7369,936.9,75640.0
7370,937.0,69229.392
7371,937.1,63150.0
7372,937.2,57410.0
7373,937.3,52030.0
7374,937.4,46990.0
7375,937.5,42315.13
7376,937.6,38000.0
7377,937.7,34030.0
7378,937.8,30400.0
7379,937.9,27100.0
7380,938.0,24125.011
7381,938.1,21460.0
7382,938.2,19090.0
7383,938.3,17010.0
7384,938.4,15205.847
7385,938.5,13660.0
7386,938.6,12360.0
7387,938.7,11310.0
7388,938.8,10500.0
7389,938.9,9909.037
7390,939.0,9536.0
7391,939.1,9383.0
7392,939.2,9444.0
7393,939.3,9718.71
7394,939.4,10210.0
7395,939.5,10920.0
7396,939.6,11850.0
7397,939.7,13010.0
7398,939.8,14402.897
7399,939.9,16040.0
7400,940.0,17930.0
7401,940.1,20070.0
7402,940.2,22486.956
7403,940.3,25190.0
7404,940.4,28180.0
7405,940.5,31460.0
7406,940.6,35050.0
7407,940.7,38945.295
7408,940.8,43150.0
7409,940.9,47670.0
7410,941.0,52500.0
7411,941.1,57631.403
7412,941.2,63060.0
7413,941.3,68780.0
7414,941.4,74770.0
7415,941.5,81000.0
7416,941.6,87466.401
7417,941.7,94110.0
7418,941.8,100900.0
7419,941.9,107900.0
7420,942.0,114935.54
7421,942.1,122000.0
7422,942.2,129100.0
7423,942.3,136100.0
7424,942.4,143000.0
7425,942.5,149694.818
7426,942.6,156200.0
7427,942.7,162500.0
7428,942.8,168400.0
7429,942.9,174000.0
7430,943.0,179155.071
7431,943.1,183800.0
7432,943.2,187900.0
7433,943.3,191400.0
7434,943.4,194352.043
7435,943.5,196700.0
7436,943.6,198400.0
7437,943.7,199500.0
7438,943.8,199800.0
7439,943.9,199428.912
7440,944.0,198400.0
7441,944.1,196700.0
7442,944.2,194400.0
7443,944.3,191448.472
7444,944.4,187900.0
7445,944.5,183800.0
7446,944.6,179100.0
7447,944.7,174000.0
7448,944.8,168460.273
7449,944.9,162500.0
7450,945.0,156200.0
7451,945.1,149700.0
7452,945.2,143016.194
7453,945.3,136100.0
7454,945.4,129000.0
7455,945.5,122000.0
7456,945.6,114900.0
7457,945.7,107842.387
7458,945.8,100900.0
7459,945.9,94090.0
7460,946.0,87430.0
7461,946.1,80964.273
7462,946.2,74720.0
7463,946.3,68720.0
7464,946.4,62990.0
7465,946.5,57540.0
7466,946.6,52386.664
7467,946.7,47530.0
7468,946.8,42970.0
7469,946.9,38720.0
7470,947.0,34771.237
7471,947.1,31120.0
7472,947.2,27760.0
7473,947.3,24670.0
7474,947.4,21850.0
7475,947.5,19288.019
7476,947.6,16970.0
7477,947.7,14880.0
7478,947.8,13000.0
7479,947.9,11330.0
7480,948.0,9833.836
7481,948.1,8501.0
7482,948.2,7327.0
7483,948.3,6294.0
7484,948.4,5387.973
7485,948.5,4597.0
7486,948.6,3909.0
7487,948.7,3312.0
7488,948.8,2797.0
7489,948.9,2353.815
7490,949.0,1974.0
7491,949.1,1650.0
7492,949.2,1375.0
7493,949.3,1141.536
7494,949.4,944.3
7495,949.5,778.6
7496,949.6,639.8
7497,949.7,523.9
7498,949.8,427.552
7499,949.9,347.8
7500,950.0,281.9
7501,950.1,227.7
7502,950.2,183.31
7503,950.3,147.1
7504,950.4,117.6
7505,950.5,93.71
7506,950.6,74.42
7507,950.7,58.888
7508,950.8,46.45
7509,950.9,36.51
7510,951.0,28.6
7511,951.1,22.323
7512,951.2,17.37
7513,951.3,13.47
7514,951.4,10.41
7515,951.5,8.016
7516,951.6,6.15
7517,951.7,4.705
7518,951.8,3.587
7519,951.9,2.725
7520,952.0,2.062
7521,952.1,1.556
7522,952.2,1.17
7523,952.3,0.877
7524,952.4,0.655
7525,952.5,0.487
7526,952.6,0.361
7527,952.7,0.267
7528,952.8,0.197
7529,952.9,0.145
7530,953.0,0.106
7531,953.1,0.077
7532,953.2,0.056
7533,953.3,0.041
7534,953.4,0.029
7535,953.5,0.021
7536,953.6,0.015
7537,953.7,0.011
7538,953.8,0.008
7539,953.9,0.005
7540,954.0,0.004
7541,954.1,0.003
7542,954.2,0.002
7543,954.3,0.001
7544,954.4,0.001
7545,954.5,0.001
7546,954.6,0.0
7547,954.7,0.0
7548,954.8,0.0
7549,954.9,0.0
7550,955.0,0.0
7551,955.1,0.0
7552,955.2,0.0
7553,955.3,0.0
7554,955.4,0.0
7555,955.5,0.0
7556,955.6,0.0
7557,955.7,0.0
7558,955.8,0.0
7559,955.9,0.0
7560,956.0,0.0
7561,956.1,0.0
7562,956.2,0.0
7563,956.3,0.0
7564,956.4,0.0
7565,956.5,0.0
7566,956.6,0.0
7567,956.7,0.0
7568,956.8,0.0
7569,956.9,0.0
7570,957.0,0.0
7571,957.1,0.0
7572,957.2,0.0
7573,957.3,0.0
7574,957.4,0.0
7575,957.5,0.0
7576,957.6,0.0
7577,957.7,0.0
7578,957.8,0.0
7579,957.9,0.0
7580,958.0,0.0
7581,958.1,0.0
7582,958.2,0.0
7583,958.3,0.0
7584,958.4,0.0
7585,958.5,0.0
7586,958.6,0.0
7587,958.7,0.0
7588,958.8,0.0
7589,958.9,0.0
7590,959.0,0.0
7591,959.1,0.0
7592,959.2,0.0
7593,959.3,0.0
7594,959.4,0.0
7595,959.5,0.0
7596,959.6,0.0
7597,959.7,0.0
7598,959.8,0.0
7599,959.9,0.0
7600,960.0,0.0
7601,960.1,0.0
7602,960.2,0.0
7603,960.3,0.0
7604,960.4,0.0
7605,960.5,0.0
7606,960.6,0.0
7607,960.7,0.0
7608,960.8,0.0
7609,960.9,0.0
7610,961.0,0.0
7611,961.1,0.0
7612,961.2,0.0
7613,961.3,0.0
7614,961.4,0.0
7615,961.5,0.0
7616,961.6,0.0
7617,961.7,0.0
7618,961.8,0.0
7619,961.9,0.0
7620,962.0,0.0
7621,962.1,0.0
7622,962.2,0.0
7623,962.3,0.0
7624,962.4,0.0
7625,962.5,0.0
7626,962.6,0.0
7627,962.7,0.0
7628,962.8,0.0
7629,962.9,0.0
7630,963.0,0.0
7631,963.1,0.0
7632,963.2,0.0
7633,963.3,0.0
7634,963.4,0.0
7635,963.5,0.0
7636,963.6,0.0
7637,963.7,0.0
7638,963.8,0.0
7639,963.9,0.0
7640,964.0,0.0
7641,964.1,0.0
7642,964.2,0.0
7643,964.3,0.0
7644,964.4,0.0
7645,964.5,0.0
7646,964.6,0.0
7647,964.7,0.0
7648,964.8,0.0
7649,964.9,0.0
7650,965.0,0.0
7651,965.1,0.0
7652,965.2,0.0
7653,965.3,0.0
7654,965.4,0.0
7655,965.5,0.0
7656,965.6,0.0
7657,965.7,0.0
7658,965.8,0.0
7659,965.9,0.0
7660,966.0,0.0
7661,966.1,0.0
7662,966.2,0.0
7663,966.3,0.0
7664,966.4,0.0
7665,966.5,0.0
7666,966.6,0.0
7667,966.7,0.0
7668,966.8,0.0
7669,966.9,0.0
7670,967.0,0.0
7671,967.1,0.0
7672,967.2,0.0
7673,967.3,0.0
7674,967.4,0.0
7675,967.5,0.0
7676,967.6,0.0
7677,967.7,0.0
7678,967.8,0.0
7679,967.9,0.0
7680,968.0,0.0
7681,968.1,0.0
7682,968.2,0.0
7683,968.3,0.0
7684,968.4,0.0
7685,968.5,0.0
7686,968.6,0.0
7687,968.7,0.0
7688,968.8,0.0
7689,968.9,0.0
7690,969.0,0.0
7691,969.1,0.0
7692,969.2,0.0
7693,969.3,0.0
7694,969.4,0.0
7695,969.5,0.0
7696,969.6,0.0
7697,969.7,0.0
7698,969.8,0.0
7699,969.9,0.0
7700,970.0,0.0
7701,970.1,0.0
7702,970.2,0.0
7703,970.3,0.0
7704,970.4,0.0
7705,970.5,0.0
7706,970.6,0.0
7707,970.7,0.0
7708,970.8,0.0
7709,970.9,0.0
7710,971.0,0.0
7711,971.1,0.0
7712,971.2,0.0
7713,971.3,0.0
7714,971.4,0.0
7715,971.5,0.0
7716,971.6,0.0
7717,971.7,0.0
7718,971.8,0.0
7719,971.9,0.0
7720,972.0,0.0
7721,972.1,0.0
7722,972.2,0.0
7723,972.3,0.0
7724,972.4,0.0
7725,972.5,0.0
7726,972.6,0.0
7727,972.7,0.0
7728,972.8,0.0
7729,972.9,0.0
7730,973.0,0.0
7731,973.1,0.0
7732,973.2,0.0
7733,973.3,0.0
7734,973.4,0.0
7735,973.5,0.0
7736,973.6,0.0
7737,973.7,0.0
7738,973.8,0.0
7739,973.9,0.0
7740,974.0,0.0
7741,974.1,0.0
7742,974.2,0.0
7743,974.3,0.0
7744,974.4,0.0
7745,974.5,0.0
7746,974.6,0.0
7747,974.7,0.0
7748,974.8,0.0
7749,974.9,0.0
7750,975.0,0.0
7751,975.1,0.0
7752,975.2,0.0
7753,975.3,0.0
7754,975.4,0.0
7755,975.5,0.0
7756,975.6,0.0
7757,975.7,0.0
7758,975.8,0.0
7759,975.9,0.0
7760,976.0,0.0
7761,976.1,0.0
7762,976.2,0.0
7763,976.3,0.0
7764,976.4,0.0
7765,976.5,0.0
7766,976.6,0.0
7767,976.7,0.0
7768,976.8,0.0
7769,976.9,0.0
7770,977.0,0.0
7771,977.1,0.0
7772,977.2,0.0
7773,977.3,0.0
7774,977.4,0.0
7775,977.5,0.0
7776,977.6,0.0
7777,977.7,0.0
7778,977.8,0.0
7779,977.9,0.0
7780,978.0,0.0
7781,978.1,0.0
7782,978.2,0.0
7783,978.3,0.0
7784,978.4,0.0
7785,978.5,0.0
7786,978.6,0.0
7787,978.7,0.0
7788,978.8,0.0
7789,978.9,0.0
7790,979.0,0.0
7791,979.1,0.0
7792,979.2,0.0
7793,979.3,0.0
7794,979.4,0.0
7795,979.5,0.0
7796,979.6,0.0
7797,979.7,0.0
7798,979.8,0.0
7799,979.9,0.0
7800,980.0,0.0
7801,980.1,0.0
7802,980.2,0.0
7803,980.3,0.0
7804,980.4,0.0
7805,980.5,0.0
7806,980.6,0.0
7807,980.7,0.0
7808,980.8,0.0
7809,980.9,0.0
7810,981.0,0.0
7811,981.1,0.0
7812,981.2,0.0
7813,981.3,0.0
7814,981.4,0.0
7815,981.5,0.0
7816,981.6,0.0
7817,981.7,0.0
7818,981.8,0.0
7819,981.9,0.0
7820,982.0,0.0
7821,982.1,0.0
7822,982.2,0.0
7823,982.3,0.0
7824,982.4,0.0
7825,982.5,0.0
7826,982.6,0.0
7827,982.7,0.0
7828,982.8,0.0
7829,982.9,0.0
7830,983.0,0.0
7831,983.1,0.0
7832,983.2,0.0
7833,983.3,0.0
7834,983.4,0.0
7835,983.5,0.0
7836,983.6,0.0
7837,983.7,0.0
7838,983.8,0.0
7839,983.9,0.0
7840,984.0,0.0
7841,984.1,0.0
7842,984.2,0.0
7843,984.3,0.0
7844,984.4,0.0
7845,984.5,0.0
7846,984.6,0.0
7847,984.7,0.0
7848,984.8,0.0
7849,984.9,0.0
7850,985.0,0.0
7851,985.1,0.0
7852,985.2,0.0
7853,985.3,0.0
7854,985.4,0.0
7855,985.5,0.0
7856,985.6,0.0
7857,985.7,0.0
7858,985.8,0.0
7859,985.9,0.0
7860,986.0,0.0
7861,986.1,0.0
7862,986.2,0.0
7863,986.3,0.0
7864,986.4,0.0
7865,986.5,0.0
7866,986.6,0.0
7867,986.7,0.0
7868,986.8,0.0
7869,986.9,0.0
7870,987.0,0.0
7871,987.1,0.0
7872,987.2,0.0
7873,987.3,0.0
7874,987.4,0.0
7875,987.5,0.0
7876,987.6,0.0
7877,987.7,0.0
7878,987.8,0.0
7879,987.9,0.0
7880,988.0,0.0
7881,988.1,0.0
7882,988.2,0.0
7883,988.3,0.0
7884,988.4,0.0
7885,988.5,0.0
7886,988.6,0.0
7887,988.7,0.0
7888,988.8,0.0
7889,988.9,0.0
7890,989.0,0.0
7891,989.1,0.0
7892,989.2,0.0
7893,989.3,0.0
7894,989.4,0.0
7895,989.5,0.0
7896,989.6,0.0
7897,989.7,0.0
7898,989.8,0.0
7899,989.9,0.0
7900,990.0,0.0
7901,990.1,0.0
7902,990.2,0.0
7903,990.3,0.0
7904,990.4,0.0
7905,990.5,0.0
7906,990.6,0.0
7907,990.7,0.0
7908,990.8,0.0
7909,990.9,0.0
7910,991.0,0.0
7911,991.1,0.0
7912,991.2,0.0
7913,991.3,0.0
7914,991.4,0.0
7915,991.5,0.0
7916,991.6,0.0
7917,991.7,0.0
7918,991.8,0.0
7919,991.9,0.0
7920,992.0,0.0
7921,992.1,0.0
7922,992.2,0.0
7923,992.3,0.0
7924,992.4,0.0
7925,992.5,0.0
7926,992.6,0.0
7927,992.7,0.0
7928,992.8,0.0
7929,992.9,0.0
7930,993.0,0.0
7931,993.1,0.0
7932,993.2,0.0
7933,993.3,0.0
7934,993.4,0.0
7935,993.5,0.0
7936,993.6,0.0
7937,993.7,0.0
7938,993.8,0.0
7939,993.9,0.0
7940,994.0,0.0
7941,994.1,0.0
7942,994.2,0.0
7943,994.3,0.0
7944,994.4,0.0
7945,994.5,0.0
7946,994.6,0.0
7947,994.7,0.0
7948,994.8,0.0
7949,994.9,0.0
7950,995.0,0.0
7951,995.1,0.0
7952,995.2,0.0
7953,995.3,0.0
7954,995.4,0.0
7955,995.5,0.0
7956,995.6,0.0
7957,995.7,0.0
7958,995.8,0.0
7959,995.9,0.0
7960,996.0,0.0
7961,996.1,0.0
7962,996.2,0.0
7963,996.3,0.0
7964,996.4,0.0
7965,996.5,0.0
7966,996.6,0.0
7967,996.7,0.0
7968,996.8,0.0
7969,996.9,0.0
7970,997.0,0.0
7971,997.1,0.0
7972,997.2,0.0
7973,997.3,0.0
7974,997.4,0.0
7975,997.5,0.0
7976,997.6,0.0
7977,997.7,0.0
7978,997.8,0.0
7979,997.9,0.0
7980,998.0,0.0
7981,998.1,0.0
7982,998.2,0.0
7983,998.3,0.0
7984,998.4,0.0
7985,998.5,0.0
7986,998.6,0.0
7987,998.7,0.0
7988,998.8,0.0
7989,998.9,0.0
7990,999.0,0.0
7991,999.1,0.0
7992,999.2,0.0
7993,999.3,0.0
7994,999.4,0.0
7995,999.5,0.0
7996,999.6,0.0
7997,999.7,0.0
7998,999.8,0.0
7999,999.9,0.0
