,wavelength,intensity
0,200.0,1516000.0
1,200.1,2145555.336
2,200.2,2553371.73
3,200.3,2556960.924
4,200.4,2164597.512
5,200.5,1576034.465
6,200.6,1058946.201
7,200.7,800246.249
8,200.8,845761.747
9,200.9,1105765.28
10,201.0,1408815.689
11,201.1,1576000.0
12,201.2,1507254.188
13,201.3,1226431.079
14,201.4,849646.746
15,201.5,502400.391
16,201.6,254140.978
17,201.7,110372.279
18,201.8,41234.896
19,201.9,13254.583
20,202.0,3686.711
21,202.1,879.044
22,202.2,182.4
23,202.3,33.629
24,202.4,14.215
25,202.5,117.189
26,202.6,889.189
27,202.7,6431.275
28,202.8,37750.0
29,202.9,187728.727
30,203.0,797887.132
31,203.1,2860275.062
32,203.2,8703211.974
33,203.3,22458124.099
34,203.4,49212958.854
35,203.5,91794998.501
36,203.6,146125929.763
37,203.7,199232822.459
38,203.8,233906482.322
39,203.9,237900000.0
40,204.0,210831899.342
41,204.1,163979101.451
42,204.2,112410233.22
43,204.3,67993625.234
44,204.4,36244295.438
45,204.5,16939817.912
46,204.6,6902523.062
47,204.7,2431722.954
48,204.8,738436.302
49,204.9,191428.507
50,205.0,42610.0
51,205.1,8054.045
52,205.2,1441.004
53,205.3,1237.696
54,205.4,7141.879
55,205.5,38654.828
56,205.6,179288.227
57,205.7,708254.139
58,205.8,2372660.397
59,205.9,6765451.244
60,206.0,16405846.979
61,206.1,33890000.0
62,206.2,59808048.247
63,206.3,90618375.58
64,206.4,118805516.116
65,206.5,136571815.046
66,206.6,140365128.596
67,206.7,131686087.685
68,206.8,114774767.8
69,206.9,93608432.746
70,207.0,70920844.417
71,207.1,49850718.806
72,207.2,34060000.0
73,207.3,26182775.35
74,207.4,26244432.067
75,207.5,31365196.583
76,207.6,36948969.632
77,207.7,38861632.021
78,207.8,35520000.0
79,207.9,28628339.612
80,208.0,21969632.558
81,208.1,19218344.294
82,208.2,22132200.521
83,208.3,29779321.66
84,208.4,38862515.81
85,208.5,45278497.823
86,208.6,46281860.547
87,208.7,41840565.088
88,208.8,34174594.102
89,208.9,25960000.0
90,209.0,18847572.726
91,209.1,13495706.866
92,209.2,10305265.083
93,209.3,10028796.115
94,209.4,13460329.773
95,209.5,20651753.162
96,209.6,30141558.251
97,209.7,38961262.568
98,209.8,44080935.485
99,209.9,44179230.235
100,210.0,40470000.0
101,210.1,35450333.369
102,210.2,30846817.758
103,210.3,26707668.205
104,210.4,22190427.715
105,210.5,16911628.997
106,210.6,11518432.873
107,210.7,7163841.669
108,210.8,4842247.397
109,210.9,5241964.703
110,211.0,8877727.572
111,211.1,15930000.0
112,211.2,25663879.948
113,211.3,35943293.582
114,211.4,43808496.988
115,211.5,47154063.567
116,211.6,46226601.264
117,211.7,43381852.18
118,211.8,41124257.67
119,211.9,40118857.515
120,212.0,38852362.148
121,212.1,35334213.176
122,212.2,28900000.0
123,212.3,20757563.467
124,212.4,12943463.033
125,212.5,6990251.992
126,212.6,3348448.636
127,212.7,1691741.748
128,212.8,1563000.0
129,212.9,2774516.018
130,213.0,5377224.758
131,213.1,9276124.642
132,213.2,13792114.392
133,213.3,17605726.99
134,213.4,19294399.247
135,213.5,18153053.141
136,213.6,14654994.035
137,213.7,10156975.688
138,213.8,6038996.127
139,213.9,3082000.0
140,214.0,1349997.456
141,214.1,507422.125
142,214.2,163467.413
143,214.3,45319.809
144,214.4,10749.174
145,214.5,2194.277
146,214.6,388.009
147,214.7,55.699
148,214.8,7.721
149,214.9,0.733
150,215.0,0.078
151,215.1,0.009
152,215.2,0.0
153,215.3,0.0
154,215.4,0.0
155,215.5,0.0
156,215.6,0.0
157,215.7,0.0
158,215.8,0.0
159,215.9,0.0
160,216.0,0.0
161,216.1,0.0
162,216.2,0.0
163,216.3,0.0
164,216.4,0.0
165,216.5,0.0
166,216.6,0.0
167,216.7,0.0
168,216.8,0.0
169,216.9,0.0
170,217.0,0.0
171,217.1,0.0
172,217.2,0.0
173,217.3,0.0
174,217.4,0.0
175,217.5,0.0
176,217.6,0.0
177,217.7,0.0
178,217.8,0.0
179,217.9,0.0
180,218.0,0.0
181,218.1,0.0
182,218.2,0.0
183,218.3,0.0
184,218.4,0.0
185,218.5,0.0
186,218.6,0.0
187,218.7,0.0
188,218.8,0.0
189,218.9,0.0
190,219.0,0.0
191,219.1,0.0
192,219.2,0.0
193,219.3,0.0
194,219.4,0.0
195,219.5,0.0
196,219.6,0.0
197,219.7,0.0
198,219.8,0.0
199,219.9,0.0
200,220.0,0.0
201,220.1,0.0
202,220.2,0.0
203,220.3,0.0
204,220.4,0.0
205,220.5,0.0
206,220.6,0.0
207,220.7,0.0
208,220.8,0.0
209,220.9,0.0
210,221.0,0.0
211,221.1,0.0
212,221.2,0.001
213,221.3,0.025
214,221.4,0.211
215,221.5,2.374
216,221.6,18.637
217,221.7,135.104
218,221.8,871.753
219,221.9,4736.307
220,222.0,23228.348
221,222.1,97657.509
222,222.2,362500.0
223,222.3,1180527.871
224,222.4,3394944.776
225,222.5,8683108.987
226,222.6,19804704.381
227,222.7,40562835.266
228,222.8,74929999.999
229,222.9,125072695.369
230,223.0,188522020.415
231,223.1,255960136.865
232,223.2,311352172.697
233,223.3,337574273.45
234,223.4,324385111.134
235,223.5,275036721.369
236,223.6,205008813.383
237,223.7,133927162.102
238,223.8,76490315.589
239,223.9,38150000.0
240,224.0,16596245.846
241,224.1,6292765.278
242,224.2,2075242.455
243,224.3,597599.99
244,224.4,149413.125
245,224.5,32570.129
246,224.6,6223.492
247,224.7,992.206
248,224.8,149.951
249,224.9,19.116
250,225.0,15.52
251,225.1,73.563
252,225.2,353.801
253,225.3,1471.266
254,225.4,5391.134
255,225.5,17209.337
256,225.6,48125.032
257,225.7,118302.903
258,225.8,256910.269
259,225.9,497490.563
260,226.0,872247.887
261,226.1,1427000.0
262,226.2,2298553.931
263,226.3,3986601.57
264,226.4,8207916.165
265,226.5,19852896.223
266,226.6,51137053.235
267,226.7,126673914.161
268,226.8,286221278.394
269,226.9,575490251.285
270,227.0,1018976225.22
271,227.1,1581883470.431
272,227.2,2150999999.992
273,227.3,2558830730.884
274,227.4,2661498641.254
275,227.5,2420734427.357
276,227.6,1925396071.007
277,227.7,1339123578.594
278,227.8,816500000.007
279,227.9,437645206.734
280,228.0,208531420.469
281,228.1,90804420.085
282,228.2,38447485.665
283,228.3,17406643.15
284,228.4,8983245.701
285,228.5,5121481.995
286,228.6,3072789.616
287,228.7,2013034.861
288,228.8,1590002.11
289,228.9,1504000.0
290,229.0,1497058.086
291,229.1,1404613.455
292,229.2,1183675.753
293,229.3,881072.407
294,229.4,575615.257
295,229.5,329529.27
296,229.6,165218.207
297,229.7,72583.757
298,229.8,27900.834
299,229.9,9413.438
300,230.0,2899.0
301,230.1,1282.899
302,230.2,2403.906
303,230.3,7768.868
304,230.4,23588.281
305,230.5,63217.661
306,230.6,149839.29
307,230.7,315448.063
308,230.8,595048.195
309,230.9,1018840.419
310,231.0,1614616.694
311,231.1,2431000.0
312,231.2,3577994.865
313,231.3,5288806.745
314,231.4,7987748.059
315,231.5,12326373.934
316,231.6,19118786.874
317,231.7,28914545.831
318,231.8,41292035.168
319,231.9,54231211.418
320,232.0,64302634.594
321,232.1,68062000.392
322,232.2,63910000.0
323,232.3,53063594.237
324,232.4,38999868.503
325,232.5,25572101.833
326,232.6,15379417.082
327,232.7,9205115.699
328,232.8,6523000.0
329,232.9,6327413.104
330,233.0,7670677.194
331,233.1,9774860.922
332,233.2,11926587.654
333,233.3,13436187.231
334,233.4,13795503.761
335,233.5,12828760.826
336,233.6,10774544.342
337,233.7,8156071.153
338,233.8,5575256.318
339,233.9,3470000.0
340,234.0,2046380.835
341,234.1,1312763.393
342,234.2,1170110.058
343,234.3,1474226.343
344,234.4,2050411.802
345,234.5,2684316.762
346,234.6,3148240.353
347,234.7,3265262.312
348,234.8,2987931.298
349,234.9,2410181.029
350,235.0,1713000.0
351,235.1,1072944.203
352,235.2,592496.996
353,235.3,288267.934
354,235.4,123683.612
355,235.5,47261.359
356,235.6,18215.612
357,235.7,15229.862
358,235.8,38501.969
359,235.9,116080.196
360,236.0,317037.764
361,236.1,766800.0
362,236.2,1640830.724
363,236.3,3111634.083
364,236.4,5253135.378
365,236.5,7967757.885
366,236.6,11063813.158
367,236.7,14521712.944
368,236.8,18865829.426
369,236.9,25194846.31
370,237.0,34588428.038
371,237.1,47056304.391
372,237.2,60620000.0
373,237.3,71554273.1
374,237.4,75940484.665
375,237.5,71808642.706
376,237.6,60222927.443
377,237.7,44713461.442
378,237.8,29360000.0
379,237.9,17046212.76
380,238.0,8751711.981
381,238.1,3967396.473
382,238.2,1591105.888
383,238.3,563433.014
384,238.4,176555.506
385,238.5,48940.443
386,238.6,13046.057
387,238.7,7174.94
388,238.8,17962.021
389,238.9,58590.0
390,239.0,174903.768
391,239.1,467429.494
392,239.2,1116947.223
393,239.3,2393830.38
394,239.4,4605060.425
395,239.5,7979621.349
396,239.6,12492058.15
397,239.7,17741058.004
398,239.8,22934474.597
399,239.9,27108676.919
400,240.0,29410000.0
401,240.1,29365405.39
402,240.2,27003592.753
403,240.3,22863314.004
404,240.4,17779115.004
405,240.5,12645738.875
406,240.6,8191476.074
407,240.7,4810451.166
408,240.8,2550771.067
409,240.9,1216031.53
410,241.0,519765.548
411,241.1,198800.0
412,241.2,67862.343
413,241.3,20752.199
414,241.4,6610.564
415,241.5,6601.918
416,241.6,24505.671
417,241.7,98672.528
418,241.8,358120.705
419,241.9,1153382.611
420,242.0,3315136.24
421,242.1,8457854.48
422,242.2,19210000.0
423,242.3,38814953.577
424,242.4,69773189.292
425,242.5,111509495.32
426,242.6,158731935.174
427,242.7,201007897.171
428,242.8,226900000.0
429,242.9,228876661.951
430,243.0,207984958.365
431,243.1,174523051.279
432,243.2,144208565.021
433,243.3,131755453.023
434,243.4,145998344.173
435,243.5,186405070.733
436,243.6,242045583.075
437,243.7,295194055.504
438,243.8,327394262.156
439,243.9,326500000.0
440,244.0,292291204.757
441,244.1,235494635.292
442,244.2,171778897.445
443,244.3,115359627.67
444,244.4,74542568.125
445,244.5,51891773.201
446,244.6,47201277.832
447,244.7,60617221.998
448,244.8,93698587.649
449,244.9,147591438.161
450,245.0,219099999.998
451,245.1,297407057.799
452,245.2,364590116.581
453,245.3,401649719.841
454,245.4,397245138.851
455,245.5,353120779.212
456,245.6,283428282.822
457,245.7,207368511.097
458,245.8,140989183.735
459,245.9,91932249.98
460,246.0,60994386.26
461,246.1,44920000.0
462,246.2,39968321.921
463,246.3,43241819.335
464,246.4,52081994.148
465,246.5,63286968.205
466,246.6,72968964.34
467,246.7,77718945.303
468,246.8,76014697.111
469,246.9,68875147.542
470,247.0,59169772.15
471,247.1,49898680.654
472,247.2,42680000.0
473,247.3,37410583.951
474,247.4,32956031.522
475,247.5,28316038.336
476,247.6,23272746.153
477,247.7,18355389.176
478,247.8,14290000.0
479,247.9,11534476.768
480,248.0,10254101.192
481,248.1,10488959.645
482,248.2,12367724.402
483,248.3,16077268.016
484,248.4,21570681.877
485,248.5,28409719.415
486,248.6,35783139.853
487,248.7,42755289.814
488,248.8,48574901.218
489,248.9,52660000.0
490,249.0,54586397.08
491,249.1,54118642.046
492,249.2,51580030.835
493,249.3,48361823.751
494,249.4,46911126.574
495,249.5,49876282.663
496,249.6,58748361.965
497,249.7,72492088.556
498,249.8,87389592.157
499,249.9,98270478.608
500,250.0,100900000.0
501,250.1,94128939.697
502,250.2,80384641.887
503,250.3,64568042.892
504,250.4,51553932.28
505,250.5,44204118.303
506,250.6,42453963.341
507,250.7,44068145.207
508,250.8,46200130.028
509,250.9,47125856.389
510,251.0,47174303.943
511,251.1,48660000.0
512,251.2,54699004.881
513,251.3,67625188.002
514,251.4,87566698.629
515,251.5,111916694.544
516,251.6,135927298.947
517,251.7,154233941.574
518,251.8,162704526.719
519,251.9,159985884.299
520,252.0,147222458.029
521,252.1,127762683.527
522,252.2,105300000.001
523,252.3,83338494.703
524,252.4,64494996.489
525,252.5,50472905.577
526,252.6,42264848.779
527,252.7,40465327.276
528,252.8,45720000.0
529,252.9,58965310.535
530,253.0,81312560.086
531,253.1,113240122.851
532,253.2,153581387.367
533,253.3,198969979.288
534,253.4,244385773.889
535,253.5,284495803.419
536,253.6,316102478.666
537,253.7,341237586.727
538,253.8,369216522.97
539,253.9,418199999.998
540,254.0,512038005.283
541,254.1,672339602.055
542,254.2,907491437.191
543,254.3,1203091753.462
544,254.4,1530641804.273
545,254.5,1865905049.438
546,254.6,2227169528.262
547,254.7,2690833860.322
548,254.8,3372298870.33
549,254.9,4363011194.718
550,255.0,5642999999.957
551,255.1,7039543938.769
552,255.2,8263208808.979
553,255.3,9028652579.846
554,255.4,9198371524.748
555,255.5,8851046803.398
556,255.6,8244625535.106
557,255.7,7676345340.526
558,255.8,7343888416.735
559,255.9,7268332286.225
560,256.0,7318064569.072
561,256.1,7288000000.004
562,256.2,7006492359.569
563,256.3,6398375672.391
564,256.4,5499826355.294
565,256.5,4430648795.756
566,256.6,3347910220.647
567,256.7,2407471484.37
568,256.8,1749176929.524
569,256.9,1504042996.549
570,257.0,1809815040.206
571,257.1,2811545589.229
572,257.2,4609999999.929
573,257.3,7159772735.189
574,257.4,10161365633.063
575,257.5,13050727101.927
576,257.6,15124731151.506
577,257.7,15791591152.005
578,257.8,14870000000.055
579,257.9,12621441373.389
580,258.0,9677171630.754
581,258.1,6721664413.061
582,258.2,4255289440.391
583,258.3,2505995843.491
584,258.4,1452362527.45
585,258.5,959002597.882
586,258.6,897758128.587
587,258.7,1215484965.772
588,258.8,1952166151.017
589,258.9,3186999999.95
590,259.0,4961167433.87
591,259.1,7169496015.746
592,259.2,9506281617.086
593,259.3,11476022993.73
594,259.4,12590068769.706
595,259.5,12527854434.338
596,259.6,11308296418.184
597,259.7,9310245009.098
598,259.8,7085676783.056
599,259.9,5186213912.619
600,260.0,4001000000.026
601,260.1,3705458465.096
602,260.2,4269668080.631
603,260.3,5491775364.41
604,260.4,7026563757.042
605,260.5,8448528454.502
606,260.6,9350803722.609
607,260.7,9480503238.554
608,260.8,8817337613.095
609,260.9,7564677280.821
610,261.0,6042054983.144
611,261.1,4550000000.049
612,261.2,3288238162.529
613,261.3,2335360788.215
614,261.4,1687153713.981
615,261.5,1298433298.037
616,261.6,1105250532.336
617,261.7,1036673882.578
618,261.8,1022474912.263
619,261.9,1007543817.799
620,262.0,964814452.954
621,262.1,896926398.771
622,262.2,828900000.002
623,262.3,786358215.774
624,262.4,779488629.033
625,262.5,797153596.722
626,262.6,816856023.844
627,262.7,819406412.196
628,262.8,800500000.001
629,262.9,770648143.665
630,263.0,745554030.145
631,263.1,734788539.954
632,263.2,737052198.681
633,263.3,744542899.774
634,263.4,751309532.77
635,263.5,757938767.29
636,263.6,768441029.819
637,263.7,782848107.101
638,263.8,792059711.535
639,263.9,780200000.001
640,264.0,733080328.344
641,264.1,647409058.455
642,264.2,533605667.456
643,264.3,411903985.216
644,264.4,304055208.486
645,264.5,225386992.497
646,264.6,181236463.883
647,264.7,167600324.522
648,264.8,175477465.033
649,264.9,194864031.617
650,265.0,218299999.999
651,265.1,242458132.809
652,265.2,267263990.996
653,265.3,293120717.761
654,265.4,318477633.051
655,265.5,338207516.245
656,265.6,345362707.425
657,265.7,334442203.128
658,265.8,304892152.558
659,265.9,262695598.078
660,266.0,218634587.209
661,266.1,185000000.001
662,266.2,171783798.797
663,266.3,184025301.248
664,266.4,220616848.813
665,266.5,274912707.255
666,266.6,336884018.506
667,266.7,396795620.409
668,266.8,449230524.508
669,266.9,495049074.17
670,267.0,539457414.805
671,267.1,586407724.449
672,267.2,634499999.998
673,267.3,675459470.901
674,267.4,698636669.311
675,267.5,697272218.13
676,267.6,672342980.101
677,267.7,632213742.913
678,267.8,587900000.002
679,267.9,547391331.984
680,268.0,512698540.227
681,268.1,481221465.621
682,268.2,449451090.588
683,268.3,416244318.691
684,268.4,383700673.278
685,268.5,356249366.621
686,268.6,338171422.008
687,268.7,332810982.567
688,268.8,341377872.046
689,268.9,363299999.999
690,269.0,395402220.747
691,269.1,432042746.975
692,269.2,466483868.929
693,269.3,494146449.866
694,269.4,515804961.868
695,269.5,539795882.433
696,269.6,581065188.967
697,269.7,656036954.204
698,269.8,775110646.746
699,269.9,936858713.547
700,270.0,1124999999.992
701,270.1,1314901053.149
702,270.2,1480606270.896
703,270.3,1604679526.392
704,270.4,1684755269.318
705,270.5,1729074676.555
706,270.6,1749312963.658
707,270.7,1754866352.247
708,270.8,1742500029.216
709,270.9,1703086113.722
710,271.0,1623623399.53
711,271.1,1495000000.006
712,271.2,1318650702.85
713,271.3,1112306607.793
714,271.4,901376562.437
715,271.5,714687229.375
716,271.6,574256385.094
717,271.7,488167982.307
718,271.8,450247563.486
719,271.9,443954726.505
720,272.0,450357363.184
721,272.1,454460931.346
722,272.2,449900000.0
723,272.3,438540143.481
724,272.4,427316731.235
725,272.5,422974894.412
726,272.6,427929612.439
727,272.7,438354429.455
728,272.8,446000000.0
729,272.9,441956677.853
730,273.0,421850176.332
731,273.1,387575357.656
732,273.2,346677361.03
733,273.3,307893914.114
734,273.4,277148574.917
735,273.5,254944205.036
736,273.6,237484233.989
737,273.7,219701441.799
738,273.8,198187060.146
739,273.9,172900000.001
740,274.0,146954128.652
741,274.1,124456521.509
742,274.2,109067570.439
743,274.3,102690897.085
744,274.4,104820951.876
745,274.5,112515235.688
746,274.6,121901608.035
747,274.7,128568172.353
748,274.8,129386803.693
749,274.9,123307126.682
750,275.0,111200000.001
751,275.1,95760585.971
752,275.2,79886015.956
753,275.3,66393354.629
754,275.4,57192900.762
755,275.5,53254595.35
756,275.6,54697698.544
757,275.7,61035158.008
758,275.8,71258944.14
759,275.9,83974452.021
760,276.0,97463361.813
761,276.1,110000000.0
762,276.2,120193987.915
763,276.3,127698948.378
764,276.4,133268032.847
765,276.5,137987041.008
766,276.6,142884231.59
767,276.7,147983170.059
768,276.8,151925544.994
769,276.9,153168860.476
770,277.0,150706358.11
771,277.1,145143720.586
772,277.2,138300000.0
773,277.3,132882402.587
774,277.4,130836617.358
775,277.5,133133750.335
776,277.6,140037293.056
777,277.7,152166725.857
778,277.8,170499999.999
779,277.9,196149544.056
780,278.0,228996443.981
781,278.1,266517145.37
782,278.2,304341093.11
783,278.3,337731367.942
784,278.4,364125496.674
785,278.5,384668621.535
786,278.6,403933655.911
787,278.7,427805745.261
788,278.8,462522810.29
789,278.9,513299999.997
790,279.0,585352182.728
791,279.1,682884680.92
792,279.2,807320847.213
793,279.3,954198673.048
794,279.4,1111344445.532
795,279.5,1260930518.011
796,279.6,1382700697.129
797,279.7,1465223552.389
798,279.8,1498503811.035
799,279.9,1483571199.569
800,280.0,1423000000.004
801,280.1,1320135835.525
802,280.2,1179393276.219
803,280.3,1011120909.899
804,280.4,829093280.052
805,280.5,651259562.215
806,280.6,494820453.254
807,280.7,372176704.22
808,280.8,289243944.227
809,280.9,244906185.06
810,281.0,233674936.925
811,281.1,247399999.999
812,281.2,277901992.067
813,281.3,318786563.202
814,281.4,366787734.907
815,281.5,421979199.544
816,281.6,487022730.469
817,281.7,564899452.264
818,281.8,655830806.913
819,281.9,756346732.167
820,282.0,858735145.802
821,282.1,953649704.209
822,282.2,1032999999.997
823,282.3,1090748280.657
824,282.4,1124154032.662
825,282.5,1130063436.223
826,282.6,1103937507.08
827,282.7,1041357461.832
828,282.8,940400000.006
829,282.9,806496454.136
830,283.0,652305974.498
831,283.1,495263441.735
832,283.2,351957805.073
833,283.3,234162350.557
834,283.4,146025084.946
835,283.5,86025356.683
836,283.6,48377711.688
837,283.7,26848018.315
838,283.8,15732589.859
839,283.9,10870000.0
840,284.0,9599418.252
841,284.1,10336086.385
842,284.2,12212518.522
843,284.3,14706563.203
844,284.4,17355952.304
845,284.5,19647543.889
846,284.6,21060948.32
847,284.7,21217814.844
848,284.8,20055715.286
849,284.9,17900035.093
850,285.0,15360000.0
851,285.1,13154270.01
852,285.2,11785984.548
853,285.3,11447557.596
854,285.4,11953917.189
855,285.5,12873282.598
856,285.6,13755397.483
857,285.7,14279354.727
858,285.8,14399416.709
859,285.9,14377486.069
860,286.0,14690184.2
861,286.1,16040000.0
862,286.2,19412159.059
863,286.3,26117058.349
864,286.4,37860896.302
865,286.5,56441387.295
866,286.6,83153800.552
867,286.7,117774203.849
868,286.8,157982708.996
869,286.9,198790461.254
870,287.0,233714744.321
871,287.1,256768194.29
872,287.2,264600000.0
873,287.3,257767243.369
874,287.4,241053385.62
875,287.5,221516087.35
876,287.6,205979044.047
877,287.7,198540766.411
878,287.8,199900000.0
879,287.9,207603844.398
880,288.0,218755848.456
881,288.1,232171665.28
882,288.2,250142619.889
883,288.3,277924377.836
884,288.4,321997553.873
885,288.5,386586129.232
886,288.6,470696421.688
887,288.7,566968202.947
888,288.8,661839124.92
889,288.9,738399999.997
890,289.0,781741537.653
891,289.1,782790693.078
892,289.2,742001713.195
893,289.3,669519923.181
894,289.4,581644661.339
895,289.5,495721925.483
896,289.6,424830313.826
897,289.7,374837510.268
898,289.8,343425203.104
899,289.9,323296441.092
900,290.0,305200000.001
901,290.1,282330082.122
902,290.2,251709790.687
903,290.3,214747126.208
904,290.4,175719644.053
905,290.5,139487533.523
906,290.6,110526101.019
907,290.7,91635271.385
908,290.8,83975152.442
909,290.9,87100176.871
910,291.0,98829223.779
911,291.1,115399999.999
912,291.2,131780523.678
913,291.3,142919777.499
914,291.4,144979700.011
915,291.5,136836672.448
916,291.6,120119659.426
917,291.7,98445858.699
918,291.8,76436778.995
919,291.9,57789455.183
920,292.0,44705988.223
921,292.1,37921944.622
922,292.2,37580000.0
923,292.3,44687591.384
924,292.4,62665105.935
925,292.5,98782537.308
926,292.6,164188000.762
927,292.7,272993145.352
928,292.8,438099999.99
929,292.9,666125356.347
930,293.0,951415483.228
931,293.1,1275463942.637
932,293.2,1610415755.124
933,293.3,1927906273.218
934,293.4,2212896228.195
935,293.5,2464378645.835
936,293.6,2688763662.084
937,293.7,2889837728.09
938,293.8,3052102422.622
939,293.9,3143999999.998
940,294.0,3133567605.657
941,294.1,3010274703.61
942,294.2,2806939480.638
943,294.3,2593766321.24
944,294.4,2462402489.085
945,294.5,2487804211.343
946,294.6,2695306060.797
947,294.7,3045882083.155
948,294.8,3440151494.67
949,294.9,3749803558.792
950,295.0,3863000000.001
951,295.1,3716519361.664
952,295.2,3323459680.275
953,295.3,2755110581.144
954,295.4,2116778861.242
955,295.5,1508322668.133
956,295.6,997640888.839
957,295.7,617186899.041
958,295.8,359858295.448
959,295.9,201913187.864
960,296.0,112944506.75
961,296.1,66590000.002
962,296.2,43739987.684
963,296.3,32657700.673
964,296.4,26991135.229
965,296.5,23669775.353
966,296.6,21474071.238
967,296.7,20129433.289
968,296.8,19940658.032
969,296.9,21528858.532
970,297.0,25744869.002
971,297.1,33494848.166
972,297.2,45549999.999
973,297.3,62417873.832
974,297.4,84119467.293
975,297.5,110100572.398
976,297.6,138911654.996
977,297.7,168417974.021
978,297.8,195799999.999
979,297.9,218768712.623
980,298.0,236765999.106
981,298.1,252482317.259
982,298.2,272562620.981
983,298.3,306289447.594
984,298.4,363109151.933
985,298.5,447684342.182
986,298.6,556192370.344
987,298.7,674308089.999
988,298.8,779730677.7
989,298.9,847899999.998
990,299.0,860727331.818
991,299.1,812470511.29
992,299.2,711904765.278
993,299.3,578593542.613
994,299.4,436199946.622
995,299.5,305152227.143
996,299.6,198399084.164
997,299.7,120022460.226
998,299.8,67721259.355
999,299.9,35771031.192
1000,300.0,17800000.001
1001,300.1,8485663.158
1002,300.2,4076921.73
1003,300.3,2289795.103
1004,300.4,1905355.848
1005,300.5,2376246.777
1006,300.6,3574782.632
1007,300.7,5647069.169
1008,300.8,8948182.688
1009,300.9,14012564.55
1010,301.0,21467256.639
1011,301.1,31919999.999
1012,301.2,45785036.543
1013,301.3,63095686.331
1014,301.4,83322174.127
1015,301.5,105243064.638
1016,301.6,127107451.585
1017,301.7,146447440.871
1018,301.8,160731301.104
1019,301.9,167709184.708
1020,302.0,166027682.575
1021,302.1,155821879.238
1022,302.2,139000000.001
1023,302.3,119087385.293
1024,302.4,100412276.676
1025,302.5,87307179.082
1026,302.6,82764505.913
1027,302.7,88117944.321
1028,302.8,102799999.999
1029,302.9,124890433.713
1030,303.0,152089973.558
1031,303.1,182926100.272
1032,303.2,217938231.295
1033,303.3,260458081.885
1034,303.4,315297367.087
1035,303.5,387472165.219
1036,303.6,479338302.802
1037,303.7,589163074.9
1038,303.8,710306927.161
1039,303.9,833599999.993
1040,304.0,949969288.149
1041,304.1,1053575237.569
1042,304.2,1142975114.561
1043,304.3,1219266176.044
1044,304.4,1282476026.161
1045,304.5,1331299532.135
1046,304.6,1366977600.577
1047,304.7,1390388266.521
1048,304.8,1409640499.592
1049,304.9,1433970328.253
1050,305.0,1467999999.998
1051,305.1,1507981367.993
1052,305.2,1538806408.614
1053,305.3,1535925072.967
1054,305.4,1481734635.116
1055,305.5,1370865298.603
1056,305.6,1216330722.892
1057,305.7,1048076818.686
1058,305.8,904453234.762
1059,305.9,820590702.354
1060,306.0,819697129.717
1061,306.1,906199999.992
1062,306.2,1064140358.828
1063,306.3,1258322660.554
1064,306.4,1442542222.152
1065,306.5,1570538080.461
1066,306.6,1606150615.752
1067,306.7,1537406129.288
1068,306.8,1373136677.007
1069,306.9,1147499295.456
1070,307.0,897915321.822
1071,307.1,663273639.26
1072,307.2,468700000.01
1073,307.3,324299474.482
1074,307.4,226878015.152
1075,307.5,166022621.221
1076,307.6,128781167.484
1077,307.7,104348028.859
1078,307.8,85500000.001
1079,307.9,68692086.514
1080,308.0,53055512.593
1081,308.1,39012842.605
1082,308.2,27246823.997
1083,308.3,18145187.088
1084,308.4,11589571.619
1085,308.5,7179915.741
1086,308.6,4359389.13
1087,308.7,2622101.612
1088,308.8,1575748.477
1089,308.9,956800.0
1090,309.0,601297.251
1091,309.1,410624.98
1092,309.2,326322.116
1093,309.3,318786.092
1094,309.4,387865.15
1095,309.5,581557.337
1096,309.6,1031870.798
1097,309.7,2014962.255
1098,309.8,4032547.977
1099,309.9,7879183.062
1100,310.0,14649999.999
1101,310.1,25631920.809
1102,310.2,41924106.437
1103,310.3,63989062.017
1104,310.4,90985517.073
1105,310.5,120551961.422
1106,310.6,148613881.656
1107,310.7,170719134.955
1108,310.8,182658518.663
1109,310.9,182068591.517
1110,311.0,169154781.413
1111,311.1,146600000.002
1112,311.2,118705221.007
1113,311.3,90050374.552
1114,311.4,64319848.155
1115,311.5,43744803.818
1116,311.6,29008188.857
1117,311.7,19820066.831
1118,311.8,15466557.576
1119,311.9,15445630.775
1120,312.0,19777271.788
1121,312.1,29126981.53
1122,312.2,44699999.999
1123,312.3,67803349.388
1124,312.4,99478629.266
1125,312.5,139836214.125
1126,312.6,187807261.701
1127,312.7,241275679.439
1128,312.8,296899999.996
1129,312.9,351302357.771
1130,313.0,401119087.335
1131,313.1,444178679.266
1132,313.2,479307069.75
1133,313.3,507066038.661
1134,313.4,529369240.362
1135,313.5,549345638.467
1136,313.6,569645001.914
1137,313.7,590438704.127
1138,313.8,608653961.698
1139,313.9,617600000.0
1140,314.0,609317864.112
1141,314.1,577819123.301
1142,314.2,521660031.019
1143,314.3,445260234.109
1144,314.4,357662588.956
1145,314.5,269562402.371
1146,314.6,190440567.79
1147,314.7,126172587.026
1148,314.8,78576379.584
1149,314.9,46261451.472
1150,315.0,26020000.001
1151,315.1,14252618.131
1152,315.2,7844638.131
1153,315.3,4522602.226
1154,315.4,2867560.932
1155,315.5,2069532.1
1156,315.6,1720492.627
1157,315.7,1616727.446
1158,315.8,1647425.587
1159,315.9,1739774.696
1160,316.0,1832112.496
1161,316.1,1875000.0
1162,316.2,1836085.753
1163,316.3,1709014.212
1164,316.4,1509546.318
1165,316.5,1272076.733
1166,316.6,1034218.393
1167,316.7,835238.922
1168,316.8,699160.413
1169,316.9,639507.196
1170,317.0,657276.384
1171,317.1,744175.812
1172,317.2,883500.0
1173,317.3,1051192.505
1174,317.4,1216321.468
1175,317.5,1347726.541
1176,317.6,1421352.101
1177,317.7,1434287.67
1178,317.8,1416000.0
1179,317.9,1449004.635
1180,318.0,1693962.352
1181,318.1,2412756.866
1182,318.2,4006685.634
1183,318.3,7018921.012
1184,318.4,12099439.414
1185,318.5,19862506.728
1186,318.6,30703966.094
1187,318.7,44516934.926
1188,318.8,60519284.924
1189,318.9,77289999.999
1190,319.0,93072114.224
1191,319.1,106323671.314
1192,319.2,116341808.162
1193,319.3,123885027.437
1194,319.4,130328878.359
1195,319.5,137840400.812
1196,319.6,147534362.398
1197,319.7,159204490.545
1198,319.8,170859639.882
1199,319.9,179304866.895
1200,320.0,181200000.0
1201,320.1,174245642.742
1202,320.2,158266591.11
1203,320.3,135289345.77
1204,320.4,108475190.173
1205,320.5,81651380.283
1206,320.6,57756860.95
1207,320.7,38654156.428
1208,320.8,24854851.059
1209,320.9,15874801.806
1210,321.0,10660418.463
1211,321.1,8013000.0
1212,321.2,6856925.421
1213,321.3,6375514.714
1214,321.4,6045625.645
1215,321.5,5601507.634
1216,321.6,4982315.746
1217,321.7,4271185.715
1218,321.8,3640327.949
1219,321.9,3307574.08
1220,322.0,3510845.597
1221,322.1,4484710.678
1222,322.2,6436000.0
1223,322.3,9492446.813
1224,322.4,13640603.724
1225,322.5,18657065.061
1226,322.6,24073396.628
1227,322.7,29227674.692
1228,322.8,33370000.0
1229,322.9,35822790.031
1230,323.0,36205966.089
1231,323.1,34473716.387
1232,323.2,30991881.857
1233,323.3,26417841.683
1234,323.4,21516078.766
1235,323.5,17010801.259
1236,323.6,13446341.689
1237,323.7,11101232.433
1238,323.8,10019176.288
1239,323.9,10030000.0
1240,324.0,10825320.584
1241,324.1,12026082.164
1242,324.2,13240328.246
1243,324.3,14155950.426
1244,324.4,14551356.802
1245,324.5,14403504.95
1246,324.6,13846616.021
1247,324.7,13176178.119
1248,324.8,12808247.563
1249,324.9,13168542.855
1250,325.0,14590000.0
1251,325.1,17264247.54
1252,325.2,21097648.812
1253,325.3,25775103.987
1254,325.4,30719232.237
1255,325.5,35247627.429
1256,325.6,38665722.004
1257,325.7,40495794.961
1258,325.8,40581298.291
1259,325.9,39199846.999
1260,326.0,37016686.712
1261,326.1,35070000.0
1262,326.2,34608631.125
1263,326.3,36956074.731
1264,326.4,43366717.12
1265,326.5,54851736.961
1266,326.6,71941259.86
1267,326.7,94517154.562
1268,326.8,121573230.312
1269,326.9,151030171.639
1270,327.0,180342184.824
1271,327.1,206016814.838
1272,327.2,224599999.999
1273,327.3,233391487.849
1274,327.4,230900965.161
1275,327.5,216924333.438
1276,327.6,193330497.303
1277,327.7,163134637.694
1278,327.8,130200000.002
1279,327.9,98112825.813
1280,328.0,69768981.09
1281,328.1,46725729.012
1282,328.2,29461929.911
1283,328.3,17484712.045
1284,328.4,9755184.682
1285,328.5,5121273.574
1286,328.6,2530851.921
1287,328.7,1182842.144
1288,328.8,533887.984
1289,328.9,253400.0
1290,329.0,161105.624
1291,329.1,169310.898
1292,329.2,240549.314
1293,329.3,361743.456
1294,329.4,528099.608
1295,329.5,736417.453
1296,329.6,985035.811
1297,329.7,1284724.485
1298,329.8,1681611.023
1299,329.9,2299877.83
1300,330.0,3416000.0
1301,330.1,5555151.816
1302,330.2,9629928.545
1303,330.3,17036268.723
1304,330.4,29717695.95
1305,330.5,50009794.662
1306,330.6,80236750.414
1307,330.7,122006609.914
1308,330.8,175338060.817
1309,330.9,237844268.621
1310,331.0,304554218.588
1311,331.1,368399999.996
1312,331.2,421751857.433
1313,331.3,458029888.944
1314,331.4,473925068.46
1315,331.5,469708206.091
1316,331.6,448965706.836
1317,331.7,417542240.192
1318,331.8,380871052.684
1319,331.9,343257842.933
1320,332.0,306947822.137
1321,332.1,272523396.128
1322,332.2,240400000.002
1323,332.3,211371618.806
1324,332.4,187048906.129
1325,332.5,170039003.409
1326,332.6,162466281.104
1327,332.7,165184213.29
1328,332.8,176999999.999
1329,332.9,194272667.502
1330,333.0,212040544.211
1331,333.1,225001265.969
1332,333.2,229196611.473
1333,333.3,223219368.863
1334,333.4,208668475.981
1335,333.5,190021246.161
1336,333.6,173443403.026
1337,333.7,164996750.33
1338,333.8,169503438.924
1339,333.9,189799999.998
1340,334.0,226428776.518
1341,334.1,279718352.172
1342,334.2,352947278.146
1343,334.3,456854257.863
1344,334.4,614924772.561
1345,334.5,866782568.313
1346,334.6,1266638372.536
1347,334.7,1876151686.709
1348,334.8,2746946700.852
1349,334.9,3898669872.162
1350,335.0,5297999999.885
1351,335.1,6842879523.008
1352,335.2,8376881285.447
1353,335.3,9712279325.026
1354,335.4,10673069049.31
1355,335.5,11159695580.15
1356,335.6,11136944537.827
1357,335.7,10691624993.208
1358,335.8,9950505636.912
1359,335.9,9077187768.896
1360,336.0,8196442478.434
1361,336.1,7407000000.056
1362,336.2,6763117360.865
1363,336.3,6296072584.029
1364,336.4,6032960486.453
1365,336.5,6001127657.451
1366,336.6,6219398504.522
1367,336.7,6679918331.583
1368,336.8,7331347123.703
1369,336.9,8070948518.851
1370,337.0,8759844342.842
1371,337.1,9247524975.842
1372,337.2,9408000000.003
1373,337.3,9170886080.198
1374,337.4,8539247546.667
1375,337.5,7585763016.349
1376,337.6,6430184911.918
1377,337.7,5211347150.331
1378,337.8,4052000000.086
1379,337.9,3037312967.123
1380,338.0,2208699275.671
1381,338.1,1568553870.034
1382,338.2,1095568534.089
1383,338.3,754294487.165
1384,338.4,512218020.783
1385,338.5,341727947.591
1386,338.6,222508809.02
1387,338.7,140306327.387
1388,338.8,85050561.661
1389,338.9,49280000.002
1390,339.0,27164378.696
1391,339.1,14197473.401
1392,339.2,7013444.801
1393,339.3,3274446.667
1394,339.4,1441544.18
1395,339.5,598133.274
1396,339.6,233930.191
1397,339.7,85917.074
1398,339.8,29849.514
1399,339.9,9718.326
1400,340.0,2993.0
1401,340.1,866.734
1402,340.2,242.255
1403,340.3,81.351
1404,340.4,78.536
1405,340.5,182.165
1406,340.6,472.26
1407,340.7,1171.591
1408,340.8,2740.044
1409,340.9,6046.689
1410,341.0,12563.765
1411,341.1,24600.0
1412,341.2,45403.43
1413,341.3,78926.576
1414,341.4,129340.627
1415,341.5,199723.911
1416,341.6,290664.466
1417,341.7,398797.807
1418,341.8,516007.172
1419,341.9,629834.484
1420,342.0,725858.17
1421,342.1,790844.88
1422,342.2,816700.0
1423,342.3,802941.474
1424,342.4,759411.117
1425,342.5,707692.86
1426,342.6,686791.913
1427,342.7,769559.412
1428,342.8,1096000.0
1429,342.9,1937809.519
1430,343.0,3797858.647
1431,343.1,7541819.026
1432,343.2,14540221.681
1433,343.3,26716662.044
1434,343.4,46506995.539
1435,343.5,76505142.817
1436,343.6,118754715.715
1437,343.7,173921879.349
1438,343.8,240220978.655
1439,343.9,312799999.994
1440,344.0,384227401.901
1441,344.1,444967706.091
1442,344.2,485996281.869
1443,344.3,500471734.804
1444,344.4,486076592.97
1445,344.5,445186833.578
1446,344.6,384645174.125
1447,344.7,313724038.904
1448,344.8,241957415.47
1449,344.9,177252717.254
1450,345.0,125200000.004
1451,345.1,88291637.362
1452,345.2,67085656.479
1453,345.3,60784594.212
1454,345.4,67949637.997
1455,345.5,86693931.113
1456,345.6,114615557.465
1457,345.7,148310919.207
1458,345.8,183630720.579
1459,345.9,215693214.3
1460,346.0,239477515.963
1461,346.1,251400000.0
1462,346.2,249497330.859
1463,346.3,234798174.419
1464,346.4,210523217.397
1465,346.5,181653497.064
1466,346.6,154173787.233
1467,346.7,132999957.428
1468,346.8,122159775.004
1469,346.9,123101563.782
1470,347.0,135299278.528
1471,347.1,156001755.533
1472,347.2,180999999.998
1473,347.3,205600232.427
1474,347.4,225310075.032
1475,347.5,237398627.603
1476,347.6,240920632.288
1477,347.7,237440634.617
1478,347.8,229600000.001
1479,347.9,221090581.984
1480,348.0,214801734.354
1481,348.1,212342672.512
1482,348.2,213509594.652
1483,348.3,217097333.562
1484,348.4,220824370.245
1485,348.5,222786182.792
1486,348.6,221355137.869
1487,348.7,215541761.953
1488,348.8,205189545.126
1489,348.9,190200000.001
1490,349.0,171232032.246
1491,349.1,149259902.561
1492,349.2,125428643.526
1493,349.3,101254750.32
1494,349.4,78254176.41
1495,349.5,57716896.263
1496,349.6,40522791.187
1497,349.7,27031313.911
1498,349.8,17109760.814
1499,349.9,10259605.876
1500,350.0,5830000.0
1501,350.1,3145833.617
1502,350.2,1626211.179
1503,350.3,831559.788
1504,350.4,464249.498
1505,350.5,337738.153
1506,350.6,346415.684
1507,350.7,431616.865
1508,350.8,559384.922
1509,350.9,705261.041
1510,351.0,847099.424
1511,351.1,963700.0
1512,351.2,1037022.341
1513,351.3,1054920.142
1514,351.4,1014463.232
1515,351.5,924879.791
1516,351.6,803421.673
1517,351.7,680721.52
1518,351.8,605753.69
1519,351.9,668780.951
1520,352.0,1058462.972
1521,352.1,2162414.163
1522,352.2,4768000.0
1523,352.3,10353489.66
1524,352.4,21494190.403
1525,352.5,42348947.561
1526,352.6,78961451.926
1527,352.7,139309330.398
1528,352.8,232499999.99
1529,352.9,366907982.515
1530,353.0,547691078.151
1531,353.1,773521802.558
1532,353.2,1032767604.161
1533,353.3,1305170025.841
1534,353.4,1559666191.818
1535,353.5,1762513743.996
1536,353.6,1884713268.643
1537,353.7,1905455457.523
1538,353.8,1822577889.525
1539,353.9,1649000000.018
1540,354.0,1410812268.92
1541,354.1,1142363579.539
1542,354.2,875192430.32
1543,354.3,634768241.827
1544,354.4,437727397.765
1545,354.5,290215238.574
1546,354.6,192233114.48
1547,354.7,140836699.415
1548,354.8,134149319.5
1549,354.9,173830416.384
1550,355.0,265999999.989
1551,355.1,420047672.923
1552,355.2,645266301.532
1553,355.3,946179840.322
1554,355.4,1317703516.064
1555,355.5,1740076642.625
1556,355.6,2181861246.558
1557,355.7,2601110402.819
1558,355.8,2957568963.005
1559,355.9,3225510999.516
1560,356.0,3404567806.833
1561,356.1,3527999999.99
1562,356.2,3661414732.811
1563,356.3,3898939053.995
1564,356.4,4341535105.919
1565,356.5,5088196822.593
1566,356.6,6210463492.588
1567,356.7,7740176682.775
1568,356.8,9652532128.133
1569,356.9,11863260733.037
1570,357.0,14234033319.806
1571,357.1,16583229450.873
1572,357.2,18679999999.829
1573,357.3,20352010347.828
1574,357.4,21426087331.979
1575,357.5,21844675320.192
1576,357.6,21587426398.156
1577,357.7,20742190804.802
1578,357.8,19430000000.135
1579,357.9,17780643383.743
1580,358.0,15951526617.462
1581,358.1,14061826832.268
1582,358.2,12214098813.466
1583,358.3,10510739498.542
1584,358.4,8999989855.101
1585,358.5,7750920230.525
1586,358.6,6779581736.115
1587,358.7,6079499526.914
1588,358.8,5603807971.185
1589,358.9,5280000000.025
1590,359.0,5018585379.439
1591,359.1,4739221521.076
1592,359.2,4382119049.757
1593,359.3,3924204295.792
1594,359.4,3376359841.998
1595,359.5,2778350477.15
1596,359.6,2179526927.063
1597,359.7,1627828902.887
1598,359.8,1160454396.667
1599,359.9,797301636.992
1600,360.0,547400000.017
1601,360.1,413947317.64
1602,360.2,405265540.249
1603,360.3,543361480.342
1604,360.4,870710905.605
1605,360.5,1450191996.47
1606,360.6,2360019105.834
1607,360.7,3672894175.119
1608,360.8,5435661317.598
1609,360.9,7634675194.496
1610,361.0,10168260006.793
1611,361.1,12849999999.754
1612,361.2,15399462500.799
1613,361.3,17492494779.57
1614,361.4,18846203130.559
1615,361.5,19255486385.135
1616,361.6,18652553696.491
1617,361.7,17154640430.782
1618,361.8,14977364358.629
1619,361.9,12463264519.289
1620,362.0,9938500903.679
1621,362.1,7712502500.283
1622,362.2,6008000000.128
1623,362.3,4957286317.605
1624,362.4,4607334775.931
1625,362.5,4927815317.176
1626,362.6,5822261561.04
1627,362.7,7137805895.701
1628,362.8,8670999999.855
1629,362.9,10194594424.818
1630,363.0,11475614931.89
1631,363.1,12314947143.403
1632,363.2,12608353960.679
1633,363.3,12353695054.096
1634,363.4,11633063511.327
1635,363.5,10667260104.586
1636,363.6,9674214066.751
1637,363.7,8886834869.649
1638,363.8,8475026994.819
1639,363.9,8506999999.977
1640,364.0,8943647996.427
1641,364.1,9651879420.238
1642,364.2,10446032268.967
1643,364.3,11109234482.814
1644,364.4,11482475649.978
1645,364.5,11469198486.934
1646,364.6,11030358270.247
1647,364.7,10239117384.086
1648,364.8,9206773866.499
1649,364.9,8053083996.51
1650,365.0,6897000000.106
1651,365.1,5818083142.273
1652,365.2,4858430476.643
1653,365.3,4024054030.344
1654,365.4,3302555080.549
1655,365.5,2673524429.376
1656,365.6,2120980666.886
1657,365.7,1639121793.128
1658,365.8,1226210783.224
1659,365.9,883334147.502
1660,366.0,610665361.017
1661,366.1,404200000.017
1662,366.2,255789018.205
1663,366.3,154932207.792
1664,366.4,90081429.289
1665,366.5,50831995.124
1666,366.6,28763563.961
1667,366.7,17856837.779
1668,366.8,14312706.594
1669,366.9,16128383.192
1670,367.0,22558176.635
1671,367.1,33549497.107
1672,367.2,49259999.998
1673,367.3,69608428.281
1674,367.4,93865100.007
1675,367.5,120511270.121
1676,367.6,147006353.65
1677,367.7,170530348.766
1678,367.8,187999999.999
1679,367.9,197037847.228
1680,368.0,196193428.054
1681,368.1,185761728.802
1682,368.2,167178835.181
1683,368.3,143099985.452
1684,368.4,116405910.62
1685,368.5,90146524.42
1686,368.6,66430648.966
1687,368.7,46648116.702
1688,368.8,31269947.961
1689,368.9,20070000.001
1690,369.0,12440934.855
1691,369.1,7570184.832
1692,369.2,4689883.166
1693,369.3,3148552.232
1694,369.4,2456444.342
1695,369.5,2280937.995
1696,369.6,2416688.278
1697,369.7,2754127.853
1698,369.8,3249317.366
1699,369.9,3895446.102
1700,370.0,4706000.0
1701,370.1,5679238.392
1702,370.2,6790054.476
1703,370.3,7967359.445
1704,370.4,9102940.97
1705,370.5,10059312.033
1706,370.6,10707532.421
1707,370.7,10939540.568
1708,370.8,10722420.623
1709,370.9,10103562.106
1710,371.0,9184478.571
1711,371.1,8130000.0
1712,371.2,7111453.694
1713,371.3,6280309.017
1714,371.4,5732626.479
1715,371.5,5497885.222
1716,371.6,5536405.015
1717,371.7,5754685.77
1718,371.8,6034753.596
1719,371.9,6256155.714
1720,372.0,6334629.727
1721,372.1,6230861.526
1722,372.2,5964000.0
1723,372.3,5600979.295
1724,372.4,5236465.548
1725,372.5,4967721.38
1726,372.6,4868686.671
1727,372.7,4971796.507
1728,372.8,5259000.0
1729,372.9,5665418.97
1730,373.0,6093029.262
1731,373.1,6434567.612
1732,373.2,6594894.366
1733,373.3,6512579.799
1734,373.4,6170467.26
1735,373.5,5595775.016
1736,373.6,4856940.966
1737,373.7,4037945.499
1738,373.8,3227480.273
1739,373.9,2501000.0
1740,374.0,1909828.542
1741,374.1,1474308.999
1742,374.2,1194188.427
1743,374.3,1047284.152
1744,374.4,998642.657
1745,374.5,1011024.175
1746,374.6,1050329.872
1747,374.7,1087648.116
1748,374.8,1105123.86
1749,374.9,1096586.285
1750,375.0,1065000.0
1751,375.1,1020539.4
1752,375.2,973628.373
1753,375.3,934748.071
1754,375.4,908427.53
1755,375.5,893808.281
1756,375.6,885446.89
1757,375.7,876612.564
1758,375.8,862395.734
1759,375.9,842317.088
1760,376.0,821618.989
1761,376.1,809900.0
1762,376.2,818972.101
1763,376.3,859387.346
1764,376.4,937098.209
1765,376.5,1050786.124
1766,376.6,1193614.678
1767,376.7,1350855.145
1768,376.8,1504648.854
1769,376.9,1637521.145
1770,377.0,1733768.656
1771,377.1,1784190.983
1772,377.2,1781000.0
1773,377.3,1727545.919
1774,377.4,1629100.176
1775,377.5,1495124.431
1776,377.6,1340863.224
1777,377.7,1182425.104
1778,377.8,1037000.0
1779,377.9,922618.878
1780,378.0,854249.356
1781,378.1,845951.276
1782,378.2,907097.106
1783,378.3,1041526.712
1784,378.4,1247595.841
1785,378.5,1514449.725
1786,378.6,1822751.138
1787,378.7,2146401.256
1788,378.8,2455122.049
1789,378.9,2719000.0
1790,379.0,2913988.403
1791,379.1,3034634.386
1792,379.2,3093522.439
1793,379.3,3131416.281
1794,379.4,3216442.444
1795,379.5,3443133.554
1796,379.6,3924678.275
1797,379.7,4789681.43
1798,379.8,6167389.562
1799,379.9,8170222.288
1800,380.0,10880000.0
1801,380.1,14295976.519
1802,380.2,18326293.749
1803,380.3,22781638.827
1804,380.4,27326175.908
1805,380.5,31535864.769
1806,380.6,34942652.105
1807,380.7,37147576.698
1808,380.8,37849377.389
1809,380.9,36956076.431
1810,381.0,34592872.025
1811,381.1,31090000.0
1812,381.2,26929279.066
1813,381.3,22644705.422
1814,381.4,18771387.458
1815,381.5,15749144.088
1816,381.6,13902338.078
1817,381.7,13390127.322
1818,381.8,14200300.401
1819,381.9,16155504.504
1820,382.0,18970735.787
1821,382.1,22211293.357
1822,382.2,25420000.0
1823,382.3,28137957.343
1824,382.4,30010159.572
1825,382.5,30861734.212
1826,382.6,30704421.366
1827,382.7,29755550.937
1828,382.8,28370000.0
1829,382.9,26941348.193
1830,383.0,25835755.613
1831,383.1,25253852.846
1832,383.2,25265610.53
1833,383.3,25743021.71
1834,383.4,26499682.168
1835,383.5,27253570.601
1836,383.6,27801308.618
1837,383.7,27966215.522
1838,383.8,27692045.52
1839,383.9,26970000.0
1840,384.0,25830405.441
1841,384.1,24325182.354
1842,384.2,22528391.438
1843,384.3,20496819.532
1844,384.4,18329030.277
1845,384.5,16169404.322
1846,384.6,14219690.366
1847,384.7,12775776.316
1848,384.8,12221281.558
1849,384.9,13056686.538
1850,385.0,15850000.0
1851,385.1,21218463.265
1852,385.2,29713613.435
1853,385.3,41706699.421
1854,385.4,57202708.471
1855,385.5,75720411.954
1856,385.6,96133256.674
1857,385.7,116729804.421
1858,385.8,135431282.526
1859,385.9,150028243.802
1860,386.0,158691884.221
1861,386.1,160200000.0
1862,386.2,154296502.977
1863,386.3,141855821.303
1864,386.4,124529681.518
1865,386.5,104342199.523
1866,386.6,83456743.326
1867,386.7,63765534.381
1868,386.8,46561953.023
1869,386.9,32538707.712
1870,387.0,21811258.275
1871,387.1,14073618.722
1872,387.2,8806000.0
1873,387.3,5401749.009
1874,387.4,3302976.726
1875,387.5,2056779.658
1876,387.6,1332551.226
1877,387.7,910835.958
1878,387.8,657400.0
1879,387.9,499884.793
1880,388.0,403063.072
1881,388.1,352169.304
1882,388.2,342047.428
1883,388.3,370361.45
1884,388.4,433916.652
1885,388.5,527479.736
1886,388.6,643195.819
1887,388.7,772130.285
1888,388.8,906272.872
1889,388.9,1043000.0
1890,389.0,1190247.618
1891,389.1,1374704.959
1892,389.2,1653882.555
1893,389.3,2133216.156
1894,389.4,2990590.417
1895,389.5,4508077.547
1896,389.6,7109069.798
1897,389.7,11393870.536
1898,389.8,18162709.33
1899,389.9,28386974.926
1900,390.0,43139999.998
1901,390.1,63477704.668
1902,390.2,90156446.097
1903,390.3,123530414.132
1904,390.4,163202120.579
1905,390.5,207936529.572
1906,390.6,255274030.953
1907,390.7,302316492.221
1908,390.8,345424767.612
1909,390.9,380759664.344
1910,391.0,404848992.58
1911,391.1,415400000.0
1912,391.2,410989000.972
1913,391.3,392067124.484
1914,391.4,360367487.042
1915,391.5,319097428.912
1916,391.6,271975608.674
1917,391.7,223156468.056
1918,391.8,176336059.394
1919,391.9,134354321.02
1920,392.0,98966622.604
1921,392.1,70842911.551
1922,392.2,49870000.002
1923,392.3,35171036.942
1924,392.4,25584048.624
1925,392.5,19887912.79
1926,392.6,16980484.002
1927,392.7,15964910.507
1928,392.8,16160000.0
1929,392.9,17057056.916
1930,393.0,18302634.511
1931,393.1,19586767.849
1932,393.2,20652625.331
1933,393.3,21277884.196
1934,393.4,21312384.181
1935,393.5,20650831.208
1936,393.6,19312717.995
1937,393.7,17384828.113
1938,393.8,15049256.451
1939,393.9,12500000.0
1940,394.0,9975525.757
1941,394.1,7644629.654
1942,394.2,5642410.888
1943,394.3,4034996.212
1944,394.4,2836276.724
1945,394.5,2016649.382
1946,394.6,1520490.607
1947,394.7,1283058.084
1948,394.8,1238514.521
1949,394.9,1323538.233
1950,395.0,1481000.0
1951,395.1,1662039.973
1952,395.2,1824232.368
1953,395.3,1934167.392
1954,395.4,1972225.874
1955,395.5,1927888.411
1956,395.6,1805607.592
1957,395.7,1619638.975
1958,395.8,1390912.478
1959,395.9,1143357.916
1960,396.0,900439.766
1961,396.1,679900.0
1962,396.2,493387.874
1963,396.3,346480.934
1964,396.4,239763.157
1965,396.5,170952.696
1966,396.6,136822.804
1967,396.7,134566.055
1968,396.8,163382.825
1969,396.9,224406.076
1970,397.0,320435.73
1971,397.1,455897.185
1972,397.2,636200.0
1973,397.3,866592.361
1974,397.4,1152946.782
1975,397.5,1498830.648
1976,397.6,1909075.456
1977,397.7,2384883.815
1978,397.8,2924000.0
1979,397.9,3520043.768
1980,398.0,4157829.854
1981,398.1,4818870.329
1982,398.2,5477031.399
1983,398.3,6107244.239
1984,398.4,6692062.053
1985,398.5,7225275.081
1986,398.6,7727210.595
1987,398.7,8240762.596
1988,398.8,8835853.651
1989,398.9,9592000.0
1990,399.0,10579806.49
1991,399.1,11850656.624
1992,399.2,13393658.861
1993,399.3,15116026.749
1994,399.4,16878951.155
1995,399.5,18476085.24
1996,399.6,19692136.753
1997,399.7,20318950.72
1998,399.8,20239221.8
1999,399.9,19410907.276
2000,400.0,17910000.0
2001,400.1,15884108.292
2002,400.2,13567650.598
2003,400.3,11185751.42
2004,400.4,8985577.787
2005,400.5,7179529.05
2006,400.6,5962436.315
2007,400.7,5541957.018
2008,400.8,6175383.735
2009,400.9,8216114.63
2010,401.0,12144623.01
2011,401.1,18589999.999
2012,401.2,28289013.746
2013,401.3,42034154.203
2014,401.4,60515303.4
2015,401.5,84156138.608
2016,401.6,112957677.819
2017,401.7,146187666.685
2018,401.8,182551767.196
2019,401.9,220028770.801
2020,402.0,255865398.373
2021,402.1,287343294.051
2022,402.2,312099999.998
2023,402.3,327962973.418
2024,402.4,334246397.298
2025,402.5,331096258.685
2026,402.6,319885574.617
2027,402.7,302473216.775
2028,402.8,281600000.003
2029,402.9,259221971.805
2030,403.0,237344384.619
2031,403.1,216967488.068
2032,403.2,198642703.973
2033,403.3,182070530.522
2034,403.4,166929817.658
2035,403.5,152779710.945
2036,403.6,139602601.863
2037,403.7,127075305.986
2038,403.8,115583728.938
2039,403.9,105300000.001
2040,404.0,96403357.625
2041,404.1,88908331.576
2042,404.2,82738304.912
2043,404.3,77709016.718
2044,404.4,73581717.583
2045,404.5,70154564.586
2046,404.6,67284337.797
2047,404.7,64890551.036
2048,404.8,62959615.933
2049,404.9,61497934.772
2050,405.0,60470000.0
2051,405.1,59824664.45
2052,405.2,59411388.797
2053,405.3,59055956.952
2054,405.4,58533966.164
2055,405.5,57628988.4
2056,405.6,56165503.642
2057,405.7,54052342.201
2058,405.8,51275290.341
2059,405.9,47943413.569
2060,406.0,44230638.291
2061,406.1,40340000.0
2062,406.2,36491649.745
2063,406.3,32850149.154
2064,406.4,29562197.704
2065,406.5,26682098.983
2066,406.6,24222802.384
2067,406.7,22185639.354
2068,406.8,20585934.706
2069,406.9,19430748.347
2070,407.0,18767530.495
2071,407.1,18689722.069
2072,407.2,19270000.0
2073,407.3,20622074.208
2074,407.4,22801949.826
2075,407.5,25842851.192
2076,407.6,29715936.079
2077,407.7,34282268.55
2078,407.8,39329999.999
2079,407.9,44536917.949
2080,408.0,49509730.432
2081,408.1,53815347.673
2082,408.2,57045811.718
2083,408.3,58856697.463
2084,408.4,59031969.825
2085,408.5,57539578.122
2086,408.6,54486074.549
2087,408.7,50173006.005
2088,408.8,44980970.188
2089,408.9,39350000.001
2090,409.0,33695032.539
2091,409.1,28359193.041
2092,409.2,23582062.525
2093,409.3,19492254.457
2094,409.4,16110223.565
2095,409.5,13395434.511
2096,409.6,11238791.175
2097,409.7,9533307.389
2098,409.8,8156078.691
2099,409.9,7018857.366
2100,410.0,6055000.0
2101,410.1,5224044.336
2102,410.2,4502141.008
2103,410.3,3880510.35
2104,410.4,3354863.671
2105,410.5,2922363.256
2106,410.6,2576023.05
2107,410.7,2308430.288
2108,410.8,2110110.959
2109,410.9,1968893.518
2110,411.0,1873473.366
2111,411.1,1814000.0
2112,411.2,1779382.777
2113,411.3,1760506.535
2114,411.4,1751245.802
2115,411.5,1745499.868
2116,411.6,1742096.92
2117,411.7,1744828.429
2118,411.8,1765151.873
2119,411.9,1821909.454
2120,412.0,1944601.676
2121,412.1,2174692.215
2122,412.2,2564000.0
2123,412.3,3179795.941
2124,412.4,4094112.198
2125,412.5,5380991.41
2126,412.6,7104133.024
2127,412.7,9302931.771
2128,412.8,11970000.0
2129,412.9,15071488.193
2130,413.0,18506365.005
2131,413.1,22118227.114
2132,413.2,25762497.667
2133,413.3,29263085.448
2134,413.4,32484678.332
2135,413.5,35279829.61
2136,413.6,37566528.684
2137,413.7,39271578.044
2138,413.8,40323021.702
2139,413.9,40670000.0
2140,414.0,40256172.736
2141,414.1,39072504.295
2142,414.2,37124744.732
2143,414.3,34502993.348
2144,414.4,31349471.204
2145,414.5,27816873.998
2146,414.6,24141643.385
2147,414.7,20500232.326
2148,414.8,17069826.78
2149,414.9,13963921.199
2150,415.0,11270000.0
2151,415.1,9010684.491
2152,415.2,7180399.367
2153,415.3,5759370.003
2154,415.4,4714682.882
2155,415.5,4011190.397
2156,415.6,3606791.151
2157,415.7,3455344.307
2158,415.8,3501487.435
2159,415.9,3684498.523
2160,416.0,3936820.078
2161,416.1,4196000.0
2162,416.2,4405603.352
2163,416.3,4529324.895
2164,416.4,4547587.916
2165,416.5,4465546.476
2166,416.6,4303323.903
2167,416.7,4096284.939
2168,416.8,3879653.66
2169,416.9,3685484.581
2170,417.0,3536236.287
2171,417.1,3439983.195
2172,417.2,3395000.0
2173,417.3,3388666.658
2174,417.4,3405567.838
2175,417.5,3432319.061
2176,417.6,3461788.184
2177,417.7,3494346.578
2178,417.8,3538000.0
2179,417.9,3609105.692
2180,418.0,3724705.828
2181,418.1,3901329.56
2182,418.2,4147484.397
2183,418.3,4458723.55
2184,418.4,4820524.436
2185,418.5,5199822.413
2186,418.6,5559138.484
2187,418.7,5854600.841
2188,418.8,6047581.323
2189,418.9,6110000.0
2190,419.0,6029504.188
2191,419.1,5812752.126
2192,419.2,5483150.436
2193,419.3,5079500.159
2194,419.4,4648762.696
2195,419.5,4238306.535
2196,419.6,3895817.262
2197,419.7,3656232.435
2198,419.8,3543992.755
2199,419.9,3567491.289
2200,420.0,3720000.0
2201,420.1,3984522.194
2202,420.2,4332340.961
2203,420.3,4732783.67
2204,420.4,5157198.355
2205,420.5,5584678.967
2206,420.6,6002190.936
2207,420.7,6408640.118
2208,420.8,6811412.685
2209,420.9,7217665.107
2210,421.0,7632978.61
2211,421.1,8053000.0
2212,421.2,8465225.642
2213,421.3,8844624.558
2214,421.4,9160944.26
2215,421.5,9384617.073
2216,421.6,9492982.029
2217,421.7,9476747.816
2218,421.8,9341482.788
2219,421.9,9114839.105
2220,422.0,8839026.099
2221,422.1,8572958.464
2222,422.2,8387000.0
2223,422.3,8364991.033
2224,422.4,8613461.581
2225,422.5,9273207.722
2226,422.6,10562682.578
2227,422.7,12829488.14
2228,422.8,16689999.999
2229,422.9,23238753.073
2230,423.0,34366194.198
2231,423.1,53274403.182
2232,423.2,85188972.94
2233,423.3,138043362.888
2234,423.4,223520409.11
2235,423.5,357179424.955
2236,423.6,559022289.42
2237,423.7,851751731.525
2238,423.8,1257337850.752
2239,423.9,1796999999.922
2240,424.0,2477269856.786
2241,424.1,3293061347.799
2242,424.2,4219164129.689
2243,424.3,5206153360.697
2244,424.4,6183813939.772
2245,424.5,7071193699.3
2246,424.6,7782153109.021
2247,424.7,8241995970.107
2248,424.8,8400194436.742
2249,424.9,8237936399.532
2250,425.0,7773000000.077
2251,425.1,7058151074.559
2252,425.2,6166051699.395
2253,425.3,5183764562.545
2254,425.4,4192680706.333
2255,425.5,3263513109.272
2256,425.6,2444006014.493
2257,425.7,1761925356.564
2258,425.8,1222263543.931
2259,425.9,816618642.526
2260,426.0,525407641.35
2261,426.1,326200000.021
2262,426.2,195857638.526
2263,426.3,114164293.576
2264,426.4,65197901.815
2265,426.5,37045199.536
2266,426.6,21481296.822
2267,426.7,13133850.109
2268,426.8,8734747.029
2269,426.9,6373261.084
2270,427.0,5026179.415
2271,427.1,4174092.047
2272,427.2,3588000.0
2273,427.3,3181625.42
2274,427.4,2934359.339
2275,427.5,2845904.094
2276,427.6,2920715.316
2277,427.7,3158195.594
2278,427.8,3563000.0
2279,427.9,4148396.025
2280,428.0,4964222.314
2281,428.1,6107721.434
2282,428.2,7750617.683
2283,428.3,10146942.731
2284,428.4,13628786.419
2285,428.5,18599516.596
2286,428.6,25458958.35
2287,428.7,34568851.37
2288,428.8,46101558.924
2289,428.9,60029999.998
2290,429.0,75975430.218
2291,429.1,93252632.137
2292,429.2,110953387.551
2293,429.3,127886340.834
2294,429.4,143279373.139
2295,429.5,156286693.369
2296,429.6,166987478.392
2297,429.7,176143501.035
2298,429.8,185401134.026
2299,429.9,197542627.918
2300,430.0,215999999.997
2301,430.1,245553714.87
2302,430.2,291554049.904
2303,430.3,360253320.568
2304,430.4,458735404.427
2305,430.5,593811702.57
2306,430.6,772127829.397
2307,430.7,998321193.252
2308,430.8,1274299291.653
2309,430.9,1596312189.017
2310,431.0,1958018482.762
2311,431.1,2344999999.948
2312,431.2,2740418020.928
2313,431.3,3124703772.03
2314,431.4,3477257729.845
2315,431.5,3782800533.426
2316,431.6,4027155250.149
2317,431.7,4205802635.639
2318,431.8,4315290950.507
2319,431.9,4356955205.344
2320,432.0,4335464909.244
2321,432.1,4253267411.59
2322,432.2,4115000000.022
2323,432.3,3921307563.0
2324,432.4,3678094061.739
2325,432.5,3389183079.959
2326,432.6,3061039570.587
2327,432.7,2707412668.021
2328,432.8,2338000000.049
2329,432.9,1970102517.034
2330,433.0,1616234801.086
2331,433.1,1289817148.818
2332,433.2,999819176.658
2333,433.3,752235833.618
2334,433.4,548721607.291
2335,433.5,387916403.301
2336,433.6,265531170.921
2337,433.7,175856085.493
2338,433.8,112702356.964
2339,433.9,69770000.005
2340,434.0,41756259.764
2341,434.1,24130829.436
2342,434.2,13473475.176
2343,434.3,7261664.596
2344,434.4,3775493.403
2345,434.5,1895353.233
2346,434.6,917663.713
2347,434.7,428490.914
2348,434.8,193994.454
2349,434.9,86791.952
2350,435.0,43060.0
2351,435.1,34136.938
2352,435.2,53728.298
2353,435.3,114087.049
2354,435.4,252095.658
2355,435.5,543513.918
2356,435.6,1132293.61
2357,435.7,2275944.611
2358,435.8,4411420.271
2359,435.9,8245054.763
2360,436.0,14863282.84
2361,436.1,25829999.998
2362,436.2,43280509.96
2363,436.3,69955153.706
2364,436.4,108971814.328
2365,436.5,163801077.0
2366,436.6,237333321.372
2367,436.7,331590955.264
2368,436.8,446838702.637
2369,436.9,580547856.656
2370,437.0,727401804.132
2371,437.1,878792290.193
2372,437.2,1023999999.981
2373,437.3,1150398764.948
2374,437.4,1246029483.662
2375,437.5,1301705141.134
2376,437.6,1311321593.418
2377,437.7,1273283975.882
2378,437.8,1193000000.013
2379,437.9,1077644461.42
2380,438.0,938835215.735
2381,438.1,788900478.031
2382,438.2,639662312.788
2383,438.3,500809550.698
2384,438.4,379606936.929
2385,438.5,280085155.903
2386,438.6,203933374.394
2387,438.7,151055386.439
2388,438.8,120390107.153
2389,438.9,110900000.0
2390,439.0,121645958.99
2391,439.1,152247095.914
2392,439.2,202410762.223
2393,439.3,271818454.73
2394,439.4,358909088.172
2395,439.5,460950004.17
2396,439.6,572870113.238
2397,439.7,687866927.012
2398,439.8,797377805.105
2399,439.9,892420174.135
2400,440.0,964299999.992
2401,440.1,1006853598.023
2402,440.2,1016727482.279
2403,440.3,995282747.933
2404,440.4,946540617.384
2405,440.5,879260815.106
2406,440.6,803910553.594
2407,440.7,731163862.915
2408,440.8,670990412.185
2409,440.9,630559324.691
2410,441.0,613397021.666
2411,441.1,619199999.998
2412,441.2,643597039.948
2413,441.3,679606839.73
2414,441.4,718317703.37
2415,441.5,750616853.209
2416,441.6,768449027.159
2417,441.7,766275588.327
2418,441.8,741411522.97
2419,441.9,694553950.581
2420,442.0,629005462.671
2421,442.1,550343739.542
2422,442.2,465000000.012
2423,442.3,379273270.373
2424,442.4,298620044.047
2425,442.5,226998227.703
2426,442.6,166575559.156
2427,442.7,118195526.666
2428,442.8,81120000.004
2429,442.9,54040931.935
2430,443.0,35146747.055
2431,443.1,22574480.721
2432,443.2,14627393.33
2433,443.3,9866524.548
2434,443.4,7195793.371
2435,443.5,5807737.639
2436,443.6,5149832.82
2437,443.7,4871542.621
2438,443.8,4770606.894
2439,443.9,4757000.0
2440,444.0,4814594.779
2441,444.1,4984600.129
2442,444.2,5337176.397
2443,444.3,5956496.971
2444,444.4,6926896.774
2445,444.5,8313648.915
2446,444.6,10151195.125
2447,444.7,12433620.449
2448,444.8,15123577.915
2449,444.9,18138821.797
2450,445.0,21360000.0
2451,445.1,24672668.329
2452,445.2,27938138.875
2453,445.3,31051221.514
2454,445.4,33906663.174
2455,445.5,36436845.852
2456,445.6,38585874.565
2457,445.7,40294433.682
2458,445.8,41518752.125
2459,445.9,42232184.091
2460,446.0,42381245.469
2461,446.1,41940000.0
2462,446.2,40886902.342
2463,446.3,39235666.929
2464,446.4,37036819.895
2465,446.5,34378962.839
2466,446.6,31374512.465
2467,446.7,28163557.214
2468,446.8,24887095.036
2469,446.9,21682962.34
2470,447.0,18656826.4
2471,447.1,15904926.348
2472,447.2,13450000.0
2473,447.3,11310190.085
2474,447.4,9478938.223
2475,447.5,7932417.01
2476,447.6,6636907.343
2477,447.7,5558088.343
2478,447.8,4668000.0
2479,447.9,3942205.249
2480,448.0,3363850.857
2481,448.1,2918585.321
2482,448.2,2598070.224
2483,448.3,2391736.011
2484,448.4,2290416.526
2485,448.5,2286134.542
2486,448.6,2366747.148
2487,448.7,2519263.503
2488,448.8,2730949.051
2489,448.9,2992000.0
2490,449.0,3293262.378
2491,449.1,3630947.0
2492,449.2,4004348.265
2493,449.3,4414405.36
2494,449.4,4863127.945
2495,449.5,5345527.918
2496,449.6,5851118.023
2497,449.7,6357964.155
2498,449.8,6833847.849
2499,449.9,7240564.589
2500,450.0,7537000.0
2501,450.1,7684105.735
2502,450.2,7655834.482
2503,450.3,7439389.99
2504,450.4,7040210.556
2505,450.5,6480378.988
2506,450.6,5798489.83
2507,450.7,5038014.822
2508,450.8,4249375.564
2509,450.9,3477542.177
2510,451.0,2760219.994
2511,451.1,2125000.0
2512,451.2,1585582.279
2513,451.3,1146864.106
2514,451.4,804004.364
2515,451.5,545951.84
2516,451.6,359135.41
2517,451.7,228802.197
2518,451.8,141194.836
2519,451.9,84411.869
2520,452.0,48943.721
2521,452.1,27665.135
2522,452.2,15570.0
2523,452.3,9367.77
2524,452.4,7175.217
2525,452.5,8256.692
2526,452.6,12871.484
2527,452.7,22292.85
2528,452.8,38910.0
2529,452.9,66462.751
2530,453.0,110142.713
2531,453.1,176824.998
2532,453.2,274917.722
2533,453.3,413619.081
2534,453.4,602481.747
2535,453.5,849583.494
2536,453.6,1159472.829
2537,453.7,1531833.015
2538,453.8,1959770.531
2539,453.9,2426000.0
2540,454.0,2908176.086
2541,454.1,3374302.047
2542,454.2,3790423.256
2543,454.3,4122472.637
2544,454.4,4339493.294
2545,454.5,4421817.642
2546,454.6,4361870.146
2547,454.7,4165748.998
2548,454.8,3849808.602
2549,454.9,3443920.445
2550,455.0,2983000.0
2551,455.1,2500312.271
2552,455.2,2028344.132
2553,455.3,1593119.752
2554,455.4,1210262.01
2555,455.5,889977.754
2556,455.6,633420.235
2557,455.7,436294.047
2558,455.8,290806.946
2559,455.9,187565.421
2560,456.0,117055.861
2561,456.1,70680.0
2562,456.2,41295.662
2563,456.3,23345.061
2564,456.4,12768.139
2565,456.5,6753.835
2566,456.6,3457.769
2567,456.7,1712.523
2568,456.8,820.485
2569,456.9,380.018
2570,457.0,170.396
2571,457.1,73.865
2572,457.2,31.01
2573,457.3,12.596
2574,457.4,4.973
2575,457.5,1.994
2576,457.6,1.021
2577,457.7,1.146
2578,457.8,2.436
2579,457.9,5.955
2580,458.0,14.487
2581,458.1,34.173
2582,458.2,78.176
2583,458.3,172.934
2584,458.4,370.2
2585,458.5,766.76
2586,458.6,1537.617
2587,458.7,2981.694
2588,458.8,5599.017
2589,458.9,10170.0
2590,459.0,17884.643
2591,459.1,30427.638
2592,459.2,50100.362
2593,459.3,79836.671
2594,459.4,123087.998
2595,459.5,183648.268
2596,459.6,265250.491
2597,459.7,370651.018
2598,459.8,501284.198
2599,459.9,655970.546
2600,460.0,830800.0
2601,460.1,1018053.742
2602,460.2,1207377.359
2603,460.3,1385903.559
2604,460.4,1539449.069
2605,460.5,1654944.776
2606,460.6,1722254.959
2607,460.7,1734020.746
2608,460.8,1691193.21
2609,460.9,1597559.043
2610,461.0,1462650.273
2611,461.1,1302000.0
2612,461.2,1129794.771
2613,461.3,963493.826
2614,461.4,816998.608
2615,461.5,703985.124
2616,461.6,634046.655
2617,461.7,613602.402
2618,461.8,645751.581
2619,461.9,729706.701
2620,462.0,861128.434
2621,462.1,1031243.846
2622,462.2,1229000.0
2623,462.3,1437951.88
2624,462.4,1641094.72
2625,462.5,1819235.533
2626,462.6,1956896.502
2627,462.7,2039204.284
2628,462.8,2058000.0
2629,462.9,2011597.974
2630,463.0,1903478.828
2631,463.1,1743373.51
2632,463.2,1545669.114
2633,463.3,1326485.26
2634,463.4,1101759.239
2635,463.5,886485.185
2636,463.6,690113.993
2637,463.7,520131.44
2638,463.8,379435.897
2639,463.9,268000.0
2640,464.0,183220.005
2641,464.1,121377.269
2642,464.2,77976.532
2643,464.3,48952.115
2644,464.4,30857.644
2645,464.5,21423.83
2646,464.6,20129.656
2647,464.7,28985.877
2648,464.8,54344.46
2649,464.9,109581.055
2650,465.0,220400.0
2651,465.1,432361.865
2652,465.2,823391.872
2653,465.3,1518764.307
2654,465.4,2713489.362
2655,465.5,4697687.932
2656,465.6,7876019.905
2657,465.7,12792453.043
2658,465.8,20118170.208
2659,465.9,30648347.466
2660,466.0,45235099.377
2661,466.1,64659999.997
2662,466.2,89529975.871
2663,466.3,120052705.993
2664,466.4,155948881.076
2665,466.5,196199924.32
2666,466.6,239151366.069
2667,466.7,282240139.665
2668,466.8,322750055.661
2669,466.9,357473800.534
2670,467.0,383461067.656
2671,467.1,398387107.274
2672,467.2,400900000.001
2673,467.3,390841565.208
2674,467.4,369015809.811
2675,467.5,337515390.322
2676,467.6,298981099.967
2677,467.7,256537832.744
2678,467.8,213200000.007
2679,467.9,171636695.279
2680,468.0,133854468.237
2681,468.1,101086506.082
2682,468.2,73934866.979
2683,468.3,52383290.75
2684,468.4,35957748.16
2685,468.5,23905921.856
2686,468.6,15392772.338
2687,468.7,9601048.886
2688,468.8,5808152.428
2689,468.9,3411000.0
2690,469.0,1957085.836
2691,469.1,1117513.004
2692,469.2,669442.695
2693,469.3,472826.905
2694,469.4,446833.919
2695,469.5,553725.678
2696,469.6,784567.715
2697,469.7,1148691.891
2698,469.8,1667404.974
2699,469.9,2365646.736
2700,470.0,3267000.0
2701,470.1,4383978.03
2702,470.2,5716390.463
2703,470.3,7241312.47
2704,470.4,8914357.995
2705,470.5,10664358.69
2706,470.6,12400981.944
2707,470.7,14029659.911
2708,470.8,15428962.653
2709,470.9,16518540.709
2710,471.0,17211700.836
2711,471.1,17480000.0
2712,471.2,17315561.93
2713,471.3,16767382.04
2714,471.4,15906463.667
2715,471.5,14841191.719
2716,471.6,13702755.91
2717,471.7,12617636.091
2718,471.8,11723164.451
2719,471.9,11137604.499
2720,472.0,10960118.675
2721,472.1,11266308.767
2722,472.2,12110000.0
2723,472.3,13515077.529
2724,472.4,15458839.188
2725,472.5,17932462.795
2726,472.6,20875923.967
2727,472.7,24232937.01
2728,472.8,27959999.999
2729,472.9,32015262.928
2730,473.0,36365339.147
2731,473.1,41009839.342
2732,473.2,45946379.394
2733,473.3,51196877.175
2734,473.4,56757352.016
2735,473.5,62550845.649
2736,473.6,68492341.956
2737,473.7,74400057.112
2738,473.8,80016013.156
2739,473.9,85039999.999
2740,474.0,89138766.502
2741,474.1,91987825.503
2742,474.2,93320004.961
2743,474.3,92945287.312
2744,474.4,90825630.882
2745,474.5,87054718.745
2746,474.6,81876222.226
2747,474.7,75630202.153
2748,474.8,68747441.495
2749,474.9,61708548.199
2750,475.0,54930000.001
2751,475.1,48801608.971
2752,475.2,43597003.318
2753,475.3,39498844.61
2754,475.4,36574995.516
2755,475.5,34806550.344
2756,475.6,34092260.469
2757,475.7,34279309.235
2758,475.8,35169387.617
2759,475.9,36529621.113
2760,476.0,38115186.465
2761,476.1,39690000.0
2762,476.2,40992538.601
2763,476.3,41830606.932
2764,476.4,42015951.312
2765,476.5,41444054.319
2766,476.6,40088197.903
2767,476.7,37976924.141
2768,476.8,35214281.254
2769,476.9,31981196.779
2770,477.0,28484988.604
2771,477.1,24952218.693
2772,477.2,21600000.001
2773,477.3,18635649.965
2774,477.4,16200460.455
2775,477.5,14381131.91
2776,477.6,13229161.239
2777,477.7,12709434.413
2778,477.8,12750000.0
2779,477.9,13211816.523
2780,478.0,13960766.893
2781,478.1,14812237.687
2782,478.2,15611935.316
2783,478.3,16197891.513
2784,478.4,16460279.847
2785,478.5,16335466.378
2786,478.6,15781573.644
2787,478.7,14834149.898
2788,478.8,13553451.885
2789,478.9,12020000.0
2790,479.0,10361935.174
2791,479.1,8665304.175
2792,479.2,7037231.915
2793,479.3,5545988.981
2794,479.4,4241942.12
2795,479.5,3149390.061
2796,479.6,2268201.758
2797,479.7,1585424.95
2798,479.8,1075817.068
2799,479.9,708423.576
2800,480.0,453600.0
2801,480.1,283488.201
2802,480.2,175469.486
2803,480.3,112178.978
2804,480.4,82185.843
2805,480.5,79585.825
2806,480.6,103953.196
2807,480.7,160525.286
2808,480.8,260171.04
2809,480.9,420141.61
2810,481.0,663568.46
2811,481.1,1020000.0
2812,481.2,1521773.099
2813,481.3,2204934.66
2814,481.4,3100529.075
2815,481.5,4232128.512
2816,481.6,5605641.674
2817,481.7,7207418.363
2818,481.8,8990877.669
2819,481.9,10888351.925
2820,482.0,12795095.487
2821,482.1,14593381.062
2822,482.2,16160000.0
2823,482.3,17360417.931
2824,482.4,18100280.354
2825,482.5,18324175.29
2826,482.6,18000279.816
2827,482.7,17160418.994
2828,482.8,15870000.0
2829,482.9,14253732.025
2830,483.0,12418669.045
2831,483.1,10507974.551
2832,483.2,8622949.659
2833,483.3,6870504.247
2834,483.4,5312286.957
2835,483.5,3986841.338
2836,483.6,2903307.933
2837,483.7,2052392.542
2838,483.8,1408325.831
2839,483.9,937500.0
2840,484.0,605832.701
2841,484.1,379925.45
2842,484.2,231216.694
2843,484.3,136588.084
2844,484.4,78325.47
2845,484.5,43584.791
2846,484.6,23538.823
2847,484.7,12332.415
2848,484.8,6276.68
2849,484.9,3097.761
2850,485.0,1485.0
2851,485.1,690.453
2852,485.2,311.724
2853,485.3,136.427
2854,485.4,58.047
2855,485.5,23.945
2856,485.6,9.594
2857,485.7,3.729
2858,485.8,1.403
2859,485.9,0.515
2860,486.0,0.183
2861,486.1,0.063
2862,486.2,0.021
2863,486.3,0.007
2864,486.4,0.002
2865,486.5,0.001
2866,486.6,0.0
2867,486.7,0.0
2868,486.8,0.0
2869,486.9,0.0
2870,487.0,0.0
2871,487.1,0.0
2872,487.2,0.0
2873,487.3,0.0
2874,487.4,0.0
2875,487.5,0.0
2876,487.6,0.0
2877,487.7,0.0
2878,487.8,0.0
2879,487.9,0.0
2880,488.0,0.0
2881,488.1,0.0
2882,488.2,0.0
2883,488.3,0.0
2884,488.4,0.0
2885,488.5,0.0
2886,488.6,0.0
2887,488.7,0.0
2888,488.8,0.0
2889,488.9,0.0
2890,489.0,0.0
2891,489.1,0.0
2892,489.2,0.0
2893,489.3,0.0
2894,489.4,0.0
2895,489.5,0.0
2896,489.6,0.0
2897,489.7,0.0
2898,489.8,0.0
2899,489.9,0.0
2900,490.0,0.0
2901,490.1,0.0
2902,490.2,0.0
2903,490.3,0.0
2904,490.4,0.0
2905,490.5,0.0
2906,490.6,0.0
2907,490.7,0.0
2908,490.8,0.0
2909,490.9,0.0
2910,491.0,0.0
2911,491.1,0.0
2912,491.2,0.0
2913,491.3,0.0
2914,491.4,0.0
2915,491.5,0.0
2916,491.6,0.0
2917,491.7,0.0
2918,491.8,0.0
2919,491.9,0.0
2920,492.0,0.0
2921,492.1,0.0
2922,492.2,0.0
2923,492.3,0.0
2924,492.4,0.0
2925,492.5,0.0
2926,492.6,0.0
2927,492.7,0.0
2928,492.8,0.0
2929,492.9,0.0
2930,493.0,0.0
2931,493.1,0.0
2932,493.2,0.0
2933,493.3,0.0
2934,493.4,0.0
2935,493.5,0.001
2936,493.6,0.002
2937,493.7,0.006
2938,493.8,0.019
2939,493.9,0.052
2940,494.0,0.142
2941,494.1,0.375
2942,494.2,0.964
2943,494.3,2.417
2944,494.4,5.879
2945,494.5,13.907
2946,494.6,32.001
2947,494.7,71.511
2948,494.8,155.672
2949,494.9,329.269
2950,495.0,677.5
2951,495.1,1354.679
2952,495.2,2636.644
2953,495.3,4986.973
2954,495.4,9182.445
2955,495.5,16440.128
2956,495.6,28630.509
2957,495.7,48511.058
2958,495.8,80004.35
2959,495.9,128392.188
2960,496.0,200657.42
2961,496.1,305300.0
2962,496.2,452436.309
2963,496.3,653342.248
2964,496.4,919669.462
2965,496.5,1262584.98
2966,496.6,1692072.07
2967,496.7,2213435.457
2968,496.8,2829545.103
2969,496.9,3536871.717
2970,497.0,4327768.109
2971,497.1,5187302.353
2972,497.2,6097000.0
2973,497.3,7031994.558
2974,497.4,7968425.818
2975,497.5,8877340.829
2976,497.6,9731408.324
2977,497.7,10498505.259
2978,497.8,11170000.0
2979,497.9,11716951.982
2980,498.0,12116781.103
2981,498.1,12389795.898
2982,498.2,12521103.159
2983,498.3,12516146.924
2984,498.4,12415486.411
2985,498.5,12227775.841
2986,498.6,11987499.644
2987,498.7,11715327.732
2988,498.8,11420581.637
2989,498.9,11110000.0
2990,499.0,10784780.451
2991,499.1,10442021.899
2992,499.2,10043199.739
2993,499.3,9583449.46
2994,499.4,9047374.285
2995,499.5,8425061.618
2996,499.6,7722059.134
2997,499.7,6949472.244
2998,499.8,6131493.546
2999,499.9,5296172.989
3000,500.0,4476000.0
3001,500.1,3700862.658
3002,500.2,2996589.939
3003,500.3,2384524.718
3004,500.4,1879423.306
3005,500.5,1489314.536
3006,500.6,1223004.665
3007,500.7,1085496.021
3008,500.8,1091775.66
3009,500.9,1263870.343
3010,501.0,1647968.607
3011,501.1,2316000.0
3012,501.2,3388016.426
3013,501.3,5045158.589
3014,501.4,7551650.402
3015,501.5,11281882.983
3016,501.6,16727809.163
3017,501.7,24526785.152
3018,501.8,35441912.183
3019,501.9,50332093.348
3020,502.0,70087778.091
3021,502.1,95476799.963
3022,502.2,127199999.994
3023,502.3,165298501.23
3024,502.4,209578534.889
3025,502.5,259016162.666
3026,502.6,311934086.238
3027,502.7,365682874.366
3028,502.8,417499999.991
3029,502.9,464005968.307
3030,503.0,501893523.0
3031,503.1,528270542.671
3032,503.2,541153473.767
3033,503.3,539385960.466
3034,503.4,523142708.093
3035,503.5,493587103.023
3036,503.6,453186426.647
3037,503.7,404851649.718
3038,503.8,351829682.155
3039,503.9,297500000.009
3040,504.0,244697138.19
3041,504.1,195856691.913
3042,504.2,152480838.521
3043,504.3,115500274.991
3044,504.4,85141476.208
3045,504.5,61058116.627
3046,504.6,42610264.297
3047,504.7,28941459.581
3048,504.8,19146725.734
3049,504.9,12364109.139
3050,505.0,7822000.001
3051,505.1,4905018.235
3052,505.2,3123251.104
3053,505.3,2122018.446
3054,505.4,1649960.097
3055,505.5,1539542.544
3056,505.6,1686086.282
3057,505.7,2023532.3
3058,505.8,2511340.004
3059,505.9,3126446.0
3060,506.0,3849724.544
3061,506.1,4667000.0
3062,506.2,5565164.62
3063,506.3,6535144.445
3064,506.4,7574096.184
3065,506.5,8688057.333
3066,506.6,9901731.41
3067,506.7,11252366.533
3068,506.8,12801175.968
3069,506.9,14650813.996
3070,507.0,16911263.464
3071,507.1,19713224.605
3072,507.2,23189999.999
3073,507.3,27467450.905
3074,507.4,32655126.847
3075,507.5,38783307.244
3076,507.6,45804351.095
3077,507.7,53605416.386
3078,507.8,61939999.999
3079,507.9,70487064.215
3080,508.0,78819386.903
3081,508.1,86473558.069
3082,508.2,92977634.005
3083,508.3,97897400.529
3084,508.4,100902263.926
3085,508.5,101728727.53
3086,508.6,100388447.256
3087,508.7,96902944.068
3088,508.8,91598560.085
3089,508.9,84820000.001
3090,509.0,77034441.313
3091,509.1,68721837.322
3092,509.2,60352441.553
3093,509.3,52332616.384
3094,509.4,44962619.769
3095,509.5,38450995.75
3096,509.6,32881431.853
3097,509.7,28246603.009
3098,509.8,24468593.733
3099,509.9,21400653.882
3100,510.0,18900000.0
3101,510.1,16807040.712
3102,510.2,14984318.813
3103,510.3,13328840.825
3104,510.4,11782085.45
3105,510.5,10286225.619
3106,510.6,8859013.227
3107,510.7,7492717.968
3108,510.8,6213461.417
3109,510.9,5044396.122
3110,511.0,4004232.155
3111,511.1,3106000.0
3112,511.2,2352003.734
3113,511.3,1738160.025
3114,511.4,1253480.197
3115,511.5,881517.173
3116,511.6,604775.816
3117,511.7,404516.183
3118,511.8,263763.918
3119,511.9,167657.165
3120,512.0,103908.973
3121,512.1,62782.315
3122,512.2,36970.0
3123,512.3,21212.306
3124,512.4,11860.952
3125,512.5,6465.929
3126,512.6,3433.356
3127,512.7,1777.623
3128,512.8,896.3
3129,512.9,440.305
3130,513.0,210.849
3131,513.1,98.302
3132,513.2,44.697
3133,513.3,19.78
3134,513.4,8.535
3135,513.5,3.584
3136,513.6,1.467
3137,513.7,0.584
3138,513.8,0.227
3139,513.9,0.086
3140,514.0,0.032
3141,514.1,0.011
3142,514.2,0.004
3143,514.3,0.001
3144,514.4,0.0
3145,514.5,0.0
3146,514.6,0.0
3147,514.7,0.0
3148,514.8,0.0
3149,514.9,0.0
3150,515.0,0.0
3151,515.1,0.0
3152,515.2,0.0
3153,515.3,0.0
3154,515.4,0.0
3155,515.5,0.0
3156,515.6,0.0
3157,515.7,0.0
3158,515.8,0.0
3159,515.9,0.0
3160,516.0,0.0
3161,516.1,0.0
3162,516.2,0.0
3163,516.3,0.0
3164,516.4,0.0
3165,516.5,0.0
3166,516.6,0.0
3167,516.7,0.0
3168,516.8,0.0
3169,516.9,0.0
3170,517.0,0.0
3171,517.1,0.0
3172,517.2,0.0
3173,517.3,0.0
3174,517.4,0.0
3175,517.5,0.0
3176,517.6,0.0
3177,517.7,0.0
3178,517.8,0.0
3179,517.9,0.0
3180,518.0,0.0
3181,518.1,0.0
3182,518.2,0.0
3183,518.3,0.0
3184,518.4,0.0
3185,518.5,0.0
3186,518.6,0.0
3187,518.7,0.0
3188,518.8,0.0
3189,518.9,0.0
3190,519.0,0.0
3191,519.1,0.0
3192,519.2,0.0
3193,519.3,0.0
3194,519.4,0.0
3195,519.5,0.0
3196,519.6,0.001
3197,519.7,0.003
3198,519.8,0.01
3199,519.9,0.028
3200,520.0,0.081
3201,520.1,0.228
3202,520.2,0.627
3203,520.3,1.674
3204,520.4,4.371
3205,520.5,11.099
3206,520.6,27.497
3207,520.7,66.438
3208,520.8,156.312
3209,520.9,359.381
3210,521.0,804.3
3211,521.1,1756.0
3212,521.2,3736.857
3213,521.3,7751.804
3214,521.4,15681.821
3215,521.5,30928.858
3216,521.6,59485.069
3217,521.7,111572.168
3218,521.8,203882.026
3219,521.9,363248.087
3220,522.0,631211.84
3221,522.1,1069684.46
3222,522.2,1766000.0
3223,522.3,2844268.535
3224,522.4,4466057.226
3225,522.5,6836871.905
3226,522.6,10204552.637
3227,522.7,14844497.666
3228,522.8,21059999.999
3229,522.9,29134572.689
3230,523.0,39284329.916
3231,523.1,51659268.872
3232,523.2,66219779.526
3233,523.3,82770664.547
3234,523.4,100861256.695
3235,523.5,119840419.161
3236,523.6,138832458.818
3237,523.7,156786955.789
3238,523.8,172575387.907
3239,523.9,185299999.998
3240,524.0,193978173.67
3241,524.1,197978131.007
3242,524.2,196973774.249
3243,524.3,191129101.061
3244,524.4,180753229.429
3245,524.5,166760351.656
3246,524.6,149965029.411
3247,524.7,131496384.137
3248,524.8,112470984.64
3249,524.9,93877215.943
3250,525.0,76430000.003
3251,525.1,60718961.682
3252,525.2,47107081.582
3253,525.3,35706755.556
3254,525.4,26471899.177
3255,525.5,19215463.229
3256,525.6,13697184.69
3257,525.7,9601493.67
3258,525.8,6650329.144
3259,525.9,4571136.999
3260,526.0,3134141.019
3261,526.1,2157000.0
3262,526.2,1497133.047
3263,526.3,1052026.035
3264,526.4,748783.208
3265,526.5,539184.758
3266,526.6,391088.858
3267,526.7,284041.609
3268,526.8,205542.676
3269,526.9,147379.482
3270,527.0,104301.424
3271,527.1,72716.259
3272,527.2,49960.0
3273,527.3,34051.17
3274,527.4,23491.819
3275,527.5,17234.478
3276,527.6,14636.444
3277,527.7,15513.666
3278,527.8,20170.0
3279,527.9,29446.43
3280,528.0,44805.039
3281,528.1,68345.511
3282,528.2,102958.361
3283,528.3,152114.776
3284,528.4,220301.264
3285,528.5,312154.317
3286,528.6,432876.186
3287,528.7,587588.559
3288,528.8,780690.172
3289,528.9,1016000.0
3290,529.0,1293008.716
3291,529.1,1612976.337
3292,529.2,1970168.897
3293,529.3,2356291.602
3294,529.4,2760993.275
3295,529.5,3169427.575
3296,529.6,3562774.36
3297,529.7,3924574.012
3298,529.8,4233888.795
3299,529.9,4475272.034
3300,530.0,4633000.0
3301,530.1,4698309.717
3302,530.2,4666174.945
3303,530.3,4538407.582
3304,530.4,4322680.102
3305,530.5,4030830.451
3306,530.6,3678709.957
3307,530.7,3287428.487
3308,530.8,2874371.442
3309,530.9,2459961.255
3310,531.0,2060098.291
3311,531.1,1688000.0
3312,531.2,1354637.907
3313,531.3,1066370.807
3314,531.4,824969.151
3315,531.5,631256.075
3316,531.6,483285.876
3317,531.7,378359.881
3318,531.8,313311.61
3319,531.9,285115.723
3320,532.0,291745.594
3321,532.1,331957.106
3322,532.2,405500.0
3323,532.3,512775.11
3324,532.4,654830.445
3325,532.5,833047.766
3326,532.6,1048787.759
3327,532.7,1303349.799
3328,532.8,1598000.0
3329,532.9,1933440.425
3330,533.0,2310277.935
3331,533.1,2728486.486
3332,533.2,3190463.579
3333,533.3,3695083.933
3334,533.4,4244996.356
3335,533.5,4841145.719
3336,533.6,5487295.53
3337,533.7,6186175.885
3338,533.8,6942905.773
3339,533.9,7765000.0
3340,534.0,8660033.637
3341,534.1,9636615.003
3342,534.2,10706778.819
3343,534.3,11866237.712
3344,534.4,13128592.892
3345,534.5,14478987.262
3346,534.6,15911789.962
3347,534.7,17401727.501
3348,534.8,18918494.568
3349,534.9,20402055.064
3350,535.0,21800000.0
3351,535.1,23058280.175
3352,535.2,24103759.29
3353,535.3,24868983.579
3354,535.4,25307637.047
3355,535.5,25366322.966
3356,535.6,25017359.414
3357,535.7,24282491.319
3358,535.8,23172816.026
3359,535.9,21734256.322
3360,536.0,20042808.745
3361,536.1,18170000.0
3362,536.2,16224255.966
3363,536.3,14285049.789
3364,536.4,12461196.686
3365,536.5,10811666.229
3366,536.6,9408805.437
3367,536.7,8283325.673
3368,536.8,7449797.11
3369,536.9,6900909.783
3370,537.0,6605906.68
3371,537.1,6522935.487
3372,537.2,6596000.0
3373,537.3,6766835.715
3374,537.4,6978654.351
3375,537.5,7180905.031
3376,537.6,7335434.296
3377,537.7,7421511.533
3378,537.8,7434000.0
3379,537.9,7385272.446
3380,538.0,7299406.354
3381,538.1,7213881.02
3382,538.2,7169556.661
3383,538.3,7203892.155
3384,538.4,7349083.056
3385,538.5,7621695.94
3386,538.6,8023489.697
3387,538.7,8536927.933
3388,538.8,9127546.128
3389,538.9,9745000.0
3390,539.0,10331716.44
3391,539.1,10824871.414
3392,539.2,11172868.733
3393,539.3,11325591.445
3394,539.4,11259162.273
3395,539.5,10958902.943
3396,539.6,10428520.464
3397,539.7,9709780.947
3398,539.8,8831274.821
3399,539.9,7851714.128
3400,540.0,6822000.0
3401,540.1,5795251.783
3402,540.2,4816690.302
3403,540.3,3922719.024
3404,540.4,3138338.138
3405,540.5,2478032.594
3406,540.6,1944304.266
3407,540.7,1534557.038
3408,540.8,1238078.903
3409,540.9,1041198.716
3410,541.0,928854.73
3411,541.1,885200.0
3412,541.2,895963.466
3413,541.3,948749.786
3414,541.4,1033121.107
3415,541.5,1141665.788
3416,541.6,1268447.404
3417,541.7,1410941.553
3418,541.8,1568808.565
3419,541.9,1742305.741
3420,542.0,1931747.779
3421,542.1,2139833.174
3422,542.2,2369000.0
3423,542.3,2617866.383
3424,542.4,2888124.879
3425,542.5,3176116.165
3426,542.6,3480971.062
3427,542.7,3796904.406
3428,542.8,4122000.0
3429,542.9,4451144.399
3430,543.0,4784317.71
3431,543.1,5120298.105
3432,543.2,5462401.17
3433,543.3,5814994.122
3434,543.4,6183925.789
3435,543.5,6578303.786
3436,543.6,7005447.079
3437,543.7,7470637.184
3438,543.8,7977052.463
3439,543.9,8523000.0
3440,544.0,9099120.534
3441,544.1,9693096.706
3442,544.2,10281345.483
3443,544.3,10843387.545
3444,544.4,11344412.118
3445,544.5,11756138.897
3446,544.6,12048377.566
3447,544.7,12203302.584
3448,544.8,12194403.24
3449,544.9,12024701.602
3450,545.0,11680000.0
3451,545.1,11189889.635
3452,545.2,10557967.231
3453,545.3,9817242.297
3454,545.4,9000160.421
3455,545.5,8142724.074
3456,545.6,7278214.477
3457,545.7,6439898.921
3458,545.8,5657628.978
3459,545.9,4957860.82
3460,546.0,4359206.398
3461,546.1,3877000.0
3462,546.2,3520124.326
3463,546.3,3294267.599
3464,546.4,3202269.885
3465,546.5,3244335.366
3466,546.6,3419990.634
3467,546.7,3732528.571
3468,546.8,4186366.431
3469,546.9,4790883.025
3470,547.0,5559485.946
3471,547.1,6506489.682
3472,547.2,7650000.0
3473,547.3,9002233.495
3474,547.4,10572575.22
3475,547.5,12339578.11
3476,547.6,14294926.874
3477,547.7,16376395.891
3478,547.8,18540000.0
3479,547.9,20672034.212
3480,548.0,22695333.119
3481,548.1,24475173.927
3482,548.2,25920646.348
3483,548.3,26927013.19
3484,548.4,27414451.808
3485,548.5,27350889.02
3486,548.6,26722925.422
3487,548.7,25561638.107
3488,548.8,23944384.4
3489,548.9,21940000.0
3490,549.0,19683657.79
3491,549.1,17280218.857
3492,549.2,14847707.294
3493,549.3,12485660.399
3494,549.4,10288181.99
3495,549.5,8314270.783
3496,549.6,6614313.882
3497,549.7,5211125.523
3498,549.8,4113956.485
3499,549.9,3325599.067
3500,550.0,2846000.0
3501,550.1,2678132.936
3502,550.2,2841110.692
3503,550.3,3368269.98
3504,550.4,4327117.543
3505,550.5,5819946.929
3506,550.6,8003559.04
3507,550.7,11106634.392
3508,550.8,15432024.883
3509,550.9,21394803.437
3510,551.0,29541569.307
3511,551.1,40539999.997
3512,551.2,55193164.069
3513,551.3,74388110.544
3514,551.4,99073771.838
3515,551.5,130254492.199
3516,551.6,168645259.194
3517,551.7,214774370.248
3518,551.8,268815653.813
3519,551.9,330177245.138
3520,552.0,397774027.451
3521,552.1,469703750.268
3522,552.2,543399999.985
3523,552.3,615441997.081
3524,552.4,682380791.544
3525,552.5,740288395.355
3526,552.6,785841964.167
3527,552.7,815925077.949
3528,552.8,828599999.999
3529,552.9,822889355.762
3530,553.0,799131732.884
3531,553.1,758863080.63
3532,553.2,704646152.562
3533,553.3,639740023.015
3534,553.4,567806529.377
3535,553.5,492763745.73
3536,553.6,418127276.182
3537,553.7,346865530.602
3538,553.8,281361151.698
3539,553.9,223200000.011
3540,554.0,173167710.46
3541,554.1,131407816.848
3542,554.2,97550695.957
3543,554.3,70909159.439
3544,554.4,50452607.01
3545,554.5,35174325.1
3546,554.6,24041237.214
3547,554.7,16136603.995
3548,554.8,10643150.714
3549,554.9,6916654.722
3550,555.0,4437000.0
3551,555.1,2817142.843
3552,555.2,1777314.702
3553,555.3,1116531.839
3554,555.4,701476.181
3555,555.5,441572.863
3556,555.6,279037.298
3557,555.7,176988.773
3558,555.8,112562.928
3559,555.9,71593.704
3560,556.0,45424.136
3561,556.1,28650.0
3562,556.2,17909.538
3563,556.3,11058.861
3564,556.4,6726.895
3565,556.5,4026.182
3566,556.6,2366.815
3567,556.7,1364.425
3568,556.8,771.037
3569,556.9,426.605
3570,557.0,231.137
3571,557.1,122.47
3572,557.2,63.53
3573,557.3,32.223
3574,557.4,15.976
3575,557.5,7.75
3576,557.6,3.673
3577,557.7,1.704
3578,557.8,0.773
3579,557.9,0.342
3580,558.0,0.148
3581,558.1,0.063
3582,558.2,0.026
3583,558.3,0.011
3584,558.4,0.004
3585,558.5,0.002
3586,558.6,0.001
3587,558.7,0.0
3588,558.8,0.0
3589,558.9,0.0
3590,559.0,0.0
3591,559.1,0.0
3592,559.2,0.0
3593,559.3,0.0
3594,559.4,0.0
3595,559.5,0.001
3596,559.6,0.004
3597,559.7,0.01
3598,559.8,0.026
3599,559.9,0.068
3600,560.0,0.174
3601,560.1,0.435
3602,560.2,1.07
3603,560.3,2.57
3604,560.4,6.051
3605,560.5,13.917
3606,560.6,31.315
3607,560.7,68.97
3608,560.8,148.542
3609,560.9,313.241
3610,561.0,645.934
3611,561.1,1303.0
3612,561.2,2572.851
3613,561.3,4967.212
3614,561.4,9390.646
3615,561.5,17354.684
3616,561.6,31392.731
3617,561.7,55546.958
3618,561.8,96169.987
3619,561.9,162904.491
3620,562.0,269976.681
3621,562.1,437631.295
3622,562.2,694300.0
3623,562.3,1077366.092
3624,562.4,1636201.285
3625,562.5,2430912.361
3626,562.6,3533490.821
3627,562.7,5025017.475
3628,562.8,6993000.0
3629,562.9,9522658.593
3630,563.0,12686976.709
3631,563.1,16536559.519
3632,563.2,21104152.026
3633,563.3,26349275.265
3634,563.4,32220838.882
3635,563.5,38566332.724
3636,563.6,45227668.617
3637,563.7,51980583.763
3638,563.8,58594482.063
3639,563.9,64859999.999
3640,564.0,70588005.979
3641,564.1,75690522.514
3642,564.2,80171708.478
3643,564.3,84169249.498
3644,564.4,87940870.838
3645,564.5,91872678.154
3646,564.6,96407740.119
3647,564.7,102035446.837
3648,564.8,109188677.887
3649,564.9,118322334.123
3650,565.0,129499999.997
3651,565.1,142694075.919
3652,565.2,157632225.999
3653,565.3,173825253.176
3654,565.4,190498291.785
3655,565.5,206652097.238
3656,565.6,221263306.329
3657,565.7,233384340.801
3658,565.8,242139029.516
3659,565.9,246769342.274
3660,566.0,246986935.611
3661,566.1,242800000.001
3662,566.2,234382567.996
3663,566.3,222374443.921
3664,566.4,207607018.497
3665,566.5,190907374.108
3666,566.6,173457047.399
3667,566.7,155978284.325
3668,566.8,139380038.275
3669,566.9,124288770.3
3670,567.0,111271294.482
3671,567.1,100479171.812
3672,567.2,92070000.002
3673,567.3,86051754.273
3674,567.4,82293022.827
3675,567.5,80630324.268
3676,567.6,80837817.288
3677,567.7,82668749.827
3678,567.8,85829999.999
3679,567.9,89997668.646
3680,568.0,94804339.174
3681,568.1,99886367.962
3682,568.2,104781806.772
3683,568.3,109110572.502
3684,568.4,112474346.554
3685,568.5,114467948.479
3686,568.6,114989241.451
3687,568.7,113788680.804
3688,568.8,110877689.875
3689,568.9,106500000.001
3690,569.0,100753283.196
3691,569.1,93977073.792
3692,569.2,86593968.179
3693,569.3,78962796.328
3694,569.4,71452096.604
3695,569.5,64368393.943
3696,569.6,57945881.609
3697,569.7,52324404.79
3698,569.8,47575508.421
3699,569.9,43681181.686
3700,570.0,40580000.001
3701,570.1,38166601.006
3702,570.2,36315547.966
3703,570.3,34899480.277
3704,570.4,33808058.345
3705,570.5,32946681.633
3706,570.6,32233066.776
3707,570.7,31596184.027
3708,570.8,30987132.79
3709,570.9,30364331.112
3710,571.0,29694932.913
3711,571.1,28920000.0
3712,571.2,28035669.095
3713,571.3,27001472.186
3714,571.4,25802402.676
3715,571.5,24447470.438
3716,571.6,22938471.717
3717,571.7,21301547.549
3718,571.8,19565471.204
3719,571.9,17771434.29
3720,572.0,15962344.442
3721,572.1,14178044.227
3722,572.2,12470000.0
3723,572.3,10853722.629
3724,572.4,9363868.125
3725,572.5,8008585.587
3726,572.6,6795301.538
3727,572.7,5722659.012
3728,572.8,4786000.0
3729,572.9,3972969.584
3730,573.0,3274647.039
3731,573.1,2677167.8
3732,573.2,2169738.364
3733,573.3,1740823.639
3734,573.4,1383003.368
3735,573.5,1084533.118
3736,573.6,840203.362
3737,573.7,641651.556
3738,573.8,482653.84
3739,573.9,357400.0
3740,574.0,260160.809
3741,574.1,186150.312
3742,574.2,130800.638
3743,574.3,90234.946
3744,574.4,61080.272
3745,574.5,40547.135
3746,574.6,26397.951
3747,574.7,16847.005
3748,574.8,10537.301
3749,574.9,6457.077
3750,575.0,3877.0
3751,575.1,2281.363
3752,575.2,1314.214
3753,575.3,741.795
3754,575.4,410.034
3755,575.5,222.039
3756,575.6,117.661
3757,575.7,61.106
3758,575.8,31.041
3759,575.9,15.46
3760,576.0,7.532
3761,576.1,3.595
3762,576.2,1.68
3763,576.3,0.768
3764,576.4,0.344
3765,576.5,0.151
3766,576.6,0.065
3767,576.7,0.027
3768,576.8,0.011
3769,576.9,0.005
3770,577.0,0.002
3771,577.1,0.001
3772,577.2,0.0
3773,577.3,0.0
3774,577.4,0.0
3775,577.5,0.0
3776,577.6,0.0
3777,577.7,0.0
3778,577.8,0.0
3779,577.9,0.0
3780,578.0,0.0
3781,578.1,0.0
3782,578.2,0.0
3783,578.3,0.0
3784,578.4,0.0
3785,578.5,0.0
3786,578.6,0.0
3787,578.7,0.0
3788,578.8,0.0
3789,578.9,0.0
3790,579.0,0.0
3791,579.1,0.0
3792,579.2,0.0
3793,579.3,0.0
3794,579.4,0.0
3795,579.5,0.0
3796,579.6,0.0
3797,579.7,0.0
3798,579.8,0.0
3799,579.9,0.0
3800,580.0,0.0
3801,580.1,0.0
3802,580.2,0.0
3803,580.3,0.0
3804,580.4,0.0
3805,580.5,0.0
3806,580.6,0.0
3807,580.7,0.0
3808,580.8,0.0
3809,580.9,0.0
3810,581.0,0.0
3811,581.1,0.0
3812,581.2,0.0
3813,581.3,0.0
3814,581.4,0.0
3815,581.5,0.0
3816,581.6,0.0
3817,581.7,0.0
3818,581.8,0.0
3819,581.9,0.0
3820,582.0,0.0
3821,582.1,0.0
3822,582.2,0.0
3823,582.3,0.0
3824,582.4,0.0
3825,582.5,0.0
3826,582.6,0.0
3827,582.7,0.0
3828,582.8,0.0
3829,582.9,0.0
3830,583.0,0.0
3831,583.1,0.0
3832,583.2,0.0
3833,583.3,0.0
3834,583.4,0.0
3835,583.5,0.0
3836,583.6,0.0
3837,583.7,0.0
3838,583.8,0.0
3839,583.9,0.0
3840,584.0,0.0
3841,584.1,0.0
3842,584.2,0.0
3843,584.3,0.0
3844,584.4,0.0
3845,584.5,0.0
3846,584.6,0.0
3847,584.7,0.0
3848,584.8,0.0
3849,584.9,0.0
3850,585.0,0.0
3851,585.1,0.0
3852,585.2,0.0
3853,585.3,0.0
3854,585.4,0.0
3855,585.5,0.0
3856,585.6,0.0
3857,585.7,0.0
3858,585.8,0.0
3859,585.9,0.0
3860,586.0,0.0
3861,586.1,0.0
3862,586.2,0.0
3863,586.3,0.0
3864,586.4,0.0
3865,586.5,0.0
3866,586.6,0.0
3867,586.7,0.0
3868,586.8,0.0
3869,586.9,0.0
3870,587.0,0.0
3871,587.1,0.0
3872,587.2,0.0
3873,587.3,0.0
3874,587.4,0.0
3875,587.5,0.0
3876,587.6,0.0
3877,587.7,0.0
3878,587.8,0.0
3879,587.9,0.0
3880,588.0,0.0
3881,588.1,0.0
3882,588.2,0.0
3883,588.3,0.0
3884,588.4,0.0
3885,588.5,0.0
3886,588.6,0.0
3887,588.7,0.0
3888,588.8,0.0
3889,588.9,0.0
3890,589.0,0.0
3891,589.1,0.0
3892,589.2,0.0
3893,589.3,0.0
3894,589.4,0.0
3895,589.5,0.0
3896,589.6,0.0
3897,589.7,0.0
3898,589.8,0.0
3899,589.9,0.0
3900,590.0,0.0
3901,590.1,0.0
3902,590.2,0.0
3903,590.3,0.0
3904,590.4,0.0
3905,590.5,0.0
3906,590.6,0.0
3907,590.7,0.0
3908,590.8,0.0
3909,590.9,0.0
3910,591.0,0.0
3911,591.1,0.0
3912,591.2,0.0
3913,591.3,0.0
3914,591.4,0.0
3915,591.5,0.0
3916,591.6,0.0
3917,591.7,0.0
3918,591.8,0.0
3919,591.9,0.0
3920,592.0,0.0
3921,592.1,0.0
3922,592.2,0.0
3923,592.3,0.0
3924,592.4,0.0
3925,592.5,0.0
3926,592.6,0.0
3927,592.7,0.0
3928,592.8,0.0
3929,592.9,0.0
3930,593.0,0.0
3931,593.1,0.0
3932,593.2,0.0
3933,593.3,0.0
3934,593.4,0.0
3935,593.5,0.0
3936,593.6,0.0
3937,593.7,0.0
3938,593.8,0.0
3939,593.9,0.0
3940,594.0,0.0
3941,594.1,0.0
3942,594.2,0.0
3943,594.3,0.001
3944,594.4,0.001
3945,594.5,0.003
3946,594.6,0.008
3947,594.7,0.018
3948,594.8,0.04
3949,594.9,0.09
3950,595.0,0.198
3951,595.1,0.426
3952,595.2,0.902
3953,595.3,1.87
3954,595.4,3.805
3955,595.5,7.593
3956,595.6,14.851
3957,595.7,28.516
3958,595.8,53.654
3959,595.9,99.126
3960,596.0,179.434
3961,596.1,318.7
3962,596.2,555.122
3963,596.3,947.966
3964,596.4,1588.772
3965,596.5,2611.01
3966,596.6,4207.953
3967,596.7,6652.224
3968,596.8,10312.401
3969,596.9,15680.918
3970,597.0,23390.386
3971,597.1,34212.059
3972,597.2,49080.0
3973,597.3,69061.554
3974,597.4,95282.641
3975,597.5,128963.613
3976,597.6,171216.379
3977,597.7,222977.983
3978,597.8,284700.0
3979,597.9,356563.437
3980,598.0,437971.363
3981,598.1,527658.458
3982,598.2,623526.689
3983,598.3,722642.244
3984,598.4,821451.69
3985,598.5,915757.356
3986,598.6,1001891.318
3987,598.7,1074523.496
3988,598.8,1130346.302
3989,598.9,1168000.0
3990,599.0,1183460.933
3991,599.1,1177950.605
3992,599.2,1151520.839
3993,599.3,1107661.317
3994,599.4,1049407.45
3995,599.5,982373.081
3996,599.6,912634.203
3997,599.7,846492.831
3998,599.8,790835.211
3999,599.9,752290.47
4000,600.0,737300.0
4001,600.1,751681.035
4002,600.2,800574.609
4003,600.3,888428.344
4004,600.4,1017836.097
4005,600.5,1192099.154
4006,600.6,1410878.33
4007,600.7,1674212.027
4008,600.8,1980234.822
4009,600.9,2325223.815
4010,601.0,2706285.416
4011,601.1,3114000.0
4012,601.2,3543667.48
4013,601.3,3985182.924
4014,601.4,4429219.137
4015,601.5,4864193.097
4016,601.6,5277338.775
4017,601.7,5657162.493
4018,601.8,5991573.764
4019,601.9,6267990.966
4020,602.0,6475001.018
4021,602.1,6603355.924
4022,602.2,6646000.0
4023,602.3,6598231.353
4024,602.4,6461509.142
4025,602.5,6237421.018
4026,602.6,5933307.791
4027,602.7,5560542.631
4028,602.8,5132000.0
4029,602.9,4662888.897
4030,603.0,4170566.336
4031,603.1,3669754.457
4032,603.2,3177265.667
4033,603.3,2706528.45
4034,603.4,2266767.268
4035,603.5,1867650.111
4036,603.6,1512768.794
4037,603.7,1204421.087
4038,603.8,943111.608
4039,603.9,725900.0
4040,604.0,549198.081
4041,604.1,408457.286
4042,604.2,298622.68
4043,604.3,214629.01
4044,604.4,151623.688
4045,604.5,105200.999
4046,604.6,71801.223
4047,604.7,48148.855
4048,604.8,31737.471
4049,604.9,20557.658
4050,605.0,13090.0
4051,605.1,8185.557
4052,605.2,5032.491
4053,605.3,3039.929
4054,605.4,1804.257
4055,605.5,1052.419
4056,605.6,603.126
4057,605.7,339.521
4058,605.8,187.738
4059,605.9,102.019
4060,606.0,54.453
4061,606.1,28.55
4062,606.2,14.699
4063,606.3,7.435
4064,606.4,3.693
4065,606.5,1.8
4066,606.6,0.863
4067,606.7,0.406
4068,606.8,0.187
4069,606.9,0.085
4070,607.0,0.038
4071,607.1,0.017
4072,607.2,0.007
4073,607.3,0.003
4074,607.4,0.001
4075,607.5,0.001
4076,607.6,0.001
4077,607.7,0.001
4078,607.8,0.003
4079,607.9,0.008
4080,608.0,0.017
4081,608.1,0.039
4082,608.2,0.086
4083,608.3,0.187
4084,608.4,0.399
4085,608.5,0.836
4086,608.6,1.72
4087,608.7,3.474
4088,608.8,6.89
4089,608.9,13.42
4090,609.0,25.652
4091,609.1,48.184
4092,609.2,88.82
4093,609.3,160.897
4094,609.4,286.139
4095,609.5,499.701
4096,609.6,857.327
4097,609.7,1444.256
4098,609.8,2389.719
4099,609.9,3885.452
4100,610.0,6204.0
4101,610.1,9733.023
4102,610.2,14997.839
4103,610.3,22700.792
4104,610.4,33782.8
4105,610.5,49379.411
4106,610.6,70931.177
4107,610.7,100134.714
4108,610.8,138908.409
4109,610.9,189509.158
4110,611.0,254010.483
4111,611.1,334900.0
4112,611.2,433976.165
4113,611.3,552998.343
4114,611.4,693058.81
4115,611.5,854216.48
4116,611.6,1035775.297
4117,611.7,1235677.5
4118,611.8,1449939.373
4119,611.9,1674315.456
4120,612.0,1902436.894
4121,612.1,2128817.315
4122,612.2,2344000.0
4123,612.3,2541805.106
4124,612.4,2714733.262
4125,612.5,2854500.981
4126,612.6,2956873.108
4127,612.7,3019208.419
4128,612.8,3037000.0
4129,612.9,3014009.267
4130,613.0,2949697.264
4131,613.1,2850406.781
4132,613.2,2720849.91
4133,613.3,2569960.515
4134,613.4,2405149.556
4135,613.5,2234442.112
4136,613.6,2065305.569
4137,613.7,1904766.156
4138,613.8,1758605.716
4139,613.9,1631000.0
4140,614.0,1522930.34
4141,614.1,1434735.542
4142,614.2,1365230.698
4143,614.3,1312049.437
4144,614.4,1269799.849
4145,614.5,1234702.991
4146,614.6,1202636.211
4147,614.7,1168960.701
4148,614.8,1129289.527
4149,614.9,1082353.73
4150,615.0,1027000.0
4151,615.1,962429.108
4152,615.2,889138.919
4153,615.3,809191.53
4154,615.4,724779.103
4155,615.5,638531.54
4156,615.6,552947.839
4157,615.7,470595.144
4158,615.8,393489.47
4159,615.9,323191.594
4160,616.0,260701.592
4161,616.1,206600.0
4162,616.2,160672.145
4163,616.3,122718.061
4164,616.4,92052.064
4165,616.5,67794.836
4166,616.6,49021.139
4167,616.7,34819.651
4168,616.8,24301.701
4169,616.9,16689.313
4170,617.0,11311.608
4171,617.1,7638.251
4172,617.2,5248.0
4173,617.3,3833.053
4174,617.4,3197.354
4175,617.5,3241.068
4176,617.6,3951.965
4177,617.7,5408.069
4178,617.8,7770.0
4179,617.9,11290.158
4180,618.0,16289.52
4181,618.1,23213.996
4182,618.2,32544.814
4183,618.3,44878.324
4184,618.4,60814.046
4185,618.5,81023.498
4186,618.6,106079.402
4187,618.7,136675.039
4188,618.8,173121.846
4189,618.9,215800.0
4190,619.0,264798.13
4191,619.1,320017.427
4192,619.2,381188.303
4193,619.3,447784.216
4194,619.4,519130.162
4195,619.5,594623.953
4196,619.6,673621.881
4197,619.7,755271.192
4198,619.8,839222.864
4199,619.9,925094.47
4200,620.0,1012000.0
4201,620.1,1100793.038
4202,620.2,1189684.024
4203,620.3,1277910.294
4204,620.4,1365693.904
4205,620.5,1449861.648
4206,620.6,1528484.69
4207,620.7,1598334.36
4208,620.8,1658513.45
4209,620.9,1702982.332
4210,621.0,1730723.12
4211,621.1,1738000.0
4212,621.2,1723555.245
4213,621.3,1686430.395
4214,621.4,1626122.582
4215,621.5,1545541.943
4216,621.6,1447729.767
4217,621.7,1334168.386
4218,621.8,1212029.61
4219,621.9,1084871.33
4220,622.0,957705.473
4221,622.1,835600.013
4222,622.2,723000.0
4223,622.3,623665.249
4224,622.4,540816.768
4225,622.5,476800.399
4226,622.6,433360.007
4227,622.7,411558.147
4228,622.8,412000.0
4229,622.9,434605.39
4230,623.0,479255.461
4231,623.1,545213.44
4232,623.2,631652.467
4233,623.3,737421.194
4234,623.4,861046.176
4235,623.5,1000960.431
4236,623.6,1156005.512
4237,623.7,1323624.04
4238,623.8,1502604.815
4239,623.9,1689000.0
4240,624.0,1883369.813
4241,624.1,2081520.085
4242,624.2,2281063.482
4243,624.3,2479743.166
4244,624.4,2673963.516
4245,624.5,2860235.427
4246,624.6,3035959.655
4247,624.7,3196265.775
4248,624.8,3338452.3
4249,624.9,3459517.376
4250,625.0,3557000.0
4251,625.1,3629175.912
4252,625.2,3673608.153
4253,625.3,3691466.233
4254,625.4,3682696.835
4255,625.5,3649668.074
4256,625.6,3592299.235
4257,625.7,3515107.692
4258,625.8,3419499.936
4259,625.9,3306687.778
4260,626.0,3179832.887
4261,626.1,3041000.0
4262,626.2,2890624.442
4263,626.3,2732600.426
4264,626.4,2567724.163
4265,626.5,2399834.638
4266,626.6,2230757.893
4267,626.7,2065791.096
4268,626.8,1908224.333
4269,626.9,1762729.837
4270,627.0,1633245.944
4271,627.1,1524067.131
4272,627.2,1438000.0
4273,627.3,1378295.448
4274,627.4,1346046.198
4275,627.5,1339426.411
4276,627.6,1358531.705
4277,627.7,1400724.709
4278,627.8,1461000.0
4279,627.9,1535565.179
4280,628.0,1617248.052
4281,628.1,1702467.906
4282,628.2,1785163.495
4283,628.3,1860143.274
4284,628.4,1922620.256
4285,628.5,1971057.13
4286,628.6,2004269.033
4287,628.7,2021698.102
4288,628.8,2024383.921
4289,628.9,2017000.0
4290,629.0,2002768.816
4291,629.1,1986147.111
4292,629.2,1973679.459
4293,629.3,1970176.81
4294,629.4,1980975.901
4295,629.5,2009801.614
4296,629.6,2059694.039
4297,629.7,2131274.783
4298,629.8,2223520.825
4299,629.9,2334921.489
4300,630.0,2459000.0
4301,630.1,2590643.8
4302,630.2,2721347.181
4303,630.3,2841409.024
4304,630.4,2943577.671
4305,630.5,3018355.139
4306,630.6,3058355.791
4307,630.7,3059899.315
4308,630.8,3018015.835
4309,630.9,2933578.666
4310,631.0,2806959.229
4311,631.1,2644000.0
4312,631.2,2450505.938
4313,631.3,2233922.316
4314,631.4,2002427.221
4315,631.5,1765346.119
4316,631.6,1529188.689
4317,631.7,1302953.963
4318,631.8,1090981.314
4319,631.9,897810.048
4320,632.0,726184.018
4321,632.1,577245.084
4322,632.2,451000.0
4323,632.3,346246.047
4324,632.4,261252.716
4325,632.5,193702.945
4326,632.6,141118.235
4327,632.7,101043.993
4328,632.8,71100.0
4329,632.9,49158.603
4330,633.0,33395.585
4331,633.1,22299.432
4332,633.2,14630.92
4333,633.3,9431.676
4334,633.4,5975.97
4335,633.5,3719.491
4336,633.6,2276.153
4337,633.7,1367.814
4338,633.8,808.116
4339,633.9,469.2
4340,634.0,267.67
4341,634.1,150.155
4342,634.2,82.916
4343,634.3,45.314
4344,634.4,24.92
4345,634.5,14.551
4346,634.6,10.253
4347,634.7,10.15
4348,634.8,13.804
4349,634.9,21.919
4350,635.0,36.36
4351,635.1,60.382
4352,635.2,99.133
4353,635.3,160.203
4354,635.4,254.562
4355,635.5,397.728
4356,635.6,611.012
4357,635.7,922.681
4358,635.8,1369.697
4359,635.9,1998.533
4360,636.0,2866.769
4361,636.1,4043.0
4362,636.2,5604.927
4363,636.3,7637.411
4364,636.4,10233.282
4365,636.5,13479.9
4366,636.6,17441.007
4367,636.7,22203.196
4368,636.8,27779.4
4369,636.9,34157.366
4370,637.0,41303.475
4371,637.1,49090.394
4372,637.2,57350.0
4373,637.3,65876.532
4374,637.4,74382.856
4375,637.5,82557.107
4376,637.6,90078.999
4377,637.7,96620.601
4378,637.8,101900.0
4379,637.9,105612.567
4380,638.0,107594.105
4381,638.1,107808.06
4382,638.2,106161.976
4383,638.3,102725.318
4384,638.4,97822.03
4385,638.5,91516.591
4386,638.6,84202.423
4387,638.7,76175.865
4388,638.8,67785.764
4389,638.9,59360.0
4390,639.0,51190.502
4391,639.1,43543.671
4392,639.2,36618.385
4393,639.3,30588.107
4394,639.4,25555.623
4395,639.5,21593.893
4396,639.6,18751.432
4397,639.7,17048.082
4398,639.8,16495.541
4399,639.9,17070.1
4400,640.0,18770.0
4401,640.1,21576.842
4402,640.2,25436.98
4403,640.3,30304.303
4404,640.4,36069.381
4405,640.5,42617.614
4406,640.6,49789.381
4407,640.7,57365.447
4408,640.8,65092.803
4409,640.9,72699.111
4410,641.0,79865.484
4411,641.1,86300.0
4412,641.2,91695.26
4413,641.3,95805.683
4414,641.4,98429.838
4415,641.5,99434.912
4416,641.6,98759.15
4417,641.7,96447.66
4418,641.8,92608.394
4419,641.9,87434.697
4420,642.0,81163.639
4421,642.1,74079.495
4422,642.2,66470.0
4423,642.3,58655.59
4424,642.4,50881.215
4425,642.5,43402.554
4426,642.6,36393.107
4427,642.7,30019.821
4428,642.8,24340.0
4429,642.9,19402.563
4430,643.0,15208.611
4431,643.1,11719.634
4432,643.2,8886.251
4433,643.3,6628.33
4434,643.4,4868.272
4435,643.5,3528.249
4436,643.6,2533.432
4437,643.7,1821.127
4438,643.8,1336.611
4439,643.9,1039.0
4440,644.0,900.02
4441,644.1,904.89
4442,644.2,1050.652
4443,644.3,1345.585
4444,644.4,1810.062
4445,644.5,2475.624
4446,644.6,3380.042
4447,644.7,4569.047
4448,644.8,6092.518
4449,644.9,7999.69
4450,645.0,10340.0
4451,645.1,13140.944
4452,645.2,16436.372
4453,645.3,20212.946
4454,645.4,24453.747
4455,645.5,29086.664
4456,645.6,34045.58
4457,645.7,39175.851
4458,645.8,44351.002
4459,645.9,49369.564
4460,646.0,54060.331
4461,646.1,58210.0
4462,646.2,61657.001
4463,646.3,64222.394
4464,646.4,65807.496
4465,646.5,66305.823
4466,646.6,65708.272
4467,646.7,64058.322
4468,646.8,61405.083
4469,646.9,57894.239
4470,647.0,53691.428
4471,647.1,48968.63
4472,647.2,43930.0
4473,647.3,38751.732
4474,647.4,33627.938
4475,647.5,28699.644
4476,647.6,24086.84
4477,647.7,19885.096
4478,647.8,16150.0
4479,647.9,12898.551
4480,648.0,10129.018
4481,648.1,7823.254
4482,648.2,5943.953
4483,648.3,4441.568
4484,648.4,3263.393
4485,648.5,2359.186
4486,648.6,1676.741
4487,648.7,1172.619
4488,648.8,806.378
4489,648.9,545.3
4490,649.0,362.752
4491,649.1,237.33
4492,649.2,152.704
4493,649.3,96.628
4494,649.4,60.147
4495,649.5,36.819
4496,649.6,22.169
4497,649.7,13.126
4498,649.8,7.645
4499,649.9,4.378
4500,650.0,2.467
4501,650.1,1.367
4502,650.2,0.745
4503,650.3,0.399
4504,650.4,0.21
4505,650.5,0.109
4506,650.6,0.056
4507,650.7,0.028
4508,650.8,0.014
4509,650.9,0.007
4510,651.0,0.003
4511,651.1,0.001
4512,651.2,0.001
4513,651.3,0.0
4514,651.4,0.0
4515,651.5,0.0
4516,651.6,0.0
4517,651.7,0.0
4518,651.8,0.0
4519,651.9,0.0
4520,652.0,0.0
4521,652.1,0.0
4522,652.2,0.0
4523,652.3,0.0
4524,652.4,0.0
4525,652.5,0.0
4526,652.6,0.0
4527,652.7,0.0
4528,652.8,0.0
4529,652.9,0.0
4530,653.0,0.0
4531,653.1,0.0
4532,653.2,0.0
4533,653.3,0.0
4534,653.4,0.0
4535,653.5,0.0
4536,653.6,0.0
4537,653.7,0.0
4538,653.8,0.0
4539,653.9,0.0
4540,654.0,0.0
4541,654.1,0.0
4542,654.2,0.0
4543,654.3,0.0
4544,654.4,0.0
4545,654.5,0.0
4546,654.6,0.0
4547,654.7,0.0
4548,654.8,0.0
4549,654.9,0.0
4550,655.0,0.0
4551,655.1,0.0
4552,655.2,0.0
4553,655.3,0.0
4554,655.4,0.0
4555,655.5,0.0
4556,655.6,0.0
4557,655.7,0.0
4558,655.8,0.0
4559,655.9,0.0
4560,656.0,0.0
4561,656.1,0.0
4562,656.2,0.0
4563,656.3,0.0
4564,656.4,0.0
4565,656.5,0.0
4566,656.6,0.0
4567,656.7,0.0
4568,656.8,0.0
4569,656.9,0.0
4570,657.0,0.0
4571,657.1,0.0
4572,657.2,0.0
4573,657.3,0.0
4574,657.4,0.0
4575,657.5,0.0
4576,657.6,0.0
4577,657.7,0.0
4578,657.8,0.0
4579,657.9,0.0
4580,658.0,0.0
4581,658.1,0.0
4582,658.2,0.0
4583,658.3,0.0
4584,658.4,0.0
4585,658.5,0.0
4586,658.6,0.0
4587,658.7,0.0
4588,658.8,0.0
4589,658.9,0.0
4590,659.0,0.0
4591,659.1,0.0
4592,659.2,0.0
4593,659.3,0.0
4594,659.4,0.0
4595,659.5,0.0
4596,659.6,0.0
4597,659.7,0.0
4598,659.8,0.0
4599,659.9,0.0
4600,660.0,0.0
4601,660.1,0.0
4602,660.2,0.0
4603,660.3,0.0
4604,660.4,0.0
4605,660.5,0.0
4606,660.6,0.0
4607,660.7,0.0
4608,660.8,0.0
4609,660.9,0.0
4610,661.0,0.0
4611,661.1,0.0
4612,661.2,0.0
4613,661.3,0.0
4614,661.4,0.0
4615,661.5,0.0
4616,661.6,0.0
4617,661.7,0.0
4618,661.8,0.0
4619,661.9,0.0
4620,662.0,0.0
4621,662.1,0.0
4622,662.2,0.0
4623,662.3,0.0
4624,662.4,0.0
4625,662.5,0.0
4626,662.6,0.0
4627,662.7,0.0
4628,662.8,0.0
4629,662.9,0.0
4630,663.0,0.0
4631,663.1,0.0
4632,663.2,0.0
4633,663.3,0.0
4634,663.4,0.0
4635,663.5,0.0
4636,663.6,0.0
4637,663.7,0.0
4638,663.8,0.0
4639,663.9,0.0
4640,664.0,0.0
4641,664.1,0.0
4642,664.2,0.0
4643,664.3,0.0
4644,664.4,0.0
4645,664.5,0.0
4646,664.6,0.0
4647,664.7,0.0
4648,664.8,0.0
4649,664.9,0.0
4650,665.0,0.0
4651,665.1,0.0
4652,665.2,0.0
4653,665.3,0.0
4654,665.4,0.0
4655,665.5,0.0
4656,665.6,0.0
4657,665.7,0.0
4658,665.8,0.0
4659,665.9,0.0
4660,666.0,0.0
4661,666.1,0.0
4662,666.2,0.0
4663,666.3,0.0
4664,666.4,0.0
4665,666.5,0.0
4666,666.6,0.0
4667,666.7,0.0
4668,666.8,0.0
4669,666.9,0.0
4670,667.0,0.0
4671,667.1,0.0
4672,667.2,0.0
4673,667.3,0.0
4674,667.4,0.0
4675,667.5,0.0
4676,667.6,0.0
4677,667.7,0.0
4678,667.8,0.0
4679,667.9,0.0
4680,668.0,0.0
4681,668.1,0.0
4682,668.2,0.0
4683,668.3,0.0
4684,668.4,0.0
4685,668.5,0.0
4686,668.6,0.0
4687,668.7,0.0
4688,668.8,0.0
4689,668.9,0.0
4690,669.0,0.0
4691,669.1,0.0
4692,669.2,0.0
4693,669.3,0.0
4694,669.4,0.0
4695,669.5,0.0
4696,669.6,0.0
4697,669.7,0.0
4698,669.8,0.0
4699,669.9,0.0
4700,670.0,0.0
4701,670.1,0.0
4702,670.2,0.0
4703,670.3,0.0
4704,670.4,0.0
4705,670.5,0.0
4706,670.6,0.0
4707,670.7,0.0
4708,670.8,0.0
4709,670.9,0.0
4710,671.0,0.0
4711,671.1,0.0
4712,671.2,0.0
4713,671.3,0.0
4714,671.4,0.0
4715,671.5,0.0
4716,671.6,0.0
4717,671.7,0.0
4718,671.8,0.0
4719,671.9,0.0
4720,672.0,0.0
4721,672.1,0.0
4722,672.2,0.0
4723,672.3,0.0
4724,672.4,0.0
4725,672.5,0.0
4726,672.6,0.0
4727,672.7,0.0
4728,672.8,0.0
4729,672.9,0.0
4730,673.0,0.0
4731,673.1,0.0
4732,673.2,0.0
4733,673.3,0.0
4734,673.4,0.0
4735,673.5,0.0
4736,673.6,0.0
4737,673.7,0.0
4738,673.8,0.0
4739,673.9,0.0
4740,674.0,0.0
4741,674.1,0.0
4742,674.2,0.0
4743,674.3,0.0
4744,674.4,0.0
4745,674.5,0.0
4746,674.6,0.0
4747,674.7,0.0
4748,674.8,0.0
4749,674.9,0.0
4750,675.0,0.0
4751,675.1,0.0
4752,675.2,0.0
4753,675.3,0.0
4754,675.4,0.0
4755,675.5,0.0
4756,675.6,0.0
4757,675.7,0.0
4758,675.8,0.0
4759,675.9,0.0
4760,676.0,0.0
4761,676.1,0.0
4762,676.2,0.0
4763,676.3,0.0
4764,676.4,0.0
4765,676.5,0.0
4766,676.6,0.0
4767,676.7,0.0
4768,676.8,0.0
4769,676.9,0.0
4770,677.0,0.0
4771,677.1,0.0
4772,677.2,0.0
4773,677.3,0.0
4774,677.4,0.0
4775,677.5,0.0
4776,677.6,0.0
4777,677.7,0.0
4778,677.8,0.0
4779,677.9,0.0
4780,678.0,0.0
4781,678.1,0.0
4782,678.2,0.0
4783,678.3,0.0
4784,678.4,0.0
4785,678.5,0.0
4786,678.6,0.0
4787,678.7,0.0
4788,678.8,0.0
4789,678.9,0.0
4790,679.0,0.0
4791,679.1,0.0
4792,679.2,0.0
4793,679.3,0.0
4794,679.4,0.0
4795,679.5,0.0
4796,679.6,0.0
4797,679.7,0.0
4798,679.8,0.0
4799,679.9,0.0
4800,680.0,0.0
4801,680.1,0.0
4802,680.2,0.0
4803,680.3,0.0
4804,680.4,0.0
4805,680.5,0.0
4806,680.6,0.0
4807,680.7,0.0
4808,680.8,0.0
4809,680.9,0.0
4810,681.0,0.0
4811,681.1,0.0
4812,681.2,0.0
4813,681.3,0.0
4814,681.4,0.0
4815,681.5,0.0
4816,681.6,0.0
4817,681.7,0.0
4818,681.8,0.0
4819,681.9,0.0
4820,682.0,0.0
4821,682.1,0.0
4822,682.2,0.0
4823,682.3,0.0
4824,682.4,0.0
4825,682.5,0.0
4826,682.6,0.0
4827,682.7,0.0
4828,682.8,0.0
4829,682.9,0.0
4830,683.0,0.0
4831,683.1,0.0
4832,683.2,0.0
4833,683.3,0.0
4834,683.4,0.0
4835,683.5,0.0
4836,683.6,0.0
4837,683.7,0.0
4838,683.8,0.0
4839,683.9,0.0
4840,684.0,0.0
4841,684.1,0.0
4842,684.2,0.0
4843,684.3,0.0
4844,684.4,0.0
4845,684.5,0.0
4846,684.6,0.0
4847,684.7,0.0
4848,684.8,0.0
4849,684.9,0.0
4850,685.0,0.0
4851,685.1,0.0
4852,685.2,0.0
4853,685.3,0.0
4854,685.4,0.0
4855,685.5,0.0
4856,685.6,0.0
4857,685.7,0.0
4858,685.8,0.0
4859,685.9,0.0
4860,686.0,0.0
4861,686.1,0.0
4862,686.2,0.0
4863,686.3,0.0
4864,686.4,0.0
4865,686.5,0.0
4866,686.6,0.0
4867,686.7,0.0
4868,686.8,0.0
4869,686.9,0.0
4870,687.0,0.0
4871,687.1,0.0
4872,687.2,0.0
4873,687.3,0.0
4874,687.4,0.0
4875,687.5,0.0
4876,687.6,0.0
4877,687.7,0.0
4878,687.8,0.0
4879,687.9,0.0
4880,688.0,0.0
4881,688.1,0.0
4882,688.2,0.0
4883,688.3,0.0
4884,688.4,0.0
4885,688.5,0.0
4886,688.6,0.0
4887,688.7,0.0
4888,688.8,0.0
4889,688.9,0.0
4890,689.0,0.0
4891,689.1,0.0
4892,689.2,0.0
4893,689.3,0.0
4894,689.4,0.0
4895,689.5,0.0
4896,689.6,0.0
4897,689.7,0.0
4898,689.8,0.0
4899,689.9,0.0
4900,690.0,0.0
4901,690.1,0.0
4902,690.2,0.0
4903,690.3,0.0
4904,690.4,0.0
4905,690.5,0.0
4906,690.6,0.0
4907,690.7,0.0
4908,690.8,0.0
4909,690.9,0.0
4910,691.0,0.0
4911,691.1,0.0
4912,691.2,0.0
4913,691.3,0.0
4914,691.4,0.0
4915,691.5,0.0
4916,691.6,0.0
4917,691.7,0.0
4918,691.8,0.0
4919,691.9,0.0
4920,692.0,0.0
4921,692.1,0.0
4922,692.2,0.0
4923,692.3,0.0
4924,692.4,0.0
4925,692.5,0.0
4926,692.6,0.0
4927,692.7,0.0
4928,692.8,0.0
4929,692.9,0.0
4930,693.0,0.0
4931,693.1,0.0
4932,693.2,0.0
4933,693.3,0.0
4934,693.4,0.0
4935,693.5,0.0
4936,693.6,0.0
4937,693.7,0.0
4938,693.8,0.0
4939,693.9,0.0
4940,694.0,0.0
4941,694.1,0.0
4942,694.2,0.0
4943,694.3,0.0
4944,694.4,0.0
4945,694.5,0.0
4946,694.6,0.0
4947,694.7,0.0
4948,694.8,0.0
4949,694.9,0.0
4950,695.0,0.0
4951,695.1,0.0
4952,695.2,0.0
4953,695.3,0.0
4954,695.4,0.0
4955,695.5,0.0
4956,695.6,0.0
4957,695.7,0.0
4958,695.8,0.0
4959,695.9,0.0
4960,696.0,0.0
4961,696.1,0.0
4962,696.2,0.0
4963,696.3,0.0
4964,696.4,0.0
4965,696.5,0.0
4966,696.6,0.0
4967,696.7,0.0
4968,696.8,0.0
4969,696.9,0.0
4970,697.0,0.0
4971,697.1,0.0
4972,697.2,0.0
4973,697.3,0.0
4974,697.4,0.0
4975,697.5,0.0
4976,697.6,0.0
4977,697.7,0.0
4978,697.8,0.0
4979,697.9,0.0
4980,698.0,0.0
4981,698.1,0.0
4982,698.2,0.0
4983,698.3,0.0
4984,698.4,0.0
4985,698.5,0.0
4986,698.6,0.0
4987,698.7,0.0
4988,698.8,0.0
4989,698.9,0.0
4990,699.0,0.0
4991,699.1,0.0
4992,699.2,0.0
4993,699.3,0.0
4994,699.4,0.0
4995,699.5,0.0
4996,699.6,0.0
4997,699.7,0.0
4998,699.8,0.0
4999,699.9,0.0
5000,700.0,0.0
5001,700.1,0.0
5002,700.2,0.0
5003,700.3,0.0
5004,700.4,0.0
5005,700.5,0.0
5006,700.6,0.0
5007,700.7,0.0
5008,700.8,0.0
5009,700.9,0.0
5010,701.0,0.0
5011,701.1,0.0
5012,701.2,0.0
5013,701.3,0.0
5014,701.4,0.0
5015,701.5,0.0
5016,701.6,0.0
5017,701.7,0.0
5018,701.8,0.0
5019,701.9,0.0
5020,702.0,0.0
5021,702.1,0.0
5022,702.2,0.0
5023,702.3,0.0
5024,702.4,0.0
5025,702.5,0.0
5026,702.6,0.0
5027,702.7,0.0
5028,702.8,0.0
5029,702.9,0.0
5030,703.0,0.0
5031,703.1,0.0
5032,703.2,0.0
5033,703.3,0.0
5034,703.4,0.0
5035,703.5,0.0
5036,703.6,0.0
5037,703.7,0.0
5038,703.8,0.0
5039,703.9,0.0
5040,704.0,0.0
5041,704.1,0.0
5042,704.2,0.0
5043,704.3,0.0
5044,704.4,0.0
5045,704.5,0.0
5046,704.6,0.0
5047,704.7,0.0
5048,704.8,0.0
5049,704.9,0.0
5050,705.0,0.0
5051,705.1,0.0
5052,705.2,0.0
5053,705.3,0.0
5054,705.4,0.0
5055,705.5,0.0
5056,705.6,0.0
5057,705.7,0.0
5058,705.8,0.0
5059,705.9,0.0
5060,706.0,0.0
5061,706.1,0.0
5062,706.2,0.0
5063,706.3,0.0
5064,706.4,0.0
5065,706.5,0.0
5066,706.6,0.0
5067,706.7,0.0
5068,706.8,0.0
5069,706.9,0.0
5070,707.0,0.0
5071,707.1,0.0
5072,707.2,0.0
5073,707.3,0.0
5074,707.4,0.0
5075,707.5,0.0
5076,707.6,0.0
5077,707.7,0.0
5078,707.8,0.0
5079,707.9,0.0
5080,708.0,0.0
5081,708.1,0.0
5082,708.2,0.0
5083,708.3,0.0
5084,708.4,0.0
5085,708.5,0.0
5086,708.6,0.0
5087,708.7,0.0
5088,708.8,0.0
5089,708.9,0.0
5090,709.0,0.001
5091,709.1,0.001
5092,709.2,0.002
5093,709.3,0.005
5094,709.4,0.01
5095,709.5,0.019
5096,709.6,0.036
5097,709.7,0.069
5098,709.8,0.13
5099,709.9,0.241
5100,710.0,0.441
5101,710.1,0.797
5102,710.2,1.421
5103,710.3,2.5
5104,710.4,4.341
5105,710.5,7.433
5106,710.6,12.554
5107,710.7,20.933
5108,710.8,34.425
5109,710.9,55.859
5110,711.0,89.427
5111,711.1,141.2
5112,711.2,220.121
5113,711.3,338.302
5114,711.4,513.197
5115,711.5,767.976
5116,711.6,1133.795
5117,711.7,1652.019
5118,711.8,2373.481
5119,711.9,3365.073
5120,712.0,4707.2
5121,712.1,6496.571
5122,712.2,8846.0
5123,712.3,11878.337
5124,712.4,15747.574
5125,712.5,20594.24
5126,712.6,26573.69
5127,712.7,33820.573
5128,712.8,42470.0
5129,712.9,52623.33
5130,713.0,64325.343
5131,713.1,77572.274
5132,713.2,92299.163
5133,713.3,108334.751
5134,713.4,125461.749
5135,713.5,143417.702
5136,713.6,161601.07
5137,713.7,179747.499
5138,713.8,197302.214
5139,713.9,213600.0
5140,714.0,228159.335
5141,714.1,240538.376
5142,714.2,250123.273
5143,714.3,256591.561
5144,714.4,259854.801
5145,714.5,259725.055
5146,714.6,256133.197
5147,714.7,249449.068
5148,714.8,239934.054
5149,714.9,228015.554
5150,715.0,214400.0
5151,715.1,199558.406
5152,715.2,184200.129
5153,715.3,169122.202
5154,715.4,154960.369
5155,715.5,142354.968
5156,715.6,131865.901
5157,715.7,124068.793
5158,715.8,119259.187
5159,715.9,117832.371
5160,716.0,119956.364
5161,716.1,125600.0
5162,716.2,134874.457
5163,716.3,147427.802
5164,716.4,163047.22
5165,716.5,181207.858
5166,716.6,201401.377
5167,716.7,222894.039
5168,716.8,245022.048
5169,716.9,266886.855
5170,717.0,287695.128
5171,717.1,306686.777
5172,717.2,323000.0
5173,717.3,335936.258
5174,717.4,345094.75
5175,717.5,349912.073
5176,717.6,350210.786
5177,717.7,345968.959
5178,717.8,337300.0
5179,717.9,324537.697
5180,718.0,308138.11
5181,718.1,288827.069
5182,718.2,267072.635
5183,718.3,243788.218
5184,718.4,219559.24
5185,718.5,195223.035
5186,718.6,171326.893
5187,718.7,148345.13
5188,718.8,126762.762
5189,718.9,107000.0
5190,719.0,89216.732
5191,719.1,73511.431
5192,719.2,59946.919
5193,719.3,48508.544
5194,719.4,39120.427
5195,719.5,31669.304
5196,719.6,26061.29
5197,719.7,22196.515
5198,719.8,19993.104
5199,719.9,19413.495
5200,720.0,20440.0
5201,720.1,23121.849
5202,720.2,27527.942
5203,720.3,33769.795
5204,720.4,41973.201
5205,720.5,52269.424
5206,720.6,64795.005
5207,720.7,79642.025
5208,720.8,96837.838
5209,720.9,116374.506
5210,721.0,138200.193
5211,721.1,161900.0
5212,721.2,187302.165
5213,721.3,213849.9
5214,721.4,241000.732
5215,721.5,268116.933
5216,721.6,294258.86
5217,721.7,318855.115
5218,721.8,340891.399
5219,721.9,359814.718
5220,722.0,374752.287
5221,722.1,385276.436
5222,722.2,390900.0
5223,722.3,391643.998
5224,722.4,387256.642
5225,722.5,378104.064
5226,722.6,364546.864
5227,722.7,347214.258
5228,722.8,326800.0
5229,722.9,304239.281
5230,723.0,280203.934
5231,723.1,255845.478
5232,723.2,231952.352
5233,723.3,209362.283
5234,723.4,188759.939
5235,723.5,170949.642
5236,723.6,156254.75
5237,723.7,145207.03
5238,723.8,137824.187
5239,723.9,134400.0
5240,724.0,134748.017
5241,724.1,138679.209
5242,724.2,146055.785
5243,724.3,156235.934
5244,724.4,169015.721
5245,724.5,183525.262
5246,724.6,199444.358
5247,724.7,215974.667
5248,724.8,232462.408
5249,724.9,248418.619
5250,725.0,263200.0
5251,725.1,276380.356
5252,725.2,287527.427
5253,725.3,296482.711
5254,725.4,303066.426
5255,725.5,307302.74
5256,725.6,309308.6
5257,725.7,309366.66
5258,725.8,307835.29
5259,725.9,305051.807
5260,726.0,301306.89
5261,726.1,297200.0
5262,726.2,292980.681
5263,726.3,288902.134
5264,726.4,285154.274
5265,726.5,281955.91
5266,726.6,279244.4
5267,726.7,276982.45
5268,726.8,274914.702
5269,726.9,273025.516
5270,727.0,270906.114
5271,727.1,268367.239
5272,727.2,265300.0
5273,727.3,261361.258
5274,727.4,256398.496
5275,727.5,250345.547
5276,727.6,243106.36
5277,727.7,234700.524
5278,727.8,225200.0
5279,727.9,214596.775
5280,728.0,203051.43
5281,728.1,190793.094
5282,728.2,177848.976
5283,728.3,164542.339
5284,728.4,151050.404
5285,728.5,137525.99
5286,728.6,124063.869
5287,728.7,111026.422
5288,728.8,98455.531
5289,728.9,86500.0
5290,729.0,75266.885
5291,729.1,64856.843
5292,729.2,55333.136
5293,729.3,46722.07
5294,729.4,39037.12
5295,729.5,32273.429
5296,729.6,26379.554
5297,729.7,21328.173
5298,729.8,17053.342
5299,729.9,13478.312
5300,730.0,10520.0
5301,730.1,8121.593
5302,730.2,6194.047
5303,730.3,4666.978
5304,730.4,3473.916
5305,730.5,2554.077
5306,730.6,1854.632
5307,730.7,1330.1
5308,730.8,942.14
5309,730.9,659.14
5310,731.0,455.192
5311,731.1,310.5
5312,731.2,209.041
5313,731.3,138.971
5314,731.4,91.21
5315,731.5,59.114
5316,731.6,37.818
5317,731.7,23.883
5318,731.8,14.898
5319,731.9,9.167
5320,732.0,5.569
5321,732.1,3.34
5322,732.2,1.978
5323,732.3,1.156
5324,732.4,0.667
5325,732.5,0.38
5326,732.6,0.213
5327,732.7,0.118
5328,732.8,0.065
5329,732.9,0.035
5330,733.0,0.019
5331,733.1,0.01
5332,733.2,0.005
5333,733.3,0.003
5334,733.4,0.001
5335,733.5,0.001
5336,733.6,0.0
5337,733.7,0.0
5338,733.8,0.0
5339,733.9,0.0
5340,734.0,0.0
5341,734.1,0.0
5342,734.2,0.0
5343,734.3,0.0
5344,734.4,0.0
5345,734.5,0.0
5346,734.6,0.0
5347,734.7,0.0
5348,734.8,0.0
5349,734.9,0.0
5350,735.0,0.0
5351,735.1,0.0
5352,735.2,0.0
5353,735.3,0.0
5354,735.4,0.0
5355,735.5,0.0
5356,735.6,0.0
5357,735.7,0.0
5358,735.8,0.0
5359,735.9,0.0
5360,736.0,0.0
5361,736.1,0.0
5362,736.2,0.0
5363,736.3,0.0
5364,736.4,0.0
5365,736.5,0.0
5366,736.6,0.0
5367,736.7,0.0
5368,736.8,0.0
5369,736.9,0.0
5370,737.0,0.0
5371,737.1,0.0
5372,737.2,0.0
5373,737.3,0.0
5374,737.4,0.0
5375,737.5,0.0
5376,737.6,0.0
5377,737.7,0.0
5378,737.8,0.0
5379,737.9,0.0
5380,738.0,0.0
5381,738.1,0.0
5382,738.2,0.0
5383,738.3,0.0
5384,738.4,0.0
5385,738.5,0.0
5386,738.6,0.0
5387,738.7,0.0
5388,738.8,0.0
5389,738.9,0.0
5390,739.0,0.0
5391,739.1,0.0
5392,739.2,0.0
5393,739.3,0.0
5394,739.4,0.0
5395,739.5,0.0
5396,739.6,0.0
5397,739.7,0.0
5398,739.8,0.0
5399,739.9,0.0
5400,740.0,0.0
5401,740.1,0.0
5402,740.2,0.0
5403,740.3,0.0
5404,740.4,0.0
5405,740.5,0.001
5406,740.6,0.001
5407,740.7,0.002
5408,740.8,0.004
5409,740.9,0.007
5410,741.0,0.012
5411,741.1,0.02
5412,741.2,0.034
5413,741.3,0.055
5414,741.4,0.088
5415,741.5,0.139
5416,741.6,0.217
5417,741.7,0.336
5418,741.8,0.512
5419,741.9,0.772
5420,742.0,1.149
5421,742.1,1.688
5422,742.2,2.451
5423,742.3,3.512
5424,742.4,4.971
5425,742.5,6.947
5426,742.6,9.592
5427,742.7,13.069
5428,742.8,17.59
5429,742.9,23.382
5430,743.0,30.7
5431,743.1,39.8
5432,743.2,50.95
5433,743.3,64.417
5434,743.4,80.42
5435,743.5,99.17
5436,743.6,120.77
5437,743.7,145.227
5438,743.8,172.343
5439,743.9,202.1
5440,744.0,234.056
5441,744.1,267.706
5442,744.2,302.313
5443,744.3,337.184
5444,744.4,371.36
5445,744.5,403.854
5446,744.6,433.829
5447,744.7,460.142
5448,744.8,482.04
5449,744.9,498.571
5450,745.0,509.4
5451,745.1,513.879
5452,745.2,511.956
5453,745.3,503.645
5454,745.4,489.34
5455,745.5,469.464
5456,745.6,444.841
5457,745.7,416.218
5458,745.8,384.659
5459,745.9,350.952
5460,746.0,316.269
5461,746.1,281.5
5462,746.2,247.342
5463,746.3,214.685
5464,746.4,184.004
5465,746.5,155.759
5466,746.6,130.202
5467,746.7,107.455
5468,746.8,87.583
5469,746.9,70.504
5470,747.0,56.046
5471,747.1,44.002
5472,747.2,34.11
5473,747.3,26.118
5474,747.4,19.742
5475,747.5,14.739
5476,747.6,10.87
5477,747.7,7.914
5478,747.8,5.691
5479,747.9,4.041
5480,748.0,2.834
5481,748.1,1.963
5482,748.2,1.342
5483,748.3,0.907
5484,748.4,0.605
5485,748.5,0.398
5486,748.6,0.259
5487,748.7,0.166
5488,748.8,0.106
5489,748.9,0.066
5490,749.0,0.041
5491,749.1,0.025
5492,749.2,0.015
5493,749.3,0.009
5494,749.4,0.005
5495,749.5,0.003
5496,749.6,0.002
5497,749.7,0.001
5498,749.8,0.001
5499,749.9,0.0
5500,750.0,0.0
5501,750.1,0.0
5502,750.2,0.0
5503,750.3,0.0
5504,750.4,0.001
5505,750.5,0.001
5506,750.6,0.002
5507,750.7,0.003
5508,750.8,0.005
5509,750.9,0.008
5510,751.0,0.012
5511,751.1,0.02
5512,751.2,0.032
5513,751.3,0.051
5514,751.4,0.08
5515,751.5,0.123
5516,751.6,0.188
5517,751.7,0.284
5518,751.8,0.424
5519,751.9,0.624
5520,752.0,0.908
5521,752.1,1.305
5522,752.2,1.853
5523,752.3,2.599
5524,752.4,3.601
5525,752.5,4.929
5526,752.6,6.665
5527,752.7,8.901
5528,752.8,11.75
5529,752.9,15.306
5530,753.0,19.717
5531,753.1,25.081
5532,753.2,31.508
5533,753.3,39.112
5534,753.4,47.962
5535,753.5,58.097
5536,753.6,69.526
5537,753.7,82.187
5538,753.8,95.975
5539,753.9,110.7
5540,754.0,126.152
5541,754.1,142.065
5542,754.2,157.973
5543,754.3,173.568
5544,754.4,188.383
5545,754.5,201.888
5546,754.6,213.828
5547,754.7,223.697
5548,754.8,231.257
5549,754.9,236.071
5550,755.0,238.1
5551,755.1,237.193
5552,755.2,233.498
5553,755.3,227.015
5554,755.4,218.057
5555,755.5,206.923
5556,755.6,193.928
5557,755.7,179.549
5558,755.8,164.299
5559,755.9,148.405
5560,756.0,132.46
5561,756.1,116.8
5562,756.2,101.733
5563,756.3,87.58
5564,756.4,74.449
5565,756.5,62.515
5566,756.6,51.863
5567,756.7,42.502
5568,756.8,34.409
5569,756.9,27.51
5570,757.0,21.74
5571,757.1,16.965
5572,757.2,13.08
5573,757.3,9.959
5574,757.4,7.494
5575,757.5,5.57
5576,757.6,4.089
5577,757.7,2.966
5578,757.8,2.125
5579,757.9,1.504
5580,758.0,1.051
5581,758.1,0.726
5582,758.2,0.496
5583,758.3,0.334
5584,758.4,0.222
5585,758.5,0.146
5586,758.6,0.095
5587,758.7,0.061
5588,758.8,0.039
5589,758.9,0.024
5590,759.0,0.015
5591,759.1,0.009
5592,759.2,0.006
5593,759.3,0.003
5594,759.4,0.002
5595,759.5,0.001
5596,759.6,0.001
5597,759.7,0.0
5598,759.8,0.0
5599,759.9,0.0
5600,760.0,0.0
5601,760.1,0.0
5602,760.2,0.0
5603,760.3,0.0
5604,760.4,0.0
5605,760.5,0.0
5606,760.6,0.0
5607,760.7,0.0
5608,760.8,0.0
5609,760.9,0.0
5610,761.0,0.0
5611,761.1,0.0
5612,761.2,0.0
5613,761.3,0.0
5614,761.4,0.0
5615,761.5,0.0
5616,761.6,0.0
5617,761.7,0.0
5618,761.8,0.0
5619,761.9,0.0
5620,762.0,0.0
5621,762.1,0.0
5622,762.2,0.0
5623,762.3,0.0
5624,762.4,0.0
5625,762.5,0.0
5626,762.6,0.0
5627,762.7,0.0
5628,762.8,0.0
5629,762.9,0.0
5630,763.0,0.0
5631,763.1,0.0
5632,763.2,0.0
5633,763.3,0.0
5634,763.4,0.0
5635,763.5,0.0
5636,763.6,0.0
5637,763.7,0.0
5638,763.8,0.0
5639,763.9,0.0
5640,764.0,0.0
5641,764.1,0.0
5642,764.2,0.0
5643,764.3,0.0
5644,764.4,0.0
5645,764.5,0.0
5646,764.6,0.0
5647,764.7,0.0
5648,764.8,0.0
5649,764.9,0.0
5650,765.0,0.0
5651,765.1,0.0
5652,765.2,0.0
5653,765.3,0.0
5654,765.4,0.0
5655,765.5,0.0
5656,765.6,0.0
5657,765.7,0.0
5658,765.8,0.0
5659,765.9,0.0
5660,766.0,0.0
5661,766.1,0.0
5662,766.2,0.0
5663,766.3,0.0
5664,766.4,0.0
5665,766.5,0.0
5666,766.6,0.0
5667,766.7,0.0
5668,766.8,0.0
5669,766.9,0.0
5670,767.0,0.0
5671,767.1,0.0
5672,767.2,0.0
5673,767.3,0.0
5674,767.4,0.0
5675,767.5,0.0
5676,767.6,0.0
5677,767.7,0.0
5678,767.8,0.0
5679,767.9,0.0
5680,768.0,0.0
5681,768.1,0.0
5682,768.2,0.0
5683,768.3,0.001
5684,768.4,0.001
5685,768.5,0.003
5686,768.6,0.005
5687,768.7,0.011
5688,768.8,0.02
5689,768.9,0.038
5690,769.0,0.071
5691,769.1,0.131
5692,769.2,0.24
5693,769.3,0.433
5694,769.4,0.771
5695,769.5,1.359
5696,769.6,2.368
5697,769.7,4.076
5698,769.8,6.939
5699,769.9,11.668
5700,770.0,19.41
5701,770.1,31.9
5702,770.2,51.84
5703,770.3,83.242
5704,770.4,132.199
5705,770.5,207.382
5706,770.6,321.641
5707,770.7,493.083
5708,770.8,747.222
5709,770.9,1119.527
5710,771.0,1657.278
5711,771.1,2425.0
5712,771.2,3508.442
5713,771.3,5016.77
5714,771.4,7091.153
5715,771.5,9909.146
5716,771.6,13680.783
5717,771.7,18673.459
5718,771.8,25202.481
5719,771.9,33602.418
5720,772.0,44306.556
5721,772.1,57737.448
5722,772.2,74360.0
5723,772.3,94675.889
5724,772.4,119110.326
5725,772.5,148200.618
5726,772.6,182271.873
5727,772.7,221486.717
5728,772.8,266100.0
5729,772.9,315984.169
5730,773.0,370885.23
5731,773.1,430339.9
5732,773.2,493490.814
5733,773.3,559500.656
5734,773.4,626868.575
5735,773.5,694325.495
5736,773.6,760172.033
5737,773.7,822618.937
5738,773.8,879911.417
5739,773.9,930400.0
5740,774.0,972366.258
5741,774.1,1004235.947
5742,774.2,1025419.29
5743,774.3,1035540.081
5744,774.4,1032881.055
5745,774.5,1019043.121
5746,774.6,992821.105
5747,774.7,956660.298
5748,774.8,911163.647
5749,774.9,857774.412
5750,775.0,798200.0
5751,775.1,734111.573
5752,775.2,667449.484
5753,775.3,599864.483
5754,775.4,532895.334
5755,775.5,467845.214
5756,775.6,406100.591
5757,775.7,348409.81
5758,775.8,295437.41
5759,775.9,247628.38
5760,776.0,205135.707
5761,776.1,168100.0
5762,776.2,136120.917
5763,776.3,108936.447
5764,776.4,86234.673
5765,776.5,67538.098
5766,776.6,52370.672
5767,776.7,40276.44
5768,776.8,30818.61
5769,776.9,23601.16
5770,777.0,18295.197
5771,777.1,14610.45
5772,777.2,12350.0
5773,777.3,11355.516
5774,777.4,11568.218
5775,777.5,12984.899
5776,777.6,15657.457
5777,777.7,19711.634
5778,777.8,25330.0
5779,777.9,32739.674
5780,778.0,42232.599
5781,778.1,54106.039
5782,778.2,68705.361
5783,778.3,86345.271
5784,778.4,107359.92
5785,778.5,131980.151
5786,778.6,160485.769
5787,778.7,192916.411
5788,778.8,229249.842
5789,778.9,269400.0
5790,779.0,312849.101
5791,779.1,359306.308
5792,779.2,407920.998
5793,779.3,457931.128
5794,779.4,508111.376
5795,779.5,557457.847
5796,779.6,604592.46
5797,779.7,648265.309
5798,779.8,687215.711
5799,779.9,720215.637
5800,780.0,746200.0
5801,780.1,764356.044
5802,780.2,774003.761
5803,780.3,774945.37
5804,780.4,766933.82
5805,780.5,750493.807
5806,780.6,726011.058
5807,780.7,694337.861
5808,780.8,656486.964
5809,780.9,613626.113
5810,781.0,567138.991
5811,781.1,518100.0
5812,781.2,467966.598
5813,781.3,417854.392
5814,781.4,368888.146
5815,781.5,321946.419
5816,781.6,277841.428
5817,781.7,236981.101
5818,781.8,199867.638
5819,781.9,166598.015
5820,782.0,137335.467
5821,782.1,111929.607
5822,782.2,90170.0
5823,782.3,71819.752
5824,782.4,56553.315
5825,782.5,44024.385
5826,782.6,33879.473
5827,782.7,25780.516
5828,782.8,19390.0
5829,782.9,14416.359
5830,783.0,10601.574
5831,783.1,7704.98
5832,783.2,5536.18
5833,783.3,3933.558
5834,783.4,2762.075
5835,783.5,1917.88
5836,783.6,1316.892
5837,783.7,893.374
5838,783.8,599.519
5839,783.9,397.6
5840,784.0,260.767
5841,784.1,168.992
5842,784.2,108.327
5843,784.3,68.653
5844,784.4,43.001
5845,784.5,26.628
5846,784.6,16.303
5847,784.7,9.868
5848,784.8,5.906
5849,784.9,3.494
5850,785.0,2.044
5851,785.1,1.182
5852,785.2,0.676
5853,785.3,0.382
5854,785.4,0.213
5855,785.5,0.118
5856,785.6,0.064
5857,785.7,0.035
5858,785.8,0.019
5859,785.9,0.01
5860,786.0,0.005
5861,786.1,0.003
5862,786.2,0.001
5863,786.3,0.001
5864,786.4,0.0
5865,786.5,0.0
5866,786.6,0.0
5867,786.7,0.0
5868,786.8,0.0
5869,786.9,0.0
5870,787.0,0.0
5871,787.1,0.0
5872,787.2,0.0
5873,787.3,0.0
5874,787.4,0.0
5875,787.5,0.0
5876,787.6,0.0
5877,787.7,0.0
5878,787.8,0.0
5879,787.9,0.0
5880,788.0,0.0
5881,788.1,0.0
5882,788.2,0.0
5883,788.3,0.0
5884,788.4,0.0
5885,788.5,0.0
5886,788.6,0.0
5887,788.7,0.0
5888,788.8,0.0
5889,788.9,0.0
5890,789.0,0.0
5891,789.1,0.0
5892,789.2,0.0
5893,789.3,0.0
5894,789.4,0.0
5895,789.5,0.0
5896,789.6,0.0
5897,789.7,0.0
5898,789.8,0.0
5899,789.9,0.0
5900,790.0,0.0
5901,790.1,0.0
5902,790.2,0.0
5903,790.3,0.0
5904,790.4,0.0
5905,790.5,0.0
5906,790.6,0.0
5907,790.7,0.0
5908,790.8,0.0
5909,790.9,0.0
5910,791.0,0.0
5911,791.1,0.0
5912,791.2,0.0
5913,791.3,0.0
5914,791.4,0.0
5915,791.5,0.0
5916,791.6,0.0
5917,791.7,0.0
5918,791.8,0.0
5919,791.9,0.0
5920,792.0,0.0
5921,792.1,0.0
5922,792.2,0.0
5923,792.3,0.0
5924,792.4,0.0
5925,792.5,0.0
5926,792.6,0.0
5927,792.7,0.0
5928,792.8,0.0
5929,792.9,0.0
5930,793.0,0.0
5931,793.1,0.0
5932,793.2,0.0
5933,793.3,0.0
5934,793.4,0.0
5935,793.5,0.0
5936,793.6,0.0
5937,793.7,0.0
5938,793.8,0.0
5939,793.9,0.0
5940,794.0,0.0
5941,794.1,0.0
5942,794.2,0.0
5943,794.3,0.0
5944,794.4,0.0
5945,794.5,0.0
5946,794.6,0.0
5947,794.7,0.0
5948,794.8,0.0
5949,794.9,0.0
5950,795.0,0.0
5951,795.1,0.0
5952,795.2,0.0
5953,795.3,0.0
5954,795.4,0.0
5955,795.5,0.0
5956,795.6,0.0
5957,795.7,0.0
5958,795.8,0.0
5959,795.9,0.0
5960,796.0,0.0
5961,796.1,0.0
5962,796.2,0.0
5963,796.3,0.0
5964,796.4,0.0
5965,796.5,0.0
5966,796.6,0.0
5967,796.7,0.0
5968,796.8,0.0
5969,796.9,0.0
5970,797.0,0.0
5971,797.1,0.0
5972,797.2,0.0
5973,797.3,0.0
5974,797.4,0.0
5975,797.5,0.0
5976,797.6,0.0
5977,797.7,0.0
5978,797.8,0.0
5979,797.9,0.0
5980,798.0,0.0
5981,798.1,0.0
5982,798.2,0.0
5983,798.3,0.0
5984,798.4,0.0
5985,798.5,0.0
5986,798.6,0.0
5987,798.7,0.0
5988,798.8,0.0
5989,798.9,0.0
5990,799.0,0.0
5991,799.1,0.0
5992,799.2,0.0
5993,799.3,0.0
5994,799.4,0.0
5995,799.5,0.0
5996,799.6,0.0
5997,799.7,0.0
5998,799.8,0.0
5999,799.9,0.0
6000,800.0,0.0
6001,800.1,0.0
6002,800.2,0.0
6003,800.3,0.0
6004,800.4,0.0
6005,800.5,0.0
6006,800.6,0.0
6007,800.7,0.0
6008,800.8,0.0
6009,800.9,0.0
6010,801.0,0.0
6011,801.1,0.0
6012,801.2,0.0
6013,801.3,0.0
6014,801.4,0.0
6015,801.5,0.0
6016,801.6,0.0
6017,801.7,0.0
6018,801.8,0.0
6019,801.9,0.0
6020,802.0,0.0
6021,802.1,0.0
6022,802.2,0.0
6023,802.3,0.0
6024,802.4,0.0
6025,802.5,0.0
6026,802.6,0.0
6027,802.7,0.0
6028,802.8,0.0
6029,802.9,0.0
6030,803.0,0.0
6031,803.1,0.0
6032,803.2,0.0
6033,803.3,0.0
6034,803.4,0.0
6035,803.5,0.0
6036,803.6,0.0
6037,803.7,0.0
6038,803.8,0.0
6039,803.9,0.0
6040,804.0,0.0
6041,804.1,0.0
6042,804.2,0.0
6043,804.3,0.0
6044,804.4,0.0
6045,804.5,0.0
6046,804.6,0.0
6047,804.7,0.0
6048,804.8,0.0
6049,804.9,0.0
6050,805.0,0.0
6051,805.1,0.0
6052,805.2,0.0
6053,805.3,0.0
6054,805.4,0.0
6055,805.5,0.0
6056,805.6,0.0
6057,805.7,0.0
6058,805.8,0.0
6059,805.9,0.0
6060,806.0,0.0
6061,806.1,0.0
6062,806.2,0.0
6063,806.3,0.0
6064,806.4,0.0
6065,806.5,0.0
6066,806.6,0.0
6067,806.7,0.0
6068,806.8,0.0
6069,806.9,0.0
6070,807.0,0.0
6071,807.1,0.0
6072,807.2,0.0
6073,807.3,0.0
6074,807.4,0.0
6075,807.5,0.0
6076,807.6,0.0
6077,807.7,0.0
6078,807.8,0.0
6079,807.9,0.0
6080,808.0,0.0
6081,808.1,0.0
6082,808.2,0.0
6083,808.3,0.0
6084,808.4,0.0
6085,808.5,0.0
6086,808.6,0.0
6087,808.7,0.0
6088,808.8,0.0
6089,808.9,0.0
6090,809.0,0.0
6091,809.1,0.0
6092,809.2,0.0
6093,809.3,0.0
6094,809.4,0.0
6095,809.5,0.0
6096,809.6,0.0
6097,809.7,0.0
6098,809.8,0.0
6099,809.9,0.0
6100,810.0,0.0
6101,810.1,0.0
6102,810.2,0.0
6103,810.3,0.0
6104,810.4,0.0
6105,810.5,0.0
6106,810.6,0.0
6107,810.7,0.0
6108,810.8,0.0
6109,810.9,0.0
6110,811.0,0.0
6111,811.1,0.0
6112,811.2,0.0
6113,811.3,0.0
6114,811.4,0.0
6115,811.5,0.0
6116,811.6,0.0
6117,811.7,0.0
6118,811.8,0.0
6119,811.9,0.0
6120,812.0,0.0
6121,812.1,0.0
6122,812.2,0.0
6123,812.3,0.0
6124,812.4,0.0
6125,812.5,0.0
6126,812.6,0.0
6127,812.7,0.0
6128,812.8,0.0
6129,812.9,0.0
6130,813.0,0.0
6131,813.1,0.0
6132,813.2,0.0
6133,813.3,0.0
6134,813.4,0.0
6135,813.5,0.0
6136,813.6,0.0
6137,813.7,0.0
6138,813.8,0.0
6139,813.9,0.0
6140,814.0,0.0
6141,814.1,0.0
6142,814.2,0.0
6143,814.3,0.0
6144,814.4,0.0
6145,814.5,0.0
6146,814.6,0.001
6147,814.7,0.002
6148,814.8,0.003
6149,814.9,0.005
6150,815.0,0.009
6151,815.1,0.015
6152,815.2,0.025
6153,815.3,0.043
6154,815.4,0.071
6155,815.5,0.117
6156,815.6,0.192
6157,815.7,0.31
6158,815.8,0.496
6159,815.9,0.786
6160,816.0,1.233
6161,816.1,1.915
6162,816.2,2.941
6163,816.3,4.473
6164,816.4,6.731
6165,816.5,10.021
6166,816.6,14.773
6167,816.7,21.559
6168,816.8,31.122
6169,816.9,44.478
6170,817.0,62.899
6171,817.1,88.036
6172,817.2,122.0
6173,817.3,167.219
6174,817.4,226.939
6175,817.5,304.76
6176,817.6,405.005
6177,817.7,532.794
6178,817.8,693.7
6179,817.9,893.94
6180,818.0,1139.846
6181,818.1,1438.817
6182,818.2,1797.566
6183,818.3,2222.649
6184,818.4,2719.082
6185,818.5,3293.802
6186,818.6,3948.508
6187,818.7,4684.315
6188,818.8,5501.097
6189,818.9,6393.0
6190,819.0,7355.513
6191,819.1,8375.174
6192,819.2,9440.777
6193,819.3,10529.707
6194,819.4,11639.409
6195,819.5,12727.139
6196,819.6,13775.904
6197,819.7,14770.175
6198,819.8,15685.597
6199,819.9,16492.83
6200,820.0,17180.0
6201,820.1,17741.031
6202,820.2,18161.873
6203,820.3,18440.799
6204,820.4,18569.955
6205,820.5,18575.947
6206,820.6,18464.279
6207,820.7,18264.218
6208,820.8,17993.535
6209,820.9,17685.038
6210,821.0,17362.622
6211,821.1,17070.0
6212,821.2,16818.876
6213,821.3,16661.461
6214,821.4,16599.55
6215,821.5,16665.346
6216,821.6,16861.591
6217,821.7,17222.599
6218,821.8,17721.158
6219,821.9,18364.547
6220,822.0,19150.21
6221,822.1,20048.657
6222,822.2,21040.0
6223,822.3,22087.607
6224,822.4,23174.509
6225,822.5,24251.837
6226,822.6,25301.796
6227,822.7,26259.3
6228,822.8,27120.0
6229,822.9,27829.636
6230,823.0,28372.364
6231,823.1,28719.076
6232,823.2,28851.525
6233,823.3,28752.299
6234,823.4,28426.874
6235,823.5,27869.756
6236,823.6,27092.138
6237,823.7,26102.595
6238,823.8,24936.176
6239,823.9,23600.0
6240,824.0,22139.744
6241,824.1,20584.843
6242,824.2,18962.7
6243,824.3,17294.71
6244,824.4,15634.8
6245,824.5,13998.536
6246,824.6,12418.645
6247,824.7,10903.254
6248,824.8,9485.763
6249,824.9,8174.441
6250,825.0,6975.0
6251,825.1,5893.151
6252,825.2,4930.866
6253,825.3,4085.583
6254,825.4,3351.938
6255,825.5,2722.486
6256,825.6,2189.771
6257,825.7,1743.136
6258,825.8,1374.299
6259,825.9,1072.908
6260,826.0,828.99
6261,826.1,634.2
6262,826.2,480.344
6263,826.3,360.203
6264,826.4,267.345
6265,826.5,196.465
6266,826.6,142.957
6267,826.7,102.913
6268,826.8,73.36
6269,826.9,51.768
6270,827.0,36.162
6271,827.1,25.006
6272,827.2,17.12
6273,827.3,11.594
6274,827.4,7.781
6275,827.5,5.165
6276,827.6,3.395
6277,827.7,2.209
6278,827.8,1.422
6279,827.9,0.907
6280,828.0,0.572
6281,828.1,0.357
6282,828.2,0.221
6283,828.3,0.135
6284,828.4,0.082
6285,828.5,0.049
6286,828.6,0.029
6287,828.7,0.017
6288,828.8,0.01
6289,828.9,0.006
6290,829.0,0.003
6291,829.1,0.002
6292,829.2,0.001
6293,829.3,0.001
6294,829.4,0.0
6295,829.5,0.0
6296,829.6,0.0
6297,829.7,0.0
6298,829.8,0.0
6299,829.9,0.0
6300,830.0,0.0
6301,830.1,0.0
6302,830.2,0.0
6303,830.3,0.0
6304,830.4,0.0
6305,830.5,0.0
6306,830.6,0.0
6307,830.7,0.0
6308,830.8,0.0
6309,830.9,0.0
6310,831.0,0.0
6311,831.1,0.0
6312,831.2,0.0
6313,831.3,0.0
6314,831.4,0.0
6315,831.5,0.0
6316,831.6,0.0
6317,831.7,0.0
6318,831.8,0.0
6319,831.9,0.0
6320,832.0,0.0
6321,832.1,0.0
6322,832.2,0.0
6323,832.3,0.0
6324,832.4,0.0
6325,832.5,0.0
6326,832.6,0.0
6327,832.7,0.0
6328,832.8,0.0
6329,832.9,0.0
6330,833.0,0.0
6331,833.1,0.0
6332,833.2,0.0
6333,833.3,0.0
6334,833.4,0.0
6335,833.5,0.0
6336,833.6,0.0
6337,833.7,0.0
6338,833.8,0.0
6339,833.9,0.0
6340,834.0,0.0
6341,834.1,0.0
6342,834.2,0.0
6343,834.3,0.0
6344,834.4,0.0
6345,834.5,0.0
6346,834.6,0.0
6347,834.7,0.0
6348,834.8,0.0
6349,834.9,0.0
6350,835.0,0.0
6351,835.1,0.0
6352,835.2,0.0
6353,835.3,0.0
6354,835.4,0.0
6355,835.5,0.0
6356,835.6,0.0
6357,835.7,0.0
6358,835.8,0.0
6359,835.9,0.0
6360,836.0,0.0
6361,836.1,0.0
6362,836.2,0.0
6363,836.3,0.0
6364,836.4,0.0
6365,836.5,0.0
6366,836.6,0.0
6367,836.7,0.0
6368,836.8,0.0
6369,836.9,0.0
6370,837.0,0.0
6371,837.1,0.0
6372,837.2,0.0
6373,837.3,0.0
6374,837.4,0.0
6375,837.5,0.0
6376,837.6,0.0
6377,837.7,0.0
6378,837.8,0.0
6379,837.9,0.0
6380,838.0,0.0
6381,838.1,0.0
6382,838.2,0.0
6383,838.3,0.0
6384,838.4,0.0
6385,838.5,0.0
6386,838.6,0.0
6387,838.7,0.0
6388,838.8,0.0
6389,838.9,0.0
6390,839.0,0.001
6391,839.1,0.001
6392,839.2,0.002
6393,839.3,0.003
6394,839.4,0.006
6395,839.5,0.01
6396,839.6,0.018
6397,839.7,0.03
6398,839.8,0.051
6399,839.9,0.085
6400,840.0,0.14
6401,840.1,0.229
6402,840.2,0.37
6403,840.3,0.593
6404,840.4,0.94
6405,840.5,1.477
6406,840.6,2.297
6407,840.7,3.538
6408,840.8,5.395
6409,840.9,8.15
6410,841.0,12.192
6411,841.1,18.06
6412,841.2,26.484
6413,841.3,38.471
6414,841.4,55.349
6415,841.5,78.842
6416,841.6,111.262
6417,841.7,155.436
6418,841.8,214.958
6419,841.9,294.55
6420,842.0,399.619
6421,842.1,536.978
6422,842.2,714.5
6423,842.3,941.566
6424,842.4,1229.226
6425,842.5,1587.599
6426,842.6,2031.943
6427,842.7,2574.709
6428,842.8,3232.0
6429,842.9,4015.745
6430,843.0,4943.002
6431,843.1,6024.702
6432,843.2,7271.85
6433,843.3,8692.359
6434,843.4,10287.385
6435,843.5,12061.993
6436,843.6,14002.994
6437,843.7,16094.184
6438,843.8,18320.789
6439,843.9,20660.0
6440,844.0,23064.527
6441,844.1,25503.221
6442,844.2,27921.067
6443,844.3,30271.484
6444,844.4,32505.225
6445,844.5,34566.374
6446,844.6,36396.368
6447,844.7,37958.379
6448,844.8,39195.894
6449,844.9,40086.054
6450,845.0,40600.0
6451,845.1,40722.49
6452,845.2,40445.312
6453,845.3,39779.981
6454,845.4,38748.559
6455,845.5,37374.09
6456,845.6,35711.385
6457,845.7,33786.411
6458,845.8,31660.464
6459,845.9,29384.768
6460,846.0,27017.893
6461,846.1,24620.0
6462,846.2,22223.186
6463,846.3,19901.338
6464,846.4,17674.172
6465,846.5,15583.217
6466,846.6,13679.668
6467,846.7,11968.504
6468,846.8,10480.391
6469,846.9,9226.47
6470,847.0,8224.577
6471,847.1,7482.443
6472,847.2,7008.0
6473,847.3,6808.538
6474,847.4,6889.104
6475,847.5,7256.695
6476,847.6,7915.684
6477,847.7,8870.374
6478,847.8,10120.0
6479,847.9,11675.568
6480,848.0,13522.212
6481,848.1,15654.901
6482,848.2,18068.08
6483,848.3,20721.661
6484,848.4,23608.75
6485,848.5,26688.274
6486,848.6,29902.023
6487,848.7,33211.764
6488,848.8,36537.554
6489,848.9,39840.0
6490,849.0,43013.643
6491,849.1,46015.92
6492,849.2,48748.016
6493,849.3,51144.385
6494,849.4,53162.757
6495,849.5,54713.839
6496,849.6,55782.065
6497,849.7,56322.589
6498,849.8,56317.289
6499,849.9,55780.959
6500,850.0,54710.0
6501,850.1,53151.57
6502,850.2,51140.187
6503,850.3,48736.322
6504,850.4,45994.006
6505,850.5,42991.072
6506,850.6,39804.359
6507,850.7,36491.538
6508,850.8,33139.998
6509,850.9,29808.911
6510,851.0,26547.851
6511,851.1,23420.0
6512,851.2,20462.762
6513,851.3,17705.972
6514,851.4,15176.291
6515,851.5,12881.12
6516,851.6,10831.766
6517,851.7,9017.2
6518,851.8,7436.645
6519,851.9,6073.071
6520,852.0,4913.283
6521,852.1,3936.916
6522,852.2,3125.0
6523,852.3,2457.216
6524,852.4,1915.483
6525,852.5,1481.263
6526,852.6,1137.679
6527,852.7,870.585
6528,852.8,667.2
6529,852.9,517.005
6530,853.0,411.855
6531,853.1,345.452
6532,853.2,313.853
6533,853.3,315.088
6534,853.4,349.263
6535,853.5,418.897
6536,853.6,528.145
6537,853.7,683.838
6538,853.8,894.887
6539,853.9,1172.0
6540,854.0,1530.798
6541,854.1,1983.945
6542,854.2,2551.358
6543,854.3,3253.611
6544,854.4,4110.946
6545,854.5,5145.169
6546,854.6,6381.107
6547,854.7,7837.821
6548,854.8,9540.028
6549,854.9,11496.071
6550,855.0,13730.0
6551,855.1,16234.177
6552,855.2,19025.718
6553,855.3,22077.834
6554,855.4,25382.051
6555,855.5,28897.841
6556,855.6,32596.463
6557,855.7,36424.237
6558,855.8,40317.138
6559,855.9,44196.779
6560,856.0,47996.555
6561,856.1,51640.0
6562,856.2,55024.58
6563,856.3,58076.395
6564,856.4,60729.338
6565,856.5,62894.214
6566,856.6,64527.594
6567,856.7,65577.825
6568,856.8,66017.97
6569,856.9,65828.637
6570,857.0,65019.599
6571,857.1,63618.372
6572,857.2,61660.0
6573,857.3,59192.22
6574,857.4,56287.833
6575,857.5,53028.448
6576,857.6,49478.465
6577,857.7,45732.193
6578,857.8,41870.0
6579,857.9,37982.293
6580,858.0,34117.797
6581,858.1,30358.779
6582,858.2,26766.434
6583,858.3,23366.95
6584,858.4,20216.284
6585,858.5,17317.898
6586,858.6,14697.367
6587,858.7,12358.902
6588,858.8,10291.957
6589,858.9,8488.0
6590,859.0,6935.627
6591,859.1,5613.225
6592,859.2,4500.565
6593,859.3,3573.912
6594,859.4,2812.09
6595,859.5,2190.737
6596,859.6,1691.642
6597,859.7,1292.945
6598,859.8,979.634
6599,859.9,734.818
6600,860.0,546.1
6601,860.1,402.066
6602,860.2,293.165
6603,860.3,211.77
6604,860.4,151.467
6605,860.5,107.384
6606,860.6,75.391
6607,860.7,52.438
6608,860.8,36.12
6609,860.9,24.648
6610,861.0,16.664
6611,861.1,11.15
6612,861.2,7.399
6613,861.3,4.86
6614,861.4,3.163
6615,861.5,2.039
6616,861.6,1.302
6617,861.7,0.824
6618,861.8,0.516
6619,861.9,0.32
6620,862.0,0.197
6621,862.1,0.12
6622,862.2,0.073
6623,862.3,0.044
6624,862.4,0.027
6625,862.5,0.017
6626,862.6,0.012
6627,862.7,0.01
6628,862.8,0.012
6629,862.9,0.017
6630,863.0,0.027
6631,863.1,0.044
6632,863.2,0.073
6633,863.3,0.12
6634,863.4,0.195
6635,863.5,0.314
6636,863.6,0.502
6637,863.7,0.796
6638,863.8,1.251
6639,863.9,1.947
6640,864.0,3.006
6641,864.1,4.599
6642,864.2,6.974
6643,864.3,10.481
6644,864.4,15.631
6645,864.5,23.095
6646,864.6,33.838
6647,864.7,49.155
6648,864.8,70.816
6649,864.9,101.134
6650,865.0,143.3
6651,865.1,201.433
6652,865.2,280.833
6653,865.3,388.388
6654,865.4,532.932
6655,865.5,725.477
6656,865.6,980.202
6657,865.7,1314.227
6658,865.8,1749.815
6659,865.9,2311.269
6660,866.0,3031.672
6661,866.1,3948.0
6662,866.2,5106.073
6663,866.3,6558.179
6664,866.4,8365.523
6665,866.5,10603.422
6666,866.6,13344.904
6667,866.7,16684.093
6668,866.8,20730.466
6669,866.9,25588.375
6670,867.0,31380.816
6671,867.1,38238.536
6672,867.2,46300.0
6673,867.3,55704.009
6674,867.4,66574.44
6675,867.5,79048.457
6676,867.6,93234.778
6677,867.7,109291.619
6678,867.8,127200.0
6679,867.9,147011.687
6680,868.0,168717.81
6681,868.1,192344.714
6682,868.2,217733.59
6683,868.3,244631.373
6684,868.4,272868.349
6685,868.5,302070.126
6686,868.6,332002.144
6687,868.7,361949.142
6688,868.8,391662.635
6689,868.9,420500.0
6690,869.0,447822.76
6691,869.1,473157.118
6692,869.2,495934.582
6693,869.3,515582.909
6694,869.4,531701.678
6695,869.5,543829.252
6696,869.6,551700.695
6697,869.7,555001.208
6698,869.8,553837.134
6699,869.9,548176.33
6700,870.0,538000.0
6701,870.1,523865.152
6702,870.2,505942.009
6703,870.3,484745.72
6704,870.4,460868.047
6705,870.5,434712.051
6706,870.6,406960.661
6707,870.7,378091.439
6708,870.8,348862.639
6709,870.9,319662.714
6710,871.0,290960.493
6711,871.1,263100.0
6712,871.2,236612.742
6713,871.3,211545.314
6714,871.4,188159.636
6715,871.5,166533.111
6716,871.6,146770.8
6717,871.7,128895.131
6718,871.8,112825.733
6719,871.9,98433.229
6720,872.0,85622.221
6721,872.1,74315.58
6722,872.2,64350.0
6723,872.3,55596.334
6724,872.4,47937.903
6725,872.5,41241.355
6726,872.6,35402.03
6727,872.7,30310.964
6728,872.8,25890.0
6729,872.9,22057.517
6730,873.0,18747.687
6731,873.1,15905.453
6732,873.2,13486.05
6733,873.3,11461.965
6734,873.4,9798.229
6735,873.5,8478.774
6736,873.6,7496.113
6737,873.7,6850.067
6738,873.8,6550.121
6739,873.9,6620.0
6740,874.0,7090.388
6741,874.1,8007.819
6742,874.2,9433.884
6743,874.3,11425.014
6744,874.4,14093.256
6745,874.5,17509.102
6746,874.6,21803.282
6747,874.7,27073.688
6748,874.8,33465.967
6749,874.9,41087.454
6750,875.0,50070.0
6751,875.1,60522.038
6752,875.2,72532.339
6753,875.3,86183.674
6754,875.4,101449.225
6755,875.5,118408.094
6756,875.6,137023.839
6757,875.7,157017.613
6758,875.8,178387.254
6759,875.9,200883.162
6760,876.0,224093.717
6761,876.1,247800.0
6762,876.2,271462.261
6763,876.3,294829.125
6764,876.4,317210.233
6765,876.5,338215.862
6766,876.6,357493.211
6767,876.7,374367.679
6768,876.8,388487.821
6769,876.9,399526.456
6770,877.0,407197.713
6771,877.1,411235.797
6772,877.2,411600.0
6773,877.3,408302.997
6774,877.4,401338.826
6775,877.5,390951.484
6776,877.6,377423.444
6777,877.7,361076.659
6778,877.8,342300.0
6779,877.9,321622.244
6780,878.0,299433.339
6781,878.1,276398.972
6782,878.2,252751.224
6783,878.3,229143.532
6784,878.4,205905.533
6785,878.5,183471.028
6786,878.6,162087.128
6787,878.7,142096.74
6788,878.8,123649.045
6789,878.9,107000.0
6790,879.0,92042.337
6791,879.1,79037.324
6792,879.2,67916.118
6793,879.3,58697.023
6794,879.4,51353.2
6795,879.5,45840.623
6796,879.6,42128.269
6797,879.7,40160.509
6798,879.8,39900.312
6799,879.9,41317.658
6800,880.0,44380.0
6801,880.1,49052.791
6802,880.2,55310.565
6803,880.3,63113.368
6804,880.4,72423.135
6805,880.5,83169.507
6806,880.6,95282.253
6807,880.7,108661.903
6808,880.8,123110.655
6809,880.9,138460.001
6810,881.0,154511.846
6811,881.1,171100.0
6812,881.2,187768.627
6813,881.3,204314.629
6814,881.4,220358.675
6815,881.5,235646.219
6816,881.6,249672.547
6817,881.7,262289.83
6818,881.8,273081.773
6819,881.9,281700.991
6820,882.0,288079.527
6821,882.1,291925.563
6822,882.2,293300.0
6823,882.3,291950.14
6824,882.4,288055.076
6825,882.5,281682.702
6826,882.6,273024.827
6827,882.7,262277.785
6828,882.8,249700.0
6829,882.9,235576.378
6830,883.0,220307.229
6831,883.1,204112.851
6832,883.2,187546.112
6833,883.3,170683.71
6834,883.4,154052.972
6835,883.5,137740.567
6836,883.6,122031.22
6837,883.7,107177.055
6838,883.8,93335.023
6839,883.9,80530.0
6840,884.0,68869.658
6841,884.1,58361.657
6842,884.2,49026.51
6843,884.3,40813.237
6844,884.4,33667.134
6845,884.5,27539.238
6846,884.6,22315.429
6847,884.7,17926.568
6848,884.8,14266.477
6849,884.9,11261.511
6850,885.0,8807.0
6851,885.1,6826.242
6852,885.2,5245.466
6853,885.3,3995.101
6854,885.4,3016.673
6855,885.5,2258.468
6856,885.6,1676.64
6857,885.7,1234.113
6858,885.8,901.68
6859,885.9,654.54
6860,886.0,471.934
6861,886.1,338.8
6862,886.2,242.542
6863,886.3,173.621
6864,886.4,124.796
6865,886.5,90.487
6866,886.6,66.616
6867,886.7,50.134
6868,886.8,38.801
6869,886.9,31.025
6870,887.0,25.659
6871,887.1,21.9
6872,887.2,19.2
6873,887.3,17.169
6874,887.4,15.561
6875,887.5,14.213
6876,887.6,13.018
6877,887.7,11.917
6878,887.8,10.87
6879,887.9,9.862
6880,888.0,8.897
6881,888.1,7.967
6882,888.2,7.079
6883,888.3,6.239
6884,888.4,5.453
6885,888.5,4.726
6886,888.6,4.06
6887,888.7,3.458
6888,888.8,2.919
6889,888.9,2.444
6890,889.0,2.027
6891,889.1,1.667
6892,889.2,1.359
6893,889.3,1.098
6894,889.4,0.879
6895,889.5,0.698
6896,889.6,0.549
6897,889.7,0.428
6898,889.8,0.331
6899,889.9,0.253
6900,890.0,0.192
6901,890.1,0.145
6902,890.2,0.108
6903,890.3,0.08
6904,890.4,0.059
6905,890.5,0.043
6906,890.6,0.031
6907,890.7,0.022
6908,890.8,0.015
6909,890.9,0.011
6910,891.0,0.008
6911,891.1,0.005
6912,891.2,0.004
6913,891.3,0.002
6914,891.4,0.002
6915,891.5,0.001
6916,891.6,0.001
6917,891.7,0.0
6918,891.8,0.0
6919,891.9,0.0
6920,892.0,0.0
6921,892.1,0.0
6922,892.2,0.0
6923,892.3,0.0
6924,892.4,0.0
6925,892.5,0.0
6926,892.6,0.0
6927,892.7,0.0
6928,892.8,0.0
6929,892.9,0.0
6930,893.0,0.0
6931,893.1,0.0
6932,893.2,0.0
6933,893.3,0.0
6934,893.4,0.0
6935,893.5,0.0
6936,893.6,0.0
6937,893.7,0.0
6938,893.8,0.0
6939,893.9,0.0
6940,894.0,0.0
6941,894.1,0.0
6942,894.2,0.0
6943,894.3,0.0
6944,894.4,0.0
6945,894.5,0.0
6946,894.6,0.0
6947,894.7,0.0
6948,894.8,0.0
6949,894.9,0.0
6950,895.0,0.0
6951,895.1,0.0
6952,895.2,0.0
6953,895.3,0.0
6954,895.4,0.0
6955,895.5,0.0
6956,895.6,0.0
6957,895.7,0.0
6958,895.8,0.0
6959,895.9,0.0
6960,896.0,0.0
6961,896.1,0.0
6962,896.2,0.0
6963,896.3,0.0
6964,896.4,0.0
6965,896.5,0.0
6966,896.6,0.0
6967,896.7,0.0
6968,896.8,0.0
6969,896.9,0.0
6970,897.0,0.0
6971,897.1,0.0
6972,897.2,0.0
6973,897.3,0.0
6974,897.4,0.0
6975,897.5,0.0
6976,897.6,0.0
6977,897.7,0.0
6978,897.8,0.0
6979,897.9,0.0
6980,898.0,0.0
6981,898.1,0.0
6982,898.2,0.0
6983,898.3,0.0
6984,898.4,0.0
6985,898.5,0.0
6986,898.6,0.0
6987,898.7,0.0
6988,898.8,0.0
6989,898.9,0.0
6990,899.0,0.0
6991,899.1,0.0
6992,899.2,0.0
6993,899.3,0.0
6994,899.4,0.0
6995,899.5,0.0
6996,899.6,0.0
6997,899.7,0.0
6998,899.8,0.0
6999,899.9,0.0
7000,900.0,0.0
7001,900.1,0.0
7002,900.2,0.0
7003,900.3,0.0
7004,900.4,0.0
7005,900.5,0.0
7006,900.6,0.0
7007,900.7,0.0
7008,900.8,0.0
7009,900.9,0.0
7010,901.0,0.0
7011,901.1,0.0
7012,901.2,0.0
7013,901.3,0.0
7014,901.4,0.0
7015,901.5,0.0
7016,901.6,0.0
7017,901.7,0.0
7018,901.8,0.0
7019,901.9,0.0
7020,902.0,0.0
7021,902.1,0.0
7022,902.2,0.0
7023,902.3,0.0
7024,902.4,0.0
7025,902.5,0.0
7026,902.6,0.0
7027,902.7,0.0
7028,902.8,0.0
7029,902.9,0.0
7030,903.0,0.0
7031,903.1,0.0
7032,903.2,0.0
7033,903.3,0.0
7034,903.4,0.0
7035,903.5,0.0
7036,903.6,0.0
7037,903.7,0.0
7038,903.8,0.0
7039,903.9,0.0
7040,904.0,0.0
7041,904.1,0.0
7042,904.2,0.0
7043,904.3,0.0
7044,904.4,0.0
7045,904.5,0.0
7046,904.6,0.0
7047,904.7,0.0
7048,904.8,0.0
7049,904.9,0.0
7050,905.0,0.0
7051,905.1,0.0
7052,905.2,0.0
7053,905.3,0.0
7054,905.4,0.0
7055,905.5,0.0
7056,905.6,0.0
7057,905.7,0.0
7058,905.8,0.0
7059,905.9,0.0
7060,906.0,0.0
7061,906.1,0.0
7062,906.2,0.0
7063,906.3,0.0
7064,906.4,0.0
7065,906.5,0.0
7066,906.6,0.0
7067,906.7,0.0
7068,906.8,0.0
7069,906.9,0.0
7070,907.0,0.0
7071,907.1,0.0
7072,907.2,0.0
7073,907.3,0.0
7074,907.4,0.0
7075,907.5,0.0
7076,907.6,0.0
7077,907.7,0.0
7078,907.8,0.0
7079,907.9,0.0
7080,908.0,0.0
7081,908.1,0.0
7082,908.2,0.0
7083,908.3,0.0
7084,908.4,0.0
7085,908.5,0.0
7086,908.6,0.0
7087,908.7,0.0
7088,908.8,0.0
7089,908.9,0.0
7090,909.0,0.0
7091,909.1,0.0
7092,909.2,0.0
7093,909.3,0.0
7094,909.4,0.0
7095,909.5,0.0
7096,909.6,0.0
7097,909.7,0.0
7098,909.8,0.0
7099,909.9,0.0
7100,910.0,0.0
7101,910.1,0.0
7102,910.2,0.0
7103,910.3,0.0
7104,910.4,0.0
7105,910.5,0.0
7106,910.6,0.0
7107,910.7,0.0
7108,910.8,0.0
7109,910.9,0.0
7110,911.0,0.0
7111,911.1,0.0
7112,911.2,0.0
7113,911.3,0.0
7114,911.4,0.0
7115,911.5,0.0
7116,911.6,0.0
7117,911.7,0.0
7118,911.8,0.0
7119,911.9,0.0
7120,912.0,0.0
7121,912.1,0.0
7122,912.2,0.0
7123,912.3,0.0
7124,912.4,0.0
7125,912.5,0.0
7126,912.6,0.0
7127,912.7,0.0
7128,912.8,0.0
7129,912.9,0.0
7130,913.0,0.0
7131,913.1,0.0
7132,913.2,0.0
7133,913.3,0.0
7134,913.4,0.0
7135,913.5,0.0
7136,913.6,0.0
7137,913.7,0.0
7138,913.8,0.0
7139,913.9,0.0
7140,914.0,0.0
7141,914.1,0.0
7142,914.2,0.0
7143,914.3,0.0
7144,914.4,0.0
7145,914.5,0.0
7146,914.6,0.0
7147,914.7,0.0
7148,914.8,0.0
7149,914.9,0.0
7150,915.0,0.0
7151,915.1,0.0
7152,915.2,0.0
7153,915.3,0.0
7154,915.4,0.0
7155,915.5,0.0
7156,915.6,0.0
7157,915.7,0.0
7158,915.8,0.0
7159,915.9,0.0
7160,916.0,0.0
7161,916.1,0.0
7162,916.2,0.0
7163,916.3,0.0
7164,916.4,0.0
7165,916.5,0.0
7166,916.6,0.0
7167,916.7,0.0
7168,916.8,0.0
7169,916.9,0.0
7170,917.0,0.0
7171,917.1,0.0
7172,917.2,0.0
7173,917.3,0.0
7174,917.4,0.0
7175,917.5,0.0
7176,917.6,0.0
7177,917.7,0.0
7178,917.8,0.0
7179,917.9,0.0
7180,918.0,0.0
7181,918.1,0.0
7182,918.2,0.0
7183,918.3,0.0
7184,918.4,0.0
7185,918.5,0.0
7186,918.6,0.0
7187,918.7,0.0
7188,918.8,0.0
7189,918.9,0.0
7190,919.0,0.0
7191,919.1,0.0
7192,919.2,0.0
7193,919.3,0.0
7194,919.4,0.0
7195,919.5,0.0
7196,919.6,0.0
7197,919.7,0.0
7198,919.8,0.0
7199,919.9,0.0
7200,920.0,0.0
7201,920.1,0.0
7202,920.2,0.0
7203,920.3,0.0
7204,920.4,0.0
7205,920.5,0.0
7206,920.6,0.0
7207,920.7,0.0
7208,920.8,0.0
7209,920.9,0.0
7210,921.0,0.0
7211,921.1,0.0
7212,921.2,0.0
7213,921.3,0.0
7214,921.4,0.0
7215,921.5,0.0
7216,921.6,0.0
7217,921.7,0.0
7218,921.8,0.0
7219,921.9,0.0
7220,922.0,0.0
7221,922.1,0.0
7222,922.2,0.0
7223,922.3,0.0
7224,922.4,0.0
7225,922.5,0.0
7226,922.6,0.0
7227,922.7,0.0
7228,922.8,0.0
7229,922.9,0.0
7230,923.0,0.0
7231,923.1,0.0
7232,923.2,0.0
7233,923.3,0.0
7234,923.4,0.0
7235,923.5,0.0
7236,923.6,0.0
7237,923.7,0.0
7238,923.8,0.0
7239,923.9,0.0
7240,924.0,0.0
7241,924.1,0.0
7242,924.2,0.0
7243,924.3,0.0
7244,924.4,0.0
7245,924.5,0.0
7246,924.6,0.0
7247,924.7,0.0
7248,924.8,0.0
7249,924.9,0.0
7250,925.0,0.0
7251,925.1,0.0
7252,925.2,0.0
7253,925.3,0.0
7254,925.4,0.0
7255,925.5,0.0
7256,925.6,0.0
7257,925.7,0.0
7258,925.8,0.0
7259,925.9,0.0
7260,926.0,0.0
7261,926.1,0.0
7262,926.2,0.0
7263,926.3,0.0
7264,926.4,0.0
7265,926.5,0.0
7266,926.6,0.0
7267,926.7,0.0
7268,926.8,0.0
7269,926.9,0.0
7270,927.0,0.0
7271,927.1,0.0
7272,927.2,0.0
7273,927.3,0.0
7274,927.4,0.0
7275,927.5,0.0
7276,927.6,0.0
7277,927.7,0.0
7278,927.8,0.0
7279,927.9,0.0
7280,928.0,0.0
7281,928.1,0.0
7282,928.2,0.0
7283,928.3,0.0
7284,928.4,0.0
7285,928.5,0.0
7286,928.6,0.0
7287,928.7,0.0
7288,928.8,0.0
7289,928.9,0.0
7290,929.0,0.0
7291,929.1,0.0
7292,929.2,0.0
7293,929.3,0.0
7294,929.4,0.0
7295,929.5,0.0
7296,929.6,0.0
7297,929.7,0.0
7298,929.8,0.0
7299,929.9,0.0
7300,930.0,0.0
7301,930.1,0.0
7302,930.2,0.0
7303,930.3,0.0
7304,930.4,0.0
7305,930.5,0.0
7306,930.6,0.0
7307,930.7,0.0
7308,930.8,0.0
7309,930.9,0.0
7310,931.0,0.0
7311,931.1,0.0
7312,931.2,0.0
7313,931.3,0.0
7314,931.4,0.0
7315,931.5,0.0
7316,931.6,0.0
7317,931.7,0.0
7318,931.8,0.0
7319,931.9,0.0
7320,932.0,0.0
7321,932.1,0.0
7322,932.2,0.0
7323,932.3,0.0
7324,932.4,0.0
7325,932.5,0.0
7326,932.6,0.0
7327,932.7,0.0
7328,932.8,0.0
7329,932.9,0.0
7330,933.0,0.0
7331,933.1,0.0
7332,933.2,0.0
7333,933.3,0.0
7334,933.4,0.0
7335,933.5,0.0
7336,933.6,0.0
7337,933.7,0.0
7338,933.8,0.0
7339,933.9,0.0
7340,934.0,0.0
7341,934.1,0.0
7342,934.2,0.0
7343,934.3,0.0
7344,934.4,0.0
7345,934.5,0.0
7346,934.6,0.0
7347,934.7,0.0
7348,934.8,0.0
7349,934.9,0.0
7350,935.0,0.0
7351,935.1,0.0
7352,935.2,0.0
7353,935.3,0.0
7354,935.4,0.0
7355,935.5,0.0
7356,935.6,0.0
7357,935.7,0.0
7358,935.8,0.0
7359,935.9,0.0
7360,936.0,0.0
7361,936.1,0.0
7362,936.2,0.0
7363,936.3,0.0
7364,936.4,0.0
7365,936.5,0.0
7366,936.6,0.0
7367,936.7,0.0
7368,936.8,0.0
7369,936.9,0.0
7370,937.0,0.0
7371,937.1,0.0
7372,937.2,0.0
7373,937.3,0.0
7374,937.4,0.0
7375,937.5,0.0
7376,937.6,0.001
7377,937.7,0.001
7378,937.8,0.002
7379,937.9,0.003
7380,938.0,0.005
7381,938.1,0.008
7382,938.2,0.013
7383,938.3,0.022
7384,938.4,0.035
7385,938.5,0.057
7386,938.6,0.091
7387,938.7,0.145
7388,938.8,0.23
7389,938.9,0.36
7390,939.0,0.56
7391,939.1,0.864
7392,939.2,1.323
7393,939.3,2.01
7394,939.4,3.03
7395,939.5,4.532
7396,939.6,6.726
7397,939.7,9.902
7398,939.8,14.469
7399,939.9,20.983
7400,940.0,30.18
7401,940.1,43.075
7402,940.2,61.01
7403,940.3,85.739
7404,940.4,119.504
7405,940.5,165.414
7406,940.6,226.999
7407,940.7,309.266
7408,940.8,417.996
7409,940.9,560.47
7410,941.0,745.777
7411,941.1,984.7
7412,941.2,1289.89
7413,941.3,1676.88
7414,941.4,2163.557
7415,941.5,2768.688
7416,941.6,3516.509
7417,941.7,4430.793
7418,941.8,5540.829
7419,941.9,6874.774
7420,942.0,8464.729
7421,942.1,10346.941
7422,942.2,12540.0
7423,942.3,15091.725
7424,942.4,18020.256
7425,942.5,21351.056
7426,942.6,25106.4
7427,942.7,29306.297
7428,942.8,33940.0
7429,942.9,39033.246
7430,943.0,44548.096
7431,943.1,50471.441
7432,943.2,56777.394
7433,943.3,63410.754
7434,943.4,70322.742
7435,943.5,77457.38
7436,943.6,84738.362
7437,943.7,92100.26
7438,943.8,99463.039
7439,943.9,106800.0
7440,944.0,113906.858
7441,944.1,120883.194
7442,944.2,127607.637
7443,944.3,134040.791
7444,944.4,140200.045
7445,944.5,146071.291
7446,944.6,151570.853
7447,944.7,156719.806
7448,944.8,161654.96
7449,944.9,166371.552
7450,945.0,171000.0
7451,945.1,175367.854
7452,945.2,179680.309
7453,945.3,183922.445
7454,945.4,188068.084
7455,945.5,192287.292
7456,945.6,196307.145
7457,945.7,200392.757
7458,945.8,204228.717
7459,945.9,207875.651
7460,946.0,211183.901
7461,946.1,214100.0
7462,946.2,216614.187
7463,946.3,218392.21
7464,946.4,219522.984
7465,946.5,219769.851
7466,946.6,219208.079
7467,946.7,217708.404
7468,946.8,215206.4
7469,946.9,211731.449
7470,947.0,207388.447
7471,947.1,202219.092
7472,947.2,196300.0
7473,947.3,189838.91
7474,947.4,182990.488
7475,947.5,175850.193
7476,947.6,168708.58
7477,947.7,161862.767
7478,947.8,155400.0
7479,947.9,149592.434
7480,948.0,144638.025
7481,948.1,140819.483
7482,948.2,138164.854
7483,948.3,136939.893
7484,948.4,137186.175
7485,948.5,138882.374
7486,948.6,142230.707
7487,948.7,147075.69
7488,948.8,153302.243
7489,948.9,160900.0
7490,949.0,169730.891
7491,949.1,179415.754
7492,949.2,189890.191
7493,949.3,200792.071
7494,949.4,211799.148
7495,949.5,222789.993
7496,949.6,233346.954
7497,949.7,243135.449
7498,949.8,251918.312
7499,949.9,259454.973
7500,950.0,265500.0
7501,950.1,269826.727
7502,950.2,272361.792
7503,950.3,272929.07
7504,950.4,271526.945
7505,950.5,268049.645
7506,950.6,262789.099
7507,950.7,255622.417
7508,950.8,246780.853
7509,950.9,236460.527
7510,951.0,224853.51
7511,951.1,212200.0
7512,951.2,198720.425
7513,951.3,184618.863
7514,951.4,170255.436
7515,951.5,155825.235
7516,951.6,141515.507
7517,951.7,127523.043
7518,951.8,114038.025
7519,951.9,101147.316
7520,952.0,89078.19
7521,952.1,77831.076
7522,952.2,67490.0
7523,952.3,58069.874
7524,952.4,49580.748
7525,952.5,42010.226
7526,952.6,35313.531
7527,952.7,29461.007
7528,952.8,24390.0
7529,952.9,20042.584
7530,953.0,16334.984
7531,953.1,13214.578
7532,953.2,10604.417
7533,953.3,8450.373
7534,953.4,6679.648
7535,953.5,5239.677
7536,953.6,4078.977
7537,953.7,3150.334
7538,953.8,2414.398
7539,953.9,1836.0
7540,954.0,1385.917
7541,954.1,1038.025
7542,954.2,771.419
7543,954.3,568.91
7544,954.4,416.366
7545,954.5,302.362
7546,954.6,217.887
7547,954.7,155.79
7548,954.8,110.57
7549,954.9,77.838
7550,955.0,54.39
7551,955.1,37.718
7552,955.2,25.945
7553,955.3,17.719
7554,955.4,12.001
7555,955.5,8.07
7556,955.6,5.383
7557,955.7,3.564
7558,955.8,2.341
7559,955.9,1.527
7560,956.0,0.988
7561,956.1,0.634
7562,956.2,0.404
7563,956.3,0.255
7564,956.4,0.16
7565,956.5,0.1
7566,956.6,0.062
7567,956.7,0.038
7568,956.8,0.023
7569,956.9,0.014
7570,957.0,0.008
7571,957.1,0.005
7572,957.2,0.003
7573,957.3,0.002
7574,957.4,0.001
7575,957.5,0.001
7576,957.6,0.0
7577,957.7,0.0
7578,957.8,0.0
7579,957.9,0.0
7580,958.0,0.0
7581,958.1,0.0
7582,958.2,0.0
7583,958.3,0.0
7584,958.4,0.0
7585,958.5,0.0
7586,958.6,0.0
7587,958.7,0.0
7588,958.8,0.0
7589,958.9,0.0
7590,959.0,0.0
7591,959.1,0.0
7592,959.2,0.0
7593,959.3,0.0
7594,959.4,0.0
7595,959.5,0.0
7596,959.6,0.0
7597,959.7,0.0
7598,959.8,0.0
7599,959.9,0.0
7600,960.0,0.0
7601,960.1,0.0
7602,960.2,0.0
7603,960.3,0.0
7604,960.4,0.0
7605,960.5,0.0
7606,960.6,0.0
7607,960.7,0.0
7608,960.8,0.0
7609,960.9,0.0
7610,961.0,0.0
7611,961.1,0.0
7612,961.2,0.0
7613,961.3,0.0
7614,961.4,0.0
7615,961.5,0.0
7616,961.6,0.0
7617,961.7,0.0
7618,961.8,0.0
7619,961.9,0.0
7620,962.0,0.0
7621,962.1,0.0
7622,962.2,0.0
7623,962.3,0.0
7624,962.4,0.0
7625,962.5,0.0
7626,962.6,0.0
7627,962.7,0.0
7628,962.8,0.0
7629,962.9,0.0
7630,963.0,0.0
7631,963.1,0.0
7632,963.2,0.0
7633,963.3,0.0
7634,963.4,0.0
7635,963.5,0.0
7636,963.6,0.0
7637,963.7,0.0
7638,963.8,0.0
7639,963.9,0.0
7640,964.0,0.0
7641,964.1,0.0
7642,964.2,0.0
7643,964.3,0.0
7644,964.4,0.0
7645,964.5,0.0
7646,964.6,0.0
7647,964.7,0.0
7648,964.8,0.0
7649,964.9,0.0
7650,965.0,0.0
7651,965.1,0.0
7652,965.2,0.0
7653,965.3,0.0
7654,965.4,0.0
7655,965.5,0.0
7656,965.6,0.0
7657,965.7,0.0
7658,965.8,0.0
7659,965.9,0.0
7660,966.0,0.0
7661,966.1,0.0
7662,966.2,0.0
7663,966.3,0.0
7664,966.4,0.0
7665,966.5,0.0
7666,966.6,0.0
7667,966.7,0.0
7668,966.8,0.0
7669,966.9,0.0
7670,967.0,0.0
7671,967.1,0.0
7672,967.2,0.0
7673,967.3,0.0
7674,967.4,0.0
7675,967.5,0.0
7676,967.6,0.0
7677,967.7,0.0
7678,967.8,0.0
7679,967.9,0.0
7680,968.0,0.0
7681,968.1,0.0
7682,968.2,0.0
7683,968.3,0.0
7684,968.4,0.0
7685,968.5,0.0
7686,968.6,0.0
7687,968.7,0.0
7688,968.8,0.0
7689,968.9,0.0
7690,969.0,0.0
7691,969.1,0.0
7692,969.2,0.0
7693,969.3,0.0
7694,969.4,0.0
7695,969.5,0.0
7696,969.6,0.0
7697,969.7,0.0
7698,969.8,0.0
7699,969.9,0.0
7700,970.0,0.0
7701,970.1,0.0
7702,970.2,0.0
7703,970.3,0.0
7704,970.4,0.0
7705,970.5,0.0
7706,970.6,0.0
7707,970.7,0.0
7708,970.8,0.0
7709,970.9,0.0
7710,971.0,0.0
7711,971.1,0.0
7712,971.2,0.0
7713,971.3,0.0
7714,971.4,0.0
7715,971.5,0.0
7716,971.6,0.0
7717,971.7,0.0
7718,971.8,0.0
7719,971.9,0.0
7720,972.0,0.0
7721,972.1,0.0
7722,972.2,0.0
7723,972.3,0.0
7724,972.4,0.0
7725,972.5,0.0
7726,972.6,0.0
7727,972.7,0.0
7728,972.8,0.0
7729,972.9,0.0
7730,973.0,0.0
7731,973.1,0.0
7732,973.2,0.0
7733,973.3,0.0
7734,973.4,0.0
7735,973.5,0.0
7736,973.6,0.0
7737,973.7,0.0
7738,973.8,0.0
7739,973.9,0.0
7740,974.0,0.0
7741,974.1,0.0
7742,974.2,0.0
7743,974.3,0.0
7744,974.4,0.0
7745,974.5,0.0
7746,974.6,0.0
7747,974.7,0.0
7748,974.8,0.0
7749,974.9,0.0
7750,975.0,0.0
7751,975.1,0.0
7752,975.2,0.0
7753,975.3,0.0
7754,975.4,0.0
7755,975.5,0.0
7756,975.6,0.0
7757,975.7,0.0
7758,975.8,0.0
7759,975.9,0.0
7760,976.0,0.0
7761,976.1,0.0
7762,976.2,0.0
7763,976.3,0.0
7764,976.4,0.0
7765,976.5,0.0
7766,976.6,0.0
7767,976.7,0.0
7768,976.8,0.0
7769,976.9,0.0
7770,977.0,0.0
7771,977.1,0.0
7772,977.2,0.0
7773,977.3,0.0
7774,977.4,0.0
7775,977.5,0.0
7776,977.6,0.0
7777,977.7,0.0
7778,977.8,0.0
7779,977.9,0.0
7780,978.0,0.0
7781,978.1,0.0
7782,978.2,0.0
7783,978.3,0.0
7784,978.4,0.0
7785,978.5,0.0
7786,978.6,0.0
7787,978.7,0.0
7788,978.8,0.0
7789,978.9,0.0
7790,979.0,0.0
7791,979.1,0.0
7792,979.2,0.0
7793,979.3,0.0
7794,979.4,0.0
7795,979.5,0.0
7796,979.6,0.0
7797,979.7,0.0
7798,979.8,0.0
7799,979.9,0.0
7800,980.0,0.0
7801,980.1,0.0
7802,980.2,0.0
7803,980.3,0.0
7804,980.4,0.0
7805,980.5,0.0
7806,980.6,0.0
7807,980.7,0.0
7808,980.8,0.0
7809,980.9,0.0
7810,981.0,0.0
7811,981.1,0.0
7812,981.2,0.0
7813,981.3,0.0
7814,981.4,0.0
7815,981.5,0.0
7816,981.6,0.0
7817,981.7,0.0
7818,981.8,0.0
7819,981.9,0.0
7820,982.0,0.0
7821,982.1,0.0
7822,982.2,0.0
7823,982.3,0.0
7824,982.4,0.0
7825,982.5,0.0
7826,982.6,0.0
7827,982.7,0.0
7828,982.8,0.0
7829,982.9,0.0
7830,983.0,0.0
7831,983.1,0.0
7832,983.2,0.0
7833,983.3,0.0
7834,983.4,0.001
7835,983.5,0.001
7836,983.6,0.002
7837,983.7,0.003
7838,983.8,0.004
7839,983.9,0.007
7840,984.0,0.012
7841,984.1,0.019
7842,984.2,0.03
7843,984.3,0.048
7844,984.4,0.076
7845,984.5,0.119
7846,984.6,0.186
7847,984.7,0.287
7848,984.8,0.441
7849,984.9,0.672
7850,985.0,1.018
7851,985.1,1.53
7852,985.2,2.284
7853,985.3,3.387
7854,985.4,4.986
7855,985.5,7.29
7856,985.6,10.584
7857,985.7,15.256
7858,985.8,21.834
7859,985.9,31.044
7860,986.0,43.814
7861,986.1,61.4
7862,986.2,85.469
7863,986.3,118.124
7864,986.4,162.068
7865,986.5,220.844
7866,986.6,298.932
7867,986.7,401.669
7868,986.8,535.941
7869,986.9,710.064
7870,987.0,934.2
7871,987.1,1220.949
7872,987.2,1584.0
7873,987.3,2040.403
7874,987.4,2609.92
7875,987.5,3315.032
7876,987.6,4182.242
7877,987.7,5238.764
7878,987.8,6516.0
7879,987.9,8048.785
7880,988.0,9870.31
7881,988.1,12018.412
7882,988.2,14538.425
7883,988.3,17463.935
7884,988.4,20827.058
7885,988.5,24660.974
7886,988.6,28998.23
7887,988.7,33857.952
7888,988.8,39259.817
7889,988.9,45200.0
7890,989.0,51679.543
7891,989.1,58680.833
7892,989.2,66156.503
7893,989.3,74054.434
7894,989.4,82325.75
7895,989.5,90875.249
7896,989.6,99618.401
7897,989.7,108413.331
7898,989.8,117184.214
7899,989.9,125811.564
7900,990.0,134100.0
7901,990.1,141908.529
7902,990.2,149113.297
7903,990.3,155647.467
7904,990.4,161278.423
7905,990.5,165987.224
7906,990.6,169613.18
7907,990.7,172096.901
7908,990.8,173382.209
7909,990.9,173506.115
7910,991.0,172380.32
7911,991.1,170000.0
7912,991.2,166603.283
7913,991.3,162047.214
7914,991.4,156577.737
7915,991.5,150162.244
7916,991.6,143048.978
7917,991.7,135305.683
7918,991.8,127121.807
7919,991.9,118555.758
7920,992.0,109766.145
7921,992.1,100942.392
7922,992.2,92190.0
7923,992.3,83601.517
7924,992.4,75276.851
7925,992.5,67310.688
7926,992.6,59771.584
7927,992.7,52699.904
7928,992.8,46140.0
7929,992.9,40118.251
7930,993.0,34630.166
7931,993.1,29687.197
7932,993.2,25271.675
7933,993.3,21364.456
7934,993.4,17927.988
7935,993.5,14947.394
7936,993.6,12369.656
7937,993.7,10169.045
7938,993.8,8296.972
7939,993.9,6724.0
7940,994.0,5411.444
7941,994.1,4323.587
7942,994.2,3431.315
7943,994.3,2703.175
7944,994.4,2115.007
7945,994.5,1643.46
7946,994.6,1267.612
7947,994.7,971.048
7948,994.8,738.495
7949,994.9,559.4
7950,995.0,393.136
7951,995.1,174.238
7952,995.2,0.0
7953,995.3,0.0
7954,995.4,0.0
7955,995.5,0.0
7956,995.6,0.0
7957,995.7,0.0
7958,995.8,0.0
7959,995.9,0.0
7960,996.0,0.0
7961,996.1,0.0
7962,996.2,0.0
7963,996.3,0.0
7964,996.4,0.0
7965,996.5,0.0
7966,996.6,0.0
7967,996.7,0.0
7968,996.8,0.0
7969,996.9,0.0
7970,997.0,0.0
7971,997.1,0.0
7972,997.2,0.0
7973,997.3,0.0
7974,997.4,0.0
7975,997.5,0.0
7976,997.6,0.0
7977,997.7,0.0
7978,997.8,0.0
7979,997.9,0.0
7980,998.0,0.0
7981,998.1,0.0
7982,998.2,0.0
7983,998.3,0.0
7984,998.4,0.0
7985,998.5,0.0
7986,998.6,0.0
7987,998.7,0.0
7988,998.8,0.0
7989,998.9,0.0
7990,999.0,0.0
7991,999.1,0.0
7992,999.2,0.0
7993,999.3,0.0
7994,999.4,0.0
7995,999.5,0.0
7996,999.6,0.0
7997,999.7,0.0
7998,999.8,0.0
7999,999.9,0.0
