,wavelength,intensity
0,200.0,1453000.0
1,200.1,3031000.0
2,200.2,5904180.477
3,200.3,10890000.0
4,200.4,18750000.0
5,200.5,30333721.019
6,200.6,45890000.0
7,200.7,65240000.0
8,200.8,87020000.0
9,200.9,108936569.436
10,201.0,128100000.0
11,201.1,141600000.0
12,201.2,147418743.839
13,201.3,145700000.0
14,201.4,137600000.0
15,201.5,126400000.0
16,201.6,116268799.461
17,201.7,110800000.0
18,201.8,112900000.0
19,201.9,123300000.0
20,202.0,141190887.406
21,202.1,163800000.0
22,202.2,187700000.0
23,202.3,208943315.143
24,202.4,224500000.0
25,202.5,231900000.0
26,202.6,230000000.0
27,202.7,219027422.393
28,202.8,200500000.0
29,202.9,176400000.0
30,203.0,149432897.978
31,203.1,122300000.0
32,203.2,97430000.0
33,203.3,76280000.0
34,203.4,59546070.756
35,203.5,46950000.0
36,203.6,37860000.0
37,203.7,31201119.764
38,203.8,26070000.0
39,203.9,21720000.0
40,204.0,17770000.0
41,204.1,14114875.809
42,204.2,10830000.0
43,204.3,8025000.0
44,204.4,5793000.0
45,204.5,4162583.297
46,204.6,3101000.0
47,204.7,2561000.0
48,204.8,2507513.785
49,204.9,2990000.0
50,205.0,4105000.0
51,205.1,6058000.0
52,205.2,9116287.348
53,205.3,13580000.0
54,205.4,19760000.0
55,205.5,27975098.883
56,205.6,38510000.0
57,205.7,51620000.0
58,205.8,67470000.0
59,205.9,86037677.457
60,206.0,106800000.0
61,206.1,128900000.0
62,206.2,150585860.593
63,206.3,169700000.0
64,206.4,184000000.0
65,206.5,191300000.0
66,206.6,190442138.819
67,206.7,181500000.0
68,206.8,165200000.0
69,206.9,143800000.0
70,207.0,119732587.894
71,207.1,95300000.0
72,207.2,72650000.0
73,207.3,53220954.679
74,207.4,37630000.0
75,207.5,26170000.0
76,207.6,18510000.0
77,207.7,14076603.762
78,207.8,12140000.0
79,207.9,11930000.0
80,208.0,12689048.909
81,208.1,13780000.0
82,208.2,14640000.0
83,208.3,14900000.0
84,208.4,14376420.554
85,208.5,13130000.0
86,208.6,11310000.0
87,208.7,9188271.348
88,208.8,7034000.0
89,208.9,5084000.0
90,209.0,3471000.0
91,209.1,2245624.983
92,209.2,1376000.0
93,209.3,805800.0
94,209.4,455400.0
95,209.5,252717.153
96,209.6,149300.0
97,209.7,107100.0
98,209.8,111326.222
99,209.9,164800.0
100,210.0,276500.0
101,210.1,468000.0
102,210.2,764449.063
103,210.3,1185000.0
104,210.4,1743000.0
105,210.5,2428762.347
106,210.6,3203000.0
107,210.7,4014000.0
108,210.8,4787000.0
109,210.9,5453127.837
110,211.0,5973000.0
111,211.1,6325000.0
112,211.2,6535335.284
113,211.3,6661000.0
114,211.4,6765000.0
115,211.5,6911000.0
116,211.6,7144261.478
117,211.7,7482000.0
118,211.8,7931000.0
119,211.9,8482000.0
120,212.0,9123874.011
121,212.1,9841000.0
122,212.2,10610000.0
123,212.3,11381735.501
124,212.4,12100000.0
125,212.5,12700000.0
126,212.6,13090000.0
127,212.7,13206302.946
128,212.8,13030000.0
129,212.9,12560000.0
130,213.0,11832715.05
131,213.1,10910000.0
132,213.2,9860000.0
133,213.3,8751000.0
134,213.4,7621239.09
135,213.5,6499000.0
136,213.6,5411000.0
137,213.7,4380919.547
138,213.8,3436000.0
139,213.9,2604000.0
140,214.0,1908000.0
141,214.1,1358349.357
142,214.2,949100.0
143,214.3,667500.0
144,214.4,487700.0
145,214.5,381367.74
146,214.6,323900.0
147,214.7,293300.0
148,214.8,275851.673
149,214.9,266000.0
150,215.0,260900.0
151,215.1,262200.0
152,215.2,272673.456
153,215.3,293000.0
154,215.4,322600.0
155,215.5,357909.306
156,215.6,393900.0
157,215.7,425700.0
158,215.8,450100.0
159,215.9,467170.122
160,216.0,484600.0
161,216.1,513500.0
162,216.2,573882.152
163,216.3,697600.0
164,216.4,921800.0
165,216.5,1296000.0
166,216.6,1876629.945
167,216.7,2715000.0
168,216.8,3854000.0
169,216.9,5304000.0
170,217.0,7035268.564
171,217.1,8966000.0
172,217.2,10990000.0
173,217.3,12960588.505
174,217.4,14760000.0
175,217.5,16290000.0
176,217.6,17500000.0
177,217.7,18400191.9
178,217.8,19040000.0
179,217.9,19490000.0
180,218.0,19893157.836
181,218.1,20470000.0
182,218.2,21490000.0
183,218.3,23370000.0
184,218.4,26608105.789
185,218.5,31670000.0
186,218.6,38960000.0
187,218.7,48565648.177
188,218.8,60050000.0
189,218.9,72720000.0
190,219.0,85290000.0
191,219.1,96238877.212
192,219.2,104300000.0
193,219.3,108400000.0
194,219.4,108100000.0
195,219.5,103865723.536
196,219.6,96920000.0
197,219.7,88750000.0
198,219.8,81181217.159
199,219.9,75670000.0
200,220.0,73380000.0
201,220.1,74710000.0
202,220.2,79430937.117
203,220.3,86660000.0
204,220.4,95290000.0
205,220.5,103972390.391
206,220.6,111600000.0
207,220.7,117300000.0
208,220.8,120800000.0
209,220.9,122074931.901
210,221.0,121700000.0
211,221.1,120400000.0
212,221.2,118826257.643
213,221.3,117400000.0
214,221.4,116400000.0
215,221.5,115700000.0
216,221.6,114879386.334
217,221.7,113600000.0
218,221.8,111500000.0
219,221.9,108100000.0
220,222.0,103410584.981
221,222.1,97830000.0
222,222.2,91960000.0
223,222.3,87008935.602
224,222.4,84560000.0
225,222.5,86240000.0
226,222.6,93570000.0
227,222.7,107588598.042
228,222.8,128100000.0
229,222.9,154200000.0
230,223.0,183221374.69
231,223.1,211600000.0
232,223.2,235600000.0
233,223.3,251500000.0
234,223.4,256917292.272
235,223.5,251800000.0
236,223.6,237200000.0
237,223.7,216539466.161
238,223.8,194100000.0
239,223.9,174000000.0
240,224.0,159300000.0
241,224.1,151787318.228
242,224.2,150900000.0
243,224.3,155200000.0
244,224.4,161900000.0
245,224.5,167896076.605
246,224.6,171200000.0
247,224.7,170400000.0
248,224.8,165464961.493
249,224.9,157700000.0
250,225.0,148800000.0
251,225.1,140800000.0
252,225.2,135064416.867
253,225.3,132200000.0
254,225.4,132400000.0
255,225.5,134815896.063
256,225.6,138400000.0
257,225.7,142200000.0
258,225.8,145700000.0
259,225.9,149294577.736
260,226.0,154900000.0
261,226.1,165200000.0
262,226.2,184970562.38
263,226.3,221099999.999
264,226.4,281099999.999
265,226.5,373399999.998
266,226.6,505801009.616
267,226.7,680999999.997
268,226.8,898199999.996
269,226.9,1146999999.996
270,227.0,1409458379.747
271,227.1,1658999999.996
272,227.2,1866999999.997
273,227.3,2007153520.493
274,227.4,2064000000.0
275,227.5,2030000000.001
276,227.6,1919000000.002
277,227.7,1754608997.093
278,227.8,1569000000.003
279,227.9,1396000000.002
280,228.0,1264310647.836
281,228.1,1187000000.001
282,228.2,1170000000.0
283,228.3,1203999999.999
284,228.4,1268176724.589
285,228.5,1338999999.999
286,228.6,1392999999.999
287,228.7,1410691667.616
288,228.8,1385000000.001
289,228.9,1314000000.002
290,229.0,1205000000.002
291,229.1,1070822494.561
292,229.2,925800000.002
293,229.3,783700000.002
294,229.4,654800000.002
295,229.5,545753648.006
296,229.6,459600000.001
297,229.7,398200000.001
298,229.8,361989420.255
299,229.9,351800000.0
300,230.0,368899999.999
301,230.1,415599999.999
302,230.2,494495705.807
303,230.3,606899999.998
304,230.4,752999999.997
305,230.5,929015127.709
306,230.6,1126999999.996
307,230.7,1336999999.996
308,230.8,1543999999.996
309,230.9,1731020902.901
310,231.0,1883999999.998
311,231.1,1989999999.999
312,231.2,2039096277.494
313,231.3,2029000000.001
314,231.4,1961000000.002
315,231.5,1844000000.002
316,231.6,1691533694.653
317,231.7,1519000000.003
318,231.8,1343000000.003
319,231.9,1182000000.003
320,232.0,1047574432.816
321,232.1,946000000.002
322,232.2,880700000.001
323,232.3,846533259.559
324,232.4,833500000.0
325,232.5,830600000.0
326,232.6,826100000.0
327,232.7,810676878.727
328,232.8,780200000.001
329,232.9,733000000.001
330,233.0,672767750.126
331,233.1,605800000.001
332,233.2,538700000.001
333,233.3,477800000.001
334,233.4,428125356.686
335,233.5,391800000.001
336,233.6,369800000.0
337,233.7,361142878.78
338,233.8,363900000.0
339,233.9,376100000.0
340,234.0,396000000.0
341,234.1,421666387.633
342,234.2,451399999.999
343,234.3,483499999.999
344,234.4,515999999.999
345,234.5,547106638.489
346,234.6,575099999.999
347,234.7,598400000.0
348,234.8,616108967.172
349,234.9,628000000.0
350,235.0,634000000.0
351,235.1,634200000.0
352,235.2,629160285.499
353,235.3,620000000.0
354,235.4,608200000.0
355,235.5,596320492.965
356,235.6,587600000.0
357,235.7,585300000.0
358,235.8,592100000.0
359,235.9,608962840.117
360,236.0,633899999.999
361,236.1,663499999.999
362,236.2,691462329.576
363,236.3,711100000.0
364,236.4,716300000.0
365,236.5,703300000.0
366,236.6,671572809.637
367,236.7,625400000.001
368,236.8,570900000.001
369,236.9,517200000.001
370,237.0,473977211.548
371,237.1,449300000.0
372,237.2,450100000.0
373,237.3,479613642.477
374,237.4,537099999.998
375,237.5,620199999.998
376,237.6,723299999.998
377,237.7,839892902.224
378,237.8,963699999.997
379,237.9,1088999999.997
380,238.0,1212217172.716
381,238.1,1330999999.997
382,238.2,1443999999.998
383,238.3,1551999999.998
384,238.4,1651900295.464
385,238.5,1738999999.998
386,238.6,1807999999.999
387,238.7,1851629274.124
388,238.8,1862000000.0
389,238.9,1833000000.001
390,239.0,1765000000.002
391,239.1,1659180155.43
392,239.2,1524000000.003
393,239.3,1370000000.004
394,239.4,1209000000.004
395,239.5,1055209211.113
396,239.6,917300000.003
397,239.7,801800000.002
398,239.8,712481147.957
399,239.9,649800000.001
400,240.0,613100000.001
401,240.1,600000000.0
402,240.2,607214883.278
403,240.3,630599999.999
404,240.4,665599999.999
405,240.5,706992424.784
406,240.6,750099999.999
407,240.7,790699999.999
408,240.8,825999999.999
409,240.9,855245255.004
410,241.0,879199999.999
411,241.1,899100000.0
412,241.2,916479919.127
413,241.3,931300000.0
414,241.4,942600000.0
415,241.5,947400000.0
416,241.6,942000637.249
417,241.7,923200000.001
418,241.8,888500000.001
419,241.9,837900000.001
420,242.0,773533120.451
421,242.1,699700000.002
422,242.2,621400000.002
423,242.3,544206539.809
424,242.4,472600000.002
425,242.5,410200000.001
426,242.6,358500000.001
427,242.7,318064776.822
428,242.8,287900000.001
429,242.9,266500000.0
430,243.0,251908734.899
431,243.1,242200000.0
432,243.2,235600000.0
433,243.3,230800000.0
434,243.4,226791625.014
435,243.5,223200000.0
436,243.6,219900000.0
437,243.7,217156976.089
438,243.8,215400000.0
439,243.9,215000000.0
440,244.0,216100000.0
441,244.1,218887085.299
442,244.2,222900000.0
443,244.3,227500000.0
444,244.4,231900000.0
445,244.5,234779576.586
446,244.6,235100000.0
447,244.7,231900000.0
448,244.8,224293898.806
449,244.9,212200000.0
450,245.0,195900000.0
451,245.1,176300000.001
452,245.2,154608048.433
453,245.3,132500000.001
454,245.4,111700000.001
455,245.5,93595983.39
456,245.6,79230000.0
457,245.7,69410000.0
458,245.8,64250000.0
459,245.9,63433326.436
460,246.0,66130000.0
461,246.1,71310000.0
462,246.2,77646592.383
463,246.3,83840000.0
464,246.4,88680000.0
465,246.5,91250000.0
466,246.6,90999166.631
467,246.7,87940000.0
468,246.8,82320000.0
469,246.9,74830000.0
470,247.0,66349243.016
471,247.1,57740000.0
472,247.2,49820000.0
473,247.3,43203788.937
474,247.4,38210000.0
475,247.5,35030000.0
476,247.6,33610000.0
477,247.7,33828001.525
478,247.8,35500000.0
479,247.9,38430000.0
480,248.0,42424734.993
481,248.1,47240000.0
482,248.2,52590000.0
483,248.3,58070000.0
484,248.4,63205641.785
485,248.5,67470000.0
486,248.6,70340000.0
487,248.7,71421517.604
488,248.8,70610000.0
489,248.9,67950000.0
490,249.0,63830000.0
491,249.1,58848226.115
492,249.2,53790000.0
493,249.3,49490000.0
494,249.4,46810000.0
495,249.5,46571367.744
496,249.6,49480000.0
497,249.7,56190000.0
498,249.8,67193718.058
499,249.9,82699999.999
500,250.0,102699999.999
501,250.1,126599999.999
502,250.2,153539123.403
503,250.3,181799999.999
504,250.4,209399999.999
505,250.5,234224736.757
506,250.6,254300000.0
507,250.7,267900000.0
508,250.8,274200000.0
509,250.9,273248811.231
510,251.0,266400000.0
511,251.1,255500000.0
512,251.2,243146884.12
513,251.3,232100000.0
514,251.4,225000000.0
515,251.5,224000000.0
516,251.6,230668575.234
517,251.7,245299999.999
518,251.8,267699999.999
519,251.9,296799999.999
520,252.0,330713252.289
521,252.1,367299999.999
522,252.2,404299999.999
523,252.3,439149015.506
524,252.4,469499999.999
525,252.5,493099999.999
526,252.6,507900000.0
527,252.7,512621510.149
528,252.8,506900000.0
529,252.9,490900000.001
530,253.0,466425045.581
531,253.1,436800000.001
532,253.2,406000000.001
533,253.3,379500000.001
534,253.4,363572663.952
535,253.5,365000000.0
536,253.6,390699999.999
537,253.7,447672690.313
538,253.8,542799999.996
539,253.9,682899999.995
540,254.0,874599999.993
541,254.1,1124444253.16
542,254.2,1439999999.989
543,254.3,1827999999.987
544,254.4,2291999999.984
545,254.5,2836723125.905
546,254.6,3456999999.98
547,254.7,4142999999.978
548,254.8,4874902861.132
549,254.9,5620999999.977
550,255.0,6345999999.978
551,255.1,7009999999.981
552,255.2,7574327247.152
553,255.3,8013999999.988
554,255.4,8310999999.993
555,255.5,8463445012.61
556,255.6,8482000000.001
557,255.7,8381000000.005
558,255.8,8179000000.008
559,255.9,7889390658.775
560,256.0,7520000000.013
561,256.1,7076000000.015
562,256.2,6558185851.013
563,256.3,5974000000.02
564,256.4,5334000000.021
565,256.5,4655000000.022
566,256.6,3963158158.435
567,256.7,3287000000.021
568,256.8,2654000000.02
569,256.9,2087000000.017
570,257.0,1604515961.093
571,257.1,1214000000.011
572,257.2,918000000.008
573,257.3,709820849.173
574,257.4,578300000.003
575,257.5,511000000.001
576,257.6,492800000.0
577,257.7,508681726.221
578,257.8,545099999.999
579,257.9,589299999.999
580,258.0,630969336.147
581,258.1,662799999.999
582,258.2,679000000.0
583,258.3,677400000.0
584,258.4,657714070.355
585,258.5,622000000.001
586,258.6,573200000.002
587,258.7,515404547.859
588,258.8,452400000.002
589,258.9,387800000.002
590,259.0,324900000.002
591,259.1,265881556.804
592,259.2,212400000.002
593,259.3,165800000.001
594,259.4,126500000.001
595,259.5,94743907.613
596,259.6,70330000.001
597,259.7,52900000.0
598,259.8,41988711.018
599,259.9,37200000.0
600,260.0,38200000.0
601,260.1,44820000.0
602,260.2,56992013.449
603,260.3,74629999.999
604,260.4,97579999.999
605,260.5,125327707.196
606,260.6,156799999.999
607,260.7,190599999.999
608,260.8,224499999.999
609,260.9,255932179.944
610,261.0,282299999.999
611,261.1,301099999.999
612,261.2,310464597.853
613,261.3,309700000.0
614,261.4,298700000.001
615,261.5,278700000.001
616,261.6,251689436.145
617,261.7,220300000.001
618,261.8,187200000.001
619,261.9,154700000.001
620,262.0,124996855.773
621,262.1,99290000.001
622,262.2,78390000.001
623,262.3,62515633.187
624,262.4,51370000.0
625,262.5,44500000.0
626,262.6,41210000.0
627,262.7,40703162.286
628,262.8,42160000.0
629,262.9,44760000.0
630,263.0,47719487.042
631,263.1,50370000.0
632,263.2,52120000.0
633,263.3,52590000.0
634,263.4,51581023.257
635,263.5,49160000.0
636,263.6,45500000.0
637,263.7,40960964.565
638,263.8,35990000.0
639,263.9,31030000.0
640,264.0,26470000.0
641,264.1,22661023.051
642,264.2,19770000.0
643,264.3,17900000.0
644,264.4,17060000.0
645,264.5,17129698.498
646,264.6,17970000.0
647,264.7,19440000.0
648,264.8,21398742.683
649,264.9,23770000.0
650,265.0,26530000.0
651,265.1,29790000.0
652,265.2,33706214.927
653,265.3,38560000.0
654,265.4,44670000.0
655,265.5,52341775.207
656,265.6,61760000.0
657,265.7,73010000.0
658,265.8,85879999.999
659,265.9,99897942.022
660,266.0,114199999.999
661,266.1,127800000.0
662,266.2,139598071.352
663,266.3,148500000.0
664,266.4,153500000.0
665,266.5,154000000.0
666,266.6,149935049.868
667,266.7,141700000.0
668,266.8,129900000.001
669,266.9,115600000.001
670,267.0,99924036.324
671,267.1,83940000.001
672,267.2,68650000.001
673,267.3,54773452.019
674,267.4,42720000.0
675,267.5,32760000.0
676,267.6,24860000.0
677,267.7,18879832.01
678,267.8,14580000.0
679,267.9,11700000.0
680,268.0,10007018.689
681,268.1,9328000.0
682,268.2,9529000.0
683,268.3,10580000.0
684,268.4,12506690.122
685,268.5,15400000.0
686,268.6,19370000.0
687,268.7,24525071.361
688,268.8,30910000.0
689,268.9,38520000.0
690,269.0,47210000.0
691,269.1,56723508.95
692,269.2,66630000.0
693,269.3,76440000.0
694,269.4,85590000.0
695,269.5,93510159.493
696,269.6,99720000.0
697,269.7,103800000.0
698,269.8,105552633.645
699,269.9,105100000.0
700,270.0,102600000.0
701,270.1,98220000.0
702,270.2,92616352.913
703,270.3,86320000.0
704,270.4,79800000.0
705,270.5,73503128.319
706,270.6,67690000.0
707,270.7,62540000.0
708,270.8,58070000.0
709,270.9,54140233.627
710,271.0,50570000.0
711,271.1,47170000.0
712,271.2,43748146.368
713,271.3,40190000.0
714,271.4,36430000.0
715,271.5,32510000.0
716,271.6,28502675.967
717,271.7,24560000.0
718,271.8,20860000.0
719,271.9,17600000.0
720,272.0,14980397.546
721,272.1,13210000.0
722,272.2,12500000.0
723,272.3,13062109.05
724,272.4,15110000.0
725,272.5,18840000.0
726,272.6,24380000.0
727,272.7,31802966.521
728,272.8,40990000.0
729,272.9,51720000.0
730,273.0,63517223.984
731,273.1,75689999.999
732,273.2,87480000.0
733,273.3,98010000.0
734,273.4,106427065.523
735,273.5,112300000.0
736,273.6,115300000.0
737,273.7,115252424.99
738,273.8,112700000.0
739,273.9,108300000.0
740,274.0,102600000.0
741,274.1,96553390.19
742,274.2,90660000.0
743,274.3,85230000.0
744,274.4,80380000.0
745,274.5,75979694.024
746,274.6,71730000.0
747,274.7,67300000.0
748,274.8,62399084.101
749,274.9,56910000.0
750,275.0,50810000.0
751,275.1,44280000.0
752,275.2,37565585.441
753,275.3,30970000.0
754,275.4,24800000.0
755,275.5,19293839.456
756,275.6,14580000.0
757,275.7,10740000.0
758,275.8,7755000.0
759,275.9,5535836.498
760,276.0,3971000.0
761,276.1,2944000.0
762,276.2,2338727.827
763,276.3,2074000.0
764,276.4,2090000.0
765,276.5,2378000.0
766,276.6,2970499.142
767,276.7,3975000.0
768,276.8,5537000.0
769,276.9,7888000.0
770,277.0,11319571.919
771,277.1,16190000.0
772,277.2,22880000.0
773,277.3,31777559.993
774,277.4,43189999.999
775,277.5,57359999.999
776,277.6,74329999.999
777,277.7,93935526.197
778,277.8,115799999.999
779,277.9,139399999.999
780,278.0,163845681.539
781,278.1,188299999.999
782,278.2,211899999.999
783,278.3,233599999.999
784,278.4,252597980.585
785,278.5,268199999.999
786,278.6,279800000.0
787,278.7,287157461.65
788,278.8,290300000.0
789,278.9,289400000.0
790,279.0,285100000.0
791,279.1,278494349.267
792,279.2,270900000.0
793,279.3,263700000.0
794,279.4,258300000.0
795,279.5,255607780.911
796,279.6,255900000.0
797,279.7,259100000.0
798,279.8,264166104.475
799,279.9,269500000.0
800,280.0,273400000.0
801,280.1,274100000.0
802,280.2,270118562.818
803,280.3,261000000.001
804,280.4,246800000.001
805,280.5,228748395.641
806,280.6,208900000.001
807,280.7,189600000.001
808,280.8,173800000.001
809,280.9,164547247.097
810,281.0,164500000.0
811,281.1,176099999.999
812,281.2,201132297.531
813,281.3,240499999.998
814,281.4,294599999.997
815,281.5,362499999.997
816,281.6,442370285.423
817,281.7,531099999.996
818,281.8,624999999.996
819,281.9,719199999.996
820,282.0,808278647.694
821,282.1,886899999.997
822,282.2,949899999.998
823,282.3,992937261.262
824,282.4,1013000000.0
825,282.5,1008000000.001
826,282.6,978400000.002
827,282.7,925972448.862
828,282.8,854400000.004
829,282.9,768100000.004
830,283.0,672524633.523
831,283.1,573200000.005
832,283.2,475400000.005
833,283.3,383500000.004
834,283.4,300910873.904
835,283.5,229300000.003
836,283.6,169700000.003
837,283.7,122046989.676
838,283.8,85200000.002
839,283.9,57740000.001
840,284.0,37990000.001
841,284.1,24257910.771
842,284.2,15080000.0
843,284.3,9129000.0
844,284.4,5413000.0
845,284.5,3161185.638
846,284.6,1871000.0
847,284.7,1141000.0
848,284.8,741238.052
849,284.9,541800.0
850,285.0,443500.0
851,285.1,409000.0
852,285.2,422332.758
853,285.3,492500.0
854,285.4,638800.0
855,285.5,901214.282
856,285.6,1342000.0
857,285.7,2035000.0
858,285.8,3083000.0
859,285.9,4600864.877
860,286.0,6711000.0
861,286.1,9538000.0
862,286.2,13187304.333
863,286.3,17680000.0
864,286.4,23000000.0
865,286.5,29040000.0
866,286.6,35548264.521
867,286.7,42170000.0
868,286.8,48510000.0
869,286.9,54090000.0
870,287.0,58449353.449
871,287.1,61240000.0
872,287.2,62180000.0
873,287.3,61184948.486
874,287.4,58380000.0
875,287.5,53980000.0
876,287.6,48390000.0
877,287.7,42067820.592
878,287.8,35460000.0
879,287.9,29000000.0
880,288.0,23047215.569
881,288.1,17810000.0
882,288.2,13430000.0
883,288.3,9920000.0
884,288.4,7233591.569
885,288.5,5264000.0
886,288.6,3886000.0
887,288.7,2962492.084
888,288.8,2372000.0
889,288.9,2005000.0
890,289.0,1781000.0
891,289.1,1637850.432
892,289.2,1543000.0
893,289.3,1478000.0
894,289.4,1452000.0
895,289.5,1487932.863
896,289.6,1640000.0
897,289.7,1976000.0
898,289.8,2594569.907
899,289.9,3632000.0
900,290.0,5239000.0
901,290.1,7597000.0
902,290.2,10903524.42
903,290.3,15320000.0
904,290.4,20990000.0
905,290.5,27987270.441
906,290.6,36220000.0
907,290.7,45509999.999
908,290.8,55479999.999
909,290.9,65626273.593
910,291.0,75300000.0
911,291.1,83810000.0
912,291.2,90471509.986
913,291.3,94760000.0
914,291.4,96260000.0
915,291.5,94850000.0
916,291.6,90649359.523
917,291.7,84070000.0
918,291.8,75630000.0
919,291.9,66010000.001
920,292.0,55918137.698
921,292.1,45960000.001
922,292.2,36680000.0
923,292.3,28444835.753
924,292.4,21430000.0
925,292.5,15730000.0
926,292.6,11270000.0
927,292.7,7914354.451
928,292.8,5481000.0
929,292.9,3778000.0
930,293.0,2625954.086
931,293.1,1877000.0
932,293.2,1401000.0
933,293.3,1110000.0
934,293.4,938654.053
935,293.5,847700.0
936,293.6,807500.0
937,293.7,803313.317
938,293.8,827500.0
939,293.9,874300.0
940,294.0,941600.0
941,294.1,1028111.949
942,294.2,1136000.0
943,294.3,1268000.0
944,294.4,1427000.0
945,294.5,1620868.644
946,294.6,1855000.0
947,294.7,2134000.0
948,294.8,2461272.879
949,294.9,2832000.0
950,295.0,3238000.0
951,295.1,3665000.0
952,295.2,4093442.463
953,295.3,4504000.0
954,295.4,4878000.0
955,295.5,5201798.538
956,295.6,5477000.0
957,295.7,5713000.0
958,295.8,5937000.0
959,295.9,6191064.866
960,296.0,6537000.0
961,296.1,7045000.0
962,296.2,7804722.706
963,296.3,8926000.0
964,296.4,10530000.0
965,296.5,12770000.0
966,296.6,15823565.043
967,296.7,19890000.0
968,296.8,25190000.0
969,296.9,32000000.0
970,297.0,40578129.779
971,297.1,51209999.999
972,297.2,64189999.999
973,297.3,79811866.15
974,297.4,98379999.999
975,297.5,120199999.999
976,297.6,145599999.998
977,297.7,174993155.497
978,297.8,208699999.998
979,297.9,246999999.998
980,298.0,290015604.826
981,298.1,337399999.997
982,298.2,388599999.997
983,298.3,442499999.997
984,298.4,497017074.141
985,298.5,549499999.997
986,298.6,596999999.998
987,298.7,635940562.558
988,298.8,663299999.999
989,298.9,676400000.0
990,299.0,673400000.001
991,299.1,653850485.86
992,299.2,618900000.002
993,299.3,570400000.003
994,299.4,511700000.004
995,299.5,446718757.671
996,299.6,379300000.004
997,299.7,313200000.004
998,299.8,251664646.443
999,299.9,196700000.003
1000,300.0,149800000.002
1001,300.1,111500000.002
1002,300.2,81624011.527
1003,300.3,59460000.001
1004,300.4,44140000.001
1005,300.5,34639700.216
1006,300.6,30000000.0
1007,300.7,29320000.0
1008,300.8,31840000.0
1009,300.9,36919677.206
1010,301.0,43980000.0
1011,301.1,52459999.999
1012,301.2,61813660.639
1013,301.3,71439999.999
1014,301.4,80729999.999
1015,301.5,89090000.0
1016,301.6,95921138.498
1017,301.7,100800000.0
1018,301.8,103400000.0
1019,301.9,103600000.0
1020,302.0,101447806.46
1021,302.1,97340000.0
1022,302.2,91810000.0
1023,302.3,85641243.584
1024,302.4,79840000.0
1025,302.5,75490000.0
1026,302.6,73830000.0
1027,302.7,76199599.179
1028,302.8,83959999.999
1029,302.9,98489999.999
1030,303.0,121164604.292
1031,303.1,153099999.998
1032,303.2,195299999.997
1033,303.3,248499999.997
1034,303.4,312882178.161
1035,303.5,387999999.995
1036,303.6,473099999.995
1037,303.7,566662288.202
1038,303.8,666699999.994
1039,303.9,770999999.994
1040,304.0,876799999.994
1041,304.1,981521568.309
1042,304.2,1082999999.994
1043,304.3,1178999999.994
1044,304.4,1266999999.995
1045,304.5,1345686749.521
1046,304.6,1413999999.996
1047,304.7,1470999999.997
1048,304.8,1516104622.53
1049,304.9,1547999999.999
1050,305.0,1565999999.999
1051,305.1,1572000000.0
1052,305.2,1566111066.171
1053,305.3,1550000000.001
1054,305.4,1526000000.002
1055,305.5,1497003765.009
1056,305.6,1467000000.002
1057,305.7,1440000000.001
1058,305.8,1419000000.001
1059,305.9,1405846527.639
1060,306.0,1400000000.0
1061,306.1,1400000000.0
1062,306.2,1402650696.297
1063,306.3,1403000000.0
1064,306.4,1396000000.001
1065,306.5,1377000000.002
1066,306.6,1340246697.714
1067,306.7,1284000000.004
1068,306.8,1208000000.005
1069,306.9,1114000000.006
1070,307.0,1006815836.47
1071,307.1,891200000.007
1072,307.2,772000000.007
1073,307.3,654873881.29
1074,307.4,544300000.006
1075,307.5,444000000.006
1076,307.6,356000000.005
1077,307.7,281100600.44
1078,307.8,218900000.003
1079,307.9,168600000.003
1080,308.0,128827053.533
1081,308.1,97880000.002
1082,308.2,74070000.001
1083,308.3,55960000.001
1084,308.4,42274273.711
1085,308.5,32040000.001
1086,308.6,24410000.0
1087,308.7,18778208.171
1088,308.8,14730000.0
1089,308.9,11920000.0
1090,309.0,10150000.0
1091,309.1,9319303.491
1092,309.2,9429000.0
1093,309.3,10520000.0
1094,309.4,12710000.0
1095,309.5,16165189.34
1096,309.6,21040000.0
1097,309.7,27480000.0
1098,309.8,35579235.962
1099,309.9,45279999.999
1100,310.0,56439999.999
1101,310.1,68709999.999
1102,310.2,81591470.109
1103,310.3,94429999.999
1104,310.4,106499999.999
1105,310.5,116966135.079
1106,310.6,125100000.0
1107,310.7,130300000.0
1108,310.8,132300000.0
1109,310.9,130921562.82
1110,311.0,126400000.0
1111,311.1,119200000.001
1112,311.2,110231118.16
1113,311.3,100400000.001
1114,311.4,90660000.001
1115,311.5,82220000.0
1116,311.6,76129805.821
1117,311.7,73290000.0
1118,311.8,74530000.0
1119,311.9,80479999.999
1120,312.0,91597644.238
1121,312.1,107999999.999
1122,312.2,129699999.998
1123,312.3,156539351.442
1124,312.4,187999999.998
1125,312.5,223399999.998
1126,312.6,261799999.997
1127,312.7,302340778.148
1128,312.8,343899999.997
1129,312.9,385299999.997
1130,313.0,425471901.507
1131,313.1,463399999.998
1132,313.2,498099999.998
1133,313.3,528699999.998
1134,313.4,554390910.972
1135,313.5,574299999.999
1136,313.6,587599999.999
1137,313.7,593702547.478
1138,313.8,592000000.0
1139,313.9,582000000.001
1140,314.0,563700000.001
1141,314.1,537187650.418
1142,314.2,503200000.002
1143,314.3,462800000.003
1144,314.4,417600000.003
1145,314.5,369251228.414
1146,314.6,319700000.003
1147,314.7,270900000.003
1148,314.8,224448790.092
1149,314.9,181700000.003
1150,315.0,143800000.002
1151,315.1,111200000.002
1152,315.2,83988846.89
1153,315.3,61940000.001
1154,315.4,44680000.001
1155,315.5,31542719.602
1156,315.6,21830000.001
1157,315.7,14860000.0
1158,315.8,9988000.0
1159,315.9,6665431.128
1160,316.0,4471000.0
1161,316.1,3036000.0
1162,316.2,2106228.909
1163,316.3,1515000.0
1164,316.4,1126000.0
1165,316.5,863500.0
1166,316.6,679543.944
1167,316.7,550000.0
1168,316.8,459800.0
1169,316.9,408300.0
1170,317.0,401534.822
1171,317.1,456600.0
1172,317.2,595600.0
1173,317.3,853909.725
1174,317.4,1286000.0
1175,317.5,1956000.0
1176,317.6,2952000.0
1177,317.7,4380941.628
1178,317.8,6371000.0
1179,317.9,9058000.0
1180,318.0,12587402.601
1181,318.1,17100000.0
1182,318.2,22720000.0
1183,318.3,29519999.999
1184,318.4,37558658.058
1185,318.5,46789999.999
1186,318.6,57129999.999
1187,318.7,68434462.351
1188,318.8,80469999.999
1189,318.9,92969999.999
1190,319.0,105599999.999
1191,319.1,117978471.183
1192,319.2,129799999.999
1193,319.3,140699999.999
1194,319.4,150099999.999
1195,319.5,157744209.005
1196,319.6,163300000.0
1197,319.7,166400000.0
1198,319.8,166767762.39
1199,319.9,164300000.0
1200,320.0,159000000.0
1201,320.1,151100000.001
1202,320.2,140817679.145
1203,320.3,128600000.001
1204,320.4,115000000.001
1205,320.5,100692939.512
1206,320.6,86250000.001
1207,320.7,72210000.001
1208,320.8,59090000.001
1209,320.9,47239206.47
1210,321.0,36860000.001
1211,321.1,28090000.001
1212,321.2,20902625.254
1213,321.3,15170000.0
1214,321.4,10740000.0
1215,321.5,7422000.0
1216,321.6,5001656.135
1217,321.7,3289000.0
1218,321.8,2109000.0
1219,321.9,1319000.0
1220,322.0,802743.932
1221,322.1,478400.0
1222,322.2,277500.0
1223,322.3,156094.086
1224,322.4,86550.0
1225,322.5,46580.0
1226,322.6,24510.0
1227,322.7,12587.552
1228,322.8,6694.0
1229,322.9,3978.0
1230,323.0,3255.224
1231,323.1,4241.0
1232,323.2,6974.0
1233,323.3,12280.0
1234,323.4,21538.075
1235,323.5,37430.0
1236,323.6,63270.0
1237,323.7,104220.249
1238,323.8,168200.0
1239,323.9,264500.0
1240,324.0,405800.0
1241,324.1,607615.5
1242,324.2,888500.0
1243,324.3,1268000.0
1244,324.4,1767000.0
1245,324.5,2405389.487
1246,324.6,3197000.0
1247,324.7,4153000.0
1248,324.8,5277448.826
1249,324.9,6563000.0
1250,325.0,7999000.0
1251,325.1,9570000.0
1252,325.2,11259835.45
1253,325.3,13080000.0
1254,325.4,15050000.0
1255,325.5,17210848.008
1256,325.6,19680000.0
1257,325.7,22600000.0
1258,325.8,26150000.0
1259,325.9,30564007.767
1260,326.0,36090000.0
1261,326.1,42969999.999
1262,326.2,51396459.286
1263,326.3,61459999.999
1264,326.4,73179999.999
1265,326.5,86379999.999
1266,326.6,100758837.644
1267,326.7,115799999.999
1268,326.8,130899999.999
1269,326.9,145299999.999
1270,327.0,158159707.306
1271,327.1,168699999.999
1272,327.2,176200000.0
1273,327.3,180162155.614
1274,327.4,180400000.0
1275,327.5,176800000.0
1276,327.6,169400000.001
1277,327.7,158768692.019
1278,327.8,145600000.001
1279,327.9,130600000.001
1280,328.0,114531887.467
1281,328.1,98180000.001
1282,328.2,82290000.001
1283,328.3,67430000.001
1284,328.4,54020936.362
1285,328.5,42290000.001
1286,328.6,32380000.001
1287,328.7,24259812.682
1288,328.8,17800000.0
1289,328.9,12850000.0
1290,329.0,9228000.0
1291,329.1,6741764.397
1292,329.2,5262000.0
1293,329.3,4695000.0
1294,329.4,5030000.0
1295,329.5,6335977.307
1296,329.6,8795000.0
1297,329.7,12640000.0
1298,329.8,18216676.263
1299,329.9,25949999.999
1300,330.0,36279999.999
1301,330.1,49659999.999
1302,330.2,66525287.065
1303,330.3,87119999.998
1304,330.4,111599999.998
1305,330.5,139881354.546
1306,330.6,171499999.998
1307,330.7,205799999.997
1308,330.8,241699999.997
1309,330.9,277957098.232
1310,331.0,313099999.997
1311,331.1,345599999.998
1312,331.2,373983503.285
1313,331.3,396999999.999
1314,331.4,413599999.999
1315,331.5,423300000.0
1316,331.6,425878043.006
1317,331.7,421800000.001
1318,331.8,411800000.001
1319,331.9,397000000.001
1320,332.0,378702502.343
1321,332.1,358300000.002
1322,332.2,337200000.002
1323,332.3,316711967.493
1324,332.4,297800000.001
1325,332.5,281300000.001
1326,332.6,267800000.001
1327,332.7,257502692.091
1328,332.8,250400000.0
1329,332.9,246500000.0
1330,333.0,246023552.479
1331,333.1,249300000.0
1332,333.2,256899999.999
1333,333.3,270299999.999
1334,333.4,291550576.861
1335,333.5,324099999.997
1336,333.6,371999999.996
1337,333.7,440708563.944
1338,333.8,537499999.991
1339,333.9,670399999.988
1340,334.0,848799999.984
1341,334.1,1082418515.419
1342,334.2,1381999999.974
1343,334.3,1756999999.968
1344,334.4,2211999999.962
1345,334.5,2752855040.558
1346,334.6,3375999999.949
1347,334.7,4073999999.944
1348,334.8,4833126035.931
1349,334.9,5631999999.938
1350,335.0,6445999999.938
1351,335.1,7243999999.94
1352,335.2,7993982133.141
1353,335.3,8666999999.952
1354,335.4,9236999999.961
1355,335.5,9687691772.96
1356,335.6,10009999999.98
1357,335.7,10199999999.99
1358,335.8,10269999999.999
1359,335.9,10240698248.719
1360,336.0,10140000000.01
1361,336.1,9996000000.012
1362,336.2,9831299637.993
1363,336.3,9668000000.012
1364,336.4,9526000000.01
1365,336.5,9414000000.007
1366,336.6,9330647768.225
1367,336.7,9266000000.005
1368,336.8,9206000000.005
1369,336.9,9128000000.007
1370,337.0,9010254805.323
1371,337.1,8833000000.017
1372,337.2,8578000000.023
1373,337.3,8234321738.225
1374,337.4,7802000000.037
1375,337.5,7285000000.044
1376,337.6,6695000000.049
1377,337.7,6052103573.813
1378,337.8,5378000000.054
1379,337.9,4695000000.053
1380,338.0,4026709047.762
1381,338.1,3392000000.048
1382,338.2,2807000000.044
1383,338.3,2282000000.039
1384,338.4,1823484178.043
1385,338.5,1432000000.028
1386,338.6,1106000000.023
1387,338.7,840843060.835
1388,338.8,629600000.015
1389,338.9,464900000.011
1390,339.0,339200000.009
1391,339.1,245107107.969
1392,339.2,176300000.005
1393,339.3,127000000.003
1394,339.4,92600000.002
1395,339.5,69353427.365
1396,339.6,54470000.001
1397,339.7,45540000.001
1398,339.8,40895334.799
1399,339.9,39360000.0
1400,340.0,39920000.0
1401,340.1,41890000.0
1402,340.2,44726982.812
1403,340.3,48020000.0
1404,340.4,51410000.0
1405,340.5,54626372.065
1406,340.6,57440000.0
1407,340.7,59650000.0
1408,340.8,61140000.0
1409,340.9,61805080.866
1410,341.0,61610000.0
1411,341.1,60550000.0
1412,341.2,58670417.024
1413,341.3,56050000.0
1414,341.4,52790000.0
1415,341.5,49050000.0
1416,341.6,44973142.32
1417,341.7,40710000.0
1418,341.8,36420000.0
1419,341.9,32270000.0
1420,342.0,28386078.431
1421,342.1,24880000.0
1422,342.2,21850000.0
1423,342.3,19342777.517
1424,342.4,17390000.0
1425,342.5,16010000.0
1426,342.6,15170000.0
1427,342.7,14822115.333
1428,342.8,14910000.0
1429,342.9,15370000.0
1430,343.0,16124730.127
1431,343.1,17120000.0
1432,343.2,18310000.0
1433,343.3,19660000.0
1434,343.4,21165698.54
1435,343.5,22850000.0
1436,343.6,24740000.0
1437,343.7,26865008.629
1438,343.8,29280000.0
1439,343.9,32040000.0
1440,344.0,35170000.0
1441,344.1,38668941.286
1442,344.2,42510000.0
1443,344.3,46650000.0
1444,344.4,51000000.0
1445,344.5,55441396.79
1446,344.6,59820000.0
1447,344.7,63970000.0
1448,344.8,67715364.817
1449,344.9,70890000.0
1450,345.0,73340000.0
1451,345.1,74950000.0
1452,345.2,75638829.607
1453,345.3,75380000.0
1454,345.4,74180000.0
1455,345.5,72130172.327
1456,345.6,69360000.0
1457,345.7,66010000.0
1458,345.8,62250000.0
1459,345.9,58265480.376
1460,346.0,54230000.0
1461,346.1,50300000.0
1462,346.2,46577902.353
1463,346.3,43150000.0
1464,346.4,40080000.0
1465,346.5,37360000.0
1466,346.6,35006233.777
1467,346.7,32980000.0
1468,346.8,31230000.0
1469,346.9,29720000.0
1470,347.0,28399288.567
1471,347.1,27220000.0
1472,347.2,26140000.0
1473,347.3,25134111.993
1474,347.4,24190000.0
1475,347.5,23300000.0
1476,347.6,22470000.0
1477,347.7,21725455.854
1478,347.8,21100000.0
1479,347.9,20630000.0
1480,348.0,20354782.445
1481,348.1,20300000.0
1482,348.2,20490000.0
1483,348.3,20950000.0
1484,348.4,21672722.183
1485,348.5,22650000.0
1486,348.6,23870000.0
1487,348.7,25299974.358
1488,348.8,26910000.0
1489,348.9,28680000.0
1490,349.0,30610000.0
1491,349.1,32676315.023
1492,349.2,34890000.0
1493,349.3,37260000.0
1494,349.4,39760000.0
1495,349.5,42410004.322
1496,349.6,45190000.0
1497,349.7,48060000.0
1498,349.8,50958789.839
1499,349.9,53820000.0
1500,350.0,56570000.0
1501,350.1,59110000.0
1502,350.2,61352041.431
1503,350.3,63220000.0
1504,350.4,64650000.0
1505,350.5,65621153.601
1506,350.6,66130000.0
1507,350.7,66190000.0
1508,350.8,65870000.0
1509,350.9,65248539.374
1510,351.0,64460000.0
1511,351.1,63660000.0
1512,351.2,63046861.97
1513,351.3,62900000.0
1514,351.4,63550000.0
1515,351.5,65460000.0
1516,351.6,69193343.512
1517,351.7,75539999.999
1518,351.8,85399999.999
1519,351.9,99909999.999
1520,352.0,120380464.285
1521,352.1,148299999.997
1522,352.2,185199999.996
1523,352.3,232559595.861
1524,352.4,291599999.994
1525,352.5,363299999.993
1526,352.6,447899999.992
1527,352.7,545000646.187
1528,352.8,652799999.99
1529,352.9,768999999.99
1530,353.0,890214606.824
1531,353.1,1010999999.99
1532,353.2,1125999999.99
1533,353.3,1230999999.992
1534,353.4,1318961189.865
1535,353.5,1385999999.995
1536,353.6,1428999999.997
1537,353.7,1444604787.517
1538,353.8,1433000000.002
1539,353.9,1396000000.004
1540,354.0,1338000000.006
1541,354.1,1264234418.672
1542,354.2,1182000000.007
1543,354.3,1099000000.007
1544,354.4,1023000000.006
1545,354.5,963311429.907
1546,354.6,927100000.002
1547,354.7,920799999.999
1548,354.8,950172970.813
1549,354.9,1018999999.992
1550,355.0,1129999999.988
1551,355.1,1283999999.984
1552,355.2,1482418562.278
1553,355.3,1724999999.977
1554,355.4,2010999999.973
1555,355.5,2340581699.952
1556,355.6,2716999999.964
1557,355.7,3143999999.96
1558,355.8,3625999999.955
1559,355.9,4173637813.492
1560,356.0,4796999999.941
1561,356.1,5505999999.933
1562,356.2,6311243044.02
1563,356.3,7219999999.914
1564,356.4,8236999999.905
1565,356.5,9357999999.896
1566,356.6,10567550815.826
1567,356.7,11849999999.883
1568,356.8,13179999999.881
1569,356.9,14499999999.884
1570,357.0,15772809631.466
1571,357.1,16949999999.9
1572,357.2,17979999999.916
1573,357.3,18819528251.345
1574,357.4,19429999999.957
1575,357.5,19779999999.981
1576,357.6,19860000000.005
1577,357.7,19660985926.204
1578,357.8,19210000000.051
1579,357.9,18540000000.069
1580,358.0,17673164171.815
1581,358.1,16650000000.098
1582,358.2,15520000000.104
1583,358.3,14340000000.108
1584,358.4,13146036442.281
1585,358.5,11970000000.104
1586,358.6,10840000000.1
1587,358.7,9768413050.535
1588,358.8,8769000000.087
1589,358.9,7853000000.079
1590,359.0,7017000000.072
1591,359.1,6257898328.671
1592,359.2,5573000000.059
1593,359.3,4960000000.052
1594,359.4,4419000000.046
1595,359.5,3952483890.471
1596,359.6,3568000000.031
1597,359.7,3275000000.022
1598,359.8,3086041977.065
1599,359.9,3016000000.0
1600,360.0,3079999999.988
1601,360.1,3291999999.974
1602,360.2,3662399653.617
1603,360.3,4195999999.944
1604,360.4,4893999999.929
1605,360.5,5745969708.579
1606,360.6,6729999999.905
1607,360.7,7818999999.897
1608,360.8,8973999999.893
1609,360.9,10149513585.001
1610,361.0,11289999999.899
1611,361.1,12339999999.909
1612,361.2,13254193769.359
1613,361.3,13989999999.942
1614,361.4,14509999999.963
1615,361.5,14799999999.984
1616,361.6,14864441675.089
1617,361.7,14720000000.022
1618,361.8,14390000000.038
1619,361.9,13920000000.048
1620,362.0,13375689075.655
1621,362.1,12810000000.052
1622,362.2,12270000000.047
1623,362.3,11795699675.494
1624,362.4,11420000000.029
1625,362.5,11170000000.017
1626,362.6,11050000000.006
1627,362.7,11040038017.572
1628,362.8,11119999999.989
1629,362.9,11269999999.984
1630,363.0,11464348792.929
1631,363.1,11669999999.981
1632,363.2,11859999999.983
1633,363.3,12029999999.986
1634,363.4,12157785194.171
1635,363.5,12239999999.994
1636,363.6,12279999999.998
1637,363.7,12281505636.378
1638,363.8,12250000000.004
1639,363.9,12190000000.007
1640,364.0,12100000000.01
1641,364.1,11974088190.853
1642,364.2,11800000000.019
1643,364.3,11570000000.024
1644,364.4,11290000000.029
1645,364.5,10937629294.987
1646,364.6,10510000000.043
1647,364.7,10010000000.05
1648,364.8,9436887146.026
1649,364.9,8801000000.062
1650,365.0,8116000000.066
1651,365.1,7397000000.069
1652,365.2,6662270711.406
1653,365.3,5928000000.068
1654,365.4,5210000000.066
1655,365.5,4524166166.87
1656,365.6,3881000000.058
1657,365.7,3289000000.053
1658,365.8,2754000000.048
1659,365.9,2278834058.663
1660,366.0,1863000000.036
1661,366.1,1505000000.031
1662,366.2,1201956061.516
1663,366.3,949500000.022
1664,366.4,742900000.017
1665,366.5,577100000.014
1666,366.6,446709323.232
1667,366.7,346600000.008
1668,366.8,271900000.006
1669,366.9,218300000.004
1670,367.0,181465691.67
1671,367.1,157900000.002
1672,367.2,144400000.001
1673,367.3,138110953.694
1674,367.4,136700000.0
1675,367.5,138100000.0
1676,367.6,140800000.0
1677,367.7,143388998.216
1678,367.8,144900000.0
1679,367.9,144600000.0
1680,368.0,142224620.626
1681,368.1,137700000.001
1682,368.2,131000000.001
1683,368.3,122300000.001
1684,368.4,112118405.104
1685,368.5,100900000.001
1686,368.6,89080000.001
1687,368.7,77183586.502
1688,368.8,65630000.001
1689,368.9,54780000.001
1690,369.0,44890000.001
1691,369.1,36137184.458
1692,369.2,28590000.001
1693,369.3,22270000.001
1694,369.4,17110000.0
1695,369.5,13005464.971
1696,369.6,9826000.0
1697,369.7,7433000.0
1698,369.8,5682050.477
1699,369.9,4441000.0
1700,370.0,3586000.0
1701,370.1,3014000.0
1702,370.2,2640078.252
1703,370.3,2400000.0
1704,370.4,2238000.0
1705,370.5,2116388.542
1706,370.6,2012000.0
1707,370.7,1906000.0
1708,370.8,1788000.0
1709,370.9,1656624.293
1710,371.0,1513000.0
1711,371.1,1359000.0
1712,371.2,1199017.207
1713,371.3,1039000.0
1714,371.4,884500.0
1715,371.5,738900.0
1716,371.6,606004.641
1717,371.7,487800.0
1718,371.8,385500.0
1719,371.9,299300.0
1720,372.0,228488.635
1721,372.1,171900.0
1722,372.2,128200.0
1723,372.3,95757.69
1724,372.4,73150.0
1725,372.5,59120.0
1726,372.6,52800.0
1727,372.7,53637.046
1728,372.8,61590.0
1729,372.9,76830.0
1730,373.0,99928.817
1731,373.1,131700.0
1732,373.2,173000.0
1733,373.3,224700.0
1734,373.4,287527.25
1735,373.5,361700.0
1736,373.6,447100.0
1737,373.7,542637.83
1738,373.8,646500.0
1739,373.9,756400.0
1740,374.0,868700.0
1741,374.1,979397.586
1742,374.2,1084000.0
1743,374.3,1178000.0
1744,374.4,1257000.0
1745,374.5,1316077.175
1746,374.6,1353000.0
1747,374.7,1366000.0
1748,374.8,1353106.547
1749,374.9,1316000.0
1750,375.0,1257000.0
1751,375.1,1178000.0
1752,375.2,1084019.664
1753,375.3,979500.0
1754,375.4,868700.0
1755,375.5,756411.585
1756,375.6,646500.0
1757,375.7,542400.0
1758,375.8,446800.0
1759,375.9,361404.779
1760,376.0,286900.0
1761,376.1,223600.0
1762,376.2,171106.499
1763,376.3,128500.0
1764,376.4,94730.0
1765,376.5,68570.0
1766,376.6,48717.153
1767,376.7,33990.0
1768,376.8,23280.0
1769,376.9,15650.0
1770,377.0,10319.151
1771,377.1,6694.0
1772,377.2,4258.0
1773,377.3,2652.723
1774,377.4,1630.0
1775,377.5,980.9
1776,377.6,579.5
1777,377.7,334.775
1778,377.8,191.4
1779,377.9,107.0
1780,378.0,58.2
1781,378.1,31.62
1782,378.2,16.72
1783,378.3,8.682
1784,378.4,4.384
1785,378.5,2.214
1786,378.6,1.087
1787,378.7,0.512
1788,378.8,0.248
1789,378.9,0.115
1790,379.0,0.053
1791,379.1,0.023
1792,379.2,0.011
1793,379.3,0.005
1794,379.4,0.003
1795,379.5,0.004
1796,379.6,0.009
1797,379.7,0.019
1798,379.8,0.043
1799,379.9,0.095
1800,380.0,0.208
1801,380.1,0.444
1802,380.2,0.912
1803,380.3,1.933
1804,380.4,3.933
1805,380.5,7.797
1806,380.6,15.49
1807,380.7,29.98
1808,380.8,57.08
1809,380.9,105.799
1810,381.0,196.9
1811,381.1,356.8
1812,381.2,632.736
1813,381.3,1115.0
1814,381.4,1924.0
1815,381.5,3265.0
1816,381.6,5435.832
1817,381.7,8953.0
1818,381.8,14470.0
1819,381.9,23000.0
1820,382.0,35924.485
1821,382.1,55380.0
1822,382.2,83860.0
1823,382.3,124851.801
1824,382.4,183200.0
1825,382.5,264400.0
1826,382.6,375500.0
1827,382.7,524799.709
1828,382.8,722200.0
1829,382.9,978400.0
1830,383.0,1305657.582
1831,383.1,1716000.0
1832,383.2,2222000.0
1833,383.3,2838000.0
1834,383.4,3575388.005
1835,383.5,4447000.0
1836,383.6,5466000.0
1837,383.7,6645257.406
1838,383.8,8001000.0
1839,383.9,9553000.0
1840,384.0,11330000.0
1841,384.1,13362411.141
1842,384.2,15700000.0
1843,384.3,18400000.0
1844,384.4,21530000.0
1845,384.5,25163771.38
1846,384.6,29370000.0
1847,384.7,34219999.999
1848,384.8,39785977.613
1849,384.9,46079999.999
1850,385.0,53089999.999
1851,385.1,60759999.999
1852,385.2,68964693.398
1853,385.3,77509999.999
1854,385.4,86169999.999
1855,385.5,94644499.605
1856,385.6,102599999.999
1857,385.7,109699999.999
1858,385.8,115599999.999
1859,385.9,119956261.503
1860,386.0,122600000.0
1861,386.1,123400000.0
1862,386.2,122239999.832
1863,386.3,119200000.0
1864,386.4,114400000.001
1865,386.5,108000000.001
1866,386.6,100438136.0
1867,386.7,92030000.001
1868,386.8,83060000.001
1869,386.9,73890000.001
1870,387.0,64858112.238
1871,387.1,56210000.001
1872,387.2,48160000.001
1873,387.3,40864157.568
1874,387.4,34390000.001
1875,387.5,28780000.001
1876,387.6,24040000.0
1877,387.7,20112840.604
1878,387.8,16940000.0
1879,387.9,14460000.0
1880,388.0,12591466.042
1881,388.1,11270000.0
1882,388.2,10440000.0
1883,388.3,10060000.0
1884,388.4,10103922.206
1885,388.5,10560000.0
1886,388.6,11430000.0
1887,388.7,12759359.608
1888,388.8,14610000.0
1889,388.9,17050000.0
1890,389.0,20180000.0
1891,389.1,24159909.604
1892,389.2,29159999.999
1893,389.3,35359999.999
1894,389.4,42979999.999
1895,389.5,52242133.331
1896,389.6,63349999.999
1897,389.7,76479999.998
1898,389.8,91714263.562
1899,389.9,109099999.998
1900,390.0,128599999.998
1901,390.1,149899999.998
1902,390.2,172718128.652
1903,390.3,196499999.997
1904,390.4,220599999.997
1905,390.5,244292950.97
1906,390.6,266699999.998
1907,390.7,286899999.998
1908,390.8,303999999.998
1909,390.9,317327720.609
1910,391.0,326299999.999
1911,391.1,330400000.0
1912,391.2,329404615.617
1913,391.3,323400000.001
1914,391.4,312600000.001
1915,391.5,297500000.002
1916,391.6,278784425.571
1917,391.7,257300000.002
1918,391.8,233900000.003
1919,391.9,209400000.003
1920,392.0,184811201.396
1921,392.1,160900000.003
1922,392.2,138300000.002
1923,392.3,117432730.256
1924,392.4,98660000.002
1925,392.5,82270000.002
1926,392.6,68270000.001
1927,392.7,56592229.177
1928,392.8,47060000.001
1929,392.9,39450000.001
1930,393.0,33475122.457
1931,393.1,28860000.0
1932,393.2,25330000.0
1933,393.3,22600000.0
1934,393.4,20449311.301
1935,393.5,18700000.0
1936,393.6,17190000.0
1937,393.7,15805796.555
1938,393.8,14490000.0
1939,393.9,13200000.0
1940,394.0,11910000.0
1941,394.1,10619531.804
1942,394.2,9348000.0
1943,394.3,8117000.0
1944,394.4,6944000.0
1945,394.5,5851733.84
1946,394.6,4855000.0
1947,394.7,3965000.0
1948,394.8,3187393.905
1949,394.9,2521000.0
1950,395.0,1962000.0
1951,395.1,1502000.0
1952,395.2,1131456.928
1953,395.3,838700.0
1954,395.4,611600.0
1955,395.5,438729.306
1956,395.6,309800.0
1957,395.7,215200.0
1958,395.8,147100.0
1959,395.9,98904.709
1960,396.0,65660.0
1961,396.1,43070.0
1962,396.2,28119.321
1963,396.3,18790.0
1964,396.4,13440.0
1965,396.5,11230.0
1966,396.6,11753.223
1967,396.7,15230.0
1968,396.8,22200.0
1969,396.9,33900.0
1970,397.0,52133.72
1971,397.1,79920.0
1972,397.2,120800.0
1973,397.3,179685.829
1974,397.4,263600.0
1975,397.5,380500.0
1976,397.6,540500.0
1977,397.7,755730.716
1978,397.8,1040000.0
1979,397.9,1408000.0
1980,398.0,1876316.373
1981,398.1,2461000.0
1982,398.2,3177000.0
1983,398.3,4036000.0
1984,398.4,5047049.442
1985,398.5,6211000.0
1986,398.6,7523000.0
1987,398.7,8964910.021
1988,398.8,10520000.0
1989,398.9,12160000.0
1990,399.0,13820000.0
1991,399.1,15470955.682
1992,399.2,17060000.0
1993,399.3,18530000.0
1994,399.4,19840000.0
1995,399.5,20942535.4
1996,399.6,21820000.0
1997,399.7,22470000.0
1998,399.8,22922501.743
1999,399.9,23240000.0
2000,400.0,23500000.0
2001,400.1,23820000.0
2002,400.2,24354281.185
2003,400.3,25280000.0
2004,400.4,26790000.0
2005,400.5,29118109.394
2006,400.6,32490000.0
2007,400.7,37119999.999
2008,400.8,43199999.999
2009,400.9,50907678.827
2010,401.0,60339999.999
2011,401.1,71549999.999
2012,401.2,84484590.044
2013,401.3,99009999.998
2014,401.4,114899999.998
2015,401.5,131699999.998
2016,401.6,149109417.665
2017,401.7,166499999.998
2018,401.8,183199999.998
2019,401.9,198699999.998
2020,402.0,212309185.267
2021,402.1,223499999.999
2022,402.2,231799999.999
2023,402.3,236773629.693
2024,402.4,238200000.0
2025,402.5,236000000.0
2026,402.6,230400000.001
2027,402.7,221602011.412
2028,402.8,210000000.001
2029,402.9,196100000.002
2030,403.0,180579506.453
2031,403.1,164000000.002
2032,403.2,146900000.002
2033,403.3,129900000.002
2034,403.4,113596852.227
2035,403.5,98350000.002
2036,403.6,84450000.002
2037,403.7,72122471.97
2038,403.8,61460000.001
2039,403.9,52500000.001
2040,404.0,45180000.001
2041,404.1,39385872.229
2042,404.2,34950000.0
2043,404.3,31690000.0
2044,404.4,29410000.0
2045,404.5,27904438.797
2046,404.6,27000000.0
2047,404.7,26530000.0
2048,404.8,26328578.53
2049,404.9,26270000.0
2050,405.0,26250000.0
2051,405.1,26200000.0
2052,405.2,26044338.686
2053,405.3,25750000.0
2054,405.4,25300000.0
2055,405.5,24691968.675
2056,405.6,23930000.0
2057,405.7,23030000.0
2058,405.8,22040000.0
2059,405.9,20980562.527
2060,406.0,19900000.0
2061,406.1,18850000.0
2062,406.2,17861332.432
2063,406.3,16980000.0
2064,406.4,16250000.0
2065,406.5,15690000.0
2066,406.6,15327824.52
2067,406.7,15190000.0
2068,406.8,15290000.0
2069,406.9,15610000.0
2070,407.0,16168595.435
2071,407.1,16950000.0
2072,407.2,17930000.0
2073,407.3,19091907.163
2074,407.4,20390000.0
2075,407.5,21780000.0
2076,407.6,23240000.0
2077,407.7,24701934.639
2078,407.8,26120000.0
2079,407.9,27450000.0
2080,408.0,28624014.438
2081,408.1,29600000.0
2082,408.2,30340000.0
2083,408.3,30800000.0
2084,408.4,30973652.872
2085,408.5,30850000.0
2086,408.6,30420000.0
2087,408.7,29698920.758
2088,408.8,28710000.0
2089,408.9,27480000.0
2090,409.0,26050000.0
2091,409.1,24469994.817
2092,409.2,22780000.0
2093,409.3,21020000.0
2094,409.4,19240000.0
2095,409.5,17482629.865
2096,409.6,15780000.0
2097,409.7,14160000.0
2098,409.8,12641634.367
2099,409.9,11240000.0
2100,410.0,9971000.0
2101,410.1,8851000.0
2102,410.2,7880758.851
2103,410.3,7062000.0
2104,410.4,6397000.0
2105,410.5,5884434.5
2106,410.6,5521000.0
2107,410.7,5303000.0
2108,410.8,5226000.0
2109,410.9,5283761.028
2110,411.0,5468000.0
2111,411.1,5770000.0
2112,411.2,6180613.407
2113,411.3,6689000.0
2114,411.4,7285000.0
2115,411.5,7961000.0
2116,411.6,8705621.126
2117,411.7,9516000.0
2118,411.8,10390000.0
2119,411.9,11320000.0
2120,412.0,12306486.302
2121,412.1,13360000.0
2122,412.2,14490000.0
2123,412.3,15695473.897
2124,412.4,16980000.0
2125,412.5,18350000.0
2126,412.6,19810000.0
2127,412.7,21343511.082
2128,412.8,22930000.0
2129,412.9,24550000.0
2130,413.0,26181240.876
2131,413.1,27780000.0
2132,413.2,29300000.0
2133,413.3,30700000.0
2134,413.4,31920469.944
2135,413.5,32920000.0
2136,413.6,33660000.0
2137,413.7,34095816.861
2138,413.8,34210000.0
2139,413.9,33990000.0
2140,414.0,33420000.0
2141,414.1,32515264.306
2142,414.2,31310000.0
2143,414.3,29840000.0
2144,414.4,28140000.0
2145,414.5,26260103.408
2146,414.6,24260000.0
2147,414.7,22200000.0
2148,414.8,20134912.071
2149,414.9,18110000.0
2150,415.0,16170000.0
2151,415.1,14360000.0
2152,415.2,12701646.782
2153,415.3,11210000.0
2154,415.4,9898000.0
2155,415.5,8768307.766
2156,415.6,7813000.0
2157,415.7,7021000.0
2158,415.8,6376000.0
2159,415.9,5856651.437
2160,416.0,5443000.0
2161,416.1,5115000.0
2162,416.2,4851012.778
2163,416.3,4634000.0
2164,416.4,4449000.0
2165,416.5,4284000.0
2166,416.6,4128941.743
2167,416.7,3979000.0
2168,416.8,3831000.0
2169,416.9,3684000.0
2170,417.0,3540741.134
2171,417.1,3404000.0
2172,417.2,3277000.0
2173,417.3,3165313.327
2174,417.4,3074000.0
2175,417.5,3007000.0
2176,417.6,2966000.0
2177,417.7,2955031.489
2178,417.8,2975000.0
2179,417.9,3025000.0
2180,418.0,3101380.609
2181,418.1,3201000.0
2182,418.2,3320000.0
2183,418.3,3451000.0
2184,418.4,3587825.917
2185,418.5,3724000.0
2186,418.6,3853000.0
2187,418.7,3969478.68
2188,418.8,4070000.0
2189,418.9,4152000.0
2190,419.0,4215000.0
2191,419.1,4260585.236
2192,419.2,4292000.0
2193,419.3,4314000.0
2194,419.4,4335000.0
2195,419.5,4361077.609
2196,419.6,4400000.0
2197,419.7,4460000.0
2198,419.8,4548003.946
2199,419.9,4669000.0
2200,420.0,4827000.0
2201,420.1,5024000.0
2202,420.2,5261419.456
2203,420.3,5538000.0
2204,420.4,5851000.0
2205,420.5,6194945.378
2206,420.6,6565000.0
2207,420.7,6957000.0
2208,420.8,7368000.0
2209,420.9,7797197.041
2210,421.0,8252000.0
2211,421.1,8745000.0
2212,421.2,9306382.311
2213,421.3,9990000.0
2214,421.4,10870000.0
2215,421.5,12080000.0
2216,421.6,13793478.738
2217,421.7,16300000.0
2218,421.8,19959999.999
2219,421.9,25309999.999
2220,422.0,33043725.861
2221,422.1,44169999.998
2222,422.2,59859999.998
2223,422.3,81706740.276
2224,422.4,111699999.996
2225,422.5,152099999.994
2226,422.6,205899999.992
2227,422.7,276259256.38
2228,422.8,366799999.987
2229,422.9,481299999.984
2230,423.0,623695221.541
2231,423.1,798099999.976
2232,423.2,1007999999.971
2233,423.3,1254999999.966
2234,423.4,1541998054.699
2235,423.5,1867999999.956
2236,423.6,2230999999.951
2237,423.7,2628414962.282
2238,423.8,3052999999.945
2239,423.9,3495999999.943
2240,424.0,3946999999.943
2241,424.1,4393194253.055
2242,424.2,4819999999.948
2243,424.3,5212999999.952
2244,424.4,5558999999.96
2245,424.5,5843318357.208
2246,424.6,6054999999.978
2247,424.7,6184999999.989
2248,424.8,6228146272.115
2249,424.9,6183000000.011
2250,425.0,6050000000.022
2251,425.1,5835000000.032
2252,425.2,5548347835.897
2253,425.3,5201000000.048
2254,425.4,4805000000.053
2255,425.5,4376267204.348
2256,425.6,3929000000.058
2257,425.7,3477000000.057
2258,425.8,3034000000.056
2259,425.9,2608993551.947
2260,426.0,2211000000.049
2261,426.1,1848000000.044
2262,426.2,1522518386.826
2263,426.3,1236000000.034
2264,426.4,989300000.029
2265,426.5,780600000.024
2266,426.6,607185719.273
2267,426.7,465600000.016
2268,426.8,352100000.013
2269,426.9,262600000.01
2270,427.0,193259896.58
2271,427.1,140600000.006
2272,427.2,101300000.004
2273,427.3,72526980.545
2274,427.4,52100000.002
2275,427.5,38080000.001
2276,427.6,28970000.001
2277,427.7,23614291.131
2278,427.8,21220000.0
2279,427.9,21130000.0
2280,428.0,22936070.552
2281,428.1,26399999.999
2282,428.2,31339999.999
2283,428.3,37689999.999
2284,428.4,45447666.197
2285,428.5,54679999.999
2286,428.6,65479999.998
2287,428.7,78003624.727
2288,428.8,92509999.998
2289,428.9,109299999.998
2290,429.0,128799999.997
2291,429.1,151663211.169
2292,429.2,178599999.996
2293,429.3,210399999.995
2294,429.4,248199999.995
2295,429.5,293361377.296
2296,429.6,347299999.992
2297,429.7,411499999.991
2298,429.8,487674509.691
2299,429.9,577499999.987
2300,430.0,682499999.985
2301,430.1,803799999.983
2302,430.2,942574213.175
2303,430.3,1098999999.978
2304,430.4,1272999999.976
2305,430.5,1464238105.541
2306,430.6,1670999999.972
2307,430.7,1890999999.97
2308,430.8,2120999999.969
2309,430.9,2357017813.403
2310,431.0,2593999999.969
2311,431.1,2826999999.97
2312,431.2,3051958508.152
2313,431.3,3262999999.973
2314,431.4,3453999999.976
2315,431.5,3619999999.98
2316,431.6,3756645262.876
2317,431.7,3860999999.989
2318,431.8,3929999999.993
2319,431.9,3959999999.999
2320,432.0,3951741244.118
2321,432.1,3905000000.009
2322,432.2,3820000000.014
2323,432.3,3700630715.702
2324,432.4,3550000000.022
2325,432.5,3371000000.025
2326,432.6,3168000000.028
2327,432.7,2947294516.066
2328,432.8,2714000000.032
2329,432.9,2473000000.032
2330,433.0,2229739199.501
2331,433.1,1989000000.032
2332,433.2,1755000000.03
2333,433.3,1531000000.029
2334,433.4,1321041903.995
2335,433.5,1127000000.025
2336,433.6,950200000.022
2337,433.7,792023259.674
2338,433.8,652500000.017
2339,433.9,531200000.015
2340,434.0,427300000.013
2341,434.1,339726432.169
2342,434.2,266900000.009
2343,434.3,207200000.007
2344,434.4,159200000.006
2345,434.5,121123675.164
2346,434.6,91540000.003
2347,434.7,69150000.003
2348,434.8,52764869.576
2349,434.9,41470000.001
2350,435.0,34480000.001
2351,435.1,31280000.0
2352,435.2,31541943.272
2353,435.3,35179999.999
2354,435.4,42199999.999
2355,435.5,52781549.049
2356,435.6,67269999.998
2357,435.7,86039999.997
2358,435.8,109499999.997
2359,435.9,138179596.558
2360,436.0,172399999.995
2361,436.1,212399999.994
2362,436.2,258296855.317
2363,436.3,309999999.993
2364,436.4,367199999.992
2365,436.5,428999999.991
2366,436.6,494563508.737
2367,436.7,562499999.991
2368,436.8,631199999.991
2369,436.9,698799999.991
2370,437.0,763269637.428
2371,437.1,822599999.992
2372,437.2,874799999.994
2373,437.3,918006786.848
2374,437.4,950799999.996
2375,437.5,971999999.998
2376,437.6,981000000.0
2377,437.7,977689294.731
2378,437.8,962700000.003
2379,437.9,937000000.004
2380,438.0,902256007.563
2381,438.1,860500000.006
2382,438.2,813900000.007
2383,438.3,765000000.007
2384,438.4,716467829.134
2385,438.5,670600000.006
2386,438.6,629600000.005
2387,438.7,595522698.67
2388,438.8,569700000.003
2389,438.9,553200000.002
2390,439.0,546600000.0
2391,439.1,549684886.016
2392,439.2,561899999.998
2393,439.3,582499999.997
2394,439.4,610099999.996
2395,439.5,642978912.331
2396,439.6,679399999.995
2397,439.7,717599999.995
2398,439.8,755739698.387
2399,439.9,792199999.995
2400,440.0,825499999.996
2401,440.1,854499999.996
2402,440.2,878398912.506
2403,440.3,896799999.998
2404,440.4,909499999.999
2405,440.5,916703802.607
2406,440.6,918700000.0
2407,440.7,915900000.001
2408,440.8,909100000.001
2409,440.9,898738142.308
2410,441.0,885200000.002
2411,441.1,868900000.002
2412,441.2,850200717.926
2413,441.3,829100000.003
2414,441.4,805500000.003
2415,441.5,779300000.004
2416,441.6,750407472.907
2417,441.7,718700000.005
2418,441.8,684100000.005
2419,441.9,646700000.005
2420,442.0,606578353.703
2421,442.1,564200000.006
2422,442.2,520100000.006
2423,442.3,474746231.379
2424,442.4,428900000.006
2425,442.5,383400000.006
2426,442.6,339000000.006
2427,442.7,296242516.282
2428,442.8,255800000.005
2429,442.9,218300000.005
2430,443.0,184015448.482
2431,443.1,153200000.004
2432,443.2,126000000.004
2433,443.3,102200000.003
2434,443.4,81898328.958
2435,443.5,64830000.002
2436,443.6,50630000.002
2437,443.7,39021756.067
2438,443.8,29690000.001
2439,443.9,22300000.001
2440,444.0,16520000.001
2441,444.1,12079193.394
2442,444.2,8724000.0
2443,444.3,6215000.0
2444,444.4,4369000.0
2445,444.5,3029027.126
2446,444.6,2075000.0
2447,444.7,1402000.0
2448,444.8,933588.811
2449,444.9,615000.0
2450,445.0,399300.0
2451,445.1,255800.0
2452,445.2,161385.332
2453,445.3,100900.0
2454,445.4,62140.0
2455,445.5,37617.194
2456,445.6,22640.0
2457,445.7,13390.0
2458,445.8,7819.0
2459,445.9,4485.308
2460,446.0,2561.0
2461,446.1,1437.0
2462,446.2,788.399
2463,446.3,434.6
2464,446.4,234.3
2465,446.5,124.6
2466,446.6,64.887
2467,446.7,33.9
2468,446.8,17.33
2469,446.9,8.741
2470,447.0,4.3
2471,447.1,2.138
2472,447.2,1.036
2473,447.3,0.482
2474,447.4,0.234
2475,447.5,0.109
2476,447.6,0.05
2477,447.7,0.022
2478,447.8,0.01
2479,447.9,0.004
2480,448.0,0.002
2481,448.1,0.001
2482,448.2,0.0
2483,448.3,0.0
2484,448.4,0.0
2485,448.5,0.001
2486,448.6,0.001
2487,448.7,0.002
2488,448.8,0.005
2489,448.9,0.01
2490,449.0,0.021
2491,449.1,0.04
2492,449.2,0.079
2493,449.3,0.152
2494,449.4,0.288
2495,449.5,0.535
2496,449.6,1.002
2497,449.7,1.833
2498,449.8,3.295
2499,449.9,5.913
2500,450.0,10.42
2501,450.1,18.14
2502,450.2,31.024
2503,450.3,52.98
2504,450.4,88.86
2505,450.5,146.75
2506,450.6,240.8
2507,450.7,389.2
2508,450.8,621.1
2509,450.9,976.739
2510,451.0,1524.0
2511,451.1,2344.0
2512,451.2,3556.691
2513,451.3,5341.0
2514,451.4,7912.0
2515,451.5,11580.0
2516,451.6,16728.01
2517,451.7,23890.0
2518,451.8,33680.0
2519,451.9,46900.0
2520,452.0,64499.107
2521,452.1,87610.0
2522,452.2,117500.0
2523,452.3,155761.773
2524,452.4,203900.0
2525,452.5,263500.0
2526,452.6,336500.0
2527,452.7,424375.291
2528,452.8,528500.0
2529,452.9,650100.0
2530,453.0,789759.003
2531,453.1,947900.0
2532,453.2,1124000.0
2533,453.3,1315000.0
2534,453.4,1520649.538
2535,453.5,1737000.0
2536,453.6,1959000.0
2537,453.7,2182005.952
2538,453.8,2401000.0
2539,453.9,2610000.0
2540,454.0,2801000.0
2541,454.1,2969688.472
2542,454.2,3110000.0
2543,454.3,3216000.0
2544,454.4,3285000.0
2545,454.5,3314312.679
2546,454.6,3303000.0
2547,454.7,3251000.0
2548,454.8,3160069.999
2549,454.9,3034000.0
2550,455.0,2877000.0
2551,455.1,2694000.0
2552,455.2,2492195.38
2553,455.3,2277000.0
2554,455.4,2054000.0
2555,455.5,1830912.234
2556,455.6,1612000.0
2557,455.7,1401000.0
2558,455.8,1203000.0
2559,455.9,1020409.832
2560,456.0,854700.0
2561,456.1,707100.0
2562,456.2,577849.372
2563,456.3,466300.0
2564,456.4,371600.0
2565,456.5,292600.0
2566,456.6,227523.898
2567,456.7,174700.0
2568,456.8,132500.0
2569,456.9,99240.0
2570,457.0,73405.817
2571,457.1,53650.0
2572,457.2,38710.0
2573,457.3,27572.406
2574,457.4,19420.0
2575,457.5,13510.0
2576,457.6,9274.0
2577,457.7,6282.317
2578,457.8,4213.0
2579,457.9,2787.0
2580,458.0,1817.617
2581,458.1,1175.0
2582,458.2,748.8
2583,458.3,471.3
2584,458.4,292.279
2585,458.5,179.9
2586,458.6,109.1
2587,458.7,65.038
2588,458.8,38.64
2589,458.9,22.57
2590,459.0,13.02
2591,459.1,7.383
2592,459.2,4.175
2593,459.3,2.32
2594,459.4,1.273
2595,459.5,0.685
2596,459.6,0.37
2597,459.7,0.195
2598,459.8,0.1
2599,459.9,0.053
2600,460.0,0.027
2601,460.1,0.014
2602,460.2,0.007
2603,460.3,0.003
2604,460.4,0.002
2605,460.5,0.002
2606,460.6,0.002
2607,460.7,0.004
2608,460.8,0.008
2609,460.9,0.017
2610,461.0,0.036
2611,461.1,0.075
2612,461.2,0.153
2613,461.3,0.313
2614,461.4,0.628
2615,461.5,1.243
2616,461.6,2.412
2617,461.7,4.702
2618,461.8,8.982
2619,461.9,16.96
2620,462.0,31.288
2621,462.1,58.31
2622,462.2,106.2
2623,462.3,190.159
2624,462.4,340.1
2625,462.5,597.9
2626,462.6,1039.0
2627,462.7,1773.735
2628,462.8,3025.0
2629,462.9,5071.0
2630,463.0,8376.916
2631,463.1,13750.0
2632,463.2,22240.0
2633,463.3,35560.0
2634,463.4,56039.084
2635,463.5,87690.0
2636,463.6,135300.0
2637,463.7,205954.954
2638,463.8,310600.0
2639,463.9,462400.0
2640,464.0,680300.0
2641,464.1,988528.56
2642,464.2,1421000.0
2643,464.3,2017000.0
2644,464.4,2829000.0
2645,464.5,3920476.065
2646,464.6,5372000.0
2647,464.7,7272000.0
2648,464.8,9727188.686
2649,464.9,12859999.999
2650,465.0,16799999.999
2651,465.1,21689999.999
2652,465.2,27665879.425
2653,465.3,34869999.999
2654,465.4,43439999.999
2655,465.5,53477759.851
2656,465.6,65049999.998
2657,465.7,78199999.998
2658,465.8,92899999.998
2659,465.9,109061812.366
2660,466.0,126499999.997
2661,466.1,144999999.997
2662,466.2,164282367.779
2663,466.3,183899999.997
2664,466.4,203399999.997
2665,466.5,222399999.997
2666,466.6,240298926.019
2667,466.7,256499999.998
2668,466.8,270499999.998
2669,466.9,281999999.998
2670,467.0,290479922.972
2671,467.1,295699999.999
2672,467.2,297500000.0
2673,467.3,295729231.313
2674,467.4,290500000.001
2675,467.5,282000000.002
2676,467.6,270500000.002
2677,467.7,256474911.747
2678,467.8,240300000.003
2679,467.9,222400000.003
2680,468.0,203476549.571
2681,468.1,184000000.003
2682,468.2,164400000.003
2683,468.3,145200000.003
2684,468.4,126724065.549
2685,468.5,109300000.003
2686,468.6,93230000.002
2687,468.7,78643905.412
2688,468.8,65620000.002
2689,468.9,54210000.002
2690,469.0,44370000.001
2691,469.1,36031424.633
2692,469.2,29100000.001
2693,469.3,23460000.001
2694,469.4,18950000.001
2695,469.5,15440965.962
2696,469.6,12800000.0
2697,469.7,10890000.0
2698,469.8,9580228.391
2699,469.9,8766000.0
2700,470.0,8351000.0
2701,470.1,8248000.0
2702,470.2,8381616.489
2703,470.3,8691000.0
2704,470.4,9122000.0
2705,470.5,9634228.216
2706,470.6,10190000.0
2707,470.7,10760000.0
2708,470.8,11340000.0
2709,470.9,11904963.557
2710,471.0,12450000.0
2711,471.1,12980000.0
2712,471.2,13508892.93
2713,471.3,14050000.0
2714,471.4,14620000.0
2715,471.5,15250000.0
2716,471.6,15967500.186
2717,471.7,16800000.0
2718,471.8,17780000.0
2719,471.9,18950000.0
2720,472.0,20329846.247
2721,472.1,21950000.0
2722,472.2,23840000.0
2723,472.3,26007993.601
2724,472.4,28460000.0
2725,472.5,31200000.0
2726,472.6,34220000.0
2727,472.7,37502580.027
2728,472.8,41009999.999
2729,472.9,44699999.999
2730,473.0,48526351.745
2731,473.1,52419999.999
2732,473.2,56309999.999
2733,473.3,60129999.999
2734,473.4,63780404.316
2735,473.5,67179999.999
2736,473.6,70250000.0
2737,473.7,72897819.229
2738,473.8,75050000.0
2739,473.9,76640000.0
2740,474.0,77610000.0
2741,474.1,77926182.073
2742,474.2,77570000.0
2743,474.3,76530000.0
2744,474.4,74820000.0
2745,474.5,72486120.536
2746,474.6,69580000.0
2747,474.7,66160000.001
2748,474.8,62313821.016
2749,474.9,58140000.001
2750,475.0,53730000.001
2751,475.1,49160000.001
2752,475.2,44550485.817
2753,475.3,39980000.001
2754,475.4,35520000.001
2755,475.5,31259008.743
2756,475.6,27240000.001
2757,475.7,23500000.001
2758,475.8,20090000.001
2759,475.9,17011573.932
2760,476.0,14270000.0
2761,476.1,11870000.0
2762,476.2,9795104.954
2763,476.3,8024000.0
2764,476.4,6535000.0
2765,476.5,5303000.0
2766,476.6,4297595.685
2767,476.7,3491000.0
2768,476.8,2856000.0
2769,476.9,2365000.0
2770,477.0,1995345.337
2771,477.1,1725000.0
2772,477.2,1533000.0
2773,477.3,1403357.727
2774,477.4,1321000.0
2775,477.5,1272000.0
2776,477.6,1247000.0
2777,477.7,1236873.298
2778,477.8,1234000.0
2779,477.9,1232000.0
2780,478.0,1227426.556
2781,478.1,1217000.0
2782,478.2,1198000.0
2783,478.3,1170000.0
2784,478.4,1131740.194
2785,478.5,1084000.0
2786,478.6,1028000.0
2787,478.7,964425.031
2788,478.8,894900.0
2789,478.9,821300.0
2790,479.0,745400.0
2791,479.1,669040.763
2792,479.2,593800.0
2793,479.3,521100.0
2794,479.4,452100.0
2795,479.5,387923.223
2796,479.6,329100.0
2797,479.7,276000.0
2798,479.8,228899.864
2799,479.9,187700.0
2800,480.0,152200.0
2801,480.1,122100.0
2802,480.2,96840.401
2803,480.3,75940.0
2804,480.4,58930.0
2805,480.5,45259.533
2806,480.6,34430.0
2807,480.7,25970.0
2808,480.8,19450.0
2809,480.9,14502.951
2810,481.0,10820.0
2811,481.1,8118.0
2812,481.2,6177.333
2813,481.3,4825.0
2814,481.4,3907.0
2815,481.5,3313.0
2816,481.6,2951.577
2817,481.7,2757.0
2818,481.8,2674.0
2819,481.9,2664.0
2820,482.0,2695.448
2821,482.1,2747.0
2822,482.2,2801.0
2823,482.3,2845.245
2824,482.4,2872.0
2825,482.5,2875.0
2826,482.6,2851.0
2827,482.7,2799.301
2828,482.8,2720.0
2829,482.9,2614.0
2830,483.0,2484.991
2831,483.1,2337.0
2832,483.2,2174.0
2833,483.3,2000.0
2834,483.4,1818.919
2835,483.5,1636.0
2836,483.6,1456.0
2837,483.7,1280.864
2838,483.8,1114.0
2839,483.9,958.7
2840,484.0,815.8
2841,484.1,686.466
2842,484.2,571.2
2843,484.3,470.1
2844,484.4,382.6
2845,484.5,307.88
2846,484.6,245.0
2847,484.7,192.9
2848,484.8,150.186
2849,484.9,115.6
2850,485.0,87.97
2851,485.1,66.22
2852,485.2,49.293
2853,485.3,36.3
2854,485.4,26.43
2855,485.5,19.023
2856,485.6,13.55
2857,485.7,9.539
2858,485.8,6.643
2859,485.9,4.571
2860,486.0,3.115
2861,486.1,2.098
2862,486.2,1.395
2863,486.3,0.92
2864,486.4,0.599
2865,486.5,0.386
2866,486.6,0.245
2867,486.7,0.155
2868,486.8,0.097
2869,486.9,0.059
2870,487.0,0.036
2871,487.1,0.022
2872,487.2,0.013
2873,487.3,0.008
2874,487.4,0.004
2875,487.5,0.003
2876,487.6,0.002
2877,487.7,0.001
2878,487.8,0.001
2879,487.9,0.001
2880,488.0,0.001
2881,488.1,0.001
2882,488.2,0.002
2883,488.3,0.004
2884,488.4,0.006
2885,488.5,0.011
2886,488.6,0.018
2887,488.7,0.029
2888,488.8,0.048
2889,488.9,0.078
2890,489.0,0.124
2891,489.1,0.196
2892,489.2,0.308
2893,489.3,0.477
2894,489.4,0.733
2895,489.5,1.112
2896,489.6,1.676
2897,489.7,2.499
2898,489.8,3.685
2899,489.9,5.392
2900,490.0,7.809
2901,490.1,11.2
2902,490.2,15.91
2903,490.3,22.42
2904,490.4,31.28
2905,490.5,43.237
2906,490.6,59.28
2907,490.7,80.54
2908,490.8,108.5
2909,490.9,144.833
2910,491.0,191.8
2911,491.1,251.9
2912,491.2,328.117
2913,491.3,424.1
2914,491.4,543.8
2915,491.5,691.9
2916,491.6,873.699
2917,491.7,1095.0
2918,491.8,1362.0
2919,491.9,1682.0
2920,492.0,2062.415
2921,492.1,2511.0
2922,492.2,3036.0
2923,492.3,3646.726
2924,492.4,4351.0
2925,492.5,5157.0
2926,492.6,6075.0
2927,492.7,7112.069
2928,492.8,8277.0
2929,492.9,9579.0
2930,493.0,11026.553
2931,493.1,12630.0
2932,493.2,14400.0
2933,493.3,16350.0
2934,493.4,18508.513
2935,493.5,20910.0
2936,493.6,23590.0
2937,493.7,26599.045
2938,493.8,30040.0
2939,493.9,34030.0
2940,494.0,38710.0
2941,494.1,44309.674
2942,494.2,51130.0
2943,494.3,59520.0
2944,494.4,69970.0
2945,494.5,83074.836
2946,494.6,99680.0
2947,494.7,120700.0
2948,494.8,147181.816
2949,494.9,180600.0
2950,495.0,222600.0
2951,495.1,275100.0
2952,495.2,340198.043
2953,495.3,420300.0
2954,495.4,518000.0
2955,495.5,636296.682
2956,495.6,778100.0
2957,495.7,946500.0
2958,495.8,1145000.0
2959,495.9,1375599.097
2960,496.0,1641000.0
2961,496.1,1944000.0
2962,496.2,2286381.759
2963,496.3,2669000.0
2964,496.4,3092000.0
2965,496.5,3554000.0
2966,496.6,4054528.409
2967,496.7,4590000.0
2968,496.8,5156000.0
2969,496.9,5748000.0
2970,497.0,6359595.529
2971,497.1,6984000.0
2972,497.2,7614000.0
2973,497.3,8240534.657
2974,497.4,8854000.0
2975,497.5,9446000.0
2976,497.6,10010000.0
2977,497.7,10532115.517
2978,497.8,11010000.0
2979,497.9,11440000.0
2980,498.0,11803953.642
2981,498.1,12100000.0
2982,498.2,12330000.0
2983,498.3,12490000.0
2984,498.4,12577016.907
2985,498.5,12590000.0
2986,498.6,12530000.0
2987,498.7,12403205.299
2988,498.8,12210000.0
2989,498.9,11950000.0
2990,499.0,11630000.0
2991,499.1,11266502.801
2992,499.2,10870000.0
2993,499.3,10450000.0
2994,499.4,10020000.0
2995,499.5,9594757.265
2996,499.6,9201000.0
2997,499.7,8868000.0
2998,499.8,8625401.431
2999,499.9,8514000.0
3000,500.0,8580000.0
3001,500.1,8880000.0
3002,500.2,9479320.868
3003,500.3,10460000.0
3004,500.4,11910000.0
3005,500.5,13929591.175
3006,500.6,16639999.999
3007,500.7,20169999.999
3008,500.8,24659999.999
3009,500.9,30256315.814
3010,501.0,37109999.999
3011,501.1,45369999.998
3012,501.2,55171246.618
3013,501.3,66639999.998
3014,501.4,79879999.998
3015,501.5,94929999.997
3016,501.6,111840524.878
3017,501.7,130499999.997
3018,501.8,150799999.996
3019,501.9,172699999.996
3020,502.0,195767060.284
3021,502.1,219699999.996
3022,502.2,244199999.996
3023,502.3,268725928.813
3024,502.4,292699999.996
3025,502.5,315599999.996
3026,502.6,336999999.996
3027,502.7,356185715.624
3028,502.8,372599999.997
3029,502.9,385799999.998
3030,503.0,395513184.149
3031,503.1,401399999.999
3032,503.2,403200000.0
3033,503.3,401000000.001
3034,503.4,394736203.229
3035,503.5,384600000.002
3036,503.6,370900000.003
3037,503.7,354074256.555
3038,503.8,334600000.004
3039,503.9,313000000.004
3040,504.0,289900000.004
3041,504.1,265737395.808
3042,504.2,241100000.004
3043,504.3,216600000.004
3044,504.4,192700000.004
3045,504.5,169731786.824
3046,504.6,148000000.004
3047,504.7,127800000.003
3048,504.8,109358771.143
3049,504.9,92760000.003
3050,505.0,78040000.002
3051,505.1,65180000.002
3052,505.2,54133362.77
3053,505.3,44800000.001
3054,505.4,37060000.001
3055,505.5,30771184.154
3056,505.6,25800000.001
3057,505.7,22010000.001
3058,505.8,19250000.0
3059,505.9,17408535.76
3060,506.0,16380000.0
3061,506.1,16060000.0
3062,506.2,16362037.281
3063,506.3,17230000.0
3064,506.4,18610000.0
3065,506.5,20440000.0
3066,506.6,22692757.028
3067,506.7,25340000.0
3068,506.8,28349999.999
3069,506.9,31689999.999
3070,507.0,35328055.047
3071,507.1,39219999.999
3072,507.2,43319999.999
3073,507.3,47581516.825
3074,507.4,51929999.999
3075,507.5,56289999.999
3076,507.6,60599999.999
3077,507.7,64762197.395
3078,507.8,68689999.999
3079,507.9,72299999.999
3080,508.0,75503433.729
3081,508.1,78230000.0
3082,508.2,80410000.0
3083,508.3,81970000.0
3084,508.4,82887776.196
3085,508.5,83140000.0
3086,508.6,82710000.0
3087,508.7,81622795.014
3088,508.8,79910000.0
3089,508.9,77610000.0
3090,509.0,74790000.001
3091,509.1,71519356.675
3092,509.2,67880000.001
3093,509.3,63960000.001
3094,509.4,59850000.001
3095,509.5,55619517.896
3096,509.6,51350000.001
3097,509.7,47120000.001
3098,509.8,42979645.56
3099,509.9,38980000.001
3100,510.0,35170000.001
3101,510.1,31580000.001
3102,510.2,28227734.063
3103,510.3,25120000.001
3104,510.4,22260000.0
3105,510.5,19646617.559
3106,510.6,17280000.0
3107,510.7,15150000.0
3108,510.8,13220000.0
3109,510.9,11499871.584
3110,511.0,9971000.0
3111,511.1,8608000.0
3112,511.2,7401701.683
3113,511.3,6338000.0
3114,511.4,5402000.0
3115,511.5,4584000.0
3116,511.6,3871761.418
3117,511.7,3255000.0
3118,511.8,2724000.0
3119,511.9,2269000.0
3120,512.0,1883011.096
3121,512.1,1558000.0
3122,512.2,1286000.0
3123,512.3,1061070.786
3124,512.4,877200.0
3125,512.5,728400.0
3126,512.6,609500.0
3127,512.7,516005.576
3128,512.8,443900.0
3129,512.9,389400.0
3130,513.0,349372.894
3131,513.1,321200.0
3132,513.2,302500.0
3133,513.3,291400.0
3134,513.4,286073.684
3135,513.5,285300.0
3136,513.6,288000.0
3137,513.7,293083.259
3138,513.8,299800.0
3139,513.9,307500.0
3140,514.0,315600.0
3141,514.1,323665.792
3142,514.2,331300.0
3143,514.3,338100.0
3144,514.4,343700.0
3145,514.5,347938.315
3146,514.6,350600.0
3147,514.7,351500.0
3148,514.8,350652.808
3149,514.9,348000.0
3150,515.0,343500.0
3151,515.1,337300.0
3152,515.2,329567.857
3153,515.3,320500.0
3154,515.4,310300.0
3155,515.5,299177.183
3156,515.6,287400.0
3157,515.7,275200.0
3158,515.8,262700.0
3159,515.9,250298.51
3160,516.0,238200.0
3161,516.1,226500.0
3162,516.2,215205.592
3163,516.3,204500.0
3164,516.4,194500.0
3165,516.5,185000.0
3166,516.6,176190.458
3167,516.7,168000.0
3168,516.8,160300.0
3169,516.9,153100.0
3170,517.0,146285.355
3171,517.1,139800.0
3172,517.2,133600.0
3173,517.3,127603.438
3174,517.4,121800.0
3175,517.5,116200.0
3176,517.6,110800.0
3177,517.7,105566.976
3178,517.8,100500.0
3179,517.9,95640.0
3180,518.0,91126.189
3181,518.1,87020.0
3182,518.2,83370.0
3183,518.3,80280.0
3184,518.4,77860.728
3185,518.5,76230.0
3186,518.6,75510.0
3187,518.7,75832.753
3188,518.8,77340.0
3189,518.9,80180.0
3190,519.0,84520.0
3191,519.1,90537.167
3192,519.2,98420.0
3193,519.3,108400.0
3194,519.4,120800.0
3195,519.5,135800.304
3196,519.6,153900.0
3197,519.7,175700.0
3198,519.8,201909.311
3199,519.9,233600.0
3200,520.0,272100.0
3201,520.1,319400.0
3202,520.2,377974.242
3203,520.3,451600.0
3204,520.4,544700.0
3205,520.5,663506.126
3206,520.6,816700.0
3207,520.7,1014000.0
3208,520.8,1268000.0
3209,520.9,1595847.271
3210,521.0,2018000.0
3211,521.1,2557000.0
3212,521.2,3241932.949
3213,521.3,4106000.0
3214,521.4,5185000.0
3215,521.5,6523000.0
3216,521.6,8166980.974
3217,521.7,10160000.0
3218,521.8,12550000.0
3219,521.9,15399999.999
3220,522.0,18747795.546
3221,522.1,22639999.999
3222,522.2,27119999.999
3223,522.3,32200953.914
3224,522.4,37889999.999
3225,522.5,44189999.999
3226,522.6,51079999.999
3227,522.7,58508923.231
3228,522.8,66399999.999
3229,522.9,74659999.998
3230,523.0,83159015.137
3231,523.1,91789999.998
3232,523.2,100399999.998
3233,523.3,108699999.999
3234,523.4,116625286.391
3235,523.5,123999999.999
3236,523.6,130599999.999
3237,523.7,136228622.359
3238,523.8,140799999.999
3239,523.9,144200000.0
3240,524.0,146200000.0
3241,524.1,146887880.46
3242,524.2,146200000.0
3243,524.3,144100000.0
3244,524.4,140800000.001
3245,524.5,136211810.942
3246,524.6,130500000.001
3247,524.7,123900000.001
3248,524.8,116557489.552
3249,524.9,108600000.002
3250,525.0,100200000.002
3251,525.1,91640000.002
3252,525.2,83016032.906
3253,525.3,74480000.002
3254,525.4,66200000.002
3255,525.5,58287722.101
3256,525.6,50840000.001
3257,525.7,43940000.001
3258,525.8,37620000.001
3259,525.9,31906239.207
3260,526.0,26810000.001
3261,526.1,22330000.001
3262,526.2,18433106.279
3263,526.3,15080000.001
3264,526.4,12230000.0
3265,526.5,9836000.0
3266,526.6,7851502.658
3267,526.7,6226000.0
3268,526.8,4909000.0
3269,526.9,3855000.0
3270,527.0,3021239.57
3271,527.1,2371000.0
3272,527.2,1870000.0
3273,527.3,1488870.11
3274,527.4,1204000.0
3275,527.5,993800.0
3276,527.6,840500.0
3277,527.7,730102.676
3278,527.8,651900.0
3279,527.9,596400.0
3280,528.0,556598.701
3281,528.1,527400.0
3282,528.2,504400.0
3283,528.3,484700.0
3284,528.4,466315.258
3285,528.5,447900.0
3286,528.6,428400.0
3287,528.7,407442.675
3288,528.8,385000.0
3289,528.9,361100.0
3290,529.0,335900.0
3291,529.1,309903.83
3292,529.2,283600.0
3293,529.3,257400.0
3294,529.4,231600.0
3295,529.5,206747.673
3296,529.6,183300.0
3297,529.7,161600.0
3298,529.8,141783.219
3299,529.9,124200.0
3300,530.0,109200.0
3301,530.1,96890.0
3302,530.2,87480.572
3303,530.3,81220.0
3304,530.4,78360.0
3305,530.5,79195.743
3306,530.6,84120.0
3307,530.7,93570.0
3308,530.8,108100.0
3309,530.9,128419.76
3310,531.0,155300.0
3311,531.1,189600.0
3312,531.2,232506.83
3313,531.3,285300.0
3314,531.4,349300.0
3315,531.5,426000.0
3316,531.6,517053.092
3317,531.7,624300.0
3318,531.8,749700.0
3319,531.9,895500.0
3320,532.0,1063913.805
3321,532.1,1257000.0
3322,532.2,1477000.0
3323,532.3,1726848.529
3324,532.4,2009000.0
3325,532.5,2326000.0
3326,532.6,2681000.0
3327,532.7,3075853.395
3328,532.8,3513000.0
3329,532.9,3995000.0
3330,533.0,4523925.509
3331,533.1,5102000.0
3332,533.2,5731000.0
3333,533.3,6411000.0
3334,533.4,7142609.834
3335,533.5,7925000.0
3336,533.6,8757000.0
3337,533.7,9637008.102
3338,533.8,10560000.0
3339,533.9,11520000.0
3340,534.0,12510000.0
3341,534.1,13520032.315
3342,534.2,14540000.0
3343,534.3,15560000.0
3344,534.4,16570000.0
3345,534.5,17556992.623
3346,534.6,18500000.0
3347,534.7,19380000.0
3348,534.8,20190885.253
3349,534.9,20920000.0
3350,535.0,21550000.0
3351,535.1,22060000.0
3352,535.2,22444986.778
3353,535.3,22700000.0
3354,535.4,22820000.0
3355,535.5,22803915.879
3356,535.6,22650000.0
3357,535.7,22360000.0
3358,535.8,21950000.0
3359,535.9,21433590.698
3360,536.0,20820000.0
3361,536.1,20120000.0
3362,536.2,19353152.768
3363,536.3,18540000.0
3364,536.4,17700000.0
3365,536.5,16850000.0
3366,536.6,16007588.264
3367,536.7,15190000.0
3368,536.8,14410000.0
3369,536.9,13670000.0
3370,537.0,12990477.922
3371,537.1,12380000.0
3372,537.2,11840000.0
3373,537.3,11365140.854
3374,537.4,10960000.0
3375,537.5,10630000.0
3376,537.6,10370000.0
3377,537.7,10168374.097
3378,537.8,10020000.0
3379,537.9,9922000.0
3380,538.0,9871222.38
3381,538.1,9860000.0
3382,538.2,9879000.0
3383,538.3,9919000.0
3384,538.4,9976205.059
3385,538.5,10040000.0
3386,538.6,10100000.0
3387,538.7,10153266.195
3388,538.8,10190000.0
3389,538.9,10200000.0
3390,539.0,10180000.0
3391,539.1,10125410.673
3392,539.2,10030000.0
3393,539.3,9889000.0
3394,539.4,9703000.0
3395,539.5,9469914.801
3396,539.6,9191000.0
3397,539.7,8869000.0
3398,539.8,8508020.035
3399,539.9,8113000.0
3400,540.0,7690000.0
3401,540.1,7248000.0
3402,540.2,6793671.226
3403,540.3,6336000.0
3404,540.4,5884000.0
3405,540.5,5444032.964
3406,540.6,5024000.0
3407,540.7,4632000.0
3408,540.8,4274000.0
3409,540.9,3953462.848
3410,541.0,3674000.0
3411,541.1,3439000.0
3412,541.2,3250101.946
3413,541.3,3108000.0
3414,541.4,3013000.0
3415,541.5,2964000.0
3416,541.6,2958455.228
3417,541.7,2995000.0
3418,541.8,3072000.0
3419,541.9,3186000.0
3420,542.0,3335619.82
3421,542.1,3518000.0
3422,542.2,3730000.0
3423,542.3,3969621.908
3424,542.4,4235000.0
3425,542.5,4524000.0
3426,542.6,4834000.0
3427,542.7,5163618.127
3428,542.8,5511000.0
3429,542.9,5874000.0
3430,543.0,6250187.161
3431,543.1,6637000.0
3432,543.2,7032000.0
3433,543.3,7433000.0
3434,543.4,7836531.463
3435,543.5,8238000.0
3436,543.6,8633000.0
3437,543.7,9017993.734
3438,543.8,9387000.0
3439,543.9,9735000.0
3440,544.0,10060000.0
3441,544.1,10349847.112
3442,544.2,10600000.0
3443,544.3,10810000.0
3444,544.4,10980000.0
3445,544.5,11097373.788
3446,544.6,11160000.0
3447,544.7,11170000.0
3448,544.8,11130366.577
3449,544.9,11040000.0
3450,545.0,10900000.0
3451,545.1,10720000.0
3452,545.2,10498625.139
3453,545.3,10250000.0
3454,545.4,9989000.0
3455,545.5,9716941.866
3456,545.6,9446000.0
3457,545.7,9191000.0
3458,545.8,8963000.0
3459,545.9,8774876.776
3460,546.0,8639000.0
3461,546.1,8567000.0
3462,546.2,8568726.28
3463,546.3,8653000.0
3464,546.4,8828000.0
3465,546.5,9099000.0
3466,546.6,9467722.486
3467,546.7,9938000.0
3468,546.8,10510000.0
3469,546.9,11170000.0
3470,547.0,11913119.508
3471,547.1,12730000.0
3472,547.2,13610000.0
3473,547.3,14541871.687
3474,547.4,15500000.0
3475,547.5,16460000.0
3476,547.6,17410000.0
3477,547.7,18318629.751
3478,547.8,19170000.0
3479,547.9,19950000.0
3480,548.0,20632117.486
3481,548.1,21200000.0
3482,548.2,21640000.0
3483,548.3,21940000.0
3484,548.4,22105128.014
3485,548.5,22140000.0
3486,548.6,22050000.0
3487,548.7,21851102.796
3488,548.8,21570000.0
3489,548.9,21240000.0
3490,549.0,20910000.0
3491,549.1,20627422.603
3492,549.2,20450000.0
3493,549.3,20450000.0
3494,549.4,20730000.0
3495,549.5,21359636.261
3496,549.6,22460000.0
3497,549.7,24160000.0
3498,549.8,26567616.066
3499,549.9,29839999.999
3500,550.0,34139999.999
3501,550.1,39609999.999
3502,550.2,46435751.243
3503,550.3,54789999.998
3504,550.4,64839999.998
3505,550.5,76756197.714
3506,550.6,90699999.997
3507,550.7,106799999.997
3508,550.8,125099999.996
3509,550.9,145724250.285
3510,551.0,168699999.995
3511,551.1,193999999.995
3512,551.2,221486677.982
3513,551.3,250899999.994
3514,551.4,281999999.994
3515,551.5,314599999.993
3516,551.6,348113989.638
3517,551.7,382099999.993
3518,551.8,416099999.993
3519,551.9,449399999.993
3520,552.0,481464422.594
3521,552.1,511599999.994
3522,552.2,539099999.995
3523,552.3,563423313.994
3524,552.4,583999999.996
3525,552.5,600299999.997
3526,552.6,611999999.998
3527,552.7,618765686.723
3528,552.8,620400000.0
3529,552.9,616800000.001
3530,553.0,608101231.665
3531,553.1,594600000.003
3532,553.2,576600000.004
3533,553.3,554400000.005
3534,553.4,528577209.447
3535,553.5,499800000.006
3536,553.6,468700000.006
3537,553.7,435799347.863
3538,553.8,401800000.007
3539,553.9,367400000.007
3540,554.0,333100000.007
3541,554.1,299469362.808
3542,554.2,267000000.006
3543,554.3,236100000.006
3544,554.4,207000000.006
3545,554.5,179990109.686
3546,554.6,155200000.005
3547,554.7,132700000.004
3548,554.8,112510950.984
3549,554.9,94590000.003
3550,555.0,78870000.003
3551,555.1,65230000.003
3552,555.2,53497899.352
3553,555.3,43510000.002
3554,555.4,35100000.002
3555,555.5,28078884.822
3556,555.6,22280000.001
3557,555.7,17540000.001
3558,555.8,13690000.001
3559,555.9,10600096.938
3560,556.0,8146000.0
3561,556.1,6208000.0
3562,556.2,4692509.12
3563,556.3,3521000.0
3564,556.4,2621000.0
3565,556.5,1936000.0
3566,556.6,1418966.922
3567,556.7,1033000.0
3568,556.8,745900.0
3569,556.9,534900.0
3570,557.0,380659.393
3571,557.1,269300.0
3572,557.2,189100.0
3573,557.3,131805.288
3574,557.4,91490.0
3575,557.5,63060.0
3576,557.6,43220.0
3577,557.7,29439.64
3578,557.8,20020.0
3579,557.9,13570.0
3580,558.0,9181.072
3581,558.1,6260.0
3582,558.2,4313.0
3583,558.3,3041.0
3584,558.4,2229.87
3585,558.5,1745.0
3586,558.6,1481.0
3587,558.7,1379.05
3588,558.8,1409.0
3589,558.9,1551.0
3590,559.0,1809.0
3591,559.1,2201.917
3592,559.2,2774.0
3593,559.3,3584.0
3594,559.4,4727.0
3595,559.5,6335.863
3596,559.6,8618.0
3597,559.7,11820.0
3598,559.8,16308.321
3599,559.9,22610.0
3600,560.0,31350.0
3601,560.1,43420.0
3602,560.2,59938.029
3603,560.3,82460.0
3604,560.4,112800.0
3605,560.5,153483.851
3606,560.6,207600.0
3607,560.7,278700.0
3608,560.8,371700.0
3609,560.9,491993.036
3610,561.0,646600.0
3611,561.1,843400.0
3612,561.2,1092069.97
3613,561.3,1403000.0
3614,561.4,1788000.0
3615,561.5,2263000.0
3616,561.6,2841618.744
3617,561.7,3542000.0
3618,561.8,4383000.0
3619,561.9,5382000.0
3620,562.0,6561092.877
3621,562.1,7942000.0
3622,562.2,9545000.0
3623,562.3,11388734.218
3624,562.4,13500000.0
3625,562.5,15899999.999
3626,562.6,18589999.999
3627,562.7,21602152.714
3628,562.8,24949999.999
3629,562.9,28639999.999
3630,563.0,32681693.699
3631,563.1,37089999.999
3632,563.2,41869999.999
3633,563.3,46999999.999
3634,563.4,52505165.148
3635,563.5,58379999.999
3636,563.6,64609999.999
3637,563.7,71190404.824
3638,563.8,78109999.999
3639,563.9,85349999.998
3640,564.0,92889999.998
3641,564.1,100744413.67
3642,564.2,108799999.998
3643,564.3,116999999.998
3644,564.4,125499999.998
3645,564.5,134011102.193
3646,564.6,142499999.998
3647,564.7,150999999.998
3648,564.8,159390986.819
3649,564.9,167499999.998
3650,565.0,175199999.998
3651,565.1,182499999.999
3652,565.2,189236111.713
3653,565.3,195299999.999
3654,565.4,200599999.999
3655,565.5,205014881.815
3656,565.6,208499999.999
3657,565.7,211000000.0
3658,565.8,212400000.0
3659,565.9,212787663.849
3660,566.0,212100000.0
3661,566.1,210300000.0
3662,566.2,207614787.722
3663,566.3,204100000.001
3664,566.4,199800000.001
3665,566.5,194900000.001
3666,566.6,189429743.034
3667,566.7,183600000.001
3668,566.8,177600000.001
3669,566.9,171400000.001
3670,567.0,165285116.381
3671,567.1,159400000.001
3672,567.2,153800000.001
3673,567.3,148470978.212
3674,567.4,143500000.001
3675,567.5,139000000.001
3676,567.6,135000000.001
3677,567.7,131347430.149
3678,567.8,128100000.001
3679,567.9,125300000.001
3680,568.0,122732258.434
3681,568.1,120400000.0
3682,568.2,118300000.0
3683,568.3,116200000.0
3684,568.4,114139900.633
3685,568.5,112100000.0
3686,568.6,110000000.0
3687,568.7,107707723.68
3688,568.8,105200000.001
3689,568.9,102500000.001
3690,569.0,99650000.001
3691,569.1,96590253.882
3692,569.2,93340000.001
3693,569.3,89940000.001
3694,569.4,86410000.001
3695,569.5,82792551.217
3696,569.6,79130000.001
3697,569.7,75460000.001
3698,569.8,71811733.306
3699,569.9,68220000.001
3700,570.0,64720000.001
3701,570.1,61340000.001
3702,570.2,58101525.03
3703,570.3,55010000.001
3704,570.4,52070000.001
3705,570.5,49292812.505
3706,570.6,46670000.001
3707,570.7,44190000.001
3708,570.8,41850000.0
3709,570.9,39640672.339
3710,571.0,37540000.0
3711,571.1,35530000.0
3712,571.2,33612949.994
3713,571.3,31770000.0
3714,571.4,29980000.0
3715,571.5,28240000.0
3716,571.6,26548607.077
3717,571.7,24900000.0
3718,571.8,23290000.0
3719,571.9,21720000.0
3720,572.0,20180339.559
3721,572.1,18680000.0
3722,572.2,17230000.0
3723,572.3,15828512.183
3724,572.4,14480000.0
3725,572.5,13190000.0
3726,572.6,11960000.0
3727,572.7,10795753.552
3728,572.8,9699000.0
3729,572.9,8671000.0
3730,573.0,7715551.678
3731,573.1,6832000.0
3732,573.2,6019000.0
3733,573.3,5277000.0
3734,573.4,4603669.386
3735,573.5,3996000.0
3736,573.6,3451000.0
3737,573.7,2965361.097
3738,573.8,2535000.0
3739,573.9,2156000.0
3740,574.0,1825000.0
3741,574.1,1536271.136
3742,574.2,1286000.0
3743,574.3,1071000.0
3744,574.4,887600.0
3745,574.5,731500.519
3746,574.6,599500.0
3747,574.7,488700.0
3748,574.8,396187.597
3749,574.9,319400.0
3750,575.0,256000.0
3751,575.1,204100.0
3752,575.2,161768.005
3753,575.3,127500.0
3754,575.4,99950.0
3755,575.5,77943.616
3756,575.6,60510.0
3757,575.7,46770.0
3758,575.8,36040.0
3759,575.9,27717.835
3760,576.0,21330.0
3761,576.1,16460.0
3762,576.2,12797.037
3763,576.3,10080.0
3764,576.4,8076.0
3765,576.5,6635.0
3766,576.6,5618.69
3767,576.7,4926.0
3768,576.8,4472.0
3769,576.9,4195.0
3770,577.0,4046.57
3771,577.1,3992.0
3772,577.2,4002.0
3773,577.3,4057.109
3774,577.4,4143.0
3775,577.5,4248.0
3776,577.6,4367.0
3777,577.7,4493.562
3778,577.8,4626.0
3779,577.9,4764.0
3780,578.0,4907.231
3781,578.1,5057.0
3782,578.2,5215.0
3783,578.3,5383.0
3784,578.4,5563.759
3785,578.5,5760.0
3786,578.6,5974.0
3787,578.7,6207.056
3788,578.8,6462.0
3789,578.9,6741.0
3790,579.0,7043.0
3791,579.1,7370.172
3792,579.2,7722.0
3793,579.3,8097.0
3794,579.4,8494.0
3795,579.5,8911.844
3796,579.6,9347.0
3797,579.7,9796.0
3798,579.8,10256.48
3799,579.9,10720.0
3800,580.0,11180.0
3801,580.1,11640.0
3802,580.2,12090.664
3803,580.3,12520.0
3804,580.4,12920.0
3805,580.5,13293.163
3806,580.6,13630.0
3807,580.7,13920.0
3808,580.8,14160.0
3809,580.9,14337.08
3810,581.0,14450.0
3811,581.1,14500.0
3812,581.2,14482.273
3813,581.3,14390.0
3814,581.4,14220.0
3815,581.5,13980.0
3816,581.6,13667.911
3817,581.7,13290.0
3818,581.8,12850.0
3819,581.9,12340.0
3820,582.0,11783.909
3821,582.1,11190.0
3822,582.2,10560.0
3823,582.3,9898.16
3824,582.4,9217.0
3825,582.5,8529.0
3826,582.6,7840.0
3827,582.7,7159.394
3828,582.8,6494.0
3829,582.9,5850.0
3830,583.0,5234.505
3831,583.1,4652.0
3832,583.2,4106.0
3833,583.3,3599.0
3834,583.4,3132.44
3835,583.5,2707.0
3836,583.6,2323.0
3837,583.7,1979.667
3838,583.8,1675.0
3839,583.9,1407.0
3840,584.0,1174.0
3841,584.1,972.275
3842,584.2,799.2
3843,584.3,652.4
3844,584.4,528.8
3845,584.5,425.507
3846,584.6,339.9
3847,584.7,269.5
3848,584.8,212.188
3849,584.9,165.9
3850,585.0,128.7
3851,585.1,99.14
3852,585.2,75.797
3853,585.3,57.54
3854,585.4,43.36
3855,585.5,32.428
3856,585.6,24.09
3857,585.7,17.76
3858,585.8,12.99
3859,585.9,9.43
3860,586.0,6.805
3861,586.1,4.871
3862,586.2,3.458
3863,586.3,2.441
3864,586.4,1.709
3865,586.5,1.187
3866,586.6,0.818
3867,586.7,0.561
3868,586.8,0.381
3869,586.9,0.257
3870,587.0,0.172
3871,587.1,0.114
3872,587.2,0.075
3873,587.3,0.049
3874,587.4,0.032
3875,587.5,0.021
3876,587.6,0.013
3877,587.7,0.009
3878,587.8,0.006
3879,587.9,0.004
3880,588.0,0.003
3881,588.1,0.003
3882,588.2,0.004
3883,588.3,0.005
3884,588.4,0.008
3885,588.5,0.012
3886,588.6,0.018
3887,588.7,0.027
3888,588.8,0.04
3889,588.9,0.059
3890,589.0,0.086
3891,589.1,0.126
3892,589.2,0.182
3893,589.3,0.262
3894,589.4,0.374
3895,589.5,0.53
3896,589.6,0.746
3897,589.7,1.042
3898,589.8,1.444
3899,589.9,1.988
3900,590.0,2.715
3901,590.1,3.682
3902,590.2,4.956
3903,590.3,6.625
3904,590.4,8.789
3905,590.5,11.573
3906,590.6,15.13
3907,590.7,19.63
3908,590.8,25.29
3909,590.9,32.342
3910,591.0,41.06
3911,591.1,51.74
3912,591.2,64.726
3913,591.3,80.38
3914,591.4,99.09
3915,591.5,121.3
3916,591.6,147.317
3917,591.7,177.6
3918,591.8,212.6
3919,591.9,252.6
3920,592.0,298.006
3921,592.1,349.0
3922,592.2,405.7
3923,592.3,468.196
3924,592.4,536.3
3925,592.5,609.8
3926,592.6,688.5
3927,592.7,771.618
3928,592.8,858.5
3929,592.9,948.3
3930,593.0,1039.506
3931,593.1,1132.0
3932,593.2,1225.0
3933,593.3,1315.0
3934,593.4,1402.815
3935,593.5,1487.0
3936,593.6,1566.0
3937,593.7,1640.952
3938,593.8,1711.0
3939,593.9,1776.0
3940,594.0,1840.0
3941,594.1,1903.897
3942,594.2,1973.0
3943,594.3,2054.0
3944,594.4,2154.0
3945,594.5,2284.401
3946,594.6,2462.0
3947,594.7,2705.0
3948,594.8,3035.222
3949,594.9,3485.0
3950,595.0,4091.0
3951,595.1,4898.0
3952,595.2,5960.072
3953,595.3,7346.0
3954,595.4,9130.0
3955,595.5,11400.178
3956,595.6,14270.0
3957,595.7,17860.0
3958,595.8,22300.0
3959,595.9,27742.463
3960,596.0,34360.0
3961,596.1,42330.0
3962,596.2,51836.798
3963,596.3,63080.0
3964,596.4,76260.0
3965,596.5,91580.0
3966,596.6,109261.63
3967,596.7,129400.0
3968,596.8,152100.0
3969,596.9,177600.0
3970,597.0,205967.415
3971,597.1,237100.0
3972,597.2,270900.0
3973,597.3,307359.524
3974,597.4,346300.0
3975,597.5,387400.0
3976,597.6,430100.0
3977,597.7,474150.748
3978,597.8,519000.0
3979,597.9,564000.0
3980,598.0,608517.956
3981,598.1,651800.0
3982,598.2,693100.0
3983,598.3,731800.0
3984,598.4,767181.686
3985,598.5,798500.0
3986,598.6,825100.0
3987,598.7,846625.752
3988,598.8,862600.0
3989,598.9,872600.0
3990,599.0,876600.0
3991,599.1,874596.41
3992,599.2,866700.0
3993,599.3,853100.0
3994,599.4,834200.0
3995,599.5,810619.969
3996,599.6,783000.0
3997,599.7,752000.0
3998,599.8,718403.776
3999,599.9,683100.0
4000,600.0,647000.0
4001,600.1,611000.0
4002,600.2,575886.612
4003,600.3,542400.0
4004,600.4,511300.0
4005,600.5,483367.59
4006,600.6,459100.0
4007,600.7,438900.0
4008,600.8,423100.0
4009,600.9,411955.993
4010,601.0,405500.0
4011,601.1,403700.0
4012,601.2,406441.008
4013,601.3,413400.0
4014,601.4,424200.0
4015,601.5,438400.0
4016,601.6,455387.493
4017,601.7,474600.0
4018,601.8,495400.0
4019,601.9,516900.0
4020,602.0,538596.914
4021,602.1,559700.0
4022,602.2,579400.0
4023,602.3,597200.555
4024,602.4,612500.0
4025,602.5,624700.0
4026,602.6,633400.0
4027,602.7,638254.666
4028,602.8,639100.0
4029,602.9,635800.0
4030,603.0,628215.857
4031,603.1,616500.0
4032,603.2,600900.0
4033,603.3,581700.0
4034,603.4,559139.606
4035,603.5,533700.0
4036,603.6,505900.0
4037,603.7,476176.209
4038,603.8,445100.0
4039,603.9,413200.0
4040,604.0,380800.0
4041,604.1,348566.959
4042,604.2,316900.0
4043,604.3,286100.0
4044,604.4,256500.0
4045,604.5,228477.695
4046,604.6,202200.0
4047,604.7,177800.0
4048,604.8,155462.438
4049,604.9,135200.0
4050,605.0,117000.0
4051,605.1,100900.0
4052,605.2,86796.589
4053,605.3,74610.0
4054,605.4,64270.0
4055,605.5,55673.196
4056,605.6,48700.0
4057,605.7,43230.0
4058,605.8,39150.0
4059,605.9,36356.702
4060,606.0,34750.0
4061,606.1,34230.0
4062,606.2,34700.374
4063,606.3,36080.0
4064,606.4,38290.0
4065,606.5,41250.0
4066,606.6,44893.043
4067,606.7,49140.0
4068,606.8,53910.0
4069,606.9,59130.0
4070,607.0,64716.864
4071,607.1,70570.0
4072,607.2,76590.0
4073,607.3,82691.463
4074,607.4,88770.0
4075,607.5,94710.0
4076,607.6,100400.0
4077,607.7,105787.352
4078,607.8,110700.0
4079,607.9,115000.0
4080,608.0,118754.796
4081,608.1,121800.0
4082,608.2,124000.0
4083,608.3,125500.0
4084,608.4,126094.093
4085,608.5,125800.0
4086,608.6,124700.0
4087,608.7,122789.756
4088,608.8,120100.0
4089,608.9,116700.0
4090,609.0,112700.0
4091,609.1,108080.572
4092,609.2,103000.0
4093,609.3,97610.0
4094,609.4,91880.0
4095,609.5,85977.064
4096,609.6,80000.0
4097,609.7,74020.0
4098,609.8,68132.58
4099,609.9,62410.0
4100,610.0,56920.0
4101,610.1,51730.0
4102,610.2,46866.242
4103,610.3,42380.0
4104,610.4,38320.0
4105,610.5,34692.903
4106,610.6,31520.0
4107,610.7,28830.0
4108,610.8,26650.0
4109,610.9,24995.544
4110,611.0,23900.0
4111,611.1,23400.0
4112,611.2,23529.953
4113,611.3,24350.0
4114,611.4,25930.0
4115,611.5,28350.0
4116,611.6,31697.678
4117,611.7,36090.0
4118,611.8,41650.0
4119,611.9,48500.0
4120,612.0,56780.954
4121,612.1,66640.0
4122,612.2,78220.0
4123,612.3,91653.427
4124,612.4,107100.0
4125,612.5,124700.0
4126,612.6,144500.0
4127,612.7,166564.374
4128,612.8,190900.0
4129,612.9,217500.0
4130,613.0,246332.904
4131,613.1,277200.0
4132,613.2,309900.0
4133,613.3,344300.0
4134,613.4,379966.619
4135,613.5,416500.0
4136,613.6,453500.0
4137,613.7,490456.668
4138,613.8,526900.0
4139,613.9,562300.0
4140,614.0,595900.0
4141,614.1,627192.431
4142,614.2,655700.0
4143,614.3,680900.0
4144,614.4,702200.0
4145,614.5,719207.328
4146,614.6,731600.0
4147,614.7,739100.0
4148,614.8,741604.1
4149,614.9,739100.0
4150,615.0,731600.0
4151,615.1,719200.0
4152,615.2,702170.649
4153,615.3,680900.0
4154,615.4,655800.0
4155,615.5,627331.567
4156,615.6,596100.0
4157,615.7,562700.0
4158,615.8,527600.0
4159,615.9,491430.812
4160,616.0,454800.0
4161,616.1,418300.0
4162,616.2,382499.766
4163,616.3,347800.0
4164,616.4,314600.0
4165,616.5,283400.0
4166,616.6,254483.572
4167,616.7,228100.0
4168,616.8,204500.0
4169,616.9,183900.0
4170,617.0,166453.03
4171,617.1,152200.0
4172,617.2,141200.0
4173,617.3,133633.239
4174,617.4,129500.0
4175,617.5,128800.0
4176,617.6,131700.0
4177,617.7,138208.139
4178,617.8,148300.0
4179,617.9,162000.0
4180,618.0,179460.867
4181,618.1,200700.0
4182,618.2,225700.0
4183,618.3,254500.0
4184,618.4,287169.129
4185,618.5,323600.0
4186,618.6,363700.0
4187,618.7,407552.871
4188,618.8,455000.0
4189,618.9,505800.0
4190,619.0,559700.0
4191,619.1,616459.226
4192,619.2,675700.0
4193,619.3,737000.0
4194,619.4,799900.0
4195,619.5,863874.547
4196,619.6,928300.0
4197,619.7,992600.0
4198,619.8,1056263.744
4199,619.9,1118000.0
4200,620.0,1177000.0
4201,620.1,1234000.0
4202,620.2,1286400.385
4203,620.3,1334000.0
4204,620.4,1377000.0
4205,620.5,1414027.061
4206,620.6,1445000.0
4207,620.7,1470000.0
4208,620.8,1488000.0
4209,620.9,1498293.693
4210,621.0,1502000.0
4211,621.1,1500000.0
4212,621.2,1491091.514
4213,621.3,1476000.0
4214,621.4,1456000.0
4215,621.5,1432000.0
4216,621.6,1404994.746
4217,621.7,1376000.0
4218,621.8,1346000.0
4219,621.9,1316000.0
4220,622.0,1287463.191
4221,622.1,1262000.0
4222,622.2,1241000.0
4223,622.3,1225181.853
4224,622.4,1216000.0
4225,622.5,1215000.0
4226,622.6,1223000.0
4227,622.7,1240218.922
4228,622.8,1267000.0
4229,622.9,1304000.0
4230,623.0,1352434.752
4231,623.1,1412000.0
4232,623.2,1482000.0
4233,623.3,1562000.0
4234,623.4,1651664.026
4235,623.5,1750000.0
4236,623.6,1856000.0
4237,623.7,1969090.354
4238,623.8,2088000.0
4239,623.9,2211000.0
4240,624.0,2336000.0
4241,624.1,2462602.851
4242,624.2,2589000.0
4243,624.3,2713000.0
4244,624.4,2833000.0
4245,624.5,2947819.296
4246,624.6,3056000.0
4247,624.7,3156000.0
4248,624.8,3246384.126
4249,624.9,3326000.0
4250,625.0,3394000.0
4251,625.1,3450000.0
4252,625.2,3492521.665
4253,625.3,3522000.0
4254,625.4,3539000.0
4255,625.5,3542604.261
4256,625.6,3533000.0
4257,625.7,3511000.0
4258,625.8,3478000.0
4259,625.9,3434415.705
4260,626.0,3381000.0
4261,626.1,3319000.0
4262,626.2,3250614.938
4263,626.3,3177000.0
4264,626.4,3099000.0
4265,626.5,3018000.0
4266,626.6,2936609.893
4267,626.7,2856000.0
4268,626.8,2777000.0
4269,626.9,2701000.0
4270,627.0,2629511.298
4271,627.1,2563000.0
4272,627.2,2502000.0
4273,627.3,2447986.003
4274,627.4,2401000.0
4275,627.5,2361000.0
4276,627.6,2329000.0
4277,627.7,2304836.391
4278,627.8,2288000.0
4279,627.9,2278000.0
4280,628.0,2274542.206
4281,628.1,2278000.0
4282,628.2,2288000.0
4283,628.3,2302000.0
4284,628.4,2321544.055
4285,628.5,2346000.0
4286,628.6,2374000.0
4287,628.7,2404864.593
4288,628.8,2438000.0
4289,628.9,2473000.0
4290,629.0,2510000.0
4291,629.1,2548109.046
4292,629.2,2586000.0
4293,629.3,2623000.0
4294,629.4,2660000.0
4295,629.5,2694560.75
4296,629.6,2726000.0
4297,629.7,2754000.0
4298,629.8,2777119.245
4299,629.9,2795000.0
4300,630.0,2807000.0
4301,630.1,2811000.0
4302,630.2,2807835.186
4303,630.3,2796000.0
4304,630.4,2774000.0
4305,630.5,2743041.338
4306,630.6,2702000.0
4307,630.7,2650000.0
4308,630.8,2589000.0
4309,630.9,2517448.162
4310,631.0,2436000.0
4311,631.1,2346000.0
4312,631.2,2248070.492
4313,631.3,2143000.0
4314,631.4,2032000.0
4315,631.5,1917000.0
4316,631.6,1798247.618
4317,631.7,1677000.0
4318,631.8,1555000.0
4319,631.9,1434000.0
4320,632.0,1314692.639
4321,632.1,1198000.0
4322,632.2,1085000.0
4323,632.3,976756.557
4324,632.4,874000.0
4325,632.5,777300.0
4326,632.6,687000.0
4327,632.7,603518.495
4328,632.8,526900.0
4329,632.9,457100.0
4330,633.0,394102.82
4331,633.1,337700.0
4332,633.2,287600.0
4333,633.3,243400.0
4334,633.4,204698.201
4335,633.5,171100.0
4336,633.6,142200.0
4337,633.7,117547.441
4338,633.8,96670.0
4339,633.9,79110.0
4340,634.0,64480.0
4341,634.1,52417.609
4342,634.2,42580.0
4343,634.3,34640.0
4344,634.4,28320.0
4345,634.5,23383.764
4346,634.6,19630.0
4347,634.7,16870.0
4348,634.8,14945.429
4349,634.9,13740.0
4350,635.0,13150.0
4351,635.1,13090.0
4352,635.2,13499.133
4353,635.3,14330.0
4354,635.4,15540.0
4355,635.5,17098.064
4356,635.6,18980.0
4357,635.7,21170.0
4358,635.8,23670.0
4359,635.9,26450.497
4360,636.0,29500.0
4361,636.1,32810.0
4362,636.2,36355.298
4363,636.3,40110.0
4364,636.4,44050.0
4365,636.5,48150.0
4366,636.6,52367.838
4367,636.7,56660.0
4368,636.8,60980.0
4369,636.9,65270.0
4370,637.0,69480.118
4371,637.1,73550.0
4372,637.2,77420.0
4373,637.3,81043.276
4374,637.4,84360.0
4375,637.5,87310.0
4376,637.6,89850.0
4377,637.7,91945.985
4378,637.8,93570.0
4379,637.9,94700.0
4380,638.0,95331.435
4381,638.1,95460.0
4382,638.2,95090.0
4383,638.3,94260.0
4384,638.4,93004.301
4385,638.5,91370.0
4386,638.6,89410.0
4387,638.7,87184.383
4388,638.8,84760.0
4389,638.9,82210.0
4390,639.0,79620.0
4391,639.1,77053.859
4392,639.2,74580.0
4393,639.3,72270.0
4394,639.4,70190.0
4395,639.5,68383.019
4396,639.6,66890.0
4397,639.7,65750.0
4398,639.8,64986.006
4399,639.9,64600.0
4400,640.0,64590.0
4401,640.1,64950.0
4402,640.2,65649.266
4403,640.3,66650.0
4404,640.4,67910.0
4405,640.5,69371.808
4406,640.6,70980.0
4407,640.7,72680.0
4408,640.8,74410.0
4409,640.9,76095.544
4410,641.0,77680.0
4411,641.1,79110.0
4412,641.2,80328.742
4413,641.3,81300.0
4414,641.4,81990.0
4415,641.5,82360.0
4416,641.6,82401.687
4417,641.7,82120.0
4418,641.8,81520.0
4419,641.9,80610.0
4420,642.0,79428.42
4421,642.1,78020.0
4422,642.2,76430.0
4423,642.3,74710.872
4424,642.4,72930.0
4425,642.5,71160.0
4426,642.6,69480.0
4427,642.7,67967.159
4428,642.8,66690.0
4429,642.9,65720.0
4430,643.0,65143.361
4431,643.1,65030.0
4432,643.2,65440.0
4433,643.3,66420.0
4434,643.4,68023.443
4435,643.5,70280.0
4436,643.6,73210.0
4437,643.7,76820.594
4438,643.8,81100.0
4439,643.9,86030.0
4440,644.0,91580.0
4441,644.1,97697.356
4442,644.2,104300.0
4443,644.3,111300.0
4444,644.4,118600.0
4445,644.5,126066.513
4446,644.6,133600.0
4447,644.7,141100.0
4448,644.8,148418.037
4449,644.9,155400.0
4450,645.0,161900.0
4451,645.1,167800.0
4452,645.2,172997.534
4453,645.3,177400.0
4454,645.4,180900.0
4455,645.5,183363.216
4456,645.6,184800.0
4457,645.7,185200.0
4458,645.8,184400.0
4459,645.9,182509.288
4460,646.0,179600.0
4461,646.1,175700.0
4462,646.2,170809.505
4463,646.3,165000.0
4464,646.4,158400.0
4465,646.5,151200.0
4466,646.6,143370.679
4467,646.7,135100.0
4468,646.8,126600.0
4469,646.9,117900.0
4470,647.0,109078.63
4471,647.1,100300.0
4472,647.2,91710.0
4473,647.3,83338.968
4474,647.4,75270.0
4475,647.5,67590.0
4476,647.6,60330.0
4477,647.7,53552.736
4478,647.8,47280.0
4479,647.9,41520.0
4480,648.0,36280.77
4481,648.1,31560.0
4482,648.2,27350.0
4483,648.3,23630.0
4484,648.4,20368.497
4485,648.5,17540.0
4486,648.6,15120.0
4487,648.7,13077.132
4488,648.8,11370.0
4489,648.9,9960.0
4490,649.0,8824.0
4491,649.1,7927.902
4492,649.2,7242.0
4493,649.3,6739.0
4494,649.4,6393.0
4495,649.5,6181.422
4496,649.6,6084.0
4497,649.7,6082.0
4498,649.8,6161.127
4499,649.9,6308.0
4500,650.0,6510.0
4501,650.1,6758.0
4502,650.2,7044.803
4503,650.3,7364.0
4504,650.4,7710.0
4505,650.5,8079.865
4506,650.6,8471.0
4507,650.7,8881.0
4508,650.8,9309.0
4509,650.9,9755.671
4510,651.0,10220.0
4511,651.1,10700.0
4512,651.2,11194.232
4513,651.3,11710.0
4514,651.4,12250.0
4515,651.5,12800.0
4516,651.6,13374.462
4517,651.7,13970.0
4518,651.8,14580.0
4519,651.9,15210.0
4520,652.0,15855.704
4521,652.1,16510.0
4522,652.2,17170.0
4523,652.3,17843.484
4524,652.4,18520.0
4525,652.5,19190.0
4526,652.6,19860.0
4527,652.7,20510.546
4528,652.8,21140.0
4529,652.9,21750.0
4530,653.0,22328.087
4531,653.1,22860.0
4532,653.2,23340.0
4533,653.3,23780.0
4534,653.4,24151.355
4535,653.5,24450.0
4536,653.6,24680.0
4537,653.7,24838.507
4538,653.8,24920.0
4539,653.9,24920.0
4540,654.0,24840.0
4541,654.1,24685.405
4542,654.2,24460.0
4543,654.3,24170.0
4544,654.4,23830.0
4545,654.5,23444.246
4546,654.6,23020.0
4547,654.7,22570.0
4548,654.8,22117.367
4549,654.9,21670.0
4550,655.0,21240.0
4551,655.1,20860.0
4552,655.2,20520.913
4553,655.3,20240.0
4554,655.4,20040.0
4555,655.5,19925.2
4556,655.6,19900.0
4557,655.7,19970.0
4558,655.8,20140.0
4559,655.9,20411.343
4560,656.0,20780.0
4561,656.1,21240.0
4562,656.2,21782.719
4563,656.3,22400.0
4564,656.4,23080.0
4565,656.5,23800.0
4566,656.6,24549.908
4567,656.7,25310.0
4568,656.8,26060.0
4569,656.9,26790.0
4570,657.0,27483.873
4571,657.1,28120.0
4572,657.2,28680.0
4573,657.3,29159.632
4574,657.4,29550.0
4575,657.5,29840.0
4576,657.6,30020.0
4577,657.7,30088.095
4578,657.8,30050.0
4579,657.9,29910.0
4580,658.0,29664.18
4581,658.1,29320.0
4582,658.2,28890.0
4583,658.3,28390.0
4584,658.4,27828.551
4585,658.5,27220.0
4586,658.6,26580.0
4587,658.7,25920.368
4588,658.8,25250.0
4589,658.9,24580.0
4590,659.0,23930.0
4591,659.1,23311.68
4592,659.2,22730.0
4593,659.3,22190.0
4594,659.4,21700.0
4595,659.5,21264.696
4596,659.6,20890.0
4597,659.7,20580.0
4598,659.8,20330.361
4599,659.9,20140.0
4600,660.0,20010.0
4601,660.1,19940.0
4602,660.2,19916.963
4603,660.3,19940.0
4604,660.4,20010.0
4605,660.5,20117.872
4606,660.6,20250.0
4607,660.7,20400.0
4608,660.8,20580.0
4609,660.9,20766.345
4610,661.0,20950.0
4611,661.1,21130.0
4612,661.2,21305.866
4613,661.3,21460.0
4614,661.4,21580.0
4615,661.5,21680.0
4616,661.6,21739.505
4617,661.7,21750.0
4618,661.8,21710.0
4619,661.9,21620.0
4620,662.0,21475.324
4621,662.1,21270.0
4622,662.2,21000.0
4623,662.3,20667.351
4624,662.4,20270.0
4625,662.5,19810.0
4626,662.6,19300.0
4627,662.7,18722.024
4628,662.8,18090.0
4629,662.9,17420.0
4630,663.0,16701.591
4631,663.1,15950.0
4632,663.2,15180.0
4633,663.3,14380.0
4634,663.4,13565.739
4635,663.5,12750.0
4636,663.6,11940.0
4637,663.7,11136.529
4638,663.8,10350.0
4639,663.9,9590.0
4640,664.0,8855.0
4641,664.1,8154.01
4642,664.2,7491.0
4643,664.3,6868.0
4644,664.4,6288.0
4645,664.5,5752.407
4646,664.6,5262.0
4647,664.7,4817.0
4648,664.8,4415.887
4649,664.9,4058.0
4650,665.0,3742.0
4651,665.1,3464.0
4652,665.2,3223.927
4653,665.3,3018.0
4654,665.4,2842.0
4655,665.5,2694.605
4656,665.6,2573.0
4657,665.7,2474.0
4658,665.8,2395.0
4659,665.9,2332.864
4660,666.0,2286.0
4661,666.1,2253.0
4662,666.2,2231.571
4663,666.3,2220.0
4664,666.4,2217.0
4665,666.5,2222.0
4666,666.6,2234.052
4667,666.7,2252.0
4668,666.8,2275.0
4669,666.9,2303.0
4670,667.0,2334.682
4671,667.1,2370.0
4672,667.2,2409.0
4673,667.3,2450.541
4674,667.4,2494.0
4675,667.5,2539.0
4676,667.6,2585.0
4677,667.7,2630.453
4678,667.8,2674.0
4679,667.9,2715.0
4680,668.0,2754.331
4681,668.1,2790.0
4682,668.2,2820.0
4683,668.3,2845.0
4684,668.4,2863.78
4685,668.5,2875.0
4686,668.6,2878.0
4687,668.7,2873.643
4688,668.8,2861.0
4689,668.9,2839.0
4690,669.0,2808.0
4691,669.1,2767.795
4692,669.2,2719.0
4693,669.3,2662.0
4694,669.4,2596.0
4695,669.5,2522.753
4696,669.6,2443.0
4697,669.7,2357.0
4698,669.8,2265.089
4699,669.9,2168.0
4700,670.0,2067.0
4701,670.1,1964.0
4702,670.2,1857.906
4703,670.3,1750.0
4704,670.4,1642.0
4705,670.5,1534.251
4706,670.6,1428.0
4707,670.7,1324.0
4708,670.8,1221.0
4709,670.9,1121.419
4710,671.0,1026.0
4711,671.1,934.7
4712,671.2,847.459
4713,671.3,764.7
4714,671.4,686.9
4715,671.5,614.2
4716,671.6,546.598
4717,671.7,484.1
4718,671.8,426.7
4719,671.9,374.3
4720,672.0,326.679
4721,672.1,283.7
4722,672.2,245.2
4723,672.3,210.825
4724,672.4,180.3
4725,672.5,153.4
4726,672.6,129.9
4727,672.7,109.403
4728,672.8,91.64
4729,672.9,76.37
4730,673.0,63.303
4731,673.1,52.19
4732,673.2,42.8
4733,673.3,34.91
4734,673.4,28.313
4735,673.5,22.84
4736,673.6,18.33
4737,673.7,14.629
4738,673.8,11.61
4739,673.9,9.158
4740,674.0,7.187
4741,674.1,5.609
4742,674.2,4.353
4743,674.3,3.359
4744,674.4,2.578
4745,674.5,1.967
4746,674.6,1.493
4747,674.7,1.126
4748,674.8,0.844
4749,674.9,0.63
4750,675.0,0.468
4751,675.1,0.345
4752,675.2,0.253
4753,675.3,0.184
4754,675.4,0.134
4755,675.5,0.096
4756,675.6,0.069
4757,675.7,0.049
4758,675.8,0.035
4759,675.9,0.025
4760,676.0,0.017
4761,676.1,0.012
4762,676.2,0.008
4763,676.3,0.006
4764,676.4,0.004
4765,676.5,0.003
4766,676.6,0.002
4767,676.7,0.001
4768,676.8,0.001
4769,676.9,0.001
4770,677.0,0.0
4771,677.1,0.0
4772,677.2,0.0
4773,677.3,0.0
4774,677.4,0.0
4775,677.5,0.0
4776,677.6,0.0
4777,677.7,0.0
4778,677.8,0.0
4779,677.9,0.0
4780,678.0,0.0
4781,678.1,0.0
4782,678.2,0.0
4783,678.3,0.0
4784,678.4,0.0
4785,678.5,0.0
4786,678.6,0.0
4787,678.7,0.0
4788,678.8,0.0
4789,678.9,0.0
4790,679.0,0.0
4791,679.1,0.0
4792,679.2,0.0
4793,679.3,0.0
4794,679.4,0.0
4795,679.5,0.0
4796,679.6,0.0
4797,679.7,0.0
4798,679.8,0.0
4799,679.9,0.0
4800,680.0,0.0
4801,680.1,0.0
4802,680.2,0.0
4803,680.3,0.0
4804,680.4,0.0
4805,680.5,0.0
4806,680.6,0.0
4807,680.7,0.0
4808,680.8,0.0
4809,680.9,0.0
4810,681.0,0.0
4811,681.1,0.0
4812,681.2,0.0
4813,681.3,0.0
4814,681.4,0.0
4815,681.5,0.0
4816,681.6,0.0
4817,681.7,0.0
4818,681.8,0.0
4819,681.9,0.0
4820,682.0,0.0
4821,682.1,0.0
4822,682.2,0.0
4823,682.3,0.0
4824,682.4,0.0
4825,682.5,0.0
4826,682.6,0.0
4827,682.7,0.0
4828,682.8,0.0
4829,682.9,0.0
4830,683.0,0.0
4831,683.1,0.0
4832,683.2,0.0
4833,683.3,0.0
4834,683.4,0.0
4835,683.5,0.0
4836,683.6,0.0
4837,683.7,0.0
4838,683.8,0.0
4839,683.9,0.0
4840,684.0,0.0
4841,684.1,0.0
4842,684.2,0.0
4843,684.3,0.0
4844,684.4,0.0
4845,684.5,0.0
4846,684.6,0.0
4847,684.7,0.0
4848,684.8,0.0
4849,684.9,0.0
4850,685.0,0.0
4851,685.1,0.0
4852,685.2,0.0
4853,685.3,0.0
4854,685.4,0.0
4855,685.5,0.0
4856,685.6,0.0
4857,685.7,0.0
4858,685.8,0.0
4859,685.9,0.0
4860,686.0,0.0
4861,686.1,0.0
4862,686.2,0.0
4863,686.3,0.0
4864,686.4,0.0
4865,686.5,0.0
4866,686.6,0.0
4867,686.7,0.0
4868,686.8,0.0
4869,686.9,0.0
4870,687.0,0.0
4871,687.1,0.0
4872,687.2,0.0
4873,687.3,0.0
4874,687.4,0.0
4875,687.5,0.0
4876,687.6,0.0
4877,687.7,0.0
4878,687.8,0.0
4879,687.9,0.0
4880,688.0,0.0
4881,688.1,0.0
4882,688.2,0.0
4883,688.3,0.0
4884,688.4,0.0
4885,688.5,0.0
4886,688.6,0.0
4887,688.7,0.0
4888,688.8,0.0
4889,688.9,0.0
4890,689.0,0.0
4891,689.1,0.0
4892,689.2,0.0
4893,689.3,0.0
4894,689.4,0.0
4895,689.5,0.0
4896,689.6,0.0
4897,689.7,0.0
4898,689.8,0.0
4899,689.9,0.0
4900,690.0,0.0
4901,690.1,0.0
4902,690.2,0.0
4903,690.3,0.0
4904,690.4,0.0
4905,690.5,0.0
4906,690.6,0.0
4907,690.7,0.0
4908,690.8,0.0
4909,690.9,0.0
4910,691.0,0.0
4911,691.1,0.0
4912,691.2,0.0
4913,691.3,0.0
4914,691.4,0.0
4915,691.5,0.0
4916,691.6,0.0
4917,691.7,0.0
4918,691.8,0.0
4919,691.9,0.0
4920,692.0,0.0
4921,692.1,0.0
4922,692.2,0.0
4923,692.3,0.0
4924,692.4,0.001
4925,692.5,0.001
4926,692.6,0.002
4927,692.7,0.002
4928,692.8,0.003
4929,692.9,0.005
4930,693.0,0.007
4931,693.1,0.011
4932,693.2,0.015
4933,693.3,0.021
4934,693.4,0.03
4935,693.5,0.043
4936,693.6,0.06
4937,693.7,0.083
4938,693.8,0.115
4939,693.9,0.158
4940,694.0,0.217
4941,694.1,0.295
4942,694.2,0.4
4943,694.3,0.54
4944,694.4,0.724
4945,694.5,0.966
4946,694.6,1.282
4947,694.7,1.693
4948,694.8,2.223
4949,694.9,2.904
4950,695.0,3.774
4951,695.1,4.878
4952,695.2,6.272
4953,695.3,8.021
4954,695.4,10.2
4955,695.5,12.906
4956,695.6,16.25
4957,695.7,20.35
4958,695.8,25.35
4959,695.9,31.409
4960,696.0,38.71
4961,696.1,47.45
4962,696.2,57.869
4963,696.3,70.2
4964,696.4,84.7
4965,696.5,101.7
4966,696.6,121.439
4967,696.7,144.2
4968,696.8,170.3
4969,696.9,200.1
4970,697.0,233.915
4971,697.1,272.0
4972,697.2,314.6
4973,697.3,361.95
4974,697.4,414.2
4975,697.5,471.5
4976,697.6,534.0
4977,697.7,601.535
4978,697.8,674.0
4979,697.9,751.2
4980,698.0,832.621
4981,698.1,918.4
4982,698.2,1008.0
4983,698.3,1099.0
4984,698.4,1193.233
4985,698.5,1289.0
4986,698.6,1384.0
4987,698.7,1478.275
4988,698.8,1571.0
4989,698.9,1661.0
4990,699.0,1747.0
4991,699.1,1827.146
4992,699.2,1901.0
4993,699.3,1968.0
4994,699.4,2026.0
4995,699.5,2074.492
4996,699.6,2113.0
4997,699.7,2141.0
4998,699.8,2158.205
4999,699.9,2164.0
5000,700.0,2158.0
5001,700.1,2141.0
5002,700.2,2113.375
5003,700.3,2075.0
5004,700.4,2026.0
5005,700.5,1967.675
5006,700.6,1901.0
5007,700.7,1827.0
5008,700.8,1747.0
5009,700.9,1660.999
5010,701.0,1571.0
5011,701.1,1479.0
5012,701.2,1384.789
5013,701.3,1289.0
5014,701.4,1193.0
5015,701.5,1099.0
5016,701.6,1007.334
5017,701.7,918.4
5018,701.8,832.8
5019,701.9,751.2
5020,702.0,673.992
5021,702.1,601.5
5022,702.2,534.0
5023,702.3,471.566
5024,702.4,414.2
5025,702.5,361.9
5026,702.6,314.6
5027,702.7,272.003
5028,702.8,233.9
5029,702.9,200.1
5030,703.0,170.321
5031,703.1,144.2
5032,703.2,121.4
5033,703.3,101.7
5034,703.4,84.726
5035,703.5,70.2
5036,703.6,57.87
5037,703.7,47.455
5038,703.8,38.71
5039,703.9,31.41
5040,704.0,25.35
5041,704.1,20.348
5042,704.2,16.25
5043,704.3,12.91
5044,704.4,10.2
5045,704.5,8.017
5046,704.6,6.271
5047,704.7,4.878
5048,704.8,3.773
5049,704.9,2.904
5050,705.0,2.223
5051,705.1,1.693
5052,705.2,1.282
5053,705.3,0.966
5054,705.4,0.724
5055,705.5,0.54
5056,705.6,0.4
5057,705.7,0.295
5058,705.8,0.217
5059,705.9,0.158
5060,706.0,0.115
5061,706.1,0.083
5062,706.2,0.06
5063,706.3,0.043
5064,706.4,0.03
5065,706.5,0.021
5066,706.6,0.015
5067,706.7,0.011
5068,706.8,0.007
5069,706.9,0.005
5070,707.0,0.003
5071,707.1,0.002
5072,707.2,0.002
5073,707.3,0.001
5074,707.4,0.001
5075,707.5,0.001
5076,707.6,0.0
5077,707.7,0.0
5078,707.8,0.0
5079,707.9,0.0
5080,708.0,0.0
5081,708.1,0.0
5082,708.2,0.0
5083,708.3,0.0
5084,708.4,0.0
5085,708.5,0.0
5086,708.6,0.0
5087,708.7,0.0
5088,708.8,0.0
5089,708.9,0.0
5090,709.0,0.0
5091,709.1,0.0
5092,709.2,0.0
5093,709.3,0.0
5094,709.4,0.0
5095,709.5,0.0
5096,709.6,0.0
5097,709.7,0.0
5098,709.8,0.0
5099,709.9,0.0
5100,710.0,0.0
5101,710.1,0.0
5102,710.2,0.0
5103,710.3,0.0
5104,710.4,0.0
5105,710.5,0.0
5106,710.6,0.0
5107,710.7,0.0
5108,710.8,0.0
5109,710.9,0.0
5110,711.0,0.0
5111,711.1,0.0
5112,711.2,0.0
5113,711.3,0.0
5114,711.4,0.0
5115,711.5,0.0
5116,711.6,0.0
5117,711.7,0.0
5118,711.8,0.0
5119,711.9,0.0
5120,712.0,0.0
5121,712.1,0.0
5122,712.2,0.0
5123,712.3,0.0
5124,712.4,0.0
5125,712.5,0.0
5126,712.6,0.0
5127,712.7,0.0
5128,712.8,0.0
5129,712.9,0.0
5130,713.0,0.0
5131,713.1,0.0
5132,713.2,0.0
5133,713.3,0.0
5134,713.4,0.0
5135,713.5,0.0
5136,713.6,0.0
5137,713.7,0.0
5138,713.8,0.0
5139,713.9,0.0
5140,714.0,0.0
5141,714.1,0.0
5142,714.2,0.0
5143,714.3,0.0
5144,714.4,0.0
5145,714.5,0.0
5146,714.6,0.0
5147,714.7,0.0
5148,714.8,0.0
5149,714.9,0.0
5150,715.0,0.0
5151,715.1,0.0
5152,715.2,0.0
5153,715.3,0.0
5154,715.4,0.0
5155,715.5,0.0
5156,715.6,0.0
5157,715.7,0.0
5158,715.8,0.0
5159,715.9,0.0
5160,716.0,0.0
5161,716.1,0.0
5162,716.2,0.0
5163,716.3,0.0
5164,716.4,0.0
5165,716.5,0.0
5166,716.6,0.0
5167,716.7,0.0
5168,716.8,0.0
5169,716.9,0.0
5170,717.0,0.0
5171,717.1,0.0
5172,717.2,0.0
5173,717.3,0.0
5174,717.4,0.0
5175,717.5,0.0
5176,717.6,0.0
5177,717.7,0.0
5178,717.8,0.0
5179,717.9,0.0
5180,718.0,0.0
5181,718.1,0.0
5182,718.2,0.0
5183,718.3,0.0
5184,718.4,0.0
5185,718.5,0.0
5186,718.6,0.0
5187,718.7,0.0
5188,718.8,0.0
5189,718.9,0.0
5190,719.0,0.0
5191,719.1,0.0
5192,719.2,0.0
5193,719.3,0.0
5194,719.4,0.0
5195,719.5,0.0
5196,719.6,0.0
5197,719.7,0.0
5198,719.8,0.0
5199,719.9,0.0
5200,720.0,0.0
5201,720.1,0.0
5202,720.2,0.0
5203,720.3,0.0
5204,720.4,0.0
5205,720.5,0.0
5206,720.6,0.0
5207,720.7,0.0
5208,720.8,0.0
5209,720.9,0.0
5210,721.0,0.0
5211,721.1,0.0
5212,721.2,0.0
5213,721.3,0.0
5214,721.4,0.0
5215,721.5,0.0
5216,721.6,0.0
5217,721.7,0.0
5218,721.8,0.0
5219,721.9,0.0
5220,722.0,0.0
5221,722.1,0.0
5222,722.2,0.0
5223,722.3,0.0
5224,722.4,0.0
5225,722.5,0.0
5226,722.6,0.0
5227,722.7,0.0
5228,722.8,0.0
5229,722.9,0.0
5230,723.0,0.0
5231,723.1,0.0
5232,723.2,0.0
5233,723.3,0.0
5234,723.4,0.0
5235,723.5,0.0
5236,723.6,0.0
5237,723.7,0.0
5238,723.8,0.0
5239,723.9,0.0
5240,724.0,0.0
5241,724.1,0.0
5242,724.2,0.0
5243,724.3,0.0
5244,724.4,0.0
5245,724.5,0.0
5246,724.6,0.0
5247,724.7,0.0
5248,724.8,0.0
5249,724.9,0.0
5250,725.0,0.0
5251,725.1,0.0
5252,725.2,0.0
5253,725.3,0.0
5254,725.4,0.0
5255,725.5,0.0
5256,725.6,0.0
5257,725.7,0.0
5258,725.8,0.0
5259,725.9,0.0
5260,726.0,0.0
5261,726.1,0.0
5262,726.2,0.0
5263,726.3,0.0
5264,726.4,0.0
5265,726.5,0.0
5266,726.6,0.0
5267,726.7,0.0
5268,726.8,0.0
5269,726.9,0.0
5270,727.0,0.0
5271,727.1,0.0
5272,727.2,0.0
5273,727.3,0.0
5274,727.4,0.0
5275,727.5,0.0
5276,727.6,0.0
5277,727.7,0.0
5278,727.8,0.0
5279,727.9,0.0
5280,728.0,0.0
5281,728.1,0.0
5282,728.2,0.0
5283,728.3,0.0
5284,728.4,0.0
5285,728.5,0.0
5286,728.6,0.0
5287,728.7,0.0
5288,728.8,0.0
5289,728.9,0.0
5290,729.0,0.0
5291,729.1,0.0
5292,729.2,0.0
5293,729.3,0.0
5294,729.4,0.0
5295,729.5,0.0
5296,729.6,0.0
5297,729.7,0.0
5298,729.8,0.0
5299,729.9,0.0
5300,730.0,0.0
5301,730.1,0.0
5302,730.2,0.0
5303,730.3,0.0
5304,730.4,0.0
5305,730.5,0.0
5306,730.6,0.0
5307,730.7,0.0
5308,730.8,0.0
5309,730.9,0.0
5310,731.0,0.0
5311,731.1,0.0
5312,731.2,0.0
5313,731.3,0.0
5314,731.4,0.0
5315,731.5,0.0
5316,731.6,0.0
5317,731.7,0.0
5318,731.8,0.0
5319,731.9,0.0
5320,732.0,0.0
5321,732.1,0.0
5322,732.2,0.0
5323,732.3,0.0
5324,732.4,0.0
5325,732.5,0.0
5326,732.6,0.0
5327,732.7,0.0
5328,732.8,0.0
5329,732.9,0.0
5330,733.0,0.0
5331,733.1,0.0
5332,733.2,0.0
5333,733.3,0.0
5334,733.4,0.0
5335,733.5,0.0
5336,733.6,0.0
5337,733.7,0.0
5338,733.8,0.0
5339,733.9,0.0
5340,734.0,0.0
5341,734.1,0.0
5342,734.2,0.0
5343,734.3,0.0
5344,734.4,0.0
5345,734.5,0.0
5346,734.6,0.0
5347,734.7,0.0
5348,734.8,0.0
5349,734.9,0.0
5350,735.0,0.0
5351,735.1,0.0
5352,735.2,0.0
5353,735.3,0.0
5354,735.4,0.0
5355,735.5,0.0
5356,735.6,0.0
5357,735.7,0.0
5358,735.8,0.0
5359,735.9,0.0
5360,736.0,0.001
5361,736.1,0.001
5362,736.2,0.001
5363,736.3,0.002
5364,736.4,0.002
5365,736.5,0.003
5366,736.6,0.005
5367,736.7,0.007
5368,736.8,0.009
5369,736.9,0.013
5370,737.0,0.018
5371,737.1,0.026
5372,737.2,0.036
5373,737.3,0.049
5374,737.4,0.067
5375,737.5,0.092
5376,737.6,0.125
5377,737.7,0.169
5378,737.8,0.228
5379,737.9,0.305
5380,738.0,0.407
5381,738.1,0.54
5382,738.2,0.714
5383,738.3,0.94
5384,738.4,1.231
5385,738.5,1.604
5386,738.6,2.08
5387,738.7,2.685
5388,738.8,3.452
5389,738.9,4.416
5390,739.0,5.622
5391,739.1,7.122
5392,739.2,8.988
5393,739.3,11.29
5394,739.4,14.1
5395,739.5,17.538
5396,739.6,21.72
5397,739.7,26.77
5398,739.8,32.846
5399,739.9,40.11
5400,740.0,48.74
5401,740.1,58.97
5402,740.2,71.018
5403,740.3,85.11
5404,740.4,101.5
5405,740.5,120.527
5406,740.6,142.5
5407,740.7,167.7
5408,740.8,196.4
5409,740.9,228.985
5410,741.0,265.7
5411,741.1,306.8
5412,741.2,352.717
5413,741.3,403.7
5414,741.4,459.9
5415,741.5,521.4
5416,741.6,588.483
5417,741.7,661.2
5418,741.8,739.5
5419,741.9,823.2
5420,742.0,912.015
5421,742.1,1006.0
5422,742.2,1105.0
5423,742.3,1207.858
5424,742.4,1314.0
5425,742.5,1423.0
5426,742.6,1534.0
5427,742.7,1645.798
5428,742.8,1758.0
5429,742.9,1870.0
5430,743.0,1979.729
5431,743.1,2086.0
5432,743.2,2188.0
5433,743.3,2285.0
5434,743.4,2375.902
5435,743.5,2459.0
5436,743.6,2533.0
5437,743.7,2598.19
5438,743.8,2653.0
5439,743.9,2696.0
5440,744.0,2728.0
5441,744.1,2748.061
5442,744.2,2756.0
5443,744.3,2752.0
5444,744.4,2736.0
5445,744.5,2707.381
5446,744.6,2667.0
5447,744.7,2616.0
5448,744.8,2554.91
5449,744.9,2484.0
5450,745.0,2404.0
5451,745.1,2317.0
5452,745.2,2223.399
5453,745.3,2124.0
5454,745.4,2020.0
5455,745.5,1912.988
5456,745.6,1804.0
5457,745.7,1694.0
5458,745.8,1584.0
5459,745.9,1474.138
5460,746.0,1366.0
5461,746.1,1261.0
5462,746.2,1158.631
5463,746.3,1060.0
5464,746.4,966.2
5465,746.5,876.6
5466,746.6,791.974
5467,746.7,712.5
5468,746.8,638.2
5469,746.9,569.4
5470,747.0,505.803
5471,747.1,447.4
5472,747.2,394.2
5473,747.3,345.842
5474,747.4,302.1
5475,747.5,262.8
5476,747.6,227.7
5477,747.7,196.474
5478,747.8,168.8
5479,747.9,144.4
5480,748.0,123.089
5481,748.1,104.5
5482,748.2,88.28
5483,748.3,74.3
5484,748.4,62.287
5485,748.5,52.0
5486,748.6,43.23
5487,748.7,35.798
5488,748.8,29.53
5489,748.9,24.26
5490,749.0,19.86
5491,749.1,16.198
5492,749.2,13.17
5493,749.3,10.68
5494,749.4,8.642
5495,749.5,6.99
5496,749.6,5.665
5497,749.7,4.613
5498,749.8,3.791
5499,749.9,3.167
5500,750.0,2.711
5501,750.1,2.401
5502,750.2,2.22
5503,750.3,2.157
5504,750.4,2.204
5505,750.5,2.356
5506,750.6,2.614
5507,750.7,2.98
5508,750.8,3.459
5509,750.9,4.059
5510,751.0,4.792
5511,751.1,5.669
5512,751.2,6.704
5513,751.3,7.913
5514,751.4,9.315
5515,751.5,10.93
5516,751.6,12.771
5517,751.7,14.86
5518,751.8,17.22
5519,751.9,19.86
5520,752.0,22.807
5521,752.1,26.08
5522,752.2,29.69
5523,752.3,33.643
5524,752.4,37.95
5525,752.5,42.62
5526,752.6,47.64
5527,752.7,53.01
5528,752.8,58.72
5529,752.9,64.75
5530,753.0,71.073
5531,753.1,77.66
5532,753.2,84.48
5533,753.3,91.48
5534,753.4,98.608
5535,753.5,105.8
5536,753.6,113.0
5537,753.7,120.171
5538,753.8,127.2
5539,753.9,134.0
5540,754.0,140.6
5541,754.1,146.819
5542,754.2,152.6
5543,754.3,157.9
5544,754.4,162.6
5545,754.5,166.733
5546,754.6,170.2
5547,754.7,172.9
5548,754.8,174.882
5549,754.9,176.1
5550,755.0,176.5
5551,755.1,176.1
5552,755.2,174.882
5553,755.3,172.9
5554,755.4,170.2
5555,755.5,166.733
5556,755.6,162.6
5557,755.7,157.9
5558,755.8,152.6
5559,755.9,146.819
5560,756.0,140.6
5561,756.1,134.0
5562,756.2,127.201
5563,756.3,120.2
5564,756.4,113.0
5565,756.5,105.8
5566,756.6,98.61
5567,756.7,91.48
5568,756.8,84.48
5569,756.9,77.66
5570,757.0,71.072
5571,757.1,64.75
5572,757.2,58.72
5573,757.3,53.01
5574,757.4,47.64
5575,757.5,42.62
5576,757.6,37.95
5577,757.7,33.643
5578,757.8,29.69
5579,757.9,26.08
5580,758.0,22.805
5581,758.1,19.85
5582,758.2,17.2
5583,758.3,14.84
5584,758.4,12.742
5585,758.5,10.89
5586,758.6,9.27
5587,758.7,7.853
5588,758.8,6.621
5589,758.9,5.558
5590,759.0,4.645
5591,759.1,3.864
5592,759.2,3.2
5593,759.3,2.638
5594,759.4,2.166
5595,759.5,1.77
5596,759.6,1.441
5597,759.7,1.169
5598,759.8,0.945
5599,759.9,0.763
5600,760.0,0.616
5601,760.1,0.499
5602,760.2,0.408
5603,760.3,0.339
5604,760.4,0.29
5605,760.5,0.26
5606,760.6,0.247
5607,760.7,0.252
5608,760.8,0.275
5609,760.9,0.32
5610,761.0,0.39
5611,761.1,0.489
5612,761.2,0.625
5613,761.3,0.807
5614,761.4,1.045
5615,761.5,1.355
5616,761.6,1.754
5617,761.7,2.264
5618,761.8,2.913
5619,761.9,3.735
5620,762.0,4.77
5621,762.1,6.069
5622,762.2,7.689
5623,762.3,9.699
5624,762.4,12.19
5625,762.5,15.26
5626,762.6,19.02
5627,762.7,23.6
5628,762.8,29.17
5629,762.9,35.91
5630,763.0,44.023
5631,763.1,53.75
5632,763.2,65.35
5633,763.3,79.13
5634,763.4,95.434
5635,763.5,114.6
5636,763.6,137.0
5637,763.7,163.154
5638,763.8,193.6
5639,763.9,228.8
5640,764.0,269.1
5641,764.1,315.304
5642,764.2,368.0
5643,764.3,427.7
5644,764.4,495.0
5645,764.5,570.578
5646,764.6,655.0
5647,764.7,748.8
5648,764.8,852.539
5649,764.9,966.8
5650,765.0,1092.0
5651,765.1,1228.0
5652,765.2,1375.065
5653,765.3,1534.0
5654,765.4,1705.0
5655,765.5,1886.166
5656,765.6,2078.0
5657,765.7,2281.0
5658,765.8,2493.0
5659,765.9,2713.046
5660,766.0,2941.0
5661,766.1,3176.0
5662,766.2,3414.711
5663,766.3,3656.0
5664,766.4,3899.0
5665,766.5,4141.0
5666,766.6,4379.439
5667,766.7,4613.0
5668,766.8,4840.0
5669,766.9,5057.0
5670,767.0,5262.834
5671,767.1,5455.0
5672,767.2,5631.0
5673,767.3,5790.186
5674,767.4,5931.0
5675,767.5,6052.0
5676,767.6,6153.0
5677,767.7,6232.539
5678,767.8,6292.0
5679,767.9,6333.0
5680,768.0,6355.444
5681,768.1,6362.0
5682,768.2,6356.0
5683,768.3,6341.0
5684,768.4,6323.738
5685,768.5,6310.0
5686,768.6,6306.0
5687,768.7,6321.767
5688,768.8,6369.0
5689,768.9,6460.0
5690,769.0,6609.0
5691,769.1,6832.739
5692,769.2,7152.0
5693,769.3,7589.0
5694,769.4,8169.0
5695,769.5,8922.219
5696,769.6,9881.0
5697,769.7,11080.0
5698,769.8,12563.056
5699,769.9,14380.0
5700,770.0,16580.0
5701,770.1,19210.0
5702,770.2,22333.38
5703,770.3,26020.0
5704,770.4,30340.0
5705,770.5,35362.971
5706,770.6,41160.0
5707,770.7,47810.0
5708,770.8,55410.0
5709,770.9,64025.729
5710,771.0,73740.0
5711,771.1,84630.0
5712,771.2,96743.245
5713,771.3,110200.0
5714,771.4,125100.0
5715,771.5,141400.0
5716,771.6,159116.14
5717,771.7,178300.0
5718,771.8,199000.0
5719,771.9,221200.0
5720,772.0,244761.875
5721,772.1,269700.0
5722,772.2,296000.0
5723,772.3,323399.312
5724,772.4,351800.0
5725,772.5,381100.0
5726,772.6,411000.0
5727,772.7,441345.021
5728,772.8,471900.0
5729,772.9,502400.0
5730,773.0,532593.319
5731,773.1,562200.0
5732,773.2,590900.0
5733,773.3,618300.0
5734,773.4,644175.15
5735,773.5,668300.0
5736,773.6,690400.0
5737,773.7,710105.45
5738,773.8,727200.0
5739,773.9,741500.0
5740,774.0,752800.0
5741,774.1,761008.141
5742,774.2,766000.0
5743,774.3,767700.0
5744,774.4,766200.0
5745,774.5,761359.854
5746,774.6,753300.0
5747,774.7,742200.0
5748,774.8,728145.499
5749,774.9,711300.0
5750,775.0,691900.0
5751,775.1,670300.0
5752,775.2,646676.732
5753,775.3,621300.0
5754,775.4,594500.0
5755,775.5,566664.285
5756,775.6,538100.0
5757,775.7,509100.0
5758,775.8,480000.0
5759,775.9,451121.376
5760,776.0,422700.0
5761,776.1,395000.0
5762,776.2,368412.988
5763,776.3,343100.0
5764,776.4,319200.0
5765,776.5,297000.0
5766,776.6,276673.215
5767,776.7,258400.0
5768,776.8,242300.0
5769,776.9,228300.0
5770,777.0,216603.046
5771,777.1,207300.0
5772,777.2,200400.0
5773,777.3,195840.538
5774,777.4,193700.0
5775,777.5,194000.0
5776,777.6,196500.0
5777,777.7,201307.023
5778,777.8,208300.0
5779,777.9,217300.0
5780,778.0,228251.314
5781,778.1,241100.0
5782,778.2,255700.0
5783,778.3,271700.0
5784,778.4,289105.112
5785,778.5,307700.0
5786,778.6,327200.0
5787,778.7,347396.202
5788,778.8,368100.0
5789,778.9,389100.0
5790,779.0,410100.0
5791,779.1,430829.922
5792,779.2,451100.0
5793,779.3,470700.0
5794,779.4,489300.0
5795,779.5,506668.339
5796,779.6,522600.0
5797,779.7,536900.0
5798,779.8,549417.825
5799,779.9,560000.0
5800,780.0,568500.0
5801,780.1,574800.0
5802,780.2,578769.994
5803,780.3,580400.0
5804,780.4,579700.0
5805,780.5,576660.803
5806,780.6,571400.0
5807,780.7,564000.0
5808,780.8,554400.0
5809,780.9,542930.463
5810,781.0,529700.0
5811,781.1,514800.0
5812,781.2,498551.055
5813,781.3,481100.0
5814,781.4,462600.0
5815,781.5,443400.0
5816,781.6,423640.938
5817,781.7,403500.0
5818,781.8,383200.0
5819,781.9,363000.0
5820,782.0,343049.531
5821,782.1,323500.0
5822,782.2,304500.0
5823,782.3,286158.146
5824,782.4,268600.0
5825,782.5,251900.0
5826,782.6,236000.0
5827,782.7,221117.965
5828,782.8,207300.0
5829,782.9,194500.0
5830,783.0,182605.518
5831,783.1,171600.0
5832,783.2,161500.0
5833,783.3,152300.0
5834,783.4,143884.078
5835,783.5,136200.0
5836,783.6,129200.0
5837,783.7,122778.514
5838,783.8,116900.0
5839,783.9,111500.0
5840,784.0,106400.0
5841,784.1,101676.99
5842,784.2,97260.0
5843,784.3,93040.0
5844,784.4,88990.0
5845,784.5,85083.55
5846,784.6,81290.0
5847,784.7,77580.0
5848,784.8,73931.922
5849,784.9,70340.0
5850,785.0,66800.0
5851,785.1,63300.0
5852,785.2,59834.912
5853,785.3,56420.0
5854,785.4,53070.0
5855,785.5,49781.649
5856,785.6,46560.0
5857,785.7,43420.0
5858,785.8,40390.0
5859,785.9,37461.446
5860,786.0,34640.0
5861,786.1,31940.0
5862,786.2,29379.305
5863,786.3,26960.0
5864,786.4,24680.0
5865,786.5,22540.0
5866,786.6,20546.179
5867,786.7,18700.0
5868,786.8,17000.0
5869,786.9,15440.0
5870,787.0,14014.832
5871,787.1,12720.0
5872,787.2,11550.0
5873,787.3,10495.963
5874,787.4,9551.0
5875,787.5,8709.0
5876,787.6,7963.0
5877,787.7,7303.126
5878,787.8,6722.0
5879,787.9,6213.0
5880,788.0,5769.075
5881,788.1,5383.0
5882,788.2,5048.0
5883,788.3,4759.0
5884,788.4,4510.748
5885,788.5,4298.0
5886,788.6,4116.0
5887,788.7,3961.416
5888,788.8,3830.0
5889,788.9,3718.0
5890,789.0,3624.0
5891,789.1,3544.19
5892,789.2,3477.0
5893,789.3,3421.0
5894,789.4,3373.0
5895,789.5,3332.452
5896,789.6,3298.0
5897,789.7,3268.0
5898,789.8,3241.366
5899,789.9,3217.0
5900,790.0,3194.0
5901,790.1,3172.0
5902,790.2,3149.668
5903,790.3,3127.0
5904,790.4,3104.0
5905,790.5,3079.364
5906,790.6,3053.0
5907,790.7,3025.0
5908,790.8,2995.0
5909,790.9,2963.95
5910,791.0,2932.0
5911,791.1,2899.0
5912,791.2,2865.048
5913,791.3,2831.0
5914,791.4,2798.0
5915,791.5,2767.0
5916,791.6,2737.254
5917,791.7,2710.0
5918,791.8,2687.0
5919,791.9,2669.0
5920,792.0,2655.207
5921,792.1,2647.0
5922,792.2,2646.0
5923,792.3,2652.123
5924,792.4,2665.0
5925,792.5,2685.0
5926,792.6,2714.0
5927,792.7,2750.097
5928,792.8,2793.0
5929,792.9,2843.0
5930,793.0,2899.674
5931,793.1,2962.0
5932,793.2,3029.0
5933,793.3,3100.0
5934,793.4,3173.363
5935,793.5,3248.0
5936,793.6,3323.0
5937,793.7,3397.06
5938,793.8,3468.0
5939,793.9,3534.0
5940,794.0,3595.0
5941,794.1,3649.555
5942,794.2,3696.0
5943,794.3,3733.0
5944,794.4,3760.0
5945,794.5,3775.88
5946,794.6,3780.0
5947,794.7,3772.0
5948,794.8,3751.927
5949,794.9,3720.0
5950,795.0,3676.0
5951,795.1,3619.0
5952,795.2,3551.405
5953,795.3,3474.0
5954,795.4,3387.0
5955,795.5,3291.207
5956,795.6,3188.0
5957,795.7,3079.0
5958,795.8,2966.0
5959,795.9,2849.976
5960,796.0,2733.0
5961,796.1,2617.0
5962,796.2,2502.394
5963,796.3,2391.0
5964,796.4,2285.0
5965,796.5,2186.0
5966,796.6,2095.093
5967,796.7,2014.0
5968,796.8,1944.0
5969,796.9,1885.0
5970,797.0,1839.963
5971,797.1,1809.0
5972,797.2,1792.0
5973,797.3,1791.261
5974,797.4,1807.0
5975,797.5,1839.0
5976,797.6,1888.0
5977,797.7,1954.31
5978,797.8,2038.0
5979,797.9,2139.0
5980,798.0,2256.921
5981,798.1,2392.0
5982,798.2,2544.0
5983,798.3,2711.0
5984,798.4,2893.612
5985,798.5,3091.0
5986,798.6,3302.0
5987,798.7,3526.185
5988,798.8,3762.0
5989,798.9,4008.0
5990,799.0,4264.0
5991,799.1,4528.158
5992,799.2,4799.0
5993,799.3,5075.0
5994,799.4,5354.0
5995,799.5,5635.293
5996,799.6,5917.0
5997,799.7,6197.0
5998,799.8,6473.718
5999,799.9,6745.0
6000,800.0,7009.0
6001,800.1,7265.0
6002,800.2,7509.87
6003,800.3,7742.0
6004,800.4,7960.0
6005,800.5,8161.391
6006,800.6,8345.0
6007,800.7,8510.0
6008,800.8,8655.0
6009,800.9,8777.784
6010,801.0,8877.0
6011,801.1,8952.0
6012,801.2,9003.332
6013,801.3,9030.0
6014,801.4,9031.0
6015,801.5,9007.0
6016,801.6,8958.187
6017,801.7,8885.0
6018,801.8,8788.0
6019,801.9,8668.0
6020,802.0,8526.804
6021,802.1,8366.0
6022,802.2,8187.0
6023,802.3,7991.233
6024,802.4,7781.0
6025,802.5,7559.0
6026,802.6,7328.0
6027,802.7,7089.079
6028,802.8,6845.0
6029,802.9,6599.0
6030,803.0,6353.852
6031,803.1,6112.0
6032,803.2,5876.0
6033,803.3,5649.0
6034,803.4,5433.887
6035,803.5,5233.0
6036,803.6,5049.0
6037,803.7,4886.091
6038,803.8,4748.0
6039,803.9,4638.0
6040,804.0,4559.0
6041,804.1,4515.818
6042,804.2,4514.0
6043,804.3,4559.0
6044,804.4,4656.0
6045,804.5,4811.717
6046,804.6,5035.0
6047,804.7,5335.0
6048,804.8,5720.861
6049,804.9,6204.0
6050,805.0,6797.0
6051,805.1,7514.0
6052,805.2,8368.676
6053,805.3,9381.0
6054,805.4,10570.0
6055,805.5,11947.893
6056,805.6,13540.0
6057,805.7,15370.0
6058,805.8,17450.0
6059,805.9,19820.986
6060,806.0,22500.0
6061,806.1,25500.0
6062,806.2,28850.718
6063,806.3,32580.0
6064,806.4,36710.0
6065,806.5,41250.0
6066,806.6,46217.765
6067,806.7,51630.0
6068,806.8,57500.0
6069,806.9,63830.0
6070,807.0,70612.655
6071,807.1,77840.0
6072,807.2,85510.0
6073,807.3,93622.407
6074,807.4,102100.0
6075,807.5,110900.0
6076,807.6,120100.0
6077,807.7,129503.898
6078,807.8,139100.0
6079,807.9,148900.0
6080,808.0,158756.332
6081,808.1,168600.0
6082,808.2,178400.0
6083,808.3,188100.0
6084,808.4,197491.884
6085,808.5,206500.0
6086,808.6,215100.0
6087,808.7,223255.433
6088,808.8,230800.0
6089,808.9,237600.0
6090,809.0,243700.0
6091,809.1,248929.117
6092,809.2,253300.0
6093,809.3,256800.0
6094,809.4,259200.0
6095,809.5,260693.306
6096,809.6,261200.0
6097,809.7,260600.0
6098,809.8,258999.013
6099,809.9,256400.0
6100,810.0,252800.0
6101,810.1,248300.0
6102,810.2,242902.191
6103,810.3,236700.0
6104,810.4,229800.0
6105,810.5,222229.271
6106,810.6,214000.0
6107,810.7,205200.0
6108,810.8,196100.0
6109,810.9,186645.746
6110,811.0,176900.0
6111,811.1,167000.0
6112,811.2,157103.427
6113,811.3,147200.0
6114,811.4,137300.0
6115,811.5,127600.0
6116,811.6,118093.084
6117,811.7,108900.0
6118,811.8,100100.0
6119,811.9,91530.0
6120,812.0,83386.471
6121,812.1,75700.0
6122,812.2,68440.0
6123,812.3,61624.887
6124,812.4,55270.0
6125,812.5,49380.0
6126,812.6,43940.0
6127,812.7,38949.541
6128,812.8,34390.0
6129,812.9,30240.0
6130,813.0,26488.078
6131,813.1,23110.0
6132,813.2,20080.0
6133,813.3,17380.0
6134,813.4,14985.154
6135,813.5,12870.0
6136,813.6,11010.0
6137,813.7,9382.331
6138,813.8,7964.0
6139,813.9,6733.0
6140,814.0,5671.0
6141,814.1,4758.074
6142,814.2,3977.0
6143,814.3,3312.0
6144,814.4,2749.0
6145,814.5,2273.614
6146,814.6,1875.0
6147,814.7,1543.0
6148,814.8,1266.957
6149,814.9,1039.0
6150,815.0,852.2
6151,815.1,700.4
6152,815.2,578.186
6153,815.3,481.0
6154,815.4,404.7
6155,815.5,346.106
6156,815.6,302.5
6157,815.7,271.4
6158,815.8,251.0
6159,815.9,239.691
6160,816.0,236.2
6161,816.1,239.4
6162,816.2,248.434
6163,816.3,262.6
6164,816.4,281.3
6165,816.5,304.2
6166,816.6,330.833
6167,816.7,360.8
6168,816.8,393.8
6169,816.9,429.7
6170,817.0,468.123
6171,817.1,508.8
6172,817.2,551.5
6173,817.3,595.933
6174,817.4,641.8
6175,817.5,688.8
6176,817.6,736.6
6177,817.7,784.797
6178,817.8,833.0
6179,817.9,880.8
6180,818.0,927.741
6181,818.1,973.6
6182,818.2,1018.0
6183,818.3,1060.0
6184,818.4,1099.524
6185,818.5,1136.0
6186,818.6,1169.0
6187,818.7,1199.021
6188,818.8,1225.0
6189,818.9,1246.0
6190,819.0,1263.0
6191,819.1,1275.61
6192,819.2,1283.0
6193,819.3,1285.0
6194,819.4,1283.0
6195,819.5,1275.588
6196,819.6,1263.0
6197,819.7,1246.0
6198,819.8,1224.73
6199,819.9,1199.0
6200,820.0,1169.0
6201,820.1,1136.0
6202,820.2,1099.535
6203,820.3,1060.0
6204,820.4,1018.0
6205,820.5,973.651
6206,820.6,927.6
6207,820.7,880.5
6208,820.8,832.5
6209,820.9,784.159
6210,821.0,735.8
6211,821.1,687.7
6212,821.2,640.31
6213,821.3,593.9
6214,821.4,548.7
6215,821.5,505.0
6216,821.6,462.988
6217,821.7,422.8
6218,821.8,384.6
6219,821.9,348.6
6220,822.0,314.724
6221,822.1,283.0
6222,822.2,253.5
6223,822.3,226.237
6224,822.4,201.1
6225,822.5,178.0
6226,822.6,157.0
6227,822.7,137.989
6228,822.8,120.8
6229,822.9,105.3
6230,823.0,91.455
6231,823.1,79.14
6232,823.2,68.21
6233,823.3,58.56
6234,823.4,50.082
6235,823.5,42.67
6236,823.6,36.22
6237,823.7,30.623
6238,823.8,25.79
6239,823.9,21.64
6240,824.0,18.09
6241,824.1,15.067
6242,824.2,12.51
6243,824.3,10.36
6244,824.4,8.552
6245,824.5,7.047
6246,824.6,5.806
6247,824.7,4.79
6248,824.8,3.971
6249,824.9,3.325
6250,825.0,2.83
6251,825.1,2.473
6252,825.2,2.242
6253,825.3,2.133
6254,825.4,2.145
6255,825.5,2.28
6256,825.6,2.551
6257,825.7,2.972
6258,825.8,3.564
6259,825.9,4.356
6260,826.0,5.388
6261,826.1,6.704
6262,826.2,8.367
6263,826.3,10.44
6264,826.4,13.0
6265,826.5,16.17
6266,826.6,20.054
6267,826.7,24.79
6268,826.8,30.54
6269,826.9,37.5
6270,827.0,45.883
6271,827.1,55.95
6272,827.2,67.98
6273,827.3,82.303
6274,827.4,99.31
6275,827.5,119.4
6276,827.6,143.0
6277,827.7,170.699
6278,827.8,203.1
6279,827.9,240.8
6280,828.0,284.45
6281,828.1,334.9
6282,828.2,393.0
6283,828.3,459.5
6284,828.4,535.47
6285,828.5,622.0
6286,828.6,720.1
6287,828.7,830.74
6288,828.8,955.6
6289,828.9,1096.0
6290,829.0,1252.0
6291,829.1,1426.281
6292,829.2,1620.0
6293,829.3,1834.0
6294,829.4,2070.0
6295,829.5,2328.972
6296,829.6,2613.0
6297,829.7,2924.0
6298,829.8,3262.192
6299,829.9,3629.0
6300,830.0,4026.0
6301,830.1,4454.0
6302,830.2,4914.663
6303,830.3,5409.0
6304,830.4,5938.0
6305,830.5,6503.092
6306,830.6,7104.0
6307,830.7,7741.0
6308,830.8,8417.0
6309,830.9,9130.503
6310,831.0,9881.0
6311,831.1,10670.0
6312,831.2,11501.675
6313,831.3,12370.0
6314,831.4,13270.0
6315,831.5,14210.0
6316,831.6,15191.491
6317,831.7,16210.0
6318,831.8,17260.0
6319,831.9,18340.0
6320,832.0,19460.611
6321,832.1,20610.0
6322,832.2,21780.0
6323,832.3,22992.179
6324,832.4,24230.0
6325,832.5,25480.0
6326,832.6,26770.0
6327,832.7,28076.057
6328,832.8,29400.0
6329,832.9,30750.0
6330,833.0,32117.255
6331,833.1,33500.0
6332,833.2,34900.0
6333,833.3,36320.0
6334,833.4,37760.824
6335,833.5,39230.0
6336,833.6,40730.0
6337,833.7,42244.87
6338,833.8,43790.0
6339,833.9,45380.0
6340,834.0,47000.0
6341,834.1,48667.387
6342,834.2,50390.0
6343,834.3,52170.0
6344,834.4,54010.0
6345,834.5,55917.949
6346,834.6,57900.0
6347,834.7,59960.0
6348,834.8,62097.917
6349,834.9,64320.0
6350,835.0,66630.0
6351,835.1,69020.0
6352,835.2,71496.437
6353,835.3,74050.0
6354,835.4,76670.0
6355,835.5,79357.562
6356,835.6,82100.0
6357,835.7,84880.0
6358,835.8,87680.0
6359,835.9,90481.826
6360,836.0,93260.0
6361,836.1,96000.0
6362,836.2,98710.524
6363,836.3,101300.0
6364,836.4,103700.0
6365,836.5,106000.0
6366,836.6,108155.803
6367,836.7,110100.0
6368,836.8,111800.0
6369,836.9,113300.0
6370,837.0,114527.905
6371,837.1,115400.0
6372,837.2,115900.0
6373,837.3,116173.42
6374,837.4,116100.0
6375,837.5,115600.0
6376,837.6,114900.0
6377,837.7,113744.874
6378,837.8,112200.0
6379,837.9,110400.0
6380,838.0,108276.955
6381,838.1,105800.0
6382,838.2,103000.0
6383,838.3,100000.0
6384,838.4,96749.7
6385,838.5,93270.0
6386,838.6,89610.0
6387,838.7,85800.17
6388,838.8,81870.0
6389,838.9,77850.0
6390,839.0,73770.0
6391,839.1,69657.118
6392,839.2,65540.0
6393,839.3,61450.0
6394,839.4,57420.0
6395,839.5,53462.008
6396,839.6,49600.0
6397,839.7,45860.0
6398,839.8,42256.754
6399,839.9,38800.0
6400,840.0,35500.0
6401,840.1,32370.0
6402,840.2,29416.983
6403,840.3,26640.0
6404,840.4,24040.0
6405,840.5,21626.438
6406,840.6,19390.0
6407,840.7,17320.0
6408,840.8,15420.0
6409,840.9,13686.574
6410,841.0,12110.0
6411,841.1,10680.0
6412,841.2,9387.927
6413,841.3,8226.0
6414,841.4,7186.0
6415,841.5,6258.0
6416,841.6,5433.484
6417,841.7,4704.0
6418,841.8,4061.0
6419,841.9,3496.0
6420,842.0,3000.861
6421,842.1,2569.0
6422,842.2,2194.0
6423,842.3,1868.902
6424,842.4,1588.0
6425,842.5,1346.0
6426,842.6,1138.0
6427,842.7,959.99
6428,842.8,808.2
6429,842.9,679.0
6430,843.0,569.334
6431,843.1,476.5
6432,843.2,398.0
6433,843.3,331.9
6434,843.4,276.358
6435,843.5,229.8
6436,843.6,190.8
6437,843.7,158.241
6438,843.8,131.2
6439,843.9,108.8
6440,844.0,90.27
6441,844.1,75.032
6442,844.2,62.61
6443,844.3,52.57
6444,844.4,44.58
6445,844.5,38.363
6446,844.6,33.72
6447,844.7,30.48
6448,844.8,28.532
6449,844.9,27.82
6450,845.0,28.31
6451,845.1,30.02
6452,845.2,33.003
6453,845.3,37.35
6454,845.4,43.18
6455,845.5,50.681
6456,845.6,60.07
6457,845.7,71.59
6458,845.8,85.56
6459,845.9,102.308
6460,846.0,122.3
6461,846.1,146.0
6462,846.2,173.805
6463,846.3,206.4
6464,846.4,244.5
6465,846.5,288.7
6466,846.6,339.859
6467,846.7,398.8
6468,846.8,466.4
6469,846.9,543.8
6470,847.0,631.92
6471,847.1,731.8
6472,847.2,844.7
6473,847.3,972.238
6474,847.4,1115.0
6475,847.5,1274.0
6476,847.6,1452.0
6477,847.7,1648.72
6478,847.8,1866.0
6479,847.9,2106.0
6480,848.0,2369.093
6481,848.1,2656.0
6482,848.2,2968.0
6483,848.3,3307.0
6484,848.4,3672.686
6485,848.5,4066.0
6486,848.6,4488.0
6487,848.7,4938.346
6488,848.8,5417.0
6489,848.9,5924.0
6490,849.0,6459.0
6491,849.1,7021.545
6492,849.2,7611.0
6493,849.3,8226.0
6494,849.4,8864.0
6495,849.5,9526.442
6496,849.6,10210.0
6497,849.7,10910.0
6498,849.8,11623.386
6499,849.9,12350.0
6500,850.0,13090.0
6501,850.1,13840.0
6502,850.2,14590.328
6503,850.3,15340.0
6504,850.4,16090.0
6505,850.5,16838.058
6506,850.6,17580.0
6507,850.7,18310.0
6508,850.8,19020.0
6509,850.9,19712.583
6510,851.0,20390.0
6511,851.1,21050.0
6512,851.2,21679.963
6513,851.3,22280.0
6514,851.4,22850.0
6515,851.5,23380.0
6516,851.6,23880.442
6517,851.7,24350.0
6518,851.8,24780.0
6519,851.9,25160.0
6520,852.0,25504.406
6521,852.1,25810.0
6522,852.2,26070.0
6523,852.3,26286.164
6524,852.4,26450.0
6525,852.5,26560.0
6526,852.6,26640.0
6527,852.7,26668.688
6528,852.8,26640.0
6529,852.9,26560.0
6530,853.0,26444.145
6531,853.1,26280.0
6532,853.2,26060.0
6533,853.3,25810.0
6534,853.4,25507.567
6535,853.5,25160.0
6536,853.6,24780.0
6537,853.7,24358.694
6538,853.8,23900.0
6539,853.9,23410.0
6540,854.0,22890.0
6541,854.1,22355.49
6542,854.2,21800.0
6543,854.3,21220.0
6544,854.4,20640.0
6545,854.5,20052.882
6546,854.6,19460.0
6547,854.7,18870.0
6548,854.8,18296.615
6549,854.9,17740.0
6550,855.0,17200.0
6551,855.1,16690.0
6552,855.2,16219.03
6553,855.3,15780.0
6554,855.4,15370.0
6555,855.5,15011.589
6556,855.6,14710.0
6557,855.7,14460.0
6558,855.8,14250.0
6559,855.9,14098.8
6560,856.0,14010.0
6561,856.1,13980.0
6562,856.2,14003.37
6563,856.3,14080.0
6564,856.4,14210.0
6565,856.5,14390.0
6566,856.6,14621.062
6567,856.7,14900.0
6568,856.8,15220.0
6569,856.9,15570.0
6570,857.0,15951.279
6571,857.1,16360.0
6572,857.2,16790.0
6573,857.3,17235.214
6574,857.4,17690.0
6575,857.5,18150.0
6576,857.6,18610.0
6577,857.7,19051.285
6578,857.8,19480.0
6579,857.9,19900.0
6580,858.0,20285.415
6581,858.1,20640.0
6582,858.2,20970.0
6583,858.3,21260.0
6584,858.4,21514.691
6585,858.5,21730.0
6586,858.6,21900.0
6587,858.7,22026.806
6588,858.8,22110.0
6589,858.9,22150.0
6590,859.0,22150.0
6591,859.1,22099.995
6592,859.2,22010.0
6593,859.3,21890.0
6594,859.4,21730.0
6595,859.5,21534.72
6596,859.6,21310.0
6597,859.7,21060.0
6598,859.8,20787.705
6599,859.9,20500.0
6600,860.0,20200.0
6601,860.1,19880.0
6602,860.2,19556.312
6603,860.3,19230.0
6604,860.4,18900.0
6605,860.5,18576.912
6606,860.6,18260.0
6607,860.7,17950.0
6608,860.8,17660.0
6609,860.9,17379.021
6610,861.0,17110.0
6611,861.1,16860.0
6612,861.2,16630.025
6613,861.3,16420.0
6614,861.4,16230.0
6615,861.5,16060.0
6616,861.6,15909.565
6617,861.7,15780.0
6618,861.8,15670.0
6619,861.9,15570.0
6620,862.0,15482.715
6621,862.1,15410.0
6622,862.2,15350.0
6623,862.3,15293.661
6624,862.4,15240.0
6625,862.5,15190.0
6626,862.6,15140.0
6627,862.7,15080.35
6628,862.8,15010.0
6629,862.9,14930.0
6630,863.0,14838.466
6631,863.1,14730.0
6632,863.2,14600.0
6633,863.3,14450.0
6634,863.4,14281.506
6635,863.5,14090.0
6636,863.6,13870.0
6637,863.7,13620.454
6638,863.8,13350.0
6639,863.9,13060.0
6640,864.0,12730.0
6641,864.1,12384.571
6642,864.2,12020.0
6643,864.3,11630.0
6644,864.4,11230.0
6645,864.5,10803.178
6646,864.6,10360.0
6647,864.7,9914.0
6648,864.8,9455.882
6649,864.9,8989.0
6650,865.0,8520.0
6651,865.1,8050.0
6652,865.2,7581.798
6653,865.3,7118.0
6654,865.4,6661.0
6655,865.5,6213.299
6656,865.6,5777.0
6657,865.7,5354.0
6658,865.8,4946.0
6659,865.9,4554.886
6660,866.0,4181.0
6661,866.1,3825.0
6662,866.2,3489.525
6663,866.3,3174.0
6664,866.4,2878.0
6665,866.5,2604.0
6666,866.6,2349.921
6667,866.7,2116.0
6668,866.8,1903.0
6669,866.9,1710.0
6670,867.0,1536.583
6671,867.1,1383.0
6672,867.2,1249.0
6673,867.3,1132.58
6674,867.4,1034.0
6675,867.5,953.8
6676,867.6,891.1
6677,867.7,845.883
6678,867.8,818.1
6679,867.9,807.7
6680,868.0,814.993
6681,868.1,840.3
6682,868.2,884.0
6683,868.3,946.8
6684,868.4,1029.554
6685,868.5,1133.0
6686,868.6,1258.0
6687,868.7,1406.072
6688,868.8,1579.0
6689,868.9,1778.0
6690,869.0,2003.0
6691,869.1,2257.106
6692,869.2,2542.0
6693,869.3,2859.0
6694,869.4,3210.0
6695,869.5,3595.68
6696,869.6,4018.0
6697,869.7,4479.0
6698,869.8,4979.401
6699,869.9,5520.0
6700,870.0,6102.0
6701,870.1,6727.0
6702,870.2,7394.092
6703,870.3,8103.0
6704,870.4,8854.0
6705,870.5,9647.322
6706,870.6,10480.0
6707,870.7,11350.0
6708,870.8,12260.0
6709,870.9,13205.224
6710,871.0,14180.0
6711,871.1,15180.0
6712,871.2,16204.172
6713,871.3,17250.0
6714,871.4,18310.0
6715,871.5,19370.0
6716,871.6,20444.632
6717,871.7,21520.0
6718,871.8,22580.0
6719,871.9,23630.0
6720,872.0,24653.444
6721,872.1,25650.0
6722,872.2,26620.0
6723,872.3,27545.516
6724,872.4,28420.0
6725,872.5,29240.0
6726,872.6,30000.0
6727,872.7,30700.193
6728,872.8,31330.0
6729,872.9,31880.0
6730,873.0,32355.068
6731,873.1,32750.0
6732,873.2,33060.0
6733,873.3,33290.0
6734,873.4,33428.611
6735,873.5,33480.0
6736,873.6,33450.0
6737,873.7,33332.354
6738,873.8,33130.0
6739,873.9,32850.0
6740,874.0,32500.0
6741,874.1,32078.868
6742,874.2,31590.0
6743,874.3,31040.0
6744,874.4,30440.0
6745,874.5,29798.303
6746,874.6,29120.0
6747,874.7,28410.0
6748,874.8,27675.885
6749,874.9,26930.0
6750,875.0,26180.0
6751,875.1,25420.0
6752,875.2,24670.912
6753,875.3,23940.0
6754,875.4,23230.0
6755,875.5,22548.09
6756,875.6,21900.0
6757,875.7,21290.0
6758,875.8,20720.0
6759,875.9,20194.456
6760,876.0,19720.0
6761,876.1,19300.0
6762,876.2,18927.669
6763,876.3,18610.0
6764,876.4,18350.0
6765,876.5,18130.0
6766,876.6,17966.988
6767,876.7,17860.0
6768,876.8,17800.0
6769,876.9,17780.0
6770,877.0,17804.518
6771,877.1,17870.0
6772,877.2,17970.0
6773,877.3,18099.701
6774,877.4,18260.0
6775,877.5,18450.0
6776,877.6,18660.0
6777,877.7,18891.116
6778,877.8,19140.0
6779,877.9,19400.0
6780,878.0,19663.915
6781,878.1,19940.0
6782,878.2,20230.0
6783,878.3,20510.0
6784,878.4,20802.082
6785,878.5,21100.0
6786,878.6,21390.0
6787,878.7,21674.097
6788,878.8,21960.0
6789,878.9,22250.0
6790,879.0,22530.0
6791,879.1,22805.903
6792,879.2,23080.0
6793,879.3,23350.0
6794,879.4,23610.0
6795,879.5,23866.005
6796,879.6,24120.0
6797,879.7,24370.0
6798,879.8,24607.802
6799,879.9,24830.0
6800,880.0,25040.0
6801,880.1,25250.0
6802,880.2,25439.281
6803,880.3,25610.0
6804,880.4,25770.0
6805,880.5,25915.445
6806,880.6,26040.0
6807,880.7,26140.0
6808,880.8,26220.0
6809,880.9,26278.522
6810,881.0,26310.0
6811,881.1,26310.0
6812,881.2,26279.945
6813,881.3,26220.0
6814,881.4,26130.0
6815,881.5,26010.0
6816,881.6,25856.435
6817,881.7,25670.0
6818,881.8,25450.0
6819,881.9,25190.0
6820,882.0,24899.31
6821,882.1,24580.0
6822,882.2,24230.0
6823,882.3,23845.451
6824,882.4,23430.0
6825,882.5,22990.0
6826,882.6,22530.0
6827,882.7,22042.284
6828,882.8,21530.0
6829,882.9,21000.0
6830,883.0,20457.256
6831,883.1,19900.0
6832,883.2,19330.0
6833,883.3,18760.0
6834,883.4,18176.764
6835,883.5,17590.0
6836,883.6,17010.0
6837,883.7,16423.844
6838,883.8,15840.0
6839,883.9,15270.0
6840,884.0,14710.0
6841,884.1,14157.28
6842,884.2,13610.0
6843,884.3,13070.0
6844,884.4,12550.0
6845,884.5,12048.894
6846,884.6,11560.0
6847,884.7,11080.0
6848,884.8,10617.039
6849,884.9,10170.0
6850,885.0,9736.0
6851,885.1,9317.0
6852,885.2,8912.41
6853,885.3,8521.0
6854,885.4,8142.0
6855,885.5,7775.674
6856,885.6,7421.0
6857,885.7,7077.0
6858,885.8,6744.0
6859,885.9,6420.919
6860,886.0,6107.0
6861,886.1,5802.0
6862,886.2,5506.403
6863,886.3,5219.0
6864,886.4,4939.0
6865,886.5,4668.0
6866,886.6,4404.2
6867,886.7,4148.0
6868,886.8,3900.0
6869,886.9,3659.0
6870,887.0,3426.242
6871,887.1,3202.0
6872,887.2,2986.0
6873,887.3,2777.858
6874,887.4,2578.0
6875,887.5,2387.0
6876,887.6,2205.0
6877,887.7,2031.682
6878,887.8,1867.0
6879,887.9,1711.0
6880,888.0,1563.695
6881,888.1,1425.0
6882,888.2,1295.0
6883,888.3,1174.0
6884,888.4,1060.797
6885,888.5,955.5
6886,888.6,858.4
6887,888.7,768.833
6888,888.8,686.5
6889,888.9,611.2
6890,889.0,542.5
6891,889.1,480.019
6892,889.2,423.4
6893,889.3,372.3
6894,889.4,326.4
6895,889.5,285.256
6896,889.6,248.5
6897,889.7,215.8
6898,889.8,186.828
6899,889.9,161.2
6900,890.0,138.6
6901,890.1,118.9
6902,890.2,101.627
6903,890.3,86.55
6904,890.4,73.5
6905,890.5,62.218
6906,890.6,52.5
6907,890.7,44.16
6908,890.8,37.02
6909,890.9,30.934
6910,891.0,25.77
6911,891.1,21.4
6912,891.2,17.709
6913,891.3,14.61
6914,891.4,12.02
6915,891.5,9.85
6916,891.6,8.047
6917,891.7,6.557
6918,891.8,5.325
6919,891.9,4.311
6920,892.0,3.48
6921,892.1,2.802
6922,892.2,2.251
6923,892.3,1.805
6924,892.4,1.447
6925,892.5,1.161
6926,892.6,0.935
6927,892.7,0.759
6928,892.8,0.625
6929,892.9,0.527
6930,893.0,0.46
6931,893.1,0.42
6932,893.2,0.407
6933,893.3,0.418
6934,893.4,0.456
6935,893.5,0.521
6936,893.6,0.617
6937,893.7,0.749
6938,893.8,0.922
6939,893.9,1.145
6940,894.0,1.426
6941,894.1,1.779
6942,894.2,2.22
6943,894.3,2.765
6944,894.4,3.435
6945,894.5,4.257
6946,894.6,5.261
6947,894.7,6.482
6948,894.8,7.961
6949,894.9,9.749
6950,895.0,11.9
6951,895.1,14.48
6952,895.2,17.564
6953,895.3,21.24
6954,895.4,25.6
6955,895.5,30.753
6956,895.6,36.83
6957,895.7,43.97
6958,895.8,52.32
6959,895.9,62.058
6960,896.0,73.38
6961,896.1,86.49
6962,896.2,101.62
6963,896.3,119.0
6964,896.4,138.9
6965,896.5,161.7
6966,896.6,187.619
6967,896.7,216.9
6968,896.8,249.9
6969,896.9,287.2
6970,897.0,328.948
6971,897.1,375.5
6972,897.2,427.3
6973,897.3,484.744
6974,897.4,548.1
6975,897.5,617.7
6976,897.6,694.1
6977,897.7,777.389
6978,897.8,867.8
6979,897.9,965.7
6980,898.0,1071.517
6981,898.1,1185.0
6982,898.2,1306.0
6983,898.3,1435.0
6984,898.4,1571.15
6985,898.5,1715.0
6986,898.6,1867.0
6987,898.7,2025.605
6988,898.8,2190.0
6989,898.9,2360.0
6990,899.0,2536.0
6991,899.1,2716.405
6992,899.2,2900.0
6993,899.3,3086.0
6994,899.4,3274.0
6995,899.5,3462.544
6996,899.6,3650.0
6997,899.7,3835.0
6998,899.8,4016.843
6999,899.9,4194.0
7000,900.0,4365.0
7001,900.1,4529.0
7002,900.2,4683.506
7003,900.3,4828.0
7004,900.4,4962.0
7005,900.5,5083.163
7006,900.6,5191.0
7007,900.7,5285.0
7008,900.8,5363.0
7009,900.9,5425.452
7010,901.0,5472.0
7011,901.1,5502.0
7012,901.2,5515.352
7013,901.3,5512.0
7014,901.4,5492.0
7015,901.5,5456.0
7016,901.6,5404.831
7017,901.7,5339.0
7018,901.8,5259.0
7019,901.9,5166.0
7020,902.0,5062.313
7021,902.1,4949.0
7022,902.2,4827.0
7023,902.3,4698.201
7024,902.4,4564.0
7025,902.5,4426.0
7026,902.6,4287.0
7027,902.7,4148.583
7028,902.8,4012.0
7029,902.9,3879.0
7030,903.0,3752.633
7031,903.1,3634.0
7032,903.2,3524.0
7033,903.3,3425.0
7034,903.4,3338.969
7035,903.5,3267.0
7036,903.6,3210.0
7037,903.7,3169.052
7038,903.8,3146.0
7039,903.9,3142.0
7040,904.0,3156.0
7041,904.1,3190.391
7042,904.2,3245.0
7043,904.3,3319.0
7044,904.4,3413.0
7045,904.5,3527.869
7046,904.6,3662.0
7047,904.7,3814.0
7048,904.8,3984.974
7049,904.9,4173.0
7050,905.0,4376.0
7051,905.1,4594.0
7052,905.2,4823.988
7053,905.3,5065.0
7054,905.4,5316.0
7055,905.5,5573.201
7056,905.6,5835.0
7057,905.7,6100.0
7058,905.8,6365.0
7059,905.9,6627.818
7060,906.0,6886.0
7061,906.1,7137.0
7062,906.2,7378.531
7063,906.3,7608.0
7064,906.4,7823.0
7065,906.5,8022.0
7066,906.6,8202.745
7067,906.7,8363.0
7068,906.8,8501.0
7069,906.9,8616.0
7070,907.0,8705.878
7071,907.1,8770.0
7072,907.2,8808.0
7073,907.3,8818.778
7074,907.4,8802.0
7075,907.5,8758.0
7076,907.6,8688.0
7077,907.7,8591.232
7078,907.8,8469.0
7079,907.9,8323.0
7080,908.0,8153.894
7081,908.1,7963.0
7082,908.2,7752.0
7083,908.3,7523.0
7084,908.4,7277.989
7085,908.5,7019.0
7086,908.6,6748.0
7087,908.7,6466.802
7088,908.8,6178.0
7089,908.9,5884.0
7090,909.0,5586.0
7091,909.1,5286.305
7092,909.2,4987.0
7093,909.3,4690.0
7094,909.4,4397.0
7095,909.5,4109.157
7096,909.6,3828.0
7097,909.7,3555.0
7098,909.8,3290.971
7099,909.9,3037.0
7100,910.0,2794.0
7101,910.1,2562.0
7102,910.2,2341.77
7103,910.3,2134.0
7104,910.4,1939.0
7105,910.5,1756.1
7106,910.6,1585.0
7107,910.7,1426.0
7108,910.8,1280.0
7109,910.9,1144.678
7110,911.0,1020.0
7111,911.1,906.4
7112,911.2,802.945
7113,911.3,709.0
7114,911.4,624.1
7115,911.5,547.7
7116,911.6,479.069
7117,911.7,417.7
7118,911.8,363.1
7119,911.9,314.6
7120,912.0,271.727
7121,912.1,234.0
7122,912.2,200.9
7123,912.3,171.884
7124,912.4,146.6
7125,912.5,124.7
7126,912.6,105.7
7127,912.7,89.297
7128,912.8,75.21
7129,912.9,63.15
7130,913.0,52.855
7131,913.1,44.1
7132,913.2,36.68
7133,913.3,30.42
7134,913.4,25.141
7135,913.5,20.71
7136,913.6,17.01
7137,913.7,13.928
7138,913.8,11.37
7139,913.9,9.251
7140,914.0,7.503
7141,914.1,6.066
7142,914.2,4.889
7143,914.3,3.928
7144,914.4,3.146
7145,914.5,2.511
7146,914.6,1.999
7147,914.7,1.586
7148,914.8,1.254
7149,914.9,0.989
7150,915.0,0.777
7151,915.1,0.609
7152,915.2,0.476
7153,915.3,0.37
7154,915.4,0.287
7155,915.5,0.222
7156,915.6,0.172
7157,915.7,0.132
7158,915.8,0.101
7159,915.9,0.077
7160,916.0,0.059
7161,916.1,0.045
7162,916.2,0.034
7163,916.3,0.025
7164,916.4,0.019
7165,916.5,0.014
7166,916.6,0.011
7167,916.7,0.008
7168,916.8,0.006
7169,916.9,0.004
7170,917.0,0.003
7171,917.1,0.002
7172,917.2,0.002
7173,917.3,0.001
7174,917.4,0.001
7175,917.5,0.001
7176,917.6,0.0
7177,917.7,0.0
7178,917.8,0.0
7179,917.9,0.0
7180,918.0,0.0
7181,918.1,0.0
7182,918.2,0.0
7183,918.3,0.0
7184,918.4,0.0
7185,918.5,0.0
7186,918.6,0.0
7187,918.7,0.0
7188,918.8,0.0
7189,918.9,0.0
7190,919.0,0.0
7191,919.1,0.0
7192,919.2,0.0
7193,919.3,0.0
7194,919.4,0.0
7195,919.5,0.0
7196,919.6,0.0
7197,919.7,0.0
7198,919.8,0.0
7199,919.9,0.0
7200,920.0,0.0
7201,920.1,0.0
7202,920.2,0.0
7203,920.3,0.0
7204,920.4,0.0
7205,920.5,0.0
7206,920.6,0.0
7207,920.7,0.0
7208,920.8,0.0
7209,920.9,0.0
7210,921.0,0.0
7211,921.1,0.0
7212,921.2,0.0
7213,921.3,0.0
7214,921.4,0.0
7215,921.5,0.0
7216,921.6,0.0
7217,921.7,0.0
7218,921.8,0.0
7219,921.9,0.0
7220,922.0,0.0
7221,922.1,0.0
7222,922.2,0.0
7223,922.3,0.0
7224,922.4,0.0
7225,922.5,0.0
7226,922.6,0.0
7227,922.7,0.0
7228,922.8,0.0
7229,922.9,0.0
7230,923.0,0.0
7231,923.1,0.0
7232,923.2,0.0
7233,923.3,0.0
7234,923.4,0.0
7235,923.5,0.0
7236,923.6,0.0
7237,923.7,0.0
7238,923.8,0.0
7239,923.9,0.0
7240,924.0,0.0
7241,924.1,0.0
7242,924.2,0.0
7243,924.3,0.0
7244,924.4,0.0
7245,924.5,0.0
7246,924.6,0.0
7247,924.7,0.0
7248,924.8,0.0
7249,924.9,0.0
7250,925.0,0.0
7251,925.1,0.0
7252,925.2,0.0
7253,925.3,0.0
7254,925.4,0.0
7255,925.5,0.0
7256,925.6,0.0
7257,925.7,0.0
7258,925.8,0.0
7259,925.9,0.0
7260,926.0,0.0
7261,926.1,0.0
7262,926.2,0.0
7263,926.3,0.0
7264,926.4,0.0
7265,926.5,0.0
7266,926.6,0.0
7267,926.7,0.0
7268,926.8,0.0
7269,926.9,0.0
7270,927.0,0.0
7271,927.1,0.0
7272,927.2,0.0
7273,927.3,0.0
7274,927.4,0.0
7275,927.5,0.0
7276,927.6,0.0
7277,927.7,0.0
7278,927.8,0.0
7279,927.9,0.0
7280,928.0,0.0
7281,928.1,0.0
7282,928.2,0.0
7283,928.3,0.0
7284,928.4,0.0
7285,928.5,0.0
7286,928.6,0.0
7287,928.7,0.0
7288,928.8,0.0
7289,928.9,0.0
7290,929.0,0.0
7291,929.1,0.0
7292,929.2,0.0
7293,929.3,0.0
7294,929.4,0.0
7295,929.5,0.0
7296,929.6,0.0
7297,929.7,0.0
7298,929.8,0.0
7299,929.9,0.0
7300,930.0,0.0
7301,930.1,0.0
7302,930.2,0.0
7303,930.3,0.0
7304,930.4,0.0
7305,930.5,0.0
7306,930.6,0.0
7307,930.7,0.0
7308,930.8,0.0
7309,930.9,0.0
7310,931.0,0.0
7311,931.1,0.0
7312,931.2,0.0
7313,931.3,0.0
7314,931.4,0.0
7315,931.5,0.0
7316,931.6,0.0
7317,931.7,0.0
7318,931.8,0.0
7319,931.9,0.0
7320,932.0,0.0
7321,932.1,0.0
7322,932.2,0.0
7323,932.3,0.0
7324,932.4,0.0
7325,932.5,0.0
7326,932.6,0.0
7327,932.7,0.0
7328,932.8,0.0
7329,932.9,0.0
7330,933.0,0.0
7331,933.1,0.0
7332,933.2,0.0
7333,933.3,0.0
7334,933.4,0.0
7335,933.5,0.0
7336,933.6,0.0
7337,933.7,0.0
7338,933.8,0.0
7339,933.9,0.0
7340,934.0,0.0
7341,934.1,0.0
7342,934.2,0.0
7343,934.3,0.0
7344,934.4,0.0
7345,934.5,0.0
7346,934.6,0.0
7347,934.7,0.0
7348,934.8,0.0
7349,934.9,0.0
7350,935.0,0.0
7351,935.1,0.0
7352,935.2,0.0
7353,935.3,0.0
7354,935.4,0.0
7355,935.5,0.0
7356,935.6,0.0
7357,935.7,0.0
7358,935.8,0.0
7359,935.9,0.0
7360,936.0,0.0
7361,936.1,0.0
7362,936.2,0.0
7363,936.3,0.0
7364,936.4,0.0
7365,936.5,0.0
7366,936.6,0.0
7367,936.7,0.0
7368,936.8,0.0
7369,936.9,0.0
7370,937.0,0.0
7371,937.1,0.0
7372,937.2,0.0
7373,937.3,0.0
7374,937.4,0.0
7375,937.5,0.0
7376,937.6,0.0
7377,937.7,0.0
7378,937.8,0.0
7379,937.9,0.0
7380,938.0,0.0
7381,938.1,0.0
7382,938.2,0.0
7383,938.3,0.0
7384,938.4,0.0
7385,938.5,0.0
7386,938.6,0.0
7387,938.7,0.0
7388,938.8,0.0
7389,938.9,0.0
7390,939.0,0.0
7391,939.1,0.0
7392,939.2,0.0
7393,939.3,0.0
7394,939.4,0.0
7395,939.5,0.0
7396,939.6,0.0
7397,939.7,0.0
7398,939.8,0.0
7399,939.9,0.0
7400,940.0,0.0
7401,940.1,0.0
7402,940.2,0.0
7403,940.3,0.0
7404,940.4,0.0
7405,940.5,0.0
7406,940.6,0.0
7407,940.7,0.0
7408,940.8,0.0
7409,940.9,0.0
7410,941.0,0.0
7411,941.1,0.0
7412,941.2,0.0
7413,941.3,0.0
7414,941.4,0.0
7415,941.5,0.0
7416,941.6,0.0
7417,941.7,0.0
7418,941.8,0.0
7419,941.9,0.0
7420,942.0,0.0
7421,942.1,0.0
7422,942.2,0.0
7423,942.3,0.0
7424,942.4,0.0
7425,942.5,0.0
7426,942.6,0.0
7427,942.7,0.0
7428,942.8,0.0
7429,942.9,0.0
7430,943.0,0.0
7431,943.1,0.0
7432,943.2,0.0
7433,943.3,0.0
7434,943.4,0.0
7435,943.5,0.0
7436,943.6,0.0
7437,943.7,0.0
7438,943.8,0.0
7439,943.9,0.0
7440,944.0,0.0
7441,944.1,0.0
7442,944.2,0.0
7443,944.3,0.0
7444,944.4,0.0
7445,944.5,0.0
7446,944.6,0.0
7447,944.7,0.0
7448,944.8,0.0
7449,944.9,0.0
7450,945.0,0.0
7451,945.1,0.0
7452,945.2,0.0
7453,945.3,0.0
7454,945.4,0.0
7455,945.5,0.0
7456,945.6,0.0
7457,945.7,0.0
7458,945.8,0.0
7459,945.9,0.0
7460,946.0,0.0
7461,946.1,0.0
7462,946.2,0.0
7463,946.3,0.0
7464,946.4,0.0
7465,946.5,0.0
7466,946.6,0.0
7467,946.7,0.0
7468,946.8,0.0
7469,946.9,0.0
7470,947.0,0.0
7471,947.1,0.0
7472,947.2,0.0
7473,947.3,0.0
7474,947.4,0.0
7475,947.5,0.0
7476,947.6,0.0
7477,947.7,0.0
7478,947.8,0.0
7479,947.9,0.0
7480,948.0,0.0
7481,948.1,0.0
7482,948.2,0.0
7483,948.3,0.0
7484,948.4,0.0
7485,948.5,0.0
7486,948.6,0.0
7487,948.7,0.0
7488,948.8,0.0
7489,948.9,0.0
7490,949.0,0.0
7491,949.1,0.0
7492,949.2,0.0
7493,949.3,0.0
7494,949.4,0.0
7495,949.5,0.0
7496,949.6,0.0
7497,949.7,0.0
7498,949.8,0.0
7499,949.9,0.0
7500,950.0,0.0
7501,950.1,0.0
7502,950.2,0.0
7503,950.3,0.0
7504,950.4,0.0
7505,950.5,0.0
7506,950.6,0.0
7507,950.7,0.0
7508,950.8,0.0
7509,950.9,0.0
7510,951.0,0.0
7511,951.1,0.0
7512,951.2,0.0
7513,951.3,0.0
7514,951.4,0.0
7515,951.5,0.0
7516,951.6,0.0
7517,951.7,0.0
7518,951.8,0.0
7519,951.9,0.0
7520,952.0,0.0
7521,952.1,0.0
7522,952.2,0.0
7523,952.3,0.0
7524,952.4,0.0
7525,952.5,0.0
7526,952.6,0.0
7527,952.7,0.0
7528,952.8,0.0
7529,952.9,0.0
7530,953.0,0.0
7531,953.1,0.0
7532,953.2,0.0
7533,953.3,0.0
7534,953.4,0.0
7535,953.5,0.0
7536,953.6,0.0
7537,953.7,0.0
7538,953.8,0.0
7539,953.9,0.0
7540,954.0,0.0
7541,954.1,0.0
7542,954.2,0.0
7543,954.3,0.0
7544,954.4,0.0
7545,954.5,0.0
7546,954.6,0.0
7547,954.7,0.0
7548,954.8,0.0
7549,954.9,0.0
7550,955.0,0.0
7551,955.1,0.0
7552,955.2,0.0
7553,955.3,0.0
7554,955.4,0.0
7555,955.5,0.0
7556,955.6,0.0
7557,955.7,0.0
7558,955.8,0.0
7559,955.9,0.0
7560,956.0,0.0
7561,956.1,0.0
7562,956.2,0.0
7563,956.3,0.0
7564,956.4,0.0
7565,956.5,0.0
7566,956.6,0.0
7567,956.7,0.0
7568,956.8,0.0
7569,956.9,0.0
7570,957.0,0.0
7571,957.1,0.0
7572,957.2,0.0
7573,957.3,0.0
7574,957.4,0.0
7575,957.5,0.0
7576,957.6,0.0
7577,957.7,0.0
7578,957.8,0.0
7579,957.9,0.0
7580,958.0,0.0
7581,958.1,0.0
7582,958.2,0.0
7583,958.3,0.0
7584,958.4,0.0
7585,958.5,0.0
7586,958.6,0.0
7587,958.7,0.0
7588,958.8,0.0
7589,958.9,0.0
7590,959.0,0.0
7591,959.1,0.0
7592,959.2,0.0
7593,959.3,0.0
7594,959.4,0.0
7595,959.5,0.0
7596,959.6,0.0
7597,959.7,0.0
7598,959.8,0.0
7599,959.9,0.0
7600,960.0,0.0
7601,960.1,0.0
7602,960.2,0.0
7603,960.3,0.0
7604,960.4,0.0
7605,960.5,0.0
7606,960.6,0.0
7607,960.7,0.0
7608,960.8,0.0
7609,960.9,0.0
7610,961.0,0.0
7611,961.1,0.0
7612,961.2,0.0
7613,961.3,0.0
7614,961.4,0.0
7615,961.5,0.0
7616,961.6,0.0
7617,961.7,0.0
7618,961.8,0.0
7619,961.9,0.0
7620,962.0,0.0
7621,962.1,0.0
7622,962.2,0.0
7623,962.3,0.0
7624,962.4,0.0
7625,962.5,0.0
7626,962.6,0.0
7627,962.7,0.0
7628,962.8,0.0
7629,962.9,0.0
7630,963.0,0.0
7631,963.1,0.0
7632,963.2,0.0
7633,963.3,0.0
7634,963.4,0.0
7635,963.5,0.0
7636,963.6,0.0
7637,963.7,0.0
7638,963.8,0.0
7639,963.9,0.0
7640,964.0,0.0
7641,964.1,0.0
7642,964.2,0.0
7643,964.3,0.0
7644,964.4,0.0
7645,964.5,0.0
7646,964.6,0.0
7647,964.7,0.0
7648,964.8,0.0
7649,964.9,0.0
7650,965.0,0.0
7651,965.1,0.0
7652,965.2,0.0
7653,965.3,0.0
7654,965.4,0.0
7655,965.5,0.0
7656,965.6,0.0
7657,965.7,0.0
7658,965.8,0.0
7659,965.9,0.0
7660,966.0,0.0
7661,966.1,0.0
7662,966.2,0.0
7663,966.3,0.0
7664,966.4,0.0
7665,966.5,0.0
7666,966.6,0.0
7667,966.7,0.0
7668,966.8,0.0
7669,966.9,0.0
7670,967.0,0.0
7671,967.1,0.0
7672,967.2,0.0
7673,967.3,0.0
7674,967.4,0.0
7675,967.5,0.0
7676,967.6,0.0
7677,967.7,0.0
7678,967.8,0.0
7679,967.9,0.0
7680,968.0,0.0
7681,968.1,0.0
7682,968.2,0.0
7683,968.3,0.0
7684,968.4,0.0
7685,968.5,0.0
7686,968.6,0.0
7687,968.7,0.0
7688,968.8,0.0
7689,968.9,0.0
7690,969.0,0.0
7691,969.1,0.0
7692,969.2,0.0
7693,969.3,0.0
7694,969.4,0.0
7695,969.5,0.0
7696,969.6,0.0
7697,969.7,0.001
7698,969.8,0.001
7699,969.9,0.001
7700,970.0,0.001
7701,970.1,0.002
7702,970.2,0.002
7703,970.3,0.003
7704,970.4,0.004
7705,970.5,0.005
7706,970.6,0.007
7707,970.7,0.009
7708,970.8,0.011
7709,970.9,0.014
7710,971.0,0.018
7711,971.1,0.024
7712,971.2,0.03
7713,971.3,0.039
7714,971.4,0.049
7715,971.5,0.062
7716,971.6,0.078
7717,971.7,0.099
7718,971.8,0.124
7719,971.9,0.156
7720,972.0,0.195
7721,972.1,0.243
7722,972.2,0.302
7723,972.3,0.375
7724,972.4,0.464
7725,972.5,0.573
7726,972.6,0.705
7727,972.7,0.865
7728,972.8,1.059
7729,972.9,1.293
7730,973.0,1.574
7731,973.1,1.911
7732,973.2,2.315
7733,973.3,2.796
7734,973.4,3.367
7735,973.5,4.045
7736,973.6,4.846
7737,973.7,5.79
7738,973.8,6.9
7739,973.9,8.201
7740,974.0,9.721
7741,974.1,11.493
7742,974.2,13.55
7743,974.3,15.93
7744,974.4,18.68
7745,974.5,21.843
7746,974.6,25.48
7747,974.7,29.65
7748,974.8,34.399
7749,974.9,39.8
7750,975.0,45.93
7751,975.1,52.86
7752,975.2,60.674
7753,975.3,69.46
7754,975.4,79.31
7755,975.5,90.327
7756,975.6,102.6
7757,975.7,116.2
7758,975.8,131.2
7759,975.9,147.813
7760,976.0,166.1
7761,976.1,186.1
7762,976.2,207.961
7763,976.3,231.8
7764,976.4,257.7
7765,976.5,285.7
7766,976.6,315.91
7767,976.7,348.4
7768,976.8,383.2
7769,976.9,420.3
7770,977.0,459.816
7771,977.1,501.7
7772,977.2,545.9
7773,977.3,592.488
7774,977.4,641.3
7775,977.5,692.2
7776,977.6,745.3
7777,977.7,800.291
7778,977.8,857.0
7779,977.9,915.3
7780,978.0,974.99
7781,978.1,1036.0
7782,978.2,1098.0
7783,978.3,1160.0
7784,978.4,1222.472
7785,978.5,1285.0
7786,978.6,1347.0
7787,978.7,1408.473
7788,978.8,1469.0
7789,978.9,1528.0
7790,979.0,1585.0
7791,979.1,1639.911
7792,979.2,1692.0
7793,979.3,1741.0
7794,979.4,1788.0
7795,979.5,1830.57
7796,979.6,1869.0
7797,979.7,1904.0
7798,979.8,1934.368
7799,979.9,1960.0
7800,980.0,1981.0
7801,980.1,1997.0
7802,980.2,2008.56
7803,980.3,2015.0
7804,980.4,2016.0
7805,980.5,2013.38
7806,980.6,2006.0
7807,980.7,1993.0
7808,980.8,1977.0
7809,980.9,1956.95
7810,981.0,1933.0
7811,981.1,1906.0
7812,981.2,1876.752
7813,981.3,1845.0
7814,981.4,1811.0
7815,981.5,1777.0
7816,981.6,1742.1
7817,981.7,1707.0
7818,981.8,1673.0
7819,981.9,1641.0
7820,982.0,1611.551
7821,982.1,1585.0
7822,982.2,1562.0
7823,982.3,1544.184
7824,982.4,1532.0
7825,982.5,1526.0
7826,982.6,1528.0
7827,982.7,1538.024
7828,982.8,1557.0
7829,982.9,1586.0
7830,983.0,1625.453
7831,983.1,1677.0
7832,983.2,1742.0
7833,983.3,1820.0
7834,983.4,1912.544
7835,983.5,2020.0
7836,983.6,2143.0
7837,983.7,2284.192
7838,983.8,2443.0
7839,983.9,2619.0
7840,984.0,2815.0
7841,984.1,3030.311
7842,984.2,3266.0
7843,984.3,3523.0
7844,984.4,3800.0
7845,984.5,4099.413
7846,984.6,4421.0
7847,984.7,4764.0
7848,984.8,5129.173
7849,984.9,5516.0
7850,985.0,5924.0
7851,985.1,6354.0
7852,985.2,6805.145
7853,985.3,7277.0
7854,985.4,7769.0
7855,985.5,8279.461
7856,985.6,8808.0
7857,985.7,9354.0
7858,985.8,9915.0
7859,985.9,10490.625
7860,986.0,11080.0
7861,986.1,11680.0
7862,986.2,12283.949
7863,986.3,12900.0
7864,986.4,13530.0
7865,986.5,14150.0
7866,986.6,14779.4
7867,986.7,15410.0
7868,986.8,16030.0
7869,986.9,16650.0
7870,987.0,17263.357
7871,987.1,17870.0
7872,987.2,18470.0
7873,987.3,19053.539
7874,987.4,19620.0
7875,987.5,20170.0
7876,987.6,20700.0
7877,987.7,21214.832
7878,987.8,21710.0
7879,987.9,22180.0
7880,988.0,22626.818
7881,988.1,23050.0
7882,988.2,23450.0
7883,988.3,23830.0
7884,988.4,24178.522
7885,988.5,24500.0
7886,988.6,24800.0
7887,988.7,25071.431
7888,988.8,25320.0
7889,988.9,25550.0
7890,989.0,25750.0
7891,989.1,25926.972
7892,989.2,26080.0
7893,989.3,26210.0
7894,989.4,26330.0
7895,989.5,26425.436
7896,989.6,26500.0
7897,989.7,26560.0
7898,989.8,26598.194
7899,989.9,26620.0
7900,990.0,26630.0
7901,990.1,26620.0
7902,990.2,26601.523
7903,990.3,26570.0
7904,990.4,26520.0
7905,990.5,26461.525
7906,990.6,26390.0
7907,990.7,26300.0
7908,990.8,26200.0
7909,990.9,26091.867
7910,991.0,25970.0
7911,991.1,25830.0
7912,991.2,25676.125
7913,991.3,25510.0
7914,991.4,25330.0
7915,991.5,25130.0
7916,991.6,24913.566
7917,991.7,24680.0
7918,991.8,24430.0
7919,991.9,24170.0
7920,992.0,23885.778
7921,992.1,23580.0
7922,992.2,23260.0
7923,992.3,22925.839
7924,992.4,22570.0
7925,992.5,22190.0
7926,992.6,21800.0
7927,992.7,21388.566
7928,992.8,20960.0
7929,992.9,20520.0
7930,993.0,20058.925
7931,993.1,19580.0
7932,993.2,19090.0
7933,993.3,18590.0
7934,993.4,18074.919
7935,993.5,17550.0
7936,993.6,17020.0
7937,993.7,16478.728
7938,993.8,15930.0
7939,993.9,15380.0
7940,994.0,14830.0
7941,994.1,14277.382
7942,994.2,13720.0
7943,994.3,13160.0
7944,994.4,12610.0
7945,994.5,12066.85
7946,994.6,11530.0
7947,994.7,11000.0
7948,994.8,10475.231
7949,994.9,9959.0
7950,995.0,9455.0
7951,995.1,8963.0
7952,995.2,8483.285
7953,995.3,8017.0
7954,995.4,7565.0
7955,995.5,7126.961
7956,995.6,6704.0
7957,995.7,6297.0
7958,995.8,5905.0
7959,995.9,5529.449
7960,996.0,5170.0
7961,996.1,4826.0
7962,996.2,4498.174
7963,996.3,4187.0
7964,996.4,3892.0
7965,996.5,3611.0
7966,996.6,3345.958
7967,996.7,3096.0
7968,996.8,2860.0
7969,996.9,2639.0
7970,997.0,2431.041
7971,997.1,2236.0
7972,997.2,2054.0
7973,997.3,1883.649
7974,997.4,1725.0
7975,997.5,1578.0
7976,997.6,1441.0
7977,997.7,1314.34
7978,997.8,1197.0
7979,997.9,1088.0
7980,998.0,988.118
7981,998.1,896.5
7982,998.2,812.0
7983,998.3,734.4
7984,998.4,663.271
7985,998.5,598.2
7986,998.6,538.8
7987,998.7,484.642
7988,998.8,435.3
7989,998.9,390.4
7990,999.0,349.7
7991,999.1,312.779
7992,999.2,279.4
7993,999.3,249.3
7994,999.4,222.0
7995,999.5,197.437
7996,999.6,175.4
7997,999.7,155.6
7998,999.8,137.789
7999,999.9,121.9
