,wavelength,intensity
0,200.0,9390000.0
1,200.1,9832000.0
2,200.2,6496160.181
3,200.3,2708310.9
4,200.4,712287.711
5,200.5,118689.122
6,200.6,20022.981
7,200.7,63324.397
8,200.8,323269.257
9,200.9,1062829.412
10,201.0,2229211.889
11,201.1,3008057.505
12,201.2,2653000.0
13,201.3,1578000.0
14,201.4,662397.815
15,201.5,205366.137
16,201.6,47485.277
17,201.7,7909.51
18,201.8,902.551
19,201.9,67.215
20,202.0,3.263
21,202.1,0.097
22,202.2,0.002
23,202.3,0.0
24,202.4,0.0
25,202.5,0.0
26,202.6,0.0
27,202.7,0.0
28,202.8,0.0
29,202.9,0.001
30,203.0,0.001
31,203.1,0.002
32,203.2,0.002
33,203.3,0.002
34,203.4,0.003
35,203.5,0.003
36,203.6,0.003
37,203.7,0.003
38,203.8,0.003
39,203.9,0.003
40,204.0,0.003
41,204.1,0.002
42,204.2,0.001
43,204.3,0.0
44,204.4,0.001
45,204.5,0.01
46,204.6,0.28
47,204.7,11.909
48,204.8,525.456
49,204.9,15570.0
50,205.0,301700.0
51,205.1,3781000.0
52,205.2,30637375.018
53,205.3,160658280.809
54,205.4,544615257.387
55,205.5,1193435681.71
56,205.6,1690838724.867
57,205.7,1553357745.381
58,205.8,946264085.975
59,205.9,490936636.275
60,206.0,535926797.935
61,206.1,959273702.768
62,206.2,1322999999.999
63,206.3,1311000000.001
64,206.4,1129826642.103
65,206.5,1101176367.532
66,206.6,1115431848.81
67,206.7,918021821.11
68,206.8,573935603.695
69,206.9,290426530.876
70,207.0,127775911.141
71,207.1,46891408.398
72,207.2,12839883.459
73,207.3,2419048.498
74,207.4,302800.0
75,207.5,24810.0
76,207.6,1325.0
77,207.7,46.531
78,207.8,1.097
79,207.9,0.025
80,208.0,0.001
81,208.1,0.0
82,208.2,0.0
83,208.3,0.0
84,208.4,0.0
85,208.5,0.0
86,208.6,0.0
87,208.7,0.0
88,208.8,0.0
89,208.9,0.0
90,209.0,0.0
91,209.1,0.0
92,209.2,0.0
93,209.3,0.0
94,209.4,0.0
95,209.5,0.0
96,209.6,0.0
97,209.7,0.0
98,209.8,0.0
99,209.9,0.0
100,210.0,0.0
101,210.1,0.0
102,210.2,0.0
103,210.3,0.0
104,210.4,0.015
105,210.5,0.582
106,210.6,15.528
107,210.7,274.036
108,210.8,3266.762
109,210.9,25722.82
110,211.0,134099.628
111,211.1,464171.532
112,211.2,1077000.0
113,211.3,1751000.0
114,211.4,2344068.996
115,211.5,3433057.71
116,211.6,5486569.171
117,211.7,7376097.762
118,211.8,7844150.912
119,211.9,8110849.25
120,212.0,9699255.424
121,212.1,10809452.693
122,212.2,8894914.447
123,212.3,4978597.554
124,212.4,1860000.0
125,212.5,461700.0
126,212.6,76110.0
127,212.7,8326.679
128,212.8,603.252
129,212.9,28.239
130,213.0,0.875
131,213.1,0.016
132,213.2,0.0
133,213.3,0.0
134,213.4,0.0
135,213.5,0.0
136,213.6,0.0
137,213.7,0.0
138,213.8,0.0
139,213.9,0.0
140,214.0,0.0
141,214.1,0.0
142,214.2,0.0
143,214.3,0.0
144,214.4,0.0
145,214.5,0.0
146,214.6,0.0
147,214.7,0.0
148,214.8,0.0
149,214.9,0.0
150,215.0,0.0
151,215.1,0.0
152,215.2,0.0
153,215.3,0.0
154,215.4,0.0
155,215.5,0.0
156,215.6,0.0
157,215.7,0.0
158,215.8,0.0
159,215.9,0.0
160,216.0,0.0
161,216.1,0.001
162,216.2,0.001
163,216.3,0.001
164,216.4,0.001
165,216.5,0.001
166,216.6,0.001
167,216.7,0.001
168,216.8,0.001
169,216.9,0.001
170,217.0,0.001
171,217.1,0.001
172,217.2,0.001
173,217.3,0.001
174,217.4,0.001
175,217.5,0.001
176,217.6,0.001
177,217.7,0.001
178,217.8,0.001
179,217.9,0.001
180,218.0,0.001
181,218.1,0.001
182,218.2,0.001
183,218.3,0.001
184,218.4,0.001
185,218.5,0.001
186,218.6,0.001
187,218.7,0.001
188,218.8,0.001
189,218.9,0.001
190,219.0,0.001
191,219.1,0.001
192,219.2,0.001
193,219.3,0.001
194,219.4,0.001
195,219.5,0.001
196,219.6,0.001
197,219.7,0.001
198,219.8,0.001
199,219.9,0.001
200,220.0,0.001
201,220.1,0.001
202,220.2,0.001
203,220.3,0.001
204,220.4,0.001
205,220.5,0.001
206,220.6,0.001
207,220.7,0.001
208,220.8,0.001
209,220.9,0.001
210,221.0,0.001
211,221.1,0.001
212,221.2,0.0
213,221.3,0.0
214,221.4,0.0
215,221.5,0.0
216,221.6,0.0
217,221.7,0.0
218,221.8,0.0
219,221.9,0.0
220,222.0,0.0
221,222.1,0.0
222,222.2,0.008
223,222.3,0.513
224,222.4,22.3
225,222.5,643.3
226,222.6,12820.0
227,222.7,176647.985
228,222.8,1681945.63
229,222.9,11061803.177
230,223.0,50378535.474
231,223.1,158352469.62
232,223.2,344020147.731
233,223.3,516428320.796
234,223.4,535915562.324
235,223.5,384363645.285
236,223.6,190440119.519
237,223.7,65240000.001
238,223.8,15440000.0
239,223.9,2522672.182
240,224.0,284944.433
241,224.1,22235.78
242,224.2,1215.977
243,224.3,45.918
244,224.4,1.257
245,224.5,0.026
246,224.6,0.001
247,224.7,0.0
248,224.8,0.0
249,224.9,0.0
250,225.0,0.0
251,225.1,0.0
252,225.2,0.001
253,225.3,0.039
254,225.4,1.208
255,225.5,25.971
256,225.6,386.573
257,225.7,3996.163
258,225.8,28959.11
259,225.9,146364.281
260,226.0,516542.858
261,226.1,1277075.684
262,226.2,2247000.0
263,226.3,3000000.0
264,226.4,3717033.32
265,226.5,5486141.13
266,226.6,8710362.663
267,226.7,12672073.686
268,226.8,25055441.132
269,226.9,99038057.403
270,227.0,416767627.972
271,227.1,1320789401.563
272,227.2,2971218448.021
273,227.3,4705313605.841
274,227.4,5228000000.006
275,227.5,4070000000.027
276,227.6,2220000000.027
277,227.7,847989791.917
278,227.8,228858440.349
279,227.9,48748600.431
280,228.0,18567975.726
281,228.1,19071350.486
282,228.2,18600364.172
283,228.3,13033145.403
284,228.4,6419499.398
285,228.5,2238207.783
286,228.6,647380.35
287,228.7,507800.0
288,228.8,1124000.0
289,228.9,2096223.668
290,229.0,2775474.301
291,229.1,2587108.785
292,229.2,1696680.542
293,229.3,783484.779
294,229.4,254550.383
295,229.5,58151.461
296,229.6,9332.497
297,229.7,1057.49
298,229.8,84.268
299,229.9,4.731
300,230.0,0.187
301,230.1,0.008
302,230.2,0.095
303,230.3,2.534
304,230.4,47.535
305,230.5,635.987
306,230.6,5992.105
307,230.7,39909.854
308,230.8,188415.056
309,230.9,630848.895
310,231.0,1501986.211
311,231.1,2582606.906
312,231.2,3410000.0
313,231.3,4172000.0
314,231.4,6017065.453
315,231.5,9350715.72
316,231.6,12257313.564
317,231.7,12586763.92
318,231.8,11544806.381
319,231.9,12523934.648
320,232.0,15860050.33
321,232.1,17576914.598
322,232.2,14607192.663
323,232.3,8725875.459
324,232.4,3761000.0
325,232.5,1376000.0
326,232.6,1058000.0
327,232.7,1886926.251
328,232.8,2982362.218
329,232.9,3416566.592
330,233.0,2822714.411
331,233.1,1837689.641
332,233.2,1540140.445
333,233.3,2653826.668
334,233.4,5008352.881
335,233.5,7216911.887
336,233.6,7518564.262
337,233.7,5632000.0
338,233.8,3030000.0
339,233.9,1171623.637
340,234.0,327971.708
341,234.1,88046.107
342,234.2,146120.821
343,234.3,578041.67
344,234.4,1741768.395
345,234.5,3759951.353
346,234.6,5809014.463
347,234.7,6422566.287
348,234.8,5081759.352
349,234.9,2879000.0
350,235.0,1183000.0
351,235.1,415600.0
352,235.2,319129.022
353,235.3,582086.675
354,235.4,942266.999
355,235.5,1111385.121
356,235.6,940925.549
357,235.7,571750.161
358,235.8,249282.598
359,235.9,79867.146
360,236.0,32632.187
361,236.1,85174.797
362,236.2,328100.0
363,236.3,964100.0
364,236.4,2118860.163
365,236.5,3521490.257
366,236.6,4473460.055
367,236.7,4374978.641
368,236.8,3298142.5
369,236.9,1907313.928
370,237.0,840621.099
371,237.1,294873.101
372,237.2,144857.752
373,237.3,239290.939
374,237.4,482800.0
375,237.5,735800.0
376,237.6,811600.0
377,237.7,647991.243
378,237.8,390931.45
379,237.9,274562.313
380,238.0,568730.861
381,238.1,1646473.146
382,238.2,3733285.864
383,238.3,6252064.304
384,238.4,7835705.756
385,238.5,7611123.88
386,238.6,6083207.75
387,238.7,4386000.0
388,238.8,3231000.0
389,238.9,2654053.315
390,239.0,2248257.212
391,239.1,1658862.012
392,239.2,952620.746
393,239.3,406504.547
394,239.4,126653.285
395,239.5,28659.342
396,239.6,4692.159
397,239.7,558.176
398,239.8,48.079
399,239.9,3.32
400,240.0,7.62
401,240.1,127.1
402,240.2,1570.071
403,240.3,14129.796
404,240.4,92533.955
405,240.5,441985.66
406,240.6,1535529.755
407,240.7,3884277.34
408,240.8,7152585.775
409,240.9,9589873.971
410,241.0,9361338.432
411,241.1,6654199.952
412,241.2,3443000.0
413,241.3,1297000.0
414,241.4,355892.194
415,241.5,71087.922
416,241.6,10334.489
417,241.7,1095.458
418,241.8,84.238
419,241.9,4.781
420,242.0,3.731
421,242.1,67.132
422,242.2,939.579
423,242.3,9482.932
424,242.4,69930.0
425,242.5,377400.0
426,242.6,1490000.0
427,242.7,4307313.193
428,242.8,9111102.211
429,242.9,14107809.539
430,243.0,15979201.675
431,243.1,13257502.021
432,243.2,8045795.572
433,243.3,3602876.014
434,243.4,1354631.843
435,243.5,1159474.112
436,243.6,3006106.576
437,243.7,7268000.0
438,243.8,13080000.0
439,243.9,17290875.162
440,244.0,16762706.729
441,244.1,11923397.135
442,244.2,6220394.461
443,244.3,2381038.115
444,244.4,668447.859
445,244.5,137675.398
446,244.6,20758.93
447,244.7,2304.627
448,244.8,187.59
449,244.9,11.21
450,245.0,0.491
451,245.1,0.016
452,245.2,0.0
453,245.3,0.0
454,245.4,0.0
455,245.5,0.0
456,245.6,0.0
457,245.7,0.0
458,245.8,0.0
459,245.9,0.0
460,246.0,0.0
461,246.1,0.0
462,246.2,0.0
463,246.3,0.0
464,246.4,0.0
465,246.5,0.0
466,246.6,0.0
467,246.7,0.0
468,246.8,0.001
469,246.9,0.022
470,247.0,0.514
471,247.1,8.639
472,247.2,108.675
473,247.3,999.937
474,247.4,6810.0
475,247.5,34360.0
476,247.6,128500.0
477,247.7,355954.65
478,247.8,730745.614
479,247.9,1111306.414
480,248.0,1253209.042
481,248.1,1046830.068
482,248.2,648201.059
483,248.3,297340.878
484,248.4,101052.99
485,248.5,25618.515
486,248.6,6318.161
487,248.7,12490.0
488,248.8,66260.0
489,248.9,275824.148
490,249.0,859582.473
491,249.1,2017962.814
492,249.2,3641963.669
493,249.3,5279660.856
494,249.4,6668148.357
495,249.5,7990030.481
496,249.6,9154263.496
497,249.7,9340179.204
498,249.8,8021857.635
499,249.9,5966000.0
500,250.0,4553000.0
501,250.1,4577000.0
502,250.2,6011507.006
503,250.3,8215399.137
504,250.4,10014179.262
505,250.5,10238197.81
506,250.6,8781467.878
507,250.7,6809220.784
508,250.8,5504344.586
509,250.9,4856083.044
510,251.0,4133924.238
511,251.1,3118817.259
512,251.2,2289000.0
513,251.3,1999000.0
514,251.4,1993915.786
515,251.5,1797496.404
516,251.6,1280055.385
517,251.7,690988.828
518,251.8,279581.682
519,251.9,84671.294
520,252.0,20193.195
521,252.1,12364.864
522,252.2,58542.314
523,252.3,276219.685
524,252.4,982500.0
525,252.5,2620000.0
526,252.6,5235000.0
527,252.7,7839392.568
528,252.8,8797839.145
529,252.9,7399267.792
530,253.0,4664358.788
531,253.1,2203519.963
532,253.2,780167.468
533,253.3,208758.911
534,253.4,52006.584
535,253.5,54131.603
536,253.6,161642.389
537,253.7,424700.0
538,253.8,1054000.0
539,253.9,3655811.869
540,254.0,17674228.563
541,254.1,79998057.541
542,254.2,284974727.499
543,254.3,769648868.636
544,254.4,1566545231.356
545,254.5,2399965557.567
546,254.6,2777478255.593
547,254.7,2477904539.205
548,254.8,1950811154.322
549,254.9,2181999999.969
550,255.0,4195999999.903
551,255.1,8255999999.851
552,255.2,12967196839.423
553,255.3,15639115028.144
554,255.4,14677433293.956
555,255.5,11203467215.104
556,255.6,7651452640.848
557,255.7,5520672922.365
558,255.8,5141722724.918
559,255.9,6353930103.056
560,256.0,8363271760.71
561,256.1,9757364676.301
562,256.2,9606000000.029
563,256.3,8179000000.058
564,256.4,6234382732.066
565,256.5,4232185614.667
566,256.6,2443846314.972
567,256.7,1141180552.75
568,256.8,416426966.622
569,256.9,117542178.792
570,257.0,27435582.066
571,257.1,8648130.098
572,257.2,6661136.176
573,257.3,6272695.682
574,257.4,4929000.0
575,257.5,3465000.0
576,257.6,2995000.0
577,257.7,3656632.544
578,257.8,4626139.595
579,257.9,4909407.05
580,258.0,4165624.807
581,258.1,2859371.407
582,258.2,1734521.164
583,258.3,1220743.538
584,258.4,1261997.062
585,258.5,1526227.923
586,258.6,1757074.245
587,258.7,1980000.0
588,258.8,2418000.0
589,258.9,3356314.531
590,259.0,5046641.468
591,259.1,7302497.364
592,259.2,9065020.311
593,259.3,9012977.532
594,259.4,6954005.039
595,259.5,4111690.828
596,259.6,1853110.591
597,259.7,636471.476
598,259.8,171983.851
599,259.9,63020.0
600,260.0,116100.0
601,260.1,312700.0
602,260.2,668948.74
603,260.3,1101222.726
604,260.4,1467680.46
605,260.5,2148013.351
606,260.6,5940361.789
607,260.7,22670656.38
608,260.8,74974812.466
609,260.9,192517043.677
610,261.0,378179070.387
611,261.1,567142265.682
612,261.2,649100000.0
613,261.3,567100000.005
614,261.4,378182502.42
615,261.5,192611188.137
616,261.6,75062712.52
617,261.7,22830821.856
618,261.8,6196446.61
619,261.9,2622568.128
620,262.0,2433135.916
621,262.1,2862644.381
622,262.2,3346624.571
623,262.3,3722009.794
624,262.4,3884000.0
625,262.5,3831000.0
626,262.6,3612000.0
627,262.7,3233635.62
628,262.8,2721457.662
629,262.9,2192153.129
630,263.0,1740523.299
631,263.1,1331473.507
632,263.2,909353.847
633,263.3,515137.139
634,263.4,231745.596
635,263.5,81112.116
636,263.6,21893.655
637,263.7,4550.0
638,263.8,743.8
639,263.9,122.759
640,264.0,51.598
641,264.1,41.782
642,264.2,30.36
643,264.3,24.625
644,264.4,143.808
645,264.5,1852.277
646,264.6,18989.023
647,264.7,150927.961
648,264.8,918148.22
649,264.9,4299000.0
650,265.0,15489999.999
651,265.1,42989999.999
652,265.2,91926256.207
653,265.3,151884556.267
654,265.4,195723797.727
655,265.5,203480543.947
656,265.6,187861605.352
657,265.7,183564575.882
658,265.8,204943806.812
659,265.9,226176177.416
660,266.0,212663093.631
661,266.1,162741344.294
662,266.2,113200000.001
663,266.3,110599999.999
664,266.4,184259409.445
665,266.5,329579611.931
666,266.6,500461570.729
667,266.7,630160420.333
668,266.8,680357909.642
669,266.9,669855913.628
670,267.0,655062084.215
671,267.1,679318475.153
672,267.2,725039228.71
673,267.3,719796504.264
674,267.4,609300000.006
675,267.5,419700000.008
676,267.6,230600000.006
677,267.7,100799444.305
678,267.8,35846273.413
679,267.9,11566152.893
680,268.0,4531541.015
681,268.1,2585590.247
682,268.2,1666683.919
683,268.3,966022.225
684,268.4,467069.947
685,268.5,193082.477
686,268.6,108869.05
687,268.7,195700.0
688,268.8,511300.0
689,268.9,1182040.86
690,269.0,2331928.252
691,269.1,3947866.487
692,269.2,5719621.826
693,269.3,7167156.815
694,269.4,8616793.045
695,269.5,13009972.938
696,269.6,26836363.785
697,269.7,56971073.371
698,269.8,101915653.784
699,269.9,144699999.999
700,270.0,161000000.0
701,270.1,140600000.001
702,270.2,97533728.036
703,270.3,55901403.694
704,270.4,30721523.581
705,270.5,23078690.533
706,270.6,26672817.691
707,270.7,33759603.581
708,270.8,38641094.561
709,270.9,40212733.023
710,271.0,41012437.106
711,271.1,42248968.415
712,271.2,41200000.0
713,271.3,34780000.0
714,271.4,24182129.42
715,271.5,13846888.115
716,271.6,6962812.018
717,271.7,3532706.452
718,271.8,1994091.287
719,271.9,1146995.842
720,272.0,595425.103
721,272.1,332012.959
722,272.2,477818.722
723,272.3,1337645.786
724,272.4,3385000.0
725,272.5,6773000.0
726,272.6,10610000.0
727,272.7,13105237.044
728,272.8,13157636.545
729,272.9,12224557.115
730,273.0,14671867.247
731,273.1,27052272.537
732,273.2,57297303.252
733,273.3,111085609.529
734,273.4,183449781.101
735,273.5,251689908.607
736,273.6,284051283.34
737,273.7,265400000.002
738,273.8,213200000.002
739,273.9,161231929.316
740,274.0,128223985.346
741,274.1,109289505.692
742,274.2,94921235.075
743,274.3,89572942.532
744,274.4,105095376.174
745,274.5,141624568.437
746,274.6,179468288.12
747,274.7,191359035.317
748,274.8,165198511.428
749,274.9,114500000.002
750,275.0,64120000.002
751,275.1,30640000.001
752,275.2,15073728.183
753,275.3,10163141.759
754,275.4,9099673.651
755,275.5,8876289.035
756,275.6,9053806.176
757,275.7,9473816.145
758,275.8,9426775.572
759,275.9,8518802.739
760,276.0,7390906.52
761,276.1,7037488.337
762,276.2,7712000.0
763,276.3,8777000.0
764,276.4,9368544.976
765,276.5,9013901.043
766,276.6,7975036.789
767,276.7,7295443.401
768,276.8,8141450.957
769,276.9,10562736.199
770,277.0,12983092.239
771,277.1,13306175.476
772,277.2,10914567.867
773,277.3,7081932.627
774,277.4,3660000.0
775,277.5,1758000.0
776,277.6,2044000.0
777,277.7,6773709.083
778,277.8,22758140.104
779,277.9,62819066.281
780,278.0,139688162.173
781,278.1,248933212.588
782,278.2,354504706.538
783,278.3,404012122.418
784,278.4,374756391.344
785,278.5,304764018.999
786,278.6,268297454.231
787,278.7,317699999.996
788,278.8,440699999.994
789,278.9,562773076.422
790,279.0,596712778.514
791,279.1,510152548.931
792,279.2,348367870.253
793,279.3,189318373.002
794,279.4,81918008.926
795,279.5,29662723.619
796,279.6,15964152.761
797,279.7,33040239.89
798,279.8,92815974.549
799,279.9,215499999.993
800,280.0,396699999.991
801,280.1,577499999.993
802,280.2,664817846.665
803,280.3,605254297.269
804,280.4,435755328.826
805,280.5,248061624.648
806,280.6,111652328.584
807,280.7,39747509.739
808,280.8,11187537.151
809,280.9,2490715.576
810,281.0,441383.887
811,281.1,90182.954
812,281.2,232600.0
813,281.3,1383000.0
814,281.4,6731869.1
815,281.5,26183891.577
816,281.6,81718365.955
817,281.7,206603017.959
818,281.8,429721556.201
819,281.9,750636123.737
820,282.0,1128928132.137
821,282.1,1490647065.887
822,282.2,1743833675.311
823,282.3,1818252937.994
824,282.4,1741000000.005
825,282.5,1642000000.003
826,282.6,1617000000.0
827,282.7,1604654319.263
828,282.8,1453392484.987
829,282.9,1114257166.976
830,283.0,710058955.031
831,283.1,421724688.741
832,283.2,380931942.317
833,283.3,654432416.566
834,283.4,1227471362.4
835,283.5,1930567386.687
836,283.6,2443013068.988
837,283.7,2490000000.01
838,283.8,2084000000.026
839,283.9,1508182007.59
840,284.0,1059023737.908
841,284.1,845488248.269
842,284.2,808674899.668
843,284.3,831123229.033
844,284.4,807572613.818
845,284.5,694467566.577
846,284.6,539067428.948
847,284.7,449293536.16
848,284.8,509079405.681
849,284.9,705799999.989
850,285.0,924399999.991
851,285.1,1021000000.0
852,285.2,927238628.628
853,285.3,697370247.551
854,285.4,452736549.041
855,285.5,289616147.454
856,285.6,231270971.058
857,285.7,245741288.53
858,285.8,295051456.655
859,285.9,371855295.444
860,286.0,491923529.923
861,286.1,651763986.517
862,286.2,802599999.994
863,286.3,885499999.998
864,286.4,897510611.593
865,286.5,906093144.432
866,286.6,975896226.771
867,286.7,1087681053.501
868,286.8,1155419249.898
869,286.9,1120645207.334
870,287.0,998242151.856
871,287.1,837894923.675
872,287.2,664261019.917
873,287.3,488946475.502
874,287.4,330700000.007
875,287.5,210500000.005
876,287.6,137300000.003
877,287.7,107579085.1
878,287.8,112406086.401
879,287.9,138277980.763
880,288.0,167342978.34
881,288.1,180731246.845
882,288.2,167222620.06
883,288.3,129710747.688
884,288.4,83565109.679
885,288.5,45462441.704
886,288.6,23213266.137
887,288.7,15090000.0
888,288.8,15140000.0
889,288.9,17761611.8
890,289.0,19503045.48
891,289.1,19391481.772
892,289.2,18535962.024
893,289.3,18829316.477
894,289.4,22542093.998
895,289.5,33334067.507
896,289.6,56111148.363
897,289.7,92078825.195
898,289.8,131962760.934
899,289.9,156999999.999
900,290.0,152000000.001
901,290.1,118900000.002
902,290.2,75261314.248
903,290.3,39025505.781
904,290.4,17625281.185
905,290.5,8620792.755
906,290.6,6599082.427
907,290.7,8411690.342
908,290.8,15004736.826
909,290.9,31640028.009
910,291.0,66263810.416
911,291.1,123188897.408
912,291.2,193099999.996
913,291.3,248999999.998
914,291.4,261618593.722
915,291.5,222678425.629
916,291.6,153749966.503
917,291.7,87732241.975
918,291.8,46983202.921
919,291.9,36154501.172
920,292.0,48875768.02
921,292.1,73132936.819
922,292.2,93727568.903
923,292.3,97727220.388
924,292.4,82300000.001
925,292.5,56200000.001
926,292.6,32200000.001
927,292.7,18732544.634
928,292.8,17946588.034
929,292.9,28079253.354
930,293.0,45262034.752
931,293.1,65065446.664
932,293.2,85855249.987
933,293.3,110345557.376
934,293.4,139962644.301
935,293.5,166326022.931
936,293.6,173341462.35
937,293.7,151500000.002
938,293.8,108700000.003
939,293.9,63434939.049
940,294.0,29959907.693
941,294.1,11441696.115
942,294.2,3526496.585
943,294.3,878658.503
944,294.4,177128.909
945,294.5,34812.458
946,294.6,42402.217
947,294.7,197420.27
948,294.8,810961.952
949,294.9,2703000.0
950,295.0,7294000.0
951,295.1,15929999.999
952,295.2,28180635.653
953,295.3,40359089.258
954,295.4,46788195.079
955,295.5,43915232.196
956,295.6,33373193.958
957,295.7,20533663.313
958,295.8,10243887.633
959,295.9,4216892.415
960,296.0,1782878.68
961,296.1,2013925.367
962,296.2,5204000.0
963,296.3,12919999.999
964,296.4,26522814.563
965,296.5,44783404.268
966,296.6,63299688.957
967,296.7,78820065.828
968,296.8,96470389.387
969,296.9,131504028.254
970,297.0,198163527.668
971,297.1,289994226.129
972,297.2,373475801.321
973,297.3,406922121.336
974,297.4,375100000.003
975,297.5,305000000.004
976,297.6,250300000.002
977,297.7,260042591.003
978,297.8,350686933.089
979,297.9,489946360.348
980,298.0,606264953.271
981,298.1,634947345.155
982,298.2,570291577.961
983,298.3,474784273.176
984,298.4,434324859.846
985,298.5,512589174.154
986,298.6,740619845.455
987,298.7,1113999999.976
988,298.8,1558999999.976
989,298.9,1908173069.877
990,299.0,1975192571.353
991,299.1,1696104281.367
992,299.2,1200805434.776
993,299.3,700564197.743
994,299.4,342167453.565
995,299.5,148142702.083
996,299.6,67305118.652
997,299.7,41013666.294
998,299.8,33954781.37
999,299.9,32190000.0
1000,300.0,32060000.0
1001,300.1,32310000.0
1002,300.2,31756666.7
1003,300.3,30016919.645
1004,300.4,27741152.056
1005,300.5,25358278.372
1006,300.6,22261125.576
1007,300.7,17768270.084
1008,300.8,12463655.231
1009,300.9,8229537.972
1010,301.0,7526035.745
1011,301.1,13321954.801
1012,301.2,29179999.999
1013,301.3,57659999.998
1014,301.4,96601110.361
1015,301.5,137781413.438
1016,301.6,171845823.713
1017,301.7,196860574.545
1018,301.8,219323268.408
1019,301.9,243948977.198
1020,302.0,263680252.12
1021,302.1,264292300.509
1022,302.2,237797677.245
1023,302.3,189940462.405
1024,302.4,135300000.003
1025,302.5,87450000.002
1026,302.6,53530000.002
1027,302.7,34643528.54
1028,302.8,28803779.429
1029,302.9,32295274.59
1030,303.0,39683229.552
1031,303.1,44982663.912
1032,303.2,44764930.476
1033,303.3,41046023.581
1034,303.4,42771255.681
1035,303.5,67813171.467
1036,303.6,145959899.352
1037,303.7,313399999.987
1038,303.8,585599999.981
1039,303.9,917210661.999
1040,304.0,1198318866.456
1041,304.1,1325694309.904
1042,304.2,1308055574.644
1043,304.3,1283656063.945
1044,304.4,1400526487.243
1045,304.5,1657937817.087
1046,304.6,1883714358.439
1047,304.7,1881838604.044
1048,304.8,1626244981.777
1049,304.9,1308000000.015
1050,305.0,1192999999.997
1051,305.1,1430999999.976
1052,305.2,1930145552.399
1053,305.3,2397068595.241
1054,305.4,2520774596.413
1055,305.5,2194958847.442
1056,305.6,1576595272.118
1057,305.7,945169351.701
1058,305.8,498439694.668
1059,305.9,286319199.86
1060,306.0,270722084.37
1061,306.1,426753729.853
1062,306.2,785599999.971
1063,306.3,1382999999.957
1064,306.4,2144287903.535
1065,306.5,2815791387.998
1066,306.6,3078708054.037
1067,306.7,2781442610.793
1068,306.8,2069651416.956
1069,306.9,1267996178.848
1070,307.0,641351585.286
1071,307.1,275126490.259
1072,307.2,118031851.282
1073,307.3,83203088.997
1074,307.4,104099999.998
1075,307.5,137999999.998
1076,307.6,157100000.0
1077,307.7,148038174.113
1078,307.8,114878262.125
1079,307.9,73422989.199
1080,308.0,38603748.205
1081,308.1,16703563.82
1082,308.2,5951189.471
1083,308.3,1744442.023
1084,308.4,421001.597
1085,308.5,83572.598
1086,308.6,13650.856
1087,308.7,1837.0
1088,308.8,203.4
1089,308.9,18.383
1090,309.0,1.377
1091,309.1,0.085
1092,309.2,0.007
1093,309.3,0.051
1094,309.4,0.879
1095,309.5,12.677
1096,309.6,148.515
1097,309.7,1451.426
1098,309.8,11620.37
1099,309.9,76820.0
1100,310.0,419600.0
1101,310.1,1894000.0
1102,310.2,7060826.221
1103,310.3,21762163.066
1104,310.4,55426359.301
1105,310.5,116641391.862
1106,310.6,202816493.84
1107,310.7,291403568.567
1108,310.8,345918413.643
1109,310.9,339417126.469
1110,311.0,275260432.161
1111,311.1,184660944.138
1112,311.2,103700000.004
1113,311.3,53230000.002
1114,311.4,39290826.846
1115,311.5,65453353.771
1116,311.6,141007100.216
1117,311.7,274387137.676
1118,311.8,456010494.953
1119,311.9,644239092.839
1120,312.0,775622371.632
1121,312.1,798102336.171
1122,312.2,705177115.735
1123,312.3,542784561.232
1124,312.4,384100000.008
1125,312.5,293400000.003
1126,312.6,301299999.996
1127,312.7,395749991.975
1128,312.8,528183141.618
1129,312.9,639252882.849
1130,313.0,698635622.097
1131,313.1,722795803.265
1132,313.2,746361847.064
1133,313.3,777313805.115
1134,313.4,791050837.804
1135,313.5,771735672.209
1136,313.6,748427158.668
1137,313.7,777599999.995
1138,313.8,888099999.991
1139,313.9,1039181817.695
1140,314.0,1135202492.543
1141,314.1,1089616415.471
1142,314.2,892612754.256
1143,314.3,615204841.25
1144,314.4,354635597.285
1145,314.5,170546333.299
1146,314.6,68824831.683
1147,314.7,24124097.25
1148,314.8,8514415.828
1149,314.9,4184000.0
1150,315.0,3062000.0
1151,315.1,2532000.0
1152,315.2,2187048.769
1153,315.3,2193936.315
1154,315.4,2588473.684
1155,315.5,3109046.858
1156,315.6,3357165.846
1157,315.7,3098686.276
1158,315.8,2435019.9
1159,315.9,1718695.85
1160,316.0,1329568.207
1161,316.1,1484535.479
1162,316.2,2160000.0
1163,316.3,3081000.0
1164,316.4,3801718.584
1165,316.5,3936469.303
1166,316.6,3396399.903
1167,316.7,2437928.211
1168,316.8,1456357.977
1169,316.9,723721.67
1170,317.0,299113.611
1171,317.1,102817.264
1172,317.2,29424.545
1173,317.3,7003.166
1174,317.4,1387.0
1175,317.5,228.4
1176,317.6,31.32
1177,317.7,3.938
1178,317.8,5.361
1179,317.9,56.653
1180,318.0,536.206
1181,318.1,4222.227
1182,318.2,27679.804
1183,318.3,151627.243
1184,318.4,693232.904
1185,318.5,2644382.788
1186,318.6,8417279.351
1187,318.7,22359999.999
1188,318.8,49569999.998
1189,318.9,91699801.486
1190,319.0,141572429.706
1191,319.1,182462781.99
1192,319.2,196679801.726
1193,319.3,178626420.197
1194,319.4,141139092.176
1195,319.5,109214440.095
1196,319.6,106778984.878
1197,319.7,145222710.822
1198,319.8,216189080.786
1199,319.9,291599999.996
1200,320.0,334899999.999
1201,320.1,322700000.003
1202,320.2,259954478.522
1203,320.3,174963552.165
1204,320.4,98355922.707
1205,320.5,46188182.548
1206,320.6,18115928.942
1207,320.7,5936329.069
1208,320.8,1624379.114
1209,320.9,371542.266
1210,321.0,70916.373
1211,321.1,11300.919
1212,321.2,1507.0
1213,321.3,167.7
1214,321.4,15.47
1215,321.5,1.201
1216,321.6,0.078
1217,321.7,0.004
1218,321.8,0.0
1219,321.9,0.0
1220,322.0,0.0
1221,322.1,0.0
1222,322.2,0.0
1223,322.3,0.002
1224,322.4,0.034
1225,322.5,0.418
1226,322.6,4.266
1227,322.7,36.553
1228,322.8,262.796
1229,322.9,1583.909
1230,323.0,8030.608
1231,323.1,34138.6
1232,323.2,121693.202
1233,323.3,364082.131
1234,323.4,913756.886
1235,323.5,1924029.718
1236,323.6,3400794.672
1237,323.7,5043000.0
1238,323.8,6276000.0
1239,323.9,6552683.889
1240,324.0,5741699.918
1241,324.1,4222102.491
1242,324.2,2605032.841
1243,324.3,1349029.405
1244,324.4,586462.166
1245,324.5,214126.549
1246,324.6,67541.63
1247,324.7,29089.126
1248,324.8,63354.545
1249,324.9,244700.0
1250,325.0,838500.0
1251,325.1,2420000.0
1252,325.2,5872855.297
1253,325.3,11978230.016
1254,325.4,20524682.29
1255,325.5,29568167.432
1256,325.6,35792243.925
1257,325.7,36417955.881
1258,325.8,31150014.766
1259,325.9,22387787.874
1260,326.0,13531334.576
1261,326.1,6912554.623
1262,326.2,3161000.0
1263,326.3,2018000.0
1264,326.4,3726965.811
1265,326.5,10234620.176
1266,326.6,25590891.498
1267,326.7,54719153.107
1268,326.8,100254905.036
1269,326.9,159323199.985
1270,327.0,224322428.194
1271,327.1,286667486.602
1272,327.2,340173272.45
1273,327.3,377371851.718
1274,327.4,386300000.001
1275,327.5,356200000.004
1276,327.6,288700000.006
1277,327.7,202146498.478
1278,327.8,120887934.205
1279,327.9,61306310.818
1280,328.0,26291463.165
1281,328.1,9513660.272
1282,328.2,2902321.43
1283,328.3,745721.547
1284,328.4,161482.672
1285,328.5,29442.085
1286,328.6,4517.404
1287,328.7,584.6
1288,328.8,63.65
1289,328.9,5.79
1290,329.0,0.447
1291,329.1,0.029
1292,329.2,0.002
1293,329.3,0.0
1294,329.4,0.0
1295,329.5,0.001
1296,329.6,0.021
1297,329.7,0.335
1298,329.8,4.394
1299,329.9,48.77
1300,330.0,459.4
1301,330.1,3673.0
1302,330.2,24932.353
1303,330.3,143738.788
1304,330.4,703759.155
1305,330.5,2933252.197
1306,330.6,10394223.49
1307,330.7,31337581.434
1308,330.8,80421619.045
1309,330.9,175638544.109
1310,331.0,326874980.676
1311,331.1,518618977.534
1312,331.2,702199999.988
1313,331.3,814399999.996
1314,331.4,814714152.663
1315,331.5,715365696.059
1316,331.6,572468647.094
1317,331.7,449217200.647
1318,331.8,380647805.807
1319,331.9,363964667.047
1320,332.0,370942419.97
1321,332.1,367282347.403
1322,332.2,331374096.575
1323,332.3,263192269.586
1324,332.4,182100000.006
1325,332.5,112800000.004
1326,332.6,73900000.002
1327,332.7,74982453.453
1328,332.8,119026428.916
1329,332.9,200926767.148
1330,333.0,301081137.602
1331,333.1,385546756.229
1332,333.2,418855767.321
1333,333.3,385487602.072
1334,333.4,300639563.543
1335,333.5,199025498.349
1336,333.6,113396157.639
1337,333.7,61360000.003
1338,333.8,47620000.0
1339,333.9,75045418.657
1340,334.0,149319099.584
1341,334.1,271447466.147
1342,334.2,422989614.813
1343,334.3,559886530.934
1344,334.4,629638595.626
1345,334.5,606705428.252
1346,334.6,523151479.295
1347,334.7,486172226.491
1348,334.8,698856872.757
1349,334.9,1493999999.906
1350,335.0,3320999999.809
1351,335.1,6542999999.695
1352,335.2,11039493414.804
1353,335.3,15834040441.732
1354,335.4,19335026138.336
1355,335.5,20152108169.913
1356,335.6,18110063910.141
1357,335.7,14426847512.062
1358,335.8,10875144931.047
1359,335.9,8706365410.692
1360,336.0,8046362090.358
1361,336.1,8176680288.548
1362,336.2,8178000000.022
1363,336.3,7524000000.078
1364,336.4,6306290170.196
1365,336.5,5093633082.599
1366,336.6,4566509133.135
1367,336.7,5169161855.342
1368,336.8,6937546056.102
1369,336.9,9532236171.994
1370,337.0,12380300884.17
1371,337.1,14816578498.48
1372,337.2,16133120435.177
1373,337.3,15797032159.591
1374,337.4,13750000000.214
1375,337.5,10560000000.272
1376,337.6,7171000000.249
1377,337.7,4426764411.018
1378,337.8,2675164053.728
1379,337.9,1768189296.155
1380,338.0,1334688604.282
1381,338.1,1056751092.331
1382,338.2,788624806.853
1383,338.3,521471369.675
1384,338.4,298203794.865
1385,338.5,146185123.836
1386,338.6,61233554.757
1387,338.7,21890000.002
1388,338.8,6676000.001
1389,338.9,1735157.372
1390,339.0,384522.59
1391,339.1,72646.653
1392,339.2,11698.658
1393,339.3,1602.444
1394,339.4,185.982
1395,339.5,18.531
1396,339.6,1.561
1397,339.7,0.113
1398,339.8,0.007
1399,339.9,0.0
1400,340.0,0.0
1401,340.1,0.0
1402,340.2,0.0
1403,340.3,0.0
1404,340.4,0.0
1405,340.5,0.0
1406,340.6,0.0
1407,340.7,0.0
1408,340.8,0.0
1409,340.9,0.0
1410,341.0,0.0
1411,341.1,0.0
1412,341.2,0.0
1413,341.3,0.0
1414,341.4,0.0
1415,341.5,0.0
1416,341.6,0.0
1417,341.7,0.0
1418,341.8,0.0
1419,341.9,0.0
1420,342.0,0.0
1421,342.1,0.0
1422,342.2,0.0
1423,342.3,0.0
1424,342.4,0.0
1425,342.5,0.0
1426,342.6,0.0
1427,342.7,0.0
1428,342.8,0.0
1429,342.9,0.0
1430,343.0,0.0
1431,343.1,0.0
1432,343.2,0.0
1433,343.3,0.0
1434,343.4,0.0
1435,343.5,0.0
1436,343.6,0.0
1437,343.7,0.0
1438,343.8,0.0
1439,343.9,0.0
1440,344.0,0.0
1441,344.1,0.0
1442,344.2,0.0
1443,344.3,0.0
1444,344.4,0.0
1445,344.5,0.0
1446,344.6,0.0
1447,344.7,0.0
1448,344.8,0.0
1449,344.9,0.0
1450,345.0,0.0
1451,345.1,0.0
1452,345.2,0.0
1453,345.3,0.0
1454,345.4,0.0
1455,345.5,0.0
1456,345.6,0.0
1457,345.7,0.0
1458,345.8,0.0
1459,345.9,0.0
1460,346.0,0.0
1461,346.1,0.0
1462,346.2,0.0
1463,346.3,0.0
1464,346.4,0.0
1465,346.5,0.0
1466,346.6,0.0
1467,346.7,0.0
1468,346.8,0.0
1469,346.9,0.0
1470,347.0,0.0
1471,347.1,0.0
1472,347.2,0.0
1473,347.3,0.0
1474,347.4,0.0
1475,347.5,0.0
1476,347.6,0.0
1477,347.7,0.0
1478,347.8,0.0
1479,347.9,0.0
1480,348.0,0.0
1481,348.1,0.0
1482,348.2,0.0
1483,348.3,0.0
1484,348.4,0.0
1485,348.5,0.0
1486,348.6,0.0
1487,348.7,0.0
1488,348.8,0.0
1489,348.9,0.0
1490,349.0,0.0
1491,349.1,0.0
1492,349.2,0.0
1493,349.3,0.0
1494,349.4,0.0
1495,349.5,0.0
1496,349.6,0.0
1497,349.7,0.0
1498,349.8,0.0
1499,349.9,0.0
1500,350.0,0.0
1501,350.1,0.0
1502,350.2,0.0
1503,350.3,0.0
1504,350.4,0.0
1505,350.5,0.0
1506,350.6,0.0
1507,350.7,0.0
1508,350.8,0.0
1509,350.9,0.0
1510,351.0,0.0
1511,351.1,0.0
1512,351.2,0.0
1513,351.3,0.0
1514,351.4,0.0
1515,351.5,0.0
1516,351.6,0.0
1517,351.7,0.001
1518,351.8,0.024
1519,351.9,0.349
1520,352.0,4.455
1521,352.1,48.463
1522,352.2,458.948
1523,352.3,3723.736
1524,352.4,26050.0
1525,352.5,157200.0
1526,352.6,818900.0
1527,352.7,3681125.334
1528,352.8,14278227.108
1529,352.9,47813082.927
1530,353.0,138116459.74
1531,353.1,344389275.056
1532,353.2,741112724.962
1533,353.3,1375875233.585
1534,353.4,2205442355.614
1535,353.5,3049587101.495
1536,353.6,3639025945.87
1537,353.7,3748000000.014
1538,353.8,3331000000.056
1539,353.9,2555087938.228
1540,354.0,1691421336.349
1541,354.1,966114002.813
1542,354.2,476291659.765
1543,354.3,202620599.578
1544,354.4,74349734.083
1545,354.5,23564571.813
1546,354.6,6449700.429
1547,354.7,1589057.073
1548,354.8,704208.839
1549,354.9,2009000.0
1550,355.0,8381999.999
1551,355.1,31009999.997
1552,355.2,99322490.661
1553,355.3,274864115.685
1554,355.4,658039505.793
1555,355.5,1362115550.728
1556,355.6,2436650805.063
1557,355.7,3770790239.27
1558,355.8,5044901158.283
1559,355.9,5839215764.089
1560,356.0,5854156778.257
1561,356.1,5112730647.355
1562,356.2,3967000000.104
1563,356.3,2924000000.074
1564,356.4,2415771618.142
1565,356.5,2666940238.316
1566,356.6,3700974504.937
1567,356.7,5455906091.732
1568,356.8,7948948793.249
1569,356.9,11368263325.309
1570,357.0,15929279578.874
1571,357.1,21476930682.562
1572,357.2,27190938710.459
1573,357.3,31735299005.469
1574,357.4,33989999999.916
1575,357.5,33690000000.128
1576,357.6,31440000000.261
1577,357.7,28193777565.386
1578,357.8,24778539887.26
1579,357.9,21698866350.493
1580,358.0,19099114338.757
1581,358.1,16788535943.862
1582,358.2,14417178742.031
1583,358.3,11730702511.339
1584,358.4,8876877542.99
1585,358.5,6347639430.711
1586,358.6,4704570662.501
1587,358.7,4263999999.985
1588,358.8,4936999999.901
1589,358.9,6253185223.829
1590,359.0,7519991906.373
1591,359.1,8091262136.439
1592,359.2,7646492948.906
1593,359.3,6317279296.131
1594,359.4,4559899960.779
1595,359.5,2879421669.906
1596,359.6,1594507528.384
1597,359.7,778026616.146
1598,359.8,336720343.072
1599,359.9,131400000.012
1600,360.0,49880000.004
1601,360.1,25510000.001
1602,360.2,27014234.832
1603,360.3,42165663.467
1604,360.4,68318782.118
1605,360.5,115542354.304
1606,360.6,230715035.193
1607,360.7,552965445.844
1608,360.8,1397900379.299
1609,360.9,3318744949.496
1610,361.0,7026655966.777
1611,361.1,13024252140.944
1612,361.2,21019999999.215
1613,361.3,29469999999.277
1614,361.4,35907845543.533
1615,361.5,37989242827.929
1616,361.6,34900970111.087
1617,361.7,27855944405.067
1618,361.8,19305652109.813
1619,361.9,11616213866.782
1620,362.0,6072813308.876
1621,362.1,2762582420.242
1622,362.2,1116211154.494
1623,362.3,481098817.818
1624,362.4,459099999.978
1625,362.5,995399999.919
1626,362.6,2337999999.826
1627,362.7,4891647047.978
1628,362.8,8919375742.728
1629,362.9,14141195914.27
1630,363.0,19512237233.801
1631,363.1,23396456251.387
1632,363.2,24391464384.817
1633,363.3,22128004542.582
1634,363.4,17470368900.523
1635,363.5,12041403256.996
1636,363.6,7384185080.737
1637,363.7,4394000000.188
1638,363.8,3344000000.008
1639,363.9,4188319881.631
1640,364.0,6743103511.905
1641,364.1,10608827570.53
1642,364.2,14971824366.569
1643,364.3,18698318031.07
1644,364.4,20637709993.214
1645,364.5,20230495239.498
1646,364.6,17741088234.641
1647,364.7,14086086310.033
1648,364.8,10409031349.008
1649,364.9,7564000000.211
1650,365.0,5888000000.105
1651,365.1,5186000000.035
1652,365.2,4957120180.378
1653,365.3,4686960758.169
1654,365.4,4090279960.719
1655,365.5,3184146385.122
1656,365.6,2180384150.849
1657,365.7,1304249496.819
1658,365.8,680786083.934
1659,365.9,309621231.745
1660,366.0,122754602.497
1661,366.1,42349639.97
1662,366.2,12730000.002
1663,366.3,3335000.0
1664,366.4,759837.41
1665,366.5,151240.747
1666,366.6,27985.691
1667,366.7,14723.54
1668,366.8,55012.322
1669,366.9,240393.42
1670,367.0,925666.185
1671,367.1,3109985.314
1672,367.2,9119875.319
1673,367.3,23330692.731
1674,367.4,52099999.996
1675,367.5,101499999.994
1676,367.6,172699999.992
1677,367.7,256264575.114
1678,367.8,331936071.225
1679,367.9,375106894.912
1680,368.0,370103287.563
1681,368.1,318638806.822
1682,368.2,239326251.094
1683,368.3,157012910.907
1684,368.4,89819333.202
1685,368.5,44848236.174
1686,368.6,19546334.535
1687,368.7,7435000.001
1688,368.8,2468000.0
1689,368.9,714655.329
1690,369.0,180636.091
1691,369.1,39869.704
1692,369.2,7678.111
1693,369.3,1289.006
1694,369.4,188.285
1695,369.5,24.124
1696,369.6,2.686
1697,369.7,0.263
1698,369.8,0.022
1699,369.9,0.002
1700,370.0,0.0
1701,370.1,0.0
1702,370.2,0.0
1703,370.3,0.0
1704,370.4,0.0
1705,370.5,0.0
1706,370.6,0.0
1707,370.7,0.0
1708,370.8,0.0
1709,370.9,0.0
1710,371.0,0.0
1711,371.1,0.0
1712,371.2,0.0
1713,371.3,0.0
1714,371.4,0.0
1715,371.5,0.0
1716,371.6,0.0
1717,371.7,0.0
1718,371.8,0.0
1719,371.9,0.0
1720,372.0,0.0
1721,372.1,0.0
1722,372.2,0.0
1723,372.3,0.0
1724,372.4,0.0
1725,372.5,0.0
1726,372.6,0.001
1727,372.7,0.007
1728,372.8,0.064
1729,372.9,0.556
1730,373.0,4.227
1731,373.1,28.119
1732,373.2,163.784
1733,373.3,837.403
1734,373.4,3753.11
1735,373.5,14759.707
1736,373.6,50879.687
1737,373.7,153900.0
1738,373.8,408200.0
1739,373.9,949734.244
1740,374.0,1937751.816
1741,374.1,3467616.249
1742,374.2,5442412.046
1743,374.3,7494570.459
1744,374.4,9052449.448
1745,374.5,9591528.39
1746,374.6,8916389.208
1747,374.7,7271374.521
1748,374.8,5204373.775
1749,374.9,3274000.0
1750,375.0,1826000.0
1751,375.1,948400.0
1752,375.2,570227.281
1753,375.3,588570.757
1754,375.4,932621.595
1755,375.5,1547788.749
1756,375.6,2333677.089
1757,375.7,3110555.367
1758,375.8,3646277.861
1759,375.9,3756579.276
1760,376.0,3405810.411
1761,376.1,2729352.229
1762,376.2,1969000.0
1763,376.3,1362000.0
1764,376.4,1064090.626
1765,376.5,1124283.417
1766,376.6,1493643.705
1767,376.7,2037265.462
1768,376.8,2558631.191
1769,376.9,2859932.352
1770,377.0,2817518.757
1771,377.1,2442266.366
1772,377.2,1860591.341
1773,377.3,1246439.394
1774,377.4,733800.0
1775,377.5,379700.0
1776,377.6,172700.0
1777,377.7,69063.466
1778,377.8,24273.706
1779,377.9,7500.047
1780,378.0,2036.988
1781,378.1,486.668
1782,378.2,102.22
1783,378.3,18.861
1784,378.4,3.067
1785,378.5,0.437
1786,378.6,0.055
1787,378.7,0.007
1788,378.8,0.006
1789,378.9,0.046
1790,379.0,0.375
1791,379.1,2.661
1792,379.2,16.596
1793,379.3,91.304
1794,379.4,442.122
1795,379.5,1888.593
1796,379.6,7094.204
1797,379.7,23465.319
1798,379.8,68334.817
1799,379.9,175300.0
1800,380.0,395700.0
1801,380.1,786700.0
1802,380.2,1376901.546
1803,380.3,2122656.06
1804,380.4,2881071.402
1805,380.5,3442044.892
1806,380.6,3622627.969
1807,380.7,3356523.841
1808,380.8,2738229.666
1809,380.9,1966261.802
1810,381.0,1244140.031
1811,381.1,692738.442
1812,381.2,339700.0
1813,381.3,146700.0
1814,381.4,55757.284
1815,381.5,18659.764
1816,381.6,5501.571
1817,381.7,1427.995
1818,381.8,326.094
1819,381.9,65.464
1820,382.0,11.612
1821,382.1,1.808
1822,382.2,0.249
1823,382.3,0.03
1824,382.4,0.003
1825,382.5,0.0
1826,382.6,0.0
1827,382.7,0.0
1828,382.8,0.0
1829,382.9,0.0
1830,383.0,0.0
1831,383.1,0.0
1832,383.2,0.0
1833,383.3,0.0
1834,383.4,0.0
1835,383.5,0.0
1836,383.6,0.0
1837,383.7,0.0
1838,383.8,0.0
1839,383.9,0.0
1840,384.0,0.001
1841,384.1,0.012
1842,384.2,0.129
1843,384.3,1.219
1844,384.4,10.207
1845,384.5,76.002
1846,384.6,497.531
1847,384.7,2889.748
1848,384.8,14786.072
1849,384.9,66870.0
1850,385.0,267100.0
1851,385.1,943100.0
1852,385.2,2941755.451
1853,385.3,8110627.043
1854,385.4,19755649.46
1855,385.5,42530465.986
1856,385.6,80900207.428
1857,385.7,135980936.053
1858,385.8,202039900.606
1859,385.9,265170528.135
1860,386.0,307634429.06
1861,386.1,315329405.501
1862,386.2,285600000.005
1863,386.3,228600000.007
1864,386.4,161671037.805
1865,386.5,101076569.841
1866,386.6,55825760.061
1867,386.7,27248828.844
1868,386.8,11751013.651
1869,386.9,4478630.848
1870,387.0,1508551.594
1871,387.1,448752.892
1872,387.2,118159.7
1873,387.3,27884.195
1874,387.4,7315.0
1875,387.5,6646.0
1876,387.6,16840.0
1877,387.7,43801.983
1878,387.8,101701.761
1879,387.9,209088.85
1880,388.0,380450.995
1881,388.1,612656.531
1882,388.2,872989.605
1883,388.3,1101630.52
1884,388.4,1228754.238
1885,388.5,1213914.799
1886,388.6,1061646.159
1887,388.7,821300.0
1888,388.8,562400.0
1889,388.9,340833.987
1890,389.0,182798.109
1891,389.1,86765.372
1892,389.2,36467.052
1893,389.3,13711.124
1894,389.4,5432.67
1895,389.5,6665.544
1896,389.6,26415.041
1897,389.7,112574.931
1898,389.8,429720.758
1899,389.9,1456000.0
1900,390.0,4374000.0
1901,390.1,11669999.999
1902,390.2,27651405.382
1903,390.3,58334842.942
1904,390.4,109768253.215
1905,390.5,185083787.448
1906,390.6,281401815.173
1907,390.7,389024268.549
1908,390.8,495042179.205
1909,390.9,587110241.105
1910,391.0,656372918.816
1911,391.1,694847310.922
1912,391.2,694500000.002
1913,391.3,648800000.007
1914,391.4,559300554.036
1915,391.5,439872938.304
1916,391.6,312926929.399
1917,391.7,200294266.124
1918,391.8,115374583.285
1919,391.9,60371496.98
1920,392.0,29299921.831
1921,392.1,13802555.243
1922,392.2,6730342.498
1923,392.3,3584040.505
1924,392.4,2137000.0
1925,392.5,1527000.0
1926,392.6,1544000.0
1927,392.7,2282235.862
1928,392.8,4022692.719
1929,392.9,7166747.017
1930,393.0,12043256.593
1931,393.1,18551271.008
1932,393.2,25842664.369
1933,393.3,32326498.123
1934,393.4,36112687.198
1935,393.5,35943939.719
1936,393.6,31819565.324
1937,393.7,25040000.001
1938,393.8,17500000.001
1939,393.9,10864336.654
1940,394.0,5990301.919
1941,394.1,2930942.829
1942,394.2,1273766.561
1943,394.3,491256.964
1944,394.4,168218.963
1945,394.5,51132.238
1946,394.6,13794.574
1947,394.7,3306.733
1948,394.8,704.593
1949,394.9,141.2
1950,395.0,72.72
1951,395.1,273.2
1952,395.2,1283.962
1953,395.3,5429.297
1954,395.4,20412.555
1955,395.5,68334.112
1956,395.6,203387.802
1957,395.7,538396.808
1958,395.8,1267545.674
1959,395.9,2655387.888
1960,396.0,4950659.263
1961,396.1,8222246.718
1962,396.2,12180000.0
1963,396.3,16160000.0
1964,396.4,19298940.351
1965,396.5,21004193.163
1966,396.6,21266325.705
1967,396.7,20618497.98
1968,396.8,19789657.468
1969,396.9,19129403.374
1970,397.0,18461574.024
1971,397.1,17250884.046
1972,397.2,15135383.569
1973,397.3,12167633.552
1974,397.4,8852000.0
1975,397.5,5803000.0
1976,397.6,3476000.0
1977,397.7,2047477.502
1978,397.8,1491264.123
1979,397.9,1713056.991
1980,398.0,2626010.918
1981,398.1,4121552.188
1982,398.2,5990268.028
1983,398.3,7868646.544
1984,398.4,9308789.143
1985,398.5,9966051.134
1986,398.6,9791252.555
1987,398.7,9093000.0
1988,398.8,8411000.0
1989,398.9,8274584.172
1990,399.0,9025938.552
1991,399.1,10827490.312
1992,399.2,13802531.855
1993,399.3,18091061.756
1994,399.4,23663143.431
1995,399.5,29997663.605
1996,399.6,35865280.144
1997,399.7,39580882.535
1998,399.8,39817303.217
1999,399.9,36250000.001
2000,400.0,29820000.001
2001,400.1,22230000.001
2002,400.2,15128300.054
2003,400.3,9511595.703
2004,400.4,5612005.588
2005,400.5,3157279.78
2006,400.6,1711517.045
2007,400.7,894786.59
2008,400.8,451653.768
2009,400.9,241373.283
2010,401.0,225829.223
2011,401.1,517654.759
2012,401.2,1534000.0
2013,401.3,4291000.0
2014,401.4,10828825.186
2015,401.5,24559654.16
2016,401.6,50143570.211
2017,401.7,92410615.223
2018,401.8,154525990.987
2019,401.9,235341705.892
2020,402.0,328214464.077
2021,402.1,420929539.274
2022,402.2,498180262.859
2023,402.3,544939048.971
2024,402.4,550200000.002
2025,402.5,511500000.007
2026,402.6,435900000.01
2027,402.7,339273689.11
2028,402.8,240695472.407
2029,402.9,156008573.7
2030,403.0,93420415.802
2031,403.1,53201740.774
2032,403.2,30377869.168
2033,403.3,18602600.341
2034,403.4,12699009.879
2035,403.5,9561572.865
2036,403.6,7774737.916
2037,403.7,6870000.0
2038,403.8,6722000.0
2039,403.9,7286668.537
2040,404.0,8566018.598
2041,404.1,10602415.773
2042,404.2,13442107.382
2043,404.3,17010767.948
2044,404.4,21111087.187
2045,404.5,25385885.8
2046,404.6,29370151.24
2047,404.7,32571842.383
2048,404.8,34558401.071
2049,404.9,35230000.0
2050,405.0,35000000.0
2051,405.1,34740000.0
2052,405.2,35335089.408
2053,405.3,37057201.912
2054,405.4,39183904.476
2055,405.5,40303457.366
2056,405.6,39077050.697
2057,405.7,35010415.912
2058,405.8,28721908.049
2059,405.9,21559582.648
2060,406.0,14968654.965
2061,406.1,9919371.685
2062,406.2,6795000.0
2063,406.3,5531000.0
2064,406.4,5786388.038
2065,406.5,7075813.018
2066,406.6,8796962.267
2067,406.7,10317542.669
2068,406.8,11143138.599
2069,406.9,11113122.017
2070,407.0,10495173.556
2071,407.1,9874164.478
2072,407.2,9889477.751
2073,407.3,10922005.595
2074,407.4,12970000.0
2075,407.5,15750000.0
2076,407.6,18940000.0
2077,407.7,22489164.865
2078,407.8,26637385.343
2079,407.9,31752873.29
2080,408.0,37902143.091
2081,408.1,44536148.469
2082,408.2,50444427.73
2083,408.3,54233898.794
2084,408.4,54962338.505
2085,408.5,52493501.003
2086,408.6,47508717.114
2087,408.7,41050000.001
2088,408.8,34080000.001
2089,408.9,27286574.349
2090,409.0,21219444.124
2091,409.1,16305251.47
2092,409.2,12820140.753
2093,409.3,10783844.611
2094,409.4,9886165.323
2095,409.5,9650557.07
2096,409.6,9561149.203
2097,409.7,9265032.014
2098,409.8,8603470.948
2099,409.9,7579000.0
2100,410.0,6293000.0
2101,410.1,4892000.0
2102,410.2,3535625.072
2103,410.3,2359799.218
2104,410.4,1448934.869
2105,410.5,826471.415
2106,410.6,462097.836
2107,410.7,298110.248
2108,410.8,273495.792
2109,410.9,334599.554
2110,411.0,434746.325
2111,411.1,531997.437
2112,411.2,590900.0
2113,411.3,590400.0
2114,411.4,529250.333
2115,411.5,425753.555
2116,411.6,307466.063
2117,411.7,200277.296
2118,411.8,120642.179
2119,411.9,74858.922
2120,412.0,64826.322
2121,412.1,94067.968
2122,412.2,173172.287
2123,412.3,324276.204
2124,412.4,592500.0
2125,412.5,1072000.0
2126,412.6,1956000.0
2127,412.7,3578622.371
2128,412.8,6413277.735
2129,412.9,10929020.657
2130,413.0,17316903.977
2131,413.1,25122589.318
2132,413.2,33178966.266
2133,413.3,39891428.711
2134,413.4,43984751.01
2135,413.5,45290276.915
2136,413.6,44980898.649
2137,413.7,44990000.0
2138,413.8,46800000.0
2139,413.9,50488907.149
2140,414.0,54467092.836
2141,414.1,56384252.045
2142,414.2,54412875.716
2143,414.3,48287201.908
2144,414.4,39359484.903
2145,414.5,29775990.512
2146,414.6,21416492.409
2147,414.7,15197066.562
2148,414.8,11029570.359
2149,414.9,8284000.0
2150,415.0,6293000.0
2151,415.1,4650000.0
2152,415.2,3235641.192
2153,415.3,2095160.414
2154,415.4,1299574.09
2155,415.5,890568.348
2156,415.6,887814.283
2157,415.7,1313876.88
2158,415.8,2189633.408
2159,415.9,3495043.389
2160,416.0,5097062.461
2161,416.1,6732194.361
2162,416.2,8050000.0
2163,416.3,8738000.0
2164,416.4,8651788.709
2165,416.5,7879340.818
2166,416.6,6699823.22
2167,416.7,5460967.663
2168,416.8,4452333.973
2169,416.9,3821846.988
2170,417.0,3554221.918
2171,417.1,3508483.882
2172,417.2,3490173.761
2173,417.3,3331966.526
2174,417.4,2960000.0
2175,417.5,2406000.0
2176,417.6,1777000.0
2177,417.7,1193951.376
2178,417.8,747650.569
2179,417.9,488001.584
2180,418.0,441179.346
2181,418.1,640246.737
2182,418.2,1138385.157
2183,418.3,1991632.312
2184,418.4,3206151.278
2185,418.5,4687501.538
2186,418.6,6205959.371
2187,418.7,7450000.0
2188,418.8,8131000.0
2189,418.9,8107831.96
2190,419.0,7457087.217
2191,419.1,6423882.822
2192,419.2,5299679.427
2193,419.3,4296116.827
2194,419.4,3487093.922
2195,419.5,2838599.774
2196,419.6,2287488.535
2197,419.7,1812899.483
2198,419.8,1460809.078
2199,419.9,1327000.0
2200,420.0,1525000.0
2201,420.1,2135000.0
2202,420.2,3162560.647
2203,420.3,4495091.896
2204,420.4,5900202.156
2205,420.5,7084710.289
2206,420.6,7815404.632
2207,420.7,8047712.657
2208,420.8,7967799.32
2209,420.9,7923557.645
2210,421.0,8248400.675
2211,421.1,9094337.876
2212,421.2,10360000.0
2213,421.3,11780000.0
2214,421.4,13025302.345
2215,421.5,13853724.656
2216,421.6,14160715.2
2217,421.7,13916742.801
2218,421.8,13132949.131
2219,421.9,11912795.969
2220,422.0,10425439.911
2221,422.1,8957520.906
2222,422.2,7807898.396
2223,422.3,7194108.12
2224,422.4,7139000.0
2225,422.5,7473000.0
2226,422.6,7932000.0
2227,422.7,8336443.797
2228,422.8,8720233.269
2229,422.9,9348893.688
2230,423.0,10593334.071
2231,423.1,12764042.411
2232,423.2,15973580.21
2233,423.3,20170024.758
2234,423.4,25460433.167
2235,423.5,32716833.921
2236,423.6,45321490.625
2237,423.7,73309999.995
2238,423.8,141999999.987
2239,423.9,306862436.823
2240,424.0,670534522.433
2241,424.1,1391677306.959
2242,424.2,2664656032.412
2243,424.3,4645835717.054
2244,424.4,7338574610.247
2245,424.5,10482508648.1
2246,424.6,13524016500.797
2247,424.7,15757744636.797
2248,424.8,16588504187.057
2249,424.9,15760000000.204
2250,425.0,13530000000.354
2251,425.1,10490000000.411
2252,425.2,7344774094.147
2253,425.3,4653839623.369
2254,425.4,2672157315.469
2255,425.5,1395822861.949
2256,425.6,669468463.514
2257,425.7,299813925.627
2258,425.8,129277617.024
2259,425.9,56342270.919
2260,426.0,26289117.273
2261,426.1,13837774.77
2262,426.2,8491000.0
2263,426.3,6117000.0
2264,426.4,4981997.812
2265,426.5,4313177.777
2266,426.6,3825843.233
2267,426.7,3545004.535
2268,426.8,3693822.823
2269,426.9,4600793.409
2270,427.0,6607840.992
2271,427.1,9948249.698
2272,427.2,14558365.35
2273,427.3,19961469.826
2274,427.4,25189999.999
2275,427.5,29050000.0
2276,427.6,30540000.0
2277,427.7,29242956.425
2278,427.8,25582133.623
2279,427.9,20548626.764
2280,428.0,15301974.789
2281,428.1,10769586.372
2282,428.2,7450091.665
2283,428.3,5516657.97
2284,428.4,5034656.053
2285,428.5,6190704.553
2286,428.6,9443585.422
2287,428.7,15639999.999
2288,428.8,26139999.998
2289,428.9,42902684.456
2290,429.0,68198328.858
2291,429.1,103769310.208
2292,429.2,149216860.992
2293,429.3,200286099.047
2294,429.4,248526035.218
2295,429.5,282998496.36
2296,429.6,294752761.081
2297,429.7,280724900.008
2298,429.8,246104728.41
2299,429.9,203000000.006
2300,430.0,166300000.004
2301,430.1,149200000.001
2302,430.2,159400606.33
2303,430.3,197458147.249
2304,430.4,257488288.781
2305,430.5,331974209.478
2306,430.6,420048607.664
2307,430.7,538371076.005
2308,430.8,729978956.609
2309,430.9,1060411642.822
2310,431.0,1599556324.529
2311,431.1,2377095252.568
2312,431.2,3350999999.864
2313,431.3,4385999999.868
2314,431.4,5291052286.313
2315,431.5,5891607681.607
2316,431.6,6114080103.137
2317,431.7,6024474546.666
2318,431.8,5788840574.513
2319,431.9,5583557283.222
2320,432.0,5502966068.741
2321,432.1,5531016328.977
2322,432.2,5571108326.631
2323,432.3,5511036040.288
2324,432.4,5279000000.043
2325,432.5,4855000000.068
2326,432.6,4265000000.087
2327,432.7,3555893263.765
2328,432.8,2796172680.573
2329,432.9,2056157771.441
2330,433.0,1404677405.834
2331,433.1,884689187.047
2332,433.2,511622269.223
2333,433.3,270730525.005
2334,433.4,131094861.046
2335,433.5,58574683.846
2336,433.6,25024881.52
2337,433.7,11430000.001
2338,433.8,6865000.0
2339,433.9,5851455.446
2340,434.0,5994475.339
2341,434.1,6385590.84
2342,434.2,6751069.995
2343,434.3,7036664.709
2344,434.4,7224043.638
2345,434.5,7279430.58
2346,434.6,7184952.161
2347,434.7,6981733.476
2348,434.8,6785666.968
2349,434.9,6728000.0
2350,435.0,6873000.0
2351,435.1,7148000.0
2352,435.2,7363515.474
2353,435.3,7302379.698
2354,435.4,6837976.914
2355,435.5,6005476.1
2356,435.6,4976259.566
2357,435.7,3974123.63
2358,435.8,3174323.723
2359,435.9,2644965.125
2360,436.0,2359425.166
2361,436.1,2254987.854
2362,436.2,2359000.0
2363,436.3,3000000.0
2364,436.4,5272115.624
2365,436.5,11986643.06
2366,436.6,29319111.014
2367,436.7,69128116.763
2368,436.8,150796891.254
2369,436.9,300444039.717
2370,437.0,544866946.288
2371,437.1,898302288.628
2372,437.2,1344676165.105
2373,437.3,1829638309.381
2374,437.4,2260999999.95
2375,437.5,2536999999.977
2376,437.6,2586000000.01
2377,437.7,2393937612.476
2378,437.8,2013047067.244
2379,437.9,1537581010.819
2380,438.0,1067120304.446
2381,438.1,672428031.438
2382,438.2,385085639.753
2383,438.3,200629627.968
2384,438.4,95322038.582
2385,438.5,41567894.492
2386,438.6,16961041.929
2387,438.7,6807000.001
2388,438.8,3110000.0
2389,438.9,2382485.939
2390,439.0,4029673.771
2391,439.1,9902258.566
2392,439.2,25010223.021
2393,439.3,58990120.644
2394,439.4,127259218.707
2395,439.5,249941094.044
2396,439.6,446497776.185
2397,439.7,725377652.246
2398,439.8,1071471771.87
2399,439.9,1438999999.951
2400,440.0,1756999999.963
2401,440.1,1950999999.985
2402,440.2,1969429837.508
2403,440.3,1807907147.452
2404,440.4,1509867091.117
2405,440.5,1147262068.587
2406,440.6,796261578.8
2407,440.7,511712791.812
2408,440.8,321097195.071
2409,440.9,230446762.762
2410,441.0,235906478.3
2411,441.1,331655379.318
2412,441.2,509499999.971
2413,441.3,751299999.964
2414,441.4,1021330019.535
2415,441.5,1267951354.09
2416,441.6,1432877182.386
2417,441.7,1474248598.474
2418,441.8,1379349881.982
2419,441.9,1174640104.815
2420,442.0,910690296.041
2421,442.1,642385662.963
2422,442.2,412511446.343
2423,442.3,241465123.476
2424,442.4,129000000.012
2425,442.5,63260000.007
2426,442.6,28770000.003
2427,442.7,12496124.111
2428,442.8,5537910.076
2429,442.9,2841147.58
2430,443.0,1895226.372
2431,443.1,1595972.257
2432,443.2,1495247.417
2433,443.3,1416869.254
2434,443.4,1294154.399
2435,443.5,1114729.175
2436,443.6,896086.735
2437,443.7,670200.0
2438,443.8,469500.0
2439,443.9,316201.494
2440,444.0,218082.483
2441,444.1,169956.573
2442,444.2,158248.185
2443,444.3,165956.642
2444,444.4,177419.477
2445,444.5,181003.008
2446,444.6,171094.165
2447,444.7,148269.678
2448,444.8,117445.697
2449,444.9,85220.0
2450,445.0,57470.0
2451,445.1,38300.0
2452,445.2,30292.823
2453,445.3,35746.857
2454,445.4,57699.762
2455,445.5,99784.958
2456,445.6,164580.473
2457,445.7,250594.763
2458,445.8,350050.963
2459,445.9,449124.953
2460,446.0,531229.964
2461,446.1,583206.286
2462,446.2,599900.0
2463,446.3,584800.0
2464,446.4,547660.004
2465,446.5,497556.235
2466,446.6,440510.991
2467,446.7,378285.45
2468,446.8,311720.583
2469,446.9,243351.0
2470,447.0,177983.95
2471,447.1,120876.343
2472,447.2,75953.671
2473,447.3,44816.52
2474,447.4,26770.0
2475,447.5,20640.0
2476,447.6,26190.0
2477,447.7,44883.998
2478,447.8,79449.117
2479,447.9,132022.819
2480,448.0,201805.312
2481,448.1,282820.193
2482,448.2,364667.456
2483,448.3,435929.447
2484,448.4,490898.314
2485,448.5,534583.844
2486,448.6,584333.547
2487,448.7,664800.0
2488,448.8,797300.0
2489,448.9,989671.661
2490,449.0,1232905.435
2491,449.1,1500763.266
2492,449.2,1766957.093
2493,449.3,2012546.809
2494,449.4,2229269.65
2495,449.5,2419071.254
2496,449.6,2579218.744
2497,449.7,2698393.314
2498,449.8,2751782.225
2499,449.9,2717000.0
2500,450.0,2579000.0
2501,450.1,2347000.0
2502,450.2,2052170.232
2503,450.3,1742100.772
2504,450.4,1463886.824
2505,450.5,1254141.585
2506,450.6,1129779.909
2507,450.7,1085858.219
2508,450.8,1105961.848
2509,450.9,1168448.629
2510,451.0,1251550.432
2511,451.1,1332332.451
2512,451.2,1386000.0
2513,451.3,1391000.0
2514,451.4,1329142.983
2515,451.5,1198339.32
2516,451.6,1015891.265
2517,451.7,813022.738
2518,451.8,629071.549
2519,451.9,504921.23
2520,452.0,477749.531
2521,452.1,580045.93
2522,452.2,835771.817
2523,452.3,1252720.162
2524,452.4,1814000.0
2525,452.5,2469000.0
2526,452.6,3141000.0
2527,452.7,3745310.437
2528,452.8,4208432.653
2529,452.9,4489468.271
2530,453.0,4587844.766
2531,453.1,4535269.791
2532,453.2,4384030.799
2533,453.3,4196957.055
2534,453.4,4040652.511
2535,453.5,3983825.865
2536,453.6,4098119.366
2537,453.7,4452000.0
2538,453.8,5105000.0
2539,453.9,6083815.409
2540,454.0,7354884.786
2541,454.1,8794144.615
2542,454.2,10196730.52
2543,454.3,11296605.611
2544,454.4,11846599.555
2545,454.5,11685523.57
2546,454.6,10797485.179
2547,454.7,9312563.036
2548,454.8,7488195.319
2549,454.9,5633000.0
2550,455.0,4029000.0
2551,455.1,2887000.0
2552,455.2,2339224.107
2553,455.3,2451416.686
2554,455.4,3238850.038
2555,455.5,4656779.392
2556,455.6,6558581.252
2557,455.7,8669912.933
2558,455.8,10603686.002
2559,455.9,11958484.411
2560,456.0,12421854.43
2561,456.1,11905587.658
2562,456.2,10550000.0
2563,456.3,8693000.0
2564,456.4,6718776.768
2565,456.5,4939964.318
2566,456.6,3532784.756
2567,456.7,2538541.867
2568,456.8,1908162.455
2569,456.9,1548222.21
2570,457.0,1361012.842
2571,457.1,1258951.171
2572,457.2,1178504.141
2573,457.3,1078659.367
2574,457.4,947600.0
2575,457.5,793300.0
2576,457.6,636500.0
2577,457.7,500529.106
2578,457.8,406466.635
2579,457.9,377289.513
2580,458.0,447585.337
2581,458.1,677762.384
2582,458.2,1159393.288
2583,458.3,2002724.551
2584,458.4,3297164.7
2585,458.5,5056407.485
2586,458.6,7152809.371
2587,458.7,9302000.0
2588,458.8,11110000.0
2589,458.9,12193047.69
2590,459.0,12312026.66
2591,459.1,11468565.589
2592,459.2,9921767.2
2593,459.3,8044234.207
2594,459.4,6216434.982
2595,459.5,4692844.287
2596,459.6,3570491.553
2597,459.7,2817747.536
2598,459.8,2336942.581
2599,459.9,2022000.0
2600,460.0,1793000.0
2601,460.1,1598000.0
2602,460.2,1410125.788
2603,460.3,1217485.452
2604,460.4,1021260.505
2605,460.5,830872.171
2606,460.6,658791.533
2607,460.7,516272.394
2608,460.8,411215.597
2609,460.9,350157.804
2610,461.0,340352.212
2611,461.1,390208.234
2612,461.2,506900.0
2613,461.3,690800.0
2614,461.4,930659.902
2615,461.5,1203138.855
2616,461.6,1476687.435
2617,461.7,1721523.212
2618,461.8,1919324.449
2619,461.9,2062439.221
2620,462.0,2153465.613
2621,462.1,2199319.887
2622,462.2,2196466.407
2623,462.3,2140694.938
2624,462.4,2023000.0
2625,462.5,1843000.0
2626,462.6,1609000.0
2627,462.7,1340813.804
2628,462.8,1063404.972
2629,462.9,799924.137
2630,463.0,571349.702
2631,463.1,389588.829
2632,463.2,260503.791
2633,463.3,185055.379
2634,463.4,161777.599
2635,463.5,188681.14
2636,463.6,263468.167
2637,463.7,383200.0
2638,463.8,544600.0
2639,463.9,745720.688
2640,464.0,989904.26
2641,464.1,1287705.36
2642,464.2,1652129.784
2643,464.3,2088908.7
2644,464.4,2582280.936
2645,464.5,3081254.707
2646,464.6,3514327.432
2647,464.7,3803738.285
2648,464.8,3901695.003
2649,464.9,3807000.0
2650,465.0,3563000.0
2651,465.1,3233000.0
2652,465.2,2872188.634
2653,465.3,2510783.051
2654,465.4,2157633.323
2655,465.5,1814029.756
2656,465.6,1493035.382
2657,465.7,1243794.671
2658,465.8,1181259.21
2659,465.9,1575262.275
2660,466.0,3036542.581
2661,466.1,6859440.784
2662,466.2,15509999.998
2663,466.3,33119999.996
2664,466.4,65646818.072
2665,466.5,120004561.972
2666,466.6,202165091.055
2667,466.7,313196004.722
2668,466.8,446094430.705
2669,466.9,584156048.774
2670,467.0,703094558.008
2671,467.1,777905900.367
2672,467.2,791029855.841
2673,467.3,739236442.86
2674,467.4,635000000.019
2675,467.5,501200000.021
2676,467.6,363600000.02
2677,467.7,242516934.692
2678,467.8,148642854.173
2679,467.9,83843877.655
2680,468.0,43536447.946
2681,468.1,20894813.688
2682,468.2,9335397.065
2683,468.3,3979517.391
2684,468.4,1719906.33
2685,468.5,868336.165
2686,468.6,608621.866
2687,468.7,586600.0
2688,468.8,656400.0
2689,468.9,753128.985
2690,469.0,842298.577
2691,469.1,906412.164
2692,469.2,942849.758
2693,469.3,963639.496
2694,469.4,989336.213
2695,469.5,1040226.758
2696,469.6,1128590.0
2697,469.7,1257506.636
2698,469.8,1426128.152
2699,469.9,1652000.0
2700,470.0,1993000.0
2701,470.1,2566000.0
2702,470.2,3543926.305
2703,470.3,5130102.295
2704,470.4,7483068.707
2705,470.5,10635218.847
2706,470.6,14425783.069
2707,470.7,18458289.55
2708,470.8,22168739.652
2709,470.9,24963718.945
2710,471.0,26403850.059
2711,471.1,26291435.913
2712,471.2,24780000.0
2713,471.3,22270000.0
2714,471.4,19294336.235
2715,471.5,16338971.36
2716,471.6,13759578.826
2717,471.7,11697648.528
2718,471.8,10154501.593
2719,471.9,9022409.418
2720,472.0,8210994.305
2721,472.1,7709571.762
2722,472.2,7654325.127
2723,472.3,8319020.531
2724,472.4,10050000.0
2725,472.5,13149999.999
2726,472.6,17709999.999
2727,472.7,23500986.347
2728,472.8,29988923.21
2729,472.9,36459795.315
2730,473.0,42274956.648
2731,473.1,47158278.759
2732,473.2,51278684.557
2733,473.3,55239429.31
2734,473.4,59841565.438
2735,473.5,65851030.436
2736,473.6,73766193.076
2737,473.7,83799999.998
2738,473.8,95779999.998
2739,473.9,109126304.268
2740,474.0,122969936.654
2741,474.1,135478705.443
2742,474.2,144868955.464
2743,474.3,149063395.83
2744,474.4,146429258.726
2745,474.5,136545685.609
2746,474.6,120098340.91
2747,474.7,99422176.381
2748,474.8,77338616.212
2749,474.9,56630000.003
2750,475.0,39360000.002
2751,475.1,26470000.002
2752,475.2,17829621.797
2753,475.3,12605195.025
2754,475.4,9707934.706
2755,475.5,8118507.028
2756,475.6,7098503.428
2757,475.7,6219279.687
2758,475.8,5307126.871
2759,475.9,4358024.651
2760,476.0,3440108.322
2761,476.1,2638019.293
2762,476.2,2009000.0
2763,476.3,1568000.0
2764,476.4,1292257.315
2765,476.5,1132610.474
2766,476.6,1037796.364
2767,476.7,961661.84
2768,476.8,877273.535
2769,476.9,776768.602
2770,477.0,668926.746
2771,477.1,575194.04
2772,477.2,524878.438
2773,477.3,551925.597
2774,477.4,688200.0
2775,477.5,955000.0
2776,477.6,1351000.0
2777,477.7,1843086.475
2778,477.8,2360330.187
2779,477.9,2810709.914
2780,478.0,3098857.215
2781,478.1,3166560.514
2782,478.2,3007853.198
2783,478.3,2680357.359
2784,478.4,2281168.493
2785,478.5,1920181.53
2786,478.6,1680026.326
2787,478.7,1601000.0
2788,478.8,1668000.0
2789,478.9,1830313.06
2790,479.0,2016830.482
2791,479.1,2159856.202
2792,479.2,2217688.271
2793,479.3,2175344.006
2794,479.4,2051467.002
2795,479.5,1884030.68
2796,479.6,1719621.234
2797,479.7,1596253.279
2798,479.8,1536030.197
2799,479.9,1535000.0
2800,480.0,1569000.0
2801,480.1,1597000.0
2802,480.2,1578584.873
2803,480.3,1487611.524
2804,480.4,1319393.208
2805,480.5,1094196.798
2806,480.6,844260.994
2807,480.7,605804.443
2808,480.8,406158.896
2809,480.9,259434.442
2810,481.0,167671.489
2811,481.1,125099.921
2812,481.2,122600.0
2813,481.3,150900.0
2814,481.4,201114.395
2815,481.5,264158.952
2816,481.6,330300.092
2817,481.7,389678.374
2818,481.8,434102.737
2819,481.9,457868.903
2820,482.0,459407.02
2821,482.1,440896.017
2822,482.2,407097.423
2823,482.3,363648.736
2824,482.4,315300.0
2825,482.5,265800.0
2826,482.6,217200.0
2827,482.7,171388.109
2828,482.8,129669.808
2829,482.9,93738.062
2830,483.0,64978.481
2831,483.1,44256.054
2832,483.2,31829.224
2833,483.3,27342.118
2834,483.4,29967.202
2835,483.5,38372.254
2836,483.6,50681.025
2837,483.7,64430.0
2838,483.8,76730.0
2839,483.9,84816.422
2840,484.0,86794.509
2841,484.1,82123.407
2842,484.2,71834.924
2843,484.3,58080.612
2844,484.4,43417.186
2845,484.5,29991.473
2846,484.6,19152.207
2847,484.7,11305.353
2848,484.8,6166.555
2849,484.9,3110.0
2850,485.0,1450.0
2851,485.1,624.6
2852,485.2,248.994
2853,485.3,92.868
2854,485.4,36.695
2855,485.5,31.758
2856,485.6,83.206
2857,485.7,272.6
2858,485.8,851.433
2859,485.9,2466.024
2860,486.0,6611.638
2861,486.1,16401.374
2862,486.2,37640.0
2863,486.3,79940.0
2864,486.4,157143.907
2865,486.5,285694.905
2866,486.6,480576.507
2867,486.7,748132.736
2868,486.8,1077357.073
2869,486.9,1436073.405
2870,487.0,1771200.575
2871,487.1,2021337.047
2872,487.2,2134126.638
2873,487.3,2084958.093
2874,487.4,1886000.0
2875,487.5,1579000.0
2876,487.6,1227000.0
2877,487.7,889611.552
2878,487.8,615662.837
2879,487.9,433634.603
2880,488.0,357594.637
2881,488.1,392971.642
2882,488.2,540511.695
2883,488.3,794096.356
2884,488.4,1134931.609
2885,488.5,1523547.78
2886,488.6,1902403.019
2887,488.7,2202000.0
2888,488.8,2360000.0
2889,488.9,2341617.938
2890,489.0,2151160.567
2891,489.1,1829031.883
2892,489.2,1439997.554
2893,489.3,1049961.372
2894,489.4,708360.817
2895,489.5,442446.785
2896,489.6,255927.39
2897,489.7,136954.639
2898,489.8,67899.677
2899,489.9,31160.0
2900,490.0,13230.0
2901,490.1,5204.0
2902,490.2,1894.378
2903,490.3,638.835
2904,490.4,200.702
2905,490.5,64.245
2906,490.6,41.973
2907,490.7,101.392
2908,490.8,332.748
2909,490.9,1046.459
2910,491.0,3056.343
2911,491.1,8275.758
2912,491.2,20770.0
2913,491.3,48300.0
2914,491.4,104060.803
2915,491.5,207938.763
2916,491.6,384943.131
2917,491.7,660418.001
2918,491.8,1050266.622
2919,491.9,1547831.124
2920,492.0,2113757.203
2921,492.1,2675457.52
2922,492.2,3139035.694
2923,492.3,3412778.868
2924,492.4,3439000.0
2925,492.5,3213000.0
2926,492.6,2784000.0
2927,492.7,2239789.283
2928,492.8,1681378.557
2929,492.9,1189138.812
2930,493.0,817577.178
2931,493.1,583987.477
2932,493.2,480474.324
2933,493.3,481669.81
2934,493.4,553373.017
2935,493.5,658090.076
2936,493.6,759349.669
2937,493.7,827200.0
2938,493.8,842700.0
2939,493.9,801982.818
2940,494.0,715101.989
2941,494.1,601798.796
2942,494.2,484043.787
2943,494.3,379297.799
2944,494.4,296992.289
2945,494.5,238923.566
2946,494.6,202768.296
2947,494.7,186080.802
2948,494.8,189420.594
2949,494.9,216700.0
2950,495.0,273200.0
2951,495.1,361500.0
2952,495.2,477589.623
2953,495.3,608479.851
2954,495.4,732703.918
2955,495.5,825985.817
2956,495.6,867459.784
2957,495.7,846744.552
2958,495.8,767605.206
2959,495.9,646194.882
2960,496.0,505826.718
2961,496.1,370628.833
2962,496.2,260900.0
2963,496.3,193000.0
2964,496.4,183852.018
2965,496.5,257773.528
2966,496.6,454008.862
2967,496.7,828950.969
2968,496.8,1449887.843
2969,496.9,2375528.048
2970,497.0,3631005.937
2971,497.1,5181393.704
2972,497.2,6919025.295
2973,497.3,8691098.248
2974,497.4,10340000.0
2975,497.5,11780000.0
2976,497.6,13010000.0
2977,497.7,14121131.181
2978,497.8,15217285.178
2979,497.9,16338041.312
2980,498.0,17408354.612
2981,498.1,18209777.369
2982,498.2,18519014.809
2983,498.3,18153123.298
2984,498.4,17109214.539
2985,498.5,15573678.539
2986,498.6,13897134.37
2987,498.7,12470000.0
2988,498.8,11630000.0
2989,498.9,11529141.848
2990,499.0,12115227.927
2991,499.1,13095595.472
2992,499.2,14064611.554
2993,499.3,14602877.294
2994,499.4,14432534.292
2995,499.5,13451762.768
2996,499.6,11772705.727
2997,499.7,9670937.324
2998,499.8,7450030.545
2999,499.9,5385000.0
3000,500.0,3656000.0
3001,500.1,2332000.0
3002,500.2,1399987.115
3003,500.3,790508.309
3004,500.4,420455.971
3005,500.5,211605.412
3006,500.6,103324.323
3007,500.7,55858.624
3008,500.8,48464.874
3009,500.9,77340.489
3010,501.0,154307.75
3011,501.1,306353.494
3012,501.2,574600.0
3013,501.3,1009000.0
3014,501.4,1660275.241
3015,501.5,2564218.727
3016,501.6,3732076.068
3017,501.7,5157837.918
3018,501.8,6875622.066
3019,501.9,9093780.325
3020,502.0,12448719.64
3021,502.1,18414127.685
3022,502.2,29811087.913
3023,502.3,51295336.079
3024,502.4,89419999.992
3025,502.5,151899999.987
3026,502.6,245599999.981
3027,502.7,373541762.362
3028,502.8,530982598.733
3029,502.9,703603806.857
3030,503.0,867970577.925
3031,503.1,996069248.54
3032,503.2,1063548813.062
3033,503.3,1055211051.522
3034,503.4,974271215.696
3035,503.5,836141593.986
3036,503.6,667231497.181
3037,503.7,495100000.029
3038,503.8,341600000.024
3039,503.9,219156552.462
3040,504.0,130675500.072
3041,504.1,72482684.649
3042,504.2,37372663.342
3043,504.3,17921740.266
3044,504.4,7988536.567
3045,504.5,3311203.686
3046,504.6,1275656.775
3047,504.7,457357.563
3048,504.8,152543.682
3049,504.9,47580.0
3050,505.0,14770.0
3051,505.1,7118.0
3052,505.2,10562.969
3053,505.3,25220.106
3054,505.4,60332.247
3055,505.5,135473.414
3056,505.6,283438.07
3057,505.7,553119.466
3058,505.8,1006828.249
3059,505.9,1710375.352
3060,506.0,2717157.748
3061,506.1,4042267.318
3062,506.2,5647000.0
3063,506.3,7431000.0
3064,506.4,9256899.966
3065,506.5,10977604.362
3066,506.6,12493553.314
3067,506.7,13727920.344
3068,506.8,14690181.174
3069,506.9,15403449.006
3070,507.0,15937556.212
3071,507.1,16401768.962
3072,507.2,16983495.42
3073,507.3,18063905.274
3074,507.4,20199999.999
3075,507.5,24189999.999
3076,507.6,30989999.999
3077,507.7,41513188.962
3078,507.8,56402440.603
3079,507.9,75663764.53
3080,508.0,98393372.581
3081,508.1,122756919.594
3082,508.2,145894133.74
3083,508.3,165043409.061
3084,508.4,177157287.906
3085,508.5,180635035.154
3086,508.6,175031224.562
3087,508.7,161200000.003
3088,508.8,141100000.004
3089,508.9,117437864.403
3090,509.0,93193304.306
3091,509.1,70669753.641
3092,509.2,51708331.362
3093,509.3,37257995.262
3094,509.4,27499642.674
3095,509.5,21952376.348
3096,509.6,19729365.228
3097,509.7,19739369.408
3098,509.8,20886935.153
3099,509.9,22200000.0
3100,510.0,22960000.0
3101,510.1,22720000.0
3102,510.2,21346180.339
3103,510.3,18972846.958
3104,510.4,15908361.405
3105,510.5,12574685.761
3106,510.6,9356730.433
3107,510.7,6547253.367
3108,510.8,4303533.273
3109,510.9,2655576.156
3110,511.0,1536982.455
3111,511.1,833460.828
3112,511.2,423500.0
3113,511.3,201400.0
3114,511.4,89570.023
3115,511.5,37264.152
3116,511.6,14495.236
3117,511.7,5264.651
3118,511.8,1786.798
3119,511.9,565.785
3120,512.0,167.484
3121,512.1,46.539
3122,512.2,13.252
3123,512.3,7.781
3124,512.4,17.43
3125,512.5,53.55
3126,512.6,158.6
3127,512.7,438.908
3128,512.8,1132.978
3129,512.9,2727.968
3130,513.0,6126.391
3131,513.1,12828.143
3132,513.2,25057.898
3133,513.3,45652.685
3134,513.4,77553.375
3135,513.5,122868.019
3136,513.6,181607.879
3137,513.7,250300.0
3138,513.8,321700.0
3139,513.9,385645.192
3140,514.0,431126.809
3141,514.1,449656.318
3142,514.2,437235.07
3143,514.3,396569.714
3144,514.4,335427.242
3145,514.5,264589.88
3146,514.6,194723.975
3147,514.7,133633.106
3148,514.8,85506.59
3149,514.9,51040.0
3150,515.0,28410.0
3151,515.1,14750.0
3152,515.2,7142.017
3153,515.3,3224.849
3154,515.4,1358.195
3155,515.5,533.521
3156,515.6,195.464
3157,515.7,66.797
3158,515.8,21.389
3159,515.9,6.79
3160,516.0,3.509
3161,516.1,6.629
3162,516.2,20.4
3163,516.3,62.21
3164,516.4,177.993
3165,516.5,475.47
3166,516.6,1186.355
3167,516.7,2762.105
3168,516.8,6004.493
3169,516.9,12187.644
3170,517.0,23089.182
3171,517.1,40852.522
3172,517.2,67461.518
3173,517.3,104015.558
3174,517.4,149700.0
3175,517.5,201200.0
3176,517.6,252400.0
3177,517.7,295724.474
3178,517.8,323410.825
3179,517.9,330454.038
3180,518.0,315719.203
3181,518.1,282773.145
3182,518.2,239192.301
3183,518.3,194851.746
3184,518.4,159785.944
3185,518.5,143447.363
3186,518.6,153240.339
3187,518.7,195000.0
3188,518.8,271500.0
3189,518.9,382617.672
3190,519.0,524233.823
3191,519.1,688401.428
3192,519.2,865585.938
3193,519.3,1048722.972
3194,519.4,1241573.394
3195,519.5,1467754.043
3196,519.6,1783284.506
3197,519.7,2289279.07
3198,519.8,3138860.644
3199,519.9,4532000.0
3200,520.0,6688000.0
3201,520.1,9800999.999
3202,520.2,13958129.6
3203,520.3,19084756.741
3204,520.4,24842816.176
3205,520.5,30707610.534
3206,520.6,35952680.127
3207,520.7,39836695.075
3208,520.8,41740978.928
3209,520.9,41355356.277
3210,521.0,38712573.161
3211,521.1,34227179.373
3212,521.2,28580000.001
3213,521.3,22520000.001
3214,521.4,16749682.549
3215,521.5,11755600.932
3216,521.6,7784458.251
3217,521.7,4871429.893
3218,521.8,2884768.312
3219,521.9,1619494.533
3220,522.0,866168.4
3221,522.1,443013.88
3222,522.2,218973.185
3223,522.3,108357.985
3224,522.4,64620.0
3225,522.5,73990.0
3226,522.6,161400.0
3227,522.7,414422.087
3228,522.8,1037760.898
3229,522.9,2446852.465
3230,523.0,5399298.849
3231,523.1,11144855.68
3232,523.2,21509632.627
3233,523.3,38818698.247
3234,523.4,65513587.454
3235,523.5,103396318.886
3236,523.6,152584921.545
3237,523.7,210599999.989
3238,523.8,271699999.989
3239,523.9,327899629.565
3240,524.0,370089598.588
3241,524.1,390542807.727
3242,524.2,385367693.015
3243,524.3,355598342.351
3244,524.4,306878263.587
3245,524.5,247651051.055
3246,524.6,186916090.648
3247,524.7,131906858.802
3248,524.8,87074664.138
3249,524.9,53750000.005
3250,525.0,31040000.003
3251,525.1,16760000.002
3252,525.2,8474095.455
3253,525.3,4018173.872
3254,525.4,1803422.118
3255,525.5,795923.219
3256,525.6,395471.419
3257,525.7,286929.861
3258,525.8,319604.107
3259,525.9,425288.896
3260,526.0,570761.421
3261,526.1,733212.019
3262,526.2,891300.0
3263,526.3,1023000.0
3264,526.4,1110145.295
3265,526.5,1142961.804
3266,526.6,1119115.85
3267,526.7,1050552.383
3268,526.8,956654.472
3269,526.9,855825.344
3270,527.0,763886.874
3271,527.1,687799.003
3272,527.2,625990.367
3273,527.3,571286.399
3274,527.4,515100.0
3275,527.5,451700.0
3276,527.6,380200.0
3277,527.7,304297.128
3278,527.8,230174.795
3279,527.9,163887.709
3280,528.0,109633.758
3281,528.1,68804.2
3282,528.2,40717.204
3283,528.3,23263.752
3284,528.4,14411.624
3285,528.5,13263.761
3286,528.6,21446.267
3287,528.7,44490.0
3288,528.8,93660.0
3289,528.9,187676.897
3290,529.0,353335.746
3291,529.1,623701.752
3292,529.2,1031705.162
3293,529.3,1598848.129
3294,529.4,2321632.288
3295,529.5,3159357.231
3296,529.6,4030307.008
3297,529.7,4818608.251
3298,529.8,5401751.335
3299,529.9,5680000.0
3300,530.0,5605000.0
3301,530.1,5196000.0
3302,530.2,4532303.096
3303,530.3,3726697.773
3304,530.4,2898048.487
3305,530.5,2145575.405
3306,530.6,1525669.4
3307,530.7,1060107.227
3308,530.8,740375.977
3309,530.9,541849.423
3310,531.0,434296.403
3311,531.1,388922.545
3312,531.2,381600.0
3313,531.3,393200.0
3314,531.4,410773.736
3315,531.5,426625.763
3316,531.6,439025.286
3317,531.7,452515.443
3318,531.8,478255.109
3319,531.9,536275.472
3320,532.0,657586.634
3321,532.1,884885.061
3322,532.2,1271450.226
3323,532.3,1870827.359
3324,532.4,2723000.0
3325,532.5,3833000.0
3326,532.6,5155000.0
3327,532.7,6582196.997
3328,532.8,7959782.757
3329,532.9,9111714.654
3330,533.0,9890885.657
3331,533.1,10208736.496
3332,533.2,10092941.479
3333,533.3,9639875.575
3334,533.4,9047659.176
3335,533.5,8530557.533
3336,533.6,8275260.17
3337,533.7,8393000.0
3338,533.8,8894000.0
3339,533.9,9691602.663
3340,534.0,10650967.595
3341,534.1,11642578.526
3342,534.2,12602358.97
3343,534.3,13571031.565
3344,534.4,14705532.701
3345,534.5,16169620.312
3346,534.6,18110669.162
3347,534.7,20589953.375
3348,534.8,23495845.209
3349,534.9,26629999.999
3350,535.0,29779999.999
3351,535.1,32729999.999
3352,535.2,35393019.393
3353,535.3,37684730.904
3354,535.4,39523057.894
3355,535.5,40702911.198
3356,535.6,40959356.405
3357,535.7,39971922.379
3358,535.8,37551639.799
3359,535.9,33741536.791
3360,536.0,28822661.943
3361,536.1,23321117.319
3362,536.2,17820000.001
3363,536.3,12850000.001
3364,536.4,8746445.235
3365,536.5,5677788.984
3366,536.6,3624017.018
3367,536.7,2481385.429
3368,536.8,2118090.211
3369,536.9,2425063.039
3370,537.0,3319260.816
3371,537.1,4724291.102
3372,537.2,6527802.283
3373,537.3,8549272.815
3374,537.4,10540000.0
3375,537.5,12200000.0
3376,537.6,13250000.0
3377,537.7,13511272.456
3378,537.8,12932216.406
3379,537.9,11617236.754
3380,538.0,9818265.669
3381,538.1,7850393.664
3382,538.2,6019632.617
3383,538.3,4593938.133
3384,538.4,3772133.233
3385,538.5,3688701.204
3386,538.6,4423493.887
3387,538.7,6000000.0
3388,538.8,8356999.999
3389,538.9,11320872.988
3390,539.0,14584249.164
3391,539.1,17702774.91
3392,539.2,20222533.297
3393,539.3,21678153.169
3394,539.4,21841127.265
3395,539.5,20665647.974
3396,539.6,18381990.866
3397,539.7,15369402.081
3398,539.8,12116161.954
3399,539.9,9025000.001
3400,540.0,6392000.0
3401,540.1,4354000.0
3402,540.2,2921328.385
3403,540.3,2018256.424
3404,540.4,1538673.365
3405,540.5,1376120.418
3406,540.6,1440035.796
3407,540.7,1656231.574
3408,540.8,1961175.114
3409,540.9,2296208.775
3410,541.0,2607983.724
3411,541.1,2856071.205
3412,541.2,3016000.0
3413,541.3,3081000.0
3414,541.4,3061128.592
3415,541.5,2972903.816
3416,541.6,2833785.239
3417,541.7,2665055.185
3418,541.8,2484284.427
3419,541.9,2317768.46
3420,542.0,2200143.867
3421,542.1,2168150.923
3422,542.2,2254870.426
3423,542.3,2483188.804
3424,542.4,2852000.0
3425,542.5,3342000.0
3426,542.6,3916000.0
3427,542.7,4529953.158
3428,542.8,5141504.279
3429,542.9,5715179.33
3430,543.0,6224659.045
3431,543.1,6651570.775
3432,543.2,6986191.918
3433,543.3,7228388.673
3434,543.4,7388115.567
3435,543.5,7497935.133
3436,543.6,7605358.544
3437,543.7,7775000.0
3438,543.8,8080000.0
3439,543.9,8594382.152
3440,544.0,9380481.759
3441,544.1,10473181.937
3442,544.2,11878472.381
3443,544.3,13516337.714
3444,544.4,15268246.62
3445,544.5,16947004.079
3446,544.6,18334214.371
3447,544.7,19234792.545
3448,544.8,19518717.539
3449,544.9,19150000.0
3450,545.0,18180000.0
3451,545.1,16760000.0
3452,545.2,15032953.834
3453,545.3,13160746.656
3454,545.4,11271753.276
3455,545.5,9436774.168
3456,545.6,7719690.367
3457,545.7,6159307.922
3458,545.8,4786491.898
3459,545.9,3627305.859
3460,546.0,2702794.135
3461,546.1,2028004.982
3462,546.2,1609000.0
3463,546.3,1444000.0
3464,546.4,1523394.706
3465,546.5,1824650.102
3466,546.6,2317012.648
3467,546.7,2952064.169
3468,546.8,3668040.778
3469,546.9,4397969.967
3470,547.0,5076228.248
3471,547.1,5665167.993
3472,547.2,6176245.514
3473,547.3,6690845.051
3474,547.4,7386000.0
3475,547.5,8522000.0
3476,547.6,10420000.0
3477,547.7,13375925.0
3478,547.8,17606263.422
3479,547.9,23099879.973
3480,548.0,29564752.061
3481,548.1,36421595.8
3482,548.2,42845476.641
3483,548.3,47929344.542
3484,548.4,50881540.125
3485,548.5,51208349.367
3486,548.6,48837868.645
3487,548.7,44120000.001
3488,548.8,37760000.001
3489,548.9,30595259.359
3490,549.0,23483318.454
3491,549.1,17056702.729
3492,549.2,11717913.147
3493,549.3,7619918.819
3494,549.4,4683576.67
3495,549.5,2720874.096
3496,549.6,1492989.366
3497,549.7,774342.47
3498,549.8,380153.338
3499,549.9,179400.0
3500,550.0,88860.0
3501,550.1,63630.0
3502,550.2,89235.259
3503,550.3,177334.001
3504,550.4,366345.271
3505,550.5,725672.581
3506,550.6,1358176.686
3507,550.7,2397541.012
3508,550.8,3992514.616
3509,550.9,6282568.904
3510,551.0,9361270.296
3511,551.1,13257116.394
3512,551.2,17949999.999
3513,551.3,23499999.999
3514,551.4,30197241.244
3515,551.5,38981549.995
3516,551.6,51864486.933
3517,551.7,72424281.356
3518,551.8,106159281.073
3519,551.9,160475941.735
3520,552.0,243997881.88
3521,552.1,364430521.72
3522,552.2,526246031.582
3523,552.3,726958999.933
3524,552.4,954699999.953
3525,552.5,1186999999.955
3526,552.6,1395999999.963
3527,552.7,1548876495.545
3528,552.8,1619846420.125
3529,552.9,1597031563.205
3530,553.0,1483234502.581
3531,553.1,1297248706.311
3532,553.2,1069385347.329
3533,553.3,829644010.958
3534,553.4,606184327.666
3535,553.5,417259537.05
3536,553.6,270562606.276
3537,553.7,165500000.017
3538,553.8,95700000.011
3539,553.9,52603182.408
3540,554.0,27820346.636
3541,554.1,14533393.674
3542,554.2,7833783.46
3543,554.3,4615297.15
3544,554.4,3065698.884
3545,554.5,2243727.099
3546,554.6,1710759.022
3547,554.7,1295775.58
3548,554.8,947487.081
3549,554.9,659500.0
3550,555.0,434500.0
3551,555.1,270100.0
3552,555.2,158231.033
3553,555.3,87345.665
3554,555.4,45402.892
3555,555.5,22235.794
3556,555.6,10255.289
3557,555.7,4453.397
3558,555.8,1821.135
3559,555.9,701.576
3560,556.0,254.457
3561,556.1,86.948
3562,556.2,27.98
3563,556.3,8.478
3564,556.4,2.418
3565,556.5,0.65
3566,556.6,0.165
3567,556.7,0.039
3568,556.8,0.009
3569,556.9,0.002
3570,557.0,0.0
3571,557.1,0.0
3572,557.2,0.0
3573,557.3,0.0
3574,557.4,0.0
3575,557.5,0.0
3576,557.6,0.0
3577,557.7,0.0
3578,557.8,0.0
3579,557.9,0.0
3580,558.0,0.0
3581,558.1,0.0
3582,558.2,0.0
3583,558.3,0.0
3584,558.4,0.0
3585,558.5,0.0
3586,558.6,0.0
3587,558.7,0.0
3588,558.8,0.0
3589,558.9,0.0
3590,559.0,0.0
3591,559.1,0.0
3592,559.2,0.0
3593,559.3,0.0
3594,559.4,0.0
3595,559.5,0.0
3596,559.6,0.0
3597,559.7,0.0
3598,559.8,0.0
3599,559.9,0.0
3600,560.0,0.0
3601,560.1,0.0
3602,560.2,0.0
3603,560.3,0.0
3604,560.4,0.0
3605,560.5,0.002
3606,560.6,0.007
3607,560.7,0.029
3608,560.8,0.108
3609,560.9,0.382
3610,561.0,1.272
3611,561.1,4.001
3612,561.2,11.87
3613,561.3,33.22
3614,561.4,87.737
3615,561.5,218.656
3616,561.6,513.993
3617,561.7,1140.274
3618,561.8,2388.422
3619,561.9,4723.408
3620,562.0,8825.826
3621,562.1,15614.769
3622,562.2,26232.292
3623,562.3,42118.12
3624,562.4,65440.0
3625,562.5,100400.0
3626,562.6,156900.0
3627,562.7,257954.097
3628,562.8,453817.608
3629,562.9,844865.157
3630,563.0,1614211.75
3631,563.1,3065663.39
3632,563.2,5656630.12
3633,563.3,9999016.927
3634,563.4,16811532.415
3635,563.5,26774182.683
3636,563.6,40307747.063
3637,563.7,57329999.996
3638,563.8,76989999.996
3639,563.9,97599695.806
3640,564.0,116754439.021
3641,564.1,131903582.064
3642,564.2,140592647.484
3643,564.3,141564228.903
3644,564.4,134637111.906
3645,564.5,121357082.204
3646,564.6,104192183.104
3647,564.7,86432014.015
3648,564.8,71679605.596
3649,564.9,63330000.001
3650,565.0,64489999.999
3651,565.1,77759999.996
3652,565.2,104971786.368
3653,565.3,146659481.028
3654,565.4,201713877.307
3655,565.5,266083019.227
3656,565.6,333735453.973
3657,565.7,395995300.187
3658,565.8,444065271.38
3659,565.9,470395444.998
3660,566.0,470605855.766
3661,566.1,444743225.104
3662,566.2,397300000.012
3663,566.3,336200000.014
3664,566.4,270208617.77
3665,566.5,208057961.333
3666,566.6,155630557.579
3667,566.7,116549182.002
3668,566.8,91042211.306
3669,566.9,77448979.355
3670,567.0,72628155.991
3671,567.1,73017853.64
3672,567.2,75306673.814
3673,567.3,77016458.103
3674,567.4,76820000.0
3675,567.5,74630000.001
3676,567.6,71550000.001
3677,567.7,69458127.306
3678,567.8,70554506.231
3679,567.9,76793262.31
3680,568.0,89281602.777
3681,568.1,107910805.189
3682,568.2,131166060.014
3683,568.3,156215936.014
3684,568.4,179518388.867
3685,568.5,197228742.51
3686,568.6,206260521.028
3687,568.7,205100000.001
3688,568.8,193800000.003
3689,568.9,173940116.603
3690,569.0,148509536.853
3691,569.1,120937974.461
3692,569.2,94566406.667
3693,569.3,71862216.341
3694,569.4,54407689.516
3695,569.5,42736512.454
3696,569.6,36535556.356
3697,569.7,34824565.297
3698,569.8,36239892.491
3699,569.9,39299999.999
3700,570.0,42579999.999
3701,570.1,44950000.0
3702,570.2,45737442.417
3703,570.3,44798760.584
3704,570.4,42489820.631
3705,570.5,39502848.318
3706,570.6,36687306.531
3707,570.7,34762310.407
3708,570.8,34134205.82
3709,570.9,34807802.944
3710,571.0,36414067.951
3711,571.1,38302170.989
3712,571.2,39760000.0
3713,571.3,40190000.0
3714,571.4,39225889.107
3715,571.5,36847883.221
3716,571.6,33303564.51
3717,571.7,29030546.115
3718,571.8,24509441.553
3719,571.9,20196927.651
3720,572.0,16391376.517
3721,572.1,13258577.051
3722,572.2,10814538.727
3723,572.3,8965531.712
3724,572.4,7582000.0
3725,572.5,6506000.0
3726,572.6,5606000.0
3727,572.7,4787738.977
3728,572.8,4003230.427
3729,572.9,3242625.65
3730,573.0,2526522.629
3731,573.1,1882423.258
3732,573.2,1336380.122
3733,573.3,901728.112
3734,573.4,577214.968
3735,573.5,350139.949
3736,573.6,201113.478
3737,573.7,109300.0
3738,573.8,56220.0
3739,573.9,27347.471
3740,574.0,12576.292
3741,574.1,5470.436
3742,574.2,2248.955
3743,574.3,874.466
3744,574.4,321.255
3745,574.5,111.664
3746,574.6,36.662
3747,574.7,11.393
3748,574.8,3.343
3749,574.9,0.928
3750,575.0,0.243
3751,575.1,0.06
3752,575.2,0.014
3753,575.3,0.003
3754,575.4,0.001
3755,575.5,0.0
3756,575.6,0.0
3757,575.7,0.0
3758,575.8,0.002
3759,575.9,0.007
3760,576.0,0.029
3761,576.1,0.113
3762,576.2,0.414
3763,576.3,1.438
3764,576.4,4.736
3765,576.5,14.777
3766,576.6,43.682
3767,576.7,122.355
3768,576.8,325.008
3769,576.9,817.995
3770,577.0,1952.773
3771,577.1,4418.307
3772,577.2,9482.065
3773,577.3,19302.252
3774,577.4,37300.0
3775,577.5,68400.0
3776,577.6,119100.0
3777,577.7,197094.437
3778,577.8,309948.532
3779,577.9,463679.613
3780,578.0,660121.33
3781,578.1,895174.562
3782,578.2,1156772.383
3783,578.3,1426699.806
3784,578.4,1679689.867
3785,578.5,1889378.036
3786,578.6,2032696.42
3787,578.7,2091000.0
3788,578.8,2060000.0
3789,578.9,1941999.665
3790,579.0,1753074.99
3791,579.1,1514496.027
3792,579.2,1251616.254
3793,579.3,988728.709
3794,579.4,746394.3
3795,579.5,537781.823
3796,579.6,369499.573
3797,579.7,241977.921
3798,579.8,150839.047
3799,579.9,89440.0
3800,580.0,50420.0
3801,580.1,27000.0
3802,580.2,13734.526
3803,580.3,6627.301
3804,580.4,3034.257
3805,580.5,1317.205
3806,580.6,542.008
3807,580.7,211.489
3808,580.8,78.143
3809,580.9,27.359
3810,581.0,9.076
3811,581.1,2.85
3812,581.2,0.848
3813,581.3,0.239
3814,581.4,0.064
3815,581.5,0.016
3816,581.6,0.004
3817,581.7,0.001
3818,581.8,0.0
3819,581.9,0.0
3820,582.0,0.0
3821,582.1,0.0
3822,582.2,0.0
3823,582.3,0.0
3824,582.4,0.0
3825,582.5,0.0
3826,582.6,0.0
3827,582.7,0.0
3828,582.8,0.0
3829,582.9,0.0
3830,583.0,0.0
3831,583.1,0.0
3832,583.2,0.0
3833,583.3,0.0
3834,583.4,0.0
3835,583.5,0.0
3836,583.6,0.0
3837,583.7,0.0
3838,583.8,0.0
3839,583.9,0.0
3840,584.0,0.0
3841,584.1,0.0
3842,584.2,0.0
3843,584.3,0.0
3844,584.4,0.0
3845,584.5,0.0
3846,584.6,0.0
3847,584.7,0.0
3848,584.8,0.0
3849,584.9,0.0
3850,585.0,0.0
3851,585.1,0.0
3852,585.2,0.0
3853,585.3,0.0
3854,585.4,0.0
3855,585.5,0.0
3856,585.6,0.0
3857,585.7,0.0
3858,585.8,0.0
3859,585.9,0.0
3860,586.0,0.0
3861,586.1,0.0
3862,586.2,0.0
3863,586.3,0.0
3864,586.4,0.0
3865,586.5,0.0
3866,586.6,0.0
3867,586.7,0.0
3868,586.8,0.0
3869,586.9,0.0
3870,587.0,0.0
3871,587.1,0.0
3872,587.2,0.0
3873,587.3,0.0
3874,587.4,0.0
3875,587.5,0.0
3876,587.6,0.0
3877,587.7,0.0
3878,587.8,0.0
3879,587.9,0.0
3880,588.0,0.0
3881,588.1,0.0
3882,588.2,0.0
3883,588.3,0.0
3884,588.4,0.0
3885,588.5,0.0
3886,588.6,0.0
3887,588.7,0.0
3888,588.8,0.0
3889,588.9,0.0
3890,589.0,0.0
3891,589.1,0.0
3892,589.2,0.0
3893,589.3,0.0
3894,589.4,0.0
3895,589.5,0.0
3896,589.6,0.0
3897,589.7,0.0
3898,589.8,0.0
3899,589.9,0.0
3900,590.0,0.0
3901,590.1,0.0
3902,590.2,0.0
3903,590.3,0.0
3904,590.4,0.0
3905,590.5,0.0
3906,590.6,0.0
3907,590.7,0.0
3908,590.8,0.0
3909,590.9,0.0
3910,591.0,0.0
3911,591.1,0.0
3912,591.2,0.0
3913,591.3,0.0
3914,591.4,0.0
3915,591.5,0.0
3916,591.6,0.0
3917,591.7,0.0
3918,591.8,0.0
3919,591.9,0.0
3920,592.0,0.0
3921,592.1,0.0
3922,592.2,0.0
3923,592.3,0.0
3924,592.4,0.0
3925,592.5,0.0
3926,592.6,0.0
3927,592.7,0.0
3928,592.8,0.0
3929,592.9,0.0
3930,593.0,0.0
3931,593.1,0.0
3932,593.2,0.0
3933,593.3,0.0
3934,593.4,0.0
3935,593.5,0.0
3936,593.6,0.0
3937,593.7,0.0
3938,593.8,0.0
3939,593.9,0.0
3940,594.0,0.0
3941,594.1,0.0
3942,594.2,0.0
3943,594.3,0.0
3944,594.4,0.0
3945,594.5,0.0
3946,594.6,0.0
3947,594.7,0.0
3948,594.8,0.0
3949,594.9,0.0
3950,595.0,0.0
3951,595.1,0.0
3952,595.2,0.0
3953,595.3,0.0
3954,595.4,0.0
3955,595.5,0.0
3956,595.6,0.0
3957,595.7,0.0
3958,595.8,0.0
3959,595.9,0.0
3960,596.0,0.0
3961,596.1,0.001
3962,596.2,0.004
3963,596.3,0.015
3964,596.4,0.059
3965,596.5,0.218
3966,596.6,0.773
3967,596.7,2.598
3968,596.8,8.294
3969,596.9,25.146
3970,597.0,72.484
3971,597.1,198.379
3972,597.2,515.782
3973,597.3,1274.395
3974,597.4,2989.0
3975,597.5,6661.0
3976,597.6,14100.0
3977,597.7,28363.259
3978,597.8,54171.939
3979,597.9,98334.106
3980,598.0,169464.573
3981,598.1,277504.624
3982,598.2,431595.283
3983,598.3,637802.026
3984,598.4,895258.278
3985,598.5,1193138.302
3986,598.6,1511879.493
3987,598.7,1819000.0
3988,598.8,2079000.0
3989,598.9,2256813.967
3990,599.0,2327390.801
3991,599.1,2280068.383
3992,599.2,2122129.452
3993,599.3,1875861.222
3994,599.4,1575285.702
3995,599.5,1256231.999
3996,599.6,952522.484
3997,599.7,685370.204
3998,599.8,468605.746
3999,599.9,304400.0
4000,600.0,187800.0
4001,600.1,110100.0
4002,600.2,61277.759
4003,600.3,32416.182
4004,600.4,16281.342
4005,600.5,7774.341
4006,600.6,3532.749
4007,600.7,1545.721
4008,600.8,701.909
4009,600.9,457.384
4010,601.0,636.049
4011,601.1,1347.158
4012,601.2,3018.0
4013,601.3,6540.0
4014,601.4,13504.861
4015,601.5,26508.155
4016,601.6,49471.594
4017,601.7,87764.104
4018,601.8,147995.955
4019,601.9,237211.533
4020,602.0,361414.354
4021,602.1,523401.794
4022,602.2,720475.211
4023,602.3,942741.67
4024,602.4,1172000.0
4025,602.5,1386000.0
4026,602.6,1558000.0
4027,602.7,1663610.522
4028,602.8,1689069.693
4029,602.9,1630455.494
4030,603.0,1495535.401
4031,603.1,1303958.128
4032,603.2,1081191.026
4033,603.3,851720.455
4034,603.4,637893.847
4035,603.5,454040.072
4036,603.6,307231.319
4037,603.7,197600.0
4038,603.8,120800.0
4039,603.9,70204.933
4040,604.0,38776.235
4041,604.1,20363.581
4042,604.2,10164.405
4043,604.3,4821.213
4044,604.4,2173.427
4045,604.5,931.507
4046,604.6,379.604
4047,604.7,146.99
4048,604.8,54.123
4049,604.9,18.94
4050,605.0,6.299
4051,605.1,1.991
4052,605.2,0.598
4053,605.3,0.171
4054,605.4,0.046
4055,605.5,0.012
4056,605.6,0.003
4057,605.7,0.001
4058,605.8,0.0
4059,605.9,0.0
4060,606.0,0.0
4061,606.1,0.0
4062,606.2,0.0
4063,606.3,0.0
4064,606.4,0.0
4065,606.5,0.0
4066,606.6,0.0
4067,606.7,0.0
4068,606.8,0.0
4069,606.9,0.0
4070,607.0,0.0
4071,607.1,0.0
4072,607.2,0.0
4073,607.3,0.0
4074,607.4,0.0
4075,607.5,0.0
4076,607.6,0.0
4077,607.7,0.0
4078,607.8,0.0
4079,607.9,0.0
4080,608.0,0.0
4081,608.1,0.0
4082,608.2,0.0
4083,608.3,0.0
4084,608.4,0.0
4085,608.5,0.0
4086,608.6,0.0
4087,608.7,0.0
4088,608.8,0.0
4089,608.9,0.0
4090,609.0,0.0
4091,609.1,0.0
4092,609.2,0.0
4093,609.3,0.0
4094,609.4,0.0
4095,609.5,0.0
4096,609.6,0.0
4097,609.7,0.0
4098,609.8,0.0
4099,609.9,0.0
4100,610.0,0.0
4101,610.1,0.0
4102,610.2,0.0
4103,610.3,0.0
4104,610.4,0.0
4105,610.5,0.0
4106,610.6,0.0
4107,610.7,0.0
4108,610.8,0.0
4109,610.9,0.0
4110,611.0,0.0
4111,611.1,0.0
4112,611.2,0.0
4113,611.3,0.0
4114,611.4,0.0
4115,611.5,0.0
4116,611.6,0.0
4117,611.7,0.0
4118,611.8,0.001
4119,611.9,0.003
4120,612.0,0.011
4121,612.1,0.043
4122,612.2,0.156
4123,612.3,0.538
4124,612.4,1.768
4125,612.5,5.533
4126,612.6,16.5
4127,612.7,46.834
4128,612.8,126.629
4129,612.9,326.168
4130,613.0,800.114
4131,613.1,1869.414
4132,613.2,4159.11
4133,613.3,8814.976
4134,613.4,17789.785
4135,613.5,34191.569
4136,613.6,62596.251
4137,613.7,109100.0
4138,613.8,181200.0
4139,613.9,286663.577
4140,614.0,431737.336
4141,614.1,619372.015
4142,614.2,846194.685
4143,614.3,1101363.071
4144,614.4,1364855.796
4145,614.5,1610512.359
4146,614.6,1810935.525
4147,614.7,1938864.302
4148,614.8,1976520.16
4149,614.9,1920000.0
4150,615.0,1776000.0
4151,615.1,1564000.0
4152,615.2,1312281.848
4153,615.3,1049008.983
4154,615.4,798119.029
4155,615.5,578514.697
4156,615.6,399310.711
4157,615.7,262523.919
4158,615.8,164365.278
4159,615.9,98066.936
4160,616.0,55680.31
4161,616.1,30120.736
4162,616.2,15520.0
4163,616.3,7614.0
4164,616.4,3558.417
4165,616.5,1583.957
4166,616.6,671.339
4167,616.7,270.98
4168,616.8,104.194
4169,616.9,38.149
4170,617.0,13.311
4171,617.1,4.421
4172,617.2,1.406
4173,617.3,0.449
4174,617.4,0.221
4175,617.5,0.373
4176,617.6,1.115
4177,617.7,3.434
4178,617.8,10.139
4179,617.9,28.568
4180,618.0,76.708
4181,618.1,196.37
4182,618.2,478.973
4183,618.3,1113.654
4184,618.4,2468.924
4185,618.5,5216.436
4186,618.6,10504.285
4187,618.7,20170.0
4188,618.8,36900.0
4189,618.9,64349.904
4190,619.0,107018.991
4191,619.1,169560.853
4192,619.2,256172.048
4193,619.3,368914.3
4194,619.4,506726.946
4195,619.5,663735.595
4196,619.6,829680.13
4197,619.7,990668.27
4198,619.8,1131897.922
4199,619.9,1241000.0
4200,620.0,1312000.0
4201,620.1,1348000.0
4202,620.2,1363650.731
4203,620.3,1380279.967
4204,620.4,1425298.064
4205,620.5,1523452.785
4206,620.6,1688166.651
4207,620.7,1922651.83
4208,620.8,2207456.282
4209,620.9,2511047.218
4210,621.0,2789499.346
4211,621.1,2997298.708
4212,621.2,3096000.0
4213,621.3,3063000.0
4214,621.4,2896372.624
4215,621.5,2615109.705
4216,621.6,2253120.438
4217,621.7,1851263.434
4218,621.8,1450531.192
4219,621.9,1083826.998
4220,622.0,772063.72
4221,622.1,524367.895
4222,622.2,339773.41
4223,622.3,210330.223
4224,622.4,125000.0
4225,622.5,72960.0
4226,622.6,44980.0
4227,622.7,34984.133
4228,622.8,40246.346
4229,622.9,61425.583
4230,623.0,102269.572
4231,623.1,168878.856
4232,623.2,268936.102
4233,623.3,409833.159
4234,623.4,596594.435
4235,623.5,829568.649
4236,623.6,1102885.076
4237,623.7,1403000.0
4238,623.8,1712000.0
4239,623.9,2010509.134
4240,624.0,2281618.58
4241,624.1,2519965.592
4242,624.2,2731416.71
4243,624.3,2935748.584
4244,624.4,3161377.104
4245,624.5,3434269.717
4246,624.6,3770158.351
4247,624.7,4162244.974
4248,624.8,4584076.042
4249,624.9,4987000.0
4250,625.0,5313000.0
4251,625.1,5514000.0
4252,625.2,5558384.691
4253,625.3,5446861.084
4254,625.4,5208381.111
4255,625.5,4898184.813
4256,625.6,4576664.762
4257,625.7,4299040.044
4258,625.8,4099310.163
4259,625.9,3986078.878
4260,626.0,3939319.472
4261,626.1,3921045.452
4262,626.2,3883000.0
4263,626.3,3786000.0
4264,626.4,3600816.159
4265,626.5,3319929.098
4266,626.6,2955967.661
4267,626.7,2535794.136
4268,626.8,2096725.841
4269,626.9,1675661.113
4270,627.0,1304996.542
4271,627.1,1007270.636
4272,627.2,796816.327
4273,627.3,677456.98
4274,627.4,647500.0
4275,627.5,701700.0
4276,627.6,832500.0
4277,627.7,1031680.992
4278,627.8,1289372.619
4279,627.9,1594112.464
4280,628.0,1928319.905
4281,628.1,2271427.106
4282,628.2,2598945.018
4283,628.3,2883074.266
4284,628.4,3098858.348
4285,628.5,3225385.217
4286,628.6,3253337.866
4287,628.7,3185000.0
4288,628.8,3035000.0
4289,628.9,2826030.318
4290,629.0,2585776.634
4291,629.1,2339128.723
4292,629.2,2106435.302
4293,629.3,1903618.156
4294,629.4,1735943.472
4295,629.5,1613595.582
4296,629.6,1545102.596
4297,629.7,1546832.129
4298,629.8,1637884.091
4299,629.9,1842000.0
4300,630.0,2174000.0
4301,630.1,2637000.0
4302,630.2,3211774.472
4303,630.3,3858035.97
4304,630.4,4508684.467
4305,630.5,5087102.037
4306,630.6,5514361.313
4307,630.7,5728260.054
4308,630.8,5691342.69
4309,630.9,5404782.791
4310,631.0,4903800.798
4311,631.1,4248847.07
4312,631.2,3516000.0
4313,631.3,2778000.0
4314,631.4,2095427.086
4315,631.5,1509555.907
4316,631.6,1037825.523
4317,631.7,681341.425
4318,631.8,427165.435
4319,631.9,255612.455
4320,632.0,146090.28
4321,632.1,79673.33
4322,632.2,41500.292
4323,632.3,20638.993
4324,632.4,9798.0
4325,632.5,4441.0
4326,632.6,1922.0
4327,632.7,794.077
4328,632.8,313.238
4329,632.9,117.939
4330,633.0,42.424
4331,633.1,14.565
4332,633.2,4.774
4333,633.3,1.494
4334,633.4,0.447
4335,633.5,0.127
4336,633.6,0.035
4337,633.7,0.009
4338,633.8,0.002
4339,633.9,0.001
4340,634.0,0.0
4341,634.1,0.0
4342,634.2,0.0
4343,634.3,0.0
4344,634.4,0.0
4345,634.5,0.0
4346,634.6,0.0
4347,634.7,0.0
4348,634.8,0.0
4349,634.9,0.0
4350,635.0,0.0
4351,635.1,0.001
4352,635.2,0.002
4353,635.3,0.007
4354,635.4,0.024
4355,635.5,0.077
4356,635.6,0.24
4357,635.7,0.713
4358,635.8,2.03
4359,635.9,5.522
4360,636.0,14.351
4361,636.1,35.662
4362,636.2,84.67
4363,636.3,192.1
4364,636.4,416.764
4365,636.5,863.795
4366,636.6,1711.471
4367,636.7,3239.717
4368,636.8,5863.455
4369,636.9,10143.423
4370,637.0,16759.735
4371,637.1,26475.658
4372,637.2,39976.194
4373,637.3,57692.663
4374,637.4,79560.0
4375,637.5,104900.0
4376,637.6,132100.0
4377,637.7,159025.971
4378,637.8,182987.869
4379,637.9,201251.659
4380,638.0,211545.5
4381,638.1,212466.506
4382,638.2,204017.553
4383,638.3,187151.231
4384,638.4,164190.336
4385,638.5,137568.878
4386,638.6,110197.868
4387,638.7,84380.0
4388,638.8,61740.0
4389,638.9,43181.574
4390,639.0,28858.908
4391,639.1,18431.34
4392,639.2,11252.291
4393,639.3,6569.882
4394,639.4,3670.3
4395,639.5,1974.258
4396,639.6,1049.896
4397,639.7,611.816
4398,639.8,506.611
4399,639.9,692.1
4400,640.0,1233.0
4401,640.1,2307.0
4402,640.2,4216.166
4403,640.3,7404.236
4404,640.4,12444.394
4405,640.5,20005.013
4406,640.6,30757.317
4407,640.7,45201.183
4408,640.8,63535.751
4409,640.9,85392.112
4410,641.0,109702.541
4411,641.1,134886.491
4412,641.2,158400.0
4413,641.3,178000.0
4414,641.4,191192.596
4415,641.5,196456.487
4416,641.6,192927.728
4417,641.7,181202.573
4418,641.8,162734.739
4419,641.9,139803.257
4420,642.0,114739.389
4421,642.1,90108.025
4422,642.2,67644.195
4423,642.3,48561.056
4424,642.4,33340.0
4425,642.5,21880.0
4426,642.6,13730.0
4427,642.7,8241.84
4428,642.8,4729.453
4429,642.9,2594.863
4430,643.0,1361.999
4431,643.1,683.141
4432,643.2,327.737
4433,643.3,150.337
4434,643.4,65.948
4435,643.5,27.658
4436,643.6,11.093
4437,643.7,4.254
4438,643.8,1.56
4439,643.9,0.547
4440,644.0,0.183
4441,644.1,0.059
4442,644.2,0.018
4443,644.3,0.005
4444,644.4,0.001
4445,644.5,0.0
4446,644.6,0.0
4447,644.7,0.0
4448,644.8,0.0
4449,644.9,0.0
4450,645.0,0.0
4451,645.1,0.0
4452,645.2,0.0
4453,645.3,0.0
4454,645.4,0.0
4455,645.5,0.0
4456,645.6,0.0
4457,645.7,0.0
4458,645.8,0.0
4459,645.9,0.0
4460,646.0,0.0
4461,646.1,0.0
4462,646.2,0.0
4463,646.3,0.0
4464,646.4,0.0
4465,646.5,0.0
4466,646.6,0.0
4467,646.7,0.0
4468,646.8,0.0
4469,646.9,0.0
4470,647.0,0.0
4471,647.1,0.0
4472,647.2,0.0
4473,647.3,0.0
4474,647.4,0.0
4475,647.5,0.0
4476,647.6,0.0
4477,647.7,0.0
4478,647.8,0.0
4479,647.9,0.0
4480,648.0,0.0
4481,648.1,0.0
4482,648.2,0.0
4483,648.3,0.0
4484,648.4,0.0
4485,648.5,0.0
4486,648.6,0.0
4487,648.7,0.0
4488,648.8,0.0
4489,648.9,0.0
4490,649.0,0.0
4491,649.1,0.0
4492,649.2,0.0
4493,649.3,0.0
4494,649.4,0.0
4495,649.5,0.0
4496,649.6,0.0
4497,649.7,0.0
4498,649.8,0.0
4499,649.9,0.0
4500,650.0,0.0
4501,650.1,0.0
4502,650.2,0.0
4503,650.3,0.0
4504,650.4,0.0
4505,650.5,0.0
4506,650.6,0.0
4507,650.7,0.0
4508,650.8,0.0
4509,650.9,0.0
4510,651.0,0.0
4511,651.1,0.0
4512,651.2,0.0
4513,651.3,0.0
4514,651.4,0.0
4515,651.5,0.0
4516,651.6,0.0
4517,651.7,0.0
4518,651.8,0.0
4519,651.9,0.0
4520,652.0,0.0
4521,652.1,0.0
4522,652.2,0.0
4523,652.3,0.0
4524,652.4,0.0
4525,652.5,0.0
4526,652.6,0.0
4527,652.7,0.0
4528,652.8,0.0
4529,652.9,0.0
4530,653.0,0.0
4531,653.1,0.0
4532,653.2,0.0
4533,653.3,0.0
4534,653.4,0.0
4535,653.5,0.0
4536,653.6,0.0
4537,653.7,0.0
4538,653.8,0.0
4539,653.9,0.0
4540,654.0,0.0
4541,654.1,0.0
4542,654.2,0.0
4543,654.3,0.0
4544,654.4,0.0
4545,654.5,0.0
4546,654.6,0.0
4547,654.7,0.0
4548,654.8,0.0
4549,654.9,0.0
4550,655.0,0.0
4551,655.1,0.0
4552,655.2,0.0
4553,655.3,0.0
4554,655.4,0.0
4555,655.5,0.0
4556,655.6,0.0
4557,655.7,0.0
4558,655.8,0.0
4559,655.9,0.0
4560,656.0,0.0
4561,656.1,0.0
4562,656.2,0.0
4563,656.3,0.0
4564,656.4,0.0
4565,656.5,0.0
4566,656.6,0.0
4567,656.7,0.0
4568,656.8,0.0
4569,656.9,0.0
4570,657.0,0.0
4571,657.1,0.0
4572,657.2,0.0
4573,657.3,0.0
4574,657.4,0.0
4575,657.5,0.0
4576,657.6,0.0
4577,657.7,0.0
4578,657.8,0.0
4579,657.9,0.0
4580,658.0,0.0
4581,658.1,0.0
4582,658.2,0.0
4583,658.3,0.0
4584,658.4,0.0
4585,658.5,0.0
4586,658.6,0.0
4587,658.7,0.0
4588,658.8,0.0
4589,658.9,0.0
4590,659.0,0.0
4591,659.1,0.0
4592,659.2,0.0
4593,659.3,0.0
4594,659.4,0.0
4595,659.5,0.0
4596,659.6,0.0
4597,659.7,0.0
4598,659.8,0.0
4599,659.9,0.0
4600,660.0,0.0
4601,660.1,0.0
4602,660.2,0.0
4603,660.3,0.0
4604,660.4,0.0
4605,660.5,0.0
4606,660.6,0.0
4607,660.7,0.0
4608,660.8,0.0
4609,660.9,0.0
4610,661.0,0.0
4611,661.1,0.0
4612,661.2,0.0
4613,661.3,0.0
4614,661.4,0.0
4615,661.5,0.0
4616,661.6,0.0
4617,661.7,0.0
4618,661.8,0.0
4619,661.9,0.0
4620,662.0,0.0
4621,662.1,0.0
4622,662.2,0.0
4623,662.3,0.0
4624,662.4,0.0
4625,662.5,0.0
4626,662.6,0.0
4627,662.7,0.0
4628,662.8,0.0
4629,662.9,0.0
4630,663.0,0.0
4631,663.1,0.0
4632,663.2,0.001
4633,663.3,0.002
4634,663.4,0.007
4635,663.5,0.022
4636,663.6,0.07
4637,663.7,0.209
4638,663.8,0.601
4639,663.9,1.656
4640,664.0,4.374
4641,664.1,11.087
4642,664.2,26.957
4643,664.3,62.868
4644,664.4,140.691
4645,664.5,302.032
4646,664.6,622.038
4647,664.7,1229.829
4648,664.8,2330.281
4649,664.9,4238.0
4650,665.0,7396.0
4651,665.1,12380.0
4652,665.2,19891.913
4653,665.3,30665.574
4654,665.4,45376.08
4655,665.5,64441.575
4656,665.6,87876.698
4657,665.7,115079.371
4658,665.8,144873.235
4659,665.9,175214.12
4660,666.0,204043.17
4661,666.1,228832.43
4662,666.2,247700.0
4663,666.3,259200.0
4664,666.4,262849.896
4665,666.5,259224.877
4666,666.6,249371.355
4667,666.7,234996.838
4668,666.8,217515.021
4669,666.9,198597.968
4670,667.0,178839.881
4671,667.1,159058.633
4672,667.2,139451.877
4673,667.3,120207.406
4674,667.4,101500.0
4675,667.5,83620.0
4676,667.6,67000.0
4677,667.7,52040.38
4678,667.8,39086.49
4679,667.9,28331.669
4680,668.0,19783.659
4681,668.1,13300.119
4682,668.2,8596.063
4683,668.3,5339.595
4684,668.4,3185.987
4685,668.5,1824.897
4686,668.6,1004.166
4687,668.7,529.9
4688,668.8,268.5
4689,668.9,130.555
4690,669.0,60.887
4691,669.1,27.262
4692,669.2,11.706
4693,669.3,4.824
4694,669.4,1.907
4695,669.5,0.724
4696,669.6,0.263
4697,669.7,0.092
4698,669.8,0.031
4699,669.9,0.01
4700,670.0,0.003
4701,670.1,0.001
4702,670.2,0.0
4703,670.3,0.0
4704,670.4,0.0
4705,670.5,0.0
4706,670.6,0.0
4707,670.7,0.0
4708,670.8,0.0
4709,670.9,0.0
4710,671.0,0.0
4711,671.1,0.0
4712,671.2,0.0
4713,671.3,0.0
4714,671.4,0.0
4715,671.5,0.0
4716,671.6,0.0
4717,671.7,0.0
4718,671.8,0.0
4719,671.9,0.0
4720,672.0,0.0
4721,672.1,0.0
4722,672.2,0.0
4723,672.3,0.0
4724,672.4,0.0
4725,672.5,0.0
4726,672.6,0.0
4727,672.7,0.0
4728,672.8,0.0
4729,672.9,0.0
4730,673.0,0.0
4731,673.1,0.0
4732,673.2,0.0
4733,673.3,0.0
4734,673.4,0.0
4735,673.5,0.0
4736,673.6,0.0
4737,673.7,0.0
4738,673.8,0.0
4739,673.9,0.0
4740,674.0,0.0
4741,674.1,0.0
4742,674.2,0.0
4743,674.3,0.0
4744,674.4,0.0
4745,674.5,0.0
4746,674.6,0.0
4747,674.7,0.0
4748,674.8,0.0
4749,674.9,0.0
4750,675.0,0.0
4751,675.1,0.0
4752,675.2,0.0
4753,675.3,0.0
4754,675.4,0.0
4755,675.5,0.0
4756,675.6,0.0
4757,675.7,0.0
4758,675.8,0.0
4759,675.9,0.0
4760,676.0,0.0
4761,676.1,0.0
4762,676.2,0.0
4763,676.3,0.0
4764,676.4,0.0
4765,676.5,0.0
4766,676.6,0.0
4767,676.7,0.0
4768,676.8,0.0
4769,676.9,0.0
4770,677.0,0.0
4771,677.1,0.0
4772,677.2,0.0
4773,677.3,0.0
4774,677.4,0.0
4775,677.5,0.0
4776,677.6,0.0
4777,677.7,0.0
4778,677.8,0.0
4779,677.9,0.0
4780,678.0,0.0
4781,678.1,0.0
4782,678.2,0.0
4783,678.3,0.0
4784,678.4,0.0
4785,678.5,0.0
4786,678.6,0.0
4787,678.7,0.0
4788,678.8,0.0
4789,678.9,0.0
4790,679.0,0.0
4791,679.1,0.0
4792,679.2,0.0
4793,679.3,0.0
4794,679.4,0.0
4795,679.5,0.0
4796,679.6,0.0
4797,679.7,0.0
4798,679.8,0.0
4799,679.9,0.0
4800,680.0,0.0
4801,680.1,0.0
4802,680.2,0.0
4803,680.3,0.0
4804,680.4,0.0
4805,680.5,0.0
4806,680.6,0.0
4807,680.7,0.0
4808,680.8,0.0
4809,680.9,0.0
4810,681.0,0.0
4811,681.1,0.0
4812,681.2,0.0
4813,681.3,0.0
4814,681.4,0.0
4815,681.5,0.0
4816,681.6,0.0
4817,681.7,0.0
4818,681.8,0.0
4819,681.9,0.0
4820,682.0,0.0
4821,682.1,0.0
4822,682.2,0.0
4823,682.3,0.0
4824,682.4,0.0
4825,682.5,0.0
4826,682.6,0.0
4827,682.7,0.0
4828,682.8,0.0
4829,682.9,0.0
4830,683.0,0.0
4831,683.1,0.0
4832,683.2,0.0
4833,683.3,0.0
4834,683.4,0.0
4835,683.5,0.0
4836,683.6,0.0
4837,683.7,0.0
4838,683.8,0.0
4839,683.9,0.0
4840,684.0,0.0
4841,684.1,0.0
4842,684.2,0.0
4843,684.3,0.0
4844,684.4,0.0
4845,684.5,0.0
4846,684.6,0.0
4847,684.7,0.0
4848,684.8,0.0
4849,684.9,0.0
4850,685.0,0.0
4851,685.1,0.0
4852,685.2,0.001
4853,685.3,0.002
4854,685.4,0.007
4855,685.5,0.022
4856,685.6,0.067
4857,685.7,0.2
4858,685.8,0.573
4859,685.9,1.581
4860,686.0,4.195
4861,686.1,10.711
4862,686.2,26.31
4863,686.3,62.16
4864,686.4,141.325
4865,686.5,308.888
4866,686.6,649.788
4867,686.7,1314.719
4868,686.8,2558.938
4869,686.9,4790.443
4870,687.0,8629.984
4871,687.1,14955.104
4872,687.2,24919.619
4873,687.3,39957.524
4874,687.4,61640.0
4875,687.5,91470.0
4876,687.6,130600.0
4877,687.7,179316.782
4878,687.8,236843.003
4879,687.9,300981.677
4880,688.0,367967.151
4881,688.1,432682.144
4882,688.2,489561.042
4883,688.3,532702.267
4884,688.4,557794.173
4885,688.5,561726.33
4886,688.6,544219.374
4887,688.7,507300.0
4888,688.8,454800.0
4889,688.9,392287.441
4890,689.0,325503.034
4891,689.1,259845.327
4892,689.2,199524.858
4893,689.3,147368.813
4894,689.4,104715.775
4895,689.5,71591.838
4896,689.6,47074.389
4897,689.7,29780.41
4898,689.8,18124.177
4899,689.9,10610.0
4900,690.0,5976.0
4901,690.1,3238.0
4902,690.2,1688.665
4903,690.3,850.187
4904,690.4,418.423
4905,690.5,214.193
4906,690.6,141.774
4907,690.7,163.094
4908,690.8,285.197
4909,690.9,560.244
4910,691.0,1095.915
4911,691.1,2078.585
4912,691.2,3798.0
4913,691.3,6679.0
4914,691.4,11304.041
4915,691.5,18411.064
4916,691.6,28857.425
4917,691.7,43526.153
4918,691.8,63185.4
4919,691.9,88242.177
4920,692.0,118673.748
4921,692.1,153456.907
4922,692.2,190996.852
4923,692.3,228812.306
4924,692.4,263700.0
4925,692.5,292500.0
4926,692.6,312300.0
4927,692.7,320802.705
4928,692.8,317138.263
4929,692.9,301684.416
4930,693.0,276171.621
4931,693.1,243264.396
4932,693.2,206218.024
4933,693.3,168258.833
4934,693.4,132122.906
4935,693.5,99788.75
4936,693.6,72549.32
4937,693.7,50760.0
4938,693.8,34170.0
4939,693.9,22135.998
4940,694.0,13804.147
4941,694.1,8282.724
4942,694.2,4781.303
4943,694.3,2656.666
4944,694.4,1420.257
4945,694.5,730.895
4946,694.6,361.854
4947,694.7,172.414
4948,694.8,79.061
4949,694.9,34.89
4950,695.0,14.84
4951,695.1,6.139
4952,695.2,2.638
4953,695.3,1.642
4954,695.4,2.378
4955,695.5,5.576
4956,695.6,14.04
4957,695.7,34.595
4958,695.8,82.261
4959,695.9,188.391
4960,696.0,415.567
4961,696.1,882.95
4962,696.2,1807.0
4963,696.3,3560.0
4964,696.4,6757.525
4965,696.5,12349.304
4966,696.6,21742.014
4967,696.7,36877.736
4968,696.8,60227.553
4969,696.9,94714.232
4970,697.0,143546.775
4971,697.1,209460.923
4972,697.2,294475.527
4973,697.3,398750.162
4974,697.4,520000.0
4975,697.5,653200.0
4976,697.6,790500.0
4977,697.7,921406.199
4978,697.8,1035101.969
4979,697.9,1119155.432
4980,698.0,1165526.591
4981,698.1,1170519.331
4982,698.2,1131744.15
4983,698.3,1054845.406
4984,698.4,946078.894
4985,698.5,817920.272
4986,698.6,681254.696
4987,698.7,546700.0
4988,698.8,422600.0
4989,698.9,314761.107
4990,699.0,225919.245
4991,699.1,156157.106
4992,699.2,104038.292
4993,699.3,66760.245
4994,699.4,41281.123
4995,699.5,24597.806
4996,699.6,14114.369
4997,699.7,7809.689
4998,699.8,4162.279
4999,699.9,2138.0
5000,700.0,1058.0
5001,700.1,504.3
5002,700.2,231.664
5003,700.3,102.544
5004,700.4,43.732
5005,700.5,17.972
5006,700.6,7.119
5007,700.7,2.717
5008,700.8,0.999
5009,700.9,0.354
5010,701.0,0.121
5011,701.1,0.04
5012,701.2,0.013
5013,701.3,0.004
5014,701.4,0.001
5015,701.5,0.0
5016,701.6,0.0
5017,701.7,0.0
5018,701.8,0.0
5019,701.9,0.0
5020,702.0,0.0
5021,702.1,0.0
5022,702.2,0.0
5023,702.3,0.0
5024,702.4,0.0
5025,702.5,0.0
5026,702.6,0.0
5027,702.7,0.0
5028,702.8,0.0
5029,702.9,0.0
5030,703.0,0.0
5031,703.1,0.0
5032,703.2,0.0
5033,703.3,0.0
5034,703.4,0.0
5035,703.5,0.0
5036,703.6,0.0
5037,703.7,0.0
5038,703.8,0.0
5039,703.9,0.0
5040,704.0,0.0
5041,704.1,0.0
5042,704.2,0.0
5043,704.3,0.0
5044,704.4,0.0
5045,704.5,0.0
5046,704.6,0.0
5047,704.7,0.0
5048,704.8,0.0
5049,704.9,0.0
5050,705.0,0.0
5051,705.1,0.0
5052,705.2,0.0
5053,705.3,0.0
5054,705.4,0.0
5055,705.5,0.0
5056,705.6,0.0
5057,705.7,0.0
5058,705.8,0.0
5059,705.9,0.0
5060,706.0,0.0
5061,706.1,0.0
5062,706.2,0.0
5063,706.3,0.0
5064,706.4,0.0
5065,706.5,0.0
5066,706.6,0.0
5067,706.7,0.0
5068,706.8,0.0
5069,706.9,0.0
5070,707.0,0.0
5071,707.1,0.0
5072,707.2,0.0
5073,707.3,0.0
5074,707.4,0.0
5075,707.5,0.0
5076,707.6,0.0
5077,707.7,0.0
5078,707.8,0.0
5079,707.9,0.0
5080,708.0,0.0
5081,708.1,0.0
5082,708.2,0.0
5083,708.3,0.0
5084,708.4,0.0
5085,708.5,0.0
5086,708.6,0.0
5087,708.7,0.0
5088,708.8,0.0
5089,708.9,0.0
5090,709.0,0.0
5091,709.1,0.0
5092,709.2,0.0
5093,709.3,0.0
5094,709.4,0.0
5095,709.5,0.0
5096,709.6,0.0
5097,709.7,0.0
5098,709.8,0.0
5099,709.9,0.0
5100,710.0,0.0
5101,710.1,0.0
5102,710.2,0.0
5103,710.3,0.0
5104,710.4,0.0
5105,710.5,0.0
5106,710.6,0.0
5107,710.7,0.0
5108,710.8,0.0
5109,710.9,0.0
5110,711.0,0.0
5111,711.1,0.0
5112,711.2,0.0
5113,711.3,0.0
5114,711.4,0.0
5115,711.5,0.0
5116,711.6,0.0
5117,711.7,0.0
5118,711.8,0.0
5119,711.9,0.0
5120,712.0,0.0
5121,712.1,0.0
5122,712.2,0.0
5123,712.3,0.0
5124,712.4,0.0
5125,712.5,0.0
5126,712.6,0.0
5127,712.7,0.0
5128,712.8,0.0
5129,712.9,0.0
5130,713.0,0.0
5131,713.1,0.0
5132,713.2,0.0
5133,713.3,0.0
5134,713.4,0.0
5135,713.5,0.0
5136,713.6,0.0
5137,713.7,0.0
5138,713.8,0.0
5139,713.9,0.0
5140,714.0,0.0
5141,714.1,0.0
5142,714.2,0.0
5143,714.3,0.0
5144,714.4,0.0
5145,714.5,0.0
5146,714.6,0.0
5147,714.7,0.0
5148,714.8,0.0
5149,714.9,0.0
5150,715.0,0.0
5151,715.1,0.0
5152,715.2,0.0
5153,715.3,0.0
5154,715.4,0.0
5155,715.5,0.0
5156,715.6,0.0
5157,715.7,0.0
5158,715.8,0.0
5159,715.9,0.0
5160,716.0,0.0
5161,716.1,0.0
5162,716.2,0.0
5163,716.3,0.0
5164,716.4,0.0
5165,716.5,0.0
5166,716.6,0.0
5167,716.7,0.0
5168,716.8,0.0
5169,716.9,0.0
5170,717.0,0.0
5171,717.1,0.0
5172,717.2,0.0
5173,717.3,0.0
5174,717.4,0.0
5175,717.5,0.0
5176,717.6,0.0
5177,717.7,0.0
5178,717.8,0.0
5179,717.9,0.0
5180,718.0,0.0
5181,718.1,0.0
5182,718.2,0.0
5183,718.3,0.0
5184,718.4,0.0
5185,718.5,0.0
5186,718.6,0.0
5187,718.7,0.0
5188,718.8,0.0
5189,718.9,0.0
5190,719.0,0.0
5191,719.1,0.0
5192,719.2,0.0
5193,719.3,0.0
5194,719.4,0.0
5195,719.5,0.0
5196,719.6,0.0
5197,719.7,0.0
5198,719.8,0.0
5199,719.9,0.0
5200,720.0,0.0
5201,720.1,0.0
5202,720.2,0.0
5203,720.3,0.0
5204,720.4,0.0
5205,720.5,0.0
5206,720.6,0.0
5207,720.7,0.0
5208,720.8,0.0
5209,720.9,0.0
5210,721.0,0.0
5211,721.1,0.0
5212,721.2,0.0
5213,721.3,0.0
5214,721.4,0.0
5215,721.5,0.0
5216,721.6,0.0
5217,721.7,0.0
5218,721.8,0.0
5219,721.9,0.0
5220,722.0,0.0
5221,722.1,0.0
5222,722.2,0.0
5223,722.3,0.0
5224,722.4,0.0
5225,722.5,0.0
5226,722.6,0.0
5227,722.7,0.0
5228,722.8,0.0
5229,722.9,0.0
5230,723.0,0.0
5231,723.1,0.0
5232,723.2,0.0
5233,723.3,0.0
5234,723.4,0.0
5235,723.5,0.0
5236,723.6,0.0
5237,723.7,0.0
5238,723.8,0.0
5239,723.9,0.0
5240,724.0,0.0
5241,724.1,0.0
5242,724.2,0.0
5243,724.3,0.0
5244,724.4,0.0
5245,724.5,0.0
5246,724.6,0.0
5247,724.7,0.0
5248,724.8,0.0
5249,724.9,0.0
5250,725.0,0.0
5251,725.1,0.0
5252,725.2,0.0
5253,725.3,0.0
5254,725.4,0.0
5255,725.5,0.0
5256,725.6,0.0
5257,725.7,0.0
5258,725.8,0.0
5259,725.9,0.0
5260,726.0,0.0
5261,726.1,0.0
5262,726.2,0.0
5263,726.3,0.0
5264,726.4,0.0
5265,726.5,0.0
5266,726.6,0.0
5267,726.7,0.0
5268,726.8,0.0
5269,726.9,0.0
5270,727.0,0.0
5271,727.1,0.0
5272,727.2,0.0
5273,727.3,0.0
5274,727.4,0.0
5275,727.5,0.0
5276,727.6,0.0
5277,727.7,0.0
5278,727.8,0.0
5279,727.9,0.0
5280,728.0,0.0
5281,728.1,0.0
5282,728.2,0.0
5283,728.3,0.0
5284,728.4,0.0
5285,728.5,0.0
5286,728.6,0.0
5287,728.7,0.0
5288,728.8,0.0
5289,728.9,0.0
5290,729.0,0.0
5291,729.1,0.0
5292,729.2,0.0
5293,729.3,0.0
5294,729.4,0.0
5295,729.5,0.0
5296,729.6,0.0
5297,729.7,0.0
5298,729.8,0.0
5299,729.9,0.0
5300,730.0,0.0
5301,730.1,0.0
5302,730.2,0.0
5303,730.3,0.0
5304,730.4,0.0
5305,730.5,0.0
5306,730.6,0.0
5307,730.7,0.0
5308,730.8,0.0
5309,730.9,0.0
5310,731.0,0.0
5311,731.1,0.0
5312,731.2,0.0
5313,731.3,0.0
5314,731.4,0.0
5315,731.5,0.0
5316,731.6,0.0
5317,731.7,0.0
5318,731.8,0.0
5319,731.9,0.0
5320,732.0,0.0
5321,732.1,0.0
5322,732.2,0.0
5323,732.3,0.001
5324,732.4,0.002
5325,732.5,0.005
5326,732.6,0.016
5327,732.7,0.047
5328,732.8,0.134
5329,732.9,0.363
5330,733.0,0.956
5331,733.1,2.431
5332,733.2,5.97
5333,733.3,14.176
5334,733.4,32.538
5335,733.5,72.162
5336,733.6,154.739
5337,733.7,320.6
5338,733.8,642.1
5339,733.9,1242.65
5340,734.0,2325.273
5341,734.1,4204.636
5342,734.2,7348.612
5343,734.3,12416.026
5344,734.4,20272.272
5345,734.5,31990.487
5346,734.6,48788.491
5347,734.7,71932.169
5348,734.8,102493.104
5349,734.9,141100.0
5350,735.0,187900.0
5351,735.1,241700.0
5352,735.2,300551.894
5353,735.3,361193.636
5354,735.4,419605.608
5355,735.5,471029.258
5356,735.6,511197.821
5357,735.7,536106.744
5358,735.8,543502.829
5359,735.9,532482.478
5360,736.0,504269.136
5361,736.1,461591.099
5362,736.2,408300.0
5363,736.3,349100.0
5364,736.4,288470.72
5365,736.5,230454.321
5366,736.6,177866.758
5367,736.7,132777.681
5368,736.8,95752.29
5369,736.9,66732.942
5370,737.0,44960.051
5371,737.1,29281.523
5372,737.2,18427.661
5373,737.3,11210.288
5374,737.4,6592.0
5375,737.5,3748.0
5376,737.6,2065.0
5377,737.7,1110.377
5378,737.8,602.12
5379,737.9,370.7
5380,738.0,332.442
5381,738.1,475.152
5382,738.2,857.107
5383,738.3,1621.062
5384,738.4,3023.169
5385,738.5,5477.562
5386,738.6,9603.322
5387,738.7,16280.0
5388,738.8,26700.0
5389,738.9,42325.534
5390,739.0,64892.861
5391,739.1,96184.878
5392,739.2,137906.826
5393,739.3,191017.627
5394,739.4,256015.187
5395,739.5,331714.248
5396,739.6,415538.394
5397,739.7,503406.994
5398,739.8,589570.046
5399,739.9,667800.0
5400,740.0,731300.0
5401,740.1,774300.0
5402,740.2,792707.734
5403,740.3,784733.07
5404,740.4,751258.341
5405,740.5,695229.166
5406,740.6,622237.953
5407,740.7,538417.44
5408,740.8,450472.622
5409,740.9,364438.179
5410,741.0,285069.617
5411,741.1,215659.329
5412,741.2,157700.0
5413,741.3,111500.0
5414,741.4,76262.91
5415,741.5,50423.544
5416,741.6,32237.465
5417,741.7,19921.082
5418,741.8,11910.404
5419,741.9,6882.658
5420,742.0,3845.839
5421,742.1,2078.153
5422,742.2,1085.461
5423,742.3,548.436
5424,742.4,267.9
5425,742.5,126.5
5426,742.6,57.8
5427,742.7,25.572
5428,742.8,11.026
5429,742.9,4.78
5430,743.0,2.379
5431,743.1,1.855
5432,743.2,2.493
5433,743.3,4.25
5434,743.4,7.514
5435,743.5,13.032
5436,743.6,21.932
5437,743.7,35.73
5438,743.8,56.31
5439,743.9,85.838
5440,744.0,126.622
5441,744.1,180.611
5442,744.2,249.164
5443,744.3,332.628
5444,744.4,429.488
5445,744.5,536.488
5446,744.6,648.243
5447,744.7,757.718
5448,744.8,856.79
5449,744.9,937.1
5450,745.0,991.5
5451,745.1,1015.0
5452,745.2,1004.851
5453,745.3,962.296
5454,745.4,891.609
5455,745.5,799.013
5456,745.6,692.776
5457,745.7,581.005
5458,745.8,471.343
5459,745.9,369.861
5460,746.0,280.828
5461,746.1,206.207
5462,746.2,146.5
5463,746.3,100.7
5464,746.4,66.922
5465,746.5,43.033
5466,746.6,26.769
5467,746.7,16.103
5468,746.8,9.378
5469,746.9,5.279
5470,747.0,2.876
5471,747.1,1.515
5472,747.2,0.772
5473,747.3,0.381
5474,747.4,0.182
5475,747.5,0.084
5476,747.6,0.037
5477,747.7,0.016
5478,747.8,0.007
5479,747.9,0.003
5480,748.0,0.001
5481,748.1,0.0
5482,748.2,0.0
5483,748.3,0.0
5484,748.4,0.0
5485,748.5,0.0
5486,748.6,0.0
5487,748.7,0.0
5488,748.8,0.0
5489,748.9,0.0
5490,749.0,0.0
5491,749.1,0.0
5492,749.2,0.0
5493,749.3,0.0
5494,749.4,0.0
5495,749.5,0.0
5496,749.6,0.0
5497,749.7,0.0
5498,749.8,0.0
5499,749.9,0.0
5500,750.0,0.0
5501,750.1,0.0
5502,750.2,0.0
5503,750.3,0.0
5504,750.4,0.0
5505,750.5,0.0
5506,750.6,0.0
5507,750.7,0.0
5508,750.8,0.0
5509,750.9,0.0
5510,751.0,0.0
5511,751.1,0.0
5512,751.2,0.0
5513,751.3,0.0
5514,751.4,0.0
5515,751.5,0.0
5516,751.6,0.0
5517,751.7,0.0
5518,751.8,0.0
5519,751.9,0.0
5520,752.0,0.0
5521,752.1,0.0
5522,752.2,0.001
5523,752.3,0.003
5524,752.4,0.007
5525,752.5,0.016
5526,752.6,0.036
5527,752.7,0.078
5528,752.8,0.163
5529,752.9,0.329
5530,753.0,0.642
5531,753.1,1.215
5532,753.2,2.223
5533,753.3,3.94
5534,753.4,6.761
5535,753.5,11.231
5536,753.6,18.063
5537,753.7,28.14
5538,753.8,42.42
5539,753.9,61.926
5540,754.0,87.526
5541,754.1,119.811
5542,754.2,158.658
5543,754.3,203.521
5544,754.4,252.819
5545,754.5,303.938
5546,754.6,353.806
5547,754.7,398.779
5548,754.8,435.159
5549,754.9,459.7
5550,755.0,470.3
5551,755.1,465.7
5552,755.2,446.567
5553,755.3,414.495
5554,755.4,372.602
5555,755.5,324.218
5556,755.6,273.161
5557,755.7,222.834
5558,755.8,176.001
5559,755.9,134.55
5560,756.0,99.607
5561,756.1,71.395
5562,756.2,49.55
5563,756.3,33.29
5564,756.4,21.649
5565,756.5,13.64
5566,756.6,8.314
5567,756.7,4.909
5568,756.8,2.806
5569,756.9,1.553
5570,757.0,0.832
5571,757.1,0.431
5572,757.2,0.217
5573,757.3,0.105
5574,757.4,0.05
5575,757.5,0.023
5576,757.6,0.01
5577,757.7,0.004
5578,757.8,0.002
5579,757.9,0.001
5580,758.0,0.0
5581,758.1,0.0
5582,758.2,0.0
5583,758.3,0.0
5584,758.4,0.0
5585,758.5,0.0
5586,758.6,0.0
5587,758.7,0.0
5588,758.8,0.0
5589,758.9,0.0
5590,759.0,0.0
5591,759.1,0.0
5592,759.2,0.0
5593,759.3,0.0
5594,759.4,0.0
5595,759.5,0.0
5596,759.6,0.0
5597,759.7,0.0
5598,759.8,0.0
5599,759.9,0.0
5600,760.0,0.0
5601,760.1,0.0
5602,760.2,0.0
5603,760.3,0.0
5604,760.4,0.0
5605,760.5,0.0
5606,760.6,0.0
5607,760.7,0.0
5608,760.8,0.0
5609,760.9,0.0
5610,761.0,0.0
5611,761.1,0.0
5612,761.2,0.0
5613,761.3,0.0
5614,761.4,0.0
5615,761.5,0.0
5616,761.6,0.0
5617,761.7,0.0
5618,761.8,0.0
5619,761.9,0.0
5620,762.0,0.0
5621,762.1,0.0
5622,762.2,0.0
5623,762.3,0.0
5624,762.4,0.0
5625,762.5,0.0
5626,762.6,0.0
5627,762.7,0.0
5628,762.8,0.0
5629,762.9,0.0
5630,763.0,0.0
5631,763.1,0.0
5632,763.2,0.0
5633,763.3,0.0
5634,763.4,0.0
5635,763.5,0.0
5636,763.6,0.0
5637,763.7,0.0
5638,763.8,0.0
5639,763.9,0.0
5640,764.0,0.0
5641,764.1,0.0
5642,764.2,0.0
5643,764.3,0.0
5644,764.4,0.0
5645,764.5,0.0
5646,764.6,0.0
5647,764.7,0.0
5648,764.8,0.0
5649,764.9,0.0
5650,765.0,0.0
5651,765.1,0.0
5652,765.2,0.0
5653,765.3,0.0
5654,765.4,0.0
5655,765.5,0.0
5656,765.6,0.0
5657,765.7,0.0
5658,765.8,0.0
5659,765.9,0.0
5660,766.0,0.0
5661,766.1,0.0
5662,766.2,0.0
5663,766.3,0.0
5664,766.4,0.0
5665,766.5,0.0
5666,766.6,0.0
5667,766.7,0.0
5668,766.8,0.0
5669,766.9,0.0
5670,767.0,0.0
5671,767.1,0.0
5672,767.2,0.0
5673,767.3,0.0
5674,767.4,0.0
5675,767.5,0.0
5676,767.6,0.0
5677,767.7,0.0
5678,767.8,0.0
5679,767.9,0.0
5680,768.0,0.0
5681,768.1,0.0
5682,768.2,0.0
5683,768.3,0.0
5684,768.4,0.0
5685,768.5,0.0
5686,768.6,0.0
5687,768.7,0.0
5688,768.8,0.0
5689,768.9,0.0
5690,769.0,0.0
5691,769.1,0.0
5692,769.2,0.0
5693,769.3,0.0
5694,769.4,0.0
5695,769.5,0.0
5696,769.6,0.0
5697,769.7,0.0
5698,769.8,0.0
5699,769.9,0.0
5700,770.0,0.0
5701,770.1,0.0
5702,770.2,0.0
5703,770.3,0.0
5704,770.4,0.0
5705,770.5,0.0
5706,770.6,0.001
5707,770.7,0.003
5708,770.8,0.01
5709,770.9,0.029
5710,771.0,0.081
5711,771.1,0.222
5712,771.2,0.591
5713,771.3,1.522
5714,771.4,3.805
5715,771.5,9.223
5716,771.6,21.677
5717,771.7,49.402
5718,771.8,109.2
5719,771.9,234.063
5720,772.0,486.482
5721,772.1,980.567
5722,772.2,1916.647
5723,772.3,3632.323
5724,772.4,6676.0
5725,772.5,11900.0
5726,772.6,20570.0
5727,772.7,34474.26
5728,772.8,56030.086
5729,772.9,88307.029
5730,773.0,134978.271
5731,773.1,200005.687
5732,773.2,287453.264
5733,773.3,400711.728
5734,773.4,541553.259
5735,773.5,709793.577
5736,773.6,902069.919
5737,773.7,1112000.0
5738,773.8,1329000.0
5739,773.9,1539718.831
5740,774.0,1730599.193
5741,774.1,1886966.107
5742,774.2,1994403.975
5743,774.3,2043478.626
5744,774.4,2030654.046
5745,774.5,1957428.466
5746,774.6,1829426.741
5747,774.7,1658445.045
5748,774.8,1456971.187
5749,774.9,1242000.0
5750,775.0,1026000.0
5751,775.1,822700.0
5752,775.2,639362.864
5753,775.3,481836.255
5754,775.4,352142.499
5755,775.5,249556.738
5756,775.6,171575.964
5757,775.7,114316.824
5758,775.8,73884.322
5759,775.9,46306.968
5760,776.0,28142.098
5761,776.1,16586.015
5762,776.2,9478.0
5763,776.3,5253.0
5764,776.4,2823.492
5765,776.5,1471.035
5766,776.6,743.512
5767,776.7,364.399
5768,776.8,173.181
5769,776.9,79.887
5770,777.0,35.823
5771,777.1,15.872
5772,777.2,7.565
5773,777.3,5.309
5774,777.4,7.471
5775,777.5,15.44
5776,777.6,34.32
5777,777.7,75.353
5778,777.8,160.984
5779,777.9,334.022
5780,778.0,672.199
5781,778.1,1312.41
5782,778.2,2485.65
5783,778.3,4568.612
5784,778.4,8145.442
5785,778.5,14093.966
5786,778.6,23642.52
5787,778.7,38500.0
5788,778.8,60810.0
5789,778.9,93191.8
5790,779.0,138538.562
5791,779.1,199896.49
5792,779.2,279730.939
5793,779.3,379735.928
5794,779.4,500216.201
5795,779.5,639236.35
5796,779.6,792520.67
5797,779.7,953320.914
5798,779.8,1112468.31
5799,779.9,1259000.0
5800,780.0,1383000.0
5801,780.1,1474000.0
5802,780.2,1524418.466
5803,780.3,1528978.767
5804,780.4,1487322.566
5805,780.5,1403970.087
5806,780.6,1286195.899
5807,780.7,1143019.807
5808,780.8,985755.11
5809,780.9,824306.78
5810,781.0,668946.315
5811,781.1,526622.83
5812,781.2,402200.0
5813,781.3,298100.0
5814,781.4,214295.172
5815,781.5,149435.94
5816,781.6,101144.976
5817,781.7,66393.544
5818,781.8,42287.938
5819,781.9,26129.567
5820,782.0,15670.423
5821,782.1,9111.952
5822,782.2,5140.833
5823,782.3,2814.104
5824,782.4,1495.0
5825,782.5,770.3
5826,782.6,385.1
5827,782.7,186.738
5828,782.8,87.869
5829,782.9,40.112
5830,783.0,17.766
5831,783.1,7.634
5832,783.2,3.182
5833,783.3,1.287
5834,783.4,0.505
5835,783.5,0.192
5836,783.6,0.071
5837,783.7,0.025
5838,783.8,0.009
5839,783.9,0.003
5840,784.0,0.001
5841,784.1,0.0
5842,784.2,0.0
5843,784.3,0.0
5844,784.4,0.0
5845,784.5,0.0
5846,784.6,0.0
5847,784.7,0.0
5848,784.8,0.0
5849,784.9,0.0
5850,785.0,0.0
5851,785.1,0.0
5852,785.2,0.0
5853,785.3,0.0
5854,785.4,0.0
5855,785.5,0.0
5856,785.6,0.0
5857,785.7,0.0
5858,785.8,0.0
5859,785.9,0.0
5860,786.0,0.0
5861,786.1,0.0
5862,786.2,0.0
5863,786.3,0.0
5864,786.4,0.0
5865,786.5,0.0
5866,786.6,0.0
5867,786.7,0.0
5868,786.8,0.0
5869,786.9,0.0
5870,787.0,0.0
5871,787.1,0.0
5872,787.2,0.0
5873,787.3,0.0
5874,787.4,0.0
5875,787.5,0.0
5876,787.6,0.0
5877,787.7,0.0
5878,787.8,0.0
5879,787.9,0.0
5880,788.0,0.0
5881,788.1,0.0
5882,788.2,0.0
5883,788.3,0.0
5884,788.4,0.0
5885,788.5,0.0
5886,788.6,0.0
5887,788.7,0.0
5888,788.8,0.0
5889,788.9,0.0
5890,789.0,0.0
5891,789.1,0.0
5892,789.2,0.0
5893,789.3,0.0
5894,789.4,0.0
5895,789.5,0.0
5896,789.6,0.0
5897,789.7,0.0
5898,789.8,0.0
5899,789.9,0.0
5900,790.0,0.0
5901,790.1,0.0
5902,790.2,0.0
5903,790.3,0.0
5904,790.4,0.0
5905,790.5,0.0
5906,790.6,0.0
5907,790.7,0.0
5908,790.8,0.0
5909,790.9,0.0
5910,791.0,0.0
5911,791.1,0.0
5912,791.2,0.0
5913,791.3,0.0
5914,791.4,0.0
5915,791.5,0.0
5916,791.6,0.0
5917,791.7,0.0
5918,791.8,0.0
5919,791.9,0.0
5920,792.0,0.0
5921,792.1,0.0
5922,792.2,0.0
5923,792.3,0.0
5924,792.4,0.0
5925,792.5,0.0
5926,792.6,0.0
5927,792.7,0.0
5928,792.8,0.0
5929,792.9,0.0
5930,793.0,0.0
5931,793.1,0.0
5932,793.2,0.0
5933,793.3,0.0
5934,793.4,0.0
5935,793.5,0.0
5936,793.6,0.0
5937,793.7,0.0
5938,793.8,0.0
5939,793.9,0.0
5940,794.0,0.0
5941,794.1,0.0
5942,794.2,0.0
5943,794.3,0.0
5944,794.4,0.0
5945,794.5,0.0
5946,794.6,0.0
5947,794.7,0.0
5948,794.8,0.0
5949,794.9,0.0
5950,795.0,0.0
5951,795.1,0.0
5952,795.2,0.0
5953,795.3,0.0
5954,795.4,0.0
5955,795.5,0.0
5956,795.6,0.0
5957,795.7,0.0
5958,795.8,0.0
5959,795.9,0.0
5960,796.0,0.0
5961,796.1,0.0
5962,796.2,0.0
5963,796.3,0.0
5964,796.4,0.0
5965,796.5,0.0
5966,796.6,0.0
5967,796.7,0.0
5968,796.8,0.0
5969,796.9,0.0
5970,797.0,0.0
5971,797.1,0.0
5972,797.2,0.0
5973,797.3,0.0
5974,797.4,0.0
5975,797.5,0.0
5976,797.6,0.0
5977,797.7,0.0
5978,797.8,0.0
5979,797.9,0.0
5980,798.0,0.0
5981,798.1,0.0
5982,798.2,0.0
5983,798.3,0.0
5984,798.4,0.0
5985,798.5,0.0
5986,798.6,0.0
5987,798.7,0.0
5988,798.8,0.0
5989,798.9,0.0
5990,799.0,0.0
5991,799.1,0.0
5992,799.2,0.0
5993,799.3,0.0
5994,799.4,0.0
5995,799.5,0.0
5996,799.6,0.0
5997,799.7,0.0
5998,799.8,0.0
5999,799.9,0.0
6000,800.0,0.0
6001,800.1,0.0
6002,800.2,0.0
6003,800.3,0.0
6004,800.4,0.0
6005,800.5,0.0
6006,800.6,0.0
6007,800.7,0.0
6008,800.8,0.0
6009,800.9,0.0
6010,801.0,0.0
6011,801.1,0.0
6012,801.2,0.0
6013,801.3,0.0
6014,801.4,0.0
6015,801.5,0.0
6016,801.6,0.0
6017,801.7,0.0
6018,801.8,0.0
6019,801.9,0.0
6020,802.0,0.0
6021,802.1,0.0
6022,802.2,0.0
6023,802.3,0.0
6024,802.4,0.0
6025,802.5,0.0
6026,802.6,0.0
6027,802.7,0.0
6028,802.8,0.0
6029,802.9,0.0
6030,803.0,0.0
6031,803.1,0.0
6032,803.2,0.0
6033,803.3,0.0
6034,803.4,0.0
6035,803.5,0.0
6036,803.6,0.0
6037,803.7,0.0
6038,803.8,0.0
6039,803.9,0.0
6040,804.0,0.0
6041,804.1,0.0
6042,804.2,0.0
6043,804.3,0.0
6044,804.4,0.0
6045,804.5,0.0
6046,804.6,0.0
6047,804.7,0.0
6048,804.8,0.0
6049,804.9,0.0
6050,805.0,0.0
6051,805.1,0.0
6052,805.2,0.0
6053,805.3,0.0
6054,805.4,0.0
6055,805.5,0.0
6056,805.6,0.0
6057,805.7,0.0
6058,805.8,0.0
6059,805.9,0.0
6060,806.0,0.0
6061,806.1,0.0
6062,806.2,0.0
6063,806.3,0.0
6064,806.4,0.0
6065,806.5,0.0
6066,806.6,0.0
6067,806.7,0.0
6068,806.8,0.0
6069,806.9,0.0
6070,807.0,0.0
6071,807.1,0.0
6072,807.2,0.0
6073,807.3,0.0
6074,807.4,0.0
6075,807.5,0.0
6076,807.6,0.0
6077,807.7,0.0
6078,807.8,0.0
6079,807.9,0.0
6080,808.0,0.0
6081,808.1,0.0
6082,808.2,0.0
6083,808.3,0.0
6084,808.4,0.0
6085,808.5,0.0
6086,808.6,0.0
6087,808.7,0.0
6088,808.8,0.0
6089,808.9,0.0
6090,809.0,0.0
6091,809.1,0.0
6092,809.2,0.0
6093,809.3,0.0
6094,809.4,0.0
6095,809.5,0.0
6096,809.6,0.0
6097,809.7,0.0
6098,809.8,0.0
6099,809.9,0.0
6100,810.0,0.0
6101,810.1,0.0
6102,810.2,0.0
6103,810.3,0.0
6104,810.4,0.0
6105,810.5,0.0
6106,810.6,0.0
6107,810.7,0.0
6108,810.8,0.0
6109,810.9,0.0
6110,811.0,0.0
6111,811.1,0.0
6112,811.2,0.0
6113,811.3,0.0
6114,811.4,0.0
6115,811.5,0.0
6116,811.6,0.0
6117,811.7,0.0
6118,811.8,0.0
6119,811.9,0.0
6120,812.0,0.0
6121,812.1,0.0
6122,812.2,0.0
6123,812.3,0.0
6124,812.4,0.0
6125,812.5,0.0
6126,812.6,0.0
6127,812.7,0.0
6128,812.8,0.0
6129,812.9,0.0
6130,813.0,0.0
6131,813.1,0.0
6132,813.2,0.0
6133,813.3,0.0
6134,813.4,0.0
6135,813.5,0.0
6136,813.6,0.0
6137,813.7,0.0
6138,813.8,0.0
6139,813.9,0.0
6140,814.0,0.0
6141,814.1,0.0
6142,814.2,0.0
6143,814.3,0.0
6144,814.4,0.0
6145,814.5,0.0
6146,814.6,0.0
6147,814.7,0.0
6148,814.8,0.0
6149,814.9,0.0
6150,815.0,0.0
6151,815.1,0.0
6152,815.2,0.0
6153,815.3,0.0
6154,815.4,0.0
6155,815.5,0.0
6156,815.6,0.0
6157,815.7,0.0
6158,815.8,0.0
6159,815.9,0.0
6160,816.0,0.0
6161,816.1,0.0
6162,816.2,0.0
6163,816.3,0.0
6164,816.4,0.0
6165,816.5,0.0
6166,816.6,0.0
6167,816.7,0.0
6168,816.8,0.0
6169,816.9,0.0
6170,817.0,0.0
6171,817.1,0.0
6172,817.2,0.0
6173,817.3,0.0
6174,817.4,0.0
6175,817.5,0.0
6176,817.6,0.0
6177,817.7,0.0
6178,817.8,0.0
6179,817.9,0.0
6180,818.0,0.0
6181,818.1,0.0
6182,818.2,0.0
6183,818.3,0.0
6184,818.4,0.0
6185,818.5,0.0
6186,818.6,0.0
6187,818.7,0.0
6188,818.8,0.0
6189,818.9,0.0
6190,819.0,0.0
6191,819.1,0.0
6192,819.2,0.0
6193,819.3,0.0
6194,819.4,0.0
6195,819.5,0.0
6196,819.6,0.0
6197,819.7,0.0
6198,819.8,0.0
6199,819.9,0.0
6200,820.0,0.0
6201,820.1,0.0
6202,820.2,0.0
6203,820.3,0.0
6204,820.4,0.0
6205,820.5,0.0
6206,820.6,0.0
6207,820.7,0.0
6208,820.8,0.0
6209,820.9,0.0
6210,821.0,0.0
6211,821.1,0.0
6212,821.2,0.0
6213,821.3,0.0
6214,821.4,0.0
6215,821.5,0.0
6216,821.6,0.0
6217,821.7,0.0
6218,821.8,0.0
6219,821.9,0.0
6220,822.0,0.0
6221,822.1,0.0
6222,822.2,0.0
6223,822.3,0.0
6224,822.4,0.0
6225,822.5,0.0
6226,822.6,0.0
6227,822.7,0.0
6228,822.8,0.0
6229,822.9,0.0
6230,823.0,0.0
6231,823.1,0.0
6232,823.2,0.0
6233,823.3,0.0
6234,823.4,0.0
6235,823.5,0.0
6236,823.6,0.0
6237,823.7,0.0
6238,823.8,0.0
6239,823.9,0.0
6240,824.0,0.0
6241,824.1,0.0
6242,824.2,0.0
6243,824.3,0.0
6244,824.4,0.0
6245,824.5,0.0
6246,824.6,0.0
6247,824.7,0.0
6248,824.8,0.0
6249,824.9,0.0
6250,825.0,0.0
6251,825.1,0.0
6252,825.2,0.0
6253,825.3,0.0
6254,825.4,0.0
6255,825.5,0.0
6256,825.6,0.0
6257,825.7,0.0
6258,825.8,0.0
6259,825.9,0.0
6260,826.0,0.0
6261,826.1,0.0
6262,826.2,0.0
6263,826.3,0.0
6264,826.4,0.0
6265,826.5,0.0
6266,826.6,0.0
6267,826.7,0.0
6268,826.8,0.0
6269,826.9,0.0
6270,827.0,0.0
6271,827.1,0.0
6272,827.2,0.0
6273,827.3,0.0
6274,827.4,0.0
6275,827.5,0.0
6276,827.6,0.0
6277,827.7,0.0
6278,827.8,0.0
6279,827.9,0.0
6280,828.0,0.0
6281,828.1,0.0
6282,828.2,0.0
6283,828.3,0.0
6284,828.4,0.0
6285,828.5,0.0
6286,828.6,0.0
6287,828.7,0.0
6288,828.8,0.0
6289,828.9,0.0
6290,829.0,0.0
6291,829.1,0.0
6292,829.2,0.0
6293,829.3,0.0
6294,829.4,0.0
6295,829.5,0.0
6296,829.6,0.0
6297,829.7,0.0
6298,829.8,0.0
6299,829.9,0.0
6300,830.0,0.0
6301,830.1,0.0
6302,830.2,0.0
6303,830.3,0.0
6304,830.4,0.0
6305,830.5,0.0
6306,830.6,0.0
6307,830.7,0.0
6308,830.8,0.0
6309,830.9,0.0
6310,831.0,0.0
6311,831.1,0.0
6312,831.2,0.0
6313,831.3,0.0
6314,831.4,0.0
6315,831.5,0.0
6316,831.6,0.0
6317,831.7,0.0
6318,831.8,0.0
6319,831.9,0.0
6320,832.0,0.0
6321,832.1,0.0
6322,832.2,0.0
6323,832.3,0.0
6324,832.4,0.0
6325,832.5,0.0
6326,832.6,0.0
6327,832.7,0.0
6328,832.8,0.0
6329,832.9,0.0
6330,833.0,0.0
6331,833.1,0.0
6332,833.2,0.0
6333,833.3,0.0
6334,833.4,0.0
6335,833.5,0.0
6336,833.6,0.0
6337,833.7,0.0
6338,833.8,0.0
6339,833.9,0.0
6340,834.0,0.0
6341,834.1,0.0
6342,834.2,0.0
6343,834.3,0.0
6344,834.4,0.0
6345,834.5,0.0
6346,834.6,0.0
6347,834.7,0.0
6348,834.8,0.0
6349,834.9,0.0
6350,835.0,0.0
6351,835.1,0.0
6352,835.2,0.0
6353,835.3,0.0
6354,835.4,0.0
6355,835.5,0.0
6356,835.6,0.0
6357,835.7,0.0
6358,835.8,0.0
6359,835.9,0.0
6360,836.0,0.0
6361,836.1,0.0
6362,836.2,0.0
6363,836.3,0.0
6364,836.4,0.0
6365,836.5,0.0
6366,836.6,0.0
6367,836.7,0.0
6368,836.8,0.0
6369,836.9,0.0
6370,837.0,0.0
6371,837.1,0.0
6372,837.2,0.0
6373,837.3,0.0
6374,837.4,0.0
6375,837.5,0.0
6376,837.6,0.0
6377,837.7,0.0
6378,837.8,0.0
6379,837.9,0.0
6380,838.0,0.0
6381,838.1,0.0
6382,838.2,0.0
6383,838.3,0.0
6384,838.4,0.0
6385,838.5,0.0
6386,838.6,0.0
6387,838.7,0.0
6388,838.8,0.0
6389,838.9,0.0
6390,839.0,0.0
6391,839.1,0.0
6392,839.2,0.0
6393,839.3,0.0
6394,839.4,0.0
6395,839.5,0.0
6396,839.6,0.0
6397,839.7,0.0
6398,839.8,0.0
6399,839.9,0.0
6400,840.0,0.0
6401,840.1,0.0
6402,840.2,0.0
6403,840.3,0.0
6404,840.4,0.0
6405,840.5,0.0
6406,840.6,0.0
6407,840.7,0.0
6408,840.8,0.0
6409,840.9,0.0
6410,841.0,0.0
6411,841.1,0.0
6412,841.2,0.0
6413,841.3,0.0
6414,841.4,0.0
6415,841.5,0.0
6416,841.6,0.0
6417,841.7,0.0
6418,841.8,0.0
6419,841.9,0.0
6420,842.0,0.0
6421,842.1,0.0
6422,842.2,0.0
6423,842.3,0.0
6424,842.4,0.0
6425,842.5,0.0
6426,842.6,0.0
6427,842.7,0.0
6428,842.8,0.0
6429,842.9,0.0
6430,843.0,0.0
6431,843.1,0.0
6432,843.2,0.0
6433,843.3,0.0
6434,843.4,0.0
6435,843.5,0.0
6436,843.6,0.0
6437,843.7,0.0
6438,843.8,0.0
6439,843.9,0.0
6440,844.0,0.0
6441,844.1,0.0
6442,844.2,0.0
6443,844.3,0.0
6444,844.4,0.0
6445,844.5,0.0
6446,844.6,0.0
6447,844.7,0.0
6448,844.8,0.0
6449,844.9,0.0
6450,845.0,0.0
6451,845.1,0.0
6452,845.2,0.0
6453,845.3,0.0
6454,845.4,0.0
6455,845.5,0.0
6456,845.6,0.0
6457,845.7,0.0
6458,845.8,0.0
6459,845.9,0.0
6460,846.0,0.0
6461,846.1,0.0
6462,846.2,0.0
6463,846.3,0.0
6464,846.4,0.0
6465,846.5,0.0
6466,846.6,0.0
6467,846.7,0.0
6468,846.8,0.0
6469,846.9,0.0
6470,847.0,0.0
6471,847.1,0.0
6472,847.2,0.0
6473,847.3,0.0
6474,847.4,0.0
6475,847.5,0.0
6476,847.6,0.0
6477,847.7,0.0
6478,847.8,0.0
6479,847.9,0.0
6480,848.0,0.0
6481,848.1,0.0
6482,848.2,0.0
6483,848.3,0.0
6484,848.4,0.0
6485,848.5,0.0
6486,848.6,0.0
6487,848.7,0.0
6488,848.8,0.0
6489,848.9,0.0
6490,849.0,0.0
6491,849.1,0.0
6492,849.2,0.0
6493,849.3,0.0
6494,849.4,0.0
6495,849.5,0.0
6496,849.6,0.0
6497,849.7,0.0
6498,849.8,0.0
6499,849.9,0.0
6500,850.0,0.0
6501,850.1,0.0
6502,850.2,0.0
6503,850.3,0.0
6504,850.4,0.0
6505,850.5,0.0
6506,850.6,0.0
6507,850.7,0.0
6508,850.8,0.0
6509,850.9,0.0
6510,851.0,0.0
6511,851.1,0.0
6512,851.2,0.0
6513,851.3,0.0
6514,851.4,0.0
6515,851.5,0.0
6516,851.6,0.0
6517,851.7,0.0
6518,851.8,0.0
6519,851.9,0.0
6520,852.0,0.0
6521,852.1,0.0
6522,852.2,0.0
6523,852.3,0.0
6524,852.4,0.0
6525,852.5,0.0
6526,852.6,0.0
6527,852.7,0.0
6528,852.8,0.0
6529,852.9,0.0
6530,853.0,0.0
6531,853.1,0.0
6532,853.2,0.0
6533,853.3,0.0
6534,853.4,0.0
6535,853.5,0.0
6536,853.6,0.0
6537,853.7,0.0
6538,853.8,0.0
6539,853.9,0.0
6540,854.0,0.0
6541,854.1,0.0
6542,854.2,0.0
6543,854.3,0.0
6544,854.4,0.0
6545,854.5,0.0
6546,854.6,0.0
6547,854.7,0.0
6548,854.8,0.0
6549,854.9,0.0
6550,855.0,0.0
6551,855.1,0.0
6552,855.2,0.0
6553,855.3,0.0
6554,855.4,0.0
6555,855.5,0.0
6556,855.6,0.0
6557,855.7,0.0
6558,855.8,0.0
6559,855.9,0.0
6560,856.0,0.0
6561,856.1,0.0
6562,856.2,0.0
6563,856.3,0.0
6564,856.4,0.0
6565,856.5,0.0
6566,856.6,0.0
6567,856.7,0.0
6568,856.8,0.0
6569,856.9,0.0
6570,857.0,0.0
6571,857.1,0.0
6572,857.2,0.0
6573,857.3,0.0
6574,857.4,0.0
6575,857.5,0.0
6576,857.6,0.0
6577,857.7,0.0
6578,857.8,0.0
6579,857.9,0.0
6580,858.0,0.0
6581,858.1,0.0
6582,858.2,0.0
6583,858.3,0.0
6584,858.4,0.0
6585,858.5,0.0
6586,858.6,0.0
6587,858.7,0.0
6588,858.8,0.0
6589,858.9,0.0
6590,859.0,0.0
6591,859.1,0.0
6592,859.2,0.0
6593,859.3,0.0
6594,859.4,0.0
6595,859.5,0.0
6596,859.6,0.0
6597,859.7,0.0
6598,859.8,0.0
6599,859.9,0.0
6600,860.0,0.0
6601,860.1,0.0
6602,860.2,0.0
6603,860.3,0.0
6604,860.4,0.0
6605,860.5,0.0
6606,860.6,0.0
6607,860.7,0.0
6608,860.8,0.0
6609,860.9,0.0
6610,861.0,0.0
6611,861.1,0.0
6612,861.2,0.0
6613,861.3,0.0
6614,861.4,0.0
6615,861.5,0.0
6616,861.6,0.0
6617,861.7,0.0
6618,861.8,0.0
6619,861.9,0.0
6620,862.0,0.0
6621,862.1,0.0
6622,862.2,0.0
6623,862.3,0.0
6624,862.4,0.0
6625,862.5,0.0
6626,862.6,0.0
6627,862.7,0.0
6628,862.8,0.0
6629,862.9,0.0
6630,863.0,0.0
6631,863.1,0.0
6632,863.2,0.0
6633,863.3,0.0
6634,863.4,0.0
6635,863.5,0.0
6636,863.6,0.0
6637,863.7,0.0
6638,863.8,0.0
6639,863.9,0.0
6640,864.0,0.0
6641,864.1,0.0
6642,864.2,0.0
6643,864.3,0.0
6644,864.4,0.0
6645,864.5,0.0
6646,864.6,0.0
6647,864.7,0.0
6648,864.8,0.0
6649,864.9,0.0
6650,865.0,0.0
6651,865.1,0.0
6652,865.2,0.0
6653,865.3,0.0
6654,865.4,0.0
6655,865.5,0.0
6656,865.6,0.0
6657,865.7,0.0
6658,865.8,0.0
6659,865.9,0.0
6660,866.0,0.0
6661,866.1,0.0
6662,866.2,0.0
6663,866.3,0.0
6664,866.4,0.0
6665,866.5,0.0
6666,866.6,0.0
6667,866.7,0.0
6668,866.8,0.0
6669,866.9,0.0
6670,867.0,0.0
6671,867.1,0.0
6672,867.2,0.0
6673,867.3,0.0
6674,867.4,0.0
6675,867.5,0.0
6676,867.6,0.0
6677,867.7,0.0
6678,867.8,0.0
6679,867.9,0.0
6680,868.0,0.0
6681,868.1,0.0
6682,868.2,0.0
6683,868.3,0.0
6684,868.4,0.0
6685,868.5,0.0
6686,868.6,0.0
6687,868.7,0.0
6688,868.8,0.0
6689,868.9,0.0
6690,869.0,0.0
6691,869.1,0.0
6692,869.2,0.0
6693,869.3,0.0
6694,869.4,0.0
6695,869.5,0.0
6696,869.6,0.0
6697,869.7,0.0
6698,869.8,0.0
6699,869.9,0.0
6700,870.0,0.0
6701,870.1,0.0
6702,870.2,0.0
6703,870.3,0.0
6704,870.4,0.0
6705,870.5,0.0
6706,870.6,0.0
6707,870.7,0.0
6708,870.8,0.0
6709,870.9,0.0
6710,871.0,0.0
6711,871.1,0.0
6712,871.2,0.0
6713,871.3,0.0
6714,871.4,0.0
6715,871.5,0.0
6716,871.6,0.0
6717,871.7,0.0
6718,871.8,0.0
6719,871.9,0.0
6720,872.0,0.0
6721,872.1,0.0
6722,872.2,0.0
6723,872.3,0.0
6724,872.4,0.0
6725,872.5,0.0
6726,872.6,0.0
6727,872.7,0.0
6728,872.8,0.0
6729,872.9,0.0
6730,873.0,0.0
6731,873.1,0.0
6732,873.2,0.0
6733,873.3,0.0
6734,873.4,0.0
6735,873.5,0.0
6736,873.6,0.0
6737,873.7,0.0
6738,873.8,0.0
6739,873.9,0.0
6740,874.0,0.0
6741,874.1,0.0
6742,874.2,0.0
6743,874.3,0.0
6744,874.4,0.0
6745,874.5,0.0
6746,874.6,0.0
6747,874.7,0.0
6748,874.8,0.0
6749,874.9,0.0
6750,875.0,0.0
6751,875.1,0.0
6752,875.2,0.0
6753,875.3,0.0
6754,875.4,0.0
6755,875.5,0.0
6756,875.6,0.0
6757,875.7,0.0
6758,875.8,0.0
6759,875.9,0.0
6760,876.0,0.0
6761,876.1,0.0
6762,876.2,0.0
6763,876.3,0.0
6764,876.4,0.0
6765,876.5,0.0
6766,876.6,0.0
6767,876.7,0.0
6768,876.8,0.0
6769,876.9,0.0
6770,877.0,0.0
6771,877.1,0.0
6772,877.2,0.0
6773,877.3,0.0
6774,877.4,0.0
6775,877.5,0.0
6776,877.6,0.0
6777,877.7,0.0
6778,877.8,0.0
6779,877.9,0.0
6780,878.0,0.0
6781,878.1,0.0
6782,878.2,0.0
6783,878.3,0.0
6784,878.4,0.0
6785,878.5,0.0
6786,878.6,0.0
6787,878.7,0.001
6788,878.8,0.002
6789,878.9,0.004
6790,879.0,0.007
6791,879.1,0.014
6792,879.2,0.025
6793,879.3,0.045
6794,879.4,0.077
6795,879.5,0.131
6796,879.6,0.215
6797,879.7,0.347
6798,879.8,0.545
6799,879.9,0.838
6800,880.0,1.257
6801,880.1,1.841
6802,880.2,2.634
6803,880.3,3.681
6804,880.4,5.023
6805,880.5,6.694
6806,880.6,8.713
6807,880.7,11.079
6808,880.8,13.761
6809,880.9,16.692
6810,881.0,19.795
6811,881.1,22.943
6812,881.2,26.01
6813,881.3,28.84
6814,881.4,31.316
6815,881.5,33.336
6816,881.6,34.838
6817,881.7,35.821
6818,881.8,36.353
6819,881.9,36.536
6820,882.0,36.508
6821,882.1,36.47
6822,882.2,36.582
6823,882.3,36.988
6824,882.4,37.79
6825,882.5,39.01
6826,882.6,40.6
6827,882.7,42.448
6828,882.8,44.362
6829,882.9,46.128
6830,883.0,47.516
6831,883.1,48.311
6832,883.2,48.338
6833,883.3,47.5
6834,883.4,45.757
6835,883.5,43.177
6836,883.6,39.86
6837,883.7,35.98
6838,883.8,31.76
6839,883.9,27.396
6840,884.0,23.09
6841,884.1,19.008
6842,884.2,15.294
6843,884.3,12.028
6844,884.4,9.246
6845,884.5,6.957
6846,884.6,5.143
6847,884.7,3.761
6848,884.8,2.764
6849,884.9,2.104
6850,885.0,1.744
6851,885.1,1.655
6852,885.2,1.825
6853,885.3,2.255
6854,885.4,2.959
6855,885.5,3.956
6856,885.6,5.272
6857,885.7,6.921
6858,885.8,8.909
6859,885.9,11.224
6860,886.0,13.82
6861,886.1,16.628
6862,886.2,19.54
6863,886.3,22.44
6864,886.4,25.171
6865,886.5,27.572
6866,886.6,29.518
6867,886.7,30.862
6868,886.8,31.519
6869,886.9,31.443
6870,887.0,30.644
6871,887.1,29.176
6872,887.2,27.133
6873,887.3,24.646
6874,887.4,21.87
6875,887.5,18.95
6876,887.6,16.05
6877,887.7,13.276
6878,887.8,10.72
6879,887.9,8.465
6880,888.0,6.525
6881,888.1,4.914
6882,888.2,3.615
6883,888.3,2.597
6884,888.4,1.823
6885,888.5,1.251
6886,888.6,0.838
6887,888.7,0.548
6888,888.8,0.35
6889,888.9,0.219
6890,889.0,0.133
6891,889.1,0.079
6892,889.2,0.046
6893,889.3,0.026
6894,889.4,0.015
6895,889.5,0.008
6896,889.6,0.004
6897,889.7,0.002
6898,889.8,0.001
6899,889.9,0.001
6900,890.0,0.0
6901,890.1,0.0
6902,890.2,0.0
6903,890.3,0.0
6904,890.4,0.0
6905,890.5,0.0
6906,890.6,0.0
6907,890.7,0.0
6908,890.8,0.0
6909,890.9,0.0
6910,891.0,0.0
6911,891.1,0.0
6912,891.2,0.0
6913,891.3,0.0
6914,891.4,0.0
6915,891.5,0.0
6916,891.6,0.0
6917,891.7,0.0
6918,891.8,0.0
6919,891.9,0.0
6920,892.0,0.0
6921,892.1,0.0
6922,892.2,0.0
6923,892.3,0.0
6924,892.4,0.0
6925,892.5,0.0
6926,892.6,0.0
6927,892.7,0.0
6928,892.8,0.0
6929,892.9,0.0
6930,893.0,0.0
6931,893.1,0.0
6932,893.2,0.0
6933,893.3,0.0
6934,893.4,0.0
6935,893.5,0.0
6936,893.6,0.0
6937,893.7,0.0
6938,893.8,0.0
6939,893.9,0.0
6940,894.0,0.0
6941,894.1,0.0
6942,894.2,0.0
6943,894.3,0.0
6944,894.4,0.0
6945,894.5,0.0
6946,894.6,0.0
6947,894.7,0.0
6948,894.8,0.0
6949,894.9,0.0
6950,895.0,0.0
6951,895.1,0.0
6952,895.2,0.0
6953,895.3,0.0
6954,895.4,0.0
6955,895.5,0.0
6956,895.6,0.0
6957,895.7,0.0
6958,895.8,0.0
6959,895.9,0.0
6960,896.0,0.0
6961,896.1,0.0
6962,896.2,0.0
6963,896.3,0.0
6964,896.4,0.0
6965,896.5,0.0
6966,896.6,0.0
6967,896.7,0.0
6968,896.8,0.0
6969,896.9,0.0
6970,897.0,0.0
6971,897.1,0.0
6972,897.2,0.0
6973,897.3,0.0
6974,897.4,0.0
6975,897.5,0.0
6976,897.6,0.0
6977,897.7,0.0
6978,897.8,0.0
6979,897.9,0.0
6980,898.0,0.0
6981,898.1,0.0
6982,898.2,0.0
6983,898.3,0.0
6984,898.4,0.0
6985,898.5,0.0
6986,898.6,0.0
6987,898.7,0.0
6988,898.8,0.0
6989,898.9,0.0
6990,899.0,0.0
6991,899.1,0.0
6992,899.2,0.0
6993,899.3,0.0
6994,899.4,0.0
6995,899.5,0.0
6996,899.6,0.0
6997,899.7,0.0
6998,899.8,0.0
6999,899.9,0.0
7000,900.0,0.0
7001,900.1,0.0
7002,900.2,0.0
7003,900.3,0.0
7004,900.4,0.0
7005,900.5,0.0
7006,900.6,0.0
7007,900.7,0.0
7008,900.8,0.0
7009,900.9,0.0
7010,901.0,0.0
7011,901.1,0.0
7012,901.2,0.0
7013,901.3,0.0
7014,901.4,0.0
7015,901.5,0.0
7016,901.6,0.0
7017,901.7,0.0
7018,901.8,0.0
7019,901.9,0.0
7020,902.0,0.0
7021,902.1,0.0
7022,902.2,0.0
7023,902.3,0.0
7024,902.4,0.0
7025,902.5,0.0
7026,902.6,0.0
7027,902.7,0.0
7028,902.8,0.0
7029,902.9,0.0
7030,903.0,0.0
7031,903.1,0.0
7032,903.2,0.0
7033,903.3,0.0
7034,903.4,0.0
7035,903.5,0.0
7036,903.6,0.0
7037,903.7,0.0
7038,903.8,0.0
7039,903.9,0.0
7040,904.0,0.0
7041,904.1,0.0
7042,904.2,0.0
7043,904.3,0.0
7044,904.4,0.0
7045,904.5,0.0
7046,904.6,0.0
7047,904.7,0.0
7048,904.8,0.0
7049,904.9,0.0
7050,905.0,0.0
7051,905.1,0.0
7052,905.2,0.0
7053,905.3,0.0
7054,905.4,0.0
7055,905.5,0.0
7056,905.6,0.0
7057,905.7,0.0
7058,905.8,0.0
7059,905.9,0.0
7060,906.0,0.0
7061,906.1,0.0
7062,906.2,0.0
7063,906.3,0.0
7064,906.4,0.0
7065,906.5,0.0
7066,906.6,0.0
7067,906.7,0.0
7068,906.8,0.0
7069,906.9,0.0
7070,907.0,0.0
7071,907.1,0.0
7072,907.2,0.0
7073,907.3,0.0
7074,907.4,0.0
7075,907.5,0.0
7076,907.6,0.0
7077,907.7,0.0
7078,907.8,0.0
7079,907.9,0.0
7080,908.0,0.0
7081,908.1,0.0
7082,908.2,0.0
7083,908.3,0.0
7084,908.4,0.0
7085,908.5,0.0
7086,908.6,0.0
7087,908.7,0.0
7088,908.8,0.0
7089,908.9,0.0
7090,909.0,0.0
7091,909.1,0.0
7092,909.2,0.0
7093,909.3,0.0
7094,909.4,0.0
7095,909.5,0.0
7096,909.6,0.0
7097,909.7,0.0
7098,909.8,0.0
7099,909.9,0.0
7100,910.0,0.0
7101,910.1,0.0
7102,910.2,0.0
7103,910.3,0.0
7104,910.4,0.0
7105,910.5,0.0
7106,910.6,0.0
7107,910.7,0.0
7108,910.8,0.0
7109,910.9,0.0
7110,911.0,0.0
7111,911.1,0.0
7112,911.2,0.0
7113,911.3,0.0
7114,911.4,0.0
7115,911.5,0.0
7116,911.6,0.0
7117,911.7,0.0
7118,911.8,0.0
7119,911.9,0.0
7120,912.0,0.0
7121,912.1,0.0
7122,912.2,0.0
7123,912.3,0.0
7124,912.4,0.0
7125,912.5,0.0
7126,912.6,0.0
7127,912.7,0.0
7128,912.8,0.0
7129,912.9,0.0
7130,913.0,0.0
7131,913.1,0.0
7132,913.2,0.0
7133,913.3,0.0
7134,913.4,0.0
7135,913.5,0.0
7136,913.6,0.0
7137,913.7,0.0
7138,913.8,0.0
7139,913.9,0.0
7140,914.0,0.0
7141,914.1,0.0
7142,914.2,0.0
7143,914.3,0.0
7144,914.4,0.0
7145,914.5,0.0
7146,914.6,0.0
7147,914.7,0.0
7148,914.8,0.0
7149,914.9,0.0
7150,915.0,0.0
7151,915.1,0.0
7152,915.2,0.0
7153,915.3,0.0
7154,915.4,0.0
7155,915.5,0.0
7156,915.6,0.0
7157,915.7,0.0
7158,915.8,0.0
7159,915.9,0.0
7160,916.0,0.0
7161,916.1,0.0
7162,916.2,0.0
7163,916.3,0.0
7164,916.4,0.0
7165,916.5,0.0
7166,916.6,0.0
7167,916.7,0.0
7168,916.8,0.0
7169,916.9,0.0
7170,917.0,0.0
7171,917.1,0.0
7172,917.2,0.0
7173,917.3,0.0
7174,917.4,0.0
7175,917.5,0.0
7176,917.6,0.0
7177,917.7,0.0
7178,917.8,0.0
7179,917.9,0.0
7180,918.0,0.0
7181,918.1,0.0
7182,918.2,0.0
7183,918.3,0.0
7184,918.4,0.0
7185,918.5,0.0
7186,918.6,0.0
7187,918.7,0.0
7188,918.8,0.0
7189,918.9,0.0
7190,919.0,0.0
7191,919.1,0.0
7192,919.2,0.0
7193,919.3,0.0
7194,919.4,0.0
7195,919.5,0.0
7196,919.6,0.0
7197,919.7,0.0
7198,919.8,0.0
7199,919.9,0.0
7200,920.0,0.0
7201,920.1,0.0
7202,920.2,0.0
7203,920.3,0.0
7204,920.4,0.0
7205,920.5,0.0
7206,920.6,0.0
7207,920.7,0.0
7208,920.8,0.0
7209,920.9,0.0
7210,921.0,0.0
7211,921.1,0.0
7212,921.2,0.0
7213,921.3,0.0
7214,921.4,0.0
7215,921.5,0.0
7216,921.6,0.0
7217,921.7,0.0
7218,921.8,0.0
7219,921.9,0.0
7220,922.0,0.0
7221,922.1,0.0
7222,922.2,0.0
7223,922.3,0.0
7224,922.4,0.0
7225,922.5,0.0
7226,922.6,0.0
7227,922.7,0.0
7228,922.8,0.0
7229,922.9,0.0
7230,923.0,0.0
7231,923.1,0.0
7232,923.2,0.0
7233,923.3,0.0
7234,923.4,0.0
7235,923.5,0.0
7236,923.6,0.0
7237,923.7,0.0
7238,923.8,0.0
7239,923.9,0.0
7240,924.0,0.0
7241,924.1,0.0
7242,924.2,0.0
7243,924.3,0.0
7244,924.4,0.0
7245,924.5,0.0
7246,924.6,0.0
7247,924.7,0.0
7248,924.8,0.0
7249,924.9,0.0
7250,925.0,0.0
7251,925.1,0.0
7252,925.2,0.0
7253,925.3,0.0
7254,925.4,0.0
7255,925.5,0.0
7256,925.6,0.0
7257,925.7,0.0
7258,925.8,0.0
7259,925.9,0.0
7260,926.0,0.0
7261,926.1,0.0
7262,926.2,0.0
7263,926.3,0.0
7264,926.4,0.0
7265,926.5,0.0
7266,926.6,0.0
7267,926.7,0.0
7268,926.8,0.0
7269,926.9,0.0
7270,927.0,0.0
7271,927.1,0.0
7272,927.2,0.0
7273,927.3,0.0
7274,927.4,0.0
7275,927.5,0.0
7276,927.6,0.0
7277,927.7,0.0
7278,927.8,0.0
7279,927.9,0.0
7280,928.0,0.0
7281,928.1,0.0
7282,928.2,0.0
7283,928.3,0.0
7284,928.4,0.0
7285,928.5,0.0
7286,928.6,0.0
7287,928.7,0.0
7288,928.8,0.0
7289,928.9,0.0
7290,929.0,0.0
7291,929.1,0.0
7292,929.2,0.0
7293,929.3,0.0
7294,929.4,0.0
7295,929.5,0.0
7296,929.6,0.0
7297,929.7,0.0
7298,929.8,0.0
7299,929.9,0.0
7300,930.0,0.0
7301,930.1,0.0
7302,930.2,0.0
7303,930.3,0.0
7304,930.4,0.0
7305,930.5,0.0
7306,930.6,0.0
7307,930.7,0.0
7308,930.8,0.0
7309,930.9,0.0
7310,931.0,0.0
7311,931.1,0.0
7312,931.2,0.0
7313,931.3,0.0
7314,931.4,0.0
7315,931.5,0.0
7316,931.6,0.0
7317,931.7,0.0
7318,931.8,0.0
7319,931.9,0.0
7320,932.0,0.0
7321,932.1,0.0
7322,932.2,0.0
7323,932.3,0.0
7324,932.4,0.0
7325,932.5,0.0
7326,932.6,0.0
7327,932.7,0.0
7328,932.8,0.0
7329,932.9,0.0
7330,933.0,0.0
7331,933.1,0.0
7332,933.2,0.0
7333,933.3,0.0
7334,933.4,0.0
7335,933.5,0.0
7336,933.6,0.0
7337,933.7,0.0
7338,933.8,0.0
7339,933.9,0.0
7340,934.0,0.0
7341,934.1,0.0
7342,934.2,0.0
7343,934.3,0.0
7344,934.4,0.0
7345,934.5,0.0
7346,934.6,0.0
7347,934.7,0.0
7348,934.8,0.0
7349,934.9,0.0
7350,935.0,0.0
7351,935.1,0.0
7352,935.2,0.0
7353,935.3,0.0
7354,935.4,0.0
7355,935.5,0.0
7356,935.6,0.0
7357,935.7,0.0
7358,935.8,0.0
7359,935.9,0.0
7360,936.0,0.0
7361,936.1,0.0
7362,936.2,0.0
7363,936.3,0.0
7364,936.4,0.0
7365,936.5,0.0
7366,936.6,0.0
7367,936.7,0.0
7368,936.8,0.0
7369,936.9,0.0
7370,937.0,0.0
7371,937.1,0.0
7372,937.2,0.0
7373,937.3,0.0
7374,937.4,0.0
7375,937.5,0.0
7376,937.6,0.0
7377,937.7,0.0
7378,937.8,0.0
7379,937.9,0.0
7380,938.0,0.0
7381,938.1,0.0
7382,938.2,0.0
7383,938.3,0.0
7384,938.4,0.0
7385,938.5,0.0
7386,938.6,0.0
7387,938.7,0.0
7388,938.8,0.0
7389,938.9,0.0
7390,939.0,0.0
7391,939.1,0.0
7392,939.2,0.0
7393,939.3,0.0
7394,939.4,0.0
7395,939.5,0.0
7396,939.6,0.0
7397,939.7,0.0
7398,939.8,0.0
7399,939.9,0.0
7400,940.0,0.0
7401,940.1,0.0
7402,940.2,0.0
7403,940.3,0.0
7404,940.4,0.0
7405,940.5,0.0
7406,940.6,0.0
7407,940.7,0.0
7408,940.8,0.0
7409,940.9,0.0
7410,941.0,0.0
7411,941.1,0.0
7412,941.2,0.0
7413,941.3,0.0
7414,941.4,0.0
7415,941.5,0.0
7416,941.6,0.0
7417,941.7,0.0
7418,941.8,0.0
7419,941.9,0.0
7420,942.0,0.0
7421,942.1,0.0
7422,942.2,0.0
7423,942.3,0.0
7424,942.4,0.0
7425,942.5,0.0
7426,942.6,0.0
7427,942.7,0.0
7428,942.8,0.0
7429,942.9,0.0
7430,943.0,0.0
7431,943.1,0.0
7432,943.2,0.0
7433,943.3,0.0
7434,943.4,0.0
7435,943.5,0.0
7436,943.6,0.0
7437,943.7,0.0
7438,943.8,0.0
7439,943.9,0.0
7440,944.0,0.0
7441,944.1,0.0
7442,944.2,0.0
7443,944.3,0.0
7444,944.4,0.0
7445,944.5,0.0
7446,944.6,0.0
7447,944.7,0.0
7448,944.8,0.0
7449,944.9,0.0
7450,945.0,0.0
7451,945.1,0.0
7452,945.2,0.0
7453,945.3,0.0
7454,945.4,0.0
7455,945.5,0.0
7456,945.6,0.0
7457,945.7,0.0
7458,945.8,0.0
7459,945.9,0.0
7460,946.0,0.0
7461,946.1,0.0
7462,946.2,0.0
7463,946.3,0.0
7464,946.4,0.0
7465,946.5,0.0
7466,946.6,0.0
7467,946.7,0.0
7468,946.8,0.0
7469,946.9,0.0
7470,947.0,0.0
7471,947.1,0.0
7472,947.2,0.0
7473,947.3,0.0
7474,947.4,0.0
7475,947.5,0.0
7476,947.6,0.0
7477,947.7,0.0
7478,947.8,0.0
7479,947.9,0.0
7480,948.0,0.0
7481,948.1,0.0
7482,948.2,0.0
7483,948.3,0.0
7484,948.4,0.0
7485,948.5,0.0
7486,948.6,0.0
7487,948.7,0.0
7488,948.8,0.0
7489,948.9,0.0
7490,949.0,0.0
7491,949.1,0.0
7492,949.2,0.0
7493,949.3,0.0
7494,949.4,0.0
7495,949.5,0.0
7496,949.6,0.0
7497,949.7,0.0
7498,949.8,0.0
7499,949.9,0.0
7500,950.0,0.0
7501,950.1,0.0
7502,950.2,0.0
7503,950.3,0.0
7504,950.4,0.0
7505,950.5,0.0
7506,950.6,0.0
7507,950.7,0.0
7508,950.8,0.0
7509,950.9,0.0
7510,951.0,0.0
7511,951.1,0.0
7512,951.2,0.0
7513,951.3,0.0
7514,951.4,0.0
7515,951.5,0.0
7516,951.6,0.0
7517,951.7,0.0
7518,951.8,0.0
7519,951.9,0.0
7520,952.0,0.0
7521,952.1,0.0
7522,952.2,0.0
7523,952.3,0.0
7524,952.4,0.0
7525,952.5,0.0
7526,952.6,0.0
7527,952.7,0.0
7528,952.8,0.0
7529,952.9,0.0
7530,953.0,0.0
7531,953.1,0.0
7532,953.2,0.0
7533,953.3,0.0
7534,953.4,0.0
7535,953.5,0.0
7536,953.6,0.0
7537,953.7,0.0
7538,953.8,0.0
7539,953.9,0.0
7540,954.0,0.0
7541,954.1,0.0
7542,954.2,0.0
7543,954.3,0.0
7544,954.4,0.0
7545,954.5,0.0
7546,954.6,0.0
7547,954.7,0.0
7548,954.8,0.0
7549,954.9,0.0
7550,955.0,0.0
7551,955.1,0.0
7552,955.2,0.0
7553,955.3,0.0
7554,955.4,0.0
7555,955.5,0.0
7556,955.6,0.0
7557,955.7,0.0
7558,955.8,0.0
7559,955.9,0.0
7560,956.0,0.0
7561,956.1,0.0
7562,956.2,0.0
7563,956.3,0.0
7564,956.4,0.0
7565,956.5,0.0
7566,956.6,0.0
7567,956.7,0.0
7568,956.8,0.0
7569,956.9,0.0
7570,957.0,0.0
7571,957.1,0.0
7572,957.2,0.0
7573,957.3,0.0
7574,957.4,0.0
7575,957.5,0.0
7576,957.6,0.0
7577,957.7,0.0
7578,957.8,0.0
7579,957.9,0.0
7580,958.0,0.0
7581,958.1,0.0
7582,958.2,0.0
7583,958.3,0.0
7584,958.4,0.0
7585,958.5,0.0
7586,958.6,0.0
7587,958.7,0.0
7588,958.8,0.0
7589,958.9,0.0
7590,959.0,0.0
7591,959.1,0.0
7592,959.2,0.0
7593,959.3,0.0
7594,959.4,0.0
7595,959.5,0.0
7596,959.6,0.0
7597,959.7,0.0
7598,959.8,0.0
7599,959.9,0.0
7600,960.0,0.0
7601,960.1,0.0
7602,960.2,0.0
7603,960.3,0.0
7604,960.4,0.0
7605,960.5,0.0
7606,960.6,0.0
7607,960.7,0.0
7608,960.8,0.0
7609,960.9,0.0
7610,961.0,0.0
7611,961.1,0.0
7612,961.2,0.0
7613,961.3,0.0
7614,961.4,0.0
7615,961.5,0.0
7616,961.6,0.0
7617,961.7,0.0
7618,961.8,0.0
7619,961.9,0.0
7620,962.0,0.0
7621,962.1,0.0
7622,962.2,0.0
7623,962.3,0.0
7624,962.4,0.0
7625,962.5,0.0
7626,962.6,0.0
7627,962.7,0.0
7628,962.8,0.0
7629,962.9,0.0
7630,963.0,0.0
7631,963.1,0.0
7632,963.2,0.0
7633,963.3,0.0
7634,963.4,0.0
7635,963.5,0.0
7636,963.6,0.0
7637,963.7,0.0
7638,963.8,0.0
7639,963.9,0.0
7640,964.0,0.0
7641,964.1,0.0
7642,964.2,0.0
7643,964.3,0.0
7644,964.4,0.0
7645,964.5,0.0
7646,964.6,0.0
7647,964.7,0.0
7648,964.8,0.0
7649,964.9,0.0
7650,965.0,0.0
7651,965.1,0.0
7652,965.2,0.0
7653,965.3,0.0
7654,965.4,0.0
7655,965.5,0.0
7656,965.6,0.0
7657,965.7,0.0
7658,965.8,0.0
7659,965.9,0.0
7660,966.0,0.0
7661,966.1,0.0
7662,966.2,0.0
7663,966.3,0.0
7664,966.4,0.0
7665,966.5,0.0
7666,966.6,0.0
7667,966.7,0.0
7668,966.8,0.0
7669,966.9,0.0
7670,967.0,0.0
7671,967.1,0.0
7672,967.2,0.0
7673,967.3,0.0
7674,967.4,0.0
7675,967.5,0.0
7676,967.6,0.0
7677,967.7,0.0
7678,967.8,0.0
7679,967.9,0.0
7680,968.0,0.0
7681,968.1,0.0
7682,968.2,0.0
7683,968.3,0.0
7684,968.4,0.0
7685,968.5,0.0
7686,968.6,0.0
7687,968.7,0.0
7688,968.8,0.0
7689,968.9,0.0
7690,969.0,0.0
7691,969.1,0.0
7692,969.2,0.0
7693,969.3,0.0
7694,969.4,0.0
7695,969.5,0.0
7696,969.6,0.0
7697,969.7,0.0
7698,969.8,0.0
7699,969.9,0.0
7700,970.0,0.0
7701,970.1,0.0
7702,970.2,0.0
7703,970.3,0.0
7704,970.4,0.0
7705,970.5,0.0
7706,970.6,0.0
7707,970.7,0.0
7708,970.8,0.0
7709,970.9,0.0
7710,971.0,0.0
7711,971.1,0.0
7712,971.2,0.0
7713,971.3,0.0
7714,971.4,0.0
7715,971.5,0.0
7716,971.6,0.0
7717,971.7,0.0
7718,971.8,0.0
7719,971.9,0.0
7720,972.0,0.0
7721,972.1,0.0
7722,972.2,0.0
7723,972.3,0.0
7724,972.4,0.0
7725,972.5,0.0
7726,972.6,0.0
7727,972.7,0.0
7728,972.8,0.0
7729,972.9,0.0
7730,973.0,0.0
7731,973.1,0.0
7732,973.2,0.0
7733,973.3,0.0
7734,973.4,0.0
7735,973.5,0.0
7736,973.6,0.0
7737,973.7,0.0
7738,973.8,0.0
7739,973.9,0.0
7740,974.0,0.0
7741,974.1,0.0
7742,974.2,0.0
7743,974.3,0.0
7744,974.4,0.0
7745,974.5,0.0
7746,974.6,0.0
7747,974.7,0.0
7748,974.8,0.0
7749,974.9,0.0
7750,975.0,0.0
7751,975.1,0.0
7752,975.2,0.0
7753,975.3,0.0
7754,975.4,0.0
7755,975.5,0.0
7756,975.6,0.0
7757,975.7,0.0
7758,975.8,0.0
7759,975.9,0.0
7760,976.0,0.0
7761,976.1,0.0
7762,976.2,0.0
7763,976.3,0.0
7764,976.4,0.0
7765,976.5,0.0
7766,976.6,0.0
7767,976.7,0.0
7768,976.8,0.0
7769,976.9,0.0
7770,977.0,0.0
7771,977.1,0.0
7772,977.2,0.0
7773,977.3,0.0
7774,977.4,0.0
7775,977.5,0.0
7776,977.6,0.0
7777,977.7,0.0
7778,977.8,0.0
7779,977.9,0.0
7780,978.0,0.0
7781,978.1,0.0
7782,978.2,0.0
7783,978.3,0.0
7784,978.4,0.0
7785,978.5,0.0
7786,978.6,0.0
7787,978.7,0.0
7788,978.8,0.0
7789,978.9,0.0
7790,979.0,0.0
7791,979.1,0.0
7792,979.2,0.0
7793,979.3,0.0
7794,979.4,0.0
7795,979.5,0.0
7796,979.6,0.0
7797,979.7,0.0
7798,979.8,0.0
7799,979.9,0.0
7800,980.0,0.0
7801,980.1,0.0
7802,980.2,0.0
7803,980.3,0.0
7804,980.4,0.0
7805,980.5,0.0
7806,980.6,0.0
7807,980.7,0.0
7808,980.8,0.0
7809,980.9,0.0
7810,981.0,0.0
7811,981.1,0.0
7812,981.2,0.0
7813,981.3,0.0
7814,981.4,0.0
7815,981.5,0.0
7816,981.6,0.0
7817,981.7,0.0
7818,981.8,0.0
7819,981.9,0.0
7820,982.0,0.0
7821,982.1,0.0
7822,982.2,0.0
7823,982.3,0.0
7824,982.4,0.0
7825,982.5,0.0
7826,982.6,0.0
7827,982.7,0.0
7828,982.8,0.0
7829,982.9,0.0
7830,983.0,0.0
7831,983.1,0.0
7832,983.2,0.0
7833,983.3,0.0
7834,983.4,0.0
7835,983.5,0.0
7836,983.6,0.0
7837,983.7,0.0
7838,983.8,0.0
7839,983.9,0.0
7840,984.0,0.0
7841,984.1,0.0
7842,984.2,0.0
7843,984.3,0.0
7844,984.4,0.0
7845,984.5,0.0
7846,984.6,0.0
7847,984.7,0.0
7848,984.8,0.0
7849,984.9,0.0
7850,985.0,0.0
7851,985.1,0.0
7852,985.2,0.0
7853,985.3,0.0
7854,985.4,0.0
7855,985.5,0.0
7856,985.6,0.0
7857,985.7,0.0
7858,985.8,0.0
7859,985.9,0.0
7860,986.0,0.0
7861,986.1,0.0
7862,986.2,0.0
7863,986.3,0.0
7864,986.4,0.0
7865,986.5,0.0
7866,986.6,0.0
7867,986.7,0.0
7868,986.8,0.0
7869,986.9,0.0
7870,987.0,0.0
7871,987.1,0.0
7872,987.2,0.0
7873,987.3,0.0
7874,987.4,0.0
7875,987.5,0.0
7876,987.6,0.0
7877,987.7,0.0
7878,987.8,0.0
7879,987.9,0.0
7880,988.0,0.0
7881,988.1,0.0
7882,988.2,0.0
7883,988.3,0.0
7884,988.4,0.0
7885,988.5,0.0
7886,988.6,0.0
7887,988.7,0.0
7888,988.8,0.0
7889,988.9,0.0
7890,989.0,0.0
7891,989.1,0.0
7892,989.2,0.0
7893,989.3,0.0
7894,989.4,0.0
7895,989.5,0.0
7896,989.6,0.0
7897,989.7,0.0
7898,989.8,0.0
7899,989.9,0.0
7900,990.0,0.0
7901,990.1,0.0
7902,990.2,0.0
7903,990.3,0.0
7904,990.4,0.0
7905,990.5,0.0
7906,990.6,0.0
7907,990.7,0.0
7908,990.8,0.0
7909,990.9,0.0
7910,991.0,0.0
7911,991.1,0.0
7912,991.2,0.0
7913,991.3,0.0
7914,991.4,0.0
7915,991.5,0.0
7916,991.6,0.0
7917,991.7,0.0
7918,991.8,0.0
7919,991.9,0.0
7920,992.0,0.0
7921,992.1,0.0
7922,992.2,0.0
7923,992.3,0.0
7924,992.4,0.0
7925,992.5,0.0
7926,992.6,0.0
7927,992.7,0.0
7928,992.8,0.0
7929,992.9,0.0
7930,993.0,0.0
7931,993.1,0.0
7932,993.2,0.0
7933,993.3,0.0
7934,993.4,0.0
7935,993.5,0.0
7936,993.6,0.0
7937,993.7,0.0
7938,993.8,0.0
7939,993.9,0.0
7940,994.0,0.0
7941,994.1,0.0
7942,994.2,0.0
7943,994.3,0.0
7944,994.4,0.0
7945,994.5,0.0
7946,994.6,0.0
7947,994.7,0.0
7948,994.8,0.0
7949,994.9,0.0
7950,995.0,0.0
7951,995.1,0.0
7952,995.2,0.0
7953,995.3,0.0
7954,995.4,0.0
7955,995.5,0.0
7956,995.6,0.0
7957,995.7,0.0
7958,995.8,0.0
7959,995.9,0.0
7960,996.0,0.0
7961,996.1,0.0
7962,996.2,0.0
7963,996.3,0.0
7964,996.4,0.0
7965,996.5,0.0
7966,996.6,0.0
7967,996.7,0.0
7968,996.8,0.0
7969,996.9,0.0
7970,997.0,0.0
7971,997.1,0.0
7972,997.2,0.0
7973,997.3,0.0
7974,997.4,0.0
7975,997.5,0.0
7976,997.6,0.0
7977,997.7,0.0
7978,997.8,0.0
7979,997.9,0.0
7980,998.0,0.0
7981,998.1,0.0
7982,998.2,0.0
7983,998.3,0.0
7984,998.4,0.0
7985,998.5,0.0
7986,998.6,0.0
7987,998.7,0.0
7988,998.8,0.0
7989,998.9,0.0
7990,999.0,0.0
7991,999.1,0.0
7992,999.2,0.0
7993,999.3,0.0
7994,999.4,0.0
7995,999.5,0.0
7996,999.6,0.0
7997,999.7,0.0
7998,999.8,0.0
7999,999.9,0.0
