,wavelength,intensity
0,200.0,758100.0
1,200.1,1072964.247
2,200.2,1277785.249
3,200.3,1281748.673
4,200.4,1095525.595
5,200.5,830875.044
6,200.6,642000.816
7,200.7,650626.963
8,200.8,892245.115
9,200.9,1295399.189
10,201.0,1697080.666
11,201.1,1910000.0
12,201.2,1829579.269
13,201.3,1489024.339
14,201.4,1031755.505
15,201.5,610063.867
16,201.6,308563.366
17,201.7,134041.403
18,201.8,50059.365
19,201.9,16099.387
20,202.0,4477.131
21,202.1,1067.672
22,202.2,221.5
23,202.3,40.017
24,202.4,10.502
25,202.5,59.158
26,202.6,444.291
27,202.7,3216.925
28,202.8,18880.0
29,202.9,93830.308
30,203.0,399088.71
31,203.1,1429697.721
32,203.2,4354068.961
33,203.3,11223819.714
34,203.4,24611295.231
35,203.5,45902503.573
36,203.6,73058032.425
37,203.7,99650061.929
38,203.8,116964053.484
39,203.9,118900000.0
40,204.0,105471138.979
41,204.1,81985278.77
42,204.2,56197920.407
43,204.3,33991190.572
44,204.4,18126484.432
45,204.5,8471437.436
46,204.6,3451660.211
47,204.7,1215855.617
48,204.8,369236.834
49,204.9,95683.791
50,205.0,21310.0
51,205.1,4035.178
52,205.2,827.105
53,205.3,1381.187
54,205.4,8657.096
55,205.5,46930.022
56,205.6,217736.471
57,205.7,860100.738
58,205.8,2880521.847
59,205.9,8216062.977
60,206.0,19915816.992
61,206.1,41150000.0
62,206.2,72621447.77
63,206.3,110028177.818
64,206.4,144224019.144
65,206.5,165902396.317
66,206.6,170362502.638
67,206.7,159814491.713
68,206.8,139363906.853
69,206.9,113525053.884
70,207.0,85529032.714
71,207.1,58875499.124
72,207.2,37400000.0
73,207.3,23727594.493
74,207.4,17913595.465
75,207.5,17527156.622
76,207.6,19082925.306
77,207.7,19602822.569
78,207.8,17800000.0
79,207.9,14320450.693
80,208.0,10984994.903
81,208.1,9611979.532
82,208.2,11065819.382
83,208.3,14894879.115
84,208.4,19425478.028
85,208.5,22635758.313
86,208.6,23143649.678
87,208.7,20926231.206
88,208.8,17087767.474
89,208.9,12980000.0
90,209.0,9423147.295
91,209.1,6747202.318
92,209.2,5154175.861
93,209.3,5012807.871
94,209.4,6727792.069
95,209.5,10326338.947
96,209.6,15067388.373
97,209.7,19487029.453
98,209.8,22045295.007
99,209.9,22094368.615
100,210.0,20240000.0
101,210.1,17719203.273
102,210.2,15418013.384
103,210.3,13354356.043
104,210.4,11100877.679
105,210.5,8459569.506
106,210.6,5768919.154
107,210.7,3604791.001
108,210.8,2481991.813
109,210.9,2758198.835
110,211.0,4711738.34
111,211.1,8456000.0
112,211.2,13636960.583
113,211.3,19191423.666
114,211.4,23669004.517
115,211.5,25984128.574
116,211.6,26222797.539
117,211.7,25480124.276
118,211.8,24926994.068
119,211.9,24825890.566
120,212.0,24325165.165
121,212.1,22312724.116
122,212.2,18450000.0
123,212.3,13431848.855
124,212.4,8513393.126
125,212.5,4680854.147
126,212.6,2268645.161
127,212.7,1102483.158
128,212.8,876200.0
129,212.9,1417418.666
130,213.0,2696685.861
131,213.1,4638794.48
132,213.2,6894771.842
133,213.3,8803590.912
134,213.4,9648906.68
135,213.5,9075817.1
136,213.6,7328273.046
137,213.7,5078270.583
138,213.8,3019989.695
139,213.9,1541000.0
140,214.0,675121.356
141,214.1,253710.94
142,214.2,81700.95
143,214.3,22661.963
144,214.4,5374.288
145,214.5,1097.586
146,214.6,194.016
147,214.7,27.858
148,214.8,3.856
149,214.9,0.367
150,215.0,0.039
151,215.1,0.005
152,215.2,0.0
153,215.3,0.0
154,215.4,0.0
155,215.5,0.0
156,215.6,0.0
157,215.7,0.0
158,215.8,0.0
159,215.9,0.0
160,216.0,0.0
161,216.1,0.0
162,216.2,0.0
163,216.3,0.0
164,216.4,0.0
165,216.5,0.0
166,216.6,0.0
167,216.7,0.0
168,216.8,0.0
169,216.9,0.0
170,217.0,0.0
171,217.1,0.0
172,217.2,0.0
173,217.3,0.0
174,217.4,0.0
175,217.5,0.0
176,217.6,0.0
177,217.7,0.0
178,217.8,0.0
179,217.9,0.0
180,218.0,0.0
181,218.1,0.0
182,218.2,0.0
183,218.3,0.0
184,218.4,0.0
185,218.5,0.0
186,218.6,0.0
187,218.7,0.0
188,218.8,0.0
189,218.9,0.0
190,219.0,0.0
191,219.1,0.0
192,219.2,0.0
193,219.3,0.0
194,219.4,0.0
195,219.5,0.0
196,219.6,0.0
197,219.7,0.0
198,219.8,0.0
199,219.9,0.0
200,220.0,0.0
201,220.1,0.0
202,220.2,0.0
203,220.3,0.0
204,220.4,0.0
205,220.5,0.0
206,220.6,0.0
207,220.7,0.0
208,220.8,0.0
209,220.9,0.0
210,221.0,0.0
211,221.1,0.0
212,221.2,0.001
213,221.3,0.013
214,221.4,0.105
215,221.5,1.199
216,221.6,9.391
217,221.7,68.397
218,221.8,444.545
219,221.9,2434.731
220,222.0,12106.947
221,222.1,51920.494
222,222.2,197900.0
223,222.3,668904.461
224,222.4,2018137.136
225,222.5,5484552.308
226,222.6,13446017.452
227,222.7,29831833.037
228,222.8,59839999.999
229,222.9,108125562.83
230,223.0,175077899.752
231,223.1,252476126.743
232,223.2,322612041.915
233,223.3,363438787.234
234,223.4,359575282.456
235,223.5,311617857.685
236,223.6,236022386.324
237,223.7,156060978.794
238,223.8,89937500.09
239,223.9,45160000.0
240,224.0,19745042.687
241,224.1,7515078.73
242,224.2,2486778.522
243,224.3,717722.062
244,224.4,179766.514
245,224.5,39270.617
246,224.6,7512.047
247,224.7,1198.97
248,224.8,181.242
249,224.9,23.153
250,225.0,18.84
251,225.1,89.317
252,225.2,429.625
253,225.3,1786.281
254,225.4,6547.189
255,225.5,20893.94
256,225.6,58432.431
257,225.7,143638.237
258,225.8,311988.175
259,225.9,603990.198
260,226.0,1059366.31
261,226.1,1732000.0
262,226.2,2790324.419
263,226.3,4841942.627
264,226.4,9960886.378
265,226.5,24105939.876
266,226.6,62090813.39
267,226.7,153846708.624
268,226.8,347557210.135
269,226.9,698858885.488
270,227.0,1236759384.145
271,227.1,1921359309.634
272,227.2,2611999999.99
273,227.3,3106928417.503
274,227.4,3231442609.012
275,227.5,2939826897.565
276,227.6,2337662571.322
277,227.7,1626340534.225
278,227.8,991400000.009
279,227.9,531560709.349
280,228.0,253222543.211
281,228.1,110236520.149
282,228.2,46686709.242
283,228.3,21134601.306
284,228.4,10907801.064
285,228.5,6217950.391
286,228.6,3730724.482
287,228.7,2444594.242
288,228.8,1931032.398
289,228.9,1827000.0
290,229.0,1817907.409
291,229.1,1705910.474
292,229.2,1437677.897
293,229.3,1069839.749
294,229.4,699013.661
295,229.5,400134.029
296,229.6,200627.049
297,229.7,88085.232
298,229.8,33886.985
299,229.9,11430.681
300,230.0,3521.0
301,230.1,1557.03
302,230.2,2918.379
303,230.3,9435.823
304,230.4,28645.237
305,230.5,76764.609
306,230.6,181928.959
307,230.7,382943.797
308,230.8,722007.139
309,230.9,1233613.171
310,231.0,1946606.749
311,231.1,2895000.0
312,231.2,4149090.331
313,231.3,5827594.456
314,231.4,8110683.091
315,231.5,11240140.977
316,231.6,15526605.434
317,231.7,21185733.701
318,231.8,27958945.291
319,231.9,34818483.399
320,232.0,39925784.071
321,232.1,41415906.289
322,232.2,38440000.0
323,232.3,31745541.901
324,232.4,23360510.547
325,232.5,15514374.451
326,232.6,9671420.345
327,232.7,6219818.063
328,232.8,4769000.0
329,232.9,4671994.014
330,233.0,5389179.88
331,233.1,6549009.819
332,233.2,7847427.943
333,233.3,8947812.206
334,233.4,9500128.351
335,233.5,9260087.987
336,233.6,8211348.533
337,233.7,6586477.435
338,233.8,4771416.539
339,233.9,3149000.0
340,234.0,1983928.916
341,234.1,1385190.272
342,234.2,1344213.922
343,234.3,1765627.935
344,234.4,2482749.648
345,234.5,3257316.466
346,234.6,3822046.047
347,234.7,3964366.122
348,234.8,3628087.647
349,234.9,2926289.412
350,235.0,2080000.0
351,235.1,1302855.102
352,235.2,719405.108
353,235.3,349961.179
354,235.4,150057.492
355,235.5,56968.689
356,235.6,20207.426
357,235.7,10872.265
358,235.8,20085.54
359,235.9,58239.149
360,236.0,158573.971
361,236.1,383400.0
362,236.2,820228.142
363,236.3,1555805.438
364,236.4,2626812.433
365,236.5,3984267.801
366,236.6,5530857.304
367,236.7,7261984.464
368,236.8,9434033.48
369,236.9,12593958.812
370,237.0,17295785.103
371,237.1,23529711.753
372,237.2,30310000.0
373,237.3,35776603.825
374,237.4,37964823.714
375,237.5,35898622.782
376,237.6,30113221.729
377,237.7,22362272.846
378,237.8,14680000.0
379,237.9,8524580.735
380,238.0,4374104.719
381,238.1,1984065.038
382,238.2,795333.744
383,238.3,281702.784
384,238.4,88256.178
385,238.5,24479.047
386,238.6,6521.066
387,238.7,3588.052
388,238.8,8980.192
389,238.9,29300.0
390,239.0,87434.623
391,239.1,233706.999
392,239.2,558548.604
393,239.3,1196921.705
394,239.4,2302579.425
395,239.5,3990081.184
396,239.6,6247238.649
397,239.7,8868785.923
398,239.8,11467713.724
399,239.9,13553401.133
400,240.0,14710000.0
401,240.1,14678343.85
402,240.2,13507916.824
403,240.3,11437084.22
404,240.4,8889826.828
405,240.5,6322637.736
406,240.6,4095707.801
407,240.7,2405110.604
408,240.8,1275035.444
409,240.9,608061.828
410,241.0,259877.076
411,241.1,99380.0
412,241.2,33932.81
413,241.3,10374.685
414,241.4,3306.132
415,241.5,3311.994
416,241.6,12321.449
417,241.7,49658.172
418,241.8,180432.863
419,241.9,582123.544
420,242.0,1675125.387
421,242.1,4284874.943
422,242.2,9754000.0
423,242.3,19759329.119
424,242.4,35622471.541
425,242.5,57178172.182
426,242.6,81722844.388
427,242.7,104031840.869
428,242.8,118100000.0
429,242.9,119926283.002
430,243.0,109824334.973
431,243.1,92781149.078
432,243.2,76809790.8
433,243.3,69737910.984
434,243.4,76324367.457
435,243.5,96507424.27
436,243.6,124915717.106
437,243.7,152471980.081
438,243.8,169572223.206
439,243.9,169600000.0
440,244.0,152469469.854
441,244.1,123251640.251
442,244.2,90217604.994
443,244.3,60682418.482
444,244.4,39134008.867
445,244.5,26966296.803
446,244.6,24099541.188
447,244.7,30528053.951
448,244.8,46941057.683
449,244.9,73827008.957
450,245.0,109599999.999
451,245.1,148700093.949
452,245.2,182278711.25
453,245.3,200770480.095
454,245.4,198569162.845
455,245.5,176556330.767
456,245.6,141713795.094
457,245.7,103680576.487
458,245.8,70469250.527
459,245.9,45963108.394
460,246.0,30499585.721
461,246.1,22460000.0
462,246.2,19988357.122
463,246.3,21615411.287
464,246.4,26045354.369
465,246.5,31640561.115
466,246.6,36488236.765
467,246.7,38863829.731
468,246.8,38007130.079
469,246.9,34436863.057
470,247.0,29589162.624
471,247.1,24945915.222
472,247.2,21340000.0
473,247.3,18705276.827
474,247.4,16476525.083
475,247.5,14152739.587
476,247.6,11630696.541
477,247.7,9178165.589
478,247.8,7145000.0
479,247.9,5768840.567
480,248.0,5127539.719
481,248.1,5243148.456
482,248.2,6184083.221
483,248.3,8037033.579
484,248.4,10780456.274
485,248.5,14208174.097
486,248.6,17890697.52
487,248.7,21380028.631
488,248.8,24283565.256
489,248.9,26330000.0
490,249.0,27296719.414
491,249.1,27052998.821
492,249.2,25787914.0
493,249.3,24181705.972
494,249.4,23450472.307
495,249.5,24937844.047
496,249.6,29371232.02
497,249.7,36248304.819
498,249.8,43688178.605
499,249.9,49137604.919
500,250.0,50460000.0
501,250.1,47057470.174
502,250.2,40189678.061
503,250.3,32283736.487
504,250.4,25781074.402
505,250.5,22103015.035
506,250.6,21222190.967
507,250.7,22034273.006
508,250.8,23102587.399
509,250.9,23565122.005
510,251.0,23586668.804
511,251.1,24330000.0
512,251.2,27344537.323
513,251.3,33815834.213
514,251.4,43783019.839
515,251.5,55956699.528
516,251.6,67955699.364
517,251.7,77098242.33
518,251.8,81352948.418
519,251.9,79972651.902
520,252.0,73613518.859
521,252.1,63866567.802
522,252.2,52650000.0
523,252.3,41673740.748
524,252.4,32244423.763
525,252.5,25237128.824
526,252.6,21130749.884
527,252.7,20231882.248
528,252.8,22860000.0
529,252.9,29482840.112
530,253.0,40655572.848
531,253.1,56625686.846
532,253.2,76813940.562
533,253.3,99665872.055
534,253.4,122638905.175
535,253.5,143766121.485
536,253.6,162742053.099
537,253.7,183492658.903
538,253.8,216838022.638
539,253.9,281099999.997
540,254.0,401167652.172
541,254.1,599324815.63
542,254.2,884250721.607
543,254.3,1241649718.644
544,254.4,1637611933.56
545,254.5,2045419984.348
546,254.6,2487306554.73
547,254.7,3052395837.736
548,254.8,3881682400.912
549,254.9,5084581582.662
550,255.0,6638999999.948
551,255.1,8332197049.832
552,255.2,9807786808.555
553,255.3,10710348671.198
554,255.4,10856520460.501
555,255.5,10354401979.315
556,255.6,9525189325.364
557,255.7,8736148220.406
558,255.8,8251946401.345
559,255.9,8113120340.312
560,256.0,8161355377.234
561,256.1,8141000000.004
562,256.2,7834460565.139
563,256.3,7141414113.215
564,256.4,6104531720.236
565,256.5,4869506646.636
566,256.6,3620057656.348
567,256.7,2521965297.393
568,256.8,1698238771.922
569,256.9,1223949852.723
570,257.0,1152474392.904
571,257.1,1524143995.612
572,257.2,2356999999.966
573,257.3,3600185138.813
574,257.4,5089036686.039
575,257.5,6527770345.805
576,257.6,7560647383.029
577,257.7,7895824784.763
578,257.8,7434000000.027
579,257.9,6312254883.562
580,258.0,4839906420.082
581,258.1,3360592409.953
582,258.2,2127727625.985
583,258.3,1252505168.898
584,258.4,726242578.945
585,258.5,479636929.978
586,258.6,448776517.141
587,258.7,607908977.902
588,258.8,976083501.578
589,258.9,1593999999.975
590,259.0,2480935493.494
591,259.1,3584939457.694
592,259.2,4751486197.078
593,259.3,5739173074.45
594,259.4,6295404577.164
595,259.5,6263072836.614
596,259.6,5655334379.69
597,259.7,4655914727.808
598,259.8,3542939392.314
599,259.9,2593513223.082
600,260.0,2001000000.013
601,260.1,1853610085.679
602,260.2,2135857917.516
603,260.3,2749835346.191
604,260.4,3522630101.055
605,260.5,4243873294.413
606,260.6,4713166538.979
607,260.7,4806142492.138
608,260.8,4512667656.415
609,260.9,3930615544.321
610,261.0,3211898576.911
611,261.1,2498000000.024
612,261.2,1878748107.102
613,261.3,1390792872.79
614,261.4,1035027277.401
615,261.5,797755842.066
616,261.6,656458006.919
617,261.7,583733209.479
618,261.8,548601826.778
619,261.9,523059523.089
620,262.0,491351902.377
621,262.1,452210931.372
622,262.2,415900000.001
623,262.3,393709604.903
624,262.4,389822087.279
625,262.5,398631595.321
626,262.6,408441868.669
627,262.7,409704593.194
628,262.8,400200000.0
629,262.9,385285366.437
630,263.0,372777118.062
631,263.1,367425287.903
632,263.2,368546183.368
633,263.3,372217361.346
634,263.4,375712543.827
635,263.5,379000247.391
636,263.6,384218712.764
637,263.7,391416714.987
638,263.8,396078582.334
639,263.9,390100000.001
640,264.0,366591254.962
641,264.1,323676565.96
642,264.2,266778793.165
643,264.3,205951091.124
644,264.4,152072090.319
645,264.5,112736812.717
646,264.6,90594288.453
647,264.7,83798771.576
648,264.8,87732031.74
649,264.9,97418244.805
650,265.0,109100000.0
651,265.1,121227753.868
652,265.2,133566311.262
653,265.3,146582249.221
654,265.4,159211143.652
655,265.5,169096085.676
656,265.6,172676853.722
657,265.7,167249698.963
658,265.8,152661699.407
659,265.9,131781930.23
660,266.0,110289829.934
661,266.1,94680000.0
662,266.2,90176748.457
663,266.3,99691326.011
664,266.4,122842195.654
665,266.5,155963432.025
666,266.6,193283906.55
667,266.7,228597732.859
668,266.8,257908895.305
669,266.9,280809741.376
670,267.0,299854885.788
671,267.1,317985673.847
672,267.2,335699999.999
673,267.3,350272280.768
674,267.4,356957623.771
675,267.5,352913608.042
676,267.6,338316418.843
677,267.7,317080399.235
678,267.8,294400000.001
679,267.9,273861824.018
680,268.0,256415376.179
681,268.1,240561057.864
682,268.2,224751102.803
683,268.3,208178943.073
684,268.4,191851828.763
685,268.5,178191118.117
686,268.6,169230090.316
687,268.7,166695852.763
688,268.8,171249901.71
689,268.9,182699999.999
690,269.0,199468372.227
691,269.1,218928425.061
692,269.2,238088436.378
693,269.3,255133644.993
694,269.4,270939754.81
695,269.5,290056153.598
696,269.6,319783999.135
697,269.7,367501896.585
698,269.8,436643810.061
699,269.9,524217592.975
700,270.0,620799999.996
701,270.1,713076013.616
702,270.2,789236179.578
703,270.3,842877393.269
704,270.4,874776780.008
705,270.5,890609822.381
706,270.6,897396081.1
707,270.7,898365534.835
708,270.8,892259310.635
709,270.9,872966815.582
710,271.0,833139097.052
711,271.1,768000000.003
712,271.2,678530116.196
713,271.3,572646216.178
714,271.4,464021158.381
715,271.5,367418185.008
716,271.6,294107930.288
717,271.7,248562539.851
718,271.8,227764881.092
719,271.9,223374607.312
720,272.0,225850707.562
721,272.1,227531142.383
722,272.2,225100000.0
723,272.3,219377259.476
724,272.4,213883189.655
725,272.5,211922890.864
726,272.6,215103393.393
727,272.7,221944077.726
728,272.8,228900000.0
729,272.9,232541054.68
730,273.0,231410008.717
731,273.1,227211062.171
732,273.2,223207615.235
733,273.3,222038726.801
734,273.4,223618732.498
735,273.5,224795641.276
736,273.6,220624271.845
737,273.7,207592600.363
738,273.8,185335745.368
739,273.9,157000000.001
740,274.0,128076246.972
741,274.1,104435301.748
742,274.2,89989442.298
743,274.3,86056912.571
744,274.4,91081167.099
745,274.5,101207258.209
746,274.6,111526526.13
747,274.7,117423512.77
748,274.8,116142980.499
749,274.9,107170925.353
750,275.0,92430000.001
751,275.1,75018672.858
752,275.2,58193713.168
753,275.3,44391500.434
754,275.4,34859138.381
755,275.5,29820603.842
756,275.6,28833670.065
757,275.7,31144568.991
758,275.8,35872557.283
759,275.9,42071757.588
760,276.0,48751304.352
761,276.1,54980000.0
762,276.2,60089898.874
763,276.3,63860440.904
764,276.4,66621088.209
765,276.5,68985595.716
766,276.6,71443549.158
767,276.7,73982555.743
768,276.8,75975380.093
769,276.9,76619318.806
770,277.0,75437005.845
771,277.1,72747364.606
772,277.2,69700000.0
773,277.3,67855575.386
774,277.4,68765904.699
775,277.5,73811145.962
776,277.6,84407908.333
777,277.7,102072540.677
778,277.8,128499999.999
779,277.9,163824636.082
780,278.0,206308794.484
781,278.1,251623763.333
782,278.2,293887405.707
783,278.3,328190284.265
784,278.4,353357091.12
785,278.5,372180849.638
786,278.6,389899509.57
787,278.7,411182631.881
788,278.8,437695196.025
789,278.9,468099999.999
790,279.0,500062744.824
791,279.1,533273467.791
792,279.2,569717139.027
793,279.3,612433094.429
794,279.4,662706371.14
795,279.5,718634904.239
796,279.6,775933989.47
797,279.7,829589823.798
798,279.8,874285268.437
799,279.9,904139516.815
800,280.0,911700000.0
801,280.1,888886960.75
802,280.2,830573633.738
803,280.3,737766575.647
804,280.4,619590745.545
805,280.5,491409938.083
806,280.6,370009495.296
807,280.7,269248055.721
808,280.8,196414145.451
809,280.9,152604778.875
810,281.0,134485824.544
811,281.1,136999999.999
812,281.2,155601605.979
813,281.3,188303824.342
814,281.4,236351516.787
815,281.5,303201807.466
816,281.6,393292413.092
817,281.7,508758999.509
818,281.8,646928463.892
819,281.9,799215868.607
820,282.0,952085891.012
821,282.1,1091917440.745
822,282.2,1204999999.995
823,282.3,1287673362.798
824,282.4,1334295513.163
825,282.5,1344273975.884
826,282.6,1313213603.403
827,282.7,1235363837.546
828,282.8,1112000000.007
829,282.9,947727597.887
830,283.0,759964535.138
831,283.1,569726688.468
832,283.2,397806247.378
833,283.3,258220808.891
834,283.4,155797762.075
835,283.5,87648676.202
836,283.6,46320981.363
837,283.7,23495376.849
838,283.8,12065957.579
839,283.9,7049000.0
840,284.0,5365133.757
841,284.1,5350249.061
842,284.2,6161064.563
843,284.3,7367502.523
844,284.4,8679573.556
845,284.5,9823345.601
846,284.6,10534624.23
847,284.7,10610670.29
848,284.8,10030929.994
849,284.9,8949635.702
850,285.0,7682000.0
851,285.1,6576601.712
852,285.2,5892474.196
853,285.3,5722715.008
854,285.4,5975400.848
855,285.5,6438388.154
856,285.6,6880828.939
857,285.7,7147211.57
858,285.8,7222682.937
859,285.9,7250690.891
860,286.0,7517697.068
861,286.1,8470000.0
862,286.2,10764400.525
863,286.3,15363297.403
864,286.4,23535826.019
865,286.5,36679006.462
866,286.6,55849325.091
867,286.7,81052248.435
868,286.8,110598365.986
869,286.9,140718968.431
870,287.0,166596262.371
871,287.1,183507731.169
872,287.2,188400000.0
873,287.3,181327461.21
874,287.4,165527712.665
875,287.5,146249689.198
876,287.6,128739530.293
877,287.7,116474952.756
878,287.8,110500000.0
879,287.9,109784272.991
880,288.0,112471295.304
881,288.1,117506353.0
882,288.2,125706007.46
883,288.3,139233916.154
884,288.4,161131485.644
885,288.5,193277113.968
886,288.6,235346409.087
887,288.7,283523575.431
888,288.8,330926857.227
889,288.9,369199999.998
890,289.0,390904544.92
891,289.1,391352214.739
892,289.2,371010856.187
893,289.3,334753522.635
894,289.4,290871477.588
895,289.5,247855336.61
896,289.6,212429967.625
897,289.7,187452688.037
898,289.8,171707999.028
899,289.9,161649484.205
900,290.0,152600000.001
901,290.1,141247882.654
902,290.2,126188045.374
903,290.3,108118424.978
904,290.4,89636869.461
905,290.5,73624867.197
906,290.6,62907449.779
907,290.7,59709461.697
908,290.8,65278626.833
909,290.9,79524444.59
910,291.0,100563447.669
911,291.1,124799999.999
912,291.2,146856813.187
913,291.3,161526544.197
914,291.4,164818555.667
915,291.5,155580066.377
916,291.6,135892798.675
917,291.7,109983643.678
918,291.8,83105950.024
919,291.9,59422708.478
920,292.0,41478979.922
921,292.1,30002908.445
922,292.2,24660000.0
923,292.3,25224760.098
924,292.4,32632207.433
925,292.5,49915954.265
926,292.6,82293921.018
927,292.7,136603347.3
928,292.8,219099999.995
929,292.9,333090913.434
930,293.0,475789171.43
931,293.1,637833834.073
932,293.2,805260083.437
933,293.3,964162707.27
934,293.4,1106435219.366
935,293.5,1232192415.316
936,293.6,1344398095.497
937,293.7,1444837160.114
938,293.8,1526540565.621
939,293.9,1571999999.999
940,294.0,1567228429.655
941,294.1,1505282461.963
942,294.2,1403770803.732
943,294.3,1296811292.515
944,294.4,1231657806.015
945,294.5,1244358735.912
946,294.6,1347580468.46
947,294.7,1523247284.798
948,294.8,1720201486.691
949,294.9,1875418589.075
950,295.0,1931000000.0
951,295.1,1858776204.182
952,295.2,1661857134.258
953,295.3,1377852753.718
954,295.4,1058300509.633
955,295.5,753932967.871
956,295.6,499132331.682
957,295.7,308638558.095
958,295.8,180191694.336
959,295.9,101335527.029
960,296.0,57139069.033
961,296.1,34380000.001
962,296.2,23527591.97
963,296.3,18671997.799
964,296.4,16604807.17
965,296.5,15725786.064
966,296.6,15441992.009
967,296.7,15685017.711
968,296.8,16800085.148
969,296.9,19410579.289
970,297.0,24312239.943
971,297.1,32368708.086
972,297.2,44379999.999
973,297.3,61051536.915
974,297.4,82819786.341
975,297.5,109669364.024
976,297.6,140872083.829
977,297.7,174329557.429
978,297.8,207399999.998
979,297.9,237048331.998
980,298.0,262093564.912
981,298.1,285031446.059
982,298.2,313141879.193
983,298.3,357164806.792
984,298.4,428386751.32
985,298.5,532807760.055
986,298.6,665821376.992
987,298.7,810411139.984
988,298.8,939230302.177
989,298.9,1022999999.997
990,299.0,1038132144.665
991,299.1,979993478.409
992,299.2,857584623.325
993,299.3,695447000.189
994,299.4,522368982.976
995,299.5,363596423.9
996,299.6,234557985.021
997,299.7,140313190.259
998,299.8,77925739.295
999,299.9,40272046.962
1000,300.0,19420000.001
1001,300.1,8819272.332
1002,300.2,3894308.429
1003,300.3,1881478.715
1004,300.4,1332142.053
1005,300.5,1618001.245
1006,300.6,2621445.231
1007,300.7,4556730.645
1008,300.8,7892620.501
1009,300.9,13299248.008
1010,301.0,21545743.72
1011,301.1,33319999.999
1012,301.2,49005157.528
1013,301.3,68433570.308
1014,301.4,90726345.404
1015,301.5,114226593.564
1016,301.6,136794756.955
1017,301.7,155759512.913
1018,301.8,168539313.639
1019,301.9,173026495.527
1020,302.0,168510864.022
1021,302.1,155232102.737
1022,302.2,135500000.001
1023,302.3,112471637.46
1024,302.4,90295982.583
1025,302.5,72349248.154
1026,302.6,61185243.936
1027,302.7,57785466.684
1028,302.8,61840000.0
1029,302.9,72226120.275
1030,303.0,88016426.328
1031,303.1,109471447.017
1032,303.2,138977864.78
1033,303.3,180971647.784
1034,303.4,241799829.079
1035,303.5,326974715.155
1036,303.6,439199796.255
1037,303.7,576085528.822
1038,303.8,729735175.036
1039,303.9,888799999.991
1040,304.0,1041697242.404
1041,304.1,1180980334.214
1042,304.2,1302522819.14
1043,304.3,1405570790.206
1044,304.4,1490559614.117
1045,304.5,1555573187.897
1046,304.6,1600433837.36
1047,304.7,1629071988.705
1048,304.8,1650240145.46
1049,304.9,1677069943.553
1050,305.0,1716999999.997
1051,305.1,1765652342.006
1052,305.2,1803971632.717
1053,305.3,1804831817.101
1054,305.4,1745259671.654
1055,305.5,1616311038.401
1056,305.6,1434399676.307
1057,305.7,1235944408.028
1058,305.8,1065382415.833
1059,305.9,966763537.455
1060,306.0,968605193.031
1061,306.1,1075999999.991
1062,306.2,1271341162.795
1063,306.3,1509986355.421
1064,306.4,1736084578.866
1065,306.5,1893206698.498
1066,306.6,1938549791.183
1067,306.7,1855012969.221
1068,306.8,1656801547.678
1069,306.9,1381536737.371
1070,307.0,1077989344.196
1071,307.1,792853863.447
1072,307.2,556600000.013
1073,307.3,381770856.96
1074,307.4,264646893.485
1075,307.5,192147661.558
1076,307.6,148566260.859
1077,307.7,120360607.331
1078,307.8,98650000.001
1079,307.9,79150391.636
1080,308.0,60790148.983
1081,308.1,44178298.046
1082,308.2,30233156.994
1083,308.3,19486291.198
1084,308.4,11877722.868
1085,308.5,6890314.115
1086,308.6,3844291.48
1087,308.7,2091221.511
1088,308.8,1127293.871
1089,308.9,616000.0
1090,309.0,352905.516
1091,309.1,225647.529
1092,309.2,176851.881
1093,309.3,185905.697
1094,309.4,266740.238
1095,309.5,487778.932
1096,309.6,1014860.174
1097,309.7,2183235.526
1098,309.8,4595291.062
1099,309.9,9204279.92
1100,310.0,17319999.999
1101,310.1,30476755.332
1102,310.2,50000865.47
1103,310.3,76403916.362
1104,310.4,108750250.046
1105,310.5,143983641.331
1106,310.6,177513027.495
1107,310.7,203703570.989
1108,310.8,217603479.2
1109,310.9,216339371.914
1110,311.0,200332577.909
1111,311.1,172800000.002
1112,311.2,138993713.885
1113,311.3,104303024.081
1114,311.4,73234808.895
1115,311.5,48429195.903
1116,311.6,30659346.457
1117,311.7,19505879.828
1118,311.8,14058536.128
1119,311.9,13678282.721
1120,312.0,18406839.965
1121,312.1,29104278.333
1122,312.2,47329999.999
1123,312.3,74844481.464
1124,312.4,113020754.115
1125,312.5,162070791.581
1126,312.6,220771345.812
1127,312.7,286406102.405
1128,312.8,354899999.996
1129,312.9,421875614.744
1130,313.0,483344305.623
1131,313.1,536307558.172
1132,313.2,579593110.367
1133,313.3,613713328.922
1134,313.4,641158402.626
1135,313.5,665783919.468
1136,313.6,690616073.71
1137,313.7,716199502.033
1138,313.8,738431935.703
1139,313.9,749500000.0
1140,314.0,739515271.545
1141,314.1,701299975.066
1142,314.2,632928146.859
1143,314.3,540032639.988
1144,314.4,433408740.262
1145,314.5,326207689.341
1146,314.6,229808459.389
1147,314.7,151511176.13
1148,314.8,93482596.926
1149,314.9,54105800.957
1150,315.0,29520000.001
1151,315.1,15326230.32
1152,315.2,7722020.548
1153,315.3,3900182.222
1154,315.4,2093630.493
1155,315.5,1282142.125
1156,315.6,946706.25
1157,315.7,836428.209
1158,315.8,832422.767
1159,315.9,872497.212
1160,316.0,916755.104
1161,316.1,937500.0
1162,316.2,918150.729
1163,316.3,854641.796
1164,316.4,754912.643
1165,316.5,635823.948
1166,316.6,517280.7
1167,316.7,417594.252
1168,316.8,349532.738
1169,316.9,319717.728
1170,317.0,328677.246
1171,317.1,372128.481
1172,317.2,441900.0
1173,317.3,525822.978
1174,317.4,609265.957
1175,317.5,677928.77
1176,317.6,723426.468
1177,317.7,753236.969
1178,317.8,804300.0
1179,317.9,965209.997
1180,318.0,1408448.134
1181,318.1,2430809.405
1182,318.2,4496822.939
1183,318.3,8250913.094
1184,318.4,14476089.526
1185,318.5,23918730.87
1186,318.6,37064058.954
1187,318.7,53794521.216
1188,318.8,73158461.495
1189,318.9,93449999.999
1190,319.0,112529306.594
1191,319.1,128620868.422
1192,319.2,140862346.555
1193,319.3,149920006.761
1194,319.4,157776835.598
1195,319.5,166918726.192
1196,319.6,178704233.762
1197,319.7,192974038.61
1198,319.8,207207458.533
1199,319.9,217402414.467
1200,320.0,219700000.0
1201,320.1,211194186.633
1202,320.2,191840964.478
1203,320.3,163841270.863
1204,320.4,131263511.945
1205,320.5,98556922.029
1206,320.6,69363866.513
1207,320.7,45855825.234
1208,320.8,28687257.523
1209,320.9,17243084.062
1210,321.0,10308144.4
1211,321.1,6496000.0
1212,321.2,4590205.968
1213,321.3,3694528.473
1214,321.4,3229234.486
1215,321.5,2878791.881
1216,321.6,2519377.689
1217,321.7,2145472.517
1218,321.8,1823181.85
1219,321.9,1654389.13
1220,322.0,1755548.888
1221,322.1,2242788.886
1222,322.2,3218000.0
1223,322.3,4746222.117
1224,322.4,6820407.429
1225,322.5,9325065.824
1226,322.6,12034626.27
1227,322.7,14614420.715
1228,322.8,16680000.0
1229,322.9,17916979.389
1230,323.0,18100110.502
1231,323.1,17234184.001
1232,323.2,15496743.212
1233,323.3,13204009.036
1234,323.4,10758719.805
1235,323.5,8505861.165
1236,323.6,6723008.107
1237,323.7,5551534.837
1238,323.8,5010034.497
1239,323.9,5015000.0
1240,324.0,5414334.431
1241,324.1,6016427.381
1242,324.2,6633120.681
1243,324.3,7107577.966
1244,324.4,7350253.776
1245,324.5,7363239.508
1246,324.6,7256780.43
1247,324.7,7237365.824
1248,324.8,7583927.979
1249,324.9,8589579.932
1250,325.0,10490000.0
1251,325.1,13400986.548
1252,325.2,17214908.374
1253,325.3,21612541.03
1254,325.4,26059889.495
1255,325.5,29921286.517
1256,325.6,32578413.59
1257,325.7,33664267.783
1258,325.8,33140518.994
1259,325.9,31399188.373
1260,326.0,29237358.381
1261,326.1,27790000.0
1262,326.2,28395181.231
1263,326.3,32521082.347
1264,326.4,41534155.608
1265,326.5,56587165.542
1266,326.6,78305711.606
1267,326.7,106595670.439
1268,326.8,140132072.165
1269,326.9,176744327.698
1270,327.0,213016072.966
1271,327.1,244822334.074
1272,327.2,268199999.999
1273,327.3,279633407.196
1274,327.4,277175206.626
1275,327.5,260904302.289
1276,327.6,232808628.618
1277,327.7,196587547.177
1278,327.8,157000000.003
1279,327.9,118323685.49
1280,328.0,84064929.893
1281,328.1,56269794.416
1282,328.2,35444216.934
1283,328.3,20999367.198
1284,328.4,11690092.936
1285,328.5,6115803.973
1286,328.6,3007684.439
1287,328.7,1391749.016
1288,328.8,612197.057
1289,328.9,266300.0
1290,329.0,133511.924
1291,329.1,103558.989
1292,329.2,126750.65
1293,329.3,183527.274
1294,329.4,267149.563
1295,329.5,376344.744
1296,329.6,517062.745
1297,329.7,712284.349
1298,329.8,1029885.813
1299,329.9,1627402.58
1300,330.0,2842000.0
1301,330.1,5309766.57
1302,330.2,10121546.955
1303,330.3,18974918.201
1304,330.4,34234799.725
1305,330.5,58729050.809
1306,330.6,95325771.747
1307,330.7,145982274.434
1308,330.8,210687572.279
1309,330.9,286720895.071
1310,331.0,367970214.074
1311,331.1,445699999.995
1312,331.2,510788315.274
1313,331.3,555210242.426
1314,331.4,574732535.69
1315,331.5,569744538.774
1316,331.6,544930421.692
1317,331.7,506800552.69
1318,331.8,462385785.63
1319,331.9,416731793.828
1320,332.0,372604213.137
1321,332.1,330762605.034
1322,332.2,291600000.003
1323,332.3,255954404.208
1324,332.4,226099464.335
1325,332.5,204835743.879
1326,332.6,194886106.922
1327,332.7,197216165.746
1328,332.8,210499999.999
1329,332.9,230461008.971
1330,333.0,251225698.433
1331,333.1,266475264.529
1332,333.2,271539979.21
1333,333.3,264513315.227
1334,333.4,247588004.721
1335,333.5,225901952.402
1336,333.6,206747395.165
1337,333.7,197521748.751
1338,333.8,203950379.553
1339,333.9,229199999.997
1340,334.0,274161221.425
1341,334.1,339258140.296
1342,334.2,428319995.507
1343,334.3,554677294.143
1344,334.4,746699976.996
1345,334.5,1052462421.157
1346,334.6,1538138204.078
1347,334.7,2277977287.2
1348,334.8,3335551887.638
1349,334.9,4734701299.273
1350,335.0,6432999999.861
1351,335.1,8308864243.186
1352,335.2,10173761585.462
1353,335.3,11790985559.941
1354,335.4,12962280427.976
1355,335.5,13546168052.767
1356,335.6,13522986184.753
1357,335.7,12985651944.314
1358,335.8,12080463715.77
1359,335.9,11017023318.031
1360,336.0,9950593848.58
1361,336.1,8992000000.068
1362,336.2,8209899494.747
1363,336.3,7642370544.539
1364,336.4,7322970436.732
1365,336.5,7284633455.795
1366,336.6,7549806307.701
1367,336.7,8108977611.558
1368,336.8,8900529268.457
1369,336.9,9800481612.691
1370,337.0,10639535552.592
1371,337.1,11226418889.949
1372,337.2,11420000000.003
1373,337.3,11139461251.098
1374,337.4,10372107738.236
1375,337.5,9210820486.23
1376,337.6,7808472875.301
1377,337.7,6328133215.575
1378,337.8,4921000000.105
1379,337.9,3688676033.742
1380,338.0,2681796891.452
1381,338.1,1905062053.08
1382,338.2,1330289227.931
1383,338.3,915910372.06
1384,338.4,622006195.337
1385,338.5,414979088.073
1386,338.6,270183811.456
1387,338.7,170290823.29
1388,338.8,103271683.824
1389,338.9,59840000.003
1390,339.0,32980145.002
1391,339.1,17232829.517
1392,339.2,8515101.234
1393,339.3,3976735.971
1394,339.4,1750793.748
1395,339.5,726326.564
1396,339.6,284020.381
1397,339.7,104399.864
1398,339.8,36232.487
1399,339.9,11802.516
1400,340.0,3634.0
1401,340.1,1050.925
1402,340.2,289.356
1403,340.3,83.409
1404,340.4,49.66
1405,340.5,93.452
1406,340.6,236.58
1407,340.7,585.933
1408,340.8,1370.257
1409,340.9,3023.187
1410,341.0,6282.848
1411,341.1,12300.0
1412,341.2,22701.26
1413,341.3,39469.427
1414,341.4,64664.619
1415,341.5,99898.156
1416,341.6,145338.333
1417,341.7,199400.009
1418,341.8,258003.727
1419,341.9,314913.007
1420,342.0,362957.672
1421,342.1,395488.68
1422,342.2,408300.0
1423,342.3,401522.868
1424,342.4,379695.742
1425,342.5,353848.183
1426,342.6,343397.301
1427,342.7,384776.321
1428,342.8,548000.0
1429,342.9,968689.532
1430,343.0,1899152.71
1431,343.1,3771248.596
1432,343.2,7269016.384
1433,343.3,13352877.503
1434,343.4,23259312.938
1435,343.5,38255075.491
1436,343.6,59381088.124
1437,343.7,86973091.157
1438,343.8,120061262.912
1439,343.9,156399999.997
1440,344.0,192068996.919
1441,344.1,222470825.39
1442,344.2,242959609.412
1443,344.3,250288939.165
1444,344.4,242991072.865
1445,344.5,222654719.571
1446,344.6,192344229.015
1447,344.7,156829832.779
1448,344.8,120944788.12
1449,344.9,88632201.157
1450,345.0,62600000.002
1451,345.1,44150181.834
1452,345.2,33539846.675
1453,345.3,30399556.299
1454,345.4,33975114.759
1455,345.5,43348427.731
1456,345.6,57287565.74
1457,345.7,74161815.62
1458,345.8,91836720.608
1459,345.9,107801566.351
1460,346.0,119774761.591
1461,346.1,125700000.0
1462,346.2,124799158.155
1463,346.3,117372122.144
1464,346.4,105230960.494
1465,346.5,90851753.996
1466,346.6,77068122.341
1467,346.7,66522981.52
1468,346.8,61084632.288
1469,346.9,61557960.887
1470,347.0,67640641.125
1471,347.1,77985444.433
1472,347.2,90489999.999
1473,347.3,102758740.86
1474,347.4,112704540.887
1475,347.5,118686470.6
1476,347.6,120502517.876
1477,347.7,118726842.887
1478,347.8,114800000.0
1479,347.9,110605870.967
1480,348.0,107412298.453
1481,348.1,106129466.11
1482,348.2,106808500.3
1483,348.3,108500897.378
1484,348.4,110470944.077
1485,348.5,111425344.751
1486,348.6,110666854.193
1487,348.7,107820045.168
1488,348.8,102553177.251
1489,348.9,95100000.001
1490,349.0,85634933.522
1491,349.1,74634506.452
1492,349.2,62720613.056
1493,349.3,50629472.042
1494,349.4,39132006.937
1495,349.5,28852480.702
1496,349.6,20258067.661
1497,349.7,13513721.334
1498,349.8,8551196.157
1499,349.9,5129656.734
1500,350.0,2915000.0
1501,350.1,1572435.05
1502,350.2,813091.615
1503,350.3,415776.965
1504,350.4,232125.546
1505,350.5,168867.936
1506,350.6,173202.143
1507,350.7,215768.505
1508,350.8,279671.0
1509,350.9,352615.226
1510,351.0,423502.613
1511,351.1,481900.0
1512,351.2,518480.906
1513,351.3,527573.712
1514,351.4,508168.027
1515,351.5,465196.566
1516,351.6,410711.478
1517,351.7,368182.797
1518,351.8,383796.338
1519,351.9,557118.046
1520,352.0,1109942.853
1521,352.1,2511600.83
1522,352.2,5720000.0
1523,352.3,12529561.2
1524,352.4,26073664.993
1525,352.5,51396464.611
1526,352.6,95842589.369
1527,352.7,169067725.008
1528,352.8,282199999.988
1529,352.9,445446541.41
1530,353.0,664994509.523
1531,353.1,938818254.803
1532,353.2,1254047594.498
1533,353.3,1584458400.53
1534,353.4,1893764740.5
1535,353.5,2139862711.39
1536,353.6,2287310560.674
1537,353.7,2313201060.114
1538,353.8,2212544338.014
1539,353.9,2002000000.022
1540,354.0,1712871366.493
1541,354.1,1386659568.643
1542,354.2,1062177716.684
1543,354.3,770630515.383
1544,354.4,531366831.521
1545,354.5,352343850.654
1546,354.6,233357708.226
1547,354.7,171025629.7
1548,354.8,162906764.986
1549,354.9,211032775.433
1550,355.0,322999999.987
1551,355.1,510016374.903
1552,355.2,783547067.304
1553,355.3,1148942660.87
1554,355.4,1600299933.098
1555,355.5,2112698860.132
1556,355.6,2649279531.737
1557,355.7,3158202238.91
1558,355.8,3591228279.27
1559,355.9,3916343566.448
1560,356.0,4133712857.45
1561,356.1,4282999999.988
1562,356.2,4445916640.435
1563,356.3,4733973094.697
1564,356.4,5272398786.066
1565,356.5,6179025364.807
1566,356.6,7541658143.209
1567,356.7,9397379142.907
1568,356.8,11718640177.983
1569,356.9,14410305638.81
1570,357.0,17292042419.937
1571,357.1,20129511965.955
1572,357.2,22679999999.793
1573,357.3,24702380526.783
1574,357.4,26010169548.679
1575,357.5,26510284935.859
1576,357.6,26199842150.169
1577,357.7,25167069949.303
1578,357.8,23570000000.164
1579,357.9,21567423525.031
1580,358.0,19349489641.702
1581,358.1,17048389046.828
1582,358.2,14818777354.977
1583,358.3,12745269500.378
1584,358.4,10920583545.248
1585,358.5,9403320688.171
1586,358.6,8227168264.414
1587,358.7,7377912330.749
1588,358.8,6801846442.309
1589,358.9,6409000000.03
1590,359.0,6092862459.88
1591,359.1,5753554216.291
1592,359.2,5319492737.115
1593,359.3,4763364257.973
1594,359.4,4098858218.103
1595,359.5,3371149937.236
1596,359.6,2643570486.097
1597,359.7,1974084472.736
1598,359.8,1406085914.878
1599,359.9,965263005.121
1600,360.0,661400000.021
1601,360.1,498741001.699
1602,360.2,487271519.755
1603,360.3,653734622.943
1604,360.4,1048989920.746
1605,360.5,1751395861.895
1606,360.6,2852988018.459
1607,360.7,4446286828.283
1608,360.8,6585683549.856
1609,360.9,9251740143.113
1610,361.0,12332621238.603
1611,361.1,15589999999.702
1612,361.2,18681791930.677
1613,361.3,21231765234.172
1614,361.4,22871885154.178
1615,361.5,23371530594.031
1616,361.6,22646178399.749
1617,361.7,20824960764.881
1618,361.8,18186853989.305
1619,361.9,15130972104.115
1620,362.0,12061934244.775
1621,362.1,9363194180.498
1622,362.2,7293000000.156
1623,362.3,6017640354.845
1624,362.4,5593601410.207
1625,362.5,5982342650.289
1626,362.6,7068603557.374
1627,362.7,8665082954.586
1628,362.8,10529999999.824
1629,362.9,12374429579.028
1630,363.0,13930192898.135
1631,363.1,14953630431.422
1632,363.2,15311198689.617
1633,363.3,14995355640.066
1634,363.4,14124982689.551
1635,363.5,12950330287.068
1636,363.6,11743923748.44
1637,363.7,10794130855.421
1638,363.8,10290926775.348
1639,363.9,10329999999.972
1640,364.0,10859189241.986
1641,364.1,11718306829.956
1642,364.2,12680703704.426
1643,364.3,13495712790.299
1644,364.4,13949682657.0
1645,364.5,13924541326.109
1646,364.6,13394951981.215
1647,364.7,12435442084.371
1648,364.8,11183665436.393
1649,364.9,9778828101.953
1650,365.0,8374000000.128
1651,365.1,7064642687.534
1652,365.2,5898689346.162
1653,365.3,4885826431.807
1654,365.4,4009148177.898
1655,365.5,3244096337.171
1656,365.6,2573902106.366
1657,365.7,1988514463.166
1658,365.8,1486203335.125
1659,365.9,1069425965.566
1660,366.0,738159477.755
1661,366.1,487300000.02
1662,366.2,307117339.43
1663,366.3,184852753.097
1664,366.4,106416575.067
1665,366.5,59111856.341
1666,366.6,32728201.522
1667,366.7,19858717.557
1668,366.8,15853465.002
1669,366.9,18249721.642
1670,367.0,26123272.9
1671,367.1,39397492.539
1672,367.2,58279999.998
1673,367.3,82668285.833
1674,367.4,111733010.047
1675,367.5,143602992.823
1676,367.6,175393265.364
1677,367.7,203533084.11
1678,367.8,224399999.998
1679,367.9,235121215.872
1680,368.0,233996347.834
1681,368.1,221269108.31
1682,368.2,198792104.541
1683,368.3,169824766.408
1684,368.4,137766317.112
1685,368.5,106288844.769
1686,368.6,77953332.208
1687,368.7,54381531.058
1688,368.8,36101092.062
1689,368.9,22860000.001
1690,369.0,13849619.576
1691,369.1,8094701.859
1692,369.2,4658183.732
1693,369.3,2753754.413
1694,369.4,1799595.77
1695,369.5,1403586.654
1696,369.6,1323573.701
1697,369.7,1425144.654
1698,369.8,1643116.725
1699,369.9,1954898.422
1700,370.0,2355000.0
1701,370.1,2840417.623
1702,370.2,3394925.795
1703,370.3,3983782.93
1704,370.4,4551021.487
1705,370.5,5029638.174
1706,370.6,5352520.486
1707,370.7,5468480.855
1708,370.8,5361606.358
1709,370.9,5051273.314
1710,371.0,4591889.812
1711,371.1,4065000.0
1712,371.2,3556133.456
1713,371.3,3139675.128
1714,371.4,2866384.848
1715,371.5,2748927.735
1716,371.6,2768201.942
1717,371.7,2877333.073
1718,371.8,3017467.199
1719,371.9,3128776.1
1720,372.0,3167047.733
1721,372.1,3115764.226
1722,372.2,2982000.0
1723,372.3,2800977.401
1724,372.4,2618197.932
1725,372.5,2483596.962
1726,372.6,2434092.675
1727,372.7,2486347.858
1728,372.8,2630000.0
1729,372.9,2832100.947
1730,373.0,3046066.562
1731,373.1,3216640.856
1732,373.2,3297768.596
1733,373.3,3256363.133
1734,373.4,3085288.849
1735,373.5,2798486.351
1736,373.6,2428704.068
1737,373.7,2018953.245
1738,373.8,1613707.151
1739,373.9,1251000.0
1740,374.0,954891.831
1741,374.1,737347.835
1742,374.2,597215.66
1743,374.3,523495.113
1744,374.4,499328.603
1745,374.5,505692.59
1746,374.6,525215.102
1747,374.7,543834.761
1748,374.8,552600.291
1749,374.9,548422.406
1750,375.0,532700.0
1751,375.1,510243.695
1752,375.2,486819.867
1753,375.3,467379.865
1754,375.4,454170.232
1755,375.5,446900.21
1756,375.6,442729.608
1757,375.7,438333.57
1758,375.8,431183.253
1759,375.9,421184.064
1760,376.0,410811.272
1761,376.1,404900.0
1762,376.2,409495.172
1763,376.3,429738.196
1764,376.4,468519.083
1765,376.5,525567.717
1766,376.6,596745.994
1767,376.7,675227.547
1768,376.8,752119.959
1769,376.9,818612.823
1770,377.0,867075.761
1771,377.1,891934.977
1772,377.2,890700.0
1773,377.3,863826.198
1774,377.4,814374.814
1775,377.5,747627.067
1776,377.6,670605.473
1777,377.7,591412.124
1778,377.8,518700.0
1779,377.9,461336.944
1780,378.0,427105.308
1781,378.1,422927.913
1782,378.2,453477.023
1783,378.3,520946.812
1784,378.4,623872.007
1785,378.5,757067.092
1786,378.6,911217.786
1787,378.7,1073155.275
1788,378.8,1227607.958
1789,378.9,1359000.0
1790,379.0,1457521.788
1791,379.1,1517234.798
1792,379.2,1546805.582
1793,379.3,1565636.384
1794,379.4,1608752.337
1795,379.5,1721013.719
1796,379.6,1962570.674
1797,379.7,2394903.789
1798,379.8,3083391.981
1799,379.9,4085333.835
1800,380.0,5438000.0
1801,380.1,7146991.665
1802,380.2,9164211.764
1803,380.3,11394652.469
1804,380.4,13660287.442
1805,380.5,15766831.777
1806,380.6,17476115.74
1807,380.7,18573367.627
1808,380.8,18924315.027
1809,380.9,18481253.653
1810,381.0,17301634.987
1811,381.1,15550000.0
1812,381.2,13463757.921
1813,381.3,11318541.502
1814,381.4,9385469.92
1815,381.5,7875455.736
1816,381.6,6953255.634
1817,381.7,6695701.453
1818,381.8,7098521.007
1819,381.9,8079594.868
1820,382.0,9484315.439
1821,382.1,11109924.106
1822,382.2,12710000.0
1823,382.3,14069792.393
1824,382.4,15007593.235
1825,382.5,15424901.471
1826,382.6,15347327.433
1827,382.7,14872948.508
1828,382.8,14180000.0
1829,382.9,13475601.459
1830,383.0,12918628.611
1831,383.1,12634214.317
1832,383.2,12628923.713
1833,383.3,12875807.13
1834,383.4,13249331.708
1835,383.5,13627183.174
1836,383.6,13899994.636
1837,383.7,13987379.789
1838,383.8,13846312.09
1839,383.9,13490000.0
1840,384.0,12921742.535
1841,384.1,12179588.089
1842,384.2,11292141.12
1843,384.3,10319050.382
1844,384.4,9333533.404
1845,384.5,8445253.203
1846,384.6,7844924.113
1847,384.7,7815686.962
1848,384.8,8762095.658
1849,384.9,11213117.146
1850,385.0,15829999.999
1851,385.1,23347653.121
1852,385.2,34424821.223
1853,385.3,49556886.45
1854,385.4,68782223.092
1855,385.5,91530915.6
1856,385.6,116539809.496
1857,385.7,141631568.502
1858,385.8,164450222.891
1859,385.9,182209526.878
1860,386.0,192621890.167
1861,386.1,194500000.0
1862,386.2,187299730.771
1863,386.3,172263270.088
1864,386.4,151176110.367
1865,386.5,126631826.116
1866,386.6,101217773.955
1867,386.7,77250431.755
1868,386.8,56302680.919
1869,386.9,39206860.336
1870,387.0,26111691.504
1871,387.1,16657963.443
1872,387.2,10210000.001
1873,387.3,6048386.633
1874,387.4,3492186.894
1875,387.5,1994924.322
1876,387.6,1150539.993
1877,387.7,686883.995
1878,387.8,434300.0
1879,387.9,295892.887
1880,388.0,220626.579
1881,388.1,183706.109
1882,388.2,173894.51
1883,388.3,186271.964
1884,388.4,217476.379
1885,388.5,264274.138
1886,388.6,322878.173
1887,388.7,389375.805
1888,388.8,461874.786
1889,388.9,543400.0
1890,389.0,647549.844
1891,389.1,807849.827
1892,389.2,1091615.396
1893,389.3,1621834.933
1894,389.4,2610142.863
1895,389.5,4396567.924
1896,389.6,7500239.955
1897,389.7,12651378.692
1898,389.8,20829420.524
1899,389.9,33237633.55
1900,390.0,51169999.998
1901,390.1,75905149.722
1902,390.2,108398045.556
1903,390.3,149033094.05
1904,390.4,197347212.75
1905,390.5,251631975.567
1906,390.6,309315438.653
1907,390.7,366496791.94
1908,390.8,418883583.379
1909,390.9,461741774.924
1910,391.0,491043190.958
1911,391.1,503800000.0
1912,391.2,498451032.232
1913,391.3,475408598.098
1914,391.4,436840742.26
1915,391.5,386570406.938
1916,391.6,329327371.19
1917,391.7,269785335.01
1918,391.8,212635572.62
1919,391.9,161157903.428
1920,392.0,117636062.533
1921,392.1,82916197.41
1922,392.2,56800000.002
1923,392.3,38329478.849
1924,392.4,26151628.658
1925,392.5,18841827.544
1926,392.6,15087778.956
1927,392.7,13831665.409
1928,392.8,14250000.0
1929,392.9,15708936.103
1930,393.0,17716832.918
1931,393.1,19862479.439
1932,393.2,21765569.72
1933,393.3,23124238.573
1934,393.4,23697407.741
1935,393.5,23361524.836
1936,393.6,22118798.752
1937,393.7,20084558.973
1938,393.8,17472520.25
1939,393.9,14560000.0
1940,394.0,11622981.165
1941,394.1,8891251.649
1942,394.2,6520641.122
1943,394.3,4599200.649
1944,394.4,3140528.811
1945,394.5,2106879.837
1946,394.6,1429576.754
1947,394.7,1032326.921
1948,394.8,836917.128
1949,394.9,777657.527
1950,395.0,799600.0
1951,395.1,859765.135
1952,395.2,925416.816
1953,395.3,973275.661
1954,395.4,988728.656
1955,395.5,965034.018
1956,395.6,903254.041
1957,395.7,809854.086
1958,395.8,695317.594
1959,395.9,571715.146
1960,396.0,450290.378
1961,396.1,340000.0
1962,396.2,246730.826
1963,396.3,173218.376
1964,396.4,119886.757
1965,396.5,85461.557
1966,396.6,68395.512
1967,396.7,67287.651
1968,396.8,81706.049
1969,396.9,112187.008
1970,397.0,160255.506
1971,397.1,227962.612
1972,397.2,318100.0
1973,397.3,433334.505
1974,397.4,576351.916
1975,397.5,749623.29
1976,397.6,955020.699
1977,397.7,1193308.338
1978,397.8,1465000.0
1979,397.9,1766669.607
1980,398.0,2094587.42
1981,398.1,2441830.113
1982,398.2,2803163.359
1983,398.3,3179357.053
1984,398.4,3578571.256
1985,398.5,4026582.624
1986,398.6,4567313.219
1987,398.7,5267329.409
1988,398.8,6205743.481
1989,398.9,7465000.0
1990,399.0,9108169.055
1991,399.1,11149599.391
1992,399.2,13531304.918
1993,399.3,16141363.633
1994,399.4,18739606.108
1995,399.5,21083755.046
1996,399.6,22873064.486
1997,399.7,23889597.004
1998,399.8,23966124.566
1999,399.9,23085442.024
2000,400.0,21330000.0
2001,400.1,18902539.364
2002,400.2,16084719.568
2003,400.3,13183634.105
2004,400.4,10477908.999
2005,400.5,8230871.344
2006,400.6,6669287.699
2007,400.7,6032025.734
2008,400.8,6609596.561
2009,400.9,8809113.496
2010,401.0,13189128.579
2011,401.1,20499999.999
2012,401.2,31633019.727
2013,401.3,47555250.549
2014,401.4,69114773.038
2015,401.5,96935568.639
2016,401.6,130879236.435
2017,401.7,170463600.947
2018,401.8,213744766.88
2019,401.9,258266797.298
2020,402.0,300779126.472
2021,402.1,337688382.873
2022,402.2,365699999.997
2023,402.3,382182676.744
2024,402.4,385793373.8
2025,402.5,376508874.427
2026,402.6,355917436.853
2027,402.7,326586623.061
2028,402.8,291900000.004
2029,402.9,255122796.898
2030,403.0,219141857.332
2031,403.1,186237038.445
2032,403.2,157417247.522
2033,403.3,133269655.669
2034,403.4,113402787.104
2035,403.5,97459036.845
2036,403.6,84580985.318
2037,403.7,74365367.461
2038,403.8,66318945.832
2039,403.9,60110000.001
2040,404.0,55506828.077
2041,404.1,52263286.994
2042,404.2,50126243.793
2043,404.3,48861185.126
2044,404.4,48210649.56
2045,404.5,47946117.523
2046,404.6,47917942.138
2047,404.7,48021523.095
2048,404.8,48190910.466
2049,404.9,48396648.003
2050,405.0,48610000.0
2051,405.1,48778242.924
2052,405.2,48817266.84
2053,405.3,48585222.852
2054,405.4,47949715.395
2055,405.5,46770378.833
2056,405.6,44981405.256
2057,405.7,42544584.651
2058,405.8,39557007.95
2059,405.9,36164660.26
2060,406.0,32593986.466
2061,406.1,29080000.0
2062,406.2,25819832.439
2063,406.3,22964112.454
2064,406.4,20609380.979
2065,406.5,18760360.967
2066,406.6,17383553.131
2067,406.7,16432989.326
2068,406.8,15864014.138
2069,406.9,15647559.342
2070,407.0,15810723.194
2071,407.1,16403525.721
2072,407.2,17500000.0
2073,407.3,19187366.235
2074,407.4,21516137.756
2075,407.5,24512270.534
2076,407.6,28159091.699
2077,407.7,32320818.467
2078,407.8,36839999.999
2079,407.9,41440398.535
2080,408.0,45788553.144
2081,408.1,49531401.083
2082,408.2,52329923.571
2083,408.3,53890832.879
2084,408.4,54028849.025
2085,408.5,52731323.184
2086,408.6,50078474.955
2087,408.7,46323270.089
2088,408.8,41791537.798
2089,408.9,36860000.001
2090,409.0,31875890.242
2091,409.1,27155232.873
2092,409.2,22900417.125
2093,409.3,19238103.846
2094,409.4,16183548.313
2095,409.5,13694998.625
2096,409.6,11691353.488
2097,409.7,10054972.654
2098,409.8,8692023.447
2099,409.9,7510397.278
2100,410.0,6458000.0
2101,410.1,5504224.394
2102,410.2,4637138.091
2103,410.3,3859671.646
2104,410.4,3178080.312
2105,410.5,2599226.385
2106,410.6,2123020.817
2107,410.7,1747444.553
2108,410.8,1461868.867
2109,410.9,1253558.816
2110,411.0,1108587.977
2111,411.1,1013000.0
2112,411.2,952782.505
2113,411.3,917847.541
2114,411.4,899219.327
2115,411.5,891853.491
2116,411.6,895066.927
2117,411.7,913622.056
2118,411.8,959680.691
2119,411.9,1054788.877
2120,412.0,1233429.363
2121,412.1,1542426.723
2122,412.2,2044000.0
2123,412.3,2817916.454
2124,412.4,3948171.084
2125,412.5,5523132.1
2126,412.6,7613070.058
2127,412.7,10254893.575
2128,412.8,13450000.0
2129,412.9,17131397.49
2130,413.0,21182476.109
2131,413.1,25427924.366
2132,413.2,29676784.389
2133,413.3,33749156.603
2134,413.4,37472618.985
2135,413.5,40715018.906
2136,413.6,43359058.315
2137,413.7,45328514.053
2138,413.8,46561484.845
2139,413.9,46960000.0
2140,414.0,46492318.542
2141,414.1,45095116.978
2142,414.2,42809417.596
2143,414.3,39705624.626
2144,414.4,35953196.002
2145,414.5,31757373.135
2146,414.6,27369721.107
2147,414.7,23037877.581
2148,414.8,18973089.324
2149,414.9,15321720.782
2150,415.0,12180000.0
2151,415.1,9584319.299
2152,415.2,7523481.41
2153,415.3,5967782.91
2154,415.4,4871024.448
2155,415.5,4179043.953
2156,415.6,3835534.535
2157,415.7,3777070.426
2158,415.8,3935146.293
2159,415.9,4232208.393
2160,416.0,4591414.639
2161,416.1,4938000.0
2162,416.2,5208174.268
2163,416.3,5359196.068
2164,416.4,5372677.041
2165,416.5,5253938.975
2166,416.6,5028875.477
2167,416.7,4736934.955
2168,416.8,4417982.03
2169,416.9,4107329.445
2170,417.0,3829730.124
2171,417.1,3594994.602
2172,417.2,3401000.0
2173,417.3,3241261.586
2174,417.4,3104960.233
2175,417.5,2987759.047
2176,417.6,2892824.742
2177,417.7,2831567.324
2178,417.8,2822000.0
2179,417.9,2884455.862
2180,418.0,3040359.928
2181,418.1,3300438.203
2182,418.2,3664001.67
2183,418.3,4115165.653
2184,418.4,4621958.97
2185,418.5,5139467.59
2186,418.6,5616384.065
2187,418.7,6001361.278
2188,418.8,6249838.585
2189,418.9,6336000.0
2190,419.0,6250440.603
2191,419.1,6007234.361
2192,419.2,5637640.876
2193,419.3,5187100.119
2194,419.4,4708409.016
2195,419.5,4254190.763
2196,419.6,3873695.442
2197,419.7,3605545.241
2198,419.8,3477217.585
2199,419.9,3500795.008
2200,420.0,3676000.0
2201,420.1,3986933.99
2202,420.2,4408191.111
2203,420.3,4910416.165
2204,420.4,5462184.778
2205,420.5,6037827.61
2206,420.6,6620185.925
2207,420.7,7201208.32
2208,420.8,7782620.75
2209,420.9,8366431.036
2210,421.0,8950607.681
2211,421.1,9527000.0
2212,421.2,10073229.25
2213,421.3,10569408.181
2214,421.4,10965671.743
2215,421.5,11229752.467
2216,421.6,11347094.72
2217,421.7,11297900.2
2218,421.8,11099213.905
2219,421.9,10783837.884
2220,422.0,10406438.67
2221,422.1,10031998.335
2222,422.2,9734000.0
2223,422.3,9601178.58
2224,422.4,9739276.985
2225,422.5,10298643.595
2226,422.6,11509093.789
2227,422.7,13762529.478
2228,422.8,17799999.999
2229,422.9,24910026.001
2230,423.0,37442795.94
2231,423.1,59293461.377
2232,423.2,96912209.297
2233,423.3,159889728.465
2234,423.4,262662916.709
2235,423.5,424194432.201
2236,423.6,668830675.092
2237,423.7,1023776749.04
2238,423.8,1517072062.641
2239,423.9,2171999999.906
2240,424.0,2999245962.773
2241,424.1,3991774648.374
2242,424.2,5117165693.431
2243,424.3,6316255132.375
2244,424.4,7505516199.252
2245,424.5,8582777605.882
2246,424.6,9447090067.188
2247,424.7,10005871783.244
2248,424.8,10198057789.84
2249,424.9,10001812755.246
2250,425.0,9438000000.093
2251,425.1,8569960247.729
2252,425.2,7486559444.05
2253,425.3,6293215952.674
2254,425.4,5090053097.475
2255,425.5,3961233585.98
2256,425.6,2966631627.872
2257,425.7,2137207948.981
2258,425.8,1482567594.576
2259,425.9,989261333.794
2260,426.0,635420909.84
2261,426.1,393200000.025
2262,426.2,234576317.898
2263,426.3,135232176.322
2264,426.4,75561335.883
2265,426.5,41254885.47
2266,426.6,22314677.631
2267,426.7,12231814.601
2268,426.8,7039424.435
2269,426.9,4396877.643
2270,427.0,3041601.763
2271,427.1,2309917.445
2272,427.2,1886000.0
2273,427.3,1630162.905
2274,427.4,1491095.747
2275,427.5,1452325.195
2276,427.6,1516230.625
2277,427.7,1694243.543
2278,427.8,2010000.0
2279,427.9,2517322.632
2280,428.0,3307435.393
2281,428.1,4535254.29
2282,428.2,6436217.669
2283,428.3,9334742.985
2284,428.4,13647931.586
2285,428.5,19849517.737
2286,428.6,28417075.46
2287,428.7,39758321.234
2288,428.8,54074910.174
2289,428.9,71289999.998
2290,429.0,90940565.461
2291,429.1,112162691.74
2292,429.2,133795166.304
2293,429.3,154643877.539
2294,429.4,173380587.713
2295,429.5,189262869.043
2296,429.6,202415718.871
2297,429.7,213531264.035
2298,429.8,224837557.7
2299,429.9,239487918.97
2300,430.0,261999999.996
2301,430.1,297837748.088
2302,430.2,353703294.337
2303,430.3,437206717.741
2304,430.4,556717470.329
2305,430.5,720811968.993
2306,430.6,937364178.362
2307,430.7,1211845225.019
2308,430.8,1547034964.491
2309,430.9,1938564436.946
2310,431.0,2377817994.889
2311,431.1,2847999999.937
2312,431.2,3327771340.854
2313,431.3,3793892515.904
2314,431.4,4222754657.331
2315,431.5,4592756269.599
2316,431.6,4890573666.257
2317,431.7,5106877020.728
2318,431.8,5239915455.806
2319,431.9,5290841461.639
2320,432.0,5264313395.68
2321,432.1,5165301289.024
2322,432.2,4996000000.027
2323,432.3,4761743622.685
2324,432.4,4466283678.293
2325,432.5,4115294597.141
2326,432.6,3717338732.158
2327,432.7,3287273724.662
2328,432.8,2839000000.06
2329,432.9,2392575810.911
2330,433.0,1962706771.669
2331,433.1,1565492645.839
2332,433.2,1214246198.326
2333,433.3,913459999.492
2334,433.4,666393812.027
2335,433.5,471082405.739
2336,433.6,322412609.028
2337,433.7,213538132.224
2338,433.8,136801511.211
2339,433.9,84720000.006
2340,434.0,50699851.86
2341,434.1,29304337.089
2342,434.2,16356339.128
2343,434.3,8816374.528
2344,434.4,4585292.568
2345,434.5,2300633.329
2346,434.6,1114407.487
2347,434.7,520341.457
2348,434.8,235579.645
2349,434.9,105369.911
2350,435.0,52290.0
2351,435.1,41452.969
2352,435.2,65237.159
2353,435.3,138530.944
2354,435.4,306069.694
2355,435.5,659933.54
2356,435.6,1375165.576
2357,435.7,2763964.696
2358,435.8,5356161.801
2359,435.9,10009952.17
2360,436.0,18040972.291
2361,436.1,31359999.998
2362,436.2,52564355.704
2363,436.3,84925529.426
2364,436.4,132365361.12
2365,436.5,198952632.516
2366,436.6,288211400.697
2367,436.7,402714523.91
2368,436.8,542629100.822
2369,436.9,705000702.977
2370,437.0,883310614.884
2371,437.1,1066766215.039
2372,437.2,1242999999.977
2373,437.3,1396921071.495
2374,437.4,1513161574.962
2375,437.5,1580528059.891
2376,437.6,1591767617.011
2377,437.7,1546567005.719
2378,437.8,1448000000.016
2379,437.9,1308232322.488
2380,438.0,1139234283.062
2381,438.1,957467203.0
2382,438.2,776378768.243
2383,438.3,607790430.946
2384,438.4,460611858.453
2385,438.5,339801070.457
2386,438.6,247335451.042
2387,438.7,183114619.948
2388,438.8,145980581.473
2389,438.9,134500000.0
2390,439.0,147539997.908
2391,439.1,184653088.113
2392,439.2,245703733.711
2393,439.3,329976674.007
2394,439.4,435850438.793
2395,439.5,559653914.91
2396,439.6,695678181.676
2397,439.7,835306500.728
2398,439.8,968070230.272
2399,439.9,1083891651.027
2400,440.0,1170999999.99
2401,440.1,1222194704.737
2402,440.2,1234534241.99
2403,440.3,1208234037.362
2404,440.4,1148972657.351
2405,440.5,1066953547.843
2406,440.6,975259693.599
2407,440.7,886638326.834
2408,440.8,813223031.992
2409,440.9,763713088.421
2410,441.0,742519104.946
2411,441.1,748999999.997
2412,441.2,778328286.767
2413,441.3,821660254.674
2414,441.4,868372051.301
2415,441.5,907396126.962
2416,441.6,929078754.93
2417,441.7,926525312.635
2418,441.8,896484872.671
2419,441.9,839843444.686
2420,442.0,760615653.541
2421,442.1,665549979.977
2422,442.2,562200000.014
2423,442.3,458519409.703
2424,442.4,360984980.134
2425,442.5,274252897.839
2426,442.6,201121384.09
2427,442.7,142487998.671
2428,442.8,97460000.005
2429,442.9,64501699.582
2430,443.0,41396089.701
2431,443.1,25897062.061
2432,443.2,15958235.956
2433,443.3,9869695.685
2434,443.4,6318147.115
2435,443.5,4349739.288
2436,443.6,3316774.479
2437,443.7,2802989.62
2438,443.8,2561150.538
2439,443.9,2459000.0
2440,444.0,2443882.891
2441,444.1,2507505.43
2442,444.2,2674446.888
2443,444.3,2980596.714
2444,444.4,3464538.226
2445,444.5,4157329.238
2446,444.6,5075863.11
2447,444.7,6217917.869
2448,444.8,7562068.918
2449,444.9,9067984.41
2450,445.0,10680000.0
2451,445.1,12330428.205
2452,445.2,13966412.168
2453,445.3,15522892.63
2454,445.4,16951265.081
2455,445.5,18223855.165
2456,445.6,19287247.731
2457,445.7,20142259.155
2458,445.8,20756447.42
2459,445.9,21116470.5
2460,446.0,21190509.643
2461,446.1,20970000.0
2462,446.2,20444058.757
2463,446.3,19621793.955
2464,446.4,18518459.728
2465,446.5,17185280.322
2466,446.6,15687081.733
2467,446.7,14076875.906
2468,446.8,12442855.944
2469,446.9,10837525.19
2470,447.0,9330559.903
2471,447.1,7951244.395
2472,447.2,6723000.0
2473,447.3,5654155.892
2474,447.4,4739359.884
2475,447.5,3966521.087
2476,447.6,3318464.121
2477,447.7,2778584.13
2478,447.8,2334000.0
2479,447.9,1971394.3
2480,448.0,1681716.246
2481,448.1,1459625.183
2482,448.2,1299049.33
2483,448.3,1195376.559
2484,448.4,1145232.998
2485,448.5,1143248.577
2486,448.6,1183631.184
2487,448.7,1259913.662
2488,448.8,1366015.999
2489,448.9,1496000.0
2490,449.0,1646673.088
2491,449.1,1815271.259
2492,449.2,2001830.054
2493,449.3,2207663.054
2494,449.4,2431620.102
2495,449.5,2672810.041
2496,449.6,2926128.575
2497,449.7,3179191.349
2498,449.8,3417241.334
2499,449.9,3620477.13
2500,450.0,3768000.0
2501,450.1,3842076.374
2502,450.2,3828154.055
2503,450.3,3719649.094
2504,450.4,3519872.828
2505,450.5,3240738.999
2506,450.6,2898694.115
2507,450.7,2519248.831
2508,450.8,2124667.87
2509,450.9,1738902.266
2510,451.0,1380208.604
2511,451.1,1063000.0
2512,451.2,792966.494
2513,451.3,573601.62
2514,451.4,402034.23
2515,451.5,273037.563
2516,451.6,179568.737
2517,451.7,114453.915
2518,451.8,70622.604
2519,451.9,42252.247
2520,452.0,24581.834
2521,452.1,14087.688
2522,452.2,8335.0
2523,452.3,5829.4
2524,452.4,5898.485
2525,452.5,8641.539
2526,452.6,14967.623
2527,452.7,26763.101
2528,452.8,47120.0
2529,452.9,80633.944
2530,453.0,133758.525
2531,453.1,214771.926
2532,453.2,333827.886
2533,453.3,502292.269
2534,453.4,731574.35
2535,453.5,1031552.581
2536,453.6,1407822.329
2537,453.7,1860587.646
2538,453.8,2379138.605
2539,453.9,2946000.0
2540,454.0,3531722.841
2541,454.1,4097575.35
2542,454.2,4603441.889
2543,454.3,5006152.884
2544,454.4,5269402.573
2545,454.5,5369266.184
2546,454.6,5296701.149
2547,454.7,5057358.887
2548,454.8,4674887.305
2549,454.9,4182111.096
2550,455.0,3622000.0
2551,455.1,3035621.846
2552,455.2,2462466.342
2553,455.3,1933981.172
2554,455.4,1470074.901
2555,455.5,1080625.98
2556,455.6,769234.9
2557,455.7,529784.482
2558,455.8,353109.998
2559,455.9,227728.4
2560,456.0,142107.33
2561,456.1,85820.0
2562,456.2,50142.411
2563,456.3,28338.998
2564,456.4,15502.762
2565,456.5,8203.653
2566,456.6,4198.957
2567,456.7,2079.141
2568,456.8,996.036
2569,456.9,461.437
2570,457.0,206.98
2571,457.1,89.712
2572,457.2,37.65
2573,457.3,15.286
2574,457.4,6.008
2575,457.5,2.335
2576,457.6,1.001
2577,457.7,0.748
2578,457.8,1.278
2579,457.9,2.997
2580,458.0,7.25
2581,458.1,17.092
2582,458.2,39.086
2583,458.3,86.456
2584,458.4,185.099
2585,458.5,383.277
2586,458.6,768.626
2587,458.7,1491.342
2588,458.8,2799.442
2589,458.9,5086.0
2590,459.0,8942.818
2591,459.1,15215.363
2592,459.2,25047.779
2593,459.3,39913.67
2594,459.4,61552.376
2595,459.5,91846.821
2596,459.6,132678.801
2597,459.7,185361.318
2598,459.8,250595.557
2599,459.9,328021.007
2600,460.0,415400.0
2601,460.1,509100.754
2602,460.2,603746.174
2603,460.3,693011.822
2604,460.4,769744.935
2605,460.5,827489.017
2606,460.6,860946.814
2607,460.7,867061.47
2608,460.8,845469.496
2609,460.9,798628.916
2610,461.0,731462.14
2611,461.1,651000.0
2612,461.2,564986.228
2613,461.3,481648.675
2614,461.4,408506.779
2615,461.5,352039.855
2616,461.6,316977.826
2617,461.7,306860.224
2618,461.8,322921.111
2619,461.9,364913.954
2620,462.0,430566.492
2621,462.1,515723.227
2622,462.2,614400.0
2623,462.3,718866.672
2624,462.4,820381.103
2625,462.5,909708.315
2626,462.6,978400.003
2627,462.7,1019588.674
2628,462.8,1029000.0
2629,462.9,1005755.751
2630,463.0,951567.776
2631,463.1,871519.309
2632,463.2,772790.303
2633,463.3,663232.354
2634,463.4,551080.539
2635,463.5,443246.274
2636,463.6,345087.711
2637,463.7,260084.418
2638,463.8,189717.233
2639,463.9,134000.0
2640,464.0,91653.064
2641,464.1,60760.699
2642,464.2,39208.628
2643,464.3,25037.329
2644,464.4,16815.59
2645,464.5,14017.027
2646,464.6,17696.681
2647,464.7,31526.287
2648,464.8,64055.064
2649,464.9,132081.064
2650,465.0,267200.0
2651,465.1,524810.794
2652,465.2,999527.107
2653,465.3,1843729.623
2654,465.4,3295431.828
2655,465.5,5703741.428
2656,465.6,9563412.17
2657,465.7,15529368.906
2658,465.8,24433062.45
2659,465.9,37222260.481
2660,466.0,54929997.514
2661,466.1,78519999.996
2662,466.2,108734555.046
2663,466.3,145821605.291
2664,466.4,189364382.94
2665,466.5,238283877.119
2666,466.6,290419773.924
2667,466.7,342747389.794
2668,466.8,391905605.907
2669,466.9,434033839.882
2670,467.0,465614037.232
2671,467.1,483753996.849
2672,467.2,486900000.001
2673,467.3,474595491.861
2674,467.4,448107017.617
2675,467.5,409835725.549
2676,467.6,363026790.421
2677,467.7,311471547.635
2678,467.8,258900000.008
2679,467.9,208405835.987
2680,468.0,162523146.501
2681,468.1,122723731.945
2682,468.2,89769642.413
2683,468.3,63612334.226
2684,468.4,43660833.869
2685,468.5,29026238.574
2686,468.6,18685180.115
2687,468.7,11658909.395
2688,468.8,7052137.906
2689,468.9,4141000.0
2690,469.0,2373836.17
2691,469.1,1352422.671
2692,469.2,804212.745
2693,469.3,558426.918
2694,469.4,515516.061
2695,469.5,627071.202
2696,469.6,878882.465
2697,469.7,1278551.379
2698,469.8,1847465.181
2699,469.9,2610089.069
2700,470.0,3590000.0
2701,470.1,4798343.762
2702,470.2,6234528.377
2703,470.3,7870374.124
2704,470.4,9659911.736
2705,470.5,11523618.503
2706,470.6,13360147.137
2707,470.7,15077980.777
2708,470.8,16554956.654
2709,470.9,17687643.921
2710,471.0,18416434.128
2711,471.1,18700000.0
2712,471.2,18533812.493
2713,471.3,17960928.064
2714,471.4,17072154.688
2715,471.5,15971342.798
2716,471.6,14796080.65
2717,471.7,13685159.237
2718,471.8,12771430.391
2719,471.9,12192911.703
2720,472.0,12057898.31
2721,472.1,12452672.152
2722,472.2,13440000.0
2723,472.3,15060696.869
2724,472.4,17308106.809
2725,472.5,20168589.287
2726,472.6,23606952.372
2727,472.7,27558095.295
2728,472.8,31979999.999
2729,472.9,36821313.078
2730,473.0,42060849.698
2731,473.1,47675277.342
2732,473.2,53681068.075
2733,473.3,60079990.772
2734,473.4,66829627.741
2735,473.5,73883668.722
2736,473.6,81099947.013
2737,473.7,88252791.077
2738,473.8,95065256.701
2739,473.9,101099999.999
2740,474.0,106096386.196
2741,474.1,109518384.154
2742,474.2,111039037.478
2743,474.3,110486497.791
2744,474.4,107695659.207
2745,474.5,102823661.231
2746,474.6,96093701.779
2747,474.7,87912299.117
2748,474.8,78781172.032
2749,474.9,69254261.022
2750,475.0,59870000.001
2751,475.1,51068611.51
2752,475.2,43232314.511
2753,475.3,36566210.539
2754,475.4,31189217.302
2755,475.5,27101886.047
2756,475.6,24188516.329
2757,475.7,22319558.6
2758,475.8,21280948.763
2759,475.9,20871647.712
2760,476.0,20877152.593
2761,476.1,21100000.0
2762,476.2,21363876.798
2763,476.3,21512843.605
2764,476.4,21419732.035
2765,476.5,21018358.967
2766,476.6,20265000.346
2767,476.7,19166371.703
2768,476.8,17782646.948
2769,476.9,16179289.093
2770,477.0,14467739.028
2771,477.1,12760758.921
2772,477.2,11170000.0
2773,477.3,9783906.325
2774,477.4,8675961.59
2775,477.5,7886987.384
2776,477.6,7427627.165
2777,477.7,7278547.177
2778,477.8,7390000.0
2779,477.9,7693219.265
2780,478.0,8106078.905
2781,478.1,8540522.006
2782,478.2,8911137.963
2783,478.3,9147056.292
2784,478.4,9194140.738
2785,478.5,9023250.328
2786,478.6,8631278.936
2787,478.7,8037105.185
2788,478.8,7279900.914
2789,478.9,6409000.0
2790,479.0,5484262.653
2791,479.1,4558298.293
2792,479.2,3681067.584
2793,479.3,2886813.199
2794,479.4,2197568.111
2795,479.5,1624949.858
2796,479.6,1166090.819
2797,479.7,812757.024
2798,479.8,549731.779
2799,479.9,361141.821
2800,480.0,230700.0
2801,480.1,143908.447
2802,480.2,88834.32
2803,480.3,56660.333
2804,480.4,41386.086
2805,480.5,39937.734
2806,480.6,52052.274
2807,480.7,80288.319
2808,480.8,130109.666
2809,480.9,210088.334
2810,481.0,331797.316
2811,481.1,509900.0
2812,481.2,760987.908
2813,481.3,1102711.207
2814,481.4,1550607.761
2815,481.5,2115603.131
2816,481.6,2802769.118
2817,481.7,3603710.003
2818,481.8,4496232.822
2819,481.9,5444014.258
2820,482.0,6398403.601
2821,482.1,7298152.088
2822,482.2,8080000.0
2823,482.3,8680441.554
2824,482.4,9051945.675
2825,482.5,9160837.391
2826,482.6,8998136.566
2827,482.7,8578007.338
2828,482.8,7936000.0
2829,482.9,7126370.635
2830,483.0,6210133.5
2831,483.1,5252575.956
2832,483.2,4311698.005
2833,483.3,3434727.443
2834,483.4,2656120.827
2835,483.5,1992990.279
2836,483.6,1451719.948
2837,483.7,1026129.971
2838,483.8,703963.332
2839,483.9,468700.0
2840,484.0,302868.171
2841,484.1,189988.173
2842,484.2,115646.305
2843,484.3,68304.558
2844,484.4,39168.553
2845,484.5,21792.605
2846,484.6,11774.343
2847,484.7,6167.018
2848,484.8,3138.817
2849,484.9,1549.436
2850,485.0,742.5
2851,485.1,345.244
2852,485.2,155.837
2853,485.3,68.185
2854,485.4,29.021
2855,485.5,11.967
2856,485.6,4.795
2857,485.7,1.864
2858,485.8,0.702
2859,485.9,0.257
2860,486.0,0.091
2861,486.1,0.032
2862,486.2,0.011
2863,486.3,0.003
2864,486.4,0.001
2865,486.5,0.0
2866,486.6,0.0
2867,486.7,0.0
2868,486.8,0.0
2869,486.9,0.0
2870,487.0,0.0
2871,487.1,0.0
2872,487.2,0.0
2873,487.3,0.0
2874,487.4,0.0
2875,487.5,0.0
2876,487.6,0.0
2877,487.7,0.0
2878,487.8,0.0
2879,487.9,0.0
2880,488.0,0.0
2881,488.1,0.0
2882,488.2,0.0
2883,488.3,0.0
2884,488.4,0.0
2885,488.5,0.0
2886,488.6,0.0
2887,488.7,0.0
2888,488.8,0.0
2889,488.9,0.0
2890,489.0,0.0
2891,489.1,0.0
2892,489.2,0.0
2893,489.3,0.0
2894,489.4,0.0
2895,489.5,0.0
2896,489.6,0.0
2897,489.7,0.0
2898,489.8,0.0
2899,489.9,0.0
2900,490.0,0.0
2901,490.1,0.0
2902,490.2,0.0
2903,490.3,0.0
2904,490.4,0.0
2905,490.5,0.0
2906,490.6,0.0
2907,490.7,0.0
2908,490.8,0.0
2909,490.9,0.0
2910,491.0,0.0
2911,491.1,0.0
2912,491.2,0.0
2913,491.3,0.0
2914,491.4,0.0
2915,491.5,0.0
2916,491.6,0.0
2917,491.7,0.0
2918,491.8,0.0
2919,491.9,0.0
2920,492.0,0.0
2921,492.1,0.0
2922,492.2,0.0
2923,492.3,0.0
2924,492.4,0.0
2925,492.5,0.0
2926,492.6,0.0
2927,492.7,0.0
2928,492.8,0.0
2929,492.9,0.0
2930,493.0,0.0
2931,493.1,0.0
2932,493.2,0.0
2933,493.3,0.0
2934,493.4,0.0
2935,493.5,0.001
2936,493.6,0.003
2937,493.7,0.008
2938,493.8,0.023
2939,493.9,0.063
2940,494.0,0.172
2941,494.1,0.456
2942,494.2,1.171
2943,494.3,2.935
2944,494.4,7.138
2945,494.5,16.89
2946,494.6,38.853
2947,494.7,86.89
2948,494.8,189.076
2949,494.9,399.838
2950,495.0,822.7
2951,495.1,1645.597
2952,495.2,3201.425
2953,495.3,6056.437
2954,495.4,11146.043
2955,495.5,19954.157
2956,495.6,34765.247
2957,495.7,58911.204
2958,495.8,97141.219
2959,495.9,155957.73
2960,496.0,243610.151
2961,496.1,370700.0
2962,496.2,549381.894
2963,496.3,793336.005
2964,496.4,1117122.139
2965,496.5,1533249.582
2966,496.6,2054765.394
2967,496.7,2687436.018
2968,496.8,3435933.702
2969,496.9,4295111.875
2970,497.0,5255313.234
2971,497.1,6299311.638
2972,497.2,7403000.0
2973,497.3,8539294.483
2974,497.4,9674851.361
2975,497.5,10774550.41
2976,497.6,11815599.435
2977,497.7,12753411.112
2978,497.8,13560000.0
2979,497.9,14229697.156
2980,498.0,14718843.497
2981,498.1,15038493.54
2982,498.2,15196425.923
2983,498.3,15206714.67
2984,498.4,15082218.39
2985,498.5,14851911.178
2986,498.6,14557982.864
2987,498.7,14225893.869
2988,498.8,13866917.902
2989,498.9,13490000.0
2990,499.0,13100770.427
2991,499.1,12675728.808
2992,499.2,12191741.282
2993,499.3,11633211.729
2994,499.4,10980451.437
2995,499.5,10230231.721
2996,499.6,9376631.927
2997,499.7,8438466.639
2998,499.8,7445752.97
2999,499.9,6431044.999
3000,500.0,5435000.0
3001,500.1,4493584.015
3002,500.2,3638408.169
3003,500.3,2895813.387
3004,500.4,2282093.574
3005,500.5,1809269.895
3006,500.6,1484442.02
3007,500.7,1317981.579
3008,500.8,1324977.829
3009,500.9,1535217.447
3010,501.0,2001010.041
3011,501.1,2813000.0
3012,501.2,4114703.089
3013,501.3,6125955.29
3014,501.4,9168644.671
3015,501.5,13694604.721
3016,501.6,20315648.562
3017,501.7,29781094.331
3018,501.8,43042784.476
3019,501.9,61120263.844
3020,502.0,85106507.49
3021,502.1,115939184.362
3022,502.2,154399999.993
3023,502.3,200784544.176
3024,502.4,254547228.555
3025,502.5,314556953.816
3026,502.6,378777494.595
3027,502.7,444038681.057
3028,502.8,506999999.99
3029,502.9,563363973.194
3030,503.0,609405654.661
3031,503.1,641496298.448
3032,503.2,657081648.776
3033,503.3,655000047.608
3034,503.4,635166272.69
3035,503.5,599418071.33
3036,503.6,550259864.991
3037,503.7,491583322.02
3038,503.8,427197065.121
3039,503.9,361200000.011
3040,504.0,297188630.234
3041,504.1,237831744.269
3042,504.2,185214150.089
3043,504.3,140323557.349
3044,504.4,103361038.098
3045,504.5,74152186.571
3046,504.6,51735423.853
3047,504.7,35141690.035
3048,504.8,23251771.79
3049,504.9,15013186.911
3050,505.0,9498000.001
3051,505.1,5955296.64
3052,505.2,3792435.505
3053,505.3,2576817.02
3054,505.4,2003048.734
3055,505.5,1869539.375
3056,505.6,2047187.398
3057,505.7,2456888.414
3058,505.8,3049719.29
3059,505.9,3796335.052
3060,506.0,4674202.739
3061,506.1,5667000.0
3062,506.2,6757171.821
3063,506.3,7936528.496
3064,506.4,9196739.184
3065,506.5,10552945.074
3066,506.6,12015680.177
3067,506.7,13653726.672
3068,506.8,15542606.287
3069,506.9,17789677.946
3070,507.0,20535468.5
3071,507.1,23936503.974
3072,507.2,28159999.999
3073,507.3,33358261.328
3074,507.4,39657391.45
3075,507.5,47092146.6
3076,507.6,55619085.157
3077,507.7,65091089.462
3078,507.8,75209999.998
3079,507.9,85592002.966
3080,508.0,95705013.178
3081,508.1,105029174.504
3082,508.2,112937143.954
3083,508.3,118923587.49
3084,508.4,122542130.132
3085,508.5,123537807.694
3086,508.6,121907291.886
3087,508.7,117704725.973
3088,508.8,111255270.995
3089,508.9,103000000.002
3090,509.0,93539875.195
3091,509.1,83448212.305
3092,509.2,73288215.153
3093,509.3,63544130.382
3094,509.4,54600068.318
3095,509.5,46690014.244
3096,509.6,39930229.398
3097,509.7,34297941.767
3098,509.8,29707544.281
3099,509.9,25986518.223
3100,510.0,22950000.0
3101,510.1,20402442.761
3102,510.2,18193130.497
3103,510.3,16186061.87
3104,510.4,14297063.971
3105,510.5,12496212.752
3106,510.6,10759087.632
3107,510.7,9097718.643
3108,510.8,7545280.934
3109,510.9,6125909.01
3110,511.0,4863337.85
3111,511.1,3772000.0
3112,511.2,2856212.054
3113,511.3,2110689.6
3114,511.4,1522024.713
3115,511.5,1070461.323
3116,511.6,734350.577
3117,511.7,491160.077
3118,511.8,320293.085
3119,511.9,203593.511
3120,512.0,126206.352
3121,512.1,76233.771
3122,512.2,44890.0
3123,512.3,25757.727
3124,512.4,14407.544
3125,512.5,7850.84
3126,512.6,4169.499
3127,512.7,2158.479
3128,512.8,1088.0
3129,512.9,534.784
3130,513.0,255.976
3131,513.1,119.338
3132,513.2,54.272
3133,513.3,24.025
3134,513.4,10.366
3135,513.5,4.352
3136,513.6,1.782
3137,513.7,0.71
3138,513.8,0.276
3139,513.9,0.104
3140,514.0,0.038
3141,514.1,0.014
3142,514.2,0.005
3143,514.3,0.002
3144,514.4,0.001
3145,514.5,0.0
3146,514.6,0.0
3147,514.7,0.0
3148,514.8,0.0
3149,514.9,0.0
3150,515.0,0.0
3151,515.1,0.0
3152,515.2,0.0
3153,515.3,0.0
3154,515.4,0.0
3155,515.5,0.0
3156,515.6,0.0
3157,515.7,0.0
3158,515.8,0.0
3159,515.9,0.0
3160,516.0,0.0
3161,516.1,0.0
3162,516.2,0.0
3163,516.3,0.0
3164,516.4,0.0
3165,516.5,0.0
3166,516.6,0.0
3167,516.7,0.0
3168,516.8,0.0
3169,516.9,0.0
3170,517.0,0.0
3171,517.1,0.0
3172,517.2,0.0
3173,517.3,0.0
3174,517.4,0.0
3175,517.5,0.0
3176,517.6,0.0
3177,517.7,0.0
3178,517.8,0.0
3179,517.9,0.0
3180,518.0,0.0
3181,518.1,0.0
3182,518.2,0.0
3183,518.3,0.0
3184,518.4,0.0
3185,518.5,0.0
3186,518.6,0.0
3187,518.7,0.0
3188,518.8,0.0
3189,518.9,0.0
3190,519.0,0.0
3191,519.1,0.0
3192,519.2,0.0
3193,519.3,0.0
3194,519.4,0.0
3195,519.5,0.0
3196,519.6,0.001
3197,519.7,0.004
3198,519.8,0.012
3199,519.9,0.034
3200,520.0,0.099
3201,520.1,0.277
3202,520.2,0.761
3203,520.3,2.032
3204,520.4,5.307
3205,520.5,13.48
3206,520.6,33.389
3207,520.7,80.68
3208,520.8,189.836
3209,520.9,436.4
3210,521.0,976.374
3211,521.1,2132.0
3212,521.2,4538.359
3213,521.3,9410.261
3214,521.4,19044.722
3215,521.5,37558.844
3216,521.6,72237.777
3217,521.7,135401.639
3218,521.8,247578.365
3219,521.9,441129.325
3220,522.0,766524.346
3221,522.1,1298903.211
3222,522.2,2145000.0
3223,522.3,3453925.482
3224,522.4,5422822.473
3225,522.5,8301624.758
3226,522.6,12388028.229
3227,522.7,18026537.541
3228,522.8,25579999.998
3229,522.9,35374539.765
3230,523.0,47708940.366
3231,523.1,62727940.984
3232,523.2,80414285.826
3233,523.3,100476916.007
3234,523.4,122458004.035
3235,523.5,145470046.185
3236,523.6,168547443.427
3237,523.7,190396014.259
3238,523.8,209574933.542
3239,523.9,224999999.998
3240,524.0,235556847.56
3241,524.1,240319590.288
3242,524.2,239158932.043
3243,524.3,232008302.237
3244,524.4,219424307.886
3245,524.5,202317835.531
3246,524.6,181933827.136
3247,524.7,159577961.893
3248,524.8,136407403.116
3249,524.9,113695255.46
3250,525.0,92450000.004
3251,525.1,73316564.343
3252,525.2,56723677.268
3253,525.3,42832396.26
3254,525.4,31563734.332
3255,525.5,22731374.845
3256,525.6,16001784.333
3257,525.7,11028639.44
3258,525.8,7456038.457
3259,525.9,4956652.812
3260,526.0,3251494.504
3261,526.1,2114000.0
3262,526.2,1369202.464
3263,526.3,888457.826
3264,526.4,580993.928
3265,526.5,384296.52
3266,526.6,257620.007
3267,526.7,174868.324
3268,526.8,119627.665
3269,526.9,82162.063
3270,527.0,56297.897
3271,527.1,38339.239
3272,527.2,25900.0
3273,527.3,17440.72
3274,527.4,11930.616
3275,527.5,8696.823
3276,527.6,7350.12
3277,527.7,7769.114
3278,527.8,10090.0
3279,527.9,14721.315
3280,528.0,22400.583
3281,528.1,34178.901
3282,528.2,51466.291
3283,528.3,76080.452
3284,528.4,110100.594
3285,528.5,156084.651
3286,528.6,216442.308
3287,528.7,293751.6
3288,528.8,390309.611
3289,528.9,507800.0
3290,529.0,646707.554
3291,529.1,806498.639
3292,529.2,985152.52
3293,529.3,1178121.833
3294,529.4,1380541.101
3295,529.5,1584232.402
3296,529.6,1781339.308
3297,529.7,1961657.353
3298,529.8,2116767.331
3299,529.9,2237711.253
3300,530.0,2316000.0
3301,530.1,2348760.371
3302,530.2,2333130.245
3303,530.3,2269192.122
3304,530.4,2161342.295
3305,530.5,2015413.216
3306,530.6,1839345.589
3307,530.7,1643798.756
3308,530.8,1437972.28
3309,530.9,1230972.867
3310,531.0,1031445.821
3311,531.1,846700.0
3312,531.2,681819.218
3313,531.3,540373.496
3314,531.4,424251.669
3315,531.5,334320.289
3316,531.6,270804.141
3317,531.7,233548.723
3318,531.8,222523.32
3319,531.9,238486.823
3320,532.0,282478.435
3321,532.1,356421.144
3322,532.2,462600.0
3323,532.3,604124.637
3324,532.4,783979.892
3325,532.5,1004651.211
3326,532.6,1269542.956
3327,532.7,1580336.297
3328,532.8,1939000.0
3329,532.9,2346526.41
3330,533.0,2804882.302
3331,533.1,3313397.26
3332,533.2,3873572.641
3333,533.3,4486733.522
3334,533.4,5154236.816
3335,533.5,5878606.274
3336,533.6,6662827.995
3337,533.7,7511725.084
3338,533.8,8430942.542
3339,533.9,9429000.0
3340,534.0,10514251.088
3341,534.1,11695644.296
3342,534.2,12997491.425
3343,534.3,14404710.907
3344,534.4,15940215.887
3345,534.5,17579115.661
3346,534.6,19324337.266
3347,534.7,21129259.884
3348,534.8,22972153.458
3349,534.9,24769412.151
3350,535.0,26480000.0
3351,535.1,27996546.6
3352,535.2,29269020.443
3353,535.3,30197368.998
3354,535.4,30727149.185
3355,535.5,30799391.937
3356,535.6,30387045.787
3357,535.7,29492471.798
3358,535.8,28136767.25
3359,535.9,26397611.732
3360,536.0,24332818.999
3361,536.1,22060000.0
3362,536.2,19691960.95
3363,536.3,17347644.024
3364,536.4,15132498.939
3365,536.5,13134722.22
3366,536.6,11422967.422
3367,536.7,10059636.683
3368,536.8,9046467.795
3369,536.9,8379116.181
3370,537.0,8021633.761
3371,537.1,7920956.555
3372,537.2,8010000.0
3373,537.3,8217096.98
3374,537.4,8474383.995
3375,537.5,8719031.373
3376,537.6,8907825.482
3377,537.7,9012562.785
3378,537.8,9028000.0
3379,537.9,8967205.891
3380,538.0,8863794.367
3381,538.1,8760391.701
3382,538.2,8705779.065
3383,538.3,8747866.138
3384,538.4,8924373.553
3385,538.5,9255058.372
3386,538.6,9743626.873
3387,538.7,10362633.964
3388,538.8,11085043.268
3389,538.9,11830000.0
3390,539.0,12546050.971
3391,539.1,13143507.165
3392,539.2,13564257.596
3393,539.3,13753276.129
3394,539.4,13674176.563
3395,539.5,13300302.103
3396,539.6,12661293.754
3397,539.7,11787217.419
3398,539.8,10728245.922
3399,539.9,9533658.783
3400,540.0,8284000.0
3401,540.1,7036620.375
3402,540.2,5848706.474
3403,540.3,4763288.388
3404,540.4,3810753.982
3405,540.5,3008703.219
3406,540.6,2361183.097
3407,540.7,1863910.256
3408,540.8,1503382.964
3409,540.9,1264803.502
3410,541.0,1127786.347
3411,541.1,1075000.0
3412,541.2,1087781.905
3413,541.3,1151998.07
3414,541.4,1254765.373
3415,541.5,1385839.663
3416,541.6,1540424.63
3417,541.7,1714085.248
3418,541.8,1904772.706
3419,541.9,2115529.645
3420,542.0,2345677.931
3421,542.1,2598521.72
3422,542.2,2876000.0
3423,542.3,3179414.418
3424,542.4,3506929.219
3425,542.5,3857597.861
3426,542.6,4226144.082
3427,542.7,4610887.446
3428,542.8,5005000.0
3429,542.9,5405445.939
3430,543.0,5809546.205
3431,543.1,6217934.124
3432,543.2,6632829.544
3433,543.3,7060225.613
3434,543.4,7509128.55
3435,543.5,7988392.464
3436,543.6,8506737.489
3437,543.7,9071830.04
3438,543.8,9686803.174
3439,543.9,10350000.0
3440,544.0,11051229.224
3441,544.1,11767801.195
3442,544.2,12482531.546
3443,544.3,13169528.013
3444,544.4,13775161.544
3445,544.5,14273765.335
3446,544.6,14630179.046
3447,544.7,14821499.985
3448,544.8,14811341.493
3449,544.9,14598180.421
3450,545.0,14180000.0
3451,545.1,13585581.621
3452,545.2,12813974.133
3453,545.3,11917634.713
3454,545.4,10925599.012
3455,545.5,9886984.047
3456,545.6,8837767.509
3457,545.7,7819864.716
3458,545.8,6870429.134
3459,545.9,6019923.812
3460,546.0,5292979.066
3461,546.1,4707000.0
3462,546.2,4274824.633
3463,546.3,4000642.222
3464,546.4,3889054.798
3465,546.5,3939407.733
3466,546.6,4152543.527
3467,546.7,4532545.096
3468,546.8,5083397.692
3469,546.9,5817499.266
3470,547.0,6750577.975
3471,547.1,7900920.281
3472,547.2,9289000.0
3473,547.3,10925665.608
3474,547.4,12827168.911
3475,547.5,14982576.193
3476,547.6,17354823.933
3477,547.7,19889934.869
3478,547.8,22509999.999
3479,547.9,25101275.04
3480,548.0,27551725.157
3481,548.1,29721817.651
3482,548.2,31471065.67
3483,548.3,32690813.768
3484,548.4,33290343.296
3485,548.5,33211814.938
3486,548.6,32445647.786
3487,548.7,31045980.025
3488,548.8,29074204.389
3489,548.9,26650000.001
3490,549.0,23902473.153
3491,549.1,20983757.153
3492,549.2,18023739.637
3493,549.3,15161362.276
3494,549.4,12493335.293
3495,549.5,10094651.15
3496,549.6,8032489.874
3497,549.7,6327047.165
3498,549.8,4995307.366
3499,549.9,4037705.376
3500,550.0,3455000.0
3501,550.1,3252359.823
3502,550.2,3449464.615
3503,550.3,4090359.828
3504,550.4,5254309.93
3505,550.5,7066381.581
3506,550.6,9717686.345
3507,550.7,13477241.244
3508,550.8,18729778.609
3509,550.9,25982740.004
3510,551.0,35875355.576
3511,551.1,49229999.997
3512,551.2,67017713.904
3513,551.3,90347212.899
3514,551.4,120376284.028
3515,551.5,158190377.216
3516,551.6,204727408.477
3517,551.7,260838152.671
3518,551.8,326356825.173
3519,551.9,400956053.846
3520,552.0,483040488.109
3521,552.1,570362304.445
3522,552.2,659799999.982
3523,552.3,747340309.897
3524,552.4,828542629.173
3525,552.5,898979120.64
3526,552.6,954142546.907
3527,552.7,990771557.379
3528,552.8,1005999999.999
3529,552.9,998886577.654
3530,553.0,970470490.989
3531,553.1,921491795.697
3532,553.2,855679270.077
3533,553.3,776726877.512
3534,553.4,689524466.307
3535,553.5,598304428.138
3536,553.6,507663342.901
3537,553.7,421189414.628
3538,553.8,341688327.313
3539,553.9,271000000.013
3540,554.0,210275156.949
3541,554.1,159630709.127
3542,554.2,118457621.489
3543,554.3,86088094.405
3544,554.4,61268466.003
3545,554.5,42711044.292
3546,554.6,29193666.081
3547,554.7,19594581.819
3548,554.8,12924010.478
3549,554.9,8396939.938
3550,555.0,5387000.0
3551,555.1,3421287.823
3552,555.2,2157655.405
3553,555.3,1356089.418
3554,555.4,851846.955
3555,555.5,536135.739
3556,555.6,338744.032
3557,555.7,214871.332
3558,555.8,136601.507
3559,555.9,86935.439
3560,556.0,55164.281
3561,556.1,34790.0
3562,556.2,21742.982
3563,556.3,13426.859
3564,556.4,8168.992
3565,556.5,4889.042
3566,556.6,2873.56
3567,556.7,1656.601
3568,556.8,936.083
3569,556.9,517.982
3570,557.0,280.6
3571,557.1,148.75
3572,557.2,77.14
3573,557.3,39.121
3574,557.4,19.393
3575,557.5,9.409
3576,557.6,4.461
3577,557.7,2.069
3578,557.8,0.938
3579,557.9,0.416
3580,558.0,0.18
3581,558.1,0.076
3582,558.2,0.032
3583,558.3,0.013
3584,558.4,0.005
3585,558.5,0.002
3586,558.6,0.001
3587,558.7,0.0
3588,558.8,0.0
3589,558.9,0.0
3590,559.0,0.0
3591,559.1,0.0
3592,559.2,0.0
3593,559.3,0.0
3594,559.4,0.001
3595,559.5,0.002
3596,559.6,0.004
3597,559.7,0.012
3598,559.8,0.031
3599,559.9,0.082
3600,560.0,0.211
3601,560.1,0.529
3602,560.2,1.3
3603,560.3,3.121
3604,560.4,7.347
3605,560.5,16.901
3606,560.6,38.03
3607,560.7,83.763
3608,560.8,180.333
3609,560.9,380.371
3610,561.0,784.192
3611,561.1,1583.0
3612,561.2,3124.531
3613,561.3,6031.552
3614,561.4,11403.393
3615,561.5,21070.956
3616,561.6,38120.32
3617,561.7,67444.845
3618,561.8,116753.455
3619,561.9,197751.479
3620,562.0,327777.44
3621,562.1,531466.394
3622,562.2,843100.0
3623,562.3,1308070.893
3624,562.4,1986962.534
3625,562.5,2951583.052
3626,562.6,4290710.118
3627,562.7,6102794.304
3628,562.8,8491999.999
3629,562.9,11563910.243
3630,563.0,15408112.54
3631,563.1,20087898.262
3632,563.2,25621194.438
3633,563.3,31998852.986
3634,563.4,39121944.068
3635,563.5,46831489.686
3636,563.6,54915227.63
3637,563.7,63119076.758
3638,563.8,71156585.774
3639,563.9,78749999.998
3640,564.0,85712888.706
3641,564.1,91906541.844
3642,564.2,97359405.608
3643,564.3,102174271.931
3644,564.4,106832712.046
3645,564.5,111596589.703
3646,564.6,117091262.448
3647,564.7,123916837.403
3648,564.8,132648240.15
3649,564.9,143603499.678
3650,565.0,157199999.997
3651,565.1,173204489.816
3652,565.2,191433284.277
3653,565.3,211095947.738
3654,565.4,231300360.917
3655,565.5,250920106.418
3656,565.6,268663321.589
3657,565.7,283437598.19
3658,565.8,293990553.512
3659,565.9,299660659.759
3660,566.0,299896046.012
3661,566.1,294800000.002
3662,566.2,284569201.024
3663,566.3,270032337.752
3664,566.4,252083795.369
3665,566.5,231842280.953
3666,566.6,210535227.31
3667,566.7,189410807.888
3668,566.8,169198350.355
3669,566.9,150957444.506
3670,567.0,135123948.472
3671,567.1,121983489.247
3672,567.2,111800000.002
3673,567.3,104492253.964
3674,567.4,99913612.235
3675,567.5,97909942.309
3676,567.6,98161851.79
3677,567.7,100385081.227
3678,567.8,104199999.999
3679,567.9,109286933.981
3680,568.0,115113323.847
3681,568.1,121281613.864
3682,568.2,127186887.847
3683,568.3,132427237.875
3684,568.4,136536861.56
3685,568.5,138958071.1
3686,568.6,139624268.403
3687,568.7,138151483.469
3688,568.8,134652738.995
3689,568.9,129300000.001
3690,569.0,122299731.681
3691,569.1,114131594.351
3692,569.2,105177795.942
3693,569.3,95900491.519
3694,569.4,86767998.091
3695,569.5,78161817.111
3696,569.6,70363132.063
3697,569.7,63534717.553
3698,569.8,57773097.772
3699,569.9,53047148.784
3700,570.0,49280000.001
3701,570.1,46340925.535
3702,570.2,44090989.39
3703,570.3,42374284.884
3704,570.4,41047078.483
3705,570.5,40002960.708
3706,570.6,39138342.919
3707,570.7,38359855.476
3708,570.8,37629158.341
3709,570.9,36877421.455
3710,571.0,36056730.544
3711,571.1,35120000.0
3712,571.2,34044231.326
3713,571.3,32783474.146
3714,571.4,31336177.785
3715,571.5,29689444.338
3716,571.6,27862735.086
3717,571.7,25864693.115
3718,571.8,23762086.727
3719,571.9,21581454.405
3720,572.0,19383425.526
3721,572.1,17224201.827
3722,572.2,15140000.0
3723,572.3,13180956.866
3724,572.4,11372139.755
3725,572.5,9722556.268
3726,572.6,8251375.32
3727,572.7,6950001.446
3728,572.8,5811000.0
3729,572.9,4825182.943
3730,573.0,3975993.744
3731,573.1,3250893.894
3732,573.2,2634384.045
3733,573.3,2114161.048
3734,573.4,1678996.435
3735,573.5,1317665.55
3736,573.6,1020244.221
3737,573.7,779093.863
3738,573.8,586141.455
3739,573.9,433900.0
3740,574.0,315940.686
3741,574.1,226039.966
3742,574.2,158811.506
3743,574.3,109566.798
3744,574.4,74164.696
3745,574.5,49235.801
3746,574.6,32051.421
3747,574.7,20455.527
3748,574.8,12794.555
3749,574.9,7840.427
3750,575.0,4708.0
3751,575.1,2769.718
3752,575.2,1595.793
3753,575.3,900.63
3754,575.4,497.992
3755,575.5,269.52
3756,575.6,142.889
3757,575.7,74.195
3758,575.8,37.7
3759,575.9,18.769
3760,576.0,9.145
3761,576.1,4.366
3762,576.2,2.04
3763,576.3,0.932
3764,576.4,0.418
3765,576.5,0.183
3766,576.6,0.079
3767,576.7,0.033
3768,576.8,0.014
3769,576.9,0.005
3770,577.0,0.002
3771,577.1,0.001
3772,577.2,0.0
3773,577.3,0.0
3774,577.4,0.0
3775,577.5,0.0
3776,577.6,0.0
3777,577.7,0.0
3778,577.8,0.0
3779,577.9,0.0
3780,578.0,0.0
3781,578.1,0.0
3782,578.2,0.0
3783,578.3,0.0
3784,578.4,0.0
3785,578.5,0.0
3786,578.6,0.0
3787,578.7,0.0
3788,578.8,0.0
3789,578.9,0.0
3790,579.0,0.0
3791,579.1,0.0
3792,579.2,0.0
3793,579.3,0.0
3794,579.4,0.0
3795,579.5,0.0
3796,579.6,0.0
3797,579.7,0.0
3798,579.8,0.0
3799,579.9,0.0
3800,580.0,0.0
3801,580.1,0.0
3802,580.2,0.0
3803,580.3,0.0
3804,580.4,0.0
3805,580.5,0.0
3806,580.6,0.0
3807,580.7,0.0
3808,580.8,0.0
3809,580.9,0.0
3810,581.0,0.0
3811,581.1,0.0
3812,581.2,0.0
3813,581.3,0.0
3814,581.4,0.0
3815,581.5,0.0
3816,581.6,0.0
3817,581.7,0.0
3818,581.8,0.0
3819,581.9,0.0
3820,582.0,0.0
3821,582.1,0.0
3822,582.2,0.0
3823,582.3,0.0
3824,582.4,0.0
3825,582.5,0.0
3826,582.6,0.0
3827,582.7,0.0
3828,582.8,0.0
3829,582.9,0.0
3830,583.0,0.0
3831,583.1,0.0
3832,583.2,0.0
3833,583.3,0.0
3834,583.4,0.0
3835,583.5,0.0
3836,583.6,0.0
3837,583.7,0.0
3838,583.8,0.0
3839,583.9,0.0
3840,584.0,0.0
3841,584.1,0.0
3842,584.2,0.0
3843,584.3,0.0
3844,584.4,0.0
3845,584.5,0.0
3846,584.6,0.0
3847,584.7,0.0
3848,584.8,0.0
3849,584.9,0.0
3850,585.0,0.0
3851,585.1,0.0
3852,585.2,0.0
3853,585.3,0.0
3854,585.4,0.0
3855,585.5,0.0
3856,585.6,0.0
3857,585.7,0.0
3858,585.8,0.0
3859,585.9,0.0
3860,586.0,0.0
3861,586.1,0.0
3862,586.2,0.0
3863,586.3,0.0
3864,586.4,0.0
3865,586.5,0.0
3866,586.6,0.0
3867,586.7,0.0
3868,586.8,0.0
3869,586.9,0.0
3870,587.0,0.0
3871,587.1,0.0
3872,587.2,0.0
3873,587.3,0.0
3874,587.4,0.0
3875,587.5,0.0
3876,587.6,0.0
3877,587.7,0.0
3878,587.8,0.0
3879,587.9,0.0
3880,588.0,0.0
3881,588.1,0.0
3882,588.2,0.0
3883,588.3,0.0
3884,588.4,0.0
3885,588.5,0.0
3886,588.6,0.0
3887,588.7,0.0
3888,588.8,0.0
3889,588.9,0.0
3890,589.0,0.0
3891,589.1,0.0
3892,589.2,0.0
3893,589.3,0.0
3894,589.4,0.0
3895,589.5,0.0
3896,589.6,0.0
3897,589.7,0.0
3898,589.8,0.0
3899,589.9,0.0
3900,590.0,0.0
3901,590.1,0.0
3902,590.2,0.0
3903,590.3,0.0
3904,590.4,0.0
3905,590.5,0.0
3906,590.6,0.0
3907,590.7,0.0
3908,590.8,0.0
3909,590.9,0.0
3910,591.0,0.0
3911,591.1,0.0
3912,591.2,0.0
3913,591.3,0.0
3914,591.4,0.0
3915,591.5,0.0
3916,591.6,0.0
3917,591.7,0.0
3918,591.8,0.0
3919,591.9,0.0
3920,592.0,0.0
3921,592.1,0.0
3922,592.2,0.0
3923,592.3,0.0
3924,592.4,0.0
3925,592.5,0.0
3926,592.6,0.0
3927,592.7,0.0
3928,592.8,0.0
3929,592.9,0.0
3930,593.0,0.0
3931,593.1,0.0
3932,593.2,0.0
3933,593.3,0.0
3934,593.4,0.0
3935,593.5,0.0
3936,593.6,0.0
3937,593.7,0.0
3938,593.8,0.0
3939,593.9,0.0
3940,594.0,0.0
3941,594.1,0.0
3942,594.2,0.0
3943,594.3,0.001
3944,594.4,0.002
3945,594.5,0.004
3946,594.6,0.009
3947,594.7,0.021
3948,594.8,0.049
3949,594.9,0.109
3950,595.0,0.24
3951,595.1,0.518
3952,595.2,1.095
3953,595.3,2.271
3954,595.4,4.621
3955,595.5,9.219
3956,595.6,18.035
3957,595.7,34.626
3958,595.8,65.164
3959,595.9,120.342
3960,596.0,217.876
3961,596.1,387.0
3962,596.2,674.032
3963,596.3,1151.336
3964,596.4,1929.303
3965,596.5,3170.36
3966,596.6,5109.866
3967,596.7,8077.773
3968,596.8,12523.419
3969,596.9,19040.008
3970,597.0,28401.539
3971,597.1,41541.179
3972,597.2,59600.0
3973,597.3,83856.543
3974,597.4,115746.751
3975,597.5,156615.895
3976,597.6,207895.865
3977,597.7,270753.625
3978,597.8,345700.0
3979,597.9,432918.182
3980,598.0,531793.503
3981,598.1,640671.208
3982,598.2,757023.687
3983,598.3,877404.507
3984,598.4,997185.644
3985,598.5,1111669.847
3986,598.6,1215744.289
3987,598.7,1304204.978
3988,598.8,1371531.394
3989,598.9,1416000.0
3990,599.0,1433184.321
3991,599.1,1423426.715
3992,599.2,1388025.816
3993,599.3,1329227.672
3994,599.4,1250710.667
3995,599.5,1158200.723
3996,599.6,1056416.944
3997,599.7,953672.106
3998,599.8,854910.56
3999,599.9,766627.596
4000,600.0,694200.0
4001,600.1,642226.139
4002,600.2,614368.126
4003,600.3,613388.117
4004,600.4,640882.024
4005,600.5,697868.64
4006,600.6,784350.412
4007,600.7,899489.4
4008,600.8,1042078.891
4009,600.9,1210033.144
4010,601.0,1400546.484
4011,601.1,1610000.0
4012,601.2,1836164.774
4013,601.3,2073068.555
4014,601.4,2316957.382
4015,601.5,2561433.725
4016,601.6,2800578.03
4017,601.7,3029226.502
4018,601.8,3240354.444
4019,601.9,3425759.914
4020,602.0,3579274.779
4021,602.1,3694031.783
4022,602.2,3766000.0
4023,602.3,3789090.951
4024,602.4,3762926.638
4025,602.5,3686028.732
4026,602.6,3559082.64
4027,602.7,3387395.484
4028,602.8,3177000.0
4029,602.9,2934278.121
4030,603.0,2668435.902
4031,603.1,2389393.19
4032,603.2,2105593.829
4033,603.3,1825493.421
4034,603.4,1556834.757
4035,603.5,1305950.311
4036,603.6,1077434.858
4037,603.7,874037.692
4038,603.8,697218.286
4039,603.9,546800.0
4040,604.0,421482.104
4041,604.1,319471.936
4042,604.2,237892.219
4043,604.3,174160.548
4044,604.4,125280.542
4045,604.5,88541.512
4046,604.6,61496.613
4047,604.7,41961.504
4048,604.8,28126.186
4049,604.9,18521.157
4050,605.0,11980.0
4051,605.1,7616.246
4052,605.2,4752.629
4053,605.3,2913.285
4054,605.4,1753.607
4055,605.5,1036.746
4056,605.6,601.821
4057,605.7,343.027
4058,605.8,191.937
4059,605.9,105.463
4060,606.0,56.892
4061,606.1,30.13
4062,606.2,15.668
4063,606.3,7.991
4064,606.4,4.004
4065,606.5,1.968
4066,606.6,0.95
4067,606.7,0.45
4068,606.8,0.209
4069,606.9,0.095
4070,607.0,0.043
4071,607.1,0.019
4072,607.2,0.008
4073,607.3,0.003
4074,607.4,0.001
4075,607.5,0.001
4076,607.6,0.001
4077,607.7,0.001
4078,607.8,0.002
4079,607.9,0.004
4080,608.0,0.009
4081,608.1,0.019
4082,608.2,0.043
4083,608.3,0.094
4084,608.4,0.2
4085,608.5,0.418
4086,608.6,0.86
4087,608.7,1.736
4088,608.8,3.446
4089,608.9,6.709
4090,609.0,12.831
4091,609.1,24.09
4092,609.2,44.418
4093,609.3,80.443
4094,609.4,143.068
4095,609.5,249.849
4096,609.6,428.59
4097,609.7,722.104
4098,609.8,1194.973
4099,609.9,1942.249
4100,610.0,3102.0
4101,610.1,4865.743
4102,610.2,7498.642
4103,610.3,11355.025
4104,610.4,16892.617
4105,610.5,24689.489
4106,610.6,35465.145
4107,610.7,50071.1
4108,610.8,69480.414
4109,610.9,94718.514
4110,611.0,126998.976
4111,611.1,167400.0
4112,611.2,216999.275
4113,611.3,276518.532
4114,611.4,346495.954
4115,611.5,427109.355
4116,611.6,517896.811
4117,611.7,617750.939
4118,611.8,725064.852
4119,611.9,837482.443
4120,612.0,952094.089
4121,612.1,1064811.452
4122,612.2,1174000.0
4123,612.3,1273432.537
4124,612.4,1360718.763
4125,612.5,1432930.069
4126,612.6,1487369.238
4127,612.7,1522631.923
4128,612.8,1537000.0
4129,612.9,1533728.778
4130,613.0,1511995.851
4131,613.1,1476565.801
4132,613.2,1430183.274
4133,613.3,1377390.173
4134,613.4,1323565.467
4135,613.5,1270884.762
4136,613.6,1226156.363
4137,613.7,1191933.557
4138,613.8,1169562.523
4139,613.9,1160000.0
4140,614.0,1163706.979
4141,614.1,1178407.481
4142,614.2,1201222.475
4143,614.3,1229255.415
4144,614.4,1256503.011
4145,614.5,1278948.44
4146,614.6,1292790.51
4147,614.7,1293875.207
4148,614.8,1279672.981
4149,614.9,1248305.947
4150,615.0,1200000.0
4151,615.1,1135923.362
4152,615.2,1056905.472
4153,615.3,967076.706
4154,615.4,869882.787
4155,615.5,768592.317
4156,615.6,667139.327
4157,615.7,568700.558
4158,615.8,476123.178
4159,615.9,391447.878
4160,616.0,316004.466
4161,616.1,250500.0
4162,616.2,194889.469
4163,616.3,148962.108
4164,616.4,111706.111
4165,616.5,82282.335
4166,616.6,59504.707
4167,616.7,42263.698
4168,616.8,29498.643
4169,616.9,20259.195
4170,617.0,13736.663
4171,617.1,9277.166
4172,617.2,6372.0
4173,617.3,4653.783
4174,617.4,3882.508
4175,617.5,3935.668
4176,617.6,4799.393
4177,617.7,6566.821
4178,617.8,9436.0
4179,617.9,13703.401
4180,618.0,19783.445
4181,618.1,28186.445
4182,618.2,39519.764
4183,618.3,54494.692
4184,618.4,73845.794
4185,618.5,98373.787
4186,618.6,128876.947
4187,618.7,165926.154
4188,618.8,210158.997
4189,618.9,262000.0
4190,619.0,321514.148
4191,619.1,388619.002
4192,619.2,462848.931
4193,619.3,543683.723
4194,619.4,630444.559
4195,619.5,722069.715
4196,619.6,817960.291
4197,619.7,917142.444
4198,619.8,1019023.261
4199,619.9,1122962.685
4200,620.0,1229000.0
4201,620.1,1336569.572
4202,620.2,1444227.678
4203,620.3,1552020.548
4204,620.4,1658274.378
4205,620.5,1760061.422
4206,620.6,1856131.235
4207,620.7,1941280.087
4208,620.8,2013803.939
4209,620.9,2067603.153
4210,621.0,2101158.841
4211,621.1,2110000.0
4212,621.2,2093024.06
4213,621.3,2047351.355
4214,621.4,1975107.717
4215,621.5,1876905.789
4216,621.6,1757922.616
4217,621.7,1620615.787
4218,621.8,1471497.435
4219,621.9,1317259.932
4220,622.0,1162683.323
4221,622.1,1014479.823
4222,622.2,877900.0
4223,622.3,757287.988
4224,622.4,656718.905
4225,622.5,578999.825
4226,622.6,526237.495
4227,622.7,499774.511
4228,622.8,500200.0
4229,622.9,527755.73
4230,623.0,581917.388
4231,623.1,662038.223
4232,623.2,766953.725
4233,623.3,895404.753
4234,623.4,1045978.456
4235,623.5,1215751.545
4236,623.6,1403139.848
4237,623.7,1607229.932
4238,623.8,1823668.285
4239,623.9,2052000.0
4240,624.0,2286532.289
4241,624.1,2527686.418
4242,624.2,2770244.308
4243,624.3,3011289.73
4244,624.4,3246902.813
4245,624.5,3473112.058
4246,624.6,3686372.911
4247,624.7,3881630.941
4248,624.8,4054157.559
4249,624.9,4201007.044
4250,625.0,4319000.0
4251,625.1,4406893.662
4252,625.2,4460497.397
4253,625.3,4482044.658
4254,625.4,4471934.881
4255,625.5,4430599.695
4256,625.6,4362963.723
4257,625.7,4268244.343
4258,625.8,4151915.297
4259,625.9,4015411.395
4260,626.0,3861715.873
4261,626.1,3692000.0
4262,626.2,3510362.213
4263,626.3,3318347.534
4264,626.4,3118388.701
4265,626.5,2913699.67
4266,626.6,2709234.207
4267,626.7,2509292.259
4268,626.8,2317581.897
4269,626.9,2140257.395
4270,627.0,1983417.636
4271,627.1,1851197.645
4272,627.2,1747000.0
4273,627.3,1674091.765
4274,627.4,1633700.459
4275,627.5,1626524.724
4276,627.6,1650189.3
4277,627.7,1700672.414
4278,627.8,1774000.0
4279,627.9,1864133.736
4280,628.0,1964652.153
4281,628.1,2067248.526
4282,628.2,2167881.864
4283,628.3,2257686.197
4284,628.4,2334951.559
4285,628.5,2393688.552
4286,628.6,2433564.401
4287,628.7,2454157.584
4288,628.8,2458394.274
4289,628.9,2449000.0
4290,629.0,2432189.741
4291,629.1,2412004.133
4292,629.2,2396188.754
4293,629.3,2392832.287
4294,629.4,2405589.507
4295,629.5,2440532.397
4296,629.6,2500299.076
4297,629.7,2588086.758
4298,629.8,2699833.349
4299,629.9,2834775.286
4300,630.0,2986000.0
4301,630.1,3146085.384
4302,630.2,3303600.365
4303,630.3,3450154.205
4304,630.4,3573864.182
4305,630.5,3665082.871
4306,630.6,3713827.923
4307,630.7,3715132.991
4308,630.8,3664696.173
4309,630.9,3561904.086
4310,631.0,3409147.723
4311,631.1,3211000.0
4312,631.2,2976052.419
4313,631.3,2712804.806
4314,631.4,2432139.119
4315,631.5,2143550.563
4316,631.6,1857154.753
4317,631.7,1582250.42
4318,631.8,1325132.78
4319,631.9,1090112.962
4320,632.0,881864.485
4321,632.1,700961.195
4322,632.2,547600.0
4323,632.3,420402.888
4324,632.4,317177.579
4325,632.5,235198.561
4326,632.6,171374.748
4327,632.7,122740.521
4328,632.8,86330.0
4329,632.9,59688.413
4330,633.0,40551.492
4331,633.1,27074.46
4332,633.2,17759.727
4333,633.3,11451.936
4334,633.4,7256.115
4335,633.5,4517.111
4336,633.6,2763.421
4337,633.7,1660.853
4338,633.8,981.302
4339,633.9,569.7
4340,634.0,324.964
4341,634.1,182.288
4342,634.2,100.658
4343,634.3,55.034
4344,634.4,30.261
4345,634.5,17.667
4346,634.6,12.448
4347,634.7,12.326
4348,634.8,16.769
4349,634.9,26.616
4350,635.0,44.15
4351,635.1,73.326
4352,635.2,120.352
4353,635.3,194.502
4354,635.4,309.089
4355,635.5,483.017
4356,635.6,741.9
4357,635.7,1120.283
4358,635.8,1662.981
4359,635.9,2426.605
4360,636.0,3481.191
4361,636.1,4909.0
4362,636.2,6805.501
4363,636.3,9275.754
4364,636.4,12427.671
4365,636.5,16360.171
4366,636.6,21185.677
4367,636.7,26961.046
4368,636.8,33725.22
4369,636.9,41487.245
4370,637.0,50148.34
4371,637.1,59610.782
4372,637.2,69640.0
4373,637.3,79989.471
4374,637.4,90317.408
4375,637.5,100237.16
4376,637.6,109373.633
4377,637.7,117287.975
4378,637.8,123700.0
4379,637.9,128248.378
4380,638.0,130706.269
4381,638.1,130930.743
4382,638.2,128957.055
4383,638.3,124821.364
4384,638.4,118820.554
4385,638.5,111137.962
4386,638.6,102230.132
4387,638.7,92503.898
4388,638.8,82307.073
4389,638.9,72080.0
4390,639.0,62158.195
4391,639.1,52877.055
4392,639.2,44470.01
4393,639.3,37142.704
4394,639.4,31030.932
4395,639.5,26219.638
4396,639.6,22769.441
4397,639.7,20700.596
4398,639.8,20024.379
4399,639.9,20724.485
4400,640.0,22800.0
4401,640.1,26203.818
4402,640.2,30890.091
4403,640.3,36795.486
4404,640.4,43798.09
4405,640.5,51759.602
4406,640.6,60456.658
4407,640.7,69656.395
4408,640.8,79044.769
4409,640.9,88274.262
4410,641.0,96985.1
4411,641.1,104800.0
4412,641.2,111384.66
4413,641.3,116318.276
4414,641.4,119567.403
4415,641.5,120754.092
4416,641.6,119889.575
4417,641.7,117130.865
4418,641.8,112440.955
4419,641.9,106196.865
4420,642.0,98546.538
4421,642.1,89948.889
4422,642.2,80720.0
4423,642.3,71217.577
4424,642.4,61786.329
4425,642.5,52703.392
4426,642.6,44199.683
4427,642.7,36449.403
4428,642.8,29550.0
4429,642.9,23554.861
4430,643.0,18463.577
4431,643.1,14227.059
4432,643.2,10782.141
4433,643.3,8038.619
4434,643.4,5894.914
4435,643.5,4257.057
4436,643.6,3031.93
4437,643.7,2139.475
4438,643.8,1509.85
4439,643.9,1086.0
4440,644.0,824.767
4441,644.1,696.333
4442,644.2,681.225
4443,644.3,770.958
4444,644.4,966.064
4445,644.5,1274.332
4446,644.6,1711.688
4447,644.7,2297.493
4448,644.8,3054.231
4449,644.9,4004.571
4450,645.0,5172.0
4451,645.1,6572.615
4452,645.2,8218.504
4453,645.3,10107.748
4454,645.4,12230.433
4455,645.5,14548.839
4456,645.6,17022.597
4457,645.7,19587.034
4458,645.8,22169.251
4459,645.9,24683.355
4460,646.0,27029.547
4461,646.1,29110.0
4462,646.2,30823.957
4463,646.3,32116.202
4464,646.4,32903.177
4465,646.5,33152.146
4466,646.6,32859.235
4467,646.7,32023.151
4468,646.8,30699.939
4469,646.9,28953.834
4470,647.0,26847.084
4471,647.1,24484.851
4472,647.2,21960.0
4473,647.3,19381.645
4474,647.4,16816.596
4475,647.5,14352.431
4476,647.6,12045.265
4477,647.7,9943.389
4478,647.8,8074.0
4479,647.9,6447.363
4480,648.0,5063.999
4481,648.1,3911.436
4482,648.2,2971.405
4483,648.3,2220.736
4484,648.4,1631.631
4485,648.5,1179.202
4486,648.6,838.614
4487,648.7,586.285
4488,648.8,403.169
4489,648.9,272.7
4490,649.0,181.326
4491,649.1,118.663
4492,649.2,76.347
4493,649.3,48.315
4494,649.4,30.068
4495,649.5,18.409
4496,649.6,11.08
4497,649.7,6.563
4498,649.8,3.822
4499,649.9,2.19
4500,650.0,1.233
4501,650.1,0.683
4502,650.2,0.372
4503,650.3,0.2
4504,650.4,0.105
4505,650.5,0.055
4506,650.6,0.028
4507,650.7,0.014
4508,650.8,0.007
4509,650.9,0.003
4510,651.0,0.002
4511,651.1,0.001
4512,651.2,0.0
4513,651.3,0.0
4514,651.4,0.0
4515,651.5,0.0
4516,651.6,0.0
4517,651.7,0.0
4518,651.8,0.0
4519,651.9,0.0
4520,652.0,0.0
4521,652.1,0.0
4522,652.2,0.0
4523,652.3,0.0
4524,652.4,0.0
4525,652.5,0.0
4526,652.6,0.0
4527,652.7,0.0
4528,652.8,0.0
4529,652.9,0.0
4530,653.0,0.0
4531,653.1,0.0
4532,653.2,0.0
4533,653.3,0.0
4534,653.4,0.0
4535,653.5,0.0
4536,653.6,0.0
4537,653.7,0.0
4538,653.8,0.0
4539,653.9,0.0
4540,654.0,0.0
4541,654.1,0.0
4542,654.2,0.0
4543,654.3,0.0
4544,654.4,0.0
4545,654.5,0.0
4546,654.6,0.0
4547,654.7,0.0
4548,654.8,0.0
4549,654.9,0.0
4550,655.0,0.0
4551,655.1,0.0
4552,655.2,0.0
4553,655.3,0.0
4554,655.4,0.0
4555,655.5,0.0
4556,655.6,0.0
4557,655.7,0.0
4558,655.8,0.0
4559,655.9,0.0
4560,656.0,0.0
4561,656.1,0.0
4562,656.2,0.0
4563,656.3,0.0
4564,656.4,0.0
4565,656.5,0.0
4566,656.6,0.0
4567,656.7,0.0
4568,656.8,0.0
4569,656.9,0.0
4570,657.0,0.0
4571,657.1,0.0
4572,657.2,0.0
4573,657.3,0.0
4574,657.4,0.0
4575,657.5,0.0
4576,657.6,0.0
4577,657.7,0.0
4578,657.8,0.0
4579,657.9,0.0
4580,658.0,0.0
4581,658.1,0.0
4582,658.2,0.0
4583,658.3,0.0
4584,658.4,0.0
4585,658.5,0.0
4586,658.6,0.0
4587,658.7,0.0
4588,658.8,0.0
4589,658.9,0.0
4590,659.0,0.0
4591,659.1,0.0
4592,659.2,0.0
4593,659.3,0.0
4594,659.4,0.0
4595,659.5,0.0
4596,659.6,0.0
4597,659.7,0.0
4598,659.8,0.0
4599,659.9,0.0
4600,660.0,0.0
4601,660.1,0.0
4602,660.2,0.0
4603,660.3,0.0
4604,660.4,0.0
4605,660.5,0.0
4606,660.6,0.0
4607,660.7,0.0
4608,660.8,0.0
4609,660.9,0.0
4610,661.0,0.0
4611,661.1,0.0
4612,661.2,0.0
4613,661.3,0.0
4614,661.4,0.0
4615,661.5,0.0
4616,661.6,0.0
4617,661.7,0.0
4618,661.8,0.0
4619,661.9,0.0
4620,662.0,0.0
4621,662.1,0.0
4622,662.2,0.0
4623,662.3,0.0
4624,662.4,0.0
4625,662.5,0.0
4626,662.6,0.0
4627,662.7,0.0
4628,662.8,0.0
4629,662.9,0.0
4630,663.0,0.0
4631,663.1,0.0
4632,663.2,0.0
4633,663.3,0.0
4634,663.4,0.0
4635,663.5,0.0
4636,663.6,0.0
4637,663.7,0.0
4638,663.8,0.0
4639,663.9,0.0
4640,664.0,0.0
4641,664.1,0.0
4642,664.2,0.0
4643,664.3,0.0
4644,664.4,0.0
4645,664.5,0.0
4646,664.6,0.0
4647,664.7,0.0
4648,664.8,0.0
4649,664.9,0.0
4650,665.0,0.0
4651,665.1,0.0
4652,665.2,0.0
4653,665.3,0.0
4654,665.4,0.0
4655,665.5,0.0
4656,665.6,0.0
4657,665.7,0.0
4658,665.8,0.0
4659,665.9,0.0
4660,666.0,0.0
4661,666.1,0.0
4662,666.2,0.0
4663,666.3,0.0
4664,666.4,0.0
4665,666.5,0.0
4666,666.6,0.0
4667,666.7,0.0
4668,666.8,0.0
4669,666.9,0.0
4670,667.0,0.0
4671,667.1,0.0
4672,667.2,0.0
4673,667.3,0.0
4674,667.4,0.0
4675,667.5,0.0
4676,667.6,0.0
4677,667.7,0.0
4678,667.8,0.0
4679,667.9,0.0
4680,668.0,0.0
4681,668.1,0.0
4682,668.2,0.0
4683,668.3,0.0
4684,668.4,0.0
4685,668.5,0.0
4686,668.6,0.0
4687,668.7,0.0
4688,668.8,0.0
4689,668.9,0.0
4690,669.0,0.0
4691,669.1,0.0
4692,669.2,0.0
4693,669.3,0.0
4694,669.4,0.0
4695,669.5,0.0
4696,669.6,0.0
4697,669.7,0.0
4698,669.8,0.0
4699,669.9,0.0
4700,670.0,0.0
4701,670.1,0.0
4702,670.2,0.0
4703,670.3,0.0
4704,670.4,0.0
4705,670.5,0.0
4706,670.6,0.0
4707,670.7,0.0
4708,670.8,0.0
4709,670.9,0.0
4710,671.0,0.0
4711,671.1,0.0
4712,671.2,0.0
4713,671.3,0.0
4714,671.4,0.0
4715,671.5,0.0
4716,671.6,0.0
4717,671.7,0.0
4718,671.8,0.0
4719,671.9,0.0
4720,672.0,0.0
4721,672.1,0.0
4722,672.2,0.0
4723,672.3,0.0
4724,672.4,0.0
4725,672.5,0.0
4726,672.6,0.0
4727,672.7,0.0
4728,672.8,0.0
4729,672.9,0.0
4730,673.0,0.0
4731,673.1,0.0
4732,673.2,0.0
4733,673.3,0.0
4734,673.4,0.0
4735,673.5,0.0
4736,673.6,0.0
4737,673.7,0.0
4738,673.8,0.0
4739,673.9,0.0
4740,674.0,0.0
4741,674.1,0.0
4742,674.2,0.0
4743,674.3,0.0
4744,674.4,0.0
4745,674.5,0.0
4746,674.6,0.0
4747,674.7,0.0
4748,674.8,0.0
4749,674.9,0.0
4750,675.0,0.0
4751,675.1,0.0
4752,675.2,0.0
4753,675.3,0.0
4754,675.4,0.0
4755,675.5,0.0
4756,675.6,0.0
4757,675.7,0.0
4758,675.8,0.0
4759,675.9,0.0
4760,676.0,0.0
4761,676.1,0.0
4762,676.2,0.0
4763,676.3,0.0
4764,676.4,0.0
4765,676.5,0.0
4766,676.6,0.0
4767,676.7,0.0
4768,676.8,0.0
4769,676.9,0.0
4770,677.0,0.0
4771,677.1,0.0
4772,677.2,0.0
4773,677.3,0.0
4774,677.4,0.0
4775,677.5,0.0
4776,677.6,0.0
4777,677.7,0.0
4778,677.8,0.0
4779,677.9,0.0
4780,678.0,0.0
4781,678.1,0.0
4782,678.2,0.0
4783,678.3,0.0
4784,678.4,0.0
4785,678.5,0.0
4786,678.6,0.0
4787,678.7,0.0
4788,678.8,0.0
4789,678.9,0.0
4790,679.0,0.0
4791,679.1,0.0
4792,679.2,0.0
4793,679.3,0.0
4794,679.4,0.0
4795,679.5,0.0
4796,679.6,0.0
4797,679.7,0.0
4798,679.8,0.0
4799,679.9,0.0
4800,680.0,0.0
4801,680.1,0.0
4802,680.2,0.0
4803,680.3,0.0
4804,680.4,0.0
4805,680.5,0.0
4806,680.6,0.0
4807,680.7,0.0
4808,680.8,0.0
4809,680.9,0.0
4810,681.0,0.0
4811,681.1,0.0
4812,681.2,0.0
4813,681.3,0.0
4814,681.4,0.0
4815,681.5,0.0
4816,681.6,0.0
4817,681.7,0.0
4818,681.8,0.0
4819,681.9,0.0
4820,682.0,0.0
4821,682.1,0.0
4822,682.2,0.0
4823,682.3,0.0
4824,682.4,0.0
4825,682.5,0.0
4826,682.6,0.0
4827,682.7,0.0
4828,682.8,0.0
4829,682.9,0.0
4830,683.0,0.0
4831,683.1,0.0
4832,683.2,0.0
4833,683.3,0.0
4834,683.4,0.0
4835,683.5,0.0
4836,683.6,0.0
4837,683.7,0.0
4838,683.8,0.0
4839,683.9,0.0
4840,684.0,0.0
4841,684.1,0.0
4842,684.2,0.0
4843,684.3,0.0
4844,684.4,0.0
4845,684.5,0.0
4846,684.6,0.0
4847,684.7,0.0
4848,684.8,0.0
4849,684.9,0.0
4850,685.0,0.0
4851,685.1,0.0
4852,685.2,0.0
4853,685.3,0.0
4854,685.4,0.0
4855,685.5,0.0
4856,685.6,0.0
4857,685.7,0.0
4858,685.8,0.0
4859,685.9,0.0
4860,686.0,0.0
4861,686.1,0.0
4862,686.2,0.0
4863,686.3,0.0
4864,686.4,0.0
4865,686.5,0.0
4866,686.6,0.0
4867,686.7,0.0
4868,686.8,0.0
4869,686.9,0.0
4870,687.0,0.0
4871,687.1,0.0
4872,687.2,0.0
4873,687.3,0.0
4874,687.4,0.0
4875,687.5,0.0
4876,687.6,0.0
4877,687.7,0.0
4878,687.8,0.0
4879,687.9,0.0
4880,688.0,0.0
4881,688.1,0.0
4882,688.2,0.0
4883,688.3,0.0
4884,688.4,0.0
4885,688.5,0.0
4886,688.6,0.0
4887,688.7,0.0
4888,688.8,0.0
4889,688.9,0.0
4890,689.0,0.0
4891,689.1,0.0
4892,689.2,0.0
4893,689.3,0.0
4894,689.4,0.0
4895,689.5,0.0
4896,689.6,0.0
4897,689.7,0.0
4898,689.8,0.0
4899,689.9,0.0
4900,690.0,0.0
4901,690.1,0.0
4902,690.2,0.0
4903,690.3,0.0
4904,690.4,0.0
4905,690.5,0.0
4906,690.6,0.0
4907,690.7,0.0
4908,690.8,0.0
4909,690.9,0.0
4910,691.0,0.0
4911,691.1,0.0
4912,691.2,0.0
4913,691.3,0.0
4914,691.4,0.0
4915,691.5,0.0
4916,691.6,0.0
4917,691.7,0.0
4918,691.8,0.0
4919,691.9,0.0
4920,692.0,0.0
4921,692.1,0.0
4922,692.2,0.0
4923,692.3,0.0
4924,692.4,0.0
4925,692.5,0.0
4926,692.6,0.0
4927,692.7,0.0
4928,692.8,0.0
4929,692.9,0.0
4930,693.0,0.0
4931,693.1,0.0
4932,693.2,0.0
4933,693.3,0.0
4934,693.4,0.0
4935,693.5,0.0
4936,693.6,0.0
4937,693.7,0.0
4938,693.8,0.0
4939,693.9,0.0
4940,694.0,0.0
4941,694.1,0.0
4942,694.2,0.0
4943,694.3,0.0
4944,694.4,0.0
4945,694.5,0.0
4946,694.6,0.0
4947,694.7,0.0
4948,694.8,0.0
4949,694.9,0.0
4950,695.0,0.0
4951,695.1,0.0
4952,695.2,0.0
4953,695.3,0.0
4954,695.4,0.0
4955,695.5,0.0
4956,695.6,0.0
4957,695.7,0.0
4958,695.8,0.0
4959,695.9,0.0
4960,696.0,0.0
4961,696.1,0.0
4962,696.2,0.0
4963,696.3,0.0
4964,696.4,0.0
4965,696.5,0.0
4966,696.6,0.0
4967,696.7,0.0
4968,696.8,0.0
4969,696.9,0.0
4970,697.0,0.0
4971,697.1,0.0
4972,697.2,0.0
4973,697.3,0.0
4974,697.4,0.0
4975,697.5,0.0
4976,697.6,0.0
4977,697.7,0.0
4978,697.8,0.0
4979,697.9,0.0
4980,698.0,0.0
4981,698.1,0.0
4982,698.2,0.0
4983,698.3,0.0
4984,698.4,0.0
4985,698.5,0.0
4986,698.6,0.0
4987,698.7,0.0
4988,698.8,0.0
4989,698.9,0.0
4990,699.0,0.0
4991,699.1,0.0
4992,699.2,0.0
4993,699.3,0.0
4994,699.4,0.0
4995,699.5,0.0
4996,699.6,0.0
4997,699.7,0.0
4998,699.8,0.0
4999,699.9,0.0
5000,700.0,0.0
5001,700.1,0.0
5002,700.2,0.0
5003,700.3,0.0
5004,700.4,0.0
5005,700.5,0.0
5006,700.6,0.0
5007,700.7,0.0
5008,700.8,0.0
5009,700.9,0.0
5010,701.0,0.0
5011,701.1,0.0
5012,701.2,0.0
5013,701.3,0.0
5014,701.4,0.0
5015,701.5,0.0
5016,701.6,0.0
5017,701.7,0.0
5018,701.8,0.0
5019,701.9,0.0
5020,702.0,0.0
5021,702.1,0.0
5022,702.2,0.0
5023,702.3,0.0
5024,702.4,0.0
5025,702.5,0.0
5026,702.6,0.0
5027,702.7,0.0
5028,702.8,0.0
5029,702.9,0.0
5030,703.0,0.0
5031,703.1,0.0
5032,703.2,0.0
5033,703.3,0.0
5034,703.4,0.0
5035,703.5,0.0
5036,703.6,0.0
5037,703.7,0.0
5038,703.8,0.0
5039,703.9,0.0
5040,704.0,0.0
5041,704.1,0.0
5042,704.2,0.0
5043,704.3,0.0
5044,704.4,0.0
5045,704.5,0.0
5046,704.6,0.0
5047,704.7,0.0
5048,704.8,0.0
5049,704.9,0.0
5050,705.0,0.0
5051,705.1,0.0
5052,705.2,0.0
5053,705.3,0.0
5054,705.4,0.0
5055,705.5,0.0
5056,705.6,0.0
5057,705.7,0.0
5058,705.8,0.0
5059,705.9,0.0
5060,706.0,0.0
5061,706.1,0.0
5062,706.2,0.0
5063,706.3,0.0
5064,706.4,0.0
5065,706.5,0.0
5066,706.6,0.0
5067,706.7,0.0
5068,706.8,0.0
5069,706.9,0.0
5070,707.0,0.0
5071,707.1,0.0
5072,707.2,0.0
5073,707.3,0.0
5074,707.4,0.0
5075,707.5,0.0
5076,707.6,0.0
5077,707.7,0.0
5078,707.8,0.0
5079,707.9,0.0
5080,708.0,0.0
5081,708.1,0.0
5082,708.2,0.0
5083,708.3,0.0
5084,708.4,0.0
5085,708.5,0.0
5086,708.6,0.0
5087,708.7,0.0
5088,708.8,0.0
5089,708.9,0.0
5090,709.0,0.0
5091,709.1,0.001
5092,709.2,0.001
5093,709.3,0.002
5094,709.4,0.005
5095,709.5,0.009
5096,709.6,0.018
5097,709.7,0.034
5098,709.8,0.065
5099,709.9,0.12
5100,710.0,0.22
5101,710.1,0.398
5102,710.2,0.711
5103,710.3,1.25
5104,710.4,2.17
5105,710.5,3.716
5106,710.6,6.279
5107,710.7,10.467
5108,710.8,17.215
5109,710.9,27.932
5110,711.0,44.714
5111,711.1,70.62
5112,711.2,110.01
5113,711.3,169.178
5114,711.4,256.628
5115,711.5,383.977
5116,711.6,566.91
5117,711.7,825.793
5118,711.8,1186.925
5119,711.9,1682.606
5120,712.0,2353.331
5121,712.1,3248.372
5122,712.2,4423.0
5123,712.3,5941.329
5124,712.4,7875.008
5125,712.5,10297.477
5126,712.6,13283.013
5127,712.7,16909.256
5128,712.8,21240.0
5129,712.9,26305.362
5130,713.0,32159.128
5131,713.1,38790.986
5132,713.2,46145.937
5133,713.3,54175.242
5134,713.4,62737.209
5135,713.5,71693.703
5136,713.6,80818.077
5137,713.7,89897.723
5138,713.8,98643.675
5139,713.9,106800.0
5140,714.0,114069.555
5141,714.1,120216.976
5142,714.2,124999.898
5143,714.3,128325.881
5144,714.4,129939.385
5145,714.5,129821.284
5146,714.6,128101.579
5147,714.7,124680.872
5148,714.8,119973.253
5149,714.9,114006.582
5150,715.0,107200.0
5151,715.1,99781.786
5152,715.2,92106.523
5153,715.3,84566.626
5154,715.4,77483.141
5155,715.5,71176.817
5156,715.6,65931.108
5157,715.7,62014.219
5158,715.8,59627.574
5159,715.9,58904.722
5160,716.0,59953.112
5161,716.1,62810.0
5162,716.2,67428.498
5163,716.3,73715.371
5164,716.4,81516.272
5165,716.5,90603.76
5166,716.6,100645.581
5167,716.7,111499.781
5168,716.8,122507.172
5169,716.9,133418.724
5170,717.0,143825.938
5171,717.1,153346.661
5172,717.2,161500.0
5173,717.3,167969.469
5174,717.4,172528.332
5175,717.5,174925.453
5176,717.6,175116.239
5177,717.7,172939.752
5178,717.8,168600.0
5179,717.9,162273.613
5180,718.0,154069.02
5181,718.1,144406.506
5182,718.2,133579.095
5183,718.3,121900.518
5184,718.4,109786.445
5185,718.5,97650.139
5186,718.6,85640.831
5187,718.7,74164.456
5188,718.8,63400.1
5189,718.9,53510.0
5190,719.0,44603.022
5191,719.1,36756.685
5192,719.2,29972.256
5193,719.3,24259.327
5194,719.4,19555.402
5195,719.5,15840.134
5196,719.6,13029.599
5197,719.7,11101.195
5198,719.8,9998.701
5199,719.9,9705.693
5200,720.0,10220.0
5201,720.1,11565.111
5202,720.2,13765.948
5203,720.3,16884.327
5204,720.4,20984.928
5205,720.5,26134.957
5206,720.6,32397.813
5207,720.7,39818.681
5208,720.8,48424.589
5209,720.9,58205.04
5210,721.0,69090.932
5211,721.1,80960.0
5212,721.2,93658.815
5213,721.3,106936.791
5214,721.4,120565.53
5215,721.5,134028.89
5216,721.6,147127.756
5217,721.7,159383.673
5218,721.8,170481.747
5219,721.9,179862.93
5220,722.0,187384.013
5221,722.1,192631.115
5222,722.2,195500.0
5223,722.3,195811.037
5224,722.4,193609.471
5225,722.5,189082.521
5226,722.6,182300.938
5227,722.7,173660.652
5228,722.8,163400.0
5229,722.9,152062.941
5230,723.0,140069.551
5231,723.1,127935.182
5232,723.2,115932.671
5233,723.3,104674.81
5234,723.4,94387.262
5235,723.5,85469.819
5236,723.6,78131.37
5237,723.7,72580.317
5238,723.8,68919.845
5239,723.9,67190.0
5240,724.0,67363.324
5241,724.1,69348.517
5242,724.2,73009.867
5243,724.3,78139.964
5244,724.4,84487.798
5245,724.5,91781.287
5246,724.6,99728.005
5247,724.7,107988.867
5248,724.8,116248.428
5249,724.9,124177.301
5250,725.0,131600.0
5251,725.1,138145.162
5252,725.2,143747.838
5253,725.3,148220.178
5254,725.4,151492.87
5255,725.5,153646.703
5256,725.6,154658.518
5257,725.7,154726.782
5258,725.8,153911.625
5259,725.9,152521.069
5260,726.0,150699.799
5261,726.1,148600.0
5262,726.2,146485.322
5263,726.3,144410.777
5264,726.4,142577.342
5265,726.5,141017.255
5266,726.6,139629.001
5267,726.7,138497.631
5268,726.8,137500.114
5269,726.9,136505.852
5270,727.0,135452.564
5271,727.1,134190.091
5272,727.2,132600.0
5273,727.3,130682.618
5274,727.4,128217.983
5275,727.5,125196.84
5276,727.6,121588.955
5277,727.7,117356.657
5278,727.8,112600.0
5279,727.9,107296.983
5280,728.0,101531.427
5281,728.1,95392.693
5282,728.2,88936.556
5283,728.3,82292.865
5284,728.4,75521.338
5285,728.5,68753.819
5286,728.6,62051.86
5287,728.7,55513.764
5288,728.8,49232.546
5289,728.9,43250.0
5290,729.0,37639.392
5291,729.1,32431.58
5292,729.2,27665.392
5293,729.3,23365.24
5294,729.4,19519.565
5295,729.5,16132.256
5296,729.6,13195.968
5297,729.7,10666.254
5298,729.8,8524.752
5299,729.9,6736.833
5300,730.0,5261.0
5301,730.1,4060.987
5302,730.2,3096.385
5303,730.3,2333.649
5304,730.4,1737.06
5305,730.5,1277.506
5306,730.6,927.374
5307,730.7,665.195
5308,730.8,471.193
5309,730.9,329.547
5310,731.0,227.652
5311,731.1,155.2
5312,731.2,104.525
5313,731.3,69.487
5314,731.4,45.614
5315,731.5,29.562
5316,731.6,18.909
5317,731.7,11.941
5318,731.8,7.447
5319,731.9,4.583
5320,732.0,2.784
5321,732.1,1.671
5322,732.2,0.989
5323,732.3,0.578
5324,732.4,0.333
5325,732.5,0.19
5326,732.6,0.107
5327,732.7,0.059
5328,732.8,0.032
5329,732.9,0.018
5330,733.0,0.009
5331,733.1,0.005
5332,733.2,0.003
5333,733.3,0.001
5334,733.4,0.001
5335,733.5,0.0
5336,733.6,0.0
5337,733.7,0.0
5338,733.8,0.0
5339,733.9,0.0
5340,734.0,0.0
5341,734.1,0.0
5342,734.2,0.0
5343,734.3,0.0
5344,734.4,0.0
5345,734.5,0.0
5346,734.6,0.0
5347,734.7,0.0
5348,734.8,0.0
5349,734.9,0.0
5350,735.0,0.0
5351,735.1,0.0
5352,735.2,0.0
5353,735.3,0.0
5354,735.4,0.0
5355,735.5,0.0
5356,735.6,0.0
5357,735.7,0.0
5358,735.8,0.0
5359,735.9,0.0
5360,736.0,0.0
5361,736.1,0.0
5362,736.2,0.0
5363,736.3,0.0
5364,736.4,0.0
5365,736.5,0.0
5366,736.6,0.0
5367,736.7,0.0
5368,736.8,0.0
5369,736.9,0.0
5370,737.0,0.0
5371,737.1,0.0
5372,737.2,0.0
5373,737.3,0.0
5374,737.4,0.0
5375,737.5,0.0
5376,737.6,0.0
5377,737.7,0.0
5378,737.8,0.0
5379,737.9,0.0
5380,738.0,0.0
5381,738.1,0.0
5382,738.2,0.0
5383,738.3,0.0
5384,738.4,0.0
5385,738.5,0.0
5386,738.6,0.0
5387,738.7,0.0
5388,738.8,0.0
5389,738.9,0.0
5390,739.0,0.0
5391,739.1,0.0
5392,739.2,0.0
5393,739.3,0.0
5394,739.4,0.0
5395,739.5,0.0
5396,739.6,0.0
5397,739.7,0.0
5398,739.8,0.0
5399,739.9,0.0
5400,740.0,0.0
5401,740.1,0.0
5402,740.2,0.0
5403,740.3,0.0
5404,740.4,0.001
5405,740.5,0.001
5406,740.6,0.002
5407,740.7,0.003
5408,740.8,0.005
5409,740.9,0.009
5410,741.0,0.015
5411,741.1,0.025
5412,741.2,0.041
5413,741.3,0.066
5414,741.4,0.106
5415,741.5,0.169
5416,741.6,0.264
5417,741.7,0.408
5418,741.8,0.622
5419,741.9,0.938
5420,742.0,1.395
5421,742.1,2.05
5422,742.2,2.976
5423,742.3,4.264
5424,742.4,6.036
5425,742.5,8.437
5426,742.6,11.64
5427,742.7,15.872
5428,742.8,21.36
5429,742.9,28.395
5430,743.0,37.277
5431,743.1,48.328
5432,743.2,61.875
5433,743.3,78.219
5434,743.4,97.658
5435,743.5,120.379
5436,743.6,146.632
5437,743.7,176.258
5438,743.8,209.31
5439,743.9,245.5
5440,744.0,284.226
5441,744.1,325.029
5442,744.2,367.153
5443,744.3,409.409
5444,744.4,450.936
5445,744.5,490.423
5446,744.6,526.77
5447,744.7,558.795
5448,744.8,585.347
5449,744.9,605.417
5450,745.0,618.5
5451,745.1,623.96
5452,745.2,621.569
5453,745.3,611.571
5454,745.4,594.22
5455,745.5,570.047
5456,745.6,540.174
5457,745.7,505.435
5458,745.8,467.049
5459,745.9,426.14
5460,746.0,384.069
5461,746.1,341.8
5462,746.2,300.329
5463,746.3,260.724
5464,746.4,223.409
5465,746.5,189.076
5466,746.6,158.012
5467,746.7,130.501
5468,746.8,106.346
5469,746.9,85.611
5470,747.0,68.053
5471,747.1,53.43
5472,747.2,41.42
5473,747.3,31.713
5474,747.4,23.977
5475,747.5,17.9
5476,747.6,13.202
5477,747.7,9.611
5478,747.8,6.911
5479,747.9,4.908
5480,748.0,3.441
5481,748.1,2.383
5482,748.2,1.629
5483,748.3,1.101
5484,748.4,0.734
5485,748.5,0.484
5486,748.6,0.315
5487,748.7,0.202
5488,748.8,0.128
5489,748.9,0.08
5490,749.0,0.05
5491,749.1,0.03
5492,749.2,0.018
5493,749.3,0.011
5494,749.4,0.006
5495,749.5,0.004
5496,749.6,0.002
5497,749.7,0.001
5498,749.8,0.001
5499,749.9,0.0
5500,750.0,0.0
5501,750.1,0.0
5502,750.2,0.0
5503,750.3,0.0
5504,750.4,0.001
5505,750.5,0.001
5506,750.6,0.002
5507,750.7,0.003
5508,750.8,0.005
5509,750.9,0.009
5510,751.0,0.015
5511,751.1,0.024
5512,751.2,0.039
5513,751.3,0.062
5514,751.4,0.097
5515,751.5,0.15
5516,751.6,0.229
5517,751.7,0.345
5518,751.8,0.515
5519,751.9,0.758
5520,752.0,1.103
5521,752.1,1.585
5522,752.2,2.25
5523,752.3,3.156
5524,752.4,4.373
5525,752.5,5.986
5526,752.6,8.092
5527,752.7,10.81
5528,752.8,14.26
5529,752.9,18.593
5530,753.0,23.939
5531,753.1,30.449
5532,753.2,38.261
5533,753.3,47.494
5534,753.4,58.244
5535,753.5,70.549
5536,753.6,84.424
5537,753.7,99.806
5538,753.8,116.562
5539,753.9,134.4
5540,754.0,153.218
5541,754.1,172.509
5542,754.2,191.858
5543,754.3,210.726
5544,754.4,228.676
5545,754.5,245.173
5546,754.6,259.71
5547,754.7,271.66
5548,754.8,280.782
5549,754.9,286.638
5550,755.0,289.1
5551,755.1,288.119
5552,755.2,283.558
5553,755.3,275.691
5554,755.4,264.814
5555,755.5,251.282
5556,755.6,235.542
5557,755.7,218.091
5558,755.8,199.457
5559,755.9,180.229
5560,756.0,160.838
5561,756.1,141.9
5562,756.2,123.611
5563,756.3,106.35
5564,756.4,90.397
5565,756.5,75.914
5566,756.6,62.978
5567,756.7,51.603
5568,756.8,41.776
5569,756.9,33.412
5570,757.0,26.391
5571,757.1,20.595
5572,757.2,15.88
5573,757.3,12.099
5574,757.4,9.099
5575,757.5,6.763
5576,757.6,4.965
5577,757.7,3.601
5578,757.8,2.58
5579,757.9,1.826
5580,758.0,1.277
5581,758.1,0.882
5582,758.2,0.602
5583,758.3,0.406
5584,758.4,0.27
5585,758.5,0.178
5586,758.6,0.115
5587,758.7,0.074
5588,758.8,0.047
5589,758.9,0.029
5590,759.0,0.018
5591,759.1,0.011
5592,759.2,0.007
5593,759.3,0.004
5594,759.4,0.002
5595,759.5,0.001
5596,759.6,0.001
5597,759.7,0.0
5598,759.8,0.0
5599,759.9,0.0
5600,760.0,0.0
5601,760.1,0.0
5602,760.2,0.0
5603,760.3,0.0
5604,760.4,0.0
5605,760.5,0.0
5606,760.6,0.0
5607,760.7,0.0
5608,760.8,0.0
5609,760.9,0.0
5610,761.0,0.0
5611,761.1,0.0
5612,761.2,0.0
5613,761.3,0.0
5614,761.4,0.0
5615,761.5,0.0
5616,761.6,0.0
5617,761.7,0.0
5618,761.8,0.0
5619,761.9,0.0
5620,762.0,0.0
5621,762.1,0.0
5622,762.2,0.0
5623,762.3,0.0
5624,762.4,0.0
5625,762.5,0.0
5626,762.6,0.0
5627,762.7,0.0
5628,762.8,0.0
5629,762.9,0.0
5630,763.0,0.0
5631,763.1,0.0
5632,763.2,0.0
5633,763.3,0.0
5634,763.4,0.0
5635,763.5,0.0
5636,763.6,0.0
5637,763.7,0.0
5638,763.8,0.0
5639,763.9,0.0
5640,764.0,0.0
5641,764.1,0.0
5642,764.2,0.0
5643,764.3,0.0
5644,764.4,0.0
5645,764.5,0.0
5646,764.6,0.0
5647,764.7,0.0
5648,764.8,0.0
5649,764.9,0.0
5650,765.0,0.0
5651,765.1,0.0
5652,765.2,0.0
5653,765.3,0.0
5654,765.4,0.0
5655,765.5,0.0
5656,765.6,0.0
5657,765.7,0.0
5658,765.8,0.0
5659,765.9,0.0
5660,766.0,0.0
5661,766.1,0.0
5662,766.2,0.0
5663,766.3,0.0
5664,766.4,0.0
5665,766.5,0.0
5666,766.6,0.0
5667,766.7,0.0
5668,766.8,0.0
5669,766.9,0.0
5670,767.0,0.0
5671,767.1,0.0
5672,767.2,0.0
5673,767.3,0.0
5674,767.4,0.0
5675,767.5,0.0
5676,767.6,0.0
5677,767.7,0.0
5678,767.8,0.0
5679,767.9,0.0
5680,768.0,0.0
5681,768.1,0.0
5682,768.2,0.0
5683,768.3,0.001
5684,768.4,0.002
5685,768.5,0.003
5686,768.6,0.007
5687,768.7,0.013
5688,768.8,0.024
5689,768.9,0.046
5690,769.0,0.086
5691,769.1,0.16
5692,769.2,0.291
5693,769.3,0.525
5694,769.4,0.936
5695,769.5,1.65
5696,769.6,2.875
5697,769.7,4.95
5698,769.8,8.425
5699,769.9,14.177
5700,770.0,23.57
5701,770.1,38.74
5702,770.2,62.944
5703,770.3,101.089
5704,770.4,160.511
5705,770.5,251.763
5706,770.6,390.571
5707,770.7,598.729
5708,770.8,907.226
5709,770.9,1359.167
5710,771.0,2012.716
5711,771.1,2945.0
5712,771.2,4260.321
5713,771.3,6091.905
5714,771.4,8610.771
5715,771.5,12029.856
5716,771.6,16616.323
5717,771.7,22673.617
5718,771.8,30602.3
5719,771.9,40811.291
5720,772.0,53802.879
5721,772.1,70111.284
5722,772.2,90300.0
5723,772.3,114982.567
5724,772.4,144687.207
5725,772.5,180028.356
5726,772.6,221288.702
5727,772.7,268974.833
5728,772.8,323100.0
5729,772.9,383731.197
5730,773.0,450386.61
5731,773.1,522556.93
5732,773.2,599316.723
5733,773.3,679368.07
5734,773.4,761220.448
5735,773.5,843183.948
5736,773.6,923019.445
5737,773.7,999295.215
5738,773.8,1068497.988
5739,773.9,1130000.0
5740,774.0,1180215.499
5741,774.1,1219377.746
5742,774.2,1245383.045
5743,774.3,1257430.899
5744,774.4,1254135.563
5745,774.5,1236638.461
5746,774.6,1205807.882
5747,774.7,1161667.436
5748,774.8,1106281.132
5749,774.9,1041968.673
5750,775.0,969200.0
5751,775.1,891436.469
5752,775.2,810521.115
5753,775.3,728369.479
5754,775.4,647014.495
5755,775.5,568099.308
5756,775.6,493107.405
5757,775.7,423021.834
5758,775.8,358705.066
5759,775.9,300736.342
5760,776.0,249137.755
5761,776.1,204100.0
5762,776.2,165191.062
5763,776.3,132296.766
5764,776.4,104694.39
5765,776.5,82011.644
5766,776.6,63597.336
5767,776.7,48903.642
5768,776.8,37426.389
5769,776.9,28661.876
5770,777.0,22214.43
5771,777.1,17742.082
5772,777.2,14990.0
5773,777.3,13796.274
5774,777.4,14047.007
5775,777.5,15769.205
5776,777.6,19010.169
5777,777.7,23937.213
5778,777.8,30750.0
5779,777.9,39762.097
5780,778.0,51280.513
5781,778.1,65697.891
5782,778.2,83424.639
5783,778.3,104839.335
5784,778.4,130341.695
5785,778.5,160282.211
5786,778.6,194868.595
5787,778.7,234224.211
5788,778.8,278430.326
5789,778.9,327100.0
5790,779.0,379975.242
5791,779.1,436342.129
5792,779.2,495371.7
5793,779.3,556071.018
5794,779.4,617044.057
5795,779.5,676896.516
5796,779.6,734164.113
5797,779.7,787234.015
5798,779.8,834481.32
5799,779.9,874560.063
5800,780.0,906100.0
5801,780.1,928112.042
5802,780.2,939922.097
5803,780.3,940987.541
5804,780.4,931306.051
5805,780.5,911241.797
5806,780.6,881612.119
5807,780.7,843079.791
5808,780.8,797192.232
5809,780.9,745140.197
5810,781.0,688620.832
5811,781.1,629100.0
5812,781.2,568293.503
5813,781.3,507428.334
5814,781.4,447948.924
5815,781.5,390969.46
5816,781.6,337351.814
5817,781.7,287736.652
5818,781.8,242661.149
5819,781.9,202365.504
5820,782.0,166767.153
5821,782.1,135917.173
5822,782.2,109500.0
5823,782.3,87206.703
5824,782.4,68668.29
5825,782.5,53452.757
5826,782.6,41139.775
5827,782.7,31303.842
5828,782.8,23540.0
5829,782.9,17504.477
5830,783.0,12869.872
5831,783.1,9356.637
5832,783.2,6722.647
5833,783.3,4776.375
5834,783.4,3354.567
5835,783.5,2329.395
5836,783.6,1598.729
5837,783.7,1084.956
5838,783.8,727.921
5839,783.9,482.8
5840,784.0,316.589
5841,784.1,205.241
5842,784.2,131.6
5843,784.3,83.371
5844,784.4,52.216
5845,784.5,32.335
5846,784.6,19.799
5847,784.7,11.984
5848,784.8,7.173
5849,784.9,4.243
5850,785.0,2.482
5851,785.1,1.435
5852,785.2,0.82
5853,785.3,0.464
5854,785.4,0.259
5855,785.5,0.143
5856,785.6,0.078
5857,785.7,0.042
5858,785.8,0.023
5859,785.9,0.012
5860,786.0,0.006
5861,786.1,0.003
5862,786.2,0.002
5863,786.3,0.001
5864,786.4,0.0
5865,786.5,0.0
5866,786.6,0.0
5867,786.7,0.0
5868,786.8,0.0
5869,786.9,0.0
5870,787.0,0.0
5871,787.1,0.0
5872,787.2,0.0
5873,787.3,0.0
5874,787.4,0.0
5875,787.5,0.0
5876,787.6,0.0
5877,787.7,0.0
5878,787.8,0.0
5879,787.9,0.0
5880,788.0,0.0
5881,788.1,0.0
5882,788.2,0.0
5883,788.3,0.0
5884,788.4,0.0
5885,788.5,0.0
5886,788.6,0.0
5887,788.7,0.0
5888,788.8,0.0
5889,788.9,0.0
5890,789.0,0.0
5891,789.1,0.0
5892,789.2,0.0
5893,789.3,0.0
5894,789.4,0.0
5895,789.5,0.0
5896,789.6,0.0
5897,789.7,0.0
5898,789.8,0.0
5899,789.9,0.0
5900,790.0,0.0
5901,790.1,0.0
5902,790.2,0.0
5903,790.3,0.0
5904,790.4,0.0
5905,790.5,0.0
5906,790.6,0.0
5907,790.7,0.0
5908,790.8,0.0
5909,790.9,0.0
5910,791.0,0.0
5911,791.1,0.0
5912,791.2,0.0
5913,791.3,0.0
5914,791.4,0.0
5915,791.5,0.0
5916,791.6,0.0
5917,791.7,0.0
5918,791.8,0.0
5919,791.9,0.0
5920,792.0,0.0
5921,792.1,0.0
5922,792.2,0.0
5923,792.3,0.0
5924,792.4,0.0
5925,792.5,0.0
5926,792.6,0.0
5927,792.7,0.0
5928,792.8,0.0
5929,792.9,0.0
5930,793.0,0.0
5931,793.1,0.0
5932,793.2,0.0
5933,793.3,0.0
5934,793.4,0.0
5935,793.5,0.0
5936,793.6,0.0
5937,793.7,0.0
5938,793.8,0.0
5939,793.9,0.0
5940,794.0,0.0
5941,794.1,0.0
5942,794.2,0.0
5943,794.3,0.0
5944,794.4,0.0
5945,794.5,0.0
5946,794.6,0.0
5947,794.7,0.0
5948,794.8,0.0
5949,794.9,0.0
5950,795.0,0.0
5951,795.1,0.0
5952,795.2,0.0
5953,795.3,0.0
5954,795.4,0.0
5955,795.5,0.0
5956,795.6,0.0
5957,795.7,0.0
5958,795.8,0.0
5959,795.9,0.0
5960,796.0,0.0
5961,796.1,0.0
5962,796.2,0.0
5963,796.3,0.0
5964,796.4,0.0
5965,796.5,0.0
5966,796.6,0.0
5967,796.7,0.0
5968,796.8,0.0
5969,796.9,0.0
5970,797.0,0.0
5971,797.1,0.0
5972,797.2,0.0
5973,797.3,0.0
5974,797.4,0.0
5975,797.5,0.0
5976,797.6,0.0
5977,797.7,0.0
5978,797.8,0.0
5979,797.9,0.0
5980,798.0,0.0
5981,798.1,0.0
5982,798.2,0.0
5983,798.3,0.0
5984,798.4,0.0
5985,798.5,0.0
5986,798.6,0.0
5987,798.7,0.0
5988,798.8,0.0
5989,798.9,0.0
5990,799.0,0.0
5991,799.1,0.0
5992,799.2,0.0
5993,799.3,0.0
5994,799.4,0.0
5995,799.5,0.0
5996,799.6,0.0
5997,799.7,0.0
5998,799.8,0.0
5999,799.9,0.0
6000,800.0,0.0
6001,800.1,0.0
6002,800.2,0.0
6003,800.3,0.0
6004,800.4,0.0
6005,800.5,0.0
6006,800.6,0.0
6007,800.7,0.0
6008,800.8,0.0
6009,800.9,0.0
6010,801.0,0.0
6011,801.1,0.0
6012,801.2,0.0
6013,801.3,0.0
6014,801.4,0.0
6015,801.5,0.0
6016,801.6,0.0
6017,801.7,0.0
6018,801.8,0.0
6019,801.9,0.0
6020,802.0,0.0
6021,802.1,0.0
6022,802.2,0.0
6023,802.3,0.0
6024,802.4,0.0
6025,802.5,0.0
6026,802.6,0.0
6027,802.7,0.0
6028,802.8,0.0
6029,802.9,0.0
6030,803.0,0.0
6031,803.1,0.0
6032,803.2,0.0
6033,803.3,0.0
6034,803.4,0.0
6035,803.5,0.0
6036,803.6,0.0
6037,803.7,0.0
6038,803.8,0.0
6039,803.9,0.0
6040,804.0,0.0
6041,804.1,0.0
6042,804.2,0.0
6043,804.3,0.0
6044,804.4,0.0
6045,804.5,0.0
6046,804.6,0.0
6047,804.7,0.0
6048,804.8,0.0
6049,804.9,0.0
6050,805.0,0.0
6051,805.1,0.0
6052,805.2,0.0
6053,805.3,0.0
6054,805.4,0.0
6055,805.5,0.0
6056,805.6,0.0
6057,805.7,0.0
6058,805.8,0.0
6059,805.9,0.0
6060,806.0,0.0
6061,806.1,0.0
6062,806.2,0.0
6063,806.3,0.0
6064,806.4,0.0
6065,806.5,0.0
6066,806.6,0.0
6067,806.7,0.0
6068,806.8,0.0
6069,806.9,0.0
6070,807.0,0.0
6071,807.1,0.0
6072,807.2,0.0
6073,807.3,0.0
6074,807.4,0.0
6075,807.5,0.0
6076,807.6,0.0
6077,807.7,0.0
6078,807.8,0.0
6079,807.9,0.0
6080,808.0,0.0
6081,808.1,0.0
6082,808.2,0.0
6083,808.3,0.0
6084,808.4,0.0
6085,808.5,0.0
6086,808.6,0.0
6087,808.7,0.0
6088,808.8,0.0
6089,808.9,0.0
6090,809.0,0.0
6091,809.1,0.0
6092,809.2,0.0
6093,809.3,0.0
6094,809.4,0.0
6095,809.5,0.0
6096,809.6,0.0
6097,809.7,0.0
6098,809.8,0.0
6099,809.9,0.0
6100,810.0,0.0
6101,810.1,0.0
6102,810.2,0.0
6103,810.3,0.0
6104,810.4,0.0
6105,810.5,0.0
6106,810.6,0.0
6107,810.7,0.0
6108,810.8,0.0
6109,810.9,0.0
6110,811.0,0.0
6111,811.1,0.0
6112,811.2,0.0
6113,811.3,0.0
6114,811.4,0.0
6115,811.5,0.0
6116,811.6,0.0
6117,811.7,0.0
6118,811.8,0.0
6119,811.9,0.0
6120,812.0,0.0
6121,812.1,0.0
6122,812.2,0.0
6123,812.3,0.0
6124,812.4,0.0
6125,812.5,0.0
6126,812.6,0.0
6127,812.7,0.0
6128,812.8,0.0
6129,812.9,0.0
6130,813.0,0.0
6131,813.1,0.0
6132,813.2,0.0
6133,813.3,0.0
6134,813.4,0.0
6135,813.5,0.0
6136,813.6,0.0
6137,813.7,0.0
6138,813.8,0.0
6139,813.9,0.0
6140,814.0,0.0
6141,814.1,0.0
6142,814.2,0.0
6143,814.3,0.0
6144,814.4,0.0
6145,814.5,0.0
6146,814.6,0.0
6147,814.7,0.001
6148,814.8,0.001
6149,814.9,0.002
6150,815.0,0.004
6151,815.1,0.007
6152,815.2,0.013
6153,815.3,0.021
6154,815.4,0.035
6155,815.5,0.059
6156,815.6,0.096
6157,815.7,0.155
6158,815.8,0.248
6159,815.9,0.393
6160,816.0,0.617
6161,816.1,0.957
6162,816.2,1.471
6163,816.3,2.236
6164,816.4,3.365
6165,816.5,5.012
6166,816.6,7.388
6167,816.7,10.774
6168,816.8,15.56
6169,816.9,22.235
6170,817.0,31.454
6171,817.1,44.018
6172,817.2,60.98
6173,817.3,83.604
6174,817.4,113.433
6175,817.5,152.358
6176,817.6,202.476
6177,817.7,266.443
6178,817.8,346.9
6179,817.9,446.95
6180,818.0,570.022
6181,818.1,719.431
6182,818.2,898.794
6183,818.3,1110.849
6184,818.4,1359.648
6185,818.5,1647.14
6186,818.6,1973.651
6187,818.7,2341.711
6188,818.8,2749.985
6189,818.9,3197.0
6190,819.0,3677.642
6191,819.1,4187.837
6192,819.2,4720.644
6193,819.3,5266.841
6194,819.4,5818.097
6195,819.5,6361.797
6196,819.6,6888.12
6197,819.7,7384.746
6198,819.8,7840.972
6199,819.9,8245.761
6200,820.0,8592.0
6201,820.1,8871.276
6202,820.2,9080.241
6203,820.3,9217.824
6204,820.4,9285.373
6205,820.5,9288.984
6206,820.6,9234.256
6207,820.7,9133.773
6208,820.8,8998.384
6209,820.9,8843.02
6210,821.0,8683.244
6211,821.1,8534.0
6212,821.2,8411.272
6213,821.3,8328.111
6214,821.4,8297.934
6215,821.5,8330.819
6216,821.6,8432.808
6217,821.7,8609.096
6218,821.8,8861.257
6219,821.9,9184.769
6220,822.0,9575.039
6221,822.1,10024.034
6222,822.2,10520.0
6223,822.3,11043.219
6224,822.4,11583.117
6225,822.5,12126.65
6226,822.6,12650.02
6227,822.7,13134.427
6228,822.8,13560.0
6229,822.9,13915.82
6230,823.0,14192.061
6231,823.1,14360.974
6232,823.2,14429.479
6233,823.3,14381.234
6234,823.4,14218.121
6235,823.5,13932.464
6236,823.6,13542.542
6237,823.7,13056.637
6238,823.8,12463.857
6239,823.9,11800.0
6240,824.0,11069.757
6241,824.1,10291.864
6242,824.2,9478.57
6243,824.3,8648.695
6244,824.4,7817.619
6245,824.5,6999.121
6246,824.6,6207.448
6247,824.7,5453.038
6248,824.8,4743.598
6249,824.9,4087.624
6250,825.0,3487.0
6251,825.1,2946.777
6252,825.2,2465.826
6253,825.3,2042.375
6254,825.4,1675.883
6255,825.5,1360.806
6256,825.6,1094.441
6257,825.7,871.751
6258,825.8,687.205
6259,825.9,536.398
6260,826.0,414.506
6261,826.1,317.1
6262,826.2,240.214
6263,826.3,180.053
6264,826.4,133.681
6265,826.5,98.218
6266,826.6,71.457
6267,826.7,51.458
6268,826.8,36.678
6269,826.9,25.881
6270,827.0,18.078
6271,827.1,12.502
6272,827.2,8.559
6273,827.3,5.799
6274,827.4,3.89
6275,827.5,2.582
6276,827.6,1.698
6277,827.7,1.104
6278,827.8,0.711
6279,827.9,0.453
6280,828.0,0.286
6281,828.1,0.179
6282,828.2,0.11
6283,828.3,0.068
6284,828.4,0.041
6285,828.5,0.025
6286,828.6,0.015
6287,828.7,0.009
6288,828.8,0.005
6289,828.9,0.003
6290,829.0,0.002
6291,829.1,0.001
6292,829.2,0.001
6293,829.3,0.0
6294,829.4,0.0
6295,829.5,0.0
6296,829.6,0.0
6297,829.7,0.0
6298,829.8,0.0
6299,829.9,0.0
6300,830.0,0.0
6301,830.1,0.0
6302,830.2,0.0
6303,830.3,0.0
6304,830.4,0.0
6305,830.5,0.0
6306,830.6,0.0
6307,830.7,0.0
6308,830.8,0.0
6309,830.9,0.0
6310,831.0,0.0
6311,831.1,0.0
6312,831.2,0.0
6313,831.3,0.0
6314,831.4,0.0
6315,831.5,0.0
6316,831.6,0.0
6317,831.7,0.0
6318,831.8,0.0
6319,831.9,0.0
6320,832.0,0.0
6321,832.1,0.0
6322,832.2,0.0
6323,832.3,0.0
6324,832.4,0.0
6325,832.5,0.0
6326,832.6,0.0
6327,832.7,0.0
6328,832.8,0.0
6329,832.9,0.0
6330,833.0,0.0
6331,833.1,0.0
6332,833.2,0.0
6333,833.3,0.0
6334,833.4,0.0
6335,833.5,0.0
6336,833.6,0.0
6337,833.7,0.0
6338,833.8,0.0
6339,833.9,0.0
6340,834.0,0.0
6341,834.1,0.0
6342,834.2,0.0
6343,834.3,0.0
6344,834.4,0.0
6345,834.5,0.0
6346,834.6,0.0
6347,834.7,0.0
6348,834.8,0.0
6349,834.9,0.0
6350,835.0,0.0
6351,835.1,0.0
6352,835.2,0.0
6353,835.3,0.0
6354,835.4,0.0
6355,835.5,0.0
6356,835.6,0.0
6357,835.7,0.0
6358,835.8,0.0
6359,835.9,0.0
6360,836.0,0.0
6361,836.1,0.0
6362,836.2,0.0
6363,836.3,0.0
6364,836.4,0.0
6365,836.5,0.0
6366,836.6,0.0
6367,836.7,0.0
6368,836.8,0.0
6369,836.9,0.0
6370,837.0,0.0
6371,837.1,0.0
6372,837.2,0.0
6373,837.3,0.0
6374,837.4,0.0
6375,837.5,0.0
6376,837.6,0.0
6377,837.7,0.0
6378,837.8,0.0
6379,837.9,0.0
6380,838.0,0.0
6381,838.1,0.0
6382,838.2,0.0
6383,838.3,0.0
6384,838.4,0.0
6385,838.5,0.0
6386,838.6,0.0
6387,838.7,0.0
6388,838.8,0.0
6389,838.9,0.0
6390,839.0,0.0
6391,839.1,0.001
6392,839.2,0.001
6393,839.3,0.002
6394,839.4,0.003
6395,839.5,0.005
6396,839.6,0.009
6397,839.7,0.015
6398,839.8,0.026
6399,839.9,0.043
6400,840.0,0.07
6401,840.1,0.115
6402,840.2,0.185
6403,840.3,0.296
6404,840.4,0.47
6405,840.5,0.739
6406,840.6,1.148
6407,840.7,1.769
6408,840.8,2.698
6409,840.9,4.075
6410,841.0,6.095
6411,841.1,9.028
6412,841.2,13.243
6413,841.3,19.238
6414,841.4,27.671
6415,841.5,39.42
6416,841.6,55.612
6417,841.7,77.7
6418,841.8,107.478
6419,841.9,147.295
6420,842.0,199.869
6421,842.1,268.494
6422,842.2,357.3
6423,842.3,470.811
6424,842.4,614.342
6425,842.5,793.84
6426,842.6,1015.99
6427,842.7,1287.823
6428,842.8,1616.0
6429,842.9,2008.016
6430,843.0,2471.821
6431,843.1,3012.624
6432,843.2,3636.086
6433,843.3,4346.112
6434,843.4,5144.836
6435,843.5,6030.796
6436,843.6,7000.786
6437,843.7,8048.203
6438,843.8,9162.404
6439,843.9,10330.0
6440,844.0,11531.19
6441,844.1,12747.57
6442,844.2,13963.959
6443,844.3,15141.093
6444,844.4,16253.545
6445,844.5,17279.011
6446,844.6,18201.703
6447,844.7,18974.808
6448,844.8,19598.603
6449,844.9,20042.787
6450,845.0,20300.0
6451,845.1,20355.359
6452,845.2,20220.026
6453,845.3,19887.082
6454,845.4,19372.78
6455,845.5,18687.487
6456,845.6,17850.112
6457,845.7,16890.736
6458,845.8,15834.251
6459,845.9,14691.814
6460,846.0,13509.09
6461,846.1,12310.0
6462,846.2,11111.04
6463,846.3,9945.959
6464,846.4,8835.629
6465,846.5,7793.112
6466,846.6,6839.098
6467,846.7,5984.281
6468,846.8,5239.279
6469,846.9,4613.403
6470,847.0,4112.26
6471,847.1,3741.223
6472,847.2,3504.0
6473,847.3,3404.317
6474,847.4,3445.12
6475,847.5,3628.806
6476,847.6,3958.475
6477,847.7,4435.107
6478,847.8,5062.0
6479,847.9,5836.949
6480,848.0,6760.269
6481,848.1,7827.09
6482,848.2,9031.893
6483,848.3,10360.153
6484,848.4,11808.631
6485,848.5,13339.085
6486,848.6,14952.494
6487,848.7,16600.806
6488,848.8,18273.08
6489,848.9,19920.0
6490,849.0,21511.722
6491,849.1,23006.843
6492,849.2,24377.618
6493,849.3,25573.524
6494,849.4,26581.147
6495,849.5,27356.462
6496,849.6,27885.819
6497,849.7,28155.021
6498,849.8,28161.337
6499,849.9,27886.594
6500,850.0,27360.0
6501,850.1,26576.038
6502,850.2,25574.151
6503,850.3,24366.735
6504,850.4,23001.27
6505,850.5,21496.459
6506,850.6,19897.313
6507,850.7,18246.558
6508,850.8,16567.295
6509,850.9,14901.714
6510,851.0,13279.018
6511,851.1,11710.0
6512,851.2,10236.348
6513,851.3,8853.413
6514,851.4,7588.645
6515,851.5,6441.43
6516,851.6,5415.027
6517,851.7,4508.646
6518,851.8,3717.949
6519,851.9,3037.245
6520,852.0,2456.774
6521,852.1,1968.502
6522,852.2,1562.0
6523,852.3,1228.637
6524,852.4,957.813
6525,852.5,740.683
6526,852.6,568.862
6527,852.7,435.309
6528,852.8,333.6
6529,852.9,258.493
6530,853.0,205.868
6531,853.1,172.712
6532,853.2,156.888
6533,853.3,157.533
6534,853.4,174.674
6535,853.5,209.38
6536,853.6,264.054
6537,853.7,341.891
6538,853.8,447.419
6539,853.9,586.2
6540,854.0,765.173
6541,854.1,991.885
6542,854.2,1276.021
6543,854.3,1626.958
6544,854.4,2055.403
6545,854.5,2573.006
6546,854.6,3190.207
6547,854.7,3919.256
6548,854.8,4768.831
6549,854.9,5748.949
6550,855.0,6864.0
6551,855.1,8117.897
6552,855.2,9512.273
6553,855.3,11036.417
6554,855.4,12685.314
6555,855.5,14448.646
6556,855.6,16298.678
6557,855.7,18216.561
6558,855.8,20157.147
6559,855.9,22102.212
6560,856.0,23999.446
6561,856.1,25820.0
6562,856.2,27512.265
6563,856.3,29038.211
6564,856.4,30364.666
6565,856.5,31447.108
6566,856.6,32263.796
6567,856.7,32788.91
6568,856.8,33009.007
6569,856.9,32914.157
6570,857.0,32510.402
6571,857.1,31804.586
6572,857.2,30830.0
6573,857.3,29595.856
6574,857.4,28146.004
6575,857.5,26516.705
6576,857.6,24742.235
6577,857.7,22871.189
6578,857.8,20940.0
6579,857.9,18989.431
6580,858.0,17055.225
6581,858.1,15180.76
6582,858.2,13378.818
6583,858.3,11682.929
6584,858.4,10107.9
6585,858.5,8658.647
6586,858.6,7348.866
6587,858.7,6178.276
6588,858.8,5144.934
6589,858.9,4244.0
6590,859.0,3467.197
6591,859.1,2806.372
6592,859.2,2249.905
6593,859.3,1787.268
6594,859.4,1406.067
6595,859.5,1095.847
6596,859.6,845.647
6597,859.7,646.613
6598,859.8,489.713
6599,859.9,367.402
6600,860.0,273.1
6601,860.1,201.03
6602,860.2,146.562
6603,860.3,105.868
6604,860.4,75.759
6605,860.5,53.693
6606,860.6,37.695
6607,860.7,26.214
6608,860.8,18.064
6609,860.9,12.326
6610,861.0,8.33
6611,861.1,5.577
6612,861.2,3.699
6613,861.3,2.43
6614,861.4,1.581
6615,861.5,1.019
6616,861.6,0.651
6617,861.7,0.412
6618,861.8,0.258
6619,861.9,0.16
6620,862.0,0.098
6621,862.1,0.06
6622,862.2,0.036
6623,862.3,0.022
6624,862.4,0.013
6625,862.5,0.008
6626,862.6,0.006
6627,862.7,0.005
6628,862.8,0.006
6629,862.9,0.009
6630,863.0,0.014
6631,863.1,0.022
6632,863.2,0.036
6633,863.3,0.06
6634,863.4,0.097
6635,863.5,0.157
6636,863.6,0.251
6637,863.7,0.398
6638,863.8,0.625
6639,863.9,0.974
6640,864.0,1.503
6641,864.1,2.3
6642,864.2,3.487
6643,864.3,5.243
6644,864.4,7.813
6645,864.5,11.547
6646,864.6,16.914
6647,864.7,24.579
6648,864.8,35.406
6649,864.9,50.583
6650,865.0,71.67
6651,865.1,100.724
6652,865.2,140.415
6653,865.3,194.197
6654,865.4,266.458
6655,865.5,362.794
6656,865.6,490.059
6657,865.7,657.193
6658,865.8,874.416
6659,865.9,1155.812
6660,866.0,1515.984
6661,866.1,1974.0
6662,866.2,2553.037
6663,866.3,3279.043
6664,866.4,4182.98
6665,866.5,5300.108
6666,866.6,6672.145
6667,866.7,8342.992
6668,866.8,10365.118
6669,866.9,12794.384
6670,867.0,15689.784
6671,867.1,19123.926
6672,867.2,23150.0
6673,867.3,27851.534
6674,867.4,33282.799
6675,867.5,39526.649
6676,867.6,46625.712
6677,867.7,54628.322
6678,867.8,63580.0
6679,867.9,73499.477
6680,868.0,84375.791
6681,868.1,96141.824
6682,868.2,108853.156
6683,868.3,122317.233
6684,868.4,136434.364
6685,868.5,151036.098
6686,868.6,165995.73
6687,868.7,181014.171
6688,868.8,195839.843
6689,868.9,210200.0
6690,869.0,223867.877
6691,869.1,236605.251
6692,869.2,247987.339
6693,869.3,257826.754
6694,869.4,265904.764
6695,869.5,271906.266
6696,869.6,275808.476
6697,869.7,277506.153
6698,869.8,276923.234
6699,869.9,274042.773
6700,870.0,269000.0
6701,870.1,261914.792
6702,870.2,252960.385
6703,870.3,242372.077
6704,870.4,230416.461
6705,870.5,217359.034
6706,870.6,203485.97
6707,870.7,189089.104
6708,870.8,174421.776
6709,870.9,159840.386
6710,871.0,145427.771
6711,871.1,131600.0
6712,871.2,118296.049
6713,871.3,105731.615
6714,871.4,94071.561
6715,871.5,83276.213
6716,871.6,73406.64
6717,871.7,64456.483
6718,871.8,56409.894
6719,871.9,49207.28
6720,872.0,42809.695
6721,872.1,37158.591
6722,872.2,32170.0
6723,872.3,27798.924
6724,872.4,23975.318
6725,872.5,20620.11
6726,872.6,17698.872
6727,872.7,15155.307
6728,872.8,12950.0
6729,872.9,11028.027
6730,873.0,9374.411
6731,873.1,7953.603
6732,873.2,6744.977
6733,873.3,5731.14
6734,873.4,4899.7
6735,873.5,4239.546
6736,873.6,3747.491
6737,873.7,3424.487
6738,873.8,3275.014
6739,873.9,3310.0
6740,874.0,3545.034
6741,874.1,4003.791
6742,874.2,4715.242
6743,874.3,5713.955
6744,874.4,7044.828
6745,874.5,8754.242
6746,874.6,10897.218
6747,874.7,13537.726
6748,874.8,16732.47
6749,874.9,20547.501
6750,875.0,25040.0
6751,875.1,30256.141
6752,875.2,36265.231
6753,875.3,43086.445
6754,875.4,50740.702
6755,875.5,59217.171
6756,875.6,68503.517
6757,875.7,78529.377
6758,875.8,89202.634
6759,875.9,100444.962
6760,876.0,112048.341
6761,876.1,123900.0
6762,876.2,135773.0
6763,876.3,147366.371
6764,876.4,158610.581
6765,876.5,169114.896
6766,876.6,178697.086
6767,876.7,187181.382
6768,876.8,194212.225
6769,876.9,199805.77
6770,877.0,203592.83
6771,877.1,205619.053
6772,877.2,205800.0
6773,877.3,204150.416
6774,877.4,200684.165
6775,877.5,195532.222
6776,877.6,188736.02
6777,877.7,180484.92
6778,877.8,171200.0
6779,877.9,160756.891
6780,878.0,149724.909
6781,878.1,138197.284
6782,878.2,126375.903
6783,878.3,114571.747
6784,878.4,102952.849
6785,878.5,91734.39
6786,878.6,81049.922
6787,878.7,71049.969
6788,878.8,61835.212
6789,878.9,53480.0
6790,879.0,46024.146
6791,879.1,39517.87
6792,879.2,33958.232
6793,879.3,29348.603
6794,879.4,25676.29
6795,879.5,22925.761
6796,879.6,21068.003
6797,879.7,20079.036
6798,879.8,19953.91
6799,879.9,20660.129
6800,880.0,22190.0
6801,880.1,24532.288
6802,880.2,27657.675
6803,880.3,31561.851
6804,880.4,36222.089
6805,880.5,41594.723
6806,880.6,47644.209
6807,880.7,54322.897
6808,880.8,61549.546
6809,880.9,69237.733
6810,881.0,77280.081
6811,881.1,85550.0
6812,881.2,93895.355
6813,881.3,102163.959
6814,881.4,110177.982
6815,881.5,117825.98
6816,881.6,124831.177
6817,881.7,131187.374
6818,881.8,136506.356
6819,881.9,140887.225
6820,882.0,144072.278
6821,882.1,145968.84
6822,882.2,146700.0
6823,882.3,145976.223
6824,882.4,144084.489
6825,882.5,140895.272
6826,882.6,136521.698
6827,882.7,131183.161
6828,882.8,124900.0
6829,882.9,117826.814
6830,883.0,110166.204
6831,883.1,102113.643
6832,883.2,93776.44
6833,883.3,85379.483
6834,883.4,77032.008
6835,883.5,68883.732
6836,883.6,61052.514
6837,883.7,53626.99
6838,883.8,46685.291
6839,883.9,40280.0
6840,884.0,34449.473
6841,884.1,29196.653
6842,884.2,24522.192
6843,884.3,20414.392
6844,884.4,16849.006
6845,884.5,13773.864
6846,884.6,11163.359
6847,884.7,8971.094
6848,884.8,7143.378
6849,884.9,5637.485
6850,885.0,4410.0
6851,885.1,3420.168
6852,885.2,2629.507
6853,885.3,2004.339
6854,885.4,1514.984
6855,885.5,1135.698
6856,885.6,845.281
6857,885.7,624.701
6858,885.8,458.945
6859,885.9,335.669
6860,886.0,244.867
6861,886.1,178.8
6862,886.2,131.115
6863,886.3,97.086
6864,886.4,73.052
6865,886.5,56.228
6866,886.6,44.539
6867,886.7,36.46
6868,886.8,30.868
6869,886.9,26.954
6870,887.0,24.148
6871,887.1,22.05
6872,887.2,20.39
6873,887.3,18.987
6874,887.4,17.721
6875,887.5,16.523
6876,887.6,15.349
6877,887.7,14.186
6878,887.8,13.03
6879,887.9,11.88
6880,888.0,10.744
6881,888.1,9.64
6882,888.2,8.574
6883,888.3,7.564
6884,888.4,6.615
6885,888.5,5.735
6886,888.6,4.928
6887,888.7,4.198
6888,888.8,3.545
6889,888.9,2.967
6890,889.0,2.461
6891,889.1,2.024
6892,889.2,1.649
6893,889.3,1.333
6894,889.4,1.067
6895,889.5,0.847
6896,889.6,0.666
6897,889.7,0.52
6898,889.8,0.402
6899,889.9,0.308
6900,890.0,0.234
6901,890.1,0.176
6902,890.2,0.131
6903,890.3,0.097
6904,890.4,0.071
6905,890.5,0.052
6906,890.6,0.037
6907,890.7,0.027
6908,890.8,0.019
6909,890.9,0.013
6910,891.0,0.009
6911,891.1,0.006
6912,891.2,0.004
6913,891.3,0.003
6914,891.4,0.002
6915,891.5,0.001
6916,891.6,0.001
6917,891.7,0.001
6918,891.8,0.0
6919,891.9,0.0
6920,892.0,0.0
6921,892.1,0.0
6922,892.2,0.0
6923,892.3,0.0
6924,892.4,0.0
6925,892.5,0.0
6926,892.6,0.0
6927,892.7,0.0
6928,892.8,0.0
6929,892.9,0.0
6930,893.0,0.0
6931,893.1,0.0
6932,893.2,0.0
6933,893.3,0.0
6934,893.4,0.0
6935,893.5,0.0
6936,893.6,0.0
6937,893.7,0.0
6938,893.8,0.0
6939,893.9,0.0
6940,894.0,0.0
6941,894.1,0.0
6942,894.2,0.0
6943,894.3,0.0
6944,894.4,0.0
6945,894.5,0.0
6946,894.6,0.0
6947,894.7,0.0
6948,894.8,0.0
6949,894.9,0.0
6950,895.0,0.0
6951,895.1,0.0
6952,895.2,0.0
6953,895.3,0.0
6954,895.4,0.0
6955,895.5,0.0
6956,895.6,0.0
6957,895.7,0.0
6958,895.8,0.0
6959,895.9,0.0
6960,896.0,0.0
6961,896.1,0.0
6962,896.2,0.0
6963,896.3,0.0
6964,896.4,0.0
6965,896.5,0.0
6966,896.6,0.0
6967,896.7,0.0
6968,896.8,0.0
6969,896.9,0.0
6970,897.0,0.0
6971,897.1,0.0
6972,897.2,0.0
6973,897.3,0.0
6974,897.4,0.0
6975,897.5,0.0
6976,897.6,0.0
6977,897.7,0.0
6978,897.8,0.0
6979,897.9,0.0
6980,898.0,0.0
6981,898.1,0.0
6982,898.2,0.0
6983,898.3,0.0
6984,898.4,0.0
6985,898.5,0.0
6986,898.6,0.0
6987,898.7,0.0
6988,898.8,0.0
6989,898.9,0.0
6990,899.0,0.0
6991,899.1,0.0
6992,899.2,0.0
6993,899.3,0.0
6994,899.4,0.0
6995,899.5,0.0
6996,899.6,0.0
6997,899.7,0.0
6998,899.8,0.0
6999,899.9,0.0
7000,900.0,0.0
7001,900.1,0.0
7002,900.2,0.0
7003,900.3,0.0
7004,900.4,0.0
7005,900.5,0.0
7006,900.6,0.0
7007,900.7,0.0
7008,900.8,0.0
7009,900.9,0.0
7010,901.0,0.0
7011,901.1,0.0
7012,901.2,0.0
7013,901.3,0.0
7014,901.4,0.0
7015,901.5,0.0
7016,901.6,0.0
7017,901.7,0.0
7018,901.8,0.0
7019,901.9,0.0
7020,902.0,0.0
7021,902.1,0.0
7022,902.2,0.0
7023,902.3,0.0
7024,902.4,0.0
7025,902.5,0.0
7026,902.6,0.0
7027,902.7,0.0
7028,902.8,0.0
7029,902.9,0.0
7030,903.0,0.0
7031,903.1,0.0
7032,903.2,0.0
7033,903.3,0.0
7034,903.4,0.0
7035,903.5,0.0
7036,903.6,0.0
7037,903.7,0.0
7038,903.8,0.0
7039,903.9,0.0
7040,904.0,0.0
7041,904.1,0.0
7042,904.2,0.0
7043,904.3,0.0
7044,904.4,0.0
7045,904.5,0.0
7046,904.6,0.0
7047,904.7,0.0
7048,904.8,0.0
7049,904.9,0.0
7050,905.0,0.0
7051,905.1,0.0
7052,905.2,0.0
7053,905.3,0.0
7054,905.4,0.0
7055,905.5,0.0
7056,905.6,0.0
7057,905.7,0.0
7058,905.8,0.0
7059,905.9,0.0
7060,906.0,0.0
7061,906.1,0.0
7062,906.2,0.0
7063,906.3,0.0
7064,906.4,0.0
7065,906.5,0.0
7066,906.6,0.0
7067,906.7,0.0
7068,906.8,0.0
7069,906.9,0.0
7070,907.0,0.0
7071,907.1,0.0
7072,907.2,0.0
7073,907.3,0.0
7074,907.4,0.0
7075,907.5,0.0
7076,907.6,0.0
7077,907.7,0.0
7078,907.8,0.0
7079,907.9,0.0
7080,908.0,0.0
7081,908.1,0.0
7082,908.2,0.0
7083,908.3,0.0
7084,908.4,0.0
7085,908.5,0.0
7086,908.6,0.0
7087,908.7,0.0
7088,908.8,0.0
7089,908.9,0.0
7090,909.0,0.0
7091,909.1,0.0
7092,909.2,0.0
7093,909.3,0.0
7094,909.4,0.0
7095,909.5,0.0
7096,909.6,0.0
7097,909.7,0.0
7098,909.8,0.0
7099,909.9,0.0
7100,910.0,0.0
7101,910.1,0.0
7102,910.2,0.0
7103,910.3,0.0
7104,910.4,0.0
7105,910.5,0.0
7106,910.6,0.0
7107,910.7,0.0
7108,910.8,0.0
7109,910.9,0.0
7110,911.0,0.0
7111,911.1,0.0
7112,911.2,0.0
7113,911.3,0.0
7114,911.4,0.0
7115,911.5,0.0
7116,911.6,0.0
7117,911.7,0.0
7118,911.8,0.0
7119,911.9,0.0
7120,912.0,0.0
7121,912.1,0.0
7122,912.2,0.0
7123,912.3,0.0
7124,912.4,0.0
7125,912.5,0.0
7126,912.6,0.0
7127,912.7,0.0
7128,912.8,0.0
7129,912.9,0.0
7130,913.0,0.0
7131,913.1,0.0
7132,913.2,0.0
7133,913.3,0.0
7134,913.4,0.0
7135,913.5,0.0
7136,913.6,0.0
7137,913.7,0.0
7138,913.8,0.0
7139,913.9,0.0
7140,914.0,0.0
7141,914.1,0.0
7142,914.2,0.0
7143,914.3,0.0
7144,914.4,0.0
7145,914.5,0.0
7146,914.6,0.0
7147,914.7,0.0
7148,914.8,0.0
7149,914.9,0.0
7150,915.0,0.0
7151,915.1,0.0
7152,915.2,0.0
7153,915.3,0.0
7154,915.4,0.0
7155,915.5,0.0
7156,915.6,0.0
7157,915.7,0.0
7158,915.8,0.0
7159,915.9,0.0
7160,916.0,0.0
7161,916.1,0.0
7162,916.2,0.0
7163,916.3,0.0
7164,916.4,0.0
7165,916.5,0.0
7166,916.6,0.0
7167,916.7,0.0
7168,916.8,0.0
7169,916.9,0.0
7170,917.0,0.0
7171,917.1,0.0
7172,917.2,0.0
7173,917.3,0.0
7174,917.4,0.0
7175,917.5,0.0
7176,917.6,0.0
7177,917.7,0.0
7178,917.8,0.0
7179,917.9,0.0
7180,918.0,0.0
7181,918.1,0.0
7182,918.2,0.0
7183,918.3,0.0
7184,918.4,0.0
7185,918.5,0.0
7186,918.6,0.0
7187,918.7,0.0
7188,918.8,0.0
7189,918.9,0.0
7190,919.0,0.0
7191,919.1,0.0
7192,919.2,0.0
7193,919.3,0.0
7194,919.4,0.0
7195,919.5,0.0
7196,919.6,0.0
7197,919.7,0.0
7198,919.8,0.0
7199,919.9,0.0
7200,920.0,0.0
7201,920.1,0.0
7202,920.2,0.0
7203,920.3,0.0
7204,920.4,0.0
7205,920.5,0.0
7206,920.6,0.0
7207,920.7,0.0
7208,920.8,0.0
7209,920.9,0.0
7210,921.0,0.0
7211,921.1,0.0
7212,921.2,0.0
7213,921.3,0.0
7214,921.4,0.0
7215,921.5,0.0
7216,921.6,0.0
7217,921.7,0.0
7218,921.8,0.0
7219,921.9,0.0
7220,922.0,0.0
7221,922.1,0.0
7222,922.2,0.0
7223,922.3,0.0
7224,922.4,0.0
7225,922.5,0.0
7226,922.6,0.0
7227,922.7,0.0
7228,922.8,0.0
7229,922.9,0.0
7230,923.0,0.0
7231,923.1,0.0
7232,923.2,0.0
7233,923.3,0.0
7234,923.4,0.0
7235,923.5,0.0
7236,923.6,0.0
7237,923.7,0.0
7238,923.8,0.0
7239,923.9,0.0
7240,924.0,0.0
7241,924.1,0.0
7242,924.2,0.0
7243,924.3,0.0
7244,924.4,0.0
7245,924.5,0.0
7246,924.6,0.0
7247,924.7,0.0
7248,924.8,0.0
7249,924.9,0.0
7250,925.0,0.0
7251,925.1,0.0
7252,925.2,0.0
7253,925.3,0.0
7254,925.4,0.0
7255,925.5,0.0
7256,925.6,0.0
7257,925.7,0.0
7258,925.8,0.0
7259,925.9,0.0
7260,926.0,0.0
7261,926.1,0.0
7262,926.2,0.0
7263,926.3,0.0
7264,926.4,0.0
7265,926.5,0.0
7266,926.6,0.0
7267,926.7,0.0
7268,926.8,0.0
7269,926.9,0.0
7270,927.0,0.0
7271,927.1,0.0
7272,927.2,0.0
7273,927.3,0.0
7274,927.4,0.0
7275,927.5,0.0
7276,927.6,0.0
7277,927.7,0.0
7278,927.8,0.0
7279,927.9,0.0
7280,928.0,0.0
7281,928.1,0.0
7282,928.2,0.0
7283,928.3,0.0
7284,928.4,0.0
7285,928.5,0.0
7286,928.6,0.0
7287,928.7,0.0
7288,928.8,0.0
7289,928.9,0.0
7290,929.0,0.0
7291,929.1,0.0
7292,929.2,0.0
7293,929.3,0.0
7294,929.4,0.0
7295,929.5,0.0
7296,929.6,0.0
7297,929.7,0.0
7298,929.8,0.0
7299,929.9,0.0
7300,930.0,0.0
7301,930.1,0.0
7302,930.2,0.0
7303,930.3,0.0
7304,930.4,0.0
7305,930.5,0.0
7306,930.6,0.0
7307,930.7,0.0
7308,930.8,0.0
7309,930.9,0.0
7310,931.0,0.0
7311,931.1,0.0
7312,931.2,0.0
7313,931.3,0.0
7314,931.4,0.0
7315,931.5,0.0
7316,931.6,0.0
7317,931.7,0.0
7318,931.8,0.0
7319,931.9,0.0
7320,932.0,0.0
7321,932.1,0.0
7322,932.2,0.0
7323,932.3,0.0
7324,932.4,0.0
7325,932.5,0.0
7326,932.6,0.0
7327,932.7,0.0
7328,932.8,0.0
7329,932.9,0.0
7330,933.0,0.0
7331,933.1,0.0
7332,933.2,0.0
7333,933.3,0.0
7334,933.4,0.0
7335,933.5,0.0
7336,933.6,0.0
7337,933.7,0.0
7338,933.8,0.0
7339,933.9,0.0
7340,934.0,0.0
7341,934.1,0.0
7342,934.2,0.0
7343,934.3,0.0
7344,934.4,0.0
7345,934.5,0.0
7346,934.6,0.0
7347,934.7,0.0
7348,934.8,0.0
7349,934.9,0.0
7350,935.0,0.0
7351,935.1,0.0
7352,935.2,0.0
7353,935.3,0.0
7354,935.4,0.0
7355,935.5,0.0
7356,935.6,0.0
7357,935.7,0.0
7358,935.8,0.0
7359,935.9,0.0
7360,936.0,0.0
7361,936.1,0.0
7362,936.2,0.0
7363,936.3,0.0
7364,936.4,0.0
7365,936.5,0.0
7366,936.6,0.0
7367,936.7,0.0
7368,936.8,0.0
7369,936.9,0.0
7370,937.0,0.0
7371,937.1,0.0
7372,937.2,0.0
7373,937.3,0.0
7374,937.4,0.0
7375,937.5,0.0
7376,937.6,0.0
7377,937.7,0.0
7378,937.8,0.001
7379,937.9,0.001
7380,938.0,0.002
7381,938.1,0.004
7382,938.2,0.007
7383,938.3,0.011
7384,938.4,0.018
7385,938.5,0.028
7386,938.6,0.046
7387,938.7,0.073
7388,938.8,0.115
7389,938.9,0.18
7390,939.0,0.28
7391,939.1,0.432
7392,939.2,0.661
7393,939.3,1.005
7394,939.4,1.515
7395,939.5,2.266
7396,939.6,3.363
7397,939.7,4.952
7398,939.8,7.235
7399,939.9,10.491
7400,940.0,15.09
7401,940.1,21.536
7402,940.2,30.504
7403,940.3,42.869
7404,940.4,59.771
7405,940.5,82.689
7406,940.6,113.497
7407,940.7,154.58
7408,940.8,208.939
7409,940.9,280.249
7410,941.0,372.944
7411,941.1,492.4
7412,941.2,645.069
7413,941.3,838.501
7414,941.4,1081.694
7415,941.5,1383.978
7416,941.6,1758.156
7417,941.7,2215.879
7418,941.8,2770.364
7419,941.9,3437.404
7420,942.0,4232.24
7421,942.1,5171.49
7422,942.2,6270.0
7423,942.3,7544.684
7424,942.4,9007.923
7425,942.5,10674.382
7426,942.6,12554.112
7427,942.7,14648.375
7428,942.8,16970.0
7429,942.9,19515.346
7430,943.0,22269.98
7431,943.1,25239.623
7432,943.2,28390.491
7433,943.3,31700.271
7434,943.4,35161.584
7435,943.5,38730.519
7436,943.6,42371.762
7437,943.7,46052.907
7438,943.8,49733.665
7439,943.9,53380.0
7440,944.0,56970.286
7441,944.1,60452.849
7442,944.2,63814.13
7443,944.3,67034.118
7444,944.4,70101.77
7445,944.5,73014.332
7446,944.6,75766.467
7447,944.7,78365.627
7448,944.8,80840.762
7449,944.9,83207.708
7450,945.0,85480.0
7451,945.1,87675.479
7452,945.2,89834.433
7453,945.3,91953.091
7454,945.4,94042.754
7455,945.5,96123.487
7456,945.6,98174.348
7457,945.7,100165.161
7458,945.8,102062.973
7459,945.9,103885.472
7460,946.0,105575.574
7461,946.1,107100.0
7462,946.2,108310.067
7463,946.3,109234.532
7464,946.4,109781.231
7465,946.5,109936.742
7466,946.6,109660.486
7467,946.7,108800.893
7468,946.8,107613.748
7469,946.9,105831.33
7470,947.0,103704.419
7471,947.1,101170.027
7472,947.2,98160.0
7473,947.3,94926.525
7474,947.4,91478.737
7475,947.5,87920.08
7476,947.6,84360.875
7477,947.7,80914.173
7478,947.8,77690.0
7479,947.9,74792.22
7480,948.0,72335.334
7481,948.1,70403.959
7482,948.2,69099.668
7483,948.3,68473.203
7484,948.4,68585.524
7485,948.5,69466.645
7486,948.6,71124.951
7487,948.7,73534.335
7488,948.8,76668.48
7489,948.9,80470.0
7490,949.0,84848.586
7491,949.1,89710.431
7492,949.2,94926.407
7493,949.3,100391.576
7494,949.4,105943.464
7495,949.5,111432.918
7496,949.6,116643.463
7497,949.7,121577.97
7498,949.8,125966.385
7499,949.9,129752.269
7500,950.0,132700.0
7501,950.1,134969.124
7502,950.2,136151.899
7503,950.3,136439.53
7504,950.4,135766.359
7505,950.5,134024.208
7506,950.6,131393.071
7507,950.7,127823.595
7508,950.8,123431.345
7509,950.9,118189.217
7510,951.0,112414.154
7511,951.1,106100.0
7512,951.2,99311.057
7513,951.3,92313.496
7514,951.4,85127.804
7515,951.5,77902.213
7516,951.6,70738.685
7517,951.7,63740.926
7518,951.8,57006.003
7519,951.9,50582.561
7520,952.0,44540.68
7521,952.1,38922.119
7522,952.2,33740.0
7523,952.3,29030.073
7524,952.4,24785.521
7525,952.5,20999.089
7526,952.6,17659.529
7527,952.7,14730.849
7528,952.8,12200.0
7529,952.9,10020.906
7530,953.0,8167.864
7531,953.1,6607.654
7532,953.2,5304.515
7533,953.3,4225.78
7534,953.4,3340.309
7535,953.5,2619.561
7536,953.6,2039.266
7537,953.7,1574.811
7538,953.8,1207.124
7539,953.9,918.2
7540,954.0,693.026
7541,954.1,519.027
7542,954.2,385.739
7543,954.3,284.45
7544,954.4,208.188
7545,954.5,151.131
7546,954.6,108.953
7547,954.7,77.888
7548,954.8,55.28
7549,954.9,38.921
7550,955.0,27.2
7551,955.1,18.855
7552,955.2,12.977
7553,955.3,8.857
7554,955.4,6.002
7555,955.5,4.035
7556,955.6,2.692
7557,955.7,1.782
7558,955.8,1.17
7559,955.9,0.763
7560,956.0,0.494
7561,956.1,0.317
7562,956.2,0.202
7563,956.3,0.128
7564,956.4,0.08
7565,956.5,0.05
7566,956.6,0.031
7567,956.7,0.019
7568,956.8,0.011
7569,956.9,0.007
7570,957.0,0.004
7571,957.1,0.002
7572,957.2,0.001
7573,957.3,0.001
7574,957.4,0.0
7575,957.5,0.0
7576,957.6,0.0
7577,957.7,0.0
7578,957.8,0.0
7579,957.9,0.0
7580,958.0,0.0
7581,958.1,0.0
7582,958.2,0.0
7583,958.3,0.0
7584,958.4,0.0
7585,958.5,0.0
7586,958.6,0.0
7587,958.7,0.0
7588,958.8,0.0
7589,958.9,0.0
7590,959.0,0.0
7591,959.1,0.0
7592,959.2,0.0
7593,959.3,0.0
7594,959.4,0.0
7595,959.5,0.0
7596,959.6,0.0
7597,959.7,0.0
7598,959.8,0.0
7599,959.9,0.0
7600,960.0,0.0
7601,960.1,0.0
7602,960.2,0.0
7603,960.3,0.0
7604,960.4,0.0
7605,960.5,0.0
7606,960.6,0.0
7607,960.7,0.0
7608,960.8,0.0
7609,960.9,0.0
7610,961.0,0.0
7611,961.1,0.0
7612,961.2,0.0
7613,961.3,0.0
7614,961.4,0.0
7615,961.5,0.0
7616,961.6,0.0
7617,961.7,0.0
7618,961.8,0.0
7619,961.9,0.0
7620,962.0,0.0
7621,962.1,0.0
7622,962.2,0.0
7623,962.3,0.0
7624,962.4,0.0
7625,962.5,0.0
7626,962.6,0.0
7627,962.7,0.0
7628,962.8,0.0
7629,962.9,0.0
7630,963.0,0.0
7631,963.1,0.0
7632,963.2,0.0
7633,963.3,0.0
7634,963.4,0.0
7635,963.5,0.0
7636,963.6,0.0
7637,963.7,0.0
7638,963.8,0.0
7639,963.9,0.0
7640,964.0,0.0
7641,964.1,0.0
7642,964.2,0.0
7643,964.3,0.0
7644,964.4,0.0
7645,964.5,0.0
7646,964.6,0.0
7647,964.7,0.0
7648,964.8,0.0
7649,964.9,0.0
7650,965.0,0.0
7651,965.1,0.0
7652,965.2,0.0
7653,965.3,0.0
7654,965.4,0.0
7655,965.5,0.0
7656,965.6,0.0
7657,965.7,0.0
7658,965.8,0.0
7659,965.9,0.0
7660,966.0,0.0
7661,966.1,0.0
7662,966.2,0.0
7663,966.3,0.0
7664,966.4,0.0
7665,966.5,0.0
7666,966.6,0.0
7667,966.7,0.0
7668,966.8,0.0
7669,966.9,0.0
7670,967.0,0.0
7671,967.1,0.0
7672,967.2,0.0
7673,967.3,0.0
7674,967.4,0.0
7675,967.5,0.0
7676,967.6,0.0
7677,967.7,0.0
7678,967.8,0.0
7679,967.9,0.0
7680,968.0,0.0
7681,968.1,0.0
7682,968.2,0.0
7683,968.3,0.0
7684,968.4,0.0
7685,968.5,0.0
7686,968.6,0.0
7687,968.7,0.0
7688,968.8,0.0
7689,968.9,0.0
7690,969.0,0.0
7691,969.1,0.0
7692,969.2,0.0
7693,969.3,0.0
7694,969.4,0.0
7695,969.5,0.0
7696,969.6,0.0
7697,969.7,0.0
7698,969.8,0.0
7699,969.9,0.0
7700,970.0,0.0
7701,970.1,0.0
7702,970.2,0.0
7703,970.3,0.0
7704,970.4,0.0
7705,970.5,0.0
7706,970.6,0.0
7707,970.7,0.0
7708,970.8,0.0
7709,970.9,0.0
7710,971.0,0.0
7711,971.1,0.0
7712,971.2,0.0
7713,971.3,0.0
7714,971.4,0.0
7715,971.5,0.0
7716,971.6,0.0
7717,971.7,0.0
7718,971.8,0.0
7719,971.9,0.0
7720,972.0,0.0
7721,972.1,0.0
7722,972.2,0.0
7723,972.3,0.0
7724,972.4,0.0
7725,972.5,0.0
7726,972.6,0.0
7727,972.7,0.0
7728,972.8,0.0
7729,972.9,0.0
7730,973.0,0.0
7731,973.1,0.0
7732,973.2,0.0
7733,973.3,0.0
7734,973.4,0.0
7735,973.5,0.0
7736,973.6,0.0
7737,973.7,0.0
7738,973.8,0.0
7739,973.9,0.0
7740,974.0,0.0
7741,974.1,0.0
7742,974.2,0.0
7743,974.3,0.0
7744,974.4,0.0
7745,974.5,0.0
7746,974.6,0.0
7747,974.7,0.0
7748,974.8,0.0
7749,974.9,0.0
7750,975.0,0.0
7751,975.1,0.0
7752,975.2,0.0
7753,975.3,0.0
7754,975.4,0.0
7755,975.5,0.0
7756,975.6,0.0
7757,975.7,0.0
7758,975.8,0.0
7759,975.9,0.0
7760,976.0,0.0
7761,976.1,0.0
7762,976.2,0.0
7763,976.3,0.0
7764,976.4,0.0
7765,976.5,0.0
7766,976.6,0.0
7767,976.7,0.0
7768,976.8,0.0
7769,976.9,0.0
7770,977.0,0.0
7771,977.1,0.0
7772,977.2,0.0
7773,977.3,0.0
7774,977.4,0.0
7775,977.5,0.0
7776,977.6,0.0
7777,977.7,0.0
7778,977.8,0.0
7779,977.9,0.0
7780,978.0,0.0
7781,978.1,0.0
7782,978.2,0.0
7783,978.3,0.0
7784,978.4,0.0
7785,978.5,0.0
7786,978.6,0.0
7787,978.7,0.0
7788,978.8,0.0
7789,978.9,0.0
7790,979.0,0.0
7791,979.1,0.0
7792,979.2,0.0
7793,979.3,0.0
7794,979.4,0.0
7795,979.5,0.0
7796,979.6,0.0
7797,979.7,0.0
7798,979.8,0.0
7799,979.9,0.0
7800,980.0,0.0
7801,980.1,0.0
7802,980.2,0.0
7803,980.3,0.0
7804,980.4,0.0
7805,980.5,0.0
7806,980.6,0.0
7807,980.7,0.0
7808,980.8,0.0
7809,980.9,0.0
7810,981.0,0.0
7811,981.1,0.0
7812,981.2,0.0
7813,981.3,0.0
7814,981.4,0.0
7815,981.5,0.0
7816,981.6,0.0
7817,981.7,0.0
7818,981.8,0.0
7819,981.9,0.0
7820,982.0,0.0
7821,982.1,0.0
7822,982.2,0.0
7823,982.3,0.0
7824,982.4,0.0
7825,982.5,0.0
7826,982.6,0.0
7827,982.7,0.0
7828,982.8,0.0
7829,982.9,0.0
7830,983.0,0.0
7831,983.1,0.0
7832,983.2,0.0
7833,983.3,0.0
7834,983.4,0.0
7835,983.5,0.0
7836,983.6,0.001
7837,983.7,0.001
7838,983.8,0.002
7839,983.9,0.004
7840,984.0,0.006
7841,984.1,0.009
7842,984.2,0.015
7843,984.3,0.024
7844,984.4,0.038
7845,984.5,0.06
7846,984.6,0.093
7847,984.7,0.143
7848,984.8,0.22
7849,984.9,0.336
7850,985.0,0.509
7851,985.1,0.765
7852,985.2,1.142
7853,985.3,1.694
7854,985.4,2.494
7855,985.5,3.645
7856,985.6,5.291
7857,985.7,7.628
7858,985.8,10.919
7859,985.9,15.518
7860,986.0,21.906
7861,986.1,30.7
7862,986.2,42.727
7863,986.3,59.05
7864,986.4,81.042
7865,986.5,110.418
7866,986.6,149.47
7867,986.7,200.785
7868,986.8,267.976
7869,986.9,355.025
7870,987.0,467.118
7871,987.1,610.314
7872,987.2,791.8
7873,987.3,1020.106
7874,987.4,1305.112
7875,987.5,1658.101
7876,987.6,2091.263
7877,987.7,2619.374
7878,987.8,3258.0
7879,987.9,4024.289
7880,988.0,4935.845
7881,988.1,6011.533
7882,988.2,7270.429
7883,988.3,8731.469
7884,988.4,10408.771
7885,988.5,12331.27
7886,988.6,14498.791
7887,988.7,16929.76
7888,988.8,19625.148
7889,988.9,22600.0
7890,989.0,25838.341
7891,989.1,29337.205
7892,989.2,33075.591
7893,989.3,37025.409
7894,989.4,41167.583
7895,989.5,45442.319
7896,989.6,49807.614
7897,989.7,54217.353
7898,989.8,58601.576
7899,989.9,62896.042
7900,990.0,67040.0
7901,990.1,70951.503
7902,990.2,74568.136
7903,990.3,77815.145
7904,990.4,80641.067
7905,990.5,82984.244
7906,990.6,84796.434
7907,990.7,86040.91
7908,990.8,86689.03
7909,990.9,86735.883
7910,991.0,86173.774
7911,991.1,85020.0
7912,991.2,83292.308
7913,991.3,81026.405
7914,991.4,78275.455
7915,991.5,75083.709
7916,991.6,71523.944
7917,991.7,67650.826
7918,991.8,63542.386
7919,991.9,59261.737
7920,992.0,54882.804
7921,992.1,50470.733
7922,992.2,46090.0
7923,992.3,41796.003
7924,992.4,37641.032
7925,992.5,33658.132
7926,992.6,29885.31
7927,992.7,26349.999
7928,992.8,23070.0
7929,992.9,20058.766
7930,993.0,17317.346
7931,993.1,14845.519
7932,993.2,12639.946
7933,993.3,10682.562
7934,993.4,8965.732
7935,993.5,7472.644
7936,993.6,6185.209
7937,993.7,5082.995
7938,993.8,4148.975
7939,993.9,3362.0
7940,994.0,2705.24
7941,994.1,2162.072
7942,994.2,1715.857
7943,994.3,1351.934
7944,994.4,1058.06
7945,994.5,821.595
7946,994.6,633.881
7947,994.7,485.66
7948,994.8,369.195
7949,994.9,279.687
7950,995.0,196.614
7951,995.1,87.149
7952,995.2,0.0
7953,995.3,0.0
7954,995.4,0.0
7955,995.5,0.0
7956,995.6,0.0
7957,995.7,0.0
7958,995.8,0.0
7959,995.9,0.0
7960,996.0,0.0
7961,996.1,0.0
7962,996.2,0.0
7963,996.3,0.0
7964,996.4,0.0
7965,996.5,0.0
7966,996.6,0.0
7967,996.7,0.0
7968,996.8,0.0
7969,996.9,0.0
7970,997.0,0.0
7971,997.1,0.0
7972,997.2,0.0
7973,997.3,0.0
7974,997.4,0.0
7975,997.5,0.0
7976,997.6,0.0
7977,997.7,0.0
7978,997.8,0.0
7979,997.9,0.0
7980,998.0,0.0
7981,998.1,0.0
7982,998.2,0.0
7983,998.3,0.0
7984,998.4,0.0
7985,998.5,0.0
7986,998.6,0.0
7987,998.7,0.0
7988,998.8,0.0
7989,998.9,0.0
7990,999.0,0.0
7991,999.1,0.0
7992,999.2,0.0
7993,999.3,0.0
7994,999.4,0.0
7995,999.5,0.0
7996,999.6,0.0
7997,999.7,0.0
7998,999.8,0.0
7999,999.9,0.0
