,wavelength,intensity
0,200.0,252700.0
1,200.1,357842.009
2,200.2,426932.056
3,200.3,432268.513
4,200.4,383599.772
5,200.5,333974.915
6,200.6,364351.981
7,200.7,550778.593
8,200.8,922966.689
9,200.9,1421436.957
10,201.0,1888848.168
11,201.1,2133000.0
12,201.2,2044084.539
13,201.3,1663748.1
14,201.4,1153000.88
15,201.5,681794.869
16,201.6,344937.104
17,201.7,149745.164
18,201.8,55959.502
19,201.9,17990.525
20,202.0,5003.373
21,202.1,1193.143
22,202.2,247.5
23,202.3,44.292
24,202.4,8.056
25,202.5,20.325
26,202.6,148.249
27,202.7,1071.853
28,202.8,6292.0
29,202.9,31281.219
30,203.0,133016.284
31,203.1,476702.58
32,203.2,1450884.764
33,203.3,3742674.385
34,203.4,8201450.964
35,203.5,15296894.239
36,203.6,24352325.728
37,203.7,33207975.851
38,203.8,38994992.64
39,203.9,39650000.0
40,204.0,35146063.276
41,204.1,27330035.259
42,204.2,18732638.53
43,204.3,11327727.464
44,204.4,6040465.906
45,204.5,2824216.696
46,204.6,1150796.716
47,204.7,405292.026
48,204.8,123105.21
49,204.9,31898.259
50,205.0,7104.0
51,205.1,1359.543
52,205.2,417.647
53,205.3,1477.761
54,205.4,9669.879
55,205.5,52460.99
56,205.6,243403.851
57,205.7,961149.996
58,205.8,3220064.594
59,205.9,9180449.424
60,206.0,22264185.31
61,206.1,45990000.0
62,206.2,81170088.515
63,206.3,122985484.798
64,206.4,161262429.169
65,206.5,185373885.329
66,206.6,190403536.26
67,206.7,178630271.097
68,206.8,155811779.945
69,206.9,126783135.089
70,207.0,95250581.696
71,207.1,64901218.93
72,207.2,39620000.0
73,207.3,22097912.286
74,207.4,12357990.468
75,207.5,8305721.379
76,207.6,7170133.977
77,207.7,6760936.972
78,207.8,5988000.0
79,207.9,4785787.768
80,208.0,3663916.714
81,208.1,3204361.97
82,208.2,3689583.096
83,208.3,4963247.633
84,208.4,6477047.711
85,208.5,7546230.149
86,208.6,7714090.657
87,208.7,6973433.53
88,208.8,5696134.398
89,208.9,4326000.0
90,209.0,3141572.993
91,209.1,2249079.682
92,209.2,1718033.469
93,209.3,1671333.398
94,209.4,2242627.385
95,209.5,3442629.477
96,209.6,5023202.866
97,209.7,6493736.452
98,209.8,7347369.279
99,209.9,7363927.431
100,210.0,6745000.0
101,210.1,5907416.333
102,210.2,5140937.352
103,210.3,4451857.312
104,210.4,3699589.657
105,210.5,2822362.229
106,210.6,1933154.989
107,210.7,1232701.338
108,210.8,907892.923
109,210.9,1102538.165
110,211.0,1936996.875
111,211.1,3473000.0
112,211.2,5614713.596
113,211.3,8030522.807
114,211.4,10238556.087
115,211.5,11867539.44
116,211.6,12883908.466
117,211.7,13539423.253
118,211.8,14128238.328
119,211.9,14630879.377
120,212.0,14636718.297
121,212.1,13633259.999
122,212.2,11480000.0
123,212.3,8544805.455
124,212.4,5560508.069
125,212.5,3141778.05
126,212.6,1548777.652
127,212.7,709117.87
128,212.8,418600.0
129,212.9,512667.687
130,213.0,909966.497
131,213.1,1548972.702
132,213.2,2298437.99
133,213.3,2934504.9
134,213.4,3216266.194
135,213.5,3024915.031
136,213.6,2442360.572
137,213.7,1692953.316
138,213.8,1006548.579
139,213.9,513700.0
140,214.0,225025.991
141,214.1,84579.937
142,214.2,27237.446
143,214.3,7553.283
144,214.4,1791.725
145,214.5,365.851
146,214.6,64.645
147,214.7,9.291
148,214.8,1.285
149,214.9,0.122
150,215.0,0.013
151,215.1,0.002
152,215.2,0.0
153,215.3,0.0
154,215.4,0.0
155,215.5,0.0
156,215.6,0.0
157,215.7,0.0
158,215.8,0.0
159,215.9,0.0
160,216.0,0.0
161,216.1,0.0
162,216.2,0.0
163,216.3,0.0
164,216.4,0.0
165,216.5,0.0
166,216.6,0.0
167,216.7,0.0
168,216.8,0.0
169,216.9,0.0
170,217.0,0.0
171,217.1,0.0
172,217.2,0.0
173,217.3,0.0
174,217.4,0.0
175,217.5,0.0
176,217.6,0.0
177,217.7,0.0
178,217.8,0.0
179,217.9,0.0
180,218.0,0.0
181,218.1,0.0
182,218.2,0.0
183,218.3,0.0
184,218.4,0.0
185,218.5,0.0
186,218.6,0.0
187,218.7,0.0
188,218.8,0.0
189,218.9,0.0
190,219.0,0.0
191,219.1,0.0
192,219.2,0.0
193,219.3,0.0
194,219.4,0.0
195,219.5,0.0
196,219.6,0.0
197,219.7,0.0
198,219.8,0.0
199,219.9,0.0
200,220.0,0.0
201,220.1,0.0
202,220.2,0.0
203,220.3,0.0
204,220.4,0.0
205,220.5,0.0
206,220.6,0.0
207,220.7,0.0
208,220.8,0.0
209,220.9,0.0
210,221.0,0.0
211,221.1,0.0
212,221.2,0.0
213,221.3,0.005
214,221.4,0.033
215,221.5,0.419
216,221.6,3.221
217,221.7,23.869
218,221.8,159.943
219,221.9,897.937
220,222.0,4708.965
221,222.1,21380.146
222,222.2,88240.0
223,222.3,327689.823
224,222.4,1099756.982
225,222.5,3354940.943
226,222.6,9204446.978
227,222.7,22683626.584
228,222.8,49780000.0
229,222.9,96850817.387
230,223.0,166101701.084
231,223.1,250172469.797
232,223.2,330059820.069
233,223.3,380607671.749
234,223.4,382968768.311
235,223.5,335920079.441
236,223.6,256649010.947
237,223.7,170797663.95
238,223.8,98903626.039
239,223.9,49840000.001
240,224.0,21850423.825
241,224.1,8330178.57
242,224.2,2761372.439
243,224.3,797968.241
244,224.4,200068.796
245,224.5,43728.448
246,224.6,8369.391
247,224.7,1336.439
248,224.8,202.161
249,224.9,25.84
250,225.0,21.05
251,225.1,99.849
252,225.2,480.088
253,225.3,1997.184
254,225.4,7317.594
255,225.5,23351.777
256,225.6,65311.63
257,225.7,160569.477
258,225.8,348695.92
259,225.9,675086.844
260,226.0,1183873.945
261,226.1,1936000.0
262,226.2,3119085.957
263,226.3,5410436.534
264,226.4,11136471.982
265,226.5,26939569.254
266,226.6,69392403.078
267,226.7,171962430.196
268,226.8,388500183.117
269,226.9,781020273.704
270,227.0,1382735595.105
271,227.1,2147665624.573
272,227.2,2918999999.989
273,227.3,3473017828.103
274,227.4,3611537079.946
275,227.5,3285162884.783
276,227.6,2613157125.135
277,227.7,1817633116.873
278,227.8,1108000000.01
279,227.9,594034830.19
280,228.0,283027632.3
281,228.1,123251066.214
282,228.2,52176876.404
283,228.3,23617977.551
284,228.4,12188129.54
285,228.5,6950629.919
286,228.6,4169540.838
287,228.7,2732043.069
288,228.8,2157782.746
289,228.9,2042000.0
290,229.0,2031318.14
291,229.1,1906930.183
292,229.2,1606964.71
293,229.3,1195983.55
294,229.4,781217.645
295,229.5,447240.665
296,229.6,224252.711
297,229.7,98494.3
298,229.8,37870.543
299,229.9,12780.583
300,230.0,3935.0
301,230.1,1740.891
302,230.2,3261.237
303,230.3,10548.865
304,230.4,32009.76
305,230.5,85797.727
306,230.6,203287.798
307,230.7,427895.738
308,230.8,806536.772
309,230.9,1377133.01
310,231.0,2167436.479
311,231.1,3204000.0
312,231.2,4529850.784
313,231.3,6187283.236
314,231.4,8192433.168
315,231.5,10522669.415
316,231.6,13142971.721
317,231.7,16029696.144
318,231.8,19078884.429
319,231.9,21875305.758
320,232.0,23665770.334
321,232.1,23644942.269
322,232.2,21460000.0
323,232.3,17536622.829
324,232.4,12933143.168
325,232.5,8803869.762
326,232.6,5863967.798
327,232.7,4230433.063
328,232.8,3599000.0
329,232.9,3568053.673
330,233.0,3867810.028
331,233.1,4399870.581
332,233.2,5131898.143
333,233.3,5955830.343
334,233.4,6634887.933
335,233.5,6879543.991
336,233.6,6503610.808
337,233.7,5539661.18
338,233.8,4234914.692
339,233.9,2935000.0
340,234.0,1941587.32
341,234.1,1433992.592
342,234.2,1460713.016
343,234.3,1958909.974
344,234.4,2770819.31
345,234.5,3639894.816
346,234.6,4271129.855
347,234.7,4431479.424
348,234.8,4055491.49
349,234.9,3270792.23
350,235.0,2325000.0
351,235.1,1457019.028
352,235.2,803946.054
353,235.3,391196.991
354,235.4,167651.331
355,235.5,63429.208
356,235.6,21535.593
357,235.7,7967.354
358,235.8,7810.625
359,235.9,19671.987
360,236.0,52896.745
361,236.1,127800.0
362,236.2,273436.998
363,236.3,518574.773
364,236.4,875662.674
365,236.5,1327828.784
366,236.6,1843547.499
367,236.7,2420938.823
368,236.8,3144442.703
369,236.9,4199257.827
370,237.0,5764504.769
371,237.1,7843494.189
372,237.2,10100000.0
373,237.3,11922719.848
374,237.4,12653674.355
375,237.5,11966179.362
376,237.6,10038847.62
377,237.7,7452206.678
378,237.8,4894000.0
379,237.9,2841328.067
380,238.0,1457804.57
381,238.1,661395.502
382,238.2,265116.368
383,238.3,93909.84
384,238.4,29421.092
385,238.5,8159.219
386,238.6,2173.256
387,238.7,1196.593
388,238.8,2993.281
389,238.9,9766.0
390,239.0,29147.279
391,239.1,77891.434
392,239.2,186194.556
393,239.3,398932.76
394,239.4,767527.292
395,239.5,1330371.109
396,239.6,2082211.597
397,239.7,2956712.115
398,239.8,3822386.9
399,239.9,4518427.39
400,240.0,4902000.0
401,240.1,4893920.432
402,240.2,4500601.355
403,240.3,3810832.69
404,240.4,2962950.934
405,240.5,2107906.507
406,240.6,1365210.684
407,240.7,801746.991
408,240.8,425100.744
409,240.9,202676.068
410,241.0,86624.361
411,241.1,33130.0
412,241.2,11313.888
413,241.3,3458.845
414,241.4,1104.494
415,241.5,1120.324
416,241.6,4193.342
417,241.7,16977.898
418,241.8,61951.392
419,241.9,200955.959
420,242.0,582234.784
421,242.1,1500876.207
422,242.2,3446000.0
423,242.3,7051040.963
424,242.4,12867128.841
425,242.5,20934043.339
426,242.6,30388883.909
427,242.7,39385994.5
428,242.8,45620000.0
429,242.9,47355561.415
430,243.0,44357400.965
431,243.1,38242831.218
432,243.2,31895304.035
433,243.3,28399188.679
434,243.4,29854940.984
435,243.5,36586832.48
436,243.6,46844732.723
437,243.7,57327051.951
438,243.8,64286808.538
439,243.9,65070000.0
440,244.0,59202120.795
441,244.1,48450127.601
442,244.2,35825500.904
443,244.3,24230156.742
444,244.4,15519197.369
445,244.5,10354276.613
446,244.6,8701879.747
447,244.7,10467293.506
448,244.8,15754959.889
449,244.9,24644340.704
450,245.0,36530000.0
451,245.1,49567569.996
452,245.2,60760580.073
453,245.3,66939335.621
454,245.4,66203561.007
455,245.5,58849457.288
456,245.6,47238999.25
457,245.7,34565878.071
458,245.8,23488345.393
459,245.9,15323696.231
460,246.0,10167014.775
461,246.1,7486000.0
462,246.2,6661276.125
463,246.3,7206147.162
464,246.4,8680441.549
465,246.5,10548320.537
466,246.6,12166640.344
467,246.7,12951017.187
468,246.8,12670338.439
469,246.9,11481324.507
470,247.0,9861609.342
471,247.1,8316503.922
472,247.2,7114000.0
473,247.3,6235771.841
474,247.4,5493043.854
475,247.5,4718908.358
476,247.6,3878621.305
477,247.7,3059849.071
478,247.8,2382000.0
479,247.9,1922507.752
480,248.0,1709018.81
481,248.1,1747508.698
482,248.2,2061291.522
483,248.3,2679196.67
484,248.4,3595491.146
485,248.5,4735299.921
486,248.6,5963979.518
487,248.7,7126178.704
488,248.8,8095536.359
489,248.9,8777000.0
490,249.0,9098626.531
491,249.1,9019468.033
492,249.2,8595754.151
493,249.3,8060816.899
494,249.4,7818175.888
495,249.5,8313640.814
496,249.6,9791563.469
497,249.7,12082052.83
498,249.8,14565588.138
499,249.9,16377034.784
500,250.0,16820000.0
501,250.1,15688539.912
502,250.2,13397593.538
503,250.3,10763232.9
504,250.4,8592939.117
505,250.5,7367518.962
506,250.6,7074906.089
507,250.7,7344040.346
508,250.8,7700850.745
509,250.9,7855201.638
510,251.0,7862916.497
511,251.1,8110000.0
512,251.2,9115846.448
513,251.3,11267405.633
514,251.4,14594643.424
515,251.5,18654317.815
516,251.6,22648520.141
517,251.7,25699460.699
518,251.8,27113518.002
519,251.9,26658032.862
520,252.0,24537014.464
521,252.1,21287775.81
522,252.2,17550000.0
523,252.3,13891614.05
524,252.4,10751543.914
525,252.5,8411861.491
526,252.6,7044051.471
527,252.7,6744489.462
528,252.8,7620000.0
529,252.9,9829112.577
530,253.0,13555566.15
531,253.1,18878599.852
532,253.2,25642688.2
533,253.3,33359427.107
534,253.4,41468388.618
535,253.5,49915779.442
536,253.6,60435954.672
537,253.7,78371921.121
538,253.8,115119667.702
539,253.9,189799999.997
540,254.0,327247423.324
541,254.1,550660554.18
542,254.2,868847725.731
543,254.3,1266790703.703
544,254.4,1708824442.903
545,254.5,2165397403.487
546,254.6,2660828296.328
547,254.7,3294323274.596
548,254.8,4221201851.576
549,254.9,5565837273.201
550,255.0,7302999999.941
551,255.1,9192974873.141
552,255.2,10831325384.951
553,255.3,11821006498.191
554,255.4,11968341985.701
555,255.5,11359231307.532
556,255.6,10377762670.022
557,255.7,9443396878.409
558,255.8,8857869412.553
559,255.9,8675985934.944
560,256.0,8722296308.251
561,256.1,8710000000.004
562,256.2,8386013538.873
563,256.3,7636158131.479
564,256.4,6507581118.419
565,256.5,5161681277.915
566,256.6,3800719994.463
567,256.7,2598556582.626
568,256.8,1663399340.343
569,256.9,1038075816.073
570,257.0,714788325.278
571,257.1,666634999.557
572,257.2,854599999.991
573,257.3,1227545358.067
574,257.4,1705847724.248
575,257.5,2179164226.816
576,257.6,2520941846.051
577,257.7,2632639578.85
578,257.8,2478000000.009
579,257.9,2104159851.799
580,258.0,1613680758.332
581,258.1,1120365280.68
582,258.2,709215141.338
583,258.3,417699242.399
584,258.4,242061956.533
585,258.5,159857636.761
586,258.6,149607649.941
587,258.7,202686870.001
588,258.8,325276942.159
589,258.9,531199999.992
590,259.0,826848801.03
591,259.1,1194567853.593
592,259.2,1583933218.336
593,259.3,1913121112.795
594,259.4,2098793571.586
595,259.5,2087705633.7
596,259.6,1885329527.851
597,259.7,1551639858.048
598,259.8,1181280776.807
599,259.9,864473479.204
600,260.0,667100000.004
601,260.1,618405666.079
602,260.2,714007751.031
603,260.3,921391780.147
604,260.4,1186165175.861
605,260.5,1439697881.578
606,260.6,1621370768.004
607,260.7,1689027411.817
608,260.8,1642889035.733
609,260.9,1507656206.822
610,261.0,1325772680.012
611,261.1,1130000000.007
612,261.2,939108223.407
613,261.3,760917521.38
614,261.4,600219918.332
615,261.5,463614910.42
616,261.6,357084403.008
617,261.7,281986499.822
618,261.8,232679597.08
619,261.9,200023520.941
620,262.0,175692495.498
621,262.1,155777836.282
622,262.2,140500000.0
623,262.3,131862315.291
624,262.4,130115122.653
625,262.5,132916351.174
626,262.6,136184550.376
627,262.7,136570761.724
628,262.8,133400000.0
629,262.9,128398974.001
630,263.0,124252846.513
631,263.1,122428433.449
632,263.2,122869614.028
633,263.3,124080147.618
634,263.4,125208954.09
635,263.5,126377921.633
636,263.6,128090558.477
637,263.7,130446416.097
638,263.8,131992893.884
639,263.9,130000000.0
640,264.0,122199894.905
641,264.1,107896227.061
642,264.2,88926500.531
643,264.3,68651830.692
644,264.4,50679371.523
645,264.5,37567466.82
646,264.6,30201083.272
647,264.7,27929764.273
648,264.8,29244567.197
649,264.9,32473848.491
650,265.0,36380000.0
651,265.1,40409599.498
652,265.2,44539393.556
653,265.3,48856826.057
654,265.4,53081164.245
655,265.5,56375628.375
656,265.6,57596779.962
657,265.7,55831298.596
658,265.8,51073778.079
659,265.9,44468010.848
660,266.0,38089470.292
661,266.1,34430000.0
662,266.2,35756111.192
663,266.3,43470259.254
664,266.4,57626445.227
665,266.5,76669051.772
666,266.6,97512317.862
667,266.7,116401319.544
668,266.8,130283087.887
669,266.9,137916283.946
670,267.0,140168651.353
671,267.1,139129269.917
672,267.2,136600000.0
673,267.3,133454887.041
674,267.4,129269205.022
675,267.5,123284670.618
676,267.6,115639146.253
677,267.7,106969717.355
678,267.8,98670000.0
679,267.9,91490698.364
680,268.0,85536391.181
681,268.1,80228065.609
682,268.2,74921376.283
683,268.3,69385881.634
684,268.4,63997482.581
685,268.5,59486369.034
686,268.6,56605882.475
687,268.7,55947884.19
688,268.8,57830330.106
689,268.9,62220000.0
690,269.0,68764178.198
691,269.1,76841552.313
692,269.2,85845855.552
693,269.3,95785099.785
694,269.4,107633040.149
695,269.5,123544380.203
696,269.6,145697593.209
697,269.7,175213721.082
698,269.8,210901953.976
699,269.9,249126585.1
700,270.0,284299999.999
701,270.1,311658908.587
702,270.2,328369051.467
703,270.3,335005107.108
704,270.4,334783334.424
705,270.5,331912294.6
706,270.6,329188275.911
707,270.7,327611784.09
708,270.8,325320206.477
709,270.9,319344274.902
710,271.0,306142324.322
711,271.1,283500000.001
712,271.2,251427495.35
713,271.3,212807958.35
714,271.4,172494989.783
715,271.5,135925516.969
716,271.6,107414130.522
717,271.7,88860616.176
718,271.8,79452878.162
719,271.9,76373360.335
720,272.0,76224163.461
721,272.1,76267882.232
722,272.2,75220000.0
723,272.3,73262821.062
724,272.4,71534549.296
725,272.5,71289058.465
726,272.6,73321575.531
727,272.7,77711061.995
728,272.8,84220000.0
729,272.9,92875598.476
730,273.0,104472337.003
731,273.1,120315003.645
732,273.2,140899932.593
733,273.3,164759876.78
734,273.4,188027705.457
735,273.5,204653070.322
736,273.6,209386818.744
737,273.7,199551379.821
738,273.8,176716936.464
739,273.9,146300000.001
740,274.0,115563320.021
741,274.1,91090873.251
742,274.2,77279664.601
743,274.3,74976936.369
744,274.4,81946747.437
745,274.5,93636018.766
746,274.6,104563950.489
747,274.7,110026690.462
748,274.8,107305338.761
749,274.9,96439386.952
750,275.0,79890000.001
751,275.1,61198236.119
752,275.2,43741630.203
753,275.3,29728532.151
754,275.4,19971774.553
755,275.5,14197597.401
756,275.6,11594917.136
757,275.7,11223091.858
758,275.8,12279248.876
759,275.9,14134227.114
760,276.0,16290455.724
761,276.1,18340000.0
762,276.2,20030216.732
763,276.3,21293396.575
764,276.4,22210522.507
765,276.5,22993522.419
766,276.6,23814177.101
767,276.7,24661460.445
768,276.8,25337001.369
769,276.9,25562306.044
770,277.0,25222956.8
771,277.1,24506392.423
772,277.2,23960000.0
773,277.3,24495787.724
774,277.4,27381115.613
775,277.5,34271753.372
776,277.6,47283928.269
777,277.7,68771242.287
778,277.8,100399999.998
779,277.9,142287539.897
780,278.0,191235462.206
781,278.1,241717661.193
782,278.2,286901991.123
783,278.3,321917018.645
784,278.4,346236334.625
785,278.5,363817424.593
786,278.6,380543586.191
787,278.7,400147834.737
788,278.8,421212904.417
789,278.9,437899999.999
790,279.0,443176269.065
791,279.1,433427191.416
792,279.2,411261250.489
793,279.3,384670836.707
794,279.4,363622207.198
795,279.5,357323608.431
796,279.6,371226373.775
797,279.7,406294949.994
798,279.8,458273790.234
799,279.9,517696898.859
800,280.0,570699999.998
801,280.1,601506275.334
802,280.2,597957643.0
803,280.3,555556805.175
804,280.4,479988163.367
805,280.5,384846770.468
806,280.6,286834889.201
807,280.7,200577368.835
808,280.8,134495563.918
809,280.9,91034593.984
810,281.0,68350325.744
811,281.1,63330000.0
812,281.2,74029705.752
813,281.3,101357680.56
814,281.4,149363060.459
815,281.5,224041971.648
816,281.6,330747920.292
817,281.7,471304281.282
818,281.8,641007343.697
819,281.9,827795214.193
820,282.0,1014629687.357
821,282.1,1183671055.473
822,282.2,1320999999.994
823,282.3,1418875192.067
824,282.4,1474169371.435
825,282.5,1486753313.282
826,282.6,1452356281.038
827,282.7,1365649889.564
828,282.8,1226000000.008
829,282.9,1042367465.391
830,283.0,831676349.707
831,283.1,619392554.677
832,283.2,428305964.257
833,283.3,274193470.886
834,283.4,162248332.534
835,283.5,88715811.255
836,283.6,44947892.723
837,283.7,21255022.077
838,283.8,9632553.316
839,283.9,4498000.0
840,284.0,2543023.13
841,284.1,2026892.161
842,284.2,2125623.559
843,284.3,2475172.227
844,284.4,2898403.108
845,284.5,3275750.485
846,284.6,3510545.858
847,284.7,3536434.266
848,284.8,3343614.421
849,284.9,2983298.604
850,285.0,2561000.0
851,285.1,2192541.927
852,285.2,1964352.968
853,285.3,1907727.21
854,285.4,1992143.773
855,285.5,2146721.396
856,285.6,2295927.95
857,285.7,2390760.241
858,285.8,2434316.784
859,285.9,2499230.64
860,286.0,2738067.135
861,286.1,3421000.0
862,286.2,5002739.843
863,286.3,8192845.962
864,286.4,13980387.508
865,286.5,23499429.23
866,286.6,37646002.665
867,286.7,56540598.898
868,286.8,78937276.233
869,286.9,102067155.704
870,287.0,121989003.711
871,287.1,134601046.693
872,287.2,137500000.0
873,287.3,130267846.807
874,287.4,115146739.609
875,287.5,96106782.227
876,287.6,77287701.856
877,287.7,61733894.222
878,287.8,50870000.0
879,287.9,44487260.491
880,288.0,41573675.11
881,288.1,41132201.754
882,288.2,42750456.706
883,288.3,46752491.278
884,288.4,53824222.433
885,288.5,64479307.977
886,288.6,78467202.818
887,288.7,94496526.545
888,288.8,110337169.811
889,288.9,123099999.999
890,289.0,130303321.567
891,289.1,130494391.038
892,289.2,123655087.2
893,289.3,111604926.909
894,289.4,96945410.404
895,289.5,82625336.92
896,289.6,70815101.246
897,289.7,62473381.112
898,289.8,57242142.791
899,289.9,53898416.539
900,290.0,50930000.0
901,290.1,47231976.206
902,290.2,42459233.667
903,290.3,37083005.758
904,290.4,32290236.794
905,290.5,29698008.133
906,290.6,31150354.911
907,290.7,38425200.879
908,290.8,52814014.694
909,290.9,74464867.453
910,291.0,101760446.623
911,291.1,130999999.999
912,291.2,156976510.481
913,291.3,174002823.025
914,291.4,178091024.815
915,291.5,168130371.851
916,291.6,146446299.953
917,291.7,117773833.228
918,291.8,87536427.674
919,291.9,60512564.315
920,292.0,39331147.325
921,292.1,24726603.424
922,292.2,16050000.0
923,292.3,12242537.389
924,292.4,12609605.798
925,292.5,17361203.038
926,292.6,27708375.813
927,292.7,45621567.845
928,292.8,73059999.998
929,292.9,111033600.262
930,293.0,158636735.201
931,293.1,212619140.283
932,293.2,268449158.714
933,293.3,321386788.32
934,293.4,368883525.752
935,293.5,410710619.591
936,293.6,448153909.503
937,293.7,481624188.168
938,293.8,508729689.264
939,293.9,524100000.0
940,294.0,522285232.634
941,294.1,501765218.912
942,294.2,467848510.68
943,294.3,432338846.738
944,294.4,410503344.842
945,294.5,414705146.12
946,294.6,449285689.252
947,294.7,507653658.229
948,294.8,573357925.48
949,294.9,625021914.281
950,295.0,643800000.0
951,295.1,619504460.572
952,295.2,553952563.33
953,295.3,459274227.923
954,295.4,352769111.928
955,295.5,251364020.988
956,295.6,166439246.456
957,295.7,102968087.782
958,295.8,60318316.382
959,295.9,34270134.506
960,296.0,19928301.846
961,296.1,12910000.0
962,296.2,10046387.325
963,296.3,9347849.095
964,296.4,9671499.814
965,296.5,10435031.434
966,296.6,11418992.529
967,296.7,12712998.963
968,296.8,14710106.343
969,296.9,17998411.098
970,297.0,23363961.059
971,297.1,31618062.195
972,297.2,43609999.999
973,297.3,60138808.014
974,297.4,81944734.256
975,297.5,109402121.776
976,297.6,142078066.036
977,297.7,178382195.662
978,297.8,215199999.998
979,297.9,249269029.764
980,298.0,279006803.53
981,298.1,306798924.956
982,298.2,340160072.207
983,298.3,391031350.276
984,298.4,472003044.36
985,298.5,589540736.502
986,298.6,738995363.963
987,298.7,901019633.914
988,298.8,1045831488.96
989,298.9,1138999999.997
990,299.0,1156951742.965
991,299.1,1092020210.158
992,299.2,954840165.183
993,299.3,773318722.148
994,299.4,579953550.261
995,299.5,402481898.724
996,299.6,258623806.777
997,299.7,153839522.499
998,299.8,84765323.4
999,299.9,43271778.119
1000,300.0,20500000.001
1001,300.1,9042820.948
1002,300.2,3772960.574
1003,300.3,1609006.21
1004,300.4,949340.735
1005,300.5,1112119.789
1006,300.6,1986166.132
1007,300.7,3829831.682
1008,300.8,7187172.682
1009,300.9,12824742.198
1010,301.0,21599454.314
1011,301.1,34249999.999
1012,301.2,51148244.798
1013,301.3,71985518.362
1014,301.4,95652987.8
1015,301.5,120203651.706
1016,301.6,143289429.456
1017,301.7,161891856.213
1018,301.8,173696299.182
1019,301.9,176668534.4
1020,302.0,170139929.92
1021,302.1,154921533.144
1022,302.2,133100000.001
1023,302.3,108162466.333
1024,302.4,83521580.439
1025,302.5,62384281.618
1026,302.6,46803928.785
1027,302.7,37565831.716
1028,302.8,34510000.0
1029,302.9,37089417.614
1030,303.0,45301424.96
1031,303.1,60530084.665
1032,303.2,86243428.866
1033,303.3,128072289.703
1034,303.4,192801535.986
1035,303.5,286679211.007
1036,303.6,412378875.599
1037,303.7,567318260.579
1038,303.8,742616315.754
1039,303.9,925499999.989
1040,304.0,1102665502.963
1041,304.1,1265609172.394
1042,304.2,1407671579.617
1043,304.3,1529368776.965
1044,304.4,1628343731.326
1045,304.5,1704539053.241
1046,304.6,1756467388.199
1047,304.7,1787554519.388
1048,304.8,1810437219.862
1049,304.9,1839567660.887
1050,305.0,1882999999.997
1051,305.1,1936731874.268
1052,305.2,1980667833.442
1053,305.3,1984678646.521
1054,305.4,1920165134.874
1055,305.5,1779770099.217
1056,305.6,1580396981.02
1057,305.7,1360682685.864
1058,305.8,1172098259.255
1059,305.9,1064577878.128
1060,306.0,1067859613.41
1061,306.1,1189999999.989
1062,306.2,1409029058.88
1063,306.3,1677140081.004
1064,306.4,1931815527.944
1065,306.5,2108668200.508
1066,306.6,2160764170.34
1067,306.7,2067317627.834
1068,306.8,1845011326.721
1069,306.9,1537033486.745
1070,307.0,1197870589.743
1071,307.1,879090316.597
1072,307.2,615200000.014
1073,307.3,420182502.614
1074,307.4,289876246.64
1075,307.5,209624312.707
1076,307.6,161728464.191
1077,307.7,130969856.764
1078,307.8,107400000.001
1079,307.9,86119269.417
1080,308.0,65950261.476
1081,308.1,47621322.402
1082,308.2,32220529.895
1083,308.3,20393504.655
1084,308.4,12072160.798
1085,308.5,6697634.778
1086,308.6,3500722.075
1087,308.7,1736699.268
1088,308.8,828909.514
1089,308.9,388800.0
1090,309.0,187320.066
1091,309.1,102407.703
1092,309.2,77161.929
1093,309.3,97326.036
1094,309.4,185963.441
1095,309.5,425308.787
1096,309.6,1003406.466
1097,309.7,2294395.643
1098,309.8,4970993.4
1099,309.9,10081731.869
1100,310.0,19099999.999
1101,310.1,33707702.01
1102,310.2,55374317.885
1103,310.3,84701905.363
1104,310.4,120507438.2
1105,310.5,159596698.053
1106,310.6,196743780.015
1107,310.7,225641663.177
1108,310.8,240842436.415
1109,310.9,239272389.825
1110,311.0,221224461.107
1111,311.1,190300000.002
1112,311.2,152489260.059
1113,311.3,113824989.312
1114,311.4,79165301.782
1115,311.5,51546792.827
1116,311.6,31760211.821
1117,311.7,19293411.022
1118,311.8,13123361.627
1119,311.9,12497043.806
1120,312.0,17483455.385
1121,312.1,29085941.58
1122,312.2,49089999.998
1123,312.3,79542684.622
1124,312.4,122052995.712
1125,312.5,176902260.437
1126,312.6,242834226.967
1127,312.7,316472066.99
1128,312.8,393499999.995
1129,312.9,468906770.952
1130,313.0,538093295.086
1131,313.1,597805542.45
1132,313.2,646461085.211
1133,313.3,684841571.713
1134,313.4,715674894.451
1135,313.5,743424220.031
1136,313.6,771312400.653
1137,313.7,799976954.578
1138,313.8,825015520.01
1139,313.9,837400000.0
1140,314.0,826340252.194
1141,314.1,783533080.643
1142,314.2,707110267.503
1143,314.3,603193686.12
1144,314.4,483909724.011
1145,314.5,363872407.108
1146,314.6,256058328.353
1147,314.7,168357717.256
1148,314.8,103415151.107
1149,314.9,59333145.289
1150,315.0,31850000.001
1151,315.1,16051292.798
1152,315.2,7638444.642
1153,315.3,3485627.486
1154,315.4,1576904.193
1155,315.5,756923.099
1156,315.6,430660.976
1157,315.7,316299.213
1158,315.8,288806.708
1159,315.9,294081.545
1160,316.0,306454.044
1161,316.1,312700.0
1162,316.2,306075.297
1163,316.3,284889.33
1164,316.4,251672.167
1165,316.5,211983.16
1166,316.6,172398.245
1167,316.7,139204.06
1168,316.8,116547.306
1169,316.9,106590.491
1170,317.0,109558.608
1171,317.1,124036.644
1172,317.2,147400.0
1173,317.3,175731.188
1174,317.4,204740.423
1175,317.5,231434.075
1176,317.6,257849.511
1177,317.7,299120.856
1178,317.8,396600.0
1179,317.9,642707.17
1180,318.0,1218672.739
1181,318.1,2442509.046
1182,318.2,4823671.077
1183,318.3,9072606.326
1184,318.4,16057485.555
1185,318.5,26628908.282
1186,318.6,41306274.613
1187,318.7,59973542.19
1188,318.8,81587042.007
1189,318.9,104199999.998
1190,319.0,125541417.516
1191,319.1,143437239.301
1192,319.2,157100265.169
1193,319.3,167311892.039
1194,319.4,176083120.747
1195,319.5,186342731.683
1196,319.6,199507068.481
1197,319.7,215495134.003
1198,319.8,231380297.485
1199,319.9,242855258.808
1200,320.0,245300000.0
1201,320.1,235783448.704
1202,320.2,214154120.162
1203,320.3,182865132.245
1204,320.4,146447444.763
1205,320.5,109806132.919
1206,320.6,77097894.092
1207,320.7,50664952.834
1208,320.8,31240879.005
1209,320.9,18159425.905
1210,321.0,10075702.921
1211,321.1,5484000.0
1212,321.2,3080002.655
1213,321.3,1907678.864
1214,321.4,1352522.257
1215,321.5,1064408.007
1216,321.6,877025.198
1217,321.7,727430.855
1218,321.8,611600.69
1219,321.9,552671.554
1220,322.0,585540.979
1221,322.1,747534.625
1222,322.2,1073000.0
1223,322.3,1582348.383
1224,322.4,2272895.757
1225,322.5,3108978.428
1226,322.6,4012125.176
1227,322.7,4871352.286
1228,322.8,5561000.0
1229,322.9,5971435.03
1230,323.0,6033678.306
1231,323.1,5745146.434
1232,323.2,5165012.858
1233,323.3,4402356.291
1234,323.4,3585476.119
1235,323.5,2835159.184
1236,323.6,2241018.713
1237,323.7,1850463.335
1238,323.8,1670323.361
1239,323.9,1672000.0
1240,324.0,1806516.768
1241,324.1,2011095.26
1242,324.2,2227106.141
1243,324.3,2410241.761
1244,324.4,2547040.207
1245,324.5,2669535.469
1246,324.6,2863893.657
1247,324.7,3276885.091
1248,324.8,4099386.187
1249,324.9,5536484.031
1250,325.0,7759000.0
1251,325.1,10829947.92
1252,325.2,14630612.984
1253,325.3,18839459.126
1254,325.4,22951905.27
1255,325.5,26369564.989
1256,325.6,28527682.71
1257,325.7,29118473.947
1258,325.8,28183713.998
1259,325.9,26206552.367
1260,326.0,24050233.747
1261,326.1,22930000.0
1262,326.2,24256174.553
1263,326.3,29559356.659
1264,326.4,40312950.074
1265,326.5,57746755.015
1266,326.6,82549754.744
1267,326.7,114604774.469
1268,326.8,152546828.825
1269,326.9,193806642.741
1270,327.0,234757400.769
1271,327.1,270795023.589
1272,327.2,297299999.999
1273,327.3,310441337.765
1274,327.4,308103128.141
1275,327.5,290165981.171
1276,327.6,259018703.62
1277,327.7,218914663.196
1278,327.8,174800000.003
1279,327.9,131789012.238
1280,328.0,93628968.255
1281,328.1,62629736.793
1282,328.2,39429740.076
1283,328.3,23338425.976
1284,328.4,12976848.96
1285,328.5,6778836.697
1286,328.6,3324834.49
1287,328.7,1531574.379
1288,328.8,664517.288
1289,328.9,275000.0
1290,329.0,115065.489
1291,329.1,59692.521
1292,329.2,50849.136
1293,329.3,64763.599
1294,329.4,93115.978
1295,329.5,136374.705
1296,329.6,205134.644
1297,329.7,330986.778
1298,329.8,595066.29
1299,329.9,1179118.818
1300,330.0,2460000.0
1301,330.1,5144233.083
1302,330.2,10452028.671
1303,330.3,20269215.461
1304,330.4,37241986.401
1305,330.5,64544122.645
1306,330.6,105366231.582
1307,330.7,161924289.33
1308,330.8,234337137.116
1309,330.9,319365314.342
1310,331.0,410149911.621
1311,331.1,497299999.994
1312,331.2,570067602.853
1313,331.3,619953622.907
1314,331.4,641962590.609
1315,331.5,636585522.476
1316,331.6,608823769.75
1317,331.7,566318185.864
1318,331.8,516716896.461
1319,331.9,465681985.457
1320,332.0,416321016.407
1321,332.1,369519285.594
1322,332.2,325700000.003
1323,332.3,285745500.689
1324,332.4,252147107.246
1325,332.5,228043634.986
1326,332.6,216416990.331
1327,332.7,218560192.216
1328,332.8,232799999.999
1329,332.9,254577615.837
1330,333.0,277397742.301
1331,333.1,294133043.065
1332,333.2,299675197.297
1333,333.3,292124180.285
1334,333.4,273585559.628
1335,333.5,249788706.766
1336,333.6,228958908.169
1337,333.7,219166385.239
1338,333.8,226808100.576
1339,333.9,255499999.997
1340,334.0,305961325.277
1341,334.1,378930107.766
1342,334.2,478572133.221
1343,334.3,619822618.553
1344,334.4,834534382.105
1345,334.5,1175841461.726
1346,334.6,1718707628.276
1347,334.7,2546504310.93
1348,334.8,3727867483.88
1349,334.9,5291190930.805
1350,335.0,7188999999.844
1351,335.1,9287124513.41
1352,335.2,11366653555.718
1353,335.3,13175300442.723
1354,335.4,14483638726.132
1355,335.5,15142144055.974
1356,335.6,15118730511.876
1357,335.7,14509660241.928
1358,335.8,13504124994.142
1359,335.9,12315050593.804
1360,336.0,11117401529.384
1361,336.1,10050000000.076
1362,336.2,9174567181.473
1363,336.3,8540381276.985
1364,336.4,8183936822.344
1365,336.5,8140387044.753
1366,336.6,8436632168.303
1367,336.7,9061860893.891
1368,336.8,9947827429.092
1369,336.9,10953752557.935
1370,337.0,11884404283.581
1371,337.1,12545511168.442
1372,337.2,12770000000.003
1373,337.3,12442901734.121
1374,337.4,11592823726.409
1375,337.5,10297005646.196
1376,337.6,8726963799.228
1377,337.7,7073443103.814
1378,337.8,5499000000.117
1379,337.9,4121863770.422
1380,338.0,2997408254.292
1381,338.1,2129830381.107
1382,338.2,1486556074.402
1383,338.3,1023579946.834
1384,338.4,695155258.046
1385,338.5,463737476.738
1386,338.6,301956763.272
1387,338.7,190426130.483
1388,338.8,115400745.829
1389,338.9,66880000.003
1390,339.0,36859402.594
1391,339.1,19264313.439
1392,339.2,9518925.141
1393,339.3,4444389.925
1394,339.4,1956640.451
1395,339.5,811725.29
1396,339.6,317407.182
1397,339.7,116629.252
1398,339.8,40498.8
1399,339.9,13187.678
1400,340.0,4061.0
1401,340.1,1174.218
1402,340.2,320.625
1403,340.3,84.831
1404,340.4,30.403
1405,340.5,34.275
1406,340.6,79.546
1407,340.7,195.414
1408,340.8,456.75
1409,340.9,1007.778
1410,341.0,2094.156
1411,341.1,4101.0
1412,341.2,7566.006
1413,341.3,13153.588
1414,341.4,21556.559
1415,341.5,33290.176
1416,341.6,48451.159
1417,341.7,66469.123
1418,341.8,86007.466
1419,341.9,104971.845
1420,342.0,121013.992
1421,342.1,131805.774
1422,342.2,136100.0
1423,342.3,133808.93
1424,342.4,126560.746
1425,342.5,117911.486
1426,342.6,114435.589
1427,342.7,128221.126
1428,342.8,182700.0
1429,342.9,322958.329
1430,343.0,633046.883
1431,343.1,1257258.098
1432,343.2,2423206.126
1433,343.3,4452398.626
1434,343.4,7751634.143
1435,343.5,12753092.096
1436,343.6,19796284.697
1437,343.7,28986531.864
1438,343.8,40029459.875
1439,343.9,52139999.999
1440,344.0,64039371.777
1441,344.1,74167963.103
1442,344.2,80993142.892
1443,344.3,83415057.998
1444,344.4,81006643.096
1445,344.5,74198676.977
1446,344.6,64111126.889
1447,344.7,52288381.989
1448,344.8,40319336.867
1449,344.9,29543610.637
1450,345.0,20870000.001
1451,345.1,14719157.907
1452,345.2,11179538.304
1453,345.3,10134880.916
1454,345.4,11329259.842
1455,345.5,14446179.502
1456,345.6,19099539.857
1457,345.7,24719461.795
1458,345.8,30608433.829
1459,345.9,35942838.853
1460,346.0,39917585.064
1461,346.1,41900000.0
1462,346.2,41586914.018
1463,346.3,39131502.442
1464,346.4,35080132.393
1465,346.5,30283042.844
1466,346.6,25692367.849
1467,346.7,22177240.748
1468,346.8,20362145.385
1469,346.9,20521880.014
1470,347.0,22545900.212
1471,347.1,25999232.468
1472,347.2,30160000.0
1473,347.3,34264922.358
1474,347.4,37555972.06
1475,347.5,39564627.349
1476,347.6,40161847.603
1477,347.7,39567488.481
1478,347.8,38270000.0
1479,347.9,36853629.215
1480,348.0,35804591.487
1481,348.1,35385723.986
1482,348.2,35583672.102
1483,348.3,36172720.847
1484,348.4,36805413.857
1485,348.5,37137618.237
1486,348.6,36892939.159
1487,348.7,35929379.531
1488,348.8,34195931.546
1489,348.9,31700000.0
1490,349.0,28542243.228
1491,349.1,24879634.705
1492,349.2,20910386.387
1493,349.3,16880093.516
1494,349.4,13044196.039
1495,349.5,9619012.846
1496,349.6,6753588.212
1497,349.7,4505205.296
1498,349.8,2850703.967
1499,349.9,1710022.524
1500,350.0,971700.0
1501,350.1,524322.828
1502,350.2,271016.781
1503,350.3,138577.676
1504,350.4,77370.076
1505,350.5,56295.963
1506,350.6,57724.35
1507,350.7,71940.079
1508,350.8,93203.797
1509,350.9,117547.003
1510,351.0,141183.899
1511,351.1,160600.0
1512,351.2,172943.199
1513,351.3,176169.943
1514,351.4,170447.616
1515,351.5,158776.764
1516,351.6,148997.766
1517,351.7,159815.609
1518,351.8,235875.497
1519,351.9,482616.974
1520,352.0,1144462.605
1521,352.1,2744534.855
1522,352.2,6354000.0
1523,352.3,13978870.312
1524,352.4,29129077.974
1525,352.5,57426546.319
1526,352.6,107156874.054
1527,352.7,188975008.188
1528,352.8,315399999.987
1529,352.9,497801770.006
1530,353.0,743107869.853
1531,353.1,1049376771.636
1532,353.2,1401394220.977
1533,353.3,1770627314.922
1534,353.4,2116152276.08
1535,353.5,2391675429.816
1536,353.6,2556481838.274
1537,353.7,2585208648.1
1538,353.8,2472537664.93
1539,353.9,2237000000.025
1540,354.0,1914637730.345
1541,354.1,1549966969.232
1542,354.2,1187409997.666
1543,354.3,861169957.525
1544,354.4,593777907.066
1545,354.5,393764975.579
1546,354.6,260789506.99
1547,354.7,191072063.899
1548,354.8,182019511.934
1549,354.9,235925177.786
1550,355.0,360999999.985
1551,355.1,570100255.575
1552,355.2,875665431.669
1553,355.3,1283986511.366
1554,355.4,1787704361.154
1555,355.5,2361375055.948
1556,355.6,2960525192.23
1557,355.7,3529577750.052
1558,355.8,4013278005.369
1559,355.9,4376565763.409
1560,356.0,4619668356.201
1561,356.1,4786999999.986
1562,356.2,4969201761.546
1563,356.3,5290482262.897
1564,356.4,5891949846.634
1565,356.5,6904741626.034
1566,356.6,8428474686.009
1567,356.7,10501942819.205
1568,356.8,13096290474.233
1569,356.9,16101211377.961
1570,357.0,19320892956.797
1571,357.1,22494255266.349
1572,357.2,25349999999.768
1573,357.3,27602747924.15
1574,357.4,29062950996.532
1575,357.5,29611566686.779
1576,357.6,29268180387.674
1577,357.7,28113288007.527
1578,357.8,26330000000.183
1579,357.9,24096318007.545
1580,358.0,21610000966.082
1581,358.1,19045740542.712
1582,358.2,16549656172.674
1583,358.3,14237412494.638
1584,358.4,12200203625.703
1585,358.5,10501579097.668
1586,358.6,9191959598.079
1587,358.7,8244042104.906
1588,358.8,7600218247.34
1589,358.9,7162000000.034
1590,359.0,6808539746.097
1591,359.1,6429997200.664
1592,359.2,5945111618.45
1593,359.3,5323251895.037
1594,359.4,4579265522.859
1595,359.5,3766588426.268
1596,359.6,2953612092.907
1597,359.7,2205006342.11
1598,359.8,1569681584.647
1599,359.9,1077057393.857
1600,360.0,737400000.024
1601,360.1,555294433.071
1602,360.2,541879186.398
1603,360.3,727068635.705
1604,360.4,1168822629.133
1605,360.5,1951917585.378
1606,360.6,3182287876.268
1607,360.7,4961646356.847
1608,360.8,7351378195.911
1609,360.9,10335715235.83
1610,361.0,13777267547.298
1611,361.1,17419999999.667
1612,361.2,20875461833.39
1613,361.3,23724500018.395
1614,361.4,25564253138.617
1615,361.5,26113832033.092
1616,361.6,25302115006.412
1617,361.7,23269641009.269
1618,361.8,20327494151.239
1619,361.9,16907181645.746
1620,362.0,13485075424.435
1621,362.1,10464036515.835
1622,362.2,8150000000.174
1623,362.3,6725043839.029
1624,362.4,6249854442.524
1625,362.5,6684743078.121
1626,362.6,7899285494.184
1627,362.7,9684013111.53
1628,362.8,11769999999.803
1629,362.9,13835598891.747
1630,363.0,15569164325.138
1631,363.1,16716844017.306
1632,363.2,17113275366.811
1633,363.3,16762429125.047
1634,363.4,15792391148.245
1635,363.5,14476912050.756
1636,363.6,13127195588.375
1637,363.7,12057753717.316
1638,363.8,11503026373.085
1639,363.9,11539999999.969
1640,364.0,12137068757.312
1641,364.1,13102231490.019
1642,364.2,14171959959.169
1643,364.3,15080487161.968
1644,364.4,15587238530.185
1645,364.5,15561303512.211
1646,364.6,14970234757.601
1647,364.7,13903042256.728
1648,364.8,12492326506.989
1649,364.9,10927052322.656
1650,365.0,9359000000.144
1651,365.1,7895129048.345
1652,365.2,6592549395.077
1653,365.3,5460083075.321
1654,365.4,4480019543.073
1655,365.5,3625479350.93
1656,365.6,2875330884.269
1657,365.7,2220674041.639
1658,365.8,1659416468.241
1659,365.9,1193671268.108
1660,366.0,823261942.412
1661,366.1,542700000.023
1662,366.2,341335497.47
1663,366.3,204762752.129
1664,366.4,117249089.921
1665,366.5,64646461.444
1666,366.6,35367790.799
1667,366.7,21190179.038
1668,366.8,16887049.989
1669,366.9,19675009.339
1670,367.0,28496956.748
1671,367.1,43301798.942
1672,367.2,64289999.998
1673,367.3,91372299.667
1674,367.4,123642302.984
1675,367.5,159010753.95
1676,367.6,194216830.681
1677,367.7,225458925.42
1678,367.8,248599999.998
1679,367.9,260440149.0
1680,368.0,259083244.807
1681,368.1,244936695.07
1682,368.2,219925724.454
1683,368.3,187577003.047
1684,368.4,152014967.469
1685,368.5,117069050.239
1686,368.6,85625650.822
1687,368.7,59529563.398
1688,368.8,39331855.969
1689,368.9,24710000.001
1690,369.0,14788365.56
1691,369.1,8447459.111
1692,369.2,4635830.313
1693,369.3,2490533.451
1694,369.4,1361086.305
1695,369.5,818045.769
1696,369.6,594133.838
1697,369.7,538379.141
1698,369.8,572740.352
1699,369.9,660969.416
1700,370.0,788400.0
1701,370.1,947987.062
1702,370.2,1132286.173
1703,370.3,1328460.299
1704,370.4,1517051.577
1705,370.5,1676569.388
1706,370.6,1783853.511
1707,370.7,1822777.055
1708,370.8,1786948.251
1709,370.9,1683834.581
1710,371.0,1530302.879
1711,371.1,1355000.0
1712,371.2,1185090.298
1713,371.3,1046905.924
1714,371.4,955391.072
1715,371.5,916297.414
1716,371.6,922700.861
1717,371.7,959149.573
1718,371.8,1005676.145
1719,371.9,1042674.063
1720,372.0,1055917.316
1721,372.1,1038966.586
1722,372.2,994000.0
1723,372.3,933570.077
1724,372.4,872728.691
1725,372.5,827957.978
1726,372.6,811442.008
1727,372.7,828664.622
1728,372.8,876500.0
1729,372.9,944179.299
1730,373.0,1015602.795
1731,373.1,1072164.555
1732,373.2,1099113.32
1733,373.3,1085794.266
1734,373.4,1028397.91
1735,373.5,932714.249
1736,373.6,809459.511
1737,373.7,672979.595
1738,373.8,538008.191
1739,373.9,416900.0
1740,374.0,318211.268
1741,374.1,245777.91
1742,374.2,199109.868
1743,374.3,174534.532
1744,374.4,166443.447
1745,374.5,168600.415
1746,374.6,175103.069
1747,374.7,181318.615
1748,374.8,184192.172
1749,374.9,182763.835
1750,375.0,177600.0
1751,375.1,170099.104
1752,375.2,162243.911
1753,375.3,155816.418
1754,375.4,151426.772
1755,375.5,148970.059
1756,375.6,147580.816
1757,375.7,146137.703
1758,375.8,143741.507
1759,375.9,140407.171
1760,376.0,136959.926
1761,376.1,135000.0
1762,376.2,136465.871
1763,376.3,143238.764
1764,376.4,156153.697
1765,376.5,175185.959
1766,376.6,198950.467
1767,376.7,225043.261
1768,376.8,250742.448
1769,376.9,272845.191
1770,377.0,289016.287
1771,377.1,297282.995
1772,377.2,296900.0
1773,377.3,287940.332
1774,377.4,271472.134
1775,377.5,249225.91
1776,377.6,223553.559
1777,377.7,197174.366
1778,377.8,172900.0
1779,377.9,153802.41
1780,378.0,142340.231
1781,378.1,140977.997
1782,378.2,151182.644
1783,378.3,173687.566
1784,378.4,207919.212
1785,378.5,252335.703
1786,378.6,303736.772
1787,378.7,357750.452
1788,378.8,409196.787
1789,378.9,453100.0
1790,379.0,485708.155
1791,379.1,505738.661
1792,379.2,515547.688
1793,379.3,521935.368
1794,379.4,536076.89
1795,379.5,573856.719
1796,379.6,654167.672
1797,379.7,798341.747
1798,379.8,1027654.518
1799,379.9,1361329.111
1800,380.0,1813000.0
1801,380.1,2381875.108
1802,380.2,3055369.335
1803,380.3,3797654.322
1804,380.4,4553942.051
1805,380.5,5254905.17
1806,380.6,5823785.836
1807,380.7,6190550.377
1808,380.8,6308295.648
1809,380.9,6159476.389
1810,381.0,5765695.067
1811,381.1,5182000.0
1812,381.2,4487123.625
1813,381.3,3773418.258
1814,381.4,3127964.672
1815,381.5,2625335.826
1816,381.6,2317827.166
1817,381.7,2231615.988
1818,381.8,2366486.004
1819,381.9,2693235.053
1820,382.0,3161978.902
1821,382.1,3702206.675
1822,382.2,4236000.0
1823,382.3,4688771.094
1824,382.4,5001638.142
1825,382.5,5143665.462
1826,382.6,5117052.864
1827,382.7,4958892.763
1828,382.8,4728000.0
1829,382.9,4491122.513
1830,383.0,4305499.563
1831,383.1,4209631.64
1832,383.2,4210473.378
1833,383.3,4290780.606
1834,383.4,4416292.653
1835,383.5,4542534.199
1836,383.6,4633022.289
1837,383.7,4661635.848
1838,383.8,4616615.887
1839,383.9,4498000.0
1840,384.0,4313337.581
1841,384.1,4076689.113
1842,384.2,3808363.037
1843,384.3,3542352.208
1844,384.4,3337536.738
1845,384.5,3298666.651
1846,384.6,3597459.577
1847,384.7,4512792.792
1848,384.8,6454265.969
1849,384.9,9991771.177
1850,385.0,15819999.999
1851,385.1,24755538.751
1852,385.2,37569523.417
1853,385.3,54790636.062
1854,385.4,76498571.092
1855,385.5,102080219.626
1856,385.6,130049233.928
1857,385.7,158211428.1
1858,385.8,183671903.676
1859,385.9,203612769.091
1860,386.0,215308011.76
1861,386.1,217300000.0
1862,386.2,209377917.707
1863,386.3,192520811.454
1864,386.4,168910152.426
1865,386.5,141431970.356
1866,386.6,113088192.072
1867,386.7,86235085.989
1868,386.8,62799373.236
1869,386.9,43653879.582
1870,387.0,28978597.55
1871,387.1,18380386.13
1872,387.2,11150000.001
1873,387.3,6479858.423
1874,387.4,3618840.854
1875,387.5,1953466.0
1876,387.6,1028754.96
1877,387.7,537577.894
1878,387.8,285600.0
1879,387.9,159944.371
1880,388.0,99024.315
1881,388.1,71311.469
1882,388.2,61815.01
1883,388.3,63525.107
1884,388.4,73149.058
1885,388.5,88827.101
1886,388.6,109304.17
1887,388.7,134239.226
1888,388.8,165610.756
1889,388.9,210400.0
1890,389.0,285941.108
1891,389.1,430085.274
1892,389.2,716334.305
1893,389.3,1281348.873
1894,389.4,2357178.466
1895,389.5,4323231.074
1896,389.6,7759857.284
1897,389.7,13490865.347
1898,389.8,22616203.445
1899,389.9,36463876.182
1900,390.0,56519999.997
1901,390.1,84192770.133
1902,390.2,120577035.926
1903,390.3,166056276.106
1904,390.4,220096515.722
1905,390.5,280864413.188
1906,390.6,345304731.843
1907,390.7,409325365.479
1908,390.8,467797919.564
1909,390.9,515782627.73
1910,391.0,548495782.314
1911,391.1,562800000.0
1912,391.2,556782418.433
1913,391.3,531002371.26
1914,391.4,487908524.992
1915,391.5,431655498.725
1916,391.6,367539769.401
1917,391.7,300874455.403
1918,391.8,236788871.701
1919,391.9,179069049.368
1920,392.0,130097321.27
1921,392.1,90948765.125
1922,392.2,61420000.003
1923,392.3,40446131.7
1924,392.4,26537712.021
1925,392.5,18145970.594
1926,392.6,13823244.929
1927,392.7,12408794.901
1928,392.8,12980000.0
1929,392.9,14807695.004
1930,393.0,17328004.075
1931,393.1,20042489.92
1932,393.2,22501534.0
1933,393.3,24351200.538
1934,393.4,25287494.657
1935,393.5,25169473.169
1936,393.6,23984229.61
1937,393.7,21876935.569
1938,393.8,19093962.41
1939,393.9,15940000.0
1940,394.0,12726961.328
1941,394.1,9722811.292
1942,394.2,7107109.525
1943,394.3,4975752.002
1944,394.4,3343109.628
1945,394.5,2166862.334
1946,394.6,1369682.873
1947,394.7,864525.933
1948,394.8,569097.264
1949,394.9,413779.502
1950,395.0,345300.0
1951,395.1,324953.536
1952,395.2,326310.845
1953,395.3,332310.965
1954,395.4,332950.924
1955,395.5,323029.683
1956,395.6,301664.907
1957,395.7,270127.418
1958,395.8,231799.346
1959,395.9,190564.202
1960,396.0,150131.666
1961,396.1,113300.0
1962,396.2,82232.71
1963,396.3,57745.629
1964,396.4,39964.984
1965,396.5,28491.577
1966,396.6,22801.116
1967,396.7,22425.928
1968,396.8,27237.709
1969,396.9,37393.785
1970,397.0,53402.593
1971,397.1,75999.772
1972,397.2,106000.0
1973,397.3,144455.451
1974,397.4,192253.766
1975,397.5,250119.624
1976,397.6,318979.163
1977,397.7,399580.681
1978,397.8,492300.0
1979,397.9,598042.513
1980,398.0,718179.192
1981,398.1,856320.16
1982,398.2,1020757.252
1983,398.3,1227142.392
1984,398.4,1502874.345
1985,398.5,1893489.356
1986,398.6,2461132.271
1987,398.7,3284102.815
1988,398.8,4451864.758
1989,398.9,6047000.0
1990,399.0,8122650.128
1991,399.1,10675706.677
1992,399.2,13629898.97
1993,399.3,16816992.624
1994,399.4,19976018.496
1995,399.5,22819495.107
1996,399.6,25001415.889
1997,399.7,26275113.979
1998,399.8,26463847.154
1999,399.9,25531577.056
2000,400.0,23610000.0
2001,400.1,20913662.264
2002,400.2,17771530.075
2003,400.3,14520013.815
2004,400.4,11477242.324
2005,400.5,8931170.834
2006,400.6,7140793.473
2007,400.7,6358049.81
2008,400.8,6899215.719
2009,400.9,9207156.126
2010,401.0,13888557.418
2011,401.1,21779999.999
2012,401.2,33858327.696
2013,401.3,51226558.994
2014,401.4,74862620.917
2015,401.5,105375495.443
2016,401.6,142882649.957
2017,401.7,186599967.25
2018,401.8,234488651.85
2019,401.9,283769329.359
2020,402.0,330701959.697
2021,402.1,371204870.607
2022,402.2,401499999.997
2023,402.3,418319952.25
2024,402.4,420133551.558
2025,402.5,406786816.133
2026,402.6,379939429.741
2027,402.7,342659548.303
2028,402.8,298800000.005
2029,402.9,252404155.297
2030,403.0,207115100.815
2031,403.1,165738576.138
2032,403.2,129983268.737
2033,403.3,100738423.62
2034,403.4,77781542.972
2035,403.5,60483497.965
2036,403.6,47945691.836
2037,403.7,39217695.205
2038,403.8,33450361.683
2039,403.9,29980000.0
2040,404.0,28241219.285
2041,404.1,27833464.648
2042,404.2,28390502.815
2043,404.3,29633193.105
2044,404.4,31290675.547
2045,404.5,33138132.835
2046,404.6,35010259.446
2047,404.7,36772632.855
2048,404.8,38335142.884
2049,404.9,39658380.842
2050,405.0,40700000.0
2051,405.1,41425774.243
2052,405.2,41751034.354
2053,405.3,41600492.407
2054,405.4,40896101.396
2055,405.5,39542708.749
2056,405.6,37518470.918
2057,405.7,34876534.787
2058,405.8,31734509.052
2059,405.9,28306829.994
2060,406.0,24837453.22
2061,406.1,21570000.0
2062,406.2,18705589.852
2063,406.3,16372146.38
2064,406.4,14638313.461
2065,406.5,13484245.967
2066,406.6,12830704.998
2067,406.7,12603851.914
2068,406.8,12717152.498
2069,406.9,13131368.111
2070,407.0,13844353.083
2071,407.1,14887199.74
2072,407.2,16320000.0
2073,407.3,18233367.004
2074,407.4,20653253.495
2075,407.5,23623672.07
2076,407.6,27107609.277
2077,407.7,31011588.424
2078,407.8,35180000.0
2079,407.9,39367500.397
2080,408.0,43305440.74
2081,408.1,46676495.903
2082,408.2,49185659.142
2083,408.3,50578790.515
2084,408.4,50703026.894
2085,408.5,49524096.17
2086,408.6,47141291.543
2087,408.7,43749661.375
2088,408.8,39655201.546
2089,408.9,35190000.001
2090,409.0,30664272.204
2091,409.1,26351980.297
2092,409.2,22448451.738
2093,409.3,19069273.832
2094,409.4,16235371.77
2095,409.5,13897852.038
2096,409.6,11997443.249
2097,409.7,10407053.036
2098,409.8,9048056.057
2099,409.9,7837912.223
2100,410.0,6727000.0
2101,410.1,5691321.828
2102,410.2,4726827.493
2103,410.3,3845402.659
2104,410.4,3060334.607
2105,410.5,2383380.136
2106,410.6,1822003.759
2107,410.7,1372984.828
2108,410.8,1029337.144
2109,410.9,776594.419
2110,411.0,598607.135
2111,411.1,478700.0
2112,411.2,401979.761
2113,411.3,355727.876
2114,411.4,331122.857
2115,411.5,322800.538
2116,411.6,330502.38
2117,411.7,359445.366
2118,411.8,422765.966
2119,411.9,543856.791
2120,412.0,759097.065
2121,412.1,1120292.688
2122,412.2,1698000.0
2123,412.3,2576036.862
2124,412.4,3850984.012
2125,412.5,5616694.135
2126,412.6,7952003.592
2127,412.7,10892058.268
2128,412.8,14440000.0
2129,412.9,18509952.155
2130,413.0,22969053.156
2131,413.1,27635446.271
2132,413.2,32287704.751
2133,413.3,36743164.626
2134,413.4,40804570.348
2135,413.5,44332415.599
2136,413.6,47212849.447
2137,413.7,49369089.847
2138,413.8,50713430.197
2139,413.9,51160000.0
2140,414.0,50645862.707
2141,414.1,49116631.266
2142,414.2,46599043.571
2143,414.3,43178124.381
2144,414.4,39026789.039
2145,414.5,34381157.077
2146,414.6,29526543.74
2147,414.7,24736282.209
2148,414.8,20249318.769
2149,414.9,16227653.29
2150,415.0,12790000.0
2151,415.1,9964940.308
2152,415.2,7752940.554
2153,415.3,6107037.469
2154,415.4,4974594.886
2155,415.5,4290272.197
2156,415.6,3987797.585
2157,415.7,3991718.718
2158,415.8,4223461.19
2159,415.9,4597794.978
2160,416.0,5027727.163
2161,416.1,5432000.0
2162,416.2,5742303.704
2163,416.3,5912547.768
2164,416.4,5922879.272
2165,416.5,5779878.346
2166,416.6,5512950.263
2167,416.7,5163663.88
2168,416.8,4776484.791
2169,416.9,4388804.511
2170,417.0,4025241.013
2171,417.1,3698007.088
2172,417.2,3406000.0
2173,417.3,3142791.934
2174,417.4,2903960.332
2175,417.5,2691329.761
2176,417.6,2512945.822
2177,417.7,2389440.227
2178,417.8,2344000.0
2179,417.9,2402063.705
2180,418.0,2584690.045
2181,418.1,2900471.342
2182,418.2,3342362.112
2183,418.3,3885527.739
2184,418.4,4489601.344
2185,418.5,5099006.078
2186,418.6,5655040.392
2187,418.7,6098928.324
2188,418.8,6385237.98
2189,418.9,6487000.0
2190,419.0,6397434.913
2191,419.1,6136751.376
2192,419.2,5740734.677
2193,419.3,5258617.573
2194,419.4,4748457.772
2195,419.5,4264291.72
2196,419.6,3858279.865
2197,419.7,3571594.574
2198,419.8,3432152.242
2199,419.9,3456979.915
2200,420.0,3647000.0
2201,420.1,3988439.324
2202,420.2,4459253.268
2203,420.3,5028901.319
2204,420.4,5665320.109
2205,420.5,6339359.655
2206,420.6,7031625.02
2207,420.7,7729891.005
2208,420.8,8430305.784
2209,420.9,9131893.013
2210,421.0,9829006.921
2211,421.1,10510000.0
2212,421.2,11151700.575
2213,421.3,11718283.23
2214,421.4,12160970.217
2215,421.5,12463508.871
2216,421.6,12578851.005
2217,421.7,12515797.802
2218,421.8,12280282.612
2219,421.9,11908697.236
2220,422.0,11459706.708
2221,422.1,11004334.748
2222,422.2,10630000.0
2223,422.3,10430192.081
2224,422.4,10493266.535
2225,422.5,10982600.87
2226,422.6,12138144.073
2227,422.7,14388559.645
2228,422.8,18529999.999
2229,422.9,26030328.723
2230,423.0,39490502.598
2231,423.1,63314219.131
2232,423.2,104648965.407
2233,423.3,174476909.497
2234,423.4,288796354.342
2235,423.5,468964926.557
2236,423.6,741962956.315
2237,423.7,1139071525.036
2238,423.8,1690323370.11
2239,423.9,2421999999.895
2240,424.0,3347423465.512
2241,424.1,4456727429.35
2242,424.2,5715869175.278
2243,424.3,7055955989.68
2244,424.4,8385854049.21
2245,424.5,9591667051.277
2246,424.6,10559246281.298
2247,424.7,11180446290.029
2248,424.8,11398328972.77
2249,424.9,11175641288.992
2250,425.0,10550000000.104
2251,425.1,9576862722.927
2252,425.2,8367453312.358
2253,425.3,7033132881.154
2254,425.4,5688615810.507
2255,425.5,4426783182.381
2256,425.6,3314803114.537
2257,425.7,2388306302.95
2258,425.8,1655938599.971
2259,425.9,1104382362.416
2260,426.0,708786354.2
2261,426.1,437900000.028
2262,426.2,260451313.262
2263,426.3,149263991.163
2264,426.4,82467500.054
2265,426.5,44054110.473
2266,426.6,22868293.474
2267,426.7,11640062.731
2268,426.8,5907939.043
2269,426.9,3080479.127
2270,427.0,1718688.795
2271,427.1,1066455.047
2272,427.2,750700.0
2273,427.3,596341.613
2274,427.4,529283.542
2275,427.5,524069.427
2276,427.6,580367.933
2277,427.7,717149.73
2278,427.8,975600.0
2279,427.9,1429561.572
2280,428.0,2203215.959
2281,428.1,3487004.996
2282,428.2,5559583.155
2283,428.3,8794725.31
2284,428.4,13655312.35
2285,428.5,20684531.606
2286,428.6,30388147.641
2287,428.7,43223125.154
2288,428.8,59390001.78
2289,428.9,78799999.997
2290,429.0,100916305.464
2291,429.1,124779465.901
2292,429.2,149156675.062
2293,429.3,172485117.777
2294,429.4,193462780.128
2295,429.5,211326778.048
2296,429.6,225914881.946
2297,429.7,238433950.634
2298,429.8,251042559.655
2299,429.9,267552941.172
2300,430.0,292599999.996
2301,430.1,332754666.055
2302,430.2,395167317.183
2303,430.3,488457873.602
2304,430.4,622070859.629
2305,430.5,805514684.527
2306,430.6,1047088090.039
2307,430.7,1354793755.688
2308,430.8,1728524992.854
2309,430.9,2166609331.503
2310,431.0,2657023944.03
2311,431.1,3182999999.929
2312,431.2,3719356872.652
2313,431.3,4239939528.058
2314,431.4,4719261247.12
2315,431.5,5133297777.126
2316,431.6,5465599537.434
2317,431.7,5708004750.555
2318,431.8,5856188452.423
2319,431.9,5913154052.402
2320,432.0,5883917784.94
2321,432.1,5772713710.426
2322,432.2,5584000000.03
2323,432.3,5322658294.636
2324,432.4,4991829668.359
2325,432.5,4599102247.578
2326,432.6,4155231690.947
2327,432.7,3673570655.325
2328,432.8,3173000000.067
2329,432.9,2673958215.525
2330,433.0,2193052574.165
2331,433.1,1749889440.146
2332,433.2,1356838268.753
2333,433.3,1020926254.151
2334,433.4,744762342.483
2335,433.5,526500239.077
2336,433.6,360332044.309
2337,433.7,238693028.373
2338,433.8,152933966.203
2339,433.9,94690000.006
2340,434.0,56666654.699
2341,434.1,32753661.112
2342,434.2,18282477.56
2343,434.3,9853889.677
2344,434.4,5124381.385
2345,434.5,2571856.089
2346,434.6,1245423.402
2347,434.7,581488.15
2348,434.8,263305.642
2349,434.9,117820.472
2350,435.0,58440.0
2351,435.1,46327.267
2352,435.2,72894.22
2353,435.3,154799.079
2354,435.4,342068.586
2355,435.5,737614.459
2356,435.6,1536299.714
2357,435.7,3088654.961
2358,435.8,5986938.576
2359,435.9,11187062.385
2360,436.0,20165359.274
2361,436.1,35049999.997
2362,436.2,58745297.884
2363,436.3,94914452.264
2364,436.4,147940896.455
2365,436.5,222308437.033
2366,436.6,322094358.854
2367,436.7,450096922.094
2368,436.8,606451590.696
2369,436.9,787878914.089
2370,437.0,987322049.835
2371,437.1,1192547921.649
2372,437.2,1388999999.975
2373,437.3,1560567060.504
2374,437.4,1690709313.575
2375,437.5,1766055475.079
2376,437.6,1778707742.023
2377,437.7,1728383519.782
2378,437.8,1619000000.018
2379,437.9,1462632338.614
2380,438.0,1274057793.325
2381,438.1,1070202975.118
2382,438.2,867459405.229
2383,438.3,679150669.696
2384,438.4,514611501.466
2385,438.5,379564216.216
2386,438.6,276207734.393
2387,438.7,204534512.076
2388,438.8,163050524.082
2389,438.9,150200000.0
2390,439.0,164796505.787
2391,439.1,206352505.119
2392,439.2,274538761.36
2393,439.3,368777487.244
2394,439.4,487079465.101
2395,439.5,625489165.881
2396,439.6,777424709.378
2397,439.7,933810108.601
2398,439.8,1082084089.968
2399,439.9,1210480820.307
2400,440.0,1308999999.989
2401,440.1,1365911046.889
2402,440.2,1379527370.575
2403,440.3,1349808138.772
2404,440.4,1283642605.635
2405,440.5,1192005920.56
2406,440.6,1089645066.044
2407,440.7,990132031.418
2408,440.8,908098240.374
2409,440.9,852479796.3
2410,441.0,828563003.736
2411,441.1,835599999.997
2412,441.2,868137769.365
2413,441.3,916364466.725
2414,441.4,968460497.83
2415,441.5,1012280164.091
2416,441.6,1036010855.721
2417,441.7,1033379592.579
2418,441.8,999830870.754
2419,441.9,936695360.366
2420,442.0,848438616.417
2421,442.1,742307581.974
2422,442.2,627100000.016
2423,442.3,511427414.14
2424,442.4,402518074.701
2425,442.5,305832343.046
2426,442.6,224252452.513
2427,442.7,158690442.482
2428,442.8,108400000.006
2429,442.9,71466966.825
2430,443.0,45559275.757
2431,443.1,28112499.938
2432,443.2,16845397.252
2433,443.3,9871857.74
2434,443.4,5732795.871
2435,443.5,3378462.462
2436,443.6,2094874.811
2437,443.7,1423698.176
2438,443.8,1088081.361
2439,443.9,927600.0
2440,444.0,862459.137
2441,444.1,856521.257
2442,444.2,900030.963
2443,444.3,997379.143
2444,444.4,1156341.69
2445,444.5,1386393.55
2446,444.6,1692277.632
2447,444.7,2072880.121
2448,444.8,2520413.995
2449,444.9,3022606.321
2450,445.0,3560000.0
2451,445.1,4111491.99
2452,445.2,4656432.544
2453,445.3,5175274.239
2454,445.4,5652026.353
2455,445.5,6073242.542
2456,445.6,6430554.592
2457,445.7,6714751.114
2458,445.8,6920337.469
2459,445.9,7038603.098
2460,446.0,7063596.761
2461,446.1,6990000.0
2462,446.2,6813904.542
2463,446.3,6539557.454
2464,446.4,6173230.62
2465,446.5,5729364.919
2466,446.6,5228337.21
2467,446.7,4693664.971
2468,446.8,4148151.131
2469,446.9,3613878.075
2470,447.0,3109968.925
2471,447.1,2650033.25
2472,447.2,2241000.0
2473,447.3,1884712.732
2474,447.4,1579796.965
2475,447.5,1322138.999
2476,447.6,1106410.837
2477,447.7,926333.679
2478,447.8,777900.0
2479,447.9,657053.149
2480,448.0,560610.509
2481,448.1,486507.625
2482,448.2,432965.484
2483,448.3,398547.299
2484,448.4,381775.76
2485,448.5,381045.668
2486,448.6,394437.126
2487,448.7,419860.074
2488,448.8,455190.383
2489,448.9,498700.0
2490,449.0,548917.442
2491,449.1,605111.778
2492,449.2,667326.751
2493,449.3,735739.412
2494,449.4,810493.513
2495,449.5,890963.832
2496,449.6,975190.509
2497,449.7,1059330.94
2498,449.8,1139006.93
2499,449.9,1206531.919
2500,450.0,1256000.0
2501,450.1,1280763.238
2502,450.2,1276276.925
2503,450.3,1240029.028
2504,450.4,1173639.669
2505,450.5,1080593.321
2506,450.6,966271.137
2507,450.7,839659.346
2508,450.8,708228.594
2509,450.9,579625.797
2510,451.0,460095.154
2511,451.1,354200.0
2512,451.2,264363.45
2513,451.3,191205.723
2514,451.4,134015.596
2515,451.5,90983.154
2516,451.6,59865.693
2517,451.7,38155.454
2518,451.8,23573.248
2519,451.9,14152.564
2520,452.0,8348.586
2521,452.1,5036.019
2522,452.2,3510.0
2523,452.3,3469.911
2524,452.4,5046.826
2525,452.5,8899.726
2526,452.6,16369.102
2527,452.7,29744.107
2528,452.8,52590.0
2529,452.9,90084.993
2530,453.0,149434.65
2531,453.1,240066.895
2532,453.2,373088.682
2533,453.3,561345.132
2534,453.4,817682.737
2535,453.5,1153325.152
2536,453.6,1573638.723
2537,453.7,2079059.91
2538,453.8,2659550.652
2539,453.9,3293000.0
2540,454.0,3946586.6
2541,454.1,4580028.908
2542,454.2,5144831.61
2543,454.3,5594570.818
2544,454.4,5889235.397
2545,454.5,6001558.33
2546,454.6,5920342.074
2547,454.7,5652990.512
2548,454.8,5225194.582
2549,454.9,4674811.572
2550,455.0,4048000.0
2551,455.1,3392933.723
2552,455.2,2752660.6
2553,455.3,2161099.542
2554,455.4,1642784.873
2555,455.5,1207721.615
2556,455.6,859676.154
2557,455.7,592073.73
2558,455.8,394625.019
2559,455.9,254491.395
2560,456.0,158857.582
2561,456.1,95920.0
2562,456.2,56038.478
2563,456.3,31672.405
2564,456.4,17326.33
2565,456.5,9168.683
2566,456.6,4692.734
2567,456.7,2323.916
2568,456.8,1113.099
2569,456.9,515.759
2570,457.0,231.299
2571,457.1,100.264
2572,457.2,42.08
2573,457.3,17.074
2574,457.4,6.7
2575,457.5,2.563
2576,457.6,0.987
2577,457.7,0.482
2578,457.8,0.506
2579,457.9,1.026
2580,458.0,2.425
2581,458.1,5.7
2582,458.2,13.028
2583,458.3,28.823
2584,458.4,61.696
2585,458.5,127.798
2586,458.6,256.231
2587,458.7,496.926
2588,458.8,933.263
2589,458.9,1695.0
2590,459.0,2980.932
2591,459.1,5071.785
2592,459.2,8349.853
2593,459.3,13307.179
2594,459.4,20520.53
2595,459.5,30617.08
2596,459.6,44204.28
2597,459.7,61779.232
2598,459.8,83550.545
2599,459.9,109308.391
2600,460.0,138500.0
2601,460.1,169733.647
2602,460.2,201268.044
2603,460.3,231021.632
2604,460.4,256595.481
2605,460.5,275793.447
2606,460.6,287020.182
2607,460.7,289053.687
2608,460.8,281841.612
2609,460.9,266211.145
2610,461.0,243790.767
2611,461.1,217000.0
2612,461.2,188323.458
2613,461.3,160531.443
2614,461.4,136214.781
2615,461.5,117331.375
2616,461.6,105625.994
2617,461.7,102260.69
2618,461.8,107660.634
2619,461.9,121631.379
2620,462.0,143516.145
2621,462.1,171895.754
2622,462.2,204800.0
2623,462.3,239590.851
2624,462.4,273461.843
2625,462.5,303254.953
2626,462.6,326144.772
2627,462.7,339887.454
2628,462.8,343100.0
2629,462.9,335270.079
2630,463.0,317191.685
2631,463.1,290482.572
2632,463.2,257591.226
2633,463.3,221046.421
2634,463.4,183700.743
2635,463.5,147765.292
2636,463.6,114986.192
2637,463.7,86690.15
2638,463.8,63252.023
2639,463.9,44690.0
2640,464.0,30591.72
2641,464.1,20368.538
2642,464.2,13365.556
2643,464.3,9100.343
2644,464.4,7457.024
2645,464.5,9082.772
2646,464.6,16072.405
2647,464.7,33221.447
2648,464.8,70517.23
2649,464.9,147128.275
2650,465.0,298300.0
2651,465.1,586524.257
2652,465.2,1116913.859
2653,465.3,2060572.921
2654,465.4,3683578.528
2655,465.5,6374648.545
2656,465.6,10693064.034
2657,465.7,17354738.857
2658,465.8,27308588.878
2659,465.9,41601460.108
2660,466.0,61394661.206
2661,466.1,87759999.995
2662,466.2,121517203.331
2663,466.3,162948169.123
2664,466.4,211676510.901
2665,466.5,266277398.507
2666,466.6,324498500.319
2667,466.7,383060621.761
2668,466.8,438005827.008
2669,466.9,485108077.192
2670,467.0,520310995.683
2671,467.1,540715812.681
2672,467.2,544100000.001
2673,467.3,530382275.734
2674,467.4,500794807.285
2675,467.5,458017026.736
2676,467.6,405701600.576
2677,467.7,348189686.345
2678,467.8,289300000.009
2679,467.9,232943983.422
2680,468.0,181591643.906
2681,468.1,137189604.204
2682,468.2,100336663.597
2683,468.3,71099096.764
2684,468.4,48795659.565
2685,468.5,32441696.611
2686,468.6,20890660.085
2687,468.7,13027983.358
2688,468.8,7880759.225
2689,468.9,4628000.0
2690,469.0,2652261.181
2691,469.1,1508945.602
2692,469.2,894155.398
2693,469.3,615614.583
2694,469.4,561282.76
2695,469.5,675901.926
2696,469.6,941687.017
2697,469.7,1365280.309
2698,469.8,1966707.119
2699,469.9,2773190.021
2700,470.0,3805000.0
2701,470.1,5075272.415
2702,470.2,6579839.73
2703,470.3,8289860.065
2704,470.4,10155568.771
2705,470.5,12086725.805
2706,470.6,13997772.916
2707,470.7,15776778.126
2708,470.8,17291649.213
2709,470.9,18468793.504
2710,471.0,19214440.473
2711,471.1,19510000.0
2712,471.2,19333430.771
2713,471.3,18756767.383
2714,471.4,17840794.424
2715,471.5,16725041.051
2716,471.6,15528967.085
2717,471.7,14393423.079
2718,471.8,13470205.451
2719,471.9,12900630.965
2720,472.0,12788277.467
2721,472.1,13236230.526
2722,472.2,14320000.0
2723,472.3,16087483.125
2724,472.4,18536048.748
2725,472.5,21658471.065
2726,472.6,25423378.138
2727,472.7,29774739.795
2728,472.8,34659999.999
2729,472.9,40030414.764
2730,473.0,45856668.36
2731,473.1,52129110.587
2732,473.2,58843858.67
2733,473.3,65991772.484
2734,473.4,73551946.792
2735,473.5,81434344.227
2736,473.6,89504879.075
2737,473.7,97506518.012
2738,473.8,105076676.752
2739,473.9,111899999.999
2740,474.0,117388822.821
2741,474.1,121215648.935
2742,474.2,122869775.513
2743,474.3,122149895.931
2744,474.4,118953653.425
2745,474.5,113336138.93
2746,474.6,105602484.867
2747,474.7,96121964.781
2748,474.8,85468218.2
2749,474.9,74299250.035
2750,475.0,63160000.002
2751,475.1,52593332.642
2752,475.2,42986113.503
2753,475.3,34608683.98
2754,475.4,27604976.488
2755,475.5,21962816.253
2756,475.6,17586281.322
2757,475.7,14341561.087
2758,475.8,12017846.236
2759,475.9,10422499.898
2760,476.0,9381031.378
2761,476.1,8713000.0
2762,476.2,8278837.168
2763,476.3,7967501.58
2764,476.4,7692228.996
2765,476.5,7396549.012
2766,476.6,7045669.139
2767,476.7,6629460.093
2768,476.8,6154208.843
2769,476.9,5642936.05
2770,477.0,5125926.524
2771,477.1,4638801.015
2772,477.2,4215000.0
2773,477.3,3882526.051
2774,477.4,3660511.733
2775,477.5,3554551.691
2776,477.6,3559516.207
2777,477.7,3656208.59
2778,477.8,3819000.0
2779,477.9,4013993.49
2780,478.0,4205789.384
2781,478.1,4359481.785
2782,478.2,4446664.698
2783,478.3,4446339.929
2784,478.4,4347651.812
2785,478.5,4150987.254
2786,478.6,3864727.01
2787,478.7,3507035.901
2788,478.8,3099551.048
2789,478.9,2667000.0
2790,479.0,2233292.777
2791,479.1,1820429.688
2792,479.2,1444038.285
2793,479.3,1113941.858
2794,479.4,835069.971
2795,479.5,608967.933
2796,479.6,431605.898
2797,479.7,297413.485
2798,479.8,199126.597
2799,479.9,129664.777
2800,480.0,82100.0
2801,480.1,50810.597
2802,480.2,31129.706
2803,480.3,19670.202
2804,480.4,14182.07
2805,480.5,13499.034
2806,480.6,17437.143
2807,480.7,26807.434
2808,480.8,43387.459
2809,480.9,70037.002
2810,481.0,110594.613
2811,481.1,170000.0
2812,481.2,253634.559
2813,481.3,367574.452
2814,481.4,516850.532
2815,481.5,705336.865
2816,481.6,934327.872
2817,481.7,1201200.259
2818,481.8,1498440.672
2819,481.9,1814872.254
2820,482.0,2133124.828
2821,482.1,2433138.18
2822,482.2,2693000.0
2823,482.3,2893831.402
2824,482.4,3017214.366
2825,482.5,3053825.06
2826,482.6,2999492.29
2827,482.7,2859349.874
2828,482.8,2645000.0
2829,482.9,2375504.984
2830,483.0,2070012.944
2831,483.1,1751029.774
2832,483.2,1437642.489
2833,483.3,1144612.579
2834,483.4,885347.929
2835,483.5,664363.969
2836,483.6,483896.632
2837,483.7,342087.497
2838,483.8,234658.69
2839,483.9,156200.0
2840,484.0,100930.952
2841,484.1,63330.522
2842,484.2,38542.129
2843,484.3,22768.992
2844,484.4,13056.016
2845,484.5,7264.743
2846,484.6,3923.78
2847,484.7,2055.45
2848,484.8,1046.044
2849,484.9,516.378
2850,485.0,247.5
2851,485.1,115.107
2852,485.2,51.942
2853,485.3,22.735
2854,485.4,9.674
2855,485.5,3.991
2856,485.6,1.598
2857,485.7,0.622
2858,485.8,0.234
2859,485.9,0.086
2860,486.0,0.03
2861,486.1,0.011
2862,486.2,0.004
2863,486.3,0.001
2864,486.4,0.0
2865,486.5,0.0
2866,486.6,0.0
2867,486.7,0.0
2868,486.8,0.0
2869,486.9,0.0
2870,487.0,0.0
2871,487.1,0.0
2872,487.2,0.0
2873,487.3,0.0
2874,487.4,0.0
2875,487.5,0.0
2876,487.6,0.0
2877,487.7,0.0
2878,487.8,0.0
2879,487.9,0.0
2880,488.0,0.0
2881,488.1,0.0
2882,488.2,0.0
2883,488.3,0.0
2884,488.4,0.0
2885,488.5,0.0
2886,488.6,0.0
2887,488.7,0.0
2888,488.8,0.0
2889,488.9,0.0
2890,489.0,0.0
2891,489.1,0.0
2892,489.2,0.0
2893,489.3,0.0
2894,489.4,0.0
2895,489.5,0.0
2896,489.6,0.0
2897,489.7,0.0
2898,489.8,0.0
2899,489.9,0.0
2900,490.0,0.0
2901,490.1,0.0
2902,490.2,0.0
2903,490.3,0.0
2904,490.4,0.0
2905,490.5,0.0
2906,490.6,0.0
2907,490.7,0.0
2908,490.8,0.0
2909,490.9,0.0
2910,491.0,0.0
2911,491.1,0.0
2912,491.2,0.0
2913,491.3,0.0
2914,491.4,0.0
2915,491.5,0.0
2916,491.6,0.0
2917,491.7,0.0
2918,491.8,0.0
2919,491.9,0.0
2920,492.0,0.0
2921,492.1,0.0
2922,492.2,0.0
2923,492.3,0.0
2924,492.4,0.0
2925,492.5,0.0
2926,492.6,0.0
2927,492.7,0.0
2928,492.8,0.0
2929,492.9,0.0
2930,493.0,0.0
2931,493.1,0.0
2932,493.2,0.0
2933,493.3,0.0
2934,493.4,0.0
2935,493.5,0.001
2936,493.6,0.003
2937,493.7,0.009
2938,493.8,0.025
2939,493.9,0.071
2940,494.0,0.192
2941,494.1,0.509
2942,494.2,1.309
2943,494.3,3.28
2944,494.4,7.978
2945,494.5,18.87
2946,494.6,43.43
2947,494.7,97.086
2948,494.8,211.346
2949,494.9,446.942
2950,495.0,919.4
2951,495.1,1839.155
2952,495.2,3577.813
2953,495.3,6769.073
2954,495.4,12459.778
2955,495.5,22307.638
2956,495.6,38850.894
2957,495.7,65841.013
2958,495.8,108555.622
2959,495.9,174259.432
2960,496.0,272325.35
2961,496.1,414300.0
2962,496.2,613994.645
2963,496.3,886758.457
2964,496.4,1248120.891
2965,496.5,1713940.567
2966,496.6,2296040.038
2967,496.7,3003623.137
2968,496.8,3840405.642
2969,496.9,4800427.432
2970,497.0,5873820.935
2971,497.1,7039706.627
2972,497.2,8274000.0
2973,497.3,9544199.979
2974,497.4,10817842.014
2975,497.5,12045525.527
2976,497.6,13202858.677
2977,497.7,14252097.375
2978,497.8,15160000.0
2979,497.9,15894348.863
2980,498.0,16457392.729
2981,498.1,16811210.44
2982,498.2,16985403.211
2983,498.3,16988297.013
2984,498.4,16851315.635
2985,498.5,16603702.829
2986,498.6,16273122.345
2987,498.7,15900465.096
2988,498.8,15491199.201
2989,498.9,15080000.0
2990,499.0,14638773.68
2991,499.1,14164820.651
2992,499.2,13630225.827
2993,499.3,13005751.009
2994,499.4,12279577.365
2995,499.5,11430572.021
2996,499.6,10481026.939
2997,499.7,9431085.974
2998,499.8,8321581.065
2999,499.9,7187787.114
3000,500.0,6074000.0
3001,500.1,5022185.686
3002,500.2,4066662.524
3003,500.3,3236783.194
3004,500.4,2550614.284
3005,500.5,2021875.303
3006,500.6,1659511.841
3007,500.7,1473501.996
3008,500.8,1480940.029
3009,500.9,1715423.673
3010,501.0,2236559.591
3011,501.1,3143000.0
3012,501.2,4598370.08
3013,501.3,6846611.673
3014,501.4,10248269.264
3015,501.5,15311725.77
3016,501.6,22701179.406
3017,501.7,33291080.688
3018,501.8,48104509.563
3019,501.9,68307138.453
3020,502.0,95105451.352
3021,502.1,129598621.827
3022,502.2,172599999.992
3023,502.3,224363375.059
3024,502.4,284441934.008
3025,502.5,351581560.876
3026,502.6,423283299.455
3027,502.7,496274069.457
3028,502.8,566599999.988
3029,502.9,629728587.814
3030,503.0,681136930.985
3031,503.1,716991169.729
3032,503.2,734384954.749
3033,503.3,732031266.617
3034,503.4,709936632.01
3035,503.5,669869232.215
3036,503.6,615010817.86
3037,503.7,549410888.942
3038,503.8,477469500.841
3039,503.9,403700000.013
3040,504.0,332117110.576
3041,504.1,265830279.772
3042,504.2,206981684.036
3043,504.3,156755256.116
3044,504.4,115539638.035
3045,504.5,82873912.737
3046,504.6,57829572.398
3047,504.7,39279239.364
3048,504.8,25982104.597
3049,504.9,16774271.444
3050,505.0,10620000.001
3051,505.1,6655101.63
3052,505.2,4239306.577
3053,505.3,2879789.819
3054,505.4,2238503.78
3055,505.5,2089882.027
3056,505.6,2288625.723
3057,505.7,2746369.6
3058,505.8,3408978.653
3059,505.9,4243023.389
3060,506.0,5223944.788
3061,506.1,6333000.0
3062,506.2,7552531.282
3063,506.3,8869831.583
3064,506.4,10278730.464
3065,506.5,11791841.541
3066,506.6,13436741.344
3067,506.7,15263319.846
3068,506.8,17369303.026
3069,506.9,19884973.18
3070,507.0,22948724.442
3071,507.1,26744632.972
3072,507.2,31469999.999
3073,507.3,37284048.961
3074,507.4,44314071.062
3075,507.5,52626523.189
3076,507.6,62163011.29
3077,507.7,72745398.346
3078,507.8,84059999.998
3079,507.9,95647315.337
3080,508.0,106929913.721
3081,508.1,117347637.985
3082,508.2,126172239.359
3083,508.3,132872006.916
3084,508.4,136874926.325
3085,508.5,138033577.859
3086,508.6,136234672.796
3087,508.7,131528466.594
3088,508.8,124337884.228
3089,508.9,115100000.002
3090,509.0,104515091.11
3091,509.1,93273006.999
3092,509.2,81906653.286
3093,509.3,71022062.085
3094,509.4,61019414.284
3095,509.5,52182977.956
3096,509.6,44621326.86
3097,509.7,38331039.558
3098,509.8,33199110.332
3099,509.9,29044311.224
3100,510.0,25640000.001
3101,510.1,22806068.216
3102,510.2,20329179.537
3103,510.3,18088290.184
3104,510.4,15978628.228
3105,510.5,13967677.147
3106,510.6,12019016.292
3107,510.7,10168256.07
3108,510.8,8432770.056
3109,510.9,6846621.407
3110,511.0,5434803.246
3111,511.1,4215000.0
3112,511.2,3192428.606
3113,511.3,2359409.733
3114,511.4,1701264.111
3115,511.5,1196063.73
3116,511.6,820721.469
3117,511.7,548907.634
3118,511.8,357956.453
3119,511.9,227538.688
3120,512.0,141045.392
3121,512.1,85209.941
3122,512.2,50170.0
3123,512.3,28790.66
3124,512.4,16098.704
3125,512.5,8774.015
3126,512.6,4660.13
3127,512.7,2412.061
3128,512.8,1216.0
3129,512.9,597.611
3130,513.0,286.155
3131,513.1,133.404
3132,513.2,60.657
3133,513.3,26.851
3134,513.4,11.578
3135,513.5,4.865
3136,513.6,1.991
3137,513.7,0.793
3138,513.8,0.309
3139,513.9,0.117
3140,514.0,0.043
3141,514.1,0.015
3142,514.2,0.005
3143,514.3,0.002
3144,514.4,0.001
3145,514.5,0.0
3146,514.6,0.0
3147,514.7,0.0
3148,514.8,0.0
3149,514.9,0.0
3150,515.0,0.0
3151,515.1,0.0
3152,515.2,0.0
3153,515.3,0.0
3154,515.4,0.0
3155,515.5,0.0
3156,515.6,0.0
3157,515.7,0.0
3158,515.8,0.0
3159,515.9,0.0
3160,516.0,0.0
3161,516.1,0.0
3162,516.2,0.0
3163,516.3,0.0
3164,516.4,0.0
3165,516.5,0.0
3166,516.6,0.0
3167,516.7,0.0
3168,516.8,0.0
3169,516.9,0.0
3170,517.0,0.0
3171,517.1,0.0
3172,517.2,0.0
3173,517.3,0.0
3174,517.4,0.0
3175,517.5,0.0
3176,517.6,0.0
3177,517.7,0.0
3178,517.8,0.0
3179,517.9,0.0
3180,518.0,0.0
3181,518.1,0.0
3182,518.2,0.0
3183,518.3,0.0
3184,518.4,0.0
3185,518.5,0.0
3186,518.6,0.0
3187,518.7,0.0
3188,518.8,0.0
3189,518.9,0.0
3190,519.0,0.0
3191,519.1,0.0
3192,519.2,0.0
3193,519.3,0.0
3194,519.4,0.0
3195,519.5,0.0
3196,519.6,0.001
3197,519.7,0.004
3198,519.8,0.013
3199,519.9,0.038
3200,520.0,0.11
3201,520.1,0.31
3202,520.2,0.851
3203,520.3,2.271
3204,520.4,5.932
3205,520.5,15.066
3206,520.6,37.325
3207,520.7,90.171
3208,520.8,212.169
3209,520.9,487.741
3210,521.0,1091.6
3211,521.1,2383.0
3212,521.2,5071.499
3213,521.3,10519.053
3214,521.4,21288.24
3215,521.5,41977.435
3216,521.6,80733.133
3217,521.7,151347.643
3218,521.8,276636.014
3219,521.9,493029.898
3220,522.0,856550.115
3221,522.1,1451444.135
3222,522.2,2397000.0
3223,522.3,3860411.664
3224,522.4,6061315.068
3225,522.5,9276001.256
3226,522.6,13848095.522
3227,522.7,20149040.351
3228,522.8,28589999.998
3229,522.9,39538914.677
3230,523.0,53326419.179
3231,523.1,70112888.266
3232,523.2,89873140.744
3233,523.3,112321303.981
3234,523.4,136919052.176
3235,523.5,162596619.629
3236,523.6,188418673.676
3237,523.7,212777939.053
3238,523.8,234265491.188
3239,523.9,251499999.997
3240,524.0,263254848.227
3241,524.1,268621558.993
3242,524.2,267244013.991
3243,524.3,259243894.269
3244,524.4,245204215.933
3245,524.5,226102426.635
3246,524.6,203300289.53
3247,524.7,178204928.453
3248,524.8,152334041.547
3249,524.9,126922308.772
3250,525.0,103100000.004
3251,525.1,81727704.048
3252,525.2,63138080.106
3253,525.3,47578555.59
3254,525.4,34966595.304
3255,525.5,25072836.871
3256,525.6,17541606.687
3257,525.7,11976717.736
3258,525.8,7994147.816
3259,525.9,5214384.663
3260,526.0,3329993.324
3261,526.1,2085000.0
3262,526.2,1283329.154
3263,526.3,779702.902
3264,526.4,469104.427
3265,526.5,281084.959
3266,526.6,168746.921
3267,526.7,101983.275
3268,526.8,62410.729
3269,526.9,38686.85
3270,527.0,24300.501
3271,527.1,15415.578
3272,527.2,9861.0
3273,527.3,6371.434
3274,527.4,4223.45
3275,527.5,3005.063
3276,527.6,2494.245
3277,527.7,2608.262
3278,527.8,3371.0
3279,527.9,4912.058
3280,528.0,7467.939
3281,528.1,11394.726
3282,528.2,17156.744
3283,528.3,25359.052
3284,528.4,36709.183
3285,528.5,52019.839
3286,528.6,72138.53
3287,528.7,97945.32
3288,528.8,130104.112
3289,528.9,169300.0
3290,529.0,215537.889
3291,529.1,268885.831
3292,529.2,328334.602
3293,529.3,392777.247
3294,529.4,460186.951
3295,529.5,528142.316
3296,529.6,593801.124
3297,529.7,654031.692
3298,529.8,705629.376
3299,529.9,745844.696
3300,530.0,772200.0
3301,530.1,782984.518
3302,530.2,777703.312
3303,530.3,756416.874
3304,530.4,720483.907
3305,530.5,671856.425
3306,530.6,613403.385
3307,530.7,548299.059
3308,530.8,479838.923
3309,530.9,411316.424
3310,531.0,345733.135
3311,531.1,285600.0
3312,531.2,233027.403
3313,531.3,189685.577
3314,531.4,157107.362
3315,531.5,136363.099
3316,531.6,129127.037
3317,531.7,136923.151
3318,531.8,162149.194
3319,531.9,207448.322
3320,532.0,276279.729
3321,532.1,372658.6
3322,532.2,500700.0
3323,532.3,665098.551
3324,532.4,869895.734
3325,532.5,1119687.905
3326,532.6,1417159.023
3327,532.7,1765241.629
3328,532.8,2167000.0
3329,532.9,2622567.594
3330,533.0,3134615.881
3331,533.1,3703504.01
3332,533.2,4329710.385
3333,533.3,5015134.496
3334,533.4,5761402.454
3335,533.5,6570622.245
3336,533.6,7446675.655
3337,533.7,8395417.643
3338,533.8,9422454.717
3339,533.9,10540000.0
3340,534.0,11751436.417
3341,534.1,13081362.534
3342,534.2,14527631.105
3343,534.3,16098874.954
3344,534.4,17811532.325
3345,534.5,19649175.995
3346,534.6,21596019.511
3347,534.7,23614347.729
3348,534.8,25666965.015
3349,534.9,27687152.775
3350,535.0,29590000.0
3351,535.1,31290820.274
3352,535.2,32709243.744
3353,535.3,33746185.842
3354,535.4,34340410.071
3355,535.5,34421753.238
3356,535.6,33959273.95
3357,535.7,32957232.226
3358,535.8,31452637.372
3359,535.9,29500311.467
3360,536.0,27201672.32
3361,536.1,24660000.001
3362,536.2,22014594.24
3363,536.3,19393325.118
3364,536.4,16909592.214
3365,536.5,14677905.109
3366,536.6,12770626.881
3367,536.7,11245490.69
3368,536.8,10114448.09
3369,536.9,9364245.981
3370,537.0,8965723.795
3371,537.1,8852654.328
3372,537.2,8952000.0
3373,537.3,9183849.097
3374,537.4,9470699.114
3375,537.5,9745442.559
3376,537.6,9954254.445
3377,537.7,10073640.357
3378,537.8,10090000.0
3379,537.9,10021462.887
3380,538.0,9906764.038
3381,538.1,9790719.0
3382,538.2,9729986.109
3383,538.3,9776461.124
3384,538.4,9973798.995
3385,538.5,10340366.106
3386,538.6,10887801.51
3387,538.7,11586741.409
3388,538.8,12387292.673
3389,538.9,13220000.0
3390,539.0,14022456.863
3391,539.1,14694358.507
3392,539.2,15163677.4
3393,539.3,15373109.423
3394,539.4,15277253.739
3395,539.5,14864946.166
3396,539.6,14156167.321
3397,539.7,13176425.098
3398,539.8,11985526.466
3399,539.9,10657093.568
3400,540.0,9258000.0
3401,540.1,7864729.682
3402,540.2,6536958.749
3403,540.3,5324303.719
3404,540.4,4259136.057
3405,540.5,3363075.094
3406,540.6,2639266.837
3407,540.7,2082599.001
3408,540.8,1680386.985
3409,540.9,1412847.246
3410,541.0,1260630.39
3411,541.1,1201000.0
3412,541.2,1216298.021
3413,541.3,1287496.369
3414,541.4,1402422.65
3415,541.5,1549775.637
3416,541.6,1721598.525
3417,541.7,1915299.186
3418,541.8,2129512.966
3419,541.9,2364388.295
3420,542.0,2621912.04
3421,542.1,2904238.175
3422,542.2,3215000.0
3423,542.3,3553113.842
3424,542.4,3919811.917
3425,542.5,4311331.232
3426,542.6,4723735.277
3427,542.7,5153312.898
3428,542.8,5594000.0
3429,542.9,6040889.186
3430,543.0,6492860.472
3431,543.1,6948633.329
3432,543.2,7412713.323
3433,543.3,7891060.481
3434,543.4,8392470.42
3435,543.5,8927998.166
3436,543.6,9507264.461
3437,543.7,10139177.308
3438,543.8,10828028.311
3439,543.9,11570000.0
3440,544.0,12348113.622
3441,544.1,13153919.04
3442,544.2,13959219.332
3443,544.3,14716813.393
3444,544.4,15397594.057
3445,544.5,15959271.78
3446,544.6,16354173.851
3447,544.7,16557037.716
3448,544.8,16546577.082
3449,544.9,16314170.209
3450,545.0,15850000.0
3451,545.1,15180534.981
3452,545.2,14326079.034
3453,545.3,13322005.011
3454,545.4,12219701.263
3455,545.5,11048226.997
3456,545.6,9877958.021
3457,545.7,8740242.491
3458,545.8,7679067.818
3459,545.9,6728304.952
3460,546.0,5916074.21
3461,546.1,5261000.0
3462,546.2,4777507.41
3463,546.3,4471313.373
3464,546.4,4346576.795
3465,546.5,4402472.858
3466,546.6,4641946.252
3467,546.7,5065792.411
3468,546.8,5681065.5
3469,546.9,6501752.428
3470,547.0,7544546.215
3471,547.1,8830970.223
3472,547.2,10380000.0
3473,547.3,12216289.982
3474,547.4,14337444.958
3475,547.5,16745549.898
3476,547.6,19396193.496
3477,547.7,22229525.6
3478,547.8,25159999.999
3479,547.9,28060677.134
3480,548.0,30797161.898
3481,548.1,33217133.593
3482,548.2,35174301.846
3483,548.3,36540884.463
3484,548.4,37202610.28
3485,548.5,37115383.196
3486,548.6,36267998.181
3487,548.7,34698366.339
3488,548.8,32491316.021
3489,548.9,29780000.001
3490,549.0,26715719.424
3491,549.1,23448324.26
3492,549.2,20141253.241
3493,549.3,16936860.463
3494,549.4,13961803.28
3495,549.5,11287887.494
3496,549.6,8976559.846
3497,549.7,7071681.989
3498,549.8,5582984.989
3499,549.9,4512773.739
3500,550.0,3862000.0
3501,550.1,3635271.72
3502,550.2,3855274.207
3503,550.3,4571281.495
3504,550.4,5872536.55
3505,550.5,7897683.471
3506,550.6,10866350.439
3507,550.7,15068795.139
3508,550.8,20940232.08
3509,550.9,29040607.094
3510,551.0,40097357.653
3511,551.1,55019999.997
3512,551.2,74904265.659
3513,551.3,100952142.484
3514,551.4,134503407.123
3515,551.5,176758426.741
3516,551.6,228820431.615
3517,551.7,291449941.079
3518,551.8,364807821.437
3519,551.9,448151017.093
3520,552.0,539892351.247
3521,552.1,637476125.251
3522,552.2,737399999.98
3523,552.3,835260504.336
3524,552.4,926044184.988
3525,552.5,1004883301.908
3526,552.6,1066536522.361
3527,552.7,1107199302.659
3528,552.8,1123999999.999
3529,552.9,1116612212.7
3530,553.0,1084818287.318
3531,553.1,1030277176.535
3532,553.2,956448523.8
3533,553.3,868108393.621
3534,553.4,770563259.868
3535,553.5,668705227.733
3536,553.6,567422834.739
3537,553.7,470791811.907
3538,553.8,381875640.856
3539,553.9,302900000.015
3540,554.0,235027589.679
3541,554.1,178362971.47
3542,554.2,132391593.225
3543,554.3,96220035.524
3544,554.4,68467994.113
3545,554.5,47732261.097
3546,554.6,32627459.754
3547,554.7,21896625.878
3548,554.8,14443382.158
3549,554.9,9385835.542
3550,555.0,6021000.001
3551,555.1,3823766.396
3552,555.2,2411699.875
3553,555.3,1515098.75
3554,555.4,951934.95
3555,555.5,599275.728
3556,555.6,378674.153
3557,555.7,240170.468
3558,555.8,152687.273
3559,555.9,97152.097
3560,556.0,61654.03
3561,556.1,38890.0
3562,556.2,24297.096
3563,556.3,15000.989
3564,556.4,9131.532
3565,556.5,5463.302
3566,556.6,3212.37
3567,556.7,1851.349
3568,556.8,1046.548
3569,556.9,578.846
3570,557.0,313.668
3571,557.1,166.28
3572,557.2,86.21
3573,557.3,43.725
3574,557.4,21.683
3575,557.5,10.519
3576,557.6,4.985
3577,557.7,2.313
3578,557.8,1.048
3579,557.9,0.464
3580,558.0,0.201
3581,558.1,0.085
3582,558.2,0.035
3583,558.3,0.014
3584,558.4,0.006
3585,558.5,0.002
3586,558.6,0.001
3587,558.7,0.0
3588,558.8,0.0
3589,558.9,0.0
3590,559.0,0.0
3591,559.1,0.0
3592,559.2,0.0
3593,559.3,0.0
3594,559.4,0.001
3595,559.5,0.002
3596,559.6,0.005
3597,559.7,0.013
3598,559.8,0.035
3599,559.9,0.092
3600,560.0,0.236
3601,560.1,0.591
3602,560.2,1.453
3603,560.3,3.489
3604,560.4,8.212
3605,560.5,18.891
3606,560.6,42.502
3607,560.7,93.626
3608,560.8,201.592
3609,560.9,425.037
3610,561.0,876.849
3611,561.1,1769.0
3612,561.2,3491.318
3613,561.3,6742.475
3614,561.4,12739.11
3615,561.5,23547.482
3616,561.6,42603.496
3617,561.7,75395.156
3618,561.8,130547.011
3619,561.9,221043.958
3620,562.0,366376.853
3621,562.1,594010.81
3622,562.2,942300.0
3623,562.3,1462569.444
3624,562.4,2220737.216
3625,562.5,3299104.006
3626,562.6,4795602.678
3627,562.7,6819928.752
3628,562.8,9490999.999
3629,562.9,12921889.74
3630,563.0,17213799.876
3631,563.1,22447339.604
3632,563.2,28638602.687
3633,563.3,35759581.431
3634,563.4,43719557.753
3635,563.5,52341255.541
3636,563.6,61379916.423
3637,563.7,70543778.034
3638,563.8,79524099.551
3639,563.9,88019999.998
3640,564.0,95787318.835
3641,564.1,102715102.045
3642,564.2,108800494.678
3643,564.3,114243420.933
3644,564.4,119392302.033
3645,564.5,124656712.911
3646,564.6,130835495.393
3647,564.7,138451316.501
3648,564.8,148182259.06
3649,564.9,160497553.648
3650,565.0,175699999.997
3651,565.1,193586610.461
3652,565.2,213925736.34
3653,565.3,235965492.528
3654,565.4,258531360.818
3655,565.5,280401467.178
3656,565.6,300257900.888
3657,565.7,316764040.787
3658,565.8,328622231.811
3659,565.9,334877114.476
3660,566.0,335253597.886
3661,566.1,329500000.002
3662,566.2,318119141.125
3663,566.3,301752856.576
3664,566.4,281700372.247
3665,566.5,259152751.667
3666,566.6,235395432.704
3667,566.7,211663439.615
3668,566.8,189142236.55
3669,566.9,168724685.465
3670,567.0,151025342.45
3671,567.1,136344668.179
3672,567.2,125000000.002
3673,567.3,116819214.981
3674,567.4,111668406.804
3675,567.5,109457479.388
3676,567.6,109688035.416
3677,567.7,112235495.921
3678,567.8,116499999.999
3679,567.9,122108133.658
3680,568.0,128631660.857
3681,568.1,135583819.246
3682,568.2,142159541.221
3683,568.3,148072537.007
3684,568.4,152574808.166
3685,568.5,155317784.609
3686,568.6,156035587.585
3687,568.7,154448171.693
3688,568.8,150512204.429
3689,568.9,144500000.001
3690,569.0,136714742.139
3691,569.1,127533648.474
3692,569.2,117525677.158
3693,569.3,107168922.549
3694,569.4,96973629.67
3695,569.5,87354636.886
3696,569.6,78638301.705
3697,569.7,71009932.573
3698,569.8,64564526.568
3699,569.9,59283768.562
3700,570.0,55070000.001
3701,570.1,51790934.658
3702,570.2,49274965.542
3703,570.3,47354579.444
3704,570.4,45883309.523
3705,570.5,44715024.222
3706,570.6,43739535.428
3707,570.7,42881368.412
3708,570.8,42051849.048
3709,570.9,41214484.303
3710,571.0,40297853.833
3711,571.1,39250000.0
3712,571.2,38051345.306
3713,571.3,36646543.763
3714,571.4,35022317.579
3715,571.5,33181976.828
3716,571.6,31135430.829
3717,571.7,28911469.641
3718,571.8,26559999.149
3719,571.9,24118954.976
3720,572.0,21662538.907
3721,572.1,19243737.538
3722,572.2,16920000.0
3723,572.3,14728810.303
3724,572.4,12710585.602
3725,572.5,10869133.142
3726,572.6,9223807.916
3727,572.7,7767153.715
3728,572.8,6495000.0
3729,572.9,5392306.954
3730,573.0,4443580.694
3731,573.1,3633090.517
3732,573.2,2944509.654
3733,573.3,2362726.754
3734,573.4,1876206.821
3735,573.5,1471917.822
3736,573.6,1140008.459
3737,573.7,870593.144
3738,573.8,655048.073
3739,573.9,485000.0
3740,574.0,353145.062
3741,574.1,252679.536
3742,574.2,177568.839
3743,574.3,122434.243
3744,574.4,82881.922
3745,574.5,55027.679
3746,574.6,35827.844
3747,574.7,22859.1
3748,574.8,14294.486
3749,574.9,8762.498
3750,575.0,5262.0
3751,575.1,3095.553
3752,575.2,1783.786
3753,575.3,1006.889
3754,575.4,556.533
3755,575.5,301.238
3756,575.6,159.769
3757,575.7,82.917
3758,575.8,42.137
3759,575.9,20.982
3760,576.0,10.221
3761,576.1,4.879
3762,576.2,2.28
3763,576.3,1.042
3764,576.4,0.467
3765,576.5,0.205
3766,576.6,0.088
3767,576.7,0.037
3768,576.8,0.015
3769,576.9,0.006
3770,577.0,0.002
3771,577.1,0.001
3772,577.2,0.0
3773,577.3,0.0
3774,577.4,0.0
3775,577.5,0.0
3776,577.6,0.0
3777,577.7,0.0
3778,577.8,0.0
3779,577.9,0.0
3780,578.0,0.0
3781,578.1,0.0
3782,578.2,0.0
3783,578.3,0.0
3784,578.4,0.0
3785,578.5,0.0
3786,578.6,0.0
3787,578.7,0.0
3788,578.8,0.0
3789,578.9,0.0
3790,579.0,0.0
3791,579.1,0.0
3792,579.2,0.0
3793,579.3,0.0
3794,579.4,0.0
3795,579.5,0.0
3796,579.6,0.0
3797,579.7,0.0
3798,579.8,0.0
3799,579.9,0.0
3800,580.0,0.0
3801,580.1,0.0
3802,580.2,0.0
3803,580.3,0.0
3804,580.4,0.0
3805,580.5,0.0
3806,580.6,0.0
3807,580.7,0.0
3808,580.8,0.0
3809,580.9,0.0
3810,581.0,0.0
3811,581.1,0.0
3812,581.2,0.0
3813,581.3,0.0
3814,581.4,0.0
3815,581.5,0.0
3816,581.6,0.0
3817,581.7,0.0
3818,581.8,0.0
3819,581.9,0.0
3820,582.0,0.0
3821,582.1,0.0
3822,582.2,0.0
3823,582.3,0.0
3824,582.4,0.0
3825,582.5,0.0
3826,582.6,0.0
3827,582.7,0.0
3828,582.8,0.0
3829,582.9,0.0
3830,583.0,0.0
3831,583.1,0.0
3832,583.2,0.0
3833,583.3,0.0
3834,583.4,0.0
3835,583.5,0.0
3836,583.6,0.0
3837,583.7,0.0
3838,583.8,0.0
3839,583.9,0.0
3840,584.0,0.0
3841,584.1,0.0
3842,584.2,0.0
3843,584.3,0.0
3844,584.4,0.0
3845,584.5,0.0
3846,584.6,0.0
3847,584.7,0.0
3848,584.8,0.0
3849,584.9,0.0
3850,585.0,0.0
3851,585.1,0.0
3852,585.2,0.0
3853,585.3,0.0
3854,585.4,0.0
3855,585.5,0.0
3856,585.6,0.0
3857,585.7,0.0
3858,585.8,0.0
3859,585.9,0.0
3860,586.0,0.0
3861,586.1,0.0
3862,586.2,0.0
3863,586.3,0.0
3864,586.4,0.0
3865,586.5,0.0
3866,586.6,0.0
3867,586.7,0.0
3868,586.8,0.0
3869,586.9,0.0
3870,587.0,0.0
3871,587.1,0.0
3872,587.2,0.0
3873,587.3,0.0
3874,587.4,0.0
3875,587.5,0.0
3876,587.6,0.0
3877,587.7,0.0
3878,587.8,0.0
3879,587.9,0.0
3880,588.0,0.0
3881,588.1,0.0
3882,588.2,0.0
3883,588.3,0.0
3884,588.4,0.0
3885,588.5,0.0
3886,588.6,0.0
3887,588.7,0.0
3888,588.8,0.0
3889,588.9,0.0
3890,589.0,0.0
3891,589.1,0.0
3892,589.2,0.0
3893,589.3,0.0
3894,589.4,0.0
3895,589.5,0.0
3896,589.6,0.0
3897,589.7,0.0
3898,589.8,0.0
3899,589.9,0.0
3900,590.0,0.0
3901,590.1,0.0
3902,590.2,0.0
3903,590.3,0.0
3904,590.4,0.0
3905,590.5,0.0
3906,590.6,0.0
3907,590.7,0.0
3908,590.8,0.0
3909,590.9,0.0
3910,591.0,0.0
3911,591.1,0.0
3912,591.2,0.0
3913,591.3,0.0
3914,591.4,0.0
3915,591.5,0.0
3916,591.6,0.0
3917,591.7,0.0
3918,591.8,0.0
3919,591.9,0.0
3920,592.0,0.0
3921,592.1,0.0
3922,592.2,0.0
3923,592.3,0.0
3924,592.4,0.0
3925,592.5,0.0
3926,592.6,0.0
3927,592.7,0.0
3928,592.8,0.0
3929,592.9,0.0
3930,593.0,0.0
3931,593.1,0.0
3932,593.2,0.0
3933,593.3,0.0
3934,593.4,0.0
3935,593.5,0.0
3936,593.6,0.0
3937,593.7,0.0
3938,593.8,0.0
3939,593.9,0.0
3940,594.0,0.0
3941,594.1,0.0
3942,594.2,0.0
3943,594.3,0.001
3944,594.4,0.002
3945,594.5,0.004
3946,594.6,0.01
3947,594.7,0.024
3948,594.8,0.054
3949,594.9,0.122
3950,595.0,0.268
3951,595.1,0.579
3952,595.2,1.224
3953,595.3,2.538
3954,595.4,5.165
3955,595.5,10.304
3956,595.6,20.161
3957,595.7,38.695
3958,595.8,72.83
3959,595.9,134.458
3960,596.0,243.502
3961,596.1,432.5
3962,596.2,753.323
3963,596.3,1286.642
3964,596.4,2155.997
3965,596.5,3542.87
3966,596.6,5711.139
3967,596.7,9027.345
3968,596.8,13995.1
3969,596.9,21285.556
3970,597.0,31743.937
3971,597.1,46426.224
3972,597.2,66610.0
3973,597.3,93720.441
3974,597.4,129385.619
3975,597.5,175071.834
3976,597.6,232344.96
3977,597.7,302534.661
3978,597.8,386400.0
3979,597.9,483862.843
3980,598.0,594348.938
3981,598.1,716108.011
3982,598.2,846107.396
3983,598.3,980618.712
3984,598.4,1114215.77
3985,598.5,1242525.394
3986,598.6,1358428.055
3987,598.7,1456572.34
3988,598.8,1532831.169
3989,598.9,1581000.0
3990,599.0,1599414.925
3991,599.1,1588328.026
3992,599.2,1546468.404
3993,599.3,1477718.507
3994,599.4,1385310.583
3995,599.5,1275351.891
3996,599.6,1152754.706
3997,599.7,1024729.225
3998,599.8,897630.122
3999,599.9,776216.314
4000,600.0,665500.0
4001,600.1,569257.843
4002,600.2,490212.864
4003,600.3,430025.519
4004,600.4,389360.45
4005,600.5,368431.204
4006,600.6,366553.603
4007,600.7,382986.711
4008,600.8,416483.712
4009,600.9,465945.576
4010,601.0,530043.024
4011,601.1,607500.0
4012,601.2,697282.943
4013,601.3,797848.849
4014,601.4,907997.626
4015,601.5,1026248.734
4016,601.6,1150360.676
4017,601.7,1277793.842
4018,601.8,1405468.12
4019,601.9,1530087.673
4020,602.0,1648282.038
4021,602.1,1755475.211
4022,602.2,1846000.0
4023,602.3,1917114.609
4024,602.4,1964471.303
4025,602.5,1984720.642
4026,602.6,1977054.853
4027,602.7,1939350.448
4028,602.8,1874000.0
4029,602.9,1781645.786
4030,603.0,1667845.615
4031,603.1,1535986.008
4032,603.2,1390205.572
4033,603.3,1237471.593
4034,603.4,1082607.176
4035,603.5,931378.786
4036,603.6,787126.721
4037,603.7,653671.691
4038,603.8,533263.997
4039,603.9,427300.0
4040,604.0,336388.676
4041,604.1,260006.279
4042,604.2,197413.238
4043,604.3,147191.082
4044,604.4,107718.777
4045,604.5,77414.427
4046,604.6,54618.359
4047,604.7,37836.031
4048,604.8,25723.998
4049,604.9,17168.517
4050,605.0,11250.0
4051,605.1,7235.14
4052,605.2,4566.71
4053,605.3,2829.124
4054,605.4,1720.435
4055,605.5,1026.357
4056,605.6,601.01
4057,605.7,345.36
4058,605.8,194.738
4059,605.9,107.763
4060,606.0,58.519
4061,606.1,31.19
4062,606.2,16.303
4063,606.3,8.363
4064,606.4,4.211
4065,606.5,2.079
4066,606.6,1.008
4067,606.7,0.479
4068,606.8,0.224
4069,606.9,0.102
4070,607.0,0.046
4071,607.1,0.02
4072,607.2,0.009
4073,607.3,0.004
4074,607.4,0.002
4075,607.5,0.001
4076,607.6,0.0
4077,607.7,0.0
4078,607.8,0.001
4079,607.9,0.001
4080,608.0,0.003
4081,608.1,0.006
4082,608.2,0.014
4083,608.3,0.031
4084,608.4,0.067
4085,608.5,0.139
4086,608.6,0.287
4087,608.7,0.579
4088,608.8,1.149
4089,608.9,2.236
4090,609.0,4.276
4091,609.1,8.03
4092,609.2,14.806
4093,609.3,26.815
4094,609.4,47.682
4095,609.5,83.287
4096,609.6,142.832
4097,609.7,240.723
4098,609.8,398.354
4099,609.9,647.499
4100,610.0,1034.0
4101,610.1,1621.702
4102,610.2,2499.744
4103,610.3,3784.361
4104,610.4,5630.447
4105,610.5,8229.78
4106,610.6,11821.553
4107,610.7,16691.718
4108,610.8,23158.682
4109,610.9,31582.468
4110,611.0,42345.456
4111,611.1,55810.0
4112,611.2,72337.738
4113,611.3,92196.079
4114,611.4,115566.705
4115,611.5,142464.29
4116,611.6,172699.717
4117,611.7,206061.303
4118,611.8,241949.604
4119,611.9,279613.79
4120,612.0,318062.542
4121,612.1,356275.549
4122,612.2,393200.0
4123,612.3,427601.77
4124,612.4,458561.451
4125,612.5,485221.743
4126,612.6,507238.087
4127,612.7,524431.855
4128,612.8,537300.0
4129,612.9,546637.524
4130,613.0,553873.243
4131,613.1,560855.552
4132,613.2,569613.139
4133,613.3,582589.762
4134,613.4,601874.705
4135,613.5,629644.483
4136,613.6,667517.375
4137,613.7,716369.688
4138,613.8,776228.549
4139,613.9,846300.0
4140,614.0,924352.487
4141,614.1,1007716.303
4142,614.2,1091917.247
4143,614.3,1173409.604
4144,614.4,1247255.629
4145,614.5,1308482.002
4146,614.6,1353304.348
4147,614.7,1376973.638
4148,614.8,1379618.884
4149,614.9,1359005.731
4150,615.0,1315000.0
4151,615.1,1250652.583
4152,615.2,1168681.861
4153,615.3,1072412.831
4154,615.4,966559.493
4155,615.5,855339.792
4156,615.6,743270.485
4157,615.7,634180.267
4158,615.8,531246.52
4159,615.9,436953.279
4160,616.0,352821.961
4161,616.1,279700.0
4162,616.2,217693.397
4163,616.3,166361.452
4164,616.4,124801.721
4165,616.5,91951.343
4166,616.6,66494.062
4167,616.7,47236.934
4168,616.8,32963.932
4169,616.9,22638.007
4170,617.0,15346.417
4171,617.1,10366.481
4172,617.2,7121.0
4173,617.3,5202.029
4174,617.4,4339.609
4175,617.5,4397.939
4176,617.6,5363.795
4177,617.7,7339.181
4178,617.8,10550.0
4179,617.9,15319.321
4180,618.0,22110.857
4181,618.1,31503.829
4182,618.2,44176.015
4183,618.3,60902.449
4184,618.4,82544.051
4185,618.5,109959.58
4186,618.6,144006.338
4187,618.7,185457.932
4188,618.8,234885.827
4189,618.9,292900.0
4190,619.0,359388.729
4191,619.1,434327.036
4192,619.2,517265.093
4193,619.3,607707.061
4194,619.4,704589.517
4195,619.5,807070.836
4196,619.6,914137.77
4197,619.7,1025190.917
4198,619.8,1139359.191
4199,619.9,1255503.558
4200,620.0,1374000.0
4201,620.1,1493953.04
4202,620.2,1614396.855
4203,620.3,1734677.414
4204,620.4,1852696.492
4205,620.5,1966905.635
4206,620.6,2074306.708
4207,620.7,2169913.535
4208,620.8,2250420.445
4209,620.9,2311417.834
4210,621.0,2348570.054
4211,621.1,2359000.0
4212,621.2,2338675.423
4213,621.3,2288447.819
4214,621.4,2207263.349
4215,621.5,2097871.918
4216,621.6,1964501.027
4217,621.7,1810957.401
4218,621.8,1645164.465
4219,621.9,1472142.583
4220,622.0,1299495.277
4221,622.1,1133833.557
4222,622.2,981200.0
4223,622.3,846463.092
4224,622.4,734002.876
4225,622.5,647112.061
4226,622.6,588136.051
4227,622.7,558505.043
4228,622.8,559100.0
4229,622.9,589840.917
4230,623.0,650365.285
4231,623.1,739910.774
4232,623.2,857301.477
4233,623.3,1000251.476
4234,623.4,1168784.836
4235,623.5,1358447.556
4236,623.6,1569189.672
4237,623.7,1796589.4
4238,623.8,2039088.629
4239,623.9,2293000.0
4240,624.0,2556235.96
4241,624.1,2824852.397
4242,624.2,3095598.343
4243,624.3,3365587.469
4244,624.4,3629205.657
4245,624.5,3881731.985
4246,624.6,4120040.655
4247,624.7,4337584.863
4248,624.8,4531460.066
4249,624.9,4695877.977
4250,625.0,4828000.0
4251,625.1,4924491.658
4252,625.2,4985395.186
4253,625.3,5009517.618
4254,625.4,4997520.96
4255,625.5,4952251.937
4256,625.6,4876034.562
4257,625.7,4770707.353
4258,625.8,4640298.683
4259,625.9,4487923.316
4260,626.0,4315444.952
4261,626.1,4127000.0
4262,626.2,3923094.921
4263,626.3,3708462.709
4264,626.4,3484838.44
4265,626.5,3256827.426
4266,626.6,3027724.386
4267,626.7,2804011.611
4268,626.8,2590268.631
4269,626.9,2392048.347
4270,627.0,2216387.155
4271,627.1,2068904.733
4272,627.2,1952000.0
4273,627.3,1870570.002
4274,627.4,1826523.208
4275,627.5,1817674.546
4276,627.6,1843836.856
4277,627.7,1900819.332
4278,627.8,1983000.0
4279,627.9,2083250.113
4280,628.0,2195326.12
4281,628.1,2310483.717
4282,628.2,2422631.376
4283,628.3,2523665.865
4284,628.4,2609751.176
4285,628.5,2675559.044
4286,628.6,2720288.346
4287,628.7,2743019.506
4288,628.8,2747428.512
4289,628.9,2737000.0
4290,629.0,2717677.397
4291,629.1,2695555.688
4292,629.2,2678715.274
4293,629.3,2673890.38
4294,629.4,2688294.104
4295,629.5,2727161.764
4296,629.6,2794765.584
4297,629.7,2891273.816
4298,629.8,3017944.7
4299,629.9,3168454.845
4300,630.0,3338000.0
4301,630.1,3515946.139
4302,630.2,3693150.295
4303,630.3,3856087.975
4304,630.4,3994338.026
4305,630.5,4096251.465
4306,630.6,4151184.494
4307,630.7,4152763.93
4308,630.8,4096373.549
4309,630.9,3980877.569
4310,631.0,3809374.721
4311,631.1,3589000.0
4312,631.2,3326132.778
4313,631.3,3032081.691
4314,631.4,2717573.25
4315,631.5,2395592.045
4316,631.6,2075491.577
4317,631.7,1768040.725
4318,631.8,1480422.07
4319,631.9,1218403.013
4320,632.0,985488.748
4321,632.1,783431.567
4322,632.2,612100.0
4323,632.3,469929.743
4324,632.4,354523.63
4325,632.5,262874.087
4326,632.6,191549.763
4327,632.7,137134.612
4328,632.8,96490.0
4329,632.9,66708.014
4330,633.0,45326.194
4331,633.1,30262.658
4332,633.2,19852.79
4333,633.3,12801.272
4334,633.4,8109.507
4335,633.5,5048.553
4336,633.6,3088.314
4337,633.7,1856.19
4338,633.8,1097.174
4339,633.9,636.7
4340,634.0,363.284
4341,634.1,203.77
4342,634.2,112.518
4343,634.3,61.502
4344,634.4,33.82
4345,634.5,19.745
4346,634.6,13.92
4347,634.7,13.779
4348,634.8,18.744
4349,634.9,29.748
4350,635.0,49.35
4351,635.1,81.942
4352,635.2,134.524
4353,635.3,217.408
4354,635.4,345.527
4355,635.5,539.799
4356,635.6,829.27
4357,635.7,1252.371
4358,635.8,1858.314
4359,635.9,2712.487
4360,636.0,3890.44
4361,636.1,5487.0
4362,636.2,7605.628
4363,636.3,10366.402
4364,636.4,13883.639
4365,636.5,18289.397
4366,636.6,23673.79
4367,636.7,30134.915
4368,636.8,37692.9
4369,636.9,46366.779
4370,637.0,56054.095
4371,637.1,66619.604
4372,637.2,77840.0
4373,637.3,89401.889
4374,637.4,100948.28
4375,637.5,112071.807
4376,637.6,122292.801
4377,637.7,131102.635
4378,637.8,138300.0
4379,637.9,143327.722
4380,638.0,146063.36
4381,638.1,146308.936
4382,638.2,144038.594
4383,638.3,139477.573
4384,638.4,132734.024
4385,638.5,124186.048
4386,638.6,114280.677
4387,638.7,103379.568
4388,638.8,91998.968
4389,638.9,80560.0
4390,639.0,69479.612
4391,639.1,59096.875
4392,639.2,49700.964
4393,639.3,41509.434
4394,639.4,34674.604
4395,639.5,29300.863
4396,639.6,25452.667
4397,639.7,23142.191
4398,639.8,22385.631
4399,639.9,23169.653
4400,640.0,25480.0
4401,640.1,29288.49
4402,640.2,34527.702
4403,640.3,41118.42
4404,640.4,48949.699
4405,640.5,57840.599
4406,640.6,67573.415
4407,640.7,77853.379
4408,640.8,88333.896
4409,640.9,98693.67
4410,641.0,108375.111
4411,641.1,117100.0
4412,641.2,124465.322
4413,641.3,130054.623
4414,641.4,133570.838
4415,641.5,134941.884
4416,641.6,134015.106
4417,641.7,130891.95
4418,641.8,125708.147
4419,641.9,118691.599
4420,642.0,110188.598
4421,642.1,100538.554
4422,642.2,90210.0
4423,642.3,79596.055
4424,642.4,69055.894
4425,642.5,58902.152
4426,642.6,49402.872
4427,642.7,40735.632
4428,642.8,33030.0
4429,642.9,26331.139
4430,643.0,20634.211
4431,643.1,15899.527
4432,643.2,12052.771
4433,643.3,8979.629
4434,643.4,6580.156
4435,643.5,4742.574
4436,643.6,3364.321
4437,643.7,2351.678
4438,643.8,1624.676
4439,643.9,1117.0
4440,644.0,774.652
4441,644.1,557.337
4442,644.2,435.114
4443,644.3,387.886
4444,644.4,402.948
4445,644.5,474.177
4446,644.6,600.121
4447,644.7,783.191
4448,644.8,1027.695
4449,644.9,1340.709
4450,645.0,1727.0
4451,645.1,2192.568
4452,645.2,2740.096
4453,645.3,3369.563
4454,645.4,4075.322
4455,645.5,4848.549
4456,645.6,5673.271
4457,645.7,6529.642
4458,645.8,7391.475
4459,645.9,8228.441
4460,646.0,9009.237
4461,646.1,9702.0
4462,646.2,10271.215
4463,646.3,10702.209
4464,646.4,10963.971
4465,646.5,11050.265
4466,646.6,10949.861
4467,646.7,10674.353
4468,646.8,10230.13
4469,646.9,9650.41
4470,647.0,8948.455
4471,647.1,8161.871
4472,647.2,7321.0
4473,647.3,6459.708
4474,647.4,5605.085
4475,647.5,4783.812
4476,647.6,4014.858
4477,647.7,3314.879
4478,647.8,2691.0
4479,647.9,2149.142
4480,648.0,1688.163
4481,648.1,1303.745
4482,648.2,990.479
4483,648.3,740.238
4484,648.4,543.973
4485,648.5,393.209
4486,648.6,279.474
4487,648.7,195.455
4488,648.8,134.363
4489,648.9,90.89
4490,649.0,60.454
4491,649.1,39.551
4492,649.2,25.449
4493,649.3,16.109
4494,649.4,10.025
4495,649.5,6.136
4496,649.6,3.695
4497,649.7,2.187
4498,649.8,1.274
4499,649.9,0.73
4500,650.0,0.411
4501,650.1,0.228
4502,650.2,0.124
4503,650.3,0.067
4504,650.4,0.035
4505,650.5,0.018
4506,650.6,0.009
4507,650.7,0.005
4508,650.8,0.002
4509,650.9,0.001
4510,651.0,0.001
4511,651.1,0.0
4512,651.2,0.0
4513,651.3,0.0
4514,651.4,0.0
4515,651.5,0.0
4516,651.6,0.0
4517,651.7,0.0
4518,651.8,0.0
4519,651.9,0.0
4520,652.0,0.0
4521,652.1,0.0
4522,652.2,0.0
4523,652.3,0.0
4524,652.4,0.0
4525,652.5,0.0
4526,652.6,0.0
4527,652.7,0.0
4528,652.8,0.0
4529,652.9,0.0
4530,653.0,0.0
4531,653.1,0.0
4532,653.2,0.0
4533,653.3,0.0
4534,653.4,0.0
4535,653.5,0.0
4536,653.6,0.0
4537,653.7,0.0
4538,653.8,0.0
4539,653.9,0.0
4540,654.0,0.0
4541,654.1,0.0
4542,654.2,0.0
4543,654.3,0.0
4544,654.4,0.0
4545,654.5,0.0
4546,654.6,0.0
4547,654.7,0.0
4548,654.8,0.0
4549,654.9,0.0
4550,655.0,0.0
4551,655.1,0.0
4552,655.2,0.0
4553,655.3,0.0
4554,655.4,0.0
4555,655.5,0.0
4556,655.6,0.0
4557,655.7,0.0
4558,655.8,0.0
4559,655.9,0.0
4560,656.0,0.0
4561,656.1,0.0
4562,656.2,0.0
4563,656.3,0.0
4564,656.4,0.0
4565,656.5,0.0
4566,656.6,0.0
4567,656.7,0.0
4568,656.8,0.0
4569,656.9,0.0
4570,657.0,0.0
4571,657.1,0.0
4572,657.2,0.0
4573,657.3,0.0
4574,657.4,0.0
4575,657.5,0.0
4576,657.6,0.0
4577,657.7,0.0
4578,657.8,0.0
4579,657.9,0.0
4580,658.0,0.0
4581,658.1,0.0
4582,658.2,0.0
4583,658.3,0.0
4584,658.4,0.0
4585,658.5,0.0
4586,658.6,0.0
4587,658.7,0.0
4588,658.8,0.0
4589,658.9,0.0
4590,659.0,0.0
4591,659.1,0.0
4592,659.2,0.0
4593,659.3,0.0
4594,659.4,0.0
4595,659.5,0.0
4596,659.6,0.0
4597,659.7,0.0
4598,659.8,0.0
4599,659.9,0.0
4600,660.0,0.0
4601,660.1,0.0
4602,660.2,0.0
4603,660.3,0.0
4604,660.4,0.0
4605,660.5,0.0
4606,660.6,0.0
4607,660.7,0.0
4608,660.8,0.0
4609,660.9,0.0
4610,661.0,0.0
4611,661.1,0.0
4612,661.2,0.0
4613,661.3,0.0
4614,661.4,0.0
4615,661.5,0.0
4616,661.6,0.0
4617,661.7,0.0
4618,661.8,0.0
4619,661.9,0.0
4620,662.0,0.0
4621,662.1,0.0
4622,662.2,0.0
4623,662.3,0.0
4624,662.4,0.0
4625,662.5,0.0
4626,662.6,0.0
4627,662.7,0.0
4628,662.8,0.0
4629,662.9,0.0
4630,663.0,0.0
4631,663.1,0.0
4632,663.2,0.0
4633,663.3,0.0
4634,663.4,0.0
4635,663.5,0.0
4636,663.6,0.0
4637,663.7,0.0
4638,663.8,0.0
4639,663.9,0.0
4640,664.0,0.0
4641,664.1,0.0
4642,664.2,0.0
4643,664.3,0.0
4644,664.4,0.0
4645,664.5,0.0
4646,664.6,0.0
4647,664.7,0.0
4648,664.8,0.0
4649,664.9,0.0
4650,665.0,0.0
4651,665.1,0.0
4652,665.2,0.0
4653,665.3,0.0
4654,665.4,0.0
4655,665.5,0.0
4656,665.6,0.0
4657,665.7,0.0
4658,665.8,0.0
4659,665.9,0.0
4660,666.0,0.0
4661,666.1,0.0
4662,666.2,0.0
4663,666.3,0.0
4664,666.4,0.0
4665,666.5,0.0
4666,666.6,0.0
4667,666.7,0.0
4668,666.8,0.0
4669,666.9,0.0
4670,667.0,0.0
4671,667.1,0.0
4672,667.2,0.0
4673,667.3,0.0
4674,667.4,0.0
4675,667.5,0.0
4676,667.6,0.0
4677,667.7,0.0
4678,667.8,0.0
4679,667.9,0.0
4680,668.0,0.0
4681,668.1,0.0
4682,668.2,0.0
4683,668.3,0.0
4684,668.4,0.0
4685,668.5,0.0
4686,668.6,0.0
4687,668.7,0.0
4688,668.8,0.0
4689,668.9,0.0
4690,669.0,0.0
4691,669.1,0.0
4692,669.2,0.0
4693,669.3,0.0
4694,669.4,0.0
4695,669.5,0.0
4696,669.6,0.0
4697,669.7,0.0
4698,669.8,0.0
4699,669.9,0.0
4700,670.0,0.0
4701,670.1,0.0
4702,670.2,0.0
4703,670.3,0.0
4704,670.4,0.0
4705,670.5,0.0
4706,670.6,0.0
4707,670.7,0.0
4708,670.8,0.0
4709,670.9,0.0
4710,671.0,0.0
4711,671.1,0.0
4712,671.2,0.0
4713,671.3,0.0
4714,671.4,0.0
4715,671.5,0.0
4716,671.6,0.0
4717,671.7,0.0
4718,671.8,0.0
4719,671.9,0.0
4720,672.0,0.0
4721,672.1,0.0
4722,672.2,0.0
4723,672.3,0.0
4724,672.4,0.0
4725,672.5,0.0
4726,672.6,0.0
4727,672.7,0.0
4728,672.8,0.0
4729,672.9,0.0
4730,673.0,0.0
4731,673.1,0.0
4732,673.2,0.0
4733,673.3,0.0
4734,673.4,0.0
4735,673.5,0.0
4736,673.6,0.0
4737,673.7,0.0
4738,673.8,0.0
4739,673.9,0.0
4740,674.0,0.0
4741,674.1,0.0
4742,674.2,0.0
4743,674.3,0.0
4744,674.4,0.0
4745,674.5,0.0
4746,674.6,0.0
4747,674.7,0.0
4748,674.8,0.0
4749,674.9,0.0
4750,675.0,0.0
4751,675.1,0.0
4752,675.2,0.0
4753,675.3,0.0
4754,675.4,0.0
4755,675.5,0.0
4756,675.6,0.0
4757,675.7,0.0
4758,675.8,0.0
4759,675.9,0.0
4760,676.0,0.0
4761,676.1,0.0
4762,676.2,0.0
4763,676.3,0.0
4764,676.4,0.0
4765,676.5,0.0
4766,676.6,0.0
4767,676.7,0.0
4768,676.8,0.0
4769,676.9,0.0
4770,677.0,0.0
4771,677.1,0.0
4772,677.2,0.0
4773,677.3,0.0
4774,677.4,0.0
4775,677.5,0.0
4776,677.6,0.0
4777,677.7,0.0
4778,677.8,0.0
4779,677.9,0.0
4780,678.0,0.0
4781,678.1,0.0
4782,678.2,0.0
4783,678.3,0.0
4784,678.4,0.0
4785,678.5,0.0
4786,678.6,0.0
4787,678.7,0.0
4788,678.8,0.0
4789,678.9,0.0
4790,679.0,0.0
4791,679.1,0.0
4792,679.2,0.0
4793,679.3,0.0
4794,679.4,0.0
4795,679.5,0.0
4796,679.6,0.0
4797,679.7,0.0
4798,679.8,0.0
4799,679.9,0.0
4800,680.0,0.0
4801,680.1,0.0
4802,680.2,0.0
4803,680.3,0.0
4804,680.4,0.0
4805,680.5,0.0
4806,680.6,0.0
4807,680.7,0.0
4808,680.8,0.0
4809,680.9,0.0
4810,681.0,0.0
4811,681.1,0.0
4812,681.2,0.0
4813,681.3,0.0
4814,681.4,0.0
4815,681.5,0.0
4816,681.6,0.0
4817,681.7,0.0
4818,681.8,0.0
4819,681.9,0.0
4820,682.0,0.0
4821,682.1,0.0
4822,682.2,0.0
4823,682.3,0.0
4824,682.4,0.0
4825,682.5,0.0
4826,682.6,0.0
4827,682.7,0.0
4828,682.8,0.0
4829,682.9,0.0
4830,683.0,0.0
4831,683.1,0.0
4832,683.2,0.0
4833,683.3,0.0
4834,683.4,0.0
4835,683.5,0.0
4836,683.6,0.0
4837,683.7,0.0
4838,683.8,0.0
4839,683.9,0.0
4840,684.0,0.0
4841,684.1,0.0
4842,684.2,0.0
4843,684.3,0.0
4844,684.4,0.0
4845,684.5,0.0
4846,684.6,0.0
4847,684.7,0.0
4848,684.8,0.0
4849,684.9,0.0
4850,685.0,0.0
4851,685.1,0.0
4852,685.2,0.0
4853,685.3,0.0
4854,685.4,0.0
4855,685.5,0.0
4856,685.6,0.0
4857,685.7,0.0
4858,685.8,0.0
4859,685.9,0.0
4860,686.0,0.0
4861,686.1,0.0
4862,686.2,0.0
4863,686.3,0.0
4864,686.4,0.0
4865,686.5,0.0
4866,686.6,0.0
4867,686.7,0.0
4868,686.8,0.0
4869,686.9,0.0
4870,687.0,0.0
4871,687.1,0.0
4872,687.2,0.0
4873,687.3,0.0
4874,687.4,0.0
4875,687.5,0.0
4876,687.6,0.0
4877,687.7,0.0
4878,687.8,0.0
4879,687.9,0.0
4880,688.0,0.0
4881,688.1,0.0
4882,688.2,0.0
4883,688.3,0.0
4884,688.4,0.0
4885,688.5,0.0
4886,688.6,0.0
4887,688.7,0.0
4888,688.8,0.0
4889,688.9,0.0
4890,689.0,0.0
4891,689.1,0.0
4892,689.2,0.0
4893,689.3,0.0
4894,689.4,0.0
4895,689.5,0.0
4896,689.6,0.0
4897,689.7,0.0
4898,689.8,0.0
4899,689.9,0.0
4900,690.0,0.0
4901,690.1,0.0
4902,690.2,0.0
4903,690.3,0.0
4904,690.4,0.0
4905,690.5,0.0
4906,690.6,0.0
4907,690.7,0.0
4908,690.8,0.0
4909,690.9,0.0
4910,691.0,0.0
4911,691.1,0.0
4912,691.2,0.0
4913,691.3,0.0
4914,691.4,0.0
4915,691.5,0.0
4916,691.6,0.0
4917,691.7,0.0
4918,691.8,0.0
4919,691.9,0.0
4920,692.0,0.0
4921,692.1,0.0
4922,692.2,0.0
4923,692.3,0.0
4924,692.4,0.0
4925,692.5,0.0
4926,692.6,0.0
4927,692.7,0.0
4928,692.8,0.0
4929,692.9,0.0
4930,693.0,0.0
4931,693.1,0.0
4932,693.2,0.0
4933,693.3,0.0
4934,693.4,0.0
4935,693.5,0.0
4936,693.6,0.0
4937,693.7,0.0
4938,693.8,0.0
4939,693.9,0.0
4940,694.0,0.0
4941,694.1,0.0
4942,694.2,0.0
4943,694.3,0.0
4944,694.4,0.0
4945,694.5,0.0
4946,694.6,0.0
4947,694.7,0.0
4948,694.8,0.0
4949,694.9,0.0
4950,695.0,0.0
4951,695.1,0.0
4952,695.2,0.0
4953,695.3,0.0
4954,695.4,0.0
4955,695.5,0.0
4956,695.6,0.0
4957,695.7,0.0
4958,695.8,0.0
4959,695.9,0.0
4960,696.0,0.0
4961,696.1,0.0
4962,696.2,0.0
4963,696.3,0.0
4964,696.4,0.0
4965,696.5,0.0
4966,696.6,0.0
4967,696.7,0.0
4968,696.8,0.0
4969,696.9,0.0
4970,697.0,0.0
4971,697.1,0.0
4972,697.2,0.0
4973,697.3,0.0
4974,697.4,0.0
4975,697.5,0.0
4976,697.6,0.0
4977,697.7,0.0
4978,697.8,0.0
4979,697.9,0.0
4980,698.0,0.0
4981,698.1,0.0
4982,698.2,0.0
4983,698.3,0.0
4984,698.4,0.0
4985,698.5,0.0
4986,698.6,0.0
4987,698.7,0.0
4988,698.8,0.0
4989,698.9,0.0
4990,699.0,0.0
4991,699.1,0.0
4992,699.2,0.0
4993,699.3,0.0
4994,699.4,0.0
4995,699.5,0.0
4996,699.6,0.0
4997,699.7,0.0
4998,699.8,0.0
4999,699.9,0.0
5000,700.0,0.0
5001,700.1,0.0
5002,700.2,0.0
5003,700.3,0.0
5004,700.4,0.0
5005,700.5,0.0
5006,700.6,0.0
5007,700.7,0.0
5008,700.8,0.0
5009,700.9,0.0
5010,701.0,0.0
5011,701.1,0.0
5012,701.2,0.0
5013,701.3,0.0
5014,701.4,0.0
5015,701.5,0.0
5016,701.6,0.0
5017,701.7,0.0
5018,701.8,0.0
5019,701.9,0.0
5020,702.0,0.0
5021,702.1,0.0
5022,702.2,0.0
5023,702.3,0.0
5024,702.4,0.0
5025,702.5,0.0
5026,702.6,0.0
5027,702.7,0.0
5028,702.8,0.0
5029,702.9,0.0
5030,703.0,0.0
5031,703.1,0.0
5032,703.2,0.0
5033,703.3,0.0
5034,703.4,0.0
5035,703.5,0.0
5036,703.6,0.0
5037,703.7,0.0
5038,703.8,0.0
5039,703.9,0.0
5040,704.0,0.0
5041,704.1,0.0
5042,704.2,0.0
5043,704.3,0.0
5044,704.4,0.0
5045,704.5,0.0
5046,704.6,0.0
5047,704.7,0.0
5048,704.8,0.0
5049,704.9,0.0
5050,705.0,0.0
5051,705.1,0.0
5052,705.2,0.0
5053,705.3,0.0
5054,705.4,0.0
5055,705.5,0.0
5056,705.6,0.0
5057,705.7,0.0
5058,705.8,0.0
5059,705.9,0.0
5060,706.0,0.0
5061,706.1,0.0
5062,706.2,0.0
5063,706.3,0.0
5064,706.4,0.0
5065,706.5,0.0
5066,706.6,0.0
5067,706.7,0.0
5068,706.8,0.0
5069,706.9,0.0
5070,707.0,0.0
5071,707.1,0.0
5072,707.2,0.0
5073,707.3,0.0
5074,707.4,0.0
5075,707.5,0.0
5076,707.6,0.0
5077,707.7,0.0
5078,707.8,0.0
5079,707.9,0.0
5080,708.0,0.0
5081,708.1,0.0
5082,708.2,0.0
5083,708.3,0.0
5084,708.4,0.0
5085,708.5,0.0
5086,708.6,0.0
5087,708.7,0.0
5088,708.8,0.0
5089,708.9,0.0
5090,709.0,0.0
5091,709.1,0.0
5092,709.2,0.0
5093,709.3,0.001
5094,709.4,0.002
5095,709.5,0.003
5096,709.6,0.006
5097,709.7,0.011
5098,709.8,0.022
5099,709.9,0.04
5100,710.0,0.073
5101,710.1,0.133
5102,710.2,0.237
5103,710.3,0.417
5104,710.4,0.723
5105,710.5,1.239
5106,710.6,2.093
5107,710.7,3.489
5108,710.8,5.737
5109,710.9,9.313
5110,711.0,14.906
5111,711.1,23.54
5112,711.2,36.681
5113,711.3,56.389
5114,711.4,85.549
5115,711.5,128.04
5116,711.6,188.938
5117,711.7,275.303
5118,711.8,395.554
5119,711.9,560.845
5120,712.0,784.567
5121,712.1,1082.833
5122,712.2,1474.0
5123,712.3,1980.516
5124,712.4,2625.132
5125,712.5,3432.314
5126,712.6,4428.897
5127,712.7,5636.635
5128,712.8,7079.0
5129,712.9,8770.461
5130,713.0,10720.883
5131,713.1,12925.946
5132,713.2,15381.017
5133,713.3,18061.704
5134,713.4,20911.794
5135,713.5,23895.059
5136,713.6,26941.18
5137,713.7,29970.349
5138,713.8,32878.365
5139,713.9,35600.0
5140,714.0,38028.341
5141,714.1,40080.64
5142,714.2,41679.925
5143,714.3,42767.882
5144,714.4,43306.824
5145,714.5,43281.447
5146,714.6,42688.091
5147,714.7,41576.516
5148,714.8,39989.268
5149,714.9,38004.56
5150,715.0,35730.0
5151,715.1,33255.276
5152,715.2,30701.335
5153,715.3,28187.304
5154,715.4,25825.343
5155,715.5,23722.14
5156,715.6,21973.568
5157,715.7,20669.06
5158,715.8,19874.103
5159,715.9,19635.57
5160,716.0,19988.116
5161,716.1,20940.0
5162,716.2,22479.498
5163,716.3,24575.034
5164,716.4,27175.851
5165,716.5,30202.611
5166,716.6,33560.046
5167,716.7,37145.956
5168,716.8,40839.074
5169,716.9,44484.846
5170,717.0,47953.295
5171,717.1,51116.947
5172,717.2,53830.0
5173,717.3,55998.816
5174,717.4,57510.462
5175,717.5,58315.582
5176,717.6,58365.984
5177,717.7,57651.912
5178,717.8,56210.0
5179,717.9,54085.526
5180,718.0,51362.534
5181,718.1,48132.752
5182,718.2,44520.712
5183,718.3,40628.357
5184,718.4,36603.36
5185,718.5,32535.12
5186,718.6,28546.835
5187,718.7,24722.586
5188,718.8,21133.601
5189,718.9,17840.0
5190,719.0,14863.913
5191,719.1,12254.094
5192,719.2,9992.941
5193,719.3,8084.763
5194,719.4,6519.373
5195,719.5,5278.949
5196,719.6,4343.9
5197,719.7,3700.027
5198,719.8,3332.318
5199,719.9,3235.227
5200,720.0,3407.0
5201,720.1,3853.93
5202,720.2,4588.482
5203,720.3,5628.691
5204,720.4,6995.295
5205,720.5,8712.571
5206,720.6,10796.152
5207,720.7,13277.182
5208,720.8,16141.912
5209,720.9,19397.298
5210,721.0,23032.514
5211,721.1,26990.0
5212,721.2,31222.643
5213,721.3,35644.878
5214,721.4,40171.837
5215,721.5,44677.353
5216,721.6,49046.633
5217,721.7,53132.708
5218,721.8,56818.405
5219,721.9,59966.468
5220,722.0,62455.425
5221,722.1,64203.611
5222,722.2,65160.0
5223,722.3,65273.076
5224,722.4,64544.751
5225,722.5,63018.036
5226,722.6,60765.853
5227,722.7,57869.945
5228,722.8,54470.0
5229,722.9,50703.466
5230,723.0,46705.331
5231,723.1,42640.128
5232,723.2,38655.448
5233,723.3,34889.538
5234,723.4,31466.267
5235,723.5,28487.827
5236,723.6,26042.083
5237,723.7,24193.403
5238,723.8,22976.125
5239,723.9,22400.0
5240,724.0,22451.884
5241,724.1,23118.835
5242,724.2,24338.25
5243,724.3,26047.897
5244,724.4,28159.411
5245,724.5,30595.096
5246,724.6,33239.178
5247,724.7,35990.477
5248,724.8,38750.867
5249,724.9,41399.051
5250,725.0,43870.0
5251,725.1,46062.405
5252,725.2,47922.765
5253,725.3,49416.096
5254,725.4,50507.808
5255,725.5,51219.612
5256,725.6,51558.092
5257,725.7,51568.697
5258,725.8,51303.975
5259,725.9,50839.137
5260,726.0,50224.628
5261,726.1,49540.0
5262,726.2,48829.737
5263,726.3,48150.798
5264,726.4,47533.597
5265,726.5,46995.705
5266,726.6,46541.392
5267,726.7,46154.609
5268,726.8,45825.236
5269,726.9,45499.388
5270,727.0,45147.033
5271,727.1,44732.802
5272,727.2,44220.0
5273,727.3,43556.96
5274,727.4,42733.351
5275,727.5,41725.842
5276,727.6,40521.191
5277,727.7,39120.385
5278,727.8,37530.0
5279,727.9,35764.689
5280,728.0,33850.124
5281,728.1,31800.338
5282,728.2,29648.867
5283,728.3,27434.444
5284,728.4,25173.246
5285,728.5,22914.429
5286,728.6,20680.101
5287,728.7,18505.916
5288,728.8,16414.258
5289,728.9,14420.0
5290,729.0,12546.873
5291,729.1,10813.198
5292,729.2,9221.664
5293,729.3,7787.585
5294,729.4,6506.661
5295,729.5,5377.906
5296,729.6,4397.274
5297,729.7,3555.164
5298,729.8,2841.659
5299,729.9,2245.254
5300,730.0,1754.0
5301,730.1,1353.598
5302,730.2,1032.185
5303,730.3,777.816
5304,730.4,579.0
5305,730.5,425.673
5306,730.6,309.172
5307,730.7,221.73
5308,730.8,157.107
5309,730.9,109.867
5310,731.0,75.866
5311,731.1,51.75
5312,731.2,34.844
5313,731.3,23.166
5314,731.4,15.202
5315,731.5,9.852
5316,731.6,6.304
5317,731.7,3.981
5318,731.8,2.482
5319,731.9,1.528
5320,732.0,0.928
5321,732.1,0.557
5322,732.2,0.33
5323,732.3,0.193
5324,732.4,0.111
5325,732.5,0.063
5326,732.6,0.036
5327,732.7,0.02
5328,732.8,0.011
5329,732.9,0.006
5330,733.0,0.003
5331,733.1,0.002
5332,733.2,0.001
5333,733.3,0.0
5334,733.4,0.0
5335,733.5,0.0
5336,733.6,0.0
5337,733.7,0.0
5338,733.8,0.0
5339,733.9,0.0
5340,734.0,0.0
5341,734.1,0.0
5342,734.2,0.0
5343,734.3,0.0
5344,734.4,0.0
5345,734.5,0.0
5346,734.6,0.0
5347,734.7,0.0
5348,734.8,0.0
5349,734.9,0.0
5350,735.0,0.0
5351,735.1,0.0
5352,735.2,0.0
5353,735.3,0.0
5354,735.4,0.0
5355,735.5,0.0
5356,735.6,0.0
5357,735.7,0.0
5358,735.8,0.0
5359,735.9,0.0
5360,736.0,0.0
5361,736.1,0.0
5362,736.2,0.0
5363,736.3,0.0
5364,736.4,0.0
5365,736.5,0.0
5366,736.6,0.0
5367,736.7,0.0
5368,736.8,0.0
5369,736.9,0.0
5370,737.0,0.0
5371,737.1,0.0
5372,737.2,0.0
5373,737.3,0.0
5374,737.4,0.0
5375,737.5,0.0
5376,737.6,0.0
5377,737.7,0.0
5378,737.8,0.0
5379,737.9,0.0
5380,738.0,0.0
5381,738.1,0.0
5382,738.2,0.0
5383,738.3,0.0
5384,738.4,0.0
5385,738.5,0.0
5386,738.6,0.0
5387,738.7,0.0
5388,738.8,0.0
5389,738.9,0.0
5390,739.0,0.0
5391,739.1,0.0
5392,739.2,0.0
5393,739.3,0.0
5394,739.4,0.0
5395,739.5,0.0
5396,739.6,0.0
5397,739.7,0.0
5398,739.8,0.0
5399,739.9,0.0
5400,740.0,0.0
5401,740.1,0.0
5402,740.2,0.0
5403,740.3,0.0
5404,740.4,0.001
5405,740.5,0.001
5406,740.6,0.002
5407,740.7,0.003
5408,740.8,0.006
5409,740.9,0.01
5410,741.0,0.017
5411,741.1,0.028
5412,741.2,0.046
5413,741.3,0.074
5414,741.4,0.119
5415,741.5,0.189
5416,741.6,0.295
5417,741.7,0.456
5418,741.8,0.695
5419,741.9,1.048
5420,742.0,1.56
5421,742.1,2.291
5422,742.2,3.326
5423,742.3,4.766
5424,742.4,6.746
5425,742.5,9.427
5426,742.6,13.014
5427,742.7,17.735
5428,742.8,23.88
5429,742.9,31.736
5430,743.0,41.665
5431,743.1,54.009
5432,743.2,69.147
5433,743.3,87.417
5434,743.4,109.131
5435,743.5,134.543
5436,743.6,163.9
5437,743.7,197.027
5438,743.8,233.912
5439,743.9,274.3
5440,744.0,317.673
5441,744.1,363.29
5442,744.2,410.272
5443,744.3,457.597
5444,744.4,503.962
5445,744.5,548.181
5446,744.6,588.773
5447,744.7,624.544
5448,744.8,654.164
5449,744.9,676.714
5450,745.0,691.3
5451,745.1,697.313
5452,745.2,694.722
5453,745.3,683.526
5454,745.4,664.108
5455,745.5,637.173
5456,745.6,603.689
5457,745.7,564.886
5458,745.8,522.012
5459,745.9,476.317
5460,746.0,429.277
5461,746.1,382.0
5462,746.2,335.741
5463,746.3,291.346
5464,746.4,249.689
5465,746.5,211.294
5466,746.6,176.656
5467,746.7,145.786
5468,746.8,118.822
5469,746.9,95.677
5470,747.0,76.061
5471,747.1,59.717
5472,747.2,46.29
5473,747.3,35.441
5474,747.4,26.796
5475,747.5,20.008
5476,747.6,14.752
5477,747.7,10.742
5478,747.8,7.724
5479,747.9,5.485
5480,748.0,3.846
5481,748.1,2.664
5482,748.2,1.822
5483,748.3,1.23
5484,748.4,0.821
5485,748.5,0.54
5486,748.6,0.352
5487,748.7,0.226
5488,748.8,0.143
5489,748.9,0.09
5490,749.0,0.056
5491,749.1,0.034
5492,749.2,0.02
5493,749.3,0.012
5494,749.4,0.007
5495,749.5,0.004
5496,749.6,0.002
5497,749.7,0.001
5498,749.8,0.001
5499,749.9,0.0
5500,750.0,0.0
5501,750.1,0.0
5502,750.2,0.0
5503,750.3,0.0
5504,750.4,0.001
5505,750.5,0.001
5506,750.6,0.002
5507,750.7,0.004
5508,750.8,0.006
5509,750.9,0.01
5510,751.0,0.017
5511,751.1,0.027
5512,751.2,0.044
5513,751.3,0.069
5514,751.4,0.108
5515,751.5,0.167
5516,751.6,0.256
5517,751.7,0.386
5518,751.8,0.575
5519,751.9,0.847
5520,752.0,1.232
5521,752.1,1.772
5522,752.2,2.515
5523,752.3,3.528
5524,752.4,4.888
5525,752.5,6.69
5526,752.6,9.045
5527,752.7,12.083
5528,752.8,15.94
5529,752.9,20.773
5530,753.0,26.753
5531,753.1,34.03
5532,753.2,42.765
5533,753.3,53.087
5534,753.4,65.089
5535,753.5,78.857
5536,753.6,94.337
5537,753.7,111.526
5538,753.8,130.251
5539,753.9,150.3
5540,754.0,171.252
5541,754.1,192.787
5542,754.2,214.366
5543,754.3,235.483
5544,754.4,255.569
5545,754.5,274.056
5546,754.6,290.216
5547,754.7,303.635
5548,754.8,313.845
5549,754.9,320.442
5550,755.0,323.1
5551,755.1,321.951
5552,755.2,316.905
5553,755.3,308.125
5554,755.4,295.906
5555,755.5,280.752
5556,755.6,263.243
5557,755.7,243.69
5558,755.8,222.949
5559,755.9,201.393
5560,756.0,179.785
5561,756.1,158.6
5562,756.2,138.101
5563,756.3,118.874
5564,756.4,101.05
5565,756.5,84.843
5566,756.6,70.379
5567,756.7,57.679
5568,756.8,46.696
5569,756.9,37.338
5570,757.0,29.499
5571,757.1,23.025
5572,757.2,17.75
5573,757.3,13.519
5574,757.4,10.169
5575,757.5,7.559
5576,757.6,5.549
5577,757.7,4.025
5578,757.8,2.884
5579,757.9,2.041
5580,758.0,1.427
5581,758.1,0.986
5582,758.2,0.673
5583,758.3,0.453
5584,758.4,0.302
5585,758.5,0.199
5586,758.6,0.129
5587,758.7,0.083
5588,758.8,0.053
5589,758.9,0.033
5590,759.0,0.02
5591,759.1,0.012
5592,759.2,0.008
5593,759.3,0.004
5594,759.4,0.003
5595,759.5,0.002
5596,759.6,0.001
5597,759.7,0.001
5598,759.8,0.0
5599,759.9,0.0
5600,760.0,0.0
5601,760.1,0.0
5602,760.2,0.0
5603,760.3,0.0
5604,760.4,0.0
5605,760.5,0.0
5606,760.6,0.0
5607,760.7,0.0
5608,760.8,0.0
5609,760.9,0.0
5610,761.0,0.0
5611,761.1,0.0
5612,761.2,0.0
5613,761.3,0.0
5614,761.4,0.0
5615,761.5,0.0
5616,761.6,0.0
5617,761.7,0.0
5618,761.8,0.0
5619,761.9,0.0
5620,762.0,0.0
5621,762.1,0.0
5622,762.2,0.0
5623,762.3,0.0
5624,762.4,0.0
5625,762.5,0.0
5626,762.6,0.0
5627,762.7,0.0
5628,762.8,0.0
5629,762.9,0.0
5630,763.0,0.0
5631,763.1,0.0
5632,763.2,0.0
5633,763.3,0.0
5634,763.4,0.0
5635,763.5,0.0
5636,763.6,0.0
5637,763.7,0.0
5638,763.8,0.0
5639,763.9,0.0
5640,764.0,0.0
5641,764.1,0.0
5642,764.2,0.0
5643,764.3,0.0
5644,764.4,0.0
5645,764.5,0.0
5646,764.6,0.0
5647,764.7,0.0
5648,764.8,0.0
5649,764.9,0.0
5650,765.0,0.0
5651,765.1,0.0
5652,765.2,0.0
5653,765.3,0.0
5654,765.4,0.0
5655,765.5,0.0
5656,765.6,0.0
5657,765.7,0.0
5658,765.8,0.0
5659,765.9,0.0
5660,766.0,0.0
5661,766.1,0.0
5662,766.2,0.0
5663,766.3,0.0
5664,766.4,0.0
5665,766.5,0.0
5666,766.6,0.0
5667,766.7,0.0
5668,766.8,0.0
5669,766.9,0.0
5670,767.0,0.0
5671,767.1,0.0
5672,767.2,0.0
5673,767.3,0.0
5674,767.4,0.0
5675,767.5,0.0
5676,767.6,0.0
5677,767.7,0.0
5678,767.8,0.0
5679,767.9,0.0
5680,768.0,0.0
5681,768.1,0.0
5682,768.2,0.0
5683,768.3,0.001
5684,768.4,0.002
5685,768.5,0.004
5686,768.6,0.007
5687,768.7,0.014
5688,768.8,0.027
5689,768.9,0.052
5690,769.0,0.097
5691,769.1,0.178
5692,769.2,0.325
5693,769.3,0.587
5694,769.4,1.046
5695,769.5,1.845
5696,769.6,3.213
5697,769.7,5.532
5698,769.8,9.416
5699,769.9,15.838
5700,770.0,26.34
5701,770.1,43.296
5702,770.2,70.353
5703,770.3,112.961
5704,770.4,179.398
5705,770.5,281.42
5706,770.6,436.524
5707,770.7,669.242
5708,770.8,1014.087
5709,770.9,1519.158
5710,771.0,2248.711
5711,771.1,3292.0
5712,771.2,4762.218
5713,771.3,6808.75
5714,771.4,9626.332
5715,771.5,13445.202
5716,771.6,18572.906
5717,771.7,25343.159
5718,771.8,34200.227
5719,771.9,45616.525
5720,772.0,60130.493
5721,772.1,78357.962
5722,772.2,100900.0
5723,772.3,128500.094
5724,772.4,161697.272
5725,772.5,201158.324
5726,772.6,247372.681
5727,772.7,300582.366
5728,772.8,361100.0
5729,772.9,428801.876
5730,773.0,503356.926
5731,773.1,584037.113
5732,773.2,669840.578
5733,773.3,759315.06
5734,773.4,850785.088
5735,773.5,942358.566
5736,773.6,1031423.588
5737,773.7,1116752.424
5738,773.8,1193743.661
5739,773.9,1263000.0
5740,774.0,1319381.489
5741,774.1,1363755.168
5742,774.2,1392029.726
5743,774.3,1405298.399
5744,774.4,1401275.15
5745,774.5,1382426.393
5746,774.6,1347872.991
5747,774.7,1298569.903
5748,774.8,1236738.518
5749,774.9,1163681.693
5750,775.0,1083000.0
5751,775.1,996266.767
5752,775.2,905836.119
5753,775.3,814099.548
5754,775.4,723114.898
5755,775.5,634996.251
5756,775.6,551144.253
5757,775.7,472832.772
5758,775.8,400955.725
5759,775.9,336052.0
5760,776.0,278443.25
5761,776.1,228100.0
5762,776.2,184657.769
5763,776.3,147825.175
5764,776.4,117073.85
5765,776.5,91667.141
5766,776.6,71078.431
5767,776.7,54658.14
5768,776.8,41824.372
5769,776.9,32035.008
5770,777.0,24824.873
5771,777.1,19830.665
5772,777.2,16760.0
5773,777.3,15419.775
5774,777.4,15706.51
5775,777.5,17624.184
5776,777.6,21246.227
5777,777.7,26747.941
5778,777.8,34370.0
5779,777.9,44435.129
5780,778.0,57314.246
5781,778.1,73427.261
5782,778.2,93236.13
5783,778.3,117164.314
5784,778.4,145673.93
5785,778.5,179166.55
5786,778.6,217816.748
5787,778.7,261857.13
5788,778.8,311181.278
5789,778.9,365600.0
5790,779.0,424652.496
5791,779.1,487676.758
5792,779.2,553728.081
5793,779.3,621462.911
5794,779.4,689618.873
5795,779.5,756591.43
5796,779.6,820575.792
5797,779.7,879796.2
5798,779.8,932644.237
5799,779.9,977392.25
5800,780.0,1013000.0
5801,780.1,1037042.582
5802,780.2,1050837.882
5803,780.3,1052065.584
5804,780.4,1040611.953
5805,780.5,1018803.636
5806,780.6,985279.788
5807,780.7,942300.648
5808,780.8,890936.265
5809,780.9,832804.951
5810,781.0,769583.478
5811,781.1,703200.0
5812,781.2,635066.647
5813,781.3,567121.991
5814,781.4,500676.656
5815,781.5,437001.952
5816,781.6,377063.376
5817,781.7,321580.079
5818,781.8,271235.82
5819,781.9,226112.596
5820,782.0,186396.983
5821,782.1,151887.297
5822,782.2,122400.0
5823,782.3,97463.333
5824,782.4,76747.138
5825,782.5,59746.298
5826,782.6,45979.923
5827,782.7,34984.65
5828,782.8,26310.0
5829,782.9,19568.51
5830,783.0,14388.023
5831,783.1,10454.94
5832,783.2,7514.6
5833,783.3,5337.636
5834,783.4,3749.208
5835,783.5,2603.373
5836,783.6,1786.706
5837,783.7,1212.402
5838,783.8,813.622
5839,783.9,539.6
5840,784.0,353.89
5841,784.1,229.408
5842,784.2,147.028
5843,784.3,93.18
5844,784.4,58.36
5845,784.5,36.145
5846,784.6,22.127
5847,784.7,13.398
5848,784.8,8.016
5849,784.9,4.742
5850,785.0,2.774
5851,785.1,1.604
5852,785.2,0.917
5853,785.3,0.518
5854,785.4,0.29
5855,785.5,0.16
5856,785.6,0.087
5857,785.7,0.047
5858,785.8,0.025
5859,785.9,0.013
5860,786.0,0.007
5861,786.1,0.004
5862,786.2,0.002
5863,786.3,0.001
5864,786.4,0.0
5865,786.5,0.0
5866,786.6,0.0
5867,786.7,0.0
5868,786.8,0.0
5869,786.9,0.0
5870,787.0,0.0
5871,787.1,0.0
5872,787.2,0.0
5873,787.3,0.0
5874,787.4,0.0
5875,787.5,0.0
5876,787.6,0.0
5877,787.7,0.0
5878,787.8,0.0
5879,787.9,0.0
5880,788.0,0.0
5881,788.1,0.0
5882,788.2,0.0
5883,788.3,0.0
5884,788.4,0.0
5885,788.5,0.0
5886,788.6,0.0
5887,788.7,0.0
5888,788.8,0.0
5889,788.9,0.0
5890,789.0,0.0
5891,789.1,0.0
5892,789.2,0.0
5893,789.3,0.0
5894,789.4,0.0
5895,789.5,0.0
5896,789.6,0.0
5897,789.7,0.0
5898,789.8,0.0
5899,789.9,0.0
5900,790.0,0.0
5901,790.1,0.0
5902,790.2,0.0
5903,790.3,0.0
5904,790.4,0.0
5905,790.5,0.0
5906,790.6,0.0
5907,790.7,0.0
5908,790.8,0.0
5909,790.9,0.0
5910,791.0,0.0
5911,791.1,0.0
5912,791.2,0.0
5913,791.3,0.0
5914,791.4,0.0
5915,791.5,0.0
5916,791.6,0.0
5917,791.7,0.0
5918,791.8,0.0
5919,791.9,0.0
5920,792.0,0.0
5921,792.1,0.0
5922,792.2,0.0
5923,792.3,0.0
5924,792.4,0.0
5925,792.5,0.0
5926,792.6,0.0
5927,792.7,0.0
5928,792.8,0.0
5929,792.9,0.0
5930,793.0,0.0
5931,793.1,0.0
5932,793.2,0.0
5933,793.3,0.0
5934,793.4,0.0
5935,793.5,0.0
5936,793.6,0.0
5937,793.7,0.0
5938,793.8,0.0
5939,793.9,0.0
5940,794.0,0.0
5941,794.1,0.0
5942,794.2,0.0
5943,794.3,0.0
5944,794.4,0.0
5945,794.5,0.0
5946,794.6,0.0
5947,794.7,0.0
5948,794.8,0.0
5949,794.9,0.0
5950,795.0,0.0
5951,795.1,0.0
5952,795.2,0.0
5953,795.3,0.0
5954,795.4,0.0
5955,795.5,0.0
5956,795.6,0.0
5957,795.7,0.0
5958,795.8,0.0
5959,795.9,0.0
5960,796.0,0.0
5961,796.1,0.0
5962,796.2,0.0
5963,796.3,0.0
5964,796.4,0.0
5965,796.5,0.0
5966,796.6,0.0
5967,796.7,0.0
5968,796.8,0.0
5969,796.9,0.0
5970,797.0,0.0
5971,797.1,0.0
5972,797.2,0.0
5973,797.3,0.0
5974,797.4,0.0
5975,797.5,0.0
5976,797.6,0.0
5977,797.7,0.0
5978,797.8,0.0
5979,797.9,0.0
5980,798.0,0.0
5981,798.1,0.0
5982,798.2,0.0
5983,798.3,0.0
5984,798.4,0.0
5985,798.5,0.0
5986,798.6,0.0
5987,798.7,0.0
5988,798.8,0.0
5989,798.9,0.0
5990,799.0,0.0
5991,799.1,0.0
5992,799.2,0.0
5993,799.3,0.0
5994,799.4,0.0
5995,799.5,0.0
5996,799.6,0.0
5997,799.7,0.0
5998,799.8,0.0
5999,799.9,0.0
6000,800.0,0.0
6001,800.1,0.0
6002,800.2,0.0
6003,800.3,0.0
6004,800.4,0.0
6005,800.5,0.0
6006,800.6,0.0
6007,800.7,0.0
6008,800.8,0.0
6009,800.9,0.0
6010,801.0,0.0
6011,801.1,0.0
6012,801.2,0.0
6013,801.3,0.0
6014,801.4,0.0
6015,801.5,0.0
6016,801.6,0.0
6017,801.7,0.0
6018,801.8,0.0
6019,801.9,0.0
6020,802.0,0.0
6021,802.1,0.0
6022,802.2,0.0
6023,802.3,0.0
6024,802.4,0.0
6025,802.5,0.0
6026,802.6,0.0
6027,802.7,0.0
6028,802.8,0.0
6029,802.9,0.0
6030,803.0,0.0
6031,803.1,0.0
6032,803.2,0.0
6033,803.3,0.0
6034,803.4,0.0
6035,803.5,0.0
6036,803.6,0.0
6037,803.7,0.0
6038,803.8,0.0
6039,803.9,0.0
6040,804.0,0.0
6041,804.1,0.0
6042,804.2,0.0
6043,804.3,0.0
6044,804.4,0.0
6045,804.5,0.0
6046,804.6,0.0
6047,804.7,0.0
6048,804.8,0.0
6049,804.9,0.0
6050,805.0,0.0
6051,805.1,0.0
6052,805.2,0.0
6053,805.3,0.0
6054,805.4,0.0
6055,805.5,0.0
6056,805.6,0.0
6057,805.7,0.0
6058,805.8,0.0
6059,805.9,0.0
6060,806.0,0.0
6061,806.1,0.0
6062,806.2,0.0
6063,806.3,0.0
6064,806.4,0.0
6065,806.5,0.0
6066,806.6,0.0
6067,806.7,0.0
6068,806.8,0.0
6069,806.9,0.0
6070,807.0,0.0
6071,807.1,0.0
6072,807.2,0.0
6073,807.3,0.0
6074,807.4,0.0
6075,807.5,0.0
6076,807.6,0.0
6077,807.7,0.0
6078,807.8,0.0
6079,807.9,0.0
6080,808.0,0.0
6081,808.1,0.0
6082,808.2,0.0
6083,808.3,0.0
6084,808.4,0.0
6085,808.5,0.0
6086,808.6,0.0
6087,808.7,0.0
6088,808.8,0.0
6089,808.9,0.0
6090,809.0,0.0
6091,809.1,0.0
6092,809.2,0.0
6093,809.3,0.0
6094,809.4,0.0
6095,809.5,0.0
6096,809.6,0.0
6097,809.7,0.0
6098,809.8,0.0
6099,809.9,0.0
6100,810.0,0.0
6101,810.1,0.0
6102,810.2,0.0
6103,810.3,0.0
6104,810.4,0.0
6105,810.5,0.0
6106,810.6,0.0
6107,810.7,0.0
6108,810.8,0.0
6109,810.9,0.0
6110,811.0,0.0
6111,811.1,0.0
6112,811.2,0.0
6113,811.3,0.0
6114,811.4,0.0
6115,811.5,0.0
6116,811.6,0.0
6117,811.7,0.0
6118,811.8,0.0
6119,811.9,0.0
6120,812.0,0.0
6121,812.1,0.0
6122,812.2,0.0
6123,812.3,0.0
6124,812.4,0.0
6125,812.5,0.0
6126,812.6,0.0
6127,812.7,0.0
6128,812.8,0.0
6129,812.9,0.0
6130,813.0,0.0
6131,813.1,0.0
6132,813.2,0.0
6133,813.3,0.0
6134,813.4,0.0
6135,813.5,0.0
6136,813.6,0.0
6137,813.7,0.0
6138,813.8,0.0
6139,813.9,0.0
6140,814.0,0.0
6141,814.1,0.0
6142,814.2,0.0
6143,814.3,0.0
6144,814.4,0.0
6145,814.5,0.0
6146,814.6,0.0
6147,814.7,0.0
6148,814.8,0.0
6149,814.9,0.001
6150,815.0,0.001
6151,815.1,0.002
6152,815.2,0.004
6153,815.3,0.007
6154,815.4,0.012
6155,815.5,0.02
6156,815.6,0.032
6157,815.7,0.052
6158,815.8,0.083
6159,815.9,0.131
6160,816.0,0.206
6161,816.1,0.319
6162,816.2,0.49
6163,816.3,0.745
6164,816.4,1.122
6165,816.5,1.671
6166,816.6,2.463
6167,816.7,3.593
6168,816.8,5.187
6169,816.9,7.412
6170,817.0,10.485
6171,817.1,14.669
6172,817.2,20.33
6173,817.3,27.873
6174,817.4,37.819
6175,817.5,50.785
6176,817.6,67.502
6177,817.7,88.803
6178,817.8,115.6
6179,817.9,148.951
6180,818.0,189.967
6181,818.1,239.826
6182,818.2,299.573
6183,818.3,370.366
6184,818.4,453.247
6185,818.5,548.913
6186,818.6,658.073
6187,818.7,780.695
6188,818.8,916.743
6189,818.9,1066.0
6190,819.0,1225.841
6191,819.1,1395.946
6192,819.2,1573.605
6193,819.3,1755.298
6194,819.4,1939.637
6195,819.5,2120.921
6196,819.6,2296.375
6197,819.7,2461.938
6198,819.8,2613.819
6199,819.9,2748.253
6200,820.0,2864.0
6201,820.1,2956.666
6202,820.2,3026.72
6203,820.3,3072.574
6204,820.4,3095.062
6205,820.5,3095.976
6206,820.6,3078.398
6207,820.7,3044.35
6208,820.8,2999.709
6209,820.9,2947.892
6210,821.0,2894.444
6211,821.1,2845.0
6212,821.2,2803.445
6213,821.3,2776.476
6214,821.4,2766.288
6215,821.5,2777.282
6216,821.6,2811.262
6217,821.7,2869.994
6218,821.8,2953.82
6219,821.9,3061.779
6220,822.0,3191.916
6221,822.1,3341.189
6222,822.2,3506.0
6223,822.3,3680.92
6224,822.4,3862.576
6225,822.5,4042.483
6226,822.6,4216.127
6227,822.7,4376.815
6228,822.8,4520.0
6229,822.9,4638.576
6230,823.0,4728.811
6231,823.1,4786.781
6232,823.2,4808.2
6233,823.3,4792.686
6234,823.4,4737.808
6235,823.5,4645.065
6236,823.6,4514.609
6237,823.7,4351.215
6238,823.8,4156.124
6239,823.9,3934.0
6240,824.0,3690.808
6241,824.1,3430.532
6242,824.2,3159.362
6243,824.3,2882.555
6244,824.4,2605.517
6245,824.5,2333.05
6246,824.6,2069.255
6247,824.7,1817.692
6248,824.8,1581.257
6249,824.9,1362.707
6250,825.0,1162.0
6251,825.1,982.587
6252,825.2,821.802
6253,825.3,680.922
6254,825.4,558.612
6255,825.5,453.785
6256,825.6,364.898
6257,825.7,290.602
6258,825.8,229.02
6259,825.9,178.809
6260,826.0,138.208
6261,826.1,105.7
6262,826.2,80.057
6263,826.3,60.025
6264,826.4,44.559
6265,826.5,32.74
6266,826.6,23.819
6267,826.7,17.149
6268,826.8,12.224
6269,826.9,8.628
6270,827.0,6.027
6271,827.1,4.168
6272,827.2,2.853
6273,827.3,1.933
6274,827.4,1.296
6275,827.5,0.861
6276,827.6,0.566
6277,827.7,0.368
6278,827.8,0.237
6279,827.9,0.151
6280,828.0,0.095
6281,828.1,0.06
6282,828.2,0.037
6283,828.3,0.023
6284,828.4,0.014
6285,828.5,0.008
6286,828.6,0.005
6287,828.7,0.003
6288,828.8,0.002
6289,828.9,0.001
6290,829.0,0.001
6291,829.1,0.0
6292,829.2,0.0
6293,829.3,0.0
6294,829.4,0.0
6295,829.5,0.0
6296,829.6,0.0
6297,829.7,0.0
6298,829.8,0.0
6299,829.9,0.0
6300,830.0,0.0
6301,830.1,0.0
6302,830.2,0.0
6303,830.3,0.0
6304,830.4,0.0
6305,830.5,0.0
6306,830.6,0.0
6307,830.7,0.0
6308,830.8,0.0
6309,830.9,0.0
6310,831.0,0.0
6311,831.1,0.0
6312,831.2,0.0
6313,831.3,0.0
6314,831.4,0.0
6315,831.5,0.0
6316,831.6,0.0
6317,831.7,0.0
6318,831.8,0.0
6319,831.9,0.0
6320,832.0,0.0
6321,832.1,0.0
6322,832.2,0.0
6323,832.3,0.0
6324,832.4,0.0
6325,832.5,0.0
6326,832.6,0.0
6327,832.7,0.0
6328,832.8,0.0
6329,832.9,0.0
6330,833.0,0.0
6331,833.1,0.0
6332,833.2,0.0
6333,833.3,0.0
6334,833.4,0.0
6335,833.5,0.0
6336,833.6,0.0
6337,833.7,0.0
6338,833.8,0.0
6339,833.9,0.0
6340,834.0,0.0
6341,834.1,0.0
6342,834.2,0.0
6343,834.3,0.0
6344,834.4,0.0
6345,834.5,0.0
6346,834.6,0.0
6347,834.7,0.0
6348,834.8,0.0
6349,834.9,0.0
6350,835.0,0.0
6351,835.1,0.0
6352,835.2,0.0
6353,835.3,0.0
6354,835.4,0.0
6355,835.5,0.0
6356,835.6,0.0
6357,835.7,0.0
6358,835.8,0.0
6359,835.9,0.0
6360,836.0,0.0
6361,836.1,0.0
6362,836.2,0.0
6363,836.3,0.0
6364,836.4,0.0
6365,836.5,0.0
6366,836.6,0.0
6367,836.7,0.0
6368,836.8,0.0
6369,836.9,0.0
6370,837.0,0.0
6371,837.1,0.0
6372,837.2,0.0
6373,837.3,0.0
6374,837.4,0.0
6375,837.5,0.0
6376,837.6,0.0
6377,837.7,0.0
6378,837.8,0.0
6379,837.9,0.0
6380,838.0,0.0
6381,838.1,0.0
6382,838.2,0.0
6383,838.3,0.0
6384,838.4,0.0
6385,838.5,0.0
6386,838.6,0.0
6387,838.7,0.0
6388,838.8,0.0
6389,838.9,0.0
6390,839.0,0.0
6391,839.1,0.0
6392,839.2,0.0
6393,839.3,0.001
6394,839.4,0.001
6395,839.5,0.002
6396,839.6,0.003
6397,839.7,0.005
6398,839.8,0.009
6399,839.9,0.014
6400,840.0,0.023
6401,840.1,0.038
6402,840.2,0.062
6403,840.3,0.099
6404,840.4,0.157
6405,840.5,0.246
6406,840.6,0.383
6407,840.7,0.59
6408,840.8,0.9
6409,840.9,1.358
6410,841.0,2.031
6411,841.1,3.009
6412,841.2,4.414
6413,841.3,6.412
6414,841.4,9.225
6415,841.5,13.136
6416,841.6,18.541
6417,841.7,25.901
6418,841.8,35.835
6419,841.9,49.086
6420,842.0,66.611
6421,842.1,89.502
6422,842.2,119.1
6423,842.3,156.909
6424,842.4,204.811
6425,842.5,264.616
6426,842.6,338.599
6427,842.7,429.141
6428,842.8,538.6
6429,842.9,669.386
6430,843.0,823.829
6431,843.1,1004.188
6432,843.2,1212.028
6433,843.3,1448.71
6434,843.4,1714.981
6435,843.5,2010.575
6436,843.6,2333.352
6437,843.7,2682.659
6438,843.8,3053.834
6439,843.9,3443.0
6440,844.0,3843.779
6441,844.1,4250.155
6442,844.2,4653.54
6443,844.3,5045.66
6444,844.4,5417.274
6445,844.5,5760.84
6446,844.6,6066.627
6447,844.7,6325.605
6448,844.8,6532.925
6449,844.9,6680.98
6450,845.0,6766.0
6451,845.1,6786.703
6452,845.2,6740.307
6453,845.3,6629.65
6454,845.4,6458.212
6455,845.5,6229.763
6456,845.6,5951.146
6457,845.7,5630.973
6458,845.8,5276.888
6459,845.9,4898.065
6460,846.0,4503.912
6461,846.1,4103.0
6462,846.2,3704.47
6463,846.3,3316.018
6464,846.4,2945.131
6465,846.5,2597.683
6466,846.6,2279.997
6467,846.7,1995.071
6468,846.8,1746.311
6469,846.9,1537.591
6470,847.0,1370.741
6471,847.1,1247.379
6472,847.2,1168.0
6473,847.3,1134.752
6474,847.4,1147.933
6475,847.5,1209.643
6476,847.6,1319.634
6477,847.7,1478.38
6478,847.8,1687.0
6479,847.9,1945.713
6480,848.0,2253.29
6481,848.1,2608.682
6482,848.2,3010.391
6483,848.3,3454.542
6484,848.4,3934.619
6485,848.5,4447.704
6486,848.6,4983.743
6487,848.7,5535.188
6488,848.8,6090.695
6489,848.9,6639.0
6490,849.0,7169.968
6491,849.1,7668.754
6492,849.2,8124.715
6493,849.3,8524.57
6494,849.4,8859.466
6495,849.5,9119.37
6496,849.6,9296.511
6497,849.7,9386.428
6498,849.8,9386.675
6499,849.9,9296.611
6500,850.0,9119.0
6501,850.1,8858.794
6502,850.2,8524.097
6503,850.3,8122.69
6504,850.4,7665.925
6505,850.5,7165.972
6506,850.6,6633.749
6507,850.7,6082.691
6508,850.8,5522.965
6509,850.9,4967.408
6510,851.0,4425.18
6511,851.1,3904.0
6512,851.2,3411.049
6513,851.3,2951.138
6514,851.4,2529.978
6515,851.5,2146.952
6516,851.6,1804.99
6517,851.7,1502.543
6518,851.8,1239.366
6519,851.9,1012.31
6520,852.0,818.861
6521,852.1,656.161
6522,852.2,520.8
6523,852.3,409.576
6524,852.4,319.325
6525,852.5,246.892
6526,852.6,189.59
6527,852.7,145.131
6528,852.8,111.2
6529,852.9,86.174
6530,853.0,68.639
6531,853.1,57.577
6532,853.2,52.304
6533,853.3,52.51
6534,853.4,58.217
6535,853.5,69.812
6536,853.6,88.019
6537,853.7,113.995
6538,853.8,149.112
6539,853.9,195.4
6540,854.0,255.011
6541,854.1,330.648
6542,854.2,425.294
6543,854.3,542.233
6544,854.4,685.033
6545,854.5,857.535
6546,854.6,1063.19
6547,854.7,1306.877
6548,854.8,1589.709
6549,854.9,1916.315
6550,855.0,2288.0
6551,855.1,2706.214
6552,855.2,3170.361
6553,855.3,3679.767
6554,855.4,4230.285
6555,855.5,4816.651
6556,855.6,5432.786
6557,855.7,6070.708
6558,855.8,6719.079
6559,855.9,7366.909
6560,856.0,8000.196
6561,856.1,8606.0
6562,856.2,9170.281
6563,856.3,9679.83
6564,856.4,10124.282
6565,856.5,10480.453
6566,856.6,10757.146
6567,856.7,10932.815
6568,856.8,11006.424
6569,856.9,10974.477
6570,857.0,10840.971
6571,857.1,10598.621
6572,857.2,10280.0
6573,857.3,9865.083
6574,857.4,9382.24
6575,857.5,8837.74
6576,857.6,8246.351
6577,857.7,7622.664
6578,857.8,6979.0
6579,857.9,6329.315
6580,858.0,5686.164
6581,858.1,5060.03
6582,858.2,4461.167
6583,858.3,3894.463
6584,858.4,3369.282
6585,858.5,2886.048
6586,858.6,2449.893
6587,858.7,2059.126
6588,858.8,1714.911
6589,858.9,1415.0
6590,859.0,1155.416
6591,859.1,935.605
6592,859.2,750.066
6593,859.3,595.68
6594,859.4,468.643
6595,859.5,365.217
6596,859.6,281.881
6597,859.7,215.512
6598,859.8,163.241
6599,859.9,122.468
6600,860.0,91.02
6601,860.1,67.002
6602,860.2,48.863
6603,860.3,35.298
6604,860.4,25.254
6605,860.5,17.895
6606,860.6,12.562
6607,860.7,8.74
6608,860.8,6.02
6609,860.9,4.108
6610,861.0,2.777
6611,861.1,1.859
6612,861.2,1.233
6613,861.3,0.81
6614,861.4,0.527
6615,861.5,0.34
6616,861.6,0.217
6617,861.7,0.137
6618,861.8,0.086
6619,861.9,0.053
6620,862.0,0.033
6621,862.1,0.02
6622,862.2,0.012
6623,862.3,0.007
6624,862.4,0.004
6625,862.5,0.003
6626,862.6,0.002
6627,862.7,0.002
6628,862.8,0.002
6629,862.9,0.003
6630,863.0,0.005
6631,863.1,0.007
6632,863.2,0.012
6633,863.3,0.02
6634,863.4,0.032
6635,863.5,0.052
6636,863.6,0.084
6637,863.7,0.133
6638,863.8,0.208
6639,863.9,0.325
6640,864.0,0.501
6641,864.1,0.766
6642,864.2,1.162
6643,864.3,1.748
6644,864.4,2.604
6645,864.5,3.849
6646,864.6,5.639
6647,864.7,8.192
6648,864.8,11.804
6649,864.9,16.862
6650,865.0,23.89
6651,865.1,33.578
6652,865.2,46.805
6653,865.3,64.731
6654,865.4,88.813
6655,865.5,120.961
6656,865.6,163.383
6657,865.7,219.064
6658,865.8,291.549
6659,865.9,385.198
6660,866.0,505.29
6661,866.1,658.0
6662,866.2,851.086
6663,866.3,1093.273
6664,866.4,1394.331
6665,866.5,1766.422
6666,866.6,2224.037
6667,866.7,2780.672
6668,866.8,3454.985
6669,866.9,4264.62
6670,867.0,5230.685
6671,867.1,6374.122
6672,867.2,7717.0
6673,867.3,9282.797
6674,867.4,11091.338
6675,867.5,13177.766
6676,867.6,15543.534
6677,867.7,18206.333
6678,867.8,21190.0
6679,867.9,24496.869
6680,868.0,28119.716
6681,868.1,32060.495
6682,868.2,36284.398
6683,868.3,40767.883
6684,868.4,45478.609
6685,868.5,50346.878
6686,868.6,55328.838
6687,868.7,60327.627
6688,868.8,65271.389
6689,868.9,70080.0
6690,869.0,74638.773
6691,869.1,78865.293
6692,869.2,82660.724
6693,869.3,85935.238
6694,869.4,88616.608
6695,869.5,90640.366
6696,869.6,91941.989
6697,869.7,92504.009
6698,869.8,92306.051
6699,869.9,91359.561
6700,870.0,89670.0
6701,870.1,87315.451
6702,870.2,84321.835
6703,870.3,80794.132
6704,870.4,76806.006
6705,870.5,72442.441
6706,870.6,67818.325
6707,870.7,63021.771
6708,870.8,58142.916
6709,870.9,53274.938
6710,871.0,48492.391
6711,871.1,43850.0
6712,871.2,39428.76
6713,871.3,35254.973
6714,871.4,31355.752
6715,871.5,27758.521
6716,871.6,24472.14
6717,871.7,21485.531
6718,871.8,18806.479
6719,871.9,16400.225
6720,872.0,14268.047
6721,872.1,12389.947
6722,872.2,10720.0
6723,872.3,9267.097
6724,872.4,7989.478
6725,872.5,6873.69
6726,872.6,5899.782
6727,872.7,5052.445
6728,872.8,4315.0
6729,872.9,3676.62
6730,873.0,3125.093
6731,873.1,2651.318
6732,873.2,2248.588
6733,873.3,1910.438
6734,873.4,1632.877
6735,873.5,1412.982
6736,873.6,1249.035
6737,873.7,1141.078
6738,873.8,1091.66
6739,873.9,1103.0
6740,874.0,1181.342
6741,874.1,1334.35
6742,874.2,1572.005
6743,874.3,1904.76
6744,874.4,2347.966
6745,874.5,2918.256
6746,874.6,3633.478
6747,874.7,4512.994
6748,874.8,5577.506
6749,874.9,6848.288
6750,875.0,8345.0
6751,875.1,10086.803
6752,875.2,12088.255
6753,875.3,14361.862
6754,875.4,16915.979
6755,875.5,19742.96
6756,875.6,22830.945
6757,875.7,26177.495
6758,875.8,29738.791
6759,875.9,33479.617
6760,876.0,37354.289
6761,876.1,41300.0
6762,876.2,45253.035
6763,876.3,49133.947
6764,876.4,52868.64
6765,876.5,56372.257
6766,876.6,59579.672
6767,876.7,62391.947
6768,876.8,64751.869
6769,876.9,66590.145
6770,877.0,67862.706
6771,877.1,68546.669
6772,877.2,68610.0
6773,877.3,68056.331
6774,877.4,66889.941
6775,877.5,65162.905
6776,877.6,62902.686
6777,877.7,60175.626
6778,877.8,57050.0
6779,877.9,53598.882
6780,878.0,49912.395
6781,878.1,46057.493
6782,878.2,42128.502
6783,878.3,38191.502
6784,878.4,34317.38
6785,878.5,30575.83
6786,878.6,27023.251
6787,878.7,23682.903
6788,878.8,20610.885
6789,878.9,17830.0
6790,879.0,15337.741
6791,879.1,13174.274
6792,879.2,11323.21
6793,879.3,9784.747
6794,879.4,8561.409
6795,879.5,7642.71
6796,879.6,7023.791
6797,879.7,6696.97
6798,879.8,6655.136
6799,879.9,6891.544
6800,880.0,7403.0
6801,880.1,8182.314
6802,880.2,9226.266
6803,880.3,10528.443
6804,880.4,12079.934
6805,880.5,13877.978
6806,880.6,15891.29
6807,880.7,18121.9
6808,880.8,20535.186
6809,880.9,23097.544
6810,881.0,25773.926
6811,881.1,28530.0
6812,881.2,31318.835
6813,881.3,34082.127
6814,881.4,36754.952
6815,881.5,39300.511
6816,881.6,41648.435
6817,881.7,43747.315
6818,881.8,45541.17
6819,881.9,46985.8
6820,882.0,48051.204
6821,882.1,48701.029
6822,882.2,48920.0
6823,882.3,48698.57
6824,882.4,48050.99
6825,882.5,46985.043
6826,882.6,45541.951
6827,882.7,43747.319
6828,882.8,41650.0
6829,882.9,39301.318
6830,883.0,36748.303
6831,883.1,34062.359
6832,883.2,31289.391
6833,883.3,28489.885
6834,883.4,25703.301
6835,883.5,22986.622
6836,883.6,20379.619
6837,883.7,17902.811
6838,883.8,15582.306
6839,883.9,13450.0
6840,884.0,11504.397
6841,884.1,9745.434
6842,884.2,8191.863
6843,884.3,6820.231
6844,884.4,5629.716
6845,884.5,4604.699
6846,884.6,3734.413
6847,884.7,3001.412
6848,884.8,2391.351
6849,884.9,1888.923
6850,885.0,1479.0
6851,885.1,1148.66
6852,885.2,885.008
6853,885.3,676.702
6854,885.4,513.804
6855,885.5,387.768
6856,885.6,291.303
6857,885.7,218.319
6858,885.8,163.622
6859,885.9,123.092
6860,886.0,93.497
6861,886.1,72.11
6862,886.2,56.839
6863,886.3,46.073
6864,886.4,38.576
6865,886.5,33.393
6866,886.6,29.829
6867,886.7,27.349
6868,886.8,25.576
6869,886.9,24.236
6870,887.0,23.136
6871,887.1,22.15
6872,887.2,21.19
6873,887.3,20.199
6874,887.4,19.162
6875,887.5,18.065
6876,887.6,16.908
6877,887.7,15.702
6878,887.8,14.47
6879,887.9,13.218
6880,888.0,11.97
6881,888.1,10.751
6882,888.2,9.571
6883,888.3,8.447
6884,888.4,7.389
6885,888.5,6.407
6886,888.6,5.507
6887,888.7,4.691
6888,888.8,3.961
6889,888.9,3.316
6890,889.0,2.751
6891,889.1,2.262
6892,889.2,1.844
6893,889.3,1.49
6894,889.4,1.193
6895,889.5,0.947
6896,889.6,0.745
6897,889.7,0.581
6898,889.8,0.449
6899,889.9,0.344
6900,890.0,0.261
6901,890.1,0.197
6902,890.2,0.147
6903,890.3,0.108
6904,890.4,0.079
6905,890.5,0.058
6906,890.6,0.042
6907,890.7,0.03
6908,890.8,0.021
6909,890.9,0.015
6910,891.0,0.01
6911,891.1,0.007
6912,891.2,0.005
6913,891.3,0.003
6914,891.4,0.002
6915,891.5,0.001
6916,891.6,0.001
6917,891.7,0.001
6918,891.8,0.0
6919,891.9,0.0
6920,892.0,0.0
6921,892.1,0.0
6922,892.2,0.0
6923,892.3,0.0
6924,892.4,0.0
6925,892.5,0.0
6926,892.6,0.0
6927,892.7,0.0
6928,892.8,0.0
6929,892.9,0.0
6930,893.0,0.0
6931,893.1,0.0
6932,893.2,0.0
6933,893.3,0.0
6934,893.4,0.0
6935,893.5,0.0
6936,893.6,0.0
6937,893.7,0.0
6938,893.8,0.0
6939,893.9,0.0
6940,894.0,0.0
6941,894.1,0.0
6942,894.2,0.0
6943,894.3,0.0
6944,894.4,0.0
6945,894.5,0.0
6946,894.6,0.0
6947,894.7,0.0
6948,894.8,0.0
6949,894.9,0.0
6950,895.0,0.0
6951,895.1,0.0
6952,895.2,0.0
6953,895.3,0.0
6954,895.4,0.0
6955,895.5,0.0
6956,895.6,0.0
6957,895.7,0.0
6958,895.8,0.0
6959,895.9,0.0
6960,896.0,0.0
6961,896.1,0.0
6962,896.2,0.0
6963,896.3,0.0
6964,896.4,0.0
6965,896.5,0.0
6966,896.6,0.0
6967,896.7,0.0
6968,896.8,0.0
6969,896.9,0.0
6970,897.0,0.0
6971,897.1,0.0
6972,897.2,0.0
6973,897.3,0.0
6974,897.4,0.0
6975,897.5,0.0
6976,897.6,0.0
6977,897.7,0.0
6978,897.8,0.0
6979,897.9,0.0
6980,898.0,0.0
6981,898.1,0.0
6982,898.2,0.0
6983,898.3,0.0
6984,898.4,0.0
6985,898.5,0.0
6986,898.6,0.0
6987,898.7,0.0
6988,898.8,0.0
6989,898.9,0.0
6990,899.0,0.0
6991,899.1,0.0
6992,899.2,0.0
6993,899.3,0.0
6994,899.4,0.0
6995,899.5,0.0
6996,899.6,0.0
6997,899.7,0.0
6998,899.8,0.0
6999,899.9,0.0
7000,900.0,0.0
7001,900.1,0.0
7002,900.2,0.0
7003,900.3,0.0
7004,900.4,0.0
7005,900.5,0.0
7006,900.6,0.0
7007,900.7,0.0
7008,900.8,0.0
7009,900.9,0.0
7010,901.0,0.0
7011,901.1,0.0
7012,901.2,0.0
7013,901.3,0.0
7014,901.4,0.0
7015,901.5,0.0
7016,901.6,0.0
7017,901.7,0.0
7018,901.8,0.0
7019,901.9,0.0
7020,902.0,0.0
7021,902.1,0.0
7022,902.2,0.0
7023,902.3,0.0
7024,902.4,0.0
7025,902.5,0.0
7026,902.6,0.0
7027,902.7,0.0
7028,902.8,0.0
7029,902.9,0.0
7030,903.0,0.0
7031,903.1,0.0
7032,903.2,0.0
7033,903.3,0.0
7034,903.4,0.0
7035,903.5,0.0
7036,903.6,0.0
7037,903.7,0.0
7038,903.8,0.0
7039,903.9,0.0
7040,904.0,0.0
7041,904.1,0.0
7042,904.2,0.0
7043,904.3,0.0
7044,904.4,0.0
7045,904.5,0.0
7046,904.6,0.0
7047,904.7,0.0
7048,904.8,0.0
7049,904.9,0.0
7050,905.0,0.0
7051,905.1,0.0
7052,905.2,0.0
7053,905.3,0.0
7054,905.4,0.0
7055,905.5,0.0
7056,905.6,0.0
7057,905.7,0.0
7058,905.8,0.0
7059,905.9,0.0
7060,906.0,0.0
7061,906.1,0.0
7062,906.2,0.0
7063,906.3,0.0
7064,906.4,0.0
7065,906.5,0.0
7066,906.6,0.0
7067,906.7,0.0
7068,906.8,0.0
7069,906.9,0.0
7070,907.0,0.0
7071,907.1,0.0
7072,907.2,0.0
7073,907.3,0.0
7074,907.4,0.0
7075,907.5,0.0
7076,907.6,0.0
7077,907.7,0.0
7078,907.8,0.0
7079,907.9,0.0
7080,908.0,0.0
7081,908.1,0.0
7082,908.2,0.0
7083,908.3,0.0
7084,908.4,0.0
7085,908.5,0.0
7086,908.6,0.0
7087,908.7,0.0
7088,908.8,0.0
7089,908.9,0.0
7090,909.0,0.0
7091,909.1,0.0
7092,909.2,0.0
7093,909.3,0.0
7094,909.4,0.0
7095,909.5,0.0
7096,909.6,0.0
7097,909.7,0.0
7098,909.8,0.0
7099,909.9,0.0
7100,910.0,0.0
7101,910.1,0.0
7102,910.2,0.0
7103,910.3,0.0
7104,910.4,0.0
7105,910.5,0.0
7106,910.6,0.0
7107,910.7,0.0
7108,910.8,0.0
7109,910.9,0.0
7110,911.0,0.0
7111,911.1,0.0
7112,911.2,0.0
7113,911.3,0.0
7114,911.4,0.0
7115,911.5,0.0
7116,911.6,0.0
7117,911.7,0.0
7118,911.8,0.0
7119,911.9,0.0
7120,912.0,0.0
7121,912.1,0.0
7122,912.2,0.0
7123,912.3,0.0
7124,912.4,0.0
7125,912.5,0.0
7126,912.6,0.0
7127,912.7,0.0
7128,912.8,0.0
7129,912.9,0.0
7130,913.0,0.0
7131,913.1,0.0
7132,913.2,0.0
7133,913.3,0.0
7134,913.4,0.0
7135,913.5,0.0
7136,913.6,0.0
7137,913.7,0.0
7138,913.8,0.0
7139,913.9,0.0
7140,914.0,0.0
7141,914.1,0.0
7142,914.2,0.0
7143,914.3,0.0
7144,914.4,0.0
7145,914.5,0.0
7146,914.6,0.0
7147,914.7,0.0
7148,914.8,0.0
7149,914.9,0.0
7150,915.0,0.0
7151,915.1,0.0
7152,915.2,0.0
7153,915.3,0.0
7154,915.4,0.0
7155,915.5,0.0
7156,915.6,0.0
7157,915.7,0.0
7158,915.8,0.0
7159,915.9,0.0
7160,916.0,0.0
7161,916.1,0.0
7162,916.2,0.0
7163,916.3,0.0
7164,916.4,0.0
7165,916.5,0.0
7166,916.6,0.0
7167,916.7,0.0
7168,916.8,0.0
7169,916.9,0.0
7170,917.0,0.0
7171,917.1,0.0
7172,917.2,0.0
7173,917.3,0.0
7174,917.4,0.0
7175,917.5,0.0
7176,917.6,0.0
7177,917.7,0.0
7178,917.8,0.0
7179,917.9,0.0
7180,918.0,0.0
7181,918.1,0.0
7182,918.2,0.0
7183,918.3,0.0
7184,918.4,0.0
7185,918.5,0.0
7186,918.6,0.0
7187,918.7,0.0
7188,918.8,0.0
7189,918.9,0.0
7190,919.0,0.0
7191,919.1,0.0
7192,919.2,0.0
7193,919.3,0.0
7194,919.4,0.0
7195,919.5,0.0
7196,919.6,0.0
7197,919.7,0.0
7198,919.8,0.0
7199,919.9,0.0
7200,920.0,0.0
7201,920.1,0.0
7202,920.2,0.0
7203,920.3,0.0
7204,920.4,0.0
7205,920.5,0.0
7206,920.6,0.0
7207,920.7,0.0
7208,920.8,0.0
7209,920.9,0.0
7210,921.0,0.0
7211,921.1,0.0
7212,921.2,0.0
7213,921.3,0.0
7214,921.4,0.0
7215,921.5,0.0
7216,921.6,0.0
7217,921.7,0.0
7218,921.8,0.0
7219,921.9,0.0
7220,922.0,0.0
7221,922.1,0.0
7222,922.2,0.0
7223,922.3,0.0
7224,922.4,0.0
7225,922.5,0.0
7226,922.6,0.0
7227,922.7,0.0
7228,922.8,0.0
7229,922.9,0.0
7230,923.0,0.0
7231,923.1,0.0
7232,923.2,0.0
7233,923.3,0.0
7234,923.4,0.0
7235,923.5,0.0
7236,923.6,0.0
7237,923.7,0.0
7238,923.8,0.0
7239,923.9,0.0
7240,924.0,0.0
7241,924.1,0.0
7242,924.2,0.0
7243,924.3,0.0
7244,924.4,0.0
7245,924.5,0.0
7246,924.6,0.0
7247,924.7,0.0
7248,924.8,0.0
7249,924.9,0.0
7250,925.0,0.0
7251,925.1,0.0
7252,925.2,0.0
7253,925.3,0.0
7254,925.4,0.0
7255,925.5,0.0
7256,925.6,0.0
7257,925.7,0.0
7258,925.8,0.0
7259,925.9,0.0
7260,926.0,0.0
7261,926.1,0.0
7262,926.2,0.0
7263,926.3,0.0
7264,926.4,0.0
7265,926.5,0.0
7266,926.6,0.0
7267,926.7,0.0
7268,926.8,0.0
7269,926.9,0.0
7270,927.0,0.0
7271,927.1,0.0
7272,927.2,0.0
7273,927.3,0.0
7274,927.4,0.0
7275,927.5,0.0
7276,927.6,0.0
7277,927.7,0.0
7278,927.8,0.0
7279,927.9,0.0
7280,928.0,0.0
7281,928.1,0.0
7282,928.2,0.0
7283,928.3,0.0
7284,928.4,0.0
7285,928.5,0.0
7286,928.6,0.0
7287,928.7,0.0
7288,928.8,0.0
7289,928.9,0.0
7290,929.0,0.0
7291,929.1,0.0
7292,929.2,0.0
7293,929.3,0.0
7294,929.4,0.0
7295,929.5,0.0
7296,929.6,0.0
7297,929.7,0.0
7298,929.8,0.0
7299,929.9,0.0
7300,930.0,0.0
7301,930.1,0.0
7302,930.2,0.0
7303,930.3,0.0
7304,930.4,0.0
7305,930.5,0.0
7306,930.6,0.0
7307,930.7,0.0
7308,930.8,0.0
7309,930.9,0.0
7310,931.0,0.0
7311,931.1,0.0
7312,931.2,0.0
7313,931.3,0.0
7314,931.4,0.0
7315,931.5,0.0
7316,931.6,0.0
7317,931.7,0.0
7318,931.8,0.0
7319,931.9,0.0
7320,932.0,0.0
7321,932.1,0.0
7322,932.2,0.0
7323,932.3,0.0
7324,932.4,0.0
7325,932.5,0.0
7326,932.6,0.0
7327,932.7,0.0
7328,932.8,0.0
7329,932.9,0.0
7330,933.0,0.0
7331,933.1,0.0
7332,933.2,0.0
7333,933.3,0.0
7334,933.4,0.0
7335,933.5,0.0
7336,933.6,0.0
7337,933.7,0.0
7338,933.8,0.0
7339,933.9,0.0
7340,934.0,0.0
7341,934.1,0.0
7342,934.2,0.0
7343,934.3,0.0
7344,934.4,0.0
7345,934.5,0.0
7346,934.6,0.0
7347,934.7,0.0
7348,934.8,0.0
7349,934.9,0.0
7350,935.0,0.0
7351,935.1,0.0
7352,935.2,0.0
7353,935.3,0.0
7354,935.4,0.0
7355,935.5,0.0
7356,935.6,0.0
7357,935.7,0.0
7358,935.8,0.0
7359,935.9,0.0
7360,936.0,0.0
7361,936.1,0.0
7362,936.2,0.0
7363,936.3,0.0
7364,936.4,0.0
7365,936.5,0.0
7366,936.6,0.0
7367,936.7,0.0
7368,936.8,0.0
7369,936.9,0.0
7370,937.0,0.0
7371,937.1,0.0
7372,937.2,0.0
7373,937.3,0.0
7374,937.4,0.0
7375,937.5,0.0
7376,937.6,0.0
7377,937.7,0.0
7378,937.8,0.0
7379,937.9,0.0
7380,938.0,0.001
7381,938.1,0.001
7382,938.2,0.002
7383,938.3,0.004
7384,938.4,0.006
7385,938.5,0.009
7386,938.6,0.015
7387,938.7,0.024
7388,938.8,0.038
7389,938.9,0.06
7390,939.0,0.093
7391,939.1,0.144
7392,939.2,0.221
7393,939.3,0.335
7394,939.4,0.505
7395,939.5,0.755
7396,939.6,1.121
7397,939.7,1.65
7398,939.8,2.411
7399,939.9,3.497
7400,940.0,5.03
7401,940.1,7.18
7402,940.2,10.17
7403,940.3,14.294
7404,940.4,19.922
7405,940.5,27.562
7406,940.6,37.837
7407,940.7,51.54
7408,940.8,69.656
7409,940.9,93.446
7410,941.0,124.327
7411,941.1,164.1
7412,941.2,215.061
7413,941.3,279.515
7414,941.4,360.509
7415,941.5,461.411
7416,941.6,585.974
7417,941.7,738.535
7418,941.8,923.376
7419,941.9,1146.045
7420,942.0,1410.597
7421,942.1,1724.05
7422,942.2,2090.0
7423,942.3,2515.175
7424,942.4,3002.416
7425,942.5,3558.489
7426,942.6,4183.924
7427,942.7,4883.964
7428,942.8,5657.0
7429,942.9,6505.333
7430,943.0,7424.209
7431,943.1,8411.963
7432,943.2,9462.972
7433,943.3,10567.069
7434,943.4,11717.189
7435,943.5,12912.322
7436,943.6,14123.825
7437,943.7,15349.282
7438,943.8,16578.163
7439,943.9,17790.0
7440,944.0,18988.099
7441,944.1,20154.69
7442,944.2,21275.628
7443,944.3,22342.076
7444,944.4,23370.449
7445,944.5,24334.809
7446,944.6,25258.929
7447,944.7,26120.796
7448,944.8,26949.376
7449,944.9,27737.132
7450,945.0,28490.0
7451,945.1,29225.571
7452,945.2,29944.793
7453,945.3,30650.513
7454,945.4,31350.6
7455,945.5,32041.162
7456,945.6,32727.74
7457,945.7,33391.465
7458,945.8,34031.36
7459,945.9,34644.502
7460,946.0,35197.632
7461,946.1,35690.0
7462,946.2,36096.001
7463,946.3,36401.135
7464,946.4,36586.284
7465,946.5,36632.106
7466,946.6,36538.509
7467,946.7,36277.003
7468,946.8,35864.599
7469,946.9,35293.535
7470,947.0,34566.151
7471,947.1,33706.833
7472,947.2,32720.0
7473,947.3,31638.499
7474,947.4,30489.504
7475,947.5,29304.95
7476,947.6,28120.736
7477,947.7,26971.068
7478,947.8,25900.0
7479,947.9,24927.081
7480,948.0,24113.307
7481,948.1,23472.532
7482,948.2,23030.788
7483,948.3,22826.957
7484,948.4,22864.643
7485,948.5,23156.501
7486,948.6,23710.276
7487,948.7,24511.425
7488,948.8,25553.321
7489,948.9,26820.0
7490,949.0,28285.427
7491,949.1,29900.771
7492,949.2,31640.752
7493,949.3,33460.492
7494,949.4,35305.98
7495,949.5,37129.773
7496,949.6,38884.852
7497,949.7,40525.695
7498,949.8,41989.838
7499,949.9,43238.287
7500,950.0,44250.0
7501,950.1,44971.023
7502,950.2,45392.363
7503,950.3,45485.414
7504,950.4,45247.011
7505,950.5,44684.038
7506,950.6,43796.528
7507,950.7,42598.356
7508,950.8,41130.85
7509,950.9,39410.578
7510,951.0,37470.07
7511,951.1,35360.0
7512,951.2,33110.185
7513,951.3,30771.761
7514,951.4,28375.655
7515,951.5,25969.146
7516,951.6,23576.545
7517,951.7,21250.427
7518,951.8,18997.507
7519,951.9,16861.117
7520,952.0,14848.199
7521,952.1,12976.457
7522,952.2,11250.0
7523,952.3,9677.9
7524,952.4,8262.895
7525,952.5,7001.298
7526,952.6,5886.035
7527,952.7,4910.239
7528,952.8,4065.0
7529,952.9,3339.938
7530,953.0,2722.509
7531,953.1,2202.307
7532,953.2,1768.507
7533,953.3,1408.325
7534,953.4,1113.142
7535,953.5,873.271
7536,953.6,679.756
7537,953.7,524.981
7538,953.8,402.418
7539,953.9,306.1
7540,954.0,230.965
7541,954.1,172.993
7542,954.2,128.56
7543,954.3,94.805
7544,954.4,69.392
7545,954.5,50.394
7546,954.6,36.316
7547,954.7,25.962
7548,954.8,18.425
7549,954.9,12.971
7550,955.0,9.066
7551,955.1,6.286
7552,955.2,4.325
7553,955.3,2.952
7554,955.4,2.0
7555,955.5,1.345
7556,955.6,0.897
7557,955.7,0.594
7558,955.8,0.39
7559,955.9,0.254
7560,956.0,0.165
7561,956.1,0.106
7562,956.2,0.067
7563,956.3,0.043
7564,956.4,0.027
7565,956.5,0.017
7566,956.6,0.01
7567,956.7,0.006
7568,956.8,0.004
7569,956.9,0.002
7570,957.0,0.001
7571,957.1,0.001
7572,957.2,0.0
7573,957.3,0.0
7574,957.4,0.0
7575,957.5,0.0
7576,957.6,0.0
7577,957.7,0.0
7578,957.8,0.0
7579,957.9,0.0
7580,958.0,0.0
7581,958.1,0.0
7582,958.2,0.0
7583,958.3,0.0
7584,958.4,0.0
7585,958.5,0.0
7586,958.6,0.0
7587,958.7,0.0
7588,958.8,0.0
7589,958.9,0.0
7590,959.0,0.0
7591,959.1,0.0
7592,959.2,0.0
7593,959.3,0.0
7594,959.4,0.0
7595,959.5,0.0
7596,959.6,0.0
7597,959.7,0.0
7598,959.8,0.0
7599,959.9,0.0
7600,960.0,0.0
7601,960.1,0.0
7602,960.2,0.0
7603,960.3,0.0
7604,960.4,0.0
7605,960.5,0.0
7606,960.6,0.0
7607,960.7,0.0
7608,960.8,0.0
7609,960.9,0.0
7610,961.0,0.0
7611,961.1,0.0
7612,961.2,0.0
7613,961.3,0.0
7614,961.4,0.0
7615,961.5,0.0
7616,961.6,0.0
7617,961.7,0.0
7618,961.8,0.0
7619,961.9,0.0
7620,962.0,0.0
7621,962.1,0.0
7622,962.2,0.0
7623,962.3,0.0
7624,962.4,0.0
7625,962.5,0.0
7626,962.6,0.0
7627,962.7,0.0
7628,962.8,0.0
7629,962.9,0.0
7630,963.0,0.0
7631,963.1,0.0
7632,963.2,0.0
7633,963.3,0.0
7634,963.4,0.0
7635,963.5,0.0
7636,963.6,0.0
7637,963.7,0.0
7638,963.8,0.0
7639,963.9,0.0
7640,964.0,0.0
7641,964.1,0.0
7642,964.2,0.0
7643,964.3,0.0
7644,964.4,0.0
7645,964.5,0.0
7646,964.6,0.0
7647,964.7,0.0
7648,964.8,0.0
7649,964.9,0.0
7650,965.0,0.0
7651,965.1,0.0
7652,965.2,0.0
7653,965.3,0.0
7654,965.4,0.0
7655,965.5,0.0
7656,965.6,0.0
7657,965.7,0.0
7658,965.8,0.0
7659,965.9,0.0
7660,966.0,0.0
7661,966.1,0.0
7662,966.2,0.0
7663,966.3,0.0
7664,966.4,0.0
7665,966.5,0.0
7666,966.6,0.0
7667,966.7,0.0
7668,966.8,0.0
7669,966.9,0.0
7670,967.0,0.0
7671,967.1,0.0
7672,967.2,0.0
7673,967.3,0.0
7674,967.4,0.0
7675,967.5,0.0
7676,967.6,0.0
7677,967.7,0.0
7678,967.8,0.0
7679,967.9,0.0
7680,968.0,0.0
7681,968.1,0.0
7682,968.2,0.0
7683,968.3,0.0
7684,968.4,0.0
7685,968.5,0.0
7686,968.6,0.0
7687,968.7,0.0
7688,968.8,0.0
7689,968.9,0.0
7690,969.0,0.0
7691,969.1,0.0
7692,969.2,0.0
7693,969.3,0.0
7694,969.4,0.0
7695,969.5,0.0
7696,969.6,0.0
7697,969.7,0.0
7698,969.8,0.0
7699,969.9,0.0
7700,970.0,0.0
7701,970.1,0.0
7702,970.2,0.0
7703,970.3,0.0
7704,970.4,0.0
7705,970.5,0.0
7706,970.6,0.0
7707,970.7,0.0
7708,970.8,0.0
7709,970.9,0.0
7710,971.0,0.0
7711,971.1,0.0
7712,971.2,0.0
7713,971.3,0.0
7714,971.4,0.0
7715,971.5,0.0
7716,971.6,0.0
7717,971.7,0.0
7718,971.8,0.0
7719,971.9,0.0
7720,972.0,0.0
7721,972.1,0.0
7722,972.2,0.0
7723,972.3,0.0
7724,972.4,0.0
7725,972.5,0.0
7726,972.6,0.0
7727,972.7,0.0
7728,972.8,0.0
7729,972.9,0.0
7730,973.0,0.0
7731,973.1,0.0
7732,973.2,0.0
7733,973.3,0.0
7734,973.4,0.0
7735,973.5,0.0
7736,973.6,0.0
7737,973.7,0.0
7738,973.8,0.0
7739,973.9,0.0
7740,974.0,0.0
7741,974.1,0.0
7742,974.2,0.0
7743,974.3,0.0
7744,974.4,0.0
7745,974.5,0.0
7746,974.6,0.0
7747,974.7,0.0
7748,974.8,0.0
7749,974.9,0.0
7750,975.0,0.0
7751,975.1,0.0
7752,975.2,0.0
7753,975.3,0.0
7754,975.4,0.0
7755,975.5,0.0
7756,975.6,0.0
7757,975.7,0.0
7758,975.8,0.0
7759,975.9,0.0
7760,976.0,0.0
7761,976.1,0.0
7762,976.2,0.0
7763,976.3,0.0
7764,976.4,0.0
7765,976.5,0.0
7766,976.6,0.0
7767,976.7,0.0
7768,976.8,0.0
7769,976.9,0.0
7770,977.0,0.0
7771,977.1,0.0
7772,977.2,0.0
7773,977.3,0.0
7774,977.4,0.0
7775,977.5,0.0
7776,977.6,0.0
7777,977.7,0.0
7778,977.8,0.0
7779,977.9,0.0
7780,978.0,0.0
7781,978.1,0.0
7782,978.2,0.0
7783,978.3,0.0
7784,978.4,0.0
7785,978.5,0.0
7786,978.6,0.0
7787,978.7,0.0
7788,978.8,0.0
7789,978.9,0.0
7790,979.0,0.0
7791,979.1,0.0
7792,979.2,0.0
7793,979.3,0.0
7794,979.4,0.0
7795,979.5,0.0
7796,979.6,0.0
7797,979.7,0.0
7798,979.8,0.0
7799,979.9,0.0
7800,980.0,0.0
7801,980.1,0.0
7802,980.2,0.0
7803,980.3,0.0
7804,980.4,0.0
7805,980.5,0.0
7806,980.6,0.0
7807,980.7,0.0
7808,980.8,0.0
7809,980.9,0.0
7810,981.0,0.0
7811,981.1,0.0
7812,981.2,0.0
7813,981.3,0.0
7814,981.4,0.0
7815,981.5,0.0
7816,981.6,0.0
7817,981.7,0.0
7818,981.8,0.0
7819,981.9,0.0
7820,982.0,0.0
7821,982.1,0.0
7822,982.2,0.0
7823,982.3,0.0
7824,982.4,0.0
7825,982.5,0.0
7826,982.6,0.0
7827,982.7,0.0
7828,982.8,0.0
7829,982.9,0.0
7830,983.0,0.0
7831,983.1,0.0
7832,983.2,0.0
7833,983.3,0.0
7834,983.4,0.0
7835,983.5,0.0
7836,983.6,0.0
7837,983.7,0.0
7838,983.8,0.001
7839,983.9,0.001
7840,984.0,0.002
7841,984.1,0.003
7842,984.2,0.005
7843,984.3,0.008
7844,984.4,0.013
7845,984.5,0.02
7846,984.6,0.031
7847,984.7,0.048
7848,984.8,0.073
7849,984.9,0.112
7850,985.0,0.17
7851,985.1,0.255
7852,985.2,0.381
7853,985.3,0.564
7854,985.4,0.831
7855,985.5,1.215
7856,985.6,1.764
7857,985.7,2.543
7858,985.8,3.64
7859,985.9,5.173
7860,986.0,7.302
7861,986.1,10.23
7862,986.2,14.24
7863,986.3,19.687
7864,986.4,27.013
7865,986.5,36.813
7866,986.6,49.82
7867,986.7,66.939
7868,986.8,89.307
7869,986.9,118.342
7870,987.0,155.701
7871,987.1,203.4
7872,987.2,263.9
7873,987.3,340.002
7874,987.4,434.997
7875,987.5,552.611
7876,987.6,697.02
7877,987.7,873.16
7878,987.8,1086.0
7879,987.9,1341.841
7880,988.0,1645.338
7881,988.1,2003.67
7882,988.2,2423.246
7883,988.3,2910.366
7884,988.4,3470.555
7885,988.5,4110.215
7886,988.6,4832.342
7887,988.7,5643.384
7888,988.8,6543.053
7889,988.9,7534.0
7890,989.0,8614.068
7891,989.1,9778.514
7892,989.2,11021.413
7893,989.3,12338.503
7894,989.4,13719.262
7895,989.5,15144.495
7896,989.6,16601.777
7897,989.7,18071.506
7898,989.8,19537.75
7899,989.9,20968.569
7900,990.0,22350.0
7901,990.1,23654.184
7902,990.2,24857.078
7903,990.3,25933.955
7904,990.4,26879.639
7905,990.5,27661.711
7906,990.6,28261.945
7907,990.7,28676.968
7908,990.8,28893.883
7909,990.9,28915.05
7910,991.0,28722.31
7911,991.1,28340.0
7912,991.2,27763.507
7913,991.3,27007.629
7914,991.4,26092.711
7915,991.5,25022.787
7916,991.6,23844.548
7917,991.7,22546.681
7918,991.8,21181.022
7919,991.9,19756.008
7920,992.0,18293.178
7921,992.1,16822.846
7922,992.2,15360.0
7923,992.3,13929.591
7924,992.4,12548.459
7925,992.5,11219.03
7926,992.6,9962.692
7927,992.7,8783.063
7928,992.8,7690.0
7929,992.9,6685.263
7930,993.0,5771.633
7931,993.1,4948.049
7932,993.2,4211.825
7933,993.3,3560.717
7934,993.4,2988.256
7935,993.5,2491.309
7936,993.6,2062.121
7937,993.7,1694.127
7938,993.8,1383.241
7939,993.9,1121.0
7940,994.0,901.806
7941,994.1,720.67
7942,994.2,571.843
7943,994.3,450.554
7944,994.4,352.473
7945,994.5,273.916
7946,994.6,211.305
7947,994.7,161.858
7948,994.8,123.092
7949,994.9,93.242
7950,995.0,65.512
7951,995.1,29.096
7952,995.2,0.0
7953,995.3,0.0
7954,995.4,0.0
7955,995.5,0.0
7956,995.6,0.0
7957,995.7,0.0
7958,995.8,0.0
7959,995.9,0.0
7960,996.0,0.0
7961,996.1,0.0
7962,996.2,0.0
7963,996.3,0.0
7964,996.4,0.0
7965,996.5,0.0
7966,996.6,0.0
7967,996.7,0.0
7968,996.8,0.0
7969,996.9,0.0
7970,997.0,0.0
7971,997.1,0.0
7972,997.2,0.0
7973,997.3,0.0
7974,997.4,0.0
7975,997.5,0.0
7976,997.6,0.0
7977,997.7,0.0
7978,997.8,0.0
7979,997.9,0.0
7980,998.0,0.0
7981,998.1,0.0
7982,998.2,0.0
7983,998.3,0.0
7984,998.4,0.0
7985,998.5,0.0
7986,998.6,0.0
7987,998.7,0.0
7988,998.8,0.0
7989,998.9,0.0
7990,999.0,0.0
7991,999.1,0.0
7992,999.2,0.0
7993,999.3,0.0
7994,999.4,0.0
7995,999.5,0.0
7996,999.6,0.0
7997,999.7,0.0
7998,999.8,0.0
7999,999.9,0.0
