,wavelength,intensity
0,200.0,6260000.0
1,200.1,6555000.0
2,200.2,4331091.83
3,200.3,1805747.158
4,200.4,474843.706
5,200.5,79346.42
6,200.6,16354.704
7,200.7,66719.486
8,200.8,342266.201
9,200.9,1125840.068
10,201.0,2360160.222
11,201.1,3184853.319
12,201.2,2809000.0
13,201.3,1670000.0
14,201.4,701462.243
15,201.5,217481.172
16,201.6,50286.315
17,201.7,8375.185
18,201.8,955.493
19,201.9,71.147
20,202.0,3.455
21,202.1,0.102
22,202.2,0.002
23,202.3,0.0
24,202.4,0.0
25,202.5,0.0
26,202.6,0.0
27,202.7,0.0
28,202.8,0.0
29,202.9,0.0
30,203.0,0.001
31,203.1,0.001
32,203.2,0.001
33,203.3,0.002
34,203.4,0.002
35,203.5,0.002
36,203.6,0.002
37,203.7,0.002
38,203.8,0.002
39,203.9,0.002
40,204.0,0.002
41,204.1,0.001
42,204.2,0.001
43,204.3,0.0
44,204.4,0.001
45,204.5,0.007
46,204.6,0.187
47,204.7,7.945
48,204.8,350.405
49,204.9,10380.0
50,205.0,201100.0
51,205.1,2521000.0
52,205.2,20428898.742
53,205.3,107100997.101
54,205.4,363109246.631
55,205.5,795501567.438
56,205.6,1127855513.246
57,205.7,1035432592.333
58,205.8,630967440.546
59,205.9,327331851.411
60,206.0,357784838.714
61,206.1,642760168.305
62,206.2,896600000.0
63,206.3,914800000.0
64,206.4,828505504.12
65,206.5,826253016.766
66,206.6,822813914.326
67,206.7,673481202.632
68,206.8,438882527.311
69,206.9,245029000.148
70,207.0,120288727.403
71,207.1,47308079.559
72,207.2,13357821.116
73,207.3,2546355.406
74,207.4,319900.0
75,207.5,26250.0
76,207.6,1402.0
77,207.7,49.252
78,207.8,1.162
79,207.9,0.027
80,208.0,0.001
81,208.1,0.0
82,208.2,0.0
83,208.3,0.0
84,208.4,0.0
85,208.5,0.0
86,208.6,0.0
87,208.7,0.0
88,208.8,0.0
89,208.9,0.0
90,209.0,0.0
91,209.1,0.0
92,209.2,0.0
93,209.3,0.0
94,209.4,0.0
95,209.5,0.0
96,209.6,0.0
97,209.7,0.0
98,209.8,0.0
99,209.9,0.0
100,210.0,0.0
101,210.1,0.0
102,210.2,0.0
103,210.3,0.0
104,210.4,0.016
105,210.5,0.617
106,210.6,16.439
107,210.7,290.145
108,210.8,3458.135
109,210.9,27242.625
110,211.0,141979.443
111,211.1,491448.681
112,211.2,1140000.0
113,211.3,1854000.0
114,211.4,2481901.783
115,211.5,3634310.616
116,211.6,5809111.819
117,211.7,7809879.194
118,211.8,8305363.396
119,211.9,8587378.478
120,212.0,10269491.736
121,212.1,11444173.716
122,212.2,9416932.251
123,212.3,5271546.087
124,212.4,1969000.0
125,212.5,488900.0
126,212.6,80590.0
127,212.7,8817.13
128,212.8,638.863
129,212.9,29.927
130,213.0,0.928
131,213.1,0.017
132,213.2,0.0
133,213.3,0.0
134,213.4,0.0
135,213.5,0.0
136,213.6,0.0
137,213.7,0.0
138,213.8,0.0
139,213.9,0.0
140,214.0,0.0
141,214.1,0.0
142,214.2,0.0
143,214.3,0.0
144,214.4,0.0
145,214.5,0.0
146,214.6,0.0
147,214.7,0.0
148,214.8,0.0
149,214.9,0.0
150,215.0,0.0
151,215.1,0.0
152,215.2,0.0
153,215.3,0.0
154,215.4,0.0
155,215.5,0.0
156,215.6,0.0
157,215.7,0.0
158,215.8,0.0
159,215.9,0.0
160,216.0,0.0
161,216.1,0.001
162,216.2,0.001
163,216.3,0.001
164,216.4,0.001
165,216.5,0.001
166,216.6,0.001
167,216.7,0.001
168,216.8,0.001
169,216.9,0.001
170,217.0,0.001
171,217.1,0.001
172,217.2,0.001
173,217.3,0.001
174,217.4,0.001
175,217.5,0.001
176,217.6,0.001
177,217.7,0.001
178,217.8,0.001
179,217.9,0.001
180,218.0,0.001
181,218.1,0.001
182,218.2,0.001
183,218.3,0.001
184,218.4,0.001
185,218.5,0.001
186,218.6,0.001
187,218.7,0.001
188,218.8,0.001
189,218.9,0.001
190,219.0,0.001
191,219.1,0.001
192,219.2,0.001
193,219.3,0.001
194,219.4,0.001
195,219.5,0.001
196,219.6,0.001
197,219.7,0.001
198,219.8,0.001
199,219.9,0.001
200,220.0,0.001
201,220.1,0.001
202,220.2,0.001
203,220.3,0.001
204,220.4,0.001
205,220.5,0.001
206,220.6,0.001
207,220.7,0.001
208,220.8,0.001
209,220.9,0.001
210,221.0,0.001
211,221.1,0.001
212,221.2,0.0
213,221.3,0.0
214,221.4,0.0
215,221.5,0.0
216,221.6,0.0
217,221.7,0.0
218,221.8,0.0
219,221.9,0.0
220,222.0,0.0
221,222.1,0.0
222,222.2,0.008
223,222.3,0.544
224,222.4,23.61
225,222.5,681.1
226,222.6,13580.0
227,222.7,186981.965
228,222.8,1780334.581
229,222.9,11713089.472
230,223.0,53340890.818
231,223.1,167682397.565
232,223.2,364188518.979
233,223.3,546842198.474
234,223.4,567427640.115
235,223.5,406893862.254
236,223.6,201731702.539
237,223.7,69080000.001
238,223.8,16350000.0
239,223.9,2670557.218
240,224.0,301693.124
241,224.1,23551.636
242,224.2,1287.956
243,224.3,48.668
244,224.4,1.337
245,224.5,0.028
246,224.6,0.001
247,224.7,0.0
248,224.8,0.0
249,224.9,0.0
250,225.0,0.0
251,225.1,0.0
252,225.2,0.001
253,225.3,0.041
254,225.4,1.28
255,225.5,27.495
256,225.6,409.345
257,225.7,4230.664
258,225.8,30658.843
259,225.9,155031.426
260,226.0,546915.982
261,226.1,1352527.772
262,226.2,2379000.0
263,226.3,3176000.0
264,226.4,3935459.266
265,226.5,5808461.143
266,226.6,9222785.448
267,226.7,13416788.269
268,226.8,26528121.728
269,226.9,104834516.36
270,227.0,441265630.978
271,227.1,1398153761.6
272,227.2,3146194407.119
273,227.3,4982429381.604
274,227.4,5536000000.006
275,227.5,4310000000.029
276,227.6,2350000000.029
277,227.7,898051668.921
278,227.8,242307176.777
279,227.9,51609907.855
280,228.0,19666344.609
281,228.1,20191258.689
282,228.2,19689113.025
283,228.3,13800570.593
284,228.4,6797679.545
285,228.5,2370490.545
286,228.6,685467.161
287,228.7,537700.0
288,228.8,1190000.0
289,228.9,2219723.527
290,229.0,2938870.562
291,229.1,2739188.341
292,229.2,1796819.872
293,229.3,829490.847
294,229.4,269477.089
295,229.5,61566.14
296,229.6,9884.728
297,229.7,1120.081
298,229.8,89.253
299,229.9,5.01
300,230.0,0.198
301,230.1,0.008
302,230.2,0.101
303,230.3,2.682
304,230.4,50.303
305,230.5,673.026
306,230.6,6343.535
307,230.7,42253.549
308,230.8,199531.36
309,230.9,667985.478
310,231.0,1590126.543
311,231.1,2734647.978
312,231.2,3610000.0
313,231.3,4417000.0
314,231.4,6371824.618
315,231.5,9901117.354
316,231.6,12978700.533
317,231.7,13328716.896
318,231.8,12224898.974
319,231.9,13259588.058
320,232.0,16795122.9
321,232.1,18618032.746
322,232.2,15468489.212
323,232.3,9239245.136
324,232.4,3982000.0
325,232.5,1457000.0
326,232.6,1121000.0
327,232.7,1998019.502
328,232.8,3157398.83
329,232.9,3617100.634
330,233.0,2988743.333
331,233.1,1945403.94
332,233.2,1631427.702
333,233.3,2809833.132
334,233.4,5303615.356
335,233.5,7641221.903
336,233.6,7961771.675
337,233.7,5963000.0
338,233.8,3208000.0
339,233.9,1240936.163
340,234.0,347310.739
341,234.1,93199.824
342,234.2,154655.815
343,234.3,612048.456
344,234.4,1844298.617
345,234.5,3981234.907
346,234.6,6151159.576
347,234.7,6800512.929
348,234.8,5380855.187
349,234.9,3048000.0
350,235.0,1245000.0
351,235.1,409500.0
352,235.2,240239.029
353,235.3,392165.685
354,235.4,628540.529
355,235.5,740930.269
356,235.6,627405.342
357,235.7,381129.355
358,235.8,166187.404
359,235.9,53239.438
360,236.0,21754.417
361,236.1,56784.823
362,236.2,218700.0
363,236.3,642700.0
364,236.4,1412920.433
365,236.5,2347386.875
366,236.6,2982591.325
367,236.7,2916731.168
368,236.8,2199103.769
369,236.9,1271694.722
370,237.0,560169.372
371,237.1,196592.26
372,237.2,96581.797
373,237.3,159496.434
374,237.4,321900.0
375,237.5,490500.0
376,237.6,541100.0
377,237.7,432006.334
378,237.8,260603.193
379,237.9,183023.488
380,238.0,379142.885
381,238.1,1097676.444
382,238.2,2489305.725
383,238.3,4167215.351
384,238.4,5223770.31
385,238.5,5074118.218
386,238.6,4055423.044
387,238.7,2924000.0
388,238.8,2154000.0
389,238.9,1769767.729
390,239.0,1499158.752
391,239.1,1105496.889
392,239.2,635198.393
393,239.3,271070.037
394,239.4,84446.077
395,239.5,19110.202
396,239.6,3127.053
397,239.7,372.084
398,239.8,32.049
399,239.9,2.213
400,240.0,5.08
401,240.1,84.72
402,240.2,1046.412
403,240.3,9420.051
404,240.4,61684.157
405,240.5,294694.02
406,240.6,1023591.622
407,240.7,2589307.926
408,240.8,4768554.129
409,240.9,6393445.501
410,241.0,6240957.063
411,241.1,4436005.618
412,241.2,2296000.0
413,241.3,865000.0
414,241.4,237275.762
415,241.5,47381.301
416,241.6,6890.333
417,241.7,730.304
418,241.8,56.154
419,241.9,3.235
420,242.0,3.876
421,242.1,71.066
422,242.2,994.812
423,242.3,10039.492
424,242.4,74050.0
425,242.5,399600.0
426,242.6,1578000.0
427,242.7,4560751.876
428,242.8,9646569.947
429,242.9,14935534.238
430,243.0,16918057.601
431,243.1,14033449.59
432,243.2,8519419.628
433,243.3,3814954.493
434,243.4,1434064.959
435,243.5,1228432.782
436,243.6,3183307.759
437,243.7,7696000.0
438,243.8,13850000.0
439,243.9,18299392.729
440,244.0,17744325.296
441,244.1,12618602.499
442,244.2,6586976.509
443,244.3,2521472.756
444,244.4,707991.941
445,244.5,145788.19
446,244.6,21979.275
447,244.7,2440.491
448,244.8,198.64
449,244.9,11.87
450,245.0,0.52
451,245.1,0.017
452,245.2,0.0
453,245.3,0.0
454,245.4,0.0
455,245.5,0.0
456,245.6,0.0
457,245.7,0.0
458,245.8,0.0
459,245.9,0.0
460,246.0,0.0
461,246.1,0.0
462,246.2,0.0
463,246.3,0.0
464,246.4,0.0
465,246.5,0.0
466,246.6,0.0
467,246.7,0.0
468,246.8,0.0
469,246.9,0.014
470,247.0,0.343
471,247.1,5.76
472,247.2,72.459
473,247.3,666.749
474,247.4,4540.0
475,247.5,22910.0
476,247.6,85650.0
477,247.7,237244.634
478,247.8,487128.983
479,247.9,741084.588
480,248.0,835533.44
481,248.1,697995.406
482,248.2,432103.71
483,248.3,198248.352
484,248.4,67391.303
485,248.5,17075.711
486,248.6,4212.648
487,248.7,8328.0
488,248.8,44170.0
489,248.9,183953.672
490,249.0,573078.874
491,249.1,1345834.855
492,249.2,2427995.977
493,249.3,3519636.697
494,249.4,4445425.711
495,249.5,5326741.941
496,249.6,6102429.979
497,249.7,6226825.249
498,249.8,5348143.558
499,249.9,3978000.0
500,250.0,3035000.0
501,250.1,3051000.0
502,250.2,4007784.991
503,250.3,5476823.213
504,250.4,6676078.992
505,250.5,6827007.815
506,250.6,5853971.926
507,250.7,4539383.413
508,250.8,3669852.869
509,250.9,3237147.342
510,251.0,2755465.706
511,251.1,2079397.316
512,251.2,1526000.0
513,251.3,1332000.0
514,251.4,1329293.2
515,251.5,1198191.491
516,251.6,853623.174
517,251.7,460704.874
518,251.8,186363.618
519,251.9,56423.804
520,252.0,13459.115
521,252.1,8246.554
522,252.2,39036.194
523,252.3,184075.667
524,252.4,655000.0
525,252.5,1746000.0
526,252.6,3490000.0
527,252.7,5226192.371
528,252.8,5865182.479
529,252.9,4932770.247
530,253.0,3109689.326
531,253.1,1468736.582
532,253.2,520188.39
533,253.3,139154.474
534,253.4,34668.309
535,253.5,36125.621
536,253.6,108469.651
537,253.7,293900.0
538,253.8,823600.0
539,253.9,3457733.745
540,254.0,18263297.956
541,254.1,84323117.599
542,254.2,301398674.929
543,254.3,814592858.498
544,254.4,1657818238.826
545,254.5,2540514170.775
546,254.6,2939805522.424
547,254.7,2622697436.366
548,254.8,2064832709.892
549,254.9,2308999999.968
550,255.0,4440999999.897
551,255.1,8740999999.842
552,255.2,13722564798.894
553,255.3,16555194637.984
554,255.4,15532048878.457
555,255.5,11862231617.131
556,255.6,8102479300.819
557,255.7,5844890005.337
558,255.8,5443955734.855
559,255.9,6726509080.226
560,256.0,8853925403.475
561,256.1,10329188612.395
562,256.2,10170000000.031
563,256.3,8659000000.062
564,256.4,6600145056.469
565,256.5,4480565524.765
566,256.6,2587990297.075
567,256.7,1208067384.673
568,256.8,440837830.189
569,256.9,123962308.615
570,257.0,27997450.186
571,257.1,7329475.313
572,257.2,4632087.678
573,257.3,4199858.728
574,257.4,3287000.0
575,257.5,2310000.0
576,257.6,1996000.0
577,257.7,2437434.817
578,257.8,3084030.087
579,257.9,3272453.057
580,258.0,2777198.727
581,258.1,1906443.614
582,258.2,1156453.988
583,258.3,813756.615
584,258.4,841312.337
585,258.5,1017271.0
586,258.6,1171479.641
587,258.7,1320000.0
588,258.8,1612000.0
589,258.9,2237445.991
590,259.0,3364735.95
591,259.1,4868601.163
592,259.2,6043969.074
593,259.3,6008974.251
594,259.4,4636119.199
595,259.5,2740599.605
596,259.6,1235825.953
597,259.7,424345.525
598,259.8,114684.939
599,259.9,42010.0
600,260.0,77390.0
601,260.1,208500.0
602,260.2,446261.255
603,260.3,738443.684
604,260.4,1023148.292
605,260.5,1771211.7
606,260.6,5926365.989
607,260.7,23810915.579
608,260.8,79322534.627
609,260.9,203812108.494
610,261.0,400379568.52
611,261.1,600472160.748
612,261.2,687300000.0
613,261.3,600500000.006
614,261.4,400479971.427
615,261.5,203810955.163
616,261.6,79371319.527
617,261.7,23915827.634
618,261.8,6096744.783
619,261.9,2086774.583
620,262.0,1667207.323
621,262.1,1913027.843
622,262.2,2231398.168
623,262.3,2481224.353
624,262.4,2590000.0
625,262.5,2554000.0
626,262.6,2408000.0
627,262.7,2156104.022
628,262.8,1814228.45
629,262.9,1461747.537
630,263.0,1159968.134
631,263.1,887735.378
632,263.2,606165.19
633,263.3,343405.404
634,263.4,154488.997
635,263.5,54080.759
636,263.6,14597.098
637,263.7,3037.0
638,263.8,504.4
639,263.9,95.607
640,264.0,51.426
641,264.1,44.005
642,264.2,32.008
643,264.3,22.996
644,264.4,98.791
645,264.5,1235.694
646,264.6,12659.845
647,264.7,100609.558
648,264.8,612071.369
649,264.9,2866000.0
650,265.0,10330000.0
651,265.1,28659999.999
652,265.2,61288029.12
653,265.3,101258778.502
654,265.4,130439991.345
655,265.5,135631830.653
656,265.6,125241425.875
657,265.7,122402043.81
658,265.8,136584330.036
659,265.9,150838811.017
660,266.0,141782682.019
661,266.1,108462469.848
662,266.2,75640000.001
663,266.3,74479999.999
664,266.4,125552706.362
665,266.5,227250276.457
666,266.6,349869037.965
667,266.7,447449534.227
668,266.8,488933095.808
669,266.9,481937704.947
670,267.0,463987617.023
671,267.1,469135550.506
672,267.2,490828378.915
673,267.3,482502613.678
674,267.4,406900000.004
675,267.5,279900000.005
676,267.6,153800000.004
677,267.7,67203443.388
678,267.8,23898973.343
679,267.9,7709398.596
680,268.0,3020875.886
681,268.1,1723817.887
682,268.2,1111028.123
683,268.3,643967.183
684,268.4,311431.345
685,268.5,128963.965
686,268.6,74158.947
687,268.7,140000.0
688,268.8,385600.0
689,268.9,951578.153
690,269.0,2017934.359
691,269.1,3652478.644
692,269.2,5571692.388
693,269.3,7223513.565
694,269.4,8858252.458
695,269.5,13517202.71
696,269.6,28088172.335
697,269.7,59915672.863
698,269.8,107366363.442
699,269.9,152399999.999
700,270.0,169200000.0
701,270.1,146900000.002
702,270.2,100695197.762
703,270.3,56448408.418
704,270.4,30165271.891
705,270.5,22788584.824
706,270.6,27313947.221
707,270.7,35325144.662
708,270.8,40760720.197
709,270.9,42532253.005
710,271.0,43410367.788
711,271.1,44724207.767
712,271.2,43590000.0
713,271.3,36730000.0
714,271.4,25384438.39
715,271.5,14248676.728
716,271.6,6772385.272
717,271.7,3061604.417
718,271.8,1511923.99
719,271.9,801307.558
720,272.0,402660.156
721,272.1,222078.229
722,272.2,318661.695
723,272.3,891819.382
724,272.4,2257000.0
725,272.5,4515000.0
726,272.6,7076000.0
727,272.7,8749676.781
728,272.8,8871859.436
729,272.9,8670447.492
730,273.0,11900095.101
731,273.1,25022440.955
732,273.2,56678322.81
733,273.3,113500302.623
734,273.4,190442637.533
735,273.5,262812267.412
736,273.6,296113005.436
737,273.7,273200000.002
738,273.8,211300000.003
739,273.9,147044700.834
740,274.0,103404854.98
741,274.1,79723178.74
742,274.2,67183196.312
743,274.3,66752348.384
744,274.4,86510695.177
745,274.5,126211819.949
746,274.6,167718507.537
747,274.7,184588499.947
748,274.8,163175079.808
749,274.9,114900000.002
750,275.0,64740000.002
751,275.1,30250000.001
752,275.2,13488962.248
753,275.3,7717939.916
754,275.4,6268285.564
755,275.5,5951351.155
756,275.6,6040381.93
757,275.7,6316343.462
758,275.8,6284637.88
759,275.9,5679234.146
760,276.0,4927127.362
761,276.1,4692300.981
762,276.2,5142000.0
763,276.3,5851000.0
764,276.4,6245702.05
765,276.5,6009541.309
766,276.6,5316628.089
767,276.7,4863516.183
768,276.8,5427481.745
769,276.9,7044217.785
770,277.0,8651889.583
771,277.1,8873297.299
772,277.2,7279086.878
773,277.3,4721746.629
774,277.4,2448000.0
775,277.5,1233000.0
776,277.6,1735000.0
777,277.7,6305597.77
778,277.8,21961557.609
779,277.9,62149353.505
780,278.0,140907846.757
781,278.1,254666004.44
782,278.2,366186132.8
783,278.3,419623217.42
784,278.4,388816555.59
785,278.5,311427621.178
786,278.6,265051207.313
787,278.7,307599999.996
788,278.8,431299999.994
789,278.9,561359629.014
790,279.0,605202269.235
791,279.1,523988020.891
792,279.2,361176216.839
793,279.3,197534631.631
794,279.4,85815409.179
795,279.5,31196280.679
796,279.6,16861580.684
797,279.7,34974734.428
798,279.8,98285414.631
799,279.9,228199999.992
800,280.0,419999999.991
801,280.1,611499999.993
802,280.2,703964411.739
803,280.3,640828094.587
804,280.4,461352823.05
805,280.5,262640093.214
806,280.6,118258707.041
807,280.7,42088168.328
808,280.8,11849416.998
809,280.9,2638481.573
810,281.0,467379.133
811,281.1,95438.79
812,281.2,246200.0
813,281.3,1463000.0
814,281.4,7119401.741
815,281.5,27655300.091
816,281.6,86124045.242
817,281.7,216892522.224
818,281.8,447915895.709
819,281.9,773861085.316
820,282.0,1146652367.365
821,282.1,1487434977.998
822,282.2,1710092470.337
823,282.3,1765228325.499
824,282.4,1694000000.004
825,282.5,1628000000.001
826,282.6,1646999999.998
827,282.7,1668514708.55
828,282.8,1526750588.257
829,282.9,1175250435.655
830,283.0,743373704.531
831,283.1,415909956.461
832,283.2,307507330.694
833,283.3,453184489.124
834,283.4,822547136.027
835,283.5,1288031297.793
836,283.6,1628901525.075
837,283.7,1660000000.007
838,283.8,1389000000.017
839,283.9,1005678163.19
840,284.0,706329836.906
841,284.1,563572903.552
842,284.2,539097960.499
843,284.3,554046193.537
844,284.4,538385414.231
845,284.5,462969939.274
846,284.6,359329699.482
847,284.7,299479440.917
848,284.8,339451332.504
849,284.9,470599999.993
850,285.0,616299999.994
851,285.1,680600000.0
852,285.2,618126273.386
853,285.3,464949735.803
854,285.4,301831171.118
855,285.5,193112598.72
856,285.6,154175869.539
857,285.7,163877557.018
858,285.8,196701363.001
859,285.9,247949492.906
860,286.0,327974283.06
861,286.1,434519394.94
862,286.2,535099999.996
863,286.3,590399999.999
864,286.4,598463484.746
865,286.5,604460433.953
866,286.6,652125291.408
867,286.7,730305812.068
868,286.8,783454136.471
869,286.9,773784263.836
870,287.0,709925925.981
871,287.1,616312887.984
872,287.2,503298022.206
873,287.3,376531241.43
874,287.4,254200000.006
875,287.5,158400000.004
876,287.6,99230000.002
877,287.7,74361202.5
878,287.8,75627617.866
879,287.9,92345199.472
880,288.0,111522882.814
881,288.1,120475364.909
882,288.2,111499142.558
883,288.3,86449477.93
884,288.4,55707467.609
885,288.5,30307812.942
886,288.6,15475454.448
887,288.7,10060000.0
888,288.8,10090000.0
889,288.9,11843826.246
890,289.0,12996571.974
891,289.1,12933664.537
892,289.2,12356356.305
893,289.3,12553787.302
894,289.4,15031236.938
895,289.5,22226557.452
896,289.6,37402708.362
897,289.7,61384993.902
898,289.8,87980401.549
899,289.9,104600000.0
900,290.0,101300000.001
901,290.1,79280000.001
902,290.2,50176298.627
903,290.3,26013065.701
904,290.4,11755240.415
905,290.5,5768581.884
906,290.6,4534840.218
907,290.7,6270143.019
908,290.8,12609214.76
909,290.9,29323291.281
910,291.0,65101566.315
911,291.1,124970092.681
912,291.2,199299999.996
913,291.3,259599999.998
914,291.4,274279526.1
915,291.5,234257609.603
916,291.6,161848739.696
917,291.7,91501838.844
918,291.8,46106425.106
919,291.9,29434863.274
920,292.0,34131285.453
921,292.1,49114398.207
922,292.2,62554426.088
923,292.3,65163714.025
924,292.4,54870000.001
925,292.5,37470000.001
926,292.6,21470000.001
927,292.7,12488126.099
928,292.8,11968464.681
929,292.9,18718278.746
930,293.0,30171049.566
931,293.1,43375497.549
932,293.2,57236806.004
933,293.3,73568671.654
934,293.4,93319777.587
935,293.5,110861154.458
936,293.6,115511548.152
937,293.7,101000000.001
938,293.8,72500000.002
939,293.9,42291082.944
940,294.0,19969818.236
941,294.1,7625565.222
942,294.2,2351937.852
943,294.3,585523.46
944,294.4,118067.061
945,294.5,23210.225
946,294.6,28280.664
947,294.7,131555.701
948,294.8,540749.444
949,294.9,1802000.0
950,295.0,4863000.0
951,295.1,10620000.0
952,295.2,18787938.205
953,295.3,26907880.948
954,295.4,31183763.139
955,295.5,29273977.7
956,295.6,22247383.73
957,295.7,13689711.565
958,295.8,6829264.579
959,295.9,2819585.595
960,296.0,1226436.865
961,296.1,1483575.993
962,296.2,3888000.0
963,296.3,9622000.0
964,296.4,19655976.158
965,296.5,32975759.99
966,296.6,46226500.673
967,296.7,56773483.518
968,296.8,68005350.57
969,296.9,90675860.827
970,297.0,135167990.494
971,297.1,198265899.551
972,297.2,257954916.657
973,297.3,285924055.686
974,297.4,270600000.002
975,297.5,229100000.002
976,297.6,199400000.001
977,297.7,219821970.931
978,297.8,305106204.806
979,297.9,429652026.114
980,298.0,532642629.509
981,298.1,556878737.602
982,298.2,495611073.232
983,298.3,402493474.642
984,298.4,356536660.529
985,298.5,424799958.464
986,298.6,650449242.339
987,298.7,1037999999.975
988,298.8,1509999999.974
989,298.9,1886939328.003
990,299.0,1969917795.367
991,299.1,1696242296.791
992,299.2,1198622097.242
993,299.3,695267796.651
994,299.4,334516818.604
995,299.5,139201710.21
996,299.6,57326385.136
997,299.7,30468741.561
998,299.8,23277474.478
999,299.9,21560000.0
1000,300.0,21390000.0
1001,300.1,21540000.0
1002,300.2,21173647.755
1003,300.3,20005157.183
1004,300.4,18490499.036
1005,300.5,16903412.85
1006,300.6,14842150.878
1007,300.7,11852300.618
1008,300.8,8361047.322
1009,300.9,5725417.343
1010,301.0,5947083.389
1011,301.1,11836753.384
1012,301.2,27159999.999
1013,301.3,54939999.998
1014,301.4,93707389.954
1015,301.5,135626837.824
1016,301.6,171181332.494
1017,301.7,197603269.404
1018,301.8,219846063.439
1019,301.9,240807722.784
1020,302.0,252639349.224
1021,302.1,242956021.753
1022,302.2,208036567.946
1023,302.3,157152616.184
1024,302.4,105800000.003
1025,302.5,64880000.002
1026,302.6,38160000.001
1027,302.7,24413412.9
1028,302.8,20919645.931
1029,302.9,24489713.983
1030,303.0,30940072.094
1031,303.1,35599038.135
1032,303.2,35742901.533
1033,303.3,33238259.155
1034,303.4,36567432.664
1035,303.5,63924288.224
1036,303.6,146723203.305
1037,303.7,323799999.986
1038,303.8,611999999.98
1039,303.9,963475161.013
1040,304.0,1261053033.863
1041,304.1,1396418785.653
1042,304.2,1379481874.093
1043,304.3,1355010726.318
1044,304.4,1480235100.168
1045,304.5,1753559542.014
1046,304.6,1993627664.443
1047,304.7,1992137100.41
1048,304.8,1722379390.171
1049,304.9,1384000000.016
1050,305.0,1262999999.997
1051,305.1,1512999999.974
1052,305.2,2040972088.261
1053,305.3,2533417959.741
1054,305.4,2662775188.16
1055,305.5,2317408469.441
1056,305.6,1664324473.795
1057,305.7,996699910.257
1058,305.8,525384377.053
1059,305.9,302058076.866
1060,306.0,286139962.421
1061,306.1,451666254.699
1062,306.2,831799999.97
1063,306.3,1464999999.954
1064,306.4,2270854002.594
1065,306.5,2981984907.655
1066,306.6,3259767344.786
1067,306.7,2944453477.671
1068,306.8,2191506719.871
1069,306.9,1342505451.019
1070,307.0,679089755.946
1071,307.1,291359616.925
1072,307.2,124918092.28
1073,307.3,88096156.809
1074,307.4,110199999.998
1075,307.5,146099999.998
1076,307.6,166300000.0
1077,307.7,156784654.622
1078,307.8,121697125.965
1079,307.9,77734042.585
1080,308.0,40880284.115
1081,308.1,17691011.672
1082,308.2,6300586.415
1083,308.3,1846986.799
1084,308.4,445703.29
1085,308.5,88442.195
1086,308.6,14451.257
1087,308.7,1945.0
1088,308.8,215.3
1089,308.9,19.472
1090,309.0,1.458
1091,309.1,0.09
1092,309.2,0.007
1093,309.3,0.054
1094,309.4,0.932
1095,309.5,13.43
1096,309.6,157.355
1097,309.7,1536.288
1098,309.8,12303.657
1099,309.9,81330.0
1100,310.0,444200.0
1101,310.1,2005000.0
1102,310.2,7476970.044
1103,310.3,23043738.166
1104,310.4,58680427.131
1105,310.5,123525925.357
1106,310.6,214721664.706
1107,310.7,308547203.326
1108,310.8,366319414.876
1109,310.9,359406284.579
1110,311.0,291358741.697
1111,311.1,195405977.053
1112,311.2,109200000.005
1113,311.3,53790000.002
1114,311.4,33114344.535
1115,311.5,45792367.472
1116,311.6,94547194.996
1117,311.7,183029635.572
1118,311.8,304033879.463
1119,311.9,429475456.548
1120,312.0,517100781.712
1121,312.1,532381554.456
1122,312.2,471342047.044
1123,312.3,366148468.77
1124,312.4,268700000.005
1125,312.5,226200000.0
1126,312.6,262599999.995
1127,312.7,368068266.478
1128,312.8,500712837.488
1129,312.9,609993300.983
1130,313.0,672690074.873
1131,313.1,707943684.479
1132,313.2,746940798.801
1133,313.3,789628070.673
1134,313.4,803413944.297
1135,313.5,771202294.751
1136,313.6,729275435.73
1137,313.7,747199999.996
1138,313.8,862999999.99
1139,313.9,1035523941.546
1140,314.0,1156189714.195
1141,314.1,1127593525.295
1142,314.2,932208187.985
1143,314.3,646241215.868
1144,314.4,373720711.241
1145,314.5,179944088.934
1146,314.6,72383763.25
1147,314.7,24887323.09
1148,314.8,8100250.578
1149,314.9,3343000.0
1150,315.0,2147000.0
1151,315.1,1704000.0
1152,315.2,1460424.331
1153,315.3,1462905.427
1154,315.4,1726016.018
1155,315.5,2072627.993
1156,315.6,2238319.801
1157,315.7,2065755.853
1158,315.8,1622850.771
1159,315.9,1146501.196
1160,316.0,886216.533
1161,316.1,989484.448
1162,316.2,1440000.0
1163,316.3,2054000.0
1164,316.4,2534426.625
1165,316.5,2624092.37
1166,316.6,2263623.873
1167,316.7,1625382.762
1168,316.8,970712.012
1169,316.9,482409.287
1170,317.0,199432.532
1171,317.1,68569.022
1172,317.2,19618.448
1173,317.3,4668.347
1174,317.4,924.4
1175,317.5,152.3
1176,317.6,20.89
1177,317.7,2.771
1178,317.8,5.543
1179,317.9,59.978
1180,318.0,567.681
1181,318.1,4471.221
1182,318.2,29301.15
1183,318.3,160594.207
1184,318.4,734176.624
1185,318.5,2799578.299
1186,318.6,8913515.698
1187,318.7,23679999.999
1188,318.8,52479999.997
1189,318.9,97060035.187
1190,319.0,149901378.702
1191,319.1,193187888.02
1192,319.2,208282395.543
1193,319.3,189126206.508
1194,319.4,149487733.994
1195,319.5,115657177.409
1196,319.6,113035201.287
1197,319.7,153760127.094
1198,319.8,228945240.302
1199,319.9,308799999.995
1200,320.0,354699999.999
1201,320.1,341700000.003
1202,320.2,275243647.7
1203,320.3,185251639.12
1204,320.4,104159013.685
1205,320.5,48908400.59
1206,320.6,19185644.063
1207,320.7,6285052.956
1208,320.8,1719663.166
1209,320.9,393307.536
1210,321.0,75082.025
1211,321.1,11968.563
1212,321.2,1596.0
1213,321.3,177.6
1214,321.4,16.378
1215,321.5,1.271
1216,321.6,0.082
1217,321.7,0.005
1218,321.8,0.0
1219,321.9,0.0
1220,322.0,0.0
1221,322.1,0.0
1222,322.2,0.0
1223,322.3,0.002
1224,322.4,0.023
1225,322.5,0.278
1226,322.6,2.844
1227,322.7,24.365
1228,322.8,175.175
1229,322.9,1056.009
1230,323.0,5355.966
1231,323.1,22761.422
1232,323.2,81132.238
1233,323.3,242698.949
1234,323.4,609185.751
1235,323.5,1282590.984
1236,323.6,2267571.409
1237,323.7,3362000.0
1238,323.8,4184000.0
1239,323.9,4368075.699
1240,324.0,3828521.254
1241,324.1,2814453.041
1242,324.2,1736878.478
1243,324.3,899505.038
1244,324.4,390973.781
1245,324.5,142874.519
1246,324.6,45864.125
1247,324.7,24207.209
1248,324.8,65638.11
1249,324.9,258900.0
1250,325.0,887800.0
1251,325.1,2563000.0
1252,325.2,6217524.574
1253,325.3,12682671.111
1254,325.4,21729889.851
1255,325.5,31303586.111
1256,325.6,37893297.014
1257,325.7,38563904.373
1258,325.8,32977821.934
1259,325.9,23703270.657
1260,326.0,14323793.199
1261,326.1,7319194.634
1262,326.2,3347000.0
1263,326.3,2137000.0
1264,326.4,3946165.405
1265,326.5,10833102.227
1266,326.6,27090828.429
1267,326.7,57928281.269
1268,326.8,106122174.233
1269,326.9,168719951.522
1270,327.0,237480040.01
1271,327.1,303557258.897
1272,327.2,360244436.114
1273,327.3,399529983.0
1274,327.4,409000000.001
1275,327.5,377100000.004
1276,327.6,305700000.006
1277,327.7,214046009.538
1278,327.8,128001469.545
1279,327.9,64903861.323
1280,328.0,27839467.819
1281,328.1,10071597.445
1282,328.2,3072310.593
1283,328.3,789880.589
1284,328.4,171040.183
1285,328.5,31177.823
1286,328.6,4782.571
1287,328.7,619.0
1288,328.8,67.39
1289,328.9,6.132
1290,329.0,0.473
1291,329.1,0.031
1292,329.2,0.002
1293,329.3,0.0
1294,329.4,0.0
1295,329.5,0.001
1296,329.6,0.023
1297,329.7,0.355
1298,329.8,4.652
1299,329.9,51.64
1300,330.0,486.5
1301,330.1,3889.0
1302,330.2,26393.866
1303,330.3,152102.249
1304,330.4,744946.697
1305,330.5,3105944.277
1306,330.6,11003599.197
1307,330.7,33184024.003
1308,330.8,85153976.254
1309,330.9,186034856.072
1310,331.0,346091859.154
1311,331.1,549095677.923
1312,331.2,743499999.988
1313,331.3,862299999.995
1314,331.4,862670996.558
1315,331.5,757463137.508
1316,331.6,606105307.118
1317,331.7,475620391.97
1318,331.8,403030932.901
1319,331.9,385409044.565
1320,332.0,392736949.705
1321,332.1,388895746.499
1322,332.2,350851482.491
1323,332.3,278740258.954
1324,332.4,192800000.006
1325,332.5,119500000.004
1326,332.6,78240000.002
1327,332.7,79389859.881
1328,332.8,126038256.729
1329,332.9,212652441.982
1330,333.0,318865763.499
1331,333.1,408245092.474
1332,333.2,443478376.11
1333,333.3,408107737.379
1334,333.4,318266867.587
1335,333.5,210740307.706
1336,333.6,120072895.417
1337,333.7,64970000.003
1338,333.8,50420000.0
1339,333.9,79457891.626
1340,334.0,158123917.457
1341,334.1,287488219.563
1342,334.2,447834314.021
1343,334.3,592781414.396
1344,334.4,666703245.498
1345,334.5,642423810.263
1346,334.6,553894658.721
1347,334.7,514762317.55
1348,334.8,739950069.261
1349,334.9,1581999999.901
1350,335.0,3515999999.798
1351,335.1,6927999999.677
1352,335.2,11681601968.819
1353,335.3,16768151827.164
1354,335.4,20471087539.81
1355,335.5,21341900595.169
1356,335.6,19179558326.767
1357,335.7,15271498293.847
1358,335.8,11521303439.463
1359,335.9,9217446098.43
1360,336.0,8519440099.055
1361,336.1,8656952204.787
1362,336.2,8659000000.024
1363,336.3,7967000000.083
1364,336.4,6676981059.213
1365,336.5,5393272552.41
1366,336.6,4835182721.782
1367,336.7,5473414947.267
1368,336.8,7345947113.979
1369,336.9,10091489713.339
1370,337.0,13110063545.604
1371,337.1,15683044753.281
1372,337.2,17076401466.238
1373,337.3,16729815251.348
1374,337.4,14560000000.227
1375,337.5,11180000000.288
1376,337.6,7593000000.264
1377,337.7,4687577525.738
1378,337.8,2832431266.367
1379,337.9,1872085937.213
1380,338.0,1413019895.513
1381,338.1,1118935698.973
1382,338.2,834992515.546
1383,338.3,552133607.987
1384,338.4,315763022.073
1385,338.5,154792121.686
1386,338.6,64837223.349
1387,338.7,23180000.002
1388,338.8,7069000.001
1389,338.9,1836769.951
1390,339.0,407159.069
1391,339.1,76917.0
1392,339.2,12388.069
1393,339.3,1696.457
1394,339.4,196.91
1395,339.5,19.628
1396,339.6,1.653
1397,339.7,0.12
1398,339.8,0.007
1399,339.9,0.0
1400,340.0,0.0
1401,340.1,0.0
1402,340.2,0.0
1403,340.3,0.0
1404,340.4,0.0
1405,340.5,0.0
1406,340.6,0.0
1407,340.7,0.0
1408,340.8,0.0
1409,340.9,0.0
1410,341.0,0.0
1411,341.1,0.0
1412,341.2,0.0
1413,341.3,0.0
1414,341.4,0.0
1415,341.5,0.0
1416,341.6,0.0
1417,341.7,0.0
1418,341.8,0.0
1419,341.9,0.0
1420,342.0,0.0
1421,342.1,0.0
1422,342.2,0.0
1423,342.3,0.0
1424,342.4,0.0
1425,342.5,0.0
1426,342.6,0.0
1427,342.7,0.0
1428,342.8,0.0
1429,342.9,0.0
1430,343.0,0.0
1431,343.1,0.0
1432,343.2,0.0
1433,343.3,0.0
1434,343.4,0.0
1435,343.5,0.0
1436,343.6,0.0
1437,343.7,0.0
1438,343.8,0.0
1439,343.9,0.0
1440,344.0,0.0
1441,344.1,0.0
1442,344.2,0.0
1443,344.3,0.0
1444,344.4,0.0
1445,344.5,0.0
1446,344.6,0.0
1447,344.7,0.0
1448,344.8,0.0
1449,344.9,0.0
1450,345.0,0.0
1451,345.1,0.0
1452,345.2,0.0
1453,345.3,0.0
1454,345.4,0.0
1455,345.5,0.0
1456,345.6,0.0
1457,345.7,0.0
1458,345.8,0.0
1459,345.9,0.0
1460,346.0,0.0
1461,346.1,0.0
1462,346.2,0.0
1463,346.3,0.0
1464,346.4,0.0
1465,346.5,0.0
1466,346.6,0.0
1467,346.7,0.0
1468,346.8,0.0
1469,346.9,0.0
1470,347.0,0.0
1471,347.1,0.0
1472,347.2,0.0
1473,347.3,0.0
1474,347.4,0.0
1475,347.5,0.0
1476,347.6,0.0
1477,347.7,0.0
1478,347.8,0.0
1479,347.9,0.0
1480,348.0,0.0
1481,348.1,0.0
1482,348.2,0.0
1483,348.3,0.0
1484,348.4,0.0
1485,348.5,0.0
1486,348.6,0.0
1487,348.7,0.0
1488,348.8,0.0
1489,348.9,0.0
1490,349.0,0.0
1491,349.1,0.0
1492,349.2,0.0
1493,349.3,0.0
1494,349.4,0.0
1495,349.5,0.0
1496,349.6,0.0
1497,349.7,0.0
1498,349.8,0.0
1499,349.9,0.0
1500,350.0,0.0
1501,350.1,0.0
1502,350.2,0.0
1503,350.3,0.0
1504,350.4,0.0
1505,350.5,0.0
1506,350.6,0.0
1507,350.7,0.0
1508,350.8,0.0
1509,350.9,0.0
1510,351.0,0.0
1511,351.1,0.0
1512,351.2,0.0
1513,351.3,0.0
1514,351.4,0.0
1515,351.5,0.0
1516,351.6,0.0
1517,351.7,0.001
1518,351.8,0.025
1519,351.9,0.369
1520,352.0,4.714
1521,352.1,51.272
1522,352.2,485.777
1523,352.3,3942.719
1524,352.4,27580.0
1525,352.5,166500.0
1526,352.6,867100.0
1527,352.7,3897240.344
1528,352.8,15122859.939
1529,352.9,50620012.66
1530,353.0,146254617.832
1531,353.1,364664642.969
1532,353.2,784688569.434
1533,353.3,1457488060.65
1534,353.4,2334782380.498
1535,353.5,3229035725.872
1536,353.6,3853288107.341
1537,353.7,3969000000.015
1538,353.8,3527000000.059
1539,353.9,2705174131.135
1540,354.0,1791248686.582
1541,354.1,1023070168.547
1542,354.2,504332037.447
1543,354.3,214589400.288
1544,354.4,78721294.843
1545,354.5,24951644.862
1546,354.6,6829693.919
1547,354.7,1682116.589
1548,354.8,745597.292
1549,354.9,2128000.0
1550,355.0,8874999.999
1551,355.1,32839999.996
1552,355.2,105160770.573
1553,355.3,291061708.188
1554,355.4,696827294.58
1555,355.5,1442061205.775
1556,355.6,2580366008.082
1557,355.7,3992899347.653
1558,355.8,5341603076.24
1559,355.9,6182060511.498
1560,356.0,6198906449.722
1561,356.1,5413083365.242
1562,356.2,4200000000.111
1563,356.3,3096000000.079
1564,356.4,2557468739.742
1565,356.5,2823837499.879
1566,356.6,3918487871.688
1567,356.7,5777407538.444
1568,356.8,8416412066.431
1569,356.9,12034273384.09
1570,357.0,16867464854.461
1571,357.1,22745149748.356
1572,357.2,28783999153.436
1573,357.3,33595564856.007
1574,357.4,35979999999.911
1575,357.5,35660000000.137
1576,357.6,33270000000.278
1577,357.7,29816143229.601
1578,357.8,26188491595.791
1579,357.9,22920804579.582
1580,358.0,20165570751.096
1581,358.1,17732710113.75
1582,358.2,15224051430.401
1583,358.3,12396626947.759
1584,358.4,9385014932.826
1585,358.5,6713345699.448
1586,358.6,4977438392.281
1587,358.7,4512999999.984
1588,358.8,5224999999.895
1589,358.9,6616193954.452
1590,359.0,7952028949.436
1591,359.1,8548106350.851
1592,359.2,8067442733.878
1593,359.3,6650046641.504
1594,359.4,4784020759.973
1595,359.5,3004235116.937
1596,359.6,1650075984.124
1597,359.7,794842581.082
1598,359.8,337407660.551
1599,359.9,127800000.012
1600,360.0,45670000.004
1601,360.1,20360000.001
1602,360.2,18905374.772
1603,360.3,28954418.194
1604,360.4,48992989.219
1605,360.5,91886796.192
1606,360.6,209705654.834
1607,360.7,551284713.099
1608,360.8,1450637334.156
1609,360.9,3492839032.251
1610,361.0,7425910021.358
1611,361.1,13785353240.829
1612,361.2,22249999999.167
1613,361.3,31199999999.236
1614,361.4,38010492940.423
1615,361.5,40225902868.557
1616,361.6,36954094642.591
1617,361.7,29495414174.853
1618,361.8,20432601223.155
1619,361.9,12305261967.909
1620,362.0,6429259805.778
1621,362.1,2924673882.635
1622,362.2,1181785308.37
1623,362.3,509418273.342
1624,362.4,486099999.977
1625,362.5,1053999999.914
1626,362.6,2475999999.815
1627,362.7,5179743282.757
1628,362.8,9443451425.069
1629,362.9,14979181299.379
1630,363.0,20653956975.022
1631,363.1,24769412630.291
1632,363.2,25830532120.398
1633,363.3,23427976074.31
1634,363.4,18490134930.822
1635,363.5,12750102916.823
1636,363.6,7817456650.215
1637,363.7,4650000000.199
1638,363.8,3537000000.008
1639,363.9,4429692995.681
1640,364.0,7133286362.196
1641,364.1,11223497455.567
1642,364.2,15843935805.981
1643,364.3,19789154453.415
1644,364.4,21849966478.451
1645,364.5,21425386012.728
1646,364.6,18787330849.405
1647,364.7,14913100339.35
1648,364.8,11019006713.118
1649,364.9,8009000000.224
1650,365.0,6234000000.111
1651,365.1,5491000000.037
1652,365.2,5249167468.84
1653,365.3,4962433897.302
1654,365.4,4331072088.038
1655,365.5,3372151643.205
1656,365.6,2308249576.507
1657,365.7,1380940647.935
1658,365.8,720863336.311
1659,365.9,327914268.609
1660,366.0,129910495.494
1661,366.1,44840910.313
1662,366.2,13480000.002
1663,366.3,3531000.0
1664,366.4,804653.287
1665,366.5,160133.386
1666,366.6,29633.283
1667,366.7,15589.721
1668,366.8,58248.115
1669,366.9,254539.919
1670,367.0,980405.718
1671,367.1,3292517.244
1672,367.2,9655681.262
1673,367.3,24707593.69
1674,367.4,55159999.996
1675,367.5,107499999.994
1676,367.6,182799999.992
1677,367.7,271281163.889
1678,367.8,351383448.007
1679,367.9,397259683.366
1680,368.0,391876744.547
1681,368.1,337334773.934
1682,368.2,253434300.239
1683,368.3,166191718.046
1684,368.4,95118022.452
1685,368.5,47493317.524
1686,368.6,20698248.198
1687,368.7,7872000.001
1688,368.8,2613000.0
1689,368.9,756803.808
1690,369.0,191287.504
1691,369.1,42213.76
1692,369.2,8129.808
1693,369.3,1364.575
1694,369.4,199.342
1695,369.5,25.539
1696,369.6,2.844
1697,369.7,0.278
1698,369.8,0.024
1699,369.9,0.002
1700,370.0,0.0
1701,370.1,0.0
1702,370.2,0.0
1703,370.3,0.0
1704,370.4,0.0
1705,370.5,0.0
1706,370.6,0.0
1707,370.7,0.0
1708,370.8,0.0
1709,370.9,0.0
1710,371.0,0.0
1711,371.1,0.0
1712,371.2,0.0
1713,371.3,0.0
1714,371.4,0.0
1715,371.5,0.0
1716,371.6,0.0
1717,371.7,0.0
1718,371.8,0.0
1719,371.9,0.0
1720,372.0,0.0
1721,372.1,0.0
1722,372.2,0.0
1723,372.3,0.0
1724,372.4,0.0
1725,372.5,0.0
1726,372.6,0.0
1727,372.7,0.004
1728,372.8,0.043
1729,372.9,0.371
1730,373.0,2.818
1731,373.1,18.749
1732,373.2,109.181
1733,373.3,558.189
1734,373.4,2502.526
1735,373.5,9837.737
1736,373.6,33915.132
1737,373.7,102600.0
1738,373.8,272100.0
1739,373.9,632995.707
1740,374.0,1291540.086
1741,374.1,2311058.034
1742,374.2,3628404.924
1743,374.3,4996134.731
1744,374.4,6034715.173
1745,374.5,6395006.889
1746,374.6,5943802.305
1747,374.7,4848038.802
1748,374.8,3469885.219
1749,374.9,2183000.0
1750,375.0,1217000.0
1751,375.1,632300.0
1752,375.2,380190.77
1753,375.3,392369.226
1754,375.4,621840.974
1755,375.5,1032116.445
1756,375.6,1556156.447
1757,375.7,2073873.345
1758,375.8,2430579.23
1759,375.9,2504003.594
1760,376.0,2270569.927
1761,376.1,1819618.987
1762,376.2,1313000.0
1763,376.3,908000.0
1764,376.4,709294.627
1765,376.5,749570.709
1766,376.6,996041.796
1767,376.7,1358715.041
1768,376.8,1706476.11
1769,376.9,1906422.024
1770,377.0,1878780.119
1771,377.1,1628345.268
1772,377.2,1240374.483
1773,377.3,830913.69
1774,377.4,489200.0
1775,377.5,253100.0
1776,377.6,115100.0
1777,377.7,46041.566
1778,377.8,16188.382
1779,377.9,4998.564
1780,378.0,1358.134
1781,378.1,324.417
1782,378.2,68.148
1783,378.3,12.575
1784,378.4,2.044
1785,378.5,0.292
1786,378.6,0.037
1787,378.7,0.004
1788,378.8,0.004
1789,378.9,0.031
1790,379.0,0.25
1791,379.1,1.774
1792,379.2,11.069
1793,379.3,60.881
1794,379.4,294.812
1795,379.5,1259.073
1796,379.6,4728.375
1797,379.7,15643.008
1798,379.8,45565.989
1799,379.9,116800.0
1800,380.0,263800.0
1801,380.1,524500.0
1802,380.2,918045.424
1803,380.3,1414860.103
1804,380.4,1920990.657
1805,380.5,2294924.558
1806,380.6,2415025.066
1807,380.7,2237181.618
1808,380.8,1825566.735
1809,380.9,1311048.833
1810,381.0,829281.048
1811,381.1,461863.876
1812,381.2,226500.0
1813,381.3,97780.0
1814,381.4,37171.016
1815,381.5,12445.64
1816,381.6,3666.94
1817,381.7,951.811
1818,381.8,217.451
1819,381.9,43.661
1820,382.0,7.746
1821,382.1,1.206
1822,382.2,0.166
1823,382.3,0.02
1824,382.4,0.002
1825,382.5,0.0
1826,382.6,0.0
1827,382.7,0.0
1828,382.8,0.0
1829,382.9,0.0
1830,383.0,0.0
1831,383.1,0.0
1832,383.2,0.0
1833,383.3,0.0
1834,383.4,0.0
1835,383.5,0.0
1836,383.6,0.0
1837,383.7,0.0
1838,383.8,0.0
1839,383.9,0.0
1840,384.0,0.001
1841,384.1,0.013
1842,384.2,0.136
1843,384.3,1.291
1844,384.4,10.809
1845,384.5,80.464
1846,384.6,526.639
1847,384.7,3059.923
1848,384.8,15661.954
1849,384.9,70800.0
1850,385.0,282800.0
1851,385.1,998500.0
1852,385.2,3115228.856
1853,385.3,8586939.916
1854,385.4,20919572.736
1855,385.5,45032290.471
1856,385.6,85667673.5
1857,385.7,144024715.986
1858,385.8,213891874.034
1859,385.9,280808429.303
1860,386.0,325715694.329
1861,386.1,333860133.485
1862,386.2,302400000.005
1863,386.3,242100000.007
1864,386.4,171252379.282
1865,386.5,107009873.448
1866,386.6,59114252.853
1867,386.7,28855256.331
1868,386.8,12439628.283
1869,386.9,4742897.979
1870,387.0,1597451.52
1871,387.1,475263.102
1872,387.2,125118.021
1873,387.3,29351.521
1874,387.4,7088.0
1875,387.5,4832.0
1876,387.6,11290.0
1877,387.7,29213.106
1878,387.8,67805.771
1879,387.9,139412.663
1880,388.0,253620.514
1881,388.1,408415.171
1882,388.2,582086.493
1883,388.3,734106.318
1884,388.4,819404.085
1885,388.5,809432.264
1886,388.6,707678.173
1887,388.7,547600.0
1888,388.8,374900.0
1889,388.9,227251.601
1890,389.0,121838.45
1891,389.1,57845.425
1892,389.2,24324.358
1893,389.3,9201.505
1894,389.4,4005.283
1895,389.5,6548.851
1896,389.6,27827.519
1897,389.7,119103.096
1898,389.8,454852.369
1899,389.9,1541000.0
1900,390.0,4629999.999
1901,390.1,12349999.999
1902,390.2,29268388.878
1903,390.3,61727135.284
1904,390.4,116188307.047
1905,390.5,195790157.787
1906,390.6,297640570.512
1907,390.7,411466147.175
1908,390.8,523515278.294
1909,390.9,620982828.37
1910,391.0,694204781.292
1911,391.1,735085579.116
1912,391.2,734700000.003
1913,391.3,686400000.008
1914,391.4,591848273.837
1915,391.5,465333042.718
1916,391.6,330750950.121
1917,391.7,211273108.9
1918,391.8,121145335.449
1919,391.9,62629392.783
1920,392.0,29610063.825
1921,392.1,13223250.853
1922,392.2,5914506.237
1923,392.3,2843441.238
1924,392.4,1570000.0
1925,392.5,1115000.0
1926,392.6,1229000.0
1927,392.7,2021929.849
1928,392.8,3831418.436
1929,392.9,7126999.799
1930,393.0,12286728.497
1931,393.1,19222345.311
1932,393.2,27028758.934
1933,393.3,33984970.573
1934,393.4,38083666.831
1935,393.5,37965945.876
1936,393.6,33649620.541
1937,393.7,26490000.001
1938,393.8,18530000.001
1939,393.9,11507304.743
1940,394.0,6341510.863
1941,394.1,3103914.851
1942,394.2,1348094.149
1943,394.3,520216.345
1944,394.4,178085.14
1945,394.5,54145.865
1946,394.6,14609.549
1947,394.7,3501.637
1948,394.8,745.573
1949,394.9,146.2
1950,395.0,57.21
1951,395.1,183.4
1952,395.2,856.074
1953,395.3,3618.658
1954,395.4,13608.949
1955,395.5,45558.023
1956,395.6,135600.841
1957,395.7,358920.017
1958,395.8,845017.358
1959,395.9,1770500.513
1960,396.0,3300123.052
1961,396.1,5481169.931
1962,396.2,8122000.0
1963,396.3,10770000.0
1964,396.4,12869753.82
1965,396.5,14001472.498
1966,396.6,14174844.787
1967,396.7,13745367.431
1968,396.8,13188994.993
1969,396.9,12762285.969
1970,397.0,12304500.715
1971,397.1,11505732.991
1972,397.2,10089291.493
1973,397.3,8113042.476
1974,397.4,5901000.0
1975,397.5,3869000.0
1976,397.6,2317000.0
1977,397.7,1365205.94
1978,397.8,994414.572
1979,397.9,1142484.159
1980,398.0,1750477.785
1981,398.1,2747423.813
1982,398.2,3993805.377
1983,398.3,5245369.657
1984,398.4,6206275.175
1985,398.5,6645574.759
1986,398.6,6533162.399
1987,398.7,6082000.0
1988,398.8,5674000.0
1989,398.9,5707898.611
1990,399.0,6510211.624
1991,399.1,8349897.728
1992,399.2,11513365.429
1993,399.3,16271823.328
1994,399.4,22609605.33
1995,399.5,29887693.094
1996,399.6,36651942.517
1997,399.7,41029747.071
1998,399.8,41523629.522
1999,399.9,37820000.001
2000,400.0,30980000.001
2001,400.1,22850000.001
2002,400.2,15269457.733
2003,400.3,9320716.199
2004,400.4,5267860.109
2005,400.5,2801593.285
2006,400.6,1424626.349
2007,400.7,699768.653
2008,400.8,337313.731
2009,400.9,184138.564
2010,401.0,206801.372
2011,401.1,535119.375
2012,401.2,1619000.0
2013,401.3,4541999.999
2014,401.4,11461711.512
2015,401.5,26004923.157
2016,401.6,53083200.176
2017,401.7,97868534.408
2018,401.8,163647699.611
2019,401.9,249270904.024
2020,402.0,347532204.698
2021,402.1,445663946.131
2022,402.2,527478866.372
2023,402.3,577005357.383
2024,402.4,582600000.002
2025,402.5,541600000.007
2026,402.6,461500000.011
2027,402.7,359265375.424
2028,402.8,254838344.317
2029,402.9,165141417.074
2030,403.0,98937380.902
2031,403.1,56324422.64
2032,403.2,32136887.636
2033,403.3,19641131.703
2034,403.4,13315133.565
2035,403.5,9871815.684
2036,403.6,7806651.416
2037,403.7,6627000.0
2038,403.8,6237000.0
2039,403.9,6646338.53
2040,404.0,7907859.013
2041,404.1,10098078.301
2042,404.2,13236468.049
2043,404.3,17201234.141
2044,404.4,21705228.75
2045,404.5,26319034.198
2046,404.6,30524379.77
2047,404.7,33815301.0
2048,404.8,35780973.153
2049,404.9,36380000.0
2050,405.0,36090000.0
2051,405.1,35870000.0
2052,405.2,36631630.313
2053,405.3,38608916.014
2054,405.4,40983136.485
2055,405.5,42236681.475
2056,405.6,40908937.528
2057,405.7,36511467.279
2058,405.8,29738166.106
2059,405.9,22059821.015
2060,406.0,15032688.62
2061,406.1,9720510.973
2062,406.2,6498000.0
2063,406.3,5261000.0
2064,406.4,5621591.371
2065,406.5,7048278.298
2066,406.6,8912496.74
2067,406.7,10555577.435
2068,406.8,11484165.638
2069,406.9,11508190.322
2070,407.0,10919264.035
2071,407.1,10335642.861
2072,407.2,10400141.767
2073,407.3,11524589.906
2074,407.4,13720000.0
2075,407.5,16670000.0
2076,407.6,20060000.0
2077,407.7,23805783.007
2078,407.8,28199713.738
2079,407.9,33615858.24
2080,408.0,40136704.673
2081,408.1,47150966.174
2082,408.2,53408084.419
2083,408.3,57424171.967
2084,408.4,58189882.846
2085,408.5,55581709.225
2086,408.6,50303185.837
2087,408.7,43470000.001
2088,408.8,36080000.001
2089,408.9,28893888.529
2090,409.0,22471903.572
2091,409.1,17261576.316
2092,409.2,13570404.792
2093,409.3,11400797.238
2094,409.4,10437060.226
2095,409.5,10172644.868
2096,409.6,10058094.267
2097,409.7,9722697.268
2098,409.8,9008716.848
2099,409.9,7921000.0
2100,410.0,6566000.0
2101,410.1,5100000.0
2102,410.2,3683079.285
2103,410.3,2456510.028
2104,410.4,1506031.256
2105,410.5,851583.579
2106,410.6,459702.64
2107,410.7,267868.229
2108,410.8,210717.154
2109,410.9,233575.493
2110,411.0,293297.833
2111,411.1,355728.743
2112,411.2,394200.0
2113,411.3,393600.0
2114,411.4,352915.894
2115,411.5,283851.644
2116,411.6,204922.319
2117,411.7,133523.79
2118,411.8,80422.11
2119,411.9,49978.367
2120,412.0,43574.034
2121,412.1,64252.275
2122,412.2,121441.348
2123,412.3,237185.616
2124,412.4,460800.0
2125,412.5,900300.0
2126,412.6,1772000.0
2127,412.7,3449016.16
2128,412.8,6443151.294
2129,412.9,11254171.451
2130,413.0,18074320.372
2131,413.1,26410021.142
2132,413.2,35001403.215
2133,413.3,42159287.79
2134,413.4,46526044.039
2135,413.5,47933292.497
2136,413.6,47618307.783
2137,413.7,47630000.0
2138,413.8,49550000.0
2139,413.9,53453917.854
2140,414.0,57677830.854
2141,414.1,59704069.308
2142,414.2,57612018.03
2143,414.3,51132406.436
2144,414.4,41675846.776
2145,414.5,31524376.8
2146,414.6,22679018.522
2147,414.7,16085850.74
2148,414.8,11680122.119
2149,414.9,8771000.0
2150,415.0,6663000.0
2151,415.1,4924000.0
2152,415.2,3426129.079
2153,415.3,2218836.343
2154,415.4,1375183.314
2155,415.5,942462.82
2156,415.6,938662.55
2157,415.7,1386900.442
2158,415.8,2308065.542
2159,415.9,3674775.361
2160,416.0,5343137.565
2161,416.1,7024151.242
2162,416.2,8342000.0
2163,416.3,8969000.0
2164,416.4,8762898.888
2165,416.5,7840370.424
2166,416.6,6523141.299
2167,416.7,5198834.199
2168,416.8,4178895.447
2169,416.9,3603827.832
2170,417.0,3434670.988
2171,417.1,3495802.749
2172,417.2,3563258.991
2173,417.3,3457227.378
2174,417.4,3100000.0
2175,417.5,2533000.0
2176,417.6,1875000.0
2177,417.7,1261838.064
2178,417.8,790943.844
2179,417.9,516567.383
2180,418.0,467081.011
2181,418.1,677953.695
2182,418.2,1205144.698
2183,418.3,2108223.821
2184,418.4,3395139.513
2185,418.5,4962615.452
2186,418.6,6571506.583
2187,418.7,7888000.0
2188,418.8,8609000.0
2189,418.9,8585012.982
2190,419.0,7896402.196
2191,419.1,6801573.489
2192,419.2,5611141.431
2193,419.3,4548993.914
2194,419.4,3691716.055
2195,419.5,3004315.928
2196,419.6,2419062.146
2197,419.7,1912663.669
2198,419.8,1529900.941
2199,419.9,1371000.0
2200,420.0,1550000.0
2201,420.1,2151000.0
2202,420.2,3180531.942
2203,420.3,4527018.47
2204,420.4,5957100.918
2205,420.5,7174775.972
2206,420.6,7942792.482
2207,420.7,8212863.427
2208,420.8,8171733.653
2209,420.9,8171380.829
2210,421.0,8550547.811
2211,421.1,9463749.925
2212,421.2,10810000.0
2213,421.3,12300000.0
2214,421.4,13609294.916
2215,421.5,14500366.689
2216,421.6,14839117.187
2217,421.7,14607997.116
2218,421.8,13802601.186
2219,421.9,12529941.843
2220,422.0,10958616.016
2221,422.1,9400895.583
2222,422.2,8175485.965
2223,422.3,7516416.634
2224,422.4,7457000.0
2225,422.5,7815000.0
2226,422.6,8314000.0
2227,422.7,8755193.454
2228,422.8,9171814.286
2229,422.9,9841018.745
2230,423.0,11157108.511
2231,423.1,13441271.833
2232,423.2,16814034.623
2233,423.3,21250636.572
2234,423.4,26836109.487
2235,423.5,34507080.852
2236,423.6,47850577.501
2237,423.7,77459999.994
2238,423.8,150199999.986
2239,423.9,324670645.371
2240,424.0,709782278.035
2241,424.1,1473927865.212
2242,424.2,2821721961.82
2243,424.3,4918725574.309
2244,424.4,7769843998.154
2245,424.5,11099778411.476
2246,424.6,14319610160.628
2247,424.7,16687716476.156
2248,424.8,17559540179.587
2249,424.9,16690000000.216
2250,425.0,14320000000.374
2251,425.1,11100000000.436
2252,425.2,7768825857.132
2253,425.3,4915707252.551
2254,425.4,2815806575.545
2255,425.5,1462789631.838
2256,425.6,693887832.879
2257,425.7,303733841.672
2258,425.8,125578816.033
2259,425.9,51031097.717
2260,426.0,21688948.811
2261,426.1,10387435.951
2262,426.2,5953000.0
2263,426.3,4145000.0
2264,426.4,3334469.859
2265,426.5,2878248.791
2266,426.6,2550549.411
2267,426.7,2363281.793
2268,426.8,2462542.624
2269,426.9,3066740.452
2270,427.0,4405746.931
2271,427.1,6631314.847
2272,427.2,9710252.221
2273,427.3,13306769.092
2274,427.4,16800000.0
2275,427.5,19370000.0
2276,427.6,20360000.0
2277,427.7,19501249.575
2278,427.8,17058236.319
2279,427.9,13701437.058
2280,428.0,10199377.848
2281,428.1,7179779.92
2282,428.2,4972805.058
2283,428.3,3701333.406
2284,428.4,3441392.165
2285,428.5,4392811.199
2286,428.6,7054767.024
2287,428.7,12389999.999
2288,428.8,22009999.998
2289,428.9,38287470.845
2290,429.0,64020402.834
2291,429.1,101313580.994
2292,429.2,149867505.215
2293,429.3,204928439.963
2294,429.4,257420202.585
2295,429.5,295269184.212
2296,429.6,308870609.265
2297,429.7,294734074.07
2298,429.8,258499934.425
2299,429.9,213000000.006
2300,430.0,174300000.004
2301,430.1,156300000.001
2302,430.2,167317782.638
2303,430.3,207725652.464
2304,430.4,271520140.229
2305,430.5,350662213.293
2306,430.6,444099522.84
2307,430.7,569531790.68
2308,430.8,772495386.337
2309,430.9,1122801734.537
2310,431.0,1693464304.569
2311,431.1,2517163763.757
2312,431.2,3547999999.856
2313,431.3,4643999999.86
2314,431.4,5602668776.327
2315,431.5,6237330785.979
2316,431.6,6473045674.338
2317,431.7,6378049331.64
2318,431.8,6129048740.573
2319,431.9,5911728602.287
2320,432.0,5826322213.95
2321,432.1,5856934761.739
2322,432.2,5898171188.539
2323,432.3,5834164521.418
2324,432.4,5589000000.046
2325,432.5,5141000000.072
2326,432.6,4515000000.092
2327,432.7,3765245610.786
2328,432.8,2959623455.709
2329,432.9,2177509091.419
2330,433.0,1487260785.109
2331,433.1,936444882.385
2332,433.2,541613708.15
2333,433.3,286424234.197
2334,433.4,138459385.528
2335,433.5,61417835.771
2336,433.6,25580606.309
2337,433.7,10840000.001
2338,433.8,5632000.0
2339,433.9,4214904.689
2340,434.0,4080974.684
2341,434.1,4277595.104
2342,434.2,4505517.074
2343,434.3,4692448.603
2344,434.4,4815786.784
2345,434.5,4853158.716
2346,434.6,4789920.113
2347,434.7,4655205.458
2348,434.8,4523670.332
2349,434.9,4486000.0
2350,435.0,4582000.0
2351,435.1,4766000.0
2352,435.2,4908682.025
2353,435.3,4868274.882
2354,435.4,4558874.25
2355,435.5,4003776.411
2356,435.6,3317570.911
2357,435.7,2649454.423
2358,435.8,2116148.519
2359,435.9,1764976.553
2360,436.0,1579962.428
2361,436.1,1534063.244
2362,436.2,1694000.0
2363,436.3,2432000.0
2364,436.4,4914202.431
2365,436.5,12103742.398
2366,436.6,30523161.162
2367,436.7,72707135.365
2368,436.8,159130453.061
2369,436.9,317552875.12
2370,437.0,576241714.925
2371,437.1,950188596.717
2372,437.2,1423350501.974
2373,437.3,1935719326.912
2374,437.4,2391999999.947
2375,437.5,2684999999.975
2376,437.6,2737000000.011
2377,437.7,2533834705.412
2378,437.8,2130593296.774
2379,437.9,1627211599.747
2380,438.0,1128941969.192
2381,438.1,711559067.462
2382,438.2,407331996.46
2383,438.3,211989749.512
2384,438.4,100462069.892
2385,438.5,43544474.172
2386,438.6,17474955.075
2387,438.7,6747000.001
2388,438.8,2891000.0
2389,438.9,2200910.106
2390,439.0,4032828.517
2391,439.1,10327838.006
2392,439.2,26384722.681
2393,439.3,62400057.738
2394,439.4,134700112.922
2395,439.5,264653289.628
2396,439.6,472786147.404
2397,439.7,768020181.291
2398,439.8,1134661133.187
2399,439.9,1523999999.948
2400,440.0,1859999999.961
2401,440.1,2065999999.984
2402,440.2,2085755483.753
2403,440.3,1914178254.653
2404,440.4,1598238504.728
2405,440.5,1214688125.976
2406,440.6,843083710.119
2407,440.7,541751277.324
2408,440.8,339932239.673
2409,440.9,243857565.613
2410,441.0,249477506.42
2411,441.1,350853971.317
2412,441.2,539099999.969
2413,441.3,795099999.962
2414,441.4,1080722714.994
2415,441.5,1341790501.623
2416,441.6,1517250469.337
2417,441.7,1560804420.029
2418,441.8,1460625831.815
2419,441.9,1243896907.325
2420,442.0,963872769.62
2421,442.1,679809704.421
2422,442.2,436390053.37
2423,442.3,255116884.193
2424,442.4,136000000.013
2425,442.5,66330000.007
2426,442.6,29800000.003
2427,442.7,12571542.229
2428,442.8,5237074.146
2429,442.9,2405007.294
2430,443.0,1417180.681
2431,443.1,1105717.599
2432,443.2,1007541.653
2433,443.3,946715.346
2434,443.4,863094.255
2435,443.5,743146.308
2436,443.6,597413.993
2437,443.7,446800.0
2438,443.8,313000.0
2439,443.9,210801.99
2440,444.0,145395.273
2441,444.1,113284.985
2442,444.2,105551.759
2443,444.3,110656.42
2444,444.4,118307.677
2445,444.5,120640.561
2446,444.6,114034.687
2447,444.7,98867.519
2448,444.8,78317.57
2449,444.9,56810.0
2450,445.0,38310.0
2451,445.1,25540.0
2452,445.2,20199.405
2453,445.3,23828.953
2454,445.4,38466.389
2455,445.5,66546.054
2456,445.6,109760.433
2457,445.7,167041.256
2458,445.8,233370.664
2459,445.9,299366.876
2460,446.0,354190.644
2461,446.1,388813.19
2462,446.2,399900.0
2463,446.3,389900.0
2464,446.4,365036.03
2465,446.5,331741.713
2466,446.6,293687.382
2467,446.7,252180.361
2468,446.8,207822.479
2469,446.9,162276.394
2470,447.0,118627.335
2471,447.1,80541.199
2472,447.2,50636.623
2473,447.3,29870.575
2474,447.4,17850.0
2475,447.5,13760.0
2476,447.6,17460.0
2477,447.7,29922.046
2478,447.8,52966.371
2479,447.9,88050.423
2480,448.0,134499.85
2481,448.1,188559.44
2482,448.2,243076.187
2483,448.3,290663.329
2484,448.4,327291.397
2485,448.5,356356.336
2486,448.6,389559.213
2487,448.7,443200.0
2488,448.8,531500.0
2489,448.9,659913.572
2490,449.0,821563.23
2491,449.1,999932.221
2492,449.2,1178121.904
2493,449.3,1341343.32
2494,449.4,1486290.685
2495,449.5,1612796.408
2496,449.6,1719367.262
2497,449.7,1799165.636
2498,449.8,1835149.439
2499,449.9,1811000.0
2500,450.0,1719000.0
2501,450.1,1565000.0
2502,450.2,1367818.694
2503,450.3,1160969.168
2504,450.4,976029.48
2505,450.5,836257.082
2506,450.6,753069.447
2507,450.7,723914.773
2508,450.8,737346.087
2509,450.9,779014.817
2510,451.0,834217.383
2511,451.1,887966.666
2512,451.2,924300.0
2513,451.3,927300.0
2514,451.4,885923.42
2515,451.5,798981.192
2516,451.6,677332.692
2517,451.7,542009.868
2518,451.8,419384.665
2519,451.9,336582.779
2520,452.0,318451.939
2521,452.1,386730.675
2522,452.2,557125.231
2523,452.3,835164.27
2524,452.4,1209000.0
2525,452.5,1646000.0
2526,452.6,2094000.0
2527,452.7,2497249.932
2528,452.8,2805656.882
2529,452.9,2993358.573
2530,453.0,3058878.998
2531,453.1,3024551.213
2532,453.2,2925919.097
2533,453.3,2806707.947
2534,453.4,2716899.547
2535,453.5,2709908.556
2536,453.6,2849476.372
2537,453.7,3204000.0
2538,453.8,3840000.0
2539,453.9,4801011.001
2540,454.0,6071681.854
2541,454.1,7555685.74
2542,454.2,9058440.102
2543,454.3,10320808.12
2544,454.4,11066091.725
2545,454.5,11121013.315
2546,454.6,10421342.019
2547,454.7,9081000.822
2548,454.8,7353376.829
2549,454.9,5543000.0
2550,455.0,3931000.0
2551,455.1,2723000.0
2552,455.2,2030127.737
2553,455.3,1888940.547
2554,455.4,2286126.195
2555,455.5,3162534.403
2556,455.6,4396409.283
2557,455.7,5789058.407
2558,455.8,7074845.735
2559,455.9,7974942.423
2560,456.0,8283064.992
2561,456.1,7935438.631
2562,456.2,7032000.0
2563,456.3,5795000.0
2564,456.4,4479197.924
2565,456.5,3293052.169
2566,456.6,2355474.851
2567,456.7,1692425.802
2568,456.8,1272110.056
2569,456.9,1032081.387
2570,457.0,907335.686
2571,457.1,839585.453
2572,457.2,785631.119
2573,457.3,719223.183
2574,457.4,631800.0
2575,457.5,528900.0
2576,457.6,424300.0
2577,457.7,333649.276
2578,457.8,270981.944
2579,457.9,251500.446
2580,458.0,298398.279
2581,458.1,451874.999
2582,458.2,772860.742
2583,458.3,1335225.998
2584,458.4,2198777.135
2585,458.5,3370769.16
2586,458.6,4768184.417
2587,458.7,6201000.0
2588,458.8,7407000.0
2589,458.9,8126980.556
2590,459.0,8205836.286
2591,459.1,7646692.528
2592,459.2,6614294.527
2593,459.3,5363065.024
2594,459.4,4143891.544
2595,459.5,3128800.054
2596,459.6,2380541.775
2597,459.7,1878303.921
2598,459.8,1557914.04
2599,459.9,1348000.0
2600,460.0,1195000.0
2601,460.1,1066000.0
2602,460.2,940059.376
2603,460.3,811564.832
2604,460.4,680741.759
2605,460.5,553848.853
2606,460.6,439214.508
2607,460.7,344148.319
2608,460.8,274135.175
2609,460.9,233469.093
2610,461.0,226851.404
2611,461.1,260075.741
2612,461.2,337900.0
2613,461.3,460500.0
2614,461.4,620404.094
2615,461.5,801937.763
2616,461.6,984483.88
2617,461.7,1147915.401
2618,461.8,1279253.515
2619,461.9,1374597.379
2620,462.0,1435791.359
2621,462.1,1465531.597
2622,462.2,1464314.943
2623,462.3,1427488.036
2624,462.4,1349000.0
2625,462.5,1229000.0
2626,462.6,1073000.0
2627,462.7,893787.387
2628,462.8,708605.868
2629,462.9,533258.708
2630,463.0,380905.025
2631,463.1,259763.051
2632,463.2,173633.523
2633,463.3,123360.1
2634,463.4,107874.028
2635,463.5,125851.895
2636,463.6,175678.528
2637,463.7,255500.0
2638,463.8,363000.0
2639,463.9,497191.946
2640,464.0,660021.042
2641,464.1,858365.392
2642,464.2,1101249.903
2643,464.3,1392842.908
2644,464.4,1721220.021
2645,464.5,2054623.959
2646,464.6,2342637.539
2647,464.7,2535853.449
2648,464.8,2600503.983
2649,464.9,2538000.0
2650,465.0,2375000.0
2651,465.1,2155000.0
2652,465.2,1914320.608
2653,465.3,1673916.649
2654,465.4,1439077.512
2655,465.5,1211885.551
2656,465.6,1004904.314
2657,465.7,863130.805
2658,465.8,899982.366
2659,465.9,1392823.467
2660,466.0,2984878.978
2661,466.1,7046915.788
2662,466.2,16189999.998
2663,466.3,34809999.996
2664,466.4,69209050.503
2665,466.5,126794434.404
2666,466.6,213686529.127
2667,466.7,331210117.702
2668,466.8,471867639.605
2669,466.9,618107417.388
2670,467.0,744152789.511
2671,467.1,823304501.024
2672,467.2,837315560.925
2673,467.3,782490298.355
2674,467.4,672100000.02
2675,467.5,530600000.023
2676,467.6,384900000.021
2677,467.7,256634119.957
2678,467.8,157307086.379
2679,467.9,88687240.746
2680,468.0,45988466.795
2681,468.1,21994066.012
2682,468.2,9752872.401
2683,468.3,4069790.914
2684,468.4,1669651.621
2685,468.5,756279.087
2686,468.6,461030.886
2687,468.7,406900.0
2688,468.8,441800.0
2689,468.9,503081.966
2690,469.0,561807.688
2691,469.1,604309.456
2692,469.2,628631.26
2693,469.3,642657.428
2694,469.4,660398.903
2695,469.5,695944.063
2696,469.6,759424.661
2697,469.7,856853.529
2698,469.8,997801.603
2699,469.9,1211000.0
2700,470.0,1564000.0
2701,470.1,2180000.0
2702,470.2,3233143.938
2703,470.3,4917182.946
2704,470.4,7384123.878
2705,470.5,10659747.763
2706,470.6,14571314.664
2707,470.7,18736883.712
2708,470.8,22572752.631
2709,470.9,25486432.133
2710,471.0,27023781.512
2711,471.1,26974702.239
2712,471.2,25480000.0
2713,471.3,22920000.0
2714,471.4,19828945.445
2715,471.5,16707713.659
2716,471.6,13921745.548
2717,471.7,11642324.577
2718,471.8,9890404.004
2719,471.9,8603550.379
2720,472.0,7693463.534
2721,472.1,7162307.11
2722,472.2,7143942.317
2723,472.3,7910795.474
2724,472.4,9810000.0
2725,472.5,13139999.999
2726,472.6,17979999.999
2727,472.7,24106181.208
2728,472.8,30944456.168
2729,472.9,37764442.049
2730,473.0,43889771.978
2731,473.1,49041187.543
2732,473.2,53406505.143
2733,473.3,57620103.041
2734,473.4,62524893.523
2735,473.5,68902566.765
2736,473.6,77300060.556
2737,473.7,87929999.998
2738,473.8,100599999.998
2739,473.9,114842206.71
2740,474.0,129456998.959
2741,474.1,142813671.124
2742,474.2,152903357.655
2743,474.3,157436898.454
2744,474.4,154754728.069
2745,474.5,144289096.844
2746,474.6,126983652.403
2747,474.7,105082408.831
2748,474.8,81585716.74
2749,474.9,59550000.003
2750,475.0,41120000.003
2751,475.1,27280000.002
2752,475.2,17927753.678
2753,475.3,12195593.133
2754,475.4,8961369.04
2755,475.5,7163460.891
2756,475.6,6036145.4
2757,475.7,5133277.158
2758,475.8,4268383.299
2759,475.9,3416742.247
2760,476.0,2629830.579
2761,476.1,1964180.003
2762,476.2,1455000.0
2763,476.3,1105000.0
2764,476.4,890085.492
2765,476.5,768135.998
2766,476.6,697282.929
2767,476.7,643650.452
2768,476.8,587424.79
2769,476.9,522993.358
2770,477.0,458242.284
2771,477.1,411172.824
2772,477.2,408158.827
2773,477.3,480790.753
2774,477.4,660400.0
2775,477.5,969100.0
2776,477.6,1407000.0
2777,477.7,1938083.867
2778,477.8,2492078.743
2779,477.9,2970564.099
2780,478.0,3273813.278
2781,478.1,3338557.463
2782,478.2,3156383.13
2783,478.3,2782339.335
2784,478.4,2315227.393
2785,478.5,1864545.981
2786,478.6,1517551.429
2787,478.7,1316000.0
2788,478.8,1256000.0
2789,478.9,1297380.432
2790,479.0,1382361.48
2791,479.1,1457574.442
2792,479.2,1485412.16
2793,479.3,1452503.699
2794,479.4,1368235.946
2795,479.5,1256799.797
2796,479.6,1146450.029
2797,479.7,1064580.603
2798,479.8,1023962.411
2799,479.9,1024000.0
2800,480.0,1046000.0
2801,480.1,1065000.0
2802,480.2,1052639.832
2803,480.3,991673.992
2804,480.4,879908.499
2805,480.5,729415.381
2806,480.6,562837.535
2807,480.7,403900.86
2808,480.8,270732.309
2809,480.9,172990.386
2810,481.0,111755.053
2811,481.1,83365.218
2812,481.2,81710.0
2813,481.3,100600.0
2814,481.4,134077.198
2815,481.5,176083.955
2816,481.6,220130.392
2817,481.7,259842.401
2818,481.8,289461.049
2819,481.9,305280.261
2820,482.0,306288.058
2821,482.1,293923.418
2822,482.2,271393.055
2823,482.3,242414.445
2824,482.4,210200.0
2825,482.5,177200.0
2826,482.6,144800.0
2827,482.7,114224.627
2828,482.8,86446.043
2829,482.9,62501.306
2830,483.0,43322.096
2831,483.1,29499.955
2832,483.2,21216.847
2833,483.3,18233.455
2834,483.4,19976.373
2835,483.5,25579.704
2836,483.6,33794.894
2837,483.7,42950.0
2838,483.8,51150.0
2839,483.9,56551.431
2840,484.0,57864.967
2841,484.1,54745.521
2842,484.2,47894.659
2843,484.3,38719.514
2844,484.4,28941.552
2845,484.5,19989.634
2846,484.6,12765.178
2847,484.7,7535.546
2848,484.8,4111.619
2849,484.9,2073.0
2850,485.0,966.4
2851,485.1,416.4
2852,485.2,165.999
2853,485.3,61.902
2854,485.4,24.461
2855,485.5,21.167
2856,485.6,55.456
2857,485.7,181.761
2858,485.8,567.584
2859,485.9,1643.725
2860,486.0,4407.832
2861,486.1,10934.412
2862,486.2,25100.0
2863,486.3,53300.0
2864,486.4,104760.907
2865,486.5,190426.596
2866,486.6,320420.132
2867,486.7,498773.498
2868,486.8,718468.004
2869,486.9,957554.777
2870,487.0,1180686.186
2871,487.1,1347773.494
2872,487.2,1422825.676
2873,487.3,1389944.429
2874,487.4,1257000.0
2875,487.5,1053000.0
2876,487.6,817700.0
2877,487.7,593063.591
2878,487.8,410424.326
2879,487.9,289074.111
2880,488.0,238391.216
2881,488.1,261963.141
2882,488.2,360346.22
2883,488.3,529408.083
2884,488.4,756499.106
2885,488.5,1015793.683
2886,488.6,1268539.228
2887,488.7,1468000.0
2888,488.8,1573000.0
2889,488.9,1560818.547
2890,489.0,1434102.345
2891,489.1,1219583.568
2892,489.2,960099.079
2893,489.3,699835.926
2894,489.4,472234.512
2895,489.5,294975.257
2896,489.6,170581.837
2897,489.7,91332.417
2898,489.8,45268.967
2899,489.9,20770.0
2900,490.0,8823.0
2901,490.1,3470.0
2902,490.2,1263.184
2903,490.3,425.915
2904,490.4,133.824
2905,490.5,42.821
2906,490.6,27.984
2907,490.7,67.59
2908,490.8,221.892
2909,490.9,697.682
2910,491.0,2037.759
2911,491.1,5516.58
2912,491.2,13840.0
2913,491.3,32200.0
2914,491.4,69387.936
2915,491.5,138601.376
2916,491.6,256636.662
2917,491.7,440242.664
2918,491.8,700031.33
2919,491.9,1031771.965
2920,492.0,1408869.407
2921,492.1,1783952.446
2922,492.2,2091982.467
2923,492.3,2275245.695
2924,492.4,2293000.0
2925,492.5,2142000.0
2926,492.6,1856000.0
2927,492.7,1493764.783
2928,492.8,1120528.028
2929,492.9,792864.842
2930,493.0,545067.334
2931,493.1,389316.644
2932,493.2,320337.242
2933,493.3,321087.673
2934,493.4,368890.187
2935,493.5,438763.297
2936,493.6,506222.196
2937,493.7,551400.0
2938,493.8,561800.0
2939,493.9,534594.705
2940,494.0,476701.436
2941,494.1,401247.541
2942,494.2,322744.298
2943,494.3,252861.234
2944,494.4,197952.55
2945,494.5,159288.966
2946,494.6,135151.391
2947,494.7,124053.326
2948,494.8,126283.826
2949,494.9,144400.0
2950,495.0,182100.0
2951,495.1,241000.0
2952,495.2,318430.456
2953,495.3,405656.441
2954,495.4,488490.99
2955,495.5,550660.59
2956,495.6,578278.809
2957,495.7,564503.762
2958,495.8,511803.14
2959,495.9,430986.713
2960,496.0,337934.583
2961,496.1,249273.447
2962,496.2,180100.0
2963,496.3,144500.0
2964,496.4,159988.631
2965,496.5,254290.753
2966,496.6,471482.319
2967,496.7,873498.957
2968,496.8,1533069.78
2969,496.9,2514710.843
2970,497.0,3844372.756
2971,497.1,5485909.55
2972,497.2,7326422.109
2973,497.3,9202184.651
2974,497.4,10950000.0
2975,497.5,12470000.0
2976,497.6,13770000.0
2977,497.7,14946366.296
2978,497.8,16112086.223
2979,497.9,17301503.464
2980,498.0,18429758.908
2981,498.1,19283433.316
2982,498.2,19609805.519
2983,498.3,19222706.582
2984,498.4,18111414.163
2985,498.5,16492317.351
2986,498.6,14718197.603
2987,498.7,13200000.0
2988,498.8,12310000.0
2989,498.9,12207223.334
2990,499.0,12828559.556
2991,499.1,13869760.852
2992,499.2,14886733.174
2993,499.3,15461502.7
2994,499.4,15280487.804
2995,499.5,14239263.472
2996,499.6,12466803.895
2997,499.7,10236775.721
2998,499.8,7888164.022
2999,499.9,5702000.0
3000,500.0,3871000.0
3001,500.1,2470000.0
3002,500.2,1481417.164
3003,500.3,837019.94
3004,500.4,445257.833
3005,500.5,223999.012
3006,500.6,109399.585
3007,500.7,59150.666
3008,500.8,51318.243
3009,500.9,81881.792
3010,501.0,163338.388
3011,501.1,324312.635
3012,501.2,608400.0
3013,501.3,1069000.0
3014,501.4,1758729.129
3015,501.5,2714886.295
3016,501.6,3951391.849
3017,501.7,5460935.079
3018,501.8,7280471.945
3019,501.9,9628375.589
3020,502.0,13182657.558
3021,502.1,19494446.158
3022,502.2,31569481.709
3023,502.3,54308794.227
3024,502.4,94679999.991
3025,502.5,160799999.986
3026,502.6,260099999.98
3027,502.7,395475241.019
3028,502.8,562201618.695
3029,502.9,745071531.415
3030,503.0,919016692.144
3031,503.1,1054943562.598
3032,503.2,1126005444.491
3033,503.3,1117602873.396
3034,503.4,1031370923.816
3035,503.5,885304630.359
3036,503.6,706504931.255
3037,503.7,524200000.03
3038,503.8,361700000.025
3039,503.9,231966162.084
3040,504.0,138386168.764
3041,504.1,76740499.145
3042,504.2,39569926.981
3043,504.3,18977277.353
3044,504.4,8457024.702
3045,504.5,3505827.853
3046,504.6,1351308.179
3047,504.7,484279.396
3048,504.8,161481.025
3049,504.9,50380.0
3050,505.0,15630.0
3051,505.1,7537.0
3052,505.2,11190.545
3053,505.3,26702.55
3054,505.4,63893.945
3055,505.5,143400.8
3056,505.6,300152.808
3057,505.7,585627.726
3058,505.8,1066036.879
3059,505.9,1811233.017
3060,506.0,2876943.877
3061,506.1,4280797.657
3062,506.2,5979000.0
3063,506.3,7868000.0
3064,506.4,9801086.063
3065,506.5,11628508.794
3066,506.6,13226042.561
3067,506.7,14531925.361
3068,506.8,15551453.876
3069,506.9,16314087.314
3070,507.0,16878001.052
3071,507.1,17369275.771
3072,507.2,17987403.258
3073,507.3,19122125.326
3074,507.4,21389999.999
3075,507.5,25609999.999
3076,507.6,32809999.998
3077,507.7,43948641.359
3078,507.8,59722539.328
3079,507.9,80108755.935
3080,508.0,104199992.987
3081,508.1,129969234.383
3082,508.2,154551354.728
3083,508.3,174702991.425
3084,508.4,187590657.374
3085,508.5,191326257.438
3086,508.6,185302059.502
3087,508.7,170600000.003
3088,508.8,149400000.004
3089,508.9,124389099.911
3090,509.0,98683671.796
3091,509.1,74830892.73
3092,509.2,54749277.56
3093,509.3,39447114.589
3094,509.4,29112982.41
3095,509.5,23242507.896
3096,509.6,20895779.51
3097,509.7,20902541.781
3098,509.8,22115041.072
3099,509.9,23510000.0
3100,510.0,24310000.0
3101,510.1,24060000.0
3102,510.2,22608845.643
3103,510.3,20087637.113
3104,510.4,16845482.658
3105,510.5,13313511.013
3106,510.6,9909540.475
3107,510.7,6932145.033
3108,510.8,4557145.3
3109,510.9,2811472.794
3110,511.0,1627465.106
3111,511.1,882570.758
3112,511.2,448400.0
3113,511.3,213200.0
3114,511.4,94846.841
3115,511.5,39456.997
3116,511.6,15344.457
3117,511.7,5574.793
3118,511.8,1891.711
3119,511.9,599.032
3120,512.0,177.3
3121,512.1,49.14
3122,512.2,13.502
3123,512.3,6.31
3124,512.4,11.87
3125,512.5,35.76
3126,512.6,105.7
3127,512.7,292.592
3128,512.8,755.352
3129,512.9,1818.233
3130,513.0,4084.071
3131,513.1,8553.437
3132,513.2,16705.389
3133,513.3,30429.412
3134,513.4,51705.398
3135,513.5,81919.404
3136,513.6,121072.965
3137,513.7,166900.0
3138,513.8,214500.0
3139,513.9,257103.267
3140,514.0,287484.669
3141,514.1,299688.059
3142,514.2,291457.774
3143,514.3,264359.914
3144,514.4,223646.899
3145,514.5,176410.343
3146,514.6,129812.86
3147,514.7,89071.682
3148,514.8,57000.3
3149,514.9,34020.0
3150,515.0,18940.0
3151,515.1,9833.0
3152,515.2,4761.043
3153,515.3,2149.988
3154,515.4,905.271
3155,515.5,355.626
3156,515.6,130.282
3157,515.7,44.539
3158,515.8,14.263
3159,515.9,4.526
3160,516.0,2.339
3161,516.1,4.419
3162,516.2,13.6
3163,516.3,41.47
3164,516.4,118.637
3165,516.5,316.975
3166,516.6,790.726
3167,516.7,1841.508
3168,516.8,4002.703
3169,516.9,8124.97
3170,517.0,15393.148
3171,517.1,27231.899
3172,517.2,44977.625
3173,517.3,69342.471
3174,517.4,99810.0
3175,517.5,134100.0
3176,517.6,168300.0
3177,517.7,197119.683
3178,517.8,215571.795
3179,517.9,220326.705
3180,518.0,210472.949
3181,518.1,188522.178
3182,518.2,159537.954
3183,518.3,129856.691
3184,518.4,106540.091
3185,518.5,95608.688
3186,518.6,102168.687
3187,518.7,130000.0
3188,518.8,181000.0
3189,518.9,255087.688
3190,519.0,349432.55
3191,519.1,458981.881
3192,519.2,577111.4
3193,519.3,699341.678
3194,519.4,827873.935
3195,519.5,978588.645
3196,519.6,1188753.018
3197,519.7,1525959.985
3198,519.8,2092521.633
3199,519.9,3021000.0
3200,520.0,4459000.0
3201,520.1,6534000.0
3202,520.2,9306898.522
3203,520.3,12720181.191
3204,520.4,16570603.072
3205,520.5,20471957.347
3206,520.6,23971714.436
3207,520.7,26553338.215
3208,520.8,27824243.399
3209,520.9,27564241.549
3210,521.0,25803824.613
3211,521.1,22817352.508
3212,521.2,19050000.001
3213,521.3,15010000.001
3214,521.4,11160491.385
3215,521.5,7835032.038
3216,521.6,5190178.058
3217,521.7,3247435.102
3218,521.8,1923265.761
3219,521.9,1079985.679
3220,522.0,577449.373
3221,522.1,295464.76
3222,522.2,146543.546
3223,522.3,74296.764
3224,522.4,49770.0
3225,522.5,69990.0
3226,522.6,167200.0
3227,522.7,437301.692
3228,522.8,1098115.902
3229,522.9,2590071.147
3230,523.0,5716748.06
3231,523.1,11799685.863
3232,523.2,22770828.863
3233,523.3,41101550.573
3234,523.4,69367662.585
3235,523.5,109455799.289
3236,523.6,161607268.073
3237,523.7,222899999.988
3238,523.8,287699999.988
3239,523.9,347216206.824
3240,524.0,391790713.81
3241,524.1,413402141.694
3242,524.2,407963434.109
3243,524.3,376368605.646
3244,524.4,324798955.919
3245,524.5,262140316.181
3246,524.6,197803903.295
3247,524.7,139511273.031
3248,524.8,92103919.128
3249,524.9,56840000.005
3250,525.0,32810000.004
3251,525.1,17710000.002
3252,525.2,8945914.603
3253,525.3,4233607.064
3254,525.4,1887429.318
3255,525.5,813256.213
3256,525.6,372694.272
3257,525.7,230643.964
3258,525.8,226314.788
3259,525.9,287690.401
3260,526.0,381682.995
3261,526.1,489194.573
3262,526.2,594300.0
3263,526.3,682200.0
3264,526.4,740441.866
3265,526.5,761683.597
3266,526.6,745966.761
3267,526.7,700578.923
3268,526.8,637692.48
3269,526.9,570521.819
3270,527.0,509246.367
3271,527.1,458503.111
3272,527.2,417383.05
3273,527.3,380900.982
3274,527.4,343400.0
3275,527.5,301100.0
3276,527.6,253500.0
3277,527.7,202862.606
3278,527.8,153415.019
3279,527.9,109249.592
3280,528.0,73060.353
3281,528.1,45867.079
3282,528.2,27143.525
3283,528.3,15510.708
3284,528.4,9604.158
3285,528.5,8846.508
3286,528.6,14303.68
3287,528.7,29660.0
3288,528.8,62440.0
3289,528.9,125142.235
3290,529.0,235587.856
3291,529.1,415771.986
3292,529.2,687703.264
3293,529.3,1065562.941
3294,529.4,1547394.476
3295,529.5,2106435.099
3296,529.6,2686454.384
3297,529.7,3211678.788
3298,529.8,3600626.612
3299,529.9,3786000.0
3300,530.0,3737000.0
3301,530.1,3464000.0
3302,530.2,3020804.313
3303,530.3,2483807.355
3304,530.4,1932053.555
3305,530.5,1430635.85
3306,530.6,1016837.021
3307,530.7,706701.559
3308,530.8,493561.035
3309,530.9,361230.366
3310,531.0,289504.13
3311,531.1,259351.713
3312,531.2,254400.0
3313,531.3,262200.0
3314,531.4,273833.699
3315,531.5,284388.302
3316,531.6,292809.601
3317,531.7,301888.433
3318,531.8,319400.022
3319,531.9,359133.615
3320,532.0,442217.716
3321,532.1,598835.24
3322,532.2,866460.474
3323,532.3,1285686.67
3324,532.4,1887000.0
3325,532.5,2683000.0
3326,532.6,3649000.0
3327,532.7,4718873.523
3328,532.8,5792125.271
3329,532.9,6746665.444
3330,533.0,7472991.903
3331,533.1,7903249.225
3332,533.2,8034117.053
3333,533.3,7940962.017
3334,533.4,7758522.033
3335,533.5,7652196.881
3336,533.6,7768977.427
3337,533.7,8197000.0
3338,533.8,8937000.0
3339,533.9,9905984.509
3340,534.0,10973066.653
3341,534.1,12009583.767
3342,534.2,12972615.214
3343,534.3,13919779.551
3344,534.4,15020057.993
3345,534.5,16471321.717
3346,534.6,18451826.625
3347,534.7,21022513.759
3348,534.8,24082448.961
3349,534.9,27429999.999
3350,535.0,30829999.999
3351,535.1,34059999.999
3352,535.2,36985700.54
3353,535.3,39520847.813
3354,535.4,41566916.239
3355,535.5,42912336.904
3356,535.6,43244296.75
3357,535.7,42241787.798
3358,535.8,39719707.459
3359,535.9,35698607.744
3360,536.0,30511612.84
3361,536.1,24687857.494
3362,536.2,18870000.001
3363,536.3,13600000.001
3364,536.4,9261106.493
3365,536.5,6011409.218
3366,536.6,3838037.491
3367,536.7,2627787.466
3368,536.8,2242676.581
3369,536.9,2567571.809
3370,537.0,3514812.307
3371,537.1,5001874.358
3372,537.2,6911067.086
3373,537.3,9052377.197
3374,537.4,11160000.0
3375,537.5,12920000.0
3376,537.6,14030000.0
3377,537.7,14301617.286
3378,537.8,13688455.662
3379,537.9,12298640.358
3380,538.0,10395942.933
3381,538.1,8312376.763
3382,538.2,6373639.387
3383,538.3,4864279.859
3384,538.4,3994349.035
3385,538.5,3905211.046
3386,538.6,4684151.833
3387,538.7,6353000.0
3388,538.8,8848999.999
3389,538.9,11981154.467
3390,539.0,15435848.299
3391,539.1,18746616.312
3392,539.2,21399235.648
3393,539.3,22950657.043
3394,539.4,23102449.452
3395,539.5,21850204.508
3396,539.6,19407215.049
3397,539.7,16200178.705
3398,539.8,12724711.846
3399,539.9,9426000.001
3400,540.0,6607000.0
3401,540.1,4418000.0
3402,540.2,2865749.757
3403,540.3,1868774.443
3404,540.4,1307061.695
3405,540.5,1062346.841
3406,540.6,1035649.484
3407,540.7,1152752.457
3408,540.8,1357378.273
3409,540.9,1601169.038
3410,541.0,1850296.753
3411,541.1,2077041.948
3412,541.2,2264000.0
3413,541.3,2404000.0
3414,541.4,2495558.972
3415,541.5,2538354.956
3416,541.6,2533089.676
3417,541.7,2484272.148
3418,541.8,2401768.635
3419,541.9,2309409.429
3420,542.0,2243052.704
3421,542.1,2246608.891
3422,542.2,2362363.446
3423,542.3,2616104.765
3424,542.4,3014000.0
3425,542.5,3536000.0
3426,542.6,4145000.0
3427,542.7,4796400.082
3428,542.8,5443960.849
3429,542.9,6051025.315
3430,543.0,6590913.247
3431,543.1,7042837.135
3432,543.2,7397639.229
3433,543.3,7652798.976
3434,543.4,7822993.163
3435,543.5,7939529.221
3436,543.6,8053095.135
3437,543.7,8232000.0
3438,543.8,8555000.0
3439,543.9,9099402.303
3440,544.0,9929336.014
3441,544.1,11095976.953
3442,544.2,12578714.714
3443,544.3,14311580.092
3444,544.4,16167950.898
3445,544.5,17948361.629
3446,544.6,19406434.106
3447,544.7,20367888.549
3448,544.8,20668381.977
3449,544.9,20270000.0
3450,545.0,19250000.0
3451,545.1,17740000.0
3452,545.2,15924225.915
3453,545.3,13941061.505
3454,545.4,11934809.037
3455,545.5,9989927.648
3456,545.6,8173940.275
3457,545.7,6521420.383
3458,545.8,5067799.925
3459,545.9,3840113.98
3460,546.0,2861871.14
3461,546.1,2147711.653
3462,546.2,1704000.0
3463,546.3,1529000.0
3464,546.4,1612266.907
3465,546.5,1932365.332
3466,546.6,2453524.646
3467,546.7,3125469.979
3468,546.8,3884242.391
3469,546.9,4656521.241
3470,547.0,5375017.191
3471,547.1,5998699.228
3472,547.2,6538965.919
3473,547.3,7084294.126
3474,547.4,7820000.0
3475,547.5,9023000.0
3476,547.6,11030000.0
3477,547.7,14165385.286
3478,547.8,18636165.516
3479,547.9,24457711.177
3480,548.0,31304290.844
3481,548.1,38561782.229
3482,548.2,45365691.005
3483,548.3,50747471.024
3484,548.4,53873068.243
3485,548.5,54224020.397
3486,548.6,51706662.724
3487,548.7,46720000.001
3488,548.8,39980000.001
3489,548.9,32399823.691
3490,549.0,24862096.729
3491,549.1,18061340.918
3492,549.2,12412461.351
3493,549.3,8068087.643
3494,549.4,4959522.511
3495,549.5,2880882.452
3496,549.6,1581152.526
3497,549.7,819842.011
3498,549.8,402541.594
3499,549.9,190000.0
3500,550.0,94080.0
3501,550.1,67370.0
3502,550.2,94485.384
3503,550.3,187737.344
3504,550.4,387888.767
3505,550.5,768315.483
3506,550.6,1438351.25
3507,550.7,2538103.241
3508,550.8,4227518.027
3509,550.9,6652036.031
3510,551.0,9911999.243
3511,551.1,14040981.137
3512,551.2,19009999.999
3513,551.3,24879999.999
3514,551.4,31973671.381
3515,551.5,41277571.106
3516,551.6,54917471.691
3517,551.7,76686274.582
3518,551.8,112413685.888
3519,551.9,169956845.482
3520,552.0,258382738.714
3521,552.1,385849739.873
3522,552.2,557193551.552
3523,552.3,769724037.446
3524,552.4,1010999999.95
3525,552.5,1256999999.952
3526,552.6,1477999999.96
3527,552.7,1639182941.018
3528,552.8,1714967856.757
3529,552.9,1690925764.008
3530,553.0,1570344354.502
3531,553.1,1373882804.474
3532,553.2,1131898828.871
3533,553.3,878396982.993
3534,553.4,641862446.262
3535,553.5,441754679.663
3536,553.6,286522380.415
3537,553.7,175200000.018
3538,553.8,101300000.012
3539,553.9,55693055.076
3540,554.0,29464412.652
3541,554.1,15384761.181
3542,554.2,8294637.077
3543,554.3,4886702.634
3544,554.4,3246331.426
3545,554.5,2375708.004
3546,554.6,1811685.126
3547,554.7,1371589.534
3548,554.8,1002944.98
3549,554.9,698300.0
3550,555.0,460000.0
3551,555.1,285900.0
3552,555.2,167552.977
3553,555.3,92464.715
3554,555.4,48077.165
3555,555.5,23539.716
3556,555.6,10856.388
3557,555.7,4715.359
3558,555.8,1928.4
3559,555.9,742.91
3560,556.0,269.508
3561,556.1,92.078
3562,556.2,29.62
3563,556.3,8.976
3564,556.4,2.56
3565,556.5,0.688
3566,556.6,0.174
3567,556.7,0.042
3568,556.8,0.009
3569,556.9,0.002
3570,557.0,0.0
3571,557.1,0.0
3572,557.2,0.0
3573,557.3,0.0
3574,557.4,0.0
3575,557.5,0.0
3576,557.6,0.0
3577,557.7,0.0
3578,557.8,0.0
3579,557.9,0.0
3580,558.0,0.0
3581,558.1,0.0
3582,558.2,0.0
3583,558.3,0.0
3584,558.4,0.0
3585,558.5,0.0
3586,558.6,0.0
3587,558.7,0.0
3588,558.8,0.0
3589,558.9,0.0
3590,559.0,0.0
3591,559.1,0.0
3592,559.2,0.0
3593,559.3,0.0
3594,559.4,0.0
3595,559.5,0.0
3596,559.6,0.0
3597,559.7,0.0
3598,559.8,0.0
3599,559.9,0.0
3600,560.0,0.0
3601,560.1,0.0
3602,560.2,0.0
3603,560.3,0.0
3604,560.4,0.0
3605,560.5,0.001
3606,560.6,0.005
3607,560.7,0.019
3608,560.8,0.072
3609,560.9,0.255
3610,561.0,0.848
3611,561.1,2.667
3612,561.2,7.914
3613,561.3,22.15
3614,561.4,58.493
3615,561.5,145.774
3616,561.6,342.797
3617,561.7,760.68
3618,561.8,1593.38
3619,561.9,3154.993
3620,562.0,5906.157
3621,562.1,10485.462
3622,562.2,17746.219
3623,562.3,28911.247
3624,562.4,46120.0
3625,562.5,74060.0
3626,562.6,123700.0
3627,562.7,220591.423
3628,562.8,418952.082
3629,562.9,826508.659
3630,563.0,1638441.588
3631,563.1,3176484.654
3632,563.2,5924815.123
3633,563.3,10532388.873
3634,563.4,17751158.111
3635,563.5,28311628.848
3636,563.6,42648050.43
3637,563.7,60679999.996
3638,563.8,81499999.996
3639,563.9,103351672.585
3640,564.0,123665693.664
3641,564.1,139631451.486
3642,564.2,148813698.358
3643,564.3,149849618.864
3644,564.4,142569415.444
3645,564.5,128465191.929
3646,564.6,110281934.607
3647,564.7,91483125.868
3648,564.8,75855018.023
3649,564.9,67020000.001
3650,565.0,68239999.999
3651,565.1,82279999.996
3652,565.2,111069366.886
3653,565.3,155271342.389
3654,565.4,213470842.62
3655,565.5,281793980.444
3656,565.6,353266247.619
3657,565.7,419270042.474
3658,565.8,470150004.105
3659,565.9,497982471.29
3660,566.0,498233828.461
3661,566.1,470931662.591
3662,566.2,420700000.012
3663,566.3,355900000.014
3664,566.4,286101026.608
3665,566.5,220309289.429
3666,566.6,164792857.225
3667,566.7,123420597.378
3668,566.8,96423000.926
3669,566.9,82001770.034
3670,567.0,76893039.375
3671,567.1,77306327.71
3672,567.2,79740282.955
3673,567.3,81551730.31
3674,567.4,81340000.0
3675,567.5,79020000.001
3676,567.6,75760000.001
3677,567.7,73543089.9
3678,567.8,74712398.517
3679,567.9,81302863.478
3680,568.0,94528185.842
3681,568.1,114268176.207
3682,568.2,138884333.413
3683,568.3,165397131.079
3684,568.4,190066381.372
3685,568.5,208808939.445
3686,568.6,218384826.532
3687,568.7,217200000.001
3688,568.8,205200000.004
3689,568.9,184090255.208
3690,569.0,157173999.438
3691,569.1,128002808.002
3692,569.2,100037952.582
3693,569.3,75989005.445
3694,569.4,57492041.082
3695,569.5,45122951.298
3696,569.6,38545155.747
3697,569.7,36722374.737
3698,569.8,38225100.204
3699,569.9,41459999.999
3700,570.0,44939999.999
3701,570.1,47460000.0
3702,570.2,48298838.038
3703,570.3,47318885.352
3704,570.4,44881221.104
3705,570.5,41734962.276
3706,570.6,38763412.047
3707,570.7,36738027.529
3708,570.8,36085438.591
3709,570.9,36815032.494
3710,571.0,38526329.745
3711,571.1,40532765.079
3712,571.2,42090000.0
3713,571.3,42540000.0
3714,571.4,41536068.992
3715,571.5,39015258.684
3716,571.6,35267250.839
3717,571.7,30731941.254
3718,571.8,25951328.538
3719,571.9,21378502.794
3720,572.0,17357684.201
3721,572.1,14038624.97
3722,572.2,11442588.371
3723,572.3,9491666.031
3724,572.4,8028000.0
3725,572.5,6889000.0
3726,572.6,5936000.0
3727,572.7,5069279.317
3728,572.8,4238744.041
3729,572.9,3433540.868
3730,573.0,2675418.281
3731,573.1,1993520.256
3732,573.2,1414528.937
3733,573.3,954594.241
3734,573.4,611184.543
3735,573.5,370750.427
3736,573.6,212896.416
3737,573.7,115800.0
3738,573.8,59530.0
3739,573.9,28955.606
3740,574.0,13312.746
3741,574.1,5792.107
3742,574.2,2381.333
3743,574.3,926.054
3744,574.4,340.222
3745,574.5,118.189
3746,574.6,38.818
3747,574.7,12.058
3748,574.8,3.54
3749,574.9,0.982
3750,575.0,0.258
3751,575.1,0.064
3752,575.2,0.015
3753,575.3,0.003
3754,575.4,0.001
3755,575.5,0.0
3756,575.6,0.0
3757,575.7,0.0
3758,575.8,0.001
3759,575.9,0.005
3760,576.0,0.019
3761,576.1,0.075
3762,576.2,0.276
3763,576.3,0.959
3764,576.4,3.157
3765,576.5,9.855
3766,576.6,29.123
3767,576.7,81.592
3768,576.8,216.724
3769,576.9,545.262
3770,577.0,1301.818
3771,577.1,2944.904
3772,577.2,6321.463
3773,577.3,12873.871
3774,577.4,24860.0
3775,577.5,45600.0
3776,577.6,79410.0
3777,577.7,131398.134
3778,577.8,206634.308
3779,577.9,309070.891
3780,578.0,440078.539
3781,578.1,596770.43
3782,578.2,771311.091
3783,578.3,951254.746
3784,578.4,1119816.485
3785,578.5,1259278.178
3786,578.6,1355116.429
3787,578.7,1394000.0
3788,578.8,1373000.0
3789,578.9,1294736.737
3790,579.0,1168721.974
3791,579.1,1009636.825
3792,579.2,834424.222
3793,579.3,659248.536
3794,579.4,497615.141
3795,579.5,358571.184
3796,579.6,246385.937
3797,579.7,161255.185
3798,579.8,100500.333
3799,579.9,59620.0
3800,580.0,33610.0
3801,580.1,18000.0
3802,580.2,9154.56
3803,580.3,4418.149
3804,580.4,2022.267
3805,580.5,877.953
3806,580.6,361.428
3807,580.7,140.971
3808,580.8,52.089
3809,580.9,18.244
3810,581.0,6.049
3811,581.1,1.9
3812,581.2,0.565
3813,581.3,0.159
3814,581.4,0.042
3815,581.5,0.011
3816,581.6,0.003
3817,581.7,0.001
3818,581.8,0.0
3819,581.9,0.0
3820,582.0,0.0
3821,582.1,0.0
3822,582.2,0.0
3823,582.3,0.0
3824,582.4,0.0
3825,582.5,0.0
3826,582.6,0.0
3827,582.7,0.0
3828,582.8,0.0
3829,582.9,0.0
3830,583.0,0.0
3831,583.1,0.0
3832,583.2,0.0
3833,583.3,0.0
3834,583.4,0.0
3835,583.5,0.0
3836,583.6,0.0
3837,583.7,0.0
3838,583.8,0.0
3839,583.9,0.0
3840,584.0,0.0
3841,584.1,0.0
3842,584.2,0.0
3843,584.3,0.0
3844,584.4,0.0
3845,584.5,0.0
3846,584.6,0.0
3847,584.7,0.0
3848,584.8,0.0
3849,584.9,0.0
3850,585.0,0.0
3851,585.1,0.0
3852,585.2,0.0
3853,585.3,0.0
3854,585.4,0.0
3855,585.5,0.0
3856,585.6,0.0
3857,585.7,0.0
3858,585.8,0.0
3859,585.9,0.0
3860,586.0,0.0
3861,586.1,0.0
3862,586.2,0.0
3863,586.3,0.0
3864,586.4,0.0
3865,586.5,0.0
3866,586.6,0.0
3867,586.7,0.0
3868,586.8,0.0
3869,586.9,0.0
3870,587.0,0.0
3871,587.1,0.0
3872,587.2,0.0
3873,587.3,0.0
3874,587.4,0.0
3875,587.5,0.0
3876,587.6,0.0
3877,587.7,0.0
3878,587.8,0.0
3879,587.9,0.0
3880,588.0,0.0
3881,588.1,0.0
3882,588.2,0.0
3883,588.3,0.0
3884,588.4,0.0
3885,588.5,0.0
3886,588.6,0.0
3887,588.7,0.0
3888,588.8,0.0
3889,588.9,0.0
3890,589.0,0.0
3891,589.1,0.0
3892,589.2,0.0
3893,589.3,0.0
3894,589.4,0.0
3895,589.5,0.0
3896,589.6,0.0
3897,589.7,0.0
3898,589.8,0.0
3899,589.9,0.0
3900,590.0,0.0
3901,590.1,0.0
3902,590.2,0.0
3903,590.3,0.0
3904,590.4,0.0
3905,590.5,0.0
3906,590.6,0.0
3907,590.7,0.0
3908,590.8,0.0
3909,590.9,0.0
3910,591.0,0.0
3911,591.1,0.0
3912,591.2,0.0
3913,591.3,0.0
3914,591.4,0.0
3915,591.5,0.0
3916,591.6,0.0
3917,591.7,0.0
3918,591.8,0.0
3919,591.9,0.0
3920,592.0,0.0
3921,592.1,0.0
3922,592.2,0.0
3923,592.3,0.0
3924,592.4,0.0
3925,592.5,0.0
3926,592.6,0.0
3927,592.7,0.0
3928,592.8,0.0
3929,592.9,0.0
3930,593.0,0.0
3931,593.1,0.0
3932,593.2,0.0
3933,593.3,0.0
3934,593.4,0.0
3935,593.5,0.0
3936,593.6,0.0
3937,593.7,0.0
3938,593.8,0.0
3939,593.9,0.0
3940,594.0,0.0
3941,594.1,0.0
3942,594.2,0.0
3943,594.3,0.0
3944,594.4,0.0
3945,594.5,0.0
3946,594.6,0.0
3947,594.7,0.0
3948,594.8,0.0
3949,594.9,0.0
3950,595.0,0.0
3951,595.1,0.0
3952,595.2,0.0
3953,595.3,0.0
3954,595.4,0.0
3955,595.5,0.0
3956,595.6,0.0
3957,595.7,0.0
3958,595.8,0.0
3959,595.9,0.0
3960,596.0,0.0
3961,596.1,0.001
3962,596.2,0.004
3963,596.3,0.016
3964,596.4,0.062
3965,596.5,0.231
3966,596.6,0.819
3967,596.7,2.75
3968,596.8,8.781
3969,596.9,26.626
3970,597.0,76.748
3971,597.1,210.053
3972,597.2,546.204
3973,597.3,1348.745
3974,597.4,3165.0
3975,597.5,7053.0
3976,597.6,14930.0
3977,597.7,30028.462
3978,597.8,57356.249
3979,597.9,104051.895
3980,598.0,179393.97
3981,598.1,293845.248
3982,598.2,457032.583
3983,598.3,675249.83
3984,598.4,947776.489
3985,598.5,1264044.044
3986,598.6,1600706.957
3987,598.7,1926000.0
3988,598.8,2201000.0
3989,598.9,2389093.32
3990,599.0,2464354.397
3991,599.1,2413767.257
3992,599.2,2246698.306
3993,599.3,1986198.357
3994,599.4,1667775.4
3995,599.5,1330734.706
3996,599.6,1008068.038
3997,599.7,725609.336
3998,599.8,496186.184
3999,599.9,322300.0
4000,600.0,198800.0
4001,600.1,116500.0
4002,600.2,64885.298
4003,600.3,34318.276
4004,600.4,17240.288
4005,600.5,8231.108
4006,600.6,3740.994
4007,600.7,1637.046
4008,600.8,743.181
4009,600.9,484.292
4010,601.0,673.488
4011,601.1,1426.292
4012,601.2,3196.0
4013,601.3,6924.0
4014,601.4,14296.802
4015,601.5,28064.935
4016,601.6,52383.006
4017,601.7,92934.918
4018,601.8,156700.709
4019,601.9,251175.074
4020,602.0,382669.052
4021,602.1,554183.728
4022,602.2,762801.958
4023,602.3,998211.475
4024,602.4,1241000.0
4025,602.5,1468000.0
4026,602.6,1649000.0
4027,602.7,1761251.349
4028,602.8,1789274.406
4029,602.9,1726596.051
4030,603.0,1583564.323
4031,603.1,1381553.702
4032,603.2,1144271.812
4033,603.3,901839.217
4034,603.4,675394.434
4035,603.5,480758.553
4036,603.6,325368.397
4037,603.7,209200.0
4038,603.8,127900.0
4039,603.9,74335.415
4040,604.0,41063.201
4041,604.1,21561.261
4042,604.2,10761.919
4043,604.3,5105.025
4044,604.4,2301.796
4045,604.5,986.885
4046,604.6,401.901
4047,604.7,155.706
4048,604.8,57.313
4049,604.9,20.05
4050,605.0,6.67
4051,605.1,2.109
4052,605.2,0.634
4053,605.3,0.181
4054,605.4,0.049
4055,605.5,0.013
4056,605.6,0.003
4057,605.7,0.001
4058,605.8,0.0
4059,605.9,0.0
4060,606.0,0.0
4061,606.1,0.0
4062,606.2,0.0
4063,606.3,0.0
4064,606.4,0.0
4065,606.5,0.0
4066,606.6,0.0
4067,606.7,0.0
4068,606.8,0.0
4069,606.9,0.0
4070,607.0,0.0
4071,607.1,0.0
4072,607.2,0.0
4073,607.3,0.0
4074,607.4,0.0
4075,607.5,0.0
4076,607.6,0.0
4077,607.7,0.0
4078,607.8,0.0
4079,607.9,0.0
4080,608.0,0.0
4081,608.1,0.0
4082,608.2,0.0
4083,608.3,0.0
4084,608.4,0.0
4085,608.5,0.0
4086,608.6,0.0
4087,608.7,0.0
4088,608.8,0.0
4089,608.9,0.0
4090,609.0,0.0
4091,609.1,0.0
4092,609.2,0.0
4093,609.3,0.0
4094,609.4,0.0
4095,609.5,0.0
4096,609.6,0.0
4097,609.7,0.0
4098,609.8,0.0
4099,609.9,0.0
4100,610.0,0.0
4101,610.1,0.0
4102,610.2,0.0
4103,610.3,0.0
4104,610.4,0.0
4105,610.5,0.0
4106,610.6,0.0
4107,610.7,0.0
4108,610.8,0.0
4109,610.9,0.0
4110,611.0,0.0
4111,611.1,0.0
4112,611.2,0.0
4113,611.3,0.0
4114,611.4,0.0
4115,611.5,0.0
4116,611.6,0.0
4117,611.7,0.0
4118,611.8,0.001
4119,611.9,0.003
4120,612.0,0.012
4121,612.1,0.045
4122,612.2,0.165
4123,612.3,0.569
4124,612.4,1.872
4125,612.5,5.858
4126,612.6,17.47
4127,612.7,49.59
4128,612.8,134.063
4129,612.9,345.366
4130,613.0,847.347
4131,613.1,1979.26
4132,613.2,4404.001
4133,613.3,9331.633
4134,613.4,18837.049
4135,613.5,36205.36
4136,613.6,66279.127
4137,613.7,115600.0
4138,613.8,191900.0
4139,613.9,303517.991
4140,614.0,457151.612
4141,614.1,655824.838
4142,614.2,896026.794
4143,614.3,1166081.232
4144,614.4,1444839.336
4145,614.5,1705576.572
4146,614.6,1917040.154
4147,614.7,2052479.981
4148,614.8,2093453.697
4149,614.9,2033000.0
4150,615.0,1880000.0
4151,615.1,1656000.0
4152,615.2,1389926.737
4153,615.3,1110566.187
4154,615.4,845097.7
4155,615.5,612541.737
4156,615.6,422816.372
4157,615.7,277994.116
4158,615.8,174052.408
4159,615.9,103849.995
4160,616.0,58962.352
4161,616.1,31894.248
4162,616.2,16430.0
4163,616.3,8062.0
4164,616.4,3767.138
4165,616.5,1676.584
4166,616.6,710.863
4167,616.7,286.979
4168,616.8,110.308
4169,616.9,40.389
4170,617.0,14.094
4171,617.1,4.681
4172,617.2,1.489
4173,617.3,0.476
4174,617.4,0.234
4175,617.5,0.395
4176,617.6,1.181
4177,617.7,3.636
4178,617.8,10.741
4179,617.9,30.246
4180,618.0,81.231
4181,618.1,207.92
4182,618.2,507.197
4183,618.3,1179.34
4184,618.4,2613.775
4185,618.5,5523.049
4186,618.6,11118.989
4187,618.7,21350.0
4188,618.8,39070.0
4189,618.9,68132.043
4190,619.0,113303.564
4191,619.1,179540.21
4192,619.2,271221.92
4193,619.3,390628.407
4194,619.4,536465.87
4195,619.5,702735.446
4196,619.6,878511.563
4197,619.7,1049279.133
4198,619.8,1198542.638
4199,619.9,1314000.0
4200,620.0,1389000.0
4201,620.1,1427000.0
4202,620.2,1443716.061
4203,620.3,1461887.08
4204,620.4,1509396.112
4205,620.5,1613118.528
4206,620.6,1787681.76
4207,620.7,2035326.962
4208,620.8,2337531.702
4209,620.9,2658788.251
4210,621.0,2953801.702
4211,621.1,3173345.631
4212,621.2,3278000.0
4213,621.3,3243000.0
4214,621.4,3066919.355
4215,621.5,2769078.682
4216,621.6,2385331.268
4217,621.7,1959918.888
4218,621.8,1535634.711
4219,621.9,1148006.307
4220,622.0,817362.018
4221,622.1,555264.538
4222,622.2,359746.593
4223,622.3,222694.987
4224,622.4,132400.0
4225,622.5,77250.0
4226,622.6,47630.0
4227,622.7,37043.912
4228,622.8,42616.585
4229,622.9,65033.853
4230,623.0,108231.394
4231,623.1,178804.351
4232,623.2,284821.736
4233,623.3,433897.039
4234,623.4,631723.939
4235,623.5,878357.475
4236,623.6,1167463.709
4237,623.7,1486000.0
4238,623.8,1813000.0
4239,623.9,2128903.172
4240,624.0,2416172.959
4241,624.1,2667522.735
4242,624.2,2892075.946
4243,624.3,3108997.635
4244,624.4,3347672.091
4245,624.5,3636827.215
4246,624.6,3991506.889
4247,624.7,4407651.145
4248,624.8,4853676.586
4249,624.9,5280000.0
4250,625.0,5626000.0
4251,625.1,5838000.0
4252,625.2,5885611.738
4253,625.3,5766935.867
4254,625.4,5514917.239
4255,625.5,5186300.129
4256,625.6,4845784.253
4257,625.7,4552083.318
4258,625.8,4340529.594
4259,625.9,4220564.757
4260,626.0,4171142.088
4261,626.1,4150996.485
4262,626.2,4112000.0
4263,626.3,4009000.0
4264,626.4,3812160.475
4265,626.5,3514991.301
4266,626.6,3129428.349
4267,626.7,2685821.261
4268,626.8,2219744.465
4269,626.9,1774588.11
4270,627.0,1381784.559
4271,627.1,1067034.721
4272,627.2,843734.591
4273,627.3,717295.246
4274,627.4,685600.0
4275,627.5,742900.0
4276,627.6,881500.0
4277,627.7,1092274.23
4278,627.8,1365826.714
4279,627.9,1688144.394
4280,628.0,2041841.202
4281,628.1,2405342.808
4282,628.2,2752196.597
4283,628.3,3053147.074
4284,628.4,3280965.804
4285,628.5,3414883.991
4286,628.6,3444263.927
4287,628.7,3372000.0
4288,628.8,3213000.0
4289,628.9,2992421.098
4290,629.0,2737342.416
4291,629.1,2476537.32
4292,629.2,2230898.798
4293,629.3,2014758.618
4294,629.4,1838512.005
4295,629.5,1708286.762
4296,629.6,1635944.158
4297,629.7,1638071.957
4298,629.8,1734752.039
4299,629.9,1950000.0
4300,630.0,2302000.0
4301,630.1,2792000.0
4302,630.2,3400959.488
4303,630.3,4084089.405
4304,630.4,4773442.738
4305,630.5,5386427.875
4306,630.6,5838823.899
4307,630.7,6064798.898
4308,630.8,6026454.359
4309,630.9,5722646.113
4310,631.0,5192324.788
4311,631.1,4498578.006
4312,631.2,3723000.0
4313,631.3,2941000.0
4314,631.4,2219144.733
4315,631.5,1598351.079
4316,631.6,1099123.46
4317,631.7,721473.104
4318,631.8,452210.768
4319,631.9,270663.033
4320,632.0,154662.339
4321,632.1,84358.219
4322,632.2,43939.38
4323,632.3,21850.361
4324,632.4,10370.0
4325,632.5,4702.0
4326,632.6,2035.0
4327,632.7,840.844
4328,632.8,331.706
4329,632.9,124.907
4330,633.0,44.919
4331,633.1,15.425
4332,633.2,5.055
4333,633.3,1.582
4334,633.4,0.473
4335,633.5,0.135
4336,633.6,0.037
4337,633.7,0.01
4338,633.8,0.002
4339,633.9,0.001
4340,634.0,0.0
4341,634.1,0.0
4342,634.2,0.0
4343,634.3,0.0
4344,634.4,0.0
4345,634.5,0.0
4346,634.6,0.0
4347,634.7,0.0
4348,634.8,0.0
4349,634.9,0.0
4350,635.0,0.0
4351,635.1,0.001
4352,635.2,0.002
4353,635.3,0.007
4354,635.4,0.025
4355,635.5,0.081
4356,635.6,0.254
4357,635.7,0.755
4358,635.8,2.149
4359,635.9,5.847
4360,636.0,15.196
4361,636.1,37.75
4362,636.2,89.65
4363,636.3,203.5
4364,636.4,441.254
4365,636.5,914.655
4366,636.6,1811.695
4367,636.7,3430.742
4368,636.8,6207.883
4369,636.9,10734.177
4370,637.0,17746.965
4371,637.1,28037.942
4372,637.2,42336.449
4373,637.3,61078.913
4374,637.4,84240.0
4375,637.5,111000.0
4376,637.6,139900.0
4377,637.7,168370.17
4378,637.8,193750.938
4379,637.9,213106.188
4380,638.0,223975.34
4381,638.1,225024.055
4382,638.2,216024.84
4383,638.3,198242.46
4384,638.4,173847.614
4385,638.5,145685.759
4386,638.6,116744.721
4387,638.7,89350.0
4388,638.8,65380.0
4389,638.9,45716.562
4390,639.0,30558.335
4391,639.1,19522.012
4392,639.2,11915.761
4393,639.3,6956.013
4394,639.4,3886.738
4395,639.5,2090.665
4396,639.6,1110.891
4397,639.7,647.783
4398,639.8,536.351
4399,639.9,732.8
4400,640.0,1306.0
4401,640.1,2442.0
4402,640.2,4464.497
4403,640.3,7840.809
4404,640.4,13174.37
4405,640.5,21185.317
4406,640.6,32566.835
4407,640.7,47861.14
4408,640.8,67273.841
4409,640.9,90410.065
4410,641.0,116143.391
4411,641.1,142733.23
4412,641.2,167700.0
4413,641.3,188500.0
4414,641.4,202432.361
4415,641.5,207958.964
4416,641.6,204283.211
4417,641.7,191883.106
4418,641.8,172278.442
4419,641.9,147950.264
4420,642.0,121461.354
4421,642.1,95416.659
4422,642.2,71628.088
4423,642.3,51419.253
4424,642.4,35300.0
4425,642.5,23170.0
4426,642.6,14540.0
4427,642.7,8726.457
4428,642.8,5008.313
4429,642.9,2747.662
4430,643.0,1442.191
4431,643.1,723.347
4432,643.2,347.043
4433,643.3,159.174
4434,643.4,69.829
4435,643.5,29.287
4436,643.6,11.74
4437,643.7,4.504
4438,643.8,1.652
4439,643.9,0.579
4440,644.0,0.194
4441,644.1,0.062
4442,644.2,0.019
4443,644.3,0.006
4444,644.4,0.002
4445,644.5,0.0
4446,644.6,0.0
4447,644.7,0.0
4448,644.8,0.0
4449,644.9,0.0
4450,645.0,0.0
4451,645.1,0.0
4452,645.2,0.0
4453,645.3,0.0
4454,645.4,0.0
4455,645.5,0.0
4456,645.6,0.0
4457,645.7,0.0
4458,645.8,0.0
4459,645.9,0.0
4460,646.0,0.0
4461,646.1,0.0
4462,646.2,0.0
4463,646.3,0.0
4464,646.4,0.0
4465,646.5,0.0
4466,646.6,0.0
4467,646.7,0.0
4468,646.8,0.0
4469,646.9,0.0
4470,647.0,0.0
4471,647.1,0.0
4472,647.2,0.0
4473,647.3,0.0
4474,647.4,0.0
4475,647.5,0.0
4476,647.6,0.0
4477,647.7,0.0
4478,647.8,0.0
4479,647.9,0.0
4480,648.0,0.0
4481,648.1,0.0
4482,648.2,0.0
4483,648.3,0.0
4484,648.4,0.0
4485,648.5,0.0
4486,648.6,0.0
4487,648.7,0.0
4488,648.8,0.0
4489,648.9,0.0
4490,649.0,0.0
4491,649.1,0.0
4492,649.2,0.0
4493,649.3,0.0
4494,649.4,0.0
4495,649.5,0.0
4496,649.6,0.0
4497,649.7,0.0
4498,649.8,0.0
4499,649.9,0.0
4500,650.0,0.0
4501,650.1,0.0
4502,650.2,0.0
4503,650.3,0.0
4504,650.4,0.0
4505,650.5,0.0
4506,650.6,0.0
4507,650.7,0.0
4508,650.8,0.0
4509,650.9,0.0
4510,651.0,0.0
4511,651.1,0.0
4512,651.2,0.0
4513,651.3,0.0
4514,651.4,0.0
4515,651.5,0.0
4516,651.6,0.0
4517,651.7,0.0
4518,651.8,0.0
4519,651.9,0.0
4520,652.0,0.0
4521,652.1,0.0
4522,652.2,0.0
4523,652.3,0.0
4524,652.4,0.0
4525,652.5,0.0
4526,652.6,0.0
4527,652.7,0.0
4528,652.8,0.0
4529,652.9,0.0
4530,653.0,0.0
4531,653.1,0.0
4532,653.2,0.0
4533,653.3,0.0
4534,653.4,0.0
4535,653.5,0.0
4536,653.6,0.0
4537,653.7,0.0
4538,653.8,0.0
4539,653.9,0.0
4540,654.0,0.0
4541,654.1,0.0
4542,654.2,0.0
4543,654.3,0.0
4544,654.4,0.0
4545,654.5,0.0
4546,654.6,0.0
4547,654.7,0.0
4548,654.8,0.0
4549,654.9,0.0
4550,655.0,0.0
4551,655.1,0.0
4552,655.2,0.0
4553,655.3,0.0
4554,655.4,0.0
4555,655.5,0.0
4556,655.6,0.0
4557,655.7,0.0
4558,655.8,0.0
4559,655.9,0.0
4560,656.0,0.0
4561,656.1,0.0
4562,656.2,0.0
4563,656.3,0.0
4564,656.4,0.0
4565,656.5,0.0
4566,656.6,0.0
4567,656.7,0.0
4568,656.8,0.0
4569,656.9,0.0
4570,657.0,0.0
4571,657.1,0.0
4572,657.2,0.0
4573,657.3,0.0
4574,657.4,0.0
4575,657.5,0.0
4576,657.6,0.0
4577,657.7,0.0
4578,657.8,0.0
4579,657.9,0.0
4580,658.0,0.0
4581,658.1,0.0
4582,658.2,0.0
4583,658.3,0.0
4584,658.4,0.0
4585,658.5,0.0
4586,658.6,0.0
4587,658.7,0.0
4588,658.8,0.0
4589,658.9,0.0
4590,659.0,0.0
4591,659.1,0.0
4592,659.2,0.0
4593,659.3,0.0
4594,659.4,0.0
4595,659.5,0.0
4596,659.6,0.0
4597,659.7,0.0
4598,659.8,0.0
4599,659.9,0.0
4600,660.0,0.0
4601,660.1,0.0
4602,660.2,0.0
4603,660.3,0.0
4604,660.4,0.0
4605,660.5,0.0
4606,660.6,0.0
4607,660.7,0.0
4608,660.8,0.0
4609,660.9,0.0
4610,661.0,0.0
4611,661.1,0.0
4612,661.2,0.0
4613,661.3,0.0
4614,661.4,0.0
4615,661.5,0.0
4616,661.6,0.0
4617,661.7,0.0
4618,661.8,0.0
4619,661.9,0.0
4620,662.0,0.0
4621,662.1,0.0
4622,662.2,0.0
4623,662.3,0.0
4624,662.4,0.0
4625,662.5,0.0
4626,662.6,0.0
4627,662.7,0.0
4628,662.8,0.0
4629,662.9,0.0
4630,663.0,0.0
4631,663.1,0.0
4632,663.2,0.0
4633,663.3,0.001
4634,663.4,0.005
4635,663.5,0.015
4636,663.6,0.047
4637,663.7,0.14
4638,663.8,0.401
4639,663.9,1.103
4640,664.0,2.916
4641,664.1,7.391
4642,664.2,17.969
4643,664.3,41.915
4644,664.4,93.808
4645,664.5,201.347
4646,664.6,414.811
4647,664.7,819.568
4648,664.8,1553.415
4649,664.9,2826.0
4650,665.0,4931.0
4651,665.1,8255.0
4652,665.2,13258.797
4653,665.3,20444.382
4654,665.4,30253.798
4655,665.5,42962.926
4656,665.6,58585.176
4657,665.7,76729.194
4658,665.8,96576.255
4659,665.9,116797.279
4660,666.0,136016.897
4661,666.1,152597.907
4662,666.2,165100.0
4663,666.3,172800.0
4664,666.4,175242.479
4665,666.5,172782.892
4666,666.6,166239.728
4667,666.7,156613.354
4668,666.8,145090.143
4669,666.9,132364.705
4670,667.0,119255.904
4671,667.1,106059.715
4672,667.2,92992.614
4673,667.3,80149.115
4674,667.4,67660.0
4675,667.5,55750.0
4676,667.6,44670.0
4677,667.7,34695.618
4678,667.8,26053.563
4679,667.9,18887.345
4680,668.0,13190.638
4681,668.1,8866.779
4682,668.2,5731.402
4683,668.3,3559.796
4684,668.4,2124.278
4685,668.5,1216.931
4686,668.6,669.25
4687,668.7,353.3
4688,668.8,179.0
4689,668.9,87.006
4690,669.0,40.593
4691,669.1,18.172
4692,669.2,7.805
4693,669.3,3.217
4694,669.4,1.271
4695,669.5,0.482
4696,669.6,0.176
4697,669.7,0.061
4698,669.8,0.021
4699,669.9,0.007
4700,670.0,0.002
4701,670.1,0.001
4702,670.2,0.0
4703,670.3,0.0
4704,670.4,0.0
4705,670.5,0.0
4706,670.6,0.0
4707,670.7,0.0
4708,670.8,0.0
4709,670.9,0.0
4710,671.0,0.0
4711,671.1,0.0
4712,671.2,0.0
4713,671.3,0.0
4714,671.4,0.0
4715,671.5,0.0
4716,671.6,0.0
4717,671.7,0.0
4718,671.8,0.0
4719,671.9,0.0
4720,672.0,0.0
4721,672.1,0.0
4722,672.2,0.0
4723,672.3,0.0
4724,672.4,0.0
4725,672.5,0.0
4726,672.6,0.0
4727,672.7,0.0
4728,672.8,0.0
4729,672.9,0.0
4730,673.0,0.0
4731,673.1,0.0
4732,673.2,0.0
4733,673.3,0.0
4734,673.4,0.0
4735,673.5,0.0
4736,673.6,0.0
4737,673.7,0.0
4738,673.8,0.0
4739,673.9,0.0
4740,674.0,0.0
4741,674.1,0.0
4742,674.2,0.0
4743,674.3,0.0
4744,674.4,0.0
4745,674.5,0.0
4746,674.6,0.0
4747,674.7,0.0
4748,674.8,0.0
4749,674.9,0.0
4750,675.0,0.0
4751,675.1,0.0
4752,675.2,0.0
4753,675.3,0.0
4754,675.4,0.0
4755,675.5,0.0
4756,675.6,0.0
4757,675.7,0.0
4758,675.8,0.0
4759,675.9,0.0
4760,676.0,0.0
4761,676.1,0.0
4762,676.2,0.0
4763,676.3,0.0
4764,676.4,0.0
4765,676.5,0.0
4766,676.6,0.0
4767,676.7,0.0
4768,676.8,0.0
4769,676.9,0.0
4770,677.0,0.0
4771,677.1,0.0
4772,677.2,0.0
4773,677.3,0.0
4774,677.4,0.0
4775,677.5,0.0
4776,677.6,0.0
4777,677.7,0.0
4778,677.8,0.0
4779,677.9,0.0
4780,678.0,0.0
4781,678.1,0.0
4782,678.2,0.0
4783,678.3,0.0
4784,678.4,0.0
4785,678.5,0.0
4786,678.6,0.0
4787,678.7,0.0
4788,678.8,0.0
4789,678.9,0.0
4790,679.0,0.0
4791,679.1,0.0
4792,679.2,0.0
4793,679.3,0.0
4794,679.4,0.0
4795,679.5,0.0
4796,679.6,0.0
4797,679.7,0.0
4798,679.8,0.0
4799,679.9,0.0
4800,680.0,0.0
4801,680.1,0.0
4802,680.2,0.0
4803,680.3,0.0
4804,680.4,0.0
4805,680.5,0.0
4806,680.6,0.0
4807,680.7,0.0
4808,680.8,0.0
4809,680.9,0.0
4810,681.0,0.0
4811,681.1,0.0
4812,681.2,0.0
4813,681.3,0.0
4814,681.4,0.0
4815,681.5,0.0
4816,681.6,0.0
4817,681.7,0.0
4818,681.8,0.0
4819,681.9,0.0
4820,682.0,0.0
4821,682.1,0.0
4822,682.2,0.0
4823,682.3,0.0
4824,682.4,0.0
4825,682.5,0.0
4826,682.6,0.0
4827,682.7,0.0
4828,682.8,0.0
4829,682.9,0.0
4830,683.0,0.0
4831,683.1,0.0
4832,683.2,0.0
4833,683.3,0.0
4834,683.4,0.0
4835,683.5,0.0
4836,683.6,0.0
4837,683.7,0.0
4838,683.8,0.0
4839,683.9,0.0
4840,684.0,0.0
4841,684.1,0.0
4842,684.2,0.0
4843,684.3,0.0
4844,684.4,0.0
4845,684.5,0.0
4846,684.6,0.0
4847,684.7,0.0
4848,684.8,0.0
4849,684.9,0.0
4850,685.0,0.0
4851,685.1,0.0
4852,685.2,0.0
4853,685.3,0.001
4854,685.4,0.004
4855,685.5,0.014
4856,685.6,0.045
4857,685.7,0.133
4858,685.8,0.382
4859,685.9,1.054
4860,686.0,2.798
4861,686.1,7.141
4862,686.2,17.54
4863,686.3,41.44
4864,686.4,94.156
4865,686.5,205.918
4866,686.6,433.143
4867,686.7,876.072
4868,686.8,1706.149
4869,686.9,3193.81
4870,687.0,5752.778
4871,687.1,9966.332
4872,687.2,16610.274
4873,687.3,26643.99
4874,687.4,41090.0
4875,687.5,60980.0
4876,687.6,87040.0
4877,687.7,119518.081
4878,687.8,157882.357
4879,687.9,200645.955
4880,688.0,245327.232
4881,688.1,288470.705
4882,688.2,326357.391
4883,688.3,355191.205
4884,688.4,371841.238
4885,688.5,374515.029
4886,688.6,362818.864
4887,688.7,338200.0
4888,688.8,303200.0
4889,688.9,261496.245
4890,689.0,216972.941
4891,689.1,173211.221
4892,689.2,133043.274
4893,689.3,98227.876
4894,689.4,69817.053
4895,689.5,47727.5
4896,689.6,31387.102
4897,689.7,19853.405
4898,689.8,12082.973
4899,689.9,7074.0
4900,690.0,3984.0
4901,690.1,2159.0
4902,690.2,1125.995
4903,690.3,566.762
4904,690.4,278.939
4905,690.5,142.804
4906,690.6,94.502
4907,690.7,108.73
4908,690.8,190.156
4909,690.9,373.509
4910,691.0,730.8
4911,691.1,1385.74
4912,691.2,2532.0
4913,691.3,4453.0
4914,691.4,7535.942
4915,691.5,12274.307
4916,691.6,19238.441
4917,691.7,29020.304
4918,691.8,42120.649
4919,691.9,58834.436
4920,692.0,79081.552
4921,692.1,102303.693
4922,692.2,127336.429
4923,692.3,152569.224
4924,692.4,175800.0
4925,692.5,195000.0
4926,692.6,208200.0
4927,692.7,213881.171
4928,692.8,211399.249
4929,692.9,201114.485
4930,693.0,184128.566
4931,693.1,162198.138
4932,693.2,137542.174
4933,693.3,112158.703
4934,693.4,88060.438
4935,693.5,66529.259
4936,693.6,48367.265
4937,693.7,33840.0
4938,693.8,22780.0
4939,693.9,14757.472
4940,694.0,9202.851
4941,694.1,5521.061
4942,694.2,3187.785
4943,694.3,1770.725
4944,694.4,946.812
4945,694.5,487.231
4946,694.6,241.231
4947,694.7,114.936
4948,694.8,52.706
4949,694.9,23.26
4950,695.0,9.893
4951,695.1,4.093
4952,695.2,1.759
4953,695.3,1.095
4954,695.4,1.585
4955,695.5,3.717
4956,695.6,9.361
4957,695.7,23.061
4958,695.8,54.833
4959,695.9,125.587
4960,696.0,277.04
4961,696.1,588.615
4962,696.2,1204.0
4963,696.3,2374.0
4964,696.4,4504.686
4965,696.5,8235.6
4966,696.6,14497.441
4967,696.7,24582.243
4968,696.8,40148.869
4969,696.9,63160.277
4970,697.0,95689.5
4971,697.1,139690.52
4972,697.2,196342.808
4973,697.3,265795.031
4974,697.4,346700.0
4975,697.5,435500.0
4976,697.6,527000.0
4977,697.7,614299.807
4978,697.8,689792.923
4979,697.9,746090.296
4980,698.0,777396.46
4981,698.1,780307.842
4982,698.2,754521.142
4983,698.3,702850.945
4984,698.4,630751.287
4985,698.5,545280.085
4986,698.6,454139.656
4987,698.7,364400.0
4988,698.8,281700.0
4989,698.9,209819.783
4990,699.0,150607.382
4991,699.1,104076.882
4992,699.2,69347.613
4993,699.3,44508.129
4994,699.4,27522.249
4995,699.5,16398.811
4996,699.6,9412.731
4997,699.7,5207.049
4998,699.8,2774.817
4999,699.9,1425.0
5000,700.0,705.1
5001,700.1,336.2
5002,700.2,154.455
5003,700.3,68.367
5004,700.4,29.155
5005,700.5,11.984
5006,700.6,4.746
5007,700.7,1.812
5008,700.8,0.666
5009,700.9,0.236
5010,701.0,0.081
5011,701.1,0.026
5012,701.2,0.008
5013,701.3,0.003
5014,701.4,0.001
5015,701.5,0.0
5016,701.6,0.0
5017,701.7,0.0
5018,701.8,0.0
5019,701.9,0.0
5020,702.0,0.0
5021,702.1,0.0
5022,702.2,0.0
5023,702.3,0.0
5024,702.4,0.0
5025,702.5,0.0
5026,702.6,0.0
5027,702.7,0.0
5028,702.8,0.0
5029,702.9,0.0
5030,703.0,0.0
5031,703.1,0.0
5032,703.2,0.0
5033,703.3,0.0
5034,703.4,0.0
5035,703.5,0.0
5036,703.6,0.0
5037,703.7,0.0
5038,703.8,0.0
5039,703.9,0.0
5040,704.0,0.0
5041,704.1,0.0
5042,704.2,0.0
5043,704.3,0.0
5044,704.4,0.0
5045,704.5,0.0
5046,704.6,0.0
5047,704.7,0.0
5048,704.8,0.0
5049,704.9,0.0
5050,705.0,0.0
5051,705.1,0.0
5052,705.2,0.0
5053,705.3,0.0
5054,705.4,0.0
5055,705.5,0.0
5056,705.6,0.0
5057,705.7,0.0
5058,705.8,0.0
5059,705.9,0.0
5060,706.0,0.0
5061,706.1,0.0
5062,706.2,0.0
5063,706.3,0.0
5064,706.4,0.0
5065,706.5,0.0
5066,706.6,0.0
5067,706.7,0.0
5068,706.8,0.0
5069,706.9,0.0
5070,707.0,0.0
5071,707.1,0.0
5072,707.2,0.0
5073,707.3,0.0
5074,707.4,0.0
5075,707.5,0.0
5076,707.6,0.0
5077,707.7,0.0
5078,707.8,0.0
5079,707.9,0.0
5080,708.0,0.0
5081,708.1,0.0
5082,708.2,0.0
5083,708.3,0.0
5084,708.4,0.0
5085,708.5,0.0
5086,708.6,0.0
5087,708.7,0.0
5088,708.8,0.0
5089,708.9,0.0
5090,709.0,0.0
5091,709.1,0.0
5092,709.2,0.0
5093,709.3,0.0
5094,709.4,0.0
5095,709.5,0.0
5096,709.6,0.0
5097,709.7,0.0
5098,709.8,0.0
5099,709.9,0.0
5100,710.0,0.0
5101,710.1,0.0
5102,710.2,0.0
5103,710.3,0.0
5104,710.4,0.0
5105,710.5,0.0
5106,710.6,0.0
5107,710.7,0.0
5108,710.8,0.0
5109,710.9,0.0
5110,711.0,0.0
5111,711.1,0.0
5112,711.2,0.0
5113,711.3,0.0
5114,711.4,0.0
5115,711.5,0.0
5116,711.6,0.0
5117,711.7,0.0
5118,711.8,0.0
5119,711.9,0.0
5120,712.0,0.0
5121,712.1,0.0
5122,712.2,0.0
5123,712.3,0.0
5124,712.4,0.0
5125,712.5,0.0
5126,712.6,0.0
5127,712.7,0.0
5128,712.8,0.0
5129,712.9,0.0
5130,713.0,0.0
5131,713.1,0.0
5132,713.2,0.0
5133,713.3,0.0
5134,713.4,0.0
5135,713.5,0.0
5136,713.6,0.0
5137,713.7,0.0
5138,713.8,0.0
5139,713.9,0.0
5140,714.0,0.0
5141,714.1,0.0
5142,714.2,0.0
5143,714.3,0.0
5144,714.4,0.0
5145,714.5,0.0
5146,714.6,0.0
5147,714.7,0.0
5148,714.8,0.0
5149,714.9,0.0
5150,715.0,0.0
5151,715.1,0.0
5152,715.2,0.0
5153,715.3,0.0
5154,715.4,0.0
5155,715.5,0.0
5156,715.6,0.0
5157,715.7,0.0
5158,715.8,0.0
5159,715.9,0.0
5160,716.0,0.0
5161,716.1,0.0
5162,716.2,0.0
5163,716.3,0.0
5164,716.4,0.0
5165,716.5,0.0
5166,716.6,0.0
5167,716.7,0.0
5168,716.8,0.0
5169,716.9,0.0
5170,717.0,0.0
5171,717.1,0.0
5172,717.2,0.0
5173,717.3,0.0
5174,717.4,0.0
5175,717.5,0.0
5176,717.6,0.0
5177,717.7,0.0
5178,717.8,0.0
5179,717.9,0.0
5180,718.0,0.0
5181,718.1,0.0
5182,718.2,0.0
5183,718.3,0.0
5184,718.4,0.0
5185,718.5,0.0
5186,718.6,0.0
5187,718.7,0.0
5188,718.8,0.0
5189,718.9,0.0
5190,719.0,0.0
5191,719.1,0.0
5192,719.2,0.0
5193,719.3,0.0
5194,719.4,0.0
5195,719.5,0.0
5196,719.6,0.0
5197,719.7,0.0
5198,719.8,0.0
5199,719.9,0.0
5200,720.0,0.0
5201,720.1,0.0
5202,720.2,0.0
5203,720.3,0.0
5204,720.4,0.0
5205,720.5,0.0
5206,720.6,0.0
5207,720.7,0.0
5208,720.8,0.0
5209,720.9,0.0
5210,721.0,0.0
5211,721.1,0.0
5212,721.2,0.0
5213,721.3,0.0
5214,721.4,0.0
5215,721.5,0.0
5216,721.6,0.0
5217,721.7,0.0
5218,721.8,0.0
5219,721.9,0.0
5220,722.0,0.0
5221,722.1,0.0
5222,722.2,0.0
5223,722.3,0.0
5224,722.4,0.0
5225,722.5,0.0
5226,722.6,0.0
5227,722.7,0.0
5228,722.8,0.0
5229,722.9,0.0
5230,723.0,0.0
5231,723.1,0.0
5232,723.2,0.0
5233,723.3,0.0
5234,723.4,0.0
5235,723.5,0.0
5236,723.6,0.0
5237,723.7,0.0
5238,723.8,0.0
5239,723.9,0.0
5240,724.0,0.0
5241,724.1,0.0
5242,724.2,0.0
5243,724.3,0.0
5244,724.4,0.0
5245,724.5,0.0
5246,724.6,0.0
5247,724.7,0.0
5248,724.8,0.0
5249,724.9,0.0
5250,725.0,0.0
5251,725.1,0.0
5252,725.2,0.0
5253,725.3,0.0
5254,725.4,0.0
5255,725.5,0.0
5256,725.6,0.0
5257,725.7,0.0
5258,725.8,0.0
5259,725.9,0.0
5260,726.0,0.0
5261,726.1,0.0
5262,726.2,0.0
5263,726.3,0.0
5264,726.4,0.0
5265,726.5,0.0
5266,726.6,0.0
5267,726.7,0.0
5268,726.8,0.0
5269,726.9,0.0
5270,727.0,0.0
5271,727.1,0.0
5272,727.2,0.0
5273,727.3,0.0
5274,727.4,0.0
5275,727.5,0.0
5276,727.6,0.0
5277,727.7,0.0
5278,727.8,0.0
5279,727.9,0.0
5280,728.0,0.0
5281,728.1,0.0
5282,728.2,0.0
5283,728.3,0.0
5284,728.4,0.0
5285,728.5,0.0
5286,728.6,0.0
5287,728.7,0.0
5288,728.8,0.0
5289,728.9,0.0
5290,729.0,0.0
5291,729.1,0.0
5292,729.2,0.0
5293,729.3,0.0
5294,729.4,0.0
5295,729.5,0.0
5296,729.6,0.0
5297,729.7,0.0
5298,729.8,0.0
5299,729.9,0.0
5300,730.0,0.0
5301,730.1,0.0
5302,730.2,0.0
5303,730.3,0.0
5304,730.4,0.0
5305,730.5,0.0
5306,730.6,0.0
5307,730.7,0.0
5308,730.8,0.0
5309,730.9,0.0
5310,731.0,0.0
5311,731.1,0.0
5312,731.2,0.0
5313,731.3,0.0
5314,731.4,0.0
5315,731.5,0.0
5316,731.6,0.0
5317,731.7,0.0
5318,731.8,0.0
5319,731.9,0.0
5320,732.0,0.0
5321,732.1,0.0
5322,732.2,0.0
5323,732.3,0.0
5324,732.4,0.001
5325,732.5,0.004
5326,732.6,0.011
5327,732.7,0.032
5328,732.8,0.089
5329,732.9,0.242
5330,733.0,0.637
5331,733.1,1.621
5332,733.2,3.98
5333,733.3,9.451
5334,733.4,21.688
5335,733.5,48.106
5336,733.6,103.132
5337,733.7,213.7
5338,733.8,428.0
5339,733.9,828.506
5340,734.0,1549.976
5341,734.1,2803.481
5342,734.2,4899.607
5343,734.3,8275.897
5344,734.4,13514.399
5345,734.5,21325.34
5346,734.6,32532.961
5347,734.7,47953.304
5348,734.8,68325.636
5349,734.9,94090.0
5350,735.0,125200.0
5351,735.1,161100.0
5352,735.2,200377.641
5353,735.3,240783.981
5354,735.4,279668.27
5355,735.5,314054.228
5356,735.6,340782.028
5357,735.7,357438.569
5358,735.8,362300.657
5359,735.9,355032.993
5360,736.0,336143.113
5361,736.1,307682.076
5362,736.2,272200.0
5363,736.3,232700.0
5364,736.4,192384.755
5365,736.5,153601.067
5366,736.6,118649.085
5367,736.7,88500.022
5368,736.8,63820.566
5369,736.9,44492.661
5370,737.0,29977.256
5371,737.1,19524.222
5372,737.2,12287.235
5373,737.3,7473.35
5374,737.4,4395.0
5375,737.5,2499.0
5376,737.6,1377.0
5377,737.7,740.166
5378,737.8,401.403
5379,737.9,247.084
5380,738.0,221.643
5381,738.1,316.758
5382,738.2,571.411
5383,738.3,1080.6
5384,738.4,2015.503
5385,738.5,3651.57
5386,738.6,6402.319
5387,738.7,10860.0
5388,738.8,17800.0
5389,738.9,28224.562
5390,739.0,43263.8
5391,739.1,64129.428
5392,739.2,91905.909
5393,739.3,127358.536
5394,739.4,170681.391
5395,739.5,221095.784
5396,739.6,276997.738
5397,739.7,335568.436
5398,739.8,393080.703
5399,739.9,445200.0
5400,740.0,487500.0
5401,740.1,516200.0
5402,740.2,528542.214
5403,740.3,523184.695
5404,740.4,500763.22
5405,740.5,463556.59
5406,740.6,414839.463
5407,740.7,358975.525
5408,740.8,300328.708
5409,740.9,243010.563
5410,741.0,190088.367
5411,741.1,143809.876
5412,741.2,105100.0
5413,741.3,74360.0
5414,741.4,50845.364
5415,741.5,33613.449
5416,741.6,21487.627
5417,741.7,13286.052
5418,741.8,7939.114
5419,741.9,4588.366
5420,742.0,2563.719
5421,742.1,1385.323
5422,742.2,723.757
5423,742.3,365.564
5424,742.4,178.6
5425,742.5,84.36
5426,742.6,38.55
5427,742.7,17.069
5428,742.8,7.403
5429,742.9,3.298
5430,743.0,1.816
5431,743.1,1.692
5432,743.2,2.538
5433,743.3,4.464
5434,743.4,7.943
5435,743.5,13.794
5436,743.6,23.227
5437,743.7,37.83
5438,743.8,59.62
5439,743.9,90.89
5440,744.0,134.046
5441,744.1,191.143
5442,744.2,263.868
5443,744.3,352.153
5444,744.4,454.763
5445,744.5,568.054
5446,744.6,686.426
5447,744.7,802.348
5448,744.8,907.132
5449,744.9,992.2
5450,745.0,1050.0
5451,745.1,1075.0
5452,745.2,1063.888
5453,745.3,1019.238
5454,745.4,943.975
5455,745.5,846.04
5456,745.6,733.504
5457,745.7,615.186
5458,745.8,499.087
5459,745.9,391.691
5460,746.0,297.329
5461,746.1,218.323
5462,746.2,155.1
5463,746.3,106.6
5464,746.4,70.859
5465,746.5,45.566
5466,746.6,28.344
5467,746.7,17.057
5468,746.8,9.928
5469,746.9,5.59
5470,747.0,3.044
5471,747.1,1.604
5472,747.2,0.818
5473,747.3,0.403
5474,747.4,0.192
5475,747.5,0.089
5476,747.6,0.04
5477,747.7,0.017
5478,747.8,0.007
5479,747.9,0.003
5480,748.0,0.001
5481,748.1,0.0
5482,748.2,0.0
5483,748.3,0.0
5484,748.4,0.0
5485,748.5,0.0
5486,748.6,0.0
5487,748.7,0.0
5488,748.8,0.0
5489,748.9,0.0
5490,749.0,0.0
5491,749.1,0.0
5492,749.2,0.0
5493,749.3,0.0
5494,749.4,0.0
5495,749.5,0.0
5496,749.6,0.0
5497,749.7,0.0
5498,749.8,0.0
5499,749.9,0.0
5500,750.0,0.0
5501,750.1,0.0
5502,750.2,0.0
5503,750.3,0.0
5504,750.4,0.0
5505,750.5,0.0
5506,750.6,0.0
5507,750.7,0.0
5508,750.8,0.0
5509,750.9,0.0
5510,751.0,0.0
5511,751.1,0.0
5512,751.2,0.0
5513,751.3,0.0
5514,751.4,0.0
5515,751.5,0.0
5516,751.6,0.0
5517,751.7,0.0
5518,751.8,0.0
5519,751.9,0.0
5520,752.0,0.0
5521,752.1,0.001
5522,752.2,0.001
5523,752.3,0.003
5524,752.4,0.008
5525,752.5,0.017
5526,752.6,0.039
5527,752.7,0.083
5528,752.8,0.173
5529,752.9,0.348
5530,753.0,0.68
5531,753.1,1.286
5532,753.2,2.354
5533,753.3,4.172
5534,753.4,7.158
5535,753.5,11.892
5536,753.6,19.131
5537,753.7,29.79
5538,753.8,44.92
5539,753.9,65.573
5540,754.0,92.677
5541,754.1,126.797
5542,754.2,167.957
5543,754.3,215.491
5544,754.4,267.662
5545,754.5,321.849
5546,754.6,374.656
5547,754.7,422.21
5548,754.8,460.739
5549,754.9,486.8
5550,755.0,497.9
5551,755.1,493.1
5552,755.2,472.824
5553,755.3,438.92
5554,755.4,394.525
5555,755.5,343.289
5556,755.6,289.214
5557,755.7,235.974
5558,755.8,186.288
5559,755.9,142.5
5560,756.0,105.522
5561,756.1,75.598
5562,756.2,52.46
5563,756.3,35.25
5564,756.4,22.923
5565,756.5,14.437
5566,756.6,8.803
5567,756.7,5.198
5568,756.8,2.971
5569,756.9,1.644
5570,757.0,0.88
5571,757.1,0.457
5572,757.2,0.229
5573,757.3,0.112
5574,757.4,0.053
5575,757.5,0.024
5576,757.6,0.011
5577,757.7,0.005
5578,757.8,0.002
5579,757.9,0.001
5580,758.0,0.0
5581,758.1,0.0
5582,758.2,0.0
5583,758.3,0.0
5584,758.4,0.0
5585,758.5,0.0
5586,758.6,0.0
5587,758.7,0.0
5588,758.8,0.0
5589,758.9,0.0
5590,759.0,0.0
5591,759.1,0.0
5592,759.2,0.0
5593,759.3,0.0
5594,759.4,0.0
5595,759.5,0.0
5596,759.6,0.0
5597,759.7,0.0
5598,759.8,0.0
5599,759.9,0.0
5600,760.0,0.0
5601,760.1,0.0
5602,760.2,0.0
5603,760.3,0.0
5604,760.4,0.0
5605,760.5,0.0
5606,760.6,0.0
5607,760.7,0.0
5608,760.8,0.0
5609,760.9,0.0
5610,761.0,0.0
5611,761.1,0.0
5612,761.2,0.0
5613,761.3,0.0
5614,761.4,0.0
5615,761.5,0.0
5616,761.6,0.0
5617,761.7,0.0
5618,761.8,0.0
5619,761.9,0.0
5620,762.0,0.0
5621,762.1,0.0
5622,762.2,0.0
5623,762.3,0.0
5624,762.4,0.0
5625,762.5,0.0
5626,762.6,0.0
5627,762.7,0.0
5628,762.8,0.0
5629,762.9,0.0
5630,763.0,0.0
5631,763.1,0.0
5632,763.2,0.0
5633,763.3,0.0
5634,763.4,0.0
5635,763.5,0.0
5636,763.6,0.0
5637,763.7,0.0
5638,763.8,0.0
5639,763.9,0.0
5640,764.0,0.0
5641,764.1,0.0
5642,764.2,0.0
5643,764.3,0.0
5644,764.4,0.0
5645,764.5,0.0
5646,764.6,0.0
5647,764.7,0.0
5648,764.8,0.0
5649,764.9,0.0
5650,765.0,0.0
5651,765.1,0.0
5652,765.2,0.0
5653,765.3,0.0
5654,765.4,0.0
5655,765.5,0.0
5656,765.6,0.0
5657,765.7,0.0
5658,765.8,0.0
5659,765.9,0.0
5660,766.0,0.0
5661,766.1,0.0
5662,766.2,0.0
5663,766.3,0.0
5664,766.4,0.0
5665,766.5,0.0
5666,766.6,0.0
5667,766.7,0.0
5668,766.8,0.0
5669,766.9,0.0
5670,767.0,0.0
5671,767.1,0.0
5672,767.2,0.0
5673,767.3,0.0
5674,767.4,0.0
5675,767.5,0.0
5676,767.6,0.0
5677,767.7,0.0
5678,767.8,0.0
5679,767.9,0.0
5680,768.0,0.0
5681,768.1,0.0
5682,768.2,0.0
5683,768.3,0.0
5684,768.4,0.0
5685,768.5,0.0
5686,768.6,0.0
5687,768.7,0.0
5688,768.8,0.0
5689,768.9,0.0
5690,769.0,0.0
5691,769.1,0.0
5692,769.2,0.0
5693,769.3,0.0
5694,769.4,0.0
5695,769.5,0.0
5696,769.6,0.0
5697,769.7,0.0
5698,769.8,0.0
5699,769.9,0.0
5700,770.0,0.0
5701,770.1,0.0
5702,770.2,0.0
5703,770.3,0.0
5704,770.4,0.0
5705,770.5,0.0
5706,770.6,0.001
5707,770.7,0.003
5708,770.8,0.01
5709,770.9,0.03
5710,771.0,0.086
5711,771.1,0.235
5712,771.2,0.625
5713,771.3,1.612
5714,771.4,4.029
5715,771.5,9.764
5716,771.6,22.955
5717,771.7,52.314
5718,771.8,115.621
5719,771.9,247.831
5720,772.0,515.092
5721,772.1,1037.987
5722,772.2,2028.874
5723,772.3,3846.152
5724,772.4,7069.0
5725,772.5,12600.0
5726,772.6,21780.0
5727,772.7,36500.613
5728,772.8,59322.652
5729,772.9,93481.727
5730,773.0,142906.044
5731,773.1,211788.058
5732,773.2,304414.861
5733,773.3,424270.144
5734,773.4,573442.855
5735,773.5,751561.219
5736,773.6,955332.179
5737,773.7,1177000.0
5738,773.8,1407000.0
5739,773.9,1630578.121
5740,774.0,1832735.845
5741,774.1,1998094.171
5742,774.2,2111190.436
5743,774.3,2164182.948
5744,774.4,2150985.796
5745,774.5,2072740.482
5746,774.6,1936583.457
5747,774.7,1756084.94
5748,774.8,1542910.979
5749,774.9,1315000.0
5750,775.0,1087000.0
5751,775.1,871100.0
5752,775.2,676977.932
5753,775.3,510251.969
5754,775.4,372860.752
5755,775.5,264304.654
5756,775.6,181631.562
5757,775.7,121026.097
5758,775.8,78237.706
5759,775.9,49024.038
5760,776.0,29796.206
5761,776.1,17560.557
5762,776.2,10040.0
5763,776.3,5562.0
5764,776.4,2988.663
5765,776.5,1557.736
5766,776.6,787.232
5767,776.7,385.798
5768,776.8,183.424
5769,776.9,84.546
5770,777.0,37.93
5771,777.1,16.807
5772,777.2,8.011
5773,777.3,5.622
5774,777.4,7.91
5775,777.5,16.35
5776,777.6,36.34
5777,777.7,79.791
5778,777.8,170.544
5779,777.9,353.617
5780,778.0,711.758
5781,778.1,1389.486
5782,778.2,2631.889
5783,778.3,4837.18
5784,778.4,8625.198
5785,778.5,14916.364
5786,778.6,25040.895
5787,778.7,40760.0
5788,778.8,64390.0
5789,778.9,98673.809
5790,779.0,146715.037
5791,779.1,211654.209
5792,779.2,296152.045
5793,779.3,402081.476
5794,779.4,529661.8
5795,779.5,676824.655
5796,779.6,839194.852
5797,779.7,1009425.216
5798,779.8,1177361.253
5799,779.9,1334000.0
5800,780.0,1465000.0
5801,780.1,1561000.0
5802,780.2,1613243.74
5803,780.3,1618370.13
5804,780.4,1575189.244
5805,780.5,1487361.824
5806,780.6,1362461.386
5807,780.7,1209880.594
5808,780.8,1043876.882
5809,780.9,872877.49
5810,781.0,708263.347
5811,781.1,557627.647
5812,781.2,425900.0
5813,781.3,315600.0
5814,781.4,226934.556
5815,781.5,158246.797
5816,781.6,107063.413
5817,781.7,70296.519
5818,781.8,44773.326
5819,781.9,27671.432
5820,782.0,16585.795
5821,782.1,9649.296
5822,782.2,5443.606
5823,782.3,2979.658
5824,782.4,1583.0
5825,782.5,815.6
5826,782.6,407.7
5827,782.7,197.708
5828,782.8,93.06
5829,782.9,42.474
5830,783.0,18.815
5831,783.1,8.084
5832,783.2,3.37
5833,783.3,1.363
5834,783.4,0.535
5835,783.5,0.204
5836,783.6,0.075
5837,783.7,0.027
5838,783.8,0.009
5839,783.9,0.003
5840,784.0,0.001
5841,784.1,0.0
5842,784.2,0.0
5843,784.3,0.0
5844,784.4,0.0
5845,784.5,0.0
5846,784.6,0.0
5847,784.7,0.0
5848,784.8,0.0
5849,784.9,0.0
5850,785.0,0.0
5851,785.1,0.0
5852,785.2,0.0
5853,785.3,0.0
5854,785.4,0.0
5855,785.5,0.0
5856,785.6,0.0
5857,785.7,0.0
5858,785.8,0.0
5859,785.9,0.0
5860,786.0,0.0
5861,786.1,0.0
5862,786.2,0.0
5863,786.3,0.0
5864,786.4,0.0
5865,786.5,0.0
5866,786.6,0.0
5867,786.7,0.0
5868,786.8,0.0
5869,786.9,0.0
5870,787.0,0.0
5871,787.1,0.0
5872,787.2,0.0
5873,787.3,0.0
5874,787.4,0.0
5875,787.5,0.0
5876,787.6,0.0
5877,787.7,0.0
5878,787.8,0.0
5879,787.9,0.0
5880,788.0,0.0
5881,788.1,0.0
5882,788.2,0.0
5883,788.3,0.0
5884,788.4,0.0
5885,788.5,0.0
5886,788.6,0.0
5887,788.7,0.0
5888,788.8,0.0
5889,788.9,0.0
5890,789.0,0.0
5891,789.1,0.0
5892,789.2,0.0
5893,789.3,0.0
5894,789.4,0.0
5895,789.5,0.0
5896,789.6,0.0
5897,789.7,0.0
5898,789.8,0.0
5899,789.9,0.0
5900,790.0,0.0
5901,790.1,0.0
5902,790.2,0.0
5903,790.3,0.0
5904,790.4,0.0
5905,790.5,0.0
5906,790.6,0.0
5907,790.7,0.0
5908,790.8,0.0
5909,790.9,0.0
5910,791.0,0.0
5911,791.1,0.0
5912,791.2,0.0
5913,791.3,0.0
5914,791.4,0.0
5915,791.5,0.0
5916,791.6,0.0
5917,791.7,0.0
5918,791.8,0.0
5919,791.9,0.0
5920,792.0,0.0
5921,792.1,0.0
5922,792.2,0.0
5923,792.3,0.0
5924,792.4,0.0
5925,792.5,0.0
5926,792.6,0.0
5927,792.7,0.0
5928,792.8,0.0
5929,792.9,0.0
5930,793.0,0.0
5931,793.1,0.0
5932,793.2,0.0
5933,793.3,0.0
5934,793.4,0.0
5935,793.5,0.0
5936,793.6,0.0
5937,793.7,0.0
5938,793.8,0.0
5939,793.9,0.0
5940,794.0,0.0
5941,794.1,0.0
5942,794.2,0.0
5943,794.3,0.0
5944,794.4,0.0
5945,794.5,0.0
5946,794.6,0.0
5947,794.7,0.0
5948,794.8,0.0
5949,794.9,0.0
5950,795.0,0.0
5951,795.1,0.0
5952,795.2,0.0
5953,795.3,0.0
5954,795.4,0.0
5955,795.5,0.0
5956,795.6,0.0
5957,795.7,0.0
5958,795.8,0.0
5959,795.9,0.0
5960,796.0,0.0
5961,796.1,0.0
5962,796.2,0.0
5963,796.3,0.0
5964,796.4,0.0
5965,796.5,0.0
5966,796.6,0.0
5967,796.7,0.0
5968,796.8,0.0
5969,796.9,0.0
5970,797.0,0.0
5971,797.1,0.0
5972,797.2,0.0
5973,797.3,0.0
5974,797.4,0.0
5975,797.5,0.0
5976,797.6,0.0
5977,797.7,0.0
5978,797.8,0.0
5979,797.9,0.0
5980,798.0,0.0
5981,798.1,0.0
5982,798.2,0.0
5983,798.3,0.0
5984,798.4,0.0
5985,798.5,0.0
5986,798.6,0.0
5987,798.7,0.0
5988,798.8,0.0
5989,798.9,0.0
5990,799.0,0.0
5991,799.1,0.0
5992,799.2,0.0
5993,799.3,0.0
5994,799.4,0.0
5995,799.5,0.0
5996,799.6,0.0
5997,799.7,0.0
5998,799.8,0.0
5999,799.9,0.0
6000,800.0,0.0
6001,800.1,0.0
6002,800.2,0.0
6003,800.3,0.0
6004,800.4,0.0
6005,800.5,0.0
6006,800.6,0.0
6007,800.7,0.0
6008,800.8,0.0
6009,800.9,0.0
6010,801.0,0.0
6011,801.1,0.0
6012,801.2,0.0
6013,801.3,0.0
6014,801.4,0.0
6015,801.5,0.0
6016,801.6,0.0
6017,801.7,0.0
6018,801.8,0.0
6019,801.9,0.0
6020,802.0,0.0
6021,802.1,0.0
6022,802.2,0.0
6023,802.3,0.0
6024,802.4,0.0
6025,802.5,0.0
6026,802.6,0.0
6027,802.7,0.0
6028,802.8,0.0
6029,802.9,0.0
6030,803.0,0.0
6031,803.1,0.0
6032,803.2,0.0
6033,803.3,0.0
6034,803.4,0.0
6035,803.5,0.0
6036,803.6,0.0
6037,803.7,0.0
6038,803.8,0.0
6039,803.9,0.0
6040,804.0,0.0
6041,804.1,0.0
6042,804.2,0.0
6043,804.3,0.0
6044,804.4,0.0
6045,804.5,0.0
6046,804.6,0.0
6047,804.7,0.0
6048,804.8,0.0
6049,804.9,0.0
6050,805.0,0.0
6051,805.1,0.0
6052,805.2,0.0
6053,805.3,0.0
6054,805.4,0.0
6055,805.5,0.0
6056,805.6,0.0
6057,805.7,0.0
6058,805.8,0.0
6059,805.9,0.0
6060,806.0,0.0
6061,806.1,0.0
6062,806.2,0.0
6063,806.3,0.0
6064,806.4,0.0
6065,806.5,0.0
6066,806.6,0.0
6067,806.7,0.0
6068,806.8,0.0
6069,806.9,0.0
6070,807.0,0.0
6071,807.1,0.0
6072,807.2,0.0
6073,807.3,0.0
6074,807.4,0.0
6075,807.5,0.0
6076,807.6,0.0
6077,807.7,0.0
6078,807.8,0.0
6079,807.9,0.0
6080,808.0,0.0
6081,808.1,0.0
6082,808.2,0.0
6083,808.3,0.0
6084,808.4,0.0
6085,808.5,0.0
6086,808.6,0.0
6087,808.7,0.0
6088,808.8,0.0
6089,808.9,0.0
6090,809.0,0.0
6091,809.1,0.0
6092,809.2,0.0
6093,809.3,0.0
6094,809.4,0.0
6095,809.5,0.0
6096,809.6,0.0
6097,809.7,0.0
6098,809.8,0.0
6099,809.9,0.0
6100,810.0,0.0
6101,810.1,0.0
6102,810.2,0.0
6103,810.3,0.0
6104,810.4,0.0
6105,810.5,0.0
6106,810.6,0.0
6107,810.7,0.0
6108,810.8,0.0
6109,810.9,0.0
6110,811.0,0.0
6111,811.1,0.0
6112,811.2,0.0
6113,811.3,0.0
6114,811.4,0.0
6115,811.5,0.0
6116,811.6,0.0
6117,811.7,0.0
6118,811.8,0.0
6119,811.9,0.0
6120,812.0,0.0
6121,812.1,0.0
6122,812.2,0.0
6123,812.3,0.0
6124,812.4,0.0
6125,812.5,0.0
6126,812.6,0.0
6127,812.7,0.0
6128,812.8,0.0
6129,812.9,0.0
6130,813.0,0.0
6131,813.1,0.0
6132,813.2,0.0
6133,813.3,0.0
6134,813.4,0.0
6135,813.5,0.0
6136,813.6,0.0
6137,813.7,0.0
6138,813.8,0.0
6139,813.9,0.0
6140,814.0,0.0
6141,814.1,0.0
6142,814.2,0.0
6143,814.3,0.0
6144,814.4,0.0
6145,814.5,0.0
6146,814.6,0.0
6147,814.7,0.0
6148,814.8,0.0
6149,814.9,0.0
6150,815.0,0.0
6151,815.1,0.0
6152,815.2,0.0
6153,815.3,0.0
6154,815.4,0.0
6155,815.5,0.0
6156,815.6,0.0
6157,815.7,0.0
6158,815.8,0.0
6159,815.9,0.0
6160,816.0,0.0
6161,816.1,0.0
6162,816.2,0.0
6163,816.3,0.0
6164,816.4,0.0
6165,816.5,0.0
6166,816.6,0.0
6167,816.7,0.0
6168,816.8,0.0
6169,816.9,0.0
6170,817.0,0.0
6171,817.1,0.0
6172,817.2,0.0
6173,817.3,0.0
6174,817.4,0.0
6175,817.5,0.0
6176,817.6,0.0
6177,817.7,0.0
6178,817.8,0.0
6179,817.9,0.0
6180,818.0,0.0
6181,818.1,0.0
6182,818.2,0.0
6183,818.3,0.0
6184,818.4,0.0
6185,818.5,0.0
6186,818.6,0.0
6187,818.7,0.0
6188,818.8,0.0
6189,818.9,0.0
6190,819.0,0.0
6191,819.1,0.0
6192,819.2,0.0
6193,819.3,0.0
6194,819.4,0.0
6195,819.5,0.0
6196,819.6,0.0
6197,819.7,0.0
6198,819.8,0.0
6199,819.9,0.0
6200,820.0,0.0
6201,820.1,0.0
6202,820.2,0.0
6203,820.3,0.0
6204,820.4,0.0
6205,820.5,0.0
6206,820.6,0.0
6207,820.7,0.0
6208,820.8,0.0
6209,820.9,0.0
6210,821.0,0.0
6211,821.1,0.0
6212,821.2,0.0
6213,821.3,0.0
6214,821.4,0.0
6215,821.5,0.0
6216,821.6,0.0
6217,821.7,0.0
6218,821.8,0.0
6219,821.9,0.0
6220,822.0,0.0
6221,822.1,0.0
6222,822.2,0.0
6223,822.3,0.0
6224,822.4,0.0
6225,822.5,0.0
6226,822.6,0.0
6227,822.7,0.0
6228,822.8,0.0
6229,822.9,0.0
6230,823.0,0.0
6231,823.1,0.0
6232,823.2,0.0
6233,823.3,0.0
6234,823.4,0.0
6235,823.5,0.0
6236,823.6,0.0
6237,823.7,0.0
6238,823.8,0.0
6239,823.9,0.0
6240,824.0,0.0
6241,824.1,0.0
6242,824.2,0.0
6243,824.3,0.0
6244,824.4,0.0
6245,824.5,0.0
6246,824.6,0.0
6247,824.7,0.0
6248,824.8,0.0
6249,824.9,0.0
6250,825.0,0.0
6251,825.1,0.0
6252,825.2,0.0
6253,825.3,0.0
6254,825.4,0.0
6255,825.5,0.0
6256,825.6,0.0
6257,825.7,0.0
6258,825.8,0.0
6259,825.9,0.0
6260,826.0,0.0
6261,826.1,0.0
6262,826.2,0.0
6263,826.3,0.0
6264,826.4,0.0
6265,826.5,0.0
6266,826.6,0.0
6267,826.7,0.0
6268,826.8,0.0
6269,826.9,0.0
6270,827.0,0.0
6271,827.1,0.0
6272,827.2,0.0
6273,827.3,0.0
6274,827.4,0.0
6275,827.5,0.0
6276,827.6,0.0
6277,827.7,0.0
6278,827.8,0.0
6279,827.9,0.0
6280,828.0,0.0
6281,828.1,0.0
6282,828.2,0.0
6283,828.3,0.0
6284,828.4,0.0
6285,828.5,0.0
6286,828.6,0.0
6287,828.7,0.0
6288,828.8,0.0
6289,828.9,0.0
6290,829.0,0.0
6291,829.1,0.0
6292,829.2,0.0
6293,829.3,0.0
6294,829.4,0.0
6295,829.5,0.0
6296,829.6,0.0
6297,829.7,0.0
6298,829.8,0.0
6299,829.9,0.0
6300,830.0,0.0
6301,830.1,0.0
6302,830.2,0.0
6303,830.3,0.0
6304,830.4,0.0
6305,830.5,0.0
6306,830.6,0.0
6307,830.7,0.0
6308,830.8,0.0
6309,830.9,0.0
6310,831.0,0.0
6311,831.1,0.0
6312,831.2,0.0
6313,831.3,0.0
6314,831.4,0.0
6315,831.5,0.0
6316,831.6,0.0
6317,831.7,0.0
6318,831.8,0.0
6319,831.9,0.0
6320,832.0,0.0
6321,832.1,0.0
6322,832.2,0.0
6323,832.3,0.0
6324,832.4,0.0
6325,832.5,0.0
6326,832.6,0.0
6327,832.7,0.0
6328,832.8,0.0
6329,832.9,0.0
6330,833.0,0.0
6331,833.1,0.0
6332,833.2,0.0
6333,833.3,0.0
6334,833.4,0.0
6335,833.5,0.0
6336,833.6,0.0
6337,833.7,0.0
6338,833.8,0.0
6339,833.9,0.0
6340,834.0,0.0
6341,834.1,0.0
6342,834.2,0.0
6343,834.3,0.0
6344,834.4,0.0
6345,834.5,0.0
6346,834.6,0.0
6347,834.7,0.0
6348,834.8,0.0
6349,834.9,0.0
6350,835.0,0.0
6351,835.1,0.0
6352,835.2,0.0
6353,835.3,0.0
6354,835.4,0.0
6355,835.5,0.0
6356,835.6,0.0
6357,835.7,0.0
6358,835.8,0.0
6359,835.9,0.0
6360,836.0,0.0
6361,836.1,0.0
6362,836.2,0.0
6363,836.3,0.0
6364,836.4,0.0
6365,836.5,0.0
6366,836.6,0.0
6367,836.7,0.0
6368,836.8,0.0
6369,836.9,0.0
6370,837.0,0.0
6371,837.1,0.0
6372,837.2,0.0
6373,837.3,0.0
6374,837.4,0.0
6375,837.5,0.0
6376,837.6,0.0
6377,837.7,0.0
6378,837.8,0.0
6379,837.9,0.0
6380,838.0,0.0
6381,838.1,0.0
6382,838.2,0.0
6383,838.3,0.0
6384,838.4,0.0
6385,838.5,0.0
6386,838.6,0.0
6387,838.7,0.0
6388,838.8,0.0
6389,838.9,0.0
6390,839.0,0.0
6391,839.1,0.0
6392,839.2,0.0
6393,839.3,0.0
6394,839.4,0.0
6395,839.5,0.0
6396,839.6,0.0
6397,839.7,0.0
6398,839.8,0.0
6399,839.9,0.0
6400,840.0,0.0
6401,840.1,0.0
6402,840.2,0.0
6403,840.3,0.0
6404,840.4,0.0
6405,840.5,0.0
6406,840.6,0.0
6407,840.7,0.0
6408,840.8,0.0
6409,840.9,0.0
6410,841.0,0.0
6411,841.1,0.0
6412,841.2,0.0
6413,841.3,0.0
6414,841.4,0.0
6415,841.5,0.0
6416,841.6,0.0
6417,841.7,0.0
6418,841.8,0.0
6419,841.9,0.0
6420,842.0,0.0
6421,842.1,0.0
6422,842.2,0.0
6423,842.3,0.0
6424,842.4,0.0
6425,842.5,0.0
6426,842.6,0.0
6427,842.7,0.0
6428,842.8,0.0
6429,842.9,0.0
6430,843.0,0.0
6431,843.1,0.0
6432,843.2,0.0
6433,843.3,0.0
6434,843.4,0.0
6435,843.5,0.0
6436,843.6,0.0
6437,843.7,0.0
6438,843.8,0.0
6439,843.9,0.0
6440,844.0,0.0
6441,844.1,0.0
6442,844.2,0.0
6443,844.3,0.0
6444,844.4,0.0
6445,844.5,0.0
6446,844.6,0.0
6447,844.7,0.0
6448,844.8,0.0
6449,844.9,0.0
6450,845.0,0.0
6451,845.1,0.0
6452,845.2,0.0
6453,845.3,0.0
6454,845.4,0.0
6455,845.5,0.0
6456,845.6,0.0
6457,845.7,0.0
6458,845.8,0.0
6459,845.9,0.0
6460,846.0,0.0
6461,846.1,0.0
6462,846.2,0.0
6463,846.3,0.0
6464,846.4,0.0
6465,846.5,0.0
6466,846.6,0.0
6467,846.7,0.0
6468,846.8,0.0
6469,846.9,0.0
6470,847.0,0.0
6471,847.1,0.0
6472,847.2,0.0
6473,847.3,0.0
6474,847.4,0.0
6475,847.5,0.0
6476,847.6,0.0
6477,847.7,0.0
6478,847.8,0.0
6479,847.9,0.0
6480,848.0,0.0
6481,848.1,0.0
6482,848.2,0.0
6483,848.3,0.0
6484,848.4,0.0
6485,848.5,0.0
6486,848.6,0.0
6487,848.7,0.0
6488,848.8,0.0
6489,848.9,0.0
6490,849.0,0.0
6491,849.1,0.0
6492,849.2,0.0
6493,849.3,0.0
6494,849.4,0.0
6495,849.5,0.0
6496,849.6,0.0
6497,849.7,0.0
6498,849.8,0.0
6499,849.9,0.0
6500,850.0,0.0
6501,850.1,0.0
6502,850.2,0.0
6503,850.3,0.0
6504,850.4,0.0
6505,850.5,0.0
6506,850.6,0.0
6507,850.7,0.0
6508,850.8,0.0
6509,850.9,0.0
6510,851.0,0.0
6511,851.1,0.0
6512,851.2,0.0
6513,851.3,0.0
6514,851.4,0.0
6515,851.5,0.0
6516,851.6,0.0
6517,851.7,0.0
6518,851.8,0.0
6519,851.9,0.0
6520,852.0,0.0
6521,852.1,0.0
6522,852.2,0.0
6523,852.3,0.0
6524,852.4,0.0
6525,852.5,0.0
6526,852.6,0.0
6527,852.7,0.0
6528,852.8,0.0
6529,852.9,0.0
6530,853.0,0.0
6531,853.1,0.0
6532,853.2,0.0
6533,853.3,0.0
6534,853.4,0.0
6535,853.5,0.0
6536,853.6,0.0
6537,853.7,0.0
6538,853.8,0.0
6539,853.9,0.0
6540,854.0,0.0
6541,854.1,0.0
6542,854.2,0.0
6543,854.3,0.0
6544,854.4,0.0
6545,854.5,0.0
6546,854.6,0.0
6547,854.7,0.0
6548,854.8,0.0
6549,854.9,0.0
6550,855.0,0.0
6551,855.1,0.0
6552,855.2,0.0
6553,855.3,0.0
6554,855.4,0.0
6555,855.5,0.0
6556,855.6,0.0
6557,855.7,0.0
6558,855.8,0.0
6559,855.9,0.0
6560,856.0,0.0
6561,856.1,0.0
6562,856.2,0.0
6563,856.3,0.0
6564,856.4,0.0
6565,856.5,0.0
6566,856.6,0.0
6567,856.7,0.0
6568,856.8,0.0
6569,856.9,0.0
6570,857.0,0.0
6571,857.1,0.0
6572,857.2,0.0
6573,857.3,0.0
6574,857.4,0.0
6575,857.5,0.0
6576,857.6,0.0
6577,857.7,0.0
6578,857.8,0.0
6579,857.9,0.0
6580,858.0,0.0
6581,858.1,0.0
6582,858.2,0.0
6583,858.3,0.0
6584,858.4,0.0
6585,858.5,0.0
6586,858.6,0.0
6587,858.7,0.0
6588,858.8,0.0
6589,858.9,0.0
6590,859.0,0.0
6591,859.1,0.0
6592,859.2,0.0
6593,859.3,0.0
6594,859.4,0.0
6595,859.5,0.0
6596,859.6,0.0
6597,859.7,0.0
6598,859.8,0.0
6599,859.9,0.0
6600,860.0,0.0
6601,860.1,0.0
6602,860.2,0.0
6603,860.3,0.0
6604,860.4,0.0
6605,860.5,0.0
6606,860.6,0.0
6607,860.7,0.0
6608,860.8,0.0
6609,860.9,0.0
6610,861.0,0.0
6611,861.1,0.0
6612,861.2,0.0
6613,861.3,0.0
6614,861.4,0.0
6615,861.5,0.0
6616,861.6,0.0
6617,861.7,0.0
6618,861.8,0.0
6619,861.9,0.0
6620,862.0,0.0
6621,862.1,0.0
6622,862.2,0.0
6623,862.3,0.0
6624,862.4,0.0
6625,862.5,0.0
6626,862.6,0.0
6627,862.7,0.0
6628,862.8,0.0
6629,862.9,0.0
6630,863.0,0.0
6631,863.1,0.0
6632,863.2,0.0
6633,863.3,0.0
6634,863.4,0.0
6635,863.5,0.0
6636,863.6,0.0
6637,863.7,0.0
6638,863.8,0.0
6639,863.9,0.0
6640,864.0,0.0
6641,864.1,0.0
6642,864.2,0.0
6643,864.3,0.0
6644,864.4,0.0
6645,864.5,0.0
6646,864.6,0.0
6647,864.7,0.0
6648,864.8,0.0
6649,864.9,0.0
6650,865.0,0.0
6651,865.1,0.0
6652,865.2,0.0
6653,865.3,0.0
6654,865.4,0.0
6655,865.5,0.0
6656,865.6,0.0
6657,865.7,0.0
6658,865.8,0.0
6659,865.9,0.0
6660,866.0,0.0
6661,866.1,0.0
6662,866.2,0.0
6663,866.3,0.0
6664,866.4,0.0
6665,866.5,0.0
6666,866.6,0.0
6667,866.7,0.0
6668,866.8,0.0
6669,866.9,0.0
6670,867.0,0.0
6671,867.1,0.0
6672,867.2,0.0
6673,867.3,0.0
6674,867.4,0.0
6675,867.5,0.0
6676,867.6,0.0
6677,867.7,0.0
6678,867.8,0.0
6679,867.9,0.0
6680,868.0,0.0
6681,868.1,0.0
6682,868.2,0.0
6683,868.3,0.0
6684,868.4,0.0
6685,868.5,0.0
6686,868.6,0.0
6687,868.7,0.0
6688,868.8,0.0
6689,868.9,0.0
6690,869.0,0.0
6691,869.1,0.0
6692,869.2,0.0
6693,869.3,0.0
6694,869.4,0.0
6695,869.5,0.0
6696,869.6,0.0
6697,869.7,0.0
6698,869.8,0.0
6699,869.9,0.0
6700,870.0,0.0
6701,870.1,0.0
6702,870.2,0.0
6703,870.3,0.0
6704,870.4,0.0
6705,870.5,0.0
6706,870.6,0.0
6707,870.7,0.0
6708,870.8,0.0
6709,870.9,0.0
6710,871.0,0.0
6711,871.1,0.0
6712,871.2,0.0
6713,871.3,0.0
6714,871.4,0.0
6715,871.5,0.0
6716,871.6,0.0
6717,871.7,0.0
6718,871.8,0.0
6719,871.9,0.0
6720,872.0,0.0
6721,872.1,0.0
6722,872.2,0.0
6723,872.3,0.0
6724,872.4,0.0
6725,872.5,0.0
6726,872.6,0.0
6727,872.7,0.0
6728,872.8,0.0
6729,872.9,0.0
6730,873.0,0.0
6731,873.1,0.0
6732,873.2,0.0
6733,873.3,0.0
6734,873.4,0.0
6735,873.5,0.0
6736,873.6,0.0
6737,873.7,0.0
6738,873.8,0.0
6739,873.9,0.0
6740,874.0,0.0
6741,874.1,0.0
6742,874.2,0.0
6743,874.3,0.0
6744,874.4,0.0
6745,874.5,0.0
6746,874.6,0.0
6747,874.7,0.0
6748,874.8,0.0
6749,874.9,0.0
6750,875.0,0.0
6751,875.1,0.0
6752,875.2,0.0
6753,875.3,0.0
6754,875.4,0.0
6755,875.5,0.0
6756,875.6,0.0
6757,875.7,0.0
6758,875.8,0.0
6759,875.9,0.0
6760,876.0,0.0
6761,876.1,0.0
6762,876.2,0.0
6763,876.3,0.0
6764,876.4,0.0
6765,876.5,0.0
6766,876.6,0.0
6767,876.7,0.0
6768,876.8,0.0
6769,876.9,0.0
6770,877.0,0.0
6771,877.1,0.0
6772,877.2,0.0
6773,877.3,0.0
6774,877.4,0.0
6775,877.5,0.0
6776,877.6,0.0
6777,877.7,0.0
6778,877.8,0.0
6779,877.9,0.0
6780,878.0,0.0
6781,878.1,0.0
6782,878.2,0.0
6783,878.3,0.0
6784,878.4,0.0
6785,878.5,0.0
6786,878.6,0.001
6787,878.7,0.001
6788,878.8,0.002
6789,878.9,0.004
6790,879.0,0.008
6791,879.1,0.015
6792,879.2,0.027
6793,879.3,0.047
6794,879.4,0.082
6795,879.5,0.138
6796,879.6,0.228
6797,879.7,0.367
6798,879.8,0.578
6799,879.9,0.887
6800,880.0,1.331
6801,880.1,1.95
6802,880.2,2.789
6803,880.3,3.898
6804,880.4,5.318
6805,880.5,7.088
6806,880.6,9.226
6807,880.7,11.73
6808,880.8,14.572
6809,880.9,17.681
6810,881.0,20.963
6811,881.1,24.301
6812,881.2,27.54
6813,881.3,30.54
6814,881.4,33.153
6815,881.5,35.295
6816,881.6,36.883
6817,881.7,37.931
6818,881.8,38.489
6819,881.9,38.68
6820,882.0,38.658
6821,882.1,38.62
6822,882.2,38.733
6823,882.3,39.161
6824,882.4,40.01
6825,882.5,41.3
6826,882.6,42.99
6827,882.7,44.947
6828,882.8,46.97
6829,882.9,48.846
6830,883.0,50.315
6831,883.1,51.154
6832,883.2,51.181
6833,883.3,50.296
6834,883.4,48.454
6835,883.5,45.709
6836,883.6,42.199
6837,883.7,38.1
6838,883.8,33.63
6839,883.9,29.002
6840,884.0,24.445
6841,884.1,20.133
6842,884.2,16.193
6843,884.3,12.732
6844,884.4,9.79
6845,884.5,7.366
6846,884.6,5.445
6847,884.7,3.983
6848,884.8,2.926
6849,884.9,2.228
6850,885.0,1.846
6851,885.1,1.752
6852,885.2,1.932
6853,885.3,2.388
6854,885.4,3.132
6855,885.5,4.189
6856,885.6,5.581
6857,885.7,7.328
6858,885.8,9.433
6859,885.9,11.88
6860,886.0,14.636
6861,886.1,17.604
6862,886.2,20.69
6863,886.3,23.76
6864,886.4,26.648
6865,886.5,29.2
6866,886.6,31.257
6867,886.7,32.678
6868,886.8,33.371
6869,886.9,33.294
6870,887.0,32.45
6871,887.1,30.888
6872,887.2,28.72
6873,887.3,26.089
6874,887.4,23.15
6875,887.5,20.07
6876,887.6,16.99
6877,887.7,14.053
6878,887.8,11.354
6879,887.9,8.963
6880,888.0,6.909
6881,888.1,5.203
6882,888.2,3.828
6883,888.3,2.751
6884,888.4,1.93
6885,888.5,1.324
6886,888.6,0.887
6887,888.7,0.58
6888,888.8,0.371
6889,888.9,0.232
6890,889.0,0.141
6891,889.1,0.084
6892,889.2,0.049
6893,889.3,0.028
6894,889.4,0.015
6895,889.5,0.008
6896,889.6,0.004
6897,889.7,0.002
6898,889.8,0.001
6899,889.9,0.001
6900,890.0,0.0
6901,890.1,0.0
6902,890.2,0.0
6903,890.3,0.0
6904,890.4,0.0
6905,890.5,0.0
6906,890.6,0.0
6907,890.7,0.0
6908,890.8,0.0
6909,890.9,0.0
6910,891.0,0.0
6911,891.1,0.0
6912,891.2,0.0
6913,891.3,0.0
6914,891.4,0.0
6915,891.5,0.0
6916,891.6,0.0
6917,891.7,0.0
6918,891.8,0.0
6919,891.9,0.0
6920,892.0,0.0
6921,892.1,0.0
6922,892.2,0.0
6923,892.3,0.0
6924,892.4,0.0
6925,892.5,0.0
6926,892.6,0.0
6927,892.7,0.0
6928,892.8,0.0
6929,892.9,0.0
6930,893.0,0.0
6931,893.1,0.0
6932,893.2,0.0
6933,893.3,0.0
6934,893.4,0.0
6935,893.5,0.0
6936,893.6,0.0
6937,893.7,0.0
6938,893.8,0.0
6939,893.9,0.0
6940,894.0,0.0
6941,894.1,0.0
6942,894.2,0.0
6943,894.3,0.0
6944,894.4,0.0
6945,894.5,0.0
6946,894.6,0.0
6947,894.7,0.0
6948,894.8,0.0
6949,894.9,0.0
6950,895.0,0.0
6951,895.1,0.0
6952,895.2,0.0
6953,895.3,0.0
6954,895.4,0.0
6955,895.5,0.0
6956,895.6,0.0
6957,895.7,0.0
6958,895.8,0.0
6959,895.9,0.0
6960,896.0,0.0
6961,896.1,0.0
6962,896.2,0.0
6963,896.3,0.0
6964,896.4,0.0
6965,896.5,0.0
6966,896.6,0.0
6967,896.7,0.0
6968,896.8,0.0
6969,896.9,0.0
6970,897.0,0.0
6971,897.1,0.0
6972,897.2,0.0
6973,897.3,0.0
6974,897.4,0.0
6975,897.5,0.0
6976,897.6,0.0
6977,897.7,0.0
6978,897.8,0.0
6979,897.9,0.0
6980,898.0,0.0
6981,898.1,0.0
6982,898.2,0.0
6983,898.3,0.0
6984,898.4,0.0
6985,898.5,0.0
6986,898.6,0.0
6987,898.7,0.0
6988,898.8,0.0
6989,898.9,0.0
6990,899.0,0.0
6991,899.1,0.0
6992,899.2,0.0
6993,899.3,0.0
6994,899.4,0.0
6995,899.5,0.0
6996,899.6,0.0
6997,899.7,0.0
6998,899.8,0.0
6999,899.9,0.0
7000,900.0,0.0
7001,900.1,0.0
7002,900.2,0.0
7003,900.3,0.0
7004,900.4,0.0
7005,900.5,0.0
7006,900.6,0.0
7007,900.7,0.0
7008,900.8,0.0
7009,900.9,0.0
7010,901.0,0.0
7011,901.1,0.0
7012,901.2,0.0
7013,901.3,0.0
7014,901.4,0.0
7015,901.5,0.0
7016,901.6,0.0
7017,901.7,0.0
7018,901.8,0.0
7019,901.9,0.0
7020,902.0,0.0
7021,902.1,0.0
7022,902.2,0.0
7023,902.3,0.0
7024,902.4,0.0
7025,902.5,0.0
7026,902.6,0.0
7027,902.7,0.0
7028,902.8,0.0
7029,902.9,0.0
7030,903.0,0.0
7031,903.1,0.0
7032,903.2,0.0
7033,903.3,0.0
7034,903.4,0.0
7035,903.5,0.0
7036,903.6,0.0
7037,903.7,0.0
7038,903.8,0.0
7039,903.9,0.0
7040,904.0,0.0
7041,904.1,0.0
7042,904.2,0.0
7043,904.3,0.0
7044,904.4,0.0
7045,904.5,0.0
7046,904.6,0.0
7047,904.7,0.0
7048,904.8,0.0
7049,904.9,0.0
7050,905.0,0.0
7051,905.1,0.0
7052,905.2,0.0
7053,905.3,0.0
7054,905.4,0.0
7055,905.5,0.0
7056,905.6,0.0
7057,905.7,0.0
7058,905.8,0.0
7059,905.9,0.0
7060,906.0,0.0
7061,906.1,0.0
7062,906.2,0.0
7063,906.3,0.0
7064,906.4,0.0
7065,906.5,0.0
7066,906.6,0.0
7067,906.7,0.0
7068,906.8,0.0
7069,906.9,0.0
7070,907.0,0.0
7071,907.1,0.0
7072,907.2,0.0
7073,907.3,0.0
7074,907.4,0.0
7075,907.5,0.0
7076,907.6,0.0
7077,907.7,0.0
7078,907.8,0.0
7079,907.9,0.0
7080,908.0,0.0
7081,908.1,0.0
7082,908.2,0.0
7083,908.3,0.0
7084,908.4,0.0
7085,908.5,0.0
7086,908.6,0.0
7087,908.7,0.0
7088,908.8,0.0
7089,908.9,0.0
7090,909.0,0.0
7091,909.1,0.0
7092,909.2,0.0
7093,909.3,0.0
7094,909.4,0.0
7095,909.5,0.0
7096,909.6,0.0
7097,909.7,0.0
7098,909.8,0.0
7099,909.9,0.0
7100,910.0,0.0
7101,910.1,0.0
7102,910.2,0.0
7103,910.3,0.0
7104,910.4,0.0
7105,910.5,0.0
7106,910.6,0.0
7107,910.7,0.0
7108,910.8,0.0
7109,910.9,0.0
7110,911.0,0.0
7111,911.1,0.0
7112,911.2,0.0
7113,911.3,0.0
7114,911.4,0.0
7115,911.5,0.0
7116,911.6,0.0
7117,911.7,0.0
7118,911.8,0.0
7119,911.9,0.0
7120,912.0,0.0
7121,912.1,0.0
7122,912.2,0.0
7123,912.3,0.0
7124,912.4,0.0
7125,912.5,0.0
7126,912.6,0.0
7127,912.7,0.0
7128,912.8,0.0
7129,912.9,0.0
7130,913.0,0.0
7131,913.1,0.0
7132,913.2,0.0
7133,913.3,0.0
7134,913.4,0.0
7135,913.5,0.0
7136,913.6,0.0
7137,913.7,0.0
7138,913.8,0.0
7139,913.9,0.0
7140,914.0,0.0
7141,914.1,0.0
7142,914.2,0.0
7143,914.3,0.0
7144,914.4,0.0
7145,914.5,0.0
7146,914.6,0.0
7147,914.7,0.0
7148,914.8,0.0
7149,914.9,0.0
7150,915.0,0.0
7151,915.1,0.0
7152,915.2,0.0
7153,915.3,0.0
7154,915.4,0.0
7155,915.5,0.0
7156,915.6,0.0
7157,915.7,0.0
7158,915.8,0.0
7159,915.9,0.0
7160,916.0,0.0
7161,916.1,0.0
7162,916.2,0.0
7163,916.3,0.0
7164,916.4,0.0
7165,916.5,0.0
7166,916.6,0.0
7167,916.7,0.0
7168,916.8,0.0
7169,916.9,0.0
7170,917.0,0.0
7171,917.1,0.0
7172,917.2,0.0
7173,917.3,0.0
7174,917.4,0.0
7175,917.5,0.0
7176,917.6,0.0
7177,917.7,0.0
7178,917.8,0.0
7179,917.9,0.0
7180,918.0,0.0
7181,918.1,0.0
7182,918.2,0.0
7183,918.3,0.0
7184,918.4,0.0
7185,918.5,0.0
7186,918.6,0.0
7187,918.7,0.0
7188,918.8,0.0
7189,918.9,0.0
7190,919.0,0.0
7191,919.1,0.0
7192,919.2,0.0
7193,919.3,0.0
7194,919.4,0.0
7195,919.5,0.0
7196,919.6,0.0
7197,919.7,0.0
7198,919.8,0.0
7199,919.9,0.0
7200,920.0,0.0
7201,920.1,0.0
7202,920.2,0.0
7203,920.3,0.0
7204,920.4,0.0
7205,920.5,0.0
7206,920.6,0.0
7207,920.7,0.0
7208,920.8,0.0
7209,920.9,0.0
7210,921.0,0.0
7211,921.1,0.0
7212,921.2,0.0
7213,921.3,0.0
7214,921.4,0.0
7215,921.5,0.0
7216,921.6,0.0
7217,921.7,0.0
7218,921.8,0.0
7219,921.9,0.0
7220,922.0,0.0
7221,922.1,0.0
7222,922.2,0.0
7223,922.3,0.0
7224,922.4,0.0
7225,922.5,0.0
7226,922.6,0.0
7227,922.7,0.0
7228,922.8,0.0
7229,922.9,0.0
7230,923.0,0.0
7231,923.1,0.0
7232,923.2,0.0
7233,923.3,0.0
7234,923.4,0.0
7235,923.5,0.0
7236,923.6,0.0
7237,923.7,0.0
7238,923.8,0.0
7239,923.9,0.0
7240,924.0,0.0
7241,924.1,0.0
7242,924.2,0.0
7243,924.3,0.0
7244,924.4,0.0
7245,924.5,0.0
7246,924.6,0.0
7247,924.7,0.0
7248,924.8,0.0
7249,924.9,0.0
7250,925.0,0.0
7251,925.1,0.0
7252,925.2,0.0
7253,925.3,0.0
7254,925.4,0.0
7255,925.5,0.0
7256,925.6,0.0
7257,925.7,0.0
7258,925.8,0.0
7259,925.9,0.0
7260,926.0,0.0
7261,926.1,0.0
7262,926.2,0.0
7263,926.3,0.0
7264,926.4,0.0
7265,926.5,0.0
7266,926.6,0.0
7267,926.7,0.0
7268,926.8,0.0
7269,926.9,0.0
7270,927.0,0.0
7271,927.1,0.0
7272,927.2,0.0
7273,927.3,0.0
7274,927.4,0.0
7275,927.5,0.0
7276,927.6,0.0
7277,927.7,0.0
7278,927.8,0.0
7279,927.9,0.0
7280,928.0,0.0
7281,928.1,0.0
7282,928.2,0.0
7283,928.3,0.0
7284,928.4,0.0
7285,928.5,0.0
7286,928.6,0.0
7287,928.7,0.0
7288,928.8,0.0
7289,928.9,0.0
7290,929.0,0.0
7291,929.1,0.0
7292,929.2,0.0
7293,929.3,0.0
7294,929.4,0.0
7295,929.5,0.0
7296,929.6,0.0
7297,929.7,0.0
7298,929.8,0.0
7299,929.9,0.0
7300,930.0,0.0
7301,930.1,0.0
7302,930.2,0.0
7303,930.3,0.0
7304,930.4,0.0
7305,930.5,0.0
7306,930.6,0.0
7307,930.7,0.0
7308,930.8,0.0
7309,930.9,0.0
7310,931.0,0.0
7311,931.1,0.0
7312,931.2,0.0
7313,931.3,0.0
7314,931.4,0.0
7315,931.5,0.0
7316,931.6,0.0
7317,931.7,0.0
7318,931.8,0.0
7319,931.9,0.0
7320,932.0,0.0
7321,932.1,0.0
7322,932.2,0.0
7323,932.3,0.0
7324,932.4,0.0
7325,932.5,0.0
7326,932.6,0.0
7327,932.7,0.0
7328,932.8,0.0
7329,932.9,0.0
7330,933.0,0.0
7331,933.1,0.0
7332,933.2,0.0
7333,933.3,0.0
7334,933.4,0.0
7335,933.5,0.0
7336,933.6,0.0
7337,933.7,0.0
7338,933.8,0.0
7339,933.9,0.0
7340,934.0,0.0
7341,934.1,0.0
7342,934.2,0.0
7343,934.3,0.0
7344,934.4,0.0
7345,934.5,0.0
7346,934.6,0.0
7347,934.7,0.0
7348,934.8,0.0
7349,934.9,0.0
7350,935.0,0.0
7351,935.1,0.0
7352,935.2,0.0
7353,935.3,0.0
7354,935.4,0.0
7355,935.5,0.0
7356,935.6,0.0
7357,935.7,0.0
7358,935.8,0.0
7359,935.9,0.0
7360,936.0,0.0
7361,936.1,0.0
7362,936.2,0.0
7363,936.3,0.0
7364,936.4,0.0
7365,936.5,0.0
7366,936.6,0.0
7367,936.7,0.0
7368,936.8,0.0
7369,936.9,0.0
7370,937.0,0.0
7371,937.1,0.0
7372,937.2,0.0
7373,937.3,0.0
7374,937.4,0.0
7375,937.5,0.0
7376,937.6,0.0
7377,937.7,0.0
7378,937.8,0.0
7379,937.9,0.0
7380,938.0,0.0
7381,938.1,0.0
7382,938.2,0.0
7383,938.3,0.0
7384,938.4,0.0
7385,938.5,0.0
7386,938.6,0.0
7387,938.7,0.0
7388,938.8,0.0
7389,938.9,0.0
7390,939.0,0.0
7391,939.1,0.0
7392,939.2,0.0
7393,939.3,0.0
7394,939.4,0.0
7395,939.5,0.0
7396,939.6,0.0
7397,939.7,0.0
7398,939.8,0.0
7399,939.9,0.0
7400,940.0,0.0
7401,940.1,0.0
7402,940.2,0.0
7403,940.3,0.0
7404,940.4,0.0
7405,940.5,0.0
7406,940.6,0.0
7407,940.7,0.0
7408,940.8,0.0
7409,940.9,0.0
7410,941.0,0.0
7411,941.1,0.0
7412,941.2,0.0
7413,941.3,0.0
7414,941.4,0.0
7415,941.5,0.0
7416,941.6,0.0
7417,941.7,0.0
7418,941.8,0.0
7419,941.9,0.0
7420,942.0,0.0
7421,942.1,0.0
7422,942.2,0.0
7423,942.3,0.0
7424,942.4,0.0
7425,942.5,0.0
7426,942.6,0.0
7427,942.7,0.0
7428,942.8,0.0
7429,942.9,0.0
7430,943.0,0.0
7431,943.1,0.0
7432,943.2,0.0
7433,943.3,0.0
7434,943.4,0.0
7435,943.5,0.0
7436,943.6,0.0
7437,943.7,0.0
7438,943.8,0.0
7439,943.9,0.0
7440,944.0,0.0
7441,944.1,0.0
7442,944.2,0.0
7443,944.3,0.0
7444,944.4,0.0
7445,944.5,0.0
7446,944.6,0.0
7447,944.7,0.0
7448,944.8,0.0
7449,944.9,0.0
7450,945.0,0.0
7451,945.1,0.0
7452,945.2,0.0
7453,945.3,0.0
7454,945.4,0.0
7455,945.5,0.0
7456,945.6,0.0
7457,945.7,0.0
7458,945.8,0.0
7459,945.9,0.0
7460,946.0,0.0
7461,946.1,0.0
7462,946.2,0.0
7463,946.3,0.0
7464,946.4,0.0
7465,946.5,0.0
7466,946.6,0.0
7467,946.7,0.0
7468,946.8,0.0
7469,946.9,0.0
7470,947.0,0.0
7471,947.1,0.0
7472,947.2,0.0
7473,947.3,0.0
7474,947.4,0.0
7475,947.5,0.0
7476,947.6,0.0
7477,947.7,0.0
7478,947.8,0.0
7479,947.9,0.0
7480,948.0,0.0
7481,948.1,0.0
7482,948.2,0.0
7483,948.3,0.0
7484,948.4,0.0
7485,948.5,0.0
7486,948.6,0.0
7487,948.7,0.0
7488,948.8,0.0
7489,948.9,0.0
7490,949.0,0.0
7491,949.1,0.0
7492,949.2,0.0
7493,949.3,0.0
7494,949.4,0.0
7495,949.5,0.0
7496,949.6,0.0
7497,949.7,0.0
7498,949.8,0.0
7499,949.9,0.0
7500,950.0,0.0
7501,950.1,0.0
7502,950.2,0.0
7503,950.3,0.0
7504,950.4,0.0
7505,950.5,0.0
7506,950.6,0.0
7507,950.7,0.0
7508,950.8,0.0
7509,950.9,0.0
7510,951.0,0.0
7511,951.1,0.0
7512,951.2,0.0
7513,951.3,0.0
7514,951.4,0.0
7515,951.5,0.0
7516,951.6,0.0
7517,951.7,0.0
7518,951.8,0.0
7519,951.9,0.0
7520,952.0,0.0
7521,952.1,0.0
7522,952.2,0.0
7523,952.3,0.0
7524,952.4,0.0
7525,952.5,0.0
7526,952.6,0.0
7527,952.7,0.0
7528,952.8,0.0
7529,952.9,0.0
7530,953.0,0.0
7531,953.1,0.0
7532,953.2,0.0
7533,953.3,0.0
7534,953.4,0.0
7535,953.5,0.0
7536,953.6,0.0
7537,953.7,0.0
7538,953.8,0.0
7539,953.9,0.0
7540,954.0,0.0
7541,954.1,0.0
7542,954.2,0.0
7543,954.3,0.0
7544,954.4,0.0
7545,954.5,0.0
7546,954.6,0.0
7547,954.7,0.0
7548,954.8,0.0
7549,954.9,0.0
7550,955.0,0.0
7551,955.1,0.0
7552,955.2,0.0
7553,955.3,0.0
7554,955.4,0.0
7555,955.5,0.0
7556,955.6,0.0
7557,955.7,0.0
7558,955.8,0.0
7559,955.9,0.0
7560,956.0,0.0
7561,956.1,0.0
7562,956.2,0.0
7563,956.3,0.0
7564,956.4,0.0
7565,956.5,0.0
7566,956.6,0.0
7567,956.7,0.0
7568,956.8,0.0
7569,956.9,0.0
7570,957.0,0.0
7571,957.1,0.0
7572,957.2,0.0
7573,957.3,0.0
7574,957.4,0.0
7575,957.5,0.0
7576,957.6,0.0
7577,957.7,0.0
7578,957.8,0.0
7579,957.9,0.0
7580,958.0,0.0
7581,958.1,0.0
7582,958.2,0.0
7583,958.3,0.0
7584,958.4,0.0
7585,958.5,0.0
7586,958.6,0.0
7587,958.7,0.0
7588,958.8,0.0
7589,958.9,0.0
7590,959.0,0.0
7591,959.1,0.0
7592,959.2,0.0
7593,959.3,0.0
7594,959.4,0.0
7595,959.5,0.0
7596,959.6,0.0
7597,959.7,0.0
7598,959.8,0.0
7599,959.9,0.0
7600,960.0,0.0
7601,960.1,0.0
7602,960.2,0.0
7603,960.3,0.0
7604,960.4,0.0
7605,960.5,0.0
7606,960.6,0.0
7607,960.7,0.0
7608,960.8,0.0
7609,960.9,0.0
7610,961.0,0.0
7611,961.1,0.0
7612,961.2,0.0
7613,961.3,0.0
7614,961.4,0.0
7615,961.5,0.0
7616,961.6,0.0
7617,961.7,0.0
7618,961.8,0.0
7619,961.9,0.0
7620,962.0,0.0
7621,962.1,0.0
7622,962.2,0.0
7623,962.3,0.0
7624,962.4,0.0
7625,962.5,0.0
7626,962.6,0.0
7627,962.7,0.0
7628,962.8,0.0
7629,962.9,0.0
7630,963.0,0.0
7631,963.1,0.0
7632,963.2,0.0
7633,963.3,0.0
7634,963.4,0.0
7635,963.5,0.0
7636,963.6,0.0
7637,963.7,0.0
7638,963.8,0.0
7639,963.9,0.0
7640,964.0,0.0
7641,964.1,0.0
7642,964.2,0.0
7643,964.3,0.0
7644,964.4,0.0
7645,964.5,0.0
7646,964.6,0.0
7647,964.7,0.0
7648,964.8,0.0
7649,964.9,0.0
7650,965.0,0.0
7651,965.1,0.0
7652,965.2,0.0
7653,965.3,0.0
7654,965.4,0.0
7655,965.5,0.0
7656,965.6,0.0
7657,965.7,0.0
7658,965.8,0.0
7659,965.9,0.0
7660,966.0,0.0
7661,966.1,0.0
7662,966.2,0.0
7663,966.3,0.0
7664,966.4,0.0
7665,966.5,0.0
7666,966.6,0.0
7667,966.7,0.0
7668,966.8,0.0
7669,966.9,0.0
7670,967.0,0.0
7671,967.1,0.0
7672,967.2,0.0
7673,967.3,0.0
7674,967.4,0.0
7675,967.5,0.0
7676,967.6,0.0
7677,967.7,0.0
7678,967.8,0.0
7679,967.9,0.0
7680,968.0,0.0
7681,968.1,0.0
7682,968.2,0.0
7683,968.3,0.0
7684,968.4,0.0
7685,968.5,0.0
7686,968.6,0.0
7687,968.7,0.0
7688,968.8,0.0
7689,968.9,0.0
7690,969.0,0.0
7691,969.1,0.0
7692,969.2,0.0
7693,969.3,0.0
7694,969.4,0.0
7695,969.5,0.0
7696,969.6,0.0
7697,969.7,0.0
7698,969.8,0.0
7699,969.9,0.0
7700,970.0,0.0
7701,970.1,0.0
7702,970.2,0.0
7703,970.3,0.0
7704,970.4,0.0
7705,970.5,0.0
7706,970.6,0.0
7707,970.7,0.0
7708,970.8,0.0
7709,970.9,0.0
7710,971.0,0.0
7711,971.1,0.0
7712,971.2,0.0
7713,971.3,0.0
7714,971.4,0.0
7715,971.5,0.0
7716,971.6,0.0
7717,971.7,0.0
7718,971.8,0.0
7719,971.9,0.0
7720,972.0,0.0
7721,972.1,0.0
7722,972.2,0.0
7723,972.3,0.0
7724,972.4,0.0
7725,972.5,0.0
7726,972.6,0.0
7727,972.7,0.0
7728,972.8,0.0
7729,972.9,0.0
7730,973.0,0.0
7731,973.1,0.0
7732,973.2,0.0
7733,973.3,0.0
7734,973.4,0.0
7735,973.5,0.0
7736,973.6,0.0
7737,973.7,0.0
7738,973.8,0.0
7739,973.9,0.0
7740,974.0,0.0
7741,974.1,0.0
7742,974.2,0.0
7743,974.3,0.0
7744,974.4,0.0
7745,974.5,0.0
7746,974.6,0.0
7747,974.7,0.0
7748,974.8,0.0
7749,974.9,0.0
7750,975.0,0.0
7751,975.1,0.0
7752,975.2,0.0
7753,975.3,0.0
7754,975.4,0.0
7755,975.5,0.0
7756,975.6,0.0
7757,975.7,0.0
7758,975.8,0.0
7759,975.9,0.0
7760,976.0,0.0
7761,976.1,0.0
7762,976.2,0.0
7763,976.3,0.0
7764,976.4,0.0
7765,976.5,0.0
7766,976.6,0.0
7767,976.7,0.0
7768,976.8,0.0
7769,976.9,0.0
7770,977.0,0.0
7771,977.1,0.0
7772,977.2,0.0
7773,977.3,0.0
7774,977.4,0.0
7775,977.5,0.0
7776,977.6,0.0
7777,977.7,0.0
7778,977.8,0.0
7779,977.9,0.0
7780,978.0,0.0
7781,978.1,0.0
7782,978.2,0.0
7783,978.3,0.0
7784,978.4,0.0
7785,978.5,0.0
7786,978.6,0.0
7787,978.7,0.0
7788,978.8,0.0
7789,978.9,0.0
7790,979.0,0.0
7791,979.1,0.0
7792,979.2,0.0
7793,979.3,0.0
7794,979.4,0.0
7795,979.5,0.0
7796,979.6,0.0
7797,979.7,0.0
7798,979.8,0.0
7799,979.9,0.0
7800,980.0,0.0
7801,980.1,0.0
7802,980.2,0.0
7803,980.3,0.0
7804,980.4,0.0
7805,980.5,0.0
7806,980.6,0.0
7807,980.7,0.0
7808,980.8,0.0
7809,980.9,0.0
7810,981.0,0.0
7811,981.1,0.0
7812,981.2,0.0
7813,981.3,0.0
7814,981.4,0.0
7815,981.5,0.0
7816,981.6,0.0
7817,981.7,0.0
7818,981.8,0.0
7819,981.9,0.0
7820,982.0,0.0
7821,982.1,0.0
7822,982.2,0.0
7823,982.3,0.0
7824,982.4,0.0
7825,982.5,0.0
7826,982.6,0.0
7827,982.7,0.0
7828,982.8,0.0
7829,982.9,0.0
7830,983.0,0.0
7831,983.1,0.0
7832,983.2,0.0
7833,983.3,0.0
7834,983.4,0.0
7835,983.5,0.0
7836,983.6,0.0
7837,983.7,0.0
7838,983.8,0.0
7839,983.9,0.0
7840,984.0,0.0
7841,984.1,0.0
7842,984.2,0.0
7843,984.3,0.0
7844,984.4,0.0
7845,984.5,0.0
7846,984.6,0.0
7847,984.7,0.0
7848,984.8,0.0
7849,984.9,0.0
7850,985.0,0.0
7851,985.1,0.0
7852,985.2,0.0
7853,985.3,0.0
7854,985.4,0.0
7855,985.5,0.0
7856,985.6,0.0
7857,985.7,0.0
7858,985.8,0.0
7859,985.9,0.0
7860,986.0,0.0
7861,986.1,0.0
7862,986.2,0.0
7863,986.3,0.0
7864,986.4,0.0
7865,986.5,0.0
7866,986.6,0.0
7867,986.7,0.0
7868,986.8,0.0
7869,986.9,0.0
7870,987.0,0.0
7871,987.1,0.0
7872,987.2,0.0
7873,987.3,0.0
7874,987.4,0.0
7875,987.5,0.0
7876,987.6,0.0
7877,987.7,0.0
7878,987.8,0.0
7879,987.9,0.0
7880,988.0,0.0
7881,988.1,0.0
7882,988.2,0.0
7883,988.3,0.0
7884,988.4,0.0
7885,988.5,0.0
7886,988.6,0.0
7887,988.7,0.0
7888,988.8,0.0
7889,988.9,0.0
7890,989.0,0.0
7891,989.1,0.0
7892,989.2,0.0
7893,989.3,0.0
7894,989.4,0.0
7895,989.5,0.0
7896,989.6,0.0
7897,989.7,0.0
7898,989.8,0.0
7899,989.9,0.0
7900,990.0,0.0
7901,990.1,0.0
7902,990.2,0.0
7903,990.3,0.0
7904,990.4,0.0
7905,990.5,0.0
7906,990.6,0.0
7907,990.7,0.0
7908,990.8,0.0
7909,990.9,0.0
7910,991.0,0.0
7911,991.1,0.0
7912,991.2,0.0
7913,991.3,0.0
7914,991.4,0.0
7915,991.5,0.0
7916,991.6,0.0
7917,991.7,0.0
7918,991.8,0.0
7919,991.9,0.0
7920,992.0,0.0
7921,992.1,0.0
7922,992.2,0.0
7923,992.3,0.0
7924,992.4,0.0
7925,992.5,0.0
7926,992.6,0.0
7927,992.7,0.0
7928,992.8,0.0
7929,992.9,0.0
7930,993.0,0.0
7931,993.1,0.0
7932,993.2,0.0
7933,993.3,0.0
7934,993.4,0.0
7935,993.5,0.0
7936,993.6,0.0
7937,993.7,0.0
7938,993.8,0.0
7939,993.9,0.0
7940,994.0,0.0
7941,994.1,0.0
7942,994.2,0.0
7943,994.3,0.0
7944,994.4,0.0
7945,994.5,0.0
7946,994.6,0.0
7947,994.7,0.0
7948,994.8,0.0
7949,994.9,0.0
7950,995.0,0.0
7951,995.1,0.0
7952,995.2,0.0
7953,995.3,0.0
7954,995.4,0.0
7955,995.5,0.0
7956,995.6,0.0
7957,995.7,0.0
7958,995.8,0.0
7959,995.9,0.0
7960,996.0,0.0
7961,996.1,0.0
7962,996.2,0.0
7963,996.3,0.0
7964,996.4,0.0
7965,996.5,0.0
7966,996.6,0.0
7967,996.7,0.0
7968,996.8,0.0
7969,996.9,0.0
7970,997.0,0.0
7971,997.1,0.0
7972,997.2,0.0
7973,997.3,0.0
7974,997.4,0.0
7975,997.5,0.0
7976,997.6,0.0
7977,997.7,0.0
7978,997.8,0.0
7979,997.9,0.0
7980,998.0,0.0
7981,998.1,0.0
7982,998.2,0.0
7983,998.3,0.0
7984,998.4,0.0
7985,998.5,0.0
7986,998.6,0.0
7987,998.7,0.0
7988,998.8,0.0
7989,998.9,0.0
7990,999.0,0.0
7991,999.1,0.0
7992,999.2,0.0
7993,999.3,0.0
7994,999.4,0.0
7995,999.5,0.0
7996,999.6,0.0
7997,999.7,0.0
7998,999.8,0.0
7999,999.9,0.0
