,wavelength,intensity
0,200.0,29700000.0
1,200.1,30318582.668
2,200.2,25455459.632
3,200.3,17680943.713
4,200.4,10130000.0
5,200.5,4790185.804
6,200.6,1870073.308
7,200.7,603792.249
8,200.8,163263.315
9,200.9,39128.611
10,201.0,10592.31
11,201.1,5050.559
12,201.2,3681.267
13,201.3,2725.458
14,201.4,1773.726
15,201.5,978.122
16,201.6,451.383
17,201.7,173.271
18,201.8,55.207
19,201.9,14.517
20,202.0,3.18
21,202.1,0.576
22,202.2,0.086
23,202.3,0.011
24,202.4,0.001
25,202.5,0.0
26,202.6,0.0
27,202.7,0.0
28,202.8,0.0
29,202.9,0.0
30,203.0,0.0
31,203.1,0.0
32,203.2,0.0
33,203.3,0.0
34,203.4,0.0
35,203.5,0.0
36,203.6,0.0
37,203.7,0.0
38,203.8,0.003
39,203.9,0.0
40,204.0,0.319
41,204.1,2.681
42,204.2,41.341
43,204.3,550.207
44,204.4,5391.64
45,204.5,47201.27
46,204.6,336500.0
47,204.7,1990792.165
48,204.8,9874869.265
49,204.9,40876557.466
50,205.0,140800000.0
51,205.1,404304108.433
52,205.2,968471245.403
53,205.3,1933261533.794
54,205.4,3221999999.996
55,205.5,4492297810.679
56,205.6,5273061634.588
57,205.7,5305794549.271
58,205.8,4783294702.326
59,205.9,4227953875.101
60,206.0,4063414279.375
61,206.1,4303670013.03
62,206.2,4636146593.243
63,206.3,4755084392.94
64,206.4,4579210546.49
65,206.5,4188512500.373
66,206.6,3640313976.894
67,206.7,2939551104.896
68,206.8,2130554359.312
69,206.9,1345655833.547
70,207.0,725859644.639
71,207.1,330800000.001
72,207.2,126681312.676
73,207.3,40584259.735
74,207.4,10881291.445
75,207.5,2443000.0
76,207.6,456912.879
77,207.7,71043.489
78,207.8,9237.85
79,207.9,1021.0
80,208.0,93.552
81,208.1,6.774
82,208.2,0.501
83,208.3,0.018
84,208.4,0.0
85,208.5,0.002
86,208.6,0.018
87,208.7,0.133
88,208.8,0.831
89,208.9,4.373
90,209.0,19.408
91,209.1,72.413
92,209.2,227.189
93,209.3,601.296
94,209.4,1344.944
95,209.5,2549.79
96,209.6,4118.0
97,209.7,5700.799
98,209.8,6822.493
99,209.9,7139.9
100,210.0,6645.0
101,210.1,5649.171
102,210.2,4591.8
103,210.3,3795.814
104,210.4,3322.0
105,210.5,3001.29
106,210.6,2611.505
107,210.7,2059.659
108,210.8,1418.123
109,210.9,838.404
110,211.0,421.459
111,211.1,179.549
112,211.2,64.631
113,211.3,19.653
114,211.4,5.031
115,211.5,1.085
116,211.6,0.198
117,211.7,0.031
118,211.8,0.004
119,211.9,0.0
120,212.0,0.0
121,212.1,0.0
122,212.2,0.0
123,212.3,0.0
124,212.4,0.0
125,212.5,0.0
126,212.6,0.0
127,212.7,0.0
128,212.8,0.0
129,212.9,0.0
130,213.0,0.0
131,213.1,0.0
132,213.2,0.0
133,213.3,0.0
134,213.4,0.0
135,213.5,0.0
136,213.6,0.0
137,213.7,0.0
138,213.8,0.0
139,213.9,0.0
140,214.0,0.0
141,214.1,0.0
142,214.2,0.0
143,214.3,0.0
144,214.4,0.0
145,214.5,0.0
146,214.6,0.0
147,214.7,0.0
148,214.8,0.0
149,214.9,0.0
150,215.0,0.0
151,215.1,0.0
152,215.2,0.0
153,215.3,0.0
154,215.4,0.0
155,215.5,0.0
156,215.6,0.0
157,215.7,0.0
158,215.8,0.0
159,215.9,0.0
160,216.0,0.0
161,216.1,0.0
162,216.2,0.0
163,216.3,0.0
164,216.4,0.0
165,216.5,0.0
166,216.6,0.0
167,216.7,0.0
168,216.8,0.0
169,216.9,0.0
170,217.0,0.0
171,217.1,0.0
172,217.2,0.0
173,217.3,0.0
174,217.4,0.0
175,217.5,0.0
176,217.6,0.0
177,217.7,0.0
178,217.8,0.0
179,217.9,0.0
180,218.0,0.0
181,218.1,0.0
182,218.2,0.0
183,218.3,0.0
184,218.4,0.0
185,218.5,0.0
186,218.6,0.001
187,218.7,0.006
188,218.8,0.042
189,218.9,0.256
190,219.0,1.341
191,219.1,5.987
192,219.2,22.731
193,219.3,73.62
194,219.4,203.591
195,219.5,480.122
196,219.6,965.9
197,219.7,1657.798
198,219.8,2427.268
199,219.9,3031.01
200,220.0,3230.0
201,220.1,2936.274
202,220.2,2277.886
203,220.3,1506.81
204,220.4,850.6
205,220.5,409.577
206,220.6,168.223
207,220.7,58.943
208,220.8,17.625
209,220.9,4.499
210,221.0,0.976
211,221.1,0.181
212,221.2,0.029
213,221.3,0.004
214,221.4,0.0
215,221.5,0.0
216,221.6,0.0
217,221.7,0.0
218,221.8,0.0
219,221.9,0.0
220,222.0,0.0
221,222.1,0.0
222,222.2,0.0
223,222.3,0.0
224,222.4,0.0
225,222.5,0.003
226,222.6,0.023
227,222.7,0.144
228,222.8,0.78
229,222.9,3.62
230,223.0,14.39
231,223.1,49.079
232,223.2,143.832
233,223.3,361.195
234,223.4,777.921
235,223.5,1437.392
236,223.6,2277.137
237,223.7,3094.364
238,223.8,3608.198
239,223.9,3607.205
240,224.0,3094.244
241,224.1,2277.31
242,224.2,1436.88
243,224.3,777.969
244,224.4,361.252
245,224.5,143.866
246,224.6,49.15
247,224.7,14.396
248,224.8,3.612
249,224.9,0.799
250,225.0,0.346
251,225.1,1.7
252,225.2,12.214
253,225.3,76.282
254,225.4,409.7
255,225.5,1887.934
256,225.6,7482.332
257,225.7,25642.882
258,225.8,75493.241
259,225.9,191200.07
260,226.0,416944.583
261,226.1,782486.466
262,226.2,1263831.084
263,226.3,1757488.86
264,226.4,2103689.395
265,226.5,2168086.424
266,226.6,1923427.947
267,226.7,1471085.907
268,226.8,977664.603
269,226.9,593551.603
270,227.0,419712.968
271,227.1,542400.0
272,227.2,1086155.725
273,227.3,2217159.796
274,227.4,4054098.163
275,227.5,6531000.0
276,227.6,9312485.342
277,227.7,11861711.971
278,227.8,13648985.391
279,227.9,14310000.0
280,228.0,13735215.844
281,228.1,12016559.129
282,228.2,9523059.732
283,228.3,6754309.583
284,228.4,4244783.431
285,228.5,2343395.944
286,228.6,1129488.633
287,228.7,473218.876
288,228.8,171937.485
289,228.9,54224.366
290,229.0,16050.219
291,229.1,9626.802
292,229.2,24082.753
293,229.3,76714.78
294,229.4,217993.572
295,229.5,540423.018
296,229.6,1171000.0
297,229.7,2225456.297
298,229.8,3739352.605
299,229.9,5603174.56
300,230.0,7573000.0
301,230.1,9361069.991
302,230.2,10743329.687
303,230.3,11589568.681
304,230.4,11850000.0
305,230.5,11457823.088
306,230.6,10395037.292
307,230.7,8719565.391
308,230.8,6654432.59
309,230.9,4558502.946
310,231.0,2770521.776
311,231.1,1482900.757
312,231.2,694478.125
313,231.3,283581.903
314,231.4,100711.487
315,231.5,31022.921
316,231.6,8300.712
317,231.7,1924.77
318,231.8,385.686
319,231.9,68.36
320,232.0,24.005
321,232.1,74.07
322,232.2,330.331
323,232.3,1305.256
324,232.4,4490.47
325,232.5,13430.0
326,232.6,34943.873
327,232.7,79283.996
328,232.8,157004.424
329,232.9,272000.0
330,233.0,414112.69
331,233.1,556718.399
332,233.2,666777.892
333,233.3,721381.471
334,233.4,721532.157
335,233.5,692017.651
336,233.6,666453.802
337,233.7,665859.717
338,233.8,684778.814
339,233.9,696076.668
340,234.0,673064.602
341,234.1,614795.106
342,234.2,555398.175
343,234.3,546926.585
344,234.4,626669.864
345,234.5,787422.275
346,234.6,974900.0
347,234.7,1118369.571
348,234.8,1181035.729
349,234.9,1203543.321
350,235.0,1293000.0
351,235.1,1565844.392
352,235.2,2058449.636
353,235.3,2669594.472
354,235.4,3183000.0
355,235.5,3374275.285
356,235.6,3146825.965
357,235.7,2593693.876
358,235.8,1962611.445
359,235.9,1562182.737
360,236.0,1691452.408
361,236.1,2598427.469
362,236.2,4426731.068
363,236.3,7100208.451
364,236.4,10193533.346
365,236.5,12950152.531
366,236.6,14522759.12
367,236.7,14386715.176
368,236.8,12613549.905
369,236.9,9820792.875
370,237.0,6901972.081
371,237.1,4591000.0
372,237.2,3229785.926
373,237.3,2756107.955
374,237.4,2846340.492
375,237.5,3117000.0
376,237.6,3325951.284
377,237.7,3519934.904
378,237.8,4077792.825
379,237.9,5591000.0
380,238.0,8587922.102
381,238.1,13148534.019
382,238.2,18626501.352
383,238.3,23761670.534
384,238.4,27146257.296
385,238.5,27877139.401
386,238.6,26037452.255
387,238.7,22485625.038
388,238.8,18323503.53
389,238.9,14357057.931
390,239.0,10904442.906
391,239.1,7975923.398
392,239.2,5512357.284
393,239.3,3522164.775
394,239.4,2041689.554
395,239.5,1058807.097
396,239.6,487100.0
397,239.7,198579.875
398,239.8,75601.427
399,239.9,44314.149
400,240.0,89190.0
401,240.1,272344.638
402,240.2,774107.353
403,240.3,1936021.538
404,240.4,4242000.0
405,240.5,8143815.02
406,240.6,13694664.303
407,240.7,20184154.156
408,240.8,26076419.593
409,240.9,29543914.841
410,241.0,29397188.309
411,241.1,25769787.422
412,241.2,19993697.932
413,241.3,13902163.119
414,241.4,8873938.648
415,241.5,5463410.815
416,241.6,3530683.997
417,241.7,2651791.928
418,241.8,2412773.479
419,241.9,2527945.63
420,242.0,2824350.062
421,242.1,3191000.0
422,242.2,3540824.706
423,242.3,3792324.209
424,242.4,3872787.636
425,242.5,3740000.0
426,242.6,3404033.681
427,242.7,2925254.829
428,242.8,2386229.462
429,242.9,1858000.0
430,243.0,1390680.87
431,243.1,1038836.322
432,243.2,909056.541
433,243.3,1234416.198
434,243.4,2461337.097
435,243.5,5279558.734
436,243.6,10469438.324
437,243.7,18440090.292
438,243.8,28634348.485
439,243.9,39109109.091
440,244.0,46979182.154
441,244.1,49650994.773
442,244.2,46287857.945
443,244.3,38399638.552
444,244.4,29237760.915
445,244.5,22440946.25
446,244.6,20730000.0
447,244.7,25226717.798
448,244.8,35092935.021
449,244.9,47528525.874
450,245.0,58400000.0
451,245.1,63673765.911
452,245.2,61221310.158
453,245.3,51829602.249
454,245.4,38610000.0
455,245.5,25317856.693
456,245.6,14605432.797
457,245.7,7411268.918
458,245.8,3309867.031
459,245.9,1300340.864
460,246.0,449359.45
461,246.1,136601.541
462,246.2,36586.744
463,246.3,8621.702
464,246.4,1783.52
465,246.5,327.199
466,246.6,73.611
467,246.7,122.045
468,246.8,541.707
469,246.9,2243.687
470,247.0,8261.047
471,247.1,26770.0
472,247.2,76492.062
473,247.3,192924.168
474,247.4,429398.714
475,247.5,843400.0
476,247.6,1462124.189
477,247.7,2236489.225
478,247.8,3019197.467
479,247.9,3596000.0
480,248.0,3780843.887
481,248.1,3507982.952
482,248.2,2876163.917
483,248.3,2092562.561
484,248.4,1385146.607
485,248.5,930953.559
486,248.6,867035.625
487,248.7,1341654.685
488,248.8,2556919.21
489,248.9,4753855.368
490,249.0,8101958.856
491,249.1,12578547.085
492,249.2,17907249.735
493,249.3,23544485.068
494,249.4,28770891.14
495,249.5,32814204.535
496,249.6,35030000.0
497,249.7,35172363.472
498,249.8,33663917.402
499,249.9,31562008.772
500,250.0,30200000.0
501,250.1,30512809.033
502,250.2,32506865.633
503,250.3,35260507.342
504,250.4,37370000.0
505,250.5,37693740.541
506,250.6,35900664.363
507,250.7,32450285.565
508,250.8,28204461.857
509,250.9,24014154.523
510,251.0,20550268.505
511,251.1,18396196.797
512,251.2,18188211.945
513,251.3,20555740.372
514,251.4,25773184.275
515,251.5,33346748.911
516,251.6,41983078.229
517,251.7,50084776.67
518,251.8,57153534.844
519,251.9,65374783.465
520,252.0,80494241.803
521,252.1,110599999.999
522,252.2,162470980.296
523,252.3,236530857.853
524,252.4,323446115.242
525,252.5,405699999.998
526,252.6,465229546.202
527,252.7,492470902.14
528,252.8,491306133.272
529,252.9,475500000.001
530,253.0,459162568.757
531,253.1,449302714.668
532,253.2,443732335.324
533,253.3,435719154.644
534,253.4,418300331.847
535,253.5,387513828.192
536,253.6,342221655.026
537,253.7,284906192.024
538,253.8,221168262.89
539,253.9,159131468.351
540,254.0,106090305.85
541,254.1,66335282.086
542,254.2,40164758.896
543,254.3,24961856.341
544,254.4,17060283.3
545,254.5,13338049.814
546,254.6,11820000.0
547,254.7,11664907.231
548,254.8,12836972.295
549,254.9,16031446.663
550,255.0,22760000.0
551,255.1,35357645.21
552,255.2,56267993.664
553,255.3,86312534.797
554,255.4,122799999.999
555,255.5,158565897.601
556,255.6,184185811.316
557,255.7,191745663.406
558,255.8,178981363.754
559,255.9,150251164.091
560,256.0,114270640.618
561,256.1,79484961.213
562,256.2,51535521.807
563,256.3,32223313.088
564,256.4,21082234.794
565,256.5,17196267.082
566,256.6,20239657.46
567,256.7,30323363.443
568,256.8,47024454.856
569,256.9,68216051.356
570,257.0,89531781.626
571,257.1,105400000.0
572,257.2,111084449.871
573,257.3,105076200.818
574,257.4,89887765.812
575,257.5,70530000.001
576,257.6,52153753.041
577,257.7,37882210.346
578,257.8,28234051.912
579,257.9,22040000.0
580,258.0,17756786.246
581,258.1,14394335.485
582,258.2,11666745.618
583,258.3,9733649.184
584,258.4,8792868.837
585,258.5,8934620.647
586,258.6,10171684.988
587,258.7,12538671.385
588,258.8,16059888.972
589,258.9,20505353.236
590,259.0,25288416.55
591,259.1,29358086.641
592,259.2,31569374.533
593,259.3,31137872.873
594,259.4,28145716.747
595,259.5,23514889.36
596,259.6,18610000.0
597,259.7,14654494.095
598,259.8,12263262.347
599,259.9,11431865.855
600,260.0,11750000.0
601,260.1,12724169.752
602,260.2,13931801.356
603,260.3,15058137.662
604,260.4,15860000.0
605,260.5,16165824.525
606,260.6,15956138.486
607,260.7,15482296.025
608,260.8,15167757.265
609,260.9,15330653.05
610,261.0,15936136.491
611,261.1,16525766.118
612,261.2,16512846.441
613,261.3,15528878.646
614,261.4,13729626.294
615,261.5,11696335.115
616,261.6,10189544.66
617,261.7,9710181.911
618,261.8,10384973.389
619,261.9,11929144.095
620,262.0,13853785.777
621,262.1,15660000.0
622,262.2,16987072.275
623,262.3,17673211.616
624,262.4,17703227.917
625,262.5,17200000.0
626,262.6,16327210.179
627,262.7,15339331.687
628,262.8,14551233.496
629,262.9,14330000.0
630,263.0,15035101.648
631,263.1,17025202.182
632,263.2,20549566.526
633,263.3,25715866.179
634,263.4,32424249.218
635,263.5,40427831.906
636,263.6,49388249.513
637,263.7,59057504.207
638,263.8,69384578.215
639,263.9,80452688.981
640,264.0,92346594.314
641,264.1,105095736.143
642,264.2,118222333.701
643,264.3,131195150.442
644,264.4,142681634.492
645,264.5,151581223.576
646,264.6,157800000.0
647,264.7,164603585.712
648,264.8,179438400.402
649,264.9,213132100.275
650,265.0,275699999.997
651,265.1,370085405.629
652,265.2,488121794.911
653,265.3,612612550.929
654,265.4,724099999.996
655,265.5,809639298.484
656,265.6,865956493.126
657,265.7,895920056.362
658,265.8,902880588.653
659,265.9,889901644.249
660,266.0,867355882.903
661,266.1,859554882.563
662,266.2,903374115.659
663,266.3,1032420282.905
664,266.4,1259571314.676
665,266.5,1563334225.643
666,266.6,1897064163.924
667,266.7,2210244581.974
668,266.8,2468675369.858
669,266.9,2660632409.788
670,267.0,2786520702.463
671,267.1,2834000000.0
672,267.2,2779130144.18
673,267.3,2592977433.629
674,267.4,2271563854.766
675,267.5,1845000000.018
676,267.6,1376753052.16
677,267.7,939987097.451
678,267.8,585357832.486
679,267.9,333000000.008
680,268.0,174391354.85
681,268.1,85318405.009
682,268.2,40238733.762
683,268.3,19044463.966
684,268.4,9480819.074
685,268.5,5204843.539
686,268.6,3380928.83
687,268.7,2829946.188
688,268.8,2992158.206
689,268.9,3496912.306
690,269.0,4040818.43
691,269.1,4413336.021
692,269.2,4542282.335
693,269.3,4514916.762
694,269.4,4536886.917
695,269.5,4866320.118
696,269.6,5756000.0
697,269.7,7402734.885
698,269.8,9897384.291
699,269.9,13148714.648
700,270.0,16750000.0
701,270.1,20030313.376
702,270.2,22171014.056
703,270.3,22514477.663
704,270.4,20870000.0
705,270.5,17613115.162
706,270.6,13522178.336
707,270.7,9461793.405
708,270.8,6104038.512
709,270.9,3824116.704
710,271.0,2742496.532
711,271.1,2880462.399
712,271.2,4249171.409
713,271.3,6834653.617
714,271.4,10461916.846
715,271.5,14660747.797
716,271.6,18631484.08
717,271.7,21469973.03
718,271.8,22523765.343
719,271.9,21779674.668
720,272.0,19970348.342
721,272.1,18400000.0
722,272.2,18466562.5
723,272.3,21059845.078
724,272.4,26219955.958
725,272.5,33010000.0
726,272.6,39944867.203
727,272.7,45616792.038
728,272.8,49324818.902
729,272.9,51330000.0
730,273.0,52587395.026
731,273.1,54236589.464
732,273.2,57380650.312
733,273.3,63347528.6
734,273.4,74166162.377
735,273.5,92681815.027
736,273.6,121472051.656
737,273.7,161371607.467
738,273.8,209528990.391
739,273.9,259437758.728
740,274.0,302811078.256
741,274.1,333122121.035
742,274.2,348029363.521
743,274.3,349649321.652
744,274.4,342113356.597
745,274.5,328692142.6
746,274.6,311300000.001
747,274.7,290851277.91
748,274.8,269607681.358
749,274.9,250735542.001
750,275.0,236700000.0
751,275.1,227134127.883
752,275.2,219112446.152
753,275.3,208561386.549
754,275.4,193300000.001
755,275.5,174066697.191
756,275.6,154041963.844
757,275.7,136457241.432
758,275.8,123423954.124
759,275.9,115291628.063
760,276.0,111196240.232
761,276.1,109759910.506
762,276.2,109871156.232
763,276.3,109864201.519
764,276.4,108595103.963
765,276.5,104988450.393
766,276.6,98768035.315
767,276.7,90618210.461
768,276.8,81575580.232
769,276.9,72492691.225
770,277.0,63558125.694
771,277.1,54540000.0
772,277.2,45341128.306
773,277.3,36498526.139
774,277.4,29260648.675
775,277.5,25260000.0
776,277.6,25905267.152
777,277.7,31809666.444
778,277.8,42473639.93
779,277.9,56449999.999
780,278.0,71999047.083
781,278.1,88249941.105
782,278.2,106134290.153
783,278.3,128411513.582
784,278.4,157800082.056
785,278.5,194498711.605
786,278.6,233784351.667
787,278.7,266671236.572
788,278.8,282937707.679
789,278.9,275911513.029
790,279.0,245570140.587
791,279.1,198788988.938
792,279.2,145961276.589
793,279.3,97290465.381
794,279.4,58919794.404
795,279.5,32756903.699
796,279.6,17650000.0
797,279.7,11387259.41
798,279.8,12299768.942
799,279.9,19960169.557
800,280.0,34889999.999
801,280.1,57661994.286
802,280.2,87747128.464
803,280.3,123022836.465
804,280.4,159899999.998
805,280.5,194946064.121
806,280.6,226144461.201
807,280.7,253033173.757
808,280.8,275699838.453
809,280.9,292909212.109
810,281.0,301935872.014
811,281.1,299966789.01
812,281.2,287623478.616
813,281.3,271067326.269
814,281.4,262365512.55
815,281.5,276112950.461
816,281.6,326497738.008
817,281.7,423940710.409
818,281.8,572108823.307
819,281.9,764388589.401
820,282.0,980595780.592
821,282.1,1187999999.991
822,282.2,1345496644.495
823,282.3,1419674032.071
824,282.4,1399522610.233
825,282.5,1301000000.006
826,282.6,1166035288.842
827,282.7,1055424746.126
828,282.8,1034012538.202
829,282.9,1176999999.988
830,283.0,1561907363.443
831,283.1,2255764944.516
832,283.2,3283663692.306
833,283.3,4585391041.299
834,283.4,5991263546.717
835,283.5,7244861492.445
836,283.6,8089086281.843
837,283.7,8359110362.681
838,283.8,8054204803.542
839,283.9,7332024687.305
840,284.0,6425520577.257
841,284.1,5545036456.714
842,284.2,4811435270.436
843,284.3,4245376256.769
844,284.4,3819994977.11
845,284.5,3509834511.959
846,284.6,3314000000.006
847,284.7,3250048584.624
848,284.8,3311512170.079
849,284.9,3445374527.552
850,285.0,3558999999.997
851,285.1,3555143841.796
852,285.2,3380092966.06
853,285.3,3051210660.549
854,285.4,2646000000.02
855,285.5,2268591208.375
856,285.6,2010741174.751
857,285.7,1925593387.353
858,285.8,2021987871.779
859,285.9,2277333908.637
860,286.0,2641522652.209
861,286.1,3057682382.31
862,286.2,3470618162.37
863,286.3,3839119423.46
864,286.4,4140088163.035
865,286.5,4362006336.303
866,286.6,4493607089.92
867,286.7,4513094118.907
868,286.8,4392942223.34
869,286.9,4118510272.759
870,287.0,3700487134.359
871,287.1,3183000000.027
872,287.2,2628231773.399
873,287.3,2101973618.034
874,287.4,1655851534.112
875,287.5,1318000000.014
876,287.6,1094751079.664
877,287.7,969719963.434
878,287.8,918189682.482
879,287.9,907000000.0
880,288.0,906388118.44
881,288.1,893479175.031
882,288.2,855429284.079
883,288.3,789734643.839
884,288.4,701783278.503
885,288.5,602007158.761
886,288.6,501964858.245
887,288.7,411713154.88
888,288.8,337497797.972
889,288.9,281682137.957
890,289.0,243496553.476
891,289.1,221122085.565
892,289.2,213651812.751
893,289.3,222495079.477
894,289.4,249712873.662
895,289.5,295945711.622
896,289.6,356699999.997
897,289.7,421021325.629
898,289.8,473077014.088
899,289.9,497063309.029
900,290.0,483700000.002
901,290.1,433934621.702
902,290.2,358580820.642
903,290.3,274046675.913
904,290.4,196100000.004
905,290.5,135134439.507
906,290.6,94888147.787
907,290.7,73578352.966
908,290.8,66157169.739
909,290.9,66713563.154
910,291.0,69949080.797
911,291.1,72003347.804
912,291.2,70912061.347
913,291.3,66897745.327
914,291.4,62313738.352
915,291.5,61228227.527
916,291.6,68420532.391
917,291.7,88050167.835
918,291.8,121942282.174
919,291.9,168122248.779
920,292.0,220063848.276
921,292.1,267899999.998
922,292.2,301864927.983
923,292.3,315211708.439
924,292.4,308203665.369
925,292.5,288200000.001
926,292.6,267262037.691
927,292.7,258112726.567
928,292.8,270343362.68
929,292.9,307999999.997
930,293.0,369580721.866
931,293.1,449018528.419
932,293.2,537167596.559
933,293.3,622340561.348
934,293.4,691656938.113
935,293.5,733079244.846
936,293.6,737925609.341
937,293.7,704792626.344
938,293.8,640759613.581
939,293.9,559450960.872
940,294.0,476610576.964
941,294.1,404873162.581
942,294.2,350245527.215
943,294.3,312290711.989
944,294.4,285836173.046
945,294.5,264800605.558
946,294.6,244900000.001
947,294.7,225714393.056
948,294.8,210024694.954
949,294.9,202732063.369
950,295.0,208099999.999
951,295.1,227522509.628
952,295.2,257912443.343
953,295.3,292394890.324
954,295.4,322099999.999
955,295.5,339423010.373
956,295.6,340215244.484
957,295.7,324715338.424
958,295.8,296669293.089
959,295.9,262254909.542
960,296.0,227892053.977
961,296.1,200147656.161
962,296.2,184758730.757
963,296.3,186819344.905
964,296.4,210457650.428
965,296.5,259401132.879
966,296.6,337374287.842
967,296.7,447504027.525
968,296.8,589638175.662
969,296.9,756190288.989
970,297.0,929887794.466
971,297.1,1083999999.992
972,297.2,1192981062.642
973,297.3,1238082928.11
974,297.4,1221051706.942
975,297.5,1166000000.004
976,297.6,1104999952.445
977,297.7,1068846727.788
978,297.8,1071074818.357
979,297.9,1107999999.997
980,298.0,1166256493.965
981,298.1,1227053721.552
982,298.2,1283271282.906
983,298.3,1334872538.684
984,298.4,1385993061.752
985,298.5,1434240855.847
986,298.6,1472867666.514
987,298.7,1485711381.459
988,298.8,1458130065.232
989,298.9,1381572877.375
990,299.0,1254567456.509
991,299.1,1088132207.148
992,299.2,900436977.645
993,299.3,711761163.082
994,299.4,541721722.055
995,299.5,403379496.595
996,299.6,301700000.005
997,299.7,233832618.119
998,299.8,192701177.222
999,299.9,169730154.81
1000,300.0,157100000.001
1001,300.1,149070470.688
1002,300.2,141998462.04
1003,300.3,133769671.664
1004,300.4,123500000.001
1005,300.5,111070041.291
1006,300.6,97337141.581
1007,300.7,83784439.611
1008,300.8,72550585.888
1009,300.9,66419568.944
1010,301.0,68262572.756
1011,301.1,80510269.657
1012,301.2,104534368.316
1013,301.3,140383025.796
1014,301.4,186430986.844
1015,301.5,239768843.553
1016,301.6,297090599.906
1017,301.7,354668249.156
1018,301.8,409122364.011
1019,301.9,456846169.886
1020,302.0,493631199.779
1021,302.1,515199999.999
1022,302.2,517896089.827
1023,302.3,500382113.432
1024,302.4,465808484.813
1025,302.5,421100000.003
1026,302.6,375256602.735
1027,302.7,336159276.733
1028,302.8,307878922.029
1029,302.9,289300000.001
1030,303.0,275532906.816
1031,303.1,260767814.075
1032,303.2,241127774.24
1033,303.3,216034536.46
1034,303.4,187851313.466
1035,303.5,160287244.861
1036,303.6,136316371.836
1037,303.7,117406717.663
1038,303.8,103514214.338
1039,303.9,93654915.21
1040,304.0,86709388.685
1041,304.1,82206993.488
1042,304.2,80212232.597
1043,304.3,81019436.551
1044,304.4,84628824.191
1045,304.5,90324287.669
1046,304.6,96710000.0
1047,304.7,102148779.972
1048,304.8,105647054.149
1049,304.9,107413829.468
1050,305.0,109400000.0
1051,305.1,114812691.791
1052,305.2,126696101.499
1053,305.3,147225365.082
1054,305.4,176099999.998
1055,305.5,210415488.297
1056,305.6,245574865.067
1057,305.7,276154689.707
1058,305.8,299129547.076
1059,305.9,315486012.415
1060,306.0,331701564.431
1061,306.1,358159320.169
1062,306.2,405686654.19
1063,306.3,480810677.457
1064,306.4,583033527.434
1065,306.5,704524068.752
1066,306.6,835307621.522
1067,306.7,969481942.412
1068,306.8,1110869880.602
1069,306.9,1271641994.069
1070,307.0,1468314835.659
1071,307.1,1708999999.984
1072,307.2,1988339652.504
1073,307.3,2286149486.774
1074,307.4,2569334146.991
1075,307.5,2800999999.988
1076,307.6,2951235172.308
1077,307.7,2996646392.41
1078,307.8,2928715856.16
1079,307.9,2756000000.013
1080,308.0,2504442467.343
1081,308.1,2221958990.359
1082,308.2,1970000580.548
1083,308.3,1810844678.507
1084,308.4,1788393610.223
1085,308.5,1909246831.387
1086,308.6,2136829754.977
1087,308.7,2395003965.718
1088,308.8,2592554431.232
1089,308.9,2652266018.993
1090,309.0,2537096648.651
1091,309.1,2258922802.562
1092,309.2,1872557546.621
1093,309.3,1451471825.013
1094,309.4,1063742268.379
1095,309.5,753239957.433
1096,309.6,536300000.011
1097,309.7,406900015.618
1098,309.8,348674726.651
1099,309.9,344766634.451
1100,310.0,382299999.997
1101,310.1,452122375.798
1102,310.2,544538746.731
1103,310.3,646183886.427
1104,310.4,739199999.995
1105,310.5,804695215.323
1106,310.6,828047865.195
1107,310.7,803925336.21
1108,310.8,738707092.703
1109,310.9,649334474.261
1110,311.0,559934813.309
1111,311.1,497546950.721
1112,311.2,489176712.583
1113,311.3,559706980.134
1114,311.4,728088805.788
1115,311.5,1001455781.3
1116,311.6,1370095183.709
1117,311.7,1796791395.725
1118,311.8,2223995176.748
1119,311.9,2578391188.547
1120,312.0,2792902925.324
1121,312.1,2829000000.004
1122,312.2,2685042248.726
1123,312.3,2400649938.64
1124,312.4,2045379856.493
1125,312.5,1688000000.021
1126,312.6,1385568846.7
1127,312.7,1162822543.339
1128,312.8,1016307553.349
1129,312.9,925600000.005
1130,313.0,865248690.362
1131,313.1,817526677.956
1132,313.2,776144492.688
1133,313.3,744026565.128
1134,313.4,725033968.893
1135,313.5,718457704.279
1136,313.6,715790300.674
1137,313.7,703797793.018
1138,313.8,671085463.276
1139,313.9,612845871.246
1140,314.0,533771178.991
1141,314.1,445247462.972
1142,314.2,360801949.431
1143,314.3,291520188.641
1144,314.4,242686066.793
1145,314.5,214608158.902
1146,314.6,203700000.0
1147,314.7,205581156.917
1148,314.8,216222411.368
1149,314.9,232900425.446
1150,315.0,253999999.999
1151,315.1,278256730.317
1152,315.2,304966270.7
1153,315.3,334082254.547
1154,315.4,367399999.998
1155,315.5,409574217.197
1156,315.6,468163060.424
1157,315.7,551618202.661
1158,315.8,665535378.514
1159,315.9,807736432.843
1160,316.0,966480777.637
1161,316.1,1121743049.151
1162,316.2,1249468849.35
1163,316.3,1333048607.409
1164,316.4,1365816792.811
1165,316.5,1353911470.755
1166,316.6,1307867491.502
1167,316.7,1241567308.074
1168,316.8,1158735445.752
1169,316.9,1060737632.403
1170,317.0,942258144.265
1171,317.1,803700000.01
1172,317.2,651856469.251
1173,317.3,498565740.23
1174,317.4,357972004.944
1175,317.5,240800000.007
1176,317.6,152649093.5
1177,317.7,93055833.052
1178,317.8,57565126.323
1179,317.9,40360000.001
1180,318.0,36198746.905
1181,318.1,41839101.853
1182,318.2,56782835.139
1183,318.3,83369930.455
1184,318.4,126408847.911
1185,318.5,191606713.996
1186,318.6,283286799.795
1187,318.7,401283945.031
1188,318.8,537666842.754
1189,318.9,676232189.709
1190,319.0,794904557.685
1191,319.1,871370657.787
1192,319.2,890210663.37
1193,319.3,849093789.621
1194,319.4,760122961.2
1195,319.5,646817774.876
1196,319.6,537100000.007
1197,319.7,455301549.854
1198,319.8,416597020.501
1199,319.9,422901810.774
1200,320.0,464599999.996
1201,320.1,522950409.364
1202,320.2,575986314.644
1203,320.3,604066535.704
1204,320.4,595600000.002
1205,320.5,548938005.232
1206,320.6,473125238.299
1207,320.7,383491568.234
1208,320.8,297817625.465
1209,320.9,231884147.041
1210,321.0,197830992.787
1211,321.1,202652175.448
1212,321.2,249087301.559
1213,321.3,335612065.471
1214,321.4,455859720.019
1215,321.5,598978718.49
1216,321.6,750822331.726
1217,321.7,896521657.961
1218,321.8,1024140690.934
1219,321.9,1127925123.431
1220,322.0,1209225368.308
1221,322.1,1271999999.996
1222,322.2,1327724464.385
1223,322.3,1383082511.049
1224,322.4,1449622369.159
1225,322.5,1537999999.993
1226,322.6,1669877025.631
1227,322.7,1867743297.95
1228,322.8,2162523106.958
1229,322.9,2584999999.966
1230,323.0,3156933970.336
1231,323.1,3883494999.208
1232,323.2,4738189338.69
1233,323.3,5658615251.746
1234,323.4,6553019642.485
1235,323.5,7309025017.921
1236,323.6,7825672471.859
1237,323.7,8031673005.753
1238,323.8,7907106352.782
1239,323.9,7481271648.578
1240,324.0,6822454688.371
1241,324.1,6017105143.455
1242,324.2,5154668457.887
1243,324.3,4317867846.492
1244,324.4,3571435229.138
1245,324.5,2961014030.205
1246,324.6,2513000000.026
1247,324.7,2227483071.789
1248,324.8,2086616186.22
1249,324.9,2050487479.921
1250,325.0,2074999999.997
1251,325.1,2113636243.041
1252,325.2,2126041866.616
1253,325.3,2089050507.155
1254,325.4,1998000000.008
1255,325.5,1862658214.752
1256,325.6,1711811688.141
1257,325.7,1575146256.093
1258,325.8,1478785481.256
1259,325.9,1433573347.884
1260,326.0,1428643398.723
1261,326.1,1438451576.098
1262,326.2,1429070264.017
1263,326.3,1375158431.461
1264,326.4,1267326708.006
1265,326.5,1116320851.503
1266,326.6,946700208.064
1267,326.7,788708801.99
1268,326.8,667084269.658
1269,326.9,594330659.678
1270,327.0,568759379.612
1271,327.1,578699999.998
1272,327.2,608255811.505
1273,327.3,643698491.216
1274,327.4,677029533.92
1275,327.5,706299999.998
1276,327.6,732770399.036
1277,327.7,757860327.356
1278,327.8,780222123.369
1279,327.9,796699999.999
1280,328.0,803925285.103
1281,328.1,801540783.269
1282,328.2,793355094.49
1283,328.3,785758066.775
1284,328.4,785162790.421
1285,328.5,793488493.769
1286,328.6,806159862.288
1287,328.7,813033474.283
1288,328.8,801257099.72
1289,328.9,760951850.895
1290,329.0,688602655.274
1291,329.1,589312997.891
1292,329.2,474304630.888
1293,329.3,357959937.74
1294,329.4,252703616.854
1295,329.5,166664253.719
1296,329.6,102700000.004
1297,329.7,59248427.822
1298,329.8,32358333.41
1299,329.9,17532665.647
1300,330.0,10960000.0
1301,330.1,10050488.485
1302,330.2,13444080.733
1303,330.3,20617849.388
1304,330.4,31379999.999
1305,330.5,45421940.282
1306,330.6,61998867.428
1307,330.7,79921696.506
1308,330.8,97814540.608
1309,330.9,114735450.933
1310,331.0,130597918.933
1311,331.1,146772135.683
1312,331.2,166237804.353
1313,331.3,192696731.61
1314,331.4,231053301.283
1315,331.5,286519274.762
1316,331.6,364319227.634
1317,331.7,468605080.411
1318,331.8,601161558.831
1319,331.9,758945438.29
1320,332.0,932818993.524
1321,332.1,1106999999.987
1322,332.2,1264079687.283
1323,332.3,1385138909.544
1324,332.4,1461227526.883
1325,332.5,1492999999.999
1326,332.6,1490444082.573
1327,332.7,1469749917.227
1328,332.8,1445509352.837
1329,332.9,1426000000.001
1330,333.0,1413888905.88
1331,333.1,1404407564.075
1332,333.2,1395497753.72
1333,333.3,1389168032.016
1334,333.4,1394310294.0
1335,333.5,1423392868.403
1336,333.6,1495604908.32
1337,333.7,1624735619.46
1338,333.8,1816110506.45
1339,333.9,2069574336.458
1340,334.0,2371536898.205
1341,334.1,2711186829.687
1342,334.2,3086313883.2
1343,334.3,3509654708.318
1344,334.4,4008489300.476
1345,334.5,4601745779.587
1346,334.6,5284999999.945
1347,334.7,6004170640.496
1348,334.8,6655879598.388
1349,334.9,7109968365.306
1350,335.0,7250000000.003
1351,335.1,7012464533.128
1352,335.2,6424338232.075
1353,335.3,5591782721.906
1354,335.4,4678000000.069
1355,335.5,3853835523.609
1356,335.6,3256323470.589
1357,335.7,2955014476.563
1358,335.8,2940147286.516
1359,335.9,3138170173.846
1360,336.0,3429251187.53
1361,336.1,3684838394.899
1362,336.2,3801561028.129
1363,336.3,3725519634.497
1364,336.4,3465067423.582
1365,336.5,3081757137.043
1366,336.6,2671658580.986
1367,336.7,2331604694.883
1368,336.8,2136348220.22
1369,336.9,2115171367.63
1370,337.0,2250867310.364
1371,337.1,2481999999.98
1372,337.2,2728155053.71
1373,337.3,2907830693.795
1374,337.4,2966854844.505
1375,337.5,2890000000.011
1376,337.6,2704703248.441
1377,337.7,2469760728.833
1378,337.8,2255787768.538
1379,337.9,2121000000.006
1380,338.0,2096286837.76
1381,338.1,2176681302.526
1382,338.2,2324370321.733
1383,338.3,2484592513.006
1384,338.4,2600128230.612
1385,338.5,2627033000.408
1386,338.6,2545380081.173
1387,338.7,2361135414.04
1388,338.8,2101694310.486
1389,338.9,1804020877.726
1390,339.0,1506458729.627
1391,339.1,1238463437.865
1392,339.2,1016042947.293
1393,339.3,843175762.262
1394,339.4,711852634.091
1395,339.5,609852330.427
1396,339.6,524400000.006
1397,339.7,446271870.358
1398,339.8,371171464.255
1399,339.9,299655451.22
1400,340.0,234300000.005
1401,340.1,178123906.841
1402,340.2,132994610.812
1403,340.3,98500208.883
1404,340.4,73070000.002
1405,340.5,54411142.483
1406,340.6,40420568.131
1407,340.7,29594704.082
1408,340.8,21057162.841
1409,340.9,14379924.798
1410,341.0,9350359.623
1411,341.1,5745691.103
1412,341.2,3325715.771
1413,341.3,1807856.311
1414,341.4,921774.99
1415,341.5,440239.595
1416,341.6,196966.74
1417,341.7,82539.823
1418,341.8,32363.915
1419,341.9,11871.035
1420,342.0,4092.523
1421,342.1,1326.0
1422,342.2,412.622
1423,342.3,151.631
1424,342.4,166.613
1425,342.5,512.5
1426,342.6,1795.372
1427,342.7,6015.125
1428,342.8,18941.409
1429,342.9,55910.0
1430,343.0,154584.722
1431,343.1,400793.943
1432,343.2,975581.672
1433,343.3,2224478.809
1434,343.4,4753900.456
1435,343.5,9525140.729
1436,343.6,17893081.112
1437,343.7,31521156.563
1438,343.8,52062602.298
1439,343.9,80602034.181
1440,344.0,116996268.381
1441,344.1,159285877.496
1442,344.2,203457626.22
1443,344.3,243976075.008
1444,344.4,274774403.679
1445,344.5,291266927.634
1446,344.6,291400000.001
1447,344.7,276788674.641
1448,344.8,252095634.513
1449,344.9,223719883.448
1450,345.0,198200000.002
1451,345.1,180457806.724
1452,345.2,173128346.172
1453,345.3,175965582.632
1454,345.4,186799999.999
1455,345.5,202160820.348
1456,345.6,218622259.907
1457,345.7,233111102.376
1458,345.8,243437237.442
1459,345.9,248542256.267
1460,346.0,247570048.261
1461,346.1,240495276.522
1462,346.2,227511207.367
1463,346.3,209033385.821
1464,346.4,186131430.184
1465,346.5,160103227.62
1466,346.6,133162692.488
1467,346.7,107325199.35
1468,346.8,84777878.808
1469,346.9,67497866.262
1470,347.0,56819679.661
1471,347.1,53550000.0
1472,347.2,57796421.016
1473,347.3,68800241.821
1474,347.4,84877047.15
1475,347.5,103499999.998
1476,347.6,121478630.132
1477,347.7,135646641.634
1478,347.8,143668338.734
1479,347.9,144300000.0
1480,348.0,137815674.6
1481,348.1,126180403.002
1482,348.2,111891328.592
1483,348.3,97719108.023
1484,348.4,86145560.35
1485,348.5,78873904.446
1486,348.6,76693690.433
1487,348.7,79489330.761
1488,348.8,86251448.552
1489,348.9,95255308.275
1490,349.0,104255196.028
1491,349.1,110929229.172
1492,349.2,113657738.621
1493,349.3,111621790.37
1494,349.4,105905065.316
1495,349.5,98989479.692
1496,349.6,94870000.0
1497,349.7,98417134.023
1498,349.8,114554786.795
1499,349.9,147392259.233
1500,350.0,199099999.995
1501,350.1,269125485.066
1502,350.2,353492373.438
1503,350.3,445318739.499
1504,350.4,535599999.993
1505,350.5,615446517.377
1506,350.6,677563354.841
1507,350.7,717626071.114
1508,350.8,734468281.328
1509,350.9,729000547.822
1510,351.0,703360056.748
1511,351.1,660107686.359
1512,351.2,602237414.508
1513,351.3,533806039.14
1514,351.4,459798933.391
1515,351.5,386528734.973
1516,351.6,319991079.68
1517,351.7,264655439.598
1518,351.8,222512758.805
1519,351.9,192414624.966
1520,352.0,171222596.811
1521,352.1,154900000.001
1522,352.2,139471355.861
1523,352.3,123038814.653
1524,352.4,105006526.7
1525,352.5,86750000.002
1526,352.6,70389250.824
1527,352.7,58395855.195
1528,352.8,52913635.95
1529,352.9,55369999.999
1530,353.0,66227142.11
1531,353.1,84783502.16
1532,353.2,109055962.995
1533,353.3,135839190.943
1534,353.4,161030899.628
1535,353.5,180468283.931
1536,353.6,190464897.024
1537,353.7,189160402.562
1538,353.8,176814157.807
1539,353.9,155388843.672
1540,354.0,128367888.518
1541,354.1,99800194.636
1542,354.2,72948478.114
1543,354.3,50138567.385
1544,354.4,32407471.582
1545,354.5,19697367.161
1546,354.6,11260000.001
1547,354.7,6048832.31
1548,354.8,3057819.599
1549,354.9,1453047.321
1550,355.0,649600.0
1551,355.1,272965.968
1552,355.2,107865.581
1553,355.3,40082.009
1554,355.4,14020.0
1555,355.5,4610.979
1556,355.6,1441.311
1557,355.7,498.232
1558,355.8,433.984
1559,355.9,1172.895
1560,356.0,3848.785
1561,356.1,12165.971
1562,356.2,36276.474
1563,356.3,101792.587
1564,356.4,268941.193
1565,356.5,669592.73
1566,356.6,1569983.079
1567,356.7,3466234.435
1568,356.8,7206134.654
1569,356.9,14112938.193
1570,357.0,26024313.222
1571,357.1,45189999.998
1572,357.2,73911492.378
1573,357.3,113870968.021
1574,357.4,165135815.019
1575,357.5,225599999.994
1576,357.6,290250564.89
1577,357.7,351756603.5
1578,357.8,401391859.456
1579,357.9,431599999.998
1580,358.0,437152335.261
1581,358.1,417621209.607
1582,358.2,376875825.524
1583,358.3,322685678.179
1584,358.4,264834390.892
1585,358.5,213021907.223
1586,358.6,175304278.945
1587,358.7,156954242.32
1588,358.8,160177583.712
1589,358.9,183747273.821
1590,359.0,223869579.844
1591,359.1,273955577.655
1592,359.2,325701055.247
1593,359.3,370538953.731
1594,359.4,400818380.367
1595,359.5,411997966.365
1596,359.6,403200000.002
1597,359.7,377883116.039
1598,359.8,342710026.709
1599,359.9,306102721.321
1600,360.0,275700000.002
1601,360.1,256880422.657
1602,360.2,251154240.724
1603,360.3,256442737.128
1604,360.4,267599999.999
1605,360.5,277865881.136
1606,360.6,281159046.174
1607,360.7,273317455.49
1608,360.8,252969911.695
1609,360.9,222025042.347
1610,361.0,184197922.415
1611,361.1,144353170.847
1612,361.2,106801936.083
1613,361.3,74649445.487
1614,361.4,49553419.566
1615,361.5,31671385.015
1616,361.6,20283249.604
1617,361.7,14277754.89
1618,361.8,12494594.435
1619,361.9,13951784.784
1620,362.0,17845439.344
1621,362.1,23419999.999
1622,362.2,29884066.737
1623,362.3,36359546.809
1624,362.4,41912788.976
1625,362.5,45760000.0
1626,362.6,47402811.683
1627,362.7,46824200.797
1628,362.8,44529716.579
1629,362.9,41450000.0
1630,363.0,38820899.749
1631,363.1,37885668.18
1632,363.2,39755154.257
1633,363.3,45208489.326
1634,363.4,54657723.241
1635,363.5,68066971.813
1636,363.6,84905231.177
1637,363.7,104106502.79
1638,363.8,124072697.392
1639,363.9,142742652.293
1640,364.0,157834815.759
1641,364.1,167061223.967
1642,364.2,169057137.138
1643,364.3,163395384.073
1644,364.4,150638335.274
1645,364.5,132921531.259
1646,364.6,112700000.002
1647,364.7,92719738.207
1648,364.8,75536373.818
1649,364.9,62790266.234
1650,365.0,55300000.0
1651,365.1,53093627.512
1652,365.2,55692466.699
1653,365.3,62385247.366
1654,365.4,72459999.999
1655,365.5,85355818.373
1656,365.6,100510471.678
1657,365.7,117093532.874
1658,365.8,134130348.781
1659,365.9,149852230.103
1660,366.0,162285265.087
1661,366.1,169567266.484
1662,366.2,170236837.045
1663,366.3,163511615.334
1664,366.4,150141983.39
1665,366.5,131351235.87
1666,366.6,109547873.296
1667,366.7,87140846.589
1668,366.8,66109816.121
1669,366.9,47958965.299
1670,367.0,33406809.604
1671,367.1,22480000.001
1672,367.2,14759848.735
1673,367.3,9557142.052
1674,367.4,6187821.697
1675,367.5,4046000.0
1676,367.6,2679752.11
1677,367.7,1791853.49
1678,367.8,1198203.555
1679,367.9,797400.0
1680,368.0,532286.335
1681,368.1,371182.461
1682,368.2,294380.546
1683,368.3,287905.246
1684,368.4,340986.276
1685,368.5,442767.451
1686,368.6,580564.997
1687,368.7,738264.75
1688,368.8,896182.614
1689,368.9,1033602.547
1690,369.0,1132985.802
1691,369.1,1188595.415
1692,369.2,1211755.988
1693,369.3,1242630.518
1694,369.4,1358060.962
1695,369.5,1686443.932
1696,369.6,2415000.0
1697,369.7,3795544.371
1698,369.8,6133725.279
1699,369.9,9757188.956
1700,370.0,14909999.999
1701,370.1,21708372.499
1702,370.2,29979300.139
1703,370.3,39179095.725
1704,370.4,48449999.999
1705,370.5,56663203.647
1706,370.6,62685680.668
1707,370.7,65599281.306
1708,370.8,64976737.912
1709,370.9,60964157.303
1710,371.0,54325154.749
1711,371.1,46210535.1
1712,371.2,37971023.168
1713,371.3,30849293.64
1714,371.4,25847821.832
1715,371.5,23577408.643
1716,371.6,24253855.982
1717,371.7,27696212.796
1718,371.8,33371897.869
1719,371.9,40428269.168
1720,372.0,47840631.822
1721,372.1,54519999.999
1722,372.2,59470794.024
1723,372.3,61993956.553
1724,372.4,61806868.903
1725,372.5,59080000.0
1726,372.6,54361371.389
1727,372.7,48426458.961
1728,372.8,42158001.261
1729,372.9,36400000.001
1730,373.0,31924446.006
1731,373.1,29520356.572
1732,373.2,30087356.915
1733,373.3,34674715.041
1734,373.4,44480023.697
1735,373.5,60640062.475
1736,373.6,83862761.187
1737,373.7,114041954.669
1738,373.8,149750049.973
1739,373.9,188221594.449
1740,374.0,225509557.429
1741,374.1,257208207.774
1742,374.2,279043207.173
1743,374.3,288267546.157
1744,374.4,284345778.772
1745,374.5,268948349.727
1746,374.6,246000000.002
1747,374.7,221212269.882
1748,374.8,201520038.856
1749,374.9,194753209.415
1750,375.0,209599999.997
1751,375.1,255388171.716
1752,375.2,341725678.614
1753,375.3,477535845.92
1754,375.4,668299999.978
1755,375.5,913427965.699
1756,375.6,1203570506.644
1757,375.7,1519456858.786
1758,375.8,1831437932.814
1759,375.9,2102211765.856
1760,376.0,2298136474.39
1761,376.1,2391160271.534
1762,376.2,2365014833.445
1763,376.3,2226342443.985
1764,376.4,1991591214.493
1765,376.5,1694852251.276
1766,376.6,1372332424.501
1767,376.7,1056526576.534
1768,376.8,773757650.614
1769,376.9,539792794.249
1770,377.0,358976150.524
1771,377.1,227900000.011
1772,377.2,138602246.117
1773,377.3,81077433.358
1774,377.4,45931285.068
1775,377.5,25450000.002
1776,377.6,14041295.303
1777,377.7,7980181.366
1778,377.8,4980805.827
1779,377.9,3757000.0
1780,378.0,3618939.385
1781,378.1,4210261.991
1782,378.2,5325540.006
1783,378.3,6805008.872
1784,378.4,8485709.106
1785,378.5,10175079.546
1786,378.6,11669498.683
1787,378.7,12777063.998
1788,378.8,13338437.014
1789,378.9,13274700.726
1790,379.0,12599524.819
1791,379.1,11410943.555
1792,379.2,9876423.883
1793,379.3,8192538.458
1794,379.4,6563533.065
1795,379.5,5170300.68
1796,379.6,4151000.0
1797,379.7,3593005.979
1798,379.8,3538211.812
1799,379.9,3977980.975
1800,380.0,4855000.0
1801,380.1,6063246.893
1802,380.2,7447257.905
1803,380.3,8814754.713
1804,380.4,9962000.0
1805,380.5,10709930.943
1806,380.6,10932356.635
1807,380.7,10581717.631
1808,380.8,9718837.045
1809,380.9,8465671.677
1810,381.0,6993247.345
1811,381.1,5478467.646
1812,381.2,4069734.252
1813,381.3,2866716.13
1814,381.4,1915728.261
1815,381.5,1213386.18
1816,381.6,728900.77
1817,381.7,415306.21
1818,381.8,224378.107
1819,381.9,114944.101
1820,382.0,55847.75
1821,382.1,25730.0
1822,382.2,11238.085
1823,382.3,4657.11
1824,382.4,1829.862
1825,382.5,682.0
1826,382.6,240.941
1827,382.7,80.694
1828,382.8,25.657
1829,382.9,7.844
1830,383.0,2.623
1831,383.1,2.049
1832,383.2,5.021
1833,383.3,15.501
1834,383.4,46.606
1835,383.5,133.348
1836,383.6,362.841
1837,383.7,938.415
1838,383.8,2303.925
1839,383.9,5376.676
1840,384.0,11932.945
1841,384.1,25174.02
1842,384.2,50499.956
1843,384.3,96421.26
1844,384.4,175244.994
1845,384.5,303200.275
1846,384.6,500200.0
1847,384.7,786910.412
1848,384.8,1181845.331
1849,384.9,1696588.346
1850,385.0,2329000.0
1851,385.1,3063555.57
1852,385.2,3864874.896
1853,385.3,4685663.57
1854,385.4,5467000.0
1855,385.5,6152885.272
1856,385.6,6696747.113
1857,385.7,7076980.513
1858,385.8,7299233.701
1859,385.9,7401524.404
1860,386.0,7449155.431
1861,386.1,7520693.359
1862,386.2,7687805.417
1863,386.3,8000331.211
1864,386.4,8462861.148
1865,386.5,9033986.414
1866,386.6,9631532.977
1867,386.7,10155942.746
1868,386.8,10497793.429
1869,386.9,10605095.25
1870,387.0,10464958.765
1871,387.1,10130000.0
1872,387.2,9695934.682
1873,387.3,9329433.251
1874,387.4,9208331.251
1875,387.5,9515000.0
1876,387.6,10398788.985
1877,387.7,11956440.511
1878,387.8,14176434.098
1879,387.9,16920000.0
1880,388.0,19913277.255
1881,388.1,22814132.41
1882,388.2,25202358.177
1883,388.3,26715979.737
1884,388.4,27139746.548
1885,388.5,26423952.149
1886,388.6,24794345.135
1887,388.7,22702114.221
1888,388.8,20791821.775
1889,388.9,19934386.299
1890,389.0,21091822.686
1891,389.1,25384418.402
1892,389.2,33949921.094
1893,389.3,47821812.565
1894,389.4,67749032.316
1895,389.5,93860396.385
1896,389.6,125399999.996
1897,389.7,160363681.239
1898,389.8,195924198.143
1899,389.9,228094013.203
1900,390.0,253199999.998
1901,390.1,267907080.548
1902,390.2,270598242.294
1903,390.3,261551073.352
1904,390.4,243000000.002
1905,390.5,218824064.181
1906,390.6,193602825.723
1907,390.7,171632390.855
1908,390.8,156292272.286
1909,390.9,149044281.677
1910,391.0,149590146.746
1911,391.1,155904731.546
1912,391.2,165062430.032
1913,391.3,173514796.658
1914,391.4,178160758.189
1915,391.5,176984352.061
1916,391.6,168960141.391
1917,391.7,154852898.177
1918,391.8,136088892.777
1919,391.9,114807000.791
1920,392.0,93172618.247
1921,392.1,73060000.002
1922,392.2,55691855.596
1923,392.3,41637676.874
1924,392.4,30905137.385
1925,392.5,23130000.001
1926,392.6,17718031.802
1927,392.7,14080872.357
1928,392.8,11630415.613
1929,392.9,9920000.0
1930,393.0,8609760.871
1931,393.1,7482627.548
1932,393.2,6421212.816
1933,393.3,5385933.87
1934,393.4,4387839.375
1935,393.5,3466865.337
1936,393.6,2672586.798
1937,393.7,2051120.259
1938,393.8,1640451.403
1939,393.9,1472000.876
1940,394.0,1567057.042
1941,394.1,1943445.632
1942,394.2,2610809.389
1943,394.3,3561672.005
1944,394.4,4766636.977
1945,394.5,6173852.876
1946,394.6,7706000.0
1947,394.7,9282971.799
1948,394.8,10836866.617
1949,394.9,12366528.385
1950,395.0,13890000.0
1951,395.1,15547060.803
1952,395.2,17484416.403
1953,395.3,19925127.686
1954,395.4,23050000.0
1955,395.5,27003694.301
1956,395.6,31883723.535
1957,395.7,37680816.31
1958,395.8,44316992.434
1959,395.9,51601316.494
1960,396.0,59266083.691
1961,396.1,66925179.655
1962,396.2,74149321.335
1963,396.3,80479588.767
1964,396.4,85478120.547
1965,396.5,88810480.046
1966,396.6,90270239.322
1967,396.7,89795673.22
1968,396.8,87429054.005
1969,396.9,83316885.507
1970,397.0,77682945.137
1971,397.1,70840000.001
1972,397.2,63174174.454
1973,397.3,55199386.291
1974,397.4,47486564.458
1975,397.5,40660000.001
1976,397.6,35286035.936
1977,397.7,31797387.055
1978,397.8,30390481.359
1979,397.9,31020000.0
1980,398.0,33377839.453
1981,398.1,36966928.899
1982,398.2,41196162.407
1983,398.3,45478798.612
1984,398.4,49323589.288
1985,398.5,52403595.523
1986,398.6,54580119.375
1987,398.7,55832401.031
1988,398.8,56245587.435
1989,398.9,55907950.709
1990,399.0,54909206.878
1991,399.1,53327073.737
1992,399.2,51242240.385
1993,399.3,48778450.552
1994,399.4,46092407.896
1995,399.5,43374098.737
1996,399.6,40770000.0
1997,399.7,38380778.895
1998,399.8,36192471.368
1999,399.9,34098078.477
2000,400.0,31970000.0
2001,400.1,29662156.553
2002,400.2,27118327.467
2003,400.3,24350990.447
2004,400.4,21460000.0
2005,400.5,18597095.598
2006,400.6,15926751.496
2007,400.7,13581689.392
2008,400.8,11614835.551
2009,400.9,10039098.072
2010,401.0,8811258.136
2011,401.1,7859974.733
2012,401.2,7110341.318
2013,401.3,6503643.959
2014,401.4,6010777.992
2015,401.5,5634791.749
2016,401.6,5409265.347
2017,401.7,5390507.681
2018,401.8,5652403.303
2019,401.9,6270434.195
2020,402.0,7315976.138
2021,402.1,8835000.0
2022,402.2,10838584.829
2023,402.3,13288079.063
2024,402.4,16069556.182
2025,402.5,19000000.0
2026,402.6,21860535.083
2027,402.7,24340010.35
2028,402.8,26194426.104
2029,402.9,27210000.0
2030,403.0,27289640.039
2031,403.1,26454018.513
2032,403.2,24865247.133
2033,403.3,22792800.528
2034,403.4,20523141.762
2035,403.5,18353545.682
2036,403.6,16472959.289
2037,403.7,14968662.129
2038,403.8,13841601.972
2039,403.9,13007789.654
2040,404.0,12390450.772
2041,404.1,11885584.045
2042,404.2,11473065.895
2043,404.3,11178971.277
2044,404.4,11077322.161
2045,404.5,11260897.435
2046,404.6,11810000.0
2047,404.7,12762585.204
2048,404.8,14094385.182
2049,404.9,15742220.363
2050,405.0,17580000.0
2051,405.1,19449062.661
2052,405.2,21189125.783
2053,405.3,22630153.15
2054,405.4,23640000.0
2055,405.5,24135891.99
2056,405.6,24080567.915
2057,405.7,23497435.499
2058,405.8,22455811.827
2059,405.9,21057301.458
2060,406.0,19424350.738
2061,406.1,17675050.821
2062,406.2,15896505.044
2063,406.3,14160458.88
2064,406.4,12513253.288
2065,406.5,10956141.39
2066,406.6,9497306.348
2067,406.7,8123471.269
2068,406.8,6833667.189
2069,406.9,5628625.794
2070,407.0,4521305.054
2071,407.1,3528000.0
2072,407.2,2665457.503
2073,407.3,1943935.368
2074,407.4,1366112.992
2075,407.5,922200.0
2076,407.6,597796.16
2077,407.7,371528.152
2078,407.8,221221.707
2079,407.9,126100.0
2080,408.0,68962.798
2081,408.1,36390.094
2082,408.2,19110.571
2083,408.3,11158.231
2084,408.4,9210.986
2085,408.5,11953.497
2086,408.6,19577.305
2087,408.7,33423.964
2088,408.8,55692.477
2089,408.9,89084.676
2090,409.0,136302.685
2091,409.1,199303.868
2092,409.2,278400.044
2093,409.3,371619.193
2094,409.4,474022.184
2095,409.5,577941.367
2096,409.6,674000.0
2097,409.7,752625.203
2098,409.8,806385.356
2099,409.9,831943.775
2100,410.0,832000.0
2101,410.1,815224.213
2102,410.2,795992.775
2103,410.3,791845.069
2104,410.4,820200.0
2105,410.5,895069.345
2106,410.6,1023384.527
2107,410.7,1202129.68
2108,410.8,1419012.249
2109,410.9,1651043.827
2110,411.0,1869596.828
2111,411.1,2045685.615
2112,411.2,2153613.309
2113,411.3,2178642.931
2114,411.4,2120146.404
2115,411.5,1990879.631
2116,411.6,1817465.375
2117,411.7,1634235.956
2118,411.8,1476466.94
2119,411.9,1378090.713
2120,412.0,1362132.506
2121,412.1,1439000.0
2122,412.2,1601885.227
2123,412.3,1831920.201
2124,412.4,2094085.893
2125,412.5,2349000.0
2126,412.6,2554077.08
2127,412.7,2674614.469
2128,412.8,2688243.662
2129,412.9,2587000.0
2130,413.0,2382839.736
2131,413.1,2098843.859
2132,413.2,1767534.567
2133,413.3,1422919.211
2134,413.4,1095655.455
2135,413.5,805750.539
2136,413.6,566763.4
2137,413.7,381044.543
2138,413.8,244808.528
2139,413.9,150396.773
2140,414.0,88365.302
2141,414.1,49811.011
2142,414.2,27270.145
2143,414.3,15479.397
2144,414.4,11417.929
2145,414.5,14804.098
2146,414.6,28890.0
2147,414.7,62528.067
2148,414.8,133691.623
2149,414.9,275382.568
2150,415.0,543300.0
2151,415.1,1025957.27
2152,415.2,1853282.29
2153,415.3,3204659.14
2154,415.4,5303000.0
2155,415.5,8398584.505
2156,415.6,12738254.996
2157,415.7,18487201.811
2158,415.8,25709978.939
2159,415.9,34267523.755
2160,416.0,43801604.16
2161,416.1,53734998.618
2162,416.2,63363657.843
2163,416.3,71929586.1
2164,416.4,78802433.079
2165,416.5,83561219.852
2166,416.6,86069710.484
2167,416.7,86475518.21
2168,416.8,85142315.15
2169,416.9,82468583.827
2170,417.0,78835935.382
2171,417.1,74490000.001
2172,417.2,69514634.94
2173,417.3,63919613.119
2174,417.4,57706034.618
2175,417.5,50920000.001
2176,417.6,43757147.356
2177,417.7,36479676.895
2178,417.8,29454064.293
2179,417.9,23020000.001
2180,418.0,17432086.428
2181,418.1,12870208.302
2182,418.2,9347964.174
2183,418.3,6788849.227
2184,418.4,5033375.738
2185,418.5,3892576.81
2186,418.6,3174553.923
2187,418.7,2714939.995
2188,418.8,2388846.661
2189,418.9,2116394.094
2190,419.0,1853913.767
2191,419.1,1590252.352
2192,419.2,1332936.475
2193,419.3,1098604.282
2194,419.4,909782.014
2195,419.5,784239.611
2196,419.6,736200.0
2197,419.7,773118.593
2198,419.8,895562.238
2199,419.9,1095723.017
2200,420.0,1360000.0
2201,420.1,1664981.663
2202,420.2,1982447.935
2203,420.3,2281885.453
2204,420.4,2534000.0
2205,420.5,2716169.556
2206,420.6,2817553.713
2207,420.7,2836216.661
2208,420.8,2783500.261
2209,420.9,2677597.967
2210,421.0,2539387.115
2211,421.1,2386558.803
2212,421.2,2233097.166
2213,421.3,2084444.524
2214,421.4,1943665.01
2215,421.5,1809346.489
2216,421.6,1680546.202
2217,421.7,1558150.647
2218,421.8,1445098.919
2219,421.9,1345302.291
2220,422.0,1261120.579
2221,422.1,1192000.0
2222,422.2,1138212.483
2223,422.3,1094359.488
2224,422.4,1058408.186
2225,422.5,1028000.0
2226,422.6,1003867.708
2227,422.7,989791.185
2228,422.8,989641.911
2229,422.9,1008000.0
2230,423.0,1047679.461
2231,423.1,1109281.019
2232,423.2,1191270.803
2233,423.3,1287741.611
2234,423.4,1393834.633
2235,423.5,1502650.333
2236,423.6,1611335.938
2237,423.7,1721542.369
2238,423.8,1847091.629
2239,423.9,2025328.769
2240,424.0,2324507.764
2241,424.1,2863536.708
2242,424.2,3822368.87
2243,424.3,5454441.951
2244,424.4,8087732.879
2245,424.5,12098311.224
2246,424.6,17869999.999
2247,424.7,25715278.609
2248,424.8,35785958.349
2249,424.9,47950815.076
2250,425.0,61749999.998
2251,425.1,76350331.126
2252,425.2,90599138.16
2253,425.3,103119775.765
2254,425.4,112699999.999
2255,425.5,118362797.138
2256,425.6,119325865.07
2257,425.7,115792775.053
2258,425.8,108145313.62
2259,425.9,97652437.025
2260,426.0,85428302.047
2261,426.1,72849309.806
2262,426.2,61057369.094
2263,426.3,50978894.205
2264,426.4,43221412.807
2265,426.5,38135422.955
2266,426.6,35887900.806
2267,426.7,36474819.501
2268,426.8,39804470.623
2269,426.9,45607015.315
2270,427.0,53456221.595
2271,427.1,62709999.999
2272,427.2,72491980.12
2273,427.3,81796069.873
2274,427.4,89594007.851
2275,427.5,94989999.999
2276,427.6,97411541.6
2277,427.7,96732572.189
2278,427.8,93359750.191
2279,427.9,88150000.001
2280,428.0,82307526.231
2281,428.1,77229981.098
2282,428.2,74245006.45
2283,428.3,74445106.639
2284,428.4,78484663.728
2285,428.5,86499757.824
2286,428.6,98068819.801
2287,428.7,112272091.365
2288,428.8,127986665.047
2289,428.9,143657272.129
2290,429.0,158290920.938
2291,429.1,170873986.123
2292,429.2,181008532.119
2293,429.3,188999047.647
2294,429.4,195180531.264
2295,429.5,200338445.185
2296,429.6,204899999.999
2297,429.7,209241478.99
2298,429.8,212988119.702
2299,429.9,215595259.627
2300,430.0,216100000.0
2301,430.1,213742881.472
2302,430.2,207834025.682
2303,430.3,198393584.727
2304,430.4,185900000.002
2305,430.5,171370148.35
2306,430.6,155915911.062
2307,430.7,140898951.785
2308,430.8,127159176.251
2309,430.9,115642368.676
2310,431.0,106203795.959
2311,431.1,98847400.417
2312,431.2,92980683.506
2313,431.3,87920956.924
2314,431.4,83000550.821
2315,431.5,77665803.415
2316,431.6,71585067.199
2317,431.7,64662260.35
2318,431.8,57030535.116
2319,431.9,49003152.784
2320,432.0,40970540.22
2321,432.1,33350000.001
2322,432.2,26467287.44
2323,432.3,20591206.384
2324,432.4,15824751.126
2325,432.5,12220000.0
2326,432.6,9718429.79
2327,432.7,8298025.807
2328,432.8,7894614.061
2329,432.9,8498000.0
2330,433.0,10116872.981
2331,433.1,12758533.282
2332,433.2,16410460.424
2333,433.3,20961283.281
2334,433.4,26242774.643
2335,433.5,31945261.856
2336,433.6,37685977.4
2337,433.7,43033852.869
2338,433.8,47554767.982
2339,433.9,50923481.553
2340,434.0,52918053.969
2341,434.1,53514414.673
2342,434.2,52819951.996
2343,434.3,51102199.136
2344,434.4,48669414.628
2345,434.5,45882834.941
2346,434.6,43040000.0
2347,434.7,40366373.168
2348,434.8,37988202.631
2349,434.9,35937085.718
2350,435.0,34130000.0
2351,435.1,32475356.081
2352,435.2,30837218.638
2353,435.3,29111167.777
2354,435.4,27240000.0
2355,435.5,25226605.831
2356,435.6,23133680.376
2357,435.7,21088217.66
2358,435.8,19212222.005
2359,435.9,17651048.411
2360,436.0,16505322.911
2361,436.1,15834777.669
2362,436.2,15661483.522
2363,436.3,15936784.073
2364,436.4,16602285.223
2365,436.5,17529937.679
2366,436.6,18582946.668
2367,436.7,19630134.505
2368,436.8,20525624.712
2369,436.9,21154150.439
2370,437.0,21430724.196
2371,437.1,21320000.0
2372,437.2,20818767.134
2373,437.3,19957585.685
2374,437.4,18814661.55
2375,437.5,17490000.0
2376,437.6,16113456.65
2377,437.7,14789011.158
2378,437.8,13661970.258
2379,437.9,12850000.0
2380,438.0,12464555.804
2381,438.1,12615568.517
2382,438.2,13375900.549
2383,438.3,14842371.629
2384,438.4,17081246.863
2385,438.5,20191763.473
2386,438.6,24286465.455
2387,438.7,29451239.28
2388,438.8,35763128.629
2389,438.9,43183507.014
2390,439.0,51544437.475
2391,439.1,60484861.769
2392,439.2,69435890.613
2393,439.3,77663415.224
2394,439.4,84351846.342
2395,439.5,88728967.109
2396,439.6,90210000.0
2397,439.7,88542736.989
2398,439.8,83813064.954
2399,439.9,76499050.69
2400,440.0,67360000.001
2401,440.1,57288567.993
2402,440.2,47235659.36
2403,440.3,37978803.163
2404,440.4,30120000.001
2405,440.5,23962161.727
2406,440.6,19591895.657
2407,440.7,16868947.073
2408,440.8,15487184.601
2409,440.9,15104837.575
2410,441.0,15312873.379
2411,441.1,15770680.502
2412,441.2,16179183.356
2413,441.3,16363097.825
2414,441.4,16193355.923
2415,441.5,15677959.031
2416,441.6,14864397.461
2417,441.7,13842064.039
2418,441.8,12734176.369
2419,441.9,11646624.102
2420,442.0,10669086.617
2421,442.1,9837000.0
2422,442.2,9180498.564
2423,442.3,8685834.529
2424,442.4,8324215.702
2425,442.5,8063000.0
2426,442.6,7872615.244
2427,442.7,7736591.481
2428,442.8,7657135.452
2429,442.9,7662000.0
2430,443.0,7811315.105
2431,443.1,8200459.569
2432,443.2,8968506.014
2433,443.3,10298150.316
2434,443.4,12401825.787
2435,443.5,15512397.14
2436,443.6,19827475.209
2437,443.7,25488779.613
2438,443.8,32487660.934
2439,443.9,40666736.731
2440,444.0,49631734.921
2441,444.1,58851168.755
2442,444.2,67603512.89
2443,444.3,75177689.112
2444,444.4,80903062.456
2445,444.5,84309921.582
2446,444.6,85180000.0
2447,444.7,83587086.978
2448,444.8,79868254.461
2449,444.9,74551333.798
2450,445.0,68250000.001
2451,445.1,61560040.032
2452,445.2,55009896.878
2453,445.3,48956127.93
2454,445.4,43650000.001
2455,445.5,39235024.248
2456,445.6,35810347.07
2457,445.7,33457824.189
2458,445.8,32295266.717
2459,445.9,32485008.859
2460,446.0,34210320.671
2461,446.1,37619084.654
2462,446.2,42762844.736
2463,446.3,49520711.701
2464,446.4,57552942.539
2465,446.5,66266331.108
2466,446.6,74879108.974
2467,446.7,82478840.206
2468,446.8,88179299.85
2469,446.9,91230896.251
2470,447.0,91183873.151
2471,447.1,87980000.001
2472,447.2,81903087.44
2473,447.3,73597464.05
2474,447.4,63894234.88
2475,447.5,53730000.001
2476,447.6,43925999.638
2477,447.7,35180421.845
2478,447.8,27919762.202
2479,447.9,22370000.001
2480,448.0,18524269.674
2481,448.1,16253265.471
2482,448.2,15312163.548
2483,448.3,15422358.577
2484,448.4,16305288.359
2485,448.5,17697893.188
2486,448.6,19397444.556
2487,448.7,21225139.148
2488,448.8,23074276.677
2489,448.9,24911728.158
2490,449.0,26790712.352
2491,449.1,28839456.997
2492,449.2,31230428.223
2493,449.3,34172502.269
2494,449.4,37849194.162
2495,449.5,42351197.773
2496,449.6,47639999.999
2497,449.7,53486455.843
2498,449.8,59489390.18
2499,449.9,65120830.977
2500,450.0,69779999.999
2501,450.1,72886623.457
2502,450.2,74022487.242
2503,450.3,72956549.385
2504,450.4,69730000.001
2505,450.5,64633004.843
2506,450.6,58165504.768
2507,450.7,50914164.838
2508,450.8,43507578.821
2509,450.9,36477424.8
2510,451.0,30233808.543
2511,451.1,25003848.932
2512,451.2,20865098.453
2513,451.3,17775044.201
2514,451.4,15607959.451
2515,451.5,14197998.007
2516,451.6,13408915.321
2517,451.7,13133249.561
2518,451.8,13308119.124
2519,451.9,13927037.397
2520,452.0,15047261.846
2521,452.1,16770000.0
2522,452.2,19212907.16
2523,452.3,22540445.973
2524,452.4,26923701.688
2525,452.5,32509999.999
2526,452.6,39393583.915
2527,452.7,47590570.125
2528,452.8,56959121.859
2529,452.9,67199999.998
2530,453.0,77839525.14
2531,453.1,88208141.399
2532,453.2,97598428.711
2533,453.3,105166625.73
2534,453.4,110408797.793
2535,453.5,112975906.442
2536,453.6,112739947.382
2537,453.7,110336968.276
2538,453.8,106365047.798
2539,453.9,102026146.233
2540,454.0,98590194.497
2541,454.1,97336604.809
2542,454.2,99262143.904
2543,454.3,105040120.076
2544,454.4,114761302.07
2545,454.5,128020717.471
2546,454.6,143699999.998
2547,454.7,160424249.511
2548,454.8,176195820.556
2549,454.9,189491423.394
2550,455.0,198599999.999
2551,455.1,202576397.743
2552,455.2,201163878.819
2553,455.3,194629369.189
2554,455.4,184000000.002
2555,455.5,170580971.819
2556,455.6,156012145.739
2557,455.7,141605837.064
2558,455.8,128503634.777
2559,455.9,117501283.008
2560,456.0,108908367.988
2561,456.1,102859734.565
2562,456.2,99174509.785
2563,456.3,97624970.516
2564,456.4,97996422.858
2565,456.5,100076631.241
2566,456.6,103585773.209
2567,456.7,108212680.863
2568,456.8,113654021.398
2569,456.9,119111637.35
2570,457.0,124059223.076
2571,457.1,127500000.0
2572,457.2,128749506.628
2573,457.3,127196531.319
2574,457.4,122580688.427
2575,457.5,115000000.001
2576,457.6,104905674.673
2577,457.7,93063066.736
2578,457.8,80548293.826
2579,457.9,68360000.002
2580,458.0,57407031.1
2581,458.1,48406809.625
2582,458.2,41738805.12
2583,458.3,37469668.421
2584,458.4,35411272.12
2585,458.5,35100050.329
2586,458.6,35973735.947
2587,458.7,37391883.078
2588,458.8,38760050.012
2589,458.9,39605462.87
2590,459.0,39589787.275
2591,459.1,38567490.898
2592,459.2,36569882.297
2593,459.3,33751843.459
2594,459.4,30360369.791
2595,459.5,26693588.51
2596,459.6,23000000.001
2597,459.7,19518570.71
2598,459.8,16381481.275
2599,459.9,13660718.261
2600,460.0,11380000.0
2601,460.1,9500520.286
2602,460.2,7980244.485
2603,460.3,6764391.019
2604,460.4,5813000.0
2605,460.5,5100195.34
2606,460.6,4621765.102
2607,460.7,4384879.764
2608,460.8,4411057.879
2609,460.9,4721332.305
2610,461.0,5330410.485
2611,461.1,6239860.514
2612,461.2,7429213.123
2613,461.3,8853045.015
2614,461.4,10440943.892
2615,461.5,12104209.642
2616,461.6,13723861.553
2617,461.7,15208653.07
2618,461.8,16436633.251
2619,461.9,17330622.921
2620,462.0,17830102.069
2621,462.1,17910000.0
2622,462.2,17570574.163
2623,462.3,16842896.222
2624,462.4,15769190.006
2625,462.5,14430000.0
2626,462.6,12916688.136
2627,462.7,11319735.8
2628,462.8,9725990.113
2629,462.9,8221000.0
2630,463.0,6885387.194
2631,463.1,5780294.05
2632,463.2,4953377.525
2633,463.3,4432471.903
2634,463.4,4233513.82
2635,463.5,4350769.047
2636,463.6,4769977.808
2637,463.7,5464797.583
2638,463.8,6396760.354
2639,463.9,7523157.847
2640,464.0,8792187.724
2641,464.1,10142847.423
2642,464.2,11517126.266
2643,464.3,12848021.793
2644,464.4,14059944.909
2645,464.5,15091693.494
2646,464.6,15880000.0
2647,464.7,16375357.297
2648,464.8,16571386.314
2649,464.9,16442725.274
2650,465.0,16020000.0
2651,465.1,15323665.037
2652,465.2,14428967.152
2653,465.3,13365364.396
2654,465.4,12220000.0
2655,465.5,11045218.647
2656,465.6,9898955.384
2657,465.7,8830231.68
2658,465.8,7875781.059
2659,465.9,7067303.924
2660,466.0,6422216.206
2661,466.1,5945299.164
2662,466.2,5627707.366
2663,466.3,5448493.294
2664,466.4,5376324.408
2665,466.5,5370949.077
2666,466.6,5390277.646
2667,466.7,5394830.491
2668,466.8,5352923.877
2669,466.9,5242339.25
2670,467.0,5056751.914
2671,467.1,4803000.0
2672,467.2,4500620.336
2673,467.3,4175724.07
2674,467.4,3860351.903
2675,467.5,3584000.0
2676,467.6,3368814.308
2677,467.7,3229757.401
2678,467.8,3168361.062
2679,467.9,3178000.0
2680,468.0,3244054.748
2681,468.1,3349233.806
2682,468.2,3473986.643
2683,468.3,3603279.067
2684,468.4,3726916.091
2685,468.5,3839586.377
2686,468.6,3942546.927
2687,468.7,4038601.927
2688,468.8,4133750.316
2689,468.9,4235095.91
2690,469.0,4346586.98
2691,469.1,4473427.812
2692,469.2,4617228.383
2693,469.3,4779461.014
2694,469.4,4958886.484
2695,469.5,5152728.41
2696,469.6,5359000.0
2697,469.7,5575168.482
2698,469.8,5801180.837
2699,469.9,6037809.629
2700,470.0,6291000.0
2701,470.1,6567097.598
2702,470.2,6870068.047
2703,470.3,7202631.601
2704,470.4,7557000.0
2705,470.5,7921592.62
2706,470.6,8271731.108
2707,470.7,8584119.955
2708,470.8,8835810.641
2709,470.9,9013225.745
2710,471.0,9115604.005
2711,471.1,9157588.643
2712,471.2,9165795.607
2713,471.3,9172667.206
2714,471.4,9211222.144
2715,471.5,9301888.131
2716,471.6,9452845.775
2717,471.7,9653670.114
2718,471.8,9880077.347
2719,471.9,10106630.783
2720,472.0,10298917.948
2721,472.1,10430000.0
2722,472.2,10509339.353
2723,472.3,10518676.403
2724,472.4,10481561.635
2725,472.5,10420000.0
2726,472.6,10346746.026
2727,472.7,10283870.524
2728,472.8,10235927.008
2729,472.9,10210000.0
2730,473.0,10201693.861
2731,473.1,10210257.667
2732,473.2,10216620.261
2733,473.3,10219485.462
2734,473.4,10229828.905
2735,473.5,10216871.692
2736,473.6,10193183.078
2737,473.7,10145728.84
2738,473.8,10070275.25
2739,473.9,9948656.833
2740,474.0,9788836.877
2741,474.1,9591285.473
2742,474.2,9372999.843
2743,474.3,9162784.531
2744,474.4,9002768.408
2745,474.5,8946880.249
2746,474.6,9051000.0
2747,474.7,9369938.68
2748,474.8,9949284.004
2749,474.9,10805715.054
2750,475.0,11940000.0
2751,475.1,13324951.704
2752,475.2,14888883.986
2753,475.3,16530170.847
2754,475.4,18150000.0
2755,475.5,19612996.264
2756,475.6,20792370.364
2757,475.7,21604341.985
2758,475.8,21943431.046
2759,475.9,21792670.447
2760,476.0,21142888.648
2761,476.1,20035739.454
2762,476.2,18572751.159
2763,476.3,16837200.943
2764,476.4,14941834.69
2765,476.5,12997949.781
2766,476.6,11103382.424
2767,476.7,9336477.768
2768,476.8,7744016.984
2769,476.9,6356981.119
2770,477.0,5184058.644
2771,477.1,4221000.0
2772,477.2,3454341.744
2773,477.3,2863792.884
2774,477.4,2426122.441
2775,477.5,2121000.0
2776,477.6,1926098.616
2777,477.7,1826886.848
2778,477.8,1810841.329
2779,477.9,1872000.0
2780,478.0,2008650.707
2781,478.1,2225421.159
2782,478.2,2526850.131
2783,478.3,2919735.018
2784,478.4,3402320.229
2785,478.5,3970105.055
2786,478.6,4604295.836
2787,478.7,5278636.908
2788,478.8,5959209.396
2789,478.9,6606412.83
2790,479.0,7183993.938
2791,479.1,7662405.557
2792,479.2,8023534.014
2793,479.3,8262271.868
2794,479.4,8389979.505
2795,479.5,8425690.473
2796,479.6,8395000.0
2797,479.7,8321982.054
2798,479.8,8225704.661
2799,479.9,8114062.967
2800,480.0,7987000.0
2801,480.1,7831148.199
2802,480.2,7632993.089
2803,480.3,7373221.468
2804,480.4,7042000.0
2805,480.5,6634752.959
2806,480.6,6159500.684
2807,480.7,5632422.823
2808,480.8,5080362.26
2809,480.9,4534526.517
2810,481.0,4024762.48
2811,481.1,3580855.093
2812,481.2,3224341.398
2813,481.3,2965569.108
2814,481.4,2805036.958
2815,481.5,2735757.303
2816,481.6,2737832.654
2817,481.7,2786232.487
2818,481.8,2854919.208
2819,481.9,2916587.464
2820,482.0,2947388.845
2821,482.1,2929000.0
2822,482.2,2852888.298
2823,482.3,2716386.677
2824,482.4,2525552.288
2825,482.5,2294000.0
2826,482.6,2036397.858
2827,482.7,1773355.123
2828,482.8,1524489.181
2829,482.9,1307000.0
2830,483.0,1136218.563
2831,483.1,1023040.834
2832,483.2,973548.047
2833,483.3,989746.055
2834,483.4,1068454.065
2835,483.5,1200620.701
2836,483.6,1373586.176
2837,483.7,1570693.985
2838,483.8,1772956.365
2839,483.9,1962230.093
2840,484.0,2119931.9
2841,484.1,2233358.687
2842,484.2,2297126.084
2843,484.3,2313449.9
2844,484.4,2293267.255
2845,484.5,2255680.543
2846,484.6,2223000.0
2847,484.7,2222614.398
2848,484.8,2276120.754
2849,484.9,2402245.275
2850,485.0,2607000.0
2851,485.1,2886379.98
2852,485.2,3224526.211
2853,485.3,3593349.852
2854,485.4,3960000.0
2855,485.5,4290686.36
2856,485.6,4555590.801
2857,485.7,4735935.071
2858,485.8,4831671.758
2859,485.9,4857367.963
2860,486.0,4849613.407
2861,486.1,4854440.239
2862,486.2,4930325.768
2863,486.3,5132399.336
2864,486.4,5509981.849
2865,486.5,6093462.605
2866,486.6,6887491.868
2867,486.7,7872823.125
2868,486.8,8999450.089
2869,486.9,10192547.646
2870,487.0,11373655.425
2871,487.1,12440000.0
2872,487.2,13317998.063
2873,487.3,13947788.481
2874,487.4,14294670.134
2875,487.5,14360000.0
2876,487.6,14191202.317
2877,487.7,13866551.397
2878,487.8,13462042.444
2879,487.9,13080000.0
2880,488.0,12804024.472
2881,488.1,12664959.75
2882,488.2,12694144.717
2883,488.3,12849140.532
2884,488.4,13084830.691
2885,488.5,13311227.719
2886,488.6,13428819.357
2887,488.7,13359415.326
2888,488.8,13046290.348
2889,488.9,12451598.061
2890,489.0,11585640.571
2891,489.1,10498616.309
2892,489.2,9251103.969
2893,489.3,7922274.245
2894,489.4,6598688.069
2895,489.5,5356687.042
2896,489.6,4260000.0
2897,489.7,3357925.688
2898,489.8,2682416.626
2899,489.9,2251558.84
2900,490.0,2079000.0
2901,490.1,2170636.85
2902,490.2,2530119.33
2903,490.3,3156400.036
2904,490.4,4041000.0
2905,490.5,5166948.109
2906,490.6,6498763.337
2907,490.7,7986250.333
2908,490.8,9560238.472
2909,490.9,11135886.81
2910,491.0,12633202.674
2911,491.1,13961402.568
2912,491.2,15064833.229
2913,491.3,15890608.265
2914,491.4,16447117.17
2915,491.5,16729508.864
2916,491.6,16802655.708
2917,491.7,16704412.851
2918,491.8,16499942.766
2919,491.9,16228205.304
2920,492.0,15925976.246
2921,492.1,15570000.0
2922,492.2,15173253.454
2923,492.3,14687969.474
2924,492.4,14102017.27
2925,492.5,13400000.0
2926,492.6,12576208.031
2927,492.7,11645947.396
2928,492.8,10643520.485
2929,492.9,9627000.0
2930,493.0,8626788.18
2931,493.1,7689626.042
2932,493.2,6845011.965
2933,493.3,6111208.256
2934,493.4,5488670.508
2935,493.5,4970391.005
2936,493.6,4535390.736
2937,493.7,4163564.179
2938,493.8,3832109.685
2939,493.9,3524769.608
2940,494.0,3231390.127
2941,494.1,2946831.742
2942,494.2,2675698.999
2943,494.3,2425803.169
2944,494.4,2207750.221
2945,494.5,2032718.869
2946,494.6,1913000.0
2947,494.7,1853112.198
2948,494.8,1857217.839
2949,494.9,1920883.407
2950,495.0,2035000.0
2951,495.1,2186202.423
2952,495.2,2353702.579
2953,495.3,2518350.406
2954,495.4,2658000.0
2955,495.5,2755364.754
2956,495.6,2798180.15
2957,495.7,2779723.989
2958,495.8,2700880.179
2959,495.9,2571160.492
2960,496.0,2405221.241
2961,496.1,2221539.491
2962,496.2,2038552.518
2963,496.3,1876290.073
2964,496.4,1752843.798
2965,496.5,1682346.627
2966,496.6,1681608.181
2967,496.7,1766896.96
2968,496.8,1957870.865
2969,496.9,2280547.055
2970,497.0,2764722.791
2971,497.1,3446000.0
2972,497.2,4359921.175
2973,497.3,5537556.149
2974,497.4,7000680.765
2975,497.5,8750000.0
2976,497.6,10760448.02
2977,497.7,12978910.498
2978,497.8,15332856.361
2979,497.9,17710000.0
2980,498.0,20005524.558
2981,498.1,22099878.632
2982,498.2,23919697.612
2983,498.3,25393093.249
2984,498.4,26493442.673
2985,498.5,27238753.771
2986,498.6,27666057.19
2987,498.7,27834613.264
2988,498.8,27810471.337
2989,498.9,27652592.723
2990,499.0,27407142.884
2991,499.1,27102431.006
2992,499.2,26764919.055
2993,499.3,26395345.226
2994,499.4,26002542.974
2995,499.5,25585471.31
2996,499.6,25160000.0
2997,499.7,24724012.539
2998,499.8,24300211.948
2999,499.9,23875192.657
3000,500.0,23450000.0
3001,500.1,23036934.048
3002,500.2,22632847.142
3003,500.3,22253795.419
3004,500.4,21900000.0
3005,500.5,21591361.538
3006,500.6,21340492.061
3007,500.7,21181457.387
3008,500.8,21103448.075
3009,500.9,21103025.507
3010,501.0,21163472.266
3011,501.1,21261041.388
3012,501.2,21343787.483
3013,501.3,21379905.135
3014,501.4,21321792.125
3015,501.5,21141823.938
3016,501.6,20820409.994
3017,501.7,20346105.885
3018,501.8,19729752.136
3019,501.9,18983955.435
3020,502.0,18153818.458
3021,502.1,17260000.0
3022,502.2,16322550.581
3023,502.3,15380412.669
3024,502.4,14435901.91
3025,502.5,13520000.0
3026,502.6,12649674.068
3027,502.7,11827858.827
3028,502.8,11093511.58
3029,502.9,10470000.0
3030,503.0,9984424.197
3031,503.1,9649427.201
3032,503.2,9476526.358
3033,503.3,9454034.073
3034,503.4,9550887.27
3035,503.5,9721581.797
3036,503.6,9905557.731
3037,503.7,10041403.175
3038,503.8,10065246.769
3039,503.9,9922133.527
3040,504.0,9596301.671
3041,504.1,9075342.874
3042,504.2,8375979.128
3043,504.3,7536068.796
3044,504.4,6602532.502
3045,504.5,5630985.539
3046,504.6,4674000.0
3047,504.7,3777490.168
3048,504.8,2976877.654
3049,504.9,2295718.629
3050,505.0,1744000.0
3051,505.1,1321945.418
3052,505.2,1026304.005
3053,505.3,845639.562
3054,505.4,767700.0
3055,505.5,779966.225
3056,505.6,869865.698
3057,505.7,1024814.768
3058,505.8,1231132.099
3059,505.9,1473398.986
3060,506.0,1735915.443
3061,506.1,1999481.637
3062,506.2,2246888.438
3063,506.3,2457983.063
3064,506.4,2618005.8
3065,506.5,2714156.128
3066,506.6,2738536.933
3067,506.7,2691150.511
3068,506.8,2577297.576
3069,506.9,2405755.311
3070,507.0,2190705.846
3071,507.1,1949000.0
3072,507.2,1695128.369
3073,507.3,1445242.706
3074,507.4,1211023.983
3075,507.5,1002000.0
3076,507.6,823375.155
3077,507.7,679216.507
3078,507.8,569794.192
3079,507.9,493900.0
3080,508.0,448850.161
3081,508.1,430252.243
3082,508.2,433251.457
3083,508.3,451992.006
3084,508.4,480389.537
3085,508.5,512127.245
3086,508.6,541269.042
3087,508.7,562740.576
3088,508.8,572465.059
3089,508.9,568149.312
3090,509.0,548956.808
3091,509.1,515883.564
3092,509.2,471295.945
3093,509.3,418265.813
3094,509.4,360882.47
3095,509.5,302702.254
3096,509.6,247400.0
3097,509.7,197851.733
3098,509.8,155961.465
3099,509.9,123253.71
3100,510.0,100500.0
3101,510.1,87999.553
3102,510.2,86016.05
3103,510.3,94468.228
3104,510.4,113300.0
3105,510.5,142012.474
3106,510.6,180134.983
3107,510.7,226481.677
3108,510.8,279081.348
3109,510.9,335529.957
3110,511.0,392545.735
3111,511.1,446366.525
3112,511.2,493064.901
3113,511.3,529013.817
3114,511.4,551183.625
3115,511.5,557726.894
3116,511.6,548032.648
3117,511.7,523056.542
3118,511.8,484868.117
3119,511.9,436870.465
3120,512.0,382689.881
3121,512.1,326700.0
3122,512.2,272752.541
3123,512.3,224504.22
3124,512.4,184939.446
3125,512.5,156700.0
3126,512.6,142070.341
3127,512.7,143092.2
3128,512.8,161743.284
3129,512.9,200300.0
3130,513.0,260448.558
3131,513.1,344080.937
3132,513.2,452270.18
3133,513.3,584754.332
3134,513.4,740209.631
3135,513.5,914973.446
3136,513.6,1104334.197
3137,513.7,1300351.028
3138,513.8,1495109.683
3139,513.9,1678311.823
3140,514.0,1841297.248
3141,514.1,1976361.606
3142,514.2,2075139.699
3143,514.3,2134402.215
3144,514.4,2150528.222
3145,514.5,2124865.17
3146,514.6,2060000.0
3147,514.7,1959348.992
3148,514.8,1830772.826
3149,514.9,1680190.411
3150,515.0,1515000.0
3151,515.1,1342200.442
3152,515.2,1169118.385
3153,515.3,1000888.425
3154,515.4,843000.0
3155,515.5,699054.673
3156,515.6,571714.642
3157,515.7,462816.786
3158,515.8,373427.38
3159,515.9,304433.792
3160,516.0,256479.721
3161,516.1,230549.468
3162,516.2,227579.87
3163,516.3,249101.273
3164,516.4,296717.342
3165,516.5,371969.118
3166,516.6,475752.873
3167,516.7,607861.281
3168,516.8,766584.707
3169,516.9,948276.303
3170,517.0,1146108.767
3171,517.1,1353000.0
3172,517.2,1557308.061
3173,517.3,1749404.398
3174,517.4,1917894.195
3175,517.5,2054000.0
3176,517.6,2152418.329
3177,517.7,2210827.567
3178,517.8,2233993.918
3179,517.9,2230000.0
3180,518.0,2213571.521
3181,518.1,2202147.616
3182,518.2,2218291.201
3183,518.3,2283840.465
3184,518.4,2422805.251
3185,518.5,2656412.574
3186,518.6,3007935.472
3187,518.7,3501861.377
3188,518.8,4163763.084
3189,518.9,5031331.793
3190,519.0,6155171.254
3191,519.1,7610587.131
3192,519.2,9495981.76
3193,519.3,11946308.764
3194,519.4,15134080.113
3195,519.5,19224458.383
3196,519.6,24429999.999
3197,519.7,30917229.771
3198,519.8,38809382.192
3199,519.9,48138368.25
3200,520.0,58799999.998
3201,520.1,70563161.137
3202,520.2,83003476.495
3203,520.3,95569114.494
3204,520.4,107499999.998
3205,520.5,118183011.693
3206,520.6,126761604.062
3207,520.7,132644245.724
3208,520.8,135410132.647
3209,520.9,134672691.122
3210,521.0,130672714.27
3211,521.1,123565077.867
3212,521.2,113969778.586
3213,521.3,102483284.836
3214,521.4,89849509.232
3215,521.5,76941098.188
3216,521.6,64391793.494
3217,521.7,52772253.107
3218,521.8,42456509.588
3219,521.9,33667018.153
3220,522.0,26465750.905
3221,522.1,20770000.001
3222,522.2,16406148.191
3223,522.3,13175417.955
3224,522.4,10817284.479
3225,522.5,9102000.0
3226,522.6,7833757.426
3227,522.7,6849754.931
3228,522.8,6033458.459
3229,522.9,5308000.0
3230,523.0,4634382.126
3231,523.1,3997749.3
3232,523.2,3401452.334
3233,523.3,2857000.644
3234,523.4,2379693.32
3235,523.5,1980898.312
3236,523.6,1667682.786
3237,523.7,1441153.974
3238,523.8,1294799.877
3239,523.9,1220471.58
3240,524.0,1204089.874
3241,524.1,1228863.866
3242,524.2,1279903.048
3243,524.3,1343636.82
3244,524.4,1406742.393
3245,524.5,1462274.058
3246,524.6,1505000.0
3247,524.7,1536434.296
3248,524.8,1560120.281
3249,524.9,1582692.775
3250,525.0,1616000.0
3251,525.1,1670190.651
3252,525.2,1757086.585
3253,525.3,1886390.906
3254,525.4,2064000.0
3255,525.5,2293893.738
3256,525.6,2572073.863
3257,525.7,2892700.514
3258,525.8,3241224.547
3259,525.9,3600929.318
3260,526.0,3952323.455
3261,526.1,4272893.154
3262,526.2,4543468.664
3263,526.3,4744724.029
3264,526.4,4866209.956
3265,526.5,4900552.744
3266,526.6,4847908.002
3267,526.7,4714254.171
3268,526.8,4510402.79
3269,526.9,4251669.785
3270,527.0,3952375.684
3271,527.1,3628000.0
3272,527.2,3292576.037
3273,527.3,2958247.979
3274,527.4,2633306.542
3275,527.5,2325000.0
3276,527.6,2038805.755
3277,527.7,1780022.535
3278,527.8,1552359.739
3279,527.9,1361000.0
3280,528.0,1212260.184
3281,528.1,1116269.064
3282,528.2,1083962.001
3283,528.3,1130307.293
3284,528.4,1275510.207
3285,528.5,1541059.951
3286,528.6,1955209.321
3287,528.7,2541834.791
3288,528.8,3325678.085
3289,528.9,4320229.666
3290,529.0,5530659.238
3291,529.1,6941153.656
3292,529.2,8516671.279
3293,529.3,10195822.231
3294,529.4,11907477.032
3295,529.5,13541707.835
3296,529.6,15010000.0
3297,529.7,16202144.401
3298,529.8,17034205.504
3299,529.9,17441772.456
3300,530.0,17400000.0
3301,530.1,16910436.891
3302,530.2,16031707.791
3303,530.3,14822221.394
3304,530.4,13380000.0
3305,530.5,11810921.38
3306,530.6,10214143.081
3307,530.7,8678819.134
3308,530.8,7274105.145
3309,530.9,6051974.811
3310,531.0,5040749.928
3311,531.1,4254648.989
3312,531.2,3692951.914
3313,531.3,3352692.32
3314,531.4,3226627.511
3315,531.5,3315523.951
3316,531.6,3626382.906
3317,531.7,4169297.614
3318,531.8,4963646.898
3319,531.9,6024958.923
3320,532.0,7363477.498
3321,532.1,8972000.0
3322,532.2,10826946.758
3323,532.3,12865676.695
3324,532.4,15017078.134
3325,532.5,17160000.0
3326,532.6,19179013.581
3327,532.7,20942671.364
3328,532.8,22303312.551
3329,532.9,23180000.0
3330,533.0,23497533.109
3331,533.1,23233904.107
3332,533.2,22419960.436
3333,533.3,21131136.283
3334,533.4,19483283.266
3335,533.5,17610895.518
3336,533.6,15650543.995
3337,533.7,13752722.797
3338,533.8,12017662.326
3339,533.9,10547253.121
3340,534.0,9369128.517
3341,534.1,8505742.731
3342,534.2,7934933.223
3343,534.3,7609601.014
3344,534.4,7468362.306
3345,534.5,7441091.54
3346,534.6,7458000.0
3347,534.7,7456698.695
3348,534.8,7387646.468
3349,534.9,7217752.051
3350,535.0,6931000.0
3351,535.1,6527177.244
3352,535.2,6018460.541
3353,535.3,5429142.601
3354,535.4,4788000.0
3355,535.5,4127679.608
3356,535.6,3477023.11
3357,535.7,2861812.904
3358,535.8,2301464.356
3359,535.9,1807890.135
3360,536.0,1387658.091
3361,536.1,1040352.051
3362,536.2,761919.444
3363,536.3,545151.086
3364,536.4,381004.111
3365,536.5,260093.817
3366,536.6,173408.189
3367,536.7,112927.727
3368,536.8,71827.638
3369,536.9,44601.714
3370,537.0,27044.213
3371,537.1,16020.0
3372,537.2,9258.256
3373,537.3,5238.389
3374,537.4,2912.378
3375,537.5,1624.0
3376,537.6,971.476
3377,537.7,732.268
3378,537.8,816.195
3379,537.9,1238.0
3380,538.0,2116.504
3381,538.1,3687.266
3382,538.2,6341.837
3383,538.3,10665.653
3384,538.4,17507.925
3385,538.5,28044.88
3386,538.6,43826.657
3387,538.7,66864.787
3388,538.8,99632.606
3389,538.9,145059.203
3390,539.0,206630.507
3391,539.1,288097.577
3392,539.2,393652.421
3393,539.3,527540.806
3394,539.4,694410.739
3395,539.5,898841.319
3396,539.6,1145000.0
3397,539.7,1438904.452
3398,539.8,1784214.537
3399,539.9,2183275.409
3400,540.0,2640000.0
3401,540.1,3152950.77
3402,540.2,3717469.785
3403,540.3,4325490.662
3404,540.4,4960000.0
3405,540.5,5600316.054
3406,540.6,6218565.846
3407,540.7,6781186.874
3408,540.8,7253990.497
3409,540.9,7603651.384
3410,541.0,7803884.193
3411,541.1,7834215.128
3412,541.2,7689025.987
3413,541.3,7374273.711
3414,541.4,6907870.516
3415,541.5,6319746.088
3416,541.6,5647431.618
3417,541.7,4928177.858
3418,541.8,4202684.514
3419,541.9,3504170.367
3420,542.0,2860616.481
3421,542.1,2288000.0
3422,542.2,1798796.316
3423,542.3,1392546.207
3424,542.4,1066436.66
3425,542.5,811100.0
3426,542.6,617294.025
3427,542.7,473532.887
3428,542.8,369413.898
3429,542.9,295700.0
3430,543.0,244684.369
3431,543.1,210142.481
3432,543.2,187550.189
3433,543.3,173012.391
3434,543.4,164089.879
3435,543.5,158452.072
3436,543.6,154701.113
3437,543.7,151869.79
3438,543.8,149120.254
3439,543.9,146181.506
3440,544.0,142990.579
3441,544.1,139631.019
3442,544.2,136500.591
3443,544.3,133716.158
3444,544.4,131381.095
3445,544.5,129668.068
3446,544.6,128400.0
3447,544.7,127138.496
3448,544.8,125666.126
3449,544.9,123391.657
3450,545.0,120000.0
3451,545.1,115197.835
3452,545.2,108764.69
3453,545.3,100891.608
3454,545.4,91770.0
3455,545.5,81830.797
3456,545.6,71594.757
3457,545.7,61624.958
3458,545.8,52477.632
3459,545.9,44708.372
3460,546.0,38762.485
3461,546.1,35036.518
3462,546.2,33833.395
3463,546.3,35362.061
3464,546.4,39775.39
3465,546.5,47066.773
3466,546.6,57157.159
3467,546.7,69765.189
3468,546.8,84495.677
3469,546.9,100748.199
3470,547.0,117696.489
3471,547.1,134600.0
3472,547.2,150571.065
3473,547.3,164653.339
3474,547.4,176216.415
3475,547.5,185000.0
3476,547.6,190972.515
3477,547.7,194435.123
3478,547.8,196234.837
3479,547.9,197600.0
3480,548.0,199618.796
3481,548.1,203629.143
3482,548.2,210941.113
3483,548.3,222232.562
3484,548.4,237975.195
3485,548.5,258067.8
3486,548.6,281949.144
3487,548.7,308616.734
3488,548.8,337100.867
3489,548.9,366451.759
3490,549.0,395877.923
3491,549.1,425434.12
3492,549.2,455352.923
3493,549.3,487010.702
3494,549.4,521642.21
3495,549.5,561188.438
3496,549.6,606900.0
3497,549.7,659608.001
3498,549.8,718937.747
3499,549.9,783337.946
3500,550.0,849900.0
3501,550.1,914532.481
3502,550.2,972250.704
3503,550.3,1018588.314
3504,550.4,1048000.0
3505,550.5,1056878.718
3506,550.6,1042945.876
3507,550.7,1007261.226
3508,550.8,950156.216
3509,550.9,875108.224
3510,551.0,786660.256
3511,551.1,689922.909
3512,551.2,590331.167
3513,551.3,492532.132
3514,551.4,400824.399
3515,551.5,318087.318
3516,551.6,246068.185
3517,551.7,185685.534
3518,551.8,136596.168
3519,551.9,97930.491
3520,552.0,68494.888
3521,552.1,46700.0
3522,552.2,31039.314
3523,552.3,20114.471
3524,552.4,12709.545
3525,552.5,7830.0
3526,552.6,4702.647
3527,552.7,2754.341
3528,552.8,1572.057
3529,552.9,875.4
3530,553.0,475.34
3531,553.1,251.717
3532,553.2,130.228
3533,553.3,65.859
3534,553.4,32.671
3535,553.5,15.991
3536,553.6,7.826
3537,553.7,3.909
3538,553.8,2.061
3539,553.9,1.189
3540,554.0,0.765
3541,554.1,0.542
3542,554.2,0.409
3543,554.3,0.317
3544,554.4,0.246
3545,554.5,0.19
3546,554.6,0.143
3547,554.7,0.106
3548,554.8,0.076
3549,554.9,0.054
3550,555.0,0.037
3551,555.1,0.025
3552,555.2,0.016
3553,555.3,0.01
3554,555.4,0.006
3555,555.5,0.004
3556,555.6,0.002
3557,555.7,0.001
3558,555.8,0.001
3559,555.9,0.0
3560,556.0,0.0
3561,556.1,0.0
3562,556.2,0.0
3563,556.3,0.0
3564,556.4,0.0
3565,556.5,0.0
3566,556.6,0.0
3567,556.7,0.0
3568,556.8,0.0
3569,556.9,0.0
3570,557.0,0.0
3571,557.1,0.0
3572,557.2,0.0
3573,557.3,0.0
3574,557.4,0.0
3575,557.5,0.0
3576,557.6,0.0
3577,557.7,0.0
3578,557.8,0.0
3579,557.9,0.0
3580,558.0,0.0
3581,558.1,0.0
3582,558.2,0.0
3583,558.3,0.0
3584,558.4,0.0
3585,558.5,0.0
3586,558.6,0.0
3587,558.7,0.0
3588,558.8,0.0
3589,558.9,0.001
3590,559.0,0.002
3591,559.1,0.004
3592,559.2,0.011
3593,559.3,0.028
3594,559.4,0.068
3595,559.5,0.162
3596,559.6,0.377
3597,559.7,0.853
3598,559.8,1.885
3599,559.9,4.067
3600,560.0,8.565
3601,560.1,17.598
3602,560.2,35.302
3603,560.3,69.115
3604,560.4,132.1
3605,560.5,246.329
3606,560.6,448.388
3607,560.7,796.704
3608,560.8,1381.75
3609,560.9,2338.469
3610,561.0,3863.591
3611,561.1,6230.143
3612,561.2,9808.315
3613,561.3,15066.766
3614,561.4,22580.852
3615,561.5,33051.986
3616,561.6,47212.632
3617,561.7,65811.918
3618,561.8,89550.537
3619,561.9,118910.313
3620,562.0,154150.367
3621,562.1,195100.0
3622,562.2,240909.98
3623,562.3,290452.587
3624,562.4,341813.129
3625,562.5,392600.0
3626,562.6,440273.68
3627,562.7,482124.436
3628,562.8,515583.121
3629,562.9,538700.0
3630,563.0,550256.657
3631,563.1,550050.595
3632,563.2,538998.148
3633,563.3,518894.12
3634,563.4,492811.821
3635,563.5,464223.251
3636,563.6,437214.321
3637,563.7,415782.543
3638,563.8,403706.158
3639,563.9,404068.916
3640,564.0,418873.946
3641,564.1,449129.178
3642,564.2,494363.589
3643,564.3,553102.117
3644,564.4,622498.21
3645,564.5,698771.356
3646,564.6,777900.0
3647,564.7,855749.919
3648,564.8,928310.762
3649,564.9,993183.16
3650,565.0,1048000.0
3651,565.1,1093284.717
3652,565.2,1129597.34
3653,565.3,1158678.383
3654,565.4,1185000.0
3655,565.5,1210130.589
3656,565.6,1236825.076
3657,565.7,1266328.008
3658,565.8,1299540.591
3659,565.9,1334461.752
3660,566.0,1367647.895
3661,566.1,1397217.344
3662,566.2,1420220.994
3663,566.3,1432679.044
3664,566.4,1432914.344
3665,566.5,1422375.175
3666,566.6,1400646.907
3667,566.7,1371892.611
3668,566.8,1338816.283
3669,566.9,1306048.981
3670,567.0,1277183.21
3671,567.1,1254000.0
3672,567.2,1238506.946
3673,567.3,1231064.538
3674,567.4,1229079.162
3675,567.5,1230000.0
3676,567.6,1232449.594
3677,567.7,1232316.615
3678,567.8,1228253.726
3679,567.9,1220000.0
3680,568.0,1208377.973
3681,568.1,1194488.037
3682,568.2,1182137.456
3683,568.3,1173466.938
3684,568.4,1173451.579
3685,568.5,1184990.564
3686,568.6,1209934.733
3687,568.7,1249223.714
3688,568.8,1302953.84
3689,568.9,1369005.734
3690,569.0,1445010.02
3691,569.1,1525784.846
3692,569.2,1608145.725
3693,569.3,1687348.071
3694,569.4,1760402.025
3695,569.5,1823777.559
3696,569.6,1874000.0
3697,569.7,1909952.974
3698,569.8,1930267.033
3699,569.9,1934858.152
3700,570.0,1925000.0
3701,570.1,1899797.85
3702,570.2,1860925.231
3703,570.3,1810404.408
3704,570.4,1749000.0
3705,570.5,1678403.272
3706,570.6,1601019.279
3707,570.7,1518883.93
3708,570.8,1434613.775
3709,570.9,1348508.367
3710,571.0,1265110.307
3711,571.1,1183759.983
3712,571.2,1105611.959
3713,571.3,1031889.067
3714,571.4,963279.489
3715,571.5,897997.501
3716,571.6,836130.638
3717,571.7,776744.442
3718,571.8,719048.436
3719,571.9,662571.592
3720,572.0,606850.823
3721,572.1,552000.0
3722,572.2,498416.125
3723,572.3,446935.683
3724,572.4,398746.938
3725,572.5,355000.0
3726,572.6,317312.71
3727,572.7,287138.534
3728,572.8,265822.475
3729,572.9,254300.0
3730,573.0,253486.659
3731,573.1,263331.373
3732,573.2,283507.004
3733,573.3,312820.362
3734,573.4,349653.944
3735,573.5,391543.297
3736,573.6,435558.265
3737,573.7,478577.02
3738,573.8,517280.645
3739,573.9,548540.596
3740,574.0,569924.204
3741,574.1,579446.195
3742,574.2,576195.914
3743,574.3,560178.332
3744,574.4,532241.24
3745,574.5,494124.415
3746,574.6,448400.0
3747,574.7,397450.011
3748,574.8,344377.902
3749,574.9,291601.607
3750,575.0,241500.0
3751,575.1,195668.14
3752,575.2,155588.098
3753,575.3,121910.866
3754,575.4,95140.0
3755,575.5,75398.924
3756,575.6,62789.874
3757,575.7,57493.66
3758,575.8,59884.601
3759,575.9,70649.649
3760,576.0,90883.92
3761,576.1,122002.714
3762,576.2,165748.44
3763,576.3,224286.045
3764,576.4,299905.529
3765,576.5,394812.808
3766,576.6,511365.531
3767,576.7,651905.377
3768,576.8,818682.799
3769,576.9,1014158.548
3770,577.0,1240765.969
3771,577.1,1501000.0
3772,577.2,1798736.585
3773,577.3,2137859.442
3774,577.4,2522384.259
3775,577.5,2955000.0
3776,577.6,3437342.485
3777,577.7,3968267.218
3778,577.8,4545124.196
3779,577.9,5156000.0
3780,578.0,5787991.588
3781,578.1,6419064.236
3782,578.2,7024651.554
3783,578.3,7576036.764
3784,578.4,8041940.863
3785,578.5,8396198.257
3786,578.6,8614812.161
3787,578.7,8681012.891
3788,578.8,8589829.81
3789,578.9,8345022.285
3790,579.0,7960873.268
3791,579.1,7462096.826
3792,579.2,6879022.569
3793,579.3,6248706.702
3794,579.4,5605059.183
3795,579.5,4982519.407
3796,579.6,4409000.0
3797,579.7,3906734.527
3798,579.8,3486574.516
3799,579.9,3152642.29
3800,580.0,2902000.0
3801,580.1,2720911.697
3802,580.2,2596933.532
3803,580.3,2511259.432
3804,580.4,2444000.0
3805,580.5,2379712.685
3806,580.6,2305341.74
3807,580.7,2210383.205
3808,580.8,2090409.486
3809,580.9,1944163.963
3810,581.0,1774143.126
3811,581.1,1588230.44
3812,581.2,1391835.181
3813,581.3,1194396.241
3814,581.4,1002383.468
3815,581.5,822681.293
3816,581.6,660353.817
3817,581.7,518243.998
3818,581.8,397576.558
3819,581.9,298200.625
3820,582.0,218618.852
3821,582.1,156700.0
3822,582.2,109785.628
3823,582.3,75175.887
3824,582.4,50319.481
3825,582.5,32920.0
3826,582.6,21059.254
3827,582.7,13164.638
3828,582.8,8041.932
3829,582.9,4803.0
3830,583.0,2803.59
3831,583.1,1599.632
3832,583.2,892.321
3833,583.3,486.958
3834,583.4,260.48
3835,583.5,137.726
3836,583.6,74.36
3837,583.7,45.681
3838,583.8,39.367
3839,583.9,51.932
3840,584.0,87.0
3841,584.1,156.105
3842,584.2,280.384
3843,584.3,495.546
3844,584.4,857.834
3845,584.5,1452.882
3846,584.6,2406.0
3847,584.7,3896.95
3848,584.8,6171.954
3849,584.9,9563.518
3850,585.0,14480.0
3851,585.1,21456.619
3852,585.2,31078.738
3853,585.3,44029.051
3854,585.4,61000.0
3855,585.5,82640.116
3856,585.6,109497.17
3857,585.7,141906.021
3858,585.8,179726.196
3859,585.9,222703.197
3860,586.0,269787.155
3861,586.1,319743.284
3862,586.2,370470.91
3863,586.3,419805.276
3864,586.4,465262.821
3865,586.5,504227.431
3866,586.6,534356.485
3867,586.7,553721.295
3868,586.8,561245.542
3869,586.9,556243.015
3870,587.0,539096.147
3871,587.1,511000.0
3872,587.2,473700.66
3873,587.3,429408.964
3874,587.4,380648.538
3875,587.5,330100.0
3876,587.6,279930.051
3877,587.7,232321.609
3878,587.8,188795.164
3879,587.9,150400.0
3880,588.0,117742.717
3881,588.1,91035.65
3882,588.2,70230.873
3883,588.3,55035.593
3884,588.4,45067.435
3885,588.5,39932.227
3886,588.6,39275.224
3887,588.7,42815.208
3888,588.8,50312.433
3889,588.9,61567.285
3890,589.0,76338.268
3891,589.1,94309.642
3892,589.2,115083.062
3893,589.3,137930.544
3894,589.4,162081.458
3895,589.5,186576.519
3896,589.6,210100.0
3897,589.7,231687.26
3898,589.8,249944.322
3899,589.9,263901.221
3900,590.0,272800.0
3901,590.1,276210.789
3902,590.2,274007.436
3903,590.3,266719.14
3904,590.4,255100.0
3905,590.5,240243.355
3906,590.6,223622.201
3907,590.7,206717.794
3908,590.8,190865.577
3909,590.9,177614.023
3910,591.0,167779.008
3911,591.1,162417.391
3912,591.2,161531.514
3913,591.3,165380.173
3914,591.4,173245.831
3915,591.5,184505.678
3916,591.6,198073.307
3917,591.7,212563.37
3918,591.8,226889.808
3919,591.9,239495.385
3920,592.0,249341.206
3921,592.1,255500.0
3922,592.2,257411.574
3923,592.3,254618.348
3924,592.4,247260.247
3925,592.5,236000.0
3926,592.6,221242.165
3927,592.7,204314.789
3928,592.8,186010.189
3929,592.9,167700.0
3930,593.0,150495.424
3931,593.1,135329.098
3932,593.2,123154.66
3933,593.3,114627.733
3934,593.4,110372.745
3935,593.5,110504.061
3936,593.6,115365.253
3937,593.7,125157.01
3938,593.8,139785.365
3939,593.9,159432.845
3940,594.0,184295.742
3941,594.1,214566.508
3942,594.2,250438.97
3943,594.3,291968.444
3944,594.4,339235.579
3945,594.5,392015.953
3946,594.6,449800.0
3947,594.7,511488.443
3948,594.8,575648.49
3949,594.9,640442.219
3950,595.0,703800.0
3951,595.1,763423.088
3952,595.2,817127.026
3953,595.3,863049.002
3954,595.4,900100.0
3955,595.5,927529.948
3956,595.6,945649.129
3957,595.7,955179.721
3958,595.8,957759.193
3959,595.9,955034.853
3960,596.0,948776.998
3961,596.1,940701.536
3962,596.2,931976.913
3963,596.3,923230.209
3964,596.4,914650.271
3965,596.5,906069.589
3966,596.6,896872.121
3967,596.7,886616.846
3968,596.8,874902.829
3969,596.9,861503.646
3970,597.0,846542.327
3971,597.1,830500.0
3972,597.2,813726.077
3973,597.3,796839.861
3974,597.4,780054.132
3975,597.5,763200.0
3976,597.6,746108.29
3977,597.7,727780.94
3978,597.8,707189.746
3979,597.9,683300.0
3980,598.0,655081.013
3981,598.1,621851.192
3982,598.2,583260.369
3983,598.3,539714.113
3984,598.4,491743.714
3985,598.5,440771.288
3986,598.6,388246.641
3987,598.7,335595.643
3988,598.8,284717.588
3989,598.9,236717.661
3990,599.0,193007.391
3991,599.1,154098.727
3992,599.2,120591.857
3993,599.3,92382.62
3994,599.4,69286.42
3995,599.5,50896.743
3996,599.6,36600.0
3997,599.7,25760.314
3998,599.8,17752.028
3999,599.9,11973.645
4000,600.0,7905.0
4001,600.1,5108.42
4002,600.2,3231.05
4003,600.3,2000.517
4004,600.4,1212.0
4005,600.5,718.848
4006,600.6,417.225
4007,600.7,237.036
4008,600.8,131.85
4009,600.9,71.731
4010,601.0,38.205
4011,601.1,19.919
4012,601.2,10.164
4013,601.3,5.076
4014,601.4,2.48
4015,601.5,1.187
4016,601.6,0.556
4017,601.7,0.255
4018,601.8,0.114
4019,601.9,0.05
4020,602.0,0.022
4021,602.1,0.009
4022,602.2,0.004
4023,602.3,0.002
4024,602.4,0.001
4025,602.5,0.0
4026,602.6,0.0
4027,602.7,0.0
4028,602.8,0.0
4029,602.9,0.0
4030,603.0,0.0
4031,603.1,0.0
4032,603.2,0.0
4033,603.3,0.0
4034,603.4,0.0
4035,603.5,0.0
4036,603.6,0.0
4037,603.7,0.0
4038,603.8,0.0
4039,603.9,0.0
4040,604.0,0.0
4041,604.1,0.0
4042,604.2,0.0
4043,604.3,0.0
4044,604.4,0.0
4045,604.5,0.0
4046,604.6,0.0
4047,604.7,0.0
4048,604.8,0.0
4049,604.9,0.001
4050,605.0,0.002
4051,605.1,0.005
4052,605.2,0.012
4053,605.3,0.028
4054,605.4,0.064
4055,605.5,0.143
4056,605.6,0.31
4057,605.7,0.659
4058,605.8,1.372
4059,605.9,2.799
4060,606.0,5.593
4061,606.1,10.948
4062,606.2,21.002
4063,606.3,39.445
4064,606.4,72.596
4065,606.5,130.895
4066,606.6,231.233
4067,606.7,400.203
4068,606.8,678.556
4069,606.9,1127.739
4070,607.0,1835.969
4071,607.1,2929.0
4072,607.2,4578.847
4073,607.3,7016.623
4074,607.4,10543.3
4075,607.5,15520.0
4076,607.6,22402.965
4077,607.7,31709.314
4078,607.8,44023.827
4079,607.9,59940.0
4080,608.0,80071.723
4081,608.1,104944.507
4082,608.2,135014.649
4083,608.3,170545.698
4084,608.4,211543.548
4085,608.5,257793.87
4086,608.6,308664.484
4087,608.7,363271.724
4088,608.8,420489.247
4089,608.9,478693.403
4090,609.0,536257.442
4091,609.1,591297.232
4092,609.2,642008.1
4093,609.3,686395.084
4094,609.4,722954.598
4095,609.5,750173.461
4096,609.6,766900.0
4097,609.7,772490.95
4098,609.8,766601.475
4099,609.9,749453.518
4100,610.0,721600.0
4101,610.1,684205.783
4102,610.2,638604.414
4103,610.3,586685.475
4104,610.4,530300.0
4105,610.5,471559.631
4106,610.6,412412.118
4107,610.7,354827.848
4108,610.8,300319.955
4109,610.9,250445.586
4110,611.0,205971.537
4111,611.1,167636.106
4112,611.2,135818.034
4113,611.3,110558.381
4114,611.4,91525.64
4115,611.5,78425.918
4116,611.6,70701.562
4117,611.7,67692.994
4118,611.8,68731.522
4119,611.9,73053.356
4120,612.0,79890.903
4121,612.1,88450.0
4122,612.2,97928.349
4123,612.3,107552.025
4124,612.4,116543.276
4125,612.5,124300.0
4126,612.6,130108.049
4127,612.7,133719.334
4128,612.8,134635.074
4129,612.9,132900.0
4130,613.0,128646.833
4131,613.1,121946.133
4132,613.2,113219.595
4133,613.3,103077.436
4134,613.4,91903.326
4135,613.5,80285.536
4136,613.6,68712.797
4137,613.7,57619.914
4138,613.8,47335.706
4139,613.9,38099.024
4140,614.0,30046.837
4141,614.1,23216.508
4142,614.2,17577.354
4143,614.3,13036.12
4144,614.4,9470.919
4145,614.5,6741.456
4146,614.6,4702.0
4147,614.7,3213.141
4148,614.8,2150.871
4149,614.9,1410.201
4150,615.0,906.5
4151,615.1,570.738
4152,615.2,352.052
4153,615.3,212.739
4154,615.4,126.0
4155,615.5,73.063
4156,615.6,41.527
4157,615.7,23.122
4158,615.8,12.615
4159,615.9,6.741
4160,616.0,3.53
4161,616.1,1.811
4162,616.2,0.91
4163,616.3,0.448
4164,616.4,0.216
4165,616.5,0.102
4166,616.6,0.047
4167,616.7,0.021
4168,616.8,0.01
4169,616.9,0.004
4170,617.0,0.002
4171,617.1,0.001
4172,617.2,0.0
4173,617.3,0.0
4174,617.4,0.0
4175,617.5,0.0
4176,617.6,0.0
4177,617.7,0.001
4178,617.8,0.002
4179,617.9,0.005
4180,618.0,0.011
4181,618.1,0.024
4182,618.2,0.054
4183,618.3,0.12
4184,618.4,0.258
4185,618.5,0.546
4186,618.6,1.132
4187,618.7,2.3
4188,618.8,4.581
4189,618.9,8.945
4190,619.0,17.125
4191,619.1,32.14
4192,619.2,59.117
4193,619.3,106.611
4194,619.4,188.498
4195,619.5,326.762
4196,619.6,555.3
4197,619.7,925.134
4198,619.8,1510.955
4199,619.9,2418.568
4200,620.0,3796.0
4201,620.1,5840.801
4202,620.2,8811.751
4203,620.3,13032.945
4204,620.4,18890.0
4205,620.5,26842.49
4206,620.6,37395.048
4207,620.7,51077.385
4208,620.8,68390.908
4209,620.9,89767.561
4210,621.0,115506.668
4211,621.1,145789.237
4212,621.2,180230.161
4213,621.3,218572.082
4214,621.4,259722.342
4215,621.5,302637.432
4216,621.6,345749.888
4217,621.7,387119.478
4218,621.8,425054.635
4219,621.9,457428.47
4220,622.0,482666.575
4221,622.1,499200.0
4222,622.2,506205.623
4223,622.3,503184.573
4224,622.4,490378.79
4225,622.5,468500.0
4226,622.6,438811.748
4227,622.7,402892.248
4228,622.8,362684.51
4229,622.9,320100.0
4230,623.0,277143.867
4231,623.1,235344.065
4232,623.2,196251.463
4233,623.3,160888.098
4234,623.4,130266.738
4235,623.5,104831.926
4236,623.6,85003.507
4237,623.7,71213.532
4238,623.8,63859.5
4239,623.9,63560.345
4240,624.0,71224.958
4241,624.1,88156.821
4242,624.2,116045.556
4243,624.3,157154.375
4244,624.4,213895.427
4245,624.5,289100.505
4246,624.6,385500.0
4247,624.7,505768.205
4248,624.8,651761.989
4249,624.9,824393.086
4250,625.0,1023000.0
4251,625.1,1245315.363
4252,625.2,1487942.926
4253,625.3,1743820.541
4254,625.4,2005000.0
4255,625.5,2260438.777
4256,625.6,2501521.692
4257,625.7,2714710.691
4258,625.8,2890860.777
4259,625.9,3019522.154
4260,626.0,3094795.622
4261,626.1,3111729.046
4262,626.2,3069370.272
4263,626.3,2970722.905
4264,626.4,2821333.486
4265,626.5,2628796.263
4266,626.6,2403009.501
4267,626.7,2154510.498
4268,626.8,1895950.042
4269,626.9,1637381.132
4270,627.0,1387371.043
4271,627.1,1153000.0
4272,627.2,940499.489
4273,627.3,752694.524
4274,627.4,591086.67
4275,627.5,455400.0
4276,627.6,344340.355
4277,627.7,255450.348
4278,627.8,185933.342
4279,627.9,132900.0
4280,628.0,93087.897
4281,628.1,64065.316
4282,628.2,43229.879
4283,628.3,28634.511
4284,628.4,18604.173
4285,628.5,11867.921
4286,628.6,7423.395
4287,628.7,4558.529
4288,628.8,2745.839
4289,628.9,1623.612
4290,629.0,941.493
4291,629.1,536.015
4292,629.2,299.377
4293,629.3,164.055
4294,629.4,88.205
4295,629.5,46.54
4296,629.6,24.09
4297,629.7,12.242
4298,629.8,6.098
4299,629.9,2.982
4300,630.0,1.431
4301,630.1,0.673
4302,630.2,0.311
4303,630.3,0.141
4304,630.4,0.063
4305,630.5,0.027
4306,630.6,0.012
4307,630.7,0.005
4308,630.8,0.002
4309,630.9,0.001
4310,631.0,0.0
4311,631.1,0.0
4312,631.2,0.0
4313,631.3,0.0
4314,631.4,0.0
4315,631.5,0.0
4316,631.6,0.0
4317,631.7,0.0
4318,631.8,0.0
4319,631.9,0.0
4320,632.0,0.0
4321,632.1,0.0
4322,632.2,0.0
4323,632.3,0.0
4324,632.4,0.0
4325,632.5,0.0
4326,632.6,0.0
4327,632.7,0.0
4328,632.8,0.0
4329,632.9,0.0
4330,633.0,0.0
4331,633.1,0.0
4332,633.2,0.0
4333,633.3,0.0
4334,633.4,0.0
4335,633.5,0.0
4336,633.6,0.0
4337,633.7,0.0
4338,633.8,0.0
4339,633.9,0.0
4340,634.0,0.0
4341,634.1,0.0
4342,634.2,0.0
4343,634.3,0.0
4344,634.4,0.0
4345,634.5,0.0
4346,634.6,0.0
4347,634.7,0.0
4348,634.8,0.0
4349,634.9,0.0
4350,635.0,0.0
4351,635.1,0.0
4352,635.2,0.0
4353,635.3,0.0
4354,635.4,0.0
4355,635.5,0.0
4356,635.6,0.0
4357,635.7,0.0
4358,635.8,0.0
4359,635.9,0.0
4360,636.0,0.0
4361,636.1,0.0
4362,636.2,0.0
4363,636.3,0.0
4364,636.4,0.0
4365,636.5,0.0
4366,636.6,0.0
4367,636.7,0.0
4368,636.8,0.0
4369,636.9,0.0
4370,637.0,0.0
4371,637.1,0.0
4372,637.2,0.0
4373,637.3,0.0
4374,637.4,0.0
4375,637.5,0.0
4376,637.6,0.0
4377,637.7,0.0
4378,637.8,0.0
4379,637.9,0.0
4380,638.0,0.0
4381,638.1,0.0
4382,638.2,0.0
4383,638.3,0.0
4384,638.4,0.0
4385,638.5,0.0
4386,638.6,0.0
4387,638.7,0.0
4388,638.8,0.0
4389,638.9,0.0
4390,639.0,0.0
4391,639.1,0.0
4392,639.2,0.0
4393,639.3,0.0
4394,639.4,0.0
4395,639.5,0.0
4396,639.6,0.0
4397,639.7,0.0
4398,639.8,0.0
4399,639.9,0.0
4400,640.0,0.0
4401,640.1,0.0
4402,640.2,0.0
4403,640.3,0.0
4404,640.4,0.0
4405,640.5,0.0
4406,640.6,0.0
4407,640.7,0.0
4408,640.8,0.0
4409,640.9,0.0
4410,641.0,0.0
4411,641.1,0.0
4412,641.2,0.0
4413,641.3,0.0
4414,641.4,0.0
4415,641.5,0.0
4416,641.6,0.0
4417,641.7,0.0
4418,641.8,0.0
4419,641.9,0.0
4420,642.0,0.0
4421,642.1,0.0
4422,642.2,0.0
4423,642.3,0.0
4424,642.4,0.0
4425,642.5,0.0
4426,642.6,0.0
4427,642.7,0.0
4428,642.8,0.0
4429,642.9,0.0
4430,643.0,0.0
4431,643.1,0.0
4432,643.2,0.0
4433,643.3,0.0
4434,643.4,0.0
4435,643.5,0.0
4436,643.6,0.0
4437,643.7,0.0
4438,643.8,0.0
4439,643.9,0.0
4440,644.0,0.0
4441,644.1,0.0
4442,644.2,0.0
4443,644.3,0.0
4444,644.4,0.0
4445,644.5,0.0
4446,644.6,0.0
4447,644.7,0.0
4448,644.8,0.0
4449,644.9,0.0
4450,645.0,0.0
4451,645.1,0.0
4452,645.2,0.0
4453,645.3,0.0
4454,645.4,0.0
4455,645.5,0.0
4456,645.6,0.0
4457,645.7,0.0
4458,645.8,0.0
4459,645.9,0.0
4460,646.0,0.0
4461,646.1,0.0
4462,646.2,0.0
4463,646.3,0.0
4464,646.4,0.0
4465,646.5,0.0
4466,646.6,0.0
4467,646.7,0.0
4468,646.8,0.0
4469,646.9,0.0
4470,647.0,0.0
4471,647.1,0.0
4472,647.2,0.0
4473,647.3,0.0
4474,647.4,0.0
4475,647.5,0.0
4476,647.6,0.0
4477,647.7,0.0
4478,647.8,0.0
4479,647.9,0.0
4480,648.0,0.0
4481,648.1,0.0
4482,648.2,0.0
4483,648.3,0.0
4484,648.4,0.0
4485,648.5,0.0
4486,648.6,0.0
4487,648.7,0.0
4488,648.8,0.0
4489,648.9,0.0
4490,649.0,0.0
4491,649.1,0.0
4492,649.2,0.0
4493,649.3,0.001
4494,649.4,0.002
4495,649.5,0.003
4496,649.6,0.007
4497,649.7,0.015
4498,649.8,0.032
4499,649.9,0.065
4500,650.0,0.131
4501,650.1,0.257
4502,650.2,0.498
4503,650.3,0.946
4504,650.4,1.766
4505,650.5,3.236
4506,650.6,5.826
4507,650.7,10.309
4508,650.8,17.902
4509,650.9,30.544
4510,651.0,51.169
4511,651.1,84.214
4512,651.2,136.145
4513,651.3,216.092
4514,651.4,337.002
4515,651.5,516.07
4516,651.6,776.327
4517,651.7,1146.957
4518,651.8,1664.357
4519,651.9,2372.605
4520,652.0,3321.42
4521,652.1,4567.0
4522,652.2,6168.405
4523,652.3,8183.958
4524,652.4,10663.517
4525,652.5,13660.0
4526,652.6,17175.199
4527,652.7,21223.953
4528,652.8,25782.947
4529,652.9,30780.0
4530,653.0,36121.811
4531,653.1,41699.087
4532,653.2,47369.117
4533,653.3,53004.644
4534,653.4,58454.431
4535,653.5,63644.977
4536,653.6,68511.463
4537,653.7,73084.923
4538,653.8,77474.878
4539,653.9,81861.372
4540,654.0,86527.473
4541,654.1,91804.328
4542,654.2,98086.9
4543,654.3,105755.56
4544,654.4,115156.427
4545,654.5,126646.253
4546,654.6,140300.0
4547,654.7,156117.883
4548,654.8,173771.189
4549,654.9,193008.91
4550,655.0,213200.0
4551,655.1,233428.01
4552,655.2,252896.704
4553,655.3,270551.539
4554,655.4,285500.0
4555,655.5,296734.299
4556,655.6,303723.099
4557,655.7,305847.073
4558,655.8,302872.308
4559,655.9,294990.606
4560,656.0,282351.853
4561,656.1,265763.223
4562,656.2,245752.896
4563,656.3,223385.957
4564,656.4,199524.01
4565,656.5,175093.684
4566,656.6,150965.176
4567,656.7,127968.14
4568,656.8,106557.987
4569,656.9,87136.714
4570,657.0,70045.512
4571,657.1,55320.0
4572,657.2,42921.224
4573,657.3,32725.97
4574,657.4,24516.701
4575,657.5,18040.0
4576,657.6,13046.754
4577,657.7,9268.808
4578,657.8,6469.498
4579,657.9,4437.0
4580,658.0,2989.7
4581,658.1,1979.092
4582,658.2,1287.746
4583,658.3,822.717
4584,658.4,516.562
4585,658.5,318.608
4586,658.6,193.098
4587,658.7,115.014
4588,658.8,67.256
4589,658.9,38.656
4590,659.0,21.821
4591,659.1,12.103
4592,659.2,6.599
4593,659.3,3.533
4594,659.4,1.858
4595,659.5,0.96
4596,659.6,0.488
4597,659.7,0.243
4598,659.8,0.119
4599,659.9,0.057
4600,660.0,0.027
4601,660.1,0.013
4602,660.2,0.006
4603,660.3,0.003
4604,660.4,0.001
4605,660.5,0.0
4606,660.6,0.0
4607,660.7,0.0
4608,660.8,0.0
4609,660.9,0.0
4610,661.0,0.0
4611,661.1,0.0
4612,661.2,0.0
4613,661.3,0.0
4614,661.4,0.001
4615,661.5,0.002
4616,661.6,0.004
4617,661.7,0.008
4618,661.8,0.018
4619,661.9,0.04
4620,662.0,0.085
4621,662.1,0.176
4622,662.2,0.361
4623,662.3,0.727
4624,662.4,1.439
4625,662.5,2.798
4626,662.6,5.347
4627,662.7,10.047
4628,662.8,18.553
4629,662.9,33.66
4630,663.0,60.046
4631,663.1,105.257
4632,663.2,181.429
4633,663.3,307.287
4634,663.4,511.421
4635,663.5,837.069
4636,663.6,1346.048
4637,663.7,2128.304
4638,663.8,3307.069
4639,663.9,5050.557
4640,664.0,7583.435
4641,664.1,11196.441
4642,664.2,16240.863
4643,664.3,23164.252
4644,664.4,32482.537
4645,664.5,44786.245
4646,664.6,60700.0
4647,664.7,80891.775
4648,664.8,106037.549
4649,664.9,136597.727
4650,665.0,173100.0
4651,665.1,215837.457
4652,665.2,264639.57
4653,665.3,319168.844
4654,665.4,378700.0
4655,665.5,442243.055
4656,665.6,508196.346
4657,665.7,574888.495
4658,665.8,640128.06
4659,665.9,701964.006
4660,666.0,758142.449
4661,666.1,806708.962
4662,666.2,845767.459
4663,666.3,874122.851
4664,666.4,890654.905
4665,666.5,894963.965
4666,666.6,887133.641
4667,666.7,867756.602
4668,666.8,837652.021
4669,666.9,798391.018
4670,667.0,751302.846
4671,667.1,698200.0
4672,667.2,640991.518
4673,667.3,581215.47
4674,667.4,520598.907
4675,667.5,460600.0
4676,667.6,402482.675
4677,667.7,347399.387
4678,667.8,296069.623
4679,667.9,249100.0
4680,668.0,206934.548
4681,668.1,169586.326
4682,668.2,137141.165
4683,668.3,109327.225
4684,668.4,85981.629
4685,668.5,66637.622
4686,668.6,50899.482
4687,668.7,38304.476
4688,668.8,28386.531
4689,668.9,20720.374
4690,669.0,14894.552
4691,669.1,10537.695
4692,669.2,7336.07
4693,669.3,5026.845
4694,669.4,3388.791
4695,669.5,2247.297
4696,669.6,1466.0
4697,669.7,941.307
4698,669.8,593.715
4699,669.9,368.501
4700,670.0,224.9
4701,670.1,134.981
4702,670.2,79.634
4703,670.3,46.224
4704,670.4,26.4
4705,670.5,14.88
4706,670.6,8.356
4707,670.7,4.821
4708,670.8,3.122
4709,670.9,2.66
4710,671.0,3.237
4711,671.1,4.985
4712,671.2,8.375
4713,671.3,14.305
4714,671.4,24.267
4715,671.5,40.583
4716,671.6,66.792
4717,671.7,108.099
4718,671.8,172.037
4719,671.9,269.223
4720,672.0,414.221
4721,672.1,626.7
4722,672.2,932.423
4723,672.3,1363.85
4724,672.4,1960.452
4725,672.5,2773.0
4726,672.6,3855.031
4727,672.7,5269.647
4728,672.8,7082.575
4729,672.9,9361.0
4730,673.0,12165.093
4731,673.1,15543.874
4732,673.2,19526.789
4733,673.3,24117.834
4734,673.4,29291.419
4735,673.5,34974.774
4736,673.6,41066.628
4737,673.7,47408.567
4738,673.8,53817.409
4739,673.9,60062.342
4740,674.0,65908.535
4741,674.1,71123.021
4742,674.2,75457.93
4743,674.3,78710.916
4744,674.4,80729.558
4745,674.5,81418.108
4746,674.6,80730.0
4747,674.7,78711.077
4748,674.8,75450.651
4749,674.9,71119.762
4750,675.0,65910.0
4751,675.1,60061.804
4752,675.2,53818.366
4753,675.3,47409.479
4754,675.4,41070.0
4755,675.5,34970.975
4756,675.6,29291.205
4757,675.7,24109.9
4758,675.8,19525.364
4759,675.9,15538.608
4760,676.0,12159.104
4761,676.1,9359.882
4762,676.2,7083.23
4763,676.3,5269.654
4764,676.4,3854.481
4765,676.5,2772.346
4766,676.6,1960.496
4767,676.7,1363.522
4768,676.8,932.448
4769,676.9,626.637
4770,677.0,414.28
4771,677.1,269.2
4772,677.2,172.019
4773,677.3,108.07
4774,677.4,66.787
4775,677.5,40.57
4776,677.6,24.231
4777,677.7,14.23
4778,677.8,8.217
4779,677.9,4.664
4780,678.0,2.604
4781,678.1,1.428
4782,678.2,0.771
4783,678.3,0.409
4784,678.4,0.213
4785,678.5,0.109
4786,678.6,0.055
4787,678.7,0.027
4788,678.8,0.013
4789,678.9,0.006
4790,679.0,0.003
4791,679.1,0.001
4792,679.2,0.001
4793,679.3,0.0
4794,679.4,0.0
4795,679.5,0.0
4796,679.6,0.0
4797,679.7,0.0
4798,679.8,0.0
4799,679.9,0.0
4800,680.0,0.0
4801,680.1,0.0
4802,680.2,0.0
4803,680.3,0.0
4804,680.4,0.0
4805,680.5,0.0
4806,680.6,0.0
4807,680.7,0.0
4808,680.8,0.0
4809,680.9,0.0
4810,681.0,0.0
4811,681.1,0.0
4812,681.2,0.0
4813,681.3,0.0
4814,681.4,0.0
4815,681.5,0.001
4816,681.6,0.002
4817,681.7,0.004
4818,681.8,0.008
4819,681.9,0.017
4820,682.0,0.035
4821,682.1,0.071
4822,682.2,0.14
4823,682.3,0.272
4824,682.4,0.521
4825,682.5,0.982
4826,682.6,1.82
4827,682.7,3.318
4828,682.8,5.951
4829,682.9,10.5
4830,683.0,18.233
4831,683.1,31.139
4832,683.2,52.324
4833,683.3,86.514
4834,683.4,140.687
4835,683.5,225.143
4836,683.6,354.375
4837,683.7,548.879
4838,683.8,836.19
4839,683.9,1253.344
4840,684.0,1848.086
4841,684.1,2681.781
4842,684.2,3828.17
4843,684.3,5376.202
4844,684.4,7427.918
4845,684.5,10092.377
4846,684.6,13500.0
4847,684.7,17768.665
4848,684.8,23004.91
4849,684.9,29304.171
4850,685.0,36740.0
4851,685.1,45319.198
4852,685.2,55037.613
4853,685.3,65786.63
4854,685.4,77440.0
4855,685.5,89798.422
4856,685.6,102601.584
4857,685.7,115663.194
4858,685.8,128705.263
4859,685.9,141574.036
4860,686.0,154148.201
4861,686.1,166704.221
4862,686.2,179407.384
4863,686.3,192793.017
4864,686.4,207666.797
4865,686.5,225215.205
4866,686.6,246679.137
4867,686.7,273690.495
4868,686.8,307809.543
4869,686.9,350691.185
4870,687.0,403817.336
4871,687.1,468400.0
4872,687.2,545135.641
4873,687.3,634178.231
4874,687.4,734722.554
4875,687.5,845400.0
4876,687.6,963603.043
4877,687.7,1086572.802
4878,687.8,1208913.011
4879,687.9,1328000.0
4880,688.0,1437878.081
4881,688.1,1533476.505
4882,688.2,1611084.966
4883,688.3,1665868.276
4884,688.4,1695908.702
4885,688.5,1700334.816
4886,688.6,1677153.529
4887,688.7,1627306.672
4888,688.8,1554734.748
4889,688.9,1461023.113
4890,689.0,1351453.396
4891,689.1,1229645.917
4892,689.2,1100924.806
4893,689.3,969831.13
4894,689.4,841111.562
4895,689.5,717475.715
4896,689.6,602400.0
4897,689.7,497782.1
4898,689.8,404948.964
4899,689.9,324579.596
4900,690.0,256600.0
4901,690.1,200617.101
4902,690.2,155729.7
4903,690.3,121085.585
4904,690.4,95720.0
4905,690.5,78694.082
4906,690.6,69275.275
4907,690.7,66917.352
4908,690.8,71279.38
4909,690.9,82266.656
4910,691.0,99910.989
4911,691.1,124460.785
4912,691.2,156047.711
4913,691.3,194926.755
4914,691.4,241263.016
4915,691.5,294645.053
4916,691.6,354837.896
4917,691.7,420824.501
4918,691.8,491343.372
4919,691.9,564721.464
4920,692.0,638802.454
4921,692.1,711200.0
4922,692.2,779110.666
4923,692.3,840073.306
4924,692.4,891400.376
4925,692.5,930800.0
4926,692.6,956475.299
4927,692.7,967287.286
4928,692.8,962673.942
4929,692.9,942800.0
4930,693.0,908699.319
4931,693.1,861894.148
4932,693.2,804527.055
4933,693.3,738997.093
4934,693.4,668040.552
4935,693.5,594338.142
4936,693.6,520302.971
4937,693.7,448316.601
4938,693.8,380091.501
4939,693.9,317153.825
4940,694.0,260438.108
4941,694.1,210415.62
4942,694.2,167409.554
4943,694.3,131043.472
4944,694.4,100938.124
4945,694.5,76625.102
4946,694.6,57320.0
4947,694.7,42362.409
4948,694.8,31077.466
4949,694.9,22890.687
4950,695.0,17310.0
4951,695.1,13998.74
4952,695.2,12774.297
4953,695.3,13633.272
4954,695.4,16780.0
4955,695.5,22637.298
4956,695.6,31900.078
4957,695.7,45529.595
4958,695.8,64794.907
4959,695.9,91301.309
4960,696.0,126981.585
4961,696.1,173944.155
4962,696.2,234668.583
4963,696.3,311832.842
4964,696.4,407950.031
4965,696.5,525247.151
4966,696.6,665809.181
4967,696.7,830806.184
4968,696.8,1020795.587
4969,696.9,1234501.714
4970,697.0,1469677.808
4971,697.1,1722000.0
4972,697.2,1986541.405
4973,697.3,2255739.759
4974,697.4,2521872.0
4975,697.5,2776000.0
4976,697.6,3006934.084
4977,697.7,3206598.343
4978,697.8,3367353.378
4979,697.9,3480000.0
4980,698.0,3540822.15
4981,698.1,3546768.489
4982,698.2,3497372.701
4983,698.3,3395001.197
4984,698.4,3243894.498
4985,698.5,3051298.916
4986,698.6,2825759.834
4987,698.7,2575910.731
4988,698.8,2312177.659
4989,698.9,2041988.383
4990,699.0,1775974.576
4991,699.1,1520703.928
4992,699.2,1282011.817
4993,699.3,1063827.48
4994,699.4,868742.54
4995,699.5,698654.374
4996,699.6,553000.0
4997,699.7,430992.763
4998,699.8,330649.982
4999,699.9,249682.304
5000,700.0,185700.0
5001,700.1,135878.173
5002,700.2,97961.212
5003,700.3,69458.688
5004,700.4,48510.0
5005,700.5,33350.794
5006,700.6,22572.951
5007,700.7,15042.938
5008,700.8,9867.024
5009,700.9,6372.754
5010,701.0,4052.707
5011,701.1,2537.706
5012,701.2,1566.027
5013,701.3,951.757
5014,701.4,570.756
5015,701.5,337.972
5016,701.6,198.173
5017,701.7,115.483
5018,701.8,67.417
5019,701.9,39.776
5020,702.0,24.114
5021,702.1,15.27
5022,702.2,10.258
5023,702.3,7.358
5024,702.4,5.61
5025,702.5,4.476
5026,702.6,3.672
5027,702.7,3.051
5028,702.8,2.54
5029,702.9,2.103
5030,703.0,1.724
5031,703.1,1.397
5032,703.2,1.116
5033,703.3,0.879
5034,703.4,0.682
5035,703.5,0.521
5036,703.6,0.392
5037,703.7,0.291
5038,703.8,0.212
5039,703.9,0.153
5040,704.0,0.109
5041,704.1,0.076
5042,704.2,0.054
5043,704.3,0.039
5044,704.4,0.03
5045,704.5,0.026
5046,704.6,0.026
5047,704.7,0.032
5048,704.8,0.043
5049,704.9,0.06
5050,705.0,0.086
5051,705.1,0.124
5052,705.2,0.176
5053,705.3,0.247
5054,705.4,0.341
5055,705.5,0.464
5056,705.6,0.623
5057,705.7,0.822
5058,705.8,1.069
5059,705.9,1.369
5060,706.0,1.727
5061,706.1,2.144
5062,706.2,2.622
5063,706.3,3.157
5064,706.4,3.744
5065,706.5,4.372
5066,706.6,5.028
5067,706.7,5.696
5068,706.8,6.351
5069,706.9,6.976
5070,707.0,7.544
5071,707.1,8.034
5072,707.2,8.426
5073,707.3,8.702
5074,707.4,8.85
5075,707.5,8.864
5076,707.6,8.742
5077,707.7,8.49
5078,707.8,8.121
5079,707.9,7.649
5080,708.0,7.094
5081,708.1,6.479
5082,708.2,5.828
5083,708.3,5.162
5084,708.4,4.502
5085,708.5,3.867
5086,708.6,3.27
5087,708.7,2.725
5088,708.8,2.235
5089,708.9,1.805
5090,709.0,1.436
5091,709.1,1.125
5092,709.2,0.868
5093,709.3,0.659
5094,709.4,0.493
5095,709.5,0.363
5096,709.6,0.263
5097,709.7,0.188
5098,709.8,0.132
5099,709.9,0.092
5100,710.0,0.063
5101,710.1,0.042
5102,710.2,0.028
5103,710.3,0.018
5104,710.4,0.012
5105,710.5,0.007
5106,710.6,0.005
5107,710.7,0.003
5108,710.8,0.002
5109,710.9,0.001
5110,711.0,0.001
5111,711.1,0.0
5112,711.2,0.0
5113,711.3,0.0
5114,711.4,0.0
5115,711.5,0.0
5116,711.6,0.0
5117,711.7,0.0
5118,711.8,0.0
5119,711.9,0.0
5120,712.0,0.0
5121,712.1,0.0
5122,712.2,0.0
5123,712.3,0.0
5124,712.4,0.0
5125,712.5,0.0
5126,712.6,0.0
5127,712.7,0.0
5128,712.8,0.0
5129,712.9,0.0
5130,713.0,0.0
5131,713.1,0.0
5132,713.2,0.0
5133,713.3,0.0
5134,713.4,0.0
5135,713.5,0.0
5136,713.6,0.0
5137,713.7,0.0
5138,713.8,0.0
5139,713.9,0.0
5140,714.0,0.0
5141,714.1,0.0
5142,714.2,0.0
5143,714.3,0.0
5144,714.4,0.0
5145,714.5,0.0
5146,714.6,0.0
5147,714.7,0.0
5148,714.8,0.0
5149,714.9,0.0
5150,715.0,0.0
5151,715.1,0.0
5152,715.2,0.0
5153,715.3,0.0
5154,715.4,0.0
5155,715.5,0.0
5156,715.6,0.0
5157,715.7,0.0
5158,715.8,0.0
5159,715.9,0.001
5160,716.0,0.002
5161,716.1,0.004
5162,716.2,0.008
5163,716.3,0.016
5164,716.4,0.033
5165,716.5,0.066
5166,716.6,0.131
5167,716.7,0.254
5168,716.8,0.485
5169,716.9,0.915
5170,717.0,1.7
5171,717.1,3.114
5172,717.2,5.617
5173,717.3,9.986
5174,717.4,17.498
5175,717.5,30.2
5176,717.6,51.371
5177,717.7,86.084
5178,717.8,142.165
5179,717.9,231.4
5180,718.0,371.035
5181,718.1,586.24
5182,718.2,913.204
5183,718.3,1400.897
5184,718.4,2118.374
5185,718.5,3155.565
5186,718.6,4633.089
5187,718.7,6704.315
5188,718.8,9559.531
5189,718.9,13431.456
5190,719.0,18598.143
5191,719.1,25379.871
5192,719.2,34134.939
5193,719.3,45244.818
5194,719.4,59111.01
5195,719.5,76094.123
5196,719.6,96570.0
5197,719.7,120756.802
5198,719.8,148949.136
5199,719.9,180938.627
5200,720.0,216800.0
5201,720.1,255982.527
5202,720.2,297997.155
5203,720.3,341945.328
5204,720.4,387000.0
5205,720.5,431666.936
5206,720.6,474916.823
5207,720.7,515184.173
5208,720.8,551196.529
5209,720.9,581448.522
5210,721.0,605116.538
5211,721.1,621150.961
5212,721.2,628983.548
5213,721.3,628353.137
5214,721.4,619371.01
5215,721.5,602441.315
5216,721.6,578364.209
5217,721.7,548017.082
5218,721.8,512610.81
5219,721.9,473471.823
5220,722.0,431977.569
5221,722.1,389400.0
5222,722.2,347110.723
5223,722.3,306164.089
5224,722.4,267552.067
5225,722.5,232300.0
5226,722.6,200851.002
5227,722.7,173860.719
5228,722.8,151724.425
5229,722.9,134600.0
5230,723.0,122635.521
5231,723.1,115922.112
5232,723.2,114425.773
5233,723.3,118062.982
5234,723.4,126684.678
5235,723.5,140102.143
5236,723.6,158002.861
5237,723.7,179994.626
5238,723.8,205608.529
5239,723.9,234304.623
5240,724.0,265341.923
5241,724.1,298071.297
5242,724.2,331446.255
5243,724.3,364689.625
5244,724.4,396670.537
5245,724.5,426474.793
5246,724.6,453200.0
5247,724.7,475740.487
5248,724.8,493491.168
5249,724.9,505752.006
5250,725.0,512100.0
5251,725.1,512243.955
5252,725.2,506235.087
5253,725.3,494188.531
5254,725.4,476600.0
5255,725.5,454110.743
5256,725.6,427206.157
5257,725.7,397065.475
5258,725.8,364459.685
5259,725.9,330350.135
5260,726.0,295693.977
5261,726.1,261252.262
5262,726.2,227950.205
5263,726.3,196224.152
5264,726.4,166844.418
5265,726.5,140030.268
5266,726.6,115856.666
5267,726.7,94693.548
5268,726.8,76337.317
5269,726.9,60722.882
5270,727.0,47649.68
5271,727.1,36880.0
5272,727.2,28155.811
5273,727.3,21205.085
5274,727.4,15753.871
5275,727.5,11540.0
5276,727.6,8333.761
5277,727.7,5936.859
5278,727.8,4169.142
5279,727.9,2887.0
5280,728.0,1971.191
5281,728.1,1326.795
5282,728.2,880.71
5283,728.3,576.167
5284,728.4,371.594
5285,728.5,236.299
5286,728.6,148.114
5287,728.7,91.485
5288,728.8,55.71
5289,728.9,33.438
5290,729.0,19.782
5291,729.1,11.534
5292,729.2,6.632
5293,729.3,3.757
5294,729.4,2.098
5295,729.5,1.156
5296,729.6,0.628
5297,729.7,0.339
5298,729.8,0.184
5299,729.9,0.107
5300,730.0,0.077
5301,730.1,0.082
5302,730.2,0.122
5303,730.3,0.213
5304,730.4,0.386
5305,730.5,0.701
5306,730.6,1.26
5307,730.7,2.236
5308,730.8,3.913
5309,730.9,6.752
5310,731.0,11.49
5311,731.1,19.28
5312,731.2,31.916
5313,731.3,52.1
5314,731.4,83.888
5315,731.5,133.19
5316,731.6,208.677
5317,731.7,322.561
5318,731.8,492.017
5319,731.9,740.457
5320,732.0,1100.256
5321,732.1,1613.0
5322,732.2,2336.576
5323,732.3,3341.114
5324,732.4,4720.417
5325,732.5,6591.0
5326,732.6,9094.296
5327,732.7,12408.115
5328,732.8,16747.962
5329,732.9,22370.0
5330,733.0,29574.925
5331,733.1,38730.018
5332,733.2,50231.393
5333,733.3,64569.326
5334,733.4,82290.849
5335,733.5,104026.657
5336,733.6,130384.205
5337,733.7,162184.987
5338,733.8,200188.886
5339,733.9,245089.209
5340,734.0,297883.288
5341,734.1,358995.073
5342,734.2,429245.075
5343,734.3,508896.089
5344,734.4,598079.863
5345,734.5,696631.603
5346,734.6,803700.0
5347,734.7,918201.029
5348,734.8,1038645.823
5349,734.9,1162239.634
5350,735.0,1286000.0
5351,735.1,1407942.336
5352,735.2,1523202.534
5353,735.3,1629360.66
5354,735.4,1721000.0
5355,735.5,1796738.289
5356,735.6,1852642.663
5357,735.7,1885625.811
5358,735.8,1895304.938
5359,735.9,1881477.185
5360,736.0,1843255.269
5361,736.1,1783121.626
5362,736.2,1703061.699
5363,736.3,1604504.753
5364,736.4,1493555.646
5365,736.5,1372022.415
5366,736.6,1243952.971
5367,736.7,1113955.01
5368,736.8,984599.674
5369,736.9,859893.524
5370,737.0,741809.92
5371,737.1,632500.0
5372,737.2,533465.393
5373,737.3,445710.15
5374,737.4,369687.169
5375,737.5,305600.0
5376,737.6,253501.543
5377,737.7,213063.81
5378,737.8,184295.105
5379,737.9,166900.0
5380,738.0,161071.894
5381,738.1,166961.414
5382,738.2,185002.105
5383,738.3,215882.748
5384,738.4,260266.771
5385,738.5,318988.253
5386,738.6,392821.385
5387,738.7,482370.374
5388,738.8,587751.68
5389,738.9,708827.693
5390,739.0,844718.734
5391,739.1,993470.613
5392,739.2,1153372.242
5393,739.3,1321104.003
5394,739.4,1492721.871
5395,739.5,1662604.26
5396,739.6,1826000.0
5397,739.7,1978092.604
5398,739.8,2112720.767
5399,739.9,2225642.021
5400,740.0,2311000.0
5401,740.1,2366713.844
5402,740.2,2390215.353
5403,740.3,2379962.957
5404,740.4,2337000.0
5405,740.5,2262912.639
5406,740.6,2160815.34
5407,740.7,2033905.428
5408,740.8,1888411.544
5409,740.9,1728491.968
5410,741.0,1560137.799
5411,741.1,1389426.05
5412,741.2,1218785.552
5413,741.3,1055016.307
5414,741.4,900634.245
5415,741.5,758210.684
5416,741.6,629554.985
5417,741.7,515799.626
5418,741.8,417065.52
5419,741.9,333122.397
5420,742.0,263126.049
5421,742.1,205900.0
5422,742.2,160328.349
5423,742.3,124895.756
5424,742.4,98258.659
5425,742.5,79060.0
5426,742.6,66159.395
5427,742.7,58485.293
5428,742.8,55126.227
5429,742.9,55280.0
5430,743.0,58278.653
5431,743.1,63543.018
5432,743.2,70550.989
5433,743.3,78820.156
5434,743.4,87925.38
5435,743.5,97429.037
5436,743.6,106911.949
5437,743.7,116027.639
5438,743.8,124276.346
5439,743.9,131423.341
5440,744.0,137130.667
5441,744.1,141101.573
5442,744.2,143229.469
5443,744.3,143452.715
5444,744.4,141657.786
5445,744.5,137956.593
5446,744.6,132500.0
5447,744.7,125493.997
5448,744.8,117285.046
5449,744.9,108038.643
5450,745.0,98190.0
5451,745.1,87999.412
5452,745.2,77770.221
5453,745.3,67785.54
5454,745.4,58270.0
5455,745.5,49394.39
5456,745.6,41302.362
5457,745.7,34052.67
5458,745.8,27696.779
5459,745.9,22209.344
5460,746.0,17562.944
5461,746.1,13699.187
5462,746.2,10540.359
5463,746.3,7995.779
5464,746.4,5982.599
5465,746.5,4414.538
5466,746.6,3212.869
5467,746.7,2305.732
5468,746.8,1632.105
5469,746.9,1139.221
5470,747.0,784.316
5471,747.1,532.5
5472,747.2,356.574
5473,747.3,235.446
5474,747.4,153.345
5475,747.5,98.51
5476,747.6,62.408
5477,747.7,39.005
5478,747.8,24.051
5479,747.9,14.64
5480,748.0,8.805
5481,748.1,5.238
5482,748.2,3.092
5483,748.3,1.821
5484,748.4,1.082
5485,748.5,0.659
5486,748.6,0.423
5487,748.7,0.296
5488,748.8,0.23
5489,748.9,0.2
5490,749.0,0.189
5491,749.1,0.19
5492,749.2,0.197
5493,749.3,0.207
5494,749.4,0.22
5495,749.5,0.235
5496,749.6,0.251
5497,749.7,0.268
5498,749.8,0.286
5499,749.9,0.304
5500,750.0,0.322
5501,750.1,0.341
5502,750.2,0.358
5503,750.3,0.374
5504,750.4,0.389
5505,750.5,0.401
5506,750.6,0.411
5507,750.7,0.417
5508,750.8,0.419
5509,750.9,0.418
5510,751.0,0.413
5511,751.1,0.404
5512,751.2,0.391
5513,751.3,0.375
5514,751.4,0.356
5515,751.5,0.334
5516,751.6,0.311
5517,751.7,0.287
5518,751.8,0.261
5519,751.9,0.236
5520,752.0,0.212
5521,752.1,0.189
5522,752.2,0.167
5523,752.3,0.147
5524,752.4,0.129
5525,752.5,0.114
5526,752.6,0.102
5527,752.7,0.092
5528,752.8,0.085
5529,752.9,0.081
5530,753.0,0.08
5531,753.1,0.082
5532,753.2,0.087
5533,753.3,0.095
5534,753.4,0.104
5535,753.5,0.116
5536,753.6,0.13
5537,753.7,0.145
5538,753.8,0.161
5539,753.9,0.177
5540,754.0,0.193
5541,754.1,0.208
5542,754.2,0.222
5543,754.3,0.233
5544,754.4,0.242
5545,754.5,0.248
5546,754.6,0.251
5547,754.7,0.25
5548,754.8,0.247
5549,754.9,0.24
5550,755.0,0.23
5551,755.1,0.218
5552,755.2,0.203
5553,755.3,0.187
5554,755.4,0.17
5555,755.5,0.152
5556,755.6,0.135
5557,755.7,0.118
5558,755.8,0.101
5559,755.9,0.086
5560,756.0,0.072
5561,756.1,0.059
5562,756.2,0.049
5563,756.3,0.039
5564,756.4,0.031
5565,756.5,0.024
5566,756.6,0.019
5567,756.7,0.014
5568,756.8,0.011
5569,756.9,0.008
5570,757.0,0.006
5571,757.1,0.004
5572,757.2,0.003
5573,757.3,0.002
5574,757.4,0.001
5575,757.5,0.001
5576,757.6,0.001
5577,757.7,0.0
5578,757.8,0.0
5579,757.9,0.0
5580,758.0,0.0
5581,758.1,0.0
5582,758.2,0.0
5583,758.3,0.0
5584,758.4,0.0
5585,758.5,0.0
5586,758.6,0.0
5587,758.7,0.0
5588,758.8,0.0
5589,758.9,0.0
5590,759.0,0.0
5591,759.1,0.0
5592,759.2,0.0
5593,759.3,0.0
5594,759.4,0.0
5595,759.5,0.0
5596,759.6,0.0
5597,759.7,0.0
5598,759.8,0.0
5599,759.9,0.0
5600,760.0,0.0
5601,760.1,0.0
5602,760.2,0.0
5603,760.3,0.0
5604,760.4,0.0
5605,760.5,0.0
5606,760.6,0.0
5607,760.7,0.0
5608,760.8,0.0
5609,760.9,0.0
5610,761.0,0.0
5611,761.1,0.0
5612,761.2,0.0
5613,761.3,0.0
5614,761.4,0.0
5615,761.5,0.0
5616,761.6,0.0
5617,761.7,0.0
5618,761.8,0.0
5619,761.9,0.0
5620,762.0,0.0
5621,762.1,0.0
5622,762.2,0.0
5623,762.3,0.0
5624,762.4,0.0
5625,762.5,0.0
5626,762.6,0.0
5627,762.7,0.0
5628,762.8,0.0
5629,762.9,0.0
5630,763.0,0.0
5631,763.1,0.0
5632,763.2,0.0
5633,763.3,0.0
5634,763.4,0.0
5635,763.5,0.0
5636,763.6,0.0
5637,763.7,0.0
5638,763.8,0.0
5639,763.9,0.0
5640,764.0,0.0
5641,764.1,0.0
5642,764.2,0.0
5643,764.3,0.0
5644,764.4,0.0
5645,764.5,0.0
5646,764.6,0.0
5647,764.7,0.0
5648,764.8,0.0
5649,764.9,0.0
5650,765.0,0.0
5651,765.1,0.0
5652,765.2,0.0
5653,765.3,0.0
5654,765.4,0.0
5655,765.5,0.0
5656,765.6,0.0
5657,765.7,0.0
5658,765.8,0.0
5659,765.9,0.0
5660,766.0,0.0
5661,766.1,0.0
5662,766.2,0.0
5663,766.3,0.0
5664,766.4,0.0
5665,766.5,0.0
5666,766.6,0.0
5667,766.7,0.0
5668,766.8,0.0
5669,766.9,0.0
5670,767.0,0.0
5671,767.1,0.0
5672,767.2,0.0
5673,767.3,0.0
5674,767.4,0.0
5675,767.5,0.0
5676,767.6,0.0
5677,767.7,0.0
5678,767.8,0.0
5679,767.9,0.0
5680,768.0,0.0
5681,768.1,0.0
5682,768.2,0.0
5683,768.3,0.0
5684,768.4,0.0
5685,768.5,0.0
5686,768.6,0.0
5687,768.7,0.0
5688,768.8,0.0
5689,768.9,0.0
5690,769.0,0.0
5691,769.1,0.0
5692,769.2,0.0
5693,769.3,0.0
5694,769.4,0.0
5695,769.5,0.0
5696,769.6,0.0
5697,769.7,0.0
5698,769.8,0.0
5699,769.9,0.0
5700,770.0,0.0
5701,770.1,0.0
5702,770.2,0.0
5703,770.3,0.0
5704,770.4,0.0
5705,770.5,0.0
5706,770.6,0.0
5707,770.7,0.0
5708,770.8,0.0
5709,770.9,0.0
5710,771.0,0.0
5711,771.1,0.0
5712,771.2,0.0
5713,771.3,0.0
5714,771.4,0.0
5715,771.5,0.0
5716,771.6,0.0
5717,771.7,0.0
5718,771.8,0.0
5719,771.9,0.0
5720,772.0,0.0
5721,772.1,0.0
5722,772.2,0.0
5723,772.3,0.0
5724,772.4,0.0
5725,772.5,0.0
5726,772.6,0.0
5727,772.7,0.0
5728,772.8,0.0
5729,772.9,0.0
5730,773.0,0.0
5731,773.1,0.0
5732,773.2,0.0
5733,773.3,0.0
5734,773.4,0.0
5735,773.5,0.0
5736,773.6,0.0
5737,773.7,0.0
5738,773.8,0.0
5739,773.9,0.0
5740,774.0,0.0
5741,774.1,0.0
5742,774.2,0.0
5743,774.3,0.0
5744,774.4,0.0
5745,774.5,0.0
5746,774.6,0.0
5747,774.7,0.0
5748,774.8,0.0
5749,774.9,0.0
5750,775.0,0.0
5751,775.1,0.0
5752,775.2,0.0
5753,775.3,0.0
5754,775.4,0.0
5755,775.5,0.0
5756,775.6,0.0
5757,775.7,0.0
5758,775.8,0.0
5759,775.9,0.0
5760,776.0,0.0
5761,776.1,0.0
5762,776.2,0.0
5763,776.3,0.0
5764,776.4,0.0
5765,776.5,0.0
5766,776.6,0.0
5767,776.7,0.0
5768,776.8,0.0
5769,776.9,0.0
5770,777.0,0.0
5771,777.1,0.0
5772,777.2,0.0
5773,777.3,0.0
5774,777.4,0.0
5775,777.5,0.0
5776,777.6,0.0
5777,777.7,0.0
5778,777.8,0.0
5779,777.9,0.0
5780,778.0,0.0
5781,778.1,0.0
5782,778.2,0.0
5783,778.3,0.0
5784,778.4,0.0
5785,778.5,0.0
5786,778.6,0.0
5787,778.7,0.0
5788,778.8,0.0
5789,778.9,0.0
5790,779.0,0.0
5791,779.1,0.0
5792,779.2,0.0
5793,779.3,0.0
5794,779.4,0.0
5795,779.5,0.0
5796,779.6,0.0
5797,779.7,0.0
5798,779.8,0.0
5799,779.9,0.0
5800,780.0,0.0
5801,780.1,0.0
5802,780.2,0.0
5803,780.3,0.0
5804,780.4,0.0
5805,780.5,0.0
5806,780.6,0.0
5807,780.7,0.0
5808,780.8,0.0
5809,780.9,0.0
5810,781.0,0.0
5811,781.1,0.0
5812,781.2,0.0
5813,781.3,0.0
5814,781.4,0.0
5815,781.5,0.0
5816,781.6,0.0
5817,781.7,0.0
5818,781.8,0.0
5819,781.9,0.0
5820,782.0,0.0
5821,782.1,0.0
5822,782.2,0.0
5823,782.3,0.0
5824,782.4,0.0
5825,782.5,0.0
5826,782.6,0.0
5827,782.7,0.0
5828,782.8,0.0
5829,782.9,0.0
5830,783.0,0.0
5831,783.1,0.0
5832,783.2,0.0
5833,783.3,0.0
5834,783.4,0.0
5835,783.5,0.0
5836,783.6,0.0
5837,783.7,0.0
5838,783.8,0.0
5839,783.9,0.0
5840,784.0,0.0
5841,784.1,0.0
5842,784.2,0.0
5843,784.3,0.0
5844,784.4,0.0
5845,784.5,0.0
5846,784.6,0.0
5847,784.7,0.0
5848,784.8,0.0
5849,784.9,0.0
5850,785.0,0.0
5851,785.1,0.0
5852,785.2,0.0
5853,785.3,0.0
5854,785.4,0.0
5855,785.5,0.0
5856,785.6,0.0
5857,785.7,0.0
5858,785.8,0.0
5859,785.9,0.0
5860,786.0,0.0
5861,786.1,0.0
5862,786.2,0.0
5863,786.3,0.0
5864,786.4,0.0
5865,786.5,0.0
5866,786.6,0.0
5867,786.7,0.0
5868,786.8,0.0
5869,786.9,0.0
5870,787.0,0.0
5871,787.1,0.0
5872,787.2,0.0
5873,787.3,0.0
5874,787.4,0.0
5875,787.5,0.0
5876,787.6,0.0
5877,787.7,0.0
5878,787.8,0.0
5879,787.9,0.0
5880,788.0,0.0
5881,788.1,0.0
5882,788.2,0.0
5883,788.3,0.0
5884,788.4,0.0
5885,788.5,0.0
5886,788.6,0.0
5887,788.7,0.0
5888,788.8,0.0
5889,788.9,0.0
5890,789.0,0.0
5891,789.1,0.0
5892,789.2,0.0
5893,789.3,0.0
5894,789.4,0.0
5895,789.5,0.0
5896,789.6,0.0
5897,789.7,0.0
5898,789.8,0.0
5899,789.9,0.0
5900,790.0,0.0
5901,790.1,0.0
5902,790.2,0.0
5903,790.3,0.0
5904,790.4,0.0
5905,790.5,0.0
5906,790.6,0.0
5907,790.7,0.0
5908,790.8,0.0
5909,790.9,0.0
5910,791.0,0.0
5911,791.1,0.0
5912,791.2,0.0
5913,791.3,0.0
5914,791.4,0.0
5915,791.5,0.0
5916,791.6,0.0
5917,791.7,0.0
5918,791.8,0.0
5919,791.9,0.0
5920,792.0,0.0
5921,792.1,0.0
5922,792.2,0.0
5923,792.3,0.0
5924,792.4,0.0
5925,792.5,0.0
5926,792.6,0.0
5927,792.7,0.0
5928,792.8,0.0
5929,792.9,0.0
5930,793.0,0.0
5931,793.1,0.0
5932,793.2,0.0
5933,793.3,0.0
5934,793.4,0.0
5935,793.5,0.0
5936,793.6,0.0
5937,793.7,0.0
5938,793.8,0.0
5939,793.9,0.0
5940,794.0,0.0
5941,794.1,0.0
5942,794.2,0.0
5943,794.3,0.0
5944,794.4,0.0
5945,794.5,0.0
5946,794.6,0.0
5947,794.7,0.0
5948,794.8,0.0
5949,794.9,0.0
5950,795.0,0.0
5951,795.1,0.0
5952,795.2,0.0
5953,795.3,0.0
5954,795.4,0.0
5955,795.5,0.0
5956,795.6,0.0
5957,795.7,0.0
5958,795.8,0.0
5959,795.9,0.0
5960,796.0,0.0
5961,796.1,0.0
5962,796.2,0.0
5963,796.3,0.0
5964,796.4,0.0
5965,796.5,0.0
5966,796.6,0.0
5967,796.7,0.0
5968,796.8,0.0
5969,796.9,0.0
5970,797.0,0.0
5971,797.1,0.0
5972,797.2,0.0
5973,797.3,0.0
5974,797.4,0.0
5975,797.5,0.0
5976,797.6,0.0
5977,797.7,0.0
5978,797.8,0.0
5979,797.9,0.0
5980,798.0,0.0
5981,798.1,0.0
5982,798.2,0.0
5983,798.3,0.0
5984,798.4,0.0
5985,798.5,0.0
5986,798.6,0.0
5987,798.7,0.0
5988,798.8,0.0
5989,798.9,0.0
5990,799.0,0.0
5991,799.1,0.0
5992,799.2,0.0
5993,799.3,0.0
5994,799.4,0.0
5995,799.5,0.0
5996,799.6,0.0
5997,799.7,0.0
5998,799.8,0.0
5999,799.9,0.0
6000,800.0,0.0
6001,800.1,0.0
6002,800.2,0.0
6003,800.3,0.0
6004,800.4,0.0
6005,800.5,0.0
6006,800.6,0.0
6007,800.7,0.0
6008,800.8,0.0
6009,800.9,0.0
6010,801.0,0.0
6011,801.1,0.0
6012,801.2,0.0
6013,801.3,0.0
6014,801.4,0.0
6015,801.5,0.0
6016,801.6,0.0
6017,801.7,0.0
6018,801.8,0.0
6019,801.9,0.0
6020,802.0,0.0
6021,802.1,0.0
6022,802.2,0.0
6023,802.3,0.0
6024,802.4,0.0
6025,802.5,0.0
6026,802.6,0.0
6027,802.7,0.0
6028,802.8,0.0
6029,802.9,0.0
6030,803.0,0.0
6031,803.1,0.0
6032,803.2,0.0
6033,803.3,0.0
6034,803.4,0.0
6035,803.5,0.0
6036,803.6,0.0
6037,803.7,0.0
6038,803.8,0.0
6039,803.9,0.0
6040,804.0,0.0
6041,804.1,0.0
6042,804.2,0.0
6043,804.3,0.0
6044,804.4,0.0
6045,804.5,0.0
6046,804.6,0.0
6047,804.7,0.0
6048,804.8,0.0
6049,804.9,0.0
6050,805.0,0.0
6051,805.1,0.0
6052,805.2,0.0
6053,805.3,0.0
6054,805.4,0.0
6055,805.5,0.0
6056,805.6,0.0
6057,805.7,0.0
6058,805.8,0.0
6059,805.9,0.0
6060,806.0,0.0
6061,806.1,0.0
6062,806.2,0.0
6063,806.3,0.0
6064,806.4,0.0
6065,806.5,0.0
6066,806.6,0.0
6067,806.7,0.0
6068,806.8,0.0
6069,806.9,0.0
6070,807.0,0.0
6071,807.1,0.0
6072,807.2,0.0
6073,807.3,0.0
6074,807.4,0.0
6075,807.5,0.0
6076,807.6,0.0
6077,807.7,0.0
6078,807.8,0.0
6079,807.9,0.0
6080,808.0,0.0
6081,808.1,0.0
6082,808.2,0.0
6083,808.3,0.0
6084,808.4,0.0
6085,808.5,0.0
6086,808.6,0.0
6087,808.7,0.0
6088,808.8,0.0
6089,808.9,0.0
6090,809.0,0.0
6091,809.1,0.0
6092,809.2,0.0
6093,809.3,0.0
6094,809.4,0.0
6095,809.5,0.0
6096,809.6,0.0
6097,809.7,0.0
6098,809.8,0.0
6099,809.9,0.0
6100,810.0,0.0
6101,810.1,0.0
6102,810.2,0.0
6103,810.3,0.0
6104,810.4,0.0
6105,810.5,0.0
6106,810.6,0.0
6107,810.7,0.0
6108,810.8,0.0
6109,810.9,0.0
6110,811.0,0.0
6111,811.1,0.0
6112,811.2,0.0
6113,811.3,0.0
6114,811.4,0.0
6115,811.5,0.0
6116,811.6,0.0
6117,811.7,0.0
6118,811.8,0.0
6119,811.9,0.0
6120,812.0,0.0
6121,812.1,0.0
6122,812.2,0.0
6123,812.3,0.0
6124,812.4,0.0
6125,812.5,0.0
6126,812.6,0.0
6127,812.7,0.0
6128,812.8,0.0
6129,812.9,0.0
6130,813.0,0.0
6131,813.1,0.0
6132,813.2,0.0
6133,813.3,0.0
6134,813.4,0.0
6135,813.5,0.0
6136,813.6,0.0
6137,813.7,0.0
6138,813.8,0.0
6139,813.9,0.0
6140,814.0,0.0
6141,814.1,0.0
6142,814.2,0.0
6143,814.3,0.0
6144,814.4,0.0
6145,814.5,0.0
6146,814.6,0.0
6147,814.7,0.0
6148,814.8,0.0
6149,814.9,0.0
6150,815.0,0.0
6151,815.1,0.0
6152,815.2,0.0
6153,815.3,0.0
6154,815.4,0.0
6155,815.5,0.0
6156,815.6,0.0
6157,815.7,0.0
6158,815.8,0.0
6159,815.9,0.0
6160,816.0,0.0
6161,816.1,0.0
6162,816.2,0.0
6163,816.3,0.0
6164,816.4,0.0
6165,816.5,0.0
6166,816.6,0.0
6167,816.7,0.0
6168,816.8,0.0
6169,816.9,0.0
6170,817.0,0.0
6171,817.1,0.0
6172,817.2,0.0
6173,817.3,0.0
6174,817.4,0.0
6175,817.5,0.0
6176,817.6,0.0
6177,817.7,0.0
6178,817.8,0.0
6179,817.9,0.0
6180,818.0,0.0
6181,818.1,0.0
6182,818.2,0.0
6183,818.3,0.0
6184,818.4,0.0
6185,818.5,0.0
6186,818.6,0.0
6187,818.7,0.0
6188,818.8,0.0
6189,818.9,0.0
6190,819.0,0.0
6191,819.1,0.0
6192,819.2,0.0
6193,819.3,0.0
6194,819.4,0.0
6195,819.5,0.0
6196,819.6,0.0
6197,819.7,0.0
6198,819.8,0.0
6199,819.9,0.0
6200,820.0,0.0
6201,820.1,0.0
6202,820.2,0.0
6203,820.3,0.0
6204,820.4,0.0
6205,820.5,0.0
6206,820.6,0.0
6207,820.7,0.0
6208,820.8,0.0
6209,820.9,0.0
6210,821.0,0.0
6211,821.1,0.0
6212,821.2,0.0
6213,821.3,0.0
6214,821.4,0.0
6215,821.5,0.0
6216,821.6,0.0
6217,821.7,0.0
6218,821.8,0.0
6219,821.9,0.0
6220,822.0,0.0
6221,822.1,0.0
6222,822.2,0.0
6223,822.3,0.0
6224,822.4,0.0
6225,822.5,0.0
6226,822.6,0.0
6227,822.7,0.0
6228,822.8,0.0
6229,822.9,0.0
6230,823.0,0.0
6231,823.1,0.0
6232,823.2,0.0
6233,823.3,0.0
6234,823.4,0.0
6235,823.5,0.0
6236,823.6,0.0
6237,823.7,0.0
6238,823.8,0.0
6239,823.9,0.0
6240,824.0,0.0
6241,824.1,0.0
6242,824.2,0.0
6243,824.3,0.0
6244,824.4,0.0
6245,824.5,0.0
6246,824.6,0.0
6247,824.7,0.0
6248,824.8,0.0
6249,824.9,0.0
6250,825.0,0.0
6251,825.1,0.0
6252,825.2,0.0
6253,825.3,0.0
6254,825.4,0.0
6255,825.5,0.0
6256,825.6,0.0
6257,825.7,0.0
6258,825.8,0.0
6259,825.9,0.0
6260,826.0,0.0
6261,826.1,0.0
6262,826.2,0.0
6263,826.3,0.0
6264,826.4,0.0
6265,826.5,0.0
6266,826.6,0.0
6267,826.7,0.0
6268,826.8,0.0
6269,826.9,0.0
6270,827.0,0.0
6271,827.1,0.0
6272,827.2,0.0
6273,827.3,0.0
6274,827.4,0.0
6275,827.5,0.0
6276,827.6,0.0
6277,827.7,0.0
6278,827.8,0.0
6279,827.9,0.0
6280,828.0,0.0
6281,828.1,0.0
6282,828.2,0.0
6283,828.3,0.0
6284,828.4,0.0
6285,828.5,0.0
6286,828.6,0.0
6287,828.7,0.0
6288,828.8,0.0
6289,828.9,0.0
6290,829.0,0.0
6291,829.1,0.0
6292,829.2,0.0
6293,829.3,0.0
6294,829.4,0.0
6295,829.5,0.0
6296,829.6,0.0
6297,829.7,0.0
6298,829.8,0.0
6299,829.9,0.0
6300,830.0,0.0
6301,830.1,0.0
6302,830.2,0.0
6303,830.3,0.0
6304,830.4,0.0
6305,830.5,0.0
6306,830.6,0.0
6307,830.7,0.0
6308,830.8,0.0
6309,830.9,0.001
6310,831.0,0.001
6311,831.1,0.003
6312,831.2,0.004
6313,831.3,0.008
6314,831.4,0.013
6315,831.5,0.022
6316,831.6,0.038
6317,831.7,0.066
6318,831.8,0.111
6319,831.9,0.186
6320,832.0,0.31
6321,832.1,0.511
6322,832.2,0.834
6323,832.3,1.349
6324,832.4,2.158
6325,832.5,3.417
6326,832.6,5.355
6327,832.7,8.302
6328,832.8,12.731
6329,832.9,19.32
6330,833.0,29.01
6331,833.1,43.073
6332,833.2,63.278
6333,833.3,91.967
6334,833.4,132.145
6335,833.5,187.984
6336,833.6,264.436
6337,833.7,367.965
6338,833.8,506.498
6339,833.9,689.817
6340,834.0,929.228
6341,834.1,1238.599
6342,834.2,1633.796
6343,834.3,2131.287
6344,834.4,2751.831
6345,834.5,3515.992
6346,834.6,4446.0
6347,834.7,5564.728
6348,834.8,6893.377
6349,834.9,8454.828
6350,835.0,10270.0
6351,835.1,12347.428
6352,835.2,14712.203
6353,835.3,17364.156
6354,835.4,20320.0
6355,835.5,23561.859
6356,835.6,27101.545
6357,835.7,30927.387
6358,835.8,35034.844
6359,835.9,39398.384
6360,836.0,44021.187
6361,836.1,48881.871
6362,836.2,53995.907
6363,836.3,59334.14
6364,836.4,64906.234
6365,836.5,70712.461
6366,836.6,76752.931
6367,836.7,83027.384
6368,836.8,89521.825
6369,836.9,96225.711
6370,837.0,103109.993
6371,837.1,110100.0
6372,837.2,117203.513
6373,837.3,124251.71
6374,837.4,131247.886
6375,837.5,137900.0
6376,837.6,144216.418
6377,837.7,149893.568
6378,837.8,154982.702
6379,837.9,159100.0
6380,838.0,162245.767
6381,838.1,164257.14
6382,838.2,165028.195
6383,838.3,164433.59
6384,838.4,162559.183
6385,838.5,159394.517
6386,838.6,154954.32
6387,838.7,149318.612
6388,838.8,142807.082
6389,838.9,135413.063
6390,839.0,127468.632
6391,839.1,119141.256
6392,839.2,110768.89
6393,839.3,102554.7
6394,839.4,94681.973
6395,839.5,87431.951
6396,839.6,80970.0
6397,839.7,75489.821
6398,839.8,71122.772
6399,839.9,67968.692
6400,840.0,66090.0
6401,840.1,65523.36
6402,840.2,66276.843
6403,840.3,68319.571
6404,840.4,71610.0
6405,840.5,76088.357
6406,840.6,81687.701
6407,840.7,88324.971
6408,840.8,95945.112
6409,840.9,104490.884
6410,841.0,113971.753
6411,841.1,124350.857
6412,841.2,135608.372
6413,841.3,147976.733
6414,841.4,161347.165
6415,841.5,175908.416
6416,841.6,191733.512
6417,841.7,209108.774
6418,841.8,228034.851
6419,841.9,248642.601
6420,842.0,271026.673
6421,842.1,295100.0
6422,842.2,321006.908
6423,842.3,348494.54
6424,842.4,377305.754
6425,842.5,407200.0
6426,842.6,437617.613
6427,842.7,468194.071
6428,842.8,498221.807
6429,842.9,527000.0
6430,843.0,554002.504
6431,843.1,578209.096
6432,843.2,599094.976
6433,843.3,615867.618
6434,843.4,628100.363
6435,843.5,635136.005
6436,843.6,636701.349
6437,843.7,632715.665
6438,843.8,622975.661
6439,843.9,607777.886
6440,844.0,587371.398
6441,844.1,562243.269
6442,844.2,533120.675
6443,844.3,500476.25
6444,844.4,465227.613
6445,844.5,428168.329
6446,844.6,390100.0
6447,844.7,351889.276
6448,844.8,314204.924
6449,844.9,277700.07
6450,845.0,242900.0
6451,845.1,210271.039
6452,845.2,180177.407
6453,845.3,152840.246
6454,845.4,128200.0
6455,845.5,106483.157
6456,845.6,87512.96
6457,845.7,71166.949
6458,845.8,57263.84
6459,845.9,45597.025
6460,846.0,35923.649
6461,846.1,28001.458
6462,846.2,21595.718
6463,846.3,16479.898
6464,846.4,12441.391
6465,846.5,9296.836
6466,846.6,6870.492
6467,846.7,5024.728
6468,846.8,3635.041
6469,846.9,2601.861
6470,847.0,1842.886
6471,847.1,1291.0
6472,847.2,894.83
6473,847.3,613.625
6474,847.4,416.281
6475,847.5,279.4
6476,847.6,185.594
6477,847.7,121.876
6478,847.8,79.208
6479,847.9,50.93
6480,848.0,32.401
6481,848.1,20.387
6482,848.2,12.695
6483,848.3,7.816
6484,848.4,4.763
6485,848.5,2.87
6486,848.6,1.712
6487,848.7,1.01
6488,848.8,0.589
6489,848.9,0.34
6490,849.0,0.194
6491,849.1,0.11
6492,849.2,0.061
6493,849.3,0.034
6494,849.4,0.019
6495,849.5,0.01
6496,849.6,0.005
6497,849.7,0.003
6498,849.8,0.001
6499,849.9,0.001
6500,850.0,0.0
6501,850.1,0.0
6502,850.2,0.0
6503,850.3,0.0
6504,850.4,0.0
6505,850.5,0.0
6506,850.6,0.0
6507,850.7,0.0
6508,850.8,0.0
6509,850.9,0.0
6510,851.0,0.0
6511,851.1,0.0
6512,851.2,0.0
6513,851.3,0.0
6514,851.4,0.0
6515,851.5,0.0
6516,851.6,0.0
6517,851.7,0.0
6518,851.8,0.0
6519,851.9,0.0
6520,852.0,0.0
6521,852.1,0.0
6522,852.2,0.0
6523,852.3,0.0
6524,852.4,0.0
6525,852.5,0.0
6526,852.6,0.0
6527,852.7,0.0
6528,852.8,0.0
6529,852.9,0.0
6530,853.0,0.0
6531,853.1,0.0
6532,853.2,0.0
6533,853.3,0.0
6534,853.4,0.0
6535,853.5,0.0
6536,853.6,0.0
6537,853.7,0.0
6538,853.8,0.0
6539,853.9,0.0
6540,854.0,0.0
6541,854.1,0.0
6542,854.2,0.0
6543,854.3,0.0
6544,854.4,0.0
6545,854.5,0.0
6546,854.6,0.0
6547,854.7,0.0
6548,854.8,0.0
6549,854.9,0.0
6550,855.0,0.0
6551,855.1,0.0
6552,855.2,0.0
6553,855.3,0.0
6554,855.4,0.0
6555,855.5,0.0
6556,855.6,0.0
6557,855.7,0.0
6558,855.8,0.0
6559,855.9,0.0
6560,856.0,0.0
6561,856.1,0.0
6562,856.2,0.0
6563,856.3,0.0
6564,856.4,0.0
6565,856.5,0.0
6566,856.6,0.0
6567,856.7,0.0
6568,856.8,0.0
6569,856.9,0.0
6570,857.0,0.0
6571,857.1,0.0
6572,857.2,0.0
6573,857.3,0.0
6574,857.4,0.0
6575,857.5,0.0
6576,857.6,0.0
6577,857.7,0.0
6578,857.8,0.0
6579,857.9,0.0
6580,858.0,0.0
6581,858.1,0.0
6582,858.2,0.0
6583,858.3,0.0
6584,858.4,0.0
6585,858.5,0.0
6586,858.6,0.0
6587,858.7,0.0
6588,858.8,0.0
6589,858.9,0.0
6590,859.0,0.0
6591,859.1,0.0
6592,859.2,0.0
6593,859.3,0.0
6594,859.4,0.0
6595,859.5,0.0
6596,859.6,0.0
6597,859.7,0.0
6598,859.8,0.0
6599,859.9,0.0
6600,860.0,0.0
6601,860.1,0.0
6602,860.2,0.0
6603,860.3,0.0
6604,860.4,0.0
6605,860.5,0.0
6606,860.6,0.0
6607,860.7,0.0
6608,860.8,0.0
6609,860.9,0.0
6610,861.0,0.0
6611,861.1,0.0
6612,861.2,0.0
6613,861.3,0.0
6614,861.4,0.0
6615,861.5,0.0
6616,861.6,0.0
6617,861.7,0.0
6618,861.8,0.001
6619,861.9,0.001
6620,862.0,0.002
6621,862.1,0.004
6622,862.2,0.007
6623,862.3,0.013
6624,862.4,0.023
6625,862.5,0.039
6626,862.6,0.067
6627,862.7,0.112
6628,862.8,0.188
6629,862.9,0.311
6630,863.0,0.51
6631,863.1,0.827
6632,863.2,1.327
6633,863.3,2.11
6634,863.4,3.321
6635,863.5,5.173
6636,863.6,7.975
6637,863.7,12.181
6638,863.8,18.396
6639,863.9,27.527
6640,864.0,40.763
6641,864.1,59.763
6642,864.2,86.744
6643,864.3,124.607
6644,864.4,177.296
6645,864.5,249.721
6646,864.6,348.2
6647,864.7,480.555
6648,864.8,656.87
6649,864.9,888.781
6650,865.0,1191.0
6651,865.1,1579.449
6652,865.2,2074.184
6653,865.3,2697.846
6654,865.4,3474.0
6655,865.5,4430.922
6656,865.6,5594.128
6657,865.7,6994.923
6658,865.8,8662.72
6659,865.9,10619.634
6660,866.0,12900.188
6661,866.1,15525.975
6662,866.2,18493.192
6663,866.3,21829.321
6664,866.4,25512.853
6665,866.5,29553.88
6666,866.6,33908.566
6667,866.7,38544.718
6668,866.8,43413.594
6669,866.9,48455.122
6670,867.0,53588.31
6671,867.1,58740.0
6672,867.2,63823.894
6673,867.3,68730.443
6674,867.4,73380.226
6675,867.5,77680.0
6676,867.6,81533.611
6677,867.7,84877.439
6678,867.8,87632.089
6679,867.9,89760.0
6680,868.0,91216.849
6681,868.1,91980.253
6682,868.2,92051.538
6683,868.3,91438.108
6684,868.4,90176.053
6685,868.5,88307.453
6686,868.6,85884.925
6687,868.7,82966.916
6688,868.8,79617.984
6689,868.9,75918.087
6690,869.0,71938.966
6691,869.1,67747.424
6692,869.2,63422.391
6693,869.3,59016.485
6694,869.4,54601.658
6695,869.5,50217.806
6696,869.6,45920.0
6697,869.7,41758.667
6698,869.8,37744.789
6699,869.9,33919.624
6700,870.0,30310.0
6701,870.1,26918.156
6702,870.2,23759.726
6703,870.3,20852.87
6704,870.4,18190.0
6705,870.5,15765.015
6706,870.6,13587.688
6707,870.7,11654.665
6708,870.8,9943.239
6709,870.9,8453.827
6710,871.0,7174.785
6711,871.1,6095.549
6712,871.2,5205.06
6713,871.3,4492.358
6714,871.4,3946.292
6715,871.5,3557.026
6716,871.6,3313.644
6717,871.7,3207.307
6718,871.8,3229.569
6719,871.9,3371.511
6720,872.0,3624.736
6721,872.1,3981.0
6722,872.2,4429.61
6723,872.3,4960.808
6724,872.4,5563.124
6725,872.5,6224.0
6726,872.6,6928.722
6727,872.7,7661.121
6728,872.8,8404.479
6729,872.9,9141.0
6730,873.0,9851.553
6731,873.1,10521.158
6732,873.2,11116.21
6733,873.3,11642.039
6734,873.4,12067.44
6735,873.5,12383.748
6736,873.6,12584.503
6737,873.7,12659.36
6738,873.8,12609.346
6739,873.9,12434.7
6740,874.0,12132.755
6741,874.1,11726.306
6742,874.2,11215.012
6743,874.3,10624.349
6744,874.4,9960.153
6745,874.5,9244.661
6746,874.6,8495.0
6747,874.7,7726.814
6748,874.8,6958.964
6749,874.9,6204.244
6750,875.0,5476.0
6751,875.1,4784.168
6752,875.2,4138.327
6753,875.3,3544.323
6754,875.4,3004.0
6755,875.5,2522.026
6756,875.6,2094.737
6757,875.7,1723.07
6758,875.8,1403.337
6759,875.9,1130.837
6760,876.0,902.689
6761,876.1,713.152
6762,876.2,557.745
6763,876.3,431.911
6764,876.4,331.011
6765,876.5,251.195
6766,876.6,188.727
6767,876.7,140.318
6768,876.8,103.345
6769,876.9,75.325
6770,877.0,54.355
6771,877.1,38.83
6772,877.2,27.457
6773,877.3,19.224
6774,877.4,13.326
6775,877.5,9.142
6776,877.6,6.21
6777,877.7,4.176
6778,877.8,2.78
6779,877.9,1.832
6780,878.0,1.195
6781,878.1,0.772
6782,878.2,0.494
6783,878.3,0.313
6784,878.4,0.196
6785,878.5,0.122
6786,878.6,0.075
6787,878.7,0.045
6788,878.8,0.027
6789,878.9,0.016
6790,879.0,0.01
6791,879.1,0.006
6792,879.2,0.003
6793,879.3,0.002
6794,879.4,0.001
6795,879.5,0.001
6796,879.6,0.0
6797,879.7,0.0
6798,879.8,0.0
6799,879.9,0.0
6800,880.0,0.0
6801,880.1,0.0
6802,880.2,0.0
6803,880.3,0.0
6804,880.4,0.0
6805,880.5,0.0
6806,880.6,0.0
6807,880.7,0.0
6808,880.8,0.0
6809,880.9,0.0
6810,881.0,0.0
6811,881.1,0.0
6812,881.2,0.0
6813,881.3,0.0
6814,881.4,0.0
6815,881.5,0.0
6816,881.6,0.0
6817,881.7,0.0
6818,881.8,0.0
6819,881.9,0.0
6820,882.0,0.0
6821,882.1,0.0
6822,882.2,0.0
6823,882.3,0.0
6824,882.4,0.0
6825,882.5,0.0
6826,882.6,0.0
6827,882.7,0.0
6828,882.8,0.0
6829,882.9,0.0
6830,883.0,0.0
6831,883.1,0.0
6832,883.2,0.0
6833,883.3,0.0
6834,883.4,0.0
6835,883.5,0.0
6836,883.6,0.0
6837,883.7,0.0
6838,883.8,0.0
6839,883.9,0.0
6840,884.0,0.0
6841,884.1,0.0
6842,884.2,0.0
6843,884.3,0.0
6844,884.4,0.0
6845,884.5,0.0
6846,884.6,0.0
6847,884.7,0.0
6848,884.8,0.0
6849,884.9,0.0
6850,885.0,0.0
6851,885.1,0.0
6852,885.2,0.0
6853,885.3,0.0
6854,885.4,0.0
6855,885.5,0.0
6856,885.6,0.0
6857,885.7,0.0
6858,885.8,0.0
6859,885.9,0.0
6860,886.0,0.0
6861,886.1,0.0
6862,886.2,0.0
6863,886.3,0.0
6864,886.4,0.0
6865,886.5,0.0
6866,886.6,0.0
6867,886.7,0.0
6868,886.8,0.0
6869,886.9,0.0
6870,887.0,0.0
6871,887.1,0.0
6872,887.2,0.0
6873,887.3,0.0
6874,887.4,0.0
6875,887.5,0.0
6876,887.6,0.0
6877,887.7,0.0
6878,887.8,0.0
6879,887.9,0.0
6880,888.0,0.0
6881,888.1,0.0
6882,888.2,0.0
6883,888.3,0.0
6884,888.4,0.0
6885,888.5,0.0
6886,888.6,0.001
6887,888.7,0.001
6888,888.8,0.001
6889,888.9,0.001
6890,889.0,0.002
6891,889.1,0.002
6892,889.2,0.003
6893,889.3,0.004
6894,889.4,0.005
6895,889.5,0.007
6896,889.6,0.008
6897,889.7,0.011
6898,889.8,0.013
6899,889.9,0.016
6900,890.0,0.019
6901,890.1,0.023
6902,890.2,0.028
6903,890.3,0.032
6904,890.4,0.038
6905,890.5,0.044
6906,890.6,0.05
6907,890.7,0.057
6908,890.8,0.063
6909,890.9,0.071
6910,891.0,0.078
6911,891.1,0.085
6912,891.2,0.091
6913,891.3,0.098
6914,891.4,0.103
6915,891.5,0.108
6916,891.6,0.113
6917,891.7,0.116
6918,891.8,0.118
6919,891.9,0.119
6920,892.0,0.119
6921,892.1,0.118
6922,892.2,0.115
6923,892.3,0.112
6924,892.4,0.107
6925,892.5,0.102
6926,892.6,0.096
6927,892.7,0.09
6928,892.8,0.083
6929,892.9,0.076
6930,893.0,0.069
6931,893.1,0.062
6932,893.2,0.055
6933,893.3,0.049
6934,893.4,0.042
6935,893.5,0.037
6936,893.6,0.031
6937,893.7,0.027
6938,893.8,0.022
6939,893.9,0.019
6940,894.0,0.015
6941,894.1,0.012
6942,894.2,0.01
6943,894.3,0.008
6944,894.4,0.006
6945,894.5,0.005
6946,894.6,0.004
6947,894.7,0.003
6948,894.8,0.002
6949,894.9,0.002
6950,895.0,0.001
6951,895.1,0.001
6952,895.2,0.001
6953,895.3,0.001
6954,895.4,0.0
6955,895.5,0.0
6956,895.6,0.0
6957,895.7,0.0
6958,895.8,0.0
6959,895.9,0.0
6960,896.0,0.0
6961,896.1,0.0
6962,896.2,0.0
6963,896.3,0.0
6964,896.4,0.0
6965,896.5,0.0
6966,896.6,0.0
6967,896.7,0.0
6968,896.8,0.0
6969,896.9,0.0
6970,897.0,0.0
6971,897.1,0.0
6972,897.2,0.0
6973,897.3,0.0
6974,897.4,0.0
6975,897.5,0.0
6976,897.6,0.0
6977,897.7,0.0
6978,897.8,0.0
6979,897.9,0.0
6980,898.0,0.0
6981,898.1,0.0
6982,898.2,0.0
6983,898.3,0.0
6984,898.4,0.0
6985,898.5,0.0
6986,898.6,0.0
6987,898.7,0.0
6988,898.8,0.0
6989,898.9,0.0
6990,899.0,0.0
6991,899.1,0.0
6992,899.2,0.0
6993,899.3,0.0
6994,899.4,0.0
6995,899.5,0.0
6996,899.6,0.0
6997,899.7,0.0
6998,899.8,0.0
6999,899.9,0.0
7000,900.0,0.0
7001,900.1,0.0
7002,900.2,0.0
7003,900.3,0.0
7004,900.4,0.0
7005,900.5,0.0
7006,900.6,0.0
7007,900.7,0.0
7008,900.8,0.0
7009,900.9,0.0
7010,901.0,0.0
7011,901.1,0.0
7012,901.2,0.0
7013,901.3,0.0
7014,901.4,0.0
7015,901.5,0.0
7016,901.6,0.0
7017,901.7,0.0
7018,901.8,0.0
7019,901.9,0.0
7020,902.0,0.0
7021,902.1,0.0
7022,902.2,0.0
7023,902.3,0.0
7024,902.4,0.0
7025,902.5,0.0
7026,902.6,0.0
7027,902.7,0.0
7028,902.8,0.0
7029,902.9,0.0
7030,903.0,0.0
7031,903.1,0.0
7032,903.2,0.0
7033,903.3,0.0
7034,903.4,0.0
7035,903.5,0.0
7036,903.6,0.0
7037,903.7,0.0
7038,903.8,0.0
7039,903.9,0.0
7040,904.0,0.0
7041,904.1,0.0
7042,904.2,0.0
7043,904.3,0.0
7044,904.4,0.0
7045,904.5,0.0
7046,904.6,0.0
7047,904.7,0.0
7048,904.8,0.0
7049,904.9,0.0
7050,905.0,0.0
7051,905.1,0.0
7052,905.2,0.0
7053,905.3,0.0
7054,905.4,0.0
7055,905.5,0.0
7056,905.6,0.0
7057,905.7,0.0
7058,905.8,0.0
7059,905.9,0.0
7060,906.0,0.0
7061,906.1,0.0
7062,906.2,0.0
7063,906.3,0.0
7064,906.4,0.0
7065,906.5,0.0
7066,906.6,0.0
7067,906.7,0.0
7068,906.8,0.0
7069,906.9,0.0
7070,907.0,0.0
7071,907.1,0.0
7072,907.2,0.0
7073,907.3,0.0
7074,907.4,0.0
7075,907.5,0.0
7076,907.6,0.0
7077,907.7,0.0
7078,907.8,0.0
7079,907.9,0.0
7080,908.0,0.0
7081,908.1,0.0
7082,908.2,0.0
7083,908.3,0.0
7084,908.4,0.0
7085,908.5,0.0
7086,908.6,0.0
7087,908.7,0.0
7088,908.8,0.0
7089,908.9,0.0
7090,909.0,0.0
7091,909.1,0.0
7092,909.2,0.0
7093,909.3,0.0
7094,909.4,0.0
7095,909.5,0.0
7096,909.6,0.0
7097,909.7,0.0
7098,909.8,0.0
7099,909.9,0.0
7100,910.0,0.0
7101,910.1,0.0
7102,910.2,0.0
7103,910.3,0.0
7104,910.4,0.0
7105,910.5,0.0
7106,910.6,0.0
7107,910.7,0.0
7108,910.8,0.0
7109,910.9,0.0
7110,911.0,0.0
7111,911.1,0.0
7112,911.2,0.0
7113,911.3,0.0
7114,911.4,0.0
7115,911.5,0.0
7116,911.6,0.0
7117,911.7,0.0
7118,911.8,0.0
7119,911.9,0.0
7120,912.0,0.0
7121,912.1,0.0
7122,912.2,0.0
7123,912.3,0.0
7124,912.4,0.0
7125,912.5,0.0
7126,912.6,0.0
7127,912.7,0.0
7128,912.8,0.0
7129,912.9,0.0
7130,913.0,0.0
7131,913.1,0.0
7132,913.2,0.0
7133,913.3,0.0
7134,913.4,0.0
7135,913.5,0.0
7136,913.6,0.0
7137,913.7,0.0
7138,913.8,0.0
7139,913.9,0.0
7140,914.0,0.0
7141,914.1,0.0
7142,914.2,0.0
7143,914.3,0.0
7144,914.4,0.0
7145,914.5,0.0
7146,914.6,0.0
7147,914.7,0.0
7148,914.8,0.0
7149,914.9,0.0
7150,915.0,0.0
7151,915.1,0.0
7152,915.2,0.0
7153,915.3,0.0
7154,915.4,0.0
7155,915.5,0.0
7156,915.6,0.0
7157,915.7,0.0
7158,915.8,0.0
7159,915.9,0.0
7160,916.0,0.0
7161,916.1,0.0
7162,916.2,0.0
7163,916.3,0.0
7164,916.4,0.0
7165,916.5,0.0
7166,916.6,0.0
7167,916.7,0.0
7168,916.8,0.0
7169,916.9,0.0
7170,917.0,0.0
7171,917.1,0.0
7172,917.2,0.0
7173,917.3,0.0
7174,917.4,0.0
7175,917.5,0.0
7176,917.6,0.0
7177,917.7,0.0
7178,917.8,0.0
7179,917.9,0.0
7180,918.0,0.0
7181,918.1,0.0
7182,918.2,0.0
7183,918.3,0.0
7184,918.4,0.0
7185,918.5,0.0
7186,918.6,0.0
7187,918.7,0.0
7188,918.8,0.0
7189,918.9,0.0
7190,919.0,0.0
7191,919.1,0.0
7192,919.2,0.0
7193,919.3,0.0
7194,919.4,0.0
7195,919.5,0.0
7196,919.6,0.0
7197,919.7,0.0
7198,919.8,0.0
7199,919.9,0.0
7200,920.0,0.0
7201,920.1,0.0
7202,920.2,0.0
7203,920.3,0.0
7204,920.4,0.0
7205,920.5,0.0
7206,920.6,0.0
7207,920.7,0.0
7208,920.8,0.0
7209,920.9,0.0
7210,921.0,0.0
7211,921.1,0.0
7212,921.2,0.0
7213,921.3,0.0
7214,921.4,0.0
7215,921.5,0.0
7216,921.6,0.0
7217,921.7,0.0
7218,921.8,0.0
7219,921.9,0.0
7220,922.0,0.0
7221,922.1,0.0
7222,922.2,0.0
7223,922.3,0.0
7224,922.4,0.0
7225,922.5,0.0
7226,922.6,0.0
7227,922.7,0.0
7228,922.8,0.0
7229,922.9,0.0
7230,923.0,0.0
7231,923.1,0.0
7232,923.2,0.0
7233,923.3,0.0
7234,923.4,0.0
7235,923.5,0.0
7236,923.6,0.0
7237,923.7,0.0
7238,923.8,0.0
7239,923.9,0.0
7240,924.0,0.0
7241,924.1,0.0
7242,924.2,0.0
7243,924.3,0.0
7244,924.4,0.0
7245,924.5,0.0
7246,924.6,0.0
7247,924.7,0.0
7248,924.8,0.0
7249,924.9,0.0
7250,925.0,0.0
7251,925.1,0.0
7252,925.2,0.0
7253,925.3,0.0
7254,925.4,0.0
7255,925.5,0.0
7256,925.6,0.0
7257,925.7,0.0
7258,925.8,0.0
7259,925.9,0.0
7260,926.0,0.0
7261,926.1,0.0
7262,926.2,0.0
7263,926.3,0.0
7264,926.4,0.0
7265,926.5,0.0
7266,926.6,0.0
7267,926.7,0.0
7268,926.8,0.0
7269,926.9,0.0
7270,927.0,0.0
7271,927.1,0.0
7272,927.2,0.0
7273,927.3,0.0
7274,927.4,0.0
7275,927.5,0.0
7276,927.6,0.0
7277,927.7,0.0
7278,927.8,0.0
7279,927.9,0.0
7280,928.0,0.0
7281,928.1,0.0
7282,928.2,0.0
7283,928.3,0.0
7284,928.4,0.0
7285,928.5,0.0
7286,928.6,0.0
7287,928.7,0.0
7288,928.8,0.0
7289,928.9,0.0
7290,929.0,0.0
7291,929.1,0.0
7292,929.2,0.0
7293,929.3,0.0
7294,929.4,0.0
7295,929.5,0.0
7296,929.6,0.0
7297,929.7,0.0
7298,929.8,0.0
7299,929.9,0.0
7300,930.0,0.0
7301,930.1,0.0
7302,930.2,0.0
7303,930.3,0.0
7304,930.4,0.0
7305,930.5,0.0
7306,930.6,0.0
7307,930.7,0.0
7308,930.8,0.0
7309,930.9,0.0
7310,931.0,0.0
7311,931.1,0.0
7312,931.2,0.0
7313,931.3,0.0
7314,931.4,0.0
7315,931.5,0.0
7316,931.6,0.0
7317,931.7,0.0
7318,931.8,0.0
7319,931.9,0.0
7320,932.0,0.0
7321,932.1,0.0
7322,932.2,0.0
7323,932.3,0.0
7324,932.4,0.0
7325,932.5,0.0
7326,932.6,0.0
7327,932.7,0.0
7328,932.8,0.0
7329,932.9,0.0
7330,933.0,0.0
7331,933.1,0.0
7332,933.2,0.0
7333,933.3,0.0
7334,933.4,0.0
7335,933.5,0.0
7336,933.6,0.0
7337,933.7,0.0
7338,933.8,0.0
7339,933.9,0.0
7340,934.0,0.0
7341,934.1,0.0
7342,934.2,0.0
7343,934.3,0.0
7344,934.4,0.0
7345,934.5,0.0
7346,934.6,0.0
7347,934.7,0.0
7348,934.8,0.0
7349,934.9,0.0
7350,935.0,0.0
7351,935.1,0.0
7352,935.2,0.0
7353,935.3,0.0
7354,935.4,0.0
7355,935.5,0.0
7356,935.6,0.0
7357,935.7,0.0
7358,935.8,0.0
7359,935.9,0.0
7360,936.0,0.0
7361,936.1,0.0
7362,936.2,0.0
7363,936.3,0.0
7364,936.4,0.0
7365,936.5,0.0
7366,936.6,0.0
7367,936.7,0.0
7368,936.8,0.0
7369,936.9,0.0
7370,937.0,0.0
7371,937.1,0.0
7372,937.2,0.0
7373,937.3,0.0
7374,937.4,0.0
7375,937.5,0.0
7376,937.6,0.0
7377,937.7,0.0
7378,937.8,0.0
7379,937.9,0.0
7380,938.0,0.0
7381,938.1,0.0
7382,938.2,0.0
7383,938.3,0.0
7384,938.4,0.0
7385,938.5,0.0
7386,938.6,0.0
7387,938.7,0.0
7388,938.8,0.0
7389,938.9,0.0
7390,939.0,0.0
7391,939.1,0.0
7392,939.2,0.0
7393,939.3,0.0
7394,939.4,0.0
7395,939.5,0.0
7396,939.6,0.0
7397,939.7,0.0
7398,939.8,0.0
7399,939.9,0.0
7400,940.0,0.0
7401,940.1,0.0
7402,940.2,0.0
7403,940.3,0.0
7404,940.4,0.0
7405,940.5,0.0
7406,940.6,0.0
7407,940.7,0.0
7408,940.8,0.0
7409,940.9,0.0
7410,941.0,0.0
7411,941.1,0.0
7412,941.2,0.0
7413,941.3,0.0
7414,941.4,0.0
7415,941.5,0.0
7416,941.6,0.0
7417,941.7,0.0
7418,941.8,0.0
7419,941.9,0.0
7420,942.0,0.0
7421,942.1,0.0
7422,942.2,0.0
7423,942.3,0.0
7424,942.4,0.0
7425,942.5,0.0
7426,942.6,0.0
7427,942.7,0.0
7428,942.8,0.0
7429,942.9,0.0
7430,943.0,0.0
7431,943.1,0.0
7432,943.2,0.0
7433,943.3,0.0
7434,943.4,0.0
7435,943.5,0.0
7436,943.6,0.0
7437,943.7,0.0
7438,943.8,0.0
7439,943.9,0.0
7440,944.0,0.0
7441,944.1,0.0
7442,944.2,0.0
7443,944.3,0.0
7444,944.4,0.0
7445,944.5,0.0
7446,944.6,0.0
7447,944.7,0.0
7448,944.8,0.0
7449,944.9,0.0
7450,945.0,0.0
7451,945.1,0.0
7452,945.2,0.0
7453,945.3,0.0
7454,945.4,0.0
7455,945.5,0.0
7456,945.6,0.0
7457,945.7,0.0
7458,945.8,0.0
7459,945.9,0.0
7460,946.0,0.0
7461,946.1,0.0
7462,946.2,0.0
7463,946.3,0.0
7464,946.4,0.0
7465,946.5,0.0
7466,946.6,0.0
7467,946.7,0.0
7468,946.8,0.0
7469,946.9,0.0
7470,947.0,0.0
7471,947.1,0.0
7472,947.2,0.0
7473,947.3,0.0
7474,947.4,0.0
7475,947.5,0.0
7476,947.6,0.0
7477,947.7,0.0
7478,947.8,0.0
7479,947.9,0.0
7480,948.0,0.0
7481,948.1,0.0
7482,948.2,0.0
7483,948.3,0.0
7484,948.4,0.0
7485,948.5,0.0
7486,948.6,0.0
7487,948.7,0.0
7488,948.8,0.0
7489,948.9,0.0
7490,949.0,0.0
7491,949.1,0.0
7492,949.2,0.0
7493,949.3,0.0
7494,949.4,0.0
7495,949.5,0.0
7496,949.6,0.0
7497,949.7,0.0
7498,949.8,0.0
7499,949.9,0.0
7500,950.0,0.0
7501,950.1,0.0
7502,950.2,0.0
7503,950.3,0.0
7504,950.4,0.0
7505,950.5,0.0
7506,950.6,0.0
7507,950.7,0.0
7508,950.8,0.0
7509,950.9,0.0
7510,951.0,0.0
7511,951.1,0.0
7512,951.2,0.0
7513,951.3,0.0
7514,951.4,0.0
7515,951.5,0.0
7516,951.6,0.0
7517,951.7,0.0
7518,951.8,0.0
7519,951.9,0.0
7520,952.0,0.0
7521,952.1,0.0
7522,952.2,0.0
7523,952.3,0.0
7524,952.4,0.0
7525,952.5,0.0
7526,952.6,0.0
7527,952.7,0.0
7528,952.8,0.0
7529,952.9,0.0
7530,953.0,0.0
7531,953.1,0.0
7532,953.2,0.0
7533,953.3,0.0
7534,953.4,0.0
7535,953.5,0.0
7536,953.6,0.0
7537,953.7,0.0
7538,953.8,0.0
7539,953.9,0.0
7540,954.0,0.0
7541,954.1,0.0
7542,954.2,0.0
7543,954.3,0.0
7544,954.4,0.0
7545,954.5,0.0
7546,954.6,0.0
7547,954.7,0.0
7548,954.8,0.0
7549,954.9,0.0
7550,955.0,0.0
7551,955.1,0.0
7552,955.2,0.0
7553,955.3,0.0
7554,955.4,0.0
7555,955.5,0.0
7556,955.6,0.0
7557,955.7,0.0
7558,955.8,0.0
7559,955.9,0.0
7560,956.0,0.0
7561,956.1,0.0
7562,956.2,0.0
7563,956.3,0.0
7564,956.4,0.0
7565,956.5,0.0
7566,956.6,0.0
7567,956.7,0.0
7568,956.8,0.0
7569,956.9,0.0
7570,957.0,0.0
7571,957.1,0.0
7572,957.2,0.0
7573,957.3,0.0
7574,957.4,0.0
7575,957.5,0.0
7576,957.6,0.0
7577,957.7,0.0
7578,957.8,0.0
7579,957.9,0.0
7580,958.0,0.0
7581,958.1,0.0
7582,958.2,0.0
7583,958.3,0.0
7584,958.4,0.0
7585,958.5,0.0
7586,958.6,0.0
7587,958.7,0.0
7588,958.8,0.0
7589,958.9,0.0
7590,959.0,0.0
7591,959.1,0.0
7592,959.2,0.0
7593,959.3,0.0
7594,959.4,0.0
7595,959.5,0.0
7596,959.6,0.0
7597,959.7,0.0
7598,959.8,0.0
7599,959.9,0.0
7600,960.0,0.0
7601,960.1,0.0
7602,960.2,0.0
7603,960.3,0.0
7604,960.4,0.0
7605,960.5,0.0
7606,960.6,0.0
7607,960.7,0.0
7608,960.8,0.0
7609,960.9,0.0
7610,961.0,0.0
7611,961.1,0.0
7612,961.2,0.0
7613,961.3,0.0
7614,961.4,0.0
7615,961.5,0.0
7616,961.6,0.0
7617,961.7,0.0
7618,961.8,0.0
7619,961.9,0.0
7620,962.0,0.0
7621,962.1,0.0
7622,962.2,0.0
7623,962.3,0.0
7624,962.4,0.0
7625,962.5,0.0
7626,962.6,0.0
7627,962.7,0.0
7628,962.8,0.0
7629,962.9,0.0
7630,963.0,0.0
7631,963.1,0.0
7632,963.2,0.0
7633,963.3,0.0
7634,963.4,0.0
7635,963.5,0.0
7636,963.6,0.0
7637,963.7,0.0
7638,963.8,0.0
7639,963.9,0.0
7640,964.0,0.0
7641,964.1,0.0
7642,964.2,0.0
7643,964.3,0.0
7644,964.4,0.0
7645,964.5,0.0
7646,964.6,0.0
7647,964.7,0.0
7648,964.8,0.0
7649,964.9,0.0
7650,965.0,0.0
7651,965.1,0.0
7652,965.2,0.0
7653,965.3,0.0
7654,965.4,0.0
7655,965.5,0.0
7656,965.6,0.0
7657,965.7,0.0
7658,965.8,0.0
7659,965.9,0.0
7660,966.0,0.0
7661,966.1,0.0
7662,966.2,0.0
7663,966.3,0.0
7664,966.4,0.0
7665,966.5,0.0
7666,966.6,0.0
7667,966.7,0.0
7668,966.8,0.0
7669,966.9,0.0
7670,967.0,0.0
7671,967.1,0.0
7672,967.2,0.0
7673,967.3,0.0
7674,967.4,0.0
7675,967.5,0.0
7676,967.6,0.0
7677,967.7,0.0
7678,967.8,0.0
7679,967.9,0.0
7680,968.0,0.0
7681,968.1,0.0
7682,968.2,0.0
7683,968.3,0.0
7684,968.4,0.0
7685,968.5,0.0
7686,968.6,0.0
7687,968.7,0.0
7688,968.8,0.0
7689,968.9,0.0
7690,969.0,0.0
7691,969.1,0.0
7692,969.2,0.0
7693,969.3,0.0
7694,969.4,0.0
7695,969.5,0.0
7696,969.6,0.0
7697,969.7,0.0
7698,969.8,0.0
7699,969.9,0.0
7700,970.0,0.0
7701,970.1,0.0
7702,970.2,0.0
7703,970.3,0.0
7704,970.4,0.0
7705,970.5,0.0
7706,970.6,0.0
7707,970.7,0.0
7708,970.8,0.0
7709,970.9,0.0
7710,971.0,0.0
7711,971.1,0.0
7712,971.2,0.0
7713,971.3,0.0
7714,971.4,0.0
7715,971.5,0.0
7716,971.6,0.0
7717,971.7,0.0
7718,971.8,0.0
7719,971.9,0.0
7720,972.0,0.0
7721,972.1,0.0
7722,972.2,0.0
7723,972.3,0.0
7724,972.4,0.0
7725,972.5,0.0
7726,972.6,0.0
7727,972.7,0.0
7728,972.8,0.0
7729,972.9,0.0
7730,973.0,0.0
7731,973.1,0.0
7732,973.2,0.0
7733,973.3,0.0
7734,973.4,0.0
7735,973.5,0.0
7736,973.6,0.0
7737,973.7,0.0
7738,973.8,0.0
7739,973.9,0.0
7740,974.0,0.0
7741,974.1,0.0
7742,974.2,0.0
7743,974.3,0.0
7744,974.4,0.0
7745,974.5,0.0
7746,974.6,0.0
7747,974.7,0.0
7748,974.8,0.0
7749,974.9,0.0
7750,975.0,0.0
7751,975.1,0.0
7752,975.2,0.0
7753,975.3,0.0
7754,975.4,0.0
7755,975.5,0.0
7756,975.6,0.0
7757,975.7,0.0
7758,975.8,0.0
7759,975.9,0.0
7760,976.0,0.0
7761,976.1,0.0
7762,976.2,0.0
7763,976.3,0.0
7764,976.4,0.0
7765,976.5,0.0
7766,976.6,0.0
7767,976.7,0.0
7768,976.8,0.0
7769,976.9,0.0
7770,977.0,0.0
7771,977.1,0.0
7772,977.2,0.0
7773,977.3,0.0
7774,977.4,0.0
7775,977.5,0.0
7776,977.6,0.0
7777,977.7,0.0
7778,977.8,0.0
7779,977.9,0.0
7780,978.0,0.0
7781,978.1,0.0
7782,978.2,0.0
7783,978.3,0.0
7784,978.4,0.0
7785,978.5,0.0
7786,978.6,0.0
7787,978.7,0.0
7788,978.8,0.0
7789,978.9,0.0
7790,979.0,0.0
7791,979.1,0.0
7792,979.2,0.0
7793,979.3,0.0
7794,979.4,0.0
7795,979.5,0.0
7796,979.6,0.0
7797,979.7,0.0
7798,979.8,0.0
7799,979.9,0.0
7800,980.0,0.0
7801,980.1,0.0
7802,980.2,0.0
7803,980.3,0.0
7804,980.4,0.0
7805,980.5,0.0
7806,980.6,0.0
7807,980.7,0.0
7808,980.8,0.0
7809,980.9,0.0
7810,981.0,0.0
7811,981.1,0.0
7812,981.2,0.0
7813,981.3,0.0
7814,981.4,0.0
7815,981.5,0.0
7816,981.6,0.0
7817,981.7,0.0
7818,981.8,0.0
7819,981.9,0.0
7820,982.0,0.0
7821,982.1,0.0
7822,982.2,0.0
7823,982.3,0.0
7824,982.4,0.0
7825,982.5,0.0
7826,982.6,0.0
7827,982.7,0.0
7828,982.8,0.0
7829,982.9,0.0
7830,983.0,0.0
7831,983.1,0.0
7832,983.2,0.0
7833,983.3,0.0
7834,983.4,0.0
7835,983.5,0.0
7836,983.6,0.0
7837,983.7,0.0
7838,983.8,0.0
7839,983.9,0.0
7840,984.0,0.0
7841,984.1,0.0
7842,984.2,0.0
7843,984.3,0.0
7844,984.4,0.0
7845,984.5,0.0
7846,984.6,0.0
7847,984.7,0.0
7848,984.8,0.0
7849,984.9,0.0
7850,985.0,0.0
7851,985.1,0.0
7852,985.2,0.0
7853,985.3,0.0
7854,985.4,0.0
7855,985.5,0.0
7856,985.6,0.0
7857,985.7,0.0
7858,985.8,0.0
7859,985.9,0.0
7860,986.0,0.0
7861,986.1,0.0
7862,986.2,0.0
7863,986.3,0.0
7864,986.4,0.0
7865,986.5,0.0
7866,986.6,0.0
7867,986.7,0.0
7868,986.8,0.0
7869,986.9,0.0
7870,987.0,0.0
7871,987.1,0.0
7872,987.2,0.0
7873,987.3,0.0
7874,987.4,0.0
7875,987.5,0.0
7876,987.6,0.0
7877,987.7,0.0
7878,987.8,0.0
7879,987.9,0.0
7880,988.0,0.0
7881,988.1,0.0
7882,988.2,0.0
7883,988.3,0.0
7884,988.4,0.0
7885,988.5,0.0
7886,988.6,0.0
7887,988.7,0.0
7888,988.8,0.0
7889,988.9,0.0
7890,989.0,0.0
7891,989.1,0.0
7892,989.2,0.0
7893,989.3,0.0
7894,989.4,0.0
7895,989.5,0.0
7896,989.6,0.0
7897,989.7,0.0
7898,989.8,0.0
7899,989.9,0.0
7900,990.0,0.0
7901,990.1,0.0
7902,990.2,0.0
7903,990.3,0.0
7904,990.4,0.0
7905,990.5,0.0
7906,990.6,0.0
7907,990.7,0.0
7908,990.8,0.0
7909,990.9,0.0
7910,991.0,0.0
7911,991.1,0.0
7912,991.2,0.0
7913,991.3,0.0
7914,991.4,0.0
7915,991.5,0.0
7916,991.6,0.0
7917,991.7,0.0
7918,991.8,0.0
7919,991.9,0.0
7920,992.0,0.0
7921,992.1,0.0
7922,992.2,0.0
7923,992.3,0.0
7924,992.4,0.0
7925,992.5,0.0
7926,992.6,0.0
7927,992.7,0.0
7928,992.8,0.0
7929,992.9,0.0
7930,993.0,0.0
7931,993.1,0.0
7932,993.2,0.0
7933,993.3,0.0
7934,993.4,0.0
7935,993.5,0.0
7936,993.6,0.0
7937,993.7,0.0
7938,993.8,0.0
7939,993.9,0.0
7940,994.0,0.0
7941,994.1,0.0
7942,994.2,0.0
7943,994.3,0.0
7944,994.4,0.0
7945,994.5,0.0
7946,994.6,0.0
7947,994.7,0.0
7948,994.8,0.0
7949,994.9,0.0
7950,995.0,0.0
7951,995.1,0.0
7952,995.2,0.0
7953,995.3,0.0
7954,995.4,0.0
7955,995.5,0.0
7956,995.6,0.0
7957,995.7,0.0
7958,995.8,0.0
7959,995.9,0.0
7960,996.0,0.0
7961,996.1,0.0
7962,996.2,0.0
7963,996.3,0.0
7964,996.4,0.0
7965,996.5,0.0
7966,996.6,0.0
7967,996.7,0.0
7968,996.8,0.0
7969,996.9,0.0
7970,997.0,0.0
7971,997.1,0.0
7972,997.2,0.0
7973,997.3,0.0
7974,997.4,0.0
7975,997.5,0.0
7976,997.6,0.0
7977,997.7,0.0
7978,997.8,0.0
7979,997.9,0.0
7980,998.0,0.0
7981,998.1,0.0
7982,998.2,0.0
7983,998.3,0.0
7984,998.4,0.0
7985,998.5,0.0
7986,998.6,0.0
7987,998.7,0.0
7988,998.8,0.0
7989,998.9,0.0
7990,999.0,0.0
7991,999.1,0.0
7992,999.2,0.0
7993,999.3,0.0
7994,999.4,0.0
7995,999.5,0.0
7996,999.6,0.0
7997,999.7,0.0
7998,999.8,0.0
7999,999.9,0.0
