,wavelength,intensity
0,200.0,47070000.0
1,200.1,59089229.51
2,200.2,70880000.0
3,200.3,82030000.0
4,200.4,91548639.37
5,200.5,98890000.0
6,200.6,103800000.0
7,200.7,106613430.723
8,200.8,108000000.0
9,200.9,108700000.0
10,201.0,109429536.843
11,201.1,110500000.0
12,201.2,112000000.0
13,201.3,113481890.338
14,201.4,114100000.0
15,201.5,113053189.117
16,201.6,110000000.0
17,201.7,104800000.0
18,201.8,97739472.796
19,201.9,89520000.0
20,202.0,80910000.0
21,202.1,72536139.228
22,202.2,64690000.0
23,202.3,57500000.0
24,202.4,50775685.24
25,202.5,44300000.0
26,202.6,37913433.819
27,202.7,31630000.0
28,202.8,25540000.0
29,202.9,19858997.894
30,203.0,14810000.0
31,203.1,10580000.0
32,203.2,7221033.532
33,203.3,4690000.0
34,203.4,2907000.0
35,203.5,1716271.847
36,203.6,965000.0
37,203.7,515695.098
38,203.8,268800.0
39,203.9,142200.0
40,204.0,90924.672
41,204.1,99190.0
42,204.2,161600.0
43,204.3,298189.82
44,204.4,554500.0
45,204.5,987600.0
46,204.6,1682546.296
47,204.7,2740000.0
48,204.8,4263000.0
49,204.9,6341390.261
50,205.0,9011000.0
51,205.1,12261246.951
52,205.2,15950000.0
53,205.3,19880000.0
54,205.4,23764198.233
55,205.5,27290000.0
56,205.6,30160000.0
57,205.7,32180200.659
58,205.8,33330000.0
59,205.9,33670000.0
60,206.0,33432661.976
61,206.1,32910000.0
62,206.2,32390000.0
63,206.3,32092309.973
64,206.4,32090000.0
65,206.5,32399649.305
66,206.6,32950000.0
67,206.7,33650000.0
68,206.8,34439564.294
69,206.9,35350000.0
70,207.0,36450000.0
71,207.1,37844847.258
72,207.2,39560000.0
73,207.3,41560000.0
74,207.4,43631818.212
75,207.5,45410000.0
76,207.6,46505481.874
77,207.7,46550000.0
78,207.8,45230000.0
79,207.9,42484479.373
80,208.0,38520000.0
81,208.1,33650000.0
82,208.2,28383948.401
83,208.3,23230000.0
84,208.4,18660000.0
85,208.5,15015470.845
86,208.6,12460000.0
87,208.7,11092721.469
88,208.8,10910000.0
89,208.9,11880000.0
90,209.0,13986080.568
91,209.1,17310000.0
92,209.2,21980000.0
93,209.3,28186527.338
94,209.4,36050000.0
95,209.5,45640000.0
96,209.6,56833843.165
97,209.7,69160000.0
98,209.8,81980000.0
99,209.9,94299291.715
100,210.0,105000000.0
101,210.1,113000405.202
102,210.2,117400000.0
103,210.3,117500000.0
104,210.4,113344148.262
105,210.5,105600000.0
106,210.6,95150000.0
107,210.7,83278892.854
108,210.8,71410000.0
109,210.9,60920000.0
110,211.0,52849940.974
111,211.1,47750000.0
112,211.2,45950000.0
113,211.3,47263942.238
114,211.4,51120000.0
115,211.5,56828202.491
116,211.6,63500000.0
117,211.7,70210000.0
118,211.8,76158933.888
119,211.9,80860000.0
120,212.0,83990000.0
121,212.1,85691522.775
122,212.2,86640000.0
123,212.3,87720000.0
124,212.4,90267169.119
125,212.5,95950000.0
126,212.6,106466751.655
127,212.7,123400000.0
128,212.8,148300000.0
129,212.9,182497971.93
130,213.0,226500000.0
131,213.1,280400000.0
132,213.2,343270563.271
133,213.3,413199999.999
134,213.4,487799999.999
135,213.5,563383258.782
136,213.6,635299999.999
137,213.7,698711064.489
138,213.8,748700000.0
139,213.9,780500000.0
140,214.0,790615328.894
141,214.1,778100000.0
142,214.2,743200000.0
143,214.3,688951533.37
144,214.4,620600000.001
145,214.5,544000000.001
146,214.6,465495938.328
147,214.7,390300000.001
148,214.8,322800000.001
149,214.9,265060510.706
150,215.0,217200000.0
151,215.1,178681173.353
152,215.2,147800000.0
153,215.3,122600000.0
154,215.4,101433558.776
155,215.5,83300000.0
156,215.6,67470000.0
157,215.7,53713987.68
158,215.8,42010000.0
159,215.9,32350000.0
160,216.0,24665750.258
161,216.1,18770000.0
162,216.2,14420000.0
163,216.3,11276891.312
164,216.4,9034000.0
165,216.5,7419625.399
166,216.6,6242000.0
167,216.7,5346000.0
168,216.8,4648192.257
169,216.9,4102000.0
170,217.0,3671000.0
171,217.1,3341104.579
172,217.2,3111000.0
173,217.3,2986000.0
174,217.4,2996553.714
175,217.5,3203000.0
176,217.6,3677334.452
177,217.7,4513000.0
178,217.8,5810000.0
179,217.9,7655833.07
180,218.0,10070000.0
181,218.1,13040000.0
182,218.2,16469828.128
183,218.3,20150000.0
184,218.4,23830000.0
185,218.5,27200252.922
186,218.6,29960000.0
187,218.7,31847258.951
188,218.8,32730000.0
189,218.9,32540000.0
190,219.0,31352897.457
191,219.1,29350000.0
192,219.2,26750000.0
193,219.3,23831401.637
194,219.4,20830000.0
195,219.5,17950000.0
196,219.6,15318827.911
197,219.7,13000000.0
198,219.8,11030000.0
199,219.9,9389305.989
200,220.0,8061000.0
201,220.1,7034268.089
202,220.2,6305000.0
203,220.3,5874000.0
204,220.4,5750017.062
205,220.5,5925000.0
206,220.6,6380000.0
207,220.7,7067371.372
208,220.8,7913000.0
209,220.9,8834000.0
210,221.0,9736864.21
211,221.1,10540000.0
212,221.2,11170000.0
213,221.3,11578148.885
214,221.4,11750000.0
215,221.5,11683974.989
216,221.6,11400000.0
217,221.7,10930000.0
218,221.8,10332114.409
219,221.9,9670000.0
220,222.0,9011000.0
221,222.1,8436048.343
222,222.2,8021000.0
223,222.3,7835000.0
224,222.4,7918634.913
225,222.5,8265000.0
226,222.6,8841897.578
227,222.7,9559000.0
228,222.8,10300000.0
229,222.9,10914818.982
230,223.0,11290000.0
231,223.1,11330000.0
232,223.2,10980046.641
233,223.3,10260000.0
234,223.4,9220000.0
235,223.5,7963153.956
236,223.6,6608000.0
237,223.7,5267128.015
238,223.8,4027000.0
239,223.9,2958000.0
240,224.0,2087123.317
241,224.1,1411000.0
242,224.2,916300.0
243,224.3,571370.897
244,224.4,342600.0
245,224.5,198000.0
246,224.6,111146.835
247,224.7,63970.0
248,224.8,41860.0
249,224.9,37512.538
250,225.0,48780.0
251,225.1,75450.168
252,225.2,121500.0
253,225.3,192400.0
254,225.4,295103.327
255,225.5,435800.0
256,225.6,620000.0
257,225.7,850011.399
258,225.8,1121000.0
259,225.9,1425000.0
260,226.0,1747823.352
261,226.1,2072000.0
262,226.2,2380000.0
263,226.3,2659625.552
264,226.4,2914000.0
265,226.5,3156550.648
266,226.6,3427000.0
267,226.7,3777000.0
268,226.8,4278586.953
269,226.9,5005000.0
270,227.0,6027000.0
271,227.1,7398422.119
272,227.2,9127000.0
273,227.3,11200000.0
274,227.4,13553705.892
275,227.5,16060000.0
276,227.6,18572891.936
277,227.7,20930000.0
278,227.8,22960000.0
279,227.9,24495811.627
280,228.0,25460000.0
281,228.1,25810000.0
282,228.2,25569688.279
283,228.3,24860000.0
284,228.4,23840000.0
285,228.5,22726856.698
286,228.6,21720000.0
287,228.7,20995449.635
288,228.8,20670000.0
289,228.9,20820000.0
290,229.0,21409757.054
291,229.1,22340000.0
292,229.2,23490000.0
293,229.3,24694534.7
294,229.4,25790000.0
295,229.5,26630000.0
296,229.6,27131780.801
297,229.7,27260000.0
298,229.8,27000000.0
299,229.9,26386817.708
300,230.0,25470000.0
301,230.1,24297666.2
302,230.2,22910000.0
303,230.3,21340000.0
304,230.4,19605288.449
305,230.5,17740000.0
306,230.6,15780000.0
307,230.7,13754304.756
308,230.8,11720000.0
309,230.9,9744000.0
310,231.0,7895560.271
311,231.1,6225000.0
312,231.2,4774000.0
313,231.3,3565629.437
314,231.4,2600000.0
315,231.5,1869481.361
316,231.6,1355000.0
317,231.7,1035000.0
318,231.8,893707.4
319,231.9,932800.0
320,232.0,1163000.0
321,232.1,1620158.346
322,232.2,2369000.0
323,232.3,3486000.0
324,232.4,5072071.958
325,232.5,7240000.0
326,232.6,10099266.264
327,232.7,13740000.0
328,232.8,18230000.0
329,232.9,23554392.864
330,233.0,29630000.0
331,233.1,36330000.0
332,233.2,43401323.132
333,233.3,50550000.0
334,233.4,57470000.0
335,233.5,63833615.69
336,233.6,69370000.0
337,233.7,73849399.027
338,233.8,77140000.0
339,233.9,79160000.0
340,234.0,79941581.505
341,234.1,79590000.0
342,234.2,78250000.0
343,234.3,76178864.296
344,234.4,73670000.0
345,234.5,71030000.0
346,234.6,68582065.081
347,234.7,66550000.0
348,234.8,65100000.0
349,234.9,64243144.464
350,235.0,63820000.0
351,235.1,63615179.868
352,235.2,63330000.0
353,235.3,62650000.0
354,235.4,61314222.223
355,235.5,59200000.0
356,235.6,56250000.0
357,235.7,52544014.585
358,235.8,48230000.0
359,235.9,43480000.0
360,236.0,38514253.843
361,236.1,33520000.0
362,236.2,28670000.0
363,236.3,24121919.985
364,236.4,20010000.0
365,236.5,16459409.753
366,236.6,13580000.0
367,236.7,11480000.0
368,236.8,10275386.18
369,236.9,10080000.0
370,237.0,11010000.0
371,237.1,13184076.039
372,237.2,16680000.0
373,237.3,21550000.0
374,237.4,27759042.428
375,237.5,35140000.0
376,237.6,43448647.737
377,237.7,52250000.0
378,237.8,61030000.0
379,237.9,69162037.103
380,238.0,76040000.0
381,238.1,81090000.0
382,238.2,83875427.363
383,238.3,84220000.0
384,238.4,82070000.0
385,238.5,77657087.028
386,238.6,71420000.0
387,238.7,63853293.384
388,238.8,55530000.0
389,238.9,47030000.0
390,239.0,38844300.456
391,239.1,31300000.0
392,239.2,24660000.0
393,239.3,19052113.674
394,239.4,14460000.0
395,239.5,10830000.0
396,239.6,8068461.494
397,239.7,6040000.0
398,239.8,4604000.0
399,239.9,3636164.474
400,240.0,3029000.0
401,240.1,2684620.869
402,240.2,2530000.0
403,240.3,2502000.0
404,240.4,2555460.036
405,240.5,2662000.0
406,240.6,2799000.0
407,240.7,2955384.681
408,240.8,3129000.0
409,240.9,3320000.0
410,241.0,3531252.526
411,241.1,3766000.0
412,241.2,4027000.0
413,241.3,4314404.468
414,241.4,4624000.0
415,241.5,4949714.169
416,241.6,5282000.0
417,241.7,5609000.0
418,241.8,5913564.083
419,241.9,6179000.0
420,242.0,6389000.0
421,242.1,6529779.118
422,242.2,6599000.0
423,242.3,6601000.0
424,242.4,6561012.239
425,242.5,6531000.0
426,242.6,6578699.658
427,242.7,6812000.0
428,242.8,7356000.0
429,242.9,8363809.433
430,243.0,9993000.0
431,243.1,12400000.0
432,243.2,15719971.557
433,243.3,20010000.0
434,243.4,25290000.0
435,243.5,31486624.709
436,243.6,38420000.0
437,243.7,45873218.599
438,243.8,53570000.0
439,243.9,61230000.0
440,244.0,68630801.293
441,244.1,75620000.0
442,244.2,82090000.0
443,244.3,88050451.443
444,244.4,93530000.0
445,244.5,98540000.0
446,244.6,103027446.077
447,244.7,106900000.0
448,244.8,110000000.0
449,244.9,111977462.749
450,245.0,112600000.0
451,245.1,111700970.442
452,245.2,109200000.0
453,245.3,105100000.0
454,245.4,99662784.554
455,245.5,93260000.0
456,245.6,86300000.0
457,245.7,79258440.139
458,245.8,72510000.0
459,245.9,66370000.0
460,246.0,61010537.596
461,246.1,56450000.0
462,246.2,52650000.0
463,246.3,49477392.599
464,246.4,46800000.0
465,246.5,44523663.455
466,246.6,42680000.0
467,246.7,41360000.0
468,246.8,40791402.436
469,246.9,41330000.0
470,247.0,43360000.0
471,247.1,47245574.3
472,247.2,53220000.0
473,247.3,61430000.0
474,247.4,71743749.219
475,247.5,83710000.0
476,247.6,96719822.987
477,247.7,109800000.0
478,247.8,121900000.0
479,247.9,132025422.63
480,248.0,139200000.0
481,248.1,142600000.0
482,248.2,142025477.774
483,248.3,137500000.0
484,248.4,129200000.0
485,248.5,117869482.873
486,248.6,104500000.0
487,248.7,90089647.059
488,248.8,75550000.0
489,248.9,61750000.0
490,249.0,49408615.913
491,249.1,38960000.0
492,249.2,30720000.0
493,249.3,24775149.586
494,249.4,21080000.0
495,249.5,19540000.0
496,249.6,19946202.673
497,249.7,22070000.0
498,249.8,25670000.0
499,249.9,30443491.839
500,250.0,36070000.0
501,250.1,42231203.899
502,250.2,48620000.0
503,250.3,54940000.0
504,250.4,60968641.356
505,250.5,66660000.0
506,250.6,72040000.0
507,250.7,77306487.124
508,250.8,82900000.0
509,250.9,89360000.0
510,251.0,97444409.064
511,251.1,108100000.0
512,251.2,122400000.0
513,251.3,141809353.373
514,251.4,167999999.999
515,251.5,202756805.364
516,251.6,248199999.998
517,251.7,306499999.998
518,251.8,379470106.966
519,251.9,467999999.997
520,252.0,572499999.997
521,252.1,691867352.64
522,252.2,822799999.996
523,252.3,960999999.996
524,252.4,1099961359.012
525,252.5,1231999999.996
526,252.6,1349401767.369
527,252.7,1444999999.998
528,252.8,1511999999.998
529,252.9,1545294548.744
530,253.0,1543000000.001
531,253.1,1505000000.002
532,253.2,1435288738.166
533,253.3,1339000000.003
534,253.4,1222000000.004
535,253.5,1092568392.796
536,253.6,958100000.004
537,253.7,825299699.495
538,253.8,699700000.004
539,253.9,586200000.003
540,254.0,488011265.202
541,254.1,406700000.002
542,254.2,343200000.002
543,254.3,297074911.105
544,254.4,267000000.001
545,254.5,251400000.0
546,254.6,248212356.917
547,254.7,255000000.0
548,254.8,269199999.999
549,254.9,288091621.114
550,255.0,309199999.999
551,255.1,330179869.311
552,255.2,348899999.999
553,255.3,363400000.0
554,255.4,372339711.183
555,255.5,375100000.0
556,255.6,371300000.0
557,255.7,361123154.034
558,255.8,345700000.001
559,255.9,326400000.001
560,256.0,304744176.339
561,256.1,282500000.001
562,256.2,261400000.001
563,256.3,242711579.205
564,256.4,227200000.0
565,256.5,215345524.926
566,256.6,206900000.0
567,256.7,201300000.0
568,256.8,197484552.14
569,256.9,194400000.0
570,257.0,191000000.0
571,257.1,186252533.235
572,257.2,179600000.0
573,257.3,170700000.0
574,257.4,159642213.004
575,257.5,146900000.0
576,257.6,133076509.316
577,257.7,119000000.0
578,257.8,105500000.0
579,257.9,93174440.821
580,258.0,82520000.0
581,258.1,73930000.0
582,258.2,67402323.405
583,258.3,62730000.0
584,258.4,59640000.0
585,258.5,57716571.954
586,258.6,56540000.0
587,258.7,55722476.961
588,258.8,54970000.0
589,258.9,54040000.0
590,259.0,52817730.979
591,259.1,51280000.0
592,259.2,49440000.0
593,259.3,47393603.22
594,259.4,45260000.0
595,259.5,43160000.0
596,259.6,41213118.93
597,259.7,39520000.0
598,259.8,38170000.0
599,259.9,37224740.198
600,260.0,36730000.0
601,260.1,36727221.577
602,260.2,37250000.0
603,260.3,38340000.0
604,260.4,40072904.793
605,260.5,42510000.0
606,260.6,45710000.0
607,260.7,49729052.712
608,260.8,54560000.0
609,260.9,60160000.0
610,261.0,66393662.246
611,261.1,73040000.0
612,261.2,79850000.0
613,261.3,86541462.108
614,261.4,92870000.0
615,261.5,98639780.693
616,261.6,103800000.0
617,261.7,108400000.0
618,261.8,112756825.983
619,261.9,117300000.0
620,262.0,122500000.0
621,262.1,128899772.04
622,262.2,136900000.0
623,262.3,146800000.0
624,262.4,158614640.642
625,262.5,172099999.999
626,262.6,186886233.93
627,262.7,202299999.999
628,262.8,217599999.999
629,262.9,232160594.853
630,263.0,245700000.0
631,263.1,258100000.0
632,263.2,269652986.303
633,263.3,281100000.0
634,263.4,293300000.0
635,263.5,307198192.843
636,263.6,323699999.999
637,263.7,343498145.448
638,263.8,366499999.999
639,263.9,392299999.999
640,264.0,419902441.253
641,264.1,447699999.999
642,264.2,473899999.999
643,264.3,496539693.986
644,264.4,513899999.999
645,264.5,524500000.0
646,264.6,527612815.544
647,264.7,523100000.0
648,264.8,511200000.001
649,264.9,493221446.946
650,265.0,470700000.001
651,265.1,445194533.237
652,265.2,418400000.001
653,265.3,392000000.001
654,265.4,367365807.897
655,265.5,345300000.001
656,265.6,326400000.001
657,265.7,310887989.15
658,265.8,298600000.0
659,265.9,289300000.0
660,266.0,282785523.916
661,266.1,278900000.0
662,266.2,277600000.0
663,266.3,279275131.55
664,266.4,284500000.0
665,266.5,293934771.408
666,266.6,308499999.999
667,266.7,329199999.999
668,266.8,357021382.29
669,266.9,392599999.999
670,267.0,436399999.998
671,267.1,488484154.106
672,267.2,548499999.998
673,267.3,615899999.997
674,267.4,689695506.386
675,267.5,768799999.997
676,267.6,852117381.777
677,267.7,938499999.997
678,267.8,1026999999.997
679,267.9,1117373221.101
680,268.0,1208999999.996
681,268.1,1300999999.996
682,268.2,1391830045.33
683,268.3,1478999999.997
684,268.4,1559999999.997
685,268.5,1632492481.567
686,268.6,1691999999.998
687,268.7,1733860253.705
688,268.8,1755000000.0
689,268.9,1753000000.001
690,269.0,1727309424.911
691,269.1,1681000000.002
692,269.2,1618000000.003
693,269.3,1542935832.398
694,269.4,1463000000.003
695,269.5,1386000000.003
696,269.6,1318695977.214
697,269.7,1264000000.002
698,269.8,1224000000.001
699,269.9,1200226814.388
700,270.0,1190000000.0
701,270.1,1189288215.413
702,270.2,1193000000.0
703,270.3,1196000000.0
704,270.4,1194152088.997
705,270.5,1184000000.001
706,270.6,1163000000.001
707,270.7,1131694164.041
708,270.8,1091000000.002
709,270.9,1042000000.002
710,271.0,986769953.616
711,271.1,927300000.002
712,271.2,865500000.003
713,271.3,803115116.982
714,271.4,741100000.002
715,271.5,680172178.584
716,271.6,620900000.002
717,271.7,563800000.002
718,271.8,509376162.046
719,271.9,458300000.002
720,272.0,411300000.002
721,272.1,369108333.101
722,272.2,332300000.001
723,272.3,301300000.001
724,272.4,276040501.004
725,272.5,256100000.001
726,272.6,240915018.083
727,272.7,229600000.0
728,272.8,221200000.0
729,272.9,214852779.515
730,273.0,209900000.0
731,273.1,205800000.0
732,273.2,202353064.392
733,273.3,199700000.0
734,273.4,198100000.0
735,273.5,197994718.558
736,273.6,199800000.0
737,273.7,203908961.702
738,273.8,210700000.0
739,273.9,220500000.0
740,274.0,233454360.554
741,274.1,249699999.999
742,274.2,269299999.999
743,274.3,292021126.889
744,274.4,317699999.999
745,274.5,346099999.999
746,274.6,376573106.247
747,274.7,408499999.999
748,274.8,441199999.999
749,274.9,473687019.96
750,275.0,505199999.999
751,275.1,535098113.821
752,275.2,562899999.999
753,275.3,588299999.999
754,275.4,611538185.643
755,275.5,632999999.999
756,275.6,653099999.999
757,275.7,672331263.666
758,275.8,691099999.999
759,275.9,709699999.999
760,276.0,728008901.185
761,276.1,745499999.999
762,276.2,761499999.999
763,276.3,775081704.714
764,276.4,785300000.0
765,276.5,791320107.811
766,276.6,792700000.0
767,276.7,789200000.0
768,276.8,781038036.805
769,276.9,768700000.001
770,277.0,752800000.001
771,277.1,734194462.663
772,277.2,713400000.001
773,277.3,690800000.001
774,277.4,666588634.46
775,277.5,640600000.001
776,277.6,612585576.577
777,277.7,582300000.001
778,277.8,549500000.002
779,277.9,514084296.997
780,278.0,476500000.002
781,278.1,437400000.002
782,278.2,397771026.858
783,278.3,358900000.002
784,278.4,322200000.002
785,278.5,289304119.281
786,278.6,261700000.001
787,278.7,240771355.423
788,278.8,227700000.0
789,278.9,223500000.0
790,279.0,228669242.495
791,279.1,243399999.999
792,279.2,267699999.999
793,279.3,300976903.254
794,279.4,342299999.998
795,279.5,390599999.998
796,279.6,444397757.965
797,279.7,501899999.997
798,279.8,561299999.997
799,279.9,620938345.245
800,280.0,679099999.997
801,280.1,734115964.781
802,280.2,784599999.998
803,280.3,829299999.998
804,280.4,867252882.631
805,280.5,897699999.999
806,280.6,919999999.999
807,280.7,933891216.025
808,280.8,939400000.0
809,280.9,936700000.0
810,281.0,926423465.762
811,281.1,909600000.001
812,281.2,887400000.001
813,281.3,861285003.273
814,281.4,832900000.001
815,281.5,803892244.232
816,281.6,775800000.001
817,281.7,750100000.001
818,281.8,728006736.793
819,281.9,710200000.001
820,282.0,697200000.0
821,282.1,689249676.054
822,282.2,686000000.0
823,282.3,686900000.0
824,282.4,691088242.041
825,282.5,697400000.0
826,282.6,704611062.647
827,282.7,711500000.0
828,282.8,716900000.0
829,282.9,719937113.019
830,283.0,720100000.0
831,283.1,717100000.0
832,283.2,711289189.147
833,283.3,703400000.0
834,283.4,694300000.0
835,283.5,685132818.747
836,283.6,677000000.0
837,283.7,670882820.868
838,283.8,667400000.0
839,283.9,667000000.0
840,284.0,669726713.536
841,284.1,675200000.0
842,284.2,682900000.0
843,284.3,692081238.95
844,284.4,701900000.0
845,284.5,711500000.0
846,284.6,720032490.191
847,284.7,726700000.0
848,284.8,730800000.0
849,284.9,731922359.02
850,285.0,729600000.0
851,285.1,723404404.038
852,285.2,713200000.001
853,285.3,699000000.001
854,285.4,681138507.901
855,285.5,660100000.001
856,285.6,636500000.001
857,285.7,611367468.41
858,285.8,585700000.001
859,285.9,560500000.001
860,286.0,536882252.436
861,286.1,515800000.001
862,286.2,498100000.001
863,286.3,484407444.34
864,286.4,475300000.0
865,286.5,471337493.669
866,286.6,473000000.0
867,286.7,480799999.999
868,286.8,495465319.724
869,286.9,517799999.999
870,287.0,548699999.998
871,287.1,589324962.071
872,287.2,640599999.997
873,287.3,703399999.997
874,287.4,778546592.403
875,287.5,866199999.995
876,287.6,966475514.091
877,287.7,1079999999.994
878,287.8,1206999999.993
879,287.9,1346045061.496
880,288.0,1496999999.992
881,288.1,1659999999.992
882,288.2,1834247939.193
883,288.3,2017999999.99
884,288.4,2208999999.99
885,288.5,2403547996.115
886,288.6,2596999999.99
887,288.7,2784129266.206
888,288.8,2957999999.992
889,288.9,3110999999.993
890,289.0,3235307545.239
891,289.1,3325999999.996
892,289.2,3378999999.998
893,289.3,3392137685.078
894,289.4,3370000000.002
895,289.5,3319000000.003
896,289.6,3247451573.467
897,289.7,3169000000.004
898,289.8,3098000000.003
899,289.9,3046361703.597
900,290.0,3025000000.0
901,290.1,3042932824.97
902,290.2,3101999999.996
903,290.3,3200999999.994
904,290.4,3332894469.299
905,290.5,3485999999.992
906,290.6,3646999999.992
907,290.7,3800431449.268
908,290.8,3933999999.994
909,290.9,4036999999.996
910,291.0,4102792994.464
911,291.1,4131999999.999
912,291.2,4128000000.001
913,291.3,4099234964.959
914,291.4,4058000000.002
915,291.5,4017022607.701
916,291.6,3988000000.001
917,291.7,3981000000.0
918,291.8,3999600885.997
919,291.9,4041999999.997
920,292.0,4103999999.996
921,292.1,4175416125.283
922,292.2,4242999999.997
923,292.3,4292999999.998
924,292.4,4312224055.943
925,292.5,4291000000.002
926,292.6,4222166472.578
927,292.7,4105000000.007
928,292.8,3942000000.01
929,292.9,3742253916.544
930,293.0,3517000000.012
931,293.1,3278000000.013
932,293.2,3038269233.7
933,293.3,2810000000.012
934,293.4,2604000000.01
935,293.5,2426419205.629
936,293.6,2281000000.007
937,293.7,2169867026.132
938,293.8,2090000000.004
939,293.9,2037000000.002
940,294.0,2005669169.507
941,294.1,1989000000.001
942,294.2,1980000000.0
943,294.3,1973505101.218
944,294.4,1965000000.001
945,294.5,1950000000.001
946,294.6,1924909899.368
947,294.7,1890000000.002
948,294.8,1846000000.003
949,294.9,1792223338.964
950,295.0,1730000000.004
951,295.1,1661284394.728
952,295.2,1588000000.004
953,295.3,1512000000.004
954,295.4,1434737040.65
955,295.5,1357000000.004
956,295.6,1280000000.004
957,295.7,1206639735.284
958,295.8,1138000000.004
959,295.9,1075000000.003
960,296.0,1019891356.201
961,296.1,973700000.002
962,296.2,937100000.002
963,296.3,910763785.791
964,296.4,894400000.001
965,296.5,887298299.44
966,296.6,888100000.0
967,296.7,895199999.999
968,296.8,906638263.171
969,296.9,920299999.999
970,297.0,934099999.999
971,297.1,946194779.72
972,297.2,955000000.0
973,297.3,959100000.0
974,297.4,957593322.492
975,297.5,949900000.001
976,297.6,935649096.461
977,297.7,915100000.001
978,297.8,888700000.002
979,297.9,857123680.36
980,298.0,821500000.002
981,298.1,783100000.002
982,298.2,743317949.09
983,298.3,703500000.002
984,298.4,665000000.002
985,298.5,629217030.511
986,298.6,597300000.002
987,298.7,570268029.022
988,298.8,548900000.001
989,298.9,533900000.001
990,299.0,525829431.977
991,299.1,524900000.0
992,299.2,531199999.999
993,299.3,544550666.619
994,299.4,564299999.999
995,299.5,589599999.998
996,299.6,619180900.631
997,299.7,651399999.998
998,299.8,684499999.998
999,299.9,716615793.184
1000,300.0,746099999.998
1001,300.1,771527347.879
1002,300.2,792099999.999
1003,300.3,807399999.999
1004,300.4,817963779.625
1005,300.5,824800000.0
1006,300.6,829100000.0
1007,300.7,832473736.321
1008,300.8,836400000.0
1009,300.9,842200000.0
1010,301.0,850616633.355
1011,301.1,861499999.999
1012,301.2,874399999.999
1013,301.3,888346580.692
1014,301.4,901799999.999
1015,301.5,913190840.744
1016,301.6,921300000.0
1017,301.7,925100000.0
1018,301.8,924200623.954
1019,301.9,919200000.0
1020,302.0,911100000.001
1021,302.1,901668830.545
1022,302.2,893000000.0
1023,302.3,887200000.0
1024,302.4,886141249.481
1025,302.5,891100000.0
1026,302.6,902896440.256
1027,302.7,921099999.999
1028,302.8,944699999.998
1029,302.9,971666024.473
1030,303.0,999899999.998
1031,303.1,1026999999.999
1032,303.2,1049626939.094
1033,303.3,1065999999.999
1034,303.4,1075000000.0
1035,303.5,1076426531.504
1036,303.6,1071000000.001
1037,303.7,1059849288.979
1038,303.8,1045000000.001
1039,303.9,1029000000.001
1040,304.0,1015238650.053
1041,304.1,1006000000.0
1042,304.2,1003000000.0
1043,304.3,1007099786.836
1044,304.4,1018999999.999
1045,304.5,1038999999.999
1046,304.6,1065808045.911
1047,304.7,1097999999.998
1048,304.8,1133999999.998
1049,304.9,1171674924.816
1050,305.0,1209999999.998
1051,305.1,1248429117.982
1052,305.2,1286999999.998
1053,305.3,1325999999.998
1054,305.4,1366481267.321
1055,305.5,1410999999.997
1056,305.6,1461999999.997
1057,305.7,1520655525.53
1058,305.8,1589999999.995
1059,305.9,1672999999.995
1060,306.0,1770304378.449
1061,306.1,1882999999.993
1062,306.2,2011999999.992
1063,306.3,2156562340.514
1064,306.4,2315999999.99
1065,306.5,2489344316.115
1066,306.6,2673999999.988
1067,306.7,2866999999.988
1068,306.8,3065422097.875
1069,306.9,3265999999.988
1070,307.0,3464999999.988
1071,307.1,3657698201.116
1072,307.2,3840999999.989
1073,307.3,4011999999.99
1074,307.4,4167400019.588
1075,307.5,4306999999.992
1076,307.6,4431651107.267
1077,307.7,4542999999.994
1078,307.8,4643999999.994
1079,307.9,4741335709.411
1080,308.0,4839999999.994
1081,308.1,4944999999.993
1082,308.2,5063052388.679
1083,308.3,5196999999.991
1084,308.4,5347999999.99
1085,308.5,5514476315.22
1086,308.6,5691999999.989
1087,308.7,5874918621.702
1088,308.8,6054999999.989
1089,308.9,6222999999.99
1090,309.0,6369138913.231
1091,309.1,6486999999.994
1092,309.2,6570999999.996
1093,309.3,6616484533.493
1094,309.4,6624000000.001
1095,309.5,6596000000.003
1096,309.6,6537246355.936
1097,309.7,6453000000.006
1098,309.8,6349000000.007
1099,309.9,6232333983.444
1100,310.0,6108000000.008
1101,310.1,5980007495.616
1102,310.2,5851000000.008
1103,310.3,5723000000.008
1104,310.4,5596866745.916
1105,310.5,5473000000.008
1106,310.6,5352000000.008
1107,310.7,5235052065.971
1108,310.8,5122000000.007
1109,310.9,5013000000.007
1110,311.0,4910565276.536
1111,311.1,4816000000.006
1112,311.2,4730000000.005
1113,311.3,4652834720.254
1114,311.4,4585000000.004
1115,311.5,4526497878.064
1116,311.6,4475000000.003
1117,311.7,4428000000.003
1118,311.8,4384191591.365
1119,311.9,4341000000.003
1120,312.0,4295000000.003
1121,312.1,4241721788.065
1122,312.2,4179000000.004
1123,312.3,4105000000.005
1124,312.4,4017121123.598
1125,312.5,3915000000.007
1126,312.6,3799024907.552
1127,312.7,3670000000.009
1128,312.8,3529000000.009
1129,312.9,3378115303.527
1130,313.0,3221000000.01
1131,313.1,3061000000.01
1132,313.2,2899387296.979
1133,313.3,2739000000.01
1134,313.4,2583000000.01
1135,313.5,2433387799.508
1136,313.6,2291000000.009
1137,313.7,2156401227.906
1138,313.8,2030000000.008
1139,313.9,1912000000.007
1140,314.0,1801916723.561
1141,314.1,1699000000.006
1142,314.2,1603000000.006
1143,314.3,1515307987.195
1144,314.4,1436000000.005
1145,314.5,1365000000.004
1146,314.6,1303482077.887
1147,314.7,1253000000.003
1148,314.8,1215000000.002
1149,314.9,1190539219.996
1150,315.0,1181000000.0
1151,315.1,1187669059.454
1152,315.2,1210999999.998
1153,315.3,1250999999.997
1154,315.4,1306600231.666
1155,315.5,1375999999.995
1156,315.6,1456999999.994
1157,315.7,1546134531.419
1158,315.8,1638999999.994
1159,315.9,1730999999.994
1160,316.0,1817360005.413
1161,316.1,1892999999.995
1162,316.2,1952999999.997
1163,316.3,1993570552.556
1164,316.4,2012000000.0
1165,316.5,2006234087.712
1166,316.6,1976000000.003
1167,316.7,1922000000.004
1168,316.8,1847115659.687
1169,316.9,1755000000.007
1170,317.0,1650000000.007
1171,317.1,1538808637.361
1172,317.2,1428000000.007
1173,317.3,1324000000.007
1174,317.4,1233293219.299
1175,317.5,1162000000.004
1176,317.6,1115673211.503
1177,317.7,1098000000.0
1178,317.8,1111999999.998
1179,317.9,1159178547.735
1180,318.0,1237999999.994
1181,318.1,1345999999.992
1182,318.2,1479344278.45
1183,318.3,1631999999.989
1184,318.4,1796999999.989
1185,318.5,1965657768.382
1186,318.6,2128999999.989
1187,318.7,2278341882.782
1188,318.8,2405999999.992
1189,318.9,2504999999.994
1190,319.0,2570586594.037
1191,319.1,2599999999.999
1192,319.2,2592000000.002
1193,319.3,2549625324.843
1194,319.4,2476000000.006
1195,319.5,2375000000.008
1196,319.6,2254105940.967
1197,319.7,2120000000.009
1198,319.8,1979000000.01
1199,319.9,1837516760.03
1200,320.0,1701000000.009
1201,320.1,1574185093.514
1202,320.2,1460000000.007
1203,320.3,1361000000.006
1204,320.4,1279666776.05
1205,320.5,1217000000.004
1206,320.6,1174000000.002
1207,320.7,1152524935.19
1208,320.8,1151999999.999
1209,320.9,1171999999.998
1210,321.0,1214469719.38
1211,321.1,1277999999.995
1212,321.2,1360999999.994
1213,321.3,1464630715.249
1214,321.4,1587999999.991
1215,321.5,1729802016.448
1216,321.6,1889999999.988
1217,321.7,2068999999.987
1218,321.8,2268189683.187
1219,321.9,2490999999.984
1220,322.0,2740999999.982
1221,322.1,3021013073.151
1222,322.2,3335999999.977
1223,322.3,3690999999.974
1224,322.4,4088762950.934
1225,322.5,4530999999.968
1226,322.6,5017892485.56
1227,322.7,5543999999.962
1228,322.8,6101999999.96
1229,322.9,6681377721.397
1230,323.0,7265999999.959
1231,323.1,7837999999.961
1232,323.2,8377587196.658
1233,323.3,8863999999.968
1234,323.4,9276999999.974
1235,323.5,9599598827.307
1236,323.6,9817999999.989
1237,323.7,9921471354.655
1238,323.8,9909000000.005
1239,323.9,9783000000.013
1240,324.0,9551371261.025
1241,324.1,9229000000.026
1242,324.2,8833000000.03
1243,324.3,8383408190.953
1244,324.4,7901000000.035
1245,324.5,7406000000.035
1246,324.6,6915830698.294
1247,324.7,6445000000.032
1248,324.8,6006000000.03
1249,324.9,5605217632.13
1250,325.0,5246000000.024
1251,325.1,4930286482.337
1252,325.2,4656000000.018
1253,325.3,4420000000.015
1254,325.4,4218997475.72
1255,325.5,4050000000.011
1256,325.6,3910000000.009
1257,325.7,3795924391.143
1258,325.8,3706000000.006
1259,325.9,3639000000.004
1260,326.0,3594330586.894
1261,326.1,3571000000.001
1262,326.2,3568000000.0
1263,326.3,3584449705.676
1264,326.4,3617999999.997
1265,326.5,3665726020.076
1266,326.6,3723999999.996
1267,326.7,3788999999.995
1268,326.8,3856633202.501
1269,326.9,3921999999.996
1270,327.0,3979999999.996
1271,327.1,4025713618.756
1272,327.2,4054999999.999
1273,327.3,4064000000.0
1274,327.4,4049552888.263
1275,327.5,4010000000.004
1276,327.6,3944366886.081
1277,327.7,3853000000.008
1278,327.8,3737000000.009
1279,327.9,3598949593.644
1280,328.0,3441000000.012
1281,328.1,3266000000.013
1282,328.2,3079601815.255
1283,328.3,2885000000.015
1284,328.4,2685000000.015
1285,328.5,2483753542.625
1286,328.6,2284000000.015
1287,328.7,2087879410.798
1288,328.8,1897000000.014
1289,328.9,1713000000.013
1290,329.0,1537799299.245
1291,329.1,1372000000.012
1292,329.2,1216000000.011
1293,329.3,1070722227.325
1294,329.4,936700000.009
1295,329.5,814400000.009
1296,329.6,704470224.155
1297,329.7,607200000.007
1298,329.8,522800000.006
1299,329.9,451503746.979
1300,330.0,393200000.004
1301,330.1,347677655.414
1302,330.2,314700000.002
1303,330.3,294000000.001
1304,330.4,285245171.168
1305,330.5,288199999.999
1306,330.6,302699999.998
1307,330.7,328759997.692
1308,330.8,366499999.997
1309,330.9,416099999.996
1310,331.0,477859793.085
1311,331.1,551899999.994
1312,331.2,638299999.993
1313,331.3,737004295.193
1314,331.4,847199999.991
1315,331.5,967875977.666
1316,331.6,1097999999.99
1317,331.7,1235999999.99
1318,331.8,1378634141.547
1319,331.9,1523999999.989
1320,332.0,1669999999.989
1321,332.1,1812603216.465
1322,332.2,1949999999.99
1323,332.3,2080999999.99
1324,332.4,2204340713.8
1325,332.5,2319999999.992
1326,332.6,2428850288.229
1327,332.7,2533999999.992
1328,332.8,2638999999.992
1329,332.9,2747463322.392
1330,333.0,2864999999.991
1331,333.1,2997999999.989
1332,333.2,3153456208.959
1333,333.3,3336999999.985
1334,333.4,3553999999.982
1335,333.5,3809732916.649
1336,333.6,4106999999.976
1337,333.7,4447107794.573
1338,333.8,4827999999.97
1339,333.9,5245999999.967
1340,334.0,5693767305.13
1341,334.1,6160999999.964
1342,334.2,6635999999.964
1343,334.3,7103785435.421
1344,334.4,7548999999.967
1345,334.5,7955999999.971
1346,334.6,8308656944.375
1347,334.7,8594999999.981
1348,334.8,8804999999.987
1349,334.9,8932772202.731
1350,335.0,8977000000.0
1351,335.1,8939018227.379
1352,335.2,8827000000.011
1353,335.3,8651000000.016
1354,335.4,8422361227.727
1355,335.5,8155000000.022
1356,335.6,7863000000.023
1357,335.7,7558455802.123
1358,335.8,7252000000.023
1359,335.9,6953000000.023
1360,336.0,6666828704.857
1361,336.1,6398000000.02
1362,336.2,6150000000.018
1363,336.3,5922514122.863
1364,336.4,5716000000.015
1365,336.5,5530930221.729
1366,336.6,5366000000.012
1367,336.7,5220000000.011
1368,336.8,5093238841.842
1369,336.9,4984000000.008
1370,337.0,4890000000.007
1371,337.1,4809271826.701
1372,337.2,4740000000.005
1373,337.3,4680000000.004
1374,337.4,4625849471.944
1375,337.5,4575000000.004
1376,337.6,4525059634.566
1377,337.7,4473000000.004
1378,337.8,4416000000.005
1379,337.9,4352563696.855
1380,338.0,4281000000.006
1381,338.1,4199000000.007
1382,338.2,4103177666.615
1383,338.3,3993000000.009
1384,338.4,3868000000.01
1385,338.5,3725565135.574
1386,338.6,3566000000.013
1387,338.7,3390482493.157
1388,338.8,3200000000.016
1389,338.9,2996000000.016
1390,339.0,2781852278.793
1391,339.1,2561000000.018
1392,339.2,2337000000.018
1393,339.3,2114102827.894
1394,339.4,1896000000.017
1395,339.5,1686000000.016
1396,339.6,1486616553.326
1397,339.7,1300000000.014
1398,339.8,1128000000.013
1399,339.9,971353748.447
1400,340.0,830200000.011
1401,340.1,704456670.591
1402,340.2,593500000.008
1403,340.3,496500000.007
1404,340.4,412362658.003
1405,340.5,340000000.005
1406,340.6,278300000.005
1407,340.7,226027028.377
1408,340.8,182100000.003
1409,340.9,145500000.003
1410,341.0,115276281.794
1411,341.1,90560000.002
1412,341.2,70520000.001
1413,341.3,54427839.407
1414,341.4,41660000.001
1415,341.5,31640628.227
1416,341.6,23900000.001
1417,341.7,18010000.0
1418,341.8,13623353.227
1419,341.9,10490000.0
1420,342.0,8393000.0
1421,342.1,7183221.785
1422,342.2,6794000.0
1423,342.3,7191000.0
1424,342.4,8410709.437
1425,342.5,10550000.0
1426,342.6,13732082.431
1427,342.7,18140000.0
1428,342.8,23979999.999
1429,342.9,31486136.214
1430,343.0,40879999.999
1431,343.1,52369999.999
1432,343.2,66113028.889
1433,343.3,82179999.999
1434,343.4,100599999.998
1435,343.5,121270811.575
1436,343.6,143899999.998
1437,343.7,168128673.958
1438,343.8,193499999.998
1439,343.9,219499999.998
1440,344.0,245487196.295
1441,344.1,270799999.998
1442,344.2,294799999.998
1443,344.3,316960368.651
1444,344.4,336899999.998
1445,344.5,354299999.999
1446,344.6,368998517.825
1447,344.7,380999999.999
1448,344.8,390399999.999
1449,344.9,397491657.65
1450,345.0,402500000.0
1451,345.1,405626030.307
1452,345.2,407100000.0
1453,345.3,407100000.0
1454,345.4,405606303.37
1455,345.5,402700000.0
1456,345.6,398400000.0
1457,345.7,392409171.929
1458,345.8,384700000.001
1459,345.9,375300000.001
1460,346.0,364135861.524
1461,346.1,351300000.001
1462,346.2,337000000.001
1463,346.3,321671681.682
1464,346.4,305700000.001
1465,346.5,289484724.238
1466,346.6,273600000.001
1467,346.7,258600000.001
1468,346.8,244823350.919
1469,346.9,232700000.001
1470,347.0,222600000.001
1471,347.1,214514714.99
1472,347.2,208400000.0
1473,347.3,204200000.0
1474,347.4,201729731.412
1475,347.5,200700000.0
1476,347.6,200798849.59
1477,347.7,201700000.0
1478,347.8,203100000.0
1479,347.9,204809574.041
1480,348.0,206700000.0
1481,348.1,208700000.0
1482,348.2,210924548.05
1483,348.3,213500000.0
1484,348.4,216600000.0
1485,348.5,220595920.742
1486,348.6,225800000.0
1487,348.7,232549801.793
1488,348.8,241399999.999
1489,348.9,252899999.999
1490,349.0,267431680.136
1491,349.1,285599999.998
1492,349.2,307999999.998
1493,349.3,334941240.333
1494,349.4,366799999.997
1495,349.5,403899999.997
1496,349.6,446182545.053
1497,349.7,493399999.996
1498,349.8,545199999.995
1499,349.9,600838208.038
1500,350.0,659199999.995
1501,350.1,719029965.97
1502,350.2,778799999.995
1503,350.3,836899999.995
1504,350.4,891687761.275
1505,350.5,941599999.996
1506,350.6,985099999.997
1507,350.7,1020817833.847
1508,350.8,1047999999.998
1509,350.9,1065999999.999
1510,351.0,1074226163.399
1511,351.1,1073000000.0
1512,351.2,1063000000.001
1513,351.3,1045200198.833
1514,351.4,1020000000.002
1515,351.5,987912834.996
1516,351.6,950600000.003
1517,351.7,909800000.004
1518,351.8,866508979.258
1519,351.9,821900000.004
1520,352.0,777200000.004
1521,352.1,733438843.453
1522,352.2,691500000.004
1523,352.3,652200000.003
1524,352.4,616143094.206
1525,352.5,583700000.003
1526,352.6,555137608.496
1527,352.7,530500000.002
1528,352.8,509700000.002
1529,352.9,492350757.786
1530,353.0,478000000.001
1531,353.1,466200000.001
1532,353.2,456474137.175
1533,353.3,448200000.001
1534,353.4,440800000.001
1535,353.5,433985868.415
1536,353.6,427400000.001
1537,353.7,420718071.694
1538,353.8,413900000.001
1539,353.9,407000000.001
1540,354.0,400156974.882
1541,354.1,393500000.001
1542,354.2,387200000.001
1543,354.3,381590038.966
1544,354.4,376900000.0
1545,354.5,373300000.0
1546,354.6,370876129.084
1547,354.7,369700000.0
1548,354.8,369800000.0
1549,354.9,371002461.831
1550,355.0,373000000.0
1551,355.1,375442789.644
1552,355.2,377900000.0
1553,355.3,379900000.0
1554,355.4,380889898.941
1555,355.5,380300000.0
1556,355.6,377600000.0
1557,355.7,372438143.939
1558,355.8,364600000.001
1559,355.9,353900000.001
1560,356.0,340251332.103
1561,356.1,323900000.002
1562,356.2,305200000.002
1563,356.3,284620003.643
1564,356.4,262700000.002
1565,356.5,240023173.757
1566,356.6,217300000.002
1567,356.7,195200000.002
1568,356.8,174162788.414
1569,356.9,154800000.002
1570,357.0,137700000.001
1571,357.1,123150046.631
1572,357.2,111500000.001
1573,357.3,103100000.001
1574,357.4,98166684.353
1575,357.5,96930000.0
1576,357.6,99605329.4
1577,357.7,106299999.999
1578,357.8,117099999.999
1579,357.9,132069464.672
1580,358.0,151099999.998
1581,358.1,173999999.998
1582,358.2,200375123.033
1583,358.3,229599999.997
1584,358.4,260999999.997
1585,358.5,293807442.38
1586,358.6,326899999.997
1587,358.7,359067267.116
1588,358.8,389099999.997
1589,358.9,415799999.998
1590,359.0,438050607.499
1591,359.1,454899999.999
1592,359.2,465499999.999
1593,359.3,469354649.141
1594,359.4,466400000.001
1595,359.5,456700000.001
1596,359.6,440583954.181
1597,359.7,418900000.002
1598,359.8,392600000.003
1599,359.9,362646640.642
1600,360.0,330300000.003
1601,360.1,296838549.186
1602,360.2,263300000.003
1603,360.3,230700000.003
1604,360.4,200103402.436
1605,360.5,172200000.002
1606,360.6,147500000.002
1607,360.7,126226688.533
1608,360.8,108600000.001
1609,360.9,94750000.001
1610,361.0,84402769.809
1611,361.1,77290000.001
1612,361.2,73140000.0
1613,361.3,71552493.495
1614,361.4,72090000.0
1615,361.5,74316848.401
1616,361.6,77810000.0
1617,361.7,82150000.0
1618,361.8,86940351.229
1619,361.9,91870000.0
1620,362.0,96650000.0
1621,362.1,101029845.662
1622,362.2,104900000.0
1623,362.3,108200000.0
1624,362.4,110927256.538
1625,362.5,113100000.0
1626,362.6,114767948.922
1627,362.7,116100000.0
1628,362.8,117300000.0
1629,362.9,118566558.078
1630,363.0,120000000.0
1631,363.1,121700000.0
1632,363.2,123826201.288
1633,363.3,126400000.0
1634,363.4,129400000.0
1635,363.5,132777061.882
1636,363.6,136400000.0
1637,363.7,140120268.687
1638,363.8,143800000.0
1639,363.9,147300000.0
1640,364.0,150485579.548
1641,364.1,153300000.0
1642,364.2,155700000.0
1643,364.3,157668714.316
1644,364.4,159400000.0
1645,364.5,161100000.0
1646,364.6,162854492.353
1647,364.7,164900000.0
1648,364.8,167500000.0
1649,364.9,170838417.155
1650,365.0,175100000.0
1651,365.1,180430801.529
1652,365.2,186799999.999
1653,365.3,194099999.999
1654,365.4,202104412.659
1655,365.5,210599999.999
1656,365.6,219299999.999
1657,365.7,227650094.693
1658,365.8,235299999.999
1659,365.9,241899999.999
1660,366.0,246909555.097
1661,366.1,250100000.0
1662,366.2,251300000.0
1663,366.3,250248009.309
1664,366.4,246900000.0
1665,366.5,241313976.837
1666,366.6,233700000.001
1667,366.7,224300000.001
1668,366.8,213355681.661
1669,366.9,201200000.001
1670,367.0,188200000.001
1671,367.1,174749088.89
1672,367.2,161200000.001
1673,367.3,147900000.001
1674,367.4,135180196.109
1675,367.5,123200000.001
1676,367.6,112096959.532
1677,367.7,102100000.001
1678,367.8,93390000.001
1679,367.9,85904368.246
1680,368.0,79670000.001
1681,368.1,74730000.0
1682,368.2,71039498.278
1683,368.3,68560000.0
1684,368.4,67250000.0
1685,368.5,67034105.054
1686,368.6,67860000.0
1687,368.7,69681088.987
1688,368.8,72440000.0
1689,368.9,76080000.0
1690,369.0,80554813.507
1691,369.1,85809999.999
1692,369.2,91799999.999
1693,369.3,98501020.382
1694,369.4,105799999.999
1695,369.5,113599999.999
1696,369.6,121917252.43
1697,369.7,130599999.999
1698,369.8,139499999.999
1699,369.9,148641392.29
1700,370.0,157899999.999
1701,370.1,167117105.331
1702,370.2,176199999.999
1703,370.3,185099999.999
1704,370.4,193850452.4
1705,370.5,202399999.999
1706,370.6,210699999.999
1707,370.7,218814906.877
1708,370.8,226799999.999
1709,370.9,234699999.999
1710,371.0,242555604.21
1711,371.1,250399999.999
1712,371.2,258299999.999
1713,371.3,266409458.391
1714,371.4,274699999.999
1715,371.5,283114696.994
1716,371.6,291699999.999
1717,371.7,300499999.999
1718,371.8,309453348.146
1719,371.9,318499999.999
1720,372.0,327599999.999
1721,372.1,336749699.282
1722,372.2,345899999.999
1723,372.3,354999999.999
1724,372.4,364041990.739
1725,372.5,372999999.999
1726,372.6,381861657.466
1727,372.7,390699999.999
1728,372.8,399599999.999
1729,372.9,408638366.648
1730,373.0,417999999.999
1731,373.1,427899999.999
1732,373.2,438570525.595
1733,373.3,450299999.999
1734,373.4,463399999.999
1735,373.5,478242280.084
1736,373.6,495299999.998
1737,373.7,515101034.473
1738,373.8,538299999.998
1739,373.9,565599999.997
1740,374.0,597821201.072
1741,374.1,635999999.996
1742,374.2,681199999.995
1743,374.3,734415082.192
1744,374.4,796699999.993
1745,374.5,869199999.992
1746,374.6,953012572.985
1747,374.7,1047999999.99
1748,374.8,1153999999.989
1749,374.9,1271492299.192
1750,375.0,1398999999.987
1751,375.1,1534244669.353
1752,375.2,1673999999.986
1753,375.3,1814999999.986
1754,375.4,1954139829.845
1755,375.5,2085999999.987
1756,375.6,2204999999.989
1757,375.7,2307297693.426
1758,375.8,2388999999.993
1759,375.9,2445999999.996
1760,376.0,2474474418.387
1761,376.1,2473000000.002
1762,376.2,2441000000.005
1763,376.3,2379180791.596
1764,376.4,2290000000.01
1765,376.5,2176432959.123
1766,376.6,2042000000.014
1767,376.7,1891000000.016
1768,376.8,1729749344.907
1769,376.9,1563000000.017
1770,377.0,1395000000.017
1771,377.1,1230056886.706
1772,377.2,1072000000.015
1773,377.3,924200000.014
1774,377.4,788607398.815
1775,377.5,666400000.012
1776,377.6,558418414.668
1777,377.7,464600000.009
1778,377.8,384500000.007
1779,377.9,317058569.046
1780,378.0,261100000.005
1781,378.1,215400000.004
1782,378.2,178526905.457
1783,378.3,149100000.003
1784,378.4,125800000.002
1785,378.5,107473465.492
1786,378.6,93120000.001
1787,378.7,81825248.463
1788,378.8,72900000.001
1789,378.9,65740000.001
1790,379.0,59882409.628
1791,379.1,55000000.0
1792,379.2,50820000.0
1793,379.3,47187100.765
1794,379.4,44000000.0
1795,379.5,41180000.0
1796,379.6,38715152.22
1797,379.7,36620000.0
1798,379.8,34910000.0
1799,379.9,33597758.643
1800,380.0,32710000.0
1801,380.1,32273572.111
1802,380.2,32300000.0
1803,380.3,32790000.0
1804,380.4,33715757.109
1805,380.5,35040000.0
1806,380.6,36720000.0
1807,380.7,38690663.087
1808,380.8,40870000.0
1809,380.9,43170000.0
1810,381.0,45489520.739
1811,381.1,47720000.0
1812,381.2,49760000.0
1813,381.3,51535658.37
1814,381.4,52960000.0
1815,381.5,53952528.157
1816,381.6,54480000.0
1817,381.7,54520000.0
1818,381.8,54057273.29
1819,381.9,53120000.0
1820,382.0,51750000.0
1821,382.1,50003957.839
1822,382.2,47960000.0
1823,382.3,45700000.0
1824,382.4,43305323.219
1825,382.5,40870000.0
1826,382.6,38486824.333
1827,382.7,36230000.0
1828,382.8,34170000.0
1829,382.9,32373720.648
1830,383.0,30880000.0
1831,383.1,29720000.0
1832,383.2,28917095.71
1833,383.3,28470000.0
1834,383.4,28370000.0
1835,383.5,28600012.862
1836,383.6,29130000.0
1837,383.7,29924756.552
1838,383.8,30940000.0
1839,383.9,32130000.0
1840,384.0,33450398.149
1841,384.1,34850000.0
1842,384.2,36280000.0
1843,384.3,37707664.757
1844,384.4,39100000.0
1845,384.5,40420000.0
1846,384.6,41628405.581
1847,384.7,42720000.0
1848,384.8,43690000.0
1849,384.9,44508871.755
1850,385.0,45180000.0
1851,385.1,45715413.016
1852,385.2,46120000.0
1853,385.3,46400000.0
1854,385.4,46574880.08
1855,385.5,46670000.0
1856,385.6,46710000.0
1857,385.7,46718978.226
1858,385.8,46740000.0
1859,385.9,46820000.0
1860,386.0,47001782.421
1861,386.1,47330000.0
1862,386.2,47850000.0
1863,386.3,48606149.296
1864,386.4,49640000.0
1865,386.5,50988134.841
1866,386.6,52670000.0
1867,386.7,54700000.0
1868,386.8,57080866.185
1869,386.9,59780000.0
1870,387.0,62760000.0
1871,387.1,65989041.03
1872,387.2,69400000.0
1873,387.3,72920000.0
1874,387.4,76490519.786
1875,387.5,80050000.0
1876,387.6,83546047.143
1877,387.7,86970000.0
1878,387.8,90330000.0
1879,387.9,93668855.641
1880,388.0,97080000.0
1881,388.1,100700000.0
1882,388.2,104761215.29
1883,388.3,109399999.999
1884,388.4,114799999.999
1885,388.5,121391231.356
1886,388.6,129399999.999
1887,388.7,138982816.557
1888,388.8,150299999.999
1889,388.9,163499999.998
1890,389.0,178639445.096
1891,389.1,195599999.998
1892,389.2,214199999.998
1893,389.3,234153582.456
1894,389.4,255099999.998
1895,389.5,276599999.998
1896,389.6,298003583.002
1897,389.7,318799999.998
1898,389.8,338499999.998
1899,389.9,356526954.112
1900,390.0,372399999.998
1901,390.1,385708842.07
1902,390.2,396199999.999
1903,390.3,403699999.999
1904,390.4,408195294.516
1905,390.5,409700000.0
1906,390.6,408300000.0
1907,390.7,404330722.933
1908,390.8,398000000.001
1909,390.9,389500000.001
1910,391.0,379143410.941
1911,391.1,367200000.001
1912,391.2,353900000.002
1913,391.3,339404646.635
1914,391.4,323900000.002
1915,391.5,307576846.611
1916,391.6,290600000.002
1917,391.7,273100000.002
1918,391.8,255136210.668
1919,391.9,236900000.002
1920,392.0,218600000.002
1921,392.1,200371918.722
1922,392.2,182400000.002
1923,392.3,164900000.002
1924,392.4,148116029.491
1925,392.5,132200000.002
1926,392.6,117280658.403
1927,392.7,103500000.001
1928,392.8,90980000.001
1929,392.9,79752651.205
1930,393.0,69840000.001
1931,393.1,61260000.001
1932,393.2,53995435.259
1933,393.3,48000000.001
1934,393.4,43220000.0
1935,393.5,39591595.306
1936,393.6,37040000.0
1937,393.7,35489545.159
1938,393.8,34870000.0
1939,393.9,35110000.0
1940,394.0,36126858.573
1941,394.1,37830000.0
1942,394.2,40130000.0
1943,394.3,42940512.721
1944,394.4,46150000.0
1945,394.5,49640000.0
1946,394.6,53288588.608
1947,394.7,56960000.0
1948,394.8,60520000.0
1949,394.9,63852610.712
1950,395.0,66840000.0
1951,395.1,69368756.731
1952,395.2,71350000.0
1953,395.3,72710000.0
1954,395.4,73415517.818
1955,395.5,73460000.0
1956,395.6,72850000.0
1957,395.7,71630519.455
1958,395.8,69870000.0
1959,395.9,67650000.0
1960,396.0,65085033.739
1961,396.1,62280000.0
1962,396.2,59340000.0
1963,396.3,56383753.488
1964,396.4,53510000.0
1965,396.5,50806244.813
1966,396.6,48340000.0
1967,396.7,46170000.0
1968,396.8,44333683.978
1969,396.9,42840000.0
1970,397.0,41690000.0
1971,397.1,40873356.838
1972,397.2,40360000.0
1973,397.3,40120000.0
1974,397.4,40134597.007
1975,397.5,40360000.0
1976,397.6,40752700.661
1977,397.7,41300000.0
1978,397.8,41990000.0
1979,397.9,42791548.863
1980,398.0,43700000.0
1981,398.1,44720000.0
1982,398.2,45858806.71
1983,398.3,47120000.0
1984,398.4,48510000.0
1985,398.5,50048705.137
1986,398.6,51750000.0
1987,398.7,53623280.896
1988,398.8,55670000.0
1989,398.9,57890000.0
1990,399.0,60282677.934
1991,399.1,62840000.0
1992,399.2,65550000.0
1993,399.3,68389477.078
1994,399.4,71320000.0
1995,399.5,74300000.0
1996,399.6,77285466.78
1997,399.7,80220000.0
1998,399.8,83040000.0
1999,399.9,85670258.011
2000,400.0,88050000.0
2001,400.1,90121408.56
2002,400.2,91820000.0
2003,400.3,93090000.0
2004,400.4,93914948.092
2005,400.5,94280000.0
2006,400.6,94180000.0
2007,400.7,93657786.871
2008,400.8,92770000.0
2009,400.9,91580000.0
2010,401.0,90176998.407
2011,401.1,88660000.0
2012,401.2,87130000.0
2013,401.3,85689438.427
2014,401.4,84430000.0
2015,401.5,83432983.304
2016,401.6,82750000.0
2017,401.7,82420000.0
2018,401.8,82452764.489
2019,401.9,82820000.0
2020,402.0,83480000.0
2021,402.1,84366116.274
2022,402.2,85390000.0
2023,402.3,86460000.0
2024,402.4,87485787.757
2025,402.5,88370000.0
2026,402.6,89017510.795
2027,402.7,89350000.0
2028,402.8,89300000.0
2029,402.9,88830931.219
2030,403.0,87930000.0
2031,403.1,86590000.0
2032,403.2,84818173.092
2033,403.3,82660000.0
2034,403.4,80170000.0
2035,403.5,77405751.707
2036,403.6,74440000.0
2037,403.7,71351789.219
2038,403.8,68230000.0
2039,403.9,65160000.0
2040,404.0,62205104.484
2041,404.1,59430000.0
2042,404.2,56900000.0
2043,404.3,54667330.276
2044,404.4,52750000.0
2045,404.5,51160000.0
2046,404.6,49908514.798
2047,404.7,48970000.0
2048,404.8,48310000.0
2049,404.9,47890899.091
2050,405.0,47650000.0
2051,405.1,47521114.309
2052,405.2,47450000.0
2053,405.3,47380000.0
2054,405.4,47238489.809
2055,405.5,46970000.0
2056,405.6,46530000.0
2057,405.7,45894227.727
2058,405.8,45040000.0
2059,405.9,43950000.0
2060,406.0,42630789.961
2061,406.1,41090000.0
2062,406.2,39340000.0
2063,406.3,37415516.665
2064,406.4,35350000.0
2065,406.5,33176026.218
2066,406.6,30930000.0
2067,406.7,28650000.0
2068,406.8,26375399.816
2069,406.9,24140000.0
2070,407.0,21980000.0
2071,407.1,19941420.929
2072,407.2,18050000.0
2073,407.3,16330000.0
2074,407.4,14817874.583
2075,407.5,13530000.0
2076,407.6,12479355.61
2077,407.7,11690000.0
2078,407.8,11180000.0
2079,407.9,10939702.733
2080,408.0,10980000.0
2081,408.1,11310000.0
2082,408.2,11908536.754
2083,408.3,12770000.0
2084,408.4,13890000.0
2085,408.5,15246366.948
2086,408.6,16820000.0
2087,408.7,18593717.543
2088,408.8,20550000.0
2089,408.9,22670000.0
2090,409.0,24930568.592
2091,409.1,27310000.0
2092,409.2,29790000.0
2093,409.3,32361345.633
2094,409.4,35010000.0
2095,409.5,37720000.0
2096,409.6,40477788.721
2097,409.7,43280000.0
2098,409.8,46120000.0
2099,409.9,48971879.548
2100,410.0,51820000.0
2101,410.1,54650433.494
2102,410.2,57440000.0
2103,410.3,60160000.0
2104,410.4,62771159.097
2105,410.5,65240000.0
2106,410.6,67530000.0
2107,410.7,69587532.519
2108,410.8,71370000.0
2109,410.9,72840000.0
2110,411.0,73965594.948
2111,411.1,74720000.0
2112,411.2,75080000.0
2113,411.3,75035439.183
2114,411.4,74590000.0
2115,411.5,73753622.644
2116,411.6,72550000.0
2117,411.7,71010000.0
2118,411.8,69179704.748
2119,411.9,67110000.0
2120,412.0,64850000.0
2121,412.1,62443050.941
2122,412.2,59940000.0
2123,412.3,57390000.0
2124,412.4,54826334.841
2125,412.5,52280000.0
2126,412.6,49778051.901
2127,412.7,47330000.0
2128,412.8,44940000.0
2129,412.9,42609047.131
2130,413.0,40340000.0
2131,413.1,38130000.0
2132,413.2,35958428.619
2133,413.3,33830000.0
2134,413.4,31750000.0
2135,413.5,29704096.466
2136,413.6,27710000.0
2137,413.7,25793088.672
2138,413.8,23970000.0
2139,413.9,22260000.0
2140,414.0,20701838.987
2141,414.1,19340000.0
2142,414.2,18220000.0
2143,414.3,17389165.626
2144,414.4,16890000.0
2145,414.5,16770000.0
2146,414.6,17093978.217
2147,414.7,17900000.0
2148,414.8,19220000.0
2149,414.9,21089996.741
2150,415.0,23530000.0
2151,415.1,26550240.777
2152,415.2,30140000.0
2153,415.3,34279999.999
2154,415.4,38931784.632
2155,415.5,44029999.999
2156,415.6,49499999.999
2157,415.7,55249921.025
2158,415.8,61169999.999
2159,415.9,67139999.999
2160,416.0,73016991.258
2161,416.1,78669999.999
2162,416.2,83969999.999
2163,416.3,88782193.489
2164,416.4,92990000.0
2165,416.5,96486194.146
2166,416.6,99180000.0
2167,416.7,101000000.0
2168,416.8,101936748.815
2169,416.9,102000000.0
2170,417.0,101200000.0
2171,417.1,99555912.489
2172,417.2,97130000.0
2173,417.3,94000000.0
2174,417.4,90263644.764
2175,417.5,86030000.001
2176,417.6,81409337.961
2177,417.7,76510000.001
2178,417.8,71440000.001
2179,417.9,66301384.26
2180,418.0,61170000.001
2181,418.1,56120000.001
2182,418.2,51233368.065
2183,418.3,46550000.001
2184,418.4,42100000.001
2185,418.5,37915820.741
2186,418.6,34010000.0
2187,418.7,30388143.807
2188,418.8,27050000.0
2189,418.9,23990000.0
2190,419.0,21190083.331
2191,419.1,18640000.0
2192,419.2,16330000.0
2193,419.3,14241897.812
2194,419.4,12360000.0
2195,419.5,10670000.0
2196,419.6,9158832.745
2197,419.7,7816000.0
2198,419.8,6631000.0
2199,419.9,5591509.727
2200,420.0,4687000.0
2201,420.1,3907640.841
2202,420.2,3244000.0
2203,420.3,2687000.0
2204,420.4,2228465.556
2205,420.5,1860000.0
2206,420.6,1574000.0
2207,420.7,1366075.271
2208,420.8,1231000.0
2209,420.9,1164000.0
2210,421.0,1163451.15
2211,421.1,1227000.0
2212,421.2,1353000.0
2213,421.3,1543542.558
2214,421.4,1799000.0
2215,421.5,2119247.237
2216,421.6,2505000.0
2217,421.7,2957000.0
2218,421.8,3474804.957
2219,421.9,4056000.0
2220,422.0,4697000.0
2221,422.1,5391104.605
2222,422.2,6130000.0
2223,422.3,6904000.0
2224,422.4,7699191.414
2225,422.5,8502000.0
2226,422.6,9297016.145
2227,422.7,10060000.0
2228,422.8,10770000.0
2229,422.9,11421714.021
2230,423.0,11990000.0
2231,423.1,12450000.0
2232,423.2,12799801.182
2233,423.3,13030000.0
2234,423.4,13130000.0
2235,423.5,13098954.308
2236,423.6,12940000.0
2237,423.7,12657616.132
2238,423.8,12260000.0
2239,423.9,11760000.0
2240,424.0,11183162.159
2241,424.1,10550000.0
2242,424.2,9879000.0
2243,424.3,9190147.325
2244,424.4,8507000.0
2245,424.5,7853000.0
2246,424.6,7247996.382
2247,424.7,6712000.0
2248,424.8,6264000.0
2249,424.9,5917921.596
2250,425.0,5687000.0
2251,425.1,5583726.21
2252,425.2,5617000.0
2253,425.3,5794000.0
2254,425.4,6118499.437
2255,425.5,6593000.0
2256,425.6,7219000.0
2257,425.7,7994515.06
2258,425.8,8917000.0
2259,425.9,9982000.0
2260,426.0,11179858.987
2261,426.1,12510000.0
2262,426.2,13970000.0
2263,426.3,15543799.245
2264,426.4,17230000.0
2265,426.5,19031612.131
2266,426.6,20950000.0
2267,426.7,22990000.0
2268,426.8,25171957.167
2269,426.9,27520000.0
2270,427.0,30060000.0
2271,427.1,32828723.957
2272,427.2,35880000.0
2273,427.3,39270000.0
2274,427.4,43052014.171
2275,427.5,47289999.999
2276,427.6,52050718.756
2277,427.7,57399999.999
2278,427.8,63399999.999
2279,427.9,70096326.675
2280,428.0,77519999.999
2281,428.1,85709999.999
2282,428.2,94707344.722
2283,428.3,104399999.999
2284,428.4,114699999.999
2285,428.5,125707516.528
2286,428.6,137299999.998
2287,428.7,149287724.705
2288,428.8,161499999.998
2289,428.9,173799999.998
2290,429.0,186103488.755
2291,429.1,198099999.998
2292,429.2,209499999.999
2293,429.3,220278851.021
2294,429.4,230199999.999
2295,429.5,238999999.999
2296,429.6,246581202.096
2297,429.7,252799999.999
2298,429.8,257499999.999
2299,429.9,260579781.476
2300,430.0,262000000.0
2301,430.1,261752209.222
2302,430.2,259900000.0
2303,430.3,256500000.001
2304,430.4,251564121.168
2305,430.5,245300000.001
2306,430.6,237900000.001
2307,430.7,229354168.878
2308,430.8,219900000.001
2309,430.9,209800000.001
2310,431.0,199125496.42
2311,431.1,188000000.001
2312,431.2,176600000.002
2313,431.3,165166025.618
2314,431.4,153800000.001
2315,431.5,142573294.873
2316,431.6,131600000.001
2317,431.7,121000000.001
2318,431.8,110871592.853
2319,431.9,101300000.001
2320,432.0,92350000.001
2321,432.1,84028894.328
2322,432.2,76390000.001
2323,432.3,69490000.001
2324,432.4,63336269.212
2325,432.5,57930000.001
2326,432.6,53267627.028
2327,432.7,49320000.0
2328,432.8,46050000.0
2329,432.9,43409509.208
2330,433.0,41330000.0
2331,433.1,39740000.0
2332,433.2,38568515.689
2333,433.3,37720000.0
2334,433.4,37100000.0
2335,433.5,36639983.965
2336,433.6,36260000.0
2337,433.7,35880169.393
2338,433.8,35440000.0
2339,433.9,34890000.0
2340,434.0,34204398.109
2341,434.1,33360000.0
2342,434.2,32340000.0
2343,434.3,31158001.29
2344,434.4,29840000.0
2345,434.5,28410000.0
2346,434.6,26888371.885
2347,434.7,25330000.0
2348,434.8,23790000.0
2349,434.9,22294262.928
2350,435.0,20890000.0
2351,435.1,19627646.596
2352,435.2,18540000.0
2353,435.3,17660000.0
2354,435.4,17031034.068
2355,435.5,16670000.0
2356,435.6,16590000.0
2357,435.7,16815881.459
2358,435.8,17360000.0
2359,435.9,18230000.0
2360,436.0,19431378.553
2361,436.1,20970000.0
2362,436.2,22850000.0
2363,436.3,25069236.113
2364,436.4,27630000.0
2365,436.5,30533474.088
2366,436.6,33770000.0
2367,436.7,37329999.999
2368,436.8,41212615.272
2369,436.9,45409999.999
2370,437.0,49909999.999
2371,437.1,54693312.631
2372,437.2,59739999.999
2373,437.3,65029999.999
2374,437.4,70539980.525
2375,437.5,76239999.999
2376,437.6,82098045.898
2377,437.7,88079999.999
2378,437.8,94139999.999
2379,437.9,100209814.421
2380,438.0,106299999.999
2381,438.1,112399999.999
2382,438.2,118356577.634
2383,438.3,124099999.999
2384,438.4,129599999.999
2385,438.5,134834638.916
2386,438.6,139699999.999
2387,438.7,144092555.775
2388,438.8,148000000.0
2389,438.9,151400000.0
2390,439.0,154160121.511
2391,439.1,156200000.0
2392,439.2,157500000.0
2393,439.3,158139327.644
2394,439.4,158000000.0
2395,439.5,157000000.0
2396,439.6,155349456.973
2397,439.7,153000000.0
2398,439.8,149900000.0
2399,439.9,146264755.438
2400,440.0,142100000.001
2401,440.1,137386516.416
2402,440.2,132300000.001
2403,440.3,127000000.001
2404,440.4,121437208.225
2405,440.5,115700000.001
2406,440.6,109900000.001
2407,440.7,104056461.054
2408,440.8,98230000.001
2409,440.9,92490000.001
2410,441.0,86871688.102
2411,441.1,81400000.001
2412,441.2,76100000.001
2413,441.3,70998454.515
2414,441.4,66120000.001
2415,441.5,61490068.467
2416,441.6,57140000.001
2417,441.7,53100000.001
2418,441.8,49392748.549
2419,441.9,46050000.0
2420,442.0,43110000.0
2421,442.1,40618784.029
2422,442.2,38600000.0
2423,442.3,37080000.0
2424,442.4,36112153.9
2425,442.5,35720000.0
2426,442.6,35918833.213
2427,442.7,36730000.0
2428,442.8,38170000.0
2429,442.9,40230596.124
2430,443.0,42900000.0
2431,443.1,46160000.0
2432,443.2,49965406.716
2433,443.3,54269999.999
2434,443.4,59019999.999
2435,443.5,64126957.98
2436,443.6,69499999.999
2437,443.7,75046479.337
2438,443.8,80659999.999
2439,443.9,86229999.999
2440,444.0,91649902.324
2441,444.1,96839999.999
2442,444.2,101699999.999
2443,444.3,106074506.694
2444,444.4,109999999.999
2445,444.5,113500000.0
2446,444.6,116393701.438
2447,444.7,118700000.0
2448,444.8,120500000.0
2449,444.9,121852865.603
2450,445.0,122800000.0
2451,445.1,123400833.599
2452,445.2,123800000.0
2453,445.3,124100000.0
2454,445.4,124220333.401
2455,445.5,124300000.0
2456,445.6,124500000.0
2457,445.7,124801834.114
2458,445.8,125200000.0
2459,445.9,125700000.0
2460,446.0,126283095.374
2461,446.1,126900000.0
2462,446.2,127500000.0
2463,446.3,128036144.19
2464,446.4,128400000.0
2465,446.5,128477672.394
2466,446.6,128200000.0
2467,446.7,127500000.0
2468,446.8,126298169.714
2469,446.9,124600000.0
2470,447.0,122400000.0
2471,447.1,119593958.169
2472,447.2,116200000.001
2473,447.3,112300000.001
2474,447.4,108045681.904
2475,447.5,103500000.001
2476,447.6,98714699.105
2477,447.7,93810000.001
2478,447.8,88920000.001
2479,447.9,84162655.983
2480,448.0,79640000.001
2481,448.1,75450000.001
2482,448.2,71682718.624
2483,448.3,68410000.0
2484,448.4,65690000.0
2485,448.5,63543232.677
2486,448.6,61980000.0
2487,448.7,61003578.748
2488,448.8,60590000.0
2489,448.9,60700000.0
2490,449.0,61264198.439
2491,449.1,62220000.0
2492,449.2,63500000.0
2493,449.3,65007747.065
2494,449.4,66660000.0
2495,449.5,68370000.0
2496,449.6,70025881.067
2497,449.7,71550000.0
2498,449.8,72870000.0
2499,449.9,73900909.483
2500,450.0,74590000.0
2501,450.1,74896536.385
2502,450.2,74790000.0
2503,450.3,74250000.0
2504,450.4,73289340.44
2505,450.5,71940000.0
2506,450.6,70240000.0
2507,450.7,68245740.436
2508,450.8,66040000.0
2509,450.9,63710000.0
2510,451.0,61342136.313
2511,451.1,59040000.0
2512,451.2,56910000.0
2513,451.3,55051122.417
2514,451.4,53560000.0
2515,451.5,52528505.19
2516,451.6,52030000.0
2517,451.7,52130000.0
2518,451.8,52878288.202
2519,451.9,54310000.0
2520,452.0,56450000.0
2521,452.1,59293711.951
2522,452.2,62829999.999
2523,452.3,67039999.999
2524,452.4,71874247.046
2525,452.5,77279999.999
2526,452.6,83203218.529
2527,452.7,89579999.999
2528,452.8,96349999.999
2529,452.9,103460634.009
2530,453.0,110799999.999
2531,453.1,118299999.999
2532,453.2,126054108.621
2533,453.3,133899999.999
2534,453.4,141699999.999
2535,453.5,149634299.625
2536,453.6,157599999.999
2537,453.7,165444110.483
2538,453.8,173199999.999
2539,453.9,180899999.999
2540,454.0,188416933.481
2541,454.1,195699999.999
2542,454.2,202699999.999
2543,454.3,209280858.488
2544,454.4,215399999.999
2545,454.5,220999999.999
2546,454.6,225886373.098
2547,454.7,229999999.999
2548,454.8,233300000.0
2549,454.9,235670424.544
2550,455.0,237100000.0
2551,455.1,237607473.015
2552,455.2,237200000.0
2553,455.3,235900000.0
2554,455.4,233799930.517
2555,455.5,231000000.0
2556,455.6,227600000.001
2557,455.7,223716449.987
2558,455.8,219500000.001
2559,455.9,215100000.001
2560,456.0,210630044.275
2561,456.1,206200000.001
2562,456.2,201900000.001
2563,456.3,197736736.26
2564,456.4,193700000.001
2565,456.5,189784451.019
2566,456.6,186000000.001
2567,456.7,182300000.001
2568,456.8,178466263.998
2569,456.9,174500000.001
2570,457.0,170400000.001
2571,457.1,165930140.941
2572,457.2,161000000.001
2573,457.3,155600000.001
2574,457.4,149788420.572
2575,457.5,143500000.001
2576,457.6,136671793.928
2577,457.7,129400000.001
2578,457.8,121800000.001
2579,457.9,113913934.525
2580,458.0,105800000.001
2581,458.1,97550000.001
2582,458.2,89330441.194
2583,458.3,81240000.001
2584,458.4,73360000.001
2585,458.5,65787903.961
2586,458.6,58600000.001
2587,458.7,51861474.883
2588,458.8,45620000.001
2589,458.9,39910000.001
2590,459.0,34734006.806
2591,459.1,30100000.001
2592,459.2,26010000.001
2593,459.3,22430630.595
2594,459.4,19330000.0
2595,459.5,16680000.0
2596,459.6,14452017.409
2597,459.7,12600000.0
2598,459.8,11080000.0
2599,459.9,9869639.235
2600,460.0,8932000.0
2601,460.1,8227855.088
2602,460.2,7730000.0
2603,460.3,7414000.0
2604,460.4,7255124.72
2605,460.5,7231000.0
2606,460.6,7321000.0
2607,460.7,7508203.069
2608,460.8,7774000.0
2609,460.9,8100000.0
2610,461.0,8471022.845
2611,461.1,8871000.0
2612,461.2,9283000.0
2613,461.3,9689901.022
2614,461.4,10080000.0
2615,461.5,10441950.268
2616,461.6,10760000.0
2617,461.7,11020000.0
2618,461.8,11217964.177
2619,461.9,11350000.0
2620,462.0,11410000.0
2621,462.1,11388994.479
2622,462.2,11290000.0
2623,462.3,11120000.0
2624,462.4,10887700.242
2625,462.5,10600000.0
2626,462.6,10263750.877
2627,462.7,9888000.0
2628,462.8,9483000.0
2629,462.9,9061076.779
2630,463.0,8633000.0
2631,463.1,8209000.0
2632,463.2,7798564.196
2633,463.3,7408000.0
2634,463.4,7043000.0
2635,463.5,6709043.259
2636,463.6,6408000.0
2637,463.7,6140624.532
2638,463.8,5907000.0
2639,463.9,5706000.0
2640,464.0,5532998.834
2641,464.1,5385000.0
2642,464.2,5259000.0
2643,464.3,5149857.393
2644,464.4,5054000.0
2645,464.5,4968000.0
2646,464.6,4887415.76
2647,464.7,4810000.0
2648,464.8,4734000.0
2649,464.9,4657336.893
2650,465.0,4579000.0
2651,465.1,4498474.172
2652,465.2,4416000.0
2653,465.3,4332000.0
2654,465.4,4247119.469
2655,465.5,4163000.0
2656,465.6,4081000.0
2657,465.7,4000877.596
2658,465.8,3924000.0
2659,465.9,3852000.0
2660,466.0,3785358.271
2661,466.1,3724000.0
2662,466.2,3668000.0
2663,466.3,3618050.61
2664,466.4,3574000.0
2665,466.5,3535189.727
2666,466.6,3500000.0
2667,466.7,3467000.0
2668,466.8,3436208.122
2669,466.9,3407000.0
2670,467.0,3378000.0
2671,467.1,3346536.172
2672,467.2,3312000.0
2673,467.3,3274000.0
2674,467.4,3230852.537
2675,467.5,3182000.0
2676,467.6,3127209.329
2677,467.7,3066000.0
2678,467.8,2998000.0
2679,467.9,2923514.276
2680,468.0,2843000.0
2681,468.1,2757000.0
2682,468.2,2666511.944
2683,468.3,2573000.0
2684,468.4,2478000.0
2685,468.5,2383170.856
2686,468.6,2291000.0
2687,468.7,2204008.371
2688,468.8,2124000.0
2689,468.9,2053000.0
2690,469.0,1994143.361
2691,469.1,1949000.0
2692,469.2,1919000.0
2693,469.3,1906463.717
2694,469.4,1912000.0
2695,469.5,1936000.0
2696,469.6,1979544.255
2697,469.7,2042000.0
2698,469.8,2122000.0
2699,469.9,2217347.243
2700,470.0,2326000.0
2701,470.1,2445833.014
2702,470.2,2574000.0
2703,470.3,2707000.0
2704,470.4,2840005.62
2705,470.5,2970000.0
2706,470.6,3094000.0
2707,470.7,3207504.093
2708,470.8,3308000.0
2709,470.9,3393000.0
2710,471.0,3458557.817
2711,471.1,3504000.0
2712,471.2,3529000.0
2713,471.3,3531642.069
2714,471.4,3513000.0
2715,471.5,3474954.336
2716,471.6,3419000.0
2717,471.7,3347000.0
2718,471.8,3262523.879
2719,471.9,3169000.0
2720,472.0,3070000.0
2721,472.1,2970165.781
2722,472.2,2874000.0
2723,472.3,2786000.0
2724,472.4,2710920.727
2725,472.5,2653000.0
2726,472.6,2616199.917
2727,472.7,2604000.0
2728,472.8,2620000.0
2729,472.9,2668251.456
2730,473.0,2751000.0
2731,473.1,2870000.0
2732,473.2,3026822.658
2733,473.3,3222000.0
2734,473.4,3456000.0
2735,473.5,3729624.746
2736,473.6,4042000.0
2737,473.7,4391828.74
2738,473.8,4778000.0
2739,473.9,5199000.0
2740,474.0,5651793.583
2741,474.1,6134000.0
2742,474.2,6643000.0
2743,474.3,7174346.805
2744,474.4,7724000.0
2745,474.5,8288000.0
2746,474.6,8860956.892
2747,474.7,9434000.0
2748,474.8,10000000.0
2749,474.9,10558860.021
2750,475.0,11100000.0
2751,475.1,11611607.753
2752,475.2,12090000.0
2753,475.3,12530000.0
2754,475.4,12915555.817
2755,475.5,13240000.0
2756,475.6,13500000.0
2757,475.7,13692007.408
2758,475.8,13810000.0
2759,475.9,13850000.0
2760,476.0,13816809.011
2761,476.1,13710000.0
2762,476.2,13530000.0
2763,476.3,13286032.265
2764,476.4,12980000.0
2765,476.5,12615117.857
2766,476.6,12210000.0
2767,476.7,11780000.0
2768,476.8,11318793.318
2769,476.9,10840000.0
2770,477.0,10360000.0
2771,477.1,9881553.577
2772,477.2,9413000.0
2773,477.3,8964000.0
2774,477.4,8539787.128
2775,477.5,8144000.0
2776,477.6,7779804.965
2777,477.7,7449000.0
2778,477.8,7153000.0
2779,477.9,6892633.704
2780,478.0,6667000.0
2781,478.1,6475000.0
2782,478.2,6316017.443
2783,478.3,6188000.0
2784,478.4,6089000.0
2785,478.5,6018636.656
2786,478.6,5975000.0
2787,478.7,5955890.585
2788,478.8,5960000.0
2789,478.9,5986000.0
2790,479.0,6031687.624
2791,479.1,6095000.0
2792,479.2,6174000.0
2793,479.3,6266642.585
2794,479.4,6370000.0
2795,479.5,6481000.0
2796,479.6,6596772.446
2797,479.7,6714000.0
2798,479.8,6829000.0
2799,479.9,6937455.335
2800,480.0,7036000.0
2801,480.1,7121554.291
2802,480.2,7191000.0
2803,480.3,7241000.0
2804,480.4,7268035.437
2805,480.5,7271000.0
2806,480.6,7249000.0
2807,480.7,7200119.99
2808,480.8,7125000.0
2809,480.9,7025000.0
2810,481.0,6901449.406
2811,481.1,6756000.0
2812,481.2,6591000.0
2813,481.3,6410845.799
2814,481.4,6219000.0
2815,481.5,6018721.924
2816,481.6,5814000.0
2817,481.7,5609000.0
2818,481.8,5407774.836
2819,481.9,5214000.0
2820,482.0,5031000.0
2821,482.1,4861163.038
2822,482.2,4707000.0
2823,482.3,4571000.0
2824,482.4,4455002.245
2825,482.5,4360000.0
2826,482.6,4286651.013
2827,482.7,4235000.0
2828,482.8,4205000.0
2829,482.9,4196748.871
2830,483.0,4210000.0
2831,483.1,4244000.0
2832,483.2,4296831.483
2833,483.3,4368000.0
2834,483.4,4457000.0
2835,483.5,4561889.118
2836,483.6,4682000.0
2837,483.7,4816855.981
2838,483.8,4965000.0
2839,483.9,5125000.0
2840,484.0,5296325.402
2841,484.1,5478000.0
2842,484.2,5669000.0
2843,484.3,5868812.744
2844,484.4,6077000.0
2845,484.5,6293000.0
2846,484.6,6515897.137
2847,484.7,6745000.0
2848,484.8,6980000.0
2849,484.9,7221592.878
2850,485.0,7470000.0
2851,485.1,7725328.201
2852,485.2,7988000.0
2853,485.3,8259000.0
2854,485.4,8540728.353
2855,485.5,8834000.0
2856,485.6,9140000.0
2857,485.7,9462461.272
2858,485.8,9802000.0
2859,485.9,10160000.0
2860,486.0,10542796.367
2861,486.1,10950000.0
2862,486.2,11380000.0
2863,486.3,11833882.418
2864,486.4,12310000.0
2865,486.5,12805957.196
2866,486.6,13320000.0
2867,486.7,13850000.0
2868,486.8,14390406.316
2869,486.9,14930000.0
2870,487.0,15460000.0
2871,487.1,15981590.708
2872,487.2,16480000.0
2873,487.3,16940000.0
2874,487.4,17360499.66
2875,487.5,17730000.0
2876,487.6,18035142.237
2877,487.7,18270000.0
2878,487.8,18430000.0
2879,487.9,18509980.348
2880,488.0,18510000.0
2881,488.1,18430000.0
2882,488.2,18265803.149
2883,488.3,18020000.0
2884,488.4,17700000.0
2885,488.5,17321218.468
2886,488.6,16890000.0
2887,488.7,16413009.071
2888,488.8,15910000.0
2889,488.9,15400000.0
2890,489.0,14888895.083
2891,489.1,14390000.0
2892,489.2,13920000.0
2893,489.3,13496114.715
2894,489.4,13130000.0
2895,489.5,12830000.0
2896,489.6,12599632.993
2897,489.7,12450000.0
2898,489.8,12390000.0
2899,489.9,12411946.675
2900,490.0,12510000.0
2901,490.1,12680235.652
2902,490.2,12920000.0
2903,490.3,13220000.0
2904,490.4,13551206.221
2905,490.5,13910000.0
2906,490.6,14290000.0
2907,490.7,14652210.777
2908,490.8,14990000.0
2909,490.9,15300000.0
2910,491.0,15554310.825
2911,491.1,15740000.0
2912,491.2,15850000.0
2913,491.3,15878357.003
2914,491.4,15820000.0
2915,491.5,15670831.072
2916,491.6,15430000.0
2917,491.7,15100000.0
2918,491.8,14691512.616
2919,491.9,14210000.0
2920,492.0,13660000.0
2921,492.1,13051364.477
2922,492.2,12400000.0
2923,492.3,11720000.0
2924,492.4,11015886.776
2925,492.5,10300000.0
2926,492.6,9585882.64
2927,492.7,8881000.0
2928,492.8,8192000.0
2929,492.9,7527191.917
2930,493.0,6891000.0
2931,493.1,6287000.0
2932,493.2,5719092.068
2933,493.3,5188000.0
2934,493.4,4694000.0
2935,493.5,4238360.138
2936,493.6,3820000.0
2937,493.7,3437268.323
2938,493.8,3089000.0
2939,493.9,2774000.0
2940,494.0,2490536.196
2941,494.1,2237000.0
2942,494.2,2012000.0
2943,494.3,1814667.716
2944,494.4,1644000.0
2945,494.5,1499000.0
2946,494.6,1379313.405
2947,494.7,1286000.0
2948,494.8,1220000.0
2949,494.9,1181065.068
2950,495.0,1171000.0
2951,495.1,1192335.63
2952,495.2,1248000.0
2953,495.3,1341000.0
2954,495.4,1474674.861
2955,495.5,1654000.0
2956,495.6,1884000.0
2957,495.7,2168999.709
2958,495.8,2516000.0
2959,495.9,2932000.0
2960,496.0,3421695.624
2961,496.1,3992000.0
2962,496.2,4650000.0
2963,496.3,5400657.468
2964,496.4,6249000.0
2965,496.5,7199653.463
2966,496.6,8255000.0
2967,496.7,9417000.0
2968,496.8,10686774.571
2969,496.9,12060000.0
2970,497.0,13530000.0
2971,497.1,15087852.39
2972,497.2,16730000.0
2973,497.3,18450000.0
2974,497.4,20225812.484
2975,497.5,22040000.0
2976,497.6,23877039.869
2977,497.7,25720000.0
2978,497.8,27550000.0
2979,497.9,29344467.327
2980,498.0,31090000.0
2981,498.1,32770000.0
2982,498.2,34352203.696
2983,498.3,35830000.0
2984,498.4,37200000.0
2985,498.5,38443439.969
2986,498.6,39550000.0
2987,498.7,40514598.444
2988,498.8,41340000.0
2989,498.9,42030000.0
2990,499.0,42585526.151
2991,499.1,43010000.0
2992,499.2,43310000.0
2993,499.3,43499806.902
2994,499.4,43590000.0
2995,499.5,43590000.0
2996,499.6,43511480.831
2997,499.7,43370000.0
2998,499.8,43180000.0
2999,499.9,42948145.984
3000,500.0,42680000.0
3001,500.1,42382851.221
3002,500.2,42070000.0
3003,500.3,41750000.0
3004,500.4,41411841.065
3005,500.5,41060000.0
3006,500.6,40700000.0
3007,500.7,40323185.29
3008,500.8,39930000.0
3009,500.9,39520000.0
3010,501.0,39080030.925
3011,501.1,38610000.0
3012,501.2,38110000.0
3013,501.3,37567294.041
3014,501.4,36980000.0
3015,501.5,36348845.815
3016,501.6,35670000.0
3017,501.7,34940000.0
3018,501.8,34161626.323
3019,501.9,33340000.0
3020,502.0,32480000.0
3021,502.1,31585112.185
3022,502.2,30660000.0
3023,502.3,29710000.0
3024,502.4,28741362.547
3025,502.5,27760000.0
3026,502.6,26772655.56
3027,502.7,25790000.0
3028,502.8,24820000.0
3029,502.9,23858731.841
3030,503.0,22910000.0
3031,503.1,21980000.0
3032,503.2,21072687.976
3033,503.3,20190000.0
3034,503.4,19330000.0
3035,503.5,18481681.79
3036,503.6,17650000.0
3037,503.7,16841544.183
3038,503.8,16050000.0
3039,503.9,15270000.0
3040,504.0,14508605.5
3041,504.1,13760000.0
3042,504.2,13020000.0
3043,504.3,12301841.062
3044,504.4,11600000.0
3045,504.5,10910000.0
3046,504.6,10249805.956
3047,504.7,9619000.0
3048,504.8,9014000.0
3049,504.9,8442276.25
3050,505.0,7907000.0
3051,505.1,7409591.506
3052,505.2,6952000.0
3053,505.3,6536000.0
3054,505.4,6161806.401
3055,505.5,5828000.0
3056,505.6,5533000.0
3057,505.7,5275282.706
3058,505.8,5051000.0
3059,505.9,4856000.0
3060,506.0,4686950.54
3061,506.1,4539000.0
3062,506.2,4407000.0
3063,506.3,4286575.669
3064,506.4,4174000.0
3065,506.5,4065545.758
3066,506.6,3957000.0
3067,506.7,3845000.0
3068,506.8,3729356.568
3069,506.9,3608000.0
3070,507.0,3479000.0
3071,507.1,3343481.041
3072,507.2,3202000.0
3073,507.3,3055000.0
3074,507.4,2903849.572
3075,507.5,2750000.0
3076,507.6,2595006.683
3077,507.7,2441000.0
3078,507.8,2290000.0
3079,507.9,2143162.816
3080,508.0,2002000.0
3081,508.1,1868000.0
3082,508.2,1741891.964
3083,508.3,1624000.0
3084,508.4,1515000.0
3085,508.5,1416537.619
3086,508.6,1328000.0
3087,508.7,1248409.873
3088,508.8,1178000.0
3089,508.9,1117000.0
3090,509.0,1064547.887
3091,509.1,1020000.0
3092,509.2,983000.0
3093,509.3,953607.376
3094,509.4,931200.0
3095,509.5,915100.0
3096,509.6,905141.438
3097,509.7,900900.0
3098,509.8,901900.0
3099,509.9,907859.914
3100,510.0,918500.0
3101,510.1,933496.567
3102,510.2,952400.0
3103,510.3,974900.0
3104,510.4,1001075.453
3105,510.5,1030000.0
3106,510.6,1061000.0
3107,510.7,1095110.46
3108,510.8,1132000.0
3109,510.9,1171000.0
3110,511.0,1211999.18
3111,511.1,1255000.0
3112,511.2,1300000.0
3113,511.3,1347001.836
3114,511.4,1396000.0
3115,511.5,1447117.316
3116,511.6,1501000.0
3117,511.7,1558000.0
3118,511.8,1617202.207
3119,511.9,1679000.0
3120,512.0,1744000.0
3121,512.1,1811891.896
3122,512.2,1882000.0
3123,512.3,1954000.0
3124,512.4,2028747.184
3125,512.5,2106000.0
3126,512.6,2185074.291
3127,512.7,2265000.0
3128,512.8,2345000.0
3129,512.9,2425028.627
3130,513.0,2504000.0
3131,513.1,2581000.0
3132,513.2,2656494.434
3133,513.3,2729000.0
3134,513.4,2797000.0
3135,513.5,2860760.097
3136,513.6,2919000.0
3137,513.7,2970324.12
3138,513.8,3015000.0
3139,513.9,3053000.0
3140,514.0,3082105.694
3141,514.1,3102000.0
3142,514.2,3113000.0
3143,514.3,3115189.139
3144,514.4,3108000.0
3145,514.5,3091000.0
3146,514.6,3064825.962
3147,514.7,3030000.0
3148,514.8,2987000.0
3149,514.9,2936488.268
3150,515.0,2879000.0
3151,515.1,2815267.969
3152,515.2,2747000.0
3153,515.3,2676000.0
3154,515.4,2603417.524
3155,515.5,2530000.0
3156,515.6,2457000.0
3157,515.7,2387203.653
3158,515.8,2321000.0
3159,515.9,2259000.0
3160,516.0,2204614.105
3161,516.1,2158000.0
3162,516.2,2119000.0
3163,516.3,2089939.968
3164,516.4,2072000.0
3165,516.5,2065724.559
3166,516.6,2071000.0
3167,516.7,2088000.0
3168,516.8,2118386.897
3169,516.9,2163000.0
3170,517.0,2222000.0
3171,517.1,2294647.352
3172,517.2,2382000.0
3173,517.3,2485000.0
3174,517.4,2602522.059
3175,517.5,2735000.0
3176,517.6,2883074.589
3177,517.7,3046000.0
3178,517.8,3223000.0
3179,517.9,3414001.45
3180,518.0,3617000.0
3181,518.1,3830000.0
3182,518.2,4052697.889
3183,518.3,4283000.0
3184,518.4,4518000.0
3185,518.5,4754190.837
3186,518.6,4989000.0
3187,518.7,5219851.699
3188,518.8,5443000.0
3189,518.9,5655000.0
3190,519.0,5854297.796
3191,519.1,6038000.0
3192,519.2,6203000.0
3193,519.3,6347514.139
3194,519.4,6471000.0
3195,519.5,6573000.0
3196,519.6,6652921.362
3197,519.7,6712000.0
3198,519.8,6752000.0
3199,519.9,6774891.973
3200,520.0,6783000.0
3201,520.1,6779043.341
3202,520.2,6767000.0
3203,520.3,6751000.0
3204,520.4,6734412.101
3205,520.5,6720000.0
3206,520.6,6711000.0
3207,520.7,6712094.23
3208,520.8,6725000.0
3209,520.9,6751000.0
3210,521.0,6792548.461
3211,521.1,6850000.0
3212,521.2,6923000.0
3213,521.3,7010781.909
3214,521.4,7112000.0
3215,521.5,7224949.828
3216,521.6,7347000.0
3217,521.7,7475000.0
3218,521.8,7604854.53
3219,521.9,7733000.0
3220,522.0,7856000.0
3221,522.1,7970045.385
3222,522.2,8071000.0
3223,522.3,8155000.0
3224,522.4,8219473.932
3225,522.5,8262000.0
3226,522.6,8280193.113
3227,522.7,8272000.0
3228,522.8,8236000.0
3229,522.9,8172815.967
3230,523.0,8083000.0
3231,523.1,7967000.0
3232,523.2,7825704.382
3233,523.3,7661000.0
3234,523.4,7475000.0
3235,523.5,7269976.948
3236,523.6,7049000.0
3237,523.7,6815181.58
3238,523.8,6571000.0
3239,523.9,6319000.0
3240,524.0,6062432.649
3241,524.1,5804000.0
3242,524.2,5546000.0
3243,524.3,5290024.478
3244,524.4,5038000.0
3245,524.5,4792000.0
3246,524.6,4553821.764
3247,524.7,4324000.0
3248,524.8,4103000.0
3249,524.9,3891962.864
3250,525.0,3691000.0
3251,525.1,3499970.155
3252,525.2,3319000.0
3253,525.3,3148000.0
3254,525.4,2985905.61
3255,525.5,2832000.0
3256,525.6,2686000.0
3257,525.7,2548191.798
3258,525.8,2417000.0
3259,525.9,2291000.0
3260,526.0,2170942.261
3261,526.1,2056000.0
3262,526.2,1945000.0
3263,526.3,1837663.252
3264,526.4,1734000.0
3265,526.5,1633937.377
3266,526.6,1537000.0
3267,526.7,1443000.0
3268,526.8,1352844.695
3269,526.9,1266000.0
3270,527.0,1182000.0
3271,527.1,1102030.393
3272,527.2,1026000.0
3273,527.3,953600.0
3274,527.4,885288.889
3275,527.5,821100.0
3276,527.6,760931.623
3277,527.7,704800.0
3278,527.8,652700.0
3279,527.9,604434.328
3280,528.0,559800.0
3281,528.1,518600.0
3282,528.2,480600.459
3283,528.3,445500.0
3284,528.4,413000.0
3285,528.5,382860.282
3286,528.6,354800.0
3287,528.7,328544.144
3288,528.8,303900.0
3289,528.9,280700.0
3290,529.0,258789.879
3291,529.1,238000.0
3292,529.2,218200.0
3293,529.3,199411.486
3294,529.4,181600.0
3295,529.5,164700.0
3296,529.6,148650.66
3297,529.7,133500.0
3298,529.8,119300.0
3299,529.9,106021.239
3300,530.0,93680.0
3301,530.1,82301.972
3302,530.2,71880.0
3303,530.3,62400.0
3304,530.4,53849.091
3305,530.5,46200.0
3306,530.6,39420.0
3307,530.7,33470.188
3308,530.8,28310.0
3309,530.9,23900.0
3310,531.0,20203.823
3311,531.1,17180.0
3312,531.2,14790.0
3313,531.3,13014.07
3314,531.4,11840.0
3315,531.5,11261.136
3316,531.6,11290.0
3317,531.7,11950.0
3318,531.8,13290.091
3319,531.9,15370.0
3320,532.0,18260.0
3321,532.1,22067.769
3322,532.2,26910.0
3323,532.3,32910.0
3324,532.4,40219.076
3325,532.5,49000.0
3326,532.6,59417.581
3327,532.7,71640.0
3328,532.8,85840.0
3329,532.9,102189.327
3330,533.0,120800.0
3331,533.1,141800.0
3332,533.2,165379.48
3333,533.3,191500.0
3334,533.4,220100.0
3335,533.5,251222.616
3336,533.6,284700.0
3337,533.7,320301.724
3338,533.8,357800.0
3339,533.9,396900.0
3340,534.0,437076.73
3341,534.1,477900.0
3342,534.2,518900.0
3343,534.3,559337.594
3344,534.4,598600.0
3345,534.5,636100.0
3346,534.6,671155.977
3347,534.7,703100.0
3348,534.8,731300.0
3349,534.9,755230.051
3350,535.0,774400.0
3351,535.1,788371.053
3352,535.2,796900.0
3353,535.3,799800.0
3354,535.4,796965.003
3355,535.5,788500.0
3356,535.6,774600.0
3357,535.7,755611.488
3358,535.8,731900.0
3359,535.9,703900.0
3360,536.0,672300.565
3361,536.1,637700.0
3362,536.2,600700.0
3363,536.3,562059.77
3364,536.4,522500.0
3365,536.5,482705.42
3366,536.6,443300.0
3367,536.7,404900.0
3368,536.8,368125.542
3369,536.9,333500.0
3370,537.0,301500.0
3371,537.1,272502.977
3372,537.2,246800.0
3373,537.3,224700.0
3374,537.4,206583.097
3375,537.5,192600.0
3376,537.6,182863.698
3377,537.7,177600.0
3378,537.8,177000.0
3379,537.9,181042.382
3380,538.0,189800.0
3381,538.1,203400.0
3382,538.2,222005.724
3383,538.3,245700.0
3384,538.4,274500.0
3385,538.5,308308.833
3386,538.6,347200.0
3387,538.7,391245.604
3388,538.8,440300.0
3389,538.9,494200.0
3390,539.0,552866.081
3391,539.1,616000.0
3392,539.2,683300.0
3393,539.3,754603.654
3394,539.4,829400.0
3395,539.5,907200.0
3396,539.6,987765.551
3397,539.7,1070000.0
3398,539.8,1153000.0
3399,539.9,1237099.886
3400,540.0,1321000.0
3401,540.1,1403266.278
3402,540.2,1484000.0
3403,540.3,1563000.0
3404,540.4,1637904.058
3405,540.5,1708000.0
3406,540.6,1773000.0
3407,540.7,1832121.624
3408,540.8,1885000.0
3409,540.9,1931000.0
3410,541.0,1968356.118
3411,541.1,1997000.0
3412,541.2,2017000.0
3413,541.3,2027273.209
3414,541.4,2028000.0
3415,541.5,2019625.582
3416,541.6,2002000.0
3417,541.7,1975000.0
3418,541.8,1939158.404
3419,541.9,1895000.0
3420,542.0,1843000.0
3421,542.1,1783704.684
3422,542.2,1718000.0
3423,542.3,1647000.0
3424,542.4,1572139.197
3425,542.5,1494000.0
3426,542.6,1413138.514
3427,542.7,1331000.0
3428,542.8,1249000.0
3429,542.9,1167571.828
3430,543.0,1087000.0
3431,543.1,1008000.0
3432,543.2,932399.813
3433,543.3,860400.0
3434,543.4,791900.0
3435,543.5,727487.779
3436,543.6,667400.0
3437,543.7,611722.983
3438,543.8,560500.0
3439,543.9,513700.0
3440,544.0,471092.162
3441,544.1,432600.0
3442,544.2,398100.0
3443,544.3,367143.024
3444,544.4,339500.0
3445,544.5,315000.0
3446,544.6,293387.206
3447,544.7,274400.0
3448,544.8,257800.0
3449,544.9,243421.162
3450,545.0,231100.0
3451,545.1,220698.863
3452,545.2,212200.0
3453,545.3,205600.0
3454,545.4,200855.77
3455,545.5,198000.0
3456,545.6,197100.0
3457,545.7,198278.075
3458,545.8,201700.0
3459,545.9,207500.0
3460,546.0,215716.892
3461,546.1,226600.0
3462,546.2,240400.0
3463,546.3,257171.252
3464,546.4,277100.0
3465,546.5,300387.246
3466,546.6,327100.0
3467,546.7,357300.0
3468,546.8,391125.816
3469,546.9,428600.0
3470,547.0,469700.0
3471,547.1,514350.402
3472,547.2,562400.0
3473,547.3,613700.0
3474,547.4,668117.91
3475,547.5,725300.0
3476,547.6,784844.773
3477,547.7,846400.0
3478,547.8,909600.0
3479,547.9,973971.822
3480,548.0,1039000.0
3481,548.1,1104000.0
3482,548.2,1167955.974
3483,548.3,1231000.0
3484,548.4,1293000.0
3485,548.5,1352045.772
3486,548.6,1408000.0
3487,548.7,1461010.455
3488,548.8,1510000.0
3489,548.9,1554000.0
3490,549.0,1593424.83
3491,549.1,1628000.0
3492,549.2,1657000.0
3493,549.3,1679449.406
3494,549.4,1696000.0
3495,549.5,1707000.0
3496,549.6,1710665.964
3497,549.7,1708000.0
3498,549.8,1700000.0
3499,549.9,1684873.039
3500,550.0,1663000.0
3501,550.1,1635327.23
3502,550.2,1602000.0
3503,550.3,1563000.0
3504,550.4,1518514.154
3505,550.5,1469000.0
3506,550.6,1415000.0
3507,550.7,1357142.157
3508,550.8,1296000.0
3509,550.9,1232000.0
3510,551.0,1165314.285
3511,551.1,1097000.0
3512,551.2,1028000.0
3513,551.3,958129.262
3514,551.4,888200.0
3515,551.5,819218.143
3516,551.6,751600.0
3517,551.7,685700.0
3518,551.8,622136.412
3519,551.9,561300.0
3520,552.0,503500.0
3521,552.1,449021.237
3522,552.2,398100.0
3523,552.3,350900.0
3524,552.4,307380.26
3525,552.5,267600.0
3526,552.6,231601.772
3527,552.7,199200.0
3528,552.8,170200.0
3529,552.9,144543.62
3530,553.0,122000.0
3531,553.1,102300.0
3532,553.2,85231.844
3533,553.3,70560.0
3534,553.4,58040.0
3535,553.5,47434.954
3536,553.6,38520.0
3537,553.7,31079.012
3538,553.8,24920.0
3539,553.9,19860.0
3540,554.0,15733.515
3541,554.1,12400.0
3542,554.2,9729.0
3543,554.3,7611.717
3544,554.4,5957.0
3545,554.5,4681.0
3546,554.6,3718.72
3547,554.7,3020.0
3548,554.8,2540.0
3549,554.9,2246.195
3550,555.0,2116.0
3551,555.1,2131.234
3552,555.2,2284.0
3553,555.3,2570.0
3554,555.4,2990.177
3555,555.5,3551.0
3556,555.6,4261.0
3557,555.7,5132.759
3558,555.8,6181.0
3559,555.9,7422.0
3560,556.0,8875.964
3561,556.1,10560.0
3562,556.2,12490.0
3563,556.3,14682.682
3564,556.4,17160.0
3565,556.5,19941.283
3566,556.6,23030.0
3567,556.7,26430.0
3568,556.8,30157.122
3569,556.9,34210.0
3570,557.0,38580.0
3571,557.1,43254.108
3572,557.2,48230.0
3573,557.3,53500.0
3574,557.4,59029.058
3575,557.5,64800.0
3576,557.6,70800.342
3577,557.7,77010.0
3578,557.8,83410.0
3579,557.9,89997.625
3580,558.0,96790.0
3581,558.1,103800.0
3582,558.2,111021.599
3583,558.3,118500.0
3584,558.4,126300.0
3585,558.5,134504.662
3586,558.6,143200.0
3587,558.7,152495.967
3588,558.8,162600.0
3589,558.9,173700.0
3590,559.0,185871.611
3591,559.1,199400.0
3592,559.2,214600.0
3593,559.3,231676.501
3594,559.4,250900.0
3595,559.5,272600.0
3596,559.6,297201.649
3597,559.7,325000.0
3598,559.8,356300.0
3599,559.9,391574.062
3600,560.0,431200.0
3601,560.1,475522.589
3602,560.2,524900.0
3603,560.3,579700.0
3604,560.4,640297.21
3605,560.5,707000.0
3606,560.6,780100.0
3607,560.7,859821.664
3608,560.8,946100.0
3609,560.9,1039000.0
3610,561.0,1139101.079
3611,561.1,1246000.0
3612,561.2,1359000.0
3613,561.3,1477595.062
3614,561.4,1602000.0
3615,561.5,1732257.036
3616,561.6,1867000.0
3617,561.7,2005000.0
3618,561.8,2146463.777
3619,561.9,2290000.0
3620,562.0,2434000.0
3621,562.1,2578056.503
3622,562.2,2722000.0
3623,562.3,2865000.0
3624,562.4,3004412.021
3625,562.5,3140000.0
3626,562.6,3271939.517
3627,562.7,3399000.0
3628,562.8,3520000.0
3629,562.9,3635247.708
3630,563.0,3745000.0
3631,563.1,3849000.0
3632,563.2,3945899.956
3633,563.3,4036000.0
3634,563.4,4120000.0
3635,563.5,4198201.611
3636,563.6,4271000.0
3637,563.7,4338820.104
3638,563.8,4402000.0
3639,563.9,4461000.0
3640,564.0,4516637.62
3641,564.1,4569000.0
3642,564.2,4618000.0
3643,564.3,4663938.014
3644,564.4,4708000.0
3645,564.5,4751000.0
3646,564.6,4791776.596
3647,564.7,4830000.0
3648,564.8,4866000.0
3649,564.9,4900849.224
3650,565.0,4934000.0
3651,565.1,4964661.913
3652,565.2,4993000.0
3653,565.3,5019000.0
3654,565.4,5041372.516
3655,565.5,5060000.0
3656,565.6,5075000.0
3657,565.7,5085862.079
3658,565.8,5092000.0
3659,565.9,5093000.0
3660,566.0,5088864.703
3661,566.1,5079000.0
3662,566.2,5063000.0
3663,566.3,5041665.819
3664,566.4,5015000.0
3665,566.5,4982772.924
3666,566.6,4945000.0
3667,566.7,4902000.0
3668,566.8,4854846.413
3669,566.9,4804000.0
3670,567.0,4750000.0
3671,567.1,4694346.479
3672,567.2,4638000.0
3673,567.3,4582000.0
3674,567.4,4528274.018
3675,567.5,4478000.0
3676,567.6,4432286.389
3677,567.7,4393000.0
3678,567.8,4362000.0
3679,567.9,4340488.744
3680,568.0,4330000.0
3681,568.1,4332000.0
3682,568.2,4347289.139
3683,568.3,4377000.0
3684,568.4,4422000.0
3685,568.5,4481742.906
3686,568.6,4556000.0
3687,568.7,4644739.287
3688,568.8,4748000.0
3689,568.9,4865000.0
3690,569.0,4992372.52
3691,569.1,5129000.0
3692,569.2,5274000.0
3693,569.3,5424534.778
3694,569.4,5578000.0
3695,569.5,5732000.0
3696,569.6,5884166.542
3697,569.7,6032000.0
3698,569.8,6173000.0
3699,569.9,6304921.623
3700,570.0,6426000.0
3701,570.1,6534704.811
3702,570.2,6630000.0
3703,570.3,6711000.0
3704,570.4,6777173.209
3705,570.5,6829000.0
3706,570.6,6867000.0
3707,570.7,6891229.927
3708,570.8,6903000.0
3709,570.9,6904000.0
3710,571.0,6895890.656
3711,571.1,6880000.0
3712,571.2,6858000.0
3713,571.3,6832700.239
3714,571.4,6805000.0
3715,571.5,6775506.538
3716,571.6,6746000.0
3717,571.7,6718000.0
3718,571.8,6691038.094
3719,571.9,6665000.0
3720,572.0,6640000.0
3721,572.1,6615958.924
3722,572.2,6592000.0
3723,572.3,6567000.0
3724,572.4,6539575.231
3725,572.5,6508000.0
3726,572.6,6470574.775
3727,572.7,6426000.0
3728,572.8,6373000.0
3729,572.9,6310078.679
3730,573.0,6236000.0
3731,573.1,6150000.0
3732,573.2,6052394.747
3733,573.3,5942000.0
3734,573.4,5818000.0
3735,573.5,5682414.901
3736,573.6,5536000.0
3737,573.7,5379159.668
3738,573.8,5213000.0
3739,573.9,5039000.0
3740,574.0,4859334.568
3741,574.1,4676000.0
3742,574.2,4491000.0
3743,574.3,4306651.14
3744,574.4,4125000.0
3745,574.5,3948000.0
3746,574.6,3777633.099
3747,574.7,3616000.0
3748,574.8,3465000.0
3749,574.9,3325786.891
3750,575.0,3200000.0
3751,575.1,3089210.471
3752,575.2,2994000.0
3753,575.3,2915000.0
3754,575.4,2853504.269
3755,575.5,2809000.0
3756,575.6,2781000.0
3757,575.7,2770605.691
3758,575.8,2777000.0
3759,575.9,2799000.0
3760,576.0,2836258.949
3761,576.1,2888000.0
3762,576.2,2953000.0
3763,576.3,3029283.025
3764,576.4,3116000.0
3765,576.5,3212309.753
3766,576.6,3316000.0
3767,576.7,3425000.0
3768,576.8,3538691.326
3769,576.9,3655000.0
3770,577.0,3772000.0
3771,577.1,3889655.806
3772,577.2,4006000.0
3773,577.3,4119000.0
3774,577.4,4228598.669
3775,577.5,4334000.0
3776,577.6,4434115.294
3777,577.7,4528000.0
3778,577.8,4615000.0
3779,577.9,4695346.989
3780,578.0,4769000.0
3781,578.1,4836000.0
3782,578.2,4897013.035
3783,578.3,4952000.0
3784,578.4,5001000.0
3785,578.5,5045105.057
3786,578.6,5085000.0
3787,578.7,5121167.91
3788,578.8,5154000.0
3789,578.9,5184000.0
3790,579.0,5212110.842
3791,579.1,5239000.0
3792,579.2,5265000.0
3793,579.3,5289800.144
3794,579.4,5314000.0
3795,579.5,5338000.0
3796,579.6,5360666.394
3797,579.7,5382000.0
3798,579.8,5402000.0
3799,579.9,5419403.964
3800,580.0,5434000.0
3801,580.1,5445643.252
3802,580.2,5453000.0
3803,580.3,5455000.0
3804,580.4,5452293.213
3805,580.5,5444000.0
3806,580.6,5429000.0
3807,580.7,5407276.555
3808,580.8,5379000.0
3809,580.9,5344000.0
3810,581.0,5301368.393
3811,581.1,5252000.0
3812,581.2,5197000.0
3813,581.3,5136433.543
3814,581.4,5071000.0
3815,581.5,5001601.829
3816,581.6,4929000.0
3817,581.7,4854000.0
3818,581.8,4777553.674
3819,581.9,4700000.0
3820,582.0,4622000.0
3821,582.1,4545730.116
3822,582.2,4472000.0
3823,582.3,4401000.0
3824,582.4,4332513.128
3825,582.5,4267000.0
3826,582.6,4205057.977
3827,582.7,4147000.0
3828,582.8,4093000.0
3829,582.9,4042870.883
3830,583.0,3996000.0
3831,583.1,3952000.0
3832,583.2,3911315.704
3833,583.3,3873000.0
3834,583.4,3836000.0
3835,583.5,3800272.536
3836,583.6,3765000.0
3837,583.7,3729159.209
3838,583.8,3692000.0
3839,583.9,3653000.0
3840,584.0,3612012.446
3841,584.1,3568000.0
3842,584.2,3520000.0
3843,584.3,3468158.698
3844,584.4,3412000.0
3845,584.5,3351000.0
3846,584.6,3285197.379
3847,584.7,3214000.0
3848,584.8,3137000.0
3849,584.9,3055150.67
3850,585.0,2969000.0
3851,585.1,2878748.242
3852,585.2,2784000.0
3853,585.3,2685000.0
3854,585.4,2584194.455
3855,585.5,2481000.0
3856,585.6,2375000.0
3857,585.7,2269140.803
3858,585.8,2163000.0
3859,585.9,2056000.0
3860,586.0,1950612.993
3861,586.1,1847000.0
3862,586.2,1745000.0
3863,586.3,1645985.591
3864,586.4,1550000.0
3865,586.5,1456822.062
3866,586.6,1367000.0
3867,586.7,1281000.0
3868,586.8,1198482.415
3869,586.9,1120000.0
3870,587.0,1046000.0
3871,587.1,975667.872
3872,587.2,909100.0
3873,587.3,846600.0
3874,587.4,788032.097
3875,587.5,733300.0
3876,587.6,682357.573
3877,587.7,635200.0
3878,587.8,591800.0
3879,587.9,552023.347
3880,588.0,515800.0
3881,588.1,483100.0
3882,588.2,453916.812
3883,588.3,428100.0
3884,588.4,405500.0
3885,588.5,386087.235
3886,588.6,369700.0
3887,588.7,356148.06
3888,588.8,345300.0
3889,588.9,337000.0
3890,589.0,330966.298
3891,589.1,327000.0
3892,589.2,324900.0
3893,589.3,324367.054
3894,589.4,325200.0
3895,589.5,327200.0
3896,589.6,330073.045
3897,589.7,333600.0
3898,589.8,337600.0
3899,589.9,341927.645
3900,590.0,346400.0
3901,590.1,350834.558
3902,590.2,355100.0
3903,590.3,359100.0
3904,590.4,362815.045
3905,590.5,366200.0
3906,590.6,369200.0
3907,590.7,371773.641
3908,590.8,373900.0
3909,590.9,375600.0
3910,591.0,376988.897
3911,591.1,378000.0
3912,591.2,378600.0
3913,591.3,379029.266
3914,591.4,379300.0
3915,591.5,379370.523
3916,591.6,379300.0
3917,591.7,379200.0
3918,591.8,379238.351
3919,591.9,379400.0
3920,592.0,379700.0
3921,592.1,380423.912
3922,592.2,381700.0
3923,592.3,383600.0
3924,592.4,386232.291
3925,592.5,389800.0
3926,592.6,394523.392
3927,592.7,400600.0
3928,592.8,408200.0
3929,592.9,417446.567
3930,593.0,428600.0
3931,593.1,441900.0
3932,593.2,457398.394
3933,593.3,475300.0
3934,593.4,495800.0
3935,593.5,518878.536
3936,593.6,544600.0
3937,593.7,573043.525
3938,593.8,604200.0
3939,593.9,638000.0
3940,594.0,674245.773
3941,594.1,712800.0
3942,594.2,753500.0
3943,594.3,796003.453
3944,594.4,840000.0
3945,594.5,885200.0
3946,594.6,931270.256
3947,594.7,977700.0
3948,594.8,1024000.0
3949,594.9,1069898.021
3950,595.0,1115000.0
3951,595.1,1158858.451
3952,595.2,1201000.0
3953,595.3,1241000.0
3954,595.4,1278552.705
3955,595.5,1313000.0
3956,595.6,1344000.0
3957,595.7,1372333.47
3958,595.8,1397000.0
3959,595.9,1417000.0
3960,596.0,1433241.086
3961,596.1,1446000.0
3962,596.2,1455000.0
3963,596.3,1459278.355
3964,596.4,1459000.0
3965,596.5,1454698.978
3966,596.6,1447000.0
3967,596.7,1436000.0
3968,596.8,1420328.247
3969,596.9,1401000.0
3970,597.0,1379000.0
3971,597.1,1353013.854
3972,597.2,1324000.0
3973,597.3,1293000.0
3974,597.4,1258886.489
3975,597.5,1222000.0
3976,597.6,1183040.306
3977,597.7,1142000.0
3978,597.8,1099000.0
3979,597.9,1055032.756
3980,598.0,1010000.0
3981,598.1,963700.0
3982,598.2,916767.415
3983,598.3,869500.0
3984,598.4,822100.0
3985,598.5,774924.675
3986,598.6,728200.0
3987,598.7,682140.965
3988,598.8,637100.0
3989,598.9,593400.0
3990,599.0,551154.754
3991,599.1,510600.0
3992,599.2,472000.0
3993,599.3,435545.225
3994,599.4,401400.0
3995,599.5,369700.0
3996,599.6,340496.232
3997,599.7,313900.0
3998,599.8,290000.0
3999,599.9,268733.875
4000,600.0,250100.0
4001,600.1,234107.072
4002,600.2,220700.0
4003,600.3,209800.0
4004,600.4,201300.501
4005,600.5,195100.0
4006,600.6,191100.0
4007,600.7,189188.196
4008,600.8,189200.0
4009,600.9,191000.0
4010,601.0,194579.031
4011,601.1,199800.0
4012,601.2,206500.0
4013,601.3,214586.78
4014,601.4,224000.0
4015,601.5,234673.169
4016,601.6,246500.0
4017,601.7,259400.0
4018,601.8,273397.499
4019,601.9,288400.0
4020,602.0,304300.0
4021,602.1,321063.073
4022,602.2,338600.0
4023,602.3,356800.0
4024,602.4,375542.632
4025,602.5,394700.0
4026,602.6,414137.616
4027,602.7,433700.0
4028,602.8,453200.0
4029,602.9,472367.894
4030,603.0,491000.0
4031,603.1,508900.0
4032,603.2,525814.742
4033,603.3,541500.0
4034,603.4,555700.0
4035,603.5,568123.11
4036,603.6,578600.0
4037,603.7,586986.615
4038,603.8,593100.0
4039,603.9,596800.0
4040,604.0,598120.05
4041,604.1,597000.0
4042,604.2,593400.0
4043,604.3,587499.166
4044,604.4,579500.0
4045,604.5,569600.0
4046,604.6,558042.027
4047,604.7,545200.0
4048,604.8,531500.0
4049,604.9,517439.758
4050,605.0,503500.0
4051,605.1,490181.192
4052,605.2,478100.0
4053,605.3,467900.0
4054,605.4,460206.021
4055,605.5,455600.0
4056,605.6,454700.0
4057,605.7,458262.127
4058,605.8,466900.0
4059,605.9,481200.0
4060,606.0,501794.453
4061,606.1,529200.0
4062,606.2,563900.0
4063,606.3,606364.389
4064,606.4,657000.0
4065,606.5,716154.17
4066,606.6,784000.0
4067,606.7,860600.0
4068,606.8,945851.93
4069,606.9,1040000.0
4070,607.0,1143000.0
4071,607.1,1253650.745
4072,607.2,1372000.0
4073,607.3,1498000.0
4074,607.4,1629934.615
4075,607.5,1767000.0
4076,607.6,1908531.097
4077,607.7,2053000.0
4078,607.8,2199000.0
4079,607.9,2346010.285
4080,608.0,2492000.0
4081,608.1,2635000.0
4082,608.2,2774628.326
4083,608.3,2909000.0
4084,608.4,3036000.0
4085,608.5,3154603.767
4086,608.6,3264000.0
4087,608.7,3363253.9
4088,608.8,3451000.0
4089,608.9,3526000.0
4090,609.0,3587979.859
4091,609.1,3637000.0
4092,609.2,3673000.0
4093,609.3,3695558.915
4094,609.4,3705000.0
4095,609.5,3702000.0
4096,609.6,3687558.321
4097,609.7,3662000.0
4098,609.8,3626000.0
4099,609.9,3581970.058
4100,610.0,3531000.0
4101,610.1,3473745.648
4102,610.2,3411000.0
4103,610.3,3344000.0
4104,610.4,3275102.6
4105,610.5,3205000.0
4106,610.6,3134000.0
4107,610.7,3062969.656
4108,610.8,2993000.0
4109,610.9,2925000.0
4110,611.0,2859052.072
4111,611.1,2795000.0
4112,611.2,2733000.0
4113,611.3,2673962.458
4114,611.4,2617000.0
4115,611.5,2561116.558
4116,611.6,2507000.0
4117,611.7,2455000.0
4118,611.8,2403074.22
4119,611.9,2351000.0
4120,612.0,2299000.0
4121,612.1,2246533.856
4122,612.2,2193000.0
4123,612.3,2138000.0
4124,612.4,2081700.549
4125,612.5,2024000.0
4126,612.6,1964618.461
4127,612.7,1903000.0
4128,612.8,1839000.0
4129,612.9,1773839.839
4130,613.0,1707000.0
4131,613.1,1638000.0
4132,613.2,1568274.038
4133,613.3,1498000.0
4134,613.4,1427000.0
4135,613.5,1355532.75
4136,613.6,1284000.0
4137,613.7,1212764.894
4138,613.8,1142000.0
4139,613.9,1072000.0
4140,614.0,1003531.201
4141,614.1,936700.0
4142,614.2,871500.0
4143,614.3,808256.22
4144,614.4,747200.0
4145,614.5,688500.0
4146,614.6,632277.706
4147,614.7,578700.0
4148,614.8,527900.0
4149,614.9,479848.22
4150,615.0,434600.0
4151,615.1,392222.959
4152,615.2,352700.0
4153,615.3,316000.0
4154,615.4,282099.703
4155,615.5,250900.0
4156,615.6,222300.0
4157,615.7,196259.944
4158,615.8,172700.0
4159,615.9,151500.0
4160,616.0,132479.434
4161,616.1,115600.0
4162,616.2,100800.0
4163,616.3,87816.281
4164,616.4,76560.0
4165,616.5,66985.474
4166,616.6,58980.0
4167,616.7,52420.0
4168,616.8,47210.151
4169,616.9,43280.0
4170,617.0,40560.0
4171,617.1,38973.122
4172,617.2,38470.0
4173,617.3,39010.0
4174,617.4,40558.242
4175,617.5,43090.0
4176,617.6,46584.816
4177,617.7,51030.0
4178,617.8,56420.0
4179,617.9,62766.231
4180,618.0,70070.0
4181,618.1,78330.0
4182,618.2,87559.268
4183,618.3,97810.0
4184,618.4,109100.0
4185,618.5,121331.168
4186,618.6,134600.0
4187,618.7,149015.723
4188,618.8,164500.0
4189,618.9,181000.0
4190,619.0,198681.659
4191,619.1,217500.0
4192,619.2,237400.0
4193,619.3,258512.489
4194,619.4,280800.0
4195,619.5,304200.0
4196,619.6,328761.92
4197,619.7,354500.0
4198,619.8,381400.0
4199,619.9,409409.771
4200,620.0,438500.0
4201,620.1,468645.112
4202,620.2,499800.0
4203,620.3,531900.0
4204,620.4,564843.342
4205,620.5,598600.0
4206,620.6,633100.0
4207,620.7,668089.188
4208,620.8,703500.0
4209,620.9,739300.0
4210,621.0,775351.576
4211,621.1,811500.0
4212,621.2,847600.0
4213,621.3,883560.245
4214,621.4,919400.0
4215,621.5,955089.589
4216,621.6,990300.0
4217,621.7,1025000.0
4218,621.8,1060139.031
4219,621.9,1095000.0
4220,622.0,1129000.0
4221,622.1,1163627.894
4222,622.2,1199000.0
4223,622.3,1235000.0
4224,622.4,1272343.32
4225,622.5,1311000.0
4226,622.6,1350921.272
4227,622.7,1393000.0
4228,622.8,1438000.0
4229,622.9,1485649.346
4230,623.0,1537000.0
4231,623.1,1593000.0
4232,623.2,1652893.599
4233,623.3,1717000.0
4234,623.4,1786000.0
4235,623.5,1860326.436
4236,623.6,1940000.0
4237,623.7,2024935.788
4238,623.8,2115000.0
4239,623.9,2210000.0
4240,624.0,2309526.146
4241,624.1,2413000.0
4242,624.2,2520000.0
4243,624.3,2630469.478
4244,624.4,2743000.0
4245,624.5,2856000.0
4246,624.6,2968625.771
4247,624.7,3080000.0
4248,624.8,3189000.0
4249,624.9,3293979.971
4250,625.0,3394000.0
4251,625.1,3488056.658
4252,625.2,3574000.0
4253,625.3,3650000.0
4254,625.4,3716257.671
4255,625.5,3772000.0
4256,625.6,3816000.0
4257,625.7,3846937.238
4258,625.8,3864000.0
4259,625.9,3867000.0
4260,626.0,3857144.524
4261,626.1,3834000.0
4262,626.2,3797000.0
4263,626.3,3747052.885
4264,626.4,3685000.0
4265,626.5,3611756.806
4266,626.6,3529000.0
4267,626.7,3438000.0
4268,626.8,3338489.613
4269,626.9,3233000.0
4270,627.0,3124000.0
4271,627.1,3011082.199
4272,627.2,2896000.0
4273,627.3,2781000.0
4274,627.4,2667284.47
4275,627.5,2556000.0
4276,627.6,2448281.743
4277,627.7,2345000.0
4278,627.8,2247000.0
4279,627.9,2155050.84
4280,628.0,2069000.0
4281,628.1,1989000.0
4282,628.2,1916756.272
4283,628.3,1852000.0
4284,628.4,1794000.0
4285,628.5,1742671.369
4286,628.6,1698000.0
4287,628.7,1659763.105
4288,628.8,1627000.0
4289,628.9,1599000.0
4290,629.0,1576311.239
4291,629.1,1558000.0
4292,629.2,1543000.0
4293,629.3,1531436.094
4294,629.4,1523000.0
4295,629.5,1517000.0
4296,629.6,1512323.223
4297,629.7,1509000.0
4298,629.8,1507000.0
4299,629.9,1505073.867
4300,630.0,1503000.0
4301,630.1,1500919.132
4302,630.2,1499000.0
4303,630.3,1497000.0
4304,630.4,1493418.77
4305,630.5,1488000.0
4306,630.6,1481000.0
4307,630.7,1472821.795
4308,630.8,1463000.0
4309,630.9,1451000.0
4310,631.0,1436944.053
4311,631.1,1421000.0
4312,631.2,1403000.0
4313,631.3,1381936.03
4314,631.4,1358000.0
4315,631.5,1331661.891
4316,631.6,1303000.0
4317,631.7,1272000.0
4318,631.8,1238666.451
4319,631.9,1203000.0
4320,632.0,1165000.0
4321,632.1,1124793.106
4322,632.2,1083000.0
4323,632.3,1040000.0
4324,632.4,995101.693
4325,632.5,948800.0
4326,632.6,901837.944
4327,632.7,854400.0
4328,632.8,806600.0
4329,632.9,758784.987
4330,633.0,711200.0
4331,633.1,664100.0
4332,633.2,617879.36
4333,633.3,572700.0
4334,633.4,528700.0
4335,633.5,486170.086
4336,633.6,445300.0
4337,633.7,406236.145
4338,633.8,369100.0
4339,633.9,334000.0
4340,634.0,301001.535
4341,634.1,270100.0
4342,634.2,241300.0
4343,634.3,214675.15
4344,634.4,190200.0
4345,634.5,167800.0
4346,634.6,147350.794
4347,634.7,128800.0
4348,634.8,112100.0
4349,634.9,97135.909
4350,635.0,83790.0
4351,635.1,71948.681
4352,635.2,61500.0
4353,635.3,52330.0
4354,635.4,44318.915
4355,635.5,37360.0
4356,635.6,31350.0
4357,635.7,26185.756
4358,635.8,21770.0
4359,635.9,18010.0
4360,636.0,14826.548
4361,636.1,12150.0
4362,636.2,9912.0
4363,636.3,8046.239
4364,636.4,6500.0
4365,636.5,5225.532
4366,636.6,4181.0
4367,636.7,3328.0
4368,636.8,2636.298
4369,636.9,2079.0
4370,637.0,1631.0
4371,637.1,1273.299
4372,637.2,989.7
4373,637.3,765.2
4374,637.4,588.529
4375,637.5,450.6
4376,637.6,343.188
4377,637.7,260.2
4378,637.8,196.3
4379,637.9,147.275
4380,638.0,110.0
4381,638.1,81.72
4382,638.2,60.386
4383,638.3,44.45
4384,638.4,32.54
4385,638.5,23.684
4386,638.6,17.17
4387,638.7,12.376
4388,638.8,8.882
4389,638.9,6.34
4390,639.0,4.499
4391,639.1,3.182
4392,639.2,2.237
4393,639.3,1.563
4394,639.4,1.089
4395,639.5,0.754
4396,639.6,0.519
4397,639.7,0.356
4398,639.8,0.243
4399,639.9,0.165
4400,640.0,0.111
4401,640.1,0.075
4402,640.2,0.05
4403,640.3,0.033
4404,640.4,0.022
4405,640.5,0.014
4406,640.6,0.009
4407,640.7,0.006
4408,640.8,0.004
4409,640.9,0.003
4410,641.0,0.002
4411,641.1,0.001
4412,641.2,0.001
4413,641.3,0.0
4414,641.4,0.0
4415,641.5,0.0
4416,641.6,0.0
4417,641.7,0.0
4418,641.8,0.0
4419,641.9,0.0
4420,642.0,0.0
4421,642.1,0.0
4422,642.2,0.0
4423,642.3,0.0
4424,642.4,0.0
4425,642.5,0.0
4426,642.6,0.0
4427,642.7,0.0
4428,642.8,0.0
4429,642.9,0.0
4430,643.0,0.0
4431,643.1,0.0
4432,643.2,0.0
4433,643.3,0.0
4434,643.4,0.0
4435,643.5,0.0
4436,643.6,0.001
4437,643.7,0.001
4438,643.8,0.001
4439,643.9,0.002
4440,644.0,0.003
4441,644.1,0.005
4442,644.2,0.007
4443,644.3,0.011
4444,644.4,0.017
4445,644.5,0.025
4446,644.6,0.036
4447,644.7,0.053
4448,644.8,0.078
4449,644.9,0.114
4450,645.0,0.165
4451,645.1,0.238
4452,645.2,0.341
4453,645.3,0.488
4454,645.4,0.693
4455,645.5,0.982
4456,645.6,1.384
4457,645.7,1.94
4458,645.8,2.71
4459,645.9,3.765
4460,646.0,5.204
4461,646.1,7.17
4462,646.2,9.826
4463,646.3,13.401
4464,646.4,18.2
4465,646.5,24.584
4466,646.6,33.09
4467,646.7,44.32
4468,646.8,59.05
4469,646.9,78.4
4470,647.0,103.6
4471,647.1,136.145
4472,647.2,178.2
4473,647.3,232.2
4474,647.4,301.173
4475,647.5,388.9
4476,647.6,499.7
4477,647.7,639.4
4478,647.8,814.4
4479,647.9,1032.361
4480,648.0,1303.0
4481,648.1,1637.0
4482,648.2,2047.5
4483,648.3,2550.0
4484,648.4,3161.0
4485,648.5,3900.064
4486,648.6,4791.0
4487,648.7,5859.365
4488,648.8,7134.0
4489,648.9,8647.0
4490,649.0,10437.969
4491,649.1,12540.0
4492,649.2,14990.0
4493,649.3,17846.028
4494,649.4,21160.0
4495,649.5,24980.0
4496,649.6,29353.84
4497,649.7,34340.0
4498,649.8,40000.0
4499,649.9,46394.747
4500,650.0,53580.0
4501,650.1,61610.22
4502,650.2,70540.0
4503,650.3,80420.0
4504,650.4,91289.282
4505,650.5,103200.0
4506,650.6,116200.0
4507,650.7,130301.147
4508,650.8,145500.0
4509,650.9,161800.0
4510,651.0,179218.502
4511,651.1,197700.0
4512,651.2,217200.0
4513,651.3,237760.637
4514,651.4,259300.0
4515,651.5,281718.342
4516,651.6,305000.0
4517,651.7,329100.0
4518,651.8,353819.607
4519,651.9,379100.0
4520,652.0,404900.0
4521,652.1,431085.573
4522,652.2,457600.0
4523,652.3,484400.0
4524,652.4,511394.275
4525,652.5,538500.0
4526,652.6,565660.266
4527,652.7,592900.0
4528,652.8,620200.0
4529,652.9,647369.467
4530,653.0,674500.0
4531,653.1,701700.0
4532,653.2,728853.975
4533,653.3,756000.0
4534,653.4,783200.0
4535,653.5,810404.645
4536,653.6,837600.0
4537,653.7,864792.17
4538,653.8,892000.0
4539,653.9,919200.0
4540,654.0,946235.513
4541,654.1,973100.0
4542,654.2,999700.0
4543,654.3,1025595.784
4544,654.4,1051000.0
4545,654.5,1076000.0
4546,654.6,1099686.643
4547,654.7,1122000.0
4548,654.8,1143000.0
4549,654.9,1162134.678
4550,655.0,1179000.0
4551,655.1,1193318.749
4552,655.2,1205000.0
4553,655.3,1214000.0
4554,655.4,1220178.463
4555,655.5,1223000.0
4556,655.6,1222000.0
4557,655.7,1217322.42
4558,655.8,1209000.0
4559,655.9,1197000.0
4560,656.0,1181319.051
4561,656.1,1162000.0
4562,656.2,1139000.0
4563,656.3,1112122.863
4564,656.4,1082000.0
4565,656.5,1049310.438
4566,656.6,1014000.0
4567,656.7,976000.0
4568,656.8,935851.168
4569,656.9,894000.0
4570,657.0,850800.0
4571,657.1,806545.164
4572,657.2,761700.0
4573,657.3,716700.0
4574,657.4,671736.371
4575,657.5,627200.0
4576,657.6,583494.967
4577,657.7,540800.0
4578,657.8,499300.0
4579,657.9,459369.017
4580,658.0,421200.0
4581,658.1,384900.0
4582,658.2,350512.303
4583,658.3,318200.0
4584,658.4,288100.0
4585,658.5,260134.185
4586,658.6,234300.0
4587,658.7,210622.596
4588,658.8,189100.0
4589,658.9,169700.0
4590,659.0,152316.532
4591,659.1,136900.0
4592,659.2,123400.0
4593,659.3,111696.15
4594,659.4,101700.0
4595,659.5,93350.0
4596,659.6,86621.299
4597,659.7,81430.0
4598,659.8,77690.0
4599,659.9,75370.231
4600,660.0,74420.0
4601,660.1,74787.239
4602,660.2,76450.0
4603,660.3,79390.0
4604,660.4,83580.632
4605,660.5,89020.0
4606,660.6,95700.0
4607,660.7,103581.311
4608,660.8,112700.0
4609,660.9,123100.0
4610,661.0,134758.441
4611,661.1,147600.0
4612,661.2,161600.0
4613,661.3,176899.518
4614,661.4,193400.0
4615,661.5,210976.71
4616,661.6,229700.0
4617,661.7,249600.0
4618,661.8,270433.648
4619,661.9,292200.0
4620,662.0,314900.0
4621,662.1,338282.329
4622,662.2,362300.0
4623,662.3,386900.0
4624,662.4,411779.951
4625,662.5,436800.0
4626,662.6,461862.655
4627,662.7,486800.0
4628,662.8,511400.0
4629,662.9,535383.432
4630,663.0,558600.0
4631,663.1,580900.0
4632,663.2,602005.543
4633,663.3,621700.0
4634,663.4,639800.0
4635,663.5,656152.484
4636,663.6,670600.0
4637,663.7,682989.711
4638,663.8,693200.0
4639,663.9,701100.0
4640,664.0,706533.653
4641,664.1,709500.0
4642,664.2,710000.0
4643,664.3,707931.914
4644,664.4,703400.0
4645,664.5,696500.0
4646,664.6,687136.019
4647,664.7,675500.0
4648,664.8,661800.0
4649,664.9,646026.383
4650,665.0,628400.0
4651,665.1,609183.147
4652,665.2,588500.0
4653,665.3,566500.0
4654,665.4,543513.801
4655,665.5,519700.0
4656,665.6,495200.0
4657,665.7,470293.265
4658,665.8,445200.0
4659,665.9,420100.0
4660,666.0,395131.811
4661,666.1,370500.0
4662,666.2,346400.0
4663,666.3,322924.806
4664,666.4,300200.0
4665,666.5,278358.437
4666,666.6,257500.0
4667,666.7,237700.0
4668,666.8,218981.066
4669,666.9,201400.0
4670,667.0,185000.0
4671,667.1,169748.078
4672,667.2,155700.0
4673,667.3,142900.0
4674,667.4,131251.65
4675,667.5,120700.0
4676,667.6,111216.944
4677,667.7,102800.0
4678,667.8,95430.0
4679,667.9,89011.465
4680,668.0,83490.0
4681,668.1,78820.0
4682,668.2,74930.77
4683,668.3,71760.0
4684,668.4,69250.0
4685,668.5,67344.214
4686,668.6,65980.0
4687,668.7,65094.401
4688,668.8,64630.0
4689,668.9,64530.0
4690,669.0,64737.915
4691,669.1,65210.0
4692,669.2,65900.0
4693,669.3,66745.788
4694,669.4,67710.0
4695,669.5,68760.0
4696,669.6,69854.3
4697,669.7,70960.0
4698,669.8,72050.0
4699,669.9,73107.118
4700,670.0,74110.0
4701,670.1,75037.95
4702,670.2,75880.0
4703,670.3,76630.0
4704,670.4,77290.122
4705,670.5,77860.0
4706,670.6,78340.0
4707,670.7,78740.189
4708,670.8,79080.0
4709,670.9,79380.0
4710,671.0,79657.815
4711,671.1,79930.0
4712,671.2,80220.0
4713,671.3,80573.444
4714,671.4,81020.0
4715,671.5,81585.078
4716,671.6,82300.0
4717,671.7,83200.0
4718,671.8,84326.61
4719,671.9,85710.0
4720,672.0,87380.0
4721,672.1,89374.879
4722,672.2,91720.0
4723,672.3,94440.0
4724,672.4,97565.265
4725,672.5,101100.0
4726,672.6,105042.89
4727,672.7,109400.0
4728,672.8,114200.0
4729,672.9,119505.061
4730,673.0,125200.0
4731,673.1,131200.0
4732,673.2,137660.554
4733,673.3,144500.0
4734,673.4,151600.0
4735,673.5,158983.528
4736,673.6,166600.0
4737,673.7,174380.634
4738,673.8,182300.0
4739,673.9,190300.0
4740,674.0,198202.267
4741,674.1,206000.0
4742,674.2,213700.0
4743,674.3,221179.506
4744,674.4,228400.0
4745,674.5,235300.0
4746,674.6,241680.076
4747,674.7,247600.0
4748,674.8,253100.0
4749,674.9,257924.165
4750,675.0,262100.0
4751,675.1,265700.583
4752,675.2,268600.0
4753,675.3,270700.0
4754,675.4,272146.389
4755,675.5,272900.0
4756,675.6,272900.0
4757,675.7,272230.942
4758,675.8,270900.0
4759,675.9,268900.0
4760,676.0,266283.216
4761,676.1,263100.0
4762,676.2,259400.0
4763,676.3,255246.402
4764,676.4,250700.0
4765,676.5,245824.322
4766,676.6,240700.0
4767,676.7,235400.0
4768,676.8,229954.298
4769,676.9,224400.0
4770,677.0,218800.0
4771,677.1,213267.298
4772,677.2,207800.0
4773,677.3,202400.0
4774,677.4,197188.817
4775,677.5,192200.0
4776,677.6,187435.923
4777,677.7,182900.0
4778,677.8,178600.0
4779,677.9,174559.019
4780,678.0,170800.0
4781,678.1,167300.0
4782,678.2,163928.864
4783,678.3,160800.0
4784,678.4,158000.0
4785,678.5,155300.881
4786,678.6,152700.0
4787,678.7,150249.95
4788,678.8,147900.0
4789,678.9,145600.0
4790,679.0,143380.658
4791,679.1,141200.0
4792,679.2,139000.0
4793,679.3,136762.747
4794,679.4,134500.0
4795,679.5,132200.0
4796,679.6,129779.424
4797,679.7,127300.0
4798,679.8,124800.0
4799,679.9,122118.32
4800,680.0,119300.0
4801,680.1,116420.011
4802,680.2,113400.0
4803,680.3,110200.0
4804,680.4,106998.866
4805,680.5,103700.0
4806,680.6,100200.0
4807,680.7,96659.913
4808,680.8,93080.0
4809,680.9,89420.0
4810,681.0,85711.043
4811,681.1,81970.0
4812,681.2,78210.0
4813,681.3,74459.999
4814,681.4,70740.0
4815,681.5,67067.031
4816,681.6,63460.0
4817,681.7,59940.0
4818,681.8,56534.403
4819,681.9,53270.0
4820,682.0,50170.0
4821,682.1,47248.723
4822,682.2,44530.0
4823,682.3,42040.0
4824,682.4,39802.06
4825,682.5,37840.0
4826,682.6,36175.449
4827,682.7,34820.0
4828,682.8,33790.0
4829,682.9,33121.45
4830,683.0,32820.0
4831,683.1,32890.0
4832,683.2,33359.521
4833,683.3,34230.0
4834,683.4,35500.0
4835,683.5,37186.126
4836,683.6,39290.0
4837,683.7,41805.959
4838,683.8,44720.0
4839,683.9,48020.0
4840,684.0,51703.844
4841,684.1,55750.0
4842,684.2,60130.0
4843,684.3,64811.124
4844,684.4,69760.0
4845,684.5,74940.0
4846,684.6,80303.582
4847,684.7,85810.0
4848,684.8,91410.0
4849,684.9,97021.891
4850,685.0,102600.0
4851,685.1,108108.016
4852,685.2,113500.0
4853,685.3,118700.0
4854,685.4,123565.272
4855,685.5,128100.0
4856,685.6,132300.0
4857,685.7,136003.698
4858,685.8,139200.0
4859,685.9,141900.0
4860,686.0,144029.551
4861,686.1,145600.0
4862,686.2,146600.0
4863,686.3,146879.338
4864,686.4,146500.0
4865,686.5,145555.239
4866,686.6,144000.0
4867,686.7,141800.0
4868,686.8,139064.919
4869,686.9,135800.0
4870,687.0,132000.0
4871,687.1,127751.008
4872,687.2,123100.0
4873,687.3,118100.0
4874,687.4,112863.202
4875,687.5,107400.0
4876,687.6,101711.996
4877,687.7,95890.0
4878,687.8,90030.0
4879,687.9,84165.884
4880,688.0,78340.0
4881,688.1,72600.0
4882,688.2,66987.962
4883,688.3,61540.0
4884,688.4,56290.0
4885,688.5,51266.271
4886,688.6,46490.0
4887,688.7,41978.536
4888,688.8,37740.0
4889,688.9,33780.0
4890,689.0,30102.753
4891,689.1,26710.0
4892,689.2,23600.0
4893,689.3,20760.393
4894,689.4,18180.0
4895,689.5,15850.0
4896,689.6,13763.331
4897,689.7,11900.0
4898,689.8,10240.0
4899,689.9,8774.732
4900,690.0,7488.0
4901,690.1,6361.67
4902,690.2,5381.0
4903,690.3,4532.0
4904,690.4,3800.49
4905,690.5,3173.0
4906,690.6,2637.0
4907,690.7,2182.548
4908,690.8,1799.0
4909,690.9,1476.0
4910,691.0,1205.744
4911,691.1,980.9
4912,691.2,794.4
4913,691.3,640.527
4914,691.4,514.3
4915,691.5,411.085
4916,691.6,327.2
4917,691.7,259.3
4918,691.8,204.55
4919,691.9,160.7
4920,692.0,125.7
4921,692.1,97.888
4922,692.2,75.93
4923,692.3,58.62
4924,692.4,45.051
4925,692.5,34.49
4926,692.6,26.277
4927,692.7,19.94
4928,692.8,15.07
4929,692.9,11.332
4930,693.0,8.488
4931,693.1,6.329
4932,693.2,4.696
4933,693.3,3.473
4934,693.4,2.557
4935,693.5,1.873
4936,693.6,1.367
4937,693.7,0.993
4938,693.8,0.718
4939,693.9,0.517
4940,694.0,0.371
4941,694.1,0.265
4942,694.2,0.188
4943,694.3,0.133
4944,694.4,0.094
4945,694.5,0.066
4946,694.6,0.047
4947,694.7,0.033
4948,694.8,0.023
4949,694.9,0.017
4950,695.0,0.013
4951,695.1,0.011
4952,695.2,0.01
4953,695.3,0.011
4954,695.4,0.013
4955,695.5,0.016
4956,695.6,0.022
4957,695.7,0.03
4958,695.8,0.041
4959,695.9,0.057
4960,696.0,0.08
4961,696.1,0.11
4962,696.2,0.152
4963,696.3,0.21
4964,696.4,0.288
4965,696.5,0.394
4966,696.6,0.537
4967,696.7,0.73
4968,696.8,0.988
4969,696.9,1.333
4970,697.0,1.791
4971,697.1,2.397
4972,697.2,3.198
4973,697.3,4.249
4974,697.4,5.624
4975,697.5,7.419
4976,697.6,9.748
4977,697.7,12.76
4978,697.8,16.63
4979,697.9,21.595
4980,698.0,27.95
4981,698.1,36.02
4982,698.2,46.233
4983,698.3,59.14
4984,698.4,75.35
4985,698.5,95.635
4986,698.6,120.9
4987,698.7,152.177
4988,698.8,190.9
4989,698.9,238.6
4990,699.0,296.947
4991,699.1,368.2
4992,699.2,454.8
4993,699.3,559.488
4994,699.4,685.7
4995,699.5,837.1
4996,699.6,1017.835
4997,699.7,1233.0
4998,699.8,1488.0
4999,699.9,1788.762
5000,700.0,2142.0
5001,700.1,2554.922
5002,700.2,3036.0
5003,700.3,3594.0
5004,700.4,4237.918
5005,700.5,4978.0
5006,700.6,5825.0
5007,700.7,6790.428
5008,700.8,7886.0
5009,700.9,9123.0
5010,701.0,10512.343
5011,701.1,12070.0
5012,701.2,13810.0
5013,701.3,15736.013
5014,701.4,17860.0
5015,701.5,20195.406
5016,701.6,22750.0
5017,701.7,25530.0
5018,701.8,28541.238
5019,701.9,31790.0
5020,702.0,35280.0
5021,702.1,39005.027
5022,702.2,42960.0
5023,702.3,47140.0
5024,702.4,51535.431
5025,702.5,56130.0
5026,702.6,60905.255
5027,702.7,65840.0
5028,702.8,70910.0
5029,702.9,76083.011
5030,703.0,81330.0
5031,703.1,86620.0
5032,703.2,91908.91
5033,703.3,97150.0
5034,703.4,102300.0
5035,703.5,107327.588
5036,703.6,112200.0
5037,703.7,116877.85
5038,703.8,121300.0
5039,703.9,125400.0
5040,704.0,129128.169
5041,704.1,132500.0
5042,704.2,135500.0
5043,704.3,137983.766
5044,704.4,140000.0
5045,704.5,141600.0
5046,704.6,142645.202
5047,704.7,143100.0
5048,704.8,143000.0
5049,704.9,142454.362
5050,705.0,141400.0
5051,705.1,139759.317
5052,705.2,137600.0
5053,705.3,135000.0
5054,705.4,131952.189
5055,705.5,128500.0
5056,705.6,124700.0
5057,705.7,120574.608
5058,705.8,116100.0
5059,705.9,111300.0
5060,706.0,106366.743
5061,706.1,101300.0
5062,706.2,96070.0
5063,706.3,90762.408
5064,706.4,85430.0
5065,706.5,80108.34
5066,706.6,74830.0
5067,706.7,69630.0
5068,706.8,64549.966
5069,706.9,59610.0
5070,707.0,54830.0
5071,707.1,50246.137
5072,707.2,45870.0
5073,707.3,41710.0
5074,707.4,37786.403
5075,707.5,34100.0
5076,707.6,30648.347
5077,707.7,27440.0
5078,707.8,24480.0
5079,707.9,21752.238
5080,708.0,19250.0
5081,708.1,16970.0
5082,708.2,14905.091
5083,708.3,13040.0
5084,708.4,11360.0
5085,708.5,9858.294
5086,708.6,8523.0
5087,708.7,7340.404
5088,708.8,6297.0
5089,708.9,5380.0
5090,709.0,4578.861
5091,709.1,3882.0
5092,709.2,3278.0
5093,709.3,2757.568
5094,709.4,2311.0
5095,709.5,1929.0
5096,709.6,1604.562
5097,709.7,1330.0
5098,709.8,1098.0
5099,709.9,903.799
5100,710.0,742.3
5101,710.1,608.462
5102,710.2,498.5
5103,710.3,409.0
5104,710.4,336.937
5105,710.5,280.0
5106,710.6,236.1
5107,710.7,203.511
5108,710.8,181.1
5109,710.9,167.9
5110,711.0,163.176
5111,711.1,166.7
5112,711.2,178.4
5113,711.3,198.445
5114,711.4,227.4
5115,711.5,265.999
5116,711.6,315.3
5117,711.7,376.5
5118,711.8,451.136
5119,711.9,541.2
5120,712.0,648.8
5121,712.1,776.236
5122,712.2,926.3
5123,712.3,1102.0
5124,712.4,1306.736
5125,712.5,1544.0
5126,712.6,1817.525
5127,712.7,2132.0
5128,712.8,2492.0
5129,712.9,2901.202
5130,713.0,3365.0
5131,713.1,3889.0
5132,713.2,4477.733
5133,713.3,5136.0
5134,713.4,5869.0
5135,713.5,6682.539
5136,713.6,7581.0
5137,713.7,8568.527
5138,713.8,9650.0
5139,713.9,10830.0
5140,714.0,12110.471
5141,714.1,13490.0
5142,714.2,14970.0
5143,714.3,16561.391
5144,714.4,18260.0
5145,714.5,20060.0
5146,714.6,21964.847
5147,714.7,23970.0
5148,714.8,26070.0
5149,714.9,28264.982
5150,715.0,30550.0
5151,715.1,32917.95
5152,715.2,35360.0
5153,715.3,37870.0
5154,715.4,40450.229
5155,715.5,43090.0
5156,715.6,45780.0
5157,715.7,48526.847
5158,715.8,51320.0
5159,715.9,54150.0
5160,716.0,57030.901
5161,716.1,59970.0
5162,716.2,62970.0
5163,716.3,66032.112
5164,716.4,69170.0
5165,716.5,72401.816
5166,716.6,75750.0
5167,716.7,79240.0
5168,716.8,82903.748
5169,716.9,86770.0
5170,717.0,90870.0
5171,717.1,95252.525
5172,717.2,99980.0
5173,717.3,105100.0
5174,717.4,110614.133
5175,717.5,116600.0
5176,717.6,123147.199
5177,717.7,130300.0
5178,717.8,138100.0
5179,717.9,146616.528
5180,718.0,155900.0
5181,718.1,166000.0
5182,718.2,176971.49
5183,718.3,188800.0
5184,718.4,201500.0
5185,718.5,215216.561
5186,718.6,229900.0
5187,718.7,245474.216
5188,718.8,262000.0
5189,718.9,279500.0
5190,719.0,297772.022
5191,719.1,316800.0
5192,719.2,336600.0
5193,719.3,357054.619
5194,719.4,378000.0
5195,719.5,399300.0
5196,719.6,420899.567
5197,719.7,442600.0
5198,719.8,464200.0
5199,719.9,485626.163
5200,720.0,506700.0
5201,720.1,527215.156
5202,720.2,547000.0
5203,720.3,565900.0
5204,720.4,583772.996
5205,720.5,600400.0
5206,720.6,615600.0
5207,720.7,629391.283
5208,720.8,641700.0
5209,720.9,652400.0
5210,721.0,661341.886
5211,721.1,668500.0
5212,721.2,673900.0
5213,721.3,677620.456
5214,721.4,679700.0
5215,721.5,680171.315
5216,721.6,679100.0
5217,721.7,676600.0
5218,721.8,672901.763
5219,721.9,668100.0
5220,722.0,662300.0
5221,722.1,655781.012
5222,722.2,648700.0
5223,722.3,641200.0
5224,722.4,633516.427
5225,722.5,625800.0
5226,722.6,618190.634
5227,722.7,610900.0
5228,722.8,604100.0
5229,722.9,597784.399
5230,723.0,592100.0
5231,723.1,587200.0
5232,723.2,583067.553
5233,723.3,579700.0
5234,723.4,577100.0
5235,723.5,575237.671
5236,723.6,574100.0
5237,723.7,573646.485
5238,723.8,573700.0
5239,723.9,574100.0
5240,724.0,574831.413
5241,724.1,575700.0
5242,724.2,576500.0
5243,724.3,577165.417
5244,724.4,577500.0
5245,724.5,577300.0
5246,724.6,576482.551
5247,724.7,574900.0
5248,724.8,572400.0
5249,724.9,568901.625
5250,725.0,564300.0
5251,725.1,558488.738
5252,725.2,551400.0
5253,725.3,543000.0
5254,725.4,533334.346
5255,725.5,522400.0
5256,725.6,510200.0
5257,725.7,496818.626
5258,725.8,482300.0
5259,725.9,466700.0
5260,726.0,450166.853
5261,726.1,432800.0
5262,726.2,414700.0
5263,726.3,396030.096
5264,726.4,376900.0
5265,726.5,357422.937
5266,726.6,337800.0
5267,726.7,318200.0
5268,726.8,298622.027
5269,726.9,279200.0
5270,727.0,260100.0
5271,727.1,241430.98
5272,727.2,223300.0
5273,727.3,205800.0
5274,727.4,188970.661
5275,727.5,172900.0
5276,727.6,157660.906
5277,727.7,143200.0
5278,727.8,129500.0
5279,727.9,116743.795
5280,728.0,104900.0
5281,728.1,93890.0
5282,728.2,83719.166
5283,728.3,74380.0
5284,728.4,65850.0
5285,728.5,58087.031
5286,728.6,51060.0
5287,728.7,44737.518
5288,728.8,39070.0
5289,728.9,34010.0
5290,729.0,29531.012
5291,729.1,25590.0
5292,729.2,22140.0
5293,729.3,19141.916
5294,729.4,16560.0
5295,729.5,14360.0
5296,729.6,12512.431
5297,729.7,10990.0
5298,729.8,9766.0
5299,729.9,8816.645
5300,730.0,8125.0
5301,730.1,7676.683
5302,730.2,7461.0
5303,730.3,7469.0
5304,730.4,7695.868
5305,730.5,8141.0
5306,730.6,8805.0
5307,730.7,9691.394
5308,730.8,10810.0
5309,730.9,12170.0
5310,731.0,13776.482
5311,731.1,15650.0
5312,731.2,17810.0
5313,731.3,20259.696
5314,731.4,23020.0
5315,731.5,26115.216
5316,731.6,29560.0
5317,731.7,33370.0
5318,731.8,37569.972
5319,731.9,42170.0
5320,732.0,47180.0
5321,732.1,52621.85
5322,732.2,58500.0
5323,732.3,64820.0
5324,732.4,71602.457
5325,732.5,78830.0
5326,732.6,86487.084
5327,732.7,94610.0
5328,732.8,103200.0
5329,732.9,112120.059
5330,733.0,121400.0
5331,733.1,131100.0
5332,733.2,141173.835
5333,733.3,151500.0
5334,733.4,162000.0
5335,733.5,172761.881
5336,733.6,183700.0
5337,733.7,194692.205
5338,733.8,205700.0
5339,733.9,216700.0
5340,734.0,227635.062
5341,734.1,238400.0
5342,734.2,248900.0
5343,734.3,259101.256
5344,734.4,268900.0
5345,734.5,278200.0
5346,734.6,287009.412
5347,734.7,295300.0
5348,734.8,303000.0
5349,734.9,309957.134
5350,735.0,316100.0
5351,735.1,321400.998
5352,735.2,325900.0
5353,735.3,329600.0
5354,735.4,332338.845
5355,735.5,334100.0
5356,735.6,334900.0
5357,735.7,334713.607
5358,735.8,333600.0
5359,735.9,331600.0
5360,736.0,328622.065
5361,736.1,324700.0
5362,736.2,319900.0
5363,736.3,314253.403
5364,736.4,307800.0
5365,736.5,300590.377
5366,736.6,292700.0
5367,736.7,284200.0
5368,736.8,275122.269
5369,736.9,265500.0
5370,737.0,255400.0
5371,737.1,244979.785
5372,737.2,234300.0
5373,737.3,223400.0
5374,737.4,212351.899
5375,737.5,201200.0
5376,737.6,190001.053
5377,737.7,178900.0
5378,737.8,168000.0
5379,737.9,157207.556
5380,738.0,146600.0
5381,738.1,136300.0
5382,738.2,126366.058
5383,738.3,116800.0
5384,738.4,107600.0
5385,738.5,98795.094
5386,738.6,90430.0
5387,738.7,82541.983
5388,738.8,75130.0
5389,738.9,68190.0
5390,739.0,61737.779
5391,739.1,55770.0
5392,739.2,50280.0
5393,739.3,45268.59
5394,739.4,40720.0
5395,739.5,36620.0
5396,739.6,32972.859
5397,739.7,29760.0
5398,739.8,26960.0
5399,739.9,24566.973
5400,740.0,22570.0
5401,740.1,20955.655
5402,740.2,19710.0
5403,740.3,18820.0
5404,740.4,18277.699
5405,740.5,18080.0
5406,740.6,18220.0
5407,740.7,18677.435
5408,740.8,19450.0
5409,740.9,20540.0
5410,741.0,21943.792
5411,741.1,23650.0
5412,741.2,25650.0
5413,741.3,27948.834
5414,741.4,30540.0
5415,741.5,33413.335
5416,741.6,36560.0
5417,741.7,39970.0
5418,741.8,43629.305
5419,741.9,47530.0
5420,742.0,51660.0
5421,742.1,55987.142
5422,742.2,60490.0
5423,742.3,65150.0
5424,742.4,69941.395
5425,742.5,74830.0
5426,742.6,79780.483
5427,742.7,84760.0
5428,742.8,89730.0
5429,742.9,94637.915
5430,743.0,99470.0
5431,743.1,104200.0
5432,743.2,108725.952
5433,743.3,113000.0
5434,743.4,117000.0
5435,743.5,120716.839
5436,743.6,124100.0
5437,743.7,127097.607
5438,743.8,129700.0
5439,743.9,131900.0
5440,744.0,133654.774
5441,744.1,134900.0
5442,744.2,135600.0
5443,744.3,135826.398
5444,744.4,135600.0
5445,744.5,134900.0
5446,744.6,133654.394
5447,744.7,131900.0
5448,744.8,129700.0
5449,744.9,127091.703
5450,745.0,124100.0
5451,745.1,120740.744
5452,745.2,117000.0
5453,745.3,112900.0
5454,745.4,108593.365
5455,745.5,104100.0
5456,745.6,99410.0
5457,745.7,94568.921
5458,745.8,89630.0
5459,745.9,84640.0
5460,746.0,79629.903
5461,746.1,74640.0
5462,746.2,69710.0
5463,746.3,64864.57
5464,746.4,60130.0
5465,746.5,55533.475
5466,746.6,51100.0
5467,746.7,46850.0
5468,746.8,42791.06
5469,746.9,38940.0
5470,747.0,35310.0
5471,747.1,31892.952
5472,747.2,28700.0
5473,747.3,25740.0
5474,747.4,22993.445
5475,747.5,20460.0
5476,747.6,18142.694
5477,747.7,16030.0
5478,747.8,14110.0
5479,747.9,12379.315
5480,748.0,10820.0
5481,748.1,9415.0
5482,748.2,8164.306
5483,748.3,7056.0
5484,748.4,6075.0
5485,748.5,5210.681
5486,748.6,4453.0
5487,748.7,3791.796
5488,748.8,3217.0
5489,748.9,2719.0
5490,749.0,2289.748
5491,749.1,1921.0
5492,749.2,1605.0
5493,749.3,1336.295
5494,749.4,1109.0
5495,749.5,917.1
5496,749.6,755.398
5497,749.7,619.9
5498,749.8,506.9
5499,749.9,412.94
5500,750.0,335.2
5501,750.1,271.112
5502,750.2,218.5
5503,750.3,175.4
5504,750.4,140.308
5505,750.5,111.9
5506,750.6,88.93
5507,750.7,70.418
5508,750.8,55.59
5509,750.9,43.74
5510,751.0,34.306
5511,751.1,26.84
5512,751.2,20.94
5513,751.3,16.299
5514,751.4,12.67
5515,751.5,9.829
5516,751.6,7.621
5517,751.7,5.911
5518,751.8,4.589
5519,751.9,3.573
5520,752.0,2.793
5521,752.1,2.196
5522,752.2,1.742
5523,752.3,1.396
5524,752.4,1.133
5525,752.5,0.934
5526,752.6,0.783
5527,752.7,0.669
5528,752.8,0.583
5529,752.9,0.518
5530,753.0,0.469
5531,753.1,0.431
5532,753.2,0.402
5533,753.3,0.38
5534,753.4,0.363
5535,753.5,0.349
5536,753.6,0.339
5537,753.7,0.33
5538,753.8,0.322
5539,753.9,0.316
5540,754.0,0.31
5541,754.1,0.305
5542,754.2,0.3
5543,754.3,0.295
5544,754.4,0.29
5545,754.5,0.285
5546,754.6,0.28
5547,754.7,0.274
5548,754.8,0.268
5549,754.9,0.262
5550,755.0,0.256
5551,755.1,0.249
5552,755.2,0.241
5553,755.3,0.234
5554,755.4,0.225
5555,755.5,0.217
5556,755.6,0.209
5557,755.7,0.2
5558,755.8,0.191
5559,755.9,0.181
5560,756.0,0.172
5561,756.1,0.163
5562,756.2,0.154
5563,756.3,0.144
5564,756.4,0.135
5565,756.5,0.126
5566,756.6,0.117
5567,756.7,0.109
5568,756.8,0.101
5569,756.9,0.093
5570,757.0,0.085
5571,757.1,0.078
5572,757.2,0.071
5573,757.3,0.064
5574,757.4,0.058
5575,757.5,0.053
5576,757.6,0.047
5577,757.7,0.042
5578,757.8,0.038
5579,757.9,0.034
5580,758.0,0.03
5581,758.1,0.026
5582,758.2,0.023
5583,758.3,0.02
5584,758.4,0.018
5585,758.5,0.015
5586,758.6,0.013
5587,758.7,0.012
5588,758.8,0.01
5589,758.9,0.009
5590,759.0,0.007
5591,759.1,0.006
5592,759.2,0.005
5593,759.3,0.004
5594,759.4,0.004
5595,759.5,0.003
5596,759.6,0.003
5597,759.7,0.002
5598,759.8,0.002
5599,759.9,0.002
5600,760.0,0.001
5601,760.1,0.001
5602,760.2,0.001
5603,760.3,0.001
5604,760.4,0.001
5605,760.5,0.0
5606,760.6,0.0
5607,760.7,0.0
5608,760.8,0.0
5609,760.9,0.0
5610,761.0,0.0
5611,761.1,0.0
5612,761.2,0.0
5613,761.3,0.0
5614,761.4,0.0
5615,761.5,0.0
5616,761.6,0.0
5617,761.7,0.0
5618,761.8,0.0
5619,761.9,0.0
5620,762.0,0.0
5621,762.1,0.0
5622,762.2,0.0
5623,762.3,0.0
5624,762.4,0.0
5625,762.5,0.0
5626,762.6,0.0
5627,762.7,0.0
5628,762.8,0.0
5629,762.9,0.0
5630,763.0,0.0
5631,763.1,0.0
5632,763.2,0.0
5633,763.3,0.0
5634,763.4,0.0
5635,763.5,0.0
5636,763.6,0.0
5637,763.7,0.0
5638,763.8,0.0
5639,763.9,0.0
5640,764.0,0.0
5641,764.1,0.0
5642,764.2,0.0
5643,764.3,0.0
5644,764.4,0.0
5645,764.5,0.0
5646,764.6,0.0
5647,764.7,0.0
5648,764.8,0.0
5649,764.9,0.0
5650,765.0,0.0
5651,765.1,0.0
5652,765.2,0.0
5653,765.3,0.0
5654,765.4,0.0
5655,765.5,0.0
5656,765.6,0.0
5657,765.7,0.0
5658,765.8,0.0
5659,765.9,0.0
5660,766.0,0.0
5661,766.1,0.0
5662,766.2,0.0
5663,766.3,0.0
5664,766.4,0.0
5665,766.5,0.0
5666,766.6,0.0
5667,766.7,0.0
5668,766.8,0.0
5669,766.9,0.0
5670,767.0,0.0
5671,767.1,0.0
5672,767.2,0.0
5673,767.3,0.0
5674,767.4,0.0
5675,767.5,0.0
5676,767.6,0.0
5677,767.7,0.0
5678,767.8,0.0
5679,767.9,0.0
5680,768.0,0.0
5681,768.1,0.0
5682,768.2,0.0
5683,768.3,0.0
5684,768.4,0.0
5685,768.5,0.0
5686,768.6,0.0
5687,768.7,0.0
5688,768.8,0.0
5689,768.9,0.0
5690,769.0,0.0
5691,769.1,0.0
5692,769.2,0.0
5693,769.3,0.0
5694,769.4,0.0
5695,769.5,0.0
5696,769.6,0.0
5697,769.7,0.0
5698,769.8,0.0
5699,769.9,0.0
5700,770.0,0.0
5701,770.1,0.0
5702,770.2,0.0
5703,770.3,0.0
5704,770.4,0.0
5705,770.5,0.0
5706,770.6,0.0
5707,770.7,0.0
5708,770.8,0.0
5709,770.9,0.0
5710,771.0,0.0
5711,771.1,0.0
5712,771.2,0.0
5713,771.3,0.0
5714,771.4,0.0
5715,771.5,0.0
5716,771.6,0.0
5717,771.7,0.0
5718,771.8,0.0
5719,771.9,0.0
5720,772.0,0.0
5721,772.1,0.0
5722,772.2,0.0
5723,772.3,0.0
5724,772.4,0.0
5725,772.5,0.0
5726,772.6,0.0
5727,772.7,0.0
5728,772.8,0.0
5729,772.9,0.0
5730,773.0,0.0
5731,773.1,0.0
5732,773.2,0.0
5733,773.3,0.0
5734,773.4,0.0
5735,773.5,0.0
5736,773.6,0.0
5737,773.7,0.0
5738,773.8,0.0
5739,773.9,0.0
5740,774.0,0.0
5741,774.1,0.0
5742,774.2,0.0
5743,774.3,0.0
5744,774.4,0.0
5745,774.5,0.0
5746,774.6,0.0
5747,774.7,0.0
5748,774.8,0.0
5749,774.9,0.0
5750,775.0,0.0
5751,775.1,0.0
5752,775.2,0.0
5753,775.3,0.0
5754,775.4,0.0
5755,775.5,0.0
5756,775.6,0.0
5757,775.7,0.0
5758,775.8,0.0
5759,775.9,0.0
5760,776.0,0.0
5761,776.1,0.0
5762,776.2,0.0
5763,776.3,0.0
5764,776.4,0.0
5765,776.5,0.0
5766,776.6,0.0
5767,776.7,0.0
5768,776.8,0.0
5769,776.9,0.0
5770,777.0,0.0
5771,777.1,0.0
5772,777.2,0.0
5773,777.3,0.0
5774,777.4,0.0
5775,777.5,0.0
5776,777.6,0.0
5777,777.7,0.0
5778,777.8,0.0
5779,777.9,0.0
5780,778.0,0.0
5781,778.1,0.0
5782,778.2,0.0
5783,778.3,0.0
5784,778.4,0.0
5785,778.5,0.0
5786,778.6,0.0
5787,778.7,0.0
5788,778.8,0.0
5789,778.9,0.0
5790,779.0,0.0
5791,779.1,0.0
5792,779.2,0.0
5793,779.3,0.0
5794,779.4,0.0
5795,779.5,0.0
5796,779.6,0.0
5797,779.7,0.0
5798,779.8,0.0
5799,779.9,0.0
5800,780.0,0.0
5801,780.1,0.0
5802,780.2,0.0
5803,780.3,0.0
5804,780.4,0.0
5805,780.5,0.0
5806,780.6,0.0
5807,780.7,0.0
5808,780.8,0.0
5809,780.9,0.0
5810,781.0,0.0
5811,781.1,0.0
5812,781.2,0.0
5813,781.3,0.0
5814,781.4,0.0
5815,781.5,0.0
5816,781.6,0.0
5817,781.7,0.0
5818,781.8,0.0
5819,781.9,0.0
5820,782.0,0.0
5821,782.1,0.0
5822,782.2,0.0
5823,782.3,0.0
5824,782.4,0.0
5825,782.5,0.0
5826,782.6,0.0
5827,782.7,0.0
5828,782.8,0.0
5829,782.9,0.0
5830,783.0,0.0
5831,783.1,0.0
5832,783.2,0.0
5833,783.3,0.0
5834,783.4,0.0
5835,783.5,0.0
5836,783.6,0.0
5837,783.7,0.0
5838,783.8,0.0
5839,783.9,0.0
5840,784.0,0.0
5841,784.1,0.0
5842,784.2,0.0
5843,784.3,0.0
5844,784.4,0.0
5845,784.5,0.0
5846,784.6,0.0
5847,784.7,0.0
5848,784.8,0.0
5849,784.9,0.0
5850,785.0,0.0
5851,785.1,0.0
5852,785.2,0.0
5853,785.3,0.001
5854,785.4,0.001
5855,785.5,0.001
5856,785.6,0.002
5857,785.7,0.003
5858,785.8,0.004
5859,785.9,0.005
5860,786.0,0.007
5861,786.1,0.01
5862,786.2,0.013
5863,786.3,0.018
5864,786.4,0.025
5865,786.5,0.034
5866,786.6,0.046
5867,786.7,0.063
5868,786.8,0.085
5869,786.9,0.114
5870,787.0,0.152
5871,787.1,0.203
5872,787.2,0.271
5873,787.3,0.359
5874,787.4,0.475
5875,787.5,0.626
5876,787.6,0.823
5877,787.7,1.078
5878,787.8,1.408
5879,787.9,1.831
5880,788.0,2.376
5881,788.1,3.073
5882,788.2,3.959
5883,788.3,5.087
5884,788.4,6.514
5885,788.5,8.314
5886,788.6,10.58
5887,788.7,13.418
5888,788.8,16.96
5889,788.9,21.36
5890,789.0,26.825
5891,789.1,33.59
5892,789.2,41.91
5893,789.3,52.125
5894,789.4,64.63
5895,789.5,79.86
5896,789.6,98.38
5897,789.7,120.8
5898,789.8,147.8
5899,789.9,180.315
5900,790.0,219.3
5901,790.1,265.778
5902,790.2,321.1
5903,790.3,386.7
5904,790.4,464.114
5905,790.5,555.3
5906,790.6,662.3
5907,790.7,787.247
5908,790.8,932.9
5909,790.9,1102.0
5910,791.0,1297.014
5911,791.1,1522.0
5912,791.2,1781.0
5913,791.3,2076.667
5914,791.4,2413.0
5915,791.5,2794.64
5916,791.6,3227.0
5917,791.7,3715.0
5918,791.8,4261.704
5919,791.9,4873.0
5920,792.0,5555.0
5921,792.1,6311.654
5922,792.2,7148.0
5923,792.3,8070.0
5924,792.4,9083.926
5925,792.5,10190.0
5926,792.6,11388.94
5927,792.7,12690.0
5928,792.8,14100.0
5929,792.9,15611.689
5930,793.0,17230.0
5931,793.1,18960.0
5932,793.2,20793.488
5933,793.3,22730.0
5934,793.4,24770.0
5935,793.5,26906.131
5936,793.6,29130.0
5937,793.7,31434.915
5938,793.8,33820.0
5939,793.9,36280.0
5940,794.0,38790.761
5941,794.1,41340.0
5942,794.2,43920.0
5943,794.3,46520.632
5944,794.4,49120.0
5945,794.5,51700.0
5946,794.6,54261.532
5947,794.7,56780.0
5948,794.8,59230.0
5949,794.9,61609.371
5950,795.0,63900.0
5951,795.1,66081.801
5952,795.2,68150.0
5953,795.3,70100.0
5954,795.4,71915.725
5955,795.5,73590.0
5956,795.6,75120.0
5957,795.7,76506.933
5958,795.8,77750.0
5959,795.9,78850.0
5960,796.0,79817.983
5961,796.1,80670.0
5962,796.2,81420.0
5963,796.3,82074.307
5964,796.4,82650.0
5965,796.5,83170.363
5966,796.6,83670.0
5967,796.7,84180.0
5968,796.8,84712.628
5969,796.9,85300.0
5970,797.0,85980.0
5971,797.1,86786.621
5972,797.2,87750.0
5973,797.3,88900.0
5974,797.4,90268.746
5975,797.5,91890.0
5976,797.6,93795.783
5977,797.7,96010.0
5978,797.8,98550.0
5979,797.9,101427.55
5980,798.0,104700.0
5981,798.1,108400.0
5982,798.2,112451.246
5983,798.3,116900.0
5984,798.4,121800.0
5985,798.5,127098.01
5986,798.6,132800.0
5987,798.7,138918.424
5988,798.8,145400.0
5989,798.9,152200.0
5990,799.0,159348.505
5991,799.1,166800.0
5992,799.2,174500.0
5993,799.3,182445.909
5994,799.4,190600.0
5995,799.5,198900.0
5996,799.6,207263.09
5997,799.7,215700.0
5998,799.8,224200.0
5999,799.9,232606.986
6000,800.0,240900.0
6001,800.1,249073.413
6002,800.2,257000.0
6003,800.3,264600.0
6004,800.4,272014.494
6005,800.5,279100.0
6006,800.6,285700.0
6007,800.7,291901.242
6008,800.8,297600.0
6009,800.9,302700.0
6010,801.0,307329.764
6011,801.1,311400.0
6012,801.2,314800.0
6013,801.3,317585.097
6014,801.4,319700.0
6015,801.5,321081.876
6016,801.6,321800.0
6017,801.7,321900.0
6018,801.8,321255.218
6019,801.9,319900.0
6020,802.0,317900.0
6021,802.1,315236.504
6022,802.2,311900.0
6023,802.3,307900.0
6024,802.4,303285.596
6025,802.5,298100.0
6026,802.6,292373.31
6027,802.7,286100.0
6028,802.8,279300.0
6029,802.9,272095.21
6030,803.0,264500.0
6031,803.1,256500.0
6032,803.2,248127.451
6033,803.3,239500.0
6034,803.4,230700.0
6035,803.5,221642.78
6036,803.6,212400.0
6037,803.7,203076.68
6038,803.8,193700.0
6039,803.9,184300.0
6040,804.0,174967.298
6041,804.1,165700.0
6042,804.2,156500.0
6043,804.3,147466.434
6044,804.4,138600.0
6045,804.5,129900.0
6046,804.6,121462.423
6047,804.7,113300.0
6048,804.8,105400.0
6049,804.9,97769.879
6050,805.0,90450.0
6051,805.1,83477.888
6052,805.2,76850.0
6053,805.3,70560.0
6054,805.4,64624.523
6055,805.5,59040.0
6056,805.6,53800.0
6057,805.7,48910.962
6058,805.8,44370.0
6059,805.9,40170.0
6060,806.0,36300.383
6061,806.1,32750.0
6062,806.2,29510.0
6063,806.3,26577.48
6064,806.4,23940.0
6065,806.5,21583.601
6066,806.6,19500.0
6067,806.7,17680.0
6068,806.8,16108.271
6069,806.9,14780.0
6070,807.0,13690.0
6071,807.1,12822.101
6072,807.2,12170.0
6073,807.3,11730.0
6074,807.4,11496.802
6075,807.5,11470.0
6076,807.6,11648.15
6077,807.7,12020.0
6078,807.8,12580.0
6079,807.9,13346.359
6080,808.0,14310.0
6081,808.1,15460.0
6082,808.2,16809.17
6083,808.3,18360.0
6084,808.4,20110.0
6085,808.5,22055.776
6086,808.6,24200.0
6087,808.7,26545.623
6088,808.8,29090.0
6089,808.9,31830.0
6090,809.0,34763.66
6091,809.1,37880.0
6092,809.2,41170.0
6093,809.3,44637.364
6094,809.4,48270.0
6095,809.5,52050.0
6096,809.6,55959.232
6097,809.7,59990.0
6098,809.8,64130.0
6099,809.9,68343.239
6100,810.0,72610.0
6101,810.1,76914.123
6102,810.2,81230.0
6103,810.3,85530.0
6104,810.4,89786.895
6105,810.5,93970.0
6106,810.6,98050.0
6107,810.7,102003.994
6108,810.8,105800.0
6109,810.9,109400.0
6110,811.0,112765.01
6111,811.1,115900.0
6112,811.2,118800.0
6113,811.3,121397.418
6114,811.4,123700.0
6115,811.5,125721.17
6116,811.6,127400.0
6117,811.7,128700.0
6118,811.8,129713.163
6119,811.9,130400.0
6120,812.0,130700.0
6121,812.1,130645.36
6122,812.2,130300.0
6123,812.3,129700.0
6124,812.4,128789.914
6125,812.5,127600.0
6126,812.6,126174.779
6127,812.7,124500.0
6128,812.8,122600.0
6129,812.9,120646.309
6130,813.0,118600.0
6131,813.1,116400.0
6132,813.2,114143.009
6133,813.3,111900.0
6134,813.4,109700.0
6135,813.5,107507.83
6136,813.6,105400.0
6137,813.7,103464.626
6138,813.8,101700.0
6139,813.9,100100.0
6140,814.0,98719.905
6141,814.1,97590.0
6142,814.2,96730.0
6143,814.3,96160.155
6144,814.4,95900.0
6145,814.5,95970.0
6146,814.6,96392.49
6147,814.7,97180.0
6148,814.8,98340.0
6149,814.9,99874.693
6150,815.0,101800.0
6151,815.1,104135.58
6152,815.2,106900.0
6153,815.3,110100.0
6154,815.4,113703.946
6155,815.5,117700.0
6156,815.6,122100.0
6157,815.7,126963.085
6158,815.8,132300.0
6159,815.9,138100.0
6160,816.0,144336.367
6161,816.1,151000.0
6162,816.2,158100.0
6163,816.3,165675.605
6164,816.4,173700.0
6165,816.5,182138.069
6166,816.6,191000.0
6167,816.7,200300.0
6168,816.8,210029.697
6169,816.9,220200.0
6170,817.0,230800.0
6171,817.1,241734.73
6172,817.2,253000.0
6173,817.3,264600.0
6174,817.4,276471.116
6175,817.5,288600.0
6176,817.6,300972.556
6177,817.7,313500.0
6178,817.8,326100.0
6179,817.9,338776.286
6180,818.0,351500.0
6181,818.1,364200.0
6182,818.2,376722.372
6183,818.3,389000.0
6184,818.4,401000.0
6185,818.5,412695.481
6186,818.6,424000.0
6187,818.7,434807.678
6188,818.8,445000.0
6189,818.9,454500.0
6190,819.0,463350.148
6191,819.1,471400.0
6192,819.2,478500.0
6193,819.3,484707.12
6194,819.4,490000.0
6195,819.5,494300.0
6196,819.6,497472.717
6197,819.7,499500.0
6198,819.8,500400.0
6199,819.9,500182.489
6200,820.0,498800.0
6201,820.1,496216.437
6202,820.2,492500.0
6203,820.3,487700.0
6204,820.4,481725.616
6205,820.5,474600.0
6206,820.6,466400.0
6207,820.7,457243.109
6208,820.8,447200.0
6209,820.9,436300.0
6210,821.0,424517.581
6211,821.1,412000.0
6212,821.2,398900.0
6213,821.3,385216.889
6214,821.4,371000.0
6215,821.5,356340.173
6216,821.6,341400.0
6217,821.7,326300.0
6218,821.8,310985.349
6219,821.9,295600.0
6220,822.0,280300.0
6221,822.1,265070.237
6222,822.2,250000.0
6223,822.3,235200.0
6224,822.4,220715.82
6225,822.5,206600.0
6226,822.6,192910.228
6227,822.7,179700.0
6228,822.8,167000.0
6229,822.9,154793.421
6230,823.0,143200.0
6231,823.1,132300.0
6232,823.2,121937.796
6233,823.3,112200.0
6234,823.4,103200.0
6235,823.5,94864.912
6236,823.6,87180.0
6237,823.7,80156.771
6238,823.8,73800.0
6239,823.9,68110.0
6240,824.0,63075.432
6241,824.1,58680.0
6242,824.2,54910.0
6243,824.3,51761.173
6244,824.4,49220.0
6245,824.5,47270.0
6246,824.6,45895.249
6247,824.7,45080.0
6248,824.8,44810.0
6249,824.9,45073.94
6250,825.0,45850.0
6251,825.1,47115.96
6252,825.2,48860.0
6253,825.3,51070.0
6254,825.4,53723.479
6255,825.5,56800.0
6256,825.6,60280.0
6257,825.7,64141.708
6258,825.8,68360.0
6259,825.9,72910.0
6260,826.0,77767.989
6261,826.1,82900.0
6262,826.2,88270.0
6263,826.3,93849.615
6264,826.4,99630.0
6265,826.5,105584.947
6266,826.6,111600.0
6267,826.7,117600.0
6268,826.8,123693.056
6269,826.9,129800.0
6270,827.0,135800.0
6271,827.1,141661.173
6272,827.2,147400.0
6273,827.3,153000.0
6274,827.4,158317.621
6275,827.5,163300.0
6276,827.6,167929.655
6277,827.7,172200.0
6278,827.8,176100.0
6279,827.9,179587.065
6280,828.0,182600.0
6281,828.1,185100.0
6282,828.2,187119.86
6283,828.3,188600.0
6284,828.4,189500.0
6285,828.5,189920.766
6286,828.6,189800.0
6287,828.7,189063.347
6288,828.8,187800.0
6289,828.9,186100.0
6290,829.0,183909.546
6291,829.1,181200.0
6292,829.2,178000.0
6293,829.3,174459.612
6294,829.4,170600.0
6295,829.5,166400.0
6296,829.6,161864.443
6297,829.7,157100.0
6298,829.8,152200.0
6299,829.9,147139.254
6300,830.0,142000.0
6301,830.1,136868.384
6302,830.2,131700.0
6303,830.3,126500.0
6304,830.4,121511.94
6305,830.5,116700.0
6306,830.6,112000.0
6307,830.7,107554.179
6308,830.8,103400.0
6309,830.9,99540.0
6310,831.0,96001.582
6311,831.1,92810.0
6312,831.2,89990.0
6313,831.3,87567.847
6314,831.4,85550.0
6315,831.5,83938.594
6316,831.6,82740.0
6317,831.7,81960.0
6318,831.8,81596.424
6319,831.9,81640.0
6320,832.0,82080.0
6321,832.1,82903.48
6322,832.2,84090.0
6323,832.3,85620.0
6324,832.4,87480.017
6325,832.5,89640.0
6326,832.6,92068.774
6327,832.7,94750.0
6328,832.8,97660.0
6329,832.9,100745.436
6330,833.0,104000.0
6331,833.1,107400.0
6332,833.2,110844.238
6333,833.3,114400.0
6334,833.4,118100.0
6335,833.5,121722.76
6336,833.6,125300.0
6337,833.7,128912.574
6338,833.8,132500.0
6339,833.9,136000.0
6340,834.0,139452.103
6341,834.1,142800.0
6342,834.2,146000.0
6343,834.3,149145.028
6344,834.4,152200.0
6345,834.5,155100.0
6346,834.6,157845.83
6347,834.7,160500.0
6348,834.8,163100.0
6349,834.9,165565.331
6350,835.0,167900.0
6351,835.1,170136.541
6352,835.2,172300.0
6353,835.3,174400.0
6354,835.4,176414.748
6355,835.5,178400.0
6356,835.6,180400.0
6357,835.7,182342.052
6358,835.8,184200.0
6359,835.9,186000.0
6360,836.0,187849.557
6361,836.1,189700.0
6362,836.2,191500.0
6363,836.3,193338.581
6364,836.4,195200.0
6365,836.5,197033.817
6366,836.6,198800.0
6367,836.7,200500.0
6368,836.8,202244.771
6369,836.9,204000.0
6370,837.0,205700.0
6371,837.1,207335.129
6372,837.2,208900.0
6373,837.3,210400.0
6374,837.4,211874.723
6375,837.5,213300.0
6376,837.6,214641.328
6377,837.7,215900.0
6378,837.8,217100.0
6379,837.9,218288.594
6380,838.0,219400.0
6381,838.1,220400.0
6382,838.2,221456.88
6383,838.3,222600.0
6384,838.4,223800.0
6385,838.5,225018.04
6386,838.6,226300.0
6387,838.7,227710.972
6388,838.8,229300.0
6389,838.9,231100.0
6390,839.0,233125.603
6391,839.1,235500.0
6392,839.2,238300.0
6393,839.3,241385.868
6394,839.4,244900.0
6395,839.5,249000.0
6396,839.6,253592.85
6397,839.7,258700.0
6398,839.8,264400.0
6399,839.9,270790.812
6400,840.0,277900.0
6401,840.1,285734.627
6402,840.2,294300.0
6403,840.3,303600.0
6404,840.4,313634.223
6405,840.5,324400.0
6406,840.6,335900.0
6407,840.7,348145.833
6408,840.8,361100.0
6409,840.9,374700.0
6410,841.0,388863.686
6411,841.1,403600.0
6412,841.2,418900.0
6413,841.3,434603.794
6414,841.4,450600.0
6415,841.5,466810.72
6416,841.6,483200.0
6417,841.7,499700.0
6418,841.8,516105.84
6419,841.9,532300.0
6420,842.0,548200.0
6421,842.1,563717.299
6422,842.2,578700.0
6423,842.3,593000.0
6424,842.4,606537.294
6425,842.5,619200.0
6426,842.6,630862.95
6427,842.7,641400.0
6428,842.8,650700.0
6429,842.9,658699.834
6430,843.0,665300.0
6431,843.1,670400.0
6432,843.2,673959.485
6433,843.3,676000.0
6434,843.4,676500.0
6435,843.5,675284.685
6436,843.6,672400.0
6437,843.7,667925.643
6438,843.8,661800.0
6439,843.9,654000.0
6440,844.0,644730.494
6441,844.1,634000.0
6442,844.2,621800.0
6443,844.3,608284.519
6444,844.4,593500.0
6445,844.5,577500.0
6446,844.6,560492.043
6447,844.7,542600.0
6448,844.8,523900.0
6449,844.9,504442.146
6450,845.0,484400.0
6451,845.1,463957.316
6452,845.2,443200.0
6453,845.3,422200.0
6454,845.4,401078.992
6455,845.5,380000.0
6456,845.6,359100.0
6457,845.7,338404.553
6458,845.8,318000.0
6459,845.9,298000.0
6460,846.0,278516.58
6461,846.1,259600.0
6462,846.2,241300.0
6463,846.3,223702.441
6464,846.4,206800.0
6465,846.5,190590.328
6466,846.6,175200.0
6467,846.7,160700.0
6468,846.8,146902.282
6469,846.9,133900.0
6470,847.0,121800.0
6471,847.1,110452.544
6472,847.2,99860.0
6473,847.3,90060.0
6474,847.4,81009.654
6475,847.5,72680.0
6476,847.6,65047.004
6477,847.7,58070.0
6478,847.8,51710.0
6479,847.9,45947.075
6480,848.0,40750.0
6481,848.1,36080.0
6482,848.2,31891.414
6483,848.3,28160.0
6484,848.4,24860.0
6485,848.5,21943.598
6486,848.6,19390.0
6487,848.7,17181.747
6488,848.8,15280.0
6489,848.9,13650.0
6490,849.0,12287.631
6491,849.1,11170.0
6492,849.2,10270.0
6493,849.3,9571.529
6494,849.4,9060.0
6495,849.5,8721.0
6496,849.6,8542.199
6497,849.7,8512.0
6498,849.8,8620.0
6499,849.9,8859.429
6500,850.0,9221.0
6501,850.1,9695.792
6502,850.2,10280.0
6503,850.3,10970.0
6504,850.4,11758.503
6505,850.5,12640.0
6506,850.6,13610.0
6507,850.7,14664.88
6508,850.8,15800.0
6509,850.9,17010.0
6510,851.0,18288.389
6511,851.1,19630.0
6512,851.2,21030.0
6513,851.3,22482.655
6514,851.4,23980.0
6515,851.5,25514.191
6516,851.6,27080.0
6517,851.7,28670.0
6518,851.8,30268.555
6519,851.9,31870.0
6520,852.0,33470.0
6521,852.1,35055.915
6522,852.2,36610.0
6523,852.3,38120.0
6524,852.4,39591.874
6525,852.5,41010.0
6526,852.6,42354.956
6527,852.7,43620.0
6528,852.8,44800.0
6529,852.9,45883.852
6530,853.0,46860.0
6531,853.1,47720.0
6532,853.2,48463.502
6533,853.3,49080.0
6534,853.4,49560.0
6535,853.5,49907.93
6536,853.6,50120.0
6537,853.7,50190.685
6538,853.8,50120.0
6539,853.9,49910.0
6540,854.0,49563.935
6541,854.1,49080.0
6542,854.2,48460.0
6543,854.3,47720.309
6544,854.4,46860.0
6545,854.5,45880.0
6546,854.6,44803.359
6547,854.7,43630.0
6548,854.8,42360.0
6549,854.9,41018.0
6550,855.0,39610.0
6551,855.1,38138.694
6552,855.2,36620.0
6553,855.3,35070.0
6554,855.4,33493.841
6555,855.5,31900.0
6556,855.6,30300.0
6557,855.7,28708.341
6558,855.8,27130.0
6559,855.9,25570.0
6560,856.0,24041.697
6561,856.1,22550.0
6562,856.2,21100.0
6563,856.3,19705.462
6564,856.4,18370.0
6565,856.5,17095.49
6566,856.6,15890.0
6567,856.7,14760.0
6568,856.8,13702.024
6569,856.9,12720.0
6570,857.0,11820.0
6571,857.1,11005.887
6572,857.2,10280.0
6573,857.3,9644.0
6574,857.4,9098.35
6575,857.5,8645.0
6576,857.6,8286.388
6577,857.7,8025.0
6578,857.8,7863.0
6579,857.9,7801.696
6580,858.0,7844.0
6581,858.1,7993.0
6582,858.2,8250.906
6583,858.3,8621.0
6584,858.4,9107.0
6585,858.5,9712.602
6586,858.6,10440.0
6587,858.7,11292.57
6588,858.8,12280.0
6589,858.9,13410.0
6590,859.0,14678.788
6591,859.1,16090.0
6592,859.2,17650.0
6593,859.3,19364.895
6594,859.4,21240.0
6595,859.5,23280.0
6596,859.6,25488.33
6597,859.7,27870.0
6598,859.8,30430.0
6599,859.9,33170.478
6600,860.0,36090.0
6601,860.1,39187.945
6602,860.2,42470.0
6603,860.3,45940.0
6604,860.4,49590.454
6605,860.5,53420.0
6606,860.6,57430.0
6607,860.7,61620.347
6608,860.8,65980.0
6609,860.9,70500.0
6610,861.0,75184.932
6611,861.1,80020.0
6612,861.2,84990.0
6613,861.3,90097.346
6614,861.4,95330.0
6615,861.5,100670.524
6616,861.6,106100.0
6617,861.7,111600.0
6618,861.8,117161.472
6619,861.9,122800.0
6620,862.0,128500.0
6621,862.1,134148.539
6622,862.2,139800.0
6623,862.3,145500.0
6624,862.4,151103.389
6625,862.5,156600.0
6626,862.6,162024.994
6627,862.7,167400.0
6628,862.8,172700.0
6629,862.9,177784.498
6630,863.0,182700.0
6631,863.1,187500.0
6632,863.2,192072.221
6633,863.3,196400.0
6634,863.4,200500.0
6635,863.5,204372.434
6636,863.6,208000.0
6637,863.7,211357.193
6638,863.8,214400.0
6639,863.9,217100.0
6640,864.0,219496.952
6641,864.1,221600.0
6642,864.2,223400.0
6643,864.3,224870.567
6644,864.4,226000.0
6645,864.5,226800.0
6646,864.6,227321.831
6647,864.7,227500.0
6648,864.8,227300.0
6649,864.9,226880.317
6650,865.0,226200.0
6651,865.1,225185.868
6652,865.2,223900.0
6653,865.3,222400.0
6654,865.4,220623.172
6655,865.5,218600.0
6656,865.6,216400.0
6657,865.7,214085.791
6658,865.8,211600.0
6659,865.9,208900.0
6660,866.0,206094.082
6661,866.1,203200.0
6662,866.2,200200.0
6663,866.3,197084.988
6664,866.4,193900.0
6665,866.5,190696.973
6666,866.6,187500.0
6667,866.7,184300.0
6668,866.8,181019.412
6669,866.9,177700.0
6670,867.0,174400.0
6671,867.1,171103.909
6672,867.2,167800.0
6673,867.3,164500.0
6674,867.4,161253.676
6675,867.5,158000.0
6676,867.6,154683.595
6677,867.7,151400.0
6678,867.8,148200.0
6679,867.9,144897.987
6680,868.0,141600.0
6681,868.1,138400.0
6682,868.2,135072.697
6683,868.3,131700.0
6684,868.4,128400.0
6685,868.5,125066.314
6686,868.6,121700.0
6687,868.7,118327.209
6688,868.8,114900.0
6689,868.9,111400.0
6690,869.0,107947.988
6691,869.1,104500.0
6692,869.2,101000.0
6693,869.3,97524.101
6694,869.4,94060.0
6695,869.5,90580.0
6696,869.6,87114.326
6697,869.7,83670.0
6698,869.8,80250.0
6699,869.9,76875.459
6700,870.0,73550.0
6701,870.1,70274.204
6702,870.2,67060.0
6703,870.3,63920.0
6704,870.4,60859.892
6705,870.5,57890.0
6706,870.6,55020.0
6707,870.7,52251.626
6708,870.8,49590.0
6709,870.9,47040.0
6710,871.0,44602.805
6711,871.1,42290.0
6712,871.2,40110.0
6713,871.3,38051.856
6714,871.4,36120.0
6715,871.5,34321.202
6716,871.6,32650.0
6717,871.7,31100.0
6718,871.8,29672.785
6719,871.9,28370.0
6720,872.0,27190.0
6721,872.1,26121.961
6722,872.2,25160.0
6723,872.3,24300.0
6724,872.4,23537.615
6725,872.5,22870.0
6726,872.6,22293.556
6727,872.7,21800.0
6728,872.8,21380.0
6729,872.9,21025.285
6730,873.0,20730.0
6731,873.1,20490.0
6732,873.2,20303.354
6733,873.3,20160.0
6734,873.4,20050.0
6735,873.5,19971.701
6736,873.6,19920.0
6737,873.7,19888.308
6738,873.8,19870.0
6739,873.9,19860.0
6740,874.0,19858.085
6741,874.1,19860.0
6742,874.2,19860.0
6743,874.3,19853.255
6744,874.4,19840.0
6745,874.5,19820.0
6746,874.6,19786.121
6747,874.7,19730.0
6748,874.8,19650.0
6749,874.9,19562.866
6750,875.0,19460.0
6751,875.1,19328.475
6752,875.2,19170.0
6753,875.3,18990.0
6754,875.4,18791.873
6755,875.5,18570.0
6756,875.6,18320.0
6757,875.7,18049.303
6758,875.8,17760.0
6759,875.9,17450.0
6760,876.0,17112.317
6761,876.1,16750.0
6762,876.2,16370.0
6763,876.3,15979.115
6764,876.4,15570.0
6765,876.5,15136.218
6766,876.6,14690.0
6767,876.7,14240.0
6768,876.8,13770.251
6769,876.9,13290.0
6770,877.0,12810.0
6771,877.1,12318.92
6772,877.2,11820.0
6773,877.3,11320.0
6774,877.4,10819.264
6775,877.5,10320.0
6776,877.6,9824.789
6777,877.7,9334.0
6778,877.8,8848.0
6779,877.9,8369.088
6780,878.0,7899.0
6781,878.1,7439.0
6782,878.2,6989.819
6783,878.3,6553.0
6784,878.4,6130.0
6785,878.5,5721.105
6786,878.6,5327.0
6787,878.7,4948.476
6788,878.8,4586.0
6789,878.9,4240.0
6790,879.0,3910.97
6791,879.1,3599.0
6792,879.2,3304.0
6793,879.3,3025.678
6794,879.4,2764.0
6795,879.5,2519.0
6796,879.6,2290.412
6797,879.7,2077.0
6798,879.8,1878.0
6799,879.9,1694.712
6800,880.0,1526.0
6801,880.1,1370.239
6802,880.2,1227.0
6803,880.3,1096.0
6804,880.4,976.439
6805,880.5,867.7
6806,880.6,769.2
6807,880.7,680.175
6808,880.8,599.9
6809,880.9,527.7
6810,881.0,462.999
6811,881.1,405.2
6812,881.2,353.7
6813,881.3,307.934
6814,881.4,267.4
6815,881.5,231.615
6816,881.6,200.1
6817,881.7,172.4
6818,881.8,148.148
6819,881.9,127.0
6820,882.0,108.6
6821,882.1,92.583
6822,882.2,78.71
6823,882.3,66.76
6824,882.4,56.476
6825,882.5,47.65
6826,882.6,40.094
6827,882.7,33.65
6828,882.8,28.17
6829,882.9,23.517
6830,883.0,19.58
6831,883.1,16.26
6832,883.2,13.47
6833,883.3,11.13
6834,883.4,9.167
6835,883.5,7.531
6836,883.6,6.174
6837,883.7,5.047
6838,883.8,4.114
6839,883.9,3.344
6840,884.0,2.711
6841,884.1,2.193
6842,884.2,1.769
6843,884.3,1.423
6844,884.4,1.142
6845,884.5,0.914
6846,884.6,0.729
6847,884.7,0.581
6848,884.8,0.461
6849,884.9,0.365
6850,885.0,0.288
6851,885.1,0.227
6852,885.2,0.179
6853,885.3,0.14
6854,885.4,0.109
6855,885.5,0.086
6856,885.6,0.067
6857,885.7,0.052
6858,885.8,0.04
6859,885.9,0.032
6860,886.0,0.025
6861,886.1,0.019
6862,886.2,0.015
6863,886.3,0.012
6864,886.4,0.01
6865,886.5,0.009
6866,886.6,0.008
6867,886.7,0.007
6868,886.8,0.007
6869,886.9,0.006
6870,887.0,0.007
6871,887.1,0.007
6872,887.2,0.007
6873,887.3,0.008
6874,887.4,0.009
6875,887.5,0.01
6876,887.6,0.011
6877,887.7,0.012
6878,887.8,0.013
6879,887.9,0.014
6880,888.0,0.016
6881,888.1,0.018
6882,888.2,0.019
6883,888.3,0.021
6884,888.4,0.023
6885,888.5,0.025
6886,888.6,0.028
6887,888.7,0.03
6888,888.8,0.033
6889,888.9,0.035
6890,889.0,0.038
6891,889.1,0.041
6892,889.2,0.044
6893,889.3,0.047
6894,889.4,0.05
6895,889.5,0.054
6896,889.6,0.057
6897,889.7,0.06
6898,889.8,0.064
6899,889.9,0.067
6900,890.0,0.071
6901,890.1,0.074
6902,890.2,0.078
6903,890.3,0.081
6904,890.4,0.084
6905,890.5,0.087
6906,890.6,0.091
6907,890.7,0.094
6908,890.8,0.096
6909,890.9,0.099
6910,891.0,0.101
6911,891.1,0.104
6912,891.2,0.106
6913,891.3,0.107
6914,891.4,0.109
6915,891.5,0.11
6916,891.6,0.111
6917,891.7,0.112
6918,891.8,0.112
6919,891.9,0.113
6920,892.0,0.112
6921,892.1,0.112
6922,892.2,0.111
6923,892.3,0.11
6924,892.4,0.109
6925,892.5,0.108
6926,892.6,0.106
6927,892.7,0.104
6928,892.8,0.101
6929,892.9,0.099
6930,893.0,0.096
6931,893.1,0.094
6932,893.2,0.091
6933,893.3,0.087
6934,893.4,0.084
6935,893.5,0.081
6936,893.6,0.078
6937,893.7,0.074
6938,893.8,0.071
6939,893.9,0.067
6940,894.0,0.064
6941,894.1,0.06
6942,894.2,0.057
6943,894.3,0.054
6944,894.4,0.05
6945,894.5,0.047
6946,894.6,0.044
6947,894.7,0.041
6948,894.8,0.038
6949,894.9,0.035
6950,895.0,0.033
6951,895.1,0.03
6952,895.2,0.028
6953,895.3,0.025
6954,895.4,0.023
6955,895.5,0.021
6956,895.6,0.019
6957,895.7,0.018
6958,895.8,0.016
6959,895.9,0.014
6960,896.0,0.013
6961,896.1,0.012
6962,896.2,0.01
6963,896.3,0.009
6964,896.4,0.008
6965,896.5,0.007
6966,896.6,0.007
6967,896.7,0.006
6968,896.8,0.005
6969,896.9,0.005
6970,897.0,0.004
6971,897.1,0.003
6972,897.2,0.003
6973,897.3,0.003
6974,897.4,0.002
6975,897.5,0.002
6976,897.6,0.002
6977,897.7,0.001
6978,897.8,0.001
6979,897.9,0.001
6980,898.0,0.001
6981,898.1,0.001
6982,898.2,0.001
6983,898.3,0.001
6984,898.4,0.0
6985,898.5,0.0
6986,898.6,0.0
6987,898.7,0.0
6988,898.8,0.0
6989,898.9,0.0
6990,899.0,0.0
6991,899.1,0.0
6992,899.2,0.0
6993,899.3,0.0
6994,899.4,0.0
6995,899.5,0.0
6996,899.6,0.0
6997,899.7,0.0
6998,899.8,0.0
6999,899.9,0.0
7000,900.0,0.0
7001,900.1,0.0
7002,900.2,0.0
7003,900.3,0.0
7004,900.4,0.0
7005,900.5,0.0
7006,900.6,0.0
7007,900.7,0.0
7008,900.8,0.0
7009,900.9,0.0
7010,901.0,0.0
7011,901.1,0.0
7012,901.2,0.0
7013,901.3,0.0
7014,901.4,0.0
7015,901.5,0.0
7016,901.6,0.0
7017,901.7,0.0
7018,901.8,0.001
7019,901.9,0.001
7020,902.0,0.001
7021,902.1,0.001
7022,902.2,0.002
7023,902.3,0.002
7024,902.4,0.003
7025,902.5,0.004
7026,902.6,0.006
7027,902.7,0.007
7028,902.8,0.01
7029,902.9,0.013
7030,903.0,0.016
7031,903.1,0.021
7032,903.2,0.028
7033,903.3,0.036
7034,903.4,0.046
7035,903.5,0.059
7036,903.6,0.076
7037,903.7,0.097
7038,903.8,0.123
7039,903.9,0.157
7040,904.0,0.2
7041,904.1,0.253
7042,904.2,0.32
7043,904.3,0.403
7044,904.4,0.507
7045,904.5,0.637
7046,904.6,0.797
7047,904.7,0.995
7048,904.8,1.239
7049,904.9,1.539
7050,905.0,1.908
7051,905.1,2.359
7052,905.2,2.91
7053,905.3,3.58
7054,905.4,4.393
7055,905.5,5.379
7056,905.6,6.569
7057,905.7,8.002
7058,905.8,9.726
7059,905.9,11.79
7060,906.0,14.257
7061,906.1,17.2
7062,906.2,20.7
7063,906.3,24.854
7064,906.4,29.77
7065,906.5,35.563
7066,906.6,42.38
7067,906.7,50.38
7068,906.8,59.74
7069,906.9,70.67
7070,907.0,83.4
7071,907.1,98.198
7072,907.2,115.3
7073,907.3,135.0
7074,907.4,157.795
7075,907.5,184.0
7076,907.6,213.922
7077,907.7,248.1
7078,907.8,287.1
7079,907.9,331.409
7080,908.0,381.6
7081,908.1,438.3
7082,908.2,502.234
7083,908.3,574.1
7084,908.4,654.6
7085,908.5,744.541
7086,908.6,844.9
7087,908.7,956.574
7088,908.8,1080.0
7089,908.9,1216.0
7090,909.0,1366.708
7091,909.1,1532.0
7092,909.2,1712.0
7093,909.3,1909.64
7094,909.4,2125.0
7095,909.5,2358.0
7096,909.6,2610.956
7097,909.7,2884.0
7098,909.8,3177.0
7099,909.9,3491.427
7100,910.0,3828.0
7101,910.1,4186.976
7102,910.2,4568.0
7103,910.3,4971.0
7104,910.4,5397.012
7105,910.5,5845.0
7106,910.6,6314.0
7107,910.7,6804.967
7108,910.8,7316.0
7109,910.9,7845.0
7110,911.0,8392.094
7111,911.1,8956.0
7112,911.2,9535.0
7113,911.3,10127.37
7114,911.4,10730.0
7115,911.5,11339.146
7116,911.6,11950.0
7117,911.7,12560.0
7118,911.8,13174.15
7119,911.9,13790.0
7120,912.0,14400.0
7121,912.1,14991.427
7122,912.2,15570.0
7123,912.3,16140.0
7124,912.4,16684.222
7125,912.5,17200.0
7126,912.6,17689.127
7127,912.7,18150.0
7128,912.8,18580.0
7129,912.9,18975.327
7130,913.0,19330.0
7131,913.1,19640.0
7132,913.2,19908.437
7133,913.3,20130.0
7134,913.4,20300.0
7135,913.5,20424.197
7136,913.6,20500.0
7137,913.7,20523.849
7138,913.8,20500.0
7139,913.9,20430.0
7140,914.0,20303.183
7141,914.1,20130.0
7142,914.2,19920.0
7143,914.3,19659.24
7144,914.4,19350.0
7145,914.5,19000.0
7146,914.6,18613.787
7147,914.7,18190.0
7148,914.8,17730.0
7149,914.9,17246.952
7150,915.0,16740.0
7151,915.1,16205.905
7152,915.2,15650.0
7153,915.3,15080.0
7154,915.4,14502.989
7155,915.5,13920.0
7156,915.6,13330.0
7157,915.7,12732.926
7158,915.8,12140.0
7159,915.9,11560.0
7160,916.0,10984.866
7161,916.1,10420.0
7162,916.2,9873.0
7163,916.3,9342.866
7164,916.4,8832.0
7165,916.5,8343.836
7166,916.6,7880.0
7167,916.7,7442.0
7168,916.8,7032.275
7169,916.9,6652.0
7170,917.0,6302.0
7171,917.1,5983.307
7172,917.2,5697.0
7173,917.3,5444.0
7174,917.4,5224.604
7175,917.5,5039.0
7176,917.6,4887.269
7177,917.7,4769.0
7178,917.8,4684.0
7179,917.9,4632.96
7180,918.0,4615.0
7181,918.1,4629.0
7182,918.2,4674.61
7183,918.3,4751.0
7184,918.4,4857.0
7185,918.5,4990.999
7186,918.6,5152.0
7187,918.7,5339.102
7188,918.8,5551.0
7189,918.9,5786.0
7190,919.0,6041.544
7191,919.1,6316.0
7192,919.2,6608.0
7193,919.3,6915.828
7194,919.4,7237.0
7195,919.5,7569.0
7196,919.6,7909.785
7197,919.7,8257.0
7198,919.8,8608.0
7199,919.9,8960.083
7200,920.0,9313.0
7201,920.1,9665.539
7202,920.2,10010.0
7203,920.3,10340.0
7204,920.4,10659.536
7205,920.5,10970.0
7206,920.6,11270.0
7207,920.7,11552.639
7208,920.8,11810.0
7209,920.9,12040.0
7210,921.0,12256.363
7211,921.1,12450.0
7212,921.2,12610.0
7213,921.3,12743.483
7214,921.4,12850.0
7215,921.5,12926.198
7216,921.6,12970.0
7217,921.7,12980.0
7218,921.8,12957.581
7219,921.9,12910.0
7220,922.0,12840.0
7221,922.1,12732.552
7222,922.2,12590.0
7223,922.3,12420.0
7224,922.4,12226.976
7225,922.5,12010.0
7226,922.6,11767.477
7227,922.7,11500.0
7228,922.8,11210.0
7229,922.9,10903.315
7230,923.0,10580.0
7231,923.1,10240.0
7232,923.2,9888.523
7233,923.3,9527.0
7234,923.4,9156.0
7235,923.5,8777.923
7236,923.6,8395.0
7237,923.7,8009.311
7238,923.8,7623.0
7239,923.9,7238.0
7240,924.0,6855.613
7241,924.1,6478.0
7242,924.2,6107.0
7243,924.3,5742.687
7244,924.4,5387.0
7245,924.5,5042.0
7246,924.6,4707.913
7247,924.7,4385.0
7248,924.8,4074.0
7249,924.9,3776.594
7250,925.0,3493.0
7251,925.1,3223.071
7252,925.2,2967.0
7253,925.3,2725.0
7254,925.4,2497.028
7255,925.5,2283.0
7256,925.6,2083.0
7257,925.7,1897.356
7258,925.8,1725.0
7259,925.9,1565.0
7260,926.0,1418.108
7261,926.1,1284.0
7262,926.2,1162.0
7263,926.3,1051.647
7264,926.4,952.6
7265,926.5,864.545
7266,926.6,787.2
7267,926.7,720.3
7268,926.8,663.64
7269,926.9,617.1
7270,927.0,580.6
7271,927.1,554.156
7272,927.2,537.9
7273,927.3,532.0
7274,927.4,536.732
7275,927.5,552.6
7276,927.6,580.189
7277,927.7,620.2
7278,927.8,673.4
7279,927.9,740.775
7280,928.0,823.6
7281,928.1,923.1
7282,928.2,1040.414
7283,928.3,1178.0
7284,928.4,1338.0
7285,928.5,1520.688
7286,928.6,1729.0
7287,928.7,1966.385
7288,928.8,2235.0
7289,928.9,2537.0
7290,929.0,2875.676
7291,929.1,3254.0
7292,929.2,3675.0
7293,929.3,4142.462
7294,929.4,4660.0
7295,929.5,5231.0
7296,929.6,5858.608
7297,929.7,6547.0
7298,929.8,7300.0
7299,929.9,8119.969
7300,930.0,9013.0
7301,930.1,9984.156
7302,930.2,11030.0
7303,930.3,12150.0
7304,930.4,13359.258
7305,930.5,14660.0
7306,930.6,16050.0
7307,930.7,17527.222
7308,930.8,19090.0
7309,930.9,20740.0
7310,931.0,22487.676
7311,931.1,24330.0
7312,931.2,26260.0
7313,931.3,28273.009
7314,931.4,30370.0
7315,931.5,32550.144
7316,931.6,34800.0
7317,931.7,37110.0
7318,931.8,39490.984
7319,931.9,41930.0
7320,932.0,44410.0
7321,932.1,46926.362
7322,932.2,49470.0
7323,932.3,52030.0
7324,932.4,54595.13
7325,932.5,57150.0
7326,932.6,59680.249
7327,932.7,62180.0
7328,932.8,64640.0
7329,932.9,67033.98
7330,933.0,69350.0
7331,933.1,71580.0
7332,933.2,73711.448
7333,933.3,75730.0
7334,933.4,77620.0
7335,933.5,79364.709
7336,933.6,80960.0
7337,933.7,82401.485
7338,933.8,83670.0
7339,933.9,84750.0
7340,934.0,85649.375
7341,934.1,86360.0
7342,934.2,86870.0
7343,934.3,87176.329
7344,934.4,87280.0
7345,934.5,87180.0
7346,934.6,86869.971
7347,934.7,86360.0
7348,934.8,85660.0
7349,934.9,84764.47
7350,935.0,83680.0
7351,935.1,82416.479
7352,935.2,80980.0
7353,935.3,79380.0
7354,935.4,77638.074
7355,935.5,75760.0
7356,935.6,73750.0
7357,935.7,71624.911
7358,935.8,69400.0
7359,935.9,67090.0
7360,936.0,64710.548
7361,936.1,62270.0
7362,936.2,59780.0
7363,936.3,57267.331
7364,936.4,54740.0
7365,936.5,52202.584
7366,936.6,49670.0
7367,936.7,47160.0
7368,936.8,44688.46
7369,936.9,42260.0
7370,937.0,39880.0
7371,937.1,37564.8
7372,937.2,35320.0
7373,937.3,33150.0
7374,937.4,31067.192
7375,937.5,29080.0
7376,937.6,27194.033
7377,937.7,25410.0
7378,937.8,23730.0
7379,937.9,22163.472
7380,938.0,20710.0
7381,938.1,19370.0
7382,938.2,18154.778
7383,938.3,17060.0
7384,938.4,16080.0
7385,938.5,15221.843
7386,938.6,14490.0
7387,938.7,13885.281
7388,938.8,13400.0
7389,938.9,13030.0
7390,939.0,12788.072
7391,939.1,12670.0
7392,939.2,12670.0
7393,939.3,12794.831
7394,939.4,13040.0
7395,939.5,13400.0
7396,939.6,13879.303
7397,939.7,14480.0
7398,939.8,15200.0
7399,939.9,16029.369
7400,940.0,16970.0
7401,940.1,18025.296
7402,940.2,19190.0
7403,940.3,20460.0
7404,940.4,21839.96
7405,940.5,23320.0
7406,940.6,24890.0
7407,940.7,26554.09
7408,940.8,28310.0
7409,940.9,30150.0
7410,941.0,32059.677
7411,941.1,34040.0
7412,941.2,36090.0
7413,941.3,38188.408
7414,941.4,40330.0
7415,941.5,42512.137
7416,941.6,44720.0
7417,941.7,46940.0
7418,941.8,49171.314
7419,941.9,51400.0
7420,942.0,53610.0
7421,942.1,55791.978
7422,942.2,57930.0
7423,942.3,60010.0
7424,942.4,62030.594
7425,942.5,63980.0
7426,942.6,65842.362
7427,942.7,67600.0
7428,942.8,69240.0
7429,942.9,70764.805
7430,943.0,72160.0
7431,943.1,73410.0
7432,943.2,74513.367
7433,943.3,75460.0
7434,943.4,76240.0
7435,943.5,76854.89
7436,943.6,77300.0
7437,943.7,77569.179
7438,943.8,77660.0
7439,943.9,77570.0
7440,944.0,77296.438
7441,944.1,76850.0
7442,944.2,76240.0
7443,944.3,75459.368
7444,944.4,74510.0
7445,944.5,73400.0
7446,944.6,72145.011
7447,944.7,70750.0
7448,944.8,69220.0
7449,944.9,67570.798
7450,945.0,65810.0
7451,945.1,63944.507
7452,945.2,61990.0
7453,945.3,59960.0
7454,945.4,57856.413
7455,945.5,55700.0
7456,945.6,53510.0
7457,945.7,51282.388
7458,945.8,49030.0
7459,945.9,46770.0
7460,946.0,44513.106
7461,946.1,42270.0
7462,946.2,40050.0
7463,946.3,37857.004
7464,946.4,35700.0
7465,946.5,33588.847
7466,946.6,31530.0
7467,946.7,29530.0
7468,946.8,27596.809
7469,946.9,25730.0
7470,947.0,23930.0
7471,947.1,22206.688
7472,947.2,20560.0
7473,947.3,18990.0
7474,947.4,17505.612
7475,947.5,16100.0
7476,947.6,14765.46
7477,947.7,13510.0
7478,947.8,12340.0
7479,947.9,11243.682
7480,948.0,10220.0
7481,948.1,9270.0
7482,948.2,8388.11
7483,948.3,7572.0
7484,948.4,6820.0
7485,948.5,6128.279
7486,948.6,5494.0
7487,948.7,4914.478
7488,948.8,4386.0
7489,948.9,3905.0
7490,949.0,3469.143
7491,949.1,3075.0
7492,949.2,2719.0
7493,949.3,2398.481
7494,949.4,2111.0
7495,949.5,1854.0
7496,949.6,1624.57
7497,949.7,1420.0
7498,949.8,1238.0
7499,949.9,1077.306
7500,950.0,935.6
7501,950.1,810.44
7502,950.2,700.3
7503,950.3,603.8
7504,950.4,519.344
7505,950.5,445.7
7506,950.6,381.7
7507,950.7,326.083
7508,950.8,277.9
7509,950.9,236.3
7510,951.0,200.475
7511,951.1,169.7
7512,951.2,143.3
7513,951.3,120.731
7514,951.4,101.5
7515,951.5,85.138
7516,951.6,71.25
7517,951.7,59.48
7518,951.8,49.544
7519,951.9,41.18
7520,952.0,34.14
7521,952.1,28.24
7522,952.2,23.31
7523,952.3,19.19
7524,952.4,15.762
7525,952.5,12.92
7526,952.6,10.566
7527,952.7,8.623
7528,952.8,7.02
7529,952.9,5.7
7530,953.0,4.619
7531,953.1,3.735
7532,953.2,3.012
7533,953.3,2.424
7534,953.4,1.946
7535,953.5,1.559
7536,953.6,1.246
7537,953.7,0.993
7538,953.8,0.79
7539,953.9,0.627
7540,954.0,0.497
7541,954.1,0.392
7542,954.2,0.309
7543,954.3,0.243
7544,954.4,0.191
7545,954.5,0.149
7546,954.6,0.117
7547,954.7,0.091
7548,954.8,0.071
7549,954.9,0.055
7550,955.0,0.042
7551,955.1,0.033
7552,955.2,0.025
7553,955.3,0.019
7554,955.4,0.015
7555,955.5,0.011
7556,955.6,0.009
7557,955.7,0.007
7558,955.8,0.005
7559,955.9,0.004
7560,956.0,0.003
7561,956.1,0.002
7562,956.2,0.002
7563,956.3,0.001
7564,956.4,0.001
7565,956.5,0.001
7566,956.6,0.001
7567,956.7,0.0
7568,956.8,0.0
7569,956.9,0.0
7570,957.0,0.0
7571,957.1,0.0
7572,957.2,0.0
7573,957.3,0.0
7574,957.4,0.0
7575,957.5,0.0
7576,957.6,0.0
7577,957.7,0.0
7578,957.8,0.0
7579,957.9,0.0
7580,958.0,0.0
7581,958.1,0.0
7582,958.2,0.0
7583,958.3,0.0
7584,958.4,0.0
7585,958.5,0.0
7586,958.6,0.0
7587,958.7,0.0
7588,958.8,0.0
7589,958.9,0.0
7590,959.0,0.0
7591,959.1,0.0
7592,959.2,0.0
7593,959.3,0.0
7594,959.4,0.0
7595,959.5,0.0
7596,959.6,0.0
7597,959.7,0.0
7598,959.8,0.0
7599,959.9,0.0
7600,960.0,0.0
7601,960.1,0.0
7602,960.2,0.0
7603,960.3,0.0
7604,960.4,0.0
7605,960.5,0.0
7606,960.6,0.0
7607,960.7,0.0
7608,960.8,0.0
7609,960.9,0.0
7610,961.0,0.0
7611,961.1,0.0
7612,961.2,0.0
7613,961.3,0.0
7614,961.4,0.0
7615,961.5,0.0
7616,961.6,0.0
7617,961.7,0.0
7618,961.8,0.0
7619,961.9,0.0
7620,962.0,0.0
7621,962.1,0.0
7622,962.2,0.0
7623,962.3,0.0
7624,962.4,0.0
7625,962.5,0.0
7626,962.6,0.0
7627,962.7,0.0
7628,962.8,0.0
7629,962.9,0.0
7630,963.0,0.0
7631,963.1,0.0
7632,963.2,0.0
7633,963.3,0.0
7634,963.4,0.0
7635,963.5,0.0
7636,963.6,0.0
7637,963.7,0.0
7638,963.8,0.0
7639,963.9,0.0
7640,964.0,0.0
7641,964.1,0.0
7642,964.2,0.0
7643,964.3,0.0
7644,964.4,0.0
7645,964.5,0.0
7646,964.6,0.0
7647,964.7,0.0
7648,964.8,0.0
7649,964.9,0.0
7650,965.0,0.0
7651,965.1,0.0
7652,965.2,0.0
7653,965.3,0.0
7654,965.4,0.0
7655,965.5,0.0
7656,965.6,0.0
7657,965.7,0.0
7658,965.8,0.0
7659,965.9,0.0
7660,966.0,0.0
7661,966.1,0.0
7662,966.2,0.0
7663,966.3,0.0
7664,966.4,0.0
7665,966.5,0.0
7666,966.6,0.0
7667,966.7,0.0
7668,966.8,0.0
7669,966.9,0.0
7670,967.0,0.0
7671,967.1,0.0
7672,967.2,0.0
7673,967.3,0.0
7674,967.4,0.0
7675,967.5,0.0
7676,967.6,0.0
7677,967.7,0.0
7678,967.8,0.0
7679,967.9,0.0
7680,968.0,0.0
7681,968.1,0.0
7682,968.2,0.0
7683,968.3,0.0
7684,968.4,0.0
7685,968.5,0.0
7686,968.6,0.0
7687,968.7,0.0
7688,968.8,0.0
7689,968.9,0.0
7690,969.0,0.0
7691,969.1,0.0
7692,969.2,0.0
7693,969.3,0.0
7694,969.4,0.0
7695,969.5,0.0
7696,969.6,0.0
7697,969.7,0.0
7698,969.8,0.0
7699,969.9,0.0
7700,970.0,0.0
7701,970.1,0.0
7702,970.2,0.0
7703,970.3,0.0
7704,970.4,0.0
7705,970.5,0.0
7706,970.6,0.0
7707,970.7,0.0
7708,970.8,0.0
7709,970.9,0.0
7710,971.0,0.0
7711,971.1,0.0
7712,971.2,0.0
7713,971.3,0.0
7714,971.4,0.0
7715,971.5,0.0
7716,971.6,0.0
7717,971.7,0.0
7718,971.8,0.0
7719,971.9,0.0
7720,972.0,0.0
7721,972.1,0.0
7722,972.2,0.0
7723,972.3,0.0
7724,972.4,0.0
7725,972.5,0.0
7726,972.6,0.0
7727,972.7,0.0
7728,972.8,0.0
7729,972.9,0.0
7730,973.0,0.0
7731,973.1,0.0
7732,973.2,0.0
7733,973.3,0.0
7734,973.4,0.0
7735,973.5,0.0
7736,973.6,0.0
7737,973.7,0.0
7738,973.8,0.0
7739,973.9,0.0
7740,974.0,0.0
7741,974.1,0.0
7742,974.2,0.0
7743,974.3,0.0
7744,974.4,0.0
7745,974.5,0.0
7746,974.6,0.0
7747,974.7,0.0
7748,974.8,0.0
7749,974.9,0.0
7750,975.0,0.0
7751,975.1,0.0
7752,975.2,0.0
7753,975.3,0.0
7754,975.4,0.0
7755,975.5,0.0
7756,975.6,0.0
7757,975.7,0.0
7758,975.8,0.0
7759,975.9,0.0
7760,976.0,0.0
7761,976.1,0.0
7762,976.2,0.0
7763,976.3,0.0
7764,976.4,0.0
7765,976.5,0.0
7766,976.6,0.0
7767,976.7,0.0
7768,976.8,0.0
7769,976.9,0.0
7770,977.0,0.0
7771,977.1,0.0
7772,977.2,0.0
7773,977.3,0.0
7774,977.4,0.0
7775,977.5,0.0
7776,977.6,0.0
7777,977.7,0.0
7778,977.8,0.0
7779,977.9,0.0
7780,978.0,0.0
7781,978.1,0.0
7782,978.2,0.0
7783,978.3,0.0
7784,978.4,0.0
7785,978.5,0.0
7786,978.6,0.0
7787,978.7,0.0
7788,978.8,0.0
7789,978.9,0.0
7790,979.0,0.0
7791,979.1,0.0
7792,979.2,0.0
7793,979.3,0.0
7794,979.4,0.0
7795,979.5,0.0
7796,979.6,0.0
7797,979.7,0.0
7798,979.8,0.0
7799,979.9,0.0
7800,980.0,0.0
7801,980.1,0.0
7802,980.2,0.0
7803,980.3,0.0
7804,980.4,0.0
7805,980.5,0.0
7806,980.6,0.0
7807,980.7,0.0
7808,980.8,0.0
7809,980.9,0.0
7810,981.0,0.0
7811,981.1,0.0
7812,981.2,0.0
7813,981.3,0.0
7814,981.4,0.0
7815,981.5,0.0
7816,981.6,0.0
7817,981.7,0.0
7818,981.8,0.0
7819,981.9,0.0
7820,982.0,0.0
7821,982.1,0.0
7822,982.2,0.0
7823,982.3,0.0
7824,982.4,0.0
7825,982.5,0.0
7826,982.6,0.0
7827,982.7,0.0
7828,982.8,0.0
7829,982.9,0.0
7830,983.0,0.0
7831,983.1,0.0
7832,983.2,0.0
7833,983.3,0.0
7834,983.4,0.0
7835,983.5,0.0
7836,983.6,0.0
7837,983.7,0.0
7838,983.8,0.0
7839,983.9,0.0
7840,984.0,0.0
7841,984.1,0.0
7842,984.2,0.0
7843,984.3,0.0
7844,984.4,0.0
7845,984.5,0.0
7846,984.6,0.0
7847,984.7,0.0
7848,984.8,0.0
7849,984.9,0.0
7850,985.0,0.0
7851,985.1,0.0
7852,985.2,0.0
7853,985.3,0.0
7854,985.4,0.0
7855,985.5,0.0
7856,985.6,0.0
7857,985.7,0.0
7858,985.8,0.0
7859,985.9,0.0
7860,986.0,0.0
7861,986.1,0.0
7862,986.2,0.0
7863,986.3,0.0
7864,986.4,0.0
7865,986.5,0.0
7866,986.6,0.0
7867,986.7,0.0
7868,986.8,0.0
7869,986.9,0.0
7870,987.0,0.0
7871,987.1,0.0
7872,987.2,0.0
7873,987.3,0.0
7874,987.4,0.0
7875,987.5,0.0
7876,987.6,0.0
7877,987.7,0.0
7878,987.8,0.0
7879,987.9,0.0
7880,988.0,0.0
7881,988.1,0.0
7882,988.2,0.0
7883,988.3,0.0
7884,988.4,0.0
7885,988.5,0.0
7886,988.6,0.0
7887,988.7,0.0
7888,988.8,0.0
7889,988.9,0.0
7890,989.0,0.0
7891,989.1,0.0
7892,989.2,0.0
7893,989.3,0.0
7894,989.4,0.0
7895,989.5,0.0
7896,989.6,0.0
7897,989.7,0.0
7898,989.8,0.0
7899,989.9,0.0
7900,990.0,0.0
7901,990.1,0.0
7902,990.2,0.0
7903,990.3,0.0
7904,990.4,0.0
7905,990.5,0.0
7906,990.6,0.0
7907,990.7,0.0
7908,990.8,0.0
7909,990.9,0.0
7910,991.0,0.0
7911,991.1,0.0
7912,991.2,0.0
7913,991.3,0.0
7914,991.4,0.0
7915,991.5,0.0
7916,991.6,0.0
7917,991.7,0.0
7918,991.8,0.0
7919,991.9,0.0
7920,992.0,0.0
7921,992.1,0.0
7922,992.2,0.0
7923,992.3,0.0
7924,992.4,0.0
7925,992.5,0.0
7926,992.6,0.0
7927,992.7,0.0
7928,992.8,0.0
7929,992.9,0.0
7930,993.0,0.0
7931,993.1,0.0
7932,993.2,0.0
7933,993.3,0.0
7934,993.4,0.0
7935,993.5,0.0
7936,993.6,0.0
7937,993.7,0.0
7938,993.8,0.0
7939,993.9,0.0
7940,994.0,0.0
7941,994.1,0.0
7942,994.2,0.0
7943,994.3,0.0
7944,994.4,0.0
7945,994.5,0.0
7946,994.6,0.0
7947,994.7,0.0
7948,994.8,0.0
7949,994.9,0.0
7950,995.0,0.0
7951,995.1,0.0
7952,995.2,0.0
7953,995.3,0.0
7954,995.4,0.0
7955,995.5,0.0
7956,995.6,0.0
7957,995.7,0.0
7958,995.8,0.0
7959,995.9,0.0
7960,996.0,0.0
7961,996.1,0.0
7962,996.2,0.0
7963,996.3,0.0
7964,996.4,0.0
7965,996.5,0.0
7966,996.6,0.0
7967,996.7,0.0
7968,996.8,0.0
7969,996.9,0.0
7970,997.0,0.0
7971,997.1,0.0
7972,997.2,0.0
7973,997.3,0.0
7974,997.4,0.0
7975,997.5,0.0
7976,997.6,0.0
7977,997.7,0.0
7978,997.8,0.0
7979,997.9,0.0
7980,998.0,0.0
7981,998.1,0.0
7982,998.2,0.0
7983,998.3,0.0
7984,998.4,0.0
7985,998.5,0.0
7986,998.6,0.0
7987,998.7,0.0
7988,998.8,0.0
7989,998.9,0.0
7990,999.0,0.0
7991,999.1,0.0
7992,999.2,0.0
7993,999.3,0.0
7994,999.4,0.0
7995,999.5,0.0
7996,999.6,0.0
7997,999.7,0.0
7998,999.8,0.0
7999,999.9,0.0
