,wavelength,intensity
0,200.0,5600.0
1,200.1,36386.414
2,200.2,183609.05
3,200.3,707521.782
4,200.4,2092125.962
5,200.5,4749766.669
6,200.6,8277613.594
7,200.7,11086910.849
8,200.8,11477325.129
9,200.9,9564976.812
10,201.0,7911685.151
11,201.1,10420000.0
12,201.2,20177367.725
13,201.3,36430000.0
14,201.4,52308623.129
15,201.5,58047342.242
16,201.6,49587554.569
17,201.7,32578631.603
18,201.8,16467067.402
19,201.9,6430962.099
20,202.0,2088286.484
21,202.1,1221051.098
22,202.2,2808865.666
23,202.3,7508812.77
24,202.4,16230000.0
25,202.5,27755710.29
26,202.6,37510000.0
27,202.7,40032122.971
28,202.8,33679114.815
29,202.9,22289536.243
30,203.0,11568526.115
31,203.1,4694064.032
32,203.2,1486120.02
33,203.3,366132.859
34,203.4,70042.269
35,203.5,10414.025
36,203.6,1179.779
37,203.7,109.4
38,203.8,49.9
39,203.9,492.3
40,204.0,4238.87
41,204.1,28675.61
42,204.2,149403.022
43,204.3,605208.266
44,204.4,1899957.951
45,204.5,4630248.496
46,204.6,8773175.147
47,204.7,13011143.976
48,204.8,15389421.383
49,204.9,15369845.387
50,205.0,14630000.0
51,205.1,15201261.191
52,205.2,17105161.499
53,205.3,18777826.573
54,205.4,19228602.027
55,205.5,18671053.58
56,205.6,17513776.095
57,205.7,16216751.603
58,205.8,15857863.069
59,205.9,17048062.169
60,206.0,18446975.629
61,206.1,17610000.0
62,206.2,13709747.461
63,206.3,8446000.0
64,206.4,4069156.832
65,206.5,1527611.239
66,206.6,446222.233
67,206.7,101389.94
68,206.8,17920.008
69,206.9,2455.985
70,207.0,265.593
71,207.1,21.259
72,207.2,1.408
73,207.3,0.15
74,207.4,1.848
75,207.5,32.368
76,207.6,444.9
77,207.7,4746.344
78,207.8,40267.848
79,207.9,264512.586
80,208.0,1369493.357
81,208.1,5529467.833
82,208.2,17489865.528
83,208.3,43300004.776
84,208.4,84003734.571
85,208.5,128052256.695
86,208.6,154374234.906
87,208.7,150300000.0
88,208.8,125243173.543
89,208.9,100600000.0
90,209.0,89935278.583
91,209.1,91864045.223
92,209.2,99117743.108
93,209.3,104917558.907
94,209.4,102260782.559
95,209.5,86225508.664
96,209.6,60077670.125
97,209.7,33665672.223
98,209.8,14964650.253
99,209.9,5251635.024
100,210.0,1454000.0
101,210.1,320649.92
102,210.2,59834.761
103,210.3,12659.431
104,210.4,6029.914
105,210.5,5288.969
106,210.6,4737.605
107,210.7,3601.647
108,210.8,2220.961
109,210.9,1094.702
110,211.0,429.907
111,211.1,145.3
112,211.2,180.137
113,211.3,1446.0
114,211.4,10972.908
115,211.5,66714.089
116,211.6,318914.631
117,211.7,1207335.978
118,211.8,3637742.118
119,211.9,8802487.395
120,212.0,17513386.538
121,212.1,29810915.337
122,212.2,46205730.431
123,212.3,68930691.3
124,212.4,100700000.0
125,212.5,142551618.879
126,212.6,195400000.0
127,212.7,258197939.731
128,212.8,317636991.908
129,212.9,343690976.863
130,213.0,311628087.741
131,213.1,229788540.624
132,213.2,135930447.803
133,213.3,65480852.961
134,213.4,30872281.574
135,213.5,29062492.213
136,213.6,55175183.22
137,213.7,103100000.0
138,213.8,156327334.941
139,213.9,188300000.0
140,214.0,179751774.942
141,214.1,135918701.71
142,214.2,81640148.892
143,214.3,39418839.121
144,214.4,16964353.115
145,214.5,10452526.662
146,214.6,13268735.98
147,214.7,19621771.053
148,214.8,24511516.89
149,214.9,24486115.505
150,215.0,19450000.0
151,215.1,12403759.408
152,215.2,7010580.328
153,215.3,6463640.088
154,215.4,15526196.558
155,215.5,43659616.043
156,215.6,103474652.313
157,215.7,200444972.076
158,215.8,321360920.211
159,215.9,439286456.635
160,216.0,548174584.383
161,216.1,712099999.998
162,216.2,1094601015.645
163,216.3,1897999999.99
164,216.4,3164788577.296
165,216.5,4573593578.791
166,216.6,5548000047.694
167,216.7,5707020334.106
168,216.8,5172587820.214
169,216.9,4342777971.857
170,217.0,3517895780.198
171,217.1,2879111409.528
172,217.2,2659258537.216
173,217.3,3050126313.36
174,217.4,3874999999.991
175,217.5,4540047907.448
176,217.6,4458000000.005
177,217.7,3553619231.086
178,217.8,2279574601.524
179,217.9,1191309648.612
180,218.0,563447942.137
181,218.1,400609469.485
182,218.2,607684189.839
183,218.3,1066414782.183
184,218.4,1581427999.605
185,218.5,1889654259.169
186,218.6,1808032940.595
187,218.7,1387000000.005
188,218.8,856915593.291
189,218.9,433400000.004
190,219.0,188524551.885
191,219.1,79777826.813
192,219.2,38721263.805
193,219.3,22965796.816
194,219.4,18345412.281
195,219.5,25003927.781
196,219.6,50566136.759
197,219.7,114479476.496
198,219.8,253808788.99
199,219.9,506895302.174
200,220.0,863399999.996
201,220.1,1224142738.902
202,220.2,1455586061.534
203,220.3,1531334444.993
204,220.4,1597698208.053
205,220.5,1842073660.136
206,220.6,2258298893.184
207,220.7,2605860656.361
208,220.8,2638828865.468
209,220.9,2335036929.271
210,221.0,1885589785.425
211,221.1,1522000000.003
212,221.2,1462690807.841
213,221.3,1996999999.988
214,221.4,3428234589.159
215,221.5,5713800261.339
216,221.6,8120970365.186
217,221.7,9481950028.232
218,221.8,9073787967.6
219,221.9,7284900133.246
220,222.0,5282000985.331
221,222.1,4079133243.809
222,222.2,3953094793.934
223,222.3,4555951616.51
224,222.4,5296999999.992
225,222.5,5652387023.106
226,222.6,5335000000.009
227,222.7,4375963143.964
228,222.8,3079475400.257
229,222.9,1839320537.706
230,223.0,922839765.329
231,223.1,386196496.55
232,223.2,133827567.842
233,223.3,38228502.124
234,223.4,8955596.664
235,223.5,1718227.523
236,223.6,274586.654
237,223.7,72240.0
238,223.8,176394.841
239,223.9,692500.0
240,224.0,2292303.115
241,224.1,6180610.666
242,224.2,13510615.933
243,224.3,23901757.23
244,224.4,34259142.499
245,224.5,39867225.793
246,224.6,38401452.735
247,224.7,34418448.775
248,224.8,43979812.328
249,224.9,102181421.284
250,225.0,270299999.996
251,225.1,618410088.543
252,225.2,1158939262.0
253,225.3,1763121862.58
254,225.4,2176939400.114
255,225.5,2182268942.829
256,225.6,1777799447.838
257,225.7,1181926036.063
258,225.8,652023189.865
259,225.9,332377953.604
260,226.0,250683525.483
261,226.1,406799999.996
262,226.2,806477281.257
263,226.3,1397999999.99
264,226.4,2001478147.97
265,226.5,2379701783.116
266,226.6,2435888776.787
267,226.7,2359066773.543
268,226.8,2471386958.501
269,226.9,2902084216.396
270,227.0,3402375360.418
271,227.1,3538769510.008
272,227.2,3090102727.055
273,227.3,2237503795.622
274,227.4,1393000000.011
275,227.5,902845305.516
276,227.6,891099999.997
277,227.7,1277541543.048
278,227.8,1825645692.977
279,227.9,2217770158.3
280,228.0,2215508039.201
281,228.1,1814777228.786
282,228.2,1240883556.617
283,228.3,773180814.36
284,228.4,585717436.313
285,228.5,694511097.574
286,228.6,992511413.658
287,228.7,1302999999.996
288,228.8,1458608093.794
289,228.9,1393000000.003
290,229.0,1163561762.792
291,229.1,908822898.768
292,229.2,797098237.419
293,229.3,1023861665.08
294,229.4,1798384004.436
295,229.5,3212003842.58
296,229.6,5039324377.338
297,229.7,6678159700.429
298,229.8,7459258509.043
299,229.9,7149775393.283
300,230.0,6184000000.018
301,230.1,5292415353.354
302,230.2,4880940648.001
303,230.3,4754267594.61
304,230.4,4418339737.989
305,230.5,3604886935.288
306,230.6,2485522987.376
307,230.7,1443116719.287
308,230.8,751501475.096
309,230.9,470511388.553
310,231.0,549847484.892
311,231.1,952699999.99
312,231.2,1701565262.928
313,231.3,2846999999.976
314,231.4,4357998047.735
315,231.5,5974028402.514
316,231.6,7191210687.752
317,231.7,7548089259.865
318,231.8,6992824643.145
319,231.9,5924849725.131
320,232.0,4815632381.431
321,232.1,3870414251.765
322,232.2,3052342901.478
323,232.3,2333785377.362
324,232.4,1781000000.008
325,232.5,1451955035.789
326,232.6,1295000000.002
327,232.7,1183429034.51
328,232.8,1036062168.567
329,232.9,859024453.292
330,233.0,709392790.611
331,233.1,635145314.74
332,233.2,657943809.118
333,233.3,766812206.018
334,233.4,903739538.97
335,233.5,974364177.781
336,233.6,906010682.003
337,233.7,707200000.005
338,233.8,458499805.534
339,233.9,247600000.003
340,234.0,117850540.5
341,234.1,69209424.546
342,234.2,87969792.008
343,234.3,164680878.444
344,234.4,286443013.995
345,234.5,420695912.755
346,234.6,516987856.147
347,234.7,533561130.653
348,234.8,465885244.097
349,234.9,347561060.936
350,235.0,224900000.002
351,235.1,131070933.508
352,235.2,78924310.866
353,235.3,68531452.181
354,235.4,93602865.058
355,235.5,140851803.484
356,235.6,187807450.758
357,235.7,209914961.03
358,235.8,194211348.186
359,235.9,148547958.171
360,236.0,93981973.223
361,236.1,50060000.001
362,236.2,25399873.289
363,236.3,20250000.0
364,236.4,32869902.879
365,236.5,61353865.448
366,236.6,99827816.926
367,236.7,135424996.831
368,236.8,152800724.721
369,236.9,146171108.113
370,237.0,127781389.688
371,237.1,126462277.672
372,237.2,174553488.692
373,237.3,289403995.499
374,237.4,452899999.996
375,237.5,606632579.354
376,237.6,677900000.0
377,237.7,628230130.866
378,237.8,482223396.93
379,237.9,306670799.918
380,238.0,161740346.075
381,238.1,71686772.805
382,238.2,29924060.905
383,238.3,20542589.043
384,238.4,33473701.413
385,238.5,65600186.477
386,238.6,113377104.42
387,238.7,166599999.999
388,238.8,213637826.466
389,238.9,261299999.999
390,239.0,357909957.358
391,239.1,591001763.115
392,239.2,1036271756.775
393,239.3,1666439713.616
394,239.4,2298335718.293
395,239.5,2656919308.903
396,239.6,2557740995.983
397,239.7,2045439273.471
398,239.8,1359470788.661
399,239.9,750253404.608
400,240.0,343800000.007
401,240.1,130846695.721
402,240.2,41343781.845
403,240.3,10842847.412
404,240.4,2364675.096
405,240.5,433894.644
406,240.6,110854.133
407,240.7,315251.292
408,240.8,1694338.936
409,240.9,7781365.626
410,241.0,29857676.799
411,241.1,95689999.998
412,241.2,255739160.976
413,241.3,569999999.99
414,241.4,1059297678.626
415,241.5,1641635437.92
416,241.6,2120395753.827
417,241.7,2285562300.747
418,241.8,2056963093.397
419,241.9,1547681174.336
420,242.0,976012169.221
421,242.1,519262742.418
422,242.2,235665181.616
423,242.3,94118838.055
424,242.4,35730000.001
425,242.5,15031648.628
426,242.6,8233000.0
427,242.7,5959539.468
428,242.8,5764220.214
429,242.9,8079576.908
430,243.0,14856112.752
431,243.1,29301620.872
432,243.2,56737491.886
433,243.3,106982611.869
434,243.4,196622560.987
435,243.5,343775730.021
436,243.6,548550879.661
437,243.7,770799999.995
438,243.8,933502657.396
439,243.9,964500000.001
440,244.0,847549733.902
441,244.1,634794730.498
442,244.2,407077315.337
443,244.3,225111985.96
444,244.4,108923969.396
445,244.5,49088146.776
446,244.6,27770043.473
447,244.7,31402353.56
448,244.8,51898347.592
449,244.9,81798837.485
450,245.0,110199999.999
451,245.1,124684846.248
452,245.2,118266359.863
453,245.3,93871981.779
454,245.4,62427650.353
455,245.5,34764200.378
456,245.6,16217342.947
457,245.7,6330834.036
458,245.8,2070381.965
459,245.9,567276.571
460,246.0,129874.224
461,246.1,25000.0
462,246.2,3986.376
463,246.3,541.9
464,246.4,61.141
465,246.5,5.704
466,246.6,0.455
467,246.7,0.03
468,246.8,0.002
469,246.9,0.0
470,247.0,0.0
471,247.1,0.0
472,247.2,0.0
473,247.3,0.0
474,247.4,0.0
475,247.5,0.0
476,247.6,0.0
477,247.7,0.0
478,247.8,0.0
479,247.9,0.0
480,248.0,0.0
481,248.1,0.0
482,248.2,0.0
483,248.3,0.0
484,248.4,0.0
485,248.5,0.0
486,248.6,0.0
487,248.7,0.0
488,248.8,0.0
489,248.9,0.0
490,249.0,0.0
491,249.1,0.0
492,249.2,0.0
493,249.3,0.0
494,249.4,0.004
495,249.5,0.087
496,249.6,1.248
497,249.7,15.61
498,249.8,171.783
499,249.9,1569.937
500,250.0,12210.0
501,250.1,79421.084
502,250.2,438328.174
503,250.3,2037759.842
504,250.4,8020548.418
505,250.5,26619519.472
506,250.6,74606638.953
507,250.7,176637996.765
508,250.8,353070287.558
509,250.9,596208547.907
510,251.0,850353098.293
511,251.1,1024999999.997
512,251.2,1045170366.098
513,251.3,904500000.006
514,251.4,670745625.608
515,251.5,437692472.197
516,251.6,268094992.752
517,251.7,172744430.438
518,251.8,128358423.467
519,251.9,109123036.964
520,252.0,106732809.973
521,252.1,132945586.812
522,252.2,208959365.887
523,252.3,346608540.592
524,252.4,529699999.994
525,252.5,708977525.528
526,252.6,824299999.998
527,252.7,844730098.969
528,252.8,793742105.923
529,252.9,729812171.829
530,253.0,700530811.22
531,253.1,711377628.041
532,253.2,734999334.296
533,253.3,743158036.235
534,253.4,723970830.21
535,253.5,676073523.979
536,253.6,597337859.477
537,253.7,488000000.004
538,253.8,360008281.668
539,253.9,236900000.003
540,254.0,141621739.503
541,254.1,85910747.32
542,254.2,69273879.46
543,254.3,84571569.267
544,254.4,121035966.263
545,254.5,163716709.688
546,254.6,194449522.638
547,254.7,198690712.415
548,254.8,173717925.769
549,254.9,130896835.787
550,255.0,89380000.001
551,255.1,67002072.431
552,255.2,75932748.547
553,255.3,121046691.62
554,255.4,196774107.626
555,255.5,283367050.519
556,255.6,349564475.527
557,255.7,366989961.997
558,255.8,327392186.163
559,255.9,248152550.046
560,256.0,159762533.559
561,256.1,87430000.002
562,256.2,40750786.631
563,256.3,16510000.001
564,256.4,6975094.656
565,256.5,6333991.002
566,256.6,13023574.893
567,256.7,28984576.306
568,256.8,56908257.047
569,256.9,95926288.794
570,257.0,138213703.819
571,257.1,170002580.744
572,257.2,178044553.739
573,257.3,159021380.13
574,257.4,121000000.001
575,257.5,78452633.929
576,257.6,43460000.001
577,257.7,20661047.046
578,257.8,8513892.88
579,257.9,3109064.088
580,258.0,1050052.002
581,258.1,347575.573
582,258.2,119274.119
583,258.3,48129.294
584,258.4,40055.313
585,258.5,80534.473
586,258.6,187744.386
587,258.7,392800.0
588,258.8,717667.04
589,258.9,1155000.0
590,259.0,1663231.493
591,259.1,2196533.413
592,259.2,2732703.925
593,259.3,3296397.401
594,259.4,3971842.607
595,259.5,4909521.373
596,259.6,6320384.973
597,259.7,8371206.808
598,259.8,10997986.306
599,259.9,13745030.785
600,260.0,15990000.0
601,260.1,17312108.04
602,260.2,17965751.85
603,260.3,18625541.737
604,260.4,19664185.644
605,260.5,20716962.381
606,260.6,21122602.796
607,260.7,20806003.38
608,260.8,20779735.26
609,260.9,22300226.841
610,261.0,25547125.755
611,261.1,29020000.0
612,261.2,30386349.782
613,261.3,28120000.0
614,261.4,22635530.224
615,261.5,15918702.926
616,261.6,10163466.196
617,261.7,6619526.53
618,261.8,5310309.408
619,261.9,5413019.897
620,262.0,5869084.406
621,262.1,5878506.928
622,262.2,5153216.987
623,262.3,3896336.66
624,262.4,2550000.0
625,262.5,1512283.864
626,262.6,1017000.0
627,262.7,1206249.475
628,262.8,2266775.964
629,262.9,4517401.694
630,263.0,8384869.846
631,263.1,14358859.703
632,263.2,22904206.464
633,263.3,34283948.291
634,263.4,48265110.751
635,263.5,64024031.188
636,263.6,80499733.734
637,263.7,97069999.999
638,263.8,113957859.907
639,263.9,131999999.999
640,264.0,151801700.526
641,264.1,173442668.732
642,264.2,196536284.07
643,264.3,220775509.348
644,264.4,244017734.857
645,264.5,261585251.172
646,264.6,265191333.557
647,264.7,247494317.572
648,264.8,207920389.641
649,264.9,154573532.206
650,265.0,100700000.002
651,265.1,57056841.106
652,265.2,28075053.49
653,265.3,12038414.74
654,265.4,4657814.679
655,265.5,1899854.021
656,265.6,1179356.419
657,265.7,1207218.416
658,265.8,1471904.11
659,265.9,1822958.572
660,266.0,2228737.751
661,266.1,2629000.0
662,266.2,2900945.386
663,266.3,2922000.0
664,266.4,2684988.299
665,266.5,2351651.191
666,266.6,2178664.595
667,266.7,2357225.867
668,266.8,2875383.026
669,266.9,3497537.835
670,267.0,3884526.515
671,267.1,3793822.913
672,267.2,3226058.926
673,267.3,2413042.69
674,267.4,1688000.0
675,267.5,1340528.0
676,267.6,1548000.0
677,267.7,2342521.165
678,267.8,3577368.039
679,267.9,4900480.767
680,268.0,5841003.624
681,268.1,6013765.498
682,268.2,5340112.537
683,268.3,4089247.891
684,268.4,2698947.065
685,268.5,1536050.882
686,268.6,753864.028
687,268.7,319000.0
688,268.8,116290.977
689,268.9,36590.0
690,269.0,9914.931
691,269.1,2316.649
692,269.2,466.839
693,269.3,80.865
694,269.4,12.102
695,269.5,1.567
696,269.6,0.176
697,269.7,0.016
698,269.8,0.001
699,269.9,0.0
700,270.0,0.002
701,270.1,0.024
702,270.2,0.254
703,270.3,2.392
704,270.4,19.926
705,270.5,141.066
706,270.6,868.744
707,270.7,4634.015
708,270.8,21408.427
709,270.9,85560.046
710,271.0,295821.122
711,271.1,885900.0
712,271.2,2295718.359
713,271.3,5149000.0
714,271.4,9998109.437
715,271.5,16804283.661
716,271.6,24455084.245
717,271.7,30800832.053
718,271.8,33584868.174
719,271.9,31702428.335
720,272.0,25910157.866
721,272.1,18330752.624
722,272.2,11219166.761
723,272.3,5951000.106
724,272.4,2740000.0
725,272.5,1127046.726
726,272.6,519600.0
727,272.7,549324.305
728,272.8,1168152.551
729,272.9,2583645.653
730,273.0,5083540.692
731,273.1,8752321.902
732,273.2,13180717.727
733,273.3,17395606.628
734,273.4,20162498.844
735,273.5,20564169.058
736,273.6,18516864.171
737,273.7,14780000.0
738,273.8,10606459.791
739,273.9,7362000.0
740,274.0,6363519.803
741,274.1,9205685.986
742,274.2,18013499.538
743,274.3,35024626.062
744,274.4,61241777.703
745,274.5,94777517.482
746,274.6,131211996.994
747,274.7,165737788.218
748,274.8,197507582.202
749,274.9,229276902.694
750,275.0,263299999.999
751,275.1,294953611.205
752,275.2,312845749.684
753,275.3,305993129.455
754,275.4,273179974.578
755,275.5,224887339.477
756,275.6,177459325.908
757,275.7,143020102.514
758,275.8,124492773.212
759,275.9,117659016.32
760,276.0,116528730.361
761,276.1,117600000.0
762,276.2,119602679.974
763,276.3,121700000.0
764,276.4,121953932.525
765,276.5,116809579.573
766,276.6,104130153.727
767,276.7,84381820.247
768,276.8,61173347.225
769,276.9,39265082.133
770,277.0,22167635.822
771,277.1,10971215.414
772,277.2,4742592.009
773,277.3,1789637.596
774,277.4,588700.0
775,277.5,168727.537
776,277.6,42120.0
777,277.7,9130.617
778,277.8,1729.259
779,277.9,285.051
780,278.0,40.863
781,278.1,5.127
782,278.2,0.554
783,278.3,0.158
784,278.4,0.945
785,278.5,7.195
786,278.6,48.341
787,278.7,284.0
788,278.8,1447.02
789,278.9,6484.0
790,279.0,25249.22
791,279.1,86024.75
792,279.2,255980.831
793,279.3,666925.03
794,279.4,1527168.544
795,279.5,3099939.113
796,279.6,5678795.878
797,279.7,9695595.886
798,279.8,16195205.423
799,279.9,27627682.488
800,280.0,48429999.999
801,280.1,83988598.022
802,280.2,137416310.948
803,280.3,205705057.67
804,280.4,278060024.668
805,280.5,341655941.466
806,280.6,389868646.364
807,280.7,427496329.927
808,280.8,464979142.344
809,280.9,505455170.487
810,281.0,537151864.127
811,281.1,540100000.001
812,281.2,503197237.088
813,281.3,437400000.003
814,281.4,372004769.327
815,281.5,337113139.407
816,281.6,345233260.587
817,281.7,384427399.851
818,281.8,426008351.664
819,281.9,442096141.943
820,282.0,420164810.823
821,282.1,367720005.47
822,282.2,307436534.802
823,282.3,267680531.662
824,282.4,272699999.998
825,282.5,335153544.329
826,282.6,449199999.994
827,282.7,587939208.809
828,282.8,711434182.659
829,282.9,783010682.201
830,283.0,787022894.114
831,283.1,733218482.752
832,283.2,646720533.484
833,283.3,551855530.574
834,283.4,463834680.672
835,283.5,389264207.703
836,283.6,332402284.769
837,283.7,298800000.001
838,283.8,293789399.159
839,283.9,318099999.998
840,284.0,364446475.971
841,284.1,416139297.939
842,284.2,452391530.23
843,284.3,457198979.236
844,284.4,426667442.585
845,284.5,370475127.235
846,284.6,305387866.779
847,284.7,247558776.543
848,284.8,206819142.921
849,284.9,185714789.353
850,285.0,180600000.0
851,285.1,184480511.607
852,285.2,190727805.555
853,285.3,195549286.838
854,285.4,198761563.552
855,285.5,200401532.701
856,285.6,199766419.477
857,285.7,195276499.629
858,285.8,188281221.275
859,285.9,183871192.84
860,286.0,187866853.983
861,286.1,200399999.999
862,286.2,214267738.791
863,286.3,217600000.0
864,286.4,202109072.936
865,286.5,168053452.115
866,286.6,123792200.809
867,286.7,80456384.832
868,286.8,46294287.059
869,286.9,24462121.607
870,287.0,14602825.168
871,287.1,16098660.04
872,287.2,30530282.401
873,287.3,61998556.673
874,287.4,114499999.997
875,287.5,187005129.863
876,287.6,269799999.996
877,287.7,345009965.464
878,287.8,395141087.319
879,287.9,414181447.837
880,288.0,413000536.851
881,288.1,413332104.879
882,288.2,432456182.133
883,288.3,469209388.832
884,288.4,503978556.33
885,288.5,512098159.447
886,288.6,480954306.954
887,288.7,417900000.004
888,288.8,343048148.854
889,288.9,275900000.003
890,289.0,224992964.69
891,289.1,187246745.885
892,289.2,154959379.168
893,289.3,122677127.095
894,289.4,90066267.27
895,289.5,60031786.364
896,289.6,35935943.992
897,289.7,19191319.625
898,289.8,9109282.0
899,289.9,3835424.123
900,290.0,1436000.0
901,290.1,500057.11
902,290.2,243273.259
903,290.3,371954.986
904,290.4,951758.032
905,290.5,2340664.099
906,290.6,5137667.406
907,290.7,9997152.682
908,290.8,17248072.963
909,290.9,26392668.875
910,291.0,35849405.064
911,291.1,43240000.0
912,291.2,46320026.713
913,291.3,44100000.0
914,291.4,37302713.574
915,291.5,28054614.532
916,291.6,18757725.769
917,291.7,11186604.437
918,291.8,6063551.93
919,291.9,3345474.953
920,292.0,2762461.467
921,292.1,4322541.429
922,292.2,8491630.654
923,292.3,16004544.932
924,292.4,27439999.999
925,292.5,42824498.183
926,292.6,61649999.999
927,292.7,83256390.042
928,292.8,107104779.072
929,292.9,132670401.395
930,293.0,157970440.099
931,293.1,180715417.049
932,293.2,198896387.435
933,293.3,213240391.687
934,293.4,227370973.175
935,293.5,245577032.986
936,293.6,269542105.803
937,293.7,297799999.998
938,293.8,326992335.933
939,293.9,355099999.999
940,294.0,382711322.528
941,294.1,411009675.174
942,294.2,439688036.836
943,294.3,463995463.64
944,294.4,476243327.28
945,294.5,468054800.97
946,294.6,435335306.134
947,294.7,380756249.352
948,294.8,314566396.415
949,294.9,251608325.804
950,295.0,207200000.002
951,295.1,191716310.318
952,295.2,207810469.68
953,295.3,249489733.264
954,295.4,303675298.521
955,295.5,355339692.322
956,295.6,391624220.782
957,295.7,405224625.2
958,295.8,394214748.644
959,295.9,360514353.394
960,296.0,308378640.511
961,296.1,244800000.004
962,296.2,178540295.352
963,296.3,118800000.003
964,296.4,72031235.887
965,296.5,40258219.249
966,296.6,21645338.82
967,296.7,12277748.697
968,296.8,8213175.184
969,296.9,6552733.635
970,297.0,5713831.372
971,297.1,5143684.226
972,297.2,4994035.586
973,297.3,5905734.91
974,297.4,8864000.0
975,297.5,14988405.25
976,297.6,25089999.999
977,297.7,39152192.441
978,297.8,55836221.488
979,297.9,72645999.656
980,298.0,86579486.029
981,298.1,95155338.944
982,298.2,97137346.948
983,298.3,92772731.248
984,298.4,83587592.068
985,298.5,71917814.929
986,298.6,60501422.132
987,298.7,51850000.0
988,298.8,47652855.095
989,298.9,48200000.0
990,299.0,52487796.614
991,299.1,58616350.121
992,299.2,64548303.825
993,299.3,68595179.093
994,299.4,69959840.362
995,299.5,69298073.765
996,299.6,69647255.202
997,299.7,76938069.189
998,299.8,99194528.647
999,299.9,143595153.511
1000,300.0,211899999.996
1001,300.1,296252992.322
1002,300.2,378294775.446
1003,300.3,435409963.9
1004,300.4,449525180.635
1005,300.5,417360596.742
1006,300.6,351841685.704
1007,300.7,277369966.032
1008,300.8,218296380.686
1009,300.9,190129701.41
1010,301.0,195026371.05
1011,301.1,224499999.998
1012,301.2,265638202.217
1013,301.3,307799999.998
1014,301.4,346692379.186
1015,301.5,382247062.791
1016,301.6,413098798.49
1017,301.7,433406424.411
1018,301.8,434276599.51
1019,301.9,410362400.245
1020,302.0,364721634.773
1021,302.1,308012007.12
1022,302.2,252861036.607
1023,302.3,208491121.403
1024,302.4,178300000.001
1025,302.5,163448832.557
1026,302.6,164199999.999
1027,302.7,180159408.8
1028,302.8,207369806.158
1029,302.9,236759787.207
1030,303.0,256057583.375
1031,303.1,255485976.043
1032,303.2,233406674.112
1033,303.3,196956332.099
1034,303.4,158708395.912
1035,303.5,129611017.296
1036,303.6,114696342.125
1037,303.7,111100000.0
1038,303.8,111937886.356
1039,303.9,110000000.0
1040,304.0,102241294.953
1041,304.1,91273293.784
1042,304.2,83453250.743
1043,304.3,86233088.323
1044,304.4,104822286.813
1045,304.5,140419761.388
1046,304.6,190398006.281
1047,304.7,249149849.932
1048,304.8,309994415.152
1049,304.9,366366156.615
1050,305.0,412799999.998
1051,305.1,446375607.127
1052,305.2,469578803.986
1053,305.3,490659478.027
1054,305.4,520656662.077
1055,305.5,566705620.701
1056,305.6,624669835.87
1057,305.7,678208671.621
1058,305.8,706422895.341
1059,305.9,697880227.778
1060,306.0,662713932.276
1061,306.1,634300000.001
1062,306.2,657168159.577
1063,306.3,764999999.991
1064,306.4,961249656.562
1065,306.5,1212052223.841
1066,306.6,1462849393.395
1067,306.7,1671984087.174
1068,306.8,1837707572.193
1069,306.9,2014505306.802
1070,307.0,2278068456.269
1071,307.1,2683689712.175
1072,307.2,3228326214.6
1073,307.3,3849522383.895
1074,307.4,4447999999.966
1075,307.5,4935255724.346
1076,307.6,5251999999.987
1077,307.7,5363508947.126
1078,307.8,5250306947.606
1079,307.9,4900645425.188
1080,308.0,4339194528.405
1081,308.1,3650458615.514
1082,308.2,2983465793.123
1083,308.3,2523155026.442
1084,308.4,2423663601.972
1085,308.5,2747452311.821
1086,308.6,3416511407.751
1087,308.7,4217999999.952
1088,308.8,4866792913.43
1089,308.9,5113000000.0
1090,309.0,4845576434.12
1091,309.1,4134357164.379
1092,309.2,3182068171.123
1093,309.3,2229783533.946
1094,309.4,1456832338.386
1095,309.5,938979644.912
1096,309.6,660797109.129
1097,309.7,559888279.905
1098,309.8,572455673.363
1099,309.9,657044904.93
1100,310.0,796899999.99
1101,310.1,986404914.814
1102,310.2,1214113706.279
1103,310.3,1450594880.866
1104,310.4,1650064554.845
1105,310.5,1763668899.542
1106,310.6,1756756171.819
1107,310.7,1624758047.868
1108,310.8,1398701945.494
1109,310.9,1125167949.151
1110,311.0,858174227.436
1111,311.1,634000000.012
1112,311.2,470135760.985
1113,311.3,367900000.005
1114,311.4,320788326.091
1115,311.5,320622380.417
1116,311.6,356552332.721
1117,311.7,413521501.937
1118,311.8,470829974.044
1119,311.9,507048722.341
1120,312.0,506595906.186
1121,312.1,466097880.869
1122,312.2,395859692.871
1123,312.3,315670769.85
1124,312.4,247200000.004
1125,312.5,206519755.791
1126,312.6,200199999.999
1127,312.7,224983921.476
1128,312.8,270274956.916
1129,312.9,322103601.69
1130,313.0,367258891.741
1131,313.1,396022947.261
1132,313.2,403398313.614
1133,313.3,388798450.51
1134,313.4,354679684.424
1135,313.5,305844313.049
1136,313.6,249077165.599
1137,313.7,192100000.003
1138,313.8,143492215.234
1139,313.9,110400000.002
1140,314.0,97405657.425
1141,314.1,104840763.158
1142,314.2,129152802.43
1143,314.3,164169653.684
1144,314.4,202692033.535
1145,314.5,239370504.782
1146,314.6,271623589.186
1147,314.7,300013232.785
1148,314.8,327071128.272
1149,314.9,357094599.169
1150,315.0,393399999.997
1151,315.1,437271199.369
1152,315.2,486306197.105
1153,315.3,534990110.191
1154,315.4,578505145.973
1155,315.5,620306272.818
1156,315.6,677536118.33
1157,315.7,781013260.062
1158,315.8,963140071.026
1159,315.9,1240715224.741
1160,316.0,1590817192.997
1161,316.1,1953999999.977
1162,316.2,2248160056.988
1163,316.3,2407999999.995
1164,316.4,2418181633.278
1165,316.5,2321975800.683
1166,316.6,2185908801.551
1167,316.7,2062950859.904
1168,316.8,1959395378.557
1169,316.9,1838856327.363
1170,317.0,1660523247.14
1171,317.1,1404645016.866
1172,317.2,1094708152.192
1173,317.3,776716839.693
1174,317.4,499700000.016
1175,317.5,291230211.895
1176,317.6,155300000.007
1177,317.7,79267297.363
1178,317.8,44661069.742
1179,317.9,35137565.623
1180,318.0,39346790.966
1181,318.1,50962272.248
1182,318.2,68266196.19
1183,318.3,94847739.329
1184,318.4,140937220.091
1185,318.5,223611016.486
1186,318.6,363649454.982
1187,318.7,576599999.983
1188,318.8,859986663.892
1189,318.9,1181999999.978
1190,319.0,1480290369.243
1191,319.1,1681647572.51
1192,319.2,1728598062.453
1193,319.3,1607809449.152
1194,319.4,1356656870.384
1195,319.5,1049817232.346
1196,319.6,769077992.319
1197,319.7,578689881.364
1198,319.8,510513290.889
1199,319.9,563767612.01
1200,320.0,709599999.988
1201,320.1,897940799.922
1202,320.2,1068318540.539
1203,320.3,1163154971.423
1204,320.4,1150503549.58
1205,320.5,1030600181.671
1206,320.6,835522566.405
1207,320.7,614987906.544
1208,320.8,416190824.268
1209,320.9,271404368.022
1210,321.0,196338278.206
1211,321.1,196799999.997
1212,321.2,275808074.7
1213,321.3,435299999.986
1214,321.4,671086950.718
1215,321.5,965235212.89
1216,321.6,1282300222.582
1217,321.7,1578284657.607
1218,321.8,1814514035.66
1219,321.9,1976774089.148
1220,322.0,2078143740.44
1221,322.1,2149468650.28
1222,322.2,2218255893.505
1223,322.3,2295604942.937
1224,322.4,2379999999.994
1225,322.5,2476253945.8
1226,322.6,2611999999.988
1227,322.7,2833066693.562
1228,322.8,3205621167.971
1229,322.9,3802953175.615
1230,323.0,4699218184.407
1231,323.1,5955498999.833
1232,323.2,7578608719.082
1233,323.3,9475271296.786
1234,323.4,11422268641.186
1235,323.5,13118884604.606
1236,323.6,14250493869.097
1237,323.7,14640000000.0
1238,323.8,14260376669.799
1239,323.9,13250000000.089
1240,324.0,11806190254.513
1241,324.1,10151305573.918
1242,324.2,8456646418.085
1243,324.3,6856580801.437
1244,324.4,5459195512.891
1245,324.5,4353237864.816
1246,324.6,3598089716.984
1247,324.7,3202308378.667
1248,324.8,3114592410.146
1249,324.9,3236614126.324
1250,325.0,3453999999.984
1251,325.1,3659213884.193
1252,325.2,3769632378.851
1253,325.3,3731048306.375
1254,325.4,3527759576.716
1255,325.5,3186803358.466
1256,325.6,2784572088.911
1257,325.7,2427315246.421
1258,325.8,2210326545.162
1259,325.9,2180179775.621
1260,326.0,2305466005.077
1261,326.1,2489999999.988
1262,326.2,2606011155.302
1263,326.3,2559000000.01
1264,326.4,2319644326.589
1265,326.5,1936666600.355
1266,326.6,1508076826.573
1267,326.7,1136023510.861
1268,326.8,891902444.439
1269,326.9,795230397.809
1270,327.0,821673082.558
1271,327.1,917852874.641
1272,327.2,1027125341.306
1273,327.3,1109637397.488
1274,327.4,1154999999.998
1275,327.5,1179832602.728
1276,327.6,1207999999.997
1277,327.7,1255577203.77
1278,327.8,1318713444.517
1279,327.9,1372912127.872
1280,328.0,1394303234.386
1281,328.1,1372656566.132
1282,328.2,1319932259.049
1283,328.3,1266697782.508
1284,328.4,1246928690.474
1285,328.5,1277202786.104
1286,328.6,1349647746.89
1287,328.7,1427999999.995
1288,328.8,1463200119.459
1289,328.9,1413000000.007
1290,329.0,1266333769.751
1291,329.1,1043050875.127
1292,329.2,783940658.177
1293,329.3,536747163.553
1294,329.4,333941692.1
1295,329.5,188705471.94
1296,329.6,96867034.443
1297,329.7,45133819.118
1298,329.8,19304344.145
1299,329.9,8090595.588
1300,330.0,4625000.0
1301,330.1,5784504.157
1302,330.2,11079244.051
1303,330.3,21609060.436
1304,330.4,39060432.573
1305,330.5,64528157.904
1306,330.6,97373213.37
1307,330.7,134573158.029
1308,330.8,171145731.133
1309,330.9,202047726.528
1310,331.0,225363257.73
1311,331.1,243399999.999
1312,331.2,263436773.454
1313,331.3,294599999.997
1314,331.4,345641892.827
1315,331.5,424133457.158
1316,331.6,538363587.17
1317,331.7,699482559.861
1318,331.8,921130999.482
1319,331.9,1211849897.062
1320,332.0,1564158864.833
1321,332.1,1942646852.131
1322,332.2,2291510010.829
1323,332.3,2544446407.324
1324,332.4,2662999999.996
1325,332.5,2649400250.609
1326,332.6,2551000000.009
1327,332.7,2436637054.341
1328,332.8,2358645322.682
1329,332.9,2336144069.289
1330,333.0,2349905569.082
1331,333.1,2364710894.778
1332,333.2,2353544920.469
1333,333.3,2310592544.641
1334,333.4,2254479210.642
1335,333.5,2223314352.057
1336,333.6,2267120732.313
1337,333.7,2437999999.981
1338,333.8,2770558721.616
1339,333.9,3262999999.957
1340,334.0,3865289913.031
1341,334.1,4492905244.189
1342,334.2,5076885163.685
1343,334.3,5623725353.876
1344,334.4,6245966062.439
1345,334.5,7124166265.54
1346,334.6,8399431683.953
1347,334.7,10046776135.295
1348,334.8,11797161684.108
1349,334.9,13198686266.209
1350,335.0,13789999999.994
1351,335.1,13306874828.247
1352,335.2,11795580589.281
1353,335.3,9616073832.641
1354,335.4,7293824229.714
1355,335.5,5329622910.67
1356,335.6,4071785765.083
1357,335.7,3650145865.925
1358,335.8,3997415969.002
1359,335.9,4882565355.967
1360,336.0,5966767181.999
1361,336.1,6880999999.944
1362,336.2,7322517234.649
1363,336.3,7141000000.038
1364,336.4,6387784913.01
1365,336.5,5288310879.889
1366,336.6,4150568274.931
1367,336.7,3265962121.839
1368,336.8,2831060957.448
1369,336.9,2908194687.643
1370,337.0,3427432058.096
1371,337.1,4208165807.905
1372,337.2,5000525117.956
1373,337.3,5559361062.651
1374,337.4,5711000000.006
1375,337.5,5422183302.981
1376,337.6,4804000000.056
1377,337.7,4069620805.597
1378,337.8,3449989755.794
1379,337.9,3121378702.076
1380,338.0,3149391368.026
1381,338.1,3489611445.856
1382,338.2,4011033854.135
1383,338.3,4538834451.9
1384,338.4,4904381708.853
1385,338.5,4995171380.318
1386,338.6,4781204363.348
1387,338.7,4311000000.045
1388,338.8,3688242391.633
1389,338.9,3030000000.05
1390,339.0,2432520598.098
1391,339.1,1953435216.727
1392,339.2,1609450025.695
1393,339.3,1381678706.969
1394,339.4,1231942482.346
1395,339.5,1111908645.425
1396,339.6,986649043.297
1397,339.7,840224083.922
1398,339.8,676299301.167
1399,339.9,513161989.862
1400,340.0,370300000.01
1401,340.1,259959614.037
1402,340.2,183482026.085
1403,340.3,134281780.589
1404,340.4,102714058.109
1405,340.5,80822377.054
1406,340.6,64713505.839
1407,340.7,54428388.158
1408,340.8,52776900.064
1409,340.9,63598385.203
1410,341.0,90028007.259
1411,341.1,132799999.996
1412,341.2,188403277.893
1413,341.3,248599999.995
1414,341.4,301493146.662
1415,341.5,334717214.251
1416,341.6,340199472.553
1417,341.7,316899991.482
1418,341.8,271755304.561
1419,341.9,216529429.884
1420,342.0,163602116.115
1421,342.1,121484422.5
1422,342.2,93119111.003
1423,342.3,76611692.507
1424,342.4,67530000.001
1425,342.5,61422064.321
1426,342.6,55570000.0
1427,342.7,49645397.041
1428,342.8,45080816.022
1429,342.9,43951888.532
1430,343.0,47752870.968
1431,343.1,56539484.022
1432,343.2,68708264.136
1433,343.3,81550172.921
1434,343.4,92354348.064
1435,343.5,99736026.143
1436,343.6,104868142.628
1437,343.7,111899999.999
1438,343.8,127924923.284
1439,343.9,161299999.996
1440,344.0,219177534.396
1441,344.1,303808483.834
1442,344.2,409273787.994
1443,344.3,520716820.534
1444,344.4,616945693.312
1445,344.5,676694999.734
1446,344.6,686860972.693
1447,344.7,647434603.179
1448,344.8,572628893.921
1449,344.9,484726678.858
1450,345.0,407100000.005
1451,345.1,356710833.929
1452,345.2,341564265.074
1453,345.3,360387471.925
1454,345.4,406200884.15
1455,345.5,469317067.573
1456,345.6,539695992.977
1457,345.7,608013580.887
1458,345.8,666724977.97
1459,345.9,709034162.551
1460,346.0,729558578.276
1461,346.1,723500000.002
1462,346.2,688616519.143
1463,346.3,625600000.006
1464,346.4,540100046.473
1465,346.5,441956580.815
1466,346.6,343047990.589
1467,346.7,254537935.373
1468,346.8,184489686.965
1469,346.9,136392979.304
1470,347.0,110681948.159
1471,347.1,105352562.393
1472,347.2,117516026.821
1473,347.3,143907162.918
1474,347.4,180399999.997
1475,347.5,221364628.953
1476,347.6,259699999.997
1477,347.7,287711950.267
1478,347.8,299457319.961
1479,347.9,292458768.715
1480,348.0,269382014.579
1481,348.1,236269258.374
1482,348.2,201100904.587
1483,348.3,170150242.272
1484,348.4,147827084.973
1485,348.5,136505318.922
1486,348.6,137757367.935
1487,348.7,153499999.998
1488,348.8,184605152.343
1489,348.9,229499999.996
1490,349.0,282389311.609
1491,349.1,333532019.67
1492,349.2,371202177.378
1493,349.3,385645998.125
1494,349.4,372901849.843
1495,349.5,336589307.843
1496,349.6,287903048.797
1497,349.7,242858002.758
1498,349.8,219073774.223
1499,349.9,232933450.18
1500,350.0,295899999.992
1501,350.1,412372746.834
1502,350.2,575682639.335
1503,350.3,768148339.249
1504,350.4,963217093.509
1505,350.5,1133997611.154
1506,350.6,1259089437.549
1507,350.7,1334040290.849
1508,350.8,1364925353.343
1509,350.9,1363684913.367
1510,351.0,1338085766.464
1511,351.1,1289000000.005
1512,351.2,1211293577.491
1513,351.3,1103000000.011
1514,351.4,970682474.163
1515,351.5,829452623.56
1516,351.6,697308405.67
1517,351.7,590996749.583
1518,351.8,519396575.61
1519,351.9,483173133.913
1520,352.0,475775840.561
1521,352.1,486702142.769
1522,352.2,503631275.964
1523,352.3,515175191.364
1524,352.4,512100000.001
1525,352.5,488702366.461
1526,352.6,444500000.005
1527,352.7,384435624.476
1528,352.8,318533274.392
1529,352.9,259471908.113
1530,353.0,219584578.298
1531,353.1,206673857.412
1532,353.2,222508916.159
1533,353.3,260829190.908
1534,353.4,309414124.533
1535,353.5,352518620.065
1536,353.6,375838224.287
1537,353.7,370800000.002
1538,353.8,336941488.668
1539,353.9,281600000.005
1540,354.0,216303809.67
1541,354.1,152779736.598
1542,354.2,99615047.06
1543,354.3,60289166.573
1544,354.4,34690598.552
1545,354.5,20017587.941
1546,354.6,12809458.178
1547,354.7,9930659.873
1548,354.8,9070791.655
1549,354.9,8769357.843
1550,355.0,8270000.0
1551,355.1,7325054.194
1552,355.2,6011312.853
1553,355.3,4559103.715
1554,355.4,3223283.71
1555,355.5,2222838.387
1556,355.6,1751196.352
1557,355.7,2057464.646
1558,355.8,3572481.446
1559,355.9,7009466.907
1560,356.0,13370106.581
1561,356.1,23769999.999
1562,356.2,38993493.405
1563,356.3,58899999.998
1564,356.4,81957646.195
1565,356.5,105035109.479
1566,356.6,124360976.459
1567,356.7,135957117.279
1568,356.8,137844571.459
1569,356.9,130028752.123
1570,357.0,114837128.565
1571,357.1,95607809.904
1572,357.2,75742124.806
1573,357.3,57602559.646
1574,357.4,42350000.001
1575,357.5,30183912.365
1576,357.6,20810000.001
1577,357.7,13780749.193
1578,357.8,8684972.873
1579,357.9,5165537.975
1580,358.0,2877894.081
1581,358.1,1495281.699
1582,358.2,729037.984
1583,358.3,357920.157
1584,358.4,251053.716
1585,358.5,390278.208
1586,358.6,907397.477
1587,358.7,2147000.0
1588,358.8,4751683.498
1589,358.9,9709999.999
1590,359.0,18297402.537
1591,359.1,31767378.001
1592,359.2,50869819.494
1593,359.3,75111470.399
1594,359.4,102270246.01
1595,359.5,128427581.152
1596,359.6,148737143.328
1597,359.7,159001565.52
1598,359.8,156817257.867
1599,359.9,142811420.852
1600,360.0,120100000.002
1601,360.1,93456258.604
1602,360.2,67414824.782
1603,360.3,45564676.37
1604,360.4,29670467.298
1605,360.5,20023365.683
1606,360.6,15883933.989
1607,360.7,16098727.109
1608,360.8,19409694.275
1609,360.9,24664485.498
1610,361.0,30994110.209
1611,361.1,38029999.999
1612,361.2,46235597.7
1613,361.3,56939999.999
1614,361.4,72184038.003
1615,361.5,93849072.11
1616,361.6,122575318.671
1617,361.7,156896615.442
1618,361.8,192706327.183
1619,361.9,224378113.101
1620,362.0,246236087.054
1621,362.1,254964009.06
1622,362.2,249941417.366
1623,362.3,233587057.829
1624,362.4,209700000.002
1625,362.5,181990791.055
1626,362.6,153300000.003
1627,362.7,125511474.974
1628,362.8,99901714.271
1629,362.9,77894756.037
1630,363.0,60903144.094
1631,363.1,50130771.379
1632,363.2,46139580.398
1633,363.3,48725944.847
1634,363.4,57118850.691
1635,363.5,70419351.687
1636,363.6,87991307.306
1637,363.7,109599999.998
1638,363.8,134810220.851
1639,363.9,162399999.997
1640,364.0,189448860.609
1641,364.1,211554694.245
1642,364.2,224023741.236
1643,364.3,223116241.891
1644,364.4,208170245.855
1645,364.5,181657576.944
1646,364.6,148923340.787
1647,364.7,116272710.162
1648,364.8,89345728.325
1649,364.9,71734346.325
1650,365.0,64570000.0
1651,365.1,66949877.836
1652,365.2,76735851.909
1653,365.3,91656823.548
1654,365.4,110258142.542
1655,365.5,132331903.115
1656,365.6,158568941.804
1657,365.7,189831369.11
1658,365.8,225217789.108
1659,365.9,261874848.031
1660,366.0,294202496.141
1661,366.1,315799999.999
1662,366.2,320999803.003
1663,366.3,307200000.002
1664,366.4,276016010.869
1665,366.5,232197659.006
1666,366.6,182958312.214
1667,366.7,135083493.128
1668,366.8,93988177.963
1669,366.9,62258626.913
1670,367.0,40114309.37
1671,367.1,26092214.125
1672,367.2,17967340.232
1673,367.3,13534673.049
1674,367.4,11060000.0
1675,367.5,9389208.465
1676,367.6,7928000.0
1677,367.7,6457557.79
1678,367.8,4989864.724
1679,367.9,3627629.512
1680,368.0,2477544.952
1681,368.1,1600847.767
1682,368.2,1011341.377
1683,368.3,686340.044
1684,368.4,586952.084
1685,368.5,672086.119
1686,368.6,901070.484
1687,368.7,1228000.0
1688,368.8,1594277.004
1689,368.9,1932000.0
1690,369.0,2171757.696
1691,369.1,2260304.924
1692,369.2,2184194.655
1693,369.3,1975771.92
1694,369.4,1721767.354
1695,369.5,1571970.466
1696,369.6,1760297.386
1697,369.7,2658735.043
1698,369.8,4837589.626
1699,369.9,9100568.454
1700,370.0,16419999.999
1701,370.1,27701470.713
1702,370.2,43389490.831
1703,370.3,62939813.127
1704,370.4,84490585.678
1705,370.5,105037329.948
1706,370.6,120725036.579
1707,370.7,128481282.695
1708,370.8,126535959.607
1709,370.9,115322254.003
1710,371.0,97495294.89
1711,371.1,76620000.002
1712,371.2,56463618.438
1713,371.3,40060000.001
1714,371.4,29248505.934
1715,371.5,24849869.708
1716,371.6,26914473.67
1717,371.7,35034449.512
1718,371.8,48303612.792
1719,371.9,65182510.305
1720,372.0,83368592.661
1721,372.1,100013726.815
1722,372.2,112250777.239
1723,372.3,117902714.958
1724,372.4,116400000.0
1725,372.5,108300743.141
1726,372.6,95750000.001
1727,372.7,81296354.4
1728,372.8,67177747.867
1729,372.9,54896821.118
1730,373.0,45179426.947
1731,373.1,38340658.81
1732,373.2,34943128.553
1733,373.3,36372266.821
1734,373.4,45163502.614
1735,373.5,64882945.502
1736,373.6,99280742.343
1737,373.7,150799999.994
1738,373.8,218837054.352
1739,373.9,298299999.992
1740,374.0,379001803.257
1741,374.1,448144716.913
1742,374.2,492787849.907
1743,374.3,504612347.512
1744,374.4,482588325.165
1745,374.5,433087011.955
1746,374.6,368083030.146
1747,374.7,300924004.542
1748,374.8,244186189.121
1749,374.9,207863792.42
1750,375.0,201699999.999
1751,375.1,238133985.666
1752,375.2,334991128.548
1753,375.3,516776676.24
1754,375.4,810549938.695
1755,375.5,1237845827.952
1756,375.6,1801774180.902
1757,375.7,2474796071.318
1758,375.8,3190799367.257
1759,375.9,3853882836.338
1760,376.0,4354609556.516
1761,376.1,4599999999.99
1762,376.2,4539458349.264
1763,376.3,4185000000.049
1764,376.4,3602023342.221
1765,376.5,2895357379.894
1766,376.6,2170694531.878
1767,376.7,1519826391.371
1768,376.8,992695803.437
1769,376.9,605435639.359
1770,377.0,345975988.231
1771,377.1,186684856.079
1772,377.2,97078625.103
1773,377.3,50984538.465
1774,377.4,29390000.001
1775,377.5,20194285.726
1776,377.6,16590000.0
1777,377.7,15182700.927
1778,377.8,14661347.616
1779,377.9,14696553.478
1780,378.0,15455541.715
1781,378.1,17134080.265
1782,378.2,19777676.274
1783,378.3,23182108.647
1784,378.4,26884176.314
1785,378.5,30277993.376
1786,378.6,32775599.752
1787,378.7,33880000.0
1788,378.8,33355111.908
1789,378.9,31210000.0
1790,379.0,27715614.767
1791,379.1,23327946.796
1792,379.2,18576998.879
1793,379.3,13975455.837
1794,379.4,9914361.651
1795,379.5,6628269.924
1796,379.6,4197837.516
1797,379.7,2578531.138
1798,379.8,1669069.083
1799,379.9,1373119.25
1800,380.0,1635000.0
1801,380.1,2449173.974
1802,380.2,3829127.515
1803,380.3,5752666.681
1804,380.4,8100514.486
1805,380.5,10622864.386
1806,380.6,12954402.477
1807,380.7,14678399.047
1808,380.8,15448116.661
1809,380.9,15116875.74
1810,381.0,13738156.892
1811,381.1,11600000.0
1812,381.2,9103220.017
1813,381.3,6636000.0
1814,381.4,4494779.42
1815,381.5,2828900.058
1816,381.6,1654796.326
1817,381.7,899033.987
1818,381.8,453835.863
1819,381.9,212892.283
1820,382.0,92827.623
1821,382.1,37569.451
1822,382.2,14135.545
1823,382.3,4942.127
1824,382.4,1606.0
1825,382.5,484.646
1826,382.6,135.9
1827,382.7,35.373
1828,382.8,8.568
1829,382.9,1.927
1830,383.0,0.405
1831,383.1,0.088
1832,383.2,0.067
1833,383.3,0.264
1834,383.4,1.208
1835,383.5,5.179
1836,383.6,20.702
1837,383.7,77.16
1838,383.8,267.306
1839,383.9,865.0
1840,384.0,2604.628
1841,384.1,7321.698
1842,384.2,19196.933
1843,384.3,47044.367
1844,384.4,107829.661
1845,384.5,231663.758
1846,384.6,467140.343
1847,384.7,886912.502
1848,384.8,1590331.326
1849,384.9,2699760.769
1850,385.0,4356000.0
1851,385.1,6697939.69
1852,385.2,9840116.722
1853,385.3,13805105.685
1854,385.4,18508377.079
1855,385.5,23668492.935
1856,385.6,28817176.146
1857,385.7,33302402.272
1858,385.8,36464845.5
1859,385.9,37827310.359
1860,386.0,37215711.79
1861,386.1,34930000.0
1862,386.2,31622786.92
1863,386.3,28100000.0
1864,386.4,25076552.564
1865,386.5,22957913.191
1866,386.6,21762488.29
1867,386.7,21189329.542
1868,386.8,20810457.072
1869,386.9,20235059.487
1870,387.0,19230425.922
1871,387.1,17806405.023
1872,387.2,16116960.411
1873,387.3,14440830.461
1874,387.4,13120000.0
1875,387.5,12515731.762
1876,387.6,13000000.0
1877,387.7,14892648.316
1878,387.8,18402181.885
1879,387.9,23406744.544
1880,388.0,29457664.749
1881,388.1,35699160.839
1882,388.2,41021377.011
1883,388.3,44360911.778
1884,388.4,45004018.204
1885,388.5,42777998.841
1886,388.6,38183593.187
1887,388.7,32190000.001
1888,388.8,26101541.143
1889,388.9,21280000.0
1890,389.0,19161136.3
1891,389.1,21392936.02
1892,389.2,30039759.17
1893,389.3,47742933.563
1894,389.4,77548201.012
1895,389.5,122168188.232
1896,389.6,182521965.273
1897,389.7,256759892.869
1898,389.8,338561443.076
1899,389.9,417762419.929
1900,390.0,481599999.994
1901,390.1,518773733.653
1902,390.2,522011255.157
1903,390.3,491205228.602
1904,390.4,433590633.11
1905,390.5,361686228.308
1906,390.6,290225249.981
1907,390.7,232304300.732
1908,390.8,196794670.112
1909,390.9,187283423.79
1910,391.0,201356005.443
1911,391.1,232299999.996
1912,391.2,270213352.498
1913,391.3,304099999.997
1914,391.4,324371257.286
1915,391.5,324904240.201
1916,391.6,304665901.4
1917,391.7,266883771.353
1918,391.8,218566244.543
1919,391.9,167508259.81
1920,392.0,120412538.187
1921,392.1,81660693.589
1922,392.2,52851984.823
1923,392.3,33373680.154
1924,392.4,21320000.001
1925,392.5,14472185.002
1926,392.6,10840000.0
1927,392.7,8958461.003
1928,392.8,7909855.902
1929,392.9,7172373.099
1930,393.0,6491803.384
1931,393.1,5763568.031
1932,393.2,4963410.181
1933,393.3,4111699.505
1934,393.4,3256228.34
1935,393.5,2457403.258
1936,393.6,1773461.35
1937,393.7,1252000.0
1938,393.8,934562.605
1939,393.9,862900.0
1940,394.0,1093145.672
1941,394.1,1705909.236
1942,394.2,2800087.559
1943,394.3,4464906.229
1944,394.4,6736562.864
1945,394.5,9548060.919
1946,394.6,12702906.987
1947,394.7,15907711.384
1948,394.8,18829797.832
1949,394.9,21220898.003
1950,395.0,23070000.0
1951,395.1,24611016.201
1952,395.2,26268290.927
1953,395.3,28522767.937
1954,395.4,31674949.043
1955,395.5,35640545.88
1956,395.6,39929618.644
1957,395.7,43752148.967
1958,395.8,46207660.22
1959,395.9,46629774.524
1960,396.0,44756821.871
1961,396.1,40830000.001
1962,396.2,35430469.254
1963,396.3,29350000.001
1964,396.4,23307401.208
1965,396.5,17842707.097
1966,396.6,13222427.226
1967,396.7,9526800.087
1968,396.8,6681804.01
1969,396.9,4567159.338
1970,397.0,3061802.572
1971,397.1,2070240.301
1972,397.2,1536685.685
1973,397.3,1454928.963
1974,397.4,1863000.0
1975,397.5,2840273.993
1976,397.6,4476000.0
1977,397.7,6823943.463
1978,397.8,9846469.237
1979,397.9,13358841.667
1980,398.0,17063770.917
1981,398.1,20564318.391
1982,398.2,23501717.385
1983,398.3,25672274.603
1984,398.4,27126702.982
1985,398.5,28105422.648
1986,398.6,28940635.811
1987,398.7,29900000.0
1988,398.8,31048348.659
1989,398.9,32220000.0
1990,399.0,33103805.39
1991,399.1,33490995.43
1992,399.2,33402670.125
1993,399.3,33102511.782
1994,399.4,33080104.788
1995,399.5,33751811.797
1996,399.6,35263588.472
1997,399.7,37335133.688
1998,399.8,39333915.959
1999,399.9,40472912.713
2000,400.0,40100000.0
2001,400.1,37946116.043
2002,400.2,34201393.34
2003,400.3,29463973.174
2004,400.4,24508795.259
2005,400.5,20053193.237
2006,400.6,16547805.402
2007,400.7,14132056.862
2008,400.8,12702464.907
2009,400.9,11955377.24
2010,401.0,11558607.405
2011,401.1,11250000.0
2012,401.2,10840301.945
2013,401.3,10280000.0
2014,401.4,9561329.435
2015,401.5,8791360.277
2016,401.6,8099821.521
2017,401.7,7659939.537
2018,401.8,7659338.994
2019,401.9,8289578.129
2020,402.0,9734196.272
2021,402.1,12155475.809
2022,402.2,15673480.387
2023,402.3,20344499.124
2024,402.4,26069999.999
2025,402.5,32574377.981
2026,402.6,39299999.999
2027,402.7,45470104.845
2028,402.8,50174383.799
2029,402.9,52591612.77
2030,403.0,52209490.748
2031,403.1,48985003.881
2032,403.2,43388066.899
2033,403.3,36234911.119
2034,403.4,28550063.095
2035,403.5,21237681.234
2036,403.6,14958210.28
2037,403.7,10030000.0
2038,403.8,6484315.161
2039,403.9,4121000.0
2040,404.0,2662056.282
2041,404.1,1828318.831
2042,404.2,1397412.308
2043,404.3,1240732.216
2044,404.4,1327264.848
2045,404.5,1716805.097
2046,404.6,2543087.049
2047,404.7,3982430.78
2048,404.8,6209073.23
2049,404.9,9323990.767
2050,405.0,13289999.999
2051,405.1,17860686.037
2052,405.2,22572996.781
2053,405.3,26826391.756
2054,405.4,29983775.952
2055,405.5,31575870.019
2056,405.6,31390299.508
2057,405.7,29586272.692
2058,405.8,26582724.788
2059,405.9,22978932.87
2060,406.0,19325506.242
2061,406.1,16050000.0
2062,406.2,13361767.733
2063,406.3,11290000.0
2064,406.4,9680158.281
2065,406.5,8386592.402
2066,406.6,7236952.539
2067,406.7,6132750.292
2068,406.8,5039823.05
2069,406.9,3979193.118
2070,407.0,2998880.23
2071,407.1,2144819.358
2072,407.2,1453426.251
2073,407.3,929166.159
2074,407.4,560100.0
2075,407.5,317928.195
2076,407.6,169800.0
2077,407.7,85221.595
2078,407.8,40185.3
2079,407.9,17802.608
2080,408.0,7402.96
2081,408.1,2890.653
2082,408.2,1058.818
2083,408.3,364.19
2084,408.4,117.516
2085,408.5,35.583
2086,408.6,10.093
2087,408.7,2.694
2088,408.8,0.673
2089,408.9,0.16
2090,409.0,0.046
2091,409.1,0.055
2092,409.2,0.199
2093,409.3,0.759
2094,409.4,2.742
2095,409.5,9.317
2096,409.6,29.678
2097,409.7,88.698
2098,409.8,249.396
2099,409.9,657.645
2100,410.0,1629.0
2101,410.1,3787.215
2102,410.2,8271.062
2103,410.3,16953.604
2104,410.4,32640.548
2105,410.5,59002.58
2106,410.6,100167.128
2107,410.7,159582.361
2108,410.8,238812.172
2109,410.9,335606.68
2110,411.0,442715.762
2111,411.1,548400.0
2112,411.2,637852.302
2113,411.3,696700.0
2114,411.4,714472.242
2115,411.5,687964.577
2116,411.6,622027.349
2117,411.7,528071.637
2118,411.8,420960.699
2119,411.9,315093.459
2120,412.0,221401.369
2121,412.1,146164.311
2122,412.2,90558.429
2123,412.3,52688.169
2124,412.4,28790.0
2125,412.5,14766.055
2126,412.6,7115.0
2127,412.7,3218.725
2128,412.8,1367.437
2129,412.9,545.546
2130,413.0,204.55
2131,413.1,72.006
2132,413.2,23.858
2133,413.3,7.489
2134,413.4,2.296
2135,413.5,0.787
2136,413.6,0.417
2137,413.7,0.382
2138,413.8,0.453
2139,413.9,0.644
2140,414.0,1.333
2141,414.1,4.222
2142,414.2,16.024
2143,414.3,61.605
2144,414.4,226.864
2145,414.5,789.537
2146,414.6,2584.261
2147,414.7,7945.736
2148,414.8,23030.869
2149,414.9,62690.751
2150,415.0,160500.0
2151,415.1,386495.15
2152,415.2,875270.778
2153,415.3,1863619.366
2154,415.4,3732111.369
2155,415.5,7029580.508
2156,415.6,12453077.705
2157,415.7,20752901.119
2158,415.8,32528264.539
2159,415.9,47994403.478
2160,416.0,66658979.671
2161,416.1,87219999.997
2162,416.2,107656719.788
2163,416.3,125599999.998
2164,416.4,138949526.836
2165,416.5,146386921.093
2166,416.6,148090462.384
2167,416.7,145078613.673
2168,416.8,139343108.532
2169,416.9,132787883.273
2170,417.0,126723067.417
2171,417.1,121185363.435
2172,417.2,115486609.723
2173,417.3,108495584.592
2174,417.4,99230000.001
2175,417.5,87448748.255
2176,417.6,73650000.002
2177,417.7,58981571.836
2178,417.8,44802823.189
2179,417.9,32297486.38
2180,418.0,22220994.795
2181,418.1,14804252.496
2182,418.2,9840151.899
2183,418.3,6868312.527
2184,418.4,5317965.964
2185,418.5,4643476.17
2186,418.6,4403461.132
2187,418.7,4280000.0
2188,418.8,4085868.797
2189,418.9,3743000.0
2190,419.0,3254544.005
2191,419.1,2672622.513
2192,419.2,2067557.937
2193,419.3,1506513.562
2194,419.4,1033616.722
2195,419.5,667042.824
2196,419.6,405219.943
2197,419.7,231589.498
2198,419.8,124570.013
2199,419.9,63073.917
2200,420.0,30050.0
2201,420.1,13463.726
2202,420.2,5680.8
2203,420.3,2255.07
2204,420.4,842.952
2205,420.5,297.233
2206,420.6,100.044
2207,420.7,34.346
2208,420.8,15.507
2209,420.9,13.003
2210,421.0,16.583
2211,421.1,22.91
2212,421.2,30.673
2213,421.3,38.93
2214,421.4,46.628
2215,421.5,52.685
2216,421.6,56.127
2217,421.7,56.378
2218,421.8,53.388
2219,421.9,47.65
2220,422.0,40.081
2221,422.1,31.776
2222,422.2,23.742
2223,422.3,16.714
2224,422.4,11.08
2225,422.5,6.927
2226,422.6,4.078
2227,422.7,2.261
2228,422.8,1.182
2229,422.9,0.582
2230,423.0,0.27
2231,423.1,0.118
2232,423.2,0.049
2233,423.3,0.021
2234,423.4,0.013
2235,423.5,0.018
2236,423.6,0.037
2237,423.7,0.08
2238,423.8,0.166
2239,423.9,0.327
2240,424.0,0.611
2241,424.1,1.082
2242,424.2,1.816
2243,424.3,2.905
2244,424.4,4.464
2245,424.5,6.744
2246,424.6,10.511
2247,424.7,18.284
2248,424.8,37.729
2249,424.9,90.328
2250,425.0,232.2
2251,425.1,598.133
2252,425.2,1492.125
2253,425.3,3546.335
2254,425.4,7980.149
2255,425.5,16965.298
2256,425.6,34028.494
2257,425.7,64386.201
2258,425.8,114893.282
2259,425.9,193436.974
2260,426.0,307194.401
2261,426.1,460000.0
2262,426.2,649776.646
2263,426.3,865500.0
2264,426.4,1087541.784
2265,426.5,1289144.793
2266,426.6,1440264.817
2267,426.7,1518941.101
2268,426.8,1510559.001
2269,426.9,1419323.882
2270,427.0,1259846.61
2271,427.1,1062277.716
2272,427.2,859817.281
2273,427.3,686306.633
2274,427.4,575200.0
2275,427.5,561517.523
2276,427.6,691500.0
2277,427.7,1037824.16
2278,427.8,1722143.55
2279,427.9,2942667.715
2280,428.0,5003962.15
2281,428.1,8337881.229
2282,428.2,13500904.229
2283,428.3,21131074.918
2284,428.4,31815115.841
2285,428.5,45955681.129
2286,428.6,63612760.834
2287,428.7,84269999.997
2288,428.8,106914084.707
2289,428.9,130099999.997
2290,429.0,152411656.428
2291,429.1,172702339.312
2292,429.2,190603850.356
2293,429.3,206673865.099
2294,429.4,222521551.833
2295,429.5,239589681.302
2296,429.6,259424350.539
2297,429.7,281927470.343
2298,429.8,305649914.514
2299,429.9,327473829.718
2300,430.0,343599999.998
2301,430.1,350258930.861
2302,430.2,345539146.465
2303,430.3,329050784.522
2304,430.4,303266818.398
2305,430.5,271756343.284
2306,430.6,239170876.006
2307,430.7,209418809.505
2308,430.8,185232367.686
2309,430.9,167749427.43
2310,431.0,156732433.03
2311,431.1,150600000.001
2312,431.2,147431055.408
2313,431.3,144900000.0
2314,431.4,141032079.069
2315,431.5,134357744.513
2316,431.6,124311176.805
2317,431.7,110806988.197
2318,431.8,94851417.839
2319,431.9,77593976.979
2320,432.0,60533550.256
2321,432.1,44954980.119
2322,432.2,31740025.23
2323,432.3,21294923.857
2324,432.4,13600000.001
2325,432.5,8353062.792
2326,432.6,5102000.0
2327,432.7,3438652.587
2328,432.8,3068901.443
2329,432.9,3870572.51
2330,433.0,5876532.547
2331,433.1,9219889.841
2332,433.2,14035259.995
2333,433.3,20342493.001
2334,433.4,27904184.162
2335,433.5,36199169.479
2336,433.6,44378140.316
2337,433.7,51409999.999
2338,433.8,56286432.302
2339,433.9,58230000.0
2340,434.0,56931444.987
2341,434.1,52587344.613
2342,434.2,45909949.586
2343,434.3,37875188.879
2344,434.4,29521342.187
2345,434.5,21748348.302
2346,434.6,15140791.383
2347,434.7,9955109.538
2348,434.8,6188918.373
2349,434.9,3635168.2
2350,435.0,2019000.0
2351,435.1,1061087.162
2352,435.2,532574.286
2353,435.3,265856.803
2354,435.4,156584.289
2355,435.5,152335.956
2356,435.6,243726.211
2357,435.7,457997.951
2358,435.8,855300.54
2359,435.9,1525255.574
2360,436.0,2577083.601
2361,436.1,4119000.0
2362,436.2,6226510.018
2363,436.3,8901000.0
2364,436.4,12037642.55
2365,436.5,15386125.106
2366,436.6,18603352.372
2367,436.7,21269652.781
2368,436.8,22995614.26
2369,436.9,23521907.395
2370,437.0,22746918.615
2371,437.1,20805449.296
2372,437.2,18002922.098
2373,437.3,14751535.252
2374,437.4,11460000.0
2375,437.5,8486786.431
2376,437.6,6086000.0
2377,437.7,4391453.423
2378,437.8,3459634.255
2379,437.9,3300965.363
2380,438.0,3914873.037
2381,438.1,5308652.112
2382,438.2,7501622.851
2383,438.3,10533283.99
2384,438.4,14487859.216
2385,438.5,19518237.767
2386,438.6,25898085.179
2387,438.7,34089999.999
2388,438.8,44642417.693
2389,438.9,58119999.998
2390,439.0,74813981.473
2391,439.1,94481713.277
2392,439.2,116107955.54
2393,439.3,137778040.721
2394,439.4,157026627.523
2395,439.5,171193602.106
2396,439.6,178021304.918
2397,439.7,176592963.642
2398,439.8,166902544.145
2399,439.9,150595066.243
2400,440.0,129800000.003
2401,440.1,107487322.664
2402,440.2,85910644.367
2403,440.3,66886505.286
2404,440.4,51413218.095
2405,440.5,39840356.021
2406,440.6,31924442.703
2407,440.7,27154784.026
2408,440.8,24820578.216
2409,440.9,24168643.248
2410,441.0,24448901.066
2411,441.1,24980000.0
2412,441.2,25238955.141
2413,441.3,24860000.0
2414,441.4,23716318.101
2415,441.5,21850808.304
2416,441.6,19436544.694
2417,441.7,16746386.715
2418,441.8,13984179.414
2419,441.9,11366160.471
2420,442.0,9002002.932
2421,442.1,6946928.744
2422,442.2,5217670.989
2423,442.3,3806097.347
2424,442.4,2687000.0
2425,442.5,1831235.613
2426,442.6,1204000.0
2427,442.7,772622.219
2428,442.8,510134.33
2429,442.9,407301.267
2430,443.0,488410.684
2431,443.1,833789.71
2432,443.2,1608810.95
2433,443.3,3096758.914
2434,443.4,5721832.855
2435,443.5,10052808.596
2436,443.6,16763338.154
2437,443.7,26499999.998
2438,443.8,39725900.736
2439,443.9,56489999.997
2440,444.0,76227922.883
2441,444.1,97624082.566
2442,444.2,118783056.263
2443,444.3,137373831.96
2444,444.4,151189564.699
2445,444.5,158720087.21
2446,444.6,159362508.725
2447,444.7,153539267.653
2448,444.8,142639872.898
2449,444.9,128685499.023
2450,445.0,113600000.002
2451,445.1,99048659.295
2452,445.2,86028416.798
2453,445.3,75082299.235
2454,445.4,66117304.63
2455,445.5,58841756.544
2456,445.6,52935594.986
2457,445.7,48227514.332
2458,445.8,44860887.934
2459,445.9,43269641.905
2460,446.0,44182512.812
2461,446.1,48499999.999
2462,446.2,57011864.383
2463,446.3,70189999.998
2464,446.4,87821212.78
2465,446.5,108878686.251
2466,446.6,131261063.684
2467,446.7,152283630.055
2468,446.8,169082537.843
2469,446.9,178859469.603
2470,447.0,180010234.29
2471,447.1,172180438.944
2472,447.2,156427472.455
2473,447.3,135064926.738
2474,447.4,111000000.003
2475,447.5,86890060.39
2476,447.6,65220000.003
2477,447.7,47383261.105
2478,447.8,33968040.23
2479,447.9,24859416.365
2480,448.0,19481657.166
2481,448.1,17066160.804
2482,448.2,16862298.492
2483,448.3,18243039.899
2484,448.4,20661566.388
2485,448.5,23675674.722
2486,448.6,26859816.377
2487,448.7,29820000.0
2488,448.8,32191991.762
2489,448.9,33760000.0
2490,449.0,34510548.679
2491,449.1,34752716.979
2492,449.2,35096614.289
2493,449.3,36393031.935
2494,449.4,39595142.656
2495,449.5,45503141.009
2496,449.6,54580896.43
2497,449.7,66675920.914
2498,449.8,80970641.02
2499,449.9,95953259.6
2500,450.0,109699999.998
2501,450.1,120065417.199
2502,450.2,125389834.793
2503,450.3,124730219.885
2504,450.4,117969772.845
2505,450.5,106196259.313
2506,450.6,90920989.585
2507,450.7,74257330.265
2508,450.8,58042344.775
2509,450.9,43723701.278
2510,451.0,32160722.326
2511,451.1,23620000.001
2512,451.2,17873864.553
2513,451.3,14440000.0
2514,451.4,12733014.649
2515,451.5,12171918.008
2516,451.6,12307382.555
2517,451.7,12791933.214
2518,451.8,13416345.115
2519,451.9,14051113.971
2520,452.0,14695754.19
2521,452.1,15427079.634
2522,452.2,16455350.641
2523,452.3,18143011.306
2524,452.4,20999999.999
2525,452.5,25678827.945
2526,452.6,32939999.999
2527,452.7,43510234.622
2528,452.8,57869186.769
2529,452.9,76022091.579
2530,453.0,97287496.119
2531,453.1,120108431.627
2532,453.2,142372793.206
2533,453.3,161272215.499
2534,453.4,174376243.384
2535,453.5,179766986.781
2536,453.6,176838254.951
2537,453.7,166300000.002
2538,453.8,150460465.413
2539,453.9,132400000.003
2540,454.0,116145161.659
2541,454.1,105435313.839
2542,454.2,103587878.026
2543,454.3,112902014.88
2544,454.4,134348871.225
2545,454.5,167009904.2
2546,454.6,208424410.105
2547,454.7,254161885.088
2548,454.8,298611452.996
2549,454.9,335665514.328
2550,455.0,359899999.998
2551,455.1,367485931.542
2552,455.2,357348886.113
2553,455.3,331001646.335
2554,455.4,292595200.546
2555,455.5,247656900.702
2556,455.6,201867772.211
2557,455.7,160453522.47
2558,455.8,126794686.527
2559,455.9,102842449.74
2560,456.0,88433064.507
2561,456.1,82690000.0
2562,456.2,83822084.179
2563,456.3,90029999.999
2564,456.4,99869376.458
2565,456.5,112417241.11
2566,456.6,127243162.495
2567,456.7,144286266.739
2568,456.8,163043831.837
2569,456.9,182678402.124
2570,457.0,201585980.98
2571,457.1,217346721.823
2572,457.2,227376453.397
2573,457.3,229461307.152
2574,457.4,222300000.002
2575,457.5,206191057.593
2576,457.6,182600000.004
2577,457.7,154133759.686
2578,457.8,123995737.534
2579,457.9,94873373.203
2580,458.0,69033286.549
2581,458.1,47772645.572
2582,458.2,31440125.707
2583,458.3,19658082.062
2584,458.4,11689324.717
2585,458.5,6602955.395
2586,458.6,3545487.552
2587,458.7,1810000.0
2588,458.8,878458.546
2589,458.9,406900.0
2590,459.0,183003.688
2591,459.1,86792.398
2592,459.2,56653.077
2593,459.3,65956.457
2594,459.4,108534.267
2595,459.5,190613.288
2596,459.6,326034.844
2597,459.7,532820.247
2598,459.8,829030.993
2599,459.9,1227023.588
2600,460.0,1728000.0
2601,460.1,2315516.525
2602,460.2,2952445.107
2603,460.3,3587873.916
2604,460.4,4161304.728
2605,460.5,4618025.543
2606,460.6,4929050.865
2607,460.7,5103580.208
2608,460.8,5195346.702
2609,460.9,5301655.392
2610,461.0,5544720.026
2611,461.1,6047000.0
2612,461.2,6902043.462
2613,461.3,8143000.0
2614,461.4,9732040.129
2615,461.5,11551338.83
2616,461.6,13429694.616
2617,461.7,15162435.412
2618,461.8,16554513.697
2619,461.9,17466717.501
2620,462.0,17797522.142
2621,462.1,17555848.08
2622,462.2,16781155.77
2623,462.3,15572024.598
2624,462.4,14030000.0
2625,462.5,12289728.256
2626,462.6,10450000.0
2627,462.7,8625671.597
2628,462.8,6908631.462
2629,462.9,5376583.895
2630,463.0,4091909.927
2631,463.1,3098633.405
2632,463.2,2414157.587
2633,463.3,2041356.782
2634,463.4,1960788.557
2635,463.5,2140588.321
2636,463.6,2537518.228
2637,463.7,3098000.0
2638,463.8,3768118.367
2639,463.9,4492000.0
2640,464.0,5229465.671
2641,464.1,5952002.408
2642,464.2,6650919.249
2643,464.3,7332823.085
2644,464.4,8005008.646
2645,464.5,8669482.822
2646,464.6,9305136.66
2647,464.7,9864924.004
2648,464.8,10295207.374
2649,464.9,10521326.556
2650,465.0,10490000.0
2651,465.1,10191942.654
2652,465.2,9647274.962
2653,465.3,8900837.366
2654,465.4,8026417.658
2655,465.5,7100927.096
2656,465.6,6187595.303
2657,465.7,5333485.202
2658,465.8,4566498.649
2659,465.9,3901245.071
2660,466.0,3345761.443
2661,466.1,2908000.0
2662,466.2,2591569.569
2663,466.3,2398000.0
2664,466.4,2317825.046
2665,466.5,2329044.099
2666,466.6,2398731.414
2667,466.7,2486672.484
2668,466.8,2555415.721
2669,466.9,2573807.715
2670,467.0,2528734.095
2671,467.1,2426105.563
2672,467.2,2285019.075
2673,467.3,2137780.288
2674,467.4,2021000.0
2675,467.5,1965197.176
2676,467.6,1992000.0
2677,467.7,2104931.549
2678,467.8,2294675.136
2679,467.9,2535025.408
2680,468.0,2785064.147
2681,468.1,3000020.719
2682,468.2,3137991.677
2683,468.3,3164069.783
2684,468.4,3064963.495
2685,468.5,2843857.421
2686,468.6,2523224.387
2687,468.7,2139000.0
2688,468.8,1735251.538
2689,468.9,1350000.0
2690,469.0,1015558.277
2691,469.1,754363.835
2692,469.2,577965.981
2693,469.3,489890.092
2694,469.4,488564.952
2695,469.5,568274.484
2696,469.6,720110.741
2697,469.7,930803.605
2698,469.8,1183573.057
2699,469.9,1455387.13
2700,470.0,1723000.0
2701,470.1,1970242.743
2702,470.2,2189208.251
2703,470.3,2396899.908
2704,470.4,2635018.919
2705,470.5,2974491.235
2706,470.6,3511094.091
2707,470.7,4346802.189
2708,470.8,5571173.121
2709,470.9,7233013.395
2710,471.0,9316995.812
2711,471.1,11710000.0
2712,471.2,14243382.599
2713,471.3,16640000.0
2714,471.4,18613162.269
2715,471.5,19923665.466
2716,471.6,20374311.524
2717,471.7,19895913.511
2718,471.8,18573879.131
2719,471.9,16561890.236
2720,472.0,14136379.728
2721,472.1,11560450.705
2722,472.2,9078964.599
2723,472.3,6877426.893
2724,472.4,5060000.0
2725,472.5,3661984.725
2726,472.6,2662000.0
2727,472.7,2004547.141
2728,472.8,1620987.703
2729,472.9,1441148.906
2730,473.0,1403949.558
2731,473.1,1458576.224
2732,473.2,1572980.885
2733,473.3,1728251.677
2734,473.4,1922714.691
2735,473.5,2167129.395
2736,473.6,2480288.16
2737,473.7,2881000.0
2738,473.8,3376493.821
2739,473.9,3952000.0
2740,474.0,4570450.377
2741,474.1,5169038.401
2742,474.2,5674377.587
2743,474.3,6019172.291
2744,474.4,6157050.261
2745,474.5,6079417.554
2746,474.6,5830459.492
2747,474.7,5498405.977
2748,474.8,5214920.9
2749,474.9,5130743.096
2750,475.0,5399000.0
2751,475.1,6147130.137
2752,475.2,7454371.485
2753,475.3,9328099.365
2754,475.4,11692444.627
2755,475.5,14371919.612
2756,475.6,17120419.377
2757,475.7,19626094.26
2758,475.8,21587460.385
2759,475.9,22733265.94
2760,476.0,22923069.043
2761,476.1,22100000.0
2762,476.2,20374416.802
2763,476.3,17950000.0
2764,476.4,15128017.916
2765,476.5,12189403.718
2766,476.6,9398697.241
2767,476.7,6942257.932
2768,476.8,4932401.796
2769,476.9,3402754.076
2770,477.0,2328588.309
2771,477.1,1652110.83
2772,477.2,1298055.907
2773,477.3,1195830.995
2774,477.4,1279000.0
2775,477.5,1494945.647
2776,477.6,1802000.0
2777,477.7,2170848.818
2778,477.8,2581888.593
2779,477.9,3029073.082
2780,478.0,3509903.594
2781,478.1,4027351.948
2782,478.2,4577899.186
2783,478.3,5146944.607
2784,478.4,5700499.841
2785,478.5,6186898.428
2786,478.6,6544696.671
2787,478.7,6716000.0
2788,478.8,6656105.036
2789,478.9,6351000.0
2790,479.0,5821375.24
2791,479.1,5120010.535
2792,479.2,4318985.992
2793,479.3,3503267.425
2794,479.4,2747094.704
2795,479.5,2115629.619
2796,479.6,1648552.143
2797,479.7,1369357.558
2798,479.8,1281902.415
2799,479.9,1379924.333
2800,480.0,1640000.0
2801,480.1,2030239.71
2802,480.2,2505732.143
2803,480.3,3012616.411
2804,480.4,3487705.346
2805,480.5,3869522.156
2806,480.6,4108801.439
2807,480.7,4171900.728
2808,480.8,4054727.239
2809,480.9,3777282.439
2810,481.0,3386070.558
2811,481.1,2941000.0
2812,481.2,2505231.832
2813,481.3,2139000.0
2814,481.4,1882838.226
2815,481.5,1762487.484
2816,481.6,1777723.795
2817,481.7,1916384.274
2818,481.8,2151057.025
2819,481.9,2448604.342
2820,482.0,2781336.468
2821,482.1,3130241.093
2822,482.2,3489513.999
2823,482.3,3864858.05
2824,482.4,4273000.0
2825,482.5,4725225.48
2826,482.6,5226000.0
2827,482.7,5760295.124
2828,482.8,6296984.137
2829,482.9,6788455.793
2830,483.0,7189458.364
2831,483.1,7463719.879
2832,483.2,7597210.525
2833,483.3,7607366.871
2834,483.4,7528848.983
2835,483.5,7414235.109
2836,483.6,7305524.088
2837,483.7,7231000.0
2838,483.8,7187040.553
2839,483.9,7147000.0
2840,484.0,7064665.941
2841,484.1,6895018.186
2842,484.2,6608875.927
2843,484.3,6207934.258
2844,484.4,5733326.563
2845,484.5,5261392.505
2846,484.6,4894410.579
2847,484.7,4750231.129
2848,484.8,4937254.795
2849,484.9,5536971.383
2850,485.0,6584000.0
2851,485.1,8053059.96
2852,485.2,9848502.444
2853,485.3,11801178.192
2854,485.4,13693164.24
2855,485.5,15295703.5
2856,485.6,16403989.981
2857,485.7,16842867.174
2858,485.8,16562983.793
2859,485.9,15606595.055
2860,486.0,14090527.261
2861,486.1,12240000.0
2862,486.2,10288534.037
2863,486.3,8456000.0
2864,486.4,6948021.949
2865,486.5,5905048.362
2866,486.6,5410070.162
2867,486.7,5491870.577
2868,486.8,6121114.802
2869,486.9,7225926.771
2870,487.0,8686799.045
2871,487.1,10349548.59
2872,487.2,12022891.448
2873,487.3,13529590.561
2874,487.4,14690000.0
2875,487.5,15397503.861
2876,487.6,15610000.0
2877,487.7,15365958.652
2878,487.8,14799207.74
2879,487.9,14057551.72
2880,488.0,13317954.118
2881,488.1,12725956.889
2882,488.2,12331270.231
2883,488.3,12147812.948
2884,488.4,12062591.476
2885,488.5,11976594.542
2886,488.6,11744028.657
2887,488.7,11260000.0
2888,488.8,10498903.095
2889,488.9,9455000.0
2890,489.0,8207850.436
2891,489.1,6859747.736
2892,489.2,5528201.509
2893,489.3,4318916.54
2894,489.4,3318509.611
2895,489.5,2580060.633
2896,489.6,2135115.13
2897,489.7,1994640.905
2898,489.8,2157954.916
2899,489.9,2622534.039
2900,490.0,3386000.0
2901,490.1,4451769.142
2902,490.2,5826184.916
2903,490.3,7520953.855
2904,490.4,9545766.01
2905,490.5,11906934.034
2906,490.6,14565051.526
2907,490.7,17477544.752
2908,490.8,20512575.346
2909,490.9,23500638.29
2910,491.0,26221716.765
2911,491.1,28430000.0
2912,491.2,29893927.106
2913,491.3,30440000.0
2914,491.4,30006550.426
2915,491.5,28616278.282
2916,491.6,26426354.502
2917,491.7,23649987.248
2918,491.8,20549698.142
2919,491.9,17397415.803
2920,492.0,14426304.631
2921,492.1,11795294.054
2922,492.2,9605965.226
2923,492.3,7909203.169
2924,492.4,6691000.0
2925,492.5,5898568.473
2926,492.6,5459000.0
2927,492.7,5287324.479
2928,492.8,5297809.067
2929,492.9,5419330.123
2930,493.0,5596880.451
2931,493.1,5791291.578
2932,493.2,5984031.304
2933,493.3,6160527.191
2934,493.4,6307469.777
2935,493.5,6407134.478
2936,493.6,6434785.294
2937,493.7,6363000.0
2938,493.8,6166602.558
2939,493.9,5831000.0
2940,494.0,5362088.32
2941,494.1,4780069.033
2942,494.2,4122706.094
2943,494.3,3435165.767
2944,494.4,2762868.552
2945,494.5,2143916.296
2946,494.6,1605311.354
2947,494.7,1160109.401
2948,494.8,809799.548
2949,494.9,546506.945
2950,495.0,357600.0
2951,495.1,228513.009
2952,495.2,145525.946
2953,495.3,97367.18
2954,495.4,75879.617
2955,495.5,76155.046
2956,495.6,96294.1
2957,495.7,136513.969
2958,495.8,198768.622
2959,495.9,285536.948
2960,496.0,398807.899
2961,496.1,539900.0
2962,496.2,708178.887
2963,496.3,901700.0
2964,496.4,1118335.757
2965,496.5,1356027.364
2966,496.6,1619447.744
2967,496.7,1921779.295
2968,496.8,2291305.682
2969,496.9,2778922.324
2970,497.0,3461888.299
2971,497.1,4447787.023
2972,497.2,5872203.845
2973,497.3,7879822.626
2974,497.4,10609999.999
2975,497.5,14156838.675
2976,497.6,18539999.999
2977,497.7,23649050.395
2978,497.8,29254719.523
2979,497.9,35015006.41
2980,498.0,40495017.518
2981,498.1,45255035.472
2982,498.2,48950144.3
2983,498.3,51362068.066
2984,498.4,52496295.752
2985,498.5,52510082.488
2986,498.6,51741348.033
2987,498.7,50540000.0
2988,498.8,49259418.841
2989,498.9,48100000.0
2990,499.0,47159134.688
2991,499.1,46416746.257
2992,499.2,45779043.261
2993,499.3,45166833.724
2994,499.4,44529605.589
2995,499.5,43877941.413
2996,499.6,43250967.911
2997,499.7,42714662.464
2998,499.8,42270044.565
2999,499.9,41886224.465
3000,500.0,41490000.0
3001,500.1,40998123.845
3002,500.2,40346482.566
3003,500.3,39502791.378
3004,500.4,38539066.225
3005,500.5,37568690.373
3006,500.6,36704858.288
3007,500.7,36091446.636
3008,500.8,35832214.94
3009,500.9,35983710.94
3010,501.0,36535273.097
3011,501.1,37420000.0
3012,501.2,38514214.419
3013,501.3,39650000.0
3014,501.4,40638952.925
3015,501.5,41297819.622
3016,501.6,41482517.015
3017,501.7,41109252.641
3018,501.8,40156628.893
3019,501.9,38711176.507
3020,502.0,36860829.96
3021,502.1,34751295.587
3022,502.2,32514048.415
3023,502.3,30265185.956
3024,502.4,28080000.0
3025,502.5,26047313.592
3026,502.6,24200000.0
3027,502.7,22650350.036
3028,502.8,21480640.898
3029,502.9,20822835.789
3030,503.0,20759971.752
3031,503.1,21366099.96
3032,503.2,22621579.449
3033,503.3,24395336.842
3034,503.4,26464623.817
3035,503.5,28548111.759
3036,503.6,30287483.345
3037,503.7,31390000.0
3038,503.8,31603607.398
3039,503.9,30850000.0
3040,504.0,29122337.074
3041,504.1,26589455.879
3042,504.2,23500195.121
3043,504.3,20130385.312
3044,504.4,16768644.91
3045,504.5,13639591.456
3046,504.6,10917881.059
3047,504.7,8659693.08
3048,504.8,6876789.761
3049,504.9,5514969.295
3050,505.0,4496000.0
3051,505.1,3736763.798
3052,505.2,3165832.291
3053,505.3,2734648.085
3054,505.4,2422088.913
3055,505.5,2222451.881
3056,505.6,2146309.203
3057,505.7,2204982.262
3058,505.8,2403129.783
3059,505.9,2733477.637
3060,506.0,3172094.444
3061,506.1,3678000.0
3062,506.2,4198520.821
3063,506.3,4675000.0
3064,506.4,5052182.954
3065,506.5,5290712.039
3066,506.6,5373082.965
3067,506.7,5311757.069
3068,506.8,5147145.08
3069,506.9,4954216.268
3070,507.0,4826308.67
3071,507.1,4876651.733
3072,507.2,5217483.179
3073,507.3,5957070.724
3074,507.4,7174000.0
3075,507.5,8907127.526
3076,507.6,11140000.0
3077,507.7,13778704.414
3078,507.8,16675363.598
3079,507.9,19595026.383
3080,508.0,22293736.101
3081,508.1,24488747.573
3082,508.2,25959576.928
3083,508.3,26545963.873
3084,508.4,26183720.082
3085,508.5,24917343.637
3086,508.6,22897973.108
3087,508.7,20330000.0
3088,508.8,17463453.751
3089,508.9,14550000.001
3090,509.0,11803354.809
3091,509.1,9395884.892
3092,509.2,7438232.668
3093,509.3,5975037.834
3094,509.4,5000505.105
3095,509.5,4466507.493
3096,509.6,4294232.432
3097,509.7,4380676.343
3098,509.8,4618469.843
3099,509.9,4901496.99
3100,510.0,5137000.0
3101,510.1,5256940.284
3102,510.2,5224020.809
3103,510.3,5036472.268
3104,510.4,4720612.826
3105,510.5,4332479.805
3106,510.6,3937289.198
3107,510.7,3606970.11
3108,510.8,3397451.35
3109,510.9,3347647.824
3110,511.0,3466313.737
3111,511.1,3736000.0
3112,511.2,4111441.807
3113,511.3,4531000.0
3114,511.4,4922224.576
3115,511.5,5215385.841
3116,511.6,5355938.316
3117,511.7,5310252.325
3118,511.8,5072642.451
3119,511.9,4663116.486
3120,512.0,4122466.095
3121,512.1,3502501.337
3122,512.2,2860264.433
3123,512.3,2244674.333
3124,512.4,1692000.0
3125,512.5,1225748.495
3126,512.6,853300.0
3127,512.7,570859.795
3128,512.8,367528.623
3129,512.9,228788.943
3130,513.0,139606.861
3131,513.1,87436.652
3132,513.2,62633.562
3133,513.3,59537.553
3134,513.4,75991.213
3135,513.5,113012.549
3136,513.6,174152.908
3137,513.7,264200.0
3138,513.8,388560.764
3139,513.9,551000.0
3140,514.0,753237.01
3141,514.1,992236.066
3142,514.2,1263224.284
3143,514.3,1554353.568
3144,514.4,1853920.275
3145,514.5,2150639.711
3146,514.6,2437024.255
3147,514.7,2708852.258
3148,514.8,2970877.185
3149,514.9,3228032.83
3150,515.0,3491000.0
3151,515.1,3762289.199
3152,515.2,4039531.083
3153,515.3,4305408.573
3154,515.4,4537841.05
3155,515.5,4702925.014
3156,515.6,4769584.682
3157,515.7,4714204.333
3158,515.8,4524592.164
3159,515.9,4208123.467
3160,516.0,3787739.069
3161,516.1,3302000.0
3162,516.2,2797043.79
3163,516.3,2319000.0
3164,516.4,1911304.239
3165,516.5,1608596.348
3166,516.6,1431339.481
3167,516.7,1393160.135
3168,516.8,1491100.188
3169,516.9,1713437.015
3170,517.0,2038321.289
3171,517.1,2434692.39
3172,517.2,2861995.598
3173,517.3,3277620.882
3174,517.4,3637000.0
3175,517.5,3902975.408
3176,517.6,4048000.0
3177,517.7,4057543.258
3178,517.8,3936671.34
3179,517.9,3704155.61
3180,518.0,3395607.229
3181,518.1,3050462.615
3182,518.2,2713937.09
3183,518.3,2425412.529
3184,518.4,2218546.689
3185,518.5,2114565.984
3186,518.6,2123773.719
3187,518.7,2245000.0
3188,518.8,2463428.658
3189,518.9,2756000.0
3190,519.0,3090583.455
3191,519.1,3430348.915
3192,519.2,3734421.188
3193,519.3,3969983.007
3194,519.4,4108050.58
3195,519.5,4135171.082
3196,519.6,4052069.665
3197,519.7,3873768.425
3198,519.8,3630602.994
3199,519.9,3357347.547
3200,520.0,3094000.0
3201,520.1,2879181.206
3202,520.2,2741525.281
3203,520.3,2702177.247
3204,520.4,2768544.876
3205,520.5,2936932.174
3206,520.6,3186479.41
3207,520.7,3490199.268
3208,520.8,3808828.364
3209,520.9,4104510.74
3210,521.0,4341604.158
3211,521.1,4496000.0
3212,521.2,4564416.998
3213,521.3,4564000.0
3214,521.4,4533971.044
3215,521.5,4531274.332
3216,521.6,4620005.065
3217,521.7,4861554.12
3218,521.8,5298249.166
3219,521.9,5944794.41
3220,522.0,6779299.862
3221,522.1,7738495.679
3222,522.2,8731445.327
3223,522.3,9642798.94
3224,522.4,10350000.0
3225,522.5,10766673.575
3226,522.6,10820000.0
3227,522.7,10489314.185
3228,522.8,9791077.484
3229,522.9,8804954.292
3230,523.0,7622794.669
3231,523.1,6354053.754
3232,523.2,5097683.957
3233,523.3,3938160.852
3234,523.4,2930991.187
3235,523.5,2105850.312
3236,523.6,1466629.487
3237,523.7,1001000.0
3238,523.8,684625.539
3239,523.9,490600.0
3240,524.0,392259.781
3241,524.1,366109.752
3242,524.2,393197.884
3243,524.3,458184.702
3244,524.4,548728.484
3245,524.5,654624.632
3246,524.6,767753.5
3247,524.7,881974.216
3248,524.8,993438.77
3249,524.9,1100320.956
3250,525.0,1206000.0
3251,525.1,1310793.339
3252,525.2,1420641.122
3253,525.3,1538321.259
3254,525.4,1664883.807
3255,525.5,1799324.023
3256,525.6,1936298.199
3257,525.7,2064876.934
3258,525.8,2176158.082
3259,525.9,2257439.654
3260,526.0,2297994.994
3261,526.1,2289000.0
3262,526.2,2228542.406
3263,526.3,2115000.0
3264,526.4,1956189.604
3265,526.5,1761063.331
3266,526.6,1541702.245
3267,526.7,1312024.702
3268,526.8,1084468.336
3269,526.9,872821.255
3270,527.0,684559.435
3271,527.1,526473.346
3272,527.2,401758.499
3273,527.3,310880.751
3274,527.4,252700.0
3275,527.5,224132.384
3276,527.6,221400.0
3277,527.7,239684.029
3278,527.8,273587.645
3279,527.9,316949.472
3280,528.0,363612.942
3281,528.1,407055.747
3282,528.2,441673.819
3283,528.3,462804.461
3284,528.4,467537.548
3285,528.5,454871.405
3286,528.6,426130.654
3287,528.7,384400.0
3288,528.8,333651.287
3289,528.9,278900.0
3290,529.0,224332.332
3291,529.1,173751.799
3292,529.2,129448.591
3293,529.3,92884.536
3294,529.4,64140.144
3295,529.5,42632.759
3296,529.6,27274.496
3297,529.7,16790.144
3298,529.8,9957.715
3299,529.9,5679.27
3300,530.0,3119.0
3301,530.1,1648.459
3302,530.2,838.927
3303,530.3,410.766
3304,530.4,193.702
3305,530.5,87.835
3306,530.6,38.376
3307,530.7,16.134
3308,530.8,6.527
3309,530.9,2.543
3310,531.0,0.953
3311,531.1,0.344
3312,531.2,0.119
3313,531.3,0.04
3314,531.4,0.013
3315,531.5,0.004
3316,531.6,0.001
3317,531.7,0.0
3318,531.8,0.0
3319,531.9,0.001
3320,532.0,0.004
3321,532.1,0.014
3322,532.2,0.045
3323,532.3,0.139
3324,532.4,0.409
3325,532.5,1.164
3326,532.6,3.191
3327,532.7,8.425
3328,532.8,21.44
3329,532.9,52.532
3330,533.0,124.05
3331,533.1,282.269
3332,533.2,618.979
3333,533.3,1307.058
3334,533.4,2660.365
3335,533.5,5216.623
3336,533.6,9853.957
3337,533.7,17940.0
3338,533.8,31456.338
3339,533.9,53160.0
3340,534.0,86549.166
3341,534.1,135747.196
3342,534.2,205105.4
3343,534.3,298736.429
3344,534.4,418956.499
3345,534.5,566398.597
3346,534.6,737519.936
3347,534.7,925414.04
3348,534.8,1119259.964
3349,534.9,1303075.976
3350,535.0,1463000.0
3351,535.1,1581608.105
3352,535.2,1647593.34
3353,535.3,1654479.493
3354,535.4,1601431.987
3355,535.5,1493795.75
3356,535.6,1345395.797
3357,535.7,1170737.565
3358,535.8,988089.074
3359,535.9,814917.324
3360,536.0,665549.973
3361,536.1,551400.0
3362,536.2,479969.597
3363,536.3,454900.0
3364,536.4,476551.855
3365,536.5,541438.528
3366,536.6,643430.037
3367,536.7,772799.873
3368,536.8,917334.272
3369,536.9,1063052.685
3370,537.0,1193926.131
3371,537.1,1295950.988
3372,537.2,1358172.649
3373,537.3,1372595.589
3374,537.4,1337000.0
3375,537.5,1255199.422
3376,537.6,1136000.0
3377,537.7,991492.586
3378,537.8,833287.823
3379,537.9,675196.208
3380,538.0,527227.31
3381,538.1,396758.794
3382,538.2,287810.453
3383,538.3,201116.652
3384,538.4,135537.435
3385,538.5,87994.337
3386,538.6,55118.942
3387,538.7,33360.0
3388,538.8,19633.659
3389,538.9,11500.0
3390,539.0,7183.112
3391,539.1,5563.381
3392,539.2,6087.366
3393,539.3,8679.181
3394,539.4,13676.363
3395,539.5,21716.7
3396,539.6,33714.28
3397,539.7,50637.723
3398,539.8,73400.963
3399,539.9,102639.624
3400,540.0,138400.0
3401,540.1,179886.284
3402,540.2,225600.537
3403,540.3,272684.861
3404,540.4,317923.617
3405,540.5,357479.155
3406,540.6,387806.789
3407,540.7,406081.397
3408,540.8,410646.699
3409,540.9,401626.263
3410,541.0,380864.206
3411,541.1,351600.0
3412,541.2,318136.045
3413,541.3,285200.0
3414,541.4,257411.445
3415,541.5,238142.732
3416,541.6,229839.973
3417,541.7,232974.206
3418,541.8,246536.365
3419,541.9,268116.533
3420,542.0,294073.677
3421,542.1,320273.99
3422,542.2,342890.491
3423,542.3,358369.617
3424,542.4,364800.0
3425,542.5,361437.575
3426,542.6,349500.0
3427,542.7,331219.506
3428,542.8,309693.328
3429,542.9,288410.589
3430,543.0,270332.969
3431,543.1,257631.193
3432,543.2,250850.996
3433,543.3,249697.383
3434,543.4,252383.446
3435,543.5,256842.683
3436,543.6,260432.597
3437,543.7,261500.0
3438,543.8,258742.878
3439,543.9,252000.0
3440,544.0,242267.056
3441,544.1,231129.657
3442,544.2,220412.285
3443,544.3,212087.633
3444,544.4,207271.484
3445,544.5,206436.868
3446,544.6,208964.423
3447,544.7,213444.182
3448,544.8,217890.614
3449,544.9,220434.785
3450,545.0,219100.0
3451,545.1,212701.302
3452,545.2,200864.623
3453,545.3,184057.282
3454,545.4,163231.78
3455,545.5,140200.684
3456,545.6,116698.361
3457,545.7,94563.334
3458,545.8,75589.374
3459,545.9,61466.301
3460,546.0,54027.036
3461,546.1,55640.0
3462,546.2,69617.866
3463,546.3,100700.0
3464,546.4,155674.298
3465,546.5,243077.801
3466,546.6,373593.543
3467,546.7,558561.013
3468,546.8,809267.708
3469,546.9,1133814.953
3470,547.0,1535537.796
3471,547.1,2009656.063
3472,547.2,2539999.577
3473,547.3,3102492.909
3474,547.4,3660000.0
3475,547.5,4171077.957
3476,547.6,4592000.0
3477,547.7,4883980.738
3478,547.8,5020536.816
3479,547.9,4988315.723
3480,548.0,4794545.34
3481,548.1,4463208.179
3482,548.2,4028311.699
3483,548.3,3536408.475
3484,548.4,3029340.332
3485,548.5,2547822.823
3486,548.6,2119913.077
3487,548.7,1762000.0
3488,548.8,1478960.571
3489,548.9,1266000.0
3490,549.0,1113910.307
3491,549.1,1009314.743
3492,549.2,940477.208
3493,549.3,899900.511
3494,549.4,884215.411
3495,549.5,893930.189
3496,549.6,932205.367
3497,549.7,1003121.019
3498,549.8,1106854.875
3499,549.9,1242976.074
3500,550.0,1403000.0
3501,550.1,1574778.36
3502,550.2,1741330.394
3503,550.3,1884377.772
3504,550.4,1985866.559
3505,550.5,2030252.882
3506,550.6,2012611.176
3507,550.7,1929284.729
3508,550.8,1788152.423
3509,550.9,1600727.578
3510,551.0,1385073.28
3511,551.1,1157000.0
3512,551.2,933119.106
3513,551.3,727000.0
3514,551.4,546740.017
3515,551.5,396958.342
3516,551.6,278290.6
3517,551.7,188364.823
3518,551.8,123088.688
3519,551.9,77650.159
3520,552.0,47297.379
3521,552.1,27808.743
3522,552.2,15783.913
3523,552.3,8652.098
3524,552.4,4579.0
3525,552.5,2339.615
3526,552.6,1154.0
3527,552.7,549.907
3528,552.8,253.2
3529,552.9,112.967
3530,553.0,49.03
3531,553.1,21.011
3532,553.2,9.203
3533,553.3,4.425
3534,553.4,2.558
3535,553.5,1.832
3536,553.6,1.521
3537,553.7,1.339
3538,553.8,1.183
3539,553.9,1.024
3540,554.0,0.861
3541,554.1,0.7
3542,554.2,0.551
3543,554.3,0.418
3544,554.4,0.307
3545,554.5,0.217
3546,554.6,0.149
3547,554.7,0.098
3548,554.8,0.063
3549,554.9,0.039
3550,555.0,0.023
3551,555.1,0.013
3552,555.2,0.007
3553,555.3,0.004
3554,555.4,0.002
3555,555.5,0.001
3556,555.6,0.0
3557,555.7,0.0
3558,555.8,0.0
3559,555.9,0.0
3560,556.0,0.0
3561,556.1,0.0
3562,556.2,0.0
3563,556.3,0.0
3564,556.4,0.0
3565,556.5,0.0
3566,556.6,0.0
3567,556.7,0.0
3568,556.8,0.0
3569,556.9,0.0
3570,557.0,0.0
3571,557.1,0.0
3572,557.2,0.0
3573,557.3,0.0
3574,557.4,0.0
3575,557.5,0.0
3576,557.6,0.0
3577,557.7,0.0
3578,557.8,0.0
3579,557.9,0.0
3580,558.0,0.0
3581,558.1,0.0
3582,558.2,0.0
3583,558.3,0.0
3584,558.4,0.0
3585,558.5,0.0
3586,558.6,0.0
3587,558.7,0.0
3588,558.8,0.0
3589,558.9,0.0
3590,559.0,0.0
3591,559.1,0.0
3592,559.2,0.0
3593,559.3,0.0
3594,559.4,0.0
3595,559.5,0.0
3596,559.6,0.0
3597,559.7,0.0
3598,559.8,0.0
3599,559.9,0.0
3600,560.0,0.0
3601,560.1,0.0
3602,560.2,0.0
3603,560.3,0.0
3604,560.4,0.0
3605,560.5,0.0
3606,560.6,0.0
3607,560.7,0.0
3608,560.8,0.0
3609,560.9,0.0
3610,561.0,0.0
3611,561.1,0.0
3612,561.2,0.0
3613,561.3,0.0
3614,561.4,0.0
3615,561.5,0.001
3616,561.6,0.004
3617,561.7,0.013
3618,561.8,0.037
3619,561.9,0.107
3620,562.0,0.296
3621,562.1,0.796
3622,562.2,2.068
3623,562.3,5.197
3624,562.4,12.63
3625,562.5,29.692
3626,562.6,67.51
3627,562.7,148.392
3628,562.8,315.677
3629,562.9,649.132
3630,563.0,1291.554
3631,563.1,2484.635
3632,563.2,4623.253
3633,563.3,8319.833
3634,563.4,14486.159
3635,563.5,24382.766
3636,563.6,39698.262
3637,563.7,62520.0
3638,563.8,95201.446
3639,563.9,140300.0
3640,564.0,199911.497
3641,564.1,275617.113
3642,564.2,367660.946
3643,564.3,474584.548
3644,564.4,592945.535
3645,564.5,717441.098
3646,564.6,841243.237
3647,564.7,957140.314
3648,564.8,1058304.471
3649,564.9,1140386.987
3650,565.0,1202000.0
3651,565.1,1245362.961
3652,565.2,1277888.33
3653,565.3,1309759.897
3654,565.4,1350719.446
3655,565.5,1414561.242
3656,565.6,1506561.612
3657,565.7,1630299.442
3658,565.8,1783833.693
3659,565.9,1954613.406
3660,566.0,2130487.777
3661,566.1,2291000.0
3662,566.2,2419794.681
3663,566.3,2502000.0
3664,566.4,2529321.597
3665,566.5,2503409.511
3666,566.6,2429118.994
3667,566.7,2324512.599
3668,566.8,2206143.463
3669,566.9,2094015.221
3670,567.0,2005616.846
3671,567.1,1951283.389
3672,567.2,1936160.688
3673,567.3,1955582.757
3674,567.4,2000000.0
3675,567.5,2054620.522
3676,567.6,2106000.0
3677,567.7,2137832.766
3678,567.8,2141472.948
3679,567.9,2111596.727
3680,568.0,2049803.825
3681,568.1,1962883.474
3682,568.2,1858644.707
3683,568.3,1750132.487
3684,568.4,1645483.373
3685,568.5,1553457.207
3686,568.6,1478261.026
3687,568.7,1418000.0
3688,568.8,1370802.678
3689,568.9,1330000.0
3690,569.0,1289119.154
3691,569.1,1242062.365
3692,569.2,1187152.712
3693,569.3,1123467.449
3694,569.4,1053722.003
3695,569.5,982878.628
3696,569.6,917962.117
3697,569.7,865229.921
3698,569.8,829849.761
3699,569.9,814812.027
3700,570.0,820600.0
3701,570.1,845478.953
3702,570.2,885794.665
3703,570.3,936821.955
3704,570.4,993595.842
3705,570.5,1051557.571
3706,570.6,1107331.981
3707,570.7,1158770.861
3708,570.8,1203817.379
3709,570.9,1241494.223
3710,571.0,1271875.473
3711,571.1,1293000.0
3712,571.2,1306052.461
3713,571.3,1309000.0
3714,571.4,1301379.819
3715,571.5,1282530.868
3716,571.6,1250451.865
3717,571.7,1206142.105
3718,571.8,1148723.681
3719,571.9,1079374.102
3720,572.0,999548.079
3721,572.1,910327.658
3722,572.2,815643.632
3723,572.3,718317.174
3724,572.4,622300.0
3725,572.5,531734.04
3726,572.6,450500.0
3727,572.7,382849.149
3728,572.8,332370.709
3729,572.9,302376.728
3730,573.0,295447.5
3731,573.1,313268.225
3732,573.2,356236.385
3733,573.3,423330.729
3734,573.4,511759.883
3735,573.5,616536.26
3736,573.6,730823.419
3737,573.7,846000.0
3738,573.8,952480.217
3739,573.9,1041000.0
3740,574.0,1102665.516
3741,574.1,1132065.971
3742,574.2,1125850.379
3743,574.3,1083420.196
3744,574.4,1010144.04
3745,574.5,912005.429
3746,574.6,797227.68
3747,574.7,674756.304
3748,574.8,552967.072
3749,574.9,438784.982
3750,575.0,337200.0
3751,575.1,250921.774
3752,575.2,181013.393
3753,575.3,126658.156
3754,575.4,86530.413
3755,575.5,58495.807
3756,575.6,40685.556
3757,575.7,31652.724
3758,575.8,30776.891
3759,575.9,38386.737
3760,576.0,56000.795
3761,576.1,86310.0
3762,576.2,133123.82
3763,576.3,201200.0
3764,576.4,295864.321
3765,576.5,421722.26
3766,576.6,582852.528
3767,576.7,780739.219
3768,576.8,1013710.983
3769,576.9,1275956.854
3770,577.0,1557710.332
3771,577.1,1846589.035
3772,577.2,2127110.923
3773,577.3,2382647.875
3774,577.4,2603000.0
3775,577.5,2779053.95
3776,577.6,2910000.0
3777,577.7,3002081.456
3778,577.8,3064714.31
3779,577.9,3114339.687
3780,578.0,3164432.579
3781,578.1,3225654.251
3782,578.2,3303748.084
3783,578.3,3394371.127
3784,578.4,3485248.317
3785,578.5,3560320.78
3786,578.6,3600089.617
3787,578.7,3586000.0
3788,578.8,3507398.584
3789,578.9,3361000.0
3790,579.0,3154400.598
3791,579.1,2903493.498
3792,579.2,2634996.751
3793,579.3,2375738.209
3794,579.4,2157999.736
3795,579.5,2008680.12
3796,579.6,1947273.464
3797,579.7,1987790.795
3798,579.8,2129675.029
3799,579.9,2364525.816
3800,580.0,2672000.0
3801,580.1,3020033.291
3802,580.2,3376588.751
3803,580.3,3699491.354
3804,580.4,3955395.561
3805,580.5,4113842.986
3806,580.6,4154906.954
3807,580.7,4070065.27
3808,580.8,3865922.601
3809,580.9,3558411.995
3810,581.0,3174821.335
3811,581.1,2745000.0
3812,581.2,2299072.836
3813,581.3,1866000.0
3814,581.4,1467117.272
3815,581.5,1117877.627
3816,581.6,825332.974
3817,581.7,590247.458
3818,581.8,409060.598
3819,581.9,274595.419
3820,582.0,178686.121
3821,582.1,112614.434
3822,582.2,68748.334
3823,582.3,40678.578
3824,582.4,23320.0
3825,582.5,12950.395
3826,582.6,6968.0
3827,582.7,3633.062
3828,582.8,1835.016
3829,582.9,898.288
3830,583.0,425.804
3831,583.1,195.577
3832,583.2,87.06
3833,583.3,37.555
3834,583.4,15.708
3835,583.5,6.399
3836,583.6,2.621
3837,583.7,1.295
3838,583.8,1.244
3839,583.9,2.366
3840,584.0,5.474
3841,584.1,12.777
3842,584.2,29.079
3843,584.3,64.201
3844,584.4,137.517
3845,584.5,285.411
3846,584.6,574.557
3847,584.7,1121.137
3848,584.8,2121.247
3849,584.9,3890.222
3850,585.0,6920.0
3851,585.1,11928.148
3852,585.2,19945.164
3853,585.3,32319.236
3854,585.4,50782.799
3855,585.5,77370.213
3856,585.6,114279.298
3857,585.7,163637.399
3858,585.8,227178.38
3859,585.9,305741.884
3860,586.0,399062.922
3861,586.1,504800.0
3862,586.2,619239.245
3863,586.3,736500.0
3864,586.4,849183.28
3865,586.5,949181.837
3866,586.6,1028757.407
3867,586.7,1081413.224
3868,586.8,1101370.156
3869,586.9,1087768.052
3870,587.0,1042076.637
3871,587.1,967115.368
3872,587.2,870473.84
3873,587.3,759581.439
3874,587.4,642700.0
3875,587.5,527201.233
3876,587.6,419300.0
3877,587.7,323389.877
3878,587.8,241823.457
3879,587.9,175543.376
3880,588.0,123728.641
3881,588.1,85103.46
3882,588.2,57650.618
3883,588.3,39445.43
3884,588.4,28803.139
3885,588.5,24463.791
3886,588.6,25687.288
3887,588.7,32270.0
3888,588.8,44447.131
3889,588.9,62720.0
3890,589.0,87770.979
3891,589.1,120058.635
3892,589.2,159838.941
3893,589.3,206606.099
3894,589.4,259063.8
3895,589.5,315031.616
3896,589.6,371700.769
3897,589.7,425300.16
3898,589.8,472057.664
3899,589.9,508128.919
3900,590.0,530600.0
3901,590.1,537606.263
3902,590.2,528644.275
3903,590.3,504841.024
3904,590.4,468664.942
3905,590.5,423822.055
3906,590.6,374473.547
3907,590.7,325390.399
3908,590.8,280670.289
3909,590.9,243983.98
3910,591.0,218238.903
3911,591.1,205000.0
3912,591.2,205064.162
3913,591.3,218000.0
3914,591.4,242294.478
3915,591.5,275935.57
3916,591.6,315966.093
3917,591.7,358804.005
3918,591.8,400867.413
3919,591.9,438341.737
3920,592.0,468014.49
3921,592.1,486934.369
3922,592.2,493567.861
3923,592.3,487049.602
3924,592.4,467900.0
3925,592.5,437736.864
3926,592.6,399000.0
3927,592.7,354621.209
3928,592.8,308061.896
3929,592.9,262402.765
3930,593.0,220665.857
3931,593.1,185206.682
3932,593.2,157739.041
3933,593.3,139284.311
3934,593.4,130350.746
3935,593.5,130852.758
3936,593.6,140221.892
3937,593.7,157800.0
3938,593.8,182956.966
3939,593.9,214900.0
3940,594.0,253645.768
3941,594.1,299495.193
3942,594.2,353399.338
3943,594.3,417113.049
3944,594.4,492516.576
3945,594.5,581386.452
3946,594.6,685032.433
3947,594.7,803069.181
3948,594.8,933670.66
3949,594.9,1072351.71
3950,595.0,1214000.0
3951,595.1,1349495.591
3952,595.2,1470054.352
3953,595.3,1569364.438
3954,595.4,1641515.413
3955,595.5,1682995.911
3956,595.6,1695799.986
3957,595.7,1682901.918
3958,595.8,1653466.091
3959,595.9,1614052.074
3960,596.0,1575770.34
3961,596.1,1544000.0
3962,596.2,1522945.644
3963,596.3,1514000.0
3964,596.4,1513680.395
3965,596.5,1516688.349
3966,596.6,1519002.655
3967,596.7,1514043.469
3968,596.8,1497716.903
3969,596.9,1469729.603
3970,597.0,1432987.672
3971,597.1,1389948.188
3972,597.2,1345686.417
3973,597.3,1306123.032
3974,597.4,1276000.0
3975,597.5,1254047.244
3976,597.6,1241000.0
3977,597.7,1231518.053
3978,597.8,1220462.114
3979,597.9,1202607.001
3980,598.0,1171118.825
3981,598.1,1121626.346
3982,598.2,1053809.455
3983,598.3,967541.848
3984,598.4,866880.328
3985,598.5,756505.663
3986,598.6,642488.73
3987,598.7,530500.0
3988,598.8,425637.523
3989,598.9,331800.0
3990,599.0,251199.364
3991,599.1,184593.321
3992,599.2,131780.645
3993,599.3,91294.905
3994,599.4,61403.658
3995,599.5,40087.887
3996,599.6,25408.793
3997,599.7,15627.838
3998,599.8,9333.019
3999,599.9,5408.899
4000,600.0,3043.0
4001,600.1,1662.024
4002,600.2,880.826
4003,600.3,453.133
4004,600.4,226.318
4005,600.5,109.693
4006,600.6,51.606
4007,600.7,23.569
4008,600.8,10.448
4009,600.9,4.498
4010,601.0,1.879
4011,601.1,0.763
4012,601.2,0.3
4013,601.3,0.115
4014,601.4,0.043
4015,601.5,0.016
4016,601.6,0.006
4017,601.7,0.002
4018,601.8,0.001
4019,601.9,0.0
4020,602.0,0.0
4021,602.1,0.0
4022,602.2,0.0
4023,602.3,0.0
4024,602.4,0.0
4025,602.5,0.0
4026,602.6,0.0
4027,602.7,0.0
4028,602.8,0.0
4029,602.9,0.0
4030,603.0,0.0
4031,603.1,0.0
4032,603.2,0.0
4033,603.3,0.0
4034,603.4,0.0
4035,603.5,0.0
4036,603.6,0.0
4037,603.7,0.0
4038,603.8,0.0
4039,603.9,0.0
4040,604.0,0.0
4041,604.1,0.0
4042,604.2,0.0
4043,604.3,0.0
4044,604.4,0.0
4045,604.5,0.0
4046,604.6,0.0
4047,604.7,0.0
4048,604.8,0.0
4049,604.9,0.0
4050,605.0,0.0
4051,605.1,0.0
4052,605.2,0.0
4053,605.3,0.0
4054,605.4,0.0
4055,605.5,0.001
4056,605.6,0.003
4057,605.7,0.007
4058,605.8,0.021
4059,605.9,0.055
4060,606.0,0.144
4061,606.1,0.365
4062,606.2,0.899
4063,606.3,2.153
4064,606.4,5.007
4065,606.5,11.327
4066,606.6,24.874
4067,606.7,53.106
4068,606.8,110.156
4069,606.9,222.131
4070,607.0,435.186
4071,607.1,828.673
4072,607.2,1533.73
4073,607.3,2758.67
4074,607.4,4825.0
4075,607.5,8201.249
4076,607.6,13550.0
4077,607.7,21780.599
4078,607.8,34029.723
4079,607.9,51726.853
4080,608.0,76482.443
4081,608.1,110014.364
4082,608.2,154179.669
4083,608.3,210277.364
4084,608.4,279360.415
4085,608.5,361838.22
4086,608.6,456986.392
4087,608.7,563400.0
4088,608.8,678378.071
4089,608.9,798500.0
4090,609.0,919616.212
4091,609.1,1036691.833
4092,609.2,1146210.967
4093,609.3,1243607.954
4094,609.4,1323684.004
4095,609.5,1384566.306
4096,609.6,1422777.419
4097,609.7,1436020.467
4098,609.8,1424778.315
4099,609.9,1388633.954
4100,610.0,1328000.0
4101,610.1,1246274.265
4102,610.2,1145881.053
4103,610.3,1031738.613
4104,610.4,909176.262
4105,610.5,782832.503
4106,610.6,658438.074
4107,610.7,540543.092
4108,610.8,433080.451
4109,610.9,338698.223
4110,611.0,258893.98
4111,611.1,194100.0
4112,611.2,143781.006
4113,611.3,107000.0
4114,611.4,82229.275
4115,611.5,68140.065
4116,611.6,63273.717
4117,611.7,66394.409
4118,611.8,76349.784
4119,611.9,92094.055
4120,612.0,112519.253
4121,612.1,136353.14
4122,612.2,162122.159
4123,612.3,188333.227
4124,612.4,213000.0
4125,612.5,234374.27
4126,612.6,250800.0
4127,612.7,260915.107
4128,612.8,263912.894
4129,612.9,259418.13
4130,613.0,247910.682
4131,613.1,230255.843
4132,613.2,207905.069
4133,613.3,182461.431
4134,613.4,155660.02
4135,613.5,129088.941
4136,613.6,104031.445
4137,613.7,81500.0
4138,613.8,62062.026
4139,613.9,45930.0
4140,614.0,33049.167
4141,614.1,23116.376
4142,614.2,15711.049
4143,614.3,10382.42
4144,614.4,6667.333
4145,614.5,4162.188
4146,614.6,2526.159
4147,614.7,1489.845
4148,614.8,854.022
4149,614.9,476.02
4150,615.0,257.8
4151,615.1,135.781
4152,615.2,69.478
4153,615.3,34.564
4154,615.4,16.715
4155,615.5,7.855
4156,615.6,3.588
4157,615.7,1.594
4158,615.8,0.688
4159,615.9,0.289
4160,616.0,0.118
4161,616.1,0.047
4162,616.2,0.018
4163,616.3,0.007
4164,616.4,0.002
4165,616.5,0.001
4166,616.6,0.0
4167,616.7,0.0
4168,616.8,0.0
4169,616.9,0.0
4170,617.0,0.0
4171,617.1,0.0
4172,617.2,0.0
4173,617.3,0.0
4174,617.4,0.0
4175,617.5,0.0
4176,617.6,0.0
4177,617.7,0.0
4178,617.8,0.0
4179,617.9,0.0
4180,618.0,0.0
4181,618.1,0.0
4182,618.2,0.0
4183,618.3,0.001
4184,618.4,0.002
4185,618.5,0.005
4186,618.6,0.015
4187,618.7,0.039
4188,618.8,0.101
4189,618.9,0.256
4190,619.0,0.63
4191,619.1,1.507
4192,619.2,3.509
4193,619.3,7.948
4194,619.4,17.516
4195,619.5,37.546
4196,619.6,78.315
4197,619.7,158.846
4198,619.8,313.638
4199,619.9,602.173
4200,620.0,1125.0
4201,620.1,2044.208
4202,620.2,3614.71
4203,620.3,6216.709
4204,620.4,10406.39
4205,620.5,16936.286
4206,620.6,26812.994
4207,620.7,41318.811
4208,620.8,61929.989
4209,620.9,90288.738
4210,621.0,128067.673
4211,621.1,176800.0
4212,621.2,237318.942
4213,621.3,310000.0
4214,621.4,393837.832
4215,621.5,486819.378
4216,621.6,585443.435
4217,621.7,684920.313
4218,621.8,779427.664
4219,621.9,863043.386
4220,622.0,929652.377
4221,622.1,974198.007
4222,622.2,993182.475
4223,622.3,984975.341
4224,622.4,950400.0
4225,622.5,892063.58
4226,622.6,814600.0
4227,622.7,723672.666
4228,622.8,625392.448
4229,622.9,525843.687
4230,623.0,430089.847
4231,623.1,342305.191
4232,623.2,265029.484
4233,623.3,199718.845
4234,623.4,146593.083
4235,623.5,105141.7
4236,623.6,74049.97
4237,623.7,52180.0
4238,623.8,38362.796
4239,623.9,31950.0
4240,624.0,32951.011
4241,624.1,42364.593
4242,624.2,62349.076
4243,624.3,96454.166
4244,624.4,149773.675
4245,624.5,228949.913
4246,624.6,342105.674
4247,624.7,498594.496
4248,624.8,707870.084
4249,624.9,978668.166
4250,625.0,1318000.0
4251,625.1,1728522.129
4252,625.2,2206667.553
4253,625.3,2744407.997
4254,625.4,3323609.199
4255,625.5,3920375.902
4256,625.6,4503915.364
4257,625.7,5039478.703
4258,625.8,5492117.493
4259,625.9,5830911.653
4260,626.0,6029224.353
4261,626.1,6074000.0
4262,626.2,5960966.201
4263,626.3,5698000.0
4264,626.4,5307599.055
4265,626.5,4816339.393
4266,626.6,4257434.546
4267,626.7,3667438.954
4268,626.8,3077502.369
4269,626.9,2516727.673
4270,627.0,2005544.075
4271,627.1,1557406.459
4272,627.2,1178228.686
4273,627.3,868494.723
4274,627.4,623900.0
4275,627.5,436772.58
4276,627.6,298000.0
4277,627.7,198063.355
4278,627.8,128325.262
4279,627.9,80976.539
4280,628.0,49811.283
4281,628.1,29853.199
4282,628.2,17436.524
4283,628.3,9922.271
4284,628.4,5502.342
4285,628.5,2973.441
4286,628.6,1565.057
4287,628.7,802.8
4288,628.8,401.218
4289,628.9,195.3
4290,629.0,92.644
4291,629.1,42.805
4292,629.2,19.265
4293,629.3,8.447
4294,629.4,3.609
4295,629.5,1.501
4296,629.6,0.609
4297,629.7,0.24
4298,629.8,0.092
4299,629.9,0.035
4300,630.0,0.013
4301,630.1,0.004
4302,630.2,0.002
4303,630.3,0.001
4304,630.4,0.0
4305,630.5,0.0
4306,630.6,0.0
4307,630.7,0.0
4308,630.8,0.0
4309,630.9,0.0
4310,631.0,0.0
4311,631.1,0.0
4312,631.2,0.0
4313,631.3,0.0
4314,631.4,0.0
4315,631.5,0.0
4316,631.6,0.0
4317,631.7,0.0
4318,631.8,0.0
4319,631.9,0.0
4320,632.0,0.0
4321,632.1,0.0
4322,632.2,0.0
4323,632.3,0.0
4324,632.4,0.0
4325,632.5,0.0
4326,632.6,0.0
4327,632.7,0.0
4328,632.8,0.0
4329,632.9,0.0
4330,633.0,0.0
4331,633.1,0.0
4332,633.2,0.0
4333,633.3,0.0
4334,633.4,0.0
4335,633.5,0.0
4336,633.6,0.0
4337,633.7,0.0
4338,633.8,0.0
4339,633.9,0.0
4340,634.0,0.0
4341,634.1,0.0
4342,634.2,0.0
4343,634.3,0.0
4344,634.4,0.0
4345,634.5,0.0
4346,634.6,0.0
4347,634.7,0.0
4348,634.8,0.0
4349,634.9,0.0
4350,635.0,0.0
4351,635.1,0.0
4352,635.2,0.0
4353,635.3,0.0
4354,635.4,0.0
4355,635.5,0.0
4356,635.6,0.0
4357,635.7,0.0
4358,635.8,0.0
4359,635.9,0.0
4360,636.0,0.0
4361,636.1,0.0
4362,636.2,0.0
4363,636.3,0.0
4364,636.4,0.0
4365,636.5,0.0
4366,636.6,0.0
4367,636.7,0.0
4368,636.8,0.0
4369,636.9,0.0
4370,637.0,0.0
4371,637.1,0.0
4372,637.2,0.0
4373,637.3,0.0
4374,637.4,0.0
4375,637.5,0.0
4376,637.6,0.0
4377,637.7,0.0
4378,637.8,0.0
4379,637.9,0.0
4380,638.0,0.0
4381,638.1,0.0
4382,638.2,0.0
4383,638.3,0.0
4384,638.4,0.0
4385,638.5,0.0
4386,638.6,0.0
4387,638.7,0.0
4388,638.8,0.0
4389,638.9,0.0
4390,639.0,0.0
4391,639.1,0.0
4392,639.2,0.0
4393,639.3,0.001
4394,639.4,0.001
4395,639.5,0.001
4396,639.6,0.001
4397,639.7,0.001
4398,639.8,0.002
4399,639.9,0.002
4400,640.0,0.002
4401,640.1,0.002
4402,640.2,0.002
4403,640.3,0.002
4404,640.4,0.002
4405,640.5,0.002
4406,640.6,0.002
4407,640.7,0.002
4408,640.8,0.002
4409,640.9,0.001
4410,641.0,0.001
4411,641.1,0.001
4412,641.2,0.001
4413,641.3,0.001
4414,641.4,0.0
4415,641.5,0.0
4416,641.6,0.0
4417,641.7,0.0
4418,641.8,0.0
4419,641.9,0.0
4420,642.0,0.0
4421,642.1,0.0
4422,642.2,0.0
4423,642.3,0.0
4424,642.4,0.0
4425,642.5,0.0
4426,642.6,0.0
4427,642.7,0.0
4428,642.8,0.0
4429,642.9,0.0
4430,643.0,0.0
4431,643.1,0.0
4432,643.2,0.0
4433,643.3,0.0
4434,643.4,0.0
4435,643.5,0.0
4436,643.6,0.0
4437,643.7,0.0
4438,643.8,0.0
4439,643.9,0.0
4440,644.0,0.0
4441,644.1,0.0
4442,644.2,0.0
4443,644.3,0.0
4444,644.4,0.0
4445,644.5,0.0
4446,644.6,0.0
4447,644.7,0.0
4448,644.8,0.0
4449,644.9,0.0
4450,645.0,0.0
4451,645.1,0.0
4452,645.2,0.0
4453,645.3,0.0
4454,645.4,0.0
4455,645.5,0.0
4456,645.6,0.0
4457,645.7,0.0
4458,645.8,0.0
4459,645.9,0.0
4460,646.0,0.0
4461,646.1,0.0
4462,646.2,0.0
4463,646.3,0.0
4464,646.4,0.0
4465,646.5,0.0
4466,646.6,0.0
4467,646.7,0.0
4468,646.8,0.0
4469,646.9,0.0
4470,647.0,0.0
4471,647.1,0.0
4472,647.2,0.0
4473,647.3,0.0
4474,647.4,0.0
4475,647.5,0.0
4476,647.6,0.0
4477,647.7,0.0
4478,647.8,0.0
4479,647.9,0.0
4480,648.0,0.0
4481,648.1,0.0
4482,648.2,0.0
4483,648.3,0.0
4484,648.4,0.0
4485,648.5,0.0
4486,648.6,0.0
4487,648.7,0.0
4488,648.8,0.0
4489,648.9,0.0
4490,649.0,0.0
4491,649.1,0.0
4492,649.2,0.0
4493,649.3,0.0
4494,649.4,0.0
4495,649.5,0.0
4496,649.6,0.0
4497,649.7,0.0
4498,649.8,0.0
4499,649.9,0.001
4500,650.0,0.002
4501,650.1,0.004
4502,650.2,0.01
4503,650.3,0.025
4504,650.4,0.06
4505,650.5,0.138
4506,650.6,0.312
4507,650.7,0.687
4508,650.8,1.478
4509,650.9,3.1
4510,651.0,6.339
4511,651.1,12.65
4512,651.2,24.603
4513,651.3,46.71
4514,651.4,86.43
4515,651.5,156.118
4516,651.6,274.936
4517,651.7,472.24
4518,651.8,791.405
4519,651.9,1292.849
4520,652.0,2061.661
4521,652.1,3204.596
4522,652.2,4859.945
4523,652.3,7188.686
4524,652.4,10370.0
4525,652.5,14595.816
4526,652.6,20030.0
4527,652.7,26821.693
4528,652.8,35030.617
4529,652.9,44623.211
4530,653.0,55466.885
4531,653.1,67257.025
4532,653.2,79593.98
4533,653.3,91938.945
4534,653.4,103675.717
4535,653.5,114294.847
4536,653.6,123286.304
4537,653.7,130200.0
4538,653.8,135128.173
4539,653.9,138200.0
4540,654.0,140085.611
4541,654.1,141702.83
4542,654.2,144378.554
4543,654.3,149384.935
4544,654.4,158251.04
4545,654.5,172496.452
4546,654.6,193183.812
4547,654.7,220954.52
4548,654.8,256012.622
4549,654.9,297594.046
4550,655.0,344400.0
4551,655.1,394311.073
4552,655.2,444575.256
4553,655.3,491965.159
4554,655.4,533502.743
4555,655.5,565914.164
4556,655.6,586844.757
4557,655.7,594510.89
4558,655.8,588223.769
4559,655.9,568215.824
4560,656.0,535915.562
4561,656.1,493300.0
4562,656.2,443296.594
4563,656.3,388900.0
4564,656.4,332946.44
4565,656.5,278221.357
4566,656.6,226894.676
4567,656.7,180603.994
4568,656.8,140321.953
4569,656.9,106399.566
4570,657.0,78721.038
4571,657.1,56859.701
4572,657.2,40077.885
4573,657.3,27563.305
4574,657.4,18510.0
4575,657.5,12124.5
4576,657.6,7753.0
4577,657.7,4837.571
4578,657.8,2946.283
4579,657.9,1750.919
4580,658.0,1015.265
4581,658.1,574.518
4582,658.2,317.342
4583,658.3,170.985
4584,658.4,89.924
4585,658.5,46.16
4586,658.6,23.108
4587,658.7,11.3
4588,658.8,5.385
4589,658.9,2.506
4590,659.0,1.138
4591,659.1,0.504
4592,659.2,0.218
4593,659.3,0.092
4594,659.4,0.038
4595,659.5,0.015
4596,659.6,0.006
4597,659.7,0.002
4598,659.8,0.001
4599,659.9,0.0
4600,660.0,0.0
4601,660.1,0.0
4602,660.2,0.0
4603,660.3,0.0
4604,660.4,0.0
4605,660.5,0.0
4606,660.6,0.0
4607,660.7,0.0
4608,660.8,0.0
4609,660.9,0.0
4610,661.0,0.0
4611,661.1,0.0
4612,661.2,0.0
4613,661.3,0.0
4614,661.4,0.0
4615,661.5,0.0
4616,661.6,0.0
4617,661.7,0.0
4618,661.8,0.0
4619,661.9,0.0
4620,662.0,0.0
4621,662.1,0.0
4622,662.2,0.0
4623,662.3,0.0
4624,662.4,0.0
4625,662.5,0.0
4626,662.6,0.0
4627,662.7,0.0
4628,662.8,0.0
4629,662.9,0.0
4630,663.0,0.0
4631,663.1,0.0
4632,663.2,0.0
4633,663.3,0.0
4634,663.4,0.0
4635,663.5,0.0
4636,663.6,0.0
4637,663.7,0.0
4638,663.8,0.0
4639,663.9,0.0
4640,664.0,0.0
4641,664.1,0.0
4642,664.2,0.001
4643,664.3,0.002
4644,664.4,0.003
4645,664.5,0.006
4646,664.6,0.01
4647,664.7,0.018
4648,664.8,0.031
4649,664.9,0.052
4650,665.0,0.085
4651,665.1,0.135
4652,665.2,0.209
4653,665.3,0.316
4654,665.4,0.467
4655,665.5,0.673
4656,665.6,0.948
4657,665.7,1.304
4658,665.8,1.751
4659,665.9,2.295
4660,666.0,2.937
4661,666.1,3.67
4662,666.2,4.478
4663,666.3,5.334
4664,666.4,6.203
4665,666.5,7.042
4666,666.6,7.807
4667,666.7,8.449
4668,666.8,8.928
4669,666.9,9.21
4670,667.0,9.277
4671,667.1,9.123
4672,667.2,8.758
4673,667.3,8.209
4674,667.4,7.513
4675,667.5,6.713
4676,667.6,5.856
4677,667.7,4.988
4678,667.8,4.148
4679,667.9,3.368
4680,668.0,2.67
4681,668.1,2.066
4682,668.2,1.561
4683,668.3,1.152
4684,668.4,0.83
4685,668.5,0.584
4686,668.6,0.401
4687,668.7,0.269
4688,668.8,0.176
4689,668.9,0.113
4690,669.0,0.07
4691,669.1,0.043
4692,669.2,0.026
4693,669.3,0.015
4694,669.4,0.009
4695,669.5,0.005
4696,669.6,0.003
4697,669.7,0.001
4698,669.8,0.001
4699,669.9,0.0
4700,670.0,0.0
4701,670.1,0.0
4702,670.2,0.0
4703,670.3,0.0
4704,670.4,0.0
4705,670.5,0.001
4706,670.6,0.003
4707,670.7,0.007
4708,670.8,0.017
4709,670.9,0.041
4710,671.0,0.094
4711,671.1,0.21
4712,671.2,0.461
4713,671.3,0.987
4714,671.4,2.064
4715,671.5,4.218
4716,671.6,8.42
4717,671.7,16.41
4718,671.8,31.256
4719,671.9,58.152
4720,672.0,105.687
4721,672.1,187.643
4722,672.2,325.399
4723,672.3,551.209
4724,672.4,912.2
4725,672.5,1474.494
4726,672.6,2328.0
4727,672.7,3590.999
4728,672.8,5411.78
4729,672.9,7964.887
4730,673.0,11451.707
4731,673.1,16089.405
4732,673.2,22066.896
4733,673.3,29573.321
4734,673.4,38719.726
4735,673.5,49521.75
4736,673.6,61859.474
4737,673.7,75490.0
4738,673.8,89995.01
4739,673.9,104800.0
4740,674.0,119230.897
4741,674.1,132469.295
4742,674.2,143778.889
4743,674.3,152442.268
4744,674.4,157914.703
4745,674.5,159765.328
4746,674.6,157937.939
4747,674.7,152446.746
4748,674.8,143800.764
4749,674.9,132512.177
4750,675.0,119200.0
4751,675.1,104801.88
4752,675.2,89993.178
4753,675.3,75497.349
4754,675.4,61857.946
4755,675.5,49520.468
4756,675.6,38723.367
4757,675.7,29573.788
4758,675.8,22063.768
4759,675.9,16086.366
4760,676.0,11457.191
4761,676.1,7965.0
4762,676.2,5411.566
4763,676.3,3591.0
4764,676.4,2328.276
4765,676.5,1474.658
4766,676.6,912.134
4767,676.7,551.24
4768,676.8,325.423
4769,676.9,187.615
4770,677.0,105.734
4771,677.1,58.147
4772,677.2,31.262
4773,677.3,16.415
4774,677.4,8.419
4775,677.5,4.218
4776,677.6,2.064
4777,677.7,0.987
4778,677.8,0.461
4779,677.9,0.21
4780,678.0,0.094
4781,678.1,0.041
4782,678.2,0.017
4783,678.3,0.007
4784,678.4,0.003
4785,678.5,0.001
4786,678.6,0.001
4787,678.7,0.0
4788,678.8,0.0
4789,678.9,0.0
4790,679.0,0.0
4791,679.1,0.0
4792,679.2,0.0
4793,679.3,0.0
4794,679.4,0.001
4795,679.5,0.001
4796,679.6,0.001
4797,679.7,0.001
4798,679.8,0.001
4799,679.9,0.001
4800,680.0,0.001
4801,680.1,0.001
4802,680.2,0.001
4803,680.3,0.001
4804,680.4,0.001
4805,680.5,0.0
4806,680.6,0.0
4807,680.7,0.0
4808,680.8,0.0
4809,680.9,0.0
4810,681.0,0.0
4811,681.1,0.0
4812,681.2,0.0
4813,681.3,0.0
4814,681.4,0.0
4815,681.5,0.0
4816,681.6,0.0
4817,681.7,0.0
4818,681.8,0.0
4819,681.9,0.0
4820,682.0,0.0
4821,682.1,0.0
4822,682.2,0.001
4823,682.3,0.003
4824,682.4,0.008
4825,682.5,0.019
4826,682.6,0.044
4827,682.7,0.102
4828,682.8,0.23
4829,682.9,0.505
4830,683.0,1.085
4831,683.1,2.279
4832,683.2,4.679
4833,683.3,9.395
4834,683.4,18.436
4835,683.5,35.377
4836,683.6,66.342
4837,683.7,121.7
4838,683.8,218.122
4839,683.9,382.3
4840,684.0,655.073
4841,684.1,1097.347
4842,684.2,1796.818
4843,684.3,2876.67
4844,684.4,4502.544
4845,684.5,6890.478
4846,684.6,10306.428
4847,684.7,15071.671
4848,684.8,21555.666
4849,684.9,30123.782
4850,685.0,41160.0
4851,685.1,54985.604
4852,685.2,71818.478
4853,685.3,91710.174
4854,685.4,114479.008
4855,685.5,139701.28
4856,685.6,166675.3
4857,685.7,194333.986
4858,685.8,221617.058
4859,685.9,247016.742
4860,686.0,269186.052
4861,686.1,286800.0
4862,686.2,298745.055
4863,686.3,304200.0
4864,686.4,302806.683
4865,686.5,294674.019
4866,686.6,280380.142
4867,686.7,260796.343
4868,686.8,237217.823
4869,686.9,210874.616
4870,687.0,183224.618
4871,687.1,155705.428
4872,687.2,129349.43
4873,687.3,105051.793
4874,687.4,83380.0
4875,687.5,64722.485
4876,687.6,49110.0
4877,687.7,36428.694
4878,687.8,26416.889
4879,687.9,18730.751
4880,688.0,12983.102
4881,688.1,8797.778
4882,688.2,5828.306
4883,688.3,3774.375
4884,688.4,2389.761
4885,688.5,1478.721
4886,688.6,894.989
4887,688.7,529.6
4888,688.8,306.257
4889,688.9,173.2
4890,689.0,95.703
4891,689.1,51.739
4892,689.2,27.332
4893,689.3,14.12
4894,689.4,7.127
4895,689.5,3.519
4896,689.6,1.698
4897,689.7,0.801
4898,689.8,0.37
4899,689.9,0.167
4900,690.0,0.073
4901,690.1,0.032
4902,690.2,0.013
4903,690.3,0.005
4904,690.4,0.002
4905,690.5,0.001
4906,690.6,0.0
4907,690.7,0.0
4908,690.8,0.0
4909,690.9,0.0
4910,691.0,0.0
4911,691.1,0.0
4912,691.2,0.0
4913,691.3,0.0
4914,691.4,0.0
4915,691.5,0.0
4916,691.6,0.0
4917,691.7,0.0
4918,691.8,0.0
4919,691.9,0.0
4920,692.0,0.0
4921,692.1,0.0
4922,692.2,0.0
4923,692.3,0.0
4924,692.4,0.0
4925,692.5,0.0
4926,692.6,0.0
4927,692.7,0.0
4928,692.8,0.0
4929,692.9,0.0
4930,693.0,0.0
4931,693.1,0.0
4932,693.2,0.0
4933,693.3,0.0
4934,693.4,0.0
4935,693.5,0.0
4936,693.6,0.0
4937,693.7,0.0
4938,693.8,0.001
4939,693.9,0.001
4940,694.0,0.001
4941,694.1,0.001
4942,694.2,0.001
4943,694.3,0.001
4944,694.4,0.002
4945,694.5,0.002
4946,694.6,0.002
4947,694.7,0.002
4948,694.8,0.002
4949,694.9,0.002
4950,695.0,0.002
4951,695.1,0.002
4952,695.2,0.002
4953,695.3,0.002
4954,695.4,0.001
4955,695.5,0.001
4956,695.6,0.001
4957,695.7,0.001
4958,695.8,0.001
4959,695.9,0.001
4960,696.0,0.0
4961,696.1,0.0
4962,696.2,0.0
4963,696.3,0.0
4964,696.4,0.0
4965,696.5,0.0
4966,696.6,0.0
4967,696.7,0.0
4968,696.8,0.0
4969,696.9,0.0
4970,697.0,0.0
4971,697.1,0.0
4972,697.2,0.0
4973,697.3,0.0
4974,697.4,0.0
4975,697.5,0.0
4976,697.6,0.0
4977,697.7,0.0
4978,697.8,0.0
4979,697.9,0.0
4980,698.0,0.0
4981,698.1,0.0
4982,698.2,0.0
4983,698.3,0.0
4984,698.4,0.0
4985,698.5,0.0
4986,698.6,0.0
4987,698.7,0.001
4988,698.8,0.001
4989,698.9,0.002
4990,699.0,0.004
4991,699.1,0.007
4992,699.2,0.012
4993,699.3,0.02
4994,699.4,0.033
4995,699.5,0.054
4996,699.6,0.087
4997,699.7,0.136
4998,699.8,0.209
4999,699.9,0.315
5000,700.0,0.462
5001,700.1,0.665
5002,700.2,0.937
5003,700.3,1.291
5004,700.4,1.739
5005,700.5,2.295
5006,700.6,2.963
5007,700.7,3.743
5008,700.8,4.627
5009,700.9,5.597
5010,701.0,6.627
5011,701.1,7.678
5012,701.2,8.705
5013,701.3,9.658
5014,701.4,10.482
5015,701.5,11.146
5016,701.6,11.579
5017,701.7,11.783
5018,701.8,11.74
5019,701.9,11.439
5020,702.0,10.907
5021,702.1,10.175
5022,702.2,9.289
5023,702.3,8.3
5024,702.4,7.258
5025,702.5,6.211
5026,702.6,5.201
5027,702.7,4.262
5028,702.8,3.418
5029,702.9,2.682
5030,703.0,2.059
5031,703.1,1.547
5032,703.2,1.138
5033,703.3,0.819
5034,703.4,0.577
5035,703.5,0.398
5036,703.6,0.268
5037,703.7,0.177
5038,703.8,0.114
5039,703.9,0.072
5040,704.0,0.045
5041,704.1,0.027
5042,704.2,0.016
5043,704.3,0.01
5044,704.4,0.006
5045,704.5,0.004
5046,704.6,0.004
5047,704.7,0.006
5048,704.8,0.01
5049,704.9,0.016
5050,705.0,0.028
5051,705.1,0.046
5052,705.2,0.076
5053,705.3,0.121
5054,705.4,0.19
5055,705.5,0.291
5056,705.6,0.438
5057,705.7,0.644
5058,705.8,0.926
5059,705.9,1.305
5060,706.0,1.8
5061,706.1,2.43
5062,706.2,3.212
5063,706.3,4.156
5064,706.4,5.264
5065,706.5,6.528
5066,706.6,7.924
5067,706.7,9.416
5068,706.8,10.949
5069,706.9,12.474
5070,707.0,13.906
5071,707.1,15.172
5072,707.2,16.201
5073,707.3,16.951
5074,707.4,17.35
5075,707.5,17.386
5076,707.6,17.06
5077,707.7,16.381
5078,707.8,15.402
5079,707.9,14.177
5080,708.0,12.776
5081,708.1,11.275
5082,708.2,9.754
5083,708.3,8.295
5084,708.4,6.983
5085,708.5,5.933
5086,708.6,5.327
5087,708.7,5.513
5088,708.8,7.166
5089,708.9,11.64
5090,709.0,21.532
5091,709.1,41.876
5092,709.2,81.917
5093,709.3,158.573
5094,709.4,301.429
5095,709.5,562.14
5096,709.6,1026.682
5097,709.7,1836.598
5098,709.8,3217.475
5099,709.9,5519.5
5100,710.0,9272.0
5101,710.1,15253.06
5102,710.2,24569.77
5103,710.3,38744.609
5104,710.4,59842.73
5105,710.5,90499.425
5106,710.6,134000.955
5107,710.7,194431.826
5108,710.8,276099.075
5109,710.9,383795.431
5110,711.0,522637.134
5111,711.1,696900.0
5112,711.2,909884.757
5113,711.3,1163000.0
5114,711.4,1456125.421
5115,711.5,1785355.683
5116,711.6,2143267.286
5117,711.7,2519848.213
5118,711.8,2899673.21
5119,711.9,3269185.75
5120,712.0,3608045.087
5121,712.1,3899981.806
5122,712.2,4126457.92
5123,712.3,4276862.884
5124,712.4,4340000.0
5125,712.5,4313017.245
5126,712.6,4197000.0
5127,712.7,3998522.366
5128,712.8,3731001.663
5129,712.9,3409021.937
5130,713.0,3050236.671
5131,713.1,2671659.749
5132,713.2,2291834.269
5133,713.3,1925358.282
5134,713.4,1583622.339
5135,713.5,1275865.105
5136,713.6,1006180.521
5137,713.7,777300.0
5138,713.8,587925.92
5139,713.9,435400.0
5140,714.0,315756.424
5141,714.1,224185.621
5142,714.2,155961.374
5143,714.3,106167.238
5144,714.4,70794.164
5145,714.5,46226.359
5146,714.6,29549.005
5147,714.7,18501.66
5148,714.8,11340.164
5149,714.9,6809.883
5150,715.0,4003.0
5151,715.1,2304.678
5152,715.2,1298.783
5153,715.3,716.86
5154,715.4,387.434
5155,715.5,205.066
5156,715.6,106.269
5157,715.7,53.932
5158,715.8,26.804
5159,715.9,13.042
5160,716.0,6.214
5161,716.1,2.9
5162,716.2,1.324
5163,716.3,0.593
5164,716.4,0.26
5165,716.5,0.112
5166,716.6,0.048
5167,716.7,0.021
5168,716.8,0.012
5169,716.9,0.014
5170,717.0,0.026
5171,717.1,0.058
5172,717.2,0.131
5173,717.3,0.29
5174,717.4,0.631
5175,717.5,1.343
5176,717.6,2.804
5177,717.7,5.734
5178,717.8,11.487
5179,717.9,22.553
5180,718.0,43.379
5181,718.1,81.72
5182,718.2,150.906
5183,718.3,272.961
5184,718.4,483.684
5185,718.5,839.839
5186,718.6,1428.764
5187,718.7,2381.0
5188,718.8,3888.938
5189,718.9,6223.0
5190,719.0,9755.301
5191,719.1,14989.09
5192,719.2,22569.192
5193,719.3,33287.412
5194,719.4,48118.109
5195,719.5,68163.524
5196,719.6,94622.463
5197,719.7,128715.357
5198,719.8,171617.853
5199,719.9,224293.055
5200,720.0,287300.0
5201,720.1,360664.26
5202,720.2,443877.685
5203,720.3,535590.922
5204,720.4,633653.075
5205,720.5,735101.64
5206,720.6,836324.254
5207,720.7,933317.973
5208,720.8,1021766.488
5209,720.9,1096909.35
5210,721.0,1156184.004
5211,721.1,1196000.0
5212,721.2,1214773.666
5213,721.3,1211000.0
5214,721.4,1185439.182
5215,721.5,1140530.653
5216,721.6,1078234.047
5217,721.7,1001843.496
5218,721.8,915125.274
5219,721.9,822137.537
5220,722.0,726531.927
5221,722.1,631857.501
5222,722.2,541054.837
5223,722.3,456247.504
5224,722.4,379400.0
5225,722.5,311572.304
5226,722.6,253300.0
5227,722.7,205018.175
5228,722.8,166505.47
5229,722.9,137681.725
5230,723.0,118322.29
5231,723.1,108063.894
5232,723.2,106775.581
5233,723.3,114455.777
5234,723.4,130834.07
5235,723.5,156231.932
5236,723.6,190213.403
5237,723.7,232900.0
5238,723.8,283691.12
5239,723.9,342000.0
5240,724.0,406866.163
5241,724.1,476700.274
5242,724.2,549885.866
5243,724.3,624185.639
5244,724.4,697273.646
5245,724.5,766528.061
5246,724.6,829327.333
5247,724.7,883390.641
5248,724.8,926235.891
5249,724.9,956239.964
5250,725.0,972000.0
5251,725.1,972772.905
5252,725.2,958539.462
5253,725.3,929816.047
5254,725.4,887767.232
5255,725.5,834284.202
5256,725.6,771479.103
5257,725.7,701750.42
5258,725.8,627856.298
5259,725.9,552455.49
5260,726.0,477795.153
5261,726.1,406100.0
5262,726.2,339232.139
5263,726.3,278300.0
5264,726.4,224263.548
5265,726.5,177484.689
5266,726.6,137820.393
5267,726.7,105111.182
5268,726.8,78610.835
5269,726.9,57714.803
5270,727.0,41565.755
5271,727.1,29365.036
5272,727.2,20340.536
5273,727.3,13827.066
5274,727.4,9213.0
5275,727.5,6020.065
5276,727.6,3857.0
5277,727.7,2422.412
5278,727.8,1491.156
5279,727.9,900.393
5280,728.0,532.783
5281,728.1,308.986
5282,728.2,175.647
5283,728.3,97.913
5284,728.4,53.454
5285,728.5,28.617
5286,728.6,15.01
5287,728.7,7.719
5288,728.8,3.889
5289,728.9,1.921
5290,729.0,0.929
5291,729.1,0.441
5292,729.2,0.205
5293,729.3,0.093
5294,729.4,0.042
5295,729.5,0.018
5296,729.6,0.008
5297,729.7,0.003
5298,729.8,0.001
5299,729.9,0.001
5300,730.0,0.0
5301,730.1,0.0
5302,730.2,0.001
5303,730.3,0.002
5304,730.4,0.005
5305,730.5,0.011
5306,730.6,0.026
5307,730.7,0.057
5308,730.8,0.124
5309,730.9,0.263
5310,731.0,0.547
5311,731.1,1.119
5312,731.2,2.242
5313,731.3,4.406
5314,731.4,8.486
5315,731.5,16.026
5316,731.6,29.682
5317,731.7,53.881
5318,731.8,95.901
5319,731.9,167.406
5320,732.0,286.436
5321,732.1,480.453
5322,732.2,790.34
5323,732.3,1274.707
5324,732.4,2016.0
5325,732.5,3124.916
5326,732.6,4750.0
5327,732.7,7079.535
5328,732.8,10351.303
5329,732.9,14827.413
5330,733.0,20833.069
5331,733.1,28699.364
5332,733.2,38772.305
5333,733.3,51372.587
5334,733.4,66755.466
5335,733.5,85075.3
5336,733.6,106360.966
5337,733.7,130400.0
5338,733.8,156959.014
5339,733.9,185400.0
5340,734.0,214933.015
5341,734.1,244828.777
5342,734.2,274020.595
5343,734.3,301476.729
5344,734.4,326462.146
5345,734.5,348267.139
5346,734.6,366452.59
5347,734.7,380967.392
5348,734.8,391844.427
5349,734.9,399664.22
5350,735.0,405200.0
5351,735.1,409103.748
5352,735.2,412385.125
5353,735.3,415741.04
5354,735.4,419654.262
5355,735.5,424543.363
5356,735.6,430279.862
5357,735.7,436480.077
5358,735.8,442746.396
5359,735.9,448077.01
5360,736.0,451896.069
5361,736.1,453200.0
5362,736.2,451568.225
5363,736.3,446300.0
5364,736.4,437639.801
5365,736.5,425568.047
5366,736.6,410902.77
5367,736.7,394495.674
5368,736.8,377533.52
5369,736.9,361473.666
5370,737.0,347772.946
5371,737.1,337677.553
5372,737.2,332425.62
5373,737.3,332884.314
5374,737.4,339500.0
5375,737.5,352106.172
5376,737.6,370100.0
5377,737.7,392479.842
5378,737.8,417615.074
5379,737.9,443452.505
5380,738.0,468098.779
5381,738.1,489275.92
5382,738.2,505135.579
5383,738.3,513930.915
5384,738.4,514684.07
5385,738.5,506702.753
5386,738.6,490013.244
5387,738.7,465300.0
5388,738.8,433668.249
5389,738.9,396600.0
5390,739.0,355871.521
5391,739.1,313197.119
5392,739.2,270416.671
5393,739.3,229096.677
5394,739.4,190317.798
5395,739.5,155295.835
5396,739.6,124634.273
5397,739.7,98546.417
5398,739.8,77313.047
5399,739.9,60888.018
5400,740.0,49280.0
5401,740.1,42518.457
5402,740.2,40808.94
5403,740.3,44593.675
5404,740.4,54641.02
5405,740.5,72069.74
5406,740.6,98416.42
5407,740.7,135336.283
5408,740.8,185190.867
5409,740.9,250013.904
5410,741.0,332027.557
5411,741.1,433100.0
5412,741.2,554444.106
5413,741.3,696400.0
5414,741.4,858046.701
5415,741.5,1037294.859
5416,741.6,1229322.47
5417,741.7,1429795.758
5418,741.8,1630821.028
5419,741.9,1824733.922
5420,742.0,2002785.616
5421,742.1,2156711.251
5422,742.2,2278505.128
5423,742.3,2360622.035
5424,742.4,2401000.0
5425,742.5,2395379.659
5426,742.6,2347000.0
5427,742.7,2257064.698
5428,742.8,2132156.62
5429,742.9,1979731.424
5430,743.0,1808809.94
5431,743.1,1627466.783
5432,743.2,1444351.882
5433,743.3,1266770.142
5434,743.4,1101317.413
5435,743.5,952655.318
5436,743.6,822280.787
5437,743.7,711500.0
5438,743.8,619631.621
5439,743.9,544900.0
5440,744.0,484827.545
5441,744.1,436326.119
5442,744.2,396494.46
5443,744.3,362734.216
5444,744.4,332696.185
5445,744.5,304604.006
5446,744.6,277291.805
5447,744.7,250304.279
5448,744.8,223305.982
5449,744.9,196533.665
5450,745.0,170400.0
5451,745.1,145315.592
5452,745.2,121839.688
5453,745.3,100382.642
5454,745.4,81184.72
5455,745.5,64454.826
5456,745.6,50221.551
5457,745.7,38411.911
5458,745.8,28821.128
5459,745.9,21211.057
5460,746.0,15318.64
5461,746.1,10850.0
5462,746.2,7543.59
5463,746.3,5143.0
5464,746.4,3439.919
5465,746.5,2257.379
5466,746.6,1452.525
5467,746.7,917.09
5468,746.8,567.989
5469,746.9,345.137
5470,747.0,205.675
5471,747.1,120.264
5472,747.2,68.96
5473,747.3,38.811
5474,747.4,21.43
5475,747.5,11.623
5476,747.6,6.2
5477,747.7,3.263
5478,747.8,1.709
5479,747.9,0.906
5480,748.0,0.504
5481,748.1,0.31
5482,748.2,0.224
5483,748.3,0.191
5484,748.4,0.185
5485,748.5,0.191
5486,748.6,0.203
5487,748.7,0.217
5488,748.8,0.233
5489,748.9,0.249
5490,749.0,0.266
5491,749.1,0.284
5492,749.2,0.302
5493,749.3,0.323
5494,749.4,0.345
5495,749.5,0.369
5496,749.6,0.396
5497,749.7,0.426
5498,749.8,0.459
5499,749.9,0.495
5500,750.0,0.533
5501,750.1,0.573
5502,750.2,0.613
5503,750.3,0.652
5504,750.4,0.69
5505,750.5,0.722
5506,750.6,0.749
5507,750.7,0.769
5508,750.8,0.779
5509,750.9,0.78
5510,751.0,0.771
5511,751.1,0.751
5512,751.2,0.722
5513,751.3,0.685
5514,751.4,0.64
5515,751.5,0.591
5516,751.6,0.538
5517,751.7,0.483
5518,751.8,0.429
5519,751.9,0.376
5520,752.0,0.326
5521,752.1,0.28
5522,752.2,0.238
5523,752.3,0.2
5524,752.4,0.168
5525,752.5,0.141
5526,752.6,0.118
5527,752.7,0.101
5528,752.8,0.089
5529,752.9,0.082
5530,753.0,0.081
5531,753.1,0.085
5532,753.2,0.094
5533,753.3,0.109
5534,753.4,0.129
5535,753.5,0.155
5536,753.6,0.185
5537,753.7,0.22
5538,753.8,0.257
5539,753.9,0.297
5540,754.0,0.337
5541,754.1,0.376
5542,754.2,0.411
5543,754.3,0.442
5544,754.4,0.467
5545,754.5,0.483
5546,754.6,0.492
5547,754.7,0.491
5548,754.8,0.481
5549,754.9,0.462
5550,755.0,0.436
5551,755.1,0.404
5552,755.2,0.367
5553,755.3,0.327
5554,755.4,0.287
5555,755.5,0.246
5556,755.6,0.208
5557,755.7,0.172
5558,755.8,0.14
5559,755.9,0.111
5560,756.0,0.087
5561,756.1,0.067
5562,756.2,0.05
5563,756.3,0.037
5564,756.4,0.027
5565,756.5,0.019
5566,756.6,0.014
5567,756.7,0.009
5568,756.8,0.006
5569,756.9,0.004
5570,757.0,0.003
5571,757.1,0.002
5572,757.2,0.001
5573,757.3,0.001
5574,757.4,0.0
5575,757.5,0.0
5576,757.6,0.0
5577,757.7,0.0
5578,757.8,0.0
5579,757.9,0.0
5580,758.0,0.0
5581,758.1,0.0
5582,758.2,0.0
5583,758.3,0.0
5584,758.4,0.0
5585,758.5,0.0
5586,758.6,0.0
5587,758.7,0.0
5588,758.8,0.0
5589,758.9,0.0
5590,759.0,0.0
5591,759.1,0.0
5592,759.2,0.0
5593,759.3,0.0
5594,759.4,0.0
5595,759.5,0.0
5596,759.6,0.0
5597,759.7,0.0
5598,759.8,0.0
5599,759.9,0.0
5600,760.0,0.0
5601,760.1,0.0
5602,760.2,0.0
5603,760.3,0.0
5604,760.4,0.0
5605,760.5,0.0
5606,760.6,0.0
5607,760.7,0.0
5608,760.8,0.0
5609,760.9,0.0
5610,761.0,0.0
5611,761.1,0.0
5612,761.2,0.0
5613,761.3,0.0
5614,761.4,0.0
5615,761.5,0.0
5616,761.6,0.0
5617,761.7,0.0
5618,761.8,0.0
5619,761.9,0.0
5620,762.0,0.0
5621,762.1,0.0
5622,762.2,0.0
5623,762.3,0.0
5624,762.4,0.0
5625,762.5,0.0
5626,762.6,0.0
5627,762.7,0.0
5628,762.8,0.0
5629,762.9,0.0
5630,763.0,0.0
5631,763.1,0.0
5632,763.2,0.0
5633,763.3,0.0
5634,763.4,0.0
5635,763.5,0.0
5636,763.6,0.0
5637,763.7,0.0
5638,763.8,0.0
5639,763.9,0.0
5640,764.0,0.0
5641,764.1,0.0
5642,764.2,0.0
5643,764.3,0.0
5644,764.4,0.0
5645,764.5,0.0
5646,764.6,0.0
5647,764.7,0.0
5648,764.8,0.0
5649,764.9,0.0
5650,765.0,0.0
5651,765.1,0.0
5652,765.2,0.0
5653,765.3,0.0
5654,765.4,0.0
5655,765.5,0.0
5656,765.6,0.0
5657,765.7,0.0
5658,765.8,0.0
5659,765.9,0.0
5660,766.0,0.0
5661,766.1,0.0
5662,766.2,0.0
5663,766.3,0.0
5664,766.4,0.0
5665,766.5,0.0
5666,766.6,0.0
5667,766.7,0.0
5668,766.8,0.0
5669,766.9,0.0
5670,767.0,0.0
5671,767.1,0.0
5672,767.2,0.0
5673,767.3,0.0
5674,767.4,0.0
5675,767.5,0.0
5676,767.6,0.0
5677,767.7,0.0
5678,767.8,0.0
5679,767.9,0.0
5680,768.0,0.0
5681,768.1,0.001
5682,768.2,0.003
5683,768.3,0.006
5684,768.4,0.014
5685,768.5,0.032
5686,768.6,0.072
5687,768.7,0.155
5688,768.8,0.33
5689,768.9,0.689
5690,769.0,1.413
5691,769.1,2.849
5692,769.2,5.642
5693,769.3,10.974
5694,769.4,20.971
5695,769.5,39.363
5696,769.6,72.583
5697,769.7,131.489
5698,769.8,233.914
5699,769.9,408.762
5700,770.0,701.8
5701,770.1,1184.014
5702,770.2,1960.589
5703,770.3,3190.718
5704,770.4,5101.209
5705,770.5,8010.837
5706,770.6,12358.94
5707,770.7,18728.862
5708,770.8,27876.195
5709,770.9,40756.892
5710,771.0,58537.243
5711,771.1,82600.0
5712,771.2,114470.804
5713,771.3,155900.0
5714,771.4,208447.333
5715,771.5,273893.883
5716,771.6,353496.816
5717,771.7,448098.045
5718,771.8,558009.976
5719,771.9,682641.261
5720,772.0,820386.313
5721,772.1,968423.616
5722,772.2,1122673.634
5723,772.3,1278971.972
5724,772.4,1431000.0
5725,772.5,1573216.927
5726,772.6,1699000.0
5727,772.7,1801116.243
5728,772.8,1877082.917
5729,772.9,1921000.528
5730,773.0,1930808.967
5731,773.1,1907581.673
5732,773.2,1850243.498
5733,773.3,1763154.02
5734,773.4,1651229.359
5735,773.5,1517957.651
5736,773.6,1370801.055
5737,773.7,1217000.0
5738,773.8,1060366.196
5739,773.9,908100.0
5740,774.0,763878.226
5741,774.1,631136.875
5742,774.2,512203.432
5743,774.3,408419.387
5744,774.4,319897.026
5745,774.5,246079.249
5746,774.6,185971.264
5747,774.7,138063.671
5748,774.8,100690.21
5749,774.9,72125.52
5750,775.0,50750.0
5751,775.1,35088.02
5752,775.2,23827.044
5753,775.3,15893.673
5754,775.4,10413.021
5755,775.5,6702.105
5756,775.6,4237.413
5757,775.7,2631.658
5758,775.8,1605.97
5759,775.9,962.572
5760,776.0,566.505
5761,776.1,327.7
5762,776.2,186.161
5763,776.3,103.9
5764,776.4,56.942
5765,776.5,30.668
5766,776.6,16.22
5767,776.7,8.428
5768,776.8,4.302
5769,776.9,2.157
5770,777.0,1.062
5771,777.1,0.514
5772,777.2,0.244
5773,777.3,0.114
5774,777.4,0.052
5775,777.5,0.024
5776,777.6,0.01
5777,777.7,0.005
5778,777.8,0.002
5779,777.9,0.001
5780,778.0,0.0
5781,778.1,0.0
5782,778.2,0.0
5783,778.3,0.0
5784,778.4,0.0
5785,778.5,0.0
5786,778.6,0.0
5787,778.7,0.0
5788,778.8,0.0
5789,778.9,0.0
5790,779.0,0.0
5791,779.1,0.0
5792,779.2,0.0
5793,779.3,0.0
5794,779.4,0.0
5795,779.5,0.0
5796,779.6,0.0
5797,779.7,0.0
5798,779.8,0.0
5799,779.9,0.0
5800,780.0,0.0
5801,780.1,0.0
5802,780.2,0.0
5803,780.3,0.0
5804,780.4,0.0
5805,780.5,0.0
5806,780.6,0.0
5807,780.7,0.0
5808,780.8,0.0
5809,780.9,0.0
5810,781.0,0.0
5811,781.1,0.0
5812,781.2,0.0
5813,781.3,0.0
5814,781.4,0.0
5815,781.5,0.0
5816,781.6,0.0
5817,781.7,0.0
5818,781.8,0.0
5819,781.9,0.0
5820,782.0,0.0
5821,782.1,0.0
5822,782.2,0.0
5823,782.3,0.0
5824,782.4,0.0
5825,782.5,0.0
5826,782.6,0.0
5827,782.7,0.0
5828,782.8,0.0
5829,782.9,0.0
5830,783.0,0.0
5831,783.1,0.0
5832,783.2,0.0
5833,783.3,0.0
5834,783.4,0.0
5835,783.5,0.0
5836,783.6,0.0
5837,783.7,0.0
5838,783.8,0.0
5839,783.9,0.0
5840,784.0,0.0
5841,784.1,0.0
5842,784.2,0.0
5843,784.3,0.0
5844,784.4,0.0
5845,784.5,0.0
5846,784.6,0.0
5847,784.7,0.0
5848,784.8,0.0
5849,784.9,0.0
5850,785.0,0.0
5851,785.1,0.0
5852,785.2,0.0
5853,785.3,0.0
5854,785.4,0.0
5855,785.5,0.0
5856,785.6,0.0
5857,785.7,0.0
5858,785.8,0.0
5859,785.9,0.0
5860,786.0,0.0
5861,786.1,0.0
5862,786.2,0.0
5863,786.3,0.0
5864,786.4,0.0
5865,786.5,0.0
5866,786.6,0.0
5867,786.7,0.0
5868,786.8,0.0
5869,786.9,0.0
5870,787.0,0.001
5871,787.1,0.001
5872,787.2,0.001
5873,787.3,0.002
5874,787.4,0.003
5875,787.5,0.004
5876,787.6,0.005
5877,787.7,0.006
5878,787.8,0.008
5879,787.9,0.01
5880,788.0,0.013
5881,788.1,0.016
5882,788.2,0.019
5883,788.3,0.022
5884,788.4,0.026
5885,788.5,0.029
5886,788.6,0.033
5887,788.7,0.036
5888,788.8,0.039
5889,788.9,0.042
5890,789.0,0.043
5891,789.1,0.045
5892,789.2,0.045
5893,789.3,0.045
5894,789.4,0.044
5895,789.5,0.042
5896,789.6,0.04
5897,789.7,0.037
5898,789.8,0.033
5899,789.9,0.03
5900,790.0,0.026
5901,790.1,0.023
5902,790.2,0.019
5903,790.3,0.016
5904,790.4,0.013
5905,790.5,0.011
5906,790.6,0.009
5907,790.7,0.007
5908,790.8,0.005
5909,790.9,0.004
5910,791.0,0.003
5911,791.1,0.002
5912,791.2,0.002
5913,791.3,0.001
5914,791.4,0.001
5915,791.5,0.001
5916,791.6,0.0
5917,791.7,0.0
5918,791.8,0.0
5919,791.9,0.0
5920,792.0,0.0
5921,792.1,0.0
5922,792.2,0.0
5923,792.3,0.0
5924,792.4,0.0
5925,792.5,0.0
5926,792.6,0.0
5927,792.7,0.0
5928,792.8,0.0
5929,792.9,0.0
5930,793.0,0.0
5931,793.1,0.0
5932,793.2,0.0
5933,793.3,0.0
5934,793.4,0.0
5935,793.5,0.0
5936,793.6,0.0
5937,793.7,0.0
5938,793.8,0.0
5939,793.9,0.0
5940,794.0,0.0
5941,794.1,0.0
5942,794.2,0.0
5943,794.3,0.0
5944,794.4,0.0
5945,794.5,0.0
5946,794.6,0.0
5947,794.7,0.0
5948,794.8,0.0
5949,794.9,0.0
5950,795.0,0.0
5951,795.1,0.0
5952,795.2,0.0
5953,795.3,0.0
5954,795.4,0.0
5955,795.5,0.0
5956,795.6,0.0
5957,795.7,0.0
5958,795.8,0.0
5959,795.9,0.0
5960,796.0,0.0
5961,796.1,0.0
5962,796.2,0.0
5963,796.3,0.0
5964,796.4,0.0
5965,796.5,0.0
5966,796.6,0.0
5967,796.7,0.0
5968,796.8,0.0
5969,796.9,0.0
5970,797.0,0.0
5971,797.1,0.0
5972,797.2,0.0
5973,797.3,0.0
5974,797.4,0.0
5975,797.5,0.0
5976,797.6,0.0
5977,797.7,0.0
5978,797.8,0.0
5979,797.9,0.0
5980,798.0,0.0
5981,798.1,0.0
5982,798.2,0.0
5983,798.3,0.0
5984,798.4,0.0
5985,798.5,0.0
5986,798.6,0.0
5987,798.7,0.0
5988,798.8,0.0
5989,798.9,0.0
5990,799.0,0.0
5991,799.1,0.0
5992,799.2,0.0
5993,799.3,0.0
5994,799.4,0.0
5995,799.5,0.0
5996,799.6,0.0
5997,799.7,0.0
5998,799.8,0.0
5999,799.9,0.0
6000,800.0,0.0
6001,800.1,0.0
6002,800.2,0.0
6003,800.3,0.0
6004,800.4,0.0
6005,800.5,0.0
6006,800.6,0.0
6007,800.7,0.0
6008,800.8,0.0
6009,800.9,0.0
6010,801.0,0.0
6011,801.1,0.0
6012,801.2,0.0
6013,801.3,0.0
6014,801.4,0.0
6015,801.5,0.0
6016,801.6,0.0
6017,801.7,0.0
6018,801.8,0.0
6019,801.9,0.0
6020,802.0,0.0
6021,802.1,0.0
6022,802.2,0.0
6023,802.3,0.0
6024,802.4,0.0
6025,802.5,0.0
6026,802.6,0.0
6027,802.7,0.0
6028,802.8,0.0
6029,802.9,0.0
6030,803.0,0.0
6031,803.1,0.0
6032,803.2,0.0
6033,803.3,0.0
6034,803.4,0.0
6035,803.5,0.0
6036,803.6,0.0
6037,803.7,0.0
6038,803.8,0.0
6039,803.9,0.0
6040,804.0,0.0
6041,804.1,0.0
6042,804.2,0.0
6043,804.3,0.0
6044,804.4,0.0
6045,804.5,0.0
6046,804.6,0.0
6047,804.7,0.0
6048,804.8,0.0
6049,804.9,0.0
6050,805.0,0.0
6051,805.1,0.0
6052,805.2,0.0
6053,805.3,0.0
6054,805.4,0.0
6055,805.5,0.0
6056,805.6,0.0
6057,805.7,0.0
6058,805.8,0.0
6059,805.9,0.0
6060,806.0,0.0
6061,806.1,0.0
6062,806.2,0.0
6063,806.3,0.0
6064,806.4,0.0
6065,806.5,0.0
6066,806.6,0.0
6067,806.7,0.0
6068,806.8,0.0
6069,806.9,0.0
6070,807.0,0.0
6071,807.1,0.0
6072,807.2,0.0
6073,807.3,0.0
6074,807.4,0.0
6075,807.5,0.0
6076,807.6,0.0
6077,807.7,0.0
6078,807.8,0.0
6079,807.9,0.0
6080,808.0,0.0
6081,808.1,0.0
6082,808.2,0.0
6083,808.3,0.0
6084,808.4,0.0
6085,808.5,0.0
6086,808.6,0.0
6087,808.7,0.0
6088,808.8,0.0
6089,808.9,0.0
6090,809.0,0.0
6091,809.1,0.0
6092,809.2,0.0
6093,809.3,0.0
6094,809.4,0.0
6095,809.5,0.0
6096,809.6,0.0
6097,809.7,0.0
6098,809.8,0.0
6099,809.9,0.0
6100,810.0,0.0
6101,810.1,0.0
6102,810.2,0.0
6103,810.3,0.0
6104,810.4,0.0
6105,810.5,0.0
6106,810.6,0.0
6107,810.7,0.0
6108,810.8,0.0
6109,810.9,0.0
6110,811.0,0.0
6111,811.1,0.0
6112,811.2,0.0
6113,811.3,0.0
6114,811.4,0.0
6115,811.5,0.0
6116,811.6,0.0
6117,811.7,0.0
6118,811.8,0.0
6119,811.9,0.0
6120,812.0,0.0
6121,812.1,0.0
6122,812.2,0.0
6123,812.3,0.0
6124,812.4,0.0
6125,812.5,0.0
6126,812.6,0.0
6127,812.7,0.0
6128,812.8,0.0
6129,812.9,0.0
6130,813.0,0.0
6131,813.1,0.0
6132,813.2,0.0
6133,813.3,0.0
6134,813.4,0.0
6135,813.5,0.0
6136,813.6,0.0
6137,813.7,0.0
6138,813.8,0.0
6139,813.9,0.0
6140,814.0,0.0
6141,814.1,0.0
6142,814.2,0.0
6143,814.3,0.0
6144,814.4,0.0
6145,814.5,0.0
6146,814.6,0.0
6147,814.7,0.0
6148,814.8,0.0
6149,814.9,0.0
6150,815.0,0.0
6151,815.1,0.0
6152,815.2,0.0
6153,815.3,0.0
6154,815.4,0.0
6155,815.5,0.0
6156,815.6,0.0
6157,815.7,0.0
6158,815.8,0.0
6159,815.9,0.0
6160,816.0,0.0
6161,816.1,0.0
6162,816.2,0.0
6163,816.3,0.0
6164,816.4,0.0
6165,816.5,0.0
6166,816.6,0.0
6167,816.7,0.0
6168,816.8,0.0
6169,816.9,0.0
6170,817.0,0.0
6171,817.1,0.0
6172,817.2,0.0
6173,817.3,0.0
6174,817.4,0.0
6175,817.5,0.0
6176,817.6,0.0
6177,817.7,0.0
6178,817.8,0.0
6179,817.9,0.0
6180,818.0,0.0
6181,818.1,0.0
6182,818.2,0.0
6183,818.3,0.0
6184,818.4,0.0
6185,818.5,0.0
6186,818.6,0.0
6187,818.7,0.0
6188,818.8,0.0
6189,818.9,0.0
6190,819.0,0.0
6191,819.1,0.0
6192,819.2,0.0
6193,819.3,0.0
6194,819.4,0.0
6195,819.5,0.0
6196,819.6,0.0
6197,819.7,0.0
6198,819.8,0.0
6199,819.9,0.0
6200,820.0,0.0
6201,820.1,0.0
6202,820.2,0.0
6203,820.3,0.0
6204,820.4,0.0
6205,820.5,0.0
6206,820.6,0.0
6207,820.7,0.0
6208,820.8,0.0
6209,820.9,0.0
6210,821.0,0.0
6211,821.1,0.0
6212,821.2,0.0
6213,821.3,0.0
6214,821.4,0.0
6215,821.5,0.0
6216,821.6,0.0
6217,821.7,0.0
6218,821.8,0.0
6219,821.9,0.0
6220,822.0,0.0
6221,822.1,0.0
6222,822.2,0.0
6223,822.3,0.0
6224,822.4,0.0
6225,822.5,0.0
6226,822.6,0.0
6227,822.7,0.0
6228,822.8,0.0
6229,822.9,0.0
6230,823.0,0.0
6231,823.1,0.0
6232,823.2,0.0
6233,823.3,0.0
6234,823.4,0.0
6235,823.5,0.0
6236,823.6,0.0
6237,823.7,0.0
6238,823.8,0.0
6239,823.9,0.0
6240,824.0,0.0
6241,824.1,0.0
6242,824.2,0.0
6243,824.3,0.0
6244,824.4,0.0
6245,824.5,0.0
6246,824.6,0.0
6247,824.7,0.0
6248,824.8,0.0
6249,824.9,0.0
6250,825.0,0.0
6251,825.1,0.0
6252,825.2,0.0
6253,825.3,0.0
6254,825.4,0.0
6255,825.5,0.0
6256,825.6,0.0
6257,825.7,0.0
6258,825.8,0.0
6259,825.9,0.0
6260,826.0,0.0
6261,826.1,0.0
6262,826.2,0.0
6263,826.3,0.0
6264,826.4,0.0
6265,826.5,0.0
6266,826.6,0.0
6267,826.7,0.0
6268,826.8,0.0
6269,826.9,0.0
6270,827.0,0.0
6271,827.1,0.0
6272,827.2,0.0
6273,827.3,0.0
6274,827.4,0.0
6275,827.5,0.0
6276,827.6,0.0
6277,827.7,0.0
6278,827.8,0.0
6279,827.9,0.0
6280,828.0,0.0
6281,828.1,0.0
6282,828.2,0.0
6283,828.3,0.0
6284,828.4,0.0
6285,828.5,0.0
6286,828.6,0.0
6287,828.7,0.0
6288,828.8,0.0
6289,828.9,0.0
6290,829.0,0.0
6291,829.1,0.0
6292,829.2,0.0
6293,829.3,0.0
6294,829.4,0.0
6295,829.5,0.0
6296,829.6,0.0
6297,829.7,0.0
6298,829.8,0.0
6299,829.9,0.0
6300,830.0,0.0
6301,830.1,0.0
6302,830.2,0.0
6303,830.3,0.0
6304,830.4,0.0
6305,830.5,0.0
6306,830.6,0.0
6307,830.7,0.0
6308,830.8,0.0
6309,830.9,0.0
6310,831.0,0.0
6311,831.1,0.0
6312,831.2,0.0
6313,831.3,0.0
6314,831.4,0.001
6315,831.5,0.001
6316,831.6,0.002
6317,831.7,0.003
6318,831.8,0.004
6319,831.9,0.007
6320,832.0,0.011
6321,832.1,0.019
6322,832.2,0.034
6323,832.3,0.06
6324,832.4,0.108
6325,832.5,0.194
6326,832.6,0.349
6327,832.7,0.626
6328,832.8,1.114
6329,832.9,1.963
6330,833.0,3.419
6331,833.1,5.884
6332,833.2,9.983
6333,833.3,16.719
6334,833.4,27.577
6335,833.5,44.849
6336,833.6,71.847
6337,833.7,113.4
6338,833.8,176.337
6339,833.9,270.0
6340,834.0,407.41
6341,834.1,605.364
6342,834.2,886.136
6343,834.3,1277.419
6344,834.4,1814.795
6345,834.5,2538.479
6346,834.6,3498.101
6347,834.7,4749.015
6348,834.8,6351.928
6349,834.9,8370.597
6350,835.0,10870.0
6351,835.1,13911.812
6352,835.2,17542.324
6353,835.3,21804.071
6354,835.4,26730.48
6355,835.5,32307.28
6356,835.6,38530.62
6357,835.7,45361.241
6358,835.8,52720.893
6359,835.9,60540.611
6360,836.0,68738.257
6361,836.1,77240.0
6362,836.2,85954.026
6363,836.3,94860.0
6364,836.4,103936.123
6365,836.5,113158.665
6366,836.6,122722.993
6367,836.7,132586.545
6368,836.8,142904.538
6369,836.9,153911.718
6370,837.0,165611.688
6371,837.1,178112.579
6372,837.2,191467.681
6373,837.3,205534.147
6374,837.4,220200.0
6375,837.5,235199.713
6376,837.6,250200.0
6377,837.7,264614.548
6378,837.8,278032.975
6379,837.9,289795.763
6380,838.0,299378.094
6381,838.1,306339.525
6382,838.2,310052.918
6383,838.3,310368.858
6384,838.4,307008.973
6385,838.5,300033.481
6386,838.6,289547.152
6387,838.7,275900.0
6388,838.8,259554.064
6389,838.9,241100.0
6390,839.0,221102.966
6391,839.1,200483.487
6392,839.2,179677.478
6393,839.3,159505.018
6394,839.4,140647.988
6395,839.5,123467.256
6396,839.6,108624.666
6397,839.7,96297.346
6398,839.8,86849.44
6399,839.9,80412.918
6400,840.0,77040.0
6401,840.1,76705.001
6402,840.2,79294.796
6403,840.3,84664.962
6404,840.4,92561.367
6405,840.5,102687.922
6406,840.6,114777.384
6407,840.7,128445.967
6408,840.8,143464.021
6409,840.9,159421.37
6410,841.0,176075.848
6411,841.1,193200.0
6412,841.2,210919.227
6413,841.3,229100.0
6414,841.4,247957.782
6415,841.5,267934.722
6416,841.6,289350.131
6417,841.7,312816.699
6418,841.8,339092.814
6419,841.9,368691.462
6420,842.0,402482.321
6421,842.1,440917.465
6422,842.2,484510.603
6423,842.3,533492.577
6424,842.4,587800.0
6425,842.5,647105.033
6426,842.6,710700.0
6427,842.7,777458.615
6428,842.8,845917.382
6429,842.9,914403.389
6430,843.0,980763.04
6431,843.1,1043047.282
6432,843.2,1098908.453
6433,843.3,1145151.255
6434,843.4,1181244.261
6435,843.5,1203645.584
6436,843.6,1213000.791
6437,843.7,1208000.0
6438,843.8,1187315.979
6439,843.9,1152000.0
6440,844.0,1104061.709
6441,844.1,1043589.99
6442,844.2,973231.893
6443,844.3,895443.203
6444,844.4,812535.444
6445,844.5,727156.145
6446,844.6,641713.975
6447,844.7,558324.091
6448,844.8,478887.325
6449,844.9,404886.116
6450,845.0,337500.0
6451,845.1,277194.121
6452,845.2,224469.507
6453,845.3,179080.961
6454,845.4,140859.101
6455,845.5,109152.275
6456,845.6,83344.629
6457,845.7,62710.965
6458,845.8,46497.761
6459,845.9,33973.133
6460,846.0,24457.487
6461,846.1,17350.0
6462,846.2,12127.479
6463,846.3,8347.0
6464,846.4,5662.131
6465,846.5,3784.373
6466,846.6,2492.572
6467,846.7,1616.696
6468,846.8,1033.837
6469,846.9,650.81
6470,847.0,403.866
6471,847.1,246.828
6472,847.2,148.664
6473,847.3,88.206
6474,847.4,51.55
6475,847.5,29.686
6476,847.6,16.84
6477,847.7,9.416
6478,847.8,5.183
6479,847.9,2.812
6480,848.0,1.503
6481,848.1,0.792
6482,848.2,0.411
6483,848.3,0.211
6484,848.4,0.107
6485,848.5,0.054
6486,848.6,0.028
6487,848.7,0.016
6488,848.8,0.01
6489,848.9,0.008
6490,849.0,0.007
6491,849.1,0.008
6492,849.2,0.008
6493,849.3,0.009
6494,849.4,0.011
6495,849.5,0.012
6496,849.6,0.013
6497,849.7,0.014
6498,849.8,0.015
6499,849.9,0.016
6500,850.0,0.017
6501,850.1,0.017
6502,850.2,0.017
6503,850.3,0.017
6504,850.4,0.017
6505,850.5,0.016
6506,850.6,0.015
6507,850.7,0.014
6508,850.8,0.013
6509,850.9,0.012
6510,851.0,0.011
6511,851.1,0.009
6512,851.2,0.008
6513,851.3,0.007
6514,851.4,0.006
6515,851.5,0.005
6516,851.6,0.004
6517,851.7,0.003
6518,851.8,0.003
6519,851.9,0.002
6520,852.0,0.002
6521,852.1,0.001
6522,852.2,0.001
6523,852.3,0.001
6524,852.4,0.0
6525,852.5,0.0
6526,852.6,0.0
6527,852.7,0.0
6528,852.8,0.0
6529,852.9,0.0
6530,853.0,0.0
6531,853.1,0.0
6532,853.2,0.0
6533,853.3,0.0
6534,853.4,0.0
6535,853.5,0.0
6536,853.6,0.0
6537,853.7,0.0
6538,853.8,0.0
6539,853.9,0.0
6540,854.0,0.0
6541,854.1,0.0
6542,854.2,0.0
6543,854.3,0.0
6544,854.4,0.0
6545,854.5,0.0
6546,854.6,0.0
6547,854.7,0.0
6548,854.8,0.0
6549,854.9,0.0
6550,855.0,0.0
6551,855.1,0.0
6552,855.2,0.0
6553,855.3,0.0
6554,855.4,0.0
6555,855.5,0.0
6556,855.6,0.0
6557,855.7,0.0
6558,855.8,0.0
6559,855.9,0.0
6560,856.0,0.0
6561,856.1,0.0
6562,856.2,0.0
6563,856.3,0.0
6564,856.4,0.0
6565,856.5,0.0
6566,856.6,0.0
6567,856.7,0.0
6568,856.8,0.0
6569,856.9,0.0
6570,857.0,0.0
6571,857.1,0.0
6572,857.2,0.0
6573,857.3,0.0
6574,857.4,0.0
6575,857.5,0.0
6576,857.6,0.0
6577,857.7,0.0
6578,857.8,0.0
6579,857.9,0.0
6580,858.0,0.0
6581,858.1,0.0
6582,858.2,0.0
6583,858.3,0.0
6584,858.4,0.0
6585,858.5,0.0
6586,858.6,0.0
6587,858.7,0.0
6588,858.8,0.0
6589,858.9,0.0
6590,859.0,0.0
6591,859.1,0.0
6592,859.2,0.0
6593,859.3,0.0
6594,859.4,0.0
6595,859.5,0.0
6596,859.6,0.0
6597,859.7,0.0
6598,859.8,0.0
6599,859.9,0.0
6600,860.0,0.0
6601,860.1,0.0
6602,860.2,0.0
6603,860.3,0.0
6604,860.4,0.0
6605,860.5,0.0
6606,860.6,0.0
6607,860.7,0.0
6608,860.8,0.0
6609,860.9,0.0
6610,861.0,0.0
6611,861.1,0.0
6612,861.2,0.0
6613,861.3,0.0
6614,861.4,0.0
6615,861.5,0.0
6616,861.6,0.0
6617,861.7,0.0
6618,861.8,0.0
6619,861.9,0.0
6620,862.0,0.0
6621,862.1,0.0
6622,862.2,0.0
6623,862.3,0.0
6624,862.4,0.0
6625,862.5,0.0
6626,862.6,0.001
6627,862.7,0.001
6628,862.8,0.003
6629,862.9,0.006
6630,863.0,0.011
6631,863.1,0.021
6632,863.2,0.041
6633,863.3,0.078
6634,863.4,0.147
6635,863.5,0.271
6636,863.6,0.493
6637,863.7,0.885
6638,863.8,1.566
6639,863.9,2.733
6640,864.0,4.703
6641,864.1,7.979
6642,864.2,13.353
6643,864.3,22.024
6644,864.4,35.813
6645,864.5,57.451
6646,864.6,90.852
6647,864.7,141.704
6648,864.8,217.939
6649,864.9,330.432
6650,865.0,494.2
6651,865.1,728.786
6652,865.2,1060.434
6653,865.3,1520.201
6654,865.4,2150.904
6655,865.5,3000.318
6656,865.6,4129.072
6657,865.7,5604.452
6658,865.8,7503.292
6659,865.9,9907.559
6660,866.0,12909.501
6661,866.1,16590.0
6662,866.2,21035.305
6663,866.3,26320.0
6664,866.4,32485.083
6665,866.5,39579.97
6666,866.6,47584.129
6667,866.7,56476.01
6668,866.8,66154.462
6669,866.9,76519.92
6670,867.0,87383.281
6671,867.1,98543.961
6672,867.2,109813.053
6673,867.3,120753.193
6674,867.4,131400.0
6675,867.5,141144.508
6676,867.6,149900.0
6677,867.7,157502.015
6678,867.8,163663.865
6679,867.9,168165.316
6680,868.0,171007.827
6681,868.1,172210.876
6682,868.2,171780.022
6683,868.3,169714.33
6684,868.4,166155.573
6685,868.5,161256.066
6686,868.6,155281.464
6687,868.7,148400.0
6688,868.8,140611.085
6689,868.9,132500.0
6690,869.0,123894.387
6691,869.1,115089.592
6692,869.2,106253.137
6693,869.3,97507.694
6694,869.4,88913.209
6695,869.5,80579.115
6696,869.6,72575.65
6697,869.7,64948.804
6698,869.8,57727.197
6699,869.9,50960.005
6700,870.0,44650.0
6701,870.1,38824.455
6702,870.2,33477.907
6703,870.3,28625.279
6704,870.4,24259.835
6705,870.5,20367.183
6706,870.6,16931.314
6707,870.7,13946.641
6708,870.8,11375.695
6709,870.9,9200.209
6710,871.0,7385.882
6711,871.1,5905.0
6712,871.2,4726.34
6713,871.3,3824.0
6714,871.4,3170.649
6715,871.5,2745.54
6716,871.6,2532.429
6717,871.7,2517.85
6718,871.8,2692.834
6719,871.9,3053.704
6720,872.0,3597.565
6721,872.1,4324.626
6722,872.2,5232.823
6723,872.3,6318.403
6724,872.4,7575.0
6725,872.5,8990.644
6726,872.6,10540.0
6727,872.7,12211.33
6728,872.8,13943.462
6729,872.9,15723.387
6730,873.0,17476.696
6731,873.1,19158.735
6732,873.2,20719.659
6733,873.3,22087.029
6734,873.4,23224.529
6735,873.5,24082.209
6736,873.6,24630.395
6737,873.7,24840.0
6738,873.8,24702.151
6739,873.9,24220.0
6740,874.0,23420.246
6741,874.1,22332.876
6742,874.2,21005.467
6743,874.3,19481.474
6744,874.4,17818.289
6745,874.5,16065.275
6746,874.6,14292.7
6747,874.7,12528.456
6748,874.8,10835.127
6749,874.9,9243.081
6750,875.0,7774.0
6751,875.1,6447.571
6752,875.2,5272.892
6753,875.3,4252.925
6754,875.4,3382.107
6755,875.5,2652.784
6756,875.6,2051.961
6757,875.7,1565.117
6758,875.8,1177.161
6759,875.9,873.176
6760,876.0,638.667
6761,876.1,460.7
6762,876.2,327.628
6763,876.3,229.8
6764,876.4,158.937
6765,876.5,108.444
6766,876.6,72.938
6767,876.7,48.392
6768,876.8,31.649
6769,876.9,20.417
6770,877.0,12.99
6771,877.1,8.146
6772,877.2,5.04
6773,877.3,3.075
6774,877.4,1.85
6775,877.5,1.097
6776,877.6,0.642
6777,877.7,0.37
6778,877.8,0.211
6779,877.9,0.118
6780,878.0,0.065
6781,878.1,0.036
6782,878.2,0.019
6783,878.3,0.01
6784,878.4,0.005
6785,878.5,0.003
6786,878.6,0.001
6787,878.7,0.001
6788,878.8,0.0
6789,878.9,0.0
6790,879.0,0.0
6791,879.1,0.0
6792,879.2,0.0
6793,879.3,0.0
6794,879.4,0.0
6795,879.5,0.0
6796,879.6,0.0
6797,879.7,0.0
6798,879.8,0.0
6799,879.9,0.0
6800,880.0,0.0
6801,880.1,0.0
6802,880.2,0.0
6803,880.3,0.0
6804,880.4,0.0
6805,880.5,0.0
6806,880.6,0.0
6807,880.7,0.0
6808,880.8,0.0
6809,880.9,0.0
6810,881.0,0.0
6811,881.1,0.0
6812,881.2,0.0
6813,881.3,0.0
6814,881.4,0.0
6815,881.5,0.0
6816,881.6,0.0
6817,881.7,0.0
6818,881.8,0.0
6819,881.9,0.0
6820,882.0,0.0
6821,882.1,0.0
6822,882.2,0.0
6823,882.3,0.0
6824,882.4,0.0
6825,882.5,0.0
6826,882.6,0.0
6827,882.7,0.0
6828,882.8,0.0
6829,882.9,0.0
6830,883.0,0.0
6831,883.1,0.0
6832,883.2,0.0
6833,883.3,0.0
6834,883.4,0.0
6835,883.5,0.0
6836,883.6,0.0
6837,883.7,0.0
6838,883.8,0.0
6839,883.9,0.0
6840,884.0,0.0
6841,884.1,0.0
6842,884.2,0.0
6843,884.3,0.0
6844,884.4,0.0
6845,884.5,0.0
6846,884.6,0.0
6847,884.7,0.0
6848,884.8,0.0
6849,884.9,0.0
6850,885.0,0.0
6851,885.1,0.0
6852,885.2,0.0
6853,885.3,0.0
6854,885.4,0.0
6855,885.5,0.0
6856,885.6,0.0
6857,885.7,0.0
6858,885.8,0.0
6859,885.9,0.0
6860,886.0,0.0
6861,886.1,0.0
6862,886.2,0.0
6863,886.3,0.0
6864,886.4,0.0
6865,886.5,0.0
6866,886.6,0.0
6867,886.7,0.0
6868,886.8,0.0
6869,886.9,0.0
6870,887.0,0.0
6871,887.1,0.0
6872,887.2,0.0
6873,887.3,0.0
6874,887.4,0.0
6875,887.5,0.0
6876,887.6,0.0
6877,887.7,0.0
6878,887.8,0.0
6879,887.9,0.0
6880,888.0,0.0
6881,888.1,0.0
6882,888.2,0.0
6883,888.3,0.0
6884,888.4,0.0
6885,888.5,0.0
6886,888.6,0.0
6887,888.7,0.0
6888,888.8,0.0
6889,888.9,0.0
6890,889.0,0.001
6891,889.1,0.001
6892,889.2,0.002
6893,889.3,0.002
6894,889.4,0.003
6895,889.5,0.004
6896,889.6,0.006
6897,889.7,0.008
6898,889.8,0.011
6899,889.9,0.014
6900,890.0,0.019
6901,890.1,0.024
6902,890.2,0.031
6903,890.3,0.039
6904,890.4,0.048
6905,890.5,0.058
6906,890.6,0.07
6907,890.7,0.083
6908,890.8,0.098
6909,890.9,0.113
6910,891.0,0.129
6911,891.1,0.145
6912,891.2,0.162
6913,891.3,0.177
6914,891.4,0.192
6915,891.5,0.205
6916,891.6,0.216
6917,891.7,0.225
6918,891.8,0.23
6919,891.9,0.233
6920,892.0,0.233
6921,892.1,0.229
6922,892.2,0.223
6923,892.3,0.214
6924,892.4,0.203
6925,892.5,0.189
6926,892.6,0.174
6927,892.7,0.159
6928,892.8,0.142
6929,892.9,0.126
6930,893.0,0.11
6931,893.1,0.095
6932,893.2,0.081
6933,893.3,0.068
6934,893.4,0.056
6935,893.5,0.046
6936,893.6,0.037
6937,893.7,0.029
6938,893.8,0.023
6939,893.9,0.018
6940,894.0,0.014
6941,894.1,0.01
6942,894.2,0.008
6943,894.3,0.006
6944,894.4,0.004
6945,894.5,0.003
6946,894.6,0.002
6947,894.7,0.001
6948,894.8,0.001
6949,894.9,0.001
6950,895.0,0.0
6951,895.1,0.0
6952,895.2,0.0
6953,895.3,0.0
6954,895.4,0.0
6955,895.5,0.0
6956,895.6,0.0
6957,895.7,0.0
6958,895.8,0.0
6959,895.9,0.0
6960,896.0,0.0
6961,896.1,0.0
6962,896.2,0.0
6963,896.3,0.0
6964,896.4,0.0
6965,896.5,0.0
6966,896.6,0.0
6967,896.7,0.0
6968,896.8,0.0
6969,896.9,0.0
6970,897.0,0.0
6971,897.1,0.0
6972,897.2,0.0
6973,897.3,0.0
6974,897.4,0.0
6975,897.5,0.0
6976,897.6,0.0
6977,897.7,0.0
6978,897.8,0.0
6979,897.9,0.0
6980,898.0,0.0
6981,898.1,0.0
6982,898.2,0.0
6983,898.3,0.0
6984,898.4,0.0
6985,898.5,0.0
6986,898.6,0.0
6987,898.7,0.0
6988,898.8,0.0
6989,898.9,0.0
6990,899.0,0.0
6991,899.1,0.0
6992,899.2,0.0
6993,899.3,0.0
6994,899.4,0.0
6995,899.5,0.0
6996,899.6,0.0
6997,899.7,0.0
6998,899.8,0.0
6999,899.9,0.0
7000,900.0,0.0
7001,900.1,0.0
7002,900.2,0.0
7003,900.3,0.0
7004,900.4,0.0
7005,900.5,0.0
7006,900.6,0.0
7007,900.7,0.0
7008,900.8,0.0
7009,900.9,0.0
7010,901.0,0.0
7011,901.1,0.0
7012,901.2,0.0
7013,901.3,0.0
7014,901.4,0.0
7015,901.5,0.0
7016,901.6,0.0
7017,901.7,0.0
7018,901.8,0.0
7019,901.9,0.0
7020,902.0,0.0
7021,902.1,0.0
7022,902.2,0.0
7023,902.3,0.0
7024,902.4,0.0
7025,902.5,0.0
7026,902.6,0.0
7027,902.7,0.0
7028,902.8,0.0
7029,902.9,0.0
7030,903.0,0.0
7031,903.1,0.0
7032,903.2,0.0
7033,903.3,0.0
7034,903.4,0.0
7035,903.5,0.0
7036,903.6,0.0
7037,903.7,0.0
7038,903.8,0.0
7039,903.9,0.0
7040,904.0,0.0
7041,904.1,0.0
7042,904.2,0.0
7043,904.3,0.0
7044,904.4,0.0
7045,904.5,0.0
7046,904.6,0.0
7047,904.7,0.0
7048,904.8,0.0
7049,904.9,0.0
7050,905.0,0.0
7051,905.1,0.0
7052,905.2,0.0
7053,905.3,0.0
7054,905.4,0.0
7055,905.5,0.0
7056,905.6,0.0
7057,905.7,0.0
7058,905.8,0.0
7059,905.9,0.0
7060,906.0,0.0
7061,906.1,0.0
7062,906.2,0.0
7063,906.3,0.0
7064,906.4,0.0
7065,906.5,0.0
7066,906.6,0.0
7067,906.7,0.0
7068,906.8,0.0
7069,906.9,0.0
7070,907.0,0.0
7071,907.1,0.0
7072,907.2,0.0
7073,907.3,0.0
7074,907.4,0.0
7075,907.5,0.0
7076,907.6,0.0
7077,907.7,0.0
7078,907.8,0.0
7079,907.9,0.0
7080,908.0,0.0
7081,908.1,0.0
7082,908.2,0.0
7083,908.3,0.0
7084,908.4,0.0
7085,908.5,0.0
7086,908.6,0.0
7087,908.7,0.0
7088,908.8,0.0
7089,908.9,0.0
7090,909.0,0.0
7091,909.1,0.0
7092,909.2,0.0
7093,909.3,0.0
7094,909.4,0.0
7095,909.5,0.0
7096,909.6,0.0
7097,909.7,0.0
7098,909.8,0.0
7099,909.9,0.0
7100,910.0,0.0
7101,910.1,0.0
7102,910.2,0.0
7103,910.3,0.0
7104,910.4,0.0
7105,910.5,0.0
7106,910.6,0.0
7107,910.7,0.0
7108,910.8,0.0
7109,910.9,0.0
7110,911.0,0.0
7111,911.1,0.0
7112,911.2,0.0
7113,911.3,0.0
7114,911.4,0.0
7115,911.5,0.0
7116,911.6,0.0
7117,911.7,0.0
7118,911.8,0.0
7119,911.9,0.0
7120,912.0,0.0
7121,912.1,0.0
7122,912.2,0.0
7123,912.3,0.0
7124,912.4,0.0
7125,912.5,0.0
7126,912.6,0.0
7127,912.7,0.0
7128,912.8,0.0
7129,912.9,0.0
7130,913.0,0.0
7131,913.1,0.0
7132,913.2,0.0
7133,913.3,0.0
7134,913.4,0.0
7135,913.5,0.0
7136,913.6,0.0
7137,913.7,0.0
7138,913.8,0.0
7139,913.9,0.0
7140,914.0,0.0
7141,914.1,0.0
7142,914.2,0.0
7143,914.3,0.0
7144,914.4,0.0
7145,914.5,0.0
7146,914.6,0.0
7147,914.7,0.0
7148,914.8,0.0
7149,914.9,0.0
7150,915.0,0.0
7151,915.1,0.0
7152,915.2,0.0
7153,915.3,0.0
7154,915.4,0.0
7155,915.5,0.0
7156,915.6,0.0
7157,915.7,0.0
7158,915.8,0.0
7159,915.9,0.0
7160,916.0,0.0
7161,916.1,0.0
7162,916.2,0.0
7163,916.3,0.0
7164,916.4,0.0
7165,916.5,0.0
7166,916.6,0.0
7167,916.7,0.0
7168,916.8,0.0
7169,916.9,0.0
7170,917.0,0.0
7171,917.1,0.0
7172,917.2,0.0
7173,917.3,0.0
7174,917.4,0.0
7175,917.5,0.0
7176,917.6,0.0
7177,917.7,0.0
7178,917.8,0.0
7179,917.9,0.0
7180,918.0,0.0
7181,918.1,0.0
7182,918.2,0.0
7183,918.3,0.0
7184,918.4,0.0
7185,918.5,0.0
7186,918.6,0.0
7187,918.7,0.0
7188,918.8,0.0
7189,918.9,0.0
7190,919.0,0.0
7191,919.1,0.0
7192,919.2,0.0
7193,919.3,0.0
7194,919.4,0.0
7195,919.5,0.0
7196,919.6,0.0
7197,919.7,0.0
7198,919.8,0.0
7199,919.9,0.0
7200,920.0,0.0
7201,920.1,0.0
7202,920.2,0.0
7203,920.3,0.0
7204,920.4,0.0
7205,920.5,0.0
7206,920.6,0.0
7207,920.7,0.0
7208,920.8,0.0
7209,920.9,0.0
7210,921.0,0.0
7211,921.1,0.0
7212,921.2,0.0
7213,921.3,0.0
7214,921.4,0.0
7215,921.5,0.0
7216,921.6,0.0
7217,921.7,0.0
7218,921.8,0.0
7219,921.9,0.0
7220,922.0,0.0
7221,922.1,0.0
7222,922.2,0.0
7223,922.3,0.0
7224,922.4,0.0
7225,922.5,0.0
7226,922.6,0.0
7227,922.7,0.0
7228,922.8,0.0
7229,922.9,0.0
7230,923.0,0.0
7231,923.1,0.0
7232,923.2,0.0
7233,923.3,0.0
7234,923.4,0.0
7235,923.5,0.0
7236,923.6,0.0
7237,923.7,0.0
7238,923.8,0.0
7239,923.9,0.0
7240,924.0,0.0
7241,924.1,0.0
7242,924.2,0.0
7243,924.3,0.0
7244,924.4,0.0
7245,924.5,0.0
7246,924.6,0.0
7247,924.7,0.0
7248,924.8,0.0
7249,924.9,0.0
7250,925.0,0.0
7251,925.1,0.0
7252,925.2,0.0
7253,925.3,0.0
7254,925.4,0.0
7255,925.5,0.0
7256,925.6,0.0
7257,925.7,0.0
7258,925.8,0.0
7259,925.9,0.0
7260,926.0,0.0
7261,926.1,0.0
7262,926.2,0.0
7263,926.3,0.0
7264,926.4,0.0
7265,926.5,0.0
7266,926.6,0.0
7267,926.7,0.0
7268,926.8,0.0
7269,926.9,0.0
7270,927.0,0.0
7271,927.1,0.0
7272,927.2,0.0
7273,927.3,0.0
7274,927.4,0.0
7275,927.5,0.0
7276,927.6,0.0
7277,927.7,0.0
7278,927.8,0.0
7279,927.9,0.0
7280,928.0,0.0
7281,928.1,0.0
7282,928.2,0.0
7283,928.3,0.0
7284,928.4,0.0
7285,928.5,0.0
7286,928.6,0.0
7287,928.7,0.0
7288,928.8,0.0
7289,928.9,0.0
7290,929.0,0.0
7291,929.1,0.0
7292,929.2,0.0
7293,929.3,0.0
7294,929.4,0.0
7295,929.5,0.0
7296,929.6,0.0
7297,929.7,0.0
7298,929.8,0.0
7299,929.9,0.0
7300,930.0,0.0
7301,930.1,0.0
7302,930.2,0.0
7303,930.3,0.0
7304,930.4,0.0
7305,930.5,0.0
7306,930.6,0.0
7307,930.7,0.0
7308,930.8,0.0
7309,930.9,0.0
7310,931.0,0.0
7311,931.1,0.0
7312,931.2,0.0
7313,931.3,0.0
7314,931.4,0.0
7315,931.5,0.0
7316,931.6,0.0
7317,931.7,0.0
7318,931.8,0.0
7319,931.9,0.0
7320,932.0,0.0
7321,932.1,0.0
7322,932.2,0.0
7323,932.3,0.0
7324,932.4,0.0
7325,932.5,0.0
7326,932.6,0.0
7327,932.7,0.0
7328,932.8,0.0
7329,932.9,0.0
7330,933.0,0.0
7331,933.1,0.0
7332,933.2,0.0
7333,933.3,0.0
7334,933.4,0.0
7335,933.5,0.0
7336,933.6,0.0
7337,933.7,0.0
7338,933.8,0.0
7339,933.9,0.0
7340,934.0,0.0
7341,934.1,0.0
7342,934.2,0.0
7343,934.3,0.0
7344,934.4,0.0
7345,934.5,0.0
7346,934.6,0.0
7347,934.7,0.0
7348,934.8,0.0
7349,934.9,0.0
7350,935.0,0.0
7351,935.1,0.0
7352,935.2,0.0
7353,935.3,0.0
7354,935.4,0.0
7355,935.5,0.0
7356,935.6,0.0
7357,935.7,0.0
7358,935.8,0.0
7359,935.9,0.0
7360,936.0,0.0
7361,936.1,0.0
7362,936.2,0.0
7363,936.3,0.0
7364,936.4,0.0
7365,936.5,0.0
7366,936.6,0.0
7367,936.7,0.0
7368,936.8,0.0
7369,936.9,0.0
7370,937.0,0.0
7371,937.1,0.0
7372,937.2,0.0
7373,937.3,0.0
7374,937.4,0.0
7375,937.5,0.0
7376,937.6,0.0
7377,937.7,0.0
7378,937.8,0.0
7379,937.9,0.0
7380,938.0,0.0
7381,938.1,0.0
7382,938.2,0.0
7383,938.3,0.0
7384,938.4,0.0
7385,938.5,0.0
7386,938.6,0.0
7387,938.7,0.0
7388,938.8,0.0
7389,938.9,0.0
7390,939.0,0.0
7391,939.1,0.0
7392,939.2,0.0
7393,939.3,0.0
7394,939.4,0.0
7395,939.5,0.0
7396,939.6,0.0
7397,939.7,0.0
7398,939.8,0.0
7399,939.9,0.0
7400,940.0,0.0
7401,940.1,0.0
7402,940.2,0.0
7403,940.3,0.0
7404,940.4,0.0
7405,940.5,0.0
7406,940.6,0.0
7407,940.7,0.0
7408,940.8,0.0
7409,940.9,0.0
7410,941.0,0.0
7411,941.1,0.0
7412,941.2,0.0
7413,941.3,0.0
7414,941.4,0.0
7415,941.5,0.0
7416,941.6,0.0
7417,941.7,0.0
7418,941.8,0.0
7419,941.9,0.0
7420,942.0,0.0
7421,942.1,0.0
7422,942.2,0.0
7423,942.3,0.0
7424,942.4,0.0
7425,942.5,0.0
7426,942.6,0.0
7427,942.7,0.0
7428,942.8,0.0
7429,942.9,0.0
7430,943.0,0.0
7431,943.1,0.0
7432,943.2,0.0
7433,943.3,0.0
7434,943.4,0.0
7435,943.5,0.0
7436,943.6,0.0
7437,943.7,0.0
7438,943.8,0.0
7439,943.9,0.0
7440,944.0,0.0
7441,944.1,0.0
7442,944.2,0.0
7443,944.3,0.0
7444,944.4,0.0
7445,944.5,0.0
7446,944.6,0.0
7447,944.7,0.0
7448,944.8,0.0
7449,944.9,0.0
7450,945.0,0.0
7451,945.1,0.0
7452,945.2,0.0
7453,945.3,0.0
7454,945.4,0.0
7455,945.5,0.0
7456,945.6,0.0
7457,945.7,0.0
7458,945.8,0.0
7459,945.9,0.0
7460,946.0,0.0
7461,946.1,0.0
7462,946.2,0.0
7463,946.3,0.0
7464,946.4,0.0
7465,946.5,0.0
7466,946.6,0.0
7467,946.7,0.0
7468,946.8,0.0
7469,946.9,0.0
7470,947.0,0.0
7471,947.1,0.0
7472,947.2,0.0
7473,947.3,0.0
7474,947.4,0.0
7475,947.5,0.0
7476,947.6,0.0
7477,947.7,0.0
7478,947.8,0.0
7479,947.9,0.0
7480,948.0,0.0
7481,948.1,0.0
7482,948.2,0.0
7483,948.3,0.0
7484,948.4,0.0
7485,948.5,0.0
7486,948.6,0.0
7487,948.7,0.0
7488,948.8,0.0
7489,948.9,0.0
7490,949.0,0.0
7491,949.1,0.0
7492,949.2,0.0
7493,949.3,0.0
7494,949.4,0.0
7495,949.5,0.0
7496,949.6,0.0
7497,949.7,0.0
7498,949.8,0.0
7499,949.9,0.0
7500,950.0,0.0
7501,950.1,0.0
7502,950.2,0.0
7503,950.3,0.0
7504,950.4,0.0
7505,950.5,0.0
7506,950.6,0.0
7507,950.7,0.0
7508,950.8,0.0
7509,950.9,0.0
7510,951.0,0.0
7511,951.1,0.0
7512,951.2,0.0
7513,951.3,0.0
7514,951.4,0.0
7515,951.5,0.0
7516,951.6,0.0
7517,951.7,0.0
7518,951.8,0.0
7519,951.9,0.0
7520,952.0,0.0
7521,952.1,0.0
7522,952.2,0.0
7523,952.3,0.0
7524,952.4,0.0
7525,952.5,0.0
7526,952.6,0.0
7527,952.7,0.0
7528,952.8,0.0
7529,952.9,0.0
7530,953.0,0.0
7531,953.1,0.0
7532,953.2,0.0
7533,953.3,0.0
7534,953.4,0.0
7535,953.5,0.0
7536,953.6,0.0
7537,953.7,0.0
7538,953.8,0.0
7539,953.9,0.0
7540,954.0,0.0
7541,954.1,0.0
7542,954.2,0.0
7543,954.3,0.0
7544,954.4,0.0
7545,954.5,0.0
7546,954.6,0.0
7547,954.7,0.0
7548,954.8,0.0
7549,954.9,0.0
7550,955.0,0.0
7551,955.1,0.0
7552,955.2,0.0
7553,955.3,0.0
7554,955.4,0.0
7555,955.5,0.0
7556,955.6,0.0
7557,955.7,0.0
7558,955.8,0.0
7559,955.9,0.0
7560,956.0,0.0
7561,956.1,0.0
7562,956.2,0.0
7563,956.3,0.0
7564,956.4,0.0
7565,956.5,0.0
7566,956.6,0.0
7567,956.7,0.0
7568,956.8,0.0
7569,956.9,0.0
7570,957.0,0.0
7571,957.1,0.0
7572,957.2,0.0
7573,957.3,0.0
7574,957.4,0.0
7575,957.5,0.0
7576,957.6,0.0
7577,957.7,0.0
7578,957.8,0.0
7579,957.9,0.0
7580,958.0,0.0
7581,958.1,0.0
7582,958.2,0.0
7583,958.3,0.0
7584,958.4,0.0
7585,958.5,0.0
7586,958.6,0.0
7587,958.7,0.0
7588,958.8,0.0
7589,958.9,0.0
7590,959.0,0.0
7591,959.1,0.0
7592,959.2,0.0
7593,959.3,0.0
7594,959.4,0.0
7595,959.5,0.0
7596,959.6,0.0
7597,959.7,0.0
7598,959.8,0.0
7599,959.9,0.0
7600,960.0,0.0
7601,960.1,0.0
7602,960.2,0.0
7603,960.3,0.0
7604,960.4,0.0
7605,960.5,0.0
7606,960.6,0.0
7607,960.7,0.0
7608,960.8,0.0
7609,960.9,0.0
7610,961.0,0.0
7611,961.1,0.0
7612,961.2,0.0
7613,961.3,0.0
7614,961.4,0.0
7615,961.5,0.0
7616,961.6,0.0
7617,961.7,0.0
7618,961.8,0.0
7619,961.9,0.0
7620,962.0,0.0
7621,962.1,0.0
7622,962.2,0.0
7623,962.3,0.0
7624,962.4,0.0
7625,962.5,0.0
7626,962.6,0.0
7627,962.7,0.0
7628,962.8,0.0
7629,962.9,0.0
7630,963.0,0.0
7631,963.1,0.0
7632,963.2,0.0
7633,963.3,0.0
7634,963.4,0.0
7635,963.5,0.0
7636,963.6,0.0
7637,963.7,0.0
7638,963.8,0.0
7639,963.9,0.0
7640,964.0,0.0
7641,964.1,0.0
7642,964.2,0.0
7643,964.3,0.0
7644,964.4,0.0
7645,964.5,0.0
7646,964.6,0.0
7647,964.7,0.0
7648,964.8,0.0
7649,964.9,0.0
7650,965.0,0.0
7651,965.1,0.0
7652,965.2,0.0
7653,965.3,0.0
7654,965.4,0.0
7655,965.5,0.0
7656,965.6,0.0
7657,965.7,0.0
7658,965.8,0.0
7659,965.9,0.0
7660,966.0,0.0
7661,966.1,0.0
7662,966.2,0.0
7663,966.3,0.0
7664,966.4,0.0
7665,966.5,0.0
7666,966.6,0.0
7667,966.7,0.0
7668,966.8,0.0
7669,966.9,0.0
7670,967.0,0.0
7671,967.1,0.0
7672,967.2,0.0
7673,967.3,0.0
7674,967.4,0.0
7675,967.5,0.0
7676,967.6,0.0
7677,967.7,0.0
7678,967.8,0.0
7679,967.9,0.0
7680,968.0,0.0
7681,968.1,0.0
7682,968.2,0.0
7683,968.3,0.0
7684,968.4,0.0
7685,968.5,0.0
7686,968.6,0.0
7687,968.7,0.0
7688,968.8,0.0
7689,968.9,0.0
7690,969.0,0.0
7691,969.1,0.0
7692,969.2,0.0
7693,969.3,0.0
7694,969.4,0.0
7695,969.5,0.0
7696,969.6,0.0
7697,969.7,0.0
7698,969.8,0.0
7699,969.9,0.0
7700,970.0,0.0
7701,970.1,0.0
7702,970.2,0.0
7703,970.3,0.0
7704,970.4,0.0
7705,970.5,0.0
7706,970.6,0.0
7707,970.7,0.0
7708,970.8,0.0
7709,970.9,0.0
7710,971.0,0.0
7711,971.1,0.0
7712,971.2,0.0
7713,971.3,0.0
7714,971.4,0.0
7715,971.5,0.0
7716,971.6,0.0
7717,971.7,0.0
7718,971.8,0.0
7719,971.9,0.0
7720,972.0,0.0
7721,972.1,0.0
7722,972.2,0.0
7723,972.3,0.0
7724,972.4,0.0
7725,972.5,0.0
7726,972.6,0.0
7727,972.7,0.0
7728,972.8,0.0
7729,972.9,0.0
7730,973.0,0.0
7731,973.1,0.0
7732,973.2,0.0
7733,973.3,0.0
7734,973.4,0.0
7735,973.5,0.0
7736,973.6,0.0
7737,973.7,0.0
7738,973.8,0.0
7739,973.9,0.0
7740,974.0,0.0
7741,974.1,0.0
7742,974.2,0.0
7743,974.3,0.0
7744,974.4,0.0
7745,974.5,0.0
7746,974.6,0.0
7747,974.7,0.0
7748,974.8,0.0
7749,974.9,0.0
7750,975.0,0.0
7751,975.1,0.0
7752,975.2,0.0
7753,975.3,0.0
7754,975.4,0.0
7755,975.5,0.0
7756,975.6,0.0
7757,975.7,0.0
7758,975.8,0.0
7759,975.9,0.0
7760,976.0,0.0
7761,976.1,0.0
7762,976.2,0.0
7763,976.3,0.0
7764,976.4,0.0
7765,976.5,0.0
7766,976.6,0.0
7767,976.7,0.0
7768,976.8,0.0
7769,976.9,0.0
7770,977.0,0.0
7771,977.1,0.0
7772,977.2,0.0
7773,977.3,0.0
7774,977.4,0.0
7775,977.5,0.0
7776,977.6,0.0
7777,977.7,0.0
7778,977.8,0.0
7779,977.9,0.0
7780,978.0,0.0
7781,978.1,0.0
7782,978.2,0.0
7783,978.3,0.0
7784,978.4,0.0
7785,978.5,0.0
7786,978.6,0.0
7787,978.7,0.0
7788,978.8,0.0
7789,978.9,0.0
7790,979.0,0.0
7791,979.1,0.0
7792,979.2,0.0
7793,979.3,0.0
7794,979.4,0.0
7795,979.5,0.0
7796,979.6,0.0
7797,979.7,0.0
7798,979.8,0.0
7799,979.9,0.0
7800,980.0,0.0
7801,980.1,0.0
7802,980.2,0.0
7803,980.3,0.0
7804,980.4,0.0
7805,980.5,0.0
7806,980.6,0.0
7807,980.7,0.0
7808,980.8,0.0
7809,980.9,0.0
7810,981.0,0.0
7811,981.1,0.0
7812,981.2,0.0
7813,981.3,0.0
7814,981.4,0.0
7815,981.5,0.0
7816,981.6,0.0
7817,981.7,0.0
7818,981.8,0.0
7819,981.9,0.0
7820,982.0,0.0
7821,982.1,0.0
7822,982.2,0.0
7823,982.3,0.0
7824,982.4,0.0
7825,982.5,0.0
7826,982.6,0.0
7827,982.7,0.0
7828,982.8,0.0
7829,982.9,0.0
7830,983.0,0.0
7831,983.1,0.0
7832,983.2,0.0
7833,983.3,0.0
7834,983.4,0.0
7835,983.5,0.0
7836,983.6,0.0
7837,983.7,0.0
7838,983.8,0.0
7839,983.9,0.0
7840,984.0,0.0
7841,984.1,0.0
7842,984.2,0.0
7843,984.3,0.0
7844,984.4,0.0
7845,984.5,0.0
7846,984.6,0.0
7847,984.7,0.0
7848,984.8,0.0
7849,984.9,0.0
7850,985.0,0.0
7851,985.1,0.0
7852,985.2,0.0
7853,985.3,0.0
7854,985.4,0.0
7855,985.5,0.0
7856,985.6,0.0
7857,985.7,0.0
7858,985.8,0.0
7859,985.9,0.0
7860,986.0,0.0
7861,986.1,0.0
7862,986.2,0.0
7863,986.3,0.0
7864,986.4,0.0
7865,986.5,0.0
7866,986.6,0.0
7867,986.7,0.0
7868,986.8,0.0
7869,986.9,0.0
7870,987.0,0.0
7871,987.1,0.0
7872,987.2,0.0
7873,987.3,0.0
7874,987.4,0.0
7875,987.5,0.0
7876,987.6,0.0
7877,987.7,0.0
7878,987.8,0.0
7879,987.9,0.0
7880,988.0,0.0
7881,988.1,0.0
7882,988.2,0.0
7883,988.3,0.0
7884,988.4,0.0
7885,988.5,0.0
7886,988.6,0.0
7887,988.7,0.0
7888,988.8,0.0
7889,988.9,0.0
7890,989.0,0.0
7891,989.1,0.0
7892,989.2,0.0
7893,989.3,0.0
7894,989.4,0.0
7895,989.5,0.0
7896,989.6,0.0
7897,989.7,0.0
7898,989.8,0.0
7899,989.9,0.0
7900,990.0,0.0
7901,990.1,0.0
7902,990.2,0.0
7903,990.3,0.0
7904,990.4,0.0
7905,990.5,0.0
7906,990.6,0.0
7907,990.7,0.0
7908,990.8,0.0
7909,990.9,0.0
7910,991.0,0.0
7911,991.1,0.0
7912,991.2,0.0
7913,991.3,0.0
7914,991.4,0.0
7915,991.5,0.0
7916,991.6,0.0
7917,991.7,0.0
7918,991.8,0.0
7919,991.9,0.0
7920,992.0,0.0
7921,992.1,0.0
7922,992.2,0.0
7923,992.3,0.0
7924,992.4,0.0
7925,992.5,0.0
7926,992.6,0.0
7927,992.7,0.0
7928,992.8,0.0
7929,992.9,0.0
7930,993.0,0.0
7931,993.1,0.0
7932,993.2,0.0
7933,993.3,0.0
7934,993.4,0.0
7935,993.5,0.0
7936,993.6,0.0
7937,993.7,0.0
7938,993.8,0.0
7939,993.9,0.0
7940,994.0,0.0
7941,994.1,0.0
7942,994.2,0.0
7943,994.3,0.0
7944,994.4,0.0
7945,994.5,0.0
7946,994.6,0.0
7947,994.7,0.0
7948,994.8,0.0
7949,994.9,0.0
7950,995.0,0.0
7951,995.1,0.0
7952,995.2,0.0
7953,995.3,0.0
7954,995.4,0.0
7955,995.5,0.0
7956,995.6,0.0
7957,995.7,0.0
7958,995.8,0.0
7959,995.9,0.0
7960,996.0,0.0
7961,996.1,0.0
7962,996.2,0.0
7963,996.3,0.0
7964,996.4,0.0
7965,996.5,0.0
7966,996.6,0.0
7967,996.7,0.0
7968,996.8,0.0
7969,996.9,0.0
7970,997.0,0.0
7971,997.1,0.0
7972,997.2,0.0
7973,997.3,0.0
7974,997.4,0.0
7975,997.5,0.0
7976,997.6,0.0
7977,997.7,0.0
7978,997.8,0.0
7979,997.9,0.0
7980,998.0,0.0
7981,998.1,0.0
7982,998.2,0.0
7983,998.3,0.0
7984,998.4,0.0
7985,998.5,0.0
7986,998.6,0.0
7987,998.7,0.0
7988,998.8,0.0
7989,998.9,0.0
7990,999.0,0.0
7991,999.1,0.0
7992,999.2,0.0
7993,999.3,0.0
7994,999.4,0.0
7995,999.5,0.0
7996,999.6,0.0
7997,999.7,0.0
7998,999.8,0.0
7999,999.9,0.0
