,wavelength,intensity
0,200.0,19090000.0
1,200.1,19488628.363
2,200.2,16362265.698
3,200.3,11372406.52
4,200.4,6513000.0
5,200.5,3081409.352
6,200.6,1204305.259
7,200.7,391560.99
8,200.8,109205.587
9,200.9,30000.749
10,201.0,11899.194
11,201.1,8143.494
12,201.2,6611.149
13,201.3,4982.665
14,201.4,3249.971
15,201.5,1793.189
16,201.6,827.49
17,201.7,317.727
18,201.8,101.238
19,201.9,26.605
20,202.0,5.83
21,202.1,1.055
22,202.2,0.157
23,202.3,0.019
24,202.4,0.002
25,202.5,0.0
26,202.6,0.0
27,202.7,0.0
28,202.8,0.0
29,202.9,0.0
30,203.0,0.0
31,203.1,0.0
32,203.2,0.0
33,203.3,0.0
34,203.4,0.0
35,203.5,0.0
36,203.6,0.0
37,203.7,0.0
38,203.8,0.002
39,203.9,0.0
40,204.0,0.215
41,204.1,1.702
42,204.2,26.459
43,204.3,355.21
44,204.4,3458.744
45,204.5,30366.849
46,204.6,216300.0
47,204.7,1279576.471
48,204.8,6351944.506
49,204.9,26275642.57
50,205.0,90540000.0
51,205.1,259957709.867
52,205.2,622395998.564
53,205.3,1242524483.009
54,205.4,2070999999.997
55,205.5,2888376458.967
56,205.6,3390164567.631
57,205.7,3410740513.253
58,205.8,3074619826.238
59,205.9,2717958872.584
60,206.0,2611783160.5
61,206.1,2765989763.618
62,206.2,2979975251.344
63,206.3,3056770778.802
64,206.4,2943846828.088
65,206.5,2692541720.731
66,206.6,2340655621.984
67,206.7,1889837118.636
68,206.8,1369892601.23
69,206.9,865040251.439
70,207.0,466583538.505
71,207.1,212700000.001
72,207.2,81438795.685
73,207.3,26089235.119
74,207.4,6994697.62
75,207.5,1570000.0
76,207.6,293850.06
77,207.7,45637.929
78,207.8,5944.41
79,207.9,656.2
80,208.0,60.012
81,208.1,4.402
82,208.2,0.314
83,208.3,0.012
84,208.4,0.001
85,208.5,0.004
86,208.6,0.032
87,208.7,0.244
88,208.8,1.523
89,208.9,8.015
90,209.0,35.578
91,209.1,132.752
92,209.2,416.551
93,209.3,1102.257
94,209.4,2465.811
95,209.5,4674.35
96,209.6,7550.0
97,209.7,10452.743
98,209.8,12504.945
99,209.9,13092.056
100,210.0,12180.0
101,210.1,10360.756
102,210.2,8418.749
103,210.3,6960.309
104,210.4,6090.0
105,210.5,5502.326
106,210.6,4788.34
107,210.7,3775.863
108,210.8,2600.622
109,210.9,1537.327
110,211.0,772.652
111,211.1,329.148
112,211.2,118.492
113,211.3,36.02
114,211.4,9.224
115,211.5,1.99
116,211.6,0.363
117,211.7,0.056
118,211.8,0.007
119,211.9,0.001
120,212.0,0.0
121,212.1,0.0
122,212.2,0.0
123,212.3,0.0
124,212.4,0.0
125,212.5,0.0
126,212.6,0.0
127,212.7,0.0
128,212.8,0.0
129,212.9,0.0
130,213.0,0.0
131,213.1,0.0
132,213.2,0.0
133,213.3,0.0
134,213.4,0.0
135,213.5,0.0
136,213.6,0.0
137,213.7,0.0
138,213.8,0.0
139,213.9,0.0
140,214.0,0.0
141,214.1,0.0
142,214.2,0.0
143,214.3,0.0
144,214.4,0.0
145,214.5,0.0
146,214.6,0.0
147,214.7,0.0
148,214.8,0.0
149,214.9,0.0
150,215.0,0.0
151,215.1,0.0
152,215.2,0.0
153,215.3,0.0
154,215.4,0.0
155,215.5,0.0
156,215.6,0.0
157,215.7,0.0
158,215.8,0.0
159,215.9,0.0
160,216.0,0.0
161,216.1,0.0
162,216.2,0.0
163,216.3,0.0
164,216.4,0.0
165,216.5,0.0
166,216.6,0.0
167,216.7,0.0
168,216.8,0.0
169,216.9,0.0
170,217.0,0.0
171,217.1,0.0
172,217.2,0.0
173,217.3,0.0
174,217.4,0.0
175,217.5,0.0
176,217.6,0.0
177,217.7,0.0
178,217.8,0.0
179,217.9,0.0
180,218.0,0.0
181,218.1,0.0
182,218.2,0.0
183,218.3,0.0
184,218.4,0.0
185,218.5,0.0
186,218.6,0.001
187,218.7,0.011
188,218.8,0.077
189,218.9,0.47
190,219.0,2.46
191,219.1,10.972
192,219.2,41.673
193,219.3,134.977
194,219.4,373.263
195,219.5,880.014
196,219.6,1771.0
197,219.7,3039.458
198,219.8,4449.628
199,219.9,5557.796
200,220.0,5922.0
201,220.1,5384.036
202,220.2,4175.454
203,220.3,2763.34
204,220.4,1559.0
205,220.5,750.984
206,220.6,308.398
207,220.7,108.081
208,220.8,32.313
209,220.9,8.247
210,221.0,1.79
211,221.1,0.331
212,221.2,0.053
213,221.3,0.007
214,221.4,0.001
215,221.5,0.0
216,221.6,0.0
217,221.7,0.0
218,221.8,0.0
219,221.9,0.0
220,222.0,0.0
221,222.1,0.0
222,222.2,0.0
223,222.3,0.0
224,222.4,0.001
225,222.5,0.006
226,222.6,0.042
227,222.7,0.263
228,222.8,1.429
229,222.9,6.636
230,223.0,26.388
231,223.1,89.95
232,223.2,263.705
233,223.3,662.13
234,223.4,1426.248
235,223.5,2634.569
236,223.6,4174.311
237,223.7,5673.392
238,223.8,6614.467
239,223.9,6614.223
240,224.0,5673.859
241,224.1,4174.164
242,224.2,2634.836
243,224.3,1426.023
244,224.4,662.34
245,224.5,263.712
246,224.6,90.1
247,224.7,26.393
248,224.8,6.625
249,224.9,1.464
250,225.0,0.635
251,225.1,3.117
252,225.2,22.383
253,225.3,139.961
254,225.4,751.1
255,225.5,3461.248
256,225.6,13715.124
257,225.7,47011.129
258,225.8,138382.12
259,225.9,350560.189
260,226.0,764412.966
261,226.1,1434905.29
262,226.2,2317203.269
263,226.3,3222419.12
264,226.4,3857372.956
265,226.5,3975187.297
266,226.6,3526421.311
267,226.7,2697534.299
268,226.8,1792928.894
269,226.9,1088207.169
270,227.0,769444.926
271,227.1,994400.0
272,227.2,1991569.707
273,227.3,4064123.791
274,227.4,7432778.578
275,227.5,11970000.0
276,227.6,17069129.904
277,227.7,21742264.812
278,227.8,25027377.051
279,227.9,26240000.0
280,228.0,25178113.81
281,228.1,22034358.201
282,228.2,17455752.141
283,228.3,12385603.351
284,228.4,7781270.148
285,228.5,4297025.574
286,228.6,2070999.825
287,228.7,867584.791
288,228.8,315133.557
289,228.9,99447.22
290,229.0,29432.138
291,229.1,17659.148
292,229.2,44160.115
293,229.3,140649.161
294,229.4,399577.063
295,229.5,990955.147
296,229.6,2146000.0
297,229.7,4080797.729
298,229.8,6855340.795
299,229.9,10276424.288
300,230.0,13880000.0
301,230.1,17166618.73
302,230.2,19693341.879
303,230.3,21246474.222
304,230.4,21720000.0
305,230.5,21009553.986
306,230.6,19063784.415
307,230.7,15988369.966
308,230.8,12203283.974
309,230.9,8356224.625
310,231.0,5079805.545
311,231.1,2718527.985
312,231.2,1272855.459
313,231.3,519927.136
314,231.4,184594.312
315,231.5,56885.908
316,231.6,15214.703
317,231.7,3529.3
318,231.8,706.599
319,231.9,125.407
320,232.0,43.99
321,232.1,135.8
322,232.2,605.549
323,232.3,2393.343
324,232.4,8234.906
325,232.5,24620.0
326,232.6,64079.098
327,232.7,145357.728
328,232.8,287749.735
329,232.9,498700.0
330,233.0,759146.24
331,233.1,1020933.847
332,233.2,1222532.453
333,233.3,1322915.428
334,233.4,1322567.984
335,233.5,1268890.118
336,233.6,1221814.44
337,233.7,1220514.256
338,233.8,1255813.369
339,233.9,1276329.937
340,234.0,1234025.768
341,234.1,1127284.924
342,234.2,1017726.947
343,234.3,1002789.549
344,234.4,1148108.666
345,234.5,1440021.654
346,234.6,1773000.0
347,234.7,2002513.688
348,234.8,2031747.958
349,234.9,1877118.968
350,235.0,1665000.0
351,235.1,1555313.918
352,235.2,1637803.299
353,235.3,1872611.21
354,235.4,2114000.0
355,235.5,2194428.756
356,235.6,2031289.703
357,235.7,1670193.272
358,235.8,1261826.769
359,235.9,1004580.186
360,236.0,1086995.914
361,236.1,1670010.566
362,236.2,2845982.328
363,236.3,4564379.666
364,236.4,6551889.943
365,236.5,8322743.164
366,236.6,9336283.963
367,236.7,9253158.45
368,236.8,8116636.274
369,236.9,6342598.313
370,237.0,4507839.124
371,237.1,3095000.0
372,237.2,2331283.902
373,237.3,2166994.415
374,237.4,2362705.792
375,237.5,2633000.0
376,237.6,2786973.443
377,237.7,2853749.934
378,237.8,3108776.806
379,237.9,3990000.0
380,238.0,5890740.458
381,238.1,8893967.129
382,238.2,12594552.779
383,238.3,16125772.692
384,238.4,18501712.009
385,238.5,19070269.752
386,238.6,17844830.204
387,238.7,15383826.816
388,238.8,12456630.763
389,238.9,9666368.403
390,239.0,7253139.04
391,239.1,5245592.712
392,239.2,3594092.463
393,239.3,2283135.157
394,239.4,1318756.074
395,239.5,682316.122
396,239.6,313600.0
397,239.7,127755.407
398,239.8,48602.96
399,239.9,28493.025
400,240.0,57340.0
401,240.1,175127.394
402,240.2,497688.768
403,240.3,1244928.79
404,240.4,2728000.0
405,240.5,5238523.947
406,240.6,8813487.442
407,240.7,13006112.857
408,240.8,16842572.644
409,240.9,19168480.868
410,241.0,19256075.578
411,241.1,17189864.064
412,241.2,13842338.595
413,241.3,10305901.288
414,241.4,7419799.152
415,241.5,5493476.799
416,241.6,4450196.91
417,241.7,4068521.767
418,241.8,4150799.62
419,241.9,4552253.824
420,242.0,5156129.074
421,242.1,5845000.0
422,242.2,6490135.565
423,242.3,6952414.06
424,242.4,7100233.583
425,242.5,6857000.0
426,242.6,6241210.56
427,242.7,5363204.527
428,242.8,4374819.339
429,242.9,3406000.0
430,243.0,2549872.455
431,243.1,1904903.696
432,243.2,1666856.478
433,243.3,2262957.027
434,243.4,4512437.363
435,243.5,9677517.18
436,243.6,19187174.011
437,243.7,33815897.958
438,243.8,52499360.946
439,243.9,71706066.98
440,244.0,86119710.43
441,244.1,91019530.174
442,244.2,84852393.583
443,244.3,70400965.531
444,244.4,53618880.643
445,244.5,41139973.731
446,244.6,38000000.0
447,244.7,46240279.983
448,244.8,64326071.806
449,244.9,87128825.741
450,245.0,107100000.0
451,245.1,116752833.264
452,245.2,112237693.965
453,245.3,95010033.117
454,245.4,70790000.001
455,245.5,46414062.156
456,245.6,26778308.416
457,245.7,13585778.875
458,245.8,6067015.554
459,245.9,2384268.417
460,246.0,823822.333
461,246.1,250468.762
462,246.2,67081.103
463,246.3,15816.734
464,246.4,3267.266
465,246.5,596.091
466,246.6,109.27
467,246.7,87.245
468,246.8,349.487
469,246.9,1442.137
470,247.0,5311.001
471,247.1,17210.0
472,247.2,49164.556
473,247.3,124028.156
474,247.4,276030.483
475,247.5,542200.0
476,247.6,939870.751
477,247.7,1437319.223
478,247.8,1940538.413
479,247.9,2312000.0
480,248.0,2430020.017
481,248.1,2255592.997
482,248.2,1848879.286
483,248.3,1345846.234
484,248.4,890408.366
485,248.5,598604.987
486,248.6,557426.806
487,248.7,862169.639
488,248.8,1644129.759
489,248.9,3055828.825
490,249.0,5208314.718
491,249.1,8089257.447
492,249.2,11518659.116
493,249.3,15139868.55
494,249.4,18493272.575
495,249.5,21090514.33
496,249.6,22520000.0
497,249.7,22607742.416
498,249.8,21642206.348
499,249.9,20288983.778
500,250.0,19420000.0
501,250.1,19614873.973
502,250.2,20899930.412
503,250.3,22668511.981
504,250.4,24020000.0
505,250.5,24232407.659
506,250.6,23089152.887
507,250.7,20896079.756
508,250.8,18253114.614
509,250.9,15824454.197
510,251.0,14274518.275
511,251.1,14463850.306
512,251.2,17509618.802
513,251.3,24621857.471
514,251.4,36483777.666
515,251.5,52448408.395
516,251.6,70246720.118
517,251.7,86972553.063
518,251.8,101504259.971
519,251.9,117714533.979
520,252.0,145878743.031
521,252.1,200499999.998
522,252.2,293819714.404
523,252.3,426130692.298
524,252.4,580293314.453
525,252.5,724799999.996
526,252.6,827501035.272
527,252.7,872802466.779
528,252.8,869144401.805
529,252.9,842300000.001
530,253.0,817516684.681
531,253.1,805877026.569
532,253.2,801897817.85
533,253.3,791870698.814
534,253.4,763011524.918
535,253.5,707860414.408
536,253.6,624972629.669
537,253.7,519336147.776
538,253.8,401930503.72
539,253.9,287357939.399
540,254.0,189538225.584
541,254.1,116213977.975
542,254.2,67761089.205
543,254.3,39282205.109
544,254.4,23962032.494
545,254.5,16106281.809
546,254.6,12190000.0
547,254.7,10767809.456
548,254.8,11929189.685
549,254.9,17192260.475
550,255.0,29639999.999
551,255.1,53734381.845
552,255.2,93839637.328
553,255.3,151054634.416
554,255.4,219799999.998
555,255.5,286537859.397
556,255.6,333503845.106
557,255.7,346089624.92
558,255.8,320251753.568
559,255.9,264648850.671
560,256.0,195816464.78
561,256.1,130429019.051
562,256.2,79163238.994
563,256.3,45354303.476
564,256.4,27550027.962
565,256.5,23089119.024
566,256.6,30402239.465
567,256.7,48992874.805
568,256.8,77823681.621
569,256.9,113165201.673
570,257.0,147783727.755
571,257.1,172399999.999
572,257.2,179641654.832
573,257.3,167232499.583
574,257.4,139636471.737
575,257.5,105200000.001
576,257.6,72612478.982
577,257.7,47114142.846
578,257.8,30014485.351
579,257.9,19730000.0
580,258.0,13776843.969
581,258.1,10170590.245
582,258.2,7842131.112
583,258.3,6394470.456
584,258.4,5742914.365
585,258.5,5865165.756
586,258.6,6756289.752
587,258.7,8437001.87
588,258.8,10921954.79
589,258.9,14068154.919
590,259.0,17476373.886
591,259.1,20463507.819
592,259.2,22292944.772
593,259.3,22495766.654
594,259.4,21178125.788
595,259.5,19011547.56
596,259.6,16940000.0
597,259.7,15769723.04
598,259.8,15787460.635
599,259.9,16819799.58
600,260.0,18410000.0
601,260.1,20105471.865
602,260.2,21691467.476
603,260.3,23073087.601
604,260.4,24170000.0
605,260.5,24835990.417
606,260.6,25068402.788
607,260.7,25128199.251
608,260.8,25540780.643
609,260.9,26688407.595
610,261.0,28388537.579
611,261.1,29799302.112
612,261.2,29843261.518
613,261.3,27846500.356
614,261.4,24022522.191
615,261.5,19396681.243
616,261.6,15273329.903
617,261.7,12578323.065
618,261.8,11591958.546
619,261.9,11936681.834
620,262.0,12903872.556
621,262.1,13820000.0
622,262.2,14235465.638
623,262.3,14063289.768
624,262.4,13422041.483
625,262.5,12580000.0
626,262.6,11848337.145
627,262.7,11559326.829
628,262.8,12095124.745
629,262.9,13910000.0
630,263.0,17530941.598
631,263.1,23410808.263
632,263.2,31914941.73
633,263.3,43133833.911
634,263.4,56861509.624
635,263.5,72563433.243
636,263.6,89692020.756
637,263.7,107834504.515
638,263.8,126963143.969
639,263.9,147404710.893
640,264.0,169285623.884
641,264.1,192510326.459
642,264.2,216614853.946
643,264.3,239973848.627
644,264.4,259703271.196
645,264.5,272271083.435
646,264.6,274400000.0
647,264.7,266346467.822
648,264.8,253401709.469
649,264.9,246114309.171
650,265.0,255899999.999
651,265.1,289310534.064
652,265.2,344254187.102
653,265.3,410212826.791
654,265.4,473599999.998
655,265.5,524245618.625
656,265.6,558587260.64
657,265.7,577255892.128
658,265.8,581601285.514
659,265.9,573430535.206
660,266.0,559102662.84
661,266.1,554344290.851
662,266.2,582621087.742
663,266.3,665872063.275
664,266.4,811649202.636
665,266.5,1006977726.836
666,266.6,1221820055.382
667,266.7,1422838228.4
668,266.8,1589227163.247
669,266.9,1713039366.526
670,267.0,1793664374.751
671,267.1,1824000000.0
672,267.2,1788722901.203
673,267.3,1669157666.384
674,267.4,1461607724.892
675,267.5,1187000000.011
676,267.6,886969720.369
677,267.7,606334158.556
678,267.8,378941247.603
679,267.9,217300000.005
680,268.0,115691434.608
681,268.1,58526474.549
682,268.2,29222360.392
683,268.3,15007017.667
684,268.4,8145481.507
685,268.5,4711676.567
686,268.6,2990753.113
687,268.7,2258637.132
688,268.8,2135775.28
689,268.9,2340605.1
690,269.0,2633989.267
691,269.1,2850132.085
692,269.2,2923567.469
693,269.3,2903533.509
694,269.4,2916711.108
695,269.5,3128229.402
696,269.6,3700000.0
697,269.7,4758984.98
698,269.8,6364637.951
699,269.9,8451435.202
700,270.0,10770000.0
701,270.1,12878814.179
702,270.2,14248062.953
703,270.3,14470480.997
704,270.4,13420000.0
705,270.5,11330221.046
706,270.6,8703924.99
707,270.7,6116382.032
708,270.8,4024978.61
709,270.9,2732598.86
710,271.0,2434766.734
711,271.1,3331688.015
712,271.2,5674148.594
713,271.3,9662805.948
714,271.4,15234530.111
715,271.5,21791032.095
716,271.6,28186318.181
717,271.7,32942908.533
718,271.8,34861581.3
719,271.9,33548815.434
720,272.0,29732548.39
721,272.1,25000000.0
722,272.2,21117155.641
723,272.3,19401956.291
724,272.4,20233008.267
725,272.5,23070000.0
726,272.6,26815552.741
727,272.7,30406078.313
728,272.8,33336653.585
729,272.9,35780000.0
730,273.0,38329847.122
731,273.1,41593394.686
732,273.2,45987947.183
733,273.3,51917305.268
734,273.4,60191949.431
735,273.5,72316789.077
736,273.6,89959958.67
737,273.7,113975521.036
738,273.8,143182380.59
739,273.9,174386485.071
740,274.0,203142190.055
741,274.1,226506401.226
742,274.2,243917256.628
743,274.3,257422256.599
744,274.4,269716023.563
745,274.5,281895140.253
746,274.6,293600000.0
747,274.7,304112404.459
748,274.8,313900892.665
749,274.9,324224873.044
750,275.0,335100000.0
751,275.1,343797250.648
752,275.2,344640759.652
753,275.3,332707713.159
754,275.4,307000000.001
755,275.5,271714063.385
756,275.6,234275641.189
757,275.7,201924193.839
758,275.8,178511509.925
759,275.9,164472964.532
760,276.0,157813789.886
761,276.1,155812378.575
762,276.2,155693997.835
763,276.3,155273541.382
764,276.4,152178897.732
765,276.5,144806491.463
766,276.6,132305932.283
767,276.7,115701434.083
768,276.8,96870111.87
769,276.9,78233620.062
770,277.0,61476334.451
771,277.1,47320000.001
772,277.2,35782733.414
773,277.3,26723400.399
774,277.4,20265296.343
775,277.5,16830000.0
776,277.6,16869981.78
777,277.7,20520241.282
778,277.8,27322863.411
779,277.9,36290000.0
780,278.0,46287645.105
781,278.1,56729830.666
782,278.2,68252803.243
783,278.3,82567599.562
784,278.4,101474101.499
785,278.5,125025138.165
786,278.6,150215030.381
787,278.7,171368632.661
788,278.8,181915820.586
789,278.9,177359415.897
790,279.0,157894672.799
791,279.1,127741552.786
792,279.2,93882575.027
793,279.3,62632127.544
794,279.4,38136152.505
795,279.5,21828812.004
796,279.6,13430000.0
797,279.7,12379226.898
798,279.8,19099571.257
799,279.9,35314724.635
800,280.0,63539999.998
801,280.1,105566500.662
802,280.2,160838702.756
803,280.3,225483363.987
804,280.4,293199999.997
805,280.5,357450854.645
806,280.6,414597384.251
807,280.7,463906799.613
808,280.8,505332175.302
809,280.9,536974235.396
810,281.0,553191073.128
811,281.1,548858814.059
812,281.2,523770986.619
813,281.3,487282233.451
814,281.4,456177540.703
815,281.5,448762603.4
816,281.6,477864333.804
817,281.7,546890700.608
818,281.8,649725318.243
819,281.9,773228880.189
820,282.0,900523610.336
821,282.1,1012999999.995
822,282.2,1094016114.592
823,282.3,1134149186.198
824,282.4,1135502562.158
825,282.5,1111000000.001
826,282.6,1084921848.786
827,282.7,1082070553.643
828,282.8,1128813575.046
829,282.9,1258999999.991
830,283.0,1514377864.991
831,283.1,1940259617.29
832,283.2,2559849223.882
833,283.3,3344683501.148
834,283.4,4194723198.421
835,283.5,4954201117.615
836,283.6,5460943298.728
837,283.7,5614047789.509
838,283.8,5413239995.61
839,283.9,4958414706.31
840,284.0,4394132172.551
841,284.1,3849304785.79
842,284.2,3389516085.581
843,284.3,3026016376.427
844,284.4,2737906873.554
845,284.5,2511607889.581
846,284.6,2353000000.006
847,284.7,2279546217.522
848,284.8,2292803029.915
849,284.9,2362598670.284
850,285.0,2425999999.998
851,285.1,2421161956.906
852,285.2,2310143858.993
853,285.3,2099986071.916
854,285.4,1841000000.013
855,285.5,1599025109.645
856,285.6,1432203769.954
857,285.7,1375692179.792
858,285.8,1436803657.135
859,285.9,1601238920.863
860,286.0,1837340578.028
861,286.1,2108043655.228
862,286.2,2374767103.323
863,286.3,2608274238.023
864,286.4,2790567112.551
865,286.5,2915342050.496
866,286.6,2976647512.704
867,286.7,2966204930.401
868,286.8,2867860945.442
869,286.9,2676945320.651
870,287.0,2402648345.096
871,287.1,2073000000.017
872,287.2,1729406347.65
873,287.3,1414994759.133
874,287.4,1162269555.681
875,287.5,988000000.007
876,287.6,888931098.732
877,287.7,849936813.8
878,287.8,848644912.023
879,287.9,862999999.999
880,288.0,876623485.067
881,288.1,879791836.195
882,288.2,867689356.375
883,288.3,837826094.552
884,288.4,788946295.339
885,288.5,721434365.517
886,288.6,639417000.023
887,288.7,550685854.981
888,288.8,464565521.468
889,288.9,389084327.802
890,289.0,328168059.515
891,289.1,282485019.487
892,289.2,250612844.612
893,289.3,232233597.286
894,289.4,228024107.933
895,289.5,238630235.315
896,289.6,261699999.999
897,289.7,290848278.017
898,289.8,315708360.325
899,289.9,325689120.76
900,290.0,314000000.001
901,290.1,280358495.908
902,290.2,231366628.571
903,290.3,177152584.465
904,290.4,127700000.002
905,290.5,90070529.819
906,290.6,66670206.825
907,290.7,56518802.607
908,290.8,56263800.93
909,290.9,61637199.498
910,291.0,68445265.531
911,291.1,73223543.088
912,291.2,73928723.087
913,291.3,70344912.737
914,291.4,64253030.292
915,291.5,59001802.104
916,291.6,58655508.621
917,291.7,66795178.007
918,291.8,85201213.552
919,291.9,112908648.105
920,292.0,146040016.163
921,292.1,178399999.998
922,292.2,203651542.651
923,292.3,218081783.571
924,292.4,221788643.954
925,292.5,219600000.0
926,292.6,218882396.024
927,292.7,227730808.016
928,292.8,251605198.91
929,292.9,292299999.997
930,293.0,348064048.318
931,293.1,414266600.826
932,293.2,484758352.575
933,293.3,552466562.77
934,293.4,610118529.436
935,293.5,651051095.154
936,293.6,670116108.441
937,293.7,666329583.241
938,293.8,643454687.522
939,293.9,609363786.285
940,294.0,573513119.871
941,294.1,543090952.643
942,294.2,520916612.193
943,294.3,504455331.577
944,294.4,487862664.967
945,294.5,465280521.683
946,294.6,433500000.002
947,294.7,393916292.344
948,294.8,353068573.829
949,294.9,320112493.309
950,295.0,304000000.0
951,295.1,309766869.403
952,295.2,336695681.786
953,295.3,377813386.388
954,295.4,422099999.998
955,295.5,458010884.272
956,295.6,476558379.647
957,295.7,473374754.584
958,295.8,448787721.018
959,295.9,407129689.892
960,296.0,354939632.801
961,296.1,300478011.658
962,296.2,251837086.316
963,296.3,216679378.659
964,296.4,201023058.462
965,296.5,208789338.551
966,296.6,242547139.672
967,296.7,303031802.367
968,296.8,388485181.649
969,296.9,492557543.124
970,297.0,602728082.061
971,297.1,701599999.995
972,297.2,771596043.275
973,297.3,801775615.388
974,297.4,793690711.517
975,297.5,762000000.002
976,297.6,727660610.635
977,297.7,709725529.057
978,297.8,716424905.403
979,297.9,744499999.998
980,298.0,782965608.345
981,298.1,821323868.055
982,298.2,854488001.752
983,298.3,883661693.668
984,298.4,912170866.787
985,298.5,940310768.131
986,298.6,963196135.444
987,298.7,971393398.049
988,298.8,954904690.969
989,298.9,906907393.165
990,299.0,826660521.673
991,299.1,719846048.736
992,299.2,597682091.9
993,299.3,473929552.031
994,299.4,361458523.933
995,299.5,269264973.971
996,299.6,201200000.003
997,299.7,155600414.749
998,299.8,128115471.321
999,299.9,112957192.806
1000,300.0,104700000.0
1001,300.1,99680213.847
1002,300.2,94993001.959
1003,300.3,89413528.809
1004,300.4,82330000.0
1005,300.5,73847416.143
1006,300.6,64677290.646
1007,300.7,56133607.339
1008,300.8,50192173.708
1009,300.9,49565657.988
1010,301.0,57494649.463
1011,301.1,77361568.581
1012,301.2,111886422.769
1013,301.3,161993084.311
1014,301.4,226027951.728
1015,301.5,298972204.071
1016,301.6,373152447.088
1017,301.7,439908583.616
1018,301.8,491741597.226
1019,301.9,524075720.885
1020,302.0,535808996.28
1021,302.1,528700000.001
1022,302.2,506301923.593
1023,302.3,473241607.443
1024,302.4,435313923.508
1025,302.5,398800000.002
1026,302.6,369583311.339
1027,302.7,351417097.505
1028,302.8,343440073.02
1029,302.9,340800000.0
1030,303.0,335735355.728
1031,303.1,321410291.234
1032,303.2,294376439.634
1033,303.3,256148691.263
1034,303.4,212118458.073
1035,303.5,168743707.44
1036,303.6,131370554.63
1037,303.7,102838618.96
1038,303.8,83381806.02
1039,303.9,72100230.428
1040,304.0,67733942.961
1041,304.1,69641046.186
1042,304.2,77703945.225
1043,304.3,91775751.95
1044,304.4,110860112.065
1045,304.5,132494006.169
1046,304.6,152899999.999
1047,304.7,168448272.608
1048,304.8,176468585.628
1049,304.9,177549218.785
1050,305.0,175400000.0
1051,305.1,176812418.869
1052,305.2,189088846.591
1053,305.3,218093468.906
1054,305.4,265199999.997
1055,305.5,326951091.04
1056,305.6,394592012.633
1057,305.7,457975826.838
1058,305.8,509655127.791
1059,305.9,549813006.812
1060,306.0,588718142.415
1061,306.1,644459550.237
1062,306.2,736683574.841
1063,306.3,877917233.426
1064,306.4,1067229652.704
1065,306.5,1291028353.516
1066,306.6,1530646057.246
1067,306.7,1776951977.315
1068,306.8,2036475009.412
1069,306.9,2331586865.363
1070,307.0,2691257700.226
1071,307.1,3132999999.97
1072,307.2,3645859542.658
1073,307.3,4191732368.317
1074,307.4,4709581575.97
1075,307.5,5134999999.978
1076,307.6,5410636173.903
1077,307.7,5493632013.229
1078,307.8,5370040651.495
1079,307.9,5052000000.025
1080,308.0,4590972418.105
1081,308.1,4072593936.521
1082,308.2,3610869160.69
1083,308.3,3319254678.716
1084,308.4,3278231023.169
1085,308.5,3500831198.098
1086,308.6,3917365937.785
1087,308.7,4391071359.08
1088,308.8,4752709691.988
1089,308.9,4862223719.508
1090,309.0,4650603971.078
1091,309.1,4141083280.792
1092,309.2,3432076965.988
1093,309.3,2660732989.339
1094,309.4,1950014478.608
1095,309.5,1381480543.599
1096,309.6,983200000.02
1097,309.7,745970364.648
1098,309.8,639226128.295
1099,309.9,632001966.766
1100,310.0,700899999.994
1101,310.1,828926859.62
1102,310.2,998668199.675
1103,310.3,1184673641.533
1104,310.4,1354999999.991
1105,310.5,1475450450.805
1106,310.6,1517184152.197
1107,310.7,1471161642.032
1108,310.8,1345823367.037
1109,310.9,1171171462.211
1110,311.0,981027592.194
1111,311.1,815986997.819
1112,311.2,707243873.08
1113,311.3,679213063.288
1114,311.4,745764006.048
1115,311.5,908280654.589
1116,311.6,1152171901.533
1117,311.7,1446374622.441
1118,311.8,1741024992.38
1119,311.9,1980854262.376
1120,312.0,2116347191.277
1121,312.1,2121000000.004
1122,312.2,1997123604.833
1123,312.3,1778318030.562
1124,312.4,1517652530.648
1125,312.5,1265000000.015
1126,312.6,1062293970.235
1127,312.7,922089439.465
1128,312.8,839683131.813
1129,312.9,794300000.002
1130,313.0,763093515.776
1131,313.1,730227762.711
1132,313.2,689990835.437
1133,313.3,645512882.679
1134,313.4,603573293.304
1135,313.5,568272169.245
1136,313.6,538969930.753
1137,313.7,510958758.653
1138,313.8,478666044.22
1139,313.9,439671298.897
1140,314.0,396457816.124
1141,314.1,354982182.394
1142,314.2,321935692.852
1143,314.3,302071298.574
1144,314.4,296630797.218
1145,314.5,304045048.23
1146,314.6,321199999.999
1147,314.7,345658247.158
1148,314.8,375628656.936
1149,314.9,410848351.819
1150,315.0,451099999.997
1151,315.1,496133444.881
1152,315.2,544963219.284
1153,315.3,598134170.286
1154,315.4,658899999.996
1155,315.5,736160469.383
1156,315.6,843746428.154
1157,315.7,997181971.129
1158,315.8,1206975756.079
1159,315.9,1467982909.926
1160,316.0,1759582212.746
1161,316.1,2042932357.737
1162,316.2,2276732079.585
1163,316.3,2429125740.26
1164,316.4,2489481238.357
1165,316.5,2466508397.267
1166,316.6,2384607989.741
1167,316.7,2263623714.555
1168,316.8,2115841059.623
1169,316.9,1937411587.696
1170,317.0,1722627685.038
1171,317.1,1470000000.018
1172,317.2,1193579490.927
1173,317.3,913173091.748
1174,317.4,655708915.121
1175,317.5,441300000.013
1176,317.6,279840434.017
1177,317.7,170545309.935
1178,317.8,105517153.759
1179,317.9,73990000.001
1180,318.0,66362225.117
1181,318.1,76692834.564
1182,318.2,104131828.599
1183,318.3,152849780.802
1184,318.4,231647004.589
1185,318.5,351231054.468
1186,318.6,519436996.584
1187,318.7,735639803.814
1188,318.8,985632653.993
1189,318.9,1239547968.273
1190,319.0,1457341053.21
1191,319.1,1597449433.487
1192,319.2,1632339226.146
1193,319.3,1556702990.07
1194,319.4,1393773568.501
1195,319.5,1185419375.454
1196,319.6,984600000.012
1197,319.7,834791763.055
1198,319.8,763681031.233
1199,319.9,775290307.334
1200,320.0,851699999.993
1201,320.1,958840794.435
1202,320.2,1056282541.59
1203,320.3,1107463737.071
1204,320.4,1092000000.003
1205,320.5,1006802747.852
1206,320.6,867284697.184
1207,320.7,703039216.538
1208,320.8,545931552.8
1209,320.9,425255398.738
1210,321.0,362708975.186
1211,321.1,371499755.111
1212,321.2,456725872.294
1213,321.3,615197450.018
1214,321.4,835736529.884
1215,321.5,1097965424.75
1216,321.6,1376349204.624
1217,321.7,1643554841.45
1218,321.8,1877595134.417
1219,321.9,2067871882.287
1220,322.0,2215702991.13
1221,322.1,2332999999.993
1222,322.2,2433746183.945
1223,322.3,2536073918.865
1224,322.4,2656726620.268
1225,322.5,2819999999.986
1226,322.6,3061338237.115
1227,322.7,3424337589.345
1228,322.8,3964536427.658
1229,322.9,4738999999.937
1230,323.0,5786729505.107
1231,323.1,7117154226.471
1232,323.2,8681409146.869
1233,323.3,10370752718.45
1234,323.4,12005292178.003
1235,323.5,13385583020.563
1236,323.6,14323893845.786
1237,323.7,14705724811.612
1238,323.8,14470715526.166
1239,323.9,13693676854.386
1240,324.0,12480628110.755
1241,324.1,11015190702.121
1242,324.2,9434799716.929
1243,324.3,7904216253.348
1244,324.4,6538328243.208
1245,324.5,5423439260.593
1246,324.6,4603000000.047
1247,324.7,4082406946.768
1248,324.8,3823353224.035
1249,324.9,3758893463.167
1250,325.0,3804999999.995
1251,325.1,3874010051.025
1252,325.2,3897333244.65
1253,325.3,3830818406.547
1254,325.4,3662000000.015
1255,325.5,3415394232.962
1256,325.6,3138562457.254
1257,325.7,2888346501.497
1258,325.8,2712483245.144
1259,325.9,2628572155.226
1260,326.0,2619484335.908
1261,326.1,2635786287.803
1262,326.2,2619586268.057
1263,326.3,2520694297.135
1264,326.4,2324061436.903
1265,326.5,2046373316.304
1266,326.6,1735791106.407
1267,326.7,1445422742.073
1268,326.8,1223248249.35
1269,326.9,1089512529.205
1270,327.0,1042574831.731
1271,327.1,1060999999.997
1272,327.2,1115346581.175
1273,327.3,1179853654.041
1274,327.4,1240639716.145
1275,327.5,1294999999.996
1276,327.6,1343340862.002
1277,327.7,1389328589.783
1278,327.8,1430895676.292
1279,327.9,1460999999.998
1280,328.0,1474041201.749
1281,328.1,1469556703.542
1282,328.2,1454906292.58
1283,328.3,1440856798.439
1284,328.4,1439688979.564
1285,328.5,1454787468.497
1286,328.6,1477915876.929
1287,328.7,1490290762.348
1288,328.8,1468692102.787
1289,328.9,1394834865.2
1290,329.0,1262379668.874
1291,329.1,1080158605.263
1292,329.2,869678409.577
1293,329.3,656230483.518
1294,329.4,463354423.479
1295,329.5,305603123.311
1296,329.6,188300000.007
1297,329.7,108655909.175
1298,329.8,59322836.176
1299,329.9,32144861.432
1300,330.0,20090000.0
1301,330.1,18420576.856
1302,330.2,24650300.986
1303,330.3,37791263.193
1304,330.4,57519999.998
1305,330.5,83279103.167
1306,330.6,113655598.412
1307,330.7,146522090.611
1308,330.8,179308747.551
1309,330.9,210298952.16
1310,331.0,239450163.202
1311,331.1,269173372.75
1312,331.2,304658200.615
1313,331.3,353278942.23
1314,331.4,423547488.259
1315,331.5,525317559.76
1316,331.6,667875684.512
1317,331.7,859068940.592
1318,331.8,1102285910.949
1319,331.9,1391763808.512
1320,332.0,1710131403.803
1321,332.1,2029999999.977
1322,332.2,2317193064.887
1323,332.3,2539135806.043
1324,332.4,2679047662.373
1325,332.5,2736999999.998
1326,332.6,2732471398.053
1327,332.7,2695065518.444
1328,332.8,2650189157.799
1329,332.9,2615000000.002
1330,333.0,2591077246.263
1331,333.1,2574747496.792
1332,333.2,2559337886.718
1333,333.3,2547484847.031
1334,333.4,2555394156.316
1335,333.5,2610319038.664
1336,333.6,2742268194.852
1337,333.7,2978028976.347
1338,333.8,3330442865.331
1339,333.9,3793671823.628
1340,334.0,4347748795.821
1341,334.1,4970317511.883
1342,334.2,5658139290.09
1343,334.3,6435229844.75
1344,334.4,7348777695.792
1345,334.5,8437153105.752
1346,334.6,9688999999.899
1347,334.7,11009661833.07
1348,334.8,12197680498.849
1349,334.9,13036692545.8
1350,335.0,13290000000.006
1351,335.1,12858216033.472
1352,335.2,11781790737.03
1353,335.3,10252506203.239
1354,335.4,8576000000.126
1355,335.5,7065820601.196
1356,335.6,5971354655.628
1357,335.7,5417148856.877
1358,335.8,5391136441.265
1359,335.9,5752884203.068
1360,336.0,6286285843.252
1361,336.1,6755093094.521
1362,336.2,6969349852.004
1363,336.3,6830786755.885
1364,336.4,6353290858.498
1365,336.5,5650292486.164
1366,336.6,4897791408.266
1367,336.7,4274902991.555
1368,336.8,3916640451.552
1369,336.9,3878943246.628
1370,337.0,4125878068.718
1371,337.1,4549999999.964
1372,337.2,5000909253.512
1373,337.3,5331655442.559
1374,337.4,5439882836.795
1375,337.5,5298000000.02
1376,337.6,4958866487.957
1377,337.7,4527766111.87
1378,337.8,4135510592.716
1379,337.9,3889000000.012
1380,338.0,3843628488.215
1381,338.1,3990419672.654
1382,338.2,4261135363.669
1383,338.3,4555527719.085
1384,338.4,4766886707.391
1385,338.5,4816595546.239
1386,338.6,4667048907.503
1387,338.7,4329464309.774
1388,338.8,3853055190.766
1389,338.9,3307126353.392
1390,339.0,2760998586.95
1391,339.1,2269712418.935
1392,339.2,1863424739.081
1393,339.3,1545639473.736
1394,339.4,1304852115.463
1395,339.5,1118039658.479
1396,339.6,961400000.012
1397,339.7,818104603.311
1398,339.8,680573893.231
1399,339.9,549282359.635
1400,340.0,429500000.009
1401,340.1,326570789.826
1402,340.2,243717596.529
1403,340.3,180510098.223
1404,340.4,134000000.003
1405,340.5,99745755.555
1406,340.6,74104062.187
1407,340.7,54250318.925
1408,340.8,38598401.095
1409,340.9,26368479.339
1410,341.0,17146003.552
1411,341.1,10535645.165
1412,341.2,6096106.315
1413,341.3,3313591.134
1414,341.4,1689263.949
1415,341.5,806945.224
1416,341.6,361202.875
1417,341.7,151349.672
1418,341.8,59329.968
1419,341.9,21768.386
1420,342.0,7502.43
1421,342.1,2431.0
1422,342.2,756.564
1423,342.3,277.904
1424,342.4,305.481
1425,342.5,939.6
1426,342.6,3291.861
1427,342.7,11028.313
1428,342.8,34727.637
1429,342.9,102500.0
1430,343.0,283482.48
1431,343.1,734708.162
1432,343.2,1788365.714
1433,343.3,4077232.842
1434,343.4,8715463.849
1435,343.5,17460122.895
1436,343.6,32811507.249
1437,343.7,57791102.79
1438,343.8,95437569.916
1439,343.9,147793924.978
1440,344.0,214514958.872
1441,344.1,292101091.453
1442,344.2,373076328.16
1443,344.3,447254712.682
1444,344.4,503700568.107
1445,344.5,533932829.626
1446,344.6,534300000.001
1447,344.7,507513254.463
1448,344.8,462141277.937
1449,344.9,410028828.295
1450,345.0,363300000.003
1451,345.1,330851936.445
1452,345.2,317384853.518
1453,345.3,322628300.366
1454,345.4,342399999.998
1455,345.5,370609760.737
1456,345.6,400799817.393
1457,345.7,427350793.906
1458,345.8,446414936.829
1459,345.9,455531724.314
1460,346.0,453831679.19
1461,346.1,440934658.804
1462,346.2,417148015.126
1463,346.3,383298370.102
1464,346.4,341166667.979
1465,346.5,293634553.081
1466,346.6,244107660.864
1467,346.7,196679574.049
1468,346.8,155478636.795
1469,346.9,123690584.224
1470,347.0,104193546.627
1471,347.1,98180000.0
1472,347.2,105916263.777
1473,347.3,126099850.446
1474,347.4,155574922.038
1475,347.5,189699999.997
1476,347.6,222720349.77
1477,347.7,248718301.185
1478,347.8,263361020.777
1479,347.9,264500000.0
1480,348.0,252750500.781
1481,348.1,231354157.444
1482,348.2,205132789.024
1483,348.3,179109068.117
1484,348.4,157906122.786
1485,348.5,144640509.712
1486,348.6,140564289.716
1487,348.7,145743740.93
1488,348.8,158085932.271
1489,348.9,174674780.333
1490,349.0,191117550.179
1491,349.1,203434412.404
1492,349.2,208300005.867
1493,349.3,204634739.114
1494,349.4,194133269.736
1495,349.5,181498592.316
1496,349.6,173900000.0
1497,349.7,180474529.342
1498,349.8,210038745.374
1499,349.9,270166112.983
1500,350.0,364999999.99
1501,350.1,493414679.285
1502,350.2,648103258.053
1503,350.3,816312165.438
1504,350.4,981899999.986
1505,350.5,1128027346.905
1506,350.6,1242008311.965
1507,350.7,1315324761.471
1508,350.8,1346198146.812
1509,350.9,1336248342.668
1510,351.0,1289529761.937
1511,351.1,1210517965.301
1512,351.2,1103827241.282
1513,351.3,978538304.917
1514,351.4,842918699.258
1515,351.5,708654304.074
1516,351.6,586571945.834
1517,351.7,485239022.754
1518,351.8,407886280.376
1519,351.9,352739347.772
1520,352.0,313970806.113
1521,352.1,283900000.002
1522,352.2,255783105.491
1523,352.3,225527777.345
1524,352.4,192570541.979
1525,352.5,159000000.003
1526,352.6,129008836.355
1527,352.7,107038746.181
1528,352.8,97004146.724
1529,352.9,101499999.999
1530,353.0,121387187.616
1531,353.1,155438274.19
1532,353.2,199941463.621
1533,353.3,249017558.339
1534,353.4,295268768.815
1535,353.5,330788987.126
1536,353.6,349136467.941
1537,353.7,346891731.23
1538,353.8,324087764.932
1539,353.9,284857882.96
1540,354.0,235453207.578
1541,354.1,182953992.751
1542,354.2,133757000.504
1543,354.3,91891291.581
1544,354.4,59413415.416
1545,354.5,36102961.521
1546,354.6,20640000.001
1547,354.7,11090834.161
1548,354.8,5605708.055
1549,354.9,2663870.01
1550,355.0,1191000.0
1551,355.1,500420.572
1552,355.2,197707.136
1553,355.3,73477.041
1554,355.4,25700.0
1555,355.5,8450.874
1556,355.6,2616.599
1557,355.7,812.864
1558,355.8,413.451
1559,355.9,788.901
1560,356.0,2482.727
1561,356.1,7822.134
1562,356.2,23325.076
1563,356.3,65436.967
1564,356.4,172964.46
1565,356.5,430406.454
1566,356.6,1009830.571
1567,356.7,2227952.083
1568,356.8,4632879.195
1569,356.9,9070218.959
1570,357.0,16727491.772
1571,357.1,29049999.999
1572,357.2,47516263.519
1573,357.3,73192695.695
1574,357.4,106131596.361
1575,357.5,144999999.996
1576,357.6,186619637.917
1577,357.7,226099799.003
1578,357.8,258081115.803
1579,357.9,277399999.999
1580,358.0,281016975.801
1581,358.1,268547745.746
1582,358.2,242386496.793
1583,358.3,207698563.0
1584,358.4,170797622.403
1585,358.5,138065908.771
1586,358.6,114884700.756
1587,358.7,104976998.659
1588,358.8,110100720.617
1589,358.9,130026140.924
1590,359.0,162538594.653
1591,359.1,203623548.713
1592,359.2,247770884.54
1593,359.3,288672513.676
1594,359.4,320238422.188
1595,359.5,337785441.217
1596,359.6,339400000.001
1597,359.7,326094067.433
1598,359.8,301537087.308
1599,359.9,271513730.176
1600,360.0,242000000.002
1601,360.1,218107782.426
1602,360.2,202174464.372
1603,360.3,194470788.684
1604,360.4,192200000.0
1605,360.5,191713644.73
1606,360.6,188688686.128
1607,360.7,180252889.461
1608,360.8,165070240.291
1609,360.9,143980674.315
1610,361.0,119060219.943
1611,361.1,93124611.897
1612,361.2,68952960.284
1613,361.3,48455758.292
1614,361.4,32748417.834
1615,361.5,22072688.98
1616,361.6,16174035.261
1617,361.7,14605245.004
1618,361.8,16908140.35
1619,361.9,22646271.453
1620,362.0,31366365.248
1621,362.1,42349999.999
1622,362.2,54553934.169
1623,362.3,66557872.677
1624,362.4,76786855.785
1625,362.5,83840000.0
1626,362.6,86787831.978
1627,362.7,85594149.222
1628,362.8,81085202.192
1629,362.9,74890000.001
1630,363.0,69051807.375
1631,363.1,65615880.859
1632,363.2,66281003.045
1633,363.3,72213278.001
1634,363.4,83902623.884
1635,363.5,101283863.818
1636,363.6,123665261.318
1637,363.7,149846393.806
1638,363.8,177810998.436
1639,363.9,204961996.546
1640,364.0,228028394.689
1641,364.1,244008834.794
1642,364.2,250124975.609
1643,364.3,245277021.957
1644,364.4,229919105.011
1645,364.5,206312709.397
1646,364.6,178100000.003
1647,364.7,149549136.114
1648,364.8,124619783.347
1649,364.9,106240738.846
1650,365.0,96020000.001
1651,365.1,94295648.058
1652,365.2,100449820.979
1653,365.3,113538304.516
1654,365.4,132499999.998
1655,365.5,156314482.567
1656,365.6,184153097.871
1657,365.7,214700875.171
1658,365.8,245856495.641
1659,365.9,274672532.662
1660,366.0,297517344.807
1661,366.1,310890255.574
1662,366.2,312019807.09
1663,366.3,299785082.388
1664,366.4,275146310.941
1665,366.5,240889245.0
1666,366.6,200935398.307
1667,366.7,159744616.685
1668,366.8,121201583.032
1669,366.9,87933502.415
1670,367.0,61240305.596
1671,367.1,41220000.002
1672,367.2,27048879.435
1673,367.3,17523174.777
1674,367.4,11345777.656
1675,367.5,7417000.0
1676,367.6,4913268.112
1677,367.7,3284970.149
1678,367.8,2196953.204
1679,367.9,1462000.0
1680,368.0,975514.05
1681,368.1,680536.889
1682,368.2,539594.169
1683,368.3,527862.289
1684,368.4,625194.642
1685,368.5,811754.567
1686,368.6,1064535.913
1687,368.7,1353461.039
1688,368.8,1642838.465
1689,368.9,1894489.367
1690,369.0,2077270.111
1691,369.1,2178766.193
1692,369.2,2222215.831
1693,369.3,2277894.978
1694,369.4,2489399.579
1695,369.5,3091603.731
1696,369.6,4427000.0
1697,369.7,6957602.98
1698,369.8,11248791.074
1699,369.9,17876992.991
1700,370.0,27339999.999
1701,370.1,39806584.942
1702,370.2,54959668.63
1703,370.3,71830907.686
1704,370.4,88819999.998
1705,370.5,103853710.381
1706,370.6,114926282.446
1707,370.7,120273578.597
1708,370.8,119065020.519
1709,370.9,111815113.002
1710,371.0,99560324.281
1711,371.1,84729884.366
1712,371.2,69602017.845
1713,371.3,56554255.464
1714,371.4,47377398.236
1715,371.5,43222485.435
1716,371.6,44465096.121
1717,371.7,50786041.142
1718,371.8,61174095.45
1719,371.9,74117281.626
1720,372.0,87717326.466
1721,372.1,99959999.999
1722,372.2,108998087.414
1723,372.3,113650651.899
1724,372.4,113341655.462
1725,372.5,108300000.001
1726,372.6,99644207.628
1727,372.7,88780779.554
1728,372.8,77279431.552
1729,372.9,66690000.001
1730,373.0,58443715.734
1731,373.1,53949025.443
1732,373.2,54807838.732
1733,373.3,62876928.613
1734,373.4,80245759.996
1735,373.5,108867779.844
1736,373.6,149882451.829
1737,373.7,202914038.695
1738,373.8,265329593.899
1739,373.9,331976317.024
1740,374.0,395891174.464
1741,374.1,448972880.137
1742,374.2,484286260.368
1743,374.3,497484451.693
1744,374.4,487593227.892
1745,374.5,458451013.696
1746,374.6,417300000.004
1747,374.7,374468618.953
1748,374.8,342180991.552
1749,374.9,334005787.738
1750,375.0,365399999.994
1751,375.1,452820674.203
1752,375.2,613766759.999
1753,375.3,864152413.182
1754,375.4,1213999999.96
1755,375.5,1663222624.216
1756,375.6,2194665077.402
1757,375.7,2773203459.64
1758,375.8,3342922173.523
1759,375.9,3840554147.961
1760,376.0,4199901696.859
1761,376.1,4369704377.912
1762,376.2,4324439732.457
1763,376.3,4068836349.689
1764,376.4,3640517025.489
1765,376.5,3096692161.916
1766,376.6,2504412710.538
1767,376.7,1925165030.867
1768,376.8,1407267979.121
1769,376.9,978591837.924
1770,377.0,647304058.253
1771,377.1,408000000.02
1772,377.2,245444842.481
1773,377.3,141322807.606
1774,377.4,78340722.793
1775,377.5,42210000.003
1776,377.6,22547153.197
1777,377.7,12448220.995
1778,377.8,7726377.452
1779,377.9,6028000.0
1780,378.0,6136525.084
1781,378.1,7446760.379
1782,378.2,9617910.001
1783,378.3,12407357.344
1784,378.4,15527715.96
1785,378.5,18640339.356
1786,378.6,21388454.086
1787,378.7,23419226.35
1788,378.8,24442983.347
1789,378.9,24331345.498
1790,379.0,23088116.939
1791,379.1,20891749.263
1792,379.2,18033590.76
1793,379.3,14858527.987
1794,379.4,11726541.95
1795,379.5,8922591.77
1796,379.6,6644000.0
1797,379.7,4998399.898
1798,379.8,4004319.675
1799,379.9,3615838.822
1800,380.0,3738000.0
1801,380.1,4239666.424
1802,380.2,4967707.831
1803,380.3,5756210.46
1804,380.4,6447000.0
1805,380.5,6903265.437
1806,380.6,7033340.895
1807,380.7,6806140.398
1808,380.8,6249068.977
1809,380.9,5443174.982
1810,381.0,4495763.267
1811,381.1,3521313.197
1812,381.2,2616032.067
1813,381.3,1842706.038
1814,381.4,1230984.236
1815,381.5,780064.652
1816,381.6,468580.179
1817,381.7,266978.955
1818,381.8,144243.041
1819,381.9,73864.558
1820,382.0,35904.209
1821,382.1,16540.0
1822,382.2,7227.071
1823,382.3,2993.079
1824,382.4,1176.213
1825,382.5,438.4
1826,382.6,154.912
1827,382.7,51.86
1828,382.8,16.529
1829,382.9,5.176
1830,383.0,2.179
1831,383.1,3.047
1832,383.2,9.021
1833,383.3,28.371
1834,383.4,85.425
1835,383.5,244.49
1836,383.6,665.317
1837,383.7,1719.939
1838,383.8,4223.674
1839,383.9,9857.643
1840,384.0,21871.562
1841,384.1,46148.278
1842,384.2,92586.634
1843,384.3,176700.869
1844,384.4,321139.784
1845,384.5,555916.637
1846,384.6,917000.0
1847,384.7,1443146.066
1848,384.8,2166851.492
1849,384.9,3109738.963
1850,385.0,4270000.0
1851,385.1,5616648.76
1852,385.2,7086615.939
1853,385.3,8590885.217
1854,385.4,10020000.0
1855,385.5,11282292.013
1856,385.6,12271577.58
1857,385.7,12976778.774
1858,385.8,13383361.741
1859,385.9,13571574.453
1860,386.0,13654979.639
1861,386.1,13791964.983
1862,386.2,14095599.603
1863,386.3,14669549.879
1864,386.4,15510799.945
1865,386.5,16559401.748
1866,386.6,17654537.539
1867,386.7,18613961.556
1868,386.8,19246524.407
1869,386.9,19435606.936
1870,387.0,19163785.641
1871,387.1,18520000.0
1872,387.2,17690309.425
1873,387.3,16942064.461
1874,387.4,16602573.848
1875,387.5,16970000.0
1876,387.6,18331136.018
1877,387.7,20825547.459
1878,387.8,24424936.009
1879,387.9,28889999.999
1880,388.0,33797369.441
1881,388.1,38507412.796
1882,388.2,42356434.23
1883,388.3,44748059.416
1884,388.4,45310094.519
1885,388.5,44027096.281
1886,388.6,41282977.788
1887,388.7,37856995.107
1888,388.8,34927362.997
1889,388.9,33942056.5
1890,389.0,36678721.663
1891,389.1,45078382.073
1892,389.2,61206908.295
1893,389.3,87002103.035
1894,389.4,123815504.319
1895,389.5,171833088.43
1896,389.6,229699999.993
1897,389.7,293900692.451
1898,389.8,358874389.59
1899,389.9,417871909.047
1900,390.0,463599999.996
1901,390.1,490309984.854
1902,390.2,494756068.781
1903,390.3,477461007.222
1904,390.4,442600000.004
1905,390.5,397295272.192
1906,390.6,350042376.558
1907,390.7,308910435.167
1908,390.8,279799921.712
1909,390.9,265791922.032
1910,391.0,266291845.068
1911,391.1,277607283.922
1912,391.2,294026956.328
1913,391.3,309187570.279
1914,391.4,317277228.085
1915,391.5,314314246.432
1916,391.6,298812992.344
1917,391.7,271964226.194
1918,391.8,236553029.249
1919,391.9,196804933.583
1920,392.0,156880881.233
1921,392.1,120100000.004
1922,392.2,88862525.329
1923,392.3,64020971.348
1924,392.4,45493988.379
1925,392.5,32450000.001
1926,392.6,23706371.794
1927,392.7,18058683.607
1928,392.8,14443877.181
1929,392.9,12060000.0
1930,393.0,10340343.056
1931,393.1,8936871.038
1932,393.2,7656053.385
1933,393.3,6431647.83
1934,393.4,5267223.42
1935,393.5,4204389.764
1936,393.6,3303904.0
1937,393.7,2630442.969
1938,393.8,2245080.397
1939,393.9,2206259.68
1940,394.0,2571374.173
1941,394.1,3387123.191
1942,394.2,4688397.092
1943,394.3,6477138.732
1944,394.4,8712000.962
1945,394.5,11300964.133
1946,394.6,14110000.0
1947,394.7,16984151.587
1948,394.8,19804922.014
1949,394.9,22509578.357
1950,395.0,25150000.0
1951,395.1,27844589.395
1952,395.2,30807828.062
1953,395.3,34233711.62
1954,395.4,38260000.0
1955,395.5,42864063.615
1956,395.6,47919605.465
1957,395.7,53144757.379
1958,395.8,58231982.958
1959,395.9,62840163.699
1960,396.0,66700757.577
1961,396.1,69646809.78
1962,396.2,71556615.964
1963,396.3,72418790.294
1964,396.4,72240660.562
1965,396.5,71081406.892
1966,396.6,68995734.634
1967,396.7,66083593.409
1968,396.8,62415390.278
1969,396.9,58099962.098
1970,397.0,53258290.808
1971,397.1,48060000.001
1972,397.2,42738968.895
1973,397.3,37600213.784
1974,397.4,33022729.417
1975,397.5,29410000.0
1976,397.6,27121179.577
1977,397.7,26403397.31
1978,397.8,27319830.511
1979,397.9,29740000.0
1980,398.0,33332642.144
1981,398.1,37650749.216
1982,398.2,42183425.584
1983,398.3,46512953.991
1984,398.4,50286817.43
1985,398.5,53347948.944
1986,398.6,55643690.168
1987,398.7,57228110.362
1988,398.8,58167091.655
1989,398.9,58531717.992
1990,399.0,58357705.484
1991,399.1,57717370.626
1992,399.2,56684000.006
1993,399.3,55426466.685
1994,399.4,54105575.132
1995,399.5,52884058.935
1996,399.6,51840000.0
1997,399.7,50902094.466
1998,399.8,49873028.792
1999,399.9,48492953.816
2000,400.0,46500000.0
2001,400.1,43745045.996
2002,400.2,40235020.193
2003,400.3,36166597.032
2004,400.4,31830000.0
2005,400.5,27582573.656
2006,400.6,23713869.02
2007,400.7,20428078.543
2008,400.8,17797270.42
2009,400.9,15794888.597
2010,401.0,14292164.208
2011,401.1,13137984.766
2012,401.2,12205065.732
2013,401.3,11404815.739
2014,401.4,10716417.984
2015,401.5,10160618.936
2016,401.6,9823715.659
2017,401.7,9835196.202
2018,401.8,10340434.396
2019,401.9,11480624.948
2020,402.0,13403462.976
2021,402.1,16190000.0
2022,402.2,19864433.503
2023,402.3,24351731.723
2024,402.4,29437197.532
2025,402.5,34799999.999
2026,402.6,39976082.912
2027,402.7,44452738.382
2028,402.8,47713491.901
2029,402.9,49340000.0
2030,403.0,49115131.35
2031,403.1,47051830.293
2032,403.2,43411293.311
2033,403.3,38656824.392
2034,403.4,33328509.152
2035,403.5,28001612.454
2036,403.6,23106733.237
2037,403.7,18940879.972
2038,403.8,15603246.609
2039,403.9,13071485.999
2040,404.0,11243823.614
2041,404.1,9977607.299
2042,404.2,9181893.487
2043,404.3,8812834.869
2044,404.4,8890147.491
2045,404.5,9479406.632
2046,404.6,10670000.0
2047,404.7,12501687.733
2048,404.8,15008370.069
2049,404.9,18095362.005
2050,405.0,21600000.0
2051,405.1,25259536.207
2052,405.2,28760402.391
2053,405.3,31758954.824
2054,405.4,33950000.0
2055,405.5,35100348.006
2056,405.6,35126593.974
2057,405.7,34079199.134
2058,405.8,32143429.272
2059,405.9,29561403.958
2060,406.0,26628043.564
2061,406.1,23601989.739
2062,406.2,20689401.479
2063,406.3,18013531.514
2064,406.4,15593947.256
2065,406.5,13449312.462
2066,406.6,11513513.748
2067,406.7,9756006.726
2068,406.8,8136910.826
2069,406.9,6647484.783
2070,407.0,5294085.44
2071,407.1,4092000.0
2072,407.2,3059665.492
2073,407.3,2206723.85
2074,407.4,1531635.696
2075,407.5,1022000.0
2076,407.6,653929.894
2077,407.7,401294.854
2078,407.8,235859.715
2079,407.9,132800.0
2080,408.0,71591.861
2081,408.1,37146.267
2082,408.2,18919.239
2083,408.3,10228.979
2084,408.4,7267.629
2085,408.5,8253.549
2086,408.6,12812.257
2087,408.7,21577.013
2088,408.8,35829.985
2089,408.9,57289.597
2090,409.0,87646.536
2091,409.1,128170.966
2092,409.2,179031.825
2093,409.3,238977.608
2094,409.4,304755.663
2095,409.5,371704.121
2096,409.6,433600.0
2097,409.7,484529.056
2098,409.8,519756.111
2099,409.9,537616.779
2100,410.0,540200.0
2101,410.1,533984.576
2102,410.2,529084.68
2103,410.3,538149.436
2104,410.4,574100.0
2105,410.5,647141.379
2106,410.6,762941.506
2107,410.7,920016.649
2108,410.8,1108970.292
2109,410.9,1312392.866
2110,411.0,1508906.854
2111,411.1,1673556.073
2112,411.2,1783569.169
2113,411.3,1826036.68
2114,411.4,1796539.062
2115,411.5,1701409.435
2116,411.6,1560710.897
2117,411.7,1398734.324
2118,411.8,1245448.652
2119,411.9,1126129.033
2120,412.0,1062104.558
2121,412.1,1063000.0
2122,412.2,1127500.654
2123,412.3,1243642.151
2124,412.4,1388950.653
2125,412.5,1536000.0
2126,412.6,1657826.873
2127,412.7,1727730.042
2128,412.8,1732544.844
2129,412.9,1666000.0
2130,413.0,1532874.323
2131,413.1,1349600.134
2132,413.2,1136308.762
2133,413.3,914962.03
2134,413.4,704155.056
2135,413.5,518040.441
2136,413.6,364378.43
2137,413.7,244922.589
2138,413.8,157455.542
2139,413.9,96747.99
2140,414.0,56914.317
2141,414.1,32302.638
2142,414.2,18344.677
2143,414.3,12123.339
2144,414.4,12927.464
2145,414.5,23256.285
2146,414.6,50890.0
2147,414.7,112910.507
2148,414.8,242542.82
2149,414.9,499616.886
2150,415.0,984900.0
2151,415.1,1857717.173
2152,415.2,3352942.798
2153,415.3,5791059.832
2154,415.4,9570999.999
2155,415.5,15138370.577
2156,415.6,22924244.343
2157,415.7,33228308.962
2158,415.8,46132579.821
2159,415.9,61384164.659
2160,416.0,78313772.882
2161,416.1,95883645.908
2162,416.2,112888648.623
2163,416.3,127885373.757
2164,416.4,139911956.453
2165,416.5,148174356.928
2166,416.6,152478686.975
2167,416.7,153228515.599
2168,416.8,150941961.238
2169,416.9,146376561.094
2170,417.0,140355735.392
2171,417.1,133000000.001
2172,417.2,124514245.008
2173,417.3,114954611.653
2174,417.4,104118461.3
2175,417.5,92190000.002
2176,417.6,79424226.81
2177,417.7,66370872.051
2178,417.8,53683284.257
2179,417.9,42010000.001
2180,418.0,31860702.108
2181,418.1,23539294.768
2182,418.2,17106218.062
2183,418.3,12431400.307
2184,418.4,9220219.874
2185,418.5,7132299.982
2186,418.6,5817608.063
2187,418.7,4974723.758
2188,418.8,4376200.279
2189,418.9,3871957.861
2190,419.0,3384323.995
2191,419.1,2886129.853
2192,419.2,2388996.571
2193,419.3,1918511.529
2194,419.4,1505437.418
2195,419.5,1173903.021
2196,419.6,940500.0
2197,419.7,808972.85
2198,419.8,775152.448
2199,419.9,826647.657
2200,420.0,945700.0
2201,420.1,1110494.119
2202,420.2,1295735.055
2203,420.3,1477936.925
2204,420.4,1634000.0
2205,420.5,1748969.609
2206,420.6,1811864.28
2207,420.7,1823815.266
2208,420.8,1789491.854
2209,420.9,1722078.16
2210,421.0,1632665.205
2211,421.1,1534728.86
2212,421.2,1435736.382
2213,421.3,1340619.833
2214,421.4,1249334.613
2215,421.5,1163314.265
2216,421.6,1080109.548
2217,421.7,1001401.364
2218,421.8,929132.06
2219,421.9,864844.35
2220,422.0,810599.726
2221,422.1,766600.0
2222,422.2,731517.97
2223,422.3,703475.305
2224,422.4,680202.761
2225,422.5,660700.0
2226,422.6,645441.228
2227,422.7,636273.563
2228,422.8,636176.661
2229,422.9,648000.0
2230,423.0,673570.364
2231,423.1,713341.265
2232,423.2,765721.216
2233,423.3,827882.152
2234,423.4,896054.106
2235,423.5,966006.844
2236,423.6,1035993.967
2237,423.7,1106680.611
2238,423.8,1187081.824
2239,423.9,1302176.396
2240,424.0,1494756.264
2241,424.1,1840843.357
2242,424.2,2457080.671
2243,424.3,3506959.87
2244,424.4,5199123.79
2245,424.5,7777665.579
2246,424.6,11489999.999
2247,424.7,16530977.154
2248,424.8,23000453.599
2249,424.9,30825446.845
2250,425.0,39699999.999
2251,425.1,49084344.498
2252,425.2,58246473.333
2253,425.3,66329192.999
2254,425.4,72499999.999
2255,425.5,76101730.702
2256,425.6,76762056.242
2257,425.7,74500284.435
2258,425.8,69687777.273
2259,425.9,62986781.281
2260,426.0,55207562.53
2261,426.1,47215232.583
2262,426.2,39753610.579
2263,426.3,33385300.696
2264,426.4,28508861.954
2265,426.5,25333299.14
2266,426.6,23958515.572
2267,426.7,24371238.058
2268,426.8,26514449.793
2269,426.9,30209480.722
2270,427.0,35200715.332
2271,427.1,41069999.999
2272,427.2,47293862.433
2273,427.3,53248064.997
2274,427.4,58296987.574
2275,427.5,61930000.0
2276,427.6,63826668.172
2277,427.7,64017438.643
2278,427.8,62885905.668
2279,427.9,61160000.0
2280,428.0,59831661.938
2281,428.1,60064994.516
2282,428.2,62971528.034
2283,428.3,69475226.7
2284,428.4,80163690.916
2285,428.5,95169691.522
2286,428.6,114096233.605
2287,428.7,135990819.639
2288,428.8,159728156.541
2289,428.9,184033833.874
2290,429.0,207505711.166
2291,429.1,229508774.34
2292,429.2,249518197.523
2293,429.3,267840636.22
2294,429.4,284937563.163
2295,429.5,301524933.511
2296,429.6,317699999.998
2297,429.7,333329932.166
2298,429.8,347372706.774
2299,429.9,358573979.922
2300,430.0,365000000.0
2301,430.1,365181467.772
2302,430.2,358272981.34
2303,430.3,344272977.211
2304,430.4,324300000.003
2305,430.5,300138963.621
2306,430.6,274147500.895
2307,430.7,248595366.07
2308,430.8,225343924.442
2309,430.9,205601374.814
2310,431.0,189724999.011
2311,431.1,177217758.417
2312,431.2,167209777.904
2313,431.3,158442238.046
2314,431.4,149742588.709
2315,431.5,140079376.841
2316,431.6,129000311.146
2317,431.7,116140351.057
2318,431.8,101946147.347
2319,431.9,87026090.997
2320,432.0,72048058.991
2321,432.1,57820000.002
2322,432.2,45017571.771
2323,432.3,34079068.686
2324,432.4,25262483.165
2325,432.5,18600000.001
2326,432.6,14014456.091
2327,432.7,11376001.948
2328,432.8,10540067.856
2329,432.9,11400000.0
2330,433.0,13884030.903
2331,433.1,17932624.781
2332,433.2,23422825.334
2333,433.3,30133683.459
2334,433.4,37713052.766
2335,433.5,45639062.423
2336,433.6,53284823.326
2337,433.7,59960329.8
2338,433.8,65052186.818
2339,433.9,68065549.814
2340,434.0,68774773.451
2341,434.1,67229181.178
2342,434.2,63723729.781
2343,434.3,58751563.169
2344,434.4,52931377.199
2345,434.5,46857412.486
2346,434.6,41040000.001
2347,434.7,35831975.912
2348,434.8,31443109.554
2349,434.9,27886050.765
2350,435.0,25080000.0
2351,435.1,22865207.502
2352,435.2,21050163.949
2353,435.3,19484177.69
2354,435.4,18050000.0
2355,435.5,16708574.21
2356,435.6,15472694.706
2357,435.7,14429211.246
2358,435.8,13684584.695
2359,435.9,13337348.631
2360,436.0,13507948.314
2361,436.1,14237438.013
2362,436.2,15541020.554
2363,436.3,17327058.536
2364,436.4,19471563.772
2365,436.5,21775491.563
2366,436.6,23992002.574
2367,436.7,25888267.257
2368,436.8,27235368.633
2369,436.9,27873401.658
2370,437.0,27724862.984
2371,437.1,26800000.0
2372,437.2,25205210.846
2373,437.3,23122168.069
2374,437.4,20764002.646
2375,437.5,18370000.0
2376,437.6,16165000.926
2377,437.7,14350698.942
2378,437.8,13090659.292
2379,437.9,12540000.0
2380,438.0,12804744.092
2381,438.1,14013251.676
2382,438.2,16256284.157
2383,438.3,19676944.566
2384,438.4,24429864.893
2385,438.5,30710522.773
2386,438.6,38752418.034
2387,438.7,48772277.919
2388,438.8,60909658.107
2389,438.9,75114635.597
2390,439.0,91056144.392
2391,439.1,108078118.206
2392,439.2,125057039.653
2393,439.3,140663127.502
2394,439.4,153376768.483
2395,439.5,161745806.495
2396,439.6,164700000.0
2397,439.7,161867026.28
2398,439.8,153334575.603
2399,439.9,140017377.718
2400,440.0,123300000.002
2401,440.1,104840424.506
2402,440.2,86273951.197
2403,440.3,69179758.52
2404,440.4,54560000.002
2405,440.5,43020164.651
2406,440.6,34678640.475
2407,440.7,29284845.264
2408,440.8,26326814.934
2409,440.9,25141387.633
2410,441.0,25049610.821
2411,441.1,25439691.28
2412,441.2,25799842.494
2413,441.3,25796642.218
2414,441.4,25240606.598
2415,441.5,24097457.122
2416,441.6,22448078.855
2417,441.7,20426580.421
2418,441.8,18215548.028
2419,441.9,15984191.13
2420,442.0,13869233.217
2421,442.1,11980000.0
2422,442.2,10346160.745
2423,442.3,8999315.862
2424,442.4,7918139.149
2425,442.5,7081000.0
2426,442.6,6462942.852
2427,442.7,6051471.562
2428,442.8,5861445.04
2429,442.9,5947000.0
2430,443.0,6410214.397
2431,443.1,7424643.06
2432,443.2,9235223.371
2433,443.3,12170526.986
2434,443.4,16601750.043
2435,443.5,22933907.365
2436,443.6,31520209.054
2437,443.7,42567512.081
2438,443.8,56061879.032
2439,443.9,71634446.605
2440,444.0,88609551.274
2441,444.1,105894164.87
2442,444.2,122357145.866
2443,444.3,136426671.065
2444,444.4,147181811.223
2445,444.5,153581946.808
2446,444.6,155300000.0
2447,444.7,152505551.877
2448,444.8,145787601.531
2449,444.9,136100317.389
2450,445.0,124500000.002
2451,445.1,112231686.514
2452,445.2,100160929.764
2453,445.3,88992795.631
2454,445.4,79120000.001
2455,445.5,70840131.746
2456,445.6,64327655.191
2457,445.7,59766574.957
2458,445.8,57377298.496
2459,445.9,57494434.627
2460,446.0,60456617.046
2461,446.1,66554721.29
2462,446.2,75901789.03
2463,446.3,88280482.929
2464,446.4,103053129.257
2465,446.5,119113022.572
2466,446.6,135169161.417
2467,446.7,149280747.542
2468,446.8,159929068.937
2469,446.9,165789340.302
2470,447.0,165983296.812
2471,447.1,160300000.001
2472,447.2,149315587.471
2473,447.3,134146394.738
2474,447.4,116497932.275
2475,447.5,97860000.003
2476,447.6,79854808.329
2477,447.7,63703887.599
2478,447.8,50229988.185
2479,447.9,39840000.001
2480,448.0,32524590.305
2481,448.1,28042464.081
2482,448.2,25949583.851
2483,448.3,25728768.125
2484,448.4,26871327.573
2485,448.5,28892088.073
2486,448.6,31381237.101
2487,448.7,34025856.66
2488,448.8,36624932.76
2489,448.9,39121192.806
2490,449.0,41629441.92
2491,449.1,44404779.454
2492,449.2,47811943.536
2493,449.3,52289476.515
2494,449.4,58210787.23
2495,449.5,65792752.954
2496,449.6,74989999.999
2497,449.7,85415443.464
2498,449.8,96385158.991
2499,449.9,106858179.061
2500,450.0,115799999.999
2501,450.1,122097609.017
2502,450.2,124812767.762
2503,450.3,123620136.875
2504,450.4,118400000.001
2505,450.5,109725784.315
2506,450.6,98435115.561
2507,450.7,85601171.21
2508,450.8,72355291.691
2509,450.9,59727845.859
2510,451.0,48458515.585
2511,451.1,39035178.091
2512,451.2,31630772.747
2513,451.3,26165395.864
2514,451.4,22417575.924
2515,451.5,20074833.495
2516,451.6,18834048.53
2517,451.7,18430666.516
2518,451.8,18679464.652
2519,451.9,19524165.221
2520,452.0,20991309.756
2521,452.1,23220000.0
2522,452.2,26462757.026
2523,452.3,31032892.824
2524,452.4,37315301.128
2525,452.5,45679999.999
2526,452.6,56429035.148
2527,452.7,69679827.916
2528,452.8,85289735.155
2529,452.9,102799999.997
2530,453.0,121323294.654
2531,453.1,139622243.006
2532,453.2,156398738.676
2533,453.3,170137138.73
2534,453.4,179742932.356
2535,453.5,184346339.278
2536,453.6,184132055.931
2537,453.7,179631419.612
2538,453.8,172532532.701
2539,453.9,164855238.153
2540,454.0,158940033.291
2541,454.1,157259789.366
2542,454.2,161651439.53
2543,454.3,173303230.639
2544,454.4,192514824.317
2545,454.5,218157705.682
2546,454.6,248299999.995
2547,454.7,279995492.264
2548,454.8,309737731.197
2549,454.9,334052078.225
2550,455.0,350099999.998
2551,455.1,355753723.597
2552,455.2,350525631.781
2553,455.3,335065782.232
2554,455.4,311400000.004
2555,455.5,282267998.468
2556,455.6,250729157.878
2557,455.7,219987614.392
2558,455.8,192500069.986
2559,455.9,169895208.276
2560,456.0,153283915.303
2561,456.1,142738616.799
2562,456.2,137975239.74
2563,456.3,138337360.687
2564,456.4,143069474.121
2565,456.5,151440151.786
2566,456.6,162565421.118
2567,456.7,175559950.853
2568,456.8,189505882.673
2569,456.9,202998718.972
2570,457.0,214865264.068
2571,457.1,223399999.999
2572,457.2,227497774.622
2573,457.3,225984260.152
2574,457.4,218437812.312
2575,457.5,205000000.002
2576,457.6,186680661.592
2577,457.7,164740357.344
2578,457.8,141022685.888
2579,457.9,117200000.003
2580,458.0,95009016.168
2581,458.1,75567295.89
2582,458.2,59640396.759
2583,458.3,47438659.108
2584,458.4,38792142.88
2585,458.5,33173591.967
2586,458.6,29899836.956
2587,458.7,28200786.068
2588,458.8,27391182.552
2589,458.9,26877394.856
2590,459.0,26230635.751
2591,459.1,25207384.137
2592,459.2,23719834.17
2593,459.3,21794622.152
2594,459.4,19564906.028
2595,459.5,17180987.718
2596,459.6,14800000.0
2597,459.7,12555969.173
2598,459.8,10534401.017
2599,459.9,8791698.891
2600,460.0,7332000.0
2601,460.1,6139673.737
2602,460.2,5189282.824
2603,460.3,4454750.048
2604,460.4,3920000.0
2605,460.5,3584229.637
2606,460.6,3462882.77
2607,460.7,3583346.463
2608,460.8,3983224.785
2609,460.9,4697561.898
2610,461.0,5754939.453
2611,461.1,7161939.896
2612,461.2,8897850.42
2613,461.3,10910771.457
2614,461.4,13100907.233
2615,461.5,15353491.139
2616,461.6,17532059.551
2617,461.7,19480844.201
2618,461.8,21070977.629
2619,461.9,22176876.971
2620,462.0,22745235.979
2621,462.1,22730000.0
2622,462.2,22163635.521
2623,462.3,21077660.369
2624,462.4,19580294.344
2625,462.5,17760000.0
2626,462.6,15748862.237
2627,462.7,13661777.712
2628,462.8,11614315.095
2629,462.9,9714000.0
2630,463.0,8048355.05
2631,463.1,6685334.084
2632,463.2,5669928.553
2633,463.3,5023241.826
2634,463.4,4745368.601
2635,463.5,4815934.514
2636,463.6,5197946.172
2637,463.7,5841481.242
2638,463.8,6686752.801
2639,463.9,7669618.629
2640,464.0,8726589.555
2641,464.1,9792522.645
2642,464.2,10817890.696
2643,464.3,11735160.338
2644,464.4,12518113.927
2645,464.5,13121573.13
2646,464.6,13530000.0
2647,464.7,13732942.909
2648,464.8,13721268.232
2649,464.9,13506363.721
2650,465.0,13110000.0
2651,465.1,12570157.634
2652,465.2,11900874.821
2653,465.3,11155624.287
2654,465.4,10360000.0
2655,465.5,9538352.147
2656,465.6,8734118.721
2657,465.7,7967406.027
2658,465.8,7264859.265
2659,465.9,6648818.94
2660,466.0,6135451.305
2661,466.1,5736520.355
2662,466.2,5454909.983
2663,466.3,5283284.828
2664,466.4,5201357.293
2665,466.5,5182849.286
2666,466.6,5195426.682
2667,466.7,5203744.6
2668,466.8,5178376.118
2669,466.9,5098241.014
2670,467.0,4957265.327
2671,467.1,4760000.0
2672,467.2,4525191.009
2673,467.3,4279388.038
2674,467.4,4053400.725
2675,467.5,3874000.0
2676,467.6,3762646.565
2677,467.7,3727156.579
2678,467.8,3764078.765
2679,467.9,3859000.0
2680,468.0,3986867.653
2681,468.1,4120434.108
2682,468.2,4232964.097
2683,468.3,4302048.02
2684,468.4,4315860.59
2685,468.5,4273034.229
2686,468.6,4178111.842
2687,468.7,4047475.711
2688,468.8,3896592.667
2689,468.9,3745894.943
2690,469.0,3612044.84
2691,469.1,3506584.225
2692,469.2,3439097.267
2693,469.3,3411929.34
2694,469.4,3423922.943
2695,469.5,3470902.344
2696,469.6,3548000.0
2697,469.7,3648641.078
2698,469.8,3768100.766
2699,469.9,3904887.298
2700,470.0,4057000.0
2701,470.1,4228823.854
2702,470.2,4420299.463
2703,470.3,4632521.908
2704,470.4,4860000.0
2705,470.5,5093591.538
2706,470.6,5319294.634
2707,470.7,5520550.166
2708,470.8,5684072.585
2709,470.9,5801512.687
2710,471.0,5871615.443
2711,471.1,5904725.501
2712,471.2,5919682.018
2713,471.3,5937608.646
2714,471.4,5980249.378
2715,471.5,6060382.242
2716,471.6,6184404.166
2717,471.7,6344241.815
2718,471.8,6525311.275
2719,471.9,6705485.925
2720,472.0,6861871.632
2721,472.1,6981000.0
2722,472.2,7051272.067
2723,472.3,7074759.698
2724,472.4,7057988.439
2725,472.5,7014000.0
2726,472.6,6957475.877
2727,472.7,6903498.585
2728,472.8,6862029.431
2729,472.9,6842000.0
2730,473.0,6849974.456
2731,473.1,6890912.323
2732,473.2,6971386.06
2733,473.3,7096844.225
2734,473.4,7270762.247
2735,473.5,7497216.617
2736,473.6,7772425.426
2737,473.7,8084321.673
2738,473.8,8417452.292
2739,473.9,8743910.386
2740,474.0,9038157.946
2741,474.1,9274334.944
2742,474.2,9435653.171
2743,474.3,9523220.708
2744,474.4,9554175.543
2745,474.5,9569548.459
2746,474.6,9631000.0
2747,474.7,9811774.292
2748,474.8,10187481.51
2749,474.9,10841170.044
2750,475.0,11810000.0
2751,475.1,13120553.475
2752,475.2,14759924.439
2753,475.3,16649729.878
2754,475.4,18690000.0
2755,475.5,20731009.393
2756,475.6,22610253.169
2757,475.7,24140624.548
2758,475.8,25187057.131
2759,475.9,25624666.948
2760,476.0,25399479.682
2761,476.1,24500925.023
2762,476.2,22999107.702
2763,476.3,21013185.453
2764,476.4,18689804.656
2765,476.5,16205811.019
2766,476.6,13705139.008
2767,476.7,11331869.935
2768,476.8,9193416.477
2769,476.9,7352900.25
2770,477.0,5840000.461
2771,477.1,4653000.0
2772,477.2,3767634.176
2773,477.3,3147669.601
2774,477.4,2744636.071
2775,477.5,2512000.0
2776,477.6,2403256.337
2777,477.7,2378865.113
2778,477.8,2406936.991
2779,477.9,2467000.0
2780,478.0,2544949.966
2781,478.1,2640187.21
2782,478.2,2755927.054
2783,478.3,2901476.134
2784,478.4,3085418.73
2785,478.5,3313920.525
2786,478.6,3585034.376
2787,478.7,3891039.38
2788,478.8,4216853.532
2789,478.9,4540895.506
2790,479.0,4842737.121
2791,479.1,5104442.597
2792,479.2,5316911.152
2793,479.3,5478280.291
2794,479.4,5597037.401
2795,479.5,5688402.129
2796,479.6,5772000.0
2797,479.7,5867680.573
2798,479.8,5987735.838
2799,479.9,6135575.658
2800,480.0,6305000.0
2801,480.1,6477788.402
2802,480.2,6628545.725
2803,480.3,6728618.254
2804,480.4,6749000.0
2805,480.5,6670313.14
2806,480.6,6479693.394
2807,480.7,6182267.081
2808,480.8,5793774.622
2809,480.9,5343035.686
2810,481.0,4865546.477
2811,481.1,4402689.005
2812,481.2,3989365.014
2813,481.3,3655873.92
2814,481.4,3419877.943
2815,481.5,3284922.353
2816,481.6,3241074.165
2817,481.7,3268072.722
2818,481.8,3335455.764
2819,481.9,3410640.866
2820,482.0,3462913.601
2821,482.1,3464000.0
2822,482.2,3396702.204
2823,482.3,3255727.255
2824,482.4,3043851.84
2825,482.5,2775000.0
2826,482.6,2471857.29
2827,482.7,2159526.9
2828,482.8,1865369.96
2829,482.9,1614000.0
2830,483.0,1429416.674
2831,483.1,1327854.146
2832,483.2,1318516.429
2833,483.3,1407874.969
2834,483.4,1589174.534
2835,483.5,1853550.559
2836,483.6,2180188.875
2837,483.7,2543757.187
2838,483.8,2915720.511
2839,483.9,3263768.193
2840,484.0,3558692.907
2841,484.1,3781421.443
2842,484.2,3917921.662
2843,484.3,3975601.673
2844,484.4,3969929.808
2845,484.5,3934261.625
2846,484.6,3909000.0
2847,484.7,3940924.484
2848,484.8,4069168.559
2849,484.9,4325162.168
2850,485.0,4720000.0
2851,485.1,5247637.402
2852,485.2,5873913.129
2853,485.3,6550266.489
2854,485.4,7213000.0
2855,485.5,7795112.312
2856,485.6,8237585.573
2857,485.7,8498662.721
2858,485.8,8563992.82
2859,485.9,8448482.546
2860,486.0,8200672.968
2861,486.1,7892819.201
2862,486.2,7615436.1
2863,486.3,7461847.078
2864,486.4,7520356.837
2865,486.5,7857331.62
2866,486.6,8509153.431
2867,486.7,9478904.886
2868,486.8,10728137.181
2869,486.9,12174237.398
2870,487.0,13727519.896
2871,487.1,15260000.0
2872,487.2,16642234.348
2873,487.3,17791306.417
2874,487.4,18616147.836
2875,487.5,19090000.0
2876,487.6,19232538.047
2877,487.7,19079395.762
2878,487.8,18742227.846
2879,487.9,18300000.0
2880,488.0,17868032.262
2881,488.1,17505807.513
2882,488.2,17239600.306
2883,488.3,17072983.12
2884,488.4,16946913.351
2885,488.5,16781464.557
2886,488.6,16500373.882
2887,488.7,16012386.389
2888,488.8,15274260.022
2889,488.9,14273400.319
2890,489.0,13026838.298
2891,489.1,11581654.277
2892,489.2,10032377.986
2893,489.3,8456743.36
2894,489.4,6950394.618
2895,489.5,5591930.77
2896,489.6,4446000.0
2897,489.7,3564572.424
2898,489.8,2982043.799
2899,489.9,2729669.582
2900,490.0,2832000.0
2901,490.1,3313743.004
2902,490.2,4196719.866
2903,490.3,5495073.124
2904,490.4,7211000.0
2905,490.5,9319336.544
2906,490.6,11765799.966
2907,490.7,14456325.979
2908,490.8,17250951.861
2909,490.9,19986522.011
2910,491.0,22497902.015
2911,491.1,24601200.014
2912,491.2,26149803.547
2913,491.3,27048860.132
2914,491.4,27266668.885
2915,491.5,26829883.119
2916,491.6,25825537.811
2917,491.7,24402590.125
2918,491.8,22698259.113
2919,491.9,20871772.497
2920,492.0,19061773.29
2921,492.1,17360000.0
2922,492.2,15840155.129
2923,492.3,14489976.749
2924,492.4,13323213.314
2925,492.5,12300000.0
2926,492.6,11373320.188
2927,492.7,10522137.905
2928,492.8,9708928.293
2929,492.9,8922000.0
2930,493.0,8151419.229
2931,493.1,7402695.044
2932,493.2,6683540.829
2933,493.3,6004366.907
2934,493.4,5373283.914
2935,493.5,4797014.456
2936,493.6,4277112.165
2937,493.7,3811765.187
2938,493.8,3395538.702
2939,493.9,3025284.158
2940,494.0,2693653.822
2941,494.1,2396786.092
2942,494.2,2134224.941
2943,494.3,1904737.441
2944,494.4,1710282.537
2945,494.5,1554255.913
2946,494.6,1440000.0
2947,494.7,1369527.422
2948,494.8,1344191.176
2949,494.9,1360240.045
2950,495.0,1413000.0
2951,495.1,1493874.506
2952,495.2,1591021.358
2953,495.3,1693873.525
2954,495.4,1789000.0
2955,495.5,1866767.412
2956,495.6,1920244.402
2957,495.7,1947032.842
2958,495.8,1948955.703
2959,495.9,1932901.432
2960,496.0,1910131.383
2961,496.1,1893071.177
2962,496.2,1894343.716
2963,496.3,1928322.181
2964,496.4,2010735.842
2965,496.5,2157499.308
2966,496.6,2389928.117
2967,496.7,2737894.068
2968,496.8,3237952.967
2969,496.9,3941969.848
2970,497.0,4911214.411
2971,497.1,6216000.0
2972,497.2,7929886.779
2973,497.3,10113610.369
2974,497.4,12816636.834
2975,497.5,16029999.999
2976,497.6,19723224.475
2977,497.7,23795911.339
2978,497.8,28104920.501
2979,497.9,32469999.999
2980,498.0,36678468.033
2981,498.1,40523435.008
2982,498.2,43851089.791
2983,498.3,46547171.034
2984,498.4,48571803.31
2985,498.5,49933056.35
2986,498.6,50713932.076
2987,498.7,51020122.234
2988,498.8,50983144.596
2989,498.9,50695220.153
2990,499.0,50247770.717
2991,499.1,49698862.721
2992,499.2,49074185.22
2993,499.3,48392748.458
2994,499.4,47673096.322
2995,499.5,46905139.32
2996,499.6,46130000.0
2997,499.7,45331419.645
2998,499.8,44544511.802
2999,499.9,43764629.849
3000,500.0,42990000.0
3001,500.1,42231050.906
3002,500.2,41497584.646
3003,500.3,40794881.674
3004,500.4,40140000.0
3005,500.5,39577255.967
3006,500.6,39140654.409
3007,500.7,38832766.443
3008,500.8,38685888.516
3009,500.9,38685977.744
3010,501.0,38805177.806
3011,501.1,38977967.365
3012,501.2,39137937.713
3013,501.3,39200020.627
3014,501.4,39095892.496
3015,501.5,38767064.741
3016,501.6,38175039.18
3017,501.7,37300279.559
3018,501.8,36163244.973
3019,501.9,34811416.879
3020,502.0,33282078.959
3021,502.1,31640000.0
3022,502.2,29925537.736
3023,502.3,28194643.029
3024,502.4,26470019.658
3025,502.5,24790000.0
3026,502.6,23186443.254
3027,502.7,21682506.374
3028,502.8,20334782.845
3029,502.9,19200000.0
3030,503.0,18302046.262
3031,503.1,17693668.604
3032,503.2,17372376.175
3033,503.3,17330629.902
3034,503.4,17505377.522
3035,503.5,17824334.854
3036,503.6,18162945.505
3037,503.7,18405261.243
3038,503.8,18441695.303
3039,503.9,18191726.336
3040,504.0,17592441.193
3041,504.1,16633687.347
3042,504.2,15358785.271
3043,504.3,13817516.795
3044,504.4,12104014.68
3045,504.5,10321431.168
3046,504.6,8569000.0
3047,504.7,6925784.795
3048,504.8,5457877.756
3049,504.9,4208579.872
3050,505.0,3196000.0
3051,505.1,2424666.539
3052,505.2,1882166.087
3053,505.3,1549945.011
3054,505.4,1407000.0
3055,505.5,1429656.988
3056,505.6,1594507.648
3057,505.7,1878307.785
3058,505.8,2256094.565
3059,505.9,2700679.399
3060,506.0,3182231.449
3061,506.1,3666347.258
3062,506.2,4118754.729
3063,506.3,4506907.861
3064,506.4,4799768.888
3065,506.5,4975744.258
3066,506.6,5020743.278
3067,506.7,4934628.601
3068,506.8,4724892.757
3069,506.9,4410343.868
3070,507.0,4016736.77
3071,507.1,3573000.0
3072,507.2,3107804.733
3073,507.3,2650241.111
3074,507.4,2220853.601
3075,507.5,1837000.0
3076,507.6,1509421.345
3077,507.7,1244840.228
3078,507.8,1044521.548
3079,507.9,905600.0
3080,508.0,822814.72
3081,508.1,788768.424
3082,508.2,794287.707
3083,508.3,828701.121
3084,508.4,880768.802
3085,508.5,938924.259
3086,508.6,992436.467
3087,508.7,1031159.086
3088,508.8,1049742.686
3089,508.9,1041511.959
3090,509.0,1006284.497
3091,509.1,945828.121
3092,509.2,864020.825
3093,509.3,766873.328
3094,509.4,661558.215
3095,509.5,554982.251
3096,509.6,453600.0
3097,509.7,362643.1
3098,509.8,285902.762
3099,509.9,225937.166
3100,510.0,184200.0
3101,510.1,161347.416
3102,510.2,157656.456
3103,510.3,173219.0
3104,510.4,207600.0
3105,510.5,260385.702
3106,510.6,330281.753
3107,510.7,415161.53
3108,510.8,511684.703
3109,510.9,615102.873
3110,511.0,719680.913
3111,511.1,818336.744
3112,511.2,903917.536
3113,511.3,969813.125
3114,511.4,1010277.153
3115,511.5,1022262.299
3116,511.6,1004365.574
3117,511.7,958635.468
3118,511.8,888273.916
3119,511.9,799484.674
3120,512.0,699117.007
3121,512.1,594400.0
3122,512.2,492103.704
3123,512.3,397774.602
3124,512.4,316133.728
3125,512.5,250100.0
3126,512.6,201954.247
3127,512.7,172793.391
3128,512.8,163670.538
3129,512.9,175200.0
3130,513.0,208569.695
3131,513.1,264822.665
3132,513.2,345139.018
3133,513.3,450635.565
3134,513.4,581879.371
3135,513.5,738485.705
3136,513.6,918974.437
3137,513.7,1119914.573
3138,513.8,1337262.732
3139,513.9,1563213.906
3140,514.0,1790053.93
3141,514.1,2008903.237
3142,514.2,2209883.574
3143,514.3,2380778.939
3144,514.4,2514832.924
3145,514.5,2602651.438
3146,514.6,2638000.0
3147,514.7,2619955.794
3148,514.8,2548396.812
3149,514.9,2428274.912
3150,515.0,2267000.0
3151,515.1,2071871.707
3152,515.2,1855905.044
3153,515.3,1628828.128
3154,515.4,1402000.0
3155,515.5,1184444.015
3156,515.6,983292.369
3157,515.7,806353.131
3158,515.8,656877.625
3159,515.9,538542.614
3160,516.0,453858.867
3161,516.1,404920.558
3162,516.2,393675.284
3163,516.3,422076.318
3164,516.4,491882.073
3165,516.5,604152.346
3166,516.6,758588.225
3167,516.7,952974.384
3168,516.8,1182251.209
3169,516.9,1438662.274
3170,517.0,1710120.322
3171,517.1,1982000.0
3172,517.2,2240768.682
3173,517.3,2468530.971
3174,517.4,2652365.177
3175,517.5,2783000.0
3176,517.6,2853491.425
3177,517.7,2868887.907
3178,517.8,2836194.549
3179,517.9,2770000.0
3180,518.0,2692814.434
3181,518.1,2628142.619
3182,518.2,2600237.746
3183,518.3,2635241.935
3184,518.4,2753129.169
3185,518.5,2973921.193
3186,518.6,3310100.109
3187,518.7,3772397.678
3188,518.8,4371238.87
3189,518.9,5117681.226
3190,519.0,6033782.97
3191,519.1,7151425.407
3192,519.2,8521473.868
3193,519.3,10219398.135
3194,519.4,12343757.235
3195,519.5,15011567.784
3196,519.6,18339999.999
3197,519.7,22462099.131
3198,519.8,27456624.985
3199,519.9,33362432.168
3200,520.0,40129999.999
3201,520.1,47625055.809
3202,520.2,55575307.257
3203,520.3,63640354.468
3204,520.4,71379999.999
3205,520.5,78295619.105
3206,520.6,83928260.011
3207,520.7,87833215.755
3208,520.8,89719889.57
3209,520.9,89420500.082
3210,521.0,86947921.483
3211,521.1,82493794.928
3212,521.2,76403104.433
3213,521.3,69111448.476
3214,521.4,61135879.09
3215,521.5,52980624.387
3216,521.6,45106701.136
3217,521.7,37885511.45
3218,521.8,31570931.231
3219,521.9,26298678.44
3220,522.0,22089513.95
3221,522.1,18870000.001
3222,522.2,16492502.9
3223,522.3,14766371.114
3224,522.4,13519699.175
3225,522.5,12550000.0
3226,522.6,11717865.062
3227,522.7,10898402.033
3228,522.8,10037017.941
3229,522.9,9103000.0
3230,523.0,8097629.955
3231,523.1,7052406.817
3232,523.2,6007491.827
3233,523.3,5008694.718
3234,523.4,4096620.632
3235,523.5,3300858.053
3236,523.6,2640413.46
3237,523.7,2122124.032
3238,523.8,1740657.254
3239,523.9,1482653.132
3240,524.0,1331723.871
3241,524.1,1264873.391
3242,524.2,1262003.808
3243,524.3,1302676.506
3244,524.4,1370395.455
3245,524.5,1451858.386
3246,524.6,1539000.0
3247,524.7,1626681.058
3248,524.8,1715393.338
3249,524.9,1805984.551
3250,525.0,1906000.0
3251,525.1,2021680.204
3252,525.2,2158693.917
3253,525.3,2324155.109
3254,525.4,2520000.0
3255,525.5,2745460.83
3256,525.6,2997230.487
3257,525.7,3265818.988
3258,525.8,3539008.417
3259,525.9,3801200.567
3260,526.0,4035754.955
3261,526.1,4226597.495
3262,526.2,4360279.164
3263,526.3,4424150.133
3264,526.4,4415548.816
3265,526.5,4331969.29
3266,526.6,4179626.798
3267,526.7,3968542.361
3268,526.8,3710667.746
3269,526.9,3421206.498
3270,527.0,3115702.422
3271,527.1,2808000.0
3272,527.2,2508301.974
3273,527.3,2227126.082
3274,527.4,1969381.469
3275,527.5,1739000.0
3276,527.6,1538222.04
3277,527.7,1367118.758
3278,527.8,1225738.867
3279,527.9,1114000.0
3280,528.0,1033269.376
3281,528.1,985234.486
3282,528.2,976158.334
3283,528.3,1012415.776
3284,528.4,1106310.652
3285,528.5,1270780.265
3286,528.6,1523484.215
3287,528.7,1880864.399
3288,528.8,2359853.691
3289,528.9,2973309.395
3290,529.0,3722441.977
3291,529.1,4600713.818
3292,529.2,5587606.906
3293,529.3,6644586.995
3294,529.4,7721707.687
3295,529.5,8757871.335
3296,529.6,9685000.0
3297,529.7,10445021.582
3298,529.8,10966141.828
3299,529.9,11222259.061
3300,530.0,11190000.0
3301,530.1,10874886.023
3302,530.2,10306724.708
3303,530.3,9530177.575
3304,530.4,8603000.0
3305,530.5,7593763.785
3306,530.6,6566953.369
3307,530.7,5579431.125
3308,530.8,4676323.665
3309,530.9,3890368.902
3310,531.0,3241058.06
3311,531.1,2735398.192
3312,531.2,2374227.66
3313,531.3,2155317.419
3314,531.4,2074400.971
3315,531.5,2131647.23
3316,531.6,2330961.649
3317,531.7,2679987.729
3318,531.8,3190828.259
3319,531.9,3873270.768
3320,532.0,4733675.869
3321,532.1,5768000.0
3322,532.2,6958469.094
3323,532.3,8271311.674
3324,532.4,9653565.252
3325,532.5,11030000.0
3326,532.6,12328129.311
3327,532.7,13459964.579
3328,532.8,14342003.517
3329,532.9,14900000.0
3330,533.0,15110784.3
3331,533.1,14937890.784
3332,533.2,14417985.862
3333,533.3,13596418.771
3334,533.4,12535439.698
3335,533.5,11331188.083
3336,533.6,10087051.661
3337,533.7,8879625.511
3338,533.8,7785647.251
3339,533.9,6863186.039
3340,534.0,6142474.711
3341,534.1,5633648.747
3342,534.2,5323232.155
3343,534.3,5183994.722
3344,534.4,5174310.822
3345,534.5,5246729.502
3346,534.6,5355000.0
3347,534.7,5454099.582
3348,534.8,5506394.821
3349,534.9,5485560.463
3350,535.0,5375000.0
3351,535.1,5168165.765
3352,535.2,4870307.006
3353,535.3,4493995.462
3354,535.4,4058000.0
3355,535.5,3584433.433
3356,535.6,3096483.113
3357,535.7,2616029.26
3358,535.8,2159667.956
3359,535.9,1743437.312
3360,536.0,1374722.246
3361,536.1,1059060.727
3362,536.2,797232.1
3363,536.3,586151.479
3364,536.4,420840.317
3365,536.5,295046.926
3366,536.6,201876.082
3367,536.7,134893.171
3368,536.8,87900.604
3369,536.9,55931.79
3370,537.0,34702.448
3371,537.1,21010.0
3372,537.2,12403.715
3373,537.3,7148.41
3374,537.4,4030.591
3375,537.5,2244.0
3376,537.6,1273.118
3377,537.7,813.341
3378,537.8,702.031
3379,537.9,888.3
3380,538.0,1413.175
3381,538.1,2411.841
3382,538.2,4127.462
3383,538.3,6942.367
3384,538.4,11411.352
3385,538.5,18313.174
3386,538.6,28680.59
3387,538.7,43873.928
3388,538.8,65555.925
3389,538.9,95775.522
3390,539.0,136853.24
3391,539.1,191570.898
3392,539.2,262751.036
3393,539.3,353598.782
3394,539.4,467401.678
3395,539.5,607434.18
3396,539.6,777300.0
3397,539.7,980070.434
3398,539.8,1219062.109
3399,539.9,1495070.096
3400,540.0,1811000.0
3401,540.1,2163594.063
3402,540.2,2552005.645
3403,540.3,2965806.645
3404,540.4,3397000.0
3405,540.5,3827232.873
3406,540.6,4239044.827
3407,540.7,4610059.866
3408,540.8,4917499.612
3409,540.9,5142094.325
3410,541.0,5264246.242
3411,541.1,5275223.23
3412,541.2,5170645.229
3413,541.3,4957034.866
3414,541.4,4646906.791
3415,541.5,4261520.609
3416,541.6,3825528.383
3417,541.7,3362274.404
3418,541.8,2899688.388
3419,541.9,2456903.215
3420,542.0,2050762.752
3421,542.1,1691000.0
3422,542.2,1383719.181
3423,542.3,1127533.369
3424,542.4,920565.062
3425,542.5,756500.0
3426,542.6,628759.636
3427,542.7,530947.984
3428,542.8,456982.3
3429,542.9,401900.0
3430,543.0,361552.81
3431,543.1,332803.834
3432,543.2,312901.349
3433,543.3,299546.567
3434,543.4,290886.182
3435,543.5,285100.842
3436,543.6,280882.051
3437,543.7,276906.223
3438,543.8,272643.969
3439,543.9,267591.581
3440,544.0,261948.047
3441,544.1,256003.877
3442,544.2,250145.362
3443,544.3,245043.292
3444,544.4,240856.404
3445,544.5,237731.357
3446,544.6,235300.0
3447,544.7,233147.254
3448,544.8,230353.322
3449,544.9,226248.101
3450,545.0,220000.0
3451,545.1,211096.869
3452,545.2,199361.661
3453,545.3,184975.028
3454,545.4,168200.0
3455,545.5,149999.417
3456,545.6,131297.447
3457,545.7,112944.487
3458,545.8,96208.429
3459,545.9,81961.344
3460,546.0,71059.562
3461,546.1,64230.457
3462,546.2,62019.977
3463,546.3,64836.879
3464,546.4,72921.966
3465,546.5,86293.441
3466,546.6,104787.363
3467,546.7,127907.966
3468,546.8,154923.96
3469,546.9,184684.744
3470,547.0,215852.911
3471,547.1,246800.0
3472,547.2,276021.088
3473,547.3,301805.699
3474,547.4,323140.355
3475,547.5,339200.0
3476,547.6,350088.455
3477,547.7,356501.248
3478,547.8,359824.051
3479,547.9,362200.0
3480,548.0,365873.231
3481,548.1,373391.693
3482,548.2,386703.86
3483,548.3,407479.014
3484,548.4,436351.719
3485,548.5,473115.471
3486,548.6,516866.482
3487,548.7,565790.161
3488,548.8,618117.936
3489,548.9,671776.993
3490,549.0,725805.092
3491,549.1,779865.515
3492,549.2,834895.645
3493,549.3,892828.639
3494,549.4,956392.953
3495,549.5,1029142.698
3496,549.6,1113000.0
3497,549.7,1209274.315
3498,549.8,1317726.928
3499,549.9,1435687.206
3500,550.0,1558000.0
3501,550.1,1676894.316
3502,550.2,1782171.102
3503,550.3,1866448.426
3504,550.4,1921000.0
3505,550.5,1937162.488
3506,550.6,1913205.665
3507,550.7,1846557.653
3508,550.8,1742400.994
3509,550.9,1603966.136
3510,551.0,1442455.767
3511,551.1,1264778.776
3512,551.2,1082178.539
3513,551.3,903062.938
3514,551.4,734872.258
3515,551.5,583153.487
3516,551.6,451241.191
3517,551.7,340373.127
3518,551.8,250400.554
3519,551.9,179549.83
3520,552.0,125617.368
3521,552.1,85620.0
3522,552.2,56910.735
3523,552.3,36881.05
3524,552.4,23299.702
3525,552.5,14360.0
3526,552.6,8621.199
3527,552.7,5048.704
3528,552.8,2882.286
3529,552.9,1605.0
3530,553.0,871.392
3531,553.1,461.586
3532,553.2,238.715
3533,553.3,120.773
3534,553.4,59.888
3535,553.5,29.321
3536,553.6,14.342
3537,553.7,7.168
3538,553.8,3.779
3539,553.9,2.18
3540,554.0,1.402
3541,554.1,0.993
3542,554.2,0.749
3543,554.3,0.581
3544,554.4,0.451
3545,554.5,0.347
3546,554.6,0.263
3547,554.7,0.194
3548,554.8,0.14
3549,554.9,0.099
3550,555.0,0.068
3551,555.1,0.046
3552,555.2,0.03
3553,555.3,0.019
3554,555.4,0.012
3555,555.5,0.007
3556,555.6,0.004
3557,555.7,0.002
3558,555.8,0.001
3559,555.9,0.001
3560,556.0,0.0
3561,556.1,0.0
3562,556.2,0.0
3563,556.3,0.0
3564,556.4,0.0
3565,556.5,0.0
3566,556.6,0.0
3567,556.7,0.0
3568,556.8,0.0
3569,556.9,0.0
3570,557.0,0.0
3571,557.1,0.0
3572,557.2,0.0
3573,557.3,0.0
3574,557.4,0.0
3575,557.5,0.0
3576,557.6,0.0
3577,557.7,0.0
3578,557.8,0.0
3579,557.9,0.0
3580,558.0,0.0
3581,558.1,0.0
3582,558.2,0.0
3583,558.3,0.0
3584,558.4,0.0
3585,558.5,0.0
3586,558.6,0.0
3587,558.7,0.0
3588,558.8,0.0
3589,558.9,0.0
3590,559.0,0.001
3591,559.1,0.003
3592,559.2,0.007
3593,559.3,0.018
3594,559.4,0.044
3595,559.5,0.104
3596,559.6,0.242
3597,559.7,0.548
3598,559.8,1.212
3599,559.9,2.615
3600,560.0,5.506
3601,560.1,11.314
3602,560.2,22.692
3603,560.3,44.435
3604,560.4,84.91
3605,560.5,158.376
3606,560.6,288.208
3607,560.7,512.151
3608,560.8,888.264
3609,560.9,1503.494
3610,561.0,2483.898
3611,561.1,4005.468
3612,561.2,6304.261
3613,561.3,9683.584
3614,561.4,14519.399
3615,561.5,21251.149
3616,561.6,30350.953
3617,561.7,42308.536
3618,561.8,57579.757
3619,561.9,76477.934
3620,562.0,99127.75
3621,562.1,125400.0
3622,562.2,154940.583
3623,562.3,186864.083
3624,562.4,219872.232
3625,562.5,252700.0
3626,562.6,283656.214
3627,562.7,310998.471
3628,562.8,333349.518
3629,562.9,349400.0
3630,563.0,358863.309
3631,563.1,361859.249
3632,563.2,359364.226
3633,563.3,353217.494
3634,563.4,346141.34
3635,563.5,341220.714
3636,563.6,341930.8
3637,563.7,351781.901
3638,563.8,374186.536
3639,563.9,411606.955
3640,564.0,465763.358
3641,564.1,537140.928
3642,564.2,624853.307
3643,564.3,726610.781
3644,564.4,838939.311
3645,564.5,957518.987
3646,564.6,1077000.0
3647,564.7,1194019.839
3648,564.8,1303360.359
3649,564.9,1402269.441
3650,565.0,1492000.0
3651,565.1,1571300.007
3652,565.2,1644797.683
3653,565.3,1714896.182
3654,565.4,1787000.0
3655,565.5,1864196.988
3656,565.6,1950197.95
3657,565.7,2044220.561
3658,565.8,2144779.763
3659,565.9,2247189.079
3660,566.0,2345638.42
3661,566.1,2432828.309
3662,566.2,2503218.058
3663,566.3,2549602.588
3664,566.4,2571603.81
3665,566.5,2566177.404
3666,566.6,2538732.848
3667,566.7,2495064.853
3668,566.8,2441189.379
3669,566.9,2385735.446
3670,567.0,2336059.883
3671,567.1,2295000.0
3672,567.2,2268600.23
3673,567.3,2253637.468
3674,567.4,2249118.641
3675,567.5,2250000.0
3676,567.6,2249824.281
3677,567.7,2244793.52
3678,567.8,2230137.518
3679,567.9,2204000.0
3680,568.0,2164479.432
3681,568.1,2116424.675
3682,568.2,2060967.398
3683,568.3,2004510.74
3684,568.4,1952007.834
3685,568.5,1906138.157
3686,568.6,1871161.094
3687,568.7,1847635.762
3688,568.8,1837447.027
3689,568.9,1836936.575
3690,569.0,1844033.328
3691,569.1,1855656.284
3692,569.2,1869412.873
3693,569.3,1882611.367
3694,569.4,1892832.366
3695,569.5,1899206.23
3696,569.6,1902000.0
3697,569.7,1900541.271
3698,569.8,1897735.406
3699,569.9,1892310.332
3700,570.0,1886000.0
3701,570.1,1878267.66
3702,570.2,1869735.796
3703,570.3,1858582.481
3704,570.4,1846000.0
3705,570.5,1829203.884
3706,570.6,1808473.513
3707,570.7,1784166.816
3708,570.8,1756014.783
3709,570.9,1723520.65
3710,571.0,1686580.905
3711,571.1,1646674.032
3712,571.2,1602680.232
3713,571.3,1553984.415
3714,571.4,1501942.438
3715,571.5,1444386.437
3716,571.6,1381586.94
3717,571.7,1312916.882
3718,571.8,1239224.924
3719,571.9,1159410.272
3720,572.0,1074460.423
3721,572.1,986300.0
3722,572.2,896944.436
3723,572.3,808637.443
3724,572.4,724237.028
3725,572.5,646700.0
3726,572.6,579293.063
3727,572.7,524991.782
3728,572.8,486404.942
3729,572.9,465800.0
3730,573.0,464399.902
3731,573.1,482572.084
3732,573.2,519648.826
3733,573.3,573505.659
3734,573.4,641052.212
3735,573.5,717781.412
3736,573.6,798554.588
3737,573.7,877361.721
3738,573.8,948271.683
3739,573.9,1005736.352
3740,574.0,1045295.585
3741,574.1,1062574.885
3742,574.2,1056306.431
3743,574.3,1026868.525
3744,574.4,975799.276
3745,574.5,905899.368
3746,574.6,822000.0
3747,574.7,728758.151
3748,574.8,631345.99
3749,574.9,534581.886
3750,575.0,442700.0
3751,575.1,358782.493
3752,575.2,285250.531
3753,575.3,223548.328
3754,575.4,174400.0
3755,575.5,138087.15
3756,575.6,114877.904
3757,575.7,104909.258
3758,575.8,108895.668
3759,575.9,127916.914
3760,576.0,163584.712
3761,576.1,218291.183
3762,576.2,294659.239
3763,576.3,395567.529
3764,576.4,523655.555
3765,576.5,681316.024
3766,576.6,869852.338
3767,576.7,1089415.692
3768,576.8,1340175.225
3769,576.9,1618902.722
3770,577.0,1924024.934
3771,577.1,2253000.0
3772,577.2,2601134.65
3773,577.3,2967724.642
3774,577.4,3350507.316
3775,577.5,3750000.0
3776,577.6,4166741.16
3777,577.7,4600334.008
3778,577.8,5048646.935
3779,577.9,5510000.0
3780,578.0,5974593.764
3781,578.1,6430644.463
3782,578.2,6862885.718
3783,578.3,7251475.74
3784,578.4,7572539.5
3785,578.5,7806816.34
3786,578.6,7935097.388
3787,578.7,7944900.597
3788,578.8,7830082.931
3789,578.9,7596991.117
3790,579.0,7257103.385
3791,579.1,6835683.134
3792,579.2,6358855.821
3793,579.3,5861156.093
3794,579.4,5374278.159
3795,579.5,4929616.533
3796,579.6,4552000.0
3797,579.7,4257264.542
3798,579.8,4053041.622
3799,579.9,3935657.503
3800,580.0,3896000.0
3801,580.1,3913066.289
3802,580.2,3965255.221
3803,580.3,4026789.132
3804,580.4,4072000.0
3805,580.5,4079820.369
3806,580.6,4034506.611
3807,580.7,3924848.355
3808,580.8,3749137.86
3809,580.9,3510590.736
3810,581.0,3220289.495
3811,581.1,2891892.309
3812,581.2,2539782.105
3813,581.3,2182391.104
3814,581.4,1832932.7
3815,581.5,1506259.0
3816,581.6,1209776.176
3817,581.7,949444.57
3818,581.8,728692.317
3819,581.9,546590.307
3820,582.0,400739.279
3821,582.1,287300.0
3822,582.2,201255.23
3823,582.3,137824.949
3824,582.4,92249.648
3825,582.5,60360.0
3826,582.6,38602.192
3827,582.7,24131.382
3828,582.8,14740.438
3829,582.9,8805.0
3830,583.0,5140.065
3831,583.1,2932.81
3832,583.2,1635.86
3833,583.3,892.765
3834,583.4,477.559
3835,583.5,252.45
3836,583.6,136.346
3837,583.7,83.744
3838,583.8,72.178
3839,583.9,95.197
3840,584.0,159.614
3841,584.1,286.118
3842,584.2,513.938
3843,584.3,908.62
3844,584.4,1573.0
3845,584.5,2663.009
3846,584.6,4411.0
3847,584.7,7143.989
3848,584.8,11317.806
3849,584.9,17529.131
3850,585.0,26550.0
3851,585.1,39337.127
3852,585.2,56980.886
3853,585.3,80731.892
3854,585.4,111800.0
3855,585.5,151470.121
3856,585.6,200686.7
3857,585.7,260092.947
3858,585.8,329529.154
3859,585.9,408256.161
3860,586.0,494698.362
3861,586.1,586166.856
3862,586.2,679261.423
3863,586.3,769696.326
3864,586.4,852933.769
3865,586.5,924359.341
3866,586.6,979573.392
3867,586.7,1015574.517
3868,586.8,1028615.786
3869,586.9,1019837.722
3870,587.0,988447.063
3871,587.1,936800.0
3872,587.2,868349.901
3873,587.3,787212.557
3874,587.4,697835.822
3875,587.5,605100.0
3876,587.6,513186.999
3877,587.7,425960.361
3878,587.8,346089.773
3879,587.9,275700.0
3880,588.0,215786.541
3881,588.1,166855.584
3882,588.2,128797.045
3883,588.3,100912.096
3884,588.4,82622.669
3885,588.5,73206.884
3886,588.6,72010.685
3887,588.7,78496.292
3888,588.8,92243.429
3889,588.9,112873.748
3890,589.0,139893.419
3891,589.1,172905.95
3892,589.2,210894.158
3893,589.3,252815.26
3894,589.4,297135.508
3895,589.5,341938.512
3896,589.6,385300.0
3897,589.7,424690.513
3898,589.8,458238.231
3899,589.9,483855.183
3900,590.0,500100.0
3901,590.1,506337.143
3902,590.2,502416.117
3903,590.3,488985.231
3904,590.4,467700.0
3905,590.5,440525.416
3906,590.6,410071.83
3907,590.7,378935.924
3908,590.8,349976.907
3909,590.9,325624.545
3910,591.0,307718.254
3911,591.1,297760.904
3912,591.2,296183.347
3913,591.3,303159.696
3914,591.4,317656.856
3915,591.5,338288.478
3916,591.6,363078.882
3917,591.7,389788.731
3918,591.8,415925.944
3919,591.9,439055.705
3920,592.0,457140.817
3921,592.1,468500.0
3922,592.2,471800.169
3923,592.3,466772.12
3924,592.4,453407.506
3925,592.5,432600.0
3926,592.6,405718.911
3927,592.7,374529.529
3928,592.8,341084.416
3929,592.9,307400.0
3930,593.0,275837.857
3931,593.1,248044.632
3932,593.2,225723.661
3933,593.3,210146.7
3934,593.4,202273.022
3935,593.5,202594.41
3936,593.6,211598.861
3937,593.7,229331.865
3938,593.8,256202.315
3939,593.9,292311.57
3940,594.0,337911.666
3941,594.1,393390.877
3942,594.2,459135.973
3943,594.3,535254.575
3944,594.4,621943.123
3945,594.5,718800.175
3946,594.6,824600.0
3947,594.7,937702.251
3948,594.8,1055377.231
3949,594.9,1174433.131
3950,595.0,1290000.0
3951,595.1,1399130.757
3952,595.2,1498231.769
3953,595.3,1582234.485
3954,595.4,1650000.0
3955,595.5,1700570.565
3956,595.6,1733213.076
3957,595.7,1751267.869
3958,595.8,1756108.186
3959,595.9,1751100.689
3960,596.0,1739005.858
3961,596.1,1724624.18
3962,596.2,1708657.836
3963,596.3,1692473.893
3964,596.4,1677218.716
3965,596.5,1660917.399
3966,596.6,1643817.843
3967,596.7,1625095.624
3968,596.8,1604155.132
3969,596.9,1579546.429
3970,597.0,1551802.364
3971,597.1,1523000.0
3972,597.2,1491720.201
3973,597.3,1460410.709
3974,597.4,1430036.516
3975,597.5,1399000.0
3976,597.6,1367627.865
3977,597.7,1334417.347
3978,597.8,1296275.834
3979,597.9,1253000.0
3980,598.0,1201002.649
3981,598.1,1140442.03
3982,598.2,1069119.824
3983,598.3,989419.183
3984,598.4,901611.393
3985,598.5,808115.492
3986,598.6,711742.995
3987,598.7,615330.352
3988,598.8,521871.995
3989,598.9,434080.685
3990,599.0,353778.049
3991,599.1,282592.157
3992,599.2,220985.239
3993,599.3,169337.098
3994,599.4,127082.472
3995,599.5,93311.187
3996,599.6,67100.0
3997,599.7,47227.863
3998,599.8,32542.933
3999,599.9,21953.484
4000,600.0,14490.0
4001,600.1,9367.853
4002,600.2,5923.382
4003,600.3,3667.166
4004,600.4,2222.0
4005,600.5,1318.256
4006,600.6,764.867
4007,600.7,434.645
4008,600.8,241.64
4009,600.9,131.514
4010,601.0,70.044
4011,601.1,36.516
4012,601.2,18.632
4013,601.3,9.305
4014,601.4,4.548
4015,601.5,2.175
4016,601.6,1.019
4017,601.7,0.467
4018,601.8,0.209
4019,601.9,0.092
4020,602.0,0.039
4021,602.1,0.017
4022,602.2,0.007
4023,602.3,0.003
4024,602.4,0.001
4025,602.5,0.0
4026,602.6,0.0
4027,602.7,0.0
4028,602.8,0.0
4029,602.9,0.0
4030,603.0,0.0
4031,603.1,0.0
4032,603.2,0.0
4033,603.3,0.0
4034,603.4,0.0
4035,603.5,0.0
4036,603.6,0.0
4037,603.7,0.0
4038,603.8,0.0
4039,603.9,0.0
4040,604.0,0.0
4041,604.1,0.0
4042,604.2,0.0
4043,604.3,0.0
4044,604.4,0.0
4045,604.5,0.0
4046,604.6,0.0
4047,604.7,0.0
4048,604.8,0.001
4049,604.9,0.002
4050,605.0,0.004
4051,605.1,0.01
4052,605.2,0.023
4053,605.3,0.052
4054,605.4,0.118
4055,605.5,0.262
4056,605.6,0.568
4057,605.7,1.208
4058,605.8,2.516
4059,605.9,5.131
4060,606.0,10.255
4061,606.1,20.076
4062,606.2,38.496
4063,606.3,72.326
4064,606.4,133.108
4065,606.5,239.997
4066,606.6,423.976
4067,606.7,733.683
4068,606.8,1244.126
4069,606.9,2066.959
4070,607.0,3365.376
4071,607.1,5369.0
4072,607.2,8395.258
4073,607.3,12860.847
4074,607.4,19321.567
4075,607.5,28450.0
4076,607.6,41075.826
4077,607.7,58140.283
4078,607.8,80707.333
4079,607.9,109900.0
4080,608.0,146758.934
4081,608.1,192475.013
4082,608.2,247550.577
4083,608.3,312627.818
4084,608.4,387862.787
4085,608.5,472553.757
4086,608.6,565865.17
4087,608.7,665992.572
4088,608.8,770816.272
4089,608.9,877562.7
4090,609.0,983054.691
4091,609.1,1084281.415
4092,609.2,1176769.703
4093,609.3,1258166.533
4094,609.4,1325821.149
4095,609.5,1375385.117
4096,609.6,1406000.0
4097,609.7,1416287.361
4098,609.8,1405125.617
4099,609.9,1373647.826
4100,610.0,1323000.0
4101,610.1,1254053.714
4102,610.2,1171070.374
4103,610.3,1075182.381
4104,610.4,972300.0
4105,610.5,864456.241
4106,610.6,756135.38
4107,610.7,650501.646
4108,610.8,550662.991
4109,610.9,459071.591
4110,611.0,377588.831
4111,611.1,307347.555
4112,611.2,249076.488
4113,611.3,202591.424
4114,611.4,167823.113
4115,611.5,143819.823
4116,611.6,129625.602
4117,611.7,124100.661
4118,611.8,125971.84
4119,611.9,133955.684
4120,612.0,146468.293
4121,612.1,162200.0
4122,612.2,179541.58
4123,612.3,197189.295
4124,612.4,213732.937
4125,612.5,227900.0
4126,612.6,238636.272
4127,612.7,245135.951
4128,612.8,246842.974
4129,612.9,243700.0
4130,613.0,235839.553
4131,613.1,223516.185
4132,613.2,207654.522
4133,613.3,188982.744
4134,613.4,168497.832
4135,613.5,147168.59
4136,613.6,126002.809
4137,613.7,105666.437
4138,613.8,86785.727
4139,613.9,69857.866
4140,614.0,55090.243
4141,614.1,42561.2
4142,614.2,32219.761
4143,614.3,23892.636
4144,614.4,17360.397
4145,614.5,12359.749
4146,614.6,8620.0
4147,614.7,5890.419
4148,614.8,3942.893
4149,614.9,2586.014
4150,615.0,1662.0
4151,615.1,1046.617
4152,615.2,645.417
4153,615.3,390.049
4154,615.4,230.9
4155,615.5,133.944
4156,615.6,76.129
4157,615.7,42.39
4158,615.8,23.124
4159,615.9,12.359
4160,616.0,6.471
4161,616.1,3.32
4162,616.2,1.669
4163,616.3,0.822
4164,616.4,0.396
4165,616.5,0.187
4166,616.6,0.087
4167,616.7,0.039
4168,616.8,0.018
4169,616.9,0.008
4170,617.0,0.003
4171,617.1,0.001
4172,617.2,0.001
4173,617.3,0.0
4174,617.4,0.0
4175,617.5,0.0
4176,617.6,0.001
4177,617.7,0.001
4178,617.8,0.003
4179,617.9,0.008
4180,618.0,0.019
4181,618.1,0.044
4182,618.2,0.1
4183,618.3,0.22
4184,618.4,0.474
4185,618.5,1.001
4186,618.6,2.075
4187,618.7,4.216
4188,618.8,8.397
4189,618.9,16.395
4190,619.0,31.396
4191,619.1,58.907
4192,619.2,108.411
4193,619.3,195.461
4194,619.4,345.584
4195,619.5,599.108
4196,619.6,1018.0
4197,619.7,1696.173
4198,619.8,2769.603
4199,619.9,4433.736
4200,620.0,6960.0
4201,620.1,10709.702
4202,620.2,16152.353
4203,620.3,23885.537
4204,620.4,34630.0
4205,620.5,49207.915
4206,620.6,68565.934
4207,620.7,93613.752
4208,620.8,125424.167
4209,620.9,164573.221
4210,621.0,211828.285
4211,621.1,267213.493
4212,621.2,330478.557
4213,621.3,400594.197
4214,621.4,476206.625
4215,621.5,554888.216
4216,621.6,633818.973
4217,621.7,709764.74
4218,621.8,779241.615
4219,621.9,838599.848
4220,622.0,884778.489
4221,622.1,915200.0
4222,622.2,928002.201
4223,622.3,922500.385
4224,622.4,898955.731
4225,622.5,858900.0
4226,622.6,804398.839
4227,622.7,738632.614
4228,622.8,664967.921
4229,622.9,586900.0
4230,623.0,508008.88
4231,623.1,431462.947
4232,623.2,359760.207
4233,623.3,295022.125
4234,623.4,238793.223
4235,623.5,192172.721
4236,623.6,155879.076
4237,623.7,130592.073
4238,623.8,117102.216
4239,623.9,116486.64
4240,624.0,130598.719
4241,624.1,161645.538
4242,624.2,212827.7
4243,624.3,288081.985
4244,624.4,392106.646
4245,624.5,530007.392
4246,624.6,706800.0
4247,624.7,927232.847
4248,624.8,1195188.319
4249,624.9,1511006.27
4250,625.0,1876000.0
4251,625.1,2283802.347
4252,625.2,2728655.261
4253,625.3,3196771.674
4254,625.4,3675000.0
4255,625.5,4145203.876
4256,625.6,4585582.0
4257,625.7,4977308.681
4258,625.8,5299232.625
4259,625.9,5536464.286
4260,626.0,5674188.825
4261,626.1,5704902.703
4262,626.2,5627506.65
4263,626.3,5447529.984
4264,626.4,5172287.455
4265,626.5,4818574.041
4266,626.6,4404979.98
4267,626.7,3950401.64
4268,626.8,3476723.384
4269,626.9,3002059.01
4270,627.0,2542762.363
4271,627.1,2114000.0
4272,627.2,1724466.821
4273,627.3,1380175.903
4274,627.4,1083607.918
4275,627.5,835000.0
4276,627.6,631274.843
4277,627.7,468416.138
4278,627.8,341005.266
4279,627.9,243600.0
4280,628.0,170741.999
4281,628.1,117423.95
4282,628.2,79255.9
4283,628.3,52491.644
4284,628.4,34107.767
4285,628.5,21757.379
4286,628.6,13609.936
4287,628.7,8356.861
4288,628.8,5034.746
4289,628.9,2976.358
4290,629.0,1726.367
4291,629.1,982.72
4292,629.2,548.885
4293,629.3,300.782
4294,629.4,161.687
4295,629.5,85.323
4296,629.6,44.17
4297,629.7,22.435
4298,629.8,11.181
4299,629.9,5.467
4300,630.0,2.623
4301,630.1,1.235
4302,630.2,0.57
4303,630.3,0.258
4304,630.4,0.115
4305,630.5,0.05
4306,630.6,0.021
4307,630.7,0.009
4308,630.8,0.004
4309,630.9,0.001
4310,631.0,0.001
4311,631.1,0.0
4312,631.2,0.0
4313,631.3,0.0
4314,631.4,0.0
4315,631.5,0.0
4316,631.6,0.0
4317,631.7,0.0
4318,631.8,0.0
4319,631.9,0.0
4320,632.0,0.0
4321,632.1,0.0
4322,632.2,0.0
4323,632.3,0.0
4324,632.4,0.0
4325,632.5,0.0
4326,632.6,0.0
4327,632.7,0.0
4328,632.8,0.0
4329,632.9,0.0
4330,633.0,0.0
4331,633.1,0.0
4332,633.2,0.0
4333,633.3,0.0
4334,633.4,0.0
4335,633.5,0.0
4336,633.6,0.0
4337,633.7,0.0
4338,633.8,0.0
4339,633.9,0.0
4340,634.0,0.0
4341,634.1,0.0
4342,634.2,0.0
4343,634.3,0.0
4344,634.4,0.0
4345,634.5,0.0
4346,634.6,0.0
4347,634.7,0.0
4348,634.8,0.0
4349,634.9,0.0
4350,635.0,0.0
4351,635.1,0.0
4352,635.2,0.0
4353,635.3,0.0
4354,635.4,0.0
4355,635.5,0.0
4356,635.6,0.0
4357,635.7,0.0
4358,635.8,0.0
4359,635.9,0.0
4360,636.0,0.0
4361,636.1,0.0
4362,636.2,0.0
4363,636.3,0.0
4364,636.4,0.0
4365,636.5,0.0
4366,636.6,0.0
4367,636.7,0.0
4368,636.8,0.0
4369,636.9,0.0
4370,637.0,0.0
4371,637.1,0.0
4372,637.2,0.0
4373,637.3,0.0
4374,637.4,0.0
4375,637.5,0.0
4376,637.6,0.0
4377,637.7,0.0
4378,637.8,0.0
4379,637.9,0.0
4380,638.0,0.0
4381,638.1,0.0
4382,638.2,0.0
4383,638.3,0.0
4384,638.4,0.0
4385,638.5,0.0
4386,638.6,0.0
4387,638.7,0.0
4388,638.8,0.0
4389,638.9,0.0
4390,639.0,0.0
4391,639.1,0.0
4392,639.2,0.0
4393,639.3,0.0
4394,639.4,0.0
4395,639.5,0.0
4396,639.6,0.0
4397,639.7,0.0
4398,639.8,0.0
4399,639.9,0.0
4400,640.0,0.0
4401,640.1,0.0
4402,640.2,0.0
4403,640.3,0.0
4404,640.4,0.0
4405,640.5,0.0
4406,640.6,0.0
4407,640.7,0.0
4408,640.8,0.0
4409,640.9,0.0
4410,641.0,0.0
4411,641.1,0.0
4412,641.2,0.0
4413,641.3,0.0
4414,641.4,0.0
4415,641.5,0.0
4416,641.6,0.0
4417,641.7,0.0
4418,641.8,0.0
4419,641.9,0.0
4420,642.0,0.0
4421,642.1,0.0
4422,642.2,0.0
4423,642.3,0.0
4424,642.4,0.0
4425,642.5,0.0
4426,642.6,0.0
4427,642.7,0.0
4428,642.8,0.0
4429,642.9,0.0
4430,643.0,0.0
4431,643.1,0.0
4432,643.2,0.0
4433,643.3,0.0
4434,643.4,0.0
4435,643.5,0.0
4436,643.6,0.0
4437,643.7,0.0
4438,643.8,0.0
4439,643.9,0.0
4440,644.0,0.0
4441,644.1,0.0
4442,644.2,0.0
4443,644.3,0.0
4444,644.4,0.0
4445,644.5,0.0
4446,644.6,0.0
4447,644.7,0.0
4448,644.8,0.0
4449,644.9,0.0
4450,645.0,0.0
4451,645.1,0.0
4452,645.2,0.0
4453,645.3,0.0
4454,645.4,0.0
4455,645.5,0.0
4456,645.6,0.0
4457,645.7,0.0
4458,645.8,0.0
4459,645.9,0.0
4460,646.0,0.0
4461,646.1,0.0
4462,646.2,0.0
4463,646.3,0.0
4464,646.4,0.0
4465,646.5,0.0
4466,646.6,0.0
4467,646.7,0.0
4468,646.8,0.0
4469,646.9,0.0
4470,647.0,0.0
4471,647.1,0.0
4472,647.2,0.0
4473,647.3,0.0
4474,647.4,0.0
4475,647.5,0.0
4476,647.6,0.0
4477,647.7,0.0
4478,647.8,0.0
4479,647.9,0.0
4480,648.0,0.0
4481,648.1,0.0
4482,648.2,0.0
4483,648.3,0.0
4484,648.4,0.0
4485,648.5,0.0
4486,648.6,0.0
4487,648.7,0.0
4488,648.8,0.0
4489,648.9,0.0
4490,649.0,0.0
4491,649.1,0.0
4492,649.2,0.001
4493,649.3,0.001
4494,649.4,0.003
4495,649.5,0.006
4496,649.6,0.013
4497,649.7,0.028
4498,649.8,0.058
4499,649.9,0.119
4500,650.0,0.239
4501,650.1,0.472
4502,650.2,0.912
4503,650.3,1.734
4504,650.4,3.237
4505,650.5,5.934
4506,650.6,10.683
4507,650.7,18.893
4508,650.8,32.821
4509,650.9,55.99
4510,651.0,93.799
4511,651.1,154.411
4512,651.2,249.586
4513,651.3,396.179
4514,651.4,617.82
4515,651.5,945.831
4516,651.6,1423.089
4517,651.7,2102.845
4518,651.8,3051.307
4519,651.9,4348.91
4520,652.0,6088.07
4521,652.1,8372.0
4522,652.2,11305.373
4523,652.3,15007.857
4524,652.4,19552.039
4525,652.5,25030.0
4526,652.6,31489.715
4527,652.7,38915.223
4528,652.8,47268.512
4529,652.9,56420.0
4530,653.0,66221.818
4531,653.1,76444.29
4532,653.2,86851.63
4533,653.3,97172.242
4534,653.4,107182.285
4535,653.5,116678.635
4536,653.6,125618.297
4537,653.7,133990.827
4538,653.8,141993.832
4539,653.9,150073.565
4540,654.0,158660.456
4541,654.1,168340.554
4542,654.2,179855.314
4543,654.3,193921.784
4544,654.4,211161.669
4545,654.5,232213.128
4546,654.6,257200.0
4547,654.7,286081.33
4548,654.8,318629.743
4549,654.9,353921.196
4550,655.0,390800.0
4551,655.1,427979.361
4552,655.2,463671.584
4553,655.3,495988.138
4554,655.4,523300.0
4555,655.5,544045.52
4556,655.6,556739.403
4557,655.7,560619.983
4558,655.8,555248.722
4559,655.9,540757.594
4560,656.0,517731.067
4561,656.1,487208.95
4562,656.2,450537.9
4563,656.3,409550.886
4564,656.4,365779.445
4565,656.5,320982.74
4566,656.6,276827.183
4567,656.7,234590.817
4568,656.8,195273.38
4569,656.9,159741.004
4570,657.0,128446.491
4571,657.1,101400.0
4572,657.2,78699.393
4573,657.3,59991.175
4574,657.4,44942.608
4575,657.5,33080.0
4576,657.6,23919.761
4577,657.7,16990.548
4578,657.8,11866.467
4579,657.9,8135.0
4580,658.0,5481.411
4581,658.1,3628.849
4582,658.2,2359.872
4583,658.3,1508.391
4584,658.4,946.964
4585,658.5,584.146
4586,658.6,354.04
4587,658.7,210.745
4588,658.8,123.307
4589,658.9,70.86
4590,659.0,40.01
4591,659.1,22.199
4592,659.2,12.102
4593,659.3,6.477
4594,659.4,3.407
4595,659.5,1.761
4596,659.6,0.894
4597,659.7,0.446
4598,659.8,0.219
4599,659.9,0.105
4600,660.0,0.05
4601,660.1,0.023
4602,660.2,0.011
4603,660.3,0.005
4604,660.4,0.002
4605,660.5,0.001
4606,660.6,0.0
4607,660.7,0.0
4608,660.8,0.0
4609,660.9,0.0
4610,661.0,0.0
4611,661.1,0.0
4612,661.2,0.0
4613,661.3,0.0
4614,661.4,0.0
4615,661.5,0.001
4616,661.6,0.002
4617,661.7,0.005
4618,661.8,0.012
4619,661.9,0.026
4620,662.0,0.054
4621,662.1,0.113
4622,662.2,0.232
4623,662.3,0.467
4624,662.4,0.925
4625,662.5,1.799
4626,662.6,3.437
4627,662.7,6.458
4628,662.8,11.922
4629,662.9,21.64
4630,663.0,38.601
4631,663.1,67.675
4632,663.2,116.585
4633,663.3,197.507
4634,663.4,328.795
4635,663.5,538.033
4636,663.6,865.302
4637,663.7,1368.218
4638,663.8,2126.101
4639,663.9,3247.049
4640,664.0,4875.187
4641,664.1,7195.102
4642,664.2,10443.552
4643,664.3,14890.176
4644,664.4,20878.804
4645,664.5,28792.242
4646,664.6,39020.0
4647,664.7,52007.514
4648,664.8,68152.387
4649,664.9,87824.941
4650,665.0,111300.0
4651,665.1,138711.215
4652,665.2,170106.265
4653,665.3,205173.102
4654,665.4,243500.0
4655,665.5,284316.503
4656,665.6,326658.466
4657,665.7,369536.176
4658,665.8,411507.369
4659,665.9,451234.728
4660,666.0,487393.968
4661,666.1,518582.81
4662,666.2,543755.936
4663,666.3,561888.092
4664,666.4,572563.827
4665,666.5,575289.165
4666,666.6,570317.228
4667,666.7,557832.039
4668,666.8,538544.462
4669,666.9,513278.539
4670,667.0,482957.166
4671,667.1,448900.0
4672,667.2,412063.695
4673,667.3,373582.899
4674,667.4,334659.809
4675,667.5,296100.0
4676,667.6,258757.251
4677,667.7,223295.404
4678,667.8,190359.982
4679,667.9,160200.0
4680,668.0,133006.729
4681,668.1,108994.138
4682,668.2,88150.56
4683,668.3,70295.544
4684,668.4,55268.052
4685,668.5,42838.245
4686,668.6,32719.769
4687,668.7,24619.746
4688,668.8,18252.823
4689,668.9,13327.062
4690,669.0,9576.077
4691,669.1,6773.054
4692,669.2,4716.641
4693,669.3,3231.736
4694,669.4,2178.552
4695,669.5,1444.511
4696,669.6,942.6
4697,669.7,604.872
4698,669.8,381.735
4699,669.9,236.9
4700,670.0,144.6
4701,670.1,86.768
4702,670.2,51.217
4703,670.3,29.749
4704,670.4,17.04
4705,670.5,9.696
4706,670.6,5.625
4707,670.7,3.586
4708,670.8,2.924
4709,670.9,3.411
4710,671.0,5.18
4711,671.1,8.757
4712,671.2,15.165
4713,671.3,26.131
4714,671.4,44.44
4715,671.5,74.374
4716,671.6,122.462
4717,671.7,198.176
4718,671.8,315.448
4719,671.9,493.529
4720,672.0,759.513
4721,672.1,1149.0
4722,672.2,1709.178
4723,672.3,2499.658
4724,672.4,3595.057
4725,672.5,5083.0
4726,672.6,7067.614
4727,672.7,9663.169
4728,672.8,12987.737
4729,672.9,17160.0
4730,673.0,22298.754
4731,673.1,28488.201
4732,673.2,35791.271
4733,673.3,44208.018
4734,673.4,53693.031
4735,673.5,64118.871
4736,673.6,75288.128
4737,673.7,86913.499
4738,673.8,98653.792
4739,673.9,110096.441
4740,674.0,120802.796
4741,674.1,130420.502
4742,674.2,138304.637
4743,674.3,144257.129
4744,674.4,147977.95
4745,674.5,149251.587
4746,674.6,148000.0
4747,674.7,144279.397
4748,674.8,138365.629
4749,674.9,130402.618
4750,675.0,120800.0
4751,675.1,110091.059
4752,675.2,98660.315
4753,675.3,86915.259
4754,675.4,75290.0
4755,675.5,64117.505
4756,675.6,53696.65
4757,675.7,44213.205
4758,675.8,35790.669
4759,675.9,28490.229
4760,676.0,22295.996
4761,676.1,17157.81
4762,676.2,12988.5
4763,676.3,9661.167
4764,676.4,7067.157
4765,676.5,5083.362
4766,676.6,3594.718
4767,676.7,2499.58
4768,676.8,1708.982
4769,676.9,1148.788
4770,677.0,759.479
4771,677.1,493.6
4772,677.2,315.392
4773,677.3,198.213
4774,677.4,122.461
4775,677.5,74.37
4776,677.6,44.421
4777,677.7,26.081
4778,677.8,15.062
4779,677.9,8.551
4780,678.0,4.773
4781,678.1,2.619
4782,678.2,1.414
4783,678.3,0.75
4784,678.4,0.391
4785,678.5,0.201
4786,678.6,0.101
4787,678.7,0.05
4788,678.8,0.024
4789,678.9,0.012
4790,679.0,0.006
4791,679.1,0.003
4792,679.2,0.001
4793,679.3,0.001
4794,679.4,0.0
4795,679.5,0.0
4796,679.6,0.0
4797,679.7,0.0
4798,679.8,0.0
4799,679.9,0.0
4800,680.0,0.0
4801,680.1,0.0
4802,680.2,0.0
4803,680.3,0.0
4804,680.4,0.0
4805,680.5,0.0
4806,680.6,0.0
4807,680.7,0.0
4808,680.8,0.0
4809,680.9,0.0
4810,681.0,0.0
4811,681.1,0.0
4812,681.2,0.0
4813,681.3,0.0
4814,681.4,0.001
4815,681.5,0.002
4816,681.6,0.003
4817,681.7,0.007
4818,681.8,0.015
4819,681.9,0.032
4820,682.0,0.064
4821,682.1,0.13
4822,682.2,0.256
4823,682.3,0.499
4824,682.4,0.956
4825,682.5,1.8
4826,682.6,3.336
4827,682.7,6.082
4828,682.8,10.912
4829,682.9,19.25
4830,683.0,33.431
4831,683.1,57.092
4832,683.2,95.904
4833,683.3,158.567
4834,683.4,257.968
4835,683.5,412.74
4836,683.6,649.741
4837,683.7,1005.964
4838,683.8,1533.197
4839,683.9,2297.978
4840,684.0,3389.025
4841,684.1,4916.23
4842,684.2,7017.19
4843,684.3,9855.93
4844,684.4,13613.935
4845,684.5,18506.233
4846,684.6,24740.0
4847,684.7,32549.566
4848,684.8,42135.622
4849,684.9,53651.381
4850,685.0,67230.0
4851,685.1,82884.599
4852,685.2,100521.632
4853,685.3,120003.189
4854,685.4,141000.0
4855,685.5,162967.181
4856,685.6,185536.978
4857,685.7,207983.549
4858,685.8,229608.095
4859,685.9,249848.449
4860,686.0,268139.067
4861,686.1,284091.309
4862,686.2,297499.976
4863,686.3,308503.614
4864,686.4,317537.309
4865,686.5,325216.28
4866,686.6,332620.566
4867,686.7,341142.217
4868,686.8,352128.241
4869,686.9,367119.737
4870,687.0,387619.983
4871,687.1,415000.0
4872,687.2,450049.391
4873,687.3,493337.586
4874,687.4,544864.35
4875,687.5,603900.0
4876,687.6,669021.705
4877,687.7,738220.492
4878,687.8,809007.699
4879,687.9,878400.0
4880,688.0,943087.866
4881,688.1,1000294.117
4882,688.2,1045989.79
4883,688.3,1078495.129
4884,688.4,1095961.138
4885,688.5,1096570.249
4886,688.6,1081091.999
4887,688.7,1048147.55
4888,688.8,1000627.712
4889,688.9,940012.865
4890,689.0,869149.768
4891,689.1,790829.463
4892,689.2,708004.463
4893,689.3,623728.811
4894,689.4,540712.623
4895,689.5,461283.777
4896,689.6,387300.0
4897,689.7,320038.988
4898,689.8,260359.775
4899,689.9,208664.983
4900,690.0,165000.0
4901,690.1,128974.758
4902,690.2,100092.165
4903,690.3,77850.875
4904,690.4,61530.0
4905,690.5,50585.634
4906,690.6,44528.238
4907,690.7,43014.384
4908,690.8,45824.893
4909,690.9,52887.29
4910,691.0,64229.684
4911,691.1,79996.55
4912,691.2,100314.271
4913,691.3,125320.442
4914,691.4,155112.673
4915,691.5,189428.944
4916,691.6,228117.055
4917,691.7,270487.429
4918,691.8,315859.59
4919,691.9,363026.054
4920,692.0,410651.31
4921,692.1,457200.0
4922,692.2,500911.147
4923,692.3,540047.356
4924,692.4,572990.956
4925,692.5,598400.0
4926,692.6,614845.343
4927,692.7,621804.196
4928,692.8,618781.111
4929,692.9,606100.0
4930,693.0,584121.421
4931,693.1,554085.818
4932,693.2,517176.843
4933,693.3,475033.704
4934,693.4,429437.863
4935,693.5,382087.322
4936,693.6,334477.959
4937,693.7,288209.957
4938,693.8,244350.505
4939,693.9,203855.031
4940,694.0,167403.064
4941,694.1,135265.467
4942,694.2,107629.07
4943,694.3,84226.795
4944,694.4,64912.174
4945,694.5,49256.002
4946,694.6,36850.0
4947,694.7,27228.673
4948,694.8,19976.37
4949,694.9,14711.972
4950,695.0,11130.0
4951,695.1,8998.321
4952,695.2,8210.888
4953,695.3,8763.364
4954,695.4,10780.0
4955,695.5,14553.193
4956,695.6,20508.071
4957,695.7,29267.292
4958,695.8,41653.695
4959,695.9,58695.719
4960,696.0,81602.881
4961,696.1,111796.405
4962,696.2,150839.033
4963,696.3,200480.732
4964,696.4,262176.977
4965,696.5,337680.205
4966,696.6,428013.659
4967,696.7,534132.66
4968,696.8,656164.128
4969,696.9,793510.528
4970,697.0,944543.661
4971,697.1,1107000.0
4972,697.2,1277418.553
4973,697.3,1450061.289
4974,697.4,1621507.865
4975,697.5,1784000.0
4976,697.6,1933359.08
4977,697.7,2061443.446
4978,697.8,2164852.999
4979,697.9,2237000.0
4980,698.0,2276170.006
4981,698.1,2279888.706
4982,698.2,2248026.43
4983,698.3,2182409.836
4984,698.4,2085015.71
4985,698.5,1961280.681
4986,698.6,1816625.247
4987,698.7,1655753.729
4988,698.8,1485822.004
4989,698.9,1313088.251
4990,699.0,1142155.924
4991,699.1,977725.274
4992,699.2,824002.624
4993,699.3,683753.365
4994,699.4,558506.674
4995,699.5,449066.41
4996,699.6,355500.0
4997,699.7,277078.327
4998,699.8,212547.715
4999,699.9,160530.242
5000,700.0,119400.0
5001,700.1,87363.969
5002,700.2,62957.58
5003,700.3,44661.356
5004,700.4,31190.0
5005,700.5,21443.049
5006,700.6,14514.41
5007,700.7,9671.018
5008,700.8,6345.983
5009,700.9,4101.062
5010,701.0,2610.37
5011,701.1,1636.832
5012,701.2,1012.267
5013,701.3,618.096
5014,701.4,373.463
5015,701.5,224.123
5016,701.6,134.452
5017,701.7,81.417
5018,701.8,50.464
5019,701.9,32.572
5020,702.0,22.258
5021,702.1,16.25
5022,702.2,12.614
5023,702.3,10.286
5024,702.4,8.647
5025,702.5,7.383
5026,702.6,6.324
5027,702.7,5.395
5028,702.8,4.561
5029,702.9,3.81
5030,703.0,3.141
5031,703.1,2.552
5032,703.2,2.042
5033,703.3,1.61
5034,703.4,1.25
5035,703.5,0.955
5036,703.6,0.719
5037,703.7,0.533
5038,703.8,0.389
5039,703.9,0.28
5040,704.0,0.199
5041,704.1,0.14
5042,704.2,0.099
5043,704.3,0.071
5044,704.4,0.054
5045,704.5,0.047
5046,704.6,0.048
5047,704.7,0.058
5048,704.8,0.078
5049,704.9,0.11
5050,705.0,0.158
5051,705.1,0.227
5052,705.2,0.323
5053,705.3,0.453
5054,705.4,0.625
5055,705.5,0.851
5056,705.6,1.141
5057,705.7,1.507
5058,705.8,1.96
5059,705.9,2.51
5060,706.0,3.165
5061,706.1,3.931
5062,706.2,4.806
5063,706.3,5.789
5064,706.4,6.865
5065,706.5,8.017
5066,706.6,9.219
5067,706.7,10.442
5068,706.8,11.647
5069,706.9,12.791
5070,707.0,13.828
5071,707.1,14.73
5072,707.2,15.448
5073,707.3,15.954
5074,707.4,16.225
5075,707.5,16.25
5076,707.6,16.027
5077,707.7,15.568
5078,707.8,14.889
5079,707.9,14.02
5080,708.0,13.007
5081,708.1,11.88
5082,708.2,10.686
5083,708.3,9.463
5084,708.4,8.255
5085,708.5,7.09
5086,708.6,5.997
5087,708.7,4.995
5088,708.8,4.097
5089,708.9,3.309
5090,709.0,2.632
5091,709.1,2.061
5092,709.2,1.59
5093,709.3,1.208
5094,709.4,0.904
5095,709.5,0.666
5096,709.6,0.483
5097,709.7,0.345
5098,709.8,0.243
5099,709.9,0.168
5100,710.0,0.115
5101,710.1,0.077
5102,710.2,0.051
5103,710.3,0.033
5104,710.4,0.021
5105,710.5,0.013
5106,710.6,0.008
5107,710.7,0.005
5108,710.8,0.003
5109,710.9,0.002
5110,711.0,0.001
5111,711.1,0.001
5112,711.2,0.0
5113,711.3,0.0
5114,711.4,0.0
5115,711.5,0.0
5116,711.6,0.0
5117,711.7,0.0
5118,711.8,0.0
5119,711.9,0.0
5120,712.0,0.0
5121,712.1,0.0
5122,712.2,0.0
5123,712.3,0.0
5124,712.4,0.0
5125,712.5,0.0
5126,712.6,0.0
5127,712.7,0.0
5128,712.8,0.0
5129,712.9,0.0
5130,713.0,0.0
5131,713.1,0.0
5132,713.2,0.0
5133,713.3,0.0
5134,713.4,0.0
5135,713.5,0.0
5136,713.6,0.0
5137,713.7,0.0
5138,713.8,0.0
5139,713.9,0.0
5140,714.0,0.0
5141,714.1,0.0
5142,714.2,0.0
5143,714.3,0.0
5144,714.4,0.0
5145,714.5,0.0
5146,714.6,0.0
5147,714.7,0.0
5148,714.8,0.0
5149,714.9,0.0
5150,715.0,0.0
5151,715.1,0.0
5152,715.2,0.0
5153,715.3,0.0
5154,715.4,0.0
5155,715.5,0.0
5156,715.6,0.0
5157,715.7,0.0
5158,715.8,0.001
5159,715.9,0.002
5160,716.0,0.003
5161,716.1,0.007
5162,716.2,0.015
5163,716.3,0.03
5164,716.4,0.061
5165,716.5,0.121
5166,716.6,0.239
5167,716.7,0.465
5168,716.8,0.889
5169,716.9,1.677
5170,717.0,3.117
5171,717.1,5.708
5172,717.2,10.298
5173,717.3,18.305
5174,717.4,32.075
5175,717.5,55.37
5176,717.6,94.163
5177,717.7,157.849
5178,717.8,260.703
5179,717.9,424.2
5180,718.0,680.249
5181,718.1,1074.953
5182,718.2,1673.797
5183,718.3,2567.835
5184,718.4,3882.812
5185,718.5,5785.189
5186,718.6,8494.83
5187,718.7,12288.264
5188,718.8,17520.071
5189,718.9,24624.969
5190,719.0,34099.221
5191,719.1,46529.546
5192,719.2,62577.468
5193,719.3,82948.312
5194,719.4,108360.912
5195,719.5,139528.345
5196,719.6,177000.0
5197,719.7,221451.514
5198,719.8,272971.486
5199,719.9,331699.164
5200,720.0,397400.0
5201,720.1,469218.866
5202,720.2,546251.583
5203,720.3,626983.01
5204,720.4,709400.0
5205,720.5,791470.954
5206,720.6,870652.938
5207,720.7,944541.31
5208,720.8,1009956.391
5209,720.9,1066103.92
5210,721.0,1109547.615
5211,721.1,1138996.62
5212,721.2,1153423.512
5213,721.3,1152158.174
5214,721.4,1135523.955
5215,721.5,1104995.307
5216,721.6,1060106.776
5217,721.7,1004987.809
5218,721.8,939668.093
5219,721.9,868002.646
5220,722.0,791906.77
5221,722.1,713900.0
5222,722.2,636312.14
5223,722.3,561186.098
5224,722.4,490557.181
5225,722.5,425800.0
5226,722.6,368232.466
5227,722.7,318799.553
5228,722.8,278119.21
5229,722.9,246700.0
5230,723.0,224795.013
5231,723.1,212552.661
5232,723.2,209795.968
5233,723.3,216423.561
5234,723.4,232289.111
5235,723.5,256828.882
5236,723.6,289636.632
5237,723.7,329897.447
5238,723.8,376875.445
5239,723.9,429492.621
5240,724.0,486452.822
5241,724.1,546406.572
5242,724.2,607634.758
5243,724.3,668535.684
5244,724.4,727258.971
5245,724.5,781905.526
5246,724.6,830800.0
5247,724.7,872218.333
5248,724.8,904761.426
5249,724.9,927196.632
5250,725.0,938800.0
5251,725.1,939158.338
5252,725.2,928138.911
5253,725.3,906059.809
5254,725.4,873900.0
5255,725.5,832446.244
5256,725.6,783306.703
5257,725.7,727955.981
5258,725.8,668153.487
5259,725.9,605668.797
5260,726.0,541987.164
5261,726.1,478976.949
5262,726.2,417860.32
5263,726.3,359868.082
5264,726.4,305867.113
5265,726.5,256582.0
5266,726.6,212517.326
5267,726.7,173643.825
5268,726.8,139929.782
5269,726.9,111310.0
5270,727.0,87353.056
5271,727.1,67620.0
5272,727.2,51626.194
5273,727.3,38881.328
5274,727.4,28874.608
5275,727.5,21150.0
5276,727.6,15276.397
5277,727.7,10886.187
5278,727.8,7643.291
5279,727.9,5293.0
5280,728.0,3614.016
5281,728.1,2432.511
5282,728.2,1614.511
5283,728.3,1056.701
5284,728.4,681.271
5285,728.5,433.111
5286,728.6,271.449
5287,728.7,167.71
5288,728.8,102.137
5289,728.9,61.304
5290,729.0,36.268
5291,729.1,21.156
5292,729.2,12.159
5293,729.3,6.888
5294,729.4,3.846
5295,729.5,2.118
5296,729.6,1.152
5297,729.7,0.621
5298,729.8,0.337
5299,729.9,0.196
5300,730.0,0.141
5301,730.1,0.149
5302,730.2,0.223
5303,730.3,0.389
5304,730.4,0.706
5305,730.5,1.281
5306,730.6,2.3
5307,730.7,4.079
5308,730.8,7.133
5309,730.9,12.294
5310,731.0,20.9
5311,731.1,35.031
5312,731.2,57.896
5313,731.3,94.332
5314,731.4,151.587
5315,731.5,240.107
5316,731.6,375.084
5317,731.7,577.874
5318,731.8,878.055
5319,731.9,1316.001
5320,732.0,1944.576
5321,732.1,2834.0
5322,732.2,4076.692
5323,732.3,5784.313
5324,732.4,8096.805
5325,732.5,11190.0
5326,732.6,15251.855
5327,732.7,20537.433
5328,732.8,27296.364
5329,732.9,35830.0
5330,733.0,46471.069
5331,733.1,59548.949
5332,733.2,75434.97
5333,733.3,94491.834
5334,733.4,117126.927
5335,733.5,143575.656
5336,733.6,174309.037
5337,733.7,209608.329
5338,733.8,249742.677
5339,733.9,295025.34
5340,734.0,345494.217
5341,734.1,401500.631
5342,734.2,462892.102
5343,734.3,529824.577
5344,734.4,601822.95
5345,734.5,678678.859
5346,734.6,759900.0
5347,734.7,844429.675
5348,734.8,931156.552
5349,734.9,1019425.443
5350,735.0,1106000.0
5351,735.1,1190580.483
5352,735.2,1270161.862
5353,735.3,1341718.786
5354,735.4,1405000.0
5355,735.5,1456285.043
5356,735.6,1494477.946
5357,735.7,1517947.645
5358,735.8,1525248.688
5359,735.9,1515313.143
5360,736.0,1489315.65
5361,736.1,1447374.877
5362,736.2,1390478.481
5363,736.3,1320464.075
5364,736.4,1240161.287
5365,736.5,1151176.584
5366,736.6,1056653.528
5367,736.7,958182.834
5368,736.8,859415.815
5369,736.9,762099.644
5370,737.0,668368.339
5371,737.1,579900.0
5372,737.2,497903.669
5373,737.3,423605.077
5374,737.4,357402.292
5375,737.5,299900.0
5376,737.6,251168.062
5377,737.7,211296.406
5378,737.8,180237.605
5379,737.9,158100.0
5380,738.0,144731.936
5381,738.1,140356.243
5382,738.2,145092.18
5383,738.3,159157.501
5384,738.4,183032.426
5385,738.5,216981.104
5386,738.6,261471.158
5387,738.7,316684.619
5388,738.8,382684.069
5389,738.9,459221.667
5390,739.0,545526.478
5391,739.1,640663.8
5392,739.2,742890.153
5393,739.3,850136.914
5394,739.4,960097.582
5395,739.5,1068669.086
5396,739.6,1174000.0
5397,739.7,1271691.458
5398,739.8,1358128.61
5399,739.9,1430482.503
5400,740.0,1486000.0
5401,740.1,1521438.955
5402,740.2,1536779.166
5403,740.3,1530076.673
5404,740.4,1502000.0
5405,740.5,1454895.522
5406,740.6,1388631.042
5407,740.7,1307905.225
5408,740.8,1213947.143
5409,740.9,1111439.211
5410,741.0,1003154.859
5411,741.1,892963.385
5412,741.2,783933.506
5413,741.3,678720.69
5414,741.4,579622.36
5415,741.5,488285.71
5416,741.6,406000.225
5417,741.7,333377.12
5418,741.8,270635.232
5419,741.9,217743.863
5420,742.0,174072.876
5421,742.1,139100.0
5422,742.2,112087.767
5423,742.3,92179.546
5424,742.4,78648.937
5425,742.5,70750.0
5426,742.6,67785.251
5427,742.7,69181.513
5428,742.8,74377.356
5429,742.9,82890.0
5430,743.0,94276.426
5431,743.1,108075.259
5432,743.2,123710.843
5433,743.3,140826.247
5434,743.4,158817.264
5435,743.5,177101.376
5436,743.6,195083.959
5437,743.7,212078.282
5438,743.8,227453.238
5439,743.9,240694.516
5440,744.0,251218.048
5441,744.1,258642.188
5442,744.2,262629.325
5443,744.3,262938.773
5444,744.4,259714.792
5445,744.5,252939.996
5446,744.6,243000.0
5447,744.7,230131.455
5448,744.8,214985.479
5449,744.9,198132.373
5450,745.0,180000.0
5451,745.1,161353.969
5452,745.2,142618.139
5453,745.3,124276.449
5454,745.4,106800.0
5455,745.5,90569.191
5456,745.6,75718.093
5457,745.7,62428.928
5458,745.8,50766.979
5459,745.9,40715.548
5460,746.0,32202.139
5461,746.1,25117.24
5462,746.2,19324.305
5463,746.3,14659.463
5464,746.4,10966.367
5465,746.5,8094.038
5466,746.6,5889.504
5467,746.7,4227.731
5468,746.8,2992.068
5469,746.9,2088.574
5470,747.0,1437.738
5471,747.1,976.2
5472,747.2,653.717
5473,747.3,431.664
5474,747.4,281.118
5475,747.5,180.6
5476,747.6,114.425
5477,747.7,71.516
5478,747.8,44.106
5479,747.9,26.85
5480,748.0,16.143
5481,748.1,9.599
5482,748.2,5.67
5483,748.3,3.339
5484,748.4,1.984
5485,748.5,1.208
5486,748.6,0.776
5487,748.7,0.542
5488,748.8,0.422
5489,748.9,0.367
5490,749.0,0.347
5491,749.1,0.348
5492,749.2,0.361
5493,749.3,0.38
5494,749.4,0.404
5495,749.5,0.431
5496,749.6,0.46
5497,749.7,0.491
5498,749.8,0.524
5499,749.9,0.557
5500,750.0,0.591
5501,750.1,0.624
5502,750.2,0.657
5503,750.3,0.686
5504,750.4,0.713
5505,750.5,0.735
5506,750.6,0.752
5507,750.7,0.764
5508,750.8,0.769
5509,750.9,0.766
5510,751.0,0.757
5511,751.1,0.74
5512,751.2,0.717
5513,751.3,0.687
5514,751.4,0.652
5515,751.5,0.613
5516,751.6,0.57
5517,751.7,0.525
5518,751.8,0.479
5519,751.9,0.433
5520,752.0,0.389
5521,752.1,0.346
5522,752.2,0.306
5523,752.3,0.269
5524,752.4,0.237
5525,752.5,0.209
5526,752.6,0.186
5527,752.7,0.169
5528,752.8,0.156
5529,752.9,0.149
5530,753.0,0.147
5531,753.1,0.151
5532,753.2,0.16
5533,753.3,0.173
5534,753.4,0.191
5535,753.5,0.213
5536,753.6,0.238
5537,753.7,0.266
5538,753.8,0.295
5539,753.9,0.325
5540,754.0,0.354
5541,754.1,0.381
5542,754.2,0.406
5543,754.3,0.427
5544,754.4,0.444
5545,754.5,0.455
5546,754.6,0.46
5547,754.7,0.459
5548,754.8,0.452
5549,754.9,0.44
5550,755.0,0.422
5551,755.1,0.399
5552,755.2,0.372
5553,755.3,0.343
5554,755.4,0.311
5555,755.5,0.279
5556,755.6,0.247
5557,755.7,0.215
5558,755.8,0.185
5559,755.9,0.158
5560,756.0,0.132
5561,756.1,0.109
5562,756.2,0.089
5563,756.3,0.072
5564,756.4,0.057
5565,756.5,0.045
5566,756.6,0.034
5567,756.7,0.026
5568,756.8,0.02
5569,756.9,0.015
5570,757.0,0.011
5571,757.1,0.008
5572,757.2,0.006
5573,757.3,0.004
5574,757.4,0.003
5575,757.5,0.002
5576,757.6,0.001
5577,757.7,0.001
5578,757.8,0.001
5579,757.9,0.0
5580,758.0,0.0
5581,758.1,0.0
5582,758.2,0.0
5583,758.3,0.0
5584,758.4,0.0
5585,758.5,0.0
5586,758.6,0.0
5587,758.7,0.0
5588,758.8,0.0
5589,758.9,0.0
5590,759.0,0.0
5591,759.1,0.0
5592,759.2,0.0
5593,759.3,0.0
5594,759.4,0.0
5595,759.5,0.0
5596,759.6,0.0
5597,759.7,0.0
5598,759.8,0.0
5599,759.9,0.0
5600,760.0,0.0
5601,760.1,0.0
5602,760.2,0.0
5603,760.3,0.0
5604,760.4,0.0
5605,760.5,0.0
5606,760.6,0.0
5607,760.7,0.0
5608,760.8,0.0
5609,760.9,0.0
5610,761.0,0.0
5611,761.1,0.0
5612,761.2,0.0
5613,761.3,0.0
5614,761.4,0.0
5615,761.5,0.0
5616,761.6,0.0
5617,761.7,0.0
5618,761.8,0.0
5619,761.9,0.0
5620,762.0,0.0
5621,762.1,0.0
5622,762.2,0.0
5623,762.3,0.0
5624,762.4,0.0
5625,762.5,0.0
5626,762.6,0.0
5627,762.7,0.0
5628,762.8,0.0
5629,762.9,0.0
5630,763.0,0.0
5631,763.1,0.0
5632,763.2,0.0
5633,763.3,0.0
5634,763.4,0.0
5635,763.5,0.0
5636,763.6,0.0
5637,763.7,0.0
5638,763.8,0.0
5639,763.9,0.0
5640,764.0,0.0
5641,764.1,0.0
5642,764.2,0.0
5643,764.3,0.0
5644,764.4,0.0
5645,764.5,0.0
5646,764.6,0.0
5647,764.7,0.0
5648,764.8,0.0
5649,764.9,0.0
5650,765.0,0.0
5651,765.1,0.0
5652,765.2,0.0
5653,765.3,0.0
5654,765.4,0.0
5655,765.5,0.0
5656,765.6,0.0
5657,765.7,0.0
5658,765.8,0.0
5659,765.9,0.0
5660,766.0,0.0
5661,766.1,0.0
5662,766.2,0.0
5663,766.3,0.0
5664,766.4,0.0
5665,766.5,0.0
5666,766.6,0.0
5667,766.7,0.0
5668,766.8,0.0
5669,766.9,0.0
5670,767.0,0.0
5671,767.1,0.0
5672,767.2,0.0
5673,767.3,0.0
5674,767.4,0.0
5675,767.5,0.0
5676,767.6,0.0
5677,767.7,0.0
5678,767.8,0.0
5679,767.9,0.0
5680,768.0,0.0
5681,768.1,0.0
5682,768.2,0.0
5683,768.3,0.0
5684,768.4,0.0
5685,768.5,0.0
5686,768.6,0.0
5687,768.7,0.0
5688,768.8,0.0
5689,768.9,0.0
5690,769.0,0.0
5691,769.1,0.0
5692,769.2,0.0
5693,769.3,0.0
5694,769.4,0.0
5695,769.5,0.0
5696,769.6,0.0
5697,769.7,0.0
5698,769.8,0.0
5699,769.9,0.0
5700,770.0,0.0
5701,770.1,0.0
5702,770.2,0.0
5703,770.3,0.0
5704,770.4,0.0
5705,770.5,0.0
5706,770.6,0.0
5707,770.7,0.0
5708,770.8,0.0
5709,770.9,0.0
5710,771.0,0.0
5711,771.1,0.0
5712,771.2,0.0
5713,771.3,0.0
5714,771.4,0.0
5715,771.5,0.0
5716,771.6,0.0
5717,771.7,0.0
5718,771.8,0.0
5719,771.9,0.0
5720,772.0,0.0
5721,772.1,0.0
5722,772.2,0.0
5723,772.3,0.0
5724,772.4,0.0
5725,772.5,0.0
5726,772.6,0.0
5727,772.7,0.0
5728,772.8,0.0
5729,772.9,0.0
5730,773.0,0.0
5731,773.1,0.0
5732,773.2,0.0
5733,773.3,0.0
5734,773.4,0.0
5735,773.5,0.0
5736,773.6,0.0
5737,773.7,0.0
5738,773.8,0.0
5739,773.9,0.0
5740,774.0,0.0
5741,774.1,0.0
5742,774.2,0.0
5743,774.3,0.0
5744,774.4,0.0
5745,774.5,0.0
5746,774.6,0.0
5747,774.7,0.0
5748,774.8,0.0
5749,774.9,0.0
5750,775.0,0.0
5751,775.1,0.0
5752,775.2,0.0
5753,775.3,0.0
5754,775.4,0.0
5755,775.5,0.0
5756,775.6,0.0
5757,775.7,0.0
5758,775.8,0.0
5759,775.9,0.0
5760,776.0,0.0
5761,776.1,0.0
5762,776.2,0.0
5763,776.3,0.0
5764,776.4,0.0
5765,776.5,0.0
5766,776.6,0.0
5767,776.7,0.0
5768,776.8,0.0
5769,776.9,0.0
5770,777.0,0.0
5771,777.1,0.0
5772,777.2,0.0
5773,777.3,0.0
5774,777.4,0.0
5775,777.5,0.0
5776,777.6,0.0
5777,777.7,0.0
5778,777.8,0.0
5779,777.9,0.0
5780,778.0,0.0
5781,778.1,0.0
5782,778.2,0.0
5783,778.3,0.0
5784,778.4,0.0
5785,778.5,0.0
5786,778.6,0.0
5787,778.7,0.0
5788,778.8,0.0
5789,778.9,0.0
5790,779.0,0.0
5791,779.1,0.0
5792,779.2,0.0
5793,779.3,0.0
5794,779.4,0.0
5795,779.5,0.0
5796,779.6,0.0
5797,779.7,0.0
5798,779.8,0.0
5799,779.9,0.0
5800,780.0,0.0
5801,780.1,0.0
5802,780.2,0.0
5803,780.3,0.0
5804,780.4,0.0
5805,780.5,0.0
5806,780.6,0.0
5807,780.7,0.0
5808,780.8,0.0
5809,780.9,0.0
5810,781.0,0.0
5811,781.1,0.0
5812,781.2,0.0
5813,781.3,0.0
5814,781.4,0.0
5815,781.5,0.0
5816,781.6,0.0
5817,781.7,0.0
5818,781.8,0.0
5819,781.9,0.0
5820,782.0,0.0
5821,782.1,0.0
5822,782.2,0.0
5823,782.3,0.0
5824,782.4,0.0
5825,782.5,0.0
5826,782.6,0.0
5827,782.7,0.0
5828,782.8,0.0
5829,782.9,0.0
5830,783.0,0.0
5831,783.1,0.0
5832,783.2,0.0
5833,783.3,0.0
5834,783.4,0.0
5835,783.5,0.0
5836,783.6,0.0
5837,783.7,0.0
5838,783.8,0.0
5839,783.9,0.0
5840,784.0,0.0
5841,784.1,0.0
5842,784.2,0.0
5843,784.3,0.0
5844,784.4,0.0
5845,784.5,0.0
5846,784.6,0.0
5847,784.7,0.0
5848,784.8,0.0
5849,784.9,0.0
5850,785.0,0.0
5851,785.1,0.0
5852,785.2,0.0
5853,785.3,0.0
5854,785.4,0.0
5855,785.5,0.0
5856,785.6,0.0
5857,785.7,0.0
5858,785.8,0.0
5859,785.9,0.0
5860,786.0,0.0
5861,786.1,0.0
5862,786.2,0.0
5863,786.3,0.0
5864,786.4,0.0
5865,786.5,0.0
5866,786.6,0.0
5867,786.7,0.0
5868,786.8,0.0
5869,786.9,0.0
5870,787.0,0.0
5871,787.1,0.0
5872,787.2,0.0
5873,787.3,0.0
5874,787.4,0.0
5875,787.5,0.0
5876,787.6,0.0
5877,787.7,0.0
5878,787.8,0.0
5879,787.9,0.0
5880,788.0,0.0
5881,788.1,0.0
5882,788.2,0.0
5883,788.3,0.0
5884,788.4,0.0
5885,788.5,0.0
5886,788.6,0.0
5887,788.7,0.0
5888,788.8,0.0
5889,788.9,0.0
5890,789.0,0.0
5891,789.1,0.0
5892,789.2,0.0
5893,789.3,0.0
5894,789.4,0.0
5895,789.5,0.0
5896,789.6,0.0
5897,789.7,0.0
5898,789.8,0.0
5899,789.9,0.0
5900,790.0,0.0
5901,790.1,0.0
5902,790.2,0.0
5903,790.3,0.0
5904,790.4,0.0
5905,790.5,0.0
5906,790.6,0.0
5907,790.7,0.0
5908,790.8,0.0
5909,790.9,0.0
5910,791.0,0.0
5911,791.1,0.0
5912,791.2,0.0
5913,791.3,0.0
5914,791.4,0.0
5915,791.5,0.0
5916,791.6,0.0
5917,791.7,0.0
5918,791.8,0.0
5919,791.9,0.0
5920,792.0,0.0
5921,792.1,0.0
5922,792.2,0.0
5923,792.3,0.0
5924,792.4,0.0
5925,792.5,0.0
5926,792.6,0.0
5927,792.7,0.0
5928,792.8,0.0
5929,792.9,0.0
5930,793.0,0.0
5931,793.1,0.0
5932,793.2,0.0
5933,793.3,0.0
5934,793.4,0.0
5935,793.5,0.0
5936,793.6,0.0
5937,793.7,0.0
5938,793.8,0.0
5939,793.9,0.0
5940,794.0,0.0
5941,794.1,0.0
5942,794.2,0.0
5943,794.3,0.0
5944,794.4,0.0
5945,794.5,0.0
5946,794.6,0.0
5947,794.7,0.0
5948,794.8,0.0
5949,794.9,0.0
5950,795.0,0.0
5951,795.1,0.0
5952,795.2,0.0
5953,795.3,0.0
5954,795.4,0.0
5955,795.5,0.0
5956,795.6,0.0
5957,795.7,0.0
5958,795.8,0.0
5959,795.9,0.0
5960,796.0,0.0
5961,796.1,0.0
5962,796.2,0.0
5963,796.3,0.0
5964,796.4,0.0
5965,796.5,0.0
5966,796.6,0.0
5967,796.7,0.0
5968,796.8,0.0
5969,796.9,0.0
5970,797.0,0.0
5971,797.1,0.0
5972,797.2,0.0
5973,797.3,0.0
5974,797.4,0.0
5975,797.5,0.0
5976,797.6,0.0
5977,797.7,0.0
5978,797.8,0.0
5979,797.9,0.0
5980,798.0,0.0
5981,798.1,0.0
5982,798.2,0.0
5983,798.3,0.0
5984,798.4,0.0
5985,798.5,0.0
5986,798.6,0.0
5987,798.7,0.0
5988,798.8,0.0
5989,798.9,0.0
5990,799.0,0.0
5991,799.1,0.0
5992,799.2,0.0
5993,799.3,0.0
5994,799.4,0.0
5995,799.5,0.0
5996,799.6,0.0
5997,799.7,0.0
5998,799.8,0.0
5999,799.9,0.0
6000,800.0,0.0
6001,800.1,0.0
6002,800.2,0.0
6003,800.3,0.0
6004,800.4,0.0
6005,800.5,0.0
6006,800.6,0.0
6007,800.7,0.0
6008,800.8,0.0
6009,800.9,0.0
6010,801.0,0.0
6011,801.1,0.0
6012,801.2,0.0
6013,801.3,0.0
6014,801.4,0.0
6015,801.5,0.0
6016,801.6,0.0
6017,801.7,0.0
6018,801.8,0.0
6019,801.9,0.0
6020,802.0,0.0
6021,802.1,0.0
6022,802.2,0.0
6023,802.3,0.0
6024,802.4,0.0
6025,802.5,0.0
6026,802.6,0.0
6027,802.7,0.0
6028,802.8,0.0
6029,802.9,0.0
6030,803.0,0.0
6031,803.1,0.0
6032,803.2,0.0
6033,803.3,0.0
6034,803.4,0.0
6035,803.5,0.0
6036,803.6,0.0
6037,803.7,0.0
6038,803.8,0.0
6039,803.9,0.0
6040,804.0,0.0
6041,804.1,0.0
6042,804.2,0.0
6043,804.3,0.0
6044,804.4,0.0
6045,804.5,0.0
6046,804.6,0.0
6047,804.7,0.0
6048,804.8,0.0
6049,804.9,0.0
6050,805.0,0.0
6051,805.1,0.0
6052,805.2,0.0
6053,805.3,0.0
6054,805.4,0.0
6055,805.5,0.0
6056,805.6,0.0
6057,805.7,0.0
6058,805.8,0.0
6059,805.9,0.0
6060,806.0,0.0
6061,806.1,0.0
6062,806.2,0.0
6063,806.3,0.0
6064,806.4,0.0
6065,806.5,0.0
6066,806.6,0.0
6067,806.7,0.0
6068,806.8,0.0
6069,806.9,0.0
6070,807.0,0.0
6071,807.1,0.0
6072,807.2,0.0
6073,807.3,0.0
6074,807.4,0.0
6075,807.5,0.0
6076,807.6,0.0
6077,807.7,0.0
6078,807.8,0.0
6079,807.9,0.0
6080,808.0,0.0
6081,808.1,0.0
6082,808.2,0.0
6083,808.3,0.0
6084,808.4,0.0
6085,808.5,0.0
6086,808.6,0.0
6087,808.7,0.0
6088,808.8,0.0
6089,808.9,0.0
6090,809.0,0.0
6091,809.1,0.0
6092,809.2,0.0
6093,809.3,0.0
6094,809.4,0.0
6095,809.5,0.0
6096,809.6,0.0
6097,809.7,0.0
6098,809.8,0.0
6099,809.9,0.0
6100,810.0,0.0
6101,810.1,0.0
6102,810.2,0.0
6103,810.3,0.0
6104,810.4,0.0
6105,810.5,0.0
6106,810.6,0.0
6107,810.7,0.0
6108,810.8,0.0
6109,810.9,0.0
6110,811.0,0.0
6111,811.1,0.0
6112,811.2,0.0
6113,811.3,0.0
6114,811.4,0.0
6115,811.5,0.0
6116,811.6,0.0
6117,811.7,0.0
6118,811.8,0.0
6119,811.9,0.0
6120,812.0,0.0
6121,812.1,0.0
6122,812.2,0.0
6123,812.3,0.0
6124,812.4,0.0
6125,812.5,0.0
6126,812.6,0.0
6127,812.7,0.0
6128,812.8,0.0
6129,812.9,0.0
6130,813.0,0.0
6131,813.1,0.0
6132,813.2,0.0
6133,813.3,0.0
6134,813.4,0.0
6135,813.5,0.0
6136,813.6,0.0
6137,813.7,0.0
6138,813.8,0.0
6139,813.9,0.0
6140,814.0,0.0
6141,814.1,0.0
6142,814.2,0.0
6143,814.3,0.0
6144,814.4,0.0
6145,814.5,0.0
6146,814.6,0.0
6147,814.7,0.0
6148,814.8,0.0
6149,814.9,0.0
6150,815.0,0.0
6151,815.1,0.0
6152,815.2,0.0
6153,815.3,0.0
6154,815.4,0.0
6155,815.5,0.0
6156,815.6,0.0
6157,815.7,0.0
6158,815.8,0.0
6159,815.9,0.0
6160,816.0,0.0
6161,816.1,0.0
6162,816.2,0.0
6163,816.3,0.0
6164,816.4,0.0
6165,816.5,0.0
6166,816.6,0.0
6167,816.7,0.0
6168,816.8,0.0
6169,816.9,0.0
6170,817.0,0.0
6171,817.1,0.0
6172,817.2,0.0
6173,817.3,0.0
6174,817.4,0.0
6175,817.5,0.0
6176,817.6,0.0
6177,817.7,0.0
6178,817.8,0.0
6179,817.9,0.0
6180,818.0,0.0
6181,818.1,0.0
6182,818.2,0.0
6183,818.3,0.0
6184,818.4,0.0
6185,818.5,0.0
6186,818.6,0.0
6187,818.7,0.0
6188,818.8,0.0
6189,818.9,0.0
6190,819.0,0.0
6191,819.1,0.0
6192,819.2,0.0
6193,819.3,0.0
6194,819.4,0.0
6195,819.5,0.0
6196,819.6,0.0
6197,819.7,0.0
6198,819.8,0.0
6199,819.9,0.0
6200,820.0,0.0
6201,820.1,0.0
6202,820.2,0.0
6203,820.3,0.0
6204,820.4,0.0
6205,820.5,0.0
6206,820.6,0.0
6207,820.7,0.0
6208,820.8,0.0
6209,820.9,0.0
6210,821.0,0.0
6211,821.1,0.0
6212,821.2,0.0
6213,821.3,0.0
6214,821.4,0.0
6215,821.5,0.0
6216,821.6,0.0
6217,821.7,0.0
6218,821.8,0.0
6219,821.9,0.0
6220,822.0,0.0
6221,822.1,0.0
6222,822.2,0.0
6223,822.3,0.0
6224,822.4,0.0
6225,822.5,0.0
6226,822.6,0.0
6227,822.7,0.0
6228,822.8,0.0
6229,822.9,0.0
6230,823.0,0.0
6231,823.1,0.0
6232,823.2,0.0
6233,823.3,0.0
6234,823.4,0.0
6235,823.5,0.0
6236,823.6,0.0
6237,823.7,0.0
6238,823.8,0.0
6239,823.9,0.0
6240,824.0,0.0
6241,824.1,0.0
6242,824.2,0.0
6243,824.3,0.0
6244,824.4,0.0
6245,824.5,0.0
6246,824.6,0.0
6247,824.7,0.0
6248,824.8,0.0
6249,824.9,0.0
6250,825.0,0.0
6251,825.1,0.0
6252,825.2,0.0
6253,825.3,0.0
6254,825.4,0.0
6255,825.5,0.0
6256,825.6,0.0
6257,825.7,0.0
6258,825.8,0.0
6259,825.9,0.0
6260,826.0,0.0
6261,826.1,0.0
6262,826.2,0.0
6263,826.3,0.0
6264,826.4,0.0
6265,826.5,0.0
6266,826.6,0.0
6267,826.7,0.0
6268,826.8,0.0
6269,826.9,0.0
6270,827.0,0.0
6271,827.1,0.0
6272,827.2,0.0
6273,827.3,0.0
6274,827.4,0.0
6275,827.5,0.0
6276,827.6,0.0
6277,827.7,0.0
6278,827.8,0.0
6279,827.9,0.0
6280,828.0,0.0
6281,828.1,0.0
6282,828.2,0.0
6283,828.3,0.0
6284,828.4,0.0
6285,828.5,0.0
6286,828.6,0.0
6287,828.7,0.0
6288,828.8,0.0
6289,828.9,0.0
6290,829.0,0.0
6291,829.1,0.0
6292,829.2,0.0
6293,829.3,0.0
6294,829.4,0.0
6295,829.5,0.0
6296,829.6,0.0
6297,829.7,0.0
6298,829.8,0.0
6299,829.9,0.0
6300,830.0,0.0
6301,830.1,0.0
6302,830.2,0.0
6303,830.3,0.0
6304,830.4,0.0
6305,830.5,0.0
6306,830.6,0.0
6307,830.7,0.001
6308,830.8,0.001
6309,830.9,0.002
6310,831.0,0.003
6311,831.1,0.005
6312,831.2,0.008
6313,831.3,0.014
6314,831.4,0.024
6315,831.5,0.041
6316,831.6,0.071
6317,831.7,0.12
6318,831.8,0.203
6319,831.9,0.341
6320,832.0,0.568
6321,832.1,0.937
6322,832.2,1.53
6323,832.3,2.473
6324,832.4,3.956
6325,832.5,6.265
6326,832.6,9.817
6327,832.7,15.219
6328,832.8,23.345
6329,832.9,35.43
6330,833.0,53.177
6331,833.1,78.978
6332,833.2,115.993
6333,833.3,168.582
6334,833.4,242.319
6335,833.5,344.603
6336,833.6,484.785
6337,833.7,674.555
6338,833.8,928.565
6339,833.9,1264.711
6340,834.0,1703.602
6341,834.1,2271.167
6342,834.2,2994.333
6343,834.3,3907.808
6344,834.4,5045.262
6345,834.5,6446.724
6346,834.6,8151.0
6347,834.7,10200.528
6348,834.8,12634.928
6349,834.9,15503.867
6350,835.0,18820.0
6351,835.1,22644.634
6352,835.2,26977.231
6353,835.3,31842.625
6354,835.4,37250.0
6355,835.5,43203.28
6356,835.6,49687.502
6357,835.7,56705.271
6358,835.8,64221.151
6359,835.9,72231.772
6360,836.0,80700.405
6361,836.1,89628.006
6362,836.2,98988.611
6363,836.3,108797.967
6364,836.4,119020.127
6365,836.5,129646.281
6366,836.6,140670.855
6367,836.7,152172.682
6368,836.8,164114.248
6369,836.9,176381.536
6370,837.0,189036.773
6371,837.1,201900.0
6372,837.2,214909.68
6373,837.3,227819.097
6374,837.4,240492.144
6375,837.5,252800.0
6376,837.6,264338.202
6377,837.7,274858.277
6378,837.8,284038.571
6379,837.9,291700.0
6380,838.0,297481.71
6381,838.1,301093.816
6382,838.2,302532.074
6383,838.3,301539.014
6384,838.4,298043.869
6385,838.5,292197.437
6386,838.6,284056.529
6387,838.7,273831.979
6388,838.8,261718.266
6389,838.9,248241.43
6390,839.0,233711.13
6391,839.1,218541.707
6392,839.2,203066.694
6393,839.3,188032.794
6394,839.4,173585.429
6395,839.5,160285.878
6396,839.6,148500.0
6397,839.7,138424.637
6398,839.8,130368.81
6399,839.9,124578.263
6400,840.0,121200.0
6401,840.1,120096.902
6402,840.2,121515.712
6403,840.3,125259.802
6404,840.4,131300.0
6405,840.5,139504.198
6406,840.6,149742.141
6407,840.7,161899.551
6408,840.8,175899.022
6409,840.9,191643.788
6410,841.0,208989.748
6411,841.1,227980.794
6412,841.2,248727.172
6413,841.3,271240.261
6414,841.4,295756.773
6415,841.5,322493.296
6416,841.6,351648.918
6417,841.7,383398.28
6418,841.8,418010.192
6419,841.9,455788.037
6420,842.0,496801.62
6421,842.1,541100.0
6422,842.2,588528.301
6423,842.3,638850.537
6424,842.4,691669.687
6425,842.5,746500.0
6426,842.6,802321.098
6427,842.7,858322.71
6428,842.8,913399.989
6429,842.9,966200.0
6430,843.0,1015546.415
6431,843.1,1060142.639
6432,843.2,1097967.8
6433,843.3,1129297.497
6434,843.4,1151840.724
6435,843.5,1164676.633
6436,843.6,1167007.322
6437,843.7,1160320.615
6438,843.8,1141770.558
6439,843.9,1114712.26
6440,844.0,1076982.98
6441,844.1,1031030.161
6442,844.2,977323.975
6443,844.3,917492.866
6444,844.4,852867.962
6445,844.5,784945.863
6446,844.6,715200.0
6447,844.7,645135.119
6448,844.8,576019.204
6449,844.9,509124.116
6450,845.0,445300.0
6451,845.1,385604.244
6452,845.2,330404.686
6453,845.3,280135.997
6454,845.4,235100.0
6455,845.5,195245.231
6456,845.6,160478.429
6457,845.7,130496.535
6458,845.8,105018.447
6459,845.9,83590.698
6460,846.0,65857.092
6461,846.1,51333.632
6462,846.2,39597.343
6463,846.3,30217.186
6464,846.4,22813.27
6465,846.5,17039.202
6466,846.6,12592.228
6467,846.7,9211.851
6468,846.8,6664.04
6469,846.9,4770.6
6470,847.0,3378.365
6471,847.1,2367.0
6472,847.2,1640.683
6473,847.3,1124.994
6474,847.4,763.265
6475,847.5,512.3
6476,847.6,340.154
6477,847.7,223.439
6478,847.8,145.251
6479,847.9,93.38
6480,848.0,59.398
6481,848.1,37.371
6482,848.2,23.267
6483,848.3,14.326
6484,848.4,8.731
6485,848.5,5.263
6486,848.6,3.139
6487,848.7,1.851
6488,848.8,1.081
6489,848.9,0.624
6490,849.0,0.356
6491,849.1,0.201
6492,849.2,0.113
6493,849.3,0.062
6494,849.4,0.034
6495,849.5,0.018
6496,849.6,0.01
6497,849.7,0.005
6498,849.8,0.003
6499,849.9,0.001
6500,850.0,0.001
6501,850.1,0.0
6502,850.2,0.0
6503,850.3,0.0
6504,850.4,0.0
6505,850.5,0.0
6506,850.6,0.0
6507,850.7,0.0
6508,850.8,0.0
6509,850.9,0.0
6510,851.0,0.0
6511,851.1,0.0
6512,851.2,0.0
6513,851.3,0.0
6514,851.4,0.0
6515,851.5,0.0
6516,851.6,0.0
6517,851.7,0.0
6518,851.8,0.0
6519,851.9,0.0
6520,852.0,0.0
6521,852.1,0.0
6522,852.2,0.0
6523,852.3,0.0
6524,852.4,0.0
6525,852.5,0.0
6526,852.6,0.0
6527,852.7,0.0
6528,852.8,0.0
6529,852.9,0.0
6530,853.0,0.0
6531,853.1,0.0
6532,853.2,0.0
6533,853.3,0.0
6534,853.4,0.0
6535,853.5,0.0
6536,853.6,0.0
6537,853.7,0.0
6538,853.8,0.0
6539,853.9,0.0
6540,854.0,0.0
6541,854.1,0.0
6542,854.2,0.0
6543,854.3,0.0
6544,854.4,0.0
6545,854.5,0.0
6546,854.6,0.0
6547,854.7,0.0
6548,854.8,0.0
6549,854.9,0.0
6550,855.0,0.0
6551,855.1,0.0
6552,855.2,0.0
6553,855.3,0.0
6554,855.4,0.0
6555,855.5,0.0
6556,855.6,0.0
6557,855.7,0.0
6558,855.8,0.0
6559,855.9,0.0
6560,856.0,0.0
6561,856.1,0.0
6562,856.2,0.0
6563,856.3,0.0
6564,856.4,0.0
6565,856.5,0.0
6566,856.6,0.0
6567,856.7,0.0
6568,856.8,0.0
6569,856.9,0.0
6570,857.0,0.0
6571,857.1,0.0
6572,857.2,0.0
6573,857.3,0.0
6574,857.4,0.0
6575,857.5,0.0
6576,857.6,0.0
6577,857.7,0.0
6578,857.8,0.0
6579,857.9,0.0
6580,858.0,0.0
6581,858.1,0.0
6582,858.2,0.0
6583,858.3,0.0
6584,858.4,0.0
6585,858.5,0.0
6586,858.6,0.0
6587,858.7,0.0
6588,858.8,0.0
6589,858.9,0.0
6590,859.0,0.0
6591,859.1,0.0
6592,859.2,0.0
6593,859.3,0.0
6594,859.4,0.0
6595,859.5,0.0
6596,859.6,0.0
6597,859.7,0.0
6598,859.8,0.0
6599,859.9,0.0
6600,860.0,0.0
6601,860.1,0.0
6602,860.2,0.0
6603,860.3,0.0
6604,860.4,0.0
6605,860.5,0.0
6606,860.6,0.0
6607,860.7,0.0
6608,860.8,0.0
6609,860.9,0.0
6610,861.0,0.0
6611,861.1,0.0
6612,861.2,0.0
6613,861.3,0.0
6614,861.4,0.0
6615,861.5,0.0
6616,861.6,0.0
6617,861.7,0.001
6618,861.8,0.001
6619,861.9,0.002
6620,862.0,0.004
6621,862.1,0.008
6622,862.2,0.014
6623,862.3,0.024
6624,862.4,0.041
6625,862.5,0.071
6626,862.6,0.122
6627,862.7,0.206
6628,862.8,0.344
6629,862.9,0.57
6630,863.0,0.935
6631,863.1,1.516
6632,863.2,2.434
6633,863.3,3.869
6634,863.4,6.088
6635,863.5,9.483
6636,863.6,14.623
6637,863.7,22.319
6638,863.8,33.73
6639,863.9,50.466
6640,864.0,74.729
6641,864.1,109.587
6642,864.2,159.045
6643,864.3,228.529
6644,864.4,325.054
6645,864.5,457.738
6646,864.6,638.3
6647,864.7,881.03
6648,864.8,1204.381
6649,864.9,1629.555
6650,865.0,2183.0
6651,865.1,2896.039
6652,865.2,3803.758
6653,865.3,4946.227
6654,865.4,6370.0
6655,865.5,8122.599
6656,865.6,10254.958
6657,865.7,12824.353
6658,865.8,15885.824
6659,865.9,19474.949
6660,866.0,23659.226
6661,866.1,28455.793
6662,866.2,33908.031
6663,866.3,40020.836
6664,866.4,46787.772
6665,866.5,54185.203
6666,866.6,62161.851
6667,866.7,70671.673
6668,866.8,79592.718
6669,866.9,88840.444
6670,867.0,98214.324
6671,867.1,107700.0
6672,867.2,117048.245
6673,867.3,126035.683
6674,867.4,134564.817
6675,867.5,142400.0
6676,867.6,149452.199
6677,867.7,155651.87
6678,867.8,160632.975
6679,867.9,164600.0
6680,868.0,167224.083
6681,868.1,168582.167
6682,868.2,168769.56
6683,868.3,167684.48
6684,868.4,165310.502
6685,868.5,161876.585
6686,868.6,157432.261
6687,868.7,152077.489
6688,868.8,145958.495
6689,868.9,139205.764
6690,869.0,131879.503
6691,869.1,124180.174
6692,869.2,116296.957
6693,869.3,108154.189
6694,869.4,100076.325
6695,869.5,92071.602
6696,869.6,84190.0
6697,869.7,76552.873
6698,869.8,69197.142
6699,869.9,62187.219
6700,870.0,55560.0
6701,870.1,49341.041
6702,870.2,43559.442
6703,870.3,38222.769
6704,870.4,33340.0
6705,870.5,28908.512
6706,870.6,24918.699
6707,870.7,21364.509
6708,870.8,18231.181
6709,870.9,15494.841
6710,871.0,13156.033
6711,871.1,11174.817
6712,871.2,9542.991
6713,871.3,8236.457
6714,871.4,7235.417
6715,871.5,6520.195
6716,871.6,6074.437
6717,871.7,5880.397
6718,871.8,5921.058
6719,871.9,6181.813
6720,872.0,6646.139
6721,872.1,7298.0
6722,872.2,8121.098
6723,872.3,9094.876
6724,872.4,10196.053
6725,872.5,11410.0
6726,872.6,12702.163
6727,872.7,14042.943
6728,872.8,15408.206
6729,872.9,16760.0
6730,873.0,18062.994
6731,873.1,19277.121
6732,873.2,20386.295
6733,873.3,21343.77
6734,873.4,22119.078
6735,873.5,22705.206
6736,873.6,23075.238
6737,873.7,23209.583
6738,873.8,23110.286
6739,873.9,22788.052
6740,874.0,22242.434
6741,874.1,21495.853
6742,874.2,20559.886
6743,874.3,19478.425
6744,874.4,18254.361
6745,874.5,16950.006
6746,874.6,15570.0
6747,874.7,14167.995
6748,874.8,12758.091
6749,874.9,11371.818
6750,875.0,10040.0
6751,875.1,8771.411
6752,875.2,7587.533
6753,875.3,6497.214
6754,875.4,5508.0
6755,875.5,4622.208
6756,875.6,3840.886
6757,875.7,3158.896
6758,875.8,2572.628
6759,875.9,2073.861
6760,876.0,1655.222
6761,876.1,1307.643
6762,876.2,1022.591
6763,876.3,791.816
6764,876.4,606.925
6765,876.5,460.544
6766,876.6,346.032
6767,876.7,257.339
6768,876.8,189.477
6769,876.9,138.088
6770,877.0,99.634
6771,877.1,71.18
6772,877.2,50.346
6773,877.3,35.244
6774,877.4,24.423
6775,877.5,16.76
6776,877.6,11.385
6777,877.7,7.656
6778,877.8,5.097
6779,877.9,3.359
6780,878.0,2.192
6781,878.1,1.415
6782,878.2,0.905
6783,878.3,0.573
6784,878.4,0.359
6785,878.5,0.223
6786,878.6,0.137
6787,878.7,0.083
6788,878.8,0.05
6789,878.9,0.03
6790,879.0,0.018
6791,879.1,0.01
6792,879.2,0.006
6793,879.3,0.003
6794,879.4,0.002
6795,879.5,0.001
6796,879.6,0.001
6797,879.7,0.0
6798,879.8,0.0
6799,879.9,0.0
6800,880.0,0.0
6801,880.1,0.0
6802,880.2,0.0
6803,880.3,0.0
6804,880.4,0.0
6805,880.5,0.0
6806,880.6,0.0
6807,880.7,0.0
6808,880.8,0.0
6809,880.9,0.0
6810,881.0,0.0
6811,881.1,0.0
6812,881.2,0.0
6813,881.3,0.0
6814,881.4,0.0
6815,881.5,0.0
6816,881.6,0.0
6817,881.7,0.0
6818,881.8,0.0
6819,881.9,0.0
6820,882.0,0.0
6821,882.1,0.0
6822,882.2,0.0
6823,882.3,0.0
6824,882.4,0.0
6825,882.5,0.0
6826,882.6,0.0
6827,882.7,0.0
6828,882.8,0.0
6829,882.9,0.0
6830,883.0,0.0
6831,883.1,0.0
6832,883.2,0.0
6833,883.3,0.0
6834,883.4,0.0
6835,883.5,0.0
6836,883.6,0.0
6837,883.7,0.0
6838,883.8,0.0
6839,883.9,0.0
6840,884.0,0.0
6841,884.1,0.0
6842,884.2,0.0
6843,884.3,0.0
6844,884.4,0.0
6845,884.5,0.0
6846,884.6,0.0
6847,884.7,0.0
6848,884.8,0.0
6849,884.9,0.0
6850,885.0,0.0
6851,885.1,0.0
6852,885.2,0.0
6853,885.3,0.0
6854,885.4,0.0
6855,885.5,0.0
6856,885.6,0.0
6857,885.7,0.0
6858,885.8,0.0
6859,885.9,0.0
6860,886.0,0.0
6861,886.1,0.0
6862,886.2,0.0
6863,886.3,0.0
6864,886.4,0.0
6865,886.5,0.0
6866,886.6,0.0
6867,886.7,0.0
6868,886.8,0.0
6869,886.9,0.0
6870,887.0,0.0
6871,887.1,0.0
6872,887.2,0.0
6873,887.3,0.0
6874,887.4,0.0
6875,887.5,0.0
6876,887.6,0.0
6877,887.7,0.0
6878,887.8,0.0
6879,887.9,0.0
6880,888.0,0.0
6881,888.1,0.0
6882,888.2,0.0
6883,888.3,0.0
6884,888.4,0.001
6885,888.5,0.001
6886,888.6,0.001
6887,888.7,0.001
6888,888.8,0.002
6889,888.9,0.003
6890,889.0,0.003
6891,889.1,0.004
6892,889.2,0.006
6893,889.3,0.008
6894,889.4,0.01
6895,889.5,0.012
6896,889.6,0.015
6897,889.7,0.019
6898,889.8,0.024
6899,889.9,0.029
6900,890.0,0.035
6901,890.1,0.042
6902,890.2,0.051
6903,890.3,0.059
6904,890.4,0.069
6905,890.5,0.08
6906,890.6,0.092
6907,890.7,0.104
6908,890.8,0.116
6909,890.9,0.129
6910,891.0,0.142
6911,891.1,0.155
6912,891.2,0.167
6913,891.3,0.179
6914,891.4,0.189
6915,891.5,0.199
6916,891.6,0.206
6917,891.7,0.212
6918,891.8,0.216
6919,891.9,0.218
6920,892.0,0.218
6921,892.1,0.215
6922,892.2,0.211
6923,892.3,0.205
6924,892.4,0.197
6925,892.5,0.187
6926,892.6,0.177
6927,892.7,0.165
6928,892.8,0.153
6929,892.9,0.14
6930,893.0,0.127
6931,893.1,0.114
6932,893.2,0.101
6933,893.3,0.089
6934,893.4,0.078
6935,893.5,0.067
6936,893.6,0.058
6937,893.7,0.049
6938,893.8,0.041
6939,893.9,0.034
6940,894.0,0.028
6941,894.1,0.023
6942,894.2,0.018
6943,894.3,0.015
6944,894.4,0.012
6945,894.5,0.009
6946,894.6,0.007
6947,894.7,0.005
6948,894.8,0.004
6949,894.9,0.003
6950,895.0,0.002
6951,895.1,0.002
6952,895.2,0.001
6953,895.3,0.001
6954,895.4,0.001
6955,895.5,0.0
6956,895.6,0.0
6957,895.7,0.0
6958,895.8,0.0
6959,895.9,0.0
6960,896.0,0.0
6961,896.1,0.0
6962,896.2,0.0
6963,896.3,0.0
6964,896.4,0.0
6965,896.5,0.0
6966,896.6,0.0
6967,896.7,0.0
6968,896.8,0.0
6969,896.9,0.0
6970,897.0,0.0
6971,897.1,0.0
6972,897.2,0.0
6973,897.3,0.0
6974,897.4,0.0
6975,897.5,0.0
6976,897.6,0.0
6977,897.7,0.0
6978,897.8,0.0
6979,897.9,0.0
6980,898.0,0.0
6981,898.1,0.0
6982,898.2,0.0
6983,898.3,0.0
6984,898.4,0.0
6985,898.5,0.0
6986,898.6,0.0
6987,898.7,0.0
6988,898.8,0.0
6989,898.9,0.0
6990,899.0,0.0
6991,899.1,0.0
6992,899.2,0.0
6993,899.3,0.0
6994,899.4,0.0
6995,899.5,0.0
6996,899.6,0.0
6997,899.7,0.0
6998,899.8,0.0
6999,899.9,0.0
7000,900.0,0.0
7001,900.1,0.0
7002,900.2,0.0
7003,900.3,0.0
7004,900.4,0.0
7005,900.5,0.0
7006,900.6,0.0
7007,900.7,0.0
7008,900.8,0.0
7009,900.9,0.0
7010,901.0,0.0
7011,901.1,0.0
7012,901.2,0.0
7013,901.3,0.0
7014,901.4,0.0
7015,901.5,0.0
7016,901.6,0.0
7017,901.7,0.0
7018,901.8,0.0
7019,901.9,0.0
7020,902.0,0.0
7021,902.1,0.0
7022,902.2,0.0
7023,902.3,0.0
7024,902.4,0.0
7025,902.5,0.0
7026,902.6,0.0
7027,902.7,0.0
7028,902.8,0.0
7029,902.9,0.0
7030,903.0,0.0
7031,903.1,0.0
7032,903.2,0.0
7033,903.3,0.0
7034,903.4,0.0
7035,903.5,0.0
7036,903.6,0.0
7037,903.7,0.0
7038,903.8,0.0
7039,903.9,0.0
7040,904.0,0.0
7041,904.1,0.0
7042,904.2,0.0
7043,904.3,0.0
7044,904.4,0.0
7045,904.5,0.0
7046,904.6,0.0
7047,904.7,0.0
7048,904.8,0.0
7049,904.9,0.0
7050,905.0,0.0
7051,905.1,0.0
7052,905.2,0.0
7053,905.3,0.0
7054,905.4,0.0
7055,905.5,0.0
7056,905.6,0.0
7057,905.7,0.0
7058,905.8,0.0
7059,905.9,0.0
7060,906.0,0.0
7061,906.1,0.0
7062,906.2,0.0
7063,906.3,0.0
7064,906.4,0.0
7065,906.5,0.0
7066,906.6,0.0
7067,906.7,0.0
7068,906.8,0.0
7069,906.9,0.0
7070,907.0,0.0
7071,907.1,0.0
7072,907.2,0.0
7073,907.3,0.0
7074,907.4,0.0
7075,907.5,0.0
7076,907.6,0.0
7077,907.7,0.0
7078,907.8,0.0
7079,907.9,0.0
7080,908.0,0.0
7081,908.1,0.0
7082,908.2,0.0
7083,908.3,0.0
7084,908.4,0.0
7085,908.5,0.0
7086,908.6,0.0
7087,908.7,0.0
7088,908.8,0.0
7089,908.9,0.0
7090,909.0,0.0
7091,909.1,0.0
7092,909.2,0.0
7093,909.3,0.0
7094,909.4,0.0
7095,909.5,0.0
7096,909.6,0.0
7097,909.7,0.0
7098,909.8,0.0
7099,909.9,0.0
7100,910.0,0.0
7101,910.1,0.0
7102,910.2,0.0
7103,910.3,0.0
7104,910.4,0.0
7105,910.5,0.0
7106,910.6,0.0
7107,910.7,0.0
7108,910.8,0.0
7109,910.9,0.0
7110,911.0,0.0
7111,911.1,0.0
7112,911.2,0.0
7113,911.3,0.0
7114,911.4,0.0
7115,911.5,0.0
7116,911.6,0.0
7117,911.7,0.0
7118,911.8,0.0
7119,911.9,0.0
7120,912.0,0.0
7121,912.1,0.0
7122,912.2,0.0
7123,912.3,0.0
7124,912.4,0.0
7125,912.5,0.0
7126,912.6,0.0
7127,912.7,0.0
7128,912.8,0.0
7129,912.9,0.0
7130,913.0,0.0
7131,913.1,0.0
7132,913.2,0.0
7133,913.3,0.0
7134,913.4,0.0
7135,913.5,0.0
7136,913.6,0.0
7137,913.7,0.0
7138,913.8,0.0
7139,913.9,0.0
7140,914.0,0.0
7141,914.1,0.0
7142,914.2,0.0
7143,914.3,0.0
7144,914.4,0.0
7145,914.5,0.0
7146,914.6,0.0
7147,914.7,0.0
7148,914.8,0.0
7149,914.9,0.0
7150,915.0,0.0
7151,915.1,0.0
7152,915.2,0.0
7153,915.3,0.0
7154,915.4,0.0
7155,915.5,0.0
7156,915.6,0.0
7157,915.7,0.0
7158,915.8,0.0
7159,915.9,0.0
7160,916.0,0.0
7161,916.1,0.0
7162,916.2,0.0
7163,916.3,0.0
7164,916.4,0.0
7165,916.5,0.0
7166,916.6,0.0
7167,916.7,0.0
7168,916.8,0.0
7169,916.9,0.0
7170,917.0,0.0
7171,917.1,0.0
7172,917.2,0.0
7173,917.3,0.0
7174,917.4,0.0
7175,917.5,0.0
7176,917.6,0.0
7177,917.7,0.0
7178,917.8,0.0
7179,917.9,0.0
7180,918.0,0.0
7181,918.1,0.0
7182,918.2,0.0
7183,918.3,0.0
7184,918.4,0.0
7185,918.5,0.0
7186,918.6,0.0
7187,918.7,0.0
7188,918.8,0.0
7189,918.9,0.0
7190,919.0,0.0
7191,919.1,0.0
7192,919.2,0.0
7193,919.3,0.0
7194,919.4,0.0
7195,919.5,0.0
7196,919.6,0.0
7197,919.7,0.0
7198,919.8,0.0
7199,919.9,0.0
7200,920.0,0.0
7201,920.1,0.0
7202,920.2,0.0
7203,920.3,0.0
7204,920.4,0.0
7205,920.5,0.0
7206,920.6,0.0
7207,920.7,0.0
7208,920.8,0.0
7209,920.9,0.0
7210,921.0,0.0
7211,921.1,0.0
7212,921.2,0.0
7213,921.3,0.0
7214,921.4,0.0
7215,921.5,0.0
7216,921.6,0.0
7217,921.7,0.0
7218,921.8,0.0
7219,921.9,0.0
7220,922.0,0.0
7221,922.1,0.0
7222,922.2,0.0
7223,922.3,0.0
7224,922.4,0.0
7225,922.5,0.0
7226,922.6,0.0
7227,922.7,0.0
7228,922.8,0.0
7229,922.9,0.0
7230,923.0,0.0
7231,923.1,0.0
7232,923.2,0.0
7233,923.3,0.0
7234,923.4,0.0
7235,923.5,0.0
7236,923.6,0.0
7237,923.7,0.0
7238,923.8,0.0
7239,923.9,0.0
7240,924.0,0.0
7241,924.1,0.0
7242,924.2,0.0
7243,924.3,0.0
7244,924.4,0.0
7245,924.5,0.0
7246,924.6,0.0
7247,924.7,0.0
7248,924.8,0.0
7249,924.9,0.0
7250,925.0,0.0
7251,925.1,0.0
7252,925.2,0.0
7253,925.3,0.0
7254,925.4,0.0
7255,925.5,0.0
7256,925.6,0.0
7257,925.7,0.0
7258,925.8,0.0
7259,925.9,0.0
7260,926.0,0.0
7261,926.1,0.0
7262,926.2,0.0
7263,926.3,0.0
7264,926.4,0.0
7265,926.5,0.0
7266,926.6,0.0
7267,926.7,0.0
7268,926.8,0.0
7269,926.9,0.0
7270,927.0,0.0
7271,927.1,0.0
7272,927.2,0.0
7273,927.3,0.0
7274,927.4,0.0
7275,927.5,0.0
7276,927.6,0.0
7277,927.7,0.0
7278,927.8,0.0
7279,927.9,0.0
7280,928.0,0.0
7281,928.1,0.0
7282,928.2,0.0
7283,928.3,0.0
7284,928.4,0.0
7285,928.5,0.0
7286,928.6,0.0
7287,928.7,0.0
7288,928.8,0.0
7289,928.9,0.0
7290,929.0,0.0
7291,929.1,0.0
7292,929.2,0.0
7293,929.3,0.0
7294,929.4,0.0
7295,929.5,0.0
7296,929.6,0.0
7297,929.7,0.0
7298,929.8,0.0
7299,929.9,0.0
7300,930.0,0.0
7301,930.1,0.0
7302,930.2,0.0
7303,930.3,0.0
7304,930.4,0.0
7305,930.5,0.0
7306,930.6,0.0
7307,930.7,0.0
7308,930.8,0.0
7309,930.9,0.0
7310,931.0,0.0
7311,931.1,0.0
7312,931.2,0.0
7313,931.3,0.0
7314,931.4,0.0
7315,931.5,0.0
7316,931.6,0.0
7317,931.7,0.0
7318,931.8,0.0
7319,931.9,0.0
7320,932.0,0.0
7321,932.1,0.0
7322,932.2,0.0
7323,932.3,0.0
7324,932.4,0.0
7325,932.5,0.0
7326,932.6,0.0
7327,932.7,0.0
7328,932.8,0.0
7329,932.9,0.0
7330,933.0,0.0
7331,933.1,0.0
7332,933.2,0.0
7333,933.3,0.0
7334,933.4,0.0
7335,933.5,0.0
7336,933.6,0.0
7337,933.7,0.0
7338,933.8,0.0
7339,933.9,0.0
7340,934.0,0.0
7341,934.1,0.0
7342,934.2,0.0
7343,934.3,0.0
7344,934.4,0.0
7345,934.5,0.0
7346,934.6,0.0
7347,934.7,0.0
7348,934.8,0.0
7349,934.9,0.0
7350,935.0,0.0
7351,935.1,0.0
7352,935.2,0.0
7353,935.3,0.0
7354,935.4,0.0
7355,935.5,0.0
7356,935.6,0.0
7357,935.7,0.0
7358,935.8,0.0
7359,935.9,0.0
7360,936.0,0.0
7361,936.1,0.0
7362,936.2,0.0
7363,936.3,0.0
7364,936.4,0.0
7365,936.5,0.0
7366,936.6,0.0
7367,936.7,0.0
7368,936.8,0.0
7369,936.9,0.0
7370,937.0,0.0
7371,937.1,0.0
7372,937.2,0.0
7373,937.3,0.0
7374,937.4,0.0
7375,937.5,0.0
7376,937.6,0.0
7377,937.7,0.0
7378,937.8,0.0
7379,937.9,0.0
7380,938.0,0.0
7381,938.1,0.0
7382,938.2,0.0
7383,938.3,0.0
7384,938.4,0.0
7385,938.5,0.0
7386,938.6,0.0
7387,938.7,0.0
7388,938.8,0.0
7389,938.9,0.0
7390,939.0,0.0
7391,939.1,0.0
7392,939.2,0.0
7393,939.3,0.0
7394,939.4,0.0
7395,939.5,0.0
7396,939.6,0.0
7397,939.7,0.0
7398,939.8,0.0
7399,939.9,0.0
7400,940.0,0.0
7401,940.1,0.0
7402,940.2,0.0
7403,940.3,0.0
7404,940.4,0.0
7405,940.5,0.0
7406,940.6,0.0
7407,940.7,0.0
7408,940.8,0.0
7409,940.9,0.0
7410,941.0,0.0
7411,941.1,0.0
7412,941.2,0.0
7413,941.3,0.0
7414,941.4,0.0
7415,941.5,0.0
7416,941.6,0.0
7417,941.7,0.0
7418,941.8,0.0
7419,941.9,0.0
7420,942.0,0.0
7421,942.1,0.0
7422,942.2,0.0
7423,942.3,0.0
7424,942.4,0.0
7425,942.5,0.0
7426,942.6,0.0
7427,942.7,0.0
7428,942.8,0.0
7429,942.9,0.0
7430,943.0,0.0
7431,943.1,0.0
7432,943.2,0.0
7433,943.3,0.0
7434,943.4,0.0
7435,943.5,0.0
7436,943.6,0.0
7437,943.7,0.0
7438,943.8,0.0
7439,943.9,0.0
7440,944.0,0.0
7441,944.1,0.0
7442,944.2,0.0
7443,944.3,0.0
7444,944.4,0.0
7445,944.5,0.0
7446,944.6,0.0
7447,944.7,0.0
7448,944.8,0.0
7449,944.9,0.0
7450,945.0,0.0
7451,945.1,0.0
7452,945.2,0.0
7453,945.3,0.0
7454,945.4,0.0
7455,945.5,0.0
7456,945.6,0.0
7457,945.7,0.0
7458,945.8,0.0
7459,945.9,0.0
7460,946.0,0.0
7461,946.1,0.0
7462,946.2,0.0
7463,946.3,0.0
7464,946.4,0.0
7465,946.5,0.0
7466,946.6,0.0
7467,946.7,0.0
7468,946.8,0.0
7469,946.9,0.0
7470,947.0,0.0
7471,947.1,0.0
7472,947.2,0.0
7473,947.3,0.0
7474,947.4,0.0
7475,947.5,0.0
7476,947.6,0.0
7477,947.7,0.0
7478,947.8,0.0
7479,947.9,0.0
7480,948.0,0.0
7481,948.1,0.0
7482,948.2,0.0
7483,948.3,0.0
7484,948.4,0.0
7485,948.5,0.0
7486,948.6,0.0
7487,948.7,0.0
7488,948.8,0.0
7489,948.9,0.0
7490,949.0,0.0
7491,949.1,0.0
7492,949.2,0.0
7493,949.3,0.0
7494,949.4,0.0
7495,949.5,0.0
7496,949.6,0.0
7497,949.7,0.0
7498,949.8,0.0
7499,949.9,0.0
7500,950.0,0.0
7501,950.1,0.0
7502,950.2,0.0
7503,950.3,0.0
7504,950.4,0.0
7505,950.5,0.0
7506,950.6,0.0
7507,950.7,0.0
7508,950.8,0.0
7509,950.9,0.0
7510,951.0,0.0
7511,951.1,0.0
7512,951.2,0.0
7513,951.3,0.0
7514,951.4,0.0
7515,951.5,0.0
7516,951.6,0.0
7517,951.7,0.0
7518,951.8,0.0
7519,951.9,0.0
7520,952.0,0.0
7521,952.1,0.0
7522,952.2,0.0
7523,952.3,0.0
7524,952.4,0.0
7525,952.5,0.0
7526,952.6,0.0
7527,952.7,0.0
7528,952.8,0.0
7529,952.9,0.0
7530,953.0,0.0
7531,953.1,0.0
7532,953.2,0.0
7533,953.3,0.0
7534,953.4,0.0
7535,953.5,0.0
7536,953.6,0.0
7537,953.7,0.0
7538,953.8,0.0
7539,953.9,0.0
7540,954.0,0.0
7541,954.1,0.0
7542,954.2,0.0
7543,954.3,0.0
7544,954.4,0.0
7545,954.5,0.0
7546,954.6,0.0
7547,954.7,0.0
7548,954.8,0.0
7549,954.9,0.0
7550,955.0,0.0
7551,955.1,0.0
7552,955.2,0.0
7553,955.3,0.0
7554,955.4,0.0
7555,955.5,0.0
7556,955.6,0.0
7557,955.7,0.0
7558,955.8,0.0
7559,955.9,0.0
7560,956.0,0.0
7561,956.1,0.0
7562,956.2,0.0
7563,956.3,0.0
7564,956.4,0.0
7565,956.5,0.0
7566,956.6,0.0
7567,956.7,0.0
7568,956.8,0.0
7569,956.9,0.0
7570,957.0,0.0
7571,957.1,0.0
7572,957.2,0.0
7573,957.3,0.0
7574,957.4,0.0
7575,957.5,0.0
7576,957.6,0.0
7577,957.7,0.0
7578,957.8,0.0
7579,957.9,0.0
7580,958.0,0.0
7581,958.1,0.0
7582,958.2,0.0
7583,958.3,0.0
7584,958.4,0.0
7585,958.5,0.0
7586,958.6,0.0
7587,958.7,0.0
7588,958.8,0.0
7589,958.9,0.0
7590,959.0,0.0
7591,959.1,0.0
7592,959.2,0.0
7593,959.3,0.0
7594,959.4,0.0
7595,959.5,0.0
7596,959.6,0.0
7597,959.7,0.0
7598,959.8,0.0
7599,959.9,0.0
7600,960.0,0.0
7601,960.1,0.0
7602,960.2,0.0
7603,960.3,0.0
7604,960.4,0.0
7605,960.5,0.0
7606,960.6,0.0
7607,960.7,0.0
7608,960.8,0.0
7609,960.9,0.0
7610,961.0,0.0
7611,961.1,0.0
7612,961.2,0.0
7613,961.3,0.0
7614,961.4,0.0
7615,961.5,0.0
7616,961.6,0.0
7617,961.7,0.0
7618,961.8,0.0
7619,961.9,0.0
7620,962.0,0.0
7621,962.1,0.0
7622,962.2,0.0
7623,962.3,0.0
7624,962.4,0.0
7625,962.5,0.0
7626,962.6,0.0
7627,962.7,0.0
7628,962.8,0.0
7629,962.9,0.0
7630,963.0,0.0
7631,963.1,0.0
7632,963.2,0.0
7633,963.3,0.0
7634,963.4,0.0
7635,963.5,0.0
7636,963.6,0.0
7637,963.7,0.0
7638,963.8,0.0
7639,963.9,0.0
7640,964.0,0.0
7641,964.1,0.0
7642,964.2,0.0
7643,964.3,0.0
7644,964.4,0.0
7645,964.5,0.0
7646,964.6,0.0
7647,964.7,0.0
7648,964.8,0.0
7649,964.9,0.0
7650,965.0,0.0
7651,965.1,0.0
7652,965.2,0.0
7653,965.3,0.0
7654,965.4,0.0
7655,965.5,0.0
7656,965.6,0.0
7657,965.7,0.0
7658,965.8,0.0
7659,965.9,0.0
7660,966.0,0.0
7661,966.1,0.0
7662,966.2,0.0
7663,966.3,0.0
7664,966.4,0.0
7665,966.5,0.0
7666,966.6,0.0
7667,966.7,0.0
7668,966.8,0.0
7669,966.9,0.0
7670,967.0,0.0
7671,967.1,0.0
7672,967.2,0.0
7673,967.3,0.0
7674,967.4,0.0
7675,967.5,0.0
7676,967.6,0.0
7677,967.7,0.0
7678,967.8,0.0
7679,967.9,0.0
7680,968.0,0.0
7681,968.1,0.0
7682,968.2,0.0
7683,968.3,0.0
7684,968.4,0.0
7685,968.5,0.0
7686,968.6,0.0
7687,968.7,0.0
7688,968.8,0.0
7689,968.9,0.0
7690,969.0,0.0
7691,969.1,0.0
7692,969.2,0.0
7693,969.3,0.0
7694,969.4,0.0
7695,969.5,0.0
7696,969.6,0.0
7697,969.7,0.0
7698,969.8,0.0
7699,969.9,0.0
7700,970.0,0.0
7701,970.1,0.0
7702,970.2,0.0
7703,970.3,0.0
7704,970.4,0.0
7705,970.5,0.0
7706,970.6,0.0
7707,970.7,0.0
7708,970.8,0.0
7709,970.9,0.0
7710,971.0,0.0
7711,971.1,0.0
7712,971.2,0.0
7713,971.3,0.0
7714,971.4,0.0
7715,971.5,0.0
7716,971.6,0.0
7717,971.7,0.0
7718,971.8,0.0
7719,971.9,0.0
7720,972.0,0.0
7721,972.1,0.0
7722,972.2,0.0
7723,972.3,0.0
7724,972.4,0.0
7725,972.5,0.0
7726,972.6,0.0
7727,972.7,0.0
7728,972.8,0.0
7729,972.9,0.0
7730,973.0,0.0
7731,973.1,0.0
7732,973.2,0.0
7733,973.3,0.0
7734,973.4,0.0
7735,973.5,0.0
7736,973.6,0.0
7737,973.7,0.0
7738,973.8,0.0
7739,973.9,0.0
7740,974.0,0.0
7741,974.1,0.0
7742,974.2,0.0
7743,974.3,0.0
7744,974.4,0.0
7745,974.5,0.0
7746,974.6,0.0
7747,974.7,0.0
7748,974.8,0.0
7749,974.9,0.0
7750,975.0,0.0
7751,975.1,0.0
7752,975.2,0.0
7753,975.3,0.0
7754,975.4,0.0
7755,975.5,0.0
7756,975.6,0.0
7757,975.7,0.0
7758,975.8,0.0
7759,975.9,0.0
7760,976.0,0.0
7761,976.1,0.0
7762,976.2,0.0
7763,976.3,0.0
7764,976.4,0.0
7765,976.5,0.0
7766,976.6,0.0
7767,976.7,0.0
7768,976.8,0.0
7769,976.9,0.0
7770,977.0,0.0
7771,977.1,0.0
7772,977.2,0.0
7773,977.3,0.0
7774,977.4,0.0
7775,977.5,0.0
7776,977.6,0.0
7777,977.7,0.0
7778,977.8,0.0
7779,977.9,0.0
7780,978.0,0.0
7781,978.1,0.0
7782,978.2,0.0
7783,978.3,0.0
7784,978.4,0.0
7785,978.5,0.0
7786,978.6,0.0
7787,978.7,0.0
7788,978.8,0.0
7789,978.9,0.0
7790,979.0,0.0
7791,979.1,0.0
7792,979.2,0.0
7793,979.3,0.0
7794,979.4,0.0
7795,979.5,0.0
7796,979.6,0.0
7797,979.7,0.0
7798,979.8,0.0
7799,979.9,0.0
7800,980.0,0.0
7801,980.1,0.0
7802,980.2,0.0
7803,980.3,0.0
7804,980.4,0.0
7805,980.5,0.0
7806,980.6,0.0
7807,980.7,0.0
7808,980.8,0.0
7809,980.9,0.0
7810,981.0,0.0
7811,981.1,0.0
7812,981.2,0.0
7813,981.3,0.0
7814,981.4,0.0
7815,981.5,0.0
7816,981.6,0.0
7817,981.7,0.0
7818,981.8,0.0
7819,981.9,0.0
7820,982.0,0.0
7821,982.1,0.0
7822,982.2,0.0
7823,982.3,0.0
7824,982.4,0.0
7825,982.5,0.0
7826,982.6,0.0
7827,982.7,0.0
7828,982.8,0.0
7829,982.9,0.0
7830,983.0,0.0
7831,983.1,0.0
7832,983.2,0.0
7833,983.3,0.0
7834,983.4,0.0
7835,983.5,0.0
7836,983.6,0.0
7837,983.7,0.0
7838,983.8,0.0
7839,983.9,0.0
7840,984.0,0.0
7841,984.1,0.0
7842,984.2,0.0
7843,984.3,0.0
7844,984.4,0.0
7845,984.5,0.0
7846,984.6,0.0
7847,984.7,0.0
7848,984.8,0.0
7849,984.9,0.0
7850,985.0,0.0
7851,985.1,0.0
7852,985.2,0.0
7853,985.3,0.0
7854,985.4,0.0
7855,985.5,0.0
7856,985.6,0.0
7857,985.7,0.0
7858,985.8,0.0
7859,985.9,0.0
7860,986.0,0.0
7861,986.1,0.0
7862,986.2,0.0
7863,986.3,0.0
7864,986.4,0.0
7865,986.5,0.0
7866,986.6,0.0
7867,986.7,0.0
7868,986.8,0.0
7869,986.9,0.0
7870,987.0,0.0
7871,987.1,0.0
7872,987.2,0.0
7873,987.3,0.0
7874,987.4,0.0
7875,987.5,0.0
7876,987.6,0.0
7877,987.7,0.0
7878,987.8,0.0
7879,987.9,0.0
7880,988.0,0.0
7881,988.1,0.0
7882,988.2,0.0
7883,988.3,0.0
7884,988.4,0.0
7885,988.5,0.0
7886,988.6,0.0
7887,988.7,0.0
7888,988.8,0.0
7889,988.9,0.0
7890,989.0,0.0
7891,989.1,0.0
7892,989.2,0.0
7893,989.3,0.0
7894,989.4,0.0
7895,989.5,0.0
7896,989.6,0.0
7897,989.7,0.0
7898,989.8,0.0
7899,989.9,0.0
7900,990.0,0.0
7901,990.1,0.0
7902,990.2,0.0
7903,990.3,0.0
7904,990.4,0.0
7905,990.5,0.0
7906,990.6,0.0
7907,990.7,0.0
7908,990.8,0.0
7909,990.9,0.0
7910,991.0,0.0
7911,991.1,0.0
7912,991.2,0.0
7913,991.3,0.0
7914,991.4,0.0
7915,991.5,0.0
7916,991.6,0.0
7917,991.7,0.0
7918,991.8,0.0
7919,991.9,0.0
7920,992.0,0.0
7921,992.1,0.0
7922,992.2,0.0
7923,992.3,0.0
7924,992.4,0.0
7925,992.5,0.0
7926,992.6,0.0
7927,992.7,0.0
7928,992.8,0.0
7929,992.9,0.0
7930,993.0,0.0
7931,993.1,0.0
7932,993.2,0.0
7933,993.3,0.0
7934,993.4,0.0
7935,993.5,0.0
7936,993.6,0.0
7937,993.7,0.0
7938,993.8,0.0
7939,993.9,0.0
7940,994.0,0.0
7941,994.1,0.0
7942,994.2,0.0
7943,994.3,0.0
7944,994.4,0.0
7945,994.5,0.0
7946,994.6,0.0
7947,994.7,0.0
7948,994.8,0.0
7949,994.9,0.0
7950,995.0,0.0
7951,995.1,0.0
7952,995.2,0.0
7953,995.3,0.0
7954,995.4,0.0
7955,995.5,0.0
7956,995.6,0.0
7957,995.7,0.0
7958,995.8,0.0
7959,995.9,0.0
7960,996.0,0.0
7961,996.1,0.0
7962,996.2,0.0
7963,996.3,0.0
7964,996.4,0.0
7965,996.5,0.0
7966,996.6,0.0
7967,996.7,0.0
7968,996.8,0.0
7969,996.9,0.0
7970,997.0,0.0
7971,997.1,0.0
7972,997.2,0.0
7973,997.3,0.0
7974,997.4,0.0
7975,997.5,0.0
7976,997.6,0.0
7977,997.7,0.0
7978,997.8,0.0
7979,997.9,0.0
7980,998.0,0.0
7981,998.1,0.0
7982,998.2,0.0
7983,998.3,0.0
7984,998.4,0.0
7985,998.5,0.0
7986,998.6,0.0
7987,998.7,0.0
7988,998.8,0.0
7989,998.9,0.0
7990,999.0,0.0
7991,999.1,0.0
7992,999.2,0.0
7993,999.3,0.0
7994,999.4,0.0
7995,999.5,0.0
7996,999.6,0.0
7997,999.7,0.0
7998,999.8,0.0
7999,999.9,0.0
