,wavelength,intensity
0,200.0,1050000.0
1,200.1,1337000.0
2,200.2,1546000.0
3,200.3,1623000.0
4,200.4,1544830.908
5,200.5,1340000.0
6,200.6,1055000.0
7,200.7,755700.0
8,200.8,493000.0
9,200.9,294000.0
10,201.0,161200.0
11,201.1,82190.0
12,201.2,39399.898
13,201.3,18830.0
14,201.4,9043.0
15,201.5,4505.0
16,201.6,2312.0
17,201.7,1186.0
18,201.8,588.3
19,201.9,279.7
20,202.0,152.0
21,202.1,162.325
22,202.2,824.1
23,202.3,3432.0
24,202.4,13250.0
25,202.5,46710.0
26,202.6,150100.0
27,202.7,439400.0
28,202.8,1173000.0
29,202.9,2828366.14
30,203.0,6345000.0
31,203.1,12860000.0
32,203.2,23800000.0
33,203.3,40260000.0
34,203.4,62260000.0
35,203.5,88160000.0
36,203.6,114400000.0
37,203.7,136234860.545
38,203.8,149500000.0
39,203.9,151000000.0
40,204.0,140900000.0
41,204.1,121700000.0
42,204.2,97390000.0
43,204.3,72380000.0
44,204.4,49980000.0
45,204.5,32060000.0
46,204.6,19124632.856
47,204.7,10540000.0
48,204.8,5382000.0
49,204.9,2538000.0
50,205.0,1103000.0
51,205.1,440900.0
52,205.2,161800.0
53,205.3,54420.0
54,205.4,15047.227
55,205.5,4719.0
56,205.6,1214.0
57,205.7,285.8
58,205.8,63.41
59,205.9,23.55
60,206.0,57.8
61,206.1,245.2
62,206.2,825.665
63,206.3,3617.0
64,206.4,12150.0
65,206.5,37320.0
66,206.6,104800.0
67,206.7,269000.0
68,206.8,631000.0
69,206.9,1354000.0
70,207.0,2654000.0
71,207.1,4775965.949
72,207.2,7806000.0
73,207.3,11710000.0
74,207.4,16100000.0
75,207.5,20310000.0
76,207.6,23620000.0
77,207.7,25500000.0
78,207.8,25950000.0
79,207.9,25496471.198
80,208.0,24970000.0
81,208.1,25160000.0
82,208.2,26360000.0
83,208.3,28220000.0
84,208.4,29960000.0
85,208.5,30700000.0
86,208.6,29910000.0
87,208.7,27557922.649
88,208.8,24180000.0
89,208.9,20460000.0
90,209.0,17150000.0
91,209.1,14870000.0
92,209.2,14020000.0
93,209.3,14820000.0
94,209.4,17190000.0
95,209.5,20720000.0
96,209.6,24679787.396
97,209.7,28220000.0
98,209.8,30560000.0
99,209.9,31300000.0
100,210.0,30400000.0
101,210.1,28180000.0
102,210.2,25060000.0
103,210.3,21450000.0
104,210.4,17675613.972
105,210.5,14060000.0
106,210.6,10940000.0
107,210.7,8692000.0
108,210.8,7703000.0
109,210.9,8259000.0
110,211.0,10460000.0
111,211.1,14150000.0
112,211.2,18850574.441
113,211.3,23830000.0
114,211.4,28310000.0
115,211.5,31590000.0
116,211.6,33300000.0
117,211.7,33390000.0
118,211.8,32030000.0
119,211.9,29510000.0
120,212.0,26110000.0
121,212.1,22090880.647
122,212.2,17770000.0
123,212.3,13500000.0
124,212.4,9689000.0
125,212.5,6660000.0
126,212.6,4624000.0
127,212.7,3658000.0
128,212.8,3723000.0
129,212.9,4692863.314
130,213.0,6316000.0
131,213.1,8282000.0
132,213.2,10160000.0
133,213.3,11510000.0
134,213.4,12010000.0
135,213.5,11500000.0
136,213.6,10130000.0
137,213.7,8195882.963
138,213.8,6080000.0
139,213.9,4147000.0
140,214.0,2598000.0
141,214.1,1495000.0
142,214.2,790300.0
143,214.3,383700.0
144,214.4,171100.0
145,214.5,70070.0
146,214.6,25300.909
147,214.7,9107.0
148,214.8,2890.0
149,214.9,842.5
150,215.0,225.6
151,215.1,55.48
152,215.2,12.53
153,215.3,2.6
154,215.4,0.381
155,215.5,0.087
156,215.6,0.014
157,215.7,0.002
158,215.8,0.0
159,215.9,0.0
160,216.0,0.0
161,216.1,0.0
162,216.2,0.0
163,216.3,0.0
164,216.4,0.0
165,216.5,0.0
166,216.6,0.0
167,216.7,0.0
168,216.8,0.0
169,216.9,0.0
170,217.0,0.0
171,217.1,0.0
172,217.2,0.0
173,217.3,0.0
174,217.4,0.0
175,217.5,0.0
176,217.6,0.0
177,217.7,0.0
178,217.8,0.0
179,217.9,0.0
180,218.0,0.001
181,218.1,0.003
182,218.2,0.013
183,218.3,0.055
184,218.4,0.205
185,218.5,0.707
186,218.6,2.256
187,218.7,6.33
188,218.8,18.06
189,218.9,45.33
190,219.0,105.0
191,219.1,224.6
192,219.2,443.3
193,219.3,807.8
194,219.4,1359.0
195,219.5,2110.0
196,219.6,3028.582
197,219.7,4002.0
198,219.8,4888.0
199,219.9,5511.0
200,220.0,5736.0
201,220.1,5511.0
202,220.2,4888.0
203,220.3,4002.0
204,220.4,3028.583
205,220.5,2110.0
206,220.6,1359.0
207,220.7,807.8
208,220.8,443.3
209,220.9,224.8
210,221.0,106.5
211,221.1,52.47
212,221.2,41.213
213,221.3,145.7
214,221.4,548.6
215,221.5,1988.0
216,221.6,6694.0
217,221.7,20860.0
218,221.8,60200.0
219,221.9,160800.0
220,222.0,397700.0
221,222.1,902979.633
222,222.2,1930000.0
223,222.3,3788000.0
224,222.4,6883000.0
225,222.5,11580000.0
226,222.6,18050000.0
227,222.7,26040000.0
228,222.8,34800000.0
229,222.9,43061467.383
230,223.0,49380000.0
231,223.1,52430000.0
232,223.2,51570000.0
233,223.3,46990000.0
234,223.4,39660000.0
235,223.5,31010000.0
236,223.6,22470000.0
237,223.7,15118800.704
238,223.8,9380000.0
239,223.9,5407000.0
240,224.0,2889000.0
241,224.1,1431000.0
242,224.2,657200.0
243,224.3,280100.0
244,224.4,110900.0
245,224.5,40840.0
246,224.6,13057.282
247,224.7,4522.0
248,224.8,1432.0
249,224.9,636.2
250,225.0,900.6
251,225.1,2400.0
252,225.2,6578.0
253,225.3,16880.0
254,225.4,39692.984
255,225.5,88860.0
256,225.6,182100.0
257,225.7,345800.0
258,225.8,609200.0
259,225.9,995200.0
260,226.0,1508000.0
261,226.1,2118000.0
262,226.2,2761369.433
263,226.3,3341000.0
264,226.4,3758000.0
265,226.5,3946000.0
266,226.6,3904000.0
267,226.7,3714000.0
268,226.8,3545000.0
269,226.9,3621000.0
270,227.0,4185000.0
271,227.1,5451308.601
272,227.2,7506000.0
273,227.3,10360000.0
274,227.4,13830000.0
275,227.5,17580000.0
276,227.6,21170000.0
277,227.7,24150000.0
278,227.8,26100000.0
279,227.9,26750268.545
280,228.0,26050000.0
281,228.1,24050000.0
282,228.2,21030000.0
283,228.3,17390000.0
284,228.4,13560000.0
285,228.5,9954000.0
286,228.6,6857000.0
287,228.7,4434732.702
288,228.8,2686000.0
289,228.9,1553000.0
290,229.0,913400.0
291,229.1,665300.0
292,229.2,756700.0
293,229.3,1200000.0
294,229.4,2067000.0
295,229.5,3461000.0
296,229.6,5488403.774
297,229.7,8156000.0
298,229.8,11410000.0
299,229.9,15040000.0
300,230.0,18700000.0
301,230.1,21960000.0
302,230.2,24430000.0
303,230.3,25760000.0
304,230.4,25767045.653
305,230.5,24500000.0
306,230.6,22110000.0
307,230.7,18950000.0
308,230.8,15420000.0
309,230.9,11960000.0
310,231.0,8963000.0
311,231.1,6775000.0
312,231.2,5662318.802
313,231.3,5824000.0
314,231.4,7422000.0
315,231.5,10500000.0
316,231.6,14940000.0
317,231.7,20350000.0
318,231.8,26050000.0
319,231.9,31130000.0
320,232.0,34660000.0
321,232.1,35903607.812
322,232.2,34730000.0
323,232.3,31300000.0
324,232.4,26370000.0
325,232.5,20920000.0
326,232.6,15850000.0
327,232.7,11820000.0
328,232.8,9115000.0
329,232.9,7714490.208
330,233.0,7311000.0
331,233.1,7521000.0
332,233.2,7922000.0
333,233.3,8181000.0
334,233.4,8095000.0
335,233.5,7609000.0
336,233.6,6789000.0
337,233.7,5778587.005
338,233.8,4729000.0
339,233.9,3777000.0
340,234.0,3002000.0
341,234.1,2437000.0
342,234.2,2078000.0
343,234.3,1901000.0
344,234.4,1864000.0
345,234.5,1917000.0
346,234.6,2000403.212
347,234.7,2057000.0
348,234.8,2037000.0
349,234.9,1918000.0
350,235.0,1701000.0
351,235.1,1416000.0
352,235.2,1103000.0
353,235.3,804000.0
354,235.4,552399.711
355,235.5,364900.0
356,235.6,252800.0
357,235.7,222800.0
358,235.8,289200.0
359,235.9,481300.0
360,236.0,847500.0
361,236.1,1455000.0
362,236.2,2384979.706
363,236.3,3733000.0
364,236.4,5602000.0
365,236.5,8113000.0
366,236.6,11400000.0
367,236.7,15600000.0
368,236.8,20770000.0
369,236.9,26820000.0
370,237.0,33410000.0
371,237.1,39884885.681
372,237.2,45330000.0
373,237.3,48810000.0
374,237.4,49590000.0
375,237.5,47390000.0
376,237.6,42530000.0
377,237.7,35820000.0
378,237.8,28330000.0
379,237.9,21123883.279
380,238.0,14890000.0
381,238.1,10100000.0
382,238.2,6734000.0
383,238.3,4573000.0
384,238.4,3279000.0
385,238.5,2525000.0
386,238.6,2063000.0
387,238.7,1740574.03
388,238.8,1524000.0
389,238.9,1422000.0
390,239.0,1510000.0
391,239.1,1889000.0
392,239.2,2665000.0
393,239.3,3929000.0
394,239.4,5728000.0
395,239.5,8032000.0
396,239.6,10720144.969
397,239.7,13540000.0
398,239.8,16190000.0
399,239.9,18310000.0
400,240.0,19600000.0
401,240.1,19850000.0
402,240.2,19040000.0
403,240.3,17290000.0
404,240.4,14875571.555
405,240.5,12140000.0
406,240.6,9425000.0
407,240.7,7014000.0
408,240.8,5094000.0
409,240.9,3745000.0
410,241.0,2956000.0
411,241.1,2654000.0
412,241.2,2732326.168
413,241.3,3100000.0
414,241.4,3687000.0
415,241.5,4500000.0
416,241.6,5650000.0
417,241.7,7394000.0
418,241.8,10170000.0
419,241.9,14610000.0
420,242.0,21470000.0
421,242.1,31573373.503
422,242.2,45320000.0
423,242.3,62780000.0
424,242.4,83019999.999
425,242.5,104199999.999
426,242.6,123900000.0
427,242.7,139500000.0
428,242.8,149200000.0
429,242.9,152513611.957
430,243.0,151500000.0
431,243.1,149100000.0
432,243.2,149400000.0
433,243.3,156400000.0
434,243.4,171800000.0
435,243.5,195099999.999
436,243.6,223299999.999
437,243.7,251011407.705
438,243.8,272700000.0
439,243.9,283500000.0
440,244.0,281200000.0
441,244.1,266300000.001
442,244.2,242800000.001
443,244.3,216500000.001
444,244.4,194000000.0
445,244.5,181500000.0
446,244.6,183204275.158
447,244.7,199599999.999
448,244.8,229399999.999
449,244.9,267399999.999
450,245.0,306299999.999
451,245.1,338299999.999
452,245.2,356600000.0
453,245.3,356900000.0
454,245.4,338141824.729
455,245.5,303800000.001
456,245.6,258800000.001
457,245.7,209700000.001
458,245.8,162800000.001
459,245.9,122500000.001
460,246.0,91360000.001
461,246.1,69860000.0
462,246.2,57067734.303
463,246.3,51060000.0
464,246.4,49680000.0
465,246.5,50700000.0
466,246.6,52250000.0
467,246.7,53000000.0
468,246.8,52210000.0
469,246.9,49800000.0
470,247.0,46100000.0
471,247.1,41664969.36
472,247.2,37000000.0
473,247.3,32520000.0
474,247.4,28370000.0
475,247.5,24590000.0
476,247.6,21180000.0
477,247.7,18200000.0
478,247.8,15760000.0
479,247.9,14031607.21
480,248.0,13190000.0
481,248.1,13390000.0
482,248.2,14690000.0
483,248.3,17020000.0
484,248.4,20230000.0
485,248.5,24030000.0
486,248.6,28070000.0
487,248.7,31967494.667
488,248.8,35410000.0
489,248.9,38150000.0
490,249.0,40150000.0
491,249.1,41580000.0
492,249.2,42800000.0
493,249.3,44310000.0
494,249.4,46620000.0
495,249.5,50040000.0
496,249.6,54522567.212
497,249.7,59490000.0
498,249.8,64160000.0
499,249.9,67490000.0
500,250.0,68720000.0
501,250.1,67520000.0
502,250.2,64180000.0
503,250.3,59460000.0
504,250.4,54398987.71
505,250.5,49930000.0
506,250.6,46890000.0
507,250.7,45880000.0
508,250.8,47400000.0
509,250.9,52080000.0
510,251.0,60660000.0
511,251.1,73920000.0
512,251.2,92455996.062
513,251.3,116299999.999
514,251.4,145199999.999
515,251.5,178499999.999
516,251.6,216199999.999
517,251.7,258999999.999
518,251.8,308799999.998
519,251.9,368499999.998
520,252.0,440499999.998
521,252.1,526028212.796
522,252.2,622199999.997
523,252.3,724199999.997
524,252.4,823899999.997
525,252.5,913499999.998
526,252.6,986999999.998
527,252.7,1042999999.999
528,252.8,1081999999.999
529,252.9,1108968478.349
530,253.0,1127000000.0
531,253.1,1138000000.0
532,253.2,1141000000.0
533,253.3,1130000000.001
534,253.4,1101000000.001
535,253.5,1052000000.002
536,253.6,981800000.002
537,253.7,894141437.838
538,253.8,795700000.003
539,253.9,693800000.003
540,254.0,596200000.003
541,254.1,508900000.002
542,254.2,435600000.002
543,254.3,377700000.002
544,254.4,334700000.001
545,254.5,305600000.001
546,254.6,289302501.965
547,254.7,285900000.0
548,254.8,296099999.999
549,254.9,321799999.999
550,255.0,365199999.998
551,255.1,427899999.998
552,255.2,509799999.997
553,255.3,607999999.997
554,255.4,715947106.239
555,255.5,823299999.997
556,255.6,918799999.997
557,255.7,991199999.998
558,255.8,1031999999.999
559,255.9,1038000000.0
560,256.0,1012000000.001
561,256.1,960700000.002
562,256.2,894313843.141
563,256.3,827600000.002
564,256.4,777600000.001
565,256.5,767599999.999
566,256.6,828599999.996
567,256.7,1000999999.992
568,256.8,1332999999.986
569,256.9,1874999999.979
570,257.0,2663999999.97
571,257.1,3712898964.917
572,257.2,4971999999.957
573,257.3,6358999999.955
574,257.4,7720999999.958
575,257.5,8879999999.967
576,257.6,9657999999.982
577,257.7,9930000000.0
578,257.8,9650000000.018
579,257.9,8863929223.479
580,258.0,7716000000.042
581,258.1,6379000000.045
582,258.2,5050000000.042
583,258.3,3900000000.034
584,258.4,3049000000.022
585,258.5,2569000000.009
586,258.6,2485999999.996
587,258.7,2788245369.246
588,258.8,3422999999.974
589,258.9,4317999999.967
590,259.0,5355999999.964
591,259.1,6395999999.966
592,259.2,7286999999.974
593,259.3,7891999999.986
594,259.4,8123999999.999
595,259.5,7963000000.012
596,259.6,7469556371.472
597,259.7,6778000000.025
598,259.8,6042000000.024
599,259.9,5423000000.018
600,260.0,5038000000.008
601,260.1,4936999999.999
602,260.2,5094999999.991
603,260.3,5424999999.987
604,260.4,5799571533.224
605,260.5,6091999999.993
606,260.6,6190000000.001
607,260.7,6038000000.01
608,260.8,5634000000.018
609,260.9,5028000000.023
610,261.0,4299000000.026
611,261.1,3537000000.026
612,261.2,2822533585.609
613,261.3,2205000000.019
614,261.4,1718000000.015
615,261.5,1361000000.01
616,261.6,1119000000.007
617,261.7,967800000.004
618,261.8,878500000.002
619,261.9,827200000.001
620,262.0,795800000.001
621,262.1,772753182.881
622,262.2,753200000.001
623,262.3,734500000.001
624,262.4,717000000.001
625,262.5,700800000.001
626,262.6,686000000.0
627,262.7,673100000.0
628,262.8,662500000.0
629,262.9,655503456.437
630,263.0,653300000.0
631,263.1,656800000.0
632,263.2,666100000.0
633,263.3,680599999.999
634,263.4,698899999.999
635,263.5,718899999.999
636,263.6,738099999.999
637,263.7,753685581.874
638,263.8,762800000.0
639,263.9,762800000.0
640,264.0,752000000.001
641,264.1,729900000.001
642,264.2,698000000.001
643,264.3,658600000.002
644,264.4,614900000.002
645,264.5,569600000.002
646,264.6,525122385.104
647,264.7,482700000.002
648,264.8,443200000.001
649,264.9,407300000.001
650,265.0,375600000.001
651,265.1,348400000.001
652,265.2,326200000.001
653,265.3,308600000.001
654,265.4,294562844.977
655,265.5,282400000.0
656,265.6,270300000.0
657,265.7,256800000.001
658,265.8,241600000.001
659,265.9,225500000.001
660,266.0,210700000.0
661,266.1,200000000.0
662,266.2,196207750.547
663,266.3,201200000.0
664,266.4,216199999.999
665,266.5,240699999.999
666,266.6,273199999.999
667,266.7,311299999.998
668,266.8,352399999.998
669,266.9,393799999.998
670,267.0,432699999.999
671,267.1,466773450.012
672,267.2,494099999.999
673,267.3,512999999.999
674,267.4,522600000.0
675,267.5,522900000.0
676,267.6,514800000.0
677,267.7,499900000.001
678,267.8,480000000.001
679,267.9,456883134.632
680,268.0,431900000.001
681,268.1,406300000.001
682,268.2,381300000.001
683,268.3,357900000.001
684,268.4,337500000.001
685,268.5,321800000.001
686,268.6,312000000.0
687,268.7,309191914.899
688,268.8,313500000.0
689,268.9,324599999.999
690,269.0,341499999.999
691,269.1,363299999.999
692,269.2,389299999.999
693,269.3,419999999.999
694,269.4,456999999.998
695,269.5,502499999.998
696,269.6,559207886.68
697,269.7,628299999.997
698,269.8,709899999.997
699,269.9,801399999.996
700,270.0,898399999.996
701,270.1,995599999.996
702,270.2,1086999999.997
703,270.3,1168999999.997
704,270.4,1237515573.139
705,270.5,1289999999.998
706,270.6,1323999999.999
707,270.7,1336000000.0
708,270.8,1324000000.001
709,270.9,1286000000.002
710,271.0,1222000000.003
711,271.1,1134000000.004
712,271.2,1028131979.498
713,271.3,912800000.005
714,271.4,797000000.005
715,271.5,690200000.004
716,271.6,599400000.003
717,271.7,528200000.002
718,271.8,476900000.002
719,271.9,443100000.001
720,272.0,422500000.001
721,272.1,410589759.863
722,272.2,403600000.0
723,272.3,398300000.0
724,272.4,392900000.0
725,272.5,386100000.0
726,272.6,376700000.0
727,272.7,363800000.001
728,272.8,346400000.001
729,272.9,323927478.422
730,273.0,296800000.001
731,273.1,265900000.001
732,273.2,233100000.001
733,273.3,200700000.001
734,273.4,170900000.001
735,273.5,145500000.001
736,273.6,125500000.001
737,273.7,111693092.5
738,273.8,104200000.0
739,273.9,103000000.0
740,274.0,108200000.0
741,274.1,119899999.999
742,274.2,138199999.999
743,274.3,162699999.999
744,274.4,192899999.999
745,274.5,227499999.998
746,274.6,264654716.637
747,274.7,301799999.998
748,274.8,336199999.999
749,274.9,365099999.999
750,275.0,385899999.999
751,275.1,396900000.0
752,275.2,397500000.0
753,275.3,388600000.001
754,275.4,372013416.227
755,275.5,350900000.001
756,275.6,328600000.001
757,275.7,307900000.001
758,275.8,291100000.001
759,275.9,279000000.0
760,276.0,271500000.0
761,276.1,267400000.0
762,276.2,265159072.939
763,276.3,263100000.0
764,276.4,259600000.0
765,276.5,253500000.0
766,276.6,244300000.0
767,276.7,232000000.001
768,276.8,217000000.001
769,276.9,200100000.001
770,277.0,182400000.001
771,277.1,165052585.067
772,277.2,148800000.001
773,277.3,134300000.001
774,277.4,122100000.0
775,277.5,112000000.0
776,277.6,103900000.0
777,277.7,97800000.0
778,277.8,93470000.0
779,277.9,90918183.466
780,278.0,90220000.0
781,278.1,91460000.0
782,278.2,94790000.0
783,278.3,100500000.0
784,278.4,109200000.0
785,278.5,121999999.999
786,278.6,140899999.999
787,278.7,168528191.012
788,278.8,207899999.998
789,278.9,261899999.997
790,279.0,332199999.996
791,279.1,418399999.996
792,279.2,517899999.995
793,279.3,624899999.995
794,279.4,731699999.995
795,279.5,829799999.996
796,279.6,910748730.273
797,279.7,969799999.998
798,279.8,1003999999.999
799,279.9,1014000000.0
800,280.0,1004000000.001
801,280.1,982500000.001
802,280.2,954900000.001
803,280.3,928100000.001
804,280.4,906856049.235
805,280.5,893000000.0
806,280.6,887100000.0
807,280.7,887000000.0
808,280.8,889700000.0
809,280.9,891600000.0
810,281.0,889800000.0
811,281.1,882200000.001
812,281.2,868373185.13
813,281.3,849200000.001
814,281.4,826000000.001
815,281.5,800700000.001
816,281.6,774600000.001
817,281.7,748500000.001
818,281.8,723200000.001
819,281.9,699600000.001
820,282.0,679600000.001
821,282.1,666081242.151
822,282.2,662600000.0
823,282.3,672499999.999
824,282.4,697299999.999
825,282.5,735799999.998
826,282.6,783699999.998
827,282.7,834099999.998
828,282.8,878699999.998
829,282.9,909497740.699
830,283.0,921500000.0
831,283.1,911600000.001
832,283.2,881500000.002
833,283.3,835800000.002
834,283.4,781200000.003
835,283.5,724800000.003
836,283.6,673200000.002
837,283.7,631207419.748
838,283.8,600300000.001
839,283.9,580500000.001
840,284.0,569000000.0
841,284.1,561800000.0
842,284.2,554500000.0
843,284.3,543400000.001
844,284.4,526200000.001
845,284.5,502600000.001
846,284.6,473714115.158
847,284.7,442100000.002
848,284.8,410600000.001
849,284.9,381800000.001
850,285.0,357600000.001
851,285.1,339000000.001
852,285.2,326000000.001
853,285.3,317700000.0
854,285.4,313196778.47
855,285.5,311300000.0
856,285.6,310800000.0
857,285.7,310800000.0
858,285.8,310600000.0
859,285.9,309500000.0
860,286.0,306700000.0
861,286.1,301600000.0
862,286.2,293665981.775
863,286.3,283100000.001
864,286.4,270500000.001
865,286.5,257300000.001
866,286.6,245400000.001
867,286.7,237200000.0
868,286.8,235200000.0
869,286.9,241399999.999
870,287.0,257399999.999
871,287.1,283976359.929
872,287.2,320699999.998
873,287.3,366599999.998
874,287.4,419599999.997
875,287.5,477199999.997
876,287.6,536599999.997
877,287.7,595399999.997
878,287.8,651899999.997
879,287.9,705191206.79
880,288.0,755499999.998
881,288.1,803299999.998
882,288.2,848899999.998
883,288.3,891999999.998
884,288.4,931399999.998
885,288.5,964499999.999
886,288.6,988099999.999
887,288.7,998607398.055
888,288.8,993200000.001
889,288.9,969700000.002
890,289.0,927900000.003
891,289.1,869500000.003
892,289.2,797800000.004
893,289.3,717600000.004
894,289.4,634400000.004
895,289.5,553400000.004
896,289.6,479049039.317
897,289.7,413600000.003
898,289.8,358300000.003
899,289.9,312400000.002
900,290.0,274100000.002
901,290.1,241400000.002
902,290.2,212500000.001
903,290.3,186300000.001
904,290.4,162260600.789
905,290.5,140600000.001
906,290.6,121700000.001
907,290.7,105900000.001
908,290.8,93430000.001
909,290.9,84030000.0
910,291.0,77110000.0
911,291.1,71860000.0
912,291.2,67454689.447
913,291.3,63340000.0
914,291.4,59140000.0
915,291.5,54960000.0
916,291.6,51290000.0
917,291.7,48990000.0
918,291.8,49170000.0
919,291.9,53270000.0
920,292.0,63029999.999
921,292.1,80626251.084
922,292.2,108899999.998
923,292.3,151099999.997
924,292.4,211399999.996
925,292.5,293899999.995
926,292.6,402699999.993
927,292.7,540899999.992
928,292.8,709899999.99
929,292.9,908966179.754
930,293.0,1132999999.988
931,293.1,1375999999.987
932,293.2,1630999999.986
933,293.3,1885999999.987
934,293.4,2130999999.987
935,293.5,2355999999.989
936,293.6,2550999999.991
937,293.7,2708502917.615
938,293.8,2824999999.995
939,293.9,2898999999.997
940,294.0,2934999999.999
941,294.1,2944000000.0
942,294.2,2938000000.0
943,294.3,2934000000.0
944,294.4,2942999999.999
945,294.5,2970999999.998
946,294.6,3014478166.233
947,294.7,3059999999.998
948,294.8,3089999999.999
949,294.9,3081000000.002
950,295.0,3017000000.005
951,295.1,2886000000.009
952,295.2,2689000000.012
953,295.3,2437000000.015
954,295.4,2149139552.46
955,295.5,1846000000.017
956,295.6,1548000000.016
957,295.7,1273000000.014
958,295.8,1030000000.012
959,295.9,824100000.01
960,296.0,653700000.008
961,296.1,515100000.007
962,296.2,403298631.064
963,296.3,313500000.004
964,296.4,241300000.004
965,296.5,183500000.003
966,296.6,138000000.002
967,296.7,103100000.002
968,296.8,77290000.001
969,296.9,59500000.001
970,297.0,48510000.0
971,297.1,43203018.938
972,297.2,42490000.0
973,297.3,45290000.0
974,297.4,50560000.0
975,297.5,57230000.0
976,297.6,64280000.0
977,297.7,70740000.0
978,297.8,75800000.0
979,297.9,78849510.044
980,298.0,79690000.0
981,298.1,78320000.0
982,298.2,75140000.0
983,298.3,70720000.0
984,298.4,65750000.0
985,298.5,60840000.0
986,298.6,56450000.0
987,298.7,52829699.828
988,298.8,49920000.0
989,298.9,47550000.0
990,299.0,45390000.0
991,299.1,43110000.0
992,299.2,40450000.0
993,299.3,37300000.0
994,299.4,33680000.0
995,299.5,29760000.0
996,299.6,25776752.604
997,299.7,21960000.0
998,299.8,18530000.0
999,299.9,15660000.0
1000,300.0,13420000.0
1001,300.1,11880000.0
1002,300.2,11130000.0
1003,300.3,11330000.0
1004,300.4,12777641.878
1005,300.5,16060000.0
1006,300.6,21890000.0
1007,300.7,31229999.999
1008,300.8,45179999.999
1009,300.9,64799999.999
1010,301.0,90869999.998
1011,301.1,123599999.998
1012,301.2,162654056.065
1013,301.3,206199999.997
1014,301.4,251899999.997
1015,301.5,296699999.998
1016,301.6,336899999.998
1017,301.7,369499999.998
1018,301.8,392199999.999
1019,301.9,404100000.0
1020,302.0,406100000.0
1021,302.1,400121102.371
1022,302.2,389500000.001
1023,302.3,377800000.001
1024,302.4,368100000.0
1025,302.5,362800000.0
1026,302.6,362700000.0
1027,302.7,367400000.0
1028,302.8,375000000.0
1029,302.9,382837467.179
1030,303.0,388100000.0
1031,303.1,388200000.0
1032,303.2,381600000.001
1033,303.3,367700000.001
1034,303.4,347200000.001
1035,303.5,321800000.002
1036,303.6,293900000.002
1037,303.7,265923261.874
1038,303.8,240300000.001
1039,303.9,219200000.001
1040,304.0,203800000.001
1041,304.1,195100000.0
1042,304.2,193100000.0
1043,304.3,197300000.0
1044,304.4,206799999.999
1045,304.5,220299999.999
1046,304.6,236434828.462
1047,304.7,254299999.999
1048,304.8,273299999.999
1049,304.9,293699999.999
1050,305.0,316499999.999
1051,305.1,343199999.998
1052,305.2,375499999.998
1053,305.3,415199999.997
1054,305.4,463439689.712
1055,305.5,520999999.996
1056,305.6,588599999.996
1057,305.7,667099999.995
1058,305.8,758199999.994
1059,305.9,864199999.993
1060,306.0,988399999.992
1061,306.1,1134999999.99
1062,306.2,1307422122.007
1063,306.3,1508999999.987
1064,306.4,1742999999.985
1065,306.5,2011999999.983
1066,306.6,2317999999.98
1067,306.7,2662999999.978
1068,306.8,3043999999.976
1069,306.9,3459999999.974
1070,307.0,3902999999.972
1071,307.1,4360937813.452
1072,307.2,4814999999.973
1073,307.3,5242999999.975
1074,307.4,5617999999.979
1075,307.5,5918999999.984
1076,307.6,6126999999.99
1077,307.7,6233999999.997
1078,307.8,6244000000.002
1079,307.9,6171913871.519
1080,308.0,6046000000.009
1081,308.1,5898000000.009
1082,308.2,5760000000.008
1083,308.3,5656000000.005
1084,308.4,5598000000.002
1085,308.5,5580000000.0
1086,308.6,5580000000.0
1087,308.7,5563977187.995
1088,308.8,5495000000.007
1089,308.9,5339000000.013
1090,309.0,5077000000.02
1091,309.1,4708000000.026
1092,309.2,4249000000.031
1093,309.3,3735000000.033
1094,309.4,3204000000.033
1095,309.5,2700000000.03
1096,309.6,2258615165.082
1097,309.7,1902000000.019
1098,309.8,1645000000.013
1099,309.9,1485000000.007
1100,310.0,1413000000.002
1101,310.1,1408999999.999
1102,310.2,1450999999.996
1103,310.3,1514999999.996
1104,310.4,1577303613.463
1105,310.5,1619999999.998
1106,310.6,1629000000.001
1107,310.7,1599000000.003
1108,310.8,1528000000.006
1109,310.9,1425000000.007
1110,311.0,1299000000.008
1111,311.1,1164000000.009
1112,311.2,1032206381.182
1113,311.3,913500000.007
1114,311.4,815900000.005
1115,311.5,741300000.004
1116,311.6,688600000.003
1117,311.7,653600000.002
1118,311.8,630500000.001
1119,311.9,613300000.001
1120,312.0,597000000.001
1121,312.1,578230989.181
1122,312.2,556200000.002
1123,312.3,531100000.002
1124,312.4,504700000.002
1125,312.5,479100000.002
1126,312.6,455900000.001
1127,312.7,435600000.001
1128,312.8,417800000.001
1129,312.9,400995859.943
1130,313.0,383400000.001
1131,313.1,363300000.001
1132,313.2,339600000.002
1133,313.3,312500000.002
1134,313.4,283100000.002
1135,313.5,253600000.002
1136,313.6,226600000.002
1137,313.7,205111224.616
1138,313.8,191400000.001
1139,313.9,187300000.0
1140,314.0,193699999.999
1141,314.1,210599999.999
1142,314.2,237099999.998
1143,314.3,272099999.997
1144,314.4,313999999.997
1145,314.5,361299999.997
1146,314.6,412758927.115
1147,314.7,467999999.996
1148,314.8,527099999.996
1149,314.9,591199999.996
1150,315.0,662399999.995
1151,315.1,743899999.994
1152,315.2,839399999.993
1153,315.3,953499999.992
1154,315.4,1090548909.422
1155,315.5,1252999999.988
1156,315.6,1441999999.987
1157,315.7,1654999999.985
1158,315.8,1885999999.984
1159,315.9,2123999999.984
1160,316.0,2355999999.985
1161,316.1,2565999999.987
1162,316.2,2739201823.977
1163,316.3,2863999999.994
1164,316.4,2929999999.998
1165,316.5,2931000000.002
1166,316.6,2869000000.006
1167,316.7,2746000000.01
1168,316.8,2571000000.013
1169,316.9,2352000000.016
1170,317.0,2102000000.017
1171,317.1,1833106312.788
1172,317.2,1559000000.018
1173,317.3,1293000000.017
1174,317.4,1045000000.016
1175,317.5,824900000.014
1176,317.6,639700000.011
1177,317.7,493200000.008
1178,317.8,387100000.006
1179,317.9,321519425.165
1180,318.0,295500000.0
1181,318.1,307799999.998
1182,318.2,356899999.996
1183,318.3,441199999.993
1184,318.4,558199999.991
1185,318.5,703699999.989
1186,318.6,871099999.988
1187,318.7,1051270416.72
1188,318.8,1230999999.988
1189,318.9,1396999999.99
1190,319.0,1537999999.992
1191,319.1,1640999999.994
1192,319.2,1702999999.997
1193,319.3,1721000000.0
1194,319.4,1703000000.002
1195,319.5,1657000000.004
1196,319.6,1596790751.437
1197,319.7,1533000000.004
1198,319.8,1474000000.004
1199,319.9,1424000000.003
1200,320.0,1383000000.003
1201,320.1,1345000000.003
1202,320.2,1304000000.003
1203,320.3,1253000000.004
1204,320.4,1190058029.234
1205,320.5,1117000000.005
1206,320.6,1038000000.005
1207,320.7,963900000.005
1208,320.8,906600000.003
1209,320.9,878500000.001
1210,321.0,889899999.998
1211,321.1,948099999.994
1212,321.2,1055910799.881
1213,321.3,1209999999.988
1214,321.4,1404999999.985
1215,321.5,1631999999.983
1216,321.6,1878999999.982
1217,321.7,2136999999.982
1218,321.8,2397999999.982
1219,321.9,2660999999.982
1220,322.0,2926999999.981
1221,322.1,3205266646.72
1222,322.2,3511999999.977
1223,322.3,3865999999.973
1224,322.4,4291999999.967
1225,322.5,4816999999.96
1226,322.6,5462999999.95
1227,322.7,6248999999.94
1228,322.8,7182999999.929
1229,322.9,8261229624.667
1230,323.0,9453999999.913
1231,323.1,10719999999.91
1232,323.2,11999999999.911
1233,323.3,13229999999.918
1234,323.4,14309999999.931
1235,323.5,15169999999.949
1236,323.6,15739999999.971
1237,323.7,15987911451.863
1238,323.8,15890000000.02
1239,323.9,15440000000.043
1240,324.0,14700000000.061
1241,324.1,13730000000.075
1242,324.2,12590000000.084
1243,324.3,11390000000.086
1244,324.4,10200000000.082
1245,324.5,9082000000.075
1246,324.6,8098409099.839
1247,324.7,7273000000.053
1248,324.8,6614000000.041
1249,324.9,6107000000.031
1250,325.0,5725000000.023
1251,325.1,5434000000.018
1252,325.2,5199000000.015
1253,325.3,4992000000.014
1254,325.4,4792335522.877
1255,325.5,4591000000.015
1256,325.6,4385000000.015
1257,325.7,4182000000.014
1258,325.8,3985000000.014
1259,325.9,3800000000.013
1260,326.0,3626000000.012
1261,326.1,3460000000.012
1262,326.2,3294866604.309
1263,326.3,3125000000.013
1264,326.4,2946000000.013
1265,326.5,2757000000.014
1266,326.6,2564000000.014
1267,326.7,2375000000.013
1268,326.8,2200000000.012
1269,326.9,2051000000.01
1270,327.0,1933000000.007
1271,327.1,1850899357.807
1272,327.2,1803000000.002
1273,327.3,1785000000.0
1274,327.4,1789999999.999
1275,327.5,1810999999.998
1276,327.6,1839999999.998
1277,327.7,1868999999.998
1278,327.8,1894999999.998
1279,327.9,1914799677.724
1280,328.0,1926000000.0
1281,328.1,1928000000.0
1282,328.2,1924000000.001
1283,328.3,1912000000.001
1284,328.4,1893000000.002
1285,328.5,1864000000.002
1286,328.6,1824000000.003
1287,328.7,1768402518.854
1288,328.8,1693000000.006
1289,328.9,1595000000.008
1290,329.0,1475000000.01
1291,329.1,1334000000.011
1292,329.2,1178000000.012
1293,329.3,1012000000.012
1294,329.4,845200000.012
1295,329.5,685900000.011
1296,329.6,541188462.294
1297,329.7,415800000.008
1298,329.8,313300000.007
1299,329.9,234600000.005
1300,330.0,178700000.003
1301,330.1,143800000.002
1302,330.2,127000000.001
1303,330.3,125600000.0
1304,330.4,136922410.892
1305,330.5,158799999.998
1306,330.6,189399999.997
1307,330.7,227799999.997
1308,330.8,273999999.996
1309,330.9,328899999.996
1310,331.0,394499999.995
1311,331.1,473799999.993
1312,331.2,570686847.63
1313,331.3,689599999.99
1314,331.4,834699999.988
1315,331.5,1008999999.986
1316,331.6,1214999999.983
1317,331.7,1449999999.981
1318,331.8,1710999999.98
1319,331.9,1988999999.979
1320,332.0,2274999999.979
1321,332.1,2555392385.69
1322,332.2,2817999999.981
1323,332.3,3051999999.984
1324,332.4,3248999999.987
1325,332.5,3402999999.99
1326,332.6,3514999999.993
1327,332.7,3587999999.996
1328,332.8,3628999999.998
1329,332.9,3649611798.845
1330,333.0,3662999999.999
1331,333.1,3682999999.998
1332,333.2,3725999999.995
1333,333.3,3809999999.992
1334,333.4,3950999999.987
1335,333.5,4167999999.98
1336,333.6,4476999999.973
1337,333.7,4892923405.139
1338,333.8,5425999999.955
1339,333.9,6083999999.945
1340,334.0,6867999999.936
1341,334.1,7768999999.927
1342,334.2,8768999999.921
1343,334.3,9837999999.916
1344,334.4,10929999999.917
1345,334.5,11989999999.923
1346,334.6,12939663551.166
1347,334.7,13719999999.948
1348,334.8,14269999999.969
1349,334.9,14519999999.992
1350,335.0,14480000000.015
1351,335.1,14140000000.037
1352,335.2,13560000000.052
1353,335.3,12810000000.062
1354,335.4,11970160215.627
1355,335.5,11130000000.063
1356,335.6,10370000000.055
1357,335.7,9729000000.044
1358,335.8,9229000000.033
1359,335.9,8854000000.025
1360,336.0,8569000000.02
1361,336.1,8331000000.018
1362,336.2,8096770524.11
1363,336.3,7843000000.021
1364,336.4,7557000000.023
1365,336.5,7250000000.024
1366,336.6,6948000000.023
1367,336.7,6679000000.019
1368,336.8,6470000000.014
1369,336.9,6334000000.008
1370,337.0,6272000000.002
1371,337.1,6269194067.721
1372,337.2,6299999999.997
1373,337.3,6336999999.998
1374,337.4,6355000000.0
1375,337.5,6339000000.003
1376,337.6,6287000000.005
1377,337.7,6206000000.007
1378,337.8,6111000000.007
1379,337.9,6019386195.101
1380,338.0,5940000000.006
1381,338.1,5877000000.004
1382,338.2,5824000000.004
1383,338.3,5766000000.005
1384,338.4,5681000000.008
1385,338.5,5549000000.013
1386,338.6,5356000000.018
1387,338.7,5092191341.665
1388,338.8,4763000000.028
1389,338.9,4379000000.032
1390,339.0,3957000000.034
1391,339.1,3519000000.035
1392,339.2,3085000000.034
1393,339.3,2672000000.031
1394,339.4,2292000000.028
1395,339.5,1952000000.025
1396,339.6,1652648125.447
1397,339.7,1392000000.019
1398,339.8,1167000000.017
1399,339.9,972100000.014
1400,340.0,803600000.012
1401,340.1,658000000.011
1402,340.2,532500000.009
1403,340.3,425200000.008
1404,340.4,334524238.771
1405,340.5,259100000.005
1406,340.6,197500000.004
1407,340.7,148000000.004
1408,340.8,109100000.003
1409,340.9,79120000.002
1410,341.0,56380000.002
1411,341.1,39480000.001
1412,341.2,27141315.426
1413,341.3,18340000.001
1414,341.4,12170000.0
1415,341.5,7952000.0
1416,341.6,5140000.0
1417,341.7,3321000.0
1418,341.8,2184000.0
1419,341.9,1508000.0
1420,342.0,1142000.0
1421,342.1,989471.451
1422,342.2,1029000.0
1423,342.3,1274000.0
1424,342.4,1822000.0
1425,342.5,2863000.0
1426,342.6,4710000.0
1427,342.7,7846000.0
1428,342.8,12969999.999
1429,342.9,21019295.108
1430,343.0,33269999.999
1431,343.1,51149999.998
1432,343.2,76349999.998
1433,343.3,110499999.997
1434,343.4,155099999.996
1435,343.5,210999999.995
1436,343.6,278199999.994
1437,343.7,355672249.539
1438,343.8,440599999.993
1439,343.9,529399999.993
1440,344.0,616999999.993
1441,344.1,697699999.994
1442,344.2,766199999.995
1443,344.3,817799999.997
1444,344.4,849399999.998
1445,344.5,860200000.0
1446,344.6,851534889.65
1447,344.7,827300000.003
1448,344.8,792300000.003
1449,344.9,752600000.003
1450,345.0,714100000.003
1451,345.1,681800000.002
1452,345.2,658900000.001
1453,345.3,647000000.001
1454,345.4,645691903.073
1455,345.5,652499999.999
1456,345.6,664299999.999
1457,345.7,677099999.999
1458,345.8,686799999.999
1459,345.9,689900000.0
1460,346.0,683800000.001
1461,346.1,667300000.002
1462,346.2,640425428.722
1463,346.3,604900000.003
1464,346.4,563100000.004
1465,346.5,518500000.004
1466,346.6,474900000.004
1467,346.7,435700000.003
1468,346.8,404100000.002
1469,346.9,381900000.001
1470,347.0,370300000.001
1471,347.1,368923010.498
1472,347.2,376199999.999
1473,347.3,390099999.999
1474,347.4,407699999.998
1475,347.5,426199999.998
1476,347.6,442799999.999
1477,347.7,455499999.999
1478,347.8,463000000.0
1479,347.9,464997731.683
1480,348.0,462000000.0
1481,348.1,454900000.001
1482,348.2,445300000.001
1483,348.3,434400000.001
1484,348.4,423800000.001
1485,348.5,414100000.001
1486,348.6,405900000.001
1487,348.7,398967133.051
1488,348.8,392900000.0
1489,348.9,387300000.0
1490,349.0,381800000.0
1491,349.1,376600000.0
1492,349.2,372800000.0
1493,349.3,372200000.0
1494,349.4,377399999.999
1495,349.5,391799999.998
1496,349.6,418816899.896
1497,349.7,461499999.996
1498,349.8,522399999.994
1499,349.9,602199999.992
1500,350.0,699899999.991
1501,350.1,812499999.99
1502,350.2,935099999.989
1503,350.3,1060999999.989
1504,350.4,1183394151.502
1505,350.5,1293999999.991
1506,350.6,1384999999.993
1507,350.7,1451999999.995
1508,350.8,1490999999.998
1509,350.9,1499000000.001
1510,351.0,1478000000.003
1511,351.1,1429000000.005
1512,351.2,1355939486.531
1513,351.3,1264000000.009
1514,351.4,1159000000.009
1515,351.5,1048000000.01
1516,351.6,935200000.01
1517,351.7,825500000.009
1518,351.8,722300000.009
1519,351.9,628100000.008
1520,352.0,544000000.007
1521,352.1,470553576.334
1522,352.2,407700000.005
1523,352.3,355200000.004
1524,352.4,312800000.003
1525,352.5,280500000.002
1526,352.6,258100000.002
1527,352.7,245700000.001
1528,352.8,242800000.0
1529,352.9,248624615.343
1530,353.0,261599999.999
1531,353.1,279699999.998
1532,353.2,299999999.998
1533,353.3,319599999.998
1534,353.4,335499999.999
1535,353.5,345000000.0
1536,353.6,346400000.0
1537,353.7,338562847.268
1538,353.8,321800000.002
1539,353.9,297000000.002
1540,354.0,266000000.003
1541,354.1,231200000.003
1542,354.2,194900000.003
1543,354.3,159300000.003
1544,354.4,126200000.003
1545,354.5,97020000.002
1546,354.6,72341452.563
1547,354.7,52240000.002
1548,354.8,36600000.001
1549,354.9,24870000.001
1550,355.0,16400000.001
1551,355.1,10500000.0
1552,355.2,6536000.0
1553,355.3,3974000.0
1554,355.4,2371251.034
1555,355.5,1422000.0
1556,355.6,875900.0
1557,355.7,581800.0
1558,355.8,438100.0
1559,355.9,383500.0
1560,356.0,385100.0
1561,356.1,429500.0
1562,356.2,517578.584
1563,356.3,664600.0
1564,356.4,891100.0
1565,356.5,1228000.0
1566,356.6,1714000.0
1567,356.7,2386000.0
1568,356.8,3283000.0
1569,356.9,4432000.0
1570,357.0,5845000.0
1571,357.1,7513694.482
1572,357.2,9394000.0
1573,357.3,11420000.0
1574,357.4,13480000.0
1575,357.5,15470000.0
1576,357.6,17260000.0
1577,357.7,18750000.0
1578,357.8,19850000.0
1579,357.9,20553712.533
1580,358.0,20950000.0
1581,358.1,21170000.0
1582,358.2,21450000.0
1583,358.3,22110000.0
1584,358.4,23510000.0
1585,358.5,26030000.0
1586,358.6,30020000.0
1587,358.7,35767078.804
1588,358.8,43369999.999
1589,358.9,52819999.999
1590,359.0,63839999.999
1591,359.1,75949999.999
1592,359.2,88449999.999
1593,359.3,100499999.999
1594,359.4,111199999.999
1595,359.5,119699999.999
1596,359.6,125228057.952
1597,359.7,127400000.0
1598,359.8,126000000.0
1599,359.9,121200000.001
1600,360.0,113600000.001
1601,360.1,103700000.001
1602,360.2,92440000.001
1603,360.3,80690000.001
1604,360.4,69208053.669
1605,360.5,58560000.001
1606,360.6,49200000.001
1607,360.7,41310000.001
1608,360.8,34930000.001
1609,360.9,30000000.0
1610,361.0,26390000.0
1611,361.1,23960000.0
1612,361.2,22620957.76
1613,361.3,22360000.0
1614,361.4,23200000.0
1615,361.5,25230000.0
1616,361.6,28520000.0
1617,361.7,33120000.0
1618,361.8,39009999.999
1619,361.9,46049999.999
1620,362.0,53989999.999
1621,362.1,62462058.687
1622,362.2,71029999.999
1623,362.3,79249999.999
1624,362.4,86719999.999
1625,362.5,93169999.999
1626,362.6,98490000.0
1627,362.7,102800000.0
1628,362.8,106400000.0
1629,362.9,109856783.681
1630,363.0,113800000.0
1631,363.1,118799999.999
1632,363.2,125299999.999
1633,363.3,133899999.999
1634,363.4,144499999.999
1635,363.5,156999999.999
1636,363.6,170799999.999
1637,363.7,185136892.509
1638,363.8,198999999.999
1639,363.9,211299999.999
1640,364.0,220999999.999
1641,364.1,227400000.0
1642,364.2,229800000.0
1643,364.3,228200000.0
1644,364.4,223000000.001
1645,364.5,215100000.001
1646,364.6,205628969.778
1647,364.7,196000000.001
1648,364.8,187700000.001
1649,364.9,182200000.0
1650,365.0,180700000.0
1651,365.1,183899999.999
1652,365.2,192299999.999
1653,365.3,205599999.999
1654,365.4,223192906.442
1655,365.5,243899999.998
1656,365.6,266299999.998
1657,365.7,288599999.998
1658,365.8,308899999.998
1659,365.9,325199999.999
1660,366.0,335999999.999
1661,366.1,339900000.0
1662,366.2,336314408.286
1663,366.3,325300000.001
1664,366.4,307200000.002
1665,366.5,283100000.003
1666,366.6,254500000.003
1667,366.7,223200000.003
1668,366.8,191100000.003
1669,366.9,159600000.003
1670,367.0,130300000.003
1671,367.1,104026895.879
1672,367.2,81290000.002
1673,367.3,62440000.002
1674,367.4,47290000.001
1675,367.5,35500000.001
1676,367.6,26590000.001
1677,367.7,20040000.001
1678,367.8,15350000.0
1679,367.9,12041907.918
1680,368.0,9754000.0
1681,368.1,8175000.0
1682,368.2,7084000.0
1683,368.3,6325000.0
1684,368.4,5796000.0
1685,368.5,5434000.0
1686,368.6,5212000.0
1687,368.7,5128903.086
1688,368.8,5218000.0
1689,368.9,5529000.0
1690,369.0,6150000.0
1691,369.1,7202000.0
1692,369.2,8841000.0
1693,369.3,11250000.0
1694,369.4,14650000.0
1695,369.5,19249999.999
1696,369.6,25230380.874
1697,369.7,32699999.999
1698,369.8,41709999.999
1699,369.9,52129999.999
1700,370.0,63679999.999
1701,370.1,75919999.999
1702,370.2,88239999.999
1703,370.3,99929999.999
1704,370.4,110226563.308
1705,370.5,118499999.999
1706,370.6,124200000.0
1707,370.7,127000000.0
1708,370.8,126900000.0
1709,370.9,124200000.0
1710,371.0,119500000.001
1711,371.1,113600000.001
1712,371.2,107459889.965
1713,371.3,101900000.0
1714,371.4,97680000.0
1715,371.5,95420000.0
1716,371.6,95360000.0
1717,371.7,97460000.0
1718,371.8,101400000.0
1719,371.9,106599999.999
1720,372.0,112399999.999
1721,372.1,117946494.383
1722,372.2,122600000.0
1723,372.3,125900000.0
1724,372.4,127700000.0
1725,372.5,127800000.0
1726,372.6,126900000.0
1727,372.7,125400000.0
1728,372.8,124600000.0
1729,372.9,125451493.247
1730,373.0,129199999.999
1731,373.1,137199999.999
1732,373.2,150599999.998
1733,373.3,169999999.998
1734,373.4,195899999.997
1735,373.5,228099999.997
1736,373.6,265699999.996
1737,373.7,307411000.126
1738,373.8,351399999.996
1739,373.9,395699999.996
1740,374.0,438399999.996
1741,374.1,478099999.996
1742,374.2,514499999.997
1743,374.3,548799999.997
1744,374.4,583999999.996
1745,374.5,624999999.995
1746,374.6,678383637.05
1747,374.7,752599999.991
1748,374.8,856599999.988
1749,374.9,999299999.984
1750,375.0,1187999999.979
1751,375.1,1427999999.973
1752,375.2,1718999999.969
1753,375.3,2056999999.964
1754,375.4,2431438239.833
1755,375.5,2824999999.96
1756,375.6,3217999999.961
1757,375.7,3585999999.966
1758,375.8,3901999999.972
1759,375.9,4143999999.98
1760,376.0,4290999999.991
1761,376.1,4331000000.002
1762,376.2,4259139851.932
1763,376.3,4082000000.023
1764,376.4,3811000000.031
1765,376.5,3466000000.037
1766,376.6,3070000000.042
1767,376.7,2649000000.043
1768,376.8,2226000000.042
1769,376.9,1823000000.039
1770,377.0,1454000000.035
1771,377.1,1129950240.5
1772,377.2,855200000.025
1773,377.3,631200000.02
1774,377.4,454500000.016
1775,377.5,319700000.012
1776,377.6,220200000.009
1777,377.7,149200000.006
1778,377.8,100300000.004
1779,377.9,67872378.258
1780,378.0,47500000.002
1781,378.1,35330000.001
1782,378.2,28720000.0
1783,378.3,25660000.0
1784,378.4,24720000.0
1785,378.5,24930000.0
1786,378.6,25590000.0
1787,378.7,26236125.188
1788,378.8,26620000.0
1789,378.9,26560000.0
1790,379.0,25990000.0
1791,379.1,24960000.0
1792,379.2,23540000.0
1793,379.3,21890000.0
1794,379.4,20140000.0
1795,379.5,18490000.0
1796,379.6,17082437.917
1797,379.7,16040000.0
1798,379.8,15470000.0
1799,379.9,15410000.0
1800,380.0,15850000.0
1801,380.1,16740000.0
1802,380.2,17980000.0
1803,380.3,19430000.0
1804,380.4,20941647.143
1805,380.5,22360000.0
1806,380.6,23530000.0
1807,380.7,24320000.0
1808,380.8,24670000.0
1809,380.9,24550000.0
1810,381.0,23970000.0
1811,381.1,23020000.0
1812,381.2,21813114.225
1813,381.3,20490000.0
1814,381.4,19200000.0
1815,381.5,18090000.0
1816,381.6,17270000.0
1817,381.7,16820000.0
1818,381.8,16770000.0
1819,381.9,17100000.0
1820,382.0,17750000.0
1821,382.1,18636846.782
1822,382.2,19650000.0
1823,382.3,20680000.0
1824,382.4,21640000.0
1825,382.5,22440000.0
1826,382.6,23050000.0
1827,382.7,23460000.0
1828,382.8,23670000.0
1829,382.9,23730249.49
1830,383.0,23670000.0
1831,383.1,23520000.0
1832,383.2,23330000.0
1833,383.3,23090000.0
1834,383.4,22830000.0
1835,383.5,22510000.0
1836,383.6,22120000.0
1837,383.7,21642890.53
1838,383.8,21060000.0
1839,383.9,20360000.0
1840,384.0,19550000.0
1841,384.1,18630000.0
1842,384.2,17640000.0
1843,384.3,16620000.0
1844,384.4,15620000.0
1845,384.5,14690000.0
1846,384.6,13879732.19
1847,384.7,13230000.0
1848,384.8,12780000.0
1849,384.9,12560000.0
1850,385.0,12560000.0
1851,385.1,12780000.0
1852,385.2,13190000.0
1853,385.3,13750000.0
1854,385.4,14414762.515
1855,385.5,15140000.0
1856,385.6,15890000.0
1857,385.7,16650000.0
1858,385.8,17390000.0
1859,385.9,18130000.0
1860,386.0,18850000.0
1861,386.1,19580000.0
1862,386.2,20321678.606
1863,386.3,21070000.0
1864,386.4,21820000.0
1865,386.5,22560000.0
1866,386.6,23270000.0
1867,386.7,23930000.0
1868,386.8,24550000.0
1869,386.9,25120000.0
1870,387.0,25690000.0
1871,387.1,26306736.529
1872,387.2,27050000.0
1873,387.3,28000000.0
1874,387.4,29210000.0
1875,387.5,30750000.0
1876,387.6,32610000.0
1877,387.7,34770000.0
1878,387.8,37160000.0
1879,387.9,39684989.726
1880,388.0,42240000.0
1881,388.1,44740000.0
1882,388.2,47190000.0
1883,388.3,49660000.0
1884,388.4,52380000.0
1885,388.5,55750000.0
1886,388.6,60329999.999
1887,388.7,66831380.318
1888,388.8,76109999.999
1889,388.9,89029999.998
1890,389.0,106399999.998
1891,389.1,128999999.997
1892,389.2,157099999.997
1893,389.3,190699999.996
1894,389.4,229199999.996
1895,389.5,271599999.995
1896,389.6,316286129.483
1897,389.7,361099999.995
1898,389.8,403799999.996
1899,389.9,442199999.996
1900,390.0,474099999.997
1901,390.1,497899999.998
1902,390.2,512899999.999
1903,390.3,519000000.0
1904,390.4,516859165.853
1905,390.5,508000000.001
1906,390.6,494200000.002
1907,390.7,477500000.002
1908,390.8,459800000.002
1909,390.9,442400000.002
1910,391.0,426200000.002
1911,391.1,411400000.002
1912,391.2,397548867.13
1913,391.3,383800000.002
1914,391.4,369200000.002
1915,391.5,352700000.002
1916,391.6,333500000.002
1917,391.7,311300000.003
1918,391.8,286200000.003
1919,391.9,258700000.003
1920,392.0,229600000.003
1921,392.1,199969392.285
1922,392.2,170900000.003
1923,392.3,143400000.003
1924,392.4,118200000.003
1925,392.5,95930000.002
1926,392.6,76800000.002
1927,392.7,60820000.002
1928,392.8,47810000.001
1929,392.9,37453544.476
1930,393.0,29360000.001
1931,393.1,23130000.001
1932,393.2,18390000.0
1933,393.3,14820000.0
1934,393.4,12180000.0
1935,393.5,10270000.0
1936,393.6,8985000.0
1937,393.7,8234456.565
1938,393.8,7982000.0
1939,393.9,8209000.0
1940,394.0,8907000.0
1941,394.1,10070000.0
1942,394.2,11690000.0
1943,394.3,13750000.0
1944,394.4,16220000.0
1945,394.5,19050000.0
1946,394.6,22187241.762
1947,394.7,25570000.0
1948,394.8,29130000.0
1949,394.9,32780000.0
1950,395.0,36420000.0
1951,395.1,39950000.0
1952,395.2,43250000.0
1953,395.3,46220000.0
1954,395.4,48713819.507
1955,395.5,50620000.0
1956,395.6,51840000.0
1957,395.7,52280000.0
1958,395.8,51880000.0
1959,395.9,50640000.0
1960,396.0,48600000.0
1961,396.1,45830000.0
1962,396.2,42461773.747
1963,396.3,38660000.0
1964,396.4,34600000.0
1965,396.5,30480000.0
1966,396.6,26490000.0
1967,396.7,22780000.0
1968,396.8,19510000.0
1969,396.9,16780000.0
1970,397.0,14690000.0
1971,397.1,13283030.095
1972,397.2,12580000.0
1973,397.3,12590000.0
1974,397.4,13280000.0
1975,397.5,14600000.0
1976,397.6,16480000.0
1977,397.7,18830000.0
1978,397.8,21570000.0
1979,397.9,24577553.766
1980,398.0,27740000.0
1981,398.1,30950000.0
1982,398.2,34100000.0
1983,398.3,37100000.0
1984,398.4,39890000.0
1985,398.5,42400000.0
1986,398.6,44610000.0
1987,398.7,46500635.76
1988,398.8,48090000.0
1989,398.9,49400000.0
1990,399.0,50440000.0
1991,399.1,51260000.0
1992,399.2,51870000.0
1993,399.3,52300000.0
1994,399.4,52530000.0
1995,399.5,52550000.0
1996,399.6,52335196.701
1997,399.7,51840000.0
1998,399.8,51020000.0
1999,399.9,49850000.0
2000,400.0,48310000.0
2001,400.1,46410000.0
2002,400.2,44190000.0
2003,400.3,41700000.0
2004,400.4,39047306.672
2005,400.5,36340000.0
2006,400.6,33680000.0
2007,400.7,31170000.0
2008,400.8,28930000.0
2009,400.9,27020000.0
2010,401.0,25520000.0
2011,401.1,24480000.0
2012,401.2,23943018.571
2013,401.3,23950000.0
2014,401.4,24540000.0
2015,401.5,25760000.0
2016,401.6,27690000.0
2017,401.7,30380000.0
2018,401.8,33920000.0
2019,401.9,38369999.999
2020,402.0,43769999.999
2021,402.1,50134528.617
2022,402.2,57389999.999
2023,402.3,65429999.999
2024,402.4,74079999.999
2025,402.5,83059999.999
2026,402.6,92059999.999
2027,402.7,100699999.999
2028,402.8,108599999.999
2029,402.9,115372942.665
2030,403.0,120699999.999
2031,403.1,124300000.0
2032,403.2,126000000.0
2033,403.3,125800000.0
2034,403.4,123800000.0
2035,403.5,120100000.001
2036,403.6,114900000.001
2037,403.7,108701212.593
2038,403.8,101800000.001
2039,403.9,94470000.001
2040,404.0,87140000.001
2041,404.1,80100000.001
2042,404.2,73630000.001
2043,404.3,67920000.001
2044,404.4,63120000.001
2045,404.5,59300000.0
2046,404.6,56508197.077
2047,404.7,54690000.0
2048,404.8,53760000.0
2049,404.9,53600000.0
2050,405.0,54020000.0
2051,405.1,54830000.0
2052,405.2,55800000.0
2053,405.3,56730000.0
2054,405.4,57401272.618
2055,405.5,57660000.0
2056,405.6,57380000.0
2057,405.7,56480000.0
2058,405.8,54940000.0
2059,405.9,52780000.0
2060,406.0,50080000.0
2061,406.1,46930000.0
2062,406.2,43462263.579
2063,406.3,39800000.0
2064,406.4,36060000.0
2065,406.5,32360000.0
2066,406.6,28820000.0
2067,406.7,25510000.0
2068,406.8,22500000.0
2069,406.9,19850000.0
2070,407.0,17600000.0
2071,407.1,15778623.078
2072,407.2,14390000.0
2073,407.3,13430000.0
2074,407.4,12880000.0
2075,407.5,12700000.0
2076,407.6,12850000.0
2077,407.7,13260000.0
2078,407.8,13850000.0
2079,407.9,14526279.642
2080,408.0,15210000.0
2081,408.1,15820000.0
2082,408.2,16260000.0
2083,408.3,16480000.0
2084,408.4,16440000.0
2085,408.5,16120000.0
2086,408.6,15520000.0
2087,408.7,14664038.136
2088,408.8,13600000.0
2089,408.9,12380000.0
2090,409.0,11060000.0
2091,409.1,9713000.0
2092,409.2,8386000.0
2093,409.3,7128000.0
2094,409.4,5977000.0
2095,409.5,4955000.0
2096,409.6,4078543.583
2097,409.7,3348000.0
2098,409.8,2759000.0
2099,409.9,2303000.0
2100,410.0,1964000.0
2101,410.1,1727000.0
2102,410.2,1576000.0
2103,410.3,1495000.0
2104,410.4,1469611.218
2105,410.5,1487000.0
2106,410.6,1535000.0
2107,410.7,1603000.0
2108,410.8,1682000.0
2109,410.9,1765000.0
2110,411.0,1843000.0
2111,411.1,1912000.0
2112,411.2,1966681.546
2113,411.3,2004000.0
2114,411.4,2022000.0
2115,411.5,2020000.0
2116,411.6,1999000.0
2117,411.7,1962000.0
2118,411.8,1910000.0
2119,411.9,1849000.0
2120,412.0,1784000.0
2121,412.1,1719054.629
2122,412.2,1659000.0
2123,412.3,1609000.0
2124,412.4,1574000.0
2125,412.5,1557000.0
2126,412.6,1561000.0
2127,412.7,1586000.0
2128,412.8,1633000.0
2129,412.9,1700135.713
2130,413.0,1784000.0
2131,413.1,1881000.0
2132,413.2,1987000.0
2133,413.3,2096000.0
2134,413.4,2202000.0
2135,413.5,2300000.0
2136,413.6,2387000.0
2137,413.7,2459502.993
2138,413.8,2519000.0
2139,413.9,2569000.0
2140,414.0,2617000.0
2141,414.1,2678000.0
2142,414.2,2773000.0
2143,414.3,2932000.0
2144,414.4,3198000.0
2145,414.5,3630000.0
2146,414.6,4302474.411
2147,414.7,5319000.0
2148,414.8,6795000.0
2149,414.9,8873000.0
2150,415.0,11720000.0
2151,415.1,15489999.999
2152,415.2,20379999.999
2153,415.3,26509999.999
2154,415.4,34024467.844
2155,415.5,42959999.999
2156,415.6,53299999.999
2157,415.7,64929999.999
2158,415.8,77639999.998
2159,415.9,91109999.998
2160,416.0,104899999.998
2161,416.1,118599999.998
2162,416.2,131728022.547
2163,416.3,143699999.999
2164,416.4,153999999.999
2165,416.5,162399999.999
2166,416.6,168499999.999
2167,416.7,172000000.0
2168,416.8,173000000.0
2169,416.9,171500000.0
2170,417.0,167500000.001
2171,417.1,161345763.517
2172,417.2,153300000.001
2173,417.3,143600000.001
2174,417.4,132600000.001
2175,417.5,120800000.001
2176,417.6,108600000.002
2177,417.7,96170000.002
2178,417.8,84000000.001
2179,417.9,72355984.358
2180,418.0,61470000.001
2181,418.1,51560000.001
2182,418.2,42730000.001
2183,418.3,35040000.001
2184,418.4,28490000.001
2185,418.5,23020000.001
2186,418.6,18540000.001
2187,418.7,14927532.608
2188,418.8,12050000.0
2189,418.9,9777000.0
2190,419.0,7991000.0
2191,419.1,6585000.0
2192,419.2,5469000.0
2193,419.3,4575000.0
2194,419.4,3851000.0
2195,419.5,3258000.0
2196,419.6,2768554.193
2197,419.7,2365000.0
2198,419.8,2032000.0
2199,419.9,1757000.0
2200,420.0,1532000.0
2201,420.1,1346000.0
2202,420.2,1192000.0
2203,420.3,1063000.0
2204,420.4,951605.4
2205,420.5,853300.0
2206,420.6,764600.0
2207,420.7,683300.0
2208,420.8,608600.0
2209,420.9,540800.0
2210,421.0,481000.0
2211,421.1,430600.0
2212,421.2,391365.757
2213,421.3,365300.0
2214,421.4,354500.0
2215,421.5,361300.0
2216,421.6,388400.0
2217,421.7,439600.0
2218,421.8,519600.0
2219,421.9,634100.0
2220,422.0,790500.0
2221,422.1,996755.726
2222,422.2,1262000.0
2223,422.3,1595000.0
2224,422.4,2002000.0
2225,422.5,2488000.0
2226,422.6,3053000.0
2227,422.7,3692000.0
2228,422.8,4391000.0
2229,422.9,5133306.682
2230,423.0,5891000.0
2231,423.1,6633000.0
2232,423.2,7326000.0
2233,423.3,7932000.0
2234,423.4,8418000.0
2235,423.5,8757000.0
2236,423.6,8927000.0
2237,423.7,8918657.641
2238,423.8,8735000.0
2239,423.9,8385000.0
2240,424.0,7892000.0
2241,424.1,7286000.0
2242,424.2,6602000.0
2243,424.3,5876000.0
2244,424.4,5145000.0
2245,424.5,4441000.0
2246,424.6,3793667.336
2247,424.7,3223000.0
2248,424.8,2745000.0
2249,424.9,2369000.0
2250,425.0,2099000.0
2251,425.1,1934000.0
2252,425.2,1868000.0
2253,425.3,1896000.0
2254,425.4,2007071.977
2255,425.5,2190000.0
2256,425.6,2434000.0
2257,425.7,2727000.0
2258,425.8,3053000.0
2259,425.9,3400000.0
2260,426.0,3751000.0
2261,426.1,4092000.0
2262,426.2,4409424.027
2263,426.3,4693000.0
2264,426.4,4935000.0
2265,426.5,5135000.0
2266,426.6,5300000.0
2267,426.7,5449000.0
2268,426.8,5614000.0
2269,426.9,5840000.0
2270,427.0,6193000.0
2271,427.1,6755128.87
2272,427.2,7636000.0
2273,427.3,8958000.0
2274,427.4,10870000.0
2275,427.5,13540000.0
2276,427.6,17159999.999
2277,427.7,21919999.999
2278,427.8,28019999.999
2279,427.9,35639546.611
2280,428.0,44949999.999
2281,428.1,56099999.998
2282,428.2,69159999.998
2283,428.3,84179999.998
2284,428.4,101099999.998
2285,428.5,119899999.997
2286,428.6,140299999.997
2287,428.7,162158920.384
2288,428.8,185199999.997
2289,428.9,209099999.997
2290,429.0,233499999.997
2291,429.1,257899999.997
2292,429.2,281999999.997
2293,429.3,305299999.997
2294,429.4,327199999.997
2295,429.5,347299999.998
2296,429.6,364983686.331
2297,429.7,379699999.998
2298,429.8,390999999.999
2299,429.9,398599999.999
2300,430.0,402100000.0
2301,430.1,401600000.0
2302,430.2,396900000.001
2303,430.3,388600000.001
2304,430.4,376875722.767
2305,430.5,362400000.002
2306,430.6,345900000.002
2307,430.7,327800000.002
2308,430.8,309000000.002
2309,430.9,289800000.003
2310,431.0,270600000.002
2311,431.1,251900000.002
2312,431.2,233619815.556
2313,431.3,215800000.002
2314,431.4,198500000.002
2315,431.5,181600000.002
2316,431.6,165100000.002
2317,431.7,149000000.002
2318,431.8,133200000.002
2319,431.9,118000000.002
2320,432.0,103500000.002
2321,432.1,89854460.471
2322,432.2,77310000.002
2323,432.3,66110000.001
2324,432.4,56430000.001
2325,432.5,48420000.001
2326,432.6,42140000.001
2327,432.7,37620000.0
2328,432.8,34820000.0
2329,432.9,33607543.503
2330,433.0,33790000.0
2331,433.1,35150000.0
2332,433.2,37410000.0
2333,433.3,40260000.0
2334,433.4,43380000.0
2335,433.5,46450000.0
2336,433.6,49180000.0
2337,433.7,51292206.094
2338,433.8,52600000.0
2339,433.9,52960000.0
2340,434.0,52310000.0
2341,434.1,50650000.0
2342,434.2,48080000.0
2343,434.3,44730000.0
2344,434.4,40780000.001
2345,434.5,36440000.001
2346,434.6,31924535.873
2347,434.7,27430000.001
2348,434.8,23140000.001
2349,434.9,19200000.0
2350,435.0,15720000.0
2351,435.1,12780000.0
2352,435.2,10400000.0
2353,435.3,8604000.0
2354,435.4,7381051.387
2355,435.5,6701000.0
2356,435.6,6529000.0
2357,435.7,6820000.0
2358,435.8,7523000.0
2359,435.9,8580000.0
2360,436.0,9926000.0
2361,436.1,11490000.0
2362,436.2,13187906.345
2363,436.3,14940000.0
2364,436.4,16660000.0
2365,436.5,18240000.0
2366,436.6,19610000.0
2367,436.7,20700000.0
2368,436.8,21460000.0
2369,436.9,21870000.0
2370,437.0,21940000.0
2371,437.1,21714617.83
2372,437.2,21280000.0
2373,437.3,20740000.0
2374,437.4,20230000.0
2375,437.5,19900000.0
2376,437.6,19950000.0
2377,437.7,20540000.0
2378,437.8,21860000.0
2379,437.9,24089256.187
2380,438.0,27389999.999
2381,438.1,31909999.999
2382,438.2,37749999.999
2383,438.3,44979999.999
2384,438.4,53599999.999
2385,438.5,63549999.999
2386,438.6,74679999.998
2387,438.7,86737502.996
2388,438.8,99409999.998
2389,438.9,112299999.998
2390,439.0,124799999.998
2391,439.1,136499999.998
2392,439.2,146799999.999
2393,439.3,155199999.999
2394,439.4,161199999.999
2395,439.5,164600000.0
2396,439.6,165112827.603
2397,439.7,162700000.001
2398,439.8,157500000.001
2399,439.9,150000000.001
2400,440.0,140600000.001
2401,440.1,129700000.002
2402,440.2,118000000.002
2403,440.3,106100000.002
2404,440.4,94430940.612
2405,440.5,83410000.001
2406,440.6,73410000.001
2407,440.7,64600000.001
2408,440.8,57050000.001
2409,440.9,50720000.001
2410,441.0,45510000.001
2411,441.1,41240000.001
2412,441.2,37721539.369
2413,441.3,34760000.0
2414,441.4,32170000.0
2415,441.5,29810000.0
2416,441.6,27560000.0
2417,441.7,25370000.0
2418,441.8,23190000.0
2419,441.9,21040000.0
2420,442.0,18950000.0
2421,442.1,16972971.433
2422,442.2,15180000.0
2423,442.3,13650000.0
2424,442.4,12480000.0
2425,442.5,11770000.0
2426,442.6,11630000.0
2427,442.7,12180000.0
2428,442.8,13560000.0
2429,442.9,15890729.021
2430,443.0,19309999.999
2431,443.1,23949999.999
2432,443.2,29899999.999
2433,443.3,37239999.999
2434,443.4,45979999.999
2435,443.5,56069999.999
2436,443.6,67399999.998
2437,443.7,79768874.846
2438,443.8,92819999.998
2439,443.9,106199999.998
2440,444.0,119599999.998
2441,444.1,132399999.998
2442,444.2,144199999.998
2443,444.3,154499999.999
2444,444.4,162999999.999
2445,444.5,169399999.999
2446,444.6,173671881.991
2447,444.7,175700000.0
2448,444.8,175500000.0
2449,444.9,173600000.0
2450,445.0,170100000.001
2451,445.1,165500000.001
2452,445.2,160300000.001
2453,445.3,154900000.001
2454,445.4,149848766.839
2455,445.5,145600000.001
2456,445.6,142500000.0
2457,445.7,140700000.0
2458,445.8,140500000.0
2459,445.9,141900000.0
2460,446.0,144999999.999
2461,446.1,149399999.999
2462,446.2,155018620.278
2463,446.3,161399999.999
2464,446.4,167999999.999
2465,446.5,174399999.999
2466,446.6,179999999.999
2467,446.7,184200000.0
2468,446.8,186600000.0
2469,446.9,186800000.0
2470,447.0,184600000.0
2471,447.1,179941242.603
2472,447.2,172900000.001
2473,447.3,163700000.001
2474,447.4,152900000.002
2475,447.5,140800000.002
2476,447.6,128100000.002
2477,447.7,115300000.002
2478,447.8,103000000.002
2479,447.9,91534887.291
2480,448.0,81260000.001
2481,448.1,72510000.001
2482,448.2,65410000.001
2483,448.3,59980000.001
2484,448.4,56210000.0
2485,448.5,54010000.0
2486,448.6,53250000.0
2487,448.7,53803454.728
2488,448.8,55540000.0
2489,448.9,58340000.0
2490,449.0,62119999.999
2491,449.1,66769999.999
2492,449.2,72209999.999
2493,449.3,78319999.999
2494,449.4,84959999.999
2495,449.5,91939999.999
2496,449.6,99070654.859
2497,449.7,105999999.999
2498,449.8,112399999.999
2499,449.9,118099999.999
2500,450.0,122599999.999
2501,450.1,125600000.0
2502,450.2,127000000.0
2503,450.3,126600000.0
2504,450.4,124296585.721
2505,450.5,120200000.001
2506,450.6,114500000.001
2507,450.7,107500000.001
2508,450.8,99500000.001
2509,450.9,90870000.001
2510,451.0,82030000.001
2511,451.1,73360000.001
2512,451.2,65201145.935
2513,451.3,57840000.001
2514,451.4,51530000.001
2515,451.5,46440000.001
2516,451.6,42700000.0
2517,451.7,40410000.0
2518,451.8,39640000.0
2519,451.9,40420000.0
2520,452.0,42810000.0
2521,452.1,46810528.126
2522,452.2,52429999.999
2523,452.3,59659999.999
2524,452.4,68409999.999
2525,452.5,78589999.998
2526,452.6,89999999.998
2527,452.7,102399999.998
2528,452.8,115499999.998
2529,452.9,128882907.123
2530,453.0,142199999.998
2531,453.1,155099999.998
2532,453.2,167199999.998
2533,453.3,178399999.998
2534,453.4,188599999.999
2535,453.5,197799999.999
2536,453.6,206199999.999
2537,453.7,214182685.906
2538,453.8,222199999.999
2539,453.9,230699999.999
2540,454.0,240099999.999
2541,454.1,250799999.998
2542,454.2,262899999.998
2543,454.3,276399999.998
2544,454.4,290999999.998
2545,454.5,306099999.998
2546,454.6,321054552.329
2547,454.7,334899999.998
2548,454.8,346699999.998
2549,454.9,355799999.999
2550,455.0,361200000.0
2551,455.1,362600000.0
2552,455.2,359800000.001
2553,455.3,352900000.001
2554,455.4,342354968.292
2555,455.5,328900000.002
2556,455.6,313400000.002
2557,455.7,297000000.002
2558,455.8,280800000.002
2559,455.9,265700000.002
2560,456.0,252600000.002
2561,456.1,242000000.001
2562,456.2,234382314.157
2563,456.3,229800000.0
2564,456.4,228100000.0
2565,456.5,228800000.0
2566,456.6,231300000.0
2567,456.7,234799999.999
2568,456.8,238599999.999
2569,456.9,241800000.0
2570,457.0,243600000.0
2571,457.1,243382945.765
2572,457.2,240700000.001
2573,457.3,235200000.001
2574,457.4,226800000.001
2575,457.5,215600000.002
2576,457.6,201900000.002
2577,457.7,186100000.002
2578,457.8,168900000.003
2579,457.9,150774211.321
2580,458.0,132300000.003
2581,458.1,114100000.003
2582,458.2,96740000.002
2583,458.3,80610000.002
2584,458.4,66000000.002
2585,458.5,53090000.002
2586,458.6,41960000.002
2587,458.7,32581625.765
2588,458.8,24850000.001
2589,458.9,18630000.001
2590,459.0,13730000.001
2591,459.1,9966000.0
2592,459.2,7138000.0
2593,459.3,5068000.0
2594,459.4,3596000.0
2595,459.5,2588000.0
2596,459.6,1931683.551
2597,459.7,1546000.0
2598,459.8,1362000.0
2599,459.9,1333000.0
2600,460.0,1430000.0
2601,460.1,1634000.0
2602,460.2,1937000.0
2603,460.3,2335000.0
2604,460.4,2832785.464
2605,460.5,3437000.0
2606,460.6,4154000.0
2607,460.7,4989000.0
2608,460.8,5945000.0
2609,460.9,7021000.0
2610,461.0,8207000.0
2611,461.1,9487000.0
2612,461.2,10836829.631
2613,461.3,12220000.0
2614,461.4,13600000.0
2615,461.5,14940000.0
2616,461.6,16170000.0
2617,461.7,17250000.0
2618,461.8,18150000.0
2619,461.9,18810000.0
2620,462.0,19210000.0
2621,462.1,19336180.51
2622,462.2,19190000.0
2623,462.3,18780000.0
2624,462.4,18130000.0
2625,462.5,17280000.0
2626,462.6,16260000.0
2627,462.7,15140000.0
2628,462.8,13970000.0
2629,462.9,12791297.008
2630,463.0,11650000.0
2631,463.1,10590000.0
2632,463.2,9641000.0
2633,463.3,8825000.0
2634,463.4,8149000.0
2635,463.5,7615000.0
2636,463.6,7215000.0
2637,463.7,6933414.406
2638,463.8,6750000.0
2639,463.9,6643000.0
2640,464.0,6589000.0
2641,464.1,6567000.0
2642,464.2,6557000.0
2643,464.3,6544000.0
2644,464.4,6515000.0
2645,464.5,6465000.0
2646,464.6,6388843.385
2647,464.7,6287000.0
2648,464.8,6162000.0
2649,464.9,6018000.0
2650,465.0,5860000.0
2651,465.1,5693000.0
2652,465.2,5520000.0
2653,465.3,5347000.0
2654,465.4,5176302.606
2655,465.5,5010000.0
2656,465.6,4850000.0
2657,465.7,4697000.0
2658,465.8,4553000.0
2659,465.9,4418000.0
2660,466.0,4293000.0
2661,466.1,4179000.0
2662,466.2,4076379.848
2663,466.3,3985000.0
2664,466.4,3905000.0
2665,466.5,3837000.0
2666,466.6,3779000.0
2667,466.7,3732000.0
2668,466.8,3695000.0
2669,466.9,3666000.0
2670,467.0,3646000.0
2671,467.1,3634031.731
2672,467.2,3629000.0
2673,467.3,3630000.0
2674,467.4,3636000.0
2675,467.5,3645000.0
2676,467.6,3654000.0
2677,467.7,3659000.0
2678,467.8,3657000.0
2679,467.9,3641270.479
2680,468.0,3607000.0
2681,468.1,3550000.0
2682,468.2,3466000.0
2683,468.3,3353000.0
2684,468.4,3210000.0
2685,468.5,3039000.0
2686,468.6,2842000.0
2687,468.7,2624124.211
2688,468.8,2392000.0
2689,468.9,2153000.0
2690,469.0,1916000.0
2691,469.1,1688000.0
2692,469.2,1478000.0
2693,469.3,1293000.0
2694,469.4,1137000.0
2695,469.5,1015000.0
2696,469.6,931277.644
2697,469.7,886600.0
2698,469.8,880800.0
2699,469.9,912900.0
2700,470.0,980100.0
2701,470.1,1079000.0
2702,470.2,1203000.0
2703,470.3,1348000.0
2704,470.4,1505740.144
2705,470.5,1669000.0
2706,470.6,1831000.0
2707,470.7,1984000.0
2708,470.8,2121000.0
2709,470.9,2239000.0
2710,471.0,2331000.0
2711,471.1,2398000.0
2712,471.2,2438695.08
2713,471.3,2456000.0
2714,471.4,2454000.0
2715,471.5,2437000.0
2716,471.6,2413000.0
2717,471.7,2386000.0
2718,471.8,2364000.0
2719,471.9,2353000.0
2720,472.0,2356000.0
2721,472.1,2378308.68
2722,472.2,2422000.0
2723,472.3,2488000.0
2724,472.4,2577000.0
2725,472.5,2690000.0
2726,472.6,2828000.0
2727,472.7,2991000.0
2728,472.8,3182000.0
2729,472.9,3403112.923
2730,473.0,3657000.0
2731,473.1,3947000.0
2732,473.2,4277000.0
2733,473.3,4648000.0
2734,473.4,5063000.0
2735,473.5,5523000.0
2736,473.6,6029000.0
2737,473.7,6579476.353
2738,473.8,7176000.0
2739,473.9,7821000.0
2740,474.0,8518000.0
2741,474.1,9275000.0
2742,474.2,10100000.0
2743,474.3,11020000.0
2744,474.4,12040000.0
2745,474.5,13190000.0
2746,474.6,14492289.848
2747,474.7,15970000.0
2748,474.8,17640000.0
2749,474.9,19500000.0
2750,475.0,21570000.0
2751,475.1,23820000.0
2752,475.2,26220000.0
2753,475.3,28750000.0
2754,475.4,31333375.291
2755,475.5,33900000.0
2756,475.6,36380000.0
2757,475.7,38680000.0
2758,475.8,40710000.0
2759,475.9,42410000.0
2760,476.0,43680000.0
2761,476.1,44480000.0
2762,476.2,44764678.794
2763,476.3,44520000.0
2764,476.4,43750000.0
2765,476.5,42490000.0
2766,476.6,40790000.0
2767,476.7,38730000.0
2768,476.8,36390000.0
2769,476.9,33860000.0
2770,477.0,31250000.0
2771,477.1,28641578.393
2772,477.2,26120000.0
2773,477.3,23770000.0
2774,477.4,21650000.0
2775,477.5,19780000.0
2776,477.6,18190000.0
2777,477.7,16870000.0
2778,477.8,15810000.0
2779,477.9,14966360.729
2780,478.0,14300000.0
2781,478.1,13770000.0
2782,478.2,13320000.0
2783,478.3,12910000.0
2784,478.4,12490000.0
2785,478.5,12040000.0
2786,478.6,11520000.0
2787,478.7,10934782.493
2788,478.8,10290000.0
2789,478.9,9590000.0
2790,479.0,8850000.0
2791,479.1,8095000.0
2792,479.2,7351000.0
2793,479.3,6643000.0
2794,479.4,5996000.0
2795,479.5,5427000.0
2796,479.6,4951757.939
2797,479.7,4577000.0
2798,479.8,4305000.0
2799,479.9,4131000.0
2800,480.0,4049000.0
2801,480.1,4045000.0
2802,480.2,4108000.0
2803,480.3,4225000.0
2804,480.4,4382724.796
2805,480.5,4573000.0
2806,480.6,4790000.0
2807,480.7,5033000.0
2808,480.8,5306000.0
2809,480.9,5614000.0
2810,481.0,5966000.0
2811,481.1,6372000.0
2812,481.2,6841267.473
2813,481.3,7379000.0
2814,481.4,7988000.0
2815,481.5,8664000.0
2816,481.6,9394000.0
2817,481.7,10160000.0
2818,481.8,10940000.0
2819,481.9,11700000.0
2820,482.0,12400000.0
2821,482.1,13013208.902
2822,482.2,13510000.0
2823,482.3,13860000.0
2824,482.4,14040000.0
2825,482.5,14040000.0
2826,482.6,13860000.0
2827,482.7,13520000.0
2828,482.8,13020000.0
2829,482.9,12397092.816
2830,483.0,11690000.0
2831,483.1,10930000.0
2832,483.2,10140000.0
2833,483.3,9370000.0
2834,483.4,8642000.0
2835,483.5,7979000.0
2836,483.6,7398000.0
2837,483.7,6908494.683
2838,483.8,6514000.0
2839,483.9,6215000.0
2840,484.0,6006000.0
2841,484.1,5883000.0
2842,484.2,5838000.0
2843,484.3,5865000.0
2844,484.4,5957000.0
2845,484.5,6109000.0
2846,484.6,6314964.354
2847,484.7,6568000.0
2848,484.8,6861000.0
2849,484.9,7186000.0
2850,485.0,7533000.0
2851,485.1,7890000.0
2852,485.2,8243000.0
2853,485.3,8581000.0
2854,485.4,8891696.153
2855,485.5,9168000.0
2856,485.6,9405000.0
2857,485.7,9602000.0
2858,485.8,9766000.0
2859,485.9,9909000.0
2860,486.0,10050000.0
2861,486.1,10200000.0
2862,486.2,10385649.809
2863,486.3,10630000.0
2864,486.4,10950000.0
2865,486.5,11350000.0
2866,486.6,11840000.0
2867,486.7,12420000.0
2868,486.8,13070000.0
2869,486.9,13790000.0
2870,487.0,14540000.0
2871,487.1,15290558.449
2872,487.2,16020000.0
2873,487.3,16700000.0
2874,487.4,17290000.0
2875,487.5,17790000.0
2876,487.6,18160000.0
2877,487.7,18390000.0
2878,487.8,18490000.0
2879,487.9,18446400.579
2880,488.0,18260000.0
2881,488.1,17940000.0
2882,488.2,17500000.0
2883,488.3,16940000.0
2884,488.4,16280000.0
2885,488.5,15520000.0
2886,488.6,14690000.0
2887,488.7,13799830.237
2888,488.8,12870000.0
2889,488.9,11920000.0
2890,489.0,10960000.0
2891,489.1,10040000.0
2892,489.2,9178000.0
2893,489.3,8406000.0
2894,489.4,7758000.0
2895,489.5,7266000.0
2896,489.6,6961508.455
2897,489.7,6870000.0
2898,489.8,7015000.0
2899,489.9,7415000.0
2900,490.0,8075000.0
2901,490.1,8996000.0
2902,490.2,10160000.0
2903,490.3,11550000.0
2904,490.4,13133077.723
2905,490.5,14850000.0
2906,490.6,16640000.0
2907,490.7,18450000.0
2908,490.8,20200000.0
2909,490.9,21820000.0
2910,491.0,23230000.0
2911,491.1,24370000.0
2912,491.2,25200543.961
2913,491.3,25680000.0
2914,491.4,25780000.0
2915,491.5,25520000.0
2916,491.6,24900000.0
2917,491.7,23960000.0
2918,491.8,22760000.0
2919,491.9,21350000.0
2920,492.0,19790000.0
2921,492.1,18147834.43
2922,492.2,16490000.0
2923,492.3,14870000.0
2924,492.4,13310000.0
2925,492.5,11870000.0
2926,492.6,10550000.0
2927,492.7,9361000.0
2928,492.8,8309000.0
2929,492.9,7385159.817
2930,493.0,6576000.0
2931,493.1,5867000.0
2932,493.2,5242000.0
2933,493.3,4687000.0
2934,493.4,4188000.0
2935,493.5,3735000.0
2936,493.6,3321000.0
2937,493.7,2940084.422
2938,493.8,2589000.0
2939,493.9,2266000.0
2940,494.0,1972000.0
2941,494.1,1706000.0
2942,494.2,1467000.0
2943,494.3,1256000.0
2944,494.4,1071000.0
2945,494.5,913200.0
2946,494.6,780251.192
2947,494.7,671100.0
2948,494.8,585200.0
2949,494.9,521500.0
2950,495.0,479600.0
2951,495.1,459600.0
2952,495.2,462100.0
2953,495.3,488400.0
2954,495.4,540708.217
2955,495.5,622300.0
2956,495.6,737100.0
2957,495.7,890700.0
2958,495.8,1090000.0
2959,495.9,1345000.0
2960,496.0,1666000.0
2961,496.1,2068000.0
2962,496.2,2567365.666
2963,496.3,3185000.0
2964,496.4,3943000.0
2965,496.5,4865000.0
2966,496.6,5980000.0
2967,496.7,7315000.0
2968,496.8,8895000.0
2969,496.9,10740000.0
2970,497.0,12880000.0
2971,497.1,15304203.688
2972,497.2,18020000.0
2973,497.3,21029999.999
2974,497.4,24289999.999
2975,497.5,27759999.999
2976,497.6,31399999.999
2977,497.7,35149999.999
2978,497.8,38919999.999
2979,497.9,42648989.4
2980,498.0,46259999.999
2981,498.1,49669999.999
2982,498.2,52809999.999
2983,498.3,55640000.0
2984,498.4,58090000.0
2985,498.5,60150000.0
2986,498.6,61800000.0
2987,498.7,63044085.126
2988,498.8,63900000.0
2989,498.9,64390000.0
2990,499.0,64550000.0
2991,499.1,64420000.0
2992,499.2,64040000.0
2993,499.3,63480000.0
2994,499.4,62760000.0
2995,499.5,61930000.0
2996,499.6,61038529.418
2997,499.7,60110000.0
2998,499.8,59170000.0
2999,499.9,58260000.0
3000,500.0,57390000.0
3001,500.1,56580000.0
3002,500.2,55850000.0
3003,500.3,55190000.0
3004,500.4,54611298.0
3005,500.5,54110000.0
3006,500.6,53680000.0
3007,500.7,53320000.0
3008,500.8,53000000.0
3009,500.9,52710000.0
3010,501.0,52410000.0
3011,501.1,52090000.0
3012,501.2,51717534.928
3013,501.3,51260000.0
3014,501.4,50690000.0
3015,501.5,49990000.0
3016,501.6,49140000.0
3017,501.7,48130000.0
3018,501.8,46970000.0
3019,501.9,45650000.0
3020,502.0,44200000.0
3021,502.1,42632525.544
3022,502.2,40980000.0
3023,502.3,39280000.0
3024,502.4,37560000.0
3025,502.5,35850000.0
3026,502.6,34200000.0
3027,502.7,32630000.0
3028,502.8,31170000.0
3029,502.9,29831864.35
3030,503.0,28620000.0
3031,503.1,27540000.0
3032,503.2,26590000.0
3033,503.3,25730000.0
3034,503.4,24950000.0
3035,503.5,24210000.0
3036,503.6,23490000.0
3037,503.7,22746086.526
3038,503.8,21950000.0
3039,503.9,21080000.0
3040,504.0,20120000.0
3041,504.1,19070000.0
3042,504.2,17920000.0
3043,504.3,16690000.0
3044,504.4,15400000.0
3045,504.5,14070000.0
3046,504.6,12728275.016
3047,504.7,11410000.0
3048,504.8,10150000.0
3049,504.9,8976000.0
3050,505.0,7912000.0
3051,505.1,6979000.0
3052,505.2,6189000.0
3053,505.3,5549000.0
3054,505.4,5058726.914
3055,505.5,4711000.0
3056,505.6,4495000.0
3057,505.7,4392000.0
3058,505.8,4384000.0
3059,505.9,4448000.0
3060,506.0,4560000.0
3061,506.1,4699000.0
3062,506.2,4841655.231
3063,506.3,4970000.0
3064,506.4,5068000.0
3065,506.5,5122000.0
3066,506.6,5124000.0
3067,506.7,5069000.0
3068,506.8,4957000.0
3069,506.9,4791000.0
3070,507.0,4577000.0
3071,507.1,4324454.021
3072,507.2,4043000.0
3073,507.3,3743000.0
3074,507.4,3437000.0
3075,507.5,3134000.0
3076,507.6,2844000.0
3077,507.7,2574000.0
3078,507.8,2330000.0
3079,507.9,2114368.711
3080,508.0,1928000.0
3081,508.1,1771000.0
3082,508.2,1641000.0
3083,508.3,1535000.0
3084,508.4,1448000.0
3085,508.5,1375000.0
3086,508.6,1313000.0
3087,508.7,1256449.606
3088,508.8,1202000.0
3089,508.9,1147000.0
3090,509.0,1089000.0
3091,509.1,1028000.0
3092,509.2,964300.0
3093,509.3,897800.0
3094,509.4,830500.0
3095,509.5,764400.0
3096,509.6,701765.035
3097,509.7,644900.0
3098,509.8,596100.0
3099,509.9,557500.0
3100,510.0,530500.0
3101,510.1,516300.0
3102,510.2,515300.0
3103,510.3,527500.0
3104,510.4,552109.332
3105,510.5,587600.0
3106,510.6,632200.0
3107,510.7,683600.0
3108,510.8,738900.0
3109,510.9,795200.0
3110,511.0,849300.0
3111,511.1,898300.0
3112,511.2,939441.32
3113,511.3,970400.0
3114,511.4,989200.0
3115,511.5,994800.0
3116,511.6,986600.0
3117,511.7,964900.0
3118,511.8,930600.0
3119,511.9,885400.0
3120,512.0,831200.0
3121,512.1,770687.485
3122,512.2,706700.0
3123,512.3,642100.0
3124,512.4,579900.0
3125,512.5,523000.0
3126,512.6,474000.0
3127,512.7,435600.0
3128,512.8,409800.0
3129,512.9,398567.47
3130,513.0,403400.0
3131,513.1,425500.0
3132,513.2,465500.0
3133,513.3,523900.0
3134,513.4,600400.0
3135,513.5,694300.0
3136,513.6,804100.0
3137,513.7,927405.941
3138,513.8,1062000.0
3139,513.9,1205000.0
3140,514.0,1351000.0
3141,514.1,1496000.0
3142,514.2,1636000.0
3143,514.3,1765000.0
3144,514.4,1880000.0
3145,514.5,1975000.0
3146,514.6,2047105.201
3147,514.7,2094000.0
3148,514.8,2114000.0
3149,514.9,2108000.0
3150,515.0,2076000.0
3151,515.1,2020000.0
3152,515.2,1945000.0
3153,515.3,1854000.0
3154,515.4,1752584.17
3155,515.5,1647000.0
3156,515.6,1543000.0
3157,515.7,1445000.0
3158,515.8,1359000.0
3159,515.9,1291000.0
3160,516.0,1242000.0
3161,516.1,1218000.0
3162,516.2,1218265.886
3163,516.3,1244000.0
3164,516.4,1296000.0
3165,516.5,1370000.0
3166,516.6,1464000.0
3167,516.7,1575000.0
3168,516.8,1698000.0
3169,516.9,1828000.0
3170,517.0,1960000.0
3171,517.1,2089948.172
3172,517.2,2214000.0
3173,517.3,2329000.0
3174,517.4,2434000.0
3175,517.5,2527000.0
3176,517.6,2609000.0
3177,517.7,2684000.0
3178,517.8,2753000.0
3179,517.9,2820873.08
3180,518.0,2892000.0
3181,518.1,2970000.0
3182,518.2,3058000.0
3183,518.3,3160000.0
3184,518.4,3276000.0
3185,518.5,3407000.0
3186,518.6,3550000.0
3187,518.7,3703534.767
3188,518.8,3863000.0
3189,518.9,4023000.0
3190,519.0,4179000.0
3191,519.1,4326000.0
3192,519.2,4459000.0
3193,519.3,4576000.0
3194,519.4,4675000.0
3195,519.5,4756000.0
3196,519.6,4819812.047
3197,519.7,4870000.0
3198,519.8,4911000.0
3199,519.9,4948000.0
3200,520.0,4987000.0
3201,520.1,5034000.0
3202,520.2,5094000.0
3203,520.3,5173000.0
3204,520.4,5274257.796
3205,520.5,5401000.0
3206,520.6,5556000.0
3207,520.7,5740000.0
3208,520.8,5955000.0
3209,520.9,6201000.0
3210,521.0,6477000.0
3211,521.1,6783000.0
3212,521.2,7117330.497
3213,521.3,7478000.0
3214,521.4,7862000.0
3215,521.5,8263000.0
3216,521.6,8676000.0
3217,521.7,9091000.0
3218,521.8,9496000.0
3219,521.9,9880000.0
3220,522.0,10230000.0
3221,522.1,10517451.764
3222,522.2,10740000.0
3223,522.3,10890000.0
3224,522.4,10930000.0
3225,522.5,10880000.0
3226,522.6,10710000.0
3227,522.7,10440000.0
3228,522.8,10060000.0
3229,522.9,9581022.814
3230,523.0,9021000.0
3231,523.1,8397000.0
3232,523.2,7726000.0
3233,523.3,7029000.0
3234,523.4,6328000.0
3235,523.5,5642000.0
3236,523.6,4990000.0
3237,523.7,4386300.237
3238,523.8,3842000.0
3239,523.9,3367000.0
3240,524.0,2967000.0
3241,524.1,2642000.0
3242,524.2,2392000.0
3243,524.3,2213000.0
3244,524.4,2101000.0
3245,524.5,2047000.0
3246,524.6,2044407.043
3247,524.7,2085000.0
3248,524.8,2160000.0
3249,524.9,2261000.0
3250,525.0,2379000.0
3251,525.1,2506000.0
3252,525.2,2635000.0
3253,525.3,2758000.0
3254,525.4,2870389.225
3255,525.5,2966000.0
3256,525.6,3039000.0
3257,525.7,3087000.0
3258,525.8,3107000.0
3259,525.9,3098000.0
3260,526.0,3058000.0
3261,526.1,2990000.0
3262,526.2,2893507.658
3263,526.3,2772000.0
3264,526.4,2630000.0
3265,526.5,2471000.0
3266,526.6,2300000.0
3267,526.7,2122000.0
3268,526.8,1941000.0
3269,526.9,1764000.0
3270,527.0,1593000.0
3271,527.1,1432265.704
3272,527.2,1286000.0
3273,527.3,1157000.0
3274,527.4,1045000.0
3275,527.5,952900.0
3276,527.6,880300.0
3277,527.7,827200.0
3278,527.8,793500.0
3279,527.9,778461.289
3280,528.0,781400.0
3281,528.1,801700.0
3282,528.2,838800.0
3283,528.3,892200.0
3284,528.4,961700.0
3285,528.5,1047000.0
3286,528.6,1148000.0
3287,528.7,1263837.708
3288,528.8,1394000.0
3289,528.9,1538000.0
3290,529.0,1694000.0
3291,529.1,1858000.0
3292,529.2,2029000.0
3293,529.3,2202000.0
3294,529.4,2373000.0
3295,529.5,2537000.0
3296,529.6,2687753.911
3297,529.7,2821000.0
3298,529.8,2932000.0
3299,529.9,3014000.0
3300,530.0,3066000.0
3301,530.1,3083000.0
3302,530.2,3066000.0
3303,530.3,3013000.0
3304,530.4,2925730.502
3305,530.5,2807000.0
3306,530.6,2660000.0
3307,530.7,2490000.0
3308,530.8,2303000.0
3309,530.9,2103000.0
3310,531.0,1896000.0
3311,531.1,1689000.0
3312,531.2,1485175.96
3313,531.3,1289000.0
3314,531.4,1105000.0
3315,531.5,935400.0
3316,531.6,781700.0
3317,531.7,644900.0
3318,531.8,525300.0
3319,531.9,422500.0
3320,532.0,335700.0
3321,532.1,263697.315
3322,532.2,205000.0
3323,532.3,158100.0
3324,532.4,121600.0
3325,532.5,94070.0
3326,532.6,74380.0
3327,532.7,61540.0
3328,532.8,54820.0
3329,532.9,53736.494
3330,533.0,58140.0
3331,533.1,68020.0
3332,533.2,83650.0
3333,533.3,105500.0
3334,533.4,134100.0
3335,533.5,170100.0
3336,533.6,214100.0
3337,533.7,266702.933
3338,533.8,328300.0
3339,533.9,399100.0
3340,534.0,478800.0
3341,534.1,566800.0
3342,534.2,662000.0
3343,534.3,762900.0
3344,534.4,867400.0
3345,534.5,972900.0
3346,534.6,1077114.067
3347,534.7,1176000.0
3348,534.8,1266000.0
3349,534.9,1346000.0
3350,535.0,1411000.0
3351,535.1,1459000.0
3352,535.2,1489000.0
3353,535.3,1499000.0
3354,535.4,1488708.036
3355,535.5,1459000.0
3356,535.6,1411000.0
3357,535.7,1346000.0
3358,535.8,1266000.0
3359,535.9,1176000.0
3360,536.0,1077000.0
3361,536.1,972900.0
3362,536.2,867276.127
3363,536.3,762800.0
3364,536.4,661900.0
3365,536.5,566600.0
3366,536.6,478600.0
3367,536.7,398700.0
3368,536.8,327800.0
3369,536.9,265800.0
3370,537.0,212700.0
3371,537.1,167922.855
3372,537.2,130800.0
3373,537.3,100600.0
3374,537.4,76330.0
3375,537.5,57220.0
3376,537.6,42440.0
3377,537.7,31220.0
3378,537.8,22920.0
3379,537.9,16963.539
3380,538.0,12930.0
3381,538.1,10460.0
3382,538.2,9302.0
3383,538.3,9312.0
3384,538.4,10410.0
3385,538.5,12600.0
3386,538.6,15940.0
3387,538.7,20530.767
3388,538.8,26530.0
3389,538.9,34110.0
3390,539.0,43450.0
3391,539.1,54730.0
3392,539.2,68110.0
3393,539.3,83700.0
3394,539.4,101600.0
3395,539.5,121700.0
3396,539.6,143960.882
3397,539.7,168100.0
3398,539.8,193800.0
3399,539.9,220800.0
3400,540.0,248500.0
3401,540.1,276300.0
3402,540.2,303600.0
3403,540.3,329900.0
3404,540.4,354558.679
3405,540.5,377100.0
3406,540.6,397100.0
3407,540.7,414200.0
3408,540.8,428400.0
3409,540.9,439800.0
3410,541.0,448300.0
3411,541.1,454400.0
3412,541.2,458440.74
3413,541.3,460800.0
3414,541.4,461900.0
3415,541.5,462200.0
3416,541.6,462100.0
3417,541.7,461800.0
3418,541.8,461500.0
3419,541.9,461400.0
3420,542.0,461300.0
3421,542.1,461127.592
3422,542.2,460800.0
3423,542.3,460200.0
3424,542.4,459100.0
3425,542.5,457200.0
3426,542.6,454600.0
3427,542.7,451100.0
3428,542.8,446700.0
3429,542.9,441469.657
3430,543.0,435500.0
3431,543.1,428900.0
3432,543.2,421800.0
3433,543.3,414300.0
3434,543.4,406600.0
3435,543.5,398700.0
3436,543.6,390800.0
3437,543.7,382825.77
3438,543.8,374900.0
3439,543.9,367100.0
3440,544.0,359200.0
3441,544.1,351400.0
3442,544.2,343400.0
3443,544.3,335200.0
3444,544.4,326800.0
3445,544.5,318000.0
3446,544.6,308679.891
3447,544.7,298800.0
3448,544.8,288300.0
3449,544.9,277100.0
3450,545.0,265400.0
3451,545.1,253100.0
3452,545.2,240500.0
3453,545.3,227800.0
3454,545.4,215178.521
3455,545.5,203100.0
3456,545.6,192000.0
3457,545.7,182100.0
3458,545.8,174100.0
3459,545.9,168200.0
3460,546.0,164800.0
3461,546.1,164200.0
3462,546.2,166695.403
3463,546.3,172400.0
3464,546.4,181300.0
3465,546.5,193200.0
3466,546.6,208100.0
3467,546.7,225500.0
3468,546.8,245300.0
3469,546.9,266800.0
3470,547.0,289800.0
3471,547.1,313902.107
3472,547.2,338700.0
3473,547.3,363900.0
3474,547.4,389500.0
3475,547.5,415400.0
3476,547.6,441700.0
3477,547.7,468800.0
3478,547.8,497000.0
3479,547.9,526862.93
3480,548.0,558900.0
3481,548.1,593700.0
3482,548.2,632100.0
3483,548.3,674400.0
3484,548.4,721300.0
3485,548.5,773300.0
3486,548.6,830700.0
3487,548.7,893844.524
3488,548.8,962300.0
3489,548.9,1036000.0
3490,549.0,1116000.0
3491,549.1,1200000.0
3492,549.2,1288000.0
3493,549.3,1380000.0
3494,549.4,1473000.0
3495,549.5,1566000.0
3496,549.6,1657535.997
3497,549.7,1745000.0
3498,549.8,1826000.0
3499,549.9,1899000.0
3500,550.0,1960000.0
3501,550.1,2007000.0
3502,550.2,2039000.0
3503,550.3,2053000.0
3504,550.4,2047373.563
3505,550.5,2022000.0
3506,550.6,1977000.0
3507,550.7,1913000.0
3508,550.8,1832000.0
3509,550.9,1734000.0
3510,551.0,1623000.0
3511,551.1,1502000.0
3512,551.2,1374007.15
3513,551.3,1242000.0
3514,551.4,1109000.0
3515,551.5,978300.0
3516,551.6,852700.0
3517,551.7,734200.0
3518,551.8,624400.0
3519,551.9,524400.0
3520,552.0,435000.0
3521,552.1,356393.796
3522,552.2,288300.0
3523,552.3,230300.0
3524,552.4,181700.0
3525,552.5,141500.0
3526,552.6,108800.0
3527,552.7,82660.0
3528,552.8,61980.0
3529,552.9,45882.21
3530,553.0,33550.0
3531,553.1,24210.0
3532,553.2,17260.0
3533,553.3,12140.0
3534,553.4,8436.0
3535,553.5,5787.0
3536,553.6,3920.0
3537,553.7,2618.732
3538,553.8,1731.0
3539,553.9,1129.0
3540,554.0,726.6
3541,554.1,462.0
3542,554.2,290.1
3543,554.3,179.9
3544,554.4,110.3
3545,554.5,66.8
3546,554.6,39.848
3547,554.7,23.71
3548,554.8,13.92
3549,554.9,8.104
3550,555.0,4.69
3551,555.1,2.704
3552,555.2,1.559
3553,555.3,0.903
3554,555.4,0.525
3555,555.5,0.314
3556,555.6,0.19
3557,555.7,0.118
3558,555.8,0.075
3559,555.9,0.049
3560,556.0,0.032
3561,556.1,0.022
3562,556.2,0.015
3563,556.3,0.01
3564,556.4,0.007
3565,556.5,0.005
3566,556.6,0.003
3567,556.7,0.002
3568,556.8,0.001
3569,556.9,0.001
3570,557.0,0.001
3571,557.1,0.0
3572,557.2,0.0
3573,557.3,0.0
3574,557.4,0.0
3575,557.5,0.0
3576,557.6,0.0
3577,557.7,0.0
3578,557.8,0.0
3579,557.9,0.0
3580,558.0,0.0
3581,558.1,0.0
3582,558.2,0.0
3583,558.3,0.0
3584,558.4,0.0
3585,558.5,0.0
3586,558.6,0.0
3587,558.7,0.0
3588,558.8,0.0
3589,558.9,0.0
3590,559.0,0.0
3591,559.1,0.001
3592,559.2,0.001
3593,559.3,0.003
3594,559.4,0.005
3595,559.5,0.011
3596,559.6,0.02
3597,559.7,0.04
3598,559.8,0.075
3599,559.9,0.14
3600,560.0,0.258
3601,560.1,0.471
3602,560.2,0.847
3603,560.3,1.508
3604,560.4,2.637
3605,560.5,4.603
3606,560.6,7.897
3607,560.7,13.39
3608,560.8,22.41
3609,560.9,37.08
3610,561.0,60.61
3611,561.1,97.88
3612,561.2,155.804
3613,561.3,246.1
3614,561.4,383.3
3615,561.5,589.8
3616,561.6,896.5
3617,561.7,1346.0
3618,561.8,1998.0
3619,561.9,2929.0
3620,562.0,4243.0
3621,562.1,6070.602
3622,562.2,8589.0
3623,562.3,12000.0
3624,562.4,16570.0
3625,562.5,22620.0
3626,562.6,30500.0
3627,562.7,40640.0
3628,562.8,53520.0
3629,562.9,69685.221
3630,563.0,89660.0
3631,563.1,114000.0
3632,563.2,143400.0
3633,563.3,178400.0
3634,563.4,219300.0
3635,563.5,266800.0
3636,563.6,321100.0
3637,563.7,382351.562
3638,563.8,450600.0
3639,563.9,525800.0
3640,564.0,607700.0
3641,564.1,695900.0
3642,564.2,789700.0
3643,564.3,888800.0
3644,564.4,992300.0
3645,564.5,1100000.0
3646,564.6,1210345.401
3647,564.7,1323000.0
3648,564.8,1438000.0
3649,564.9,1555000.0
3650,565.0,1673000.0
3651,565.1,1791000.0
3652,565.2,1910000.0
3653,565.3,2029000.0
3654,565.4,2147404.428
3655,565.5,2264000.0
3656,565.6,2378000.0
3657,565.7,2490000.0
3658,565.8,2597000.0
3659,565.9,2698000.0
3660,566.0,2792000.0
3661,566.1,2879000.0
3662,566.2,2956101.739
3663,566.3,3023000.0
3664,566.4,3080000.0
3665,566.5,3126000.0
3666,566.6,3160000.0
3667,566.7,3184000.0
3668,566.8,3198000.0
3669,566.9,3202000.0
3670,567.0,3196000.0
3671,567.1,3182870.678
3672,567.2,3162000.0
3673,567.3,3133000.0
3674,567.4,3099000.0
3675,567.5,3058000.0
3676,567.6,3011000.0
3677,567.7,2959000.0
3678,567.8,2902000.0
3679,567.9,2839818.858
3680,568.0,2773000.0
3681,568.1,2702000.0
3682,568.2,2627000.0
3683,568.3,2550000.0
3684,568.4,2470000.0
3685,568.5,2389000.0
3686,568.6,2307000.0
3687,568.7,2225824.359
3688,568.8,2146000.0
3689,568.9,2068000.0
3690,569.0,1994000.0
3691,569.1,1925000.0
3692,569.2,1860000.0
3693,569.3,1801000.0
3694,569.4,1748000.0
3695,569.5,1702000.0
3696,569.6,1663862.727
3697,569.7,1633000.0
3698,569.8,1609000.0
3699,569.9,1593000.0
3700,570.0,1584000.0
3701,570.1,1580000.0
3702,570.2,1583000.0
3703,570.3,1590000.0
3704,570.4,1600168.365
3705,570.5,1613000.0
3706,570.6,1627000.0
3707,570.7,1639000.0
3708,570.8,1650000.0
3709,570.9,1658000.0
3710,571.0,1661000.0
3711,571.1,1658000.0
3712,571.2,1648862.291
3713,571.3,1633000.0
3714,571.4,1610000.0
3715,571.5,1580000.0
3716,571.6,1542000.0
3717,571.7,1499000.0
3718,571.8,1449000.0
3719,571.9,1396000.0
3720,572.0,1339000.0
3721,572.1,1281205.789
3722,572.2,1224000.0
3723,572.3,1168000.0
3724,572.4,1115000.0
3725,572.5,1068000.0
3726,572.6,1027000.0
3727,572.7,993700.0
3728,572.8,968700.0
3729,572.9,952326.536
3730,573.0,944600.0
3731,573.1,945200.0
3732,573.2,953000.0
3733,573.3,967000.0
3734,573.4,985500.0
3735,573.5,1007000.0
3736,573.6,1028000.0
3737,573.7,1048657.621
3738,573.8,1066000.0
3739,573.9,1077000.0
3740,574.0,1082000.0
3741,574.1,1079000.0
3742,574.2,1067000.0
3743,574.3,1046000.0
3744,574.4,1017000.0
3745,574.5,978700.0
3746,574.6,933545.451
3747,574.7,883200.0
3748,574.8,829000.0
3749,574.9,773100.0
3750,575.0,717900.0
3751,575.1,665700.0
3752,575.2,618800.0
3753,575.3,579600.0
3754,575.4,550458.651
3755,575.5,533300.0
3756,575.6,530000.0
3757,575.7,542500.0
3758,575.8,572100.0
3759,575.9,620000.0
3760,576.0,687000.0
3761,576.1,773700.0
3762,576.2,880124.981
3763,576.3,1006000.0
3764,576.4,1151000.0
3765,576.5,1314000.0
3766,576.6,1492000.0
3767,576.7,1685000.0
3768,576.8,1890000.0
3769,576.9,2103000.0
3770,577.0,2323000.0
3771,577.1,2545994.998
3772,577.2,2769000.0
3773,577.3,2989000.0
3774,577.4,3202000.0
3775,577.5,3407000.0
3776,577.6,3599000.0
3777,577.7,3777000.0
3778,577.8,3939000.0
3779,577.9,4083061.519
3780,578.0,4208000.0
3781,578.1,4313000.0
3782,578.2,4398000.0
3783,578.3,4463000.0
3784,578.4,4509000.0
3785,578.5,4537000.0
3786,578.6,4549000.0
3787,578.7,4547297.993
3788,578.8,4534000.0
3789,578.9,4512000.0
3790,579.0,4486000.0
3791,579.1,4457000.0
3792,579.2,4430000.0
3793,579.3,4407000.0
3794,579.4,4389000.0
3795,579.5,4379000.0
3796,579.6,4376014.129
3797,579.7,4380000.0
3798,579.8,4390000.0
3799,579.9,4401000.0
3800,580.0,4412000.0
3801,580.1,4417000.0
3802,580.2,4413000.0
3803,580.3,4394000.0
3804,580.4,4356296.251
3805,580.5,4296000.0
3806,580.6,4210000.0
3807,580.7,4098000.0
3808,580.8,3957000.0
3809,580.9,3790000.0
3810,581.0,3598000.0
3811,581.1,3383000.0
3812,581.2,3150975.855
3813,581.3,2906000.0
3814,581.4,2652000.0
3815,581.5,2395000.0
3816,581.6,2140000.0
3817,581.7,1891000.0
3818,581.8,1653000.0
3819,581.9,1430000.0
3820,582.0,1222000.0
3821,582.1,1033171.244
3822,582.2,864100.0
3823,582.3,714300.0
3824,582.4,583900.0
3825,582.5,471800.0
3826,582.6,377000.0
3827,582.7,297900.0
3828,582.8,232700.0
3829,582.9,179694.961
3830,583.0,137300.0
3831,583.1,103900.0
3832,583.2,77820.0
3833,583.3,57910.0
3834,583.4,42980.0
3835,583.5,32080.0
3836,583.6,24450.0
3837,583.7,19481.272
3838,583.8,16770.0
3839,583.9,16000.0
3840,584.0,17030.0
3841,584.1,19820.0
3842,584.2,24450.0
3843,584.3,31100.0
3844,584.4,40000.0
3845,584.5,51480.0
3846,584.6,65910.288
3847,584.7,83680.0
3848,584.8,105200.0
3849,584.9,130900.0
3850,585.0,161100.0
3851,585.1,196200.0
3852,585.2,236100.0
3853,585.3,281100.0
3854,585.4,330908.176
3855,585.5,385100.0
3856,585.6,443200.0
3857,585.7,504400.0
3858,585.8,567600.0
3859,585.9,631600.0
3860,586.0,694900.0
3861,586.1,756100.0
3862,586.2,813467.221
3863,586.3,865400.0
3864,586.4,910400.0
3865,586.5,947100.0
3866,586.6,974200.0
3867,586.7,991000.0
3868,586.8,997000.0
3869,586.9,991900.0
3870,587.0,976000.0
3871,587.1,949924.39
3872,587.2,914700.0
3873,587.3,871500.0
3874,587.4,821800.0
3875,587.5,767400.0
3876,587.6,709900.0
3877,587.7,651300.0
3878,587.8,593200.0
3879,587.9,537291.399
3880,588.0,485000.0
3881,588.1,437600.0
3882,588.2,396100.0
3883,588.3,361300.0
3884,588.4,333600.0
3885,588.5,313300.0
3886,588.6,300400.0
3887,588.7,294720.277
3888,588.8,295700.0
3889,588.9,302700.0
3890,589.0,315100.0
3891,589.1,332000.0
3892,589.2,352200.0
3893,589.3,374900.0
3894,589.4,398900.0
3895,589.5,423300.0
3896,589.6,447083.198
3897,589.7,469400.0
3898,589.8,489500.0
3899,589.9,506800.0
3900,590.0,520900.0
3901,590.1,531700.0
3902,590.2,539100.0
3903,590.3,543200.0
3904,590.4,544527.16
3905,590.5,543500.0
3906,590.6,540600.0
3907,590.7,536600.0
3908,590.8,531900.0
3909,590.9,527400.0
3910,591.0,523300.0
3911,591.1,520100.0
3912,591.2,518090.351
3913,591.3,517300.0
3914,591.4,517700.0
3915,591.5,519100.0
3916,591.6,521000.0
3917,591.7,523200.0
3918,591.8,525100.0
3919,591.9,526200.0
3920,592.0,526200.0
3921,592.1,524702.306
3922,592.2,521500.0
3923,592.3,516500.0
3924,592.4,509800.0
3925,592.5,501600.0
3926,592.6,492500.0
3927,592.7,482900.0
3928,592.8,473600.0
3929,592.9,465428.545
3930,593.0,459400.0
3931,593.1,456500.0
3932,593.2,457500.0
3933,593.3,463500.0
3934,593.4,475400.0
3935,593.5,494100.0
3936,593.6,520000.0
3937,593.7,553941.411
3938,593.8,596200.0
3939,593.9,646900.0
3940,594.0,706200.0
3941,594.1,773800.0
3942,594.2,849300.0
3943,594.3,932000.0
3944,594.4,1021000.0
3945,594.5,1115000.0
3946,594.6,1213656.346
3947,594.7,1315000.0
3948,594.8,1417000.0
3949,594.9,1519000.0
3950,595.0,1619000.0
3951,595.1,1715000.0
3952,595.2,1807000.0
3953,595.3,1892000.0
3954,595.4,1969603.861
3955,595.5,2039000.0
3956,595.6,2099000.0
3957,595.7,2149000.0
3958,595.8,2190000.0
3959,595.9,2221000.0
3960,596.0,2243000.0
3961,596.1,2255000.0
3962,596.2,2258742.152
3963,596.3,2255000.0
3964,596.4,2244000.0
3965,596.5,2226000.0
3966,596.6,2202000.0
3967,596.7,2173000.0
3968,596.8,2139000.0
3969,596.9,2101000.0
3970,597.0,2060000.0
3971,597.1,2014827.575
3972,597.2,1966000.0
3973,597.3,1914000.0
3974,597.4,1858000.0
3975,597.5,1800000.0
3976,597.6,1738000.0
3977,597.7,1672000.0
3978,597.8,1604000.0
3979,597.9,1531816.048
3980,598.0,1456000.0
3981,598.1,1378000.0
3982,598.2,1298000.0
3983,598.3,1215000.0
3984,598.4,1132000.0
3985,598.5,1049000.0
3986,598.6,967600.0
3987,598.7,888373.23
3988,598.8,812800.0
3989,598.9,742600.0
3990,599.0,679100.0
3991,599.1,623900.0
3992,599.2,578400.0
3993,599.3,544100.0
3994,599.4,522400.0
3995,599.5,514800.0
3996,599.6,522409.575
3997,599.7,546400.0
3998,599.8,587900.0
3999,599.9,647700.0
4000,600.0,726500.0
4001,600.1,824700.0
4002,600.2,942400.0
4003,600.3,1079000.0
4004,600.4,1234706.931
4005,600.5,1408000.0
4006,600.6,1597000.0
4007,600.7,1800000.0
4008,600.8,2014000.0
4009,600.9,2237000.0
4010,601.0,2464000.0
4011,601.1,2691000.0
4012,601.2,2914390.374
4013,601.3,3129000.0
4014,601.4,3330000.0
4015,601.5,3514000.0
4016,601.6,3674000.0
4017,601.7,3808000.0
4018,601.8,3912000.0
4019,601.9,3983000.0
4020,602.0,4019000.0
4021,602.1,4018279.058
4022,602.2,3981000.0
4023,602.3,3908000.0
4024,602.4,3801000.0
4025,602.5,3663000.0
4026,602.6,3498000.0
4027,602.7,3308000.0
4028,602.8,3099000.0
4029,602.9,2875685.121
4030,603.0,2643000.0
4031,603.1,2406000.0
4032,603.2,2169000.0
4033,603.3,1936000.0
4034,603.4,1712000.0
4035,603.5,1499000.0
4036,603.6,1299000.0
4037,603.7,1114606.969
4038,603.8,946900.0
4039,603.9,796400.0
4040,604.0,663100.0
4041,604.1,546600.0
4042,604.2,446000.0
4043,604.3,360200.0
4044,604.4,287900.0
4045,604.5,227800.0
4046,604.6,178408.848
4047,604.7,138300.0
4048,604.8,106100.0
4049,604.9,80550.0
4050,605.0,60540.0
4051,605.1,45050.0
4052,605.2,33210.0
4053,605.3,24280.0
4054,605.4,17630.09
4055,605.5,12790.0
4056,605.6,9349.0
4057,605.7,7001.0
4058,605.8,5526.0
4059,605.9,4770.0
4060,606.0,4643.0
4061,606.1,5108.0
4062,606.2,6174.866
4063,606.3,7919.0
4064,606.4,10440.0
4065,606.5,13890.0
4066,606.6,18490.0
4067,606.7,24480.0
4068,606.8,32160.0
4069,606.9,41880.0
4070,607.0,54040.0
4071,607.1,69064.382
4072,607.2,87420.0
4073,607.3,109600.0
4074,607.4,136100.0
4075,607.5,167300.0
4076,607.6,203800.0
4077,607.7,245800.0
4078,607.8,293800.0
4079,607.9,347759.414
4080,608.0,407700.0
4081,608.1,473600.0
4082,608.2,545000.0
4083,608.3,621300.0
4084,608.4,701800.0
4085,608.5,785400.0
4086,608.6,870900.0
4087,608.7,957049.203
4088,608.8,1042000.0
4089,608.9,1124000.0
4090,609.0,1202000.0
4091,609.1,1274000.0
4092,609.2,1338000.0
4093,609.3,1393000.0
4094,609.4,1438000.0
4095,609.5,1472000.0
4096,609.6,1493874.118
4097,609.7,1504000.0
4098,609.8,1503000.0
4099,609.9,1491000.0
4100,610.0,1469000.0
4101,610.1,1439000.0
4102,610.2,1402000.0
4103,610.3,1361000.0
4104,610.4,1318402.888
4105,610.5,1276000.0
4106,610.6,1236000.0
4107,610.7,1202000.0
4108,610.8,1176000.0
4109,610.9,1160000.0
4110,611.0,1155000.0
4111,611.1,1163000.0
4112,611.2,1184649.785
4113,611.3,1220000.0
4114,611.4,1269000.0
4115,611.5,1331000.0
4116,611.6,1404000.0
4117,611.7,1486000.0
4118,611.8,1575000.0
4119,611.9,1669000.0
4120,612.0,1764000.0
4121,612.1,1856683.443
4122,612.2,1944000.0
4123,612.3,2023000.0
4124,612.4,2091000.0
4125,612.5,2145000.0
4126,612.6,2183000.0
4127,612.7,2203000.0
4128,612.8,2205000.0
4129,612.9,2187123.368
4130,613.0,2150000.0
4131,613.1,2095000.0
4132,613.2,2023000.0
4133,613.3,1935000.0
4134,613.4,1834000.0
4135,613.5,1723000.0
4136,613.6,1603000.0
4137,613.7,1477185.052
4138,613.8,1349000.0
4139,613.9,1221000.0
4140,614.0,1094000.0
4141,614.1,971900.0
4142,614.2,855000.0
4143,614.3,745200.0
4144,614.4,643400.0
4145,614.5,550300.0
4146,614.6,466312.597
4147,614.7,391400.0
4148,614.8,325400.0
4149,614.9,268000.0
4150,615.0,218700.0
4151,615.1,176800.0
4152,615.2,141500.0
4153,615.3,112300.0
4154,615.4,88240.157
4155,615.5,68640.0
4156,615.6,52910.0
4157,615.7,40400.0
4158,615.8,30560.0
4159,615.9,22890.0
4160,616.0,16990.0
4161,616.1,12480.0
4162,616.2,9079.918
4163,616.3,6552.0
4164,616.4,4679.0
4165,616.5,3310.0
4166,616.6,2319.0
4167,616.7,1609.0
4168,616.8,1106.0
4169,616.9,753.0
4170,617.0,508.3
4171,617.1,340.082
4172,617.2,227.1
4173,617.3,152.0
4174,617.4,103.9
4175,617.5,75.31
4176,617.6,61.59
4177,617.7,60.37
4178,617.8,71.34
4179,617.9,95.964
4180,618.0,138.4
4181,618.1,204.3
4182,618.2,303.2
4183,618.3,448.2
4184,618.4,657.7
4185,618.5,956.3
4186,618.6,1377.0
4187,618.7,1962.599
4188,618.8,2773.0
4189,618.9,3877.0
4190,619.0,5366.0
4191,619.1,7353.0
4192,619.2,9976.0
4193,619.3,13400.0
4194,619.4,17820.0
4195,619.5,23460.0
4196,619.6,30574.608
4197,619.7,39460.0
4198,619.8,50420.0
4199,619.9,63770.0
4200,620.0,79870.0
4201,620.1,99030.0
4202,620.2,121600.0
4203,620.3,147700.0
4204,620.4,177740.524
4205,620.5,211800.0
4206,620.6,249800.0
4207,620.7,291600.0
4208,620.8,337200.0
4209,620.9,385900.0
4210,621.0,437300.0
4211,621.1,490600.0
4212,621.2,544956.541
4213,621.3,599300.0
4214,621.4,652500.0
4215,621.5,703400.0
4216,621.6,750700.0
4217,621.7,793300.0
4218,621.8,830100.0
4219,621.9,860000.0
4220,622.0,882300.0
4221,622.1,896417.715
4222,622.2,902100.0
4223,622.3,899300.0
4224,622.4,888400.0
4225,622.5,869900.0
4226,622.6,844900.0
4227,622.7,814500.0
4228,622.8,780400.0
4229,622.9,744279.948
4230,623.0,708100.0
4231,623.1,674000.0
4232,623.2,644400.0
4233,623.3,621600.0
4234,623.4,608200.0
4235,623.5,606600.0
4236,623.6,619400.0
4237,623.7,649115.696
4238,623.8,698100.0
4239,623.9,768600.0
4240,624.0,862600.0
4241,624.1,981800.0
4242,624.2,1127000.0
4243,624.3,1300000.0
4244,624.4,1501000.0
4245,624.5,1728000.0
4246,624.6,1980851.673
4247,624.7,2257000.0
4248,624.8,2553000.0
4249,624.9,2865000.0
4250,625.0,3188000.0
4251,625.1,3515000.0
4252,625.2,3841000.0
4253,625.3,4158000.0
4254,625.4,4458793.418
4255,625.5,4736000.0
4256,625.6,4982000.0
4257,625.7,5190000.0
4258,625.8,5356000.0
4259,625.9,5473000.0
4260,626.0,5539000.0
4261,626.1,5551000.0
4262,626.2,5510144.98
4263,626.3,5417000.0
4264,626.4,5273000.0
4265,626.5,5084000.0
4266,626.6,4854000.0
4267,626.7,4590000.0
4268,626.8,4299000.0
4269,626.9,3987000.0
4270,627.0,3662000.0
4271,627.1,3330543.765
4272,627.2,3000000.0
4273,627.3,2677000.0
4274,627.4,2365000.0
4275,627.5,2070000.0
4276,627.6,1794000.0
4277,627.7,1539000.0
4278,627.8,1309000.0
4279,627.9,1102114.227
4280,628.0,918400.0
4281,628.1,758300.0
4282,628.2,620100.0
4283,628.3,502200.0
4284,628.4,402800.0
4285,628.5,320000.0
4286,628.6,251800.0
4287,628.7,196198.458
4288,628.8,151400.0
4289,628.9,115700.0
4290,629.0,87570.0
4291,629.1,65650.0
4292,629.2,48740.0
4293,629.3,35840.0
4294,629.4,26100.0
4295,629.5,18820.0
4296,629.6,13436.536
4297,629.7,9513.0
4298,629.8,6666.0
4299,629.9,4625.0
4300,630.0,3179.0
4301,630.1,2164.0
4302,630.2,1459.0
4303,630.3,973.9
4304,630.4,642.947
4305,630.5,421.7
4306,630.6,273.5
4307,630.7,175.7
4308,630.8,111.8
4309,630.9,70.43
4310,631.0,43.95
4311,631.1,27.16
4312,631.2,16.571
4313,631.3,10.08
4314,631.4,6.051
4315,631.5,3.598
4316,631.6,2.119
4317,631.7,1.236
4318,631.8,0.714
4319,631.9,0.408
4320,632.0,0.231
4321,632.1,0.129
4322,632.2,0.072
4323,632.3,0.04
4324,632.4,0.022
4325,632.5,0.012
4326,632.6,0.006
4327,632.7,0.003
4328,632.8,0.002
4329,632.9,0.001
4330,633.0,0.0
4331,633.1,0.0
4332,633.2,0.0
4333,633.3,0.0
4334,633.4,0.0
4335,633.5,0.0
4336,633.6,0.0
4337,633.7,0.0
4338,633.8,0.0
4339,633.9,0.0
4340,634.0,0.0
4341,634.1,0.0
4342,634.2,0.0
4343,634.3,0.0
4344,634.4,0.0
4345,634.5,0.0
4346,634.6,0.0
4347,634.7,0.0
4348,634.8,0.0
4349,634.9,0.0
4350,635.0,0.0
4351,635.1,0.0
4352,635.2,0.0
4353,635.3,0.0
4354,635.4,0.0
4355,635.5,0.0
4356,635.6,0.0
4357,635.7,0.0
4358,635.8,0.0
4359,635.9,0.0
4360,636.0,0.0
4361,636.1,0.0
4362,636.2,0.0
4363,636.3,0.0
4364,636.4,0.0
4365,636.5,0.0
4366,636.6,0.0
4367,636.7,0.0
4368,636.8,0.0
4369,636.9,0.0
4370,637.0,0.0
4371,637.1,0.0
4372,637.2,0.0
4373,637.3,0.0
4374,637.4,0.0
4375,637.5,0.0
4376,637.6,0.0
4377,637.7,0.0
4378,637.8,0.0
4379,637.9,0.0
4380,638.0,0.0
4381,638.1,0.0
4382,638.2,0.0
4383,638.3,0.0
4384,638.4,0.0
4385,638.5,0.0
4386,638.6,0.0
4387,638.7,0.0
4388,638.8,0.0
4389,638.9,0.0
4390,639.0,0.0
4391,639.1,0.0
4392,639.2,0.0
4393,639.3,0.0
4394,639.4,0.0
4395,639.5,0.0
4396,639.6,0.0
4397,639.7,0.0
4398,639.8,0.0
4399,639.9,0.0
4400,640.0,0.0
4401,640.1,0.0
4402,640.2,0.0
4403,640.3,0.001
4404,640.4,0.001
4405,640.5,0.003
4406,640.6,0.005
4407,640.7,0.008
4408,640.8,0.013
4409,640.9,0.022
4410,641.0,0.037
4411,641.1,0.062
4412,641.2,0.101
4413,641.3,0.164
4414,641.4,0.263
4415,641.5,0.419
4416,641.6,0.662
4417,641.7,1.036
4418,641.8,1.605
4419,641.9,2.464
4420,642.0,3.749
4421,642.1,5.642
4422,642.2,8.438
4423,642.3,12.49
4424,642.4,18.31
4425,642.5,26.59
4426,642.6,38.27
4427,642.7,54.57
4428,642.8,77.09
4429,642.9,107.908
4430,643.0,149.7
4431,643.1,205.6
4432,643.2,280.0
4433,643.3,377.7
4434,643.4,504.8
4435,643.5,668.4
4436,643.6,877.0
4437,643.7,1139.636
4438,643.8,1468.0
4439,643.9,1874.0
4440,644.0,2369.0
4441,644.1,2968.0
4442,644.2,3683.0
4443,644.3,4529.0
4444,644.4,5519.0
4445,644.5,6662.0
4446,644.6,7967.739
4447,644.7,9443.0
4448,644.8,11090.0
4449,644.9,12900.0
4450,645.0,14870.0
4451,645.1,16980.0
4452,645.2,19210.0
4453,645.3,21540.0
4454,645.4,23921.926
4455,645.5,26320.0
4456,645.6,28700.0
4457,645.7,31010.0
4458,645.8,33190.0
4459,645.9,35200.0
4460,646.0,36990.0
4461,646.1,38510.0
4462,646.2,39719.551
4463,646.3,40590.0
4464,646.4,41100.0
4465,646.5,41240.0
4466,646.6,40990.0
4467,646.7,40370.0
4468,646.8,39390.0
4469,646.9,38080.0
4470,647.0,36480.0
4471,647.1,34618.984
4472,647.2,32550.0
4473,647.3,30330.0
4474,647.4,28000.0
4475,647.5,25600.0
4476,647.6,23200.0
4477,647.7,20830.0
4478,647.8,18530.0
4479,647.9,16331.11
4480,648.0,14260.0
4481,648.1,12340.0
4482,648.2,10580.0
4483,648.3,8983.0
4484,648.4,7559.0
4485,648.5,6302.0
4486,648.6,5206.0
4487,648.7,4261.959
4488,648.8,3457.0
4489,648.9,2778.0
4490,649.0,2213.0
4491,649.1,1748.0
4492,649.2,1370.0
4493,649.3,1067.0
4494,649.4,826.9
4495,649.5,641.5
4496,649.6,502.185
4497,649.7,402.7
4498,649.8,338.0
4499,649.9,305.2
4500,650.0,303.3
4501,650.1,333.0
4502,650.2,397.2
4503,650.3,501.3
4504,650.4,652.453
4505,650.5,861.8
4506,650.6,1142.0
4507,650.7,1509.0
4508,650.8,1984.0
4509,650.9,2590.0
4510,651.0,3353.0
4511,651.1,4306.0
4512,651.2,5482.261
4513,651.3,6920.0
4514,651.4,8659.0
4515,651.5,10740.0
4516,651.6,13210.0
4517,651.7,16120.0
4518,651.8,19490.0
4519,651.9,23390.0
4520,652.0,27830.0
4521,652.1,32855.09
4522,652.2,38490.0
4523,652.3,44750.0
4524,652.4,51650.0
4525,652.5,59200.0
4526,652.6,67400.0
4527,652.7,76260.0
4528,652.8,85760.0
4529,652.9,95897.001
4530,653.0,106700.0
4531,653.1,118200.0
4532,653.2,130400.0
4533,653.3,143300.0
4534,653.4,157000.0
4535,653.5,171500.0
4536,653.6,186900.0
4537,653.7,203281.949
4538,653.8,220700.0
4539,653.9,239200.0
4540,654.0,258800.0
4541,654.1,279500.0
4542,654.2,301300.0
4543,654.3,324000.0
4544,654.4,347600.0
4545,654.5,371800.0
4546,654.6,396325.616
4547,654.7,420800.0
4548,654.8,444800.0
4549,654.9,467900.0
4550,655.0,489700.0
4551,655.1,509500.0
4552,655.2,526900.0
4553,655.3,541400.0
4554,655.4,552478.761
4555,655.5,559800.0
4556,655.6,563100.0
4557,655.7,562200.0
4558,655.8,556900.0
4559,655.9,547200.0
4560,656.0,533500.0
4561,656.1,515800.0
4562,656.2,494525.111
4563,656.3,470200.0
4564,656.4,443300.0
4565,656.5,414300.0
4566,656.6,384000.0
4567,656.7,352700.0
4568,656.8,321200.0
4569,656.9,290000.0
4570,657.0,259500.0
4571,657.1,230190.55
4572,657.2,202400.0
4573,657.3,176400.0
4574,657.4,152400.0
4575,657.5,130500.0
4576,657.6,110800.0
4577,657.7,93170.0
4578,657.8,77680.0
4579,657.9,64194.897
4580,658.0,52570.0
4581,658.1,42670.0
4582,658.2,34330.0
4583,658.3,27380.0
4584,658.4,21640.0
4585,658.5,16950.0
4586,658.6,13160.0
4587,658.7,10124.792
4588,658.8,7721.0
4589,658.9,5835.0
4590,659.0,4371.0
4591,659.1,3245.0
4592,659.2,2388.0
4593,659.3,1742.0
4594,659.4,1259.0
4595,659.5,901.8
4596,659.6,639.86
4597,659.7,450.5
4598,659.8,314.2
4599,659.9,217.2
4600,660.0,148.8
4601,660.1,101.0
4602,660.2,67.98
4603,660.3,45.34
4604,660.4,29.92
4605,660.5,19.63
4606,660.6,12.75
4607,660.7,8.202
4608,660.8,5.231
4609,660.9,3.306
4610,661.0,2.071
4611,661.1,1.286
4612,661.2,0.789
4613,661.3,0.483
4614,661.4,0.292
4615,661.5,0.175
4616,661.6,0.104
4617,661.7,0.061
4618,661.8,0.036
4619,661.9,0.021
4620,662.0,0.012
4621,662.1,0.007
4622,662.2,0.004
4623,662.3,0.003
4624,662.4,0.002
4625,662.5,0.002
4626,662.6,0.002
4627,662.7,0.003
4628,662.8,0.004
4629,662.9,0.006
4630,663.0,0.008
4631,663.1,0.011
4632,663.2,0.016
4633,663.3,0.022
4634,663.4,0.03
4635,663.5,0.041
4636,663.6,0.055
4637,663.7,0.073
4638,663.8,0.097
4639,663.9,0.128
4640,664.0,0.167
4641,664.1,0.216
4642,664.2,0.277
4643,664.3,0.352
4644,664.4,0.443
4645,664.5,0.553
4646,664.6,0.684
4647,664.7,0.839
4648,664.8,1.021
4649,664.9,1.231
4650,665.0,1.472
4651,665.1,1.744
4652,665.2,2.049
4653,665.3,2.386
4654,665.4,2.754
4655,665.5,3.152
4656,665.6,3.576
4657,665.7,4.022
4658,665.8,4.484
4659,665.9,4.956
4660,666.0,5.43
4661,666.1,5.898
4662,666.2,6.351
4663,666.3,6.779
4664,666.4,7.174
4665,666.5,7.526
4666,666.6,7.826
4667,666.7,8.069
4668,666.8,8.246
4669,666.9,8.354
4670,667.0,8.391
4671,667.1,8.354
4672,667.2,8.246
4673,667.3,8.069
4674,667.4,7.827
4675,667.5,7.526
4676,667.6,7.174
4677,667.7,6.78
4678,667.8,6.352
4679,667.9,5.899
4680,668.0,5.432
4681,668.1,4.96
4682,668.2,4.49
4683,668.3,4.033
4684,668.4,3.595
4685,668.5,3.184
4686,668.6,2.807
4687,668.7,2.473
4688,668.8,2.192
4689,668.9,1.975
4690,669.0,1.842
4691,669.1,1.821
4692,669.2,1.951
4693,669.3,2.293
4694,669.4,2.937
4695,669.5,4.016
4696,669.6,5.713
4697,669.7,8.325
4698,669.8,12.22
4699,669.9,17.96
4700,670.0,26.31
4701,670.1,38.3
4702,670.2,55.37
4703,670.3,79.44
4704,670.4,112.97
4705,670.5,159.5
4706,670.6,223.2
4707,670.7,309.8
4708,670.8,426.2
4709,670.9,581.5
4710,671.0,786.6
4711,671.1,1055.0
4712,671.2,1402.717
4713,671.3,1850.0
4714,671.4,2419.0
4715,671.5,3136.0
4716,671.6,4031.0
4717,671.7,5138.0
4718,671.8,6493.0
4719,671.9,8135.0
4720,672.0,10110.0
4721,672.1,12453.592
4722,672.2,15210.0
4723,672.3,18420.0
4724,672.4,22110.0
4725,672.5,26330.0
4726,672.6,31080.0
4727,672.7,36380.0
4728,672.8,42230.0
4729,672.9,48600.615
4730,673.0,55450.0
4731,673.1,62730.0
4732,673.2,70370.0
4733,673.3,78270.0
4734,673.4,86310.0
4735,673.5,94380.0
4736,673.6,102300.0
4737,673.7,110028.424
4738,673.8,117300.0
4739,673.9,123900.0
4740,674.0,129900.0
4741,674.1,134900.0
4742,674.2,139000.0
4743,674.3,142000.0
4744,674.4,143800.0
4745,674.5,144400.0
4746,674.6,143801.347
4747,674.7,142000.0
4748,674.8,139000.0
4749,674.9,134900.0
4750,675.0,129900.0
4751,675.1,123900.0
4752,675.2,117300.0
4753,675.3,110000.0
4754,675.4,102308.594
4755,675.5,94380.0
4756,675.6,86310.0
4757,675.7,78270.0
4758,675.8,70370.0
4759,675.9,62730.0
4760,676.0,55450.0
4761,676.1,48590.0
4762,676.2,42222.829
4763,676.3,36380.0
4764,676.4,31080.0
4765,676.5,26330.0
4766,676.6,22110.0
4767,676.7,18420.0
4768,676.8,15210.0
4769,676.9,12450.0
4770,677.0,10110.0
4771,677.1,8137.831
4772,677.2,6493.0
4773,677.3,5138.0
4774,677.4,4031.0
4775,677.5,3136.0
4776,677.6,2419.0
4777,677.7,1850.0
4778,677.8,1403.0
4779,677.9,1054.794
4780,678.0,786.6
4781,678.1,581.5
4782,678.2,426.2
4783,678.3,309.8
4784,678.4,223.2
4785,678.5,159.5
4786,678.6,113.0
4787,678.7,79.317
4788,678.8,55.28
4789,678.9,38.17
4790,679.0,26.14
4791,679.1,17.75
4792,679.2,11.95
4793,679.3,7.974
4794,679.4,5.278
4795,679.5,3.464
4796,679.6,2.251
4797,679.7,1.458
4798,679.8,0.938
4799,679.9,0.603
4800,680.0,0.394
4801,680.1,0.269
4802,680.2,0.206
4803,680.3,0.191
4804,680.4,0.221
4805,680.5,0.305
4806,680.6,0.456
4807,680.7,0.707
4808,680.8,1.104
4809,680.9,1.722
4810,681.0,2.669
4811,681.1,4.107
4812,681.2,6.262
4813,681.3,9.496
4814,681.4,14.26
4815,681.5,21.25
4816,681.6,31.4
4817,681.7,46.02
4818,681.8,66.89
4819,681.9,96.43
4820,682.0,137.9
4821,682.1,195.433
4822,682.2,275.0
4823,682.3,383.6
4824,682.4,530.8
4825,682.5,728.4
4826,682.6,991.4
4827,682.7,1338.0
4828,682.8,1792.0
4829,682.9,2378.767
4830,683.0,3133.0
4831,683.1,4093.0
4832,683.2,5303.0
4833,683.3,6814.0
4834,683.4,8683.0
4835,683.5,10980.0
4836,683.6,13760.0
4837,683.7,17110.042
4838,683.8,21100.0
4839,683.9,25800.0
4840,684.0,31300.0
4841,684.1,37660.0
4842,684.2,44940.0
4843,684.3,53190.0
4844,684.4,62440.0
4845,684.5,72690.0
4846,684.6,83932.894
4847,684.7,96130.0
4848,684.8,109200.0
4849,684.9,123000.0
4850,685.0,137500.0
4851,685.1,152300.0
4852,685.2,167400.0
4853,685.3,182500.0
4854,685.4,197308.027
4855,685.5,211600.0
4856,685.6,225100.0
4857,685.7,237400.0
4858,685.8,248400.0
4859,685.9,257800.0
4860,686.0,265300.0
4861,686.1,270800.0
4862,686.2,274151.715
4863,686.3,275300.0
4864,686.4,274200.0
4865,686.5,270800.0
4866,686.6,265300.0
4867,686.7,257800.0
4868,686.8,248400.0
4869,686.9,237400.0
4870,687.0,225100.0
4871,687.1,211619.552
4872,687.2,197300.0
4873,687.3,182500.0
4874,687.4,167400.0
4875,687.5,152300.0
4876,687.6,137500.0
4877,687.7,123000.0
4878,687.8,109200.0
4879,687.9,96149.589
4880,688.0,83940.0
4881,688.1,72690.0
4882,688.2,62440.0
4883,688.3,53190.0
4884,688.4,44940.0
4885,688.5,37660.0
4886,688.6,31300.0
4887,688.7,25804.264
4888,688.8,21100.0
4889,688.9,17110.0
4890,689.0,13760.0
4891,689.1,10980.0
4892,689.2,8683.0
4893,689.3,6814.0
4894,689.4,5303.0
4895,689.5,4093.0
4896,689.6,3132.707
4897,689.7,2379.0
4898,689.8,1792.0
4899,689.9,1338.0
4900,690.0,991.4
4901,690.1,728.4
4902,690.2,530.8
4903,690.3,383.6
4904,690.4,274.807
4905,690.5,195.5
4906,690.6,137.9
4907,690.7,96.43
4908,690.8,66.89
4909,690.9,46.02
4910,691.0,31.4
4911,691.1,21.25
4912,691.2,14.245
4913,691.3,9.495
4914,691.4,6.269
4915,691.5,4.106
4916,691.6,2.667
4917,691.7,1.718
4918,691.8,1.098
4919,691.9,0.696
4920,692.0,0.437
4921,692.1,0.272
4922,692.2,0.169
4923,692.3,0.103
4924,692.4,0.063
4925,692.5,0.038
4926,692.6,0.023
4927,692.7,0.013
4928,692.8,0.008
4929,692.9,0.005
4930,693.0,0.003
4931,693.1,0.002
4932,693.2,0.001
4933,693.3,0.0
4934,693.4,0.0
4935,693.5,0.0
4936,693.6,0.0
4937,693.7,0.0
4938,693.8,0.0
4939,693.9,0.0
4940,694.0,0.0
4941,694.1,0.0
4942,694.2,0.0
4943,694.3,0.0
4944,694.4,0.0
4945,694.5,0.0
4946,694.6,0.0
4947,694.7,0.0
4948,694.8,0.0
4949,694.9,0.0
4950,695.0,0.0
4951,695.1,0.0
4952,695.2,0.0
4953,695.3,0.0
4954,695.4,0.0
4955,695.5,0.0
4956,695.6,0.0
4957,695.7,0.0
4958,695.8,0.0
4959,695.9,0.0
4960,696.0,0.0
4961,696.1,0.0
4962,696.2,0.0
4963,696.3,0.0
4964,696.4,0.0
4965,696.5,0.0
4966,696.6,0.0
4967,696.7,0.001
4968,696.8,0.001
4969,696.9,0.001
4970,697.0,0.002
4971,697.1,0.003
4972,697.2,0.004
4973,697.3,0.005
4974,697.4,0.007
4975,697.5,0.01
4976,697.6,0.014
4977,697.7,0.02
4978,697.8,0.027
4979,697.9,0.037
4980,698.0,0.049
4981,698.1,0.065
4982,698.2,0.086
4983,698.3,0.113
4984,698.4,0.147
4985,698.5,0.19
4986,698.6,0.244
4987,698.7,0.31
4988,698.8,0.391
4989,698.9,0.489
4990,699.0,0.607
4991,699.1,0.748
4992,699.2,0.914
4993,699.3,1.108
4994,699.4,1.333
4995,699.5,1.591
4996,699.6,1.884
4997,699.7,2.213
4998,699.8,2.58
4999,699.9,2.984
5000,700.0,3.424
5001,700.1,3.899
5002,700.2,4.404
5003,700.3,4.936
5004,700.4,5.489
5005,700.5,6.055
5006,700.6,6.628
5007,700.7,7.199
5008,700.8,7.757
5009,700.9,8.293
5010,701.0,8.797
5011,701.1,9.259
5012,701.2,9.67
5013,701.3,10.02
5014,701.4,10.3
5015,701.5,10.5
5016,701.6,10.62
5017,701.7,10.67
5018,701.8,10.62
5019,701.9,10.5
5020,702.0,10.3
5021,702.1,10.019
5022,702.2,9.668
5023,702.3,9.259
5024,702.4,8.798
5025,702.5,8.294
5026,702.6,7.759
5027,702.7,7.201
5028,702.8,6.631
5029,702.9,6.06
5030,703.0,5.495
5031,703.1,4.945
5032,703.2,4.416
5033,703.3,3.916
5034,703.4,3.448
5035,703.5,3.016
5036,703.6,2.624
5037,703.7,2.273
5038,703.8,1.963
5039,703.9,1.695
5040,704.0,1.471
5041,704.1,1.288
5042,704.2,1.147
5043,704.3,1.048
5044,704.4,0.99
5045,704.5,0.973
5046,704.6,1.0
5047,704.7,1.069
5048,704.8,1.183
5049,704.9,1.343
5050,705.0,1.551
5051,705.1,1.81
5052,705.2,2.121
5053,705.3,2.487
5054,705.4,2.909
5055,705.5,3.388
5056,705.6,3.924
5057,705.7,4.516
5058,705.8,5.163
5059,705.9,5.86
5060,706.0,6.602
5061,706.1,7.383
5062,706.2,8.194
5063,706.3,9.024
5064,706.4,9.862
5065,706.5,10.7
5066,706.6,11.51
5067,706.7,12.29
5068,706.8,13.03
5069,706.9,13.7
5070,707.0,14.29
5071,707.1,14.801
5072,707.2,15.21
5073,707.3,15.5
5074,707.4,15.69
5075,707.5,15.75
5076,707.6,15.69
5077,707.7,15.51
5078,707.8,15.22
5079,707.9,14.816
5080,708.0,14.32
5081,708.1,13.75
5082,708.2,13.1
5083,708.3,12.41
5084,708.4,11.7
5085,708.5,11.0
5086,708.6,10.33
5087,708.7,9.743
5088,708.8,9.3
5089,708.9,9.067
5090,709.0,9.147
5091,709.1,9.676
5092,709.2,10.84
5093,709.3,12.9
5094,709.4,16.22
5095,709.5,21.27
5096,709.6,28.707
5097,709.7,39.49
5098,709.8,54.75
5099,709.9,76.09
5100,710.0,105.6
5101,710.1,146.0
5102,710.2,200.8
5103,710.3,274.4
5104,710.4,372.349
5105,710.5,502.0
5106,710.6,671.7
5107,710.7,892.2
5108,710.8,1176.0
5109,710.9,1539.0
5110,711.0,1999.0
5111,711.1,2576.0
5112,711.2,3295.611
5113,711.3,4185.0
5114,711.4,5273.0
5115,711.5,6595.0
5116,711.6,8186.0
5117,711.7,10080.0
5118,711.8,12330.0
5119,711.9,14960.0
5120,712.0,18020.0
5121,712.1,21540.156
5122,712.2,25550.0
5123,712.3,30080.0
5124,712.4,35150.0
5125,712.5,40760.0
5126,712.6,46920.0
5127,712.7,53600.0
5128,712.8,60780.0
5129,712.9,68403.077
5130,713.0,76400.0
5131,713.1,84700.0
5132,713.2,93210.0
5133,713.3,101800.0
5134,713.4,110400.0
5135,713.5,118800.0
5136,713.6,126900.0
5137,713.7,134615.993
5138,713.8,141800.0
5139,713.9,148300.0
5140,714.0,154000.0
5141,714.1,158800.0
5142,714.2,162700.0
5143,714.3,165600.0
5144,714.4,167600.0
5145,714.5,168600.0
5146,714.6,168695.005
5147,714.7,168000.0
5148,714.8,166600.0
5149,714.9,164600.0
5150,715.0,162300.0
5151,715.1,159700.0
5152,715.2,157100.0
5153,715.3,154600.0
5154,715.4,152389.627
5155,715.5,150700.0
5156,715.6,149700.0
5157,715.7,149400.0
5158,715.8,150000.0
5159,715.9,151500.0
5160,716.0,154000.0
5161,716.1,157300.0
5162,716.2,161591.9
5163,716.3,166700.0
5164,716.4,172400.0
5165,716.5,178700.0
5166,716.6,185300.0
5167,716.7,192000.0
5168,716.8,198800.0
5169,716.9,205300.0
5170,717.0,211300.0
5171,717.1,216798.962
5172,717.2,221600.0
5173,717.3,225500.0
5174,717.4,228500.0
5175,717.5,230600.0
5176,717.6,231800.0
5177,717.7,232200.0
5178,717.8,232000.0
5179,717.9,231372.251
5180,718.0,230600.0
5181,718.1,230000.0
5182,718.2,229900.0
5183,718.3,230700.0
5184,718.4,232900.0
5185,718.5,236900.0
5186,718.6,243200.0
5187,718.7,252268.67
5188,718.8,264500.0
5189,718.9,280300.0
5190,719.0,300100.0
5191,719.1,324100.0
5192,719.2,352600.0
5193,719.3,385600.0
5194,719.4,423300.0
5195,719.5,465600.0
5196,719.6,512179.712
5197,719.7,562800.0
5198,719.8,617100.0
5199,719.9,674300.0
5200,720.0,734000.0
5201,720.1,795200.0
5202,720.2,857100.0
5203,720.3,918900.0
5204,720.4,979601.511
5205,720.5,1038000.0
5206,720.6,1093000.0
5207,720.7,1144000.0
5208,720.8,1190000.0
5209,720.9,1230000.0
5210,721.0,1264000.0
5211,721.1,1290000.0
5212,721.2,1308590.214
5213,721.3,1320000.0
5214,721.4,1324000.0
5215,721.5,1320000.0
5216,721.6,1308000.0
5217,721.7,1289000.0
5218,721.8,1265000.0
5219,721.9,1234000.0
5220,722.0,1199000.0
5221,722.1,1160420.24
5222,722.2,1119000.0
5223,722.3,1076000.0
5224,722.4,1033000.0
5225,722.5,990800.0
5226,722.6,950000.0
5227,722.7,912000.0
5228,722.8,877700.0
5229,722.9,847858.381
5230,723.0,823100.0
5231,723.1,804000.0
5232,723.2,791000.0
5233,723.3,784200.0
5234,723.4,783700.0
5235,723.5,789400.0
5236,723.6,801000.0
5237,723.7,817963.531
5238,723.8,839800.0
5239,723.9,865900.0
5240,724.0,895200.0
5241,724.1,926900.0
5242,724.2,960000.0
5243,724.3,993500.0
5244,724.4,1026000.0
5245,724.5,1057000.0
5246,724.6,1085598.964
5247,724.7,1111000.0
5248,724.8,1132000.0
5249,724.9,1147000.0
5250,725.0,1158000.0
5251,725.1,1162000.0
5252,725.2,1160000.0
5253,725.3,1152000.0
5254,725.4,1137537.791
5255,725.5,1117000.0
5256,725.6,1091000.0
5257,725.7,1060000.0
5258,725.8,1024000.0
5259,725.9,984100.0
5260,726.0,941200.0
5261,726.1,895800.0
5262,726.2,848623.585
5263,726.3,800400.0
5264,726.4,751800.0
5265,726.5,703400.0
5266,726.6,655900.0
5267,726.7,609700.0
5268,726.8,565100.0
5269,726.9,522600.0
5270,727.0,482300.0
5271,727.1,444426.868
5272,727.2,409000.0
5273,727.3,376000.0
5274,727.4,345500.0
5275,727.5,317400.0
5276,727.6,291500.0
5277,727.7,267700.0
5278,727.8,245800.0
5279,727.9,225623.839
5280,728.0,207100.0
5281,728.1,190100.0
5282,728.2,174300.0
5283,728.3,159700.0
5284,728.4,146100.0
5285,728.5,133500.0
5286,728.6,121700.0
5287,728.7,110621.722
5288,728.8,100300.0
5289,728.9,90730.0
5290,729.0,81750.0
5291,729.1,73380.0
5292,729.2,65600.0
5293,729.3,58400.0
5294,729.4,51750.0
5295,729.5,45640.0
5296,729.6,40051.829
5297,729.7,34970.0
5298,729.8,30380.0
5299,729.9,26260.0
5300,730.0,22580.0
5301,730.1,19330.0
5302,730.2,16480.0
5303,730.3,14010.0
5304,730.4,11892.716
5305,730.5,10110.0
5306,730.6,8646.0
5307,730.7,7482.0
5308,730.8,6605.0
5309,730.9,6011.0
5310,731.0,5697.0
5311,731.1,5668.0
5312,731.2,5935.347
5313,731.3,6520.0
5314,731.4,7447.0
5315,731.5,8752.0
5316,731.6,10480.0
5317,731.7,12670.0
5318,731.8,15400.0
5319,731.9,18720.0
5320,732.0,22710.0
5321,732.1,27438.197
5322,732.2,32980.0
5323,732.3,39420.0
5324,732.4,46850.0
5325,732.5,55320.0
5326,732.6,64910.0
5327,732.7,75680.0
5328,732.8,87680.0
5329,732.9,100902.502
5330,733.0,115400.0
5331,733.1,131200.0
5332,733.2,148200.0
5333,733.3,166400.0
5334,733.4,185700.0
5335,733.5,206100.0
5336,733.6,227300.0
5337,733.7,249264.617
5338,733.8,271800.0
5339,733.9,294700.0
5340,734.0,317900.0
5341,734.1,341100.0
5342,734.2,364100.0
5343,734.3,386800.0
5344,734.4,408800.0
5345,734.5,430100.0
5346,734.6,450414.622
5347,734.7,469500.0
5348,734.8,487200.0
5349,734.9,503500.0
5350,735.0,518200.0
5351,735.1,531000.0
5352,735.2,542000.0
5353,735.3,551000.0
5354,735.4,557880.174
5355,735.5,562600.0
5356,735.6,565100.0
5357,735.7,565300.0
5358,735.8,563300.0
5359,735.9,558900.0
5360,736.0,552300.0
5361,736.1,543500.0
5362,736.2,532456.815
5363,736.3,519300.0
5364,736.4,504200.0
5365,736.5,487300.0
5366,736.6,468700.0
5367,736.7,448600.0
5368,736.8,427200.0
5369,736.9,404800.0
5370,737.0,381600.0
5371,737.1,357790.376
5372,737.2,333600.0
5373,737.3,309300.0
5374,737.4,285200.0
5375,737.5,261400.0
5376,737.6,238300.0
5377,737.7,215900.0
5378,737.8,194500.0
5379,737.9,174119.25
5380,738.0,154900.0
5381,738.1,137000.0
5382,738.2,120400.0
5383,738.3,105100.0
5384,738.4,91200.0
5385,738.5,78630.0
5386,738.6,67360.0
5387,738.7,57332.974
5388,738.8,48480.0
5389,738.9,40730.0
5390,739.0,34000.0
5391,739.1,28200.0
5392,739.2,23240.0
5393,739.3,19030.0
5394,739.4,15490.0
5395,739.5,12540.0
5396,739.6,10102.711
5397,739.7,8113.0
5398,739.8,6510.0
5399,739.9,5240.0
5400,740.0,4259.0
5401,740.1,3528.0
5402,740.2,3020.0
5403,740.3,2712.0
5404,740.4,2589.934
5405,740.5,2648.0
5406,740.6,2885.0
5407,740.7,3311.0
5408,740.8,3938.0
5409,740.9,4787.0
5410,741.0,5887.0
5411,741.1,7270.0
5412,741.2,8975.47
5413,741.3,11050.0
5414,741.4,13540.0
5415,741.5,16490.0
5416,741.6,19960.0
5417,741.7,24010.0
5418,741.8,28690.0
5419,741.9,34040.0
5420,742.0,40110.0
5421,742.1,46940.478
5422,742.2,54550.0
5423,742.3,62950.0
5424,742.4,72140.0
5425,742.5,82100.0
5426,742.6,92780.0
5427,742.7,104100.0
5428,742.8,116000.0
5429,742.9,128380.959
5430,743.0,141100.0
5431,743.1,154000.0
5432,743.2,166900.0
5433,743.3,179600.0
5434,743.4,191900.0
5435,743.5,203700.0
5436,743.6,214700.0
5437,743.7,224634.226
5438,743.8,233400.0
5439,743.9,240900.0
5440,744.0,246900.0
5441,744.1,251200.0
5442,744.2,253900.0
5443,744.3,254800.0
5444,744.4,253900.0
5445,744.5,251200.0
5446,744.6,246851.539
5447,744.7,240900.0
5448,744.8,233400.0
5449,744.9,224600.0
5450,745.0,214700.0
5451,745.1,203700.0
5452,745.2,191900.0
5453,745.3,179600.0
5454,745.4,166905.919
5455,745.5,154000.0
5456,745.6,141100.0
5457,745.7,128400.0
5458,745.8,116000.0
5459,745.9,104100.0
5460,746.0,92780.0
5461,746.1,82100.0
5462,746.2,72144.426
5463,746.3,62950.0
5464,746.4,54540.0
5465,746.5,46930.0
5466,746.6,40100.0
5467,746.7,34030.0
5468,746.8,28670.0
5469,746.9,23990.0
5470,747.0,19930.0
5471,747.1,16445.834
5472,747.2,13480.0
5473,747.3,10970.0
5474,747.4,8860.0
5475,747.5,7109.0
5476,747.6,5664.0
5477,747.7,4482.0
5478,747.8,3522.0
5479,747.9,2747.757
5480,748.0,2129.0
5481,748.1,1638.0
5482,748.2,1252.0
5483,748.3,949.8
5484,748.4,715.7
5485,748.5,535.6
5486,748.6,398.0
5487,748.7,293.687
5488,748.8,215.4
5489,748.9,156.8
5490,749.0,113.5
5491,749.1,81.56
5492,749.2,58.28
5493,749.3,41.41
5494,749.4,29.29
5495,749.5,20.64
5496,749.6,14.501
5497,749.7,10.21
5498,749.8,7.212
5499,749.9,5.14
5500,750.0,3.72
5501,750.1,2.755
5502,750.2,2.105
5503,750.3,1.671
5504,750.4,1.382
5505,750.5,1.193
5506,750.6,1.068
5507,750.7,0.985
5508,750.8,0.928
5509,750.9,0.887
5510,751.0,0.856
5511,751.1,0.829
5512,751.2,0.804
5513,751.3,0.78
5514,751.4,0.754
5515,751.5,0.728
5516,751.6,0.7
5517,751.7,0.672
5518,751.8,0.642
5519,751.9,0.613
5520,752.0,0.583
5521,752.1,0.555
5522,752.2,0.527
5523,752.3,0.501
5524,752.4,0.477
5525,752.5,0.455
5526,752.6,0.436
5527,752.7,0.42
5528,752.8,0.407
5529,752.9,0.397
5530,753.0,0.39
5531,753.1,0.386
5532,753.2,0.385
5533,753.3,0.386
5534,753.4,0.39
5535,753.5,0.396
5536,753.6,0.403
5537,753.7,0.411
5538,753.8,0.42
5539,753.9,0.428
5540,754.0,0.437
5541,754.1,0.445
5542,754.2,0.451
5543,754.3,0.456
5544,754.4,0.459
5545,754.5,0.46
5546,754.6,0.458
5547,754.7,0.454
5548,754.8,0.447
5549,754.9,0.438
5550,755.0,0.427
5551,755.1,0.413
5552,755.2,0.397
5553,755.3,0.379
5554,755.4,0.36
5555,755.5,0.339
5556,755.6,0.318
5557,755.7,0.296
5558,755.8,0.273
5559,755.9,0.251
5560,756.0,0.229
5561,756.1,0.207
5562,756.2,0.187
5563,756.3,0.167
5564,756.4,0.148
5565,756.5,0.131
5566,756.6,0.114
5567,756.7,0.099
5568,756.8,0.086
5569,756.9,0.074
5570,757.0,0.063
5571,757.1,0.053
5572,757.2,0.045
5573,757.3,0.037
5574,757.4,0.031
5575,757.5,0.026
5576,757.6,0.021
5577,757.7,0.017
5578,757.8,0.014
5579,757.9,0.011
5580,758.0,0.009
5581,758.1,0.007
5582,758.2,0.005
5583,758.3,0.004
5584,758.4,0.003
5585,758.5,0.003
5586,758.6,0.002
5587,758.7,0.001
5588,758.8,0.001
5589,758.9,0.001
5590,759.0,0.001
5591,759.1,0.0
5592,759.2,0.0
5593,759.3,0.0
5594,759.4,0.0
5595,759.5,0.0
5596,759.6,0.0
5597,759.7,0.0
5598,759.8,0.0
5599,759.9,0.0
5600,760.0,0.0
5601,760.1,0.0
5602,760.2,0.0
5603,760.3,0.0
5604,760.4,0.0
5605,760.5,0.0
5606,760.6,0.0
5607,760.7,0.0
5608,760.8,0.0
5609,760.9,0.0
5610,761.0,0.0
5611,761.1,0.0
5612,761.2,0.0
5613,761.3,0.0
5614,761.4,0.0
5615,761.5,0.0
5616,761.6,0.0
5617,761.7,0.0
5618,761.8,0.0
5619,761.9,0.0
5620,762.0,0.0
5621,762.1,0.0
5622,762.2,0.0
5623,762.3,0.0
5624,762.4,0.0
5625,762.5,0.0
5626,762.6,0.0
5627,762.7,0.0
5628,762.8,0.0
5629,762.9,0.0
5630,763.0,0.0
5631,763.1,0.0
5632,763.2,0.0
5633,763.3,0.0
5634,763.4,0.0
5635,763.5,0.0
5636,763.6,0.0
5637,763.7,0.0
5638,763.8,0.0
5639,763.9,0.0
5640,764.0,0.0
5641,764.1,0.0
5642,764.2,0.0
5643,764.3,0.0
5644,764.4,0.0
5645,764.5,0.0
5646,764.6,0.0
5647,764.7,0.0
5648,764.8,0.0
5649,764.9,0.0
5650,765.0,0.0
5651,765.1,0.0
5652,765.2,0.0
5653,765.3,0.0
5654,765.4,0.0
5655,765.5,0.0
5656,765.6,0.0
5657,765.7,0.0
5658,765.8,0.0
5659,765.9,0.0
5660,766.0,0.0
5661,766.1,0.0
5662,766.2,0.0
5663,766.3,0.0
5664,766.4,0.0
5665,766.5,0.0
5666,766.6,0.0
5667,766.7,0.0
5668,766.8,0.0
5669,766.9,0.0
5670,767.0,0.0
5671,767.1,0.0
5672,767.2,0.0
5673,767.3,0.0
5674,767.4,0.0
5675,767.5,0.0
5676,767.6,0.0
5677,767.7,0.0
5678,767.8,0.0
5679,767.9,0.0
5680,768.0,0.0
5681,768.1,0.0
5682,768.2,0.0
5683,768.3,0.0
5684,768.4,0.0
5685,768.5,0.0
5686,768.6,0.0
5687,768.7,0.0
5688,768.8,0.0
5689,768.9,0.0
5690,769.0,0.0
5691,769.1,0.0
5692,769.2,0.0
5693,769.3,0.0
5694,769.4,0.0
5695,769.5,0.0
5696,769.6,0.0
5697,769.7,0.0
5698,769.8,0.0
5699,769.9,0.0
5700,770.0,0.0
5701,770.1,0.0
5702,770.2,0.0
5703,770.3,0.0
5704,770.4,0.0
5705,770.5,0.0
5706,770.6,0.0
5707,770.7,0.0
5708,770.8,0.0
5709,770.9,0.0
5710,771.0,0.0
5711,771.1,0.0
5712,771.2,0.0
5713,771.3,0.0
5714,771.4,0.0
5715,771.5,0.0
5716,771.6,0.0
5717,771.7,0.0
5718,771.8,0.0
5719,771.9,0.0
5720,772.0,0.0
5721,772.1,0.0
5722,772.2,0.0
5723,772.3,0.0
5724,772.4,0.0
5725,772.5,0.0
5726,772.6,0.0
5727,772.7,0.0
5728,772.8,0.0
5729,772.9,0.0
5730,773.0,0.0
5731,773.1,0.0
5732,773.2,0.0
5733,773.3,0.0
5734,773.4,0.0
5735,773.5,0.0
5736,773.6,0.0
5737,773.7,0.0
5738,773.8,0.0
5739,773.9,0.0
5740,774.0,0.0
5741,774.1,0.0
5742,774.2,0.0
5743,774.3,0.0
5744,774.4,0.0
5745,774.5,0.0
5746,774.6,0.0
5747,774.7,0.0
5748,774.8,0.0
5749,774.9,0.0
5750,775.0,0.0
5751,775.1,0.0
5752,775.2,0.0
5753,775.3,0.0
5754,775.4,0.0
5755,775.5,0.0
5756,775.6,0.0
5757,775.7,0.0
5758,775.8,0.0
5759,775.9,0.0
5760,776.0,0.0
5761,776.1,0.0
5762,776.2,0.0
5763,776.3,0.0
5764,776.4,0.0
5765,776.5,0.0
5766,776.6,0.0
5767,776.7,0.0
5768,776.8,0.0
5769,776.9,0.0
5770,777.0,0.0
5771,777.1,0.0
5772,777.2,0.0
5773,777.3,0.0
5774,777.4,0.0
5775,777.5,0.0
5776,777.6,0.0
5777,777.7,0.0
5778,777.8,0.0
5779,777.9,0.0
5780,778.0,0.0
5781,778.1,0.0
5782,778.2,0.0
5783,778.3,0.0
5784,778.4,0.0
5785,778.5,0.0
5786,778.6,0.0
5787,778.7,0.0
5788,778.8,0.0
5789,778.9,0.0
5790,779.0,0.0
5791,779.1,0.0
5792,779.2,0.0
5793,779.3,0.0
5794,779.4,0.0
5795,779.5,0.0
5796,779.6,0.0
5797,779.7,0.0
5798,779.8,0.0
5799,779.9,0.0
5800,780.0,0.0
5801,780.1,0.0
5802,780.2,0.0
5803,780.3,0.0
5804,780.4,0.0
5805,780.5,0.0
5806,780.6,0.0
5807,780.7,0.0
5808,780.8,0.0
5809,780.9,0.0
5810,781.0,0.0
5811,781.1,0.0
5812,781.2,0.0
5813,781.3,0.0
5814,781.4,0.0
5815,781.5,0.0
5816,781.6,0.0
5817,781.7,0.0
5818,781.8,0.0
5819,781.9,0.0
5820,782.0,0.0
5821,782.1,0.0
5822,782.2,0.0
5823,782.3,0.0
5824,782.4,0.0
5825,782.5,0.0
5826,782.6,0.0
5827,782.7,0.0
5828,782.8,0.0
5829,782.9,0.0
5830,783.0,0.0
5831,783.1,0.0
5832,783.2,0.0
5833,783.3,0.0
5834,783.4,0.0
5835,783.5,0.0
5836,783.6,0.0
5837,783.7,0.0
5838,783.8,0.0
5839,783.9,0.0
5840,784.0,0.0
5841,784.1,0.0
5842,784.2,0.0
5843,784.3,0.0
5844,784.4,0.0
5845,784.5,0.0
5846,784.6,0.0
5847,784.7,0.0
5848,784.8,0.0
5849,784.9,0.0
5850,785.0,0.0
5851,785.1,0.0
5852,785.2,0.0
5853,785.3,0.0
5854,785.4,0.0
5855,785.5,0.0
5856,785.6,0.0
5857,785.7,0.0
5858,785.8,0.0
5859,785.9,0.0
5860,786.0,0.0
5861,786.1,0.0
5862,786.2,0.0
5863,786.3,0.0
5864,786.4,0.0
5865,786.5,0.0
5866,786.6,0.0
5867,786.7,0.0
5868,786.8,0.0
5869,786.9,0.0
5870,787.0,0.0
5871,787.1,0.0
5872,787.2,0.0
5873,787.3,0.0
5874,787.4,0.0
5875,787.5,0.0
5876,787.6,0.0
5877,787.7,0.0
5878,787.8,0.0
5879,787.9,0.0
5880,788.0,0.0
5881,788.1,0.0
5882,788.2,0.0
5883,788.3,0.0
5884,788.4,0.0
5885,788.5,0.0
5886,788.6,0.0
5887,788.7,0.0
5888,788.8,0.0
5889,788.9,0.0
5890,789.0,0.0
5891,789.1,0.0
5892,789.2,0.0
5893,789.3,0.0
5894,789.4,0.0
5895,789.5,0.0
5896,789.6,0.0
5897,789.7,0.0
5898,789.8,0.0
5899,789.9,0.0
5900,790.0,0.0
5901,790.1,0.0
5902,790.2,0.0
5903,790.3,0.0
5904,790.4,0.0
5905,790.5,0.0
5906,790.6,0.0
5907,790.7,0.0
5908,790.8,0.0
5909,790.9,0.0
5910,791.0,0.0
5911,791.1,0.0
5912,791.2,0.0
5913,791.3,0.0
5914,791.4,0.0
5915,791.5,0.0
5916,791.6,0.0
5917,791.7,0.0
5918,791.8,0.0
5919,791.9,0.0
5920,792.0,0.0
5921,792.1,0.0
5922,792.2,0.0
5923,792.3,0.0
5924,792.4,0.0
5925,792.5,0.0
5926,792.6,0.0
5927,792.7,0.0
5928,792.8,0.0
5929,792.9,0.0
5930,793.0,0.0
5931,793.1,0.0
5932,793.2,0.0
5933,793.3,0.0
5934,793.4,0.0
5935,793.5,0.0
5936,793.6,0.0
5937,793.7,0.0
5938,793.8,0.0
5939,793.9,0.0
5940,794.0,0.0
5941,794.1,0.0
5942,794.2,0.0
5943,794.3,0.0
5944,794.4,0.0
5945,794.5,0.0
5946,794.6,0.0
5947,794.7,0.0
5948,794.8,0.0
5949,794.9,0.0
5950,795.0,0.0
5951,795.1,0.0
5952,795.2,0.0
5953,795.3,0.0
5954,795.4,0.0
5955,795.5,0.0
5956,795.6,0.0
5957,795.7,0.0
5958,795.8,0.0
5959,795.9,0.0
5960,796.0,0.0
5961,796.1,0.0
5962,796.2,0.0
5963,796.3,0.0
5964,796.4,0.0
5965,796.5,0.0
5966,796.6,0.0
5967,796.7,0.0
5968,796.8,0.0
5969,796.9,0.0
5970,797.0,0.0
5971,797.1,0.0
5972,797.2,0.0
5973,797.3,0.0
5974,797.4,0.0
5975,797.5,0.0
5976,797.6,0.0
5977,797.7,0.0
5978,797.8,0.0
5979,797.9,0.0
5980,798.0,0.0
5981,798.1,0.0
5982,798.2,0.0
5983,798.3,0.0
5984,798.4,0.0
5985,798.5,0.0
5986,798.6,0.0
5987,798.7,0.0
5988,798.8,0.0
5989,798.9,0.0
5990,799.0,0.0
5991,799.1,0.0
5992,799.2,0.0
5993,799.3,0.0
5994,799.4,0.0
5995,799.5,0.0
5996,799.6,0.0
5997,799.7,0.0
5998,799.8,0.0
5999,799.9,0.0
6000,800.0,0.0
6001,800.1,0.0
6002,800.2,0.0
6003,800.3,0.0
6004,800.4,0.0
6005,800.5,0.0
6006,800.6,0.0
6007,800.7,0.0
6008,800.8,0.0
6009,800.9,0.0
6010,801.0,0.0
6011,801.1,0.0
6012,801.2,0.0
6013,801.3,0.0
6014,801.4,0.0
6015,801.5,0.0
6016,801.6,0.0
6017,801.7,0.0
6018,801.8,0.0
6019,801.9,0.0
6020,802.0,0.0
6021,802.1,0.0
6022,802.2,0.0
6023,802.3,0.0
6024,802.4,0.0
6025,802.5,0.0
6026,802.6,0.0
6027,802.7,0.0
6028,802.8,0.0
6029,802.9,0.0
6030,803.0,0.0
6031,803.1,0.0
6032,803.2,0.0
6033,803.3,0.0
6034,803.4,0.0
6035,803.5,0.0
6036,803.6,0.0
6037,803.7,0.0
6038,803.8,0.0
6039,803.9,0.0
6040,804.0,0.0
6041,804.1,0.0
6042,804.2,0.0
6043,804.3,0.0
6044,804.4,0.0
6045,804.5,0.0
6046,804.6,0.0
6047,804.7,0.0
6048,804.8,0.0
6049,804.9,0.0
6050,805.0,0.0
6051,805.1,0.0
6052,805.2,0.0
6053,805.3,0.0
6054,805.4,0.0
6055,805.5,0.0
6056,805.6,0.0
6057,805.7,0.0
6058,805.8,0.0
6059,805.9,0.0
6060,806.0,0.0
6061,806.1,0.0
6062,806.2,0.0
6063,806.3,0.0
6064,806.4,0.0
6065,806.5,0.0
6066,806.6,0.0
6067,806.7,0.0
6068,806.8,0.0
6069,806.9,0.0
6070,807.0,0.0
6071,807.1,0.0
6072,807.2,0.0
6073,807.3,0.0
6074,807.4,0.0
6075,807.5,0.0
6076,807.6,0.0
6077,807.7,0.0
6078,807.8,0.0
6079,807.9,0.0
6080,808.0,0.0
6081,808.1,0.0
6082,808.2,0.0
6083,808.3,0.0
6084,808.4,0.0
6085,808.5,0.0
6086,808.6,0.0
6087,808.7,0.0
6088,808.8,0.0
6089,808.9,0.0
6090,809.0,0.0
6091,809.1,0.0
6092,809.2,0.0
6093,809.3,0.0
6094,809.4,0.0
6095,809.5,0.0
6096,809.6,0.0
6097,809.7,0.0
6098,809.8,0.0
6099,809.9,0.0
6100,810.0,0.0
6101,810.1,0.0
6102,810.2,0.0
6103,810.3,0.0
6104,810.4,0.0
6105,810.5,0.0
6106,810.6,0.0
6107,810.7,0.0
6108,810.8,0.0
6109,810.9,0.0
6110,811.0,0.0
6111,811.1,0.0
6112,811.2,0.0
6113,811.3,0.0
6114,811.4,0.0
6115,811.5,0.0
6116,811.6,0.0
6117,811.7,0.0
6118,811.8,0.0
6119,811.9,0.0
6120,812.0,0.0
6121,812.1,0.0
6122,812.2,0.0
6123,812.3,0.0
6124,812.4,0.0
6125,812.5,0.0
6126,812.6,0.0
6127,812.7,0.001
6128,812.8,0.001
6129,812.9,0.002
6130,813.0,0.002
6131,813.1,0.004
6132,813.2,0.005
6133,813.3,0.008
6134,813.4,0.012
6135,813.5,0.018
6136,813.6,0.027
6137,813.7,0.039
6138,813.8,0.057
6139,813.9,0.083
6140,814.0,0.12
6141,814.1,0.172
6142,814.2,0.245
6143,814.3,0.347
6144,814.4,0.489
6145,814.5,0.684
6146,814.6,0.952
6147,814.7,1.319
6148,814.8,1.815
6149,814.9,2.484
6150,815.0,3.38
6151,815.1,4.572
6152,815.2,6.149
6153,815.3,8.222
6154,815.4,10.926
6155,815.5,14.45
6156,815.6,19.0
6157,815.7,24.82
6158,815.8,32.26
6159,815.9,41.67
6160,816.0,53.53
6161,816.1,68.36
6162,816.2,86.791
6163,816.3,109.6
6164,816.4,137.6
6165,816.5,171.7
6166,816.6,213.1
6167,816.7,263.0
6168,816.8,322.7
6169,816.9,393.6
6170,817.0,477.4
6171,817.1,575.743
6172,817.2,690.4
6173,817.3,823.2
6174,817.4,975.9
6175,817.5,1150.0
6176,817.6,1348.0
6177,817.7,1572.0
6178,817.8,1821.0
6179,817.9,2098.318
6180,818.0,2405.0
6181,818.1,2741.0
6182,818.2,3106.0
6183,818.3,3500.0
6184,818.4,3922.0
6185,818.5,4371.0
6186,818.6,4845.0
6187,818.7,5341.55
6188,818.8,5857.0
6189,818.9,6388.0
6190,819.0,6932.0
6191,819.1,7482.0
6192,819.2,8035.0
6193,819.3,8587.0
6194,819.4,9131.0
6195,819.5,9664.0
6196,819.6,10183.033
6197,819.7,10680.0
6198,819.8,11150.0
6199,819.9,11600.0
6200,820.0,12020.0
6201,820.1,12410.0
6202,820.2,12780.0
6203,820.3,13110.0
6204,820.4,13413.119
6205,820.5,13700.0
6206,820.6,13970.0
6207,820.7,14210.0
6208,820.8,14450.0
6209,820.9,14670.0
6210,821.0,14890.0
6211,821.1,15110.0
6212,821.2,15339.533
6213,821.3,15580.0
6214,821.4,15830.0
6215,821.5,16090.0
6216,821.6,16360.0
6217,821.7,16650.0
6218,821.8,16960.0
6219,821.9,17270.0
6220,822.0,17590.0
6221,822.1,17914.235
6222,822.2,18230.0
6223,822.3,18530.0
6224,822.4,18820.0
6225,822.5,19080.0
6226,822.6,19300.0
6227,822.7,19480.0
6228,822.8,19610.0
6229,822.9,19686.74
6230,823.0,19700.0
6231,823.1,19640.0
6232,823.2,19510.0
6233,823.3,19310.0
6234,823.4,19020.0
6235,823.5,18670.0
6236,823.6,18240.0
6237,823.7,17738.157
6238,823.8,17170.0
6239,823.9,16540.0
6240,824.0,15860.0
6241,824.1,15130.0
6242,824.2,14360.0
6243,824.3,13570.0
6244,824.4,12750.0
6245,824.5,11920.0
6246,824.6,11082.056
6247,824.7,10250.0
6248,824.8,9437.0
6249,824.9,8639.0
6250,825.0,7867.0
6251,825.1,7125.0
6252,825.2,6419.0
6253,825.3,5751.0
6254,825.4,5125.21
6255,825.5,4543.0
6256,825.6,4005.0
6257,825.7,3512.0
6258,825.8,3062.0
6259,825.9,2655.0
6260,826.0,2290.0
6261,826.1,1964.0
6262,826.2,1675.848
6263,826.3,1422.0
6264,826.4,1199.0
6265,826.5,1006.0
6266,826.6,839.5
6267,826.7,696.5
6268,826.8,574.7
6269,826.9,471.6
6270,827.0,384.8
6271,827.1,312.246
6272,827.2,252.0
6273,827.3,202.2
6274,827.4,161.3
6275,827.5,128.0
6276,827.6,101.0
6277,827.7,79.27
6278,827.8,61.85
6279,827.9,47.974
6280,828.0,37.02
6281,828.1,28.41
6282,828.2,21.67
6283,828.3,16.44
6284,828.4,12.4
6285,828.5,9.304
6286,828.6,6.941
6287,828.7,5.147
6288,828.8,3.799
6289,828.9,2.788
6290,829.0,2.036
6291,829.1,1.481
6292,829.2,1.075
6293,829.3,0.782
6294,829.4,0.574
6295,829.5,0.431
6296,829.6,0.34
6297,829.7,0.292
6298,829.8,0.282
6299,829.9,0.31
6300,830.0,0.38
6301,830.1,0.501
6302,830.2,0.687
6303,830.3,0.96
6304,830.4,1.348
6305,830.5,1.898
6306,830.6,2.662
6307,830.7,3.718
6308,830.8,5.169
6309,830.9,7.15
6310,831.0,9.837
6311,831.1,13.46
6312,831.2,18.316
6313,831.3,24.81
6314,831.4,33.41
6315,831.5,44.75
6316,831.6,59.61
6317,831.7,78.99
6318,831.8,104.1
6319,831.9,136.5
6320,832.0,178.0
6321,832.1,230.83
6322,832.2,297.9
6323,832.3,382.4
6324,832.4,488.2
6325,832.5,620.1
6326,832.6,783.5
6327,832.7,984.8
6328,832.8,1231.0
6329,832.9,1531.516
6330,833.0,1896.0
6331,833.1,2335.0
6332,833.2,2862.0
6333,833.3,3489.0
6334,833.4,4233.0
6335,833.5,5110.0
6336,833.6,6139.0
6337,833.7,7340.118
6338,833.8,8733.0
6339,833.9,10340.0
6340,834.0,12190.0
6341,834.1,14300.0
6342,834.2,16700.0
6343,834.3,19420.0
6344,834.4,22480.0
6345,834.5,25900.0
6346,834.6,29716.791
6347,834.7,33950.0
6348,834.8,38620.0
6349,834.9,43760.0
6350,835.0,49370.0
6351,835.1,55480.0
6352,835.2,62100.0
6353,835.3,69240.0
6354,835.4,76903.338
6355,835.5,85080.0
6356,835.6,93770.0
6357,835.7,103000.0
6358,835.8,112700.0
6359,835.9,122800.0
6360,836.0,133400.0
6361,836.1,144400.0
6362,836.2,155639.478
6363,836.3,167200.0
6364,836.4,179100.0
6365,836.5,191000.0
6366,836.6,203000.0
6367,836.7,215100.0
6368,836.8,227000.0
6369,836.9,238600.0
6370,837.0,250000.0
6371,837.1,261001.521
6372,837.2,271400.0
6373,837.3,281100.0
6374,837.4,290200.0
6375,837.5,298400.0
6376,837.6,305700.0
6377,837.7,312000.0
6378,837.8,317200.0
6379,837.9,321263.874
6380,838.0,324200.0
6381,838.1,326000.0
6382,838.2,326600.0
6383,838.3,326100.0
6384,838.4,324600.0
6385,838.5,322000.0
6386,838.6,318500.0
6387,838.7,314276.464
6388,838.8,309400.0
6389,838.9,304000.0
6390,839.0,298400.0
6391,839.1,292600.0
6392,839.2,286800.0
6393,839.3,281300.0
6394,839.4,276400.0
6395,839.5,272100.0
6396,839.6,268694.43
6397,839.7,266400.0
6398,839.8,265400.0
6399,839.9,265900.0
6400,840.0,268000.0
6401,840.1,271900.0
6402,840.2,277900.0
6403,840.3,285900.0
6404,840.4,296093.596
6405,840.5,308600.0
6406,840.6,323500.0
6407,840.7,340900.0
6408,840.8,360800.0
6409,840.9,383100.0
6410,841.0,408000.0
6411,841.1,435400.0
6412,841.2,465200.067
6413,841.3,497300.0
6414,841.4,531600.0
6415,841.5,568000.0
6416,841.6,606300.0
6417,841.7,646300.0
6418,841.8,687700.0
6419,841.9,730300.0
6420,842.0,773600.0
6421,842.1,817341.172
6422,842.2,861100.0
6423,842.3,904400.0
6424,842.4,946800.0
6425,842.5,987800.0
6426,842.6,1027000.0
6427,842.7,1064000.0
6428,842.8,1098000.0
6429,842.9,1128543.929
6430,843.0,1155000.0
6431,843.1,1177000.0
6432,843.2,1195000.0
6433,843.3,1208000.0
6434,843.4,1216000.0
6435,843.5,1219000.0
6436,843.6,1216000.0
6437,843.7,1207140.052
6438,843.8,1193000.0
6439,843.9,1174000.0
6440,844.0,1150000.0
6441,844.1,1121000.0
6442,844.2,1087000.0
6443,844.3,1050000.0
6444,844.4,1008000.0
6445,844.5,964300.0
6446,844.6,917772.898
6447,844.7,868900.0
6448,844.8,818800.0
6449,844.9,767800.0
6450,845.0,716500.0
6451,845.1,665300.0
6452,845.2,614800.0
6453,845.3,565400.0
6454,845.4,517381.074
6455,845.5,471100.0
6456,845.6,426900.0
6457,845.7,385000.0
6458,845.8,345600.0
6459,845.9,308700.0
6460,846.0,274500.0
6461,846.1,243000.0
6462,846.2,214100.87
6463,846.3,187800.0
6464,846.4,164100.0
6465,846.5,142900.0
6466,846.6,124000.0
6467,846.7,107200.0
6468,846.8,92570.0
6469,846.9,79800.0
6470,847.0,68770.0
6471,847.1,59346.512
6472,847.2,51380.0
6473,847.3,44720.0
6474,847.4,39220.0
6475,847.5,34780.0
6476,847.6,31250.0
6477,847.7,28540.0
6478,847.8,26540.0
6479,847.9,25148.22
6480,848.0,24290.0
6481,848.1,23890.0
6482,848.2,23860.0
6483,848.3,24150.0
6484,848.4,24690.0
6485,848.5,25420.0
6486,848.6,26310.0
6487,848.7,27298.379
6488,848.8,28340.0
6489,848.9,29400.0
6490,849.0,30450.0
6491,849.1,31450.0
6492,849.2,32380.0
6493,849.3,33200.0
6494,849.4,33900.0
6495,849.5,34460.0
6496,849.6,34858.642
6497,849.7,35090.0
6498,849.8,35150.0
6499,849.9,35030.0
6500,850.0,34730.0
6501,850.1,34250.0
6502,850.2,33610.0
6503,850.3,32800.0
6504,850.4,31835.625
6505,850.5,30740.0
6506,850.6,29530.0
6507,850.7,28210.0
6508,850.8,26810.0
6509,850.9,25340.0
6510,851.0,23830.0
6511,851.1,22280.0
6512,851.2,20723.535
6513,851.3,19180.0
6514,851.4,17660.0
6515,851.5,16170.0
6516,851.6,14730.0
6517,851.7,13360.0
6518,851.8,12050.0
6519,851.9,10820.0
6520,852.0,9667.0
6521,852.1,8604.723
6522,852.2,7635.0
6523,852.3,6756.0
6524,852.4,5970.0
6525,852.5,5276.0
6526,852.6,4674.0
6527,852.7,4163.0
6528,852.8,3741.0
6529,852.9,3407.534
6530,853.0,3161.0
6531,853.1,3000.0
6532,853.2,2925.0
6533,853.3,2935.0
6534,853.4,3031.0
6535,853.5,3215.0
6536,853.6,3486.0
6537,853.7,3847.875
6538,853.8,4303.0
6539,853.9,4853.0
6540,854.0,5500.0
6541,854.1,6247.0
6542,854.2,7096.0
6543,854.3,8048.0
6544,854.4,9104.0
6545,854.5,10260.0
6546,854.6,11520.768
6547,854.7,12880.0
6548,854.8,14330.0
6549,854.9,15870.0
6550,855.0,17490.0
6551,855.1,19170.0
6552,855.2,20900.0
6553,855.3,22680.0
6554,855.4,24479.355
6555,855.5,26280.0
6556,855.6,28070.0
6557,855.7,29830.0
6558,855.8,31520.0
6559,855.9,33140.0
6560,856.0,34660.0
6561,856.1,36060.0
6562,856.2,37320.364
6563,856.3,38420.0
6564,856.4,39340.0
6565,856.5,40070.0
6566,856.6,40600.0
6567,856.7,40920.0
6568,856.8,41030.0
6569,856.9,40920.0
6570,857.0,40600.0
6571,857.1,40073.496
6572,857.2,39340.0
6573,857.3,38410.0
6574,857.4,37320.0
6575,857.5,36060.0
6576,857.6,34660.0
6577,857.7,33140.0
6578,857.8,31520.0
6579,857.9,29822.934
6580,858.0,28070.0
6581,858.1,26280.0
6582,858.2,24470.0
6583,858.3,22670.0
6584,858.4,20890.0
6585,858.5,19150.0
6586,858.6,17460.0
6587,858.7,15835.523
6588,858.8,14290.0
6589,858.9,12830.0
6590,859.0,11450.0
6591,859.1,10170.0
6592,859.2,8984.0
6593,859.3,7895.0
6594,859.4,6901.0
6595,859.5,6001.0
6596,859.6,5190.607
6597,859.7,4466.0
6598,859.8,3823.0
6599,859.9,3255.0
6600,860.0,2757.0
6601,860.1,2322.0
6602,860.2,1946.0
6603,860.3,1622.0
6604,860.4,1345.195
6605,860.5,1110.0
6606,860.6,910.8
6607,860.7,743.5
6608,860.8,603.9
6609,860.9,488.0
6610,861.0,392.4
6611,861.1,314.0
6612,861.2,250.258
6613,861.3,198.9
6614,861.4,157.8
6615,861.5,125.3
6616,861.6,100.0
6617,861.7,80.88
6618,861.8,67.01
6619,861.9,57.77
6620,862.0,52.74
6621,862.1,51.722
6622,862.2,54.8
6623,862.3,62.19
6624,862.4,74.42
6625,862.5,92.29
6626,862.6,116.9
6627,862.7,149.7
6628,862.8,192.5
6629,862.9,247.677
6630,863.0,318.2
6631,863.1,407.4
6632,863.2,519.6
6633,863.3,659.8
6634,863.4,834.0
6635,863.5,1049.0
6636,863.6,1314.0
6637,863.7,1636.992
6638,863.8,2030.0
6639,863.9,2506.0
6640,864.0,3078.0
6641,864.1,3763.0
6642,864.2,4579.0
6643,864.3,5545.0
6644,864.4,6684.0
6645,864.5,8020.0
6646,864.6,9574.453
6647,864.7,11380.0
6648,864.8,13470.0
6649,864.9,15870.0
6650,865.0,18610.0
6651,865.1,21720.0
6652,865.2,25240.0
6653,865.3,29210.0
6654,865.4,33657.044
6655,865.5,38610.0
6656,865.6,44100.0
6657,865.7,50160.0
6658,865.8,56820.0
6659,865.9,64110.0
6660,866.0,72030.0
6661,866.1,80610.0
6662,866.2,89862.772
6663,866.3,99790.0
6664,866.4,110400.0
6665,866.5,121700.0
6666,866.6,133600.0
6667,866.7,146100.0
6668,866.8,159300.0
6669,866.9,173100.0
6670,867.0,187400.0
6671,867.1,202130.634
6672,867.2,217300.0
6673,867.3,232900.0
6674,867.4,248800.0
6675,867.5,264900.0
6676,867.6,281100.0
6677,867.7,297400.0
6678,867.8,313600.0
6679,867.9,329654.556
6680,868.0,345500.0
6681,868.1,361000.0
6682,868.2,375900.0
6683,868.3,390200.0
6684,868.4,403800.0
6685,868.5,416600.0
6686,868.6,428300.0
6687,868.7,438941.851
6688,868.8,448400.0
6689,868.9,456500.0
6690,869.0,463200.0
6691,869.1,468500.0
6692,869.2,472100.0
6693,869.3,474100.0
6694,869.4,474500.0
6695,869.5,473200.0
6696,869.6,470158.866
6697,869.7,465400.0
6698,869.8,459000.0
6699,869.9,451100.0
6700,870.0,441600.0
6701,870.1,430700.0
6702,870.2,418500.0
6703,870.3,405100.0
6704,870.4,390648.97
6705,870.5,375300.0
6706,870.6,359200.0
6707,870.7,342500.0
6708,870.8,325400.0
6709,870.9,308000.0
6710,871.0,290500.0
6711,871.1,273100.0
6712,871.2,255855.96
6713,871.3,238900.0
6714,871.4,222400.0
6715,871.5,206500.0
6716,871.6,191200.0
6717,871.7,176600.0
6718,871.8,162800.0
6719,871.9,149800.0
6720,872.0,137700.0
6721,872.1,126417.001
6722,872.2,116000.0
6723,872.3,106500.0
6724,872.4,97820.0
6725,872.5,89980.0
6726,872.6,82950.0
6727,872.7,76680.0
6728,872.8,71140.0
6729,872.9,66299.51
6730,873.0,62120.0
6731,873.1,58560.0
6732,873.2,55580.0
6733,873.3,53160.0
6734,873.4,51270.0
6735,873.5,49900.0
6736,873.6,49030.0
6737,873.7,48647.27
6738,873.8,48750.0
6739,873.9,49340.0
6740,874.0,50430.0
6741,874.1,52040.0
6742,874.2,54160.0
6743,874.3,56830.0
6744,874.4,60060.0
6745,874.5,63860.0
6746,874.6,68252.265
6747,874.7,73250.0
6748,874.8,78860.0
6749,874.9,85080.0
6750,875.0,91910.0
6751,875.1,99320.0
6752,875.2,107300.0
6753,875.3,115800.0
6754,875.4,124794.256
6755,875.5,134200.0
6756,875.6,143900.0
6757,875.7,153800.0
6758,875.8,164000.0
6759,875.9,174200.0
6760,876.0,184300.0
6761,876.1,194200.0
6762,876.2,203815.094
6763,876.3,213000.0
6764,876.4,221600.0
6765,876.5,229500.0
6766,876.6,236600.0
6767,876.7,242800.0
6768,876.8,248000.0
6769,876.9,252100.0
6770,877.0,255100.0
6771,877.1,256866.949
6772,877.2,257400.0
6773,877.3,256700.0
6774,877.4,254700.0
6775,877.5,251600.0
6776,877.6,247300.0
6777,877.7,242000.0
6778,877.8,235600.0
6779,877.9,228351.875
6780,878.0,220400.0
6781,878.1,211800.0
6782,878.2,202600.0
6783,878.3,193100.0
6784,878.4,183300.0
6785,878.5,173400.0
6786,878.6,163600.0
6787,878.7,153981.663
6788,878.8,144700.0
6789,878.9,135900.0
6790,879.0,127600.0
6791,879.1,119900.0
6792,879.2,113000.0
6793,879.3,106900.0
6794,879.4,101700.0
6795,879.5,97360.0
6796,879.6,93993.644
6797,879.7,91620.0
6798,879.8,90220.0
6799,879.9,89780.0
6800,880.0,90280.0
6801,880.1,91690.0
6802,880.2,93970.0
6803,880.3,97050.0
6804,880.4,100833.419
6805,880.5,105300.0
6806,880.6,110400.0
6807,880.7,115900.0
6808,880.8,121700.0
6809,880.9,127900.0
6810,881.0,134100.0
6811,881.1,140500.0
6812,881.2,146738.413
6813,881.3,152700.0
6814,881.4,158400.0
6815,881.5,163800.0
6816,881.6,168600.0
6817,881.7,172800.0
6818,881.8,176400.0
6819,881.9,179200.0
6820,882.0,181200.0
6821,882.1,182359.565
6822,882.2,182700.0
6823,882.3,182200.0
6824,882.4,180700.0
6825,882.5,178400.0
6826,882.6,175300.0
6827,882.7,171400.0
6828,882.8,166700.0
6829,882.9,161398.787
6830,883.0,155500.0
6831,883.1,149000.0
6832,883.2,142100.0
6833,883.3,134900.0
6834,883.4,127400.0
6835,883.5,119700.0
6836,883.6,111900.0
6837,883.7,104119.927
6838,883.8,96410.0
6839,883.9,88810.0
6840,884.0,81400.0
6841,884.1,74250.0
6842,884.2,67380.0
6843,884.3,60850.0
6844,884.4,54670.0
6845,884.5,48880.0
6846,884.6,43490.146
6847,884.7,38500.0
6848,884.8,33910.0
6849,884.9,29720.0
6850,885.0,25920.0
6851,885.1,22500.0
6852,885.2,19430.0
6853,885.3,16690.0
6854,885.4,14267.358
6855,885.5,12140.0
6856,885.6,10280.0
6857,885.7,8655.0
6858,885.8,7254.0
6859,885.9,6049.0
6860,886.0,5020.0
6861,886.1,4145.0
6862,886.2,3405.531
6863,886.3,2784.0
6864,886.4,2264.0
6865,886.5,1833.0
6866,886.6,1476.0
6867,886.7,1183.0
6868,886.8,943.4
6869,886.9,748.5
6870,887.0,591.0
6871,887.1,464.221
6872,887.2,362.9
6873,887.3,282.3
6874,887.4,218.5
6875,887.5,168.3
6876,887.6,129.0
6877,887.7,98.33
6878,887.8,74.61
6879,887.9,56.313
6880,888.0,42.31
6881,888.1,31.63
6882,888.2,23.53
6883,888.3,17.42
6884,888.4,12.83
6885,888.5,9.406
6886,888.6,6.864
6887,888.7,4.984
6888,888.8,3.608
6889,888.9,2.6
6890,889.0,1.869
6891,889.1,1.341
6892,889.2,0.963
6893,889.3,0.694
6894,889.4,0.504
6895,889.5,0.371
6896,889.6,0.279
6897,889.7,0.218
6898,889.8,0.177
6899,889.9,0.151
6900,890.0,0.136
6901,890.1,0.129
6902,890.2,0.127
6903,890.3,0.128
6904,890.4,0.132
6905,890.5,0.138
6906,890.6,0.144
6907,890.7,0.151
6908,890.8,0.159
6909,890.9,0.167
6910,891.0,0.174
6911,891.1,0.181
6912,891.2,0.188
6913,891.3,0.194
6914,891.4,0.199
6915,891.5,0.203
6916,891.6,0.206
6917,891.7,0.209
6918,891.8,0.211
6919,891.9,0.211
6920,892.0,0.211
6921,892.1,0.209
6922,892.2,0.207
6923,892.3,0.203
6924,892.4,0.199
6925,892.5,0.193
6926,892.6,0.187
6927,892.7,0.181
6928,892.8,0.173
6929,892.9,0.165
6930,893.0,0.157
6931,893.1,0.149
6932,893.2,0.14
6933,893.3,0.131
6934,893.4,0.122
6935,893.5,0.113
6936,893.6,0.105
6937,893.7,0.096
6938,893.8,0.088
6939,893.9,0.08
6940,894.0,0.072
6941,894.1,0.065
6942,894.2,0.058
6943,894.3,0.052
6944,894.4,0.046
6945,894.5,0.041
6946,894.6,0.036
6947,894.7,0.031
6948,894.8,0.027
6949,894.9,0.024
6950,895.0,0.02
6951,895.1,0.017
6952,895.2,0.015
6953,895.3,0.013
6954,895.4,0.011
6955,895.5,0.009
6956,895.6,0.008
6957,895.7,0.006
6958,895.8,0.005
6959,895.9,0.004
6960,896.0,0.004
6961,896.1,0.003
6962,896.2,0.002
6963,896.3,0.002
6964,896.4,0.002
6965,896.5,0.001
6966,896.6,0.001
6967,896.7,0.001
6968,896.8,0.001
6969,896.9,0.0
6970,897.0,0.0
6971,897.1,0.0
6972,897.2,0.0
6973,897.3,0.0
6974,897.4,0.0
6975,897.5,0.0
6976,897.6,0.0
6977,897.7,0.0
6978,897.8,0.0
6979,897.9,0.0
6980,898.0,0.0
6981,898.1,0.0
6982,898.2,0.0
6983,898.3,0.0
6984,898.4,0.0
6985,898.5,0.0
6986,898.6,0.0
6987,898.7,0.0
6988,898.8,0.0
6989,898.9,0.0
6990,899.0,0.0
6991,899.1,0.0
6992,899.2,0.0
6993,899.3,0.0
6994,899.4,0.0
6995,899.5,0.0
6996,899.6,0.0
6997,899.7,0.0
6998,899.8,0.0
6999,899.9,0.0
7000,900.0,0.0
7001,900.1,0.0
7002,900.2,0.0
7003,900.3,0.0
7004,900.4,0.0
7005,900.5,0.0
7006,900.6,0.0
7007,900.7,0.0
7008,900.8,0.0
7009,900.9,0.0
7010,901.0,0.0
7011,901.1,0.0
7012,901.2,0.0
7013,901.3,0.0
7014,901.4,0.0
7015,901.5,0.0
7016,901.6,0.0
7017,901.7,0.0
7018,901.8,0.0
7019,901.9,0.0
7020,902.0,0.0
7021,902.1,0.0
7022,902.2,0.0
7023,902.3,0.0
7024,902.4,0.0
7025,902.5,0.0
7026,902.6,0.0
7027,902.7,0.0
7028,902.8,0.0
7029,902.9,0.0
7030,903.0,0.0
7031,903.1,0.0
7032,903.2,0.0
7033,903.3,0.0
7034,903.4,0.0
7035,903.5,0.0
7036,903.6,0.0
7037,903.7,0.0
7038,903.8,0.0
7039,903.9,0.0
7040,904.0,0.0
7041,904.1,0.0
7042,904.2,0.0
7043,904.3,0.0
7044,904.4,0.0
7045,904.5,0.0
7046,904.6,0.0
7047,904.7,0.0
7048,904.8,0.0
7049,904.9,0.0
7050,905.0,0.0
7051,905.1,0.0
7052,905.2,0.0
7053,905.3,0.0
7054,905.4,0.0
7055,905.5,0.0
7056,905.6,0.0
7057,905.7,0.0
7058,905.8,0.0
7059,905.9,0.0
7060,906.0,0.0
7061,906.1,0.0
7062,906.2,0.0
7063,906.3,0.0
7064,906.4,0.0
7065,906.5,0.0
7066,906.6,0.0
7067,906.7,0.0
7068,906.8,0.0
7069,906.9,0.0
7070,907.0,0.0
7071,907.1,0.0
7072,907.2,0.0
7073,907.3,0.0
7074,907.4,0.0
7075,907.5,0.0
7076,907.6,0.0
7077,907.7,0.0
7078,907.8,0.0
7079,907.9,0.0
7080,908.0,0.0
7081,908.1,0.0
7082,908.2,0.0
7083,908.3,0.0
7084,908.4,0.0
7085,908.5,0.0
7086,908.6,0.0
7087,908.7,0.0
7088,908.8,0.0
7089,908.9,0.0
7090,909.0,0.0
7091,909.1,0.0
7092,909.2,0.0
7093,909.3,0.0
7094,909.4,0.0
7095,909.5,0.0
7096,909.6,0.0
7097,909.7,0.0
7098,909.8,0.0
7099,909.9,0.0
7100,910.0,0.0
7101,910.1,0.0
7102,910.2,0.0
7103,910.3,0.0
7104,910.4,0.0
7105,910.5,0.0
7106,910.6,0.0
7107,910.7,0.0
7108,910.8,0.0
7109,910.9,0.0
7110,911.0,0.0
7111,911.1,0.0
7112,911.2,0.0
7113,911.3,0.0
7114,911.4,0.0
7115,911.5,0.0
7116,911.6,0.0
7117,911.7,0.0
7118,911.8,0.0
7119,911.9,0.0
7120,912.0,0.0
7121,912.1,0.0
7122,912.2,0.0
7123,912.3,0.0
7124,912.4,0.0
7125,912.5,0.0
7126,912.6,0.0
7127,912.7,0.0
7128,912.8,0.0
7129,912.9,0.0
7130,913.0,0.0
7131,913.1,0.0
7132,913.2,0.0
7133,913.3,0.0
7134,913.4,0.0
7135,913.5,0.0
7136,913.6,0.0
7137,913.7,0.0
7138,913.8,0.0
7139,913.9,0.0
7140,914.0,0.0
7141,914.1,0.0
7142,914.2,0.0
7143,914.3,0.0
7144,914.4,0.0
7145,914.5,0.0
7146,914.6,0.0
7147,914.7,0.0
7148,914.8,0.0
7149,914.9,0.0
7150,915.0,0.0
7151,915.1,0.0
7152,915.2,0.0
7153,915.3,0.0
7154,915.4,0.0
7155,915.5,0.0
7156,915.6,0.0
7157,915.7,0.0
7158,915.8,0.0
7159,915.9,0.0
7160,916.0,0.0
7161,916.1,0.0
7162,916.2,0.0
7163,916.3,0.0
7164,916.4,0.0
7165,916.5,0.0
7166,916.6,0.0
7167,916.7,0.0
7168,916.8,0.0
7169,916.9,0.0
7170,917.0,0.0
7171,917.1,0.0
7172,917.2,0.0
7173,917.3,0.0
7174,917.4,0.0
7175,917.5,0.0
7176,917.6,0.0
7177,917.7,0.0
7178,917.8,0.0
7179,917.9,0.0
7180,918.0,0.0
7181,918.1,0.0
7182,918.2,0.0
7183,918.3,0.0
7184,918.4,0.0
7185,918.5,0.0
7186,918.6,0.0
7187,918.7,0.0
7188,918.8,0.0
7189,918.9,0.0
7190,919.0,0.0
7191,919.1,0.0
7192,919.2,0.0
7193,919.3,0.0
7194,919.4,0.0
7195,919.5,0.0
7196,919.6,0.0
7197,919.7,0.0
7198,919.8,0.0
7199,919.9,0.0
7200,920.0,0.0
7201,920.1,0.0
7202,920.2,0.0
7203,920.3,0.0
7204,920.4,0.0
7205,920.5,0.0
7206,920.6,0.0
7207,920.7,0.0
7208,920.8,0.0
7209,920.9,0.0
7210,921.0,0.0
7211,921.1,0.0
7212,921.2,0.0
7213,921.3,0.0
7214,921.4,0.0
7215,921.5,0.0
7216,921.6,0.0
7217,921.7,0.0
7218,921.8,0.0
7219,921.9,0.0
7220,922.0,0.0
7221,922.1,0.0
7222,922.2,0.0
7223,922.3,0.0
7224,922.4,0.0
7225,922.5,0.0
7226,922.6,0.0
7227,922.7,0.0
7228,922.8,0.0
7229,922.9,0.0
7230,923.0,0.0
7231,923.1,0.0
7232,923.2,0.0
7233,923.3,0.0
7234,923.4,0.0
7235,923.5,0.0
7236,923.6,0.0
7237,923.7,0.0
7238,923.8,0.0
7239,923.9,0.0
7240,924.0,0.0
7241,924.1,0.0
7242,924.2,0.0
7243,924.3,0.0
7244,924.4,0.0
7245,924.5,0.0
7246,924.6,0.0
7247,924.7,0.0
7248,924.8,0.0
7249,924.9,0.0
7250,925.0,0.0
7251,925.1,0.0
7252,925.2,0.0
7253,925.3,0.0
7254,925.4,0.0
7255,925.5,0.0
7256,925.6,0.0
7257,925.7,0.0
7258,925.8,0.0
7259,925.9,0.0
7260,926.0,0.0
7261,926.1,0.0
7262,926.2,0.0
7263,926.3,0.0
7264,926.4,0.0
7265,926.5,0.0
7266,926.6,0.0
7267,926.7,0.0
7268,926.8,0.0
7269,926.9,0.0
7270,927.0,0.0
7271,927.1,0.0
7272,927.2,0.0
7273,927.3,0.0
7274,927.4,0.0
7275,927.5,0.0
7276,927.6,0.0
7277,927.7,0.0
7278,927.8,0.0
7279,927.9,0.0
7280,928.0,0.0
7281,928.1,0.0
7282,928.2,0.0
7283,928.3,0.0
7284,928.4,0.0
7285,928.5,0.0
7286,928.6,0.0
7287,928.7,0.0
7288,928.8,0.0
7289,928.9,0.0
7290,929.0,0.0
7291,929.1,0.0
7292,929.2,0.0
7293,929.3,0.0
7294,929.4,0.0
7295,929.5,0.0
7296,929.6,0.0
7297,929.7,0.0
7298,929.8,0.0
7299,929.9,0.0
7300,930.0,0.0
7301,930.1,0.0
7302,930.2,0.0
7303,930.3,0.0
7304,930.4,0.0
7305,930.5,0.0
7306,930.6,0.0
7307,930.7,0.0
7308,930.8,0.0
7309,930.9,0.0
7310,931.0,0.0
7311,931.1,0.0
7312,931.2,0.0
7313,931.3,0.0
7314,931.4,0.0
7315,931.5,0.0
7316,931.6,0.0
7317,931.7,0.0
7318,931.8,0.0
7319,931.9,0.0
7320,932.0,0.0
7321,932.1,0.0
7322,932.2,0.0
7323,932.3,0.0
7324,932.4,0.0
7325,932.5,0.0
7326,932.6,0.0
7327,932.7,0.0
7328,932.8,0.0
7329,932.9,0.0
7330,933.0,0.0
7331,933.1,0.0
7332,933.2,0.0
7333,933.3,0.0
7334,933.4,0.0
7335,933.5,0.0
7336,933.6,0.0
7337,933.7,0.0
7338,933.8,0.0
7339,933.9,0.0
7340,934.0,0.0
7341,934.1,0.0
7342,934.2,0.0
7343,934.3,0.0
7344,934.4,0.0
7345,934.5,0.0
7346,934.6,0.0
7347,934.7,0.0
7348,934.8,0.0
7349,934.9,0.0
7350,935.0,0.0
7351,935.1,0.0
7352,935.2,0.0
7353,935.3,0.001
7354,935.4,0.001
7355,935.5,0.001
7356,935.6,0.002
7357,935.7,0.003
7358,935.8,0.004
7359,935.9,0.006
7360,936.0,0.008
7361,936.1,0.012
7362,936.2,0.017
7363,936.3,0.024
7364,936.4,0.035
7365,936.5,0.049
7366,936.6,0.07
7367,936.7,0.098
7368,936.8,0.138
7369,936.9,0.194
7370,937.0,0.27
7371,937.1,0.374
7372,937.2,0.518
7373,937.3,0.712
7374,937.4,0.975
7375,937.5,1.33
7376,937.6,1.807
7377,937.7,2.443
7378,937.8,3.289
7379,937.9,4.408
7380,938.0,5.884
7381,938.1,7.819
7382,938.2,10.35
7383,938.3,13.63
7384,938.4,17.88
7385,938.5,23.35
7386,938.6,30.37
7387,938.7,39.314
7388,938.8,50.69
7389,938.9,65.07
7390,939.0,83.18
7391,939.1,105.9
7392,939.2,134.1
7393,939.3,169.2
7394,939.4,212.6
7395,939.5,266.0
7396,939.6,331.304
7397,939.7,410.9
7398,939.8,507.4
7399,939.9,623.9
7400,940.0,763.9
7401,940.1,931.3
7402,940.2,1131.0
7403,940.3,1367.0
7404,940.4,1645.429
7405,940.5,1972.0
7406,940.6,2353.0
7407,940.7,2797.0
7408,940.8,3310.0
7409,940.9,3901.0
7410,941.0,4578.0
7411,941.1,5350.0
7412,941.2,6226.181
7413,941.3,7216.0
7414,941.4,8329.0
7415,941.5,9574.0
7416,941.6,10960.0
7417,941.7,12500.0
7418,941.8,14190.0
7419,941.9,16050.0
7420,942.0,18080.0
7421,942.1,20290.04
7422,942.2,22680.0
7423,942.3,25250.0
7424,942.4,28010.0
7425,942.5,30950.0
7426,942.6,34070.0
7427,942.7,37370.0
7428,942.8,40830.0
7429,942.9,44463.335
7430,943.0,48250.0
7431,943.1,52170.0
7432,943.2,56230.0
7433,943.3,60390.0
7434,943.4,64660.0
7435,943.5,69010.0
7436,943.6,73430.0
7437,943.7,77894.931
7438,943.8,82390.0
7439,943.9,86900.0
7440,944.0,91400.0
7441,944.1,95880.0
7442,944.2,100300.0
7443,944.3,104700.0
7444,944.4,109000.0
7445,944.5,113300.0
7446,944.6,117419.252
7447,944.7,121400.0
7448,944.8,125300.0
7449,944.9,129000.0
7450,945.0,132600.0
7451,945.1,136000.0
7452,945.2,139300.0
7453,945.3,142300.0
7454,945.4,145138.183
7455,945.5,147800.0
7456,945.6,150200.0
7457,945.7,152300.0
7458,945.8,154200.0
7459,945.9,155900.0
7460,946.0,157300.0
7461,946.1,158400.0
7462,946.2,159203.438
7463,946.3,159800.0
7464,946.4,160200.0
7465,946.5,160200.0
7466,946.6,160100.0
7467,946.7,159700.0
7468,946.8,159100.0
7469,946.9,158400.0
7470,947.0,157500.0
7471,947.1,156479.539
7472,947.2,155400.0
7473,947.3,154300.0
7474,947.4,153200.0
7475,947.5,152100.0
7476,947.6,151100.0
7477,947.7,150300.0
7478,947.8,149600.0
7479,947.9,149078.791
7480,948.0,148800.0
7481,948.1,148800.0
7482,948.2,149100.0
7483,948.3,149700.0
7484,948.4,150500.0
7485,948.5,151700.0
7486,948.6,153100.0
7487,948.7,154730.419
7488,948.8,156600.0
7489,948.9,158700.0
7490,949.0,161000.0
7491,949.1,163300.0
7492,949.2,165700.0
7493,949.3,168000.0
7494,949.4,170300.0
7495,949.5,172400.0
7496,949.6,174334.223
7497,949.7,176000.0
7498,949.8,177300.0
7499,949.9,178300.0
7500,950.0,178800.0
7501,950.1,178800.0
7502,950.2,178300.0
7503,950.3,177300.0
7504,950.4,175683.203
7505,950.5,173500.0
7506,950.6,170800.0
7507,950.7,167500.0
7508,950.8,163700.0
7509,950.9,159300.0
7510,951.0,154500.0
7511,951.1,149300.0
7512,951.2,143614.177
7513,951.3,137600.0
7514,951.4,131400.0
7515,951.5,124900.0
7516,951.6,118200.0
7517,951.7,111500.0
7518,951.8,104700.0
7519,951.9,97850.0
7520,952.0,91110.0
7521,952.1,84483.511
7522,952.2,78000.0
7523,952.3,71710.0
7524,952.4,65660.0
7525,952.5,59860.0
7526,952.6,54340.0
7527,952.7,49120.0
7528,952.8,44210.0
7529,952.9,39627.86
7530,953.0,35370.0
7531,953.1,31430.0
7532,953.2,27810.0
7533,953.3,24500.0
7534,953.4,21500.0
7535,953.5,18780.0
7536,953.6,16340.0
7537,953.7,14150.382
7538,953.8,12200.0
7539,953.9,10480.0
7540,954.0,8963.0
7541,954.1,7631.0
7542,954.2,6470.0
7543,954.3,5462.0
7544,954.4,4591.0
7545,954.5,3843.0
7546,954.6,3203.035
7547,954.7,2658.0
7548,954.8,2196.0
7549,954.9,1807.0
7550,955.0,1480.0
7551,955.1,1207.0
7552,955.2,980.7
7553,955.3,793.1
7554,955.4,638.642
7555,955.5,512.2
7556,955.6,408.9
7557,955.7,325.1
7558,955.8,257.4
7559,955.9,202.9
7560,956.0,159.2
7561,956.1,124.4
7562,956.2,96.793
7563,956.3,75.02
7564,956.4,57.88
7565,956.5,44.46
7566,956.6,34.01
7567,956.7,25.91
7568,956.8,19.65
7569,956.9,14.84
7570,957.0,11.16
7571,957.1,8.351
7572,957.2,6.226
7573,957.3,4.622
7574,957.4,3.416
7575,957.5,2.514
7576,957.6,1.842
7577,957.7,1.344
7578,957.8,0.977
7579,957.9,0.706
7580,958.0,0.509
7581,958.1,0.365
7582,958.2,0.261
7583,958.3,0.186
7584,958.4,0.131
7585,958.5,0.093
7586,958.6,0.065
7587,958.7,0.045
7588,958.8,0.032
7589,958.9,0.022
7590,959.0,0.015
7591,959.1,0.01
7592,959.2,0.007
7593,959.3,0.005
7594,959.4,0.003
7595,959.5,0.002
7596,959.6,0.001
7597,959.7,0.001
7598,959.8,0.001
7599,959.9,0.0
7600,960.0,0.0
7601,960.1,0.0
7602,960.2,0.0
7603,960.3,0.0
7604,960.4,0.0
7605,960.5,0.0
7606,960.6,0.0
7607,960.7,0.0
7608,960.8,0.0
7609,960.9,0.0
7610,961.0,0.0
7611,961.1,0.0
7612,961.2,0.0
7613,961.3,0.0
7614,961.4,0.0
7615,961.5,0.0
7616,961.6,0.0
7617,961.7,0.0
7618,961.8,0.0
7619,961.9,0.0
7620,962.0,0.0
7621,962.1,0.0
7622,962.2,0.0
7623,962.3,0.0
7624,962.4,0.0
7625,962.5,0.0
7626,962.6,0.0
7627,962.7,0.0
7628,962.8,0.0
7629,962.9,0.0
7630,963.0,0.0
7631,963.1,0.0
7632,963.2,0.0
7633,963.3,0.0
7634,963.4,0.0
7635,963.5,0.0
7636,963.6,0.0
7637,963.7,0.0
7638,963.8,0.0
7639,963.9,0.0
7640,964.0,0.0
7641,964.1,0.0
7642,964.2,0.0
7643,964.3,0.0
7644,964.4,0.0
7645,964.5,0.0
7646,964.6,0.0
7647,964.7,0.0
7648,964.8,0.0
7649,964.9,0.0
7650,965.0,0.0
7651,965.1,0.0
7652,965.2,0.0
7653,965.3,0.0
7654,965.4,0.0
7655,965.5,0.0
7656,965.6,0.0
7657,965.7,0.0
7658,965.8,0.0
7659,965.9,0.0
7660,966.0,0.0
7661,966.1,0.0
7662,966.2,0.0
7663,966.3,0.0
7664,966.4,0.0
7665,966.5,0.0
7666,966.6,0.0
7667,966.7,0.0
7668,966.8,0.0
7669,966.9,0.0
7670,967.0,0.0
7671,967.1,0.0
7672,967.2,0.0
7673,967.3,0.0
7674,967.4,0.0
7675,967.5,0.0
7676,967.6,0.0
7677,967.7,0.0
7678,967.8,0.0
7679,967.9,0.0
7680,968.0,0.0
7681,968.1,0.0
7682,968.2,0.0
7683,968.3,0.0
7684,968.4,0.0
7685,968.5,0.0
7686,968.6,0.0
7687,968.7,0.0
7688,968.8,0.0
7689,968.9,0.0
7690,969.0,0.0
7691,969.1,0.0
7692,969.2,0.0
7693,969.3,0.0
7694,969.4,0.0
7695,969.5,0.0
7696,969.6,0.0
7697,969.7,0.0
7698,969.8,0.0
7699,969.9,0.0
7700,970.0,0.0
7701,970.1,0.0
7702,970.2,0.0
7703,970.3,0.0
7704,970.4,0.0
7705,970.5,0.0
7706,970.6,0.0
7707,970.7,0.0
7708,970.8,0.0
7709,970.9,0.0
7710,971.0,0.0
7711,971.1,0.0
7712,971.2,0.0
7713,971.3,0.0
7714,971.4,0.0
7715,971.5,0.0
7716,971.6,0.0
7717,971.7,0.0
7718,971.8,0.0
7719,971.9,0.0
7720,972.0,0.0
7721,972.1,0.0
7722,972.2,0.0
7723,972.3,0.0
7724,972.4,0.0
7725,972.5,0.0
7726,972.6,0.0
7727,972.7,0.0
7728,972.8,0.0
7729,972.9,0.0
7730,973.0,0.0
7731,973.1,0.0
7732,973.2,0.0
7733,973.3,0.0
7734,973.4,0.0
7735,973.5,0.0
7736,973.6,0.0
7737,973.7,0.0
7738,973.8,0.0
7739,973.9,0.0
7740,974.0,0.0
7741,974.1,0.0
7742,974.2,0.0
7743,974.3,0.0
7744,974.4,0.0
7745,974.5,0.0
7746,974.6,0.0
7747,974.7,0.0
7748,974.8,0.0
7749,974.9,0.0
7750,975.0,0.0
7751,975.1,0.0
7752,975.2,0.0
7753,975.3,0.0
7754,975.4,0.0
7755,975.5,0.0
7756,975.6,0.0
7757,975.7,0.0
7758,975.8,0.0
7759,975.9,0.0
7760,976.0,0.0
7761,976.1,0.0
7762,976.2,0.0
7763,976.3,0.0
7764,976.4,0.0
7765,976.5,0.0
7766,976.6,0.0
7767,976.7,0.0
7768,976.8,0.0
7769,976.9,0.0
7770,977.0,0.0
7771,977.1,0.0
7772,977.2,0.0
7773,977.3,0.0
7774,977.4,0.0
7775,977.5,0.0
7776,977.6,0.0
7777,977.7,0.0
7778,977.8,0.0
7779,977.9,0.0
7780,978.0,0.0
7781,978.1,0.0
7782,978.2,0.0
7783,978.3,0.0
7784,978.4,0.0
7785,978.5,0.0
7786,978.6,0.0
7787,978.7,0.0
7788,978.8,0.0
7789,978.9,0.0
7790,979.0,0.0
7791,979.1,0.0
7792,979.2,0.0
7793,979.3,0.0
7794,979.4,0.0
7795,979.5,0.0
7796,979.6,0.0
7797,979.7,0.0
7798,979.8,0.0
7799,979.9,0.0
7800,980.0,0.0
7801,980.1,0.0
7802,980.2,0.0
7803,980.3,0.0
7804,980.4,0.0
7805,980.5,0.0
7806,980.6,0.0
7807,980.7,0.0
7808,980.8,0.0
7809,980.9,0.0
7810,981.0,0.001
7811,981.1,0.001
7812,981.2,0.001
7813,981.3,0.002
7814,981.4,0.002
7815,981.5,0.004
7816,981.6,0.005
7817,981.7,0.007
7818,981.8,0.011
7819,981.9,0.015
7820,982.0,0.022
7821,982.1,0.031
7822,982.2,0.043
7823,982.3,0.06
7824,982.4,0.084
7825,982.5,0.117
7826,982.6,0.162
7827,982.7,0.224
7828,982.8,0.308
7829,982.9,0.422
7830,983.0,0.576
7831,983.1,0.783
7832,983.2,1.06
7833,983.3,1.43
7834,983.4,1.92
7835,983.5,2.569
7836,983.6,3.423
7837,983.7,4.542
7838,983.8,6.007
7839,983.9,7.911
7840,984.0,10.38
7841,984.1,13.56
7842,984.2,17.65
7843,984.3,22.88
7844,984.4,29.55
7845,984.5,38.01
7846,984.6,48.689
7847,984.7,62.15
7848,984.8,79.0
7849,984.9,100.0
7850,985.0,126.2
7851,985.1,158.5
7852,985.2,198.4
7853,985.3,247.3
7854,985.4,307.047
7855,985.5,379.8
7856,985.6,467.9
7857,985.7,574.2
7858,985.8,701.8
7859,985.9,854.5
7860,986.0,1036.0
7861,986.1,1252.0
7862,986.2,1506.792
7863,986.3,1806.0
7864,986.4,2156.0
7865,986.5,2564.0
7866,986.6,3037.0
7867,986.7,3583.0
7868,986.8,4211.0
7869,986.9,4930.0
7870,987.0,5749.0
7871,987.1,6677.923
7872,987.2,7727.0
7873,987.3,8905.0
7874,987.4,10220.0
7875,987.5,11690.0
7876,987.6,13310.0
7877,987.7,15100.0
7878,987.8,17070.0
7879,987.9,19220.955
7880,988.0,21550.0
7881,988.1,24060.0
7882,988.2,26770.0
7883,988.3,29670.0
7884,988.4,32750.0
7885,988.5,36000.0
7886,988.6,39430.0
7887,988.7,43015.335
7888,988.8,46740.0
7889,988.9,50590.0
7890,989.0,54540.0
7891,989.1,58570.0
7892,989.2,62660.0
7893,989.3,66760.0
7894,989.4,70860.0
7895,989.5,74910.0
7896,989.6,78880.797
7897,989.7,82740.0
7898,989.8,86450.0
7899,989.9,89970.0
7900,990.0,93270.0
7901,990.1,96310.0
7902,990.2,99060.0
7903,990.3,101500.0
7904,990.4,103592.024
7905,990.5,105300.0
7906,990.6,106600.0
7907,990.7,107500.0
7908,990.8,108000.0
7909,990.9,108100.0
7910,991.0,107700.0
7911,991.1,107000.0
7912,991.2,105803.395
7913,991.3,104200.0
7914,991.4,102300.0
7915,991.5,99960.0
7916,991.6,97320.0
7917,991.7,94380.0
7918,991.8,91170.0
7919,991.9,87720.0
7920,992.0,84070.0
7921,992.1,80262.889
7922,992.2,76330.0
7923,992.3,72300.0
7924,992.4,68210.0
7925,992.5,64110.0
7926,992.6,60010.0
7927,992.7,55960.0
7928,992.8,51980.0
7929,992.9,48093.555
7930,993.0,44320.0
7931,993.1,40680.0
7932,993.2,37200.0
7933,993.3,33880.0
7934,993.4,30730.0
7935,993.5,27770.0
7936,993.6,25000.0
7937,993.7,22416.093
7938,993.8,20020.0
7939,993.9,17810.0
7940,994.0,15780.0
7941,994.1,13930.0
7942,994.2,12080.0
7943,994.3,10001.272
7944,994.4,7465.09
7945,994.5,4242.725
7946,994.6,105.449
7947,994.7,0.0
7948,994.8,0.0
7949,994.9,0.0
7950,995.0,0.0
7951,995.1,0.0
7952,995.2,0.0
7953,995.3,0.0
7954,995.4,0.0
7955,995.5,0.0
7956,995.6,0.0
7957,995.7,0.0
7958,995.8,0.0
7959,995.9,0.0
7960,996.0,0.0
7961,996.1,0.0
7962,996.2,0.0
7963,996.3,0.0
7964,996.4,0.0
7965,996.5,0.0
7966,996.6,0.0
7967,996.7,0.0
7968,996.8,0.0
7969,996.9,0.0
7970,997.0,0.0
7971,997.1,0.0
7972,997.2,0.0
7973,997.3,0.0
7974,997.4,0.0
7975,997.5,0.0
7976,997.6,0.0
7977,997.7,0.0
7978,997.8,0.0
7979,997.9,0.0
7980,998.0,0.0
7981,998.1,0.0
7982,998.2,0.0
7983,998.3,0.0
7984,998.4,0.0
7985,998.5,0.0
7986,998.6,0.0
7987,998.7,0.0
7988,998.8,0.0
7989,998.9,0.0
7990,999.0,0.0
7991,999.1,0.0
7992,999.2,0.0
7993,999.3,0.0
7994,999.4,0.0
7995,999.5,0.0
7996,999.6,0.0
7997,999.7,0.0
7998,999.8,0.0
7999,999.9,0.0
