,wavelength,intensity
0,200.0,0.007
1,200.1,0.201
2,200.2,3.532
3,200.3,39.778
4,200.4,290.887
5,200.5,1375.386
6,200.6,4207.393
7,200.7,8402.665
8,200.8,11350.0
9,200.9,11780.0
10,201.0,12131.239
11,201.1,13241.467
12,201.2,12011.266
13,201.3,7587.656
14,201.4,3152.332
15,201.5,848.522
16,201.6,159.7
17,201.7,754.5
18,201.8,30414.87
19,201.9,794535.262
20,202.0,13430474.01
21,202.1,149612467.441
22,202.2,1089403488.769
23,202.3,5134872088.665
24,202.4,15721930899.945
25,202.5,31309999999.979
26,202.6,40528802984.491
27,202.7,34124507243.013
28,202.8,18675416719.684
29,202.9,6650500526.772
30,203.0,1537728996.747
31,203.1,231442271.5
32,203.2,22640498.712
33,203.3,1440000.0
34,203.4,59550.0
35,203.5,1553.39
36,203.6,21.625
37,203.7,0.0
38,203.8,0.0
39,203.9,0.0
40,204.0,0.0
41,204.1,0.0
42,204.2,0.0
43,204.3,0.0
44,204.4,0.0
45,204.5,0.0
46,204.6,0.0
47,204.7,0.0
48,204.8,0.0
49,204.9,0.0
50,205.0,0.0
51,205.1,0.048
52,205.2,1.459
53,205.3,73.887
54,205.4,3196.439
55,205.5,94448.522
56,205.6,1846731.675
57,205.7,24302544.372
58,205.8,210799999.999
59,205.9,1206999999.994
60,206.0,4558872339.789
61,206.1,11375499150.724
62,206.2,18727061280.838
63,206.3,20385535605.366
64,206.4,14690376489.261
65,206.5,7026895189.799
66,206.6,2253000000.011
67,206.7,494000000.003
68,206.8,77189500.902
69,206.9,9172062.413
70,207.0,880263.906
71,207.1,66645.09
72,207.2,3821.358
73,207.3,159.233
74,207.4,4.509
75,207.5,0.081
76,207.6,0.0
77,207.7,0.0
78,207.8,0.0
79,207.9,0.0
80,208.0,0.0
81,208.1,0.0
82,208.2,0.0
83,208.3,0.0
84,208.4,0.0
85,208.5,0.0
86,208.6,0.0
87,208.7,0.0
88,208.8,0.0
89,208.9,0.0
90,209.0,0.075
91,209.1,3.173
92,209.2,93.97
93,209.3,2169.624
94,209.4,35683.135
95,209.5,402238.488
96,209.6,3086186.495
97,209.7,15952533.599
98,209.8,55328137.008
99,209.9,129053196.451
100,210.0,203300000.0
101,210.1,218868705.953
102,210.2,164884226.568
103,210.3,90789236.514
104,210.4,38845239.949
105,210.5,13437232.342
106,210.6,3692842.22
107,210.7,762590.691
108,210.8,113200.0
109,210.9,12000.0
110,211.0,954.25
111,211.1,63.089
112,211.2,3.925
113,211.3,0.219
114,211.4,0.009
115,211.5,0.0
116,211.6,0.0
117,211.7,0.0
118,211.8,0.0
119,211.9,0.0
120,212.0,0.0
121,212.1,0.0
122,212.2,0.0
123,212.3,0.0
124,212.4,0.0
125,212.5,0.0
126,212.6,0.002
127,212.7,0.028
128,212.8,0.806
129,212.9,31.715
130,213.0,1116.041
131,213.1,30313.115
132,213.2,593049.861
133,213.3,7881000.0
134,213.4,71199999.999
135,213.5,437204112.867
136,213.6,1824633979.646
137,213.7,5177116168.628
138,213.8,9978567212.402
139,213.9,13077737610.285
140,214.0,11647315408.324
141,214.1,7050000000.039
142,214.2,2900000000.025
143,214.3,810984066.531
144,214.4,154101016.617
145,214.5,19895748.306
146,214.6,1728009.649
147,214.7,102866.233
148,214.8,4268.757
149,214.9,119.066
150,215.0,2.184
151,215.1,0.025
152,215.2,0.0
153,215.3,0.0
154,215.4,0.0
155,215.5,0.0
156,215.6,0.0
157,215.7,0.001
158,215.8,0.001
159,215.9,0.001
160,216.0,0.001
161,216.1,0.001
162,216.2,0.001
163,216.3,0.001
164,216.4,0.001
165,216.5,0.001
166,216.6,0.001
167,216.7,0.001
168,216.8,0.001
169,216.9,0.001
170,217.0,0.001
171,217.1,0.001
172,217.2,0.001
173,217.3,0.001
174,217.4,0.0
175,217.5,0.0
176,217.6,0.0
177,217.7,0.0
178,217.8,0.0
179,217.9,0.0
180,218.0,0.0
181,218.1,0.0
182,218.2,0.0
183,218.3,0.0
184,218.4,0.0
185,218.5,0.0
186,218.6,0.0
187,218.7,0.0
188,218.8,0.0
189,218.9,0.0
190,219.0,0.0
191,219.1,0.007
192,219.2,0.147
193,219.3,2.195
194,219.4,22.72
195,219.5,163.025
196,219.6,812.904
197,219.7,2814.874
198,219.8,6761.497
199,219.9,11272.805
200,220.0,13050.0
201,220.1,10480.32
202,220.2,5843.211
203,220.3,2260.962
204,220.4,607.013
205,220.5,113.138
206,220.6,14.663
207,220.7,1.317
208,220.8,0.082
209,220.9,0.004
210,221.0,0.0
211,221.1,0.0
212,221.2,0.0
213,221.3,0.0
214,221.4,0.0
215,221.5,0.0
216,221.6,0.0
217,221.7,0.0
218,221.8,0.0
219,221.9,0.0
220,222.0,0.0
221,222.1,0.0
222,222.2,0.0
223,222.3,0.0
224,222.4,0.0
225,222.5,0.0
226,222.6,0.0
227,222.7,0.0
228,222.8,0.0
229,222.9,0.002
230,223.0,0.044
231,223.1,0.731
232,223.2,8.639
233,223.3,71.71
234,223.4,418.3
235,223.5,1714.25
236,223.6,4940.055
237,223.7,10001.62
238,223.8,14225.301
239,223.9,14231.787
240,224.0,9995.846
241,224.1,4939.0
242,224.2,1714.0
243,224.3,418.192
244,224.4,71.696
245,224.5,8.641
246,224.6,0.724
247,224.7,0.043
248,224.8,0.002
249,224.9,0.0
250,225.0,0.0
251,225.1,0.0
252,225.2,0.0
253,225.3,0.001
254,225.4,0.027
255,225.5,0.835
256,225.6,19.157
257,225.7,323.39
258,225.8,3865.0
259,225.9,32720.0
260,226.0,196280.534
261,226.1,835042.434
262,226.2,2513714.44
263,226.3,5363710.395
264,226.4,8110244.31
265,226.5,8689594.743
266,226.6,6596000.0
267,226.7,3548000.0
268,226.8,1352446.513
269,226.9,365237.667
270,227.0,72949.9
271,227.1,42374.781
272,227.2,248357.63
273,227.3,1316366.703
274,227.4,4980981.411
275,227.5,13470000.0
276,227.6,26301126.215
277,227.7,38050929.401
278,227.8,43664279.037
279,227.9,44557418.913
280,228.0,43656670.815
281,228.1,38600723.229
282,228.2,27400904.807
283,228.3,14510000.0
284,228.4,5560000.0
285,228.5,1524593.512
286,228.6,297815.78
287,228.7,41478.882
288,228.8,4130.669
289,228.9,289.708
290,229.0,14.692
291,229.1,4.675
292,229.2,86.65
293,229.3,1296.758
294,229.4,13883.238
295,229.5,106342.758
296,229.6,585436.673
297,229.7,2317722.561
298,229.8,6633323.219
299,229.9,13922999.468
300,230.0,22130000.0
301,230.1,28331261.335
302,230.2,31804865.043
303,230.3,33544424.269
304,230.4,34272686.078
305,230.5,34404352.462
306,230.6,32862422.418
307,230.7,27162836.896
308,230.8,17680000.0
309,230.9,8590000.0
310,231.0,3039471.577
311,231.1,775690.867
312,231.2,142298.012
313,231.3,18765.911
314,231.4,1763.346
315,231.5,119.667
316,231.6,5.848
317,231.7,0.204
318,231.8,0.005
319,231.9,0.0
320,232.0,0.0
321,232.1,0.003
322,232.2,0.097
323,232.3,2.221
324,232.4,37.381
325,232.5,458.0
326,232.6,4024.61
327,232.7,25661.869
328,232.8,118473.279
329,232.9,397196.706
330,233.0,969230.906
331,233.1,1738403.36
332,233.2,2336607.191
333,233.3,2453000.0
334,233.4,2156000.0
335,233.5,1723392.541
336,233.6,1390318.628
337,233.7,1378880.918
338,233.8,1798331.81
339,233.9,2333645.265
340,234.0,2416012.012
341,234.1,1858000.0
342,234.2,1069000.0
343,234.3,589240.295
344,234.4,736881.794
345,234.5,1633518.439
346,234.6,3056914.999
347,234.7,4206256.219
348,234.8,4205936.494
349,234.9,3052752.565
350,235.0,1607000.0
351,235.1,614256.346
352,235.2,170317.889
353,235.3,34251.194
354,235.4,4978.67
355,235.5,527.768
356,235.6,40.933
357,235.7,2.289
358,235.8,0.092
359,235.9,0.003
360,236.0,0.0
361,236.1,0.0
362,236.2,0.0
363,236.3,0.0
364,236.4,0.001
365,236.5,0.036
366,236.6,0.883
367,236.7,15.74
368,236.8,205.291
369,236.9,1957.041
370,237.0,13617.69
371,237.1,69358.822
372,237.2,258558.316
373,237.3,704190.848
374,237.4,1402820.419
375,237.5,2042000.0
376,237.6,2173588.602
377,237.7,1691993.376
378,237.8,964274.511
379,237.9,410831.676
380,238.0,180670.461
381,238.1,279915.895
382,238.2,802157.872
383,238.3,1846000.0
384,238.4,3129000.0
385,238.5,3888705.376
386,238.6,3542322.779
387,238.7,2365473.846
388,238.8,1158459.068
389,238.9,415594.38
390,239.0,109225.231
391,239.1,21060.0
392,239.2,2976.0
393,239.3,308.304
394,239.4,23.378
395,239.5,1.323
396,239.6,0.055
397,239.7,0.002
398,239.8,0.0
399,239.9,0.0
400,240.0,0.0
401,240.1,0.0
402,240.2,0.0
403,240.3,0.005
404,240.4,0.152
405,240.5,3.344
406,240.6,53.664
407,240.7,644.733
408,240.8,5717.0
409,240.9,37430.0
410,241.0,180991.997
411,241.1,646683.564
412,241.2,1707086.189
413,241.3,3335786.406
414,241.4,4858535.941
415,241.5,5403089.179
416,241.6,4969000.0
417,241.7,4551000.0
418,241.8,4947025.309
419,241.9,6009779.272
420,242.0,7260527.748
421,242.1,8529394.842
422,242.2,9837202.779
423,242.3,11158440.662
424,242.4,12150359.766
425,242.5,11940000.0
426,242.6,10132064.191
427,242.7,7673139.943
428,242.8,5818133.865
429,242.9,4627158.119
430,243.0,3436144.576
431,243.1,2088317.856
432,243.2,973706.983
433,243.3,358100.0
434,243.4,256500.0
435,243.5,1142946.743
436,243.6,5595760.168
437,243.7,20677288.171
438,243.8,56836780.612
439,243.9,116199192.516
440,244.0,176688147.676
441,244.1,200000000.0
442,244.2,168500000.001
443,244.3,105740195.374
444,244.4,49525138.074
445,244.5,18113933.458
446,244.6,9291428.666
447,244.7,20126867.422
448,244.8,57308661.001
449,244.9,126498012.266
450,245.0,208599999.998
451,245.1,256259178.251
452,245.2,234593636.841
453,245.3,160141540.502
454,245.4,81381001.495
455,245.5,30834660.106
456,245.6,8704023.166
457,245.7,1831374.052
458,245.8,287100.0
459,245.9,33530.0
460,246.0,2918.84
461,246.1,186.341
462,246.2,8.942
463,246.3,0.331
464,246.4,0.009
465,246.5,0.0
466,246.6,0.0
467,246.7,0.0
468,246.8,0.0
469,246.9,0.0
470,247.0,0.0
471,247.1,0.0
472,247.2,0.0
473,247.3,0.0
474,247.4,0.0
475,247.5,0.0
476,247.6,0.0
477,247.7,0.0
478,247.8,0.0
479,247.9,0.0
480,248.0,0.0
481,248.1,0.0
482,248.2,0.0
483,248.3,0.0
484,248.4,0.0
485,248.5,0.0
486,248.6,0.0
487,248.7,0.0
488,248.8,0.0
489,248.9,0.0
490,249.0,0.006
491,249.1,0.208
492,249.2,4.904
493,249.3,87.374
494,249.4,1171.19
495,249.5,11785.755
496,249.6,89798.053
497,249.7,517727.1
498,249.8,2245794.626
499,249.9,7346148.009
500,250.0,18120000.0
501,250.1,33704947.575
502,250.2,47285591.042
503,250.3,50026975.64
504,250.4,39919237.04
505,250.5,24023156.732
506,250.6,10903154.408
507,250.7,3731606.973
508,250.8,963700.0
509,250.9,191000.0
510,251.0,58468.369
511,251.1,223546.674
512,251.2,1237407.427
513,251.3,5421926.161
514,251.4,18501389.991
515,251.5,48867185.568
516,251.6,99529999.998
517,251.7,155699999.999
518,251.8,187151784.496
519,251.9,174170487.826
520,252.0,132669618.18
521,252.1,110756262.074
522,252.2,175137894.511
523,252.3,399836907.392
524,252.4,814054915.094
525,252.5,1303999999.987
526,252.6,1616868080.699
527,252.7,1567434262.606
528,252.8,1259983953.256
529,252.9,997258103.421
530,253.0,980345545.305
531,253.1,1137361825.384
532,253.2,1259425867.78
533,253.3,1253000000.002
534,253.4,1188000000.002
535,253.5,1136497807.008
536,253.6,1047302989.021
537,253.7,846535040.843
538,253.8,561098060.717
539,253.9,297522682.666
540,254.0,129076321.649
541,254.1,53790000.001
542,254.2,30720000.0
543,254.3,24219891.957
544,254.4,18282073.818
545,254.5,11046782.59
546,254.6,5127987.158
547,254.7,1815590.881
548,254.8,509850.453
549,254.9,303146.327
550,255.0,1483000.0
551,255.1,8070608.055
552,255.2,33907738.822
553,255.3,108932037.92
554,255.4,267806501.455
555,255.5,504687735.707
556,255.6,731665345.695
557,255.7,819539783.594
558,255.8,714400000.006
559,255.9,489400000.008
560,256.0,266628166.94
561,256.1,117015260.67
562,256.2,41752980.571
563,256.3,12206983.587
564,256.4,3176140.917
565,256.5,1893987.802
566,256.6,5458000.0
567,256.7,19049999.999
568,256.8,56189247.777
569,256.9,131969096.832
570,257.0,241136092.359
571,257.1,339631732.014
572,257.2,367203273.124
573,257.3,304298621.554
574,257.4,193307300.304
575,257.5,94310000.003
576,257.6,35712204.917
577,257.7,10930197.509
578,257.8,3084641.114
579,257.9,1010562.949
580,258.0,398766.14
581,258.1,151086.155
582,258.2,47086.689
583,258.3,12010.0
584,258.4,6388.0
585,258.5,23873.638
586,258.6,100513.567
587,258.7,330296.185
588,258.8,841291.693
589,258.9,1676262.223
590,259.0,2679038.054
591,259.1,3599000.0
592,259.2,4369000.0
593,259.3,5132052.283
594,259.4,5987507.577
595,259.5,6993453.069
596,259.6,8518880.671
597,259.7,11418585.196
598,259.8,16525035.928
599,259.9,23343421.576
600,260.0,29070000.0
601,260.1,30500087.359
602,260.2,28111165.359
603,260.3,26686982.729
604,260.4,30088323.552
605,260.5,36084597.094
606,260.6,38335568.105
607,260.7,33955965.903
608,260.8,27700000.0
609,260.9,27810000.0
610,261.0,38012831.802
611,261.1,52757915.103
612,261.2,60800603.67
613,261.3,54936038.09
614,261.4,38466253.215
615,261.5,20948421.75
616,261.6,9365000.0
617,261.7,4862000.0
618,261.8,5416264.781
619,261.9,8451760.482
620,262.0,11352462.516
621,262.1,11926516.137
622,262.2,9710461.426
623,262.3,6110109.447
624,262.4,2974285.394
625,262.5,1132000.0
626,262.6,405471.292
627,262.7,445413.093
628,262.8,1367504.128
629,262.9,3909180.255
630,263.0,9084821.452
631,263.1,17615906.39
632,263.2,30062651.246
633,263.3,47829999.999
634,263.4,72439999.999
635,263.5,102077436.488
636,263.6,130988900.808
637,263.7,155830417.232
638,263.8,179204918.209
639,263.9,205834783.689
640,264.0,237957049.339
641,264.1,275099999.999
642,264.2,313099999.999
643,264.3,349251320.748
644,264.4,391206495.488
645,264.5,444007757.562
646,264.6,483742780.493
647,264.7,465626460.374
648,264.8,372590741.169
649,264.9,239926484.488
650,265.0,122600000.004
651,265.1,49376165.599
652,265.2,15649569.843
653,265.3,3967749.831
654,265.4,1025939.238
655,265.5,768331.322
656,265.6,1246038.367
657,265.7,1853983.871
658,265.8,2321000.0
659,265.9,2694000.0
660,266.0,3323252.595
661,266.1,4389966.381
662,266.2,5442812.895
663,266.3,5668350.938
664,266.4,4752056.505
665,266.5,3282812.648
666,266.6,2288000.0
667,266.7,2527000.0
668,266.8,4102139.237
669,266.9,6306839.454
670,267.0,7833298.829
671,267.1,7633817.033
672,267.2,5812825.476
673,267.3,3462072.347
674,267.4,1652460.918
675,267.5,809500.0
676,267.6,988403.734
677,267.7,2352901.089
678,267.8,5095123.548
679,267.9,8742695.924
680,268.0,11743278.412
681,268.1,12333236.115
682,268.2,10133668.948
683,268.3,6508000.0
684,268.4,3269000.0
685,268.5,1284271.122
686,268.6,394271.621
687,268.7,94691.308
688,268.8,17788.703
689,268.9,2605.906
690,269.0,299.633
691,269.1,26.96
692,269.2,1.894
693,269.3,0.104
694,269.4,0.004
695,269.5,0.0
696,269.6,0.0
697,269.7,0.0
698,269.8,0.0
699,269.9,0.0
700,270.0,0.0
701,270.1,0.0
702,270.2,0.0
703,270.3,0.0
704,270.4,0.003
705,270.5,0.087
706,270.6,1.721
707,270.7,27.587
708,270.8,348.3
709,270.9,3461.0
710,271.0,27064.133
711,271.1,166521.493
712,271.2,808146.548
713,271.3,3086934.921
714,271.4,9275592.508
715,271.5,21942975.403
716,271.6,40869999.999
717,271.7,59919999.999
718,271.8,69166555.437
719,271.9,62851782.554
720,272.0,44975421.683
721,272.1,25329365.359
722,272.2,11231166.995
723,272.3,3920674.185
724,272.4,1076954.754
725,272.5,234900.0
726,272.6,53189.502
727,272.7,87402.652
728,272.8,393500.398
729,272.9,1490133.608
730,273.0,4486376.741
731,273.1,10748044.251
732,273.2,20584155.838
733,273.3,31720000.0
734,273.4,39640000.0
735,273.5,40564982.374
736,273.6,34322299.321
737,273.7,24187524.806
738,273.8,14235552.896
739,273.9,7028309.523
740,274.0,3260465.195
741,274.1,3215000.0
742,274.2,9364000.0
743,274.3,28776411.022
744,274.4,71689188.071
745,274.5,141896762.602
746,274.6,224312130.536
747,274.7,288516989.096
748,274.8,319029217.552
749,274.9,340679193.134
750,275.0,398599999.996
751,275.1,499549970.89
752,275.2,586400153.328
753,275.3,586535021.666
754,275.4,485360655.694
755,275.5,340558298.098
756,275.6,226578421.716
757,275.7,176487410.049
758,275.8,174200000.0
759,275.9,185300000.0
760,276.0,189052096.673
761,276.1,185661597.614
762,276.2,185221967.53
763,276.3,194137414.152
764,276.4,208473977.361
765,276.5,212996151.754
766,276.6,192100000.002
767,276.7,145500000.002
768,276.8,89949243.107
769,276.9,44774485.563
770,277.0,17825096.103
771,277.1,5652275.287
772,277.2,1427370.312
773,277.3,286745.616
774,277.4,45731.512
775,277.5,5807.0
776,277.6,581.79
777,277.7,46.579
778,277.8,2.986
779,277.9,0.149
780,278.0,0.006
781,278.1,0.0
782,278.2,0.0
783,278.3,0.0
784,278.4,0.0
785,278.5,0.0
786,278.6,0.0
787,278.7,0.0
788,278.8,0.0
789,278.9,0.0
790,279.0,0.001
791,279.1,0.026
792,279.2,0.61
793,279.3,11.601
794,279.4,175.293
795,279.5,2101.535
796,279.6,20262.877
797,279.7,157191.733
798,279.8,968637.983
799,279.9,4768992.323
800,280.0,18759999.999
801,280.1,58970409.278
802,280.2,148102918.257
803,280.3,297572699.969
804,280.4,479262519.792
805,280.5,624632951.485
806,280.6,677886087.644
807,280.7,662895111.783
808,280.8,676799999.997
809,280.9,789799999.993
810,281.0,954127739.269
811,281.1,1033834531.676
812,281.2,934422166.403
813,281.3,698775474.537
814,281.4,466729504.016
815,281.5,365480226.283
816,281.6,433699999.993
817,281.7,613099999.991
818,281.8,785690213.851
819,281.9,843766819.096
820,282.0,758262529.93
821,282.1,583534307.023
822,282.2,401573935.547
823,282.3,273556801.528
824,282.4,241216336.781
825,282.5,344299999.992
826,282.6,604835896.913
827,282.7,977251384.37
828,282.8,1326458975.002
829,282.9,1496829072.026
830,283.0,1435964363.925
831,283.1,1230041833.7
832,283.2,1013434532.179
833,283.3,847400000.007
834,283.4,715100000.006
835,283.5,590574809.54
836,283.6,478419756.939
837,283.7,401096206.898
838,283.8,379272092.501
839,283.9,429022079.713
840,284.0,551522233.274
841,284.1,712399999.992
842,284.2,838299999.996
843,284.3,858504899.048
844,284.4,761724576.842
845,284.5,603081872.641
846,284.6,451000762.3
847,284.7,339128708.777
848,284.8,271729030.403
849,284.9,248702553.675
850,285.0,265999999.998
851,285.1,301475972.691
852,285.2,322795934.503
853,285.3,318627670.301
854,285.4,309561099.765
855,285.5,318926060.835
856,285.6,338989604.932
857,285.7,338257957.26
858,285.8,301900000.002
859,285.9,256700000.002
860,286.0,249239868.403
861,286.1,300390681.127
862,286.2,379847930.023
863,286.3,425873167.677
864,286.4,395348306.612
865,286.5,298003099.911
866,286.6,181400000.005
867,286.7,89050000.004
868,286.8,35247144.227
869,286.9,11315025.753
870,287.0,3387560.875
871,287.1,3222133.853
872,287.2,11305771.091
873,287.3,38631163.399
874,287.4,107515675.994
875,287.5,241799999.991
876,287.6,439659083.005
877,287.7,646338444.061
878,287.8,771250551.769
879,287.9,757261108.335
880,288.0,643556059.323
881,288.1,548531082.353
882,288.2,577886297.219
883,288.3,737199999.99
884,288.4,920699999.993
885,288.5,991010818.734
886,288.6,890801885.875
887,288.7,682862984.927
888,288.8,483535239.631
889,288.9,364822690.917
890,289.0,320494106.073
891,289.1,301600000.001
892,289.2,266800000.002
893,289.3,206130144.91
894,289.4,134676474.366
895,289.5,73320330.989
896,289.6,32946793.708
897,289.7,12147242.271
898,289.8,3658288.162
899,289.9,896701.746
900,290.0,178800.0
901,290.1,29443.952
902,290.2,8637.786
903,290.3,32417.287
904,290.4,172398.448
905,290.5,758470.228
906,290.6,2722992.374
907,290.7,8000560.211
908,290.8,19279999.999
909,290.9,38179999.999
910,291.0,62292504.338
911,291.1,83927720.619
912,291.2,93564814.467
913,291.3,86444298.138
914,291.4,66234444.63
915,291.5,42073191.131
916,291.6,22140000.001
917,291.7,9635000.0
918,291.8,3469696.674
919,291.9,1086048.604
920,292.0,578064.883
921,292.1,1447146.786
922,292.2,4833625.915
923,292.3,13572128.035
924,292.4,31217659.845
925,292.5,59119999.998
926,292.6,93748715.844
927,292.7,129050269.343
928,292.8,163925666.206
929,292.9,205489860.752
930,293.0,258261567.498
931,293.1,310825579.368
932,293.2,342150839.731
933,293.3,345500000.0
934,293.4,342100000.0
935,293.5,361914769.41
936,293.6,414345053.653
937,293.7,481514713.896
938,293.8,538008524.638
939,293.9,573295280.614
940,294.0,597356375.211
941,294.1,628999999.998
942,294.2,676799999.997
943,294.3,731512845.014
944,294.4,772673916.875
945,294.5,778102303.063
946,294.6,728985757.204
947,294.7,620853030.807
948,294.8,474462122.575
949,294.9,331142368.55
950,295.0,231100000.004
951,295.1,199506888.904
952,295.2,245106469.923
953,295.3,357491028.022
954,295.4,502520357.61
955,295.5,630225643.064
956,295.6,702812891.397
957,295.7,716873678.806
958,295.8,690300000.002
959,295.9,631900000.004
960,296.0,535035731.214
961,296.1,401886335.474
962,296.2,258875029.74
963,296.3,140221499.262
964,296.4,64016778.19
965,296.5,26321395.031
966,296.6,12730000.0
967,296.7,10050000.0
968,296.8,10465427.91
969,296.9,10630530.077
970,297.0,9733267.559
971,297.1,8043607.906
972,297.2,6144664.896
973,297.3,4850967.874
974,297.4,5627072.968
975,297.5,11020000.0
976,297.6,24293304.062
977,297.7,47084571.923
978,297.8,75824995.611
979,297.9,100494632.555
980,298.0,109858054.912
981,298.1,99610272.741
982,298.2,76221359.587
983,298.3,51100000.001
984,298.4,32280000.001
985,298.5,21699171.406
986,298.6,18415782.809
987,298.7,22067563.945
988,298.8,32708853.466
989,298.9,47919885.351
990,299.0,61404827.104
991,299.1,65860000.0
992,299.2,58340000.001
993,299.3,42497874.932
994,299.4,25447928.454
995,299.5,12632285.226
996,299.6,5537780.849
997,299.7,3075248.032
998,299.8,3669683.495
999,299.9,6127210.614
1000,300.0,9297000.0
1001,300.1,11738942.31
1002,300.2,12213760.72
1003,300.3,10437541.578
1004,300.4,7333297.142
1005,300.5,4233837.081
1006,300.6,2010371.095
1007,300.7,788516.336
1008,300.8,287900.0
1009,300.9,301700.0
1010,301.0,1262750.9
1011,301.1,5455595.477
1012,301.2,19633644.91
1013,301.3,58197703.29
1014,301.4,142081204.584
1015,301.5,285766520.86
1016,301.6,473599999.989
1017,301.7,647699999.992
1018,301.8,733235246.605
1019,301.9,693585560.74
1020,302.0,562942317.957
1021,302.1,418072461.888
1022,302.2,317659592.944
1023,302.3,268598819.94
1024,302.4,243438348.875
1025,302.5,220600000.001
1026,302.6,207561713.862
1027,302.7,230763078.285
1028,302.8,304934345.093
1029,302.9,408500752.728
1030,303.0,487760147.084
1031,303.1,492304235.475
1032,303.2,412776422.901
1033,303.3,286100000.008
1034,303.4,163700000.006
1035,303.5,77304833.94
1036,303.6,30113435.988
1037,303.7,9680636.091
1038,303.8,2610833.759
1039,303.9,818364.916
1040,304.0,1312347.493
1041,304.1,4712000.0
1042,304.2,15089999.999
1043,304.3,40195214.434
1044,304.4,88894420.066
1045,304.5,163502694.42
1046,304.6,250615739.302
1047,304.7,321423139.103
1048,304.8,346098847.862
1049,304.9,314737008.696
1050,305.0,243800000.005
1051,305.1,165568170.151
1052,305.2,111298489.556
1053,305.3,106088748.924
1054,305.4,170316170.182
1055,305.5,317098706.151
1056,305.6,535818485.794
1057,305.7,772613584.397
1058,305.8,940299999.994
1059,305.9,965300000.003
1060,306.0,845824223.698
1061,306.1,671360970.801
1062,306.2,588411669.7
1063,306.3,739478321.652
1064,306.4,1193886941.99
1065,306.5,1877322384.672
1066,306.6,2560999999.965
1067,306.7,2968999999.987
1068,306.8,3002874243.005
1069,306.9,2867306483.281
1070,307.0,2970415808.2
1071,307.1,3628131370.916
1072,307.2,4840551654.129
1073,307.3,6299908951.118
1074,307.4,7600544110.203
1075,307.5,8486999999.959
1076,307.6,8958464465.295
1077,307.7,9151415034.68
1078,307.8,9109001455.643
1079,307.9,8657907898.741
1080,308.0,7573960265.611
1081,308.1,5905556037.513
1082,308.2,4074462160.536
1083,308.3,2672000000.062
1084,308.4,2185999999.995
1085,308.5,2884121121.484
1086,308.6,4732541360.778
1087,308.7,7249602715.743
1088,308.8,9485832015.825
1089,308.9,10414370129.899
1090,309.0,9558324507.985
1091,309.1,7346000000.161
1092,309.2,4744000000.153
1093,309.3,2608608481.767
1094,309.4,1295343527.682
1095,309.5,709961081.209
1096,309.6,575877037.734
1097,309.7,625266204.317
1098,309.8,681183543.203
1099,309.9,682330260.012
1100,310.0,679499999.998
1101,310.1,791649894.234
1102,310.2,1122542411.563
1103,310.3,1676595089.901
1104,310.4,2323217736.54
1105,310.5,2842538451.445
1106,310.6,3029618124.37
1107,310.7,2816217447.011
1108,310.8,2299000000.038
1109,310.9,1681000000.037
1110,311.0,1147509348.988
1111,311.1,780973810.955
1112,311.2,559934854.46
1113,311.3,430151904.976
1114,311.4,362943166.461
1115,311.5,367747094.168
1116,311.6,461799999.991
1117,311.7,633299999.988
1118,311.8,826963809.049
1119,311.9,963802279.631
1120,312.0,981393248.187
1121,312.1,867343556.706
1122,312.2,664373280.99
1123,312.3,445269869.026
1124,312.4,276744190.807
1125,312.5,195600000.002
1126,312.6,206346481.259
1127,312.7,290013644.623
1128,312.8,413413644.906
1129,312.9,535639435.137
1130,313.0,616690683.095
1131,313.1,627741489.617
1132,313.2,561906608.409
1133,313.3,438300000.009
1134,313.4,295100000.009
1135,313.5,170045918.756
1136,313.6,83407340.721
1137,313.7,35833655.016
1138,313.8,17547791.164
1139,313.9,20601251.49
1140,314.0,44433578.983
1141,314.1,93269999.996
1142,314.2,167799999.994
1143,314.3,257628256.61
1144,314.4,343038813.405
1145,314.5,407974084.721
1146,314.6,452018422.181
1147,314.7,485445055.65
1148,314.8,516394034.226
1149,314.9,548652728.395
1150,315.0,591399999.996
1151,315.1,662508843.513
1152,315.2,770155122.164
1153,315.3,893580318.662
1154,315.4,988572202.304
1155,315.5,1016854102.875
1156,315.6,986195449.469
1157,315.7,971242704.98
1158,315.8,1113999999.982
1159,315.9,1563999999.958
1160,316.0,2371628243.074
1161,316.1,3381187425.281
1162,316.2,4241463890.1
1163,316.3,4593816917.474
1164,316.4,4337430238.078
1165,316.5,3722910445.896
1166,316.6,3186000000.025
1167,316.7,3016999999.998
1168,316.8,3161876283.41
1169,316.9,3295046345.678
1170,317.0,3103410695.913
1171,317.1,2520370864.793
1172,317.2,1733418708.447
1173,317.3,1003237802.254
1174,317.4,487403228.92
1175,317.5,199100000.013
1176,317.6,69592667.591
1177,317.7,24563093.458
1178,317.8,17544027.543
1179,317.9,28434551.357
1180,318.0,49973491.802
1181,318.1,76957689.788
1182,318.2,102634491.447
1183,318.3,122399999.999
1184,318.4,141999999.998
1185,318.5,186575665.003
1186,318.6,309333865.865
1187,318.7,590130644.103
1188,318.8,1107026424.636
1189,318.9,1864250364.108
1190,319.0,2713442673.822
1191,319.1,3363999999.97
1192,319.2,3531000000.009
1193,319.3,3128296247.023
1194,319.4,2339927983.165
1195,319.5,1483084197.081
1196,319.6,817157869.934
1197,319.7,448387122.041
1198,319.8,370539133.938
1199,319.9,547202153.397
1200,320.0,942899999.967
1201,320.1,1485731709.228
1202,320.2,2024261185.429
1203,320.3,2353612092.863
1204,320.4,2323782526.776
1205,320.5,1943302156.927
1206,320.6,1375983113.286
1207,320.7,825351677.502
1208,320.8,423200000.022
1209,320.9,192600000.011
1210,321.0,96087004.256
1211,321.1,95622413.311
1212,321.2,187464282.031
1213,321.3,405639804.095
1214,321.4,801197231.572
1215,321.5,1395526177.792
1216,321.6,2126999999.948
1217,321.7,2826999999.958
1218,321.8,3296997289.034
1219,321.9,3442145087.939
1220,322.0,3363261328.36
1221,322.1,3294217072.099
1222,322.2,3405452677.894
1223,322.3,3664455750.872
1224,322.4,3885359719.271
1225,322.5,3939000000.002
1226,322.6,3903928607.682
1227,322.7,4008583105.044
1228,322.8,4431196995.568
1229,322.9,5193438310.906
1230,323.0,6293381906.681
1231,323.1,7936016534.976
1232,323.2,10533018589.218
1233,323.3,14329999999.697
1234,323.4,18909999999.675
1235,323.5,23189346914.839
1236,323.6,25923494228.982
1237,323.7,26460042601.455
1238,323.8,25002703807.716
1239,323.9,22344652364.388
1240,324.0,19256881081.169
1241,324.1,16170000000.214
1242,324.2,13200000000.206
1243,324.3,10346367472.564
1244,324.4,7718843675.653
1245,324.5,5602287541.024
1246,324.6,4299879221.489
1247,324.7,3922542525.773
1248,324.8,4277855547.254
1249,324.9,4977312257.736
1250,325.0,5677999999.955
1251,325.1,6224275034.972
1252,325.2,6579240660.574
1253,325.3,6660862989.862
1254,325.4,6318643417.377
1255,325.5,5481150238.676
1256,325.6,4317725462.439
1257,325.7,3206833371.651
1258,325.8,2565000000.022
1259,325.9,2634999999.969
1260,326.0,3354737632.341
1261,326.1,4344952718.543
1262,326.2,5067703459.135
1263,326.3,5101899882.203
1264,326.4,4383826999.446
1265,326.5,3214495623.579
1266,326.6,2035000000.076
1267,326.7,1178000000.046
1268,326.8,768562532.87
1269,326.9,775027731.102
1270,327.0,1079493649.641
1271,327.1,1512886032.054
1272,327.2,1883057049.772
1273,327.3,2040518182.811
1274,327.4,1969487183.253
1275,327.5,1803000000.011
1276,327.6,1728776622.106
1277,327.7,1856733556.116
1278,327.8,2138847911.321
1279,327.9,2419025728.325
1280,328.0,2540256219.838
1281,328.1,2452766950.809
1282,328.2,2213826203.775
1283,328.3,1949000000.017
1284,328.4,1790000000.005
1285,328.5,1835463432.25
1286,328.6,2105123810.946
1287,328.7,2493324408.151
1288,328.8,2784210948.444
1289,328.9,2770966938.237
1290,329.0,2393214939.644
1291,329.1,1773000000.05
1292,329.2,1122000000.044
1293,329.3,605422267.129
1294,329.4,278441352.529
1295,329.5,109694412.544
1296,329.6,39035217.314
1297,329.7,18780735.704
1298,329.8,25095215.817
1299,329.9,51948480.284
1300,330.0,99849999.996
1301,330.1,165066161.364
1302,330.2,233826980.106
1303,330.3,285966130.994
1304,330.4,308628085.508
1305,330.5,307573067.081
1306,330.6,305586948.642
1307,330.7,323968803.065
1308,330.8,363299999.997
1309,330.9,401699999.998
1310,331.0,413720393.621
1311,331.1,394227016.842
1312,331.2,367450335.766
1313,331.3,370984110.335
1314,331.4,430443185.168
1315,331.5,545297476.004
1316,331.6,697999999.987
1317,331.7,882799999.984
1318,331.8,1135937352.735
1319,331.9,1542179877.787
1320,332.0,2188654032.535
1321,332.1,3070537894.415
1322,332.2,4017480982.544
1323,332.3,4723888405.702
1324,332.4,4925273010.544
1325,332.5,4598000000.039
1326,332.6,4002507527.357
1327,332.7,3512705350.243
1328,332.8,3369456102.0
1329,332.9,3550590895.293
1330,333.0,3840781587.577
1331,333.1,4015387351.462
1332,333.2,3982091903.606
1333,333.3,3794000000.017
1334,333.4,3558000000.017
1335,333.5,3345370027.874
1336,333.6,3201655643.245
1337,333.7,3226526313.107
1338,333.8,3615784030.171
1339,333.9,4565106993.17
1340,334.0,6065239682.56
1341,334.1,7759999999.878
1342,334.2,9071999999.928
1343,334.3,9592850590.247
1344,334.4,9501076302.689
1345,334.5,9660827715.357
1346,334.6,11223294078.943
1347,334.7,14864255689.525
1348,334.8,20103126137.765
1349,334.9,25160299774.879
1350,335.0,27789999999.938
1351,335.1,26565596659.776
1352,335.2,21850994500.196
1353,335.3,15448328788.329
1354,335.4,9436475356.244
1355,335.5,5152614533.567
1356,335.6,2962213329.116
1357,335.7,2696234681.717
1358,335.8,4088999999.835
1359,335.9,6823999999.75
1360,336.0,10273618274.672
1361,336.1,13374905028.863
1362,336.2,14911720524.333
1363,336.3,14250732845.158
1364,336.4,11678211503.917
1365,336.5,8242142173.515
1366,336.6,5094000000.211
1367,336.7,2969000000.117
1368,336.8,2109372315.54
1369,336.9,2492692755.651
1370,337.0,4004246079.656
1371,337.1,6361062067.118
1372,337.2,8950447881.674
1373,337.3,10889234803.094
1374,337.4,11383732966.689
1375,337.5,10260000000.143
1376,337.6,8025684239.3
1377,337.7,5601390411.601
1378,337.8,3797386211.726
1379,337.9,3015957550.772
1380,338.0,3279476262.019
1381,338.1,4399308293.847
1382,338.2,6050941020.526
1383,338.3,7770999999.876
1384,338.4,9007999999.935
1385,338.5,9339351600.643
1386,338.6,8689326617.27
1387,338.7,7361016922.535
1388,338.8,5801654155.644
1389,338.9,4355748886.326
1390,339.0,3181832542.311
1391,339.1,2333000000.054
1392,339.2,1826000000.027
1393,339.3,1630669394.963
1394,339.4,1638609352.921
1395,339.5,1676773235.912
1396,339.6,1594765480.884
1397,339.7,1348232585.574
1398,339.8,996423328.772
1399,339.9,652592685.393
1400,340.0,398000000.016
1401,340.1,254737313.521
1402,340.2,194836124.347
1403,340.3,173693419.929
1404,340.4,156372530.348
1405,340.5,128525129.973
1406,340.6,92525801.136
1407,340.7,57511926.79
1408,340.8,30740000.002
1409,340.9,14120000.001
1410,341.0,5565697.399
1411,341.1,1882860.167
1412,341.2,547385.475
1413,341.3,136578.957
1414,341.4,29233.139
1415,341.5,5401.539
1416,341.6,889.1
1417,341.7,169.9
1418,341.8,78.13
1419,341.9,67.068
1420,342.0,57.481
1421,342.1,43.051
1422,342.2,27.765
1423,342.3,15.393
1424,342.4,7.338
1425,342.5,3.007
1426,342.6,1.061
1427,342.7,0.345
1428,342.8,0.416
1429,342.9,3.916
1430,343.0,39.868
1431,343.1,349.134
1432,343.2,2649.314
1433,343.3,17370.0
1434,343.4,98360.0
1435,343.5,481104.885
1436,343.6,2031259.073
1437,343.7,7411095.001
1438,343.8,23331290.805
1439,343.9,63395897.81
1440,344.0,148641535.879
1441,344.1,300699999.984
1442,344.2,524799999.979
1443,344.3,789973463.438
1444,344.4,1025430615.402
1445,344.5,1149217838.965
1446,344.6,1111533539.286
1447,344.7,932176260.964
1448,344.8,685221220.093
1449,344.9,459049320.194
1450,345.0,312000000.008
1451,345.1,258326430.438
1452,345.2,281417241.885
1453,345.3,354451792.026
1454,345.4,454105471.268
1455,345.5,560300073.211
1456,345.6,652503117.335
1457,345.7,711926596.318
1458,345.8,732200000.0
1459,345.9,726300000.001
1460,346.0,715497597.859
1461,346.1,708849475.198
1462,346.2,693647860.75
1463,346.3,647577218.196
1464,346.4,561342913.427
1465,346.5,447304939.147
1466,346.6,329200000.009
1467,346.7,226300000.008
1468,346.8,146838401.095
1469,346.9,90254052.999
1470,347.0,54242685.947
1471,347.1,38185734.338
1472,347.2,45036327.867
1473,347.3,81326700.801
1474,347.4,153873119.805
1475,347.5,261899999.99
1476,347.6,388188051.58
1477,347.7,498496285.406
1478,347.8,554876487.605
1479,347.9,537705502.855
1480,348.0,458754072.34
1481,348.1,353303948.149
1482,348.2,258308466.005
1483,348.3,192900000.004
1484,348.4,155600000.002
1485,348.5,135846736.513
1486,348.6,127468091.316
1487,348.7,134998329.23
1488,348.8,168441312.633
1489,348.9,232072190.702
1490,349.0,314995372.573
1491,349.1,391099999.995
1492,349.2,429899999.999
1493,349.3,413929852.914
1494,349.4,347749235.723
1495,349.5,255216620.578
1496,349.6,164701672.989
1497,349.7,97967847.269
1498,349.8,68122513.431
1499,349.9,87932674.671
1500,350.0,180499999.988
1501,350.1,379578692.409
1502,350.2,711930317.62
1503,350.3,1163913179.373
1504,350.4,1656852171.804
1505,350.5,2064496424.437
1506,350.6,2279419920.609
1507,350.7,2287372713.459
1508,350.8,2178000000.011
1509,350.9,2072000000.006
1510,351.0,2027269032.825
1511,351.1,1996247533.608
1512,351.2,1879447478.853
1513,351.3,1619763572.561
1514,351.4,1246606929.949
1515,351.5,858422456.046
1516,351.6,552100000.021
1517,351.7,380400000.009
1518,351.8,339715199.135
1519,351.9,386353748.653
1520,352.0,459563018.52
1521,352.1,503646647.178
1522,352.2,486688888.485
1523,352.3,409522101.925
1524,352.4,299187646.632
1525,352.5,189700000.009
1526,352.6,104581523.812
1527,352.7,51165902.025
1528,352.8,25805112.256
1529,352.9,23494592.967
1530,353.0,45088768.773
1531,353.1,99131368.913
1532,353.2,197071138.708
1533,353.3,341699999.986
1534,353.4,514699999.985
1535,353.5,673234329.972
1536,353.6,764550904.264
1537,353.7,753760125.066
1538,353.8,645296119.894
1539,353.9,479591068.542
1540,354.0,309486952.306
1541,354.1,173400000.01
1542,354.2,84340000.006
1543,354.3,35625959.701
1544,354.4,13057390.884
1545,354.5,4158312.466
1546,354.6,1148636.678
1547,354.7,275697.857
1548,354.8,57486.728
1549,354.9,10386.813
1550,355.0,1633.0
1551,355.1,221.923
1552,355.2,26.295
1553,355.3,2.712
1554,355.4,0.24
1555,355.5,0.019
1556,355.6,0.001
1557,355.7,0.0
1558,355.8,0.0
1559,355.9,0.0
1560,356.0,0.0
1561,356.1,0.0
1562,356.2,0.0
1563,356.3,0.0
1564,356.4,0.0
1565,356.5,0.0
1566,356.6,0.0
1567,356.7,0.0
1568,356.8,0.0
1569,356.9,0.0
1570,357.0,0.0
1571,357.1,0.0
1572,357.2,0.0
1573,357.3,0.0
1574,357.4,0.0
1575,357.5,0.0
1576,357.6,0.0
1577,357.7,0.0
1578,357.8,0.004
1579,357.9,0.054
1580,358.0,0.602
1581,358.1,5.795
1582,358.2,48.824
1583,358.3,358.7
1584,358.4,2299.0
1585,358.5,12846.518
1586,358.6,62578.776
1587,358.7,266495.734
1588,358.8,988700.345
1589,358.9,3199515.285
1590,359.0,9035771.993
1591,359.1,22259999.998
1592,359.2,47819999.997
1593,359.3,89640805.58
1594,359.4,146572581.704
1595,359.5,209042948.475
1596,359.6,260065805.217
1597,359.7,282362700.243
1598,359.8,267274993.48
1599,359.9,220745397.984
1600,360.0,159100000.006
1601,360.1,99993249.233
1602,360.2,54823391.614
1603,360.3,26223569.397
1604,360.4,10942059.275
1605,360.5,3982029.162
1606,360.6,1264591.026
1607,360.7,350179.856
1608,360.8,84600.0
1609,360.9,17830.0
1610,361.0,3286.162
1611,361.1,585.462
1612,361.2,501.871
1613,361.3,2601.182
1614,361.4,13718.23
1615,361.5,63613.058
1616,361.6,257400.0
1617,361.7,910800.0
1618,361.8,2817307.807
1619,361.9,7616929.721
1620,362.0,18004641.124
1621,362.1,37213251.757
1622,362.2,67229681.957
1623,362.3,106140702.748
1624,362.4,146585729.927
1625,362.5,176999999.998
1626,362.6,186771818.592
1627,362.7,172497034.43
1628,362.8,139763821.839
1629,362.9,100471716.445
1630,363.0,66726411.624
1631,363.1,46723155.671
1632,363.2,43141661.442
1633,363.3,54309999.998
1634,363.4,75639999.998
1635,363.5,101537248.046
1636,363.6,128118501.901
1637,363.7,156504461.77
1638,363.8,193231929.249
1639,363.9,245614671.255
1640,364.0,313619228.073
1641,364.1,383899999.994
1642,364.2,433399999.997
1643,364.3,440812636.767
1644,364.4,399321885.611
1645,364.5,320739413.788
1646,364.6,228771231.228
1647,364.7,146744877.606
1648,364.8,89107230.063
1649,364.9,60490808.418
1650,365.0,58459999.999
1651,365.1,77139354.759
1652,365.2,108521355.967
1653,365.3,143278923.903
1654,365.4,173736933.545
1655,365.5,198402322.535
1656,365.6,224892524.681
1657,365.7,266279403.599
1658,365.8,333099999.992
1659,365.9,423399999.991
1660,366.0,519496555.917
1661,366.1,593944184.682
1662,366.2,621233321.962
1663,366.3,589488885.141
1664,366.4,505176819.289
1665,366.5,389848298.2
1666,366.6,270400000.011
1667,366.7,168800000.008
1668,366.8,95971359.116
1669,366.9,51395545.015
1670,367.0,28087365.851
1671,367.1,17537565.311
1672,367.2,13021003.717
1673,367.3,10539625.876
1674,367.4,8362452.538
1675,367.5,6131000.0
1676,367.6,4047988.603
1677,367.7,2379822.927
1678,367.8,1239516.643
1679,367.9,570662.357
1680,368.0,233044.025
1681,368.1,89633.086
1682,368.2,50207.456
1683,368.3,80340.0
1684,368.4,195400.0
1685,368.5,450349.477
1686,368.6,918561.602
1687,368.7,1646697.663
1688,368.8,2592518.634
1689,368.9,3586094.001
1690,369.0,4355980.271
1691,369.1,4648000.0
1692,369.2,4356000.0
1693,369.3,3585967.855
1694,369.4,2596115.981
1695,369.5,1662074.202
1696,369.6,990821.283
1697,369.7,739622.31
1698,369.8,1215252.625
1699,369.9,3240314.623
1700,370.0,8657999.999
1701,370.1,20708363.363
1702,370.2,43633697.174
1703,370.3,80889746.974
1704,370.4,131845987.412
1705,370.5,188991442.242
1706,370.6,238210974.868
1707,370.7,263989737.217
1708,370.8,257300000.002
1709,370.9,220500000.005
1710,371.0,166258602.192
1711,371.1,110321947.555
1712,371.2,64686652.86
1713,371.3,34193124.147
1714,371.4,17947052.986
1715,371.5,12976798.706
1716,371.6,17259999.999
1717,371.7,30979999.998
1718,371.8,55701758.662
1719,371.9,92123612.065
1720,372.0,137259857.13
1721,372.1,183034567.573
1722,372.2,218105973.578
1723,372.3,232569057.226
1724,372.4,223160195.901
1725,372.5,194500000.003
1726,372.6,156848587.441
1727,372.7,120537312.903
1728,372.8,92362396.082
1729,372.9,73788755.086
1730,373.0,62171504.709
1731,373.1,53544216.912
1732,373.2,45157041.121
1733,373.3,37100000.001
1734,373.4,32940000.0
1735,373.5,40074647.944
1736,373.6,70167437.059
1737,373.7,138473449.952
1738,373.8,259302191.135
1739,373.9,435824054.156
1740,374.0,648727153.606
1741,374.1,852899999.982
1742,374.2,990499999.991
1743,374.3,1017832320.32
1744,374.4,929299129.751
1745,374.5,761049171.339
1746,374.6,569945128.738
1747,374.7,404945096.746
1748,374.8,289359036.703
1749,374.9,221885276.849
1750,375.0,191000000.002
1751,375.1,191125228.16
1752,375.2,234444534.835
1753,375.3,360685602.706
1754,375.4,644447515.657
1755,375.5,1192500810.375
1756,375.6,2115279182.862
1757,375.7,3464240953.011
1758,375.8,5156999999.821
1759,375.9,6934999999.83
1760,376.0,8404282909.25
1761,376.1,9167498357.092
1762,376.2,8996527968.532
1763,376.3,7935311168.51
1764,376.4,6285921639.667
1765,376.5,4464604988.195
1766,376.6,2839000000.145
1767,376.7,1614000000.101
1768,376.8,819619918.478
1769,376.9,372629895.959
1770,377.0,153414823.949
1771,377.1,59661329.86
1772,377.2,24641108.037
1773,377.3,12810742.182
1774,377.4,8520226.368
1775,377.5,6143000.0
1776,377.6,4220755.66
1777,377.7,2658124.283
1778,377.8,1618675.327
1779,377.9,1244408.986
1780,378.0,1718059.21
1781,378.1,3373943.612
1782,378.2,6705469.196
1783,378.3,12179999.999
1784,378.4,19879999.999
1785,378.5,29163618.248
1786,378.6,38569724.126
1787,378.7,46172966.581
1788,378.8,50206903.995
1789,378.9,49668357.543
1790,379.0,44759064.183
1791,379.1,36690000.001
1792,379.2,27290000.001
1793,379.3,18353687.502
1794,379.4,11126493.708
1795,379.5,6048447.709
1796,379.6,2942210.162
1797,379.7,1275989.534
1798,379.8,492611.786
1799,379.9,168985.899
1800,380.0,51420.0
1801,380.1,13866.7
1802,380.2,3312.998
1803,380.3,700.988
1804,380.4,130.93
1805,380.5,21.705
1806,380.6,3.189
1807,380.7,0.413
1808,380.8,0.047
1809,380.9,0.005
1810,381.0,0.0
1811,381.1,0.0
1812,381.2,0.0
1813,381.3,0.0
1814,381.4,0.0
1815,381.5,0.0
1816,381.6,0.0
1817,381.7,0.0
1818,381.8,0.0
1819,381.9,0.0
1820,382.0,0.0
1821,382.1,0.0
1822,382.2,0.0
1823,382.3,0.0
1824,382.4,0.0
1825,382.5,0.0
1826,382.6,0.0
1827,382.7,0.0
1828,382.8,0.0
1829,382.9,0.0
1830,383.0,0.0
1831,383.1,0.0
1832,383.2,0.0
1833,383.3,0.0
1834,383.4,0.0
1835,383.5,0.001
1836,383.6,0.01
1837,383.7,0.089
1838,383.8,0.696
1839,383.9,4.833
1840,384.0,29.931
1841,384.1,164.0
1842,384.2,797.8
1843,384.3,3445.874
1844,384.4,13217.139
1845,384.5,45033.421
1846,384.6,136342.545
1847,384.7,366842.44
1848,384.8,878190.008
1849,384.9,1872576.557
1850,385.0,3562000.0
1851,385.1,6069450.509
1852,385.2,9307878.285
1853,385.3,12945509.125
1854,385.4,16514344.327
1855,385.5,19562584.592
1856,385.6,21801505.013
1857,385.7,23069009.033
1858,385.8,23220000.0
1859,385.9,22160000.0
1860,386.0,20042332.614
1861,386.1,17445751.317
1862,386.2,15433316.645
1863,386.3,15117913.267
1864,386.4,17210194.936
1865,386.5,21597635.918
1866,386.6,27219999.999
1867,386.7,32450000.0
1868,386.8,35714120.725
1869,386.9,36143267.268
1870,387.0,33917502.981
1871,387.1,30016208.824
1872,387.2,25614046.041
1873,387.3,21551159.349
1874,387.4,18142573.112
1875,387.5,15510000.0
1876,387.6,14083984.635
1877,387.7,14847249.878
1878,387.8,19286575.602
1879,387.9,28660956.661
1880,388.0,43095259.907
1881,388.1,60706029.305
1882,388.2,77597243.568
1883,388.3,88979999.999
1884,388.4,91250000.0
1885,388.5,83675175.106
1886,388.6,68773890.671
1887,388.7,50918020.289
1888,388.8,34370883.23
1889,388.9,21796838.217
1890,389.0,14137410.088
1891,389.1,11470000.0
1892,389.2,14389999.999
1893,389.3,25507347.382
1894,389.4,50997874.947
1895,389.5,101570387.874
1896,389.6,191095422.841
1897,389.7,331078465.401
1898,389.8,520399822.895
1899,389.9,736201092.565
1900,390.0,932799999.982
1901,390.1,1055534546.078
1902,390.2,1065842659.122
1903,390.3,959243442.29
1904,390.4,769854366.743
1905,390.5,552391980.466
1906,390.6,358963306.407
1907,390.7,222624199.213
1908,390.8,155700000.003
1909,390.9,157099999.996
1910,391.0,218859641.761
1911,391.1,327112084.746
1912,391.2,458793078.346
1913,391.3,580769783.691
1914,391.4,657334895.299
1915,391.5,663834919.446
1916,391.6,597900000.011
1917,391.7,480300000.014
1918,391.8,344315741.185
1919,391.9,220852170.383
1920,392.0,127687458.467
1921,392.1,68121955.152
1922,392.2,35678229.581
1923,392.3,20878484.689
1924,392.4,15461822.37
1925,392.5,13980000.0
1926,392.6,13574028.477
1927,392.7,13144332.082
1928,392.8,12513167.431
1929,392.9,11770040.044
1930,393.0,10918432.979
1931,393.1,9847464.142
1932,393.2,8438022.022
1933,393.3,6719000.0
1934,393.4,4892000.0
1935,393.5,3222524.785
1936,393.6,1909971.28
1937,393.7,1017692.17
1938,393.8,502067.996
1939,393.9,279372.695
1940,394.0,311036.342
1941,394.1,670300.0
1942,394.2,1595000.0
1943,394.3,3500531.225
1944,394.4,6902552.093
1945,394.5,12192533.328
1946,394.6,19264756.815
1947,394.7,27279036.952
1948,394.8,34644378.997
1949,394.9,39610183.555
1950,395.0,41180000.0
1951,395.1,39827536.685
1952,395.2,37624183.603
1953,395.3,37487813.507
1954,395.4,41883466.155
1955,395.5,51582323.948
1956,395.6,65024819.362
1957,395.7,78692164.432
1958,395.8,88329999.999
1959,395.9,90750000.0
1960,396.0,85152463.269
1961,396.1,73280483.912
1962,396.2,58475144.102
1963,396.3,44018608.525
1964,396.4,31967792.143
1965,396.5,22841564.148
1966,396.6,16180000.001
1967,396.7,11260000.0
1968,396.8,7528410.281
1969,396.9,4730551.331
1970,397.0,2746194.461
1971,397.1,1467249.069
1972,397.2,752594.179
1973,397.3,485118.405
1974,397.4,645629.87
1975,397.5,1395000.0
1976,397.6,3113047.159
1977,397.7,6356291.648
1978,397.8,11651886.234
1979,397.9,19132552.127
1980,398.0,28152429.624
1981,398.1,37141228.972
1982,398.2,44101366.993
1983,398.3,47490000.0
1984,398.4,47160000.0
1985,398.5,44688338.452
1986,398.6,42673353.221
1987,398.7,43409285.604
1988,398.8,47518849.333
1989,398.9,53550569.526
1990,399.0,58643506.858
1991,399.1,60190000.0
1992,399.2,57310000.001
1993,399.3,51537473.223
1994,399.4,46165626.545
1995,399.5,44618707.102
1996,399.6,48790102.029
1997,399.7,57903178.509
1998,399.8,68744885.918
1999,399.9,76859979.348
2000,400.0,78620000.0
2001,400.1,72772390.627
2002,400.2,60945125.502
2003,400.3,46598248.646
2004,400.4,33426785.083
2005,400.5,23865825.452
2006,400.6,18614877.083
2007,400.7,16910993.552
2008,400.8,17320000.0
2009,400.9,18420000.0
2010,401.0,19244840.315
2011,401.1,19348889.48
2012,401.2,18737240.187
2013,401.3,17555272.946
2014,401.4,15939204.799
2015,401.5,14006185.99
2016,401.6,11940000.0
2017,401.7,10110000.0
2018,401.8,9014452.884
2019,401.9,9115975.391
2020,402.0,10696260.726
2021,402.1,13851653.511
2022,402.2,18646932.043
2023,402.3,25316435.199
2024,402.4,34405702.692
2025,402.5,46429999.998
2026,402.6,61207739.096
2027,402.7,77192454.305
2028,402.8,91337731.691
2029,402.9,99958404.898
2030,403.0,100327220.692
2031,403.1,91745203.842
2032,403.2,76305404.034
2033,403.3,57680000.002
2034,403.4,39640000.002
2035,403.5,24839564.061
2036,403.6,14309823.083
2037,403.7,7771711.525
2038,403.8,4247055.313
2039,403.9,2637946.862
2040,404.0,2041185.364
2041,404.1,1848000.0
2042,404.2,1718000.0
2043,404.3,1523320.553
2044,404.4,1283875.892
2045,404.5,1134128.188
2046,404.6,1317094.782
2047,404.7,2223121.775
2048,404.8,4438192.263
2049,404.9,8707779.324
2050,405.0,15699999.999
2051,405.1,25602120.959
2052,405.2,37584751.493
2053,405.3,49641371.417
2054,405.4,59078986.347
2055,405.5,63427541.159
2056,405.6,61669267.602
2057,405.7,54675026.247
2058,405.8,44780000.001
2059,405.9,34700000.001
2060,406.0,26408476.107
2061,406.1,20709438.012
2062,406.2,17362023.661
2063,406.3,15587628.753
2064,406.4,14527422.976
2065,406.5,13506293.686
2066,406.6,12130000.0
2067,406.7,10280000.0
2068,406.8,8103400.991
2069,406.9,5871125.869
2070,407.0,3882001.818
2071,407.1,2331795.975
2072,407.2,1268256.619
2073,407.3,622884.083
2074,407.4,276084.581
2075,407.5,110300.0
2076,407.6,39687.912
2077,407.7,12864.987
2078,407.8,3752.339
2079,407.9,984.184
2080,408.0,232.795
2081,408.1,49.559
2082,408.2,9.483
2083,408.3,1.632
2084,408.4,0.253
2085,408.5,0.035
2086,408.6,0.004
2087,408.7,0.0
2088,408.8,0.0
2089,408.9,0.0
2090,409.0,0.0
2091,409.1,0.0
2092,409.2,0.0
2093,409.3,0.0
2094,409.4,0.002
2095,409.5,0.012
2096,409.6,0.08
2097,409.7,0.492
2098,409.8,2.726
2099,409.9,13.605
2100,410.0,61.24
2101,410.1,248.1
2102,410.2,905.793
2103,410.3,2978.897
2104,410.4,8825.228
2105,410.5,23547.558
2106,410.6,56611.086
2107,410.7,122583.726
2108,410.8,239200.0
2109,410.9,420300.0
2110,411.0,665498.774
2111,411.1,948841.09
2112,411.2,1219583.606
2113,411.3,1411247.728
2114,411.4,1471838.352
2115,411.5,1381785.687
2116,411.6,1170000.0
2117,411.7,891500.0
2118,411.8,612172.857
2119,411.9,378723.428
2120,412.0,211042.913
2121,412.1,105944.764
2122,412.2,47918.539
2123,412.3,19526.6
2124,412.4,7172.017
2125,412.5,2375.0
2126,412.6,709.268
2127,412.7,191.391
2128,412.8,46.804
2129,412.9,10.403
2130,413.0,2.132
2131,413.1,0.416
2132,413.2,0.097
2133,413.3,0.066
2134,413.4,0.112
2135,413.5,0.207
2136,413.6,0.349
2137,413.7,0.533
2138,413.8,0.734
2139,413.9,0.911
2140,414.0,1.021
2141,414.1,1.031
2142,414.2,0.941
2143,414.3,0.781
2144,414.4,0.647
2145,414.5,0.969
2146,414.6,4.41
2147,414.7,27.192
2148,414.8,157.658
2149,414.9,829.291
2150,415.0,3946.0
2151,415.1,16938.171
2152,415.2,65672.455
2153,415.3,229880.341
2154,415.4,726994.385
2155,415.5,2076331.788
2156,415.6,5355679.235
2157,415.7,12479515.876
2158,415.8,26249999.998
2159,415.9,49879999.996
2160,416.0,85604161.861
2161,416.1,132675069.341
2162,416.2,186018190.564
2163,416.3,235700658.193
2164,416.4,270638296.628
2165,416.5,282917310.519
2166,416.6,271700000.003
2167,416.7,244800000.004
2168,416.8,214594478.277
2169,416.9,193008996.601
2170,417.0,185574988.089
2171,417.1,189756083.384
2172,417.2,196976990.165
2173,417.3,197404512.606
2174,417.4,184568245.525
2175,417.5,158300000.004
2176,417.6,123470674.133
2177,417.7,87298059.304
2178,417.8,55887178.137
2179,417.9,32491105.712
2180,418.0,17399755.155
2181,418.1,9070664.898
2182,418.2,5408890.35
2183,418.3,4586000.0
2184,418.4,5266000.0
2185,418.5,6523996.949
2186,418.6,7690751.734
2187,418.7,8303348.143
2188,418.8,8129625.246
2189,418.9,7201755.384
2190,419.0,5769771.612
2191,419.1,4179000.0
2192,419.2,2737000.0
2193,419.3,1620139.282
2194,419.4,867292.195
2195,419.5,419794.864
2196,419.6,183712.037
2197,419.7,72675.725
2198,419.8,25993.994
2199,419.9,8407.584
2200,420.0,2459.0
2201,420.1,649.691
2202,420.2,155.423
2203,420.3,33.618
2204,420.4,6.621
2205,420.5,1.373
2206,420.6,0.777
2207,420.7,1.533
2208,420.8,3.521
2209,420.9,7.51
2210,421.0,14.647
2211,421.1,26.084
2212,421.2,42.335
2213,421.3,62.567
2214,421.4,84.14
2215,421.5,102.9
2216,421.6,114.3
2217,421.7,115.2
2218,421.8,105.388
2219,421.9,87.508
2220,422.0,65.858
2221,422.1,44.93
2222,422.2,27.776
2223,422.3,15.557
2224,422.4,7.897
2225,422.5,3.63
2226,422.6,1.511
2227,422.7,0.57
2228,422.8,0.195
2229,422.9,0.06
2230,423.0,0.017
2231,423.1,0.004
2232,423.2,0.001
2233,423.3,0.0
2234,423.4,0.0
2235,423.5,0.001
2236,423.6,0.002
2237,423.7,0.007
2238,423.8,0.023
2239,423.9,0.069
2240,424.0,0.185
2241,424.1,0.454
2242,424.2,1.026
2243,424.3,2.124
2244,424.4,4.034
2245,424.5,7.029
2246,424.6,11.237
2247,424.7,16.48
2248,424.8,22.189
2249,424.9,27.537
2250,425.0,32.16
2251,425.1,38.706
2252,425.2,61.986
2253,425.3,160.653
2254,425.4,538.06
2255,425.5,1824.032
2256,425.6,5748.814
2257,425.7,16533.356
2258,425.8,43190.0
2259,425.9,102400.0
2260,426.0,220495.252
2261,426.1,430678.301
2262,426.2,763393.611
2263,426.3,1228506.437
2264,426.4,1793582.995
2265,426.5,2375926.558
2266,426.6,2857000.0
2267,426.7,3118000.0
2268,426.8,3088354.684
2269,426.9,2775028.49
2270,427.0,2264191.268
2271,427.1,1677380.168
2272,427.2,1132514.832
2273,427.3,704419.551
2274,427.4,424981.698
2275,427.5,294800.0
2276,427.6,308657.728
2277,427.7,478781.869
2278,427.8,853031.842
2279,427.9,1541334.045
2280,428.0,2767810.711
2281,428.1,4964400.477
2282,428.2,8929403.701
2283,428.3,15999999.999
2284,428.4,28119999.998
2285,428.5,47693178.191
2286,428.6,76858064.726
2287,428.7,116368563.574
2288,428.8,164531651.023
2289,428.9,216484589.78
2290,429.0,265219654.051
2291,429.1,303699999.996
2292,429.2,327799999.998
2293,429.3,338378182.788
2294,429.4,341962473.498
2295,429.5,348813763.796
2296,429.6,370045514.741
2297,429.7,413100640.487
2298,429.8,477461703.265
2299,429.9,552491724.541
2300,430.0,619299999.993
2301,430.1,657054809.187
2302,430.2,651668890.888
2303,430.3,602204521.254
2304,430.4,521067624.178
2305,430.5,428493837.65
2306,430.6,344275317.283
2307,430.7,280854188.495
2308,430.8,241500000.004
2309,430.9,222900000.001
2310,431.0,219084731.323
2311,431.1,224685772.214
2312,431.2,234783202.672
2313,431.3,244991513.436
2314,431.4,250182681.633
2315,431.5,245484011.672
2316,431.6,228000000.003
2317,431.7,198100000.005
2318,431.8,159950352.609
2319,431.9,119260294.883
2320,432.0,81871284.254
2321,432.1,51642697.663
2322,432.2,29872133.912
2323,432.3,15825906.824
2324,432.4,7673141.435
2325,432.5,3410000.0
2326,432.6,1414214.41
2327,432.7,632882.627
2328,432.8,541148.224
2329,432.9,1052845.419
2330,433.0,2477462.352
2331,433.1,5523840.091
2332,433.2,11271312.172
2333,433.3,20929999.998
2334,433.4,35409999.998
2335,433.5,54527511.983
2336,433.6,76443602.054
2337,433.7,97564778.354
2338,433.8,113433137.159
2339,433.9,119938596.54
2340,434.0,115579551.008
2341,434.1,101300000.002
2342,434.2,80870000.003
2343,434.3,58779703.682
2344,434.4,38895333.658
2345,434.5,23427608.034
2346,434.6,12847185.168
2347,434.7,6416053.528
2348,434.8,2916385.052
2349,434.9,1207083.05
2350,435.0,454700.0
2351,435.1,155907.747
2352,435.2,48785.785
2353,435.3,14250.278
2354,435.4,5246.922
2355,435.5,7169.556
2356,435.6,22049.14
2357,435.7,68953.646
2358,435.8,198100.0
2359,435.9,518800.0
2360,436.0,1238288.388
2361,436.1,2695940.371
2362,436.2,5349263.034
2363,436.3,9674395.08
2364,436.4,15949573.569
2365,436.5,23970801.579
2366,436.6,32839999.999
2367,436.7,41009999.999
2368,436.8,46680784.292
2369,436.9,48448188.652
2370,437.0,45825293.011
2371,437.1,39516617.438
2372,437.2,31064469.739
2373,437.3,22259179.574
2374,437.4,14545624.497
2375,437.5,8671000.001
2376,437.6,4745539.226
2377,437.7,2459552.427
2378,437.8,1406149.674
2379,437.9,1293502.204
2380,438.0,2062470.898
2381,438.1,3877762.105
2382,438.2,7039486.414
2383,438.3,11799999.999
2384,438.4,18189999.999
2385,438.5,25871120.65
2386,438.6,34342677.122
2387,438.7,43426661.427
2388,438.8,54012328.808
2389,438.9,68587972.074
2390,439.0,90981501.686
2391,439.1,124999999.994
2392,439.2,171799999.993
2393,439.3,228234924.337
2394,439.4,285325792.321
2395,439.5,330660171.892
2396,439.6,352535725.944
2397,439.7,344271670.26
2398,439.8,307443727.5
2399,439.9,250800526.198
2400,440.0,186900000.009
2401,440.1,127200004.69
2402,440.2,79232174.442
2403,440.3,45580121.029
2404,440.4,25100556.791
2405,440.5,14950755.671
2406,440.6,12195991.114
2407,440.7,14553142.321
2408,440.8,20329999.999
2409,440.9,28059999.999
2410,441.0,36130232.665
2411,441.1,42825164.622
2412,441.2,46691060.727
2413,441.3,46955537.395
2414,441.4,43863247.252
2415,441.5,38442338.511
2416,441.6,32050000.001
2417,441.7,25850000.001
2418,441.8,20456228.769
2419,441.9,15992313.968
2420,442.0,12281123.345
2421,442.1,9142248.168
2422,442.2,6489630.22
2423,442.3,4327930.797
2424,442.4,2683667.77
2425,442.5,1536000.0
2426,442.6,808294.057
2427,442.7,390128.77
2428,442.8,173046.14
2429,442.9,73233.306
2430,443.0,40100.099
2431,443.1,60275.884
2432,443.2,172168.473
2433,443.3,511600.0
2434,443.4,1412000.0
2435,443.5,3575405.426
2436,443.6,8296393.034
2437,443.7,17636847.55
2438,443.8,34329916.037
2439,443.9,61193885.637
2440,444.0,99869357.69
2441,444.1,149299999.993
2442,444.2,204399999.992
2443,444.3,256731978.11
2444,444.4,296017869.363
2445,444.5,314302434.904
2446,444.6,308832890.001
2447,444.7,282922138.42
2448,444.8,244692567.024
2449,444.9,203706075.831
2450,445.0,167200000.005
2451,445.1,139135047.862
2452,445.2,119473440.768
2453,445.3,106179718.249
2454,445.4,96801477.681
2455,445.5,89095966.765
2456,445.6,81543608.553
2457,445.7,73400996.752
2458,445.8,64590000.001
2459,445.9,55830000.001
2460,446.0,48726057.393
2461,446.1,45901542.91
2462,446.2,50879511.738
2463,446.3,67478630.785
2464,446.4,98787349.939
2465,446.5,145493372.733
2466,446.6,203999999.991
2467,446.7,266299999.992
2468,446.8,320437720.732
2469,446.9,354037121.676
2470,447.0,358707838.025
2471,447.1,333050309.345
2472,447.2,283350515.815
2473,447.3,220943913.321
2474,447.4,157994050.94
2475,447.5,104000000.007
2476,447.6,63769335.282
2477,447.7,37575091.823
2478,447.8,23023631.837
2479,447.9,16701434.391
2480,448.0,15422955.814
2481,448.1,16875303.986
2482,448.2,19787514.946
2483,448.3,23749999.999
2484,448.4,28929999.999
2485,448.5,35616930.132
2486,448.6,43662880.058
2487,448.7,52161905.026
2488,448.8,59466800.469
2489,448.9,63761121.537
2490,449.0,63813622.104
2491,449.1,59640000.001
2492,449.2,52770000.001
2493,449.3,45892688.917
2494,449.4,42341591.741
2495,449.5,45436343.291
2496,449.6,57984643.823
2497,449.7,81606199.076
2498,449.8,115837399.578
2499,449.9,157430260.898
2500,450.0,199999999.994
2501,450.1,235142493.938
2502,450.2,254634808.849
2503,450.3,253432576.459
2504,450.4,231664876.715
2505,450.5,194382806.184
2506,450.6,149875708.399
2507,450.7,106497756.263
2508,450.8,70180000.004
2509,450.9,43820000.003
2510,451.0,27221416.163
2511,451.1,18398507.987
2512,451.2,14875747.631
2513,451.3,14419487.164
2514,451.4,15467949.304
2515,451.5,17128073.666
2516,451.6,18940000.0
2517,451.7,20690000.0
2518,451.8,22231921.438
2519,451.9,23443617.762
2520,452.0,24201427.714
2521,452.1,24530012.284
2522,452.2,24534926.936
2523,452.3,24496255.502
2524,452.4,24914652.971
2525,452.5,26690000.0
2526,452.6,31336810.671
2527,452.7,41158724.349
2528,452.8,59178918.402
2529,452.9,88486775.953
2530,453.0,130918590.535
2531,453.1,185259765.966
2532,453.2,246121028.193
2533,453.3,303899999.992
2534,453.4,346899999.995
2535,453.5,365262109.804
2536,453.6,354076682.241
2537,453.7,316023300.896
2538,453.8,259911883.339
2539,453.9,198034445.27
2540,454.0,141943091.094
2541,454.1,100800000.005
2542,454.2,80720000.001
2543,454.3,85768879.02
2544,454.4,119358784.619
2545,454.5,184060536.571
2546,454.6,279537019.561
2547,454.7,399179646.121
2548,454.8,528253630.357
2549,454.9,644911324.068
2550,455.0,725099999.992
2551,455.1,750535518.856
2552,455.2,714988406.297
2553,455.3,627421173.789
2554,455.4,507844910.0
2555,455.5,380368386.077
2556,455.6,265874045.641
2557,455.7,177163484.047
2558,455.8,118700000.006
2559,455.9,88570000.003
2560,456.0,81645647.914
2561,456.1,91339812.306
2562,456.2,110830016.852
2563,456.3,133781294.512
2564,456.4,155232858.908
2565,456.5,173051402.519
2566,456.6,188999999.998
2567,456.7,208199999.997
2568,456.8,236833197.678
2569,456.9,278690283.345
2570,457.0,332025106.687
2571,457.1,387883351.885
2572,457.2,432761377.636
2573,457.3,453021910.621
2574,457.4,440534571.336
2575,457.5,395900000.009
2576,457.6,327889110.116
2577,457.7,249808358.061
2578,457.8,175062127.069
2579,457.9,112778003.613
2580,458.0,66786306.59
2581,458.1,36343168.671
2582,458.2,18181907.576
2583,458.3,8355000.001
2584,458.4,3529000.0
2585,458.5,1369352.143
2586,458.6,488427.795
2587,458.7,160109.642
2588,458.8,48250.943
2589,458.9,13352.685
2590,459.0,3397.124
2591,459.1,794.4
2592,459.2,170.7
2593,459.3,33.696
2594,459.4,6.115
2595,459.5,1.023
2596,459.6,0.174
2597,459.7,0.138
2598,459.8,0.666
2599,459.9,3.506
2600,460.0,17.08
2601,460.1,76.503
2602,460.2,315.557
2603,460.3,1197.021
2604,460.4,4181.161
2605,460.5,13460.671
2606,460.6,39845.249
2607,460.7,108597.844
2608,460.8,272500.0
2609,460.9,629400.0
2610,461.0,1338602.397
2611,461.1,2622887.792
2612,461.2,4732916.816
2613,461.3,7871031.821
2614,461.4,12077506.112
2615,461.5,17107566.683
2616,461.6,22429999.999
2617,461.7,27299999.999
2618,461.8,30961356.854
2619,461.9,32950297.047
2620,462.0,33174749.992
2621,462.1,31924203.132
2622,462.2,29665892.569
2623,462.3,26806623.059
2624,462.4,23607121.34
2625,462.5,20180000.001
2626,462.6,16601420.705
2627,462.7,13001629.068
2628,462.8,9617596.103
2629,462.9,6666276.208
2630,463.0,4328208.502
2631,463.1,2670777.663
2632,463.2,1668298.766
2633,463.3,1248000.0
2634,463.4,1339000.0
2635,463.5,1892612.511
2636,463.6,2869058.001
2637,463.7,4200414.699
2638,463.8,5753291.052
2639,463.9,7321255.853
2640,464.0,8665693.495
2641,464.1,9573000.0
2642,464.2,9932000.0
2643,464.3,9762609.626
2644,464.4,9197912.586
2645,464.5,8425856.468
2646,464.6,7622850.7
2647,464.7,6907296.727
2648,464.8,6332095.318
2649,464.9,5902077.055
2650,465.0,5601000.0
2651,465.1,5417846.015
2652,465.2,5353777.933
2653,465.3,5410703.257
2654,465.4,5573581.516
2655,465.5,5785956.23
2656,465.6,5948632.311
2657,465.7,5945456.905
2658,465.8,5691000.0
2659,465.9,5173000.0
2660,466.0,4467330.798
2661,466.1,3724614.632
2662,466.2,3118771.444
2663,466.3,2793119.906
2664,466.4,2815899.673
2665,466.5,3162402.681
2666,466.6,3717000.0
2667,466.7,4306000.0
2668,466.8,4749513.062
2669,466.9,4914531.41
2670,467.0,4752473.116
2671,467.1,4314566.974
2672,467.2,3720725.306
2673,467.3,3117116.713
2674,467.4,2634085.313
2675,467.5,2359000.0
2676,467.6,2339901.701
2677,467.7,2593026.186
2678,467.8,3107434.635
2679,467.9,3834540.243
2680,468.0,4678207.631
2681,468.1,5487271.352
2682,468.2,6084218.603
2683,468.3,6312000.0
2684,468.4,6092000.0
2685,468.5,5450115.125
2686,468.6,4511303.068
2687,468.7,3450449.273
2688,468.8,2437027.622
2689,468.9,1588838.323
2690,469.0,955592.641
2691,469.1,530700.0
2692,469.2,271900.0
2693,469.3,128503.624
2694,469.4,56029.133
2695,469.5,22544.869
2696,469.6,8364.583
2697,469.7,2864.735
2698,469.8,905.755
2699,469.9,263.861
2700,470.0,70.96
2701,470.1,17.594
2702,470.2,4.034
2703,470.3,0.884
2704,470.4,0.331
2705,470.5,0.801
2706,470.6,3.317
2707,470.7,13.139
2708,470.8,48.15
2709,470.9,163.0
2710,471.0,509.953
2711,471.1,1473.451
2712,471.2,3934.547
2713,471.3,9704.859
2714,471.4,22106.474
2715,471.5,46546.412
2716,471.6,90530.0
2717,471.7,162700.0
2718,471.8,270005.413
2719,471.9,414084.924
2720,472.0,586774.232
2721,472.1,768051.862
2722,472.2,928819.951
2723,472.3,1037752.599
2724,472.4,1071518.296
2725,472.5,1021000.0
2726,472.6,899900.108
2727,472.7,732533.218
2728,472.8,551234.192
2729,472.9,384261.748
2730,473.0,250903.185
2731,473.1,161036.819
2732,473.2,120979.413
2733,473.3,142400.0
2734,473.4,252200.0
2735,473.5,501511.458
2736,473.6,967588.121
2737,473.7,1744266.717
2738,473.8,2914640.568
2739,473.9,4503677.28
2740,474.0,6435680.502
2741,474.1,8503000.0
2742,474.2,10390000.0
2743,474.3,11736514.23
2744,474.4,12259336.111
2745,474.5,11839137.098
2746,474.6,10590737.785
2747,474.7,8782970.226
2748,474.8,6816335.49
2749,474.9,5080238.781
2750,475.0,3918000.0
2751,475.1,3611113.043
2752,475.2,4404350.663
2753,475.3,6515997.353
2754,475.4,10096454.022
2755,475.5,15116629.525
2756,475.6,21247585.927
2757,475.7,27785178.2
2758,475.8,33729999.999
2759,475.9,37960000.0
2760,476.0,39607418.443
2761,476.1,38308932.034
2762,476.2,34349477.016
2763,476.3,28545489.393
2764,476.4,21989312.256
2765,476.5,15696737.085
2766,476.6,10390000.001
2767,476.7,6380000.001
2768,476.8,3643004.586
2769,476.9,1961333.462
2770,477.0,1049457.573
2771,477.1,661867.892
2772,477.2,627878.484
2773,477.3,850806.217
2774,477.4,1278915.6
2775,477.5,1869000.0
2776,477.6,2558204.528
2777,477.7,3249315.086
2778,477.8,3821539.632
2779,477.9,4160444.448
2780,478.0,4193488.553
2781,478.1,3910945.686
2782,478.2,3376014.017
2783,478.3,2698000.0
2784,478.4,1995000.0
2785,478.5,1365422.092
2786,478.6,865222.189
2787,478.7,507405.082
2788,478.8,275358.193
2789,478.9,138416.291
2790,479.0,64497.018
2791,479.1,28290.0
2792,479.2,13000.0
2793,479.3,9948.613
2794,479.4,17669.185
2795,479.5,42145.916
2796,479.6,99125.727
2797,479.7,217664.045
2798,479.8,443306.896
2799,479.9,836280.147
2800,480.0,1462000.0
2801,480.1,2366638.152
2802,480.2,3549603.778
2803,480.3,4932089.377
2804,480.4,6347757.542
2805,480.5,7568855.68
2806,480.6,8360333.263
2807,480.7,8555248.693
2808,480.8,8112000.0
2809,480.9,7130000.0
2810,481.0,5816878.389
2811,481.1,4424940.543
2812,481.2,3178866.447
2813,481.3,2239365.416
2814,481.4,1687207.921
2815,481.5,1537726.712
2816,481.6,1762000.0
2817,481.7,2293000.0
2818,481.8,3027304.253
2819,481.9,3828275.54
2820,482.0,4536740.095
2821,482.1,4999567.991
2822,482.2,5111891.818
2823,482.3,4846335.08
2824,482.4,4258818.153
2825,482.5,3469000.0
2826,482.6,2618105.379
2827,482.7,1832528.007
2828,482.8,1191504.44
2829,482.9,724824.816
2830,483.0,426489.579
2831,483.1,275212.013
2832,483.2,254993.581
2833,483.3,369400.0
2834,483.4,645600.0
2835,483.5,1128532.512
2836,483.6,1860608.574
2837,483.7,2856010.092
2838,483.8,4069495.249
2839,483.9,5378980.009
2840,484.0,6592763.82
2841,484.1,7494000.0
2842,484.2,7902000.0
2843,484.3,7730548.012
2844,484.4,7023575.015
2845,484.5,5944216.736
2846,484.6,4730663.205
2847,484.7,3635021.179
2848,484.8,2888611.675
2849,484.9,2673698.296
2850,485.0,3127000.0
2851,485.1,4331456.93
2852,485.2,6284874.874
2853,485.3,8863998.873
2854,485.4,11778747.676
2855,485.5,14604115.443
2856,485.6,16830081.022
2857,485.7,18001216.861
2858,485.8,17870000.0
2859,485.9,16470000.0
2860,486.0,14110771.459
2861,486.1,11263915.461
2862,486.2,8428309.393
2863,486.3,6021146.169
2864,486.4,4294270.683
2865,486.5,3360488.905
2866,486.6,3250000.0
2867,486.7,3979000.0
2868,486.8,5591890.22
2869,486.9,8144627.166
2870,487.0,11636341.784
2871,487.1,15905073.851
2872,487.2,20580080.829
2873,487.3,25012350.326
2874,487.4,28481637.301
2875,487.5,30310000.0
2876,487.6,30171020.966
2877,487.7,28199083.882
2878,487.8,24991913.141
2879,487.9,21431507.333
2880,488.0,18455675.294
2881,488.1,16725129.794
2882,488.2,16514288.3
2883,488.3,17610000.0
2884,488.4,19410000.0
2885,488.5,21140630.166
2886,488.6,22085001.922
2887,488.7,21753681.542
2888,488.8,20061215.633
2889,488.9,17260209.484
2890,489.0,13836551.86
2891,489.1,10340000.001
2892,489.2,7206000.0
2893,489.3,4685253.077
2894,489.4,2846403.389
2895,489.5,1619091.718
2896,489.6,864148.852
2897,489.7,437322.636
2898,489.8,221402.893
2899,489.9,141978.393
2900,490.0,173900.0
2901,490.1,347117.61
2902,490.2,759322.625
2903,490.3,1593507.216
2904,490.4,3127907.024
2905,490.5,5720795.674
2906,490.6,9742749.872
2907,490.7,15458320.713
2908,490.8,22849999.999
2909,490.9,31479999.999
2910,491.0,40451394.279
2911,491.1,48501555.513
2912,491.2,54285950.836
2913,491.3,56757395.228
2914,491.4,55485857.695
2915,491.5,50741401.965
2916,491.6,43460000.001
2917,491.7,34920000.001
2918,491.8,26408296.897
2919,491.9,18934521.062
2920,492.0,13073840.464
2921,492.1,9007498.926
2922,492.2,6614413.509
2923,492.3,5586369.128
2924,492.4,5564836.228
2925,492.5,6193000.0
2926,492.6,7143036.88
2927,492.7,8116719.318
2928,492.8,8856474.317
2929,492.9,9168249.303
2930,493.0,8947884.513
2931,493.1,8203453.224
2932,493.2,7048061.887
2933,493.3,5670000.0
2934,493.4,4273000.0
2935,493.5,3030067.469
2936,493.6,2046324.348
2937,493.7,1357878.102
2938,493.8,938404.895
2939,493.9,731085.039
2940,494.0,663532.641
2941,494.1,668400.0
2942,494.2,691400.0
2943,494.3,695743.624
2944,494.4,663259.419
2945,494.5,592389.723
2946,494.6,493515.894
2947,494.7,382930.891
2948,494.8,276526.287
2949,494.9,185731.438
2950,495.0,116200.0
2951,495.1,67833.293
2952,495.2,37529.141
2953,495.3,21145.863
2954,495.4,15528.395
2955,495.5,19819.798
2956,495.6,36319.456
2957,495.7,70944.23
2958,495.8,133300.0
2959,495.9,235900.0
2960,496.0,392161.714
2961,496.1,613055.735
2962,496.2,903651.651
2963,496.3,1259660.204
2964,496.4,1666278.339
2965,496.5,2100750.65
2966,496.6,2534000.0
2967,496.7,2940000.0
2968,496.8,3303180.272
2969,496.9,3623285.539
2970,497.0,3934855.563
2971,497.1,4319776.648
2972,497.2,4940318.489
2973,497.3,6070631.776
2974,497.4,8120979.883
2975,497.5,11619999.999
2976,497.6,17147894.49
2977,497.7,25113075.168
2978,497.8,35574555.761
2979,497.9,47957611.523
2980,498.0,61016591.806
2981,498.1,72970931.834
2982,498.2,81972700.036
2983,498.3,86700000.0
2984,498.4,86870000.0
2985,498.5,83410578.079
2986,498.6,78176816.966
2987,498.7,73295475.1
2988,498.8,70398669.048
2989,498.9,70066416.697
2990,499.0,71729008.431
2991,499.1,73990000.0
2992,499.2,75330000.0
2993,499.3,74771232.567
2994,499.4,72253944.036
2995,499.5,68597882.73
2996,499.6,65053766.301
2997,499.7,62711109.409
2998,499.8,61996784.869
2999,499.9,62560895.662
3000,500.0,63500000.0
3001,500.1,63811575.119
3002,500.2,62904165.739
3003,500.3,60757608.883
3004,500.4,57918685.72
3005,500.5,55118604.495
3006,500.6,52988094.997
3007,500.7,51818759.989
3008,500.8,51610000.0
3009,500.9,52230000.0
3010,501.0,53561157.733
3011,501.1,55529044.032
3012,501.2,58000501.414
3013,501.3,60619424.497
3014,501.4,62796590.768
3015,501.5,63857672.955
3016,501.6,63230000.0
3017,501.7,60800000.001
3018,501.8,56894192.35
3019,501.9,52268681.679
3020,502.0,47764341.775
3021,502.1,44046298.908
3022,502.2,41394874.7
3023,502.3,39677670.792
3024,502.4,38416573.413
3025,502.5,37000000.0
3026,502.6,34943761.07
3027,502.7,32010477.66
3028,502.8,28308647.015
3029,502.9,24286780.379
3030,503.0,20580689.853
3031,503.1,17884532.647
3032,503.2,16769893.109
3033,503.3,17510000.0
3034,503.4,20049999.999
3035,503.5,23944438.025
3036,503.6,28431129.744
3037,503.7,32587534.36
3038,503.8,35534277.791
3039,503.9,36591469.045
3040,504.0,35483392.239
3041,504.1,32380000.001
3042,504.2,27790000.001
3043,504.3,22419592.535
3044,504.4,17009484.946
3045,504.5,12137558.431
3046,504.6,8141716.473
3047,504.7,5133997.98
3048,504.8,3043723.747
3049,504.9,1697005.496
3050,505.0,892200.0
3051,505.1,450108.384
3052,505.2,235665.663
3053,505.3,165181.531
3054,505.4,200647.823
3055,505.5,341556.55
3056,505.6,616722.313
3057,505.7,1074560.222
3058,505.8,1769000.0
3059,505.9,2740000.0
3060,506.0,3992919.522
3061,506.1,5469565.854
3062,506.2,7043264.656
3063,506.3,8526510.693
3064,506.4,9705544.169
3065,506.5,10392308.164
3066,506.6,10470000.0
3067,506.7,9948000.0
3068,506.8,8938080.305
3069,506.9,7626703.509
3070,507.0,6219441.385
3071,507.1,4889983.588
3072,507.2,3744040.098
3073,507.3,2819371.281
3074,507.4,2100514.715
3075,507.5,1552000.0
3076,507.6,1133844.987
3077,507.7,819491.903
3078,507.8,595143.829
3079,507.9,458155.285
3080,508.0,412044.427
3081,508.1,461460.696
3082,508.2,608512.727
3083,508.3,847100.0
3084,508.4,1158000.0
3085,508.5,1506911.375
3086,508.6,1843290.774
3087,508.7,2110647.507
3088,508.8,2258513.037
3089,508.9,2258708.771
3090,509.0,2109072.453
3091,509.1,1840000.0
3092,509.2,1499000.0
3093,509.3,1140871.955
3094,509.4,811262.737
3095,509.5,538674.78
3096,509.6,334034.51
3097,509.7,193535.578
3098,509.8,104836.887
3099,509.9,53342.594
3100,510.0,26220.0
3101,510.1,14309.02
3102,510.2,12699.371
3103,510.3,20622.541
3104,510.4,41409.59
3105,510.5,82548.431
3106,510.6,155388.692
3107,510.7,274013.479
3108,510.8,451700.0
3109,510.9,695900.0
3110,511.0,1002545.718
3111,511.1,1349015.494
3112,511.2,1697677.386
3113,511.3,1996054.876
3114,511.4,2194403.466
3115,511.5,2254225.942
3116,511.6,2165000.0
3117,511.7,1943000.0
3118,511.8,1630336.327
3119,511.9,1278221.587
3120,512.0,936901.059
3121,512.1,641790.783
3122,512.2,410842.251
3123,512.3,245866.058
3124,512.4,137527.156
3125,512.5,71920.0
3126,512.6,35147.986
3127,512.7,16064.227
3128,512.8,6878.399
3129,512.9,2816.858
3130,513.0,1284.164
3131,513.1,1145.176
3132,513.2,2329.588
3133,513.3,5841.0
3134,513.4,14260.0
3135,513.5,32730.482
3136,513.6,70381.319
3137,513.7,141716.583
3138,513.8,267064.106
3139,513.9,471438.204
3140,514.0,779426.641
3141,514.1,1207000.0
3142,514.2,1752000.0
3143,514.3,2383997.058
3144,514.4,3043653.035
3145,514.5,3649494.797
3146,514.6,4112027.904
3147,514.7,4364144.306
3148,514.8,4370673.162
3149,514.9,4144112.063
3150,515.0,3737000.0
3151,515.1,3220664.749
3152,515.2,2668522.865
3153,515.3,2139786.843
3154,515.4,1668856.738
3155,515.5,1269220.042
3156,515.6,942009.656
3157,515.7,679879.4
3158,515.8,474700.0
3159,515.9,319100.0
3160,516.0,206357.173
3161,516.1,130395.513
3162,516.2,86905.987
3163,516.3,74412.224
3164,516.4,96804.567
3165,516.5,165442.163
3166,516.6,300000.0
3167,516.7,526700.0
3168,516.8,873204.514
3169,516.9,1357793.829
3170,517.0,1977479.285
3171,517.1,2696735.261
3172,517.2,3442756.484
3173,517.3,4113595.168
3174,517.4,4603952.687
3175,517.5,4824000.0
3176,517.6,4736466.094
3177,517.7,4361729.408
3178,517.8,3775727.619
3179,517.9,3089674.028
3180,518.0,2419059.312
3181,518.1,1860034.858
3182,518.2,1472917.93
3183,518.3,1281000.0
3184,518.4,1284000.0
3185,518.5,1465455.412
3186,518.6,1813857.727
3187,518.7,2323830.022
3188,518.8,2994175.75
3189,518.9,3821759.13
3190,519.0,4773228.425
3191,519.1,5780000.0
3192,519.2,6729000.0
3193,519.3,7484968.278
3194,519.4,7923366.693
3195,519.5,7965613.157
3196,519.6,7609937.135
3197,519.7,6934853.438
3198,519.8,6069482.746
3199,519.9,5164689.414
3200,520.0,4351000.0
3201,520.1,3718098.5
3202,520.2,3318056.138
3203,520.3,3176886.324
3204,520.4,3307491.735
3205,520.5,3716281.866
3206,520.6,4392752.504
3207,520.7,5291654.217
3208,520.8,6315000.0
3209,520.9,7316000.0
3210,521.0,8119823.897
3211,521.1,8570391.053
3212,521.2,8572798.272
3213,521.3,8132270.626
3214,521.4,7363976.941
3215,521.5,6476055.844
3216,521.6,5730000.0
3217,521.7,5397000.0
3218,521.8,5709678.495
3219,521.9,6815201.149
3220,522.0,8743527.52
3221,522.1,11376165.251
3222,522.2,14428705.491
3223,522.3,17480575.897
3224,522.4,20040414.808
3225,522.5,21650000.0
3226,522.6,21990445.273
3227,522.7,20998840.005
3228,522.8,18824483.624
3229,522.9,15850355.674
3230,523.0,12528915.991
3231,523.1,9290820.423
3232,523.2,6467373.865
3233,523.3,4225000.0
3234,523.4,2591000.0
3235,523.5,1492820.034
3236,523.6,811577.842
3237,523.7,424668.593
3238,523.8,230156.075
3239,523.9,157722.609
3240,524.0,166327.213
3241,524.1,236600.0
3242,524.2,361800.0
3243,524.3,538572.877
3244,524.4,760236.275
3245,524.5,1011905.369
3246,524.6,1272466.721
3247,524.7,1513683.756
3248,524.8,1713834.837
3249,524.9,1862558.046
3250,525.0,1966000.0
3251,525.1,2047916.654
3252,525.2,2138898.915
3253,525.3,2274617.298
3254,525.4,2476323.676
3255,525.5,2748953.012
3256,525.6,3076534.56
3257,525.7,3428005.473
3258,525.8,3761000.0
3259,525.9,4032000.0
3260,526.0,4201903.262
3261,526.1,4239427.108
3262,526.2,4132170.742
3263,526.3,3881248.627
3264,526.4,3507585.458
3265,526.5,3042689.091
3266,526.6,2530000.0
3267,526.7,2013000.0
3268,526.8,1529375.017
3269,526.9,1108897.723
3270,527.0,765751.988
3271,527.1,505336.097
3272,527.2,322349.182
3273,527.3,206750.922
3274,527.4,147774.236
3275,527.5,136500.0
3276,527.6,166921.279
3277,527.7,235224.991
3278,527.8,337517.715
3279,527.9,466679.658
3280,528.0,610470.562
3281,528.1,751492.92
3282,528.2,869006.995
3283,528.3,943400.0
3284,528.4,961500.0
3285,528.5,919749.636
3286,528.6,825933.138
3287,528.7,696189.616
3288,528.8,550865.698
3289,528.9,409104.12
3290,529.0,285177.956
3291,529.1,186600.0
3292,529.2,114600.0
3293,529.3,66089.152
3294,529.4,35766.683
3295,529.5,18170.505
3296,529.6,8661.504
3297,529.7,3877.251
3298,529.8,1629.28
3299,529.9,642.456
3300,530.0,237.8
3301,530.1,82.621
3302,530.2,26.949
3303,530.3,8.252
3304,530.4,2.369
3305,530.5,0.64
3306,530.6,0.162
3307,530.7,0.038
3308,530.8,0.009
3309,530.9,0.002
3310,531.0,0.0
3311,531.1,0.0
3312,531.2,0.0
3313,531.3,0.0
3314,531.4,0.0
3315,531.5,0.0
3316,531.6,0.0
3317,531.7,0.0
3318,531.8,0.0
3319,531.9,0.0
3320,532.0,0.0
3321,532.1,0.0
3322,532.2,0.0
3323,532.3,0.0
3324,532.4,0.0
3325,532.5,0.0
3326,532.6,0.001
3327,532.7,0.006
3328,532.8,0.027
3329,532.9,0.118
3330,533.0,0.492
3331,533.1,1.925
3332,533.2,7.072
3333,533.3,24.44
3334,533.4,79.38
3335,533.5,242.472
3336,533.6,695.984
3337,533.7,1878.923
3338,533.8,4769.746
3339,533.9,11379.878
3340,534.0,25535.888
3341,534.1,53860.0
3342,534.2,106800.0
3343,534.3,199120.415
3344,534.4,349105.342
3345,534.5,575419.413
3346,534.6,891795.866
3347,534.7,1299168.673
3348,534.8,1779235.827
3349,534.9,2290941.24
3350,535.0,2774000.0
3351,535.1,3157573.254
3352,535.2,3378521.659
3353,535.3,3400022.199
3354,535.4,3216353.046
3355,535.5,2860824.901
3356,535.6,2392083.942
3357,535.7,1880849.434
3358,535.8,1390000.0
3359,535.9,966000.0
3360,536.0,631166.639
3361,536.1,387689.905
3362,536.2,223934.227
3363,536.3,121596.202
3364,536.4,62076.961
3365,536.5,29791.946
3366,536.6,13440.0
3367,536.7,5704.0
3368,536.8,2274.861
3369,536.9,853.341
3370,537.0,300.837
3371,537.1,99.693
3372,537.2,31.077
3373,537.3,9.112
3374,537.4,2.509
3375,537.5,0.65
3376,537.6,0.158
3377,537.7,0.036
3378,537.8,0.008
3379,537.9,0.002
3380,538.0,0.0
3381,538.1,0.0
3382,538.2,0.002
3383,538.3,0.008
3384,538.4,0.036
3385,538.5,0.145
3386,538.6,0.556
3387,538.7,2.001
3388,538.8,6.782
3389,538.9,21.641
3390,539.0,65.018
3391,539.1,183.9
3392,539.2,489.4
3393,539.3,1226.453
3394,539.4,2892.271
3395,539.5,6422.371
3396,539.6,13423.776
3397,539.7,26411.632
3398,539.8,48928.105
3399,539.9,85302.82
3400,540.0,140000.0
3401,540.1,216330.166
3402,540.2,314682.564
3403,540.3,430873.033
3404,540.4,555370.291
3405,540.5,673856.88
3406,540.6,769707.941
3407,540.7,827647.798
3408,540.8,838000.0
3409,540.9,799000.0
3410,541.0,718013.323
3411,541.1,609321.006
3412,541.2,490687.104
3413,541.3,379888.161
3414,541.4,291314.737
3415,541.5,235006.186
3416,541.6,216000.0
3417,541.7,235000.0
3418,541.8,288844.506
3419,541.9,370161.212
3420,542.0,467769.695
3421,542.1,567193.521
3422,542.2,652493.3
3423,542.3,709239.099
3424,542.4,727353.079
3425,542.5,704400.0
3426,542.6,645705.874
3427,542.7,563685.097
3428,542.8,474415.761
3429,542.9,394321.423
3430,543.0,336613.789
3431,543.1,308950.685
3432,543.2,312459.687
3433,543.3,341900.0
3434,543.4,387500.0
3435,543.5,436150.911
3436,543.6,475215.162
3437,543.7,494480.262
3438,543.8,488852.078
3439,543.9,459187.607
3440,544.0,411978.672
3441,544.1,357600.0
3442,544.2,307700.0
3443,544.3,272515.966
3444,544.4,258614.741
3445,544.5,267625.877
3446,544.6,296356.61
3447,544.7,337043.281
3448,544.8,379382.929
3449,544.9,412646.112
3450,545.0,428100.0
3451,545.1,421003.12
3452,545.2,391106.891
3453,545.3,342776.812
3454,545.4,283186.052
3455,545.5,220472.21
3456,545.6,161859.585
3457,545.7,111895.52
3458,545.8,72990.0
3459,545.9,44960.0
3460,546.0,26401.352
3461,546.1,15339.74
3462,546.2,10072.483
3463,546.3,9652.024
3464,546.4,14215.494
3465,546.5,25095.065
3466,546.6,44800.0
3467,546.7,76670.0
3468,546.8,124178.339
3469,546.9,189812.509
3470,547.0,273447.084
3471,547.1,371557.881
3472,547.2,475959.274
3473,547.3,574749.55
3474,547.4,654427.27
3475,547.5,702600.0
3476,547.6,711556.182
3477,547.7,680258.308
3478,547.8,615327.997
3479,547.9,529212.886
3480,548.0,438375.74
3481,548.1,360089.891
3482,548.2,309830.325
3483,548.3,300000.0
3484,548.4,339100.0
3485,548.5,430204.593
3486,548.6,569864.162
3487,548.7,747112.991
3488,548.8,943181.166
3489,548.9,1132061.204
3490,549.0,1287332.178
3491,549.1,1386000.0
3492,549.2,1414000.0
3493,549.3,1374799.872
3494,549.4,1288043.72
3495,549.5,1191188.238
3496,549.6,1125739.996
3497,549.7,1141286.393
3498,549.8,1273333.308
3499,549.9,1545526.283
3500,550.0,1952000.0
3501,550.1,2461420.95
3502,550.2,3013554.361
3503,550.3,3528303.817
3504,550.4,3920633.856
3505,550.5,4122590.84
3506,550.6,4094602.424
3507,550.7,3838020.12
3508,550.8,3395000.0
3509,550.9,2833000.0
3510,551.0,2230741.587
3511,551.1,1656471.604
3512,551.2,1161370.789
3513,551.3,767456.311
3514,551.4,478621.746
3515,551.5,281574.959
3516,551.6,156200.0
3517,551.7,81800.0
3518,551.8,40391.465
3519,551.9,18821.143
3520,552.0,8271.793
3521,552.1,3429.265
3522,552.2,1341.378
3523,552.3,495.062
3524,552.4,172.404
3525,552.5,56.78
3526,552.6,17.865
3527,552.7,5.676
3528,552.8,2.248
3529,552.9,1.556
3530,553.0,1.686
3531,553.1,2.044
3532,553.2,2.424
3533,553.3,2.732
3534,553.4,2.91
3535,553.5,2.927
3536,553.6,2.778
3537,553.7,2.49
3538,553.8,2.106
3539,553.9,1.682
3540,554.0,1.267
3541,554.1,0.902
3542,554.2,0.606
3543,554.3,0.384
3544,554.4,0.23
3545,554.5,0.13
3546,554.6,0.069
3547,554.7,0.035
3548,554.8,0.017
3549,554.9,0.007
3550,555.0,0.003
3551,555.1,0.001
3552,555.2,0.0
3553,555.3,0.0
3554,555.4,0.0
3555,555.5,0.0
3556,555.6,0.0
3557,555.7,0.0
3558,555.8,0.0
3559,555.9,0.0
3560,556.0,0.0
3561,556.1,0.0
3562,556.2,0.0
3563,556.3,0.0
3564,556.4,0.0
3565,556.5,0.0
3566,556.6,0.0
3567,556.7,0.0
3568,556.8,0.0
3569,556.9,0.0
3570,557.0,0.0
3571,557.1,0.0
3572,557.2,0.0
3573,557.3,0.0
3574,557.4,0.0
3575,557.5,0.0
3576,557.6,0.0
3577,557.7,0.0
3578,557.8,0.0
3579,557.9,0.0
3580,558.0,0.0
3581,558.1,0.0
3582,558.2,0.0
3583,558.3,0.0
3584,558.4,0.0
3585,558.5,0.0
3586,558.6,0.0
3587,558.7,0.0
3588,558.8,0.0
3589,558.9,0.0
3590,559.0,0.0
3591,559.1,0.0
3592,559.2,0.0
3593,559.3,0.0
3594,559.4,0.0
3595,559.5,0.0
3596,559.6,0.0
3597,559.7,0.0
3598,559.8,0.0
3599,559.9,0.0
3600,560.0,0.0
3601,560.1,0.0
3602,560.2,0.0
3603,560.3,0.0
3604,560.4,0.0
3605,560.5,0.0
3606,560.6,0.0
3607,560.7,0.0
3608,560.8,0.0
3609,560.9,0.0
3610,561.0,0.0
3611,561.1,0.0
3612,561.2,0.0
3613,561.3,0.0
3614,561.4,0.0
3615,561.5,0.0
3616,561.6,0.0
3617,561.7,0.0
3618,561.8,0.0
3619,561.9,0.0
3620,562.0,0.0
3621,562.1,0.0
3622,562.2,0.001
3623,562.3,0.003
3624,562.4,0.015
3625,562.5,0.06
3626,562.6,0.236
3627,562.7,0.87
3628,562.8,3.039
3629,562.9,10.043
3630,563.0,31.439
3631,563.1,93.048
3632,563.2,260.506
3633,563.3,690.2
3634,563.4,1730.0
3635,563.5,4102.454
3636,563.6,9205.142
3637,563.7,19547.042
3638,563.8,39261.023
3639,563.9,74628.176
3640,564.0,134141.407
3641,564.1,228300.0
3642,564.2,367500.0
3643,564.3,559725.66
3644,564.4,806645.017
3645,564.5,1100283.114
3646,564.6,1419085.052
3647,564.7,1733470.71
3648,564.8,2005130.289
3649,564.9,2196969.12
3650,565.0,2286000.0
3651,565.1,2266323.878
3652,565.2,2157526.355
3653,565.3,2000315.052
3654,565.4,1851147.868
3655,565.5,1773910.386
3656,565.6,1822891.427
3657,565.7,2033776.385
3658,565.8,2413000.0
3659,565.9,2931000.0
3660,566.0,3527273.689
3661,566.1,4113976.739
3662,566.2,4597121.481
3663,566.3,4894284.76
3664,566.4,4952838.436
3665,566.5,4767191.637
3666,566.6,4377000.0
3667,566.7,3862000.0
3668,566.8,3321560.373
3669,566.9,2853535.677
3670,567.0,2534931.574
3671,567.1,2409881.288
3672,567.2,2483512.45
3673,567.3,2720561.16
3674,567.4,3062677.602
3675,567.5,3430000.0
3676,567.6,3748568.036
3677,567.7,3953377.629
3678,567.8,4009043.202
3679,567.9,3906147.196
3680,568.0,3667106.631
3681,568.1,3336106.629
3682,568.2,2965922.681
3683,568.3,2615000.0
3684,568.4,2328000.0
3685,568.5,2136471.921
3686,568.6,2049674.713
3687,568.7,2052949.059
3688,568.8,2115216.355
3689,568.9,2192789.778
3690,569.0,2243528.135
3691,569.1,2231000.0
3692,569.2,2138000.0
3693,569.3,1967573.613
3694,569.4,1743066.178
3695,569.5,1498719.666
3696,569.6,1274632.307
3697,569.7,1103285.867
3698,569.8,1008118.612
3699,569.9,994329.511
3700,570.0,1056000.0
3701,570.1,1174996.696
3702,570.2,1326015.215
3703,570.3,1485824.02
3704,570.4,1633432.272
3705,570.5,1758789.189
3706,570.6,1857846.184
3707,570.7,1934915.656
3708,570.8,1996000.0
3709,570.9,2050000.0
3710,571.0,2098303.799
3711,571.1,2141258.731
3712,571.2,2176447.58
3713,571.3,2198367.521
3714,571.4,2202069.394
3715,571.5,2185298.162
3716,571.6,2144000.0
3717,571.7,2076000.0
3718,571.8,1981150.12
3719,571.9,1859592.366
3720,572.0,1710702.961
3721,572.1,1537809.795
3722,572.2,1346679.122
3723,572.3,1145608.605
3724,572.4,943579.493
3725,572.5,750700.0
3726,572.6,576916.15
3727,572.7,429970.324
3728,572.8,315953.406
3729,572.9,239084.727
3730,573.0,203414.974
3731,573.1,213160.962
3732,573.2,273596.401
3733,573.3,390600.0
3734,573.4,568300.0
3735,573.5,805995.219
3736,573.6,1094698.667
3737,573.7,1414807.315
3738,573.8,1734257.162
3739,573.9,2017817.52
3740,574.0,2225211.661
3741,574.1,2326000.0
3742,574.2,2305000.0
3743,574.3,2165871.431
3744,574.4,1928736.219
3745,574.5,1628364.582
3746,574.6,1303009.382
3747,574.7,988517.113
3748,574.8,711199.112
3749,574.9,484848.768
3750,575.0,313400.0
3751,575.1,192005.218
3752,575.2,111511.009
3753,575.3,61414.647
3754,575.4,32072.702
3755,575.5,15927.022
3756,575.6,7637.54
3757,575.7,3854.451
3758,575.8,2820.0
3759,575.9,4084.0
3760,576.0,8486.856
3761,576.1,18496.051
3762,576.2,38898.213
3763,576.3,77826.34
3764,576.4,147723.539
3765,576.5,265997.599
3766,576.6,454200.0
3767,576.7,735600.0
3768,576.8,1129880.583
3769,576.9,1645849.962
3770,577.0,2275224.106
3771,577.1,2982983.224
3772,577.2,3712117.982
3773,577.3,4385581.277
3774,577.4,4925934.804
3775,577.5,5270000.0
3776,577.6,5388085.217
3777,577.7,5301067.01
3778,577.8,5071632.541
3779,577.9,4799565.985
3780,578.0,4592991.317
3781,578.1,4546419.418
3782,578.2,4711260.243
3783,578.3,5082000.0
3784,578.4,5595000.0
3785,578.5,6144005.185
3786,578.6,6599858.539
3787,578.7,6846569.165
3788,578.8,6804581.74
3789,578.9,6452681.664
3790,579.0,5824827.258
3791,579.1,5006000.0
3792,579.2,4104000.0
3793,579.3,3235158.923
3794,579.4,2497304.97
3795,579.5,1969474.62
3796,579.6,1701248.671
3797,579.7,1724894.308
3798,579.8,2049943.093
3799,579.9,2667162.275
3800,580.0,3542000.0
3801,580.1,4604885.386
3802,580.2,5753425.719
3803,580.3,6854976.899
3804,580.4,7765138.119
3805,580.5,8352581.549
3806,580.6,8528772.301
3807,580.7,8263257.839
3808,580.8,7599000.0
3809,580.9,6630000.0
3810,581.0,5490236.082
3811,581.1,4313635.972
3812,581.2,3216435.022
3813,581.3,2275547.365
3814,581.4,1527653.286
3815,581.5,972709.721
3816,581.6,588300.0
3817,581.7,337500.0
3818,581.8,183734.925
3819,581.9,94904.858
3820,582.0,46515.719
3821,582.1,21632.831
3822,582.2,9546.637
3823,582.3,3999.931
3824,582.4,1590.066
3825,582.5,599.6
3826,582.6,214.566
3827,582.7,72.85
3828,582.8,23.48
3829,582.9,7.173
3830,583.0,2.083
3831,583.1,0.574
3832,583.2,0.15
3833,583.3,0.037
3834,583.4,0.009
3835,583.5,0.002
3836,583.6,0.0
3837,583.7,0.0
3838,583.8,0.0
3839,583.9,0.001
3840,584.0,0.004
3841,584.1,0.015
3842,584.2,0.058
3843,584.3,0.216
3844,584.4,0.764
3845,584.5,2.565
3846,584.6,8.176
3847,584.7,24.795
3848,584.8,71.372
3849,584.9,195.149
3850,585.0,506.9
3851,585.1,1250.608
3852,585.2,2932.246
3853,585.3,6529.988
3854,585.4,13809.886
3855,585.5,27759.671
3856,585.6,53001.833
3857,585.7,96112.009
3858,585.8,165600.0
3859,585.9,271000.0
3860,586.0,421428.374
3861,586.1,622418.367
3862,586.2,873381.42
3863,586.3,1164221.917
3864,586.4,1474244.301
3865,586.5,1773439.427
3866,586.6,2026000.0
3867,586.7,2200000.0
3868,586.8,2268459.276
3869,586.9,2222841.525
3870,587.0,2068138.05
3871,587.1,1829012.264
3872,587.2,1535909.748
3873,587.3,1225230.406
3874,587.4,928846.624
3875,587.5,668800.0
3876,587.6,457490.551
3877,587.7,297250.22
3878,587.8,183489.932
3879,587.9,107623.998
3880,588.0,59965.405
3881,588.1,31770.895
3882,588.2,16077.839
3883,588.3,7942.0
3884,588.4,4243.0
3885,588.5,3298.375
3886,588.6,4562.844
3887,588.7,8447.59
3888,588.8,16292.114
3889,588.9,30438.83
3890,589.0,54250.672
3891,589.1,91950.0
3892,589.2,148200.0
3893,589.3,226876.476
3894,589.4,330316.79
3895,589.5,457103.225
3896,589.6,601209.233
3897,589.7,751615.748
3898,589.8,893167.781
3899,589.9,1008935.014
3900,590.0,1083000.0
3901,590.1,1105800.339
3902,590.2,1072167.351
3903,590.3,989119.784
3904,590.4,867158.032
3905,590.5,723360.517
3906,590.6,574911.918
3907,590.7,437054.917
3908,590.8,321000.0
3909,590.9,233700.0
3910,591.0,177911.362
3911,591.1,154192.151
3912,591.2,161452.213
3913,591.3,198225.365
3914,591.4,262269.436
3915,591.5,350483.039
3916,591.6,457900.0
3917,591.7,577100.0
3918,591.8,698482.394
3919,591.9,810558.8
3920,592.0,901670.032
3921,592.1,961381.212
3922,592.2,982795.144
3923,592.3,963232.261
3924,592.4,905000.239
3925,592.5,815000.0
3926,592.6,703308.833
3927,592.7,581501.578
3928,592.8,460734.782
3929,592.9,350317.692
3930,593.0,256853.281
3931,593.1,184000.377
3932,593.2,133089.169
3933,593.3,103800.0
3934,593.4,95080.0
3935,593.5,105468.603
3936,593.6,133295.967
3937,593.7,176647.784
3938,593.8,232376.33
3939,593.9,296862.494
3940,594.0,365309.832
3941,594.1,433700.0
3942,594.2,499800.0
3943,594.3,565262.987
3944,594.4,637120.705
3945,594.5,727864.166
3946,594.6,853841.915
3947,594.7,1031629.444
3948,594.8,1273151.393
3949,594.9,1578218.771
3950,595.0,1935000.0
3951,595.1,2314298.167
3952,595.2,2674830.341
3953,595.3,2970431.886
3954,595.4,3160304.727
3955,595.5,3221153.57
3956,595.6,3150388.63
3957,595.7,2970408.834
3958,595.8,2726000.0
3959,595.9,2471000.0
3960,596.0,2259928.538
3961,596.1,2132425.563
3962,596.2,2109237.562
3963,596.3,2183478.066
3964,596.4,2327161.75
3965,596.5,2495587.068
3966,596.6,2641000.0
3967,596.7,2721000.0
3968,596.8,2710347.432
3969,596.9,2605952.71
3970,597.0,2427564.743
3971,597.1,2212160.51
3972,597.2,2003898.681
3973,597.3,1842840.142
3974,597.4,1757508.872
3975,597.5,1759000.0
3976,597.6,1834284.656
3977,597.7,1956816.316
3978,597.8,2086728.134
3979,597.9,2182542.243
3980,598.0,2211298.133
3981,598.1,2153947.96
3982,598.2,2007556.879
3983,598.3,1786000.0
3984,598.4,1514000.0
3985,598.5,1223073.831
3986,598.6,940879.158
3987,598.7,689048.816
3988,598.8,480313.155
3989,598.9,318706.074
3990,599.0,201265.49
3991,599.1,121000.0
3992,599.2,69220.0
3993,599.3,37688.705
3994,599.4,19533.01
3995,599.5,9634.86
3996,599.6,4524.107
3997,599.7,2022.135
3998,599.8,860.046
3999,599.9,348.293
4000,600.0,134.6
4001,600.1,50.637
4002,600.2,21.27
4003,600.3,16.778
4004,600.4,30.279
4005,600.5,70.349
4006,600.6,163.091
4007,600.7,362.269
4008,600.8,767.1
4009,600.9,1547.0
4010,601.0,2971.951
4011,601.1,5436.874
4012,601.2,9477.633
4013,601.3,15719.561
4014,601.4,24857.759
4015,601.5,37421.193
4016,601.6,53670.0
4017,601.7,73310.0
4018,601.8,95367.476
4019,601.9,118162.009
4020,602.0,139460.612
4021,602.1,156729.972
4022,602.2,167836.459
4023,602.3,171149.022
4024,602.4,166151.906
4025,602.5,153700.0
4026,602.6,135471.436
4027,602.7,113665.642
4028,602.8,90826.648
4029,602.9,69148.713
4030,603.0,50131.178
4031,603.1,34615.929
4032,603.2,22774.267
4033,603.3,14260.0
4034,603.4,8511.0
4035,603.5,4837.046
4036,603.6,2617.776
4037,603.7,1349.504
4038,603.8,662.852
4039,603.9,309.892
4040,604.0,138.042
4041,604.1,58.58
4042,604.2,23.67
4043,604.3,9.11
4044,604.4,3.34
4045,604.5,1.166
4046,604.6,0.388
4047,604.7,0.123
4048,604.8,0.037
4049,604.9,0.011
4050,605.0,0.003
4051,605.1,0.001
4052,605.2,0.0
4053,605.3,0.0
4054,605.4,0.0
4055,605.5,0.0
4056,605.6,0.0
4057,605.7,0.0
4058,605.8,0.0
4059,605.9,0.0
4060,606.0,0.0
4061,606.1,0.0
4062,606.2,0.0
4063,606.3,0.001
4064,606.4,0.004
4065,606.5,0.015
4066,606.6,0.055
4067,606.7,0.193
4068,606.8,0.647
4069,606.9,2.068
4070,607.0,6.298
4071,607.1,18.286
4072,607.2,50.687
4073,607.3,133.829
4074,607.4,337.041
4075,607.5,809.6
4076,607.6,1853.98
4077,607.7,4048.461
4078,607.8,8431.783
4079,607.9,16748.917
4080,608.0,31729.901
4081,608.1,57328.795
4082,608.2,98851.789
4083,608.3,162600.0
4084,608.4,255500.0
4085,608.5,383330.703
4086,608.6,549648.739
4087,608.7,754058.677
4088,608.8,991044.992
4089,608.9,1249692.542
4090,609.0,1516644.388
4091,609.1,1775000.0
4092,609.2,2011000.0
4093,609.3,2215520.541
4094,609.4,2384145.613
4095,609.5,2515290.093
4096,609.6,2609126.575
4097,609.7,2666475.277
4098,609.8,2682538.014
4099,609.9,2651587.515
4100,610.0,2566000.0
4101,610.1,2421544.923
4102,610.2,2221004.955
4103,610.3,1972185.26
4104,610.4,1691577.344
4105,610.5,1398299.281
4106,610.6,1113309.329
4107,610.7,852170.282
4108,610.8,627100.0
4109,610.9,443700.0
4110,611.0,301914.407
4111,611.1,197892.968
4112,611.2,125375.706
4113,611.3,77933.816
4114,611.4,49410.048
4115,611.5,35265.088
4116,611.6,32580.0
4117,611.7,40030.0
4118,611.8,57575.633
4119,611.9,85952.794
4120,612.0,125965.806
4121,612.1,177732.282
4122,612.2,239840.824
4123,612.3,309111.155
4124,612.4,380199.504
4125,612.5,446200.0
4126,612.6,499534.877
4127,612.7,533555.338
4128,612.8,543634.842
4129,612.9,528569.745
4130,613.0,490201.448
4131,613.1,433723.664
4132,613.2,366158.744
4133,613.3,294900.0
4134,613.4,226600.0
4135,613.5,166085.883
4136,613.6,116143.37
4137,613.7,77477.208
4138,613.8,49313.684
4139,613.9,29944.694
4140,614.0,17347.034
4141,614.1,9588.0
4142,614.2,5055.0
4143,614.3,2542.954
4144,614.4,1220.262
4145,614.5,558.815
4146,614.6,244.034
4147,614.7,101.691
4148,614.8,40.439
4149,614.9,15.341
4150,615.0,5.55
4151,615.1,1.915
4152,615.2,0.631
4153,615.3,0.198
4154,615.4,0.059
4155,615.5,0.017
4156,615.6,0.005
4157,615.7,0.001
4158,615.8,0.0
4159,615.9,0.0
4160,616.0,0.0
4161,616.1,0.0
4162,616.2,0.0
4163,616.3,0.0
4164,616.4,0.0
4165,616.5,0.0
4166,616.6,0.0
4167,616.7,0.0
4168,616.8,0.0
4169,616.9,0.0
4170,617.0,0.0
4171,617.1,0.0
4172,617.2,0.0
4173,617.3,0.0
4174,617.4,0.0
4175,617.5,0.0
4176,617.6,0.0
4177,617.7,0.0
4178,617.8,0.0
4179,617.9,0.0
4180,618.0,0.0
4181,618.1,0.0
4182,618.2,0.0
4183,618.3,0.0
4184,618.4,0.0
4185,618.5,0.0
4186,618.6,0.0
4187,618.7,0.0
4188,618.8,0.0
4189,618.9,0.0
4190,619.0,0.0
4191,619.1,0.0
4192,619.2,0.002
4193,619.3,0.007
4194,619.4,0.027
4195,619.5,0.095
4196,619.6,0.321
4197,619.7,1.039
4198,619.8,3.209
4199,619.9,9.467
4200,620.0,26.68
4201,620.1,71.836
4202,620.2,184.813
4203,620.3,454.251
4204,620.4,1066.684
4205,620.5,2392.585
4206,620.6,5127.726
4207,620.7,10499.455
4208,620.8,20540.0
4209,620.9,38380.0
4210,621.0,68532.396
4211,621.1,116918.618
4212,621.2,190528.429
4213,621.3,296656.309
4214,621.4,441306.324
4215,621.5,627105.505
4216,621.6,851500.0
4217,621.7,1105000.0
4218,621.8,1368782.672
4219,621.9,1620537.792
4220,622.0,1833354.216
4221,622.1,1981259.534
4222,622.2,2045550.768
4223,622.3,2017971.059
4224,622.4,1901683.368
4225,622.5,1712000.0
4226,622.6,1472701.426
4227,622.7,1210464.89
4228,622.8,949770.575
4229,622.9,712608.157
4230,623.0,510704.755
4231,623.1,349662.448
4232,623.2,228683.514
4233,623.3,142900.0
4234,623.4,85320.0
4235,623.5,48672.279
4236,623.6,26536.24
4237,623.7,13865.332
4238,623.8,7029.62
4239,623.9,3691.981
4240,624.0,2567.293
4241,624.1,3274.0
4242,624.2,6366.0
4243,624.3,13624.843
4244,624.4,28711.498
4245,624.5,58177.431
4246,624.6,112859.33
4247,624.7,209571.89
4248,624.8,372293.951
4249,624.9,632894.128
4250,625.0,1030000.0
4251,625.1,1603500.934
4252,625.2,2388630.305
4253,625.3,3408265.476
4254,625.4,4655535.561
4255,625.5,6089509.098
4256,625.6,7627264.688
4257,625.7,9150441.522
4258,625.8,10520000.0
4259,625.9,11580000.0
4260,626.0,12222854.199
4261,626.1,12353795.393
4262,626.2,11974002.006
4263,626.3,11128230.893
4264,626.4,9923679.786
4265,626.5,8476519.013
4266,626.6,6947000.0
4267,626.7,5461000.0
4268,626.8,4117677.408
4269,626.9,2978571.851
4270,627.0,2067345.111
4271,627.1,1376866.056
4272,627.2,879177.815
4273,627.3,538793.234
4274,627.4,316679.965
4275,627.5,178600.0
4276,627.6,96562.212
4277,627.7,50079.924
4278,627.8,24907.44
4279,627.9,11869.292
4280,628.0,5426.226
4281,628.1,2376.543
4282,628.2,997.444
4283,628.3,401.3
4284,628.4,154.6
4285,628.5,57.053
4286,628.6,20.155
4287,628.7,6.823
4288,628.8,2.21
4289,628.9,0.685
4290,629.0,0.204
4291,629.1,0.058
4292,629.2,0.016
4293,629.3,0.004
4294,629.4,0.001
4295,629.5,0.0
4296,629.6,0.0
4297,629.7,0.0
4298,629.8,0.0
4299,629.9,0.0
4300,630.0,0.0
4301,630.1,0.0
4302,630.2,0.0
4303,630.3,0.0
4304,630.4,0.0
4305,630.5,0.0
4306,630.6,0.0
4307,630.7,0.0
4308,630.8,0.0
4309,630.9,0.0
4310,631.0,0.0
4311,631.1,0.0
4312,631.2,0.0
4313,631.3,0.0
4314,631.4,0.0
4315,631.5,0.0
4316,631.6,0.0
4317,631.7,0.0
4318,631.8,0.0
4319,631.9,0.0
4320,632.0,0.0
4321,632.1,0.0
4322,632.2,0.0
4323,632.3,0.0
4324,632.4,0.0
4325,632.5,0.0
4326,632.6,0.0
4327,632.7,0.0
4328,632.8,0.0
4329,632.9,0.0
4330,633.0,0.0
4331,633.1,0.001
4332,633.2,0.004
4333,633.3,0.016
4334,633.4,0.061
4335,633.5,0.221
4336,633.6,0.768
4337,633.7,2.563
4338,633.8,8.18
4339,633.9,24.987
4340,634.0,73.124
4341,634.1,204.8
4342,634.2,549.0
4343,634.3,1408.527
4344,634.4,3460.577
4345,634.5,8140.08
4346,634.6,18323.653
4347,634.7,39496.294
4348,634.8,81502.246
4349,634.9,160994.996
4350,635.0,304400.0
4351,635.1,550912.067
4352,635.2,954478.081
4353,635.3,1583631.059
4354,635.4,2514942.374
4355,635.5,3823948.431
4356,635.6,5564343.239
4357,635.7,7753194.037
4358,635.8,10339999.999
4359,635.9,13199999.999
4360,636.0,16133162.343
4361,636.1,18877435.738
4362,636.2,21150595.929
4363,636.3,22676170.564
4364,636.4,23281213.707
4365,636.5,22874835.58
4366,636.6,21520000.0
4367,636.7,19380000.001
4368,636.8,16705208.438
4369,636.9,13794279.081
4370,637.0,10896651.121
4371,637.1,8241245.704
4372,637.2,5966620.774
4373,637.3,4136234.238
4374,637.4,2744402.953
4375,637.5,1743000.0
4376,637.6,1059892.664
4377,637.7,617124.468
4378,637.8,343968.247
4379,637.9,183510.405
4380,638.0,93732.065
4381,638.1,45815.202
4382,638.2,21442.521
4383,638.3,9608.0
4384,638.4,4121.0
4385,638.5,1691.713
4386,638.6,665.046
4387,638.7,250.269
4388,638.8,90.173
4389,638.9,31.086
4390,639.0,10.264
4391,639.1,3.244
4392,639.2,0.982
4393,639.3,0.284
4394,639.4,0.079
4395,639.5,0.021
4396,639.6,0.005
4397,639.7,0.001
4398,639.8,0.0
4399,639.9,0.0
4400,640.0,0.0
4401,640.1,0.0
4402,640.2,0.0
4403,640.3,0.0
4404,640.4,0.0
4405,640.5,0.0
4406,640.6,0.0
4407,640.7,0.0
4408,640.8,0.0
4409,640.9,0.0
4410,641.0,0.0
4411,641.1,0.0
4412,641.2,0.0
4413,641.3,0.0
4414,641.4,0.0
4415,641.5,0.0
4416,641.6,0.0
4417,641.7,0.0
4418,641.8,0.0
4419,641.9,0.0
4420,642.0,0.0
4421,642.1,0.0
4422,642.2,0.0
4423,642.3,0.0
4424,642.4,0.0
4425,642.5,0.0
4426,642.6,0.0
4427,642.7,0.0
4428,642.8,0.0
4429,642.9,0.0
4430,643.0,0.0
4431,643.1,0.0
4432,643.2,0.0
4433,643.3,0.0
4434,643.4,0.0
4435,643.5,0.0
4436,643.6,0.0
4437,643.7,0.0
4438,643.8,0.0
4439,643.9,0.0
4440,644.0,0.0
4441,644.1,0.0
4442,644.2,0.0
4443,644.3,0.0
4444,644.4,0.0
4445,644.5,0.0
4446,644.6,0.0
4447,644.7,0.0
4448,644.8,0.0
4449,644.9,0.0
4450,645.0,0.0
4451,645.1,0.0
4452,645.2,0.0
4453,645.3,0.0
4454,645.4,0.0
4455,645.5,0.0
4456,645.6,0.0
4457,645.7,0.0
4458,645.8,0.0
4459,645.9,0.0
4460,646.0,0.0
4461,646.1,0.0
4462,646.2,0.0
4463,646.3,0.0
4464,646.4,0.0
4465,646.5,0.0
4466,646.6,0.0
4467,646.7,0.0
4468,646.8,0.0
4469,646.9,0.0
4470,647.0,0.0
4471,647.1,0.0
4472,647.2,0.0
4473,647.3,0.0
4474,647.4,0.0
4475,647.5,0.0
4476,647.6,0.0
4477,647.7,0.0
4478,647.8,0.0
4479,647.9,0.0
4480,648.0,0.0
4481,648.1,0.0
4482,648.2,0.0
4483,648.3,0.0
4484,648.4,0.0
4485,648.5,0.0
4486,648.6,0.0
4487,648.7,0.0
4488,648.8,0.0
4489,648.9,0.0
4490,649.0,0.0
4491,649.1,0.0
4492,649.2,0.0
4493,649.3,0.0
4494,649.4,0.0
4495,649.5,0.0
4496,649.6,0.0
4497,649.7,0.0
4498,649.8,0.0
4499,649.9,0.0
4500,650.0,0.0
4501,650.1,0.0
4502,650.2,0.0
4503,650.3,0.0
4504,650.4,0.0
4505,650.5,0.0
4506,650.6,0.0
4507,650.7,0.0
4508,650.8,0.002
4509,650.9,0.006
4510,651.0,0.019
4511,651.1,0.06
4512,651.2,0.182
4513,651.3,0.526
4514,651.4,1.459
4515,651.5,3.887
4516,651.6,9.936
4517,651.7,24.37
4518,651.8,57.338
4519,651.9,129.434
4520,652.0,280.446
4521,652.1,582.998
4522,652.2,1162.699
4523,652.3,2224.831
4524,652.4,4085.733
4525,652.5,7198.0
4526,652.6,12172.709
4527,652.7,19738.985
4528,652.8,30716.486
4529,652.9,45872.558
4530,653.0,65730.318
4531,653.1,90375.06
4532,653.2,119223.988
4533,653.3,150900.0
4534,653.4,183300.0
4535,653.5,213588.509
4536,653.6,238896.884
4537,653.7,256515.927
4538,653.8,264489.972
4539,653.9,262208.118
4540,654.0,250445.357
4541,654.1,231500.0
4542,654.2,209000.0
4543,654.3,187506.618
4544,654.4,172094.847
4545,654.5,168195.972
4546,654.6,180657.485
4547,654.7,214006.423
4548,654.8,271471.307
4549,654.9,354334.432
4550,655.0,461600.0
4551,655.1,589194.232
4552,655.2,729552.237
4553,655.3,872057.359
4554,655.4,1004286.098
4555,655.5,1112027.026
4556,655.6,1184287.721
4557,655.7,1212773.713
4558,655.8,1194000.0
4559,655.9,1130000.0
4560,656.0,1026923.908
4561,656.1,897733.12
4562,656.2,753992.568
4563,656.3,608613.53
4564,656.4,472128.886
4565,656.5,351965.089
4566,656.6,252100.0
4567,656.7,173500.0
4568,656.8,114779.504
4569,656.9,72914.195
4570,657.0,44513.634
4571,657.1,26105.942
4572,657.2,14710.277
4573,657.3,7960.368
4574,657.4,4139.145
4575,657.5,2067.0
4576,657.6,991.384
4577,657.7,456.689
4578,657.8,202.052
4579,657.9,85.874
4580,658.0,35.036
4581,658.1,13.734
4582,658.2,5.167
4583,658.3,1.867
4584,658.4,0.648
4585,658.5,0.216
4586,658.6,0.069
4587,658.7,0.021
4588,658.8,0.006
4589,658.9,0.002
4590,659.0,0.0
4591,659.1,0.0
4592,659.2,0.0
4593,659.3,0.0
4594,659.4,0.0
4595,659.5,0.0
4596,659.6,0.0
4597,659.7,0.0
4598,659.8,0.0
4599,659.9,0.0
4600,660.0,0.0
4601,660.1,0.0
4602,660.2,0.0
4603,660.3,0.0
4604,660.4,0.0
4605,660.5,0.0
4606,660.6,0.0
4607,660.7,0.0
4608,660.8,0.0
4609,660.9,0.0
4610,661.0,0.0
4611,661.1,0.0
4612,661.2,0.0
4613,661.3,0.0
4614,661.4,0.0
4615,661.5,0.0
4616,661.6,0.0
4617,661.7,0.0
4618,661.8,0.0
4619,661.9,0.0
4620,662.0,0.0
4621,662.1,0.0
4622,662.2,0.0
4623,662.3,0.0
4624,662.4,0.0
4625,662.5,0.0
4626,662.6,0.0
4627,662.7,0.0
4628,662.8,0.0
4629,662.9,0.0
4630,663.0,0.0
4631,663.1,0.0
4632,663.2,0.0
4633,663.3,0.0
4634,663.4,0.0
4635,663.5,0.0
4636,663.6,0.0
4637,663.7,0.0
4638,663.8,0.0
4639,663.9,0.0
4640,664.0,0.0
4641,664.1,0.0
4642,664.2,0.0
4643,664.3,0.0
4644,664.4,0.0
4645,664.5,0.0
4646,664.6,0.0
4647,664.7,0.001
4648,664.8,0.002
4649,664.9,0.004
4650,665.0,0.008
4651,665.1,0.017
4652,665.2,0.035
4653,665.3,0.07
4654,665.4,0.134
4655,665.5,0.247
4656,665.6,0.435
4657,665.7,0.738
4658,665.8,1.203
4659,665.9,1.885
4660,666.0,2.838
4661,666.1,4.107
4662,666.2,5.711
4663,666.3,7.632
4664,666.4,9.801
4665,666.5,12.102
4666,666.6,14.35
4667,666.7,16.36
4668,666.8,17.926
4669,666.9,18.883
4670,667.0,19.106
4671,667.1,18.588
4672,667.2,17.368
4673,667.3,15.603
4674,667.4,13.466
4675,667.5,11.18
4676,667.6,8.911
4677,667.7,6.829
4678,667.8,5.029
4679,667.9,3.559
4680,668.0,2.421
4681,668.1,1.583
4682,668.2,0.995
4683,668.3,0.601
4684,668.4,0.349
4685,668.5,0.194
4686,668.6,0.104
4687,668.7,0.054
4688,668.8,0.027
4689,668.9,0.013
4690,669.0,0.006
4691,669.1,0.003
4692,669.2,0.001
4693,669.3,0.0
4694,669.4,0.0
4695,669.5,0.0
4696,669.6,0.0
4697,669.7,0.0
4698,669.8,0.0
4699,669.9,0.0
4700,670.0,0.0
4701,670.1,0.0
4702,670.2,0.0
4703,670.3,0.0
4704,670.4,0.0
4705,670.5,0.0
4706,670.6,0.0
4707,670.7,0.0
4708,670.8,0.0
4709,670.9,0.0
4710,671.0,0.0
4711,671.1,0.0
4712,671.2,0.0
4713,671.3,0.001
4714,671.4,0.003
4715,671.5,0.008
4716,671.6,0.027
4717,671.7,0.08
4718,671.8,0.234
4719,671.9,0.654
4720,672.0,1.76
4721,672.1,4.558
4722,672.2,11.361
4723,672.3,27.224
4724,672.4,62.756
4725,672.5,139.1
4726,672.6,296.723
4727,672.7,608.832
4728,672.8,1201.37
4729,672.9,2280.657
4730,673.0,4164.725
4731,673.1,7314.263
4732,673.2,12361.39
4733,673.3,20080.0
4734,673.4,31390.0
4735,673.5,47199.985
4736,673.6,68263.976
4737,673.7,94975.45
4738,673.8,127086.406
4739,673.9,163579.255
4740,674.0,202532.704
4741,674.1,241200.0
4742,674.2,276400.0
4743,674.3,304572.867
4744,674.4,322813.202
4745,674.5,329170.237
4746,674.6,322779.87
4747,674.7,304557.617
4748,674.8,276417.94
4749,674.9,241259.019
4750,675.0,202600.0
4751,675.1,163600.961
4752,675.2,127113.622
4753,675.3,94980.554
4754,675.4,68264.98
4755,675.5,47196.141
4756,675.6,31387.142
4757,675.7,20084.204
4758,675.8,12360.0
4759,675.9,7314.0
4760,676.0,4164.478
4761,676.1,2280.904
4762,676.2,1201.325
4763,676.3,608.856
4764,676.4,296.731
4765,676.5,139.193
4766,676.6,62.75
4767,676.7,27.22
4768,676.8,11.363
4769,676.9,4.559
4770,677.0,1.761
4771,677.1,0.654
4772,677.2,0.233
4773,677.3,0.08
4774,677.4,0.027
4775,677.5,0.008
4776,677.6,0.003
4777,677.7,0.001
4778,677.8,0.0
4779,677.9,0.0
4780,678.0,0.0
4781,678.1,0.0
4782,678.2,0.0
4783,678.3,0.0
4784,678.4,0.0
4785,678.5,0.0
4786,678.6,0.0
4787,678.7,0.0
4788,678.8,0.0
4789,678.9,0.0
4790,679.0,0.0
4791,679.1,0.0
4792,679.2,0.0
4793,679.3,0.0
4794,679.4,0.0
4795,679.5,0.0
4796,679.6,0.0
4797,679.7,0.0
4798,679.8,0.0
4799,679.9,0.0
4800,680.0,0.0
4801,680.1,0.0
4802,680.2,0.0
4803,680.3,0.0
4804,680.4,0.0
4805,680.5,0.0
4806,680.6,0.0
4807,680.7,0.0
4808,680.8,0.0
4809,680.9,0.0
4810,681.0,0.0
4811,681.1,0.0
4812,681.2,0.0
4813,681.3,0.0
4814,681.4,0.0
4815,681.5,0.0
4816,681.6,0.0
4817,681.7,0.0
4818,681.8,0.0
4819,681.9,0.0
4820,682.0,0.0
4821,682.1,0.0
4822,682.2,0.0
4823,682.3,0.0
4824,682.4,0.0
4825,682.5,0.0
4826,682.6,0.0
4827,682.7,0.0
4828,682.8,0.0
4829,682.9,0.0
4830,683.0,0.001
4831,683.1,0.002
4832,683.2,0.007
4833,683.3,0.021
4834,683.4,0.064
4835,683.5,0.188
4836,683.6,0.532
4837,683.7,1.454
4838,683.8,3.828
4839,683.9,9.706
4840,684.0,23.708
4841,684.1,55.76
4842,684.2,126.3
4843,684.3,275.736
4844,684.4,579.515
4845,684.5,1173.173
4846,684.6,2287.225
4847,684.7,4296.142
4848,684.8,7771.932
4849,684.9,13539.291
4850,685.0,22720.0
4851,685.1,36733.405
4852,685.2,57183.947
4853,685.3,85746.405
4854,685.4,123886.693
4855,685.5,172336.995
4856,685.6,230865.432
4857,685.7,298008.382
4858,685.8,370400.0
4859,685.9,443500.0
4860,686.0,511428.119
4861,686.1,568073.096
4862,686.2,607782.123
4863,686.3,626255.729
4864,686.4,621618.404
4865,686.5,594199.906
4866,686.6,547200.0
4867,686.7,485300.0
4868,686.8,414523.403
4869,686.9,341071.341
4870,687.0,270272.108
4871,687.1,206334.498
4872,687.2,151680.275
4873,687.3,107435.028
4874,687.4,73255.655
4875,687.5,48120.0
4876,687.6,30452.755
4877,687.7,18552.446
4878,687.8,10892.526
4879,687.9,6158.418
4880,688.0,3353.86
4881,688.1,1759.641
4882,688.2,888.686
4883,688.3,432.5
4884,688.4,202.7
4885,688.5,91.491
4886,688.6,39.777
4887,688.7,16.663
4888,688.8,6.72
4889,688.9,2.61
4890,689.0,0.977
4891,689.1,0.352
4892,689.2,0.122
4893,689.3,0.041
4894,689.4,0.013
4895,689.5,0.004
4896,689.6,0.001
4897,689.7,0.0
4898,689.8,0.0
4899,689.9,0.0
4900,690.0,0.0
4901,690.1,0.0
4902,690.2,0.0
4903,690.3,0.0
4904,690.4,0.0
4905,690.5,0.0
4906,690.6,0.0
4907,690.7,0.0
4908,690.8,0.0
4909,690.9,0.0
4910,691.0,0.0
4911,691.1,0.0
4912,691.2,0.0
4913,691.3,0.0
4914,691.4,0.0
4915,691.5,0.0
4916,691.6,0.0
4917,691.7,0.0
4918,691.8,0.0
4919,691.9,0.0
4920,692.0,0.0
4921,692.1,0.0
4922,692.2,0.0
4923,692.3,0.0
4924,692.4,0.0
4925,692.5,0.0
4926,692.6,0.0
4927,692.7,0.0
4928,692.8,0.0
4929,692.9,0.0
4930,693.0,0.0
4931,693.1,0.0
4932,693.2,0.0
4933,693.3,0.0
4934,693.4,0.0
4935,693.5,0.0
4936,693.6,0.0
4937,693.7,0.0
4938,693.8,0.0
4939,693.9,0.0
4940,694.0,0.0
4941,694.1,0.0
4942,694.2,0.0
4943,694.3,0.0
4944,694.4,0.0
4945,694.5,0.0
4946,694.6,0.0
4947,694.7,0.0
4948,694.8,0.0
4949,694.9,0.0
4950,695.0,0.0
4951,695.1,0.0
4952,695.2,0.0
4953,695.3,0.0
4954,695.4,0.0
4955,695.5,0.0
4956,695.6,0.0
4957,695.7,0.0
4958,695.8,0.0
4959,695.9,0.0
4960,696.0,0.0
4961,696.1,0.0
4962,696.2,0.0
4963,696.3,0.0
4964,696.4,0.0
4965,696.5,0.0
4966,696.6,0.0
4967,696.7,0.0
4968,696.8,0.0
4969,696.9,0.0
4970,697.0,0.0
4971,697.1,0.0
4972,697.2,0.0
4973,697.3,0.0
4974,697.4,0.0
4975,697.5,0.0
4976,697.6,0.0
4977,697.7,0.0
4978,697.8,0.0
4979,697.9,0.0
4980,698.0,0.0
4981,698.1,0.0
4982,698.2,0.0
4983,698.3,0.0
4984,698.4,0.0
4985,698.5,0.0
4986,698.6,0.0
4987,698.7,0.0
4988,698.8,0.0
4989,698.9,0.0
4990,699.0,0.0
4991,699.1,0.0
4992,699.2,0.0
4993,699.3,0.001
4994,699.4,0.001
4995,699.5,0.003
4996,699.6,0.007
4997,699.7,0.015
4998,699.8,0.03
4999,699.9,0.06
5000,700.0,0.113
5001,700.1,0.207
5002,700.2,0.364
5003,700.3,0.62
5004,700.4,1.016
5005,700.5,1.61
5006,700.6,2.458
5007,700.7,3.622
5008,700.8,5.149
5009,700.9,7.061
5010,701.0,9.342
5011,701.1,11.926
5012,701.2,14.684
5013,701.3,17.443
5014,701.4,19.991
5015,701.5,22.105
5016,701.6,23.58
5017,701.7,24.27
5018,701.8,24.095
5019,701.9,23.075
5020,702.0,21.326
5021,702.1,19.011
5022,702.2,16.351
5023,702.3,13.573
5024,702.4,10.857
5025,702.5,8.388
5026,702.6,6.25
5027,702.7,4.493
5028,702.8,3.115
5029,702.9,2.084
5030,703.0,1.345
5031,703.1,0.838
5032,703.2,0.503
5033,703.3,0.292
5034,703.4,0.163
5035,703.5,0.088
5036,703.6,0.046
5037,703.7,0.023
5038,703.8,0.011
5039,703.9,0.005
5040,704.0,0.002
5041,704.1,0.001
5042,704.2,0.0
5043,704.3,0.0
5044,704.4,0.0
5045,704.5,0.0
5046,704.6,0.0
5047,704.7,0.0
5048,704.8,0.0
5049,704.9,0.0
5050,705.0,0.001
5051,705.1,0.002
5052,705.2,0.004
5053,705.3,0.01
5054,705.4,0.02
5055,705.5,0.041
5056,705.6,0.08
5057,705.7,0.151
5058,705.8,0.277
5059,705.9,0.489
5060,706.0,0.833
5061,706.1,1.37
5062,706.2,2.176
5063,706.3,3.336
5064,706.4,4.936
5065,706.5,7.051
5066,706.6,9.723
5067,706.7,12.94
5068,706.8,16.632
5069,706.9,20.622
5070,707.0,24.692
5071,707.1,28.546
5072,707.2,31.841
5073,707.3,34.299
5074,707.4,35.651
5075,707.5,35.78
5076,707.6,34.657
5077,707.7,32.409
5078,707.8,29.254
5079,707.9,25.493
5080,708.0,21.443
5081,708.1,17.415
5082,708.2,13.643
5083,708.3,10.32
5084,708.4,7.54
5085,708.5,5.316
5086,708.6,3.617
5087,708.7,2.377
5088,708.8,1.507
5089,708.9,0.923
5090,709.0,0.545
5091,709.1,0.311
5092,709.2,0.171
5093,709.3,0.091
5094,709.4,0.047
5095,709.5,0.023
5096,709.6,0.011
5097,709.7,0.005
5098,709.8,0.002
5099,709.9,0.001
5100,710.0,0.0
5101,710.1,0.0
5102,710.2,0.0
5103,710.3,0.0
5104,710.4,0.0
5105,710.5,0.0
5106,710.6,0.0
5107,710.7,0.0
5108,710.8,0.0
5109,710.9,0.0
5110,711.0,0.0
5111,711.1,0.0
5112,711.2,0.0
5113,711.3,0.0
5114,711.4,0.0
5115,711.5,0.0
5116,711.6,0.0
5117,711.7,0.0
5118,711.8,0.0
5119,711.9,0.0
5120,712.0,0.0
5121,712.1,0.0
5122,712.2,0.0
5123,712.3,0.0
5124,712.4,0.0
5125,712.5,0.0
5126,712.6,0.0
5127,712.7,0.0
5128,712.8,0.0
5129,712.9,0.0
5130,713.0,0.0
5131,713.1,0.0
5132,713.2,0.0
5133,713.3,0.0
5134,713.4,0.0
5135,713.5,0.0
5136,713.6,0.0
5137,713.7,0.0
5138,713.8,0.0
5139,713.9,0.0
5140,714.0,0.0
5141,714.1,0.0
5142,714.2,0.0
5143,714.3,0.0
5144,714.4,0.0
5145,714.5,0.0
5146,714.6,0.0
5147,714.7,0.0
5148,714.8,0.0
5149,714.9,0.0
5150,715.0,0.0
5151,715.1,0.0
5152,715.2,0.0
5153,715.3,0.0
5154,715.4,0.0
5155,715.5,0.0
5156,715.6,0.0
5157,715.7,0.0
5158,715.8,0.0
5159,715.9,0.0
5160,716.0,0.0
5161,716.1,0.0
5162,716.2,0.0
5163,716.3,0.0
5164,716.4,0.0
5165,716.5,0.0
5166,716.6,0.0
5167,716.7,0.0
5168,716.8,0.0
5169,716.9,0.0
5170,717.0,0.0
5171,717.1,0.0
5172,717.2,0.0
5173,717.3,0.0
5174,717.4,0.0
5175,717.5,0.0
5176,717.6,0.001
5177,717.7,0.004
5178,717.8,0.013
5179,717.9,0.039
5180,718.0,0.116
5181,718.1,0.33
5182,718.2,0.912
5183,718.3,2.436
5184,718.4,6.287
5185,718.5,15.68
5186,718.6,37.809
5187,718.7,88.159
5188,718.8,198.589
5189,718.9,432.521
5190,719.0,910.466
5191,719.1,1853.0
5192,719.2,3644.0
5193,719.3,6928.375
5194,719.4,12735.184
5195,719.5,22625.554
5196,719.6,38857.54
5197,719.7,64524.768
5198,719.8,103579.911
5199,719.9,160786.82
5200,720.0,241200.0
5201,720.1,350087.501
5202,720.2,491203.161
5203,720.3,666734.717
5204,720.4,875285.504
5205,720.5,1112074.252
5206,720.6,1366938.845
5207,720.7,1626713.027
5208,720.8,1874000.0
5209,720.9,2093000.0
5210,721.0,2264771.712
5211,721.1,2376689.982
5212,721.2,2421306.054
5213,721.3,2396570.901
5214,721.4,2306090.396
5215,721.5,2161287.701
5216,721.6,1973000.0
5217,721.7,1758000.0
5218,721.8,1529964.217
5219,721.9,1302370.901
5220,722.0,1084849.173
5221,722.1,885223.91
5222,722.2,707410.523
5223,722.3,553842.2
5224,722.4,424557.246
5225,722.5,318600.0
5226,722.6,233963.441
5227,722.7,168326.847
5228,722.8,119156.916
5229,722.9,84107.991
5230,723.0,61202.865
5231,723.1,49017.309
5232,723.2,46851.244
5233,723.3,54830.0
5234,723.4,73900.0
5235,723.5,105730.396
5236,723.6,152558.613
5237,723.7,216598.865
5238,723.8,299996.607
5239,723.9,403958.471
5240,724.0,528220.389
5241,724.1,671300.0
5242,724.2,829400.0
5243,724.3,996945.495
5244,724.4,1168050.204
5245,724.5,1334954.775
5246,724.6,1489436.951
5247,724.7,1624254.099
5248,724.8,1732591.688
5249,724.9,1810203.741
5250,725.0,1852000.0
5251,725.1,1856618.49
5252,725.2,1822496.769
5253,725.3,1751687.664
5254,725.4,1646325.187
5255,725.5,1512024.751
5256,725.6,1355482.173
5257,725.7,1184533.683
5258,725.8,1008000.0
5259,725.9,834800.0
5260,726.0,671789.67
5261,726.1,524930.814
5262,726.2,398028.79
5263,726.3,292681.633
5264,726.4,208622.759
5265,726.5,144047.423
5266,726.6,96310.0
5267,726.7,62350.0
5268,726.8,39071.216
5269,726.9,23697.424
5270,727.0,13904.429
5271,727.1,7890.808
5272,727.2,4333.11
5273,727.3,2302.031
5274,727.4,1182.584
5275,727.5,587.6
5276,727.6,282.319
5277,727.7,131.202
5278,727.8,58.982
5279,727.9,25.627
5280,728.0,10.775
5281,728.1,4.379
5282,728.2,1.721
5283,728.3,0.654
5284,728.4,0.24
5285,728.5,0.085
5286,728.6,0.029
5287,728.7,0.01
5288,728.8,0.003
5289,728.9,0.001
5290,729.0,0.0
5291,729.1,0.0
5292,729.2,0.0
5293,729.3,0.0
5294,729.4,0.0
5295,729.5,0.0
5296,729.6,0.0
5297,729.7,0.0
5298,729.8,0.0
5299,729.9,0.0
5300,730.0,0.0
5301,730.1,0.0
5302,730.2,0.0
5303,730.3,0.0
5304,730.4,0.0
5305,730.5,0.0
5306,730.6,0.0
5307,730.7,0.0
5308,730.8,0.0
5309,730.9,0.0
5310,731.0,0.0
5311,731.1,0.001
5312,731.2,0.002
5313,731.3,0.006
5314,731.4,0.017
5315,731.5,0.048
5316,731.6,0.134
5317,731.7,0.36
5318,731.8,0.936
5319,731.9,2.358
5320,732.0,5.743
5321,732.1,13.545
5322,732.2,30.912
5323,732.3,68.269
5324,732.4,145.867
5325,732.5,301.8
5326,732.6,604.239
5327,732.7,1171.146
5328,732.8,2194.667
5329,732.9,3983.655
5330,733.0,6996.212
5331,733.1,11888.431
5332,733.2,19561.46
5333,733.3,31140.0
5334,733.4,47980.0
5335,733.5,71538.235
5336,733.6,103269.537
5337,733.7,144216.015
5338,733.8,195011.759
5339,733.9,255229.744
5340,734.0,323299.821
5341,734.1,396700.0
5342,734.2,471300.0
5343,734.3,542548.879
5344,734.4,605550.107
5345,734.5,655869.61
5346,734.6,690283.06
5347,734.7,707487.751
5348,734.8,708318.066
5349,734.9,695764.623
5350,735.0,674500.0
5351,735.1,650344.714
5352,735.2,629069.312
5353,735.3,615627.774
5354,735.4,613322.61
5355,735.5,623687.255
5356,735.6,645777.856
5357,735.7,677026.782
5358,735.8,713300.0
5359,735.9,749900.0
5360,736.0,781829.02
5361,736.1,804949.808
5362,736.2,815747.452
5363,736.3,812133.721
5364,736.4,793075.975
5365,736.5,758932.49
5366,736.6,711000.0
5367,736.7,651600.0
5368,736.8,583730.639
5369,736.9,510659.773
5370,737.0,435876.371
5371,737.1,362759.404
5372,737.2,294055.935
5373,737.3,231947.212
5374,737.4,177991.76
5375,737.5,132700.0
5376,737.6,96131.441
5377,737.7,67576.561
5378,737.8,46101.186
5379,737.9,30494.742
5380,738.0,19561.369
5381,738.1,12160.333
5382,738.2,7328.17
5383,738.3,4278.0
5384,738.4,2419.0
5385,738.5,1324.607
5386,738.6,702.77
5387,738.7,360.936
5388,738.8,179.557
5389,738.9,86.427
5390,739.0,40.3
5391,739.1,18.19
5392,739.2,7.953
5393,739.3,3.369
5394,739.4,1.389
5395,739.5,0.566
5396,739.6,0.242
5397,739.7,0.129
5398,739.8,0.104
5399,739.9,0.121
5400,740.0,0.161
5401,740.1,0.216
5402,740.2,0.285
5403,740.3,0.365
5404,740.4,0.452
5405,740.5,0.544
5406,740.6,0.632
5407,740.7,0.713
5408,740.8,0.78
5409,740.9,0.829
5410,741.0,0.864
5411,741.1,0.901
5412,741.2,0.986
5413,741.3,1.235
5414,741.4,1.916
5415,741.5,3.646
5416,741.6,7.768
5417,741.7,17.14
5418,741.8,37.589
5419,741.9,80.661
5420,742.0,168.264
5421,742.1,340.29
5422,742.2,666.897
5423,742.3,1266.007
5424,742.4,2328.503
5425,742.5,4149.0
5426,742.6,7158.633
5427,742.7,11961.792
5428,742.8,19371.701
5429,742.9,30370.507
5430,743.0,46131.884
5431,743.1,67865.058
5432,743.2,96693.718
5433,743.3,133500.0
5434,743.4,178400.0
5435,743.5,231053.687
5436,743.6,289732.873
5437,743.7,352039.168
5438,743.8,414210.299
5439,743.9,472105.549
5440,744.0,521192.983
5441,744.1,557300.0
5442,744.2,577200.0
5443,744.3,579031.844
5444,744.4,562684.38
5445,744.5,529576.693
5446,744.6,482732.546
5447,744.7,426245.203
5448,744.8,364611.395
5449,744.9,302017.243
5450,745.0,242400.0
5451,745.1,188399.405
5452,745.2,141810.789
5453,745.3,103419.139
5454,745.4,73032.187
5455,745.5,49962.077
5456,745.6,33108.83
5457,745.7,21245.808
5458,745.8,13210.0
5459,745.9,7953.0
5460,746.0,4639.065
5461,746.1,2620.75
5462,746.2,1433.77
5463,746.3,760.019
5464,746.4,390.116
5465,746.5,193.959
5466,746.6,93.43
5467,746.7,43.59
5468,746.8,19.697
5469,746.9,8.622
5470,747.0,3.657
5471,747.1,1.505
5472,747.2,0.606
5473,747.3,0.244
5474,747.4,0.108
5475,747.5,0.063
5476,747.6,0.057
5477,747.7,0.067
5478,747.8,0.086
5479,747.9,0.111
5480,748.0,0.141
5481,748.1,0.173
5482,748.2,0.207
5483,748.3,0.241
5484,748.4,0.274
5485,748.5,0.304
5486,748.6,0.332
5487,748.7,0.357
5488,748.8,0.38
5489,748.9,0.4
5490,749.0,0.42
5491,749.1,0.44
5492,749.2,0.462
5493,749.3,0.486
5494,749.4,0.512
5495,749.5,0.541
5496,749.6,0.574
5497,749.7,0.613
5498,749.8,0.659
5499,749.9,0.714
5500,750.0,0.781
5501,750.1,0.861
5502,750.2,0.953
5503,750.3,1.055
5504,750.4,1.161
5505,750.5,1.265
5506,750.6,1.36
5507,750.7,1.433
5508,750.8,1.481
5509,750.9,1.496
5510,751.0,1.476
5511,751.1,1.423
5512,751.2,1.34
5513,751.3,1.234
5514,751.4,1.113
5515,751.5,0.985
5516,751.6,0.858
5517,751.7,0.736
5518,751.8,0.623
5519,751.9,0.521
5520,752.0,0.432
5521,752.1,0.354
5522,752.2,0.287
5523,752.3,0.23
5524,752.4,0.181
5525,752.5,0.141
5526,752.6,0.108
5527,752.7,0.082
5528,752.8,0.063
5529,752.9,0.05
5530,753.0,0.044
5531,753.1,0.044
5532,753.2,0.053
5533,753.3,0.07
5534,753.4,0.098
5535,753.5,0.138
5536,753.6,0.191
5537,753.7,0.258
5538,753.8,0.34
5539,753.9,0.434
5540,754.0,0.537
5541,754.1,0.645
5542,754.2,0.751
5543,754.3,0.848
5544,754.4,0.927
5545,754.5,0.984
5546,754.6,1.011
5547,754.7,1.009
5548,754.8,0.975
5549,754.9,0.913
5550,755.0,0.829
5551,755.1,0.73
5552,755.2,0.624
5553,755.3,0.516
5554,755.4,0.415
5555,755.5,0.324
5556,755.6,0.249
5557,755.7,0.195
5558,755.8,0.175
5559,755.9,0.218
5560,756.0,0.4
5561,756.1,0.898
5562,756.2,2.126
5563,756.3,4.992
5564,756.4,11.438
5565,756.5,25.454
5566,756.6,54.97
5567,756.7,115.1
5568,756.8,233.752
5569,756.9,460.435
5570,757.0,879.498
5571,757.1,1629.753
5572,757.2,2927.268
5573,757.3,5099.63
5574,757.4,8615.507
5575,757.5,14120.0
5576,757.6,22434.767
5577,757.7,34572.89
5578,757.8,51664.589
5579,757.9,74882.897
5580,758.0,105265.358
5581,758.1,143479.205
5582,758.2,189674.675
5583,758.3,243200.0
5584,758.4,302300.0
5585,758.5,364541.364
5586,758.6,426269.507
5587,758.7,483345.148
5588,758.8,531561.471
5589,758.9,566907.104
5590,759.0,586368.738
5591,759.1,588200.0
5592,759.2,572200.0
5593,759.3,539837.878
5594,759.4,493903.496
5595,759.5,438223.279
5596,759.6,377143.358
5597,759.7,314914.195
5598,759.8,255027.658
5599,759.9,200542.674
5600,760.0,153300.0
5601,760.1,114164.114
5602,760.2,83150.072
5603,760.3,59872.756
5604,760.4,43334.199
5605,760.5,32462.806
5606,760.6,26097.03
5607,760.7,23186.889
5608,760.8,22790.0
5609,760.9,24070.0
5610,761.0,26350.641
5611,761.1,29032.651
5612,761.2,31620.302
5613,761.3,33724.479
5614,761.4,35041.744
5615,761.5,35409.492
5616,761.6,34730.0
5617,761.7,33060.0
5618,761.8,30542.793
5619,761.9,27362.802
5620,762.0,23780.542
5621,762.1,20051.457
5622,762.2,16392.706
5623,762.3,13006.116
5624,762.4,10010.781
5625,762.5,7469.0
5626,762.6,5407.559
5627,762.7,3797.067
5628,762.8,2585.89
5629,762.9,1708.642
5630,763.0,1095.114
5631,763.1,680.679
5632,763.2,410.417
5633,763.3,240.0
5634,763.4,136.2
5635,763.5,74.932
5636,763.6,39.999
5637,763.7,20.709
5638,763.8,10.403
5639,763.9,5.066
5640,764.0,2.394
5641,764.1,1.097
5642,764.2,0.488
5643,764.3,0.21
5644,764.4,0.088
5645,764.5,0.036
5646,764.6,0.014
5647,764.7,0.005
5648,764.8,0.002
5649,764.9,0.001
5650,765.0,0.0
5651,765.1,0.0
5652,765.2,0.0
5653,765.3,0.0
5654,765.4,0.0
5655,765.5,0.0
5656,765.6,0.0
5657,765.7,0.0
5658,765.8,0.0
5659,765.9,0.0
5660,766.0,0.0
5661,766.1,0.0
5662,766.2,0.0
5663,766.3,0.0
5664,766.4,0.0
5665,766.5,0.0
5666,766.6,0.0
5667,766.7,0.0
5668,766.8,0.0
5669,766.9,0.0
5670,767.0,0.0
5671,767.1,0.0
5672,767.2,0.0
5673,767.3,0.0
5674,767.4,0.0
5675,767.5,0.0
5676,767.6,0.0
5677,767.7,0.0
5678,767.8,0.0
5679,767.9,0.0
5680,768.0,0.0
5681,768.1,0.0
5682,768.2,0.0
5683,768.3,0.0
5684,768.4,0.0
5685,768.5,0.0
5686,768.6,0.0
5687,768.7,0.0
5688,768.8,0.0
5689,768.9,0.0
5690,769.0,0.0
5691,769.1,0.0
5692,769.2,0.0
5693,769.3,0.0
5694,769.4,0.0
5695,769.5,0.0
5696,769.6,0.0
5697,769.7,0.0
5698,769.8,0.001
5699,769.9,0.002
5700,770.0,0.005
5701,770.1,0.014
5702,770.2,0.038
5703,770.3,0.099
5704,770.4,0.249
5705,770.5,0.608
5706,770.6,1.439
5707,770.7,3.311
5708,770.8,7.394
5709,770.9,16.03
5710,771.0,33.751
5711,771.1,68.973
5712,771.2,136.855
5713,771.3,263.744
5714,771.4,493.324
5715,771.5,895.86
5716,771.6,1580.0
5717,771.7,2704.0
5718,771.8,4494.402
5719,771.9,7252.931
5720,772.0,11365.712
5721,772.1,17284.912
5722,772.2,25528.063
5723,772.3,36607.7
5724,772.4,50962.331
5725,772.5,68880.0
5726,772.6,90389.236
5727,772.7,115163.978
5728,772.8,142461.454
5729,772.9,171059.808
5730,773.0,199487.688
5731,773.1,225799.596
5732,773.2,248210.461
5733,773.3,264900.0
5734,773.4,274500.0
5735,773.5,276076.663
5736,773.6,269636.46
5737,773.7,255697.478
5738,773.8,235436.631
5739,773.9,210502.476
5740,774.0,182754.585
5741,774.1,154200.0
5742,774.2,126400.0
5743,774.3,100921.958
5744,774.4,78642.425
5745,774.5,60180.544
5746,774.6,45741.176
5747,774.7,35260.03
5748,774.8,28454.724
5749,774.9,24945.988
5750,775.0,24310.0
5751,775.1,26069.555
5752,775.2,29771.879
5753,775.3,34930.503
5754,775.4,41017.178
5755,775.5,47505.155
5756,775.6,53830.549
5757,775.7,59456.075
5758,775.8,63890.0
5759,775.9,66710.0
5760,776.0,67671.252
5761,776.1,66680.174
5762,776.2,63801.919
5763,776.3,59281.774
5764,776.4,53491.677
5765,776.5,46874.074
5766,776.6,39890.0
5767,776.7,32960.0
5768,776.8,26448.882
5769,776.9,20609.592
5770,777.0,15597.59
5771,777.1,11461.555
5772,777.2,8177.311
5773,777.3,5666.479
5774,777.4,3812.628
5775,777.5,2491.0
5776,777.6,1580.827
5777,777.7,973.963
5778,777.8,582.82
5779,777.9,338.637
5780,778.0,191.109
5781,778.1,104.67
5782,778.2,55.711
5783,778.3,28.79
5784,778.4,14.44
5785,778.5,7.037
5786,778.6,3.329
5787,778.7,1.53
5788,778.8,0.683
5789,778.9,0.296
5790,779.0,0.124
5791,779.1,0.051
5792,779.2,0.02
5793,779.3,0.008
5794,779.4,0.003
5795,779.5,0.001
5796,779.6,0.0
5797,779.7,0.0
5798,779.8,0.0
5799,779.9,0.0
5800,780.0,0.0
5801,780.1,0.0
5802,780.2,0.0
5803,780.3,0.0
5804,780.4,0.0
5805,780.5,0.0
5806,780.6,0.0
5807,780.7,0.0
5808,780.8,0.0
5809,780.9,0.0
5810,781.0,0.0
5811,781.1,0.0
5812,781.2,0.0
5813,781.3,0.0
5814,781.4,0.0
5815,781.5,0.0
5816,781.6,0.0
5817,781.7,0.0
5818,781.8,0.0
5819,781.9,0.0
5820,782.0,0.0
5821,782.1,0.0
5822,782.2,0.0
5823,782.3,0.0
5824,782.4,0.0
5825,782.5,0.0
5826,782.6,0.0
5827,782.7,0.0
5828,782.8,0.0
5829,782.9,0.0
5830,783.0,0.0
5831,783.1,0.0
5832,783.2,0.0
5833,783.3,0.0
5834,783.4,0.0
5835,783.5,0.0
5836,783.6,0.0
5837,783.7,0.0
5838,783.8,0.0
5839,783.9,0.0
5840,784.0,0.0
5841,784.1,0.0
5842,784.2,0.0
5843,784.3,0.0
5844,784.4,0.0
5845,784.5,0.0
5846,784.6,0.0
5847,784.7,0.0
5848,784.8,0.0
5849,784.9,0.0
5850,785.0,0.0
5851,785.1,0.0
5852,785.2,0.0
5853,785.3,0.0
5854,785.4,0.0
5855,785.5,0.0
5856,785.6,0.0
5857,785.7,0.0
5858,785.8,0.0
5859,785.9,0.0
5860,786.0,0.0
5861,786.1,0.0
5862,786.2,0.0
5863,786.3,0.0
5864,786.4,0.0
5865,786.5,0.0
5866,786.6,0.0
5867,786.7,0.0
5868,786.8,0.0
5869,786.9,0.0
5870,787.0,0.0
5871,787.1,0.0
5872,787.2,0.0
5873,787.3,0.0
5874,787.4,0.0
5875,787.5,0.0
5876,787.6,0.0
5877,787.7,0.0
5878,787.8,0.0
5879,787.9,0.0
5880,788.0,0.0
5881,788.1,0.0
5882,788.2,0.0
5883,788.3,0.0
5884,788.4,0.0
5885,788.5,0.0
5886,788.6,0.0
5887,788.7,0.0
5888,788.8,0.0
5889,788.9,0.0
5890,789.0,0.0
5891,789.1,0.0
5892,789.2,0.0
5893,789.3,0.0
5894,789.4,0.0
5895,789.5,0.0
5896,789.6,0.0
5897,789.7,0.0
5898,789.8,0.0
5899,789.9,0.0
5900,790.0,0.0
5901,790.1,0.0
5902,790.2,0.0
5903,790.3,0.0
5904,790.4,0.0
5905,790.5,0.0
5906,790.6,0.0
5907,790.7,0.0
5908,790.8,0.0
5909,790.9,0.0
5910,791.0,0.0
5911,791.1,0.0
5912,791.2,0.0
5913,791.3,0.0
5914,791.4,0.0
5915,791.5,0.0
5916,791.6,0.0
5917,791.7,0.0
5918,791.8,0.0
5919,791.9,0.0
5920,792.0,0.0
5921,792.1,0.0
5922,792.2,0.0
5923,792.3,0.0
5924,792.4,0.0
5925,792.5,0.0
5926,792.6,0.0
5927,792.7,0.0
5928,792.8,0.0
5929,792.9,0.0
5930,793.0,0.0
5931,793.1,0.0
5932,793.2,0.0
5933,793.3,0.0
5934,793.4,0.0
5935,793.5,0.0
5936,793.6,0.0
5937,793.7,0.0
5938,793.8,0.0
5939,793.9,0.0
5940,794.0,0.0
5941,794.1,0.0
5942,794.2,0.0
5943,794.3,0.0
5944,794.4,0.0
5945,794.5,0.0
5946,794.6,0.0
5947,794.7,0.0
5948,794.8,0.0
5949,794.9,0.0
5950,795.0,0.0
5951,795.1,0.0
5952,795.2,0.0
5953,795.3,0.0
5954,795.4,0.0
5955,795.5,0.0
5956,795.6,0.0
5957,795.7,0.0
5958,795.8,0.0
5959,795.9,0.0
5960,796.0,0.0
5961,796.1,0.0
5962,796.2,0.0
5963,796.3,0.0
5964,796.4,0.0
5965,796.5,0.0
5966,796.6,0.0
5967,796.7,0.0
5968,796.8,0.0
5969,796.9,0.0
5970,797.0,0.0
5971,797.1,0.0
5972,797.2,0.0
5973,797.3,0.0
5974,797.4,0.0
5975,797.5,0.0
5976,797.6,0.0
5977,797.7,0.0
5978,797.8,0.0
5979,797.9,0.0
5980,798.0,0.0
5981,798.1,0.0
5982,798.2,0.0
5983,798.3,0.0
5984,798.4,0.0
5985,798.5,0.0
5986,798.6,0.0
5987,798.7,0.0
5988,798.8,0.0
5989,798.9,0.0
5990,799.0,0.0
5991,799.1,0.0
5992,799.2,0.0
5993,799.3,0.0
5994,799.4,0.0
5995,799.5,0.0
5996,799.6,0.0
5997,799.7,0.0
5998,799.8,0.0
5999,799.9,0.0
6000,800.0,0.0
6001,800.1,0.0
6002,800.2,0.0
6003,800.3,0.0
6004,800.4,0.0
6005,800.5,0.0
6006,800.6,0.0
6007,800.7,0.0
6008,800.8,0.0
6009,800.9,0.0
6010,801.0,0.0
6011,801.1,0.0
6012,801.2,0.0
6013,801.3,0.0
6014,801.4,0.0
6015,801.5,0.0
6016,801.6,0.0
6017,801.7,0.0
6018,801.8,0.0
6019,801.9,0.0
6020,802.0,0.0
6021,802.1,0.0
6022,802.2,0.0
6023,802.3,0.0
6024,802.4,0.0
6025,802.5,0.0
6026,802.6,0.0
6027,802.7,0.0
6028,802.8,0.0
6029,802.9,0.0
6030,803.0,0.0
6031,803.1,0.0
6032,803.2,0.0
6033,803.3,0.0
6034,803.4,0.0
6035,803.5,0.0
6036,803.6,0.0
6037,803.7,0.0
6038,803.8,0.0
6039,803.9,0.0
6040,804.0,0.0
6041,804.1,0.0
6042,804.2,0.0
6043,804.3,0.0
6044,804.4,0.0
6045,804.5,0.0
6046,804.6,0.0
6047,804.7,0.0
6048,804.8,0.0
6049,804.9,0.0
6050,805.0,0.0
6051,805.1,0.0
6052,805.2,0.0
6053,805.3,0.0
6054,805.4,0.0
6055,805.5,0.0
6056,805.6,0.0
6057,805.7,0.0
6058,805.8,0.0
6059,805.9,0.0
6060,806.0,0.0
6061,806.1,0.0
6062,806.2,0.0
6063,806.3,0.0
6064,806.4,0.0
6065,806.5,0.0
6066,806.6,0.0
6067,806.7,0.0
6068,806.8,0.0
6069,806.9,0.0
6070,807.0,0.0
6071,807.1,0.0
6072,807.2,0.0
6073,807.3,0.0
6074,807.4,0.0
6075,807.5,0.0
6076,807.6,0.0
6077,807.7,0.0
6078,807.8,0.0
6079,807.9,0.0
6080,808.0,0.0
6081,808.1,0.0
6082,808.2,0.0
6083,808.3,0.0
6084,808.4,0.0
6085,808.5,0.0
6086,808.6,0.0
6087,808.7,0.0
6088,808.8,0.0
6089,808.9,0.0
6090,809.0,0.0
6091,809.1,0.0
6092,809.2,0.0
6093,809.3,0.0
6094,809.4,0.0
6095,809.5,0.0
6096,809.6,0.0
6097,809.7,0.0
6098,809.8,0.0
6099,809.9,0.0
6100,810.0,0.0
6101,810.1,0.0
6102,810.2,0.0
6103,810.3,0.0
6104,810.4,0.0
6105,810.5,0.0
6106,810.6,0.0
6107,810.7,0.0
6108,810.8,0.0
6109,810.9,0.0
6110,811.0,0.0
6111,811.1,0.0
6112,811.2,0.0
6113,811.3,0.0
6114,811.4,0.0
6115,811.5,0.0
6116,811.6,0.0
6117,811.7,0.0
6118,811.8,0.0
6119,811.9,0.0
6120,812.0,0.0
6121,812.1,0.0
6122,812.2,0.0
6123,812.3,0.0
6124,812.4,0.0
6125,812.5,0.0
6126,812.6,0.0
6127,812.7,0.0
6128,812.8,0.0
6129,812.9,0.0
6130,813.0,0.0
6131,813.1,0.0
6132,813.2,0.0
6133,813.3,0.0
6134,813.4,0.0
6135,813.5,0.0
6136,813.6,0.0
6137,813.7,0.0
6138,813.8,0.0
6139,813.9,0.0
6140,814.0,0.0
6141,814.1,0.0
6142,814.2,0.0
6143,814.3,0.0
6144,814.4,0.0
6145,814.5,0.0
6146,814.6,0.0
6147,814.7,0.0
6148,814.8,0.0
6149,814.9,0.0
6150,815.0,0.0
6151,815.1,0.0
6152,815.2,0.0
6153,815.3,0.0
6154,815.4,0.0
6155,815.5,0.0
6156,815.6,0.0
6157,815.7,0.0
6158,815.8,0.0
6159,815.9,0.0
6160,816.0,0.0
6161,816.1,0.0
6162,816.2,0.0
6163,816.3,0.0
6164,816.4,0.0
6165,816.5,0.0
6166,816.6,0.0
6167,816.7,0.0
6168,816.8,0.0
6169,816.9,0.0
6170,817.0,0.0
6171,817.1,0.0
6172,817.2,0.0
6173,817.3,0.0
6174,817.4,0.0
6175,817.5,0.0
6176,817.6,0.0
6177,817.7,0.0
6178,817.8,0.0
6179,817.9,0.0
6180,818.0,0.0
6181,818.1,0.0
6182,818.2,0.0
6183,818.3,0.0
6184,818.4,0.0
6185,818.5,0.0
6186,818.6,0.0
6187,818.7,0.0
6188,818.8,0.0
6189,818.9,0.0
6190,819.0,0.0
6191,819.1,0.0
6192,819.2,0.0
6193,819.3,0.0
6194,819.4,0.0
6195,819.5,0.0
6196,819.6,0.0
6197,819.7,0.0
6198,819.8,0.0
6199,819.9,0.0
6200,820.0,0.0
6201,820.1,0.0
6202,820.2,0.0
6203,820.3,0.0
6204,820.4,0.0
6205,820.5,0.0
6206,820.6,0.0
6207,820.7,0.0
6208,820.8,0.0
6209,820.9,0.0
6210,821.0,0.0
6211,821.1,0.0
6212,821.2,0.0
6213,821.3,0.0
6214,821.4,0.0
6215,821.5,0.0
6216,821.6,0.0
6217,821.7,0.0
6218,821.8,0.0
6219,821.9,0.0
6220,822.0,0.0
6221,822.1,0.0
6222,822.2,0.0
6223,822.3,0.0
6224,822.4,0.0
6225,822.5,0.0
6226,822.6,0.0
6227,822.7,0.0
6228,822.8,0.0
6229,822.9,0.0
6230,823.0,0.0
6231,823.1,0.0
6232,823.2,0.0
6233,823.3,0.0
6234,823.4,0.0
6235,823.5,0.0
6236,823.6,0.0
6237,823.7,0.0
6238,823.8,0.0
6239,823.9,0.0
6240,824.0,0.0
6241,824.1,0.0
6242,824.2,0.0
6243,824.3,0.0
6244,824.4,0.0
6245,824.5,0.0
6246,824.6,0.0
6247,824.7,0.0
6248,824.8,0.0
6249,824.9,0.0
6250,825.0,0.0
6251,825.1,0.0
6252,825.2,0.0
6253,825.3,0.0
6254,825.4,0.0
6255,825.5,0.0
6256,825.6,0.0
6257,825.7,0.0
6258,825.8,0.0
6259,825.9,0.0
6260,826.0,0.0
6261,826.1,0.0
6262,826.2,0.0
6263,826.3,0.0
6264,826.4,0.0
6265,826.5,0.0
6266,826.6,0.0
6267,826.7,0.0
6268,826.8,0.0
6269,826.9,0.0
6270,827.0,0.0
6271,827.1,0.0
6272,827.2,0.0
6273,827.3,0.0
6274,827.4,0.0
6275,827.5,0.0
6276,827.6,0.0
6277,827.7,0.0
6278,827.8,0.0
6279,827.9,0.0
6280,828.0,0.0
6281,828.1,0.0
6282,828.2,0.0
6283,828.3,0.0
6284,828.4,0.0
6285,828.5,0.0
6286,828.6,0.0
6287,828.7,0.0
6288,828.8,0.0
6289,828.9,0.0
6290,829.0,0.0
6291,829.1,0.0
6292,829.2,0.0
6293,829.3,0.0
6294,829.4,0.0
6295,829.5,0.0
6296,829.6,0.0
6297,829.7,0.0
6298,829.8,0.0
6299,829.9,0.0
6300,830.0,0.0
6301,830.1,0.0
6302,830.2,0.0
6303,830.3,0.0
6304,830.4,0.0
6305,830.5,0.0
6306,830.6,0.0
6307,830.7,0.0
6308,830.8,0.0
6309,830.9,0.0
6310,831.0,0.0
6311,831.1,0.0
6312,831.2,0.0
6313,831.3,0.0
6314,831.4,0.0
6315,831.5,0.0
6316,831.6,0.0
6317,831.7,0.0
6318,831.8,0.0
6319,831.9,0.001
6320,832.0,0.001
6321,832.1,0.002
6322,832.2,0.003
6323,832.3,0.005
6324,832.4,0.008
6325,832.5,0.013
6326,832.6,0.019
6327,832.7,0.027
6328,832.8,0.039
6329,832.9,0.054
6330,833.0,0.077
6331,833.1,0.11
6332,833.2,0.164
6333,833.3,0.262
6334,833.4,0.451
6335,833.5,0.834
6336,833.6,1.621
6337,833.7,3.228
6338,833.8,6.467
6339,833.9,12.845
6340,834.0,25.142
6341,834.1,48.19
6342,834.2,90.32
6343,834.3,165.336
6344,834.4,295.202
6345,834.5,514.174
6346,834.6,873.482
6347,834.7,1447.501
6348,834.8,2338.011
6349,834.9,3683.683
6350,835.0,5658.0
6351,835.1,8475.885
6352,835.2,12379.49
6353,835.3,17633.366
6354,835.4,24503.626
6355,835.5,33196.02
6356,835.6,43866.891
6357,835.7,56557.248
6358,835.8,71130.0
6359,835.9,87320.0
6360,836.0,104623.698
6361,836.1,122544.101
6362,836.2,140311.857
6363,836.3,157178.688
6364,836.4,172670.694
6365,836.5,186380.251
6366,836.6,198100.0
6367,836.7,208400.0
6368,836.8,217770.065
6369,836.9,227273.858
6370,837.0,238220.988
6371,837.1,251906.998
6372,837.2,269727.257
6373,837.3,292527.706
6374,837.4,320887.793
6375,837.5,354500.0
6376,837.6,392591.694
6377,837.7,433721.538
6378,837.8,475631.27
6379,837.9,515794.094
6380,838.0,551569.071
6381,838.1,580072.118
6382,838.2,599118.917
6383,838.3,607000.0
6384,838.4,602600.0
6385,838.5,585733.18
6386,838.6,557336.584
6387,838.7,518925.269
6388,838.8,472495.799
6389,838.9,420761.678
6390,839.0,366398.79
6391,839.1,311900.0
6392,839.2,259600.0
6393,839.3,211431.128
6394,839.4,168738.718
6395,839.5,132273.449
6396,839.6,102623.403
6397,839.7,79767.695
6398,839.8,63574.754
6399,839.9,53781.527
6400,840.0,50130.0
6401,840.1,52378.503
6402,840.2,60344.133
6403,840.3,73893.935
6404,840.4,92830.2
6405,840.5,116880.834
6406,840.6,145549.635
6407,840.7,177989.717
6408,840.8,213200.0
6409,840.9,249900.0
6410,841.0,286508.683
6411,841.1,321517.788
6412,841.2,353472.578
6413,841.3,381569.569
6414,841.4,405048.241
6415,841.5,424580.327
6416,841.6,441100.0
6417,841.7,456400.0
6418,841.8,473221.332
6419,841.9,494412.648
6420,842.0,523245.213
6421,842.1,562797.19
6422,842.2,615827.764
6423,842.3,684869.499
6424,842.4,771249.292
6425,842.5,876000.0
6426,842.6,998745.426
6427,842.7,1139119.896
6428,842.8,1293733.455
6429,842.9,1458671.13
6430,843.0,1630829.093
6431,843.1,1801853.494
6432,843.2,1966825.225
6433,843.3,2114000.0
6434,843.4,2237000.0
6435,843.5,2326154.773
6436,843.6,2374796.706
6437,843.7,2377981.649
6438,843.8,2333998.186
6439,843.9,2243216.64
6440,844.0,2109085.654
6441,844.1,1940000.0
6442,844.2,1745000.0
6443,844.3,1533583.631
6444,844.4,1316565.878
6445,844.5,1103116.229
6446,844.6,903649.366
6447,844.7,722283.19
6448,844.8,563522.14
6449,844.9,429153.018
6450,845.0,319000.0
6451,845.1,231410.65
6452,845.2,163773.967
6453,845.3,113080.256
6454,845.4,76208.295
6455,845.5,50101.512
6456,845.6,32133.104
6457,845.7,20111.836
6458,845.8,12280.0
6459,845.9,7316.0
6460,846.0,4251.022
6461,846.1,2410.131
6462,846.2,1333.6
6463,846.3,719.478
6464,846.4,378.771
6465,846.5,194.565
6466,846.6,97.46
6467,846.7,47.64
6468,846.8,22.719
6469,846.9,10.569
6470,847.0,4.796
6471,847.1,2.123
6472,847.2,0.917
6473,847.3,0.386
6474,847.4,0.159
6475,847.5,0.064
6476,847.6,0.025
6477,847.7,0.01
6478,847.8,0.004
6479,847.9,0.001
6480,848.0,0.0
6481,848.1,0.0
6482,848.2,0.0
6483,848.3,0.0
6484,848.4,0.0
6485,848.5,0.0
6486,848.6,0.0
6487,848.7,0.0
6488,848.8,0.0
6489,848.9,0.0
6490,849.0,0.0
6491,849.1,0.0
6492,849.2,0.0
6493,849.3,0.0
6494,849.4,0.0
6495,849.5,0.0
6496,849.6,0.0
6497,849.7,0.0
6498,849.8,0.0
6499,849.9,0.0
6500,850.0,0.0
6501,850.1,0.0
6502,850.2,0.0
6503,850.3,0.0
6504,850.4,0.0
6505,850.5,0.0
6506,850.6,0.0
6507,850.7,0.0
6508,850.8,0.0
6509,850.9,0.0
6510,851.0,0.0
6511,851.1,0.0
6512,851.2,0.0
6513,851.3,0.0
6514,851.4,0.0
6515,851.5,0.0
6516,851.6,0.0
6517,851.7,0.0
6518,851.8,0.0
6519,851.9,0.0
6520,852.0,0.0
6521,852.1,0.0
6522,852.2,0.0
6523,852.3,0.0
6524,852.4,0.0
6525,852.5,0.0
6526,852.6,0.0
6527,852.7,0.0
6528,852.8,0.0
6529,852.9,0.0
6530,853.0,0.0
6531,853.1,0.0
6532,853.2,0.0
6533,853.3,0.0
6534,853.4,0.0
6535,853.5,0.0
6536,853.6,0.0
6537,853.7,0.0
6538,853.8,0.0
6539,853.9,0.0
6540,854.0,0.0
6541,854.1,0.0
6542,854.2,0.0
6543,854.3,0.0
6544,854.4,0.0
6545,854.5,0.0
6546,854.6,0.0
6547,854.7,0.0
6548,854.8,0.0
6549,854.9,0.0
6550,855.0,0.0
6551,855.1,0.0
6552,855.2,0.0
6553,855.3,0.0
6554,855.4,0.0
6555,855.5,0.0
6556,855.6,0.0
6557,855.7,0.0
6558,855.8,0.0
6559,855.9,0.0
6560,856.0,0.0
6561,856.1,0.0
6562,856.2,0.0
6563,856.3,0.0
6564,856.4,0.0
6565,856.5,0.0
6566,856.6,0.0
6567,856.7,0.0
6568,856.8,0.0
6569,856.9,0.0
6570,857.0,0.0
6571,857.1,0.0
6572,857.2,0.0
6573,857.3,0.0
6574,857.4,0.0
6575,857.5,0.0
6576,857.6,0.0
6577,857.7,0.0
6578,857.8,0.0
6579,857.9,0.0
6580,858.0,0.0
6581,858.1,0.0
6582,858.2,0.0
6583,858.3,0.0
6584,858.4,0.0
6585,858.5,0.0
6586,858.6,0.0
6587,858.7,0.0
6588,858.8,0.0
6589,858.9,0.0
6590,859.0,0.0
6591,859.1,0.0
6592,859.2,0.0
6593,859.3,0.0
6594,859.4,0.0
6595,859.5,0.0
6596,859.6,0.0
6597,859.7,0.0
6598,859.8,0.0
6599,859.9,0.0
6600,860.0,0.0
6601,860.1,0.0
6602,860.2,0.0
6603,860.3,0.0
6604,860.4,0.0
6605,860.5,0.0
6606,860.6,0.0
6607,860.7,0.0
6608,860.8,0.0
6609,860.9,0.0
6610,861.0,0.0
6611,861.1,0.0
6612,861.2,0.0
6613,861.3,0.0
6614,861.4,0.0
6615,861.5,0.0
6616,861.6,0.0
6617,861.7,0.0
6618,861.8,0.0
6619,861.9,0.0
6620,862.0,0.0
6621,862.1,0.0
6622,862.2,0.0
6623,862.3,0.0
6624,862.4,0.0
6625,862.5,0.0
6626,862.6,0.0
6627,862.7,0.0
6628,862.8,0.0
6629,862.9,0.0
6630,863.0,0.0
6631,863.1,0.0
6632,863.2,0.0
6633,863.3,0.0
6634,863.4,0.0
6635,863.5,0.0
6636,863.6,0.0
6637,863.7,0.001
6638,863.8,0.002
6639,863.9,0.005
6640,864.0,0.012
6641,864.1,0.03
6642,864.2,0.07
6643,864.3,0.16
6644,864.4,0.358
6645,864.5,0.781
6646,864.6,1.667
6647,864.7,3.476
6648,864.8,7.08
6649,864.9,14.082
6650,865.0,27.37
6651,865.1,51.97
6652,865.2,96.387
6653,865.3,174.623
6654,865.4,309.121
6655,865.5,534.427
6656,865.6,902.749
6657,865.7,1490.341
6658,865.8,2403.0
6659,865.9,3785.0
6660,866.0,5826.843
6661,866.1,8764.798
6662,866.2,12887.654
6663,866.3,18514.692
6664,866.4,25992.643
6665,866.5,35686.662
6666,866.6,47900.0
6667,866.7,62850.0
6668,866.8,80671.062
6669,866.9,101287.417
6670,867.0,124434.962
6671,867.1,149648.369
6672,867.2,176186.347
6673,867.3,203189.64
6674,867.4,229695.58
6675,867.5,254600.0
6676,867.6,276760.124
6677,867.7,295469.47
6678,867.8,309871.309
6679,867.9,319518.652
6680,868.0,324237.443
6681,868.1,324195.144
6682,868.2,319550.977
6683,868.3,311000.0
6684,868.4,299200.0
6685,868.5,284763.908
6686,868.6,268411.154
6687,868.7,251038.769
6688,868.8,233096.806
6689,868.9,215118.619
6690,869.0,197462.926
6691,869.1,180500.0
6692,869.2,164100.0
6693,869.3,148601.549
6694,869.4,133839.666
6695,869.5,119834.341
6696,869.6,106582.284
6697,869.7,93914.785
6698,869.8,81932.048
6699,869.9,70644.399
6700,870.0,60110.0
6701,870.1,50394.625
6702,870.2,41579.384
6703,870.3,33713.921
6704,870.4,26846.041
6705,870.5,20962.195
6706,870.6,16050.196
6707,870.7,12037.841
6708,870.8,8843.0
6709,870.9,6359.0
6710,871.0,4478.086
6711,871.1,3092.027
6712,871.2,2101.3
6713,871.3,1419.811
6714,871.4,979.437
6715,871.5,727.867
6716,871.6,632.5
6717,871.7,678.6
6718,871.8,868.678
6719,871.9,1221.51
6720,872.0,1772.376
6721,872.1,2567.965
6722,872.2,3665.851
6723,872.3,5130.684
6724,872.4,7024.311
6725,872.5,9400.0
6726,872.6,12291.81
6727,872.7,15710.085
6728,872.8,19624.163
6729,872.9,23946.603
6730,873.0,28556.714
6731,873.1,33270.787
6732,873.2,37868.546
6733,873.3,42130.0
6734,873.4,45790.0
6735,873.5,48629.841
6736,873.6,50465.776
6737,873.7,51168.873
6738,873.8,50701.032
6739,873.9,49080.869
6740,874.0,46432.63
6741,874.1,42920.0
6742,874.2,38760.0
6743,874.3,34208.0
6744,874.4,29490.111
6745,874.5,24855.382
6746,874.6,20456.905
6747,874.7,16457.095
6748,874.8,12939.795
6749,874.9,9934.147
6750,875.0,7457.0
6751,875.1,5467.807
6752,875.2,3918.204
6753,875.3,2742.827
6754,875.4,1876.543
6755,875.5,1254.02
6756,875.6,819.295
6757,875.7,522.815
6758,875.8,326.0
6759,875.9,198.7
6760,876.0,118.306
6761,876.1,68.797
6762,876.2,39.115
6763,876.3,21.724
6764,876.4,11.792
6765,876.5,6.253
6766,876.6,3.24
6767,876.7,1.64
6768,876.8,0.811
6769,876.9,0.392
6770,877.0,0.185
6771,877.1,0.086
6772,877.2,0.039
6773,877.3,0.017
6774,877.4,0.007
6775,877.5,0.003
6776,877.6,0.001
6777,877.7,0.001
6778,877.8,0.0
6779,877.9,0.0
6780,878.0,0.0
6781,878.1,0.0
6782,878.2,0.0
6783,878.3,0.0
6784,878.4,0.0
6785,878.5,0.0
6786,878.6,0.0
6787,878.7,0.0
6788,878.8,0.0
6789,878.9,0.0
6790,879.0,0.0
6791,879.1,0.0
6792,879.2,0.0
6793,879.3,0.0
6794,879.4,0.0
6795,879.5,0.0
6796,879.6,0.0
6797,879.7,0.0
6798,879.8,0.0
6799,879.9,0.0
6800,880.0,0.0
6801,880.1,0.0
6802,880.2,0.0
6803,880.3,0.0
6804,880.4,0.0
6805,880.5,0.0
6806,880.6,0.0
6807,880.7,0.0
6808,880.8,0.0
6809,880.9,0.0
6810,881.0,0.0
6811,881.1,0.0
6812,881.2,0.0
6813,881.3,0.0
6814,881.4,0.0
6815,881.5,0.0
6816,881.6,0.0
6817,881.7,0.0
6818,881.8,0.0
6819,881.9,0.0
6820,882.0,0.0
6821,882.1,0.0
6822,882.2,0.0
6823,882.3,0.0
6824,882.4,0.0
6825,882.5,0.0
6826,882.6,0.0
6827,882.7,0.0
6828,882.8,0.0
6829,882.9,0.0
6830,883.0,0.0
6831,883.1,0.0
6832,883.2,0.0
6833,883.3,0.0
6834,883.4,0.0
6835,883.5,0.0
6836,883.6,0.0
6837,883.7,0.0
6838,883.8,0.0
6839,883.9,0.0
6840,884.0,0.0
6841,884.1,0.0
6842,884.2,0.0
6843,884.3,0.0
6844,884.4,0.0
6845,884.5,0.0
6846,884.6,0.0
6847,884.7,0.0
6848,884.8,0.0
6849,884.9,0.0
6850,885.0,0.0
6851,885.1,0.0
6852,885.2,0.0
6853,885.3,0.0
6854,885.4,0.0
6855,885.5,0.0
6856,885.6,0.0
6857,885.7,0.0
6858,885.8,0.0
6859,885.9,0.0
6860,886.0,0.0
6861,886.1,0.0
6862,886.2,0.0
6863,886.3,0.0
6864,886.4,0.0
6865,886.5,0.0
6866,886.6,0.0
6867,886.7,0.0
6868,886.8,0.0
6869,886.9,0.0
6870,887.0,0.0
6871,887.1,0.0
6872,887.2,0.0
6873,887.3,0.0
6874,887.4,0.0
6875,887.5,0.0
6876,887.6,0.0
6877,887.7,0.0
6878,887.8,0.0
6879,887.9,0.0
6880,888.0,0.0
6881,888.1,0.0
6882,888.2,0.0
6883,888.3,0.0
6884,888.4,0.0
6885,888.5,0.0
6886,888.6,0.0
6887,888.7,0.0
6888,888.8,0.0
6889,888.9,0.0
6890,889.0,0.0
6891,889.1,0.0
6892,889.2,0.0
6893,889.3,0.0
6894,889.4,0.0
6895,889.5,0.001
6896,889.6,0.001
6897,889.7,0.002
6898,889.8,0.003
6899,889.9,0.005
6900,890.0,0.007
6901,890.1,0.011
6902,890.2,0.017
6903,890.3,0.024
6904,890.4,0.035
6905,890.5,0.048
6906,890.6,0.065
6907,890.7,0.087
6908,890.8,0.114
6909,890.9,0.145
6910,891.0,0.18
6911,891.1,0.22
6912,891.2,0.262
6913,891.3,0.305
6914,891.4,0.348
6915,891.5,0.388
6916,891.6,0.423
6917,891.7,0.451
6918,891.8,0.471
6919,891.9,0.48
6920,892.0,0.479
6921,892.1,0.467
6922,892.2,0.446
6923,892.3,0.417
6924,892.4,0.38
6925,892.5,0.34
6926,892.6,0.296
6927,892.7,0.253
6928,892.8,0.212
6929,892.9,0.173
6930,893.0,0.138
6931,893.1,0.108
6932,893.2,0.082
6933,893.3,0.062
6934,893.4,0.045
6935,893.5,0.032
6936,893.6,0.023
6937,893.7,0.015
6938,893.8,0.01
6939,893.9,0.007
6940,894.0,0.004
6941,894.1,0.003
6942,894.2,0.002
6943,894.3,0.001
6944,894.4,0.001
6945,894.5,0.0
6946,894.6,0.0
6947,894.7,0.0
6948,894.8,0.0
6949,894.9,0.0
6950,895.0,0.0
6951,895.1,0.0
6952,895.2,0.0
6953,895.3,0.0
6954,895.4,0.0
6955,895.5,0.0
6956,895.6,0.0
6957,895.7,0.0
6958,895.8,0.0
6959,895.9,0.0
6960,896.0,0.0
6961,896.1,0.0
6962,896.2,0.0
6963,896.3,0.0
6964,896.4,0.0
6965,896.5,0.0
6966,896.6,0.0
6967,896.7,0.0
6968,896.8,0.0
6969,896.9,0.0
6970,897.0,0.0
6971,897.1,0.0
6972,897.2,0.0
6973,897.3,0.0
6974,897.4,0.0
6975,897.5,0.0
6976,897.6,0.0
6977,897.7,0.0
6978,897.8,0.0
6979,897.9,0.0
6980,898.0,0.0
6981,898.1,0.0
6982,898.2,0.0
6983,898.3,0.0
6984,898.4,0.0
6985,898.5,0.0
6986,898.6,0.0
6987,898.7,0.0
6988,898.8,0.0
6989,898.9,0.0
6990,899.0,0.0
6991,899.1,0.0
6992,899.2,0.0
6993,899.3,0.0
6994,899.4,0.0
6995,899.5,0.0
6996,899.6,0.0
6997,899.7,0.0
6998,899.8,0.0
6999,899.9,0.0
7000,900.0,0.0
7001,900.1,0.0
7002,900.2,0.0
7003,900.3,0.0
7004,900.4,0.0
7005,900.5,0.0
7006,900.6,0.0
7007,900.7,0.0
7008,900.8,0.0
7009,900.9,0.0
7010,901.0,0.0
7011,901.1,0.0
7012,901.2,0.0
7013,901.3,0.0
7014,901.4,0.0
7015,901.5,0.0
7016,901.6,0.0
7017,901.7,0.0
7018,901.8,0.0
7019,901.9,0.0
7020,902.0,0.0
7021,902.1,0.0
7022,902.2,0.0
7023,902.3,0.0
7024,902.4,0.0
7025,902.5,0.0
7026,902.6,0.0
7027,902.7,0.0
7028,902.8,0.0
7029,902.9,0.0
7030,903.0,0.0
7031,903.1,0.0
7032,903.2,0.0
7033,903.3,0.0
7034,903.4,0.0
7035,903.5,0.0
7036,903.6,0.0
7037,903.7,0.0
7038,903.8,0.0
7039,903.9,0.0
7040,904.0,0.0
7041,904.1,0.0
7042,904.2,0.0
7043,904.3,0.0
7044,904.4,0.0
7045,904.5,0.0
7046,904.6,0.0
7047,904.7,0.0
7048,904.8,0.0
7049,904.9,0.0
7050,905.0,0.0
7051,905.1,0.0
7052,905.2,0.0
7053,905.3,0.0
7054,905.4,0.0
7055,905.5,0.0
7056,905.6,0.0
7057,905.7,0.0
7058,905.8,0.0
7059,905.9,0.0
7060,906.0,0.0
7061,906.1,0.0
7062,906.2,0.0
7063,906.3,0.0
7064,906.4,0.0
7065,906.5,0.0
7066,906.6,0.0
7067,906.7,0.0
7068,906.8,0.0
7069,906.9,0.0
7070,907.0,0.0
7071,907.1,0.0
7072,907.2,0.0
7073,907.3,0.0
7074,907.4,0.0
7075,907.5,0.0
7076,907.6,0.0
7077,907.7,0.0
7078,907.8,0.0
7079,907.9,0.0
7080,908.0,0.0
7081,908.1,0.0
7082,908.2,0.0
7083,908.3,0.0
7084,908.4,0.0
7085,908.5,0.0
7086,908.6,0.0
7087,908.7,0.0
7088,908.8,0.0
7089,908.9,0.0
7090,909.0,0.0
7091,909.1,0.0
7092,909.2,0.0
7093,909.3,0.0
7094,909.4,0.0
7095,909.5,0.0
7096,909.6,0.0
7097,909.7,0.0
7098,909.8,0.0
7099,909.9,0.0
7100,910.0,0.0
7101,910.1,0.0
7102,910.2,0.0
7103,910.3,0.0
7104,910.4,0.0
7105,910.5,0.0
7106,910.6,0.0
7107,910.7,0.0
7108,910.8,0.0
7109,910.9,0.0
7110,911.0,0.0
7111,911.1,0.0
7112,911.2,0.0
7113,911.3,0.0
7114,911.4,0.0
7115,911.5,0.0
7116,911.6,0.0
7117,911.7,0.0
7118,911.8,0.0
7119,911.9,0.0
7120,912.0,0.0
7121,912.1,0.0
7122,912.2,0.0
7123,912.3,0.0
7124,912.4,0.0
7125,912.5,0.0
7126,912.6,0.0
7127,912.7,0.0
7128,912.8,0.0
7129,912.9,0.0
7130,913.0,0.0
7131,913.1,0.0
7132,913.2,0.0
7133,913.3,0.0
7134,913.4,0.0
7135,913.5,0.0
7136,913.6,0.0
7137,913.7,0.0
7138,913.8,0.0
7139,913.9,0.0
7140,914.0,0.0
7141,914.1,0.0
7142,914.2,0.0
7143,914.3,0.0
7144,914.4,0.0
7145,914.5,0.0
7146,914.6,0.0
7147,914.7,0.0
7148,914.8,0.0
7149,914.9,0.0
7150,915.0,0.0
7151,915.1,0.0
7152,915.2,0.0
7153,915.3,0.0
7154,915.4,0.0
7155,915.5,0.0
7156,915.6,0.0
7157,915.7,0.0
7158,915.8,0.0
7159,915.9,0.0
7160,916.0,0.0
7161,916.1,0.0
7162,916.2,0.0
7163,916.3,0.0
7164,916.4,0.0
7165,916.5,0.0
7166,916.6,0.0
7167,916.7,0.0
7168,916.8,0.0
7169,916.9,0.0
7170,917.0,0.0
7171,917.1,0.0
7172,917.2,0.0
7173,917.3,0.0
7174,917.4,0.0
7175,917.5,0.0
7176,917.6,0.0
7177,917.7,0.0
7178,917.8,0.0
7179,917.9,0.0
7180,918.0,0.0
7181,918.1,0.0
7182,918.2,0.0
7183,918.3,0.0
7184,918.4,0.0
7185,918.5,0.0
7186,918.6,0.0
7187,918.7,0.0
7188,918.8,0.0
7189,918.9,0.0
7190,919.0,0.0
7191,919.1,0.0
7192,919.2,0.0
7193,919.3,0.0
7194,919.4,0.0
7195,919.5,0.0
7196,919.6,0.0
7197,919.7,0.0
7198,919.8,0.0
7199,919.9,0.0
7200,920.0,0.0
7201,920.1,0.0
7202,920.2,0.0
7203,920.3,0.0
7204,920.4,0.0
7205,920.5,0.0
7206,920.6,0.0
7207,920.7,0.0
7208,920.8,0.0
7209,920.9,0.0
7210,921.0,0.0
7211,921.1,0.0
7212,921.2,0.0
7213,921.3,0.0
7214,921.4,0.0
7215,921.5,0.0
7216,921.6,0.0
7217,921.7,0.0
7218,921.8,0.0
7219,921.9,0.0
7220,922.0,0.0
7221,922.1,0.0
7222,922.2,0.0
7223,922.3,0.0
7224,922.4,0.0
7225,922.5,0.0
7226,922.6,0.0
7227,922.7,0.0
7228,922.8,0.0
7229,922.9,0.0
7230,923.0,0.0
7231,923.1,0.0
7232,923.2,0.0
7233,923.3,0.0
7234,923.4,0.0
7235,923.5,0.0
7236,923.6,0.0
7237,923.7,0.0
7238,923.8,0.0
7239,923.9,0.0
7240,924.0,0.0
7241,924.1,0.0
7242,924.2,0.0
7243,924.3,0.0
7244,924.4,0.0
7245,924.5,0.0
7246,924.6,0.0
7247,924.7,0.0
7248,924.8,0.0
7249,924.9,0.0
7250,925.0,0.0
7251,925.1,0.0
7252,925.2,0.0
7253,925.3,0.0
7254,925.4,0.0
7255,925.5,0.0
7256,925.6,0.0
7257,925.7,0.0
7258,925.8,0.0
7259,925.9,0.0
7260,926.0,0.0
7261,926.1,0.0
7262,926.2,0.0
7263,926.3,0.0
7264,926.4,0.0
7265,926.5,0.0
7266,926.6,0.0
7267,926.7,0.0
7268,926.8,0.0
7269,926.9,0.0
7270,927.0,0.0
7271,927.1,0.0
7272,927.2,0.0
7273,927.3,0.0
7274,927.4,0.0
7275,927.5,0.0
7276,927.6,0.0
7277,927.7,0.0
7278,927.8,0.0
7279,927.9,0.0
7280,928.0,0.0
7281,928.1,0.0
7282,928.2,0.0
7283,928.3,0.0
7284,928.4,0.0
7285,928.5,0.0
7286,928.6,0.0
7287,928.7,0.0
7288,928.8,0.0
7289,928.9,0.0
7290,929.0,0.0
7291,929.1,0.0
7292,929.2,0.0
7293,929.3,0.0
7294,929.4,0.0
7295,929.5,0.0
7296,929.6,0.0
7297,929.7,0.0
7298,929.8,0.0
7299,929.9,0.0
7300,930.0,0.0
7301,930.1,0.0
7302,930.2,0.0
7303,930.3,0.0
7304,930.4,0.0
7305,930.5,0.0
7306,930.6,0.0
7307,930.7,0.0
7308,930.8,0.0
7309,930.9,0.0
7310,931.0,0.0
7311,931.1,0.0
7312,931.2,0.0
7313,931.3,0.0
7314,931.4,0.0
7315,931.5,0.0
7316,931.6,0.0
7317,931.7,0.0
7318,931.8,0.0
7319,931.9,0.0
7320,932.0,0.0
7321,932.1,0.0
7322,932.2,0.0
7323,932.3,0.0
7324,932.4,0.0
7325,932.5,0.0
7326,932.6,0.0
7327,932.7,0.0
7328,932.8,0.0
7329,932.9,0.0
7330,933.0,0.0
7331,933.1,0.0
7332,933.2,0.0
7333,933.3,0.0
7334,933.4,0.0
7335,933.5,0.0
7336,933.6,0.0
7337,933.7,0.0
7338,933.8,0.0
7339,933.9,0.0
7340,934.0,0.0
7341,934.1,0.0
7342,934.2,0.0
7343,934.3,0.0
7344,934.4,0.0
7345,934.5,0.0
7346,934.6,0.0
7347,934.7,0.0
7348,934.8,0.0
7349,934.9,0.0
7350,935.0,0.0
7351,935.1,0.0
7352,935.2,0.0
7353,935.3,0.0
7354,935.4,0.0
7355,935.5,0.0
7356,935.6,0.0
7357,935.7,0.0
7358,935.8,0.0
7359,935.9,0.0
7360,936.0,0.0
7361,936.1,0.0
7362,936.2,0.0
7363,936.3,0.0
7364,936.4,0.0
7365,936.5,0.0
7366,936.6,0.0
7367,936.7,0.0
7368,936.8,0.0
7369,936.9,0.0
7370,937.0,0.0
7371,937.1,0.0
7372,937.2,0.0
7373,937.3,0.0
7374,937.4,0.0
7375,937.5,0.0
7376,937.6,0.0
7377,937.7,0.0
7378,937.8,0.0
7379,937.9,0.0
7380,938.0,0.0
7381,938.1,0.0
7382,938.2,0.0
7383,938.3,0.0
7384,938.4,0.0
7385,938.5,0.0
7386,938.6,0.0
7387,938.7,0.0
7388,938.8,0.0
7389,938.9,0.0
7390,939.0,0.0
7391,939.1,0.0
7392,939.2,0.0
7393,939.3,0.0
7394,939.4,0.0
7395,939.5,0.0
7396,939.6,0.0
7397,939.7,0.0
7398,939.8,0.0
7399,939.9,0.0
7400,940.0,0.0
7401,940.1,0.0
7402,940.2,0.0
7403,940.3,0.0
7404,940.4,0.0
7405,940.5,0.0
7406,940.6,0.0
7407,940.7,0.0
7408,940.8,0.0
7409,940.9,0.0
7410,941.0,0.0
7411,941.1,0.0
7412,941.2,0.0
7413,941.3,0.0
7414,941.4,0.0
7415,941.5,0.0
7416,941.6,0.0
7417,941.7,0.0
7418,941.8,0.0
7419,941.9,0.0
7420,942.0,0.0
7421,942.1,0.0
7422,942.2,0.0
7423,942.3,0.0
7424,942.4,0.0
7425,942.5,0.0
7426,942.6,0.0
7427,942.7,0.0
7428,942.8,0.0
7429,942.9,0.0
7430,943.0,0.0
7431,943.1,0.0
7432,943.2,0.0
7433,943.3,0.0
7434,943.4,0.0
7435,943.5,0.0
7436,943.6,0.0
7437,943.7,0.0
7438,943.8,0.0
7439,943.9,0.0
7440,944.0,0.0
7441,944.1,0.0
7442,944.2,0.0
7443,944.3,0.0
7444,944.4,0.0
7445,944.5,0.0
7446,944.6,0.0
7447,944.7,0.0
7448,944.8,0.0
7449,944.9,0.0
7450,945.0,0.0
7451,945.1,0.0
7452,945.2,0.0
7453,945.3,0.0
7454,945.4,0.0
7455,945.5,0.0
7456,945.6,0.0
7457,945.7,0.0
7458,945.8,0.0
7459,945.9,0.0
7460,946.0,0.0
7461,946.1,0.0
7462,946.2,0.0
7463,946.3,0.0
7464,946.4,0.0
7465,946.5,0.0
7466,946.6,0.0
7467,946.7,0.0
7468,946.8,0.0
7469,946.9,0.0
7470,947.0,0.0
7471,947.1,0.0
7472,947.2,0.0
7473,947.3,0.0
7474,947.4,0.0
7475,947.5,0.0
7476,947.6,0.0
7477,947.7,0.0
7478,947.8,0.0
7479,947.9,0.0
7480,948.0,0.0
7481,948.1,0.0
7482,948.2,0.0
7483,948.3,0.0
7484,948.4,0.0
7485,948.5,0.0
7486,948.6,0.0
7487,948.7,0.0
7488,948.8,0.0
7489,948.9,0.0
7490,949.0,0.0
7491,949.1,0.0
7492,949.2,0.0
7493,949.3,0.0
7494,949.4,0.0
7495,949.5,0.0
7496,949.6,0.0
7497,949.7,0.0
7498,949.8,0.0
7499,949.9,0.0
7500,950.0,0.0
7501,950.1,0.0
7502,950.2,0.0
7503,950.3,0.0
7504,950.4,0.0
7505,950.5,0.0
7506,950.6,0.0
7507,950.7,0.0
7508,950.8,0.0
7509,950.9,0.0
7510,951.0,0.0
7511,951.1,0.0
7512,951.2,0.0
7513,951.3,0.0
7514,951.4,0.0
7515,951.5,0.0
7516,951.6,0.0
7517,951.7,0.0
7518,951.8,0.0
7519,951.9,0.0
7520,952.0,0.0
7521,952.1,0.0
7522,952.2,0.0
7523,952.3,0.0
7524,952.4,0.0
7525,952.5,0.0
7526,952.6,0.0
7527,952.7,0.0
7528,952.8,0.0
7529,952.9,0.0
7530,953.0,0.0
7531,953.1,0.0
7532,953.2,0.0
7533,953.3,0.0
7534,953.4,0.0
7535,953.5,0.0
7536,953.6,0.0
7537,953.7,0.0
7538,953.8,0.0
7539,953.9,0.0
7540,954.0,0.0
7541,954.1,0.0
7542,954.2,0.0
7543,954.3,0.0
7544,954.4,0.0
7545,954.5,0.0
7546,954.6,0.0
7547,954.7,0.0
7548,954.8,0.0
7549,954.9,0.0
7550,955.0,0.0
7551,955.1,0.0
7552,955.2,0.0
7553,955.3,0.0
7554,955.4,0.0
7555,955.5,0.0
7556,955.6,0.0
7557,955.7,0.0
7558,955.8,0.0
7559,955.9,0.0
7560,956.0,0.0
7561,956.1,0.0
7562,956.2,0.0
7563,956.3,0.0
7564,956.4,0.0
7565,956.5,0.0
7566,956.6,0.0
7567,956.7,0.0
7568,956.8,0.0
7569,956.9,0.0
7570,957.0,0.0
7571,957.1,0.0
7572,957.2,0.0
7573,957.3,0.0
7574,957.4,0.0
7575,957.5,0.0
7576,957.6,0.0
7577,957.7,0.0
7578,957.8,0.0
7579,957.9,0.0
7580,958.0,0.0
7581,958.1,0.0
7582,958.2,0.0
7583,958.3,0.0
7584,958.4,0.0
7585,958.5,0.0
7586,958.6,0.0
7587,958.7,0.0
7588,958.8,0.0
7589,958.9,0.0
7590,959.0,0.0
7591,959.1,0.0
7592,959.2,0.0
7593,959.3,0.0
7594,959.4,0.0
7595,959.5,0.0
7596,959.6,0.0
7597,959.7,0.0
7598,959.8,0.0
7599,959.9,0.0
7600,960.0,0.0
7601,960.1,0.0
7602,960.2,0.0
7603,960.3,0.0
7604,960.4,0.0
7605,960.5,0.0
7606,960.6,0.0
7607,960.7,0.0
7608,960.8,0.0
7609,960.9,0.0
7610,961.0,0.0
7611,961.1,0.0
7612,961.2,0.0
7613,961.3,0.0
7614,961.4,0.0
7615,961.5,0.0
7616,961.6,0.0
7617,961.7,0.0
7618,961.8,0.0
7619,961.9,0.0
7620,962.0,0.0
7621,962.1,0.0
7622,962.2,0.0
7623,962.3,0.0
7624,962.4,0.0
7625,962.5,0.0
7626,962.6,0.0
7627,962.7,0.0
7628,962.8,0.0
7629,962.9,0.0
7630,963.0,0.0
7631,963.1,0.0
7632,963.2,0.0
7633,963.3,0.0
7634,963.4,0.0
7635,963.5,0.0
7636,963.6,0.0
7637,963.7,0.0
7638,963.8,0.0
7639,963.9,0.0
7640,964.0,0.0
7641,964.1,0.0
7642,964.2,0.0
7643,964.3,0.0
7644,964.4,0.0
7645,964.5,0.0
7646,964.6,0.0
7647,964.7,0.0
7648,964.8,0.0
7649,964.9,0.0
7650,965.0,0.0
7651,965.1,0.0
7652,965.2,0.0
7653,965.3,0.0
7654,965.4,0.0
7655,965.5,0.0
7656,965.6,0.0
7657,965.7,0.0
7658,965.8,0.0
7659,965.9,0.0
7660,966.0,0.0
7661,966.1,0.0
7662,966.2,0.0
7663,966.3,0.0
7664,966.4,0.0
7665,966.5,0.0
7666,966.6,0.0
7667,966.7,0.0
7668,966.8,0.0
7669,966.9,0.0
7670,967.0,0.0
7671,967.1,0.0
7672,967.2,0.0
7673,967.3,0.0
7674,967.4,0.0
7675,967.5,0.0
7676,967.6,0.0
7677,967.7,0.0
7678,967.8,0.0
7679,967.9,0.0
7680,968.0,0.0
7681,968.1,0.0
7682,968.2,0.0
7683,968.3,0.0
7684,968.4,0.0
7685,968.5,0.0
7686,968.6,0.0
7687,968.7,0.0
7688,968.8,0.0
7689,968.9,0.0
7690,969.0,0.0
7691,969.1,0.0
7692,969.2,0.0
7693,969.3,0.0
7694,969.4,0.0
7695,969.5,0.0
7696,969.6,0.0
7697,969.7,0.0
7698,969.8,0.0
7699,969.9,0.0
7700,970.0,0.0
7701,970.1,0.0
7702,970.2,0.0
7703,970.3,0.0
7704,970.4,0.0
7705,970.5,0.0
7706,970.6,0.0
7707,970.7,0.0
7708,970.8,0.0
7709,970.9,0.0
7710,971.0,0.0
7711,971.1,0.0
7712,971.2,0.0
7713,971.3,0.0
7714,971.4,0.0
7715,971.5,0.0
7716,971.6,0.0
7717,971.7,0.0
7718,971.8,0.0
7719,971.9,0.0
7720,972.0,0.0
7721,972.1,0.0
7722,972.2,0.0
7723,972.3,0.0
7724,972.4,0.0
7725,972.5,0.0
7726,972.6,0.0
7727,972.7,0.0
7728,972.8,0.0
7729,972.9,0.0
7730,973.0,0.0
7731,973.1,0.0
7732,973.2,0.0
7733,973.3,0.0
7734,973.4,0.0
7735,973.5,0.0
7736,973.6,0.0
7737,973.7,0.0
7738,973.8,0.0
7739,973.9,0.0
7740,974.0,0.0
7741,974.1,0.0
7742,974.2,0.0
7743,974.3,0.0
7744,974.4,0.0
7745,974.5,0.0
7746,974.6,0.0
7747,974.7,0.0
7748,974.8,0.0
7749,974.9,0.0
7750,975.0,0.0
7751,975.1,0.0
7752,975.2,0.0
7753,975.3,0.0
7754,975.4,0.0
7755,975.5,0.0
7756,975.6,0.0
7757,975.7,0.0
7758,975.8,0.0
7759,975.9,0.0
7760,976.0,0.0
7761,976.1,0.0
7762,976.2,0.0
7763,976.3,0.0
7764,976.4,0.0
7765,976.5,0.0
7766,976.6,0.0
7767,976.7,0.0
7768,976.8,0.0
7769,976.9,0.0
7770,977.0,0.0
7771,977.1,0.0
7772,977.2,0.0
7773,977.3,0.0
7774,977.4,0.0
7775,977.5,0.0
7776,977.6,0.0
7777,977.7,0.0
7778,977.8,0.0
7779,977.9,0.0
7780,978.0,0.0
7781,978.1,0.0
7782,978.2,0.0
7783,978.3,0.0
7784,978.4,0.0
7785,978.5,0.0
7786,978.6,0.0
7787,978.7,0.0
7788,978.8,0.0
7789,978.9,0.0
7790,979.0,0.0
7791,979.1,0.0
7792,979.2,0.0
7793,979.3,0.0
7794,979.4,0.0
7795,979.5,0.0
7796,979.6,0.0
7797,979.7,0.0
7798,979.8,0.0
7799,979.9,0.0
7800,980.0,0.0
7801,980.1,0.0
7802,980.2,0.0
7803,980.3,0.0
7804,980.4,0.0
7805,980.5,0.0
7806,980.6,0.0
7807,980.7,0.0
7808,980.8,0.0
7809,980.9,0.0
7810,981.0,0.0
7811,981.1,0.0
7812,981.2,0.0
7813,981.3,0.0
7814,981.4,0.0
7815,981.5,0.0
7816,981.6,0.0
7817,981.7,0.0
7818,981.8,0.0
7819,981.9,0.0
7820,982.0,0.0
7821,982.1,0.0
7822,982.2,0.0
7823,982.3,0.0
7824,982.4,0.0
7825,982.5,0.0
7826,982.6,0.0
7827,982.7,0.0
7828,982.8,0.0
7829,982.9,0.0
7830,983.0,0.0
7831,983.1,0.0
7832,983.2,0.0
7833,983.3,0.0
7834,983.4,0.0
7835,983.5,0.0
7836,983.6,0.0
7837,983.7,0.0
7838,983.8,0.0
7839,983.9,0.0
7840,984.0,0.0
7841,984.1,0.0
7842,984.2,0.0
7843,984.3,0.0
7844,984.4,0.0
7845,984.5,0.0
7846,984.6,0.0
7847,984.7,0.0
7848,984.8,0.0
7849,984.9,0.0
7850,985.0,0.0
7851,985.1,0.0
7852,985.2,0.0
7853,985.3,0.0
7854,985.4,0.0
7855,985.5,0.0
7856,985.6,0.0
7857,985.7,0.0
7858,985.8,0.0
7859,985.9,0.0
7860,986.0,0.0
7861,986.1,0.0
7862,986.2,0.0
7863,986.3,0.0
7864,986.4,0.0
7865,986.5,0.0
7866,986.6,0.0
7867,986.7,0.0
7868,986.8,0.0
7869,986.9,0.0
7870,987.0,0.0
7871,987.1,0.0
7872,987.2,0.0
7873,987.3,0.0
7874,987.4,0.0
7875,987.5,0.0
7876,987.6,0.0
7877,987.7,0.0
7878,987.8,0.0
7879,987.9,0.0
7880,988.0,0.0
7881,988.1,0.0
7882,988.2,0.0
7883,988.3,0.0
7884,988.4,0.0
7885,988.5,0.0
7886,988.6,0.0
7887,988.7,0.0
7888,988.8,0.0
7889,988.9,0.0
7890,989.0,0.0
7891,989.1,0.0
7892,989.2,0.0
7893,989.3,0.0
7894,989.4,0.0
7895,989.5,0.0
7896,989.6,0.0
7897,989.7,0.0
7898,989.8,0.0
7899,989.9,0.0
7900,990.0,0.0
7901,990.1,0.0
7902,990.2,0.0
7903,990.3,0.0
7904,990.4,0.0
7905,990.5,0.0
7906,990.6,0.0
7907,990.7,0.0
7908,990.8,0.0
7909,990.9,0.0
7910,991.0,0.0
7911,991.1,0.0
7912,991.2,0.0
7913,991.3,0.0
7914,991.4,0.0
7915,991.5,0.0
7916,991.6,0.0
7917,991.7,0.0
7918,991.8,0.0
7919,991.9,0.0
7920,992.0,0.0
7921,992.1,0.0
7922,992.2,0.0
7923,992.3,0.0
7924,992.4,0.0
7925,992.5,0.0
7926,992.6,0.0
7927,992.7,0.0
7928,992.8,0.0
7929,992.9,0.0
7930,993.0,0.0
7931,993.1,0.0
7932,993.2,0.0
7933,993.3,0.0
7934,993.4,0.0
7935,993.5,0.0
7936,993.6,0.0
7937,993.7,0.0
7938,993.8,0.0
7939,993.9,0.0
7940,994.0,0.0
7941,994.1,0.0
7942,994.2,0.0
7943,994.3,0.0
7944,994.4,0.0
7945,994.5,0.0
7946,994.6,0.0
7947,994.7,0.0
7948,994.8,0.0
7949,994.9,0.0
7950,995.0,0.0
7951,995.1,0.0
7952,995.2,0.0
7953,995.3,0.0
7954,995.4,0.0
7955,995.5,0.0
7956,995.6,0.0
7957,995.7,0.0
7958,995.8,0.0
7959,995.9,0.0
7960,996.0,0.0
7961,996.1,0.0
7962,996.2,0.0
7963,996.3,0.0
7964,996.4,0.0
7965,996.5,0.0
7966,996.6,0.0
7967,996.7,0.0
7968,996.8,0.0
7969,996.9,0.0
7970,997.0,0.0
7971,997.1,0.0
7972,997.2,0.0
7973,997.3,0.0
7974,997.4,0.0
7975,997.5,0.0
7976,997.6,0.0
7977,997.7,0.0
7978,997.8,0.0
7979,997.9,0.0
7980,998.0,0.0
7981,998.1,0.0
7982,998.2,0.0
7983,998.3,0.0
7984,998.4,0.0
7985,998.5,0.0
7986,998.6,0.0
7987,998.7,0.0
7988,998.8,0.0
7989,998.9,0.0
7990,999.0,0.0
7991,999.1,0.0
7992,999.2,0.0
7993,999.3,0.0
7994,999.4,0.0
7995,999.5,0.0
7996,999.6,0.0
7997,999.7,0.0
7998,999.8,0.0
7999,999.9,0.0
