,wavelength,intensity
0,200.0,32550000.0
1,200.1,36500000.0
2,200.2,39022571.044
3,200.3,39900000.0
4,200.4,39250000.0
5,200.5,37350000.0
6,200.6,34630950.519
7,200.7,31590000.0
8,200.8,28720000.0
9,200.9,26450000.0
10,201.0,25091048.829
11,201.1,24660000.0
12,201.2,25040000.0
13,201.3,25850615.004
14,201.4,26590000.0
15,201.5,26780000.0
16,201.6,26130000.0
17,201.7,24589369.735
18,201.8,22410000.0
19,201.9,19930000.0
20,202.0,17540000.0
21,202.1,15502190.371
22,202.2,13840000.0
23,202.3,12490000.0
24,202.4,11260000.0
25,202.5,9967213.763
26,202.6,8549000.0
27,202.7,7001000.0
28,202.8,5435000.0
29,202.9,3982036.376
30,203.0,2736000.0
31,203.1,1765000.0
32,203.2,1067000.0
33,203.3,603976.411
34,203.4,320400.0
35,203.5,161000.0
36,203.6,82940.0
37,203.7,56841.766
38,203.8,123900.0
39,203.9,349700.0
40,204.0,961518.232
41,204.1,2740000.0
42,204.2,7008000.0
43,204.3,16810000.0
44,204.4,37388825.163
45,204.5,79660000.0
46,204.6,157500000.0
47,204.7,292000000.0
48,204.8,508648834.834
49,204.9,830099999.999
50,205.0,1273999999.999
51,205.1,1838999999.998
52,205.2,2502082504.41
53,205.3,3210999999.998
54,205.4,3904999999.998
55,205.5,4517999999.998
56,205.6,4999653409.26
57,205.7,5336999999.999
58,205.8,5532000000.0
59,205.9,5612000000.0
60,206.0,5609144758.421
61,206.1,5537000000.0
62,206.2,5399000000.001
63,206.3,5179184753.694
64,206.4,4863000000.001
65,206.5,4442000000.002
66,206.6,3927000000.002
67,206.7,3342812034.172
68,206.8,2730000000.002
69,206.9,2132000000.002
70,207.0,1588000000.002
71,207.1,1126442264.46
72,207.2,757800000.001
73,207.3,484800000.001
74,207.4,295300000.001
75,207.5,172052877.267
76,207.6,97430000.0
77,207.7,54760000.0
78,207.8,31660000.0
79,207.9,19364604.059
80,208.0,13030000.0
81,208.1,9226000.0
82,208.2,6703000.0
83,208.3,4860587.303
84,208.4,3507000.0
85,208.5,2565000.0
86,208.6,2000000.0
87,208.7,1760832.394
88,208.8,1790000.0
89,208.9,2034000.0
90,209.0,2464538.566
91,209.1,3098000.0
92,209.2,3972000.0
93,209.3,5171000.0
94,209.4,6794831.686
95,209.5,8918000.0
96,209.6,11590000.0
97,209.7,14770000.0
98,209.8,18297223.642
99,209.9,21880000.0
100,210.0,25170000.0
101,210.1,27720000.0
102,210.2,29154572.049
103,210.3,29270000.0
104,210.4,27970000.0
105,210.5,25450000.0
106,210.6,22073847.502
107,210.7,18330000.0
108,210.8,14720000.0
109,210.9,11670000.0
110,211.0,9469272.832
111,211.1,8236000.0
112,211.2,8017000.0
113,211.3,8709268.814
114,211.4,10120000.0
115,211.5,12030000.0
116,211.6,14170000.0
117,211.7,16262220.263
118,211.8,18050000.0
119,211.9,19310000.0
120,212.0,19940000.0
121,212.1,19942830.944
122,212.2,19490000.0
123,212.3,18820000.0
124,212.4,18290000.0
125,212.5,18334834.983
126,212.6,19440000.0
127,212.7,22090000.0
128,212.8,26730000.0
129,212.9,33766740.054
130,213.0,43420000.0
131,213.1,55800000.0
132,213.2,70770000.0
133,213.3,88031741.886
134,213.4,106900000.0
135,213.5,126600000.0
136,213.6,146200000.0
137,213.7,164103480.537
138,213.8,178800000.0
139,213.9,188800000.0
140,214.0,192632044.014
141,214.1,189600000.0
142,214.2,179500000.0
143,214.3,163400000.0
144,214.4,143199077.471
145,214.5,121100000.0
146,214.6,99320000.0
147,214.7,79810000.0
148,214.8,63697712.677
149,214.9,51120000.0
150,215.0,41850000.0
151,215.1,35050000.0
152,215.2,29788587.291
153,215.3,25390000.0
154,215.4,21330000.0
155,215.5,17460000.0
156,215.6,13837974.458
157,215.7,10600000.0
158,215.8,7884000.0
159,215.9,5766000.0
160,216.0,4225144.161
161,216.1,3164000.0
162,216.2,2466000.0
163,216.3,2006234.694
164,216.4,1693000.0
165,216.5,1454000.0
166,216.6,1258000.0
167,216.7,1090954.104
168,216.8,951500.0
169,216.9,840600.0
170,217.0,756200.0
171,217.1,692777.247
172,217.2,643800.0
173,217.3,603900.0
174,217.4,573700.0
175,217.5,562253.097
176,217.6,591900.0
177,217.7,690500.0
178,217.8,896300.0
179,217.9,1249155.622
180,218.0,1777000.0
181,218.1,2497000.0
182,218.2,3393000.0
183,218.3,4419945.811
184,218.4,5489000.0
185,218.5,6498000.0
186,218.6,7333000.0
187,218.7,7891899.834
188,218.8,8125000.0
189,218.9,8009000.0
190,219.0,7581573.974
191,219.1,6923000.0
192,219.2,6123000.0
193,219.3,5278000.0
194,219.4,4470498.79
195,219.5,3747000.0
196,219.6,3137000.0
197,219.7,2636000.0
198,219.8,2229246.204
199,219.9,1896000.0
200,220.0,1617000.0
201,220.1,1386000.0
202,220.2,1206346.352
203,220.3,1090000.0
204,220.4,1050000.0
205,220.5,1096000.0
206,220.6,1231165.383
207,220.7,1440000.0
208,220.8,1701000.0
209,220.9,1985000.0
210,221.0,2256186.461
211,221.1,2488000.0
212,221.2,2659000.0
213,221.3,2759212.328
214,221.4,2790000.0
215,221.5,2756000.0
216,221.6,2666000.0
217,221.7,2529945.251
218,221.8,2357000.0
219,221.9,2158000.0
220,222.0,1951000.0
221,222.1,1756338.1
222,222.2,1601000.0
223,222.3,1513000.0
224,222.4,1516000.0
225,222.5,1621694.96
226,222.6,1819000.0
227,222.7,2086000.0
228,222.8,2377000.0
229,222.9,2635729.218
230,223.0,2812000.0
231,223.1,2863000.0
232,223.2,2771000.0
233,223.3,2543260.402
234,223.4,2214000.0
235,223.5,1825000.0
236,223.6,1424000.0
237,223.7,1052979.969
238,223.8,735500.0
239,223.9,486800.0
240,224.0,305312.26
241,224.1,180800.0
242,224.2,101400.0
243,224.3,53880.0
244,224.4,26907.013
245,224.5,12910.0
246,224.6,5865.0
247,224.7,2625.0
248,224.8,1311.22
249,224.9,1137.0
250,225.0,1694.0
251,225.1,3084.0
252,225.2,5625.827
253,225.3,9855.0
254,225.4,16370.0
255,225.5,25800.0
256,225.6,38581.085
257,225.7,54550.0
258,225.8,73200.0
259,225.9,93130.0
260,226.0,112289.862
261,226.1,128400.0
262,226.2,139200.0
263,226.3,143020.151
264,226.4,139800.0
265,226.5,130200.0
266,226.6,116400.0
267,226.7,101938.241
268,226.8,91540.0
269,226.9,90550.0
270,227.0,105900.0
271,227.1,145704.369
272,227.2,219800.0
273,227.3,338300.0
274,227.4,510800.0
275,227.5,744180.837
276,227.6,1035000.0
277,227.7,1375000.0
278,227.8,1745000.0
279,227.9,2115569.579
280,228.0,2455000.0
281,228.1,2734000.0
282,228.2,2935000.0
283,228.3,3055383.601
284,228.4,3116000.0
285,228.5,3146000.0
286,228.6,3187000.0
287,228.7,3282556.566
288,228.8,3458000.0
289,228.9,3729000.0
290,229.0,4085440.351
291,229.1,4487000.0
292,229.2,4884000.0
293,229.3,5213000.0
294,229.4,5407258.538
295,229.5,5424000.0
296,229.6,5235000.0
297,229.7,4848000.0
298,229.8,4297689.438
299,229.9,3643000.0
300,230.0,2948000.0
301,230.1,2275000.0
302,230.2,1674504.06
303,230.3,1172000.0
304,230.4,781800.0
305,230.5,496500.0
306,230.6,300312.584
307,230.7,173600.0
308,230.8,96600.0
309,230.9,52860.0
310,231.0,29782.34
311,231.1,19510.0
312,231.2,15960.0
313,231.3,16143.36
314,231.4,18640.0
315,231.5,22530.0
316,231.6,28040.0
317,231.7,36057.967
318,231.8,49050.0
319,231.9,70570.0
320,232.0,107100.0
321,232.1,167954.571
322,232.2,268600.0
323,232.3,427800.0
324,232.4,672200.0
325,232.5,1034228.138
326,232.6,1552000.0
327,232.7,2264000.0
328,232.8,3205000.0
329,232.9,4399850.908
330,233.0,5840000.0
331,233.1,7500000.0
332,233.2,9314000.0
333,233.3,11182944.218
334,233.4,13000000.0
335,233.5,14660000.0
336,233.6,16070000.0
337,233.7,17165509.465
338,233.8,17930000.0
339,233.9,18360000.0
340,234.0,18464252.468
341,234.1,18270000.0
342,234.2,17810000.0
343,234.3,17130000.0
344,234.4,16314959.021
345,234.5,15490000.0
346,234.6,14790000.0
347,234.7,14350000.0
348,234.8,14260624.33
349,234.9,14520000.0
350,235.0,15080000.0
351,235.1,15790000.0
352,235.2,16468829.813
353,235.3,16970000.0
354,235.4,17170000.0
355,235.5,17020000.0
356,235.6,16578496.491
357,235.7,15960000.0
358,235.8,15290000.0
359,235.9,14700000.0
360,236.0,14292123.725
361,236.1,14090000.0
362,236.2,14080000.0
363,236.3,14173691.335
364,236.4,14260000.0
365,236.5,14230000.0
366,236.6,13990000.0
367,236.7,13483077.214
368,236.8,12750000.0
369,236.9,11870000.0
370,237.0,10990000.0
371,237.1,10306580.27
372,237.2,10020000.0
373,237.3,10330000.0
374,237.4,11420000.0
375,237.5,13379017.126
376,237.6,16210000.0
377,237.7,19870000.0
378,237.8,24180000.0
379,237.9,28837926.41
380,238.0,33450000.0
381,238.1,37600000.0
382,238.2,40860000.0
383,238.3,42861251.11
384,238.4,43410000.0
385,238.5,42410000.0
386,238.6,40000000.0
387,238.7,36452009.212
388,238.8,32130000.0
389,238.9,27420000.0
390,239.0,22694415.572
391,239.1,18230000.0
392,239.2,14250000.0
393,239.3,10860000.0
394,239.4,8113525.579
395,239.5,6002000.0
396,239.6,4502000.0
397,239.7,3592000.0
398,239.8,3259600.833
399,239.9,3510000.0
400,240.0,4353000.0
401,240.1,5798000.0
402,240.2,7827376.118
403,240.3,10350000.0
404,240.4,13230000.0
405,240.5,16220000.0
406,240.6,19027334.292
407,240.7,21340000.0
408,240.8,22860000.0
409,240.9,23380000.0
410,241.0,22824484.954
411,241.1,21290000.0
412,241.2,18950000.0
413,241.3,16120690.882
414,241.4,13110000.0
415,241.5,10200000.0
416,241.6,7605000.0
417,241.7,5455760.385
418,241.8,3774000.0
419,241.9,2542000.0
420,242.0,1683000.0
421,242.1,1110344.293
422,242.2,744100.0
423,242.3,511400.0
424,242.4,363300.0
425,242.5,266095.65
426,242.6,202500.0
427,242.7,161200.0
428,242.8,139800.0
429,242.9,138633.01
430,243.0,160500.0
431,243.1,209100.0
432,243.2,289300.0
433,243.3,406927.247
434,243.4,569400.0
435,243.5,785000.0
436,243.6,1064000.0
437,243.7,1417224.158
438,243.8,1855000.0
439,243.9,2386000.0
440,244.0,3010504.726
441,244.1,3718000.0
442,244.2,4492000.0
443,244.3,5301000.0
444,244.4,6108404.716
445,244.5,6878000.0
446,244.6,7577000.0
447,244.7,8187000.0
448,244.8,8701646.717
449,244.9,9128000.0
450,245.0,9476000.0
451,245.1,9756000.0
452,245.2,9978210.683
453,245.3,10140000.0
454,245.4,10240000.0
455,245.5,10290000.0
456,245.6,10291508.669
457,245.7,10270000.0
458,245.8,10250000.0
459,245.9,10230000.0
460,246.0,10222536.505
461,246.1,10220000.0
462,246.2,10200000.0
463,246.3,10115046.487
464,246.4,9936000.0
465,246.5,9645000.0
466,246.6,9248000.0
467,246.7,8789518.162
468,246.8,8375000.0
469,246.9,8134000.0
470,247.0,8240000.0
471,247.1,8879650.131
472,247.2,10200000.0
473,247.3,12320000.0
474,247.4,15270000.0
475,247.5,18955399.251
476,247.6,23140000.0
477,247.7,27530000.0
478,247.8,31720000.0
479,247.9,35284693.322
480,248.0,37880000.0
481,248.1,39230000.0
482,248.2,39260000.0
483,248.3,38047388.087
484,248.4,35890000.0
485,248.5,33160000.0
486,248.6,30320000.0
487,248.7,27825547.632
488,248.8,26010000.0
489,248.9,25140000.0
490,249.0,25302843.094
491,249.1,26410000.0
492,249.2,28310000.0
493,249.3,30750000.0
494,249.4,33497084.564
495,249.5,36350000.0
496,249.6,39140000.0
497,249.7,41810000.0
498,249.8,44345002.172
499,249.9,46750000.0
500,250.0,49020000.0
501,250.1,51090000.0
502,250.2,52854039.438
503,250.3,54140000.0
504,250.4,54770000.0
505,250.5,54610000.0
506,250.6,53583210.42
507,250.7,51750000.0
508,250.8,49220000.0
509,250.9,46180000.0
510,251.0,42879756.222
511,251.1,39550000.0
512,251.2,36410000.0
513,251.3,33674643.992
514,251.4,31590000.0
515,251.5,30440000.0
516,251.6,30640000.0
517,251.7,32723047.963
518,251.8,37360000.0
519,251.9,45250000.0
520,252.0,57070000.0
521,252.1,73296074.165
522,252.2,93789999.999
523,252.3,118099999.999
524,252.4,144999999.999
525,252.5,172519650.414
526,252.6,198199999.999
527,252.7,219499999.999
528,252.8,234000000.0
529,252.9,239914201.755
530,253.0,236700000.0
531,253.1,224500000.0
532,253.2,205000000.001
533,253.3,180256647.775
534,253.4,152800000.001
535,253.5,125200000.001
536,253.6,99590000.001
537,253.7,77490227.329
538,253.8,59590000.0
539,253.9,46250000.0
540,254.0,37232852.95
541,254.1,32040000.0
542,254.2,30120000.0
543,254.3,30840000.0
544,254.4,33592651.157
545,254.5,37800000.0
546,254.6,42890000.0
547,254.7,48300000.0
548,254.8,53497129.917
549,254.9,58000000.0
550,255.0,61380000.0
551,255.1,63380000.0
552,255.2,63867563.673
553,255.3,62930000.0
554,255.4,60740000.0
555,255.5,57610000.0
556,255.6,53917927.051
557,255.7,50020000.0
558,255.8,46250000.0
559,255.9,42870000.0
560,256.0,40050167.38
561,256.1,37860000.0
562,256.2,36330000.0
563,256.3,35417890.345
564,256.4,35050000.0
565,256.5,35150000.0
566,256.6,35640000.0
567,256.7,36422094.24
568,256.8,37390000.0
569,256.9,38430000.0
570,257.0,39400000.0
571,257.1,40149393.725
572,257.2,40550000.0
573,257.3,40490000.0
574,257.4,39910000.0
575,257.5,38821819.726
576,257.6,37310000.0
577,257.7,35490000.0
578,257.8,33540000.0
579,257.9,31651312.199
580,258.0,30000000.0
581,258.1,28740000.0
582,258.2,27960000.0
583,258.3,27737072.754
584,258.4,28060000.0
585,258.5,28880000.0
586,258.6,30090000.0
587,258.7,31544718.075
588,258.8,33060000.0
589,258.9,34430000.0
590,259.0,35411961.574
591,259.1,35810000.0
592,259.2,35470000.0
593,259.3,34340000.0
594,259.4,32414140.271
595,259.5,29840000.0
596,259.6,26810000.0
597,259.7,23550000.0
598,259.8,20321652.719
599,259.9,17320000.0
600,260.0,14700000.0
601,260.1,12530000.0
602,260.2,10824752.044
603,260.3,9548000.0
604,260.4,8655000.0
605,260.5,8115000.0
606,260.6,7918478.704
607,260.7,8093000.0
608,260.8,8677000.0
609,260.9,9715000.0
610,261.0,11232358.129
611,261.1,13210000.0
612,261.2,15600000.0
613,261.3,18281710.169
614,261.4,21120000.0
615,261.5,23980000.0
616,261.6,26730000.0
617,261.7,29285144.561
618,261.8,31660000.0
619,261.9,33900000.0
620,262.0,36100000.0
621,262.1,38423655.291
622,262.2,40990000.0
623,262.3,43880000.0
624,262.4,47080000.0
625,262.5,50494098.575
626,262.6,53880000.0
627,262.7,56950000.0
628,262.8,59370000.0
629,262.9,60816127.339
630,263.0,61120000.0
631,263.1,60210000.0
632,263.2,58260000.0
633,263.3,55623015.752
634,263.4,52860000.0
635,263.5,50590000.0
636,263.6,49470000.0
637,263.7,50120209.026
638,263.8,53050000.0
639,263.9,58730000.0
640,264.0,67613515.711
641,264.1,80269999.999
642,264.2,97369999.999
643,264.3,119899999.999
644,264.4,149094103.472
645,264.5,186299999.998
646,264.6,232799999.998
647,264.7,289499999.998
648,264.8,356733482.852
649,264.9,433499999.997
650,265.0,518199999.997
651,265.1,607999999.997
652,265.2,699326390.934
653,265.3,788699999.997
654,265.4,872999999.997
655,265.5,950399999.997
656,265.6,1020610842.752
657,265.7,1086999999.998
658,265.8,1153999999.997
659,265.9,1226999999.997
660,266.0,1312532229.318
661,266.1,1416999999.996
662,266.2,1545999999.995
663,266.3,1701054373.599
664,266.4,1877999999.993
665,266.5,2070999999.993
666,266.6,2270999999.992
667,266.7,2462945278.609
668,266.8,2631999999.994
669,266.9,2763999999.996
670,267.0,2845999999.998
671,267.1,2867744466.687
672,267.2,2825000000.003
673,267.3,2717000000.005
674,267.4,2551000000.007
675,267.5,2337125653.549
676,267.6,2090000000.01
677,267.7,1826000000.01
678,267.8,1563000000.01
679,267.9,1315092628.02
680,268.0,1093000000.008
681,268.1,905600000.007
682,268.2,756300000.005
683,268.3,644414421.84
684,268.4,565600000.002
685,268.5,514300000.002
686,268.6,483200000.001
687,268.7,464708405.469
688,268.8,452500000.0
689,268.9,440900000.0
690,269.0,426098137.132
691,269.1,406900000.001
692,269.2,383100000.001
693,269.3,356300000.001
694,269.4,329093469.275
695,269.5,304200000.001
696,269.6,284200000.001
697,269.7,270900000.0
698,269.8,264768144.996
699,269.9,265000000.0
700,270.0,270300000.0
701,270.1,278400000.0
702,270.2,286741620.982
703,270.3,293200000.0
704,270.4,296000000.0
705,270.5,294300000.0
706,270.6,287767838.006
707,270.7,277000000.001
708,270.8,262900000.001
709,270.9,246700000.001
710,271.0,229661274.695
711,271.1,212600000.001
712,271.2,196200000.001
713,271.3,180935987.137
714,271.4,166700000.001
715,271.5,153300000.001
716,271.6,140700000.001
717,271.7,128735570.775
718,271.8,117600000.0
719,271.9,107600000.0
720,272.0,99100000.0
721,272.1,92548407.966
722,272.2,88180000.0
723,272.3,86120000.0
724,272.4,86270000.0
725,272.5,88339267.206
726,272.6,91970000.0
727,272.7,96820000.0
728,272.8,102700000.0
729,272.9,109704094.057
730,273.0,118100000.0
731,273.1,128300000.0
732,273.2,141099999.999
733,273.3,157033277.488
734,273.4,176299999.999
735,273.5,198899999.999
736,273.6,224199999.999
737,273.7,250990811.585
738,273.8,277599999.999
739,273.9,302199999.999
740,274.0,322828829.117
741,274.1,337900000.0
742,274.2,346100000.0
743,274.3,346900000.0
744,274.4,340572196.362
745,274.5,328000000.001
746,274.6,310400000.001
747,274.7,289700000.001
748,274.8,267508781.919
749,274.9,245400000.001
750,275.0,224900000.001
751,275.1,207100000.001
752,275.2,192443452.404
753,275.3,181200000.0
754,275.4,173500000.0
755,275.5,169000000.0
756,275.6,167395978.666
757,275.7,168300000.0
758,275.8,171300000.0
759,275.9,176000000.0
760,276.0,181927284.946
761,276.1,188600000.0
762,276.2,195500000.0
763,276.3,201996210.69
764,276.4,207600000.0
765,276.5,211900000.0
766,276.6,214600000.0
767,276.7,215495557.823
768,276.8,214800000.0
769,276.9,212800000.0
770,277.0,209800000.0
771,277.1,206586435.585
772,277.2,203700000.0
773,277.3,201600000.0
774,277.4,200800000.0
775,277.5,201703678.248
776,277.6,204500000.0
777,277.7,209300000.0
778,277.8,216100000.0
779,277.9,224812726.033
780,278.0,235100000.0
781,278.1,246499999.999
782,278.2,258299999.999
783,278.3,269633211.785
784,278.4,279400000.0
785,278.5,286400000.0
786,278.6,289400000.0
787,278.7,287760990.381
788,278.8,281200000.0
789,278.9,269700000.001
790,279.0,254167612.815
791,279.1,236000000.001
792,279.2,216700000.001
793,279.3,197900000.001
794,279.4,181078995.061
795,279.5,167200000.001
796,279.6,156900000.0
797,279.7,150000000.0
798,279.8,146025673.666
799,279.9,144300000.0
800,280.0,144000000.0
801,280.1,144100000.0
802,280.2,144194432.341
803,280.3,143900000.0
804,280.4,143000000.0
805,280.5,142000000.0
806,280.6,141322250.568
807,280.7,141900000.0
808,280.8,144900000.0
809,280.9,151900000.0
810,281.0,164965034.693
811,281.1,186299999.999
812,281.2,218199999.998
813,281.3,263051096.563
814,281.4,322399999.997
815,281.5,397199999.996
816,281.6,486799999.996
817,281.7,589248435.178
818,281.8,701099999.995
819,281.9,818699999.994
820,282.0,938899999.994
821,282.1,1059927162.817
822,282.2,1184999999.994
823,282.3,1319999999.993
824,282.4,1476999999.992
825,282.5,1671988621.09
826,282.6,1922999999.987
827,282.7,2246999999.983
828,282.8,2654999999.979
829,282.9,3151720313.348
830,283.0,3724999999.971
831,283.1,4354999999.969
832,283.2,5006999999.969
833,283.3,5638858203.251
834,283.4,6205999999.975
835,283.5,6665999999.981
836,283.6,6987999999.988
837,283.7,7154003896.417
838,283.8,7166000000.003
839,283.9,7035000000.009
840,284.0,6790100607.857
841,284.1,6467000000.017
842,284.2,6102000000.018
843,284.3,5730000000.018
844,284.4,5377477665.629
845,284.5,5061000000.014
846,284.6,4792000000.012
847,284.7,4569000000.01
848,284.8,4384569786.646
849,284.9,4230000000.007
850,285.0,4096000000.006
851,285.1,3973000000.006
852,285.2,3857849709.373
853,285.3,3753000000.005
854,285.4,3663000000.004
855,285.5,3597000000.002
856,285.6,3565647070.018
857,285.7,3575999999.998
858,285.8,3632999999.996
859,285.9,3735999999.994
860,286.0,3877745229.595
861,286.1,4044999999.991
862,286.2,4221999999.991
863,286.3,4388398403.116
864,286.4,4524999999.994
865,286.5,4613999999.997
866,286.6,4641000000.0
867,286.7,4595493036.217
868,286.8,4475000000.008
869,286.9,4281000000.011
870,287.0,4023000000.014
871,287.1,3713755496.566
872,287.2,3372000000.017
873,287.3,3017000000.018
874,287.4,2665000000.017
875,287.5,2333188163.911
876,287.6,2033000000.014
877,287.7,1773000000.012
878,287.8,1556000000.01
879,287.9,1379830997.547
880,288.0,1241000000.006
881,288.1,1135000000.005
882,288.2,1055000000.003
883,288.3,998026478.822
884,288.4,960300000.001
885,288.5,938200000.001
886,288.6,930600000.0
887,288.7,935945730.898
888,288.8,952299999.999
889,288.9,977399999.999
890,289.0,1007825666.665
891,289.1,1039999999.998
892,289.2,1069999999.999
893,289.3,1092999999.999
894,289.4,1106438773.156
895,289.5,1109000000.0
896,289.6,1100000000.001
897,289.7,1081000000.001
898,289.8,1055400490.247
899,289.9,1027000000.001
900,290.0,1000000000.001
901,290.1,979500000.001
902,290.2,968207792.627
903,290.3,967500000.0
904,290.4,977899999.999
905,290.5,997099999.999
906,290.6,1021435037.407
907,290.7,1045999999.999
908,290.8,1065999999.999
909,290.9,1078000000.0
910,291.0,1078810037.694
911,291.1,1068000000.001
912,291.2,1047000000.001
913,291.3,1021410461.021
914,291.4,996800000.001
915,291.5,978600000.001
916,291.6,972700000.0
917,291.7,983508932.307
918,291.8,1010999999.998
919,291.9,1053999999.997
920,292.0,1109999999.997
921,292.1,1172246465.096
922,292.2,1232999999.997
923,292.3,1284999999.998
924,292.4,1322999999.998
925,292.5,1343408591.934
926,292.6,1345000000.0
927,292.7,1328000000.001
928,292.8,1296000000.002
929,292.9,1252680202.681
930,293.0,1202000000.003
931,293.1,1148000000.003
932,293.2,1094000000.003
933,293.3,1041077152.738
934,293.4,989500000.003
935,293.5,939300000.003
936,293.6,889900000.003
937,293.7,840882438.7
938,293.8,792200000.003
939,293.9,744000000.003
940,294.0,696933419.988
941,294.1,651900000.002
942,294.2,609800000.002
943,294.3,571400000.002
944,294.4,537320806.647
945,294.5,507800000.001
946,294.6,482900000.001
947,294.7,462300000.001
948,294.8,445334794.591
949,294.9,431200000.001
950,295.0,419000000.001
951,295.1,407600000.001
952,295.2,396073607.114
953,295.3,383900000.001
954,295.4,370800000.001
955,295.5,357200000.001
956,295.6,344258492.824
957,295.7,334000000.0
958,295.8,328700000.0
959,295.9,331000000.0
960,296.0,343946309.153
961,296.1,369999999.998
962,296.2,411299999.997
963,296.3,469105268.697
964,296.4,543299999.996
965,296.5,632999999.995
966,296.6,735499999.994
967,296.7,847418487.431
968,296.8,964199999.994
969,296.9,1080999999.994
970,297.0,1192999999.994
971,297.1,1295822459.943
972,297.2,1386999999.995
973,297.3,1464999999.996
974,297.4,1529999999.997
975,297.5,1582616335.549
976,297.6,1624999999.998
977,297.7,1659999999.998
978,297.8,1690999999.998
979,297.9,1719180078.069
980,298.0,1744999999.999
981,298.1,1767999999.999
982,298.2,1784999999.999
983,298.3,1794689136.381
984,298.4,1794000000.0
985,298.5,1779000000.001
986,298.6,1746000000.002
987,298.7,1694975011.825
988,298.8,1625000000.004
989,298.9,1536000000.005
990,299.0,1432600398.557
991,299.1,1318000000.007
992,299.2,1196000000.007
993,299.3,1074000000.007
994,299.4,955073621.422
995,299.5,843600000.006
996,299.6,743900000.005
997,299.7,657300000.004
998,299.8,584467059.333
999,299.9,524600000.003
1000,300.0,476300000.002
1001,300.1,437400000.002
1002,300.2,405724437.477
1003,300.3,379500000.001
1004,300.4,357200000.001
1005,300.5,338000000.001
1006,300.6,321728067.109
1007,300.7,308800000.001
1008,300.8,299800000.0
1009,300.9,295500000.0
1010,301.0,296610170.231
1011,301.1,303299999.999
1012,301.2,315499999.999
1013,301.3,332630516.747
1014,301.4,353599999.999
1015,301.5,377099999.999
1016,301.6,401399999.999
1017,301.7,424794198.588
1018,301.8,445599999.999
1019,301.9,462299999.999
1020,302.0,473999999.999
1021,302.1,480005965.062
1022,302.2,480500000.0
1023,302.3,476000000.0
1024,302.4,467500000.001
1025,302.5,456347327.822
1026,302.6,444000000.001
1027,302.7,431800000.001
1028,302.8,420600000.001
1029,302.9,411049021.316
1030,303.0,403100000.0
1031,303.1,396400000.0
1032,303.2,390100000.0
1033,303.3,383284435.877
1034,303.4,375200000.001
1035,303.5,365200000.001
1036,303.6,353000000.001
1037,303.7,338828697.826
1038,303.8,323300000.001
1039,303.9,307200000.001
1040,304.0,291659463.369
1041,304.1,277700000.001
1042,304.2,266200000.001
1043,304.3,257700000.0
1044,304.4,252612227.434
1045,304.5,250800000.0
1046,304.6,251900000.0
1047,304.7,255200000.0
1048,304.8,259818845.478
1049,304.9,264800000.0
1050,305.0,269200000.0
1051,305.1,272200000.0
1052,305.2,273169734.846
1053,305.3,271900000.0
1054,305.4,268300000.0
1055,305.5,262500000.0
1056,305.6,255199033.461
1057,305.7,247000000.001
1058,305.8,238500000.001
1059,305.9,230400000.0
1060,306.0,222961324.451
1061,306.1,216300000.0
1062,306.2,210400000.0
1063,306.3,204780829.455
1064,306.4,199000000.0
1065,306.5,192600000.0
1066,306.6,185000000.001
1067,306.7,175983724.877
1068,306.8,165500000.001
1069,306.9,153600000.001
1070,307.0,140700000.001
1071,307.1,127388127.719
1072,307.2,114300000.001
1073,307.3,102100000.001
1074,307.4,91510000.001
1075,307.5,83161117.459
1076,307.6,77680000.0
1077,307.7,75710000.0
1078,307.8,77940000.0
1079,307.9,85142059.665
1080,308.0,98319999.999
1081,308.1,118499999.999
1082,308.2,146699999.998
1083,308.3,184235671.956
1084,308.4,231799999.997
1085,308.5,289799999.996
1086,308.6,358099999.995
1087,308.7,435611466.735
1088,308.8,520099999.995
1089,308.9,608899999.994
1090,309.0,698556913.856
1091,309.1,785199999.995
1092,309.2,865099999.995
1093,309.3,935199999.996
1094,309.4,992708099.423
1095,309.5,1036999999.998
1096,309.6,1067999999.998
1097,309.7,1085999999.999
1098,309.8,1093010819.396
1099,309.9,1091000000.0
1100,310.0,1082000000.001
1101,310.1,1069000000.001
1102,310.2,1055439375.581
1103,310.3,1043000000.001
1104,310.4,1034000000.0
1105,310.5,1034000000.0
1106,310.6,1045505396.933
1107,310.7,1072999999.998
1108,310.8,1120999999.996
1109,310.9,1191999999.995
1110,311.0,1290747602.219
1111,311.1,1417999999.991
1112,311.2,1572999999.989
1113,311.3,1753122719.424
1114,311.4,1951999999.987
1115,311.5,2161999999.986
1116,311.6,2372999999.987
1117,311.7,2571373168.961
1118,311.8,2744999999.99
1119,311.9,2882999999.993
1120,312.0,2976999999.996
1121,312.1,3020483480.142
1122,312.2,3012000000.002
1123,312.3,2953000000.005
1124,312.4,2851000000.008
1125,312.5,2714084982.742
1126,312.6,2553000000.011
1127,312.7,2379000000.011
1128,312.8,2202000000.011
1129,312.9,2030212521.362
1130,313.0,1870000000.01
1131,313.1,1726000000.009
1132,313.2,1598000000.008
1133,313.3,1485713778.871
1134,313.4,1387000000.006
1135,313.5,1299000000.005
1136,313.6,1218000000.005
1137,313.7,1139638304.521
1138,313.8,1062000000.005
1139,313.9,983600000.005
1140,314.0,902525326.927
1141,314.1,819000000.005
1142,314.2,734000000.006
1143,314.3,649100000.006
1144,314.4,566034897.215
1145,314.5,486800000.005
1146,314.6,413300000.005
1147,314.7,346800000.004
1148,314.8,288250634.907
1149,314.9,238000000.003
1150,315.0,196100000.002
1151,315.1,162000000.002
1152,315.2,134915778.378
1153,315.3,114000000.001
1154,315.4,98360000.001
1155,315.5,87010000.001
1156,315.6,79121719.278
1157,315.7,73970000.0
1158,315.8,70880000.0
1159,315.9,69320000.0
1160,316.0,68813253.506
1161,316.1,68950000.0
1162,316.2,69350000.0
1163,316.3,69697443.502
1164,316.4,69740000.0
1165,316.5,69260000.0
1166,316.6,68140000.0
1167,316.7,66360002.854
1168,316.8,64020000.0
1169,316.9,61290000.0
1170,317.0,58510000.0
1171,317.1,56086140.976
1172,317.2,54550000.0
1173,317.3,54480000.0
1174,317.4,56520000.0
1175,317.5,61336320.546
1176,317.6,69539999.999
1177,317.7,81699999.999
1178,317.8,98239999.999
1179,317.9,119354767.353
1180,318.0,144999999.998
1181,318.1,174899999.998
1182,318.2,208099999.998
1183,318.3,243517172.894
1184,318.4,279599999.998
1185,318.5,314599999.998
1186,318.6,346499999.998
1187,318.7,373316704.643
1188,318.8,393399999.999
1189,318.9,405299999.999
1190,319.0,408182123.744
1191,319.1,401900000.001
1192,319.2,386700000.001
1193,319.3,363800000.002
1194,319.4,334666328.458
1195,319.5,301200000.002
1196,319.6,265400000.002
1197,319.7,229200000.002
1198,319.8,194420825.792
1199,319.9,162400000.002
1200,320.0,134200000.002
1201,320.1,110300000.001
1202,320.2,91013275.766
1203,320.3,76200000.001
1204,320.4,65550000.001
1205,320.5,58560000.0
1206,320.6,54696679.865
1207,320.7,53380000.0
1208,320.8,54040000.0
1209,320.9,56190000.0
1210,321.0,59336792.063
1211,321.1,63050000.0
1212,321.2,66920000.0
1213,321.3,70559375.016
1214,321.4,73640000.0
1215,321.5,75860000.0
1216,321.6,76980000.0
1217,321.7,76860314.417
1218,321.8,75490000.0
1219,321.9,72920000.0
1220,322.0,69350000.0
1221,322.1,65086138.807
1222,322.2,60500000.0
1223,322.3,55980000.0
1224,322.4,51930000.0
1225,322.5,48723634.822
1226,322.6,46620000.0
1227,322.7,45820000.0
1228,322.8,46390000.0
1229,322.9,48279291.554
1230,323.0,51310000.0
1231,323.1,55250000.0
1232,323.2,59760000.0
1233,323.3,64466205.011
1234,323.4,69000000.0
1235,323.5,73010000.0
1236,323.6,76210000.0
1237,323.7,78385817.808
1238,323.8,79490000.0
1239,323.9,79550000.0
1240,324.0,78750290.191
1241,324.1,77390000.0
1242,324.2,75800000.0
1243,324.3,74360000.0
1244,324.4,73443741.4
1245,324.5,73320000.0
1246,324.6,74190000.0
1247,324.7,76090000.0
1248,324.8,78972708.599
1249,324.9,82650000.0
1250,325.0,86900000.0
1251,325.1,91490000.0
1252,325.2,96202909.826
1253,325.3,101100000.0
1254,325.4,106300000.0
1255,325.5,112000000.0
1256,325.6,118906021.501
1257,325.7,127699999.999
1258,325.8,139099999.999
1259,325.9,154099999.999
1260,326.0,173546593.088
1261,326.1,197899999.998
1262,326.2,227499999.998
1263,326.3,262413253.873
1264,326.4,302099999.997
1265,326.5,345699999.997
1266,326.6,391699999.997
1267,326.7,438545272.974
1268,326.8,484399999.997
1269,326.9,527299999.997
1270,327.0,565199999.997
1271,327.1,596448413.454
1272,327.2,619699999.999
1273,327.3,633799999.999
1274,327.4,638200000.0
1275,327.5,632796746.571
1276,327.6,617900000.001
1277,327.7,594100000.002
1278,327.8,562700000.003
1279,327.9,525040285.466
1280,328.0,482600000.003
1281,328.1,437000000.003
1282,328.2,390100000.003
1283,328.3,343316696.592
1284,328.4,298000000.003
1285,328.5,255400000.003
1286,328.6,216300000.003
1287,328.7,181291312.378
1288,328.8,150600000.002
1289,328.9,124300000.002
1290,329.0,102199658.995
1291,329.1,83940000.001
1292,329.2,69120000.001
1293,329.3,57270000.001
1294,329.4,47887405.193
1295,329.5,40520000.0
1296,329.6,34740000.0
1297,329.7,30170000.0
1298,329.8,26502089.857
1299,329.9,23500000.0
1300,330.0,20960000.0
1301,330.1,18750000.0
1302,330.2,16776383.13
1303,330.3,15000000.0
1304,330.4,13400000.0
1305,330.5,11980000.0
1306,330.6,10762438.616
1307,330.7,9768000.0
1308,330.8,9015000.0
1309,330.9,8515000.0
1310,331.0,8263927.172
1311,331.1,8241000.0
1312,331.2,8418000.0
1313,331.3,8750049.849
1314,331.4,9185000.0
1315,331.5,9668000.0
1316,331.6,10140000.0
1317,331.7,10554081.84
1318,331.8,10870000.0
1319,331.9,11050000.0
1320,332.0,11070000.0
1321,332.1,10935828.413
1322,332.2,10660000.0
1323,332.3,10260000.0
1324,332.4,9775000.0
1325,332.5,9254370.233
1326,332.6,8747000.0
1327,332.7,8301000.0
1328,332.8,7962000.0
1329,332.9,7765823.081
1330,333.0,7729000.0
1331,333.1,7859000.0
1332,333.2,8143000.0
1333,333.3,8551766.041
1334,333.4,9040000.0
1335,333.5,9558000.0
1336,333.6,10050000.0
1337,333.7,10454871.511
1338,333.8,10730000.0
1339,333.9,10840000.0
1340,334.0,10762843.015
1341,334.1,10500000.0
1342,334.2,10060000.0
1343,334.3,9463000.0
1344,334.4,8749481.634
1345,334.5,7961000.0
1346,334.6,7138000.0
1347,334.7,6320000.0
1348,334.8,5542722.224
1349,334.9,4832000.0
1350,335.0,4209000.0
1351,335.1,3685000.0
1352,335.2,3264254.398
1353,335.3,2944000.0
1354,335.4,2718000.0
1355,335.5,2573000.0
1356,335.6,2495397.713
1357,335.7,2468000.0
1358,335.8,2473000.0
1359,335.9,2494000.0
1360,336.0,2514678.25
1361,336.1,2523000.0
1362,336.2,2509000.0
1363,336.3,2467381.521
1364,336.4,2398000.0
1365,336.5,2303000.0
1366,336.6,2189000.0
1367,336.7,2062862.71
1368,336.8,1934000.0
1369,336.9,1812000.0
1370,337.0,1704000.0
1371,337.1,1615206.281
1372,337.2,1548000.0
1373,337.3,1503000.0
1374,337.4,1477000.0
1375,337.5,1467298.021
1376,337.6,1469000.0
1377,337.7,1477000.0
1378,337.8,1488000.0
1379,337.9,1499633.503
1380,338.0,1513000.0
1381,338.1,1530000.0
1382,338.2,1553000.0
1383,338.3,1587333.804
1384,338.4,1638000.0
1385,338.5,1709000.0
1386,338.6,1802000.0
1387,338.7,1918755.88
1388,338.8,2057000.0
1389,338.9,2213000.0
1390,339.0,2381470.84
1391,339.1,2556000.0
1392,339.2,2730000.0
1393,339.3,2897000.0
1394,339.4,3051327.964
1395,339.5,3190000.0
1396,339.6,3310000.0
1397,339.7,3407000.0
1398,339.8,3481007.256
1399,339.9,3530000.0
1400,340.0,3551000.0
1401,340.1,3541000.0
1402,340.2,3498001.204
1403,340.3,3420000.0
1404,340.4,3305000.0
1405,340.5,3152000.0
1406,340.6,2963297.908
1407,340.7,2744000.0
1408,340.8,2500000.0
1409,340.9,2239000.0
1410,341.0,1971595.121
1411,341.1,1707000.0
1412,341.2,1454000.0
1413,341.3,1220854.985
1414,341.4,1012000.0
1415,341.5,830800.0
1416,341.6,679500.0
1417,341.7,556943.851
1418,341.8,460400.0
1419,341.9,386700.0
1420,342.0,331700.0
1421,342.1,291076.648
1422,342.2,261100.0
1423,342.3,238300.0
1424,342.4,219800.0
1425,342.5,203648.08
1426,342.6,188600.0
1427,342.7,173800.0
1428,342.8,159300.0
1429,342.9,145134.683
1430,343.0,131900.0
1431,343.1,120300.0
1432,343.2,110900.0
1433,343.3,104565.282
1434,343.4,102100.0
1435,343.5,104300.0
1436,343.6,112100.0
1437,343.7,126653.958
1438,343.8,149700.0
1439,343.9,183300.0
1440,344.0,230453.015
1441,344.1,295200.0
1442,344.2,382000.0
1443,344.3,496300.0
1444,344.4,644219.302
1445,344.5,831100.0
1446,344.6,1062000.0
1447,344.7,1341000.0
1448,344.8,1668089.962
1449,344.9,2039000.0
1450,345.0,2447000.0
1451,345.1,2879000.0
1452,345.2,3319187.927
1453,345.3,3747000.0
1454,345.4,4140000.0
1455,345.5,4474000.0
1456,345.6,4728760.283
1457,345.7,4888000.0
1458,345.8,4939000.0
1459,345.9,4880000.0
1460,346.0,4713340.661
1461,346.1,4451000.0
1462,346.2,4109000.0
1463,346.3,3709523.452
1464,346.4,3276000.0
1465,346.5,2832000.0
1466,346.6,2401000.0
1467,346.7,2001904.79
1468,346.8,1649000.0
1469,346.9,1355000.0
1470,347.0,1129000.0
1471,347.1,975336.202
1472,347.2,896700.0
1473,347.3,895100.0
1474,347.4,970500.0
1475,347.5,1122257.977
1476,347.6,1349000.0
1477,347.7,1648000.0
1478,347.8,2013000.0
1479,347.9,2439638.635
1480,348.0,2919000.0
1481,348.1,3441000.0
1482,348.2,3996000.0
1483,348.3,4573513.694
1484,348.4,5167000.0
1485,348.5,5772000.0
1486,348.6,6389000.0
1487,348.7,7024817.106
1488,348.8,7691000.0
1489,348.9,8401000.0
1490,349.0,9171859.74
1491,349.1,10020000.0
1492,349.2,10960000.0
1493,349.3,12000000.0
1494,349.4,13142051.244
1495,349.5,14380000.0
1496,349.6,15700000.0
1497,349.7,17070000.0
1498,349.8,18470543.103
1499,349.9,19880000.0
1500,350.0,21280000.0
1501,350.1,22670000.0
1502,350.2,24052698.794
1503,350.3,25460000.0
1504,350.4,26940000.0
1505,350.5,28570000.0
1506,350.6,30420426.821
1507,350.7,32560000.0
1508,350.8,35060000.0
1509,350.9,37980000.0
1510,351.0,41302545.603
1511,351.1,44990000.0
1512,351.2,48980000.0
1513,351.3,53115509.495
1514,351.4,57230000.0
1515,351.5,61150000.0
1516,351.6,64670000.0
1517,351.7,67623486.83
1518,351.8,69880000.0
1519,351.9,71340000.0
1520,352.0,72000000.0
1521,352.1,71887254.373
1522,352.2,71090000.0
1523,352.3,69720000.0
1524,352.4,67920000.0
1525,352.5,65837009.535
1526,352.6,63600000.0
1527,352.7,61320000.0
1528,352.8,59060000.0
1529,352.9,56882442.598
1530,353.0,54820000.0
1531,353.1,52900000.0
1532,353.2,51160000.0
1533,353.3,49632569.801
1534,353.4,48370000.0
1535,353.5,47430000.0
1536,353.6,46870000.0
1537,353.7,46747258.97
1538,353.8,47100000.0
1539,353.9,47950000.0
1540,354.0,49272885.573
1541,354.1,51030000.0
1542,354.2,53170000.0
1543,354.3,55600000.0
1544,354.4,58241845.943
1545,354.5,61030000.0
1546,354.6,63910000.0
1547,354.7,66860000.0
1548,354.8,69850049.698
1549,354.9,72860000.0
1550,355.0,75870000.0
1551,355.1,78840000.0
1552,355.2,81692771.575
1553,355.3,84310000.0
1554,355.4,86560000.0
1555,355.5,88290000.0
1556,355.6,89350448.924
1557,355.7,89660000.0
1558,355.8,89180000.0
1559,355.9,87980000.0
1560,356.0,86224940.845
1561,356.1,84240000.0
1562,356.2,82420000.0
1563,356.3,81297260.327
1564,356.4,81480000.0
1565,356.5,83590000.0
1566,356.6,88249999.999
1567,356.7,96015747.524
1568,356.8,107299999.999
1569,356.9,122399999.998
1570,357.0,141299999.998
1571,357.1,163841883.256
1572,357.2,189399999.998
1573,357.3,217199999.997
1574,357.4,246299999.997
1575,357.5,275511273.512
1576,357.6,303599999.998
1577,357.7,329399999.998
1578,357.8,351999999.998
1579,357.9,370679252.899
1580,358.0,385299999.999
1581,358.1,395899999.999
1582,358.2,402800000.0
1583,358.3,406992058.27
1584,358.4,409500000.0
1585,358.5,411300000.0
1586,358.6,413300000.0
1587,358.7,416231367.419
1588,358.8,420400000.0
1589,358.9,425899999.999
1590,359.0,432349360.021
1591,359.1,439099999.999
1592,359.2,445399999.999
1593,359.3,450300000.0
1594,359.4,453070014.458
1595,359.5,453200000.0
1596,359.6,450300000.0
1597,359.7,444300000.001
1598,359.8,435277301.409
1599,359.9,423600000.001
1600,360.0,409700000.001
1601,360.1,394000000.001
1602,360.2,376946503.873
1603,360.3,358700000.002
1604,360.4,339400000.002
1605,360.5,319300000.002
1606,360.6,298312974.054
1607,360.7,276500000.002
1608,360.8,254000000.002
1609,360.9,231000000.002
1610,361.0,207751001.116
1611,361.1,184700000.002
1612,361.2,162300000.002
1613,361.3,140865662.128
1614,361.4,120800000.002
1615,361.5,102500000.002
1616,361.6,86190000.001
1617,361.7,71963878.337
1618,361.8,59810000.001
1619,361.9,49660000.001
1620,362.0,41320000.001
1621,362.1,34601894.406
1622,362.2,29280000.0
1623,362.3,25130000.0
1624,362.4,21980000.0
1625,362.5,19673746.134
1626,362.6,18120000.0
1627,362.7,17250000.0
1628,362.8,17020000.0
1629,362.9,17407079.838
1630,363.0,18390000.0
1631,363.1,19940000.0
1632,363.2,22000000.0
1633,363.3,24491873.257
1634,363.4,27290000.0
1635,363.5,30250000.0
1636,363.6,33200000.0
1637,363.7,35963021.239
1638,363.8,38360000.0
1639,363.9,40220000.0
1640,364.0,41415442.964
1641,364.1,41860000.0
1642,364.2,41500000.0
1643,364.3,40370000.0
1644,364.4,38513366.899
1645,364.5,36060000.0
1646,364.6,33160000.0
1647,364.7,29960000.0
1648,364.8,26643026.927
1649,364.9,23370000.0
1650,365.0,20290000.0
1651,365.1,17530000.0
1652,365.2,15171071.349
1653,365.3,13260000.0
1654,365.4,11830000.0
1655,365.5,10880000.0
1656,365.6,10379834.86
1657,365.7,10290000.0
1658,365.8,10560000.0
1659,365.9,11110000.0
1660,366.0,11887256.762
1661,366.1,12830000.0
1662,366.2,13870000.0
1663,366.3,14937453.549
1664,366.4,15980000.0
1665,366.5,16950000.0
1666,366.6,17800000.0
1667,366.7,18486866.324
1668,366.8,18980000.0
1669,366.9,19260000.0
1670,367.0,19330000.0
1671,367.1,19174299.657
1672,367.2,18820000.0
1673,367.3,18300000.0
1674,367.4,17630000.0
1675,367.5,16863753.551
1676,367.6,16050000.0
1677,367.7,15230000.0
1678,367.8,14440000.0
1679,367.9,13732994.397
1680,368.0,13130000.0
1681,368.1,12650000.0
1682,368.2,12330000.0
1683,368.3,12167571.437
1684,368.4,12170000.0
1685,368.5,12340000.0
1686,368.6,12650000.0
1687,368.7,13101612.245
1688,368.8,13690000.0
1689,368.9,14400000.0
1690,369.0,15200975.218
1691,369.1,16090000.0
1692,369.2,17060000.0
1693,369.3,18070000.0
1694,369.4,19121438.072
1695,369.5,20190000.0
1696,369.6,21250000.0
1697,369.7,22300000.0
1698,369.8,23308116.605
1699,369.9,24270000.0
1700,370.0,25190000.0
1701,370.1,26070000.0
1702,370.2,26924048.86
1703,370.3,27780000.0
1704,370.4,28670000.0
1705,370.5,29630000.0
1706,370.6,30689549.535
1707,370.7,31880000.0
1708,370.8,33230000.0
1709,370.9,34750000.0
1710,371.0,36429578.12
1711,371.1,38240000.0
1712,371.2,40150000.0
1713,371.3,42128868.39
1714,371.4,44130000.0
1715,371.5,46110000.0
1716,371.6,48050000.0
1717,371.7,49925399.58
1718,371.8,51740000.0
1719,371.9,53510000.0
1720,372.0,55260000.0
1721,372.1,56994205.97
1722,372.2,58730000.0
1723,372.3,60480000.0
1724,372.4,62220000.0
1725,372.5,63920654.171
1726,372.6,65530000.0
1727,372.7,66990000.0
1728,372.8,68240000.0
1729,372.9,69215352.121
1730,373.0,69890000.0
1731,373.1,70250000.0
1732,373.2,70300000.0
1733,373.3,70097672.796
1734,373.4,69720000.0
1735,373.5,69250000.0
1736,373.6,68790000.0
1737,373.7,68444625.695
1738,373.8,68280000.0
1739,373.9,68350000.0
1740,374.0,68683367.331
1741,374.1,69240000.0
1742,374.2,69960000.0
1743,374.3,70760000.0
1744,374.4,71512355.217
1745,374.5,72090000.0
1746,374.6,72370000.0
1747,374.7,72240000.0
1748,374.8,71620030.084
1749,374.9,70470000.0
1750,375.0,68770000.0
1751,375.1,66550000.0
1752,375.2,63872149.92
1753,375.3,60830000.0
1754,375.4,57530000.0
1755,375.5,54100000.0
1756,375.6,50662774.551
1757,375.7,47330000.0
1758,375.8,44210000.0
1759,375.9,41400000.0
1760,376.0,38961926.148
1761,376.1,36920000.0
1762,376.2,35290000.0
1763,376.3,34074092.697
1764,376.4,33230000.0
1765,376.5,32700000.0
1766,376.6,32410000.0
1767,376.7,32282504.026
1768,376.8,32220000.0
1769,376.9,32130000.0
1770,377.0,31950000.0
1771,377.1,31595673.781
1772,377.2,31030000.0
1773,377.3,30230000.0
1774,377.4,29180000.0
1775,377.5,27904666.663
1776,377.6,26440000.0
1777,377.7,24830000.0
1778,377.8,23140000.0
1779,377.9,21412409.759
1780,378.0,19710000.0
1781,378.1,18090000.0
1782,378.2,16570000.0
1783,378.3,15193067.343
1784,378.4,13970000.0
1785,378.5,12900000.0
1786,378.6,11980000.0
1787,378.7,11202184.327
1788,378.8,10550000.0
1789,378.9,10010000.0
1790,379.0,9585293.574
1791,379.1,9268000.0
1792,379.2,9050000.0
1793,379.3,8937000.0
1794,379.4,8933080.422
1795,379.5,9041000.0
1796,379.6,9264000.0
1797,379.7,9604000.0
1798,379.8,10051791.93
1799,379.9,10600000.0
1800,380.0,11240000.0
1801,380.1,11950000.0
1802,380.2,12696987.638
1803,380.3,13460000.0
1804,380.4,14220000.0
1805,380.5,14950000.0
1806,380.6,15622175.057
1807,380.7,16220000.0
1808,380.8,16730000.0
1809,380.9,17140000.0
1810,381.0,17440609.032
1811,381.1,17620000.0
1812,381.2,17670000.0
1813,381.3,17595948.648
1814,381.4,17390000.0
1815,381.5,17050000.0
1816,381.6,16600000.0
1817,381.7,16026648.731
1818,381.8,15340000.0
1819,381.9,14560000.0
1820,382.0,13710000.0
1821,382.1,12815924.944
1822,382.2,11890000.0
1823,382.3,10950000.0
1824,382.4,10040000.0
1825,382.5,9173204.541
1826,382.6,8368000.0
1827,382.7,7645000.0
1828,382.8,7017000.0
1829,382.9,6492711.659
1830,383.0,6079000.0
1831,383.1,5780000.0
1832,383.2,5592000.0
1833,383.3,5513769.261
1834,383.4,5538000.0
1835,383.5,5655000.0
1836,383.6,5853000.0
1837,383.7,6118171.189
1838,383.8,6435000.0
1839,383.9,6787000.0
1840,384.0,7155929.497
1841,384.1,7526000.0
1842,384.2,7882000.0
1843,384.3,8209000.0
1844,384.4,8496548.572
1845,384.5,8737000.0
1846,384.6,8924000.0
1847,384.7,9055000.0
1848,384.8,9130253.342
1849,384.9,9152000.0
1850,385.0,9123000.0
1851,385.1,9047000.0
1852,385.2,8929632.613
1853,385.3,8776000.0
1854,385.4,8591000.0
1855,385.5,8380000.0
1856,385.6,8149555.112
1857,385.7,7907000.0
1858,385.8,7661000.0
1859,385.9,7424000.0
1860,386.0,7207045.911
1861,386.1,7026000.0
1862,386.2,6898000.0
1863,386.3,6839631.213
1864,386.4,6868000.0
1865,386.5,7000000.0
1866,386.6,7250000.0
1867,386.7,7627044.821
1868,386.8,8135000.0
1869,386.9,8774000.0
1870,387.0,9534000.0
1871,387.1,10400019.148
1872,387.2,11340000.0
1873,387.3,12320000.0
1874,387.4,13310000.0
1875,387.5,14260969.597
1876,387.6,15130000.0
1877,387.7,15880000.0
1878,387.8,16480000.0
1879,387.9,16890494.191
1880,388.0,17100000.0
1881,388.1,17110000.0
1882,388.2,16940000.0
1883,388.3,16615367.298
1884,388.4,16180000.0
1885,388.5,15680000.0
1886,388.6,15160000.0
1887,388.7,14691952.544
1888,388.8,14330000.0
1889,388.9,14120000.0
1890,389.0,14097518.21
1891,389.1,14280000.0
1892,389.2,14680000.0
1893,389.3,15300000.0
1894,389.4,16112567.876
1895,389.5,17080000.0
1896,389.6,18160000.0
1897,389.7,19300000.0
1898,389.8,20458544.98
1899,389.9,21580000.0
1900,390.0,22610000.0
1901,390.1,23520000.0
1902,390.2,24294323.305
1903,390.3,24920000.0
1904,390.4,25390000.0
1905,390.5,25720000.0
1906,390.6,25931953.316
1907,390.7,26050000.0
1908,390.8,26100000.0
1909,390.9,26110000.0
1910,391.0,26097384.338
1911,391.1,26070000.0
1912,391.2,26030000.0
1913,391.3,25965804.274
1914,391.4,25870000.0
1915,391.5,25730000.0
1916,391.6,25510000.0
1917,391.7,25188973.941
1918,391.8,24750000.0
1919,391.9,24180000.0
1920,392.0,23480000.0
1921,392.1,22647457.165
1922,392.2,21690000.0
1923,392.3,20620000.0
1924,392.4,19460000.0
1925,392.5,18246010.481
1926,392.6,17000000.0
1927,392.7,15740000.0
1928,392.8,14490000.0
1929,392.9,13282684.933
1930,393.0,12130000.0
1931,393.1,11040000.0
1932,393.2,10030000.0
1933,393.3,9118388.438
1934,393.4,8311000.0
1935,393.5,7613000.0
1936,393.6,7038000.0
1937,393.7,6595410.66
1938,393.8,6297000.0
1939,393.9,6155000.0
1940,394.0,6179338.218
1941,394.1,6380000.0
1942,394.2,6767000.0
1943,394.3,7349000.0
1944,394.4,8131897.375
1945,394.5,9123000.0
1946,394.6,10330000.0
1947,394.7,11760000.0
1948,394.8,13422989.002
1949,394.9,15340000.0
1950,395.0,17530000.0
1951,395.1,20000000.0
1952,395.2,22777240.523
1953,395.3,25880000.0
1954,395.4,29320000.0
1955,395.5,33100000.0
1956,395.6,37214560.655
1957,395.7,41619999.999
1958,395.8,46259999.999
1959,395.9,51059999.999
1960,396.0,55911991.453
1961,396.1,60689999.999
1962,396.2,65260000.0
1963,396.3,69469289.87
1964,396.4,73170000.0
1965,396.5,76230000.0
1966,396.6,78560000.0
1967,396.7,80063241.617
1968,396.8,80710000.0
1969,396.9,80500000.0
1970,397.0,79480000.0
1971,397.1,77738946.314
1972,397.2,75400000.0
1973,397.3,72600000.0
1974,397.4,69500000.0
1975,397.5,66256622.162
1976,397.6,63020000.0
1977,397.7,59930000.0
1978,397.8,57090000.0
1979,397.9,54583218.322
1980,398.0,52440000.0
1981,398.1,50670000.0
1982,398.2,49250000.0
1983,398.3,48131715.17
1984,398.4,47250000.0
1985,398.5,46530000.0
1986,398.6,45880000.0
1987,398.7,45236051.815
1988,398.8,44540000.0
1989,398.9,43740000.0
1990,399.0,42813567.054
1991,399.1,41750000.0
1992,399.2,40550000.0
1993,399.3,39250000.0
1994,399.4,37879942.147
1995,399.5,36480000.0
1996,399.6,35090000.0
1997,399.7,33740000.0
1998,399.8,32472288.41
1999,399.9,31290000.0
2000,400.0,30190000.0
2001,400.1,29180000.0
2002,400.2,28234830.092
2003,400.3,27330000.0
2004,400.4,26440000.0
2005,400.5,25530000.0
2006,400.6,24583816.232
2007,400.7,23590000.0
2008,400.8,22540000.0
2009,400.9,21440000.0
2010,401.0,20310078.458
2011,401.1,19180000.0
2012,401.2,18080000.0
2013,401.3,17038802.204
2014,401.4,16100000.0
2015,401.5,15300000.0
2016,401.6,14640000.0
2017,401.7,14142101.879
2018,401.8,13810000.0
2019,401.9,13640000.0
2020,402.0,13620000.0
2021,402.1,13715538.794
2022,402.2,13910000.0
2023,402.3,14190000.0
2024,402.4,14530000.0
2025,402.5,14904148.092
2026,402.6,15300000.0
2027,402.7,15710000.0
2028,402.8,16130000.0
2029,402.9,16550121.849
2030,403.0,16970000.0
2031,403.1,17390000.0
2032,403.2,17800000.0
2033,403.3,18185034.662
2034,403.4,18540000.0
2035,403.5,18860000.0
2036,403.6,19130000.0
2037,403.7,19335367.737
2038,403.8,19470000.0
2039,403.9,19530000.0
2040,404.0,19514153.271
2041,404.1,19430000.0
2042,404.2,19290000.0
2043,404.3,19110000.0
2044,404.4,18887426.722
2045,404.5,18650000.0
2046,404.6,18420000.0
2047,404.7,18180000.0
2048,404.8,17962596.842
2049,404.9,17760000.0
2050,405.0,17560000.0
2051,405.1,17380000.0
2052,405.2,17200706.415
2053,405.3,17010000.0
2054,405.4,16800000.0
2055,405.5,16560000.0
2056,405.6,16281431.099
2057,405.7,15960000.0
2058,405.8,15590000.0
2059,405.9,15160000.0
2060,406.0,14670039.847
2061,406.1,14120000.0
2062,406.2,13510000.0
2063,406.3,12844840.955
2064,406.4,12130000.0
2065,406.5,11370000.0
2066,406.6,10570000.0
2067,406.7,9747279.419
2068,406.8,8912000.0
2069,406.9,8073000.0
2070,407.0,7245000.0
2071,407.1,6443827.729
2072,407.2,5682000.0
2073,407.3,4972000.0
2074,407.4,4328000.0
2075,407.5,3758837.321
2076,407.6,3273000.0
2077,407.7,2878000.0
2078,407.8,2577000.0
2079,407.9,2373857.665
2080,408.0,2268000.0
2081,408.1,2258000.0
2082,408.2,2343000.0
2083,408.3,2517543.107
2084,408.4,2775000.0
2085,408.5,3109000.0
2086,408.6,3513000.0
2087,408.7,3977017.155
2088,408.8,4493000.0
2089,408.9,5053000.0
2090,409.0,5647179.549
2091,409.1,6268000.0
2092,409.2,6909000.0
2093,409.3,7565000.0
2094,409.4,8231695.488
2095,409.5,8908000.0
2096,409.6,9592000.0
2097,409.7,10280000.0
2098,409.8,10982357.134
2099,409.9,11700000.0
2100,410.0,12430000.0
2101,410.1,13170000.0
2102,410.2,13920715.758
2103,410.3,14670000.0
2104,410.4,15410000.0
2105,410.5,16150000.0
2106,410.6,16856128.916
2107,410.7,17510000.0
2108,410.8,18100000.0
2109,410.9,18610000.0
2110,411.0,19020057.096
2111,411.1,19320000.0
2112,411.2,19500000.0
2113,411.3,19545496.432
2114,411.4,19460000.0
2115,411.5,19250000.0
2116,411.6,18920000.0
2117,411.7,18494869.847
2118,411.8,17990000.0
2119,411.9,17420000.0
2120,412.0,16810000.0
2121,412.1,16178302.445
2122,412.2,15540000.0
2123,412.3,14910000.0
2124,412.4,14300000.0
2125,412.5,13709838.352
2126,412.6,13140000.0
2127,412.7,12590000.0
2128,412.8,12050000.0
2129,412.9,11506073.148
2130,413.0,10960000.0
2131,413.1,10410000.0
2132,413.2,9833000.0
2133,413.3,9235419.071
2134,413.4,8619000.0
2135,413.5,7983000.0
2136,413.6,7332000.0
2137,413.7,6673495.753
2138,413.8,6017000.0
2139,413.9,5372000.0
2140,414.0,4746704.834
2141,414.1,4151000.0
2142,414.2,3594000.0
2143,414.3,3081000.0
2144,414.4,2619984.117
2145,414.5,2214000.0
2146,414.6,1865000.0
2147,414.7,1576000.0
2148,414.8,1346966.393
2149,414.9,1177000.0
2150,415.0,1065000.0
2151,415.1,1009000.0
2152,415.2,1006590.094
2153,415.3,1055000.0
2154,415.4,1151000.0
2155,415.5,1290000.0
2156,415.6,1467308.127
2157,415.7,1677000.0
2158,415.8,1912000.0
2159,415.9,2163000.0
2160,416.0,2422913.546
2161,416.1,2682000.0
2162,416.2,2930000.0
2163,416.3,3158298.982
2164,416.4,3359000.0
2165,416.5,3525000.0
2166,416.6,3652000.0
2167,416.7,3737247.895
2168,416.8,3782000.0
2169,416.9,3789000.0
2170,417.0,3763000.0
2171,417.1,3710323.086
2172,417.2,3640000.0
2173,417.3,3561000.0
2174,417.4,3480000.0
2175,417.5,3404513.105
2176,417.6,3340000.0
2177,417.7,3290000.0
2178,417.8,3254000.0
2179,417.9,3232791.823
2180,418.0,3222000.0
2181,418.1,3216000.0
2182,418.2,3210000.0
2183,418.3,3198186.134
2184,418.4,3175000.0
2185,418.5,3136000.0
2186,418.6,3080000.0
2187,418.7,3005412.378
2188,418.8,2914000.0
2189,418.9,2809000.0
2190,419.0,2695670.066
2191,419.1,2580000.0
2192,419.2,2468000.0
2193,419.3,2366000.0
2194,419.4,2281295.385
2195,419.5,2218000.0
2196,419.6,2179000.0
2197,419.7,2166000.0
2198,419.8,2179822.606
2199,419.9,2218000.0
2200,420.0,2277000.0
2201,420.1,2352000.0
2202,420.2,2436743.44
2203,420.3,2526000.0
2204,420.4,2614000.0
2205,420.5,2693000.0
2206,420.6,2760307.867
2207,420.7,2813000.0
2208,420.8,2848000.0
2209,420.9,2864000.0
2210,421.0,2862400.282
2211,421.1,2846000.0
2212,421.2,2818000.0
2213,421.3,2782579.69
2214,421.4,2745000.0
2215,421.5,2711000.0
2216,421.6,2687000.0
2217,421.7,2678202.679
2218,421.8,2689000.0
2219,421.9,2724000.0
2220,422.0,2788000.0
2221,422.1,2881914.954
2222,422.2,3007000.0
2223,422.3,3164000.0
2224,422.4,3351000.0
2225,422.5,3568104.998
2226,422.6,3814000.0
2227,422.7,4087000.0
2228,422.8,4387000.0
2229,422.9,4717870.161
2230,423.0,5087000.0
2231,423.1,5505000.0
2232,423.2,5992000.0
2233,423.3,6571675.654
2234,423.4,7281000.0
2235,423.5,8163000.0
2236,423.6,9271000.0
2237,423.7,10663566.926
2238,423.8,12410000.0
2239,423.9,14580000.0
2240,424.0,17234049.88
2241,424.1,20430000.0
2242,424.2,24219999.999
2243,424.3,28629999.999
2244,424.4,33656893.48
2245,424.5,39259999.999
2246,424.6,45379999.999
2247,424.7,51909999.999
2248,424.8,58702378.258
2249,424.9,65589999.999
2250,425.0,72389999.999
2251,425.1,78879999.999
2252,425.2,84867667.515
2253,425.3,90169999.999
2254,425.4,94619999.999
2255,425.5,98110000.0
2256,425.6,100556655.851
2257,425.7,102000000.0
2258,425.8,102500000.0
2259,425.9,102100000.0
2260,426.0,100970043.105
2261,426.1,99340000.0
2262,426.2,97440000.0
2263,426.3,95471804.391
2264,426.4,93620000.0
2265,426.5,92060000.0
2266,426.6,90930000.0
2267,426.7,90303459.91
2268,426.8,90190000.0
2269,426.9,90570000.0
2270,427.0,91360000.0
2271,427.1,92455020.831
2272,427.2,93720000.0
2273,427.3,95010000.0
2274,427.4,96180000.0
2275,427.5,97120331.883
2276,427.6,97740000.0
2277,427.7,97970000.0
2278,427.8,97810000.0
2279,427.9,97255729.959
2280,428.0,96350000.0
2281,428.1,95150000.0
2282,428.2,93720000.0
2283,428.3,92138580.519
2284,428.4,90450000.0
2285,428.5,88690000.0
2286,428.6,86890000.0
2287,428.7,85039099.978
2288,428.8,83110000.0
2289,428.9,81070000.0
2290,429.0,78873175.681
2291,429.1,76480000.0
2292,429.2,73850000.0
2293,429.3,70940000.0
2294,429.4,67749328.815
2295,429.5,64290000.0
2296,429.6,60580000.0
2297,429.7,56660000.001
2298,429.8,52580753.067
2299,429.9,48410000.001
2300,430.0,44220000.001
2301,430.1,40080000.001
2302,430.2,36044493.312
2303,430.3,32170000.0
2304,430.4,28510000.0
2305,430.5,25100000.0
2306,430.6,21968634.882
2307,430.7,19130000.0
2308,430.8,16590000.0
2309,430.9,14340000.0
2310,431.0,12377183.529
2311,431.1,10690000.0
2312,431.2,9262000.0
2313,431.3,8070357.321
2314,431.4,7095000.0
2315,431.5,6317000.0
2316,431.6,5717000.0
2317,431.7,5275376.077
2318,431.8,4977000.0
2319,431.9,4808000.0
2320,432.0,4756000.0
2321,432.1,4814330.201
2322,432.2,4979000.0
2323,432.3,5248000.0
2324,432.4,5625000.0
2325,432.5,6112972.263
2326,432.6,6719000.0
2327,432.7,7451000.0
2328,432.8,8316000.0
2329,432.9,9321903.532
2330,433.0,10470000.0
2331,433.1,11760000.0
2332,433.2,13190000.0
2333,433.3,14747872.885
2334,433.4,16420000.0
2335,433.5,18190000.0
2336,433.6,20030000.0
2337,433.7,21910969.143
2338,433.8,23800000.0
2339,433.9,25660000.0
2340,434.0,27446388.912
2341,434.1,29130000.0
2342,434.2,30680000.0
2343,434.3,32050000.0
2344,434.4,33221570.504
2345,434.5,34170000.0
2346,434.6,34870000.0
2347,434.7,35310000.0
2348,434.8,35485021.854
2349,434.9,35400000.0
2350,435.0,35060000.0
2351,435.1,34470000.0
2352,435.2,33664661.992
2353,435.3,32670000.0
2354,435.4,31510000.0
2355,435.5,30220000.0
2356,435.6,28844582.61
2357,435.7,27430000.0
2358,435.8,26020000.0
2359,435.9,24650000.0
2360,436.0,23359546.644
2361,436.1,22190000.0
2362,436.2,21180000.0
2363,436.3,20355107.541
2364,436.4,19730000.0
2365,436.5,19320000.0
2366,436.6,19140000.0
2367,436.7,19170410.588
2368,436.8,19410000.0
2369,436.9,19850000.0
2370,437.0,20440000.0
2371,437.1,21173578.342
2372,437.2,22010000.0
2373,437.3,22900000.0
2374,437.4,23810000.0
2375,437.5,24702045.568
2376,437.6,25540000.0
2377,437.7,26290000.0
2378,437.8,26920000.0
2379,437.9,27394028.717
2380,438.0,27700000.0
2381,438.1,27830000.0
2382,438.2,27770000.0
2383,438.3,27520538.862
2384,438.4,27090000.0
2385,438.5,26490000.0
2386,438.6,25740000.0
2387,438.7,24859717.316
2388,438.8,23880000.0
2389,438.9,22830000.0
2390,439.0,21725400.542
2391,439.1,20600000.0
2392,439.2,19490000.0
2393,439.3,18420000.0
2394,439.4,17416323.283
2395,439.5,16500000.0
2396,439.6,15690000.0
2397,439.7,15000000.0
2398,439.8,14430349.052
2399,439.9,13990000.0
2400,440.0,13680000.0
2401,440.1,13470000.0
2402,440.2,13362181.683
2403,440.3,13340000.0
2404,440.4,13380000.0
2405,440.5,13460000.0
2406,440.6,13551863.317
2407,440.7,13640000.0
2408,440.8,13710000.0
2409,440.9,13740000.0
2410,441.0,13719745.958
2411,441.1,13650000.0
2412,441.2,13530000.0
2413,441.3,13351623.88
2414,441.4,13130000.0
2415,441.5,12880000.0
2416,441.6,12600000.0
2417,441.7,12318141.467
2418,441.8,12040000.0
2419,441.9,11770000.0
2420,442.0,11530000.0
2421,442.1,11308671.012
2422,442.2,11110000.0
2423,442.3,10940000.0
2424,442.4,10790000.0
2425,442.5,10658939.83
2426,442.6,10530000.0
2427,442.7,10390000.0
2428,442.8,10250000.0
2429,442.9,10093193.854
2430,443.0,9913000.0
2431,443.1,9708000.0
2432,443.2,9477000.0
2433,443.3,9220566.643
2434,443.4,8943000.0
2435,443.5,8649000.0
2436,443.6,8343000.0
2437,443.7,8034565.879
2438,443.8,7731000.0
2439,443.9,7439000.0
2440,444.0,7166526.753
2441,444.1,6921000.0
2442,444.2,6709000.0
2443,444.3,6535000.0
2444,444.4,6403562.715
2445,444.5,6317000.0
2446,444.6,6277000.0
2447,444.7,6285000.0
2448,444.8,6340460.757
2449,444.9,6440000.0
2450,445.0,6580000.0
2451,445.1,6757000.0
2452,445.2,6962838.371
2453,445.3,7190000.0
2454,445.4,7431000.0
2455,445.5,7676000.0
2456,445.6,7913538.715
2457,445.7,8134000.0
2458,445.8,8328000.0
2459,445.9,8485000.0
2460,446.0,8595791.172
2461,446.1,8655000.0
2462,446.2,8658000.0
2463,446.3,8600747.486
2464,446.4,8484000.0
2465,446.5,8310000.0
2466,446.6,8083000.0
2467,446.7,7811441.035
2468,446.8,7504000.0
2469,446.9,7170000.0
2470,447.0,6822000.0
2471,447.1,6472672.467
2472,447.2,6134000.0
2473,447.3,5818000.0
2474,447.4,5537000.0
2475,447.5,5301555.871
2476,447.6,5120000.0
2477,447.7,5000000.0
2478,447.8,4948000.0
2479,447.9,4968087.043
2480,448.0,5062000.0
2481,448.1,5230000.0
2482,448.2,5469000.0
2483,448.3,5776270.626
2484,448.4,6145000.0
2485,448.5,6567000.0
2486,448.6,7033000.0
2487,448.7,7531966.622
2488,448.8,8051000.0
2489,448.9,8577000.0
2490,449.0,9097041.144
2491,449.1,9596000.0
2492,449.2,10060000.0
2493,449.3,10480000.0
2494,449.4,10841633.454
2495,449.5,11140000.0
2496,449.6,11370000.0
2497,449.7,11520000.0
2498,449.8,11596843.504
2499,449.9,11600000.0
2500,450.0,11530000.0
2501,450.1,11400000.0
2502,450.2,11211443.295
2503,450.3,10980000.0
2504,450.4,10720000.0
2505,450.5,10430000.0
2506,450.6,10133945.364
2507,450.7,9846000.0
2508,450.8,9576000.0
2509,450.9,9336000.0
2510,451.0,9140225.575
2511,451.1,9000000.0
2512,451.2,8926000.0
2513,451.3,8929316.162
2514,451.4,9019000.0
2515,451.5,9203000.0
2516,451.6,9486000.0
2517,451.7,9869317.518
2518,451.8,10360000.0
2519,451.9,10960000.0
2520,452.0,11650000.0
2521,452.1,12425642.767
2522,452.2,13280000.0
2523,452.3,14200000.0
2524,452.4,15160000.0
2525,452.5,16142901.965
2526,452.6,17130000.0
2527,452.7,18100000.0
2528,452.8,19030000.0
2529,452.9,19907293.265
2530,453.0,20710000.0
2531,453.1,21420000.0
2532,453.2,22040000.0
2533,453.3,22555338.669
2534,453.4,22960000.0
2535,453.5,23260000.0
2536,453.6,23480000.0
2537,453.7,23609313.949
2538,453.8,23670000.0
2539,453.9,23690000.0
2540,454.0,23680270.57
2541,454.1,23670000.0
2542,454.2,23690000.0
2543,454.3,23760000.0
2544,454.4,23914680.363
2545,454.5,24170000.0
2546,454.6,24540000.0
2547,454.7,25050000.0
2548,454.8,25703268.366
2549,454.9,26490000.0
2550,455.0,27400000.0
2551,455.1,28420000.0
2552,455.2,29507004.383
2553,455.3,30620000.0
2554,455.4,31720000.0
2555,455.5,32760000.0
2556,455.6,33675477.422
2557,455.7,34420000.0
2558,455.8,34950000.0
2559,455.9,35220000.0
2560,456.0,35220305.148
2561,456.1,34940000.0
2562,456.2,34370000.0
2563,456.3,33524550.624
2564,456.4,32440000.0
2565,456.5,31160000.0
2566,456.6,29740000.0
2567,456.7,28237839.771
2568,456.8,26710000.0
2569,456.9,25220000.0
2570,457.0,23850000.0
2571,457.1,22648242.657
2572,457.2,21660000.0
2573,457.3,20930000.0
2574,457.4,20490000.0
2575,457.5,20355336.141
2576,457.6,20530000.0
2577,457.7,21010000.0
2578,457.8,21770000.0
2579,457.9,22781011.186
2580,458.0,23990000.0
2581,458.1,25340000.0
2582,458.2,26780000.0
2583,458.3,28243515.083
2584,458.4,29660000.0
2585,458.5,30960000.0
2586,458.6,32080000.0
2587,458.7,32967614.002
2588,458.8,33580000.0
2589,458.9,33880000.0
2590,459.0,33849585.611
2591,459.1,33490000.0
2592,459.2,32810000.0
2593,459.3,31830000.0
2594,459.4,30571515.903
2595,459.5,29090000.0
2596,459.6,27440000.0
2597,459.7,25650000.0
2598,459.8,23788742.015
2599,459.9,21910000.0
2600,460.0,20060000.0
2601,460.1,18280000.0
2602,460.2,16596447.259
2603,460.3,15040000.0
2604,460.4,13640000.0
2605,460.5,12410000.0
2606,460.6,11351066.97
2607,460.7,10460000.0
2608,460.8,9733000.0
2609,460.9,9164000.0
2610,461.0,8738543.51
2611,461.1,8439000.0
2612,461.2,8247000.0
2613,461.3,8142565.885
2614,461.4,8106000.0
2615,461.5,8118000.0
2616,461.6,8160000.0
2617,461.7,8213978.856
2618,461.8,8265000.0
2619,461.9,8300000.0
2620,462.0,8310000.0
2621,462.1,8287660.472
2622,462.2,8231000.0
2623,462.3,8140000.0
2624,462.4,8018000.0
2625,462.5,7873213.744
2626,462.6,7715000.0
2627,462.7,7554000.0
2628,462.8,7405000.0
2629,462.9,7280817.358
2630,463.0,7195000.0
2631,463.1,7161000.0
2632,463.2,7190000.0
2633,463.3,7290629.487
2634,463.4,7467000.0
2635,463.5,7721000.0
2636,463.6,8050000.0
2637,463.7,8448797.38
2638,463.8,8905000.0
2639,463.9,9405000.0
2640,464.0,9934832.427
2641,464.1,10470000.0
2642,464.2,10990000.0
2643,464.3,11490000.0
2644,464.4,11933259.952
2645,464.5,12300000.0
2646,464.6,12580000.0
2647,464.7,12770000.0
2648,464.8,12859215.341
2649,464.9,12840000.0
2650,465.0,12710000.0
2651,465.1,12480000.0
2652,465.2,12158500.248
2653,465.3,11760000.0
2654,465.4,11300000.0
2655,465.5,10790000.0
2656,465.6,10242270.301
2657,465.7,9676000.0
2658,465.8,9110000.0
2659,465.9,8555000.0
2660,466.0,8020572.306
2661,466.1,7515000.0
2662,466.2,7045000.0
2663,466.3,6612542.656
2664,466.4,6218000.0
2665,466.5,5861000.0
2666,466.6,5539000.0
2667,466.7,5249598.75
2668,466.8,4988000.0
2669,466.9,4750000.0
2670,467.0,4535000.0
2671,467.1,4338604.861
2672,467.2,4159000.0
2673,467.3,3996000.0
2674,467.4,3851000.0
2675,467.5,3723569.329
2676,467.6,3616000.0
2677,467.7,3531000.0
2678,467.8,3470000.0
2679,467.9,3435874.04
2680,468.0,3430000.0
2681,468.1,3454000.0
2682,468.2,3511000.0
2683,468.3,3599486.368
2684,468.4,3720000.0
2685,468.5,3873000.0
2686,468.6,4056000.0
2687,468.7,4268791.617
2688,468.8,4509000.0
2689,468.9,4774000.0
2690,469.0,5062704.657
2691,469.1,5372000.0
2692,469.2,5699000.0
2693,469.3,6043000.0
2694,469.4,6399765.58
2695,469.5,6767000.0
2696,469.6,7143000.0
2697,469.7,7525000.0
2698,469.8,7909516.688
2699,469.9,8294000.0
2700,470.0,8676000.0
2701,470.1,9052000.0
2702,470.2,9418141.532
2703,470.3,9775000.0
2704,470.4,10120000.0
2705,470.5,10440000.0
2706,470.6,10742149.435
2707,470.7,11030000.0
2708,470.8,11300000.0
2709,470.9,11540000.0
2710,471.0,11764316.219
2711,471.1,11970000.0
2712,471.2,12150000.0
2713,471.3,12307732.779
2714,471.4,12450000.0
2715,471.5,12580000.0
2716,471.6,12690000.0
2717,471.7,12783544.857
2718,471.8,12860000.0
2719,471.9,12920000.0
2720,472.0,12970000.0
2721,472.1,12995415.492
2722,472.2,13000000.0
2723,472.3,12990000.0
2724,472.4,12960000.0
2725,472.5,12914856.625
2726,472.6,12850000.0
2727,472.7,12760000.0
2728,472.8,12650000.0
2729,472.9,12526650.27
2730,473.0,12390000.0
2731,473.1,12240000.0
2732,473.2,12080000.0
2733,473.3,11906927.738
2734,473.4,11730000.0
2735,473.5,11560000.0
2736,473.6,11400000.0
2737,473.7,11255290.913
2738,473.8,11130000.0
2739,473.9,11030000.0
2740,474.0,10966905.704
2741,474.1,10940000.0
2742,474.2,10950000.0
2743,474.3,11010000.0
2744,474.4,11110265.644
2745,474.5,11250000.0
2746,474.6,11430000.0
2747,474.7,11640000.0
2748,474.8,11866436.924
2749,474.9,12100000.0
2750,475.0,12330000.0
2751,475.1,12540000.0
2752,475.2,12723892.78
2753,475.3,12860000.0
2754,475.4,12930000.0
2755,475.5,12940000.0
2756,475.6,12874031.863
2757,475.7,12730000.0
2758,475.8,12510000.0
2759,475.9,12210000.0
2760,476.0,11828509.142
2761,476.1,11380000.0
2762,476.2,10880000.0
2763,476.3,10334462.905
2764,476.4,9755000.0
2765,476.5,9155000.0
2766,476.6,8547000.0
2767,476.7,7945008.2
2768,476.8,7361000.0
2769,476.9,6806000.0
2770,477.0,6290000.0
2771,477.1,5822436.493
2772,477.2,5410000.0
2773,477.3,5059000.0
2774,477.4,4776000.0
2775,477.5,4563550.202
2776,477.6,4423000.0
2777,477.7,4356000.0
2778,477.8,4364000.0
2779,477.9,4443151.779
2780,478.0,4590000.0
2781,478.1,4801000.0
2782,478.2,5070000.0
2783,478.3,5388771.619
2784,478.4,5748000.0
2785,478.5,6138000.0
2786,478.6,6548000.0
2787,478.7,6965719.343
2788,478.8,7379000.0
2789,478.9,7776000.0
2790,479.0,8145768.903
2791,479.1,8478000.0
2792,479.2,8763000.0
2793,479.3,8993000.0
2794,479.4,9161215.435
2795,479.5,9264000.0
2796,479.6,9299000.0
2797,479.7,9266000.0
2798,479.8,9166485.873
2799,479.9,9004000.0
2800,480.0,8783000.0
2801,480.1,8510000.0
2802,480.2,8192978.948
2803,480.3,7840000.0
2804,480.4,7459000.0
2805,480.5,7058000.0
2806,480.6,6646110.13
2807,480.7,6231000.0
2808,480.8,5820000.0
2809,480.9,5420000.0
2810,481.0,5034758.503
2811,481.1,4669000.0
2812,481.2,4327000.0
2813,481.3,4009505.199
2814,481.4,3717000.0
2815,481.5,3450000.0
2816,481.6,3208000.0
2817,481.7,2988772.211
2818,481.8,2791000.0
2819,481.9,2613000.0
2820,482.0,2451000.0
2821,482.1,2303331.574
2822,482.2,2168000.0
2823,482.3,2043000.0
2824,482.4,1927000.0
2825,482.5,1817871.508
2826,482.6,1715000.0
2827,482.7,1618000.0
2828,482.8,1526000.0
2829,482.9,1439495.935
2830,483.0,1358000.0
2831,483.1,1281000.0
2832,483.2,1209000.0
2833,483.3,1141739.27
2834,483.4,1080000.0
2835,483.5,1024000.0
2836,483.6,971600.0
2837,483.7,924288.899
2838,483.8,882100.0
2839,483.9,844500.0
2840,484.0,811484.911
2841,484.1,783300.0
2842,484.2,760200.0
2843,484.3,742500.0
2844,484.4,731060.238
2845,484.5,726800.0
2846,484.6,730800.0
2847,484.7,744800.0
2848,484.8,770533.791
2849,484.9,810100.0
2850,485.0,865800.0
2851,485.1,940300.0
2852,485.2,1036254.881
2853,485.3,1156000.0
2854,485.4,1302000.0
2855,485.5,1477000.0
2856,485.6,1681945.601
2857,485.7,1918000.0
2858,485.8,2186000.0
2859,485.9,2485000.0
2860,486.0,2814062.771
2861,486.1,3170000.0
2862,486.2,3549000.0
2863,486.3,3947030.932
2864,486.4,4359000.0
2865,486.5,4779000.0
2866,486.6,5200000.0
2867,486.7,5617825.676
2868,486.8,6026000.0
2869,486.9,6418000.0
2870,487.0,6790000.0
2871,487.1,7137704.827
2872,487.2,7459000.0
2873,487.3,7752000.0
2874,487.4,8014000.0
2875,487.5,8245294.34
2876,487.6,8446000.0
2877,487.7,8616000.0
2878,487.8,8755000.0
2879,487.9,8861723.445
2880,488.0,8936000.0
2881,488.1,8977000.0
2882,488.2,8981000.0
2883,488.3,8947370.825
2884,488.4,8874000.0
2885,488.5,8758000.0
2886,488.6,8597000.0
2887,488.7,8391768.699
2888,488.8,8142000.0
2889,488.9,7848000.0
2890,489.0,7514349.313
2891,489.1,7146000.0
2892,489.2,6748000.0
2893,489.3,6327000.0
2894,489.4,5891732.943
2895,489.5,5451000.0
2896,489.6,5014000.0
2897,489.7,4591000.0
2898,489.8,4189640.009
2899,489.9,3819000.0
2900,490.0,3488000.0
2901,490.1,3203000.0
2902,490.2,2970771.565
2903,490.3,2796000.0
2904,490.4,2683000.0
2905,490.5,2636000.0
2906,490.6,2655484.22
2907,490.7,2743000.0
2908,490.8,2899000.0
2909,490.9,3119000.0
2910,491.0,3402018.676
2911,491.1,3743000.0
2912,491.2,4135000.0
2913,491.3,4569180.671
2914,491.4,5036000.0
2915,491.5,5525000.0
2916,491.6,6023000.0
2917,491.7,6518036.188
2918,491.8,6996000.0
2919,491.9,7443000.0
2920,492.0,7848000.0
2921,492.1,8198470.419
2922,492.2,8485000.0
2923,492.3,8700000.0
2924,492.4,8839000.0
2925,492.5,8898679.481
2926,492.6,8880000.0
2927,492.7,8786000.0
2928,492.8,8623000.0
2929,492.9,8397119.668
2930,493.0,8118000.0
2931,493.1,7796000.0
2932,493.2,7441000.0
2933,493.3,7064754.76
2934,493.4,6677000.0
2935,493.5,6287000.0
2936,493.6,5904000.0
2937,493.7,5534104.275
2938,493.8,5183000.0
2939,493.9,4856000.0
2940,494.0,4556184.131
2941,494.1,4285000.0
2942,494.2,4043000.0
2943,494.3,3829000.0
2944,494.4,3643288.647
2945,494.5,3484000.0
2946,494.6,3348000.0
2947,494.7,3231000.0
2948,494.8,3131574.362
2949,494.9,3046000.0
2950,495.0,2970000.0
2951,495.1,2900000.0
2952,495.2,2831523.375
2953,495.3,2762000.0
2954,495.4,2689000.0
2955,495.5,2609000.0
2956,495.6,2520694.891
2957,495.7,2423000.0
2958,495.8,2315000.0
2959,495.9,2197000.0
2960,496.0,2069797.923
2961,496.1,1934000.0
2962,496.2,1791000.0
2963,496.3,1644793.64
2964,496.4,1497000.0
2965,496.5,1349000.0
2966,496.6,1204000.0
2967,496.7,1064004.872
2968,496.8,930700.0
2969,496.9,805700.0
2970,497.0,690200.0
2971,497.1,585123.762
2972,497.2,490800.0
2973,497.3,407300.0
2974,497.4,334300.0
2975,497.5,271454.444
2976,497.6,218100.0
2977,497.7,173400.0
2978,497.8,136300.0
2979,497.9,106045.981
2980,498.0,81720.0
2981,498.1,62380.0
2982,498.2,47260.0
2983,498.3,35649.92
2984,498.4,26950.0
2985,498.5,20620.0
2986,498.6,16250.0
2987,498.7,13512.382
2988,498.8,12180.0
2989,498.9,12070.0
2990,499.0,13096.805
2991,499.1,15250.0
2992,499.2,18540.0
2993,499.3,23020.0
2994,499.4,28803.386
2995,499.5,36010.0
2996,499.6,44760.0
2997,499.7,55180.0
2998,499.8,67383.055
2999,499.9,81450.0
3000,500.0,97430.0
3001,500.1,115300.0
3002,500.2,135043.192
3003,500.3,156400.0
3004,500.4,179100.0
3005,500.5,203000.0
3006,500.6,227625.548
3007,500.7,252400.0
3008,500.8,276800.0
3009,500.9,300400.0
3010,501.0,322425.041
3011,501.1,342300.0
3012,501.2,359500.0
3013,501.3,373434.482
3014,501.4,383700.0
3015,501.5,390000.0
3016,501.6,392200.0
3017,501.7,390105.81
3018,501.8,383800.0
3019,501.9,373500.0
3020,502.0,359600.0
3021,502.1,342466.018
3022,502.2,322700.0
3023,502.3,300900.0
3024,502.4,277500.0
3025,502.5,253277.65
3026,502.6,228800.0
3027,502.7,204600.0
3028,502.8,181300.0
3029,502.9,159180.276
3030,503.0,138600.0
3031,503.1,119900.0
3032,503.2,103200.0
3033,503.3,88670.117
3034,503.4,76330.0
3035,503.5,66150.0
3036,503.6,58080.0
3037,503.7,52009.179
3038,503.8,47810.0
3039,503.9,45350.0
3040,504.0,44477.473
3041,504.1,45030.0
3042,504.2,46850.0
3043,504.3,49800.0
3044,504.4,53731.561
3045,504.5,58510.0
3046,504.6,64010.0
3047,504.7,70120.0
3048,504.8,76719.488
3049,504.9,83700.0
3050,505.0,90960.0
3051,505.1,98400.0
3052,505.2,105901.903
3053,505.3,113400.0
3054,505.4,120800.0
3055,505.5,127900.0
3056,505.6,134680.133
3057,505.7,141000.0
3058,505.8,146700.0
3059,505.9,151700.0
3060,506.0,155837.869
3061,506.1,159000.0
3062,506.2,161100.0
3063,506.3,162080.986
3064,506.4,161900.0
3065,506.5,160500.0
3066,506.6,157800.0
3067,506.7,153862.93
3068,506.8,148800.0
3069,506.9,142700.0
3070,507.0,135600.0
3071,507.1,127694.049
3072,507.2,119200.0
3073,507.3,110300.0
3074,507.4,101100.0
3075,507.5,91829.746
3076,507.6,82680.0
3077,507.7,73820.0
3078,507.8,65410.0
3079,507.9,57581.96
3080,508.0,50440.0
3081,508.1,44080.0
3082,508.2,38580.0
3083,508.3,33984.103
3084,508.4,30320.0
3085,508.5,27610.0
3086,508.6,25860.0
3087,508.7,25056.321
3088,508.8,25180.0
3089,508.9,26210.0
3090,509.0,28113.881
3091,509.1,30840.0
3092,509.2,34330.0
3093,509.3,38520.0
3094,509.4,43349.203
3095,509.5,48720.0
3096,509.6,54530.0
3097,509.7,60690.0
3098,509.8,67084.84
3099,509.9,73600.0
3100,510.0,80130.0
3101,510.1,86590.0
3102,510.2,92891.3
3103,510.3,99000.0
3104,510.4,104900.0
3105,510.5,110600.0
3106,510.6,116196.007
3107,510.7,121900.0
3108,510.8,127900.0
3109,510.9,134300.0
3110,511.0,141551.524
3111,511.1,150000.0
3112,511.2,160000.0
3113,511.3,172116.776
3114,511.4,186800.0
3115,511.5,204500.0
3116,511.6,225800.0
3117,511.7,251134.655
3118,511.8,280900.0
3119,511.9,315500.0
3120,512.0,355300.0
3121,512.1,400448.258
3122,512.2,451100.0
3123,512.3,507300.0
3124,512.4,568700.0
3125,512.5,635153.863
3126,512.6,706100.0
3127,512.7,780800.0
3128,512.8,858400.0
3129,512.9,938027.697
3130,513.0,1018000.0
3131,513.1,1097000.0
3132,513.2,1175000.0
3133,513.3,1248939.691
3134,513.4,1317000.0
3135,513.5,1378000.0
3136,513.6,1431000.0
3137,513.7,1474895.198
3138,513.8,1508000.0
3139,513.9,1529000.0
3140,514.0,1538234.772
3141,514.1,1535000.0
3142,514.2,1519000.0
3143,514.3,1492000.0
3144,514.4,1453040.971
3145,514.5,1404000.0
3146,514.6,1347000.0
3147,514.7,1282000.0
3148,514.8,1211263.921
3149,514.9,1137000.0
3150,515.0,1061000.0
3151,515.1,984500.0
3152,515.2,909351.641
3153,515.3,837100.0
3154,515.4,769100.0
3155,515.5,706500.0
3156,515.6,650365.93
3157,515.7,601500.0
3158,515.8,560600.0
3159,515.9,528200.0
3160,516.0,504699.41
3161,516.1,490400.0
3162,516.2,485600.0
3163,516.3,490653.591
3164,516.4,505900.0
3165,516.5,531700.0
3166,516.6,568600.0
3167,516.7,617516.439
3168,516.8,679700.0
3169,516.9,756700.0
3170,517.0,850900.0
3171,517.1,965067.95
3172,517.2,1104000.0
3173,517.3,1273000.0
3174,517.4,1478000.0
3175,517.5,1728179.959
3176,517.6,2035000.0
3177,517.7,2411000.0
3178,517.8,2872000.0
3179,517.9,3437356.934
3180,518.0,4130000.0
3181,518.1,4974000.0
3182,518.2,5996000.0
3183,518.3,7227867.866
3184,518.4,8705000.0
3185,518.5,10460000.0
3186,518.6,12520000.0
3187,518.7,14932806.806
3188,518.8,17719999.999
3189,518.9,20899999.999
3190,519.0,24504915.312
3191,519.1,28539999.999
3192,519.2,32999999.999
3193,519.3,37869999.999
3194,519.4,43125218.282
3195,519.5,48709999.999
3196,519.6,54559999.999
3197,519.7,60599999.999
3198,519.8,66724924.299
3199,519.9,72819999.999
3200,520.0,78769999.999
3201,520.1,84449999.999
3202,520.2,89705422.298
3203,520.3,94419999.999
3204,520.4,98469999.999
3205,520.5,101699999.999
3206,520.6,104098082.358
3207,520.7,105600000.0
3208,520.8,106100000.0
3209,520.9,105500000.0
3210,521.0,103944550.906
3211,521.1,101500000.001
3212,521.2,98190000.001
3213,521.3,94047383.438
3214,521.4,89210000.001
3215,521.5,83830000.001
3216,521.6,78020000.001
3217,521.7,71925076.247
3218,521.8,65680000.001
3219,521.9,59410000.001
3220,522.0,53230000.001
3221,522.1,47258194.311
3222,522.2,41570000.001
3223,522.3,36230000.001
3224,522.4,31300000.001
3225,522.5,26812153.753
3226,522.6,22780000.001
3227,522.7,19210000.001
3228,522.8,16090000.001
3229,522.9,13395638.058
3230,523.0,11100000.0
3231,523.1,9173000.0
3232,523.2,7574000.0
3233,523.3,6265338.929
3234,523.4,5210000.0
3235,523.5,4371000.0
3236,523.6,3713000.0
3237,523.7,3204454.064
3238,523.8,2819000.0
3239,523.9,2532000.0
3240,524.0,2322297.601
3241,524.1,2174000.0
3242,524.2,2073000.0
3243,524.3,2008000.0
3244,524.4,1970570.838
3245,524.5,1956000.0
3246,524.6,1960000.0
3247,524.7,1978000.0
3248,524.8,2009968.806
3249,524.9,2055000.0
3250,525.0,2112000.0
3251,525.1,2181000.0
3252,525.2,2261113.404
3253,525.3,2352000.0
3254,525.4,2453000.0
3255,525.5,2562000.0
3256,525.6,2678578.761
3257,525.7,2800000.0
3258,525.8,2923000.0
3259,525.9,3045000.0
3260,526.0,3162568.48
3261,526.1,3272000.0
3262,526.2,3370000.0
3263,526.3,3454603.843
3264,526.4,3523000.0
3265,526.5,3573000.0
3266,526.6,3605000.0
3267,526.7,3616981.335
3268,526.8,3611000.0
3269,526.9,3590000.0
3270,527.0,3556000.0
3271,527.1,3513728.716
3272,527.2,3469000.0
3273,527.3,3428000.0
3274,527.4,3398000.0
3275,527.5,3386378.158
3276,527.6,3401000.0
3277,527.7,3450000.0
3278,527.8,3542000.0
3279,527.9,3685088.092
3280,528.0,3885000.0
3281,528.1,4147000.0
3282,528.2,4476000.0
3283,528.3,4873512.476
3284,528.4,5339000.0
3285,528.5,5871000.0
3286,528.6,6465000.0
3287,528.7,7112938.271
3288,528.8,7804000.0
3289,528.9,8527000.0
3290,529.0,9269308.84
3291,529.1,10010000.0
3292,529.2,10730000.0
3293,529.3,11420000.0
3294,529.4,12055869.054
3295,529.5,12630000.0
3296,529.6,13130000.0
3297,529.7,13520000.0
3298,529.8,13816161.028
3299,529.9,14010000.0
3300,530.0,14090000.0
3301,530.1,14070000.0
3302,530.2,13951791.331
3303,530.3,13740000.0
3304,530.4,13450000.0
3305,530.5,13120000.0
3306,530.6,12754941.772
3307,530.7,12370000.0
3308,530.8,11990000.0
3309,530.9,11650000.0
3310,531.0,11365335.892
3311,531.1,11150000.0
3312,531.2,11020000.0
3313,531.3,10991558.339
3314,531.4,11070000.0
3315,531.5,11260000.0
3316,531.6,11570000.0
3317,531.7,11990390.914
3318,531.8,12510000.0
3319,531.9,13120000.0
3320,532.0,13810000.0
3321,532.1,14547018.62
3322,532.2,15310000.0
3323,532.3,16080000.0
3324,532.4,16830000.0
3325,532.5,17538779.106
3326,532.6,18180000.0
3327,532.7,18730000.0
3328,532.8,19180000.0
3329,532.9,19513793.234
3330,533.0,19720000.0
3331,533.1,19790000.0
3332,533.2,19720000.0
3333,533.3,19516213.303
3334,533.4,19190000.0
3335,533.5,18750000.0
3336,533.6,18200000.0
3337,533.7,17569585.207
3338,533.8,16870000.0
3339,533.9,16110000.0
3340,534.0,15313531.142
3341,534.1,14500000.0
3342,534.2,13680000.0
3343,534.3,12850000.0
3344,534.4,12039130.606
3345,534.5,11250000.0
3346,534.6,10480000.0
3347,534.7,9740000.0
3348,534.8,9029143.743
3349,534.9,8348000.0
3350,535.0,7698000.0
3351,535.1,7078000.0
3352,535.2,6486032.33
3353,535.3,5922000.0
3354,535.4,5386000.0
3355,535.5,4877000.0
3356,535.6,4394481.124
3357,535.7,3939000.0
3358,535.8,3511000.0
3359,535.9,3110000.0
3360,536.0,2736812.46
3361,536.1,2392000.0
3362,536.2,2076000.0
3363,536.3,1789071.324
3364,536.4,1530000.0
3365,536.5,1298000.0
3366,536.6,1094000.0
3367,536.7,914605.314
3368,536.8,758700.0
3369,536.9,625700.0
3370,537.0,513500.0
3371,537.1,420220.455
3372,537.2,344300.0
3373,537.3,284200.0
3374,537.4,238400.0
3375,537.5,205770.815
3376,537.6,185400.0
3377,537.7,176500.0
3378,537.8,178700.0
3379,537.9,191947.303
3380,538.0,216500.0
3381,538.1,252800.0
3382,538.2,301700.0
3383,538.3,364060.606
3384,538.4,441100.0
3385,538.5,534200.0
3386,538.6,644900.0
3387,538.7,774500.063
3388,538.8,924400.0
3389,538.9,1096000.0
3390,539.0,1290375.916
3391,539.1,1508000.0
3392,539.2,1749000.0
3393,539.3,2013000.0
3394,539.4,2300053.831
3395,539.5,2608000.0
3396,539.6,2934000.0
3397,539.7,3275000.0
3398,539.8,3627501.876
3399,539.9,3987000.0
3400,540.0,4348000.0
3401,540.1,4703000.0
3402,540.2,5046962.381
3403,540.3,5373000.0
3404,540.4,5674000.0
3405,540.5,5944000.0
3406,540.6,6175305.047
3407,540.7,6363000.0
3408,540.8,6503000.0
3409,540.9,6591000.0
3410,541.0,6623594.895
3411,541.1,6601000.0
3412,541.2,6524000.0
3413,541.3,6392891.33
3414,541.4,6211000.0
3415,541.5,5983000.0
3416,541.6,5715000.0
3417,541.7,5411816.55
3418,541.8,5080000.0
3419,541.9,4727000.0
3420,542.0,4361000.0
3421,542.1,3988498.788
3422,542.2,3616000.0
3423,542.3,3250000.0
3424,542.4,2896000.0
3425,542.5,2557753.766
3426,542.6,2239000.0
3427,542.7,1943000.0
3428,542.8,1671000.0
3429,542.9,1424532.773
3430,543.0,1204000.0
3431,543.1,1009000.0
3432,543.2,837800.0
3433,543.3,689645.416
3434,543.4,562800.0
3435,543.5,455200.0
3436,543.6,364900.0
3437,543.7,289983.106
3438,543.8,228500.0
3439,543.9,178500.0
3440,544.0,138152.678
3441,544.1,106000.0
3442,544.2,80670.0
3443,544.3,60840.0
3444,544.4,45485.138
3445,544.5,33740.0
3446,544.6,24810.0
3447,544.7,18100.0
3448,544.8,13111.841
3449,544.9,9460.0
3450,545.0,6810.0
3451,545.1,4927.0
3452,545.2,3624.59
3453,545.3,2773.0
3454,545.4,2266.0
3455,545.5,2039.0
3456,545.6,2048.958
3457,545.7,2277.0
3458,545.8,2715.0
3459,545.9,3375.0
3460,546.0,4277.076
3461,546.1,5455.0
3462,546.2,6948.0
3463,546.3,8804.543
3464,546.4,11080.0
3465,546.5,13830.0
3466,546.6,17110.0
3467,546.7,20985.433
3468,546.8,25510.0
3469,546.9,30730.0
3470,547.0,36680.0
3471,547.1,43392.573
3472,547.2,50870.0
3473,547.3,59100.0
3474,547.4,68040.0
3475,547.5,77619.099
3476,547.6,87750.0
3477,547.7,98310.0
3478,547.8,109100.0
3479,547.9,120045.948
3480,548.0,130900.0
3481,548.1,141400.0
3482,548.2,151400.0
3483,548.3,160609.673
3484,548.4,168800.0
3485,548.5,175800.0
3486,548.6,181500.0
3487,548.7,185655.543
3488,548.8,188200.0
3489,548.9,189100.0
3490,549.0,188258.478
3491,549.1,185700.0
3492,549.2,181500.0
3493,549.3,175800.0
3494,549.4,168782.884
3495,549.5,160600.0
3496,549.6,151400.0
3497,549.7,141400.0
3498,549.8,130921.726
3499,549.9,120100.0
3500,550.0,109100.0
3501,550.1,98310.0
3502,550.2,87768.272
3503,550.3,77620.0
3504,550.4,68040.0
3505,550.5,59100.0
3506,550.6,50869.766
3507,550.7,43390.0
3508,550.8,36680.0
3509,550.9,30720.0
3510,551.0,25501.527
3511,551.1,20980.0
3512,551.2,17100.0
3513,551.3,13807.623
3514,551.4,11050.0
3515,551.5,8769.0
3516,551.6,6892.0
3517,551.7,5367.798
3518,551.8,4144.0
3519,551.9,3169.0
3520,552.0,2402.0
3521,552.1,1803.957
3522,552.2,1343.0
3523,552.3,990.6
3524,552.4,724.0
3525,552.5,524.189
3526,552.6,376.4
3527,552.7,267.7
3528,552.8,188.7
3529,552.9,131.718
3530,553.0,91.23
3531,553.1,62.58
3532,553.2,42.56
3533,553.3,28.674
3534,553.4,19.22
3535,553.5,12.81
3536,553.6,8.558
3537,553.7,5.797
3538,553.8,4.12
3539,553.9,3.214
3540,554.0,2.914
3541,554.1,3.167
3542,554.2,3.961
3543,554.3,5.384
3544,554.4,7.591
3545,554.5,10.86
3546,554.6,15.53
3547,554.7,22.09
3548,554.8,31.187
3549,554.9,43.72
3550,555.0,60.74
3551,555.1,83.67
3552,555.2,114.21
3553,555.3,154.6
3554,555.4,207.4
3555,555.5,275.9
3556,555.6,363.72
3557,555.7,475.4
3558,555.8,615.9
3559,555.9,791.0
3560,556.0,1007.075
3561,556.1,1271.0
3562,556.2,1590.0
3563,556.3,1972.121
3564,556.4,2425.0
3565,556.5,2956.0
3566,556.6,3572.0
3567,556.7,4279.3
3568,556.8,5083.0
3569,556.9,5987.0
3570,557.0,6992.0
3571,557.1,8097.974
3572,557.2,9299.0
3573,557.3,10590.0
3574,557.4,11970.0
3575,557.5,13419.566
3576,557.6,14920.0
3577,557.7,16460.0
3578,557.8,18040.0
3579,557.9,19627.8
3580,558.0,21210.0
3581,558.1,22780.0
3582,558.2,24330.0
3583,558.3,25858.007
3584,558.4,27360.0
3585,558.5,28840.0
3586,558.6,30330.0
3587,558.7,31845.276
3588,558.8,33420.0
3589,558.9,35100.0
3590,559.0,36949.154
3591,559.1,39030.0
3592,559.2,41410.0
3593,559.3,44180.0
3594,559.4,47432.636
3595,559.5,51280.0
3596,559.6,55840.0
3597,559.7,61240.0
3598,559.8,67637.957
3599,559.9,75190.0
3600,560.0,84060.0
3601,560.1,94460.0
3602,560.2,106620.844
3603,560.3,120700.0
3604,560.4,136900.0
3605,560.5,155600.0
3606,560.6,176951.847
3607,560.7,201200.0
3608,560.8,228600.0
3609,560.9,259300.0
3610,561.0,293492.047
3611,561.1,331300.0
3612,561.2,372800.0
3613,561.3,417937.355
3614,561.4,466500.0
3615,561.5,518300.0
3616,561.6,573200.0
3617,561.7,630512.049
3618,561.8,689800.0
3619,561.9,750600.0
3620,562.0,812000.0
3621,562.1,873288.819
3622,562.2,933700.0
3623,562.3,992500.0
3624,562.4,1049000.0
3625,562.5,1101936.422
3626,562.6,1151000.0
3627,562.7,1196000.0
3628,562.8,1236000.0
3629,562.9,1270136.219
3630,563.0,1299000.0
3631,563.1,1323000.0
3632,563.2,1341000.0
3633,563.3,1353787.871
3634,563.4,1362000.0
3635,563.5,1366000.0
3636,563.6,1366000.0
3637,563.7,1362542.286
3638,563.8,1356000.0
3639,563.9,1347000.0
3640,564.0,1336887.313
3641,564.1,1325000.0
3642,564.2,1311000.0
3643,564.3,1297000.0
3644,564.4,1281927.846
3645,564.5,1266000.0
3646,564.6,1250000.0
3647,564.7,1234000.0
3648,564.8,1216547.617
3649,564.9,1198000.0
3650,565.0,1179000.0
3651,565.1,1159000.0
3652,565.2,1137435.343
3653,565.3,1115000.0
3654,565.4,1092000.0
3655,565.5,1067000.0
3656,565.6,1041452.482
3657,565.7,1015000.0
3658,565.8,987100.0
3659,565.9,958900.0
3660,566.0,930383.225
3661,566.1,901600.0
3662,566.2,872800.0
3663,566.3,844429.413
3664,566.4,816700.0
3665,566.5,789800.0
3666,566.6,764100.0
3667,566.7,739925.061
3668,566.8,717600.0
3669,566.9,697500.0
3670,567.0,680100.0
3671,567.1,665692.066
3672,567.2,654800.0
3673,567.3,648000.0
3674,567.4,645800.0
3675,567.5,648810.098
3676,567.6,657700.0
3677,567.7,673100.0
3678,567.8,695500.0
3679,567.9,725497.247
3680,568.0,763600.0
3681,568.1,810200.0
3682,568.2,865400.0
3683,568.3,929337.077
3684,568.4,1002000.0
3685,568.5,1083000.0
3686,568.6,1171000.0
3687,568.7,1265614.776
3688,568.8,1366000.0
3689,568.9,1471000.0
3690,569.0,1578987.436
3691,569.1,1688000.0
3692,569.2,1796000.0
3693,569.3,1901000.0
3694,569.4,2001348.017
3695,569.5,2095000.0
3696,569.6,2180000.0
3697,569.7,2255000.0
3698,569.8,2318077.562
3699,569.9,2368000.0
3700,570.0,2404000.0
3701,570.1,2426000.0
3702,570.2,2433528.358
3703,570.3,2427000.0
3704,570.4,2407000.0
3705,570.5,2374000.0
3706,570.6,2329527.685
3707,570.7,2275000.0
3708,570.8,2212000.0
3709,570.9,2143000.0
3710,571.0,2069990.889
3711,571.1,1995000.0
3712,571.2,1920000.0
3713,571.3,1846515.588
3714,571.4,1776000.0
3715,571.5,1710000.0
3716,571.6,1650000.0
3717,571.7,1596171.23
3718,571.8,1549000.0
3719,571.9,1509000.0
3720,572.0,1476000.0
3721,572.1,1449303.075
3722,572.2,1428000.0
3723,572.3,1411000.0
3724,572.4,1397000.0
3725,572.5,1385750.419
3726,572.6,1376000.0
3727,572.7,1366000.0
3728,572.8,1354000.0
3729,572.9,1340047.633
3730,573.0,1323000.0
3731,573.1,1302000.0
3732,573.2,1278000.0
3733,573.3,1248986.864
3734,573.4,1215000.0
3735,573.5,1177000.0
3736,573.6,1136000.0
3737,573.7,1091589.251
3738,573.8,1044000.0
3739,573.9,994000.0
3740,574.0,943115.835
3741,574.1,892000.0
3742,574.2,841100.0
3743,574.3,791200.0
3744,574.4,743184.97
3745,574.5,697700.0
3746,574.6,655300.0
3747,574.7,616500.0
3748,574.8,581968.398
3749,574.9,552200.0
3750,575.0,527600.0
3751,575.1,508500.0
3752,575.2,495397.936
3753,575.3,488800.0
3754,575.4,489200.0
3755,575.5,497100.0
3756,575.6,513088.823
3757,575.7,537900.0
3758,575.8,572300.0
3759,575.9,617100.0
3760,576.0,673275.325
3761,576.1,741800.0
3762,576.2,823700.0
3763,576.3,920153.615
3764,576.4,1032000.0
3765,576.5,1160000.0
3766,576.6,1305000.0
3767,576.7,1467677.593
3768,576.8,1648000.0
3769,576.9,1846000.0
3770,577.0,2062000.0
3771,577.1,2294133.508
3772,577.2,2541000.0
3773,577.3,2801000.0
3774,577.4,3071000.0
3775,577.5,3348578.966
3776,577.6,3630000.0
3777,577.7,3911000.0
3778,577.8,4187000.0
3779,577.9,4453411.456
3780,578.0,4705000.0
3781,578.1,4937000.0
3782,578.2,5146000.0
3783,578.3,5325556.59
3784,578.4,5473000.0
3785,578.5,5586000.0
3786,578.6,5660000.0
3787,578.7,5694806.325
3788,578.8,5690000.0
3789,578.9,5645000.0
3790,579.0,5560681.616
3791,579.1,5440000.0
3792,579.2,5286000.0
3793,579.3,5101000.0
3794,579.4,4889872.015
3795,579.5,4658000.0
3796,579.6,4410000.0
3797,579.7,4149000.0
3798,579.8,3881866.541
3799,579.9,3613000.0
3800,580.0,3346000.0
3801,580.1,3085000.0
3802,580.2,2833743.599
3803,580.3,2595000.0
3804,580.4,2371000.0
3805,580.5,2163000.0
3806,580.6,1972629.712
3807,580.7,1800000.0
3808,580.8,1645000.0
3809,580.9,1508000.0
3810,581.0,1387983.118
3811,581.1,1284000.0
3812,581.2,1195000.0
3813,581.3,1119288.402
3814,581.4,1056000.0
3815,581.5,1004000.0
3816,581.6,960800.0
3817,581.7,926078.862
3818,581.8,898600.0
3819,581.9,876900.0
3820,582.0,860200.0
3821,582.1,847575.125
3822,582.2,838300.0
3823,582.3,831700.0
3824,582.4,827100.0
3825,582.5,824163.896
3826,582.6,822500.0
3827,582.7,821700.0
3828,582.8,821500.0
3829,582.9,821818.912
3830,583.0,822400.0
3831,583.1,823000.0
3832,583.2,823600.0
3833,583.3,824026.708
3834,583.4,824100.0
3835,583.5,823700.0
3836,583.6,822800.0
3837,583.7,821094.548
3838,583.8,818400.0
3839,583.9,814600.0
3840,584.0,809575.451
3841,584.1,803000.0
3842,584.2,794600.0
3843,584.3,784400.0
3844,584.4,772079.337
3845,584.5,757500.0
3846,584.6,740600.0
3847,584.7,721300.0
3848,584.8,699535.524
3849,584.9,675400.0
3850,585.0,649000.0
3851,585.1,620400.0
3852,585.2,589897.75
3853,585.3,557800.0
3854,585.4,524400.0
3855,585.5,490000.0
3856,585.6,454944.965
3857,585.7,419700.0
3858,585.8,384700.0
3859,585.9,350200.0
3860,586.0,316594.291
3861,586.1,284200.0
3862,586.2,253300.0
3863,586.3,224149.569
3864,586.4,196900.0
3865,586.5,171700.0
3866,586.6,148700.0
3867,586.7,127765.31
3868,586.8,108900.0
3869,586.9,92130.0
3870,587.0,77350.0
3871,587.1,64452.47
3872,587.2,53290.0
3873,587.3,43710.0
3874,587.4,35580.0
3875,587.5,28737.701
3876,587.6,23030.0
3877,587.7,18310.0
3878,587.8,14440.0
3879,587.9,11300.508
3880,588.0,8777.0
3881,588.1,6761.0
3882,588.2,5167.0
3883,588.3,3917.098
3884,588.4,2947.0
3885,588.5,2199.0
3886,588.6,1628.0
3887,588.7,1195.382
3888,588.8,871.4
3889,588.9,629.9
3890,589.0,451.393
3891,589.1,321.3
3892,589.2,226.8
3893,589.3,158.8
3894,589.4,110.203
3895,589.5,75.99
3896,589.6,51.95
3897,589.7,35.23
3898,589.8,23.667
3899,589.9,15.81
3900,590.0,10.47
3901,590.1,6.876
3902,590.2,4.472
3903,590.3,2.896
3904,590.4,1.857
3905,590.5,1.181
3906,590.6,0.744
3907,590.7,0.467
3908,590.8,0.29
3909,590.9,0.179
3910,591.0,0.109
3911,591.1,0.066
3912,591.2,0.04
3913,591.3,0.024
3914,591.4,0.014
3915,591.5,0.008
3916,591.6,0.005
3917,591.7,0.003
3918,591.8,0.002
3919,591.9,0.001
3920,592.0,0.001
3921,592.1,0.0
3922,592.2,0.0
3923,592.3,0.0
3924,592.4,0.0
3925,592.5,0.0
3926,592.6,0.0
3927,592.7,0.0
3928,592.8,0.0
3929,592.9,0.0
3930,593.0,0.0
3931,593.1,0.0
3932,593.2,0.0
3933,593.3,0.0
3934,593.4,0.0
3935,593.5,0.0
3936,593.6,0.0
3937,593.7,0.0
3938,593.8,0.0
3939,593.9,0.0
3940,594.0,0.0
3941,594.1,0.0
3942,594.2,0.0
3943,594.3,0.0
3944,594.4,0.0
3945,594.5,0.0
3946,594.6,0.0
3947,594.7,0.0
3948,594.8,0.0
3949,594.9,0.001
3950,595.0,0.001
3951,595.1,0.002
3952,595.2,0.002
3953,595.3,0.004
3954,595.4,0.007
3955,595.5,0.011
3956,595.6,0.017
3957,595.7,0.028
3958,595.8,0.044
3959,595.9,0.068
3960,596.0,0.106
3961,596.1,0.164
3962,596.2,0.252
3963,596.3,0.383
3964,596.4,0.579
3965,596.5,0.868
3966,596.6,1.291
3967,596.7,1.904
3968,596.8,2.792
3969,596.9,4.06
3970,597.0,5.858
3971,597.1,8.381
3972,597.2,11.92
3973,597.3,16.82
3974,597.4,23.55
3975,597.5,32.713
3976,597.6,45.13
3977,597.7,61.76
3978,597.8,83.9
3979,597.9,113.045
3980,598.0,151.3
3981,598.1,201.0
3982,598.2,264.9
3983,598.3,346.46
3984,598.4,449.9
3985,598.5,579.8
3986,598.6,741.6
3987,598.7,941.363
3988,598.8,1186.0
3989,598.9,1483.0
3990,599.0,1841.19
3991,599.1,2269.0
3992,599.2,2775.0
3993,599.3,3369.0
3994,599.4,4060.527
3995,599.5,4858.0
3996,599.6,5770.0
3997,599.7,6805.0
3998,599.8,7966.621
3999,599.9,9264.0
4000,600.0,10700.0
4001,600.1,12260.0
4002,600.2,13967.826
4003,600.3,15810.0
4004,600.4,17770.0
4005,600.5,19860.0
4006,600.6,22061.086
4007,600.7,24360.0
4008,600.8,26750.0
4009,600.9,29230.0
4010,601.0,31789.164
4011,601.1,34420.0
4012,601.2,37120.0
4013,601.3,39898.151
4014,601.4,42760.0
4015,601.5,45710.0
4016,601.6,48760.0
4017,601.7,51939.392
4018,601.8,55270.0
4019,601.9,58770.0
4020,602.0,62460.0
4021,602.1,66373.384
4022,602.2,70530.0
4023,602.3,74940.0
4024,602.4,79600.0
4025,602.5,84520.569
4026,602.6,89680.0
4027,602.7,95050.0
4028,602.8,100600.0
4029,602.9,106244.875
4030,603.0,111900.0
4031,603.1,117500.0
4032,603.2,123000.0
4033,603.3,128234.177
4034,603.4,133100.0
4035,603.5,137500.0
4036,603.6,141300.0
4037,603.7,144485.375
4038,603.8,146900.0
4039,603.9,148400.0
4040,604.0,149042.689
4041,604.1,148800.0
4042,604.2,147600.0
4043,604.3,145400.0
4044,604.4,142349.756
4045,604.5,138500.0
4046,604.6,133900.0
4047,604.7,128700.0
4048,604.8,122933.968
4049,604.9,116800.0
4050,605.0,110500.0
4051,605.1,104100.0
4052,605.2,97841.367
4053,605.3,91890.0
4054,605.4,86390.0
4055,605.5,81530.0
4056,605.6,77478.024
4057,605.7,74400.0
4058,605.8,72460.0
4059,605.9,71810.0
4060,606.0,72603.235
4061,606.1,74980.0
4062,606.2,79070.0
4063,606.3,84984.097
4064,606.4,92860.0
4065,606.5,102800.0
4066,606.6,114800.0
4067,606.7,129030.316
4068,606.8,145500.0
4069,606.9,164200.0
4070,607.0,185200.0
4071,607.1,208331.326
4072,607.2,233500.0
4073,607.3,260600.0
4074,607.4,289400.0
4075,607.5,319827.763
4076,607.6,351500.0
4077,607.7,384000.0
4078,607.8,417100.0
4079,607.9,450383.419
4080,608.0,483400.0
4081,608.1,515700.0
4082,608.2,546800.0
4083,608.3,576208.955
4084,608.4,603500.0
4085,608.5,628300.0
4086,608.6,650300.0
4087,608.7,668997.192
4088,608.8,684200.0
4089,608.9,695800.0
4090,609.0,703653.029
4091,609.1,707700.0
4092,609.2,708000.0
4093,609.3,704900.0
4094,609.4,698561.564
4095,609.5,689300.0
4096,609.6,677500.0
4097,609.7,663600.0
4098,609.8,648101.282
4099,609.9,631500.0
4100,610.0,614300.0
4101,610.1,597000.0
4102,610.2,579939.053
4103,610.3,563600.0
4104,610.4,548400.0
4105,610.5,534400.0
4106,610.6,521908.654
4107,610.7,511100.0
4108,610.8,502000.0
4109,610.9,494400.0
4110,611.0,488371.519
4111,611.1,483700.0
4112,611.2,480100.0
4113,611.3,477370.615
4114,611.4,475200.0
4115,611.5,473300.0
4116,611.6,471500.0
4117,611.7,469322.725
4118,611.8,466600.0
4119,611.9,463200.0
4120,612.0,458800.0
4121,612.1,453336.364
4122,612.2,446700.0
4123,612.3,438800.0
4124,612.4,429700.0
4125,612.5,419343.162
4126,612.6,407800.0
4127,612.7,395200.0
4128,612.8,381700.0
4129,612.9,367385.215
4130,613.0,352400.0
4131,613.1,336900.0
4132,613.2,321000.0
4133,613.3,304814.385
4134,613.4,288500.0
4135,613.5,272200.0
4136,613.6,256000.0
4137,613.7,240067.972
4138,613.8,224400.0
4139,613.9,209000.0
4140,614.0,194058.417
4141,614.1,179600.0
4142,614.2,165600.0
4143,614.3,152100.0
4144,614.4,139245.304
4145,614.5,127000.0
4146,614.6,115300.0
4147,614.7,104200.0
4148,614.8,93796.435
4149,614.9,84060.0
4150,615.0,74950.0
4151,615.1,66500.0
4152,615.2,58697.709
4153,615.3,51530.0
4154,615.4,44990.0
4155,615.5,39070.0
4156,615.6,33735.167
4157,615.7,28960.0
4158,615.8,24720.0
4159,615.9,20980.0
4160,616.0,17711.379
4161,616.1,14880.0
4162,616.2,12450.0
4163,616.3,10387.319
4164,616.4,8659.0
4165,616.5,7233.0
4166,616.6,6081.0
4167,616.7,5178.778
4168,616.8,4504.0
4169,616.9,4036.0
4170,617.0,3760.0
4171,617.1,3664.56
4172,617.2,3741.0
4173,617.3,3983.0
4174,617.4,4390.0
4175,617.5,4959.743
4176,617.6,5695.0
4177,617.7,6600.0
4178,617.8,7679.0
4179,617.9,8937.573
4180,618.0,10380.0
4181,618.1,12010.0
4182,618.2,13830.0
4183,618.3,15839.675
4184,618.4,18040.0
4185,618.5,20430.0
4186,618.6,23000.0
4187,618.7,25741.15
4188,618.8,28640.0
4189,618.9,31680.0
4190,619.0,34840.59
4191,619.1,38110.0
4192,619.2,41470.0
4193,619.3,44880.0
4194,619.4,48336.294
4195,619.5,51810.0
4196,619.6,55270.0
4197,619.7,58710.0
4198,619.8,62111.869
4199,619.9,65460.0
4200,620.0,68740.0
4201,620.1,71940.0
4202,620.2,75065.284
4203,620.3,78110.0
4204,620.4,81070.0
4205,620.5,83960.0
4206,620.6,86785.381
4207,620.7,89560.0
4208,620.8,92300.0
4209,620.9,95010.0
4210,621.0,97685.115
4211,621.1,100400.0
4212,621.2,103200.0
4213,621.3,105992.581
4214,621.4,108900.0
4215,621.5,112000.0
4216,621.6,115100.0
4217,621.7,118473.766
4218,621.8,122100.0
4219,621.9,125900.0
4220,622.0,130000.0
4221,622.1,134441.519
4222,622.2,139200.0
4223,622.3,144300.0
4224,622.4,149900.0
4225,622.5,155880.644
4226,622.6,162200.0
4227,622.7,168900.0
4228,622.8,176100.0
4229,622.9,183656.135
4230,623.0,191500.0
4231,623.1,199600.0
4232,623.2,207900.0
4233,623.3,216301.009
4234,623.4,224700.0
4235,623.5,233000.0
4236,623.6,241100.0
4237,623.7,248835.314
4238,623.8,256100.0
4239,623.9,262800.0
4240,624.0,268796.936
4241,624.1,273900.0
4242,624.2,278000.0
4243,624.3,281200.0
4244,624.4,283188.526
4245,624.5,284000.0
4246,624.6,283700.0
4247,624.7,282100.0
4248,624.8,279356.039
4249,624.9,275500.0
4250,625.0,270500.0
4251,625.1,264400.0
4252,625.2,257486.235
4253,625.3,249800.0
4254,625.4,241400.0
4255,625.5,232600.0
4256,625.6,223354.854
4257,625.7,213900.0
4258,625.8,204500.0
4259,625.9,195200.0
4260,626.0,186257.22
4261,626.1,177800.0
4262,626.2,169900.0
4263,626.3,162653.296
4264,626.4,156300.0
4265,626.5,151000.0
4266,626.6,146600.0
4267,626.7,143355.147
4268,626.8,141300.0
4269,626.9,140400.0
4270,627.0,140700.0
4271,627.1,142185.66
4272,627.2,144800.0
4273,627.3,148500.0
4274,627.4,153300.0
4275,627.5,159126.582
4276,627.6,165800.0
4277,627.7,173200.0
4278,627.8,181400.0
4279,627.9,190110.074
4280,628.0,199200.0
4281,628.1,208600.0
4282,628.2,218200.0
4283,628.3,227889.105
4284,628.4,237500.0
4285,628.5,246900.0
4286,628.6,256100.0
4287,628.7,264946.851
4288,628.8,273300.0
4289,628.9,281100.0
4290,629.0,288468.526
4291,629.1,295300.0
4292,629.2,301500.0
4293,629.3,307200.0
4294,629.4,312264.955
4295,629.5,316800.0
4296,629.6,320900.0
4297,629.7,324400.0
4298,629.8,327489.091
4299,629.9,330200.0
4300,630.0,332500.0
4301,630.1,334400.0
4302,630.2,335955.286
4303,630.3,337100.0
4304,630.4,337800.0
4305,630.5,338200.0
4306,630.6,338191.84
4307,630.7,337700.0
4308,630.8,336700.0
4309,630.9,335200.0
4310,631.0,333067.97
4311,631.1,330300.0
4312,631.2,326900.0
4313,631.3,322762.379
4314,631.4,317900.0
4315,631.5,312300.0
4316,631.6,305800.0
4317,631.7,298553.246
4318,631.8,290600.0
4319,631.9,281900.0
4320,632.0,272400.0
4321,632.1,262299.328
4322,632.2,251600.0
4323,632.3,240300.0
4324,632.4,228600.0
4325,632.5,216535.706
4326,632.6,204200.0
4327,632.7,191700.0
4328,632.8,179100.0
4329,632.9,166529.705
4330,633.0,154100.0
4331,633.1,141900.0
4332,633.2,130000.0
4333,633.3,118528.882
4334,633.4,107500.0
4335,633.5,96930.0
4336,633.6,86950.0
4337,633.7,77577.654
4338,633.8,68830.0
4339,633.9,60730.0
4340,634.0,53282.397
4341,634.1,46480.0
4342,634.2,40310.0
4343,634.3,34750.0
4344,634.4,29786.354
4345,634.5,25380.0
4346,634.6,21490.0
4347,634.7,18090.0
4348,634.8,15131.546
4349,634.9,12580.0
4350,635.0,10400.0
4351,635.1,8539.0
4352,635.2,6966.857
4353,635.3,5650.0
4354,635.4,4553.0
4355,635.5,3645.0
4356,635.6,2899.364
4357,635.7,2292.0
4358,635.8,1800.0
4359,635.9,1404.0
4360,636.0,1088.203
4361,636.1,838.4
4362,636.2,641.4
4363,636.3,487.367
4364,636.4,368.1
4365,636.5,276.1
4366,636.6,205.8
4367,636.7,152.301
4368,636.8,112.0
4369,636.9,81.8
4370,637.0,59.35
4371,637.1,42.757
4372,637.2,30.63
4373,637.3,21.78
4374,637.4,15.38
4375,637.5,10.783
4376,637.6,7.522
4377,637.7,5.207
4378,637.8,3.58
4379,637.9,2.443
4380,638.0,1.659
4381,638.1,1.118
4382,638.2,0.748
4383,638.3,0.496
4384,638.4,0.328
4385,638.5,0.215
4386,638.6,0.14
4387,638.7,0.091
4388,638.8,0.058
4389,638.9,0.037
4390,639.0,0.023
4391,639.1,0.015
4392,639.2,0.009
4393,639.3,0.006
4394,639.4,0.004
4395,639.5,0.002
4396,639.6,0.001
4397,639.7,0.001
4398,639.8,0.0
4399,639.9,0.0
4400,640.0,0.0
4401,640.1,0.0
4402,640.2,0.0
4403,640.3,0.0
4404,640.4,0.0
4405,640.5,0.0
4406,640.6,0.0
4407,640.7,0.0
4408,640.8,0.0
4409,640.9,0.0
4410,641.0,0.0
4411,641.1,0.0
4412,641.2,0.0
4413,641.3,0.0
4414,641.4,0.0
4415,641.5,0.0
4416,641.6,0.0
4417,641.7,0.0
4418,641.8,0.0
4419,641.9,0.0
4420,642.0,0.0
4421,642.1,0.0
4422,642.2,0.0
4423,642.3,0.0
4424,642.4,0.0
4425,642.5,0.0
4426,642.6,0.0
4427,642.7,0.0
4428,642.8,0.0
4429,642.9,0.0
4430,643.0,0.0
4431,643.1,0.0
4432,643.2,0.0
4433,643.3,0.0
4434,643.4,0.0
4435,643.5,0.0
4436,643.6,0.0
4437,643.7,0.0
4438,643.8,0.0
4439,643.9,0.0
4440,644.0,0.0
4441,644.1,0.0
4442,644.2,0.0
4443,644.3,0.0
4444,644.4,0.0
4445,644.5,0.0
4446,644.6,0.0
4447,644.7,0.0
4448,644.8,0.0
4449,644.9,0.0
4450,645.0,0.0
4451,645.1,0.001
4452,645.2,0.001
4453,645.3,0.002
4454,645.4,0.003
4455,645.5,0.004
4456,645.6,0.006
4457,645.7,0.01
4458,645.8,0.015
4459,645.9,0.024
4460,646.0,0.037
4461,646.1,0.056
4462,646.2,0.085
4463,646.3,0.127
4464,646.4,0.191
4465,646.5,0.285
4466,646.6,0.421
4467,646.7,0.619
4468,646.8,0.905
4469,646.9,1.314
4470,647.0,1.896
4471,647.1,2.718
4472,647.2,3.878
4473,647.3,5.494
4474,647.4,7.735
4475,647.5,10.823
4476,647.6,15.06
4477,647.7,20.81
4478,647.8,28.6
4479,647.9,39.038
4480,648.0,53.0
4481,648.1,71.5
4482,648.2,95.86
4483,648.3,127.705
4484,648.4,169.2
4485,648.5,222.8
4486,648.6,291.6
4487,648.7,379.169
4488,648.8,490.3
4489,648.9,630.2
4490,649.0,804.89
4491,649.1,1022.0
4492,649.2,1290.0
4493,649.3,1619.0
4494,649.4,2019.265
4495,649.5,2503.0
4496,649.6,3084.0
4497,649.7,3779.0
4498,649.8,4602.002
4499,649.9,5571.0
4500,650.0,6705.0
4501,650.1,8022.0
4502,650.2,9540.64
4503,650.3,11280.0
4504,650.4,13260.0
4505,650.5,15500.0
4506,650.6,18008.141
4507,650.7,20800.0
4508,650.8,23890.0
4509,650.9,27280.0
4510,651.0,30976.159
4511,651.1,34970.0
4512,651.2,39250.0
4513,651.3,43808.225
4514,651.4,48630.0
4515,651.5,53690.0
4516,651.6,58940.0
4517,651.7,64360.717
4518,651.8,69910.0
4519,651.9,75540.0
4520,652.0,81210.0
4521,652.1,86866.454
4522,652.2,92460.0
4523,652.3,97950.0
4524,652.4,103300.0
4525,652.5,108431.203
4526,652.6,113400.0
4527,652.7,118200.0
4528,652.8,122600.0
4529,652.9,126865.041
4530,653.0,130900.0
4531,653.1,134600.0
4532,653.2,138200.0
4533,653.3,141521.416
4534,653.4,144700.0
4535,653.5,147900.0
4536,653.6,151000.0
4537,653.7,154080.347
4538,653.8,157200.0
4539,653.9,160400.0
4540,654.0,163734.474
4541,654.1,167200.0
4542,654.2,170800.0
4543,654.3,174600.0
4544,654.4,178562.766
4545,654.5,182600.0
4546,654.6,186700.0
4547,654.7,191000.0
4548,654.8,195150.078
4549,654.9,199200.0
4550,655.0,203200.0
4551,655.1,206800.0
4552,655.2,210107.719
4553,655.3,213000.0
4554,655.4,215300.0
4555,655.5,217000.0
4556,655.6,218039.744
4557,655.7,218300.0
4558,655.8,217700.0
4559,655.9,216300.0
4560,656.0,214037.146
4561,656.1,210900.0
4562,656.2,206900.0
4563,656.3,202049.802
4564,656.4,196400.0
4565,656.5,190000.0
4566,656.6,182900.0
4567,656.7,175280.159
4568,656.8,167200.0
4569,656.9,158700.0
4570,657.0,149900.0
4571,657.1,140900.949
4572,657.2,131800.0
4573,657.3,122700.0
4574,657.4,113700.0
4575,657.5,104841.062
4576,657.6,96210.0
4577,657.7,87900.0
4578,657.8,79960.0
4579,657.9,72414.957
4580,658.0,65300.0
4581,658.1,58650.0
4582,658.2,52480.0
4583,658.3,46786.447
4584,658.4,41570.0
4585,658.5,36830.0
4586,658.6,32550.0
4587,658.7,28704.887
4588,658.8,25280.0
4589,658.9,22260.0
4590,659.0,19615.725
4591,659.1,17320.0
4592,659.2,15350.0
4593,659.3,13690.0
4594,659.4,12312.673
4595,659.5,11200.0
4596,659.6,10340.0
4597,659.7,9726.0
4598,659.8,9338.235
4599,659.9,9170.0
4600,660.0,9219.0
4601,660.1,9483.0
4602,660.2,9962.304
4603,660.3,10660.0
4604,660.4,11580.0
4605,660.5,12730.0
4606,660.6,14125.358
4607,660.7,15770.0
4608,660.8,17670.0
4609,660.9,19850.0
4610,661.0,22323.56
4611,661.1,25100.0
4612,661.2,28190.0
4613,661.3,31608.891
4614,661.4,35370.0
4615,661.5,39490.0
4616,661.6,43990.0
4617,661.7,48857.059
4618,661.8,54110.0
4619,661.9,59770.0
4620,662.0,65830.0
4621,662.1,72297.965
4622,662.2,79180.0
4623,662.3,86480.0
4624,662.4,94210.0
4625,662.5,102397.199
4626,662.6,111000.0
4627,662.7,120000.0
4628,662.8,129500.0
4629,662.9,139480.76
4630,663.0,150000.0
4631,663.1,161100.0
4632,663.2,172700.0
4633,663.3,184907.461
4634,663.4,197800.0
4635,663.5,211400.0
4636,663.6,225700.0
4637,663.7,240948.973
4638,663.8,257100.0
4639,663.9,274100.0
4640,664.0,292188.964
4641,664.1,311400.0
4642,664.2,331700.0
4643,664.3,353100.0
4644,664.4,375641.348
4645,664.5,399300.0
4646,664.6,424000.0
4647,664.7,449600.0
4648,664.8,476112.867
4649,664.9,503300.0
4650,665.0,530900.0
4651,665.1,558800.0
4652,665.2,586662.342
4653,665.3,614200.0
4654,665.4,641100.0
4655,665.5,666900.0
4656,665.6,691358.785
4657,665.7,714100.0
4658,665.8,734700.0
4659,665.9,752800.0
4660,666.0,768153.111
4661,666.1,780400.0
4662,666.2,789200.0
4663,666.3,794429.653
4664,666.4,796000.0
4665,666.5,793800.0
4666,666.6,787700.0
4667,666.7,777755.361
4668,666.8,764100.0
4669,666.9,746900.0
4670,667.0,726400.0
4671,667.1,702821.904
4672,667.2,676500.0
4673,667.3,647800.0
4674,667.4,617100.0
4675,667.5,584836.699
4676,667.6,551400.0
4677,667.7,517200.0
4678,667.8,482700.0
4679,667.9,448112.054
4680,668.0,413900.0
4681,668.1,380500.0
4682,668.2,348000.0
4683,668.3,316751.674
4684,668.4,287000.0
4685,668.5,258900.0
4686,668.6,232500.0
4687,668.7,207940.86
4688,668.8,185300.0
4689,668.9,164600.0
4690,669.0,145756.83
4691,669.1,128700.0
4692,669.2,113400.0
4693,669.3,99870.0
4694,669.4,87887.262
4695,669.5,77340.0
4696,669.6,68150.0
4697,669.7,60190.0
4698,669.8,53339.5
4699,669.9,47470.0
4700,670.0,42460.0
4701,670.1,38220.0
4702,670.2,34637.996
4703,670.3,31620.0
4704,670.4,29080.0
4705,670.5,26940.0
4706,670.6,25137.961
4707,670.7,23610.0
4708,670.8,22300.0
4709,670.9,21180.0
4710,671.0,20202.774
4711,671.1,19340.0
4712,671.2,18570.0
4713,671.3,17872.838
4714,671.4,17240.0
4715,671.5,16660.0
4716,671.6,16110.0
4717,671.7,15604.839
4718,671.8,15150.0
4719,671.9,14740.0
4720,672.0,14360.0
4721,672.1,14033.985
4722,672.2,13770.0
4723,672.3,13570.0
4724,672.4,13440.0
4725,672.5,13386.541
4726,672.6,13420.0
4727,672.7,13550.0
4728,672.8,13780.0
4729,672.9,14116.641
4730,673.0,14570.0
4731,673.1,15150.0
4732,673.2,15860.0
4733,673.3,16692.006
4734,673.4,17650.0
4735,673.5,18740.0
4736,673.6,19960.0
4737,673.7,21304.522
4738,673.8,22770.0
4739,673.9,24350.0
4740,674.0,26026.823
4741,674.1,27790.0
4742,674.2,29630.0
4743,674.3,31530.0
4744,674.4,33470.089
4745,674.5,35430.0
4746,674.6,37390.0
4747,674.7,39330.0
4748,674.8,41223.027
4749,674.9,43050.0
4750,675.0,44790.0
4751,675.1,46410.0
4752,675.2,47894.348
4753,675.3,49230.0
4754,675.4,50400.0
4755,675.5,51380.0
4756,675.6,52162.309
4757,675.7,52740.0
4758,675.8,53110.0
4759,675.9,53280.0
4760,676.0,53236.726
4761,676.1,53000.0
4762,676.2,52590.0
4763,676.3,51997.667
4764,676.4,51250.0
4765,676.5,50380.0
4766,676.6,49400.0
4767,676.7,48326.344
4768,676.8,47190.0
4769,676.9,46020.0
4770,677.0,44830.0
4771,677.1,43645.612
4772,677.2,42480.0
4773,677.3,41350.0
4774,677.4,40290.0
4775,677.5,39290.651
4776,677.6,38360.0
4777,677.7,37510.0
4778,677.8,36740.0
4779,677.9,36056.611
4780,678.0,35450.0
4781,678.1,34910.0
4782,678.2,34440.0
4783,678.3,34027.176
4784,678.4,33660.0
4785,678.5,33330.0
4786,678.6,33030.0
4787,678.7,32742.155
4788,678.8,32460.0
4789,678.9,32180.0
4790,679.0,31894.137
4791,679.1,31590.0
4792,679.2,31260.0
4793,679.3,30910.0
4794,679.4,30522.021
4795,679.5,30100.0
4796,679.6,29650.0
4797,679.7,29160.0
4798,679.8,28629.891
4799,679.9,28060.0
4800,680.0,27450.0
4801,680.1,26800.0
4802,680.2,26108.031
4803,680.3,25380.0
4804,680.4,24620.0
4805,680.5,23820.0
4806,680.6,22984.318
4807,680.7,22120.0
4808,680.8,21230.0
4809,680.9,20310.0
4810,681.0,19375.263
4811,681.1,18420.0
4812,681.2,17440.0
4813,681.3,16458.825
4814,681.4,15480.0
4815,681.5,14500.0
4816,681.6,13520.0
4817,681.7,12554.66
4818,681.8,11610.0
4819,681.9,10690.0
4820,682.0,9801.0
4821,682.1,8943.402
4822,682.2,8123.0
4823,682.3,7346.0
4824,682.4,6614.0
4825,682.5,5931.753
4826,682.6,5302.0
4827,682.7,4727.0
4828,682.8,4210.0
4829,682.9,3753.149
4830,683.0,3360.0
4831,683.1,3035.0
4832,683.2,2784.0
4833,683.3,2613.254
4834,683.4,2533.0
4835,683.5,2555.0
4836,683.6,2694.0
4837,683.7,2970.843
4838,683.8,3412.0
4839,683.9,4047.0
4840,684.0,4915.045
4841,684.1,6065.0
4842,684.2,7551.0
4843,684.3,9441.0
4844,684.4,11812.401
4845,684.5,14760.0
4846,684.6,18390.0
4847,684.7,22830.0
4848,684.8,28197.475
4849,684.9,34650.0
4850,685.0,42360.0
4851,685.1,51510.0
4852,685.2,62282.902
4853,685.3,74880.0
4854,685.4,89510.0
4855,685.5,106400.0
4856,685.6,125786.694
4857,685.7,147800.0
4858,685.8,172600.0
4859,685.9,200500.0
4860,686.0,231567.579
4861,686.1,265900.0
4862,686.2,303600.0
4863,686.3,344663.415
4864,686.4,389000.0
4865,686.5,436500.0
4866,686.6,487000.0
4867,686.7,540180.955
4868,686.8,595700.0
4869,686.9,653200.0
4870,687.0,712200.0
4871,687.1,772016.206
4872,687.2,832000.0
4873,687.3,891500.0
4874,687.4,949800.0
4875,687.5,1006241.605
4876,687.6,1060000.0
4877,687.7,1110000.0
4878,687.8,1155000.0
4879,687.9,1195595.675
4880,688.0,1231000.0
4881,688.1,1260000.0
4882,688.2,1282000.0
4883,688.3,1297434.27
4884,688.4,1306000.0
4885,688.5,1307000.0
4886,688.6,1300000.0
4887,688.7,1286841.663
4888,688.8,1267000.0
4889,688.9,1240000.0
4890,689.0,1207991.859
4891,689.1,1171000.0
4892,689.2,1129000.0
4893,689.3,1084000.0
4894,689.4,1036138.852
4895,689.5,986400.0
4896,689.6,936000.0
4897,689.7,885600.0
4898,689.8,836054.731
4899,689.9,788200.0
4900,690.0,742800.0
4901,690.1,700500.0
4902,690.2,662011.779
4903,690.3,627700.0
4904,690.4,597900.0
4905,690.5,573100.0
4906,690.6,553362.086
4907,690.7,538700.0
4908,690.8,529100.0
4909,690.9,524400.0
4910,691.0,524474.737
4911,691.1,528900.0
4912,691.2,537200.0
4913,691.3,548997.146
4914,691.4,563800.0
4915,691.5,581000.0
4916,691.6,599800.0
4917,691.7,619759.379
4918,691.8,640200.0
4919,691.9,660400.0
4920,692.0,679800.0
4921,692.1,697796.38
4922,692.2,713900.0
4923,692.3,727600.0
4924,692.4,738300.0
4925,692.5,745863.06
4926,692.6,750000.0
4927,692.7,750400.0
4928,692.8,747000.0
4929,692.9,739896.12
4930,693.0,729100.0
4931,693.1,714700.0
4932,693.2,697100.0
4933,693.3,676461.993
4934,693.4,653200.0
4935,693.5,627800.0
4936,693.6,600700.0
4937,693.7,572433.264
4938,693.8,543600.0
4939,693.9,514800.0
4940,694.0,486600.641
4941,694.1,459600.0
4942,694.2,434400.0
4943,694.3,411600.0
4944,694.4,391852.88
4945,694.5,375700.0
4946,694.6,363700.0
4947,694.7,356500.0
4948,694.8,354432.296
4949,694.9,358100.0
4950,695.0,368100.0
4951,695.1,384700.0
4952,695.2,408361.454
4953,695.3,439500.0
4954,695.4,478400.0
4955,695.5,525100.0
4956,695.6,580003.35
4957,695.7,643100.0
4958,695.8,714300.0
4959,695.9,793600.0
4960,696.0,880519.251
4961,696.1,974800.0
4962,696.2,1076000.0
4963,696.3,1182853.65
4964,696.4,1295000.0
4965,696.5,1412000.0
4966,696.6,1532000.0
4967,696.7,1653290.39
4968,696.8,1775000.0
4969,696.9,1896000.0
4970,697.0,2014000.0
4971,697.1,2128303.728
4972,697.2,2237000.0
4973,697.3,2338000.0
4974,697.4,2430000.0
4975,697.5,2511093.39
4976,697.6,2581000.0
4977,697.7,2639000.0
4978,697.8,2682000.0
4979,697.9,2710779.67
4980,698.0,2725000.0
4981,698.1,2724000.0
4982,698.2,2708000.0
4983,698.3,2676685.727
4984,698.4,2631000.0
4985,698.5,2572000.0
4986,698.6,2500000.0
4987,698.7,2416448.192
4988,698.8,2323000.0
4989,698.9,2221000.0
4990,699.0,2111067.227
4991,699.1,1995000.0
4992,699.2,1875000.0
4993,699.3,1753000.0
4994,699.4,1629553.546
4995,699.5,1506000.0
4996,699.6,1384000.0
4997,699.7,1265000.0
4998,699.8,1149577.097
4999,699.9,1039000.0
5000,700.0,934300.0
5001,700.1,835100.0
5002,700.2,742312.328
5003,700.3,656200.0
5004,700.4,576800.0
5005,700.5,504300.0
5006,700.6,438520.383
5007,700.7,379200.0
5008,700.8,326100.0
5009,700.9,279000.0
5010,701.0,237517.973
5011,701.1,201200.0
5012,701.2,169600.0
5013,701.3,142329.232
5014,701.4,119000.0
5015,701.5,99210.0
5016,701.6,82530.0
5017,701.7,68594.86
5018,701.8,57080.0
5019,701.9,47670.0
5020,702.0,40070.0
5021,702.1,34025.142
5022,702.2,29320.0
5023,702.3,25750.0
5024,702.4,23130.0
5025,702.5,21313.18
5026,702.6,20170.0
5027,702.7,19580.0
5028,702.8,19450.0
5029,702.9,19695.407
5030,703.0,20240.0
5031,703.1,21020.0
5032,703.2,22000.0
5033,703.3,23113.236
5034,703.4,24320.0
5035,703.5,25590.0
5036,703.6,26890.0
5037,703.7,28185.683
5038,703.8,29450.0
5039,703.9,30660.0
5040,704.0,31798.562
5041,704.1,32840.0
5042,704.2,33760.0
5043,704.3,34550.0
5044,704.4,35201.966
5045,704.5,35700.0
5046,704.6,36030.0
5047,704.7,36190.0
5048,704.8,36174.926
5049,704.9,35990.0
5050,705.0,35640.0
5051,705.1,35120.0
5052,705.2,34439.812
5053,705.3,33610.0
5054,705.4,32640.0
5055,705.5,31540.0
5056,705.6,30325.981
5057,705.7,29020.0
5058,705.8,27640.0
5059,705.9,26190.0
5060,706.0,24694.512
5061,706.1,23170.0
5062,706.2,21630.0
5063,706.3,20091.345
5064,706.4,18570.0
5065,706.5,17080.0
5066,706.6,15630.0
5067,706.7,14229.586
5068,706.8,12890.0
5069,706.9,11620.0
5070,707.0,10420.0
5071,707.1,9296.806
5072,707.2,8253.0
5073,707.3,7289.0
5074,707.4,6404.0
5075,707.5,5597.904
5076,707.6,4868.0
5077,707.7,4211.0
5078,707.8,3624.0
5079,707.9,3102.781
5080,708.0,2643.0
5081,708.1,2240.0
5082,708.2,1888.0
5083,708.3,1582.558
5084,708.4,1320.0
5085,708.5,1096.0
5086,708.6,904.4
5087,708.7,742.419
5088,708.8,606.5
5089,708.9,492.8
5090,709.0,398.276
5091,709.1,320.2
5092,709.2,256.0
5093,709.3,203.6
5094,709.4,161.077
5095,709.5,126.8
5096,709.6,99.28
5097,709.7,77.31
5098,709.8,59.889
5099,709.9,46.18
5100,710.0,35.43
5101,710.1,27.07
5102,710.2,20.611
5103,710.3,15.68
5104,710.4,11.95
5105,710.5,9.173
5106,710.6,7.161
5107,710.7,5.779
5108,710.8,4.912
5109,710.9,4.495
5110,711.0,4.488
5111,711.1,4.887
5112,711.2,5.706
5113,711.3,6.99
5114,711.4,8.818
5115,711.5,11.29
5116,711.6,14.55
5117,711.7,18.77
5118,711.8,24.18
5119,711.9,31.04
5120,712.0,39.68
5121,712.1,50.493
5122,712.2,63.95
5123,712.3,80.57
5124,712.4,101.0
5125,712.5,125.944
5126,712.6,156.3
5127,712.7,193.0
5128,712.8,237.0
5129,712.9,289.612
5130,713.0,352.1
5131,713.1,425.8
5132,713.2,512.4
5133,713.3,613.475
5134,713.4,730.8
5135,713.5,866.1
5136,713.6,1021.0
5137,713.7,1198.122
5138,713.8,1399.0
5139,713.9,1625.0
5140,714.0,1878.123
5141,714.1,2160.0
5142,714.2,2472.0
5143,714.3,2815.0
5144,714.4,3189.719
5145,714.5,3597.0
5146,714.6,4037.0
5147,714.7,4508.0
5148,714.8,5010.777
5149,714.9,5544.0
5150,715.0,6105.0
5151,715.1,6690.0
5152,715.2,7298.227
5153,715.3,7926.0
5154,715.4,8569.0
5155,715.5,9223.0
5156,715.6,9880.425
5157,715.7,10540.0
5158,715.8,11200.0
5159,715.9,11850.0
5160,716.0,12482.611
5161,716.1,13100.0
5162,716.2,13700.0
5163,716.3,14262.076
5164,716.4,14790.0
5165,716.5,15290.0
5166,716.6,15750.0
5167,716.7,16163.9
5168,716.8,16530.0
5169,716.9,16850.0
5170,717.0,17130.0
5171,717.1,17355.445
5172,717.2,17530.0
5173,717.3,17660.0
5174,717.4,17740.0
5175,717.5,17772.77
5176,717.6,17760.0
5177,717.7,17700.0
5178,717.8,17590.0
5179,717.9,17447.619
5180,718.0,17260.0
5181,718.1,17020.0
5182,718.2,16760.0
5183,718.3,16454.074
5184,718.4,16110.0
5185,718.5,15740.0
5186,718.6,15330.0
5187,718.7,14896.069
5188,718.8,14440.0
5189,718.9,13960.0
5190,719.0,13463.256
5191,719.1,12950.0
5192,719.2,12420.0
5193,719.3,11880.0
5194,719.4,11335.029
5195,719.5,10790.0
5196,719.6,10250.0
5197,719.7,9719.0
5198,719.8,9198.295
5199,719.9,8693.0
5200,720.0,8209.0
5201,720.1,7750.0
5202,720.2,7317.968
5203,720.3,6917.0
5204,720.4,6551.0
5205,720.5,6221.0
5206,720.6,5928.822
5207,720.7,5675.0
5208,720.8,5460.0
5209,720.9,5285.0
5210,721.0,5148.377
5211,721.1,5048.0
5212,721.2,4982.0
5213,721.3,4948.653
5214,721.4,4944.0
5215,721.5,4964.0
5216,721.6,5006.0
5217,721.7,5065.208
5218,721.8,5137.0
5219,721.9,5217.0
5220,722.0,5301.0
5221,722.1,5384.883
5222,722.2,5464.0
5223,722.3,5534.0
5224,722.4,5592.0
5225,722.5,5634.57
5226,722.6,5659.0
5227,722.7,5663.0
5228,722.8,5645.0
5229,722.9,5603.927
5230,723.0,5539.0
5231,723.1,5450.0
5232,723.2,5338.0
5233,723.3,5202.525
5234,723.4,5046.0
5235,723.5,4871.0
5236,723.6,4678.0
5237,723.7,4470.137
5238,723.8,4250.0
5239,723.9,4020.0
5240,724.0,3783.162
5241,724.1,3542.0
5242,724.2,3299.0
5243,724.3,3057.0
5244,724.4,2818.022
5245,724.5,2584.0
5246,724.6,2357.0
5247,724.7,2139.0
5248,724.8,1930.714
5249,724.9,1734.0
5250,725.0,1550.0
5251,725.1,1377.0
5252,725.2,1217.429
5253,725.3,1071.0
5254,725.4,936.8
5255,725.5,815.3
5256,725.6,705.88
5257,725.7,607.9
5258,725.8,520.8
5259,725.9,443.9
5260,726.0,376.351
5261,726.1,317.4
5262,726.2,266.3
5263,726.3,222.235
5264,726.4,184.5
5265,726.5,152.4
5266,726.6,125.2
5267,726.7,102.316
5268,726.8,83.19
5269,726.9,67.28
5270,727.0,54.13
5271,727.1,43.323
5272,727.2,34.5
5273,727.3,27.33
5274,727.4,21.54
5275,727.5,16.897
5276,727.6,13.2
5277,727.7,10.27
5278,727.8,7.984
5279,727.9,6.213
5280,728.0,4.871
5281,728.1,3.888
5282,728.2,3.215
5283,728.3,2.822
5284,728.4,2.704
5285,728.5,2.871
5286,728.6,3.366
5287,728.7,4.257
5288,728.8,5.667
5289,728.9,7.748
5290,729.0,10.725
5291,729.1,14.94
5292,729.2,20.8
5293,729.3,28.89
5294,729.4,39.956
5295,729.5,55.07
5296,729.6,75.52
5297,729.7,103.1
5298,729.8,139.884
5299,729.9,189.0
5300,730.0,254.1
5301,730.1,339.9
5302,730.2,452.147
5303,730.3,598.8
5304,730.4,788.9
5305,730.5,1034.0
5306,730.6,1348.368
5307,730.7,1750.0
5308,730.8,2259.0
5309,730.9,2901.0
5310,731.0,3706.648
5311,731.1,4714.0
5312,731.2,5964.0
5313,731.3,7505.563
5314,731.4,9402.0
5315,731.5,11720.0
5316,731.6,14530.0
5317,731.7,17919.273
5318,731.8,21990.0
5319,731.9,26850.0
5320,732.0,32620.0
5321,732.1,39432.624
5322,732.2,47430.0
5323,732.3,56760.0
5324,732.4,67580.0
5325,732.5,80043.539
5326,732.6,94360.0
5327,732.7,110700.0
5328,732.8,129100.0
5329,732.9,149833.347
5330,733.0,173100.0
5331,733.1,199000.0
5332,733.2,227500.0
5333,733.3,258847.326
5334,733.4,293000.0
5335,733.5,329900.0
5336,733.6,369700.0
5337,733.7,412184.236
5338,733.8,457200.0
5339,733.9,504600.0
5340,734.0,554088.585
5341,734.1,605400.0
5342,734.2,658200.0
5343,734.3,711900.0
5344,734.4,766133.283
5345,734.5,820400.0
5346,734.6,874100.0
5347,734.7,926600.0
5348,734.8,977581.014
5349,734.9,1026000.0
5350,735.0,1071000.0
5351,735.1,1113000.0
5352,735.2,1151405.38
5353,735.3,1185000.0
5354,735.4,1213000.0
5355,735.5,1236000.0
5356,735.6,1253106.963
5357,735.7,1265000.0
5358,735.8,1272000.0
5359,735.9,1272000.0
5360,736.0,1266390.794
5361,736.1,1256000.0
5362,736.2,1241000.0
5363,736.3,1221059.452
5364,736.4,1197000.0
5365,736.5,1170000.0
5366,736.6,1141000.0
5367,736.7,1110039.707
5368,736.8,1078000.0
5369,736.9,1046000.0
5370,737.0,1015000.0
5371,737.1,985937.549
5372,737.2,959400.0
5373,737.3,936000.0
5374,737.4,916700.0
5375,737.5,902094.977
5376,737.6,892800.0
5377,737.7,889400.0
5378,737.8,892200.0
5379,737.9,901391.285
5380,738.0,917100.0
5381,738.1,939400.0
5382,738.2,968200.0
5383,738.3,1003248.016
5384,738.4,1044000.0
5385,738.5,1090000.0
5386,738.6,1141000.0
5387,738.7,1195536.282
5388,738.8,1253000.0
5389,738.9,1313000.0
5390,739.0,1374573.647
5391,739.1,1436000.0
5392,739.2,1496000.0
5393,739.3,1555000.0
5394,739.4,1611293.844
5395,739.5,1663000.0
5396,739.6,1709000.0
5397,739.7,1750000.0
5398,739.8,1784758.401
5399,739.9,1812000.0
5400,740.0,1831000.0
5401,740.1,1842000.0
5402,740.2,1843843.917
5403,740.3,1837000.0
5404,740.4,1822000.0
5405,740.5,1798000.0
5406,740.6,1765794.39
5407,740.7,1726000.0
5408,740.8,1679000.0
5409,740.9,1625000.0
5410,741.0,1564456.474
5411,741.1,1499000.0
5412,741.2,1430000.0
5413,741.3,1357055.213
5414,741.4,1281000.0
5415,741.5,1203000.0
5416,741.6,1124000.0
5417,741.7,1045472.157
5418,741.8,967800.0
5419,741.9,891200.0
5420,742.0,816500.0
5421,742.1,744409.7
5422,742.2,675300.0
5423,742.3,609500.0
5424,742.4,547400.0
5425,742.5,489190.261
5426,742.6,435000.0
5427,742.7,384900.0
5428,742.8,338800.0
5429,742.9,296767.651
5430,743.0,258700.0
5431,743.1,224400.0
5432,743.2,193600.0
5433,743.3,166210.995
5434,743.4,142000.0
5435,743.5,120700.0
5436,743.6,102100.0
5437,743.7,85942.154
5438,743.8,71980.0
5439,743.9,59980.0
5440,744.0,49731.185
5441,744.1,41030.0
5442,744.2,33680.0
5443,744.3,27510.0
5444,744.4,22356.545
5445,744.5,18080.0
5446,744.6,14550.0
5447,744.7,11650.0
5448,744.8,9278.474
5449,744.9,7354.0
5450,745.0,5801.0
5451,745.1,4552.0
5452,745.2,3553.962
5453,745.3,2762.0
5454,745.4,2135.0
5455,745.5,1642.0
5456,745.6,1256.641
5457,745.7,957.5
5458,745.8,725.6
5459,745.9,547.1
5460,746.0,410.319
5461,746.1,306.4
5462,746.2,227.6
5463,746.3,168.132
5464,746.4,123.7
5465,746.5,90.53
5466,746.6,65.92
5467,746.7,47.729
5468,746.8,34.42
5469,746.9,24.69
5470,747.0,17.62
5471,747.1,12.504
5472,747.2,8.843
5473,747.3,6.217
5474,747.4,4.349
5475,747.5,3.025
5476,747.6,2.097
5477,747.7,1.445
5478,747.8,0.991
5479,747.9,0.675
5480,748.0,0.459
5481,748.1,0.31
5482,748.2,0.208
5483,748.3,0.139
5484,748.4,0.093
5485,748.5,0.061
5486,748.6,0.04
5487,748.7,0.026
5488,748.8,0.017
5489,748.9,0.011
5490,749.0,0.007
5491,749.1,0.005
5492,749.2,0.003
5493,749.3,0.002
5494,749.4,0.001
5495,749.5,0.001
5496,749.6,0.0
5497,749.7,0.0
5498,749.8,0.0
5499,749.9,0.0
5500,750.0,0.0
5501,750.1,0.0
5502,750.2,0.0
5503,750.3,0.0
5504,750.4,0.0
5505,750.5,0.0
5506,750.6,0.0
5507,750.7,0.0
5508,750.8,0.0
5509,750.9,0.0
5510,751.0,0.0
5511,751.1,0.0
5512,751.2,0.0
5513,751.3,0.0
5514,751.4,0.0
5515,751.5,0.0
5516,751.6,0.0
5517,751.7,0.0
5518,751.8,0.0
5519,751.9,0.0
5520,752.0,0.0
5521,752.1,0.0
5522,752.2,0.0
5523,752.3,0.0
5524,752.4,0.0
5525,752.5,0.0
5526,752.6,0.0
5527,752.7,0.0
5528,752.8,0.0
5529,752.9,0.0
5530,753.0,0.0
5531,753.1,0.0
5532,753.2,0.0
5533,753.3,0.0
5534,753.4,0.0
5535,753.5,0.0
5536,753.6,0.0
5537,753.7,0.0
5538,753.8,0.0
5539,753.9,0.0
5540,754.0,0.0
5541,754.1,0.0
5542,754.2,0.0
5543,754.3,0.0
5544,754.4,0.0
5545,754.5,0.0
5546,754.6,0.0
5547,754.7,0.0
5548,754.8,0.0
5549,754.9,0.0
5550,755.0,0.0
5551,755.1,0.0
5552,755.2,0.0
5553,755.3,0.0
5554,755.4,0.0
5555,755.5,0.0
5556,755.6,0.0
5557,755.7,0.0
5558,755.8,0.0
5559,755.9,0.0
5560,756.0,0.0
5561,756.1,0.0
5562,756.2,0.0
5563,756.3,0.0
5564,756.4,0.0
5565,756.5,0.0
5566,756.6,0.0
5567,756.7,0.0
5568,756.8,0.0
5569,756.9,0.0
5570,757.0,0.0
5571,757.1,0.0
5572,757.2,0.0
5573,757.3,0.0
5574,757.4,0.0
5575,757.5,0.0
5576,757.6,0.0
5577,757.7,0.0
5578,757.8,0.0
5579,757.9,0.0
5580,758.0,0.0
5581,758.1,0.0
5582,758.2,0.0
5583,758.3,0.0
5584,758.4,0.0
5585,758.5,0.0
5586,758.6,0.0
5587,758.7,0.0
5588,758.8,0.0
5589,758.9,0.0
5590,759.0,0.0
5591,759.1,0.0
5592,759.2,0.0
5593,759.3,0.0
5594,759.4,0.0
5595,759.5,0.0
5596,759.6,0.0
5597,759.7,0.0
5598,759.8,0.0
5599,759.9,0.0
5600,760.0,0.0
5601,760.1,0.0
5602,760.2,0.0
5603,760.3,0.0
5604,760.4,0.0
5605,760.5,0.0
5606,760.6,0.0
5607,760.7,0.0
5608,760.8,0.0
5609,760.9,0.0
5610,761.0,0.0
5611,761.1,0.0
5612,761.2,0.0
5613,761.3,0.0
5614,761.4,0.0
5615,761.5,0.0
5616,761.6,0.0
5617,761.7,0.0
5618,761.8,0.0
5619,761.9,0.0
5620,762.0,0.0
5621,762.1,0.0
5622,762.2,0.0
5623,762.3,0.0
5624,762.4,0.0
5625,762.5,0.0
5626,762.6,0.0
5627,762.7,0.0
5628,762.8,0.0
5629,762.9,0.0
5630,763.0,0.0
5631,763.1,0.0
5632,763.2,0.0
5633,763.3,0.0
5634,763.4,0.0
5635,763.5,0.0
5636,763.6,0.0
5637,763.7,0.0
5638,763.8,0.0
5639,763.9,0.0
5640,764.0,0.0
5641,764.1,0.0
5642,764.2,0.0
5643,764.3,0.0
5644,764.4,0.0
5645,764.5,0.0
5646,764.6,0.0
5647,764.7,0.0
5648,764.8,0.0
5649,764.9,0.0
5650,765.0,0.0
5651,765.1,0.0
5652,765.2,0.0
5653,765.3,0.0
5654,765.4,0.0
5655,765.5,0.0
5656,765.6,0.0
5657,765.7,0.0
5658,765.8,0.0
5659,765.9,0.0
5660,766.0,0.0
5661,766.1,0.0
5662,766.2,0.0
5663,766.3,0.0
5664,766.4,0.0
5665,766.5,0.0
5666,766.6,0.0
5667,766.7,0.0
5668,766.8,0.0
5669,766.9,0.0
5670,767.0,0.0
5671,767.1,0.0
5672,767.2,0.0
5673,767.3,0.0
5674,767.4,0.0
5675,767.5,0.0
5676,767.6,0.0
5677,767.7,0.0
5678,767.8,0.0
5679,767.9,0.0
5680,768.0,0.0
5681,768.1,0.0
5682,768.2,0.0
5683,768.3,0.0
5684,768.4,0.0
5685,768.5,0.0
5686,768.6,0.0
5687,768.7,0.0
5688,768.8,0.0
5689,768.9,0.0
5690,769.0,0.0
5691,769.1,0.0
5692,769.2,0.0
5693,769.3,0.0
5694,769.4,0.0
5695,769.5,0.0
5696,769.6,0.0
5697,769.7,0.0
5698,769.8,0.0
5699,769.9,0.0
5700,770.0,0.0
5701,770.1,0.0
5702,770.2,0.0
5703,770.3,0.0
5704,770.4,0.0
5705,770.5,0.0
5706,770.6,0.0
5707,770.7,0.0
5708,770.8,0.0
5709,770.9,0.0
5710,771.0,0.0
5711,771.1,0.0
5712,771.2,0.0
5713,771.3,0.0
5714,771.4,0.0
5715,771.5,0.0
5716,771.6,0.0
5717,771.7,0.0
5718,771.8,0.0
5719,771.9,0.0
5720,772.0,0.0
5721,772.1,0.0
5722,772.2,0.0
5723,772.3,0.0
5724,772.4,0.0
5725,772.5,0.0
5726,772.6,0.0
5727,772.7,0.0
5728,772.8,0.0
5729,772.9,0.0
5730,773.0,0.0
5731,773.1,0.0
5732,773.2,0.0
5733,773.3,0.0
5734,773.4,0.0
5735,773.5,0.0
5736,773.6,0.0
5737,773.7,0.0
5738,773.8,0.0
5739,773.9,0.0
5740,774.0,0.0
5741,774.1,0.0
5742,774.2,0.0
5743,774.3,0.0
5744,774.4,0.0
5745,774.5,0.0
5746,774.6,0.0
5747,774.7,0.0
5748,774.8,0.0
5749,774.9,0.0
5750,775.0,0.0
5751,775.1,0.0
5752,775.2,0.0
5753,775.3,0.0
5754,775.4,0.0
5755,775.5,0.0
5756,775.6,0.0
5757,775.7,0.0
5758,775.8,0.0
5759,775.9,0.0
5760,776.0,0.0
5761,776.1,0.0
5762,776.2,0.0
5763,776.3,0.0
5764,776.4,0.0
5765,776.5,0.0
5766,776.6,0.0
5767,776.7,0.0
5768,776.8,0.0
5769,776.9,0.0
5770,777.0,0.0
5771,777.1,0.0
5772,777.2,0.0
5773,777.3,0.0
5774,777.4,0.0
5775,777.5,0.0
5776,777.6,0.0
5777,777.7,0.0
5778,777.8,0.0
5779,777.9,0.0
5780,778.0,0.0
5781,778.1,0.0
5782,778.2,0.0
5783,778.3,0.0
5784,778.4,0.0
5785,778.5,0.0
5786,778.6,0.0
5787,778.7,0.0
5788,778.8,0.0
5789,778.9,0.0
5790,779.0,0.0
5791,779.1,0.0
5792,779.2,0.0
5793,779.3,0.0
5794,779.4,0.0
5795,779.5,0.0
5796,779.6,0.0
5797,779.7,0.0
5798,779.8,0.0
5799,779.9,0.0
5800,780.0,0.0
5801,780.1,0.0
5802,780.2,0.0
5803,780.3,0.0
5804,780.4,0.0
5805,780.5,0.0
5806,780.6,0.0
5807,780.7,0.0
5808,780.8,0.0
5809,780.9,0.0
5810,781.0,0.0
5811,781.1,0.0
5812,781.2,0.0
5813,781.3,0.0
5814,781.4,0.0
5815,781.5,0.0
5816,781.6,0.0
5817,781.7,0.0
5818,781.8,0.0
5819,781.9,0.0
5820,782.0,0.0
5821,782.1,0.0
5822,782.2,0.0
5823,782.3,0.0
5824,782.4,0.0
5825,782.5,0.0
5826,782.6,0.0
5827,782.7,0.0
5828,782.8,0.0
5829,782.9,0.0
5830,783.0,0.0
5831,783.1,0.0
5832,783.2,0.0
5833,783.3,0.0
5834,783.4,0.0
5835,783.5,0.0
5836,783.6,0.0
5837,783.7,0.0
5838,783.8,0.0
5839,783.9,0.0
5840,784.0,0.0
5841,784.1,0.0
5842,784.2,0.0
5843,784.3,0.0
5844,784.4,0.0
5845,784.5,0.0
5846,784.6,0.0
5847,784.7,0.0
5848,784.8,0.0
5849,784.9,0.0
5850,785.0,0.0
5851,785.1,0.0
5852,785.2,0.0
5853,785.3,0.0
5854,785.4,0.0
5855,785.5,0.0
5856,785.6,0.0
5857,785.7,0.0
5858,785.8,0.0
5859,785.9,0.0
5860,786.0,0.0
5861,786.1,0.0
5862,786.2,0.0
5863,786.3,0.0
5864,786.4,0.0
5865,786.5,0.0
5866,786.6,0.0
5867,786.7,0.0
5868,786.8,0.0
5869,786.9,0.0
5870,787.0,0.0
5871,787.1,0.001
5872,787.2,0.001
5873,787.3,0.001
5874,787.4,0.002
5875,787.5,0.003
5876,787.6,0.005
5877,787.7,0.007
5878,787.8,0.009
5879,787.9,0.013
5880,788.0,0.019
5881,788.1,0.026
5882,788.2,0.037
5883,788.3,0.052
5884,788.4,0.072
5885,788.5,0.1
5886,788.6,0.138
5887,788.7,0.189
5888,788.8,0.259
5889,788.9,0.353
5890,789.0,0.478
5891,789.1,0.646
5892,789.2,0.869
5893,789.3,1.163
5894,789.4,1.55
5895,789.5,2.057
5896,789.6,2.718
5897,789.7,3.576
5898,789.8,4.683
5899,789.9,6.11
5900,790.0,7.936
5901,790.1,10.26
5902,790.2,13.211
5903,790.3,16.94
5904,790.4,21.62
5905,790.5,27.49
5906,790.6,34.785
5907,790.7,43.83
5908,790.8,54.99
5909,790.9,68.69
5910,791.0,85.419
5911,791.1,105.8
5912,791.2,130.5
5913,791.3,160.254
5914,791.4,195.9
5915,791.5,238.4
5916,791.6,289.0
5917,791.7,348.738
5918,791.8,419.0
5919,791.9,501.3
5920,792.0,597.2
5921,792.1,708.316
5922,792.2,836.5
5923,792.3,983.7
5924,792.4,1152.0
5925,792.5,1343.311
5926,792.6,1559.0
5927,792.7,1801.0
5928,792.8,2073.0
5929,792.9,2375.624
5930,793.0,2710.0
5931,793.1,3078.0
5932,793.2,3482.0
5933,793.3,3921.523
5934,793.4,4397.0
5935,793.5,4909.0
5936,793.6,5457.0
5937,793.7,6040.545
5938,793.8,6658.0
5939,793.9,7307.0
5940,794.0,7984.055
5941,794.1,8687.0
5942,794.2,9412.0
5943,794.3,10150.0
5944,794.4,10900.755
5945,794.5,11660.0
5946,794.6,12420.0
5947,794.7,13170.0
5948,794.8,13909.429
5949,794.9,14630.0
5950,795.0,15320.0
5951,795.1,15970.0
5952,795.2,16583.594
5953,795.3,17150.0
5954,795.4,17660.0
5955,795.5,18120.0
5956,795.6,18512.093
5957,795.7,18840.0
5958,795.8,19110.0
5959,795.9,19310.0
5960,796.0,19436.244
5961,796.1,19500.0
5962,796.2,19510.0
5963,796.3,19457.707
5964,796.4,19350.0
5965,796.5,19200.0
5966,796.6,19020.0
5967,796.7,18808.997
5968,796.8,18580.0
5969,796.9,18350.0
5970,797.0,18130.0
5971,797.1,17922.973
5972,797.2,17750.0
5973,797.3,17630.0
5974,797.4,17560.0
5975,797.5,17559.808
5976,797.6,17650.0
5977,797.7,17840.0
5978,797.8,18120.0
5979,797.9,18528.138
5980,798.0,19060.0
5981,798.1,19710.0
5982,798.2,20510.0
5983,798.3,21443.164
5984,798.4,22520.0
5985,798.5,23750.0
5986,798.6,25110.0
5987,798.7,26620.856
5988,798.8,28270.0
5989,798.9,30040.0
5990,799.0,31937.723
5991,799.1,33950.0
5992,799.2,36060.0
5993,799.3,38260.0
5994,799.4,40532.6
5995,799.5,42870.0
5996,799.6,45260.0
5997,799.7,47670.0
5998,799.8,50096.485
5999,799.9,52520.0
6000,800.0,54920.0
6001,800.1,57290.0
6002,800.2,59600.031
6003,800.3,61830.0
6004,800.4,63970.0
6005,800.5,66020.0
6006,800.6,67945.446
6007,800.7,69740.0
6008,800.8,71400.0
6009,800.9,72900.0
6010,801.0,74236.606
6011,801.1,75400.0
6012,801.2,76380.0
6013,801.3,77177.761
6014,801.4,77790.0
6015,801.5,78210.0
6016,801.6,78430.0
6017,801.7,78455.866
6018,801.8,78280.0
6019,801.9,77900.0
6020,802.0,77340.0
6021,802.1,76589.528
6022,802.2,75650.0
6023,802.3,74530.0
6024,802.4,73240.0
6025,802.5,71783.985
6026,802.6,70170.0
6027,802.7,68410.0
6028,802.8,66520.0
6029,802.9,64501.852
6030,803.0,62370.0
6031,803.1,60140.0
6032,803.2,57820.0
6033,803.3,55433.597
6034,803.4,52990.0
6035,803.5,50500.0
6036,803.6,47990.0
6037,803.7,45457.006
6038,803.8,42920.0
6039,803.9,40400.0
6040,804.0,37899.458
6041,804.1,35440.0
6042,804.2,33040.0
6043,804.3,30690.0
6044,804.4,28409.037
6045,804.5,26210.0
6046,804.6,24100.0
6047,804.7,22080.0
6048,804.8,20152.651
6049,804.9,18330.0
6050,805.0,16620.0
6051,805.1,15010.0
6052,805.2,13500.979
6053,805.3,12100.0
6054,805.4,10810.0
6055,805.5,9620.0
6056,805.6,8528.452
6057,805.7,7533.0
6058,805.8,6630.0
6059,805.9,5815.0
6060,806.0,5082.694
6061,806.1,4428.0
6062,806.2,3846.0
6063,806.3,3332.077
6064,806.4,2882.0
6065,806.5,2491.0
6066,806.6,2153.0
6067,806.7,1865.329
6068,806.8,1624.0
6069,806.9,1425.0
6070,807.0,1266.0
6071,807.1,1143.355
6072,807.2,1056.0
6073,807.3,1003.0
6074,807.4,981.6
6075,807.5,991.862
6076,807.6,1034.0
6077,807.7,1108.0
6078,807.8,1214.0
6079,807.9,1353.341
6080,808.0,1528.0
6081,808.1,1740.0
6082,808.2,1991.0
6083,808.3,2282.439
6084,808.4,2618.0
6085,808.5,3001.0
6086,808.6,3432.0
6087,808.7,3914.703
6088,808.8,4452.0
6089,808.9,5046.0
6090,809.0,5697.82
6091,809.1,6409.0
6092,809.2,7181.0
6093,809.3,8014.0
6094,809.4,8907.13
6095,809.5,9860.0
6096,809.6,10870.0
6097,809.7,11930.0
6098,809.8,13046.02
6099,809.9,14210.0
6100,810.0,15410.0
6101,810.1,16640.0
6102,810.2,17899.188
6103,810.3,19170.0
6104,810.4,20440.0
6105,810.5,21720.0
6106,810.6,22976.087
6107,810.7,24200.0
6108,810.8,25390.0
6109,810.9,26530.0
6110,811.0,27606.517
6111,811.1,28610.0
6112,811.2,29530.0
6113,811.3,30352.275
6114,811.4,31070.0
6115,811.5,31680.0
6116,811.6,32180.0
6117,811.7,32554.393
6118,811.8,32800.0
6119,811.9,32920.0
6120,812.0,32920.0
6121,812.1,32790.415
6122,812.2,32540.0
6123,812.3,32180.0
6124,812.4,31710.0
6125,812.5,31137.766
6126,812.6,30480.0
6127,812.7,29750.0
6128,812.8,28950.0
6129,812.9,28105.411
6130,813.0,27220.0
6131,813.1,26300.0
6132,813.2,25380.0
6133,813.3,24462.146
6134,813.4,23560.0
6135,813.5,22690.0
6136,813.6,21860.0
6137,813.7,21085.135
6138,813.8,20370.0
6139,813.9,19720.0
6140,814.0,19153.981
6141,814.1,18680.0
6142,814.2,18300.0
6143,814.3,18010.0
6144,814.4,17817.03
6145,814.5,17730.0
6146,814.6,17750.0
6147,814.7,17860.0
6148,814.8,18074.546
6149,814.9,18390.0
6150,815.0,18800.0
6151,815.1,19310.0
6152,815.2,19908.036
6153,815.3,20600.0
6154,815.4,21390.0
6155,815.5,22260.0
6156,815.6,23219.349
6157,815.7,24270.0
6158,815.8,25410.0
6159,815.9,26640.0
6160,816.0,27963.47
6161,816.1,29380.0
6162,816.2,30890.0
6163,816.3,32501.152
6164,816.4,34220.0
6165,816.5,36050.0
6166,816.6,37990.0
6167,816.7,40050.612
6168,816.8,42230.0
6169,816.9,44530.0
6170,817.0,46970.0
6171,817.1,49529.61
6172,817.2,52210.0
6173,817.3,55020.0
6174,817.4,57960.0
6175,817.5,61016.994
6176,817.6,64180.0
6177,817.7,67440.0
6178,817.8,70790.0
6179,817.9,74219.711
6180,818.0,77710.0
6181,818.1,81240.0
6182,818.2,84790.0
6183,818.3,88338.541
6184,818.4,91860.0
6185,818.5,95330.0
6186,818.6,98730.0
6187,818.7,102031.171
6188,818.8,105200.0
6189,818.9,108200.0
6190,819.0,110996.441
6191,819.1,113600.0
6192,819.2,116000.0
6193,819.3,118100.0
6194,819.4,119924.362
6195,819.5,121400.0
6196,819.6,122500.0
6197,819.7,123400.0
6198,819.8,123915.581
6199,819.9,124000.0
6200,820.0,123700.0
6201,820.1,123100.0
6202,820.2,122084.424
6203,820.3,120700.0
6204,820.4,119000.0
6205,820.5,116900.0
6206,820.6,114500.339
6207,820.7,111800.0
6208,820.8,108800.0
6209,820.9,105600.0
6210,821.0,102087.187
6211,821.1,98330.0
6212,821.2,94430.0
6213,821.3,90377.08
6214,821.4,86200.0
6215,821.5,81940.0
6216,821.6,77620.0
6217,821.7,73269.422
6218,821.8,68920.0
6219,821.9,64600.0
6220,822.0,60330.0
6221,822.1,56145.173
6222,822.2,52070.0
6223,822.3,48120.0
6224,822.4,44300.0
6225,822.5,40639.287
6226,822.6,37150.0
6227,822.7,33840.0
6228,822.8,30720.0
6229,822.9,27783.707
6230,823.0,25040.0
6231,823.1,22500.0
6232,823.2,20160.0
6233,823.3,18006.936
6234,823.4,16040.0
6235,823.5,14260.0
6236,823.6,12660.0
6237,823.7,11233.115
6238,823.8,9973.0
6239,823.9,8873.0
6240,824.0,7925.533
6241,824.1,7124.0
6242,824.2,6462.0
6243,824.3,5933.0
6244,824.4,5531.867
6245,824.5,5254.0
6246,824.6,5095.0
6247,824.7,5051.0
6248,824.8,5118.457
6249,824.9,5296.0
6250,825.0,5582.0
6251,825.1,5973.0
6252,825.2,6469.888
6253,825.3,7072.0
6254,825.4,7778.0
6255,825.5,8588.0
6256,825.6,9504.181
6257,825.7,10520.0
6258,825.8,11630.0
6259,825.9,12840.0
6260,826.0,14148.004
6261,826.1,15550.0
6262,826.2,17040.0
6263,826.3,18605.391
6264,826.4,20240.0
6265,826.5,21940.0
6266,826.6,23700.0
6267,826.7,25505.578
6268,826.8,27340.0
6269,826.9,29190.0
6270,827.0,31050.0
6271,827.1,32896.109
6272,827.2,34710.0
6273,827.3,36480.0
6274,827.4,38200.0
6275,827.5,39836.35
6276,827.6,41370.0
6277,827.7,42790.0
6278,827.8,44090.0
6279,827.9,45251.826
6280,828.0,46260.0
6281,828.1,47100.0
6282,828.2,47760.0
6283,828.3,48243.997
6284,828.4,48540.0
6285,828.5,48640.0
6286,828.6,48560.0
6287,828.7,48281.371
6288,828.8,47810.0
6289,828.9,47160.0
6290,829.0,46340.584
6291,829.1,45360.0
6292,829.2,44230.0
6293,829.3,42970.0
6294,829.4,41583.781
6295,829.5,40090.0
6296,829.6,38510.0
6297,829.7,36860.0
6298,829.8,35167.614
6299,829.9,33440.0
6300,830.0,31690.0
6301,830.1,29960.0
6302,830.2,28242.089
6303,830.3,26560.0
6304,830.4,24940.0
6305,830.5,23380.0
6306,830.6,21907.464
6307,830.7,20530.0
6308,830.8,19250.0
6309,830.9,18080.0
6310,831.0,17031.25
6311,831.1,16110.0
6312,831.2,15320.0
6313,831.3,14661.22
6314,831.4,14140.0
6315,831.5,13760.0
6316,831.6,13510.0
6317,831.7,13388.905
6318,831.8,13400.0
6319,831.9,13540.0
6320,832.0,13790.0
6321,832.1,14161.048
6322,832.2,14640.0
6323,832.3,15210.0
6324,832.4,15870.0
6325,832.5,16606.585
6326,832.6,17410.0
6327,832.7,18270.0
6328,832.8,19170.0
6329,832.9,20104.528
6330,833.0,21060.0
6331,833.1,22020.0
6332,833.2,22970.0
6333,833.3,23899.523
6334,833.4,24800.0
6335,833.5,25660.0
6336,833.6,26460.0
6337,833.7,27193.126
6338,833.8,27850.0
6339,833.9,28420.0
6340,834.0,28895.027
6341,834.1,29270.0
6342,834.2,29540.0
6343,834.3,29700.0
6344,834.4,29749.362
6345,834.5,29680.0
6346,834.6,29490.0
6347,834.7,29200.0
6348,834.8,28799.499
6349,834.9,28290.0
6350,835.0,27680.0
6351,835.1,26980.0
6352,835.2,26193.449
6353,835.3,25330.0
6354,835.4,24400.0
6355,835.5,23410.0
6356,835.6,22372.959
6357,835.7,21300.0
6358,835.8,20200.0
6359,835.9,19080.0
6360,836.0,17954.94
6361,836.1,16830.0
6362,836.2,15710.0
6363,836.3,14608.345
6364,836.4,13530.0
6365,836.5,12480.0
6366,836.6,11470.0
6367,836.7,10497.88
6368,836.8,9569.0
6369,836.9,8690.0
6370,837.0,7861.0
6371,837.1,7083.116
6372,837.2,6357.0
6373,837.3,5683.0
6374,837.4,5061.0
6375,837.5,4489.165
6376,837.6,3966.0
6377,837.7,3490.0
6378,837.8,3059.0
6379,837.9,2671.069
6380,838.0,2323.0
6381,838.1,2012.0
6382,838.2,1737.0
6383,838.3,1493.074
6384,838.4,1278.0
6385,838.5,1090.0
6386,838.6,925.6
6387,838.7,783.021
6388,838.8,660.0
6389,838.9,554.1
6390,839.0,463.333
6391,839.1,385.9
6392,839.2,320.1
6393,839.3,264.5
6394,839.4,217.697
6395,839.5,178.5
6396,839.6,145.8
6397,839.7,118.6
6398,839.8,96.09
6399,839.9,77.56
6400,840.0,62.35
6401,840.1,49.93
6402,840.2,39.822
6403,840.3,31.64
6404,840.4,25.04
6405,840.5,19.74
6406,840.6,15.496
6407,840.7,12.12
6408,840.8,9.443
6409,840.9,7.328
6410,841.0,5.662
6411,841.1,4.36
6412,841.2,3.344
6413,841.3,2.553
6414,841.4,1.943
6415,841.5,1.473
6416,841.6,1.112
6417,841.7,0.836
6418,841.8,0.626
6419,841.9,0.467
6420,842.0,0.347
6421,842.1,0.257
6422,842.2,0.19
6423,842.3,0.139
6424,842.4,0.102
6425,842.5,0.074
6426,842.6,0.054
6427,842.7,0.039
6428,842.8,0.028
6429,842.9,0.02
6430,843.0,0.014
6431,843.1,0.01
6432,843.2,0.007
6433,843.3,0.005
6434,843.4,0.004
6435,843.5,0.003
6436,843.6,0.002
6437,843.7,0.001
6438,843.8,0.001
6439,843.9,0.001
6440,844.0,0.001
6441,844.1,0.001
6442,844.2,0.001
6443,844.3,0.001
6444,844.4,0.001
6445,844.5,0.002
6446,844.6,0.002
6447,844.7,0.003
6448,844.8,0.004
6449,844.9,0.006
6450,845.0,0.009
6451,845.1,0.012
6452,845.2,0.016
6453,845.3,0.023
6454,845.4,0.031
6455,845.5,0.042
6456,845.6,0.057
6457,845.7,0.077
6458,845.8,0.104
6459,845.9,0.14
6460,846.0,0.188
6461,846.1,0.25
6462,846.2,0.332
6463,846.3,0.439
6464,846.4,0.579
6465,846.5,0.761
6466,846.6,0.995
6467,846.7,1.297
6468,846.8,1.684
6469,846.9,2.178
6470,847.0,2.806
6471,847.1,3.602
6472,847.2,4.608
6473,847.3,5.872
6474,847.4,7.454
6475,847.5,9.427
6476,847.6,11.88
6477,847.7,14.91
6478,847.8,18.64
6479,847.9,23.222
6480,848.0,28.83
6481,848.1,35.65
6482,848.2,43.91
6483,848.3,53.88
6484,848.4,65.88
6485,848.5,80.25
6486,848.6,97.38
6487,848.7,117.737
6488,848.8,141.8
6489,848.9,170.1
6490,849.0,203.357
6491,849.1,242.2
6492,849.2,287.3
6493,849.3,339.6
6494,849.4,399.953
6495,849.5,469.2
6496,849.6,548.3
6497,849.7,638.5
6498,849.8,740.646
6499,849.9,855.9
6500,850.0,985.4
6501,850.1,1130.0
6502,850.2,1291.286
6503,850.3,1470.0
6504,850.4,1667.0
6505,850.5,1884.0
6506,850.6,2120.66
6507,850.7,2378.0
6508,850.8,2657.0
6509,850.9,2957.0
6510,851.0,3278.786
6511,851.1,3622.0
6512,851.2,3986.0
6513,851.3,4370.457
6514,851.4,4774.0
6515,851.5,5195.0
6516,851.6,5632.0
6517,851.7,6083.326
6518,851.8,6546.0
6519,851.9,7017.0
6520,852.0,7494.0
6521,852.1,7973.282
6522,852.2,8451.0
6523,852.3,8924.0
6524,852.4,9389.0
6525,852.5,9836.674
6526,852.6,10270.0
6527,852.7,10690.0
6528,852.8,11080.0
6529,852.9,11436.993
6530,853.0,11760.0
6531,853.1,12050.0
6532,853.2,12310.0
6533,853.3,12518.885
6534,853.4,12680.0
6535,853.5,12800.0
6536,853.6,12870.0
6537,853.7,12892.66
6538,853.8,12870.0
6539,853.9,12800.0
6540,854.0,12675.467
6541,854.1,12510.0
6542,854.2,12310.0
6543,854.3,12050.0
6544,854.4,11760.377
6545,854.5,11440.0
6546,854.6,11080.0
6547,854.7,10690.0
6548,854.8,10275.161
6549,854.9,9840.0
6550,855.0,9389.0
6551,855.1,8925.0
6552,855.2,8451.938
6553,855.3,7974.0
6554,855.4,7495.0
6555,855.5,7018.0
6556,855.6,6547.423
6557,855.7,6086.0
6558,855.8,5636.0
6559,855.9,5200.0
6560,856.0,4780.172
6561,856.1,4378.0
6562,856.2,3995.0
6563,856.3,3633.086
6564,856.4,3293.0
6565,856.5,2975.0
6566,856.6,2679.0
6567,856.7,2405.55
6568,856.8,2155.0
6569,856.9,1927.0
6570,857.0,1720.0
6571,857.1,1535.504
6572,857.2,1372.0
6573,857.3,1228.0
6574,857.4,1105.0
6575,857.5,1001.107
6576,857.6,916.0
6577,857.7,849.9
6578,857.8,802.4
6579,857.9,773.276
6580,858.0,762.7
6581,858.1,770.9
6582,858.2,798.1
6583,858.3,844.951
6584,858.4,912.3
6585,858.5,1001.0
6586,858.6,1112.0
6587,858.7,1246.807
6588,858.8,1407.0
6589,858.9,1594.0
6590,859.0,1809.076
6591,859.1,2055.0
6592,859.2,2334.0
6593,859.3,2646.0
6594,859.4,2995.093
6595,859.5,3383.0
6596,859.6,3811.0
6597,859.7,4282.0
6598,859.8,4797.504
6599,859.9,5359.0
6600,860.0,5968.0
6601,860.1,6626.0
6602,860.2,7335.319
6603,860.3,8096.0
6604,860.4,8908.0
6605,860.5,9773.0
6606,860.6,10690.749
6607,860.7,11660.0
6608,860.8,12680.0
6609,860.9,13750.0
6610,861.0,14864.249
6611,861.1,16030.0
6612,861.2,17250.0
6613,861.3,18502.124
6614,861.4,19790.0
6615,861.5,21120.0
6616,861.6,22480.0
6617,861.7,23868.47
6618,861.8,25280.0
6619,861.9,26710.0
6620,862.0,28160.0
6621,862.1,29616.603
6622,862.2,31080.0
6623,862.3,32550.0
6624,862.4,34010.0
6625,862.5,35454.828
6626,862.6,36880.0
6627,862.7,38280.0
6628,862.8,39650.0
6629,862.9,40987.135
6630,863.0,42280.0
6631,863.1,43520.0
6632,863.2,44710.0
6633,863.3,45827.612
6634,863.4,46870.0
6635,863.5,47840.0
6636,863.6,48730.0
6637,863.7,49520.099
6638,863.8,50210.0
6639,863.9,50800.0
6640,864.0,51273.933
6641,864.1,51630.0
6642,864.2,51870.0
6643,864.3,51990.0
6644,864.4,51982.867
6645,864.5,51840.0
6646,864.6,51560.0
6647,864.7,51160.0
6648,864.8,50626.019
6649,864.9,49960.0
6650,865.0,49170.0
6651,865.1,48260.0
6652,865.2,47230.548
6653,865.3,46090.0
6654,865.4,44850.0
6655,865.5,43520.0
6656,865.6,42093.463
6657,865.7,40590.0
6658,865.8,39030.0
6659,865.9,37410.0
6660,866.0,35741.095
6661,866.1,34040.0
6662,866.2,32320.0
6663,866.3,30584.575
6664,866.4,28850.0
6665,866.5,27130.0
6666,866.6,25420.0
6667,866.7,23738.455
6668,866.8,22100.0
6669,866.9,20510.0
6670,867.0,18960.0
6671,867.1,17472.564
6672,867.2,16050.0
6673,867.3,14690.0
6674,867.4,13400.0
6675,867.5,12179.103
6676,867.6,11030.0
6677,867.7,9956.0
6678,867.8,8956.0
6679,867.9,8028.104
6680,868.0,7171.0
6681,868.1,6383.0
6682,868.2,5661.0
6683,868.3,5003.361
6684,868.4,4407.0
6685,868.5,3868.0
6686,868.6,3382.0
6687,868.7,2946.944
6688,868.8,2559.0
6689,868.9,2214.0
6690,869.0,1908.841
6691,869.1,1640.0
6692,869.2,1404.0
6693,869.3,1198.0
6694,869.4,1018.541
6695,869.5,862.9
6696,869.6,728.6
6697,869.7,613.2
6698,869.8,514.501
6699,869.9,430.5
6700,870.0,359.3
6701,870.1,299.3
6702,870.2,249.046
6703,870.3,207.3
6704,870.4,172.9
6705,870.5,144.8
6706,870.6,122.145
6707,870.7,104.3
6708,870.8,90.67
6709,870.9,80.67
6710,871.0,73.926
6711,871.1,70.14
6712,871.2,69.04
6713,871.3,70.446
6714,871.4,74.26
6715,871.5,80.41
6716,871.6,88.88
6717,871.7,99.717
6718,871.8,113.0
6719,871.9,128.8
6720,872.0,147.2
6721,872.1,168.499
6722,872.2,192.8
6723,872.3,220.2
6724,872.4,251.0
6725,872.5,285.392
6726,872.6,323.5
6727,872.7,365.5
6728,872.8,411.7
6729,872.9,462.123
6730,873.0,516.9
6731,873.1,576.2
6732,873.2,640.1
6733,873.3,708.558
6734,873.4,781.5
6735,873.5,858.9
6736,873.6,940.7
6737,873.7,1026.266
6738,873.8,1116.0
6739,873.9,1210.0
6740,874.0,1306.417
6741,874.1,1405.0
6742,874.2,1506.0
6743,874.3,1609.0
6744,874.4,1712.306
6745,874.5,1816.0
6746,874.6,1920.0
6747,874.7,2022.0
6748,874.8,2121.441
6749,874.9,2218.0
6750,875.0,2311.0
6751,875.1,2399.0
6752,875.2,2481.389
6753,875.3,2558.0
6754,875.4,2628.0
6755,875.5,2689.0
6756,875.6,2742.231
6757,875.7,2787.0
6758,875.8,2822.0
6759,875.9,2847.0
6760,876.0,2862.724
6761,876.1,2868.0
6762,876.2,2862.0
6763,876.3,2846.723
6764,876.4,2822.0
6765,876.5,2787.0
6766,876.6,2742.0
6767,876.7,2689.207
6768,876.8,2628.0
6769,876.9,2558.0
6770,877.0,2482.0
6771,877.1,2399.399
6772,877.2,2311.0
6773,877.3,2218.0
6774,877.4,2121.0
6775,877.5,2021.76
6776,877.6,1920.0
6777,877.7,1816.0
6778,877.8,1713.0
6779,877.9,1609.27
6780,878.0,1506.0
6781,878.1,1405.0
6782,878.2,1306.0
6783,878.3,1209.229
6784,878.4,1116.0
6785,878.5,1027.0
6786,878.6,940.7
6787,878.7,858.748
6788,878.8,781.4
6789,878.9,708.4
6790,879.0,639.923
6791,879.1,576.0
6792,879.2,516.6
6793,879.3,461.7
6794,879.4,411.208
6795,879.5,364.9
6796,879.6,322.6
6797,879.7,284.3
6798,879.8,249.591
6799,879.9,218.3
6800,880.0,190.3
6801,880.1,165.3
6802,880.2,143.088
6803,880.3,123.4
6804,880.4,106.0
6805,880.5,90.79
6806,880.6,77.475
6807,880.7,65.86
6808,880.8,55.79
6809,880.9,47.1
6810,881.0,39.615
6811,881.1,33.2
6812,881.2,27.73
6813,881.3,23.08
6814,881.4,19.14
6815,881.5,15.81
6816,881.6,13.02
6817,881.7,10.682
6818,881.8,8.731
6819,881.9,7.112
6820,882.0,5.773
6821,882.1,4.669
6822,882.2,3.763
6823,882.3,3.022
6824,882.4,2.418
6825,882.5,1.928
6826,882.6,1.532
6827,882.7,1.212
6828,882.8,0.956
6829,882.9,0.752
6830,883.0,0.589
6831,883.1,0.46
6832,883.2,0.357
6833,883.3,0.277
6834,883.4,0.214
6835,883.5,0.165
6836,883.6,0.126
6837,883.7,0.096
6838,883.8,0.073
6839,883.9,0.056
6840,884.0,0.042
6841,884.1,0.032
6842,884.2,0.024
6843,884.3,0.018
6844,884.4,0.013
6845,884.5,0.01
6846,884.6,0.007
6847,884.7,0.005
6848,884.8,0.004
6849,884.9,0.003
6850,885.0,0.002
6851,885.1,0.002
6852,885.2,0.001
6853,885.3,0.001
6854,885.4,0.001
6855,885.5,0.0
6856,885.6,0.0
6857,885.7,0.0
6858,885.8,0.0
6859,885.9,0.0
6860,886.0,0.0
6861,886.1,0.0
6862,886.2,0.0
6863,886.3,0.0
6864,886.4,0.0
6865,886.5,0.0
6866,886.6,0.0
6867,886.7,0.0
6868,886.8,0.0
6869,886.9,0.0
6870,887.0,0.0
6871,887.1,0.0
6872,887.2,0.0
6873,887.3,0.0
6874,887.4,0.0
6875,887.5,0.0
6876,887.6,0.0
6877,887.7,0.0
6878,887.8,0.0
6879,887.9,0.0
6880,888.0,0.0
6881,888.1,0.0
6882,888.2,0.0
6883,888.3,0.0
6884,888.4,0.0
6885,888.5,0.0
6886,888.6,0.0
6887,888.7,0.0
6888,888.8,0.0
6889,888.9,0.0
6890,889.0,0.0
6891,889.1,0.0
6892,889.2,0.0
6893,889.3,0.0
6894,889.4,0.0
6895,889.5,0.0
6896,889.6,0.0
6897,889.7,0.0
6898,889.8,0.0
6899,889.9,0.0
6900,890.0,0.0
6901,890.1,0.0
6902,890.2,0.0
6903,890.3,0.0
6904,890.4,0.0
6905,890.5,0.0
6906,890.6,0.0
6907,890.7,0.0
6908,890.8,0.0
6909,890.9,0.0
6910,891.0,0.0
6911,891.1,0.0
6912,891.2,0.0
6913,891.3,0.0
6914,891.4,0.0
6915,891.5,0.0
6916,891.6,0.0
6917,891.7,0.0
6918,891.8,0.0
6919,891.9,0.0
6920,892.0,0.0
6921,892.1,0.0
6922,892.2,0.0
6923,892.3,0.0
6924,892.4,0.0
6925,892.5,0.0
6926,892.6,0.0
6927,892.7,0.0
6928,892.8,0.0
6929,892.9,0.0
6930,893.0,0.0
6931,893.1,0.0
6932,893.2,0.0
6933,893.3,0.0
6934,893.4,0.0
6935,893.5,0.0
6936,893.6,0.0
6937,893.7,0.0
6938,893.8,0.0
6939,893.9,0.0
6940,894.0,0.0
6941,894.1,0.0
6942,894.2,0.0
6943,894.3,0.0
6944,894.4,0.0
6945,894.5,0.0
6946,894.6,0.0
6947,894.7,0.0
6948,894.8,0.0
6949,894.9,0.0
6950,895.0,0.0
6951,895.1,0.0
6952,895.2,0.0
6953,895.3,0.0
6954,895.4,0.0
6955,895.5,0.0
6956,895.6,0.0
6957,895.7,0.0
6958,895.8,0.0
6959,895.9,0.0
6960,896.0,0.0
6961,896.1,0.0
6962,896.2,0.0
6963,896.3,0.0
6964,896.4,0.0
6965,896.5,0.0
6966,896.6,0.0
6967,896.7,0.0
6968,896.8,0.0
6969,896.9,0.0
6970,897.0,0.0
6971,897.1,0.0
6972,897.2,0.0
6973,897.3,0.0
6974,897.4,0.0
6975,897.5,0.0
6976,897.6,0.0
6977,897.7,0.0
6978,897.8,0.0
6979,897.9,0.0
6980,898.0,0.0
6981,898.1,0.0
6982,898.2,0.0
6983,898.3,0.0
6984,898.4,0.0
6985,898.5,0.0
6986,898.6,0.0
6987,898.7,0.0
6988,898.8,0.0
6989,898.9,0.0
6990,899.0,0.0
6991,899.1,0.0
6992,899.2,0.0
6993,899.3,0.0
6994,899.4,0.0
6995,899.5,0.0
6996,899.6,0.0
6997,899.7,0.0
6998,899.8,0.0
6999,899.9,0.0
7000,900.0,0.0
7001,900.1,0.0
7002,900.2,0.0
7003,900.3,0.0
7004,900.4,0.0
7005,900.5,0.0
7006,900.6,0.0
7007,900.7,0.0
7008,900.8,0.0
7009,900.9,0.0
7010,901.0,0.0
7011,901.1,0.0
7012,901.2,0.0
7013,901.3,0.0
7014,901.4,0.0
7015,901.5,0.0
7016,901.6,0.0
7017,901.7,0.0
7018,901.8,0.0
7019,901.9,0.0
7020,902.0,0.0
7021,902.1,0.0
7022,902.2,0.0
7023,902.3,0.0
7024,902.4,0.0
7025,902.5,0.0
7026,902.6,0.0
7027,902.7,0.0
7028,902.8,0.0
7029,902.9,0.0
7030,903.0,0.0
7031,903.1,0.0
7032,903.2,0.0
7033,903.3,0.0
7034,903.4,0.0
7035,903.5,0.0
7036,903.6,0.0
7037,903.7,0.0
7038,903.8,0.001
7039,903.9,0.001
7040,904.0,0.001
7041,904.1,0.001
7042,904.2,0.002
7043,904.3,0.003
7044,904.4,0.004
7045,904.5,0.005
7046,904.6,0.007
7047,904.7,0.009
7048,904.8,0.012
7049,904.9,0.016
7050,905.0,0.021
7051,905.1,0.029
7052,905.2,0.038
7053,905.3,0.05
7054,905.4,0.066
7055,905.5,0.086
7056,905.6,0.112
7057,905.7,0.146
7058,905.8,0.19
7059,905.9,0.245
7060,906.0,0.316
7061,906.1,0.406
7062,906.2,0.52
7063,906.3,0.664
7064,906.4,0.846
7065,906.5,1.073
7066,906.6,1.356
7067,906.7,1.708
7068,906.8,2.146
7069,906.9,2.687
7070,907.0,3.353
7071,907.1,4.17
7072,907.2,5.169
7073,907.3,6.386
7074,907.4,7.865
7075,907.5,9.654
7076,907.6,11.81
7077,907.7,14.4
7078,907.8,17.51
7079,907.9,21.213
7080,908.0,25.61
7081,908.1,30.82
7082,908.2,36.98
7083,908.3,44.214
7084,908.4,52.69
7085,908.5,62.59
7086,908.6,74.11
7087,908.7,87.477
7088,908.8,102.9
7089,908.9,120.6
7090,909.0,140.874
7091,909.1,164.1
7092,909.2,190.6
7093,909.3,220.5
7094,909.4,254.248
7095,909.5,292.3
7096,909.6,335.0
7097,909.7,382.5
7098,909.8,435.365
7099,909.9,494.0
7100,910.0,558.7
7101,910.1,629.7
7102,910.2,707.449
7103,910.3,792.2
7104,910.4,884.2
7105,910.5,983.7
7106,910.6,1090.385
7107,910.7,1205.0
7108,910.8,1328.0
7109,910.9,1458.0
7110,911.0,1595.292
7111,911.1,1740.0
7112,911.2,1892.0
7113,911.3,2050.781
7114,911.4,2215.0
7115,911.5,2384.0
7116,911.6,2559.0
7117,911.7,2736.715
7118,911.8,2917.0
7119,911.9,3100.0
7120,912.0,3283.0
7121,912.1,3465.241
7122,912.2,3646.0
7123,912.3,3824.0
7124,912.4,3997.0
7125,912.5,4164.195
7126,912.6,4324.0
7127,912.7,4475.0
7128,912.8,4617.0
7129,912.9,4747.686
7130,913.0,4866.0
7131,913.1,4971.0
7132,913.2,5061.0
7133,913.3,5136.541
7134,913.4,5196.0
7135,913.5,5238.0
7136,913.6,5264.0
7137,913.7,5272.546
7138,913.8,5264.0
7139,913.9,5239.0
7140,914.0,5196.66
7141,914.1,5137.0
7142,914.2,5061.0
7143,914.3,4971.0
7144,914.4,4866.251
7145,914.5,4748.0
7146,914.6,4618.0
7147,914.7,4477.0
7148,914.8,4325.891
7149,914.9,4166.0
7150,915.0,3999.0
7151,915.1,3827.0
7152,915.2,3650.306
7153,915.3,3470.0
7154,915.4,3288.0
7155,915.5,3107.0
7156,915.6,2926.245
7157,915.7,2747.0
7158,915.8,2571.0
7159,915.9,2399.0
7160,916.0,2232.463
7161,916.1,2072.0
7162,916.2,1918.0
7163,916.3,1771.121
7164,916.4,1632.0
7165,916.5,1501.0
7166,916.6,1378.0
7167,916.7,1264.259
7168,916.8,1160.0
7169,916.9,1065.0
7170,917.0,979.0
7171,917.1,902.332
7172,917.2,835.0
7173,917.3,776.9
7174,917.4,728.0
7175,917.5,688.222
7176,917.6,657.4
7177,917.7,635.4
7178,917.8,622.2
7179,917.9,617.556
7180,918.0,621.3
7181,918.1,633.3
7182,918.2,653.4
7183,918.3,681.432
7184,918.4,717.2
7185,918.5,760.5
7186,918.6,811.1
7187,918.7,868.771
7188,918.8,933.5
7189,918.9,1005.0
7190,919.0,1082.089
7191,919.1,1165.0
7192,919.2,1254.0
7193,919.3,1348.0
7194,919.4,1446.499
7195,919.5,1549.0
7196,919.6,1655.0
7197,919.7,1764.0
7198,919.8,1874.862
7199,919.9,1987.0
7200,920.0,2100.0
7201,920.1,2213.0
7202,920.2,2324.235
7203,920.3,2434.0
7204,920.4,2542.0
7205,920.5,2645.0
7206,920.6,2744.63
7207,920.7,2839.0
7208,920.8,2926.0
7209,920.9,3007.0
7210,921.0,3080.724
7211,921.1,3146.0
7212,921.2,3202.0
7213,921.3,3248.285
7214,921.4,3285.0
7215,921.5,3312.0
7216,921.6,3328.0
7217,921.7,3333.285
7218,921.8,3328.0
7219,921.9,3312.0
7220,922.0,3285.0
7221,922.1,3247.803
7222,922.2,3201.0
7223,922.3,3145.0
7224,922.4,3080.0
7225,922.5,3006.286
7226,922.6,2925.0
7227,922.7,2837.0
7228,922.8,2742.0
7229,922.9,2642.095
7230,923.0,2538.0
7231,923.1,2430.0
7232,923.2,2319.0
7233,923.3,2206.215
7234,923.4,2092.0
7235,923.5,1977.0
7236,923.6,1863.0
7237,923.7,1749.167
7238,923.8,1637.0
7239,923.9,1528.0
7240,924.0,1421.056
7241,924.1,1317.0
7242,924.2,1217.0
7243,924.3,1121.0
7244,924.4,1029.322
7245,924.5,942.1
7246,924.6,859.4
7247,924.7,781.4
7248,924.8,708.24
7249,924.9,639.9
7250,925.0,576.3
7251,925.1,517.3
7252,925.2,462.848
7253,925.3,412.8
7254,925.4,367.0
7255,925.5,325.3
7256,925.6,287.355
7257,925.7,253.0
7258,925.8,222.1
7259,925.9,194.4
7260,926.0,169.633
7261,926.1,147.6
7262,926.2,128.1
7263,926.3,110.872
7264,926.4,95.75
7265,926.5,82.58
7266,926.6,71.16
7267,926.7,61.346
7268,926.8,53.0
7269,926.9,45.99
7270,927.0,40.22
7271,927.1,35.592
7272,927.2,32.05
7273,927.3,29.55
7274,927.4,28.05
7275,927.5,27.562
7276,927.6,28.11
7277,927.7,29.73
7278,927.8,32.51
7279,927.9,36.54
7280,928.0,41.97
7281,928.1,48.97
7282,928.2,57.74
7283,928.3,68.538
7284,928.4,81.67
7285,928.5,97.46
7286,928.6,116.3
7287,928.7,138.678
7288,928.8,165.1
7289,928.9,196.1
7290,929.0,232.329
7291,929.1,274.5
7292,929.2,323.4
7293,929.3,380.0
7294,929.4,445.084
7295,929.5,519.7
7296,929.6,605.0
7297,929.7,702.2
7298,929.8,812.458
7299,929.9,936.9
7300,930.0,1077.0
7301,930.1,1235.0
7302,930.2,1411.293
7303,930.3,1607.0
7304,930.4,1824.0
7305,930.5,2065.0
7306,930.6,2330.215
7307,930.7,2621.0
7308,930.8,2939.0
7309,930.9,3285.0
7310,931.0,3659.75
7311,931.1,4065.0
7312,931.2,4502.0
7313,931.3,4969.553
7314,931.4,5468.0
7315,931.5,5998.0
7316,931.6,6559.0
7317,931.7,7149.594
7318,931.8,7769.0
7319,931.9,8416.0
7320,932.0,9088.0
7321,932.1,9784.735
7322,932.2,10500.0
7323,932.3,11230.0
7324,932.4,11980.0
7325,932.5,12734.049
7326,932.6,13490.0
7327,932.7,14250.0
7328,932.8,15010.0
7329,932.9,15758.944
7330,933.0,16490.0
7331,933.1,17200.0
7332,933.2,17890.0
7333,933.3,18548.463
7334,933.4,19170.0
7335,933.5,19750.0
7336,933.6,20280.0
7337,933.7,20761.466
7338,933.8,21190.0
7339,933.9,21560.0
7340,934.0,21869.014
7341,934.1,22110.0
7342,934.2,22280.0
7343,934.3,22390.0
7344,934.4,22427.999
7345,934.5,22390.0
7346,934.6,22280.0
7347,934.7,22110.0
7348,934.8,21869.563
7349,934.9,21560.0
7350,935.0,21190.0
7351,935.1,20770.0
7352,935.2,20287.359
7353,935.3,19750.0
7354,935.4,19170.0
7355,935.5,18550.0
7356,935.6,17897.366
7357,935.7,17210.0
7358,935.8,16490.0
7359,935.9,15760.0
7360,936.0,15017.925
7361,936.1,14260.0
7362,936.2,13490.0
7363,936.3,12729.108
7364,936.4,11980.0
7365,936.5,11240.0
7366,936.6,10510.0
7367,936.7,9794.332
7368,936.8,9099.0
7369,936.9,8429.0
7370,937.0,7785.0
7371,937.1,7169.108
7372,937.2,6583.0
7373,937.3,6028.0
7374,937.4,5505.0
7375,937.5,5014.164
7376,937.6,4556.0
7377,937.7,4131.0
7378,937.8,3739.0
7379,937.9,3379.509
7380,938.0,3052.0
7381,938.1,2756.0
7382,938.2,2491.0
7383,938.3,2255.793
7384,938.4,2050.0
7385,938.5,1873.0
7386,938.6,1723.0
7387,938.7,1600.607
7388,938.8,1505.0
7389,938.9,1435.0
7390,939.0,1390.323
7391,939.1,1371.0
7392,939.2,1377.0
7393,939.3,1408.0
7394,939.4,1463.791
7395,939.5,1544.0
7396,939.6,1649.0
7397,939.7,1781.0
7398,939.8,1938.401
7399,939.9,2122.0
7400,940.0,2333.0
7401,940.1,2571.0
7402,940.2,2837.052
7403,940.3,3132.0
7404,940.4,3456.0
7405,940.5,3808.0
7406,940.6,4189.212
7407,940.7,4600.0
7408,940.8,5040.0
7409,940.9,5508.0
7410,941.0,6003.899
7411,941.1,6527.0
7412,941.2,7076.0
7413,941.3,7648.508
7414,941.4,8243.0
7415,941.5,8858.0
7416,941.6,9490.0
7417,941.7,10133.339
7418,941.8,10790.0
7419,941.9,11460.0
7420,942.0,12130.0
7421,942.1,12795.929
7422,942.2,13460.0
7423,942.3,14120.0
7424,942.4,14760.0
7425,942.5,15384.001
7426,942.6,15990.0
7427,942.7,16570.0
7428,942.8,17110.0
7429,942.9,17611.985
7430,943.0,18080.0
7431,943.1,18510.0
7432,943.2,18880.0
7433,943.3,19200.893
7434,943.4,19470.0
7435,943.5,19680.0
7436,943.6,19830.0
7437,943.7,19919.996
7438,943.8,19950.0
7439,943.9,19920.0
7440,944.0,19829.849
7441,944.1,19680.0
7442,944.2,19470.0
7443,944.3,19200.0
7444,944.4,18882.497
7445,944.5,18510.0
7446,944.6,18080.0
7447,944.7,17620.0
7448,944.8,17116.577
7449,944.9,16570.0
7450,945.0,15990.0
7451,945.1,15390.0
7452,945.2,14766.029
7453,945.3,14120.0
7454,945.4,13460.0
7455,945.5,12800.0
7456,945.6,12132.464
7457,945.7,11460.0
7458,945.8,10790.0
7459,945.9,10130.0
7460,946.0,9482.186
7461,946.1,8849.0
7462,946.2,8233.0
7463,946.3,7635.766
7464,946.4,7060.0
7465,946.5,6508.0
7466,946.6,5980.0
7467,946.7,5478.627
7468,946.8,5004.0
7469,946.9,4556.0
7470,947.0,4136.0
7471,947.1,3742.474
7472,947.2,3376.0
7473,947.3,3037.0
7474,947.4,2723.0
7475,947.5,2433.887
7476,947.6,2169.0
7477,947.7,1927.0
7478,947.8,1706.0
7479,947.9,1506.053
7480,948.0,1326.0
7481,948.1,1164.0
7482,948.2,1018.0
7483,948.3,887.804
7484,948.4,772.1
7485,948.5,669.3
7486,948.6,578.4
7487,948.7,498.331
7488,948.8,428.0
7489,948.9,366.4
7490,949.0,312.773
7491,949.1,266.2
7492,949.2,225.8
7493,949.3,191.0
7494,949.4,161.085
7495,949.5,135.4
7496,949.6,113.4
7497,949.7,94.76
7498,949.8,78.931
7499,949.9,65.53
7500,950.0,54.24
7501,950.1,44.76
7502,950.2,36.819
7503,950.3,30.2
7504,950.4,24.7
7505,950.5,20.13
7506,950.6,16.355
7507,950.7,13.25
7508,950.8,10.7
7509,950.9,8.618
7510,951.0,6.918
7511,951.1,5.536
7512,951.2,4.417
7513,951.3,3.512
7514,951.4,2.785
7515,951.5,2.202
7516,951.6,1.735
7517,951.7,1.363
7518,951.8,1.068
7519,951.9,0.834
7520,952.0,0.649
7521,952.1,0.503
7522,952.2,0.39
7523,952.3,0.3
7524,952.4,0.231
7525,952.5,0.177
7526,952.6,0.135
7527,952.7,0.103
7528,952.8,0.078
7529,952.9,0.059
7530,953.0,0.045
7531,953.1,0.034
7532,953.2,0.025
7533,953.3,0.019
7534,953.4,0.014
7535,953.5,0.01
7536,953.6,0.008
7537,953.7,0.006
7538,953.8,0.004
7539,953.9,0.003
7540,954.0,0.002
7541,954.1,0.002
7542,954.2,0.001
7543,954.3,0.001
7544,954.4,0.001
7545,954.5,0.0
7546,954.6,0.0
7547,954.7,0.0
7548,954.8,0.0
7549,954.9,0.0
7550,955.0,0.0
7551,955.1,0.0
7552,955.2,0.0
7553,955.3,0.0
7554,955.4,0.0
7555,955.5,0.0
7556,955.6,0.0
7557,955.7,0.0
7558,955.8,0.0
7559,955.9,0.0
7560,956.0,0.0
7561,956.1,0.0
7562,956.2,0.0
7563,956.3,0.0
7564,956.4,0.0
7565,956.5,0.0
7566,956.6,0.0
7567,956.7,0.0
7568,956.8,0.0
7569,956.9,0.0
7570,957.0,0.0
7571,957.1,0.0
7572,957.2,0.0
7573,957.3,0.0
7574,957.4,0.0
7575,957.5,0.0
7576,957.6,0.0
7577,957.7,0.0
7578,957.8,0.0
7579,957.9,0.0
7580,958.0,0.0
7581,958.1,0.0
7582,958.2,0.0
7583,958.3,0.0
7584,958.4,0.0
7585,958.5,0.0
7586,958.6,0.0
7587,958.7,0.0
7588,958.8,0.0
7589,958.9,0.0
7590,959.0,0.0
7591,959.1,0.0
7592,959.2,0.0
7593,959.3,0.0
7594,959.4,0.0
7595,959.5,0.0
7596,959.6,0.0
7597,959.7,0.0
7598,959.8,0.0
7599,959.9,0.0
7600,960.0,0.0
7601,960.1,0.0
7602,960.2,0.0
7603,960.3,0.0
7604,960.4,0.0
7605,960.5,0.0
7606,960.6,0.0
7607,960.7,0.0
7608,960.8,0.0
7609,960.9,0.0
7610,961.0,0.0
7611,961.1,0.0
7612,961.2,0.0
7613,961.3,0.0
7614,961.4,0.0
7615,961.5,0.0
7616,961.6,0.0
7617,961.7,0.0
7618,961.8,0.0
7619,961.9,0.0
7620,962.0,0.0
7621,962.1,0.0
7622,962.2,0.0
7623,962.3,0.0
7624,962.4,0.0
7625,962.5,0.0
7626,962.6,0.0
7627,962.7,0.0
7628,962.8,0.0
7629,962.9,0.0
7630,963.0,0.0
7631,963.1,0.0
7632,963.2,0.0
7633,963.3,0.0
7634,963.4,0.0
7635,963.5,0.0
7636,963.6,0.0
7637,963.7,0.0
7638,963.8,0.0
7639,963.9,0.0
7640,964.0,0.0
7641,964.1,0.0
7642,964.2,0.0
7643,964.3,0.0
7644,964.4,0.0
7645,964.5,0.0
7646,964.6,0.0
7647,964.7,0.0
7648,964.8,0.0
7649,964.9,0.0
7650,965.0,0.0
7651,965.1,0.0
7652,965.2,0.0
7653,965.3,0.0
7654,965.4,0.0
7655,965.5,0.0
7656,965.6,0.0
7657,965.7,0.0
7658,965.8,0.0
7659,965.9,0.0
7660,966.0,0.0
7661,966.1,0.0
7662,966.2,0.0
7663,966.3,0.0
7664,966.4,0.0
7665,966.5,0.0
7666,966.6,0.0
7667,966.7,0.0
7668,966.8,0.0
7669,966.9,0.0
7670,967.0,0.0
7671,967.1,0.0
7672,967.2,0.0
7673,967.3,0.0
7674,967.4,0.0
7675,967.5,0.0
7676,967.6,0.0
7677,967.7,0.0
7678,967.8,0.0
7679,967.9,0.0
7680,968.0,0.0
7681,968.1,0.0
7682,968.2,0.0
7683,968.3,0.0
7684,968.4,0.0
7685,968.5,0.0
7686,968.6,0.0
7687,968.7,0.0
7688,968.8,0.0
7689,968.9,0.0
7690,969.0,0.0
7691,969.1,0.0
7692,969.2,0.0
7693,969.3,0.0
7694,969.4,0.0
7695,969.5,0.0
7696,969.6,0.0
7697,969.7,0.0
7698,969.8,0.0
7699,969.9,0.0
7700,970.0,0.0
7701,970.1,0.0
7702,970.2,0.0
7703,970.3,0.0
7704,970.4,0.0
7705,970.5,0.0
7706,970.6,0.0
7707,970.7,0.0
7708,970.8,0.0
7709,970.9,0.0
7710,971.0,0.0
7711,971.1,0.0
7712,971.2,0.0
7713,971.3,0.0
7714,971.4,0.0
7715,971.5,0.0
7716,971.6,0.0
7717,971.7,0.0
7718,971.8,0.0
7719,971.9,0.0
7720,972.0,0.0
7721,972.1,0.0
7722,972.2,0.0
7723,972.3,0.0
7724,972.4,0.0
7725,972.5,0.0
7726,972.6,0.0
7727,972.7,0.0
7728,972.8,0.0
7729,972.9,0.0
7730,973.0,0.0
7731,973.1,0.0
7732,973.2,0.0
7733,973.3,0.0
7734,973.4,0.0
7735,973.5,0.0
7736,973.6,0.0
7737,973.7,0.0
7738,973.8,0.0
7739,973.9,0.0
7740,974.0,0.0
7741,974.1,0.0
7742,974.2,0.0
7743,974.3,0.0
7744,974.4,0.0
7745,974.5,0.0
7746,974.6,0.0
7747,974.7,0.0
7748,974.8,0.0
7749,974.9,0.0
7750,975.0,0.0
7751,975.1,0.0
7752,975.2,0.0
7753,975.3,0.0
7754,975.4,0.0
7755,975.5,0.0
7756,975.6,0.0
7757,975.7,0.0
7758,975.8,0.0
7759,975.9,0.0
7760,976.0,0.0
7761,976.1,0.0
7762,976.2,0.0
7763,976.3,0.0
7764,976.4,0.0
7765,976.5,0.0
7766,976.6,0.0
7767,976.7,0.0
7768,976.8,0.0
7769,976.9,0.0
7770,977.0,0.0
7771,977.1,0.0
7772,977.2,0.0
7773,977.3,0.0
7774,977.4,0.0
7775,977.5,0.0
7776,977.6,0.0
7777,977.7,0.0
7778,977.8,0.0
7779,977.9,0.0
7780,978.0,0.0
7781,978.1,0.0
7782,978.2,0.0
7783,978.3,0.0
7784,978.4,0.0
7785,978.5,0.0
7786,978.6,0.0
7787,978.7,0.0
7788,978.8,0.0
7789,978.9,0.0
7790,979.0,0.0
7791,979.1,0.0
7792,979.2,0.0
7793,979.3,0.0
7794,979.4,0.0
7795,979.5,0.0
7796,979.6,0.0
7797,979.7,0.0
7798,979.8,0.0
7799,979.9,0.0
7800,980.0,0.0
7801,980.1,0.0
7802,980.2,0.0
7803,980.3,0.0
7804,980.4,0.0
7805,980.5,0.0
7806,980.6,0.0
7807,980.7,0.0
7808,980.8,0.0
7809,980.9,0.0
7810,981.0,0.0
7811,981.1,0.0
7812,981.2,0.0
7813,981.3,0.0
7814,981.4,0.0
7815,981.5,0.0
7816,981.6,0.0
7817,981.7,0.0
7818,981.8,0.0
7819,981.9,0.0
7820,982.0,0.0
7821,982.1,0.0
7822,982.2,0.0
7823,982.3,0.0
7824,982.4,0.0
7825,982.5,0.0
7826,982.6,0.0
7827,982.7,0.0
7828,982.8,0.0
7829,982.9,0.0
7830,983.0,0.0
7831,983.1,0.0
7832,983.2,0.0
7833,983.3,0.0
7834,983.4,0.0
7835,983.5,0.0
7836,983.6,0.0
7837,983.7,0.0
7838,983.8,0.0
7839,983.9,0.0
7840,984.0,0.0
7841,984.1,0.0
7842,984.2,0.0
7843,984.3,0.0
7844,984.4,0.0
7845,984.5,0.0
7846,984.6,0.0
7847,984.7,0.0
7848,984.8,0.0
7849,984.9,0.0
7850,985.0,0.0
7851,985.1,0.0
7852,985.2,0.0
7853,985.3,0.0
7854,985.4,0.0
7855,985.5,0.0
7856,985.6,0.0
7857,985.7,0.0
7858,985.8,0.0
7859,985.9,0.0
7860,986.0,0.0
7861,986.1,0.0
7862,986.2,0.0
7863,986.3,0.0
7864,986.4,0.0
7865,986.5,0.0
7866,986.6,0.0
7867,986.7,0.0
7868,986.8,0.0
7869,986.9,0.0
7870,987.0,0.0
7871,987.1,0.0
7872,987.2,0.0
7873,987.3,0.0
7874,987.4,0.0
7875,987.5,0.0
7876,987.6,0.0
7877,987.7,0.0
7878,987.8,0.0
7879,987.9,0.0
7880,988.0,0.0
7881,988.1,0.0
7882,988.2,0.0
7883,988.3,0.0
7884,988.4,0.0
7885,988.5,0.0
7886,988.6,0.0
7887,988.7,0.0
7888,988.8,0.0
7889,988.9,0.0
7890,989.0,0.0
7891,989.1,0.0
7892,989.2,0.0
7893,989.3,0.0
7894,989.4,0.0
7895,989.5,0.0
7896,989.6,0.0
7897,989.7,0.0
7898,989.8,0.0
7899,989.9,0.0
7900,990.0,0.0
7901,990.1,0.0
7902,990.2,0.0
7903,990.3,0.0
7904,990.4,0.0
7905,990.5,0.0
7906,990.6,0.0
7907,990.7,0.0
7908,990.8,0.0
7909,990.9,0.0
7910,991.0,0.0
7911,991.1,0.0
7912,991.2,0.0
7913,991.3,0.0
7914,991.4,0.0
7915,991.5,0.0
7916,991.6,0.0
7917,991.7,0.0
7918,991.8,0.0
7919,991.9,0.0
7920,992.0,0.0
7921,992.1,0.0
7922,992.2,0.0
7923,992.3,0.0
7924,992.4,0.0
7925,992.5,0.0
7926,992.6,0.0
7927,992.7,0.0
7928,992.8,0.0
7929,992.9,0.0
7930,993.0,0.0
7931,993.1,0.0
7932,993.2,0.0
7933,993.3,0.0
7934,993.4,0.0
7935,993.5,0.0
7936,993.6,0.0
7937,993.7,0.0
7938,993.8,0.0
7939,993.9,0.0
7940,994.0,0.0
7941,994.1,0.0
7942,994.2,0.0
7943,994.3,0.0
7944,994.4,0.0
7945,994.5,0.0
7946,994.6,0.0
7947,994.7,0.0
7948,994.8,0.0
7949,994.9,0.0
7950,995.0,0.0
7951,995.1,0.0
7952,995.2,0.0
7953,995.3,0.0
7954,995.4,0.0
7955,995.5,0.0
7956,995.6,0.0
7957,995.7,0.0
7958,995.8,0.0
7959,995.9,0.0
7960,996.0,0.0
7961,996.1,0.0
7962,996.2,0.0
7963,996.3,0.0
7964,996.4,0.0
7965,996.5,0.0
7966,996.6,0.0
7967,996.7,0.0
7968,996.8,0.0
7969,996.9,0.0
7970,997.0,0.0
7971,997.1,0.0
7972,997.2,0.0
7973,997.3,0.0
7974,997.4,0.0
7975,997.5,0.0
7976,997.6,0.0
7977,997.7,0.0
7978,997.8,0.0
7979,997.9,0.0
7980,998.0,0.0
7981,998.1,0.0
7982,998.2,0.0
7983,998.3,0.0
7984,998.4,0.0
7985,998.5,0.0
7986,998.6,0.0
7987,998.7,0.0
7988,998.8,0.0
7989,998.9,0.0
7990,999.0,0.0
7991,999.1,0.0
7992,999.2,0.0
7993,999.3,0.0
7994,999.4,0.0
7995,999.5,0.0
7996,999.6,0.0
7997,999.7,0.0
7998,999.8,0.0
7999,999.9,0.0
