,wavelength,intensity
0,200.0,43380000.0
1,200.1,51940000.0
2,200.2,59522556.898
3,200.3,65460000.0
4,200.4,69230000.0
5,200.5,70630000.0
6,200.6,69829256.817
7,200.7,67490000.0
8,200.8,64440000.0
9,200.9,61720000.0
10,201.0,60254297.693
11,201.1,60350000.0
12,201.2,61980000.0
13,201.3,64355978.525
14,201.4,66360000.0
15,201.5,66910000.0
16,201.6,65310000.0
17,201.7,61471022.166
18,201.8,56030000.0
19,201.9,49830000.0
20,202.0,43850000.0
21,202.1,38753485.876
22,202.2,34600000.0
23,202.3,31230000.0
24,202.4,28160000.0
25,202.5,24923047.045
26,202.6,21370000.0
27,202.7,17500000.0
28,202.8,13590000.0
29,202.9,9957285.493
30,203.0,6840000.0
31,203.1,4413000.0
32,203.2,2667000.0
33,203.3,1509019.341
34,203.4,800000.0
35,203.5,398300.0
36,203.6,191600.0
37,203.7,99467.719
38,203.8,125000.0
39,203.9,300200.0
40,204.0,805281.034
41,204.1,2289000.0
42,204.2,5853000.0
43,204.3,14040000.0
44,204.4,31239498.243
45,204.5,66530000.0
46,204.6,131500000.0
47,204.7,243900000.0
48,204.8,424938970.878
49,204.9,693399999.999
50,205.0,1063999999.999
51,205.1,1535999999.999
52,205.2,2090356440.768
53,205.3,2682999999.998
54,205.4,3262999999.998
55,205.5,3775999999.999
56,205.6,4179224964.49
57,205.7,4460999999.999
58,205.8,4623000000.0
59,205.9,4690000000.0
60,206.0,4687220618.727
61,206.1,4626000000.0
62,206.2,4510000000.001
63,206.3,4326709234.66
64,206.4,4064000000.001
65,206.5,3714000000.001
66,206.6,3284000000.002
67,206.7,2797551982.004
68,206.8,2288000000.002
69,206.9,1790000000.002
70,207.0,1336000000.002
71,207.1,951725809.239
72,207.2,645600000.001
73,207.3,419100000.001
74,207.4,262300000.001
75,207.5,160851082.187
76,207.6,99700000.0
77,207.7,64570000.0
78,207.8,44960000.0
79,207.9,33467673.922
80,208.0,26210000.0
81,208.1,20570000.0
82,208.2,15840000.0
83,208.3,11849205.33
84,208.4,8663000.0
85,208.5,6381000.0
86,208.6,4991000.0
87,208.7,4399041.934
88,208.8,4474000.0
89,208.9,5086000.0
90,209.0,6161772.684
91,209.1,7744000.0
92,209.2,9930000.0
93,209.3,12930000.0
94,209.4,16983142.417
95,209.5,22290000.0
96,209.6,28980000.0
97,209.7,36920000.0
98,209.8,45746467.119
99,209.9,54710000.0
100,210.0,62920000.0
101,210.1,69300000.0
102,210.2,72885514.691
103,210.3,73170000.0
104,210.4,69920000.0
105,210.5,63610000.0
106,210.6,55174930.791
107,210.7,45830000.0
108,210.8,36810000.0
109,210.9,29170000.0
110,211.0,23667249.456
111,211.1,20590000.0
112,211.2,20040000.0
113,211.3,21766138.205
114,211.4,25290000.0
115,211.5,30070000.0
116,211.6,35440000.0
117,211.7,40662207.931
118,211.8,45120000.0
119,211.9,48280000.0
120,212.0,49850000.0
121,212.1,49865801.777
122,212.2,48740000.0
123,212.3,47050000.0
124,212.4,45720000.0
125,212.5,45838789.013
126,212.6,48600000.0
127,212.7,55210000.0
128,212.8,66830000.0
129,212.9,84461935.447
130,213.0,108600000.0
131,213.1,139500000.0
132,213.2,176900000.0
133,213.3,219988955.035
134,213.4,267200000.0
135,213.5,316600000.0
136,213.6,365400000.0
137,213.7,410194922.519
138,213.8,447100000.0
139,213.9,472100000.0
140,214.0,481569142.761
141,214.1,473900000.0
142,214.2,448700000.0
143,214.3,408600000.0
144,214.4,358041206.782
145,214.5,302700000.0
146,214.6,248300000.0
147,214.7,199500000.0
148,214.8,159228363.892
149,214.9,127800000.0
150,215.0,104600000.0
151,215.1,87620000.0
152,215.2,74478687.514
153,215.3,63480000.0
154,215.4,53330000.0
155,215.5,43660000.0
156,215.6,34594010.295
157,215.7,26490000.0
158,215.8,19710000.0
159,215.9,14420000.0
160,216.0,10564840.396
161,216.1,7909000.0
162,216.2,6166000.0
163,216.3,5016269.35
164,216.4,4232000.0
165,216.5,3635000.0
166,216.6,3144000.0
167,216.7,2726891.447
168,216.8,2379000.0
169,216.9,2101000.0
170,217.0,1890000.0
171,217.1,1732026.696
172,217.2,1610000.0
173,217.3,1510000.0
174,217.4,1434000.0
175,217.5,1405685.179
176,217.6,1480000.0
177,217.7,1726000.0
178,217.8,2241000.0
179,217.9,3123107.919
180,218.0,4442000.0
181,218.1,6242000.0
182,218.2,8484000.0
183,218.3,11047555.507
184,218.4,13720000.0
185,218.5,16250000.0
186,218.6,18330000.0
187,218.7,19725047.668
188,218.8,20310000.0
189,218.9,20020000.0
190,219.0,18953968.86
191,219.1,17310000.0
192,219.2,15310000.0
193,219.3,13200000.0
194,219.4,11179998.65
195,219.5,9368000.0
196,219.6,7842000.0
197,219.7,6591000.0
198,219.8,5573109.422
199,219.9,4739000.0
200,220.0,4043000.0
201,220.1,3465000.0
202,220.2,3015279.901
203,220.3,2724000.0
204,220.4,2624000.0
205,220.5,2741000.0
206,220.6,3077656.315
207,220.7,3599000.0
208,220.8,4254000.0
209,220.9,4962000.0
210,221.0,5640153.843
211,221.1,6221000.0
212,221.2,6648000.0
213,221.3,6898154.628
214,221.4,6975000.0
215,221.5,6890000.0
216,221.6,6666000.0
217,221.7,6325649.548
218,221.8,5893000.0
219,221.9,5396000.0
220,222.0,4877000.0
221,222.1,4389671.586
222,222.2,4002000.0
223,222.3,3783000.0
224,222.4,3790000.0
225,222.5,4053648.473
226,222.6,4547000.0
227,222.7,5215000.0
228,222.8,5942000.0
229,222.9,6589341.968
230,223.0,7030000.0
231,223.1,7156000.0
232,223.2,6927000.0
233,223.3,6358392.364
234,223.4,5535000.0
235,223.5,4562000.0
236,223.6,3560000.0
237,223.7,2632775.923
238,223.8,1839000.0
239,223.9,1217000.0
240,224.0,763122.105
241,224.1,451900.0
242,224.2,253600.0
243,224.3,134700.0
244,224.4,67228.253
245,224.5,32270.0
246,224.6,14660.0
247,224.7,6562.0
248,224.8,3278.734
249,224.9,2842.0
250,225.0,4234.0
251,225.1,7710.0
252,225.2,14061.204
253,225.3,24640.0
254,225.4,40940.0
255,225.5,64490.0
256,225.6,96457.693
257,225.7,136400.0
258,225.8,183000.0
259,225.9,232800.0
260,226.0,280713.861
261,226.1,321000.0
262,226.2,348000.0
263,226.3,357655.658
264,226.4,349600.0
265,226.5,325400.0
266,226.6,291000.0
267,226.7,254835.609
268,226.8,228800.0
269,226.9,226400.0
270,227.0,264700.0
271,227.1,364141.494
272,227.2,549400.0
273,227.3,845800.0
274,227.4,1277000.0
275,227.5,1859132.71
276,227.6,2586000.0
277,227.7,3438000.0
278,227.8,4362000.0
279,227.9,5287948.809
280,228.0,6137000.0
281,228.1,6835000.0
282,228.2,7338000.0
283,228.3,7639586.359
284,228.4,7791000.0
285,228.5,7865000.0
286,228.6,7968000.0
287,228.7,8206792.342
288,228.8,8645000.0
289,228.9,9323000.0
290,229.0,10215702.508
291,229.1,11220000.0
292,229.2,12210000.0
293,229.3,13030000.0
294,229.4,13515667.787
295,229.5,13560000.0
296,229.6,13090000.0
297,229.7,12120000.0
298,229.8,10744565.871
299,229.9,9109000.0
300,230.0,7370000.0
301,230.1,5687000.0
302,230.2,4186136.714
303,230.3,2930000.0
304,230.4,1954000.0
305,230.5,1241000.0
306,230.6,750754.703
307,230.7,434000.0
308,230.8,241500.0
309,230.9,132200.0
310,231.0,74486.789
311,231.1,48770.0
312,231.2,39910.0
313,231.3,40363.11
314,231.4,46590.0
315,231.5,56320.0
316,231.6,70100.0
317,231.7,90134.5
318,231.8,122600.0
319,231.9,176400.0
320,232.0,267700.0
321,232.1,419668.383
322,232.2,671500.0
323,232.3,1070000.0
324,232.4,1680000.0
325,232.5,2585086.778
326,232.6,3880000.0
327,232.7,5660000.0
328,232.8,8013000.0
329,232.9,10999573.473
330,233.0,14600000.0
331,233.1,18750000.0
332,233.2,23280000.0
333,233.3,27960651.759
334,233.4,32510000.0
335,233.5,36650000.0
336,233.6,40170000.0
337,233.7,42916749.509
338,233.8,44830000.0
339,233.9,45890000.0
340,234.0,46146497.324
341,234.1,45650000.0
342,234.2,44460000.0
343,234.3,42700000.0
344,234.4,40569119.85
345,234.5,38360000.0
346,234.6,36390000.0
347,234.7,34980000.0
348,234.8,34353301.395
349,234.9,34510000.0
350,235.0,35340000.0
351,235.1,36500000.0
352,235.2,37588149.261
353,235.3,38250000.0
354,235.4,38190000.0
355,235.5,37320000.0
356,235.6,35712791.464
357,235.7,33560000.0
358,235.8,31090000.0
359,235.9,28560000.0
360,236.0,26137445.834
361,236.1,23910000.0
362,236.2,21930000.0
363,236.3,20166670.566
364,236.4,18570000.0
365,236.5,17090000.0
366,236.6,15680000.0
367,236.7,14330599.686
368,236.8,13110000.0
369,236.9,12120000.0
370,237.0,11530000.0
371,237.1,11553547.647
372,237.2,12430000.0
373,237.3,14400000.0
374,237.4,17670000.0
375,237.5,22327386.772
376,237.6,28290000.0
377,237.7,35380000.0
378,237.8,43170000.0
379,237.9,51080519.579
380,238.0,58410000.0
381,238.1,64450000.0
382,238.2,68580000.0
383,238.3,70328727.637
384,238.4,69590000.0
385,238.5,66420000.0
386,238.6,61200000.0
387,238.7,54512027.5
388,238.8,46990000.0
389,238.9,39260000.0
390,239.0,31853309.145
391,239.1,25120000.0
392,239.2,19320000.0
393,239.3,14520000.0
394,239.4,10717776.222
395,239.5,7838000.0
396,239.6,5788000.0
397,239.7,4481000.0
398,239.8,3848169.996
399,239.9,3847000.0
400,240.0,4444000.0
401,240.1,5616000.0
402,240.2,7320488.996
403,240.3,9459000.0
404,240.4,11900000.0
405,240.5,14430000.0
406,240.6,16798968.228
407,240.7,18740000.0
408,240.8,20000000.0
409,240.9,20410000.0
410,241.0,19912978.781
411,241.1,18600000.0
412,241.2,16620000.0
413,241.3,14220144.353
414,241.4,11670000.0
415,241.5,9219000.0
416,241.6,7034000.0
417,241.7,5223132.944
418,241.8,3803000.0
419,241.9,2756000.0
420,242.0,2015000.0
421,242.1,1503144.897
422,242.2,1153000.0
423,242.3,904500.0
424,242.4,719500.0
425,242.5,575338.021
426,242.6,464500.0
427,242.7,384800.0
428,242.8,341900.0
429,242.9,343649.862
430,243.0,400100.0
431,243.1,522300.0
432,243.2,723000.0
433,243.3,1016669.997
434,243.4,1423000.0
435,243.5,1963000.0
436,243.6,2660000.0
437,243.7,3544165.305
438,243.8,4639000.0
439,243.9,5964000.0
440,244.0,7524269.2
441,244.1,9294000.0
442,244.2,11230000.0
443,244.3,13250000.0
444,244.4,15266304.837
445,244.5,17190000.0
446,244.6,18940000.0
447,244.7,20470000.0
448,244.8,21756550.247
449,244.9,22820000.0
450,245.0,23690000.0
451,245.1,24390000.0
452,245.2,24937530.839
453,245.3,25340000.0
454,245.4,25600000.0
455,245.5,25720000.0
456,245.6,25736661.108
457,245.7,25690000.0
458,245.8,25620000.0
459,245.9,25570000.0
460,246.0,25559874.877
461,246.1,25550000.0
462,246.2,25480000.0
463,246.3,25264954.199
464,246.4,24820000.0
465,246.5,24080000.0
466,246.6,23060000.0
467,246.7,21861352.975
468,246.8,20740000.0
469,246.9,20010000.0
470,247.0,20080000.0
471,247.1,21395323.282
472,247.2,24330000.0
473,247.3,29180000.0
474,247.4,35990000.0
475,247.5,44583646.688
476,247.6,54420000.0
477,247.7,64800000.0
478,247.8,74740000.0
479,247.9,83229418.824
480,248.0,89400000.0
481,248.1,92520000.0
482,248.2,92300000.0
483,248.3,88811311.529
484,248.4,82620000.0
485,248.5,74470000.0
486,248.6,65350000.0
487,248.7,56235762.518
488,248.8,47920000.0
489,248.9,41080000.0
490,249.0,36046581.269
491,249.1,32840000.0
492,249.2,31380000.0
493,249.3,31410000.0
494,249.4,32601655.246
495,249.5,34700000.0
496,249.6,37490000.0
497,249.7,40840000.0
498,249.8,44671164.469
499,249.9,48890000.0
500,250.0,53380000.0
501,250.1,57940000.0
502,250.2,62275805.552
503,250.3,66050000.0
504,250.4,68930000.0
505,250.5,70650000.0
506,250.6,71085863.486
507,250.7,70310000.0
508,250.8,68480000.0
509,250.9,65920000.0
510,251.0,62996612.27
511,251.1,60070000.0
512,251.2,57490000.0
513,251.3,55605540.447
514,251.4,54890000.0
515,251.5,55920000.0
516,251.6,59600000.0
517,251.7,67160709.224
518,251.8,80140000.0
519,251.9,100199999.999
520,252.0,129099999.999
521,252.1,167858324.557
522,252.2,216399999.998
523,252.3,273899999.998
524,252.4,337399999.998
525,252.5,402703966.388
526,252.6,463999999.998
527,252.7,515199999.999
528,252.8,550699999.999
529,252.9,566024124.803
530,253.0,559900000.001
531,253.1,532500000.001
532,253.2,487000000.002
533,253.3,428759295.058
534,253.4,363700000.002
535,253.5,297700000.002
536,253.6,236000000.002
537,253.7,182274261.962
538,253.8,138300000.001
539,253.9,105100000.001
540,254.0,82227554.816
541,254.1,68560000.0
542,254.2,62840000.0
543,254.3,63620000.0
544,254.4,69484985.658
545,254.5,79070000.0
546,254.6,91040000.0
547,254.7,104100000.0
548,254.8,116848277.024
549,254.9,128100000.0
550,255.0,136800000.0
551,255.1,142200000.0
552,255.2,143921196.903
553,255.3,142000000.0
554,255.4,136700000.0
555,255.5,128800000.0
556,255.6,119134802.584
557,255.7,108700000.0
558,255.8,98490000.0
559,255.9,89280000.0
560,256.0,81635253.243
561,256.1,75800000.0
562,256.2,71870000.0
563,256.3,69631957.265
564,256.4,68740000.0
565,256.5,68810000.0
566,256.6,69390000.0
567,256.7,70117637.878
568,256.8,70690000.0
569,256.9,70840000.0
570,257.0,70410000.0
571,257.1,69287545.793
572,257.2,67440000.0
573,257.3,64870000.0
574,257.4,61660000.0
575,257.5,57992206.151
576,257.6,54100000.0
577,257.7,50240000.0
578,257.8,46720000.0
579,257.9,43804497.474
580,258.0,41670000.0
581,258.1,40440000.0
582,258.2,40100000.0
583,258.3,40563190.371
584,258.4,41650000.0
585,258.5,43150000.0
586,258.6,44820000.0
587,258.7,46421711.016
588,258.8,47740000.0
589,258.9,48570000.0
590,259.0,48740508.545
591,259.1,48140000.0
592,259.2,46690000.0
593,259.3,44400000.0
594,259.4,41362759.415
595,259.5,37770000.0
596,259.6,33840000.0
597,259.7,29820000.0
598,259.8,25980695.378
599,259.9,22500000.0
600,260.0,19520000.0
601,260.1,17120000.0
602,260.2,15283158.692
603,260.3,14000000.0
604,260.4,13270000.0
605,260.5,13110000.0
606,260.6,13593600.468
607,260.7,14830000.0
608,260.8,16930000.0
609,260.9,19980000.0
610,261.0,23999264.18
611,261.1,28870000.0
612,261.2,34410000.0
613,261.3,40304568.381
614,261.4,46190000.0
615,261.5,51710000.0
616,261.6,56580000.0
617,261.7,60680674.742
618,261.8,64130000.0
619,261.9,67150000.0
620,262.0,70180000.0
621,262.1,73742546.549
622,262.2,78290000.0
623,262.3,84180000.0
624,262.4,91470000.0
625,262.5,99999125.382
626,262.6,109100000.0
627,262.7,118000000.0
628,262.8,125900000.0
629,262.9,131734431.268
630,263.0,134900000.0
631,263.1,135100000.0
632,263.2,132700000.0
633,263.3,128400111.086
634,263.4,123500000.0
635,263.5,119400000.0
636,263.6,117400000.0
637,263.7,118921625.734
638,263.8,124700000.0
639,263.9,135200000.0
640,264.0,150491195.168
641,264.1,170199999.999
642,264.2,193999999.999
643,264.3,221999999.999
644,264.4,254134995.967
645,264.5,290899999.999
646,264.6,332999999.998
647,264.7,381199999.998
648,264.8,435791538.689
649,264.9,496499999.998
650,265.0,562599999.997
651,265.1,632099999.997
652,265.2,702843259.925
653,265.3,772299999.997
654,265.4,838099999.998
655,265.5,898999999.998
656,265.6,954836885.528
657,265.7,1007999999.998
658,265.8,1061999999.998
659,265.9,1121999999.998
660,266.0,1192592379.323
661,266.1,1278999999.996
662,266.2,1385999999.996
663,266.3,1514849659.23
664,266.4,1662999999.994
665,266.5,1825999999.994
666,266.6,1994999999.994
667,266.7,2160054624.447
668,266.8,2309999999.995
669,266.9,2432999999.996
670,267.0,2516999999.998
671,267.1,2554857122.507
672,267.2,2543000000.001
673,267.3,2480000000.003
674,267.4,2371000000.005
675,267.5,2224732270.138
676,267.6,2052000000.007
677,267.7,1865000000.007
678,267.8,1679000000.007
679,267.9,1506171209.846
680,268.0,1355000000.005
681,268.1,1233000000.004
682,268.2,1145000000.003
683,268.3,1088837559.158
684,268.4,1060000000.001
685,268.5,1053000000.0
686,268.6,1059000000.0
687,268.7,1068250359.104
688,268.8,1073000000.0
689,268.9,1066000000.001
690,269.0,1041384829.443
691,269.1,999400000.002
692,269.2,942500000.002
693,269.3,876100000.003
694,269.4,807357721.68
695,269.5,743600000.002
696,269.6,691600000.002
697,269.7,655700000.001
698,269.8,637654813.276
699,269.9,635800000.0
700,270.0,646999999.999
701,270.1,665499999.999
702,270.2,685588108.311
703,270.3,701999999.999
704,270.4,710100000.0
705,270.5,707600000.0
706,270.6,693709904.659
707,270.7,669700000.001
708,270.8,637500000.001
709,270.9,599800000.002
710,271.0,559524921.485
711,271.1,518800000.002
712,271.2,479300000.002
713,271.3,441653443.551
714,271.4,405800000.001
715,271.5,371500000.001
716,271.6,338300000.001
717,271.7,306005210.569
718,271.8,275000000.001
719,271.9,245900000.001
720,272.0,219700000.001
721,272.1,197369343.528
722,272.2,179600000.001
723,272.3,166900000.0
724,272.4,159200000.0
725,272.5,155835364.85
726,272.6,155800000.0
727,272.7,158100000.0
728,272.8,162000000.0
729,272.9,166854495.168
730,273.0,172500000.0
731,273.1,179100000.0
732,273.2,187500000.0
733,273.3,198278915.387
734,273.4,211899999.999
735,273.5,228699999.999
736,273.6,248399999.999
737,273.7,270055912.363
738,273.8,292199999.999
739,273.9,313199999.999
740,274.0,331292349.55
741,274.1,345100000.0
742,274.2,353500000.0
743,274.3,356100000.0
744,274.4,353377788.869
745,274.5,346300000.0
746,274.6,336100000.0
747,274.7,324600000.0
748,274.8,313183396.088
749,274.9,303000000.0
750,275.0,295100000.0
751,275.1,290100000.0
752,275.2,288072738.069
753,275.3,289000000.0
754,275.4,292800000.0
755,275.5,299200000.0
756,275.6,308172795.917
757,275.7,319599999.999
758,275.8,333299999.999
759,275.9,348999999.999
760,276.0,366255098.746
761,276.1,384299999.999
762,276.2,402199999.999
763,276.3,418715361.597
764,276.4,432799999.999
765,276.5,443500000.0
766,276.6,450100000.0
767,276.7,452573253.444
768,276.8,451200000.0
769,276.9,446500000.0
770,277.0,439700000.0
771,277.1,431823438.664
772,277.2,423800000.0
773,277.3,416400000.0
774,277.4,409800000.0
775,277.5,404092304.083
776,277.6,398900000.0
777,277.7,393800000.0
778,277.8,388600000.0
779,277.9,382872924.522
780,278.0,376500000.0
781,278.1,369500000.0
782,278.2,362000000.0
783,278.3,354003073.639
784,278.4,345300000.0
785,278.5,335700000.0
786,278.6,325200000.0
787,278.7,313686304.421
788,278.8,301400000.001
789,278.9,288800000.001
790,279.0,276830038.319
791,279.1,266700000.0
792,279.2,259600000.0
793,279.3,256500000.0
794,279.4,258143649.889
795,279.5,264400000.0
796,279.6,274799999.999
797,279.7,288299999.999
798,279.8,303313268.113
799,279.9,318199999.999
800,280.0,331399999.999
801,280.1,341700000.0
802,280.2,348399299.52
803,280.3,351300000.0
804,280.4,350500000.0
805,280.5,346800000.0
806,280.6,341064859.727
807,280.7,334600000.0
808,280.8,328800000.0
809,280.9,325100000.0
810,281.0,325588836.345
811,281.1,332300000.0
812,281.2,347299999.999
813,281.3,372839672.856
814,281.4,410499999.998
815,281.5,461399999.997
816,281.6,525399999.997
817,281.7,601092441.462
818,281.8,685699999.996
819,281.9,776199999.996
820,282.0,869899999.996
821,282.1,965461222.132
822,282.2,1064999999.995
823,282.3,1172999999.995
824,282.4,1299999999.993
825,282.5,1458519174.599
826,282.6,1663999999.989
827,282.7,1930999999.986
828,282.8,2267999999.982
829,282.9,2679789150.626
830,283.0,3155999999.976
831,283.1,3679999999.974
832,283.2,4223999999.974
833,283.3,4751460087.863
834,283.4,5225999999.979
835,283.5,5612999999.984
836,283.6,5884999999.99
837,283.7,6027525751.939
838,283.8,6043000000.002
839,283.9,5941000000.007
840,284.0,5745295174.239
841,284.1,5485000000.013
842,284.2,5190000000.014
843,284.3,4890000000.014
844,284.4,4607470713.652
845,284.5,4355000000.011
846,284.6,4141000000.009
847,284.7,3965000000.008
848,284.8,3821028434.709
849,284.9,3700000000.005
850,285.0,3593000000.005
851,285.1,3494000000.005
852,285.2,3398505073.621
853,285.3,3308000000.004
854,285.4,3227000000.004
855,285.5,3165000000.002
856,285.6,3129302295.526
857,285.7,3126999999.999
858,285.8,3163999999.997
859,285.9,3239999999.995
860,286.0,3349461785.927
861,286.1,3481999999.993
862,286.2,3624999999.993
863,286.3,3761617435.859
864,286.4,3875999999.995
865,286.5,3952999999.997
866,286.6,3979000000.0
867,286.7,3945578883.006
868,286.8,3851000000.006
869,286.9,3696000000.009
870,287.0,3487000000.011
871,287.1,3237807349.961
872,287.2,2964000000.014
873,287.3,2681000000.014
874,287.4,2404000000.013
875,287.5,2148719820.014
876,287.6,1925000000.01
877,287.7,1740000000.008
878,287.8,1596000000.006
879,287.9,1491568089.946
880,288.0,1424000000.003
881,288.1,1390000000.001
882,288.2,1385000000.0
883,288.3,1405830963.371
884,288.4,1449999999.997
885,288.5,1514999999.996
886,288.6,1597999999.995
887,288.7,1695486034.421
888,288.8,1801999999.994
889,288.9,1910999999.995
890,289.0,2013521488.685
891,289.1,2099999999.996
892,289.2,2161999999.998
893,289.3,2194999999.999
894,289.4,2194936283.763
895,289.5,2164000000.002
896,289.6,2107000000.003
897,289.7,2033000000.004
898,289.8,1954549053.092
899,289.9,1885000000.003
900,290.0,1837000000.002
901,290.1,1820000000.0
902,290.2,1840093637.133
903,290.3,1895999999.996
904,290.4,1983999999.995
905,290.5,2095999999.994
906,290.6,2216769993.058
907,290.7,2331999999.994
908,290.8,2427999999.996
909,290.9,2491999999.998
910,291.0,2517371765.131
911,291.1,2505000000.002
912,291.2,2459000000.003
913,291.3,2390615871.346
914,291.4,2315000000.004
915,291.5,2248000000.003
916,291.6,2205000000.001
917,291.7,2196425110.091
918,291.8,2226999999.997
919,291.9,2296999999.996
920,292.0,2394999999.994
921,292.1,2509977743.329
922,292.2,2624999999.994
923,292.3,2721999999.996
924,292.4,2785999999.998
925,292.5,2805865776.474
926,292.6,2778000000.003
927,292.7,2702000000.005
928,292.8,2584000000.007
929,292.9,2435182221.166
930,293.0,2267000000.009
931,293.1,2091000000.009
932,293.2,1919000000.009
933,293.3,1759190396.376
934,293.4,1616000000.007
935,293.5,1493000000.006
936,293.6,1392000000.005
937,293.7,1310024789.513
938,293.8,1245000000.003
939,293.9,1195000000.002
940,294.0,1156547286.234
941,294.1,1126000000.001
942,294.2,1100000000.001
943,294.3,1076000000.001
944,294.4,1051803098.423
945,294.5,1027000000.001
946,294.6,1001000000.001
947,294.7,971800000.002
948,294.8,940885505.311
949,294.9,908500000.002
950,295.0,874400000.002
951,295.1,838700000.002
952,295.2,801250093.64
953,295.3,762200000.002
954,295.4,721900000.002
955,295.5,681200000.002
956,295.6,641709063.693
957,295.7,605900000.002
958,295.8,576600000.001
959,295.9,557300000.001
960,296.0,551449212.286
961,296.1,561799999.999
962,296.2,590699999.998
963,296.3,639192882.716
964,296.4,706599999.996
965,296.5,791399999.995
966,296.6,890199999.994
967,296.7,998861887.019
968,296.8,1111999999.994
969,296.9,1223999999.994
970,297.0,1329999999.994
971,297.1,1426755169.824
972,297.2,1510999999.996
973,297.3,1579999999.997
974,297.4,1633999999.997
975,297.5,1675238262.883
976,297.6,1704999999.999
977,297.7,1724999999.999
978,297.8,1738999999.999
979,297.9,1747675582.849
980,298.0,1752000000.0
981,298.1,1753000000.0
982,298.2,1750000000.0
983,298.3,1740202931.84
984,298.4,1722000000.001
985,298.5,1694000000.002
986,298.6,1654000000.003
987,298.7,1600304370.485
988,298.8,1533000000.004
989,298.9,1453000000.005
990,299.0,1363020837.972
991,299.1,1267000000.006
992,299.2,1169000000.005
993,299.3,1073000000.005
994,299.4,983483270.252
995,299.5,903700000.004
996,299.6,836100000.003
997,299.7,781300000.003
998,299.8,738724487.686
999,299.9,706300000.002
1000,300.0,681500000.001
1001,300.1,661400000.001
1002,300.2,643283944.062
1003,300.3,625400000.001
1004,300.4,606500000.001
1005,300.5,586600000.001
1006,300.6,566831756.772
1007,300.7,548800000.001
1008,300.8,534200000.001
1009,300.9,524800000.0
1010,301.0,522036663.239
1011,301.1,526100000.0
1012,301.2,536699999.999
1013,301.3,552694628.687
1014,301.4,572099999.999
1015,301.5,592699999.999
1016,301.6,612099999.999
1017,301.7,628269720.739
1018,301.8,639700000.0
1019,301.9,645300000.0
1020,302.0,645200000.0
1021,302.1,640024068.404
1022,302.2,631300000.001
1023,302.3,620900000.001
1024,302.4,611100000.001
1025,302.5,603934311.877
1026,302.6,600900000.0
1027,302.7,603200000.0
1028,302.8,611099999.999
1029,302.9,623610842.744
1030,303.0,638999999.999
1031,303.1,655199999.999
1032,303.2,669399999.999
1033,303.3,679099308.928
1034,303.4,682500000.0
1035,303.5,678300000.0
1036,303.6,666600000.001
1037,303.7,648266739.423
1038,303.8,625400000.001
1039,303.9,600500000.001
1040,304.0,576366494.497
1041,304.1,555500000.001
1042,304.2,540100000.001
1043,304.3,531500000.0
1044,304.4,530276912.745
1045,304.5,535700000.0
1046,304.6,546599999.999
1047,304.7,561199999.999
1048,304.8,577222566.257
1049,304.9,592399999.999
1050,305.0,604599999.999
1051,305.1,612200000.0
1052,305.2,614214244.267
1053,305.3,610600000.0
1054,305.4,601700000.001
1055,305.5,588600000.001
1056,305.6,572826266.272
1057,305.7,556000000.001
1058,305.8,539700000.001
1059,305.9,525200000.001
1060,306.0,513112312.011
1061,306.1,503200000.001
1062,306.2,494900000.0
1063,306.3,487050323.769
1064,306.4,478200000.001
1065,306.5,466900000.001
1066,306.6,451900000.001
1067,306.7,432373874.526
1068,306.8,408400000.002
1069,306.9,380400000.002
1070,307.0,349400000.002
1071,307.1,316952453.805
1072,307.2,284800000.002
1073,307.3,254700000.002
1074,307.4,228400000.001
1075,307.5,207683804.93
1076,307.6,194100000.001
1077,307.7,189200000.0
1078,307.8,194799999.999
1079,307.9,212861860.346
1080,308.0,245799999.997
1081,308.1,296199999.996
1082,308.2,366899999.995
1083,308.3,460690794.921
1084,308.4,579499999.992
1085,308.5,724599999.99
1086,308.6,895299999.989
1087,308.7,1088909533.829
1088,308.8,1299999999.987
1089,308.9,1521999999.986
1090,309.0,1746188113.068
1091,309.1,1962999999.987
1092,309.2,2162999999.988
1093,309.3,2337999999.99
1094,309.4,2482274241.8
1095,309.5,2592999999.994
1096,309.6,2668999999.996
1097,309.7,2712999999.998
1098,309.8,2728530862.066
1099,309.9,2721000000.001
1100,310.0,2696000000.002
1101,310.1,2658000000.003
1102,310.2,2611935758.366
1103,310.3,2563000000.003
1104,310.4,2516000000.003
1105,310.5,2475000000.002
1106,310.6,2446320152.889
1107,310.7,2434000000.0
1108,310.8,2441999999.999
1109,310.9,2475999999.997
1110,311.0,2537995374.127
1111,311.1,2628999999.993
1112,311.2,2748999999.992
1113,311.3,2893755043.092
1114,311.4,3057999999.989
1115,311.5,3234999999.989
1116,311.6,3412999999.989
1117,311.7,3581932233.036
1118,311.8,3730999999.991
1119,311.9,3848999999.994
1120,312.0,3925999999.997
1121,312.1,3957425440.19
1122,312.2,3941000000.003
1123,312.3,3876000000.006
1124,312.4,3767000000.008
1125,312.5,3620892235.899
1126,312.6,3447000000.012
1127,312.7,3255000000.013
1128,312.8,3054000000.013
1129,312.9,2853324878.285
1130,313.0,2659000000.012
1131,313.1,2476000000.011
1132,313.2,2308000000.01
1133,313.3,2155389824.31
1134,313.4,2017000000.008
1135,313.5,1891000000.008
1136,313.6,1774000000.007
1137,313.7,1663065312.282
1138,313.8,1555000000.007
1139,313.9,1447000000.007
1140,314.0,1338242923.79
1141,314.1,1228000000.007
1142,314.2,1116000000.007
1143,314.3,1004000000.007
1144,314.4,893541281.323
1145,314.5,786500000.007
1146,314.6,684900000.006
1147,314.7,590700000.006
1148,314.8,505375259.897
1149,314.9,429800000.005
1150,315.0,364600000.004
1151,315.1,309800000.003
1152,315.2,264818644.991
1153,315.3,228900000.002
1154,315.4,201200000.002
1155,315.5,180600000.001
1156,315.6,166005830.809
1157,315.7,156400000.0
1158,315.8,150800000.0
1159,315.9,148300000.0
1160,316.0,148005668.109
1161,316.1,149100000.0
1162,316.2,150800000.0
1163,316.3,152410947.302
1164,316.4,153400000.0
1165,316.5,153300000.0
1166,316.6,151800000.0
1167,316.7,148851113.886
1168,316.8,144700000.0
1169,316.9,139700000.0
1170,317.0,134500000.0
1171,317.1,130261947.318
1172,317.2,128200000.0
1173,317.3,129600000.0
1174,317.4,136099999.999
1175,317.5,149368441.694
1176,317.6,170899999.998
1177,317.7,202099999.998
1178,317.8,244099999.997
1179,317.9,297455934.334
1180,318.0,361899999.995
1181,318.1,436699999.995
1182,318.2,519899999.994
1183,318.3,608612366.675
1184,318.4,698899999.994
1185,318.5,786399999.994
1186,318.6,866099999.995
1187,318.7,933276798.173
1188,318.8,983499999.997
1189,318.9,1012999999.999
1190,319.0,1020440591.363
1191,319.1,1005000000.002
1192,319.2,966800000.003
1193,319.3,909500000.004
1194,319.4,836720120.251
1195,319.5,753100000.006
1196,319.6,663600000.006
1197,319.7,573100000.006
1198,319.8,486129934.379
1199,319.9,406000000.005
1200,320.0,335400000.004
1201,320.1,275700000.004
1202,320.2,227518686.133
1203,320.3,190500000.002
1204,320.4,163900000.001
1205,320.5,146400000.001
1206,320.6,136698770.079
1207,320.7,133400000.0
1208,320.8,135100000.0
1209,320.9,140500000.0
1210,321.0,148340149.284
1211,321.1,157599999.999
1212,321.2,167299999.999
1213,321.3,176418460.342
1214,321.4,184100000.0
1215,321.5,189600000.0
1216,321.6,192400000.0
1217,321.7,192057088.174
1218,321.8,188600000.0
1219,321.9,182200000.001
1220,322.0,173200000.001
1221,322.1,162382925.566
1222,322.2,150700000.001
1223,322.3,139100000.001
1224,322.4,128500000.001
1225,322.5,119870729.062
1226,322.6,113800000.0
1227,322.7,110700000.0
1228,322.8,110700000.0
1229,322.9,113739788.878
1230,323.0,119400000.0
1231,323.1,127099999.999
1232,323.2,135999999.999
1233,323.3,145309016.012
1234,323.4,154199999.999
1235,323.5,161900000.0
1236,323.6,167900000.0
1237,323.7,171787282.368
1238,323.8,173600000.0
1239,323.9,173500000.0
1240,324.0,171795019.963
1241,324.1,169300000.0
1242,324.2,166900000.0
1243,324.3,165300000.0
1244,324.4,165265197.643
1245,324.5,167400000.0
1246,324.6,172100000.0
1247,324.7,179199999.999
1248,324.8,188561016.716
1249,324.9,199699999.999
1250,325.0,211999999.999
1251,325.1,224799999.999
1252,325.2,237770832.761
1253,325.3,250899999.999
1254,325.4,264399999.999
1255,325.5,279199999.999
1256,325.6,296718183.082
1257,325.7,318799999.998
1258,325.8,347499999.998
1259,325.9,385199999.997
1260,326.0,433762048.377
1261,326.1,494599999.995
1262,326.2,568799999.994
1263,326.3,656186924.802
1264,326.4,755299999.993
1265,326.5,864099999.992
1266,326.6,979199999.992
1267,326.7,1096454970.02
1268,326.8,1210999999.992
1269,326.9,1317999999.993
1270,327.0,1412999999.994
1271,327.1,1490887313.512
1272,327.2,1548999999.997
1273,327.3,1584999999.998
1274,327.4,1596000000.0
1275,327.5,1582480845.999
1276,327.6,1545000000.004
1277,327.7,1485000000.005
1278,327.8,1407000000.006
1279,327.9,1312348618.659
1280,328.0,1206000000.008
1281,328.1,1093000000.008
1282,328.2,975200000.009
1283,328.3,858111772.244
1284,328.4,745100000.008
1285,328.5,638600000.007
1286,328.6,540800000.007
1287,328.7,453231091.704
1288,328.8,376500000.005
1289,328.9,310800000.004
1290,329.0,255500361.948
1291,329.1,209800000.003
1292,329.2,172800000.002
1293,329.3,143200000.002
1294,329.4,119735940.356
1295,329.5,101300000.001
1296,329.6,86840000.001
1297,329.7,75420000.001
1298,329.8,66256347.495
1299,329.9,58750000.001
1300,330.0,52390000.0
1301,330.1,46860000.0
1302,330.2,41935904.951
1303,330.3,37500000.0
1304,330.4,33490000.0
1305,330.5,29950000.0
1306,330.6,26908665.359
1307,330.7,24420000.0
1308,330.8,22540000.0
1309,330.9,21290000.0
1310,331.0,20660254.21
1311,331.1,20600000.0
1312,331.2,21040000.0
1313,331.3,21870998.021
1314,331.4,22960000.0
1315,331.5,24170000.0
1316,331.6,25360000.0
1317,331.7,26390713.711
1318,331.8,27170000.0
1319,331.9,27620000.0
1320,332.0,27680000.0
1321,332.1,27340106.757
1322,332.2,26640000.0
1323,332.3,25640000.0
1324,332.4,24440000.0
1325,332.5,23143094.414
1326,332.6,21870000.0
1327,332.7,20750000.0
1328,332.8,19910000.0
1329,332.9,19416667.265
1330,333.0,19320000.0
1331,333.1,19650000.0
1332,333.2,20360000.0
1333,333.3,21381454.217
1334,333.4,22600000.0
1335,333.5,23890000.0
1336,333.6,25120000.0
1337,333.7,26136488.131
1338,333.8,26830000.0
1339,333.9,27110000.0
1340,334.0,26920647.308
1341,334.1,26260000.0
1342,334.2,25150000.0
1343,334.3,23660000.0
1344,334.4,21875805.006
1345,334.5,19900000.0
1346,334.6,17840000.0
1347,334.7,15800000.0
1348,334.8,13858912.339
1349,334.9,12080000.0
1350,335.0,10520000.0
1351,335.1,9213000.0
1352,335.2,8162529.367
1353,335.3,7361000.0
1354,335.4,6795000.0
1355,335.5,6433000.0
1356,335.6,6238759.389
1357,335.7,6170000.0
1358,335.8,6183000.0
1359,335.9,6235000.0
1360,336.0,6286801.057
1361,336.1,6308000.0
1362,336.2,6273000.0
1363,336.3,6169241.241
1364,336.4,5996000.0
1365,336.5,5758000.0
1366,336.6,5472000.0
1367,336.7,5156698.048
1368,336.8,4835000.0
1369,336.9,4530000.0
1370,337.0,4260000.0
1371,337.1,4037771.958
1372,337.2,3869000.0
1373,337.3,3756000.0
1374,337.4,3693000.0
1375,337.5,3668778.395
1376,337.6,3672000.0
1377,337.7,3692000.0
1378,337.8,3720000.0
1379,337.9,3749831.141
1380,338.0,3783000.0
1381,338.1,3824000.0
1382,338.2,3882000.0
1383,338.3,3968515.427
1384,338.4,4095000.0
1385,338.5,4272000.0
1386,338.6,4506000.0
1387,338.7,4798024.088
1388,338.8,5143000.0
1389,338.9,5533000.0
1390,339.0,5953913.64
1391,339.1,6390000.0
1392,339.2,6825000.0
1393,339.3,7242000.0
1394,339.4,7629034.726
1395,339.5,7976000.0
1396,339.6,8274000.0
1397,339.7,8518000.0
1398,339.8,8702697.268
1399,339.9,8824000.0
1400,340.0,8877000.0
1401,340.1,8853000.0
1402,340.2,8746273.731
1403,340.3,8551000.0
1404,340.4,8262000.0
1405,340.5,7879000.0
1406,340.6,7408051.356
1407,340.7,6860000.0
1408,340.8,6249000.0
1409,340.9,5598000.0
1410,341.0,4929747.631
1411,341.1,4268000.0
1412,341.2,3636000.0
1413,341.3,3052046.193
1414,341.4,2529000.0
1415,341.5,2077000.0
1416,341.6,1699000.0
1417,341.7,1392473.404
1418,341.8,1151000.0
1419,341.9,966700.0
1420,342.0,829100.0
1421,342.1,727721.37
1422,342.2,652900.0
1423,342.3,595700.0
1424,342.4,549500.0
1425,342.5,509112.154
1426,342.6,471500.0
1427,342.7,434600.0
1428,342.8,398200.0
1429,342.9,362823.7
1430,343.0,329800.0
1431,343.1,300700.0
1432,343.2,277300.0
1433,343.3,261513.257
1434,343.4,255300.0
1435,343.5,260700.0
1436,343.6,280100.0
1437,343.7,316494.9
1438,343.8,374200.0
1439,343.9,458300.0
1440,344.0,576225.965
1441,344.1,738000.0
1442,344.2,954900.0
1443,344.3,1241000.0
1444,344.4,1610680.897
1445,344.5,2078000.0
1446,344.6,2656000.0
1447,344.7,3353000.0
1448,344.8,4170119.51
1449,344.9,5097000.0
1450,345.0,6117000.0
1451,345.1,7198000.0
1452,345.2,8298512.526
1453,345.3,9368000.0
1454,345.4,10350000.0
1455,345.5,11180000.0
1456,345.6,11817403.952
1457,345.7,12220000.0
1458,345.8,12350000.0
1459,345.9,12200000.0
1460,346.0,11785058.227
1461,346.1,11130000.0
1462,346.2,10270000.0
1463,346.3,9270989.436
1464,346.4,8190000.0
1465,346.5,7081000.0
1466,346.6,6002000.0
1467,346.7,5003562.717
1468,346.8,4122000.0
1469,346.9,3388000.0
1470,347.0,2822000.0
1471,347.1,2437872.986
1472,347.2,2242000.0
1473,347.3,2238000.0
1474,347.4,2426000.0
1475,347.5,2806179.076
1476,347.6,3373000.0
1477,347.7,4119000.0
1478,347.8,5034000.0
1479,347.9,6100990.63
1480,348.0,7298000.0
1481,348.1,8602000.0
1482,348.2,9989000.0
1483,348.3,11434864.362
1484,348.4,12920000.0
1485,348.5,14430000.0
1486,348.6,15970000.0
1487,348.7,17562626.358
1488,348.8,19230000.0
1489,348.9,21000000.0
1490,349.0,22924569.562
1491,349.1,25050000.0
1492,349.2,27410000.0
1493,349.3,30010000.0
1494,349.4,32869741.77
1495,349.5,35960000.0
1496,349.6,39240000.0
1497,349.7,42670000.0
1498,349.8,46175407.777
1499,349.9,49700000.0
1500,350.0,53200000.0
1501,350.1,56660000.0
1502,350.2,60112857.14
1503,350.3,63640000.0
1504,350.4,67350000.0
1505,350.5,71420000.0
1506,350.6,76042628.066
1507,350.7,81400000.0
1508,350.8,87659999.999
1509,350.9,94939999.999
1510,351.0,103277215.028
1511,351.1,112499999.999
1512,351.2,122399999.999
1513,351.3,132758603.237
1514,351.4,143099999.999
1515,351.5,152899999.999
1516,351.6,161699999.999
1517,351.7,169057021.877
1518,351.8,174700000.0
1519,351.9,178400000.0
1520,352.0,180000000.0
1521,352.1,179684127.859
1522,352.2,177700000.0
1523,352.3,174300000.0
1524,352.4,169800000.0
1525,352.5,164588562.285
1526,352.6,159000000.0
1527,352.7,153300000.0
1528,352.8,147600000.0
1529,352.9,142116759.633
1530,353.0,137000000.0
1531,353.1,132300000.0
1532,353.2,127900000.0
1533,353.3,124039379.054
1534,353.4,120900000.0
1535,353.5,118600000.0
1536,353.6,117200000.0
1537,353.7,116836755.242
1538,353.8,117700000.0
1539,353.9,119900000.0
1540,354.0,123239615.919
1541,354.1,127600000.0
1542,354.2,132899999.999
1543,354.3,138999999.999
1544,354.4,145621303.969
1545,354.5,152599999.999
1546,354.6,159799999.999
1547,354.7,167099999.999
1548,354.8,174562253.838
1549,354.9,182099999.999
1550,355.0,189599999.999
1551,355.1,196999999.999
1552,355.2,204055473.403
1553,355.3,210499999.999
1554,355.4,216000000.0
1555,355.5,220000000.0
1556,355.6,222170288.743
1557,355.7,222200000.0
1558,355.8,219800000.0
1559,355.9,214900000.001
1560,356.0,207767779.511
1561,356.1,198800000.001
1562,356.2,188500000.001
1563,356.3,177729771.891
1564,356.4,167400000.001
1565,356.5,158400000.001
1566,356.6,151600000.0
1567,356.7,147884925.327
1568,356.8,147900000.0
1569,356.9,152099999.999
1570,357.0,160499999.999
1571,357.1,173094559.132
1572,357.2,189399999.998
1573,357.3,208799999.998
1574,357.4,230599999.998
1575,357.5,253805644.925
1576,357.6,277499999.998
1577,357.7,300799999.998
1578,357.8,322899999.998
1579,357.9,343453035.119
1580,358.0,362399999.998
1581,358.1,379799999.998
1582,358.2,395999999.999
1583,358.3,411455818.064
1584,358.4,426799999.999
1585,358.5,442599999.999
1586,358.6,458999999.998
1587,358.7,475984517.072
1588,358.8,493099999.998
1589,358.9,509699999.999
1590,359.0,524805716.216
1591,359.1,537299999.999
1592,359.2,546099999.999
1593,359.3,550300000.0
1594,359.4,549123537.536
1595,359.5,542400000.001
1596,359.6,530200000.001
1597,359.7,513000000.002
1598,359.8,491641606.715
1599,359.9,467100000.002
1600,360.0,440400000.002
1601,360.1,412600000.003
1602,360.2,384413273.135
1603,360.3,356500000.003
1604,360.4,329400000.002
1605,360.5,303200000.002
1606,360.6,278076051.58
1607,360.7,254000000.002
1608,360.8,230900000.002
1609,360.9,208800000.002
1610,361.0,187750735.359
1611,361.1,167900000.002
1612,361.2,149400000.002
1613,361.3,132342719.623
1614,361.4,116900000.001
1615,361.5,103200000.001
1616,361.6,91160000.001
1617,361.7,80824938.57
1618,361.8,72050000.001
1619,361.9,64620000.001
1620,362.0,58300000.001
1621,362.1,52877093.365
1622,362.2,48150000.0
1623,362.3,43940000.0
1624,362.4,40150000.0
1625,362.5,36709896.287
1626,362.6,33630000.0
1627,362.7,30950000.0
1628,362.8,28740000.0
1629,362.9,27065172.019
1630,363.0,25980000.0
1631,363.1,25530000.0
1632,363.2,25720000.0
1633,363.3,26492626.595
1634,363.4,27760000.0
1635,363.5,29410000.0
1636,363.6,31260000.0
1637,363.7,33139985.488
1638,363.8,34880000.0
1639,363.9,36310000.0
1640,364.0,37281326.575
1641,364.1,37700000.0
1642,364.2,37500000.0
1643,364.3,36680000.0
1644,364.4,35285759.597
1645,364.5,33410000.0
1646,364.6,31170000.0
1647,364.7,28730000.0
1648,364.8,26235866.794
1649,364.9,23850000.0
1650,365.0,21730000.0
1651,365.1,19990000.0
1652,365.2,18731466.392
1653,365.3,18020000.0
1654,365.4,17900000.0
1655,365.5,18370000.0
1656,365.6,19412832.466
1657,365.7,20980000.0
1658,365.8,23010000.0
1659,365.9,25420000.0
1660,366.0,28115500.587
1661,366.1,31000000.0
1662,366.2,33970000.0
1663,366.3,36899977.638
1664,366.4,39680000.0
1665,366.5,42210000.0
1666,366.6,44400000.0
1667,366.7,46150497.698
1668,366.8,47410000.0
1669,366.9,48140000.0
1670,367.0,48310000.0
1671,367.1,47936155.882
1672,367.2,47060000.0
1673,367.3,45740000.0
1674,367.4,44080000.0
1675,367.5,42172461.149
1676,367.6,40130000.0
1677,367.7,38070000.0
1678,367.8,36100000.0
1679,367.9,34318597.49
1680,368.0,32810000.0
1681,368.1,31640000.0
1682,368.2,30830000.0
1683,368.3,30431384.448
1684,368.4,30440000.0
1685,368.5,30840000.0
1686,368.6,31630000.0
1687,368.7,32776104.53
1688,368.8,34240000.0
1689,368.9,35990000.0
1690,369.0,38006528.633
1691,369.1,40240000.0
1692,369.2,42640000.0
1693,369.3,45180000.0
1694,369.4,47810648.117
1695,369.5,50480000.0
1696,369.6,53140000.0
1697,369.7,55750000.0
1698,369.8,58268380.571
1699,369.9,60680000.0
1700,370.0,62980000.0
1701,370.1,65180000.0
1702,370.2,67318278.73
1703,370.3,69460000.0
1704,370.4,71680000.0
1705,370.5,74070000.0
1706,370.6,76722703.058
1707,370.7,79710000.0
1708,370.8,83090000.0
1709,370.9,86880000.0
1710,371.0,91058693.913
1711,371.1,95590000.0
1712,371.2,100400000.0
1713,371.3,105314898.332
1714,371.4,110300000.0
1715,371.5,115300000.0
1716,371.6,120100000.0
1717,371.7,124768847.208
1718,371.8,129300000.0
1719,371.9,133700000.0
1720,372.0,138100000.0
1721,372.1,142366963.588
1722,372.2,146600000.0
1723,372.3,150900000.0
1724,372.4,155100000.0
1725,372.5,159134764.639
1726,372.6,162800000.0
1727,372.7,165900000.0
1728,372.8,168400000.0
1729,372.9,170066687.35
1730,373.0,170700000.0
1731,373.1,170200000.0
1732,373.2,168700000.0
1733,373.3,166222369.065
1734,373.4,163000000.0
1735,373.5,159300000.0
1736,373.6,155300000.0
1737,373.7,151323406.891
1738,373.8,147700000.0
1739,373.9,144700000.0
1740,374.0,142407386.145
1741,374.1,140900000.0
1742,374.2,140200000.0
1743,374.3,140100000.0
1744,374.4,140431148.409
1745,374.5,140900000.0
1746,374.6,141200000.0
1747,374.7,141100000.0
1748,374.8,140286006.156
1749,374.9,138500000.0
1750,375.0,135600000.0
1751,375.1,131700000.0
1752,375.2,126655494.533
1753,375.3,120700000.001
1754,375.4,114100000.001
1755,375.5,106900000.001
1756,375.6,99550310.972
1757,375.7,92340000.001
1758,375.8,85490000.001
1759,375.9,79250000.001
1760,376.0,73838969.114
1761,376.1,69370000.0
1762,376.2,65920000.0
1763,376.3,63503059.361
1764,376.4,62040000.0
1765,376.5,61420000.0
1766,376.6,61480000.0
1767,376.7,62012245.73
1768,376.8,62800000.0
1769,376.9,63630000.0
1770,377.0,64300000.0
1771,377.1,64616688.272
1772,377.2,64460000.0
1773,377.3,63740000.0
1774,377.4,62420000.0
1775,377.5,60521084.501
1776,377.6,58110000.0
1777,377.7,55270000.0
1778,377.8,52120000.0
1779,377.9,48802910.687
1780,378.0,45440000.0
1781,378.1,42140000.0
1782,378.2,38990000.0
1783,378.3,36065095.69
1784,378.4,33400000.0
1785,378.5,31010000.0
1786,378.6,28880000.0
1787,378.7,27001539.339
1788,378.8,25340000.0
1789,378.9,23860000.0
1790,379.0,22550631.617
1791,379.1,21390000.0
1792,379.2,20360000.0
1793,379.3,19470000.0
1794,379.4,18720238.514
1795,379.5,18130000.0
1796,379.6,17720000.0
1797,379.7,17500000.0
1798,379.8,17499284.552
1799,379.9,17720000.0
1800,380.0,18160000.0
1801,380.1,18830000.0
1802,380.2,19722507.497
1803,380.3,20820000.0
1804,380.4,22100000.0
1805,380.5,23530000.0
1806,380.6,25086530.603
1807,380.7,26720000.0
1808,380.8,28380000.0
1809,380.9,30030000.0
1810,381.0,31592467.547
1811,381.1,33010000.0
1812,381.2,34230000.0
1813,381.3,35189437.641
1814,381.4,35840000.0
1815,381.5,36140000.0
1816,381.6,36060000.0
1817,381.7,35594208.16
1818,381.8,34760000.0
1819,381.9,33580000.0
1820,382.0,32090000.0
1821,382.1,30365239.074
1822,382.2,28470000.0
1823,382.3,26470000.0
1824,382.4,24450000.0
1825,382.5,22470675.549
1826,382.6,20600000.0
1827,382.7,18900000.0
1828,382.8,17400000.0
1829,382.9,16140579.088
1830,383.0,15140000.0
1831,383.1,14410000.0
1832,383.2,13960000.0
1833,383.3,13776987.372
1834,383.4,13840000.0
1835,383.5,14130000.0
1836,383.6,14630000.0
1837,383.7,15296653.314
1838,383.8,16090000.0
1839,383.9,16970000.0
1840,384.0,17888688.228
1841,384.1,18810000.0
1842,384.2,19700000.0
1843,384.3,20520000.0
1844,384.4,21239001.044
1845,384.5,21840000.0
1846,384.6,22310000.0
1847,384.7,22640000.0
1848,384.8,22826751.223
1849,384.9,22880000.0
1850,385.0,22810000.0
1851,385.1,22620000.0
1852,385.2,22324428.047
1853,385.3,21940000.0
1854,385.4,21480000.0
1855,385.5,20950000.0
1856,385.6,20370172.082
1857,385.7,19760000.0
1858,385.8,19140000.0
1859,385.9,18540000.0
1860,386.0,17991841.222
1861,386.1,17530000.0
1862,386.2,17190000.0
1863,386.3,17010760.775
1864,386.4,17040000.0
1865,386.5,17320000.0
1866,386.6,17870000.0
1867,386.7,18720549.68
1868,386.8,19870000.0
1869,386.9,21310000.0
1870,387.0,23030000.0
1871,387.1,24966107.771
1872,387.2,27050000.0
1873,387.3,29210000.0
1874,387.4,31350000.0
1875,387.5,33366449.563
1876,387.6,35160000.0
1877,387.7,36640000.0
1878,387.8,37740000.0
1879,387.9,38394817.566
1880,388.0,38600000.0
1881,388.1,38370000.0
1882,388.2,37740000.0
1883,388.3,36796631.589
1884,388.4,35650000.0
1885,388.5,34420000.0
1886,388.6,33250000.0
1887,388.7,32271800.269
1888,388.8,31600000.0
1889,388.9,31340000.0
1890,389.0,31566632.279
1891,389.1,32320000.0
1892,389.2,33610000.0
1893,389.3,35370000.0
1894,389.4,37552824.31
1895,389.5,40050000.0
1896,389.6,42730000.0
1897,389.7,45450000.0
1898,389.8,48080807.754
1899,389.9,50500000.0
1900,390.0,52590000.0
1901,390.1,54260000.0
1902,390.2,55467825.971
1903,390.3,56200000.0
1904,390.4,56460000.0
1905,390.5,56300000.0
1906,390.6,55787785.911
1907,390.7,55010000.0
1908,390.8,54050000.0
1909,390.9,52970000.0
1910,391.0,51854341.201
1911,391.1,50740000.0
1912,391.2,49650000.0
1913,391.3,48599273.08
1914,391.4,47560000.0
1915,391.5,46500000.0
1916,391.6,45400000.0
1917,391.7,44204070.075
1918,391.8,42880000.0
1919,391.9,41410000.0
1920,392.0,39790000.0
1921,392.1,38004662.556
1922,392.2,36080000.0
1923,392.3,34050000.0
1924,392.4,31940000.0
1925,392.5,29798001.695
1926,392.6,27660000.0
1927,392.7,25560000.0
1928,392.8,23540000.0
1929,392.9,21627489.126
1930,393.0,19840000.0
1931,393.1,18200000.0
1932,393.2,16740000.0
1933,393.3,15448879.015
1934,393.4,14350000.0
1935,393.5,13470000.0
1936,393.6,12810000.0
1937,393.7,12401278.015
1938,393.8,12260000.0
1939,393.9,12400000.0
1940,394.0,12847076.432
1941,394.1,13610000.0
1942,394.2,14690000.0
1943,394.3,16080000.0
1944,394.4,17767559.964
1945,394.5,19720000.0
1946,394.6,21900000.0
1947,394.7,24270000.0
1948,394.8,26783195.637
1949,394.9,29390000.0
1950,395.0,32050000.0
1951,395.1,34750000.0
1952,395.2,37455843.077
1953,395.3,40160000.0
1954,395.4,42870000.0
1955,395.5,45610000.0
1956,395.6,48384155.862
1957,395.7,51200000.0
1958,395.8,54070000.0
1959,395.9,57000000.0
1960,396.0,59940616.937
1961,396.1,62850000.0
1962,396.2,65680000.0
1963,396.3,68337293.86
1964,396.4,70730000.0
1965,396.5,72770000.0
1966,396.6,74370000.0
1967,396.7,75450328.908
1968,396.8,75970000.0
1969,396.9,75900000.0
1970,397.0,75230000.0
1971,397.1,73997379.475
1972,397.2,72270000.0
1973,397.3,70130000.0
1974,397.4,67690000.0
1975,397.5,65052911.545
1976,397.6,62340000.0
1977,397.7,59670000.0
1978,397.8,57130000.0
1979,397.9,54802500.95
1980,398.0,52740000.0
1981,398.1,50980000.0
1982,398.2,49530000.0
1983,398.3,48373283.364
1984,398.4,47470000.0
1985,398.5,46780000.0
1986,398.6,46270000.0
1987,398.7,45874563.931
1988,398.8,45560000.0
1989,398.9,45300000.0
1990,399.0,45064313.51
1991,399.1,44860000.0
1992,399.2,44700000.0
1993,399.3,44590000.0
1994,399.4,44565809.342
1995,399.5,44650000.0
1996,399.6,44860000.0
1997,399.7,45210000.0
1998,399.8,45688744.64
1999,399.9,46270000.0
2000,400.0,46920000.0
2001,400.1,47580000.0
2002,400.2,48173251.551
2003,400.3,48630000.0
2004,400.4,48880000.0
2005,400.5,48850000.0
2006,400.6,48505165.405
2007,400.7,47830000.0
2008,400.8,46820000.0
2009,400.9,45510000.0
2010,401.0,43964654.99
2011,401.1,42260000.0
2012,401.2,40480000.0
2013,401.3,38730471.737
2014,401.4,37110000.0
2015,401.5,35700000.0
2016,401.6,34540000.0
2017,401.7,33691466.018
2018,401.8,33160000.0
2019,401.9,32930000.0
2020,402.0,32970000.0
2021,402.1,33238249.227
2022,402.2,33670000.0
2023,402.3,34200000.0
2024,402.4,34780000.0
2025,402.5,35356328.835
2026,402.6,35890000.0
2027,402.7,36350000.0
2028,402.8,36720000.0
2029,402.9,36992178.345
2030,403.0,37160000.0
2031,403.1,37220000.0
2032,403.2,37180000.0
2033,403.3,37043577.167
2034,403.4,36800000.0
2035,403.5,36440000.0
2036,403.6,35970000.0
2037,403.7,35389095.988
2038,403.8,34700000.0
2039,403.9,33910000.0
2040,404.0,33039586.089
2041,404.1,32120000.0
2042,404.2,31180000.0
2043,404.3,30240000.0
2044,404.4,29345854.293
2045,404.5,28520000.0
2046,404.6,27780000.0
2047,404.7,27150000.0
2048,404.8,26629614.951
2049,404.9,26210000.0
2050,405.0,25880000.0
2051,405.1,25620000.0
2052,405.2,25403978.543
2053,405.3,25200000.0
2054,405.4,24980000.0
2055,405.5,24730000.0
2056,405.6,24419629.543
2057,405.7,24030000.0
2058,405.8,23550000.0
2059,405.9,22980000.0
2060,406.0,22316257.964
2061,406.1,21550000.0
2062,406.2,20680000.0
2063,406.3,19730292.21
2064,406.4,18700000.0
2065,406.5,17590000.0
2066,406.6,16430000.0
2067,406.7,15220851.023
2068,406.8,13980000.0
2069,406.9,12730000.0
2070,407.0,11490000.0
2071,407.1,10290473.468
2072,407.2,9151000.0
2073,407.3,8090000.0
2074,407.4,7134000.0
2075,407.5,6302687.813
2076,407.6,5614000.0
2077,407.7,5085000.0
2078,407.8,4728000.0
2079,407.9,4551133.388
2080,408.0,4559000.0
2081,408.1,4754000.0
2082,408.2,5133000.0
2083,408.3,5691325.671
2084,408.4,6419000.0
2085,408.5,7304000.0
2086,408.6,8331000.0
2087,408.7,9481727.697
2088,408.8,10740000.0
2089,408.9,12090000.0
2090,409.0,13513774.624
2091,409.1,14990000.0
2092,409.2,16500000.0
2093,409.3,18040000.0
2094,409.4,19610973.527
2095,409.5,21200000.0
2096,409.6,22800000.0
2097,409.7,24430000.0
2098,409.8,26077260.798
2099,409.9,27750000.0
2100,410.0,29460000.0
2101,410.1,31200000.0
2102,410.2,32957900.202
2103,410.3,34720000.0
2104,410.4,36470000.0
2105,410.5,38180000.0
2106,410.6,39810777.476
2107,410.7,41330000.0
2108,410.8,42700000.0
2109,410.9,43860000.0
2110,411.0,44774506.184
2111,411.1,45420000.0
2112,411.2,45770000.0
2113,411.3,45792165.819
2114,411.4,45490000.0
2115,411.5,44880000.0
2116,411.6,43990000.0
2117,411.7,42850099.998
2118,411.8,41500000.0
2119,411.9,39990000.0
2120,412.0,38390000.0
2121,412.1,36734534.333
2122,412.2,35070000.0
2123,412.3,33440000.0
2124,412.4,31860000.0
2125,412.5,30358158.716
2126,412.6,28940000.0
2127,412.7,27600000.0
2128,412.8,26320000.0
2129,412.9,25083510.126
2130,413.0,23870000.0
2131,413.1,22660000.0
2132,413.2,21440000.0
2133,413.3,20189504.005
2134,413.4,18910000.0
2135,413.5,17600000.0
2136,413.6,16240000.0
2137,413.7,14867757.576
2138,413.8,13490000.0
2139,413.9,12110000.0
2140,414.0,10761864.175
2141,414.1,9464000.0
2142,414.2,8230000.0
2143,414.3,7078000.0
2144,414.4,6021972.072
2145,414.5,5071000.0
2146,414.6,4232000.0
2147,414.7,3507000.0
2148,414.8,2896130.661
2149,414.9,2396000.0
2150,415.0,2002000.0
2151,415.1,1708000.0
2152,415.2,1506324.566
2153,415.3,1388000.0
2154,415.4,1344000.0
2155,415.5,1366000.0
2156,415.6,1445169.5
2157,415.7,1572000.0
2158,415.8,1737000.0
2159,415.9,1931000.0
2160,416.0,2144344.46
2161,416.1,2369000.0
2162,416.2,2597000.0
2163,416.3,2819841.573
2164,416.4,3033000.0
2165,416.5,3233000.0
2166,416.6,3417000.0
2167,416.7,3585847.527
2168,416.8,3743000.0
2169,416.9,3893000.0
2170,417.0,4043000.0
2171,417.1,4200751.864
2172,417.2,4373000.0
2173,417.3,4566000.0
2174,417.4,4785000.0
2175,417.5,5033044.36
2176,417.6,5307000.0
2177,417.7,5602000.0
2178,417.8,5911000.0
2179,417.9,6221300.247
2180,418.0,6518000.0
2181,418.1,6786000.0
2182,418.2,7010000.0
2183,418.3,7174666.313
2184,418.4,7269000.0
2185,418.5,7284000.0
2186,418.6,7215000.0
2187,418.7,7063053.624
2188,418.8,6834000.0
2189,418.9,6536000.0
2190,419.0,6182809.705
2191,419.1,5790000.0
2192,419.2,5374000.0
2193,419.3,4953000.0
2194,419.4,4541291.267
2195,419.5,4153000.0
2196,419.6,3801000.0
2197,419.7,3492000.0
2198,419.8,3230171.813
2199,419.9,3017000.0
2200,420.0,2852000.0
2201,420.1,2730000.0
2202,420.2,2646118.604
2203,420.3,2593000.0
2204,420.4,2563000.0
2205,420.5,2550000.0
2206,420.6,2547449.133
2207,420.7,2551000.0
2208,420.8,2557000.0
2209,420.9,2563000.0
2210,421.0,2570706.694
2211,421.1,2583000.0
2212,421.2,2603000.0
2213,421.3,2635129.091
2214,421.4,2686000.0
2215,421.5,2763000.0
2216,421.6,2874000.0
2217,421.7,3025026.327
2218,421.8,3223000.0
2219,421.9,3474000.0
2220,422.0,3780000.0
2221,422.1,4143718.946
2222,422.2,4564000.0
2223,422.3,5038000.0
2224,422.4,5560000.0
2225,422.5,6120649.776
2226,422.6,6710000.0
2227,422.7,7318000.0
2228,422.8,7934000.0
2229,422.9,8548094.064
2230,423.0,9154000.0
2231,423.1,9751000.0
2232,423.2,10350000.0
2233,423.3,10950144.535
2234,423.4,11590000.0
2235,423.5,12310000.0
2236,423.6,13130000.0
2237,423.7,14125772.915
2238,423.8,15360000.0
2239,423.9,16890000.0
2240,424.0,18781965.74
2241,424.1,21100000.0
2242,424.2,23900000.0
2243,424.3,27210000.0
2244,424.4,31042420.341
2245,424.5,35369999.999
2246,424.6,40149999.999
2247,424.7,45309999.999
2248,424.8,50736404.449
2249,424.9,56289999.999
2250,425.0,61819999.999
2251,425.1,67149999.999
2252,425.2,72112371.596
2253,425.3,76559999.999
2254,425.4,80360000.0
2255,425.5,83420000.0
2256,425.6,85679792.946
2257,425.7,87150000.0
2258,425.8,87870000.0
2259,425.9,87930000.0
2260,426.0,87459637.52
2261,426.1,86620000.0
2262,426.2,85580000.0
2263,426.3,84509185.698
2264,426.4,83560000.0
2265,426.5,82870000.0
2266,426.6,82530000.0
2267,426.7,82587238.666
2268,426.8,83040000.0
2269,426.9,83860000.0
2270,427.0,84960000.0
2271,427.1,86244721.681
2272,427.2,87590000.0
2273,427.3,88870000.0
2274,427.4,89980000.0
2275,427.5,90812653.814
2276,427.6,91300000.0
2277,427.7,91400000.0
2278,427.8,91120000.0
2279,427.9,90458857.075
2280,428.0,89470000.0
2281,428.1,88220000.0
2282,428.2,86770000.0
2283,428.3,85194885.846
2284,428.4,83540000.0
2285,428.5,81840000.0
2286,428.6,80120000.0
2287,428.7,78385263.877
2288,428.8,76610000.0
2289,428.9,74760000.0
2290,429.0,72796162.433
2291,429.1,70680000.0
2292,429.2,68370000.0
2293,429.3,65820000.0
2294,429.4,63020308.196
2295,429.5,59980000.0
2296,429.6,56710000.0
2297,429.7,53230000.0
2298,429.8,49597212.244
2299,429.9,45860000.0
2300,430.0,42070000.0
2301,430.1,38300000.0
2302,430.2,34592631.665
2303,430.3,31010000.0
2304,430.4,27610000.0
2305,430.5,24410000.0
2306,430.6,21441401.23
2307,430.7,18730000.0
2308,430.8,16290000.0
2309,430.9,14110000.0
2310,431.0,12196096.994
2311,431.1,10540000.0
2312,431.2,9127000.0
2313,431.3,7939474.216
2314,431.4,6961000.0
2315,431.5,6175000.0
2316,431.6,5563000.0
2317,431.7,5109014.22
2318,431.8,4798000.0
2319,431.9,4616000.0
2320,432.0,4553000.0
2321,432.1,4600326.008
2322,432.2,4754000.0
2323,432.3,5011000.0
2324,432.4,5369000.0
2325,432.5,5831952.318
2326,432.6,6403000.0
2327,432.7,7085000.0
2328,432.8,7882000.0
2329,432.9,8796814.547
2330,433.0,9830000.0
2331,433.1,10980000.0
2332,433.2,12240000.0
2333,433.3,13604303.962
2334,433.4,15060000.0
2335,433.5,16590000.0
2336,433.6,18170000.0
2337,433.7,19776305.664
2338,433.8,21380000.0
2339,433.9,22950000.0
2340,434.0,24454784.487
2341,434.1,25870000.0
2342,434.2,27170000.0
2343,434.3,28320000.0
2344,434.4,29298109.835
2345,434.5,30090000.0
2346,434.6,30680000.0
2347,434.7,31050000.0
2348,434.8,31203595.092
2349,434.9,31140000.0
2350,435.0,30860000.0
2351,435.1,30380000.0
2352,435.2,29717124.857
2353,435.3,28900000.0
2354,435.4,27960000.0
2355,435.5,26930000.0
2356,435.6,25854413.185
2357,435.7,24770000.0
2358,435.8,23720000.0
2359,435.9,22770000.0
2360,436.0,21945660.423
2361,436.1,21300000.0
2362,436.2,20890000.0
2363,436.3,20745872.42
2364,436.4,20890000.0
2365,436.5,21350000.0
2366,436.6,22160000.0
2367,436.7,23304256.714
2368,436.8,24780000.0
2369,436.9,26580000.0
2370,437.0,28660000.0
2371,437.1,30990988.171
2372,437.2,33510000.0
2373,437.3,36150000.0
2374,437.4,38860000.0
2375,437.5,41555929.364
2376,437.6,44160000.0
2377,437.7,46600000.0
2378,437.8,48810000.0
2379,437.9,50731358.694
2380,438.0,52310000.0
2381,438.1,53500000.0
2382,438.2,54280000.0
2383,438.3,54626516.348
2384,438.4,54550000.0
2385,438.5,54070000.0
2386,438.6,53210000.0
2387,438.7,52016943.149
2388,438.8,50540000.0
2389,438.9,48830000.0
2390,439.0,46949756.091
2391,439.1,44970000.0
2392,439.2,42960000.0
2393,439.3,40980000.0
2394,439.4,39090134.872
2395,439.5,37330000.0
2396,439.6,35740000.0
2397,439.7,34370000.0
2398,439.8,33217421.366
2399,439.9,32290000.0
2400,440.0,31590000.0
2401,440.1,31080000.0
2402,440.2,30740675.937
2403,440.3,30540000.0
2404,440.4,30430000.0
2405,440.5,30340000.0
2406,440.6,30252124.271
2407,440.7,30110000.0
2408,440.8,29860000.0
2409,440.9,29500000.0
2410,441.0,28989866.34
2411,441.1,28330000.0
2412,441.2,27530000.0
2413,441.3,26588539.53
2414,441.4,25540000.0
2415,441.5,24420000.0
2416,441.6,23240000.0
2417,441.7,22046027.596
2418,441.8,20880000.0
2419,441.9,19770000.0
2420,442.0,18720000.0
2421,442.1,17771859.895
2422,442.2,16930000.0
2423,442.3,16190000.0
2424,442.4,15560000.0
2425,442.5,15032348.525
2426,442.6,14590000.0
2427,442.7,14220000.0
2428,442.8,13920000.0
2429,442.9,13659425.68
2430,443.0,13430000.0
2431,443.1,13230000.0
2432,443.2,13050000.0
2433,443.3,12877212.012
2434,443.4,12710000.0
2435,443.5,12550000.0
2436,443.6,12400000.0
2437,443.7,12264777.609
2438,443.8,12150000.0
2439,443.9,12060000.0
2440,444.0,11996181.657
2441,444.1,11970000.0
2442,444.2,11990000.0
2443,444.3,12050000.0
2444,444.4,12166045.755
2445,444.5,12340000.0
2446,444.6,12570000.0
2447,444.7,12860000.0
2448,444.8,13208164.576
2449,444.9,13610000.0
2450,445.0,14060000.0
2451,445.1,14550000.0
2452,445.2,15071658.822
2453,445.3,15610000.0
2454,445.4,16150000.0
2455,445.5,16680000.0
2456,445.6,17178123.755
2457,445.7,17630000.0
2458,445.8,18020000.0
2459,445.9,18320000.0
2460,446.0,18514663.361
2461,446.1,18600000.0
2462,446.2,18570000.0
2463,446.3,18408804.768
2464,446.4,18120000.0
2465,446.5,17710000.0
2466,446.6,17180000.0
2467,446.7,16551903.671
2468,446.8,15840000.0
2469,446.9,15060000.0
2470,447.0,14240000.0
2471,447.1,13389532.348
2472,447.2,12540000.0
2473,447.3,11720000.0
2474,447.4,10930000.0
2475,447.5,10203345.14
2476,447.6,9555000.0
2477,447.7,8993000.0
2478,447.8,8528000.0
2479,447.9,8167449.529
2480,448.0,7914000.0
2481,448.1,7768000.0
2482,448.2,7725000.0
2483,448.3,7779457.172
2484,448.4,7921000.0
2485,448.5,8138000.0
2486,448.6,8418000.0
2487,448.7,8744784.504
2488,448.8,9102000.0
2489,448.9,9474000.0
2490,449.0,9846086.455
2491,449.1,10200000.0
2492,449.2,10520000.0
2493,449.3,10800000.0
2494,449.4,11022836.84
2495,449.5,11180000.0
2496,449.6,11270000.0
2497,449.7,11300000.0
2498,449.8,11259876.803
2499,449.9,11150000.0
2500,450.0,10980000.0
2501,450.1,10770000.0
2502,450.2,10513058.6
2503,450.3,10220000.0
2504,450.4,9908000.0
2505,450.5,9591000.0
2506,450.6,9278599.382
2507,450.7,8982000.0
2508,450.8,8713000.0
2509,450.9,8483000.0
2510,451.0,8302802.251
2511,451.1,8182000.0
2512,451.2,8130000.0
2513,451.3,8155895.478
2514,451.4,8266000.0
2515,451.5,8466000.0
2516,451.6,8761000.0
2517,451.7,9152683.724
2518,451.8,9643000.0
2519,451.9,10230000.0
2520,452.0,10900000.0
2521,452.1,11651198.546
2522,452.2,12470000.0
2523,452.3,13340000.0
2524,452.4,14250000.0
2525,452.5,15185550.607
2526,452.6,16120000.0
2527,452.7,17030000.0
2528,452.8,17910000.0
2529,452.9,18736866.23
2530,453.0,19500000.0
2531,453.1,20190000.0
2532,453.2,20790000.0
2533,453.3,21306208.069
2534,453.4,21740000.0
2535,453.5,22090000.0
2536,453.6,22360000.0
2537,453.7,22568065.741
2538,453.8,22730000.0
2539,453.9,22860000.0
2540,454.0,22973254.47
2541,454.1,23090000.0
2542,454.2,23230000.0
2543,454.3,23410000.0
2544,454.4,23656236.498
2545,454.5,23980000.0
2546,454.6,24390000.0
2547,454.7,24900000.0
2548,454.8,25510028.643
2549,454.9,26210000.0
2550,455.0,26990000.0
2551,455.1,27840000.0
2552,455.2,28725852.224
2553,455.3,29620000.0
2554,455.4,30490000.0
2555,455.5,31280000.0
2556,455.6,31960542.346
2557,455.7,32490000.0
2558,455.8,32830000.0
2559,455.9,32970000.0
2560,456.0,32883941.678
2561,456.1,32560000.0
2562,456.2,32000000.0
2563,456.3,31235061.667
2564,456.4,30290000.0
2565,456.5,29190000.0
2566,456.6,27980000.0
2567,456.7,26720226.345
2568,456.8,25460000.0
2569,456.9,24250000.0
2570,457.0,23150000.0
2571,457.1,22188060.31
2572,457.2,21410000.0
2573,457.3,20860000.0
2574,457.4,20550000.0
2575,457.5,20491025.687
2576,457.6,20680000.0
2577,457.7,21110000.0
2578,457.8,21770000.0
2579,457.9,22624949.822
2580,458.0,23630000.0
2581,458.1,24740000.0
2582,458.2,25910000.0
2583,458.3,27084384.618
2584,458.4,28200000.0
2585,458.5,29200000.0
2586,458.6,30050000.0
2587,458.7,30696992.332
2588,458.8,31100000.0
2589,458.9,31230000.0
2590,459.0,31084234.039
2591,459.1,30660000.0
2592,459.2,29960000.0
2593,459.3,29010000.0
2594,459.4,27828646.07
2595,459.5,26460000.0
2596,459.6,24950000.0
2597,459.7,23330000.0
2598,459.8,21655543.902
2599,459.9,19970000.0
2600,460.0,18310000.0
2601,460.1,16710000.0
2602,460.2,15211057.613
2603,460.3,13830000.0
2604,460.4,12580000.0
2605,460.5,11480000.0
2606,460.6,10525364.576
2607,460.7,9718000.0
2608,460.8,9059000.0
2609,460.9,8534000.0
2610,461.0,8131046.963
2611,461.1,7836000.0
2612,461.2,7633000.0
2613,461.3,7503817.483
2614,461.4,7431000.0
2615,461.5,7398000.0
2616,461.6,7390000.0
2617,461.7,7391807.469
2618,461.8,7391000.0
2619,461.9,7377000.0
2620,462.0,7343000.0
2621,462.1,7282974.323
2622,462.2,7196000.0
2623,462.3,7083000.0
2624,462.4,6947000.0
2625,462.5,6793431.769
2626,462.6,6632000.0
2627,462.7,6473000.0
2628,462.8,6326000.0
2629,462.9,6203483.058
2630,463.0,6117000.0
2631,463.1,6077000.0
2632,463.2,6092000.0
2633,463.3,6170550.881
2634,463.4,6315000.0
2635,463.5,6526000.0
2636,463.6,6803000.0
2637,463.7,7139815.831
2638,463.8,7526000.0
2639,463.9,7950000.0
2640,464.0,8398213.764
2641,464.1,8854000.0
2642,464.2,9300000.0
2643,464.3,9719000.0
2644,464.4,10094720.012
2645,464.5,10410000.0
2646,464.6,10650000.0
2647,464.7,10810000.0
2648,464.8,10885775.558
2649,464.9,10870000.0
2650,465.0,10760000.0
2651,465.1,10570000.0
2652,465.2,10303922.649
2653,465.3,9970000.0
2654,465.4,9580000.0
2655,465.5,9150000.0
2656,465.6,8693335.816
2657,465.7,8223000.0
2658,465.8,7752000.0
2659,465.9,7292000.0
2660,466.0,6851350.049
2661,466.1,6436000.0
2662,466.2,6051000.0
2663,466.3,5698988.471
2664,466.4,5380000.0
2665,466.5,5093000.0
2666,466.6,4835000.0
2667,466.7,4603091.447
2668,466.8,4394000.0
2669,466.9,4204000.0
2670,467.0,4029000.0
2671,467.1,3867832.612
2672,467.2,3719000.0
2673,467.3,3581000.0
2674,467.4,3454000.0
2675,467.5,3340117.069
2676,467.6,3241000.0
2677,467.7,3158000.0
2678,467.8,3093000.0
2679,467.9,3050127.401
2680,468.0,3031000.0
2681,468.1,3037000.0
2682,468.2,3071000.0
2683,468.3,3133243.656
2684,468.4,3224000.0
2685,468.5,3344000.0
2686,468.6,3494000.0
2687,468.7,3671865.572
2688,468.8,3877000.0
2689,468.9,4109000.0
2690,469.0,4365916.727
2691,469.1,4646000.0
2692,469.2,4948000.0
2693,469.3,5271000.0
2694,469.4,5611255.734
2695,469.5,5968000.0
2696,469.6,6340000.0
2697,469.7,6722000.0
2698,469.8,7113500.69
2699,469.9,7511000.0
2700,470.0,7910000.0
2701,470.1,8307000.0
2702,470.2,8698829.247
2703,470.3,9081000.0
2704,470.4,9449000.0
2705,470.5,9799000.0
2706,470.6,10126153.002
2707,470.7,10430000.0
2708,470.8,10710000.0
2709,470.9,10960000.0
2710,471.0,11174546.629
2711,471.1,11360000.0
2712,471.2,11520000.0
2713,471.3,11642659.66
2714,471.4,11740000.0
2715,471.5,11820000.0
2716,471.6,11860000.0
2717,471.7,11878891.12
2718,471.8,11880000.0
2719,471.9,11860000.0
2720,472.0,11820000.0
2721,472.1,11762905.39
2722,472.2,11690000.0
2723,472.3,11600000.0
2724,472.4,11490000.0
2725,472.5,11375096.271
2726,472.6,11250000.0
2727,472.7,11110000.0
2728,472.8,10970000.0
2729,472.9,10819010.918
2730,473.0,10660000.0
2731,473.1,10500000.0
2732,473.2,10340000.0
2733,473.3,10184770.509
2734,473.4,10040000.0
2735,473.5,9909000.0
2736,473.6,9790000.0
2737,473.7,9692424.586
2738,473.8,9621000.0
2739,473.9,9579000.0
2740,474.0,9571707.99
2741,474.1,9602000.0
2742,474.2,9672000.0
2743,474.3,9783000.0
2744,474.4,9932918.87
2745,474.5,10120000.0
2746,474.6,10340000.0
2747,474.7,10580000.0
2748,474.8,10833122.521
2749,474.9,11090000.0
2750,475.0,11340000.0
2751,475.1,11570000.0
2752,475.2,11761349.935
2753,475.3,11910000.0
2754,475.4,12010000.0
2755,475.5,12040000.0
2756,475.6,12004831.238
2757,475.7,11900000.0
2758,475.8,11720000.0
2759,475.9,11470000.0
2760,476.0,11148438.272
2761,476.1,10770000.0
2762,476.2,10350000.0
2763,476.3,9889693.339
2764,476.4,9400000.0
2765,476.5,8895000.0
2766,476.6,8387000.0
2767,476.7,7886560.446
2768,476.8,7404000.0
2769,476.9,6949000.0
2770,477.0,6529000.0
2771,477.1,6151925.818
2772,477.2,5824000.0
2773,477.3,5550000.0
2774,477.4,5332000.0
2775,477.5,5174117.104
2776,477.6,5078000.0
2777,477.7,5044000.0
2778,477.8,5071000.0
2779,477.9,5158032.123
2780,478.0,5302000.0
2781,478.1,5499000.0
2782,478.2,5744000.0
2783,478.3,6030519.75
2784,478.4,6352000.0
2785,478.5,6701000.0
2786,478.6,7067000.0
2787,478.7,7440947.389
2788,478.8,7813000.0
2789,478.9,8173000.0
2790,479.0,8511242.451
2791,479.1,8819000.0
2792,479.2,9088000.0
2793,479.3,9311000.0
2794,479.4,9481990.929
2795,479.5,9597000.0
2796,479.6,9653000.0
2797,479.7,9649000.0
2798,479.8,9585658.681
2799,479.9,9466000.0
2800,480.0,9293000.0
2801,480.1,9069000.0
2802,480.2,8801805.589
2803,480.3,8497000.0
2804,480.4,8160000.0
2805,480.5,7799000.0
2806,480.6,7420742.158
2807,480.7,7031000.0
2808,480.8,6636000.0
2809,480.9,6243000.0
2810,481.0,5855524.253
2811,481.1,5478000.0
2812,481.2,5115000.0
2813,481.3,4769523.813
2814,481.4,4444000.0
2815,481.5,4140000.0
2816,481.6,3857000.0
2817,481.7,3597227.642
2818,481.8,3360000.0
2819,481.9,3144000.0
2820,482.0,2949000.0
2821,482.1,2773522.981
2822,482.2,2616000.0
2823,482.3,2475000.0
2824,482.4,2349000.0
2825,482.5,2235689.459
2826,482.6,2134000.0
2827,482.7,2043000.0
2828,482.8,1961000.0
2829,482.9,1886988.423
2830,483.0,1820000.0
2831,483.1,1759000.0
2832,483.2,1703000.0
2833,483.3,1651482.0
2834,483.4,1604000.0
2835,483.5,1560000.0
2836,483.6,1519000.0
2837,483.7,1481805.581
2838,483.8,1448000.0
2839,483.9,1417000.0
2840,484.0,1389183.577
2841,484.1,1365000.0
2842,484.2,1345000.0
2843,484.3,1330000.0
2844,484.4,1320130.635
2845,484.5,1317000.0
2846,484.6,1322000.0
2847,484.7,1335000.0
2848,484.8,1359239.596
2849,484.9,1397000.0
2850,485.0,1450000.0
2851,485.1,1520000.0
2852,485.2,1609597.781
2853,485.3,1722000.0
2854,485.4,1860000.0
2855,485.5,2025000.0
2856,485.6,2219839.105
2857,485.7,2445000.0
2858,485.8,2701000.0
2859,485.9,2990000.0
2860,486.0,3309484.102
2861,486.1,3658000.0
2862,486.2,4034000.0
2863,486.3,4433259.316
2864,486.4,4852000.0
2865,486.5,5286000.0
2866,486.6,5729000.0
2867,486.7,6176992.612
2868,486.8,6624000.0
2869,486.9,7064000.0
2870,487.0,7493000.0
2871,487.1,7905544.185
2872,487.2,8298000.0
2873,487.3,8667000.0
2874,487.4,9008000.0
2875,487.5,9317569.636
2876,487.6,9594000.0
2877,487.7,9834000.0
2878,487.8,10030000.0
2879,487.9,10185041.912
2880,488.0,10300000.0
2881,488.1,10370000.0
2882,488.2,10380000.0
2883,488.3,10336249.479
2884,488.4,10240000.0
2885,488.5,10090000.0
2886,488.6,9886000.0
2887,488.7,9625613.312
2888,488.8,9313000.0
2889,488.9,8954000.0
2890,489.0,8553970.266
2891,489.1,8120000.0
2892,489.2,7660000.0
2893,489.3,7183000.0
2894,489.4,6697695.628
2895,489.5,6213000.0
2896,489.6,5738000.0
2897,489.7,5282000.0
2898,489.8,4853558.329
2899,489.9,4459000.0
2900,490.0,4104000.0
2901,490.1,3794000.0
2902,490.2,3534421.284
2903,490.3,3328000.0
2904,490.4,3177000.0
2905,490.5,3084000.0
2906,490.6,3049257.195
2907,490.7,3073000.0
2908,490.8,3155000.0
2909,490.9,3293000.0
2910,491.0,3485161.386
2911,491.1,3727000.0
2912,491.2,4013000.0
2913,491.3,4336486.2
2914,491.4,4690000.0
2915,491.5,5065000.0
2916,491.6,5450000.0
2917,491.7,5835393.638
2918,491.8,6210000.0
2919,491.9,6562000.0
2920,492.0,6880000.0
2921,492.1,7154932.799
2922,492.2,7379000.0
2923,492.3,7545000.0
2924,492.4,7648000.0
2925,492.5,7686254.033
2926,492.6,7660000.0
2927,492.7,7571000.0
2928,492.8,7425000.0
2929,492.9,7226833.286
2930,493.0,6984000.0
2931,493.1,6705000.0
2932,493.2,6399000.0
2933,493.3,6075290.395
2934,493.4,5742000.0
2935,493.5,5407000.0
2936,493.6,5078000.0
2937,493.7,4760948.807
2938,493.8,4460000.0
2939,493.9,4179000.0
2940,494.0,3921361.506
2941,494.1,3688000.0
2942,494.2,3479000.0
2943,494.3,3294000.0
2944,494.4,3133090.631
2945,494.5,2994000.0
2946,494.6,2874000.0
2947,494.7,2771000.0
2948,494.8,2682256.885
2949,494.9,2605000.0
2950,495.0,2536000.0
2951,495.1,2471000.0
2952,495.2,2408635.018
2953,495.3,2346000.0
2954,495.4,2280000.0
2955,495.5,2209000.0
2956,495.6,2130912.07
2957,495.7,2045000.0
2958,495.8,1951000.0
2959,495.9,1849000.0
2960,496.0,1739714.904
2961,496.1,1624000.0
2962,496.2,1503000.0
2963,496.3,1378938.524
2964,496.4,1254000.0
2965,496.5,1130000.0
2966,496.6,1008000.0
2967,496.7,890134.675
2968,496.8,778100.0
2969,496.9,673300.0
2970,497.0,576700.0
2971,497.1,488762.856
2972,497.2,409800.0
2973,497.3,340000.0
2974,497.4,279100.0
2975,497.5,226657.158
2976,497.6,182100.0
2977,497.7,144800.0
2978,497.8,114000.0
2979,497.9,88873.24
2980,498.0,68710.0
2981,498.1,52840.0
2982,498.2,40620.0
2983,498.3,31468.696
2984,498.4,24950.0
2985,498.5,20690.0
2986,498.6,18430.0
2987,498.7,17993.668
2988,498.8,19330.0
2989,498.9,22440.0
2990,499.0,27432.044
2991,499.1,34510.0
2992,499.2,43910.0
2993,499.3,55940.0
2994,499.4,70970.967
2995,499.5,89330.0
2996,499.6,111400.0
2997,499.7,137700.0
2998,499.8,168313.144
2999,499.9,203500.0
3000,500.0,243500.0
3001,500.1,288200.0
3002,500.2,337497.956
3003,500.3,390900.0
3004,500.4,447800.0
3005,500.5,507500.0
3006,500.6,568930.384
3007,500.7,630900.0
3008,500.8,692100.0
3009,500.9,750900.0
3010,501.0,805952.286
3011,501.1,855700.0
3012,501.2,898600.0
3013,501.3,933490.485
3014,501.4,959300.0
3015,501.5,975100.0
3016,501.6,980500.0
3017,501.7,975228.956
3018,501.8,959500.0
3019,501.9,933800.0
3020,502.0,899100.0
3021,502.1,856305.053
3022,502.2,806800.0
3023,502.3,752100.0
3024,502.4,693700.0
3025,502.5,633165.441
3026,502.6,572000.0
3027,502.7,511600.0
3028,502.8,453100.0
3029,502.9,397749.344
3030,503.0,346400.0
3031,503.1,299700.0
3032,503.2,258000.0
3033,503.3,221660.089
3034,503.4,190800.0
3035,503.5,165400.0
3036,503.6,145200.0
3037,503.7,129990.47
3038,503.8,119500.0
3039,503.9,113400.0
3040,504.0,111243.437
3041,504.1,112600.0
3042,504.2,117100.0
3043,504.3,124500.0
3044,504.4,134364.647
3045,504.5,146300.0
3046,504.6,160000.0
3047,504.7,175300.0
3048,504.8,191769.508
3049,504.9,209200.0
3050,505.0,227400.0
3051,505.1,246000.0
3052,505.2,264828.863
3053,505.3,283600.0
3054,505.4,302000.0
3055,505.5,319800.0
3056,505.6,336756.409
3057,505.7,352500.0
3058,505.8,366700.0
3059,505.9,379200.0
3060,506.0,389561.94
3061,506.1,397500.0
3062,506.2,402800.0
3063,506.3,405283.423
3064,506.4,404800.0
3065,506.5,401200.0
3066,506.6,394400.0
3067,506.7,384614.936
3068,506.8,372000.0
3069,506.9,356700.0
3070,507.0,339000.0
3071,507.1,319337.814
3072,507.2,298100.0
3073,507.3,275700.0
3074,507.4,252700.0
3075,507.5,229541.881
3076,507.6,206700.0
3077,507.7,184600.0
3078,507.8,163500.0
3079,507.9,143920.605
3080,508.0,126100.0
3081,508.1,110200.0
3082,508.2,96440.0
3083,508.3,84946.778
3084,508.4,75790.0
3085,508.5,69020.0
3086,508.6,64640.0
3087,508.7,62632.513
3088,508.8,62950.0
3089,508.9,65530.0
3090,509.0,70277.513
3091,509.1,77080.0
3092,509.2,85810.0
3093,509.3,96300.0
3094,509.4,108383.045
3095,509.5,121800.0
3096,509.6,136300.0
3097,509.7,151700.0
3098,509.8,167624.626
3099,509.9,183800.0
3100,510.0,200000.0
3101,510.1,216000.0
3102,510.2,231538.668
3103,510.3,246500.0
3104,510.4,260800.0
3105,510.5,274400.0
3106,510.6,287557.651
3107,510.7,300500.0
3108,510.8,313500.0
3109,510.9,327100.0
3110,511.0,341855.085
3111,511.1,358500.0
3112,511.2,377800.0
3113,511.3,400464.224
3114,511.4,427300.0
3115,511.5,459100.0
3116,511.6,496500.0
3117,511.7,540110.799
3118,511.8,590300.0
3119,511.9,647400.0
3120,512.0,711700.0
3121,512.1,782884.454
3122,512.2,860600.0
3123,512.3,944500.0
3124,512.4,1034000.0
3125,512.5,1127940.848
3126,512.6,1225000.0
3127,512.7,1324000.0
3128,512.8,1424000.0
3129,512.9,1522908.844
3130,513.0,1619000.0
3131,513.1,1711000.0
3132,513.2,1798000.0
3133,513.3,1877096.213
3134,513.4,1947000.0
3135,513.5,2007000.0
3136,513.6,2056000.0
3137,513.7,2092010.814
3138,513.8,2115000.0
3139,513.9,2125000.0
3140,514.0,2120680.187
3141,514.1,2103000.0
3142,514.2,2073000.0
3143,514.3,2030000.0
3144,514.4,1975526.566
3145,514.5,1911000.0
3146,514.6,1838000.0
3147,514.7,1759000.0
3148,514.8,1674654.001
3149,514.9,1586000.0
3150,515.0,1495000.0
3151,515.1,1405000.0
3152,515.2,1315666.365
3153,515.3,1229000.0
3154,515.4,1147000.0
3155,515.5,1069000.0
3156,515.6,996884.317
3157,515.7,931500.0
3158,515.8,873200.0
3159,515.9,822400.0
3160,516.0,779555.74
3161,516.1,745100.0
3162,516.2,719400.0
3163,516.3,702697.821
3164,516.4,695600.0
3165,516.5,698800.0
3166,516.6,713000.0
3167,516.7,739285.172
3168,516.8,779100.0
3169,516.9,834200.0
3170,517.0,907200.0
3171,517.1,1000962.212
3172,517.2,1120000.0
3173,517.3,1269000.0
3174,517.4,1453000.0
3175,517.5,1681919.059
3176,517.6,1965000.0
3177,517.7,2312000.0
3178,517.8,2737000.0
3179,517.9,3256257.388
3180,518.0,3888000.0
3181,518.1,4652000.0
3182,518.2,5572000.0
3183,518.3,6671902.422
3184,518.4,7978000.0
3185,518.5,9518000.0
3186,518.6,11320000.0
3187,518.7,13405027.148
3188,518.8,15800000.0
3189,518.9,18529999.999
3190,519.0,21603319.253
3191,519.1,25019999.999
3192,519.2,28779999.999
3193,519.3,32879999.999
3194,519.4,37286472.57
3195,519.5,41949999.999
3196,519.6,46819999.999
3197,519.7,51839999.999
3198,519.8,56917521.613
3199,519.9,61959999.999
3200,520.0,66869999.999
3201,520.1,71529999.999
3202,520.2,75846023.808
3203,520.3,79709999.999
3204,520.4,83009999.999
3205,520.5,85650000.0
3206,520.6,87568097.476
3207,520.7,88710000.0
3208,520.8,89030000.0
3209,520.9,88520000.0
3210,521.0,87195572.586
3211,521.1,85090000.0
3212,521.2,82250000.001
3213,521.3,78760049.801
3214,521.4,74710000.001
3215,521.5,70200000.001
3216,521.6,65360000.001
3217,521.7,60279919.243
3218,521.8,55080000.001
3219,521.9,49880000.001
3220,522.0,44760000.001
3221,522.1,39813384.173
3222,522.2,35110000.001
3223,522.3,30710000.001
3224,522.4,26660000.001
3225,522.5,22978798.804
3226,522.6,19680000.001
3227,522.7,16770000.001
3228,522.8,14230000.0
3229,522.9,12048785.227
3230,523.0,10200000.0
3231,523.1,8653000.0
3232,523.2,7378000.0
3233,523.3,6338783.037
3234,523.4,5503000.0
3235,523.5,4840000.0
3236,523.6,4320000.0
3237,523.7,3915048.609
3238,523.8,3602000.0
3239,523.9,3360000.0
3240,524.0,3172952.889
3241,524.1,3027000.0
3242,524.2,2910000.0
3243,524.3,2815000.0
3244,524.4,2735185.751
3245,524.5,2667000.0
3246,524.6,2608000.0
3247,524.7,2557000.0
3248,524.8,2515023.567
3249,524.9,2482000.0
3250,525.0,2458000.0
3251,525.1,2445000.0
3252,525.2,2443947.355
3253,525.3,2455000.0
3254,525.4,2478000.0
3255,525.5,2512000.0
3256,525.6,2556029.825
3257,525.7,2609000.0
3258,525.8,2669000.0
3259,525.9,2732000.0
3260,526.0,2796447.775
3261,526.1,2859000.0
3262,526.2,2916000.0
3263,526.3,2965291.318
3264,526.4,3005000.0
3265,526.5,3033000.0
3266,526.6,3047000.0
3267,526.7,3047386.317
3268,526.8,3035000.0
3269,526.9,3011000.0
3270,527.0,2978000.0
3271,527.1,2939052.278
3272,527.2,2899000.0
3273,527.3,2863000.0
3274,527.4,2836000.0
3275,527.5,2824581.577
3276,527.6,2836000.0
3277,527.7,2877000.0
3278,527.8,2953000.0
3279,527.9,3071716.254
3280,528.0,3238000.0
3281,528.1,3456000.0
3282,528.2,3730000.0
3283,528.3,4061000.708
3284,528.4,4449000.0
3285,528.5,4893000.0
3286,528.6,5388000.0
3287,528.7,5927242.699
3288,528.8,6503000.0
3289,528.9,7106000.0
3290,529.0,7722257.426
3291,529.1,8339000.0
3292,529.2,8943000.0
3293,529.3,9518000.0
3294,529.4,10051467.509
3295,529.5,10530000.0
3296,529.6,10940000.0
3297,529.7,11270000.0
3298,529.8,11513252.059
3299,529.9,11670000.0
3300,530.0,11740000.0
3301,530.1,11720000.0
3302,530.2,11622163.045
3303,530.3,11450000.0
3304,530.4,11210000.0
3305,530.5,10930000.0
3306,530.6,10626291.339
3307,530.7,10310000.0
3308,530.8,9996000.0
3309,530.9,9711000.0
3310,531.0,9470689.268
3311,531.1,9289000.0
3312,531.2,9180000.0
3313,531.3,9155229.359
3314,531.4,9222000.0
3315,531.5,9385000.0
3316,531.6,9643000.0
3317,531.7,9994194.074
3318,531.8,10430000.0
3319,531.9,10940000.0
3320,532.0,11510000.0
3321,532.1,12115514.361
3322,532.2,12750000.0
3323,532.3,13400000.0
3324,532.4,14020000.0
3325,532.5,14611347.956
3326,532.6,15150000.0
3327,532.7,15610000.0
3328,532.8,15990000.0
3329,532.9,16263804.211
3330,533.0,16430000.0
3331,533.1,16490000.0
3332,533.2,16430000.0
3333,533.3,16261757.777
3334,533.4,15990000.0
3335,533.5,15620000.0
3336,533.6,15170000.0
3337,533.7,14645494.733
3338,533.8,14060000.0
3339,533.9,13430000.0
3340,534.0,12769822.13
3341,534.1,12090000.0
3342,534.2,11400000.0
3343,534.3,10710000.0
3344,534.4,10033318.252
3345,534.5,9374000.0
3346,534.6,8734000.0
3347,534.7,8117000.0
3348,534.8,7524469.258
3349,534.9,6957000.0
3350,535.0,6415000.0
3351,535.1,5898000.0
3352,535.2,5404589.776
3353,535.3,4935000.0
3354,535.4,4489000.0
3355,535.5,4064000.0
3356,535.6,3661573.748
3357,535.7,3282000.0
3358,535.8,2925000.0
3359,535.9,2591000.0
3360,536.0,2280882.873
3361,536.1,1994000.0
3362,536.2,1730000.0
3363,536.3,1490615.145
3364,536.4,1275000.0
3365,536.5,1082000.0
3366,536.6,911800.0
3367,536.7,762558.655
3368,536.8,633200.0
3369,536.9,522800.0
3370,537.0,429700.0
3371,537.1,352595.341
3372,537.2,290200.0
3373,537.3,241200.0
3374,537.4,204400.0
3375,537.5,178999.065
3376,537.6,164300.0
3377,537.7,159700.0
3378,537.8,165000.0
3379,537.9,180283.886
3380,538.0,205900.0
3381,538.1,242300.0
3382,538.2,290200.0
3383,538.3,350685.562
3384,538.4,424900.0
3385,538.5,514000.0
3386,538.6,619200.0
3387,538.7,741753.501
3388,538.8,883300.0
3389,538.9,1045000.0
3390,539.0,1226362.507
3391,539.1,1429000.0
3392,539.2,1654000.0
3393,539.3,1899000.0
3394,539.4,2164721.801
3395,539.5,2449000.0
3396,539.6,2749000.0
3397,539.7,3063000.0
3398,539.8,3387648.046
3399,539.9,3718000.0
3400,540.0,4049000.0
3401,540.1,4376000.0
3402,540.2,4693316.52
3403,540.3,4995000.0
3404,540.4,5275000.0
3405,540.5,5527000.0
3406,540.6,5745493.812
3407,540.7,5926000.0
3408,540.8,6064000.0
3409,540.9,6155000.0
3410,541.0,6198042.402
3411,541.1,6192000.0
3412,541.2,6136000.0
3413,541.3,6031375.074
3414,541.4,5880000.0
3415,541.5,5685000.0
3416,541.6,5453000.0
3417,541.7,5186979.009
3418,541.8,4893000.0
3419,541.9,4578000.0
3420,542.0,4248000.0
3421,542.1,3909217.383
3422,542.2,3567000.0
3423,542.3,3227000.0
3424,542.4,2896000.0
3425,542.5,2577162.807
3426,542.6,2274000.0
3427,542.7,1990000.0
3428,542.8,1727000.0
3429,542.9,1486089.836
3430,543.0,1268000.0
3431,543.1,1073000.0
3432,543.2,900100.0
3433,543.3,748814.184
3434,543.4,617800.0
3435,543.5,505400.0
3436,543.6,409900.0
3437,543.7,329699.998
3438,543.8,263000.0
3439,543.9,208000.0
3440,544.0,163142.605
3441,544.1,126900.0
3442,544.2,97830.0
3443,544.3,74820.0
3444,544.4,56737.976
3445,544.5,42690.0
3446,544.6,31880.0
3447,544.7,23640.0
3448,544.8,17434.781
3449,544.9,12840.0
3450,545.0,9483.0
3451,545.1,7107.0
3452,545.2,5498.573
3453,545.3,4514.0
3454,545.4,4040.0
3455,545.5,4016.0
3456,545.6,4409.505
3457,545.7,5226.0
3458,545.8,6487.0
3459,545.9,8244.0
3460,546.0,10569.741
3461,546.1,13560.0
3462,546.2,17320.0
3463,546.3,21975.434
3464,546.4,27670.0
3465,546.5,34550.0
3466,546.6,42760.0
3467,546.7,52448.632
3468,546.8,63760.0
3469,546.9,76820.0
3470,547.0,91700.0
3471,547.1,108485.168
3472,547.2,127200.0
3473,547.3,147800.0
3474,547.4,170100.0
3475,547.5,194049.127
3476,547.6,219400.0
3477,547.7,245800.0
3478,547.8,272800.0
3479,547.9,300102.938
3480,548.0,327200.0
3481,548.1,353500.0
3482,548.2,378400.0
3483,548.3,401417.981
3484,548.4,422000.0
3485,548.5,439600.0
3486,548.6,453800.0
3487,548.7,464204.141
3488,548.8,470600.0
3489,548.9,472800.0
3490,549.0,470611.932
3491,549.1,464200.0
3492,549.2,453800.0
3493,549.3,439600.0
3494,549.4,421970.889
3495,549.5,401400.0
3496,549.6,378400.0
3497,549.7,353500.0
3498,549.8,327201.512
3499,549.9,300100.0
3500,550.0,272800.0
3501,550.1,245800.0
3502,550.2,219453.904
3503,550.3,194100.0
3504,550.4,170100.0
3505,550.5,147800.0
3506,550.6,127234.553
3507,550.7,108500.0
3508,550.8,91700.0
3509,550.9,76810.0
3510,551.0,63755.778
3511,551.1,52440.0
3512,551.2,42750.0
3513,551.3,34534.03
3514,551.4,27640.0
3515,551.5,21920.0
3516,551.6,17230.0
3517,551.7,13421.127
3518,551.8,10360.0
3519,551.9,7923.0
3520,552.0,6006.0
3521,552.1,4510.236
3522,552.2,3357.0
3523,552.3,2476.0
3524,552.4,1810.0
3525,552.5,1310.567
3526,552.6,941.0
3527,552.7,669.3
3528,552.8,471.7
3529,552.9,329.245
3530,553.0,228.1
3531,553.1,156.5
3532,553.2,106.4
3533,553.3,71.675
3534,553.4,48.06
3535,553.5,32.04
3536,553.6,21.4
3537,553.7,14.493
3538,553.8,10.3
3539,553.9,8.035
3540,554.0,7.286
3541,554.1,7.918
3542,554.2,9.902
3543,554.3,13.46
3544,554.4,18.98
3545,554.5,27.15
3546,554.6,38.82
3547,554.7,55.23
3548,554.8,77.959
3549,554.9,109.3
3550,555.0,151.9
3551,555.1,209.2
3552,555.2,285.496
3553,555.3,386.5
3554,555.4,518.6
3555,555.5,689.8
3556,555.6,909.642
3557,555.7,1189.0
3558,555.8,1540.0
3559,555.9,1978.0
3560,556.0,2517.655
3561,556.1,3177.0
3562,556.2,3975.0
3563,556.3,4930.365
3564,556.4,6062.0
3565,556.5,7389.0
3566,556.6,8930.0
3567,556.7,10699.621
3568,556.8,12710.0
3569,556.9,14970.0
3570,557.0,17480.0
3571,557.1,20244.507
3572,557.2,23250.0
3573,557.3,26480.0
3574,557.4,29920.0
3575,557.5,33532.696
3576,557.6,37290.0
3577,557.7,41160.0
3578,557.8,45090.0
3579,557.9,49056.617
3580,558.0,53020.0
3581,558.1,56940.0
3582,558.2,60800.0
3583,558.3,64586.01
3584,558.4,68310.0
3585,558.5,71990.0
3586,558.6,75650.0
3587,558.7,79357.32
3588,558.8,83200.0
3589,558.9,87270.0
3590,559.0,91679.356
3591,559.1,96600.0
3592,559.2,102200.0
3593,559.3,108600.0
3594,559.4,116013.378
3595,559.5,124700.0
3596,559.6,134900.0
3597,559.7,146800.0
3598,559.8,160728.449
3599,559.9,177000.0
3600,560.0,195900.0
3601,560.1,217700.0
3602,560.2,242824.082
3603,560.3,271700.0
3604,560.4,304700.0
3605,560.5,342100.0
3606,560.6,384412.307
3607,560.7,432000.0
3608,560.8,485200.0
3609,560.9,544400.0
3610,561.0,609737.104
3611,561.1,681400.0
3612,561.2,759500.0
3613,561.3,843810.096
3614,561.4,934400.0
3615,561.5,1031000.0
3616,561.6,1132000.0
3617,561.7,1237019.43
3618,561.8,1346000.0
3619,561.9,1458000.0
3620,562.0,1570000.0
3621,562.1,1682600.481
3622,562.2,1794000.0
3623,562.3,1902000.0
3624,562.4,2006000.0
3625,562.5,2104152.673
3626,562.6,2196000.0
3627,562.7,2281000.0
3628,562.8,2357000.0
3629,562.9,2423919.49
3630,563.0,2482000.0
3631,563.1,2531000.0
3632,563.2,2570000.0
3633,563.3,2600641.928
3634,563.4,2623000.0
3635,563.5,2637000.0
3636,563.6,2644000.0
3637,563.7,2644348.67
3638,563.8,2639000.0
3639,563.9,2629000.0
3640,564.0,2614926.301
3641,564.1,2598000.0
3642,564.2,2579000.0
3643,564.3,2557000.0
3644,564.4,2533354.677
3645,564.5,2508000.0
3646,564.6,2481000.0
3647,564.7,2454000.0
3648,564.8,2425252.421
3649,564.9,2395000.0
3650,565.0,2364000.0
3651,565.1,2332000.0
3652,565.2,2298879.913
3653,565.3,2264000.0
3654,565.4,2227000.0
3655,565.5,2189000.0
3656,565.6,2150212.636
3657,565.7,2110000.0
3658,565.8,2068000.0
3659,565.9,2025000.0
3660,566.0,1980537.205
3661,566.1,1935000.0
3662,566.2,1889000.0
3663,566.3,1842676.702
3664,566.4,1796000.0
3665,566.5,1749000.0
3666,566.6,1702000.0
3667,566.7,1655443.601
3668,566.8,1610000.0
3669,566.9,1566000.0
3670,567.0,1523000.0
3671,567.1,1482844.461
3672,567.2,1446000.0
3673,567.3,1413000.0
3674,567.4,1386000.0
3675,567.5,1364952.651
3676,567.6,1351000.0
3677,567.7,1346000.0
3678,567.8,1352000.0
3679,567.9,1369151.793
3680,568.0,1399000.0
3681,568.1,1443000.0
3682,568.2,1501000.0
3683,568.3,1574868.365
3684,568.4,1665000.0
3685,568.5,1771000.0
3686,568.6,1892000.0
3687,568.7,2027983.058
3688,568.8,2177000.0
3689,568.9,2337000.0
3690,569.0,2507123.707
3691,569.1,2684000.0
3692,569.2,2864000.0
3693,569.3,3045000.0
3694,569.4,3223569.997
3695,569.5,3396000.0
3696,569.6,3559000.0
3697,569.7,3710000.0
3698,569.8,3844566.475
3699,569.9,3961000.0
3700,570.0,4058000.0
3701,570.1,4133000.0
3702,570.2,4185449.48
3703,570.3,4215000.0
3704,570.4,4222000.0
3705,570.5,4209000.0
3706,570.6,4176113.71
3707,570.7,4126000.0
3708,570.8,4062000.0
3709,570.9,3987000.0
3710,571.0,3904955.33
3711,571.1,3819000.0
3712,571.2,3732000.0
3713,571.3,3646973.44
3714,571.4,3567000.0
3715,571.5,3495000.0
3716,571.6,3433000.0
3717,571.7,3381746.964
3718,571.8,3341000.0
3719,571.9,3311000.0
3720,572.0,3293000.0
3721,572.1,3283327.643
3722,572.2,3281000.0
3723,572.3,3285000.0
3724,572.4,3291000.0
3725,572.5,3297624.733
3726,572.6,3302000.0
3727,572.7,3301000.0
3728,572.8,3293000.0
3729,572.9,3276187.82
3730,573.0,3249000.0
3731,573.1,3210000.0
3732,573.2,3158000.0
3733,573.3,3092731.717
3734,573.4,3015000.0
3735,573.5,2926000.0
3736,573.6,2827000.0
3737,573.7,2717872.597
3738,573.8,2601000.0
3739,573.9,2479000.0
3740,574.0,2352846.207
3741,574.1,2225000.0
3742,574.2,2098000.0
3743,574.3,1973000.0
3744,574.4,1851859.11
3745,574.5,1736000.0
3746,574.6,1627000.0
3747,574.7,1527000.0
3748,574.8,1435700.389
3749,574.9,1354000.0
3750,575.0,1283000.0
3751,575.1,1223000.0
3752,575.2,1175143.348
3753,575.3,1139000.0
3754,575.4,1114000.0
3755,575.5,1101000.0
3756,575.6,1100860.426
3757,575.7,1113000.0
3758,575.8,1137000.0
3759,575.9,1174000.0
3760,576.0,1223826.922
3761,576.1,1287000.0
3762,576.2,1364000.0
3763,576.3,1454234.397
3764,576.4,1558000.0
3765,576.5,1676000.0
3766,576.6,1809000.0
3767,576.7,1956566.081
3768,576.8,2118000.0
3769,576.9,2293000.0
3770,577.0,2482000.0
3771,577.1,2682932.881
3772,577.2,2894000.0
3773,577.3,3114000.0
3774,577.4,3342000.0
3775,577.5,3573826.824
3776,577.6,3807000.0
3777,577.7,4039000.0
3778,577.8,4265000.0
3779,577.9,4481736.348
3780,578.0,4686000.0
3781,578.1,4874000.0
3782,578.2,5041000.0
3783,578.3,5184714.99
3784,578.4,5302000.0
3785,578.5,5390000.0
3786,578.6,5448000.0
3787,578.7,5473919.215
3788,578.8,5468000.0
3789,578.9,5431000.0
3790,579.0,5363248.178
3791,579.1,5267000.0
3792,579.2,5145000.0
3793,579.3,5000000.0
3794,579.4,4835637.296
3795,579.5,4656000.0
3796,579.6,4465000.0
3797,579.7,4266000.0
3798,579.8,4063413.653
3799,579.9,3861000.0
3800,580.0,3662000.0
3801,580.1,3469000.0
3802,580.2,3285370.822
3803,580.3,3113000.0
3804,580.4,2953000.0
3805,580.5,2806000.0
3806,580.6,2674328.657
3807,580.7,2557000.0
3808,580.8,2453000.0
3809,580.9,2364000.0
3810,581.0,2288067.048
3811,581.1,2224000.0
3812,581.2,2171000.0
3813,581.3,2127956.599
3814,581.4,2094000.0
3815,581.5,2068000.0
3816,581.6,2048000.0
3817,581.7,2033639.661
3818,581.8,2024000.0
3819,581.9,2018000.0
3820,582.0,2015000.0
3821,582.1,2014443.073
3822,582.2,2016000.0
3823,582.3,2019000.0
3824,582.4,2022000.0
3825,582.5,2026037.113
3826,582.6,2031000.0
3827,582.7,2036000.0
3828,582.8,2040000.0
3829,582.9,2044654.344
3830,583.0,2049000.0
3831,583.1,2052000.0
3832,583.2,2055000.0
3833,583.3,2057010.925
3834,583.4,2058000.0
3835,583.5,2058000.0
3836,583.6,2056000.0
3837,583.7,2052337.022
3838,583.8,2046000.0
3839,583.9,2036000.0
3840,584.0,2023025.191
3841,584.1,2007000.0
3842,584.2,1987000.0
3843,584.3,1961000.0
3844,584.4,1930032.164
3845,584.5,1894000.0
3846,584.6,1852000.0
3847,584.7,1803000.0
3848,584.8,1748734.271
3849,584.9,1689000.0
3850,585.0,1623000.0
3851,585.1,1551000.0
3852,585.2,1475005.092
3853,585.3,1395000.0
3854,585.4,1311000.0
3855,585.5,1225000.0
3856,585.6,1137220.409
3857,585.7,1049000.0
3858,585.8,961700.0
3859,585.9,875400.0
3860,586.0,791398.712
3861,586.1,710500.0
3862,586.2,633300.0
3863,586.3,560462.483
3864,586.4,492400.0
3865,586.5,429400.0
3866,586.6,371600.0
3867,586.7,319237.831
3868,586.8,272200.0
3869,586.9,230300.0
3870,587.0,193400.0
3871,587.1,161130.793
3872,587.2,133200.0
3873,587.3,109300.0
3874,587.4,88960.0
3875,587.5,71837.448
3876,587.6,57570.0
3877,587.7,45780.0
3878,587.8,36110.0
3879,587.9,28255.981
3880,588.0,21940.0
3881,588.1,16900.0
3882,588.2,12920.0
3883,588.3,9795.418
3884,588.4,7368.0
3885,588.5,5498.0
3886,588.6,4071.0
3887,588.7,2988.627
3888,588.8,2178.0
3889,588.9,1575.0
3890,589.0,1128.932
3891,589.1,803.4
3892,589.2,567.0
3893,589.3,397.0
3894,589.4,275.523
3895,589.5,190.0
3896,589.6,129.9
3897,589.7,88.07
3898,589.8,59.169
3899,589.9,39.54
3900,590.0,26.18
3901,590.1,17.19
3902,590.2,11.18
3903,590.3,7.24
3904,590.4,4.642
3905,590.5,2.953
3906,590.6,1.859
3907,590.7,1.166
3908,590.8,0.724
3909,590.9,0.446
3910,591.0,0.272
3911,591.1,0.165
3912,591.2,0.099
3913,591.3,0.059
3914,591.4,0.035
3915,591.5,0.021
3916,591.6,0.012
3917,591.7,0.007
3918,591.8,0.004
3919,591.9,0.002
3920,592.0,0.001
3921,592.1,0.001
3922,592.2,0.0
3923,592.3,0.0
3924,592.4,0.0
3925,592.5,0.0
3926,592.6,0.0
3927,592.7,0.0
3928,592.8,0.0
3929,592.9,0.0
3930,593.0,0.0
3931,593.1,0.0
3932,593.2,0.0
3933,593.3,0.0
3934,593.4,0.0
3935,593.5,0.0
3936,593.6,0.0
3937,593.7,0.0
3938,593.8,0.0
3939,593.9,0.0
3940,594.0,0.0
3941,594.1,0.0
3942,594.2,0.0
3943,594.3,0.0
3944,594.4,0.0
3945,594.5,0.0
3946,594.6,0.0
3947,594.7,0.0
3948,594.8,0.001
3949,594.9,0.001
3950,595.0,0.002
3951,595.1,0.004
3952,595.2,0.006
3953,595.3,0.01
3954,595.4,0.017
3955,595.5,0.027
3956,595.6,0.043
3957,595.7,0.069
3958,595.8,0.109
3959,595.9,0.171
3960,596.0,0.266
3961,596.1,0.411
3962,596.2,0.63
3963,596.3,0.957
3964,596.4,1.448
3965,596.5,2.171
3966,596.6,3.228
3967,596.7,4.76
3968,596.8,6.981
3969,596.9,10.15
3970,597.0,14.65
3971,597.1,20.963
3972,597.2,29.81
3973,597.3,42.05
3974,597.4,58.88
3975,597.5,81.763
3976,597.6,112.8
3977,597.7,154.4
3978,597.8,209.7
3979,597.9,282.689
3980,598.0,378.4
3981,598.1,502.5
3982,598.2,662.3
3983,598.3,866.239
3984,598.4,1125.0
3985,598.5,1450.0
3986,598.6,1854.0
3987,598.7,2352.865
3988,598.8,2965.0
3989,598.9,3709.0
3990,599.0,4603.536
3991,599.1,5672.0
3992,599.2,6938.0
3993,599.3,8423.0
3994,599.4,10153.453
3995,599.5,12150.0
3996,599.6,14430.0
3997,599.7,17010.0
3998,599.8,19917.308
3999,599.9,23160.0
4000,600.0,26740.0
4001,600.1,30660.0
4002,600.2,34924.331
4003,600.3,39520.0
4004,600.4,44430.0
4005,600.5,49640.0
4006,600.6,55133.993
4007,600.7,60890.0
4008,600.8,66880.0
4009,600.9,73070.0
4010,601.0,79464.071
4011,601.1,86050.0
4012,601.2,92810.0
4013,601.3,99744.17
4014,601.4,106900.0
4015,601.5,114300.0
4016,601.6,121900.0
4017,601.7,129870.351
4018,601.8,138200.0
4019,601.9,146900.0
4020,602.0,156200.0
4021,602.1,165976.743
4022,602.2,176300.0
4023,602.3,187300.0
4024,602.4,199000.0
4025,602.5,211316.051
4026,602.6,224200.0
4027,602.7,237600.0
4028,602.8,251400.0
4029,602.9,265492.283
4030,603.0,279700.0
4031,603.1,293800.0
4032,603.2,307500.0
4033,603.3,320594.01
4034,603.4,332800.0
4035,603.5,343800.0
4036,603.6,353300.0
4037,603.7,361180.161
4038,603.8,367200.0
4039,603.9,371100.0
4040,604.0,372730.266
4041,604.1,372000.0
4042,604.2,368900.0
4043,604.3,363600.0
4044,604.4,355995.863
4045,604.5,346300.0
4046,604.6,334800.0
4047,604.7,321700.0
4048,604.8,307347.189
4049,604.9,292100.0
4050,605.0,276300.0
4051,605.1,260300.0
4052,605.2,244604.688
4053,605.3,229700.0
4054,605.4,216000.0
4055,605.5,203800.0
4056,605.6,193680.909
4057,605.7,186000.0
4058,605.8,181100.0
4059,605.9,179500.0
4060,606.0,181465.067
4061,606.1,187400.0
4062,606.2,197700.0
4063,606.3,212535.164
4064,606.4,232200.0
4065,606.5,257000.0
4066,606.6,287100.0
4067,606.7,322654.092
4068,606.8,363800.0
4069,606.9,410600.0
4070,607.0,462900.0
4071,607.1,520652.484
4072,607.2,583600.0
4073,607.3,651400.0
4074,607.4,723600.0
4075,607.5,799564.307
4076,607.6,878600.0
4077,607.7,960000.0
4078,607.8,1043000.0
4079,607.9,1126580.193
4080,608.0,1209000.0
4081,608.1,1289000.0
4082,608.2,1367000.0
4083,608.3,1440759.472
4084,608.4,1509000.0
4085,608.5,1571000.0
4086,608.6,1626000.0
4087,608.7,1672370.447
4088,608.8,1710000.0
4089,608.9,1739000.0
4090,609.0,1758701.968
4091,609.1,1769000.0
4092,609.2,1770000.0
4093,609.3,1762000.0
4094,609.4,1745940.663
4095,609.5,1723000.0
4096,609.6,1694000.0
4097,609.7,1659000.0
4098,609.8,1620239.565
4099,609.9,1579000.0
4100,610.0,1536000.0
4101,610.1,1492000.0
4102,610.2,1449414.567
4103,610.3,1409000.0
4104,610.4,1371000.0
4105,610.5,1336000.0
4106,610.6,1304965.564
4107,610.7,1278000.0
4108,610.8,1255000.0
4109,610.9,1236000.0
4110,611.0,1220832.729
4111,611.1,1209000.0
4112,611.2,1200000.0
4113,611.3,1193397.319
4114,611.4,1188000.0
4115,611.5,1183000.0
4116,611.6,1179000.0
4117,611.7,1173940.823
4118,611.8,1167000.0
4119,611.9,1158000.0
4120,612.0,1147000.0
4121,612.1,1133534.934
4122,612.2,1117000.0
4123,612.3,1097000.0
4124,612.4,1074000.0
4125,612.5,1048532.992
4126,612.6,1020000.0
4127,612.7,988100.0
4128,612.8,954300.0
4129,612.9,918514.032
4130,613.0,881000.0
4131,613.1,842200.0
4132,613.2,802400.0
4133,613.3,761990.63
4134,613.4,721300.0
4135,613.5,680600.0
4136,613.6,640100.0
4137,613.7,600141.954
4138,613.8,560900.0
4139,613.9,522500.0
4140,614.0,485102.768
4141,614.1,448900.0
4142,614.2,414000.0
4143,614.3,380300.0
4144,614.4,348090.463
4145,614.5,317400.0
4146,614.6,288200.0
4147,614.7,260600.0
4148,614.8,234600.38
4149,614.9,210200.0
4150,615.0,187400.0
4151,615.1,166200.0
4152,615.2,146675.019
4153,615.3,128800.0
4154,615.4,112500.0
4155,615.5,97670.0
4156,615.6,84321.04
4157,615.7,72390.0
4158,615.8,61790.0
4159,615.9,52450.0
4160,616.0,44287.179
4161,616.1,37210.0
4162,616.2,31130.0
4163,616.3,25972.043
4164,616.4,21650.0
4165,616.5,18080.0
4166,616.6,15200.0
4167,616.7,12946.088
4168,616.8,11260.0
4169,616.9,10090.0
4170,617.0,9401.0
4171,617.1,9160.962
4172,617.2,9352.0
4173,617.3,9959.0
4174,617.4,10970.0
4175,617.5,12397.143
4176,617.6,14240.0
4177,617.7,16500.0
4178,617.8,19200.0
4179,617.9,22347.132
4180,618.0,25950.0
4181,618.1,30020.0
4182,618.2,34570.0
4183,618.3,39602.945
4184,618.4,45110.0
4185,618.5,51080.0
4186,618.6,57500.0
4187,618.7,64347.034
4188,618.8,71590.0
4189,618.9,79190.0
4190,619.0,87093.14
4191,619.1,95280.0
4192,619.2,103700.0
4193,619.3,112200.0
4194,619.4,120808.074
4195,619.5,129500.0
4196,619.6,138200.0
4197,619.7,146800.0
4198,619.8,155344.823
4199,619.9,163700.0
4200,620.0,171800.0
4201,620.1,179900.0
4202,620.2,187729.717
4203,620.3,195300.0
4204,620.4,202700.0
4205,620.5,209900.0
4206,620.6,216969.113
4207,620.7,223900.0
4208,620.8,230700.0
4209,620.9,237500.0
4210,621.0,244286.751
4211,621.1,251100.0
4212,621.2,258000.0
4213,621.3,265035.244
4214,621.4,272300.0
4215,621.5,279900.0
4216,621.6,287900.0
4217,621.7,296278.734
4218,621.8,305200.0
4219,621.9,314800.0
4220,622.0,325000.0
4221,622.1,336035.675
4222,622.2,348000.0
4223,622.3,360900.0
4224,622.4,374700.0
4225,622.5,389502.11
4226,622.6,405400.0
4227,622.7,422400.0
4228,622.8,440300.0
4229,622.9,459116.957
4230,623.0,478700.0
4231,623.1,498900.0
4232,623.2,519700.0
4233,623.3,540701.857
4234,623.4,561700.0
4235,623.5,582500.0
4236,623.6,602700.0
4237,623.7,622075.329
4238,623.8,640300.0
4239,623.9,657000.0
4240,624.0,671826.579
4241,624.1,684600.0
4242,624.2,695100.0
4243,624.3,702900.0
4244,624.4,707949.776
4245,624.5,710100.0
4246,624.6,709200.0
4247,624.7,705300.0
4248,624.8,698436.429
4249,624.9,688700.0
4250,625.0,676200.0
4251,625.1,661100.0
4252,625.2,643762.359
4253,625.3,624500.0
4254,625.4,603600.0
4255,625.5,581400.0
4256,625.6,558384.271
4257,625.7,534900.0
4258,625.8,511300.0
4259,625.9,488100.0
4260,626.0,465687.409
4261,626.1,444400.0
4262,626.2,424600.0
4263,626.3,406696.387
4264,626.4,390900.0
4265,626.5,377400.0
4266,626.6,366500.0
4267,626.7,358413.955
4268,626.8,353200.0
4269,626.9,350900.0
4270,627.0,351600.0
4271,627.1,355294.215
4272,627.2,361900.0
4273,627.3,371300.0
4274,627.4,383300.0
4275,627.5,397721.603
4276,627.6,414400.0
4277,627.7,433100.0
4278,627.8,453400.0
4279,627.9,475140.32
4280,628.0,498000.0
4281,628.1,521600.0
4282,628.2,545600.0
4283,628.3,569714.857
4284,628.4,593700.0
4285,628.5,617300.0
4286,628.6,640200.0
4287,628.7,662160.451
4288,628.8,683100.0
4289,628.9,702900.0
4290,629.0,721253.652
4291,629.1,738200.0
4292,629.2,753800.0
4293,629.3,767900.0
4294,629.4,780663.291
4295,629.5,792100.0
4296,629.6,802200.0
4297,629.7,811100.0
4298,629.8,818837.958
4299,629.9,825500.0
4300,630.0,831200.0
4301,630.1,836000.0
4302,630.2,839760.168
4303,630.3,842600.0
4304,630.4,844600.0
4305,630.5,845500.0
4306,630.6,845409.784
4307,630.7,844200.0
4308,630.8,841700.0
4309,630.9,837900.0
4310,631.0,832634.845
4311,631.1,825800.0
4312,631.2,817300.0
4313,631.3,806984.417
4314,631.4,794800.0
4315,631.5,780700.0
4316,631.6,764600.0
4317,631.7,746573.692
4318,631.8,726600.0
4319,631.9,704700.0
4320,632.0,681100.0
4321,632.1,655753.97
4322,632.2,628900.0
4323,632.3,600800.0
4324,632.4,571500.0
4325,632.5,541283.572
4326,632.6,510400.0
4327,632.7,479100.0
4328,632.8,447700.0
4329,632.9,416348.872
4330,633.0,385300.0
4331,633.1,354800.0
4332,633.2,325000.0
4333,633.3,296281.851
4334,633.4,268700.0
4335,633.5,242300.0
4336,633.6,217400.0
4337,633.7,193991.295
4338,633.8,172100.0
4339,633.9,151800.0
4340,634.0,133175.684
4341,634.1,116200.0
4342,634.2,100800.0
4343,634.3,86880.0
4344,634.4,74452.857
4345,634.5,63440.0
4346,634.6,53730.0
4347,634.7,45220.0
4348,634.8,37833.619
4349,634.9,31460.0
4350,635.0,25990.0
4351,635.1,21350.0
4352,635.2,17427.268
4353,635.3,14130.0
4354,635.4,11380.0
4355,635.5,9112.0
4356,635.6,7249.112
4357,635.7,5730.0
4358,635.8,4500.0
4359,635.9,3511.0
4360,636.0,2721.119
4361,636.1,2096.0
4362,636.2,1604.0
4363,636.3,1218.836
4364,636.4,920.3
4365,636.5,690.3
4366,636.6,514.4
4367,636.7,380.663
4368,636.8,280.0
4369,636.9,204.5
4370,637.0,148.4
4371,637.1,106.902
4372,637.2,76.56
4373,637.3,54.45
4374,637.4,38.46
4375,637.5,26.966
4376,637.6,18.81
4377,637.7,13.02
4378,637.8,8.951
4379,637.9,6.107
4380,638.0,4.147
4381,638.1,2.794
4382,638.2,1.87
4383,638.3,1.241
4384,638.4,0.821
4385,638.5,0.538
4386,638.6,0.35
4387,638.7,0.226
4388,638.8,0.146
4389,638.9,0.093
4390,639.0,0.059
4391,639.1,0.037
4392,639.2,0.023
4393,639.3,0.014
4394,639.4,0.009
4395,639.5,0.005
4396,639.6,0.003
4397,639.7,0.002
4398,639.8,0.001
4399,639.9,0.001
4400,640.0,0.0
4401,640.1,0.0
4402,640.2,0.0
4403,640.3,0.0
4404,640.4,0.0
4405,640.5,0.0
4406,640.6,0.0
4407,640.7,0.0
4408,640.8,0.0
4409,640.9,0.0
4410,641.0,0.0
4411,641.1,0.0
4412,641.2,0.0
4413,641.3,0.0
4414,641.4,0.0
4415,641.5,0.0
4416,641.6,0.0
4417,641.7,0.0
4418,641.8,0.0
4419,641.9,0.0
4420,642.0,0.0
4421,642.1,0.0
4422,642.2,0.0
4423,642.3,0.0
4424,642.4,0.0
4425,642.5,0.0
4426,642.6,0.0
4427,642.7,0.0
4428,642.8,0.0
4429,642.9,0.0
4430,643.0,0.0
4431,643.1,0.0
4432,643.2,0.0
4433,643.3,0.0
4434,643.4,0.0
4435,643.5,0.0
4436,643.6,0.0
4437,643.7,0.0
4438,643.8,0.0
4439,643.9,0.0
4440,644.0,0.0
4441,644.1,0.0
4442,644.2,0.0
4443,644.3,0.0
4444,644.4,0.0
4445,644.5,0.0
4446,644.6,0.0
4447,644.7,0.0
4448,644.8,0.0
4449,644.9,0.001
4450,645.0,0.001
4451,645.1,0.002
4452,645.2,0.002
4453,645.3,0.004
4454,645.4,0.006
4455,645.5,0.01
4456,645.6,0.016
4457,645.7,0.025
4458,645.8,0.039
4459,645.9,0.06
4460,646.0,0.091
4461,646.1,0.14
4462,646.2,0.212
4463,646.3,0.319
4464,646.4,0.478
4465,646.5,0.712
4466,646.6,1.053
4467,646.7,1.546
4468,646.8,2.262
4469,646.9,3.285
4470,647.0,4.741
4471,647.1,6.796
4472,647.2,9.694
4473,647.3,13.73
4474,647.4,19.34
4475,647.5,27.051
4476,647.6,37.64
4477,647.7,52.03
4478,647.8,71.49
4479,647.9,97.603
4480,648.0,132.5
4481,648.1,178.7
4482,648.2,239.7
4483,648.3,319.378
4484,648.4,423.1
4485,648.5,557.0
4486,648.6,728.9
4487,648.7,948.16
4488,648.8,1226.0
4489,648.9,1575.0
4490,649.0,2011.773
4491,649.1,2555.0
4492,649.2,3225.0
4493,649.3,4047.0
4494,649.4,5047.052
4495,649.5,6257.0
4496,649.6,7711.0
4497,649.7,9447.0
4498,649.8,11506.588
4499,649.9,13930.0
4500,650.0,16760.0
4501,650.1,20050.0
4502,650.2,23848.841
4503,650.3,28200.0
4504,650.4,33150.0
4505,650.5,38750.0
4506,650.6,45019.012
4507,650.7,52000.0
4508,650.8,59730.0
4509,650.9,68200.0
4510,651.0,77428.444
4511,651.1,87410.0
4512,651.2,98130.0
4513,651.3,109557.602
4514,651.4,121600.0
4515,651.5,134200.0
4516,651.6,147400.0
4517,651.7,160950.537
4518,651.8,174800.0
4519,651.9,188900.0
4520,652.0,203000.0
4521,652.1,217089.978
4522,652.2,231100.0
4523,652.3,244900.0
4524,652.4,258300.0
4525,652.5,271218.211
4526,652.6,283600.0
4527,652.7,295400.0
4528,652.8,306600.0
4529,652.9,317153.767
4530,653.0,327100.0
4531,653.1,336500.0
4532,653.2,345400.0
4533,653.3,353838.28
4534,653.4,361900.0
4535,653.5,369700.0
4536,653.6,377400.0
4537,653.7,385101.016
4538,653.8,392900.0
4539,653.9,400900.0
4540,654.0,409205.937
4541,654.1,417900.0
4542,654.2,427000.0
4543,654.3,436400.0
4544,654.4,446272.331
4545,654.5,456500.0
4546,654.6,466900.0
4547,654.7,477400.0
4548,654.8,487861.359
4549,654.9,498100.0
4550,655.0,507900.0
4551,655.1,517000.0
4552,655.2,525293.827
4553,655.3,532500.0
4554,655.4,538300.0
4555,655.5,542500.0
4556,655.6,545034.202
4557,655.7,545700.0
4558,655.8,544300.0
4559,655.9,540800.0
4560,656.0,535109.932
4561,656.1,527200.0
4562,656.2,517100.0
4563,656.3,504964.628
4564,656.4,490900.0
4565,656.5,475000.0
4566,656.6,457400.0
4567,656.7,438294.613
4568,656.8,418000.0
4569,656.9,396800.0
4570,657.0,374800.0
4571,657.1,352285.293
4572,657.2,329500.0
4573,657.3,306700.0
4574,657.4,284200.0
4575,657.5,262045.885
4576,657.6,240500.0
4577,657.7,219800.0
4578,657.8,199900.0
4579,657.9,181065.861
4580,658.0,163300.0
4581,658.1,146600.0
4582,658.2,131200.0
4583,658.3,116959.187
4584,658.4,103900.0
4585,658.5,92070.0
4586,658.6,81360.0
4587,658.7,71757.544
4588,658.8,63210.0
4589,658.9,55650.0
4590,659.0,49029.278
4591,659.1,43290.0
4592,659.2,38370.0
4593,659.3,34210.0
4594,659.4,30768.057
4595,659.5,28000.0
4596,659.6,25860.0
4597,659.7,24310.0
4598,659.8,23337.151
4599,659.9,22920.0
4600,660.0,23040.0
4601,660.1,23700.0
4602,660.2,24892.17
4603,660.3,26630.0
4604,660.4,28930.0
4605,660.5,31800.0
4606,660.6,35268.257
4607,660.7,39360.0
4608,660.8,44100.0
4609,660.9,49520.0
4610,661.0,55650.174
4611,661.1,62520.0
4612,661.2,70160.0
4613,661.3,78602.236
4614,661.4,87870.0
4615,661.5,97970.0
4616,661.6,108900.0
4617,661.7,120772.365
4618,661.8,133500.0
4619,661.9,147000.0
4620,662.0,161400.0
4621,662.1,176671.83
4622,662.2,192700.0
4623,662.3,209400.0
4624,662.4,226800.0
4625,662.5,244811.479
4626,662.6,263400.0
4627,662.7,282500.0
4628,662.8,301900.0
4629,662.9,321599.885
4630,663.0,341500.0
4631,663.1,361500.0
4632,663.2,381600.0
4633,663.3,401595.203
4634,663.4,421400.0
4635,663.5,441000.0
4636,663.6,460400.0
4637,663.7,479415.82
4638,663.8,498100.0
4639,663.9,516500.0
4640,664.0,534429.26
4641,664.1,552000.0
4642,664.2,569300.0
4643,664.3,586100.0
4644,664.4,602603.929
4645,664.5,618800.0
4646,664.6,634600.0
4647,664.7,650000.0
4648,664.8,665042.881
4649,664.9,679700.0
4650,665.0,693900.0
4651,665.1,707500.0
4652,665.2,720396.468
4653,665.3,732500.0
4654,665.4,743700.0
4655,665.5,753800.0
4656,665.6,762574.473
4657,665.7,769800.0
4658,665.8,775300.0
4659,665.9,779000.0
4660,666.0,780596.615
4661,666.1,779900.0
4662,666.2,776800.0
4663,666.3,771263.622
4664,666.4,763100.0
4665,666.5,752200.0
4666,666.6,738800.0
4667,666.7,722713.174
4668,666.8,704100.0
4669,666.9,683200.0
4670,667.0,660100.0
4671,667.1,635022.271
4672,667.2,608200.0
4673,667.3,579900.0
4674,667.4,550500.0
4675,667.5,520220.102
4676,667.6,489400.0
4677,667.7,458400.0
4678,667.8,427500.0
4679,667.9,397011.803
4680,668.0,367200.0
4681,668.1,338300.0
4682,668.2,310500.0
4683,668.3,283982.831
4684,668.4,258900.0
4685,668.5,235400.0
4686,668.6,213600.0
4687,668.7,193446.497
4688,668.8,175000.0
4689,668.9,158300.0
4690,669.0,143192.823
4691,669.1,129700.0
4692,669.2,117800.0
4693,669.3,107200.0
4694,669.4,97976.062
4695,669.5,90000.0
4696,669.6,83090.0
4697,669.7,77170.0
4698,669.8,72113.073
4699,669.9,67810.0
4700,670.0,64160.0
4701,670.1,61060.0
4702,670.2,58424.448
4703,670.3,56170.0
4704,670.4,54220.0
4705,670.5,52520.0
4706,670.6,51001.441
4707,670.7,49620.0
4708,670.8,48340.0
4709,670.9,47130.0
4710,671.0,45965.739
4711,671.1,44830.0
4712,671.2,43710.0
4713,671.3,42604.034
4714,671.4,41510.0
4715,671.5,40430.0
4716,671.6,39380.0
4717,671.7,38359.892
4718,671.8,37380.0
4719,671.9,36460.0
4720,672.0,35630.0
4721,672.1,34893.473
4722,672.2,34280.0
4723,672.3,33820.0
4724,672.4,33520.0
4725,672.5,33409.934
4726,672.6,33510.0
4727,672.7,33840.0
4728,672.8,34430.0
4729,672.9,35289.127
4730,673.0,36430.0
4731,673.1,37870.0
4732,673.2,39630.0
4733,673.3,41713.21
4734,673.4,44120.0
4735,673.5,46850.0
4736,673.6,49900.0
4737,673.7,53268.425
4738,673.8,56930.0
4739,673.9,60860.0
4740,674.0,65052.397
4741,674.1,69470.0
4742,674.2,74070.0
4743,674.3,78820.0
4744,674.4,83670.766
4745,674.5,88570.0
4746,674.6,93470.0
4747,674.7,98320.0
4748,674.8,103026.942
4749,674.9,107600.0
4750,675.0,112000.0
4751,675.1,116000.0
4752,675.2,119722.848
4753,675.3,123100.0
4754,675.4,126000.0
4755,675.5,128400.0
4756,675.6,130400.387
4757,675.7,131900.0
4758,675.8,132800.0
4759,675.9,133200.0
4760,676.0,133079.697
4761,676.1,132500.0
4762,676.2,131500.0
4763,676.3,129977.457
4764,676.4,128100.0
4765,676.5,126000.0
4766,676.6,123500.0
4767,676.7,120834.386
4768,676.8,118000.0
4769,676.9,115000.0
4770,677.0,112100.0
4771,677.1,109140.643
4772,677.2,106200.0
4773,677.3,103400.0
4774,677.4,100700.0
4775,677.5,98194.578
4776,677.6,95890.0
4777,677.7,93770.0
4778,677.8,91860.0
4779,677.9,90150.087
4780,678.0,88630.0
4781,678.1,87290.0
4782,678.2,86110.0
4783,678.3,85069.1
4784,678.4,84150.0
4785,678.5,83330.0
4786,678.6,82570.0
4787,678.7,81854.595
4788,678.8,81160.0
4789,678.9,80460.0
4790,679.0,79735.634
4791,679.1,78970.0
4792,679.2,78150.0
4793,679.3,77270.0
4794,679.4,76306.284
4795,679.5,75260.0
4796,679.6,74130.0
4797,679.7,72890.0
4798,679.8,71559.896
4799,679.9,70140.0
4800,680.0,68620.0
4801,680.1,66990.0
4802,680.2,65263.507
4803,680.3,63450.0
4804,680.4,61550.0
4805,680.5,59550.0
4806,680.6,57467.954
4807,680.7,55310.0
4808,680.8,53080.0
4809,680.9,50790.0
4810,681.0,48438.939
4811,681.1,46040.0
4812,681.2,43610.0
4813,681.3,41160.373
4814,681.4,38700.0
4815,681.5,36240.0
4816,681.6,33800.0
4817,681.7,31394.068
4818,681.8,29030.0
4819,681.9,26720.0
4820,682.0,24490.0
4821,682.1,22341.201
4822,682.2,20280.0
4823,682.3,18320.0
4824,682.4,16480.0
4825,682.5,14750.009
4826,682.6,13140.0
4827,682.7,11660.0
4828,682.8,10300.0
4829,682.9,9074.912
4830,683.0,7983.0
4831,683.1,7019.0
4832,683.2,6188.0
4833,683.3,5491.624
4834,683.4,4934.0
4835,683.5,4521.0
4836,683.6,4261.0
4837,683.7,4164.646
4838,683.8,4250.0
4839,683.9,4538.0
4840,684.0,5055.754
4841,684.1,5840.0
4842,684.2,6932.0
4843,684.3,8385.0
4844,684.4,10264.784
4845,684.5,12640.0
4846,684.6,15590.0
4847,684.7,19230.0
4848,684.8,23664.258
4849,684.9,29010.0
4850,685.0,35400.0
4851,685.1,43000.0
4852,685.2,51956.35
4853,685.3,62440.0
4854,685.4,74630.0
4855,685.5,88690.0
4856,685.6,104761.171
4857,685.7,123100.0
4858,685.8,143900.0
4859,685.9,167100.0
4860,686.0,192970.716
4861,686.1,221600.0
4862,686.2,253000.0
4863,686.3,287178.144
4864,686.4,324100.0
4865,686.5,363700.0
4866,686.6,405800.0
4867,686.7,450104.361
4868,686.8,496400.0
4869,686.9,544400.0
4870,687.0,593500.0
4871,687.1,643306.422
4872,687.2,693300.0
4873,687.3,742900.0
4874,687.4,791500.0
4875,687.5,838473.17
4876,687.6,883100.0
4877,687.7,924700.0
4878,687.8,962800.0
4879,687.9,996799.728
4880,688.0,1026000.0
4881,688.1,1050000.0
4882,688.2,1069000.0
4883,688.3,1081542.601
4884,688.4,1088000.0
4885,688.5,1089000.0
4886,688.6,1084000.0
4887,688.7,1073079.393
4888,688.8,1056000.0
4889,688.9,1033000.0
4890,689.0,1006156.369
4891,689.1,975500.0
4892,689.2,940800.0
4893,689.3,903200.0
4894,689.4,863341.616
4895,689.5,822000.0
4896,689.6,780000.0
4897,689.7,738000.0
4898,689.8,696692.432
4899,689.9,656800.0
4900,690.0,619000.0
4901,690.1,583800.0
4902,690.2,551709.81
4903,690.3,523100.0
4904,690.4,498300.0
4905,690.5,477600.0
4906,690.6,461126.107
4907,690.7,448900.0
4908,690.8,440900.0
4909,690.9,437000.0
4910,691.0,437026.013
4911,691.1,440700.0
4912,691.2,447700.0
4913,691.3,457609.767
4914,691.4,469900.0
4915,691.5,484100.0
4916,691.6,499900.0
4917,691.7,516519.634
4918,691.8,533500.0
4919,691.9,550400.0
4920,692.0,566500.0
4921,692.1,581476.441
4922,692.2,594900.0
4923,692.3,606300.0
4924,692.4,615300.0
4925,692.5,621609.315
4926,692.6,625000.0
4927,692.7,625300.0
4928,692.8,622500.0
4929,692.9,616595.772
4930,693.0,607600.0
4931,693.1,595600.0
4932,693.2,580900.0
4933,693.3,563698.415
4934,693.4,544300.0
4935,693.5,523100.0
4936,693.6,500600.0
4937,693.7,477058.641
4938,693.8,453000.0
4939,693.9,429000.0
4940,694.0,405502.419
4941,694.1,383000.0
4942,694.2,362000.0
4943,694.3,343000.0
4944,694.4,326544.627
4945,694.5,313100.0
4946,694.6,303100.0
4947,694.7,297000.0
4948,694.8,295371.738
4949,694.9,298500.0
4950,695.0,306700.0
4951,695.1,320600.0
4952,695.2,340394.596
4953,695.3,366300.0
4954,695.4,398600.0
4955,695.5,437600.0
4956,695.6,483341.676
4957,695.7,535900.0
4958,695.8,595300.0
4959,695.9,661300.0
4960,696.0,733725.696
4961,696.1,812300.0
4962,696.2,896500.0
4963,696.3,985325.752
4964,696.4,1079000.0
4965,696.5,1177000.0
4966,696.6,1276000.0
4967,696.7,1377054.844
4968,696.8,1479000.0
4969,696.9,1580000.0
4970,697.0,1679000.0
4971,697.1,1774055.791
4972,697.2,1864000.0
4973,697.3,1948000.0
4974,697.4,2025000.0
4975,697.5,2092834.257
4976,697.6,2151000.0
4977,697.7,2199000.0
4978,697.8,2235000.0
4979,697.9,2259182.29
4980,698.0,2271000.0
4981,698.1,2270000.0
4982,698.2,2257000.0
4983,698.3,2231342.909
4984,698.4,2193000.0
4985,698.5,2143000.0
4986,698.6,2084000.0
4987,698.7,2014679.006
4988,698.8,1936000.0
4989,698.9,1850000.0
4990,699.0,1758847.32
4991,699.1,1663000.0
4992,699.2,1563000.0
4993,699.3,1461000.0
4994,699.4,1357755.203
4995,699.5,1255000.0
4996,699.6,1154000.0
4997,699.7,1054000.0
4998,699.8,958025.896
4999,699.9,866400.0
5000,700.0,778800.0
5001,700.1,696200.0
5002,700.2,618980.31
5003,700.3,547300.0
5004,700.4,481300.0
5005,700.5,421000.0
5006,700.6,366303.615
5007,700.7,317100.0
5008,700.8,273200.0
5009,700.9,234200.0
5010,701.0,199960.0
5011,701.1,170100.0
5012,701.2,144200.0
5013,701.3,122003.015
5014,701.4,103200.0
5015,701.5,87440.0
5016,701.6,74340.0
5017,701.7,63634.754
5018,701.8,55050.0
5019,701.9,48320.0
5020,702.0,43240.0
5021,702.1,39571.265
5022,702.2,37140.0
5023,702.3,35790.0
5024,702.4,35360.0
5025,702.5,35721.892
5026,702.6,36770.0
5027,702.7,38400.0
5028,702.8,40510.0
5029,702.9,43034.014
5030,703.0,45890.0
5031,703.1,49000.0
5032,703.2,52320.0
5033,703.3,55781.518
5034,703.4,59320.0
5035,703.5,62880.0
5036,703.6,66420.0
5037,703.7,69875.452
5038,703.8,73200.0
5039,703.9,76350.0
5040,704.0,79271.485
5041,704.1,81930.0
5042,704.2,84290.0
5043,704.3,86300.0
5044,704.4,87944.476
5045,704.5,89200.0
5046,704.6,90040.0
5047,704.7,90450.0
5048,704.8,90432.641
5049,704.9,89980.0
5050,705.0,89090.0
5051,705.1,87790.0
5052,705.2,86087.372
5053,705.3,84010.0
5054,705.4,81590.0
5055,705.5,78850.0
5056,705.6,75824.792
5057,705.7,72560.0
5058,705.8,69100.0
5059,705.9,65480.0
5060,706.0,61743.446
5061,706.1,57930.0
5062,706.2,54080.0
5063,706.3,50239.406
5064,706.4,46440.0
5065,706.5,42710.0
5066,706.6,39080.0
5067,706.7,35579.342
5068,706.8,32230.0
5069,706.9,29050.0
5070,707.0,26050.0
5071,707.1,23241.246
5072,707.2,20630.0
5073,707.3,18220.0
5074,707.4,16010.0
5075,707.5,13994.643
5076,707.6,12170.0
5077,707.7,10530.0
5078,707.8,9061.0
5079,707.9,7757.585
5080,708.0,6608.0
5081,708.1,5599.0
5082,708.2,4720.0
5083,708.3,3957.788
5084,708.4,3301.0
5085,708.5,2739.0
5086,708.6,2261.0
5087,708.7,1856.23
5088,708.8,1516.0
5089,708.9,1232.0
5090,709.0,995.709
5091,709.1,800.4
5092,709.2,640.0
5093,709.3,509.1
5094,709.4,402.76
5095,709.5,317.0
5096,709.6,248.2
5097,709.7,193.3
5098,709.8,149.701
5099,709.9,115.4
5100,710.0,88.58
5101,710.1,67.68
5102,710.2,51.528
5103,710.3,39.2
5104,710.4,29.87
5105,710.5,22.93
5106,710.6,17.905
5107,710.7,14.45
5108,710.8,12.28
5109,710.9,11.24
5110,711.0,11.222
5111,711.1,12.22
5112,711.2,14.27
5113,711.3,17.48
5114,711.4,22.05
5115,711.5,28.23
5116,711.6,36.38
5117,711.7,46.928
5118,711.8,60.45
5119,711.9,77.6
5120,712.0,99.21
5121,712.1,126.266
5122,712.2,159.9
5123,712.3,201.4
5124,712.4,252.5
5125,712.5,314.915
5126,712.6,390.8
5127,712.7,482.5
5128,712.8,592.6
5129,712.9,723.915
5130,713.0,880.2
5131,713.1,1065.0
5132,713.2,1281.0
5133,713.3,1533.644
5134,713.4,1827.0
5135,713.5,2165.0
5136,713.6,2553.0
5137,713.7,2995.498
5138,713.8,3497.0
5139,713.9,4062.0
5140,714.0,4694.614
5141,714.1,5399.0
5142,714.2,6179.0
5143,714.3,7037.0
5144,714.4,7974.54
5145,714.5,8992.0
5146,714.6,10090.0
5147,714.7,11270.0
5148,714.8,12528.703
5149,714.9,13860.0
5150,715.0,15260.0
5151,715.1,16730.0
5152,715.2,18254.586
5153,715.3,19820.0
5154,715.4,21420.0
5155,715.5,23060.0
5156,715.6,24711.587
5157,715.7,26360.0
5158,715.8,28000.0
5159,715.9,29630.0
5160,716.0,31220.894
5161,716.1,32760.0
5162,716.2,34240.0
5163,716.3,35649.908
5164,716.4,36980.0
5165,716.5,38220.0
5166,716.6,39360.0
5167,716.7,40402.434
5168,716.8,41330.0
5169,716.9,42130.0
5170,717.0,42820.0
5171,717.1,43385.157
5172,717.2,43830.0
5173,717.3,44160.0
5174,717.4,44360.0
5175,717.5,44437.236
5176,717.6,44400.0
5177,717.7,44250.0
5178,717.8,43980.0
5179,717.9,43611.431
5180,718.0,43140.0
5181,718.1,42560.0
5182,718.2,41890.0
5183,718.3,41131.018
5184,718.4,40280.0
5185,718.5,39340.0
5186,718.6,38330.0
5187,718.7,37252.023
5188,718.8,36110.0
5189,718.9,34910.0
5190,719.0,33659.54
5191,719.1,32370.0
5192,719.2,31050.0
5193,719.3,29700.0
5194,719.4,28339.555
5195,719.5,26980.0
5196,719.6,25630.0
5197,719.7,24300.0
5198,719.8,22995.025
5199,719.9,21730.0
5200,720.0,20520.0
5201,720.1,19370.0
5202,720.2,18288.969
5203,720.3,17290.0
5204,720.4,16380.0
5205,720.5,15550.0
5206,720.6,14821.022
5207,720.7,14190.0
5208,720.8,13650.0
5209,720.9,13210.0
5210,721.0,12868.007
5211,721.1,12620.0
5212,721.2,12460.0
5213,721.3,12374.854
5214,721.4,12360.0
5215,721.5,12410.0
5216,721.6,12510.0
5217,721.7,12657.955
5218,721.8,12840.0
5219,721.9,13040.0
5220,722.0,13250.0
5221,722.1,13462.511
5222,722.2,13660.0
5223,722.3,13830.0
5224,722.4,13980.0
5225,722.5,14088.904
5226,722.6,14150.0
5227,722.7,14160.0
5228,722.8,14110.0
5229,722.9,14007.29
5230,723.0,13850.0
5231,723.1,13630.0
5232,723.2,13340.0
5233,723.3,13004.51
5234,723.4,12620.0
5235,723.5,12180.0
5236,723.6,11700.0
5237,723.7,11182.387
5238,723.8,10630.0
5239,723.9,10050.0
5240,724.0,9457.457
5241,724.1,8856.0
5242,724.2,8248.0
5243,724.3,7643.0
5244,724.4,7045.223
5245,724.5,6460.0
5246,724.6,5893.0
5247,724.7,5348.0
5248,724.8,4828.09
5249,724.9,4336.0
5250,725.0,3874.0
5251,725.1,3443.0
5252,725.2,3043.922
5253,725.3,2677.0
5254,725.4,2342.0
5255,725.5,2038.0
5256,725.6,1764.671
5257,725.7,1520.0
5258,725.8,1302.0
5259,725.9,1110.0
5260,726.0,941.101
5261,726.1,793.5
5262,726.2,665.7
5263,726.3,555.601
5264,726.4,461.3
5265,726.5,381.0
5266,726.6,313.0
5267,726.7,255.811
5268,726.8,208.0
5269,726.9,168.2
5270,727.0,135.3
5271,727.1,108.277
5272,727.2,86.22
5273,727.3,68.29
5274,727.4,53.81
5275,727.5,42.179
5276,727.6,32.91
5277,727.7,25.56
5278,727.8,19.76
5279,727.9,15.231
5280,728.0,11.74
5281,728.1,9.074
5282,728.2,7.087
5283,728.3,5.663
5284,728.4,4.73
5285,728.5,4.235
5286,728.6,4.168
5287,728.7,4.549
5288,728.8,5.456
5289,728.9,6.992
5290,729.0,9.324
5291,729.1,12.73
5292,729.2,17.54
5293,729.3,24.22
5294,729.4,33.401
5295,729.5,45.97
5296,729.6,62.98
5297,729.7,85.91
5298,729.8,116.536
5299,729.9,157.5
5300,730.0,211.8
5301,730.1,283.2
5302,730.2,376.745
5303,730.3,499.0
5304,730.4,657.4
5305,730.5,861.7
5306,730.6,1123.601
5307,730.7,1458.0
5308,730.8,1882.0
5309,730.9,2418.0
5310,731.0,3089.896
5311,731.1,3929.0
5312,731.2,4970.0
5313,731.3,6255.027
5314,731.4,7835.0
5315,731.5,9763.0
5316,731.6,12100.0
5317,731.7,14930.232
5318,731.8,18330.0
5319,731.9,22380.0
5320,732.0,27190.0
5321,732.1,32868.128
5322,732.2,39530.0
5323,732.3,47300.0
5324,732.4,56320.0
5325,732.5,66715.815
5326,732.6,78630.0
5327,732.7,92210.0
5328,732.8,107600.0
5329,732.9,124934.607
5330,733.0,144300.0
5331,733.1,165800.0
5332,733.2,189600.0
5333,733.3,215688.201
5334,733.4,244100.0
5335,733.5,274900.0
5336,733.6,308100.0
5337,733.7,343499.731
5338,733.8,381000.0
5339,733.9,420500.0
5340,734.0,461744.009
5341,734.1,504500.0
5342,734.2,548500.0
5343,734.3,593300.0
5344,734.4,638516.093
5345,734.5,683700.0
5346,734.6,728400.0
5347,734.7,772200.0
5348,734.8,814535.117
5349,734.9,854900.0
5350,735.0,892800.0
5351,735.1,927700.0
5352,735.2,959197.126
5353,735.3,987100.0
5354,735.4,1011000.0
5355,735.5,1030000.0
5356,735.6,1044794.076
5357,735.7,1055000.0
5358,735.8,1060000.0
5359,735.9,1060000.0
5360,736.0,1055671.456
5361,736.1,1047000.0
5362,736.2,1034000.0
5363,736.3,1017459.931
5364,736.4,997800.0
5365,736.5,975400.0
5366,736.6,951000.0
5367,736.7,925179.738
5368,736.8,898600.0
5369,736.9,872000.0
5370,737.0,846200.0
5371,737.1,821802.786
5372,737.2,799500.0
5373,737.3,780000.0
5374,737.4,763900.0
5375,737.5,751721.148
5376,737.6,744000.0
5377,737.7,741200.0
5378,737.8,743500.0
5379,737.9,751120.648
5380,738.0,764200.0
5381,738.1,782800.0
5382,738.2,806800.0
5383,738.3,835993.794
5384,738.4,870000.0
5385,738.5,908400.0
5386,738.6,950700.0
5387,738.7,996089.327
5388,738.8,1044000.0
5389,738.9,1094000.0
5390,739.0,1145557.946
5391,739.1,1197000.0
5392,739.2,1247000.0
5393,739.3,1296000.0
5394,739.4,1342266.505
5395,739.5,1385000.0
5396,739.6,1424000.0
5397,739.7,1459000.0
5398,739.8,1487734.778
5399,739.9,1510000.0
5400,740.0,1526000.0
5401,740.1,1535000.0
5402,740.2,1536741.368
5403,740.3,1531000.0
5404,740.4,1518000.0
5405,740.5,1499000.0
5406,740.6,1472640.858
5407,740.7,1439000.0
5408,740.8,1399000.0
5409,740.9,1354000.0
5410,741.0,1303713.895
5411,741.1,1249000.0
5412,741.2,1191000.0
5413,741.3,1130238.614
5414,741.4,1067000.0
5415,741.5,1002000.0
5416,741.6,937000.0
5417,741.7,871595.648
5418,741.8,806500.0
5419,741.9,742700.0
5420,742.0,680500.0
5421,742.1,620401.277
5422,742.2,562800.0
5423,742.3,508000.0
5424,742.4,456200.0
5425,742.5,407680.265
5426,742.6,362500.0
5427,742.7,320700.0
5428,742.8,282400.0
5429,742.9,247380.844
5430,743.0,215600.0
5431,743.1,187000.0
5432,743.2,161300.0
5433,743.3,138530.785
5434,743.4,118400.0
5435,743.5,100600.0
5436,743.6,85110.0
5437,743.7,71641.132
5438,743.8,59990.0
5439,743.9,49990.0
5440,744.0,41444.202
5441,744.1,34190.0
5442,744.2,28070.0
5443,744.3,22920.0
5444,744.4,18629.388
5445,744.5,15070.0
5446,744.6,12120.0
5447,744.7,9706.0
5448,744.8,7732.667
5449,744.9,6129.0
5450,745.0,4834.0
5451,745.1,3793.0
5452,745.2,2961.82
5453,745.3,2302.0
5454,745.4,1779.0
5455,745.5,1369.0
5456,745.6,1047.779
5457,745.7,797.9
5458,745.8,604.6
5459,745.9,455.9
5460,746.0,341.972
5461,746.1,255.4
5462,746.2,189.7
5463,746.3,140.13
5464,746.4,103.1
5465,746.5,75.44
5466,746.6,54.93
5467,746.7,39.777
5468,746.8,28.69
5469,746.9,20.58
5470,747.0,14.69
5471,747.1,10.424
5472,747.2,7.369
5473,747.3,5.181
5474,747.4,3.624
5475,747.5,2.52
5476,747.6,1.747
5477,747.7,1.204
5478,747.8,0.826
5479,747.9,0.563
5480,748.0,0.383
5481,748.1,0.258
5482,748.2,0.174
5483,748.3,0.116
5484,748.4,0.077
5485,748.5,0.051
5486,748.6,0.034
5487,748.7,0.022
5488,748.8,0.014
5489,748.9,0.009
5490,749.0,0.006
5491,749.1,0.004
5492,749.2,0.002
5493,749.3,0.002
5494,749.4,0.001
5495,749.5,0.001
5496,749.6,0.0
5497,749.7,0.0
5498,749.8,0.0
5499,749.9,0.0
5500,750.0,0.0
5501,750.1,0.0
5502,750.2,0.0
5503,750.3,0.0
5504,750.4,0.0
5505,750.5,0.0
5506,750.6,0.0
5507,750.7,0.0
5508,750.8,0.0
5509,750.9,0.0
5510,751.0,0.0
5511,751.1,0.0
5512,751.2,0.0
5513,751.3,0.0
5514,751.4,0.0
5515,751.5,0.0
5516,751.6,0.0
5517,751.7,0.0
5518,751.8,0.0
5519,751.9,0.0
5520,752.0,0.0
5521,752.1,0.0
5522,752.2,0.0
5523,752.3,0.0
5524,752.4,0.0
5525,752.5,0.0
5526,752.6,0.0
5527,752.7,0.0
5528,752.8,0.0
5529,752.9,0.0
5530,753.0,0.0
5531,753.1,0.0
5532,753.2,0.0
5533,753.3,0.0
5534,753.4,0.0
5535,753.5,0.0
5536,753.6,0.0
5537,753.7,0.0
5538,753.8,0.0
5539,753.9,0.0
5540,754.0,0.0
5541,754.1,0.0
5542,754.2,0.0
5543,754.3,0.0
5544,754.4,0.0
5545,754.5,0.0
5546,754.6,0.0
5547,754.7,0.0
5548,754.8,0.0
5549,754.9,0.0
5550,755.0,0.0
5551,755.1,0.0
5552,755.2,0.0
5553,755.3,0.0
5554,755.4,0.0
5555,755.5,0.0
5556,755.6,0.0
5557,755.7,0.0
5558,755.8,0.0
5559,755.9,0.0
5560,756.0,0.0
5561,756.1,0.0
5562,756.2,0.0
5563,756.3,0.0
5564,756.4,0.0
5565,756.5,0.0
5566,756.6,0.0
5567,756.7,0.0
5568,756.8,0.0
5569,756.9,0.0
5570,757.0,0.0
5571,757.1,0.0
5572,757.2,0.0
5573,757.3,0.0
5574,757.4,0.0
5575,757.5,0.0
5576,757.6,0.0
5577,757.7,0.0
5578,757.8,0.0
5579,757.9,0.0
5580,758.0,0.0
5581,758.1,0.0
5582,758.2,0.0
5583,758.3,0.0
5584,758.4,0.0
5585,758.5,0.0
5586,758.6,0.0
5587,758.7,0.0
5588,758.8,0.0
5589,758.9,0.0
5590,759.0,0.0
5591,759.1,0.0
5592,759.2,0.0
5593,759.3,0.0
5594,759.4,0.0
5595,759.5,0.0
5596,759.6,0.0
5597,759.7,0.0
5598,759.8,0.0
5599,759.9,0.0
5600,760.0,0.0
5601,760.1,0.0
5602,760.2,0.0
5603,760.3,0.0
5604,760.4,0.0
5605,760.5,0.0
5606,760.6,0.0
5607,760.7,0.0
5608,760.8,0.0
5609,760.9,0.0
5610,761.0,0.0
5611,761.1,0.0
5612,761.2,0.0
5613,761.3,0.0
5614,761.4,0.0
5615,761.5,0.0
5616,761.6,0.0
5617,761.7,0.0
5618,761.8,0.0
5619,761.9,0.0
5620,762.0,0.0
5621,762.1,0.0
5622,762.2,0.0
5623,762.3,0.0
5624,762.4,0.0
5625,762.5,0.0
5626,762.6,0.0
5627,762.7,0.0
5628,762.8,0.0
5629,762.9,0.0
5630,763.0,0.0
5631,763.1,0.0
5632,763.2,0.0
5633,763.3,0.0
5634,763.4,0.0
5635,763.5,0.0
5636,763.6,0.0
5637,763.7,0.0
5638,763.8,0.0
5639,763.9,0.0
5640,764.0,0.0
5641,764.1,0.0
5642,764.2,0.0
5643,764.3,0.0
5644,764.4,0.0
5645,764.5,0.0
5646,764.6,0.0
5647,764.7,0.0
5648,764.8,0.0
5649,764.9,0.0
5650,765.0,0.0
5651,765.1,0.0
5652,765.2,0.0
5653,765.3,0.0
5654,765.4,0.0
5655,765.5,0.0
5656,765.6,0.0
5657,765.7,0.0
5658,765.8,0.0
5659,765.9,0.0
5660,766.0,0.0
5661,766.1,0.0
5662,766.2,0.0
5663,766.3,0.0
5664,766.4,0.0
5665,766.5,0.0
5666,766.6,0.0
5667,766.7,0.0
5668,766.8,0.0
5669,766.9,0.0
5670,767.0,0.0
5671,767.1,0.0
5672,767.2,0.0
5673,767.3,0.0
5674,767.4,0.0
5675,767.5,0.0
5676,767.6,0.0
5677,767.7,0.0
5678,767.8,0.0
5679,767.9,0.0
5680,768.0,0.0
5681,768.1,0.0
5682,768.2,0.0
5683,768.3,0.0
5684,768.4,0.0
5685,768.5,0.0
5686,768.6,0.0
5687,768.7,0.0
5688,768.8,0.0
5689,768.9,0.0
5690,769.0,0.0
5691,769.1,0.0
5692,769.2,0.0
5693,769.3,0.0
5694,769.4,0.0
5695,769.5,0.0
5696,769.6,0.0
5697,769.7,0.0
5698,769.8,0.0
5699,769.9,0.0
5700,770.0,0.0
5701,770.1,0.0
5702,770.2,0.0
5703,770.3,0.0
5704,770.4,0.0
5705,770.5,0.0
5706,770.6,0.0
5707,770.7,0.0
5708,770.8,0.0
5709,770.9,0.0
5710,771.0,0.0
5711,771.1,0.0
5712,771.2,0.0
5713,771.3,0.0
5714,771.4,0.0
5715,771.5,0.0
5716,771.6,0.0
5717,771.7,0.0
5718,771.8,0.0
5719,771.9,0.0
5720,772.0,0.0
5721,772.1,0.0
5722,772.2,0.0
5723,772.3,0.0
5724,772.4,0.0
5725,772.5,0.0
5726,772.6,0.0
5727,772.7,0.0
5728,772.8,0.0
5729,772.9,0.0
5730,773.0,0.0
5731,773.1,0.0
5732,773.2,0.0
5733,773.3,0.0
5734,773.4,0.0
5735,773.5,0.0
5736,773.6,0.0
5737,773.7,0.0
5738,773.8,0.0
5739,773.9,0.0
5740,774.0,0.0
5741,774.1,0.0
5742,774.2,0.0
5743,774.3,0.0
5744,774.4,0.0
5745,774.5,0.0
5746,774.6,0.0
5747,774.7,0.0
5748,774.8,0.0
5749,774.9,0.0
5750,775.0,0.0
5751,775.1,0.0
5752,775.2,0.0
5753,775.3,0.0
5754,775.4,0.0
5755,775.5,0.0
5756,775.6,0.0
5757,775.7,0.0
5758,775.8,0.0
5759,775.9,0.0
5760,776.0,0.0
5761,776.1,0.0
5762,776.2,0.0
5763,776.3,0.0
5764,776.4,0.0
5765,776.5,0.0
5766,776.6,0.0
5767,776.7,0.0
5768,776.8,0.0
5769,776.9,0.0
5770,777.0,0.0
5771,777.1,0.0
5772,777.2,0.0
5773,777.3,0.0
5774,777.4,0.0
5775,777.5,0.0
5776,777.6,0.0
5777,777.7,0.0
5778,777.8,0.0
5779,777.9,0.0
5780,778.0,0.0
5781,778.1,0.0
5782,778.2,0.0
5783,778.3,0.0
5784,778.4,0.0
5785,778.5,0.0
5786,778.6,0.0
5787,778.7,0.0
5788,778.8,0.0
5789,778.9,0.0
5790,779.0,0.0
5791,779.1,0.0
5792,779.2,0.0
5793,779.3,0.0
5794,779.4,0.0
5795,779.5,0.0
5796,779.6,0.0
5797,779.7,0.0
5798,779.8,0.0
5799,779.9,0.0
5800,780.0,0.0
5801,780.1,0.0
5802,780.2,0.0
5803,780.3,0.0
5804,780.4,0.0
5805,780.5,0.0
5806,780.6,0.0
5807,780.7,0.0
5808,780.8,0.0
5809,780.9,0.0
5810,781.0,0.0
5811,781.1,0.0
5812,781.2,0.0
5813,781.3,0.0
5814,781.4,0.0
5815,781.5,0.0
5816,781.6,0.0
5817,781.7,0.0
5818,781.8,0.0
5819,781.9,0.0
5820,782.0,0.0
5821,782.1,0.0
5822,782.2,0.0
5823,782.3,0.0
5824,782.4,0.0
5825,782.5,0.0
5826,782.6,0.0
5827,782.7,0.0
5828,782.8,0.0
5829,782.9,0.0
5830,783.0,0.0
5831,783.1,0.0
5832,783.2,0.0
5833,783.3,0.0
5834,783.4,0.0
5835,783.5,0.0
5836,783.6,0.0
5837,783.7,0.0
5838,783.8,0.0
5839,783.9,0.0
5840,784.0,0.0
5841,784.1,0.0
5842,784.2,0.0
5843,784.3,0.0
5844,784.4,0.0
5845,784.5,0.0
5846,784.6,0.0
5847,784.7,0.0
5848,784.8,0.0
5849,784.9,0.0
5850,785.0,0.0
5851,785.1,0.0
5852,785.2,0.0
5853,785.3,0.0
5854,785.4,0.0
5855,785.5,0.0
5856,785.6,0.0
5857,785.7,0.0
5858,785.8,0.0
5859,785.9,0.0
5860,786.0,0.0
5861,786.1,0.0
5862,786.2,0.0
5863,786.3,0.0
5864,786.4,0.0
5865,786.5,0.0
5866,786.6,0.0
5867,786.7,0.0
5868,786.8,0.001
5869,786.9,0.001
5870,787.0,0.001
5871,787.1,0.002
5872,787.2,0.003
5873,787.3,0.004
5874,787.4,0.005
5875,787.5,0.008
5876,787.6,0.011
5877,787.7,0.016
5878,787.8,0.023
5879,787.9,0.033
5880,788.0,0.047
5881,788.1,0.066
5882,788.2,0.093
5883,788.3,0.129
5884,788.4,0.18
5885,788.5,0.25
5886,788.6,0.345
5887,788.7,0.473
5888,788.8,0.648
5889,788.9,0.882
5890,789.0,1.195
5891,789.1,1.615
5892,789.2,2.172
5893,789.3,2.907
5894,789.4,3.873
5895,789.5,5.142
5896,789.6,6.795
5897,789.7,8.94
5898,789.8,11.712
5899,789.9,15.28
5900,790.0,19.84
5901,790.1,25.66
5902,790.2,33.032
5903,790.3,42.35
5904,790.4,54.06
5905,790.5,68.71
5906,790.6,86.956
5907,790.7,109.6
5908,790.8,137.5
5909,790.9,171.7
5910,791.0,213.603
5911,791.1,264.6
5912,791.2,326.2
5913,791.3,400.49
5914,791.4,489.7
5915,791.5,596.1
5916,791.6,722.4
5917,791.7,872.188
5918,791.8,1048.0
5919,791.9,1253.0
5920,792.0,1493.0
5921,792.1,1770.745
5922,792.2,2091.0
5923,792.3,2459.0
5924,792.4,2879.0
5925,792.5,3356.299
5926,792.6,3896.0
5927,792.7,4503.0
5928,792.8,5182.0
5929,792.9,5937.649
5930,793.0,6774.0
5931,793.1,7695.0
5932,793.2,8704.0
5933,793.3,9801.696
5934,793.4,10990.0
5935,793.5,12270.0
5936,793.6,13640.0
5937,793.7,15103.216
5938,793.8,16650.0
5939,793.9,18270.0
5940,794.0,19962.725
5941,794.1,21720.0
5942,794.2,23530.0
5943,794.3,25380.0
5944,794.4,27263.561
5945,794.5,29160.0
5946,794.6,31050.0
5947,794.7,32930.0
5948,794.8,34777.011
5949,794.9,36570.0
5950,795.0,38290.0
5951,795.1,39920.0
5952,795.2,41451.025
5953,795.3,42870.0
5954,795.4,44160.0
5955,795.5,45300.0
5956,795.6,46284.764
5957,795.7,47110.0
5958,795.8,47770.0
5959,795.9,48260.0
5960,796.0,48585.184
5961,796.1,48750.0
5962,796.2,48760.0
5963,796.3,48628.502
5964,796.4,48370.0
5965,796.5,48000.0
5966,796.6,47540.0
5967,796.7,47015.987
5968,796.8,46450.0
5969,796.9,45870.0
5970,797.0,45320.0
5971,797.1,44810.474
5972,797.2,44380.0
5973,797.3,44070.0
5974,797.4,43900.0
5975,797.5,43908.993
5976,797.6,44130.0
5977,797.7,44590.0
5978,797.8,45310.0
5979,797.9,46321.698
5980,798.0,47640.0
5981,798.1,49280.0
5982,798.2,51270.0
5983,798.3,53611.293
5984,798.4,56310.0
5985,798.5,59370.0
5986,798.6,62780.0
5987,798.7,66547.065
5988,798.8,70660.0
5989,798.9,75100.0
5990,799.0,79844.126
5991,799.1,84870.0
5992,799.2,90150.0
5993,799.3,95650.0
5994,799.4,101366.679
5995,799.5,107200.0
5996,799.6,113100.0
5997,799.7,119200.0
5998,799.8,125274.763
5999,799.9,131300.0
6000,800.0,137300.0
6001,800.1,143200.0
6002,800.2,149003.322
6003,800.3,154600.0
6004,800.4,159900.0
6005,800.5,165000.0
6006,800.6,169870.039
6007,800.7,174400.0
6008,800.8,178500.0
6009,800.9,182200.0
6010,801.0,185546.914
6011,801.1,188500.0
6012,801.2,191000.0
6013,801.3,193007.262
6014,801.4,194500.0
6015,801.5,195500.0
6016,801.6,196100.0
6017,801.7,196148.624
6018,801.8,195700.0
6019,801.9,194800.0
6020,802.0,193300.0
6021,802.1,191410.055
6022,802.2,189100.0
6023,802.3,186300.0
6024,802.4,183100.0
6025,802.5,179455.681
6026,802.6,175400.0
6027,802.7,171000.0
6028,802.8,166300.0
6029,802.9,161260.424
6030,803.0,155900.0
6031,803.1,150300.0
6032,803.2,144600.0
6033,803.3,138639.737
6034,803.4,132500.0
6035,803.5,126300.0
6036,803.6,120000.0
6037,803.7,113647.358
6038,803.8,107300.0
6039,803.9,101000.0
6040,804.0,94758.836
6041,804.1,88610.0
6042,804.2,82590.0
6043,804.3,76720.0
6044,804.4,71028.595
6045,804.5,65530.0
6046,804.6,60240.0
6047,804.7,55190.0
6048,804.8,50383.914
6049,804.9,45830.0
6050,805.0,41540.0
6051,805.1,37520.0
6052,805.2,33758.13
6053,805.3,30260.0
6054,805.4,27030.0
6055,805.5,24050.0
6056,805.6,21317.046
6057,805.7,18830.0
6058,805.8,16580.0
6059,805.9,14540.0
6060,806.0,12706.97
6061,806.1,11070.0
6062,806.2,9615.0
6063,806.3,8331.13
6064,806.4,7206.0
6065,806.5,6227.0
6066,806.6,5383.0
6067,806.7,4663.242
6068,806.8,4059.0
6069,806.9,3562.0
6070,807.0,3164.0
6071,807.1,2858.612
6072,807.2,2641.0
6073,807.3,2507.0
6074,807.4,2454.0
6075,807.5,2480.124
6076,807.6,2585.0
6077,807.7,2769.0
6078,807.8,3034.0
6079,807.9,3382.795
6080,808.0,3820.0
6081,808.1,4350.0
6082,808.2,4976.0
6083,808.3,5705.862
6084,808.4,6546.0
6085,808.5,7502.0
6086,808.6,8580.0
6087,808.7,9788.222
6088,808.8,11130.0
6089,808.9,12610.0
6090,809.0,14240.181
6091,809.1,16020.0
6092,809.2,17950.0
6093,809.3,20040.0
6094,809.4,22271.699
6095,809.5,24650.0
6096,809.6,27180.0
6097,809.7,29840.0
6098,809.8,32622.552
6099,809.9,35520.0
6100,810.0,38520.0
6101,810.1,41600.0
6102,810.2,44741.562
6103,810.3,47920.0
6104,810.4,51110.0
6105,810.5,54290.0
6106,810.6,57430.587
6107,810.7,60500.0
6108,810.8,63470.0
6109,810.9,66320.0
6110,811.0,69011.889
6111,811.1,71520.0
6112,811.2,73820.0
6113,811.3,75878.91
6114,811.4,77680.0
6115,811.5,79210.0
6116,811.6,80450.0
6117,811.7,81382.636
6118,811.8,82000.0
6119,811.9,82300.0
6120,812.0,82290.0
6121,812.1,81968.214
6122,812.2,81350.0
6123,812.3,80450.0
6124,812.4,79270.0
6125,812.5,77847.213
6126,812.6,76210.0
6127,812.7,74380.0
6128,812.8,72380.0
6129,812.9,70255.929
6130,813.0,68040.0
6131,813.1,65760.0
6132,813.2,63450.0
6133,813.3,61152.652
6134,813.4,58900.0
6135,813.5,56720.0
6136,813.6,54640.0
6137,813.7,52693.98
6138,813.8,50910.0
6139,813.9,49310.0
6140,814.0,47903.358
6141,814.1,46710.0
6142,814.2,45750.0
6143,814.3,45030.0
6144,814.4,44555.166
6145,814.5,44330.0
6146,814.6,44360.0
6147,814.7,44650.0
6148,814.8,45187.015
6149,814.9,45970.0
6150,815.0,47000.0
6151,815.1,48270.0
6152,815.2,49775.445
6153,815.3,51510.0
6154,815.4,53470.0
6155,815.5,55660.0
6156,815.6,58068.406
6157,815.7,60690.0
6158,815.8,63530.0
6159,815.9,66610.0
6160,816.0,69914.525
6161,816.1,73450.0
6162,816.2,77230.0
6163,816.3,81262.765
6164,816.4,85560.0
6165,816.5,90130.0
6166,816.6,94980.0
6167,816.7,100154.434
6168,816.8,105600.0
6169,816.9,111300.0
6170,817.0,117400.0
6171,817.1,123781.306
6172,817.2,130500.0
6173,817.3,137600.0
6174,817.4,144900.0
6175,817.5,152489.795
6176,817.6,160400.0
6177,817.7,168600.0
6178,817.8,177000.0
6179,817.9,185585.562
6180,818.0,194300.0
6181,818.1,203100.0
6182,818.2,212000.0
6183,818.3,220835.117
6184,818.4,229600.0
6185,818.5,238300.0
6186,818.6,246800.0
6187,818.7,255065.129
6188,818.8,263000.0
6189,818.9,270500.0
6190,819.0,277519.626
6191,819.1,284000.0
6192,819.2,289900.0
6193,819.3,295200.0
6194,819.4,299678.655
6195,819.5,303400.0
6196,819.6,306400.0
6197,819.7,308400.0
6198,819.8,309568.359
6199,819.9,309900.0
6200,820.0,309300.0
6201,820.1,307700.0
6202,820.2,305193.995
6203,820.3,301800.0
6204,820.4,297500.0
6205,820.5,292300.0
6206,820.6,286329.931
6207,820.7,279600.0
6208,820.8,272100.0
6209,820.9,263900.0
6210,821.0,255094.987
6211,821.1,245800.0
6212,821.2,236100.0
6213,821.3,225973.524
6214,821.4,215500.0
6215,821.5,204800.0
6216,821.6,194000.0
6217,821.7,183149.31
6218,821.8,172300.0
6219,821.9,161500.0
6220,822.0,150800.0
6221,822.1,140366.515
6222,822.2,130200.0
6223,822.3,120300.0
6224,822.4,110800.0
6225,822.5,101640.345
6226,822.6,92880.0
6227,822.7,84600.0
6228,822.8,76790.0
6229,822.9,69458.473
6230,823.0,62610.0
6231,823.1,56250.0
6232,823.2,50390.0
6233,823.3,45003.24
6234,823.4,40090.0
6235,823.5,35650.0
6236,823.6,31650.0
6237,823.7,28081.11
6238,823.8,24930.0
6239,823.9,22180.0
6240,824.0,19813.933
6241,824.1,17810.0
6242,824.2,16150.0
6243,824.3,14830.0
6244,824.4,13832.45
6245,824.5,13140.0
6246,824.6,12740.0
6247,824.7,12630.0
6248,824.8,12798.959
6249,824.9,13240.0
6250,825.0,13950.0
6251,825.1,14930.0
6252,825.2,16172.907
6253,825.3,17680.0
6254,825.4,19450.0
6255,825.5,21470.0
6256,825.6,23753.685
6257,825.7,26290.0
6258,825.8,29070.0
6259,825.9,32110.0
6260,826.0,35377.11
6261,826.1,38870.0
6262,826.2,42590.0
6263,826.3,46505.567
6264,826.4,50600.0
6265,826.5,54860.0
6266,826.6,59260.0
6267,826.7,63767.226
6268,826.8,68350.0
6269,826.9,72980.0
6270,827.0,77630.0
6271,827.1,82242.84
6272,827.2,86780.0
6273,827.3,91210.0
6274,827.4,95490.0
6275,827.5,99553.045
6276,827.6,103400.0
6277,827.7,107000.0
6278,827.8,110200.0
6279,827.9,113079.282
6280,828.0,115600.0
6281,828.1,117700.0
6282,828.2,119400.0
6283,828.3,120659.834
6284,828.4,121400.0
6285,828.5,121600.0
6286,828.6,121400.0
6287,828.7,120687.859
6288,828.8,119500.0
6289,828.9,117900.0
6290,829.0,115848.837
6291,829.1,113400.0
6292,829.2,110600.0
6293,829.3,107400.0
6294,829.4,103916.202
6295,829.5,100200.0
6296,829.6,96270.0
6297,829.7,92150.0
6298,829.8,87906.475
6299,829.9,83590.0
6300,830.0,79240.0
6301,830.1,74890.0
6302,830.2,70600.775
6303,830.3,66410.0
6304,830.4,62350.0
6305,830.5,58460.0
6306,830.6,54767.311
6307,830.7,51310.0
6308,830.8,48120.0
6309,830.9,45200.0
6310,831.0,42580.213
6311,831.1,40280.0
6312,831.2,38310.0
6313,831.3,36669.22
6314,831.4,35360.0
6315,831.5,34390.0
6316,831.6,33770.0
6317,831.7,33475.661
6318,831.8,33500.0
6319,831.9,33840.0
6320,832.0,34480.0
6321,832.1,35402.439
6322,832.2,36590.0
6323,832.3,38020.0
6324,832.4,39660.0
6325,832.5,41506.623
6326,832.6,43520.0
6327,832.7,45660.0
6328,832.8,47920.0
6329,832.9,50257.204
6330,833.0,52640.0
6331,833.1,55040.0
6332,833.2,57420.0
6333,833.3,59750.544
6334,833.4,62000.0
6335,833.5,64140.0
6336,833.6,66150.0
6337,833.7,67982.481
6338,833.8,69620.0
6339,833.9,71050.0
6340,834.0,72242.948
6341,834.1,73180.0
6342,834.2,73850.0
6343,834.3,74250.0
6344,834.4,74361.743
6345,834.5,74190.0
6346,834.6,73740.0
6347,834.7,73000.0
6348,834.8,71989.714
6349,834.9,70720.0
6350,835.0,69200.0
6351,835.1,67450.0
6352,835.2,65487.327
6353,835.3,63330.0
6354,835.4,61000.0
6355,835.5,58530.0
6356,835.6,55944.044
6357,835.7,53260.0
6358,835.8,50500.0
6359,835.9,47700.0
6360,836.0,44878.123
6361,836.1,42060.0
6362,836.2,39270.0
6363,836.3,36517.026
6364,836.4,33820.0
6365,836.5,31200.0
6366,836.6,28670.0
6367,836.7,26237.116
6368,836.8,23920.0
6369,836.9,21730.0
6370,837.0,19650.0
6371,837.1,17701.512
6372,837.2,15890.0
6373,837.3,14210.0
6374,837.4,12650.0
6375,837.5,11219.466
6376,837.6,9914.0
6377,837.7,8725.0
6378,837.8,7648.0
6379,837.9,6677.982
6380,838.0,5808.0
6381,838.1,5031.0
6382,838.2,4341.0
6383,838.3,3731.596
6384,838.4,3195.0
6385,838.5,2724.0
6386,838.6,2314.0
6387,838.7,1957.941
6388,838.8,1650.0
6389,838.9,1385.0
6390,839.0,1158.128
6391,839.1,964.7
6392,839.2,800.3
6393,839.3,661.4
6394,839.4,544.374
6395,839.5,446.3
6396,839.6,364.5
6397,839.7,296.5
6398,839.8,240.217
6399,839.9,193.9
6400,840.0,155.9
6401,840.1,124.8
6402,840.2,99.535
6403,840.3,79.11
6404,840.4,62.6
6405,840.5,49.35
6406,840.6,38.741
6407,840.7,30.3
6408,840.8,23.61
6409,840.9,18.32
6410,841.0,14.155
6411,841.1,10.9
6412,841.2,8.36
6413,841.3,6.385
6414,841.4,4.859
6415,841.5,3.682
6416,841.6,2.78
6417,841.7,2.09
6418,841.8,1.566
6419,841.9,1.168
6420,842.0,0.868
6421,842.1,0.642
6422,842.2,0.474
6423,842.3,0.348
6424,842.4,0.255
6425,842.5,0.185
6426,842.6,0.135
6427,842.7,0.097
6428,842.8,0.07
6429,842.9,0.05
6430,843.0,0.036
6431,843.1,0.026
6432,843.2,0.018
6433,843.3,0.013
6434,843.4,0.009
6435,843.5,0.006
6436,843.6,0.005
6437,843.7,0.003
6438,843.8,0.002
6439,843.9,0.002
6440,844.0,0.002
6441,844.1,0.002
6442,844.2,0.002
6443,844.3,0.002
6444,844.4,0.003
6445,844.5,0.004
6446,844.6,0.006
6447,844.7,0.008
6448,844.8,0.011
6449,844.9,0.016
6450,845.0,0.022
6451,845.1,0.03
6452,845.2,0.041
6453,845.3,0.056
6454,845.4,0.077
6455,845.5,0.105
6456,845.6,0.143
6457,845.7,0.194
6458,845.8,0.261
6459,845.9,0.351
6460,846.0,0.469
6461,846.1,0.625
6462,846.2,0.83
6463,846.3,1.098
6464,846.4,1.448
6465,846.5,1.901
6466,846.6,2.487
6467,846.7,3.241
6468,846.8,4.209
6469,846.9,5.445
6470,847.0,7.016
6471,847.1,9.006
6472,847.2,11.52
6473,847.3,14.68
6474,847.4,18.64
6475,847.5,23.566
6476,847.6,29.69
6477,847.7,37.27
6478,847.8,46.61
6479,847.9,58.066
6480,848.0,72.07
6481,848.1,89.11
6482,848.2,109.8
6483,848.3,134.734
6484,848.4,164.7
6485,848.5,200.6
6486,848.6,243.5
6487,848.7,294.373
6488,848.8,354.5
6489,848.9,425.3
6490,849.0,508.394
6491,849.1,605.5
6492,849.2,718.4
6493,849.3,849.1
6494,849.4,999.813
6495,849.5,1173.0
6496,849.6,1371.0
6497,849.7,1596.0
6498,849.8,1851.693
6499,849.9,2140.0
6500,850.0,2463.0
6501,850.1,2825.0
6502,850.2,3228.233
6503,850.3,3675.0
6504,850.4,4168.0
6505,850.5,4710.0
6506,850.6,5301.673
6507,850.7,5945.0
6508,850.8,6642.0
6509,850.9,7393.0
6510,851.0,8198.122
6511,851.1,9056.0
6512,851.2,9966.0
6513,851.3,10929.665
6514,851.4,11940.0
6515,851.5,12990.0
6516,851.6,14080.0
6517,851.7,15204.563
6518,851.8,16360.0
6519,851.9,17540.0
6520,852.0,18730.0
6521,852.1,19931.439
6522,852.2,21130.0
6523,852.3,22310.0
6524,852.4,23470.0
6525,852.5,24602.001
6526,852.6,25690.0
6527,852.7,26720.0
6528,852.8,27690.0
6529,852.9,28592.5
6530,853.0,29410.0
6531,853.1,30130.0
6532,853.2,30760.0
6533,853.3,31285.515
6534,853.4,31700.0
6535,853.5,32000.0
6536,853.6,32180.0
6537,853.7,32240.115
6538,853.8,32180.0
6539,853.9,32000.0
6540,854.0,31703.838
6541,854.1,31290.0
6542,854.2,30760.0
6543,854.3,30130.0
6544,854.4,29405.523
6545,854.5,28590.0
6546,854.6,27690.0
6547,854.7,26720.0
6548,854.8,25687.066
6549,854.9,24600.0
6550,855.0,23470.0
6551,855.1,22310.0
6552,855.2,21124.662
6553,855.3,19930.0
6554,855.4,18740.0
6555,855.5,17550.0
6556,855.6,16367.527
6557,855.7,15210.0
6558,855.8,14090.0
6559,855.9,13000.0
6560,856.0,11946.295
6561,856.1,10940.0
6562,856.2,9988.0
6563,856.3,9084.048
6564,856.4,8232.0
6565,856.5,7437.0
6566,856.6,6697.0
6567,856.7,6014.199
6568,856.8,5388.0
6569,856.9,4817.0
6570,857.0,4301.0
6571,857.1,3838.917
6572,857.2,3429.0
6573,857.3,3070.0
6574,857.4,2762.0
6575,857.5,2502.234
6576,857.6,2290.0
6577,857.7,2125.0
6578,857.8,2006.0
6579,857.9,1933.366
6580,858.0,1907.0
6581,858.1,1927.0
6582,858.2,1995.0
6583,858.3,2112.313
6584,858.4,2281.0
6585,858.5,2503.0
6586,858.6,2780.0
6587,858.7,3117.328
6588,858.8,3518.0
6589,858.9,3985.0
6590,859.0,4524.043
6591,859.1,5139.0
6592,859.2,5834.0
6593,859.3,6616.0
6594,859.4,7489.408
6595,859.5,8458.0
6596,859.6,9528.0
6597,859.7,10710.0
6598,859.8,11999.545
6599,859.9,13400.0
6600,860.0,14920.0
6601,860.1,16570.0
6602,860.2,18341.979
6603,860.3,20240.0
6604,860.4,22270.0
6605,860.5,24430.0
6606,860.6,26724.397
6607,860.7,29150.0
6608,860.8,31700.0
6609,860.9,34370.0
6610,861.0,37171.764
6611,861.1,40090.0
6612,861.2,43110.0
6613,861.3,46244.271
6614,861.4,49480.0
6615,861.5,52800.0
6616,861.6,56200.0
6617,861.7,59667.71
6618,861.8,63200.0
6619,861.9,66790.0
6620,862.0,70410.0
6621,862.1,74052.319
6622,862.2,77710.0
6623,862.3,81370.0
6624,862.4,85010.0
6625,862.5,88629.045
6626,862.6,92200.0
6627,862.7,95700.0
6628,862.8,99140.0
6629,862.9,102480.561
6630,863.0,105700.0
6631,863.1,108800.0
6632,863.2,111800.0
6633,863.3,114604.681
6634,863.4,117200.0
6635,863.5,119600.0
6636,863.6,121800.0
6637,863.7,123765.455
6638,863.8,125500.0
6639,863.9,127000.0
6640,864.0,128202.917
6641,864.1,129100.0
6642,864.2,129700.0
6643,864.3,130000.0
6644,864.4,129969.545
6645,864.5,129600.0
6646,864.6,128900.0
6647,864.7,127900.0
6648,864.8,126576.0
6649,864.9,124900.0
6650,865.0,122900.0
6651,865.1,120700.0
6652,865.2,118109.961
6653,865.3,115200.0
6654,865.4,112100.0
6655,865.5,108800.0
6656,865.6,105258.752
6657,865.7,101500.0
6658,865.8,97570.0
6659,865.9,93520.0
6660,866.0,89352.413
6661,866.1,85100.0
6662,866.2,80800.0
6663,866.3,76466.577
6664,866.4,72130.0
6665,866.5,67820.0
6666,866.6,63550.0
6667,866.7,59357.007
6668,866.8,55260.0
6669,866.9,51270.0
6670,867.0,47400.0
6671,867.1,43680.759
6672,867.2,40120.0
6673,867.3,36720.0
6674,867.4,33490.0
6675,867.5,30437.73
6676,867.6,27570.0
6677,867.7,24890.0
6678,867.8,22390.0
6679,867.9,20070.911
6680,868.0,17930.0
6681,868.1,15960.0
6682,868.2,14150.0
6683,868.3,12508.183
6684,868.4,11020.0
6685,868.5,9669.0
6686,868.6,8456.0
6687,868.7,7368.751
6688,868.8,6398.0
6689,868.9,5536.0
6690,869.0,4773.216
6691,869.1,4101.0
6692,869.2,3511.0
6693,869.3,2995.0
6694,869.4,2546.075
6695,869.5,2157.0
6696,869.6,1821.0
6697,869.7,1533.0
6698,869.8,1286.201
6699,869.9,1076.0
6700,870.0,898.3
6701,870.1,748.4
6702,870.2,622.737
6703,870.3,518.3
6704,870.4,432.2
6705,870.5,361.9
6706,870.6,305.335
6707,870.7,260.8
6708,870.8,226.7
6709,870.9,201.7
6710,871.0,184.864
6711,871.1,175.4
6712,871.2,172.6
6713,871.3,176.074
6714,871.4,185.6
6715,871.5,201.0
6716,871.6,222.2
6717,871.7,249.303
6718,871.8,282.5
6719,871.9,322.0
6720,872.0,368.1
6721,872.1,421.323
6722,872.2,482.0
6723,872.3,550.5
6724,872.4,627.5
6725,872.5,713.415
6726,872.6,808.7
6727,872.7,913.8
6728,872.8,1029.0
6729,872.9,1154.742
6730,873.0,1292.0
6731,873.1,1441.0
6732,873.2,1600.0
6733,873.3,1771.307
6734,873.4,1954.0
6735,873.5,2147.0
6736,873.6,2352.0
6737,873.7,2566.928
6738,873.8,2791.0
6739,873.9,3024.0
6740,874.0,3265.168
6741,874.1,3513.0
6742,874.2,3766.0
6743,874.3,4023.0
6744,874.4,4281.861
6745,874.5,4541.0
6746,874.6,4799.0
6747,874.7,5054.0
6748,874.8,5303.397
6749,874.9,5545.0
6750,875.0,5777.0
6751,875.1,5998.0
6752,875.2,6205.09
6753,875.3,6396.0
6754,875.4,6569.0
6755,875.5,6723.0
6756,875.6,6855.989
6757,875.7,6967.0
6758,875.8,7055.0
6759,875.9,7118.0
6760,876.0,7156.177
6761,876.1,7169.0
6762,876.2,7156.0
6763,876.3,7118.039
6764,876.4,7055.0
6765,876.5,6967.0
6766,876.6,6856.0
6767,876.7,6722.854
6768,876.8,6569.0
6769,876.9,6396.0
6770,877.0,6205.0
6771,877.1,5997.791
6772,877.2,5777.0
6773,877.3,5545.0
6774,877.4,5303.0
6775,877.5,5053.655
6776,877.6,4799.0
6777,877.7,4541.0
6778,877.8,4282.0
6779,877.9,4022.998
6780,878.0,3766.0
6781,878.1,3513.0
6782,878.2,3265.0
6783,878.3,3024.212
6784,878.4,2791.0
6785,878.5,2566.0
6786,878.6,2352.0
6787,878.7,2147.936
6788,878.8,1954.0
6789,878.9,1771.0
6790,879.0,1599.557
6791,879.1,1440.0
6792,879.2,1292.0
6793,879.3,1154.0
6794,879.4,1027.611
6795,879.5,912.2
6796,879.6,806.6
6797,879.7,710.7
6798,879.8,623.931
6799,879.9,545.8
6800,880.0,475.8
6801,880.1,413.2
6802,880.2,357.57
6803,880.3,308.4
6804,880.4,265.1
6805,880.5,227.0
6806,880.6,193.622
6807,880.7,164.6
6808,880.8,139.5
6809,880.9,117.7
6810,881.0,98.995
6811,881.1,83.01
6812,881.2,69.33
6813,881.3,57.691
6814,881.4,47.84
6815,881.5,39.53
6816,881.6,32.55
6817,881.7,26.704
6818,881.8,21.83
6819,881.9,17.78
6820,882.0,14.43
6821,882.1,11.67
6822,882.2,9.407
6823,882.3,7.554
6824,882.4,6.044
6825,882.5,4.819
6826,882.6,3.829
6827,882.7,3.031
6828,882.8,2.391
6829,882.9,1.879
6830,883.0,1.472
6831,883.1,1.149
6832,883.2,0.893
6833,883.3,0.692
6834,883.4,0.535
6835,883.5,0.411
6836,883.6,0.315
6837,883.7,0.241
6838,883.8,0.183
6839,883.9,0.139
6840,884.0,0.105
6841,884.1,0.079
6842,884.2,0.059
6843,884.3,0.044
6844,884.4,0.033
6845,884.5,0.025
6846,884.6,0.018
6847,884.7,0.013
6848,884.8,0.01
6849,884.9,0.007
6850,885.0,0.005
6851,885.1,0.004
6852,885.2,0.003
6853,885.3,0.002
6854,885.4,0.001
6855,885.5,0.001
6856,885.6,0.001
6857,885.7,0.001
6858,885.8,0.0
6859,885.9,0.0
6860,886.0,0.0
6861,886.1,0.0
6862,886.2,0.0
6863,886.3,0.0
6864,886.4,0.0
6865,886.5,0.0
6866,886.6,0.0
6867,886.7,0.0
6868,886.8,0.0
6869,886.9,0.0
6870,887.0,0.0
6871,887.1,0.0
6872,887.2,0.0
6873,887.3,0.0
6874,887.4,0.0
6875,887.5,0.0
6876,887.6,0.0
6877,887.7,0.0
6878,887.8,0.0
6879,887.9,0.0
6880,888.0,0.0
6881,888.1,0.0
6882,888.2,0.0
6883,888.3,0.0
6884,888.4,0.0
6885,888.5,0.0
6886,888.6,0.0
6887,888.7,0.0
6888,888.8,0.0
6889,888.9,0.0
6890,889.0,0.0
6891,889.1,0.0
6892,889.2,0.0
6893,889.3,0.0
6894,889.4,0.0
6895,889.5,0.0
6896,889.6,0.0
6897,889.7,0.0
6898,889.8,0.0
6899,889.9,0.0
6900,890.0,0.0
6901,890.1,0.0
6902,890.2,0.0
6903,890.3,0.0
6904,890.4,0.0
6905,890.5,0.0
6906,890.6,0.0
6907,890.7,0.0
6908,890.8,0.0
6909,890.9,0.0
6910,891.0,0.0
6911,891.1,0.0
6912,891.2,0.0
6913,891.3,0.0
6914,891.4,0.0
6915,891.5,0.0
6916,891.6,0.0
6917,891.7,0.0
6918,891.8,0.0
6919,891.9,0.0
6920,892.0,0.0
6921,892.1,0.0
6922,892.2,0.0
6923,892.3,0.0
6924,892.4,0.0
6925,892.5,0.0
6926,892.6,0.0
6927,892.7,0.0
6928,892.8,0.0
6929,892.9,0.0
6930,893.0,0.0
6931,893.1,0.0
6932,893.2,0.0
6933,893.3,0.0
6934,893.4,0.0
6935,893.5,0.0
6936,893.6,0.0
6937,893.7,0.0
6938,893.8,0.0
6939,893.9,0.0
6940,894.0,0.0
6941,894.1,0.0
6942,894.2,0.0
6943,894.3,0.0
6944,894.4,0.0
6945,894.5,0.0
6946,894.6,0.0
6947,894.7,0.0
6948,894.8,0.0
6949,894.9,0.0
6950,895.0,0.0
6951,895.1,0.0
6952,895.2,0.0
6953,895.3,0.0
6954,895.4,0.0
6955,895.5,0.0
6956,895.6,0.0
6957,895.7,0.0
6958,895.8,0.0
6959,895.9,0.0
6960,896.0,0.0
6961,896.1,0.0
6962,896.2,0.0
6963,896.3,0.0
6964,896.4,0.0
6965,896.5,0.0
6966,896.6,0.0
6967,896.7,0.0
6968,896.8,0.0
6969,896.9,0.0
6970,897.0,0.0
6971,897.1,0.0
6972,897.2,0.0
6973,897.3,0.0
6974,897.4,0.0
6975,897.5,0.0
6976,897.6,0.0
6977,897.7,0.0
6978,897.8,0.0
6979,897.9,0.0
6980,898.0,0.0
6981,898.1,0.0
6982,898.2,0.0
6983,898.3,0.0
6984,898.4,0.0
6985,898.5,0.0
6986,898.6,0.0
6987,898.7,0.0
6988,898.8,0.0
6989,898.9,0.0
6990,899.0,0.0
6991,899.1,0.0
6992,899.2,0.0
6993,899.3,0.0
6994,899.4,0.0
6995,899.5,0.0
6996,899.6,0.0
6997,899.7,0.0
6998,899.8,0.0
6999,899.9,0.0
7000,900.0,0.0
7001,900.1,0.0
7002,900.2,0.0
7003,900.3,0.0
7004,900.4,0.0
7005,900.5,0.0
7006,900.6,0.0
7007,900.7,0.0
7008,900.8,0.0
7009,900.9,0.0
7010,901.0,0.0
7011,901.1,0.0
7012,901.2,0.0
7013,901.3,0.0
7014,901.4,0.0
7015,901.5,0.0
7016,901.6,0.0
7017,901.7,0.0
7018,901.8,0.0
7019,901.9,0.0
7020,902.0,0.0
7021,902.1,0.0
7022,902.2,0.0
7023,902.3,0.0
7024,902.4,0.0
7025,902.5,0.0
7026,902.6,0.0
7027,902.7,0.0
7028,902.8,0.0
7029,902.9,0.0
7030,903.0,0.0
7031,903.1,0.0
7032,903.2,0.0
7033,903.3,0.0
7034,903.4,0.0
7035,903.5,0.001
7036,903.6,0.001
7037,903.7,0.001
7038,903.8,0.001
7039,903.9,0.002
7040,904.0,0.003
7041,904.1,0.004
7042,904.2,0.005
7043,904.3,0.007
7044,904.4,0.009
7045,904.5,0.012
7046,904.6,0.017
7047,904.7,0.022
7048,904.8,0.03
7049,904.9,0.04
7050,905.0,0.054
7051,905.1,0.071
7052,905.2,0.094
7053,905.3,0.125
7054,905.4,0.164
7055,905.5,0.215
7056,905.6,0.28
7057,905.7,0.365
7058,905.8,0.474
7059,905.9,0.613
7060,906.0,0.79
7061,906.1,1.016
7062,906.2,1.301
7063,906.3,1.661
7064,906.4,2.114
7065,906.5,2.682
7066,906.6,3.39
7067,906.7,4.271
7068,906.8,5.366
7069,906.9,6.718
7070,907.0,8.382
7071,907.1,10.42
7072,907.2,12.92
7073,907.3,15.97
7074,907.4,19.66
7075,907.5,24.131
7076,907.6,29.53
7077,907.7,36.01
7078,907.8,43.77
7079,907.9,53.026
7080,908.0,64.03
7081,908.1,77.06
7082,908.2,92.44
7083,908.3,110.501
7084,908.4,131.7
7085,908.5,156.5
7086,908.6,185.3
7087,908.7,218.673
7088,908.8,257.2
7089,908.9,301.5
7090,909.0,352.341
7091,909.1,410.4
7092,909.2,476.4
7093,909.3,551.3
7094,909.4,635.853
7095,909.5,730.9
7096,909.6,837.4
7097,909.7,956.4
7098,909.8,1088.468
7099,909.9,1235.0
7100,910.0,1397.0
7101,910.1,1574.0
7102,910.2,1768.544
7103,910.3,1981.0
7104,910.4,2211.0
7105,910.5,2459.0
7106,910.6,2726.773
7107,910.7,3014.0
7108,910.8,3320.0
7109,910.9,3645.0
7110,911.0,3988.767
7111,911.1,4351.0
7112,911.2,4731.0
7113,911.3,5126.708
7114,911.4,5537.0
7115,911.5,5961.0
7116,911.6,6397.0
7117,911.7,6841.71
7118,911.8,7293.0
7119,911.9,7749.0
7120,912.0,8207.0
7121,912.1,8663.366
7122,912.2,9115.0
7123,912.3,9559.0
7124,912.4,9992.0
7125,912.5,10409.559
7126,912.6,10810.0
7127,912.7,11190.0
7128,912.8,11540.0
7129,912.9,11861.962
7130,913.0,12160.0
7131,913.1,12430.0
7132,913.2,12650.0
7133,913.3,12836.919
7134,913.4,12990.0
7135,913.5,13100.0
7136,913.6,13160.0
7137,913.7,13179.211
7138,913.8,13160.0
7139,913.9,13100.0
7140,914.0,12992.462
7141,914.1,12840.0
7142,914.2,12650.0
7143,914.3,12430.0
7144,914.4,12166.426
7145,914.5,11870.0
7146,914.6,11550.0
7147,914.7,11190.0
7148,914.8,10807.334
7149,914.9,10410.0
7150,915.0,9998.0
7151,915.1,9566.0
7152,915.2,9123.811
7153,915.3,8675.0
7154,915.4,8221.0
7155,915.5,7766.0
7156,915.6,7314.024
7157,915.7,6867.0
7158,915.8,6427.0
7159,915.9,5998.0
7160,916.0,5581.896
7161,916.1,5180.0
7162,916.2,4794.0
7163,916.3,4426.567
7164,916.4,4079.0
7165,916.5,3752.0
7166,916.6,3446.0
7167,916.7,3162.357
7168,916.8,2901.0
7169,916.9,2662.0
7170,917.0,2447.0
7171,917.1,2255.377
7172,917.2,2087.0
7173,917.3,1942.0
7174,917.4,1820.0
7175,917.5,1720.042
7176,917.6,1643.0
7177,917.7,1589.0
7178,917.8,1555.0
7179,917.9,1543.185
7180,918.0,1553.0
7181,918.1,1583.0
7182,918.2,1633.0
7183,918.3,1703.363
7184,918.4,1793.0
7185,918.5,1901.0
7186,918.6,2028.0
7187,918.7,2172.522
7188,918.8,2334.0
7189,918.9,2512.0
7190,919.0,2705.189
7191,919.1,2913.0
7192,919.2,3135.0
7193,919.3,3370.0
7194,919.4,3616.002
7195,919.5,3872.0
7196,919.6,4137.0
7197,919.7,4409.0
7198,919.8,4686.345
7199,919.9,4967.0
7200,920.0,5249.0
7201,920.1,5531.0
7202,920.2,5810.855
7203,920.3,6086.0
7204,920.4,6354.0
7205,920.5,6613.0
7206,920.6,6860.952
7207,920.7,7096.0
7208,920.8,7316.0
7209,920.9,7518.0
7210,921.0,7701.075
7211,921.1,7864.0
7212,921.2,8005.0
7213,921.3,8121.576
7214,921.4,8213.0
7215,921.5,8279.0
7216,921.6,8319.0
7217,921.7,8332.327
7218,921.8,8319.0
7219,921.9,8279.0
7220,922.0,8212.0
7221,922.1,8119.588
7222,922.2,8003.0
7223,922.3,7863.0
7224,922.4,7700.0
7225,922.5,7516.178
7226,922.6,7313.0
7227,922.7,7092.0
7228,922.8,6856.0
7229,922.9,6606.952
7230,923.0,6346.0
7231,923.1,6075.0
7232,923.2,5798.0
7233,923.3,5515.758
7234,923.4,5230.0
7235,923.5,4943.0
7236,923.6,4657.0
7237,923.7,4373.737
7238,923.8,4094.0
7239,923.9,3819.0
7240,924.0,3551.761
7241,924.1,3293.0
7242,924.2,3043.0
7243,924.3,2803.0
7244,924.4,2573.574
7245,924.5,2355.0
7246,924.6,2148.0
7247,924.7,1954.0
7248,924.8,1771.198
7249,924.9,1600.0
7250,925.0,1441.0
7251,925.1,1293.0
7252,925.2,1156.832
7253,925.3,1032.0
7254,925.4,917.6
7255,925.5,813.2
7256,925.6,718.359
7257,925.7,632.6
7258,925.8,555.4
7259,925.9,486.1
7260,926.0,424.133
7261,926.1,369.0
7262,926.2,320.2
7263,926.3,277.18
7264,926.4,239.4
7265,926.5,206.4
7266,926.6,177.9
7267,926.7,153.372
7268,926.8,132.5
7269,926.9,115.0
7270,927.0,100.5
7271,927.1,88.939
7272,927.2,80.13
7273,927.3,73.87
7274,927.4,70.13
7275,927.5,68.912
7276,927.6,70.28
7277,927.7,74.34
7278,927.8,81.28
7279,927.9,91.342
7280,928.0,104.9
7281,928.1,122.4
7282,928.2,144.4
7283,928.3,171.396
7284,928.4,204.2
7285,928.5,243.7
7286,928.6,290.8
7287,928.7,346.69
7288,928.8,412.7
7289,928.9,490.2
7290,929.0,580.738
7291,929.1,686.2
7292,929.2,808.6
7293,929.3,950.0
7294,929.4,1112.311
7295,929.5,1299.0
7296,929.6,1513.0
7297,929.7,1755.0
7298,929.8,2030.243
7299,929.9,2342.0
7300,930.0,2693.0
7301,930.1,3087.0
7302,930.2,3526.987
7303,930.3,4017.0
7304,930.4,4561.0
7305,930.5,5162.0
7306,930.6,5824.888
7307,930.7,6552.0
7308,930.8,7346.0
7309,930.9,8212.0
7310,931.0,9148.994
7311,931.1,10160.0
7312,931.2,11250.0
7313,931.3,12422.622
7314,931.4,13670.0
7315,931.5,14990.0
7316,931.6,16400.0
7317,931.7,17875.59
7318,931.8,19420.0
7319,931.9,21040.0
7320,932.0,22720.0
7321,932.1,24459.388
7322,932.2,26250.0
7323,932.3,28080.0
7324,932.4,29940.0
7325,932.5,31828.68
7326,932.6,33730.0
7327,932.7,35630.0
7328,932.8,37530.0
7329,932.9,39400.94
7330,933.0,41230.0
7331,933.1,43010.0
7332,933.2,44730.0
7333,933.3,46378.038
7334,933.4,47930.0
7335,933.5,49370.0
7336,933.6,50710.0
7337,933.7,51914.108
7338,933.8,52980.0
7339,933.9,53910.0
7340,934.0,54679.489
7341,934.1,55280.0
7342,934.2,55710.0
7343,934.3,55970.0
7344,934.4,56057.003
7345,934.5,55970.0
7346,934.6,55710.0
7347,934.7,55280.0
7348,934.8,54676.857
7349,934.9,53910.0
7350,935.0,52990.0
7351,935.1,51920.0
7352,935.2,50712.816
7353,935.3,49380.0
7354,935.4,47930.0
7355,935.5,46370.0
7356,935.6,44726.09
7357,935.7,43010.0
7358,935.8,41230.0
7359,935.9,39400.0
7360,936.0,37531.45
7361,936.1,35640.0
7362,936.2,33740.0
7363,936.3,31838.023
7364,936.4,29950.0
7365,936.5,28090.0
7366,936.6,26260.0
7367,936.7,24479.949
7368,936.8,22750.0
7369,936.9,21070.0
7370,937.0,19460.0
7371,937.1,17923.657
7372,937.2,16460.0
7373,937.3,15070.0
7374,937.4,13760.0
7375,937.5,12532.928
7376,937.6,11390.0
7377,937.7,10330.0
7378,937.8,9347.0
7379,937.9,8447.624
7380,938.0,7630.0
7381,938.1,6890.0
7382,938.2,6227.0
7383,938.3,5639.379
7384,938.4,5125.0
7385,938.5,4682.0
7386,938.6,4309.0
7387,938.7,4003.042
7388,938.8,3763.0
7389,938.9,3588.0
7390,939.0,3476.281
7391,939.1,3428.0
7392,939.2,3443.0
7393,939.3,3519.0
7394,939.4,3657.677
7395,939.5,3859.0
7396,939.6,4123.0
7397,939.7,4452.0
7398,939.8,4845.605
7399,939.9,5305.0
7400,940.0,5832.0
7401,940.1,6428.0
7402,940.2,7093.469
7403,940.3,7830.0
7404,940.4,8639.0
7405,940.5,9520.0
7406,940.6,10473.298
7407,940.7,11500.0
7408,940.8,12600.0
7409,940.9,13770.0
7410,941.0,15011.724
7411,941.1,16320.0
7412,941.2,17690.0
7413,941.3,19123.555
7414,941.4,20610.0
7415,941.5,22140.0
7416,941.6,23720.0
7417,941.7,25342.048
7418,941.8,26990.0
7419,941.9,28650.0
7420,942.0,30320.0
7421,942.1,31995.162
7422,942.2,33660.0
7423,942.3,35300.0
7424,942.4,36910.0
7425,942.5,38473.553
7426,942.6,39980.0
7427,942.7,41420.0
7428,942.8,42780.0
7429,942.9,44047.5
7430,943.0,45210.0
7431,943.1,46260.0
7432,943.2,47200.0
7433,943.3,48003.952
7434,943.4,48670.0
7435,943.5,49200.0
7436,943.6,49580.0
7437,943.7,49807.044
7438,943.8,49880.0
7439,943.9,49800.0
7440,944.0,49575.296
7441,944.1,49200.0
7442,944.2,48670.0
7443,944.3,48000.0
7444,944.4,47192.98
7445,944.5,46260.0
7446,944.6,45210.0
7447,944.7,44040.0
7448,944.8,42774.392
7449,944.9,41420.0
7450,945.0,39980.0
7451,945.1,38470.0
7452,945.2,36906.02
7453,945.3,35300.0
7454,945.4,33660.0
7455,945.5,31990.0
7456,945.6,30315.171
7457,945.7,28640.0
7458,945.8,26970.0
7459,945.9,25330.0
7460,946.0,23709.04
7461,946.1,22120.0
7462,946.2,20580.0
7463,946.3,19088.497
7464,946.4,17650.0
7465,946.5,16270.0
7466,946.6,14950.0
7467,946.7,13696.561
7468,946.8,12510.0
7469,946.9,11390.0
7470,947.0,10340.0
7471,947.1,9357.355
7472,947.2,8441.0
7473,947.3,7591.0
7474,947.4,6807.0
7475,947.5,6084.707
7476,947.6,5422.0
7477,947.7,4817.0
7478,947.8,4266.0
7479,947.9,3766.739
7480,948.0,3316.0
7481,948.1,2910.0
7482,948.2,2545.0
7483,948.3,2219.455
7484,948.4,1930.0
7485,948.5,1673.0
7486,948.6,1446.0
7487,948.7,1245.857
7488,948.8,1070.0
7489,948.9,916.1
7490,949.0,781.928
7491,949.1,665.4
7492,949.2,564.5
7493,949.3,477.4
7494,949.4,402.525
7495,949.5,338.4
7496,949.6,283.6
7497,949.7,236.9
7498,949.8,197.273
7499,949.9,163.8
7500,950.0,135.6
7501,950.1,111.9
7502,950.2,92.057
7503,950.3,75.51
7504,950.4,61.74
7505,950.5,50.33
7506,950.6,40.895
7507,950.7,33.13
7508,950.8,26.76
7509,950.9,21.55
7510,951.0,17.296
7511,951.1,13.84
7512,951.2,11.04
7513,951.3,8.779
7514,951.4,6.963
7515,951.5,5.504
7516,951.6,4.337
7517,951.7,3.407
7518,951.8,2.669
7519,951.9,2.084
7520,952.0,1.622
7521,952.1,1.258
7522,952.2,0.974
7523,952.3,0.751
7524,952.4,0.578
7525,952.5,0.443
7526,952.6,0.338
7527,952.7,0.258
7528,952.8,0.196
7529,952.9,0.148
7530,953.0,0.112
7531,953.1,0.084
7532,953.2,0.063
7533,953.3,0.047
7534,953.4,0.035
7535,953.5,0.026
7536,953.6,0.019
7537,953.7,0.014
7538,953.8,0.011
7539,953.9,0.008
7540,954.0,0.006
7541,954.1,0.004
7542,954.2,0.003
7543,954.3,0.002
7544,954.4,0.002
7545,954.5,0.001
7546,954.6,0.001
7547,954.7,0.001
7548,954.8,0.0
7549,954.9,0.0
7550,955.0,0.0
7551,955.1,0.0
7552,955.2,0.0
7553,955.3,0.0
7554,955.4,0.0
7555,955.5,0.0
7556,955.6,0.0
7557,955.7,0.0
7558,955.8,0.0
7559,955.9,0.0
7560,956.0,0.0
7561,956.1,0.0
7562,956.2,0.0
7563,956.3,0.0
7564,956.4,0.0
7565,956.5,0.0
7566,956.6,0.0
7567,956.7,0.0
7568,956.8,0.0
7569,956.9,0.0
7570,957.0,0.0
7571,957.1,0.0
7572,957.2,0.0
7573,957.3,0.0
7574,957.4,0.0
7575,957.5,0.0
7576,957.6,0.0
7577,957.7,0.0
7578,957.8,0.0
7579,957.9,0.0
7580,958.0,0.0
7581,958.1,0.0
7582,958.2,0.0
7583,958.3,0.0
7584,958.4,0.0
7585,958.5,0.0
7586,958.6,0.0
7587,958.7,0.0
7588,958.8,0.0
7589,958.9,0.0
7590,959.0,0.0
7591,959.1,0.0
7592,959.2,0.0
7593,959.3,0.0
7594,959.4,0.0
7595,959.5,0.0
7596,959.6,0.0
7597,959.7,0.0
7598,959.8,0.0
7599,959.9,0.0
7600,960.0,0.0
7601,960.1,0.0
7602,960.2,0.0
7603,960.3,0.0
7604,960.4,0.0
7605,960.5,0.0
7606,960.6,0.0
7607,960.7,0.0
7608,960.8,0.0
7609,960.9,0.0
7610,961.0,0.0
7611,961.1,0.0
7612,961.2,0.0
7613,961.3,0.0
7614,961.4,0.0
7615,961.5,0.0
7616,961.6,0.0
7617,961.7,0.0
7618,961.8,0.0
7619,961.9,0.0
7620,962.0,0.0
7621,962.1,0.0
7622,962.2,0.0
7623,962.3,0.0
7624,962.4,0.0
7625,962.5,0.0
7626,962.6,0.0
7627,962.7,0.0
7628,962.8,0.0
7629,962.9,0.0
7630,963.0,0.0
7631,963.1,0.0
7632,963.2,0.0
7633,963.3,0.0
7634,963.4,0.0
7635,963.5,0.0
7636,963.6,0.0
7637,963.7,0.0
7638,963.8,0.0
7639,963.9,0.0
7640,964.0,0.0
7641,964.1,0.0
7642,964.2,0.0
7643,964.3,0.0
7644,964.4,0.0
7645,964.5,0.0
7646,964.6,0.0
7647,964.7,0.0
7648,964.8,0.0
7649,964.9,0.0
7650,965.0,0.0
7651,965.1,0.0
7652,965.2,0.0
7653,965.3,0.0
7654,965.4,0.0
7655,965.5,0.0
7656,965.6,0.0
7657,965.7,0.0
7658,965.8,0.0
7659,965.9,0.0
7660,966.0,0.0
7661,966.1,0.0
7662,966.2,0.0
7663,966.3,0.0
7664,966.4,0.0
7665,966.5,0.0
7666,966.6,0.0
7667,966.7,0.0
7668,966.8,0.0
7669,966.9,0.0
7670,967.0,0.0
7671,967.1,0.0
7672,967.2,0.0
7673,967.3,0.0
7674,967.4,0.0
7675,967.5,0.0
7676,967.6,0.0
7677,967.7,0.0
7678,967.8,0.0
7679,967.9,0.0
7680,968.0,0.0
7681,968.1,0.0
7682,968.2,0.0
7683,968.3,0.0
7684,968.4,0.0
7685,968.5,0.0
7686,968.6,0.0
7687,968.7,0.0
7688,968.8,0.0
7689,968.9,0.0
7690,969.0,0.0
7691,969.1,0.0
7692,969.2,0.0
7693,969.3,0.0
7694,969.4,0.0
7695,969.5,0.0
7696,969.6,0.0
7697,969.7,0.0
7698,969.8,0.0
7699,969.9,0.0
7700,970.0,0.0
7701,970.1,0.0
7702,970.2,0.0
7703,970.3,0.0
7704,970.4,0.0
7705,970.5,0.0
7706,970.6,0.0
7707,970.7,0.0
7708,970.8,0.0
7709,970.9,0.0
7710,971.0,0.0
7711,971.1,0.0
7712,971.2,0.0
7713,971.3,0.0
7714,971.4,0.0
7715,971.5,0.0
7716,971.6,0.0
7717,971.7,0.0
7718,971.8,0.0
7719,971.9,0.0
7720,972.0,0.0
7721,972.1,0.0
7722,972.2,0.0
7723,972.3,0.0
7724,972.4,0.0
7725,972.5,0.0
7726,972.6,0.0
7727,972.7,0.0
7728,972.8,0.0
7729,972.9,0.0
7730,973.0,0.0
7731,973.1,0.0
7732,973.2,0.0
7733,973.3,0.0
7734,973.4,0.0
7735,973.5,0.0
7736,973.6,0.0
7737,973.7,0.0
7738,973.8,0.0
7739,973.9,0.0
7740,974.0,0.0
7741,974.1,0.0
7742,974.2,0.0
7743,974.3,0.0
7744,974.4,0.0
7745,974.5,0.0
7746,974.6,0.0
7747,974.7,0.0
7748,974.8,0.0
7749,974.9,0.0
7750,975.0,0.0
7751,975.1,0.0
7752,975.2,0.0
7753,975.3,0.0
7754,975.4,0.0
7755,975.5,0.0
7756,975.6,0.0
7757,975.7,0.0
7758,975.8,0.0
7759,975.9,0.0
7760,976.0,0.0
7761,976.1,0.0
7762,976.2,0.0
7763,976.3,0.0
7764,976.4,0.0
7765,976.5,0.0
7766,976.6,0.0
7767,976.7,0.0
7768,976.8,0.0
7769,976.9,0.0
7770,977.0,0.0
7771,977.1,0.0
7772,977.2,0.0
7773,977.3,0.0
7774,977.4,0.0
7775,977.5,0.0
7776,977.6,0.0
7777,977.7,0.0
7778,977.8,0.0
7779,977.9,0.0
7780,978.0,0.0
7781,978.1,0.0
7782,978.2,0.0
7783,978.3,0.0
7784,978.4,0.0
7785,978.5,0.0
7786,978.6,0.0
7787,978.7,0.0
7788,978.8,0.0
7789,978.9,0.0
7790,979.0,0.0
7791,979.1,0.0
7792,979.2,0.0
7793,979.3,0.0
7794,979.4,0.0
7795,979.5,0.0
7796,979.6,0.0
7797,979.7,0.0
7798,979.8,0.0
7799,979.9,0.0
7800,980.0,0.0
7801,980.1,0.0
7802,980.2,0.0
7803,980.3,0.0
7804,980.4,0.0
7805,980.5,0.0
7806,980.6,0.0
7807,980.7,0.0
7808,980.8,0.0
7809,980.9,0.0
7810,981.0,0.0
7811,981.1,0.0
7812,981.2,0.0
7813,981.3,0.0
7814,981.4,0.0
7815,981.5,0.0
7816,981.6,0.0
7817,981.7,0.0
7818,981.8,0.0
7819,981.9,0.0
7820,982.0,0.0
7821,982.1,0.0
7822,982.2,0.0
7823,982.3,0.0
7824,982.4,0.0
7825,982.5,0.0
7826,982.6,0.0
7827,982.7,0.0
7828,982.8,0.0
7829,982.9,0.0
7830,983.0,0.0
7831,983.1,0.0
7832,983.2,0.0
7833,983.3,0.0
7834,983.4,0.0
7835,983.5,0.0
7836,983.6,0.0
7837,983.7,0.0
7838,983.8,0.0
7839,983.9,0.0
7840,984.0,0.0
7841,984.1,0.0
7842,984.2,0.0
7843,984.3,0.0
7844,984.4,0.0
7845,984.5,0.0
7846,984.6,0.0
7847,984.7,0.0
7848,984.8,0.0
7849,984.9,0.0
7850,985.0,0.0
7851,985.1,0.0
7852,985.2,0.0
7853,985.3,0.0
7854,985.4,0.0
7855,985.5,0.0
7856,985.6,0.0
7857,985.7,0.0
7858,985.8,0.0
7859,985.9,0.0
7860,986.0,0.0
7861,986.1,0.0
7862,986.2,0.0
7863,986.3,0.0
7864,986.4,0.0
7865,986.5,0.0
7866,986.6,0.0
7867,986.7,0.0
7868,986.8,0.0
7869,986.9,0.0
7870,987.0,0.0
7871,987.1,0.0
7872,987.2,0.0
7873,987.3,0.0
7874,987.4,0.0
7875,987.5,0.0
7876,987.6,0.0
7877,987.7,0.0
7878,987.8,0.0
7879,987.9,0.0
7880,988.0,0.0
7881,988.1,0.0
7882,988.2,0.0
7883,988.3,0.0
7884,988.4,0.0
7885,988.5,0.0
7886,988.6,0.0
7887,988.7,0.0
7888,988.8,0.0
7889,988.9,0.0
7890,989.0,0.0
7891,989.1,0.0
7892,989.2,0.0
7893,989.3,0.0
7894,989.4,0.0
7895,989.5,0.0
7896,989.6,0.0
7897,989.7,0.0
7898,989.8,0.0
7899,989.9,0.0
7900,990.0,0.0
7901,990.1,0.0
7902,990.2,0.0
7903,990.3,0.0
7904,990.4,0.0
7905,990.5,0.0
7906,990.6,0.0
7907,990.7,0.0
7908,990.8,0.0
7909,990.9,0.0
7910,991.0,0.0
7911,991.1,0.0
7912,991.2,0.0
7913,991.3,0.0
7914,991.4,0.0
7915,991.5,0.0
7916,991.6,0.0
7917,991.7,0.0
7918,991.8,0.0
7919,991.9,0.0
7920,992.0,0.0
7921,992.1,0.0
7922,992.2,0.0
7923,992.3,0.0
7924,992.4,0.0
7925,992.5,0.0
7926,992.6,0.0
7927,992.7,0.0
7928,992.8,0.0
7929,992.9,0.0
7930,993.0,0.0
7931,993.1,0.0
7932,993.2,0.0
7933,993.3,0.0
7934,993.4,0.0
7935,993.5,0.0
7936,993.6,0.0
7937,993.7,0.0
7938,993.8,0.0
7939,993.9,0.0
7940,994.0,0.0
7941,994.1,0.0
7942,994.2,0.0
7943,994.3,0.0
7944,994.4,0.0
7945,994.5,0.0
7946,994.6,0.0
7947,994.7,0.0
7948,994.8,0.0
7949,994.9,0.0
7950,995.0,0.0
7951,995.1,0.0
7952,995.2,0.0
7953,995.3,0.0
7954,995.4,0.0
7955,995.5,0.0
7956,995.6,0.0
7957,995.7,0.0
7958,995.8,0.0
7959,995.9,0.0
7960,996.0,0.0
7961,996.1,0.0
7962,996.2,0.0
7963,996.3,0.0
7964,996.4,0.0
7965,996.5,0.0
7966,996.6,0.0
7967,996.7,0.0
7968,996.8,0.0
7969,996.9,0.0
7970,997.0,0.0
7971,997.1,0.0
7972,997.2,0.0
7973,997.3,0.0
7974,997.4,0.0
7975,997.5,0.0
7976,997.6,0.0
7977,997.7,0.0
7978,997.8,0.0
7979,997.9,0.0
7980,998.0,0.0
7981,998.1,0.0
7982,998.2,0.0
7983,998.3,0.0
7984,998.4,0.0
7985,998.5,0.0
7986,998.6,0.0
7987,998.7,0.0
7988,998.8,0.0
7989,998.9,0.0
7990,999.0,0.0
7991,999.1,0.0
7992,999.2,0.0
7993,999.3,0.0
7994,999.4,0.0
7995,999.5,0.0
7996,999.6,0.0
7997,999.7,0.0
7998,999.8,0.0
7999,999.9,0.0
